rx_wall_time,timestamp_ms,priority,src,src_name,dst,dst_name,cls,cls_name,opcode,opcode_name,p2,p3,p4,p5,p6,p7,can_id_hex
1777195735.969,79337,6,4,ADCS,8,SOLAR,2,COMMAND,81,SET_MAG_DIPOLE,128,1,128,1,0,0,0x18010202
1777195736.871,80352,6,4,ADCS,8,SOLAR,2,COMMAND,81,SET_MAG_DIPOLE,128,1,128,1,0,0,0x18010202
1777195737.888,81368,6,4,ADCS,8,SOLAR,2,COMMAND,81,SET_MAG_DIPOLE,128,1,128,1,0,0,0x18010202
1777195752.943,5294,6,4,ADCS,8,SOLAR,2,COMMAND,81,SET_MAG_DIPOLE,128,1,128,1,0,0,0x18010202
1777195753.958,6308,6,4,ADCS,8,SOLAR,2,COMMAND,81,SET_MAG_DIPOLE,128,1,128,1,0,0,0x18010202
1777195754.977,7323,6,4,ADCS,8,SOLAR,2,COMMAND,81,SET_MAG_DIPOLE,128,1,128,1,0,0,0x18010202
1777195756.004,8337,6,4,ADCS,8,SOLAR,2,COMMAND,81,SET_MAG_DIPOLE,128,1,128,1,0,0,0x18010202
1777195757.017,9351,6,4,ADCS,8,SOLAR,2,COMMAND,81,SET_MAG_DIPOLE,128,1,128,1,0,0,0x18010202
1777195758.038,10365,6,4,ADCS,8,SOLAR,2,COMMAND,81,SET_MAG_DIPOLE,128,1,128,1,0,0,0x18010202
1777195759.029,11379,6,4,ADCS,8,SOLAR,2,COMMAND,81,SET_MAG_DIPOLE,128,1,128,1,0,0,0x18010202
1777195760.043,12393,6,4,ADCS,8,SOLAR,2,COMMAND,81,SET_MAG_DIPOLE,128,1,128,1,0,0,0x18010202
1777195761.058,13408,6,4,ADCS,8,SOLAR,2,COMMAND,81,SET_MAG_DIPOLE,128,1,128,1,0,0,0x18010202
1777195762.062,14422,6,4,ADCS,8,SOLAR,2,COMMAND,81,SET_MAG_DIPOLE,128,1,128,1,0,0,0x18010202
1777195763.086,15436,6,4,ADCS,8,SOLAR,2,COMMAND,81,SET_MAG_DIPOLE,128,1,128,1,0,0,0x18010202
1777195764.088,16450,6,4,ADCS,8,SOLAR,2,COMMAND,81,SET_MAG_DIPOLE,128,1,128,1,0,0,0x18010202
1777195765.116,17464,6,4,ADCS,8,SOLAR,2,COMMAND,81,SET_MAG_DIPOLE,128,1,128,1,0,0,0x18010202
1777195766.138,18478,6,4,ADCS,8,SOLAR,2,COMMAND,81,SET_MAG_DIPOLE,128,1,128,1,0,0,0x18010202
1777195767.165,19492,6,4,ADCS,8,SOLAR,2,COMMAND,81,SET_MAG_DIPOLE,128,1,128,1,0,0,0x18010202
1777195768.196,20507,6,4,ADCS,8,SOLAR,2,COMMAND,81,SET_MAG_DIPOLE,128,1,128,1,0,0,0x18010202
1777195769.210,21521,6,4,ADCS,8,SOLAR,2,COMMAND,81,SET_MAG_DIPOLE,128,1,128,1,0,0,0x18010202
1777195770.185,22535,6,4,ADCS,8,SOLAR,2,COMMAND,81,SET_MAG_DIPOLE,128,1,128,1,0,0,0x18010202
1777195771.199,23549,6,4,ADCS,8,SOLAR,2,COMMAND,81,SET_MAG_DIPOLE,128,1,128,1,0,0,0x18010202
1777195772.214,24564,6,4,ADCS,8,SOLAR,2,COMMAND,81,SET_MAG_DIPOLE,128,1,128,1,0,0,0x18010202
1777195773.236,25578,6,4,ADCS,8,SOLAR,2,COMMAND,81,SET_MAG_DIPOLE,128,1,128,1,0,0,0x18010202
1777195774.242,26592,6,4,ADCS,8,SOLAR,2,COMMAND,81,SET_MAG_DIPOLE,128,1,128,1,0,0,0x18010202
1777195775.257,27607,6,4,ADCS,8,SOLAR,2,COMMAND,81,SET_MAG_DIPOLE,128,1,128,1,0,0,0x18010202
1777195776.271,28621,6,4,ADCS,8,SOLAR,2,COMMAND,81,SET_MAG_DIPOLE,128,1,128,1,0,0,0x18010202
1777195777.300,29635,6,4,ADCS,8,SOLAR,2,COMMAND,81,SET_MAG_DIPOLE,128,1,128,1,0,0,0x18010202
1777195778.326,30649,6,4,ADCS,8,SOLAR,2,COMMAND,81,SET_MAG_DIPOLE,128,1,128,1,0,0,0x18010202
1777195779.337,31664,6,4,ADCS,8,SOLAR,2,COMMAND,81,SET_MAG_DIPOLE,128,1,128,1,0,0,0x18010202
1777195780.329,32678,6,4,ADCS,8,SOLAR,2,COMMAND,81,SET_MAG_DIPOLE,128,1,128,1,0,0,0x18010202
1777195781.343,33692,6,4,ADCS,8,SOLAR,2,COMMAND,81,SET_MAG_DIPOLE,128,1,128,1,0,0,0x18010202
1777195782.368,34706,6,4,ADCS,8,SOLAR,2,COMMAND,81,SET_MAG_DIPOLE,128,1,128,1,0,0,0x18010202
1777195783.367,35720,6,4,ADCS,8,SOLAR,2,COMMAND,81,SET_MAG_DIPOLE,128,1,128,1,0,0,0x18010202
1777195784.385,36735,6,4,ADCS,8,SOLAR,2,COMMAND,81,SET_MAG_DIPOLE,128,1,128,1,0,0,0x18010202
1777195785.400,37749,6,4,ADCS,8,SOLAR,2,COMMAND,81,SET_MAG_DIPOLE,128,1,128,1,0,0,0x18010202
1777195786.414,38763,6,4,ADCS,8,SOLAR,2,COMMAND,81,SET_MAG_DIPOLE,128,1,128,1,0,0,0x18010202
1777195787.436,39777,6,4,ADCS,8,SOLAR,2,COMMAND,81,SET_MAG_DIPOLE,128,1,128,1,0,0,0x18010202
1777195788.467,40792,6,4,ADCS,8,SOLAR,2,COMMAND,81,SET_MAG_DIPOLE,128,1,128,1,0,0,0x18010202
1777195789.494,41806,6,4,ADCS,8,SOLAR,2,COMMAND,81,SET_MAG_DIPOLE,128,1,128,1,0,0,0x18010202
1777195790.514,42820,6,4,ADCS,8,SOLAR,2,COMMAND,81,SET_MAG_DIPOLE,128,1,128,1,0,0,0x18010202
1777195791.485,43834,6,4,ADCS,8,SOLAR,2,COMMAND,81,SET_MAG_DIPOLE,128,1,128,1,0,0,0x18010202
1777195792.500,44849,6,4,ADCS,8,SOLAR,2,COMMAND,81,SET_MAG_DIPOLE,128,1,128,1,0,0,0x18010202
1777195793.513,45863,6,4,ADCS,8,SOLAR,2,COMMAND,81,SET_MAG_DIPOLE,128,1,128,1,0,0,0x18010202
1777195794.528,46877,6,4,ADCS,8,SOLAR,2,COMMAND,81,SET_MAG_DIPOLE,128,1,128,1,0,0,0x18010202
1777195795.543,47892,6,4,ADCS,8,SOLAR,2,COMMAND,81,SET_MAG_DIPOLE,128,1,128,1,0,0,0x18010202
1777195796.557,48906,6,4,ADCS,8,SOLAR,2,COMMAND,81,SET_MAG_DIPOLE,128,1,128,1,0,0,0x18010202
1777195797.577,49920,6,4,ADCS,8,SOLAR,2,COMMAND,81,SET_MAG_DIPOLE,128,1,128,1,0,0,0x18010202
1777195798.603,50934,6,4,ADCS,8,SOLAR,2,COMMAND,81,SET_MAG_DIPOLE,128,1,128,1,0,0,0x18010202
1777195799.627,51949,6,4,ADCS,8,SOLAR,2,COMMAND,81,SET_MAG_DIPOLE,128,1,128,1,0,0,0x18010202
1777195800.645,52963,6,4,ADCS,8,SOLAR,2,COMMAND,81,SET_MAG_DIPOLE,128,1,128,1,0,0,0x18010202
1777195801.629,53977,6,4,ADCS,8,SOLAR,2,COMMAND,81,SET_MAG_DIPOLE,128,1,128,1,0,0,0x18010202
1777195802.643,54992,6,4,ADCS,8,SOLAR,2,COMMAND,81,SET_MAG_DIPOLE,128,1,128,1,0,0,0x18010202
1777195803.657,56006,6,4,ADCS,8,SOLAR,2,COMMAND,81,SET_MAG_DIPOLE,128,1,128,1,0,0,0x18010202
1777195804.665,57020,6,4,ADCS,8,SOLAR,2,COMMAND,81,SET_MAG_DIPOLE,128,1,128,1,0,0,0x18010202
1777195805.686,58035,6,4,ADCS,8,SOLAR,2,COMMAND,81,SET_MAG_DIPOLE,128,1,128,1,0,0,0x18010202
1777195806.700,59049,6,4,ADCS,8,SOLAR,2,COMMAND,81,SET_MAG_DIPOLE,128,1,128,1,0,0,0x18010202
1777195807.714,60063,6,4,ADCS,8,SOLAR,2,COMMAND,81,SET_MAG_DIPOLE,128,1,128,1,0,0,0x18010202
1777195808.736,61078,6,4,ADCS,8,SOLAR,2,COMMAND,81,SET_MAG_DIPOLE,128,1,128,1,0,0,0x18010202
1777195809.760,62092,6,4,ADCS,8,SOLAR,2,COMMAND,81,SET_MAG_DIPOLE,128,1,128,1,0,0,0x18010202
1777195810.788,63106,6,4,ADCS,8,SOLAR,2,COMMAND,81,SET_MAG_DIPOLE,128,1,128,1,0,0,0x18010202
1777195811.812,64121,6,4,ADCS,8,SOLAR,2,COMMAND,81,SET_MAG_DIPOLE,128,1,128,1,0,0,0x18010202
1777195812.785,65135,6,4,ADCS,8,SOLAR,2,COMMAND,81,SET_MAG_DIPOLE,128,1,128,1,0,0,0x18010202
1777195813.800,66149,6,4,ADCS,8,SOLAR,2,COMMAND,81,SET_MAG_DIPOLE,128,1,128,1,0,0,0x18010202
1777195814.815,67164,6,4,ADCS,8,SOLAR,2,COMMAND,81,SET_MAG_DIPOLE,128,1,128,1,0,0,0x18010202
1777195815.829,68178,6,4,ADCS,8,SOLAR,2,COMMAND,81,SET_MAG_DIPOLE,128,1,128,1,0,0,0x18010202
1777195816.844,69193,6,4,ADCS,8,SOLAR,2,COMMAND,81,SET_MAG_DIPOLE,128,1,128,1,0,0,0x18010202
1777195817.857,70207,6,4,ADCS,8,SOLAR,2,COMMAND,81,SET_MAG_DIPOLE,128,1,128,1,0,0,0x18010202
1777195818.872,71221,6,4,ADCS,8,SOLAR,2,COMMAND,81,SET_MAG_DIPOLE,128,1,128,1,0,0,0x18010202
1777195819.902,72236,6,4,ADCS,8,SOLAR,2,COMMAND,81,SET_MAG_DIPOLE,128,1,128,1,0,0,0x18010202
1777195820.912,73250,6,4,ADCS,8,SOLAR,2,COMMAND,81,SET_MAG_DIPOLE,128,1,128,1,0,0,0x18010202
1777195821.939,74264,6,4,ADCS,8,SOLAR,2,COMMAND,81,SET_MAG_DIPOLE,128,1,128,1,0,0,0x18010202
1777195822.930,75279,6,4,ADCS,8,SOLAR,2,COMMAND,81,SET_MAG_DIPOLE,128,1,128,1,0,0,0x18010202
1777195823.944,76293,6,4,ADCS,8,SOLAR,2,COMMAND,81,SET_MAG_DIPOLE,128,1,128,1,0,0,0x18010202
1777195824.958,77307,6,4,ADCS,8,SOLAR,2,COMMAND,81,SET_MAG_DIPOLE,128,1,128,1,0,0,0x18010202
1777195825.973,78322,6,4,ADCS,8,SOLAR,2,COMMAND,81,SET_MAG_DIPOLE,128,1,128,1,0,0,0x18010202
1777195826.987,79336,6,4,ADCS,8,SOLAR,2,COMMAND,81,SET_MAG_DIPOLE,128,1,128,1,0,0,0x18010202
1777195828.002,80351,6,4,ADCS,8,SOLAR,2,COMMAND,81,SET_MAG_DIPOLE,128,1,128,1,0,0,0x18010202
1777195829.016,81365,6,4,ADCS,8,SOLAR,2,COMMAND,81,SET_MAG_DIPOLE,128,1,128,1,0,0,0x18010202
1777195830.030,82379,6,4,ADCS,8,SOLAR,2,COMMAND,81,SET_MAG_DIPOLE,128,1,128,1,0,0,0x18010202
1777195831.058,83394,6,4,ADCS,8,SOLAR,2,COMMAND,81,SET_MAG_DIPOLE,128,1,128,1,0,0,0x18010202
1777195832.074,84408,6,4,ADCS,8,SOLAR,2,COMMAND,81,SET_MAG_DIPOLE,128,1,128,1,0,0,0x18010202
1777195833.102,85422,6,4,ADCS,8,SOLAR,2,COMMAND,81,SET_MAG_DIPOLE,128,1,128,1,0,0,0x18010202
1777195834.090,86437,6,4,ADCS,8,SOLAR,2,COMMAND,81,SET_MAG_DIPOLE,128,1,128,1,0,0,0x18010202
1777195835.103,87451,6,4,ADCS,8,SOLAR,2,COMMAND,81,SET_MAG_DIPOLE,128,1,128,1,0,0,0x18010202
1777195836.117,88466,6,4,ADCS,8,SOLAR,2,COMMAND,81,SET_MAG_DIPOLE,128,1,128,1,0,0,0x18010202
1777195837.131,89480,6,4,ADCS,8,SOLAR,2,COMMAND,81,SET_MAG_DIPOLE,128,1,128,1,0,0,0x18010202
1777195838.147,90495,6,4,ADCS,8,SOLAR,2,COMMAND,81,SET_MAG_DIPOLE,128,1,128,1,0,0,0x18010202
1777195839.164,91509,6,4,ADCS,8,SOLAR,2,COMMAND,81,SET_MAG_DIPOLE,128,1,128,1,0,0,0x18010202
1777195840.177,92523,6,4,ADCS,8,SOLAR,2,COMMAND,81,SET_MAG_DIPOLE,128,1,128,1,0,0,0x18010202
1777195841.195,93538,6,4,ADCS,8,SOLAR,2,COMMAND,81,SET_MAG_DIPOLE,128,1,128,1,0,0,0x18010202
1777195842.213,94552,6,4,ADCS,8,SOLAR,2,COMMAND,81,SET_MAG_DIPOLE,128,1,128,1,0,0,0x18010202
1777195843.250,95567,6,4,ADCS,8,SOLAR,2,COMMAND,81,SET_MAG_DIPOLE,128,1,128,1,0,0,0x18010202
1777195844.270,96581,6,4,ADCS,8,SOLAR,2,COMMAND,81,SET_MAG_DIPOLE,128,1,128,1,0,0,0x18010202
1777195845.246,97595,6,4,ADCS,8,SOLAR,2,COMMAND,81,SET_MAG_DIPOLE,128,1,128,1,0,0,0x18010202
1777195846.261,98610,6,4,ADCS,8,SOLAR,2,COMMAND,81,SET_MAG_DIPOLE,128,1,128,1,0,0,0x18010202
1777195847.275,99624,6,4,ADCS,8,SOLAR,2,COMMAND,81,SET_MAG_DIPOLE,128,1,128,1,0,0,0x18010202
1777195848.291,100640,6,4,ADCS,8,SOLAR,2,COMMAND,81,SET_MAG_DIPOLE,128,1,128,1,0,0,0x18010202
1777195849.304,101653,6,4,ADCS,8,SOLAR,2,COMMAND,81,SET_MAG_DIPOLE,128,1,128,1,0,0,0x18010202
1777195850.322,102667,6,4,ADCS,8,SOLAR,2,COMMAND,81,SET_MAG_DIPOLE,128,1,128,1,0,0,0x18010202
1777195851.334,103682,6,4,ADCS,8,SOLAR,2,COMMAND,81,SET_MAG_DIPOLE,128,1,128,1,0,0,0x18010202
1777195852.357,104696,6,4,ADCS,8,SOLAR,2,COMMAND,81,SET_MAG_DIPOLE,128,1,128,1,0,0,0x18010202
1777195853.386,105710,6,4,ADCS,8,SOLAR,2,COMMAND,81,SET_MAG_DIPOLE,128,1,128,1,0,0,0x18010202
1777195854.403,106725,6,4,ADCS,8,SOLAR,2,COMMAND,81,SET_MAG_DIPOLE,128,1,128,1,0,0,0x18010202
1777195855.391,107739,6,4,ADCS,8,SOLAR,2,COMMAND,81,SET_MAG_DIPOLE,128,1,128,1,0,0,0x18010202
1777195856.405,108753,6,4,ADCS,8,SOLAR,2,COMMAND,81,SET_MAG_DIPOLE,128,1,128,1,0,0,0x18010202
1777195857.420,109768,6,4,ADCS,8,SOLAR,2,COMMAND,81,SET_MAG_DIPOLE,128,1,128,1,0,0,0x18010202
1777195858.434,110782,6,4,ADCS,8,SOLAR,2,COMMAND,81,SET_MAG_DIPOLE,128,1,128,1,0,0,0x18010202
1777195859.448,111796,6,4,ADCS,8,SOLAR,2,COMMAND,81,SET_MAG_DIPOLE,128,1,128,1,0,0,0x18010202
1777195860.462,112811,6,4,ADCS,8,SOLAR,2,COMMAND,81,SET_MAG_DIPOLE,128,1,128,1,0,0,0x18010202
1777195861.477,113825,6,4,ADCS,8,SOLAR,2,COMMAND,81,SET_MAG_DIPOLE,128,1,128,1,0,0,0x18010202
1777195862.496,114839,6,4,ADCS,8,SOLAR,2,COMMAND,81,SET_MAG_DIPOLE,128,1,128,1,0,0,0x18010202
1777195863.527,115853,6,4,ADCS,8,SOLAR,2,COMMAND,81,SET_MAG_DIPOLE,128,1,128,1,0,0,0x18010202
1777195864.548,116868,6,4,ADCS,8,SOLAR,2,COMMAND,81,SET_MAG_DIPOLE,128,1,128,1,0,0,0x18010202
1777195865.571,117882,6,4,ADCS,8,SOLAR,2,COMMAND,81,SET_MAG_DIPOLE,128,1,128,1,0,0,0x18010202
1777195866.550,118896,6,4,ADCS,8,SOLAR,2,COMMAND,81,SET_MAG_DIPOLE,128,1,128,1,0,0,0x18010202
1777195867.563,119911,6,4,ADCS,8,SOLAR,2,COMMAND,81,SET_MAG_DIPOLE,128,1,128,1,0,0,0x18010202
1777195868.577,120925,6,4,ADCS,8,SOLAR,2,COMMAND,81,SET_MAG_DIPOLE,128,1,128,1,0,0,0x18010202
1777195869.591,121939,6,4,ADCS,8,SOLAR,2,COMMAND,81,SET_MAG_DIPOLE,128,1,128,1,0,0,0x18010202
1777195870.605,122953,6,4,ADCS,8,SOLAR,2,COMMAND,81,SET_MAG_DIPOLE,128,1,128,1,0,0,0x18010202
1777195871.628,123967,6,4,ADCS,8,SOLAR,2,COMMAND,81,SET_MAG_DIPOLE,128,1,128,1,0,0,0x18010202
1777195872.634,124982,6,4,ADCS,8,SOLAR,2,COMMAND,81,SET_MAG_DIPOLE,128,1,128,1,0,0,0x18010202
1777195873.655,125996,6,4,ADCS,8,SOLAR,2,COMMAND,81,SET_MAG_DIPOLE,128,1,128,1,0,0,0x18010202
1777195874.685,127010,6,4,ADCS,8,SOLAR,2,COMMAND,81,SET_MAG_DIPOLE,128,1,128,1,0,0,0x18010202
1777195875.709,128024,6,4,ADCS,8,SOLAR,2,COMMAND,81,SET_MAG_DIPOLE,128,1,128,1,0,0,0x18010202
1777195876.691,129039,6,4,ADCS,8,SOLAR,2,COMMAND,81,SET_MAG_DIPOLE,128,1,128,1,0,0,0x18010202
1777195877.705,130053,6,4,ADCS,8,SOLAR,2,COMMAND,81,SET_MAG_DIPOLE,128,1,128,1,0,0,0x18010202
1777195878.718,131067,6,4,ADCS,8,SOLAR,2,COMMAND,81,SET_MAG_DIPOLE,128,1,128,1,0,0,0x18010202
1777195879.734,132081,6,4,ADCS,8,SOLAR,2,COMMAND,81,SET_MAG_DIPOLE,128,1,128,1,0,0,0x18010202
1777195880.737,133096,6,4,ADCS,8,SOLAR,2,COMMAND,81,SET_MAG_DIPOLE,128,1,128,1,0,0,0x18010202
1777195881.762,134110,6,4,ADCS,8,SOLAR,2,COMMAND,81,SET_MAG_DIPOLE,128,1,128,1,0,0,0x18010202
1777195882.776,135124,6,4,ADCS,8,SOLAR,2,COMMAND,81,SET_MAG_DIPOLE,128,1,128,1,0,0,0x18010202
1777195883.797,136138,6,4,ADCS,8,SOLAR,2,COMMAND,81,SET_MAG_DIPOLE,128,1,128,1,0,0,0x18010202
1777195884.825,137152,6,4,ADCS,8,SOLAR,2,COMMAND,81,SET_MAG_DIPOLE,128,1,128,1,0,0,0x18010202
1777195885.839,138166,6,4,ADCS,8,SOLAR,2,COMMAND,81,SET_MAG_DIPOLE,128,1,128,1,0,0,0x18010202
1777195886.873,139181,6,4,ADCS,8,SOLAR,2,COMMAND,81,SET_MAG_DIPOLE,128,1,128,1,0,0,0x18010202
1777195887.847,140195,6,4,ADCS,8,SOLAR,2,COMMAND,81,SET_MAG_DIPOLE,128,1,128,1,0,0,0x18010202
1777195888.860,141209,6,4,ADCS,8,SOLAR,2,COMMAND,81,SET_MAG_DIPOLE,128,1,128,1,0,0,0x18010202
1777195889.877,142224,6,4,ADCS,8,SOLAR,2,COMMAND,81,SET_MAG_DIPOLE,128,1,128,1,0,0,0x18010202
1777195890.890,143238,6,4,ADCS,8,SOLAR,2,COMMAND,81,SET_MAG_DIPOLE,128,1,128,1,0,0,0x18010202
1777195891.904,144252,6,4,ADCS,8,SOLAR,2,COMMAND,81,SET_MAG_DIPOLE,128,1,128,1,0,0,0x18010202
1777195892.918,145266,6,4,ADCS,8,SOLAR,2,COMMAND,81,SET_MAG_DIPOLE,128,1,128,1,0,0,0x18010202
1777195893.935,146280,6,4,ADCS,8,SOLAR,2,COMMAND,81,SET_MAG_DIPOLE,128,1,128,1,0,0,0x18010202
1777195894.956,147294,6,4,ADCS,8,SOLAR,2,COMMAND,81,SET_MAG_DIPOLE,128,1,128,1,0,0,0x18010202
1777195895.984,148308,6,4,ADCS,8,SOLAR,2,COMMAND,81,SET_MAG_DIPOLE,128,1,128,1,0,0,0x18010202
1777195897.009,149323,6,4,ADCS,8,SOLAR,2,COMMAND,81,SET_MAG_DIPOLE,128,1,128,1,0,0,0x18010202
1777195897.991,150339,6,4,ADCS,8,SOLAR,2,COMMAND,81,SET_MAG_DIPOLE,128,1,128,1,0,0,0x18010202
1777195899.003,151351,6,4,ADCS,8,SOLAR,2,COMMAND,81,SET_MAG_DIPOLE,128,1,128,1,0,0,0x18010202
1777195900.017,152365,6,4,ADCS,8,SOLAR,2,COMMAND,81,SET_MAG_DIPOLE,128,1,128,1,0,0,0x18010202
1777195901.034,153380,6,4,ADCS,8,SOLAR,2,COMMAND,81,SET_MAG_DIPOLE,128,1,128,1,0,0,0x18010202
1777195902.046,154394,6,4,ADCS,8,SOLAR,2,COMMAND,81,SET_MAG_DIPOLE,128,1,128,1,0,0,0x18010202
1777195903.061,155408,6,4,ADCS,8,SOLAR,2,COMMAND,81,SET_MAG_DIPOLE,128,1,128,1,0,0,0x18010202
1777195904.076,156423,6,4,ADCS,8,SOLAR,2,COMMAND,81,SET_MAG_DIPOLE,128,1,128,1,0,0,0x18010202
1777195905.095,157437,6,4,ADCS,8,SOLAR,2,COMMAND,81,SET_MAG_DIPOLE,128,1,128,1,0,0,0x18010202
1777195906.112,158451,6,4,ADCS,8,SOLAR,2,COMMAND,81,SET_MAG_DIPOLE,128,1,128,1,0,0,0x18010202
1777195907.147,159465,6,4,ADCS,8,SOLAR,2,COMMAND,81,SET_MAG_DIPOLE,128,1,128,1,0,0,0x18010202
1777195908.171,160479,6,4,ADCS,8,SOLAR,2,COMMAND,81,SET_MAG_DIPOLE,128,1,128,1,0,0,0x18010202
1777195909.151,161494,6,4,ADCS,8,SOLAR,2,COMMAND,81,SET_MAG_DIPOLE,128,1,128,1,0,0,0x18010202
1777195910.160,162508,6,4,ADCS,8,SOLAR,2,COMMAND,81,SET_MAG_DIPOLE,128,1,128,1,0,0,0x18010202
1777195911.174,163522,6,4,ADCS,8,SOLAR,2,COMMAND,81,SET_MAG_DIPOLE,128,1,128,1,0,0,0x18010202
1777195912.189,164536,6,4,ADCS,8,SOLAR,2,COMMAND,81,SET_MAG_DIPOLE,128,1,128,1,0,0,0x18010202
1777195913.202,165550,6,4,ADCS,8,SOLAR,2,COMMAND,81,SET_MAG_DIPOLE,128,1,128,1,0,0,0x18010202
1777195914.216,166564,6,4,ADCS,8,SOLAR,2,COMMAND,81,SET_MAG_DIPOLE,128,1,128,1,0,0,0x18010202
1777195915.234,167579,6,4,ADCS,8,SOLAR,2,COMMAND,81,SET_MAG_DIPOLE,128,1,128,1,0,0,0x18010202
1777195916.251,168593,6,4,ADCS,8,SOLAR,2,COMMAND,81,SET_MAG_DIPOLE,128,1,128,1,0,0,0x18010202
1777195917.285,169607,6,4,ADCS,8,SOLAR,2,COMMAND,81,SET_MAG_DIPOLE,128,1,128,1,0,0,0x18010202
1777195918.305,170621,6,4,ADCS,8,SOLAR,2,COMMAND,81,SET_MAG_DIPOLE,128,1,128,1,0,0,0x18010202
1777195919.288,171635,6,4,ADCS,8,SOLAR,2,COMMAND,81,SET_MAG_DIPOLE,128,1,128,1,0,0,0x18010202
1777195920.303,172650,6,4,ADCS,8,SOLAR,2,COMMAND,81,SET_MAG_DIPOLE,128,1,128,1,0,0,0x18010202
1777195921.316,173664,6,4,ADCS,8,SOLAR,2,COMMAND,81,SET_MAG_DIPOLE,128,1,128,1,0,0,0x18010202
1777195922.331,174678,6,4,ADCS,8,SOLAR,2,COMMAND,81,SET_MAG_DIPOLE,128,1,128,1,0,0,0x18010202
1777195923.344,175692,6,4,ADCS,8,SOLAR,2,COMMAND,81,SET_MAG_DIPOLE,128,1,128,1,0,0,0x18010202
1777195924.359,176706,6,4,ADCS,8,SOLAR,2,COMMAND,81,SET_MAG_DIPOLE,128,1,128,1,0,0,0x18010202
1777195925.373,177720,6,4,ADCS,8,SOLAR,2,COMMAND,81,SET_MAG_DIPOLE,128,1,128,1,0,0,0x18010202
1777195926.399,178735,6,4,ADCS,8,SOLAR,2,COMMAND,81,SET_MAG_DIPOLE,128,1,128,1,0,0,0x18010202
1777195927.424,179749,6,4,ADCS,8,SOLAR,2,COMMAND,81,SET_MAG_DIPOLE,128,1,128,1,0,0,0x18010202
1777195928.440,180763,6,4,ADCS,8,SOLAR,2,COMMAND,81,SET_MAG_DIPOLE,128,1,128,1,0,0,0x18010202
1777195929.430,181777,6,4,ADCS,8,SOLAR,2,COMMAND,81,SET_MAG_DIPOLE,128,1,128,1,0,0,0x18010202
1777195930.446,182791,6,4,ADCS,8,SOLAR,2,COMMAND,81,SET_MAG_DIPOLE,128,1,128,1,0,0,0x18010202
1777195931.458,183805,6,4,ADCS,8,SOLAR,2,COMMAND,81,SET_MAG_DIPOLE,128,1,128,1,0,0,0x18010202
1777195932.467,184820,6,4,ADCS,8,SOLAR,2,COMMAND,81,SET_MAG_DIPOLE,128,1,128,1,0,0,0x18010202
1777195933.487,185834,6,4,ADCS,8,SOLAR,2,COMMAND,81,SET_MAG_DIPOLE,128,1,128,1,0,0,0x18010202
1777195934.501,186848,6,4,ADCS,8,SOLAR,2,COMMAND,81,SET_MAG_DIPOLE,128,1,128,1,0,0,0x18010202
1777195935.515,187862,6,4,ADCS,8,SOLAR,2,COMMAND,81,SET_MAG_DIPOLE,128,1,128,1,0,0,0x18010202
1777195936.541,188876,6,4,ADCS,8,SOLAR,2,COMMAND,81,SET_MAG_DIPOLE,128,1,128,1,0,0,0x18010202
1777195937.563,189891,6,4,ADCS,8,SOLAR,2,COMMAND,81,SET_MAG_DIPOLE,128,1,128,1,0,0,0x18010202
1777195938.587,190905,6,4,ADCS,8,SOLAR,2,COMMAND,81,SET_MAG_DIPOLE,128,1,128,1,0,0,0x18010202
1777195939.610,191919,6,4,ADCS,8,SOLAR,2,COMMAND,81,SET_MAG_DIPOLE,128,1,128,1,0,0,0x18010202
1777195940.585,192933,6,4,ADCS,8,SOLAR,2,COMMAND,81,SET_MAG_DIPOLE,128,1,128,1,0,0,0x18010202
1777195941.600,193947,6,4,ADCS,8,SOLAR,2,COMMAND,81,SET_MAG_DIPOLE,128,1,128,1,0,0,0x18010202
1777195942.613,194961,6,4,ADCS,8,SOLAR,2,COMMAND,81,SET_MAG_DIPOLE,128,1,128,1,0,0,0x18010202
1777195943.618,195975,6,4,ADCS,8,SOLAR,2,COMMAND,81,SET_MAG_DIPOLE,128,1,128,1,0,0,0x18010202
1777195944.643,196990,6,4,ADCS,8,SOLAR,2,COMMAND,81,SET_MAG_DIPOLE,128,1,128,1,0,0,0x18010202
1777195945.661,198004,6,4,ADCS,8,SOLAR,2,COMMAND,81,SET_MAG_DIPOLE,128,1,128,1,0,0,0x18010202
1777195946.673,199018,6,4,ADCS,8,SOLAR,2,COMMAND,81,SET_MAG_DIPOLE,128,1,128,1,0,0,0x18010202
1777195947.693,200032,6,4,ADCS,8,SOLAR,2,COMMAND,81,SET_MAG_DIPOLE,128,1,128,1,0,0,0x18010202
1777195948.713,201046,6,4,ADCS,8,SOLAR,2,COMMAND,81,SET_MAG_DIPOLE,128,1,128,1,0,0,0x18010202
1777195949.747,202060,6,4,ADCS,8,SOLAR,2,COMMAND,81,SET_MAG_DIPOLE,128,1,128,1,0,0,0x18010202
1777195950.729,203074,6,4,ADCS,8,SOLAR,2,COMMAND,81,SET_MAG_DIPOLE,128,1,128,1,0,0,0x18010202
1777195951.741,204088,6,4,ADCS,8,SOLAR,2,COMMAND,81,SET_MAG_DIPOLE,128,1,128,1,0,0,0x18010202
1777195952.755,205102,6,4,ADCS,8,SOLAR,2,COMMAND,81,SET_MAG_DIPOLE,128,1,128,1,0,0,0x18010202
1777195953.769,206116,6,4,ADCS,8,SOLAR,2,COMMAND,81,SET_MAG_DIPOLE,128,1,128,1,0,0,0x18010202
1777195954.782,207130,6,4,ADCS,8,SOLAR,2,COMMAND,81,SET_MAG_DIPOLE,128,1,128,1,0,0,0x18010202
1777195955.798,208145,6,4,ADCS,8,SOLAR,2,COMMAND,81,SET_MAG_DIPOLE,128,1,128,1,0,0,0x18010202
1777195956.816,209158,6,4,ADCS,8,SOLAR,2,COMMAND,81,SET_MAG_DIPOLE,128,1,128,1,0,0,0x18010202
1777195957.833,210173,6,4,ADCS,8,SOLAR,2,COMMAND,81,SET_MAG_DIPOLE,128,1,128,1,0,0,0x18010202
1777195958.860,211187,6,4,ADCS,8,SOLAR,2,COMMAND,81,SET_MAG_DIPOLE,128,1,128,1,0,0,0x18010202
1777195959.887,212201,6,4,ADCS,8,SOLAR,2,COMMAND,81,SET_MAG_DIPOLE,128,1,128,1,0,0,0x18010202
1777195960.868,213215,6,4,ADCS,8,SOLAR,2,COMMAND,81,SET_MAG_DIPOLE,128,1,128,1,0,0,0x18010202
1777195961.883,214229,6,4,ADCS,8,SOLAR,2,COMMAND,81,SET_MAG_DIPOLE,128,1,128,1,0,0,0x18010202
1777195962.896,215243,6,4,ADCS,8,SOLAR,2,COMMAND,81,SET_MAG_DIPOLE,128,1,128,1,0,0,0x18010202
1777195963.912,216258,6,4,ADCS,8,SOLAR,2,COMMAND,81,SET_MAG_DIPOLE,128,1,128,1,0,0,0x18010202
1777195964.919,217272,6,4,ADCS,8,SOLAR,2,COMMAND,81,SET_MAG_DIPOLE,128,1,128,1,0,0,0x18010202
1777195965.939,218286,6,4,ADCS,8,SOLAR,2,COMMAND,81,SET_MAG_DIPOLE,128,1,128,1,0,0,0x18010202
1777195966.953,219300,6,4,ADCS,8,SOLAR,2,COMMAND,81,SET_MAG_DIPOLE,128,1,128,1,0,0,0x18010202
1777195967.968,220314,6,4,ADCS,8,SOLAR,2,COMMAND,81,SET_MAG_DIPOLE,128,1,128,1,0,0,0x18010202
1777195968.985,221328,6,4,ADCS,8,SOLAR,2,COMMAND,81,SET_MAG_DIPOLE,128,1,128,1,0,0,0x18010202
1777195970.018,222342,6,4,ADCS,8,SOLAR,2,COMMAND,81,SET_MAG_DIPOLE,128,1,128,1,0,0,0x18010202
1777195971.041,223356,6,4,ADCS,8,SOLAR,2,COMMAND,81,SET_MAG_DIPOLE,128,1,128,1,0,0,0x18010202
1777195972.024,224371,6,4,ADCS,8,SOLAR,2,COMMAND,81,SET_MAG_DIPOLE,128,1,128,1,0,0,0x18010202
1777195973.039,225385,6,4,ADCS,8,SOLAR,2,COMMAND,81,SET_MAG_DIPOLE,128,1,128,1,0,0,0x18010202
1777195974.052,226399,6,4,ADCS,8,SOLAR,2,COMMAND,81,SET_MAG_DIPOLE,128,1,128,1,0,0,0x18010202
1777195975.066,227413,6,4,ADCS,8,SOLAR,2,COMMAND,81,SET_MAG_DIPOLE,128,1,128,1,0,0,0x18010202
1777195976.080,228427,6,4,ADCS,8,SOLAR,2,COMMAND,81,SET_MAG_DIPOLE,128,1,128,1,0,0,0x18010202
1777195977.091,229428,6,4,ADCS,8,SOLAR,2,COMMAND,81,SET_MAG_DIPOLE,128,1,128,1,0,0,0x18010202
1777195978.112,230429,6,4,ADCS,8,SOLAR,2,COMMAND,81,SET_MAG_DIPOLE,128,1,128,1,0,0,0x18010202
1777195979.085,231430,6,4,ADCS,8,SOLAR,2,COMMAND,81,SET_MAG_DIPOLE,128,1,128,1,0,0,0x18010202
1777195980.105,232451,6,4,ADCS,8,SOLAR,2,COMMAND,81,SET_MAG_DIPOLE,128,1,128,1,0,0,0x18010202
1777195981.170,233493,6,4,ADCS,8,SOLAR,2,COMMAND,81,SET_MAG_DIPOLE,128,1,128,1,0,0,0x18010202
1777195982.207,234535,6,4,ADCS,8,SOLAR,2,COMMAND,81,SET_MAG_DIPOLE,128,1,128,1,0,0,0x18010202
1777195983.234,235577,6,4,ADCS,8,SOLAR,2,COMMAND,81,SET_MAG_DIPOLE,128,1,128,1,0,0,0x18010202
1777195984.272,236619,6,4,ADCS,8,SOLAR,2,COMMAND,81,SET_MAG_DIPOLE,128,1,128,1,0,0,0x18010202
1777195985.314,237661,6,4,ADCS,8,SOLAR,2,COMMAND,81,SET_MAG_DIPOLE,128,1,128,1,0,0,0x18010202
1777195986.357,238703,6,4,ADCS,8,SOLAR,2,COMMAND,81,SET_MAG_DIPOLE,128,1,128,1,0,0,0x18010202
1777195987.429,239745,6,4,ADCS,8,SOLAR,2,COMMAND,81,SET_MAG_DIPOLE,128,1,128,1,0,0,0x18010202
1777195988.444,240787,6,4,ADCS,8,SOLAR,2,COMMAND,81,SET_MAG_DIPOLE,128,1,128,1,0,0,0x18010202
1777195989.483,241829,6,4,ADCS,8,SOLAR,2,COMMAND,81,SET_MAG_DIPOLE,128,1,128,1,0,0,0x18010202
1777195990.524,242871,6,4,ADCS,8,SOLAR,2,COMMAND,81,SET_MAG_DIPOLE,128,1,128,1,0,0,0x18010202
1777195991.566,243913,6,4,ADCS,8,SOLAR,2,COMMAND,81,SET_MAG_DIPOLE,128,1,128,1,0,0,0x18010202
1777195992.608,244955,6,4,ADCS,8,SOLAR,2,COMMAND,81,SET_MAG_DIPOLE,128,1,128,1,0,0,0x18010202
1777195993.678,245997,6,4,ADCS,8,SOLAR,2,COMMAND,81,SET_MAG_DIPOLE,128,1,128,1,0,0,0x18010202
1777195994.695,247039,6,4,ADCS,8,SOLAR,2,COMMAND,81,SET_MAG_DIPOLE,128,1,128,1,0,0,0x18010202
1777195995.734,248081,6,4,ADCS,8,SOLAR,2,COMMAND,81,SET_MAG_DIPOLE,128,1,128,1,0,0,0x18010202
1777195996.776,249123,6,4,ADCS,8,SOLAR,2,COMMAND,81,SET_MAG_DIPOLE,128,1,128,1,0,0,0x18010202
1777195997.818,250165,6,4,ADCS,8,SOLAR,2,COMMAND,81,SET_MAG_DIPOLE,128,1,128,1,0,0,0x18010202
1777195998.900,251227,6,4,ADCS,8,SOLAR,2,COMMAND,81,SET_MAG_DIPOLE,128,1,128,1,0,0,0x18010202
1777195999.923,252269,6,4,ADCS,8,SOLAR,2,COMMAND,81,SET_MAG_DIPOLE,128,1,128,1,0,0,0x18010202
1777196000.963,253310,6,4,ADCS,8,SOLAR,2,COMMAND,81,SET_MAG_DIPOLE,128,1,128,1,0,0,0x18010202
1777196002.006,254352,6,4,ADCS,8,SOLAR,2,COMMAND,81,SET_MAG_DIPOLE,128,1,128,1,0,0,0x18010202
1777196003.054,255394,6,4,ADCS,8,SOLAR,2,COMMAND,81,SET_MAG_DIPOLE,128,1,128,1,0,0,0x18010202
1777196004.113,256436,6,4,ADCS,8,SOLAR,2,COMMAND,81,SET_MAG_DIPOLE,128,1,128,1,0,0,0x18010202
1777196005.147,257477,6,4,ADCS,8,SOLAR,2,COMMAND,81,SET_MAG_DIPOLE,128,1,128,1,0,0,0x18010202
1777196006.168,258519,6,4,ADCS,8,SOLAR,2,COMMAND,81,SET_MAG_DIPOLE,128,1,128,1,0,0,0x18010202
1777196007.213,259560,6,4,ADCS,8,SOLAR,2,COMMAND,81,SET_MAG_DIPOLE,128,1,128,1,0,0,0x18010202
1777196008.255,260602,6,4,ADCS,8,SOLAR,2,COMMAND,81,SET_MAG_DIPOLE,128,1,128,1,0,0,0x18010202
1777196009.296,261643,6,4,ADCS,8,SOLAR,2,COMMAND,81,SET_MAG_DIPOLE,128,1,128,1,0,0,0x18010202
1777196010.364,262685,6,4,ADCS,8,SOLAR,2,COMMAND,81,SET_MAG_DIPOLE,128,1,128,1,0,0,0x18010202
1777196011.394,263726,6,4,ADCS,8,SOLAR,2,COMMAND,81,SET_MAG_DIPOLE,128,1,128,1,0,0,0x18010202
1777196012.441,264768,6,4,ADCS,8,SOLAR,2,COMMAND,81,SET_MAG_DIPOLE,128,1,128,1,0,0,0x18010202
1777196013.463,265809,6,4,ADCS,8,SOLAR,2,COMMAND,81,SET_MAG_DIPOLE,128,1,128,1,0,0,0x18010202
1777196014.505,266851,6,4,ADCS,8,SOLAR,2,COMMAND,81,SET_MAG_DIPOLE,128,1,128,1,0,0,0x18010202
1777196015.545,267892,6,4,ADCS,8,SOLAR,2,COMMAND,81,SET_MAG_DIPOLE,128,1,128,1,0,0,0x18010202
1777196016.605,268934,6,4,ADCS,8,SOLAR,2,COMMAND,81,SET_MAG_DIPOLE,128,1,128,1,0,0,0x18010202
1777196017.639,269975,6,4,ADCS,8,SOLAR,2,COMMAND,81,SET_MAG_DIPOLE,128,1,128,1,0,0,0x18010202
1777196018.670,271017,6,4,ADCS,8,SOLAR,2,COMMAND,81,SET_MAG_DIPOLE,128,1,128,1,0,0,0x18010202
1777196019.712,272058,6,4,ADCS,8,SOLAR,2,COMMAND,81,SET_MAG_DIPOLE,128,1,128,1,0,0,0x18010202
1777196020.753,273100,6,4,ADCS,8,SOLAR,2,COMMAND,81,SET_MAG_DIPOLE,128,1,128,1,0,0,0x18010202
1777196021.798,274142,6,4,ADCS,8,SOLAR,2,COMMAND,81,SET_MAG_DIPOLE,128,1,128,1,0,0,0x18010202
1777196022.866,275184,6,4,ADCS,8,SOLAR,2,COMMAND,81,SET_MAG_DIPOLE,128,1,128,1,0,0,0x18010202
1777196023.888,276225,6,4,ADCS,8,SOLAR,2,COMMAND,81,SET_MAG_DIPOLE,128,1,128,1,0,0,0x18010202
1777196024.927,277267,6,4,ADCS,8,SOLAR,2,COMMAND,81,SET_MAG_DIPOLE,128,1,128,1,0,0,0x18010202
1777196025.962,278308,6,4,ADCS,8,SOLAR,2,COMMAND,81,SET_MAG_DIPOLE,128,1,128,1,0,0,0x18010202
1777196027.004,279350,6,4,ADCS,8,SOLAR,2,COMMAND,81,SET_MAG_DIPOLE,128,1,128,1,0,0,0x18010202
1777196028.045,280391,6,4,ADCS,8,SOLAR,2,COMMAND,81,SET_MAG_DIPOLE,128,1,128,1,0,0,0x18010202
1777196029.106,281433,6,4,ADCS,8,SOLAR,2,COMMAND,81,SET_MAG_DIPOLE,128,1,128,1,0,0,0x18010202
1777196030.139,282474,6,4,ADCS,8,SOLAR,2,COMMAND,81,SET_MAG_DIPOLE,128,1,128,1,0,0,0x18010202
1777196031.170,283516,6,4,ADCS,8,SOLAR,2,COMMAND,81,SET_MAG_DIPOLE,128,1,128,1,0,0,0x18010202
1777196032.212,284557,6,4,ADCS,8,SOLAR,2,COMMAND,81,SET_MAG_DIPOLE,128,1,128,1,0,0,0x18010202
1777196033.253,285599,6,4,ADCS,8,SOLAR,2,COMMAND,81,SET_MAG_DIPOLE,128,1,128,1,0,0,0x18010202
1777196034.324,286640,6,4,ADCS,8,SOLAR,2,COMMAND,81,SET_MAG_DIPOLE,128,1,128,1,0,0,0x18010202
1777196035.354,287682,6,4,ADCS,8,SOLAR,2,COMMAND,81,SET_MAG_DIPOLE,128,1,128,1,0,0,0x18010202
1777196036.383,288723,6,4,ADCS,8,SOLAR,2,COMMAND,81,SET_MAG_DIPOLE,128,1,128,1,0,0,0x18010202
1777196037.419,289765,6,4,ADCS,8,SOLAR,2,COMMAND,81,SET_MAG_DIPOLE,128,1,128,1,0,0,0x18010202
1777196038.461,290806,6,4,ADCS,8,SOLAR,2,COMMAND,81,SET_MAG_DIPOLE,128,1,128,1,0,0,0x18010202
1777196039.502,291848,6,4,ADCS,8,SOLAR,2,COMMAND,81,SET_MAG_DIPOLE,128,1,128,1,0,0,0x18010202
1777196040.588,292890,6,4,ADCS,8,SOLAR,2,COMMAND,81,SET_MAG_DIPOLE,128,1,128,1,0,0,0x18010202
1777196041.605,293932,6,4,ADCS,8,SOLAR,2,COMMAND,81,SET_MAG_DIPOLE,128,1,128,1,0,0,0x18010202
1777196042.630,294973,6,4,ADCS,8,SOLAR,2,COMMAND,81,SET_MAG_DIPOLE,128,1,128,1,0,0,0x18010202
1777196043.670,296015,6,4,ADCS,8,SOLAR,2,COMMAND,81,SET_MAG_DIPOLE,128,1,128,1,0,0,0x18010202
1777196044.710,297056,6,4,ADCS,8,SOLAR,2,COMMAND,81,SET_MAG_DIPOLE,128,1,128,1,0,0,0x18010202
1777196045.749,298098,6,4,ADCS,8,SOLAR,2,COMMAND,81,SET_MAG_DIPOLE,128,1,128,1,0,0,0x18010202
1777196046.823,299139,6,4,ADCS,8,SOLAR,2,COMMAND,81,SET_MAG_DIPOLE,128,1,128,1,0,0,0x18010202
1777196047.850,300181,6,4,ADCS,8,SOLAR,2,COMMAND,81,SET_MAG_DIPOLE,128,1,128,1,0,0,0x18010202
1777196048.898,301244,6,4,ADCS,8,SOLAR,2,COMMAND,81,SET_MAG_DIPOLE,128,1,128,1,0,0,0x18010202
1777196049.940,302286,6,4,ADCS,8,SOLAR,2,COMMAND,81,SET_MAG_DIPOLE,128,1,128,1,0,0,0x18010202
1777196050.981,303328,6,4,ADCS,8,SOLAR,2,COMMAND,81,SET_MAG_DIPOLE,128,1,128,1,0,0,0x18010202
1777196052.048,304370,6,4,ADCS,8,SOLAR,2,COMMAND,81,SET_MAG_DIPOLE,128,1,128,1,0,0,0x18010202
1777196053.076,305411,6,4,ADCS,8,SOLAR,2,COMMAND,81,SET_MAG_DIPOLE,128,1,128,1,0,0,0x18010202
1777196054.107,306453,6,4,ADCS,8,SOLAR,2,COMMAND,81,SET_MAG_DIPOLE,128,1,128,1,0,0,0x18010202
1777196055.149,307494,6,4,ADCS,8,SOLAR,2,COMMAND,81,SET_MAG_DIPOLE,128,1,128,1,0,0,0x18010202
1777196056.189,308536,6,4,ADCS,8,SOLAR,2,COMMAND,81,SET_MAG_DIPOLE,128,1,128,1,0,0,0x18010202
1777196057.272,309578,6,4,ADCS,8,SOLAR,2,COMMAND,81,SET_MAG_DIPOLE,128,1,128,1,0,0,0x18010202
1777196058.295,310620,6,4,ADCS,8,SOLAR,2,COMMAND,81,SET_MAG_DIPOLE,128,1,128,1,0,0,0x18010202
1777196059.320,311662,6,4,ADCS,8,SOLAR,2,COMMAND,81,SET_MAG_DIPOLE,128,1,128,1,0,0,0x18010202
1777196060.359,312704,6,4,ADCS,8,SOLAR,2,COMMAND,81,SET_MAG_DIPOLE,128,1,128,1,0,0,0x18010202
1777196061.400,313745,6,4,ADCS,8,SOLAR,2,COMMAND,81,SET_MAG_DIPOLE,128,1,128,1,0,0,0x18010202
1777196062.441,314787,6,4,ADCS,8,SOLAR,2,COMMAND,81,SET_MAG_DIPOLE,128,1,128,1,0,0,0x18010202
1777196063.518,315828,6,4,ADCS,8,SOLAR,2,COMMAND,81,SET_MAG_DIPOLE,128,1,128,1,0,0,0x18010202
1777196064.527,316870,6,4,ADCS,8,SOLAR,2,COMMAND,81,SET_MAG_DIPOLE,128,1,128,1,0,0,0x18010202
1777196065.569,317911,6,4,ADCS,8,SOLAR,2,COMMAND,81,SET_MAG_DIPOLE,128,1,128,1,0,0,0x18010202
1777196066.608,318953,6,4,ADCS,8,SOLAR,2,COMMAND,81,SET_MAG_DIPOLE,128,1,128,1,0,0,0x18010202
1777196067.649,319995,6,4,ADCS,8,SOLAR,2,COMMAND,81,SET_MAG_DIPOLE,128,1,128,1,0,0,0x18010202
1777196068.691,321037,6,4,ADCS,8,SOLAR,2,COMMAND,81,SET_MAG_DIPOLE,128,1,128,1,0,0,0x18010202
1777196069.767,322079,6,4,ADCS,8,SOLAR,2,COMMAND,81,SET_MAG_DIPOLE,128,1,128,1,0,0,0x18010202
1777196070.794,323121,6,4,ADCS,8,SOLAR,2,COMMAND,81,SET_MAG_DIPOLE,128,1,128,1,0,0,0x18010202
1777196071.816,324162,6,4,ADCS,8,SOLAR,2,COMMAND,81,SET_MAG_DIPOLE,128,1,128,1,0,0,0x18010202
1777196072.858,325204,6,4,ADCS,8,SOLAR,2,COMMAND,81,SET_MAG_DIPOLE,128,1,128,1,0,0,0x18010202
1777196073.904,326245,6,4,ADCS,8,SOLAR,2,COMMAND,81,SET_MAG_DIPOLE,128,1,128,1,0,0,0x18010202
1777196074.943,327287,6,4,ADCS,8,SOLAR,2,COMMAND,81,SET_MAG_DIPOLE,128,1,128,1,0,0,0x18010202
1777196076.020,328328,6,4,ADCS,8,SOLAR,2,COMMAND,81,SET_MAG_DIPOLE,128,1,128,1,0,0,0x18010202
1777196077.025,329370,6,4,ADCS,8,SOLAR,2,COMMAND,81,SET_MAG_DIPOLE,128,1,128,1,0,0,0x18010202
1777196078.067,330412,6,4,ADCS,8,SOLAR,2,COMMAND,81,SET_MAG_DIPOLE,128,1,128,1,0,0,0x18010202
1777196079.111,331454,6,4,ADCS,8,SOLAR,2,COMMAND,81,SET_MAG_DIPOLE,128,1,128,1,0,0,0x18010202
1777196080.149,332495,6,4,ADCS,8,SOLAR,2,COMMAND,81,SET_MAG_DIPOLE,128,1,128,1,0,0,0x18010202
1777196081.192,333537,6,4,ADCS,8,SOLAR,2,COMMAND,81,SET_MAG_DIPOLE,128,1,128,1,0,0,0x18010202
1777196082.260,334578,6,4,ADCS,8,SOLAR,2,COMMAND,81,SET_MAG_DIPOLE,128,1,128,1,0,0,0x18010202
1777196083.275,335620,6,4,ADCS,8,SOLAR,2,COMMAND,81,SET_MAG_DIPOLE,128,1,128,1,0,0,0x18010202
1777196084.315,336661,6,4,ADCS,8,SOLAR,2,COMMAND,81,SET_MAG_DIPOLE,128,1,128,1,0,0,0x18010202
1777196085.359,337703,6,4,ADCS,8,SOLAR,2,COMMAND,81,SET_MAG_DIPOLE,128,1,128,1,0,0,0x18010202
1777196086.399,338745,6,4,ADCS,8,SOLAR,2,COMMAND,81,SET_MAG_DIPOLE,128,1,128,1,0,0,0x18010202
1777196087.472,339787,6,4,ADCS,8,SOLAR,2,COMMAND,81,SET_MAG_DIPOLE,128,1,128,1,0,0,0x18010202
1777196088.505,340829,6,4,ADCS,8,SOLAR,2,COMMAND,81,SET_MAG_DIPOLE,128,1,128,1,0,0,0x18010202
1777196089.526,341871,6,4,ADCS,8,SOLAR,2,COMMAND,81,SET_MAG_DIPOLE,128,1,128,1,0,0,0x18010202
1777196090.567,342912,6,4,ADCS,8,SOLAR,2,COMMAND,81,SET_MAG_DIPOLE,128,1,128,1,0,0,0x18010202
1777196091.609,343954,6,4,ADCS,8,SOLAR,2,COMMAND,81,SET_MAG_DIPOLE,128,1,128,1,0,0,0x18010202
1777196092.650,344995,6,4,ADCS,8,SOLAR,2,COMMAND,81,SET_MAG_DIPOLE,128,1,128,1,0,0,0x18010202
1777196093.723,346037,6,4,ADCS,8,SOLAR,2,COMMAND,81,SET_MAG_DIPOLE,128,1,128,1,0,0,0x18010202
1777196094.740,347078,6,4,ADCS,8,SOLAR,2,COMMAND,81,SET_MAG_DIPOLE,128,1,128,1,0,0,0x18010202
1777196095.777,348120,6,4,ADCS,8,SOLAR,2,COMMAND,81,SET_MAG_DIPOLE,128,1,128,1,0,0,0x18010202
1777196096.816,349162,6,4,ADCS,8,SOLAR,2,COMMAND,81,SET_MAG_DIPOLE,128,1,128,1,0,0,0x18010202
1777196097.858,350204,6,4,ADCS,8,SOLAR,2,COMMAND,81,SET_MAG_DIPOLE,128,1,128,1,0,0,0x18010202
1777196098.940,351267,6,4,ADCS,8,SOLAR,2,COMMAND,81,SET_MAG_DIPOLE,128,1,128,1,0,0,0x18010202
1777196099.972,352309,6,4,ADCS,8,SOLAR,2,COMMAND,81,SET_MAG_DIPOLE,128,1,128,1,0,0,0x18010202
1777196101.004,353350,6,4,ADCS,8,SOLAR,2,COMMAND,81,SET_MAG_DIPOLE,128,1,128,1,0,0,0x18010202
1777196102.066,354392,6,4,ADCS,8,SOLAR,2,COMMAND,81,SET_MAG_DIPOLE,128,1,128,1,0,0,0x18010202
1777196103.089,355434,6,4,ADCS,8,SOLAR,2,COMMAND,81,SET_MAG_DIPOLE,128,1,128,1,0,0,0x18010202
1777196104.130,356476,6,4,ADCS,8,SOLAR,2,COMMAND,81,SET_MAG_DIPOLE,128,1,128,1,0,0,0x18010202
1777196105.187,357518,6,4,ADCS,8,SOLAR,2,COMMAND,81,SET_MAG_DIPOLE,128,1,128,1,0,0,0x18010202
1777196106.221,358560,6,4,ADCS,8,SOLAR,2,COMMAND,81,SET_MAG_DIPOLE,128,1,128,1,0,0,0x18010202
1777196107.257,359602,6,4,ADCS,8,SOLAR,2,COMMAND,81,SET_MAG_DIPOLE,128,1,128,1,0,0,0x18010202
1777196108.299,360644,6,4,ADCS,8,SOLAR,2,COMMAND,81,SET_MAG_DIPOLE,128,1,128,1,0,0,0x18010202
1777196109.343,361686,6,4,ADCS,8,SOLAR,2,COMMAND,81,SET_MAG_DIPOLE,128,1,128,1,0,0,0x18010202
1777196110.420,362728,6,4,ADCS,8,SOLAR,2,COMMAND,81,SET_MAG_DIPOLE,128,1,128,1,0,0,0x18010202
1777196111.456,363769,6,4,ADCS,8,SOLAR,2,COMMAND,81,SET_MAG_DIPOLE,128,1,128,1,0,0,0x18010202
1777196112.468,364811,6,4,ADCS,8,SOLAR,2,COMMAND,81,SET_MAG_DIPOLE,128,1,128,1,0,0,0x18010202
1777196113.508,365853,6,4,ADCS,8,SOLAR,2,COMMAND,81,SET_MAG_DIPOLE,128,1,128,1,0,0,0x18010202
1777196114.550,366895,6,4,ADCS,8,SOLAR,2,COMMAND,81,SET_MAG_DIPOLE,128,1,128,1,0,0,0x18010202
1777196115.592,367937,6,4,ADCS,8,SOLAR,2,COMMAND,81,SET_MAG_DIPOLE,128,1,128,1,0,0,0x18010202
1777196116.678,368979,6,4,ADCS,8,SOLAR,2,COMMAND,81,SET_MAG_DIPOLE,128,1,128,1,0,0,0x18010202
1777196117.695,370021,6,4,ADCS,8,SOLAR,2,COMMAND,81,SET_MAG_DIPOLE,128,1,128,1,0,0,0x18010202
1777196118.718,371063,6,4,ADCS,8,SOLAR,2,COMMAND,81,SET_MAG_DIPOLE,128,1,128,1,0,0,0x18010202
1777196119.759,372104,6,4,ADCS,8,SOLAR,2,COMMAND,81,SET_MAG_DIPOLE,128,1,128,1,0,0,0x18010202
1777196120.801,373146,6,4,ADCS,8,SOLAR,2,COMMAND,81,SET_MAG_DIPOLE,128,1,128,1,0,0,0x18010202
1777196121.833,374188,6,4,ADCS,8,SOLAR,2,COMMAND,81,SET_MAG_DIPOLE,128,1,128,1,0,0,0x18010202
1777196122.916,375230,6,4,ADCS,8,SOLAR,2,COMMAND,81,SET_MAG_DIPOLE,128,1,128,1,0,0,0x18010202
1777196123.938,376272,6,4,ADCS,8,SOLAR,2,COMMAND,81,SET_MAG_DIPOLE,128,1,128,1,0,0,0x18010202
1777196124.969,377314,6,4,ADCS,8,SOLAR,2,COMMAND,81,SET_MAG_DIPOLE,128,1,128,1,0,0,0x18010202
1777196126.012,378356,6,4,ADCS,8,SOLAR,2,COMMAND,81,SET_MAG_DIPOLE,128,1,128,1,0,0,0x18010202
1777196127.047,379398,6,4,ADCS,8,SOLAR,2,COMMAND,81,SET_MAG_DIPOLE,128,1,128,1,0,0,0x18010202
1777196128.136,380440,6,4,ADCS,8,SOLAR,2,COMMAND,81,SET_MAG_DIPOLE,128,1,128,1,0,0,0x18010202
1777196129.160,381482,6,4,ADCS,8,SOLAR,2,COMMAND,81,SET_MAG_DIPOLE,128,1,128,1,0,0,0x18010202
1777196130.185,382523,6,4,ADCS,8,SOLAR,2,COMMAND,81,SET_MAG_DIPOLE,128,1,128,1,0,0,0x18010202
1777196131.226,383565,6,4,ADCS,8,SOLAR,2,COMMAND,81,SET_MAG_DIPOLE,128,1,128,1,0,0,0x18010202
1777196132.262,384607,6,4,ADCS,8,SOLAR,2,COMMAND,81,SET_MAG_DIPOLE,128,1,128,1,0,0,0x18010202
1777196133.308,385649,6,4,ADCS,8,SOLAR,2,COMMAND,81,SET_MAG_DIPOLE,128,1,128,1,0,0,0x18010202
1777196134.376,386691,6,4,ADCS,8,SOLAR,2,COMMAND,81,SET_MAG_DIPOLE,128,1,128,1,0,0,0x18010202
1777196135.410,387733,6,4,ADCS,8,SOLAR,2,COMMAND,81,SET_MAG_DIPOLE,128,1,128,1,0,0,0x18010202
1777196136.436,388775,6,4,ADCS,8,SOLAR,2,COMMAND,81,SET_MAG_DIPOLE,128,1,128,1,0,0,0x18010202
1777196137.472,389817,6,4,ADCS,8,SOLAR,2,COMMAND,81,SET_MAG_DIPOLE,128,1,128,1,0,0,0x18010202
1777196138.513,390858,6,4,ADCS,8,SOLAR,2,COMMAND,81,SET_MAG_DIPOLE,128,1,128,1,0,0,0x18010202
1777196139.555,391900,6,4,ADCS,8,SOLAR,2,COMMAND,81,SET_MAG_DIPOLE,128,1,128,1,0,0,0x18010202
1777196140.622,392941,6,4,ADCS,8,SOLAR,2,COMMAND,81,SET_MAG_DIPOLE,128,1,128,1,0,0,0x18010202
1777196141.639,393983,6,4,ADCS,8,SOLAR,2,COMMAND,81,SET_MAG_DIPOLE,128,1,128,1,0,0,0x18010202
1777196142.680,395025,6,4,ADCS,8,SOLAR,2,COMMAND,81,SET_MAG_DIPOLE,128,1,128,1,0,0,0x18010202
1777196143.723,396067,6,4,ADCS,8,SOLAR,2,COMMAND,81,SET_MAG_DIPOLE,128,1,128,1,0,0,0x18010202
1777196144.764,397109,6,4,ADCS,8,SOLAR,2,COMMAND,81,SET_MAG_DIPOLE,128,1,128,1,0,0,0x18010202
1777196145.812,398151,6,4,ADCS,8,SOLAR,2,COMMAND,81,SET_MAG_DIPOLE,128,1,128,1,0,0,0x18010202
1777196146.870,399193,6,4,ADCS,8,SOLAR,2,COMMAND,81,SET_MAG_DIPOLE,128,1,128,1,0,0,0x18010202
1777196147.901,400235,6,4,ADCS,8,SOLAR,2,COMMAND,81,SET_MAG_DIPOLE,128,1,128,1,0,0,0x18010202
1777196148.954,401298,6,4,ADCS,8,SOLAR,2,COMMAND,81,SET_MAG_DIPOLE,128,1,128,1,0,0,0x18010202
1777196149.995,402340,6,4,ADCS,8,SOLAR,2,COMMAND,81,SET_MAG_DIPOLE,128,1,128,1,0,0,0x18010202
1777196151.070,403382,6,4,ADCS,8,SOLAR,2,COMMAND,81,SET_MAG_DIPOLE,128,1,128,1,0,0,0x18010202
1777196152.094,404424,6,4,ADCS,8,SOLAR,2,COMMAND,81,SET_MAG_DIPOLE,128,1,128,1,0,0,0x18010202
1777196153.111,405466,6,4,ADCS,8,SOLAR,2,COMMAND,81,SET_MAG_DIPOLE,128,1,128,1,0,0,0x18010202
1777196154.163,406508,6,4,ADCS,8,SOLAR,2,COMMAND,81,SET_MAG_DIPOLE,128,1,128,1,0,0,0x18010202
1777196155.206,407550,6,4,ADCS,8,SOLAR,2,COMMAND,81,SET_MAG_DIPOLE,128,1,128,1,0,0,0x18010202
1777196156.249,408592,6,4,ADCS,8,SOLAR,2,COMMAND,81,SET_MAG_DIPOLE,128,1,128,1,0,0,0x18010202
1777196157.312,409634,6,4,ADCS,8,SOLAR,2,COMMAND,81,SET_MAG_DIPOLE,128,1,128,1,0,0,0x18010202
1777196158.345,410676,6,4,ADCS,8,SOLAR,2,COMMAND,81,SET_MAG_DIPOLE,128,1,128,1,0,0,0x18010202
1777196159.374,411718,6,4,ADCS,8,SOLAR,2,COMMAND,81,SET_MAG_DIPOLE,128,1,128,1,0,0,0x18010202
1777196160.417,412760,6,4,ADCS,8,SOLAR,2,COMMAND,81,SET_MAG_DIPOLE,128,1,128,1,0,0,0x18010202
1777196161.458,413802,6,4,ADCS,8,SOLAR,2,COMMAND,81,SET_MAG_DIPOLE,128,1,128,1,0,0,0x18010202
1777196162.503,414844,6,4,ADCS,8,SOLAR,2,COMMAND,81,SET_MAG_DIPOLE,128,1,128,1,0,0,0x18010202
1777196163.571,415886,6,4,ADCS,8,SOLAR,2,COMMAND,81,SET_MAG_DIPOLE,128,1,128,1,0,0,0x18010202
1777196164.592,416928,6,4,ADCS,8,SOLAR,2,COMMAND,81,SET_MAG_DIPOLE,128,1,128,1,0,0,0x18010202
1777196165.626,417970,6,4,ADCS,8,SOLAR,2,COMMAND,81,SET_MAG_DIPOLE,128,1,128,1,0,0,0x18010202
1777196166.675,419012,6,4,ADCS,8,SOLAR,2,COMMAND,81,SET_MAG_DIPOLE,128,1,128,1,0,0,0x18010202
1777196167.711,420054,6,4,ADCS,8,SOLAR,2,COMMAND,81,SET_MAG_DIPOLE,128,1,128,1,0,0,0x18010202
1777196168.784,421096,6,4,ADCS,8,SOLAR,2,COMMAND,81,SET_MAG_DIPOLE,128,1,128,1,0,0,0x18010202
1777196169.814,422138,6,4,ADCS,8,SOLAR,2,COMMAND,81,SET_MAG_DIPOLE,128,1,128,1,0,0,0x18010202
1777196170.837,423180,6,4,ADCS,8,SOLAR,2,COMMAND,81,SET_MAG_DIPOLE,128,1,128,1,0,0,0x18010202
1777196171.878,424222,6,4,ADCS,8,SOLAR,2,COMMAND,81,SET_MAG_DIPOLE,128,1,128,1,0,0,0x18010202
1777196172.918,425264,6,4,ADCS,8,SOLAR,2,COMMAND,81,SET_MAG_DIPOLE,128,1,128,1,0,0,0x18010202
1777196173.961,426306,6,4,ADCS,8,SOLAR,2,COMMAND,81,SET_MAG_DIPOLE,128,1,128,1,0,0,0x18010202
1777196175.033,427348,6,4,ADCS,8,SOLAR,2,COMMAND,81,SET_MAG_DIPOLE,128,1,128,1,0,0,0x18010202
1777196176.060,428390,6,4,ADCS,8,SOLAR,2,COMMAND,81,SET_MAG_DIPOLE,128,1,128,1,0,0,0x18010202
1777196177.088,429432,6,4,ADCS,8,SOLAR,2,COMMAND,81,SET_MAG_DIPOLE,128,1,128,1,0,0,0x18010202
1777196178.130,430474,6,4,ADCS,8,SOLAR,2,COMMAND,81,SET_MAG_DIPOLE,128,1,128,1,0,0,0x18010202
1777196179.176,431516,6,4,ADCS,8,SOLAR,2,COMMAND,81,SET_MAG_DIPOLE,128,1,128,1,0,0,0x18010202
1777196180.215,432558,6,4,ADCS,8,SOLAR,2,COMMAND,81,SET_MAG_DIPOLE,128,1,128,1,0,0,0x18010202
1777196181.285,433600,6,4,ADCS,8,SOLAR,2,COMMAND,81,SET_MAG_DIPOLE,128,1,128,1,0,0,0x18010202
1777196182.308,434642,6,4,ADCS,8,SOLAR,2,COMMAND,81,SET_MAG_DIPOLE,128,1,128,1,0,0,0x18010202
1777196183.340,435684,6,4,ADCS,8,SOLAR,2,COMMAND,81,SET_MAG_DIPOLE,128,1,128,1,0,0,0x18010202
1777196184.384,436726,6,4,ADCS,8,SOLAR,2,COMMAND,81,SET_MAG_DIPOLE,128,1,128,1,0,0,0x18010202
1777196185.424,437768,6,4,ADCS,8,SOLAR,2,COMMAND,81,SET_MAG_DIPOLE,128,1,128,1,0,0,0x18010202
1777196186.494,438810,6,4,ADCS,8,SOLAR,2,COMMAND,81,SET_MAG_DIPOLE,128,1,128,1,0,0,0x18010202
1777196187.529,439852,6,4,ADCS,8,SOLAR,2,COMMAND,81,SET_MAG_DIPOLE,128,1,128,1,0,0,0x18010202
1777196188.554,440894,6,4,ADCS,8,SOLAR,2,COMMAND,81,SET_MAG_DIPOLE,128,1,128,1,0,0,0x18010202
1777196189.589,441936,6,4,ADCS,8,SOLAR,2,COMMAND,81,SET_MAG_DIPOLE,128,1,128,1,0,0,0x18010202
1777196190.635,442978,6,4,ADCS,8,SOLAR,2,COMMAND,81,SET_MAG_DIPOLE,128,1,128,1,0,0,0x18010202
1777196191.677,444020,6,4,ADCS,8,SOLAR,2,COMMAND,81,SET_MAG_DIPOLE,128,1,128,1,0,0,0x18010202
1777196192.745,445062,6,4,ADCS,8,SOLAR,2,COMMAND,81,SET_MAG_DIPOLE,128,1,128,1,0,0,0x18010202
1777196193.776,446104,6,4,ADCS,8,SOLAR,2,COMMAND,81,SET_MAG_DIPOLE,128,1,128,1,0,0,0x18010202
1777196194.802,447146,6,4,ADCS,8,SOLAR,2,COMMAND,81,SET_MAG_DIPOLE,128,1,128,1,0,0,0x18010202
1777196195.849,448188,6,4,ADCS,8,SOLAR,2,COMMAND,81,SET_MAG_DIPOLE,128,1,128,1,0,0,0x18010202
1777196196.886,449230,6,4,ADCS,8,SOLAR,2,COMMAND,81,SET_MAG_DIPOLE,128,1,128,1,0,0,0x18010202
1777196197.931,450272,6,4,ADCS,8,SOLAR,2,COMMAND,81,SET_MAG_DIPOLE,128,1,128,1,0,0,0x18010202
1777196198.986,451335,6,4,ADCS,8,SOLAR,2,COMMAND,81,SET_MAG_DIPOLE,128,1,128,1,0,0,0x18010202
1777196200.033,452377,6,4,ADCS,8,SOLAR,2,COMMAND,81,SET_MAG_DIPOLE,128,1,128,1,0,0,0x18010202
1777196201.081,453419,6,4,ADCS,8,SOLAR,2,COMMAND,81,SET_MAG_DIPOLE,128,1,128,1,0,0,0x18010202
1777196202.122,454461,6,4,ADCS,8,SOLAR,2,COMMAND,81,SET_MAG_DIPOLE,128,1,128,1,0,0,0x18010202
1777196203.198,455503,6,4,ADCS,8,SOLAR,2,COMMAND,81,SET_MAG_DIPOLE,128,1,128,1,0,0,0x18010202
1777196204.223,456545,6,4,ADCS,8,SOLAR,2,COMMAND,81,SET_MAG_DIPOLE,128,1,128,1,0,0,0x18010202
1777196205.245,457587,6,4,ADCS,8,SOLAR,2,COMMAND,81,SET_MAG_DIPOLE,128,1,128,1,0,0,0x18010202
1777196206.279,458629,6,4,ADCS,8,SOLAR,2,COMMAND,81,SET_MAG_DIPOLE,128,1,128,1,0,0,0x18010202
1777196207.327,459671,6,4,ADCS,8,SOLAR,2,COMMAND,81,SET_MAG_DIPOLE,128,1,128,1,0,0,0x18010202
1777196208.373,460713,6,4,ADCS,8,SOLAR,2,COMMAND,81,SET_MAG_DIPOLE,128,1,128,1,0,0,0x18010202
1777196209.442,461755,6,4,ADCS,8,SOLAR,2,COMMAND,81,SET_MAG_DIPOLE,128,1,128,1,0,0,0x18010202
1777196210.473,462797,6,4,ADCS,8,SOLAR,2,COMMAND,81,SET_MAG_DIPOLE,128,1,128,1,0,0,0x18010202
1777196211.503,463839,6,4,ADCS,8,SOLAR,2,COMMAND,81,SET_MAG_DIPOLE,128,1,128,1,0,0,0x18010202
1777196212.538,464881,6,4,ADCS,8,SOLAR,2,COMMAND,81,SET_MAG_DIPOLE,128,1,128,1,0,0,0x18010202
1777196213.584,465923,6,4,ADCS,8,SOLAR,2,COMMAND,81,SET_MAG_DIPOLE,128,1,128,1,0,0,0x18010202
1777196214.641,466965,6,4,ADCS,8,SOLAR,2,COMMAND,81,SET_MAG_DIPOLE,128,1,128,1,0,0,0x18010202
1777196215.690,468007,6,4,ADCS,8,SOLAR,2,COMMAND,81,SET_MAG_DIPOLE,128,1,128,1,0,0,0x18010202
1777196216.715,469049,6,4,ADCS,8,SOLAR,2,COMMAND,81,SET_MAG_DIPOLE,128,1,128,1,0,0,0x18010202
1777196217.747,470091,6,4,ADCS,8,SOLAR,2,COMMAND,81,SET_MAG_DIPOLE,128,1,128,1,0,0,0x18010202
1777196218.792,471133,6,4,ADCS,8,SOLAR,2,COMMAND,81,SET_MAG_DIPOLE,128,1,128,1,0,0,0x18010202
1777196219.826,472175,6,4,ADCS,8,SOLAR,2,COMMAND,81,SET_MAG_DIPOLE,128,1,128,1,0,0,0x18010202
1777196220.912,473217,6,4,ADCS,8,SOLAR,2,COMMAND,81,SET_MAG_DIPOLE,128,1,128,1,0,0,0x18010202
1777196221.935,474259,6,4,ADCS,8,SOLAR,2,COMMAND,81,SET_MAG_DIPOLE,128,1,128,1,0,0,0x18010202
1777196222.955,475301,6,4,ADCS,8,SOLAR,2,COMMAND,81,SET_MAG_DIPOLE,128,1,128,1,0,0,0x18010202
1777196224.000,476343,6,4,ADCS,8,SOLAR,2,COMMAND,81,SET_MAG_DIPOLE,128,1,128,1,0,0,0x18010202
1777196225.042,477385,6,4,ADCS,8,SOLAR,2,COMMAND,81,SET_MAG_DIPOLE,128,1,128,1,0,0,0x18010202
1777196226.085,478427,6,4,ADCS,8,SOLAR,2,COMMAND,81,SET_MAG_DIPOLE,128,1,128,1,0,0,0x18010202
1777196227.160,479469,6,4,ADCS,8,SOLAR,2,COMMAND,81,SET_MAG_DIPOLE,128,1,128,1,0,0,0x18010202
1777196228.186,480511,6,4,ADCS,8,SOLAR,2,COMMAND,81,SET_MAG_DIPOLE,128,1,128,1,0,0,0x18010202
1777196229.210,481553,6,4,ADCS,8,SOLAR,2,COMMAND,81,SET_MAG_DIPOLE,128,1,128,1,0,0,0x18010202
1777196230.252,482595,6,4,ADCS,8,SOLAR,2,COMMAND,81,SET_MAG_DIPOLE,128,1,128,1,0,0,0x18010202
1777196231.294,483637,6,4,ADCS,8,SOLAR,2,COMMAND,81,SET_MAG_DIPOLE,128,1,128,1,0,0,0x18010202
1777196232.340,484679,6,4,ADCS,8,SOLAR,2,COMMAND,81,SET_MAG_DIPOLE,128,1,128,1,0,0,0x18010202
1777196233.403,485721,6,4,ADCS,8,SOLAR,2,COMMAND,81,SET_MAG_DIPOLE,128,1,128,1,0,0,0x18010202
1777196234.429,486763,6,4,ADCS,8,SOLAR,2,COMMAND,81,SET_MAG_DIPOLE,128,1,128,1,0,0,0x18010202
1777196235.462,487805,6,4,ADCS,8,SOLAR,2,COMMAND,81,SET_MAG_DIPOLE,128,1,128,1,0,0,0x18010202
1777196236.512,488847,6,4,ADCS,8,SOLAR,2,COMMAND,81,SET_MAG_DIPOLE,128,1,128,1,0,0,0x18010202
1777196237.546,489889,6,4,ADCS,8,SOLAR,2,COMMAND,81,SET_MAG_DIPOLE,128,1,128,1,0,0,0x18010202
1777196238.624,490931,6,4,ADCS,8,SOLAR,2,COMMAND,81,SET_MAG_DIPOLE,128,1,128,1,0,0,0x18010202
1777196239.652,491973,6,4,ADCS,8,SOLAR,2,COMMAND,81,SET_MAG_DIPOLE,128,1,128,1,0,0,0x18010202
1777196240.676,493015,6,4,ADCS,8,SOLAR,2,COMMAND,81,SET_MAG_DIPOLE,128,1,128,1,0,0,0x18010202
1777196241.714,494057,6,4,ADCS,8,SOLAR,2,COMMAND,81,SET_MAG_DIPOLE,128,1,128,1,0,0,0x18010202
1777196242.756,495099,6,4,ADCS,8,SOLAR,2,COMMAND,81,SET_MAG_DIPOLE,128,1,128,1,0,0,0x18010202
1777196243.799,496141,6,4,ADCS,8,SOLAR,2,COMMAND,81,SET_MAG_DIPOLE,128,1,128,1,0,0,0x18010202
1777196244.801,497142,6,4,ADCS,8,SOLAR,2,COMMAND,81,SET_MAG_DIPOLE,128,1,128,1,0,0,0x18010202
1777196245.827,498167,6,4,ADCS,8,SOLAR,2,COMMAND,81,SET_MAG_DIPOLE,128,1,128,1,0,0,0x18010202
1777196246.854,499196,6,4,ADCS,8,SOLAR,2,COMMAND,81,SET_MAG_DIPOLE,128,1,128,1,0,0,0x18010202
1777196247.868,500210,6,4,ADCS,8,SOLAR,2,COMMAND,81,SET_MAG_DIPOLE,128,1,128,1,0,0,0x18010202
1777196248.878,501225,6,4,ADCS,8,SOLAR,2,COMMAND,81,SET_MAG_DIPOLE,128,1,128,1,0,0,0x18010202
1777196249.897,502239,6,4,ADCS,8,SOLAR,2,COMMAND,81,SET_MAG_DIPOLE,128,1,128,1,0,0,0x18010202
1777196250.911,503253,6,4,ADCS,8,SOLAR,2,COMMAND,81,SET_MAG_DIPOLE,128,1,128,1,0,0,0x18010202
1777196251.934,504267,6,4,ADCS,8,SOLAR,2,COMMAND,81,SET_MAG_DIPOLE,128,1,128,1,0,0,0x18010202
1777196252.968,505282,6,4,ADCS,8,SOLAR,2,COMMAND,81,SET_MAG_DIPOLE,128,1,128,1,0,0,0x18010202
1777196253.990,506296,6,4,ADCS,8,SOLAR,2,COMMAND,81,SET_MAG_DIPOLE,128,1,128,1,0,0,0x18010202
1777196254.969,507310,6,4,ADCS,8,SOLAR,2,COMMAND,81,SET_MAG_DIPOLE,128,1,128,1,0,0,0x18010202
1777196255.984,508325,6,4,ADCS,8,SOLAR,2,COMMAND,81,SET_MAG_DIPOLE,128,1,128,1,0,0,0x18010202
1777196256.998,509339,6,4,ADCS,8,SOLAR,2,COMMAND,81,SET_MAG_DIPOLE,128,1,128,1,0,0,0x18010202
1777196258.012,510353,6,4,ADCS,8,SOLAR,2,COMMAND,81,SET_MAG_DIPOLE,128,1,128,1,0,0,0x18010202
1777196259.026,511368,6,4,ADCS,8,SOLAR,2,COMMAND,81,SET_MAG_DIPOLE,128,1,128,1,0,0,0x18010202
1777196260.039,512382,6,4,ADCS,8,SOLAR,2,COMMAND,81,SET_MAG_DIPOLE,128,1,128,1,0,0,0x18010202
1777196261.055,513396,6,4,ADCS,8,SOLAR,2,COMMAND,81,SET_MAG_DIPOLE,128,1,128,1,0,0,0x18010202
1777196262.079,514410,6,4,ADCS,8,SOLAR,2,COMMAND,81,SET_MAG_DIPOLE,128,1,128,1,0,0,0x18010202
1777196263.104,515425,6,4,ADCS,8,SOLAR,2,COMMAND,81,SET_MAG_DIPOLE,128,1,128,1,0,0,0x18010202
1777196264.131,516439,6,4,ADCS,8,SOLAR,2,COMMAND,81,SET_MAG_DIPOLE,128,1,128,1,0,0,0x18010202
1777196265.143,517453,6,4,ADCS,8,SOLAR,2,COMMAND,81,SET_MAG_DIPOLE,128,1,128,1,0,0,0x18010202
1777196266.125,518467,6,4,ADCS,8,SOLAR,2,COMMAND,81,SET_MAG_DIPOLE,128,1,128,1,0,0,0x18010202
1777196267.140,519482,6,4,ADCS,8,SOLAR,2,COMMAND,81,SET_MAG_DIPOLE,128,1,128,1,0,0,0x18010202
1777196268.154,520496,6,4,ADCS,8,SOLAR,2,COMMAND,81,SET_MAG_DIPOLE,128,1,128,1,0,0,0x18010202
1777196269.171,521510,6,4,ADCS,8,SOLAR,2,COMMAND,81,SET_MAG_DIPOLE,128,1,128,1,0,0,0x18010202
1777196270.183,522524,6,4,ADCS,8,SOLAR,2,COMMAND,81,SET_MAG_DIPOLE,128,1,128,1,0,0,0x18010202
1777196271.199,523538,6,4,ADCS,8,SOLAR,2,COMMAND,81,SET_MAG_DIPOLE,128,1,128,1,0,0,0x18010202
1777196272.211,524553,6,4,ADCS,8,SOLAR,2,COMMAND,81,SET_MAG_DIPOLE,128,1,128,1,0,0,0x18010202
1777196273.239,525567,6,4,ADCS,8,SOLAR,2,COMMAND,81,SET_MAG_DIPOLE,128,1,128,1,0,0,0x18010202
1777196274.267,526581,6,4,ADCS,8,SOLAR,2,COMMAND,81,SET_MAG_DIPOLE,128,1,128,1,0,0,0x18010202
1777196275.287,527596,6,4,ADCS,8,SOLAR,2,COMMAND,81,SET_MAG_DIPOLE,128,1,128,1,0,0,0x18010202
1777196276.268,528610,6,4,ADCS,8,SOLAR,2,COMMAND,81,SET_MAG_DIPOLE,128,1,128,1,0,0,0x18010202
1777196277.297,529624,6,4,ADCS,8,SOLAR,2,COMMAND,81,SET_MAG_DIPOLE,128,1,128,1,0,0,0x18010202
1777196278.307,530638,6,4,ADCS,8,SOLAR,2,COMMAND,81,SET_MAG_DIPOLE,128,1,128,1,0,0,0x18010202
1777196279.310,531652,6,4,ADCS,8,SOLAR,2,COMMAND,81,SET_MAG_DIPOLE,128,1,128,1,0,0,0x18010202
1777196280.325,532666,6,4,ADCS,8,SOLAR,2,COMMAND,81,SET_MAG_DIPOLE,128,1,128,1,0,0,0x18010202
1777196281.341,533681,6,4,ADCS,8,SOLAR,2,COMMAND,81,SET_MAG_DIPOLE,128,1,128,1,0,0,0x18010202
1777196282.381,534695,6,4,ADCS,8,SOLAR,2,COMMAND,81,SET_MAG_DIPOLE,128,1,128,1,0,0,0x18010202
1777196283.410,535709,6,4,ADCS,8,SOLAR,2,COMMAND,81,SET_MAG_DIPOLE,128,1,128,1,0,0,0x18010202
1777196284.410,536723,6,4,ADCS,8,SOLAR,2,COMMAND,81,SET_MAG_DIPOLE,128,1,128,1,0,0,0x18010202
1777196285.427,537737,6,4,ADCS,8,SOLAR,2,COMMAND,81,SET_MAG_DIPOLE,128,1,128,1,0,0,0x18010202
1777196286.449,538751,6,4,ADCS,8,SOLAR,2,COMMAND,81,SET_MAG_DIPOLE,128,1,128,1,0,0,0x18010202
1777196287.424,539765,6,4,ADCS,8,SOLAR,2,COMMAND,81,SET_MAG_DIPOLE,128,1,128,1,0,0,0x18010202
1777196288.439,540780,6,4,ADCS,8,SOLAR,2,COMMAND,81,SET_MAG_DIPOLE,128,1,128,1,0,0,0x18010202
1777196289.453,541794,6,4,ADCS,8,SOLAR,2,COMMAND,81,SET_MAG_DIPOLE,128,1,128,1,0,0,0x18010202
1777196290.467,542808,6,4,ADCS,8,SOLAR,2,COMMAND,81,SET_MAG_DIPOLE,128,1,128,1,0,0,0x18010202
1777196291.481,543822,6,4,ADCS,8,SOLAR,2,COMMAND,81,SET_MAG_DIPOLE,128,1,128,1,0,0,0x18010202
1777196292.494,544836,6,4,ADCS,8,SOLAR,2,COMMAND,81,SET_MAG_DIPOLE,128,1,128,1,0,0,0x18010202
1777196293.513,545850,6,4,ADCS,8,SOLAR,2,COMMAND,81,SET_MAG_DIPOLE,128,1,128,1,0,0,0x18010202
1777196294.548,546864,6,4,ADCS,8,SOLAR,2,COMMAND,81,SET_MAG_DIPOLE,128,1,128,1,0,0,0x18010202
1777196295.566,547879,6,4,ADCS,8,SOLAR,2,COMMAND,81,SET_MAG_DIPOLE,128,1,128,1,0,0,0x18010202
1777196296.580,548893,6,4,ADCS,8,SOLAR,2,COMMAND,81,SET_MAG_DIPOLE,128,1,128,1,0,0,0x18010202
1777196297.566,549907,6,4,ADCS,8,SOLAR,2,COMMAND,81,SET_MAG_DIPOLE,128,1,128,1,0,0,0x18010202
1777196298.581,550922,6,4,ADCS,8,SOLAR,2,COMMAND,81,SET_MAG_DIPOLE,128,1,128,1,0,0,0x18010202
1777196299.619,551960,6,4,ADCS,8,SOLAR,2,COMMAND,81,SET_MAG_DIPOLE,128,1,128,1,0,0,0x18010202
1777196300.674,552989,6,4,ADCS,8,SOLAR,2,COMMAND,81,SET_MAG_DIPOLE,128,1,128,1,0,0,0x18010202
1777196301.662,554003,6,4,ADCS,8,SOLAR,2,COMMAND,81,SET_MAG_DIPOLE,128,1,128,1,0,0,0x18010202
1777196302.663,555017,6,4,ADCS,8,SOLAR,2,COMMAND,81,SET_MAG_DIPOLE,128,1,128,1,0,0,0x18010202
1777196303.690,556031,6,4,ADCS,8,SOLAR,2,COMMAND,81,SET_MAG_DIPOLE,128,1,128,1,0,0,0x18010202
1777196304.692,557046,6,4,ADCS,8,SOLAR,2,COMMAND,81,SET_MAG_DIPOLE,128,1,128,1,0,0,0x18010202
1777196305.719,558060,6,4,ADCS,8,SOLAR,2,COMMAND,81,SET_MAG_DIPOLE,128,1,128,1,0,0,0x18010202
1777196306.735,559074,6,4,ADCS,8,SOLAR,2,COMMAND,81,SET_MAG_DIPOLE,128,1,128,1,0,0,0x18010202
1777196307.743,560088,6,4,ADCS,8,SOLAR,2,COMMAND,81,SET_MAG_DIPOLE,128,1,128,1,0,0,0x18010202
1777196308.781,561102,6,4,ADCS,8,SOLAR,2,COMMAND,81,SET_MAG_DIPOLE,128,1,128,1,0,0,0x18010202
1777196309.799,562116,6,4,ADCS,8,SOLAR,2,COMMAND,81,SET_MAG_DIPOLE,128,1,128,1,0,0,0x18010202
1777196310.824,563131,6,4,ADCS,8,SOLAR,2,COMMAND,81,SET_MAG_DIPOLE,128,1,128,1,0,0,0x18010202
1777196311.805,564145,6,4,ADCS,8,SOLAR,2,COMMAND,81,SET_MAG_DIPOLE,128,1,128,1,0,0,0x18010202
1777196312.818,565159,6,4,ADCS,8,SOLAR,2,COMMAND,81,SET_MAG_DIPOLE,128,1,128,1,0,0,0x18010202
1777196313.832,566173,6,4,ADCS,8,SOLAR,2,COMMAND,81,SET_MAG_DIPOLE,128,1,128,1,0,0,0x18010202
1777196314.845,567187,6,4,ADCS,8,SOLAR,2,COMMAND,81,SET_MAG_DIPOLE,128,1,128,1,0,0,0x18010202
1777196315.860,568201,6,4,ADCS,8,SOLAR,2,COMMAND,81,SET_MAG_DIPOLE,128,1,128,1,0,0,0x18010202
1777196316.879,569216,6,4,ADCS,8,SOLAR,2,COMMAND,81,SET_MAG_DIPOLE,128,1,128,1,0,0,0x18010202
1777196317.889,570230,6,4,ADCS,8,SOLAR,2,COMMAND,81,SET_MAG_DIPOLE,128,1,128,1,0,0,0x18010202
1777196318.904,571244,6,4,ADCS,8,SOLAR,2,COMMAND,81,SET_MAG_DIPOLE,128,1,128,1,0,0,0x18010202
1777196319.938,572258,6,4,ADCS,8,SOLAR,2,COMMAND,81,SET_MAG_DIPOLE,128,1,128,1,0,0,0x18010202
1777196320.953,573272,6,4,ADCS,8,SOLAR,2,COMMAND,81,SET_MAG_DIPOLE,128,1,128,1,0,0,0x18010202
1777196321.989,574286,6,4,ADCS,8,SOLAR,2,COMMAND,81,SET_MAG_DIPOLE,128,1,128,1,0,0,0x18010202
1777196322.960,575300,6,4,ADCS,8,SOLAR,2,COMMAND,81,SET_MAG_DIPOLE,128,1,128,1,0,0,0x18010202
1777196323.975,576315,6,4,ADCS,8,SOLAR,2,COMMAND,81,SET_MAG_DIPOLE,128,1,128,1,0,0,0x18010202
1777196324.988,577329,6,4,ADCS,8,SOLAR,2,COMMAND,81,SET_MAG_DIPOLE,128,1,128,1,0,0,0x18010202
1777196326.003,578343,6,4,ADCS,8,SOLAR,2,COMMAND,81,SET_MAG_DIPOLE,128,1,128,1,0,0,0x18010202
1777196327.016,579357,6,4,ADCS,8,SOLAR,2,COMMAND,81,SET_MAG_DIPOLE,128,1,128,1,0,0,0x18010202
1777196328.031,580371,6,4,ADCS,8,SOLAR,2,COMMAND,81,SET_MAG_DIPOLE,128,1,128,1,0,0,0x18010202
1777196329.042,581385,6,4,ADCS,8,SOLAR,2,COMMAND,81,SET_MAG_DIPOLE,128,1,128,1,0,0,0x18010202
1777196330.072,582399,6,4,ADCS,8,SOLAR,2,COMMAND,81,SET_MAG_DIPOLE,128,1,128,1,0,0,0x18010202
1777196331.100,583413,6,4,ADCS,8,SOLAR,2,COMMAND,81,SET_MAG_DIPOLE,128,1,128,1,0,0,0x18010202
1777196332.122,584427,6,4,ADCS,8,SOLAR,2,COMMAND,81,SET_MAG_DIPOLE,128,1,128,1,0,0,0x18010202
1777196333.149,585442,6,4,ADCS,8,SOLAR,2,COMMAND,81,SET_MAG_DIPOLE,128,1,128,1,0,0,0x18010202
1777196334.115,586456,6,4,ADCS,8,SOLAR,2,COMMAND,81,SET_MAG_DIPOLE,128,1,128,1,0,0,0x18010202
1777196335.130,587470,6,4,ADCS,8,SOLAR,2,COMMAND,81,SET_MAG_DIPOLE,128,1,128,1,0,0,0x18010202
1777196336.144,588484,6,4,ADCS,8,SOLAR,2,COMMAND,81,SET_MAG_DIPOLE,128,1,128,1,0,0,0x18010202
1777196337.158,589498,6,4,ADCS,8,SOLAR,2,COMMAND,81,SET_MAG_DIPOLE,128,1,128,1,0,0,0x18010202
1777196338.172,590512,6,4,ADCS,8,SOLAR,2,COMMAND,81,SET_MAG_DIPOLE,128,1,128,1,0,0,0x18010202
1777196339.187,591526,6,4,ADCS,8,SOLAR,2,COMMAND,81,SET_MAG_DIPOLE,128,1,128,1,0,0,0x18010202
1777196340.212,592540,6,4,ADCS,8,SOLAR,2,COMMAND,81,SET_MAG_DIPOLE,128,1,128,1,0,0,0x18010202
1777196341.239,593555,6,4,ADCS,8,SOLAR,2,COMMAND,81,SET_MAG_DIPOLE,128,1,128,1,0,0,0x18010202
1777196342.255,594569,6,4,ADCS,8,SOLAR,2,COMMAND,81,SET_MAG_DIPOLE,128,1,128,1,0,0,0x18010202
1777196343.243,595583,6,4,ADCS,8,SOLAR,2,COMMAND,81,SET_MAG_DIPOLE,128,1,128,1,0,0,0x18010202
1777196344.248,596597,6,4,ADCS,8,SOLAR,2,COMMAND,81,SET_MAG_DIPOLE,128,1,128,1,0,0,0x18010202
1777196345.271,597611,6,4,ADCS,8,SOLAR,2,COMMAND,81,SET_MAG_DIPOLE,128,1,128,1,0,0,0x18010202
1777196346.284,598625,6,4,ADCS,8,SOLAR,2,COMMAND,81,SET_MAG_DIPOLE,128,1,128,1,0,0,0x18010202
1777196347.299,599639,6,4,ADCS,8,SOLAR,2,COMMAND,81,SET_MAG_DIPOLE,128,1,128,1,0,0,0x18010202
1777196348.315,600655,6,4,ADCS,8,SOLAR,2,COMMAND,81,SET_MAG_DIPOLE,128,1,128,1,0,0,0x18010202
1777196349.328,601668,6,4,ADCS,8,SOLAR,2,COMMAND,81,SET_MAG_DIPOLE,128,1,128,1,0,0,0x18010202
1777196350.342,602682,6,4,ADCS,8,SOLAR,2,COMMAND,81,SET_MAG_DIPOLE,128,1,128,1,0,0,0x18010202
1777196351.372,603696,6,4,ADCS,8,SOLAR,2,COMMAND,81,SET_MAG_DIPOLE,128,1,128,1,0,0,0x18010202
1777196352.423,604710,6,4,ADCS,8,SOLAR,2,COMMAND,81,SET_MAG_DIPOLE,128,1,128,1,0,0,0x18010202
1777196353.445,605724,6,4,ADCS,8,SOLAR,2,COMMAND,81,SET_MAG_DIPOLE,128,1,128,1,0,0,0x18010202
1777196354.399,606738,6,4,ADCS,8,SOLAR,2,COMMAND,81,SET_MAG_DIPOLE,128,1,128,1,0,0,0x18010202
1777196355.402,607752,6,4,ADCS,8,SOLAR,2,COMMAND,81,SET_MAG_DIPOLE,128,1,128,1,0,0,0x18010202
1777196356.425,608766,6,4,ADCS,8,SOLAR,2,COMMAND,81,SET_MAG_DIPOLE,128,1,128,1,0,0,0x18010202
1777196357.440,609780,6,4,ADCS,8,SOLAR,2,COMMAND,81,SET_MAG_DIPOLE,128,1,128,1,0,0,0x18010202
1777196358.458,610794,6,4,ADCS,8,SOLAR,2,COMMAND,81,SET_MAG_DIPOLE,128,1,128,1,0,0,0x18010202
1777196359.468,611808,6,4,ADCS,8,SOLAR,2,COMMAND,81,SET_MAG_DIPOLE,128,1,128,1,0,0,0x18010202
1777196360.483,612822,6,4,ADCS,8,SOLAR,2,COMMAND,81,SET_MAG_DIPOLE,128,1,128,1,0,0,0x18010202
1777196361.516,613836,6,4,ADCS,8,SOLAR,2,COMMAND,81,SET_MAG_DIPOLE,128,1,128,1,0,0,0x18010202
1777196362.537,614850,6,4,ADCS,8,SOLAR,2,COMMAND,81,SET_MAG_DIPOLE,128,1,128,1,0,0,0x18010202
1777196363.563,615864,6,4,ADCS,8,SOLAR,2,COMMAND,81,SET_MAG_DIPOLE,128,1,128,1,0,0,0x18010202
1777196364.538,616878,6,4,ADCS,8,SOLAR,2,COMMAND,81,SET_MAG_DIPOLE,128,1,128,1,0,0,0x18010202
1777196365.553,617893,6,4,ADCS,8,SOLAR,2,COMMAND,81,SET_MAG_DIPOLE,128,1,128,1,0,0,0x18010202
1777196366.566,618907,6,4,ADCS,8,SOLAR,2,COMMAND,81,SET_MAG_DIPOLE,128,1,128,1,0,0,0x18010202
1777196367.582,619921,6,4,ADCS,8,SOLAR,2,COMMAND,81,SET_MAG_DIPOLE,128,1,128,1,0,0,0x18010202
1777196368.596,620935,6,4,ADCS,8,SOLAR,2,COMMAND,81,SET_MAG_DIPOLE,128,1,128,1,0,0,0x18010202
1777196369.609,621949,6,4,ADCS,8,SOLAR,2,COMMAND,81,SET_MAG_DIPOLE,128,1,128,1,0,0,0x18010202
1777196370.624,622963,6,4,ADCS,8,SOLAR,2,COMMAND,81,SET_MAG_DIPOLE,128,1,128,1,0,0,0x18010202
1777196371.642,623977,6,4,ADCS,8,SOLAR,2,COMMAND,81,SET_MAG_DIPOLE,128,1,128,1,0,0,0x18010202
1777196372.670,624991,6,4,ADCS,8,SOLAR,2,COMMAND,81,SET_MAG_DIPOLE,128,1,128,1,0,0,0x18010202
1777196373.700,626005,6,4,ADCS,8,SOLAR,2,COMMAND,81,SET_MAG_DIPOLE,128,1,128,1,0,0,0x18010202
1777196374.674,627019,6,4,ADCS,8,SOLAR,2,COMMAND,81,SET_MAG_DIPOLE,128,1,128,1,0,0,0x18010202
1777196375.694,628033,6,4,ADCS,8,SOLAR,2,COMMAND,81,SET_MAG_DIPOLE,128,1,128,1,0,0,0x18010202
1777196376.704,629047,6,4,ADCS,8,SOLAR,2,COMMAND,81,SET_MAG_DIPOLE,128,1,128,1,0,0,0x18010202
1777196377.723,630062,6,4,ADCS,8,SOLAR,2,COMMAND,81,SET_MAG_DIPOLE,128,1,128,1,0,0,0x18010202
1777196378.735,631075,6,4,ADCS,8,SOLAR,2,COMMAND,81,SET_MAG_DIPOLE,128,1,128,1,0,0,0x18010202
1777196379.750,632090,6,4,ADCS,8,SOLAR,2,COMMAND,81,SET_MAG_DIPOLE,128,1,128,1,0,0,0x18010202
1777196380.763,633104,6,4,ADCS,8,SOLAR,2,COMMAND,81,SET_MAG_DIPOLE,128,1,128,1,0,0,0x18010202
1777196381.788,634118,6,4,ADCS,8,SOLAR,2,COMMAND,81,SET_MAG_DIPOLE,128,1,128,1,0,0,0x18010202
1777196382.824,635132,6,4,ADCS,8,SOLAR,2,COMMAND,81,SET_MAG_DIPOLE,128,1,128,1,0,0,0x18010202
1777196383.830,636146,6,4,ADCS,8,SOLAR,2,COMMAND,81,SET_MAG_DIPOLE,128,1,128,1,0,0,0x18010202
1777196384.859,637160,6,4,ADCS,8,SOLAR,2,COMMAND,81,SET_MAG_DIPOLE,128,1,128,1,0,0,0x18010202
1777196385.832,638174,6,4,ADCS,8,SOLAR,2,COMMAND,81,SET_MAG_DIPOLE,128,1,128,1,0,0,0x18010202
1777196386.835,639188,6,4,ADCS,8,SOLAR,2,COMMAND,81,SET_MAG_DIPOLE,128,1,128,1,0,0,0x18010202
1777196387.862,640202,6,4,ADCS,8,SOLAR,2,COMMAND,81,SET_MAG_DIPOLE,128,1,128,1,0,0,0x18010202
1777196388.876,641216,6,4,ADCS,8,SOLAR,2,COMMAND,81,SET_MAG_DIPOLE,128,1,128,1,0,0,0x18010202
1777196389.890,642230,6,4,ADCS,8,SOLAR,2,COMMAND,81,SET_MAG_DIPOLE,128,1,128,1,0,0,0x18010202
1777196390.904,643244,6,4,ADCS,8,SOLAR,2,COMMAND,81,SET_MAG_DIPOLE,128,1,128,1,0,0,0x18010202
1777196391.926,644258,6,4,ADCS,8,SOLAR,2,COMMAND,81,SET_MAG_DIPOLE,128,1,128,1,0,0,0x18010202
1777196392.951,645272,6,4,ADCS,8,SOLAR,2,COMMAND,81,SET_MAG_DIPOLE,128,1,128,1,0,0,0x18010202
1777196393.974,646286,6,4,ADCS,8,SOLAR,2,COMMAND,81,SET_MAG_DIPOLE,128,1,128,1,0,0,0x18010202
1777196395.000,647300,6,4,ADCS,8,SOLAR,2,COMMAND,81,SET_MAG_DIPOLE,128,1,128,1,0,0,0x18010202
1777196395.963,648314,6,4,ADCS,8,SOLAR,2,COMMAND,81,SET_MAG_DIPOLE,128,1,128,1,0,0,0x18010202
1777196396.989,649328,6,4,ADCS,8,SOLAR,2,COMMAND,81,SET_MAG_DIPOLE,128,1,128,1,0,0,0x18010202
1777196398.003,650342,6,4,ADCS,8,SOLAR,2,COMMAND,81,SET_MAG_DIPOLE,128,1,128,1,0,0,0x18010202
1777196399.004,651344,6,4,ADCS,8,SOLAR,2,COMMAND,81,SET_MAG_DIPOLE,128,1,128,1,0,0,0x18010202
1777196400.042,652382,6,4,ADCS,8,SOLAR,2,COMMAND,81,SET_MAG_DIPOLE,128,1,128,1,0,0,0x18010202
1777196401.072,653411,6,4,ADCS,8,SOLAR,2,COMMAND,81,SET_MAG_DIPOLE,128,1,128,1,0,0,0x18010202
1777196402.086,654425,6,4,ADCS,8,SOLAR,2,COMMAND,81,SET_MAG_DIPOLE,128,1,128,1,0,0,0x18010202
1777196403.095,655440,6,4,ADCS,8,SOLAR,2,COMMAND,81,SET_MAG_DIPOLE,128,1,128,1,0,0,0x18010202
1777196404.115,656454,6,4,ADCS,8,SOLAR,2,COMMAND,81,SET_MAG_DIPOLE,128,1,128,1,0,0,0x18010202
1777196405.131,657468,6,4,ADCS,8,SOLAR,2,COMMAND,81,SET_MAG_DIPOLE,128,1,128,1,0,0,0x18010202
1777196406.162,658482,6,4,ADCS,8,SOLAR,2,COMMAND,81,SET_MAG_DIPOLE,128,1,128,1,0,0,0x18010202
1777196407.192,659496,6,4,ADCS,8,SOLAR,2,COMMAND,81,SET_MAG_DIPOLE,128,1,128,1,0,0,0x18010202
1777196408.209,660510,6,4,ADCS,8,SOLAR,2,COMMAND,81,SET_MAG_DIPOLE,128,1,128,1,0,0,0x18010202
1777196409.187,661524,6,4,ADCS,8,SOLAR,2,COMMAND,81,SET_MAG_DIPOLE,128,1,128,1,0,0,0x18010202
1777196410.198,662538,6,4,ADCS,8,SOLAR,2,COMMAND,81,SET_MAG_DIPOLE,128,1,128,1,0,0,0x18010202
1777196411.219,663552,6,4,ADCS,8,SOLAR,2,COMMAND,81,SET_MAG_DIPOLE,128,1,128,1,0,0,0x18010202
1777196412.226,664567,6,4,ADCS,8,SOLAR,2,COMMAND,81,SET_MAG_DIPOLE,128,1,128,1,0,0,0x18010202
1777196413.246,665580,6,4,ADCS,8,SOLAR,2,COMMAND,81,SET_MAG_DIPOLE,128,1,128,1,0,0,0x18010202
1777196414.255,666594,6,4,ADCS,8,SOLAR,2,COMMAND,81,SET_MAG_DIPOLE,128,1,128,1,0,0,0x18010202
1777196415.270,667609,6,4,ADCS,8,SOLAR,2,COMMAND,81,SET_MAG_DIPOLE,128,1,128,1,0,0,0x18010202
1777196416.287,668623,6,4,ADCS,8,SOLAR,2,COMMAND,81,SET_MAG_DIPOLE,128,1,128,1,0,0,0x18010202
1777196417.325,669637,6,4,ADCS,8,SOLAR,2,COMMAND,81,SET_MAG_DIPOLE,128,1,128,1,0,0,0x18010202
1777196418.344,670651,6,4,ADCS,8,SOLAR,2,COMMAND,81,SET_MAG_DIPOLE,128,1,128,1,0,0,0x18010202
1777196419.327,671665,6,4,ADCS,8,SOLAR,2,COMMAND,81,SET_MAG_DIPOLE,128,1,128,1,0,0,0x18010202
1777196420.343,672679,6,4,ADCS,8,SOLAR,2,COMMAND,81,SET_MAG_DIPOLE,128,1,128,1,0,0,0x18010202
1777196421.355,673694,6,4,ADCS,8,SOLAR,2,COMMAND,81,SET_MAG_DIPOLE,128,1,128,1,0,0,0x18010202
1777196422.369,674708,6,4,ADCS,8,SOLAR,2,COMMAND,81,SET_MAG_DIPOLE,128,1,128,1,0,0,0x18010202
1777196423.383,675722,6,4,ADCS,8,SOLAR,2,COMMAND,81,SET_MAG_DIPOLE,128,1,128,1,0,0,0x18010202
1777196424.391,676723,6,4,ADCS,8,SOLAR,2,COMMAND,81,SET_MAG_DIPOLE,128,1,128,1,0,0,0x18010202
1777196425.399,677724,6,4,ADCS,8,SOLAR,2,COMMAND,81,SET_MAG_DIPOLE,128,1,128,1,0,0,0x18010202
1777196426.389,678725,6,4,ADCS,8,SOLAR,2,COMMAND,81,SET_MAG_DIPOLE,128,1,128,1,0,0,0x18010202
1777196427.409,679746,6,4,ADCS,8,SOLAR,2,COMMAND,81,SET_MAG_DIPOLE,128,1,128,1,0,0,0x18010202
1777196428.485,680788,6,4,ADCS,8,SOLAR,2,COMMAND,81,SET_MAG_DIPOLE,128,1,128,1,0,0,0x18010202
1777196429.508,681830,6,4,ADCS,8,SOLAR,2,COMMAND,81,SET_MAG_DIPOLE,128,1,128,1,0,0,0x18010202
1777196430.533,682872,6,4,ADCS,8,SOLAR,2,COMMAND,81,SET_MAG_DIPOLE,128,1,128,1,0,0,0x18010202
1777196431.575,683914,6,4,ADCS,8,SOLAR,2,COMMAND,81,SET_MAG_DIPOLE,128,1,128,1,0,0,0x18010202
1777196432.606,684956,6,4,ADCS,8,SOLAR,2,COMMAND,81,SET_MAG_DIPOLE,128,1,128,1,0,0,0x18010202
1777196433.658,685998,6,4,ADCS,8,SOLAR,2,COMMAND,81,SET_MAG_DIPOLE,128,1,128,1,0,0,0x18010202
1777196434.723,687040,6,4,ADCS,8,SOLAR,2,COMMAND,81,SET_MAG_DIPOLE,128,1,128,1,0,0,0x18010202
1777196435.755,688082,6,4,ADCS,8,SOLAR,2,COMMAND,81,SET_MAG_DIPOLE,128,1,128,1,0,0,0x18010202
1777196436.785,689124,6,4,ADCS,8,SOLAR,2,COMMAND,81,SET_MAG_DIPOLE,128,1,128,1,0,0,0x18010202
1777196437.825,690166,6,4,ADCS,8,SOLAR,2,COMMAND,81,SET_MAG_DIPOLE,128,1,128,1,0,0,0x18010202
1777196438.869,691208,6,4,ADCS,8,SOLAR,2,COMMAND,81,SET_MAG_DIPOLE,128,1,128,1,0,0,0x18010202
1777196439.911,692250,6,4,ADCS,8,SOLAR,2,COMMAND,81,SET_MAG_DIPOLE,128,1,128,1,0,0,0x18010202
1777196440.978,693292,6,4,ADCS,8,SOLAR,2,COMMAND,81,SET_MAG_DIPOLE,128,1,128,1,0,0,0x18010202
1777196441.995,694334,6,4,ADCS,8,SOLAR,2,COMMAND,81,SET_MAG_DIPOLE,128,1,128,1,0,0,0x18010202
1777196443.037,695376,6,4,ADCS,8,SOLAR,2,COMMAND,81,SET_MAG_DIPOLE,128,1,128,1,0,0,0x18010202
1777196444.080,696418,6,4,ADCS,8,SOLAR,2,COMMAND,81,SET_MAG_DIPOLE,128,1,128,1,0,0,0x18010202
1777196445.121,697460,6,4,ADCS,8,SOLAR,2,COMMAND,81,SET_MAG_DIPOLE,128,1,128,1,0,0,0x18010202
1777196446.189,698502,6,4,ADCS,8,SOLAR,2,COMMAND,81,SET_MAG_DIPOLE,128,1,128,1,0,0,0x18010202
1777196447.215,699544,6,4,ADCS,8,SOLAR,2,COMMAND,81,SET_MAG_DIPOLE,128,1,128,1,0,0,0x18010202
1777196448.248,700586,6,4,ADCS,8,SOLAR,2,COMMAND,81,SET_MAG_DIPOLE,128,1,128,1,0,0,0x18010202
1777196449.310,701649,6,4,ADCS,8,SOLAR,2,COMMAND,81,SET_MAG_DIPOLE,128,1,128,1,0,0,0x18010202
1777196450.352,702691,6,4,ADCS,8,SOLAR,2,COMMAND,81,SET_MAG_DIPOLE,128,1,128,1,0,0,0x18010202
1777196451.422,703733,6,4,ADCS,8,SOLAR,2,COMMAND,81,SET_MAG_DIPOLE,128,1,128,1,0,0,0x18010202
1777196452.436,704775,6,4,ADCS,8,SOLAR,2,COMMAND,81,SET_MAG_DIPOLE,128,1,128,1,0,0,0x18010202
1777196453.478,705817,6,4,ADCS,8,SOLAR,2,COMMAND,81,SET_MAG_DIPOLE,128,1,128,1,0,0,0x18010202
1777196454.520,706859,6,4,ADCS,8,SOLAR,2,COMMAND,81,SET_MAG_DIPOLE,128,1,128,1,0,0,0x18010202
1777196455.562,707901,6,4,ADCS,8,SOLAR,2,COMMAND,81,SET_MAG_DIPOLE,128,1,128,1,0,0,0x18010202
1777196456.604,708943,6,4,ADCS,8,SOLAR,2,COMMAND,81,SET_MAG_DIPOLE,128,1,128,1,0,0,0x18010202
1777196457.668,709985,6,4,ADCS,8,SOLAR,2,COMMAND,81,SET_MAG_DIPOLE,128,1,128,1,0,0,0x18010202
1777196458.689,711027,6,4,ADCS,8,SOLAR,2,COMMAND,81,SET_MAG_DIPOLE,128,1,128,1,0,0,0x18010202
1777196459.725,712069,6,4,ADCS,8,SOLAR,2,COMMAND,81,SET_MAG_DIPOLE,128,1,128,1,0,0,0x18010202
1777196460.786,713111,6,4,ADCS,8,SOLAR,2,COMMAND,81,SET_MAG_DIPOLE,128,1,128,1,0,0,0x18010202
1777196461.815,714153,6,4,ADCS,8,SOLAR,2,COMMAND,81,SET_MAG_DIPOLE,128,1,128,1,0,0,0x18010202
1777196462.885,715195,6,4,ADCS,8,SOLAR,2,COMMAND,81,SET_MAG_DIPOLE,128,1,128,1,0,0,0x18010202
1777196463.913,716237,6,4,ADCS,8,SOLAR,2,COMMAND,81,SET_MAG_DIPOLE,128,1,128,1,0,0,0x18010202
1777196464.945,717279,6,4,ADCS,8,SOLAR,2,COMMAND,81,SET_MAG_DIPOLE,128,1,128,1,0,0,0x18010202
1777196465.982,718321,6,4,ADCS,8,SOLAR,2,COMMAND,81,SET_MAG_DIPOLE,128,1,128,1,0,0,0x18010202
1777196467.024,719363,6,4,ADCS,8,SOLAR,2,COMMAND,81,SET_MAG_DIPOLE,128,1,128,1,0,0,0x18010202
1777196468.066,720405,6,4,ADCS,8,SOLAR,2,COMMAND,81,SET_MAG_DIPOLE,128,1,128,1,0,0,0x18010202
1777196469.135,721447,6,4,ADCS,8,SOLAR,2,COMMAND,81,SET_MAG_DIPOLE,128,1,128,1,0,0,0x18010202
1777196470.155,722489,6,4,ADCS,8,SOLAR,2,COMMAND,81,SET_MAG_DIPOLE,128,1,128,1,0,0,0x18010202
1777196471.192,723531,6,4,ADCS,8,SOLAR,2,COMMAND,81,SET_MAG_DIPOLE,128,1,128,1,0,0,0x18010202
1777196472.234,724573,6,4,ADCS,8,SOLAR,2,COMMAND,81,SET_MAG_DIPOLE,128,1,128,1,0,0,0x18010202
1777196473.276,725615,6,4,ADCS,8,SOLAR,2,COMMAND,81,SET_MAG_DIPOLE,128,1,128,1,0,0,0x18010202
1777196474.318,726657,6,4,ADCS,8,SOLAR,2,COMMAND,81,SET_MAG_DIPOLE,128,1,128,1,0,0,0x18010202
1777196475.382,727699,6,4,ADCS,8,SOLAR,2,COMMAND,81,SET_MAG_DIPOLE,128,1,128,1,0,0,0x18010202
1777196476.409,728741,6,4,ADCS,8,SOLAR,2,COMMAND,81,SET_MAG_DIPOLE,128,1,128,1,0,0,0x18010202
1777196477.444,729783,6,4,ADCS,8,SOLAR,2,COMMAND,81,SET_MAG_DIPOLE,128,1,128,1,0,0,0x18010202
1777196478.487,730825,6,4,ADCS,8,SOLAR,2,COMMAND,81,SET_MAG_DIPOLE,128,1,128,1,0,0,0x18010202
1777196479.528,731867,6,4,ADCS,8,SOLAR,2,COMMAND,81,SET_MAG_DIPOLE,128,1,128,1,0,0,0x18010202
1777196480.611,732909,6,4,ADCS,8,SOLAR,2,COMMAND,81,SET_MAG_DIPOLE,128,1,128,1,0,0,0x18010202
1777196481.631,733951,6,4,ADCS,8,SOLAR,2,COMMAND,81,SET_MAG_DIPOLE,128,1,128,1,0,0,0x18010202
1777196482.657,734993,6,4,ADCS,8,SOLAR,2,COMMAND,81,SET_MAG_DIPOLE,128,1,128,1,0,0,0x18010202
1777196483.696,736035,6,4,ADCS,8,SOLAR,2,COMMAND,81,SET_MAG_DIPOLE,128,1,128,1,0,0,0x18010202
1777196484.739,737077,6,4,ADCS,8,SOLAR,2,COMMAND,81,SET_MAG_DIPOLE,128,1,128,1,0,0,0x18010202
1777196485.780,738119,6,4,ADCS,8,SOLAR,2,COMMAND,81,SET_MAG_DIPOLE,128,1,128,1,0,0,0x18010202
1777196486.854,739161,6,4,ADCS,8,SOLAR,2,COMMAND,81,SET_MAG_DIPOLE,128,1,128,1,0,0,0x18010202
1777196487.871,740203,6,4,ADCS,8,SOLAR,2,COMMAND,81,SET_MAG_DIPOLE,128,1,128,1,0,0,0x18010202
1777196488.907,741245,6,4,ADCS,8,SOLAR,2,COMMAND,81,SET_MAG_DIPOLE,128,1,128,1,0,0,0x18010202
1777196489.940,742287,6,4,ADCS,8,SOLAR,2,COMMAND,81,SET_MAG_DIPOLE,128,1,128,1,0,0,0x18010202
1777196490.990,743329,6,4,ADCS,8,SOLAR,2,COMMAND,81,SET_MAG_DIPOLE,128,1,128,1,0,0,0x18010202
1777196492.033,744371,6,4,ADCS,8,SOLAR,2,COMMAND,81,SET_MAG_DIPOLE,128,1,128,1,0,0,0x18010202
1777196493.116,745413,6,4,ADCS,8,SOLAR,2,COMMAND,81,SET_MAG_DIPOLE,128,1,128,1,0,0,0x18010202
1777196494.126,746455,6,4,ADCS,8,SOLAR,2,COMMAND,81,SET_MAG_DIPOLE,128,1,128,1,0,0,0x18010202
1777196495.175,747497,6,4,ADCS,8,SOLAR,2,COMMAND,81,SET_MAG_DIPOLE,128,1,128,1,0,0,0x18010202
1777196496.201,748539,6,4,ADCS,8,SOLAR,2,COMMAND,81,SET_MAG_DIPOLE,128,1,128,1,0,0,0x18010202
1777196497.253,749581,6,4,ADCS,8,SOLAR,2,COMMAND,81,SET_MAG_DIPOLE,128,1,128,1,0,0,0x18010202
1777196498.318,750623,6,4,ADCS,8,SOLAR,2,COMMAND,81,SET_MAG_DIPOLE,128,1,128,1,0,0,0x18010202
1777196499.354,751686,6,4,ADCS,8,SOLAR,2,COMMAND,81,SET_MAG_DIPOLE,128,1,128,1,0,0,0x18010202
1777196500.394,752728,6,4,ADCS,8,SOLAR,2,COMMAND,81,SET_MAG_DIPOLE,128,1,128,1,0,0,0x18010202
1777196501.432,753770,6,4,ADCS,8,SOLAR,2,COMMAND,81,SET_MAG_DIPOLE,128,1,128,1,0,0,0x18010202
1777196502.473,754812,6,4,ADCS,8,SOLAR,2,COMMAND,81,SET_MAG_DIPOLE,128,1,128,1,0,0,0x18010202
1777196503.550,755854,6,4,ADCS,8,SOLAR,2,COMMAND,81,SET_MAG_DIPOLE,128,1,128,1,0,0,0x18010202
1777196504.570,756896,6,4,ADCS,8,SOLAR,2,COMMAND,81,SET_MAG_DIPOLE,128,1,128,1,0,0,0x18010202
1777196505.600,757938,6,4,ADCS,8,SOLAR,2,COMMAND,81,SET_MAG_DIPOLE,128,1,128,1,0,0,0x18010202
1777196506.652,758980,6,4,ADCS,8,SOLAR,2,COMMAND,81,SET_MAG_DIPOLE,128,1,128,1,0,0,0x18010202
1777196507.684,760022,6,4,ADCS,8,SOLAR,2,COMMAND,81,SET_MAG_DIPOLE,128,1,128,1,0,0,0x18010202
1777196508.726,761064,6,4,ADCS,8,SOLAR,2,COMMAND,81,SET_MAG_DIPOLE,128,1,128,1,0,0,0x18010202
1777196509.793,762106,6,4,ADCS,8,SOLAR,2,COMMAND,81,SET_MAG_DIPOLE,128,1,128,1,0,0,0x18010202
1777196510.818,763148,6,4,ADCS,8,SOLAR,2,COMMAND,81,SET_MAG_DIPOLE,128,1,128,1,0,0,0x18010202
1777196511.852,764190,6,4,ADCS,8,SOLAR,2,COMMAND,81,SET_MAG_DIPOLE,128,1,128,1,0,0,0x18010202
1777196512.894,765232,6,4,ADCS,8,SOLAR,2,COMMAND,81,SET_MAG_DIPOLE,128,1,128,1,0,0,0x18010202
1777196513.937,766274,6,4,ADCS,8,SOLAR,2,COMMAND,81,SET_MAG_DIPOLE,128,1,128,1,0,0,0x18010202
1777196515.014,767316,6,4,ADCS,8,SOLAR,2,COMMAND,81,SET_MAG_DIPOLE,128,1,128,1,0,0,0x18010202
1777196516.038,768358,6,4,ADCS,8,SOLAR,2,COMMAND,81,SET_MAG_DIPOLE,128,1,128,1,0,0,0x18010202
1777196517.068,769400,6,4,ADCS,8,SOLAR,2,COMMAND,81,SET_MAG_DIPOLE,128,1,128,1,0,0,0x18010202
1777196518.107,770442,6,4,ADCS,8,SOLAR,2,COMMAND,81,SET_MAG_DIPOLE,128,1,128,1,0,0,0x18010202
1777196519.146,771484,6,4,ADCS,8,SOLAR,2,COMMAND,81,SET_MAG_DIPOLE,128,1,128,1,0,0,0x18010202
1777196520.185,772526,6,4,ADCS,8,SOLAR,2,COMMAND,81,SET_MAG_DIPOLE,128,1,128,1,0,0,0x18010202
1777196521.261,773568,6,4,ADCS,8,SOLAR,2,COMMAND,81,SET_MAG_DIPOLE,128,1,128,1,0,0,0x18010202
1777196522.285,774610,6,4,ADCS,8,SOLAR,2,COMMAND,81,SET_MAG_DIPOLE,128,1,128,1,0,0,0x18010202
1777196523.317,775652,6,4,ADCS,8,SOLAR,2,COMMAND,81,SET_MAG_DIPOLE,128,1,128,1,0,0,0x18010202
1777196524.361,776694,6,4,ADCS,8,SOLAR,2,COMMAND,81,SET_MAG_DIPOLE,128,1,128,1,0,0,0x18010202
1777196525.396,777736,6,4,ADCS,8,SOLAR,2,COMMAND,81,SET_MAG_DIPOLE,128,1,128,1,0,0,0x18010202
1777196526.442,778778,6,4,ADCS,8,SOLAR,2,COMMAND,81,SET_MAG_DIPOLE,128,1,128,1,0,0,0x18010202
1777196527.517,779820,6,4,ADCS,8,SOLAR,2,COMMAND,81,SET_MAG_DIPOLE,128,1,128,1,0,0,0x18010202
1777196528.536,780862,6,4,ADCS,8,SOLAR,2,COMMAND,81,SET_MAG_DIPOLE,128,1,128,1,0,0,0x18010202
1777196529.567,781904,6,4,ADCS,8,SOLAR,2,COMMAND,81,SET_MAG_DIPOLE,128,1,128,1,0,0,0x18010202
1777196530.608,782946,6,4,ADCS,8,SOLAR,2,COMMAND,81,SET_MAG_DIPOLE,128,1,128,1,0,0,0x18010202
1777196531.650,783988,6,4,ADCS,8,SOLAR,2,COMMAND,81,SET_MAG_DIPOLE,128,1,128,1,0,0,0x18010202
1777196532.717,785030,6,4,ADCS,8,SOLAR,2,COMMAND,81,SET_MAG_DIPOLE,128,1,128,1,0,0,0x18010202
1777196533.755,786072,6,4,ADCS,8,SOLAR,2,COMMAND,81,SET_MAG_DIPOLE,128,1,128,1,0,0,0x18010202
1777196534.781,787114,6,4,ADCS,8,SOLAR,2,COMMAND,81,SET_MAG_DIPOLE,128,1,128,1,0,0,0x18010202
1777196535.818,788156,6,4,ADCS,8,SOLAR,2,COMMAND,81,SET_MAG_DIPOLE,128,1,128,1,0,0,0x18010202
1777196536.860,789198,6,4,ADCS,8,SOLAR,2,COMMAND,81,SET_MAG_DIPOLE,128,1,128,1,0,0,0x18010202
1777196537.904,790240,6,4,ADCS,8,SOLAR,2,COMMAND,81,SET_MAG_DIPOLE,128,1,128,1,0,0,0x18010202
1777196538.978,791282,6,4,ADCS,8,SOLAR,2,COMMAND,81,SET_MAG_DIPOLE,128,1,128,1,0,0,0x18010202
1777196540.005,792324,6,4,ADCS,8,SOLAR,2,COMMAND,81,SET_MAG_DIPOLE,128,1,128,1,0,0,0x18010202
1777196541.028,793366,6,4,ADCS,8,SOLAR,2,COMMAND,81,SET_MAG_DIPOLE,128,1,128,1,0,0,0x18010202
1777196542.070,794408,6,4,ADCS,8,SOLAR,2,COMMAND,81,SET_MAG_DIPOLE,128,1,128,1,0,0,0x18010202
1777196543.112,795450,6,4,ADCS,8,SOLAR,2,COMMAND,81,SET_MAG_DIPOLE,128,1,128,1,0,0,0x18010202
1777196544.154,796492,6,4,ADCS,8,SOLAR,2,COMMAND,81,SET_MAG_DIPOLE,128,1,128,1,0,0,0x18010202
1777196545.225,797534,6,4,ADCS,8,SOLAR,2,COMMAND,81,SET_MAG_DIPOLE,128,1,128,1,0,0,0x18010202
1777196546.249,798576,6,4,ADCS,8,SOLAR,2,COMMAND,81,SET_MAG_DIPOLE,128,1,128,1,0,0,0x18010202
1777196547.281,799618,6,4,ADCS,8,SOLAR,2,COMMAND,81,SET_MAG_DIPOLE,128,1,128,1,0,0,0x18010202
1777196548.322,800660,6,4,ADCS,8,SOLAR,2,COMMAND,81,SET_MAG_DIPOLE,128,1,128,1,0,0,0x18010202
1777196549.420,801723,6,4,ADCS,8,SOLAR,2,COMMAND,81,SET_MAG_DIPOLE,128,1,128,1,0,0,0x18010202
1777196550.448,802765,6,4,ADCS,8,SOLAR,2,COMMAND,81,SET_MAG_DIPOLE,128,1,128,1,0,0,0x18010202
1777196551.471,803807,6,4,ADCS,8,SOLAR,2,COMMAND,81,SET_MAG_DIPOLE,128,1,128,1,0,0,0x18010202
1777196552.511,804849,6,4,ADCS,8,SOLAR,2,COMMAND,81,SET_MAG_DIPOLE,128,1,128,1,0,0,0x18010202
1777196553.561,805891,6,4,ADCS,8,SOLAR,2,COMMAND,81,SET_MAG_DIPOLE,128,1,128,1,0,0,0x18010202
1777196554.584,806933,6,4,ADCS,8,SOLAR,2,COMMAND,81,SET_MAG_DIPOLE,128,1,128,1,0,0,0x18010202
1777196555.669,807975,6,4,ADCS,8,SOLAR,2,COMMAND,81,SET_MAG_DIPOLE,128,1,128,1,0,0,0x18010202
1777196556.701,809017,6,4,ADCS,8,SOLAR,2,COMMAND,81,SET_MAG_DIPOLE,128,1,128,1,0,0,0x18010202
1777196557.721,810059,6,4,ADCS,8,SOLAR,2,COMMAND,81,SET_MAG_DIPOLE,128,1,128,1,0,0,0x18010202
1777196558.763,811101,6,4,ADCS,8,SOLAR,2,COMMAND,81,SET_MAG_DIPOLE,128,1,128,1,0,0,0x18010202
1777196559.825,812143,6,4,ADCS,8,SOLAR,2,COMMAND,81,SET_MAG_DIPOLE,128,1,128,1,0,0,0x18010202
1777196560.848,813185,6,4,ADCS,8,SOLAR,2,COMMAND,81,SET_MAG_DIPOLE,128,1,128,1,0,0,0x18010202
1777196561.931,814227,6,4,ADCS,8,SOLAR,2,COMMAND,81,SET_MAG_DIPOLE,128,1,128,1,0,0,0x18010202
1777196562.936,815269,6,4,ADCS,8,SOLAR,2,COMMAND,81,SET_MAG_DIPOLE,128,1,128,1,0,0,0x18010202
1777196563.981,816311,6,4,ADCS,8,SOLAR,2,COMMAND,81,SET_MAG_DIPOLE,128,1,128,1,0,0,0x18010202
1777196565.009,817353,6,4,ADCS,8,SOLAR,2,COMMAND,81,SET_MAG_DIPOLE,128,1,128,1,0,0,0x18010202
1777196580.479,5259,6,4,ADCS,8,SOLAR,2,COMMAND,81,SET_MAG_DIPOLE,128,1,128,1,0,0,0x18010202
1777196581.489,6259,6,4,ADCS,8,SOLAR,2,COMMAND,81,SET_MAG_DIPOLE,128,1,128,1,0,0,0x18010202
1777196582.510,7281,6,4,ADCS,8,SOLAR,2,COMMAND,81,SET_MAG_DIPOLE,128,1,128,1,0,0,0x18010202
1777196583.551,8323,6,4,ADCS,8,SOLAR,2,COMMAND,81,SET_MAG_DIPOLE,128,1,128,1,0,0,0x18010202
1777196584.586,9365,6,4,ADCS,8,SOLAR,2,COMMAND,81,SET_MAG_DIPOLE,128,1,128,1,0,0,0x18010202
1777196585.676,10407,6,4,ADCS,8,SOLAR,2,COMMAND,81,SET_MAG_DIPOLE,128,1,128,1,0,0,0x18010202
1777196586.695,11449,6,4,ADCS,8,SOLAR,2,COMMAND,81,SET_MAG_DIPOLE,128,1,128,1,0,0,0x18010202
1777196587.723,12491,6,4,ADCS,8,SOLAR,2,COMMAND,81,SET_MAG_DIPOLE,128,1,128,1,0,0,0x18010202
1777196588.757,13533,6,4,ADCS,8,SOLAR,2,COMMAND,81,SET_MAG_DIPOLE,128,1,128,1,0,0,0x18010202
1777196589.803,14575,6,4,ADCS,8,SOLAR,2,COMMAND,81,SET_MAG_DIPOLE,128,1,128,1,0,0,0x18010202
1777196590.845,15617,6,4,ADCS,8,SOLAR,2,COMMAND,81,SET_MAG_DIPOLE,128,1,128,1,0,0,0x18010202
1777196591.918,16659,6,4,ADCS,8,SOLAR,2,COMMAND,81,SET_MAG_DIPOLE,128,1,128,1,0,0,0x18010202
1777196592.945,17701,6,4,ADCS,8,SOLAR,2,COMMAND,81,SET_MAG_DIPOLE,128,1,128,1,0,0,0x18010202
1777196593.971,18743,6,4,ADCS,8,SOLAR,2,COMMAND,81,SET_MAG_DIPOLE,128,1,128,1,0,0,0x18010202
1777196595.013,19785,6,4,ADCS,8,SOLAR,2,COMMAND,81,SET_MAG_DIPOLE,128,1,128,1,0,0,0x18010202
1777196596.055,20827,6,4,ADCS,8,SOLAR,2,COMMAND,81,SET_MAG_DIPOLE,128,1,128,1,0,0,0x18010202
1777196597.096,21869,6,4,ADCS,8,SOLAR,2,COMMAND,81,SET_MAG_DIPOLE,128,1,128,1,0,0,0x18010202
1777196598.166,22911,6,4,ADCS,8,SOLAR,2,COMMAND,81,SET_MAG_DIPOLE,128,1,128,1,0,0,0x18010202
1777196599.188,23953,6,4,ADCS,8,SOLAR,2,COMMAND,81,SET_MAG_DIPOLE,128,1,128,1,0,0,0x18010202
1777196600.222,24995,6,4,ADCS,8,SOLAR,2,COMMAND,81,SET_MAG_DIPOLE,128,1,128,1,0,0,0x18010202
1777196601.264,26037,6,4,ADCS,8,SOLAR,2,COMMAND,81,SET_MAG_DIPOLE,128,1,128,1,0,0,0x18010202
1777196602.307,27079,6,4,ADCS,8,SOLAR,2,COMMAND,81,SET_MAG_DIPOLE,128,1,128,1,0,0,0x18010202
1777196603.379,28121,6,4,ADCS,8,SOLAR,2,COMMAND,81,SET_MAG_DIPOLE,128,1,128,1,0,0,0x18010202
1777196604.414,29163,6,4,ADCS,8,SOLAR,2,COMMAND,81,SET_MAG_DIPOLE,128,1,128,1,0,0,0x18010202
1777196605.439,30205,6,4,ADCS,8,SOLAR,2,COMMAND,81,SET_MAG_DIPOLE,128,1,128,1,0,0,0x18010202
1777196606.476,31247,6,4,ADCS,8,SOLAR,2,COMMAND,81,SET_MAG_DIPOLE,128,1,128,1,0,0,0x18010202
1777196607.517,32289,6,4,ADCS,8,SOLAR,2,COMMAND,81,SET_MAG_DIPOLE,128,1,128,1,0,0,0x18010202
1777196608.560,33331,6,4,ADCS,8,SOLAR,2,COMMAND,81,SET_MAG_DIPOLE,128,1,128,1,0,0,0x18010202
1777196609.635,34373,6,4,ADCS,8,SOLAR,2,COMMAND,81,SET_MAG_DIPOLE,128,1,128,1,0,0,0x18010202
1777196610.648,35415,6,4,ADCS,8,SOLAR,2,COMMAND,81,SET_MAG_DIPOLE,128,1,128,1,0,0,0x18010202
1777196611.686,36457,6,4,ADCS,8,SOLAR,2,COMMAND,81,SET_MAG_DIPOLE,128,1,128,1,0,0,0x18010202
1777196612.727,37499,6,4,ADCS,8,SOLAR,2,COMMAND,81,SET_MAG_DIPOLE,128,1,128,1,0,0,0x18010202
1777196613.732,38500,6,4,ADCS,8,SOLAR,2,COMMAND,81,SET_MAG_DIPOLE,128,1,128,1,0,0,0x18010202
1777196614.810,39581,6,4,ADCS,8,SOLAR,2,COMMAND,81,SET_MAG_DIPOLE,128,1,128,1,0,0,0x18010202
1777196615.883,40611,6,4,ADCS,8,SOLAR,2,COMMAND,81,SET_MAG_DIPOLE,128,1,128,1,0,0,0x18010202
1777196616.857,41625,6,4,ADCS,8,SOLAR,2,COMMAND,81,SET_MAG_DIPOLE,128,1,128,1,0,0,0x18010202
1777196617.869,42640,6,4,ADCS,8,SOLAR,2,COMMAND,81,SET_MAG_DIPOLE,128,1,128,1,0,0,0x18010202
1777196618.883,43654,6,4,ADCS,8,SOLAR,2,COMMAND,81,SET_MAG_DIPOLE,128,1,128,1,0,0,0x18010202
1777196619.898,44669,6,4,ADCS,8,SOLAR,2,COMMAND,81,SET_MAG_DIPOLE,128,1,128,1,0,0,0x18010202
1777196620.912,45683,6,4,ADCS,8,SOLAR,2,COMMAND,81,SET_MAG_DIPOLE,128,1,128,1,0,0,0x18010202
1777196621.927,46697,6,4,ADCS,8,SOLAR,2,COMMAND,81,SET_MAG_DIPOLE,128,1,128,1,0,0,0x18010202
1777196622.948,47712,6,4,ADCS,8,SOLAR,2,COMMAND,81,SET_MAG_DIPOLE,128,1,128,1,0,0,0x18010202
1777196623.969,48726,6,4,ADCS,8,SOLAR,2,COMMAND,81,SET_MAG_DIPOLE,128,1,128,1,0,0,0x18010202
1777196624.997,49741,6,4,ADCS,8,SOLAR,2,COMMAND,81,SET_MAG_DIPOLE,128,1,128,1,0,0,0x18010202
1777196626.016,50757,6,4,ADCS,8,SOLAR,2,COMMAND,81,SET_MAG_DIPOLE,128,1,128,1,0,0,0x18010202
1777196627.000,51770,6,4,ADCS,8,SOLAR,2,COMMAND,81,SET_MAG_DIPOLE,128,1,128,1,0,0,0x18010202
1777196628.013,52784,6,4,ADCS,8,SOLAR,2,COMMAND,81,SET_MAG_DIPOLE,128,1,128,1,0,0,0x18010202
1777196629.027,53798,6,4,ADCS,8,SOLAR,2,COMMAND,81,SET_MAG_DIPOLE,128,1,128,1,0,0,0x18010202
1777196630.044,54813,6,4,ADCS,8,SOLAR,2,COMMAND,81,SET_MAG_DIPOLE,128,1,128,1,0,0,0x18010202
1777196631.056,55827,6,4,ADCS,8,SOLAR,2,COMMAND,81,SET_MAG_DIPOLE,128,1,128,1,0,0,0x18010202
1777196632.072,56842,6,4,ADCS,8,SOLAR,2,COMMAND,81,SET_MAG_DIPOLE,128,1,128,1,0,0,0x18010202
1777196633.086,57856,6,4,ADCS,8,SOLAR,2,COMMAND,81,SET_MAG_DIPOLE,128,1,128,1,0,0,0x18010202
1777196634.113,58870,6,4,ADCS,8,SOLAR,2,COMMAND,81,SET_MAG_DIPOLE,128,1,128,1,0,0,0x18010202
1777196635.136,59885,6,4,ADCS,8,SOLAR,2,COMMAND,81,SET_MAG_DIPOLE,128,1,128,1,0,0,0x18010202
1777196636.153,60899,6,4,ADCS,8,SOLAR,2,COMMAND,81,SET_MAG_DIPOLE,128,1,128,1,0,0,0x18010202
1777196637.190,61913,6,4,ADCS,8,SOLAR,2,COMMAND,81,SET_MAG_DIPOLE,128,1,128,1,0,0,0x18010202
1777196638.157,62928,6,4,ADCS,8,SOLAR,2,COMMAND,81,SET_MAG_DIPOLE,128,1,128,1,0,0,0x18010202
1777196639.172,63942,6,4,ADCS,8,SOLAR,2,COMMAND,81,SET_MAG_DIPOLE,128,1,128,1,0,0,0x18010202
1777196640.186,64956,6,4,ADCS,8,SOLAR,2,COMMAND,81,SET_MAG_DIPOLE,128,1,128,1,0,0,0x18010202
1777196641.200,65971,6,4,ADCS,8,SOLAR,2,COMMAND,81,SET_MAG_DIPOLE,128,1,128,1,0,0,0x18010202
1777196642.214,66985,6,4,ADCS,8,SOLAR,2,COMMAND,81,SET_MAG_DIPOLE,128,1,128,1,0,0,0x18010202
1777196643.229,67999,6,4,ADCS,8,SOLAR,2,COMMAND,81,SET_MAG_DIPOLE,128,1,128,1,0,0,0x18010202
1777196644.250,69014,6,4,ADCS,8,SOLAR,2,COMMAND,81,SET_MAG_DIPOLE,128,1,128,1,0,0,0x18010202
1777196645.272,70028,6,4,ADCS,8,SOLAR,2,COMMAND,81,SET_MAG_DIPOLE,128,1,128,1,0,0,0x18010202
1777196646.290,71042,6,4,ADCS,8,SOLAR,2,COMMAND,81,SET_MAG_DIPOLE,128,1,128,1,0,0,0x18010202
1777196647.315,72057,6,4,ADCS,8,SOLAR,2,COMMAND,81,SET_MAG_DIPOLE,128,1,128,1,0,0,0x18010202
1777196648.289,73071,6,4,ADCS,8,SOLAR,2,COMMAND,81,SET_MAG_DIPOLE,128,1,128,1,0,0,0x18010202
1777196649.327,74085,6,4,ADCS,8,SOLAR,2,COMMAND,81,SET_MAG_DIPOLE,128,1,128,1,0,0,0x18010202
1777196650.329,75100,6,4,ADCS,8,SOLAR,2,COMMAND,81,SET_MAG_DIPOLE,128,1,128,1,0,0,0x18010202
1777196651.344,76114,6,4,ADCS,8,SOLAR,2,COMMAND,81,SET_MAG_DIPOLE,128,1,128,1,0,0,0x18010202
1777196652.358,77128,6,4,ADCS,8,SOLAR,2,COMMAND,81,SET_MAG_DIPOLE,128,1,128,1,0,0,0x18010202
1777196653.366,78143,6,4,ADCS,8,SOLAR,2,COMMAND,81,SET_MAG_DIPOLE,128,1,128,1,0,0,0x18010202
1777196654.387,79157,6,4,ADCS,8,SOLAR,2,COMMAND,81,SET_MAG_DIPOLE,128,1,128,1,0,0,0x18010202
1777196655.412,80171,6,4,ADCS,8,SOLAR,2,COMMAND,81,SET_MAG_DIPOLE,128,1,128,1,0,0,0x18010202
1777196656.429,81185,6,4,ADCS,8,SOLAR,2,COMMAND,81,SET_MAG_DIPOLE,128,1,128,1,0,0,0x18010202
1777196657.459,82199,6,4,ADCS,8,SOLAR,2,COMMAND,81,SET_MAG_DIPOLE,128,1,128,1,0,0,0x18010202
1777196658.482,83214,6,4,ADCS,8,SOLAR,2,COMMAND,81,SET_MAG_DIPOLE,128,1,128,1,0,0,0x18010202
1777196659.458,84228,6,4,ADCS,8,SOLAR,2,COMMAND,81,SET_MAG_DIPOLE,128,1,128,1,0,0,0x18010202
1777196660.471,85242,6,4,ADCS,8,SOLAR,2,COMMAND,81,SET_MAG_DIPOLE,128,1,128,1,0,0,0x18010202
1777196661.486,86257,6,4,ADCS,8,SOLAR,2,COMMAND,81,SET_MAG_DIPOLE,128,1,128,1,0,0,0x18010202
1777196662.501,87271,6,4,ADCS,8,SOLAR,2,COMMAND,81,SET_MAG_DIPOLE,128,1,128,1,0,0,0x18010202
1777196663.514,88285,6,4,ADCS,8,SOLAR,2,COMMAND,81,SET_MAG_DIPOLE,128,1,128,1,0,0,0x18010202
1777196664.529,89299,6,4,ADCS,8,SOLAR,2,COMMAND,81,SET_MAG_DIPOLE,128,1,128,1,0,0,0x18010202
1777196665.550,90313,6,4,ADCS,8,SOLAR,2,COMMAND,81,SET_MAG_DIPOLE,128,1,128,1,0,0,0x18010202
1777196666.573,91327,6,4,ADCS,8,SOLAR,2,COMMAND,81,SET_MAG_DIPOLE,128,1,128,1,0,0,0x18010202
1777196667.605,92341,6,4,ADCS,8,SOLAR,2,COMMAND,81,SET_MAG_DIPOLE,128,1,128,1,0,0,0x18010202
1777196668.622,93356,6,4,ADCS,8,SOLAR,2,COMMAND,81,SET_MAG_DIPOLE,128,1,128,1,0,0,0x18010202
1777196669.600,94370,6,4,ADCS,8,SOLAR,2,COMMAND,81,SET_MAG_DIPOLE,128,1,128,1,0,0,0x18010202
1777196670.614,95384,6,4,ADCS,8,SOLAR,2,COMMAND,81,SET_MAG_DIPOLE,128,1,128,1,0,0,0x18010202
1777196671.627,96398,6,4,ADCS,8,SOLAR,2,COMMAND,81,SET_MAG_DIPOLE,128,1,128,1,0,0,0x18010202
1777196672.637,97412,6,4,ADCS,8,SOLAR,2,COMMAND,81,SET_MAG_DIPOLE,128,1,128,1,0,0,0x18010202
1777196673.658,98427,6,4,ADCS,8,SOLAR,2,COMMAND,81,SET_MAG_DIPOLE,128,1,128,1,0,0,0x18010202
1777196674.671,99441,6,4,ADCS,8,SOLAR,2,COMMAND,81,SET_MAG_DIPOLE,128,1,128,1,0,0,0x18010202
1777196675.687,100457,6,4,ADCS,8,SOLAR,2,COMMAND,81,SET_MAG_DIPOLE,128,1,128,1,0,0,0x18010202
1777196676.706,101470,6,4,ADCS,8,SOLAR,2,COMMAND,81,SET_MAG_DIPOLE,128,1,128,1,0,0,0x18010202
1777196677.730,102484,6,4,ADCS,8,SOLAR,2,COMMAND,81,SET_MAG_DIPOLE,128,1,128,1,0,0,0x18010202
1777196678.760,103498,6,4,ADCS,8,SOLAR,2,COMMAND,81,SET_MAG_DIPOLE,128,1,128,1,0,0,0x18010202
1777196679.784,104512,6,4,ADCS,8,SOLAR,2,COMMAND,81,SET_MAG_DIPOLE,128,1,128,1,0,0,0x18010202
1777196680.756,105526,6,4,ADCS,8,SOLAR,2,COMMAND,81,SET_MAG_DIPOLE,128,1,128,1,0,0,0x18010202
1777196681.770,106541,6,4,ADCS,8,SOLAR,2,COMMAND,81,SET_MAG_DIPOLE,128,1,128,1,0,0,0x18010202
1777196682.785,107555,6,4,ADCS,8,SOLAR,2,COMMAND,81,SET_MAG_DIPOLE,128,1,128,1,0,0,0x18010202
1777196683.799,108569,6,4,ADCS,8,SOLAR,2,COMMAND,81,SET_MAG_DIPOLE,128,1,128,1,0,0,0x18010202
1777196684.813,109583,6,4,ADCS,8,SOLAR,2,COMMAND,81,SET_MAG_DIPOLE,128,1,128,1,0,0,0x18010202
1777196685.828,110598,6,4,ADCS,8,SOLAR,2,COMMAND,81,SET_MAG_DIPOLE,128,1,128,1,0,0,0x18010202
1777196686.848,111612,6,4,ADCS,8,SOLAR,2,COMMAND,81,SET_MAG_DIPOLE,128,1,128,1,0,0,0x18010202
1777196687.870,112626,6,4,ADCS,8,SOLAR,2,COMMAND,81,SET_MAG_DIPOLE,128,1,128,1,0,0,0x18010202
1777196688.906,113640,6,4,ADCS,8,SOLAR,2,COMMAND,81,SET_MAG_DIPOLE,128,1,128,1,0,0,0x18010202
1777196689.923,114654,6,4,ADCS,8,SOLAR,2,COMMAND,81,SET_MAG_DIPOLE,128,1,128,1,0,0,0x18010202
1777196690.898,115669,6,4,ADCS,8,SOLAR,2,COMMAND,81,SET_MAG_DIPOLE,128,1,128,1,0,0,0x18010202
1777196691.915,116683,6,4,ADCS,8,SOLAR,2,COMMAND,81,SET_MAG_DIPOLE,128,1,128,1,0,0,0x18010202
1777196692.927,117697,6,4,ADCS,8,SOLAR,2,COMMAND,81,SET_MAG_DIPOLE,128,1,128,1,0,0,0x18010202
1777196693.943,118711,6,4,ADCS,8,SOLAR,2,COMMAND,81,SET_MAG_DIPOLE,128,1,128,1,0,0,0x18010202
1777196694.956,119726,6,4,ADCS,8,SOLAR,2,COMMAND,81,SET_MAG_DIPOLE,128,1,128,1,0,0,0x18010202
1777196695.970,120740,6,4,ADCS,8,SOLAR,2,COMMAND,81,SET_MAG_DIPOLE,128,1,128,1,0,0,0x18010202
1777196696.985,121754,6,4,ADCS,8,SOLAR,2,COMMAND,81,SET_MAG_DIPOLE,128,1,128,1,0,0,0x18010202
1777196698.012,122768,6,4,ADCS,8,SOLAR,2,COMMAND,81,SET_MAG_DIPOLE,128,1,128,1,0,0,0x18010202
1777196699.035,123783,6,4,ADCS,8,SOLAR,2,COMMAND,81,SET_MAG_DIPOLE,128,1,128,1,0,0,0x18010202
1777196700.049,124797,6,4,ADCS,8,SOLAR,2,COMMAND,81,SET_MAG_DIPOLE,128,1,128,1,0,0,0x18010202
1777196701.081,125811,6,4,ADCS,8,SOLAR,2,COMMAND,81,SET_MAG_DIPOLE,128,1,128,1,0,0,0x18010202
1777196702.048,126825,6,4,ADCS,8,SOLAR,2,COMMAND,81,SET_MAG_DIPOLE,128,1,128,1,0,0,0x18010202
1777196703.069,127839,6,4,ADCS,8,SOLAR,2,COMMAND,81,SET_MAG_DIPOLE,128,1,128,1,0,0,0x18010202
1777196704.084,128853,6,4,ADCS,8,SOLAR,2,COMMAND,81,SET_MAG_DIPOLE,128,1,128,1,0,0,0x18010202
1777196705.097,129867,6,4,ADCS,8,SOLAR,2,COMMAND,81,SET_MAG_DIPOLE,128,1,128,1,0,0,0x18010202
1777196706.111,130882,6,4,ADCS,8,SOLAR,2,COMMAND,81,SET_MAG_DIPOLE,128,1,128,1,0,0,0x18010202
1777196707.126,131896,6,4,ADCS,8,SOLAR,2,COMMAND,81,SET_MAG_DIPOLE,128,1,128,1,0,0,0x18010202
1777196708.150,132910,6,4,ADCS,8,SOLAR,2,COMMAND,81,SET_MAG_DIPOLE,128,1,128,1,0,0,0x18010202
1777196709.173,133924,6,4,ADCS,8,SOLAR,2,COMMAND,81,SET_MAG_DIPOLE,128,1,128,1,0,0,0x18010202
1777196710.193,134938,6,4,ADCS,8,SOLAR,2,COMMAND,81,SET_MAG_DIPOLE,128,1,128,1,0,0,0x18010202
1777196711.222,135952,6,4,ADCS,8,SOLAR,2,COMMAND,81,SET_MAG_DIPOLE,128,1,128,1,0,0,0x18010202
1777196712.197,136967,6,4,ADCS,8,SOLAR,2,COMMAND,81,SET_MAG_DIPOLE,128,1,128,1,0,0,0x18010202
1777196713.211,137981,6,4,ADCS,8,SOLAR,2,COMMAND,81,SET_MAG_DIPOLE,128,1,128,1,0,0,0x18010202
1777196714.233,138995,6,4,ADCS,8,SOLAR,2,COMMAND,81,SET_MAG_DIPOLE,128,1,128,1,0,0,0x18010202
1777196715.240,140009,6,4,ADCS,8,SOLAR,2,COMMAND,81,SET_MAG_DIPOLE,128,1,128,1,0,0,0x18010202
1777196716.253,141023,6,4,ADCS,8,SOLAR,2,COMMAND,81,SET_MAG_DIPOLE,128,1,128,1,0,0,0x18010202
1777196717.268,142038,6,4,ADCS,8,SOLAR,2,COMMAND,81,SET_MAG_DIPOLE,128,1,128,1,0,0,0x18010202
1777196718.284,143052,6,4,ADCS,8,SOLAR,2,COMMAND,81,SET_MAG_DIPOLE,128,1,128,1,0,0,0x18010202
1777196719.309,144066,6,4,ADCS,8,SOLAR,2,COMMAND,81,SET_MAG_DIPOLE,128,1,128,1,0,0,0x18010202
1777196720.335,145080,6,4,ADCS,8,SOLAR,2,COMMAND,81,SET_MAG_DIPOLE,128,1,128,1,0,0,0x18010202
1777196721.358,146094,6,4,ADCS,8,SOLAR,2,COMMAND,81,SET_MAG_DIPOLE,128,1,128,1,0,0,0x18010202
1777196722.385,147108,6,4,ADCS,8,SOLAR,2,COMMAND,81,SET_MAG_DIPOLE,128,1,128,1,0,0,0x18010202
1777196723.354,148123,6,4,ADCS,8,SOLAR,2,COMMAND,81,SET_MAG_DIPOLE,128,1,128,1,0,0,0x18010202
1777196724.368,149137,6,4,ADCS,8,SOLAR,2,COMMAND,81,SET_MAG_DIPOLE,128,1,128,1,0,0,0x18010202
1777196725.382,150151,6,4,ADCS,8,SOLAR,2,COMMAND,81,SET_MAG_DIPOLE,128,1,128,1,0,0,0x18010202
1777196733.128,5294,6,4,ADCS,8,SOLAR,2,COMMAND,81,SET_MAG_DIPOLE,128,1,128,1,0,0,0x18010202
1777196734.160,6309,6,4,ADCS,8,SOLAR,2,COMMAND,81,SET_MAG_DIPOLE,128,1,128,1,0,0,0x18010202
1777196735.139,7323,6,4,ADCS,8,SOLAR,2,COMMAND,81,SET_MAG_DIPOLE,128,1,128,1,0,0,0x18010202
1777196736.151,8337,6,4,ADCS,8,SOLAR,2,COMMAND,81,SET_MAG_DIPOLE,128,1,128,1,0,0,0x18010202
1777196737.164,9351,6,4,ADCS,8,SOLAR,2,COMMAND,81,SET_MAG_DIPOLE,128,1,128,1,0,0,0x18010202
1777196738.179,10366,6,4,ADCS,8,SOLAR,2,COMMAND,81,SET_MAG_DIPOLE,128,1,128,1,0,0,0x18010202
1777196739.194,11380,6,4,ADCS,8,SOLAR,2,COMMAND,81,SET_MAG_DIPOLE,128,1,128,1,0,0,0x18010202
1777196740.209,12394,6,4,ADCS,8,SOLAR,2,COMMAND,81,SET_MAG_DIPOLE,128,1,128,1,0,0,0x18010202
1777196741.223,13408,6,4,ADCS,8,SOLAR,2,COMMAND,81,SET_MAG_DIPOLE,128,1,128,1,0,0,0x18010202
1777196742.249,14422,6,4,ADCS,8,SOLAR,2,COMMAND,81,SET_MAG_DIPOLE,128,1,128,1,0,0,0x18010202
1777196743.272,15437,6,4,ADCS,8,SOLAR,2,COMMAND,81,SET_MAG_DIPOLE,128,1,128,1,0,0,0x18010202
1777196744.291,16451,6,4,ADCS,8,SOLAR,2,COMMAND,81,SET_MAG_DIPOLE,128,1,128,1,0,0,0x18010202
1777196745.323,17465,6,4,ADCS,8,SOLAR,2,COMMAND,81,SET_MAG_DIPOLE,128,1,128,1,0,0,0x18010202
1777196746.294,18480,6,4,ADCS,8,SOLAR,2,COMMAND,81,SET_MAG_DIPOLE,128,1,128,1,0,0,0x18010202
1777196747.307,19494,6,4,ADCS,8,SOLAR,2,COMMAND,81,SET_MAG_DIPOLE,128,1,128,1,0,0,0x18010202
1777196748.323,20508,6,4,ADCS,8,SOLAR,2,COMMAND,81,SET_MAG_DIPOLE,128,1,128,1,0,0,0x18010202
1777196749.335,21522,6,4,ADCS,8,SOLAR,2,COMMAND,81,SET_MAG_DIPOLE,128,1,128,1,0,0,0x18010202
1777196750.350,22536,6,4,ADCS,8,SOLAR,2,COMMAND,81,SET_MAG_DIPOLE,128,1,128,1,0,0,0x18010202
1777196751.364,23551,6,4,ADCS,8,SOLAR,2,COMMAND,81,SET_MAG_DIPOLE,128,1,128,1,0,0,0x18010202
1777196752.401,24565,6,4,ADCS,8,SOLAR,2,COMMAND,81,SET_MAG_DIPOLE,128,1,128,1,0,0,0x18010202
1777196753.412,25579,6,4,ADCS,8,SOLAR,2,COMMAND,81,SET_MAG_DIPOLE,128,1,128,1,0,0,0x18010202
1777196754.427,26593,6,4,ADCS,8,SOLAR,2,COMMAND,81,SET_MAG_DIPOLE,128,1,128,1,0,0,0x18010202
1777196755.455,27608,6,4,ADCS,8,SOLAR,2,COMMAND,81,SET_MAG_DIPOLE,128,1,128,1,0,0,0x18010202
1777196756.435,28622,6,4,ADCS,8,SOLAR,2,COMMAND,81,SET_MAG_DIPOLE,128,1,128,1,0,0,0x18010202
1777196757.449,29636,6,4,ADCS,8,SOLAR,2,COMMAND,81,SET_MAG_DIPOLE,128,1,128,1,0,0,0x18010202
1777196758.463,30650,6,4,ADCS,8,SOLAR,2,COMMAND,81,SET_MAG_DIPOLE,128,1,128,1,0,0,0x18010202
1777196759.477,31664,6,4,ADCS,8,SOLAR,2,COMMAND,81,SET_MAG_DIPOLE,128,1,128,1,0,0,0x18010202
1777196760.493,32678,6,4,ADCS,8,SOLAR,2,COMMAND,81,SET_MAG_DIPOLE,128,1,128,1,0,0,0x18010202
1777196761.505,33692,6,4,ADCS,8,SOLAR,2,COMMAND,81,SET_MAG_DIPOLE,128,1,128,1,0,0,0x18010202
1777196762.524,34706,6,4,ADCS,8,SOLAR,2,COMMAND,81,SET_MAG_DIPOLE,128,1,128,1,0,0,0x18010202
1777196763.549,35721,6,4,ADCS,8,SOLAR,2,COMMAND,81,SET_MAG_DIPOLE,128,1,128,1,0,0,0x18010202
1777196764.564,36735,6,4,ADCS,8,SOLAR,2,COMMAND,81,SET_MAG_DIPOLE,128,1,128,1,0,0,0x18010202
1777196765.599,37749,6,4,ADCS,8,SOLAR,2,COMMAND,81,SET_MAG_DIPOLE,128,1,128,1,0,0,0x18010202
1777196766.613,38763,6,4,ADCS,8,SOLAR,2,COMMAND,81,SET_MAG_DIPOLE,128,1,128,1,0,0,0x18010202
1777196767.591,39777,6,4,ADCS,8,SOLAR,2,COMMAND,81,SET_MAG_DIPOLE,128,1,128,1,0,0,0x18010202
1777196768.605,40791,6,4,ADCS,8,SOLAR,2,COMMAND,81,SET_MAG_DIPOLE,128,1,128,1,0,0,0x18010202
1777196769.619,41806,6,4,ADCS,8,SOLAR,2,COMMAND,81,SET_MAG_DIPOLE,128,1,128,1,0,0,0x18010202
1777196770.633,42820,6,4,ADCS,8,SOLAR,2,COMMAND,81,SET_MAG_DIPOLE,128,1,128,1,0,0,0x18010202
1777196771.648,43834,6,4,ADCS,8,SOLAR,2,COMMAND,81,SET_MAG_DIPOLE,128,1,128,1,0,0,0x18010202
1777196772.661,44848,6,4,ADCS,8,SOLAR,2,COMMAND,81,SET_MAG_DIPOLE,128,1,128,1,0,0,0x18010202
1777196773.684,45862,6,4,ADCS,8,SOLAR,2,COMMAND,81,SET_MAG_DIPOLE,128,1,128,1,0,0,0x18010202
1777196774.703,46876,6,4,ADCS,8,SOLAR,2,COMMAND,81,SET_MAG_DIPOLE,128,1,128,1,0,0,0x18010202
1777196775.735,47890,6,4,ADCS,8,SOLAR,2,COMMAND,81,SET_MAG_DIPOLE,128,1,128,1,0,0,0x18010202
1777196776.760,48904,6,4,ADCS,8,SOLAR,2,COMMAND,81,SET_MAG_DIPOLE,128,1,128,1,0,0,0x18010202
1777196777.733,49919,6,4,ADCS,8,SOLAR,2,COMMAND,81,SET_MAG_DIPOLE,128,1,128,1,0,0,0x18010202
1777196778.747,50933,6,4,ADCS,8,SOLAR,2,COMMAND,81,SET_MAG_DIPOLE,128,1,128,1,0,0,0x18010202
1777196779.773,51947,6,4,ADCS,8,SOLAR,2,COMMAND,81,SET_MAG_DIPOLE,128,1,128,1,0,0,0x18010202
1777196780.780,52961,6,4,ADCS,8,SOLAR,2,COMMAND,81,SET_MAG_DIPOLE,128,1,128,1,0,0,0x18010202
1777196781.792,53975,6,4,ADCS,8,SOLAR,2,COMMAND,81,SET_MAG_DIPOLE,128,1,128,1,0,0,0x18010202
1777196782.802,54989,6,4,ADCS,8,SOLAR,2,COMMAND,81,SET_MAG_DIPOLE,128,1,128,1,0,0,0x18010202
1777196783.818,56003,6,4,ADCS,8,SOLAR,2,COMMAND,81,SET_MAG_DIPOLE,128,1,128,1,0,0,0x18010202
1777196784.841,57018,6,4,ADCS,8,SOLAR,2,COMMAND,81,SET_MAG_DIPOLE,128,1,128,1,0,0,0x18010202
1777196785.873,58032,6,4,ADCS,8,SOLAR,2,COMMAND,81,SET_MAG_DIPOLE,128,1,128,1,0,0,0x18010202
1777196786.886,59046,6,4,ADCS,8,SOLAR,2,COMMAND,81,SET_MAG_DIPOLE,128,1,128,1,0,0,0x18010202
1777196787.874,60060,6,4,ADCS,8,SOLAR,2,COMMAND,81,SET_MAG_DIPOLE,128,1,128,1,0,0,0x18010202
1777196788.888,61074,6,4,ADCS,8,SOLAR,2,COMMAND,81,SET_MAG_DIPOLE,128,1,128,1,0,0,0x18010202
1777196789.903,62089,6,4,ADCS,8,SOLAR,2,COMMAND,81,SET_MAG_DIPOLE,128,1,128,1,0,0,0x18010202
1777196790.919,63103,6,4,ADCS,8,SOLAR,2,COMMAND,81,SET_MAG_DIPOLE,128,1,128,1,0,0,0x18010202
1777196791.931,64117,6,4,ADCS,8,SOLAR,2,COMMAND,81,SET_MAG_DIPOLE,128,1,128,1,0,0,0x18010202
1777196792.945,65131,6,4,ADCS,8,SOLAR,2,COMMAND,81,SET_MAG_DIPOLE,128,1,128,1,0,0,0x18010202
1777196793.963,66145,6,4,ADCS,8,SOLAR,2,COMMAND,81,SET_MAG_DIPOLE,128,1,128,1,0,0,0x18010202
1777196794.986,67159,6,4,ADCS,8,SOLAR,2,COMMAND,81,SET_MAG_DIPOLE,128,1,128,1,0,0,0x18010202
1777196796.006,68174,6,4,ADCS,8,SOLAR,2,COMMAND,81,SET_MAG_DIPOLE,128,1,128,1,0,0,0x18010202
1777196797.026,69188,6,4,ADCS,8,SOLAR,2,COMMAND,81,SET_MAG_DIPOLE,128,1,128,1,0,0,0x18010202
1777196798.059,70202,6,4,ADCS,8,SOLAR,2,COMMAND,81,SET_MAG_DIPOLE,128,1,128,1,0,0,0x18010202
1777196799.032,71216,6,4,ADCS,8,SOLAR,2,COMMAND,81,SET_MAG_DIPOLE,128,1,128,1,0,0,0x18010202
1777196800.044,72230,6,4,ADCS,8,SOLAR,2,COMMAND,81,SET_MAG_DIPOLE,128,1,128,1,0,0,0x18010202
1777196801.061,73245,6,4,ADCS,8,SOLAR,2,COMMAND,81,SET_MAG_DIPOLE,128,1,128,1,0,0,0x18010202
1777196802.073,74259,6,4,ADCS,8,SOLAR,2,COMMAND,81,SET_MAG_DIPOLE,128,1,128,1,0,0,0x18010202
1777196803.087,75273,6,4,ADCS,8,SOLAR,2,COMMAND,81,SET_MAG_DIPOLE,128,1,128,1,0,0,0x18010202
1777196804.101,76287,6,4,ADCS,8,SOLAR,2,COMMAND,81,SET_MAG_DIPOLE,128,1,128,1,0,0,0x18010202
1777196805.125,77301,6,4,ADCS,8,SOLAR,2,COMMAND,81,SET_MAG_DIPOLE,128,1,128,1,0,0,0x18010202
1777196806.153,78315,6,4,ADCS,8,SOLAR,2,COMMAND,81,SET_MAG_DIPOLE,128,1,128,1,0,0,0x18010202
1777196807.160,79329,6,4,ADCS,8,SOLAR,2,COMMAND,81,SET_MAG_DIPOLE,128,1,128,1,0,0,0x18010202
1777196808.206,80344,6,4,ADCS,8,SOLAR,2,COMMAND,81,SET_MAG_DIPOLE,128,1,128,1,0,0,0x18010202
1777196809.172,81358,6,4,ADCS,8,SOLAR,2,COMMAND,81,SET_MAG_DIPOLE,128,1,128,1,0,0,0x18010202
1777196810.186,82372,6,4,ADCS,8,SOLAR,2,COMMAND,81,SET_MAG_DIPOLE,128,1,128,1,0,0,0x18010202
1777196811.199,83386,6,4,ADCS,8,SOLAR,2,COMMAND,81,SET_MAG_DIPOLE,128,1,128,1,0,0,0x18010202
1777196812.214,84400,6,4,ADCS,8,SOLAR,2,COMMAND,81,SET_MAG_DIPOLE,128,1,128,1,0,0,0x18010202
1777196813.227,85414,6,4,ADCS,8,SOLAR,2,COMMAND,81,SET_MAG_DIPOLE,128,1,128,1,0,0,0x18010202
1777196814.246,86429,6,4,ADCS,8,SOLAR,2,COMMAND,81,SET_MAG_DIPOLE,128,1,128,1,0,0,0x18010202
1777196815.259,87443,6,4,ADCS,8,SOLAR,2,COMMAND,81,SET_MAG_DIPOLE,128,1,128,1,0,0,0x18010202
1777196816.286,88457,6,4,ADCS,8,SOLAR,2,COMMAND,81,SET_MAG_DIPOLE,128,1,128,1,0,0,0x18010202
1777196817.311,89471,6,4,ADCS,8,SOLAR,2,COMMAND,81,SET_MAG_DIPOLE,128,1,128,1,0,0,0x18010202
1777196818.327,90485,6,4,ADCS,8,SOLAR,2,COMMAND,81,SET_MAG_DIPOLE,128,1,128,1,0,0,0x18010202
1777196819.314,91499,6,4,ADCS,8,SOLAR,2,COMMAND,81,SET_MAG_DIPOLE,128,1,128,1,0,0,0x18010202
1777196820.329,92514,6,4,ADCS,8,SOLAR,2,COMMAND,81,SET_MAG_DIPOLE,128,1,128,1,0,0,0x18010202
1777196821.342,93528,6,4,ADCS,8,SOLAR,2,COMMAND,81,SET_MAG_DIPOLE,128,1,128,1,0,0,0x18010202
1777196822.357,94542,6,4,ADCS,8,SOLAR,2,COMMAND,81,SET_MAG_DIPOLE,128,1,128,1,0,0,0x18010202
1777196823.370,95556,6,4,ADCS,8,SOLAR,2,COMMAND,81,SET_MAG_DIPOLE,128,1,128,1,0,0,0x18010202
1777196824.385,96570,6,4,ADCS,8,SOLAR,2,COMMAND,81,SET_MAG_DIPOLE,128,1,128,1,0,0,0x18010202
1777196825.398,97584,6,4,ADCS,8,SOLAR,2,COMMAND,81,SET_MAG_DIPOLE,128,1,128,1,0,0,0x18010202
1777196826.428,98598,6,4,ADCS,8,SOLAR,2,COMMAND,81,SET_MAG_DIPOLE,128,1,128,1,0,0,0x18010202
1777196827.447,99613,6,4,ADCS,8,SOLAR,2,COMMAND,81,SET_MAG_DIPOLE,128,1,128,1,0,0,0x18010202
1777196828.466,100629,6,4,ADCS,8,SOLAR,2,COMMAND,81,SET_MAG_DIPOLE,128,1,128,1,0,0,0x18010202
1777196829.484,101641,6,4,ADCS,8,SOLAR,2,COMMAND,81,SET_MAG_DIPOLE,128,1,128,1,0,0,0x18010202
1777196830.470,102655,6,4,ADCS,8,SOLAR,2,COMMAND,81,SET_MAG_DIPOLE,128,1,128,1,0,0,0x18010202
1777196831.483,103669,6,4,ADCS,8,SOLAR,2,COMMAND,81,SET_MAG_DIPOLE,128,1,128,1,0,0,0x18010202
1777196832.498,104683,6,4,ADCS,8,SOLAR,2,COMMAND,81,SET_MAG_DIPOLE,128,1,128,1,0,0,0x18010202
1777196833.511,105697,6,4,ADCS,8,SOLAR,2,COMMAND,81,SET_MAG_DIPOLE,128,1,128,1,0,0,0x18010202
1777196834.527,106711,6,4,ADCS,8,SOLAR,2,COMMAND,81,SET_MAG_DIPOLE,128,1,128,1,0,0,0x18010202
1777196835.539,107725,6,4,ADCS,8,SOLAR,2,COMMAND,81,SET_MAG_DIPOLE,128,1,128,1,0,0,0x18010202
1777196850.996,5294,6,4,ADCS,8,SOLAR,2,COMMAND,81,SET_MAG_DIPOLE,128,1,128,1,0,0,0x18010202
1777196852.024,6308,6,4,ADCS,8,SOLAR,2,COMMAND,81,SET_MAG_DIPOLE,128,1,128,1,0,0,0x18010202
1777196853.043,7322,6,4,ADCS,8,SOLAR,2,COMMAND,81,SET_MAG_DIPOLE,128,1,128,1,0,0,0x18010202
1777196854.074,8336,6,4,ADCS,8,SOLAR,2,COMMAND,81,SET_MAG_DIPOLE,128,1,128,1,0,0,0x18010202
1777196855.058,9350,6,4,ADCS,8,SOLAR,2,COMMAND,81,SET_MAG_DIPOLE,128,1,128,1,0,0,0x18010202
1777196856.065,10364,6,4,ADCS,8,SOLAR,2,COMMAND,81,SET_MAG_DIPOLE,128,1,128,1,0,0,0x18010202
1777196857.079,11379,6,4,ADCS,8,SOLAR,2,COMMAND,81,SET_MAG_DIPOLE,128,1,128,1,0,0,0x18010202
1777196858.093,12393,6,4,ADCS,8,SOLAR,2,COMMAND,81,SET_MAG_DIPOLE,128,1,128,1,0,0,0x18010202
1777196859.101,13407,6,4,ADCS,8,SOLAR,2,COMMAND,81,SET_MAG_DIPOLE,128,1,128,1,0,0,0x18010202
1777196860.122,14421,6,4,ADCS,8,SOLAR,2,COMMAND,81,SET_MAG_DIPOLE,128,1,128,1,0,0,0x18010202
1777196861.136,15435,6,4,ADCS,8,SOLAR,2,COMMAND,81,SET_MAG_DIPOLE,128,1,128,1,0,0,0x18010202
1777196862.162,16449,6,4,ADCS,8,SOLAR,2,COMMAND,81,SET_MAG_DIPOLE,128,1,128,1,0,0,0x18010202
1777196863.185,17463,6,4,ADCS,8,SOLAR,2,COMMAND,81,SET_MAG_DIPOLE,128,1,128,1,0,0,0x18010202
1777196864.212,18477,6,4,ADCS,8,SOLAR,2,COMMAND,81,SET_MAG_DIPOLE,128,1,128,1,0,0,0x18010202
1777196865.236,19491,6,4,ADCS,8,SOLAR,2,COMMAND,81,SET_MAG_DIPOLE,128,1,128,1,0,0,0x18010202
1777196866.208,20506,6,4,ADCS,8,SOLAR,2,COMMAND,81,SET_MAG_DIPOLE,128,1,128,1,0,0,0x18010202
1777196867.222,21520,6,4,ADCS,8,SOLAR,2,COMMAND,81,SET_MAG_DIPOLE,128,1,128,1,0,0,0x18010202
1777196868.234,22533,6,4,ADCS,8,SOLAR,2,COMMAND,81,SET_MAG_DIPOLE,128,1,128,1,0,0,0x18010202
1777196869.248,23548,6,4,ADCS,8,SOLAR,2,COMMAND,81,SET_MAG_DIPOLE,128,1,128,1,0,0,0x18010202
1777196870.262,24561,6,4,ADCS,8,SOLAR,2,COMMAND,81,SET_MAG_DIPOLE,128,1,128,1,0,0,0x18010202
1777196871.276,25575,6,4,ADCS,8,SOLAR,2,COMMAND,81,SET_MAG_DIPOLE,128,1,128,1,0,0,0x18010202
1777196872.299,26589,6,4,ADCS,8,SOLAR,2,COMMAND,81,SET_MAG_DIPOLE,128,1,128,1,0,0,0x18010202
1777196873.324,27604,6,4,ADCS,8,SOLAR,2,COMMAND,81,SET_MAG_DIPOLE,128,1,128,1,0,0,0x18010202
1777196874.343,28617,6,4,ADCS,8,SOLAR,2,COMMAND,81,SET_MAG_DIPOLE,128,1,128,1,0,0,0x18010202
1777196875.377,29632,6,4,ADCS,8,SOLAR,2,COMMAND,81,SET_MAG_DIPOLE,128,1,128,1,0,0,0x18010202
1777196876.347,30646,6,4,ADCS,8,SOLAR,2,COMMAND,81,SET_MAG_DIPOLE,128,1,128,1,0,0,0x18010202
1777196877.363,31660,6,4,ADCS,8,SOLAR,2,COMMAND,81,SET_MAG_DIPOLE,128,1,128,1,0,0,0x18010202
1777196878.375,32674,6,4,ADCS,8,SOLAR,2,COMMAND,81,SET_MAG_DIPOLE,128,1,128,1,0,0,0x18010202
1777196879.389,33688,6,4,ADCS,8,SOLAR,2,COMMAND,81,SET_MAG_DIPOLE,128,1,128,1,0,0,0x18010202
1777196880.415,34702,6,4,ADCS,8,SOLAR,2,COMMAND,81,SET_MAG_DIPOLE,128,1,128,1,0,0,0x18010202
1777196881.417,35716,6,4,ADCS,8,SOLAR,2,COMMAND,81,SET_MAG_DIPOLE,128,1,128,1,0,0,0x18010202
1777196882.435,36730,6,4,ADCS,8,SOLAR,2,COMMAND,81,SET_MAG_DIPOLE,128,1,128,1,0,0,0x18010202
1777196883.465,37744,6,4,ADCS,8,SOLAR,2,COMMAND,81,SET_MAG_DIPOLE,128,1,128,1,0,0,0x18010202
1777196884.486,38758,6,4,ADCS,8,SOLAR,2,COMMAND,81,SET_MAG_DIPOLE,128,1,128,1,0,0,0x18010202
1777196885.511,39773,6,4,ADCS,8,SOLAR,2,COMMAND,81,SET_MAG_DIPOLE,128,1,128,1,0,0,0x18010202
1777196886.488,40787,6,4,ADCS,8,SOLAR,2,COMMAND,81,SET_MAG_DIPOLE,128,1,128,1,0,0,0x18010202
1777196887.491,41801,6,4,ADCS,8,SOLAR,2,COMMAND,81,SET_MAG_DIPOLE,128,1,128,1,0,0,0x18010202
1777196888.516,42815,6,4,ADCS,8,SOLAR,2,COMMAND,81,SET_MAG_DIPOLE,128,1,128,1,0,0,0x18010202
1777196889.529,43829,6,4,ADCS,8,SOLAR,2,COMMAND,81,SET_MAG_DIPOLE,128,1,128,1,0,0,0x18010202
1777196890.544,44843,6,4,ADCS,8,SOLAR,2,COMMAND,81,SET_MAG_DIPOLE,128,1,128,1,0,0,0x18010202
1777196891.558,45857,6,4,ADCS,8,SOLAR,2,COMMAND,81,SET_MAG_DIPOLE,128,1,128,1,0,0,0x18010202
1777196892.573,46871,6,4,ADCS,8,SOLAR,2,COMMAND,81,SET_MAG_DIPOLE,128,1,128,1,0,0,0x18010202
1777196893.595,47885,6,4,ADCS,8,SOLAR,2,COMMAND,81,SET_MAG_DIPOLE,128,1,128,1,0,0,0x18010202
1777196894.627,48899,6,4,ADCS,8,SOLAR,2,COMMAND,81,SET_MAG_DIPOLE,128,1,128,1,0,0,0x18010202
1777196895.647,49913,6,4,ADCS,8,SOLAR,2,COMMAND,81,SET_MAG_DIPOLE,128,1,128,1,0,0,0x18010202
1777196896.628,50927,6,4,ADCS,8,SOLAR,2,COMMAND,81,SET_MAG_DIPOLE,128,1,128,1,0,0,0x18010202
1777196897.643,51941,6,4,ADCS,8,SOLAR,2,COMMAND,81,SET_MAG_DIPOLE,128,1,128,1,0,0,0x18010202
1777196898.660,52955,6,4,ADCS,8,SOLAR,2,COMMAND,81,SET_MAG_DIPOLE,128,1,128,1,0,0,0x18010202
1777196899.673,53970,6,4,ADCS,8,SOLAR,2,COMMAND,81,SET_MAG_DIPOLE,128,1,128,1,0,0,0x18010202
1777196900.691,54984,6,4,ADCS,8,SOLAR,2,COMMAND,81,SET_MAG_DIPOLE,128,1,128,1,0,0,0x18010202
1777196901.699,55998,6,4,ADCS,8,SOLAR,2,COMMAND,81,SET_MAG_DIPOLE,128,1,128,1,0,0,0x18010202
1777196902.714,57012,6,4,ADCS,8,SOLAR,2,COMMAND,81,SET_MAG_DIPOLE,128,1,128,1,0,0,0x18010202
1777196903.742,58027,6,4,ADCS,8,SOLAR,2,COMMAND,81,SET_MAG_DIPOLE,128,1,128,1,0,0,0x18010202
1777196904.763,59041,6,4,ADCS,8,SOLAR,2,COMMAND,81,SET_MAG_DIPOLE,128,1,128,1,0,0,0x18010202
1777196905.787,60055,6,4,ADCS,8,SOLAR,2,COMMAND,81,SET_MAG_DIPOLE,128,1,128,1,0,0,0x18010202
1777196906.806,61069,6,4,ADCS,8,SOLAR,2,COMMAND,81,SET_MAG_DIPOLE,128,1,128,1,0,0,0x18010202
1777196907.790,62083,6,4,ADCS,8,SOLAR,2,COMMAND,81,SET_MAG_DIPOLE,128,1,128,1,0,0,0x18010202
1777196908.807,63097,6,4,ADCS,8,SOLAR,2,COMMAND,81,SET_MAG_DIPOLE,128,1,128,1,0,0,0x18010202
1777196909.814,64112,6,4,ADCS,8,SOLAR,2,COMMAND,81,SET_MAG_DIPOLE,128,1,128,1,0,0,0x18010202
1777196910.828,65126,6,4,ADCS,8,SOLAR,2,COMMAND,81,SET_MAG_DIPOLE,128,1,128,1,0,0,0x18010202
1777196911.838,66140,6,4,ADCS,8,SOLAR,2,COMMAND,81,SET_MAG_DIPOLE,128,1,128,1,0,0,0x18010202
1777196912.853,67154,6,4,ADCS,8,SOLAR,2,COMMAND,81,SET_MAG_DIPOLE,128,1,128,1,0,0,0x18010202
1777196913.875,68168,6,4,ADCS,8,SOLAR,2,COMMAND,81,SET_MAG_DIPOLE,128,1,128,1,0,0,0x18010202
1777196914.900,69182,6,4,ADCS,8,SOLAR,2,COMMAND,81,SET_MAG_DIPOLE,128,1,128,1,0,0,0x18010202
1777196915.926,70197,6,4,ADCS,8,SOLAR,2,COMMAND,81,SET_MAG_DIPOLE,128,1,128,1,0,0,0x18010202
1777196916.949,71211,6,4,ADCS,8,SOLAR,2,COMMAND,81,SET_MAG_DIPOLE,128,1,128,1,0,0,0x18010202
1777196917.925,72225,6,4,ADCS,8,SOLAR,2,COMMAND,81,SET_MAG_DIPOLE,128,1,128,1,0,0,0x18010202
1777196918.941,73239,6,4,ADCS,8,SOLAR,2,COMMAND,81,SET_MAG_DIPOLE,128,1,128,1,0,0,0x18010202
1777196919.954,74253,6,4,ADCS,8,SOLAR,2,COMMAND,81,SET_MAG_DIPOLE,128,1,128,1,0,0,0x18010202
1777196920.982,75267,6,4,ADCS,8,SOLAR,2,COMMAND,81,SET_MAG_DIPOLE,128,1,128,1,0,0,0x18010202
1777196921.983,76281,6,4,ADCS,8,SOLAR,2,COMMAND,81,SET_MAG_DIPOLE,128,1,128,1,0,0,0x18010202
1777196922.996,77295,6,4,ADCS,8,SOLAR,2,COMMAND,81,SET_MAG_DIPOLE,128,1,128,1,0,0,0x18010202
1777196924.043,78309,6,4,ADCS,8,SOLAR,2,COMMAND,81,SET_MAG_DIPOLE,128,1,128,1,0,0,0x18010202
1777196925.066,79323,6,4,ADCS,8,SOLAR,2,COMMAND,81,SET_MAG_DIPOLE,128,1,128,1,0,0,0x18010202
1777196926.088,80338,6,4,ADCS,8,SOLAR,2,COMMAND,81,SET_MAG_DIPOLE,128,1,128,1,0,0,0x18010202
1777196927.106,81352,6,4,ADCS,8,SOLAR,2,COMMAND,81,SET_MAG_DIPOLE,128,1,128,1,0,0,0x18010202
1777196928.131,82366,6,4,ADCS,8,SOLAR,2,COMMAND,81,SET_MAG_DIPOLE,128,1,128,1,0,0,0x18010202
1777196929.082,83380,6,4,ADCS,8,SOLAR,2,COMMAND,81,SET_MAG_DIPOLE,128,1,128,1,0,0,0x18010202
1777196930.096,84394,6,4,ADCS,8,SOLAR,2,COMMAND,81,SET_MAG_DIPOLE,128,1,128,1,0,0,0x18010202
1777196931.117,85408,6,4,ADCS,8,SOLAR,2,COMMAND,81,SET_MAG_DIPOLE,128,1,128,1,0,0,0x18010202
1777196932.124,86422,6,4,ADCS,8,SOLAR,2,COMMAND,81,SET_MAG_DIPOLE,128,1,128,1,0,0,0x18010202
1777196933.139,87437,6,4,ADCS,8,SOLAR,2,COMMAND,81,SET_MAG_DIPOLE,128,1,128,1,0,0,0x18010202
1777196934.156,88451,6,4,ADCS,8,SOLAR,2,COMMAND,81,SET_MAG_DIPOLE,128,1,128,1,0,0,0x18010202
1777196935.179,89465,6,4,ADCS,8,SOLAR,2,COMMAND,81,SET_MAG_DIPOLE,128,1,128,1,0,0,0x18010202
1777196936.212,90479,6,4,ADCS,8,SOLAR,2,COMMAND,81,SET_MAG_DIPOLE,128,1,128,1,0,0,0x18010202
1777196937.229,91493,6,4,ADCS,8,SOLAR,2,COMMAND,81,SET_MAG_DIPOLE,128,1,128,1,0,0,0x18010202
1777196938.252,92507,6,4,ADCS,8,SOLAR,2,COMMAND,81,SET_MAG_DIPOLE,128,1,128,1,0,0,0x18010202
1777196939.223,93521,6,4,ADCS,8,SOLAR,2,COMMAND,81,SET_MAG_DIPOLE,128,1,128,1,0,0,0x18010202
1777196940.237,94535,6,4,ADCS,8,SOLAR,2,COMMAND,81,SET_MAG_DIPOLE,128,1,128,1,0,0,0x18010202
1777196941.251,95549,6,4,ADCS,8,SOLAR,2,COMMAND,81,SET_MAG_DIPOLE,128,1,128,1,0,0,0x18010202
1777196942.271,96564,6,4,ADCS,8,SOLAR,2,COMMAND,81,SET_MAG_DIPOLE,128,1,128,1,0,0,0x18010202
1777196943.281,97578,6,4,ADCS,8,SOLAR,2,COMMAND,81,SET_MAG_DIPOLE,128,1,128,1,0,0,0x18010202
1777196944.294,98592,6,4,ADCS,8,SOLAR,2,COMMAND,81,SET_MAG_DIPOLE,128,1,128,1,0,0,0x18010202
1777196945.304,99606,6,4,ADCS,8,SOLAR,2,COMMAND,81,SET_MAG_DIPOLE,128,1,128,1,0,0,0x18010202
1777196946.343,100622,6,4,ADCS,8,SOLAR,2,COMMAND,81,SET_MAG_DIPOLE,128,1,128,1,0,0,0x18010202
1777196947.367,101635,6,4,ADCS,8,SOLAR,2,COMMAND,81,SET_MAG_DIPOLE,128,1,128,1,0,0,0x18010202
1777196953.355,5294,6,4,ADCS,8,SOLAR,2,COMMAND,81,SET_MAG_DIPOLE,128,1,128,1,0,0,0x18010202
1777196954.369,6308,6,4,ADCS,8,SOLAR,2,COMMAND,81,SET_MAG_DIPOLE,128,1,128,1,0,0,0x18010202
1777196955.381,7322,6,4,ADCS,8,SOLAR,2,COMMAND,81,SET_MAG_DIPOLE,128,1,128,1,0,0,0x18010202
1777196956.395,8336,6,4,ADCS,8,SOLAR,2,COMMAND,81,SET_MAG_DIPOLE,128,1,128,1,0,0,0x18010202
1777196957.408,9351,6,4,ADCS,8,SOLAR,2,COMMAND,81,SET_MAG_DIPOLE,128,1,128,1,0,0,0x18010202
1777196958.423,10365,6,4,ADCS,8,SOLAR,2,COMMAND,81,SET_MAG_DIPOLE,128,1,128,1,0,0,0x18010202
1777196959.454,11379,6,4,ADCS,8,SOLAR,2,COMMAND,81,SET_MAG_DIPOLE,128,1,128,1,0,0,0x18010202
1777196960.471,12393,6,4,ADCS,8,SOLAR,2,COMMAND,81,SET_MAG_DIPOLE,128,1,128,1,0,0,0x18010202
1777196961.486,13407,6,4,ADCS,8,SOLAR,2,COMMAND,81,SET_MAG_DIPOLE,128,1,128,1,0,0,0x18010202
1777196962.527,14421,6,4,ADCS,8,SOLAR,2,COMMAND,81,SET_MAG_DIPOLE,128,1,128,1,0,0,0x18010202
1777196963.493,15435,6,4,ADCS,8,SOLAR,2,COMMAND,81,SET_MAG_DIPOLE,128,1,128,1,0,0,0x18010202
1777196964.505,16449,6,4,ADCS,8,SOLAR,2,COMMAND,81,SET_MAG_DIPOLE,128,1,128,1,0,0,0x18010202
1777196965.587,17463,6,4,ADCS,8,SOLAR,2,COMMAND,81,SET_MAG_DIPOLE,128,1,128,1,0,0,0x18010202
1777196966.530,18477,6,4,ADCS,8,SOLAR,2,COMMAND,81,SET_MAG_DIPOLE,128,1,128,1,0,0,0x18010202
1777196967.548,19491,6,4,ADCS,8,SOLAR,2,COMMAND,81,SET_MAG_DIPOLE,128,1,128,1,0,0,0x18010202
1777196968.560,20505,6,4,ADCS,8,SOLAR,2,COMMAND,81,SET_MAG_DIPOLE,128,1,128,1,0,0,0x18010202
1777196969.584,21519,6,4,ADCS,8,SOLAR,2,COMMAND,81,SET_MAG_DIPOLE,128,1,128,1,0,0,0x18010202
1777196970.600,22533,6,4,ADCS,8,SOLAR,2,COMMAND,81,SET_MAG_DIPOLE,128,1,128,1,0,0,0x18010202
1777196971.633,23547,6,4,ADCS,8,SOLAR,2,COMMAND,81,SET_MAG_DIPOLE,128,1,128,1,0,0,0x18010202
1777196972.659,24560,6,4,ADCS,8,SOLAR,2,COMMAND,81,SET_MAG_DIPOLE,128,1,128,1,0,0,0x18010202
1777196973.631,25575,6,4,ADCS,8,SOLAR,2,COMMAND,81,SET_MAG_DIPOLE,128,1,128,1,0,0,0x18010202
1777196974.644,26589,6,4,ADCS,8,SOLAR,2,COMMAND,81,SET_MAG_DIPOLE,128,1,128,1,0,0,0x18010202
1777196975.662,27603,6,4,ADCS,8,SOLAR,2,COMMAND,81,SET_MAG_DIPOLE,128,1,128,1,0,0,0x18010202
1777196976.674,28617,6,4,ADCS,8,SOLAR,2,COMMAND,81,SET_MAG_DIPOLE,128,1,128,1,0,0,0x18010202
1777196977.686,29631,6,4,ADCS,8,SOLAR,2,COMMAND,81,SET_MAG_DIPOLE,128,1,128,1,0,0,0x18010202
1777196978.693,30645,6,4,ADCS,8,SOLAR,2,COMMAND,81,SET_MAG_DIPOLE,128,1,128,1,0,0,0x18010202
1777196993.497,5294,6,4,ADCS,8,SOLAR,2,COMMAND,81,SET_MAG_DIPOLE,128,1,128,1,0,0,0x18010202
1777196994.506,6308,6,4,ADCS,8,SOLAR,2,COMMAND,81,SET_MAG_DIPOLE,128,1,128,1,0,0,0x18010202
1777196995.516,7323,6,4,ADCS,8,SOLAR,2,COMMAND,81,SET_MAG_DIPOLE,128,1,128,1,0,0,0x18010202
1777196996.539,8337,6,4,ADCS,8,SOLAR,2,COMMAND,81,SET_MAG_DIPOLE,128,1,128,1,0,0,0x18010202
1777196997.554,9351,6,4,ADCS,8,SOLAR,2,COMMAND,81,SET_MAG_DIPOLE,128,1,128,1,0,0,0x18010202
1777196998.568,10365,6,4,ADCS,8,SOLAR,2,COMMAND,81,SET_MAG_DIPOLE,128,1,128,1,0,0,0x18010202
1777196999.592,11379,6,4,ADCS,8,SOLAR,2,COMMAND,81,SET_MAG_DIPOLE,128,1,128,1,0,0,0x18010202
1777197000.617,12393,6,4,ADCS,8,SOLAR,2,COMMAND,81,SET_MAG_DIPOLE,128,1,128,1,0,0,0x18010202
1777197001.646,13408,6,4,ADCS,8,SOLAR,2,COMMAND,81,SET_MAG_DIPOLE,128,1,128,1,0,0,0x18010202
1777197002.664,14422,6,4,ADCS,8,SOLAR,2,COMMAND,81,SET_MAG_DIPOLE,128,1,128,1,0,0,0x18010202
1777197003.639,15436,6,4,ADCS,8,SOLAR,2,COMMAND,81,SET_MAG_DIPOLE,128,1,128,1,0,0,0x18010202
1777197004.656,16450,6,4,ADCS,8,SOLAR,2,COMMAND,81,SET_MAG_DIPOLE,128,1,128,1,0,0,0x18010202
1777197005.667,17464,6,4,ADCS,8,SOLAR,2,COMMAND,81,SET_MAG_DIPOLE,128,1,128,1,0,0,0x18010202
1777197006.681,18478,6,4,ADCS,8,SOLAR,2,COMMAND,81,SET_MAG_DIPOLE,128,1,128,1,0,0,0x18010202
1777197007.694,19492,6,4,ADCS,8,SOLAR,2,COMMAND,81,SET_MAG_DIPOLE,128,1,128,1,0,0,0x18010202
1777197008.710,20506,6,4,ADCS,8,SOLAR,2,COMMAND,81,SET_MAG_DIPOLE,128,1,128,1,0,0,0x18010202
1777197009.730,21520,6,4,ADCS,8,SOLAR,2,COMMAND,81,SET_MAG_DIPOLE,128,1,128,1,0,0,0x18010202
1777197010.751,22534,6,4,ADCS,8,SOLAR,2,COMMAND,81,SET_MAG_DIPOLE,128,1,128,1,0,0,0x18010202
1777197011.774,23548,6,4,ADCS,8,SOLAR,2,COMMAND,81,SET_MAG_DIPOLE,128,1,128,1,0,0,0x18010202
1777197012.791,24562,6,4,ADCS,8,SOLAR,2,COMMAND,81,SET_MAG_DIPOLE,128,1,128,1,0,0,0x18010202
1777197013.813,25576,6,4,ADCS,8,SOLAR,2,COMMAND,81,SET_MAG_DIPOLE,128,1,128,1,0,0,0x18010202
1777197014.790,26590,6,4,ADCS,8,SOLAR,2,COMMAND,81,SET_MAG_DIPOLE,128,1,128,1,0,0,0x18010202
1777197015.803,27605,6,4,ADCS,8,SOLAR,2,COMMAND,81,SET_MAG_DIPOLE,128,1,128,1,0,0,0x18010202
1777197016.821,28619,6,4,ADCS,8,SOLAR,2,COMMAND,81,SET_MAG_DIPOLE,128,1,128,1,0,0,0x18010202
1777197017.831,29633,6,4,ADCS,8,SOLAR,2,COMMAND,81,SET_MAG_DIPOLE,128,1,128,1,0,0,0x18010202
1777197018.849,30647,6,4,ADCS,8,SOLAR,2,COMMAND,81,SET_MAG_DIPOLE,128,1,128,1,0,0,0x18010202
1777197019.862,31661,6,4,ADCS,8,SOLAR,2,COMMAND,81,SET_MAG_DIPOLE,128,1,128,1,0,0,0x18010202
1777197020.890,32675,6,4,ADCS,8,SOLAR,2,COMMAND,81,SET_MAG_DIPOLE,128,1,128,1,0,0,0x18010202
1777197021.911,33690,6,4,ADCS,8,SOLAR,2,COMMAND,81,SET_MAG_DIPOLE,128,1,128,1,0,0,0x18010202
1777197022.935,34704,6,4,ADCS,8,SOLAR,2,COMMAND,81,SET_MAG_DIPOLE,128,1,128,1,0,0,0x18010202
1777197023.962,35718,6,4,ADCS,8,SOLAR,2,COMMAND,81,SET_MAG_DIPOLE,128,1,128,1,0,0,0x18010202
1777197024.934,36732,6,4,ADCS,8,SOLAR,2,COMMAND,81,SET_MAG_DIPOLE,128,1,128,1,0,0,0x18010202
1777197025.949,37747,6,4,ADCS,8,SOLAR,2,COMMAND,81,SET_MAG_DIPOLE,128,1,128,1,0,0,0x18010202
1777197026.962,38761,6,4,ADCS,8,SOLAR,2,COMMAND,81,SET_MAG_DIPOLE,128,1,128,1,0,0,0x18010202
1777197027.978,39775,6,4,ADCS,8,SOLAR,2,COMMAND,81,SET_MAG_DIPOLE,128,1,128,1,0,0,0x18010202
1777197028.992,40789,6,4,ADCS,8,SOLAR,2,COMMAND,81,SET_MAG_DIPOLE,128,1,128,1,0,0,0x18010202
1777197030.007,41803,6,4,ADCS,8,SOLAR,2,COMMAND,81,SET_MAG_DIPOLE,128,1,128,1,0,0,0x18010202
1777197031.029,42817,6,4,ADCS,8,SOLAR,2,COMMAND,81,SET_MAG_DIPOLE,128,1,128,1,0,0,0x18010202
1777197032.045,43832,6,4,ADCS,8,SOLAR,2,COMMAND,81,SET_MAG_DIPOLE,128,1,128,1,0,0,0x18010202
1777197033.075,44846,6,4,ADCS,8,SOLAR,2,COMMAND,81,SET_MAG_DIPOLE,128,1,128,1,0,0,0x18010202
1777197034.097,45860,6,4,ADCS,8,SOLAR,2,COMMAND,81,SET_MAG_DIPOLE,128,1,128,1,0,0,0x18010202
1777197035.077,46874,6,4,ADCS,8,SOLAR,2,COMMAND,81,SET_MAG_DIPOLE,128,1,128,1,0,0,0x18010202
1777197036.091,47888,6,4,ADCS,8,SOLAR,2,COMMAND,81,SET_MAG_DIPOLE,128,1,128,1,0,0,0x18010202
1777197037.106,48903,6,4,ADCS,8,SOLAR,2,COMMAND,81,SET_MAG_DIPOLE,128,1,128,1,0,0,0x18010202
1777197038.120,49917,6,4,ADCS,8,SOLAR,2,COMMAND,81,SET_MAG_DIPOLE,128,1,128,1,0,0,0x18010202
1777197039.132,50931,6,4,ADCS,8,SOLAR,2,COMMAND,81,SET_MAG_DIPOLE,128,1,128,1,0,0,0x18010202
1777197040.147,51945,6,4,ADCS,8,SOLAR,2,COMMAND,81,SET_MAG_DIPOLE,128,1,128,1,0,0,0x18010202
1777197041.165,52959,6,4,ADCS,8,SOLAR,2,COMMAND,81,SET_MAG_DIPOLE,128,1,128,1,0,0,0x18010202
1777197042.189,53973,6,4,ADCS,8,SOLAR,2,COMMAND,81,SET_MAG_DIPOLE,128,1,128,1,0,0,0x18010202
1777197043.206,54987,6,4,ADCS,8,SOLAR,2,COMMAND,81,SET_MAG_DIPOLE,128,1,128,1,0,0,0x18010202
1777197044.228,56001,6,4,ADCS,8,SOLAR,2,COMMAND,81,SET_MAG_DIPOLE,128,1,128,1,0,0,0x18010202
1777197045.258,57015,6,4,ADCS,8,SOLAR,2,COMMAND,81,SET_MAG_DIPOLE,128,1,128,1,0,0,0x18010202
1777197046.234,58030,6,4,ADCS,8,SOLAR,2,COMMAND,81,SET_MAG_DIPOLE,128,1,128,1,0,0,0x18010202
1777197047.247,59044,6,4,ADCS,8,SOLAR,2,COMMAND,81,SET_MAG_DIPOLE,128,1,128,1,0,0,0x18010202
1777197048.262,60058,6,4,ADCS,8,SOLAR,2,COMMAND,81,SET_MAG_DIPOLE,128,1,128,1,0,0,0x18010202
1777197049.277,61072,6,4,ADCS,8,SOLAR,2,COMMAND,81,SET_MAG_DIPOLE,128,1,128,1,0,0,0x18010202
1777197050.291,62087,6,4,ADCS,8,SOLAR,2,COMMAND,81,SET_MAG_DIPOLE,128,1,128,1,0,0,0x18010202
1777197051.304,63101,6,4,ADCS,8,SOLAR,2,COMMAND,81,SET_MAG_DIPOLE,128,1,128,1,0,0,0x18010202
1777197052.332,64115,6,4,ADCS,8,SOLAR,2,COMMAND,81,SET_MAG_DIPOLE,128,1,128,1,0,0,0x18010202
1777197053.347,65129,6,4,ADCS,8,SOLAR,2,COMMAND,81,SET_MAG_DIPOLE,128,1,128,1,0,0,0x18010202
1777197054.361,66144,6,4,ADCS,8,SOLAR,2,COMMAND,81,SET_MAG_DIPOLE,128,1,128,1,0,0,0x18010202
1777197055.394,67158,6,4,ADCS,8,SOLAR,2,COMMAND,81,SET_MAG_DIPOLE,128,1,128,1,0,0,0x18010202
1777197056.377,68172,6,4,ADCS,8,SOLAR,2,COMMAND,81,SET_MAG_DIPOLE,128,1,128,1,0,0,0x18010202
1777197057.392,69187,6,4,ADCS,8,SOLAR,2,COMMAND,81,SET_MAG_DIPOLE,128,1,128,1,0,0,0x18010202
1777197058.403,70201,6,4,ADCS,8,SOLAR,2,COMMAND,81,SET_MAG_DIPOLE,128,1,128,1,0,0,0x18010202
1777197059.417,71215,6,4,ADCS,8,SOLAR,2,COMMAND,81,SET_MAG_DIPOLE,128,1,128,1,0,0,0x18010202
1777197060.432,72229,6,4,ADCS,8,SOLAR,2,COMMAND,81,SET_MAG_DIPOLE,128,1,128,1,0,0,0x18010202
1777197061.447,73244,6,4,ADCS,8,SOLAR,2,COMMAND,81,SET_MAG_DIPOLE,128,1,128,1,0,0,0x18010202
1777197062.463,74258,6,4,ADCS,8,SOLAR,2,COMMAND,81,SET_MAG_DIPOLE,128,1,128,1,0,0,0x18010202
1777197063.487,75272,6,4,ADCS,8,SOLAR,2,COMMAND,81,SET_MAG_DIPOLE,128,1,128,1,0,0,0x18010202
1777197064.512,76286,6,4,ADCS,8,SOLAR,2,COMMAND,81,SET_MAG_DIPOLE,128,1,128,1,0,0,0x18010202
1777197065.538,77301,6,4,ADCS,8,SOLAR,2,COMMAND,81,SET_MAG_DIPOLE,128,1,128,1,0,0,0x18010202
1777197066.567,78315,6,4,ADCS,8,SOLAR,2,COMMAND,81,SET_MAG_DIPOLE,128,1,128,1,0,0,0x18010202
1777197067.534,79329,6,4,ADCS,8,SOLAR,2,COMMAND,81,SET_MAG_DIPOLE,128,1,128,1,0,0,0x18010202
1777197068.547,80344,6,4,ADCS,8,SOLAR,2,COMMAND,81,SET_MAG_DIPOLE,128,1,128,1,0,0,0x18010202
1777197069.562,81358,6,4,ADCS,8,SOLAR,2,COMMAND,81,SET_MAG_DIPOLE,128,1,128,1,0,0,0x18010202
1777197070.570,82372,6,4,ADCS,8,SOLAR,2,COMMAND,81,SET_MAG_DIPOLE,128,1,128,1,0,0,0x18010202
1777197071.591,83387,6,4,ADCS,8,SOLAR,2,COMMAND,81,SET_MAG_DIPOLE,128,1,128,1,0,0,0x18010202
1777197072.605,84401,6,4,ADCS,8,SOLAR,2,COMMAND,81,SET_MAG_DIPOLE,128,1,128,1,0,0,0x18010202
1777197073.618,85415,6,4,ADCS,8,SOLAR,2,COMMAND,81,SET_MAG_DIPOLE,128,1,128,1,0,0,0x18010202
1777197074.645,86429,6,4,ADCS,8,SOLAR,2,COMMAND,81,SET_MAG_DIPOLE,128,1,128,1,0,0,0x18010202
1777197075.677,87444,6,4,ADCS,8,SOLAR,2,COMMAND,81,SET_MAG_DIPOLE,128,1,128,1,0,0,0x18010202
1777197076.694,88458,6,4,ADCS,8,SOLAR,2,COMMAND,81,SET_MAG_DIPOLE,128,1,128,1,0,0,0x18010202
1777197077.676,89472,6,4,ADCS,8,SOLAR,2,COMMAND,81,SET_MAG_DIPOLE,128,1,128,1,0,0,0x18010202
1777197078.690,90487,6,4,ADCS,8,SOLAR,2,COMMAND,81,SET_MAG_DIPOLE,128,1,128,1,0,0,0x18010202
1777197079.704,91501,6,4,ADCS,8,SOLAR,2,COMMAND,81,SET_MAG_DIPOLE,128,1,128,1,0,0,0x18010202
1777197080.720,92515,6,4,ADCS,8,SOLAR,2,COMMAND,81,SET_MAG_DIPOLE,128,1,128,1,0,0,0x18010202
1777197081.732,93529,6,4,ADCS,8,SOLAR,2,COMMAND,81,SET_MAG_DIPOLE,128,1,128,1,0,0,0x18010202
1777197082.750,94544,6,4,ADCS,8,SOLAR,2,COMMAND,81,SET_MAG_DIPOLE,128,1,128,1,0,0,0x18010202
1777197083.764,95558,6,4,ADCS,8,SOLAR,2,COMMAND,81,SET_MAG_DIPOLE,128,1,128,1,0,0,0x18010202
1777197084.785,96572,6,4,ADCS,8,SOLAR,2,COMMAND,81,SET_MAG_DIPOLE,128,1,128,1,0,0,0x18010202
1777197085.816,97586,6,4,ADCS,8,SOLAR,2,COMMAND,81,SET_MAG_DIPOLE,128,1,128,1,0,0,0x18010202
1777197086.835,98601,6,4,ADCS,8,SOLAR,2,COMMAND,81,SET_MAG_DIPOLE,128,1,128,1,0,0,0x18010202
1777197087.869,99615,6,4,ADCS,8,SOLAR,2,COMMAND,81,SET_MAG_DIPOLE,128,1,128,1,0,0,0x18010202
1777197088.834,100629,6,4,ADCS,8,SOLAR,2,COMMAND,81,SET_MAG_DIPOLE,128,1,128,1,0,0,0x18010202
1777197089.848,101644,6,4,ADCS,8,SOLAR,2,COMMAND,81,SET_MAG_DIPOLE,128,1,128,1,0,0,0x18010202
1777197090.861,102658,6,4,ADCS,8,SOLAR,2,COMMAND,81,SET_MAG_DIPOLE,128,1,128,1,0,0,0x18010202
1777197091.876,103672,6,4,ADCS,8,SOLAR,2,COMMAND,81,SET_MAG_DIPOLE,128,1,128,1,0,0,0x18010202
1777197092.890,104687,6,4,ADCS,8,SOLAR,2,COMMAND,81,SET_MAG_DIPOLE,128,1,128,1,0,0,0x18010202
1777197093.905,105701,6,4,ADCS,8,SOLAR,2,COMMAND,81,SET_MAG_DIPOLE,128,1,128,1,0,0,0x18010202
1777197094.929,106715,6,4,ADCS,8,SOLAR,2,COMMAND,81,SET_MAG_DIPOLE,128,1,128,1,0,0,0x18010202
1777197095.949,107729,6,4,ADCS,8,SOLAR,2,COMMAND,81,SET_MAG_DIPOLE,128,1,128,1,0,0,0x18010202
1777197096.977,108744,6,4,ADCS,8,SOLAR,2,COMMAND,81,SET_MAG_DIPOLE,128,1,128,1,0,0,0x18010202
1777197097.999,109758,6,4,ADCS,8,SOLAR,2,COMMAND,81,SET_MAG_DIPOLE,128,1,128,1,0,0,0x18010202
1777197098.979,110772,6,4,ADCS,8,SOLAR,2,COMMAND,81,SET_MAG_DIPOLE,128,1,128,1,0,0,0x18010202
1777197099.990,111786,6,4,ADCS,8,SOLAR,2,COMMAND,81,SET_MAG_DIPOLE,128,1,128,1,0,0,0x18010202
1777197101.012,112801,6,4,ADCS,8,SOLAR,2,COMMAND,81,SET_MAG_DIPOLE,128,1,128,1,0,0,0x18010202
1777197102.013,113814,6,4,ADCS,8,SOLAR,2,COMMAND,81,SET_MAG_DIPOLE,128,1,128,1,0,0,0x18010202
1777197103.033,114829,6,4,ADCS,8,SOLAR,2,COMMAND,81,SET_MAG_DIPOLE,128,1,128,1,0,0,0x18010202
1777197104.038,115843,6,4,ADCS,8,SOLAR,2,COMMAND,81,SET_MAG_DIPOLE,128,1,128,1,0,0,0x18010202
1777197105.063,116857,6,4,ADCS,8,SOLAR,2,COMMAND,81,SET_MAG_DIPOLE,128,1,128,1,0,0,0x18010202
1777197106.088,117871,6,4,ADCS,8,SOLAR,2,COMMAND,81,SET_MAG_DIPOLE,128,1,128,1,0,0,0x18010202
1777197107.119,118886,6,4,ADCS,8,SOLAR,2,COMMAND,81,SET_MAG_DIPOLE,128,1,128,1,0,0,0x18010202
1777197108.134,119900,6,4,ADCS,8,SOLAR,2,COMMAND,81,SET_MAG_DIPOLE,128,1,128,1,0,0,0x18010202
1777197109.153,120914,6,4,ADCS,8,SOLAR,2,COMMAND,81,SET_MAG_DIPOLE,128,1,128,1,0,0,0x18010202
1777197110.130,121928,6,4,ADCS,8,SOLAR,2,COMMAND,81,SET_MAG_DIPOLE,128,1,128,1,0,0,0x18010202
1777197111.148,122943,6,4,ADCS,8,SOLAR,2,COMMAND,81,SET_MAG_DIPOLE,128,1,128,1,0,0,0x18010202
1777197112.160,123957,6,4,ADCS,8,SOLAR,2,COMMAND,81,SET_MAG_DIPOLE,128,1,128,1,0,0,0x18010202
1777197113.162,124971,6,4,ADCS,8,SOLAR,2,COMMAND,81,SET_MAG_DIPOLE,128,1,128,1,0,0,0x18010202
1777197114.189,125985,6,4,ADCS,8,SOLAR,2,COMMAND,81,SET_MAG_DIPOLE,128,1,128,1,0,0,0x18010202
1777197115.205,127000,6,4,ADCS,8,SOLAR,2,COMMAND,81,SET_MAG_DIPOLE,128,1,128,1,0,0,0x18010202
1777197116.223,128014,6,4,ADCS,8,SOLAR,2,COMMAND,81,SET_MAG_DIPOLE,128,1,128,1,0,0,0x18010202
1777197117.251,129028,6,4,ADCS,8,SOLAR,2,COMMAND,81,SET_MAG_DIPOLE,128,1,128,1,0,0,0x18010202
1777197118.268,130042,6,4,ADCS,8,SOLAR,2,COMMAND,81,SET_MAG_DIPOLE,128,1,128,1,0,0,0x18010202
1777197119.300,131057,6,4,ADCS,8,SOLAR,2,COMMAND,81,SET_MAG_DIPOLE,128,1,128,1,0,0,0x18010202
1777197120.275,132071,6,4,ADCS,8,SOLAR,2,COMMAND,81,SET_MAG_DIPOLE,128,1,128,1,0,0,0x18010202
1777197121.290,133085,6,4,ADCS,8,SOLAR,2,COMMAND,81,SET_MAG_DIPOLE,128,1,128,1,0,0,0x18010202
1777197122.303,134099,6,4,ADCS,8,SOLAR,2,COMMAND,81,SET_MAG_DIPOLE,128,1,128,1,0,0,0x18010202
1777197123.314,135114,6,4,ADCS,8,SOLAR,2,COMMAND,81,SET_MAG_DIPOLE,128,1,128,1,0,0,0x18010202
1777197124.332,136128,6,4,ADCS,8,SOLAR,2,COMMAND,81,SET_MAG_DIPOLE,128,1,128,1,0,0,0x18010202
1777197125.347,137142,6,4,ADCS,8,SOLAR,2,COMMAND,81,SET_MAG_DIPOLE,128,1,128,1,0,0,0x18010202
1777197126.362,138156,6,4,ADCS,8,SOLAR,2,COMMAND,81,SET_MAG_DIPOLE,128,1,128,1,0,0,0x18010202
1777197127.388,139171,6,4,ADCS,8,SOLAR,2,COMMAND,81,SET_MAG_DIPOLE,128,1,128,1,0,0,0x18010202
1777197128.413,140185,6,4,ADCS,8,SOLAR,2,COMMAND,81,SET_MAG_DIPOLE,128,1,128,1,0,0,0x18010202
1777197129.431,141199,6,4,ADCS,8,SOLAR,2,COMMAND,81,SET_MAG_DIPOLE,128,1,128,1,0,0,0x18010202
1777197130.451,142214,6,4,ADCS,8,SOLAR,2,COMMAND,81,SET_MAG_DIPOLE,128,1,128,1,0,0,0x18010202
1777197131.432,143228,6,4,ADCS,8,SOLAR,2,COMMAND,81,SET_MAG_DIPOLE,128,1,128,1,0,0,0x18010202
1777197132.447,144242,6,4,ADCS,8,SOLAR,2,COMMAND,81,SET_MAG_DIPOLE,128,1,128,1,0,0,0x18010202
1777197133.462,145257,6,4,ADCS,8,SOLAR,2,COMMAND,81,SET_MAG_DIPOLE,128,1,128,1,0,0,0x18010202
1777197134.476,146271,6,4,ADCS,8,SOLAR,2,COMMAND,81,SET_MAG_DIPOLE,128,1,128,1,0,0,0x18010202
1777197135.489,147285,6,4,ADCS,8,SOLAR,2,COMMAND,81,SET_MAG_DIPOLE,128,1,128,1,0,0,0x18010202
1777197136.504,148299,6,4,ADCS,8,SOLAR,2,COMMAND,81,SET_MAG_DIPOLE,128,1,128,1,0,0,0x18010202
1777197137.527,149314,6,4,ADCS,8,SOLAR,2,COMMAND,81,SET_MAG_DIPOLE,128,1,128,1,0,0,0x18010202
1777197138.548,150328,6,4,ADCS,8,SOLAR,2,COMMAND,81,SET_MAG_DIPOLE,128,1,128,1,0,0,0x18010202
1777197139.576,151342,6,4,ADCS,8,SOLAR,2,COMMAND,81,SET_MAG_DIPOLE,128,1,128,1,0,0,0x18010202
1777197140.599,152356,6,4,ADCS,8,SOLAR,2,COMMAND,81,SET_MAG_DIPOLE,128,1,128,1,0,0,0x18010202
1777197141.576,153371,6,4,ADCS,8,SOLAR,2,COMMAND,81,SET_MAG_DIPOLE,128,1,128,1,0,0,0x18010202
1777197142.590,154385,6,4,ADCS,8,SOLAR,2,COMMAND,81,SET_MAG_DIPOLE,128,1,128,1,0,0,0x18010202
1777197143.600,155399,6,4,ADCS,8,SOLAR,2,COMMAND,81,SET_MAG_DIPOLE,128,1,128,1,0,0,0x18010202
1777197144.617,156413,6,4,ADCS,8,SOLAR,2,COMMAND,81,SET_MAG_DIPOLE,128,1,128,1,0,0,0x18010202
1777197145.633,157428,6,4,ADCS,8,SOLAR,2,COMMAND,81,SET_MAG_DIPOLE,128,1,128,1,0,0,0x18010202
1777197146.646,158442,6,4,ADCS,8,SOLAR,2,COMMAND,81,SET_MAG_DIPOLE,128,1,128,1,0,0,0x18010202
1777197147.663,159456,6,4,ADCS,8,SOLAR,2,COMMAND,81,SET_MAG_DIPOLE,128,1,128,1,0,0,0x18010202
1777197148.687,160470,6,4,ADCS,8,SOLAR,2,COMMAND,81,SET_MAG_DIPOLE,128,1,128,1,0,0,0x18010202
1777197149.712,161485,6,4,ADCS,8,SOLAR,2,COMMAND,81,SET_MAG_DIPOLE,128,1,128,1,0,0,0x18010202
1777197150.736,162499,6,4,ADCS,8,SOLAR,2,COMMAND,81,SET_MAG_DIPOLE,128,1,128,1,0,0,0x18010202
1777197151.751,163513,6,4,ADCS,8,SOLAR,2,COMMAND,81,SET_MAG_DIPOLE,128,1,128,1,0,0,0x18010202
1777197152.734,164528,6,4,ADCS,8,SOLAR,2,COMMAND,81,SET_MAG_DIPOLE,128,1,128,1,0,0,0x18010202
1777197153.747,165542,6,4,ADCS,8,SOLAR,2,COMMAND,81,SET_MAG_DIPOLE,128,1,128,1,0,0,0x18010202
1777197154.763,166556,6,4,ADCS,8,SOLAR,2,COMMAND,81,SET_MAG_DIPOLE,128,1,128,1,0,0,0x18010202
1777197155.776,167571,6,4,ADCS,8,SOLAR,2,COMMAND,81,SET_MAG_DIPOLE,128,1,128,1,0,0,0x18010202
1777197156.790,168585,6,4,ADCS,8,SOLAR,2,COMMAND,81,SET_MAG_DIPOLE,128,1,128,1,0,0,0x18010202
1777197157.802,169586,6,4,ADCS,8,SOLAR,2,COMMAND,81,SET_MAG_DIPOLE,128,1,128,1,0,0,0x18010202
1777197158.823,170587,6,4,ADCS,8,SOLAR,2,COMMAND,81,SET_MAG_DIPOLE,128,1,128,1,0,0,0x18010202
1777197159.793,171588,6,4,ADCS,8,SOLAR,2,COMMAND,81,SET_MAG_DIPOLE,128,1,128,1,0,0,0x18010202
1777197160.874,172626,6,4,ADCS,8,SOLAR,2,COMMAND,81,SET_MAG_DIPOLE,128,1,128,1,0,0,0x18010202
1777197161.885,173655,6,4,ADCS,8,SOLAR,2,COMMAND,81,SET_MAG_DIPOLE,128,1,128,1,0,0,0x18010202
1777197171.133,5294,6,4,ADCS,8,SOLAR,2,COMMAND,81,SET_MAG_DIPOLE,128,1,128,1,0,0,0x18010202
1777197172.157,6309,6,4,ADCS,8,SOLAR,2,COMMAND,81,SET_MAG_DIPOLE,128,1,128,1,0,0,0x18010202
1777197173.170,7323,6,4,ADCS,8,SOLAR,2,COMMAND,81,SET_MAG_DIPOLE,128,1,128,1,0,0,0x18010202
1777197174.184,8338,6,4,ADCS,8,SOLAR,2,COMMAND,81,SET_MAG_DIPOLE,128,1,128,1,0,0,0x18010202
1777197175.212,9352,6,4,ADCS,8,SOLAR,2,COMMAND,81,SET_MAG_DIPOLE,128,1,128,1,0,0,0x18010202
1777197176.225,10366,6,4,ADCS,8,SOLAR,2,COMMAND,81,SET_MAG_DIPOLE,128,1,128,1,0,0,0x18010202
1777197177.260,11381,6,4,ADCS,8,SOLAR,2,COMMAND,81,SET_MAG_DIPOLE,128,1,128,1,0,0,0x18010202
1777197178.280,12395,6,4,ADCS,8,SOLAR,2,COMMAND,81,SET_MAG_DIPOLE,128,1,128,1,0,0,0x18010202
1777197179.258,13409,6,4,ADCS,8,SOLAR,2,COMMAND,81,SET_MAG_DIPOLE,128,1,128,1,0,0,0x18010202
1777197180.272,14423,6,4,ADCS,8,SOLAR,2,COMMAND,81,SET_MAG_DIPOLE,128,1,128,1,0,0,0x18010202
1777197181.287,15438,6,4,ADCS,8,SOLAR,2,COMMAND,81,SET_MAG_DIPOLE,128,1,128,1,0,0,0x18010202
1777197182.300,16452,6,4,ADCS,8,SOLAR,2,COMMAND,81,SET_MAG_DIPOLE,128,1,128,1,0,0,0x18010202
1777197183.320,17466,6,4,ADCS,8,SOLAR,2,COMMAND,81,SET_MAG_DIPOLE,128,1,128,1,0,0,0x18010202
1777197184.325,18480,6,4,ADCS,8,SOLAR,2,COMMAND,81,SET_MAG_DIPOLE,128,1,128,1,0,0,0x18010202
1777197185.347,19495,6,4,ADCS,8,SOLAR,2,COMMAND,81,SET_MAG_DIPOLE,128,1,128,1,0,0,0x18010202
1777197186.361,20509,6,4,ADCS,8,SOLAR,2,COMMAND,81,SET_MAG_DIPOLE,128,1,128,1,0,0,0x18010202
1777197187.397,21523,6,4,ADCS,8,SOLAR,2,COMMAND,81,SET_MAG_DIPOLE,128,1,128,1,0,0,0x18010202
1777197188.421,22537,6,4,ADCS,8,SOLAR,2,COMMAND,81,SET_MAG_DIPOLE,128,1,128,1,0,0,0x18010202
1777197189.400,23552,6,4,ADCS,8,SOLAR,2,COMMAND,81,SET_MAG_DIPOLE,128,1,128,1,0,0,0x18010202
1777197190.411,24566,6,4,ADCS,8,SOLAR,2,COMMAND,81,SET_MAG_DIPOLE,128,1,128,1,0,0,0x18010202
1777197191.428,25580,6,4,ADCS,8,SOLAR,2,COMMAND,81,SET_MAG_DIPOLE,128,1,128,1,0,0,0x18010202
1777197192.444,26594,6,4,ADCS,8,SOLAR,2,COMMAND,81,SET_MAG_DIPOLE,128,1,128,1,0,0,0x18010202
1777197193.457,27608,6,4,ADCS,8,SOLAR,2,COMMAND,81,SET_MAG_DIPOLE,128,1,128,1,0,0,0x18010202
1777197194.471,28622,6,4,ADCS,8,SOLAR,2,COMMAND,81,SET_MAG_DIPOLE,128,1,128,1,0,0,0x18010202
1777197195.473,29637,6,4,ADCS,8,SOLAR,2,COMMAND,81,SET_MAG_DIPOLE,128,1,128,1,0,0,0x18010202
1777197196.512,30651,6,4,ADCS,8,SOLAR,2,COMMAND,81,SET_MAG_DIPOLE,128,1,128,1,0,0,0x18010202
1777197197.534,31665,6,4,ADCS,8,SOLAR,2,COMMAND,81,SET_MAG_DIPOLE,128,1,128,1,0,0,0x18010202
1777197198.552,32679,6,4,ADCS,8,SOLAR,2,COMMAND,81,SET_MAG_DIPOLE,128,1,128,1,0,0,0x18010202
1777197199.577,33694,6,4,ADCS,8,SOLAR,2,COMMAND,81,SET_MAG_DIPOLE,128,1,128,1,0,0,0x18010202
1777197200.558,34708,6,4,ADCS,8,SOLAR,2,COMMAND,81,SET_MAG_DIPOLE,128,1,128,1,0,0,0x18010202
1777197201.570,35722,6,4,ADCS,8,SOLAR,2,COMMAND,81,SET_MAG_DIPOLE,128,1,128,1,0,0,0x18010202
1777197202.585,36736,6,4,ADCS,8,SOLAR,2,COMMAND,81,SET_MAG_DIPOLE,128,1,128,1,0,0,0x18010202
1777197203.596,37750,6,4,ADCS,8,SOLAR,2,COMMAND,81,SET_MAG_DIPOLE,128,1,128,1,0,0,0x18010202
1777197204.614,38765,6,4,ADCS,8,SOLAR,2,COMMAND,81,SET_MAG_DIPOLE,128,1,128,1,0,0,0x18010202
1777197205.628,39779,6,4,ADCS,8,SOLAR,2,COMMAND,81,SET_MAG_DIPOLE,128,1,128,1,0,0,0x18010202
1777197206.643,40793,6,4,ADCS,8,SOLAR,2,COMMAND,81,SET_MAG_DIPOLE,128,1,128,1,0,0,0x18010202
1777197207.670,41808,6,4,ADCS,8,SOLAR,2,COMMAND,81,SET_MAG_DIPOLE,128,1,128,1,0,0,0x18010202
1777197208.698,42822,6,4,ADCS,8,SOLAR,2,COMMAND,81,SET_MAG_DIPOLE,128,1,128,1,0,0,0x18010202
1777197209.712,43836,6,4,ADCS,8,SOLAR,2,COMMAND,81,SET_MAG_DIPOLE,128,1,128,1,0,0,0x18010202
1777197210.699,44850,6,4,ADCS,8,SOLAR,2,COMMAND,81,SET_MAG_DIPOLE,128,1,128,1,0,0,0x18010202
1777197211.714,45865,6,4,ADCS,8,SOLAR,2,COMMAND,81,SET_MAG_DIPOLE,128,1,128,1,0,0,0x18010202
1777197212.727,46879,6,4,ADCS,8,SOLAR,2,COMMAND,81,SET_MAG_DIPOLE,128,1,128,1,0,0,0x18010202
1777197213.743,47893,6,4,ADCS,8,SOLAR,2,COMMAND,81,SET_MAG_DIPOLE,128,1,128,1,0,0,0x18010202
1777197214.757,48908,6,4,ADCS,8,SOLAR,2,COMMAND,81,SET_MAG_DIPOLE,128,1,128,1,0,0,0x18010202
1777197215.771,49922,6,4,ADCS,8,SOLAR,2,COMMAND,81,SET_MAG_DIPOLE,128,1,128,1,0,0,0x18010202
1777197216.784,50936,6,4,ADCS,8,SOLAR,2,COMMAND,81,SET_MAG_DIPOLE,128,1,128,1,0,0,0x18010202
1777197217.810,51950,6,4,ADCS,8,SOLAR,2,COMMAND,81,SET_MAG_DIPOLE,128,1,128,1,0,0,0x18010202
1777197218.834,52965,6,4,ADCS,8,SOLAR,2,COMMAND,81,SET_MAG_DIPOLE,128,1,128,1,0,0,0x18010202
1777197219.859,53979,6,4,ADCS,8,SOLAR,2,COMMAND,81,SET_MAG_DIPOLE,128,1,128,1,0,0,0x18010202
1777197220.881,54993,6,4,ADCS,8,SOLAR,2,COMMAND,81,SET_MAG_DIPOLE,128,1,128,1,0,0,0x18010202
1777197221.857,56008,6,4,ADCS,8,SOLAR,2,COMMAND,81,SET_MAG_DIPOLE,128,1,128,1,0,0,0x18010202
1777197222.860,57022,6,4,ADCS,8,SOLAR,2,COMMAND,81,SET_MAG_DIPOLE,128,1,128,1,0,0,0x18010202
1777197223.885,58036,6,4,ADCS,8,SOLAR,2,COMMAND,81,SET_MAG_DIPOLE,128,1,128,1,0,0,0x18010202
1777197224.897,59050,6,4,ADCS,8,SOLAR,2,COMMAND,81,SET_MAG_DIPOLE,128,1,128,1,0,0,0x18010202
1777197225.913,60065,6,4,ADCS,8,SOLAR,2,COMMAND,81,SET_MAG_DIPOLE,128,1,128,1,0,0,0x18010202
1777197226.928,61079,6,4,ADCS,8,SOLAR,2,COMMAND,81,SET_MAG_DIPOLE,128,1,128,1,0,0,0x18010202
1777197227.948,62093,6,4,ADCS,8,SOLAR,2,COMMAND,81,SET_MAG_DIPOLE,128,1,128,1,0,0,0x18010202
1777197228.961,63107,6,4,ADCS,8,SOLAR,2,COMMAND,81,SET_MAG_DIPOLE,128,1,128,1,0,0,0x18010202
1777197229.982,64122,6,4,ADCS,8,SOLAR,2,COMMAND,81,SET_MAG_DIPOLE,128,1,128,1,0,0,0x18010202
1777197231.021,65136,6,4,ADCS,8,SOLAR,2,COMMAND,81,SET_MAG_DIPOLE,128,1,128,1,0,0,0x18010202
1777197231.999,66150,6,4,ADCS,8,SOLAR,2,COMMAND,81,SET_MAG_DIPOLE,128,1,128,1,0,0,0x18010202
1777197233.012,67164,6,4,ADCS,8,SOLAR,2,COMMAND,81,SET_MAG_DIPOLE,128,1,128,1,0,0,0x18010202
1777197234.028,68179,6,4,ADCS,8,SOLAR,2,COMMAND,81,SET_MAG_DIPOLE,128,1,128,1,0,0,0x18010202
1777197235.043,69193,6,4,ADCS,8,SOLAR,2,COMMAND,81,SET_MAG_DIPOLE,128,1,128,1,0,0,0x18010202
1777197236.053,70207,6,4,ADCS,8,SOLAR,2,COMMAND,81,SET_MAG_DIPOLE,128,1,128,1,0,0,0x18010202
1777197237.071,71221,6,4,ADCS,8,SOLAR,2,COMMAND,81,SET_MAG_DIPOLE,128,1,128,1,0,0,0x18010202
1777197238.083,72236,6,4,ADCS,8,SOLAR,2,COMMAND,81,SET_MAG_DIPOLE,128,1,128,1,0,0,0x18010202
1777197239.110,73250,6,4,ADCS,8,SOLAR,2,COMMAND,81,SET_MAG_DIPOLE,128,1,128,1,0,0,0x18010202
1777197240.136,74264,6,4,ADCS,8,SOLAR,2,COMMAND,81,SET_MAG_DIPOLE,128,1,128,1,0,0,0x18010202
1777197241.154,75278,6,4,ADCS,8,SOLAR,2,COMMAND,81,SET_MAG_DIPOLE,128,1,128,1,0,0,0x18010202
1777197242.173,76293,6,4,ADCS,8,SOLAR,2,COMMAND,81,SET_MAG_DIPOLE,128,1,128,1,0,0,0x18010202
1777197243.157,77307,6,4,ADCS,8,SOLAR,2,COMMAND,81,SET_MAG_DIPOLE,128,1,128,1,0,0,0x18010202
1777197244.171,78321,6,4,ADCS,8,SOLAR,2,COMMAND,81,SET_MAG_DIPOLE,128,1,128,1,0,0,0x18010202
1777197245.186,79336,6,4,ADCS,8,SOLAR,2,COMMAND,81,SET_MAG_DIPOLE,128,1,128,1,0,0,0x18010202
1777197246.201,80350,6,4,ADCS,8,SOLAR,2,COMMAND,81,SET_MAG_DIPOLE,128,1,128,1,0,0,0x18010202
1777197247.215,81364,6,4,ADCS,8,SOLAR,2,COMMAND,81,SET_MAG_DIPOLE,128,1,128,1,0,0,0x18010202
1777197248.227,82379,6,4,ADCS,8,SOLAR,2,COMMAND,81,SET_MAG_DIPOLE,128,1,128,1,0,0,0x18010202
1777197249.248,83393,6,4,ADCS,8,SOLAR,2,COMMAND,81,SET_MAG_DIPOLE,128,1,128,1,0,0,0x18010202
1777197250.274,84407,6,4,ADCS,8,SOLAR,2,COMMAND,81,SET_MAG_DIPOLE,128,1,128,1,0,0,0x18010202
1777197251.297,85421,6,4,ADCS,8,SOLAR,2,COMMAND,81,SET_MAG_DIPOLE,128,1,128,1,0,0,0x18010202
1777197252.320,86435,6,4,ADCS,8,SOLAR,2,COMMAND,81,SET_MAG_DIPOLE,128,1,128,1,0,0,0x18010202
1777197253.300,87450,6,4,ADCS,8,SOLAR,2,COMMAND,81,SET_MAG_DIPOLE,128,1,128,1,0,0,0x18010202
1777197254.310,88464,6,4,ADCS,8,SOLAR,2,COMMAND,81,SET_MAG_DIPOLE,128,1,128,1,0,0,0x18010202
1777197255.326,89478,6,4,ADCS,8,SOLAR,2,COMMAND,81,SET_MAG_DIPOLE,128,1,128,1,0,0,0x18010202
1777197256.331,90492,6,4,ADCS,8,SOLAR,2,COMMAND,81,SET_MAG_DIPOLE,128,1,128,1,0,0,0x18010202
1777197257.356,91506,6,4,ADCS,8,SOLAR,2,COMMAND,81,SET_MAG_DIPOLE,128,1,128,1,0,0,0x18010202
1777197258.372,92521,6,4,ADCS,8,SOLAR,2,COMMAND,81,SET_MAG_DIPOLE,128,1,128,1,0,0,0x18010202
1777197259.376,93535,6,4,ADCS,8,SOLAR,2,COMMAND,81,SET_MAG_DIPOLE,128,1,128,1,0,0,0x18010202
1777197260.406,94549,6,4,ADCS,8,SOLAR,2,COMMAND,81,SET_MAG_DIPOLE,128,1,128,1,0,0,0x18010202
1777197261.435,95563,6,4,ADCS,8,SOLAR,2,COMMAND,81,SET_MAG_DIPOLE,128,1,128,1,0,0,0x18010202
1777197262.452,96578,6,4,ADCS,8,SOLAR,2,COMMAND,81,SET_MAG_DIPOLE,128,1,128,1,0,0,0x18010202
1777197263.483,97592,6,4,ADCS,8,SOLAR,2,COMMAND,81,SET_MAG_DIPOLE,128,1,128,1,0,0,0x18010202
1777197264.457,98606,6,4,ADCS,8,SOLAR,2,COMMAND,81,SET_MAG_DIPOLE,128,1,128,1,0,0,0x18010202
1777197265.470,99620,6,4,ADCS,8,SOLAR,2,COMMAND,81,SET_MAG_DIPOLE,128,1,128,1,0,0,0x18010202
1777197266.485,100635,6,4,ADCS,8,SOLAR,2,COMMAND,81,SET_MAG_DIPOLE,128,1,128,1,0,0,0x18010202
1777197267.499,101649,6,4,ADCS,8,SOLAR,2,COMMAND,81,SET_MAG_DIPOLE,128,1,128,1,0,0,0x18010202
1777197268.513,102663,6,4,ADCS,8,SOLAR,2,COMMAND,81,SET_MAG_DIPOLE,128,1,128,1,0,0,0x18010202
1777197269.526,103677,6,4,ADCS,8,SOLAR,2,COMMAND,81,SET_MAG_DIPOLE,128,1,128,1,0,0,0x18010202
1777197270.542,104692,6,4,ADCS,8,SOLAR,2,COMMAND,81,SET_MAG_DIPOLE,128,1,128,1,0,0,0x18010202
1777197271.576,105706,6,4,ADCS,8,SOLAR,2,COMMAND,81,SET_MAG_DIPOLE,128,1,128,1,0,0,0x18010202
1777197272.594,106720,6,4,ADCS,8,SOLAR,2,COMMAND,81,SET_MAG_DIPOLE,128,1,128,1,0,0,0x18010202
1777197273.625,107734,6,4,ADCS,8,SOLAR,2,COMMAND,81,SET_MAG_DIPOLE,128,1,128,1,0,0,0x18010202
1777197274.598,108748,6,4,ADCS,8,SOLAR,2,COMMAND,81,SET_MAG_DIPOLE,128,1,128,1,0,0,0x18010202
1777197275.597,109762,6,4,ADCS,8,SOLAR,2,COMMAND,81,SET_MAG_DIPOLE,128,1,128,1,0,0,0x18010202
1777197276.627,110777,6,4,ADCS,8,SOLAR,2,COMMAND,81,SET_MAG_DIPOLE,128,1,128,1,0,0,0x18010202
1777197277.642,111791,6,4,ADCS,8,SOLAR,2,COMMAND,81,SET_MAG_DIPOLE,128,1,128,1,0,0,0x18010202
1777197278.656,112805,6,4,ADCS,8,SOLAR,2,COMMAND,81,SET_MAG_DIPOLE,128,1,128,1,0,0,0x18010202
1777197279.661,113820,6,4,ADCS,8,SOLAR,2,COMMAND,81,SET_MAG_DIPOLE,128,1,128,1,0,0,0x18010202
1777197280.686,114834,6,4,ADCS,8,SOLAR,2,COMMAND,81,SET_MAG_DIPOLE,128,1,128,1,0,0,0x18010202
1777197281.705,115848,6,4,ADCS,8,SOLAR,2,COMMAND,81,SET_MAG_DIPOLE,128,1,128,1,0,0,0x18010202
1777197282.724,116862,6,4,ADCS,8,SOLAR,2,COMMAND,81,SET_MAG_DIPOLE,128,1,128,1,0,0,0x18010202
1777197283.753,117876,6,4,ADCS,8,SOLAR,2,COMMAND,81,SET_MAG_DIPOLE,128,1,128,1,0,0,0x18010202
1777197284.777,118890,6,4,ADCS,8,SOLAR,2,COMMAND,81,SET_MAG_DIPOLE,128,1,128,1,0,0,0x18010202
1777197285.756,119904,6,4,ADCS,8,SOLAR,2,COMMAND,81,SET_MAG_DIPOLE,128,1,128,1,0,0,0x18010202
1777197286.769,120919,6,4,ADCS,8,SOLAR,2,COMMAND,81,SET_MAG_DIPOLE,128,1,128,1,0,0,0x18010202
1777197287.787,121933,6,4,ADCS,8,SOLAR,2,COMMAND,81,SET_MAG_DIPOLE,128,1,128,1,0,0,0x18010202
1777197288.794,122947,6,4,ADCS,8,SOLAR,2,COMMAND,81,SET_MAG_DIPOLE,128,1,128,1,0,0,0x18010202
1777197289.810,123961,6,4,ADCS,8,SOLAR,2,COMMAND,81,SET_MAG_DIPOLE,128,1,128,1,0,0,0x18010202
1777197290.826,124976,6,4,ADCS,8,SOLAR,2,COMMAND,81,SET_MAG_DIPOLE,128,1,128,1,0,0,0x18010202
1777197291.844,125990,6,4,ADCS,8,SOLAR,2,COMMAND,81,SET_MAG_DIPOLE,128,1,128,1,0,0,0x18010202
1777197292.870,127004,6,4,ADCS,8,SOLAR,2,COMMAND,81,SET_MAG_DIPOLE,128,1,128,1,0,0,0x18010202
1777197293.899,128018,6,4,ADCS,8,SOLAR,2,COMMAND,81,SET_MAG_DIPOLE,128,1,128,1,0,0,0x18010202
1777197294.919,129033,6,4,ADCS,8,SOLAR,2,COMMAND,81,SET_MAG_DIPOLE,128,1,128,1,0,0,0x18010202
1777197295.888,130047,6,4,ADCS,8,SOLAR,2,COMMAND,81,SET_MAG_DIPOLE,128,1,128,1,0,0,0x18010202
1777197296.911,131061,6,4,ADCS,8,SOLAR,2,COMMAND,81,SET_MAG_DIPOLE,128,1,128,1,0,0,0x18010202
1777197297.925,132075,6,4,ADCS,8,SOLAR,2,COMMAND,81,SET_MAG_DIPOLE,128,1,128,1,0,0,0x18010202
1777197298.941,133090,6,4,ADCS,8,SOLAR,2,COMMAND,81,SET_MAG_DIPOLE,128,1,128,1,0,0,0x18010202
1777197299.955,134104,6,4,ADCS,8,SOLAR,2,COMMAND,81,SET_MAG_DIPOLE,128,1,128,1,0,0,0x18010202
1777197300.966,135118,6,4,ADCS,8,SOLAR,2,COMMAND,81,SET_MAG_DIPOLE,128,1,128,1,0,0,0x18010202
1777197301.986,136132,6,4,ADCS,8,SOLAR,2,COMMAND,81,SET_MAG_DIPOLE,128,1,128,1,0,0,0x18010202
1777197303.005,137146,6,4,ADCS,8,SOLAR,2,COMMAND,81,SET_MAG_DIPOLE,128,1,128,1,0,0,0x18010202
1777197304.025,138161,6,4,ADCS,8,SOLAR,2,COMMAND,81,SET_MAG_DIPOLE,128,1,128,1,0,0,0x18010202
1777197305.054,139175,6,4,ADCS,8,SOLAR,2,COMMAND,81,SET_MAG_DIPOLE,128,1,128,1,0,0,0x18010202
1777197306.071,140189,6,4,ADCS,8,SOLAR,2,COMMAND,81,SET_MAG_DIPOLE,128,1,128,1,0,0,0x18010202
1777197307.055,141204,6,4,ADCS,8,SOLAR,2,COMMAND,81,SET_MAG_DIPOLE,128,1,128,1,0,0,0x18010202
1777197308.069,142218,6,4,ADCS,8,SOLAR,2,COMMAND,81,SET_MAG_DIPOLE,128,1,128,1,0,0,0x18010202
1777197309.083,143232,6,4,ADCS,8,SOLAR,2,COMMAND,81,SET_MAG_DIPOLE,128,1,128,1,0,0,0x18010202
1777197310.089,144246,6,4,ADCS,8,SOLAR,2,COMMAND,81,SET_MAG_DIPOLE,128,1,128,1,0,0,0x18010202
1777197311.111,145261,6,4,ADCS,8,SOLAR,2,COMMAND,81,SET_MAG_DIPOLE,128,1,128,1,0,0,0x18010202
1777197312.125,146275,6,4,ADCS,8,SOLAR,2,COMMAND,81,SET_MAG_DIPOLE,128,1,128,1,0,0,0x18010202
1777197313.152,147289,6,4,ADCS,8,SOLAR,2,COMMAND,81,SET_MAG_DIPOLE,128,1,128,1,0,0,0x18010202
1777197314.171,148303,6,4,ADCS,8,SOLAR,2,COMMAND,81,SET_MAG_DIPOLE,128,1,128,1,0,0,0x18010202
1777197315.199,149317,6,4,ADCS,8,SOLAR,2,COMMAND,81,SET_MAG_DIPOLE,128,1,128,1,0,0,0x18010202
1777197316.221,150332,6,4,ADCS,8,SOLAR,2,COMMAND,81,SET_MAG_DIPOLE,128,1,128,1,0,0,0x18010202
1777197317.189,151346,6,4,ADCS,8,SOLAR,2,COMMAND,81,SET_MAG_DIPOLE,128,1,128,1,0,0,0x18010202
1777197318.208,152360,6,4,ADCS,8,SOLAR,2,COMMAND,81,SET_MAG_DIPOLE,128,1,128,1,0,0,0x18010202
1777197319.221,153374,6,4,ADCS,8,SOLAR,2,COMMAND,81,SET_MAG_DIPOLE,128,1,128,1,0,0,0x18010202
1777197320.239,154388,6,4,ADCS,8,SOLAR,2,COMMAND,81,SET_MAG_DIPOLE,128,1,128,1,0,0,0x18010202
1777197321.254,155403,6,4,ADCS,8,SOLAR,2,COMMAND,81,SET_MAG_DIPOLE,128,1,128,1,0,0,0x18010202
1777197322.269,156417,6,4,ADCS,8,SOLAR,2,COMMAND,81,SET_MAG_DIPOLE,128,1,128,1,0,0,0x18010202
1777197323.282,157431,6,4,ADCS,8,SOLAR,2,COMMAND,81,SET_MAG_DIPOLE,128,1,128,1,0,0,0x18010202
1777197324.308,158445,6,4,ADCS,8,SOLAR,2,COMMAND,81,SET_MAG_DIPOLE,128,1,128,1,0,0,0x18010202
1777197325.320,159459,6,4,ADCS,8,SOLAR,2,COMMAND,81,SET_MAG_DIPOLE,128,1,128,1,0,0,0x18010202
1777197326.354,160474,6,4,ADCS,8,SOLAR,2,COMMAND,81,SET_MAG_DIPOLE,128,1,128,1,0,0,0x18010202
1777197327.383,161488,6,4,ADCS,8,SOLAR,2,COMMAND,81,SET_MAG_DIPOLE,128,1,128,1,0,0,0x18010202
1777197328.353,162502,6,4,ADCS,8,SOLAR,2,COMMAND,81,SET_MAG_DIPOLE,128,1,128,1,0,0,0x18010202
1777197329.372,163517,6,4,ADCS,8,SOLAR,2,COMMAND,81,SET_MAG_DIPOLE,128,1,128,1,0,0,0x18010202
1777197330.380,164531,6,4,ADCS,8,SOLAR,2,COMMAND,81,SET_MAG_DIPOLE,128,1,128,1,0,0,0x18010202
1777197331.396,165545,6,4,ADCS,8,SOLAR,2,COMMAND,81,SET_MAG_DIPOLE,128,1,128,1,0,0,0x18010202
1777197332.410,166559,6,4,ADCS,8,SOLAR,2,COMMAND,81,SET_MAG_DIPOLE,128,1,128,1,0,0,0x18010202
1777197333.424,167574,6,4,ADCS,8,SOLAR,2,COMMAND,81,SET_MAG_DIPOLE,128,1,128,1,0,0,0x18010202
1777197334.439,168588,6,4,ADCS,8,SOLAR,2,COMMAND,81,SET_MAG_DIPOLE,128,1,128,1,0,0,0x18010202
1777197335.471,169602,6,4,ADCS,8,SOLAR,2,COMMAND,81,SET_MAG_DIPOLE,128,1,128,1,0,0,0x18010202
1777197336.488,170616,6,4,ADCS,8,SOLAR,2,COMMAND,81,SET_MAG_DIPOLE,128,1,128,1,0,0,0x18010202
1777197337.521,171631,6,4,ADCS,8,SOLAR,2,COMMAND,81,SET_MAG_DIPOLE,128,1,128,1,0,0,0x18010202
1777197338.496,172645,6,4,ADCS,8,SOLAR,2,COMMAND,81,SET_MAG_DIPOLE,128,1,128,1,0,0,0x18010202
1777197339.510,173659,6,4,ADCS,8,SOLAR,2,COMMAND,81,SET_MAG_DIPOLE,128,1,128,1,0,0,0x18010202
1777197340.524,174673,6,4,ADCS,8,SOLAR,2,COMMAND,81,SET_MAG_DIPOLE,128,1,128,1,0,0,0x18010202
1777197341.541,175688,6,4,ADCS,8,SOLAR,2,COMMAND,81,SET_MAG_DIPOLE,128,1,128,1,0,0,0x18010202
1777197342.554,176702,6,4,ADCS,8,SOLAR,2,COMMAND,81,SET_MAG_DIPOLE,128,1,128,1,0,0,0x18010202
1777197343.568,177716,6,4,ADCS,8,SOLAR,2,COMMAND,81,SET_MAG_DIPOLE,128,1,128,1,0,0,0x18010202
1777197344.588,178731,6,4,ADCS,8,SOLAR,2,COMMAND,81,SET_MAG_DIPOLE,128,1,128,1,0,0,0x18010202
1777197345.608,179745,6,4,ADCS,8,SOLAR,2,COMMAND,81,SET_MAG_DIPOLE,128,1,128,1,0,0,0x18010202
1777197346.633,180759,6,4,ADCS,8,SOLAR,2,COMMAND,81,SET_MAG_DIPOLE,128,1,128,1,0,0,0x18010202
1777197347.657,181773,6,4,ADCS,8,SOLAR,2,COMMAND,81,SET_MAG_DIPOLE,128,1,128,1,0,0,0x18010202
1777197348.681,182788,6,4,ADCS,8,SOLAR,2,COMMAND,81,SET_MAG_DIPOLE,128,1,128,1,0,0,0x18010202
1777197349.652,183802,6,4,ADCS,8,SOLAR,2,COMMAND,81,SET_MAG_DIPOLE,128,1,128,1,0,0,0x18010202
1777197350.667,184816,6,4,ADCS,8,SOLAR,2,COMMAND,81,SET_MAG_DIPOLE,128,1,128,1,0,0,0x18010202
1777197351.673,185831,6,4,ADCS,8,SOLAR,2,COMMAND,81,SET_MAG_DIPOLE,128,1,128,1,0,0,0x18010202
1777197352.689,186845,6,4,ADCS,8,SOLAR,2,COMMAND,81,SET_MAG_DIPOLE,128,1,128,1,0,0,0x18010202
1777197353.703,187859,6,4,ADCS,8,SOLAR,2,COMMAND,81,SET_MAG_DIPOLE,128,1,128,1,0,0,0x18010202
1777197354.725,188874,6,4,ADCS,8,SOLAR,2,COMMAND,81,SET_MAG_DIPOLE,128,1,128,1,0,0,0x18010202
1777197355.739,189888,6,4,ADCS,8,SOLAR,2,COMMAND,81,SET_MAG_DIPOLE,128,1,128,1,0,0,0x18010202
1777197356.770,190902,6,4,ADCS,8,SOLAR,2,COMMAND,81,SET_MAG_DIPOLE,128,1,128,1,0,0,0x18010202
1777197357.798,191917,6,4,ADCS,8,SOLAR,2,COMMAND,81,SET_MAG_DIPOLE,128,1,128,1,0,0,0x18010202
1777197358.804,192931,6,4,ADCS,8,SOLAR,2,COMMAND,81,SET_MAG_DIPOLE,128,1,128,1,0,0,0x18010202
1777197359.796,193945,6,4,ADCS,8,SOLAR,2,COMMAND,81,SET_MAG_DIPOLE,128,1,128,1,0,0,0x18010202
1777197360.810,194959,6,4,ADCS,8,SOLAR,2,COMMAND,81,SET_MAG_DIPOLE,128,1,128,1,0,0,0x18010202
1777197361.825,195974,6,4,ADCS,8,SOLAR,2,COMMAND,81,SET_MAG_DIPOLE,128,1,128,1,0,0,0x18010202
1777197362.840,196988,6,4,ADCS,8,SOLAR,2,COMMAND,81,SET_MAG_DIPOLE,128,1,128,1,0,0,0x18010202
1777197363.839,198002,6,4,ADCS,8,SOLAR,2,COMMAND,81,SET_MAG_DIPOLE,128,1,128,1,0,0,0x18010202
1777197364.868,199017,6,4,ADCS,8,SOLAR,2,COMMAND,81,SET_MAG_DIPOLE,128,1,128,1,0,0,0x18010202
1777197365.876,200031,6,4,ADCS,8,SOLAR,2,COMMAND,81,SET_MAG_DIPOLE,128,1,128,1,0,0,0x18010202
1777197366.899,201045,6,4,ADCS,8,SOLAR,2,COMMAND,81,SET_MAG_DIPOLE,128,1,128,1,0,0,0x18010202
1777197367.918,202059,6,4,ADCS,8,SOLAR,2,COMMAND,81,SET_MAG_DIPOLE,128,1,128,1,0,0,0x18010202
1777197368.957,203073,6,4,ADCS,8,SOLAR,2,COMMAND,81,SET_MAG_DIPOLE,128,1,128,1,0,0,0x18010202
1777197369.972,204088,6,4,ADCS,8,SOLAR,2,COMMAND,81,SET_MAG_DIPOLE,128,1,128,1,0,0,0x18010202
1777197370.942,205102,6,4,ADCS,8,SOLAR,2,COMMAND,81,SET_MAG_DIPOLE,128,1,128,1,0,0,0x18010202
1777197371.967,206116,6,4,ADCS,8,SOLAR,2,COMMAND,81,SET_MAG_DIPOLE,128,1,128,1,0,0,0x18010202
1777197372.981,207130,6,4,ADCS,8,SOLAR,2,COMMAND,81,SET_MAG_DIPOLE,128,1,128,1,0,0,0x18010202
1777197373.996,208145,6,4,ADCS,8,SOLAR,2,COMMAND,81,SET_MAG_DIPOLE,128,1,128,1,0,0,0x18010202
1777197375.010,209159,6,4,ADCS,8,SOLAR,2,COMMAND,81,SET_MAG_DIPOLE,128,1,128,1,0,0,0x18010202
1777197376.024,210173,6,4,ADCS,8,SOLAR,2,COMMAND,81,SET_MAG_DIPOLE,128,1,128,1,0,0,0x18010202
1777197377.047,211187,6,4,ADCS,8,SOLAR,2,COMMAND,81,SET_MAG_DIPOLE,128,1,128,1,0,0,0x18010202
1777197378.071,212202,6,4,ADCS,8,SOLAR,2,COMMAND,81,SET_MAG_DIPOLE,128,1,128,1,0,0,0x18010202
1777197379.092,213216,6,4,ADCS,8,SOLAR,2,COMMAND,81,SET_MAG_DIPOLE,128,1,128,1,0,0,0x18010202
1777197380.120,214230,6,4,ADCS,8,SOLAR,2,COMMAND,81,SET_MAG_DIPOLE,128,1,128,1,0,0,0x18010202
1777197381.096,215244,6,4,ADCS,8,SOLAR,2,COMMAND,81,SET_MAG_DIPOLE,128,1,128,1,0,0,0x18010202
1777197382.111,216259,6,4,ADCS,8,SOLAR,2,COMMAND,81,SET_MAG_DIPOLE,128,1,128,1,0,0,0x18010202
1777197383.120,217273,6,4,ADCS,8,SOLAR,2,COMMAND,81,SET_MAG_DIPOLE,128,1,128,1,0,0,0x18010202
1777197384.136,218287,6,4,ADCS,8,SOLAR,2,COMMAND,81,SET_MAG_DIPOLE,128,1,128,1,0,0,0x18010202
1777197385.153,219301,6,4,ADCS,8,SOLAR,2,COMMAND,81,SET_MAG_DIPOLE,128,1,128,1,0,0,0x18010202
1777197386.168,220316,6,4,ADCS,8,SOLAR,2,COMMAND,81,SET_MAG_DIPOLE,128,1,128,1,0,0,0x18010202
1777197387.171,221330,6,4,ADCS,8,SOLAR,2,COMMAND,81,SET_MAG_DIPOLE,128,1,128,1,0,0,0x18010202
1777197388.209,222344,6,4,ADCS,8,SOLAR,2,COMMAND,81,SET_MAG_DIPOLE,128,1,128,1,0,0,0x18010202
1777197389.230,223358,6,4,ADCS,8,SOLAR,2,COMMAND,81,SET_MAG_DIPOLE,128,1,128,1,0,0,0x18010202
1777197390.248,224373,6,4,ADCS,8,SOLAR,2,COMMAND,81,SET_MAG_DIPOLE,128,1,128,1,0,0,0x18010202
1777197391.280,225387,6,4,ADCS,8,SOLAR,2,COMMAND,81,SET_MAG_DIPOLE,128,1,128,1,0,0,0x18010202
1777197392.255,226402,6,4,ADCS,8,SOLAR,2,COMMAND,81,SET_MAG_DIPOLE,128,1,128,1,0,0,0x18010202
1777197393.265,227416,6,4,ADCS,8,SOLAR,2,COMMAND,81,SET_MAG_DIPOLE,128,1,128,1,0,0,0x18010202
1777197394.282,228430,6,4,ADCS,8,SOLAR,2,COMMAND,81,SET_MAG_DIPOLE,128,1,128,1,0,0,0x18010202
1777197395.297,229445,6,4,ADCS,8,SOLAR,2,COMMAND,81,SET_MAG_DIPOLE,128,1,128,1,0,0,0x18010202
1777197396.311,230459,6,4,ADCS,8,SOLAR,2,COMMAND,81,SET_MAG_DIPOLE,128,1,128,1,0,0,0x18010202
1777197397.321,231473,6,4,ADCS,8,SOLAR,2,COMMAND,81,SET_MAG_DIPOLE,128,1,128,1,0,0,0x18010202
1777197398.340,232488,6,4,ADCS,8,SOLAR,2,COMMAND,81,SET_MAG_DIPOLE,128,1,128,1,0,0,0x18010202
1777197399.370,233502,6,4,ADCS,8,SOLAR,2,COMMAND,81,SET_MAG_DIPOLE,128,1,128,1,0,0,0x18010202
1777197400.400,234516,6,4,ADCS,8,SOLAR,2,COMMAND,81,SET_MAG_DIPOLE,128,1,128,1,0,0,0x18010202
1777197401.422,235531,6,4,ADCS,8,SOLAR,2,COMMAND,81,SET_MAG_DIPOLE,128,1,128,1,0,0,0x18010202
1777197402.392,236545,6,4,ADCS,8,SOLAR,2,COMMAND,81,SET_MAG_DIPOLE,128,1,128,1,0,0,0x18010202
1777197403.411,237559,6,4,ADCS,8,SOLAR,2,COMMAND,81,SET_MAG_DIPOLE,128,1,128,1,0,0,0x18010202
1777197404.411,238574,6,4,ADCS,8,SOLAR,2,COMMAND,81,SET_MAG_DIPOLE,128,1,128,1,0,0,0x18010202
1777197405.428,239588,6,4,ADCS,8,SOLAR,2,COMMAND,81,SET_MAG_DIPOLE,128,1,128,1,0,0,0x18010202
1777197406.454,240602,6,4,ADCS,8,SOLAR,2,COMMAND,81,SET_MAG_DIPOLE,128,1,128,1,0,0,0x18010202
1777197407.468,241616,6,4,ADCS,8,SOLAR,2,COMMAND,81,SET_MAG_DIPOLE,128,1,128,1,0,0,0x18010202
1777197408.484,242631,6,4,ADCS,8,SOLAR,2,COMMAND,81,SET_MAG_DIPOLE,128,1,128,1,0,0,0x18010202
1777197409.506,243632,6,4,ADCS,8,SOLAR,2,COMMAND,81,SET_MAG_DIPOLE,128,1,128,1,0,0,0x18010202
1777197410.486,244633,6,4,ADCS,8,SOLAR,2,COMMAND,81,SET_MAG_DIPOLE,128,1,128,1,0,0,0x18010202
1777197411.487,245634,6,4,ADCS,8,SOLAR,2,COMMAND,81,SET_MAG_DIPOLE,128,1,128,1,0,0,0x18010202
1777197412.508,246655,6,4,ADCS,8,SOLAR,2,COMMAND,81,SET_MAG_DIPOLE,128,1,128,1,0,0,0x18010202
1777197413.549,247697,6,4,ADCS,8,SOLAR,2,COMMAND,81,SET_MAG_DIPOLE,128,1,128,1,0,0,0x18010202
1777197414.621,248739,6,4,ADCS,8,SOLAR,2,COMMAND,81,SET_MAG_DIPOLE,128,1,128,1,0,0,0x18010202
1777197415.667,249781,6,4,ADCS,8,SOLAR,2,COMMAND,81,SET_MAG_DIPOLE,128,1,128,1,0,0,0x18010202
1777197416.669,250823,6,4,ADCS,8,SOLAR,2,COMMAND,81,SET_MAG_DIPOLE,128,1,128,1,0,0,0x18010202
1777197417.717,251865,6,4,ADCS,8,SOLAR,2,COMMAND,81,SET_MAG_DIPOLE,128,1,128,1,0,0,0x18010202
1777197418.758,252907,6,4,ADCS,8,SOLAR,2,COMMAND,81,SET_MAG_DIPOLE,128,1,128,1,0,0,0x18010202
1777197419.796,253949,6,4,ADCS,8,SOLAR,2,COMMAND,81,SET_MAG_DIPOLE,128,1,128,1,0,0,0x18010202
1777197420.876,254991,6,4,ADCS,8,SOLAR,2,COMMAND,81,SET_MAG_DIPOLE,128,1,128,1,0,0,0x18010202
1777197421.899,256033,6,4,ADCS,8,SOLAR,2,COMMAND,81,SET_MAG_DIPOLE,128,1,128,1,0,0,0x18010202
1777197422.926,257075,6,4,ADCS,8,SOLAR,2,COMMAND,81,SET_MAG_DIPOLE,128,1,128,1,0,0,0x18010202
1777197423.968,258117,6,4,ADCS,8,SOLAR,2,COMMAND,81,SET_MAG_DIPOLE,128,1,128,1,0,0,0x18010202
1777197425.010,259159,6,4,ADCS,8,SOLAR,2,COMMAND,81,SET_MAG_DIPOLE,128,1,128,1,0,0,0x18010202
1777197426.054,260201,6,4,ADCS,8,SOLAR,2,COMMAND,81,SET_MAG_DIPOLE,128,1,128,1,0,0,0x18010202
1777197427.122,261243,6,4,ADCS,8,SOLAR,2,COMMAND,81,SET_MAG_DIPOLE,128,1,128,1,0,0,0x18010202
1777197428.138,262285,6,4,ADCS,8,SOLAR,2,COMMAND,81,SET_MAG_DIPOLE,128,1,128,1,0,0,0x18010202
1777197429.178,263327,6,4,ADCS,8,SOLAR,2,COMMAND,81,SET_MAG_DIPOLE,128,1,128,1,0,0,0x18010202
1777197430.222,264369,6,4,ADCS,8,SOLAR,2,COMMAND,81,SET_MAG_DIPOLE,128,1,128,1,0,0,0x18010202
1777197431.263,265411,6,4,ADCS,8,SOLAR,2,COMMAND,81,SET_MAG_DIPOLE,128,1,128,1,0,0,0x18010202
1777197432.333,266453,6,4,ADCS,8,SOLAR,2,COMMAND,81,SET_MAG_DIPOLE,128,1,128,1,0,0,0x18010202
1777197433.368,267495,6,4,ADCS,8,SOLAR,2,COMMAND,81,SET_MAG_DIPOLE,128,1,128,1,0,0,0x18010202
1777197434.389,268537,6,4,ADCS,8,SOLAR,2,COMMAND,81,SET_MAG_DIPOLE,128,1,128,1,0,0,0x18010202
1777197435.432,269579,6,4,ADCS,8,SOLAR,2,COMMAND,81,SET_MAG_DIPOLE,128,1,128,1,0,0,0x18010202
1777197436.473,270621,6,4,ADCS,8,SOLAR,2,COMMAND,81,SET_MAG_DIPOLE,128,1,128,1,0,0,0x18010202
1777197437.515,271663,6,4,ADCS,8,SOLAR,2,COMMAND,81,SET_MAG_DIPOLE,128,1,128,1,0,0,0x18010202
1777197438.591,272705,6,4,ADCS,8,SOLAR,2,COMMAND,81,SET_MAG_DIPOLE,128,1,128,1,0,0,0x18010202
1777197439.615,273747,6,4,ADCS,8,SOLAR,2,COMMAND,81,SET_MAG_DIPOLE,128,1,128,1,0,0,0x18010202
1777197440.642,274789,6,4,ADCS,8,SOLAR,2,COMMAND,81,SET_MAG_DIPOLE,128,1,128,1,0,0,0x18010202
1777197441.685,275831,6,4,ADCS,8,SOLAR,2,COMMAND,81,SET_MAG_DIPOLE,128,1,128,1,0,0,0x18010202
1777197442.725,276873,6,4,ADCS,8,SOLAR,2,COMMAND,81,SET_MAG_DIPOLE,128,1,128,1,0,0,0x18010202
1777197443.767,277915,6,4,ADCS,8,SOLAR,2,COMMAND,81,SET_MAG_DIPOLE,128,1,128,1,0,0,0x18010202
1777197444.828,278957,6,4,ADCS,8,SOLAR,2,COMMAND,81,SET_MAG_DIPOLE,128,1,128,1,0,0,0x18010202
1777197445.861,279999,6,4,ADCS,8,SOLAR,2,COMMAND,81,SET_MAG_DIPOLE,128,1,128,1,0,0,0x18010202
1777197446.893,281041,6,4,ADCS,8,SOLAR,2,COMMAND,81,SET_MAG_DIPOLE,128,1,128,1,0,0,0x18010202
1777197447.935,282083,6,4,ADCS,8,SOLAR,2,COMMAND,81,SET_MAG_DIPOLE,128,1,128,1,0,0,0x18010202
1777197448.977,283125,6,4,ADCS,8,SOLAR,2,COMMAND,81,SET_MAG_DIPOLE,128,1,128,1,0,0,0x18010202
1777197450.061,284167,6,4,ADCS,8,SOLAR,2,COMMAND,81,SET_MAG_DIPOLE,128,1,128,1,0,0,0x18010202
1777197451.085,285209,6,4,ADCS,8,SOLAR,2,COMMAND,81,SET_MAG_DIPOLE,128,1,128,1,0,0,0x18010202
1777197452.106,286251,6,4,ADCS,8,SOLAR,2,COMMAND,81,SET_MAG_DIPOLE,128,1,128,1,0,0,0x18010202
1777197453.145,287293,6,4,ADCS,8,SOLAR,2,COMMAND,81,SET_MAG_DIPOLE,128,1,128,1,0,0,0x18010202
1777197454.187,288335,6,4,ADCS,8,SOLAR,2,COMMAND,81,SET_MAG_DIPOLE,128,1,128,1,0,0,0x18010202
1777197455.229,289377,6,4,ADCS,8,SOLAR,2,COMMAND,81,SET_MAG_DIPOLE,128,1,128,1,0,0,0x18010202
1777197456.302,290419,6,4,ADCS,8,SOLAR,2,COMMAND,81,SET_MAG_DIPOLE,128,1,128,1,0,0,0x18010202
1777197457.331,291461,6,4,ADCS,8,SOLAR,2,COMMAND,81,SET_MAG_DIPOLE,128,1,128,1,0,0,0x18010202
1777197458.356,292503,6,4,ADCS,8,SOLAR,2,COMMAND,81,SET_MAG_DIPOLE,128,1,128,1,0,0,0x18010202
1777197459.397,293545,6,4,ADCS,8,SOLAR,2,COMMAND,81,SET_MAG_DIPOLE,128,1,128,1,0,0,0x18010202
1777197460.448,294587,6,4,ADCS,8,SOLAR,2,COMMAND,81,SET_MAG_DIPOLE,128,1,128,1,0,0,0x18010202
1777197461.482,295629,6,4,ADCS,8,SOLAR,2,COMMAND,81,SET_MAG_DIPOLE,128,1,128,1,0,0,0x18010202
1777197462.555,296671,6,4,ADCS,8,SOLAR,2,COMMAND,81,SET_MAG_DIPOLE,128,1,128,1,0,0,0x18010202
1777197463.579,297713,6,4,ADCS,8,SOLAR,2,COMMAND,81,SET_MAG_DIPOLE,128,1,128,1,0,0,0x18010202
1777197464.610,298755,6,4,ADCS,8,SOLAR,2,COMMAND,81,SET_MAG_DIPOLE,128,1,128,1,0,0,0x18010202
1777197465.649,299797,6,4,ADCS,8,SOLAR,2,COMMAND,81,SET_MAG_DIPOLE,128,1,128,1,0,0,0x18010202
1777197466.691,300839,6,4,ADCS,8,SOLAR,2,COMMAND,81,SET_MAG_DIPOLE,128,1,128,1,0,0,0x18010202
1777197467.734,301881,6,4,ADCS,8,SOLAR,2,COMMAND,81,SET_MAG_DIPOLE,128,1,128,1,0,0,0x18010202
1777197468.789,302923,6,4,ADCS,8,SOLAR,2,COMMAND,81,SET_MAG_DIPOLE,128,1,128,1,0,0,0x18010202
1777197469.825,303965,6,4,ADCS,8,SOLAR,2,COMMAND,81,SET_MAG_DIPOLE,128,1,128,1,0,0,0x18010202
1777197470.859,305007,6,4,ADCS,8,SOLAR,2,COMMAND,81,SET_MAG_DIPOLE,128,1,128,1,0,0,0x18010202
1777197471.901,306049,6,4,ADCS,8,SOLAR,2,COMMAND,81,SET_MAG_DIPOLE,128,1,128,1,0,0,0x18010202
1777197472.942,307091,6,4,ADCS,8,SOLAR,2,COMMAND,81,SET_MAG_DIPOLE,128,1,128,1,0,0,0x18010202
1777197867.767,5223,6,4,ADCS,8,SOLAR,2,COMMAND,81,SET_MAG_DIPOLE,128,1,128,1,0,0,0x18010202
1777197868.785,6225,6,4,ADCS,8,SOLAR,2,COMMAND,81,SET_MAG_DIPOLE,128,1,128,1,0,0,0x18010202
1777197869.819,7267,6,4,ADCS,8,SOLAR,2,COMMAND,81,SET_MAG_DIPOLE,128,1,128,1,0,0,0x18010202
1777197870.851,8309,6,4,ADCS,8,SOLAR,2,COMMAND,81,SET_MAG_DIPOLE,128,1,128,1,0,0,0x18010202
1777197871.893,9351,6,4,ADCS,8,SOLAR,2,COMMAND,81,SET_MAG_DIPOLE,128,1,128,1,0,0,0x18010202
1777197872.935,10393,6,4,ADCS,8,SOLAR,2,COMMAND,81,SET_MAG_DIPOLE,128,1,128,1,0,0,0x18010202
1777197874.006,11435,6,4,ADCS,8,SOLAR,2,COMMAND,81,SET_MAG_DIPOLE,128,1,128,1,0,0,0x18010202
1777197875.029,12477,6,4,ADCS,8,SOLAR,2,COMMAND,81,SET_MAG_DIPOLE,128,1,128,1,0,0,0x18010202
1777197876.062,13519,6,4,ADCS,8,SOLAR,2,COMMAND,81,SET_MAG_DIPOLE,128,1,128,1,0,0,0x18010202
1777197877.103,14561,6,4,ADCS,8,SOLAR,2,COMMAND,81,SET_MAG_DIPOLE,128,1,128,1,0,0,0x18010202
1777197878.146,15603,6,4,ADCS,8,SOLAR,2,COMMAND,81,SET_MAG_DIPOLE,128,1,128,1,0,0,0x18010202
1777197879.186,16645,6,4,ADCS,8,SOLAR,2,COMMAND,81,SET_MAG_DIPOLE,128,1,128,1,0,0,0x18010202
1777197880.254,17687,6,4,ADCS,8,SOLAR,2,COMMAND,81,SET_MAG_DIPOLE,128,1,128,1,0,0,0x18010202
1777197881.272,18729,6,4,ADCS,8,SOLAR,2,COMMAND,81,SET_MAG_DIPOLE,128,1,128,1,0,0,0x18010202
1777197882.313,19771,6,4,ADCS,8,SOLAR,2,COMMAND,81,SET_MAG_DIPOLE,128,1,128,1,0,0,0x18010202
1777197883.357,20813,6,4,ADCS,8,SOLAR,2,COMMAND,81,SET_MAG_DIPOLE,128,1,128,1,0,0,0x18010202
1777197884.398,21855,6,4,ADCS,8,SOLAR,2,COMMAND,81,SET_MAG_DIPOLE,128,1,128,1,0,0,0x18010202
1777197885.481,22897,6,4,ADCS,8,SOLAR,2,COMMAND,81,SET_MAG_DIPOLE,128,1,128,1,0,0,0x18010202
1777197886.502,23939,6,4,ADCS,8,SOLAR,2,COMMAND,81,SET_MAG_DIPOLE,128,1,128,1,0,0,0x18010202
1777197887.527,24981,6,4,ADCS,8,SOLAR,2,COMMAND,81,SET_MAG_DIPOLE,128,1,128,1,0,0,0x18010202
1777197888.565,26023,6,4,ADCS,8,SOLAR,2,COMMAND,81,SET_MAG_DIPOLE,128,1,128,1,0,0,0x18010202
1777197889.608,27065,6,4,ADCS,8,SOLAR,2,COMMAND,81,SET_MAG_DIPOLE,128,1,128,1,0,0,0x18010202
1777197890.650,28107,6,4,ADCS,8,SOLAR,2,COMMAND,81,SET_MAG_DIPOLE,128,1,128,1,0,0,0x18010202
1777197891.651,29108,6,4,ADCS,8,SOLAR,2,COMMAND,81,SET_MAG_DIPOLE,128,1,128,1,0,0,0x18010202
1777197892.652,30109,6,4,ADCS,8,SOLAR,2,COMMAND,81,SET_MAG_DIPOLE,128,1,128,1,0,0,0x18010202
1777197893.666,31110,6,4,ADCS,8,SOLAR,2,COMMAND,81,SET_MAG_DIPOLE,128,1,128,1,0,0,0x18010202
1777197894.698,32111,6,4,ADCS,8,SOLAR,2,COMMAND,81,SET_MAG_DIPOLE,128,1,128,1,0,0,0x18010202
1777197895.656,33112,6,4,ADCS,8,SOLAR,2,COMMAND,81,SET_MAG_DIPOLE,128,1,128,1,0,0,0x18010202
1777197896.656,34113,6,4,ADCS,8,SOLAR,2,COMMAND,81,SET_MAG_DIPOLE,128,1,128,1,0,0,0x18010202
1777197897.678,35135,6,4,ADCS,8,SOLAR,2,COMMAND,81,SET_MAG_DIPOLE,128,1,128,1,0,0,0x18010202
1777197898.719,36177,6,4,ADCS,8,SOLAR,2,COMMAND,81,SET_MAG_DIPOLE,128,1,128,1,0,0,0x18010202
1777197899.761,37219,6,4,ADCS,8,SOLAR,2,COMMAND,81,SET_MAG_DIPOLE,128,1,128,1,0,0,0x18010202
1777197900.841,38261,6,4,ADCS,8,SOLAR,2,COMMAND,81,SET_MAG_DIPOLE,128,1,128,1,0,0,0x18010202
1777197901.860,39303,6,4,ADCS,8,SOLAR,2,COMMAND,81,SET_MAG_DIPOLE,128,1,128,1,0,0,0x18010202
1777197902.879,40319,6,4,ADCS,8,SOLAR,2,COMMAND,81,SET_MAG_DIPOLE,128,1,128,1,0,0,0x18010202
1777197903.960,41417,6,4,ADCS,8,SOLAR,2,COMMAND,81,SET_MAG_DIPOLE,128,1,128,1,0,0,0x18010202
1777197905.058,42515,6,4,ADCS,8,SOLAR,2,COMMAND,81,SET_MAG_DIPOLE,128,1,128,1,0,0,0x18010202
1777197906.164,43613,6,4,ADCS,8,SOLAR,2,COMMAND,81,SET_MAG_DIPOLE,128,1,128,1,0,0,0x18010202
1777197907.283,44711,6,4,ADCS,8,SOLAR,2,COMMAND,81,SET_MAG_DIPOLE,128,1,128,1,0,0,0x18010202
1777197908.355,45809,6,4,ADCS,8,SOLAR,2,COMMAND,81,SET_MAG_DIPOLE,128,1,128,1,0,0,0x18010202
1777197909.451,46907,6,4,ADCS,8,SOLAR,2,COMMAND,81,SET_MAG_DIPOLE,128,1,128,1,0,0,0x18010202
1777197910.569,48005,6,4,ADCS,8,SOLAR,2,COMMAND,81,SET_MAG_DIPOLE,128,1,128,1,0,0,0x18010202
1777197911.644,49101,6,4,ADCS,8,SOLAR,2,COMMAND,81,SET_MAG_DIPOLE,128,1,128,1,0,0,0x18010202
1777197912.743,50199,6,4,ADCS,8,SOLAR,2,COMMAND,81,SET_MAG_DIPOLE,128,1,128,1,0,0,0x18010202
1777197913.845,51297,6,4,ADCS,8,SOLAR,2,COMMAND,81,SET_MAG_DIPOLE,128,1,128,1,0,0,0x18010202
1777197914.971,52395,6,4,ADCS,8,SOLAR,2,COMMAND,81,SET_MAG_DIPOLE,128,1,128,1,0,0,0x18010202
1777197916.031,53493,6,4,ADCS,8,SOLAR,2,COMMAND,81,SET_MAG_DIPOLE,128,1,128,1,0,0,0x18010202
1777197917.137,54591,6,4,ADCS,8,SOLAR,2,COMMAND,81,SET_MAG_DIPOLE,128,1,128,1,0,0,0x18010202
1777197918.138,55592,6,4,ADCS,8,SOLAR,2,COMMAND,81,SET_MAG_DIPOLE,128,1,128,1,0,0,0x18010202
1777197919.162,56593,6,4,ADCS,8,SOLAR,2,COMMAND,81,SET_MAG_DIPOLE,128,1,128,1,0,0,0x18010202
1777197920.138,57594,6,4,ADCS,8,SOLAR,2,COMMAND,81,SET_MAG_DIPOLE,128,1,128,1,0,0,0x18010202
1777197921.158,58615,6,4,ADCS,8,SOLAR,2,COMMAND,81,SET_MAG_DIPOLE,128,1,128,1,0,0,0x18010202
1777197922.242,59657,6,4,ADCS,8,SOLAR,2,COMMAND,81,SET_MAG_DIPOLE,128,1,128,1,0,0,0x18010202
1777197923.256,60699,6,4,ADCS,8,SOLAR,2,COMMAND,81,SET_MAG_DIPOLE,128,1,128,1,0,0,0x18010202
1777197924.291,61741,6,4,ADCS,8,SOLAR,2,COMMAND,81,SET_MAG_DIPOLE,128,1,128,1,0,0,0x18010202
1777197925.314,62783,6,4,ADCS,8,SOLAR,2,COMMAND,81,SET_MAG_DIPOLE,128,1,128,1,0,0,0x18010202
1777197926.368,63825,6,4,ADCS,8,SOLAR,2,COMMAND,81,SET_MAG_DIPOLE,128,1,128,1,0,0,0x18010202
1777197927.410,64867,6,4,ADCS,8,SOLAR,2,COMMAND,81,SET_MAG_DIPOLE,128,1,128,1,0,0,0x18010202
1777197928.478,65909,6,4,ADCS,8,SOLAR,2,COMMAND,81,SET_MAG_DIPOLE,128,1,128,1,0,0,0x18010202
1777197929.518,66951,6,4,ADCS,8,SOLAR,2,COMMAND,81,SET_MAG_DIPOLE,128,1,128,1,0,0,0x18010202
1777197930.537,67993,6,4,ADCS,8,SOLAR,2,COMMAND,81,SET_MAG_DIPOLE,128,1,128,1,0,0,0x18010202
1777197931.578,69035,6,4,ADCS,8,SOLAR,2,COMMAND,81,SET_MAG_DIPOLE,128,1,128,1,0,0,0x18010202
1777197932.622,70077,6,4,ADCS,8,SOLAR,2,COMMAND,81,SET_MAG_DIPOLE,128,1,128,1,0,0,0x18010202
1777197933.662,71119,6,4,ADCS,8,SOLAR,2,COMMAND,81,SET_MAG_DIPOLE,128,1,128,1,0,0,0x18010202
1777197934.737,72161,6,4,ADCS,8,SOLAR,2,COMMAND,81,SET_MAG_DIPOLE,128,1,128,1,0,0,0x18010202
1777197935.760,73203,6,4,ADCS,8,SOLAR,2,COMMAND,81,SET_MAG_DIPOLE,128,1,128,1,0,0,0x18010202
1777197936.789,74245,6,4,ADCS,8,SOLAR,2,COMMAND,81,SET_MAG_DIPOLE,128,1,128,1,0,0,0x18010202
1777197937.830,75287,6,4,ADCS,8,SOLAR,2,COMMAND,81,SET_MAG_DIPOLE,128,1,128,1,0,0,0x18010202
1777197938.869,76329,6,4,ADCS,8,SOLAR,2,COMMAND,81,SET_MAG_DIPOLE,128,1,128,1,0,0,0x18010202
1777197939.914,77371,6,4,ADCS,8,SOLAR,2,COMMAND,81,SET_MAG_DIPOLE,128,1,128,1,0,0,0x18010202
1777197940.990,78413,6,4,ADCS,8,SOLAR,2,COMMAND,81,SET_MAG_DIPOLE,128,1,128,1,0,0,0x18010202
1777197942.006,79455,6,4,ADCS,8,SOLAR,2,COMMAND,81,SET_MAG_DIPOLE,128,1,128,1,0,0,0x18010202
1777197943.042,80497,6,4,ADCS,8,SOLAR,2,COMMAND,81,SET_MAG_DIPOLE,128,1,128,1,0,0,0x18010202
1777197944.083,81539,6,4,ADCS,8,SOLAR,2,COMMAND,81,SET_MAG_DIPOLE,128,1,128,1,0,0,0x18010202
1777197945.125,82581,6,4,ADCS,8,SOLAR,2,COMMAND,81,SET_MAG_DIPOLE,128,1,128,1,0,0,0x18010202
1777197946.206,83623,6,4,ADCS,8,SOLAR,2,COMMAND,81,SET_MAG_DIPOLE,128,1,128,1,0,0,0x18010202
1777197947.228,84665,6,4,ADCS,8,SOLAR,2,COMMAND,81,SET_MAG_DIPOLE,128,1,128,1,0,0,0x18010202
1777197948.259,85707,6,4,ADCS,8,SOLAR,2,COMMAND,81,SET_MAG_DIPOLE,128,1,128,1,0,0,0x18010202
1777197949.292,86749,6,4,ADCS,8,SOLAR,2,COMMAND,81,SET_MAG_DIPOLE,128,1,128,1,0,0,0x18010202
1777197950.335,87791,6,4,ADCS,8,SOLAR,2,COMMAND,81,SET_MAG_DIPOLE,128,1,128,1,0,0,0x18010202
1777197951.376,88833,6,4,ADCS,8,SOLAR,2,COMMAND,81,SET_MAG_DIPOLE,128,1,128,1,0,0,0x18010202
1777197952.451,89875,6,4,ADCS,8,SOLAR,2,COMMAND,81,SET_MAG_DIPOLE,128,1,128,1,0,0,0x18010202
1777197953.473,90917,6,4,ADCS,8,SOLAR,2,COMMAND,81,SET_MAG_DIPOLE,128,1,128,1,0,0,0x18010202
1777197954.502,91959,6,4,ADCS,8,SOLAR,2,COMMAND,81,SET_MAG_DIPOLE,128,1,128,1,0,0,0x18010202
1777197955.544,93001,6,4,ADCS,8,SOLAR,2,COMMAND,81,SET_MAG_DIPOLE,128,1,128,1,0,0,0x18010202
1777197956.597,94043,6,4,ADCS,8,SOLAR,2,COMMAND,81,SET_MAG_DIPOLE,128,1,128,1,0,0,0x18010202
1777197957.629,95085,6,4,ADCS,8,SOLAR,2,COMMAND,81,SET_MAG_DIPOLE,128,1,128,1,0,0,0x18010202
1777197958.708,96127,6,4,ADCS,8,SOLAR,2,COMMAND,81,SET_MAG_DIPOLE,128,1,128,1,0,0,0x18010202
1777197959.718,97169,6,4,ADCS,8,SOLAR,2,COMMAND,81,SET_MAG_DIPOLE,128,1,128,1,0,0,0x18010202
1777197960.757,98211,6,4,ADCS,8,SOLAR,2,COMMAND,81,SET_MAG_DIPOLE,128,1,128,1,0,0,0x18010202
1777197961.794,99253,6,4,ADCS,8,SOLAR,2,COMMAND,81,SET_MAG_DIPOLE,128,1,128,1,0,0,0x18010202
1777197962.838,100295,6,4,ADCS,8,SOLAR,2,COMMAND,81,SET_MAG_DIPOLE,128,1,128,1,0,0,0x18010202
1777197963.923,101337,6,4,ADCS,8,SOLAR,2,COMMAND,81,SET_MAG_DIPOLE,128,1,128,1,0,0,0x18010202
1777197964.939,102379,6,4,ADCS,8,SOLAR,2,COMMAND,81,SET_MAG_DIPOLE,128,1,128,1,0,0,0x18010202
1777197965.969,103421,6,4,ADCS,8,SOLAR,2,COMMAND,81,SET_MAG_DIPOLE,128,1,128,1,0,0,0x18010202
1777197967.007,104463,6,4,ADCS,8,SOLAR,2,COMMAND,81,SET_MAG_DIPOLE,128,1,128,1,0,0,0x18010202
1777197968.049,105505,6,4,ADCS,8,SOLAR,2,COMMAND,81,SET_MAG_DIPOLE,128,1,128,1,0,0,0x18010202
1777197969.105,106547,6,4,ADCS,8,SOLAR,2,COMMAND,81,SET_MAG_DIPOLE,128,1,128,1,0,0,0x18010202
1777197970.163,107589,6,4,ADCS,8,SOLAR,2,COMMAND,81,SET_MAG_DIPOLE,128,1,128,1,0,0,0x18010202
1777197971.191,108631,6,4,ADCS,8,SOLAR,2,COMMAND,81,SET_MAG_DIPOLE,128,1,128,1,0,0,0x18010202
1777197972.220,109673,6,4,ADCS,8,SOLAR,2,COMMAND,81,SET_MAG_DIPOLE,128,1,128,1,0,0,0x18010202
1777197973.262,110715,6,4,ADCS,8,SOLAR,2,COMMAND,81,SET_MAG_DIPOLE,128,1,128,1,0,0,0x18010202
1777197974.304,111757,6,4,ADCS,8,SOLAR,2,COMMAND,81,SET_MAG_DIPOLE,128,1,128,1,0,0,0x18010202
1777197975.345,112799,6,4,ADCS,8,SOLAR,2,COMMAND,81,SET_MAG_DIPOLE,128,1,128,1,0,0,0x18010202
1777197976.406,113841,6,4,ADCS,8,SOLAR,2,COMMAND,81,SET_MAG_DIPOLE,128,1,128,1,0,0,0x18010202
1777197977.438,114883,6,4,ADCS,8,SOLAR,2,COMMAND,81,SET_MAG_DIPOLE,128,1,128,1,0,0,0x18010202
1777197978.469,115925,6,4,ADCS,8,SOLAR,2,COMMAND,81,SET_MAG_DIPOLE,128,1,128,1,0,0,0x18010202
1777197979.512,116967,6,4,ADCS,8,SOLAR,2,COMMAND,81,SET_MAG_DIPOLE,128,1,128,1,0,0,0x18010202
1777197980.554,118009,6,4,ADCS,8,SOLAR,2,COMMAND,81,SET_MAG_DIPOLE,128,1,128,1,0,0,0x18010202
1777197981.621,119051,6,4,ADCS,8,SOLAR,2,COMMAND,81,SET_MAG_DIPOLE,128,1,128,1,0,0,0x18010202
1777198013.283,5309,6,4,ADCS,8,SOLAR,2,COMMAND,81,SET_MAG_DIPOLE,128,1,128,1,0,0,0x18010202
1777198014.297,6323,6,4,ADCS,8,SOLAR,2,COMMAND,81,SET_MAG_DIPOLE,128,1,128,1,0,0,0x18010202
1777198015.324,7337,6,4,ADCS,8,SOLAR,2,COMMAND,81,SET_MAG_DIPOLE,128,1,128,1,0,0,0x18010202
1777198016.344,8352,6,4,ADCS,8,SOLAR,2,COMMAND,81,SET_MAG_DIPOLE,128,1,128,1,0,0,0x18010202
1777198017.370,9366,6,4,ADCS,8,SOLAR,2,COMMAND,81,SET_MAG_DIPOLE,128,1,128,1,0,0,0x18010202
1777198018.353,10380,6,4,ADCS,8,SOLAR,2,COMMAND,81,SET_MAG_DIPOLE,128,1,128,1,0,0,0x18010202
1777198019.367,11394,6,4,ADCS,8,SOLAR,2,COMMAND,81,SET_MAG_DIPOLE,128,1,128,1,0,0,0x18010202
1777198020.385,12408,6,4,ADCS,8,SOLAR,2,COMMAND,81,SET_MAG_DIPOLE,128,1,128,1,0,0,0x18010202
1777198021.404,13423,6,4,ADCS,8,SOLAR,2,COMMAND,81,SET_MAG_DIPOLE,128,1,128,1,0,0,0x18010202
1777198022.410,14437,6,4,ADCS,8,SOLAR,2,COMMAND,81,SET_MAG_DIPOLE,128,1,128,1,0,0,0x18010202
1777198023.425,15451,6,4,ADCS,8,SOLAR,2,COMMAND,81,SET_MAG_DIPOLE,128,1,128,1,0,0,0x18010202
1777198024.438,16465,6,4,ADCS,8,SOLAR,2,COMMAND,81,SET_MAG_DIPOLE,128,1,128,1,0,0,0x18010202
1777198025.459,17480,6,4,ADCS,8,SOLAR,2,COMMAND,81,SET_MAG_DIPOLE,128,1,128,1,0,0,0x18010202
1777198026.493,18494,6,4,ADCS,8,SOLAR,2,COMMAND,81,SET_MAG_DIPOLE,128,1,128,1,0,0,0x18010202
1777198027.503,19508,6,4,ADCS,8,SOLAR,2,COMMAND,81,SET_MAG_DIPOLE,128,1,128,1,0,0,0x18010202
1777198028.536,20522,6,4,ADCS,8,SOLAR,2,COMMAND,81,SET_MAG_DIPOLE,128,1,128,1,0,0,0x18010202
1777198029.511,21537,6,4,ADCS,8,SOLAR,2,COMMAND,81,SET_MAG_DIPOLE,128,1,128,1,0,0,0x18010202
1777198030.518,22551,6,4,ADCS,8,SOLAR,2,COMMAND,81,SET_MAG_DIPOLE,128,1,128,1,0,0,0x18010202
1777198031.538,23565,6,4,ADCS,8,SOLAR,2,COMMAND,81,SET_MAG_DIPOLE,128,1,128,1,0,0,0x18010202
1777198032.542,24579,6,4,ADCS,8,SOLAR,2,COMMAND,81,SET_MAG_DIPOLE,128,1,128,1,0,0,0x18010202
1777198033.566,25593,6,4,ADCS,8,SOLAR,2,COMMAND,81,SET_MAG_DIPOLE,128,1,128,1,0,0,0x18010202
1777198034.581,26608,6,4,ADCS,8,SOLAR,2,COMMAND,81,SET_MAG_DIPOLE,128,1,128,1,0,0,0x18010202
1777198035.608,27622,6,4,ADCS,8,SOLAR,2,COMMAND,81,SET_MAG_DIPOLE,128,1,128,1,0,0,0x18010202
1777198036.620,28636,6,4,ADCS,8,SOLAR,2,COMMAND,81,SET_MAG_DIPOLE,128,1,128,1,0,0,0x18010202
1777198037.648,29650,6,4,ADCS,8,SOLAR,2,COMMAND,81,SET_MAG_DIPOLE,128,1,128,1,0,0,0x18010202
1777198038.673,30664,6,4,ADCS,8,SOLAR,2,COMMAND,81,SET_MAG_DIPOLE,128,1,128,1,0,0,0x18010202
1777198039.643,31679,6,4,ADCS,8,SOLAR,2,COMMAND,81,SET_MAG_DIPOLE,128,1,128,1,0,0,0x18010202
1777198040.666,32693,6,4,ADCS,8,SOLAR,2,COMMAND,81,SET_MAG_DIPOLE,128,1,128,1,0,0,0x18010202
1777198041.678,33707,6,4,ADCS,8,SOLAR,2,COMMAND,81,SET_MAG_DIPOLE,128,1,128,1,0,0,0x18010202
1777198042.697,34721,6,4,ADCS,8,SOLAR,2,COMMAND,81,SET_MAG_DIPOLE,128,1,128,1,0,0,0x18010202
1777198043.708,35735,6,4,ADCS,8,SOLAR,2,COMMAND,81,SET_MAG_DIPOLE,128,1,128,1,0,0,0x18010202
1777198044.723,36749,6,4,ADCS,8,SOLAR,2,COMMAND,81,SET_MAG_DIPOLE,128,1,128,1,0,0,0x18010202
1777198045.738,37763,6,4,ADCS,8,SOLAR,2,COMMAND,81,SET_MAG_DIPOLE,128,1,128,1,0,0,0x18010202
1777198046.763,38777,6,4,ADCS,8,SOLAR,2,COMMAND,81,SET_MAG_DIPOLE,128,1,128,1,0,0,0x18010202
1777198047.788,39792,6,4,ADCS,8,SOLAR,2,COMMAND,81,SET_MAG_DIPOLE,128,1,128,1,0,0,0x18010202
1777198048.809,40805,6,4,ADCS,8,SOLAR,2,COMMAND,81,SET_MAG_DIPOLE,128,1,128,1,0,0,0x18010202
1777198049.794,41820,6,4,ADCS,8,SOLAR,2,COMMAND,81,SET_MAG_DIPOLE,128,1,128,1,0,0,0x18010202
1777198050.808,42834,6,4,ADCS,8,SOLAR,2,COMMAND,81,SET_MAG_DIPOLE,128,1,128,1,0,0,0x18010202
1777198051.822,43848,6,4,ADCS,8,SOLAR,2,COMMAND,81,SET_MAG_DIPOLE,128,1,128,1,0,0,0x18010202
1777198052.850,44862,6,4,ADCS,8,SOLAR,2,COMMAND,81,SET_MAG_DIPOLE,128,1,128,1,0,0,0x18010202
1777198053.933,45960,6,4,ADCS,8,SOLAR,2,COMMAND,81,SET_MAG_DIPOLE,128,1,128,1,0,0,0x18010202
1777198054.962,46988,6,4,ADCS,8,SOLAR,2,COMMAND,81,SET_MAG_DIPOLE,128,1,128,1,0,0,0x18010202
1777198055.980,48003,6,4,ADCS,8,SOLAR,2,COMMAND,81,SET_MAG_DIPOLE,128,1,128,1,0,0,0x18010202
1777198057.001,49003,6,4,ADCS,8,SOLAR,2,COMMAND,81,SET_MAG_DIPOLE,128,1,128,1,0,0,0x18010202
1777198057.977,50005,6,4,ADCS,8,SOLAR,2,COMMAND,81,SET_MAG_DIPOLE,128,1,128,1,0,0,0x18010202
1777198058.979,51005,6,4,ADCS,8,SOLAR,2,COMMAND,81,SET_MAG_DIPOLE,128,1,128,1,0,0,0x18010202
1777198060.000,52027,6,4,ADCS,8,SOLAR,2,COMMAND,81,SET_MAG_DIPOLE,128,1,128,1,0,0,0x18010202
1777198061.042,53069,6,4,ADCS,8,SOLAR,2,COMMAND,81,SET_MAG_DIPOLE,128,1,128,1,0,0,0x18010202
1777198062.043,54070,6,4,ADCS,8,SOLAR,2,COMMAND,81,SET_MAG_DIPOLE,128,1,128,1,0,0,0x18010202
1777198063.066,55093,6,4,ADCS,8,SOLAR,2,COMMAND,81,SET_MAG_DIPOLE,128,1,128,1,0,0,0x18010202
1777198064.095,56122,6,4,ADCS,8,SOLAR,2,COMMAND,81,SET_MAG_DIPOLE,128,1,128,1,0,0,0x18010202
1777198065.109,57136,6,4,ADCS,8,SOLAR,2,COMMAND,81,SET_MAG_DIPOLE,128,1,128,1,0,0,0x18010202
1777198066.125,58151,6,4,ADCS,8,SOLAR,2,COMMAND,81,SET_MAG_DIPOLE,128,1,128,1,0,0,0x18010202
1777198067.140,59165,6,4,ADCS,8,SOLAR,2,COMMAND,81,SET_MAG_DIPOLE,128,1,128,1,0,0,0x18010202
1777198068.156,60179,6,4,ADCS,8,SOLAR,2,COMMAND,81,SET_MAG_DIPOLE,128,1,128,1,0,0,0x18010202
1777198069.188,61193,6,4,ADCS,8,SOLAR,2,COMMAND,81,SET_MAG_DIPOLE,128,1,128,1,0,0,0x18010202
1777198070.226,62208,6,4,ADCS,8,SOLAR,2,COMMAND,81,SET_MAG_DIPOLE,128,1,128,1,0,0,0x18010202
1777198071.196,63222,6,4,ADCS,8,SOLAR,2,COMMAND,81,SET_MAG_DIPOLE,128,1,128,1,0,0,0x18010202
1777198072.210,64236,6,4,ADCS,8,SOLAR,2,COMMAND,81,SET_MAG_DIPOLE,128,1,128,1,0,0,0x18010202
1777198073.224,65250,6,4,ADCS,8,SOLAR,2,COMMAND,81,SET_MAG_DIPOLE,128,1,128,1,0,0,0x18010202
1777198074.237,66264,6,4,ADCS,8,SOLAR,2,COMMAND,81,SET_MAG_DIPOLE,128,1,128,1,0,0,0x18010202
1777198075.253,67279,6,4,ADCS,8,SOLAR,2,COMMAND,81,SET_MAG_DIPOLE,128,1,128,1,0,0,0x18010202
1777198076.268,68293,6,4,ADCS,8,SOLAR,2,COMMAND,81,SET_MAG_DIPOLE,128,1,128,1,0,0,0x18010202
1777198077.285,69307,6,4,ADCS,8,SOLAR,2,COMMAND,81,SET_MAG_DIPOLE,128,1,128,1,0,0,0x18010202
1777198078.299,70321,6,4,ADCS,8,SOLAR,2,COMMAND,81,SET_MAG_DIPOLE,128,1,128,1,0,0,0x18010202
1777198079.326,71335,6,4,ADCS,8,SOLAR,2,COMMAND,81,SET_MAG_DIPOLE,128,1,128,1,0,0,0x18010202
1777198080.353,72350,6,4,ADCS,8,SOLAR,2,COMMAND,81,SET_MAG_DIPOLE,128,1,128,1,0,0,0x18010202
1777198081.370,73364,6,4,ADCS,8,SOLAR,2,COMMAND,81,SET_MAG_DIPOLE,128,1,128,1,0,0,0x18010202
1777198082.352,74378,6,4,ADCS,8,SOLAR,2,COMMAND,81,SET_MAG_DIPOLE,128,1,128,1,0,0,0x18010202
1777198083.366,75392,6,4,ADCS,8,SOLAR,2,COMMAND,81,SET_MAG_DIPOLE,128,1,128,1,0,0,0x18010202
1777198084.381,76407,6,4,ADCS,8,SOLAR,2,COMMAND,81,SET_MAG_DIPOLE,128,1,128,1,0,0,0x18010202
1777198085.394,77420,6,4,ADCS,8,SOLAR,2,COMMAND,81,SET_MAG_DIPOLE,128,1,128,1,0,0,0x18010202
1777198086.408,78434,6,4,ADCS,8,SOLAR,2,COMMAND,81,SET_MAG_DIPOLE,128,1,128,1,0,0,0x18010202
1777198087.414,79435,6,4,ADCS,8,SOLAR,2,COMMAND,81,SET_MAG_DIPOLE,128,1,128,1,0,0,0x18010202
1777198088.442,80437,6,4,ADCS,8,SOLAR,2,COMMAND,81,SET_MAG_DIPOLE,128,1,128,1,0,0,0x18010202
1777198089.409,81437,6,4,ADCS,8,SOLAR,2,COMMAND,81,SET_MAG_DIPOLE,128,1,128,1,0,0,0x18010202
1777198090.423,82459,6,4,ADCS,8,SOLAR,2,COMMAND,81,SET_MAG_DIPOLE,128,1,128,1,0,0,0x18010202
1777198091.543,83501,6,4,ADCS,8,SOLAR,2,COMMAND,81,SET_MAG_DIPOLE,128,1,128,1,0,0,0x18010202
1777198092.526,84542,6,4,ADCS,8,SOLAR,2,COMMAND,81,SET_MAG_DIPOLE,128,1,128,1,0,0,0x18010202
1777198250.568,5219,6,4,ADCS,8,SOLAR,2,COMMAND,81,SET_MAG_DIPOLE,128,1,128,1,0,0,0x18010202
1777198251.463,6220,6,4,ADCS,8,SOLAR,2,COMMAND,81,SET_MAG_DIPOLE,128,1,128,1,0,0,0x18010202
1777198252.491,7262,6,4,ADCS,8,SOLAR,2,COMMAND,81,SET_MAG_DIPOLE,128,1,128,1,0,0,0x18010202
1777198253.520,8304,6,4,ADCS,8,SOLAR,2,COMMAND,81,SET_MAG_DIPOLE,128,1,128,1,0,0,0x18010202
1777198254.562,9346,6,4,ADCS,8,SOLAR,2,COMMAND,81,SET_MAG_DIPOLE,128,1,128,1,0,0,0x18010202
1777198255.604,10388,6,4,ADCS,8,SOLAR,2,COMMAND,81,SET_MAG_DIPOLE,128,1,128,1,0,0,0x18010202
1777198256.647,11430,6,4,ADCS,8,SOLAR,2,COMMAND,81,SET_MAG_DIPOLE,128,1,128,1,0,0,0x18010202
1777198257.716,12472,6,4,ADCS,8,SOLAR,2,COMMAND,81,SET_MAG_DIPOLE,128,1,128,1,0,0,0x18010202
1777198258.731,13514,6,4,ADCS,8,SOLAR,2,COMMAND,81,SET_MAG_DIPOLE,128,1,128,1,0,0,0x18010202
1777198259.772,14556,6,4,ADCS,8,SOLAR,2,COMMAND,81,SET_MAG_DIPOLE,128,1,128,1,0,0,0x18010202
1777198260.816,15598,6,4,ADCS,8,SOLAR,2,COMMAND,81,SET_MAG_DIPOLE,128,1,128,1,0,0,0x18010202
1777198261.857,16640,6,4,ADCS,8,SOLAR,2,COMMAND,81,SET_MAG_DIPOLE,128,1,128,1,0,0,0x18010202
1777198262.928,17682,6,4,ADCS,8,SOLAR,2,COMMAND,81,SET_MAG_DIPOLE,128,1,128,1,0,0,0x18010202
1777198263.951,18724,6,4,ADCS,8,SOLAR,2,COMMAND,81,SET_MAG_DIPOLE,128,1,128,1,0,0,0x18010202
1777198264.983,19766,6,4,ADCS,8,SOLAR,2,COMMAND,81,SET_MAG_DIPOLE,128,1,128,1,0,0,0x18010202
1777198266.024,20808,6,4,ADCS,8,SOLAR,2,COMMAND,81,SET_MAG_DIPOLE,128,1,128,1,0,0,0x18010202
1777198267.067,21850,6,4,ADCS,8,SOLAR,2,COMMAND,81,SET_MAG_DIPOLE,128,1,128,1,0,0,0x18010202
1777198268.109,22892,6,4,ADCS,8,SOLAR,2,COMMAND,81,SET_MAG_DIPOLE,128,1,128,1,0,0,0x18010202
1777198269.182,23934,6,4,ADCS,8,SOLAR,2,COMMAND,81,SET_MAG_DIPOLE,128,1,128,1,0,0,0x18010202
1777198270.203,24976,6,4,ADCS,8,SOLAR,2,COMMAND,81,SET_MAG_DIPOLE,128,1,128,1,0,0,0x18010202
1777198271.235,26018,6,4,ADCS,8,SOLAR,2,COMMAND,81,SET_MAG_DIPOLE,128,1,128,1,0,0,0x18010202
1777198272.277,27060,6,4,ADCS,8,SOLAR,2,COMMAND,81,SET_MAG_DIPOLE,128,1,128,1,0,0,0x18010202
1777198273.318,28102,6,4,ADCS,8,SOLAR,2,COMMAND,81,SET_MAG_DIPOLE,128,1,128,1,0,0,0x18010202
1777198274.360,29142,6,4,ADCS,8,SOLAR,2,COMMAND,81,SET_MAG_DIPOLE,128,1,128,1,0,0,0x18010202
1777198275.447,30230,6,4,ADCS,8,SOLAR,2,COMMAND,81,SET_MAG_DIPOLE,128,1,128,1,0,0,0x18010202
1777198276.477,31259,6,4,ADCS,8,SOLAR,2,COMMAND,81,SET_MAG_DIPOLE,128,1,128,1,0,0,0x18010202
1777198277.490,32273,6,4,ADCS,8,SOLAR,2,COMMAND,81,SET_MAG_DIPOLE,128,1,128,1,0,0,0x18010202
1777198278.511,33287,6,4,ADCS,8,SOLAR,2,COMMAND,81,SET_MAG_DIPOLE,128,1,128,1,0,0,0x18010202
1777198279.527,34302,6,4,ADCS,8,SOLAR,2,COMMAND,81,SET_MAG_DIPOLE,128,1,128,1,0,0,0x18010202
1777198280.545,35315,6,4,ADCS,8,SOLAR,2,COMMAND,81,SET_MAG_DIPOLE,128,1,128,1,0,0,0x18010202
1777198281.631,36414,6,4,ADCS,8,SOLAR,2,COMMAND,81,SET_MAG_DIPOLE,128,1,128,1,0,0,0x18010202
1777198282.728,37510,6,4,ADCS,8,SOLAR,2,COMMAND,81,SET_MAG_DIPOLE,128,1,128,1,0,0,0x18010202
1777198283.750,38521,6,4,ADCS,8,SOLAR,2,COMMAND,81,SET_MAG_DIPOLE,128,1,128,1,0,0,0x18010202
1777198284.853,39619,6,4,ADCS,8,SOLAR,2,COMMAND,81,SET_MAG_DIPOLE,128,1,128,1,0,0,0x18010202
1777198285.933,40716,6,4,ADCS,8,SOLAR,2,COMMAND,81,SET_MAG_DIPOLE,128,1,128,1,0,0,0x18010202
1777198287.032,41814,6,4,ADCS,8,SOLAR,2,COMMAND,81,SET_MAG_DIPOLE,128,1,128,1,0,0,0x18010202
1777198288.130,42912,6,4,ADCS,8,SOLAR,2,COMMAND,81,SET_MAG_DIPOLE,128,1,128,1,0,0,0x18010202
1777198289.246,44010,6,4,ADCS,8,SOLAR,2,COMMAND,81,SET_MAG_DIPOLE,128,1,128,1,0,0,0x18010202
1777198290.323,45108,6,4,ADCS,8,SOLAR,2,COMMAND,81,SET_MAG_DIPOLE,128,1,128,1,0,0,0x18010202
1777198291.405,46172,6,4,ADCS,8,SOLAR,2,COMMAND,81,SET_MAG_DIPOLE,128,1,128,1,0,0,0x18010202
1777198292.427,47186,6,4,ADCS,8,SOLAR,2,COMMAND,81,SET_MAG_DIPOLE,128,1,128,1,0,0,0x18010202
1777198293.444,48200,6,4,ADCS,8,SOLAR,2,COMMAND,81,SET_MAG_DIPOLE,128,1,128,1,0,0,0x18010202
1777198294.435,49214,6,4,ADCS,8,SOLAR,2,COMMAND,81,SET_MAG_DIPOLE,128,1,128,1,0,0,0x18010202
1777198295.445,50228,6,4,ADCS,8,SOLAR,2,COMMAND,81,SET_MAG_DIPOLE,128,1,128,1,0,0,0x18010202
1777198296.460,51242,6,4,ADCS,8,SOLAR,2,COMMAND,81,SET_MAG_DIPOLE,128,1,128,1,0,0,0x18010202
1777198297.487,52269,6,4,ADCS,8,SOLAR,2,COMMAND,81,SET_MAG_DIPOLE,128,1,128,1,0,0,0x18010202
1777198298.490,53270,6,4,ADCS,8,SOLAR,2,COMMAND,81,SET_MAG_DIPOLE,128,1,128,1,0,0,0x18010202
1777198299.489,54271,6,4,ADCS,8,SOLAR,2,COMMAND,81,SET_MAG_DIPOLE,128,1,128,1,0,0,0x18010202
1777198300.511,55272,6,4,ADCS,8,SOLAR,2,COMMAND,81,SET_MAG_DIPOLE,128,1,128,1,0,0,0x18010202
1777198301.543,56293,6,4,ADCS,8,SOLAR,2,COMMAND,81,SET_MAG_DIPOLE,128,1,128,1,0,0,0x18010202
1777198302.564,57335,6,4,ADCS,8,SOLAR,2,COMMAND,81,SET_MAG_DIPOLE,128,1,128,1,0,0,0x18010202
1777198303.596,58377,6,4,ADCS,8,SOLAR,2,COMMAND,81,SET_MAG_DIPOLE,128,1,128,1,0,0,0x18010202
1777198304.636,59419,6,4,ADCS,8,SOLAR,2,COMMAND,81,SET_MAG_DIPOLE,128,1,128,1,0,0,0x18010202
1777198305.678,60461,6,4,ADCS,8,SOLAR,2,COMMAND,81,SET_MAG_DIPOLE,128,1,128,1,0,0,0x18010202
1777198306.722,61503,6,4,ADCS,8,SOLAR,2,COMMAND,81,SET_MAG_DIPOLE,128,1,128,1,0,0,0x18010202
1777198307.776,62545,6,4,ADCS,8,SOLAR,2,COMMAND,81,SET_MAG_DIPOLE,128,1,128,1,0,0,0x18010202
1777198308.816,63587,6,4,ADCS,8,SOLAR,2,COMMAND,81,SET_MAG_DIPOLE,128,1,128,1,0,0,0x18010202
1777198309.852,64629,6,4,ADCS,8,SOLAR,2,COMMAND,81,SET_MAG_DIPOLE,128,1,128,1,0,0,0x18010202
1777198310.888,65671,6,4,ADCS,8,SOLAR,2,COMMAND,81,SET_MAG_DIPOLE,128,1,128,1,0,0,0x18010202
1777198311.930,66713,6,4,ADCS,8,SOLAR,2,COMMAND,81,SET_MAG_DIPOLE,128,1,128,1,0,0,0x18010202
1777198313.013,67755,6,4,ADCS,8,SOLAR,2,COMMAND,81,SET_MAG_DIPOLE,128,1,128,1,0,0,0x18010202
1777198314.052,68797,6,4,ADCS,8,SOLAR,2,COMMAND,81,SET_MAG_DIPOLE,128,1,128,1,0,0,0x18010202
1777198315.062,69839,6,4,ADCS,8,SOLAR,2,COMMAND,81,SET_MAG_DIPOLE,128,1,128,1,0,0,0x18010202
1777198316.098,70881,6,4,ADCS,8,SOLAR,2,COMMAND,81,SET_MAG_DIPOLE,128,1,128,1,0,0,0x18010202
1777198317.140,71923,6,4,ADCS,8,SOLAR,2,COMMAND,81,SET_MAG_DIPOLE,128,1,128,1,0,0,0x18010202
1777198318.182,72965,6,4,ADCS,8,SOLAR,2,COMMAND,81,SET_MAG_DIPOLE,128,1,128,1,0,0,0x18010202
1777198319.258,74007,6,4,ADCS,8,SOLAR,2,COMMAND,81,SET_MAG_DIPOLE,128,1,128,1,0,0,0x18010202
1777198320.284,75049,6,4,ADCS,8,SOLAR,2,COMMAND,81,SET_MAG_DIPOLE,128,1,128,1,0,0,0x18010202
1777198321.309,76091,6,4,ADCS,8,SOLAR,2,COMMAND,81,SET_MAG_DIPOLE,128,1,128,1,0,0,0x18010202
1777198322.357,77133,6,4,ADCS,8,SOLAR,2,COMMAND,81,SET_MAG_DIPOLE,128,1,128,1,0,0,0x18010202
1777198323.393,78175,6,4,ADCS,8,SOLAR,2,COMMAND,81,SET_MAG_DIPOLE,128,1,128,1,0,0,0x18010202
1777198324.437,79217,6,4,ADCS,8,SOLAR,2,COMMAND,81,SET_MAG_DIPOLE,128,1,128,1,0,0,0x18010202
1777198325.492,80259,6,4,ADCS,8,SOLAR,2,COMMAND,81,SET_MAG_DIPOLE,128,1,128,1,0,0,0x18010202
1777198326.529,81301,6,4,ADCS,8,SOLAR,2,COMMAND,81,SET_MAG_DIPOLE,128,1,128,1,0,0,0x18010202
1777198327.561,82343,6,4,ADCS,8,SOLAR,2,COMMAND,81,SET_MAG_DIPOLE,128,1,128,1,0,0,0x18010202
1777198328.602,83385,6,4,ADCS,8,SOLAR,2,COMMAND,81,SET_MAG_DIPOLE,128,1,128,1,0,0,0x18010202
1777198329.646,84427,6,4,ADCS,8,SOLAR,2,COMMAND,81,SET_MAG_DIPOLE,128,1,128,1,0,0,0x18010202
1777198330.725,85469,6,4,ADCS,8,SOLAR,2,COMMAND,81,SET_MAG_DIPOLE,128,1,128,1,0,0,0x18010202
1777198331.755,86511,6,4,ADCS,8,SOLAR,2,COMMAND,81,SET_MAG_DIPOLE,128,1,128,1,0,0,0x18010202
1777198332.774,87553,6,4,ADCS,8,SOLAR,2,COMMAND,81,SET_MAG_DIPOLE,128,1,128,1,0,0,0x18010202
1777198333.813,88595,6,4,ADCS,8,SOLAR,2,COMMAND,81,SET_MAG_DIPOLE,128,1,128,1,0,0,0x18010202
1777198334.854,89637,6,4,ADCS,8,SOLAR,2,COMMAND,81,SET_MAG_DIPOLE,128,1,128,1,0,0,0x18010202
1777198335.898,90679,6,4,ADCS,8,SOLAR,2,COMMAND,81,SET_MAG_DIPOLE,128,1,128,1,0,0,0x18010202
1777198336.975,91721,6,4,ADCS,8,SOLAR,2,COMMAND,81,SET_MAG_DIPOLE,128,1,128,1,0,0,0x18010202
1777198337.997,92763,6,4,ADCS,8,SOLAR,2,COMMAND,81,SET_MAG_DIPOLE,128,1,128,1,0,0,0x18010202
1777198339.023,93805,6,4,ADCS,8,SOLAR,2,COMMAND,81,SET_MAG_DIPOLE,128,1,128,1,0,0,0x18010202
1777198340.065,94847,6,4,ADCS,8,SOLAR,2,COMMAND,81,SET_MAG_DIPOLE,128,1,128,1,0,0,0x18010202
1777198341.106,95889,6,4,ADCS,8,SOLAR,2,COMMAND,81,SET_MAG_DIPOLE,128,1,128,1,0,0,0x18010202
1777198342.150,96931,6,4,ADCS,8,SOLAR,2,COMMAND,81,SET_MAG_DIPOLE,128,1,128,1,0,0,0x18010202
1777198343.220,97973,6,4,ADCS,8,SOLAR,2,COMMAND,81,SET_MAG_DIPOLE,128,1,128,1,0,0,0x18010202
1777198344.246,99015,6,4,ADCS,8,SOLAR,2,COMMAND,81,SET_MAG_DIPOLE,128,1,128,1,0,0,0x18010202
1777198345.280,100057,6,4,ADCS,8,SOLAR,2,COMMAND,81,SET_MAG_DIPOLE,128,1,128,1,0,0,0x18010202
1777198346.318,101099,6,4,ADCS,8,SOLAR,2,COMMAND,81,SET_MAG_DIPOLE,128,1,128,1,0,0,0x18010202
1777198347.359,102141,6,4,ADCS,8,SOLAR,2,COMMAND,81,SET_MAG_DIPOLE,128,1,128,1,0,0,0x18010202
1777198348.401,103183,6,4,ADCS,8,SOLAR,2,COMMAND,81,SET_MAG_DIPOLE,128,1,128,1,0,0,0x18010202
1777198349.466,104225,6,4,ADCS,8,SOLAR,2,COMMAND,81,SET_MAG_DIPOLE,128,1,128,1,0,0,0x18010202
1777198350.493,105267,6,4,ADCS,8,SOLAR,2,COMMAND,81,SET_MAG_DIPOLE,128,1,128,1,0,0,0x18010202
1777198351.541,106309,6,4,ADCS,8,SOLAR,2,COMMAND,81,SET_MAG_DIPOLE,128,1,128,1,0,0,0x18010202
1777198352.570,107351,6,4,ADCS,8,SOLAR,2,COMMAND,81,SET_MAG_DIPOLE,128,1,128,1,0,0,0x18010202
1777198353.611,108393,6,4,ADCS,8,SOLAR,2,COMMAND,81,SET_MAG_DIPOLE,128,1,128,1,0,0,0x18010202
1777198354.706,109435,6,4,ADCS,8,SOLAR,2,COMMAND,81,SET_MAG_DIPOLE,128,1,128,1,0,0,0x18010202
1777198355.718,110477,6,4,ADCS,8,SOLAR,2,COMMAND,81,SET_MAG_DIPOLE,128,1,128,1,0,0,0x18010202
1777198356.740,111519,6,4,ADCS,8,SOLAR,2,COMMAND,81,SET_MAG_DIPOLE,128,1,128,1,0,0,0x18010202
1777198357.786,112561,6,4,ADCS,8,SOLAR,2,COMMAND,81,SET_MAG_DIPOLE,128,1,128,1,0,0,0x18010202
1777198358.821,113603,6,4,ADCS,8,SOLAR,2,COMMAND,81,SET_MAG_DIPOLE,128,1,128,1,0,0,0x18010202
1777198359.864,114645,6,4,ADCS,8,SOLAR,2,COMMAND,81,SET_MAG_DIPOLE,128,1,128,1,0,0,0x18010202
1777198360.936,115687,6,4,ADCS,8,SOLAR,2,COMMAND,81,SET_MAG_DIPOLE,128,1,128,1,0,0,0x18010202
1777198361.952,116729,6,4,ADCS,8,SOLAR,2,COMMAND,81,SET_MAG_DIPOLE,128,1,128,1,0,0,0x18010202
1777198362.989,117771,6,4,ADCS,8,SOLAR,2,COMMAND,81,SET_MAG_DIPOLE,128,1,128,1,0,0,0x18010202
1777198364.032,118813,6,4,ADCS,8,SOLAR,2,COMMAND,81,SET_MAG_DIPOLE,128,1,128,1,0,0,0x18010202
1777198365.073,119855,6,4,ADCS,8,SOLAR,2,COMMAND,81,SET_MAG_DIPOLE,128,1,128,1,0,0,0x18010202
1777198366.116,120897,6,4,ADCS,8,SOLAR,2,COMMAND,81,SET_MAG_DIPOLE,128,1,128,1,0,0,0x18010202
1777198367.180,121939,6,4,ADCS,8,SOLAR,2,COMMAND,81,SET_MAG_DIPOLE,128,1,128,1,0,0,0x18010202
1777198368.207,122981,6,4,ADCS,8,SOLAR,2,COMMAND,81,SET_MAG_DIPOLE,128,1,128,1,0,0,0x18010202
1777198369.242,124023,6,4,ADCS,8,SOLAR,2,COMMAND,81,SET_MAG_DIPOLE,128,1,128,1,0,0,0x18010202
1777198370.284,125065,6,4,ADCS,8,SOLAR,2,COMMAND,81,SET_MAG_DIPOLE,128,1,128,1,0,0,0x18010202
1777198371.331,126107,6,4,ADCS,8,SOLAR,2,COMMAND,81,SET_MAG_DIPOLE,128,1,128,1,0,0,0x18010202
1777198372.404,127149,6,4,ADCS,8,SOLAR,2,COMMAND,81,SET_MAG_DIPOLE,128,1,128,1,0,0,0x18010202
1777198373.428,128191,6,4,ADCS,8,SOLAR,2,COMMAND,81,SET_MAG_DIPOLE,128,1,128,1,0,0,0x18010202
1777198374.453,129233,6,4,ADCS,8,SOLAR,2,COMMAND,81,SET_MAG_DIPOLE,128,1,128,1,0,0,0x18010202
1777198375.496,130275,6,4,ADCS,8,SOLAR,2,COMMAND,81,SET_MAG_DIPOLE,128,1,128,1,0,0,0x18010202
1777198376.535,131317,6,4,ADCS,8,SOLAR,2,COMMAND,81,SET_MAG_DIPOLE,128,1,128,1,0,0,0x18010202
1777198377.578,132359,6,4,ADCS,8,SOLAR,2,COMMAND,81,SET_MAG_DIPOLE,128,1,128,1,0,0,0x18010202
1777198378.643,133401,6,4,ADCS,8,SOLAR,2,COMMAND,81,SET_MAG_DIPOLE,128,1,128,1,0,0,0x18010202
1777198379.676,134443,6,4,ADCS,8,SOLAR,2,COMMAND,81,SET_MAG_DIPOLE,128,1,128,1,0,0,0x18010202
1777198380.703,135485,6,4,ADCS,8,SOLAR,2,COMMAND,81,SET_MAG_DIPOLE,128,1,128,1,0,0,0x18010202
1777198381.745,136527,6,4,ADCS,8,SOLAR,2,COMMAND,81,SET_MAG_DIPOLE,128,1,128,1,0,0,0x18010202
1777198382.802,137569,6,4,ADCS,8,SOLAR,2,COMMAND,81,SET_MAG_DIPOLE,128,1,128,1,0,0,0x18010202
1777198383.838,138611,6,4,ADCS,8,SOLAR,2,COMMAND,81,SET_MAG_DIPOLE,128,1,128,1,0,0,0x18010202
1777198384.886,139653,6,4,ADCS,8,SOLAR,2,COMMAND,81,SET_MAG_DIPOLE,128,1,128,1,0,0,0x18010202
1777198385.922,140695,6,4,ADCS,8,SOLAR,2,COMMAND,81,SET_MAG_DIPOLE,128,1,128,1,0,0,0x18010202
1777198386.956,141737,6,4,ADCS,8,SOLAR,2,COMMAND,81,SET_MAG_DIPOLE,128,1,128,1,0,0,0x18010202
1777198387.998,142779,6,4,ADCS,8,SOLAR,2,COMMAND,81,SET_MAG_DIPOLE,128,1,128,1,0,0,0x18010202
1777198389.042,143821,6,4,ADCS,8,SOLAR,2,COMMAND,81,SET_MAG_DIPOLE,128,1,128,1,0,0,0x18010202
1777198390.141,144863,6,4,ADCS,8,SOLAR,2,COMMAND,81,SET_MAG_DIPOLE,128,1,128,1,0,0,0x18010202
1777198391.142,145905,6,4,ADCS,8,SOLAR,2,COMMAND,81,SET_MAG_DIPOLE,128,1,128,1,0,0,0x18010202
1777198392.166,146947,6,4,ADCS,8,SOLAR,2,COMMAND,81,SET_MAG_DIPOLE,128,1,128,1,0,0,0x18010202
1777198393.211,147989,6,4,ADCS,8,SOLAR,2,COMMAND,81,SET_MAG_DIPOLE,128,1,128,1,0,0,0x18010202
1777198394.248,149031,6,4,ADCS,8,SOLAR,2,COMMAND,81,SET_MAG_DIPOLE,128,1,128,1,0,0,0x18010202
1777198395.294,150073,6,4,ADCS,8,SOLAR,2,COMMAND,81,SET_MAG_DIPOLE,128,1,128,1,0,0,0x18010202
1777198396.367,151115,6,4,ADCS,8,SOLAR,2,COMMAND,81,SET_MAG_DIPOLE,128,1,128,1,0,0,0x18010202
1777198397.391,152157,6,4,ADCS,8,SOLAR,2,COMMAND,81,SET_MAG_DIPOLE,128,1,128,1,0,0,0x18010202
1777198398.418,153199,6,4,ADCS,8,SOLAR,2,COMMAND,81,SET_MAG_DIPOLE,128,1,128,1,0,0,0x18010202
1777198399.459,154241,6,4,ADCS,8,SOLAR,2,COMMAND,81,SET_MAG_DIPOLE,128,1,128,1,0,0,0x18010202
1777198400.499,155283,6,4,ADCS,8,SOLAR,2,COMMAND,81,SET_MAG_DIPOLE,128,1,128,1,0,0,0x18010202
1777198401.544,156325,6,4,ADCS,8,SOLAR,2,COMMAND,81,SET_MAG_DIPOLE,128,1,128,1,0,0,0x18010202
1777198402.610,157367,6,4,ADCS,8,SOLAR,2,COMMAND,81,SET_MAG_DIPOLE,128,1,128,1,0,0,0x18010202
1777198403.646,158409,6,4,ADCS,8,SOLAR,2,COMMAND,81,SET_MAG_DIPOLE,128,1,128,1,0,0,0x18010202
1777198404.670,159451,6,4,ADCS,8,SOLAR,2,COMMAND,81,SET_MAG_DIPOLE,128,1,128,1,0,0,0x18010202
1777198405.712,160493,6,4,ADCS,8,SOLAR,2,COMMAND,81,SET_MAG_DIPOLE,128,1,128,1,0,0,0x18010202
1777198406.756,161535,6,4,ADCS,8,SOLAR,2,COMMAND,81,SET_MAG_DIPOLE,128,1,128,1,0,0,0x18010202
1777198407.796,162577,6,4,ADCS,8,SOLAR,2,COMMAND,81,SET_MAG_DIPOLE,128,1,128,1,0,0,0x18010202
1777198408.864,163619,6,4,ADCS,8,SOLAR,2,COMMAND,81,SET_MAG_DIPOLE,128,1,128,1,0,0,0x18010202
1777198409.886,164661,6,4,ADCS,8,SOLAR,2,COMMAND,81,SET_MAG_DIPOLE,128,1,128,1,0,0,0x18010202
1777198410.922,165703,6,4,ADCS,8,SOLAR,2,COMMAND,81,SET_MAG_DIPOLE,128,1,128,1,0,0,0x18010202
1777198411.964,166745,6,4,ADCS,8,SOLAR,2,COMMAND,81,SET_MAG_DIPOLE,128,1,128,1,0,0,0x18010202
1777198413.007,167787,6,4,ADCS,8,SOLAR,2,COMMAND,81,SET_MAG_DIPOLE,128,1,128,1,0,0,0x18010202
1777198414.085,168829,6,4,ADCS,8,SOLAR,2,COMMAND,81,SET_MAG_DIPOLE,128,1,128,1,0,0,0x18010202
1777198415.108,169871,6,4,ADCS,8,SOLAR,2,COMMAND,81,SET_MAG_DIPOLE,128,1,128,1,0,0,0x18010202
1777198416.138,170913,6,4,ADCS,8,SOLAR,2,COMMAND,81,SET_MAG_DIPOLE,128,1,128,1,0,0,0x18010202
1777198417.176,171955,6,4,ADCS,8,SOLAR,2,COMMAND,81,SET_MAG_DIPOLE,128,1,128,1,0,0,0x18010202
1777198418.217,172997,6,4,ADCS,8,SOLAR,2,COMMAND,81,SET_MAG_DIPOLE,128,1,128,1,0,0,0x18010202
1777198419.258,174039,6,4,ADCS,8,SOLAR,2,COMMAND,81,SET_MAG_DIPOLE,128,1,128,1,0,0,0x18010202
1777198420.325,175081,6,4,ADCS,8,SOLAR,2,COMMAND,81,SET_MAG_DIPOLE,128,1,128,1,0,0,0x18010202
1777198421.355,176123,6,4,ADCS,8,SOLAR,2,COMMAND,81,SET_MAG_DIPOLE,128,1,128,1,0,0,0x18010202
1777198422.384,177165,6,4,ADCS,8,SOLAR,2,COMMAND,81,SET_MAG_DIPOLE,128,1,128,1,0,0,0x18010202
1777198423.423,178207,6,4,ADCS,8,SOLAR,2,COMMAND,81,SET_MAG_DIPOLE,128,1,128,1,0,0,0x18010202
1777198424.468,179249,6,4,ADCS,8,SOLAR,2,COMMAND,81,SET_MAG_DIPOLE,128,1,128,1,0,0,0x18010202
1777198425.511,180291,6,4,ADCS,8,SOLAR,2,COMMAND,81,SET_MAG_DIPOLE,128,1,128,1,0,0,0x18010202
1777198426.571,181333,6,4,ADCS,8,SOLAR,2,COMMAND,81,SET_MAG_DIPOLE,128,1,128,1,0,0,0x18010202
1777198427.598,182375,6,4,ADCS,8,SOLAR,2,COMMAND,81,SET_MAG_DIPOLE,128,1,128,1,0,0,0x18010202
1777198428.636,183417,6,4,ADCS,8,SOLAR,2,COMMAND,81,SET_MAG_DIPOLE,128,1,128,1,0,0,0x18010202
1777198429.679,184459,6,4,ADCS,8,SOLAR,2,COMMAND,81,SET_MAG_DIPOLE,128,1,128,1,0,0,0x18010202
1777198430.722,185501,6,4,ADCS,8,SOLAR,2,COMMAND,81,SET_MAG_DIPOLE,128,1,128,1,0,0,0x18010202
1777198431.798,186543,6,4,ADCS,8,SOLAR,2,COMMAND,81,SET_MAG_DIPOLE,128,1,128,1,0,0,0x18010202
1777198432.823,187585,6,4,ADCS,8,SOLAR,2,COMMAND,81,SET_MAG_DIPOLE,128,1,128,1,0,0,0x18010202
1777198433.851,188627,6,4,ADCS,8,SOLAR,2,COMMAND,81,SET_MAG_DIPOLE,128,1,128,1,0,0,0x18010202
1777198434.885,189669,6,4,ADCS,8,SOLAR,2,COMMAND,81,SET_MAG_DIPOLE,128,1,128,1,0,0,0x18010202
1777198435.930,190711,6,4,ADCS,8,SOLAR,2,COMMAND,81,SET_MAG_DIPOLE,128,1,128,1,0,0,0x18010202
1777198436.973,191753,6,4,ADCS,8,SOLAR,2,COMMAND,81,SET_MAG_DIPOLE,128,1,128,1,0,0,0x18010202
1777198438.044,192795,6,4,ADCS,8,SOLAR,2,COMMAND,81,SET_MAG_DIPOLE,128,1,128,1,0,0,0x18010202
1777198439.060,193837,6,4,ADCS,8,SOLAR,2,COMMAND,81,SET_MAG_DIPOLE,128,1,128,1,0,0,0x18010202
1777198440.099,194879,6,4,ADCS,8,SOLAR,2,COMMAND,81,SET_MAG_DIPOLE,128,1,128,1,0,0,0x18010202
1777198441.140,195921,6,4,ADCS,8,SOLAR,2,COMMAND,81,SET_MAG_DIPOLE,128,1,128,1,0,0,0x18010202
1777198442.192,196963,6,4,ADCS,8,SOLAR,2,COMMAND,81,SET_MAG_DIPOLE,128,1,128,1,0,0,0x18010202
1777198443.266,198005,6,4,ADCS,8,SOLAR,2,COMMAND,81,SET_MAG_DIPOLE,128,1,128,1,0,0,0x18010202
1777198444.291,199047,6,4,ADCS,8,SOLAR,2,COMMAND,81,SET_MAG_DIPOLE,128,1,128,1,0,0,0x18010202
1777198445.313,200089,6,4,ADCS,8,SOLAR,2,COMMAND,81,SET_MAG_DIPOLE,128,1,128,1,0,0,0x18010202
1777198446.350,201131,6,4,ADCS,8,SOLAR,2,COMMAND,81,SET_MAG_DIPOLE,128,1,128,1,0,0,0x18010202
1777198447.395,202173,6,4,ADCS,8,SOLAR,2,COMMAND,81,SET_MAG_DIPOLE,128,1,128,1,0,0,0x18010202
1777198448.435,203215,6,4,ADCS,8,SOLAR,2,COMMAND,81,SET_MAG_DIPOLE,128,1,128,1,0,0,0x18010202
1777198449.519,204257,6,4,ADCS,8,SOLAR,2,COMMAND,81,SET_MAG_DIPOLE,128,1,128,1,0,0,0x18010202
1777198450.528,205299,6,4,ADCS,8,SOLAR,2,COMMAND,81,SET_MAG_DIPOLE,128,1,128,1,0,0,0x18010202
1777198451.561,206341,6,4,ADCS,8,SOLAR,2,COMMAND,81,SET_MAG_DIPOLE,128,1,128,1,0,0,0x18010202
1777198452.602,207383,6,4,ADCS,8,SOLAR,2,COMMAND,81,SET_MAG_DIPOLE,128,1,128,1,0,0,0x18010202
1777198453.642,208425,6,4,ADCS,8,SOLAR,2,COMMAND,81,SET_MAG_DIPOLE,128,1,128,1,0,0,0x18010202
1777198454.680,209467,6,4,ADCS,8,SOLAR,2,COMMAND,81,SET_MAG_DIPOLE,128,1,128,1,0,0,0x18010202
1777198455.761,210509,6,4,ADCS,8,SOLAR,2,COMMAND,81,SET_MAG_DIPOLE,128,1,128,1,0,0,0x18010202
1777198456.780,211551,6,4,ADCS,8,SOLAR,2,COMMAND,81,SET_MAG_DIPOLE,128,1,128,1,0,0,0x18010202
1777198457.813,212593,6,4,ADCS,8,SOLAR,2,COMMAND,81,SET_MAG_DIPOLE,128,1,128,1,0,0,0x18010202
1777198458.854,213635,6,4,ADCS,8,SOLAR,2,COMMAND,81,SET_MAG_DIPOLE,128,1,128,1,0,0,0x18010202
1777198459.898,214677,6,4,ADCS,8,SOLAR,2,COMMAND,81,SET_MAG_DIPOLE,128,1,128,1,0,0,0x18010202
1777198460.939,215719,6,4,ADCS,8,SOLAR,2,COMMAND,81,SET_MAG_DIPOLE,128,1,128,1,0,0,0x18010202
1777198462.011,216761,6,4,ADCS,8,SOLAR,2,COMMAND,81,SET_MAG_DIPOLE,128,1,128,1,0,0,0x18010202
1777198463.033,217803,6,4,ADCS,8,SOLAR,2,COMMAND,81,SET_MAG_DIPOLE,128,1,128,1,0,0,0x18010202
1777198464.064,218845,6,4,ADCS,8,SOLAR,2,COMMAND,81,SET_MAG_DIPOLE,128,1,128,1,0,0,0x18010202
1777198465.108,219887,6,4,ADCS,8,SOLAR,2,COMMAND,81,SET_MAG_DIPOLE,128,1,128,1,0,0,0x18010202
1777198466.155,220929,6,4,ADCS,8,SOLAR,2,COMMAND,81,SET_MAG_DIPOLE,128,1,128,1,0,0,0x18010202
1777198467.231,221971,6,4,ADCS,8,SOLAR,2,COMMAND,81,SET_MAG_DIPOLE,128,1,128,1,0,0,0x18010202
1777198468.257,223013,6,4,ADCS,8,SOLAR,2,COMMAND,81,SET_MAG_DIPOLE,128,1,128,1,0,0,0x18010202
1777198469.279,224055,6,4,ADCS,8,SOLAR,2,COMMAND,81,SET_MAG_DIPOLE,128,1,128,1,0,0,0x18010202
1777198470.317,225097,6,4,ADCS,8,SOLAR,2,COMMAND,81,SET_MAG_DIPOLE,128,1,128,1,0,0,0x18010202
1777198471.359,226139,6,4,ADCS,8,SOLAR,2,COMMAND,81,SET_MAG_DIPOLE,128,1,128,1,0,0,0x18010202
1777198472.403,227181,6,4,ADCS,8,SOLAR,2,COMMAND,81,SET_MAG_DIPOLE,128,1,128,1,0,0,0x18010202
1777198473.477,228223,6,4,ADCS,8,SOLAR,2,COMMAND,81,SET_MAG_DIPOLE,128,1,128,1,0,0,0x18010202
1777198474.500,229265,6,4,ADCS,8,SOLAR,2,COMMAND,81,SET_MAG_DIPOLE,128,1,128,1,0,0,0x18010202
1777198475.528,230307,6,4,ADCS,8,SOLAR,2,COMMAND,81,SET_MAG_DIPOLE,128,1,128,1,0,0,0x18010202
1777198476.571,231349,6,4,ADCS,8,SOLAR,2,COMMAND,81,SET_MAG_DIPOLE,128,1,128,1,0,0,0x18010202
1777198477.611,232391,6,4,ADCS,8,SOLAR,2,COMMAND,81,SET_MAG_DIPOLE,128,1,128,1,0,0,0x18010202
1777198479.017,233433,6,4,ADCS,8,SOLAR,2,COMMAND,81,SET_MAG_DIPOLE,128,1,128,1,0,0,0x18010202
1777198479.721,234475,6,4,ADCS,8,SOLAR,2,COMMAND,81,SET_MAG_DIPOLE,128,1,128,1,0,0,0x18010202
1777198486.484,5258,6,4,ADCS,8,SOLAR,2,COMMAND,81,SET_MAG_DIPOLE,128,1,128,1,0,0,0x18010202
1777198486.545,6259,6,4,ADCS,8,SOLAR,2,COMMAND,81,SET_MAG_DIPOLE,128,1,128,1,0,0,0x18010202
1777198487.610,7301,6,4,ADCS,8,SOLAR,2,COMMAND,81,SET_MAG_DIPOLE,128,1,128,1,0,0,0x18010202
1777198488.632,8343,6,4,ADCS,8,SOLAR,2,COMMAND,81,SET_MAG_DIPOLE,128,1,128,1,0,0,0x18010202
1777198489.665,9385,6,4,ADCS,8,SOLAR,2,COMMAND,81,SET_MAG_DIPOLE,128,1,128,1,0,0,0x18010202
1777198490.708,10427,6,4,ADCS,8,SOLAR,2,COMMAND,81,SET_MAG_DIPOLE,128,1,128,1,0,0,0x18010202
1777198491.751,11469,6,4,ADCS,8,SOLAR,2,COMMAND,81,SET_MAG_DIPOLE,128,1,128,1,0,0,0x18010202
1777198492.831,12511,6,4,ADCS,8,SOLAR,2,COMMAND,81,SET_MAG_DIPOLE,128,1,128,1,0,0,0x18010202
1777198502.478,5208,6,4,ADCS,8,SOLAR,2,COMMAND,81,SET_MAG_DIPOLE,128,1,128,1,0,0,0x18010202
1777198503.482,6208,6,4,ADCS,8,SOLAR,2,COMMAND,81,SET_MAG_DIPOLE,128,1,128,1,0,0,0x18010202
1777198504.518,7250,6,4,ADCS,8,SOLAR,2,COMMAND,81,SET_MAG_DIPOLE,128,1,128,1,0,0,0x18010202
1777198505.560,8292,6,4,ADCS,8,SOLAR,2,COMMAND,81,SET_MAG_DIPOLE,128,1,128,1,0,0,0x18010202
1777198506.601,9334,6,4,ADCS,8,SOLAR,2,COMMAND,81,SET_MAG_DIPOLE,128,1,128,1,0,0,0x18010202
1777198507.673,10376,6,4,ADCS,8,SOLAR,2,COMMAND,81,SET_MAG_DIPOLE,128,1,128,1,0,0,0x18010202
1777198508.701,11418,6,4,ADCS,8,SOLAR,2,COMMAND,81,SET_MAG_DIPOLE,128,1,128,1,0,0,0x18010202
1777198509.728,12460,6,4,ADCS,8,SOLAR,2,COMMAND,81,SET_MAG_DIPOLE,128,1,128,1,0,0,0x18010202
1777198510.758,13502,6,4,ADCS,8,SOLAR,2,COMMAND,81,SET_MAG_DIPOLE,128,1,128,1,0,0,0x18010202
1777198511.847,14544,6,4,ADCS,8,SOLAR,2,COMMAND,81,SET_MAG_DIPOLE,128,1,128,1,0,0,0x18010202
1777198512.853,15586,6,4,ADCS,8,SOLAR,2,COMMAND,81,SET_MAG_DIPOLE,128,1,128,1,0,0,0x18010202
1777198513.923,16628,6,4,ADCS,8,SOLAR,2,COMMAND,81,SET_MAG_DIPOLE,128,1,128,1,0,0,0x18010202
1777198514.945,17670,6,4,ADCS,8,SOLAR,2,COMMAND,81,SET_MAG_DIPOLE,128,1,128,1,0,0,0x18010202
1777198515.979,18712,6,4,ADCS,8,SOLAR,2,COMMAND,81,SET_MAG_DIPOLE,128,1,128,1,0,0,0x18010202
1777198517.021,19754,6,4,ADCS,8,SOLAR,2,COMMAND,81,SET_MAG_DIPOLE,128,1,128,1,0,0,0x18010202
1777198518.064,20796,6,4,ADCS,8,SOLAR,2,COMMAND,81,SET_MAG_DIPOLE,128,1,128,1,0,0,0x18010202
1777198519.112,21838,6,4,ADCS,8,SOLAR,2,COMMAND,81,SET_MAG_DIPOLE,128,1,128,1,0,0,0x18010202
1777198520.176,22880,6,4,ADCS,8,SOLAR,2,COMMAND,81,SET_MAG_DIPOLE,128,1,128,1,0,0,0x18010202
1777198521.197,23922,6,4,ADCS,8,SOLAR,2,COMMAND,81,SET_MAG_DIPOLE,128,1,128,1,0,0,0x18010202
1777198522.241,24964,6,4,ADCS,8,SOLAR,2,COMMAND,81,SET_MAG_DIPOLE,128,1,128,1,0,0,0x18010202
1777198523.274,26006,6,4,ADCS,8,SOLAR,2,COMMAND,81,SET_MAG_DIPOLE,128,1,128,1,0,0,0x18010202
1777198524.316,27048,6,4,ADCS,8,SOLAR,2,COMMAND,81,SET_MAG_DIPOLE,128,1,128,1,0,0,0x18010202
1777198525.399,28090,6,4,ADCS,8,SOLAR,2,COMMAND,81,SET_MAG_DIPOLE,128,1,128,1,0,0,0x18010202
1777198526.420,29132,6,4,ADCS,8,SOLAR,2,COMMAND,81,SET_MAG_DIPOLE,128,1,128,1,0,0,0x18010202
1777198527.446,30174,6,4,ADCS,8,SOLAR,2,COMMAND,81,SET_MAG_DIPOLE,128,1,128,1,0,0,0x18010202
1777198528.472,31216,6,4,ADCS,8,SOLAR,2,COMMAND,81,SET_MAG_DIPOLE,128,1,128,1,0,0,0x18010202
1777198529.526,32258,6,4,ADCS,8,SOLAR,2,COMMAND,81,SET_MAG_DIPOLE,128,1,128,1,0,0,0x18010202
1777198530.568,33300,6,4,ADCS,8,SOLAR,2,COMMAND,81,SET_MAG_DIPOLE,128,1,128,1,0,0,0x18010202
1777198531.645,34342,6,4,ADCS,8,SOLAR,2,COMMAND,81,SET_MAG_DIPOLE,128,1,128,1,0,0,0x18010202
1777198532.667,35384,6,4,ADCS,8,SOLAR,2,COMMAND,81,SET_MAG_DIPOLE,128,1,128,1,0,0,0x18010202
1777198533.695,36426,6,4,ADCS,8,SOLAR,2,COMMAND,81,SET_MAG_DIPOLE,128,1,128,1,0,0,0x18010202
1777198540.447,5207,6,4,ADCS,8,SOLAR,2,COMMAND,81,SET_MAG_DIPOLE,128,1,128,1,0,0,0x18010202
1777198540.487,6208,6,4,ADCS,8,SOLAR,2,COMMAND,81,SET_MAG_DIPOLE,128,1,128,1,0,0,0x18010202
1777198541.583,7250,6,4,ADCS,8,SOLAR,2,COMMAND,81,SET_MAG_DIPOLE,128,1,128,1,0,0,0x18010202
1777198542.599,8292,6,4,ADCS,8,SOLAR,2,COMMAND,81,SET_MAG_DIPOLE,128,1,128,1,0,0,0x18010202
1777198543.625,9334,6,4,ADCS,8,SOLAR,2,COMMAND,81,SET_MAG_DIPOLE,128,1,128,1,0,0,0x18010202
1777198544.668,10376,6,4,ADCS,8,SOLAR,2,COMMAND,81,SET_MAG_DIPOLE,128,1,128,1,0,0,0x18010202
1777198545.708,11418,6,4,ADCS,8,SOLAR,2,COMMAND,81,SET_MAG_DIPOLE,128,1,128,1,0,0,0x18010202
1777198546.752,12460,6,4,ADCS,8,SOLAR,2,COMMAND,81,SET_MAG_DIPOLE,128,1,128,1,0,0,0x18010202
1777198547.811,13502,6,4,ADCS,8,SOLAR,2,COMMAND,81,SET_MAG_DIPOLE,128,1,128,1,0,0,0x18010202
1777198548.838,14544,6,4,ADCS,8,SOLAR,2,COMMAND,81,SET_MAG_DIPOLE,128,1,128,1,0,0,0x18010202
1777198549.879,15586,6,4,ADCS,8,SOLAR,2,COMMAND,81,SET_MAG_DIPOLE,128,1,128,1,0,0,0x18010202
1777198550.920,16628,6,4,ADCS,8,SOLAR,2,COMMAND,81,SET_MAG_DIPOLE,128,1,128,1,0,0,0x18010202
1777198551.961,17670,6,4,ADCS,8,SOLAR,2,COMMAND,81,SET_MAG_DIPOLE,128,1,128,1,0,0,0x18010202
1777198553.047,18712,6,4,ADCS,8,SOLAR,2,COMMAND,81,SET_MAG_DIPOLE,128,1,128,1,0,0,0x18010202
1777198554.075,19754,6,4,ADCS,8,SOLAR,2,COMMAND,81,SET_MAG_DIPOLE,128,1,128,1,0,0,0x18010202
1777198555.087,20796,6,4,ADCS,8,SOLAR,2,COMMAND,81,SET_MAG_DIPOLE,128,1,128,1,0,0,0x18010202
1777198556.131,21838,6,4,ADCS,8,SOLAR,2,COMMAND,81,SET_MAG_DIPOLE,128,1,128,1,0,0,0x18010202
1777198557.173,22880,6,4,ADCS,8,SOLAR,2,COMMAND,81,SET_MAG_DIPOLE,128,1,128,1,0,0,0x18010202
1777198558.204,23922,6,4,ADCS,8,SOLAR,2,COMMAND,81,SET_MAG_DIPOLE,128,1,128,1,0,0,0x18010202
1777198559.290,24964,6,4,ADCS,8,SOLAR,2,COMMAND,81,SET_MAG_DIPOLE,128,1,128,1,0,0,0x18010202
1777198560.314,26006,6,4,ADCS,8,SOLAR,2,COMMAND,81,SET_MAG_DIPOLE,128,1,128,1,0,0,0x18010202
1777198561.340,27048,6,4,ADCS,8,SOLAR,2,COMMAND,81,SET_MAG_DIPOLE,128,1,128,1,0,0,0x18010202
1777198562.374,28090,6,4,ADCS,8,SOLAR,2,COMMAND,81,SET_MAG_DIPOLE,128,1,128,1,0,0,0x18010202
1777198563.414,29132,6,4,ADCS,8,SOLAR,2,COMMAND,81,SET_MAG_DIPOLE,128,1,128,1,0,0,0x18010202
1777198564.462,30174,6,4,ADCS,8,SOLAR,2,COMMAND,81,SET_MAG_DIPOLE,128,1,128,1,0,0,0x18010202
1777198565.528,31216,6,4,ADCS,8,SOLAR,2,COMMAND,81,SET_MAG_DIPOLE,128,1,128,1,0,0,0x18010202
1777198566.562,32258,6,4,ADCS,8,SOLAR,2,COMMAND,81,SET_MAG_DIPOLE,128,1,128,1,0,0,0x18010202
1777198567.595,33300,6,4,ADCS,8,SOLAR,2,COMMAND,81,SET_MAG_DIPOLE,128,1,128,1,0,0,0x18010202
1777198568.635,34342,6,4,ADCS,8,SOLAR,2,COMMAND,81,SET_MAG_DIPOLE,128,1,128,1,0,0,0x18010202
1777198569.678,35384,6,4,ADCS,8,SOLAR,2,COMMAND,81,SET_MAG_DIPOLE,128,1,128,1,0,0,0x18010202
1777198570.757,36426,6,4,ADCS,8,SOLAR,2,COMMAND,81,SET_MAG_DIPOLE,128,1,128,1,0,0,0x18010202
1777198571.783,37468,6,4,ADCS,8,SOLAR,2,COMMAND,81,SET_MAG_DIPOLE,128,1,128,1,0,0,0x18010202
1777198572.811,38510,6,4,ADCS,8,SOLAR,2,COMMAND,81,SET_MAG_DIPOLE,128,1,128,1,0,0,0x18010202
1777198573.845,39552,6,4,ADCS,8,SOLAR,2,COMMAND,81,SET_MAG_DIPOLE,128,1,128,1,0,0,0x18010202
1777198574.887,40594,6,4,ADCS,8,SOLAR,2,COMMAND,81,SET_MAG_DIPOLE,128,1,128,1,0,0,0x18010202
1777198575.924,41636,6,4,ADCS,8,SOLAR,2,COMMAND,81,SET_MAG_DIPOLE,128,1,128,1,0,0,0x18010202
1777198577.015,42678,6,4,ADCS,8,SOLAR,2,COMMAND,81,SET_MAG_DIPOLE,128,1,128,1,0,0,0x18010202
1777198578.024,43720,6,4,ADCS,8,SOLAR,2,COMMAND,81,SET_MAG_DIPOLE,128,1,128,1,0,0,0x18010202
1777198579.056,44762,6,4,ADCS,8,SOLAR,2,COMMAND,81,SET_MAG_DIPOLE,128,1,128,1,0,0,0x18010202
1777198580.097,45804,6,4,ADCS,8,SOLAR,2,COMMAND,81,SET_MAG_DIPOLE,128,1,128,1,0,0,0x18010202
1777198581.139,46846,6,4,ADCS,8,SOLAR,2,COMMAND,81,SET_MAG_DIPOLE,128,1,128,1,0,0,0x18010202
1777198582.181,47888,6,4,ADCS,8,SOLAR,2,COMMAND,81,SET_MAG_DIPOLE,128,1,128,1,0,0,0x18010202
1777198583.250,48930,6,4,ADCS,8,SOLAR,2,COMMAND,81,SET_MAG_DIPOLE,128,1,128,1,0,0,0x18010202
1777198584.278,49972,6,4,ADCS,8,SOLAR,2,COMMAND,81,SET_MAG_DIPOLE,128,1,128,1,0,0,0x18010202
1777198585.307,51014,6,4,ADCS,8,SOLAR,2,COMMAND,81,SET_MAG_DIPOLE,128,1,128,1,0,0,0x18010202
1777198586.349,52056,6,4,ADCS,8,SOLAR,2,COMMAND,81,SET_MAG_DIPOLE,128,1,128,1,0,0,0x18010202
1777198587.391,53098,6,4,ADCS,8,SOLAR,2,COMMAND,81,SET_MAG_DIPOLE,128,1,128,1,0,0,0x18010202
1777198588.433,54140,6,4,ADCS,8,SOLAR,2,COMMAND,81,SET_MAG_DIPOLE,128,1,128,1,0,0,0x18010202
1777198589.556,55182,6,4,ADCS,8,SOLAR,2,COMMAND,81,SET_MAG_DIPOLE,128,1,128,1,0,0,0x18010202
1777198590.519,56224,6,4,ADCS,8,SOLAR,2,COMMAND,81,SET_MAG_DIPOLE,128,1,128,1,0,0,0x18010202
1777198621.657,5208,6,4,ADCS,8,SOLAR,2,COMMAND,81,SET_MAG_DIPOLE,128,1,128,1,0,0,0x18010202
1777198622.681,6230,6,4,ADCS,8,SOLAR,2,COMMAND,81,SET_MAG_DIPOLE,128,1,128,1,0,0,0x18010202
1777198623.732,7272,6,4,ADCS,8,SOLAR,2,COMMAND,81,SET_MAG_DIPOLE,128,1,128,1,0,0,0x18010202
1777198624.761,8314,6,4,ADCS,8,SOLAR,2,COMMAND,81,SET_MAG_DIPOLE,128,1,128,1,0,0,0x18010202
1777198625.803,9356,6,4,ADCS,8,SOLAR,2,COMMAND,81,SET_MAG_DIPOLE,128,1,128,1,0,0,0x18010202
1777198626.872,10398,6,4,ADCS,8,SOLAR,2,COMMAND,81,SET_MAG_DIPOLE,128,1,128,1,0,0,0x18010202
1777198627.888,11440,6,4,ADCS,8,SOLAR,2,COMMAND,81,SET_MAG_DIPOLE,128,1,128,1,0,0,0x18010202
1777198628.929,12482,6,4,ADCS,8,SOLAR,2,COMMAND,81,SET_MAG_DIPOLE,128,1,128,1,0,0,0x18010202
1777198629.971,13524,6,4,ADCS,8,SOLAR,2,COMMAND,81,SET_MAG_DIPOLE,128,1,128,1,0,0,0x18010202
1777198631.014,14566,6,4,ADCS,8,SOLAR,2,COMMAND,81,SET_MAG_DIPOLE,128,1,128,1,0,0,0x18010202
1777198632.056,15608,6,4,ADCS,8,SOLAR,2,COMMAND,81,SET_MAG_DIPOLE,128,1,128,1,0,0,0x18010202
1777198633.122,16657,6,4,ADCS,8,SOLAR,2,COMMAND,81,SET_MAG_DIPOLE,128,1,128,1,0,0,0x18010202
1777198634.192,17744,6,4,ADCS,8,SOLAR,2,COMMAND,81,SET_MAG_DIPOLE,128,1,128,1,0,0,0x18010202
1777198635.274,18787,6,4,ADCS,8,SOLAR,2,COMMAND,81,SET_MAG_DIPOLE,128,1,128,1,0,0,0x18010202
1777198636.249,19801,6,4,ADCS,8,SOLAR,2,COMMAND,81,SET_MAG_DIPOLE,128,1,128,1,0,0,0x18010202
1777198637.264,20816,6,4,ADCS,8,SOLAR,2,COMMAND,81,SET_MAG_DIPOLE,128,1,128,1,0,0,0x18010202
1777198638.278,21830,6,4,ADCS,8,SOLAR,2,COMMAND,81,SET_MAG_DIPOLE,128,1,128,1,0,0,0x18010202
1777198639.291,22844,6,4,ADCS,8,SOLAR,2,COMMAND,81,SET_MAG_DIPOLE,128,1,128,1,0,0,0x18010202
1777198640.306,23858,6,4,ADCS,8,SOLAR,2,COMMAND,81,SET_MAG_DIPOLE,128,1,128,1,0,0,0x18010202
1777198641.319,24871,6,4,ADCS,8,SOLAR,2,COMMAND,81,SET_MAG_DIPOLE,128,1,128,1,0,0,0x18010202
1777198642.341,25885,6,4,ADCS,8,SOLAR,2,COMMAND,81,SET_MAG_DIPOLE,128,1,128,1,0,0,0x18010202
1777198643.366,26900,6,4,ADCS,8,SOLAR,2,COMMAND,81,SET_MAG_DIPOLE,128,1,128,1,0,0,0x18010202
1777198644.390,27914,6,4,ADCS,8,SOLAR,2,COMMAND,81,SET_MAG_DIPOLE,128,1,128,1,0,0,0x18010202
1777198645.413,28928,6,4,ADCS,8,SOLAR,2,COMMAND,81,SET_MAG_DIPOLE,128,1,128,1,0,0,0x18010202
1777198646.390,29942,6,4,ADCS,8,SOLAR,2,COMMAND,81,SET_MAG_DIPOLE,128,1,128,1,0,0,0x18010202
1777198647.404,30956,6,4,ADCS,8,SOLAR,2,COMMAND,81,SET_MAG_DIPOLE,128,1,128,1,0,0,0x18010202
1777198648.419,31970,6,4,ADCS,8,SOLAR,2,COMMAND,81,SET_MAG_DIPOLE,128,1,128,1,0,0,0x18010202
1777198649.432,32984,6,4,ADCS,8,SOLAR,2,COMMAND,81,SET_MAG_DIPOLE,128,1,128,1,0,0,0x18010202
1777198650.446,33998,6,4,ADCS,8,SOLAR,2,COMMAND,81,SET_MAG_DIPOLE,128,1,128,1,0,0,0x18010202
1777198651.460,35012,6,4,ADCS,8,SOLAR,2,COMMAND,81,SET_MAG_DIPOLE,128,1,128,1,0,0,0x18010202
1777198652.475,36026,6,4,ADCS,8,SOLAR,2,COMMAND,81,SET_MAG_DIPOLE,128,1,128,1,0,0,0x18010202
1777198653.505,37040,6,4,ADCS,8,SOLAR,2,COMMAND,81,SET_MAG_DIPOLE,128,1,128,1,0,0,0x18010202
1777198654.516,38054,6,4,ADCS,8,SOLAR,2,COMMAND,81,SET_MAG_DIPOLE,128,1,128,1,0,0,0x18010202
1777198655.548,39068,6,4,ADCS,8,SOLAR,2,COMMAND,81,SET_MAG_DIPOLE,128,1,128,1,0,0,0x18010202
1777198656.531,40082,6,4,ADCS,8,SOLAR,2,COMMAND,81,SET_MAG_DIPOLE,128,1,128,1,0,0,0x18010202
1777198657.545,41096,6,4,ADCS,8,SOLAR,2,COMMAND,81,SET_MAG_DIPOLE,128,1,128,1,0,0,0x18010202
1777198658.558,42110,6,4,ADCS,8,SOLAR,2,COMMAND,81,SET_MAG_DIPOLE,128,1,128,1,0,0,0x18010202
1777198659.575,43124,6,4,ADCS,8,SOLAR,2,COMMAND,81,SET_MAG_DIPOLE,128,1,128,1,0,0,0x18010202
1777198660.586,44138,6,4,ADCS,8,SOLAR,2,COMMAND,81,SET_MAG_DIPOLE,128,1,128,1,0,0,0x18010202
1777198661.600,45152,6,4,ADCS,8,SOLAR,2,COMMAND,81,SET_MAG_DIPOLE,128,1,128,1,0,0,0x18010202
1777198662.615,46166,6,4,ADCS,8,SOLAR,2,COMMAND,81,SET_MAG_DIPOLE,128,1,128,1,0,0,0x18010202
1777198663.636,47180,6,4,ADCS,8,SOLAR,2,COMMAND,81,SET_MAG_DIPOLE,128,1,128,1,0,0,0x18010202
1777198664.654,48194,6,4,ADCS,8,SOLAR,2,COMMAND,81,SET_MAG_DIPOLE,128,1,128,1,0,0,0x18010202
1777198665.688,49208,6,4,ADCS,8,SOLAR,2,COMMAND,81,SET_MAG_DIPOLE,128,1,128,1,0,0,0x18010202
1777198666.713,50222,6,4,ADCS,8,SOLAR,2,COMMAND,81,SET_MAG_DIPOLE,128,1,128,1,0,0,0x18010202
1777198667.685,51236,6,4,ADCS,8,SOLAR,2,COMMAND,81,SET_MAG_DIPOLE,128,1,128,1,0,0,0x18010202
1777198668.701,52250,6,4,ADCS,8,SOLAR,2,COMMAND,81,SET_MAG_DIPOLE,128,1,128,1,0,0,0x18010202
1777198669.712,53263,6,4,ADCS,8,SOLAR,2,COMMAND,81,SET_MAG_DIPOLE,128,1,128,1,0,0,0x18010202
1777198670.726,54277,6,4,ADCS,8,SOLAR,2,COMMAND,81,SET_MAG_DIPOLE,128,1,128,1,0,0,0x18010202
1777198671.740,55291,6,4,ADCS,8,SOLAR,2,COMMAND,81,SET_MAG_DIPOLE,128,1,128,1,0,0,0x18010202
1777198672.754,56305,6,4,ADCS,8,SOLAR,2,COMMAND,81,SET_MAG_DIPOLE,128,1,128,1,0,0,0x18010202
1777198673.778,57319,6,4,ADCS,8,SOLAR,2,COMMAND,81,SET_MAG_DIPOLE,128,1,128,1,0,0,0x18010202
1777198674.793,58333,6,4,ADCS,8,SOLAR,2,COMMAND,81,SET_MAG_DIPOLE,128,1,128,1,0,0,0x18010202
1777198675.826,59347,6,4,ADCS,8,SOLAR,2,COMMAND,81,SET_MAG_DIPOLE,128,1,128,1,0,0,0x18010202
1777198676.852,60361,6,4,ADCS,8,SOLAR,2,COMMAND,81,SET_MAG_DIPOLE,128,1,128,1,0,0,0x18010202
1777198677.824,61375,6,4,ADCS,8,SOLAR,2,COMMAND,81,SET_MAG_DIPOLE,128,1,128,1,0,0,0x18010202
1777198678.838,62389,6,4,ADCS,8,SOLAR,2,COMMAND,81,SET_MAG_DIPOLE,128,1,128,1,0,0,0x18010202
1777198679.852,63403,6,4,ADCS,8,SOLAR,2,COMMAND,81,SET_MAG_DIPOLE,128,1,128,1,0,0,0x18010202
1777198680.865,64417,6,4,ADCS,8,SOLAR,2,COMMAND,81,SET_MAG_DIPOLE,128,1,128,1,0,0,0x18010202
1777198681.880,65431,6,4,ADCS,8,SOLAR,2,COMMAND,81,SET_MAG_DIPOLE,128,1,128,1,0,0,0x18010202
1777198682.894,66445,6,4,ADCS,8,SOLAR,2,COMMAND,81,SET_MAG_DIPOLE,128,1,128,1,0,0,0x18010202
1777198683.908,67459,6,4,ADCS,8,SOLAR,2,COMMAND,81,SET_MAG_DIPOLE,128,1,128,1,0,0,0x18010202
1777198684.939,68472,6,4,ADCS,8,SOLAR,2,COMMAND,81,SET_MAG_DIPOLE,128,1,128,1,0,0,0x18010202
1777198685.958,69486,6,4,ADCS,8,SOLAR,2,COMMAND,81,SET_MAG_DIPOLE,128,1,128,1,0,0,0x18010202
1777198686.990,70500,6,4,ADCS,8,SOLAR,2,COMMAND,81,SET_MAG_DIPOLE,128,1,128,1,0,0,0x18010202
1777198687.963,71514,6,4,ADCS,8,SOLAR,2,COMMAND,81,SET_MAG_DIPOLE,128,1,128,1,0,0,0x18010202
1777198688.978,72528,6,4,ADCS,8,SOLAR,2,COMMAND,81,SET_MAG_DIPOLE,128,1,128,1,0,0,0x18010202
1777198689.991,73542,6,4,ADCS,8,SOLAR,2,COMMAND,81,SET_MAG_DIPOLE,128,1,128,1,0,0,0x18010202
1777198691.006,74556,6,4,ADCS,8,SOLAR,2,COMMAND,81,SET_MAG_DIPOLE,128,1,128,1,0,0,0x18010202
1777198692.020,75570,6,4,ADCS,8,SOLAR,2,COMMAND,81,SET_MAG_DIPOLE,128,1,128,1,0,0,0x18010202
1777198693.033,76584,6,4,ADCS,8,SOLAR,2,COMMAND,81,SET_MAG_DIPOLE,128,1,128,1,0,0,0x18010202
1777198694.050,77598,6,4,ADCS,8,SOLAR,2,COMMAND,81,SET_MAG_DIPOLE,128,1,128,1,0,0,0x18010202
1777198695.072,78612,6,4,ADCS,8,SOLAR,2,COMMAND,81,SET_MAG_DIPOLE,128,1,128,1,0,0,0x18010202
1777198696.098,79626,6,4,ADCS,8,SOLAR,2,COMMAND,81,SET_MAG_DIPOLE,128,1,128,1,0,0,0x18010202
1777198697.114,80640,6,4,ADCS,8,SOLAR,2,COMMAND,81,SET_MAG_DIPOLE,128,1,128,1,0,0,0x18010202
1777198698.103,81654,6,4,ADCS,8,SOLAR,2,COMMAND,81,SET_MAG_DIPOLE,128,1,128,1,0,0,0x18010202
1777198699.117,82668,6,4,ADCS,8,SOLAR,2,COMMAND,81,SET_MAG_DIPOLE,128,1,128,1,0,0,0x18010202
1777198700.132,83682,6,4,ADCS,8,SOLAR,2,COMMAND,81,SET_MAG_DIPOLE,128,1,128,1,0,0,0x18010202
1777198701.145,84696,6,4,ADCS,8,SOLAR,2,COMMAND,81,SET_MAG_DIPOLE,128,1,128,1,0,0,0x18010202
1777198702.159,85710,6,4,ADCS,8,SOLAR,2,COMMAND,81,SET_MAG_DIPOLE,128,1,128,1,0,0,0x18010202
1777198703.173,86724,6,4,ADCS,8,SOLAR,2,COMMAND,81,SET_MAG_DIPOLE,128,1,128,1,0,0,0x18010202
1777198704.194,87738,6,4,ADCS,8,SOLAR,2,COMMAND,81,SET_MAG_DIPOLE,128,1,128,1,0,0,0x18010202
1777198705.219,88752,6,4,ADCS,8,SOLAR,2,COMMAND,81,SET_MAG_DIPOLE,128,1,128,1,0,0,0x18010202
1777198706.241,89766,6,4,ADCS,8,SOLAR,2,COMMAND,81,SET_MAG_DIPOLE,128,1,128,1,0,0,0x18010202
1777198707.259,90779,6,4,ADCS,8,SOLAR,2,COMMAND,81,SET_MAG_DIPOLE,128,1,128,1,0,0,0x18010202
1777198708.242,91793,6,4,ADCS,8,SOLAR,2,COMMAND,81,SET_MAG_DIPOLE,128,1,128,1,0,0,0x18010202
1777198709.256,92807,6,4,ADCS,8,SOLAR,2,COMMAND,81,SET_MAG_DIPOLE,128,1,128,1,0,0,0x18010202
1777198710.270,93821,6,4,ADCS,8,SOLAR,2,COMMAND,81,SET_MAG_DIPOLE,128,1,128,1,0,0,0x18010202
1777198711.273,94835,6,4,ADCS,8,SOLAR,2,COMMAND,81,SET_MAG_DIPOLE,128,1,128,1,0,0,0x18010202
1777198712.298,95849,6,4,ADCS,8,SOLAR,2,COMMAND,81,SET_MAG_DIPOLE,128,1,128,1,0,0,0x18010202
1777198713.312,96863,6,4,ADCS,8,SOLAR,2,COMMAND,81,SET_MAG_DIPOLE,128,1,128,1,0,0,0x18010202
1777198714.327,97877,6,4,ADCS,8,SOLAR,2,COMMAND,81,SET_MAG_DIPOLE,128,1,128,1,0,0,0x18010202
1777198715.345,98891,6,4,ADCS,8,SOLAR,2,COMMAND,81,SET_MAG_DIPOLE,128,1,128,1,0,0,0x18010202
1777198716.379,99905,6,4,ADCS,8,SOLAR,2,COMMAND,81,SET_MAG_DIPOLE,128,1,128,1,0,0,0x18010202
1777198726.512,5343,6,4,ADCS,8,SOLAR,2,COMMAND,81,SET_MAG_DIPOLE,128,1,128,1,0,0,0x18010202
1777198727.531,6374,6,4,ADCS,8,SOLAR,2,COMMAND,81,SET_MAG_DIPOLE,128,1,128,1,0,0,0x18010202
1777198728.565,7387,6,4,ADCS,8,SOLAR,2,COMMAND,81,SET_MAG_DIPOLE,128,1,128,1,0,0,0x18010202
1777198729.536,8402,6,4,ADCS,8,SOLAR,2,COMMAND,81,SET_MAG_DIPOLE,128,1,128,1,0,0,0x18010202
1777198730.550,9415,6,4,ADCS,8,SOLAR,2,COMMAND,81,SET_MAG_DIPOLE,128,1,128,1,0,0,0x18010202
1777198731.564,10429,6,4,ADCS,8,SOLAR,2,COMMAND,81,SET_MAG_DIPOLE,128,1,128,1,0,0,0x18010202
1777198732.584,11443,6,4,ADCS,8,SOLAR,2,COMMAND,81,SET_MAG_DIPOLE,128,1,128,1,0,0,0x18010202
1777198733.593,12457,6,4,ADCS,8,SOLAR,2,COMMAND,81,SET_MAG_DIPOLE,128,1,128,1,0,0,0x18010202
1777198734.606,13471,6,4,ADCS,8,SOLAR,2,COMMAND,81,SET_MAG_DIPOLE,128,1,128,1,0,0,0x18010202
1777198735.630,14486,6,4,ADCS,8,SOLAR,2,COMMAND,81,SET_MAG_DIPOLE,128,1,128,1,0,0,0x18010202
1777198736.649,15499,6,4,ADCS,8,SOLAR,2,COMMAND,81,SET_MAG_DIPOLE,128,1,128,1,0,0,0x18010202
1777198737.675,16513,6,4,ADCS,8,SOLAR,2,COMMAND,81,SET_MAG_DIPOLE,128,1,128,1,0,0,0x18010202
1777198738.696,17527,6,4,ADCS,8,SOLAR,2,COMMAND,81,SET_MAG_DIPOLE,128,1,128,1,0,0,0x18010202
1777198739.677,18541,6,4,ADCS,8,SOLAR,2,COMMAND,81,SET_MAG_DIPOLE,128,1,128,1,0,0,0x18010202
1777198740.690,19555,6,4,ADCS,8,SOLAR,2,COMMAND,81,SET_MAG_DIPOLE,128,1,128,1,0,0,0x18010202
1777198741.705,20569,6,4,ADCS,8,SOLAR,2,COMMAND,81,SET_MAG_DIPOLE,128,1,128,1,0,0,0x18010202
1777198742.719,21583,6,4,ADCS,8,SOLAR,2,COMMAND,81,SET_MAG_DIPOLE,128,1,128,1,0,0,0x18010202
1777198743.732,22597,6,4,ADCS,8,SOLAR,2,COMMAND,81,SET_MAG_DIPOLE,128,1,128,1,0,0,0x18010202
1777198744.746,23611,6,4,ADCS,8,SOLAR,2,COMMAND,81,SET_MAG_DIPOLE,128,1,128,1,0,0,0x18010202
1777198745.769,24625,6,4,ADCS,8,SOLAR,2,COMMAND,81,SET_MAG_DIPOLE,128,1,128,1,0,0,0x18010202
1777198746.793,25639,6,4,ADCS,8,SOLAR,2,COMMAND,81,SET_MAG_DIPOLE,128,1,128,1,0,0,0x18010202
1777198747.816,26653,6,4,ADCS,8,SOLAR,2,COMMAND,81,SET_MAG_DIPOLE,128,1,128,1,0,0,0x18010202
1777198748.835,27667,6,4,ADCS,8,SOLAR,2,COMMAND,81,SET_MAG_DIPOLE,128,1,128,1,0,0,0x18010202
1777198749.816,28681,6,4,ADCS,8,SOLAR,2,COMMAND,81,SET_MAG_DIPOLE,128,1,128,1,0,0,0x18010202
1777198750.830,29695,6,4,ADCS,8,SOLAR,2,COMMAND,81,SET_MAG_DIPOLE,128,1,128,1,0,0,0x18010202
1777198751.842,30709,6,4,ADCS,8,SOLAR,2,COMMAND,81,SET_MAG_DIPOLE,128,1,128,1,0,0,0x18010202
1777198752.858,31722,6,4,ADCS,8,SOLAR,2,COMMAND,81,SET_MAG_DIPOLE,128,1,128,1,0,0,0x18010202
1777198753.871,32736,6,4,ADCS,8,SOLAR,2,COMMAND,81,SET_MAG_DIPOLE,128,1,128,1,0,0,0x18010202
1777198754.885,33750,6,4,ADCS,8,SOLAR,2,COMMAND,81,SET_MAG_DIPOLE,128,1,128,1,0,0,0x18010202
1777198755.904,34764,6,4,ADCS,8,SOLAR,2,COMMAND,81,SET_MAG_DIPOLE,128,1,128,1,0,0,0x18010202
1777198756.926,35778,6,4,ADCS,8,SOLAR,2,COMMAND,81,SET_MAG_DIPOLE,128,1,128,1,0,0,0x18010202
1777198757.958,36792,6,4,ADCS,8,SOLAR,2,COMMAND,81,SET_MAG_DIPOLE,128,1,128,1,0,0,0x18010202
1777198758.975,37806,6,4,ADCS,8,SOLAR,2,COMMAND,81,SET_MAG_DIPOLE,128,1,128,1,0,0,0x18010202
1777198759.956,38820,6,4,ADCS,8,SOLAR,2,COMMAND,81,SET_MAG_DIPOLE,128,1,128,1,0,0,0x18010202
1777198760.969,39834,6,4,ADCS,8,SOLAR,2,COMMAND,81,SET_MAG_DIPOLE,128,1,128,1,0,0,0x18010202
1777198761.984,40848,6,4,ADCS,8,SOLAR,2,COMMAND,81,SET_MAG_DIPOLE,128,1,128,1,0,0,0x18010202
1777198762.997,41862,6,4,ADCS,8,SOLAR,2,COMMAND,81,SET_MAG_DIPOLE,128,1,128,1,0,0,0x18010202
1777198764.011,42876,6,4,ADCS,8,SOLAR,2,COMMAND,81,SET_MAG_DIPOLE,128,1,128,1,0,0,0x18010202
1777198765.026,43890,6,4,ADCS,8,SOLAR,2,COMMAND,81,SET_MAG_DIPOLE,128,1,128,1,0,0,0x18010202
1777198766.045,44904,6,4,ADCS,8,SOLAR,2,COMMAND,81,SET_MAG_DIPOLE,128,1,128,1,0,0,0x18010202
1777198767.067,45918,6,4,ADCS,8,SOLAR,2,COMMAND,81,SET_MAG_DIPOLE,128,1,128,1,0,0,0x18010202
1777198768.092,46932,6,4,ADCS,8,SOLAR,2,COMMAND,81,SET_MAG_DIPOLE,128,1,128,1,0,0,0x18010202
1777198769.116,47946,6,4,ADCS,8,SOLAR,2,COMMAND,81,SET_MAG_DIPOLE,128,1,128,1,0,0,0x18010202
1777198770.096,48960,6,4,ADCS,8,SOLAR,2,COMMAND,81,SET_MAG_DIPOLE,128,1,128,1,0,0,0x18010202
1777198771.109,49974,6,4,ADCS,8,SOLAR,2,COMMAND,81,SET_MAG_DIPOLE,128,1,128,1,0,0,0x18010202
1777198772.123,50988,6,4,ADCS,8,SOLAR,2,COMMAND,81,SET_MAG_DIPOLE,128,1,128,1,0,0,0x18010202
1777198773.137,52002,6,4,ADCS,8,SOLAR,2,COMMAND,81,SET_MAG_DIPOLE,128,1,128,1,0,0,0x18010202
1777198774.153,53016,6,4,ADCS,8,SOLAR,2,COMMAND,81,SET_MAG_DIPOLE,128,1,128,1,0,0,0x18010202
1777198775.165,54030,6,4,ADCS,8,SOLAR,2,COMMAND,81,SET_MAG_DIPOLE,128,1,128,1,0,0,0x18010202
1777198776.179,55044,6,4,ADCS,8,SOLAR,2,COMMAND,81,SET_MAG_DIPOLE,128,1,128,1,0,0,0x18010202
1777198777.216,56058,6,4,ADCS,8,SOLAR,2,COMMAND,81,SET_MAG_DIPOLE,128,1,128,1,0,0,0x18010202
1777198778.213,57072,6,4,ADCS,8,SOLAR,2,COMMAND,81,SET_MAG_DIPOLE,128,1,128,1,0,0,0x18010202
1777198779.253,58086,6,4,ADCS,8,SOLAR,2,COMMAND,81,SET_MAG_DIPOLE,128,1,128,1,0,0,0x18010202
1777198780.277,59100,6,4,ADCS,8,SOLAR,2,COMMAND,81,SET_MAG_DIPOLE,128,1,128,1,0,0,0x18010202
1777198781.249,60114,6,4,ADCS,8,SOLAR,2,COMMAND,81,SET_MAG_DIPOLE,128,1,128,1,0,0,0x18010202
1777198782.264,61128,6,4,ADCS,8,SOLAR,2,COMMAND,81,SET_MAG_DIPOLE,128,1,128,1,0,0,0x18010202
1777198783.286,62142,6,4,ADCS,8,SOLAR,2,COMMAND,81,SET_MAG_DIPOLE,128,1,128,1,0,0,0x18010202
1777198784.291,63156,6,4,ADCS,8,SOLAR,2,COMMAND,81,SET_MAG_DIPOLE,128,1,128,1,0,0,0x18010202
1777198785.304,64169,6,4,ADCS,8,SOLAR,2,COMMAND,81,SET_MAG_DIPOLE,128,1,128,1,0,0,0x18010202
1777198786.319,65183,6,4,ADCS,8,SOLAR,2,COMMAND,81,SET_MAG_DIPOLE,128,1,128,1,0,0,0x18010202
1777198787.339,66197,6,4,ADCS,8,SOLAR,2,COMMAND,81,SET_MAG_DIPOLE,128,1,128,1,0,0,0x18010202
1777198788.361,67211,6,4,ADCS,8,SOLAR,2,COMMAND,81,SET_MAG_DIPOLE,128,1,128,1,0,0,0x18010202
1777198789.386,68225,6,4,ADCS,8,SOLAR,2,COMMAND,81,SET_MAG_DIPOLE,128,1,128,1,0,0,0x18010202
1777198790.414,69239,6,4,ADCS,8,SOLAR,2,COMMAND,81,SET_MAG_DIPOLE,128,1,128,1,0,0,0x18010202
1777198791.389,70253,6,4,ADCS,8,SOLAR,2,COMMAND,81,SET_MAG_DIPOLE,128,1,128,1,0,0,0x18010202
1777198792.403,71267,6,4,ADCS,8,SOLAR,2,COMMAND,81,SET_MAG_DIPOLE,128,1,128,1,0,0,0x18010202
1777198793.417,72281,6,4,ADCS,8,SOLAR,2,COMMAND,81,SET_MAG_DIPOLE,128,1,128,1,0,0,0x18010202
1777198794.432,73295,6,4,ADCS,8,SOLAR,2,COMMAND,81,SET_MAG_DIPOLE,128,1,128,1,0,0,0x18010202
1777198795.444,74309,6,4,ADCS,8,SOLAR,2,COMMAND,81,SET_MAG_DIPOLE,128,1,128,1,0,0,0x18010202
1777198796.458,75323,6,4,ADCS,8,SOLAR,2,COMMAND,81,SET_MAG_DIPOLE,128,1,128,1,0,0,0x18010202
1777198797.479,76337,6,4,ADCS,8,SOLAR,2,COMMAND,81,SET_MAG_DIPOLE,128,1,128,1,0,0,0x18010202
1777198798.495,77351,6,4,ADCS,8,SOLAR,2,COMMAND,81,SET_MAG_DIPOLE,128,1,128,1,0,0,0x18010202
1777198799.527,78364,6,4,ADCS,8,SOLAR,2,COMMAND,81,SET_MAG_DIPOLE,128,1,128,1,0,0,0x18010202
1777198800.551,79378,6,4,ADCS,8,SOLAR,2,COMMAND,81,SET_MAG_DIPOLE,128,1,128,1,0,0,0x18010202
1777198801.529,80392,6,4,ADCS,8,SOLAR,2,COMMAND,81,SET_MAG_DIPOLE,128,1,128,1,0,0,0x18010202
1777198802.542,81406,6,4,ADCS,8,SOLAR,2,COMMAND,81,SET_MAG_DIPOLE,128,1,128,1,0,0,0x18010202
1777198803.558,82421,6,4,ADCS,8,SOLAR,2,COMMAND,81,SET_MAG_DIPOLE,128,1,128,1,0,0,0x18010202
1777198804.569,83434,6,4,ADCS,8,SOLAR,2,COMMAND,81,SET_MAG_DIPOLE,128,1,128,1,0,0,0x18010202
1777198805.584,84448,6,4,ADCS,8,SOLAR,2,COMMAND,81,SET_MAG_DIPOLE,128,1,128,1,0,0,0x18010202
1777198806.597,85462,6,4,ADCS,8,SOLAR,2,COMMAND,81,SET_MAG_DIPOLE,128,1,128,1,0,0,0x18010202
1777198807.618,86475,6,4,ADCS,8,SOLAR,2,COMMAND,81,SET_MAG_DIPOLE,128,1,128,1,0,0,0x18010202
1777198808.633,87489,6,4,ADCS,8,SOLAR,2,COMMAND,81,SET_MAG_DIPOLE,128,1,128,1,0,0,0x18010202
1777198809.668,88503,6,4,ADCS,8,SOLAR,2,COMMAND,81,SET_MAG_DIPOLE,128,1,128,1,0,0,0x18010202
1777198810.679,89517,6,4,ADCS,8,SOLAR,2,COMMAND,81,SET_MAG_DIPOLE,128,1,128,1,0,0,0x18010202
1777198811.670,90531,6,4,ADCS,8,SOLAR,2,COMMAND,81,SET_MAG_DIPOLE,128,1,128,1,0,0,0x18010202
1777198812.680,91544,6,4,ADCS,8,SOLAR,2,COMMAND,81,SET_MAG_DIPOLE,128,1,128,1,0,0,0x18010202
1777198813.694,92558,6,4,ADCS,8,SOLAR,2,COMMAND,81,SET_MAG_DIPOLE,128,1,128,1,0,0,0x18010202
1777198814.708,93572,6,4,ADCS,8,SOLAR,2,COMMAND,81,SET_MAG_DIPOLE,128,1,128,1,0,0,0x18010202
1777198815.722,94586,6,4,ADCS,8,SOLAR,2,COMMAND,81,SET_MAG_DIPOLE,128,1,128,1,0,0,0x18010202
1777198816.738,95600,6,4,ADCS,8,SOLAR,2,COMMAND,81,SET_MAG_DIPOLE,128,1,128,1,0,0,0x18010202
1777198817.763,96614,6,4,ADCS,8,SOLAR,2,COMMAND,81,SET_MAG_DIPOLE,128,1,128,1,0,0,0x18010202
1777198818.784,97628,6,4,ADCS,8,SOLAR,2,COMMAND,81,SET_MAG_DIPOLE,128,1,128,1,0,0,0x18010202
1777198819.801,98641,6,4,ADCS,8,SOLAR,2,COMMAND,81,SET_MAG_DIPOLE,128,1,128,1,0,0,0x18010202
1777198820.816,99655,6,4,ADCS,8,SOLAR,2,COMMAND,81,SET_MAG_DIPOLE,128,1,128,1,0,0,0x18010202
1777198821.805,100669,6,4,ADCS,8,SOLAR,2,COMMAND,81,SET_MAG_DIPOLE,128,1,128,1,0,0,0x18010202
1777198822.819,101683,6,4,ADCS,8,SOLAR,2,COMMAND,81,SET_MAG_DIPOLE,128,1,128,1,0,0,0x18010202
1777198823.836,102697,6,4,ADCS,8,SOLAR,2,COMMAND,81,SET_MAG_DIPOLE,128,1,128,1,0,0,0x18010202
1777198824.847,103711,6,4,ADCS,8,SOLAR,2,COMMAND,81,SET_MAG_DIPOLE,128,1,128,1,0,0,0x18010202
1777198825.859,104724,6,4,ADCS,8,SOLAR,2,COMMAND,81,SET_MAG_DIPOLE,128,1,128,1,0,0,0x18010202
1777198826.874,105738,6,4,ADCS,8,SOLAR,2,COMMAND,81,SET_MAG_DIPOLE,128,1,128,1,0,0,0x18010202
1777198827.889,106752,6,4,ADCS,8,SOLAR,2,COMMAND,81,SET_MAG_DIPOLE,128,1,128,1,0,0,0x18010202
1777198828.913,107766,6,4,ADCS,8,SOLAR,2,COMMAND,81,SET_MAG_DIPOLE,128,1,128,1,0,0,0x18010202
1777198829.943,108779,6,4,ADCS,8,SOLAR,2,COMMAND,81,SET_MAG_DIPOLE,128,1,128,1,0,0,0x18010202
1777198830.969,109793,6,4,ADCS,8,SOLAR,2,COMMAND,81,SET_MAG_DIPOLE,128,1,128,1,0,0,0x18010202
1777198831.943,110807,6,4,ADCS,8,SOLAR,2,COMMAND,81,SET_MAG_DIPOLE,128,1,128,1,0,0,0x18010202
1777198832.956,111821,6,4,ADCS,8,SOLAR,2,COMMAND,81,SET_MAG_DIPOLE,128,1,128,1,0,0,0x18010202
1777198833.971,112834,6,4,ADCS,8,SOLAR,2,COMMAND,81,SET_MAG_DIPOLE,128,1,128,1,0,0,0x18010202
1777198834.986,113848,6,4,ADCS,8,SOLAR,2,COMMAND,81,SET_MAG_DIPOLE,128,1,128,1,0,0,0x18010202
1777198835.998,114862,6,4,ADCS,8,SOLAR,2,COMMAND,81,SET_MAG_DIPOLE,128,1,128,1,0,0,0x18010202
1777198837.012,115876,6,4,ADCS,8,SOLAR,2,COMMAND,81,SET_MAG_DIPOLE,128,1,128,1,0,0,0x18010202
1777198838.026,116890,6,4,ADCS,8,SOLAR,2,COMMAND,81,SET_MAG_DIPOLE,128,1,128,1,0,0,0x18010202
1777198839.059,117904,6,4,ADCS,8,SOLAR,2,COMMAND,81,SET_MAG_DIPOLE,128,1,128,1,0,0,0x18010202
1777198840.074,118917,6,4,ADCS,8,SOLAR,2,COMMAND,81,SET_MAG_DIPOLE,128,1,128,1,0,0,0x18010202
1777198841.100,119931,6,4,ADCS,8,SOLAR,2,COMMAND,81,SET_MAG_DIPOLE,128,1,128,1,0,0,0x18010202
1777198842.081,120945,6,4,ADCS,8,SOLAR,2,COMMAND,81,SET_MAG_DIPOLE,128,1,128,1,0,0,0x18010202
1777198843.096,121959,6,4,ADCS,8,SOLAR,2,COMMAND,81,SET_MAG_DIPOLE,128,1,128,1,0,0,0x18010202
1777198844.110,122973,6,4,ADCS,8,SOLAR,2,COMMAND,81,SET_MAG_DIPOLE,128,1,128,1,0,0,0x18010202
1777198845.127,123987,6,4,ADCS,8,SOLAR,2,COMMAND,81,SET_MAG_DIPOLE,128,1,128,1,0,0,0x18010202
1777198846.136,125000,6,4,ADCS,8,SOLAR,2,COMMAND,81,SET_MAG_DIPOLE,128,1,128,1,0,0,0x18010202
1777198847.151,126014,6,4,ADCS,8,SOLAR,2,COMMAND,81,SET_MAG_DIPOLE,128,1,128,1,0,0,0x18010202
1777198848.166,127028,6,4,ADCS,8,SOLAR,2,COMMAND,81,SET_MAG_DIPOLE,128,1,128,1,0,0,0x18010202
1777198849.188,128042,6,4,ADCS,8,SOLAR,2,COMMAND,81,SET_MAG_DIPOLE,128,1,128,1,0,0,0x18010202
1777198850.221,129055,6,4,ADCS,8,SOLAR,2,COMMAND,81,SET_MAG_DIPOLE,128,1,128,1,0,0,0x18010202
1777198851.243,130069,6,4,ADCS,8,SOLAR,2,COMMAND,81,SET_MAG_DIPOLE,128,1,128,1,0,0,0x18010202
1777198852.220,131083,6,4,ADCS,8,SOLAR,2,COMMAND,81,SET_MAG_DIPOLE,128,1,128,1,0,0,0x18010202
1777198853.234,132097,6,4,ADCS,8,SOLAR,2,COMMAND,81,SET_MAG_DIPOLE,128,1,128,1,0,0,0x18010202
1777198854.248,133111,6,4,ADCS,8,SOLAR,2,COMMAND,81,SET_MAG_DIPOLE,128,1,128,1,0,0,0x18010202
1777198855.261,134125,6,4,ADCS,8,SOLAR,2,COMMAND,81,SET_MAG_DIPOLE,128,1,128,1,0,0,0x18010202
1777198856.280,135138,6,4,ADCS,8,SOLAR,2,COMMAND,81,SET_MAG_DIPOLE,128,1,128,1,0,0,0x18010202
1777198857.289,136153,6,4,ADCS,8,SOLAR,2,COMMAND,81,SET_MAG_DIPOLE,128,1,128,1,0,0,0x18010202
1777198858.310,137166,6,4,ADCS,8,SOLAR,2,COMMAND,81,SET_MAG_DIPOLE,128,1,128,1,0,0,0x18010202
1777198859.332,138180,6,4,ADCS,8,SOLAR,2,COMMAND,81,SET_MAG_DIPOLE,128,1,128,1,0,0,0x18010202
1777198860.354,139194,6,4,ADCS,8,SOLAR,2,COMMAND,81,SET_MAG_DIPOLE,128,1,128,1,0,0,0x18010202
1777198861.375,140208,6,4,ADCS,8,SOLAR,2,COMMAND,81,SET_MAG_DIPOLE,128,1,128,1,0,0,0x18010202
1777198862.359,141222,6,4,ADCS,8,SOLAR,2,COMMAND,81,SET_MAG_DIPOLE,128,1,128,1,0,0,0x18010202
1777198863.376,142236,6,4,ADCS,8,SOLAR,2,COMMAND,81,SET_MAG_DIPOLE,128,1,128,1,0,0,0x18010202
1777198864.389,143250,6,4,ADCS,8,SOLAR,2,COMMAND,81,SET_MAG_DIPOLE,128,1,128,1,0,0,0x18010202
1777198865.401,144264,6,4,ADCS,8,SOLAR,2,COMMAND,81,SET_MAG_DIPOLE,128,1,128,1,0,0,0x18010202
1777198866.414,145278,6,4,ADCS,8,SOLAR,2,COMMAND,81,SET_MAG_DIPOLE,128,1,128,1,0,0,0x18010202
1777198867.429,146291,6,4,ADCS,8,SOLAR,2,COMMAND,81,SET_MAG_DIPOLE,128,1,128,1,0,0,0x18010202
1777198868.448,147305,6,4,ADCS,8,SOLAR,2,COMMAND,81,SET_MAG_DIPOLE,128,1,128,1,0,0,0x18010202
1777198869.467,148319,6,4,ADCS,8,SOLAR,2,COMMAND,81,SET_MAG_DIPOLE,128,1,128,1,0,0,0x18010202
1777198870.487,149333,6,4,ADCS,8,SOLAR,2,COMMAND,81,SET_MAG_DIPOLE,128,1,128,1,0,0,0x18010202
1777198871.510,150347,6,4,ADCS,8,SOLAR,2,COMMAND,81,SET_MAG_DIPOLE,128,1,128,1,0,0,0x18010202
1777198872.497,151361,6,4,ADCS,8,SOLAR,2,COMMAND,81,SET_MAG_DIPOLE,128,1,128,1,0,0,0x18010202
1777198873.511,152375,6,4,ADCS,8,SOLAR,2,COMMAND,81,SET_MAG_DIPOLE,128,1,128,1,0,0,0x18010202
1777198874.525,153388,6,4,ADCS,8,SOLAR,2,COMMAND,81,SET_MAG_DIPOLE,128,1,128,1,0,0,0x18010202
1777198875.540,154402,6,4,ADCS,8,SOLAR,2,COMMAND,81,SET_MAG_DIPOLE,128,1,128,1,0,0,0x18010202
1777198876.553,155416,6,4,ADCS,8,SOLAR,2,COMMAND,81,SET_MAG_DIPOLE,128,1,128,1,0,0,0x18010202
1777198877.568,156430,6,4,ADCS,8,SOLAR,2,COMMAND,81,SET_MAG_DIPOLE,128,1,128,1,0,0,0x18010202
1777198878.585,157444,6,4,ADCS,8,SOLAR,2,COMMAND,81,SET_MAG_DIPOLE,128,1,128,1,0,0,0x18010202
1777198879.601,158457,6,4,ADCS,8,SOLAR,2,COMMAND,81,SET_MAG_DIPOLE,128,1,128,1,0,0,0x18010202
1777198880.673,159534,6,4,ADCS,8,SOLAR,2,COMMAND,81,SET_MAG_DIPOLE,128,1,128,1,0,0,0x18010202
1777198881.673,160535,6,4,ADCS,8,SOLAR,2,COMMAND,81,SET_MAG_DIPOLE,128,1,128,1,0,0,0x18010202
1777198882.685,161536,6,4,ADCS,8,SOLAR,2,COMMAND,81,SET_MAG_DIPOLE,128,1,128,1,0,0,0x18010202
1777198883.707,162537,6,4,ADCS,8,SOLAR,2,COMMAND,81,SET_MAG_DIPOLE,128,1,128,1,0,0,0x18010202
1777198884.729,163559,6,4,ADCS,8,SOLAR,2,COMMAND,81,SET_MAG_DIPOLE,128,1,128,1,0,0,0x18010202
1777198885.746,164601,6,4,ADCS,8,SOLAR,2,COMMAND,81,SET_MAG_DIPOLE,128,1,128,1,0,0,0x18010202
1777198886.778,165602,6,4,ADCS,8,SOLAR,2,COMMAND,81,SET_MAG_DIPOLE,128,1,128,1,0,0,0x18010202
1777198887.832,166693,6,4,ADCS,8,SOLAR,2,COMMAND,81,SET_MAG_DIPOLE,128,1,128,1,0,0,0x18010202
1777198888.863,167722,6,4,ADCS,8,SOLAR,2,COMMAND,81,SET_MAG_DIPOLE,128,1,128,1,0,0,0x18010202
1777198889.874,168736,6,4,ADCS,8,SOLAR,2,COMMAND,81,SET_MAG_DIPOLE,128,1,128,1,0,0,0x18010202
1777198890.888,169750,6,4,ADCS,8,SOLAR,2,COMMAND,81,SET_MAG_DIPOLE,128,1,128,1,0,0,0x18010202
1777198891.902,170764,6,4,ADCS,8,SOLAR,2,COMMAND,81,SET_MAG_DIPOLE,128,1,128,1,0,0,0x18010202
1777198892.921,171778,6,4,ADCS,8,SOLAR,2,COMMAND,81,SET_MAG_DIPOLE,128,1,128,1,0,0,0x18010202
1777198893.966,172792,6,4,ADCS,8,SOLAR,2,COMMAND,81,SET_MAG_DIPOLE,128,1,128,1,0,0,0x18010202
1777198894.971,173806,6,4,ADCS,8,SOLAR,2,COMMAND,81,SET_MAG_DIPOLE,128,1,128,1,0,0,0x18010202
1777198895.991,174820,6,4,ADCS,8,SOLAR,2,COMMAND,81,SET_MAG_DIPOLE,128,1,128,1,0,0,0x18010202
1777198896.972,175834,6,4,ADCS,8,SOLAR,2,COMMAND,81,SET_MAG_DIPOLE,128,1,128,1,0,0,0x18010202
1777198906.968,5294,6,4,ADCS,8,SOLAR,2,COMMAND,81,SET_MAG_DIPOLE,128,1,128,1,0,0,0x18010202
1777198908.073,6375,6,4,ADCS,8,SOLAR,2,COMMAND,81,SET_MAG_DIPOLE,128,1,128,1,0,0,0x18010202
1777198909.059,7385,6,4,ADCS,8,SOLAR,2,COMMAND,81,SET_MAG_DIPOLE,128,1,128,1,0,0,0x18010202
1777198910.156,8483,6,4,ADCS,8,SOLAR,2,COMMAND,81,SET_MAG_DIPOLE,128,1,128,1,0,0,0x18010202
1777198911.253,9564,6,4,ADCS,8,SOLAR,2,COMMAND,81,SET_MAG_DIPOLE,128,1,128,1,0,0,0x18010202
1777198912.277,10577,6,4,ADCS,8,SOLAR,2,COMMAND,81,SET_MAG_DIPOLE,128,1,128,1,0,0,0x18010202
1777198913.289,11604,6,4,ADCS,8,SOLAR,2,COMMAND,81,SET_MAG_DIPOLE,128,1,128,1,0,0,0x18010202
1777198914.279,12605,6,4,ADCS,8,SOLAR,2,COMMAND,81,SET_MAG_DIPOLE,128,1,128,1,0,0,0x18010202
1777198915.280,13606,6,4,ADCS,8,SOLAR,2,COMMAND,81,SET_MAG_DIPOLE,128,1,128,1,0,0,0x18010202
1777198916.281,14607,6,4,ADCS,8,SOLAR,2,COMMAND,81,SET_MAG_DIPOLE,128,1,128,1,0,0,0x18010202
1777198917.303,15629,6,4,ADCS,8,SOLAR,2,COMMAND,81,SET_MAG_DIPOLE,128,1,128,1,0,0,0x18010202
1777198918.344,16671,6,4,ADCS,8,SOLAR,2,COMMAND,81,SET_MAG_DIPOLE,128,1,128,1,0,0,0x18010202
1777198919.403,17713,6,4,ADCS,8,SOLAR,2,COMMAND,81,SET_MAG_DIPOLE,128,1,128,1,0,0,0x18010202
1777198920.460,18755,6,4,ADCS,8,SOLAR,2,COMMAND,81,SET_MAG_DIPOLE,128,1,128,1,0,0,0x18010202
1777198921.436,19756,6,4,ADCS,8,SOLAR,2,COMMAND,81,SET_MAG_DIPOLE,128,1,128,1,0,0,0x18010202
1777198922.472,20798,6,4,ADCS,8,SOLAR,2,COMMAND,81,SET_MAG_DIPOLE,128,1,128,1,0,0,0x18010202
1777198923.542,21827,6,4,ADCS,8,SOLAR,2,COMMAND,81,SET_MAG_DIPOLE,128,1,128,1,0,0,0x18010202
1777198924.515,22841,6,4,ADCS,8,SOLAR,2,COMMAND,81,SET_MAG_DIPOLE,128,1,128,1,0,0,0x18010202
1777198925.530,23855,6,4,ADCS,8,SOLAR,2,COMMAND,81,SET_MAG_DIPOLE,128,1,128,1,0,0,0x18010202
1777198934.286,5294,6,4,ADCS,8,SOLAR,2,COMMAND,81,SET_MAG_DIPOLE,128,1,128,1,0,0,0x18010202
1777198935.335,6375,6,4,ADCS,8,SOLAR,2,COMMAND,81,SET_MAG_DIPOLE,128,1,128,1,0,0,0x18010202
1777198936.347,7386,6,4,ADCS,8,SOLAR,2,COMMAND,81,SET_MAG_DIPOLE,128,1,128,1,0,0,0x18010202
1777198937.465,8484,6,4,ADCS,8,SOLAR,2,COMMAND,81,SET_MAG_DIPOLE,128,1,128,1,0,0,0x18010202
1777198938.525,9565,6,4,ADCS,8,SOLAR,2,COMMAND,81,SET_MAG_DIPOLE,128,1,128,1,0,0,0x18010202
1777198939.539,10579,6,4,ADCS,8,SOLAR,2,COMMAND,81,SET_MAG_DIPOLE,128,1,128,1,0,0,0x18010202
1777198940.553,11593,6,4,ADCS,8,SOLAR,2,COMMAND,81,SET_MAG_DIPOLE,128,1,128,1,0,0,0x18010202
1777198941.567,12607,6,4,ADCS,8,SOLAR,2,COMMAND,81,SET_MAG_DIPOLE,128,1,128,1,0,0,0x18010202
1777198942.584,13621,6,4,ADCS,8,SOLAR,2,COMMAND,81,SET_MAG_DIPOLE,128,1,128,1,0,0,0x18010202
1777198943.609,14635,6,4,ADCS,8,SOLAR,2,COMMAND,81,SET_MAG_DIPOLE,128,1,128,1,0,0,0x18010202
1777198944.636,15649,6,4,ADCS,8,SOLAR,2,COMMAND,81,SET_MAG_DIPOLE,128,1,128,1,0,0,0x18010202
1777198945.658,16663,6,4,ADCS,8,SOLAR,2,COMMAND,81,SET_MAG_DIPOLE,128,1,128,1,0,0,0x18010202
1777198946.638,17677,6,4,ADCS,8,SOLAR,2,COMMAND,81,SET_MAG_DIPOLE,128,1,128,1,0,0,0x18010202
1777198947.652,18691,6,4,ADCS,8,SOLAR,2,COMMAND,81,SET_MAG_DIPOLE,128,1,128,1,0,0,0x18010202
1777198948.666,19705,6,4,ADCS,8,SOLAR,2,COMMAND,81,SET_MAG_DIPOLE,128,1,128,1,0,0,0x18010202
1777198949.679,20719,6,4,ADCS,8,SOLAR,2,COMMAND,81,SET_MAG_DIPOLE,128,1,128,1,0,0,0x18010202
1777198950.694,21733,6,4,ADCS,8,SOLAR,2,COMMAND,81,SET_MAG_DIPOLE,128,1,128,1,0,0,0x18010202
1777198951.708,22747,6,4,ADCS,8,SOLAR,2,COMMAND,81,SET_MAG_DIPOLE,128,1,128,1,0,0,0x18010202
1777198952.739,23761,6,4,ADCS,8,SOLAR,2,COMMAND,81,SET_MAG_DIPOLE,128,1,128,1,0,0,0x18010202
1777198953.745,24775,6,4,ADCS,8,SOLAR,2,COMMAND,81,SET_MAG_DIPOLE,128,1,128,1,0,0,0x18010202
1777198954.765,25790,6,4,ADCS,8,SOLAR,2,COMMAND,81,SET_MAG_DIPOLE,128,1,128,1,0,0,0x18010202
1777198955.790,26804,6,4,ADCS,8,SOLAR,2,COMMAND,81,SET_MAG_DIPOLE,128,1,128,1,0,0,0x18010202
1777198956.777,27818,6,4,ADCS,8,SOLAR,2,COMMAND,81,SET_MAG_DIPOLE,128,1,128,1,0,0,0x18010202
1777198957.795,28832,6,4,ADCS,8,SOLAR,2,COMMAND,81,SET_MAG_DIPOLE,128,1,128,1,0,0,0x18010202
1777198958.806,29846,6,4,ADCS,8,SOLAR,2,COMMAND,81,SET_MAG_DIPOLE,128,1,128,1,0,0,0x18010202
1777198959.820,30860,6,4,ADCS,8,SOLAR,2,COMMAND,81,SET_MAG_DIPOLE,128,1,128,1,0,0,0x18010202
1777198960.834,31874,6,4,ADCS,8,SOLAR,2,COMMAND,81,SET_MAG_DIPOLE,128,1,128,1,0,0,0x18010202
1777198961.848,32888,6,4,ADCS,8,SOLAR,2,COMMAND,81,SET_MAG_DIPOLE,128,1,128,1,0,0,0x18010202
1777198962.863,33902,6,4,ADCS,8,SOLAR,2,COMMAND,81,SET_MAG_DIPOLE,128,1,128,1,0,0,0x18010202
1777198963.883,34916,6,4,ADCS,8,SOLAR,2,COMMAND,81,SET_MAG_DIPOLE,128,1,128,1,0,0,0x18010202
1777198964.911,35930,6,4,ADCS,8,SOLAR,2,COMMAND,81,SET_MAG_DIPOLE,128,1,128,1,0,0,0x18010202
1777198965.935,36944,6,4,ADCS,8,SOLAR,2,COMMAND,81,SET_MAG_DIPOLE,128,1,128,1,0,0,0x18010202
1777198966.953,37958,6,4,ADCS,8,SOLAR,2,COMMAND,81,SET_MAG_DIPOLE,128,1,128,1,0,0,0x18010202
1777198967.932,38972,6,4,ADCS,8,SOLAR,2,COMMAND,81,SET_MAG_DIPOLE,128,1,128,1,0,0,0x18010202
1777198968.946,39986,6,4,ADCS,8,SOLAR,2,COMMAND,81,SET_MAG_DIPOLE,128,1,128,1,0,0,0x18010202
1777198969.961,40999,6,4,ADCS,8,SOLAR,2,COMMAND,81,SET_MAG_DIPOLE,128,1,128,1,0,0,0x18010202
1777198970.974,42014,6,4,ADCS,8,SOLAR,2,COMMAND,81,SET_MAG_DIPOLE,128,1,128,1,0,0,0x18010202
1777198971.990,43028,6,4,ADCS,8,SOLAR,2,COMMAND,81,SET_MAG_DIPOLE,128,1,128,1,0,0,0x18010202
1777198973.003,44042,6,4,ADCS,8,SOLAR,2,COMMAND,81,SET_MAG_DIPOLE,128,1,128,1,0,0,0x18010202
1777198974.018,45056,6,4,ADCS,8,SOLAR,2,COMMAND,81,SET_MAG_DIPOLE,128,1,128,1,0,0,0x18010202
1777198975.037,46070,6,4,ADCS,8,SOLAR,2,COMMAND,81,SET_MAG_DIPOLE,128,1,128,1,0,0,0x18010202
1777198976.074,47084,6,4,ADCS,8,SOLAR,2,COMMAND,81,SET_MAG_DIPOLE,128,1,128,1,0,0,0x18010202
1777198977.089,48098,6,4,ADCS,8,SOLAR,2,COMMAND,81,SET_MAG_DIPOLE,128,1,128,1,0,0,0x18010202
1777198978.073,49112,6,4,ADCS,8,SOLAR,2,COMMAND,81,SET_MAG_DIPOLE,128,1,128,1,0,0,0x18010202
1777198979.086,50126,6,4,ADCS,8,SOLAR,2,COMMAND,81,SET_MAG_DIPOLE,128,1,128,1,0,0,0x18010202
1777198980.101,51140,6,4,ADCS,8,SOLAR,2,COMMAND,81,SET_MAG_DIPOLE,128,1,128,1,0,0,0x18010202
1777198981.114,52154,6,4,ADCS,8,SOLAR,2,COMMAND,81,SET_MAG_DIPOLE,128,1,128,1,0,0,0x18010202
1777198982.129,53168,6,4,ADCS,8,SOLAR,2,COMMAND,81,SET_MAG_DIPOLE,128,1,128,1,0,0,0x18010202
1777198983.143,54182,6,4,ADCS,8,SOLAR,2,COMMAND,81,SET_MAG_DIPOLE,128,1,128,1,0,0,0x18010202
1777198984.166,55196,6,4,ADCS,8,SOLAR,2,COMMAND,81,SET_MAG_DIPOLE,128,1,128,1,0,0,0x18010202
1777198985.187,56210,6,4,ADCS,8,SOLAR,2,COMMAND,81,SET_MAG_DIPOLE,128,1,128,1,0,0,0x18010202
1777198986.211,57224,6,4,ADCS,8,SOLAR,2,COMMAND,81,SET_MAG_DIPOLE,128,1,128,1,0,0,0x18010202
1777198987.229,58238,6,4,ADCS,8,SOLAR,2,COMMAND,81,SET_MAG_DIPOLE,128,1,128,1,0,0,0x18010202
1777198988.212,59252,6,4,ADCS,8,SOLAR,2,COMMAND,81,SET_MAG_DIPOLE,128,1,128,1,0,0,0x18010202
1777198989.226,60266,6,4,ADCS,8,SOLAR,2,COMMAND,81,SET_MAG_DIPOLE,128,1,128,1,0,0,0x18010202
1777198990.241,61280,6,4,ADCS,8,SOLAR,2,COMMAND,81,SET_MAG_DIPOLE,128,1,128,1,0,0,0x18010202
1777198991.255,62294,6,4,ADCS,8,SOLAR,2,COMMAND,81,SET_MAG_DIPOLE,128,1,128,1,0,0,0x18010202
1777198992.269,63308,6,4,ADCS,8,SOLAR,2,COMMAND,81,SET_MAG_DIPOLE,128,1,128,1,0,0,0x18010202
1777198993.283,64322,6,4,ADCS,8,SOLAR,2,COMMAND,81,SET_MAG_DIPOLE,128,1,128,1,0,0,0x18010202
1777198994.298,65336,6,4,ADCS,8,SOLAR,2,COMMAND,81,SET_MAG_DIPOLE,128,1,128,1,0,0,0x18010202
1777198995.326,66350,6,4,ADCS,8,SOLAR,2,COMMAND,81,SET_MAG_DIPOLE,128,1,128,1,0,0,0x18010202
1777198996.351,67363,6,4,ADCS,8,SOLAR,2,COMMAND,81,SET_MAG_DIPOLE,128,1,128,1,0,0,0x18010202
1777198997.373,68378,6,4,ADCS,8,SOLAR,2,COMMAND,81,SET_MAG_DIPOLE,128,1,128,1,0,0,0x18010202
1777198998.353,69392,6,4,ADCS,8,SOLAR,2,COMMAND,81,SET_MAG_DIPOLE,128,1,128,1,0,0,0x18010202
1777198999.367,70405,6,4,ADCS,8,SOLAR,2,COMMAND,81,SET_MAG_DIPOLE,128,1,128,1,0,0,0x18010202
1777199000.380,71419,6,4,ADCS,8,SOLAR,2,COMMAND,81,SET_MAG_DIPOLE,128,1,128,1,0,0,0x18010202
1777199001.394,72434,6,4,ADCS,8,SOLAR,2,COMMAND,81,SET_MAG_DIPOLE,128,1,128,1,0,0,0x18010202
1777199002.408,73447,6,4,ADCS,8,SOLAR,2,COMMAND,81,SET_MAG_DIPOLE,128,1,128,1,0,0,0x18010202
1777199003.422,74461,6,4,ADCS,8,SOLAR,2,COMMAND,81,SET_MAG_DIPOLE,128,1,128,1,0,0,0x18010202
1777199004.436,75475,6,4,ADCS,8,SOLAR,2,COMMAND,81,SET_MAG_DIPOLE,128,1,128,1,0,0,0x18010202
1777199005.463,76489,6,4,ADCS,8,SOLAR,2,COMMAND,81,SET_MAG_DIPOLE,128,1,128,1,0,0,0x18010202
1777199006.489,77503,6,4,ADCS,8,SOLAR,2,COMMAND,81,SET_MAG_DIPOLE,128,1,128,1,0,0,0x18010202
1777199007.505,78517,6,4,ADCS,8,SOLAR,2,COMMAND,81,SET_MAG_DIPOLE,128,1,128,1,0,0,0x18010202
1777199008.492,79531,6,4,ADCS,8,SOLAR,2,COMMAND,81,SET_MAG_DIPOLE,128,1,128,1,0,0,0x18010202
1777199009.507,80545,6,4,ADCS,8,SOLAR,2,COMMAND,81,SET_MAG_DIPOLE,128,1,128,1,0,0,0x18010202
1777199010.520,81559,6,4,ADCS,8,SOLAR,2,COMMAND,81,SET_MAG_DIPOLE,128,1,128,1,0,0,0x18010202
1777199011.534,82573,6,4,ADCS,8,SOLAR,2,COMMAND,81,SET_MAG_DIPOLE,128,1,128,1,0,0,0x18010202
1777199012.549,83587,6,4,ADCS,8,SOLAR,2,COMMAND,81,SET_MAG_DIPOLE,128,1,128,1,0,0,0x18010202
1777199013.562,84601,6,4,ADCS,8,SOLAR,2,COMMAND,81,SET_MAG_DIPOLE,128,1,128,1,0,0,0x18010202
1777199014.576,85615,6,4,ADCS,8,SOLAR,2,COMMAND,81,SET_MAG_DIPOLE,128,1,128,1,0,0,0x18010202
1777199015.604,86629,6,4,ADCS,8,SOLAR,2,COMMAND,81,SET_MAG_DIPOLE,128,1,128,1,0,0,0x18010202
1777199016.618,87642,6,4,ADCS,8,SOLAR,2,COMMAND,81,SET_MAG_DIPOLE,128,1,128,1,0,0,0x18010202
1777199017.644,88656,6,4,ADCS,8,SOLAR,2,COMMAND,81,SET_MAG_DIPOLE,128,1,128,1,0,0,0x18010202
1777199018.668,89670,6,4,ADCS,8,SOLAR,2,COMMAND,81,SET_MAG_DIPOLE,128,1,128,1,0,0,0x18010202
1777199019.660,90684,6,4,ADCS,8,SOLAR,2,COMMAND,81,SET_MAG_DIPOLE,128,1,128,1,0,0,0x18010202
1777199020.660,91698,6,4,ADCS,8,SOLAR,2,COMMAND,81,SET_MAG_DIPOLE,128,1,128,1,0,0,0x18010202
1777199021.675,92712,6,4,ADCS,8,SOLAR,2,COMMAND,81,SET_MAG_DIPOLE,128,1,128,1,0,0,0x18010202
1777199022.687,93726,6,4,ADCS,8,SOLAR,2,COMMAND,81,SET_MAG_DIPOLE,128,1,128,1,0,0,0x18010202
1777199023.701,94740,6,4,ADCS,8,SOLAR,2,COMMAND,81,SET_MAG_DIPOLE,128,1,128,1,0,0,0x18010202
1777199024.715,95754,6,4,ADCS,8,SOLAR,2,COMMAND,81,SET_MAG_DIPOLE,128,1,128,1,0,0,0x18010202
1777199025.739,96767,6,4,ADCS,8,SOLAR,2,COMMAND,81,SET_MAG_DIPOLE,128,1,128,1,0,0,0x18010202
1777199026.764,97781,6,4,ADCS,8,SOLAR,2,COMMAND,81,SET_MAG_DIPOLE,128,1,128,1,0,0,0x18010202
1777199027.783,98795,6,4,ADCS,8,SOLAR,2,COMMAND,81,SET_MAG_DIPOLE,128,1,128,1,0,0,0x18010202
1777199028.802,99809,6,4,ADCS,8,SOLAR,2,COMMAND,81,SET_MAG_DIPOLE,128,1,128,1,0,0,0x18010202
1777199029.794,100823,6,4,ADCS,8,SOLAR,2,COMMAND,81,SET_MAG_DIPOLE,128,1,128,1,0,0,0x18010202
1777199030.799,101837,6,4,ADCS,8,SOLAR,2,COMMAND,81,SET_MAG_DIPOLE,128,1,128,1,0,0,0x18010202
1777199031.812,102851,6,4,ADCS,8,SOLAR,2,COMMAND,81,SET_MAG_DIPOLE,128,1,128,1,0,0,0x18010202
1777199032.826,103865,6,4,ADCS,8,SOLAR,2,COMMAND,81,SET_MAG_DIPOLE,128,1,128,1,0,0,0x18010202
1777199033.826,104879,6,4,ADCS,8,SOLAR,2,COMMAND,81,SET_MAG_DIPOLE,128,1,128,1,0,0,0x18010202
1777199034.855,105893,6,4,ADCS,8,SOLAR,2,COMMAND,81,SET_MAG_DIPOLE,128,1,128,1,0,0,0x18010202
1777199035.871,106907,6,4,ADCS,8,SOLAR,2,COMMAND,81,SET_MAG_DIPOLE,128,1,128,1,0,0,0x18010202
1777199036.890,107921,6,4,ADCS,8,SOLAR,2,COMMAND,81,SET_MAG_DIPOLE,128,1,128,1,0,0,0x18010202
1777199037.925,108935,6,4,ADCS,8,SOLAR,2,COMMAND,81,SET_MAG_DIPOLE,128,1,128,1,0,0,0x18010202
1777199038.939,109949,6,4,ADCS,8,SOLAR,2,COMMAND,81,SET_MAG_DIPOLE,128,1,128,1,0,0,0x18010202
1777199039.924,110963,6,4,ADCS,8,SOLAR,2,COMMAND,81,SET_MAG_DIPOLE,128,1,128,1,0,0,0x18010202
1777199040.940,111977,6,4,ADCS,8,SOLAR,2,COMMAND,81,SET_MAG_DIPOLE,128,1,128,1,0,0,0x18010202
1777199041.966,113004,6,4,ADCS,8,SOLAR,2,COMMAND,81,SET_MAG_DIPOLE,128,1,128,1,0,0,0x18010202
1777199042.967,114005,6,4,ADCS,8,SOLAR,2,COMMAND,81,SET_MAG_DIPOLE,128,1,128,1,0,0,0x18010202
1777199043.968,115006,6,4,ADCS,8,SOLAR,2,COMMAND,81,SET_MAG_DIPOLE,128,1,128,1,0,0,0x18010202
1777199044.990,116007,6,4,ADCS,8,SOLAR,2,COMMAND,81,SET_MAG_DIPOLE,128,1,128,1,0,0,0x18010202
1777199046.006,117029,6,4,ADCS,8,SOLAR,2,COMMAND,81,SET_MAG_DIPOLE,128,1,128,1,0,0,0x18010202
1777199047.035,118071,6,4,ADCS,8,SOLAR,2,COMMAND,81,SET_MAG_DIPOLE,128,1,128,1,0,0,0x18010202
1777199048.075,119113,6,4,ADCS,8,SOLAR,2,COMMAND,81,SET_MAG_DIPOLE,128,1,128,1,0,0,0x18010202
1777199049.116,120155,6,4,ADCS,8,SOLAR,2,COMMAND,81,SET_MAG_DIPOLE,128,1,128,1,0,0,0x18010202
1777199050.159,121197,6,4,ADCS,8,SOLAR,2,COMMAND,81,SET_MAG_DIPOLE,128,1,128,1,0,0,0x18010202
1777199051.238,122239,6,4,ADCS,8,SOLAR,2,COMMAND,81,SET_MAG_DIPOLE,128,1,128,1,0,0,0x18010202
1777199052.253,123281,6,4,ADCS,8,SOLAR,2,COMMAND,81,SET_MAG_DIPOLE,128,1,128,1,0,0,0x18010202
1777199053.285,124323,6,4,ADCS,8,SOLAR,2,COMMAND,81,SET_MAG_DIPOLE,128,1,128,1,0,0,0x18010202
1777199054.327,125365,6,4,ADCS,8,SOLAR,2,COMMAND,81,SET_MAG_DIPOLE,128,1,128,1,0,0,0x18010202
1777199055.371,126407,6,4,ADCS,8,SOLAR,2,COMMAND,81,SET_MAG_DIPOLE,128,1,128,1,0,0,0x18010202
1777199056.412,127449,6,4,ADCS,8,SOLAR,2,COMMAND,81,SET_MAG_DIPOLE,128,1,128,1,0,0,0x18010202
1777199057.496,128491,6,4,ADCS,8,SOLAR,2,COMMAND,81,SET_MAG_DIPOLE,128,1,128,1,0,0,0x18010202
1777199058.509,129533,6,4,ADCS,8,SOLAR,2,COMMAND,81,SET_MAG_DIPOLE,128,1,128,1,0,0,0x18010202
1777199059.537,130575,6,4,ADCS,8,SOLAR,2,COMMAND,81,SET_MAG_DIPOLE,128,1,128,1,0,0,0x18010202
1777199060.579,131617,6,4,ADCS,8,SOLAR,2,COMMAND,81,SET_MAG_DIPOLE,128,1,128,1,0,0,0x18010202
1777199061.621,132659,6,4,ADCS,8,SOLAR,2,COMMAND,81,SET_MAG_DIPOLE,128,1,128,1,0,0,0x18010202
1777199062.662,133701,6,4,ADCS,8,SOLAR,2,COMMAND,81,SET_MAG_DIPOLE,128,1,128,1,0,0,0x18010202
1777199063.734,134743,6,4,ADCS,8,SOLAR,2,COMMAND,81,SET_MAG_DIPOLE,128,1,128,1,0,0,0x18010202
1777199064.753,135785,6,4,ADCS,8,SOLAR,2,COMMAND,81,SET_MAG_DIPOLE,128,1,128,1,0,0,0x18010202
1777199065.789,136827,6,4,ADCS,8,SOLAR,2,COMMAND,81,SET_MAG_DIPOLE,128,1,128,1,0,0,0x18010202
1777199066.832,137869,6,4,ADCS,8,SOLAR,2,COMMAND,81,SET_MAG_DIPOLE,128,1,128,1,0,0,0x18010202
1777199067.873,138911,6,4,ADCS,8,SOLAR,2,COMMAND,81,SET_MAG_DIPOLE,128,1,128,1,0,0,0x18010202
1777199068.945,139953,6,4,ADCS,8,SOLAR,2,COMMAND,81,SET_MAG_DIPOLE,128,1,128,1,0,0,0x18010202
1777199069.967,140995,6,4,ADCS,8,SOLAR,2,COMMAND,81,SET_MAG_DIPOLE,128,1,128,1,0,0,0x18010202
1777199070.999,142037,6,4,ADCS,8,SOLAR,2,COMMAND,81,SET_MAG_DIPOLE,128,1,128,1,0,0,0x18010202
1777199072.041,143079,6,4,ADCS,8,SOLAR,2,COMMAND,81,SET_MAG_DIPOLE,128,1,128,1,0,0,0x18010202
1777199073.083,144121,6,4,ADCS,8,SOLAR,2,COMMAND,81,SET_MAG_DIPOLE,128,1,128,1,0,0,0x18010202
1777199074.129,145163,6,4,ADCS,8,SOLAR,2,COMMAND,81,SET_MAG_DIPOLE,128,1,128,1,0,0,0x18010202
1777199075.209,146205,6,4,ADCS,8,SOLAR,2,COMMAND,81,SET_MAG_DIPOLE,128,1,128,1,0,0,0x18010202
1777199076.223,147247,6,4,ADCS,8,SOLAR,2,COMMAND,81,SET_MAG_DIPOLE,128,1,128,1,0,0,0x18010202
1777199077.251,148289,6,4,ADCS,8,SOLAR,2,COMMAND,81,SET_MAG_DIPOLE,128,1,128,1,0,0,0x18010202
1777199078.293,149331,6,4,ADCS,8,SOLAR,2,COMMAND,81,SET_MAG_DIPOLE,128,1,128,1,0,0,0x18010202
1777199079.336,150373,6,4,ADCS,8,SOLAR,2,COMMAND,81,SET_MAG_DIPOLE,128,1,128,1,0,0,0x18010202
1777199080.378,151415,6,4,ADCS,8,SOLAR,2,COMMAND,81,SET_MAG_DIPOLE,128,1,128,1,0,0,0x18010202
1777199081.445,152457,6,4,ADCS,8,SOLAR,2,COMMAND,81,SET_MAG_DIPOLE,128,1,128,1,0,0,0x18010202
1777199082.468,153499,6,4,ADCS,8,SOLAR,2,COMMAND,81,SET_MAG_DIPOLE,128,1,128,1,0,0,0x18010202
1777199083.504,154541,6,4,ADCS,8,SOLAR,2,COMMAND,81,SET_MAG_DIPOLE,128,1,128,1,0,0,0x18010202
1777199084.546,155583,6,4,ADCS,8,SOLAR,2,COMMAND,81,SET_MAG_DIPOLE,128,1,128,1,0,0,0x18010202
1777199085.577,156625,6,4,ADCS,8,SOLAR,2,COMMAND,81,SET_MAG_DIPOLE,128,1,128,1,0,0,0x18010202
1777199086.658,157667,6,4,ADCS,8,SOLAR,2,COMMAND,81,SET_MAG_DIPOLE,128,1,128,1,0,0,0x18010202
1777199087.685,158709,6,4,ADCS,8,SOLAR,2,COMMAND,81,SET_MAG_DIPOLE,128,1,128,1,0,0,0x18010202
1777199088.717,159751,6,4,ADCS,8,SOLAR,2,COMMAND,81,SET_MAG_DIPOLE,128,1,128,1,0,0,0x18010202
1777199089.756,160793,6,4,ADCS,8,SOLAR,2,COMMAND,81,SET_MAG_DIPOLE,128,1,128,1,0,0,0x18010202
1777199090.798,161835,6,4,ADCS,8,SOLAR,2,COMMAND,81,SET_MAG_DIPOLE,128,1,128,1,0,0,0x18010202
1777199091.839,162877,6,4,ADCS,8,SOLAR,2,COMMAND,81,SET_MAG_DIPOLE,128,1,128,1,0,0,0x18010202
1777199092.914,163919,6,4,ADCS,8,SOLAR,2,COMMAND,81,SET_MAG_DIPOLE,128,1,128,1,0,0,0x18010202
1777199093.937,164961,6,4,ADCS,8,SOLAR,2,COMMAND,81,SET_MAG_DIPOLE,128,1,128,1,0,0,0x18010202
1777199094.966,166003,6,4,ADCS,8,SOLAR,2,COMMAND,81,SET_MAG_DIPOLE,128,1,128,1,0,0,0x18010202
1777199096.007,167045,6,4,ADCS,8,SOLAR,2,COMMAND,81,SET_MAG_DIPOLE,128,1,128,1,0,0,0x18010202
1777199097.049,168087,6,4,ADCS,8,SOLAR,2,COMMAND,81,SET_MAG_DIPOLE,128,1,128,1,0,0,0x18010202
1777199098.092,169129,6,4,ADCS,8,SOLAR,2,COMMAND,81,SET_MAG_DIPOLE,128,1,128,1,0,0,0x18010202
1777199099.157,170171,6,4,ADCS,8,SOLAR,2,COMMAND,81,SET_MAG_DIPOLE,128,1,128,1,0,0,0x18010202
1777199100.185,171213,6,4,ADCS,8,SOLAR,2,COMMAND,81,SET_MAG_DIPOLE,128,1,128,1,0,0,0x18010202
1777199101.218,172255,6,4,ADCS,8,SOLAR,2,COMMAND,81,SET_MAG_DIPOLE,128,1,128,1,0,0,0x18010202
1777199102.260,173297,6,4,ADCS,8,SOLAR,2,COMMAND,81,SET_MAG_DIPOLE,128,1,128,1,0,0,0x18010202
1777199103.302,174339,6,4,ADCS,8,SOLAR,2,COMMAND,81,SET_MAG_DIPOLE,128,1,128,1,0,0,0x18010202
1777199104.384,175381,6,4,ADCS,8,SOLAR,2,COMMAND,81,SET_MAG_DIPOLE,128,1,128,1,0,0,0x18010202
1777199105.404,176423,6,4,ADCS,8,SOLAR,2,COMMAND,81,SET_MAG_DIPOLE,128,1,128,1,0,0,0x18010202
1777199106.428,177465,6,4,ADCS,8,SOLAR,2,COMMAND,81,SET_MAG_DIPOLE,128,1,128,1,0,0,0x18010202
1777199107.471,178507,6,4,ADCS,8,SOLAR,2,COMMAND,81,SET_MAG_DIPOLE,128,1,128,1,0,0,0x18010202
1777199108.512,179549,6,4,ADCS,8,SOLAR,2,COMMAND,81,SET_MAG_DIPOLE,128,1,128,1,0,0,0x18010202
1777199109.554,180591,6,4,ADCS,8,SOLAR,2,COMMAND,81,SET_MAG_DIPOLE,128,1,128,1,0,0,0x18010202
1777199110.628,181633,6,4,ADCS,8,SOLAR,2,COMMAND,81,SET_MAG_DIPOLE,128,1,128,1,0,0,0x18010202
1777199111.666,182675,6,4,ADCS,8,SOLAR,2,COMMAND,81,SET_MAG_DIPOLE,128,1,128,1,0,0,0x18010202
1777199112.680,183717,6,4,ADCS,8,SOLAR,2,COMMAND,81,SET_MAG_DIPOLE,128,1,128,1,0,0,0x18010202
1777199113.722,184759,6,4,ADCS,8,SOLAR,2,COMMAND,81,SET_MAG_DIPOLE,128,1,128,1,0,0,0x18010202
1777199114.764,185801,6,4,ADCS,8,SOLAR,2,COMMAND,81,SET_MAG_DIPOLE,128,1,128,1,0,0,0x18010202
1777199115.806,186843,6,4,ADCS,8,SOLAR,2,COMMAND,81,SET_MAG_DIPOLE,128,1,128,1,0,0,0x18010202
1777199116.873,187885,6,4,ADCS,8,SOLAR,2,COMMAND,81,SET_MAG_DIPOLE,128,1,128,1,0,0,0x18010202
1777199117.894,188927,6,4,ADCS,8,SOLAR,2,COMMAND,81,SET_MAG_DIPOLE,128,1,128,1,0,0,0x18010202
1777199118.932,189969,6,4,ADCS,8,SOLAR,2,COMMAND,81,SET_MAG_DIPOLE,128,1,128,1,0,0,0x18010202
1777199119.984,191011,6,4,ADCS,8,SOLAR,2,COMMAND,81,SET_MAG_DIPOLE,128,1,128,1,0,0,0x18010202
1777199121.016,192053,6,4,ADCS,8,SOLAR,2,COMMAND,81,SET_MAG_DIPOLE,128,1,128,1,0,0,0x18010202
1777199122.058,193095,6,4,ADCS,8,SOLAR,2,COMMAND,81,SET_MAG_DIPOLE,128,1,128,1,0,0,0x18010202
1777199123.125,194137,6,4,ADCS,8,SOLAR,2,COMMAND,81,SET_MAG_DIPOLE,128,1,128,1,0,0,0x18010202
1777199124.143,195179,6,4,ADCS,8,SOLAR,2,COMMAND,81,SET_MAG_DIPOLE,128,1,128,1,0,0,0x18010202
1777199125.185,196221,6,4,ADCS,8,SOLAR,2,COMMAND,81,SET_MAG_DIPOLE,128,1,128,1,0,0,0x18010202
1777199126.227,197263,6,4,ADCS,8,SOLAR,2,COMMAND,81,SET_MAG_DIPOLE,128,1,128,1,0,0,0x18010202
1777199127.268,198305,6,4,ADCS,8,SOLAR,2,COMMAND,81,SET_MAG_DIPOLE,128,1,128,1,0,0,0x18010202
1777199128.346,199347,6,4,ADCS,8,SOLAR,2,COMMAND,81,SET_MAG_DIPOLE,128,1,128,1,0,0,0x18010202
1777199129.364,200389,6,4,ADCS,8,SOLAR,2,COMMAND,81,SET_MAG_DIPOLE,128,1,128,1,0,0,0x18010202
1777199130.395,201431,6,4,ADCS,8,SOLAR,2,COMMAND,81,SET_MAG_DIPOLE,128,1,128,1,0,0,0x18010202
1777199131.437,202473,6,4,ADCS,8,SOLAR,2,COMMAND,81,SET_MAG_DIPOLE,128,1,128,1,0,0,0x18010202
1777199132.479,203515,6,4,ADCS,8,SOLAR,2,COMMAND,81,SET_MAG_DIPOLE,128,1,128,1,0,0,0x18010202
1777199133.521,204557,6,4,ADCS,8,SOLAR,2,COMMAND,81,SET_MAG_DIPOLE,128,1,128,1,0,0,0x18010202
1777199134.577,205599,6,4,ADCS,8,SOLAR,2,COMMAND,81,SET_MAG_DIPOLE,128,1,128,1,0,0,0x18010202
1777199135.606,206641,6,4,ADCS,8,SOLAR,2,COMMAND,81,SET_MAG_DIPOLE,128,1,128,1,0,0,0x18010202
1777199136.646,207683,6,4,ADCS,8,SOLAR,2,COMMAND,81,SET_MAG_DIPOLE,128,1,128,1,0,0,0x18010202
1777199137.689,208725,6,4,ADCS,8,SOLAR,2,COMMAND,81,SET_MAG_DIPOLE,128,1,128,1,0,0,0x18010202
1777199138.731,209767,6,4,ADCS,8,SOLAR,2,COMMAND,81,SET_MAG_DIPOLE,128,1,128,1,0,0,0x18010202
1777199139.772,210809,6,4,ADCS,8,SOLAR,2,COMMAND,81,SET_MAG_DIPOLE,128,1,128,1,0,0,0x18010202
1777199140.834,211851,6,4,ADCS,8,SOLAR,2,COMMAND,81,SET_MAG_DIPOLE,128,1,128,1,0,0,0x18010202
1777199141.865,212893,6,4,ADCS,8,SOLAR,2,COMMAND,81,SET_MAG_DIPOLE,128,1,128,1,0,0,0x18010202
1777199142.899,213935,6,4,ADCS,8,SOLAR,2,COMMAND,81,SET_MAG_DIPOLE,128,1,128,1,0,0,0x18010202
1777199143.942,214977,6,4,ADCS,8,SOLAR,2,COMMAND,81,SET_MAG_DIPOLE,128,1,128,1,0,0,0x18010202
1777199144.998,216019,6,4,ADCS,8,SOLAR,2,COMMAND,81,SET_MAG_DIPOLE,128,1,128,1,0,0,0x18010202
1777199146.057,217061,6,4,ADCS,8,SOLAR,2,COMMAND,81,SET_MAG_DIPOLE,128,1,128,1,0,0,0x18010202
1777199147.092,218103,6,4,ADCS,8,SOLAR,2,COMMAND,81,SET_MAG_DIPOLE,128,1,128,1,0,0,0x18010202
1777199148.109,219145,6,4,ADCS,8,SOLAR,2,COMMAND,81,SET_MAG_DIPOLE,128,1,128,1,0,0,0x18010202
1777199149.150,220187,6,4,ADCS,8,SOLAR,2,COMMAND,81,SET_MAG_DIPOLE,128,1,128,1,0,0,0x18010202
1777199150.192,221229,6,4,ADCS,8,SOLAR,2,COMMAND,81,SET_MAG_DIPOLE,128,1,128,1,0,0,0x18010202
1777199151.235,222271,6,4,ADCS,8,SOLAR,2,COMMAND,81,SET_MAG_DIPOLE,128,1,128,1,0,0,0x18010202
1777199152.301,223313,6,4,ADCS,8,SOLAR,2,COMMAND,81,SET_MAG_DIPOLE,128,1,128,1,0,0,0x18010202
1777199153.338,224355,6,4,ADCS,8,SOLAR,2,COMMAND,81,SET_MAG_DIPOLE,128,1,128,1,0,0,0x18010202
1777199154.360,225397,6,4,ADCS,8,SOLAR,2,COMMAND,81,SET_MAG_DIPOLE,128,1,128,1,0,0,0x18010202
1777199155.403,226439,6,4,ADCS,8,SOLAR,2,COMMAND,81,SET_MAG_DIPOLE,128,1,128,1,0,0,0x18010202
1777199156.452,227481,6,4,ADCS,8,SOLAR,2,COMMAND,81,SET_MAG_DIPOLE,128,1,128,1,0,0,0x18010202
1777199157.487,228523,6,4,ADCS,8,SOLAR,2,COMMAND,81,SET_MAG_DIPOLE,128,1,128,1,0,0,0x18010202
1777199158.540,229565,6,4,ADCS,8,SOLAR,2,COMMAND,81,SET_MAG_DIPOLE,128,1,128,1,0,0,0x18010202
1777199159.579,230607,6,4,ADCS,8,SOLAR,2,COMMAND,81,SET_MAG_DIPOLE,128,1,128,1,0,0,0x18010202
1777199160.615,231649,6,4,ADCS,8,SOLAR,2,COMMAND,81,SET_MAG_DIPOLE,128,1,128,1,0,0,0x18010202
1777199161.656,232691,6,4,ADCS,8,SOLAR,2,COMMAND,81,SET_MAG_DIPOLE,128,1,128,1,0,0,0x18010202
1777199162.697,233733,6,4,ADCS,8,SOLAR,2,COMMAND,81,SET_MAG_DIPOLE,128,1,128,1,0,0,0x18010202
1777199163.777,234775,6,4,ADCS,8,SOLAR,2,COMMAND,81,SET_MAG_DIPOLE,128,1,128,1,0,0,0x18010202
1777199164.804,235817,6,4,ADCS,8,SOLAR,2,COMMAND,81,SET_MAG_DIPOLE,128,1,128,1,0,0,0x18010202
1777199165.824,236859,6,4,ADCS,8,SOLAR,2,COMMAND,81,SET_MAG_DIPOLE,128,1,128,1,0,0,0x18010202
1777199166.865,237901,6,4,ADCS,8,SOLAR,2,COMMAND,81,SET_MAG_DIPOLE,128,1,128,1,0,0,0x18010202
1777199167.907,238943,6,4,ADCS,8,SOLAR,2,COMMAND,81,SET_MAG_DIPOLE,128,1,128,1,0,0,0x18010202
1777199168.949,239985,6,4,ADCS,8,SOLAR,2,COMMAND,81,SET_MAG_DIPOLE,128,1,128,1,0,0,0x18010202
1777199170.016,241027,6,4,ADCS,8,SOLAR,2,COMMAND,81,SET_MAG_DIPOLE,128,1,128,1,0,0,0x18010202
1777199171.044,242069,6,4,ADCS,8,SOLAR,2,COMMAND,81,SET_MAG_DIPOLE,128,1,128,1,0,0,0x18010202
1777199172.079,243111,6,4,ADCS,8,SOLAR,2,COMMAND,81,SET_MAG_DIPOLE,128,1,128,1,0,0,0x18010202
1777199173.112,244153,6,4,ADCS,8,SOLAR,2,COMMAND,81,SET_MAG_DIPOLE,128,1,128,1,0,0,0x18010202
1777199174.158,245195,6,4,ADCS,8,SOLAR,2,COMMAND,81,SET_MAG_DIPOLE,128,1,128,1,0,0,0x18010202
1777199175.204,246237,6,4,ADCS,8,SOLAR,2,COMMAND,81,SET_MAG_DIPOLE,128,1,128,1,0,0,0x18010202
1777199176.261,247279,6,4,ADCS,8,SOLAR,2,COMMAND,81,SET_MAG_DIPOLE,128,1,128,1,0,0,0x18010202
1777199177.311,248321,6,4,ADCS,8,SOLAR,2,COMMAND,81,SET_MAG_DIPOLE,128,1,128,1,0,0,0x18010202
1777199178.327,249363,6,4,ADCS,8,SOLAR,2,COMMAND,81,SET_MAG_DIPOLE,128,1,128,1,0,0,0x18010202
1777199179.362,250405,6,4,ADCS,8,SOLAR,2,COMMAND,81,SET_MAG_DIPOLE,128,1,128,1,0,0,0x18010202
1777199180.411,251447,6,4,ADCS,8,SOLAR,2,COMMAND,81,SET_MAG_DIPOLE,128,1,128,1,0,0,0x18010202
1777199181.479,252489,6,4,ADCS,8,SOLAR,2,COMMAND,81,SET_MAG_DIPOLE,128,1,128,1,0,0,0x18010202
1777199182.517,253531,6,4,ADCS,8,SOLAR,2,COMMAND,81,SET_MAG_DIPOLE,128,1,128,1,0,0,0x18010202
1777199183.538,254573,6,4,ADCS,8,SOLAR,2,COMMAND,81,SET_MAG_DIPOLE,128,1,128,1,0,0,0x18010202
1777199184.579,255615,6,4,ADCS,8,SOLAR,2,COMMAND,81,SET_MAG_DIPOLE,128,1,128,1,0,0,0x18010202
1777199185.621,256657,6,4,ADCS,8,SOLAR,2,COMMAND,81,SET_MAG_DIPOLE,128,1,128,1,0,0,0x18010202
1777199186.663,257699,6,4,ADCS,8,SOLAR,2,COMMAND,81,SET_MAG_DIPOLE,128,1,128,1,0,0,0x18010202
1777199187.728,258741,6,4,ADCS,8,SOLAR,2,COMMAND,81,SET_MAG_DIPOLE,128,1,128,1,0,0,0x18010202
1777199188.765,259783,6,4,ADCS,8,SOLAR,2,COMMAND,81,SET_MAG_DIPOLE,128,1,128,1,0,0,0x18010202
1777199189.792,260825,6,4,ADCS,8,SOLAR,2,COMMAND,81,SET_MAG_DIPOLE,128,1,128,1,0,0,0x18010202
1777199190.831,261867,6,4,ADCS,8,SOLAR,2,COMMAND,81,SET_MAG_DIPOLE,128,1,128,1,0,0,0x18010202
1777199191.873,262909,6,4,ADCS,8,SOLAR,2,COMMAND,81,SET_MAG_DIPOLE,128,1,128,1,0,0,0x18010202
1777199192.915,263951,6,4,ADCS,8,SOLAR,2,COMMAND,81,SET_MAG_DIPOLE,128,1,128,1,0,0,0x18010202
1777199193.982,264993,6,4,ADCS,8,SOLAR,2,COMMAND,81,SET_MAG_DIPOLE,128,1,128,1,0,0,0x18010202
1777199195.012,266035,6,4,ADCS,8,SOLAR,2,COMMAND,81,SET_MAG_DIPOLE,128,1,128,1,0,0,0x18010202
1777199196.041,267077,6,4,ADCS,8,SOLAR,2,COMMAND,81,SET_MAG_DIPOLE,128,1,128,1,0,0,0x18010202
1777199197.084,268119,6,4,ADCS,8,SOLAR,2,COMMAND,81,SET_MAG_DIPOLE,128,1,128,1,0,0,0x18010202
1777199198.126,269161,6,4,ADCS,8,SOLAR,2,COMMAND,81,SET_MAG_DIPOLE,128,1,128,1,0,0,0x18010202
1777199199.168,270203,6,4,ADCS,8,SOLAR,2,COMMAND,81,SET_MAG_DIPOLE,128,1,128,1,0,0,0x18010202
1777199200.223,271245,6,4,ADCS,8,SOLAR,2,COMMAND,81,SET_MAG_DIPOLE,128,1,128,1,0,0,0x18010202
1777199201.258,272287,6,4,ADCS,8,SOLAR,2,COMMAND,81,SET_MAG_DIPOLE,128,1,128,1,0,0,0x18010202
1777199202.293,273329,6,4,ADCS,8,SOLAR,2,COMMAND,81,SET_MAG_DIPOLE,128,1,128,1,0,0,0x18010202
1777199203.336,274371,6,4,ADCS,8,SOLAR,2,COMMAND,81,SET_MAG_DIPOLE,128,1,128,1,0,0,0x18010202
1777199204.378,275413,6,4,ADCS,8,SOLAR,2,COMMAND,81,SET_MAG_DIPOLE,128,1,128,1,0,0,0x18010202
1777199205.458,276455,6,4,ADCS,8,SOLAR,2,COMMAND,81,SET_MAG_DIPOLE,128,1,128,1,0,0,0x18010202
1777199206.477,277497,6,4,ADCS,8,SOLAR,2,COMMAND,81,SET_MAG_DIPOLE,128,1,128,1,0,0,0x18010202
1777199207.505,278539,6,4,ADCS,8,SOLAR,2,COMMAND,81,SET_MAG_DIPOLE,128,1,128,1,0,0,0x18010202
1777199208.545,279581,6,4,ADCS,8,SOLAR,2,COMMAND,81,SET_MAG_DIPOLE,128,1,128,1,0,0,0x18010202
1777199209.587,280623,6,4,ADCS,8,SOLAR,2,COMMAND,81,SET_MAG_DIPOLE,128,1,128,1,0,0,0x18010202
1777199210.629,281665,6,4,ADCS,8,SOLAR,2,COMMAND,81,SET_MAG_DIPOLE,128,1,128,1,0,0,0x18010202
1777199211.691,282707,6,4,ADCS,8,SOLAR,2,COMMAND,81,SET_MAG_DIPOLE,128,1,128,1,0,0,0x18010202
1777199212.723,283749,6,4,ADCS,8,SOLAR,2,COMMAND,81,SET_MAG_DIPOLE,128,1,128,1,0,0,0x18010202
1777199213.756,284791,6,4,ADCS,8,SOLAR,2,COMMAND,81,SET_MAG_DIPOLE,128,1,128,1,0,0,0x18010202
1777199214.797,285833,6,4,ADCS,8,SOLAR,2,COMMAND,81,SET_MAG_DIPOLE,128,1,128,1,0,0,0x18010202
1777199215.841,286875,6,4,ADCS,8,SOLAR,2,COMMAND,81,SET_MAG_DIPOLE,128,1,128,1,0,0,0x18010202
1777199216.883,287917,6,4,ADCS,8,SOLAR,2,COMMAND,81,SET_MAG_DIPOLE,128,1,128,1,0,0,0x18010202
1777199217.948,288959,6,4,ADCS,8,SOLAR,2,COMMAND,81,SET_MAG_DIPOLE,128,1,128,1,0,0,0x18010202
1777199218.975,290001,6,4,ADCS,8,SOLAR,2,COMMAND,81,SET_MAG_DIPOLE,128,1,128,1,0,0,0x18010202
1777199220.010,291043,6,4,ADCS,8,SOLAR,2,COMMAND,81,SET_MAG_DIPOLE,128,1,128,1,0,0,0x18010202
1777199221.050,292085,6,4,ADCS,8,SOLAR,2,COMMAND,81,SET_MAG_DIPOLE,128,1,128,1,0,0,0x18010202
1777199222.082,293127,6,4,ADCS,8,SOLAR,2,COMMAND,81,SET_MAG_DIPOLE,128,1,128,1,0,0,0x18010202
1777199223.164,294169,6,4,ADCS,8,SOLAR,2,COMMAND,81,SET_MAG_DIPOLE,128,1,128,1,0,0,0x18010202
1777199224.211,295211,6,4,ADCS,8,SOLAR,2,COMMAND,81,SET_MAG_DIPOLE,128,1,128,1,0,0,0x18010202
1777199225.219,296253,6,4,ADCS,8,SOLAR,2,COMMAND,81,SET_MAG_DIPOLE,128,1,128,1,0,0,0x18010202
1777199226.260,297295,6,4,ADCS,8,SOLAR,2,COMMAND,81,SET_MAG_DIPOLE,128,1,128,1,0,0,0x18010202
1777199227.302,298337,6,4,ADCS,8,SOLAR,2,COMMAND,81,SET_MAG_DIPOLE,128,1,128,1,0,0,0x18010202
1777199228.345,299379,6,4,ADCS,8,SOLAR,2,COMMAND,81,SET_MAG_DIPOLE,128,1,128,1,0,0,0x18010202
1777199229.412,300421,6,4,ADCS,8,SOLAR,2,COMMAND,81,SET_MAG_DIPOLE,128,1,128,1,0,0,0x18010202
1777199230.445,301463,6,4,ADCS,8,SOLAR,2,COMMAND,81,SET_MAG_DIPOLE,128,1,128,1,0,0,0x18010202
1777199231.470,302505,6,4,ADCS,8,SOLAR,2,COMMAND,81,SET_MAG_DIPOLE,128,1,128,1,0,0,0x18010202
1777199232.512,303547,6,4,ADCS,8,SOLAR,2,COMMAND,81,SET_MAG_DIPOLE,128,1,128,1,0,0,0x18010202
1777199233.558,304589,6,4,ADCS,8,SOLAR,2,COMMAND,81,SET_MAG_DIPOLE,128,1,128,1,0,0,0x18010202
1777199234.596,305631,6,4,ADCS,8,SOLAR,2,COMMAND,81,SET_MAG_DIPOLE,128,1,128,1,0,0,0x18010202
1777199235.665,306673,6,4,ADCS,8,SOLAR,2,COMMAND,81,SET_MAG_DIPOLE,128,1,128,1,0,0,0x18010202
1777199236.681,307715,6,4,ADCS,8,SOLAR,2,COMMAND,81,SET_MAG_DIPOLE,128,1,128,1,0,0,0x18010202
1777199237.722,308757,6,4,ADCS,8,SOLAR,2,COMMAND,81,SET_MAG_DIPOLE,128,1,128,1,0,0,0x18010202
1777199238.764,309799,6,4,ADCS,8,SOLAR,2,COMMAND,81,SET_MAG_DIPOLE,128,1,128,1,0,0,0x18010202
1777199239.806,310841,6,4,ADCS,8,SOLAR,2,COMMAND,81,SET_MAG_DIPOLE,128,1,128,1,0,0,0x18010202
1777199240.887,311883,6,4,ADCS,8,SOLAR,2,COMMAND,81,SET_MAG_DIPOLE,128,1,128,1,0,0,0x18010202
1777199241.922,312925,6,4,ADCS,8,SOLAR,2,COMMAND,81,SET_MAG_DIPOLE,128,1,128,1,0,0,0x18010202
1777199242.932,313967,6,4,ADCS,8,SOLAR,2,COMMAND,81,SET_MAG_DIPOLE,128,1,128,1,0,0,0x18010202
1777199243.974,315009,6,4,ADCS,8,SOLAR,2,COMMAND,81,SET_MAG_DIPOLE,128,1,128,1,0,0,0x18010202
1777199245.019,316051,6,4,ADCS,8,SOLAR,2,COMMAND,81,SET_MAG_DIPOLE,128,1,128,1,0,0,0x18010202
1777199246.059,317093,6,4,ADCS,8,SOLAR,2,COMMAND,81,SET_MAG_DIPOLE,128,1,128,1,0,0,0x18010202
1777199247.132,318135,6,4,ADCS,8,SOLAR,2,COMMAND,81,SET_MAG_DIPOLE,128,1,128,1,0,0,0x18010202
1777199248.156,319177,6,4,ADCS,8,SOLAR,2,COMMAND,81,SET_MAG_DIPOLE,128,1,128,1,0,0,0x18010202
1777199249.184,320219,6,4,ADCS,8,SOLAR,2,COMMAND,81,SET_MAG_DIPOLE,128,1,128,1,0,0,0x18010202
1777199250.211,321261,6,4,ADCS,8,SOLAR,2,COMMAND,81,SET_MAG_DIPOLE,128,1,128,1,0,0,0x18010202
1777199251.269,322303,6,4,ADCS,8,SOLAR,2,COMMAND,81,SET_MAG_DIPOLE,128,1,128,1,0,0,0x18010202
1777199252.311,323345,6,4,ADCS,8,SOLAR,2,COMMAND,81,SET_MAG_DIPOLE,128,1,128,1,0,0,0x18010202
1777199253.385,324387,6,4,ADCS,8,SOLAR,2,COMMAND,81,SET_MAG_DIPOLE,128,1,128,1,0,0,0x18010202
1777199254.399,325429,6,4,ADCS,8,SOLAR,2,COMMAND,81,SET_MAG_DIPOLE,128,1,128,1,0,0,0x18010202
1777199255.436,326471,6,4,ADCS,8,SOLAR,2,COMMAND,81,SET_MAG_DIPOLE,128,1,128,1,0,0,0x18010202
1777199256.481,327513,6,4,ADCS,8,SOLAR,2,COMMAND,81,SET_MAG_DIPOLE,128,1,128,1,0,0,0x18010202
1777199257.520,328555,6,4,ADCS,8,SOLAR,2,COMMAND,81,SET_MAG_DIPOLE,128,1,128,1,0,0,0x18010202
1777199258.563,329597,6,4,ADCS,8,SOLAR,2,COMMAND,81,SET_MAG_DIPOLE,128,1,128,1,0,0,0x18010202
1777199259.623,330639,6,4,ADCS,8,SOLAR,2,COMMAND,81,SET_MAG_DIPOLE,128,1,128,1,0,0,0x18010202
1777199260.657,331681,6,4,ADCS,8,SOLAR,2,COMMAND,81,SET_MAG_DIPOLE,128,1,128,1,0,0,0x18010202
1777199261.690,332723,6,4,ADCS,8,SOLAR,2,COMMAND,81,SET_MAG_DIPOLE,128,1,128,1,0,0,0x18010202
1777199262.724,333765,6,4,ADCS,8,SOLAR,2,COMMAND,81,SET_MAG_DIPOLE,128,1,128,1,0,0,0x18010202
1777199263.759,334807,6,4,ADCS,8,SOLAR,2,COMMAND,81,SET_MAG_DIPOLE,128,1,128,1,0,0,0x18010202
1777199264.848,335849,6,4,ADCS,8,SOLAR,2,COMMAND,81,SET_MAG_DIPOLE,128,1,128,1,0,0,0x18010202
1777199265.869,336891,6,4,ADCS,8,SOLAR,2,COMMAND,81,SET_MAG_DIPOLE,128,1,128,1,0,0,0x18010202
1777199266.900,337933,6,4,ADCS,8,SOLAR,2,COMMAND,81,SET_MAG_DIPOLE,128,1,128,1,0,0,0x18010202
1777199267.940,338975,6,4,ADCS,8,SOLAR,2,COMMAND,81,SET_MAG_DIPOLE,128,1,128,1,0,0,0x18010202
1777199268.983,340017,6,4,ADCS,8,SOLAR,2,COMMAND,81,SET_MAG_DIPOLE,128,1,128,1,0,0,0x18010202
1777199270.029,341059,6,4,ADCS,8,SOLAR,2,COMMAND,81,SET_MAG_DIPOLE,128,1,128,1,0,0,0x18010202
1777199271.090,342101,6,4,ADCS,8,SOLAR,2,COMMAND,81,SET_MAG_DIPOLE,128,1,128,1,0,0,0x18010202
1777199272.120,343143,6,4,ADCS,8,SOLAR,2,COMMAND,81,SET_MAG_DIPOLE,128,1,128,1,0,0,0x18010202
1777199273.151,344185,6,4,ADCS,8,SOLAR,2,COMMAND,81,SET_MAG_DIPOLE,128,1,128,1,0,0,0x18010202
1777199274.193,345227,6,4,ADCS,8,SOLAR,2,COMMAND,81,SET_MAG_DIPOLE,128,1,128,1,0,0,0x18010202
1777199275.235,346269,6,4,ADCS,8,SOLAR,2,COMMAND,81,SET_MAG_DIPOLE,128,1,128,1,0,0,0x18010202
1777199276.286,347311,6,4,ADCS,8,SOLAR,2,COMMAND,81,SET_MAG_DIPOLE,128,1,128,1,0,0,0x18010202
1777199277.348,348353,6,4,ADCS,8,SOLAR,2,COMMAND,81,SET_MAG_DIPOLE,128,1,128,1,0,0,0x18010202
1777199278.370,349395,6,4,ADCS,8,SOLAR,2,COMMAND,81,SET_MAG_DIPOLE,128,1,128,1,0,0,0x18010202
1777199279.410,350437,6,4,ADCS,8,SOLAR,2,COMMAND,81,SET_MAG_DIPOLE,128,1,128,1,0,0,0x18010202
1777199280.445,351479,6,4,ADCS,8,SOLAR,2,COMMAND,81,SET_MAG_DIPOLE,128,1,128,1,0,0,0x18010202
1777199281.487,352521,6,4,ADCS,8,SOLAR,2,COMMAND,81,SET_MAG_DIPOLE,128,1,128,1,0,0,0x18010202
1777199282.559,353563,6,4,ADCS,8,SOLAR,2,COMMAND,81,SET_MAG_DIPOLE,128,1,128,1,0,0,0x18010202
1777199283.583,354605,6,4,ADCS,8,SOLAR,2,COMMAND,81,SET_MAG_DIPOLE,128,1,128,1,0,0,0x18010202
1777199284.616,355647,6,4,ADCS,8,SOLAR,2,COMMAND,81,SET_MAG_DIPOLE,128,1,128,1,0,0,0x18010202
1777199285.655,356689,6,4,ADCS,8,SOLAR,2,COMMAND,81,SET_MAG_DIPOLE,128,1,128,1,0,0,0x18010202
1777199286.697,357731,6,4,ADCS,8,SOLAR,2,COMMAND,81,SET_MAG_DIPOLE,128,1,128,1,0,0,0x18010202
1777199287.739,358773,6,4,ADCS,8,SOLAR,2,COMMAND,81,SET_MAG_DIPOLE,128,1,128,1,0,0,0x18010202
1777199288.817,359815,6,4,ADCS,8,SOLAR,2,COMMAND,81,SET_MAG_DIPOLE,128,1,128,1,0,0,0x18010202
1777199289.838,360857,6,4,ADCS,8,SOLAR,2,COMMAND,81,SET_MAG_DIPOLE,128,1,128,1,0,0,0x18010202
1777199290.864,361899,6,4,ADCS,8,SOLAR,2,COMMAND,81,SET_MAG_DIPOLE,128,1,128,1,0,0,0x18010202
1777199291.907,362941,6,4,ADCS,8,SOLAR,2,COMMAND,81,SET_MAG_DIPOLE,128,1,128,1,0,0,0x18010202
1777199292.944,363983,6,4,ADCS,8,SOLAR,2,COMMAND,81,SET_MAG_DIPOLE,128,1,128,1,0,0,0x18010202
1777199293.992,365025,6,4,ADCS,8,SOLAR,2,COMMAND,81,SET_MAG_DIPOLE,128,1,128,1,0,0,0x18010202
1777199295.064,366067,6,4,ADCS,8,SOLAR,2,COMMAND,81,SET_MAG_DIPOLE,128,1,128,1,0,0,0x18010202
1777199296.080,367109,6,4,ADCS,8,SOLAR,2,COMMAND,81,SET_MAG_DIPOLE,128,1,128,1,0,0,0x18010202
1777199297.118,368151,6,4,ADCS,8,SOLAR,2,COMMAND,81,SET_MAG_DIPOLE,128,1,128,1,0,0,0x18010202
1777199298.154,369193,6,4,ADCS,8,SOLAR,2,COMMAND,81,SET_MAG_DIPOLE,128,1,128,1,0,0,0x18010202
1777199299.201,370235,6,4,ADCS,8,SOLAR,2,COMMAND,81,SET_MAG_DIPOLE,128,1,128,1,0,0,0x18010202
1777199300.283,371277,6,4,ADCS,8,SOLAR,2,COMMAND,81,SET_MAG_DIPOLE,128,1,128,1,0,0,0x18010202
1777199301.305,372319,6,4,ADCS,8,SOLAR,2,COMMAND,81,SET_MAG_DIPOLE,128,1,128,1,0,0,0x18010202
1777199302.329,373361,6,4,ADCS,8,SOLAR,2,COMMAND,81,SET_MAG_DIPOLE,128,1,128,1,0,0,0x18010202
1777199303.369,374403,6,4,ADCS,8,SOLAR,2,COMMAND,81,SET_MAG_DIPOLE,128,1,128,1,0,0,0x18010202
1777199304.412,375445,6,4,ADCS,8,SOLAR,2,COMMAND,81,SET_MAG_DIPOLE,128,1,128,1,0,0,0x18010202
1777199305.453,376487,6,4,ADCS,8,SOLAR,2,COMMAND,81,SET_MAG_DIPOLE,128,1,128,1,0,0,0x18010202
1777199306.527,377529,6,4,ADCS,8,SOLAR,2,COMMAND,81,SET_MAG_DIPOLE,128,1,128,1,0,0,0x18010202
1777199307.557,378571,6,4,ADCS,8,SOLAR,2,COMMAND,81,SET_MAG_DIPOLE,128,1,128,1,0,0,0x18010202
1777199308.579,379613,6,4,ADCS,8,SOLAR,2,COMMAND,81,SET_MAG_DIPOLE,128,1,128,1,0,0,0x18010202
1777199309.616,380655,6,4,ADCS,8,SOLAR,2,COMMAND,81,SET_MAG_DIPOLE,128,1,128,1,0,0,0x18010202
1777199310.664,381697,6,4,ADCS,8,SOLAR,2,COMMAND,81,SET_MAG_DIPOLE,128,1,128,1,0,0,0x18010202
1777199311.706,382739,6,4,ADCS,8,SOLAR,2,COMMAND,81,SET_MAG_DIPOLE,128,1,128,1,0,0,0x18010202
1777199312.775,383781,6,4,ADCS,8,SOLAR,2,COMMAND,81,SET_MAG_DIPOLE,128,1,128,1,0,0,0x18010202
1777199313.796,384823,6,4,ADCS,8,SOLAR,2,COMMAND,81,SET_MAG_DIPOLE,128,1,128,1,0,0,0x18010202
1777199314.831,385865,6,4,ADCS,8,SOLAR,2,COMMAND,81,SET_MAG_DIPOLE,128,1,128,1,0,0,0x18010202
1777199315.874,386907,6,4,ADCS,8,SOLAR,2,COMMAND,81,SET_MAG_DIPOLE,128,1,128,1,0,0,0x18010202
1777199316.916,387949,6,4,ADCS,8,SOLAR,2,COMMAND,81,SET_MAG_DIPOLE,128,1,128,1,0,0,0x18010202
1777199318.013,388991,6,4,ADCS,8,SOLAR,2,COMMAND,81,SET_MAG_DIPOLE,128,1,128,1,0,0,0x18010202
1777199319.023,390033,6,4,ADCS,8,SOLAR,2,COMMAND,81,SET_MAG_DIPOLE,128,1,128,1,0,0,0x18010202
1777199320.043,391075,6,4,ADCS,8,SOLAR,2,COMMAND,81,SET_MAG_DIPOLE,128,1,128,1,0,0,0x18010202
1777199321.084,392117,6,4,ADCS,8,SOLAR,2,COMMAND,81,SET_MAG_DIPOLE,128,1,128,1,0,0,0x18010202
1777199322.117,393159,6,4,ADCS,8,SOLAR,2,COMMAND,81,SET_MAG_DIPOLE,128,1,128,1,0,0,0x18010202
1777199323.175,394201,6,4,ADCS,8,SOLAR,2,COMMAND,81,SET_MAG_DIPOLE,128,1,128,1,0,0,0x18010202
1777199324.244,395243,6,4,ADCS,8,SOLAR,2,COMMAND,81,SET_MAG_DIPOLE,128,1,128,1,0,0,0x18010202
1777199325.262,396285,6,4,ADCS,8,SOLAR,2,COMMAND,81,SET_MAG_DIPOLE,128,1,128,1,0,0,0x18010202
1777199326.294,397327,6,4,ADCS,8,SOLAR,2,COMMAND,81,SET_MAG_DIPOLE,128,1,128,1,0,0,0x18010202
1777199327.336,398369,6,4,ADCS,8,SOLAR,2,COMMAND,81,SET_MAG_DIPOLE,128,1,128,1,0,0,0x18010202
1777199328.379,399411,6,4,ADCS,8,SOLAR,2,COMMAND,81,SET_MAG_DIPOLE,128,1,128,1,0,0,0x18010202
1777199329.419,400453,6,4,ADCS,8,SOLAR,2,COMMAND,81,SET_MAG_DIPOLE,128,1,128,1,0,0,0x18010202
1777199330.486,401495,6,4,ADCS,8,SOLAR,2,COMMAND,81,SET_MAG_DIPOLE,128,1,128,1,0,0,0x18010202
1777199331.506,402537,6,4,ADCS,8,SOLAR,2,COMMAND,81,SET_MAG_DIPOLE,128,1,128,1,0,0,0x18010202
1777199332.546,403579,6,4,ADCS,8,SOLAR,2,COMMAND,81,SET_MAG_DIPOLE,128,1,128,1,0,0,0x18010202
1777199333.588,404621,6,4,ADCS,8,SOLAR,2,COMMAND,81,SET_MAG_DIPOLE,128,1,128,1,0,0,0x18010202
1777199334.630,405663,6,4,ADCS,8,SOLAR,2,COMMAND,81,SET_MAG_DIPOLE,128,1,128,1,0,0,0x18010202
1777199335.668,406705,6,4,ADCS,8,SOLAR,2,COMMAND,81,SET_MAG_DIPOLE,128,1,128,1,0,0,0x18010202
1777199336.732,407747,6,4,ADCS,8,SOLAR,2,COMMAND,81,SET_MAG_DIPOLE,128,1,128,1,0,0,0x18010202
1777199337.757,408789,6,4,ADCS,8,SOLAR,2,COMMAND,81,SET_MAG_DIPOLE,128,1,128,1,0,0,0x18010202
1777199338.798,409831,6,4,ADCS,8,SOLAR,2,COMMAND,81,SET_MAG_DIPOLE,128,1,128,1,0,0,0x18010202
1777199339.841,410873,6,4,ADCS,8,SOLAR,2,COMMAND,81,SET_MAG_DIPOLE,128,1,128,1,0,0,0x18010202
1777199340.883,411915,6,4,ADCS,8,SOLAR,2,COMMAND,81,SET_MAG_DIPOLE,128,1,128,1,0,0,0x18010202
1777199341.963,412957,6,4,ADCS,8,SOLAR,2,COMMAND,81,SET_MAG_DIPOLE,128,1,128,1,0,0,0x18010202
1777199342.980,413999,6,4,ADCS,8,SOLAR,2,COMMAND,81,SET_MAG_DIPOLE,128,1,128,1,0,0,0x18010202
1777199344.009,415041,6,4,ADCS,8,SOLAR,2,COMMAND,81,SET_MAG_DIPOLE,128,1,128,1,0,0,0x18010202
1777199345.050,416083,6,4,ADCS,8,SOLAR,2,COMMAND,81,SET_MAG_DIPOLE,128,1,128,1,0,0,0x18010202
1777199346.093,417125,6,4,ADCS,8,SOLAR,2,COMMAND,81,SET_MAG_DIPOLE,128,1,128,1,0,0,0x18010202
1777199347.135,418167,6,4,ADCS,8,SOLAR,2,COMMAND,81,SET_MAG_DIPOLE,128,1,128,1,0,0,0x18010202
1777199348.211,419209,6,4,ADCS,8,SOLAR,2,COMMAND,81,SET_MAG_DIPOLE,128,1,128,1,0,0,0x18010202
1777199349.237,420251,6,4,ADCS,8,SOLAR,2,COMMAND,81,SET_MAG_DIPOLE,128,1,128,1,0,0,0x18010202
1777199350.281,421293,6,4,ADCS,8,SOLAR,2,COMMAND,81,SET_MAG_DIPOLE,128,1,128,1,0,0,0x18010202
1777199351.302,422335,6,4,ADCS,8,SOLAR,2,COMMAND,81,SET_MAG_DIPOLE,128,1,128,1,0,0,0x18010202
1777199352.344,423377,6,4,ADCS,8,SOLAR,2,COMMAND,81,SET_MAG_DIPOLE,128,1,128,1,0,0,0x18010202
1777199353.388,424419,6,4,ADCS,8,SOLAR,2,COMMAND,81,SET_MAG_DIPOLE,128,1,128,1,0,0,0x18010202
1777199354.454,425461,6,4,ADCS,8,SOLAR,2,COMMAND,81,SET_MAG_DIPOLE,128,1,128,1,0,0,0x18010202
1777199355.472,426503,6,4,ADCS,8,SOLAR,2,COMMAND,81,SET_MAG_DIPOLE,128,1,128,1,0,0,0x18010202
1777199356.512,427545,6,4,ADCS,8,SOLAR,2,COMMAND,81,SET_MAG_DIPOLE,128,1,128,1,0,0,0x18010202
1777199357.561,428587,6,4,ADCS,8,SOLAR,2,COMMAND,81,SET_MAG_DIPOLE,128,1,128,1,0,0,0x18010202
1777199358.596,429629,6,4,ADCS,8,SOLAR,2,COMMAND,81,SET_MAG_DIPOLE,128,1,128,1,0,0,0x18010202
1777199359.677,430671,6,4,ADCS,8,SOLAR,2,COMMAND,81,SET_MAG_DIPOLE,128,1,128,1,0,0,0x18010202
1777199360.699,431713,6,4,ADCS,8,SOLAR,2,COMMAND,81,SET_MAG_DIPOLE,128,1,128,1,0,0,0x18010202
1777199361.723,432755,6,4,ADCS,8,SOLAR,2,COMMAND,81,SET_MAG_DIPOLE,128,1,128,1,0,0,0x18010202
1777199362.765,433797,6,4,ADCS,8,SOLAR,2,COMMAND,81,SET_MAG_DIPOLE,128,1,128,1,0,0,0x18010202
1777199363.810,434839,6,4,ADCS,8,SOLAR,2,COMMAND,81,SET_MAG_DIPOLE,128,1,128,1,0,0,0x18010202
1777199364.848,435881,6,4,ADCS,8,SOLAR,2,COMMAND,81,SET_MAG_DIPOLE,128,1,128,1,0,0,0x18010202
1777199365.923,436923,6,4,ADCS,8,SOLAR,2,COMMAND,81,SET_MAG_DIPOLE,128,1,128,1,0,0,0x18010202
1777199366.937,437965,6,4,ADCS,8,SOLAR,2,COMMAND,81,SET_MAG_DIPOLE,128,1,128,1,0,0,0x18010202
1777199367.974,439007,6,4,ADCS,8,SOLAR,2,COMMAND,81,SET_MAG_DIPOLE,128,1,128,1,0,0,0x18010202
1777199369.007,440049,6,4,ADCS,8,SOLAR,2,COMMAND,81,SET_MAG_DIPOLE,128,1,128,1,0,0,0x18010202
1777199370.059,441091,6,4,ADCS,8,SOLAR,2,COMMAND,81,SET_MAG_DIPOLE,128,1,128,1,0,0,0x18010202
1777199371.101,442133,6,4,ADCS,8,SOLAR,2,COMMAND,81,SET_MAG_DIPOLE,128,1,128,1,0,0,0x18010202
1777199372.167,443175,6,4,ADCS,8,SOLAR,2,COMMAND,81,SET_MAG_DIPOLE,128,1,128,1,0,0,0x18010202
1777199373.197,444217,6,4,ADCS,8,SOLAR,2,COMMAND,81,SET_MAG_DIPOLE,128,1,128,1,0,0,0x18010202
1777199374.226,445259,6,4,ADCS,8,SOLAR,2,COMMAND,81,SET_MAG_DIPOLE,128,1,128,1,0,0,0x18010202
1777199375.270,446301,6,4,ADCS,8,SOLAR,2,COMMAND,81,SET_MAG_DIPOLE,128,1,128,1,0,0,0x18010202
1777199376.319,447343,6,4,ADCS,8,SOLAR,2,COMMAND,81,SET_MAG_DIPOLE,128,1,128,1,0,0,0x18010202
1777199377.392,448385,6,4,ADCS,8,SOLAR,2,COMMAND,81,SET_MAG_DIPOLE,128,1,128,1,0,0,0x18010202
1777199378.426,449427,6,4,ADCS,8,SOLAR,2,COMMAND,81,SET_MAG_DIPOLE,128,1,128,1,0,0,0x18010202
1777199379.435,450469,6,4,ADCS,8,SOLAR,2,COMMAND,81,SET_MAG_DIPOLE,128,1,128,1,0,0,0x18010202
1777199380.479,451511,6,4,ADCS,8,SOLAR,2,COMMAND,81,SET_MAG_DIPOLE,128,1,128,1,0,0,0x18010202
1777199381.521,452553,6,4,ADCS,8,SOLAR,2,COMMAND,81,SET_MAG_DIPOLE,128,1,128,1,0,0,0x18010202
1777199382.563,453595,6,4,ADCS,8,SOLAR,2,COMMAND,81,SET_MAG_DIPOLE,128,1,128,1,0,0,0x18010202
1777199383.636,454637,6,4,ADCS,8,SOLAR,2,COMMAND,81,SET_MAG_DIPOLE,128,1,128,1,0,0,0x18010202
1777199384.653,455679,6,4,ADCS,8,SOLAR,2,COMMAND,81,SET_MAG_DIPOLE,128,1,128,1,0,0,0x18010202
1777199385.689,456721,6,4,ADCS,8,SOLAR,2,COMMAND,81,SET_MAG_DIPOLE,128,1,128,1,0,0,0x18010202
1777199386.731,457763,6,4,ADCS,8,SOLAR,2,COMMAND,81,SET_MAG_DIPOLE,128,1,128,1,0,0,0x18010202
1777199387.773,458805,6,4,ADCS,8,SOLAR,2,COMMAND,81,SET_MAG_DIPOLE,128,1,128,1,0,0,0x18010202
1777199388.815,459847,6,4,ADCS,8,SOLAR,2,COMMAND,81,SET_MAG_DIPOLE,128,1,128,1,0,0,0x18010202
1777199389.881,460889,6,4,ADCS,8,SOLAR,2,COMMAND,81,SET_MAG_DIPOLE,128,1,128,1,0,0,0x18010202
1777199390.910,461931,6,4,ADCS,8,SOLAR,2,COMMAND,81,SET_MAG_DIPOLE,128,1,128,1,0,0,0x18010202
1777199391.956,462973,6,4,ADCS,8,SOLAR,2,COMMAND,81,SET_MAG_DIPOLE,128,1,128,1,0,0,0x18010202
1777199392.983,464015,6,4,ADCS,8,SOLAR,2,COMMAND,81,SET_MAG_DIPOLE,128,1,128,1,0,0,0x18010202
1777199394.025,465057,6,4,ADCS,8,SOLAR,2,COMMAND,81,SET_MAG_DIPOLE,128,1,128,1,0,0,0x18010202
1777199395.075,466099,6,4,ADCS,8,SOLAR,2,COMMAND,81,SET_MAG_DIPOLE,128,1,128,1,0,0,0x18010202
1777199396.126,467141,6,4,ADCS,8,SOLAR,2,COMMAND,81,SET_MAG_DIPOLE,128,1,128,1,0,0,0x18010202
1777199397.156,468183,6,4,ADCS,8,SOLAR,2,COMMAND,81,SET_MAG_DIPOLE,128,1,128,1,0,0,0x18010202
1777199398.195,469225,6,4,ADCS,8,SOLAR,2,COMMAND,81,SET_MAG_DIPOLE,128,1,128,1,0,0,0x18010202
1777199399.235,470267,6,4,ADCS,8,SOLAR,2,COMMAND,81,SET_MAG_DIPOLE,128,1,128,1,0,0,0x18010202
1777199400.278,471309,6,4,ADCS,8,SOLAR,2,COMMAND,81,SET_MAG_DIPOLE,128,1,128,1,0,0,0x18010202
1777199401.339,472351,6,4,ADCS,8,SOLAR,2,COMMAND,81,SET_MAG_DIPOLE,128,1,128,1,0,0,0x18010202
1777199402.377,473393,6,4,ADCS,8,SOLAR,2,COMMAND,81,SET_MAG_DIPOLE,128,1,128,1,0,0,0x18010202
1777199403.390,474435,6,4,ADCS,8,SOLAR,2,COMMAND,81,SET_MAG_DIPOLE,128,1,128,1,0,0,0x18010202
1777199404.444,475477,6,4,ADCS,8,SOLAR,2,COMMAND,81,SET_MAG_DIPOLE,128,1,128,1,0,0,0x18010202
1777199405.487,476519,6,4,ADCS,8,SOLAR,2,COMMAND,81,SET_MAG_DIPOLE,128,1,128,1,0,0,0x18010202
1777199406.531,477561,6,4,ADCS,8,SOLAR,2,COMMAND,81,SET_MAG_DIPOLE,128,1,128,1,0,0,0x18010202
1777199407.590,478603,6,4,ADCS,8,SOLAR,2,COMMAND,81,SET_MAG_DIPOLE,128,1,128,1,0,0,0x18010202
1777199408.630,479645,6,4,ADCS,8,SOLAR,2,COMMAND,81,SET_MAG_DIPOLE,128,1,128,1,0,0,0x18010202
1777199409.656,480687,6,4,ADCS,8,SOLAR,2,COMMAND,81,SET_MAG_DIPOLE,128,1,128,1,0,0,0x18010202
1777199410.697,481729,6,4,ADCS,8,SOLAR,2,COMMAND,81,SET_MAG_DIPOLE,128,1,128,1,0,0,0x18010202
1777199411.740,482771,6,4,ADCS,8,SOLAR,2,COMMAND,81,SET_MAG_DIPOLE,128,1,128,1,0,0,0x18010202
1777199412.782,483813,6,4,ADCS,8,SOLAR,2,COMMAND,81,SET_MAG_DIPOLE,128,1,128,1,0,0,0x18010202
1777199413.848,484855,6,4,ADCS,8,SOLAR,2,COMMAND,81,SET_MAG_DIPOLE,128,1,128,1,0,0,0x18010202
1777199414.867,485897,6,4,ADCS,8,SOLAR,2,COMMAND,81,SET_MAG_DIPOLE,128,1,128,1,0,0,0x18010202
1777199415.914,486939,6,4,ADCS,8,SOLAR,2,COMMAND,81,SET_MAG_DIPOLE,128,1,128,1,0,0,0x18010202
1777199416.950,487981,6,4,ADCS,8,SOLAR,2,COMMAND,81,SET_MAG_DIPOLE,128,1,128,1,0,0,0x18010202
1777199417.992,489023,6,4,ADCS,8,SOLAR,2,COMMAND,81,SET_MAG_DIPOLE,128,1,128,1,0,0,0x18010202
1777199419.068,490065,6,4,ADCS,8,SOLAR,2,COMMAND,81,SET_MAG_DIPOLE,128,1,128,1,0,0,0x18010202
1777199420.083,491107,6,4,ADCS,8,SOLAR,2,COMMAND,81,SET_MAG_DIPOLE,128,1,128,1,0,0,0x18010202
1777199421.118,492149,6,4,ADCS,8,SOLAR,2,COMMAND,81,SET_MAG_DIPOLE,128,1,128,1,0,0,0x18010202
1777199422.159,493191,6,4,ADCS,8,SOLAR,2,COMMAND,81,SET_MAG_DIPOLE,128,1,128,1,0,0,0x18010202
1777199423.207,494233,6,4,ADCS,8,SOLAR,2,COMMAND,81,SET_MAG_DIPOLE,128,1,128,1,0,0,0x18010202
1777199424.243,495275,6,4,ADCS,8,SOLAR,2,COMMAND,81,SET_MAG_DIPOLE,128,1,128,1,0,0,0x18010202
1777199425.332,496317,6,4,ADCS,8,SOLAR,2,COMMAND,81,SET_MAG_DIPOLE,128,1,128,1,0,0,0x18010202
1777199426.339,497359,6,4,ADCS,8,SOLAR,2,COMMAND,81,SET_MAG_DIPOLE,128,1,128,1,0,0,0x18010202
1777199427.370,498401,6,4,ADCS,8,SOLAR,2,COMMAND,81,SET_MAG_DIPOLE,128,1,128,1,0,0,0x18010202
1777199428.412,499443,6,4,ADCS,8,SOLAR,2,COMMAND,81,SET_MAG_DIPOLE,128,1,128,1,0,0,0x18010202
1777199429.456,500485,6,4,ADCS,8,SOLAR,2,COMMAND,81,SET_MAG_DIPOLE,128,1,128,1,0,0,0x18010202
1777199430.496,501527,6,4,ADCS,8,SOLAR,2,COMMAND,81,SET_MAG_DIPOLE,128,1,128,1,0,0,0x18010202
1777199431.560,502569,6,4,ADCS,8,SOLAR,2,COMMAND,81,SET_MAG_DIPOLE,128,1,128,1,0,0,0x18010202
1777199432.581,503611,6,4,ADCS,8,SOLAR,2,COMMAND,81,SET_MAG_DIPOLE,128,1,128,1,0,0,0x18010202
1777199433.622,504653,6,4,ADCS,8,SOLAR,2,COMMAND,81,SET_MAG_DIPOLE,128,1,128,1,0,0,0x18010202
1777199434.665,505695,6,4,ADCS,8,SOLAR,2,COMMAND,81,SET_MAG_DIPOLE,128,1,128,1,0,0,0x18010202
1777199435.706,506737,6,4,ADCS,8,SOLAR,2,COMMAND,81,SET_MAG_DIPOLE,128,1,128,1,0,0,0x18010202
1777199436.781,507779,6,4,ADCS,8,SOLAR,2,COMMAND,81,SET_MAG_DIPOLE,128,1,128,1,0,0,0x18010202
1777199437.808,508821,6,4,ADCS,8,SOLAR,2,COMMAND,81,SET_MAG_DIPOLE,128,1,128,1,0,0,0x18010202
1777199438.820,509863,6,4,ADCS,8,SOLAR,2,COMMAND,81,SET_MAG_DIPOLE,128,1,128,1,0,0,0x18010202
1777199439.861,510905,6,4,ADCS,8,SOLAR,2,COMMAND,81,SET_MAG_DIPOLE,128,1,128,1,0,0,0x18010202
1777199440.917,511947,6,4,ADCS,8,SOLAR,2,COMMAND,81,SET_MAG_DIPOLE,128,1,128,1,0,0,0x18010202
1777199441.958,512989,6,4,ADCS,8,SOLAR,2,COMMAND,81,SET_MAG_DIPOLE,128,1,128,1,0,0,0x18010202
1777199443.032,514031,6,4,ADCS,8,SOLAR,2,COMMAND,81,SET_MAG_DIPOLE,128,1,128,1,0,0,0x18010202
1777199444.045,515073,6,4,ADCS,8,SOLAR,2,COMMAND,81,SET_MAG_DIPOLE,128,1,128,1,0,0,0x18010202
1777199445.084,516115,6,4,ADCS,8,SOLAR,2,COMMAND,81,SET_MAG_DIPOLE,128,1,128,1,0,0,0x18010202
1777199446.126,517157,6,4,ADCS,8,SOLAR,2,COMMAND,81,SET_MAG_DIPOLE,128,1,128,1,0,0,0x18010202
1777199447.169,518199,6,4,ADCS,8,SOLAR,2,COMMAND,81,SET_MAG_DIPOLE,128,1,128,1,0,0,0x18010202
1777199448.210,519241,6,4,ADCS,8,SOLAR,2,COMMAND,81,SET_MAG_DIPOLE,128,1,128,1,0,0,0x18010202
1777199449.276,520283,6,4,ADCS,8,SOLAR,2,COMMAND,81,SET_MAG_DIPOLE,128,1,128,1,0,0,0x18010202
1777199450.300,521325,6,4,ADCS,8,SOLAR,2,COMMAND,81,SET_MAG_DIPOLE,128,1,128,1,0,0,0x18010202
1777199451.336,522367,6,4,ADCS,8,SOLAR,2,COMMAND,81,SET_MAG_DIPOLE,128,1,128,1,0,0,0x18010202
1777199452.379,523409,6,4,ADCS,8,SOLAR,2,COMMAND,81,SET_MAG_DIPOLE,128,1,128,1,0,0,0x18010202
1777199453.421,524451,6,4,ADCS,8,SOLAR,2,COMMAND,81,SET_MAG_DIPOLE,128,1,128,1,0,0,0x18010202
1777199454.490,525493,6,4,ADCS,8,SOLAR,2,COMMAND,81,SET_MAG_DIPOLE,128,1,128,1,0,0,0x18010202
1777199455.526,526535,6,4,ADCS,8,SOLAR,2,COMMAND,81,SET_MAG_DIPOLE,128,1,128,1,0,0,0x18010202
1777199456.547,527577,6,4,ADCS,8,SOLAR,2,COMMAND,81,SET_MAG_DIPOLE,128,1,128,1,0,0,0x18010202
1777199457.589,528619,6,4,ADCS,8,SOLAR,2,COMMAND,81,SET_MAG_DIPOLE,128,1,128,1,0,0,0x18010202
1777199458.635,529661,6,4,ADCS,8,SOLAR,2,COMMAND,81,SET_MAG_DIPOLE,128,1,128,1,0,0,0x18010202
1777199459.673,530703,6,4,ADCS,8,SOLAR,2,COMMAND,81,SET_MAG_DIPOLE,128,1,128,1,0,0,0x18010202
1777199460.748,531745,6,4,ADCS,8,SOLAR,2,COMMAND,81,SET_MAG_DIPOLE,128,1,128,1,0,0,0x18010202
1777199461.766,532787,6,4,ADCS,8,SOLAR,2,COMMAND,81,SET_MAG_DIPOLE,128,1,128,1,0,0,0x18010202
1777199462.793,533829,6,4,ADCS,8,SOLAR,2,COMMAND,81,SET_MAG_DIPOLE,128,1,128,1,0,0,0x18010202
1777199463.841,534871,6,4,ADCS,8,SOLAR,2,COMMAND,81,SET_MAG_DIPOLE,128,1,128,1,0,0,0x18010202
1777199464.882,535913,6,4,ADCS,8,SOLAR,2,COMMAND,81,SET_MAG_DIPOLE,128,1,128,1,0,0,0x18010202
1777199465.925,536955,6,4,ADCS,8,SOLAR,2,COMMAND,81,SET_MAG_DIPOLE,128,1,128,1,0,0,0x18010202
1777199466.987,537997,6,4,ADCS,8,SOLAR,2,COMMAND,81,SET_MAG_DIPOLE,128,1,128,1,0,0,0x18010202
1777199468.019,539039,6,4,ADCS,8,SOLAR,2,COMMAND,81,SET_MAG_DIPOLE,128,1,128,1,0,0,0x18010202
1777199469.051,540081,6,4,ADCS,8,SOLAR,2,COMMAND,81,SET_MAG_DIPOLE,128,1,128,1,0,0,0x18010202
1777199470.093,541123,6,4,ADCS,8,SOLAR,2,COMMAND,81,SET_MAG_DIPOLE,128,1,128,1,0,0,0x18010202
1777199471.135,542165,6,4,ADCS,8,SOLAR,2,COMMAND,81,SET_MAG_DIPOLE,128,1,128,1,0,0,0x18010202
1777199472.208,543207,6,4,ADCS,8,SOLAR,2,COMMAND,81,SET_MAG_DIPOLE,128,1,128,1,0,0,0x18010202
1777199473.231,544249,6,4,ADCS,8,SOLAR,2,COMMAND,81,SET_MAG_DIPOLE,128,1,128,1,0,0,0x18010202
1777199474.267,545291,6,4,ADCS,8,SOLAR,2,COMMAND,81,SET_MAG_DIPOLE,128,1,128,1,0,0,0x18010202
1777199475.302,546333,6,4,ADCS,8,SOLAR,2,COMMAND,81,SET_MAG_DIPOLE,128,1,128,1,0,0,0x18010202
1777199476.346,547375,6,4,ADCS,8,SOLAR,2,COMMAND,81,SET_MAG_DIPOLE,128,1,128,1,0,0,0x18010202
1777199477.387,548417,6,4,ADCS,8,SOLAR,2,COMMAND,81,SET_MAG_DIPOLE,128,1,128,1,0,0,0x18010202
1777199478.457,549459,6,4,ADCS,8,SOLAR,2,COMMAND,81,SET_MAG_DIPOLE,128,1,128,1,0,0,0x18010202
1777199479.480,550501,6,4,ADCS,8,SOLAR,2,COMMAND,81,SET_MAG_DIPOLE,128,1,128,1,0,0,0x18010202
1777199480.513,551543,6,4,ADCS,8,SOLAR,2,COMMAND,81,SET_MAG_DIPOLE,128,1,128,1,0,0,0x18010202
1777199481.568,552585,6,4,ADCS,8,SOLAR,2,COMMAND,81,SET_MAG_DIPOLE,128,1,128,1,0,0,0x18010202
1777199482.597,553627,6,4,ADCS,8,SOLAR,2,COMMAND,81,SET_MAG_DIPOLE,128,1,128,1,0,0,0x18010202
1777199483.639,554669,6,4,ADCS,8,SOLAR,2,COMMAND,81,SET_MAG_DIPOLE,128,1,128,1,0,0,0x18010202
1777199484.712,555711,6,4,ADCS,8,SOLAR,2,COMMAND,81,SET_MAG_DIPOLE,128,1,128,1,0,0,0x18010202
1777199485.730,556753,6,4,ADCS,8,SOLAR,2,COMMAND,81,SET_MAG_DIPOLE,128,1,128,1,0,0,0x18010202
1777199486.767,557795,6,4,ADCS,8,SOLAR,2,COMMAND,81,SET_MAG_DIPOLE,128,1,128,1,0,0,0x18010202
1777199487.806,558837,6,4,ADCS,8,SOLAR,2,COMMAND,81,SET_MAG_DIPOLE,128,1,128,1,0,0,0x18010202
1777199488.849,559879,6,4,ADCS,8,SOLAR,2,COMMAND,81,SET_MAG_DIPOLE,128,1,128,1,0,0,0x18010202
1777199489.935,560921,6,4,ADCS,8,SOLAR,2,COMMAND,81,SET_MAG_DIPOLE,128,1,128,1,0,0,0x18010202
1777199490.958,561963,6,4,ADCS,8,SOLAR,2,COMMAND,81,SET_MAG_DIPOLE,128,1,128,1,0,0,0x18010202
1777199491.979,563005,6,4,ADCS,8,SOLAR,2,COMMAND,81,SET_MAG_DIPOLE,128,1,128,1,0,0,0x18010202
1777199493.017,564047,6,4,ADCS,8,SOLAR,2,COMMAND,81,SET_MAG_DIPOLE,128,1,128,1,0,0,0x18010202
1777199494.060,565089,6,4,ADCS,8,SOLAR,2,COMMAND,81,SET_MAG_DIPOLE,128,1,128,1,0,0,0x18010202
1777199495.093,566131,6,4,ADCS,8,SOLAR,2,COMMAND,81,SET_MAG_DIPOLE,128,1,128,1,0,0,0x18010202
1777199496.178,567173,6,4,ADCS,8,SOLAR,2,COMMAND,81,SET_MAG_DIPOLE,128,1,128,1,0,0,0x18010202
1777199497.206,568215,6,4,ADCS,8,SOLAR,2,COMMAND,81,SET_MAG_DIPOLE,128,1,128,1,0,0,0x18010202
1777199498.228,569257,6,4,ADCS,8,SOLAR,2,COMMAND,81,SET_MAG_DIPOLE,128,1,128,1,0,0,0x18010202
1777199499.269,570299,6,4,ADCS,8,SOLAR,2,COMMAND,81,SET_MAG_DIPOLE,128,1,128,1,0,0,0x18010202
1777199500.311,571341,6,4,ADCS,8,SOLAR,2,COMMAND,81,SET_MAG_DIPOLE,128,1,128,1,0,0,0x18010202
1777199501.353,572383,6,4,ADCS,8,SOLAR,2,COMMAND,81,SET_MAG_DIPOLE,128,1,128,1,0,0,0x18010202
1777199502.425,573425,6,4,ADCS,8,SOLAR,2,COMMAND,81,SET_MAG_DIPOLE,128,1,128,1,0,0,0x18010202
1777199503.446,574467,6,4,ADCS,8,SOLAR,2,COMMAND,81,SET_MAG_DIPOLE,128,1,128,1,0,0,0x18010202
1777199504.479,575509,6,4,ADCS,8,SOLAR,2,COMMAND,81,SET_MAG_DIPOLE,128,1,128,1,0,0,0x18010202
1777199505.521,576551,6,4,ADCS,8,SOLAR,2,COMMAND,81,SET_MAG_DIPOLE,128,1,128,1,0,0,0x18010202
1777199506.563,577593,6,4,ADCS,8,SOLAR,2,COMMAND,81,SET_MAG_DIPOLE,128,1,128,1,0,0,0x18010202
1777199507.605,578635,6,4,ADCS,8,SOLAR,2,COMMAND,81,SET_MAG_DIPOLE,128,1,128,1,0,0,0x18010202
1777199508.660,579677,6,4,ADCS,8,SOLAR,2,COMMAND,81,SET_MAG_DIPOLE,128,1,128,1,0,0,0x18010202
1777199509.699,580719,6,4,ADCS,8,SOLAR,2,COMMAND,81,SET_MAG_DIPOLE,128,1,128,1,0,0,0x18010202
1777199510.732,581761,6,4,ADCS,8,SOLAR,2,COMMAND,81,SET_MAG_DIPOLE,128,1,128,1,0,0,0x18010202
1777199511.775,582803,6,4,ADCS,8,SOLAR,2,COMMAND,81,SET_MAG_DIPOLE,128,1,128,1,0,0,0x18010202
1777199512.802,583845,6,4,ADCS,8,SOLAR,2,COMMAND,81,SET_MAG_DIPOLE,128,1,128,1,0,0,0x18010202
1777199513.888,584887,6,4,ADCS,8,SOLAR,2,COMMAND,81,SET_MAG_DIPOLE,128,1,128,1,0,0,0x18010202
1777199514.916,585929,6,4,ADCS,8,SOLAR,2,COMMAND,81,SET_MAG_DIPOLE,128,1,128,1,0,0,0x18010202
1777199515.943,586971,6,4,ADCS,8,SOLAR,2,COMMAND,81,SET_MAG_DIPOLE,128,1,128,1,0,0,0x18010202
1777199516.978,588013,6,4,ADCS,8,SOLAR,2,COMMAND,81,SET_MAG_DIPOLE,128,1,128,1,0,0,0x18010202
1777199518.015,589055,6,4,ADCS,8,SOLAR,2,COMMAND,81,SET_MAG_DIPOLE,128,1,128,1,0,0,0x18010202
1777199519.069,590097,6,4,ADCS,8,SOLAR,2,COMMAND,81,SET_MAG_DIPOLE,128,1,128,1,0,0,0x18010202
1777199520.130,591139,6,4,ADCS,8,SOLAR,2,COMMAND,81,SET_MAG_DIPOLE,128,1,128,1,0,0,0x18010202
1777199521.164,592181,6,4,ADCS,8,SOLAR,2,COMMAND,81,SET_MAG_DIPOLE,128,1,128,1,0,0,0x18010202
1777199522.194,593223,6,4,ADCS,8,SOLAR,2,COMMAND,81,SET_MAG_DIPOLE,128,1,128,1,0,0,0x18010202
1777199523.225,594265,6,4,ADCS,8,SOLAR,2,COMMAND,81,SET_MAG_DIPOLE,128,1,128,1,0,0,0x18010202
1777199524.278,595307,6,4,ADCS,8,SOLAR,2,COMMAND,81,SET_MAG_DIPOLE,128,1,128,1,0,0,0x18010202
1777199525.320,596349,6,4,ADCS,8,SOLAR,2,COMMAND,81,SET_MAG_DIPOLE,128,1,128,1,0,0,0x18010202
1777199526.381,597391,6,4,ADCS,8,SOLAR,2,COMMAND,81,SET_MAG_DIPOLE,128,1,128,1,0,0,0x18010202
1777199527.412,598433,6,4,ADCS,8,SOLAR,2,COMMAND,81,SET_MAG_DIPOLE,128,1,128,1,0,0,0x18010202
1777199528.439,599475,6,4,ADCS,8,SOLAR,2,COMMAND,81,SET_MAG_DIPOLE,128,1,128,1,0,0,0x18010202
1777199529.488,600517,6,4,ADCS,8,SOLAR,2,COMMAND,81,SET_MAG_DIPOLE,128,1,128,1,0,0,0x18010202
1777199530.529,601559,6,4,ADCS,8,SOLAR,2,COMMAND,81,SET_MAG_DIPOLE,128,1,128,1,0,0,0x18010202
1777199531.613,602601,6,4,ADCS,8,SOLAR,2,COMMAND,81,SET_MAG_DIPOLE,128,1,128,1,0,0,0x18010202
1777199532.631,603643,6,4,ADCS,8,SOLAR,2,COMMAND,81,SET_MAG_DIPOLE,128,1,128,1,0,0,0x18010202
1777199533.677,604685,6,4,ADCS,8,SOLAR,2,COMMAND,81,SET_MAG_DIPOLE,128,1,128,1,0,0,0x18010202
1777199534.698,605727,6,4,ADCS,8,SOLAR,2,COMMAND,81,SET_MAG_DIPOLE,128,1,128,1,0,0,0x18010202
1777199535.728,606769,6,4,ADCS,8,SOLAR,2,COMMAND,81,SET_MAG_DIPOLE,128,1,128,1,0,0,0x18010202
1777199536.832,607811,6,4,ADCS,8,SOLAR,2,COMMAND,81,SET_MAG_DIPOLE,128,1,128,1,0,0,0x18010202
1777199537.855,608853,6,4,ADCS,8,SOLAR,2,COMMAND,81,SET_MAG_DIPOLE,128,1,128,1,0,0,0x18010202
1777199538.901,609895,6,4,ADCS,8,SOLAR,2,COMMAND,81,SET_MAG_DIPOLE,128,1,128,1,0,0,0x18010202
1777199539.933,610937,6,4,ADCS,8,SOLAR,2,COMMAND,81,SET_MAG_DIPOLE,128,1,128,1,0,0,0x18010202
1777199540.964,611979,6,4,ADCS,8,SOLAR,2,COMMAND,81,SET_MAG_DIPOLE,128,1,128,1,0,0,0x18010202
1777199541.991,613021,6,4,ADCS,8,SOLAR,2,COMMAND,81,SET_MAG_DIPOLE,128,1,128,1,0,0,0x18010202
1777199543.035,614063,6,4,ADCS,8,SOLAR,2,COMMAND,81,SET_MAG_DIPOLE,128,1,128,1,0,0,0x18010202
1777199544.102,615105,6,4,ADCS,8,SOLAR,2,COMMAND,81,SET_MAG_DIPOLE,128,1,128,1,0,0,0x18010202
1777199545.119,616147,6,4,ADCS,8,SOLAR,2,COMMAND,81,SET_MAG_DIPOLE,128,1,128,1,0,0,0x18010202
1777199546.160,617189,6,4,ADCS,8,SOLAR,2,COMMAND,81,SET_MAG_DIPOLE,128,1,128,1,0,0,0x18010202
1777199547.202,618231,6,4,ADCS,8,SOLAR,2,COMMAND,81,SET_MAG_DIPOLE,128,1,128,1,0,0,0x18010202
1777199548.245,619273,6,4,ADCS,8,SOLAR,2,COMMAND,81,SET_MAG_DIPOLE,128,1,128,1,0,0,0x18010202
1777199549.321,620315,6,4,ADCS,8,SOLAR,2,COMMAND,81,SET_MAG_DIPOLE,128,1,128,1,0,0,0x18010202
1777199550.335,621357,6,4,ADCS,8,SOLAR,2,COMMAND,81,SET_MAG_DIPOLE,128,1,128,1,0,0,0x18010202
1777199551.371,622399,6,4,ADCS,8,SOLAR,2,COMMAND,81,SET_MAG_DIPOLE,128,1,128,1,0,0,0x18010202
1777199552.412,623441,6,4,ADCS,8,SOLAR,2,COMMAND,81,SET_MAG_DIPOLE,128,1,128,1,0,0,0x18010202
1777199553.454,624483,6,4,ADCS,8,SOLAR,2,COMMAND,81,SET_MAG_DIPOLE,128,1,128,1,0,0,0x18010202
1777199554.496,625525,6,4,ADCS,8,SOLAR,2,COMMAND,81,SET_MAG_DIPOLE,128,1,128,1,0,0,0x18010202
1777199555.565,626567,6,4,ADCS,8,SOLAR,2,COMMAND,81,SET_MAG_DIPOLE,128,1,128,1,0,0,0x18010202
1777199556.595,627609,6,4,ADCS,8,SOLAR,2,COMMAND,81,SET_MAG_DIPOLE,128,1,128,1,0,0,0x18010202
1777199557.622,628651,6,4,ADCS,8,SOLAR,2,COMMAND,81,SET_MAG_DIPOLE,128,1,128,1,0,0,0x18010202
1777199558.664,629693,6,4,ADCS,8,SOLAR,2,COMMAND,81,SET_MAG_DIPOLE,128,1,128,1,0,0,0x18010202
1777199559.706,630735,6,4,ADCS,8,SOLAR,2,COMMAND,81,SET_MAG_DIPOLE,128,1,128,1,0,0,0x18010202
1777199560.748,631777,6,4,ADCS,8,SOLAR,2,COMMAND,81,SET_MAG_DIPOLE,128,1,128,1,0,0,0x18010202
1777199561.815,632819,6,4,ADCS,8,SOLAR,2,COMMAND,81,SET_MAG_DIPOLE,128,1,128,1,0,0,0x18010202
1777199562.844,633861,6,4,ADCS,8,SOLAR,2,COMMAND,81,SET_MAG_DIPOLE,128,1,128,1,0,0,0x18010202
1777199563.875,634903,6,4,ADCS,8,SOLAR,2,COMMAND,81,SET_MAG_DIPOLE,128,1,128,1,0,0,0x18010202
1777199564.917,635945,6,4,ADCS,8,SOLAR,2,COMMAND,81,SET_MAG_DIPOLE,128,1,128,1,0,0,0x18010202
1777199565.958,636987,6,4,ADCS,8,SOLAR,2,COMMAND,81,SET_MAG_DIPOLE,128,1,128,1,0,0,0x18010202
1777199567.001,638029,6,4,ADCS,8,SOLAR,2,COMMAND,81,SET_MAG_DIPOLE,128,1,128,1,0,0,0x18010202
1777199568.063,639071,6,4,ADCS,8,SOLAR,2,COMMAND,81,SET_MAG_DIPOLE,128,1,128,1,0,0,0x18010202
1777199569.093,640113,6,4,ADCS,8,SOLAR,2,COMMAND,81,SET_MAG_DIPOLE,128,1,128,1,0,0,0x18010202
1777199570.127,641155,6,4,ADCS,8,SOLAR,2,COMMAND,81,SET_MAG_DIPOLE,128,1,128,1,0,0,0x18010202
1777199571.169,642197,6,4,ADCS,8,SOLAR,2,COMMAND,81,SET_MAG_DIPOLE,128,1,128,1,0,0,0x18010202
1777199572.215,643239,6,4,ADCS,8,SOLAR,2,COMMAND,81,SET_MAG_DIPOLE,128,1,128,1,0,0,0x18010202
1777199573.290,644281,6,4,ADCS,8,SOLAR,2,COMMAND,81,SET_MAG_DIPOLE,128,1,128,1,0,0,0x18010202
1777199574.310,645323,6,4,ADCS,8,SOLAR,2,COMMAND,81,SET_MAG_DIPOLE,128,1,128,1,0,0,0x18010202
1777199575.337,646365,6,4,ADCS,8,SOLAR,2,COMMAND,81,SET_MAG_DIPOLE,128,1,128,1,0,0,0x18010202
1777199576.383,647407,6,4,ADCS,8,SOLAR,2,COMMAND,81,SET_MAG_DIPOLE,128,1,128,1,0,0,0x18010202
1777199577.420,648449,6,4,ADCS,8,SOLAR,2,COMMAND,81,SET_MAG_DIPOLE,128,1,128,1,0,0,0x18010202
1777199578.477,649491,6,4,ADCS,8,SOLAR,2,COMMAND,81,SET_MAG_DIPOLE,128,1,128,1,0,0,0x18010202
1777199579.532,650533,6,4,ADCS,8,SOLAR,2,COMMAND,81,SET_MAG_DIPOLE,128,1,128,1,0,0,0x18010202
1777199580.558,651575,6,4,ADCS,8,SOLAR,2,COMMAND,81,SET_MAG_DIPOLE,128,1,128,1,0,0,0x18010202
1777199581.589,652617,6,4,ADCS,8,SOLAR,2,COMMAND,81,SET_MAG_DIPOLE,128,1,128,1,0,0,0x18010202
1777199582.630,653659,6,4,ADCS,8,SOLAR,2,COMMAND,81,SET_MAG_DIPOLE,128,1,128,1,0,0,0x18010202
1777199583.673,654701,6,4,ADCS,8,SOLAR,2,COMMAND,81,SET_MAG_DIPOLE,128,1,128,1,0,0,0x18010202
1777199584.714,655743,6,4,ADCS,8,SOLAR,2,COMMAND,81,SET_MAG_DIPOLE,128,1,128,1,0,0,0x18010202
1777199585.782,656785,6,4,ADCS,8,SOLAR,2,COMMAND,81,SET_MAG_DIPOLE,128,1,128,1,0,0,0x18010202
1777199586.822,657827,6,4,ADCS,8,SOLAR,2,COMMAND,81,SET_MAG_DIPOLE,128,1,128,1,0,0,0x18010202
1777199587.841,658869,6,4,ADCS,8,SOLAR,2,COMMAND,81,SET_MAG_DIPOLE,128,1,128,1,0,0,0x18010202
1777199588.884,659911,6,4,ADCS,8,SOLAR,2,COMMAND,81,SET_MAG_DIPOLE,128,1,128,1,0,0,0x18010202
1777199589.925,660953,6,4,ADCS,8,SOLAR,2,COMMAND,81,SET_MAG_DIPOLE,128,1,128,1,0,0,0x18010202
1777199590.995,661995,6,4,ADCS,8,SOLAR,2,COMMAND,81,SET_MAG_DIPOLE,128,1,128,1,0,0,0x18010202
1777199592.022,663037,6,4,ADCS,8,SOLAR,2,COMMAND,81,SET_MAG_DIPOLE,128,1,128,1,0,0,0x18010202
1777199593.051,664079,6,4,ADCS,8,SOLAR,2,COMMAND,81,SET_MAG_DIPOLE,128,1,128,1,0,0,0x18010202
1777199594.093,665121,6,4,ADCS,8,SOLAR,2,COMMAND,81,SET_MAG_DIPOLE,128,1,128,1,0,0,0x18010202
1777199595.135,666163,6,4,ADCS,8,SOLAR,2,COMMAND,81,SET_MAG_DIPOLE,128,1,128,1,0,0,0x18010202
1777199596.177,667205,6,4,ADCS,8,SOLAR,2,COMMAND,81,SET_MAG_DIPOLE,128,1,128,1,0,0,0x18010202
1777199597.251,668247,6,4,ADCS,8,SOLAR,2,COMMAND,81,SET_MAG_DIPOLE,128,1,128,1,0,0,0x18010202
1777199598.275,669289,6,4,ADCS,8,SOLAR,2,COMMAND,81,SET_MAG_DIPOLE,128,1,128,1,0,0,0x18010202
1777199599.303,670331,6,4,ADCS,8,SOLAR,2,COMMAND,81,SET_MAG_DIPOLE,128,1,128,1,0,0,0x18010202
1777199600.340,671373,6,4,ADCS,8,SOLAR,2,COMMAND,81,SET_MAG_DIPOLE,128,1,128,1,0,0,0x18010202
1777199601.385,672415,6,4,ADCS,8,SOLAR,2,COMMAND,81,SET_MAG_DIPOLE,128,1,128,1,0,0,0x18010202
1777199602.428,673457,6,4,ADCS,8,SOLAR,2,COMMAND,81,SET_MAG_DIPOLE,128,1,128,1,0,0,0x18010202
1777199603.506,674499,6,4,ADCS,8,SOLAR,2,COMMAND,81,SET_MAG_DIPOLE,128,1,128,1,0,0,0x18010202
1777199604.522,675541,6,4,ADCS,8,SOLAR,2,COMMAND,81,SET_MAG_DIPOLE,128,1,128,1,0,0,0x18010202
1777199605.555,676583,6,4,ADCS,8,SOLAR,2,COMMAND,81,SET_MAG_DIPOLE,128,1,128,1,0,0,0x18010202
1777199606.597,677625,6,4,ADCS,8,SOLAR,2,COMMAND,81,SET_MAG_DIPOLE,128,1,128,1,0,0,0x18010202
1777199607.644,678667,6,4,ADCS,8,SOLAR,2,COMMAND,81,SET_MAG_DIPOLE,128,1,128,1,0,0,0x18010202
1777199608.721,679709,6,4,ADCS,8,SOLAR,2,COMMAND,81,SET_MAG_DIPOLE,128,1,128,1,0,0,0x18010202
1777199609.738,680751,6,4,ADCS,8,SOLAR,2,COMMAND,81,SET_MAG_DIPOLE,128,1,128,1,0,0,0x18010202
1777199610.768,681793,6,4,ADCS,8,SOLAR,2,COMMAND,81,SET_MAG_DIPOLE,128,1,128,1,0,0,0x18010202
1777199611.809,682835,6,4,ADCS,8,SOLAR,2,COMMAND,81,SET_MAG_DIPOLE,128,1,128,1,0,0,0x18010202
1777199612.845,683877,6,4,ADCS,8,SOLAR,2,COMMAND,81,SET_MAG_DIPOLE,128,1,128,1,0,0,0x18010202
1777199613.901,684919,6,4,ADCS,8,SOLAR,2,COMMAND,81,SET_MAG_DIPOLE,128,1,128,1,0,0,0x18010202
1777199614.964,685961,6,4,ADCS,8,SOLAR,2,COMMAND,81,SET_MAG_DIPOLE,128,1,128,1,0,0,0x18010202
1777199615.994,687003,6,4,ADCS,8,SOLAR,2,COMMAND,81,SET_MAG_DIPOLE,128,1,128,1,0,0,0x18010202
1777199617.017,688045,6,4,ADCS,8,SOLAR,2,COMMAND,81,SET_MAG_DIPOLE,128,1,128,1,0,0,0x18010202
1777199618.062,689087,6,4,ADCS,8,SOLAR,2,COMMAND,81,SET_MAG_DIPOLE,128,1,128,1,0,0,0x18010202
1777199619.101,690129,6,4,ADCS,8,SOLAR,2,COMMAND,81,SET_MAG_DIPOLE,128,1,128,1,0,0,0x18010202
1777199620.143,691171,6,4,ADCS,8,SOLAR,2,COMMAND,81,SET_MAG_DIPOLE,128,1,128,1,0,0,0x18010202
1777199621.210,692213,6,4,ADCS,8,SOLAR,2,COMMAND,81,SET_MAG_DIPOLE,128,1,128,1,0,0,0x18010202
1777199622.234,693255,6,4,ADCS,8,SOLAR,2,COMMAND,81,SET_MAG_DIPOLE,128,1,128,1,0,0,0x18010202
1777199623.269,694297,6,4,ADCS,8,SOLAR,2,COMMAND,81,SET_MAG_DIPOLE,128,1,128,1,0,0,0x18010202
1777199624.311,695339,6,4,ADCS,8,SOLAR,2,COMMAND,81,SET_MAG_DIPOLE,128,1,128,1,0,0,0x18010202
1777199625.352,696381,6,4,ADCS,8,SOLAR,2,COMMAND,81,SET_MAG_DIPOLE,128,1,128,1,0,0,0x18010202
1777199626.395,697423,6,4,ADCS,8,SOLAR,2,COMMAND,81,SET_MAG_DIPOLE,128,1,128,1,0,0,0x18010202
1777199627.450,698465,6,4,ADCS,8,SOLAR,2,COMMAND,81,SET_MAG_DIPOLE,128,1,128,1,0,0,0x18010202
1777199628.485,699507,6,4,ADCS,8,SOLAR,2,COMMAND,81,SET_MAG_DIPOLE,128,1,128,1,0,0,0x18010202
1777199629.530,700549,6,4,ADCS,8,SOLAR,2,COMMAND,81,SET_MAG_DIPOLE,128,1,128,1,0,0,0x18010202
1777199630.564,701591,6,4,ADCS,8,SOLAR,2,COMMAND,81,SET_MAG_DIPOLE,128,1,128,1,0,0,0x18010202
1777199631.606,702633,6,4,ADCS,8,SOLAR,2,COMMAND,81,SET_MAG_DIPOLE,128,1,128,1,0,0,0x18010202
1777199632.681,703675,6,4,ADCS,8,SOLAR,2,COMMAND,81,SET_MAG_DIPOLE,128,1,128,1,0,0,0x18010202
1777199633.708,704717,6,4,ADCS,8,SOLAR,2,COMMAND,81,SET_MAG_DIPOLE,128,1,128,1,0,0,0x18010202
1777199634.726,705759,6,4,ADCS,8,SOLAR,2,COMMAND,81,SET_MAG_DIPOLE,128,1,128,1,0,0,0x18010202
1777199635.773,706801,6,4,ADCS,8,SOLAR,2,COMMAND,81,SET_MAG_DIPOLE,128,1,128,1,0,0,0x18010202
1777199636.817,707843,6,4,ADCS,8,SOLAR,2,COMMAND,81,SET_MAG_DIPOLE,128,1,128,1,0,0,0x18010202
1777199637.859,708885,6,4,ADCS,8,SOLAR,2,COMMAND,81,SET_MAG_DIPOLE,128,1,128,1,0,0,0x18010202
1777199638.931,709927,6,4,ADCS,8,SOLAR,2,COMMAND,81,SET_MAG_DIPOLE,128,1,128,1,0,0,0x18010202
1777199639.956,710969,6,4,ADCS,8,SOLAR,2,COMMAND,81,SET_MAG_DIPOLE,128,1,128,1,0,0,0x18010202
1777199640.984,712011,6,4,ADCS,8,SOLAR,2,COMMAND,81,SET_MAG_DIPOLE,128,1,128,1,0,0,0x18010202
1777199642.025,713053,6,4,ADCS,8,SOLAR,2,COMMAND,81,SET_MAG_DIPOLE,128,1,128,1,0,0,0x18010202
1777199643.068,714095,6,4,ADCS,8,SOLAR,2,COMMAND,81,SET_MAG_DIPOLE,128,1,128,1,0,0,0x18010202
1777199644.110,715137,6,4,ADCS,8,SOLAR,2,COMMAND,81,SET_MAG_DIPOLE,128,1,128,1,0,0,0x18010202
1777199645.175,716179,6,4,ADCS,8,SOLAR,2,COMMAND,81,SET_MAG_DIPOLE,128,1,128,1,0,0,0x18010202
1777199646.200,717221,6,4,ADCS,8,SOLAR,2,COMMAND,81,SET_MAG_DIPOLE,128,1,128,1,0,0,0x18010202
1777199647.236,718263,6,4,ADCS,8,SOLAR,2,COMMAND,81,SET_MAG_DIPOLE,128,1,128,1,0,0,0x18010202
1777199648.284,719305,6,4,ADCS,8,SOLAR,2,COMMAND,81,SET_MAG_DIPOLE,128,1,128,1,0,0,0x18010202
1777199649.320,720347,6,4,ADCS,8,SOLAR,2,COMMAND,81,SET_MAG_DIPOLE,128,1,128,1,0,0,0x18010202
1777199650.399,721389,6,4,ADCS,8,SOLAR,2,COMMAND,81,SET_MAG_DIPOLE,128,1,128,1,0,0,0x18010202
1777199651.418,722431,6,4,ADCS,8,SOLAR,2,COMMAND,81,SET_MAG_DIPOLE,128,1,128,1,0,0,0x18010202
1777199652.446,723473,6,4,ADCS,8,SOLAR,2,COMMAND,81,SET_MAG_DIPOLE,128,1,128,1,0,0,0x18010202
1777199653.488,724515,6,4,ADCS,8,SOLAR,2,COMMAND,81,SET_MAG_DIPOLE,128,1,128,1,0,0,0x18010202
1777199654.529,725557,6,4,ADCS,8,SOLAR,2,COMMAND,81,SET_MAG_DIPOLE,128,1,128,1,0,0,0x18010202
1777199655.572,726599,6,4,ADCS,8,SOLAR,2,COMMAND,81,SET_MAG_DIPOLE,128,1,128,1,0,0,0x18010202
1777199656.644,727641,6,4,ADCS,8,SOLAR,2,COMMAND,81,SET_MAG_DIPOLE,128,1,128,1,0,0,0x18010202
1777199657.666,728683,6,4,ADCS,8,SOLAR,2,COMMAND,81,SET_MAG_DIPOLE,128,1,128,1,0,0,0x18010202
1777199658.698,729725,6,4,ADCS,8,SOLAR,2,COMMAND,81,SET_MAG_DIPOLE,128,1,128,1,0,0,0x18010202
1777199659.740,730767,6,4,ADCS,8,SOLAR,2,COMMAND,81,SET_MAG_DIPOLE,128,1,128,1,0,0,0x18010202
1777199660.783,731809,6,4,ADCS,8,SOLAR,2,COMMAND,81,SET_MAG_DIPOLE,128,1,128,1,0,0,0x18010202
1777199661.825,732851,6,4,ADCS,8,SOLAR,2,COMMAND,81,SET_MAG_DIPOLE,128,1,128,1,0,0,0x18010202
1777199662.879,733893,6,4,ADCS,8,SOLAR,2,COMMAND,81,SET_MAG_DIPOLE,128,1,128,1,0,0,0x18010202
1777199663.913,734935,6,4,ADCS,8,SOLAR,2,COMMAND,81,SET_MAG_DIPOLE,128,1,128,1,0,0,0x18010202
1777199664.951,735977,6,4,ADCS,8,SOLAR,2,COMMAND,81,SET_MAG_DIPOLE,128,1,128,1,0,0,0x18010202
1777199665.995,737019,6,4,ADCS,8,SOLAR,2,COMMAND,81,SET_MAG_DIPOLE,128,1,128,1,0,0,0x18010202
1777199667.034,738061,6,4,ADCS,8,SOLAR,2,COMMAND,81,SET_MAG_DIPOLE,128,1,128,1,0,0,0x18010202
1777199668.122,739103,6,4,ADCS,8,SOLAR,2,COMMAND,81,SET_MAG_DIPOLE,128,1,128,1,0,0,0x18010202
1777199669.125,740145,6,4,ADCS,8,SOLAR,2,COMMAND,81,SET_MAG_DIPOLE,128,1,128,1,0,0,0x18010202
1777199670.161,741187,6,4,ADCS,8,SOLAR,2,COMMAND,81,SET_MAG_DIPOLE,128,1,128,1,0,0,0x18010202
1777199671.202,742229,6,4,ADCS,8,SOLAR,2,COMMAND,81,SET_MAG_DIPOLE,128,1,128,1,0,0,0x18010202
1777199672.244,743271,6,4,ADCS,8,SOLAR,2,COMMAND,81,SET_MAG_DIPOLE,128,1,128,1,0,0,0x18010202
1777199673.293,744313,6,4,ADCS,8,SOLAR,2,COMMAND,81,SET_MAG_DIPOLE,128,1,128,1,0,0,0x18010202
1777199674.360,745355,6,4,ADCS,8,SOLAR,2,COMMAND,81,SET_MAG_DIPOLE,128,1,128,1,0,0,0x18010202
1777199675.379,746397,6,4,ADCS,8,SOLAR,2,COMMAND,81,SET_MAG_DIPOLE,128,1,128,1,0,0,0x18010202
1777199676.412,747439,6,4,ADCS,8,SOLAR,2,COMMAND,81,SET_MAG_DIPOLE,128,1,128,1,0,0,0x18010202
1777199677.454,748481,6,4,ADCS,8,SOLAR,2,COMMAND,81,SET_MAG_DIPOLE,128,1,128,1,0,0,0x18010202
1777199678.496,749523,6,4,ADCS,8,SOLAR,2,COMMAND,81,SET_MAG_DIPOLE,128,1,128,1,0,0,0x18010202
1777199679.538,750565,6,4,ADCS,8,SOLAR,2,COMMAND,81,SET_MAG_DIPOLE,128,1,128,1,0,0,0x18010202
1777199680.608,751607,6,4,ADCS,8,SOLAR,2,COMMAND,81,SET_MAG_DIPOLE,128,1,128,1,0,0,0x18010202
1777199681.631,752649,6,4,ADCS,8,SOLAR,2,COMMAND,81,SET_MAG_DIPOLE,128,1,128,1,0,0,0x18010202
1777199682.673,753691,6,4,ADCS,8,SOLAR,2,COMMAND,81,SET_MAG_DIPOLE,128,1,128,1,0,0,0x18010202
1777199683.707,754733,6,4,ADCS,8,SOLAR,2,COMMAND,81,SET_MAG_DIPOLE,128,1,128,1,0,0,0x18010202
1777199684.748,755775,6,4,ADCS,8,SOLAR,2,COMMAND,81,SET_MAG_DIPOLE,128,1,128,1,0,0,0x18010202
1777199685.831,756817,6,4,ADCS,8,SOLAR,2,COMMAND,81,SET_MAG_DIPOLE,128,1,128,1,0,0,0x18010202
1777199686.866,757859,6,4,ADCS,8,SOLAR,2,COMMAND,81,SET_MAG_DIPOLE,128,1,128,1,0,0,0x18010202
1777199687.875,758901,6,4,ADCS,8,SOLAR,2,COMMAND,81,SET_MAG_DIPOLE,128,1,128,1,0,0,0x18010202
1777199688.917,759943,6,4,ADCS,8,SOLAR,2,COMMAND,81,SET_MAG_DIPOLE,128,1,128,1,0,0,0x18010202
1777199689.958,760985,6,4,ADCS,8,SOLAR,2,COMMAND,81,SET_MAG_DIPOLE,128,1,128,1,0,0,0x18010202
1777199691.001,762027,6,4,ADCS,8,SOLAR,2,COMMAND,81,SET_MAG_DIPOLE,128,1,128,1,0,0,0x18010202
1777199692.073,763069,6,4,ADCS,8,SOLAR,2,COMMAND,81,SET_MAG_DIPOLE,128,1,128,1,0,0,0x18010202
1777199693.101,764111,6,4,ADCS,8,SOLAR,2,COMMAND,81,SET_MAG_DIPOLE,128,1,128,1,0,0,0x18010202
1777199694.127,765153,6,4,ADCS,8,SOLAR,2,COMMAND,81,SET_MAG_DIPOLE,128,1,128,1,0,0,0x18010202
1777199695.168,766195,6,4,ADCS,8,SOLAR,2,COMMAND,81,SET_MAG_DIPOLE,128,1,128,1,0,0,0x18010202
1777199696.211,767237,6,4,ADCS,8,SOLAR,2,COMMAND,81,SET_MAG_DIPOLE,128,1,128,1,0,0,0x18010202
1777199697.252,768279,6,4,ADCS,8,SOLAR,2,COMMAND,81,SET_MAG_DIPOLE,128,1,128,1,0,0,0x18010202
1777199698.319,769321,6,4,ADCS,8,SOLAR,2,COMMAND,81,SET_MAG_DIPOLE,128,1,128,1,0,0,0x18010202
1777199699.347,770363,6,4,ADCS,8,SOLAR,2,COMMAND,81,SET_MAG_DIPOLE,128,1,128,1,0,0,0x18010202
1777199700.379,771405,6,4,ADCS,8,SOLAR,2,COMMAND,81,SET_MAG_DIPOLE,128,1,128,1,0,0,0x18010202
1777199701.429,772447,6,4,ADCS,8,SOLAR,2,COMMAND,81,SET_MAG_DIPOLE,128,1,128,1,0,0,0x18010202
1777199702.463,773489,6,4,ADCS,8,SOLAR,2,COMMAND,81,SET_MAG_DIPOLE,128,1,128,1,0,0,0x18010202
1777199703.505,774531,6,4,ADCS,8,SOLAR,2,COMMAND,81,SET_MAG_DIPOLE,128,1,128,1,0,0,0x18010202
1777199704.570,775573,6,4,ADCS,8,SOLAR,2,COMMAND,81,SET_MAG_DIPOLE,128,1,128,1,0,0,0x18010202
1777199705.606,776615,6,4,ADCS,8,SOLAR,2,COMMAND,81,SET_MAG_DIPOLE,128,1,128,1,0,0,0x18010202
1777199706.631,777657,6,4,ADCS,8,SOLAR,2,COMMAND,81,SET_MAG_DIPOLE,128,1,128,1,0,0,0x18010202
1777199707.674,778699,6,4,ADCS,8,SOLAR,2,COMMAND,81,SET_MAG_DIPOLE,128,1,128,1,0,0,0x18010202
1777199708.716,779741,6,4,ADCS,8,SOLAR,2,COMMAND,81,SET_MAG_DIPOLE,128,1,128,1,0,0,0x18010202
1777199709.795,780783,6,4,ADCS,8,SOLAR,2,COMMAND,81,SET_MAG_DIPOLE,128,1,128,1,0,0,0x18010202
1777199710.833,781825,6,4,ADCS,8,SOLAR,2,COMMAND,81,SET_MAG_DIPOLE,128,1,128,1,0,0,0x18010202
1777199711.861,782867,6,4,ADCS,8,SOLAR,2,COMMAND,81,SET_MAG_DIPOLE,128,1,128,1,0,0,0x18010202
1777199712.894,783909,6,4,ADCS,8,SOLAR,2,COMMAND,81,SET_MAG_DIPOLE,128,1,128,1,0,0,0x18010202
1777199713.926,784951,6,4,ADCS,8,SOLAR,2,COMMAND,81,SET_MAG_DIPOLE,128,1,128,1,0,0,0x18010202
1777199714.967,785993,6,4,ADCS,8,SOLAR,2,COMMAND,81,SET_MAG_DIPOLE,128,1,128,1,0,0,0x18010202
1777199716.044,787035,6,4,ADCS,8,SOLAR,2,COMMAND,81,SET_MAG_DIPOLE,128,1,128,1,0,0,0x18010202
1777199717.058,788077,6,4,ADCS,8,SOLAR,2,COMMAND,81,SET_MAG_DIPOLE,128,1,128,1,0,0,0x18010202
1777199718.096,789119,6,4,ADCS,8,SOLAR,2,COMMAND,81,SET_MAG_DIPOLE,128,1,128,1,0,0,0x18010202
1777199719.136,790161,6,4,ADCS,8,SOLAR,2,COMMAND,81,SET_MAG_DIPOLE,128,1,128,1,0,0,0x18010202
1777199720.177,791203,6,4,ADCS,8,SOLAR,2,COMMAND,81,SET_MAG_DIPOLE,128,1,128,1,0,0,0x18010202
1777199721.219,792245,6,4,ADCS,8,SOLAR,2,COMMAND,81,SET_MAG_DIPOLE,128,1,128,1,0,0,0x18010202
1777199722.293,793287,6,4,ADCS,8,SOLAR,2,COMMAND,81,SET_MAG_DIPOLE,128,1,128,1,0,0,0x18010202
1777199723.319,794329,6,4,ADCS,8,SOLAR,2,COMMAND,81,SET_MAG_DIPOLE,128,1,128,1,0,0,0x18010202
1777199724.355,795371,6,4,ADCS,8,SOLAR,2,COMMAND,81,SET_MAG_DIPOLE,128,1,128,1,0,0,0x18010202
1777199725.388,796413,6,4,ADCS,8,SOLAR,2,COMMAND,81,SET_MAG_DIPOLE,128,1,128,1,0,0,0x18010202
1777199726.426,797455,6,4,ADCS,8,SOLAR,2,COMMAND,81,SET_MAG_DIPOLE,128,1,128,1,0,0,0x18010202
1777199727.510,798497,6,4,ADCS,8,SOLAR,2,COMMAND,81,SET_MAG_DIPOLE,128,1,128,1,0,0,0x18010202
1777199728.526,799539,6,4,ADCS,8,SOLAR,2,COMMAND,81,SET_MAG_DIPOLE,128,1,128,1,0,0,0x18010202
1777199729.559,800581,6,4,ADCS,8,SOLAR,2,COMMAND,81,SET_MAG_DIPOLE,128,1,128,1,0,0,0x18010202
1777199730.597,801623,6,4,ADCS,8,SOLAR,2,COMMAND,81,SET_MAG_DIPOLE,128,1,128,1,0,0,0x18010202
1777199731.640,802665,6,4,ADCS,8,SOLAR,2,COMMAND,81,SET_MAG_DIPOLE,128,1,128,1,0,0,0x18010202
1777199732.682,803707,6,4,ADCS,8,SOLAR,2,COMMAND,81,SET_MAG_DIPOLE,128,1,128,1,0,0,0x18010202
1777199733.750,804749,6,4,ADCS,8,SOLAR,2,COMMAND,81,SET_MAG_DIPOLE,128,1,128,1,0,0,0x18010202
1777199734.776,805791,6,4,ADCS,8,SOLAR,2,COMMAND,81,SET_MAG_DIPOLE,128,1,128,1,0,0,0x18010202
1777199735.809,806833,6,4,ADCS,8,SOLAR,2,COMMAND,81,SET_MAG_DIPOLE,128,1,128,1,0,0,0x18010202
1777199736.849,807875,6,4,ADCS,8,SOLAR,2,COMMAND,81,SET_MAG_DIPOLE,128,1,128,1,0,0,0x18010202
1777199737.891,808917,6,4,ADCS,8,SOLAR,2,COMMAND,81,SET_MAG_DIPOLE,128,1,128,1,0,0,0x18010202
1777199738.933,809959,6,4,ADCS,8,SOLAR,2,COMMAND,81,SET_MAG_DIPOLE,128,1,128,1,0,0,0x18010202
1777199739.994,811001,6,4,ADCS,8,SOLAR,2,COMMAND,81,SET_MAG_DIPOLE,128,1,128,1,0,0,0x18010202
1777199741.027,812043,6,4,ADCS,8,SOLAR,2,COMMAND,81,SET_MAG_DIPOLE,128,1,128,1,0,0,0x18010202
1777199742.059,813085,6,4,ADCS,8,SOLAR,2,COMMAND,81,SET_MAG_DIPOLE,128,1,128,1,0,0,0x18010202
1777199743.102,814127,6,4,ADCS,8,SOLAR,2,COMMAND,81,SET_MAG_DIPOLE,128,1,128,1,0,0,0x18010202
1777199744.144,815169,6,4,ADCS,8,SOLAR,2,COMMAND,81,SET_MAG_DIPOLE,128,1,128,1,0,0,0x18010202
1777199745.225,816211,6,4,ADCS,8,SOLAR,2,COMMAND,81,SET_MAG_DIPOLE,128,1,128,1,0,0,0x18010202
1777199746.246,817253,6,4,ADCS,8,SOLAR,2,COMMAND,81,SET_MAG_DIPOLE,128,1,128,1,0,0,0x18010202
1777199747.270,818295,6,4,ADCS,8,SOLAR,2,COMMAND,81,SET_MAG_DIPOLE,128,1,128,1,0,0,0x18010202
1777199748.311,819337,6,4,ADCS,8,SOLAR,2,COMMAND,81,SET_MAG_DIPOLE,128,1,128,1,0,0,0x18010202
1777199749.354,820379,6,4,ADCS,8,SOLAR,2,COMMAND,81,SET_MAG_DIPOLE,128,1,128,1,0,0,0x18010202
1777199750.396,821421,6,4,ADCS,8,SOLAR,2,COMMAND,81,SET_MAG_DIPOLE,128,1,128,1,0,0,0x18010202
1777199751.473,822463,6,4,ADCS,8,SOLAR,2,COMMAND,81,SET_MAG_DIPOLE,128,1,128,1,0,0,0x18010202
1777199752.487,823505,6,4,ADCS,8,SOLAR,2,COMMAND,81,SET_MAG_DIPOLE,128,1,128,1,0,0,0x18010202
1777199753.522,824547,6,4,ADCS,8,SOLAR,2,COMMAND,81,SET_MAG_DIPOLE,128,1,128,1,0,0,0x18010202
1777199754.564,825589,6,4,ADCS,8,SOLAR,2,COMMAND,81,SET_MAG_DIPOLE,128,1,128,1,0,0,0x18010202
1777199755.606,826631,6,4,ADCS,8,SOLAR,2,COMMAND,81,SET_MAG_DIPOLE,128,1,128,1,0,0,0x18010202
1777199756.646,827673,6,4,ADCS,8,SOLAR,2,COMMAND,81,SET_MAG_DIPOLE,128,1,128,1,0,0,0x18010202
1777199757.708,828715,6,4,ADCS,8,SOLAR,2,COMMAND,81,SET_MAG_DIPOLE,128,1,128,1,0,0,0x18010202
1777199758.743,829757,6,4,ADCS,8,SOLAR,2,COMMAND,81,SET_MAG_DIPOLE,128,1,128,1,0,0,0x18010202
1777199759.775,830799,6,4,ADCS,8,SOLAR,2,COMMAND,81,SET_MAG_DIPOLE,128,1,128,1,0,0,0x18010202
1777199760.820,831841,6,4,ADCS,8,SOLAR,2,COMMAND,81,SET_MAG_DIPOLE,128,1,128,1,0,0,0x18010202
1777199761.858,832883,6,4,ADCS,8,SOLAR,2,COMMAND,81,SET_MAG_DIPOLE,128,1,128,1,0,0,0x18010202
1777199762.938,833925,6,4,ADCS,8,SOLAR,2,COMMAND,81,SET_MAG_DIPOLE,128,1,128,1,0,0,0x18010202
1777199763.951,834967,6,4,ADCS,8,SOLAR,2,COMMAND,81,SET_MAG_DIPOLE,128,1,128,1,0,0,0x18010202
1777199764.990,836009,6,4,ADCS,8,SOLAR,2,COMMAND,81,SET_MAG_DIPOLE,128,1,128,1,0,0,0x18010202
1777199766.026,837051,6,4,ADCS,8,SOLAR,2,COMMAND,81,SET_MAG_DIPOLE,128,1,128,1,0,0,0x18010202
1777199767.068,838093,6,4,ADCS,8,SOLAR,2,COMMAND,81,SET_MAG_DIPOLE,128,1,128,1,0,0,0x18010202
1777199768.110,839135,6,4,ADCS,8,SOLAR,2,COMMAND,81,SET_MAG_DIPOLE,128,1,128,1,0,0,0x18010202
1777199769.177,840177,6,4,ADCS,8,SOLAR,2,COMMAND,81,SET_MAG_DIPOLE,128,1,128,1,0,0,0x18010202
1777199770.212,841219,6,4,ADCS,8,SOLAR,2,COMMAND,81,SET_MAG_DIPOLE,128,1,128,1,0,0,0x18010202
1777199771.237,842261,6,4,ADCS,8,SOLAR,2,COMMAND,81,SET_MAG_DIPOLE,128,1,128,1,0,0,0x18010202
1777199772.278,843303,6,4,ADCS,8,SOLAR,2,COMMAND,81,SET_MAG_DIPOLE,128,1,128,1,0,0,0x18010202
1777199773.320,844345,6,4,ADCS,8,SOLAR,2,COMMAND,81,SET_MAG_DIPOLE,128,1,128,1,0,0,0x18010202
1777199774.362,845387,6,4,ADCS,8,SOLAR,2,COMMAND,81,SET_MAG_DIPOLE,128,1,128,1,0,0,0x18010202
1777199775.434,846429,6,4,ADCS,8,SOLAR,2,COMMAND,81,SET_MAG_DIPOLE,128,1,128,1,0,0,0x18010202
1777199776.451,847471,6,4,ADCS,8,SOLAR,2,COMMAND,81,SET_MAG_DIPOLE,128,1,128,1,0,0,0x18010202
1777199777.489,848513,6,4,ADCS,8,SOLAR,2,COMMAND,81,SET_MAG_DIPOLE,128,1,128,1,0,0,0x18010202
1777199778.530,849555,6,4,ADCS,8,SOLAR,2,COMMAND,81,SET_MAG_DIPOLE,128,1,128,1,0,0,0x18010202
1777199779.572,850597,6,4,ADCS,8,SOLAR,2,COMMAND,81,SET_MAG_DIPOLE,128,1,128,1,0,0,0x18010202
1777199780.615,851639,6,4,ADCS,8,SOLAR,2,COMMAND,81,SET_MAG_DIPOLE,128,1,128,1,0,0,0x18010202
1777199781.688,852681,6,4,ADCS,8,SOLAR,2,COMMAND,81,SET_MAG_DIPOLE,128,1,128,1,0,0,0x18010202
1777199782.708,853723,6,4,ADCS,8,SOLAR,2,COMMAND,81,SET_MAG_DIPOLE,128,1,128,1,0,0,0x18010202
1777199783.740,854765,6,4,ADCS,8,SOLAR,2,COMMAND,81,SET_MAG_DIPOLE,128,1,128,1,0,0,0x18010202
1777199784.783,855807,6,4,ADCS,8,SOLAR,2,COMMAND,81,SET_MAG_DIPOLE,128,1,128,1,0,0,0x18010202
1777199785.824,856849,6,4,ADCS,8,SOLAR,2,COMMAND,81,SET_MAG_DIPOLE,128,1,128,1,0,0,0x18010202
1777199786.898,857891,6,4,ADCS,8,SOLAR,2,COMMAND,81,SET_MAG_DIPOLE,128,1,128,1,0,0,0x18010202
1777199787.928,858933,6,4,ADCS,8,SOLAR,2,COMMAND,81,SET_MAG_DIPOLE,128,1,128,1,0,0,0x18010202
1777199788.952,859975,6,4,ADCS,8,SOLAR,2,COMMAND,81,SET_MAG_DIPOLE,128,1,128,1,0,0,0x18010202
1777199789.997,861017,6,4,ADCS,8,SOLAR,2,COMMAND,81,SET_MAG_DIPOLE,128,1,128,1,0,0,0x18010202
1777199791.034,862059,6,4,ADCS,8,SOLAR,2,COMMAND,81,SET_MAG_DIPOLE,128,1,128,1,0,0,0x18010202
1777199792.077,863101,6,4,ADCS,8,SOLAR,2,COMMAND,81,SET_MAG_DIPOLE,128,1,128,1,0,0,0x18010202
1777199793.141,864143,6,4,ADCS,8,SOLAR,2,COMMAND,81,SET_MAG_DIPOLE,128,1,128,1,0,0,0x18010202
1777199794.169,865185,6,4,ADCS,8,SOLAR,2,COMMAND,81,SET_MAG_DIPOLE,128,1,128,1,0,0,0x18010202
1777199795.192,866227,6,4,ADCS,8,SOLAR,2,COMMAND,81,SET_MAG_DIPOLE,128,1,128,1,0,0,0x18010202
1777199796.244,867269,6,4,ADCS,8,SOLAR,2,COMMAND,81,SET_MAG_DIPOLE,128,1,128,1,0,0,0x18010202
1777199797.286,868311,6,4,ADCS,8,SOLAR,2,COMMAND,81,SET_MAG_DIPOLE,128,1,128,1,0,0,0x18010202
1777199798.333,869353,6,4,ADCS,8,SOLAR,2,COMMAND,81,SET_MAG_DIPOLE,128,1,128,1,0,0,0x18010202
1777199799.387,870395,6,4,ADCS,8,SOLAR,2,COMMAND,81,SET_MAG_DIPOLE,128,1,128,1,0,0,0x18010202
1777199800.418,871437,6,4,ADCS,8,SOLAR,2,COMMAND,81,SET_MAG_DIPOLE,128,1,128,1,0,0,0x18010202
1777199801.455,872479,6,4,ADCS,8,SOLAR,2,COMMAND,81,SET_MAG_DIPOLE,128,1,128,1,0,0,0x18010202
1777199802.500,873521,6,4,ADCS,8,SOLAR,2,COMMAND,81,SET_MAG_DIPOLE,128,1,128,1,0,0,0x18010202
1777199803.539,874563,6,4,ADCS,8,SOLAR,2,COMMAND,81,SET_MAG_DIPOLE,128,1,128,1,0,0,0x18010202
1777199804.617,875605,6,4,ADCS,8,SOLAR,2,COMMAND,81,SET_MAG_DIPOLE,128,1,128,1,0,0,0x18010202
1777199805.638,876647,6,4,ADCS,8,SOLAR,2,COMMAND,81,SET_MAG_DIPOLE,128,1,128,1,0,0,0x18010202
1777199806.665,877689,6,4,ADCS,8,SOLAR,2,COMMAND,81,SET_MAG_DIPOLE,128,1,128,1,0,0,0x18010202
1777199807.707,878731,6,4,ADCS,8,SOLAR,2,COMMAND,81,SET_MAG_DIPOLE,128,1,128,1,0,0,0x18010202
1777199808.749,879773,6,4,ADCS,8,SOLAR,2,COMMAND,81,SET_MAG_DIPOLE,128,1,128,1,0,0,0x18010202
1777199809.791,880815,6,4,ADCS,8,SOLAR,2,COMMAND,81,SET_MAG_DIPOLE,128,1,128,1,0,0,0x18010202
1777199810.866,881857,6,4,ADCS,8,SOLAR,2,COMMAND,81,SET_MAG_DIPOLE,128,1,128,1,0,0,0x18010202
1777199811.884,882899,6,4,ADCS,8,SOLAR,2,COMMAND,81,SET_MAG_DIPOLE,128,1,128,1,0,0,0x18010202
1777199812.917,883941,6,4,ADCS,8,SOLAR,2,COMMAND,81,SET_MAG_DIPOLE,128,1,128,1,0,0,0x18010202
1777199813.960,884983,6,4,ADCS,8,SOLAR,2,COMMAND,81,SET_MAG_DIPOLE,128,1,128,1,0,0,0x18010202
1777199815.001,886025,6,4,ADCS,8,SOLAR,2,COMMAND,81,SET_MAG_DIPOLE,128,1,128,1,0,0,0x18010202
1777199816.043,887067,6,4,ADCS,8,SOLAR,2,COMMAND,81,SET_MAG_DIPOLE,128,1,128,1,0,0,0x18010202
1777199817.108,888109,6,4,ADCS,8,SOLAR,2,COMMAND,81,SET_MAG_DIPOLE,128,1,128,1,0,0,0x18010202
1777199818.138,889151,6,4,ADCS,8,SOLAR,2,COMMAND,81,SET_MAG_DIPOLE,128,1,128,1,0,0,0x18010202
1777199819.161,890193,6,4,ADCS,8,SOLAR,2,COMMAND,81,SET_MAG_DIPOLE,128,1,128,1,0,0,0x18010202
1777199820.211,891235,6,4,ADCS,8,SOLAR,2,COMMAND,81,SET_MAG_DIPOLE,128,1,128,1,0,0,0x18010202
1777199821.254,892277,6,4,ADCS,8,SOLAR,2,COMMAND,81,SET_MAG_DIPOLE,128,1,128,1,0,0,0x18010202
1777199822.331,893319,6,4,ADCS,8,SOLAR,2,COMMAND,81,SET_MAG_DIPOLE,128,1,128,1,0,0,0x18010202
1777199823.352,894361,6,4,ADCS,8,SOLAR,2,COMMAND,81,SET_MAG_DIPOLE,128,1,128,1,0,0,0x18010202
1777199824.384,895403,6,4,ADCS,8,SOLAR,2,COMMAND,81,SET_MAG_DIPOLE,128,1,128,1,0,0,0x18010202
1777199825.410,896445,6,4,ADCS,8,SOLAR,2,COMMAND,81,SET_MAG_DIPOLE,128,1,128,1,0,0,0x18010202
1777199826.463,897487,6,4,ADCS,8,SOLAR,2,COMMAND,81,SET_MAG_DIPOLE,128,1,128,1,0,0,0x18010202
1777199827.506,898529,6,4,ADCS,8,SOLAR,2,COMMAND,81,SET_MAG_DIPOLE,128,1,128,1,0,0,0x18010202
1777199828.575,899571,6,4,ADCS,8,SOLAR,2,COMMAND,81,SET_MAG_DIPOLE,128,1,128,1,0,0,0x18010202
1777199829.601,900613,6,4,ADCS,8,SOLAR,2,COMMAND,81,SET_MAG_DIPOLE,128,1,128,1,0,0,0x18010202
1777199830.632,901655,6,4,ADCS,8,SOLAR,2,COMMAND,81,SET_MAG_DIPOLE,128,1,128,1,0,0,0x18010202
1777199831.673,902697,6,4,ADCS,8,SOLAR,2,COMMAND,81,SET_MAG_DIPOLE,128,1,128,1,0,0,0x18010202
1777199832.715,903739,6,4,ADCS,8,SOLAR,2,COMMAND,81,SET_MAG_DIPOLE,128,1,128,1,0,0,0x18010202
1777199833.760,904781,6,4,ADCS,8,SOLAR,2,COMMAND,81,SET_MAG_DIPOLE,128,1,128,1,0,0,0x18010202
1777199834.825,905823,6,4,ADCS,8,SOLAR,2,COMMAND,81,SET_MAG_DIPOLE,128,1,128,1,0,0,0x18010202
1777199835.842,906865,6,4,ADCS,8,SOLAR,2,COMMAND,81,SET_MAG_DIPOLE,128,1,128,1,0,0,0x18010202
1777199836.884,907907,6,4,ADCS,8,SOLAR,2,COMMAND,81,SET_MAG_DIPOLE,128,1,128,1,0,0,0x18010202
1777199837.927,908949,6,4,ADCS,8,SOLAR,2,COMMAND,81,SET_MAG_DIPOLE,128,1,128,1,0,0,0x18010202
1777199838.968,909991,6,4,ADCS,8,SOLAR,2,COMMAND,81,SET_MAG_DIPOLE,128,1,128,1,0,0,0x18010202
1777199840.009,911033,6,4,ADCS,8,SOLAR,2,COMMAND,81,SET_MAG_DIPOLE,128,1,128,1,0,0,0x18010202
1777199841.075,912075,6,4,ADCS,8,SOLAR,2,COMMAND,81,SET_MAG_DIPOLE,128,1,128,1,0,0,0x18010202
1777199842.096,913117,6,4,ADCS,8,SOLAR,2,COMMAND,81,SET_MAG_DIPOLE,128,1,128,1,0,0,0x18010202
1777199843.126,914159,6,4,ADCS,8,SOLAR,2,COMMAND,81,SET_MAG_DIPOLE,128,1,128,1,0,0,0x18010202
1777199844.190,915201,6,4,ADCS,8,SOLAR,2,COMMAND,81,SET_MAG_DIPOLE,128,1,128,1,0,0,0x18010202
1777199845.219,916243,6,4,ADCS,8,SOLAR,2,COMMAND,81,SET_MAG_DIPOLE,128,1,128,1,0,0,0x18010202
1777199846.296,917285,6,4,ADCS,8,SOLAR,2,COMMAND,81,SET_MAG_DIPOLE,128,1,128,1,0,0,0x18010202
1777199847.318,918327,6,4,ADCS,8,SOLAR,2,COMMAND,81,SET_MAG_DIPOLE,128,1,128,1,0,0,0x18010202
1777199848.346,919369,6,4,ADCS,8,SOLAR,2,COMMAND,81,SET_MAG_DIPOLE,128,1,128,1,0,0,0x18010202
1777199849.403,920411,6,4,ADCS,8,SOLAR,2,COMMAND,81,SET_MAG_DIPOLE,128,1,128,1,0,0,0x18010202
1777199850.430,921453,6,4,ADCS,8,SOLAR,2,COMMAND,81,SET_MAG_DIPOLE,128,1,128,1,0,0,0x18010202
1777199851.471,922495,6,4,ADCS,8,SOLAR,2,COMMAND,81,SET_MAG_DIPOLE,128,1,128,1,0,0,0x18010202
1777199852.534,923537,6,4,ADCS,8,SOLAR,2,COMMAND,81,SET_MAG_DIPOLE,128,1,128,1,0,0,0x18010202
1777199853.564,924579,6,4,ADCS,8,SOLAR,2,COMMAND,81,SET_MAG_DIPOLE,128,1,128,1,0,0,0x18010202
1777199854.598,925621,6,4,ADCS,8,SOLAR,2,COMMAND,81,SET_MAG_DIPOLE,128,1,128,1,0,0,0x18010202
1777199855.639,926663,6,4,ADCS,8,SOLAR,2,COMMAND,81,SET_MAG_DIPOLE,128,1,128,1,0,0,0x18010202
1777199856.682,927705,6,4,ADCS,8,SOLAR,2,COMMAND,81,SET_MAG_DIPOLE,128,1,128,1,0,0,0x18010202
1777199857.723,928747,6,4,ADCS,8,SOLAR,2,COMMAND,81,SET_MAG_DIPOLE,128,1,128,1,0,0,0x18010202
1777199858.790,929789,6,4,ADCS,8,SOLAR,2,COMMAND,81,SET_MAG_DIPOLE,128,1,128,1,0,0,0x18010202
1777199859.815,930831,6,4,ADCS,8,SOLAR,2,COMMAND,81,SET_MAG_DIPOLE,128,1,128,1,0,0,0x18010202
1777199860.846,931873,6,4,ADCS,8,SOLAR,2,COMMAND,81,SET_MAG_DIPOLE,128,1,128,1,0,0,0x18010202
1777199861.892,932915,6,4,ADCS,8,SOLAR,2,COMMAND,81,SET_MAG_DIPOLE,128,1,128,1,0,0,0x18010202
1777199862.928,933957,6,4,ADCS,8,SOLAR,2,COMMAND,81,SET_MAG_DIPOLE,128,1,128,1,0,0,0x18010202
1777199864.013,934999,6,4,ADCS,8,SOLAR,2,COMMAND,81,SET_MAG_DIPOLE,128,1,128,1,0,0,0x18010202
1777199865.032,936041,6,4,ADCS,8,SOLAR,2,COMMAND,81,SET_MAG_DIPOLE,128,1,128,1,0,0,0x18010202
1777199866.062,937083,6,4,ADCS,8,SOLAR,2,COMMAND,81,SET_MAG_DIPOLE,128,1,128,1,0,0,0x18010202
1777199867.102,938125,6,4,ADCS,8,SOLAR,2,COMMAND,81,SET_MAG_DIPOLE,128,1,128,1,0,0,0x18010202
1777199868.144,939167,6,4,ADCS,8,SOLAR,2,COMMAND,81,SET_MAG_DIPOLE,128,1,128,1,0,0,0x18010202
1777199869.186,940209,6,4,ADCS,8,SOLAR,2,COMMAND,81,SET_MAG_DIPOLE,128,1,128,1,0,0,0x18010202
1777199870.260,941251,6,4,ADCS,8,SOLAR,2,COMMAND,81,SET_MAG_DIPOLE,128,1,128,1,0,0,0x18010202
1777199871.276,942293,6,4,ADCS,8,SOLAR,2,COMMAND,81,SET_MAG_DIPOLE,128,1,128,1,0,0,0x18010202
1777199872.312,943335,6,4,ADCS,8,SOLAR,2,COMMAND,81,SET_MAG_DIPOLE,128,1,128,1,0,0,0x18010202
1777199873.352,944377,6,4,ADCS,8,SOLAR,2,COMMAND,81,SET_MAG_DIPOLE,128,1,128,1,0,0,0x18010202
1777199874.396,945419,6,4,ADCS,8,SOLAR,2,COMMAND,81,SET_MAG_DIPOLE,128,1,128,1,0,0,0x18010202
1777199875.439,946461,6,4,ADCS,8,SOLAR,2,COMMAND,81,SET_MAG_DIPOLE,128,1,128,1,0,0,0x18010202
1777199876.507,947503,6,4,ADCS,8,SOLAR,2,COMMAND,81,SET_MAG_DIPOLE,128,1,128,1,0,0,0x18010202
1777199877.531,948545,6,4,ADCS,8,SOLAR,2,COMMAND,81,SET_MAG_DIPOLE,128,1,128,1,0,0,0x18010202
1777199878.555,949587,6,4,ADCS,8,SOLAR,2,COMMAND,81,SET_MAG_DIPOLE,128,1,128,1,0,0,0x18010202
1777199879.607,950629,6,4,ADCS,8,SOLAR,2,COMMAND,81,SET_MAG_DIPOLE,128,1,128,1,0,0,0x18010202
1777199880.654,951671,6,4,ADCS,8,SOLAR,2,COMMAND,81,SET_MAG_DIPOLE,128,1,128,1,0,0,0x18010202
1777199881.729,952713,6,4,ADCS,8,SOLAR,2,COMMAND,81,SET_MAG_DIPOLE,128,1,128,1,0,0,0x18010202
1777199882.746,953755,6,4,ADCS,8,SOLAR,2,COMMAND,81,SET_MAG_DIPOLE,128,1,128,1,0,0,0x18010202
1777199883.774,954797,6,4,ADCS,8,SOLAR,2,COMMAND,81,SET_MAG_DIPOLE,128,1,128,1,0,0,0x18010202
1777199884.816,955839,6,4,ADCS,8,SOLAR,2,COMMAND,81,SET_MAG_DIPOLE,128,1,128,1,0,0,0x18010202
1777199885.858,956881,6,4,ADCS,8,SOLAR,2,COMMAND,81,SET_MAG_DIPOLE,128,1,128,1,0,0,0x18010202
1777199886.901,957923,6,4,ADCS,8,SOLAR,2,COMMAND,81,SET_MAG_DIPOLE,128,1,128,1,0,0,0x18010202
1777199887.969,958965,6,4,ADCS,8,SOLAR,2,COMMAND,81,SET_MAG_DIPOLE,128,1,128,1,0,0,0x18010202
1777199888.988,960007,6,4,ADCS,8,SOLAR,2,COMMAND,81,SET_MAG_DIPOLE,128,1,128,1,0,0,0x18010202
1777199890.027,961049,6,4,ADCS,8,SOLAR,2,COMMAND,81,SET_MAG_DIPOLE,128,1,128,1,0,0,0x18010202
1777199891.063,962091,6,4,ADCS,8,SOLAR,2,COMMAND,81,SET_MAG_DIPOLE,128,1,128,1,0,0,0x18010202
1777199892.110,963133,6,4,ADCS,8,SOLAR,2,COMMAND,81,SET_MAG_DIPOLE,128,1,128,1,0,0,0x18010202
1777199893.155,964175,6,4,ADCS,8,SOLAR,2,COMMAND,81,SET_MAG_DIPOLE,128,1,128,1,0,0,0x18010202
1777199894.214,965217,6,4,ADCS,8,SOLAR,2,COMMAND,81,SET_MAG_DIPOLE,128,1,128,1,0,0,0x18010202
1777199895.248,966259,6,4,ADCS,8,SOLAR,2,COMMAND,81,SET_MAG_DIPOLE,128,1,128,1,0,0,0x18010202
1777199896.267,967301,6,4,ADCS,8,SOLAR,2,COMMAND,81,SET_MAG_DIPOLE,128,1,128,1,0,0,0x18010202
1777199897.321,968343,6,4,ADCS,8,SOLAR,2,COMMAND,81,SET_MAG_DIPOLE,128,1,128,1,0,0,0x18010202
1777199898.363,969385,6,4,ADCS,8,SOLAR,2,COMMAND,81,SET_MAG_DIPOLE,128,1,128,1,0,0,0x18010202
1777199899.405,970427,6,4,ADCS,8,SOLAR,2,COMMAND,81,SET_MAG_DIPOLE,128,1,128,1,0,0,0x18010202
1777199900.465,971469,6,4,ADCS,8,SOLAR,2,COMMAND,81,SET_MAG_DIPOLE,128,1,128,1,0,0,0x18010202
1777199901.498,972511,6,4,ADCS,8,SOLAR,2,COMMAND,81,SET_MAG_DIPOLE,128,1,128,1,0,0,0x18010202
1777199902.531,973553,6,4,ADCS,8,SOLAR,2,COMMAND,81,SET_MAG_DIPOLE,128,1,128,1,0,0,0x18010202
1777199903.568,974595,6,4,ADCS,8,SOLAR,2,COMMAND,81,SET_MAG_DIPOLE,128,1,128,1,0,0,0x18010202
1777199904.615,975637,6,4,ADCS,8,SOLAR,2,COMMAND,81,SET_MAG_DIPOLE,128,1,128,1,0,0,0x18010202
1777199905.685,976679,6,4,ADCS,8,SOLAR,2,COMMAND,81,SET_MAG_DIPOLE,128,1,128,1,0,0,0x18010202
1777199906.716,977721,6,4,ADCS,8,SOLAR,2,COMMAND,81,SET_MAG_DIPOLE,128,1,128,1,0,0,0x18010202
1777199907.745,978763,6,4,ADCS,8,SOLAR,2,COMMAND,81,SET_MAG_DIPOLE,128,1,128,1,0,0,0x18010202
1777199908.786,979805,6,4,ADCS,8,SOLAR,2,COMMAND,81,SET_MAG_DIPOLE,128,1,128,1,0,0,0x18010202
1777199909.825,980847,6,4,ADCS,8,SOLAR,2,COMMAND,81,SET_MAG_DIPOLE,128,1,128,1,0,0,0x18010202
1777199910.867,981889,6,4,ADCS,8,SOLAR,2,COMMAND,81,SET_MAG_DIPOLE,128,1,128,1,0,0,0x18010202
1777199911.938,982931,6,4,ADCS,8,SOLAR,2,COMMAND,81,SET_MAG_DIPOLE,128,1,128,1,0,0,0x18010202
1777199912.957,983973,6,4,ADCS,8,SOLAR,2,COMMAND,81,SET_MAG_DIPOLE,128,1,128,1,0,0,0x18010202
1777199913.989,985015,6,4,ADCS,8,SOLAR,2,COMMAND,81,SET_MAG_DIPOLE,128,1,128,1,0,0,0x18010202
1777199915.035,986057,6,4,ADCS,8,SOLAR,2,COMMAND,81,SET_MAG_DIPOLE,128,1,128,1,0,0,0x18010202
1777199916.076,987099,6,4,ADCS,8,SOLAR,2,COMMAND,81,SET_MAG_DIPOLE,128,1,128,1,0,0,0x18010202
1777199917.119,988141,6,4,ADCS,8,SOLAR,2,COMMAND,81,SET_MAG_DIPOLE,128,1,128,1,0,0,0x18010202
1777199918.185,989183,6,4,ADCS,8,SOLAR,2,COMMAND,81,SET_MAG_DIPOLE,128,1,128,1,0,0,0x18010202
1777199919.205,990225,6,4,ADCS,8,SOLAR,2,COMMAND,81,SET_MAG_DIPOLE,128,1,128,1,0,0,0x18010202
1777199920.244,991267,6,4,ADCS,8,SOLAR,2,COMMAND,81,SET_MAG_DIPOLE,128,1,128,1,0,0,0x18010202
1777199921.290,992309,6,4,ADCS,8,SOLAR,2,COMMAND,81,SET_MAG_DIPOLE,128,1,128,1,0,0,0x18010202
1777199922.329,993351,6,4,ADCS,8,SOLAR,2,COMMAND,81,SET_MAG_DIPOLE,128,1,128,1,0,0,0x18010202
1777199923.400,994393,6,4,ADCS,8,SOLAR,2,COMMAND,81,SET_MAG_DIPOLE,128,1,128,1,0,0,0x18010202
1777199924.434,995435,6,4,ADCS,8,SOLAR,2,COMMAND,81,SET_MAG_DIPOLE,128,1,128,1,0,0,0x18010202
1777199925.456,996477,6,4,ADCS,8,SOLAR,2,COMMAND,81,SET_MAG_DIPOLE,128,1,128,1,0,0,0x18010202
1777199926.497,997519,6,4,ADCS,8,SOLAR,2,COMMAND,81,SET_MAG_DIPOLE,128,1,128,1,0,0,0x18010202
1777199927.539,998561,6,4,ADCS,8,SOLAR,2,COMMAND,81,SET_MAG_DIPOLE,128,1,128,1,0,0,0x18010202
1777199928.571,999603,6,4,ADCS,8,SOLAR,2,COMMAND,81,SET_MAG_DIPOLE,128,1,128,1,0,0,0x18010202
1777199929.650,1000645,6,4,ADCS,8,SOLAR,2,COMMAND,81,SET_MAG_DIPOLE,128,1,128,1,0,0,0x18010202
1777199930.680,1001687,6,4,ADCS,8,SOLAR,2,COMMAND,81,SET_MAG_DIPOLE,128,1,128,1,0,0,0x18010202
1777199931.707,1002729,6,4,ADCS,8,SOLAR,2,COMMAND,81,SET_MAG_DIPOLE,128,1,128,1,0,0,0x18010202
1777199932.745,1003771,6,4,ADCS,8,SOLAR,2,COMMAND,81,SET_MAG_DIPOLE,128,1,128,1,0,0,0x18010202
1777199933.792,1004813,6,4,ADCS,8,SOLAR,2,COMMAND,81,SET_MAG_DIPOLE,128,1,128,1,0,0,0x18010202
1777199934.833,1005855,6,4,ADCS,8,SOLAR,2,COMMAND,81,SET_MAG_DIPOLE,128,1,128,1,0,0,0x18010202
1777199935.901,1006897,6,4,ADCS,8,SOLAR,2,COMMAND,81,SET_MAG_DIPOLE,128,1,128,1,0,0,0x18010202
1777199936.918,1007939,6,4,ADCS,8,SOLAR,2,COMMAND,81,SET_MAG_DIPOLE,128,1,128,1,0,0,0x18010202
1777199937.960,1008981,6,4,ADCS,8,SOLAR,2,COMMAND,81,SET_MAG_DIPOLE,128,1,128,1,0,0,0x18010202
1777199939.002,1010023,6,4,ADCS,8,SOLAR,2,COMMAND,81,SET_MAG_DIPOLE,128,1,128,1,0,0,0x18010202
1777199940.044,1011065,6,4,ADCS,8,SOLAR,2,COMMAND,81,SET_MAG_DIPOLE,128,1,128,1,0,0,0x18010202
1777199941.117,1012107,6,4,ADCS,8,SOLAR,2,COMMAND,81,SET_MAG_DIPOLE,128,1,128,1,0,0,0x18010202
1777199942.142,1013149,6,4,ADCS,8,SOLAR,2,COMMAND,81,SET_MAG_DIPOLE,128,1,128,1,0,0,0x18010202
1777199943.171,1014191,6,4,ADCS,8,SOLAR,2,COMMAND,81,SET_MAG_DIPOLE,128,1,128,1,0,0,0x18010202
1777199944.212,1015233,6,4,ADCS,8,SOLAR,2,COMMAND,81,SET_MAG_DIPOLE,128,1,128,1,0,0,0x18010202
1777199945.253,1016275,6,4,ADCS,8,SOLAR,2,COMMAND,81,SET_MAG_DIPOLE,128,1,128,1,0,0,0x18010202
1777199946.295,1017317,6,4,ADCS,8,SOLAR,2,COMMAND,81,SET_MAG_DIPOLE,128,1,128,1,0,0,0x18010202
1777199947.362,1018359,6,4,ADCS,8,SOLAR,2,COMMAND,81,SET_MAG_DIPOLE,128,1,128,1,0,0,0x18010202
1777199948.394,1019401,6,4,ADCS,8,SOLAR,2,COMMAND,81,SET_MAG_DIPOLE,128,1,128,1,0,0,0x18010202
1777199949.421,1020443,6,4,ADCS,8,SOLAR,2,COMMAND,81,SET_MAG_DIPOLE,128,1,128,1,0,0,0x18010202
1777199950.464,1021485,6,4,ADCS,8,SOLAR,2,COMMAND,81,SET_MAG_DIPOLE,128,1,128,1,0,0,0x18010202
1777199951.506,1022527,6,4,ADCS,8,SOLAR,2,COMMAND,81,SET_MAG_DIPOLE,128,1,128,1,0,0,0x18010202
1777199952.534,1023569,6,4,ADCS,8,SOLAR,2,COMMAND,81,SET_MAG_DIPOLE,128,1,128,1,0,0,0x18010202
1777199953.615,1024611,6,4,ADCS,8,SOLAR,2,COMMAND,81,SET_MAG_DIPOLE,128,1,128,1,0,0,0x18010202
1777199954.635,1025653,6,4,ADCS,8,SOLAR,2,COMMAND,81,SET_MAG_DIPOLE,128,1,128,1,0,0,0x18010202
1777199955.663,1026695,6,4,ADCS,8,SOLAR,2,COMMAND,81,SET_MAG_DIPOLE,128,1,128,1,0,0,0x18010202
1777199956.716,1027737,6,4,ADCS,8,SOLAR,2,COMMAND,81,SET_MAG_DIPOLE,128,1,128,1,0,0,0x18010202
1777199957.758,1028779,6,4,ADCS,8,SOLAR,2,COMMAND,81,SET_MAG_DIPOLE,128,1,128,1,0,0,0x18010202
1777199958.840,1029821,6,4,ADCS,8,SOLAR,2,COMMAND,81,SET_MAG_DIPOLE,128,1,128,1,0,0,0x18010202
1777199959.861,1030863,6,4,ADCS,8,SOLAR,2,COMMAND,81,SET_MAG_DIPOLE,128,1,128,1,0,0,0x18010202
1777199960.885,1031905,6,4,ADCS,8,SOLAR,2,COMMAND,81,SET_MAG_DIPOLE,128,1,128,1,0,0,0x18010202
1777199961.926,1032947,6,4,ADCS,8,SOLAR,2,COMMAND,81,SET_MAG_DIPOLE,128,1,128,1,0,0,0x18010202
1777199962.958,1033989,6,4,ADCS,8,SOLAR,2,COMMAND,81,SET_MAG_DIPOLE,128,1,128,1,0,0,0x18010202
1777199964.010,1035031,6,4,ADCS,8,SOLAR,2,COMMAND,81,SET_MAG_DIPOLE,128,1,128,1,0,0,0x18010202
1777199965.079,1036073,6,4,ADCS,8,SOLAR,2,COMMAND,81,SET_MAG_DIPOLE,128,1,128,1,0,0,0x18010202
1777199966.107,1037115,6,4,ADCS,8,SOLAR,2,COMMAND,81,SET_MAG_DIPOLE,128,1,128,1,0,0,0x18010202
1777199967.136,1038157,6,4,ADCS,8,SOLAR,2,COMMAND,81,SET_MAG_DIPOLE,128,1,128,1,0,0,0x18010202
1777199968.178,1039199,6,4,ADCS,8,SOLAR,2,COMMAND,81,SET_MAG_DIPOLE,128,1,128,1,0,0,0x18010202
1777199969.221,1040241,6,4,ADCS,8,SOLAR,2,COMMAND,81,SET_MAG_DIPOLE,128,1,128,1,0,0,0x18010202
1777199970.250,1041283,6,4,ADCS,8,SOLAR,2,COMMAND,81,SET_MAG_DIPOLE,128,1,128,1,0,0,0x18010202
1777199971.329,1042325,6,4,ADCS,8,SOLAR,2,COMMAND,81,SET_MAG_DIPOLE,128,1,128,1,0,0,0x18010202
1777199972.346,1043367,6,4,ADCS,8,SOLAR,2,COMMAND,81,SET_MAG_DIPOLE,128,1,128,1,0,0,0x18010202
1777199973.389,1044409,6,4,ADCS,8,SOLAR,2,COMMAND,81,SET_MAG_DIPOLE,128,1,128,1,0,0,0x18010202
1777199974.420,1045451,6,4,ADCS,8,SOLAR,2,COMMAND,81,SET_MAG_DIPOLE,128,1,128,1,0,0,0x18010202
1777199975.471,1046493,6,4,ADCS,8,SOLAR,2,COMMAND,81,SET_MAG_DIPOLE,128,1,128,1,0,0,0x18010202
1777199976.515,1047535,6,4,ADCS,8,SOLAR,2,COMMAND,81,SET_MAG_DIPOLE,128,1,128,1,0,0,0x18010202
1777199977.577,1048577,6,4,ADCS,8,SOLAR,2,COMMAND,81,SET_MAG_DIPOLE,128,1,128,1,0,0,0x18010202
1777199978.604,1049619,6,4,ADCS,8,SOLAR,2,COMMAND,81,SET_MAG_DIPOLE,128,1,128,1,0,0,0x18010202
1777199979.640,1050661,6,4,ADCS,8,SOLAR,2,COMMAND,81,SET_MAG_DIPOLE,128,1,128,1,0,0,0x18010202
1777199980.684,1051703,6,4,ADCS,8,SOLAR,2,COMMAND,81,SET_MAG_DIPOLE,128,1,128,1,0,0,0x18010202
1777199981.730,1052745,6,4,ADCS,8,SOLAR,2,COMMAND,81,SET_MAG_DIPOLE,128,1,128,1,0,0,0x18010202
1777199982.793,1053787,6,4,ADCS,8,SOLAR,2,COMMAND,81,SET_MAG_DIPOLE,128,1,128,1,0,0,0x18010202
1777199983.827,1054829,6,4,ADCS,8,SOLAR,2,COMMAND,81,SET_MAG_DIPOLE,128,1,128,1,0,0,0x18010202
1777199984.850,1055871,6,4,ADCS,8,SOLAR,2,COMMAND,81,SET_MAG_DIPOLE,128,1,128,1,0,0,0x18010202
1777199985.892,1056913,6,4,ADCS,8,SOLAR,2,COMMAND,81,SET_MAG_DIPOLE,128,1,128,1,0,0,0x18010202
1777199986.935,1057955,6,4,ADCS,8,SOLAR,2,COMMAND,81,SET_MAG_DIPOLE,128,1,128,1,0,0,0x18010202
1777199987.977,1058997,6,4,ADCS,8,SOLAR,2,COMMAND,81,SET_MAG_DIPOLE,128,1,128,1,0,0,0x18010202
1777199989.043,1060039,6,4,ADCS,8,SOLAR,2,COMMAND,81,SET_MAG_DIPOLE,128,1,128,1,0,0,0x18010202
1777199990.063,1061081,6,4,ADCS,8,SOLAR,2,COMMAND,81,SET_MAG_DIPOLE,128,1,128,1,0,0,0x18010202
1777199991.106,1062123,6,4,ADCS,8,SOLAR,2,COMMAND,81,SET_MAG_DIPOLE,128,1,128,1,0,0,0x18010202
1777199992.144,1063165,6,4,ADCS,8,SOLAR,2,COMMAND,81,SET_MAG_DIPOLE,128,1,128,1,0,0,0x18010202
1777199993.186,1064207,6,4,ADCS,8,SOLAR,2,COMMAND,81,SET_MAG_DIPOLE,128,1,128,1,0,0,0x18010202
1777199994.229,1065249,6,4,ADCS,8,SOLAR,2,COMMAND,81,SET_MAG_DIPOLE,128,1,128,1,0,0,0x18010202
1777199995.296,1066291,6,4,ADCS,8,SOLAR,2,COMMAND,81,SET_MAG_DIPOLE,128,1,128,1,0,0,0x18010202
1777199996.322,1067333,6,4,ADCS,8,SOLAR,2,COMMAND,81,SET_MAG_DIPOLE,128,1,128,1,0,0,0x18010202
1777199997.355,1068375,6,4,ADCS,8,SOLAR,2,COMMAND,81,SET_MAG_DIPOLE,128,1,128,1,0,0,0x18010202
1777199998.397,1069417,6,4,ADCS,8,SOLAR,2,COMMAND,81,SET_MAG_DIPOLE,128,1,128,1,0,0,0x18010202
1777199999.439,1070459,6,4,ADCS,8,SOLAR,2,COMMAND,81,SET_MAG_DIPOLE,128,1,128,1,0,0,0x18010202
1777200000.520,1071501,6,4,ADCS,8,SOLAR,2,COMMAND,81,SET_MAG_DIPOLE,128,1,128,1,0,0,0x18010202
1777200001.539,1072543,6,4,ADCS,8,SOLAR,2,COMMAND,81,SET_MAG_DIPOLE,128,1,128,1,0,0,0x18010202
1777200002.556,1073585,6,4,ADCS,8,SOLAR,2,COMMAND,81,SET_MAG_DIPOLE,128,1,128,1,0,0,0x18010202
1777200003.607,1074627,6,4,ADCS,8,SOLAR,2,COMMAND,81,SET_MAG_DIPOLE,128,1,128,1,0,0,0x18010202
1777200004.649,1075669,6,4,ADCS,8,SOLAR,2,COMMAND,81,SET_MAG_DIPOLE,128,1,128,1,0,0,0x18010202
1777200005.691,1076711,6,4,ADCS,8,SOLAR,2,COMMAND,81,SET_MAG_DIPOLE,128,1,128,1,0,0,0x18010202
1777200006.764,1077753,6,4,ADCS,8,SOLAR,2,COMMAND,81,SET_MAG_DIPOLE,128,1,128,1,0,0,0x18010202
1777200007.790,1078795,6,4,ADCS,8,SOLAR,2,COMMAND,81,SET_MAG_DIPOLE,128,1,128,1,0,0,0x18010202
1777200008.819,1079837,6,4,ADCS,8,SOLAR,2,COMMAND,81,SET_MAG_DIPOLE,128,1,128,1,0,0,0x18010202
1777200009.847,1080879,6,4,ADCS,8,SOLAR,2,COMMAND,81,SET_MAG_DIPOLE,128,1,128,1,0,0,0x18010202
1777200010.901,1081921,6,4,ADCS,8,SOLAR,2,COMMAND,81,SET_MAG_DIPOLE,128,1,128,1,0,0,0x18010202
1777200011.935,1082963,6,4,ADCS,8,SOLAR,2,COMMAND,81,SET_MAG_DIPOLE,128,1,128,1,0,0,0x18010202
1777200013.011,1084005,6,4,ADCS,8,SOLAR,2,COMMAND,81,SET_MAG_DIPOLE,128,1,128,1,0,0,0x18010202
1777200014.035,1085047,6,4,ADCS,8,SOLAR,2,COMMAND,81,SET_MAG_DIPOLE,128,1,128,1,0,0,0x18010202
1777200015.069,1086089,6,4,ADCS,8,SOLAR,2,COMMAND,81,SET_MAG_DIPOLE,128,1,128,1,0,0,0x18010202
1777200016.112,1087131,6,4,ADCS,8,SOLAR,2,COMMAND,81,SET_MAG_DIPOLE,128,1,128,1,0,0,0x18010202
1777200017.155,1088173,6,4,ADCS,8,SOLAR,2,COMMAND,81,SET_MAG_DIPOLE,128,1,128,1,0,0,0x18010202
1777200018.234,1089215,6,4,ADCS,8,SOLAR,2,COMMAND,81,SET_MAG_DIPOLE,128,1,128,1,0,0,0x18010202
1777200019.247,1090257,6,4,ADCS,8,SOLAR,2,COMMAND,81,SET_MAG_DIPOLE,128,1,128,1,0,0,0x18010202
1777200020.281,1091299,6,4,ADCS,8,SOLAR,2,COMMAND,81,SET_MAG_DIPOLE,128,1,128,1,0,0,0x18010202
1777200021.321,1092341,6,4,ADCS,8,SOLAR,2,COMMAND,81,SET_MAG_DIPOLE,128,1,128,1,0,0,0x18010202
1777200022.363,1093383,6,4,ADCS,8,SOLAR,2,COMMAND,81,SET_MAG_DIPOLE,128,1,128,1,0,0,0x18010202
1777200023.405,1094425,6,4,ADCS,8,SOLAR,2,COMMAND,81,SET_MAG_DIPOLE,128,1,128,1,0,0,0x18010202
1777200024.478,1095467,6,4,ADCS,8,SOLAR,2,COMMAND,81,SET_MAG_DIPOLE,128,1,128,1,0,0,0x18010202
1777200025.498,1096509,6,4,ADCS,8,SOLAR,2,COMMAND,81,SET_MAG_DIPOLE,128,1,128,1,0,0,0x18010202
1777200026.531,1097551,6,4,ADCS,8,SOLAR,2,COMMAND,81,SET_MAG_DIPOLE,128,1,128,1,0,0,0x18010202
1777200027.570,1098593,6,4,ADCS,8,SOLAR,2,COMMAND,81,SET_MAG_DIPOLE,128,1,128,1,0,0,0x18010202
1777200028.615,1099635,6,4,ADCS,8,SOLAR,2,COMMAND,81,SET_MAG_DIPOLE,128,1,128,1,0,0,0x18010202
1777200029.657,1100677,6,4,ADCS,8,SOLAR,2,COMMAND,81,SET_MAG_DIPOLE,128,1,128,1,0,0,0x18010202
1777200030.728,1101719,6,4,ADCS,8,SOLAR,2,COMMAND,81,SET_MAG_DIPOLE,128,1,128,1,0,0,0x18010202
1777200031.749,1102761,6,4,ADCS,8,SOLAR,2,COMMAND,81,SET_MAG_DIPOLE,128,1,128,1,0,0,0x18010202
1777200032.783,1103803,6,4,ADCS,8,SOLAR,2,COMMAND,81,SET_MAG_DIPOLE,128,1,128,1,0,0,0x18010202
1777200033.825,1104845,6,4,ADCS,8,SOLAR,2,COMMAND,81,SET_MAG_DIPOLE,128,1,128,1,0,0,0x18010202
1777200034.872,1105887,6,4,ADCS,8,SOLAR,2,COMMAND,81,SET_MAG_DIPOLE,128,1,128,1,0,0,0x18010202
1777200035.938,1106929,6,4,ADCS,8,SOLAR,2,COMMAND,81,SET_MAG_DIPOLE,128,1,128,1,0,0,0x18010202
1777200036.960,1107971,6,4,ADCS,8,SOLAR,2,COMMAND,81,SET_MAG_DIPOLE,128,1,128,1,0,0,0x18010202
1777200037.998,1109013,6,4,ADCS,8,SOLAR,2,COMMAND,81,SET_MAG_DIPOLE,128,1,128,1,0,0,0x18010202
1777200039.037,1110055,6,4,ADCS,8,SOLAR,2,COMMAND,81,SET_MAG_DIPOLE,128,1,128,1,0,0,0x18010202
1777200040.078,1111097,6,4,ADCS,8,SOLAR,2,COMMAND,81,SET_MAG_DIPOLE,128,1,128,1,0,0,0x18010202
1777200041.121,1112139,6,4,ADCS,8,SOLAR,2,COMMAND,81,SET_MAG_DIPOLE,128,1,128,1,0,0,0x18010202
1777200042.186,1113181,6,4,ADCS,8,SOLAR,2,COMMAND,81,SET_MAG_DIPOLE,128,1,128,1,0,0,0x18010202
1777200043.218,1114223,6,4,ADCS,8,SOLAR,2,COMMAND,81,SET_MAG_DIPOLE,128,1,128,1,0,0,0x18010202
1777200044.245,1115265,6,4,ADCS,8,SOLAR,2,COMMAND,81,SET_MAG_DIPOLE,128,1,128,1,0,0,0x18010202
1777200045.278,1116307,6,4,ADCS,8,SOLAR,2,COMMAND,81,SET_MAG_DIPOLE,128,1,128,1,0,0,0x18010202
1777200046.329,1117349,6,4,ADCS,8,SOLAR,2,COMMAND,81,SET_MAG_DIPOLE,128,1,128,1,0,0,0x18010202
1777200047.371,1118391,6,4,ADCS,8,SOLAR,2,COMMAND,81,SET_MAG_DIPOLE,128,1,128,1,0,0,0x18010202
1777200048.444,1119433,6,4,ADCS,8,SOLAR,2,COMMAND,81,SET_MAG_DIPOLE,128,1,128,1,0,0,0x18010202
1777200049.462,1120475,6,4,ADCS,8,SOLAR,2,COMMAND,81,SET_MAG_DIPOLE,128,1,128,1,0,0,0x18010202
1777200050.499,1121517,6,4,ADCS,8,SOLAR,2,COMMAND,81,SET_MAG_DIPOLE,128,1,128,1,0,0,0x18010202
1777200051.540,1122559,6,4,ADCS,8,SOLAR,2,COMMAND,81,SET_MAG_DIPOLE,128,1,128,1,0,0,0x18010202
1777200052.582,1123601,6,4,ADCS,8,SOLAR,2,COMMAND,81,SET_MAG_DIPOLE,128,1,128,1,0,0,0x18010202
1777200053.656,1124643,6,4,ADCS,8,SOLAR,2,COMMAND,81,SET_MAG_DIPOLE,128,1,128,1,0,0,0x18010202
1777200054.683,1125685,6,4,ADCS,8,SOLAR,2,COMMAND,81,SET_MAG_DIPOLE,128,1,128,1,0,0,0x18010202
1777200055.710,1126727,6,4,ADCS,8,SOLAR,2,COMMAND,81,SET_MAG_DIPOLE,128,1,128,1,0,0,0x18010202
1777200056.749,1127769,6,4,ADCS,8,SOLAR,2,COMMAND,81,SET_MAG_DIPOLE,128,1,128,1,0,0,0x18010202
1777200057.792,1128811,6,4,ADCS,8,SOLAR,2,COMMAND,81,SET_MAG_DIPOLE,128,1,128,1,0,0,0x18010202
1777200058.834,1129853,6,4,ADCS,8,SOLAR,2,COMMAND,81,SET_MAG_DIPOLE,128,1,128,1,0,0,0x18010202
1777200059.901,1130895,6,4,ADCS,8,SOLAR,2,COMMAND,81,SET_MAG_DIPOLE,128,1,128,1,0,0,0x18010202
1777200060.924,1131937,6,4,ADCS,8,SOLAR,2,COMMAND,81,SET_MAG_DIPOLE,128,1,128,1,0,0,0x18010202
1777200061.949,1132979,6,4,ADCS,8,SOLAR,2,COMMAND,81,SET_MAG_DIPOLE,128,1,128,1,0,0,0x18010202
1777200063.002,1134021,6,4,ADCS,8,SOLAR,2,COMMAND,81,SET_MAG_DIPOLE,128,1,128,1,0,0,0x18010202
1777200064.043,1135063,6,4,ADCS,8,SOLAR,2,COMMAND,81,SET_MAG_DIPOLE,128,1,128,1,0,0,0x18010202
1777200065.086,1136105,6,4,ADCS,8,SOLAR,2,COMMAND,81,SET_MAG_DIPOLE,128,1,128,1,0,0,0x18010202
1777200066.145,1137147,6,4,ADCS,8,SOLAR,2,COMMAND,81,SET_MAG_DIPOLE,128,1,128,1,0,0,0x18010202
1777200067.171,1138189,6,4,ADCS,8,SOLAR,2,COMMAND,81,SET_MAG_DIPOLE,128,1,128,1,0,0,0x18010202
1777200068.212,1139231,6,4,ADCS,8,SOLAR,2,COMMAND,81,SET_MAG_DIPOLE,128,1,128,1,0,0,0x18010202
1777200069.256,1140273,6,4,ADCS,8,SOLAR,2,COMMAND,81,SET_MAG_DIPOLE,128,1,128,1,0,0,0x18010202
1777200070.296,1141315,6,4,ADCS,8,SOLAR,2,COMMAND,81,SET_MAG_DIPOLE,128,1,128,1,0,0,0x18010202
1777200071.338,1142357,6,4,ADCS,8,SOLAR,2,COMMAND,81,SET_MAG_DIPOLE,128,1,128,1,0,0,0x18010202
1777200072.404,1143399,6,4,ADCS,8,SOLAR,2,COMMAND,81,SET_MAG_DIPOLE,128,1,128,1,0,0,0x18010202
1777200073.424,1144441,6,4,ADCS,8,SOLAR,2,COMMAND,81,SET_MAG_DIPOLE,128,1,128,1,0,0,0x18010202
1777200074.464,1145483,6,4,ADCS,8,SOLAR,2,COMMAND,81,SET_MAG_DIPOLE,128,1,128,1,0,0,0x18010202
1777200075.507,1146525,6,4,ADCS,8,SOLAR,2,COMMAND,81,SET_MAG_DIPOLE,128,1,128,1,0,0,0x18010202
1777200076.548,1147567,6,4,ADCS,8,SOLAR,2,COMMAND,81,SET_MAG_DIPOLE,128,1,128,1,0,0,0x18010202
1777200077.627,1148609,6,4,ADCS,8,SOLAR,2,COMMAND,81,SET_MAG_DIPOLE,128,1,128,1,0,0,0x18010202
1777200078.649,1149651,6,4,ADCS,8,SOLAR,2,COMMAND,81,SET_MAG_DIPOLE,128,1,128,1,0,0,0x18010202
1777200079.675,1150693,6,4,ADCS,8,SOLAR,2,COMMAND,81,SET_MAG_DIPOLE,128,1,128,1,0,0,0x18010202
1777200080.716,1151735,6,4,ADCS,8,SOLAR,2,COMMAND,81,SET_MAG_DIPOLE,128,1,128,1,0,0,0x18010202
1777200081.758,1152777,6,4,ADCS,8,SOLAR,2,COMMAND,81,SET_MAG_DIPOLE,128,1,128,1,0,0,0x18010202
1777200082.800,1153819,6,4,ADCS,8,SOLAR,2,COMMAND,81,SET_MAG_DIPOLE,128,1,128,1,0,0,0x18010202
1777200083.873,1154861,6,4,ADCS,8,SOLAR,2,COMMAND,81,SET_MAG_DIPOLE,128,1,128,1,0,0,0x18010202
1777200084.889,1155903,6,4,ADCS,8,SOLAR,2,COMMAND,81,SET_MAG_DIPOLE,128,1,128,1,0,0,0x18010202
1777200085.927,1156945,6,4,ADCS,8,SOLAR,2,COMMAND,81,SET_MAG_DIPOLE,128,1,128,1,0,0,0x18010202
1777200086.968,1157987,6,4,ADCS,8,SOLAR,2,COMMAND,81,SET_MAG_DIPOLE,128,1,128,1,0,0,0x18010202
1777200088.010,1159029,6,4,ADCS,8,SOLAR,2,COMMAND,81,SET_MAG_DIPOLE,128,1,128,1,0,0,0x18010202
1777200089.055,1160071,6,4,ADCS,8,SOLAR,2,COMMAND,81,SET_MAG_DIPOLE,128,1,128,1,0,0,0x18010202
1777200090.118,1161113,6,4,ADCS,8,SOLAR,2,COMMAND,81,SET_MAG_DIPOLE,128,1,128,1,0,0,0x18010202
1777200091.139,1162155,6,4,ADCS,8,SOLAR,2,COMMAND,81,SET_MAG_DIPOLE,128,1,128,1,0,0,0x18010202
1777200092.179,1163197,6,4,ADCS,8,SOLAR,2,COMMAND,81,SET_MAG_DIPOLE,128,1,128,1,0,0,0x18010202
1777200093.222,1164239,6,4,ADCS,8,SOLAR,2,COMMAND,81,SET_MAG_DIPOLE,128,1,128,1,0,0,0x18010202
1777200094.263,1165281,6,4,ADCS,8,SOLAR,2,COMMAND,81,SET_MAG_DIPOLE,128,1,128,1,0,0,0x18010202
1777200095.343,1166323,6,4,ADCS,8,SOLAR,2,COMMAND,81,SET_MAG_DIPOLE,128,1,128,1,0,0,0x18010202
1777200096.362,1167365,6,4,ADCS,8,SOLAR,2,COMMAND,81,SET_MAG_DIPOLE,128,1,128,1,0,0,0x18010202
1777200097.399,1168407,6,4,ADCS,8,SOLAR,2,COMMAND,81,SET_MAG_DIPOLE,128,1,128,1,0,0,0x18010202
1777200098.430,1169449,6,4,ADCS,8,SOLAR,2,COMMAND,81,SET_MAG_DIPOLE,128,1,128,1,0,0,0x18010202
1777200099.482,1170491,6,4,ADCS,8,SOLAR,2,COMMAND,81,SET_MAG_DIPOLE,128,1,128,1,0,0,0x18010202
1777200100.515,1171533,6,4,ADCS,8,SOLAR,2,COMMAND,81,SET_MAG_DIPOLE,128,1,128,1,0,0,0x18010202
1777200101.599,1172575,6,4,ADCS,8,SOLAR,2,COMMAND,81,SET_MAG_DIPOLE,128,1,128,1,0,0,0x18010202
1777200102.612,1173617,6,4,ADCS,8,SOLAR,2,COMMAND,81,SET_MAG_DIPOLE,128,1,128,1,0,0,0x18010202
1777200103.640,1174659,6,4,ADCS,8,SOLAR,2,COMMAND,81,SET_MAG_DIPOLE,128,1,128,1,0,0,0x18010202
1777200104.683,1175701,6,4,ADCS,8,SOLAR,2,COMMAND,81,SET_MAG_DIPOLE,128,1,128,1,0,0,0x18010202
1777200105.724,1176743,6,4,ADCS,8,SOLAR,2,COMMAND,81,SET_MAG_DIPOLE,128,1,128,1,0,0,0x18010202
1777200106.766,1177785,6,4,ADCS,8,SOLAR,2,COMMAND,81,SET_MAG_DIPOLE,128,1,128,1,0,0,0x18010202
1777200107.838,1178827,6,4,ADCS,8,SOLAR,2,COMMAND,81,SET_MAG_DIPOLE,128,1,128,1,0,0,0x18010202
1777200108.859,1179869,6,4,ADCS,8,SOLAR,2,COMMAND,81,SET_MAG_DIPOLE,128,1,128,1,0,0,0x18010202
1777200109.893,1180911,6,4,ADCS,8,SOLAR,2,COMMAND,81,SET_MAG_DIPOLE,128,1,128,1,0,0,0x18010202
1777200110.935,1181953,6,4,ADCS,8,SOLAR,2,COMMAND,81,SET_MAG_DIPOLE,128,1,128,1,0,0,0x18010202
1777200111.977,1182995,6,4,ADCS,8,SOLAR,2,COMMAND,81,SET_MAG_DIPOLE,128,1,128,1,0,0,0x18010202
1777200113.061,1184037,6,4,ADCS,8,SOLAR,2,COMMAND,81,SET_MAG_DIPOLE,128,1,128,1,0,0,0x18010202
1777200114.091,1185079,6,4,ADCS,8,SOLAR,2,COMMAND,81,SET_MAG_DIPOLE,128,1,128,1,0,0,0x18010202
1777200115.108,1186121,6,4,ADCS,8,SOLAR,2,COMMAND,81,SET_MAG_DIPOLE,128,1,128,1,0,0,0x18010202
1777200116.145,1187163,6,4,ADCS,8,SOLAR,2,COMMAND,81,SET_MAG_DIPOLE,128,1,128,1,0,0,0x18010202
1777200117.187,1188205,6,4,ADCS,8,SOLAR,2,COMMAND,81,SET_MAG_DIPOLE,128,1,128,1,0,0,0x18010202
1777200118.225,1189247,6,4,ADCS,8,SOLAR,2,COMMAND,81,SET_MAG_DIPOLE,128,1,128,1,0,0,0x18010202
1777200119.305,1190289,6,4,ADCS,8,SOLAR,2,COMMAND,81,SET_MAG_DIPOLE,128,1,128,1,0,0,0x18010202
1777200120.328,1191331,6,4,ADCS,8,SOLAR,2,COMMAND,81,SET_MAG_DIPOLE,128,1,128,1,0,0,0x18010202
1777200121.356,1192373,6,4,ADCS,8,SOLAR,2,COMMAND,81,SET_MAG_DIPOLE,128,1,128,1,0,0,0x18010202
1777200122.397,1193415,6,4,ADCS,8,SOLAR,2,COMMAND,81,SET_MAG_DIPOLE,128,1,128,1,0,0,0x18010202
1777200123.440,1194457,6,4,ADCS,8,SOLAR,2,COMMAND,81,SET_MAG_DIPOLE,128,1,128,1,0,0,0x18010202
1777200124.481,1195499,6,4,ADCS,8,SOLAR,2,COMMAND,81,SET_MAG_DIPOLE,128,1,128,1,0,0,0x18010202
1777200125.557,1196541,6,4,ADCS,8,SOLAR,2,COMMAND,81,SET_MAG_DIPOLE,128,1,128,1,0,0,0x18010202
1777200126.572,1197583,6,4,ADCS,8,SOLAR,2,COMMAND,81,SET_MAG_DIPOLE,128,1,128,1,0,0,0x18010202
1777200127.608,1198625,6,4,ADCS,8,SOLAR,2,COMMAND,81,SET_MAG_DIPOLE,128,1,128,1,0,0,0x18010202
1777200128.652,1199667,6,4,ADCS,8,SOLAR,2,COMMAND,81,SET_MAG_DIPOLE,128,1,128,1,0,0,0x18010202
1777200129.691,1200709,6,4,ADCS,8,SOLAR,2,COMMAND,81,SET_MAG_DIPOLE,128,1,128,1,0,0,0x18010202
1777200130.733,1201751,6,4,ADCS,8,SOLAR,2,COMMAND,81,SET_MAG_DIPOLE,128,1,128,1,0,0,0x18010202
1777200131.799,1202793,6,4,ADCS,8,SOLAR,2,COMMAND,81,SET_MAG_DIPOLE,128,1,128,1,0,0,0x18010202
1777200132.823,1203835,6,4,ADCS,8,SOLAR,2,COMMAND,81,SET_MAG_DIPOLE,128,1,128,1,0,0,0x18010202
1777200133.860,1204877,6,4,ADCS,8,SOLAR,2,COMMAND,81,SET_MAG_DIPOLE,128,1,128,1,0,0,0x18010202
1777200134.892,1205919,6,4,ADCS,8,SOLAR,2,COMMAND,81,SET_MAG_DIPOLE,128,1,128,1,0,0,0x18010202
1777200135.939,1206961,6,4,ADCS,8,SOLAR,2,COMMAND,81,SET_MAG_DIPOLE,128,1,128,1,0,0,0x18010202
1777200137.022,1208003,6,4,ADCS,8,SOLAR,2,COMMAND,81,SET_MAG_DIPOLE,128,1,128,1,0,0,0x18010202
1777200153.115,5219,6,4,ADCS,8,SOLAR,2,COMMAND,81,SET_MAG_DIPOLE,128,1,128,1,0,0,0x18010202
1777200154.137,6242,6,4,ADCS,8,SOLAR,2,COMMAND,81,SET_MAG_DIPOLE,128,1,128,1,0,0,0x18010202
1777200173.292,7268,6,4,ADCS,8,SOLAR,2,COMMAND,81,SET_MAG_DIPOLE,128,1,128,1,0,0,0x18010202
1777200174.329,8310,6,4,ADCS,8,SOLAR,2,COMMAND,81,SET_MAG_DIPOLE,128,1,128,1,0,0,0x18010202
1777200175.374,9352,6,4,ADCS,8,SOLAR,2,COMMAND,81,SET_MAG_DIPOLE,128,1,128,1,0,0,0x18010202
1777200176.435,10394,6,4,ADCS,8,SOLAR,2,COMMAND,81,SET_MAG_DIPOLE,128,1,128,1,0,0,0x18010202
1777200177.464,11436,6,4,ADCS,8,SOLAR,2,COMMAND,81,SET_MAG_DIPOLE,128,1,128,1,0,0,0x18010202
1777200178.505,12478,6,4,ADCS,8,SOLAR,2,COMMAND,81,SET_MAG_DIPOLE,128,1,128,1,0,0,0x18010202
1777200179.540,13520,6,4,ADCS,8,SOLAR,2,COMMAND,81,SET_MAG_DIPOLE,128,1,128,1,0,0,0x18010202
1777200180.587,14562,6,4,ADCS,8,SOLAR,2,COMMAND,81,SET_MAG_DIPOLE,128,1,128,1,0,0,0x18010202
1777200181.673,15604,6,4,ADCS,8,SOLAR,2,COMMAND,81,SET_MAG_DIPOLE,128,1,128,1,0,0,0x18010202
1777200182.693,16646,6,4,ADCS,8,SOLAR,2,COMMAND,81,SET_MAG_DIPOLE,128,1,128,1,0,0,0x18010202
1777200183.716,17688,6,4,ADCS,8,SOLAR,2,COMMAND,81,SET_MAG_DIPOLE,128,1,128,1,0,0,0x18010202
1777200184.748,18730,6,4,ADCS,8,SOLAR,2,COMMAND,81,SET_MAG_DIPOLE,128,1,128,1,0,0,0x18010202
1777200185.796,19772,6,4,ADCS,8,SOLAR,2,COMMAND,81,SET_MAG_DIPOLE,128,1,128,1,0,0,0x18010202
1777200186.839,20814,6,4,ADCS,8,SOLAR,2,COMMAND,81,SET_MAG_DIPOLE,128,1,128,1,0,0,0x18010202
1777200187.906,21856,6,4,ADCS,8,SOLAR,2,COMMAND,81,SET_MAG_DIPOLE,128,1,128,1,0,0,0x18010202
1777200188.938,22898,6,4,ADCS,8,SOLAR,2,COMMAND,81,SET_MAG_DIPOLE,128,1,128,1,0,0,0x18010202
1777200189.961,23940,6,4,ADCS,8,SOLAR,2,COMMAND,81,SET_MAG_DIPOLE,128,1,128,1,0,0,0x18010202
1777200191.009,24982,6,4,ADCS,8,SOLAR,2,COMMAND,81,SET_MAG_DIPOLE,128,1,128,1,0,0,0x18010202
1777200192.046,26024,6,4,ADCS,8,SOLAR,2,COMMAND,81,SET_MAG_DIPOLE,128,1,128,1,0,0,0x18010202
1777200193.083,27066,6,4,ADCS,8,SOLAR,2,COMMAND,81,SET_MAG_DIPOLE,128,1,128,1,0,0,0x18010202
1777200194.163,28108,6,4,ADCS,8,SOLAR,2,COMMAND,81,SET_MAG_DIPOLE,128,1,128,1,0,0,0x18010202
1777200195.182,29150,6,4,ADCS,8,SOLAR,2,COMMAND,81,SET_MAG_DIPOLE,128,1,128,1,0,0,0x18010202
1777200196.204,30192,6,4,ADCS,8,SOLAR,2,COMMAND,81,SET_MAG_DIPOLE,128,1,128,1,0,0,0x18010202
1777200197.259,31234,6,4,ADCS,8,SOLAR,2,COMMAND,81,SET_MAG_DIPOLE,128,1,128,1,0,0,0x18010202
1777200198.303,32276,6,4,ADCS,8,SOLAR,2,COMMAND,81,SET_MAG_DIPOLE,128,1,128,1,0,0,0x18010202
1777200199.347,33318,6,4,ADCS,8,SOLAR,2,COMMAND,81,SET_MAG_DIPOLE,128,1,128,1,0,0,0x18010202
1777200200.356,34316,6,4,ADCS,8,SOLAR,2,COMMAND,81,SET_MAG_DIPOLE,128,1,128,1,0,0,0x18010202
1777200201.433,35404,6,4,ADCS,8,SOLAR,2,COMMAND,81,SET_MAG_DIPOLE,128,1,128,1,0,0,0x18010202
1777200201.444,35418,4,4,ADCS,255,BROADCAST,0,HEARTBEAT,48,HEARTBEAT,0,0,0,0,0,0,0x10013FC0
1777200202.560,36503,6,4,ADCS,8,SOLAR,2,COMMAND,81,SET_MAG_DIPOLE,128,1,128,1,0,0,0x18010202
1777200202.560,36512,4,4,ADCS,255,BROADCAST,0,HEARTBEAT,48,HEARTBEAT,0,0,0,0,0,0,0x10013FC0
1777200203.539,37511,6,4,ADCS,8,SOLAR,2,COMMAND,81,SET_MAG_DIPOLE,128,1,128,1,0,0,0x18010202
1777200203.634,37606,4,4,ADCS,255,BROADCAST,0,HEARTBEAT,48,HEARTBEAT,0,0,0,0,0,0,0x10013FC0
1777200204.553,38525,6,4,ADCS,8,SOLAR,2,COMMAND,81,SET_MAG_DIPOLE,128,1,128,1,0,0,0x18010202
1777200204.728,38701,4,4,ADCS,255,BROADCAST,0,HEARTBEAT,48,HEARTBEAT,0,0,0,0,0,0,0x10013FC0
1777200205.651,39623,6,4,ADCS,8,SOLAR,2,COMMAND,81,SET_MAG_DIPOLE,128,1,128,1,0,0,0x18010202
1777200205.827,39795,4,4,ADCS,255,BROADCAST,0,HEARTBEAT,48,HEARTBEAT,0,0,0,0,0,0,0x10013FC0
1777200206.757,40706,6,4,ADCS,8,SOLAR,2,COMMAND,81,SET_MAG_DIPOLE,128,1,128,1,0,0,0x18010202
1777200206.916,40889,4,4,ADCS,255,BROADCAST,0,HEARTBEAT,48,HEARTBEAT,0,0,0,0,0,0,0x10013FC0
1777200207.782,41721,6,4,ADCS,8,SOLAR,2,COMMAND,81,SET_MAG_DIPOLE,128,1,128,1,0,0,0x18010202
1777200208.010,41983,4,4,ADCS,255,BROADCAST,0,HEARTBEAT,48,HEARTBEAT,0,0,0,0,0,0,0x10013FC0
1777200208.762,42735,6,4,ADCS,8,SOLAR,2,COMMAND,81,SET_MAG_DIPOLE,128,1,128,1,0,0,0x18010202
1777200209.105,43077,4,4,ADCS,255,BROADCAST,0,HEARTBEAT,48,HEARTBEAT,0,0,0,0,0,0,0x10013FC0
1777200209.788,43750,6,4,ADCS,8,SOLAR,2,COMMAND,81,SET_MAG_DIPOLE,128,1,128,1,0,0,0x18010202
1777200210.229,44172,4,4,ADCS,255,BROADCAST,0,HEARTBEAT,48,HEARTBEAT,0,0,0,0,0,0,0x10013FC0
1777200210.791,44764,6,4,ADCS,8,SOLAR,2,COMMAND,81,SET_MAG_DIPOLE,128,1,128,1,0,0,0x18010202
1777200211.293,45266,4,4,ADCS,255,BROADCAST,0,HEARTBEAT,48,HEARTBEAT,0,0,0,0,0,0,0x10013FC0
1777200211.795,45767,6,4,ADCS,8,SOLAR,2,COMMAND,81,SET_MAG_DIPOLE,128,1,128,1,0,0,0x18010202
1777200212.387,46360,4,4,ADCS,255,BROADCAST,0,HEARTBEAT,48,HEARTBEAT,0,0,0,0,0,0,0x10013FC0
1777200212.819,46793,6,4,ADCS,8,SOLAR,2,COMMAND,81,SET_MAG_DIPOLE,128,1,128,1,0,0,0x18010202
1777200213.529,47454,4,4,ADCS,255,BROADCAST,0,HEARTBEAT,48,HEARTBEAT,0,0,0,0,0,0,0x10013FC0
1777200213.837,47808,6,4,ADCS,8,SOLAR,2,COMMAND,81,SET_MAG_DIPOLE,128,1,128,1,0,0,0x18010202
1777200214.576,48549,4,4,ADCS,255,BROADCAST,0,HEARTBEAT,48,HEARTBEAT,0,0,0,0,0,0,0x10013FC0
1777200214.849,48822,6,4,ADCS,8,SOLAR,2,COMMAND,81,SET_MAG_DIPOLE,128,1,128,1,0,0,0x18010202
1777200215.686,49643,4,4,ADCS,255,BROADCAST,0,HEARTBEAT,48,HEARTBEAT,0,0,0,0,0,0,0x10013FC0
1777200215.878,49836,6,4,ADCS,8,SOLAR,2,COMMAND,81,SET_MAG_DIPOLE,128,1,128,1,0,0,0x18010202
1777200216.787,50737,4,4,ADCS,255,BROADCAST,0,HEARTBEAT,48,HEARTBEAT,0,0,0,0,0,0,0x10013FC0
1777200216.883,50838,6,4,ADCS,8,SOLAR,2,COMMAND,81,SET_MAG_DIPOLE,128,1,128,1,0,0,0x18010202
1777200217.919,51832,4,4,ADCS,255,BROADCAST,0,HEARTBEAT,48,HEARTBEAT,0,0,0,0,0,0,0x10013FC0
1777200217.919,51865,6,4,ADCS,8,SOLAR,2,COMMAND,81,SET_MAG_DIPOLE,128,1,128,1,0,0,0x18010202
1777200218.942,52879,6,4,ADCS,8,SOLAR,2,COMMAND,81,SET_MAG_DIPOLE,128,1,128,1,0,0,0x18010202
1777200218.953,52926,4,4,ADCS,255,BROADCAST,0,HEARTBEAT,48,HEARTBEAT,0,0,0,0,0,0,0x10013FC0
1777200219.920,53893,6,4,ADCS,8,SOLAR,2,COMMAND,81,SET_MAG_DIPOLE,128,1,128,1,0,0,0x18010202
1777200220.071,54020,4,4,ADCS,255,BROADCAST,0,HEARTBEAT,48,HEARTBEAT,0,0,0,0,0,0,0x10013FC0
1777200220.934,54908,6,4,ADCS,8,SOLAR,2,COMMAND,81,SET_MAG_DIPOLE,128,1,128,1,0,0,0x18010202
1777200221.142,55114,4,4,ADCS,255,BROADCAST,0,HEARTBEAT,48,HEARTBEAT,0,0,0,0,0,0,0x10013FC0
1777200221.950,55922,6,4,ADCS,8,SOLAR,2,COMMAND,81,SET_MAG_DIPOLE,128,1,128,1,0,0,0x18010202
1777200222.236,56209,4,4,ADCS,255,BROADCAST,0,HEARTBEAT,48,HEARTBEAT,0,0,0,0,0,0,0x10013FC0
1777200222.964,56937,6,4,ADCS,8,SOLAR,2,COMMAND,81,SET_MAG_DIPOLE,128,1,128,1,0,0,0x18010202
1777200223.343,57303,4,4,ADCS,255,BROADCAST,0,HEARTBEAT,48,HEARTBEAT,0,0,0,0,0,0,0x10013FC0
1777200223.978,57951,6,4,ADCS,8,SOLAR,2,COMMAND,81,SET_MAG_DIPOLE,128,1,128,1,0,0,0x18010202
1777200224.431,58398,4,4,ADCS,255,BROADCAST,0,HEARTBEAT,48,HEARTBEAT,0,0,0,0,0,0,0x10013FC0
1777200225.001,58966,6,4,ADCS,8,SOLAR,2,COMMAND,81,SET_MAG_DIPOLE,128,1,128,1,0,0,0x18010202
1777200225.523,59492,4,4,ADCS,255,BROADCAST,0,HEARTBEAT,48,HEARTBEAT,0,0,0,0,0,0,0x10013FC0
1777200226.016,59980,6,4,ADCS,8,SOLAR,2,COMMAND,81,SET_MAG_DIPOLE,128,1,128,1,0,0,0x18010202
1777200226.624,60586,4,4,ADCS,255,BROADCAST,0,HEARTBEAT,48,HEARTBEAT,0,0,0,0,0,0,0x10013FC0
1777200227.024,60987,6,4,ADCS,8,SOLAR,2,COMMAND,81,SET_MAG_DIPOLE,128,1,128,1,0,0,0x18010202
1777200227.707,61681,4,4,ADCS,255,BROADCAST,0,HEARTBEAT,48,HEARTBEAT,0,0,0,0,0,0,0x10013FC0
1777200228.047,62009,6,4,ADCS,8,SOLAR,2,COMMAND,81,SET_MAG_DIPOLE,128,1,128,1,0,0,0x18010202
1777200228.803,62775,4,4,ADCS,255,BROADCAST,0,HEARTBEAT,48,HEARTBEAT,0,0,0,0,0,0,0x10013FC0
1777200229.070,63023,6,4,ADCS,8,SOLAR,2,COMMAND,81,SET_MAG_DIPOLE,128,1,128,1,0,0,0x18010202
1777200229.901,63869,4,4,ADCS,255,BROADCAST,0,HEARTBEAT,48,HEARTBEAT,0,0,0,0,0,0,0x10013FC0
1777200230.065,64037,6,4,ADCS,8,SOLAR,2,COMMAND,81,SET_MAG_DIPOLE,128,1,128,1,0,0,0x18010202
1777200231.026,64964,4,4,ADCS,255,BROADCAST,0,HEARTBEAT,48,HEARTBEAT,0,0,0,0,0,0,0x10013FC0
1777200231.079,65052,6,4,ADCS,8,SOLAR,2,COMMAND,81,SET_MAG_DIPOLE,128,1,128,1,0,0,0x18010202
1777200232.087,66058,4,4,ADCS,255,BROADCAST,0,HEARTBEAT,48,HEARTBEAT,0,0,0,0,0,0,0x10013FC0
1777200232.087,66059,6,4,ADCS,8,SOLAR,2,COMMAND,81,SET_MAG_DIPOLE,128,1,128,1,0,0,0x18010202
1777200233.108,67080,6,4,ADCS,8,SOLAR,2,COMMAND,81,SET_MAG_DIPOLE,128,1,128,1,0,0,0x18010202
1777200233.180,67152,4,4,ADCS,255,BROADCAST,0,HEARTBEAT,48,HEARTBEAT,0,0,0,0,0,0,0x10013FC0
1777200234.124,68094,6,4,ADCS,8,SOLAR,2,COMMAND,81,SET_MAG_DIPOLE,128,1,128,1,0,0,0x18010202
1777200234.303,68246,4,4,ADCS,255,BROADCAST,0,HEARTBEAT,48,HEARTBEAT,0,0,0,0,0,0,0x10013FC0
1777200235.136,69109,6,4,ADCS,8,SOLAR,2,COMMAND,81,SET_MAG_DIPOLE,128,1,128,1,0,0,0x18010202
1777200235.368,69341,4,4,ADCS,255,BROADCAST,0,HEARTBEAT,48,HEARTBEAT,0,0,0,0,0,0,0x10013FC0
1777200236.150,70123,6,4,ADCS,8,SOLAR,2,COMMAND,81,SET_MAG_DIPOLE,128,1,128,1,0,0,0x18010202
1777200236.463,70435,4,4,ADCS,255,BROADCAST,0,HEARTBEAT,48,HEARTBEAT,0,0,0,0,0,0,0x10013FC0
1777200237.173,71136,6,4,ADCS,8,SOLAR,2,COMMAND,81,SET_MAG_DIPOLE,128,1,128,1,0,0,0x18010202
1777200237.577,71529,4,4,ADCS,255,BROADCAST,0,HEARTBEAT,48,HEARTBEAT,0,0,0,0,0,0,0x10013FC0
1777200238.189,72152,6,4,ADCS,8,SOLAR,2,COMMAND,81,SET_MAG_DIPOLE,128,1,128,1,0,0,0x18010202
1777200238.651,72623,4,4,ADCS,255,BROADCAST,0,HEARTBEAT,48,HEARTBEAT,0,0,0,0,0,0,0x10013FC0
1777200239.209,73166,6,4,ADCS,8,SOLAR,2,COMMAND,81,SET_MAG_DIPOLE,128,1,128,1,0,0,0x18010202
1777200239.746,73718,4,4,ADCS,255,BROADCAST,0,HEARTBEAT,48,HEARTBEAT,0,0,0,0,0,0,0x10013FC0
1777200240.230,74180,6,4,ADCS,8,SOLAR,2,COMMAND,81,SET_MAG_DIPOLE,128,1,128,1,0,0,0x18010202
1777200240.858,74812,4,4,ADCS,255,BROADCAST,0,HEARTBEAT,48,HEARTBEAT,0,0,0,0,0,0,0x10013FC0
1777200241.222,75195,6,4,ADCS,8,SOLAR,2,COMMAND,81,SET_MAG_DIPOLE,128,1,128,1,0,0,0x18010202
1777200241.934,75906,4,4,ADCS,255,BROADCAST,0,HEARTBEAT,48,HEARTBEAT,0,0,0,0,0,0,0x10013FC0
1777200242.237,76207,6,4,ADCS,8,SOLAR,2,COMMAND,81,SET_MAG_DIPOLE,128,1,128,1,0,0,0x18010202
1777200243.029,77000,4,4,ADCS,255,BROADCAST,0,HEARTBEAT,48,HEARTBEAT,0,0,0,0,0,0,0x10013FC0
1777200243.259,77223,6,4,ADCS,8,SOLAR,2,COMMAND,81,SET_MAG_DIPOLE,128,1,128,1,0,0,0x18010202
1777200244.138,78095,4,4,ADCS,255,BROADCAST,0,HEARTBEAT,48,HEARTBEAT,0,0,0,0,0,0,0x10013FC0
1777200244.264,78237,6,4,ADCS,8,SOLAR,2,COMMAND,81,SET_MAG_DIPOLE,128,1,128,1,0,0,0x18010202
1777200245.217,79189,4,4,ADCS,255,BROADCAST,0,HEARTBEAT,48,HEARTBEAT,0,0,0,0,0,0,0x10013FC0
1777200245.279,79252,6,4,ADCS,8,SOLAR,2,COMMAND,81,SET_MAG_DIPOLE,128,1,128,1,0,0,0x18010202
1777200246.293,80266,6,4,ADCS,8,SOLAR,2,COMMAND,81,SET_MAG_DIPOLE,128,1,128,1,0,0,0x18010202
1777200246.311,80283,4,4,ADCS,255,BROADCAST,0,HEARTBEAT,48,HEARTBEAT,0,0,0,0,0,0,0x10013FC0
1777200247.308,81280,6,4,ADCS,8,SOLAR,2,COMMAND,81,SET_MAG_DIPOLE,128,1,128,1,0,0,0x18010202
1777200247.411,81377,4,4,ADCS,255,BROADCAST,0,HEARTBEAT,48,HEARTBEAT,0,0,0,0,0,0,0x10013FC0
1777200248.336,82294,6,4,ADCS,8,SOLAR,2,COMMAND,81,SET_MAG_DIPOLE,128,1,128,1,0,0,0x18010202
1777200248.527,82472,4,4,ADCS,255,BROADCAST,0,HEARTBEAT,48,HEARTBEAT,0,0,0,0,0,0,0x10013FC0
1777200249.356,83308,6,4,ADCS,8,SOLAR,2,COMMAND,81,SET_MAG_DIPOLE,128,1,128,1,0,0,0x18010202
1777200249.594,83566,4,4,ADCS,255,BROADCAST,0,HEARTBEAT,48,HEARTBEAT,0,0,0,0,0,0,0x10013FC0
1777200250.393,84322,6,4,ADCS,8,SOLAR,2,COMMAND,81,SET_MAG_DIPOLE,128,1,128,1,0,0,0x18010202
1777200250.688,84660,4,4,ADCS,255,BROADCAST,0,HEARTBEAT,48,HEARTBEAT,0,0,0,0,0,0,0x10013FC0
1777200251.364,85337,6,4,ADCS,8,SOLAR,2,COMMAND,81,SET_MAG_DIPOLE,128,1,128,1,0,0,0x18010202
1777200251.830,85755,4,4,ADCS,255,BROADCAST,0,HEARTBEAT,48,HEARTBEAT,0,0,0,0,0,0,0x10013FC0
1777200252.378,86351,6,4,ADCS,8,SOLAR,2,COMMAND,81,SET_MAG_DIPOLE,128,1,128,1,0,0,0x18010202
1777200252.877,86849,4,4,ADCS,255,BROADCAST,0,HEARTBEAT,48,HEARTBEAT,0,0,0,0,0,0,0x10013FC0
1777200253.378,87350,6,4,ADCS,8,SOLAR,2,COMMAND,81,SET_MAG_DIPOLE,128,1,128,1,0,0,0x18010202
1777200253.971,87943,4,4,ADCS,255,BROADCAST,0,HEARTBEAT,48,HEARTBEAT,0,0,0,0,0,0,0x10013FC0
1777200254.409,88379,6,4,ADCS,8,SOLAR,2,COMMAND,81,SET_MAG_DIPOLE,128,1,128,1,0,0,0x18010202
1777200255.093,89038,4,4,ADCS,255,BROADCAST,0,HEARTBEAT,48,HEARTBEAT,0,0,0,0,0,0,0x10013FC0
1777200255.421,89393,6,4,ADCS,8,SOLAR,2,COMMAND,81,SET_MAG_DIPOLE,128,1,128,1,0,0,0x18010202
1777200256.160,90132,4,4,ADCS,255,BROADCAST,0,HEARTBEAT,48,HEARTBEAT,0,0,0,0,0,0,0x10013FC0
1777200256.435,90407,6,4,ADCS,8,SOLAR,2,COMMAND,81,SET_MAG_DIPOLE,128,1,128,1,0,0,0x18010202
1777200257.254,91226,4,4,ADCS,255,BROADCAST,0,HEARTBEAT,48,HEARTBEAT,0,0,0,0,0,0,0x10013FC0
1777200257.449,91421,6,4,ADCS,8,SOLAR,2,COMMAND,81,SET_MAG_DIPOLE,128,1,128,1,0,0,0x18010202
1777200258.368,92320,4,4,ADCS,255,BROADCAST,0,HEARTBEAT,48,HEARTBEAT,0,0,0,0,0,0,0x10013FC0
1777200258.471,92421,6,4,ADCS,8,SOLAR,2,COMMAND,81,SET_MAG_DIPOLE,128,1,128,1,0,0,0x18010202
1777200259.443,93415,4,4,ADCS,255,BROADCAST,0,HEARTBEAT,48,HEARTBEAT,0,0,0,0,0,0,0x10013FC0
1777200259.496,93450,6,4,ADCS,8,SOLAR,2,COMMAND,81,SET_MAG_DIPOLE,128,1,128,1,0,0,0x18010202
1777200260.522,94464,6,4,ADCS,8,SOLAR,2,COMMAND,81,SET_MAG_DIPOLE,128,1,128,1,0,0,0x18010202
1777200260.537,94509,4,4,ADCS,255,BROADCAST,0,HEARTBEAT,48,HEARTBEAT,0,0,0,0,0,0,0x10013FC0
1777200261.545,95478,6,4,ADCS,8,SOLAR,2,COMMAND,81,SET_MAG_DIPOLE,128,1,128,1,0,0,0x18010202
1777200261.645,95603,4,4,ADCS,255,BROADCAST,0,HEARTBEAT,48,HEARTBEAT,0,0,0,0,0,0,0x10013FC0
1777200262.520,96492,6,4,ADCS,8,SOLAR,2,COMMAND,81,SET_MAG_DIPOLE,128,1,128,1,0,0,0x18010202
1777200262.725,96698,4,4,ADCS,255,BROADCAST,0,HEARTBEAT,48,HEARTBEAT,0,0,0,0,0,0,0x10013FC0
1777200263.522,97499,6,4,ADCS,8,SOLAR,2,COMMAND,81,SET_MAG_DIPOLE,128,1,128,1,0,0,0x18010202
1777200263.820,97792,4,4,ADCS,255,BROADCAST,0,HEARTBEAT,48,HEARTBEAT,0,0,0,0,0,0,0x10013FC0
1777200264.549,98521,6,4,ADCS,8,SOLAR,2,COMMAND,81,SET_MAG_DIPOLE,128,1,128,1,0,0,0x18010202
1777200264.925,98886,4,4,ADCS,255,BROADCAST,0,HEARTBEAT,48,HEARTBEAT,0,0,0,0,0,0,0x10013FC0
1777200265.565,99535,6,4,ADCS,8,SOLAR,2,COMMAND,81,SET_MAG_DIPOLE,128,1,128,1,0,0,0x18010202
1777200266.009,99980,4,4,ADCS,255,BROADCAST,0,HEARTBEAT,48,HEARTBEAT,0,0,0,0,0,0,0x10013FC0
1777200266.577,100549,6,4,ADCS,8,SOLAR,2,COMMAND,81,SET_MAG_DIPOLE,128,1,128,1,0,0,0x18010202
1777200267.103,101075,4,4,ADCS,255,BROADCAST,0,HEARTBEAT,48,HEARTBEAT,0,0,0,0,0,0,0x10013FC0
1777200267.591,101563,6,4,ADCS,8,SOLAR,2,COMMAND,81,SET_MAG_DIPOLE,128,1,128,1,0,0,0x18010202
1777200268.199,102169,4,4,ADCS,255,BROADCAST,0,HEARTBEAT,48,HEARTBEAT,0,0,0,0,0,0,0x10013FC0
1777200268.604,102570,6,4,ADCS,8,SOLAR,2,COMMAND,81,SET_MAG_DIPOLE,128,1,128,1,0,0,0x18010202
1777200269.331,103263,4,4,ADCS,255,BROADCAST,0,HEARTBEAT,48,HEARTBEAT,0,0,0,0,0,0,0x10013FC0
1777200269.634,103592,6,4,ADCS,8,SOLAR,2,COMMAND,81,SET_MAG_DIPOLE,128,1,128,1,0,0,0x18010202
1777200270.386,104357,4,4,ADCS,255,BROADCAST,0,HEARTBEAT,48,HEARTBEAT,0,0,0,0,0,0,0x10013FC0
1777200270.670,104606,6,4,ADCS,8,SOLAR,2,COMMAND,81,SET_MAG_DIPOLE,128,1,128,1,0,0,0x18010202
1777200271.480,105452,4,4,ADCS,255,BROADCAST,0,HEARTBEAT,48,HEARTBEAT,0,0,0,0,0,0,0x10013FC0
1777200271.674,105620,6,4,ADCS,8,SOLAR,2,COMMAND,81,SET_MAG_DIPOLE,128,1,128,1,0,0,0x18010202
1777200272.619,106546,4,4,ADCS,255,BROADCAST,0,HEARTBEAT,48,HEARTBEAT,0,0,0,0,0,0,0x10013FC0
1777200272.662,106634,6,4,ADCS,8,SOLAR,2,COMMAND,81,SET_MAG_DIPOLE,128,1,128,1,0,0,0x18010202
1777200273.669,107640,4,4,ADCS,255,BROADCAST,0,HEARTBEAT,48,HEARTBEAT,0,0,0,0,0,0,0x10013FC0
1777200273.669,107641,6,4,ADCS,8,SOLAR,2,COMMAND,81,SET_MAG_DIPOLE,128,1,128,1,0,0,0x18010202
1777200274.690,108663,6,4,ADCS,8,SOLAR,2,COMMAND,81,SET_MAG_DIPOLE,128,1,128,1,0,0,0x18010202
1777200274.763,108735,4,4,ADCS,255,BROADCAST,0,HEARTBEAT,48,HEARTBEAT,0,0,0,0,0,0,0x10013FC0
1777200275.705,109677,6,4,ADCS,8,SOLAR,2,COMMAND,81,SET_MAG_DIPOLE,128,1,128,1,0,0,0x18010202
1777200275.880,109829,4,4,ADCS,255,BROADCAST,0,HEARTBEAT,48,HEARTBEAT,0,0,0,0,0,0,0x10013FC0
1777200276.719,110691,6,4,ADCS,8,SOLAR,2,COMMAND,81,SET_MAG_DIPOLE,128,1,128,1,0,0,0x18010202
1777200276.952,110923,4,4,ADCS,255,BROADCAST,0,HEARTBEAT,48,HEARTBEAT,0,0,0,0,0,0,0x10013FC0
1777200277.733,111705,6,4,ADCS,8,SOLAR,2,COMMAND,81,SET_MAG_DIPOLE,128,1,128,1,0,0,0x18010202
1777200278.052,112017,4,4,ADCS,255,BROADCAST,0,HEARTBEAT,48,HEARTBEAT,0,0,0,0,0,0,0x10013FC0
1777200278.747,112718,6,4,ADCS,8,SOLAR,2,COMMAND,81,SET_MAG_DIPOLE,128,1,128,1,0,0,0x18010202
1777200279.171,113112,4,4,ADCS,255,BROADCAST,0,HEARTBEAT,48,HEARTBEAT,0,0,0,0,0,0,0x10013FC0
1777200279.763,113734,6,4,ADCS,8,SOLAR,2,COMMAND,81,SET_MAG_DIPOLE,128,1,128,1,0,0,0x18010202
1777200280.234,114206,4,4,ADCS,255,BROADCAST,0,HEARTBEAT,48,HEARTBEAT,0,0,0,0,0,0,0x10013FC0
1777200280.797,114748,6,4,ADCS,8,SOLAR,2,COMMAND,81,SET_MAG_DIPOLE,128,1,128,1,0,0,0x18010202
1777200281.340,115300,4,4,ADCS,255,BROADCAST,0,HEARTBEAT,48,HEARTBEAT,0,0,0,0,0,0,0x10013FC0
1777200281.826,115762,6,4,ADCS,8,SOLAR,2,COMMAND,81,SET_MAG_DIPOLE,128,1,128,1,0,0,0x18010202
1777200282.428,116394,4,4,ADCS,255,BROADCAST,0,HEARTBEAT,48,HEARTBEAT,0,0,0,0,0,0,0x10013FC0
1777200282.843,116776,6,4,ADCS,8,SOLAR,2,COMMAND,81,SET_MAG_DIPOLE,128,1,128,1,0,0,0x18010202
1777200283.517,117489,4,4,ADCS,255,BROADCAST,0,HEARTBEAT,48,HEARTBEAT,0,0,0,0,0,0,0x10013FC0
1777200283.818,117790,6,4,ADCS,8,SOLAR,2,COMMAND,81,SET_MAG_DIPOLE,128,1,128,1,0,0,0x18010202
1777200284.611,118583,4,4,ADCS,255,BROADCAST,0,HEARTBEAT,48,HEARTBEAT,0,0,0,0,0,0,0x10013FC0
1777200284.833,118804,6,4,ADCS,8,SOLAR,2,COMMAND,81,SET_MAG_DIPOLE,128,1,128,1,0,0,0x18010202
1777200285.860,119831,6,4,ADCS,8,SOLAR,2,COMMAND,81,SET_MAG_DIPOLE,128,1,128,1,0,0,0x18010202
1777200286.933,120899,6,4,ADCS,8,SOLAR,2,COMMAND,81,SET_MAG_DIPOLE,128,1,128,1,0,0,0x18010202
1777200287.968,121928,6,4,ADCS,8,SOLAR,2,COMMAND,81,SET_MAG_DIPOLE,128,1,128,1,0,0,0x18010202
1777200288.989,122942,6,4,ADCS,8,SOLAR,2,COMMAND,81,SET_MAG_DIPOLE,128,1,128,1,0,0,0x18010202
1777200290.015,123956,6,4,ADCS,8,SOLAR,2,COMMAND,81,SET_MAG_DIPOLE,128,1,128,1,0,0,0x18010202
1777200291.035,124970,6,4,ADCS,8,SOLAR,2,COMMAND,81,SET_MAG_DIPOLE,128,1,128,1,0,0,0x18010202
1777200292.013,125984,6,4,ADCS,8,SOLAR,2,COMMAND,81,SET_MAG_DIPOLE,128,1,128,1,0,0,0x18010202
1777200293.027,126998,6,4,ADCS,8,SOLAR,2,COMMAND,81,SET_MAG_DIPOLE,128,1,128,1,0,0,0x18010202
1777200294.041,128012,6,4,ADCS,8,SOLAR,2,COMMAND,81,SET_MAG_DIPOLE,128,1,128,1,0,0,0x18010202
1777200295.055,129026,6,4,ADCS,8,SOLAR,2,COMMAND,81,SET_MAG_DIPOLE,128,1,128,1,0,0,0x18010202
1777200296.069,130040,6,4,ADCS,8,SOLAR,2,COMMAND,81,SET_MAG_DIPOLE,128,1,128,1,0,0,0x18010202
1777200297.083,131054,6,4,ADCS,8,SOLAR,2,COMMAND,81,SET_MAG_DIPOLE,128,1,128,1,0,0,0x18010202
1777200298.098,132068,6,4,ADCS,8,SOLAR,2,COMMAND,81,SET_MAG_DIPOLE,128,1,128,1,0,0,0x18010202
1777200299.123,133082,6,4,ADCS,8,SOLAR,2,COMMAND,81,SET_MAG_DIPOLE,128,1,128,1,0,0,0x18010202
1777200300.141,134096,6,4,ADCS,8,SOLAR,2,COMMAND,81,SET_MAG_DIPOLE,128,1,128,1,0,0,0x18010202
1777200301.163,135110,6,4,ADCS,8,SOLAR,2,COMMAND,81,SET_MAG_DIPOLE,128,1,128,1,0,0,0x18010202
1777200302.166,136125,6,4,ADCS,8,SOLAR,2,COMMAND,81,SET_MAG_DIPOLE,128,1,128,1,0,0,0x18010202
1777200303.168,137139,6,4,ADCS,8,SOLAR,2,COMMAND,81,SET_MAG_DIPOLE,128,1,128,1,0,0,0x18010202
1777200304.182,138153,6,4,ADCS,8,SOLAR,2,COMMAND,81,SET_MAG_DIPOLE,128,1,128,1,0,0,0x18010202
1777200305.198,139167,6,4,ADCS,8,SOLAR,2,COMMAND,81,SET_MAG_DIPOLE,128,1,128,1,0,0,0x18010202
1777200306.218,140181,6,4,ADCS,8,SOLAR,2,COMMAND,81,SET_MAG_DIPOLE,128,1,128,1,0,0,0x18010202
1777200307.224,141195,6,4,ADCS,8,SOLAR,2,COMMAND,81,SET_MAG_DIPOLE,128,1,128,1,0,0,0x18010202
1777200308.240,142210,6,4,ADCS,8,SOLAR,2,COMMAND,81,SET_MAG_DIPOLE,128,1,128,1,0,0,0x18010202
1777200309.264,143224,6,4,ADCS,8,SOLAR,2,COMMAND,81,SET_MAG_DIPOLE,128,1,128,1,0,0,0x18010202
1777200310.285,144238,6,4,ADCS,8,SOLAR,2,COMMAND,81,SET_MAG_DIPOLE,128,1,128,1,0,0,0x18010202
1777200311.318,145252,6,4,ADCS,8,SOLAR,2,COMMAND,81,SET_MAG_DIPOLE,128,1,128,1,0,0,0x18010202
1777200312.340,146266,6,4,ADCS,8,SOLAR,2,COMMAND,81,SET_MAG_DIPOLE,128,1,128,1,0,0,0x18010202
1777200313.312,147280,6,4,ADCS,8,SOLAR,2,COMMAND,81,SET_MAG_DIPOLE,128,1,128,1,0,0,0x18010202
1777200314.327,148294,6,4,ADCS,8,SOLAR,2,COMMAND,81,SET_MAG_DIPOLE,128,1,128,1,0,0,0x18010202
1777200315.337,149308,6,4,ADCS,8,SOLAR,2,COMMAND,81,SET_MAG_DIPOLE,128,1,128,1,0,0,0x18010202
1777200316.354,150322,6,4,ADCS,8,SOLAR,2,COMMAND,81,SET_MAG_DIPOLE,128,1,128,1,0,0,0x18010202
1777200317.374,151336,6,4,ADCS,8,SOLAR,2,COMMAND,81,SET_MAG_DIPOLE,128,1,128,1,0,0,0x18010202
1777200318.380,152351,6,4,ADCS,8,SOLAR,2,COMMAND,81,SET_MAG_DIPOLE,128,1,128,1,0,0,0x18010202
1777200319.396,153365,6,4,ADCS,8,SOLAR,2,COMMAND,81,SET_MAG_DIPOLE,128,1,128,1,0,0,0x18010202
1777200320.418,154379,6,4,ADCS,8,SOLAR,2,COMMAND,81,SET_MAG_DIPOLE,128,1,128,1,0,0,0x18010202
1777200321.450,155393,6,4,ADCS,8,SOLAR,2,COMMAND,81,SET_MAG_DIPOLE,128,1,128,1,0,0,0x18010202
1777200322.479,156407,6,4,ADCS,8,SOLAR,2,COMMAND,81,SET_MAG_DIPOLE,128,1,128,1,0,0,0x18010202
1777200323.452,157421,6,4,ADCS,8,SOLAR,2,COMMAND,81,SET_MAG_DIPOLE,128,1,128,1,0,0,0x18010202
1777200324.464,158435,6,4,ADCS,8,SOLAR,2,COMMAND,81,SET_MAG_DIPOLE,128,1,128,1,0,0,0x18010202
1777200325.479,159449,6,4,ADCS,8,SOLAR,2,COMMAND,81,SET_MAG_DIPOLE,128,1,128,1,0,0,0x18010202
1777200326.484,160463,6,4,ADCS,8,SOLAR,2,COMMAND,81,SET_MAG_DIPOLE,128,1,128,1,0,0,0x18010202
1777200327.506,161477,6,4,ADCS,8,SOLAR,2,COMMAND,81,SET_MAG_DIPOLE,128,1,128,1,0,0,0x18010202
1777200328.530,162492,6,4,ADCS,8,SOLAR,2,COMMAND,81,SET_MAG_DIPOLE,128,1,128,1,0,0,0x18010202
1777200329.534,163505,6,4,ADCS,8,SOLAR,2,COMMAND,81,SET_MAG_DIPOLE,128,1,128,1,0,0,0x18010202
1777200330.557,164520,6,4,ADCS,8,SOLAR,2,COMMAND,81,SET_MAG_DIPOLE,128,1,128,1,0,0,0x18010202
1777200331.577,165534,6,4,ADCS,8,SOLAR,2,COMMAND,81,SET_MAG_DIPOLE,128,1,128,1,0,0,0x18010202
1777200332.614,166548,6,4,ADCS,8,SOLAR,2,COMMAND,81,SET_MAG_DIPOLE,128,1,128,1,0,0,0x18010202
1777200333.591,167562,6,4,ADCS,8,SOLAR,2,COMMAND,81,SET_MAG_DIPOLE,128,1,128,1,0,0,0x18010202
1777200334.607,168576,6,4,ADCS,8,SOLAR,2,COMMAND,81,SET_MAG_DIPOLE,128,1,128,1,0,0,0x18010202
1777200335.620,169590,6,4,ADCS,8,SOLAR,2,COMMAND,81,SET_MAG_DIPOLE,128,1,128,1,0,0,0x18010202
1777200336.636,170604,6,4,ADCS,8,SOLAR,2,COMMAND,81,SET_MAG_DIPOLE,128,1,128,1,0,0,0x18010202
1777200337.647,171618,6,4,ADCS,8,SOLAR,2,COMMAND,81,SET_MAG_DIPOLE,128,1,128,1,0,0,0x18010202
1777200338.662,172632,6,4,ADCS,8,SOLAR,2,COMMAND,81,SET_MAG_DIPOLE,128,1,128,1,0,0,0x18010202
1777200339.676,173647,6,4,ADCS,8,SOLAR,2,COMMAND,81,SET_MAG_DIPOLE,128,1,128,1,0,0,0x18010202
1777200340.711,174661,6,4,ADCS,8,SOLAR,2,COMMAND,81,SET_MAG_DIPOLE,128,1,128,1,0,0,0x18010202
1777200341.724,175662,6,4,ADCS,8,SOLAR,2,COMMAND,81,SET_MAG_DIPOLE,128,1,128,1,0,0,0x18010202
1777200342.693,176663,6,4,ADCS,8,SOLAR,2,COMMAND,81,SET_MAG_DIPOLE,128,1,128,1,0,0,0x18010202
1777200343.694,177664,6,4,ADCS,8,SOLAR,2,COMMAND,81,SET_MAG_DIPOLE,128,1,128,1,0,0,0x18010202
1777200344.714,178685,6,4,ADCS,8,SOLAR,2,COMMAND,81,SET_MAG_DIPOLE,128,1,128,1,0,0,0x18010202
1777200345.716,179686,6,4,ADCS,8,SOLAR,2,COMMAND,81,SET_MAG_DIPOLE,128,1,128,1,0,0,0x18010202
1777200346.797,180767,6,4,ADCS,8,SOLAR,2,COMMAND,81,SET_MAG_DIPOLE,128,1,128,1,0,0,0x18010202
1777200347.826,181796,6,4,ADCS,8,SOLAR,2,COMMAND,81,SET_MAG_DIPOLE,128,1,128,1,0,0,0x18010202
1777200348.840,182810,6,4,ADCS,8,SOLAR,2,COMMAND,81,SET_MAG_DIPOLE,128,1,128,1,0,0,0x18010202
1777200357.121,5005,4,4,ADCS,255,BROADCAST,0,HEARTBEAT,48,HEARTBEAT,0,0,0,0,0,0,0x10013FC0
1777200357.287,5305,6,4,ADCS,8,SOLAR,2,COMMAND,81,SET_MAG_DIPOLE,128,1,128,1,0,0,0x18010202
1777200358.060,6099,4,4,ADCS,255,BROADCAST,0,HEARTBEAT,48,HEARTBEAT,0,0,0,0,0,0,0x10013FC0
1777200358.360,6400,6,4,ADCS,8,SOLAR,2,COMMAND,81,SET_MAG_DIPOLE,128,1,128,1,0,0,0x18010202
1777200359.167,7194,4,4,ADCS,255,BROADCAST,0,HEARTBEAT,48,HEARTBEAT,0,0,0,0,0,0,0x10013FC0
1777200359.471,7495,6,4,ADCS,8,SOLAR,2,COMMAND,81,SET_MAG_DIPOLE,128,1,128,1,0,0,0x18010202
1777200360.255,8288,4,4,ADCS,255,BROADCAST,0,HEARTBEAT,48,HEARTBEAT,0,0,0,0,0,0,0x10013FC0
1777200360.512,8552,6,4,ADCS,8,SOLAR,2,COMMAND,81,SET_MAG_DIPOLE,128,1,128,1,0,0,0x18010202
1777200361.346,9382,4,4,ADCS,255,BROADCAST,0,HEARTBEAT,48,HEARTBEAT,0,0,0,0,0,0,0x10013FC0
1777200361.527,9566,6,4,ADCS,8,SOLAR,2,COMMAND,81,SET_MAG_DIPOLE,128,1,128,1,0,0,0x18010202
1777200362.438,10477,4,4,ADCS,255,BROADCAST,0,HEARTBEAT,48,HEARTBEAT,0,0,0,0,0,0,0x10013FC0
1777200362.539,10578,6,4,ADCS,8,SOLAR,2,COMMAND,81,SET_MAG_DIPOLE,128,1,128,1,0,0,0x18010202
1777200363.532,11571,4,4,ADCS,255,BROADCAST,0,HEARTBEAT,48,HEARTBEAT,0,0,0,0,0,0,0x10013FC0
1777200363.555,11595,6,4,ADCS,8,SOLAR,2,COMMAND,81,SET_MAG_DIPOLE,128,1,128,1,0,0,0x18010202
1777200364.571,12609,6,4,ADCS,8,SOLAR,2,COMMAND,81,SET_MAG_DIPOLE,128,1,128,1,0,0,0x18010202
1777200364.666,12665,4,4,ADCS,255,BROADCAST,0,HEARTBEAT,48,HEARTBEAT,0,0,0,0,0,0,0x10013FC0
1777200365.627,13666,6,4,ADCS,8,SOLAR,2,COMMAND,81,SET_MAG_DIPOLE,128,1,128,1,0,0,0x18010202
1777200366.628,14667,6,4,ADCS,8,SOLAR,2,COMMAND,81,SET_MAG_DIPOLE,128,1,128,1,0,0,0x18010202
1777200367.629,15668,6,4,ADCS,8,SOLAR,2,COMMAND,81,SET_MAG_DIPOLE,128,1,128,1,0,0,0x18010202
1777200368.656,16669,6,4,ADCS,8,SOLAR,2,COMMAND,81,SET_MAG_DIPOLE,128,1,128,1,0,0,0x18010202
1777200369.682,17690,6,4,ADCS,8,SOLAR,2,COMMAND,81,SET_MAG_DIPOLE,128,1,128,1,0,0,0x18010202
1777200370.706,18732,6,4,ADCS,8,SOLAR,2,COMMAND,81,SET_MAG_DIPOLE,128,1,128,1,0,0,0x18010202
1777200371.735,19774,6,4,ADCS,8,SOLAR,2,COMMAND,81,SET_MAG_DIPOLE,128,1,128,1,0,0,0x18010202
1777200372.776,20816,6,4,ADCS,8,SOLAR,2,COMMAND,81,SET_MAG_DIPOLE,128,1,128,1,0,0,0x18010202
1777200373.819,21858,6,4,ADCS,8,SOLAR,2,COMMAND,81,SET_MAG_DIPOLE,128,1,128,1,0,0,0x18010202
1777200374.860,22900,6,4,ADCS,8,SOLAR,2,COMMAND,81,SET_MAG_DIPOLE,128,1,128,1,0,0,0x18010202
1777200375.913,23942,6,4,ADCS,8,SOLAR,2,COMMAND,81,SET_MAG_DIPOLE,128,1,128,1,0,0,0x18010202
1777200376.949,24984,6,4,ADCS,8,SOLAR,2,COMMAND,81,SET_MAG_DIPOLE,128,1,128,1,0,0,0x18010202
1777257890.710,222511,6,4,ADCS,8,SOLAR,2,COMMAND,81,SET_MAG_DIPOLE,128,1,128,1,0,0,0x18010202
1777257891.774,223601,6,4,ADCS,8,SOLAR,2,COMMAND,81,SET_MAG_DIPOLE,128,1,128,1,0,0,0x18010202
1777257892.851,224675,6,4,ADCS,8,SOLAR,2,COMMAND,81,SET_MAG_DIPOLE,128,1,128,1,0,0,0x18010202
1777257893.982,225774,6,4,ADCS,8,SOLAR,2,COMMAND,81,SET_MAG_DIPOLE,128,1,128,1,0,0,0x18010202
1777257895.000,226802,6,4,ADCS,8,SOLAR,2,COMMAND,81,SET_MAG_DIPOLE,128,1,128,1,0,0,0x18010202
1777257896.042,227862,6,4,ADCS,8,SOLAR,2,COMMAND,81,SET_MAG_DIPOLE,128,1,128,1,0,0,0x18010202
1777257897.160,228958,6,4,ADCS,8,SOLAR,2,COMMAND,81,SET_MAG_DIPOLE,128,1,128,1,0,0,0x18010202
1777257898.224,230052,6,4,ADCS,8,SOLAR,2,COMMAND,81,SET_MAG_DIPOLE,128,1,128,1,0,0,0x18010202
1777257899.295,231100,6,4,ADCS,8,SOLAR,2,COMMAND,81,SET_MAG_DIPOLE,128,1,128,1,0,0,0x18010202
1777257900.370,232198,6,4,ADCS,8,SOLAR,2,COMMAND,81,SET_MAG_DIPOLE,128,1,128,1,0,0,0x18010202
1777257901.469,233297,6,4,ADCS,8,SOLAR,2,COMMAND,81,SET_MAG_DIPOLE,128,1,128,1,0,0,0x18010202
1777257902.487,234315,6,4,ADCS,8,SOLAR,2,COMMAND,81,SET_MAG_DIPOLE,128,1,128,1,0,0,0x18010202
1777257903.603,235412,6,4,ADCS,8,SOLAR,2,COMMAND,81,SET_MAG_DIPOLE,128,1,128,1,0,0,0x18010202
1777257904.677,236505,6,4,ADCS,8,SOLAR,2,COMMAND,81,SET_MAG_DIPOLE,128,1,128,1,0,0,0x18010202
1777257905.769,237596,6,4,ADCS,8,SOLAR,2,COMMAND,81,SET_MAG_DIPOLE,128,1,128,1,0,0,0x18010202
1777257906.826,238653,6,4,ADCS,8,SOLAR,2,COMMAND,81,SET_MAG_DIPOLE,128,1,128,1,0,0,0x18010202
1777257907.908,239733,6,4,ADCS,8,SOLAR,2,COMMAND,81,SET_MAG_DIPOLE,128,1,128,1,0,0,0x18010202
1777257908.934,240739,6,4,ADCS,8,SOLAR,2,COMMAND,81,SET_MAG_DIPOLE,128,1,128,1,0,0,0x18010202
1777257909.947,241760,6,4,ADCS,8,SOLAR,2,COMMAND,81,SET_MAG_DIPOLE,128,1,128,1,0,0,0x18010202
1777257911.028,242856,6,4,ADCS,8,SOLAR,2,COMMAND,81,SET_MAG_DIPOLE,128,1,128,1,0,0,0x18010202
1777257912.120,243947,6,4,ADCS,8,SOLAR,2,COMMAND,81,SET_MAG_DIPOLE,128,1,128,1,0,0,0x18010202
1777257913.231,245040,6,4,ADCS,8,SOLAR,2,COMMAND,81,SET_MAG_DIPOLE,128,1,128,1,0,0,0x18010202
1777257914.251,246062,6,4,ADCS,8,SOLAR,2,COMMAND,81,SET_MAG_DIPOLE,128,1,128,1,0,0,0x18010202
1777257915.332,247159,6,4,ADCS,8,SOLAR,2,COMMAND,81,SET_MAG_DIPOLE,128,1,128,1,0,0,0x18010202
1777257916.333,248160,6,4,ADCS,8,SOLAR,2,COMMAND,81,SET_MAG_DIPOLE,128,1,128,1,0,0,0x18010202
1777257917.377,249204,6,4,ADCS,8,SOLAR,2,COMMAND,81,SET_MAG_DIPOLE,128,1,128,1,0,0,0x18010202
1777257918.451,250236,6,4,ADCS,8,SOLAR,2,COMMAND,81,SET_MAG_DIPOLE,128,1,128,1,0,0,0x18010202
1777257919.511,251335,6,4,ADCS,8,SOLAR,2,COMMAND,81,SET_MAG_DIPOLE,128,1,128,1,0,0,0x18010202
1777257920.606,252430,6,4,ADCS,8,SOLAR,2,COMMAND,81,SET_MAG_DIPOLE,128,1,128,1,0,0,0x18010202
1777257921.725,253526,6,4,ADCS,8,SOLAR,2,COMMAND,81,SET_MAG_DIPOLE,128,1,128,1,0,0,0x18010202
1777257922.796,254622,6,4,ADCS,8,SOLAR,2,COMMAND,81,SET_MAG_DIPOLE,128,1,128,1,0,0,0x18010202
1777257923.798,255625,6,4,ADCS,8,SOLAR,2,COMMAND,81,SET_MAG_DIPOLE,128,1,128,1,0,0,0x18010202
1777257924.807,256626,6,4,ADCS,8,SOLAR,2,COMMAND,81,SET_MAG_DIPOLE,128,1,128,1,0,0,0x18010202
1777257925.832,257640,6,4,ADCS,8,SOLAR,2,COMMAND,81,SET_MAG_DIPOLE,128,1,128,1,0,0,0x18010202
1777257926.951,258736,6,4,ADCS,8,SOLAR,2,COMMAND,81,SET_MAG_DIPOLE,128,1,128,1,0,0,0x18010202
1777257928.004,259827,6,4,ADCS,8,SOLAR,2,COMMAND,81,SET_MAG_DIPOLE,128,1,128,1,0,0,0x18010202
1777257929.029,260856,6,4,ADCS,8,SOLAR,2,COMMAND,81,SET_MAG_DIPOLE,128,1,128,1,0,0,0x18010202
1777257930.124,261919,6,4,ADCS,8,SOLAR,2,COMMAND,81,SET_MAG_DIPOLE,128,1,128,1,0,0,0x18010202
1777257931.193,263017,6,4,ADCS,8,SOLAR,2,COMMAND,81,SET_MAG_DIPOLE,128,1,128,1,0,0,0x18010202
1777257932.191,264018,6,4,ADCS,8,SOLAR,2,COMMAND,81,SET_MAG_DIPOLE,128,1,128,1,0,0,0x18010202
1777257933.293,265085,6,4,ADCS,8,SOLAR,2,COMMAND,81,SET_MAG_DIPOLE,128,1,128,1,0,0,0x18010202
1777257934.353,266178,6,4,ADCS,8,SOLAR,2,COMMAND,81,SET_MAG_DIPOLE,128,1,128,1,0,0,0x18010202
1777257935.451,267278,6,4,ADCS,8,SOLAR,2,COMMAND,81,SET_MAG_DIPOLE,128,1,128,1,0,0,0x18010202
1777257936.570,268373,6,4,ADCS,8,SOLAR,2,COMMAND,81,SET_MAG_DIPOLE,128,1,128,1,0,0,0x18010202
1777257937.642,269468,6,4,ADCS,8,SOLAR,2,COMMAND,81,SET_MAG_DIPOLE,128,1,128,1,0,0,0x18010202
1777257938.726,270543,6,4,ADCS,8,SOLAR,2,COMMAND,81,SET_MAG_DIPOLE,128,1,128,1,0,0,0x18010202
1777257939.781,271602,6,4,ADCS,8,SOLAR,2,COMMAND,81,SET_MAG_DIPOLE,128,1,128,1,0,0,0x18010202
1777257940.889,272700,6,4,ADCS,8,SOLAR,2,COMMAND,81,SET_MAG_DIPOLE,128,1,128,1,0,0,0x18010202
1777257941.996,273797,6,4,ADCS,8,SOLAR,2,COMMAND,81,SET_MAG_DIPOLE,128,1,128,1,0,0,0x18010202
1777257943.069,274896,6,4,ADCS,8,SOLAR,2,COMMAND,81,SET_MAG_DIPOLE,128,1,128,1,0,0,0x18010202
1777257944.161,275987,6,4,ADCS,8,SOLAR,2,COMMAND,81,SET_MAG_DIPOLE,128,1,128,1,0,0,0x18010202
1777257945.175,276995,6,4,ADCS,8,SOLAR,2,COMMAND,81,SET_MAG_DIPOLE,128,1,128,1,0,0,0x18010202
1777257946.301,278091,6,4,ADCS,8,SOLAR,2,COMMAND,81,SET_MAG_DIPOLE,128,1,128,1,0,0,0x18010202
1777257947.325,279134,6,4,ADCS,8,SOLAR,2,COMMAND,81,SET_MAG_DIPOLE,128,1,128,1,0,0,0x18010202
1777257948.488,280230,6,4,ADCS,8,SOLAR,2,COMMAND,81,SET_MAG_DIPOLE,128,1,128,1,0,0,0x18010202
1777257949.502,281329,6,4,ADCS,8,SOLAR,2,COMMAND,81,SET_MAG_DIPOLE,128,1,128,1,0,0,0x18010202
1777257950.639,282424,6,4,ADCS,8,SOLAR,2,COMMAND,81,SET_MAG_DIPOLE,128,1,128,1,0,0,0x18010202
1777257951.632,283445,6,4,ADCS,8,SOLAR,2,COMMAND,81,SET_MAG_DIPOLE,128,1,128,1,0,0,0x18010202
1777257952.673,284467,6,4,ADCS,8,SOLAR,2,COMMAND,81,SET_MAG_DIPOLE,128,1,128,1,0,0,0x18010202
1777257953.724,285542,6,4,ADCS,8,SOLAR,2,COMMAND,81,SET_MAG_DIPOLE,128,1,128,1,0,0,0x18010202
1777257954.729,286555,6,4,ADCS,8,SOLAR,2,COMMAND,81,SET_MAG_DIPOLE,128,1,128,1,0,0,0x18010202
1777257955.745,287572,6,4,ADCS,8,SOLAR,2,COMMAND,81,SET_MAG_DIPOLE,128,1,128,1,0,0,0x18010202
1777257956.851,288670,6,4,ADCS,8,SOLAR,2,COMMAND,81,SET_MAG_DIPOLE,128,1,128,1,0,0,0x18010202
1777257958.003,289767,6,4,ADCS,8,SOLAR,2,COMMAND,81,SET_MAG_DIPOLE,128,1,128,1,0,0,0x18010202
1777257959.046,290864,6,4,ADCS,8,SOLAR,2,COMMAND,81,SET_MAG_DIPOLE,128,1,128,1,0,0,0x18010202
1777257960.057,291880,6,4,ADCS,8,SOLAR,2,COMMAND,81,SET_MAG_DIPOLE,128,1,128,1,0,0,0x18010202
1777257961.167,292944,6,4,ADCS,8,SOLAR,2,COMMAND,81,SET_MAG_DIPOLE,128,1,128,1,0,0,0x18010202
1777257962.220,294043,6,4,ADCS,8,SOLAR,2,COMMAND,81,SET_MAG_DIPOLE,128,1,128,1,0,0,0x18010202
1777257963.297,295076,6,4,ADCS,8,SOLAR,2,COMMAND,81,SET_MAG_DIPOLE,128,1,128,1,0,0,0x18010202
1777257964.348,296175,6,4,ADCS,8,SOLAR,2,COMMAND,81,SET_MAG_DIPOLE,128,1,128,1,0,0,0x18010202
1777257965.462,297271,6,4,ADCS,8,SOLAR,2,COMMAND,81,SET_MAG_DIPOLE,128,1,128,1,0,0,0x18010202
1777257966.510,298334,6,4,ADCS,8,SOLAR,2,COMMAND,81,SET_MAG_DIPOLE,128,1,128,1,0,0,0x18010202
1777257967.603,299392,6,4,ADCS,8,SOLAR,2,COMMAND,81,SET_MAG_DIPOLE,128,1,128,1,0,0,0x18010202
1777257968.676,300474,6,4,ADCS,8,SOLAR,2,COMMAND,81,SET_MAG_DIPOLE,128,1,128,1,0,0,0x18010202
1777257969.687,301484,6,4,ADCS,8,SOLAR,2,COMMAND,81,SET_MAG_DIPOLE,128,1,128,1,0,0,0x18010202
1777257970.715,302541,6,4,ADCS,8,SOLAR,2,COMMAND,81,SET_MAG_DIPOLE,128,1,128,1,0,0,0x18010202
1777257971.826,303639,6,4,ADCS,8,SOLAR,2,COMMAND,81,SET_MAG_DIPOLE,128,1,128,1,0,0,0x18010202
1777257972.929,304736,6,4,ADCS,8,SOLAR,2,COMMAND,81,SET_MAG_DIPOLE,128,1,128,1,0,0,0x18010202
1777257973.950,305736,6,4,ADCS,8,SOLAR,2,COMMAND,81,SET_MAG_DIPOLE,128,1,128,1,0,0,0x18010202
1777257975.018,306767,6,4,ADCS,8,SOLAR,2,COMMAND,81,SET_MAG_DIPOLE,128,1,128,1,0,0,0x18010202
1777257976.037,307864,6,4,ADCS,8,SOLAR,2,COMMAND,81,SET_MAG_DIPOLE,128,1,128,1,0,0,0x18010202
1777257977.079,308905,6,4,ADCS,8,SOLAR,2,COMMAND,81,SET_MAG_DIPOLE,128,1,128,1,0,0,0x18010202
1777257978.177,310003,6,4,ADCS,8,SOLAR,2,COMMAND,81,SET_MAG_DIPOLE,128,1,128,1,0,0,0x18010202
1777257979.190,311017,6,4,ADCS,8,SOLAR,2,COMMAND,81,SET_MAG_DIPOLE,128,1,128,1,0,0,0x18010202
1777257980.294,312117,6,4,ADCS,8,SOLAR,2,COMMAND,81,SET_MAG_DIPOLE,128,1,128,1,0,0,0x18010202
1777257981.421,313212,6,4,ADCS,8,SOLAR,2,COMMAND,81,SET_MAG_DIPOLE,128,1,128,1,0,0,0x18010202
1777257982.388,314213,6,4,ADCS,8,SOLAR,2,COMMAND,81,SET_MAG_DIPOLE,128,1,128,1,0,0,0x18010202
1777257983.477,315302,6,4,ADCS,8,SOLAR,2,COMMAND,81,SET_MAG_DIPOLE,128,1,128,1,0,0,0x18010202
1777257984.606,316397,6,4,ADCS,8,SOLAR,2,COMMAND,81,SET_MAG_DIPOLE,128,1,128,1,0,0,0x18010202
1777257985.664,317490,6,4,ADCS,8,SOLAR,2,COMMAND,81,SET_MAG_DIPOLE,128,1,128,1,0,0,0x18010202
1777257986.683,318509,6,4,ADCS,8,SOLAR,2,COMMAND,81,SET_MAG_DIPOLE,128,1,128,1,0,0,0x18010202
1777257987.781,319607,6,4,ADCS,8,SOLAR,2,COMMAND,81,SET_MAG_DIPOLE,128,1,128,1,0,0,0x18010202
1777257988.835,320662,6,4,ADCS,8,SOLAR,2,COMMAND,81,SET_MAG_DIPOLE,128,1,128,1,0,0,0x18010202
1777257989.930,321757,6,4,ADCS,8,SOLAR,2,COMMAND,81,SET_MAG_DIPOLE,128,1,128,1,0,0,0x18010202
1777257991.049,322849,6,4,ADCS,8,SOLAR,2,COMMAND,81,SET_MAG_DIPOLE,128,1,128,1,0,0,0x18010202
1777257992.073,323868,6,4,ADCS,8,SOLAR,2,COMMAND,81,SET_MAG_DIPOLE,128,1,128,1,0,0,0x18010202
1777257993.140,324966,6,4,ADCS,8,SOLAR,2,COMMAND,81,SET_MAG_DIPOLE,128,1,128,1,0,0,0x18010202
1777257994.140,325967,6,4,ADCS,8,SOLAR,2,COMMAND,81,SET_MAG_DIPOLE,128,1,128,1,0,0,0x18010202
1777257995.252,327063,6,4,ADCS,8,SOLAR,2,COMMAND,81,SET_MAG_DIPOLE,128,1,128,1,0,0,0x18010202
1777257996.277,328103,6,4,ADCS,8,SOLAR,2,COMMAND,81,SET_MAG_DIPOLE,128,1,128,1,0,0,0x18010202
1777257997.398,329199,6,4,ADCS,8,SOLAR,2,COMMAND,81,SET_MAG_DIPOLE,128,1,128,1,0,0,0x18010202
1777257998.419,330218,6,4,ADCS,8,SOLAR,2,COMMAND,81,SET_MAG_DIPOLE,128,1,128,1,0,0,0x18010202
1777257999.487,331314,6,4,ADCS,8,SOLAR,2,COMMAND,81,SET_MAG_DIPOLE,128,1,128,1,0,0,0x18010202
1777258000.583,332409,6,4,ADCS,8,SOLAR,2,COMMAND,81,SET_MAG_DIPOLE,128,1,128,1,0,0,0x18010202
1777258001.656,333481,6,4,ADCS,8,SOLAR,2,COMMAND,81,SET_MAG_DIPOLE,128,1,128,1,0,0,0x18010202
1777258002.732,334554,6,4,ADCS,8,SOLAR,2,COMMAND,81,SET_MAG_DIPOLE,128,1,128,1,0,0,0x18010202
1777258003.850,335650,6,4,ADCS,8,SOLAR,2,COMMAND,81,SET_MAG_DIPOLE,128,1,128,1,0,0,0x18010202
1777258004.916,336741,6,4,ADCS,8,SOLAR,2,COMMAND,81,SET_MAG_DIPOLE,128,1,128,1,0,0,0x18010202
1777258006.006,337833,6,4,ADCS,8,SOLAR,2,COMMAND,81,SET_MAG_DIPOLE,128,1,128,1,0,0,0x18010202
1777258007.133,338919,6,4,ADCS,8,SOLAR,2,COMMAND,81,SET_MAG_DIPOLE,128,1,128,1,0,0,0x18010202
1777258008.187,340013,6,4,ADCS,8,SOLAR,2,COMMAND,81,SET_MAG_DIPOLE,128,1,128,1,0,0,0x18010202
1777258009.283,341109,6,4,ADCS,8,SOLAR,2,COMMAND,81,SET_MAG_DIPOLE,128,1,128,1,0,0,0x18010202
1777258010.329,342155,6,4,ADCS,8,SOLAR,2,COMMAND,81,SET_MAG_DIPOLE,128,1,128,1,0,0,0x18010202
1777258011.430,343250,6,4,ADCS,8,SOLAR,2,COMMAND,81,SET_MAG_DIPOLE,128,1,128,1,0,0,0x18010202
1777258012.552,344344,6,4,ADCS,8,SOLAR,2,COMMAND,81,SET_MAG_DIPOLE,128,1,128,1,0,0,0x18010202
1777258013.580,345374,6,4,ADCS,8,SOLAR,2,COMMAND,81,SET_MAG_DIPOLE,128,1,128,1,0,0,0x18010202
1777258014.616,346430,6,4,ADCS,8,SOLAR,2,COMMAND,81,SET_MAG_DIPOLE,128,1,128,1,0,0,0x18010202
1777258015.632,347453,6,4,ADCS,8,SOLAR,2,COMMAND,81,SET_MAG_DIPOLE,128,1,128,1,0,0,0x18010202
1777258016.656,348453,6,4,ADCS,8,SOLAR,2,COMMAND,81,SET_MAG_DIPOLE,128,1,128,1,0,0,0x18010202
1777258017.725,349551,6,4,ADCS,8,SOLAR,2,COMMAND,81,SET_MAG_DIPOLE,128,1,128,1,0,0,0x18010202
1777258018.823,350648,6,4,ADCS,8,SOLAR,2,COMMAND,81,SET_MAG_DIPOLE,128,1,128,1,0,0,0x18010202
1777258019.933,351746,6,4,ADCS,8,SOLAR,2,COMMAND,81,SET_MAG_DIPOLE,128,1,128,1,0,0,0x18010202
1777258020.972,352795,6,4,ADCS,8,SOLAR,2,COMMAND,81,SET_MAG_DIPOLE,128,1,128,1,0,0,0x18010202
1777258022.084,353866,6,4,ADCS,8,SOLAR,2,COMMAND,81,SET_MAG_DIPOLE,128,1,128,1,0,0,0x18010202
1777258023.103,354900,6,4,ADCS,8,SOLAR,2,COMMAND,81,SET_MAG_DIPOLE,128,1,128,1,0,0,0x18010202
1777258024.169,355995,6,4,ADCS,8,SOLAR,2,COMMAND,81,SET_MAG_DIPOLE,128,1,128,1,0,0,0x18010202
1777258025.257,357067,6,4,ADCS,8,SOLAR,2,COMMAND,81,SET_MAG_DIPOLE,128,1,128,1,0,0,0x18010202
1777258026.338,358163,6,4,ADCS,8,SOLAR,2,COMMAND,81,SET_MAG_DIPOLE,128,1,128,1,0,0,0x18010202
1777258027.430,359255,6,4,ADCS,8,SOLAR,2,COMMAND,81,SET_MAG_DIPOLE,128,1,128,1,0,0,0x18010202
1777258028.482,360308,6,4,ADCS,8,SOLAR,2,COMMAND,81,SET_MAG_DIPOLE,128,1,128,1,0,0,0x18010202
1777258029.559,361345,6,4,ADCS,8,SOLAR,2,COMMAND,81,SET_MAG_DIPOLE,128,1,128,1,0,0,0x18010202
1777258030.523,362346,6,4,ADCS,8,SOLAR,2,COMMAND,81,SET_MAG_DIPOLE,128,1,128,1,0,0,0x18010202
1777258031.600,363424,6,4,ADCS,8,SOLAR,2,COMMAND,81,SET_MAG_DIPOLE,128,1,128,1,0,0,0x18010202
1777258032.727,364522,6,4,ADCS,8,SOLAR,2,COMMAND,81,SET_MAG_DIPOLE,128,1,128,1,0,0,0x18010202
1777258033.794,365619,6,4,ADCS,8,SOLAR,2,COMMAND,81,SET_MAG_DIPOLE,128,1,128,1,0,0,0x18010202
1777258034.795,366620,6,4,ADCS,8,SOLAR,2,COMMAND,81,SET_MAG_DIPOLE,128,1,128,1,0,0,0x18010202
1777258035.908,367717,6,4,ADCS,8,SOLAR,2,COMMAND,81,SET_MAG_DIPOLE,128,1,128,1,0,0,0x18010202
1777258036.931,368756,6,4,ADCS,8,SOLAR,2,COMMAND,81,SET_MAG_DIPOLE,128,1,128,1,0,0,0x18010202
1777258037.969,369788,6,4,ADCS,8,SOLAR,2,COMMAND,81,SET_MAG_DIPOLE,128,1,128,1,0,0,0x18010202
1777258038.983,370804,6,4,ADCS,8,SOLAR,2,COMMAND,81,SET_MAG_DIPOLE,128,1,128,1,0,0,0x18010202
1777258040.098,371904,6,4,ADCS,8,SOLAR,2,COMMAND,81,SET_MAG_DIPOLE,128,1,128,1,0,0,0x18010202
1777258041.158,372982,6,4,ADCS,8,SOLAR,2,COMMAND,81,SET_MAG_DIPOLE,128,1,128,1,0,0,0x18010202
1777258042.255,374077,6,4,ADCS,8,SOLAR,2,COMMAND,81,SET_MAG_DIPOLE,128,1,128,1,0,0,0x18010202
1777258043.313,375138,6,4,ADCS,8,SOLAR,2,COMMAND,81,SET_MAG_DIPOLE,128,1,128,1,0,0,0x18010202
1777258044.345,376166,6,4,ADCS,8,SOLAR,2,COMMAND,81,SET_MAG_DIPOLE,128,1,128,1,0,0,0x18010202
1777258045.429,377233,6,4,ADCS,8,SOLAR,2,COMMAND,81,SET_MAG_DIPOLE,128,1,128,1,0,0,0x18010202
1777258046.506,378330,6,4,ADCS,8,SOLAR,2,COMMAND,81,SET_MAG_DIPOLE,128,1,128,1,0,0,0x18010202
1777258047.582,379395,6,4,ADCS,8,SOLAR,2,COMMAND,81,SET_MAG_DIPOLE,128,1,128,1,0,0,0x18010202
1777258048.709,380494,6,4,ADCS,8,SOLAR,2,COMMAND,81,SET_MAG_DIPOLE,128,1,128,1,0,0,0x18010202
1777258049.766,381590,6,4,ADCS,8,SOLAR,2,COMMAND,81,SET_MAG_DIPOLE,128,1,128,1,0,0,0x18010202
1777258050.871,382688,6,4,ADCS,8,SOLAR,2,COMMAND,81,SET_MAG_DIPOLE,128,1,128,1,0,0,0x18010202
1777258051.893,383718,6,4,ADCS,8,SOLAR,2,COMMAND,81,SET_MAG_DIPOLE,128,1,128,1,0,0,0x18010202
1777258052.929,384755,6,4,ADCS,8,SOLAR,2,COMMAND,81,SET_MAG_DIPOLE,128,1,128,1,0,0,0x18010202
1777258054.029,385854,6,4,ADCS,8,SOLAR,2,COMMAND,81,SET_MAG_DIPOLE,128,1,128,1,0,0,0x18010202
1777258055.082,386906,6,4,ADCS,8,SOLAR,2,COMMAND,81,SET_MAG_DIPOLE,128,1,128,1,0,0,0x18010202
1777258056.186,388002,6,4,ADCS,8,SOLAR,2,COMMAND,81,SET_MAG_DIPOLE,128,1,128,1,0,0,0x18010202
1777258057.305,389095,6,4,ADCS,8,SOLAR,2,COMMAND,81,SET_MAG_DIPOLE,128,1,128,1,0,0,0x18010202
1777258058.324,390134,6,4,ADCS,8,SOLAR,2,COMMAND,81,SET_MAG_DIPOLE,128,1,128,1,0,0,0x18010202
1777258059.403,391229,6,4,ADCS,8,SOLAR,2,COMMAND,81,SET_MAG_DIPOLE,128,1,128,1,0,0,0x18010202
1777258060.496,392321,6,4,ADCS,8,SOLAR,2,COMMAND,81,SET_MAG_DIPOLE,128,1,128,1,0,0,0x18010202
1777258061.545,393370,6,4,ADCS,8,SOLAR,2,COMMAND,81,SET_MAG_DIPOLE,128,1,128,1,0,0,0x18010202
1777258062.642,394468,6,4,ADCS,8,SOLAR,2,COMMAND,81,SET_MAG_DIPOLE,128,1,128,1,0,0,0x18010202
1777258063.769,395565,6,4,ADCS,8,SOLAR,2,COMMAND,81,SET_MAG_DIPOLE,128,1,128,1,0,0,0x18010202
1777258064.780,396583,6,4,ADCS,8,SOLAR,2,COMMAND,81,SET_MAG_DIPOLE,128,1,128,1,0,0,0x18010202
1777258065.858,397679,6,4,ADCS,8,SOLAR,2,COMMAND,81,SET_MAG_DIPOLE,128,1,128,1,0,0,0x18010202
1777258066.857,398680,6,4,ADCS,8,SOLAR,2,COMMAND,81,SET_MAG_DIPOLE,128,1,128,1,0,0,0x18010202
1777258067.876,399701,6,4,ADCS,8,SOLAR,2,COMMAND,81,SET_MAG_DIPOLE,128,1,128,1,0,0,0x18010202
1777258068.987,400800,6,4,ADCS,8,SOLAR,2,COMMAND,81,SET_MAG_DIPOLE,128,1,128,1,0,0,0x18010202
1777258070.005,401817,6,4,ADCS,8,SOLAR,2,COMMAND,81,SET_MAG_DIPOLE,128,1,128,1,0,0,0x18010202
1777258071.088,402913,6,4,ADCS,8,SOLAR,2,COMMAND,81,SET_MAG_DIPOLE,128,1,128,1,0,0,0x18010202
1777258072.181,404006,6,4,ADCS,8,SOLAR,2,COMMAND,81,SET_MAG_DIPOLE,128,1,128,1,0,0,0x18010202
1777258073.195,405017,6,4,ADCS,8,SOLAR,2,COMMAND,81,SET_MAG_DIPOLE,128,1,128,1,0,0,0x18010202
1777258074.310,406113,6,4,ADCS,8,SOLAR,2,COMMAND,81,SET_MAG_DIPOLE,128,1,128,1,0,0,0x18010202
1777258075.404,407204,6,4,ADCS,8,SOLAR,2,COMMAND,81,SET_MAG_DIPOLE,128,1,128,1,0,0,0x18010202
1777258076.473,408297,6,4,ADCS,8,SOLAR,2,COMMAND,81,SET_MAG_DIPOLE,128,1,128,1,0,0,0x18010202
1777258077.518,409342,6,4,ADCS,8,SOLAR,2,COMMAND,81,SET_MAG_DIPOLE,128,1,128,1,0,0,0x18010202
1777258078.616,410441,6,4,ADCS,8,SOLAR,2,COMMAND,81,SET_MAG_DIPOLE,128,1,128,1,0,0,0x18010202
1777258079.643,411467,6,4,ADCS,8,SOLAR,2,COMMAND,81,SET_MAG_DIPOLE,128,1,128,1,0,0,0x18010202
1777258080.761,412564,6,4,ADCS,8,SOLAR,2,COMMAND,81,SET_MAG_DIPOLE,128,1,128,1,0,0,0x18010202
1777258081.820,413644,6,4,ADCS,8,SOLAR,2,COMMAND,81,SET_MAG_DIPOLE,128,1,128,1,0,0,0x18010202
1777258082.823,414647,6,4,ADCS,8,SOLAR,2,COMMAND,81,SET_MAG_DIPOLE,128,1,128,1,0,0,0x18010202
1777258083.924,415735,6,4,ADCS,8,SOLAR,2,COMMAND,81,SET_MAG_DIPOLE,128,1,128,1,0,0,0x18010202
1777258085.005,416830,6,4,ADCS,8,SOLAR,2,COMMAND,81,SET_MAG_DIPOLE,128,1,128,1,0,0,0x18010202
1777258086.093,417918,6,4,ADCS,8,SOLAR,2,COMMAND,81,SET_MAG_DIPOLE,128,1,128,1,0,0,0x18010202
1777258087.202,419013,6,4,ADCS,8,SOLAR,2,COMMAND,81,SET_MAG_DIPOLE,128,1,128,1,0,0,0x18010202
1777258088.225,420040,6,4,ADCS,8,SOLAR,2,COMMAND,81,SET_MAG_DIPOLE,128,1,128,1,0,0,0x18010202
1777258089.259,421099,6,4,ADCS,8,SOLAR,2,COMMAND,81,SET_MAG_DIPOLE,128,1,128,1,0,0,0x18010202
1777258090.378,422192,6,4,ADCS,8,SOLAR,2,COMMAND,81,SET_MAG_DIPOLE,128,1,128,1,0,0,0x18010202
1777258091.459,423284,6,4,ADCS,8,SOLAR,2,COMMAND,81,SET_MAG_DIPOLE,128,1,128,1,0,0,0x18010202
1777258092.485,424310,6,4,ADCS,8,SOLAR,2,COMMAND,81,SET_MAG_DIPOLE,128,1,128,1,0,0,0x18010202
1777258093.555,425363,6,4,ADCS,8,SOLAR,2,COMMAND,81,SET_MAG_DIPOLE,128,1,128,1,0,0,0x18010202
1777258094.636,426459,6,4,ADCS,8,SOLAR,2,COMMAND,81,SET_MAG_DIPOLE,128,1,128,1,0,0,0x18010202
1777258095.725,427549,6,4,ADCS,8,SOLAR,2,COMMAND,81,SET_MAG_DIPOLE,128,1,128,1,0,0,0x18010202
1777258096.782,428597,6,4,ADCS,8,SOLAR,2,COMMAND,81,SET_MAG_DIPOLE,128,1,128,1,0,0,0x18010202
1777258097.781,429605,6,4,ADCS,8,SOLAR,2,COMMAND,81,SET_MAG_DIPOLE,128,1,128,1,0,0,0x18010202
1777258098.826,430648,6,4,ADCS,8,SOLAR,2,COMMAND,81,SET_MAG_DIPOLE,128,1,128,1,0,0,0x18010202
1777258099.918,431743,6,4,ADCS,8,SOLAR,2,COMMAND,81,SET_MAG_DIPOLE,128,1,128,1,0,0,0x18010202
1777258100.981,432805,6,4,ADCS,8,SOLAR,2,COMMAND,81,SET_MAG_DIPOLE,128,1,128,1,0,0,0x18010202
1777258102.088,433901,6,4,ADCS,8,SOLAR,2,COMMAND,81,SET_MAG_DIPOLE,128,1,128,1,0,0,0x18010202
1777258103.174,434974,6,4,ADCS,8,SOLAR,2,COMMAND,81,SET_MAG_DIPOLE,128,1,128,1,0,0,0x18010202
1777258104.164,435988,6,4,ADCS,8,SOLAR,2,COMMAND,81,SET_MAG_DIPOLE,128,1,128,1,0,0,0x18010202
1777258105.257,437080,6,4,ADCS,8,SOLAR,2,COMMAND,81,SET_MAG_DIPOLE,128,1,128,1,0,0,0x18010202
1777258106.360,438172,6,4,ADCS,8,SOLAR,2,COMMAND,81,SET_MAG_DIPOLE,128,1,128,1,0,0,0x18010202
1777258107.434,439258,6,4,ADCS,8,SOLAR,2,COMMAND,81,SET_MAG_DIPOLE,128,1,128,1,0,0,0x18010202
1777258108.460,440283,6,4,ADCS,8,SOLAR,2,COMMAND,81,SET_MAG_DIPOLE,128,1,128,1,0,0,0x18010202
1777258109.559,441381,6,4,ADCS,8,SOLAR,2,COMMAND,81,SET_MAG_DIPOLE,128,1,128,1,0,0,0x18010202
1777258110.655,442477,6,4,ADCS,8,SOLAR,2,COMMAND,81,SET_MAG_DIPOLE,128,1,128,1,0,0,0x18010202
1777258111.720,443544,6,4,ADCS,8,SOLAR,2,COMMAND,81,SET_MAG_DIPOLE,128,1,128,1,0,0,0x18010202
1777258112.743,444568,6,4,ADCS,8,SOLAR,2,COMMAND,81,SET_MAG_DIPOLE,128,1,128,1,0,0,0x18010202
1777258113.745,445568,6,4,ADCS,8,SOLAR,2,COMMAND,81,SET_MAG_DIPOLE,128,1,128,1,0,0,0x18010202
1777258114.852,446663,6,4,ADCS,8,SOLAR,2,COMMAND,81,SET_MAG_DIPOLE,128,1,128,1,0,0,0x18010202
1777258115.886,447694,6,4,ADCS,8,SOLAR,2,COMMAND,81,SET_MAG_DIPOLE,128,1,128,1,0,0,0x18010202
1777258116.967,448791,6,4,ADCS,8,SOLAR,2,COMMAND,81,SET_MAG_DIPOLE,128,1,128,1,0,0,0x18010202
1777258117.980,449804,6,4,ADCS,8,SOLAR,2,COMMAND,81,SET_MAG_DIPOLE,128,1,128,1,0,0,0x18010202
1777258119.056,450874,6,4,ADCS,8,SOLAR,2,COMMAND,81,SET_MAG_DIPOLE,128,1,128,1,0,0,0x18010202
1777258120.187,451966,6,4,ADCS,8,SOLAR,2,COMMAND,81,SET_MAG_DIPOLE,128,1,128,1,0,0,0x18010202
1777258121.236,453059,6,4,ADCS,8,SOLAR,2,COMMAND,81,SET_MAG_DIPOLE,128,1,128,1,0,0,0x18010202
1777258122.336,454144,6,4,ADCS,8,SOLAR,2,COMMAND,81,SET_MAG_DIPOLE,128,1,128,1,0,0,0x18010202
1777258123.416,455240,6,4,ADCS,8,SOLAR,2,COMMAND,81,SET_MAG_DIPOLE,128,1,128,1,0,0,0x18010202
1777258124.429,456254,6,4,ADCS,8,SOLAR,2,COMMAND,81,SET_MAG_DIPOLE,128,1,128,1,0,0,0x18010202
1777258125.528,457352,6,4,ADCS,8,SOLAR,2,COMMAND,81,SET_MAG_DIPOLE,128,1,128,1,0,0,0x18010202
1777258126.635,458449,6,4,ADCS,8,SOLAR,2,COMMAND,81,SET_MAG_DIPOLE,128,1,128,1,0,0,0x18010202
1777258127.665,459488,6,4,ADCS,8,SOLAR,2,COMMAND,81,SET_MAG_DIPOLE,128,1,128,1,0,0,0x18010202
1777258128.703,460527,6,4,ADCS,8,SOLAR,2,COMMAND,81,SET_MAG_DIPOLE,128,1,128,1,0,0,0x18010202
1777258129.762,461586,6,4,ADCS,8,SOLAR,2,COMMAND,81,SET_MAG_DIPOLE,128,1,128,1,0,0,0x18010202
1777258130.857,462682,6,4,ADCS,8,SOLAR,2,COMMAND,81,SET_MAG_DIPOLE,128,1,128,1,0,0,0x18010202
1777258131.958,463774,6,4,ADCS,8,SOLAR,2,COMMAND,81,SET_MAG_DIPOLE,128,1,128,1,0,0,0x18010202
1777258133.017,464841,6,4,ADCS,8,SOLAR,2,COMMAND,81,SET_MAG_DIPOLE,128,1,128,1,0,0,0x18010202
1777258134.040,465859,6,4,ADCS,8,SOLAR,2,COMMAND,81,SET_MAG_DIPOLE,128,1,128,1,0,0,0x18010202
1777258135.133,466953,6,4,ADCS,8,SOLAR,2,COMMAND,81,SET_MAG_DIPOLE,128,1,128,1,0,0,0x18010202
1777258136.216,468039,6,4,ADCS,8,SOLAR,2,COMMAND,81,SET_MAG_DIPOLE,128,1,128,1,0,0,0x18010202
1777258137.315,469135,6,4,ADCS,8,SOLAR,2,COMMAND,81,SET_MAG_DIPOLE,128,1,128,1,0,0,0x18010202
1777258138.415,470227,6,4,ADCS,8,SOLAR,2,COMMAND,81,SET_MAG_DIPOLE,128,1,128,1,0,0,0x18010202
1777258139.435,471231,6,4,ADCS,8,SOLAR,2,COMMAND,81,SET_MAG_DIPOLE,128,1,128,1,0,0,0x18010202
1777258140.506,472330,6,4,ADCS,8,SOLAR,2,COMMAND,81,SET_MAG_DIPOLE,128,1,128,1,0,0,0x18010202
1777258141.594,473417,6,4,ADCS,8,SOLAR,2,COMMAND,81,SET_MAG_DIPOLE,128,1,128,1,0,0,0x18010202
1777258142.612,474434,6,4,ADCS,8,SOLAR,2,COMMAND,81,SET_MAG_DIPOLE,128,1,128,1,0,0,0x18010202
1777258143.666,475483,6,4,ADCS,8,SOLAR,2,COMMAND,81,SET_MAG_DIPOLE,128,1,128,1,0,0,0x18010202
1777258144.662,476486,6,4,ADCS,8,SOLAR,2,COMMAND,81,SET_MAG_DIPOLE,128,1,128,1,0,0,0x18010202
1777258145.778,477586,6,4,ADCS,8,SOLAR,2,COMMAND,81,SET_MAG_DIPOLE,128,1,128,1,0,0,0x18010202
1777258146.858,478681,6,4,ADCS,8,SOLAR,2,COMMAND,81,SET_MAG_DIPOLE,128,1,128,1,0,0,0x18010202
1777258147.951,479775,6,4,ADCS,8,SOLAR,2,COMMAND,81,SET_MAG_DIPOLE,128,1,128,1,0,0,0x18010202
1777258148.954,480776,6,4,ADCS,8,SOLAR,2,COMMAND,81,SET_MAG_DIPOLE,128,1,128,1,0,0,0x18010202
1777258150.086,481873,6,4,ADCS,8,SOLAR,2,COMMAND,81,SET_MAG_DIPOLE,128,1,128,1,0,0,0x18010202
1777258151.053,482873,6,4,ADCS,8,SOLAR,2,COMMAND,81,SET_MAG_DIPOLE,128,1,128,1,0,0,0x18010202
1777258152.126,483918,6,4,ADCS,8,SOLAR,2,COMMAND,81,SET_MAG_DIPOLE,128,1,128,1,0,0,0x18010202
1777258153.190,485014,6,4,ADCS,8,SOLAR,2,COMMAND,81,SET_MAG_DIPOLE,128,1,128,1,0,0,0x18010202
1777258154.285,486106,6,4,ADCS,8,SOLAR,2,COMMAND,81,SET_MAG_DIPOLE,128,1,128,1,0,0,0x18010202
1777258155.409,487199,6,4,ADCS,8,SOLAR,2,COMMAND,81,SET_MAG_DIPOLE,128,1,128,1,0,0,0x18010202
1777258156.379,488201,6,4,ADCS,8,SOLAR,2,COMMAND,81,SET_MAG_DIPOLE,128,1,128,1,0,0,0x18010202
1777258161.659,493444,6,4,ADCS,8,SOLAR,2,COMMAND,81,SET_MAG_DIPOLE,128,1,128,1,0,0,0x18010202
1777258162.718,494542,6,4,ADCS,8,SOLAR,2,COMMAND,81,SET_MAG_DIPOLE,128,1,128,1,0,0,0x18010202
1777258163.815,495638,6,4,ADCS,8,SOLAR,2,COMMAND,81,SET_MAG_DIPOLE,128,1,128,1,0,0,0x18010202
1777258164.936,496737,6,4,ADCS,8,SOLAR,2,COMMAND,81,SET_MAG_DIPOLE,128,1,128,1,0,0,0x18010202
1777258165.991,497815,6,4,ADCS,8,SOLAR,2,COMMAND,81,SET_MAG_DIPOLE,128,1,128,1,0,0,0x18010202
1777258167.090,498912,6,4,ADCS,8,SOLAR,2,COMMAND,81,SET_MAG_DIPOLE,128,1,128,1,0,0,0x18010202
1777258168.211,500003,6,4,ADCS,8,SOLAR,2,COMMAND,81,SET_MAG_DIPOLE,128,1,128,1,0,0,0x18010202
1777258169.273,501096,6,4,ADCS,8,SOLAR,2,COMMAND,81,SET_MAG_DIPOLE,128,1,128,1,0,0,0x18010202
1777258170.354,502173,6,4,ADCS,8,SOLAR,2,COMMAND,81,SET_MAG_DIPOLE,128,1,128,1,0,0,0x18010202
1777258171.392,503172,6,4,ADCS,8,SOLAR,2,COMMAND,81,SET_MAG_DIPOLE,128,1,128,1,0,0,0x18010202
1777258172.351,504173,6,4,ADCS,8,SOLAR,2,COMMAND,81,SET_MAG_DIPOLE,128,1,128,1,0,0,0x18010202
1777258173.437,505243,6,4,ADCS,8,SOLAR,2,COMMAND,81,SET_MAG_DIPOLE,128,1,128,1,0,0,0x18010202
1777258174.459,506252,6,4,ADCS,8,SOLAR,2,COMMAND,81,SET_MAG_DIPOLE,128,1,128,1,0,0,0x18010202
1777258175.496,507318,6,4,ADCS,8,SOLAR,2,COMMAND,81,SET_MAG_DIPOLE,128,1,128,1,0,0,0x18010202
1777258176.614,508407,6,4,ADCS,8,SOLAR,2,COMMAND,81,SET_MAG_DIPOLE,128,1,128,1,0,0,0x18010202
1777258177.681,509505,6,4,ADCS,8,SOLAR,2,COMMAND,81,SET_MAG_DIPOLE,128,1,128,1,0,0,0x18010202
1777258178.778,510601,6,4,ADCS,8,SOLAR,2,COMMAND,81,SET_MAG_DIPOLE,128,1,128,1,0,0,0x18010202
1777258179.888,511698,6,4,ADCS,8,SOLAR,2,COMMAND,81,SET_MAG_DIPOLE,128,1,128,1,0,0,0x18010202
1777258180.899,512698,6,4,ADCS,8,SOLAR,2,COMMAND,81,SET_MAG_DIPOLE,128,1,128,1,0,0,0x18010202
1777258181.876,513699,6,4,ADCS,8,SOLAR,2,COMMAND,81,SET_MAG_DIPOLE,128,1,128,1,0,0,0x18010202
1777258182.968,514792,6,4,ADCS,8,SOLAR,2,COMMAND,81,SET_MAG_DIPOLE,128,1,128,1,0,0,0x18010202
1777258184.087,515884,6,4,ADCS,8,SOLAR,2,COMMAND,81,SET_MAG_DIPOLE,128,1,128,1,0,0,0x18010202
1777258185.155,516977,6,4,ADCS,8,SOLAR,2,COMMAND,81,SET_MAG_DIPOLE,128,1,128,1,0,0,0x18010202
1777258186.248,518070,6,4,ADCS,8,SOLAR,2,COMMAND,81,SET_MAG_DIPOLE,128,1,128,1,0,0,0x18010202
1777258187.348,519143,6,4,ADCS,8,SOLAR,2,COMMAND,81,SET_MAG_DIPOLE,128,1,128,1,0,0,0x18010202
1777258188.324,520147,6,4,ADCS,8,SOLAR,2,COMMAND,81,SET_MAG_DIPOLE,128,1,128,1,0,0,0x18010202
1777258189.325,521148,6,4,ADCS,8,SOLAR,2,COMMAND,81,SET_MAG_DIPOLE,128,1,128,1,0,0,0x18010202
1777258190.423,522243,6,4,ADCS,8,SOLAR,2,COMMAND,81,SET_MAG_DIPOLE,128,1,128,1,0,0,0x18010202
1777258191.457,523260,6,4,ADCS,8,SOLAR,2,COMMAND,81,SET_MAG_DIPOLE,128,1,128,1,0,0,0x18010202
1777258192.533,524356,6,4,ADCS,8,SOLAR,2,COMMAND,81,SET_MAG_DIPOLE,128,1,128,1,0,0,0x18010202
1777258193.542,525365,6,4,ADCS,8,SOLAR,2,COMMAND,81,SET_MAG_DIPOLE,128,1,128,1,0,0,0x18010202
1777258194.640,526463,6,4,ADCS,8,SOLAR,2,COMMAND,81,SET_MAG_DIPOLE,128,1,128,1,0,0,0x18010202
1777258195.759,527561,6,4,ADCS,8,SOLAR,2,COMMAND,81,SET_MAG_DIPOLE,128,1,128,1,0,0,0x18010202
1777258196.784,528586,6,4,ADCS,8,SOLAR,2,COMMAND,81,SET_MAG_DIPOLE,128,1,128,1,0,0,0x18010202
1777258197.862,529683,6,4,ADCS,8,SOLAR,2,COMMAND,81,SET_MAG_DIPOLE,128,1,128,1,0,0,0x18010202
1777258198.954,530775,6,4,ADCS,8,SOLAR,2,COMMAND,81,SET_MAG_DIPOLE,128,1,128,1,0,0,0x18010202
1777258200.061,531866,6,4,ADCS,8,SOLAR,2,COMMAND,81,SET_MAG_DIPOLE,128,1,128,1,0,0,0x18010202
1777258201.138,532959,6,4,ADCS,8,SOLAR,2,COMMAND,81,SET_MAG_DIPOLE,128,1,128,1,0,0,0x18010202
1777258202.223,534045,6,4,ADCS,8,SOLAR,2,COMMAND,81,SET_MAG_DIPOLE,128,1,128,1,0,0,0x18010202
1777258203.246,535068,6,4,ADCS,8,SOLAR,2,COMMAND,81,SET_MAG_DIPOLE,128,1,128,1,0,0,0x18010202
1777258204.292,536114,6,4,ADCS,8,SOLAR,2,COMMAND,81,SET_MAG_DIPOLE,128,1,128,1,0,0,0x18010202
1777258205.387,537209,6,4,ADCS,8,SOLAR,2,COMMAND,81,SET_MAG_DIPOLE,128,1,128,1,0,0,0x18010202
1777258206.513,538306,6,4,ADCS,8,SOLAR,2,COMMAND,81,SET_MAG_DIPOLE,128,1,128,1,0,0,0x18010202
1777258207.527,539330,6,4,ADCS,8,SOLAR,2,COMMAND,81,SET_MAG_DIPOLE,128,1,128,1,0,0,0x18010202
1777258208.605,540428,6,4,ADCS,8,SOLAR,2,COMMAND,81,SET_MAG_DIPOLE,128,1,128,1,0,0,0x18010202
1777258209.687,541488,6,4,ADCS,8,SOLAR,2,COMMAND,81,SET_MAG_DIPOLE,128,1,128,1,0,0,0x18010202
1777258210.761,542584,6,4,ADCS,8,SOLAR,2,COMMAND,81,SET_MAG_DIPOLE,128,1,128,1,0,0,0x18010202
1777258211.854,543676,6,4,ADCS,8,SOLAR,2,COMMAND,81,SET_MAG_DIPOLE,128,1,128,1,0,0,0x18010202
1777258212.964,544769,6,4,ADCS,8,SOLAR,2,COMMAND,81,SET_MAG_DIPOLE,128,1,128,1,0,0,0x18010202
1777258214.042,545862,6,4,ADCS,8,SOLAR,2,COMMAND,81,SET_MAG_DIPOLE,128,1,128,1,0,0,0x18010202
1777258215.126,546947,6,4,ADCS,8,SOLAR,2,COMMAND,81,SET_MAG_DIPOLE,128,1,128,1,0,0,0x18010202
1777258216.175,547997,6,4,ADCS,8,SOLAR,2,COMMAND,81,SET_MAG_DIPOLE,128,1,128,1,0,0,0x18010202
1777258217.280,549092,6,4,ADCS,8,SOLAR,2,COMMAND,81,SET_MAG_DIPOLE,128,1,128,1,0,0,0x18010202
1777258218.290,550093,6,4,ADCS,8,SOLAR,2,COMMAND,81,SET_MAG_DIPOLE,128,1,128,1,0,0,0x18010202
1777258219.342,551159,6,4,ADCS,8,SOLAR,2,COMMAND,81,SET_MAG_DIPOLE,128,1,128,1,0,0,0x18010202
1777258220.439,552255,6,4,ADCS,8,SOLAR,2,COMMAND,81,SET_MAG_DIPOLE,128,1,128,1,0,0,0x18010202
1777258221.473,553296,6,4,ADCS,8,SOLAR,2,COMMAND,81,SET_MAG_DIPOLE,128,1,128,1,0,0,0x18010202
1777258222.524,554341,6,4,ADCS,8,SOLAR,2,COMMAND,81,SET_MAG_DIPOLE,128,1,128,1,0,0,0x18010202
1777258223.564,555385,6,4,ADCS,8,SOLAR,2,COMMAND,81,SET_MAG_DIPOLE,128,1,128,1,0,0,0x18010202
1777258224.673,556483,6,4,ADCS,8,SOLAR,2,COMMAND,81,SET_MAG_DIPOLE,128,1,128,1,0,0,0x18010202
1777258225.758,557574,6,4,ADCS,8,SOLAR,2,COMMAND,81,SET_MAG_DIPOLE,128,1,128,1,0,0,0x18010202
1777258226.889,558667,6,4,ADCS,8,SOLAR,2,COMMAND,81,SET_MAG_DIPOLE,128,1,128,1,0,0,0x18010202
1777258227.943,559761,6,4,ADCS,8,SOLAR,2,COMMAND,81,SET_MAG_DIPOLE,128,1,128,1,0,0,0x18010202
1777258229.033,560846,6,4,ADCS,8,SOLAR,2,COMMAND,81,SET_MAG_DIPOLE,128,1,128,1,0,0,0x18010202
1777258230.094,561916,6,4,ADCS,8,SOLAR,2,COMMAND,81,SET_MAG_DIPOLE,128,1,128,1,0,0,0x18010202
1777258231.191,563011,6,4,ADCS,8,SOLAR,2,COMMAND,81,SET_MAG_DIPOLE,128,1,128,1,0,0,0x18010202
1777258232.245,564065,6,4,ADCS,8,SOLAR,2,COMMAND,81,SET_MAG_DIPOLE,128,1,128,1,0,0,0x18010202
1777258233.283,565106,6,4,ADCS,8,SOLAR,2,COMMAND,81,SET_MAG_DIPOLE,128,1,128,1,0,0,0x18010202
1777258234.383,566205,6,4,ADCS,8,SOLAR,2,COMMAND,81,SET_MAG_DIPOLE,128,1,128,1,0,0,0x18010202
1777258235.437,567259,6,4,ADCS,8,SOLAR,2,COMMAND,81,SET_MAG_DIPOLE,128,1,128,1,0,0,0x18010202
1777258236.470,568291,6,4,ADCS,8,SOLAR,2,COMMAND,81,SET_MAG_DIPOLE,128,1,128,1,0,0,0x18010202
1777258237.566,569388,6,4,ADCS,8,SOLAR,2,COMMAND,81,SET_MAG_DIPOLE,128,1,128,1,0,0,0x18010202
1777258238.660,570479,6,4,ADCS,8,SOLAR,2,COMMAND,81,SET_MAG_DIPOLE,128,1,128,1,0,0,0x18010202
1777258254.148,5378,6,4,ADCS,8,SOLAR,2,COMMAND,81,SET_MAG_DIPOLE,128,1,128,1,0,0,0x18010202
1777258255.206,6436,6,4,ADCS,8,SOLAR,2,COMMAND,81,SET_MAG_DIPOLE,128,1,128,1,0,0,0x18010202
1777258256.208,7437,6,4,ADCS,8,SOLAR,2,COMMAND,81,SET_MAG_DIPOLE,128,1,128,1,0,0,0x18010202
1777258257.307,8536,6,4,ADCS,8,SOLAR,2,COMMAND,81,SET_MAG_DIPOLE,128,1,128,1,0,0,0x18010202
1777258258.328,9536,6,4,ADCS,8,SOLAR,2,COMMAND,81,SET_MAG_DIPOLE,128,1,128,1,0,0,0x18010202
1777258259.381,10606,6,4,ADCS,8,SOLAR,2,COMMAND,81,SET_MAG_DIPOLE,128,1,128,1,0,0,0x18010202
1777258260.477,11706,6,4,ADCS,8,SOLAR,2,COMMAND,81,SET_MAG_DIPOLE,128,1,128,1,0,0,0x18010202
1777258261.605,12801,6,4,ADCS,8,SOLAR,2,COMMAND,81,SET_MAG_DIPOLE,128,1,128,1,0,0,0x18010202
1777258262.671,13899,6,4,ADCS,8,SOLAR,2,COMMAND,81,SET_MAG_DIPOLE,128,1,128,1,0,0,0x18010202
1777258263.765,14994,6,4,ADCS,8,SOLAR,2,COMMAND,81,SET_MAG_DIPOLE,128,1,128,1,0,0,0x18010202
1777258264.887,16090,6,4,ADCS,8,SOLAR,2,COMMAND,81,SET_MAG_DIPOLE,128,1,128,1,0,0,0x18010202
1777258265.904,17113,6,4,ADCS,8,SOLAR,2,COMMAND,81,SET_MAG_DIPOLE,128,1,128,1,0,0,0x18010202
1777258266.979,18208,6,4,ADCS,8,SOLAR,2,COMMAND,81,SET_MAG_DIPOLE,128,1,128,1,0,0,0x18010202
1777258268.073,19301,6,4,ADCS,8,SOLAR,2,COMMAND,81,SET_MAG_DIPOLE,128,1,128,1,0,0,0x18010202
1777258269.176,20385,6,4,ADCS,8,SOLAR,2,COMMAND,81,SET_MAG_DIPOLE,128,1,128,1,0,0,0x18010202
1777258270.199,21414,6,4,ADCS,8,SOLAR,2,COMMAND,81,SET_MAG_DIPOLE,128,1,128,1,0,0,0x18010202
1777258271.222,22438,6,4,ADCS,8,SOLAR,2,COMMAND,81,SET_MAG_DIPOLE,128,1,128,1,0,0,0x18010202
1777258272.303,23532,6,4,ADCS,8,SOLAR,2,COMMAND,81,SET_MAG_DIPOLE,128,1,128,1,0,0,0x18010202
1777258273.381,24569,6,4,ADCS,8,SOLAR,2,COMMAND,81,SET_MAG_DIPOLE,128,1,128,1,0,0,0x18010202
1777258274.438,25667,6,4,ADCS,8,SOLAR,2,COMMAND,81,SET_MAG_DIPOLE,128,1,128,1,0,0,0x18010202
1777258275.438,26667,6,4,ADCS,8,SOLAR,2,COMMAND,81,SET_MAG_DIPOLE,128,1,128,1,0,0,0x18010202
1777258276.546,27762,6,4,ADCS,8,SOLAR,2,COMMAND,81,SET_MAG_DIPOLE,128,1,128,1,0,0,0x18010202
1777258277.631,28860,6,4,ADCS,8,SOLAR,2,COMMAND,81,SET_MAG_DIPOLE,128,1,128,1,0,0,0x18010202
1777258278.650,29879,6,4,ADCS,8,SOLAR,2,COMMAND,81,SET_MAG_DIPOLE,128,1,128,1,0,0,0x18010202
1777258279.746,30974,6,4,ADCS,8,SOLAR,2,COMMAND,81,SET_MAG_DIPOLE,128,1,128,1,0,0,0x18010202
1777258280.800,32029,6,4,ADCS,8,SOLAR,2,COMMAND,81,SET_MAG_DIPOLE,128,1,128,1,0,0,0x18010202
1777258281.894,33123,6,4,ADCS,8,SOLAR,2,COMMAND,81,SET_MAG_DIPOLE,128,1,128,1,0,0,0x18010202
1777258283.007,34216,6,4,ADCS,8,SOLAR,2,COMMAND,81,SET_MAG_DIPOLE,128,1,128,1,0,0,0x18010202
1777258284.083,35311,6,4,ADCS,8,SOLAR,2,COMMAND,81,SET_MAG_DIPOLE,128,1,128,1,0,0,0x18010202
1777258285.100,36326,6,4,ADCS,8,SOLAR,2,COMMAND,81,SET_MAG_DIPOLE,128,1,128,1,0,0,0x18010202
1777258286.098,37326,6,4,ADCS,8,SOLAR,2,COMMAND,81,SET_MAG_DIPOLE,128,1,128,1,0,0,0x18010202
1777258287.155,38383,6,4,ADCS,8,SOLAR,2,COMMAND,81,SET_MAG_DIPOLE,128,1,128,1,0,0,0x18010202
1777258288.255,39482,6,4,ADCS,8,SOLAR,2,COMMAND,81,SET_MAG_DIPOLE,128,1,128,1,0,0,0x18010202
1777258289.300,40528,6,4,ADCS,8,SOLAR,2,COMMAND,81,SET_MAG_DIPOLE,128,1,128,1,0,0,0x18010202
1777258290.400,41628,6,4,ADCS,8,SOLAR,2,COMMAND,81,SET_MAG_DIPOLE,128,1,128,1,0,0,0x18010202
1777258291.502,42723,6,4,ADCS,8,SOLAR,2,COMMAND,81,SET_MAG_DIPOLE,128,1,128,1,0,0,0x18010202
1777258292.544,43772,6,4,ADCS,8,SOLAR,2,COMMAND,81,SET_MAG_DIPOLE,128,1,128,1,0,0,0x18010202
1777258293.656,44867,6,4,ADCS,8,SOLAR,2,COMMAND,81,SET_MAG_DIPOLE,128,1,128,1,0,0,0x18010202
1777258294.720,45949,6,4,ADCS,8,SOLAR,2,COMMAND,81,SET_MAG_DIPOLE,128,1,128,1,0,0,0x18010202
1777258295.816,47044,6,4,ADCS,8,SOLAR,2,COMMAND,81,SET_MAG_DIPOLE,128,1,128,1,0,0,0x18010202
1777258296.932,48138,6,4,ADCS,8,SOLAR,2,COMMAND,81,SET_MAG_DIPOLE,128,1,128,1,0,0,0x18010202
1777258298.002,49230,6,4,ADCS,8,SOLAR,2,COMMAND,81,SET_MAG_DIPOLE,128,1,128,1,0,0,0x18010202
1777258299.079,50276,6,4,ADCS,8,SOLAR,2,COMMAND,81,SET_MAG_DIPOLE,128,1,128,1,0,0,0x18010202
1777258300.136,51363,6,4,ADCS,8,SOLAR,2,COMMAND,81,SET_MAG_DIPOLE,128,1,128,1,0,0,0x18010202
1777258301.135,52363,6,4,ADCS,8,SOLAR,2,COMMAND,81,SET_MAG_DIPOLE,128,1,128,1,0,0,0x18010202
1777258302.177,53402,6,4,ADCS,8,SOLAR,2,COMMAND,81,SET_MAG_DIPOLE,128,1,128,1,0,0,0x18010202
1777258303.231,54460,6,4,ADCS,8,SOLAR,2,COMMAND,81,SET_MAG_DIPOLE,128,1,128,1,0,0,0x18010202
1777258304.261,55489,6,4,ADCS,8,SOLAR,2,COMMAND,81,SET_MAG_DIPOLE,128,1,128,1,0,0,0x18010202
1777258305.361,56589,6,4,ADCS,8,SOLAR,2,COMMAND,81,SET_MAG_DIPOLE,128,1,128,1,0,0,0x18010202
1777258306.452,57666,6,4,ADCS,8,SOLAR,2,COMMAND,81,SET_MAG_DIPOLE,128,1,128,1,0,0,0x18010202
1777258307.534,58763,6,4,ADCS,8,SOLAR,2,COMMAND,81,SET_MAG_DIPOLE,128,1,128,1,0,0,0x18010202
1777258308.627,59855,6,4,ADCS,8,SOLAR,2,COMMAND,81,SET_MAG_DIPOLE,128,1,128,1,0,0,0x18010202
1777258309.640,60867,6,4,ADCS,8,SOLAR,2,COMMAND,81,SET_MAG_DIPOLE,128,1,128,1,0,0,0x18010202
1777258310.758,61963,6,4,ADCS,8,SOLAR,2,COMMAND,81,SET_MAG_DIPOLE,128,1,128,1,0,0,0x18010202
1777258311.828,63057,6,4,ADCS,8,SOLAR,2,COMMAND,81,SET_MAG_DIPOLE,128,1,128,1,0,0,0x18010202
1777258312.905,64118,6,4,ADCS,8,SOLAR,2,COMMAND,81,SET_MAG_DIPOLE,128,1,128,1,0,0,0x18010202
1777258313.986,65215,6,4,ADCS,8,SOLAR,2,COMMAND,81,SET_MAG_DIPOLE,128,1,128,1,0,0,0x18010202
1777258314.988,66216,6,4,ADCS,8,SOLAR,2,COMMAND,81,SET_MAG_DIPOLE,128,1,128,1,0,0,0x18010202
1777258316.085,67313,6,4,ADCS,8,SOLAR,2,COMMAND,81,SET_MAG_DIPOLE,128,1,128,1,0,0,0x18010202
1777258317.106,68334,6,4,ADCS,8,SOLAR,2,COMMAND,81,SET_MAG_DIPOLE,128,1,128,1,0,0,0x18010202
1777258318.120,69335,6,4,ADCS,8,SOLAR,2,COMMAND,81,SET_MAG_DIPOLE,128,1,128,1,0,0,0x18010202
1777258319.204,70433,6,4,ADCS,8,SOLAR,2,COMMAND,81,SET_MAG_DIPOLE,128,1,128,1,0,0,0x18010202
1777258320.219,71446,6,4,ADCS,8,SOLAR,2,COMMAND,81,SET_MAG_DIPOLE,128,1,128,1,0,0,0x18010202
1777258321.317,72545,6,4,ADCS,8,SOLAR,2,COMMAND,81,SET_MAG_DIPOLE,128,1,128,1,0,0,0x18010202
1777258322.330,73547,6,4,ADCS,8,SOLAR,2,COMMAND,81,SET_MAG_DIPOLE,128,1,128,1,0,0,0x18010202
1777258323.448,74643,6,4,ADCS,8,SOLAR,2,COMMAND,81,SET_MAG_DIPOLE,128,1,128,1,0,0,0x18010202
1777258324.507,75734,6,4,ADCS,8,SOLAR,2,COMMAND,81,SET_MAG_DIPOLE,128,1,128,1,0,0,0x18010202
1777258325.550,76778,6,4,ADCS,8,SOLAR,2,COMMAND,81,SET_MAG_DIPOLE,128,1,128,1,0,0,0x18010202
1777258326.646,77874,6,4,ADCS,8,SOLAR,2,COMMAND,81,SET_MAG_DIPOLE,128,1,128,1,0,0,0x18010202
1777258327.757,78968,6,4,ADCS,8,SOLAR,2,COMMAND,81,SET_MAG_DIPOLE,128,1,128,1,0,0,0x18010202
1777258328.780,79997,6,4,ADCS,8,SOLAR,2,COMMAND,81,SET_MAG_DIPOLE,128,1,128,1,0,0,0x18010202
1777258329.898,81094,6,4,ADCS,8,SOLAR,2,COMMAND,81,SET_MAG_DIPOLE,128,1,128,1,0,0,0x18010202
1777258330.932,82157,6,4,ADCS,8,SOLAR,2,COMMAND,81,SET_MAG_DIPOLE,128,1,128,1,0,0,0x18010202
1777258332.066,83253,6,4,ADCS,8,SOLAR,2,COMMAND,81,SET_MAG_DIPOLE,128,1,128,1,0,0,0x18010202
1777258333.080,84306,6,4,ADCS,8,SOLAR,2,COMMAND,81,SET_MAG_DIPOLE,128,1,128,1,0,0,0x18010202
1777258334.197,85405,6,4,ADCS,8,SOLAR,2,COMMAND,81,SET_MAG_DIPOLE,128,1,128,1,0,0,0x18010202
1777258335.178,86406,6,4,ADCS,8,SOLAR,2,COMMAND,81,SET_MAG_DIPOLE,128,1,128,1,0,0,0x18010202
1777258336.181,87406,6,4,ADCS,8,SOLAR,2,COMMAND,81,SET_MAG_DIPOLE,128,1,128,1,0,0,0x18010202
1777258337.206,88432,6,4,ADCS,8,SOLAR,2,COMMAND,81,SET_MAG_DIPOLE,128,1,128,1,0,0,0x18010202
1777258338.303,89527,6,4,ADCS,8,SOLAR,2,COMMAND,81,SET_MAG_DIPOLE,128,1,128,1,0,0,0x18010202
1777258339.432,90620,6,4,ADCS,8,SOLAR,2,COMMAND,81,SET_MAG_DIPOLE,128,1,128,1,0,0,0x18010202
1777258340.472,91700,6,4,ADCS,8,SOLAR,2,COMMAND,81,SET_MAG_DIPOLE,128,1,128,1,0,0,0x18010202
1777258341.582,92793,6,4,ADCS,8,SOLAR,2,COMMAND,81,SET_MAG_DIPOLE,128,1,128,1,0,0,0x18010202
1777258342.659,93887,6,4,ADCS,8,SOLAR,2,COMMAND,81,SET_MAG_DIPOLE,128,1,128,1,0,0,0x18010202
1777258343.759,94984,6,4,ADCS,8,SOLAR,2,COMMAND,81,SET_MAG_DIPOLE,128,1,128,1,0,0,0x18010202
1777258344.856,96076,6,4,ADCS,8,SOLAR,2,COMMAND,81,SET_MAG_DIPOLE,128,1,128,1,0,0,0x18010202
1777258345.883,97101,6,4,ADCS,8,SOLAR,2,COMMAND,81,SET_MAG_DIPOLE,128,1,128,1,0,0,0x18010202
1777258347.010,98198,6,4,ADCS,8,SOLAR,2,COMMAND,81,SET_MAG_DIPOLE,128,1,128,1,0,0,0x18010202
1777258348.056,99283,6,4,ADCS,8,SOLAR,2,COMMAND,81,SET_MAG_DIPOLE,128,1,128,1,0,0,0x18010202
1777258349.155,100337,6,4,ADCS,8,SOLAR,2,COMMAND,81,SET_MAG_DIPOLE,128,1,128,1,0,0,0x18010202
1777258350.173,101370,6,4,ADCS,8,SOLAR,2,COMMAND,81,SET_MAG_DIPOLE,128,1,128,1,0,0,0x18010202
1777258351.240,102468,6,4,ADCS,8,SOLAR,2,COMMAND,81,SET_MAG_DIPOLE,128,1,128,1,0,0,0x18010202
1777258352.338,103565,6,4,ADCS,8,SOLAR,2,COMMAND,81,SET_MAG_DIPOLE,128,1,128,1,0,0,0x18010202
1777258353.397,104624,6,4,ADCS,8,SOLAR,2,COMMAND,81,SET_MAG_DIPOLE,128,1,128,1,0,0,0x18010202
1777258354.490,105718,6,4,ADCS,8,SOLAR,2,COMMAND,81,SET_MAG_DIPOLE,128,1,128,1,0,0,0x18010202
1777258355.561,106788,6,4,ADCS,8,SOLAR,2,COMMAND,81,SET_MAG_DIPOLE,128,1,128,1,0,0,0x18010202
1777258356.662,107884,6,4,ADCS,8,SOLAR,2,COMMAND,81,SET_MAG_DIPOLE,128,1,128,1,0,0,0x18010202
1777258357.759,108977,6,4,ADCS,8,SOLAR,2,COMMAND,81,SET_MAG_DIPOLE,128,1,128,1,0,0,0x18010202
1777258358.830,110055,6,4,ADCS,8,SOLAR,2,COMMAND,81,SET_MAG_DIPOLE,128,1,128,1,0,0,0x18010202
1777258359.923,111151,6,4,ADCS,8,SOLAR,2,COMMAND,81,SET_MAG_DIPOLE,128,1,128,1,0,0,0x18010202
1777258361.036,112246,6,4,ADCS,8,SOLAR,2,COMMAND,81,SET_MAG_DIPOLE,128,1,128,1,0,0,0x18010202
1777258362.061,113262,6,4,ADCS,8,SOLAR,2,COMMAND,81,SET_MAG_DIPOLE,128,1,128,1,0,0,0x18010202
1777258363.111,114337,6,4,ADCS,8,SOLAR,2,COMMAND,81,SET_MAG_DIPOLE,128,1,128,1,0,0,0x18010202
1777258364.213,115435,6,4,ADCS,8,SOLAR,2,COMMAND,81,SET_MAG_DIPOLE,128,1,128,1,0,0,0x18010202
1777258365.238,116435,6,4,ADCS,8,SOLAR,2,COMMAND,81,SET_MAG_DIPOLE,128,1,128,1,0,0,0x18010202
1777258366.304,117530,6,4,ADCS,8,SOLAR,2,COMMAND,81,SET_MAG_DIPOLE,128,1,128,1,0,0,0x18010202
1777258367.318,118545,6,4,ADCS,8,SOLAR,2,COMMAND,81,SET_MAG_DIPOLE,128,1,128,1,0,0,0x18010202
1777258368.413,119641,6,4,ADCS,8,SOLAR,2,COMMAND,81,SET_MAG_DIPOLE,128,1,128,1,0,0,0x18010202
1777258369.456,120682,6,4,ADCS,8,SOLAR,2,COMMAND,81,SET_MAG_DIPOLE,128,1,128,1,0,0,0x18010202
1777258370.557,121779,6,4,ADCS,8,SOLAR,2,COMMAND,81,SET_MAG_DIPOLE,128,1,128,1,0,0,0x18010202
1777258371.679,122872,6,4,ADCS,8,SOLAR,2,COMMAND,81,SET_MAG_DIPOLE,128,1,128,1,0,0,0x18010202
1777258372.738,123963,6,4,ADCS,8,SOLAR,2,COMMAND,81,SET_MAG_DIPOLE,128,1,128,1,0,0,0x18010202
1777258373.771,124998,6,4,ADCS,8,SOLAR,2,COMMAND,81,SET_MAG_DIPOLE,128,1,128,1,0,0,0x18010202
1777258374.894,126095,6,4,ADCS,8,SOLAR,2,COMMAND,81,SET_MAG_DIPOLE,128,1,128,1,0,0,0x18010202
1777258375.906,127133,6,4,ADCS,8,SOLAR,2,COMMAND,81,SET_MAG_DIPOLE,128,1,128,1,0,0,0x18010202
1777258377.015,128230,6,4,ADCS,8,SOLAR,2,COMMAND,81,SET_MAG_DIPOLE,128,1,128,1,0,0,0x18010202
1777258378.031,129236,6,4,ADCS,8,SOLAR,2,COMMAND,81,SET_MAG_DIPOLE,128,1,128,1,0,0,0x18010202
1777258379.070,130297,6,4,ADCS,8,SOLAR,2,COMMAND,81,SET_MAG_DIPOLE,128,1,128,1,0,0,0x18010202
1777258380.190,131397,6,4,ADCS,8,SOLAR,2,COMMAND,81,SET_MAG_DIPOLE,128,1,128,1,0,0,0x18010202
1777258381.240,132465,6,4,ADCS,8,SOLAR,2,COMMAND,81,SET_MAG_DIPOLE,128,1,128,1,0,0,0x18010202
1777258382.344,133559,6,4,ADCS,8,SOLAR,2,COMMAND,81,SET_MAG_DIPOLE,128,1,128,1,0,0,0x18010202
1777258383.364,134577,6,4,ADCS,8,SOLAR,2,COMMAND,81,SET_MAG_DIPOLE,128,1,128,1,0,0,0x18010202
1777258384.489,135673,6,4,ADCS,8,SOLAR,2,COMMAND,81,SET_MAG_DIPOLE,128,1,128,1,0,0,0x18010202
1777258385.539,136764,6,4,ADCS,8,SOLAR,2,COMMAND,81,SET_MAG_DIPOLE,128,1,128,1,0,0,0x18010202
1777258386.644,137857,6,4,ADCS,8,SOLAR,2,COMMAND,81,SET_MAG_DIPOLE,128,1,128,1,0,0,0x18010202
1777258387.718,138944,6,4,ADCS,8,SOLAR,2,COMMAND,81,SET_MAG_DIPOLE,128,1,128,1,0,0,0x18010202
1777258388.808,140035,6,4,ADCS,8,SOLAR,2,COMMAND,81,SET_MAG_DIPOLE,128,1,128,1,0,0,0x18010202
1777258389.914,141130,6,4,ADCS,8,SOLAR,2,COMMAND,81,SET_MAG_DIPOLE,128,1,128,1,0,0,0x18010202
1777258390.986,142213,6,4,ADCS,8,SOLAR,2,COMMAND,81,SET_MAG_DIPOLE,128,1,128,1,0,0,0x18010202
1777258392.068,143265,6,4,ADCS,8,SOLAR,2,COMMAND,81,SET_MAG_DIPOLE,128,1,128,1,0,0,0x18010202
1777258393.137,144363,6,4,ADCS,8,SOLAR,2,COMMAND,81,SET_MAG_DIPOLE,128,1,128,1,0,0,0x18010202
1777258394.161,145388,6,4,ADCS,8,SOLAR,2,COMMAND,81,SET_MAG_DIPOLE,128,1,128,1,0,0,0x18010202
1777258395.258,146484,6,4,ADCS,8,SOLAR,2,COMMAND,81,SET_MAG_DIPOLE,128,1,128,1,0,0,0x18010202
1777258396.369,147581,6,4,ADCS,8,SOLAR,2,COMMAND,81,SET_MAG_DIPOLE,128,1,128,1,0,0,0x18010202
1777258397.447,148673,6,4,ADCS,8,SOLAR,2,COMMAND,81,SET_MAG_DIPOLE,128,1,128,1,0,0,0x18010202
1777258398.539,149765,6,4,ADCS,8,SOLAR,2,COMMAND,81,SET_MAG_DIPOLE,128,1,128,1,0,0,0x18010202
1777258406.004,157230,6,4,ADCS,8,SOLAR,2,COMMAND,81,SET_MAG_DIPOLE,128,1,128,1,0,0,0x18010202
1777258407.115,158313,6,4,ADCS,8,SOLAR,2,COMMAND,81,SET_MAG_DIPOLE,128,1,128,1,0,0,0x18010202
1777258408.165,159391,6,4,ADCS,8,SOLAR,2,COMMAND,81,SET_MAG_DIPOLE,128,1,128,1,0,0,0x18010202
1777258409.264,160487,6,4,ADCS,8,SOLAR,2,COMMAND,81,SET_MAG_DIPOLE,128,1,128,1,0,0,0x18010202
1777258410.409,161579,6,4,ADCS,8,SOLAR,2,COMMAND,81,SET_MAG_DIPOLE,128,1,128,1,0,0,0x18010202
1777258411.446,162671,6,4,ADCS,8,SOLAR,2,COMMAND,81,SET_MAG_DIPOLE,128,1,128,1,0,0,0x18010202
1777258412.539,163764,6,4,ADCS,8,SOLAR,2,COMMAND,81,SET_MAG_DIPOLE,128,1,128,1,0,0,0x18010202
1777258413.624,164850,6,4,ADCS,8,SOLAR,2,COMMAND,81,SET_MAG_DIPOLE,128,1,128,1,0,0,0x18010202
1777258414.723,165949,6,4,ADCS,8,SOLAR,2,COMMAND,81,SET_MAG_DIPOLE,128,1,128,1,0,0,0x18010202
1777258415.818,167043,6,4,ADCS,8,SOLAR,2,COMMAND,81,SET_MAG_DIPOLE,128,1,128,1,0,0,0x18010202
1777258416.882,168107,6,4,ADCS,8,SOLAR,2,COMMAND,81,SET_MAG_DIPOLE,128,1,128,1,0,0,0x18010202
1777258417.913,169138,6,4,ADCS,8,SOLAR,2,COMMAND,81,SET_MAG_DIPOLE,128,1,128,1,0,0,0x18010202
1777258418.934,170160,6,4,ADCS,8,SOLAR,2,COMMAND,81,SET_MAG_DIPOLE,128,1,128,1,0,0,0x18010202
1777258419.936,171162,6,4,ADCS,8,SOLAR,2,COMMAND,81,SET_MAG_DIPOLE,128,1,128,1,0,0,0x18010202
1777258420.969,172194,6,4,ADCS,8,SOLAR,2,COMMAND,81,SET_MAG_DIPOLE,128,1,128,1,0,0,0x18010202
1777258422.010,173236,6,4,ADCS,8,SOLAR,2,COMMAND,81,SET_MAG_DIPOLE,128,1,128,1,0,0,0x18010202
1777258423.095,174281,6,4,ADCS,8,SOLAR,2,COMMAND,81,SET_MAG_DIPOLE,128,1,128,1,0,0,0x18010202
1777258424.150,175376,6,4,ADCS,8,SOLAR,2,COMMAND,81,SET_MAG_DIPOLE,128,1,128,1,0,0,0x18010202
1777258425.244,176468,6,4,ADCS,8,SOLAR,2,COMMAND,81,SET_MAG_DIPOLE,128,1,128,1,0,0,0x18010202
1777258426.367,177560,6,4,ADCS,8,SOLAR,2,COMMAND,81,SET_MAG_DIPOLE,128,1,128,1,0,0,0x18010202
1777258427.427,178653,6,4,ADCS,8,SOLAR,2,COMMAND,81,SET_MAG_DIPOLE,128,1,128,1,0,0,0x18010202
1777258428.522,179737,6,4,ADCS,8,SOLAR,2,COMMAND,81,SET_MAG_DIPOLE,128,1,128,1,0,0,0x18010202
1777258429.573,180794,6,4,ADCS,8,SOLAR,2,COMMAND,81,SET_MAG_DIPOLE,128,1,128,1,0,0,0x18010202
1777258430.673,181890,6,4,ADCS,8,SOLAR,2,COMMAND,81,SET_MAG_DIPOLE,128,1,128,1,0,0,0x18010202
1777258431.715,182942,6,4,ADCS,8,SOLAR,2,COMMAND,81,SET_MAG_DIPOLE,128,1,128,1,0,0,0x18010202
1777258432.758,183984,6,4,ADCS,8,SOLAR,2,COMMAND,81,SET_MAG_DIPOLE,128,1,128,1,0,0,0x18010202
1777258433.853,185079,6,4,ADCS,8,SOLAR,2,COMMAND,81,SET_MAG_DIPOLE,128,1,128,1,0,0,0x18010202
1777258434.906,186133,6,4,ADCS,8,SOLAR,2,COMMAND,81,SET_MAG_DIPOLE,128,1,128,1,0,0,0x18010202
1777258435.926,187152,6,4,ADCS,8,SOLAR,2,COMMAND,81,SET_MAG_DIPOLE,128,1,128,1,0,0,0x18010202
1777258436.927,188153,6,4,ADCS,8,SOLAR,2,COMMAND,81,SET_MAG_DIPOLE,128,1,128,1,0,0,0x18010202
1777258437.942,189165,6,4,ADCS,8,SOLAR,2,COMMAND,81,SET_MAG_DIPOLE,128,1,128,1,0,0,0x18010202
1777258439.060,190262,6,4,ADCS,8,SOLAR,2,COMMAND,81,SET_MAG_DIPOLE,128,1,128,1,0,0,0x18010202
1777258440.128,191354,6,4,ADCS,8,SOLAR,2,COMMAND,81,SET_MAG_DIPOLE,128,1,128,1,0,0,0x18010202
1777258441.221,192447,6,4,ADCS,8,SOLAR,2,COMMAND,81,SET_MAG_DIPOLE,128,1,128,1,0,0,0x18010202
1777258442.339,193539,6,4,ADCS,8,SOLAR,2,COMMAND,81,SET_MAG_DIPOLE,128,1,128,1,0,0,0x18010202
1777258443.398,194624,6,4,ADCS,8,SOLAR,2,COMMAND,81,SET_MAG_DIPOLE,128,1,128,1,0,0,0x18010202
1777258444.511,195719,6,4,ADCS,8,SOLAR,2,COMMAND,81,SET_MAG_DIPOLE,128,1,128,1,0,0,0x18010202
1777258445.539,196735,6,4,ADCS,8,SOLAR,2,COMMAND,81,SET_MAG_DIPOLE,128,1,128,1,0,0,0x18010202
1777258446.563,197773,6,4,ADCS,8,SOLAR,2,COMMAND,81,SET_MAG_DIPOLE,128,1,128,1,0,0,0x18010202
1777258447.604,198830,6,4,ADCS,8,SOLAR,2,COMMAND,81,SET_MAG_DIPOLE,128,1,128,1,0,0,0x18010202
1777258448.705,199925,6,4,ADCS,8,SOLAR,2,COMMAND,81,SET_MAG_DIPOLE,128,1,128,1,0,0,0x18010202
1777258449.821,201021,6,4,ADCS,8,SOLAR,2,COMMAND,81,SET_MAG_DIPOLE,128,1,128,1,0,0,0x18010202
1777258450.872,202066,6,4,ADCS,8,SOLAR,2,COMMAND,81,SET_MAG_DIPOLE,128,1,128,1,0,0,0x18010202
1777258451.987,203067,6,4,ADCS,8,SOLAR,2,COMMAND,81,SET_MAG_DIPOLE,128,1,128,1,0,0,0x18010202
1777258452.970,204097,6,4,ADCS,8,SOLAR,2,COMMAND,81,SET_MAG_DIPOLE,128,1,128,1,0,0,0x18010202
1777258453.952,205098,6,4,ADCS,8,SOLAR,2,COMMAND,81,SET_MAG_DIPOLE,128,1,128,1,0,0,0x18010202
1777258454.933,206107,6,4,ADCS,8,SOLAR,2,COMMAND,81,SET_MAG_DIPOLE,128,1,128,1,0,0,0x18010202
1777258455.980,207206,6,4,ADCS,8,SOLAR,2,COMMAND,81,SET_MAG_DIPOLE,128,1,128,1,0,0,0x18010202
1777258457.087,208302,6,4,ADCS,8,SOLAR,2,COMMAND,81,SET_MAG_DIPOLE,128,1,128,1,0,0,0x18010202
1777258458.249,209399,6,4,ADCS,8,SOLAR,2,COMMAND,81,SET_MAG_DIPOLE,128,1,128,1,0,0,0x18010202
1777258459.272,210496,6,4,ADCS,8,SOLAR,2,COMMAND,81,SET_MAG_DIPOLE,128,1,128,1,0,0,0x18010202
1777258460.271,211497,6,4,ADCS,8,SOLAR,2,COMMAND,81,SET_MAG_DIPOLE,128,1,128,1,0,0,0x18010202
1777258461.388,212591,6,4,ADCS,8,SOLAR,2,COMMAND,81,SET_MAG_DIPOLE,128,1,128,1,0,0,0x18010202
1777258462.433,213671,6,4,ADCS,8,SOLAR,2,COMMAND,81,SET_MAG_DIPOLE,128,1,128,1,0,0,0x18010202
1777258463.545,214770,6,4,ADCS,8,SOLAR,2,COMMAND,81,SET_MAG_DIPOLE,128,1,128,1,0,0,0x18010202
1777258464.667,215865,6,4,ADCS,8,SOLAR,2,COMMAND,81,SET_MAG_DIPOLE,128,1,128,1,0,0,0x18010202
1777258465.729,216954,6,4,ADCS,8,SOLAR,2,COMMAND,81,SET_MAG_DIPOLE,128,1,128,1,0,0,0x18010202
1777258466.751,217977,6,4,ADCS,8,SOLAR,2,COMMAND,81,SET_MAG_DIPOLE,128,1,128,1,0,0,0x18010202
1777258467.849,219073,6,4,ADCS,8,SOLAR,2,COMMAND,81,SET_MAG_DIPOLE,128,1,128,1,0,0,0x18010202
1777258468.870,220073,6,4,ADCS,8,SOLAR,2,COMMAND,81,SET_MAG_DIPOLE,128,1,128,1,0,0,0x18010202
1777258469.852,221073,6,4,ADCS,8,SOLAR,2,COMMAND,81,SET_MAG_DIPOLE,128,1,128,1,0,0,0x18010202
1777258470.943,222169,6,4,ADCS,8,SOLAR,2,COMMAND,81,SET_MAG_DIPOLE,128,1,128,1,0,0,0x18010202
1777258471.943,223169,6,4,ADCS,8,SOLAR,2,COMMAND,81,SET_MAG_DIPOLE,128,1,128,1,0,0,0x18010202
1777258473.067,224266,6,4,ADCS,8,SOLAR,2,COMMAND,81,SET_MAG_DIPOLE,128,1,128,1,0,0,0x18010202
1777258474.139,225364,6,4,ADCS,8,SOLAR,2,COMMAND,81,SET_MAG_DIPOLE,128,1,128,1,0,0,0x18010202
1777258475.162,226385,6,4,ADCS,8,SOLAR,2,COMMAND,81,SET_MAG_DIPOLE,128,1,128,1,0,0,0x18010202
1777258476.255,227481,6,4,ADCS,8,SOLAR,2,COMMAND,81,SET_MAG_DIPOLE,128,1,128,1,0,0,0x18010202
1777258477.369,228573,6,4,ADCS,8,SOLAR,2,COMMAND,81,SET_MAG_DIPOLE,128,1,128,1,0,0,0x18010202
1777258478.394,229615,6,4,ADCS,8,SOLAR,2,COMMAND,81,SET_MAG_DIPOLE,128,1,128,1,0,0,0x18010202
1777258479.519,230712,6,4,ADCS,8,SOLAR,2,COMMAND,81,SET_MAG_DIPOLE,128,1,128,1,0,0,0x18010202
1777258480.588,231806,6,4,ADCS,8,SOLAR,2,COMMAND,81,SET_MAG_DIPOLE,128,1,128,1,0,0,0x18010202
1777258481.597,232821,6,4,ADCS,8,SOLAR,2,COMMAND,81,SET_MAG_DIPOLE,128,1,128,1,0,0,0x18010202
1777258482.605,233830,6,4,ADCS,8,SOLAR,2,COMMAND,81,SET_MAG_DIPOLE,128,1,128,1,0,0,0x18010202
1777258483.663,234887,6,4,ADCS,8,SOLAR,2,COMMAND,81,SET_MAG_DIPOLE,128,1,128,1,0,0,0x18010202
1777258484.757,235981,6,4,ADCS,8,SOLAR,2,COMMAND,81,SET_MAG_DIPOLE,128,1,128,1,0,0,0x18010202
1777258485.804,237029,6,4,ADCS,8,SOLAR,2,COMMAND,81,SET_MAG_DIPOLE,128,1,128,1,0,0,0x18010202
1777258486.817,238039,6,4,ADCS,8,SOLAR,2,COMMAND,81,SET_MAG_DIPOLE,128,1,128,1,0,0,0x18010202
1777258487.916,239137,6,4,ADCS,8,SOLAR,2,COMMAND,81,SET_MAG_DIPOLE,128,1,128,1,0,0,0x18010202
1777258489.047,240234,6,4,ADCS,8,SOLAR,2,COMMAND,81,SET_MAG_DIPOLE,128,1,128,1,0,0,0x18010202
1777258490.011,241236,6,4,ADCS,8,SOLAR,2,COMMAND,81,SET_MAG_DIPOLE,128,1,128,1,0,0,0x18010202
1777258491.087,242272,6,4,ADCS,8,SOLAR,2,COMMAND,81,SET_MAG_DIPOLE,128,1,128,1,0,0,0x18010202
1777258492.143,243368,6,4,ADCS,8,SOLAR,2,COMMAND,81,SET_MAG_DIPOLE,128,1,128,1,0,0,0x18010202
1777258493.240,244459,6,4,ADCS,8,SOLAR,2,COMMAND,81,SET_MAG_DIPOLE,128,1,128,1,0,0,0x18010202
1777258494.360,245551,6,4,ADCS,8,SOLAR,2,COMMAND,81,SET_MAG_DIPOLE,128,1,128,1,0,0,0x18010202
1777258495.328,246553,6,4,ADCS,8,SOLAR,2,COMMAND,81,SET_MAG_DIPOLE,128,1,128,1,0,0,0x18010202
1777258496.329,247554,6,4,ADCS,8,SOLAR,2,COMMAND,81,SET_MAG_DIPOLE,128,1,128,1,0,0,0x18010202
1777258497.440,248647,6,4,ADCS,8,SOLAR,2,COMMAND,81,SET_MAG_DIPOLE,128,1,128,1,0,0,0x18010202
1777258498.490,249713,6,4,ADCS,8,SOLAR,2,COMMAND,81,SET_MAG_DIPOLE,128,1,128,1,0,0,0x18010202
1777258499.590,250792,6,4,ADCS,8,SOLAR,2,COMMAND,81,SET_MAG_DIPOLE,128,1,128,1,0,0,0x18010202
1777258500.661,251887,6,4,ADCS,8,SOLAR,2,COMMAND,81,SET_MAG_DIPOLE,128,1,128,1,0,0,0x18010202
1777258501.761,252982,6,4,ADCS,8,SOLAR,2,COMMAND,81,SET_MAG_DIPOLE,128,1,128,1,0,0,0x18010202
1777258502.775,253986,6,4,ADCS,8,SOLAR,2,COMMAND,81,SET_MAG_DIPOLE,128,1,128,1,0,0,0x18010202
1777258503.790,255009,6,4,ADCS,8,SOLAR,2,COMMAND,81,SET_MAG_DIPOLE,128,1,128,1,0,0,0x18010202
1777258504.917,256107,6,4,ADCS,8,SOLAR,2,COMMAND,81,SET_MAG_DIPOLE,128,1,128,1,0,0,0x18010202
1777258505.938,257157,6,4,ADCS,8,SOLAR,2,COMMAND,81,SET_MAG_DIPOLE,128,1,128,1,0,0,0x18010202
1777258507.072,258254,6,4,ADCS,8,SOLAR,2,COMMAND,81,SET_MAG_DIPOLE,128,1,128,1,0,0,0x18010202
1777258508.120,259345,6,4,ADCS,8,SOLAR,2,COMMAND,81,SET_MAG_DIPOLE,128,1,128,1,0,0,0x18010202
1777258509.222,260437,6,4,ADCS,8,SOLAR,2,COMMAND,81,SET_MAG_DIPOLE,128,1,128,1,0,0,0x18010202
1777258510.273,261498,6,4,ADCS,8,SOLAR,2,COMMAND,81,SET_MAG_DIPOLE,128,1,128,1,0,0,0x18010202
1777258511.369,262594,6,4,ADCS,8,SOLAR,2,COMMAND,81,SET_MAG_DIPOLE,128,1,128,1,0,0,0x18010202
1777258512.394,263608,6,4,ADCS,8,SOLAR,2,COMMAND,81,SET_MAG_DIPOLE,128,1,128,1,0,0,0x18010202
1777258513.505,264703,6,4,ADCS,8,SOLAR,2,COMMAND,81,SET_MAG_DIPOLE,128,1,128,1,0,0,0x18010202
1777258514.486,265710,6,4,ADCS,8,SOLAR,2,COMMAND,81,SET_MAG_DIPOLE,128,1,128,1,0,0,0x18010202
1777258515.580,266804,6,4,ADCS,8,SOLAR,2,COMMAND,81,SET_MAG_DIPOLE,128,1,128,1,0,0,0x18010202
1777258516.691,267897,6,4,ADCS,8,SOLAR,2,COMMAND,81,SET_MAG_DIPOLE,128,1,128,1,0,0,0x18010202
1777258517.723,268948,6,4,ADCS,8,SOLAR,2,COMMAND,81,SET_MAG_DIPOLE,128,1,128,1,0,0,0x18010202
1777258518.757,269981,6,4,ADCS,8,SOLAR,2,COMMAND,81,SET_MAG_DIPOLE,128,1,128,1,0,0,0x18010202
1777258519.866,271053,6,4,ADCS,8,SOLAR,2,COMMAND,81,SET_MAG_DIPOLE,128,1,128,1,0,0,0x18010202
1777258520.926,272150,6,4,ADCS,8,SOLAR,2,COMMAND,81,SET_MAG_DIPOLE,128,1,128,1,0,0,0x18010202
1777258522.017,273241,6,4,ADCS,8,SOLAR,2,COMMAND,81,SET_MAG_DIPOLE,128,1,128,1,0,0,0x18010202
1777258523.141,274334,6,4,ADCS,8,SOLAR,2,COMMAND,81,SET_MAG_DIPOLE,128,1,128,1,0,0,0x18010202
1777258524.202,275426,6,4,ADCS,8,SOLAR,2,COMMAND,81,SET_MAG_DIPOLE,128,1,128,1,0,0,0x18010202
1777258525.235,276443,6,4,ADCS,8,SOLAR,2,COMMAND,81,SET_MAG_DIPOLE,128,1,128,1,0,0,0x18010202
1777258526.325,277504,6,4,ADCS,8,SOLAR,2,COMMAND,81,SET_MAG_DIPOLE,128,1,128,1,0,0,0x18010202
1777258527.376,278601,6,4,ADCS,8,SOLAR,2,COMMAND,81,SET_MAG_DIPOLE,128,1,128,1,0,0,0x18010202
1777258528.406,279631,6,4,ADCS,8,SOLAR,2,COMMAND,81,SET_MAG_DIPOLE,128,1,128,1,0,0,0x18010202
1777258529.500,280725,6,4,ADCS,8,SOLAR,2,COMMAND,81,SET_MAG_DIPOLE,128,1,128,1,0,0,0x18010202
1777258530.609,281819,6,4,ADCS,8,SOLAR,2,COMMAND,81,SET_MAG_DIPOLE,128,1,128,1,0,0,0x18010202
1777258531.688,282912,6,4,ADCS,8,SOLAR,2,COMMAND,81,SET_MAG_DIPOLE,128,1,128,1,0,0,0x18010202
1777258532.769,283953,6,4,ADCS,8,SOLAR,2,COMMAND,81,SET_MAG_DIPOLE,128,1,128,1,0,0,0x18010202
1777258533.730,284954,6,4,ADCS,8,SOLAR,2,COMMAND,81,SET_MAG_DIPOLE,128,1,128,1,0,0,0x18010202
1777258534.828,286053,6,4,ADCS,8,SOLAR,2,COMMAND,81,SET_MAG_DIPOLE,128,1,128,1,0,0,0x18010202
1777258535.948,287149,6,4,ADCS,8,SOLAR,2,COMMAND,81,SET_MAG_DIPOLE,128,1,128,1,0,0,0x18010202
1777258537.023,288248,6,4,ADCS,8,SOLAR,2,COMMAND,81,SET_MAG_DIPOLE,128,1,128,1,0,0,0x18010202
1777258538.121,289345,6,4,ADCS,8,SOLAR,2,COMMAND,81,SET_MAG_DIPOLE,128,1,128,1,0,0,0x18010202
1777258539.167,290391,6,4,ADCS,8,SOLAR,2,COMMAND,81,SET_MAG_DIPOLE,128,1,128,1,0,0,0x18010202
1777258540.176,291398,6,4,ADCS,8,SOLAR,2,COMMAND,81,SET_MAG_DIPOLE,128,1,128,1,0,0,0x18010202
1777258555.294,5270,6,4,ADCS,8,SOLAR,2,COMMAND,81,SET_MAG_DIPOLE,128,1,128,1,0,0,0x18010202
1777258556.355,6367,6,4,ADCS,8,SOLAR,2,COMMAND,81,SET_MAG_DIPOLE,128,1,128,1,0,0,0x18010202
1777258557.448,7459,6,4,ADCS,8,SOLAR,2,COMMAND,81,SET_MAG_DIPOLE,128,1,128,1,0,0,0x18010202
1777258558.575,8546,6,4,ADCS,8,SOLAR,2,COMMAND,81,SET_MAG_DIPOLE,128,1,128,1,0,0,0x18010202
1777258559.619,9628,6,4,ADCS,8,SOLAR,2,COMMAND,81,SET_MAG_DIPOLE,128,1,128,1,0,0,0x18010202
1777258560.711,10700,6,4,ADCS,8,SOLAR,2,COMMAND,81,SET_MAG_DIPOLE,128,1,128,1,0,0,0x18010202
1777258561.786,11798,6,4,ADCS,8,SOLAR,2,COMMAND,81,SET_MAG_DIPOLE,128,1,128,1,0,0,0x18010202
1777258562.884,12895,6,4,ADCS,8,SOLAR,2,COMMAND,81,SET_MAG_DIPOLE,128,1,128,1,0,0,0x18010202
1777258563.995,13993,6,4,ADCS,8,SOLAR,2,COMMAND,81,SET_MAG_DIPOLE,128,1,128,1,0,0,0x18010202
1777258565.014,14997,6,4,ADCS,8,SOLAR,2,COMMAND,81,SET_MAG_DIPOLE,128,1,128,1,0,0,0x18010202
1777258566.037,16035,6,4,ADCS,8,SOLAR,2,COMMAND,81,SET_MAG_DIPOLE,128,1,128,1,0,0,0x18010202
1777258567.072,17072,6,4,ADCS,8,SOLAR,2,COMMAND,81,SET_MAG_DIPOLE,128,1,128,1,0,0,0x18010202
1777258568.199,18172,6,4,ADCS,8,SOLAR,2,COMMAND,81,SET_MAG_DIPOLE,128,1,128,1,0,0,0x18010202
1777258569.221,19195,6,4,ADCS,8,SOLAR,2,COMMAND,81,SET_MAG_DIPOLE,128,1,128,1,0,0,0x18010202
1777258570.281,20292,6,4,ADCS,8,SOLAR,2,COMMAND,81,SET_MAG_DIPOLE,128,1,128,1,0,0,0x18010202
1777258571.375,21383,6,4,ADCS,8,SOLAR,2,COMMAND,81,SET_MAG_DIPOLE,128,1,128,1,0,0,0x18010202
1777258572.430,22439,6,4,ADCS,8,SOLAR,2,COMMAND,81,SET_MAG_DIPOLE,128,1,128,1,0,0,0x18010202
1777258573.526,23536,6,4,ADCS,8,SOLAR,2,COMMAND,81,SET_MAG_DIPOLE,128,1,128,1,0,0,0x18010202
1777258574.581,24590,6,4,ADCS,8,SOLAR,2,COMMAND,81,SET_MAG_DIPOLE,128,1,128,1,0,0,0x18010202
1777258575.690,25674,6,4,ADCS,8,SOLAR,2,COMMAND,81,SET_MAG_DIPOLE,128,1,128,1,0,0,0x18010202
1777258576.795,26772,6,4,ADCS,8,SOLAR,2,COMMAND,81,SET_MAG_DIPOLE,128,1,128,1,0,0,0x18010202
1777258577.859,27869,6,4,ADCS,8,SOLAR,2,COMMAND,81,SET_MAG_DIPOLE,128,1,128,1,0,0,0x18010202
1777258578.882,28890,6,4,ADCS,8,SOLAR,2,COMMAND,81,SET_MAG_DIPOLE,128,1,128,1,0,0,0x18010202
1777258579.988,29987,6,4,ADCS,8,SOLAR,2,COMMAND,81,SET_MAG_DIPOLE,128,1,128,1,0,0,0x18010202
1777258581.012,31022,6,4,ADCS,8,SOLAR,2,COMMAND,81,SET_MAG_DIPOLE,128,1,128,1,0,0,0x18010202
1777258582.125,32121,6,4,ADCS,8,SOLAR,2,COMMAND,81,SET_MAG_DIPOLE,128,1,128,1,0,0,0x18010202
1777258583.152,33121,6,4,ADCS,8,SOLAR,2,COMMAND,81,SET_MAG_DIPOLE,128,1,128,1,0,0,0x18010202
1777258584.206,34215,6,4,ADCS,8,SOLAR,2,COMMAND,81,SET_MAG_DIPOLE,128,1,128,1,0,0,0x18010202
1777258585.300,35310,6,4,ADCS,8,SOLAR,2,COMMAND,81,SET_MAG_DIPOLE,128,1,128,1,0,0,0x18010202
1777258586.325,36333,6,4,ADCS,8,SOLAR,2,COMMAND,81,SET_MAG_DIPOLE,128,1,128,1,0,0,0x18010202
1777258587.443,37429,6,4,ADCS,8,SOLAR,2,COMMAND,81,SET_MAG_DIPOLE,128,1,128,1,0,0,0x18010202
1777258588.510,38520,6,4,ADCS,8,SOLAR,2,COMMAND,81,SET_MAG_DIPOLE,128,1,128,1,0,0,0x18010202
1777258589.542,39551,6,4,ADCS,8,SOLAR,2,COMMAND,81,SET_MAG_DIPOLE,128,1,128,1,0,0,0x18010202
1777258590.635,40646,6,4,ADCS,8,SOLAR,2,COMMAND,81,SET_MAG_DIPOLE,128,1,128,1,0,0,0x18010202
1777258591.747,41744,6,4,ADCS,8,SOLAR,2,COMMAND,81,SET_MAG_DIPOLE,128,1,128,1,0,0,0x18010202
1777258592.776,42783,6,4,ADCS,8,SOLAR,2,COMMAND,81,SET_MAG_DIPOLE,128,1,128,1,0,0,0x18010202
1777258593.893,43879,6,4,ADCS,8,SOLAR,2,COMMAND,81,SET_MAG_DIPOLE,128,1,128,1,0,0,0x18010202
1777258594.960,44971,6,4,ADCS,8,SOLAR,2,COMMAND,81,SET_MAG_DIPOLE,128,1,128,1,0,0,0x18010202
1777258596.044,46048,6,4,ADCS,8,SOLAR,2,COMMAND,81,SET_MAG_DIPOLE,128,1,128,1,0,0,0x18010202
1777258597.133,47144,6,4,ADCS,8,SOLAR,2,COMMAND,81,SET_MAG_DIPOLE,128,1,128,1,0,0,0x18010202
1777258598.227,48238,6,4,ADCS,8,SOLAR,2,COMMAND,81,SET_MAG_DIPOLE,128,1,128,1,0,0,0x18010202
1777258599.331,49336,6,4,ADCS,8,SOLAR,2,COMMAND,81,SET_MAG_DIPOLE,128,1,128,1,0,0,0x18010202
1777258600.449,50428,6,4,ADCS,8,SOLAR,2,COMMAND,81,SET_MAG_DIPOLE,128,1,128,1,0,0,0x18010202
1777258601.512,51521,6,4,ADCS,8,SOLAR,2,COMMAND,81,SET_MAG_DIPOLE,128,1,128,1,0,0,0x18010202
1777258602.608,52619,6,4,ADCS,8,SOLAR,2,COMMAND,81,SET_MAG_DIPOLE,128,1,128,1,0,0,0x18010202
1777258603.631,53623,6,4,ADCS,8,SOLAR,2,COMMAND,81,SET_MAG_DIPOLE,128,1,128,1,0,0,0x18010202
1777258604.683,54693,6,4,ADCS,8,SOLAR,2,COMMAND,81,SET_MAG_DIPOLE,128,1,128,1,0,0,0x18010202
1777258605.786,55789,6,4,ADCS,8,SOLAR,2,COMMAND,81,SET_MAG_DIPOLE,128,1,128,1,0,0,0x18010202
1777258606.907,56880,6,4,ADCS,8,SOLAR,2,COMMAND,81,SET_MAG_DIPOLE,128,1,128,1,0,0,0x18010202
1777258607.933,57926,6,4,ADCS,8,SOLAR,2,COMMAND,81,SET_MAG_DIPOLE,128,1,128,1,0,0,0x18010202
1777258608.962,58972,6,4,ADCS,8,SOLAR,2,COMMAND,81,SET_MAG_DIPOLE,128,1,128,1,0,0,0x18010202
1777258610.081,60067,6,4,ADCS,8,SOLAR,2,COMMAND,81,SET_MAG_DIPOLE,128,1,128,1,0,0,0x18010202
1777258611.134,61143,6,4,ADCS,8,SOLAR,2,COMMAND,81,SET_MAG_DIPOLE,128,1,128,1,0,0,0x18010202
1777258612.234,62239,6,4,ADCS,8,SOLAR,2,COMMAND,81,SET_MAG_DIPOLE,128,1,128,1,0,0,0x18010202
1777258613.352,63331,6,4,ADCS,8,SOLAR,2,COMMAND,81,SET_MAG_DIPOLE,128,1,128,1,0,0,0x18010202
1777258614.413,64422,6,4,ADCS,8,SOLAR,2,COMMAND,81,SET_MAG_DIPOLE,128,1,128,1,0,0,0x18010202
1777258615.505,65486,6,4,ADCS,8,SOLAR,2,COMMAND,81,SET_MAG_DIPOLE,128,1,128,1,0,0,0x18010202
1777258616.574,66584,6,4,ADCS,8,SOLAR,2,COMMAND,81,SET_MAG_DIPOLE,128,1,128,1,0,0,0x18010202
1777258617.585,67593,6,4,ADCS,8,SOLAR,2,COMMAND,81,SET_MAG_DIPOLE,128,1,128,1,0,0,0x18010202
1777258618.588,68598,6,4,ADCS,8,SOLAR,2,COMMAND,81,SET_MAG_DIPOLE,128,1,128,1,0,0,0x18010202
1777258619.707,69696,6,4,ADCS,8,SOLAR,2,COMMAND,81,SET_MAG_DIPOLE,128,1,128,1,0,0,0x18010202
1777258620.783,70794,6,4,ADCS,8,SOLAR,2,COMMAND,81,SET_MAG_DIPOLE,128,1,128,1,0,0,0x18010202
1777258621.863,71873,6,4,ADCS,8,SOLAR,2,COMMAND,81,SET_MAG_DIPOLE,128,1,128,1,0,0,0x18010202
1777258622.884,72887,6,4,ADCS,8,SOLAR,2,COMMAND,81,SET_MAG_DIPOLE,128,1,128,1,0,0,0x18010202
1777258624.009,73982,6,4,ADCS,8,SOLAR,2,COMMAND,81,SET_MAG_DIPOLE,128,1,128,1,0,0,0x18010202
1777258625.031,75036,6,4,ADCS,8,SOLAR,2,COMMAND,81,SET_MAG_DIPOLE,128,1,128,1,0,0,0x18010202
1777258626.152,76131,6,4,ADCS,8,SOLAR,2,COMMAND,81,SET_MAG_DIPOLE,128,1,128,1,0,0,0x18010202
1777258627.214,77224,6,4,ADCS,8,SOLAR,2,COMMAND,81,SET_MAG_DIPOLE,128,1,128,1,0,0,0x18010202
1777258628.312,78315,6,4,ADCS,8,SOLAR,2,COMMAND,81,SET_MAG_DIPOLE,128,1,128,1,0,0,0x18010202
1777258629.438,79407,6,4,ADCS,8,SOLAR,2,COMMAND,81,SET_MAG_DIPOLE,128,1,128,1,0,0,0x18010202
1777258630.453,80447,6,4,ADCS,8,SOLAR,2,COMMAND,81,SET_MAG_DIPOLE,128,1,128,1,0,0,0x18010202
1777258631.481,81485,6,4,ADCS,8,SOLAR,2,COMMAND,81,SET_MAG_DIPOLE,128,1,128,1,0,0,0x18010202
1777258632.562,82571,6,4,ADCS,8,SOLAR,2,COMMAND,81,SET_MAG_DIPOLE,128,1,128,1,0,0,0x18010202
1777258633.659,83668,6,4,ADCS,8,SOLAR,2,COMMAND,81,SET_MAG_DIPOLE,128,1,128,1,0,0,0x18010202
1777258634.659,84669,6,4,ADCS,8,SOLAR,2,COMMAND,81,SET_MAG_DIPOLE,128,1,128,1,0,0,0x18010202
1777258635.718,85728,6,4,ADCS,8,SOLAR,2,COMMAND,81,SET_MAG_DIPOLE,128,1,128,1,0,0,0x18010202
1777258636.754,86763,6,4,ADCS,8,SOLAR,2,COMMAND,81,SET_MAG_DIPOLE,128,1,128,1,0,0,0x18010202
1777258637.852,87808,6,4,ADCS,8,SOLAR,2,COMMAND,81,SET_MAG_DIPOLE,128,1,128,1,0,0,0x18010202
1777258638.804,88813,6,4,ADCS,8,SOLAR,2,COMMAND,81,SET_MAG_DIPOLE,128,1,128,1,0,0,0x18010202
1777258639.900,89909,6,4,ADCS,8,SOLAR,2,COMMAND,81,SET_MAG_DIPOLE,128,1,128,1,0,0,0x18010202
1777258640.908,90914,6,4,ADCS,8,SOLAR,2,COMMAND,81,SET_MAG_DIPOLE,128,1,128,1,0,0,0x18010202
1777258642.035,92010,6,4,ADCS,8,SOLAR,2,COMMAND,81,SET_MAG_DIPOLE,128,1,128,1,0,0,0x18010202
1777258643.093,93103,6,4,ADCS,8,SOLAR,2,COMMAND,81,SET_MAG_DIPOLE,128,1,128,1,0,0,0x18010202
1777258644.186,94195,6,4,ADCS,8,SOLAR,2,COMMAND,81,SET_MAG_DIPOLE,128,1,128,1,0,0,0x18010202
1777258645.309,95287,6,4,ADCS,8,SOLAR,2,COMMAND,81,SET_MAG_DIPOLE,128,1,128,1,0,0,0x18010202
1777258646.365,96372,6,4,ADCS,8,SOLAR,2,COMMAND,81,SET_MAG_DIPOLE,128,1,128,1,0,0,0x18010202
1777258647.394,97403,6,4,ADCS,8,SOLAR,2,COMMAND,81,SET_MAG_DIPOLE,128,1,128,1,0,0,0x18010202
1777258648.491,98501,6,4,ADCS,8,SOLAR,2,COMMAND,81,SET_MAG_DIPOLE,128,1,128,1,0,0,0x18010202
1777258649.502,99501,6,4,ADCS,8,SOLAR,2,COMMAND,81,SET_MAG_DIPOLE,128,1,128,1,0,0,0x18010202
1777258650.560,100538,6,4,ADCS,8,SOLAR,2,COMMAND,81,SET_MAG_DIPOLE,128,1,128,1,0,0,0x18010202
1777258651.560,101540,6,4,ADCS,8,SOLAR,2,COMMAND,81,SET_MAG_DIPOLE,128,1,128,1,0,0,0x18010202
1777258652.632,102638,6,4,ADCS,8,SOLAR,2,COMMAND,81,SET_MAG_DIPOLE,128,1,128,1,0,0,0x18010202
1777258653.708,103711,6,4,ADCS,8,SOLAR,2,COMMAND,81,SET_MAG_DIPOLE,128,1,128,1,0,0,0x18010202
1777258654.744,104754,6,4,ADCS,8,SOLAR,2,COMMAND,81,SET_MAG_DIPOLE,128,1,128,1,0,0,0x18010202
1777258655.789,105798,6,4,ADCS,8,SOLAR,2,COMMAND,81,SET_MAG_DIPOLE,128,1,128,1,0,0,0x18010202
1777258656.885,106895,6,4,ADCS,8,SOLAR,2,COMMAND,81,SET_MAG_DIPOLE,128,1,128,1,0,0,0x18010202
1777258658.003,107986,6,4,ADCS,8,SOLAR,2,COMMAND,81,SET_MAG_DIPOLE,128,1,128,1,0,0,0x18010202
1777258659.069,109078,6,4,ADCS,8,SOLAR,2,COMMAND,81,SET_MAG_DIPOLE,128,1,128,1,0,0,0x18010202
1777258660.162,110171,6,4,ADCS,8,SOLAR,2,COMMAND,81,SET_MAG_DIPOLE,128,1,128,1,0,0,0x18010202
1777258661.282,111256,6,4,ADCS,8,SOLAR,2,COMMAND,81,SET_MAG_DIPOLE,128,1,128,1,0,0,0x18010202
1777258662.342,112351,6,4,ADCS,8,SOLAR,2,COMMAND,81,SET_MAG_DIPOLE,128,1,128,1,0,0,0x18010202
1777258663.352,113362,6,4,ADCS,8,SOLAR,2,COMMAND,81,SET_MAG_DIPOLE,128,1,128,1,0,0,0x18010202
1777258664.455,114462,6,4,ADCS,8,SOLAR,2,COMMAND,81,SET_MAG_DIPOLE,128,1,128,1,0,0,0x18010202
1777258665.505,115515,6,4,ADCS,8,SOLAR,2,COMMAND,81,SET_MAG_DIPOLE,128,1,128,1,0,0,0x18010202
1777258666.605,116613,6,4,ADCS,8,SOLAR,2,COMMAND,81,SET_MAG_DIPOLE,128,1,128,1,0,0,0x18010202
1777258667.633,117615,6,4,ADCS,8,SOLAR,2,COMMAND,81,SET_MAG_DIPOLE,128,1,128,1,0,0,0x18010202
1777258668.647,118623,6,4,ADCS,8,SOLAR,2,COMMAND,81,SET_MAG_DIPOLE,128,1,128,1,0,0,0x18010202
1777258669.683,119692,6,4,ADCS,8,SOLAR,2,COMMAND,81,SET_MAG_DIPOLE,128,1,128,1,0,0,0x18010202
1777258670.698,120695,6,4,ADCS,8,SOLAR,2,COMMAND,81,SET_MAG_DIPOLE,128,1,128,1,0,0,0x18010202
1777258671.784,121794,6,4,ADCS,8,SOLAR,2,COMMAND,81,SET_MAG_DIPOLE,128,1,128,1,0,0,0x18010202
1777258672.882,122891,6,4,ADCS,8,SOLAR,2,COMMAND,81,SET_MAG_DIPOLE,128,1,128,1,0,0,0x18010202
1777258673.978,123986,6,4,ADCS,8,SOLAR,2,COMMAND,81,SET_MAG_DIPOLE,128,1,128,1,0,0,0x18010202
1777258675.110,125081,6,4,ADCS,8,SOLAR,2,COMMAND,81,SET_MAG_DIPOLE,128,1,128,1,0,0,0x18010202
1777258676.134,126143,6,4,ADCS,8,SOLAR,2,COMMAND,81,SET_MAG_DIPOLE,128,1,128,1,0,0,0x18010202
1777258677.260,127240,6,4,ADCS,8,SOLAR,2,COMMAND,81,SET_MAG_DIPOLE,128,1,128,1,0,0,0x18010202
1777258678.319,128324,6,4,ADCS,8,SOLAR,2,COMMAND,81,SET_MAG_DIPOLE,128,1,128,1,0,0,0x18010202
1777258679.414,129424,6,4,ADCS,8,SOLAR,2,COMMAND,81,SET_MAG_DIPOLE,128,1,128,1,0,0,0x18010202
1777258680.481,130491,6,4,ADCS,8,SOLAR,2,COMMAND,81,SET_MAG_DIPOLE,128,1,128,1,0,0,0x18010202
1777258681.560,131545,6,4,ADCS,8,SOLAR,2,COMMAND,81,SET_MAG_DIPOLE,128,1,128,1,0,0,0x18010202
1777258682.587,132595,6,4,ADCS,8,SOLAR,2,COMMAND,81,SET_MAG_DIPOLE,128,1,128,1,0,0,0x18010202
1777258683.646,133650,6,4,ADCS,8,SOLAR,2,COMMAND,81,SET_MAG_DIPOLE,128,1,128,1,0,0,0x18010202
1777258684.748,134746,6,4,ADCS,8,SOLAR,2,COMMAND,81,SET_MAG_DIPOLE,128,1,128,1,0,0,0x18010202
1777258685.862,135841,6,4,ADCS,8,SOLAR,2,COMMAND,81,SET_MAG_DIPOLE,128,1,128,1,0,0,0x18010202
1777258686.931,136939,6,4,ADCS,8,SOLAR,2,COMMAND,81,SET_MAG_DIPOLE,128,1,128,1,0,0,0x18010202
1777258688.026,138035,6,4,ADCS,8,SOLAR,2,COMMAND,81,SET_MAG_DIPOLE,128,1,128,1,0,0,0x18010202
1777258689.035,139044,6,4,ADCS,8,SOLAR,2,COMMAND,81,SET_MAG_DIPOLE,128,1,128,1,0,0,0x18010202
1777258690.173,140142,6,4,ADCS,8,SOLAR,2,COMMAND,81,SET_MAG_DIPOLE,128,1,128,1,0,0,0x18010202
1777258691.225,141234,6,4,ADCS,8,SOLAR,2,COMMAND,81,SET_MAG_DIPOLE,128,1,128,1,0,0,0x18010202
1777258692.305,142288,6,4,ADCS,8,SOLAR,2,COMMAND,81,SET_MAG_DIPOLE,128,1,128,1,0,0,0x18010202
1777258693.376,143386,6,4,ADCS,8,SOLAR,2,COMMAND,81,SET_MAG_DIPOLE,128,1,128,1,0,0,0x18010202
1777258694.461,144467,6,4,ADCS,8,SOLAR,2,COMMAND,81,SET_MAG_DIPOLE,128,1,128,1,0,0,0x18010202
1777258695.488,145470,6,4,ADCS,8,SOLAR,2,COMMAND,81,SET_MAG_DIPOLE,128,1,128,1,0,0,0x18010202
1777258696.509,146489,6,4,ADCS,8,SOLAR,2,COMMAND,81,SET_MAG_DIPOLE,128,1,128,1,0,0,0x18010202
1777258697.576,147585,6,4,ADCS,8,SOLAR,2,COMMAND,81,SET_MAG_DIPOLE,128,1,128,1,0,0,0x18010202
1777258698.592,148595,6,4,ADCS,8,SOLAR,2,COMMAND,81,SET_MAG_DIPOLE,128,1,128,1,0,0,0x18010202
1777258699.684,149692,6,4,ADCS,8,SOLAR,2,COMMAND,81,SET_MAG_DIPOLE,128,1,128,1,0,0,0x18010202
1777258700.810,150787,6,4,ADCS,8,SOLAR,2,COMMAND,81,SET_MAG_DIPOLE,128,1,128,1,0,0,0x18010202
1777258701.884,151886,6,4,ADCS,8,SOLAR,2,COMMAND,81,SET_MAG_DIPOLE,128,1,128,1,0,0,0x18010202
1777258702.966,152939,6,4,ADCS,8,SOLAR,2,COMMAND,81,SET_MAG_DIPOLE,128,1,128,1,0,0,0x18010202
1777258704.027,154035,6,4,ADCS,8,SOLAR,2,COMMAND,81,SET_MAG_DIPOLE,128,1,128,1,0,0,0x18010202
1777258705.119,155127,6,4,ADCS,8,SOLAR,2,COMMAND,81,SET_MAG_DIPOLE,128,1,128,1,0,0,0x18010202
1777258706.230,156220,6,4,ADCS,8,SOLAR,2,COMMAND,81,SET_MAG_DIPOLE,128,1,128,1,0,0,0x18010202
1777258707.260,157249,6,4,ADCS,8,SOLAR,2,COMMAND,81,SET_MAG_DIPOLE,128,1,128,1,0,0,0x18010202
1777258708.339,158347,6,4,ADCS,8,SOLAR,2,COMMAND,81,SET_MAG_DIPOLE,128,1,128,1,0,0,0x18010202
1777258709.416,159379,6,4,ADCS,8,SOLAR,2,COMMAND,81,SET_MAG_DIPOLE,128,1,128,1,0,0,0x18010202
1777258710.373,160382,6,4,ADCS,8,SOLAR,2,COMMAND,81,SET_MAG_DIPOLE,128,1,128,1,0,0,0x18010202
1777258711.467,161437,6,4,ADCS,8,SOLAR,2,COMMAND,81,SET_MAG_DIPOLE,128,1,128,1,0,0,0x18010202
1777258712.527,162536,6,4,ADCS,8,SOLAR,2,COMMAND,81,SET_MAG_DIPOLE,128,1,128,1,0,0,0x18010202
1777258713.533,163541,6,4,ADCS,8,SOLAR,2,COMMAND,81,SET_MAG_DIPOLE,128,1,128,1,0,0,0x18010202
1777258714.629,164637,6,4,ADCS,8,SOLAR,2,COMMAND,81,SET_MAG_DIPOLE,128,1,128,1,0,0,0x18010202
1777258715.764,165733,6,4,ADCS,8,SOLAR,2,COMMAND,81,SET_MAG_DIPOLE,128,1,128,1,0,0,0x18010202
1777258716.821,166830,6,4,ADCS,8,SOLAR,2,COMMAND,81,SET_MAG_DIPOLE,128,1,128,1,0,0,0x18010202
1777258717.922,167930,6,4,ADCS,8,SOLAR,2,COMMAND,81,SET_MAG_DIPOLE,128,1,128,1,0,0,0x18010202
1777258719.040,169021,6,4,ADCS,8,SOLAR,2,COMMAND,81,SET_MAG_DIPOLE,128,1,128,1,0,0,0x18010202
1777258720.111,170113,6,4,ADCS,8,SOLAR,2,COMMAND,81,SET_MAG_DIPOLE,128,1,128,1,0,0,0x18010202
1777258721.197,171205,6,4,ADCS,8,SOLAR,2,COMMAND,81,SET_MAG_DIPOLE,128,1,128,1,0,0,0x18010202
1777258722.215,172211,6,4,ADCS,8,SOLAR,2,COMMAND,81,SET_MAG_DIPOLE,128,1,128,1,0,0,0x18010202
1777258723.274,173283,6,4,ADCS,8,SOLAR,2,COMMAND,81,SET_MAG_DIPOLE,128,1,128,1,0,0,0x18010202
1777258724.289,174297,6,4,ADCS,8,SOLAR,2,COMMAND,81,SET_MAG_DIPOLE,128,1,128,1,0,0,0x18010202
1777258725.342,175342,6,4,ADCS,8,SOLAR,2,COMMAND,81,SET_MAG_DIPOLE,128,1,128,1,0,0,0x18010202
1777258726.407,176385,6,4,ADCS,8,SOLAR,2,COMMAND,81,SET_MAG_DIPOLE,128,1,128,1,0,0,0x18010202
1777258727.424,177415,6,4,ADCS,8,SOLAR,2,COMMAND,81,SET_MAG_DIPOLE,128,1,128,1,0,0,0x18010202
1777258728.479,178486,6,4,ADCS,8,SOLAR,2,COMMAND,81,SET_MAG_DIPOLE,128,1,128,1,0,0,0x18010202
1777258729.589,179583,6,4,ADCS,8,SOLAR,2,COMMAND,81,SET_MAG_DIPOLE,128,1,128,1,0,0,0x18010202
1777258730.669,180677,6,4,ADCS,8,SOLAR,2,COMMAND,81,SET_MAG_DIPOLE,128,1,128,1,0,0,0x18010202
1777258731.731,181719,6,4,ADCS,8,SOLAR,2,COMMAND,81,SET_MAG_DIPOLE,128,1,128,1,0,0,0x18010202
1777258732.806,182814,6,4,ADCS,8,SOLAR,2,COMMAND,81,SET_MAG_DIPOLE,128,1,128,1,0,0,0x18010202
1777258733.898,183906,6,4,ADCS,8,SOLAR,2,COMMAND,81,SET_MAG_DIPOLE,128,1,128,1,0,0,0x18010202
1777258735.015,184998,6,4,ADCS,8,SOLAR,2,COMMAND,81,SET_MAG_DIPOLE,128,1,128,1,0,0,0x18010202
1777258736.083,186090,6,4,ADCS,8,SOLAR,2,COMMAND,81,SET_MAG_DIPOLE,128,1,128,1,0,0,0x18010202
1777258737.165,187173,6,4,ADCS,8,SOLAR,2,COMMAND,81,SET_MAG_DIPOLE,128,1,128,1,0,0,0x18010202
1777258738.190,188173,6,4,ADCS,8,SOLAR,2,COMMAND,81,SET_MAG_DIPOLE,128,1,128,1,0,0,0x18010202
1777258739.213,189210,6,4,ADCS,8,SOLAR,2,COMMAND,81,SET_MAG_DIPOLE,128,1,128,1,0,0,0x18010202
1777258740.268,190277,6,4,ADCS,8,SOLAR,2,COMMAND,81,SET_MAG_DIPOLE,128,1,128,1,0,0,0x18010202
1777258741.290,191298,6,4,ADCS,8,SOLAR,2,COMMAND,81,SET_MAG_DIPOLE,128,1,128,1,0,0,0x18010202
1777258742.392,192386,6,4,ADCS,8,SOLAR,2,COMMAND,81,SET_MAG_DIPOLE,128,1,128,1,0,0,0x18010202
1777258743.406,193386,6,4,ADCS,8,SOLAR,2,COMMAND,81,SET_MAG_DIPOLE,128,1,128,1,0,0,0x18010202
1777258744.381,194387,6,4,ADCS,8,SOLAR,2,COMMAND,81,SET_MAG_DIPOLE,128,1,128,1,0,0,0x18010202
1777258745.415,195423,6,4,ADCS,8,SOLAR,2,COMMAND,81,SET_MAG_DIPOLE,128,1,128,1,0,0,0x18010202
1777258746.522,196522,6,4,ADCS,8,SOLAR,2,COMMAND,81,SET_MAG_DIPOLE,128,1,128,1,0,0,0x18010202
1777258747.608,197595,6,4,ADCS,8,SOLAR,2,COMMAND,81,SET_MAG_DIPOLE,128,1,128,1,0,0,0x18010202
1777258748.682,198691,6,4,ADCS,8,SOLAR,2,COMMAND,81,SET_MAG_DIPOLE,128,1,128,1,0,0,0x18010202
1777258749.777,199783,6,4,ADCS,8,SOLAR,2,COMMAND,81,SET_MAG_DIPOLE,128,1,128,1,0,0,0x18010202
1777258750.891,200876,6,4,ADCS,8,SOLAR,2,COMMAND,81,SET_MAG_DIPOLE,128,1,128,1,0,0,0x18010202
1777258751.962,201969,6,4,ADCS,8,SOLAR,2,COMMAND,81,SET_MAG_DIPOLE,128,1,128,1,0,0,0x18010202
1777258753.048,203054,6,4,ADCS,8,SOLAR,2,COMMAND,81,SET_MAG_DIPOLE,128,1,128,1,0,0,0x18010202
1777258754.114,204122,6,4,ADCS,8,SOLAR,2,COMMAND,81,SET_MAG_DIPOLE,128,1,128,1,0,0,0x18010202
1777258755.122,205129,6,4,ADCS,8,SOLAR,2,COMMAND,81,SET_MAG_DIPOLE,128,1,128,1,0,0,0x18010202
1777258756.219,206227,6,4,ADCS,8,SOLAR,2,COMMAND,81,SET_MAG_DIPOLE,128,1,128,1,0,0,0x18010202
1777258757.339,207323,6,4,ADCS,8,SOLAR,2,COMMAND,81,SET_MAG_DIPOLE,128,1,128,1,0,0,0x18010202
1777258758.360,208361,6,4,ADCS,8,SOLAR,2,COMMAND,81,SET_MAG_DIPOLE,128,1,128,1,0,0,0x18010202
1777258759.386,209374,6,4,ADCS,8,SOLAR,2,COMMAND,81,SET_MAG_DIPOLE,128,1,128,1,0,0,0x18010202
1777258760.462,210470,6,4,ADCS,8,SOLAR,2,COMMAND,81,SET_MAG_DIPOLE,128,1,128,1,0,0,0x18010202
1777258761.483,211492,6,4,ADCS,8,SOLAR,2,COMMAND,81,SET_MAG_DIPOLE,128,1,128,1,0,0,0x18010202
1777258762.581,212589,6,4,ADCS,8,SOLAR,2,COMMAND,81,SET_MAG_DIPOLE,128,1,128,1,0,0,0x18010202
1777258763.695,213681,6,4,ADCS,8,SOLAR,2,COMMAND,81,SET_MAG_DIPOLE,128,1,128,1,0,0,0x18010202
1777258764.766,214773,6,4,ADCS,8,SOLAR,2,COMMAND,81,SET_MAG_DIPOLE,128,1,128,1,0,0,0x18010202
1777258765.858,215865,6,4,ADCS,8,SOLAR,2,COMMAND,81,SET_MAG_DIPOLE,128,1,128,1,0,0,0x18010202
1777258766.961,216951,6,4,ADCS,8,SOLAR,2,COMMAND,81,SET_MAG_DIPOLE,128,1,128,1,0,0,0x18010202
1777258768.034,218040,6,4,ADCS,8,SOLAR,2,COMMAND,81,SET_MAG_DIPOLE,128,1,128,1,0,0,0x18010202
1777258769.116,219093,6,4,ADCS,8,SOLAR,2,COMMAND,81,SET_MAG_DIPOLE,128,1,128,1,0,0,0x18010202
1777258770.139,220147,6,4,ADCS,8,SOLAR,2,COMMAND,81,SET_MAG_DIPOLE,128,1,128,1,0,0,0x18010202
1777258771.192,221189,6,4,ADCS,8,SOLAR,2,COMMAND,81,SET_MAG_DIPOLE,128,1,128,1,0,0,0x18010202
1777258772.281,222286,6,4,ADCS,8,SOLAR,2,COMMAND,81,SET_MAG_DIPOLE,128,1,128,1,0,0,0x18010202
1777258773.318,223325,6,4,ADCS,8,SOLAR,2,COMMAND,81,SET_MAG_DIPOLE,128,1,128,1,0,0,0x18010202
1777258774.333,224333,6,4,ADCS,8,SOLAR,2,COMMAND,81,SET_MAG_DIPOLE,128,1,128,1,0,0,0x18010202
1777258775.377,225385,6,4,ADCS,8,SOLAR,2,COMMAND,81,SET_MAG_DIPOLE,128,1,128,1,0,0,0x18010202
1777258776.492,226480,6,4,ADCS,8,SOLAR,2,COMMAND,81,SET_MAG_DIPOLE,128,1,128,1,0,0,0x18010202
1777258777.569,227572,6,4,ADCS,8,SOLAR,2,COMMAND,81,SET_MAG_DIPOLE,128,1,128,1,0,0,0x18010202
1777258778.658,228665,6,4,ADCS,8,SOLAR,2,COMMAND,81,SET_MAG_DIPOLE,128,1,128,1,0,0,0x18010202
1777258779.760,229759,6,4,ADCS,8,SOLAR,2,COMMAND,81,SET_MAG_DIPOLE,128,1,128,1,0,0,0x18010202
1777258780.838,230844,6,4,ADCS,8,SOLAR,2,COMMAND,81,SET_MAG_DIPOLE,128,1,128,1,0,0,0x18010202
1777258781.934,231940,6,4,ADCS,8,SOLAR,2,COMMAND,81,SET_MAG_DIPOLE,128,1,128,1,0,0,0x18010202
1777258782.948,232953,6,4,ADCS,8,SOLAR,2,COMMAND,81,SET_MAG_DIPOLE,128,1,128,1,0,0,0x18010202
1777258784.065,234048,6,4,ADCS,8,SOLAR,2,COMMAND,81,SET_MAG_DIPOLE,128,1,128,1,0,0,0x18010202
1777258785.084,235053,6,4,ADCS,8,SOLAR,2,COMMAND,81,SET_MAG_DIPOLE,128,1,128,1,0,0,0x18010202
1777258786.143,236151,6,4,ADCS,8,SOLAR,2,COMMAND,81,SET_MAG_DIPOLE,128,1,128,1,0,0,0x18010202
1777258787.241,237247,6,4,ADCS,8,SOLAR,2,COMMAND,81,SET_MAG_DIPOLE,128,1,128,1,0,0,0x18010202
1777258788.264,238271,6,4,ADCS,8,SOLAR,2,COMMAND,81,SET_MAG_DIPOLE,128,1,128,1,0,0,0x18010202
1777258789.290,239278,6,4,ADCS,8,SOLAR,2,COMMAND,81,SET_MAG_DIPOLE,128,1,128,1,0,0,0x18010202
1777258790.313,240303,6,4,ADCS,8,SOLAR,2,COMMAND,81,SET_MAG_DIPOLE,128,1,128,1,0,0,0x18010202
1777258791.394,241401,6,4,ADCS,8,SOLAR,2,COMMAND,81,SET_MAG_DIPOLE,128,1,128,1,0,0,0x18010202
1777258792.492,242499,6,4,ADCS,8,SOLAR,2,COMMAND,81,SET_MAG_DIPOLE,128,1,128,1,0,0,0x18010202
1777258793.589,243596,6,4,ADCS,8,SOLAR,2,COMMAND,81,SET_MAG_DIPOLE,128,1,128,1,0,0,0x18010202
1777258794.615,244596,6,4,ADCS,8,SOLAR,2,COMMAND,81,SET_MAG_DIPOLE,128,1,128,1,0,0,0x18010202
1777258795.687,245694,6,4,ADCS,8,SOLAR,2,COMMAND,81,SET_MAG_DIPOLE,128,1,128,1,0,0,0x18010202
1777258796.713,246720,6,4,ADCS,8,SOLAR,2,COMMAND,81,SET_MAG_DIPOLE,128,1,128,1,0,0,0x18010202
1777258797.809,247817,6,4,ADCS,8,SOLAR,2,COMMAND,81,SET_MAG_DIPOLE,128,1,128,1,0,0,0x18010202
1777258798.853,248861,6,4,ADCS,8,SOLAR,2,COMMAND,81,SET_MAG_DIPOLE,128,1,128,1,0,0,0x18010202
1777258799.948,249956,6,4,ADCS,8,SOLAR,2,COMMAND,81,SET_MAG_DIPOLE,128,1,128,1,0,0,0x18010202
1777258801.005,251012,6,4,ADCS,8,SOLAR,2,COMMAND,81,SET_MAG_DIPOLE,128,1,128,1,0,0,0x18010202
1777258802.104,252110,6,4,ADCS,8,SOLAR,2,COMMAND,81,SET_MAG_DIPOLE,128,1,128,1,0,0,0x18010202
1777258803.165,253172,6,4,ADCS,8,SOLAR,2,COMMAND,81,SET_MAG_DIPOLE,128,1,128,1,0,0,0x18010202
1777258804.245,254214,6,4,ADCS,8,SOLAR,2,COMMAND,81,SET_MAG_DIPOLE,128,1,128,1,0,0,0x18010202
1777258805.271,255278,6,4,ADCS,8,SOLAR,2,COMMAND,81,SET_MAG_DIPOLE,128,1,128,1,0,0,0x18010202
1777258806.381,256377,6,4,ADCS,8,SOLAR,2,COMMAND,81,SET_MAG_DIPOLE,128,1,128,1,0,0,0x18010202
1777258807.467,257473,6,4,ADCS,8,SOLAR,2,COMMAND,81,SET_MAG_DIPOLE,128,1,128,1,0,0,0x18010202
1777258808.567,258572,6,4,ADCS,8,SOLAR,2,COMMAND,81,SET_MAG_DIPOLE,128,1,128,1,0,0,0x18010202
1777258809.616,259624,6,4,ADCS,8,SOLAR,2,COMMAND,81,SET_MAG_DIPOLE,128,1,128,1,0,0,0x18010202
1777258810.713,260720,6,4,ADCS,8,SOLAR,2,COMMAND,81,SET_MAG_DIPOLE,128,1,128,1,0,0,0x18010202
1777258811.812,261781,6,4,ADCS,8,SOLAR,2,COMMAND,81,SET_MAG_DIPOLE,128,1,128,1,0,0,0x18010202
1777258812.879,262875,6,4,ADCS,8,SOLAR,2,COMMAND,81,SET_MAG_DIPOLE,128,1,128,1,0,0,0x18010202
1777258813.971,263968,6,4,ADCS,8,SOLAR,2,COMMAND,81,SET_MAG_DIPOLE,128,1,128,1,0,0,0x18010202
1777258814.979,264978,6,4,ADCS,8,SOLAR,2,COMMAND,81,SET_MAG_DIPOLE,128,1,128,1,0,0,0x18010202
1777258816.073,266073,6,4,ADCS,8,SOLAR,2,COMMAND,81,SET_MAG_DIPOLE,128,1,128,1,0,0,0x18010202
1777258817.160,267167,6,4,ADCS,8,SOLAR,2,COMMAND,81,SET_MAG_DIPOLE,128,1,128,1,0,0,0x18010202
1777258818.266,268254,6,4,ADCS,8,SOLAR,2,COMMAND,81,SET_MAG_DIPOLE,128,1,128,1,0,0,0x18010202
1777258819.282,269256,6,4,ADCS,8,SOLAR,2,COMMAND,81,SET_MAG_DIPOLE,128,1,128,1,0,0,0x18010202
1777258820.349,270354,6,4,ADCS,8,SOLAR,2,COMMAND,81,SET_MAG_DIPOLE,128,1,128,1,0,0,0x18010202
1777258821.445,271452,6,4,ADCS,8,SOLAR,2,COMMAND,81,SET_MAG_DIPOLE,128,1,128,1,0,0,0x18010202
1777258822.517,272524,6,4,ADCS,8,SOLAR,2,COMMAND,81,SET_MAG_DIPOLE,128,1,128,1,0,0,0x18010202
1777258823.614,273620,6,4,ADCS,8,SOLAR,2,COMMAND,81,SET_MAG_DIPOLE,128,1,128,1,0,0,0x18010202
1777258824.721,274707,6,4,ADCS,8,SOLAR,2,COMMAND,81,SET_MAG_DIPOLE,128,1,128,1,0,0,0x18010202
1777258825.795,275802,6,4,ADCS,8,SOLAR,2,COMMAND,81,SET_MAG_DIPOLE,128,1,128,1,0,0,0x18010202
1777258826.892,276896,6,4,ADCS,8,SOLAR,2,COMMAND,81,SET_MAG_DIPOLE,128,1,128,1,0,0,0x18010202
1777258827.938,277944,6,4,ADCS,8,SOLAR,2,COMMAND,81,SET_MAG_DIPOLE,128,1,128,1,0,0,0x18010202
1777258828.938,278944,6,4,ADCS,8,SOLAR,2,COMMAND,81,SET_MAG_DIPOLE,128,1,128,1,0,0,0x18010202
1777258829.959,279966,6,4,ADCS,8,SOLAR,2,COMMAND,81,SET_MAG_DIPOLE,128,1,128,1,0,0,0x18010202
1777258831.076,281061,6,4,ADCS,8,SOLAR,2,COMMAND,81,SET_MAG_DIPOLE,128,1,128,1,0,0,0x18010202
1777258832.105,282112,6,4,ADCS,8,SOLAR,2,COMMAND,81,SET_MAG_DIPOLE,128,1,128,1,0,0,0x18010202
1777258833.221,283208,6,4,ADCS,8,SOLAR,2,COMMAND,81,SET_MAG_DIPOLE,128,1,128,1,0,0,0x18010202
1777258834.245,284228,6,4,ADCS,8,SOLAR,2,COMMAND,81,SET_MAG_DIPOLE,128,1,128,1,0,0,0x18010202
1777258835.319,285326,6,4,ADCS,8,SOLAR,2,COMMAND,81,SET_MAG_DIPOLE,128,1,128,1,0,0,0x18010202
1777258836.320,286327,6,4,ADCS,8,SOLAR,2,COMMAND,81,SET_MAG_DIPOLE,128,1,128,1,0,0,0x18010202
1777258837.418,287410,6,4,ADCS,8,SOLAR,2,COMMAND,81,SET_MAG_DIPOLE,128,1,128,1,0,0,0x18010202
1777258838.510,288506,6,4,ADCS,8,SOLAR,2,COMMAND,81,SET_MAG_DIPOLE,128,1,128,1,0,0,0x18010202
1777258839.592,289598,6,4,ADCS,8,SOLAR,2,COMMAND,81,SET_MAG_DIPOLE,128,1,128,1,0,0,0x18010202
1777258840.609,290615,6,4,ADCS,8,SOLAR,2,COMMAND,81,SET_MAG_DIPOLE,128,1,128,1,0,0,0x18010202
1777258841.720,291708,6,4,ADCS,8,SOLAR,2,COMMAND,81,SET_MAG_DIPOLE,128,1,128,1,0,0,0x18010202
1777258842.794,292800,6,4,ADCS,8,SOLAR,2,COMMAND,81,SET_MAG_DIPOLE,128,1,128,1,0,0,0x18010202
1777258843.868,293860,6,4,ADCS,8,SOLAR,2,COMMAND,81,SET_MAG_DIPOLE,128,1,128,1,0,0,0x18010202
1777258844.895,294902,6,4,ADCS,8,SOLAR,2,COMMAND,81,SET_MAG_DIPOLE,128,1,128,1,0,0,0x18010202
1777258846.020,296000,6,4,ADCS,8,SOLAR,2,COMMAND,81,SET_MAG_DIPOLE,128,1,128,1,0,0,0x18010202
1777258847.050,297057,6,4,ADCS,8,SOLAR,2,COMMAND,81,SET_MAG_DIPOLE,128,1,128,1,0,0,0x18010202
1777258848.187,298153,6,4,ADCS,8,SOLAR,2,COMMAND,81,SET_MAG_DIPOLE,128,1,128,1,0,0,0x18010202
1777258849.200,299206,6,4,ADCS,8,SOLAR,2,COMMAND,81,SET_MAG_DIPOLE,128,1,128,1,0,0,0x18010202
1777258850.323,300304,6,4,ADCS,8,SOLAR,2,COMMAND,81,SET_MAG_DIPOLE,128,1,128,1,0,0,0x18010202
1777258851.299,301305,6,4,ADCS,8,SOLAR,2,COMMAND,81,SET_MAG_DIPOLE,128,1,128,1,0,0,0x18010202
1777258852.393,302399,6,4,ADCS,8,SOLAR,2,COMMAND,81,SET_MAG_DIPOLE,128,1,128,1,0,0,0x18010202
1777258853.486,303490,6,4,ADCS,8,SOLAR,2,COMMAND,81,SET_MAG_DIPOLE,128,1,128,1,0,0,0x18010202
1777258854.520,304525,6,4,ADCS,8,SOLAR,2,COMMAND,81,SET_MAG_DIPOLE,128,1,128,1,0,0,0x18010202
1777258855.641,305619,6,4,ADCS,8,SOLAR,2,COMMAND,81,SET_MAG_DIPOLE,128,1,128,1,0,0,0x18010202
1777258856.707,306713,6,4,ADCS,8,SOLAR,2,COMMAND,81,SET_MAG_DIPOLE,128,1,128,1,0,0,0x18010202
1777258857.749,307754,6,4,ADCS,8,SOLAR,2,COMMAND,81,SET_MAG_DIPOLE,128,1,128,1,0,0,0x18010202
1777258858.843,308850,6,4,ADCS,8,SOLAR,2,COMMAND,81,SET_MAG_DIPOLE,128,1,128,1,0,0,0x18010202
1777258859.851,309857,6,4,ADCS,8,SOLAR,2,COMMAND,81,SET_MAG_DIPOLE,128,1,128,1,0,0,0x18010202
1777258860.869,310862,6,4,ADCS,8,SOLAR,2,COMMAND,81,SET_MAG_DIPOLE,128,1,128,1,0,0,0x18010202
1777258861.996,311959,6,4,ADCS,8,SOLAR,2,COMMAND,81,SET_MAG_DIPOLE,128,1,128,1,0,0,0x18010202
1777258863.020,312998,6,4,ADCS,8,SOLAR,2,COMMAND,81,SET_MAG_DIPOLE,128,1,128,1,0,0,0x18010202
1777258864.089,314095,6,4,ADCS,8,SOLAR,2,COMMAND,81,SET_MAG_DIPOLE,128,1,128,1,0,0,0x18010202
1777258865.173,315180,6,4,ADCS,8,SOLAR,2,COMMAND,81,SET_MAG_DIPOLE,128,1,128,1,0,0,0x18010202
1777258866.198,316190,6,4,ADCS,8,SOLAR,2,COMMAND,81,SET_MAG_DIPOLE,128,1,128,1,0,0,0x18010202
1777258867.320,317287,6,4,ADCS,8,SOLAR,2,COMMAND,81,SET_MAG_DIPOLE,128,1,128,1,0,0,0x18010202
1777258868.372,318379,6,4,ADCS,8,SOLAR,2,COMMAND,81,SET_MAG_DIPOLE,128,1,128,1,0,0,0x18010202
1777258869.464,319434,6,4,ADCS,8,SOLAR,2,COMMAND,81,SET_MAG_DIPOLE,128,1,128,1,0,0,0x18010202
1777258870.521,320527,6,4,ADCS,8,SOLAR,2,COMMAND,81,SET_MAG_DIPOLE,128,1,128,1,0,0,0x18010202
1777258871.622,321621,6,4,ADCS,8,SOLAR,2,COMMAND,81,SET_MAG_DIPOLE,128,1,128,1,0,0,0x18010202
1777258872.646,322642,6,4,ADCS,8,SOLAR,2,COMMAND,81,SET_MAG_DIPOLE,128,1,128,1,0,0,0x18010202
1777258873.767,323738,6,4,ADCS,8,SOLAR,2,COMMAND,81,SET_MAG_DIPOLE,128,1,128,1,0,0,0x18010202
1777258874.797,324792,6,4,ADCS,8,SOLAR,2,COMMAND,81,SET_MAG_DIPOLE,128,1,128,1,0,0,0x18010202
1777258875.819,325823,6,4,ADCS,8,SOLAR,2,COMMAND,81,SET_MAG_DIPOLE,128,1,128,1,0,0,0x18010202
1777258876.941,326922,6,4,ADCS,8,SOLAR,2,COMMAND,81,SET_MAG_DIPOLE,128,1,128,1,0,0,0x18010202
1777258877.971,327944,6,4,ADCS,8,SOLAR,2,COMMAND,81,SET_MAG_DIPOLE,128,1,128,1,0,0,0x18010202
1777258879.034,329041,6,4,ADCS,8,SOLAR,2,COMMAND,81,SET_MAG_DIPOLE,128,1,128,1,0,0,0x18010202
1777258880.119,330087,6,4,ADCS,8,SOLAR,2,COMMAND,81,SET_MAG_DIPOLE,128,1,128,1,0,0,0x18010202
1777258881.148,331153,6,4,ADCS,8,SOLAR,2,COMMAND,81,SET_MAG_DIPOLE,128,1,128,1,0,0,0x18010202
1777258882.273,332251,6,4,ADCS,8,SOLAR,2,COMMAND,81,SET_MAG_DIPOLE,128,1,128,1,0,0,0x18010202
1777258883.343,333348,6,4,ADCS,8,SOLAR,2,COMMAND,81,SET_MAG_DIPOLE,128,1,128,1,0,0,0x18010202
1777258884.347,334353,6,4,ADCS,8,SOLAR,2,COMMAND,81,SET_MAG_DIPOLE,128,1,128,1,0,0,0x18010202
1777258885.442,335448,6,4,ADCS,8,SOLAR,2,COMMAND,81,SET_MAG_DIPOLE,128,1,128,1,0,0,0x18010202
1777258886.573,336537,6,4,ADCS,8,SOLAR,2,COMMAND,81,SET_MAG_DIPOLE,128,1,128,1,0,0,0x18010202
1777258887.630,337634,6,4,ADCS,8,SOLAR,2,COMMAND,81,SET_MAG_DIPOLE,128,1,128,1,0,0,0x18010202
1777258888.721,338727,6,4,ADCS,8,SOLAR,2,COMMAND,81,SET_MAG_DIPOLE,128,1,128,1,0,0,0x18010202
1777258889.746,339727,6,4,ADCS,8,SOLAR,2,COMMAND,81,SET_MAG_DIPOLE,128,1,128,1,0,0,0x18010202
1777258890.781,340787,6,4,ADCS,8,SOLAR,2,COMMAND,81,SET_MAG_DIPOLE,128,1,128,1,0,0,0x18010202
1777258891.889,341885,6,4,ADCS,8,SOLAR,2,COMMAND,81,SET_MAG_DIPOLE,128,1,128,1,0,0,0x18010202
1777258892.917,342890,6,4,ADCS,8,SOLAR,2,COMMAND,81,SET_MAG_DIPOLE,128,1,128,1,0,0,0x18010202
1777258893.980,343983,6,4,ADCS,8,SOLAR,2,COMMAND,81,SET_MAG_DIPOLE,128,1,128,1,0,0,0x18010202
1777258895.075,345080,6,4,ADCS,8,SOLAR,2,COMMAND,81,SET_MAG_DIPOLE,128,1,128,1,0,0,0x18010202
1777258896.131,346131,6,4,ADCS,8,SOLAR,2,COMMAND,81,SET_MAG_DIPOLE,128,1,128,1,0,0,0x18010202
1777258897.224,347230,6,4,ADCS,8,SOLAR,2,COMMAND,81,SET_MAG_DIPOLE,128,1,128,1,0,0,0x18010202
1777258898.275,348281,6,4,ADCS,8,SOLAR,2,COMMAND,81,SET_MAG_DIPOLE,128,1,128,1,0,0,0x18010202
1777258899.373,349374,6,4,ADCS,8,SOLAR,2,COMMAND,81,SET_MAG_DIPOLE,128,1,128,1,0,0,0x18010202
1777258900.431,350435,6,4,ADCS,8,SOLAR,2,COMMAND,81,SET_MAG_DIPOLE,128,1,128,1,0,0,0x18010202
1777258901.526,351532,6,4,ADCS,8,SOLAR,2,COMMAND,81,SET_MAG_DIPOLE,128,1,128,1,0,0,0x18010202
1777258902.648,352624,6,4,ADCS,8,SOLAR,2,COMMAND,81,SET_MAG_DIPOLE,128,1,128,1,0,0,0x18010202
1777258903.711,353715,6,4,ADCS,8,SOLAR,2,COMMAND,81,SET_MAG_DIPOLE,128,1,128,1,0,0,0x18010202
1777258904.747,354752,6,4,ADCS,8,SOLAR,2,COMMAND,81,SET_MAG_DIPOLE,128,1,128,1,0,0,0x18010202
1777258905.835,355841,6,4,ADCS,8,SOLAR,2,COMMAND,81,SET_MAG_DIPOLE,128,1,128,1,0,0,0x18010202
1777258906.885,356887,6,4,ADCS,8,SOLAR,2,COMMAND,81,SET_MAG_DIPOLE,128,1,128,1,0,0,0x18010202
1777258907.979,357985,6,4,ADCS,8,SOLAR,2,COMMAND,81,SET_MAG_DIPOLE,128,1,128,1,0,0,0x18010202
1777258909.101,359075,6,4,ADCS,8,SOLAR,2,COMMAND,81,SET_MAG_DIPOLE,128,1,128,1,0,0,0x18010202
1777258910.121,360108,6,4,ADCS,8,SOLAR,2,COMMAND,81,SET_MAG_DIPOLE,128,1,128,1,0,0,0x18010202
1777258911.202,361204,6,4,ADCS,8,SOLAR,2,COMMAND,81,SET_MAG_DIPOLE,128,1,128,1,0,0,0x18010202
1777258912.294,362299,6,4,ADCS,8,SOLAR,2,COMMAND,81,SET_MAG_DIPOLE,128,1,128,1,0,0,0x18010202
1777258913.334,363339,6,4,ADCS,8,SOLAR,2,COMMAND,81,SET_MAG_DIPOLE,128,1,128,1,0,0,0x18010202
1777258914.429,364435,6,4,ADCS,8,SOLAR,2,COMMAND,81,SET_MAG_DIPOLE,128,1,128,1,0,0,0x18010202
1777258915.544,365527,6,4,ADCS,8,SOLAR,2,COMMAND,81,SET_MAG_DIPOLE,128,1,128,1,0,0,0x18010202
1777258916.614,366618,6,4,ADCS,8,SOLAR,2,COMMAND,81,SET_MAG_DIPOLE,128,1,128,1,0,0,0x18010202
1777258917.707,367711,6,4,ADCS,8,SOLAR,2,COMMAND,81,SET_MAG_DIPOLE,128,1,128,1,0,0,0x18010202
1777258918.727,368716,6,4,ADCS,8,SOLAR,2,COMMAND,81,SET_MAG_DIPOLE,128,1,128,1,0,0,0x18010202
1777258919.789,369788,6,4,ADCS,8,SOLAR,2,COMMAND,81,SET_MAG_DIPOLE,128,1,128,1,0,0,0x18010202
1777258920.784,370789,6,4,ADCS,8,SOLAR,2,COMMAND,81,SET_MAG_DIPOLE,128,1,128,1,0,0,0x18010202
1777258921.902,371886,6,4,ADCS,8,SOLAR,2,COMMAND,81,SET_MAG_DIPOLE,128,1,128,1,0,0,0x18010202
1777258922.977,372981,6,4,ADCS,8,SOLAR,2,COMMAND,81,SET_MAG_DIPOLE,128,1,128,1,0,0,0x18010202
1777258924.071,374076,6,4,ADCS,8,SOLAR,2,COMMAND,81,SET_MAG_DIPOLE,128,1,128,1,0,0,0x18010202
1777258925.097,375086,6,4,ADCS,8,SOLAR,2,COMMAND,81,SET_MAG_DIPOLE,128,1,128,1,0,0,0x18010202
1777258926.110,376116,6,4,ADCS,8,SOLAR,2,COMMAND,81,SET_MAG_DIPOLE,128,1,128,1,0,0,0x18010202
1777258927.229,377213,6,4,ADCS,8,SOLAR,2,COMMAND,81,SET_MAG_DIPOLE,128,1,128,1,0,0,0x18010202
1777258928.249,378224,6,4,ADCS,8,SOLAR,2,COMMAND,81,SET_MAG_DIPOLE,128,1,128,1,0,0,0x18010202
1777258929.315,379320,6,4,ADCS,8,SOLAR,2,COMMAND,81,SET_MAG_DIPOLE,128,1,128,1,0,0,0x18010202
1777258930.407,380411,6,4,ADCS,8,SOLAR,2,COMMAND,81,SET_MAG_DIPOLE,128,1,128,1,0,0,0x18010202
1777258931.525,381504,6,4,ADCS,8,SOLAR,2,COMMAND,81,SET_MAG_DIPOLE,128,1,128,1,0,0,0x18010202
1777258932.592,382598,6,4,ADCS,8,SOLAR,2,COMMAND,81,SET_MAG_DIPOLE,128,1,128,1,0,0,0x18010202
1777258933.681,383679,6,4,ADCS,8,SOLAR,2,COMMAND,81,SET_MAG_DIPOLE,128,1,128,1,0,0,0x18010202
1777258934.692,384679,6,4,ADCS,8,SOLAR,2,COMMAND,81,SET_MAG_DIPOLE,128,1,128,1,0,0,0x18010202
1777258935.731,385732,6,4,ADCS,8,SOLAR,2,COMMAND,81,SET_MAG_DIPOLE,128,1,128,1,0,0,0x18010202
1777258936.849,386832,6,4,ADCS,8,SOLAR,2,COMMAND,81,SET_MAG_DIPOLE,128,1,128,1,0,0,0x18010202
1777258937.924,387926,6,4,ADCS,8,SOLAR,2,COMMAND,81,SET_MAG_DIPOLE,128,1,128,1,0,0,0x18010202
1777258939.019,389022,6,4,ADCS,8,SOLAR,2,COMMAND,81,SET_MAG_DIPOLE,128,1,128,1,0,0,0x18010202
1777258940.034,390038,6,4,ADCS,8,SOLAR,2,COMMAND,81,SET_MAG_DIPOLE,128,1,128,1,0,0,0x18010202
1777258941.061,391065,6,4,ADCS,8,SOLAR,2,COMMAND,81,SET_MAG_DIPOLE,128,1,128,1,0,0,0x18010202
1777258942.114,392117,6,4,ADCS,8,SOLAR,2,COMMAND,81,SET_MAG_DIPOLE,128,1,128,1,0,0,0x18010202
1777258943.210,393215,6,4,ADCS,8,SOLAR,2,COMMAND,81,SET_MAG_DIPOLE,128,1,128,1,0,0,0x18010202
1777258944.317,394307,6,4,ADCS,8,SOLAR,2,COMMAND,81,SET_MAG_DIPOLE,128,1,128,1,0,0,0x18010202
1777258945.393,395398,6,4,ADCS,8,SOLAR,2,COMMAND,81,SET_MAG_DIPOLE,128,1,128,1,0,0,0x18010202
1777258946.487,396491,6,4,ADCS,8,SOLAR,2,COMMAND,81,SET_MAG_DIPOLE,128,1,128,1,0,0,0x18010202
1777258947.602,397577,6,4,ADCS,8,SOLAR,2,COMMAND,81,SET_MAG_DIPOLE,128,1,128,1,0,0,0x18010202
1777258948.638,398641,6,4,ADCS,8,SOLAR,2,COMMAND,81,SET_MAG_DIPOLE,128,1,128,1,0,0,0x18010202
1777258949.677,399682,6,4,ADCS,8,SOLAR,2,COMMAND,81,SET_MAG_DIPOLE,128,1,128,1,0,0,0x18010202
1777258950.789,400781,6,4,ADCS,8,SOLAR,2,COMMAND,81,SET_MAG_DIPOLE,128,1,128,1,0,0,0x18010202
1777258951.891,401876,6,4,ADCS,8,SOLAR,2,COMMAND,81,SET_MAG_DIPOLE,128,1,128,1,0,0,0x18010202
1777258952.955,402958,6,4,ADCS,8,SOLAR,2,COMMAND,81,SET_MAG_DIPOLE,128,1,128,1,0,0,0x18010202
1777258954.056,404028,6,4,ADCS,8,SOLAR,2,COMMAND,81,SET_MAG_DIPOLE,128,1,128,1,0,0,0x18010202
1777258955.076,405045,6,4,ADCS,8,SOLAR,2,COMMAND,81,SET_MAG_DIPOLE,128,1,128,1,0,0,0x18010202
1777258956.139,406143,6,4,ADCS,8,SOLAR,2,COMMAND,81,SET_MAG_DIPOLE,128,1,128,1,0,0,0x18010202
1777258957.236,407240,6,4,ADCS,8,SOLAR,2,COMMAND,81,SET_MAG_DIPOLE,128,1,128,1,0,0,0x18010202
1777258958.358,408338,6,4,ADCS,8,SOLAR,2,COMMAND,81,SET_MAG_DIPOLE,128,1,128,1,0,0,0x18010202
1777258959.421,409425,6,4,ADCS,8,SOLAR,2,COMMAND,81,SET_MAG_DIPOLE,128,1,128,1,0,0,0x18010202
1777258960.432,410436,6,4,ADCS,8,SOLAR,2,COMMAND,81,SET_MAG_DIPOLE,128,1,128,1,0,0,0x18010202
1777258961.467,411472,6,4,ADCS,8,SOLAR,2,COMMAND,81,SET_MAG_DIPOLE,128,1,128,1,0,0,0x18010202
1777258962.564,412569,6,4,ADCS,8,SOLAR,2,COMMAND,81,SET_MAG_DIPOLE,128,1,128,1,0,0,0x18010202
1777258963.602,413603,6,4,ADCS,8,SOLAR,2,COMMAND,81,SET_MAG_DIPOLE,128,1,128,1,0,0,0x18010202
1777258964.623,414627,6,4,ADCS,8,SOLAR,2,COMMAND,81,SET_MAG_DIPOLE,128,1,128,1,0,0,0x18010202
1777258965.727,415726,6,4,ADCS,8,SOLAR,2,COMMAND,81,SET_MAG_DIPOLE,128,1,128,1,0,0,0x18010202
1777258966.857,416822,6,4,ADCS,8,SOLAR,2,COMMAND,81,SET_MAG_DIPOLE,128,1,128,1,0,0,0x18010202
1777258967.868,417869,6,4,ADCS,8,SOLAR,2,COMMAND,81,SET_MAG_DIPOLE,128,1,128,1,0,0,0x18010202
1777258968.918,418917,6,4,ADCS,8,SOLAR,2,COMMAND,81,SET_MAG_DIPOLE,128,1,128,1,0,0,0x18010202
1777258970.032,420013,6,4,ADCS,8,SOLAR,2,COMMAND,81,SET_MAG_DIPOLE,128,1,128,1,0,0,0x18010202
1777258971.048,421019,6,4,ADCS,8,SOLAR,2,COMMAND,81,SET_MAG_DIPOLE,128,1,128,1,0,0,0x18010202
1777258972.114,422118,6,4,ADCS,8,SOLAR,2,COMMAND,81,SET_MAG_DIPOLE,128,1,128,1,0,0,0x18010202
1777258973.212,423216,6,4,ADCS,8,SOLAR,2,COMMAND,81,SET_MAG_DIPOLE,128,1,128,1,0,0,0x18010202
1777258974.252,424256,6,4,ADCS,8,SOLAR,2,COMMAND,81,SET_MAG_DIPOLE,128,1,128,1,0,0,0x18010202
1777258975.309,425310,6,4,ADCS,8,SOLAR,2,COMMAND,81,SET_MAG_DIPOLE,128,1,128,1,0,0,0x18010202
1777258976.379,426360,6,4,ADCS,8,SOLAR,2,COMMAND,81,SET_MAG_DIPOLE,128,1,128,1,0,0,0x18010202
1777258977.454,427457,6,4,ADCS,8,SOLAR,2,COMMAND,81,SET_MAG_DIPOLE,128,1,128,1,0,0,0x18010202
1777258978.543,428547,6,4,ADCS,8,SOLAR,2,COMMAND,81,SET_MAG_DIPOLE,128,1,128,1,0,0,0x18010202
1777258979.560,429564,6,4,ADCS,8,SOLAR,2,COMMAND,81,SET_MAG_DIPOLE,128,1,128,1,0,0,0x18010202
1777258980.577,430569,6,4,ADCS,8,SOLAR,2,COMMAND,81,SET_MAG_DIPOLE,128,1,128,1,0,0,0x18010202
1777258981.702,431669,6,4,ADCS,8,SOLAR,2,COMMAND,81,SET_MAG_DIPOLE,128,1,128,1,0,0,0x18010202
1777258982.761,432763,6,4,ADCS,8,SOLAR,2,COMMAND,81,SET_MAG_DIPOLE,128,1,128,1,0,0,0x18010202
1777258983.775,433779,6,4,ADCS,8,SOLAR,2,COMMAND,81,SET_MAG_DIPOLE,128,1,128,1,0,0,0x18010202
1777258984.791,434795,6,4,ADCS,8,SOLAR,2,COMMAND,81,SET_MAG_DIPOLE,128,1,128,1,0,0,0x18010202
1777258985.903,435890,6,4,ADCS,8,SOLAR,2,COMMAND,81,SET_MAG_DIPOLE,128,1,128,1,0,0,0x18010202
1777258986.980,436984,6,4,ADCS,8,SOLAR,2,COMMAND,81,SET_MAG_DIPOLE,128,1,128,1,0,0,0x18010202
1777258987.985,437990,6,4,ADCS,8,SOLAR,2,COMMAND,81,SET_MAG_DIPOLE,128,1,128,1,0,0,0x18010202
1777258989.085,439088,6,4,ADCS,8,SOLAR,2,COMMAND,81,SET_MAG_DIPOLE,128,1,128,1,0,0,0x18010202
1777258990.199,440185,6,4,ADCS,8,SOLAR,2,COMMAND,81,SET_MAG_DIPOLE,128,1,128,1,0,0,0x18010202
1777258991.242,441245,6,4,ADCS,8,SOLAR,2,COMMAND,81,SET_MAG_DIPOLE,128,1,128,1,0,0,0x18010202
1777258992.344,442341,6,4,ADCS,8,SOLAR,2,COMMAND,81,SET_MAG_DIPOLE,128,1,128,1,0,0,0x18010202
1777258993.429,443433,6,4,ADCS,8,SOLAR,2,COMMAND,81,SET_MAG_DIPOLE,128,1,128,1,0,0,0x18010202
1777258994.516,444520,6,4,ADCS,8,SOLAR,2,COMMAND,81,SET_MAG_DIPOLE,128,1,128,1,0,0,0x18010202
1777258995.529,445523,6,4,ADCS,8,SOLAR,2,COMMAND,81,SET_MAG_DIPOLE,128,1,128,1,0,0,0x18010202
1777258996.659,446621,6,4,ADCS,8,SOLAR,2,COMMAND,81,SET_MAG_DIPOLE,128,1,128,1,0,0,0x18010202
1777258997.690,447694,6,4,ADCS,8,SOLAR,2,COMMAND,81,SET_MAG_DIPOLE,128,1,128,1,0,0,0x18010202
1777258998.808,448792,6,4,ADCS,8,SOLAR,2,COMMAND,81,SET_MAG_DIPOLE,128,1,128,1,0,0,0x18010202
1777258999.883,449885,6,4,ADCS,8,SOLAR,2,COMMAND,81,SET_MAG_DIPOLE,128,1,128,1,0,0,0x18010202
1777259000.963,450967,6,4,ADCS,8,SOLAR,2,COMMAND,81,SET_MAG_DIPOLE,128,1,128,1,0,0,0x18010202
1777259001.979,451968,6,4,ADCS,8,SOLAR,2,COMMAND,81,SET_MAG_DIPOLE,128,1,128,1,0,0,0x18010202
1777259003.062,453066,6,4,ADCS,8,SOLAR,2,COMMAND,81,SET_MAG_DIPOLE,128,1,128,1,0,0,0x18010202
1777259004.153,454125,6,4,ADCS,8,SOLAR,2,COMMAND,81,SET_MAG_DIPOLE,128,1,128,1,0,0,0x18010202
1777259005.163,455138,6,4,ADCS,8,SOLAR,2,COMMAND,81,SET_MAG_DIPOLE,128,1,128,1,0,0,0x18010202
1777259006.229,456234,6,4,ADCS,8,SOLAR,2,COMMAND,81,SET_MAG_DIPOLE,128,1,128,1,0,0,0x18010202
1777259007.324,457327,6,4,ADCS,8,SOLAR,2,COMMAND,81,SET_MAG_DIPOLE,128,1,128,1,0,0,0x18010202
1777259008.431,458418,6,4,ADCS,8,SOLAR,2,COMMAND,81,SET_MAG_DIPOLE,128,1,128,1,0,0,0x18010202
1777259009.463,459467,6,4,ADCS,8,SOLAR,2,COMMAND,81,SET_MAG_DIPOLE,128,1,128,1,0,0,0x18010202
1777259010.484,460487,6,4,ADCS,8,SOLAR,2,COMMAND,81,SET_MAG_DIPOLE,128,1,128,1,0,0,0x18010202
1777259011.608,461584,6,4,ADCS,8,SOLAR,2,COMMAND,81,SET_MAG_DIPOLE,128,1,128,1,0,0,0x18010202
1777259012.580,462584,6,4,ADCS,8,SOLAR,2,COMMAND,81,SET_MAG_DIPOLE,128,1,128,1,0,0,0x18010202
1777259013.600,463603,6,4,ADCS,8,SOLAR,2,COMMAND,81,SET_MAG_DIPOLE,128,1,128,1,0,0,0x18010202
1777259014.697,464701,6,4,ADCS,8,SOLAR,2,COMMAND,81,SET_MAG_DIPOLE,128,1,128,1,0,0,0x18010202
1777259015.798,465796,6,4,ADCS,8,SOLAR,2,COMMAND,81,SET_MAG_DIPOLE,128,1,128,1,0,0,0x18010202
1777259016.933,466891,6,4,ADCS,8,SOLAR,2,COMMAND,81,SET_MAG_DIPOLE,128,1,128,1,0,0,0x18010202
1777259017.961,467936,6,4,ADCS,8,SOLAR,2,COMMAND,81,SET_MAG_DIPOLE,128,1,128,1,0,0,0x18010202
1777259019.031,469033,6,4,ADCS,8,SOLAR,2,COMMAND,81,SET_MAG_DIPOLE,128,1,128,1,0,0,0x18010202
1777259020.125,470129,6,4,ADCS,8,SOLAR,2,COMMAND,81,SET_MAG_DIPOLE,128,1,128,1,0,0,0x18010202
1777259021.234,471221,6,4,ADCS,8,SOLAR,2,COMMAND,81,SET_MAG_DIPOLE,128,1,128,1,0,0,0x18010202
1777259022.310,472313,6,4,ADCS,8,SOLAR,2,COMMAND,81,SET_MAG_DIPOLE,128,1,128,1,0,0,0x18010202
1777259023.401,473404,6,4,ADCS,8,SOLAR,2,COMMAND,81,SET_MAG_DIPOLE,128,1,128,1,0,0,0x18010202
1777259024.411,474414,6,4,ADCS,8,SOLAR,2,COMMAND,81,SET_MAG_DIPOLE,128,1,128,1,0,0,0x18010202
1777259025.446,475449,6,4,ADCS,8,SOLAR,2,COMMAND,81,SET_MAG_DIPOLE,128,1,128,1,0,0,0x18010202
1777259026.472,476475,6,4,ADCS,8,SOLAR,2,COMMAND,81,SET_MAG_DIPOLE,128,1,128,1,0,0,0x18010202
1777259027.523,477526,6,4,ADCS,8,SOLAR,2,COMMAND,81,SET_MAG_DIPOLE,128,1,128,1,0,0,0x18010202
1777259028.617,478620,6,4,ADCS,8,SOLAR,2,COMMAND,81,SET_MAG_DIPOLE,128,1,128,1,0,0,0x18010202
1777259029.732,479717,6,4,ADCS,8,SOLAR,2,COMMAND,81,SET_MAG_DIPOLE,128,1,128,1,0,0,0x18010202
1777259030.808,480810,6,4,ADCS,8,SOLAR,2,COMMAND,81,SET_MAG_DIPOLE,128,1,128,1,0,0,0x18010202
1777259031.901,481904,6,4,ADCS,8,SOLAR,2,COMMAND,81,SET_MAG_DIPOLE,128,1,128,1,0,0,0x18010202
1777259032.911,482914,6,4,ADCS,8,SOLAR,2,COMMAND,81,SET_MAG_DIPOLE,128,1,128,1,0,0,0x18010202
1777259033.927,483919,6,4,ADCS,8,SOLAR,2,COMMAND,81,SET_MAG_DIPOLE,128,1,128,1,0,0,0x18010202
1777259035.013,485015,6,4,ADCS,8,SOLAR,2,COMMAND,81,SET_MAG_DIPOLE,128,1,128,1,0,0,0x18010202
1777259036.107,486109,6,4,ADCS,8,SOLAR,2,COMMAND,81,SET_MAG_DIPOLE,128,1,128,1,0,0,0x18010202
1777259037.205,487207,6,4,ADCS,8,SOLAR,2,COMMAND,81,SET_MAG_DIPOLE,128,1,128,1,0,0,0x18010202
1777259038.359,488305,6,4,ADCS,8,SOLAR,2,COMMAND,81,SET_MAG_DIPOLE,128,1,128,1,0,0,0x18010202
1777259039.357,489360,6,4,ADCS,8,SOLAR,2,COMMAND,81,SET_MAG_DIPOLE,128,1,128,1,0,0,0x18010202
1777259040.380,490368,6,4,ADCS,8,SOLAR,2,COMMAND,81,SET_MAG_DIPOLE,128,1,128,1,0,0,0x18010202
1777259041.407,491409,6,4,ADCS,8,SOLAR,2,COMMAND,81,SET_MAG_DIPOLE,128,1,128,1,0,0,0x18010202
1777259042.436,492438,6,4,ADCS,8,SOLAR,2,COMMAND,81,SET_MAG_DIPOLE,128,1,128,1,0,0,0x18010202
1777259043.556,493537,6,4,ADCS,8,SOLAR,2,COMMAND,81,SET_MAG_DIPOLE,128,1,128,1,0,0,0x18010202
1777259044.630,494632,6,4,ADCS,8,SOLAR,2,COMMAND,81,SET_MAG_DIPOLE,128,1,128,1,0,0,0x18010202
1777259045.725,495727,6,4,ADCS,8,SOLAR,2,COMMAND,81,SET_MAG_DIPOLE,128,1,128,1,0,0,0x18010202
1777259046.835,496819,6,4,ADCS,8,SOLAR,2,COMMAND,81,SET_MAG_DIPOLE,128,1,128,1,0,0,0x18010202
1777259047.891,497887,6,4,ADCS,8,SOLAR,2,COMMAND,81,SET_MAG_DIPOLE,128,1,128,1,0,0,0x18010202
1777259048.929,498929,6,4,ADCS,8,SOLAR,2,COMMAND,81,SET_MAG_DIPOLE,128,1,128,1,0,0,0x18010202
1777259050.011,499984,6,4,ADCS,8,SOLAR,2,COMMAND,81,SET_MAG_DIPOLE,128,1,128,1,0,0,0x18010202
1777259051.079,501081,6,4,ADCS,8,SOLAR,2,COMMAND,81,SET_MAG_DIPOLE,128,1,128,1,0,0,0x18010202
1777259052.177,502179,6,4,ADCS,8,SOLAR,2,COMMAND,81,SET_MAG_DIPOLE,128,1,128,1,0,0,0x18010202
1777259053.280,503273,6,4,ADCS,8,SOLAR,2,COMMAND,81,SET_MAG_DIPOLE,128,1,128,1,0,0,0x18010202
1777259054.309,504306,6,4,ADCS,8,SOLAR,2,COMMAND,81,SET_MAG_DIPOLE,128,1,128,1,0,0,0x18010202
1777259055.367,505370,6,4,ADCS,8,SOLAR,2,COMMAND,81,SET_MAG_DIPOLE,128,1,128,1,0,0,0x18010202
1777259056.370,506372,6,4,ADCS,8,SOLAR,2,COMMAND,81,SET_MAG_DIPOLE,128,1,128,1,0,0,0x18010202
1777259057.483,507470,6,4,ADCS,8,SOLAR,2,COMMAND,81,SET_MAG_DIPOLE,128,1,128,1,0,0,0x18010202
1777259058.511,508470,6,4,ADCS,8,SOLAR,2,COMMAND,81,SET_MAG_DIPOLE,128,1,128,1,0,0,0x18010202
1777259059.565,509565,6,4,ADCS,8,SOLAR,2,COMMAND,81,SET_MAG_DIPOLE,128,1,128,1,0,0,0x18010202
1777259060.659,510662,6,4,ADCS,8,SOLAR,2,COMMAND,81,SET_MAG_DIPOLE,128,1,128,1,0,0,0x18010202
1777259061.709,511709,6,4,ADCS,8,SOLAR,2,COMMAND,81,SET_MAG_DIPOLE,128,1,128,1,0,0,0x18010202
1777259062.809,512806,6,4,ADCS,8,SOLAR,2,COMMAND,81,SET_MAG_DIPOLE,128,1,128,1,0,0,0x18010202
1777259063.861,513864,6,4,ADCS,8,SOLAR,2,COMMAND,81,SET_MAG_DIPOLE,128,1,128,1,0,0,0x18010202
1777259064.972,514963,6,4,ADCS,8,SOLAR,2,COMMAND,81,SET_MAG_DIPOLE,128,1,128,1,0,0,0x18010202
1777259066.080,516059,6,4,ADCS,8,SOLAR,2,COMMAND,81,SET_MAG_DIPOLE,128,1,128,1,0,0,0x18010202
1777259067.156,517157,6,4,ADCS,8,SOLAR,2,COMMAND,81,SET_MAG_DIPOLE,128,1,128,1,0,0,0x18010202
1777259068.163,518160,6,4,ADCS,8,SOLAR,2,COMMAND,81,SET_MAG_DIPOLE,128,1,128,1,0,0,0x18010202
1777259069.251,519251,6,4,ADCS,8,SOLAR,2,COMMAND,81,SET_MAG_DIPOLE,128,1,128,1,0,0,0x18010202
1777259070.283,520284,6,4,ADCS,8,SOLAR,2,COMMAND,81,SET_MAG_DIPOLE,128,1,128,1,0,0,0x18010202
1777259071.333,521335,6,4,ADCS,8,SOLAR,2,COMMAND,81,SET_MAG_DIPOLE,128,1,128,1,0,0,0x18010202
1777259072.431,522433,6,4,ADCS,8,SOLAR,2,COMMAND,81,SET_MAG_DIPOLE,128,1,128,1,0,0,0x18010202
1777259073.456,523433,6,4,ADCS,8,SOLAR,2,COMMAND,81,SET_MAG_DIPOLE,128,1,128,1,0,0,0x18010202
1777259074.526,524529,6,4,ADCS,8,SOLAR,2,COMMAND,81,SET_MAG_DIPOLE,128,1,128,1,0,0,0x18010202
1777259075.608,525604,6,4,ADCS,8,SOLAR,2,COMMAND,81,SET_MAG_DIPOLE,128,1,128,1,0,0,0x18010202
1777259076.735,526701,6,4,ADCS,8,SOLAR,2,COMMAND,81,SET_MAG_DIPOLE,128,1,128,1,0,0,0x18010202
1777259077.804,527794,6,4,ADCS,8,SOLAR,2,COMMAND,81,SET_MAG_DIPOLE,128,1,128,1,0,0,0x18010202
1777259078.800,528799,6,4,ADCS,8,SOLAR,2,COMMAND,81,SET_MAG_DIPOLE,128,1,128,1,0,0,0x18010202
1777259079.833,529834,6,4,ADCS,8,SOLAR,2,COMMAND,81,SET_MAG_DIPOLE,128,1,128,1,0,0,0x18010202
1777259080.931,530933,6,4,ADCS,8,SOLAR,2,COMMAND,81,SET_MAG_DIPOLE,128,1,128,1,0,0,0x18010202
1777259082.059,532030,6,4,ADCS,8,SOLAR,2,COMMAND,81,SET_MAG_DIPOLE,128,1,128,1,0,0,0x18010202
1777259083.074,533048,6,4,ADCS,8,SOLAR,2,COMMAND,81,SET_MAG_DIPOLE,128,1,128,1,0,0,0x18010202
1777259084.142,534144,6,4,ADCS,8,SOLAR,2,COMMAND,81,SET_MAG_DIPOLE,128,1,128,1,0,0,0x18010202
1777259085.190,535192,6,4,ADCS,8,SOLAR,2,COMMAND,81,SET_MAG_DIPOLE,128,1,128,1,0,0,0x18010202
1777259086.190,536193,6,4,ADCS,8,SOLAR,2,COMMAND,81,SET_MAG_DIPOLE,128,1,128,1,0,0,0x18010202
1777259087.286,537289,6,4,ADCS,8,SOLAR,2,COMMAND,81,SET_MAG_DIPOLE,128,1,128,1,0,0,0x18010202
1777259088.319,538294,6,4,ADCS,8,SOLAR,2,COMMAND,81,SET_MAG_DIPOLE,128,1,128,1,0,0,0x18010202
1777259089.427,539393,6,4,ADCS,8,SOLAR,2,COMMAND,81,SET_MAG_DIPOLE,128,1,128,1,0,0,0x18010202
1777259090.488,540489,6,4,ADCS,8,SOLAR,2,COMMAND,81,SET_MAG_DIPOLE,128,1,128,1,0,0,0x18010202
1777259091.493,541490,6,4,ADCS,8,SOLAR,2,COMMAND,81,SET_MAG_DIPOLE,128,1,128,1,0,0,0x18010202
1777259092.610,542582,6,4,ADCS,8,SOLAR,2,COMMAND,81,SET_MAG_DIPOLE,128,1,128,1,0,0,0x18010202
1777259093.673,543674,6,4,ADCS,8,SOLAR,2,COMMAND,81,SET_MAG_DIPOLE,128,1,128,1,0,0,0x18010202
1777259094.767,544768,6,4,ADCS,8,SOLAR,2,COMMAND,81,SET_MAG_DIPOLE,128,1,128,1,0,0,0x18010202
1777259095.803,545804,6,4,ADCS,8,SOLAR,2,COMMAND,81,SET_MAG_DIPOLE,128,1,128,1,0,0,0x18010202
1777259096.804,546806,6,4,ADCS,8,SOLAR,2,COMMAND,81,SET_MAG_DIPOLE,128,1,128,1,0,0,0x18010202
1777259097.936,547904,6,4,ADCS,8,SOLAR,2,COMMAND,81,SET_MAG_DIPOLE,128,1,128,1,0,0,0x18010202
1777259098.950,548930,6,4,ADCS,8,SOLAR,2,COMMAND,81,SET_MAG_DIPOLE,128,1,128,1,0,0,0x18010202
1777259100.024,550026,6,4,ADCS,8,SOLAR,2,COMMAND,81,SET_MAG_DIPOLE,128,1,128,1,0,0,0x18010202
1777259101.102,551103,6,4,ADCS,8,SOLAR,2,COMMAND,81,SET_MAG_DIPOLE,128,1,128,1,0,0,0x18010202
1777259102.131,552132,6,4,ADCS,8,SOLAR,2,COMMAND,81,SET_MAG_DIPOLE,128,1,128,1,0,0,0x18010202
1777259103.257,553229,6,4,ADCS,8,SOLAR,2,COMMAND,81,SET_MAG_DIPOLE,128,1,128,1,0,0,0x18010202
1777259104.274,554255,6,4,ADCS,8,SOLAR,2,COMMAND,81,SET_MAG_DIPOLE,128,1,128,1,0,0,0x18010202
1777259105.353,555353,6,4,ADCS,8,SOLAR,2,COMMAND,81,SET_MAG_DIPOLE,128,1,128,1,0,0,0x18010202
1777259106.376,556372,6,4,ADCS,8,SOLAR,2,COMMAND,81,SET_MAG_DIPOLE,128,1,128,1,0,0,0x18010202
1777259107.466,557468,6,4,ADCS,8,SOLAR,2,COMMAND,81,SET_MAG_DIPOLE,128,1,128,1,0,0,0x18010202
1777259108.568,558560,6,4,ADCS,8,SOLAR,2,COMMAND,81,SET_MAG_DIPOLE,128,1,128,1,0,0,0x18010202
1777259109.653,559654,6,4,ADCS,8,SOLAR,2,COMMAND,81,SET_MAG_DIPOLE,128,1,128,1,0,0,0x18010202
1777259110.744,560746,6,4,ADCS,8,SOLAR,2,COMMAND,81,SET_MAG_DIPOLE,128,1,128,1,0,0,0x18010202
1777259111.777,561779,6,4,ADCS,8,SOLAR,2,COMMAND,81,SET_MAG_DIPOLE,128,1,128,1,0,0,0x18010202
1777259112.780,562781,6,4,ADCS,8,SOLAR,2,COMMAND,81,SET_MAG_DIPOLE,128,1,128,1,0,0,0x18010202
1777259113.815,563816,6,4,ADCS,8,SOLAR,2,COMMAND,81,SET_MAG_DIPOLE,128,1,128,1,0,0,0x18010202
1777259114.919,564913,6,4,ADCS,8,SOLAR,2,COMMAND,81,SET_MAG_DIPOLE,128,1,128,1,0,0,0x18010202
1777259116.004,566006,6,4,ADCS,8,SOLAR,2,COMMAND,81,SET_MAG_DIPOLE,128,1,128,1,0,0,0x18010202
1777259117.018,567021,6,4,ADCS,8,SOLAR,2,COMMAND,81,SET_MAG_DIPOLE,128,1,128,1,0,0,0x18010202
1777259118.112,568073,6,4,ADCS,8,SOLAR,2,COMMAND,81,SET_MAG_DIPOLE,128,1,128,1,0,0,0x18010202
1777259119.168,569170,6,4,ADCS,8,SOLAR,2,COMMAND,81,SET_MAG_DIPOLE,128,1,128,1,0,0,0x18010202
1777259120.268,570216,6,4,ADCS,8,SOLAR,2,COMMAND,81,SET_MAG_DIPOLE,128,1,128,1,0,0,0x18010202
1777259121.276,571260,6,4,ADCS,8,SOLAR,2,COMMAND,81,SET_MAG_DIPOLE,128,1,128,1,0,0,0x18010202
1777259122.355,572356,6,4,ADCS,8,SOLAR,2,COMMAND,81,SET_MAG_DIPOLE,128,1,128,1,0,0,0x18010202
1777259123.446,573447,6,4,ADCS,8,SOLAR,2,COMMAND,81,SET_MAG_DIPOLE,128,1,128,1,0,0,0x18010202
1777259124.556,574540,6,4,ADCS,8,SOLAR,2,COMMAND,81,SET_MAG_DIPOLE,128,1,128,1,0,0,0x18010202
1777259125.632,575633,6,4,ADCS,8,SOLAR,2,COMMAND,81,SET_MAG_DIPOLE,128,1,128,1,0,0,0x18010202
1777259126.717,576718,6,4,ADCS,8,SOLAR,2,COMMAND,81,SET_MAG_DIPOLE,128,1,128,1,0,0,0x18010202
1777259127.757,577758,6,4,ADCS,8,SOLAR,2,COMMAND,81,SET_MAG_DIPOLE,128,1,128,1,0,0,0x18010202
1777259128.759,578760,6,4,ADCS,8,SOLAR,2,COMMAND,81,SET_MAG_DIPOLE,128,1,128,1,0,0,0x18010202
1777259129.879,579858,6,4,ADCS,8,SOLAR,2,COMMAND,81,SET_MAG_DIPOLE,128,1,128,1,0,0,0x18010202
1777259130.936,580937,6,4,ADCS,8,SOLAR,2,COMMAND,81,SET_MAG_DIPOLE,128,1,128,1,0,0,0x18010202
1777259132.035,582022,6,4,ADCS,8,SOLAR,2,COMMAND,81,SET_MAG_DIPOLE,128,1,128,1,0,0,0x18010202
1777259133.157,583119,6,4,ADCS,8,SOLAR,2,COMMAND,81,SET_MAG_DIPOLE,128,1,128,1,0,0,0x18010202
1777259134.185,584163,6,4,ADCS,8,SOLAR,2,COMMAND,81,SET_MAG_DIPOLE,128,1,128,1,0,0,0x18010202
1777259135.209,585179,6,4,ADCS,8,SOLAR,2,COMMAND,81,SET_MAG_DIPOLE,128,1,128,1,0,0,0x18010202
1777259136.282,586277,6,4,ADCS,8,SOLAR,2,COMMAND,81,SET_MAG_DIPOLE,128,1,128,1,0,0,0x18010202
1777259137.373,587374,6,4,ADCS,8,SOLAR,2,COMMAND,81,SET_MAG_DIPOLE,128,1,128,1,0,0,0x18010202
1777259138.486,588474,6,4,ADCS,8,SOLAR,2,COMMAND,81,SET_MAG_DIPOLE,128,1,128,1,0,0,0x18010202
1777259139.611,589569,6,4,ADCS,8,SOLAR,2,COMMAND,81,SET_MAG_DIPOLE,128,1,128,1,0,0,0x18010202
1777259140.642,590614,6,4,ADCS,8,SOLAR,2,COMMAND,81,SET_MAG_DIPOLE,128,1,128,1,0,0,0x18010202
1777259141.708,591710,6,4,ADCS,8,SOLAR,2,COMMAND,81,SET_MAG_DIPOLE,128,1,128,1,0,0,0x18010202
1777259142.749,592733,6,4,ADCS,8,SOLAR,2,COMMAND,81,SET_MAG_DIPOLE,128,1,128,1,0,0,0x18010202
1777259143.844,593832,6,4,ADCS,8,SOLAR,2,COMMAND,81,SET_MAG_DIPOLE,128,1,128,1,0,0,0x18010202
1777259144.869,594858,6,4,ADCS,8,SOLAR,2,COMMAND,81,SET_MAG_DIPOLE,128,1,128,1,0,0,0x18010202
1777259145.977,595954,6,4,ADCS,8,SOLAR,2,COMMAND,81,SET_MAG_DIPOLE,128,1,128,1,0,0,0x18010202
1777259146.983,596967,6,4,ADCS,8,SOLAR,2,COMMAND,81,SET_MAG_DIPOLE,128,1,128,1,0,0,0x18010202
1777259148.069,598057,6,4,ADCS,8,SOLAR,2,COMMAND,81,SET_MAG_DIPOLE,128,1,128,1,0,0,0x18010202
1777259149.154,599145,6,4,ADCS,8,SOLAR,2,COMMAND,81,SET_MAG_DIPOLE,128,1,128,1,0,0,0x18010202
1777259150.252,600243,6,4,ADCS,8,SOLAR,2,COMMAND,81,SET_MAG_DIPOLE,128,1,128,1,0,0,0x18010202
1777259151.340,601341,6,4,ADCS,8,SOLAR,2,COMMAND,81,SET_MAG_DIPOLE,128,1,128,1,0,0,0x18010202
1777259152.437,602437,6,4,ADCS,8,SOLAR,2,COMMAND,81,SET_MAG_DIPOLE,128,1,128,1,0,0,0x18010202
1777259153.436,603437,6,4,ADCS,8,SOLAR,2,COMMAND,81,SET_MAG_DIPOLE,128,1,128,1,0,0,0x18010202
1777259154.508,604509,6,4,ADCS,8,SOLAR,2,COMMAND,81,SET_MAG_DIPOLE,128,1,128,1,0,0,0x18010202
1777259155.604,605606,6,4,ADCS,8,SOLAR,2,COMMAND,81,SET_MAG_DIPOLE,128,1,128,1,0,0,0x18010202
1777259156.709,606698,6,4,ADCS,8,SOLAR,2,COMMAND,81,SET_MAG_DIPOLE,128,1,128,1,0,0,0x18010202
1777259157.729,607709,6,4,ADCS,8,SOLAR,2,COMMAND,81,SET_MAG_DIPOLE,128,1,128,1,0,0,0x18010202
1777259158.777,608778,6,4,ADCS,8,SOLAR,2,COMMAND,81,SET_MAG_DIPOLE,128,1,128,1,0,0,0x18010202
1777259159.879,609872,6,4,ADCS,8,SOLAR,2,COMMAND,81,SET_MAG_DIPOLE,128,1,128,1,0,0,0x18010202
1777259160.916,610917,6,4,ADCS,8,SOLAR,2,COMMAND,81,SET_MAG_DIPOLE,128,1,128,1,0,0,0x18010202
1777259161.951,611953,6,4,ADCS,8,SOLAR,2,COMMAND,81,SET_MAG_DIPOLE,128,1,128,1,0,0,0x18010202
1777259163.064,613049,6,4,ADCS,8,SOLAR,2,COMMAND,81,SET_MAG_DIPOLE,128,1,128,1,0,0,0x18010202
1777259164.109,614109,6,4,ADCS,8,SOLAR,2,COMMAND,81,SET_MAG_DIPOLE,128,1,128,1,0,0,0x18010202
1777259165.224,615206,6,4,ADCS,8,SOLAR,2,COMMAND,81,SET_MAG_DIPOLE,128,1,128,1,0,0,0x18010202
1777259166.372,616303,6,4,ADCS,8,SOLAR,2,COMMAND,81,SET_MAG_DIPOLE,128,1,128,1,0,0,0x18010202
1777259167.399,617400,6,4,ADCS,8,SOLAR,2,COMMAND,81,SET_MAG_DIPOLE,128,1,128,1,0,0,0x18010202
1777259168.400,618400,6,4,ADCS,8,SOLAR,2,COMMAND,81,SET_MAG_DIPOLE,128,1,128,1,0,0,0x18010202
1777259169.520,619498,6,4,ADCS,8,SOLAR,2,COMMAND,81,SET_MAG_DIPOLE,128,1,128,1,0,0,0x18010202
1777259170.590,620590,6,4,ADCS,8,SOLAR,2,COMMAND,81,SET_MAG_DIPOLE,128,1,128,1,0,0,0x18010202
1777259171.684,621682,6,4,ADCS,8,SOLAR,2,COMMAND,81,SET_MAG_DIPOLE,128,1,128,1,0,0,0x18010202
1777259172.696,622696,6,4,ADCS,8,SOLAR,2,COMMAND,81,SET_MAG_DIPOLE,128,1,128,1,0,0,0x18010202
1777259173.813,623795,6,4,ADCS,8,SOLAR,2,COMMAND,81,SET_MAG_DIPOLE,128,1,128,1,0,0,0x18010202
1777259174.854,624851,6,4,ADCS,8,SOLAR,2,COMMAND,81,SET_MAG_DIPOLE,128,1,128,1,0,0,0x18010202
1777259175.862,625862,6,4,ADCS,8,SOLAR,2,COMMAND,81,SET_MAG_DIPOLE,128,1,128,1,0,0,0x18010202
1777259176.988,626959,6,4,ADCS,8,SOLAR,2,COMMAND,81,SET_MAG_DIPOLE,128,1,128,1,0,0,0x18010202
1777259178.053,628055,6,4,ADCS,8,SOLAR,2,COMMAND,81,SET_MAG_DIPOLE,128,1,128,1,0,0,0x18010202
1777259183.340,633337,6,4,ADCS,8,SOLAR,2,COMMAND,81,SET_MAG_DIPOLE,128,1,128,1,0,0,0x18010202
1777259184.460,634433,6,4,ADCS,8,SOLAR,2,COMMAND,81,SET_MAG_DIPOLE,128,1,128,1,0,0,0x18010202
1777259185.533,635528,6,4,ADCS,8,SOLAR,2,COMMAND,81,SET_MAG_DIPOLE,128,1,128,1,0,0,0x18010202
1777259186.619,636620,6,4,ADCS,8,SOLAR,2,COMMAND,81,SET_MAG_DIPOLE,128,1,128,1,0,0,0x18010202
1777259187.730,637713,6,4,ADCS,8,SOLAR,2,COMMAND,81,SET_MAG_DIPOLE,128,1,128,1,0,0,0x18010202
1777259188.766,638743,6,4,ADCS,8,SOLAR,2,COMMAND,81,SET_MAG_DIPOLE,128,1,128,1,0,0,0x18010202
1777259189.821,639809,6,4,ADCS,8,SOLAR,2,COMMAND,81,SET_MAG_DIPOLE,128,1,128,1,0,0,0x18010202
1777259190.913,640909,6,4,ADCS,8,SOLAR,2,COMMAND,81,SET_MAG_DIPOLE,128,1,128,1,0,0,0x18010202
1777259192.038,642004,6,4,ADCS,8,SOLAR,2,COMMAND,81,SET_MAG_DIPOLE,128,1,128,1,0,0,0x18010202
1777259193.057,643035,6,4,ADCS,8,SOLAR,2,COMMAND,81,SET_MAG_DIPOLE,128,1,128,1,0,0,0x18010202
1777259194.111,644109,6,4,ADCS,8,SOLAR,2,COMMAND,81,SET_MAG_DIPOLE,128,1,128,1,0,0,0x18010202
1777259195.117,645118,6,4,ADCS,8,SOLAR,2,COMMAND,81,SET_MAG_DIPOLE,128,1,128,1,0,0,0x18010202
1777259196.132,646129,6,4,ADCS,8,SOLAR,2,COMMAND,81,SET_MAG_DIPOLE,128,1,128,1,0,0,0x18010202
1777259197.177,647178,6,4,ADCS,8,SOLAR,2,COMMAND,81,SET_MAG_DIPOLE,128,1,128,1,0,0,0x18010202
1777259198.288,648273,6,4,ADCS,8,SOLAR,2,COMMAND,81,SET_MAG_DIPOLE,128,1,128,1,0,0,0x18010202
1777259199.323,649297,6,4,ADCS,8,SOLAR,2,COMMAND,81,SET_MAG_DIPOLE,128,1,128,1,0,0,0x18010202
1777259200.358,650358,6,4,ADCS,8,SOLAR,2,COMMAND,81,SET_MAG_DIPOLE,128,1,128,1,0,0,0x18010202
1777259201.389,651389,6,4,ADCS,8,SOLAR,2,COMMAND,81,SET_MAG_DIPOLE,128,1,128,1,0,0,0x18010202
1777259202.478,652443,6,4,ADCS,8,SOLAR,2,COMMAND,81,SET_MAG_DIPOLE,128,1,128,1,0,0,0x18010202
1777259203.514,653480,6,4,ADCS,8,SOLAR,2,COMMAND,81,SET_MAG_DIPOLE,128,1,128,1,0,0,0x18010202
1777259204.538,654519,6,4,ADCS,8,SOLAR,2,COMMAND,81,SET_MAG_DIPOLE,128,1,128,1,0,0,0x18010202
1777259205.575,655576,6,4,ADCS,8,SOLAR,2,COMMAND,81,SET_MAG_DIPOLE,128,1,128,1,0,0,0x18010202
1777259206.609,656608,6,4,ADCS,8,SOLAR,2,COMMAND,81,SET_MAG_DIPOLE,128,1,128,1,0,0,0x18010202
1777259207.704,657704,6,4,ADCS,8,SOLAR,2,COMMAND,81,SET_MAG_DIPOLE,128,1,128,1,0,0,0x18010202
1777259208.742,658742,6,4,ADCS,8,SOLAR,2,COMMAND,81,SET_MAG_DIPOLE,128,1,128,1,0,0,0x18010202
1777259209.814,659814,6,4,ADCS,8,SOLAR,2,COMMAND,81,SET_MAG_DIPOLE,128,1,128,1,0,0,0x18010202
1777259210.833,660832,6,4,ADCS,8,SOLAR,2,COMMAND,81,SET_MAG_DIPOLE,128,1,128,1,0,0,0x18010202
1777259211.841,661833,6,4,ADCS,8,SOLAR,2,COMMAND,81,SET_MAG_DIPOLE,128,1,128,1,0,0,0x18010202
1777259212.919,662919,6,4,ADCS,8,SOLAR,2,COMMAND,81,SET_MAG_DIPOLE,128,1,128,1,0,0,0x18010202
1777259213.954,663923,6,4,ADCS,8,SOLAR,2,COMMAND,81,SET_MAG_DIPOLE,128,1,128,1,0,0,0x18010202
1777259214.981,664981,6,4,ADCS,8,SOLAR,2,COMMAND,81,SET_MAG_DIPOLE,128,1,128,1,0,0,0x18010202
1777259216.040,666041,6,4,ADCS,8,SOLAR,2,COMMAND,81,SET_MAG_DIPOLE,128,1,128,1,0,0,0x18010202
1777259217.137,667137,6,4,ADCS,8,SOLAR,2,COMMAND,81,SET_MAG_DIPOLE,128,1,128,1,0,0,0x18010202
1777259218.181,668179,6,4,ADCS,8,SOLAR,2,COMMAND,81,SET_MAG_DIPOLE,128,1,128,1,0,0,0x18010202
1777259219.212,669212,6,4,ADCS,8,SOLAR,2,COMMAND,81,SET_MAG_DIPOLE,128,1,128,1,0,0,0x18010202
1777259220.305,670263,6,4,ADCS,8,SOLAR,2,COMMAND,81,SET_MAG_DIPOLE,128,1,128,1,0,0,0x18010202
1777259221.330,671304,6,4,ADCS,8,SOLAR,2,COMMAND,81,SET_MAG_DIPOLE,128,1,128,1,0,0,0x18010202
1777259222.353,672348,6,4,ADCS,8,SOLAR,2,COMMAND,81,SET_MAG_DIPOLE,128,1,128,1,0,0,0x18010202
1777259223.378,673351,6,4,ADCS,8,SOLAR,2,COMMAND,81,SET_MAG_DIPOLE,128,1,128,1,0,0,0x18010202
1777259224.398,674383,6,4,ADCS,8,SOLAR,2,COMMAND,81,SET_MAG_DIPOLE,128,1,128,1,0,0,0x18010202
1777259225.426,675386,6,4,ADCS,8,SOLAR,2,COMMAND,81,SET_MAG_DIPOLE,128,1,128,1,0,0,0x18010202
1777259226.462,676463,6,4,ADCS,8,SOLAR,2,COMMAND,81,SET_MAG_DIPOLE,128,1,128,1,0,0,0x18010202
1777259227.569,677557,6,4,ADCS,8,SOLAR,2,COMMAND,81,SET_MAG_DIPOLE,128,1,128,1,0,0,0x18010202
1777259228.600,678600,6,4,ADCS,8,SOLAR,2,COMMAND,81,SET_MAG_DIPOLE,128,1,128,1,0,0,0x18010202
1777259229.642,679641,6,4,ADCS,8,SOLAR,2,COMMAND,81,SET_MAG_DIPOLE,128,1,128,1,0,0,0x18010202
1777259230.666,680664,6,4,ADCS,8,SOLAR,2,COMMAND,81,SET_MAG_DIPOLE,128,1,128,1,0,0,0x18010202
1777259231.727,681726,6,4,ADCS,8,SOLAR,2,COMMAND,81,SET_MAG_DIPOLE,128,1,128,1,0,0,0x18010202
1777259232.796,682756,6,4,ADCS,8,SOLAR,2,COMMAND,81,SET_MAG_DIPOLE,128,1,128,1,0,0,0x18010202
1777259233.824,683815,6,4,ADCS,8,SOLAR,2,COMMAND,81,SET_MAG_DIPOLE,128,1,128,1,0,0,0x18010202
1777259234.840,684824,6,4,ADCS,8,SOLAR,2,COMMAND,81,SET_MAG_DIPOLE,128,1,128,1,0,0,0x18010202
1777259235.863,685845,6,4,ADCS,8,SOLAR,2,COMMAND,81,SET_MAG_DIPOLE,128,1,128,1,0,0,0x18010202
1777259236.895,686882,6,4,ADCS,8,SOLAR,2,COMMAND,81,SET_MAG_DIPOLE,128,1,128,1,0,0,0x18010202
1777259237.923,687922,6,4,ADCS,8,SOLAR,2,COMMAND,81,SET_MAG_DIPOLE,128,1,128,1,0,0,0x18010202
1777259239.040,689019,6,4,ADCS,8,SOLAR,2,COMMAND,81,SET_MAG_DIPOLE,128,1,128,1,0,0,0x18010202
1777259240.064,690061,6,4,ADCS,8,SOLAR,2,COMMAND,81,SET_MAG_DIPOLE,128,1,128,1,0,0,0x18010202
1777259241.105,691105,6,4,ADCS,8,SOLAR,2,COMMAND,81,SET_MAG_DIPOLE,128,1,128,1,0,0,0x18010202
1777259242.114,692112,6,4,ADCS,8,SOLAR,2,COMMAND,81,SET_MAG_DIPOLE,128,1,128,1,0,0,0x18010202
1777259243.139,693136,6,4,ADCS,8,SOLAR,2,COMMAND,81,SET_MAG_DIPOLE,128,1,128,1,0,0,0x18010202
1777259244.182,694181,6,4,ADCS,8,SOLAR,2,COMMAND,81,SET_MAG_DIPOLE,128,1,128,1,0,0,0x18010202
1777259245.229,695223,6,4,ADCS,8,SOLAR,2,COMMAND,81,SET_MAG_DIPOLE,128,1,128,1,0,0,0x18010202
1777259246.224,696224,6,4,ADCS,8,SOLAR,2,COMMAND,81,SET_MAG_DIPOLE,128,1,128,1,0,0,0x18010202
1777259247.262,697261,6,4,ADCS,8,SOLAR,2,COMMAND,81,SET_MAG_DIPOLE,128,1,128,1,0,0,0x18010202
1777259248.295,698295,6,4,ADCS,8,SOLAR,2,COMMAND,81,SET_MAG_DIPOLE,128,1,128,1,0,0,0x18010202
1777259249.389,699389,6,4,ADCS,8,SOLAR,2,COMMAND,81,SET_MAG_DIPOLE,128,1,128,1,0,0,0x18010202
1777259250.431,700431,6,4,ADCS,8,SOLAR,2,COMMAND,81,SET_MAG_DIPOLE,128,1,128,1,0,0,0x18010202
1777259251.469,701474,6,4,ADCS,8,SOLAR,2,COMMAND,81,SET_MAG_DIPOLE,128,1,128,1,0,0,0x18010202
1777259252.552,702516,6,4,ADCS,8,SOLAR,2,COMMAND,81,SET_MAG_DIPOLE,128,1,128,1,0,0,0x18010202
1777259253.587,703559,6,4,ADCS,8,SOLAR,2,COMMAND,81,SET_MAG_DIPOLE,128,1,128,1,0,0,0x18010202
1777259254.605,704577,6,4,ADCS,8,SOLAR,2,COMMAND,81,SET_MAG_DIPOLE,128,1,128,1,0,0,0x18010202
1777259255.646,705645,6,4,ADCS,8,SOLAR,2,COMMAND,81,SET_MAG_DIPOLE,128,1,128,1,0,0,0x18010202
1777259256.673,706672,6,4,ADCS,8,SOLAR,2,COMMAND,81,SET_MAG_DIPOLE,128,1,128,1,0,0,0x18010202
1777259257.727,707725,6,4,ADCS,8,SOLAR,2,COMMAND,81,SET_MAG_DIPOLE,128,1,128,1,0,0,0x18010202
1777259258.826,708819,6,4,ADCS,8,SOLAR,2,COMMAND,81,SET_MAG_DIPOLE,128,1,128,1,0,0,0x18010202
1777259259.862,709862,6,4,ADCS,8,SOLAR,2,COMMAND,81,SET_MAG_DIPOLE,128,1,128,1,0,0,0x18010202
1777259260.865,710864,6,4,ADCS,8,SOLAR,2,COMMAND,81,SET_MAG_DIPOLE,128,1,128,1,0,0,0x18010202
1777259261.979,711946,6,4,ADCS,8,SOLAR,2,COMMAND,81,SET_MAG_DIPOLE,128,1,128,1,0,0,0x18010202
1777259262.949,712948,6,4,ADCS,8,SOLAR,2,COMMAND,81,SET_MAG_DIPOLE,128,1,128,1,0,0,0x18010202
1777259263.959,713958,6,4,ADCS,8,SOLAR,2,COMMAND,81,SET_MAG_DIPOLE,128,1,128,1,0,0,0x18010202
1777259265.050,715023,6,4,ADCS,8,SOLAR,2,COMMAND,81,SET_MAG_DIPOLE,128,1,128,1,0,0,0x18010202
1777259266.081,716046,6,4,ADCS,8,SOLAR,2,COMMAND,81,SET_MAG_DIPOLE,128,1,128,1,0,0,0x18010202
1777259267.115,717112,6,4,ADCS,8,SOLAR,2,COMMAND,81,SET_MAG_DIPOLE,128,1,128,1,0,0,0x18010202
1777259268.136,718135,6,4,ADCS,8,SOLAR,2,COMMAND,81,SET_MAG_DIPOLE,128,1,128,1,0,0,0x18010202
1777259269.153,719139,6,4,ADCS,8,SOLAR,2,COMMAND,81,SET_MAG_DIPOLE,128,1,128,1,0,0,0x18010202
1777259270.278,720235,6,4,ADCS,8,SOLAR,2,COMMAND,81,SET_MAG_DIPOLE,128,1,128,1,0,0,0x18010202
1777259271.305,721289,6,4,ADCS,8,SOLAR,2,COMMAND,81,SET_MAG_DIPOLE,128,1,128,1,0,0,0x18010202
1777259272.325,722323,6,4,ADCS,8,SOLAR,2,COMMAND,81,SET_MAG_DIPOLE,128,1,128,1,0,0,0x18010202
1777259273.376,723374,6,4,ADCS,8,SOLAR,2,COMMAND,81,SET_MAG_DIPOLE,128,1,128,1,0,0,0x18010202
1777259274.430,724412,6,4,ADCS,8,SOLAR,2,COMMAND,81,SET_MAG_DIPOLE,128,1,128,1,0,0,0x18010202
1777259275.496,725458,6,4,ADCS,8,SOLAR,2,COMMAND,81,SET_MAG_DIPOLE,128,1,128,1,0,0,0x18010202
1777259276.521,726500,6,4,ADCS,8,SOLAR,2,COMMAND,81,SET_MAG_DIPOLE,128,1,128,1,0,0,0x18010202
1777259277.547,727542,6,4,ADCS,8,SOLAR,2,COMMAND,81,SET_MAG_DIPOLE,128,1,128,1,0,0,0x18010202
1777259278.571,728565,6,4,ADCS,8,SOLAR,2,COMMAND,81,SET_MAG_DIPOLE,128,1,128,1,0,0,0x18010202
1777259279.720,729661,6,4,ADCS,8,SOLAR,2,COMMAND,81,SET_MAG_DIPOLE,128,1,128,1,0,0,0x18010202
1777259280.710,730703,6,4,ADCS,8,SOLAR,2,COMMAND,81,SET_MAG_DIPOLE,128,1,128,1,0,0,0x18010202
1777259281.747,731746,6,4,ADCS,8,SOLAR,2,COMMAND,81,SET_MAG_DIPOLE,128,1,128,1,0,0,0x18010202
1777259282.788,732787,6,4,ADCS,8,SOLAR,2,COMMAND,81,SET_MAG_DIPOLE,128,1,128,1,0,0,0x18010202
1777259283.808,733807,6,4,ADCS,8,SOLAR,2,COMMAND,81,SET_MAG_DIPOLE,128,1,128,1,0,0,0x18010202
1777259284.874,734873,6,4,ADCS,8,SOLAR,2,COMMAND,81,SET_MAG_DIPOLE,128,1,128,1,0,0,0x18010202
1777259285.948,735902,6,4,ADCS,8,SOLAR,2,COMMAND,81,SET_MAG_DIPOLE,128,1,128,1,0,0,0x18010202
1777259286.967,736958,6,4,ADCS,8,SOLAR,2,COMMAND,81,SET_MAG_DIPOLE,128,1,128,1,0,0,0x18010202
1777259287.991,737985,6,4,ADCS,8,SOLAR,2,COMMAND,81,SET_MAG_DIPOLE,128,1,128,1,0,0,0x18010202
1777259289.021,738987,6,4,ADCS,8,SOLAR,2,COMMAND,81,SET_MAG_DIPOLE,128,1,128,1,0,0,0x18010202
1777259290.026,740017,6,4,ADCS,8,SOLAR,2,COMMAND,81,SET_MAG_DIPOLE,128,1,128,1,0,0,0x18010202
1777259291.113,741111,6,4,ADCS,8,SOLAR,2,COMMAND,81,SET_MAG_DIPOLE,128,1,128,1,0,0,0x18010202
1777259292.194,742181,6,4,ADCS,8,SOLAR,2,COMMAND,81,SET_MAG_DIPOLE,128,1,128,1,0,0,0x18010202
1777259293.212,743199,6,4,ADCS,8,SOLAR,2,COMMAND,81,SET_MAG_DIPOLE,128,1,128,1,0,0,0x18010202
1777259294.267,744266,6,4,ADCS,8,SOLAR,2,COMMAND,81,SET_MAG_DIPOLE,128,1,128,1,0,0,0x18010202
1777259295.291,745290,6,4,ADCS,8,SOLAR,2,COMMAND,81,SET_MAG_DIPOLE,128,1,128,1,0,0,0x18010202
1777259296.401,746350,6,4,ADCS,8,SOLAR,2,COMMAND,81,SET_MAG_DIPOLE,128,1,128,1,0,0,0x18010202
1777259297.417,747376,6,4,ADCS,8,SOLAR,2,COMMAND,81,SET_MAG_DIPOLE,128,1,128,1,0,0,0x18010202
1777259298.437,748416,6,4,ADCS,8,SOLAR,2,COMMAND,81,SET_MAG_DIPOLE,128,1,128,1,0,0,0x18010202
1777259299.457,749418,6,4,ADCS,8,SOLAR,2,COMMAND,81,SET_MAG_DIPOLE,128,1,128,1,0,0,0x18010202
1777259300.518,750516,6,4,ADCS,8,SOLAR,2,COMMAND,81,SET_MAG_DIPOLE,128,1,128,1,0,0,0x18010202
1777259301.562,751560,6,4,ADCS,8,SOLAR,2,COMMAND,81,SET_MAG_DIPOLE,128,1,128,1,0,0,0x18010202
1777259302.635,752603,6,4,ADCS,8,SOLAR,2,COMMAND,81,SET_MAG_DIPOLE,128,1,128,1,0,0,0x18010202
1777259303.607,753604,6,4,ADCS,8,SOLAR,2,COMMAND,81,SET_MAG_DIPOLE,128,1,128,1,0,0,0x18010202
1777259304.680,754651,6,4,ADCS,8,SOLAR,2,COMMAND,81,SET_MAG_DIPOLE,128,1,128,1,0,0,0x18010202
1777259305.696,755680,6,4,ADCS,8,SOLAR,2,COMMAND,81,SET_MAG_DIPOLE,128,1,128,1,0,0,0x18010202
1777259306.735,756695,6,4,ADCS,8,SOLAR,2,COMMAND,81,SET_MAG_DIPOLE,128,1,128,1,0,0,0x18010202
1777259307.759,757747,6,4,ADCS,8,SOLAR,2,COMMAND,81,SET_MAG_DIPOLE,128,1,128,1,0,0,0x18010202
1777259308.810,758808,6,4,ADCS,8,SOLAR,2,COMMAND,81,SET_MAG_DIPOLE,128,1,128,1,0,0,0x18010202
1777259309.813,759812,6,4,ADCS,8,SOLAR,2,COMMAND,81,SET_MAG_DIPOLE,128,1,128,1,0,0,0x18010202
1777259310.839,760824,6,4,ADCS,8,SOLAR,2,COMMAND,81,SET_MAG_DIPOLE,128,1,128,1,0,0,0x18010202
1777259311.886,761885,6,4,ADCS,8,SOLAR,2,COMMAND,81,SET_MAG_DIPOLE,128,1,128,1,0,0,0x18010202
1777259312.925,762921,6,4,ADCS,8,SOLAR,2,COMMAND,81,SET_MAG_DIPOLE,128,1,128,1,0,0,0x18010202
1777259314.006,764005,6,4,ADCS,8,SOLAR,2,COMMAND,81,SET_MAG_DIPOLE,128,1,128,1,0,0,0x18010202
1777259315.025,765013,6,4,ADCS,8,SOLAR,2,COMMAND,81,SET_MAG_DIPOLE,128,1,128,1,0,0,0x18010202
1777259316.095,766088,6,4,ADCS,8,SOLAR,2,COMMAND,81,SET_MAG_DIPOLE,128,1,128,1,0,0,0x18010202
1777259317.107,767104,6,4,ADCS,8,SOLAR,2,COMMAND,81,SET_MAG_DIPOLE,128,1,128,1,0,0,0x18010202
1777259318.201,768173,6,4,ADCS,8,SOLAR,2,COMMAND,81,SET_MAG_DIPOLE,128,1,128,1,0,0,0x18010202
1777259319.225,769197,6,4,ADCS,8,SOLAR,2,COMMAND,81,SET_MAG_DIPOLE,128,1,128,1,0,0,0x18010202
1777259320.253,770251,6,4,ADCS,8,SOLAR,2,COMMAND,81,SET_MAG_DIPOLE,128,1,128,1,0,0,0x18010202
1777259321.368,771343,6,4,ADCS,8,SOLAR,2,COMMAND,81,SET_MAG_DIPOLE,128,1,128,1,0,0,0x18010202
1777259322.391,772388,6,4,ADCS,8,SOLAR,2,COMMAND,81,SET_MAG_DIPOLE,128,1,128,1,0,0,0x18010202
1777259323.434,773432,6,4,ADCS,8,SOLAR,2,COMMAND,81,SET_MAG_DIPOLE,128,1,128,1,0,0,0x18010202
1777259324.450,774434,6,4,ADCS,8,SOLAR,2,COMMAND,81,SET_MAG_DIPOLE,128,1,128,1,0,0,0x18010202
1777259325.522,775516,6,4,ADCS,8,SOLAR,2,COMMAND,81,SET_MAG_DIPOLE,128,1,128,1,0,0,0x18010202
1777259326.538,776525,6,4,ADCS,8,SOLAR,2,COMMAND,81,SET_MAG_DIPOLE,128,1,128,1,0,0,0x18010202
1777259327.625,777601,6,4,ADCS,8,SOLAR,2,COMMAND,81,SET_MAG_DIPOLE,128,1,128,1,0,0,0x18010202
1777259328.645,778617,6,4,ADCS,8,SOLAR,2,COMMAND,81,SET_MAG_DIPOLE,128,1,128,1,0,0,0x18010202
1777259329.684,779683,6,4,ADCS,8,SOLAR,2,COMMAND,81,SET_MAG_DIPOLE,128,1,128,1,0,0,0x18010202
1777259330.699,780690,6,4,ADCS,8,SOLAR,2,COMMAND,81,SET_MAG_DIPOLE,128,1,128,1,0,0,0x18010202
1777259331.772,781770,6,4,ADCS,8,SOLAR,2,COMMAND,81,SET_MAG_DIPOLE,128,1,128,1,0,0,0x18010202
1777259332.845,782839,6,4,ADCS,8,SOLAR,2,COMMAND,81,SET_MAG_DIPOLE,128,1,128,1,0,0,0x18010202
1777259333.872,783870,6,4,ADCS,8,SOLAR,2,COMMAND,81,SET_MAG_DIPOLE,128,1,128,1,0,0,0x18010202
1777259334.917,784914,6,4,ADCS,8,SOLAR,2,COMMAND,81,SET_MAG_DIPOLE,128,1,128,1,0,0,0x18010202
1777259335.928,785927,6,4,ADCS,8,SOLAR,2,COMMAND,81,SET_MAG_DIPOLE,128,1,128,1,0,0,0x18010202
1777259336.954,786953,6,4,ADCS,8,SOLAR,2,COMMAND,81,SET_MAG_DIPOLE,128,1,128,1,0,0,0x18010202
1777259337.966,787964,6,4,ADCS,8,SOLAR,2,COMMAND,81,SET_MAG_DIPOLE,128,1,128,1,0,0,0x18010202
1777259338.996,788967,6,4,ADCS,8,SOLAR,2,COMMAND,81,SET_MAG_DIPOLE,128,1,128,1,0,0,0x18010202
1777259340.014,790009,6,4,ADCS,8,SOLAR,2,COMMAND,81,SET_MAG_DIPOLE,128,1,128,1,0,0,0x18010202
1777259341.053,791051,6,4,ADCS,8,SOLAR,2,COMMAND,81,SET_MAG_DIPOLE,128,1,128,1,0,0,0x18010202
1777259342.090,792088,6,4,ADCS,8,SOLAR,2,COMMAND,81,SET_MAG_DIPOLE,128,1,128,1,0,0,0x18010202
1777259343.186,793183,6,4,ADCS,8,SOLAR,2,COMMAND,81,SET_MAG_DIPOLE,128,1,128,1,0,0,0x18010202
1777259344.227,794225,6,4,ADCS,8,SOLAR,2,COMMAND,81,SET_MAG_DIPOLE,128,1,128,1,0,0,0x18010202
1777259345.261,795258,6,4,ADCS,8,SOLAR,2,COMMAND,81,SET_MAG_DIPOLE,128,1,128,1,0,0,0x18010202
1777259346.356,796318,6,4,ADCS,8,SOLAR,2,COMMAND,81,SET_MAG_DIPOLE,128,1,128,1,0,0,0x18010202
1777259347.416,797414,6,4,ADCS,8,SOLAR,2,COMMAND,81,SET_MAG_DIPOLE,128,1,128,1,0,0,0x18010202
1777259348.448,798446,6,4,ADCS,8,SOLAR,2,COMMAND,81,SET_MAG_DIPOLE,128,1,128,1,0,0,0x18010202
1777259349.491,799488,6,4,ADCS,8,SOLAR,2,COMMAND,81,SET_MAG_DIPOLE,128,1,128,1,0,0,0x18010202
1777259350.559,800524,6,4,ADCS,8,SOLAR,2,COMMAND,81,SET_MAG_DIPOLE,128,1,128,1,0,0,0x18010202
1777259351.622,801620,6,4,ADCS,8,SOLAR,2,COMMAND,81,SET_MAG_DIPOLE,128,1,128,1,0,0,0x18010202
1777259352.637,802632,6,4,ADCS,8,SOLAR,2,COMMAND,81,SET_MAG_DIPOLE,128,1,128,1,0,0,0x18010202
1777259353.645,803642,6,4,ADCS,8,SOLAR,2,COMMAND,81,SET_MAG_DIPOLE,128,1,128,1,0,0,0x18010202
1777259354.657,804654,6,4,ADCS,8,SOLAR,2,COMMAND,81,SET_MAG_DIPOLE,128,1,128,1,0,0,0x18010202
1777259355.790,805744,6,4,ADCS,8,SOLAR,2,COMMAND,81,SET_MAG_DIPOLE,128,1,128,1,0,0,0x18010202
1777259356.844,806841,6,4,ADCS,8,SOLAR,2,COMMAND,81,SET_MAG_DIPOLE,128,1,128,1,0,0,0x18010202
1777259357.938,807936,6,4,ADCS,8,SOLAR,2,COMMAND,81,SET_MAG_DIPOLE,128,1,128,1,0,0,0x18010202
1777259358.961,808959,6,4,ADCS,8,SOLAR,2,COMMAND,81,SET_MAG_DIPOLE,128,1,128,1,0,0,0x18010202
1777259360.086,810055,6,4,ADCS,8,SOLAR,2,COMMAND,81,SET_MAG_DIPOLE,128,1,128,1,0,0,0x18010202
1777259361.149,811146,6,4,ADCS,8,SOLAR,2,COMMAND,81,SET_MAG_DIPOLE,128,1,128,1,0,0,0x18010202
1777259362.237,812196,6,4,ADCS,8,SOLAR,2,COMMAND,81,SET_MAG_DIPOLE,128,1,128,1,0,0,0x18010202
1777259363.294,813292,6,4,ADCS,8,SOLAR,2,COMMAND,81,SET_MAG_DIPOLE,128,1,128,1,0,0,0x18010202
1777259364.394,814390,6,4,ADCS,8,SOLAR,2,COMMAND,81,SET_MAG_DIPOLE,128,1,128,1,0,0,0x18010202
1777259365.421,815409,6,4,ADCS,8,SOLAR,2,COMMAND,81,SET_MAG_DIPOLE,128,1,128,1,0,0,0x18010202
1777259366.531,816505,6,4,ADCS,8,SOLAR,2,COMMAND,81,SET_MAG_DIPOLE,128,1,128,1,0,0,0x18010202
1777259367.562,817559,6,4,ADCS,8,SOLAR,2,COMMAND,81,SET_MAG_DIPOLE,128,1,128,1,0,0,0x18010202
1777259368.594,818591,6,4,ADCS,8,SOLAR,2,COMMAND,81,SET_MAG_DIPOLE,128,1,128,1,0,0,0x18010202
1777259369.723,819688,6,4,ADCS,8,SOLAR,2,COMMAND,81,SET_MAG_DIPOLE,128,1,128,1,0,0,0x18010202
1777259370.786,820784,6,4,ADCS,8,SOLAR,2,COMMAND,81,SET_MAG_DIPOLE,128,1,128,1,0,0,0x18010202
1777259371.861,821859,6,4,ADCS,8,SOLAR,2,COMMAND,81,SET_MAG_DIPOLE,128,1,128,1,0,0,0x18010202
1777259372.981,822956,6,4,ADCS,8,SOLAR,2,COMMAND,81,SET_MAG_DIPOLE,128,1,128,1,0,0,0x18010202
1777259374.051,824048,6,4,ADCS,8,SOLAR,2,COMMAND,81,SET_MAG_DIPOLE,128,1,128,1,0,0,0x18010202
1777259375.146,825141,6,4,ADCS,8,SOLAR,2,COMMAND,81,SET_MAG_DIPOLE,128,1,128,1,0,0,0x18010202
1777259376.153,826147,6,4,ADCS,8,SOLAR,2,COMMAND,81,SET_MAG_DIPOLE,128,1,128,1,0,0,0x18010202
1777259377.285,827243,6,4,ADCS,8,SOLAR,2,COMMAND,81,SET_MAG_DIPOLE,128,1,128,1,0,0,0x18010202
1777259378.320,828311,6,4,ADCS,8,SOLAR,2,COMMAND,81,SET_MAG_DIPOLE,128,1,128,1,0,0,0x18010202
1777259391.020,840819,6,4,ADCS,8,SOLAR,2,COMMAND,81,SET_MAG_DIPOLE,128,1,128,1,0,0,0x18010202
1777259391.864,841861,6,4,ADCS,8,SOLAR,2,COMMAND,81,SET_MAG_DIPOLE,128,1,128,1,0,0,0x18010202
1777259392.907,842903,6,4,ADCS,8,SOLAR,2,COMMAND,81,SET_MAG_DIPOLE,128,1,128,1,0,0,0x18010202
1777259393.980,843945,6,4,ADCS,8,SOLAR,2,COMMAND,81,SET_MAG_DIPOLE,128,1,128,1,0,0,0x18010202
1777259394.997,844988,6,4,ADCS,8,SOLAR,2,COMMAND,81,SET_MAG_DIPOLE,128,1,128,1,0,0,0x18010202
1777259396.033,846030,6,4,ADCS,8,SOLAR,2,COMMAND,81,SET_MAG_DIPOLE,128,1,128,1,0,0,0x18010202
1777259397.077,847072,6,4,ADCS,8,SOLAR,2,COMMAND,81,SET_MAG_DIPOLE,128,1,128,1,0,0,0x18010202
1777259398.124,848115,6,4,ADCS,8,SOLAR,2,COMMAND,81,SET_MAG_DIPOLE,128,1,128,1,0,0,0x18010202
1777259399.161,849152,6,4,ADCS,8,SOLAR,2,COMMAND,81,SET_MAG_DIPOLE,128,1,128,1,0,0,0x18010202
1777259400.251,850247,6,4,ADCS,8,SOLAR,2,COMMAND,81,SET_MAG_DIPOLE,128,1,128,1,0,0,0x18010202
1777259401.292,851289,6,4,ADCS,8,SOLAR,2,COMMAND,81,SET_MAG_DIPOLE,128,1,128,1,0,0,0x18010202
1777259402.377,852331,6,4,ADCS,8,SOLAR,2,COMMAND,81,SET_MAG_DIPOLE,128,1,128,1,0,0,0x18010202
1777259403.399,853356,6,4,ADCS,8,SOLAR,2,COMMAND,81,SET_MAG_DIPOLE,128,1,128,1,0,0,0x18010202
1777259404.423,854417,6,4,ADCS,8,SOLAR,2,COMMAND,81,SET_MAG_DIPOLE,128,1,128,1,0,0,0x18010202
1777259405.499,855496,6,4,ADCS,8,SOLAR,2,COMMAND,81,SET_MAG_DIPOLE,128,1,128,1,0,0,0x18010202
1777259406.597,856594,6,4,ADCS,8,SOLAR,2,COMMAND,81,SET_MAG_DIPOLE,128,1,128,1,0,0,0x18010202
1777259407.697,857669,6,4,ADCS,8,SOLAR,2,COMMAND,81,SET_MAG_DIPOLE,128,1,128,1,0,0,0x18010202
1777259408.768,858766,6,4,ADCS,8,SOLAR,2,COMMAND,81,SET_MAG_DIPOLE,128,1,128,1,0,0,0x18010202
1777259409.865,859860,6,4,ADCS,8,SOLAR,2,COMMAND,81,SET_MAG_DIPOLE,128,1,128,1,0,0,0x18010202
1777259410.879,860867,6,4,ADCS,8,SOLAR,2,COMMAND,81,SET_MAG_DIPOLE,128,1,128,1,0,0,0x18010202
1777259411.913,861910,6,4,ADCS,8,SOLAR,2,COMMAND,81,SET_MAG_DIPOLE,128,1,128,1,0,0,0x18010202
1777259412.968,862952,6,4,ADCS,8,SOLAR,2,COMMAND,81,SET_MAG_DIPOLE,128,1,128,1,0,0,0x18010202
1777259414.002,863995,6,4,ADCS,8,SOLAR,2,COMMAND,81,SET_MAG_DIPOLE,128,1,128,1,0,0,0x18010202
1777259415.014,865012,6,4,ADCS,8,SOLAR,2,COMMAND,81,SET_MAG_DIPOLE,128,1,128,1,0,0,0x18010202
1777259416.034,866024,6,4,ADCS,8,SOLAR,2,COMMAND,81,SET_MAG_DIPOLE,128,1,128,1,0,0,0x18010202
1777259417.123,867120,6,4,ADCS,8,SOLAR,2,COMMAND,81,SET_MAG_DIPOLE,128,1,128,1,0,0,0x18010202
1777259418.253,868211,6,4,ADCS,8,SOLAR,2,COMMAND,81,SET_MAG_DIPOLE,128,1,128,1,0,0,0x18010202
1777259419.273,869268,6,4,ADCS,8,SOLAR,2,COMMAND,81,SET_MAG_DIPOLE,128,1,128,1,0,0,0x18010202
1777259420.403,870362,6,4,ADCS,8,SOLAR,2,COMMAND,81,SET_MAG_DIPOLE,128,1,128,1,0,0,0x18010202
1777259421.460,871455,6,4,ADCS,8,SOLAR,2,COMMAND,81,SET_MAG_DIPOLE,128,1,128,1,0,0,0x18010202
1777259422.484,872478,6,4,ADCS,8,SOLAR,2,COMMAND,81,SET_MAG_DIPOLE,128,1,128,1,0,0,0x18010202
1777259423.577,873573,6,4,ADCS,8,SOLAR,2,COMMAND,81,SET_MAG_DIPOLE,128,1,128,1,0,0,0x18010202
1777259424.599,874596,6,4,ADCS,8,SOLAR,2,COMMAND,81,SET_MAG_DIPOLE,128,1,128,1,0,0,0x18010202
1777259425.739,875692,6,4,ADCS,8,SOLAR,2,COMMAND,81,SET_MAG_DIPOLE,128,1,128,1,0,0,0x18010202
1777259426.792,876787,6,4,ADCS,8,SOLAR,2,COMMAND,81,SET_MAG_DIPOLE,128,1,128,1,0,0,0x18010202
1777259427.886,877883,6,4,ADCS,8,SOLAR,2,COMMAND,81,SET_MAG_DIPOLE,128,1,128,1,0,0,0x18010202
1777259428.935,878930,6,4,ADCS,8,SOLAR,2,COMMAND,81,SET_MAG_DIPOLE,128,1,128,1,0,0,0x18010202
1777259429.963,879959,6,4,ADCS,8,SOLAR,2,COMMAND,81,SET_MAG_DIPOLE,128,1,128,1,0,0,0x18010202
1777259431.046,881056,6,4,ADCS,8,SOLAR,2,COMMAND,81,SET_MAG_DIPOLE,128,1,128,1,0,0,0x18010202
1777259432.176,882150,6,4,ADCS,8,SOLAR,2,COMMAND,81,SET_MAG_DIPOLE,128,1,128,1,0,0,0x18010202
1777259433.202,883189,6,4,ADCS,8,SOLAR,2,COMMAND,81,SET_MAG_DIPOLE,128,1,128,1,0,0,0x18010202
1777259434.329,884283,6,4,ADCS,8,SOLAR,2,COMMAND,81,SET_MAG_DIPOLE,128,1,128,1,0,0,0x18010202
1777259435.380,885376,6,4,ADCS,8,SOLAR,2,COMMAND,81,SET_MAG_DIPOLE,128,1,128,1,0,0,0x18010202
1777259436.383,886377,6,4,ADCS,8,SOLAR,2,COMMAND,81,SET_MAG_DIPOLE,128,1,128,1,0,0,0x18010202
1777259437.417,887414,6,4,ADCS,8,SOLAR,2,COMMAND,81,SET_MAG_DIPOLE,128,1,128,1,0,0,0x18010202
1777259438.520,888512,6,4,ADCS,8,SOLAR,2,COMMAND,81,SET_MAG_DIPOLE,128,1,128,1,0,0,0x18010202
1777259439.543,889535,6,4,ADCS,8,SOLAR,2,COMMAND,81,SET_MAG_DIPOLE,128,1,128,1,0,0,0x18010202
1777259440.663,890631,6,4,ADCS,8,SOLAR,2,COMMAND,81,SET_MAG_DIPOLE,128,1,128,1,0,0,0x18010202
1777259441.731,891726,6,4,ADCS,8,SOLAR,2,COMMAND,81,SET_MAG_DIPOLE,128,1,128,1,0,0,0x18010202
1777259442.820,892789,6,4,ADCS,8,SOLAR,2,COMMAND,81,SET_MAG_DIPOLE,128,1,128,1,0,0,0x18010202
1777259443.844,893819,6,4,ADCS,8,SOLAR,2,COMMAND,81,SET_MAG_DIPOLE,128,1,128,1,0,0,0x18010202
1777259444.911,894907,6,4,ADCS,8,SOLAR,2,COMMAND,81,SET_MAG_DIPOLE,128,1,128,1,0,0,0x18010202
1777259445.996,895966,6,4,ADCS,8,SOLAR,2,COMMAND,81,SET_MAG_DIPOLE,128,1,128,1,0,0,0x18010202
1777259447.021,896998,6,4,ADCS,8,SOLAR,2,COMMAND,81,SET_MAG_DIPOLE,128,1,128,1,0,0,0x18010202
1777259448.056,898040,6,4,ADCS,8,SOLAR,2,COMMAND,81,SET_MAG_DIPOLE,128,1,128,1,0,0,0x18010202
1777259449.087,899082,6,4,ADCS,8,SOLAR,2,COMMAND,81,SET_MAG_DIPOLE,128,1,128,1,0,0,0x18010202
1777259450.096,900090,6,4,ADCS,8,SOLAR,2,COMMAND,81,SET_MAG_DIPOLE,128,1,128,1,0,0,0x18010202
1777259451.173,901169,6,4,ADCS,8,SOLAR,2,COMMAND,81,SET_MAG_DIPOLE,128,1,128,1,0,0,0x18010202
1777259452.184,902181,6,4,ADCS,8,SOLAR,2,COMMAND,81,SET_MAG_DIPOLE,128,1,128,1,0,0,0x18010202
1777259453.272,903249,6,4,ADCS,8,SOLAR,2,COMMAND,81,SET_MAG_DIPOLE,128,1,128,1,0,0,0x18010202
1777259454.346,904342,6,4,ADCS,8,SOLAR,2,COMMAND,81,SET_MAG_DIPOLE,128,1,128,1,0,0,0x18010202
1777259455.373,905369,6,4,ADCS,8,SOLAR,2,COMMAND,81,SET_MAG_DIPOLE,128,1,128,1,0,0,0x18010202
1777259456.448,906429,6,4,ADCS,8,SOLAR,2,COMMAND,81,SET_MAG_DIPOLE,128,1,128,1,0,0,0x18010202
1777259457.473,907453,6,4,ADCS,8,SOLAR,2,COMMAND,81,SET_MAG_DIPOLE,128,1,128,1,0,0,0x18010202
1777259458.506,908462,6,4,ADCS,8,SOLAR,2,COMMAND,81,SET_MAG_DIPOLE,128,1,128,1,0,0,0x18010202
1777259459.515,909485,6,4,ADCS,8,SOLAR,2,COMMAND,81,SET_MAG_DIPOLE,128,1,128,1,0,0,0x18010202
1777259460.553,910548,6,4,ADCS,8,SOLAR,2,COMMAND,81,SET_MAG_DIPOLE,128,1,128,1,0,0,0x18010202
1777259461.582,911577,6,4,ADCS,8,SOLAR,2,COMMAND,81,SET_MAG_DIPOLE,128,1,128,1,0,0,0x18010202
1777259462.643,912639,6,4,ADCS,8,SOLAR,2,COMMAND,81,SET_MAG_DIPOLE,128,1,128,1,0,0,0x18010202
1777259463.716,913668,6,4,ADCS,8,SOLAR,2,COMMAND,81,SET_MAG_DIPOLE,128,1,128,1,0,0,0x18010202
1777259464.768,914764,6,4,ADCS,8,SOLAR,2,COMMAND,81,SET_MAG_DIPOLE,128,1,128,1,0,0,0x18010202
1777259465.810,915806,6,4,ADCS,8,SOLAR,2,COMMAND,81,SET_MAG_DIPOLE,128,1,128,1,0,0,0x18010202
1777259466.833,916829,6,4,ADCS,8,SOLAR,2,COMMAND,81,SET_MAG_DIPOLE,128,1,128,1,0,0,0x18010202
1777259467.914,917890,6,4,ADCS,8,SOLAR,2,COMMAND,81,SET_MAG_DIPOLE,128,1,128,1,0,0,0x18010202
1777259468.935,918897,6,4,ADCS,8,SOLAR,2,COMMAND,81,SET_MAG_DIPOLE,128,1,128,1,0,0,0x18010202
1777259469.950,919920,6,4,ADCS,8,SOLAR,2,COMMAND,81,SET_MAG_DIPOLE,128,1,128,1,0,0,0x18010202
1777259470.983,920978,6,4,ADCS,8,SOLAR,2,COMMAND,81,SET_MAG_DIPOLE,128,1,128,1,0,0,0x18010202
1777259472.008,921979,6,4,ADCS,8,SOLAR,2,COMMAND,81,SET_MAG_DIPOLE,128,1,128,1,0,0,0x18010202
1777259473.058,923051,6,4,ADCS,8,SOLAR,2,COMMAND,81,SET_MAG_DIPOLE,128,1,128,1,0,0,0x18010202
1777259474.071,924068,6,4,ADCS,8,SOLAR,2,COMMAND,81,SET_MAG_DIPOLE,128,1,128,1,0,0,0x18010202
1777259475.085,925081,6,4,ADCS,8,SOLAR,2,COMMAND,81,SET_MAG_DIPOLE,128,1,128,1,0,0,0x18010202
1777259476.200,926176,6,4,ADCS,8,SOLAR,2,COMMAND,81,SET_MAG_DIPOLE,128,1,128,1,0,0,0x18010202
1777259477.230,927218,6,4,ADCS,8,SOLAR,2,COMMAND,81,SET_MAG_DIPOLE,128,1,128,1,0,0,0x18010202
1777259478.264,928260,6,4,ADCS,8,SOLAR,2,COMMAND,81,SET_MAG_DIPOLE,128,1,128,1,0,0,0x18010202
1777259479.307,929302,6,4,ADCS,8,SOLAR,2,COMMAND,81,SET_MAG_DIPOLE,128,1,128,1,0,0,0x18010202
1777259480.311,930305,6,4,ADCS,8,SOLAR,2,COMMAND,81,SET_MAG_DIPOLE,128,1,128,1,0,0,0x18010202
1777259481.430,931386,6,4,ADCS,8,SOLAR,2,COMMAND,81,SET_MAG_DIPOLE,128,1,128,1,0,0,0x18010202
1777259482.403,932389,6,4,ADCS,8,SOLAR,2,COMMAND,81,SET_MAG_DIPOLE,128,1,128,1,0,0,0x18010202
1777259483.408,933399,6,4,ADCS,8,SOLAR,2,COMMAND,81,SET_MAG_DIPOLE,128,1,128,1,0,0,0x18010202
1777259484.428,934422,6,4,ADCS,8,SOLAR,2,COMMAND,81,SET_MAG_DIPOLE,128,1,128,1,0,0,0x18010202
1777259485.516,935499,6,4,ADCS,8,SOLAR,2,COMMAND,81,SET_MAG_DIPOLE,128,1,128,1,0,0,0x18010202
1777259486.604,936594,6,4,ADCS,8,SOLAR,2,COMMAND,81,SET_MAG_DIPOLE,128,1,128,1,0,0,0x18010202
1777259487.672,937636,6,4,ADCS,8,SOLAR,2,COMMAND,81,SET_MAG_DIPOLE,128,1,128,1,0,0,0x18010202
1777259488.698,938678,6,4,ADCS,8,SOLAR,2,COMMAND,81,SET_MAG_DIPOLE,128,1,128,1,0,0,0x18010202
1777259489.726,939720,6,4,ADCS,8,SOLAR,2,COMMAND,81,SET_MAG_DIPOLE,128,1,128,1,0,0,0x18010202
1777259490.758,940746,6,4,ADCS,8,SOLAR,2,COMMAND,81,SET_MAG_DIPOLE,128,1,128,1,0,0,0x18010202
1777259491.811,941806,6,4,ADCS,8,SOLAR,2,COMMAND,81,SET_MAG_DIPOLE,128,1,128,1,0,0,0x18010202
1777259492.888,942857,6,4,ADCS,8,SOLAR,2,COMMAND,81,SET_MAG_DIPOLE,128,1,128,1,0,0,0x18010202
1777259493.937,943933,6,4,ADCS,8,SOLAR,2,COMMAND,81,SET_MAG_DIPOLE,128,1,128,1,0,0,0x18010202
1777259495.049,945030,6,4,ADCS,8,SOLAR,2,COMMAND,81,SET_MAG_DIPOLE,128,1,128,1,0,0,0x18010202
1777259496.126,946121,6,4,ADCS,8,SOLAR,2,COMMAND,81,SET_MAG_DIPOLE,128,1,128,1,0,0,0x18010202
1777259497.200,947162,6,4,ADCS,8,SOLAR,2,COMMAND,81,SET_MAG_DIPOLE,128,1,128,1,0,0,0x18010202
1777259498.210,948203,6,4,ADCS,8,SOLAR,2,COMMAND,81,SET_MAG_DIPOLE,128,1,128,1,0,0,0x18010202
1777259499.251,949246,6,4,ADCS,8,SOLAR,2,COMMAND,81,SET_MAG_DIPOLE,128,1,128,1,0,0,0x18010202
1777259500.269,950255,6,4,ADCS,8,SOLAR,2,COMMAND,81,SET_MAG_DIPOLE,128,1,128,1,0,0,0x18010202
1777259501.356,951351,6,4,ADCS,8,SOLAR,2,COMMAND,81,SET_MAG_DIPOLE,128,1,128,1,0,0,0x18010202
1777259502.373,952368,6,4,ADCS,8,SOLAR,2,COMMAND,81,SET_MAG_DIPOLE,128,1,128,1,0,0,0x18010202
1777259503.469,953465,6,4,ADCS,8,SOLAR,2,COMMAND,81,SET_MAG_DIPOLE,128,1,128,1,0,0,0x18010202
1777259504.572,954557,6,4,ADCS,8,SOLAR,2,COMMAND,81,SET_MAG_DIPOLE,128,1,128,1,0,0,0x18010202
1777259505.655,955650,6,4,ADCS,8,SOLAR,2,COMMAND,81,SET_MAG_DIPOLE,128,1,128,1,0,0,0x18010202
1777259506.723,956690,6,4,ADCS,8,SOLAR,2,COMMAND,81,SET_MAG_DIPOLE,128,1,128,1,0,0,0x18010202
1777259507.779,957772,6,4,ADCS,8,SOLAR,2,COMMAND,81,SET_MAG_DIPOLE,128,1,128,1,0,0,0x18010202
1777259508.826,958821,6,4,ADCS,8,SOLAR,2,COMMAND,81,SET_MAG_DIPOLE,128,1,128,1,0,0,0x18010202
1777259509.921,959916,6,4,ADCS,8,SOLAR,2,COMMAND,81,SET_MAG_DIPOLE,128,1,128,1,0,0,0x18010202
1777259511.019,961008,6,4,ADCS,8,SOLAR,2,COMMAND,81,SET_MAG_DIPOLE,128,1,128,1,0,0,0x18010202
1777259512.107,962101,6,4,ADCS,8,SOLAR,2,COMMAND,81,SET_MAG_DIPOLE,128,1,128,1,0,0,0x18010202
1777259513.199,963193,6,4,ADCS,8,SOLAR,2,COMMAND,81,SET_MAG_DIPOLE,128,1,128,1,0,0,0x18010202
1777259514.227,964220,6,4,ADCS,8,SOLAR,2,COMMAND,81,SET_MAG_DIPOLE,128,1,128,1,0,0,0x18010202
1777259515.292,965271,6,4,ADCS,8,SOLAR,2,COMMAND,81,SET_MAG_DIPOLE,128,1,128,1,0,0,0x18010202
1777259516.352,966346,6,4,ADCS,8,SOLAR,2,COMMAND,81,SET_MAG_DIPOLE,128,1,128,1,0,0,0x18010202
1777259517.487,967442,6,4,ADCS,8,SOLAR,2,COMMAND,81,SET_MAG_DIPOLE,128,1,128,1,0,0,0x18010202
1777259518.543,968537,6,4,ADCS,8,SOLAR,2,COMMAND,81,SET_MAG_DIPOLE,128,1,128,1,0,0,0x18010202
1777259519.639,969633,6,4,ADCS,8,SOLAR,2,COMMAND,81,SET_MAG_DIPOLE,128,1,128,1,0,0,0x18010202
1777259520.649,970641,6,4,ADCS,8,SOLAR,2,COMMAND,81,SET_MAG_DIPOLE,128,1,128,1,0,0,0x18010202
1777259521.699,971694,6,4,ADCS,8,SOLAR,2,COMMAND,81,SET_MAG_DIPOLE,128,1,128,1,0,0,0x18010202
1777259522.719,972715,6,4,ADCS,8,SOLAR,2,COMMAND,81,SET_MAG_DIPOLE,128,1,128,1,0,0,0x18010202
1777259523.824,973810,6,4,ADCS,8,SOLAR,2,COMMAND,81,SET_MAG_DIPOLE,128,1,128,1,0,0,0x18010202
1777259524.858,974851,6,4,ADCS,8,SOLAR,2,COMMAND,81,SET_MAG_DIPOLE,128,1,128,1,0,0,0x18010202
1777259525.900,975894,6,4,ADCS,8,SOLAR,2,COMMAND,81,SET_MAG_DIPOLE,128,1,128,1,0,0,0x18010202
1777259526.945,976936,6,4,ADCS,8,SOLAR,2,COMMAND,81,SET_MAG_DIPOLE,128,1,128,1,0,0,0x18010202
1777259528.022,977979,6,4,ADCS,8,SOLAR,2,COMMAND,81,SET_MAG_DIPOLE,128,1,128,1,0,0,0x18010202
1777259529.073,979022,6,4,ADCS,8,SOLAR,2,COMMAND,81,SET_MAG_DIPOLE,128,1,128,1,0,0,0x18010202
1777259530.124,980119,6,4,ADCS,8,SOLAR,2,COMMAND,81,SET_MAG_DIPOLE,128,1,128,1,0,0,0x18010202
1777259531.195,981151,6,4,ADCS,8,SOLAR,2,COMMAND,81,SET_MAG_DIPOLE,128,1,128,1,0,0,0x18010202
1777259532.213,982174,6,4,ADCS,8,SOLAR,2,COMMAND,81,SET_MAG_DIPOLE,128,1,128,1,0,0,0x18010202
1777259533.279,983273,6,4,ADCS,8,SOLAR,2,COMMAND,81,SET_MAG_DIPOLE,128,1,128,1,0,0,0x18010202
1777259534.303,984296,6,4,ADCS,8,SOLAR,2,COMMAND,81,SET_MAG_DIPOLE,128,1,128,1,0,0,0x18010202
1777259535.398,985393,6,4,ADCS,8,SOLAR,2,COMMAND,81,SET_MAG_DIPOLE,128,1,128,1,0,0,0x18010202
1777259536.518,986489,6,4,ADCS,8,SOLAR,2,COMMAND,81,SET_MAG_DIPOLE,128,1,128,1,0,0,0x18010202
1777259537.539,987512,6,4,ADCS,8,SOLAR,2,COMMAND,81,SET_MAG_DIPOLE,128,1,128,1,0,0,0x18010202
1777259538.567,988553,6,4,ADCS,8,SOLAR,2,COMMAND,81,SET_MAG_DIPOLE,128,1,128,1,0,0,0x18010202
1777259539.596,989577,6,4,ADCS,8,SOLAR,2,COMMAND,81,SET_MAG_DIPOLE,128,1,128,1,0,0,0x18010202
1777259540.617,990582,6,4,ADCS,8,SOLAR,2,COMMAND,81,SET_MAG_DIPOLE,128,1,128,1,0,0,0x18010202
1777259541.687,991682,6,4,ADCS,8,SOLAR,2,COMMAND,81,SET_MAG_DIPOLE,128,1,128,1,0,0,0x18010202
1777259542.783,992777,6,4,ADCS,8,SOLAR,2,COMMAND,81,SET_MAG_DIPOLE,128,1,128,1,0,0,0x18010202
1777259543.894,993869,6,4,ADCS,8,SOLAR,2,COMMAND,81,SET_MAG_DIPOLE,128,1,128,1,0,0,0x18010202
1777259544.946,994933,6,4,ADCS,8,SOLAR,2,COMMAND,81,SET_MAG_DIPOLE,128,1,128,1,0,0,0x18010202
1777259545.983,995976,6,4,ADCS,8,SOLAR,2,COMMAND,81,SET_MAG_DIPOLE,128,1,128,1,0,0,0x18010202
1777259547.024,997018,6,4,ADCS,8,SOLAR,2,COMMAND,81,SET_MAG_DIPOLE,128,1,128,1,0,0,0x18010202
1777259548.034,998028,6,4,ADCS,8,SOLAR,2,COMMAND,81,SET_MAG_DIPOLE,128,1,128,1,0,0,0x18010202
1777259549.130,999124,6,4,ADCS,8,SOLAR,2,COMMAND,81,SET_MAG_DIPOLE,128,1,128,1,0,0,0x18010202
1777259550.140,1000130,6,4,ADCS,8,SOLAR,2,COMMAND,81,SET_MAG_DIPOLE,128,1,128,1,0,0,0x18010202
1777259551.272,1001226,6,4,ADCS,8,SOLAR,2,COMMAND,81,SET_MAG_DIPOLE,128,1,128,1,0,0,0x18010202
1777259552.328,1002322,6,4,ADCS,8,SOLAR,2,COMMAND,81,SET_MAG_DIPOLE,128,1,128,1,0,0,0x18010202
1777259553.424,1003417,6,4,ADCS,8,SOLAR,2,COMMAND,81,SET_MAG_DIPOLE,128,1,128,1,0,0,0x18010202
1777259554.544,1004481,6,4,ADCS,8,SOLAR,2,COMMAND,81,SET_MAG_DIPOLE,128,1,128,1,0,0,0x18010202
1777259555.498,1005492,6,4,ADCS,8,SOLAR,2,COMMAND,81,SET_MAG_DIPOLE,128,1,128,1,0,0,0x18010202
1777259556.523,1006518,6,4,ADCS,8,SOLAR,2,COMMAND,81,SET_MAG_DIPOLE,128,1,128,1,0,0,0x18010202
1777259557.619,1007614,6,4,ADCS,8,SOLAR,2,COMMAND,81,SET_MAG_DIPOLE,128,1,128,1,0,0,0x18010202
1777259558.744,1008712,6,4,ADCS,8,SOLAR,2,COMMAND,81,SET_MAG_DIPOLE,128,1,128,1,0,0,0x18010202
1777259559.815,1009808,6,4,ADCS,8,SOLAR,2,COMMAND,81,SET_MAG_DIPOLE,128,1,128,1,0,0,0x18010202
1777259560.911,1010905,6,4,ADCS,8,SOLAR,2,COMMAND,81,SET_MAG_DIPOLE,128,1,128,1,0,0,0x18010202
1777259561.929,1011922,6,4,ADCS,8,SOLAR,2,COMMAND,81,SET_MAG_DIPOLE,128,1,128,1,0,0,0x18010202
1777259563.045,1013020,6,4,ADCS,8,SOLAR,2,COMMAND,81,SET_MAG_DIPOLE,128,1,128,1,0,0,0x18010202
1777259564.100,1014093,6,4,ADCS,8,SOLAR,2,COMMAND,81,SET_MAG_DIPOLE,128,1,128,1,0,0,0x18010202
1777259565.194,1015174,6,4,ADCS,8,SOLAR,2,COMMAND,81,SET_MAG_DIPOLE,128,1,128,1,0,0,0x18010202
1777259566.282,1016271,6,4,ADCS,8,SOLAR,2,COMMAND,81,SET_MAG_DIPOLE,128,1,128,1,0,0,0x18010202
1777259567.348,1017324,6,4,ADCS,8,SOLAR,2,COMMAND,81,SET_MAG_DIPOLE,128,1,128,1,0,0,0x18010202
1777259568.369,1018331,6,4,ADCS,8,SOLAR,2,COMMAND,81,SET_MAG_DIPOLE,128,1,128,1,0,0,0x18010202
1777259569.386,1019358,6,4,ADCS,8,SOLAR,2,COMMAND,81,SET_MAG_DIPOLE,128,1,128,1,0,0,0x18010202
1777259570.369,1020362,6,4,ADCS,8,SOLAR,2,COMMAND,81,SET_MAG_DIPOLE,128,1,128,1,0,0,0x18010202
1777259571.438,1021403,6,4,ADCS,8,SOLAR,2,COMMAND,81,SET_MAG_DIPOLE,128,1,128,1,0,0,0x18010202
1777259572.478,1022463,6,4,ADCS,8,SOLAR,2,COMMAND,81,SET_MAG_DIPOLE,128,1,128,1,0,0,0x18010202
1777259573.590,1023555,6,4,ADCS,8,SOLAR,2,COMMAND,81,SET_MAG_DIPOLE,128,1,128,1,0,0,0x18010202
1777259574.565,1024558,6,4,ADCS,8,SOLAR,2,COMMAND,81,SET_MAG_DIPOLE,128,1,128,1,0,0,0x18010202
1777259575.633,1025626,6,4,ADCS,8,SOLAR,2,COMMAND,81,SET_MAG_DIPOLE,128,1,128,1,0,0,0x18010202
1777259576.663,1026650,6,4,ADCS,8,SOLAR,2,COMMAND,81,SET_MAG_DIPOLE,128,1,128,1,0,0,0x18010202
1777259577.717,1027710,6,4,ADCS,8,SOLAR,2,COMMAND,81,SET_MAG_DIPOLE,128,1,128,1,0,0,0x18010202
1777259578.732,1028717,6,4,ADCS,8,SOLAR,2,COMMAND,81,SET_MAG_DIPOLE,128,1,128,1,0,0,0x18010202
1777259579.751,1029740,6,4,ADCS,8,SOLAR,2,COMMAND,81,SET_MAG_DIPOLE,128,1,128,1,0,0,0x18010202
1777259580.791,1030782,6,4,ADCS,8,SOLAR,2,COMMAND,81,SET_MAG_DIPOLE,128,1,128,1,0,0,0x18010202
1777259581.883,1031876,6,4,ADCS,8,SOLAR,2,COMMAND,81,SET_MAG_DIPOLE,128,1,128,1,0,0,0x18010202
1777259582.931,1032918,6,4,ADCS,8,SOLAR,2,COMMAND,81,SET_MAG_DIPOLE,128,1,128,1,0,0,0x18010202
1777259583.967,1033960,6,4,ADCS,8,SOLAR,2,COMMAND,81,SET_MAG_DIPOLE,128,1,128,1,0,0,0x18010202
1777259585.028,1035004,6,4,ADCS,8,SOLAR,2,COMMAND,81,SET_MAG_DIPOLE,128,1,128,1,0,0,0x18010202
1777259586.085,1036037,6,4,ADCS,8,SOLAR,2,COMMAND,81,SET_MAG_DIPOLE,128,1,128,1,0,0,0x18010202
1777259587.043,1037037,6,4,ADCS,8,SOLAR,2,COMMAND,81,SET_MAG_DIPOLE,128,1,128,1,0,0,0x18010202
1777259588.138,1038096,6,4,ADCS,8,SOLAR,2,COMMAND,81,SET_MAG_DIPOLE,128,1,128,1,0,0,0x18010202
1777259589.179,1039172,6,4,ADCS,8,SOLAR,2,COMMAND,81,SET_MAG_DIPOLE,128,1,128,1,0,0,0x18010202
1777259590.197,1040189,6,4,ADCS,8,SOLAR,2,COMMAND,81,SET_MAG_DIPOLE,128,1,128,1,0,0,0x18010202
1777259591.228,1041201,6,4,ADCS,8,SOLAR,2,COMMAND,81,SET_MAG_DIPOLE,128,1,128,1,0,0,0x18010202
1777259592.287,1042280,6,4,ADCS,8,SOLAR,2,COMMAND,81,SET_MAG_DIPOLE,128,1,128,1,0,0,0x18010202
1777259593.356,1043340,6,4,ADCS,8,SOLAR,2,COMMAND,81,SET_MAG_DIPOLE,128,1,128,1,0,0,0x18010202
1777259594.379,1044372,6,4,ADCS,8,SOLAR,2,COMMAND,81,SET_MAG_DIPOLE,128,1,128,1,0,0,0x18010202
1777259595.396,1045385,6,4,ADCS,8,SOLAR,2,COMMAND,81,SET_MAG_DIPOLE,128,1,128,1,0,0,0x18010202
1777259596.499,1046471,6,4,ADCS,8,SOLAR,2,COMMAND,81,SET_MAG_DIPOLE,128,1,128,1,0,0,0x18010202
1777259597.576,1047569,6,4,ADCS,8,SOLAR,2,COMMAND,81,SET_MAG_DIPOLE,128,1,128,1,0,0,0x18010202
1777259598.619,1048613,6,4,ADCS,8,SOLAR,2,COMMAND,81,SET_MAG_DIPOLE,128,1,128,1,0,0,0x18010202
1777259599.648,1049642,6,4,ADCS,8,SOLAR,2,COMMAND,81,SET_MAG_DIPOLE,128,1,128,1,0,0,0x18010202
1777259600.745,1050737,6,4,ADCS,8,SOLAR,2,COMMAND,81,SET_MAG_DIPOLE,128,1,128,1,0,0,0x18010202
1777259601.785,1051778,6,4,ADCS,8,SOLAR,2,COMMAND,81,SET_MAG_DIPOLE,128,1,128,1,0,0,0x18010202
1777259602.845,1052821,6,4,ADCS,8,SOLAR,2,COMMAND,81,SET_MAG_DIPOLE,128,1,128,1,0,0,0x18010202
1777259603.898,1053864,6,4,ADCS,8,SOLAR,2,COMMAND,81,SET_MAG_DIPOLE,128,1,128,1,0,0,0x18010202
1777259604.936,1054906,6,4,ADCS,8,SOLAR,2,COMMAND,81,SET_MAG_DIPOLE,128,1,128,1,0,0,0x18010202
1777259605.955,1055949,6,4,ADCS,8,SOLAR,2,COMMAND,81,SET_MAG_DIPOLE,128,1,128,1,0,0,0x18010202
1777259606.990,1056983,6,4,ADCS,8,SOLAR,2,COMMAND,81,SET_MAG_DIPOLE,128,1,128,1,0,0,0x18010202
1777259608.052,1058045,6,4,ADCS,8,SOLAR,2,COMMAND,81,SET_MAG_DIPOLE,128,1,128,1,0,0,0x18010202
1777259609.078,1059070,6,4,ADCS,8,SOLAR,2,COMMAND,81,SET_MAG_DIPOLE,128,1,128,1,0,0,0x18010202
1777259610.172,1060166,6,4,ADCS,8,SOLAR,2,COMMAND,81,SET_MAG_DIPOLE,128,1,128,1,0,0,0x18010202
1777259611.191,1061178,6,4,ADCS,8,SOLAR,2,COMMAND,81,SET_MAG_DIPOLE,128,1,128,1,0,0,0x18010202
1777259612.295,1062273,6,4,ADCS,8,SOLAR,2,COMMAND,81,SET_MAG_DIPOLE,128,1,128,1,0,0,0x18010202
1777259613.316,1063292,6,4,ADCS,8,SOLAR,2,COMMAND,81,SET_MAG_DIPOLE,128,1,128,1,0,0,0x18010202
1777259614.347,1064322,6,4,ADCS,8,SOLAR,2,COMMAND,81,SET_MAG_DIPOLE,128,1,128,1,0,0,0x18010202
1777259615.425,1065418,6,4,ADCS,8,SOLAR,2,COMMAND,81,SET_MAG_DIPOLE,128,1,128,1,0,0,0x18010202
1777259616.436,1066428,6,4,ADCS,8,SOLAR,2,COMMAND,81,SET_MAG_DIPOLE,128,1,128,1,0,0,0x18010202
1777259617.519,1067504,6,4,ADCS,8,SOLAR,2,COMMAND,81,SET_MAG_DIPOLE,128,1,128,1,0,0,0x18010202
1777259618.646,1068602,6,4,ADCS,8,SOLAR,2,COMMAND,81,SET_MAG_DIPOLE,128,1,128,1,0,0,0x18010202
1777259619.704,1069693,6,4,ADCS,8,SOLAR,2,COMMAND,81,SET_MAG_DIPOLE,128,1,128,1,0,0,0x18010202
1777259620.793,1070785,6,4,ADCS,8,SOLAR,2,COMMAND,81,SET_MAG_DIPOLE,128,1,128,1,0,0,0x18010202
1777259621.835,1071828,6,4,ADCS,8,SOLAR,2,COMMAND,81,SET_MAG_DIPOLE,128,1,128,1,0,0,0x18010202
1777259622.882,1072870,6,4,ADCS,8,SOLAR,2,COMMAND,81,SET_MAG_DIPOLE,128,1,128,1,0,0,0x18010202
1777259623.920,1073913,6,4,ADCS,8,SOLAR,2,COMMAND,81,SET_MAG_DIPOLE,128,1,128,1,0,0,0x18010202
1777259624.945,1074938,6,4,ADCS,8,SOLAR,2,COMMAND,81,SET_MAG_DIPOLE,128,1,128,1,0,0,0x18010202
1777259625.950,1075942,6,4,ADCS,8,SOLAR,2,COMMAND,81,SET_MAG_DIPOLE,128,1,128,1,0,0,0x18010202
1777259627.045,1077025,6,4,ADCS,8,SOLAR,2,COMMAND,81,SET_MAG_DIPOLE,128,1,128,1,0,0,0x18010202
1777259628.089,1078082,6,4,ADCS,8,SOLAR,2,COMMAND,81,SET_MAG_DIPOLE,128,1,128,1,0,0,0x18010202
1777259629.193,1079177,6,4,ADCS,8,SOLAR,2,COMMAND,81,SET_MAG_DIPOLE,128,1,128,1,0,0,0x18010202
1777259630.274,1080266,6,4,ADCS,8,SOLAR,2,COMMAND,81,SET_MAG_DIPOLE,128,1,128,1,0,0,0x18010202
1777259631.370,1081363,6,4,ADCS,8,SOLAR,2,COMMAND,81,SET_MAG_DIPOLE,128,1,128,1,0,0,0x18010202
1777259632.402,1082395,6,4,ADCS,8,SOLAR,2,COMMAND,81,SET_MAG_DIPOLE,128,1,128,1,0,0,0x18010202
1777259633.499,1083492,6,4,ADCS,8,SOLAR,2,COMMAND,81,SET_MAG_DIPOLE,128,1,128,1,0,0,0x18010202
1777259634.623,1084584,6,4,ADCS,8,SOLAR,2,COMMAND,81,SET_MAG_DIPOLE,128,1,128,1,0,0,0x18010202
1777259635.683,1085676,6,4,ADCS,8,SOLAR,2,COMMAND,81,SET_MAG_DIPOLE,128,1,128,1,0,0,0x18010202
1777259636.778,1086770,6,4,ADCS,8,SOLAR,2,COMMAND,81,SET_MAG_DIPOLE,128,1,128,1,0,0,0x18010202
1777259637.899,1087856,6,4,ADCS,8,SOLAR,2,COMMAND,81,SET_MAG_DIPOLE,128,1,128,1,0,0,0x18010202
1777259638.918,1088903,6,4,ADCS,8,SOLAR,2,COMMAND,81,SET_MAG_DIPOLE,128,1,128,1,0,0,0x18010202
1777259639.987,1089971,6,4,ADCS,8,SOLAR,2,COMMAND,81,SET_MAG_DIPOLE,128,1,128,1,0,0,0x18010202
1777259641.008,1091000,6,4,ADCS,8,SOLAR,2,COMMAND,81,SET_MAG_DIPOLE,128,1,128,1,0,0,0x18010202
1777259642.101,1092094,6,4,ADCS,8,SOLAR,2,COMMAND,81,SET_MAG_DIPOLE,128,1,128,1,0,0,0x18010202
1777259643.225,1093188,6,4,ADCS,8,SOLAR,2,COMMAND,81,SET_MAG_DIPOLE,128,1,128,1,0,0,0x18010202
1777259644.251,1094218,6,4,ADCS,8,SOLAR,2,COMMAND,81,SET_MAG_DIPOLE,128,1,128,1,0,0,0x18010202
1777259645.318,1095303,6,4,ADCS,8,SOLAR,2,COMMAND,81,SET_MAG_DIPOLE,128,1,128,1,0,0,0x18010202
1777259646.407,1096398,6,4,ADCS,8,SOLAR,2,COMMAND,81,SET_MAG_DIPOLE,128,1,128,1,0,0,0x18010202
1777259647.463,1097439,6,4,ADCS,8,SOLAR,2,COMMAND,81,SET_MAG_DIPOLE,128,1,128,1,0,0,0x18010202
1777259648.491,1098482,6,4,ADCS,8,SOLAR,2,COMMAND,81,SET_MAG_DIPOLE,128,1,128,1,0,0,0x18010202
1777259649.535,1099525,6,4,ADCS,8,SOLAR,2,COMMAND,81,SET_MAG_DIPOLE,128,1,128,1,0,0,0x18010202
1777259650.597,1100567,6,4,ADCS,8,SOLAR,2,COMMAND,81,SET_MAG_DIPOLE,128,1,128,1,0,0,0x18010202
1777259651.623,1101609,6,4,ADCS,8,SOLAR,2,COMMAND,81,SET_MAG_DIPOLE,128,1,128,1,0,0,0x18010202
1777259652.660,1102653,6,4,ADCS,8,SOLAR,2,COMMAND,81,SET_MAG_DIPOLE,128,1,128,1,0,0,0x18010202
1777259653.703,1103696,6,4,ADCS,8,SOLAR,2,COMMAND,81,SET_MAG_DIPOLE,128,1,128,1,0,0,0x18010202
1777259654.741,1104733,6,4,ADCS,8,SOLAR,2,COMMAND,81,SET_MAG_DIPOLE,128,1,128,1,0,0,0x18010202
1777259655.836,1105828,6,4,ADCS,8,SOLAR,2,COMMAND,81,SET_MAG_DIPOLE,128,1,128,1,0,0,0x18010202
1777259656.867,1106856,6,4,ADCS,8,SOLAR,2,COMMAND,81,SET_MAG_DIPOLE,128,1,128,1,0,0,0x18010202
1777259657.910,1107901,6,4,ADCS,8,SOLAR,2,COMMAND,81,SET_MAG_DIPOLE,128,1,128,1,0,0,0x18010202
1777259658.946,1108937,6,4,ADCS,8,SOLAR,2,COMMAND,81,SET_MAG_DIPOLE,128,1,128,1,0,0,0x18010202
1777259659.970,1109962,6,4,ADCS,8,SOLAR,2,COMMAND,81,SET_MAG_DIPOLE,128,1,128,1,0,0,0x18010202
1777259661.049,1111002,6,4,ADCS,8,SOLAR,2,COMMAND,81,SET_MAG_DIPOLE,128,1,128,1,0,0,0x18010202
1777259662.106,1112098,6,4,ADCS,8,SOLAR,2,COMMAND,81,SET_MAG_DIPOLE,128,1,128,1,0,0,0x18010202
1777259663.134,1113127,6,4,ADCS,8,SOLAR,2,COMMAND,81,SET_MAG_DIPOLE,128,1,128,1,0,0,0x18010202
1777259664.158,1114150,6,4,ADCS,8,SOLAR,2,COMMAND,81,SET_MAG_DIPOLE,128,1,128,1,0,0,0x18010202
1777259665.164,1115156,6,4,ADCS,8,SOLAR,2,COMMAND,81,SET_MAG_DIPOLE,128,1,128,1,0,0,0x18010202
1777259666.216,1116208,6,4,ADCS,8,SOLAR,2,COMMAND,81,SET_MAG_DIPOLE,128,1,128,1,0,0,0x18010202
1777259667.311,1117304,6,4,ADCS,8,SOLAR,2,COMMAND,81,SET_MAG_DIPOLE,128,1,128,1,0,0,0x18010202
1777259668.321,1118313,6,4,ADCS,8,SOLAR,2,COMMAND,81,SET_MAG_DIPOLE,128,1,128,1,0,0,0x18010202
1777259669.362,1119343,6,4,ADCS,8,SOLAR,2,COMMAND,81,SET_MAG_DIPOLE,128,1,128,1,0,0,0x18010202
1777259670.393,1120385,6,4,ADCS,8,SOLAR,2,COMMAND,81,SET_MAG_DIPOLE,128,1,128,1,0,0,0x18010202
1777259671.434,1121427,6,4,ADCS,8,SOLAR,2,COMMAND,81,SET_MAG_DIPOLE,128,1,128,1,0,0,0x18010202
1777259672.508,1122470,6,4,ADCS,8,SOLAR,2,COMMAND,81,SET_MAG_DIPOLE,128,1,128,1,0,0,0x18010202
1777259673.484,1123476,6,4,ADCS,8,SOLAR,2,COMMAND,81,SET_MAG_DIPOLE,128,1,128,1,0,0,0x18010202
1777259674.525,1124506,6,4,ADCS,8,SOLAR,2,COMMAND,81,SET_MAG_DIPOLE,128,1,128,1,0,0,0x18010202
1777259675.586,1125549,6,4,ADCS,8,SOLAR,2,COMMAND,81,SET_MAG_DIPOLE,128,1,128,1,0,0,0x18010202
1777259676.608,1126572,6,4,ADCS,8,SOLAR,2,COMMAND,81,SET_MAG_DIPOLE,128,1,128,1,0,0,0x18010202
1777259677.676,1127669,6,4,ADCS,8,SOLAR,2,COMMAND,81,SET_MAG_DIPOLE,128,1,128,1,0,0,0x18010202
1777259678.770,1128762,6,4,ADCS,8,SOLAR,2,COMMAND,81,SET_MAG_DIPOLE,128,1,128,1,0,0,0x18010202
1777259679.784,1129776,6,4,ADCS,8,SOLAR,2,COMMAND,81,SET_MAG_DIPOLE,128,1,128,1,0,0,0x18010202
1777259680.808,1130795,6,4,ADCS,8,SOLAR,2,COMMAND,81,SET_MAG_DIPOLE,128,1,128,1,0,0,0x18010202
1777259681.830,1131795,6,4,ADCS,8,SOLAR,2,COMMAND,81,SET_MAG_DIPOLE,128,1,128,1,0,0,0x18010202
1777259682.862,1132854,6,4,ADCS,8,SOLAR,2,COMMAND,81,SET_MAG_DIPOLE,128,1,128,1,0,0,0x18010202
1777259683.981,1133951,6,4,ADCS,8,SOLAR,2,COMMAND,81,SET_MAG_DIPOLE,128,1,128,1,0,0,0x18010202
1777259685.040,1135009,6,4,ADCS,8,SOLAR,2,COMMAND,81,SET_MAG_DIPOLE,128,1,128,1,0,0,0x18010202
1777259686.084,1136074,6,4,ADCS,8,SOLAR,2,COMMAND,81,SET_MAG_DIPOLE,128,1,128,1,0,0,0x18010202
1777259687.178,1137171,6,4,ADCS,8,SOLAR,2,COMMAND,81,SET_MAG_DIPOLE,128,1,128,1,0,0,0x18010202
1777259688.286,1138268,6,4,ADCS,8,SOLAR,2,COMMAND,81,SET_MAG_DIPOLE,128,1,128,1,0,0,0x18010202
1777259689.412,1139366,6,4,ADCS,8,SOLAR,2,COMMAND,81,SET_MAG_DIPOLE,128,1,128,1,0,0,0x18010202
1777259690.470,1140461,6,4,ADCS,8,SOLAR,2,COMMAND,81,SET_MAG_DIPOLE,128,1,128,1,0,0,0x18010202
1777259691.477,1141463,6,4,ADCS,8,SOLAR,2,COMMAND,81,SET_MAG_DIPOLE,128,1,128,1,0,0,0x18010202
1777259692.581,1142557,6,4,ADCS,8,SOLAR,2,COMMAND,81,SET_MAG_DIPOLE,128,1,128,1,0,0,0x18010202
1777259693.658,1143649,6,4,ADCS,8,SOLAR,2,COMMAND,81,SET_MAG_DIPOLE,128,1,128,1,0,0,0x18010202
1777259694.747,1144687,6,4,ADCS,8,SOLAR,2,COMMAND,81,SET_MAG_DIPOLE,128,1,128,1,0,0,0x18010202
1777259695.767,1145756,6,4,ADCS,8,SOLAR,2,COMMAND,81,SET_MAG_DIPOLE,128,1,128,1,0,0,0x18010202
1777259696.805,1146795,6,4,ADCS,8,SOLAR,2,COMMAND,81,SET_MAG_DIPOLE,128,1,128,1,0,0,0x18010202
1777259697.909,1147892,6,4,ADCS,8,SOLAR,2,COMMAND,81,SET_MAG_DIPOLE,128,1,128,1,0,0,0x18010202
1777259698.931,1148905,6,4,ADCS,8,SOLAR,2,COMMAND,81,SET_MAG_DIPOLE,128,1,128,1,0,0,0x18010202
1777259700.033,1150002,6,4,ADCS,8,SOLAR,2,COMMAND,81,SET_MAG_DIPOLE,128,1,128,1,0,0,0x18010202
1777259701.031,1151023,6,4,ADCS,8,SOLAR,2,COMMAND,81,SET_MAG_DIPOLE,128,1,128,1,0,0,0x18010202
1777259702.129,1152120,6,4,ADCS,8,SOLAR,2,COMMAND,81,SET_MAG_DIPOLE,128,1,128,1,0,0,0x18010202
1777259703.231,1153217,6,4,ADCS,8,SOLAR,2,COMMAND,81,SET_MAG_DIPOLE,128,1,128,1,0,0,0x18010202
1777259704.303,1154277,6,4,ADCS,8,SOLAR,2,COMMAND,81,SET_MAG_DIPOLE,128,1,128,1,0,0,0x18010202
1777259705.383,1155358,6,4,ADCS,8,SOLAR,2,COMMAND,81,SET_MAG_DIPOLE,128,1,128,1,0,0,0x18010202
1777259706.464,1156456,6,4,ADCS,8,SOLAR,2,COMMAND,81,SET_MAG_DIPOLE,128,1,128,1,0,0,0x18010202
1777259707.557,1157548,6,4,ADCS,8,SOLAR,2,COMMAND,81,SET_MAG_DIPOLE,128,1,128,1,0,0,0x18010202
1777259708.598,1158589,6,4,ADCS,8,SOLAR,2,COMMAND,81,SET_MAG_DIPOLE,128,1,128,1,0,0,0x18010202
1777259709.621,1159608,6,4,ADCS,8,SOLAR,2,COMMAND,81,SET_MAG_DIPOLE,128,1,128,1,0,0,0x18010202
1777259710.711,1160703,6,4,ADCS,8,SOLAR,2,COMMAND,81,SET_MAG_DIPOLE,128,1,128,1,0,0,0x18010202
1777259711.733,1161716,6,4,ADCS,8,SOLAR,2,COMMAND,81,SET_MAG_DIPOLE,128,1,128,1,0,0,0x18010202
1777259712.802,1162778,6,4,ADCS,8,SOLAR,2,COMMAND,81,SET_MAG_DIPOLE,128,1,128,1,0,0,0x18010202
1777259713.806,1163796,6,4,ADCS,8,SOLAR,2,COMMAND,81,SET_MAG_DIPOLE,128,1,128,1,0,0,0x18010202
1777259714.914,1164892,6,4,ADCS,8,SOLAR,2,COMMAND,81,SET_MAG_DIPOLE,128,1,128,1,0,0,0x18010202
1777259715.980,1165971,6,4,ADCS,8,SOLAR,2,COMMAND,81,SET_MAG_DIPOLE,128,1,128,1,0,0,0x18010202
1777259717.077,1167068,6,4,ADCS,8,SOLAR,2,COMMAND,81,SET_MAG_DIPOLE,128,1,128,1,0,0,0x18010202
1777259718.181,1168166,6,4,ADCS,8,SOLAR,2,COMMAND,81,SET_MAG_DIPOLE,128,1,128,1,0,0,0x18010202
1777259719.264,1169255,6,4,ADCS,8,SOLAR,2,COMMAND,81,SET_MAG_DIPOLE,128,1,128,1,0,0,0x18010202
1777259720.362,1170352,6,4,ADCS,8,SOLAR,2,COMMAND,81,SET_MAG_DIPOLE,128,1,128,1,0,0,0x18010202
1777259721.461,1171442,6,4,ADCS,8,SOLAR,2,COMMAND,81,SET_MAG_DIPOLE,128,1,128,1,0,0,0x18010202
1777259722.546,1172535,6,4,ADCS,8,SOLAR,2,COMMAND,81,SET_MAG_DIPOLE,128,1,128,1,0,0,0x18010202
1777259723.642,1173634,6,4,ADCS,8,SOLAR,2,COMMAND,81,SET_MAG_DIPOLE,128,1,128,1,0,0,0x18010202
1777259724.692,1174683,6,4,ADCS,8,SOLAR,2,COMMAND,81,SET_MAG_DIPOLE,128,1,128,1,0,0,0x18010202
1777259725.722,1175706,6,4,ADCS,8,SOLAR,2,COMMAND,81,SET_MAG_DIPOLE,128,1,128,1,0,0,0x18010202
1777259726.792,1176781,6,4,ADCS,8,SOLAR,2,COMMAND,81,SET_MAG_DIPOLE,128,1,128,1,0,0,0x18010202
1777259727.920,1177877,6,4,ADCS,8,SOLAR,2,COMMAND,81,SET_MAG_DIPOLE,128,1,128,1,0,0,0x18010202
1777259728.939,1178928,6,4,ADCS,8,SOLAR,2,COMMAND,81,SET_MAG_DIPOLE,128,1,128,1,0,0,0x18010202
1777259730.063,1180024,6,4,ADCS,8,SOLAR,2,COMMAND,81,SET_MAG_DIPOLE,128,1,128,1,0,0,0x18010202
1777259731.137,1181120,6,4,ADCS,8,SOLAR,2,COMMAND,81,SET_MAG_DIPOLE,128,1,128,1,0,0,0x18010202
1777259732.162,1182152,6,4,ADCS,8,SOLAR,2,COMMAND,81,SET_MAG_DIPOLE,128,1,128,1,0,0,0x18010202
1777259733.162,1183153,6,4,ADCS,8,SOLAR,2,COMMAND,81,SET_MAG_DIPOLE,128,1,128,1,0,0,0x18010202
1777259734.263,1184244,6,4,ADCS,8,SOLAR,2,COMMAND,81,SET_MAG_DIPOLE,128,1,128,1,0,0,0x18010202
1777259735.302,1185288,6,4,ADCS,8,SOLAR,2,COMMAND,81,SET_MAG_DIPOLE,128,1,128,1,0,0,0x18010202
1777259736.340,1186330,6,4,ADCS,8,SOLAR,2,COMMAND,81,SET_MAG_DIPOLE,128,1,128,1,0,0,0x18010202
1777259737.386,1187371,6,4,ADCS,8,SOLAR,2,COMMAND,81,SET_MAG_DIPOLE,128,1,128,1,0,0,0x18010202
1777259738.457,1188414,6,4,ADCS,8,SOLAR,2,COMMAND,81,SET_MAG_DIPOLE,128,1,128,1,0,0,0x18010202
1777259739.487,1189440,6,4,ADCS,8,SOLAR,2,COMMAND,81,SET_MAG_DIPOLE,128,1,128,1,0,0,0x18010202
1777259740.510,1190501,6,4,ADCS,8,SOLAR,2,COMMAND,81,SET_MAG_DIPOLE,128,1,128,1,0,0,0x18010202
1777259741.538,1191529,6,4,ADCS,8,SOLAR,2,COMMAND,81,SET_MAG_DIPOLE,128,1,128,1,0,0,0x18010202
1777259742.590,1192580,6,4,ADCS,8,SOLAR,2,COMMAND,81,SET_MAG_DIPOLE,128,1,128,1,0,0,0x18010202
1777259743.683,1193635,6,4,ADCS,8,SOLAR,2,COMMAND,81,SET_MAG_DIPOLE,128,1,128,1,0,0,0x18010202
1777259744.716,1194707,6,4,ADCS,8,SOLAR,2,COMMAND,81,SET_MAG_DIPOLE,128,1,128,1,0,0,0x18010202
1777259745.769,1195760,6,4,ADCS,8,SOLAR,2,COMMAND,81,SET_MAG_DIPOLE,128,1,128,1,0,0,0x18010202
1777259746.776,1196767,6,4,ADCS,8,SOLAR,2,COMMAND,81,SET_MAG_DIPOLE,128,1,128,1,0,0,0x18010202
1777259747.804,1197795,6,4,ADCS,8,SOLAR,2,COMMAND,81,SET_MAG_DIPOLE,128,1,128,1,0,0,0x18010202
1777259748.848,1198837,6,4,ADCS,8,SOLAR,2,COMMAND,81,SET_MAG_DIPOLE,128,1,128,1,0,0,0x18010202
1777259749.867,1199857,6,4,ADCS,8,SOLAR,2,COMMAND,81,SET_MAG_DIPOLE,128,1,128,1,0,0,0x18010202
1777259750.963,1200953,6,4,ADCS,8,SOLAR,2,COMMAND,81,SET_MAG_DIPOLE,128,1,128,1,0,0,0x18010202
1777259751.973,1201964,6,4,ADCS,8,SOLAR,2,COMMAND,81,SET_MAG_DIPOLE,128,1,128,1,0,0,0x18010202
1777259752.991,1202972,6,4,ADCS,8,SOLAR,2,COMMAND,81,SET_MAG_DIPOLE,128,1,128,1,0,0,0x18010202
1777259754.031,1203992,6,4,ADCS,8,SOLAR,2,COMMAND,81,SET_MAG_DIPOLE,128,1,128,1,0,0,0x18010202
1777259755.098,1205089,6,4,ADCS,8,SOLAR,2,COMMAND,81,SET_MAG_DIPOLE,128,1,128,1,0,0,0x18010202
1777259756.190,1206181,6,4,ADCS,8,SOLAR,2,COMMAND,81,SET_MAG_DIPOLE,128,1,128,1,0,0,0x18010202
1777259757.297,1207273,6,4,ADCS,8,SOLAR,2,COMMAND,81,SET_MAG_DIPOLE,128,1,128,1,0,0,0x18010202
1777259758.325,1208314,6,4,ADCS,8,SOLAR,2,COMMAND,81,SET_MAG_DIPOLE,128,1,128,1,0,0,0x18010202
1777259759.348,1209324,6,4,ADCS,8,SOLAR,2,COMMAND,81,SET_MAG_DIPOLE,128,1,128,1,0,0,0x18010202
1777259760.429,1210419,6,4,ADCS,8,SOLAR,2,COMMAND,81,SET_MAG_DIPOLE,128,1,128,1,0,0,0x18010202
1777259761.445,1211436,6,4,ADCS,8,SOLAR,2,COMMAND,81,SET_MAG_DIPOLE,128,1,128,1,0,0,0x18010202
1777259762.550,1212533,6,4,ADCS,8,SOLAR,2,COMMAND,81,SET_MAG_DIPOLE,128,1,128,1,0,0,0x18010202
1777259763.585,1213586,6,4,ADCS,8,SOLAR,2,COMMAND,81,SET_MAG_DIPOLE,128,1,128,1,0,0,0x18010202
1777259764.669,1214628,6,4,ADCS,8,SOLAR,2,COMMAND,81,SET_MAG_DIPOLE,128,1,128,1,0,0,0x18010202
1777259765.733,1215724,6,4,ADCS,8,SOLAR,2,COMMAND,81,SET_MAG_DIPOLE,128,1,128,1,0,0,0x18010202
1777259766.838,1216798,6,4,ADCS,8,SOLAR,2,COMMAND,81,SET_MAG_DIPOLE,128,1,128,1,0,0,0x18010202
1777259767.897,1217886,6,4,ADCS,8,SOLAR,2,COMMAND,81,SET_MAG_DIPOLE,128,1,128,1,0,0,0x18010202
1777259769.021,1218982,6,4,ADCS,8,SOLAR,2,COMMAND,81,SET_MAG_DIPOLE,128,1,128,1,0,0,0x18010202
1777259770.099,1220075,6,4,ADCS,8,SOLAR,2,COMMAND,81,SET_MAG_DIPOLE,128,1,128,1,0,0,0x18010202
1777259771.177,1221167,6,4,ADCS,8,SOLAR,2,COMMAND,81,SET_MAG_DIPOLE,128,1,128,1,0,0,0x18010202
1777259772.258,1222247,6,4,ADCS,8,SOLAR,2,COMMAND,81,SET_MAG_DIPOLE,128,1,128,1,0,0,0x18010202
1777259773.367,1223340,6,4,ADCS,8,SOLAR,2,COMMAND,81,SET_MAG_DIPOLE,128,1,128,1,0,0,0x18010202
1777259774.349,1224340,6,4,ADCS,8,SOLAR,2,COMMAND,81,SET_MAG_DIPOLE,128,1,128,1,0,0,0x18010202
1777259775.445,1225435,6,4,ADCS,8,SOLAR,2,COMMAND,81,SET_MAG_DIPOLE,128,1,128,1,0,0,0x18010202
1777259776.550,1226527,6,4,ADCS,8,SOLAR,2,COMMAND,81,SET_MAG_DIPOLE,128,1,128,1,0,0,0x18010202
1777259777.580,1227551,6,4,ADCS,8,SOLAR,2,COMMAND,81,SET_MAG_DIPOLE,128,1,128,1,0,0,0x18010202
1777259778.598,1228587,6,4,ADCS,8,SOLAR,2,COMMAND,81,SET_MAG_DIPOLE,128,1,128,1,0,0,0x18010202
1777259779.725,1229684,6,4,ADCS,8,SOLAR,2,COMMAND,81,SET_MAG_DIPOLE,128,1,128,1,0,0,0x18010202
1777259780.763,1230752,6,4,ADCS,8,SOLAR,2,COMMAND,81,SET_MAG_DIPOLE,128,1,128,1,0,0,0x18010202
1777259781.791,1231782,6,4,ADCS,8,SOLAR,2,COMMAND,81,SET_MAG_DIPOLE,128,1,128,1,0,0,0x18010202
1777259782.901,1232876,6,4,ADCS,8,SOLAR,2,COMMAND,81,SET_MAG_DIPOLE,128,1,128,1,0,0,0x18010202
1777259783.929,1233920,6,4,ADCS,8,SOLAR,2,COMMAND,81,SET_MAG_DIPOLE,128,1,128,1,0,0,0x18010202
1777259784.972,1234962,6,4,ADCS,8,SOLAR,2,COMMAND,81,SET_MAG_DIPOLE,128,1,128,1,0,0,0x18010202
1777259786.019,1236006,6,4,ADCS,8,SOLAR,2,COMMAND,81,SET_MAG_DIPOLE,128,1,128,1,0,0,0x18010202
1777259787.058,1237049,6,4,ADCS,8,SOLAR,2,COMMAND,81,SET_MAG_DIPOLE,128,1,128,1,0,0,0x18010202
1777259788.066,1238056,6,4,ADCS,8,SOLAR,2,COMMAND,81,SET_MAG_DIPOLE,128,1,128,1,0,0,0x18010202
1777259789.103,1239092,6,4,ADCS,8,SOLAR,2,COMMAND,81,SET_MAG_DIPOLE,128,1,128,1,0,0,0x18010202
1777259790.176,1240148,6,4,ADCS,8,SOLAR,2,COMMAND,81,SET_MAG_DIPOLE,128,1,128,1,0,0,0x18010202
1777259791.223,1241213,6,4,ADCS,8,SOLAR,2,COMMAND,81,SET_MAG_DIPOLE,128,1,128,1,0,0,0x18010202
1777259792.322,1242309,6,4,ADCS,8,SOLAR,2,COMMAND,81,SET_MAG_DIPOLE,128,1,128,1,0,0,0x18010202
1777259793.454,1243402,6,4,ADCS,8,SOLAR,2,COMMAND,81,SET_MAG_DIPOLE,128,1,128,1,0,0,0x18010202
1777259794.477,1244442,6,4,ADCS,8,SOLAR,2,COMMAND,81,SET_MAG_DIPOLE,128,1,128,1,0,0,0x18010202
1777259795.496,1245484,6,4,ADCS,8,SOLAR,2,COMMAND,81,SET_MAG_DIPOLE,128,1,128,1,0,0,0x18010202
1777259796.523,1246504,6,4,ADCS,8,SOLAR,2,COMMAND,81,SET_MAG_DIPOLE,128,1,128,1,0,0,0x18010202
1777259797.576,1247566,6,4,ADCS,8,SOLAR,2,COMMAND,81,SET_MAG_DIPOLE,128,1,128,1,0,0,0x18010202
1777259798.681,1248655,6,4,ADCS,8,SOLAR,2,COMMAND,81,SET_MAG_DIPOLE,128,1,128,1,0,0,0x18010202
1777259799.703,1249690,6,4,ADCS,8,SOLAR,2,COMMAND,81,SET_MAG_DIPOLE,128,1,128,1,0,0,0x18010202
1777259800.816,1250786,6,4,ADCS,8,SOLAR,2,COMMAND,81,SET_MAG_DIPOLE,128,1,128,1,0,0,0x18010202
1777259801.893,1251881,6,4,ADCS,8,SOLAR,2,COMMAND,81,SET_MAG_DIPOLE,128,1,128,1,0,0,0x18010202
1777259802.991,1252981,6,4,ADCS,8,SOLAR,2,COMMAND,81,SET_MAG_DIPOLE,128,1,128,1,0,0,0x18010202
1777259804.104,1254066,6,4,ADCS,8,SOLAR,2,COMMAND,81,SET_MAG_DIPOLE,128,1,128,1,0,0,0x18010202
1777259805.126,1255104,6,4,ADCS,8,SOLAR,2,COMMAND,81,SET_MAG_DIPOLE,128,1,128,1,0,0,0x18010202
1777259806.250,1256202,6,4,ADCS,8,SOLAR,2,COMMAND,81,SET_MAG_DIPOLE,128,1,128,1,0,0,0x18010202
1777259807.304,1257292,6,4,ADCS,8,SOLAR,2,COMMAND,81,SET_MAG_DIPOLE,128,1,128,1,0,0,0x18010202
1777259808.399,1258385,6,4,ADCS,8,SOLAR,2,COMMAND,81,SET_MAG_DIPOLE,128,1,128,1,0,0,0x18010202
1777259809.498,1259472,6,4,ADCS,8,SOLAR,2,COMMAND,81,SET_MAG_DIPOLE,128,1,128,1,0,0,0x18010202
1777259810.552,1260511,6,4,ADCS,8,SOLAR,2,COMMAND,81,SET_MAG_DIPOLE,128,1,128,1,0,0,0x18010202
1777259811.581,1261557,6,4,ADCS,8,SOLAR,2,COMMAND,81,SET_MAG_DIPOLE,128,1,128,1,0,0,0x18010202
1777259812.656,1262644,6,4,ADCS,8,SOLAR,2,COMMAND,81,SET_MAG_DIPOLE,128,1,128,1,0,0,0x18010202
1777259813.654,1263644,6,4,ADCS,8,SOLAR,2,COMMAND,81,SET_MAG_DIPOLE,128,1,128,1,0,0,0x18010202
1777259814.753,1264740,6,4,ADCS,8,SOLAR,2,COMMAND,81,SET_MAG_DIPOLE,128,1,128,1,0,0,0x18010202
1777259815.875,1265835,6,4,ADCS,8,SOLAR,2,COMMAND,81,SET_MAG_DIPOLE,128,1,128,1,0,0,0x18010202
1777259816.942,1266931,6,4,ADCS,8,SOLAR,2,COMMAND,81,SET_MAG_DIPOLE,128,1,128,1,0,0,0x18010202
1777259818.027,1267984,6,4,ADCS,8,SOLAR,2,COMMAND,81,SET_MAG_DIPOLE,128,1,128,1,0,0,0x18010202
1777259819.048,1269001,6,4,ADCS,8,SOLAR,2,COMMAND,81,SET_MAG_DIPOLE,128,1,128,1,0,0,0x18010202
1777259820.110,1270099,6,4,ADCS,8,SOLAR,2,COMMAND,81,SET_MAG_DIPOLE,128,1,128,1,0,0,0x18010202
1777259821.201,1271190,6,4,ADCS,8,SOLAR,2,COMMAND,81,SET_MAG_DIPOLE,128,1,128,1,0,0,0x18010202
1777259822.328,1272281,6,4,ADCS,8,SOLAR,2,COMMAND,81,SET_MAG_DIPOLE,128,1,128,1,0,0,0x18010202
1777259823.348,1273323,6,4,ADCS,8,SOLAR,2,COMMAND,81,SET_MAG_DIPOLE,128,1,128,1,0,0,0x18010202
1777259824.378,1274368,6,4,ADCS,8,SOLAR,2,COMMAND,81,SET_MAG_DIPOLE,128,1,128,1,0,0,0x18010202
1777259825.443,1275433,6,4,ADCS,8,SOLAR,2,COMMAND,81,SET_MAG_DIPOLE,128,1,128,1,0,0,0x18010202
1777259826.443,1276433,6,4,ADCS,8,SOLAR,2,COMMAND,81,SET_MAG_DIPOLE,128,1,128,1,0,0,0x18010202
1777259827.451,1277437,6,4,ADCS,8,SOLAR,2,COMMAND,81,SET_MAG_DIPOLE,128,1,128,1,0,0,0x18010202
1777259828.576,1278533,6,4,ADCS,8,SOLAR,2,COMMAND,81,SET_MAG_DIPOLE,128,1,128,1,0,0,0x18010202
1777259829.605,1279556,6,4,ADCS,8,SOLAR,2,COMMAND,81,SET_MAG_DIPOLE,128,1,128,1,0,0,0x18010202
1777259830.622,1280585,6,4,ADCS,8,SOLAR,2,COMMAND,81,SET_MAG_DIPOLE,128,1,128,1,0,0,0x18010202
1777259831.693,1281682,6,4,ADCS,8,SOLAR,2,COMMAND,81,SET_MAG_DIPOLE,128,1,128,1,0,0,0x18010202
1777259832.790,1282780,6,4,ADCS,8,SOLAR,2,COMMAND,81,SET_MAG_DIPOLE,128,1,128,1,0,0,0x18010202
1777259833.817,1283806,6,4,ADCS,8,SOLAR,2,COMMAND,81,SET_MAG_DIPOLE,128,1,128,1,0,0,0x18010202
1777259834.859,1284849,6,4,ADCS,8,SOLAR,2,COMMAND,81,SET_MAG_DIPOLE,128,1,128,1,0,0,0x18010202
1777259835.882,1285872,6,4,ADCS,8,SOLAR,2,COMMAND,81,SET_MAG_DIPOLE,128,1,128,1,0,0,0x18010202
1777259836.887,1286876,6,4,ADCS,8,SOLAR,2,COMMAND,81,SET_MAG_DIPOLE,128,1,128,1,0,0,0x18010202
1777259837.993,1287972,6,4,ADCS,8,SOLAR,2,COMMAND,81,SET_MAG_DIPOLE,128,1,128,1,0,0,0x18010202
1777259839.089,1289067,6,4,ADCS,8,SOLAR,2,COMMAND,81,SET_MAG_DIPOLE,128,1,128,1,0,0,0x18010202
1777259840.178,1290159,6,4,ADCS,8,SOLAR,2,COMMAND,81,SET_MAG_DIPOLE,128,1,128,1,0,0,0x18010202
1777259841.211,1291200,6,4,ADCS,8,SOLAR,2,COMMAND,81,SET_MAG_DIPOLE,128,1,128,1,0,0,0x18010202
1777259842.253,1292242,6,4,ADCS,8,SOLAR,2,COMMAND,81,SET_MAG_DIPOLE,128,1,128,1,0,0,0x18010202
1777259843.336,1293284,6,4,ADCS,8,SOLAR,2,COMMAND,81,SET_MAG_DIPOLE,128,1,128,1,0,0,0x18010202
1777259844.336,1294308,6,4,ADCS,8,SOLAR,2,COMMAND,81,SET_MAG_DIPOLE,128,1,128,1,0,0,0x18010202
1777259845.398,1295383,6,4,ADCS,8,SOLAR,2,COMMAND,81,SET_MAG_DIPOLE,128,1,128,1,0,0,0x18010202
1777259846.494,1296484,6,4,ADCS,8,SOLAR,2,COMMAND,81,SET_MAG_DIPOLE,128,1,128,1,0,0,0x18010202
1777259847.519,1297507,6,4,ADCS,8,SOLAR,2,COMMAND,81,SET_MAG_DIPOLE,128,1,128,1,0,0,0x18010202
1777259848.537,1298526,6,4,ADCS,8,SOLAR,2,COMMAND,81,SET_MAG_DIPOLE,128,1,128,1,0,0,0x18010202
1777259849.659,1299623,6,4,ADCS,8,SOLAR,2,COMMAND,81,SET_MAG_DIPOLE,128,1,128,1,0,0,0x18010202
1777259850.729,1300718,6,4,ADCS,8,SOLAR,2,COMMAND,81,SET_MAG_DIPOLE,128,1,128,1,0,0,0x18010202
1777259851.761,1301752,6,4,ADCS,8,SOLAR,2,COMMAND,81,SET_MAG_DIPOLE,128,1,128,1,0,0,0x18010202
1777259852.804,1302786,6,4,ADCS,8,SOLAR,2,COMMAND,81,SET_MAG_DIPOLE,128,1,128,1,0,0,0x18010202
1777259853.895,1303881,6,4,ADCS,8,SOLAR,2,COMMAND,81,SET_MAG_DIPOLE,128,1,128,1,0,0,0x18010202
1777259854.995,1304972,6,4,ADCS,8,SOLAR,2,COMMAND,81,SET_MAG_DIPOLE,128,1,128,1,0,0,0x18010202
1777259856.079,1306068,6,4,ADCS,8,SOLAR,2,COMMAND,81,SET_MAG_DIPOLE,128,1,128,1,0,0,0x18010202
1777259857.173,1307161,6,4,ADCS,8,SOLAR,2,COMMAND,81,SET_MAG_DIPOLE,128,1,128,1,0,0,0x18010202
1777259858.214,1308203,6,4,ADCS,8,SOLAR,2,COMMAND,81,SET_MAG_DIPOLE,128,1,128,1,0,0,0x18010202
1777259859.311,1309299,6,4,ADCS,8,SOLAR,2,COMMAND,81,SET_MAG_DIPOLE,128,1,128,1,0,0,0x18010202
1777259860.357,1310346,6,4,ADCS,8,SOLAR,2,COMMAND,81,SET_MAG_DIPOLE,128,1,128,1,0,0,0x18010202
1777259861.457,1311446,6,4,ADCS,8,SOLAR,2,COMMAND,81,SET_MAG_DIPOLE,128,1,128,1,0,0,0x18010202
1777259862.480,1312469,6,4,ADCS,8,SOLAR,2,COMMAND,81,SET_MAG_DIPOLE,128,1,128,1,0,0,0x18010202
1777259863.489,1313476,6,4,ADCS,8,SOLAR,2,COMMAND,81,SET_MAG_DIPOLE,128,1,128,1,0,0,0x18010202
1777259864.621,1314573,6,4,ADCS,8,SOLAR,2,COMMAND,81,SET_MAG_DIPOLE,128,1,128,1,0,0,0x18010202
1777259865.657,1315646,6,4,ADCS,8,SOLAR,2,COMMAND,81,SET_MAG_DIPOLE,128,1,128,1,0,0,0x18010202
1777259866.709,1316696,6,4,ADCS,8,SOLAR,2,COMMAND,81,SET_MAG_DIPOLE,128,1,128,1,0,0,0x18010202
1777259867.814,1317791,6,4,ADCS,8,SOLAR,2,COMMAND,81,SET_MAG_DIPOLE,128,1,128,1,0,0,0x18010202
1777259868.921,1318874,6,4,ADCS,8,SOLAR,2,COMMAND,81,SET_MAG_DIPOLE,128,1,128,1,0,0,0x18010202
1777259869.890,1319879,6,4,ADCS,8,SOLAR,2,COMMAND,81,SET_MAG_DIPOLE,128,1,128,1,0,0,0x18010202
1777259870.970,1320958,6,4,ADCS,8,SOLAR,2,COMMAND,81,SET_MAG_DIPOLE,128,1,128,1,0,0,0x18010202
1777259871.987,1321966,6,4,ADCS,8,SOLAR,2,COMMAND,81,SET_MAG_DIPOLE,128,1,128,1,0,0,0x18010202
1777259873.055,1323043,6,4,ADCS,8,SOLAR,2,COMMAND,81,SET_MAG_DIPOLE,128,1,128,1,0,0,0x18010202
1777259874.074,1324054,6,4,ADCS,8,SOLAR,2,COMMAND,81,SET_MAG_DIPOLE,128,1,128,1,0,0,0x18010202
1777259875.083,1325072,6,4,ADCS,8,SOLAR,2,COMMAND,81,SET_MAG_DIPOLE,128,1,128,1,0,0,0x18010202
1777259876.212,1326167,6,4,ADCS,8,SOLAR,2,COMMAND,81,SET_MAG_DIPOLE,128,1,128,1,0,0,0x18010202
1777259877.221,1327209,6,4,ADCS,8,SOLAR,2,COMMAND,81,SET_MAG_DIPOLE,128,1,128,1,0,0,0x18010202
1777259878.263,1328251,6,4,ADCS,8,SOLAR,2,COMMAND,81,SET_MAG_DIPOLE,128,1,128,1,0,0,0x18010202
1777259879.306,1329293,6,4,ADCS,8,SOLAR,2,COMMAND,81,SET_MAG_DIPOLE,128,1,128,1,0,0,0x18010202
1777259880.306,1330295,6,4,ADCS,8,SOLAR,2,COMMAND,81,SET_MAG_DIPOLE,128,1,128,1,0,0,0x18010202
1777259881.343,1331332,6,4,ADCS,8,SOLAR,2,COMMAND,81,SET_MAG_DIPOLE,128,1,128,1,0,0,0x18010202
1777259882.380,1332369,6,4,ADCS,8,SOLAR,2,COMMAND,81,SET_MAG_DIPOLE,128,1,128,1,0,0,0x18010202
1777259883.401,1333388,6,4,ADCS,8,SOLAR,2,COMMAND,81,SET_MAG_DIPOLE,128,1,128,1,0,0,0x18010202
1777259884.417,1334405,6,4,ADCS,8,SOLAR,2,COMMAND,81,SET_MAG_DIPOLE,128,1,128,1,0,0,0x18010202
1777259885.454,1335442,6,4,ADCS,8,SOLAR,2,COMMAND,81,SET_MAG_DIPOLE,128,1,128,1,0,0,0x18010202
1777259886.490,1336469,6,4,ADCS,8,SOLAR,2,COMMAND,81,SET_MAG_DIPOLE,128,1,128,1,0,0,0x18010202
1777259887.496,1337477,6,4,ADCS,8,SOLAR,2,COMMAND,81,SET_MAG_DIPOLE,128,1,128,1,0,0,0x18010202
1777259888.585,1338571,6,4,ADCS,8,SOLAR,2,COMMAND,81,SET_MAG_DIPOLE,128,1,128,1,0,0,0x18010202
1777259889.626,1339614,6,4,ADCS,8,SOLAR,2,COMMAND,81,SET_MAG_DIPOLE,128,1,128,1,0,0,0x18010202
1777259890.669,1340657,6,4,ADCS,8,SOLAR,2,COMMAND,81,SET_MAG_DIPOLE,128,1,128,1,0,0,0x18010202
1777259891.712,1341699,6,4,ADCS,8,SOLAR,2,COMMAND,81,SET_MAG_DIPOLE,128,1,128,1,0,0,0x18010202
1777259892.780,1342742,6,4,ADCS,8,SOLAR,2,COMMAND,81,SET_MAG_DIPOLE,128,1,128,1,0,0,0x18010202
1777259893.799,1343783,6,4,ADCS,8,SOLAR,2,COMMAND,81,SET_MAG_DIPOLE,128,1,128,1,0,0,0x18010202
1777259894.837,1344825,6,4,ADCS,8,SOLAR,2,COMMAND,81,SET_MAG_DIPOLE,128,1,128,1,0,0,0x18010202
1777259895.852,1345830,6,4,ADCS,8,SOLAR,2,COMMAND,81,SET_MAG_DIPOLE,128,1,128,1,0,0,0x18010202
1777259896.920,1346905,6,4,ADCS,8,SOLAR,2,COMMAND,81,SET_MAG_DIPOLE,128,1,128,1,0,0,0x18010202
1777259898.011,1348000,6,4,ADCS,8,SOLAR,2,COMMAND,81,SET_MAG_DIPOLE,128,1,128,1,0,0,0x18010202
1777259899.083,1349042,6,4,ADCS,8,SOLAR,2,COMMAND,81,SET_MAG_DIPOLE,128,1,128,1,0,0,0x18010202
1777259900.096,1350084,6,4,ADCS,8,SOLAR,2,COMMAND,81,SET_MAG_DIPOLE,128,1,128,1,0,0,0x18010202
1777259901.144,1351127,6,4,ADCS,8,SOLAR,2,COMMAND,81,SET_MAG_DIPOLE,128,1,128,1,0,0,0x18010202
1777259902.199,1352171,6,4,ADCS,8,SOLAR,2,COMMAND,81,SET_MAG_DIPOLE,128,1,128,1,0,0,0x18010202
1777259903.228,1353212,6,4,ADCS,8,SOLAR,2,COMMAND,81,SET_MAG_DIPOLE,128,1,128,1,0,0,0x18010202
1777259904.253,1354235,6,4,ADCS,8,SOLAR,2,COMMAND,81,SET_MAG_DIPOLE,128,1,128,1,0,0,0x18010202
1777259905.313,1355299,6,4,ADCS,8,SOLAR,2,COMMAND,81,SET_MAG_DIPOLE,128,1,128,1,0,0,0x18010202
1777259906.330,1356319,6,4,ADCS,8,SOLAR,2,COMMAND,81,SET_MAG_DIPOLE,128,1,128,1,0,0,0x18010202
1777259907.343,1357327,6,4,ADCS,8,SOLAR,2,COMMAND,81,SET_MAG_DIPOLE,128,1,128,1,0,0,0x18010202
1777259908.449,1358427,6,4,ADCS,8,SOLAR,2,COMMAND,81,SET_MAG_DIPOLE,128,1,128,1,0,0,0x18010202
1777259909.491,1359448,6,4,ADCS,8,SOLAR,2,COMMAND,81,SET_MAG_DIPOLE,128,1,128,1,0,0,0x18010202
1777259910.497,1360484,6,4,ADCS,8,SOLAR,2,COMMAND,81,SET_MAG_DIPOLE,128,1,128,1,0,0,0x18010202
1777259911.577,1361564,6,4,ADCS,8,SOLAR,2,COMMAND,81,SET_MAG_DIPOLE,128,1,128,1,0,0,0x18010202
1777259912.584,1362570,6,4,ADCS,8,SOLAR,2,COMMAND,81,SET_MAG_DIPOLE,128,1,128,1,0,0,0x18010202
1777259913.585,1363572,6,4,ADCS,8,SOLAR,2,COMMAND,81,SET_MAG_DIPOLE,128,1,128,1,0,0,0x18010202
1777259914.654,1364642,6,4,ADCS,8,SOLAR,2,COMMAND,81,SET_MAG_DIPOLE,128,1,128,1,0,0,0x18010202
1777259915.680,1365663,6,4,ADCS,8,SOLAR,2,COMMAND,81,SET_MAG_DIPOLE,128,1,128,1,0,0,0x18010202
1777259916.744,1366726,6,4,ADCS,8,SOLAR,2,COMMAND,81,SET_MAG_DIPOLE,128,1,128,1,0,0,0x18010202
1777259917.780,1367732,6,4,ADCS,8,SOLAR,2,COMMAND,81,SET_MAG_DIPOLE,128,1,128,1,0,0,0x18010202
1777259918.796,1368743,6,4,ADCS,8,SOLAR,2,COMMAND,81,SET_MAG_DIPOLE,128,1,128,1,0,0,0x18010202
1777259919.881,1369838,6,4,ADCS,8,SOLAR,2,COMMAND,81,SET_MAG_DIPOLE,128,1,128,1,0,0,0x18010202
1777259920.893,1370881,6,4,ADCS,8,SOLAR,2,COMMAND,81,SET_MAG_DIPOLE,128,1,128,1,0,0,0x18010202
1777259921.965,1371924,6,4,ADCS,8,SOLAR,2,COMMAND,81,SET_MAG_DIPOLE,128,1,128,1,0,0,0x18010202
1777259922.994,1372966,6,4,ADCS,8,SOLAR,2,COMMAND,81,SET_MAG_DIPOLE,128,1,128,1,0,0,0x18010202
1777259924.023,1374009,6,4,ADCS,8,SOLAR,2,COMMAND,81,SET_MAG_DIPOLE,128,1,128,1,0,0,0x18010202
1777259925.063,1375051,6,4,ADCS,8,SOLAR,2,COMMAND,81,SET_MAG_DIPOLE,128,1,128,1,0,0,0x18010202
1777259926.105,1376093,6,4,ADCS,8,SOLAR,2,COMMAND,81,SET_MAG_DIPOLE,128,1,128,1,0,0,0x18010202
1777259927.147,1377135,6,4,ADCS,8,SOLAR,2,COMMAND,81,SET_MAG_DIPOLE,128,1,128,1,0,0,0x18010202
1777259928.207,1378173,6,4,ADCS,8,SOLAR,2,COMMAND,81,SET_MAG_DIPOLE,128,1,128,1,0,0,0x18010202
1777259929.184,1379173,6,4,ADCS,8,SOLAR,2,COMMAND,81,SET_MAG_DIPOLE,128,1,128,1,0,0,0x18010202
1777259930.262,1380250,6,4,ADCS,8,SOLAR,2,COMMAND,81,SET_MAG_DIPOLE,128,1,128,1,0,0,0x18010202
1777259931.330,1381318,6,4,ADCS,8,SOLAR,2,COMMAND,81,SET_MAG_DIPOLE,128,1,128,1,0,0,0x18010202
1777259932.414,1382374,6,4,ADCS,8,SOLAR,2,COMMAND,81,SET_MAG_DIPOLE,128,1,128,1,0,0,0x18010202
1777259933.438,1383398,6,4,ADCS,8,SOLAR,2,COMMAND,81,SET_MAG_DIPOLE,128,1,128,1,0,0,0x18010202
1777259934.461,1384449,6,4,ADCS,8,SOLAR,2,COMMAND,81,SET_MAG_DIPOLE,128,1,128,1,0,0,0x18010202
1777259935.587,1385546,6,4,ADCS,8,SOLAR,2,COMMAND,81,SET_MAG_DIPOLE,128,1,128,1,0,0,0x18010202
1777259936.569,1386558,6,4,ADCS,8,SOLAR,2,COMMAND,81,SET_MAG_DIPOLE,128,1,128,1,0,0,0x18010202
1777259937.583,1387571,6,4,ADCS,8,SOLAR,2,COMMAND,81,SET_MAG_DIPOLE,128,1,128,1,0,0,0x18010202
1777259938.607,1388595,6,4,ADCS,8,SOLAR,2,COMMAND,81,SET_MAG_DIPOLE,128,1,128,1,0,0,0x18010202
1777259939.702,1389690,6,4,ADCS,8,SOLAR,2,COMMAND,81,SET_MAG_DIPOLE,128,1,128,1,0,0,0x18010202
1777259940.806,1390781,6,4,ADCS,8,SOLAR,2,COMMAND,81,SET_MAG_DIPOLE,128,1,128,1,0,0,0x18010202
1777259941.836,1391823,6,4,ADCS,8,SOLAR,2,COMMAND,81,SET_MAG_DIPOLE,128,1,128,1,0,0,0x18010202
1777259942.878,1392865,6,4,ADCS,8,SOLAR,2,COMMAND,81,SET_MAG_DIPOLE,128,1,128,1,0,0,0x18010202
1777259943.921,1393907,6,4,ADCS,8,SOLAR,2,COMMAND,81,SET_MAG_DIPOLE,128,1,128,1,0,0,0x18010202
1777259944.963,1394950,6,4,ADCS,8,SOLAR,2,COMMAND,81,SET_MAG_DIPOLE,128,1,128,1,0,0,0x18010202
1777259946.033,1395991,6,4,ADCS,8,SOLAR,2,COMMAND,81,SET_MAG_DIPOLE,128,1,128,1,0,0,0x18010202
1777259947.049,1397029,6,4,ADCS,8,SOLAR,2,COMMAND,81,SET_MAG_DIPOLE,128,1,128,1,0,0,0x18010202
1777259948.137,1398125,6,4,ADCS,8,SOLAR,2,COMMAND,81,SET_MAG_DIPOLE,128,1,128,1,0,0,0x18010202
1777259949.203,1399185,6,4,ADCS,8,SOLAR,2,COMMAND,81,SET_MAG_DIPOLE,128,1,128,1,0,0,0x18010202
1777259950.232,1400216,6,4,ADCS,8,SOLAR,2,COMMAND,81,SET_MAG_DIPOLE,128,1,128,1,0,0,0x18010202
1777259951.353,1401311,6,4,ADCS,8,SOLAR,2,COMMAND,81,SET_MAG_DIPOLE,128,1,128,1,0,0,0x18010202
1777259952.371,1402334,6,4,ADCS,8,SOLAR,2,COMMAND,81,SET_MAG_DIPOLE,128,1,128,1,0,0,0x18010202
1777259953.452,1403431,6,4,ADCS,8,SOLAR,2,COMMAND,81,SET_MAG_DIPOLE,128,1,128,1,0,0,0x18010202
1777259954.504,1404476,6,4,ADCS,8,SOLAR,2,COMMAND,81,SET_MAG_DIPOLE,128,1,128,1,0,0,0x18010202
1777259955.590,1405571,6,4,ADCS,8,SOLAR,2,COMMAND,81,SET_MAG_DIPOLE,128,1,128,1,0,0,0x18010202
1777259956.681,1406663,6,4,ADCS,8,SOLAR,2,COMMAND,81,SET_MAG_DIPOLE,128,1,128,1,0,0,0x18010202
1777259957.803,1407755,6,4,ADCS,8,SOLAR,2,COMMAND,81,SET_MAG_DIPOLE,128,1,128,1,0,0,0x18010202
1777259958.864,1408847,6,4,ADCS,8,SOLAR,2,COMMAND,81,SET_MAG_DIPOLE,128,1,128,1,0,0,0x18010202
1777259959.958,1409933,6,4,ADCS,8,SOLAR,2,COMMAND,81,SET_MAG_DIPOLE,128,1,128,1,0,0,0x18010202
1777259961.042,1411029,6,4,ADCS,8,SOLAR,2,COMMAND,81,SET_MAG_DIPOLE,128,1,128,1,0,0,0x18010202
1777259962.126,1412093,6,4,ADCS,8,SOLAR,2,COMMAND,81,SET_MAG_DIPOLE,128,1,128,1,0,0,0x18010202
1777259963.163,1413137,6,4,ADCS,8,SOLAR,2,COMMAND,81,SET_MAG_DIPOLE,128,1,128,1,0,0,0x18010202
1777259964.277,1414235,6,4,ADCS,8,SOLAR,2,COMMAND,81,SET_MAG_DIPOLE,128,1,128,1,0,0,0x18010202
1777259965.296,1415283,6,4,ADCS,8,SOLAR,2,COMMAND,81,SET_MAG_DIPOLE,128,1,128,1,0,0,0x18010202
1777259966.366,1416348,6,4,ADCS,8,SOLAR,2,COMMAND,81,SET_MAG_DIPOLE,128,1,128,1,0,0,0x18010202
1777259967.367,1417354,6,4,ADCS,8,SOLAR,2,COMMAND,81,SET_MAG_DIPOLE,128,1,128,1,0,0,0x18010202
1777259968.385,1418370,6,4,ADCS,8,SOLAR,2,COMMAND,81,SET_MAG_DIPOLE,128,1,128,1,0,0,0x18010202
1777259969.486,1419465,6,4,ADCS,8,SOLAR,2,COMMAND,81,SET_MAG_DIPOLE,128,1,128,1,0,0,0x18010202
1777259970.549,1420507,6,4,ADCS,8,SOLAR,2,COMMAND,81,SET_MAG_DIPOLE,128,1,128,1,0,0,0x18010202
1777259971.562,1421549,6,4,ADCS,8,SOLAR,2,COMMAND,81,SET_MAG_DIPOLE,128,1,128,1,0,0,0x18010202
1777259972.605,1422591,6,4,ADCS,8,SOLAR,2,COMMAND,81,SET_MAG_DIPOLE,128,1,128,1,0,0,0x18010202
1777259973.683,1423634,6,4,ADCS,8,SOLAR,2,COMMAND,81,SET_MAG_DIPOLE,128,1,128,1,0,0,0x18010202
1777259974.699,1424676,6,4,ADCS,8,SOLAR,2,COMMAND,81,SET_MAG_DIPOLE,128,1,128,1,0,0,0x18010202
1777259975.731,1425718,6,4,ADCS,8,SOLAR,2,COMMAND,81,SET_MAG_DIPOLE,128,1,128,1,0,0,0x18010202
1777259976.773,1426760,6,4,ADCS,8,SOLAR,2,COMMAND,81,SET_MAG_DIPOLE,128,1,128,1,0,0,0x18010202
1777259977.810,1427797,6,4,ADCS,8,SOLAR,2,COMMAND,81,SET_MAG_DIPOLE,128,1,128,1,0,0,0x18010202
1777259978.904,1428891,6,4,ADCS,8,SOLAR,2,COMMAND,81,SET_MAG_DIPOLE,128,1,128,1,0,0,0x18010202
1777259979.965,1429934,6,4,ADCS,8,SOLAR,2,COMMAND,81,SET_MAG_DIPOLE,128,1,128,1,0,0,0x18010202
1777259980.992,1430976,6,4,ADCS,8,SOLAR,2,COMMAND,81,SET_MAG_DIPOLE,128,1,128,1,0,0,0x18010202
1777259982.035,1432018,6,4,ADCS,8,SOLAR,2,COMMAND,81,SET_MAG_DIPOLE,128,1,128,1,0,0,0x18010202
1777259983.056,1433042,6,4,ADCS,8,SOLAR,2,COMMAND,81,SET_MAG_DIPOLE,128,1,128,1,0,0,0x18010202
1777259984.080,1434065,6,4,ADCS,8,SOLAR,2,COMMAND,81,SET_MAG_DIPOLE,128,1,128,1,0,0,0x18010202
1777259985.164,1435150,6,4,ADCS,8,SOLAR,2,COMMAND,81,SET_MAG_DIPOLE,128,1,128,1,0,0,0x18010202
1777259986.172,1436158,6,4,ADCS,8,SOLAR,2,COMMAND,81,SET_MAG_DIPOLE,128,1,128,1,0,0,0x18010202
1777259987.209,1437194,6,4,ADCS,8,SOLAR,2,COMMAND,81,SET_MAG_DIPOLE,128,1,128,1,0,0,0x18010202
1777259988.230,1438217,6,4,ADCS,8,SOLAR,2,COMMAND,81,SET_MAG_DIPOLE,128,1,128,1,0,0,0x18010202
1777259989.348,1439312,6,4,ADCS,8,SOLAR,2,COMMAND,81,SET_MAG_DIPOLE,128,1,128,1,0,0,0x18010202
1777259990.374,1440355,6,4,ADCS,8,SOLAR,2,COMMAND,81,SET_MAG_DIPOLE,128,1,128,1,0,0,0x18010202
1777259991.412,1441398,6,4,ADCS,8,SOLAR,2,COMMAND,81,SET_MAG_DIPOLE,128,1,128,1,0,0,0x18010202
1777259992.453,1442440,6,4,ADCS,8,SOLAR,2,COMMAND,81,SET_MAG_DIPOLE,128,1,128,1,0,0,0x18010202
1777259993.496,1443482,6,4,ADCS,8,SOLAR,2,COMMAND,81,SET_MAG_DIPOLE,128,1,128,1,0,0,0x18010202
1777259994.565,1444524,6,4,ADCS,8,SOLAR,2,COMMAND,81,SET_MAG_DIPOLE,128,1,128,1,0,0,0x18010202
1777259995.592,1445567,6,4,ADCS,8,SOLAR,2,COMMAND,81,SET_MAG_DIPOLE,128,1,128,1,0,0,0x18010202
1777259996.622,1446609,6,4,ADCS,8,SOLAR,2,COMMAND,81,SET_MAG_DIPOLE,128,1,128,1,0,0,0x18010202
1777259997.658,1447648,6,4,ADCS,8,SOLAR,2,COMMAND,81,SET_MAG_DIPOLE,128,1,128,1,0,0,0x18010202
1777259998.764,1448743,6,4,ADCS,8,SOLAR,2,COMMAND,81,SET_MAG_DIPOLE,128,1,128,1,0,0,0x18010202
1777259999.799,1449785,6,4,ADCS,8,SOLAR,2,COMMAND,81,SET_MAG_DIPOLE,128,1,128,1,0,0,0x18010202
1777260000.841,1450827,6,4,ADCS,8,SOLAR,2,COMMAND,81,SET_MAG_DIPOLE,128,1,128,1,0,0,0x18010202
1777260001.884,1451870,6,4,ADCS,8,SOLAR,2,COMMAND,81,SET_MAG_DIPOLE,128,1,128,1,0,0,0x18010202
1777260002.907,1452893,6,4,ADCS,8,SOLAR,2,COMMAND,81,SET_MAG_DIPOLE,128,1,128,1,0,0,0x18010202
1777260003.987,1453956,6,4,ADCS,8,SOLAR,2,COMMAND,81,SET_MAG_DIPOLE,128,1,128,1,0,0,0x18010202
1777260005.015,1454980,6,4,ADCS,8,SOLAR,2,COMMAND,81,SET_MAG_DIPOLE,128,1,128,1,0,0,0x18010202
1777260005.998,1455984,6,4,ADCS,8,SOLAR,2,COMMAND,81,SET_MAG_DIPOLE,128,1,128,1,0,0,0x18010202
1777260006.998,1456985,6,4,ADCS,8,SOLAR,2,COMMAND,81,SET_MAG_DIPOLE,128,1,128,1,0,0,0x18010202
1777260008.088,1458070,6,4,ADCS,8,SOLAR,2,COMMAND,81,SET_MAG_DIPOLE,128,1,128,1,0,0,0x18010202
1777260009.175,1459155,6,4,ADCS,8,SOLAR,2,COMMAND,81,SET_MAG_DIPOLE,128,1,128,1,0,0,0x18010202
1777260010.255,1460208,6,4,ADCS,8,SOLAR,2,COMMAND,81,SET_MAG_DIPOLE,128,1,128,1,0,0,0x18010202
1777260011.261,1461248,6,4,ADCS,8,SOLAR,2,COMMAND,81,SET_MAG_DIPOLE,128,1,128,1,0,0,0x18010202
1777260012.307,1462293,6,4,ADCS,8,SOLAR,2,COMMAND,81,SET_MAG_DIPOLE,128,1,128,1,0,0,0x18010202
1777260013.347,1463334,6,4,ADCS,8,SOLAR,2,COMMAND,81,SET_MAG_DIPOLE,128,1,128,1,0,0,0x18010202
1777260014.348,1464335,6,4,ADCS,8,SOLAR,2,COMMAND,81,SET_MAG_DIPOLE,128,1,128,1,0,0,0x18010202
1777260015.455,1465419,6,4,ADCS,8,SOLAR,2,COMMAND,81,SET_MAG_DIPOLE,128,1,128,1,0,0,0x18010202
1777260016.440,1466426,6,4,ADCS,8,SOLAR,2,COMMAND,81,SET_MAG_DIPOLE,128,1,128,1,0,0,0x18010202
1777260017.532,1467500,6,4,ADCS,8,SOLAR,2,COMMAND,81,SET_MAG_DIPOLE,128,1,128,1,0,0,0x18010202
1777260018.652,1468595,6,4,ADCS,8,SOLAR,2,COMMAND,81,SET_MAG_DIPOLE,128,1,128,1,0,0,0x18010202
1777260019.651,1469637,6,4,ADCS,8,SOLAR,2,COMMAND,81,SET_MAG_DIPOLE,128,1,128,1,0,0,0x18010202
1777260020.693,1470679,6,4,ADCS,8,SOLAR,2,COMMAND,81,SET_MAG_DIPOLE,128,1,128,1,0,0,0x18010202
1777260021.737,1471722,6,4,ADCS,8,SOLAR,2,COMMAND,81,SET_MAG_DIPOLE,128,1,128,1,0,0,0x18010202
1777260022.777,1472764,6,4,ADCS,8,SOLAR,2,COMMAND,81,SET_MAG_DIPOLE,128,1,128,1,0,0,0x18010202
1777260023.793,1473779,6,4,ADCS,8,SOLAR,2,COMMAND,81,SET_MAG_DIPOLE,128,1,128,1,0,0,0x18010202
1777260024.882,1474849,6,4,ADCS,8,SOLAR,2,COMMAND,81,SET_MAG_DIPOLE,128,1,128,1,0,0,0x18010202
1777260025.899,1475870,6,4,ADCS,8,SOLAR,2,COMMAND,81,SET_MAG_DIPOLE,128,1,128,1,0,0,0x18010202
1777260026.942,1476917,6,4,ADCS,8,SOLAR,2,COMMAND,81,SET_MAG_DIPOLE,128,1,128,1,0,0,0x18010202
1777260027.961,1477921,6,4,ADCS,8,SOLAR,2,COMMAND,81,SET_MAG_DIPOLE,128,1,128,1,0,0,0x18010202
1777260028.982,1478928,6,4,ADCS,8,SOLAR,2,COMMAND,81,SET_MAG_DIPOLE,128,1,128,1,0,0,0x18010202
1777260030.048,1480026,6,4,ADCS,8,SOLAR,2,COMMAND,81,SET_MAG_DIPOLE,128,1,128,1,0,0,0x18010202
1777260031.077,1481063,6,4,ADCS,8,SOLAR,2,COMMAND,81,SET_MAG_DIPOLE,128,1,128,1,0,0,0x18010202
1777260032.160,1482132,6,4,ADCS,8,SOLAR,2,COMMAND,81,SET_MAG_DIPOLE,128,1,128,1,0,0,0x18010202
1777260033.170,1483156,6,4,ADCS,8,SOLAR,2,COMMAND,81,SET_MAG_DIPOLE,128,1,128,1,0,0,0x18010202
1777260034.219,1484204,6,4,ADCS,8,SOLAR,2,COMMAND,81,SET_MAG_DIPOLE,128,1,128,1,0,0,0x18010202
1777260035.262,1485248,6,4,ADCS,8,SOLAR,2,COMMAND,81,SET_MAG_DIPOLE,128,1,128,1,0,0,0x18010202
1777260036.280,1486267,6,4,ADCS,8,SOLAR,2,COMMAND,81,SET_MAG_DIPOLE,128,1,128,1,0,0,0x18010202
1777260037.310,1487295,6,4,ADCS,8,SOLAR,2,COMMAND,81,SET_MAG_DIPOLE,128,1,128,1,0,0,0x18010202
1777260038.338,1488324,6,4,ADCS,8,SOLAR,2,COMMAND,81,SET_MAG_DIPOLE,128,1,128,1,0,0,0x18010202
1777260039.345,1489331,6,4,ADCS,8,SOLAR,2,COMMAND,81,SET_MAG_DIPOLE,128,1,128,1,0,0,0x18010202
1777260040.446,1490429,6,4,ADCS,8,SOLAR,2,COMMAND,81,SET_MAG_DIPOLE,128,1,128,1,0,0,0x18010202
1777260041.485,1491471,6,4,ADCS,8,SOLAR,2,COMMAND,81,SET_MAG_DIPOLE,128,1,128,1,0,0,0x18010202
1777260042.527,1492513,6,4,ADCS,8,SOLAR,2,COMMAND,81,SET_MAG_DIPOLE,128,1,128,1,0,0,0x18010202
1777260043.569,1493554,6,4,ADCS,8,SOLAR,2,COMMAND,81,SET_MAG_DIPOLE,128,1,128,1,0,0,0x18010202
1777260044.646,1494597,6,4,ADCS,8,SOLAR,2,COMMAND,81,SET_MAG_DIPOLE,128,1,128,1,0,0,0x18010202
1777260045.668,1495639,6,4,ADCS,8,SOLAR,2,COMMAND,81,SET_MAG_DIPOLE,128,1,128,1,0,0,0x18010202
1777260046.695,1496659,6,4,ADCS,8,SOLAR,2,COMMAND,81,SET_MAG_DIPOLE,128,1,128,1,0,0,0x18010202
1777260047.740,1497726,6,4,ADCS,8,SOLAR,2,COMMAND,81,SET_MAG_DIPOLE,128,1,128,1,0,0,0x18010202
1777260048.766,1498749,6,4,ADCS,8,SOLAR,2,COMMAND,81,SET_MAG_DIPOLE,128,1,128,1,0,0,0x18010202
1777260049.769,1499754,6,4,ADCS,8,SOLAR,2,COMMAND,81,SET_MAG_DIPOLE,128,1,128,1,0,0,0x18010202
1777260050.852,1500836,6,4,ADCS,8,SOLAR,2,COMMAND,81,SET_MAG_DIPOLE,128,1,128,1,0,0,0x18010202
1777260051.909,1501870,6,4,ADCS,8,SOLAR,2,COMMAND,81,SET_MAG_DIPOLE,128,1,128,1,0,0,0x18010202
1777260052.982,1502968,6,4,ADCS,8,SOLAR,2,COMMAND,81,SET_MAG_DIPOLE,128,1,128,1,0,0,0x18010202
1777260054.006,1503992,6,4,ADCS,8,SOLAR,2,COMMAND,81,SET_MAG_DIPOLE,128,1,128,1,0,0,0x18010202
1777260055.039,1505025,6,4,ADCS,8,SOLAR,2,COMMAND,81,SET_MAG_DIPOLE,128,1,128,1,0,0,0x18010202
1777260056.062,1506048,6,4,ADCS,8,SOLAR,2,COMMAND,81,SET_MAG_DIPOLE,128,1,128,1,0,0,0x18010202
1777260057.074,1507052,6,4,ADCS,8,SOLAR,2,COMMAND,81,SET_MAG_DIPOLE,128,1,128,1,0,0,0x18010202
1777260058.091,1508076,6,4,ADCS,8,SOLAR,2,COMMAND,81,SET_MAG_DIPOLE,128,1,128,1,0,0,0x18010202
1777260059.186,1509137,6,4,ADCS,8,SOLAR,2,COMMAND,81,SET_MAG_DIPOLE,128,1,128,1,0,0,0x18010202
1777260060.212,1510166,6,4,ADCS,8,SOLAR,2,COMMAND,81,SET_MAG_DIPOLE,128,1,128,1,0,0,0x18010202
1777260061.181,1511168,6,4,ADCS,8,SOLAR,2,COMMAND,81,SET_MAG_DIPOLE,128,1,128,1,0,0,0x18010202
1777260062.274,1512259,6,4,ADCS,8,SOLAR,2,COMMAND,81,SET_MAG_DIPOLE,128,1,128,1,0,0,0x18010202
1777260063.331,1513302,6,4,ADCS,8,SOLAR,2,COMMAND,81,SET_MAG_DIPOLE,128,1,128,1,0,0,0x18010202
1777260064.358,1514345,6,4,ADCS,8,SOLAR,2,COMMAND,81,SET_MAG_DIPOLE,128,1,128,1,0,0,0x18010202
1777260065.448,1515387,6,4,ADCS,8,SOLAR,2,COMMAND,81,SET_MAG_DIPOLE,128,1,128,1,0,0,0x18010202
1777260066.454,1516429,6,4,ADCS,8,SOLAR,2,COMMAND,81,SET_MAG_DIPOLE,128,1,128,1,0,0,0x18010202
1777260067.487,1517471,6,4,ADCS,8,SOLAR,2,COMMAND,81,SET_MAG_DIPOLE,128,1,128,1,0,0,0x18010202
1777260068.528,1518513,6,4,ADCS,8,SOLAR,2,COMMAND,81,SET_MAG_DIPOLE,128,1,128,1,0,0,0x18010202
1777260069.545,1519523,6,4,ADCS,8,SOLAR,2,COMMAND,81,SET_MAG_DIPOLE,128,1,128,1,0,0,0x18010202
1777260070.606,1520592,6,4,ADCS,8,SOLAR,2,COMMAND,81,SET_MAG_DIPOLE,128,1,128,1,0,0,0x18010202
1777260071.702,1521686,6,4,ADCS,8,SOLAR,2,COMMAND,81,SET_MAG_DIPOLE,128,1,128,1,0,0,0x18010202
1777260072.755,1522728,6,4,ADCS,8,SOLAR,2,COMMAND,81,SET_MAG_DIPOLE,128,1,128,1,0,0,0x18010202
1777260073.776,1523760,6,4,ADCS,8,SOLAR,2,COMMAND,81,SET_MAG_DIPOLE,128,1,128,1,0,0,0x18010202
1777260074.854,1524810,6,4,ADCS,8,SOLAR,2,COMMAND,81,SET_MAG_DIPOLE,128,1,128,1,0,0,0x18010202
1777260075.906,1525846,6,4,ADCS,8,SOLAR,2,COMMAND,81,SET_MAG_DIPOLE,128,1,128,1,0,0,0x18010202
1777260076.863,1526848,6,4,ADCS,8,SOLAR,2,COMMAND,81,SET_MAG_DIPOLE,128,1,128,1,0,0,0x18010202
1777260077.925,1527890,6,4,ADCS,8,SOLAR,2,COMMAND,81,SET_MAG_DIPOLE,128,1,128,1,0,0,0x18010202
1777260078.954,1528900,6,4,ADCS,8,SOLAR,2,COMMAND,81,SET_MAG_DIPOLE,128,1,128,1,0,0,0x18010202
1777260079.971,1529923,6,4,ADCS,8,SOLAR,2,COMMAND,81,SET_MAG_DIPOLE,128,1,128,1,0,0,0x18010202
1777260080.999,1530983,6,4,ADCS,8,SOLAR,2,COMMAND,81,SET_MAG_DIPOLE,128,1,128,1,0,0,0x18010202
1777260082.035,1532007,6,4,ADCS,8,SOLAR,2,COMMAND,81,SET_MAG_DIPOLE,128,1,128,1,0,0,0x18010202
1777260083.148,1533100,6,4,ADCS,8,SOLAR,2,COMMAND,81,SET_MAG_DIPOLE,128,1,128,1,0,0,0x18010202
1777260084.185,1534142,6,4,ADCS,8,SOLAR,2,COMMAND,81,SET_MAG_DIPOLE,128,1,128,1,0,0,0x18010202
1777260085.199,1535184,6,4,ADCS,8,SOLAR,2,COMMAND,81,SET_MAG_DIPOLE,128,1,128,1,0,0,0x18010202
1777260086.244,1536227,6,4,ADCS,8,SOLAR,2,COMMAND,81,SET_MAG_DIPOLE,128,1,128,1,0,0,0x18010202
1777260087.291,1537270,6,4,ADCS,8,SOLAR,2,COMMAND,81,SET_MAG_DIPOLE,128,1,128,1,0,0,0x18010202
1777260088.330,1538313,6,4,ADCS,8,SOLAR,2,COMMAND,81,SET_MAG_DIPOLE,128,1,128,1,0,0,0x18010202
1777260089.388,1539355,6,4,ADCS,8,SOLAR,2,COMMAND,81,SET_MAG_DIPOLE,128,1,128,1,0,0,0x18010202
1777260090.422,1540398,6,4,ADCS,8,SOLAR,2,COMMAND,81,SET_MAG_DIPOLE,128,1,128,1,0,0,0x18010202
1777260091.452,1541400,6,4,ADCS,8,SOLAR,2,COMMAND,81,SET_MAG_DIPOLE,128,1,128,1,0,0,0x18010202
1777260092.460,1542429,6,4,ADCS,8,SOLAR,2,COMMAND,81,SET_MAG_DIPOLE,128,1,128,1,0,0,0x18010202
1777260093.570,1543524,6,4,ADCS,8,SOLAR,2,COMMAND,81,SET_MAG_DIPOLE,128,1,128,1,0,0,0x18010202
1777260094.617,1544567,6,4,ADCS,8,SOLAR,2,COMMAND,81,SET_MAG_DIPOLE,128,1,128,1,0,0,0x18010202
1777260095.641,1545609,6,4,ADCS,8,SOLAR,2,COMMAND,81,SET_MAG_DIPOLE,128,1,128,1,0,0,0x18010202
1777260096.668,1546652,6,4,ADCS,8,SOLAR,2,COMMAND,81,SET_MAG_DIPOLE,128,1,128,1,0,0,0x18010202
1777260097.702,1547678,6,4,ADCS,8,SOLAR,2,COMMAND,81,SET_MAG_DIPOLE,128,1,128,1,0,0,0x18010202
1777260098.756,1548738,6,4,ADCS,8,SOLAR,2,COMMAND,81,SET_MAG_DIPOLE,128,1,128,1,0,0,0x18010202
1777260099.760,1549744,6,4,ADCS,8,SOLAR,2,COMMAND,81,SET_MAG_DIPOLE,128,1,128,1,0,0,0x18010202
1777260100.786,1550744,6,4,ADCS,8,SOLAR,2,COMMAND,81,SET_MAG_DIPOLE,128,1,128,1,0,0,0x18010202
1777260101.847,1551832,6,4,ADCS,8,SOLAR,2,COMMAND,81,SET_MAG_DIPOLE,128,1,128,1,0,0,0x18010202
1777260102.878,1552852,6,4,ADCS,8,SOLAR,2,COMMAND,81,SET_MAG_DIPOLE,128,1,128,1,0,0,0x18010202
1777260103.982,1553949,6,4,ADCS,8,SOLAR,2,COMMAND,81,SET_MAG_DIPOLE,128,1,128,1,0,0,0x18010202
1777260105.074,1555041,6,4,ADCS,8,SOLAR,2,COMMAND,81,SET_MAG_DIPOLE,128,1,128,1,0,0,0x18010202
1777260106.149,1556135,6,4,ADCS,8,SOLAR,2,COMMAND,81,SET_MAG_DIPOLE,128,1,128,1,0,0,0x18010202
1777260107.215,1557176,6,4,ADCS,8,SOLAR,2,COMMAND,81,SET_MAG_DIPOLE,128,1,128,1,0,0,0x18010202
1777260108.250,1558219,6,4,ADCS,8,SOLAR,2,COMMAND,81,SET_MAG_DIPOLE,128,1,128,1,0,0,0x18010202
1777260109.276,1559260,6,4,ADCS,8,SOLAR,2,COMMAND,81,SET_MAG_DIPOLE,128,1,128,1,0,0,0x18010202
1777260110.308,1560293,6,4,ADCS,8,SOLAR,2,COMMAND,81,SET_MAG_DIPOLE,128,1,128,1,0,0,0x18010202
1777260111.321,1561293,6,4,ADCS,8,SOLAR,2,COMMAND,81,SET_MAG_DIPOLE,128,1,128,1,0,0,0x18010202
1777260112.457,1562388,6,4,ADCS,8,SOLAR,2,COMMAND,81,SET_MAG_DIPOLE,128,1,128,1,0,0,0x18010202
1777260113.496,1563481,6,4,ADCS,8,SOLAR,2,COMMAND,81,SET_MAG_DIPOLE,128,1,128,1,0,0,0x18010202
1777260114.589,1564574,6,4,ADCS,8,SOLAR,2,COMMAND,81,SET_MAG_DIPOLE,128,1,128,1,0,0,0x18010202
1777260115.639,1565615,6,4,ADCS,8,SOLAR,2,COMMAND,81,SET_MAG_DIPOLE,128,1,128,1,0,0,0x18010202
1777260116.736,1566701,6,4,ADCS,8,SOLAR,2,COMMAND,81,SET_MAG_DIPOLE,128,1,128,1,0,0,0x18010202
1777260117.761,1567743,6,4,ADCS,8,SOLAR,2,COMMAND,81,SET_MAG_DIPOLE,128,1,128,1,0,0,0x18010202
1777260118.853,1568818,6,4,ADCS,8,SOLAR,2,COMMAND,81,SET_MAG_DIPOLE,128,1,128,1,0,0,0x18010202
1777260119.941,1569915,6,4,ADCS,8,SOLAR,2,COMMAND,81,SET_MAG_DIPOLE,128,1,128,1,0,0,0x18010202
1777260121.040,1571011,6,4,ADCS,8,SOLAR,2,COMMAND,81,SET_MAG_DIPOLE,128,1,128,1,0,0,0x18010202
1777260122.134,1572107,6,4,ADCS,8,SOLAR,2,COMMAND,81,SET_MAG_DIPOLE,128,1,128,1,0,0,0x18010202
1777260123.220,1573202,6,4,ADCS,8,SOLAR,2,COMMAND,81,SET_MAG_DIPOLE,128,1,128,1,0,0,0x18010202
1777260124.230,1574212,6,4,ADCS,8,SOLAR,2,COMMAND,81,SET_MAG_DIPOLE,128,1,128,1,0,0,0x18010202
1777260125.343,1575306,6,4,ADCS,8,SOLAR,2,COMMAND,81,SET_MAG_DIPOLE,128,1,128,1,0,0,0x18010202
1777260126.417,1576402,6,4,ADCS,8,SOLAR,2,COMMAND,81,SET_MAG_DIPOLE,128,1,128,1,0,0,0x18010202
1777260127.512,1577497,6,4,ADCS,8,SOLAR,2,COMMAND,81,SET_MAG_DIPOLE,128,1,128,1,0,0,0x18010202
1777260128.618,1578573,6,4,ADCS,8,SOLAR,2,COMMAND,81,SET_MAG_DIPOLE,128,1,128,1,0,0,0x18010202
1777260129.703,1579651,6,4,ADCS,8,SOLAR,2,COMMAND,81,SET_MAG_DIPOLE,128,1,128,1,0,0,0x18010202
1777260130.679,1580664,6,4,ADCS,8,SOLAR,2,COMMAND,81,SET_MAG_DIPOLE,128,1,128,1,0,0,0x18010202
1777260131.829,1581763,6,4,ADCS,8,SOLAR,2,COMMAND,81,SET_MAG_DIPOLE,128,1,128,1,0,0,0x18010202
1777260132.817,1582786,6,4,ADCS,8,SOLAR,2,COMMAND,81,SET_MAG_DIPOLE,128,1,128,1,0,0,0x18010202
1777260133.854,1583837,6,4,ADCS,8,SOLAR,2,COMMAND,81,SET_MAG_DIPOLE,128,1,128,1,0,0,0x18010202
1777260134.894,1584878,6,4,ADCS,8,SOLAR,2,COMMAND,81,SET_MAG_DIPOLE,128,1,128,1,0,0,0x18010202
1777260135.930,1585897,6,4,ADCS,8,SOLAR,2,COMMAND,81,SET_MAG_DIPOLE,128,1,128,1,0,0,0x18010202
1777260136.930,1586913,6,4,ADCS,8,SOLAR,2,COMMAND,81,SET_MAG_DIPOLE,128,1,128,1,0,0,0x18010202
1777260137.957,1587941,6,4,ADCS,8,SOLAR,2,COMMAND,81,SET_MAG_DIPOLE,128,1,128,1,0,0,0x18010202
1777260138.978,1588962,6,4,ADCS,8,SOLAR,2,COMMAND,81,SET_MAG_DIPOLE,128,1,128,1,0,0,0x18010202
1777260140.045,1590027,6,4,ADCS,8,SOLAR,2,COMMAND,81,SET_MAG_DIPOLE,128,1,128,1,0,0,0x18010202
1777260141.101,1591063,6,4,ADCS,8,SOLAR,2,COMMAND,81,SET_MAG_DIPOLE,128,1,128,1,0,0,0x18010202
1777260142.134,1592109,6,4,ADCS,8,SOLAR,2,COMMAND,81,SET_MAG_DIPOLE,128,1,128,1,0,0,0x18010202
1777260143.161,1593110,6,4,ADCS,8,SOLAR,2,COMMAND,81,SET_MAG_DIPOLE,128,1,128,1,0,0,0x18010202
1777260144.235,1594193,6,4,ADCS,8,SOLAR,2,COMMAND,81,SET_MAG_DIPOLE,128,1,128,1,0,0,0x18010202
1777260145.217,1595200,6,4,ADCS,8,SOLAR,2,COMMAND,81,SET_MAG_DIPOLE,128,1,128,1,0,0,0x18010202
1777260146.334,1596278,6,4,ADCS,8,SOLAR,2,COMMAND,81,SET_MAG_DIPOLE,128,1,128,1,0,0,0x18010202
1777260147.301,1597285,6,4,ADCS,8,SOLAR,2,COMMAND,81,SET_MAG_DIPOLE,128,1,128,1,0,0,0x18010202
1777260148.381,1598365,6,4,ADCS,8,SOLAR,2,COMMAND,81,SET_MAG_DIPOLE,128,1,128,1,0,0,0x18010202
1777260149.405,1599373,6,4,ADCS,8,SOLAR,2,COMMAND,81,SET_MAG_DIPOLE,128,1,128,1,0,0,0x18010202
1777260150.464,1600448,6,4,ADCS,8,SOLAR,2,COMMAND,81,SET_MAG_DIPOLE,128,1,128,1,0,0,0x18010202
1777260151.476,1601460,6,4,ADCS,8,SOLAR,2,COMMAND,81,SET_MAG_DIPOLE,128,1,128,1,0,0,0x18010202
1777260152.494,1602478,6,4,ADCS,8,SOLAR,2,COMMAND,81,SET_MAG_DIPOLE,128,1,128,1,0,0,0x18010202
1777260153.505,1603489,6,4,ADCS,8,SOLAR,2,COMMAND,81,SET_MAG_DIPOLE,128,1,128,1,0,0,0x18010202
1777260154.618,1604585,6,4,ADCS,8,SOLAR,2,COMMAND,81,SET_MAG_DIPOLE,128,1,128,1,0,0,0x18010202
1777260155.650,1605598,6,4,ADCS,8,SOLAR,2,COMMAND,81,SET_MAG_DIPOLE,128,1,128,1,0,0,0x18010202
1777260156.696,1606676,6,4,ADCS,8,SOLAR,2,COMMAND,81,SET_MAG_DIPOLE,128,1,128,1,0,0,0x18010202
1777260157.709,1607694,6,4,ADCS,8,SOLAR,2,COMMAND,81,SET_MAG_DIPOLE,128,1,128,1,0,0,0x18010202
1777260158.733,1608717,6,4,ADCS,8,SOLAR,2,COMMAND,81,SET_MAG_DIPOLE,128,1,128,1,0,0,0x18010202
1777260159.767,1609751,6,4,ADCS,8,SOLAR,2,COMMAND,81,SET_MAG_DIPOLE,128,1,128,1,0,0,0x18010202
1777260160.800,1610784,6,4,ADCS,8,SOLAR,2,COMMAND,81,SET_MAG_DIPOLE,128,1,128,1,0,0,0x18010202
1777260161.813,1611797,6,4,ADCS,8,SOLAR,2,COMMAND,81,SET_MAG_DIPOLE,128,1,128,1,0,0,0x18010202
1777260162.819,1612801,6,4,ADCS,8,SOLAR,2,COMMAND,81,SET_MAG_DIPOLE,128,1,128,1,0,0,0x18010202
1777260163.862,1613847,6,4,ADCS,8,SOLAR,2,COMMAND,81,SET_MAG_DIPOLE,128,1,128,1,0,0,0x18010202
1777260164.904,1614884,6,4,ADCS,8,SOLAR,2,COMMAND,81,SET_MAG_DIPOLE,128,1,128,1,0,0,0x18010202
1777260165.995,1615970,6,4,ADCS,8,SOLAR,2,COMMAND,81,SET_MAG_DIPOLE,128,1,128,1,0,0,0x18010202
1777260167.047,1617030,6,4,ADCS,8,SOLAR,2,COMMAND,81,SET_MAG_DIPOLE,128,1,128,1,0,0,0x18010202
1777260168.076,1618061,6,4,ADCS,8,SOLAR,2,COMMAND,81,SET_MAG_DIPOLE,128,1,128,1,0,0,0x18010202
1777260169.168,1619119,6,4,ADCS,8,SOLAR,2,COMMAND,81,SET_MAG_DIPOLE,128,1,128,1,0,0,0x18010202
1777260170.191,1620149,6,4,ADCS,8,SOLAR,2,COMMAND,81,SET_MAG_DIPOLE,128,1,128,1,0,0,0x18010202
1777260171.218,1621193,6,4,ADCS,8,SOLAR,2,COMMAND,81,SET_MAG_DIPOLE,128,1,128,1,0,0,0x18010202
1777260172.253,1622235,6,4,ADCS,8,SOLAR,2,COMMAND,81,SET_MAG_DIPOLE,128,1,128,1,0,0,0x18010202
1777260173.294,1623277,6,4,ADCS,8,SOLAR,2,COMMAND,81,SET_MAG_DIPOLE,128,1,128,1,0,0,0x18010202
1777260174.331,1624314,6,4,ADCS,8,SOLAR,2,COMMAND,81,SET_MAG_DIPOLE,128,1,128,1,0,0,0x18010202
1777260175.427,1625409,6,4,ADCS,8,SOLAR,2,COMMAND,81,SET_MAG_DIPOLE,128,1,128,1,0,0,0x18010202
1777260176.439,1626410,6,4,ADCS,8,SOLAR,2,COMMAND,81,SET_MAG_DIPOLE,128,1,128,1,0,0,0x18010202
1777260177.510,1627494,6,4,ADCS,8,SOLAR,2,COMMAND,81,SET_MAG_DIPOLE,128,1,128,1,0,0,0x18010202
1777260178.522,1628505,6,4,ADCS,8,SOLAR,2,COMMAND,81,SET_MAG_DIPOLE,128,1,128,1,0,0,0x18010202
1777260179.554,1629538,6,4,ADCS,8,SOLAR,2,COMMAND,81,SET_MAG_DIPOLE,128,1,128,1,0,0,0x18010202
1777260180.553,1630538,6,4,ADCS,8,SOLAR,2,COMMAND,81,SET_MAG_DIPOLE,128,1,128,1,0,0,0x18010202
1777260181.665,1631619,6,4,ADCS,8,SOLAR,2,COMMAND,81,SET_MAG_DIPOLE,128,1,128,1,0,0,0x18010202
1777260182.687,1632631,6,4,ADCS,8,SOLAR,2,COMMAND,81,SET_MAG_DIPOLE,128,1,128,1,0,0,0x18010202
1777260183.699,1633654,6,4,ADCS,8,SOLAR,2,COMMAND,81,SET_MAG_DIPOLE,128,1,128,1,0,0,0x18010202
1777260184.719,1634697,6,4,ADCS,8,SOLAR,2,COMMAND,81,SET_MAG_DIPOLE,128,1,128,1,0,0,0x18010202
1777260185.755,1635712,6,4,ADCS,8,SOLAR,2,COMMAND,81,SET_MAG_DIPOLE,128,1,128,1,0,0,0x18010202
1777260186.737,1636721,6,4,ADCS,8,SOLAR,2,COMMAND,81,SET_MAG_DIPOLE,128,1,128,1,0,0,0x18010202
1777260187.831,1637815,6,4,ADCS,8,SOLAR,2,COMMAND,81,SET_MAG_DIPOLE,128,1,128,1,0,0,0x18010202
1777260188.860,1638841,6,4,ADCS,8,SOLAR,2,COMMAND,81,SET_MAG_DIPOLE,128,1,128,1,0,0,0x18010202
1777260189.956,1639899,6,4,ADCS,8,SOLAR,2,COMMAND,81,SET_MAG_DIPOLE,128,1,128,1,0,0,0x18010202
1777260190.979,1640930,6,4,ADCS,8,SOLAR,2,COMMAND,81,SET_MAG_DIPOLE,128,1,128,1,0,0,0x18010202
1777260192.004,1641987,6,4,ADCS,8,SOLAR,2,COMMAND,81,SET_MAG_DIPOLE,128,1,128,1,0,0,0x18010202
1777260193.034,1643017,6,4,ADCS,8,SOLAR,2,COMMAND,81,SET_MAG_DIPOLE,128,1,128,1,0,0,0x18010202
1777260194.090,1644074,6,4,ADCS,8,SOLAR,2,COMMAND,81,SET_MAG_DIPOLE,128,1,128,1,0,0,0x18010202
1777260195.122,1645105,6,4,ADCS,8,SOLAR,2,COMMAND,81,SET_MAG_DIPOLE,128,1,128,1,0,0,0x18010202
1777260196.202,1646149,6,4,ADCS,8,SOLAR,2,COMMAND,81,SET_MAG_DIPOLE,128,1,128,1,0,0,0x18010202
1777260197.261,1647244,6,4,ADCS,8,SOLAR,2,COMMAND,81,SET_MAG_DIPOLE,128,1,128,1,0,0,0x18010202
1777260198.303,1648286,6,4,ADCS,8,SOLAR,2,COMMAND,81,SET_MAG_DIPOLE,128,1,128,1,0,0,0x18010202
1777260199.374,1649329,6,4,ADCS,8,SOLAR,2,COMMAND,81,SET_MAG_DIPOLE,128,1,128,1,0,0,0x18010202
1777260200.403,1650370,6,4,ADCS,8,SOLAR,2,COMMAND,81,SET_MAG_DIPOLE,128,1,128,1,0,0,0x18010202
1777260201.430,1651413,6,4,ADCS,8,SOLAR,2,COMMAND,81,SET_MAG_DIPOLE,128,1,128,1,0,0,0x18010202
1777260202.447,1652424,6,4,ADCS,8,SOLAR,2,COMMAND,81,SET_MAG_DIPOLE,128,1,128,1,0,0,0x18010202
1777260203.494,1653477,6,4,ADCS,8,SOLAR,2,COMMAND,81,SET_MAG_DIPOLE,128,1,128,1,0,0,0x18010202
1777260204.557,1654539,6,4,ADCS,8,SOLAR,2,COMMAND,81,SET_MAG_DIPOLE,128,1,128,1,0,0,0x18010202
1777260205.578,1655561,6,4,ADCS,8,SOLAR,2,COMMAND,81,SET_MAG_DIPOLE,128,1,128,1,0,0,0x18010202
1777260206.587,1656568,6,4,ADCS,8,SOLAR,2,COMMAND,81,SET_MAG_DIPOLE,128,1,128,1,0,0,0x18010202
1777260207.672,1657643,6,4,ADCS,8,SOLAR,2,COMMAND,81,SET_MAG_DIPOLE,128,1,128,1,0,0,0x18010202
1777260208.721,1658704,6,4,ADCS,8,SOLAR,2,COMMAND,81,SET_MAG_DIPOLE,128,1,128,1,0,0,0x18010202
1777260209.739,1659721,6,4,ADCS,8,SOLAR,2,COMMAND,81,SET_MAG_DIPOLE,128,1,128,1,0,0,0x18010202
1777260210.805,1660789,6,4,ADCS,8,SOLAR,2,COMMAND,81,SET_MAG_DIPOLE,128,1,128,1,0,0,0x18010202
1777260211.838,1661811,6,4,ADCS,8,SOLAR,2,COMMAND,81,SET_MAG_DIPOLE,128,1,128,1,0,0,0x18010202
1777260212.906,1662874,6,4,ADCS,8,SOLAR,2,COMMAND,81,SET_MAG_DIPOLE,128,1,128,1,0,0,0x18010202
1777260213.919,1663896,6,4,ADCS,8,SOLAR,2,COMMAND,81,SET_MAG_DIPOLE,128,1,128,1,0,0,0x18010202
1777260214.988,1664958,6,4,ADCS,8,SOLAR,2,COMMAND,81,SET_MAG_DIPOLE,128,1,128,1,0,0,0x18010202
1777260216.010,1665987,6,4,ADCS,8,SOLAR,2,COMMAND,81,SET_MAG_DIPOLE,128,1,128,1,0,0,0x18010202
1777260217.006,1666989,6,4,ADCS,8,SOLAR,2,COMMAND,81,SET_MAG_DIPOLE,128,1,128,1,0,0,0x18010202
1777260218.118,1668086,6,4,ADCS,8,SOLAR,2,COMMAND,81,SET_MAG_DIPOLE,128,1,128,1,0,0,0x18010202
1777260219.151,1669128,6,4,ADCS,8,SOLAR,2,COMMAND,81,SET_MAG_DIPOLE,128,1,128,1,0,0,0x18010202
1777260220.190,1670171,6,4,ADCS,8,SOLAR,2,COMMAND,81,SET_MAG_DIPOLE,128,1,128,1,0,0,0x18010202
1777260221.231,1671213,6,4,ADCS,8,SOLAR,2,COMMAND,81,SET_MAG_DIPOLE,128,1,128,1,0,0,0x18010202
1777260222.272,1672255,6,4,ADCS,8,SOLAR,2,COMMAND,81,SET_MAG_DIPOLE,128,1,128,1,0,0,0x18010202
1777260223.334,1673297,6,4,ADCS,8,SOLAR,2,COMMAND,81,SET_MAG_DIPOLE,128,1,128,1,0,0,0x18010202
1777260224.363,1674339,6,4,ADCS,8,SOLAR,2,COMMAND,81,SET_MAG_DIPOLE,128,1,128,1,0,0,0x18010202
1777260225.386,1675344,6,4,ADCS,8,SOLAR,2,COMMAND,81,SET_MAG_DIPOLE,128,1,128,1,0,0,0x18010202
1777260226.441,1676419,6,4,ADCS,8,SOLAR,2,COMMAND,81,SET_MAG_DIPOLE,128,1,128,1,0,0,0x18010202
1777260227.556,1677517,6,4,ADCS,8,SOLAR,2,COMMAND,81,SET_MAG_DIPOLE,128,1,128,1,0,0,0x18010202
1777260228.573,1678557,6,4,ADCS,8,SOLAR,2,COMMAND,81,SET_MAG_DIPOLE,128,1,128,1,0,0,0x18010202
1777260229.629,1679612,6,4,ADCS,8,SOLAR,2,COMMAND,81,SET_MAG_DIPOLE,128,1,128,1,0,0,0x18010202
1777260230.629,1680611,6,4,ADCS,8,SOLAR,2,COMMAND,81,SET_MAG_DIPOLE,128,1,128,1,0,0,0x18010202
1777260231.668,1681648,6,4,ADCS,8,SOLAR,2,COMMAND,81,SET_MAG_DIPOLE,128,1,128,1,0,0,0x18010202
1777260232.708,1682690,6,4,ADCS,8,SOLAR,2,COMMAND,81,SET_MAG_DIPOLE,128,1,128,1,0,0,0x18010202
1777260233.716,1683695,6,4,ADCS,8,SOLAR,2,COMMAND,81,SET_MAG_DIPOLE,128,1,128,1,0,0,0x18010202
1777260234.812,1684776,6,4,ADCS,8,SOLAR,2,COMMAND,81,SET_MAG_DIPOLE,128,1,128,1,0,0,0x18010202
1777260235.832,1685783,6,4,ADCS,8,SOLAR,2,COMMAND,81,SET_MAG_DIPOLE,128,1,128,1,0,0,0x18010202
1777260236.859,1686810,6,4,ADCS,8,SOLAR,2,COMMAND,81,SET_MAG_DIPOLE,128,1,128,1,0,0,0x18010202
1777260237.873,1687834,6,4,ADCS,8,SOLAR,2,COMMAND,81,SET_MAG_DIPOLE,128,1,128,1,0,0,0x18010202
1777260238.949,1688928,6,4,ADCS,8,SOLAR,2,COMMAND,81,SET_MAG_DIPOLE,128,1,128,1,0,0,0x18010202
1777260239.993,1689971,6,4,ADCS,8,SOLAR,2,COMMAND,81,SET_MAG_DIPOLE,128,1,128,1,0,0,0x18010202
1777260241.068,1691012,6,4,ADCS,8,SOLAR,2,COMMAND,81,SET_MAG_DIPOLE,128,1,128,1,0,0,0x18010202
1777260242.073,1692055,6,4,ADCS,8,SOLAR,2,COMMAND,81,SET_MAG_DIPOLE,128,1,128,1,0,0,0x18010202
1777260243.115,1693098,6,4,ADCS,8,SOLAR,2,COMMAND,81,SET_MAG_DIPOLE,128,1,128,1,0,0,0x18010202
1777260244.163,1694141,6,4,ADCS,8,SOLAR,2,COMMAND,81,SET_MAG_DIPOLE,128,1,128,1,0,0,0x18010202
1777260245.228,1695177,6,4,ADCS,8,SOLAR,2,COMMAND,81,SET_MAG_DIPOLE,128,1,128,1,0,0,0x18010202
1777260246.279,1696249,6,4,ADCS,8,SOLAR,2,COMMAND,81,SET_MAG_DIPOLE,128,1,128,1,0,0,0x18010202
1777260247.305,1697262,6,4,ADCS,8,SOLAR,2,COMMAND,81,SET_MAG_DIPOLE,128,1,128,1,0,0,0x18010202
1777260248.387,1698358,6,4,ADCS,8,SOLAR,2,COMMAND,81,SET_MAG_DIPOLE,128,1,128,1,0,0,0x18010202
1777260249.379,1699361,6,4,ADCS,8,SOLAR,2,COMMAND,81,SET_MAG_DIPOLE,128,1,128,1,0,0,0x18010202
1777260250.379,1700361,6,4,ADCS,8,SOLAR,2,COMMAND,81,SET_MAG_DIPOLE,128,1,128,1,0,0,0x18010202
1777260251.455,1701435,6,4,ADCS,8,SOLAR,2,COMMAND,81,SET_MAG_DIPOLE,128,1,128,1,0,0,0x18010202
1777260252.471,1702454,6,4,ADCS,8,SOLAR,2,COMMAND,81,SET_MAG_DIPOLE,128,1,128,1,0,0,0x18010202
1777260253.500,1703474,6,4,ADCS,8,SOLAR,2,COMMAND,81,SET_MAG_DIPOLE,128,1,128,1,0,0,0x18010202
1777260254.528,1704510,6,4,ADCS,8,SOLAR,2,COMMAND,81,SET_MAG_DIPOLE,128,1,128,1,0,0,0x18010202
1777260255.552,1705535,6,4,ADCS,8,SOLAR,2,COMMAND,81,SET_MAG_DIPOLE,128,1,128,1,0,0,0x18010202
1777260256.576,1706557,6,4,ADCS,8,SOLAR,2,COMMAND,81,SET_MAG_DIPOLE,128,1,128,1,0,0,0x18010202
1777260257.644,1707591,6,4,ADCS,8,SOLAR,2,COMMAND,81,SET_MAG_DIPOLE,128,1,128,1,0,0,0x18010202
1777260258.622,1708595,6,4,ADCS,8,SOLAR,2,COMMAND,81,SET_MAG_DIPOLE,128,1,128,1,0,0,0x18010202
1777260259.692,1709671,6,4,ADCS,8,SOLAR,2,COMMAND,81,SET_MAG_DIPOLE,128,1,128,1,0,0,0x18010202
1777260260.819,1710766,6,4,ADCS,8,SOLAR,2,COMMAND,81,SET_MAG_DIPOLE,128,1,128,1,0,0,0x18010202
1777260261.844,1711808,6,4,ADCS,8,SOLAR,2,COMMAND,81,SET_MAG_DIPOLE,128,1,128,1,0,0,0x18010202
1777260262.869,1712850,6,4,ADCS,8,SOLAR,2,COMMAND,81,SET_MAG_DIPOLE,128,1,128,1,0,0,0x18010202
1777260263.909,1713892,6,4,ADCS,8,SOLAR,2,COMMAND,81,SET_MAG_DIPOLE,128,1,128,1,0,0,0x18010202
1777260264.955,1714935,6,4,ADCS,8,SOLAR,2,COMMAND,81,SET_MAG_DIPOLE,128,1,128,1,0,0,0x18010202
1777260265.998,1715977,6,4,ADCS,8,SOLAR,2,COMMAND,81,SET_MAG_DIPOLE,128,1,128,1,0,0,0x18010202
1777260267.067,1717020,6,4,ADCS,8,SOLAR,2,COMMAND,81,SET_MAG_DIPOLE,128,1,128,1,0,0,0x18010202
1777260268.091,1718063,6,4,ADCS,8,SOLAR,2,COMMAND,81,SET_MAG_DIPOLE,128,1,128,1,0,0,0x18010202
1777260269.114,1719095,6,4,ADCS,8,SOLAR,2,COMMAND,81,SET_MAG_DIPOLE,128,1,128,1,0,0,0x18010202
1777260270.130,1720095,6,4,ADCS,8,SOLAR,2,COMMAND,81,SET_MAG_DIPOLE,128,1,128,1,0,0,0x18010202
1777260271.211,1721193,6,4,ADCS,8,SOLAR,2,COMMAND,81,SET_MAG_DIPOLE,128,1,128,1,0,0,0x18010202
1777260272.276,1722244,6,4,ADCS,8,SOLAR,2,COMMAND,81,SET_MAG_DIPOLE,128,1,128,1,0,0,0x18010202
1777260273.312,1723282,6,4,ADCS,8,SOLAR,2,COMMAND,81,SET_MAG_DIPOLE,128,1,128,1,0,0,0x18010202
1777260274.338,1724299,6,4,ADCS,8,SOLAR,2,COMMAND,81,SET_MAG_DIPOLE,128,1,128,1,0,0,0x18010202
1777260275.381,1725336,6,4,ADCS,8,SOLAR,2,COMMAND,81,SET_MAG_DIPOLE,128,1,128,1,0,0,0x18010202
1777260276.378,1726348,6,4,ADCS,8,SOLAR,2,COMMAND,81,SET_MAG_DIPOLE,128,1,128,1,0,0,0x18010202
1777260277.423,1727406,6,4,ADCS,8,SOLAR,2,COMMAND,81,SET_MAG_DIPOLE,128,1,128,1,0,0,0x18010202
1777260278.450,1728430,6,4,ADCS,8,SOLAR,2,COMMAND,81,SET_MAG_DIPOLE,128,1,128,1,0,0,0x18010202
1777260279.560,1729523,6,4,ADCS,8,SOLAR,2,COMMAND,81,SET_MAG_DIPOLE,128,1,128,1,0,0,0x18010202
1777260280.638,1730619,6,4,ADCS,8,SOLAR,2,COMMAND,81,SET_MAG_DIPOLE,128,1,128,1,0,0,0x18010202
1777260281.729,1731711,6,4,ADCS,8,SOLAR,2,COMMAND,81,SET_MAG_DIPOLE,128,1,128,1,0,0,0x18010202
1777260282.838,1732802,6,4,ADCS,8,SOLAR,2,COMMAND,81,SET_MAG_DIPOLE,128,1,128,1,0,0,0x18010202
1777260283.862,1733844,6,4,ADCS,8,SOLAR,2,COMMAND,81,SET_MAG_DIPOLE,128,1,128,1,0,0,0x18010202
1777260284.906,1734887,6,4,ADCS,8,SOLAR,2,COMMAND,81,SET_MAG_DIPOLE,128,1,128,1,0,0,0x18010202
1777260285.951,1735929,6,4,ADCS,8,SOLAR,2,COMMAND,81,SET_MAG_DIPOLE,128,1,128,1,0,0,0x18010202
1777260286.986,1736966,6,4,ADCS,8,SOLAR,2,COMMAND,81,SET_MAG_DIPOLE,128,1,128,1,0,0,0x18010202
1777260288.062,1738033,6,4,ADCS,8,SOLAR,2,COMMAND,81,SET_MAG_DIPOLE,128,1,128,1,0,0,0x18010202
1777260289.183,1739129,6,4,ADCS,8,SOLAR,2,COMMAND,81,SET_MAG_DIPOLE,128,1,128,1,0,0,0x18010202
1777260290.243,1740224,6,4,ADCS,8,SOLAR,2,COMMAND,81,SET_MAG_DIPOLE,128,1,128,1,0,0,0x18010202
1777260291.276,1741257,6,4,ADCS,8,SOLAR,2,COMMAND,81,SET_MAG_DIPOLE,128,1,128,1,0,0,0x18010202
1777260292.279,1742261,6,4,ADCS,8,SOLAR,2,COMMAND,81,SET_MAG_DIPOLE,128,1,128,1,0,0,0x18010202
1777260293.376,1743357,6,4,ADCS,8,SOLAR,2,COMMAND,81,SET_MAG_DIPOLE,128,1,128,1,0,0,0x18010202
1777260294.409,1744380,6,4,ADCS,8,SOLAR,2,COMMAND,81,SET_MAG_DIPOLE,128,1,128,1,0,0,0x18010202
1777260295.434,1745402,6,4,ADCS,8,SOLAR,2,COMMAND,81,SET_MAG_DIPOLE,128,1,128,1,0,0,0x18010202
1777260296.517,1746498,6,4,ADCS,8,SOLAR,2,COMMAND,81,SET_MAG_DIPOLE,128,1,128,1,0,0,0x18010202
1777260297.612,1747591,6,4,ADCS,8,SOLAR,2,COMMAND,81,SET_MAG_DIPOLE,128,1,128,1,0,0,0x18010202
1777260298.708,1748683,6,4,ADCS,8,SOLAR,2,COMMAND,81,SET_MAG_DIPOLE,128,1,128,1,0,0,0x18010202
1777260299.794,1749775,6,4,ADCS,8,SOLAR,2,COMMAND,81,SET_MAG_DIPOLE,128,1,128,1,0,0,0x18010202
1777260300.880,1750861,6,4,ADCS,8,SOLAR,2,COMMAND,81,SET_MAG_DIPOLE,128,1,128,1,0,0,0x18010202
1777260301.979,1751957,6,4,ADCS,8,SOLAR,2,COMMAND,81,SET_MAG_DIPOLE,128,1,128,1,0,0,0x18010202
1777260303.010,1752982,6,4,ADCS,8,SOLAR,2,COMMAND,81,SET_MAG_DIPOLE,128,1,128,1,0,0,0x18010202
1777260304.129,1754078,6,4,ADCS,8,SOLAR,2,COMMAND,81,SET_MAG_DIPOLE,128,1,128,1,0,0,0x18010202
1777260305.192,1755174,6,4,ADCS,8,SOLAR,2,COMMAND,81,SET_MAG_DIPOLE,128,1,128,1,0,0,0x18010202
1777260306.202,1756184,6,4,ADCS,8,SOLAR,2,COMMAND,81,SET_MAG_DIPOLE,128,1,128,1,0,0,0x18010202
1777260307.238,1757219,6,4,ADCS,8,SOLAR,2,COMMAND,81,SET_MAG_DIPOLE,128,1,128,1,0,0,0x18010202
1777260308.334,1758306,6,4,ADCS,8,SOLAR,2,COMMAND,81,SET_MAG_DIPOLE,128,1,128,1,0,0,0x18010202
1777260309.412,1759381,6,4,ADCS,8,SOLAR,2,COMMAND,81,SET_MAG_DIPOLE,128,1,128,1,0,0,0x18010202
1777260310.498,1760477,6,4,ADCS,8,SOLAR,2,COMMAND,81,SET_MAG_DIPOLE,128,1,128,1,0,0,0x18010202
1777260311.609,1761572,6,4,ADCS,8,SOLAR,2,COMMAND,81,SET_MAG_DIPOLE,128,1,128,1,0,0,0x18010202
1777260312.645,1762627,6,4,ADCS,8,SOLAR,2,COMMAND,81,SET_MAG_DIPOLE,128,1,128,1,0,0,0x18010202
1777260313.683,1763664,6,4,ADCS,8,SOLAR,2,COMMAND,81,SET_MAG_DIPOLE,128,1,128,1,0,0,0x18010202
1777260314.731,1764713,6,4,ADCS,8,SOLAR,2,COMMAND,81,SET_MAG_DIPOLE,128,1,128,1,0,0,0x18010202
1777260315.772,1765750,6,4,ADCS,8,SOLAR,2,COMMAND,81,SET_MAG_DIPOLE,128,1,128,1,0,0,0x18010202
1777260316.864,1766845,6,4,ADCS,8,SOLAR,2,COMMAND,81,SET_MAG_DIPOLE,128,1,128,1,0,0,0x18010202
1777260317.912,1767887,6,4,ADCS,8,SOLAR,2,COMMAND,81,SET_MAG_DIPOLE,128,1,128,1,0,0,0x18010202
1777260318.985,1768926,6,4,ADCS,8,SOLAR,2,COMMAND,81,SET_MAG_DIPOLE,128,1,128,1,0,0,0x18010202
1777260320.012,1769971,6,4,ADCS,8,SOLAR,2,COMMAND,81,SET_MAG_DIPOLE,128,1,128,1,0,0,0x18010202
1777260321.032,1771014,6,4,ADCS,8,SOLAR,2,COMMAND,81,SET_MAG_DIPOLE,128,1,128,1,0,0,0x18010202
1777260322.059,1772018,6,4,ADCS,8,SOLAR,2,COMMAND,81,SET_MAG_DIPOLE,128,1,128,1,0,0,0x18010202
1777260323.105,1773087,6,4,ADCS,8,SOLAR,2,COMMAND,81,SET_MAG_DIPOLE,128,1,128,1,0,0,0x18010202
1777260324.163,1774144,6,4,ADCS,8,SOLAR,2,COMMAND,81,SET_MAG_DIPOLE,128,1,128,1,0,0,0x18010202
1777260325.233,1775175,6,4,ADCS,8,SOLAR,2,COMMAND,81,SET_MAG_DIPOLE,128,1,128,1,0,0,0x18010202
1777260326.195,1776175,6,4,ADCS,8,SOLAR,2,COMMAND,81,SET_MAG_DIPOLE,128,1,128,1,0,0,0x18010202
1777260327.292,1777271,6,4,ADCS,8,SOLAR,2,COMMAND,81,SET_MAG_DIPOLE,128,1,128,1,0,0,0x18010202
1777260328.320,1778302,6,4,ADCS,8,SOLAR,2,COMMAND,81,SET_MAG_DIPOLE,128,1,128,1,0,0,0x18010202
1777260329.426,1779399,6,4,ADCS,8,SOLAR,2,COMMAND,81,SET_MAG_DIPOLE,128,1,128,1,0,0,0x18010202
1777260330.454,1780435,6,4,ADCS,8,SOLAR,2,COMMAND,81,SET_MAG_DIPOLE,128,1,128,1,0,0,0x18010202
1777260331.470,1781450,6,4,ADCS,8,SOLAR,2,COMMAND,81,SET_MAG_DIPOLE,128,1,128,1,0,0,0x18010202
1777260332.507,1782486,6,4,ADCS,8,SOLAR,2,COMMAND,81,SET_MAG_DIPOLE,128,1,128,1,0,0,0x18010202
1777260333.555,1783535,6,4,ADCS,8,SOLAR,2,COMMAND,81,SET_MAG_DIPOLE,128,1,128,1,0,0,0x18010202
1777260334.599,1784579,6,4,ADCS,8,SOLAR,2,COMMAND,81,SET_MAG_DIPOLE,128,1,128,1,0,0,0x18010202
1777260335.619,1785598,6,4,ADCS,8,SOLAR,2,COMMAND,81,SET_MAG_DIPOLE,128,1,128,1,0,0,0x18010202
1777260336.616,1786598,6,4,ADCS,8,SOLAR,2,COMMAND,81,SET_MAG_DIPOLE,128,1,128,1,0,0,0x18010202
1777260337.728,1787691,6,4,ADCS,8,SOLAR,2,COMMAND,81,SET_MAG_DIPOLE,128,1,128,1,0,0,0x18010202
1777260338.753,1788733,6,4,ADCS,8,SOLAR,2,COMMAND,81,SET_MAG_DIPOLE,128,1,128,1,0,0,0x18010202
1777260339.795,1789776,6,4,ADCS,8,SOLAR,2,COMMAND,81,SET_MAG_DIPOLE,128,1,128,1,0,0,0x18010202
1777260340.838,1790818,6,4,ADCS,8,SOLAR,2,COMMAND,81,SET_MAG_DIPOLE,128,1,128,1,0,0,0x18010202
1777260341.869,1791850,6,4,ADCS,8,SOLAR,2,COMMAND,81,SET_MAG_DIPOLE,128,1,128,1,0,0,0x18010202
1777260342.949,1792910,6,4,ADCS,8,SOLAR,2,COMMAND,81,SET_MAG_DIPOLE,128,1,128,1,0,0,0x18010202
1777260343.980,1793962,6,4,ADCS,8,SOLAR,2,COMMAND,81,SET_MAG_DIPOLE,128,1,128,1,0,0,0x18010202
1777260345.052,1795032,6,4,ADCS,8,SOLAR,2,COMMAND,81,SET_MAG_DIPOLE,128,1,128,1,0,0,0x18010202
1777260346.143,1796124,6,4,ADCS,8,SOLAR,2,COMMAND,81,SET_MAG_DIPOLE,128,1,128,1,0,0,0x18010202
1777260347.249,1797222,6,4,ADCS,8,SOLAR,2,COMMAND,81,SET_MAG_DIPOLE,128,1,128,1,0,0,0x18010202
1777260348.304,1798245,6,4,ADCS,8,SOLAR,2,COMMAND,81,SET_MAG_DIPOLE,128,1,128,1,0,0,0x18010202
1777260349.400,1799342,6,4,ADCS,8,SOLAR,2,COMMAND,81,SET_MAG_DIPOLE,128,1,128,1,0,0,0x18010202
1777260350.456,1800437,6,4,ADCS,8,SOLAR,2,COMMAND,81,SET_MAG_DIPOLE,128,1,128,1,0,0,0x18010202
1777260351.504,1801483,6,4,ADCS,8,SOLAR,2,COMMAND,81,SET_MAG_DIPOLE,128,1,128,1,0,0,0x18010202
1777260352.598,1802580,6,4,ADCS,8,SOLAR,2,COMMAND,81,SET_MAG_DIPOLE,128,1,128,1,0,0,0x18010202
1777260353.690,1803670,6,4,ADCS,8,SOLAR,2,COMMAND,81,SET_MAG_DIPOLE,128,1,128,1,0,0,0x18010202
1777260354.783,1804763,6,4,ADCS,8,SOLAR,2,COMMAND,81,SET_MAG_DIPOLE,128,1,128,1,0,0,0x18010202
1777260355.851,1805800,6,4,ADCS,8,SOLAR,2,COMMAND,81,SET_MAG_DIPOLE,128,1,128,1,0,0,0x18010202
1777260356.912,1806893,6,4,ADCS,8,SOLAR,2,COMMAND,81,SET_MAG_DIPOLE,128,1,128,1,0,0,0x18010202
1777260357.975,1807935,6,4,ADCS,8,SOLAR,2,COMMAND,81,SET_MAG_DIPOLE,128,1,128,1,0,0,0x18010202
1777260359.050,1809031,6,4,ADCS,8,SOLAR,2,COMMAND,81,SET_MAG_DIPOLE,128,1,128,1,0,0,0x18010202
1777260360.108,1810088,6,4,ADCS,8,SOLAR,2,COMMAND,81,SET_MAG_DIPOLE,128,1,128,1,0,0,0x18010202
1777260361.206,1811187,6,4,ADCS,8,SOLAR,2,COMMAND,81,SET_MAG_DIPOLE,128,1,128,1,0,0,0x18010202
1777260362.229,1812210,6,4,ADCS,8,SOLAR,2,COMMAND,81,SET_MAG_DIPOLE,128,1,128,1,0,0,0x18010202
1777260363.325,1813307,6,4,ADCS,8,SOLAR,2,COMMAND,81,SET_MAG_DIPOLE,128,1,128,1,0,0,0x18010202
1777260364.405,1814385,6,4,ADCS,8,SOLAR,2,COMMAND,81,SET_MAG_DIPOLE,128,1,128,1,0,0,0x18010202
1777260365.502,1815483,6,4,ADCS,8,SOLAR,2,COMMAND,81,SET_MAG_DIPOLE,128,1,128,1,0,0,0x18010202
1777260366.605,1816574,6,4,ADCS,8,SOLAR,2,COMMAND,81,SET_MAG_DIPOLE,128,1,128,1,0,0,0x18010202
1777260367.697,1817668,6,4,ADCS,8,SOLAR,2,COMMAND,81,SET_MAG_DIPOLE,128,1,128,1,0,0,0x18010202
1777260368.777,1818757,6,4,ADCS,8,SOLAR,2,COMMAND,81,SET_MAG_DIPOLE,128,1,128,1,0,0,0x18010202
1777260369.820,1819800,6,4,ADCS,8,SOLAR,2,COMMAND,81,SET_MAG_DIPOLE,128,1,128,1,0,0,0x18010202
1777260370.837,1820818,6,4,ADCS,8,SOLAR,2,COMMAND,81,SET_MAG_DIPOLE,128,1,128,1,0,0,0x18010202
1777260371.853,1821830,6,4,ADCS,8,SOLAR,2,COMMAND,81,SET_MAG_DIPOLE,128,1,128,1,0,0,0x18010202
1777260372.952,1822925,6,4,ADCS,8,SOLAR,2,COMMAND,81,SET_MAG_DIPOLE,128,1,128,1,0,0,0x18010202
1777260373.997,1823967,6,4,ADCS,8,SOLAR,2,COMMAND,81,SET_MAG_DIPOLE,128,1,128,1,0,0,0x18010202
1777260375.029,1825010,6,4,ADCS,8,SOLAR,2,COMMAND,81,SET_MAG_DIPOLE,128,1,128,1,0,0,0x18010202
1777260376.068,1826048,6,4,ADCS,8,SOLAR,2,COMMAND,81,SET_MAG_DIPOLE,128,1,128,1,0,0,0x18010202
1777260377.144,1827109,6,4,ADCS,8,SOLAR,2,COMMAND,81,SET_MAG_DIPOLE,128,1,128,1,0,0,0x18010202
1777260378.170,1828139,6,4,ADCS,8,SOLAR,2,COMMAND,81,SET_MAG_DIPOLE,128,1,128,1,0,0,0x18010202
1777260379.194,1829163,6,4,ADCS,8,SOLAR,2,COMMAND,81,SET_MAG_DIPOLE,128,1,128,1,0,0,0x18010202
1777260380.280,1830259,6,4,ADCS,8,SOLAR,2,COMMAND,81,SET_MAG_DIPOLE,128,1,128,1,0,0,0x18010202
1777260381.280,1831260,6,4,ADCS,8,SOLAR,2,COMMAND,81,SET_MAG_DIPOLE,128,1,128,1,0,0,0x18010202
1777260382.379,1832355,6,4,ADCS,8,SOLAR,2,COMMAND,81,SET_MAG_DIPOLE,128,1,128,1,0,0,0x18010202
1777260383.417,1833398,6,4,ADCS,8,SOLAR,2,COMMAND,81,SET_MAG_DIPOLE,128,1,128,1,0,0,0x18010202
1777260384.459,1834439,6,4,ADCS,8,SOLAR,2,COMMAND,81,SET_MAG_DIPOLE,128,1,128,1,0,0,0x18010202
1777260385.502,1835481,6,4,ADCS,8,SOLAR,2,COMMAND,81,SET_MAG_DIPOLE,128,1,128,1,0,0,0x18010202
1777260386.581,1836525,6,4,ADCS,8,SOLAR,2,COMMAND,81,SET_MAG_DIPOLE,128,1,128,1,0,0,0x18010202
1777260387.594,1837567,6,4,ADCS,8,SOLAR,2,COMMAND,81,SET_MAG_DIPOLE,128,1,128,1,0,0,0x18010202
1777260388.628,1838609,6,4,ADCS,8,SOLAR,2,COMMAND,81,SET_MAG_DIPOLE,128,1,128,1,0,0,0x18010202
1777260389.672,1839652,6,4,ADCS,8,SOLAR,2,COMMAND,81,SET_MAG_DIPOLE,128,1,128,1,0,0,0x18010202
1777260390.699,1840680,6,4,ADCS,8,SOLAR,2,COMMAND,81,SET_MAG_DIPOLE,128,1,128,1,0,0,0x18010202
1777260391.700,1841681,6,4,ADCS,8,SOLAR,2,COMMAND,81,SET_MAG_DIPOLE,128,1,128,1,0,0,0x18010202
1777260392.716,1842695,6,4,ADCS,8,SOLAR,2,COMMAND,81,SET_MAG_DIPOLE,128,1,128,1,0,0,0x18010202
1777260393.843,1843789,6,4,ADCS,8,SOLAR,2,COMMAND,81,SET_MAG_DIPOLE,128,1,128,1,0,0,0x18010202
1777260394.864,1844837,6,4,ADCS,8,SOLAR,2,COMMAND,81,SET_MAG_DIPOLE,128,1,128,1,0,0,0x18010202
1777260395.882,1845843,6,4,ADCS,8,SOLAR,2,COMMAND,81,SET_MAG_DIPOLE,128,1,128,1,0,0,0x18010202
1777260396.915,1846872,6,4,ADCS,8,SOLAR,2,COMMAND,81,SET_MAG_DIPOLE,128,1,128,1,0,0,0x18010202
1777260397.936,1847914,6,4,ADCS,8,SOLAR,2,COMMAND,81,SET_MAG_DIPOLE,128,1,128,1,0,0,0x18010202
1777260398.978,1848957,6,4,ADCS,8,SOLAR,2,COMMAND,81,SET_MAG_DIPOLE,128,1,128,1,0,0,0x18010202
1777260400.007,1849987,6,4,ADCS,8,SOLAR,2,COMMAND,81,SET_MAG_DIPOLE,128,1,128,1,0,0,0x18010202
1777260401.127,1851056,6,4,ADCS,8,SOLAR,2,COMMAND,81,SET_MAG_DIPOLE,128,1,128,1,0,0,0x18010202
1777260402.136,1852080,6,4,ADCS,8,SOLAR,2,COMMAND,81,SET_MAG_DIPOLE,128,1,128,1,0,0,0x18010202
1777260403.116,1853096,6,4,ADCS,8,SOLAR,2,COMMAND,81,SET_MAG_DIPOLE,128,1,128,1,0,0,0x18010202
1777260404.227,1854191,6,4,ADCS,8,SOLAR,2,COMMAND,81,SET_MAG_DIPOLE,128,1,128,1,0,0,0x18010202
1777260405.254,1855233,6,4,ADCS,8,SOLAR,2,COMMAND,81,SET_MAG_DIPOLE,128,1,128,1,0,0,0x18010202
1777260406.337,1856276,6,4,ADCS,8,SOLAR,2,COMMAND,81,SET_MAG_DIPOLE,128,1,128,1,0,0,0x18010202
1777260407.360,1857319,6,4,ADCS,8,SOLAR,2,COMMAND,81,SET_MAG_DIPOLE,128,1,128,1,0,0,0x18010202
1777260408.382,1858362,6,4,ADCS,8,SOLAR,2,COMMAND,81,SET_MAG_DIPOLE,128,1,128,1,0,0,0x18010202
1777260409.425,1859404,6,4,ADCS,8,SOLAR,2,COMMAND,81,SET_MAG_DIPOLE,128,1,128,1,0,0,0x18010202
1777260410.467,1860447,6,4,ADCS,8,SOLAR,2,COMMAND,81,SET_MAG_DIPOLE,128,1,128,1,0,0,0x18010202
1777260411.509,1861489,6,4,ADCS,8,SOLAR,2,COMMAND,81,SET_MAG_DIPOLE,128,1,128,1,0,0,0x18010202
1777260412.509,1862489,6,4,ADCS,8,SOLAR,2,COMMAND,81,SET_MAG_DIPOLE,128,1,128,1,0,0,0x18010202
1777260413.539,1863519,6,4,ADCS,8,SOLAR,2,COMMAND,81,SET_MAG_DIPOLE,128,1,128,1,0,0,0x18010202
1777260414.587,1864566,6,4,ADCS,8,SOLAR,2,COMMAND,81,SET_MAG_DIPOLE,128,1,128,1,0,0,0x18010202
1777260415.654,1865594,6,4,ADCS,8,SOLAR,2,COMMAND,81,SET_MAG_DIPOLE,128,1,128,1,0,0,0x18010202
1777260416.613,1866594,6,4,ADCS,8,SOLAR,2,COMMAND,81,SET_MAG_DIPOLE,128,1,128,1,0,0,0x18010202
1777260417.710,1867690,6,4,ADCS,8,SOLAR,2,COMMAND,81,SET_MAG_DIPOLE,128,1,128,1,0,0,0x18010202
1777260418.828,1868783,6,4,ADCS,8,SOLAR,2,COMMAND,81,SET_MAG_DIPOLE,128,1,128,1,0,0,0x18010202
1777260419.854,1869825,6,4,ADCS,8,SOLAR,2,COMMAND,81,SET_MAG_DIPOLE,128,1,128,1,0,0,0x18010202
1777260420.890,1870869,6,4,ADCS,8,SOLAR,2,COMMAND,81,SET_MAG_DIPOLE,128,1,128,1,0,0,0x18010202
1777260421.899,1871876,6,4,ADCS,8,SOLAR,2,COMMAND,81,SET_MAG_DIPOLE,128,1,128,1,0,0,0x18010202
1777260422.950,1872929,6,4,ADCS,8,SOLAR,2,COMMAND,81,SET_MAG_DIPOLE,128,1,128,1,0,0,0x18010202
1777260423.962,1873941,6,4,ADCS,8,SOLAR,2,COMMAND,81,SET_MAG_DIPOLE,128,1,128,1,0,0,0x18010202
1777260425.074,1875016,6,4,ADCS,8,SOLAR,2,COMMAND,81,SET_MAG_DIPOLE,128,1,128,1,0,0,0x18010202
1777260426.050,1876030,6,4,ADCS,8,SOLAR,2,COMMAND,81,SET_MAG_DIPOLE,128,1,128,1,0,0,0x18010202
1777260427.073,1877053,6,4,ADCS,8,SOLAR,2,COMMAND,81,SET_MAG_DIPOLE,128,1,128,1,0,0,0x18010202
1777260428.147,1878126,6,4,ADCS,8,SOLAR,2,COMMAND,81,SET_MAG_DIPOLE,128,1,128,1,0,0,0x18010202
1777260429.170,1879146,6,4,ADCS,8,SOLAR,2,COMMAND,81,SET_MAG_DIPOLE,128,1,128,1,0,0,0x18010202
1777260430.212,1880187,6,4,ADCS,8,SOLAR,2,COMMAND,81,SET_MAG_DIPOLE,128,1,128,1,0,0,0x18010202
1777260431.238,1881204,6,4,ADCS,8,SOLAR,2,COMMAND,81,SET_MAG_DIPOLE,128,1,128,1,0,0,0x18010202
1777260432.253,1882232,6,4,ADCS,8,SOLAR,2,COMMAND,81,SET_MAG_DIPOLE,128,1,128,1,0,0,0x18010202
1777260433.310,1883288,6,4,ADCS,8,SOLAR,2,COMMAND,81,SET_MAG_DIPOLE,128,1,128,1,0,0,0x18010202
1777260434.345,1884324,6,4,ADCS,8,SOLAR,2,COMMAND,81,SET_MAG_DIPOLE,128,1,128,1,0,0,0x18010202
1777260435.374,1885350,6,4,ADCS,8,SOLAR,2,COMMAND,81,SET_MAG_DIPOLE,128,1,128,1,0,0,0x18010202
1777260436.372,1886351,6,4,ADCS,8,SOLAR,2,COMMAND,81,SET_MAG_DIPOLE,128,1,128,1,0,0,0x18010202
1777260437.461,1887430,6,4,ADCS,8,SOLAR,2,COMMAND,81,SET_MAG_DIPOLE,128,1,128,1,0,0,0x18010202
1777260438.513,1888488,6,4,ADCS,8,SOLAR,2,COMMAND,81,SET_MAG_DIPOLE,128,1,128,1,0,0,0x18010202
1777260439.537,1889512,6,4,ADCS,8,SOLAR,2,COMMAND,81,SET_MAG_DIPOLE,128,1,128,1,0,0,0x18010202
1777260440.643,1890585,6,4,ADCS,8,SOLAR,2,COMMAND,81,SET_MAG_DIPOLE,128,1,128,1,0,0,0x18010202
1777260441.666,1891608,6,4,ADCS,8,SOLAR,2,COMMAND,81,SET_MAG_DIPOLE,128,1,128,1,0,0,0x18010202
1777260442.687,1892666,6,4,ADCS,8,SOLAR,2,COMMAND,81,SET_MAG_DIPOLE,128,1,128,1,0,0,0x18010202
1777260443.718,1893697,6,4,ADCS,8,SOLAR,2,COMMAND,81,SET_MAG_DIPOLE,128,1,128,1,0,0,0x18010202
1777260444.760,1894740,6,4,ADCS,8,SOLAR,2,COMMAND,81,SET_MAG_DIPOLE,128,1,128,1,0,0,0x18010202
1777260445.797,1895776,6,4,ADCS,8,SOLAR,2,COMMAND,81,SET_MAG_DIPOLE,128,1,128,1,0,0,0x18010202
1777260446.895,1896869,6,4,ADCS,8,SOLAR,2,COMMAND,81,SET_MAG_DIPOLE,128,1,128,1,0,0,0x18010202
1777260447.935,1897914,6,4,ADCS,8,SOLAR,2,COMMAND,81,SET_MAG_DIPOLE,128,1,128,1,0,0,0x18010202
1777260448.978,1898956,6,4,ADCS,8,SOLAR,2,COMMAND,81,SET_MAG_DIPOLE,128,1,128,1,0,0,0x18010202
1777260449.984,1899964,6,4,ADCS,8,SOLAR,2,COMMAND,81,SET_MAG_DIPOLE,128,1,128,1,0,0,0x18010202
1777260451.010,1900987,6,4,ADCS,8,SOLAR,2,COMMAND,81,SET_MAG_DIPOLE,128,1,128,1,0,0,0x18010202
1777260452.057,1902033,6,4,ADCS,8,SOLAR,2,COMMAND,81,SET_MAG_DIPOLE,128,1,128,1,0,0,0x18010202
1777260453.136,1903074,6,4,ADCS,8,SOLAR,2,COMMAND,81,SET_MAG_DIPOLE,128,1,128,1,0,0,0x18010202
1777260454.097,1904075,6,4,ADCS,8,SOLAR,2,COMMAND,81,SET_MAG_DIPOLE,128,1,128,1,0,0,0x18010202
1777260455.182,1905137,6,4,ADCS,8,SOLAR,2,COMMAND,81,SET_MAG_DIPOLE,128,1,128,1,0,0,0x18010202
1777260456.207,1906160,6,4,ADCS,8,SOLAR,2,COMMAND,81,SET_MAG_DIPOLE,128,1,128,1,0,0,0x18010202
1777260457.184,1907162,6,4,ADCS,8,SOLAR,2,COMMAND,81,SET_MAG_DIPOLE,128,1,128,1,0,0,0x18010202
1777260458.201,1908180,6,4,ADCS,8,SOLAR,2,COMMAND,81,SET_MAG_DIPOLE,128,1,128,1,0,0,0x18010202
1777260459.296,1909275,6,4,ADCS,8,SOLAR,2,COMMAND,81,SET_MAG_DIPOLE,128,1,128,1,0,0,0x18010202
1777260460.325,1910301,6,4,ADCS,8,SOLAR,2,COMMAND,81,SET_MAG_DIPOLE,128,1,128,1,0,0,0x18010202
1777260461.381,1911359,6,4,ADCS,8,SOLAR,2,COMMAND,81,SET_MAG_DIPOLE,128,1,128,1,0,0,0x18010202
1777260462.454,1912390,6,4,ADCS,8,SOLAR,2,COMMAND,81,SET_MAG_DIPOLE,128,1,128,1,0,0,0x18010202
1777260463.473,1913430,6,4,ADCS,8,SOLAR,2,COMMAND,81,SET_MAG_DIPOLE,128,1,128,1,0,0,0x18010202
1777260464.513,1914491,6,4,ADCS,8,SOLAR,2,COMMAND,81,SET_MAG_DIPOLE,128,1,128,1,0,0,0x18010202
1777260465.525,1915499,6,4,ADCS,8,SOLAR,2,COMMAND,81,SET_MAG_DIPOLE,128,1,128,1,0,0,0x18010202
1777260466.544,1916522,6,4,ADCS,8,SOLAR,2,COMMAND,81,SET_MAG_DIPOLE,128,1,128,1,0,0,0x18010202
1777260467.582,1917561,6,4,ADCS,8,SOLAR,2,COMMAND,81,SET_MAG_DIPOLE,128,1,128,1,0,0,0x18010202
1777260468.619,1918598,6,4,ADCS,8,SOLAR,2,COMMAND,81,SET_MAG_DIPOLE,128,1,128,1,0,0,0x18010202
1777260469.728,1919694,6,4,ADCS,8,SOLAR,2,COMMAND,81,SET_MAG_DIPOLE,128,1,128,1,0,0,0x18010202
1777260470.756,1920736,6,4,ADCS,8,SOLAR,2,COMMAND,81,SET_MAG_DIPOLE,128,1,128,1,0,0,0x18010202
1777260471.799,1921778,6,4,ADCS,8,SOLAR,2,COMMAND,81,SET_MAG_DIPOLE,128,1,128,1,0,0,0x18010202
1777260472.826,1922805,6,4,ADCS,8,SOLAR,2,COMMAND,81,SET_MAG_DIPOLE,128,1,128,1,0,0,0x18010202
1777260473.921,1923865,6,4,ADCS,8,SOLAR,2,COMMAND,81,SET_MAG_DIPOLE,128,1,128,1,0,0,0x18010202
1777260474.948,1924889,6,4,ADCS,8,SOLAR,2,COMMAND,81,SET_MAG_DIPOLE,128,1,128,1,0,0,0x18010202
1777260475.918,1925897,6,4,ADCS,8,SOLAR,2,COMMAND,81,SET_MAG_DIPOLE,128,1,128,1,0,0,0x18010202
1777260476.993,1926939,6,4,ADCS,8,SOLAR,2,COMMAND,81,SET_MAG_DIPOLE,128,1,128,1,0,0,0x18010202
1777260478.034,1927978,6,4,ADCS,8,SOLAR,2,COMMAND,81,SET_MAG_DIPOLE,128,1,128,1,0,0,0x18010202
1777260479.043,1929018,6,4,ADCS,8,SOLAR,2,COMMAND,81,SET_MAG_DIPOLE,128,1,128,1,0,0,0x18010202
1777260480.166,1930113,6,4,ADCS,8,SOLAR,2,COMMAND,81,SET_MAG_DIPOLE,128,1,128,1,0,0,0x18010202
1777260481.203,1931155,6,4,ADCS,8,SOLAR,2,COMMAND,81,SET_MAG_DIPOLE,128,1,128,1,0,0,0x18010202
1777260482.217,1932178,6,4,ADCS,8,SOLAR,2,COMMAND,81,SET_MAG_DIPOLE,128,1,128,1,0,0,0x18010202
1777260483.261,1933240,6,4,ADCS,8,SOLAR,2,COMMAND,81,SET_MAG_DIPOLE,128,1,128,1,0,0,0x18010202
1777260484.289,1934267,6,4,ADCS,8,SOLAR,2,COMMAND,81,SET_MAG_DIPOLE,128,1,128,1,0,0,0x18010202
1777260485.347,1935326,6,4,ADCS,8,SOLAR,2,COMMAND,81,SET_MAG_DIPOLE,128,1,128,1,0,0,0x18010202
1777260486.412,1936353,6,4,ADCS,8,SOLAR,2,COMMAND,81,SET_MAG_DIPOLE,128,1,128,1,0,0,0x18010202
1777260487.447,1937415,6,4,ADCS,8,SOLAR,2,COMMAND,81,SET_MAG_DIPOLE,128,1,128,1,0,0,0x18010202
1777260488.468,1938445,6,4,ADCS,8,SOLAR,2,COMMAND,81,SET_MAG_DIPOLE,128,1,128,1,0,0,0x18010202
1777260489.488,1939445,6,4,ADCS,8,SOLAR,2,COMMAND,81,SET_MAG_DIPOLE,128,1,128,1,0,0,0x18010202
1777260490.561,1940540,6,4,ADCS,8,SOLAR,2,COMMAND,81,SET_MAG_DIPOLE,128,1,128,1,0,0,0x18010202
1777260491.639,1941582,6,4,ADCS,8,SOLAR,2,COMMAND,81,SET_MAG_DIPOLE,128,1,128,1,0,0,0x18010202
1777260492.665,1942624,6,4,ADCS,8,SOLAR,2,COMMAND,81,SET_MAG_DIPOLE,128,1,128,1,0,0,0x18010202
1777260493.694,1943666,6,4,ADCS,8,SOLAR,2,COMMAND,81,SET_MAG_DIPOLE,128,1,128,1,0,0,0x18010202
1777260494.731,1944709,6,4,ADCS,8,SOLAR,2,COMMAND,81,SET_MAG_DIPOLE,128,1,128,1,0,0,0x18010202
1777260495.769,1945748,6,4,ADCS,8,SOLAR,2,COMMAND,81,SET_MAG_DIPOLE,128,1,128,1,0,0,0x18010202
1777260496.817,1946793,6,4,ADCS,8,SOLAR,2,COMMAND,81,SET_MAG_DIPOLE,128,1,128,1,0,0,0x18010202
1777260497.839,1947817,6,4,ADCS,8,SOLAR,2,COMMAND,81,SET_MAG_DIPOLE,128,1,128,1,0,0,0x18010202
1777260498.914,1948872,6,4,ADCS,8,SOLAR,2,COMMAND,81,SET_MAG_DIPOLE,128,1,128,1,0,0,0x18010202
1777260499.990,1949967,6,4,ADCS,8,SOLAR,2,COMMAND,81,SET_MAG_DIPOLE,128,1,128,1,0,0,0x18010202
1777260501.060,1951009,6,4,ADCS,8,SOLAR,2,COMMAND,81,SET_MAG_DIPOLE,128,1,128,1,0,0,0x18010202
1777260502.083,1952051,6,4,ADCS,8,SOLAR,2,COMMAND,81,SET_MAG_DIPOLE,128,1,128,1,0,0,0x18010202
1777260503.109,1953060,6,4,ADCS,8,SOLAR,2,COMMAND,81,SET_MAG_DIPOLE,128,1,128,1,0,0,0x18010202
1777260504.160,1954136,6,4,ADCS,8,SOLAR,2,COMMAND,81,SET_MAG_DIPOLE,128,1,128,1,0,0,0x18010202
1777260505.174,1955149,6,4,ADCS,8,SOLAR,2,COMMAND,81,SET_MAG_DIPOLE,128,1,128,1,0,0,0x18010202
1777260506.300,1956221,6,4,ADCS,8,SOLAR,2,COMMAND,81,SET_MAG_DIPOLE,128,1,128,1,0,0,0x18010202
1777260507.265,1957235,6,4,ADCS,8,SOLAR,2,COMMAND,81,SET_MAG_DIPOLE,128,1,128,1,0,0,0x18010202
1777260508.355,1958273,6,4,ADCS,8,SOLAR,2,COMMAND,81,SET_MAG_DIPOLE,128,1,128,1,0,0,0x18010202
1777260509.377,1959294,6,4,ADCS,8,SOLAR,2,COMMAND,81,SET_MAG_DIPOLE,128,1,128,1,0,0,0x18010202
1777260510.412,1960391,6,4,ADCS,8,SOLAR,2,COMMAND,81,SET_MAG_DIPOLE,128,1,128,1,0,0,0x18010202
1777260511.475,1961431,6,4,ADCS,8,SOLAR,2,COMMAND,81,SET_MAG_DIPOLE,128,1,128,1,0,0,0x18010202
1777260512.550,1962527,6,4,ADCS,8,SOLAR,2,COMMAND,81,SET_MAG_DIPOLE,128,1,128,1,0,0,0x18010202
1777260513.678,1963623,6,4,ADCS,8,SOLAR,2,COMMAND,81,SET_MAG_DIPOLE,128,1,128,1,0,0,0x18010202
1777260514.722,1964699,6,4,ADCS,8,SOLAR,2,COMMAND,81,SET_MAG_DIPOLE,128,1,128,1,0,0,0x18010202
1777260515.823,1965745,6,4,ADCS,8,SOLAR,2,COMMAND,81,SET_MAG_DIPOLE,128,1,128,1,0,0,0x18010202
1777260516.846,1966820,6,4,ADCS,8,SOLAR,2,COMMAND,81,SET_MAG_DIPOLE,128,1,128,1,0,0,0x18010202
1777260517.975,1967916,6,4,ADCS,8,SOLAR,2,COMMAND,81,SET_MAG_DIPOLE,128,1,128,1,0,0,0x18010202
1777260518.994,1968970,6,4,ADCS,8,SOLAR,2,COMMAND,81,SET_MAG_DIPOLE,128,1,128,1,0,0,0x18010202
1777260520.123,1970064,6,4,ADCS,8,SOLAR,2,COMMAND,81,SET_MAG_DIPOLE,128,1,128,1,0,0,0x18010202
1777260521.180,1971157,6,4,ADCS,8,SOLAR,2,COMMAND,81,SET_MAG_DIPOLE,128,1,128,1,0,0,0x18010202
1777260522.272,1972195,6,4,ADCS,8,SOLAR,2,COMMAND,81,SET_MAG_DIPOLE,128,1,128,1,0,0,0x18010202
1777260523.329,1973222,6,4,ADCS,8,SOLAR,2,COMMAND,81,SET_MAG_DIPOLE,128,1,128,1,0,0,0x18010202
1777260524.339,1974318,6,4,ADCS,8,SOLAR,2,COMMAND,81,SET_MAG_DIPOLE,128,1,128,1,0,0,0x18010202
1777260525.446,1975417,6,4,ADCS,8,SOLAR,2,COMMAND,81,SET_MAG_DIPOLE,128,1,128,1,0,0,0x18010202
1777260526.572,1976512,6,4,ADCS,8,SOLAR,2,COMMAND,81,SET_MAG_DIPOLE,128,1,128,1,0,0,0x18010202
1777260527.631,1977608,6,4,ADCS,8,SOLAR,2,COMMAND,81,SET_MAG_DIPOLE,128,1,128,1,0,0,0x18010202
1777260528.724,1978645,6,4,ADCS,8,SOLAR,2,COMMAND,81,SET_MAG_DIPOLE,128,1,128,1,0,0,0x18010202
1777260529.686,1979662,6,4,ADCS,8,SOLAR,2,COMMAND,81,SET_MAG_DIPOLE,128,1,128,1,0,0,0x18010202
1777260530.810,1980760,6,4,ADCS,8,SOLAR,2,COMMAND,81,SET_MAG_DIPOLE,128,1,128,1,0,0,0x18010202
1777260531.897,1981857,6,4,ADCS,8,SOLAR,2,COMMAND,81,SET_MAG_DIPOLE,128,1,128,1,0,0,0x18010202
1777260532.925,1982895,6,4,ADCS,8,SOLAR,2,COMMAND,81,SET_MAG_DIPOLE,128,1,128,1,0,0,0x18010202
1777260534.051,1983989,6,4,ADCS,8,SOLAR,2,COMMAND,81,SET_MAG_DIPOLE,128,1,128,1,0,0,0x18010202
1777260535.072,1985046,6,4,ADCS,8,SOLAR,2,COMMAND,81,SET_MAG_DIPOLE,128,1,128,1,0,0,0x18010202
1777260536.118,1986090,6,4,ADCS,8,SOLAR,2,COMMAND,81,SET_MAG_DIPOLE,128,1,128,1,0,0,0x18010202
1777260537.157,1987135,6,4,ADCS,8,SOLAR,2,COMMAND,81,SET_MAG_DIPOLE,128,1,128,1,0,0,0x18010202
1777260538.247,1988171,6,4,ADCS,8,SOLAR,2,COMMAND,81,SET_MAG_DIPOLE,128,1,128,1,0,0,0x18010202
1777260539.267,1989230,6,4,ADCS,8,SOLAR,2,COMMAND,81,SET_MAG_DIPOLE,128,1,128,1,0,0,0x18010202
1777260540.291,1990262,6,4,ADCS,8,SOLAR,2,COMMAND,81,SET_MAG_DIPOLE,128,1,128,1,0,0,0x18010202
1777260541.320,1991262,6,4,ADCS,8,SOLAR,2,COMMAND,81,SET_MAG_DIPOLE,128,1,128,1,0,0,0x18010202
1777260542.369,1992346,6,4,ADCS,8,SOLAR,2,COMMAND,81,SET_MAG_DIPOLE,128,1,128,1,0,0,0x18010202
1777260543.376,1993353,6,4,ADCS,8,SOLAR,2,COMMAND,81,SET_MAG_DIPOLE,128,1,128,1,0,0,0x18010202
1777260544.488,1994431,6,4,ADCS,8,SOLAR,2,COMMAND,81,SET_MAG_DIPOLE,128,1,128,1,0,0,0x18010202
1777260545.513,1995449,6,4,ADCS,8,SOLAR,2,COMMAND,81,SET_MAG_DIPOLE,128,1,128,1,0,0,0x18010202
1777260546.537,1996513,6,4,ADCS,8,SOLAR,2,COMMAND,81,SET_MAG_DIPOLE,128,1,128,1,0,0,0x18010202
1777260547.674,1997608,6,4,ADCS,8,SOLAR,2,COMMAND,81,SET_MAG_DIPOLE,128,1,128,1,0,0,0x18010202
1777260548.687,1998615,6,4,ADCS,8,SOLAR,2,COMMAND,81,SET_MAG_DIPOLE,128,1,128,1,0,0,0x18010202
1777260549.657,1999615,6,4,ADCS,8,SOLAR,2,COMMAND,81,SET_MAG_DIPOLE,128,1,128,1,0,0,0x18010202
1777260550.740,2000681,6,4,ADCS,8,SOLAR,2,COMMAND,81,SET_MAG_DIPOLE,128,1,128,1,0,0,0x18010202
1777260551.760,2001728,6,4,ADCS,8,SOLAR,2,COMMAND,81,SET_MAG_DIPOLE,128,1,128,1,0,0,0x18010202
1777260552.795,2002771,6,4,ADCS,8,SOLAR,2,COMMAND,81,SET_MAG_DIPOLE,128,1,128,1,0,0,0x18010202
1777260553.804,2003774,6,4,ADCS,8,SOLAR,2,COMMAND,81,SET_MAG_DIPOLE,128,1,128,1,0,0,0x18010202
1777260554.862,2004839,6,4,ADCS,8,SOLAR,2,COMMAND,81,SET_MAG_DIPOLE,128,1,128,1,0,0,0x18010202
1777260555.886,2005862,6,4,ADCS,8,SOLAR,2,COMMAND,81,SET_MAG_DIPOLE,128,1,128,1,0,0,0x18010202
1777260556.915,2006893,6,4,ADCS,8,SOLAR,2,COMMAND,81,SET_MAG_DIPOLE,128,1,128,1,0,0,0x18010202
1777260557.952,2007929,6,4,ADCS,8,SOLAR,2,COMMAND,81,SET_MAG_DIPOLE,128,1,128,1,0,0,0x18010202
1777260559.066,2009024,6,4,ADCS,8,SOLAR,2,COMMAND,81,SET_MAG_DIPOLE,128,1,128,1,0,0,0x18010202
1777260560.089,2010067,6,4,ADCS,8,SOLAR,2,COMMAND,81,SET_MAG_DIPOLE,128,1,128,1,0,0,0x18010202
1777260561.115,2011092,6,4,ADCS,8,SOLAR,2,COMMAND,81,SET_MAG_DIPOLE,128,1,128,1,0,0,0x18010202
1777260562.201,2012153,6,4,ADCS,8,SOLAR,2,COMMAND,81,SET_MAG_DIPOLE,128,1,128,1,0,0,0x18010202
1777260563.271,2013249,6,4,ADCS,8,SOLAR,2,COMMAND,81,SET_MAG_DIPOLE,128,1,128,1,0,0,0x18010202
1777260564.368,2014344,6,4,ADCS,8,SOLAR,2,COMMAND,81,SET_MAG_DIPOLE,128,1,128,1,0,0,0x18010202
1777260565.375,2015352,6,4,ADCS,8,SOLAR,2,COMMAND,81,SET_MAG_DIPOLE,128,1,128,1,0,0,0x18010202
1777260566.398,2016366,6,4,ADCS,8,SOLAR,2,COMMAND,81,SET_MAG_DIPOLE,128,1,128,1,0,0,0x18010202
1777260567.525,2017463,6,4,ADCS,8,SOLAR,2,COMMAND,81,SET_MAG_DIPOLE,128,1,128,1,0,0,0x18010202
1777260568.577,2018554,6,4,ADCS,8,SOLAR,2,COMMAND,81,SET_MAG_DIPOLE,128,1,128,1,0,0,0x18010202
1777260569.586,2019563,6,4,ADCS,8,SOLAR,2,COMMAND,81,SET_MAG_DIPOLE,128,1,128,1,0,0,0x18010202
1777260570.648,2020626,6,4,ADCS,8,SOLAR,2,COMMAND,81,SET_MAG_DIPOLE,128,1,128,1,0,0,0x18010202
1777260571.721,2021663,6,4,ADCS,8,SOLAR,2,COMMAND,81,SET_MAG_DIPOLE,128,1,128,1,0,0,0x18010202
1777260572.779,2022757,6,4,ADCS,8,SOLAR,2,COMMAND,81,SET_MAG_DIPOLE,128,1,128,1,0,0,0x18010202
1777260573.871,2023808,6,4,ADCS,8,SOLAR,2,COMMAND,81,SET_MAG_DIPOLE,128,1,128,1,0,0,0x18010202
1777260574.928,2024906,6,4,ADCS,8,SOLAR,2,COMMAND,81,SET_MAG_DIPOLE,128,1,128,1,0,0,0x18010202
1777260576.022,2025997,6,4,ADCS,8,SOLAR,2,COMMAND,81,SET_MAG_DIPOLE,128,1,128,1,0,0,0x18010202
1777260577.071,2027037,6,4,ADCS,8,SOLAR,2,COMMAND,81,SET_MAG_DIPOLE,128,1,128,1,0,0,0x18010202
1777260578.164,2028134,6,4,ADCS,8,SOLAR,2,COMMAND,81,SET_MAG_DIPOLE,128,1,128,1,0,0,0x18010202
1777260579.252,2029230,6,4,ADCS,8,SOLAR,2,COMMAND,81,SET_MAG_DIPOLE,128,1,128,1,0,0,0x18010202
1777260580.315,2030262,6,4,ADCS,8,SOLAR,2,COMMAND,81,SET_MAG_DIPOLE,128,1,128,1,0,0,0x18010202
1777260581.383,2031360,6,4,ADCS,8,SOLAR,2,COMMAND,81,SET_MAG_DIPOLE,128,1,128,1,0,0,0x18010202
1777260582.475,2032451,6,4,ADCS,8,SOLAR,2,COMMAND,81,SET_MAG_DIPOLE,128,1,128,1,0,0,0x18010202
1777260583.552,2033529,6,4,ADCS,8,SOLAR,2,COMMAND,81,SET_MAG_DIPOLE,128,1,128,1,0,0,0x18010202
1777260584.552,2034529,6,4,ADCS,8,SOLAR,2,COMMAND,81,SET_MAG_DIPOLE,128,1,128,1,0,0,0x18010202
1777260585.599,2035575,6,4,ADCS,8,SOLAR,2,COMMAND,81,SET_MAG_DIPOLE,128,1,128,1,0,0,0x18010202
1777260586.674,2036611,6,4,ADCS,8,SOLAR,2,COMMAND,81,SET_MAG_DIPOLE,128,1,128,1,0,0,0x18010202
1777260587.729,2037706,6,4,ADCS,8,SOLAR,2,COMMAND,81,SET_MAG_DIPOLE,128,1,128,1,0,0,0x18010202
1777260588.826,2038803,6,4,ADCS,8,SOLAR,2,COMMAND,81,SET_MAG_DIPOLE,128,1,128,1,0,0,0x18010202
1777260589.957,2039895,6,4,ADCS,8,SOLAR,2,COMMAND,81,SET_MAG_DIPOLE,128,1,128,1,0,0,0x18010202
1777260591.011,2040987,6,4,ADCS,8,SOLAR,2,COMMAND,81,SET_MAG_DIPOLE,128,1,128,1,0,0,0x18010202
1777260592.110,2042086,6,4,ADCS,8,SOLAR,2,COMMAND,81,SET_MAG_DIPOLE,128,1,128,1,0,0,0x18010202
1777260593.222,2043165,6,4,ADCS,8,SOLAR,2,COMMAND,81,SET_MAG_DIPOLE,128,1,128,1,0,0,0x18010202
1777260594.282,2044259,6,4,ADCS,8,SOLAR,2,COMMAND,81,SET_MAG_DIPOLE,128,1,128,1,0,0,0x18010202
1777260595.326,2045302,6,4,ADCS,8,SOLAR,2,COMMAND,81,SET_MAG_DIPOLE,128,1,128,1,0,0,0x18010202
1777260596.418,2046345,6,4,ADCS,8,SOLAR,2,COMMAND,81,SET_MAG_DIPOLE,128,1,128,1,0,0,0x18010202
1777260597.415,2047388,6,4,ADCS,8,SOLAR,2,COMMAND,81,SET_MAG_DIPOLE,128,1,128,1,0,0,0x18010202
1777260598.453,2048429,6,4,ADCS,8,SOLAR,2,COMMAND,81,SET_MAG_DIPOLE,128,1,128,1,0,0,0x18010202
1777260599.496,2049471,6,4,ADCS,8,SOLAR,2,COMMAND,81,SET_MAG_DIPOLE,128,1,128,1,0,0,0x18010202
1777260600.515,2050487,6,4,ADCS,8,SOLAR,2,COMMAND,81,SET_MAG_DIPOLE,128,1,128,1,0,0,0x18010202
1777260601.575,2051553,6,4,ADCS,8,SOLAR,2,COMMAND,81,SET_MAG_DIPOLE,128,1,128,1,0,0,0x18010202
1777260602.645,2052593,6,4,ADCS,8,SOLAR,2,COMMAND,81,SET_MAG_DIPOLE,128,1,128,1,0,0,0x18010202
1777260603.713,2053687,6,4,ADCS,8,SOLAR,2,COMMAND,81,SET_MAG_DIPOLE,128,1,128,1,0,0,0x18010202
1777260604.794,2054729,6,4,ADCS,8,SOLAR,2,COMMAND,81,SET_MAG_DIPOLE,128,1,128,1,0,0,0x18010202
1777260605.808,2055771,6,4,ADCS,8,SOLAR,2,COMMAND,81,SET_MAG_DIPOLE,128,1,128,1,0,0,0x18010202
1777260606.847,2056815,6,4,ADCS,8,SOLAR,2,COMMAND,81,SET_MAG_DIPOLE,128,1,128,1,0,0,0x18010202
1777260607.880,2057857,6,4,ADCS,8,SOLAR,2,COMMAND,81,SET_MAG_DIPOLE,128,1,128,1,0,0,0x18010202
1777260608.923,2058900,6,4,ADCS,8,SOLAR,2,COMMAND,81,SET_MAG_DIPOLE,128,1,128,1,0,0,0x18010202
1777260609.945,2059921,6,4,ADCS,8,SOLAR,2,COMMAND,81,SET_MAG_DIPOLE,128,1,128,1,0,0,0x18010202
1777260611.043,2060984,6,4,ADCS,8,SOLAR,2,COMMAND,81,SET_MAG_DIPOLE,128,1,128,1,0,0,0x18010202
1777260612.058,2062021,6,4,ADCS,8,SOLAR,2,COMMAND,81,SET_MAG_DIPOLE,128,1,128,1,0,0,0x18010202
1777260613.141,2063118,6,4,ADCS,8,SOLAR,2,COMMAND,81,SET_MAG_DIPOLE,128,1,128,1,0,0,0x18010202
1777260614.234,2064210,6,4,ADCS,8,SOLAR,2,COMMAND,81,SET_MAG_DIPOLE,128,1,128,1,0,0,0x18010202
1777260615.342,2065304,6,4,ADCS,8,SOLAR,2,COMMAND,81,SET_MAG_DIPOLE,128,1,128,1,0,0,0x18010202
1777260616.370,2066345,6,4,ADCS,8,SOLAR,2,COMMAND,81,SET_MAG_DIPOLE,128,1,128,1,0,0,0x18010202
1777260617.412,2067388,6,4,ADCS,8,SOLAR,2,COMMAND,81,SET_MAG_DIPOLE,128,1,128,1,0,0,0x18010202
1777260618.415,2068391,6,4,ADCS,8,SOLAR,2,COMMAND,81,SET_MAG_DIPOLE,128,1,128,1,0,0,0x18010202
1777260619.468,2069438,6,4,ADCS,8,SOLAR,2,COMMAND,81,SET_MAG_DIPOLE,128,1,128,1,0,0,0x18010202
1777260620.483,2070460,6,4,ADCS,8,SOLAR,2,COMMAND,81,SET_MAG_DIPOLE,128,1,128,1,0,0,0x18010202
1777260621.585,2071548,6,4,ADCS,8,SOLAR,2,COMMAND,81,SET_MAG_DIPOLE,128,1,128,1,0,0,0x18010202
1777260622.669,2072645,6,4,ADCS,8,SOLAR,2,COMMAND,81,SET_MAG_DIPOLE,128,1,128,1,0,0,0x18010202
1777260623.767,2073739,6,4,ADCS,8,SOLAR,2,COMMAND,81,SET_MAG_DIPOLE,128,1,128,1,0,0,0x18010202
1777260624.860,2074835,6,4,ADCS,8,SOLAR,2,COMMAND,81,SET_MAG_DIPOLE,128,1,128,1,0,0,0x18010202
1777260625.893,2075868,6,4,ADCS,8,SOLAR,2,COMMAND,81,SET_MAG_DIPOLE,128,1,128,1,0,0,0x18010202
1777260626.934,2076910,6,4,ADCS,8,SOLAR,2,COMMAND,81,SET_MAG_DIPOLE,128,1,128,1,0,0,0x18010202
1777260628.050,2078006,6,4,ADCS,8,SOLAR,2,COMMAND,81,SET_MAG_DIPOLE,128,1,128,1,0,0,0x18010202
1777260629.130,2079099,6,4,ADCS,8,SOLAR,2,COMMAND,81,SET_MAG_DIPOLE,128,1,128,1,0,0,0x18010202
1777260630.224,2080192,6,4,ADCS,8,SOLAR,2,COMMAND,81,SET_MAG_DIPOLE,128,1,128,1,0,0,0x18010202
1777260631.318,2081283,6,4,ADCS,8,SOLAR,2,COMMAND,81,SET_MAG_DIPOLE,128,1,128,1,0,0,0x18010202
1777260632.342,2082311,6,4,ADCS,8,SOLAR,2,COMMAND,81,SET_MAG_DIPOLE,128,1,128,1,0,0,0x18010202
1777260633.388,2083361,6,4,ADCS,8,SOLAR,2,COMMAND,81,SET_MAG_DIPOLE,128,1,128,1,0,0,0x18010202
1777260634.444,2084401,6,4,ADCS,8,SOLAR,2,COMMAND,81,SET_MAG_DIPOLE,128,1,128,1,0,0,0x18010202
1777260635.525,2085489,6,4,ADCS,8,SOLAR,2,COMMAND,81,SET_MAG_DIPOLE,128,1,128,1,0,0,0x18010202
1777260636.644,2086586,6,4,ADCS,8,SOLAR,2,COMMAND,81,SET_MAG_DIPOLE,128,1,128,1,0,0,0x18010202
1777260637.706,2087680,6,4,ADCS,8,SOLAR,2,COMMAND,81,SET_MAG_DIPOLE,128,1,128,1,0,0,0x18010202
1777260638.812,2088777,6,4,ADCS,8,SOLAR,2,COMMAND,81,SET_MAG_DIPOLE,128,1,128,1,0,0,0x18010202
1777260639.835,2089812,6,4,ADCS,8,SOLAR,2,COMMAND,81,SET_MAG_DIPOLE,128,1,128,1,0,0,0x18010202
1777260640.841,2090818,6,4,ADCS,8,SOLAR,2,COMMAND,81,SET_MAG_DIPOLE,128,1,128,1,0,0,0x18010202
1777260641.975,2091914,6,4,ADCS,8,SOLAR,2,COMMAND,81,SET_MAG_DIPOLE,128,1,128,1,0,0,0x18010202
1777260643.033,2093006,6,4,ADCS,8,SOLAR,2,COMMAND,81,SET_MAG_DIPOLE,128,1,128,1,0,0,0x18010202
1777260644.033,2094006,6,4,ADCS,8,SOLAR,2,COMMAND,81,SET_MAG_DIPOLE,128,1,128,1,0,0,0x18010202
1777260645.085,2095052,6,4,ADCS,8,SOLAR,2,COMMAND,81,SET_MAG_DIPOLE,128,1,128,1,0,0,0x18010202
1777260646.107,2096082,6,4,ADCS,8,SOLAR,2,COMMAND,81,SET_MAG_DIPOLE,128,1,128,1,0,0,0x18010202
1777260647.133,2097098,6,4,ADCS,8,SOLAR,2,COMMAND,81,SET_MAG_DIPOLE,128,1,128,1,0,0,0x18010202
1777260648.215,2098167,6,4,ADCS,8,SOLAR,2,COMMAND,81,SET_MAG_DIPOLE,128,1,128,1,0,0,0x18010202
1777260649.237,2099189,6,4,ADCS,8,SOLAR,2,COMMAND,81,SET_MAG_DIPOLE,128,1,128,1,0,0,0x18010202
1777260650.265,2100202,6,4,ADCS,8,SOLAR,2,COMMAND,81,SET_MAG_DIPOLE,128,1,128,1,0,0,0x18010202
1777260651.291,2101226,6,4,ADCS,8,SOLAR,2,COMMAND,81,SET_MAG_DIPOLE,128,1,128,1,0,0,0x18010202
1777260652.344,2102320,6,4,ADCS,8,SOLAR,2,COMMAND,81,SET_MAG_DIPOLE,128,1,128,1,0,0,0x18010202
1777260653.378,2103354,6,4,ADCS,8,SOLAR,2,COMMAND,81,SET_MAG_DIPOLE,128,1,128,1,0,0,0x18010202
1777260654.415,2104391,6,4,ADCS,8,SOLAR,2,COMMAND,81,SET_MAG_DIPOLE,128,1,128,1,0,0,0x18010202
1777260655.422,2105397,6,4,ADCS,8,SOLAR,2,COMMAND,81,SET_MAG_DIPOLE,128,1,128,1,0,0,0x18010202
1777260656.473,2106421,6,4,ADCS,8,SOLAR,2,COMMAND,81,SET_MAG_DIPOLE,128,1,128,1,0,0,0x18010202
1777260657.536,2107482,6,4,ADCS,8,SOLAR,2,COMMAND,81,SET_MAG_DIPOLE,128,1,128,1,0,0,0x18010202
1777260658.556,2108513,6,4,ADCS,8,SOLAR,2,COMMAND,81,SET_MAG_DIPOLE,128,1,128,1,0,0,0x18010202
1777260659.602,2109577,6,4,ADCS,8,SOLAR,2,COMMAND,81,SET_MAG_DIPOLE,128,1,128,1,0,0,0x18010202
1777260660.628,2110603,6,4,ADCS,8,SOLAR,2,COMMAND,81,SET_MAG_DIPOLE,128,1,128,1,0,0,0x18010202
1777260661.672,2111647,6,4,ADCS,8,SOLAR,2,COMMAND,81,SET_MAG_DIPOLE,128,1,128,1,0,0,0x18010202
1777260662.769,2112742,6,4,ADCS,8,SOLAR,2,COMMAND,81,SET_MAG_DIPOLE,128,1,128,1,0,0,0x18010202
1777260663.809,2113785,6,4,ADCS,8,SOLAR,2,COMMAND,81,SET_MAG_DIPOLE,128,1,128,1,0,0,0x18010202
1777260664.851,2114827,6,4,ADCS,8,SOLAR,2,COMMAND,81,SET_MAG_DIPOLE,128,1,128,1,0,0,0x18010202
1777260665.859,2115835,6,4,ADCS,8,SOLAR,2,COMMAND,81,SET_MAG_DIPOLE,128,1,128,1,0,0,0x18010202
1777260666.953,2116911,6,4,ADCS,8,SOLAR,2,COMMAND,81,SET_MAG_DIPOLE,128,1,128,1,0,0,0x18010202
1777260667.977,2117926,6,4,ADCS,8,SOLAR,2,COMMAND,81,SET_MAG_DIPOLE,128,1,128,1,0,0,0x18010202
1777260669.020,2118995,6,4,ADCS,8,SOLAR,2,COMMAND,81,SET_MAG_DIPOLE,128,1,128,1,0,0,0x18010202
1777260670.020,2119995,6,4,ADCS,8,SOLAR,2,COMMAND,81,SET_MAG_DIPOLE,128,1,128,1,0,0,0x18010202
1777260671.058,2121018,6,4,ADCS,8,SOLAR,2,COMMAND,81,SET_MAG_DIPOLE,128,1,128,1,0,0,0x18010202
1777260672.090,2122065,6,4,ADCS,8,SOLAR,2,COMMAND,81,SET_MAG_DIPOLE,128,1,128,1,0,0,0x18010202
1777260673.200,2123164,6,4,ADCS,8,SOLAR,2,COMMAND,81,SET_MAG_DIPOLE,128,1,128,1,0,0,0x18010202
1777260674.243,2124218,6,4,ADCS,8,SOLAR,2,COMMAND,81,SET_MAG_DIPOLE,128,1,128,1,0,0,0x18010202
1777260675.275,2125250,6,4,ADCS,8,SOLAR,2,COMMAND,81,SET_MAG_DIPOLE,128,1,128,1,0,0,0x18010202
1777260676.321,2126296,6,4,ADCS,8,SOLAR,2,COMMAND,81,SET_MAG_DIPOLE,128,1,128,1,0,0,0x18010202
1777260677.391,2127338,6,4,ADCS,8,SOLAR,2,COMMAND,81,SET_MAG_DIPOLE,128,1,128,1,0,0,0x18010202
1777260678.442,2128389,6,4,ADCS,8,SOLAR,2,COMMAND,81,SET_MAG_DIPOLE,128,1,128,1,0,0,0x18010202
1777260679.455,2129430,6,4,ADCS,8,SOLAR,2,COMMAND,81,SET_MAG_DIPOLE,128,1,128,1,0,0,0x18010202
1777260680.508,2130474,6,4,ADCS,8,SOLAR,2,COMMAND,81,SET_MAG_DIPOLE,128,1,128,1,0,0,0x18010202
1777260681.522,2131498,6,4,ADCS,8,SOLAR,2,COMMAND,81,SET_MAG_DIPOLE,128,1,128,1,0,0,0x18010202
1777260682.623,2132593,6,4,ADCS,8,SOLAR,2,COMMAND,81,SET_MAG_DIPOLE,128,1,128,1,0,0,0x18010202
1777260683.660,2133635,6,4,ADCS,8,SOLAR,2,COMMAND,81,SET_MAG_DIPOLE,128,1,128,1,0,0,0x18010202
1777260684.713,2134669,6,4,ADCS,8,SOLAR,2,COMMAND,81,SET_MAG_DIPOLE,128,1,128,1,0,0,0x18010202
1777260685.797,2135731,6,4,ADCS,8,SOLAR,2,COMMAND,81,SET_MAG_DIPOLE,128,1,128,1,0,0,0x18010202
1777260686.832,2136762,6,4,ADCS,8,SOLAR,2,COMMAND,81,SET_MAG_DIPOLE,128,1,128,1,0,0,0x18010202
1777260687.844,2137805,6,4,ADCS,8,SOLAR,2,COMMAND,81,SET_MAG_DIPOLE,128,1,128,1,0,0,0x18010202
1777260688.875,2138847,6,4,ADCS,8,SOLAR,2,COMMAND,81,SET_MAG_DIPOLE,128,1,128,1,0,0,0x18010202
1777260689.880,2139855,6,4,ADCS,8,SOLAR,2,COMMAND,81,SET_MAG_DIPOLE,128,1,128,1,0,0,0x18010202
1777260690.951,2140926,6,4,ADCS,8,SOLAR,2,COMMAND,81,SET_MAG_DIPOLE,128,1,128,1,0,0,0x18010202
1777260691.978,2141953,6,4,ADCS,8,SOLAR,2,COMMAND,81,SET_MAG_DIPOLE,128,1,128,1,0,0,0x18010202
1777260693.072,2143048,6,4,ADCS,8,SOLAR,2,COMMAND,81,SET_MAG_DIPOLE,128,1,128,1,0,0,0x18010202
1777260694.146,2144120,6,4,ADCS,8,SOLAR,2,COMMAND,81,SET_MAG_DIPOLE,128,1,128,1,0,0,0x18010202
1777260695.160,2145135,6,4,ADCS,8,SOLAR,2,COMMAND,81,SET_MAG_DIPOLE,128,1,128,1,0,0,0x18010202
1777260696.230,2146204,6,4,ADCS,8,SOLAR,2,COMMAND,81,SET_MAG_DIPOLE,128,1,128,1,0,0,0x18010202
1777260697.266,2147222,6,4,ADCS,8,SOLAR,2,COMMAND,81,SET_MAG_DIPOLE,128,1,128,1,0,0,0x18010202
1777260698.289,2148241,6,4,ADCS,8,SOLAR,2,COMMAND,81,SET_MAG_DIPOLE,128,1,128,1,0,0,0x18010202
1777260699.267,2149241,6,4,ADCS,8,SOLAR,2,COMMAND,81,SET_MAG_DIPOLE,128,1,128,1,0,0,0x18010202
1777260700.349,2150300,6,4,ADCS,8,SOLAR,2,COMMAND,81,SET_MAG_DIPOLE,128,1,128,1,0,0,0x18010202
1777260701.374,2151349,6,4,ADCS,8,SOLAR,2,COMMAND,81,SET_MAG_DIPOLE,128,1,128,1,0,0,0x18010202
1777260702.489,2152444,6,4,ADCS,8,SOLAR,2,COMMAND,81,SET_MAG_DIPOLE,128,1,128,1,0,0,0x18010202
1777260703.512,2153486,6,4,ADCS,8,SOLAR,2,COMMAND,81,SET_MAG_DIPOLE,128,1,128,1,0,0,0x18010202
1777260704.552,2154527,6,4,ADCS,8,SOLAR,2,COMMAND,81,SET_MAG_DIPOLE,128,1,128,1,0,0,0x18010202
1777260705.595,2155570,6,4,ADCS,8,SOLAR,2,COMMAND,81,SET_MAG_DIPOLE,128,1,128,1,0,0,0x18010202
1777260706.623,2156597,6,4,ADCS,8,SOLAR,2,COMMAND,81,SET_MAG_DIPOLE,128,1,128,1,0,0,0x18010202
1777260707.713,2157656,6,4,ADCS,8,SOLAR,2,COMMAND,81,SET_MAG_DIPOLE,128,1,128,1,0,0,0x18010202
1777260708.778,2158753,6,4,ADCS,8,SOLAR,2,COMMAND,81,SET_MAG_DIPOLE,128,1,128,1,0,0,0x18010202
1777260709.787,2159761,6,4,ADCS,8,SOLAR,2,COMMAND,81,SET_MAG_DIPOLE,128,1,128,1,0,0,0x18010202
1777260710.801,2160776,6,4,ADCS,8,SOLAR,2,COMMAND,81,SET_MAG_DIPOLE,128,1,128,1,0,0,0x18010202
1777260711.863,2161839,6,4,ADCS,8,SOLAR,2,COMMAND,81,SET_MAG_DIPOLE,128,1,128,1,0,0,0x18010202
1777260712.965,2162933,6,4,ADCS,8,SOLAR,2,COMMAND,81,SET_MAG_DIPOLE,128,1,128,1,0,0,0x18010202
1777260713.981,2163956,6,4,ADCS,8,SOLAR,2,COMMAND,81,SET_MAG_DIPOLE,128,1,128,1,0,0,0x18010202
1777260715.023,2164998,6,4,ADCS,8,SOLAR,2,COMMAND,81,SET_MAG_DIPOLE,128,1,128,1,0,0,0x18010202
1777260716.102,2166041,6,4,ADCS,8,SOLAR,2,COMMAND,81,SET_MAG_DIPOLE,128,1,128,1,0,0,0x18010202
1777260717.124,2167084,6,4,ADCS,8,SOLAR,2,COMMAND,81,SET_MAG_DIPOLE,128,1,128,1,0,0,0x18010202
1777260718.153,2168127,6,4,ADCS,8,SOLAR,2,COMMAND,81,SET_MAG_DIPOLE,128,1,128,1,0,0,0x18010202
1777260719.193,2169168,6,4,ADCS,8,SOLAR,2,COMMAND,81,SET_MAG_DIPOLE,128,1,128,1,0,0,0x18010202
1777260720.223,2170187,6,4,ADCS,8,SOLAR,2,COMMAND,81,SET_MAG_DIPOLE,128,1,128,1,0,0,0x18010202
1777260721.225,2171197,6,4,ADCS,8,SOLAR,2,COMMAND,81,SET_MAG_DIPOLE,128,1,128,1,0,0,0x18010202
1777260722.272,2172247,6,4,ADCS,8,SOLAR,2,COMMAND,81,SET_MAG_DIPOLE,128,1,128,1,0,0,0x18010202
1777260723.298,2173274,6,4,ADCS,8,SOLAR,2,COMMAND,81,SET_MAG_DIPOLE,128,1,128,1,0,0,0x18010202
1777260724.408,2174370,6,4,ADCS,8,SOLAR,2,COMMAND,81,SET_MAG_DIPOLE,128,1,128,1,0,0,0x18010202
1777260725.424,2175384,6,4,ADCS,8,SOLAR,2,COMMAND,81,SET_MAG_DIPOLE,128,1,128,1,0,0,0x18010202
1777260726.453,2176427,6,4,ADCS,8,SOLAR,2,COMMAND,81,SET_MAG_DIPOLE,128,1,128,1,0,0,0x18010202
1777260727.495,2177469,6,4,ADCS,8,SOLAR,2,COMMAND,81,SET_MAG_DIPOLE,128,1,128,1,0,0,0x18010202
1777260728.537,2178511,6,4,ADCS,8,SOLAR,2,COMMAND,81,SET_MAG_DIPOLE,128,1,128,1,0,0,0x18010202
1777260729.543,2179517,6,4,ADCS,8,SOLAR,2,COMMAND,81,SET_MAG_DIPOLE,128,1,128,1,0,0,0x18010202
1777260730.648,2180617,6,4,ADCS,8,SOLAR,2,COMMAND,81,SET_MAG_DIPOLE,128,1,128,1,0,0,0x18010202
1777260731.660,2181617,6,4,ADCS,8,SOLAR,2,COMMAND,81,SET_MAG_DIPOLE,128,1,128,1,0,0,0x18010202
1777260732.739,2182714,6,4,ADCS,8,SOLAR,2,COMMAND,81,SET_MAG_DIPOLE,128,1,128,1,0,0,0x18010202
1777260733.838,2183812,6,4,ADCS,8,SOLAR,2,COMMAND,81,SET_MAG_DIPOLE,128,1,128,1,0,0,0x18010202
1777260734.946,2184904,6,4,ADCS,8,SOLAR,2,COMMAND,81,SET_MAG_DIPOLE,128,1,128,1,0,0,0x18010202
1777260736.024,2185998,6,4,ADCS,8,SOLAR,2,COMMAND,81,SET_MAG_DIPOLE,128,1,128,1,0,0,0x18010202
1777260737.100,2187031,6,4,ADCS,8,SOLAR,2,COMMAND,81,SET_MAG_DIPOLE,128,1,128,1,0,0,0x18010202
1777260738.124,2188068,6,4,ADCS,8,SOLAR,2,COMMAND,81,SET_MAG_DIPOLE,128,1,128,1,0,0,0x18010202
1777260739.249,2189139,6,4,ADCS,8,SOLAR,2,COMMAND,81,SET_MAG_DIPOLE,128,1,128,1,0,0,0x18010202
1777260740.275,2190215,6,4,ADCS,8,SOLAR,2,COMMAND,81,SET_MAG_DIPOLE,128,1,128,1,0,0,0x18010202
1777260741.240,2191215,6,4,ADCS,8,SOLAR,2,COMMAND,81,SET_MAG_DIPOLE,128,1,128,1,0,0,0x18010202
1777260742.338,2192311,6,4,ADCS,8,SOLAR,2,COMMAND,81,SET_MAG_DIPOLE,128,1,128,1,0,0,0x18010202
1777260743.449,2193406,6,4,ADCS,8,SOLAR,2,COMMAND,81,SET_MAG_DIPOLE,128,1,128,1,0,0,0x18010202
1777260744.491,2194466,6,4,ADCS,8,SOLAR,2,COMMAND,81,SET_MAG_DIPOLE,128,1,128,1,0,0,0x18010202
1777260745.539,2195512,6,4,ADCS,8,SOLAR,2,COMMAND,81,SET_MAG_DIPOLE,128,1,128,1,0,0,0x18010202
1777260746.633,2196608,6,4,ADCS,8,SOLAR,2,COMMAND,81,SET_MAG_DIPOLE,128,1,128,1,0,0,0x18010202
1777260747.653,2197625,6,4,ADCS,8,SOLAR,2,COMMAND,81,SET_MAG_DIPOLE,128,1,128,1,0,0,0x18010202
1777260748.774,2198719,6,4,ADCS,8,SOLAR,2,COMMAND,81,SET_MAG_DIPOLE,128,1,128,1,0,0,0x18010202
1777260749.839,2199812,6,4,ADCS,8,SOLAR,2,COMMAND,81,SET_MAG_DIPOLE,128,1,128,1,0,0,0x18010202
1777260750.941,2200906,6,4,ADCS,8,SOLAR,2,COMMAND,81,SET_MAG_DIPOLE,128,1,128,1,0,0,0x18010202
1777260751.989,2201962,6,4,ADCS,8,SOLAR,2,COMMAND,81,SET_MAG_DIPOLE,128,1,128,1,0,0,0x18010202
1777260753.084,2203059,6,4,ADCS,8,SOLAR,2,COMMAND,81,SET_MAG_DIPOLE,128,1,128,1,0,0,0x18010202
1777260754.127,2204102,6,4,ADCS,8,SOLAR,2,COMMAND,81,SET_MAG_DIPOLE,128,1,128,1,0,0,0x18010202
1777260755.225,2205164,6,4,ADCS,8,SOLAR,2,COMMAND,81,SET_MAG_DIPOLE,128,1,128,1,0,0,0x18010202
1777260756.189,2206164,6,4,ADCS,8,SOLAR,2,COMMAND,81,SET_MAG_DIPOLE,128,1,128,1,0,0,0x18010202
1777260757.286,2207260,6,4,ADCS,8,SOLAR,2,COMMAND,81,SET_MAG_DIPOLE,128,1,128,1,0,0,0x18010202
1777260758.393,2208355,6,4,ADCS,8,SOLAR,2,COMMAND,81,SET_MAG_DIPOLE,128,1,128,1,0,0,0x18010202
1777260759.424,2209378,6,4,ADCS,8,SOLAR,2,COMMAND,81,SET_MAG_DIPOLE,128,1,128,1,0,0,0x18010202
1777260760.448,2210397,6,4,ADCS,8,SOLAR,2,COMMAND,81,SET_MAG_DIPOLE,128,1,128,1,0,0,0x18010202
1777260761.463,2211409,6,4,ADCS,8,SOLAR,2,COMMAND,81,SET_MAG_DIPOLE,128,1,128,1,0,0,0x18010202
1777260762.531,2212506,6,4,ADCS,8,SOLAR,2,COMMAND,81,SET_MAG_DIPOLE,128,1,128,1,0,0,0x18010202
1777260763.568,2213541,6,4,ADCS,8,SOLAR,2,COMMAND,81,SET_MAG_DIPOLE,128,1,128,1,0,0,0x18010202
1777260764.647,2214598,6,4,ADCS,8,SOLAR,2,COMMAND,81,SET_MAG_DIPOLE,128,1,128,1,0,0,0x18010202
1777260765.663,2215626,6,4,ADCS,8,SOLAR,2,COMMAND,81,SET_MAG_DIPOLE,128,1,128,1,0,0,0x18010202
1777260766.693,2216668,6,4,ADCS,8,SOLAR,2,COMMAND,81,SET_MAG_DIPOLE,128,1,128,1,0,0,0x18010202
1777260767.736,2217710,6,4,ADCS,8,SOLAR,2,COMMAND,81,SET_MAG_DIPOLE,128,1,128,1,0,0,0x18010202
1777260768.740,2218713,6,4,ADCS,8,SOLAR,2,COMMAND,81,SET_MAG_DIPOLE,128,1,128,1,0,0,0x18010202
1777260769.782,2219757,6,4,ADCS,8,SOLAR,2,COMMAND,81,SET_MAG_DIPOLE,128,1,128,1,0,0,0x18010202
1777260770.799,2220772,6,4,ADCS,8,SOLAR,2,COMMAND,81,SET_MAG_DIPOLE,128,1,128,1,0,0,0x18010202
1777260771.829,2221800,6,4,ADCS,8,SOLAR,2,COMMAND,81,SET_MAG_DIPOLE,128,1,128,1,0,0,0x18010202
1777260772.832,2222803,6,4,ADCS,8,SOLAR,2,COMMAND,81,SET_MAG_DIPOLE,128,1,128,1,0,0,0x18010202
1777260773.965,2223898,6,4,ADCS,8,SOLAR,2,COMMAND,81,SET_MAG_DIPOLE,128,1,128,1,0,0,0x18010202
1777260774.976,2224939,6,4,ADCS,8,SOLAR,2,COMMAND,81,SET_MAG_DIPOLE,128,1,128,1,0,0,0x18010202
1777260776.013,2225981,6,4,ADCS,8,SOLAR,2,COMMAND,81,SET_MAG_DIPOLE,128,1,128,1,0,0,0x18010202
1777260777.049,2227023,6,4,ADCS,8,SOLAR,2,COMMAND,81,SET_MAG_DIPOLE,128,1,128,1,0,0,0x18010202
1777260778.069,2228043,6,4,ADCS,8,SOLAR,2,COMMAND,81,SET_MAG_DIPOLE,128,1,128,1,0,0,0x18010202
1777260779.106,2229080,6,4,ADCS,8,SOLAR,2,COMMAND,81,SET_MAG_DIPOLE,128,1,128,1,0,0,0x18010202
1777260780.128,2230102,6,4,ADCS,8,SOLAR,2,COMMAND,81,SET_MAG_DIPOLE,128,1,128,1,0,0,0x18010202
1777260781.152,2231125,6,4,ADCS,8,SOLAR,2,COMMAND,81,SET_MAG_DIPOLE,128,1,128,1,0,0,0x18010202
1777260782.263,2232222,6,4,ADCS,8,SOLAR,2,COMMAND,81,SET_MAG_DIPOLE,128,1,128,1,0,0,0x18010202
1777260783.297,2233223,6,4,ADCS,8,SOLAR,2,COMMAND,81,SET_MAG_DIPOLE,128,1,128,1,0,0,0x18010202
1777260784.347,2234320,6,4,ADCS,8,SOLAR,2,COMMAND,81,SET_MAG_DIPOLE,128,1,128,1,0,0,0x18010202
1777260785.354,2235327,6,4,ADCS,8,SOLAR,2,COMMAND,81,SET_MAG_DIPOLE,128,1,128,1,0,0,0x18010202
1777260786.458,2236411,6,4,ADCS,8,SOLAR,2,COMMAND,81,SET_MAG_DIPOLE,128,1,128,1,0,0,0x18010202
1777260787.532,2237505,6,4,ADCS,8,SOLAR,2,COMMAND,81,SET_MAG_DIPOLE,128,1,128,1,0,0,0x18010202
1777260788.624,2238597,6,4,ADCS,8,SOLAR,2,COMMAND,81,SET_MAG_DIPOLE,128,1,128,1,0,0,0x18010202
1777260789.729,2239676,6,4,ADCS,8,SOLAR,2,COMMAND,81,SET_MAG_DIPOLE,128,1,128,1,0,0,0x18010202
1777260790.799,2240772,6,4,ADCS,8,SOLAR,2,COMMAND,81,SET_MAG_DIPOLE,128,1,128,1,0,0,0x18010202
1777260791.891,2241865,6,4,ADCS,8,SOLAR,2,COMMAND,81,SET_MAG_DIPOLE,128,1,128,1,0,0,0x18010202
1777260793.012,2242956,6,4,ADCS,8,SOLAR,2,COMMAND,81,SET_MAG_DIPOLE,128,1,128,1,0,0,0x18010202
1777260794.036,2244002,6,4,ADCS,8,SOLAR,2,COMMAND,81,SET_MAG_DIPOLE,128,1,128,1,0,0,0x18010202
1777260795.163,2245067,6,4,ADCS,8,SOLAR,2,COMMAND,81,SET_MAG_DIPOLE,128,1,128,1,0,0,0x18010202
1777260796.201,2246127,6,4,ADCS,8,SOLAR,2,COMMAND,81,SET_MAG_DIPOLE,128,1,128,1,0,0,0x18010202
1777260797.252,2247223,6,4,ADCS,8,SOLAR,2,COMMAND,81,SET_MAG_DIPOLE,128,1,128,1,0,0,0x18010202
1777260798.338,2248280,6,4,ADCS,8,SOLAR,2,COMMAND,81,SET_MAG_DIPOLE,128,1,128,1,0,0,0x18010202
1777260799.358,2249330,6,4,ADCS,8,SOLAR,2,COMMAND,81,SET_MAG_DIPOLE,128,1,128,1,0,0,0x18010202
1777260800.494,2250427,6,4,ADCS,8,SOLAR,2,COMMAND,81,SET_MAG_DIPOLE,128,1,128,1,0,0,0x18010202
1777260801.546,2251519,6,4,ADCS,8,SOLAR,2,COMMAND,81,SET_MAG_DIPOLE,128,1,128,1,0,0,0x18010202
1777260802.638,2252576,6,4,ADCS,8,SOLAR,2,COMMAND,81,SET_MAG_DIPOLE,128,1,128,1,0,0,0x18010202
1777260803.702,2253670,6,4,ADCS,8,SOLAR,2,COMMAND,81,SET_MAG_DIPOLE,128,1,128,1,0,0,0x18010202
1777260804.740,2254713,6,4,ADCS,8,SOLAR,2,COMMAND,81,SET_MAG_DIPOLE,128,1,128,1,0,0,0x18010202
1777260805.808,2255755,6,4,ADCS,8,SOLAR,2,COMMAND,81,SET_MAG_DIPOLE,128,1,128,1,0,0,0x18010202
1777260806.830,2256797,6,4,ADCS,8,SOLAR,2,COMMAND,81,SET_MAG_DIPOLE,128,1,128,1,0,0,0x18010202
1777260807.865,2257839,6,4,ADCS,8,SOLAR,2,COMMAND,81,SET_MAG_DIPOLE,128,1,128,1,0,0,0x18010202
1777260808.908,2258881,6,4,ADCS,8,SOLAR,2,COMMAND,81,SET_MAG_DIPOLE,128,1,128,1,0,0,0x18010202
1777260809.951,2259923,6,4,ADCS,8,SOLAR,2,COMMAND,81,SET_MAG_DIPOLE,128,1,128,1,0,0,0x18010202
1777260810.988,2260960,6,4,ADCS,8,SOLAR,2,COMMAND,81,SET_MAG_DIPOLE,128,1,128,1,0,0,0x18010202
1777260812.054,2262002,6,4,ADCS,8,SOLAR,2,COMMAND,81,SET_MAG_DIPOLE,128,1,128,1,0,0,0x18010202
1777260813.078,2263048,6,4,ADCS,8,SOLAR,2,COMMAND,81,SET_MAG_DIPOLE,128,1,128,1,0,0,0x18010202
1777260814.121,2264094,6,4,ADCS,8,SOLAR,2,COMMAND,81,SET_MAG_DIPOLE,128,1,128,1,0,0,0x18010202
1777260815.158,2265132,6,4,ADCS,8,SOLAR,2,COMMAND,81,SET_MAG_DIPOLE,128,1,128,1,0,0,0x18010202
1777260816.162,2266136,6,4,ADCS,8,SOLAR,2,COMMAND,81,SET_MAG_DIPOLE,128,1,128,1,0,0,0x18010202
1777260817.272,2267216,6,4,ADCS,8,SOLAR,2,COMMAND,81,SET_MAG_DIPOLE,128,1,128,1,0,0,0x18010202
1777260818.245,2268218,6,4,ADCS,8,SOLAR,2,COMMAND,81,SET_MAG_DIPOLE,128,1,128,1,0,0,0x18010202
1777260819.330,2269298,6,4,ADCS,8,SOLAR,2,COMMAND,81,SET_MAG_DIPOLE,128,1,128,1,0,0,0x18010202
1777260820.350,2270303,6,4,ADCS,8,SOLAR,2,COMMAND,81,SET_MAG_DIPOLE,128,1,128,1,0,0,0x18010202
1777260821.333,2271304,6,4,ADCS,8,SOLAR,2,COMMAND,81,SET_MAG_DIPOLE,128,1,128,1,0,0,0x18010202
1777260822.391,2272342,6,4,ADCS,8,SOLAR,2,COMMAND,81,SET_MAG_DIPOLE,128,1,128,1,0,0,0x18010202
1777260823.413,2273385,6,4,ADCS,8,SOLAR,2,COMMAND,81,SET_MAG_DIPOLE,128,1,128,1,0,0,0x18010202
1777260824.451,2274394,6,4,ADCS,8,SOLAR,2,COMMAND,81,SET_MAG_DIPOLE,128,1,128,1,0,0,0x18010202
1777260825.428,2275401,6,4,ADCS,8,SOLAR,2,COMMAND,81,SET_MAG_DIPOLE,128,1,128,1,0,0,0x18010202
1777260826.524,2276497,6,4,ADCS,8,SOLAR,2,COMMAND,81,SET_MAG_DIPOLE,128,1,128,1,0,0,0x18010202
1777260827.566,2277539,6,4,ADCS,8,SOLAR,2,COMMAND,81,SET_MAG_DIPOLE,128,1,128,1,0,0,0x18010202
1777260828.649,2278581,6,4,ADCS,8,SOLAR,2,COMMAND,81,SET_MAG_DIPOLE,128,1,128,1,0,0,0x18010202
1777260829.674,2279623,6,4,ADCS,8,SOLAR,2,COMMAND,81,SET_MAG_DIPOLE,128,1,128,1,0,0,0x18010202
1777260830.694,2280666,6,4,ADCS,8,SOLAR,2,COMMAND,81,SET_MAG_DIPOLE,128,1,128,1,0,0,0x18010202
1777260831.736,2281709,6,4,ADCS,8,SOLAR,2,COMMAND,81,SET_MAG_DIPOLE,128,1,128,1,0,0,0x18010202
1777260832.778,2282751,6,4,ADCS,8,SOLAR,2,COMMAND,81,SET_MAG_DIPOLE,128,1,128,1,0,0,0x18010202
1777260833.822,2283794,6,4,ADCS,8,SOLAR,2,COMMAND,81,SET_MAG_DIPOLE,128,1,128,1,0,0,0x18010202
1777260834.896,2284830,6,4,ADCS,8,SOLAR,2,COMMAND,81,SET_MAG_DIPOLE,128,1,128,1,0,0,0x18010202
1777260835.924,2285897,6,4,ADCS,8,SOLAR,2,COMMAND,81,SET_MAG_DIPOLE,128,1,128,1,0,0,0x18010202
1777260836.987,2286960,6,4,ADCS,8,SOLAR,2,COMMAND,81,SET_MAG_DIPOLE,128,1,128,1,0,0,0x18010202
1777260838.067,2288012,6,4,ADCS,8,SOLAR,2,COMMAND,81,SET_MAG_DIPOLE,128,1,128,1,0,0,0x18010202
1777260839.088,2289029,6,4,ADCS,8,SOLAR,2,COMMAND,81,SET_MAG_DIPOLE,128,1,128,1,0,0,0x18010202
1777260840.121,2290048,6,4,ADCS,8,SOLAR,2,COMMAND,81,SET_MAG_DIPOLE,128,1,128,1,0,0,0x18010202
1777260841.136,2291093,6,4,ADCS,8,SOLAR,2,COMMAND,81,SET_MAG_DIPOLE,128,1,128,1,0,0,0x18010202
1777260842.171,2292131,6,4,ADCS,8,SOLAR,2,COMMAND,81,SET_MAG_DIPOLE,128,1,128,1,0,0,0x18010202
1777260843.201,2293173,6,4,ADCS,8,SOLAR,2,COMMAND,81,SET_MAG_DIPOLE,128,1,128,1,0,0,0x18010202
1777260844.243,2294216,6,4,ADCS,8,SOLAR,2,COMMAND,81,SET_MAG_DIPOLE,128,1,128,1,0,0,0x18010202
1777260845.249,2295223,6,4,ADCS,8,SOLAR,2,COMMAND,81,SET_MAG_DIPOLE,128,1,128,1,0,0,0x18010202
1777260846.274,2296246,6,4,ADCS,8,SOLAR,2,COMMAND,81,SET_MAG_DIPOLE,128,1,128,1,0,0,0x18010202
1777260847.387,2297341,6,4,ADCS,8,SOLAR,2,COMMAND,81,SET_MAG_DIPOLE,128,1,128,1,0,0,0x18010202
1777260848.411,2298383,6,4,ADCS,8,SOLAR,2,COMMAND,81,SET_MAG_DIPOLE,128,1,128,1,0,0,0x18010202
1777260849.453,2299425,6,4,ADCS,8,SOLAR,2,COMMAND,81,SET_MAG_DIPOLE,128,1,128,1,0,0,0x18010202
1777260850.495,2300468,6,4,ADCS,8,SOLAR,2,COMMAND,81,SET_MAG_DIPOLE,128,1,128,1,0,0,0x18010202
1777260851.538,2301510,6,4,ADCS,8,SOLAR,2,COMMAND,81,SET_MAG_DIPOLE,128,1,128,1,0,0,0x18010202
1777260852.608,2302552,6,4,ADCS,8,SOLAR,2,COMMAND,81,SET_MAG_DIPOLE,128,1,128,1,0,0,0x18010202
1777260853.631,2303594,6,4,ADCS,8,SOLAR,2,COMMAND,81,SET_MAG_DIPOLE,128,1,128,1,0,0,0x18010202
1777260854.663,2304637,6,4,ADCS,8,SOLAR,2,COMMAND,81,SET_MAG_DIPOLE,128,1,128,1,0,0,0x18010202
1777260855.703,2305674,6,4,ADCS,8,SOLAR,2,COMMAND,81,SET_MAG_DIPOLE,128,1,128,1,0,0,0x18010202
1777260856.809,2306769,6,4,ADCS,8,SOLAR,2,COMMAND,81,SET_MAG_DIPOLE,128,1,128,1,0,0,0x18010202
1777260857.838,2307811,6,4,ADCS,8,SOLAR,2,COMMAND,81,SET_MAG_DIPOLE,128,1,128,1,0,0,0x18010202
1777260858.873,2308840,6,4,ADCS,8,SOLAR,2,COMMAND,81,SET_MAG_DIPOLE,128,1,128,1,0,0,0x18010202
1777260859.929,2309902,6,4,ADCS,8,SOLAR,2,COMMAND,81,SET_MAG_DIPOLE,128,1,128,1,0,0,0x18010202
1777260861.012,2310984,6,4,ADCS,8,SOLAR,2,COMMAND,81,SET_MAG_DIPOLE,128,1,128,1,0,0,0x18010202
1777260862.121,2312065,6,4,ADCS,8,SOLAR,2,COMMAND,81,SET_MAG_DIPOLE,128,1,128,1,0,0,0x18010202
1777260863.162,2313118,6,4,ADCS,8,SOLAR,2,COMMAND,81,SET_MAG_DIPOLE,128,1,128,1,0,0,0x18010202
1777260864.280,2314215,6,4,ADCS,8,SOLAR,2,COMMAND,81,SET_MAG_DIPOLE,128,1,128,1,0,0,0x18010202
1777260865.336,2315307,6,4,ADCS,8,SOLAR,2,COMMAND,81,SET_MAG_DIPOLE,128,1,128,1,0,0,0x18010202
1777260866.435,2316399,6,4,ADCS,8,SOLAR,2,COMMAND,81,SET_MAG_DIPOLE,128,1,128,1,0,0,0x18010202
1777260867.470,2317442,6,4,ADCS,8,SOLAR,2,COMMAND,81,SET_MAG_DIPOLE,128,1,128,1,0,0,0x18010202
1777260868.511,2318483,6,4,ADCS,8,SOLAR,2,COMMAND,81,SET_MAG_DIPOLE,128,1,128,1,0,0,0x18010202
1777260869.553,2319526,6,4,ADCS,8,SOLAR,2,COMMAND,81,SET_MAG_DIPOLE,128,1,128,1,0,0,0x18010202
1777260870.589,2320561,6,4,ADCS,8,SOLAR,2,COMMAND,81,SET_MAG_DIPOLE,128,1,128,1,0,0,0x18010202
1777260871.688,2321660,6,4,ADCS,8,SOLAR,2,COMMAND,81,SET_MAG_DIPOLE,128,1,128,1,0,0,0x18010202
1777260872.783,2322752,6,4,ADCS,8,SOLAR,2,COMMAND,81,SET_MAG_DIPOLE,128,1,128,1,0,0,0x18010202
1777260873.835,2323804,6,4,ADCS,8,SOLAR,2,COMMAND,81,SET_MAG_DIPOLE,128,1,128,1,0,0,0x18010202
1777260874.935,2324865,6,4,ADCS,8,SOLAR,2,COMMAND,81,SET_MAG_DIPOLE,128,1,128,1,0,0,0x18010202
1777260875.958,2325897,6,4,ADCS,8,SOLAR,2,COMMAND,81,SET_MAG_DIPOLE,128,1,128,1,0,0,0x18010202
1777260877.021,2326992,6,4,ADCS,8,SOLAR,2,COMMAND,81,SET_MAG_DIPOLE,128,1,128,1,0,0,0x18010202
1777260878.035,2328007,6,4,ADCS,8,SOLAR,2,COMMAND,81,SET_MAG_DIPOLE,128,1,128,1,0,0,0x18010202
1777260879.034,2329007,6,4,ADCS,8,SOLAR,2,COMMAND,81,SET_MAG_DIPOLE,128,1,128,1,0,0,0x18010202
1777260880.156,2330107,6,4,ADCS,8,SOLAR,2,COMMAND,81,SET_MAG_DIPOLE,128,1,128,1,0,0,0x18010202
1777260881.230,2331202,6,4,ADCS,8,SOLAR,2,COMMAND,81,SET_MAG_DIPOLE,128,1,128,1,0,0,0x18010202
1777260882.326,2332298,6,4,ADCS,8,SOLAR,2,COMMAND,81,SET_MAG_DIPOLE,128,1,128,1,0,0,0x18010202
1777260883.428,2333394,6,4,ADCS,8,SOLAR,2,COMMAND,81,SET_MAG_DIPOLE,128,1,128,1,0,0,0x18010202
1777260884.496,2334461,6,4,ADCS,8,SOLAR,2,COMMAND,81,SET_MAG_DIPOLE,128,1,128,1,0,0,0x18010202
1777260885.585,2335557,6,4,ADCS,8,SOLAR,2,COMMAND,81,SET_MAG_DIPOLE,128,1,128,1,0,0,0x18010202
1777260886.700,2336651,6,4,ADCS,8,SOLAR,2,COMMAND,81,SET_MAG_DIPOLE,128,1,128,1,0,0,0x18010202
1777260887.769,2337741,6,4,ADCS,8,SOLAR,2,COMMAND,81,SET_MAG_DIPOLE,128,1,128,1,0,0,0x18010202
1777260888.795,2338767,6,4,ADCS,8,SOLAR,2,COMMAND,81,SET_MAG_DIPOLE,128,1,128,1,0,0,0x18010202
1777260889.888,2339818,6,4,ADCS,8,SOLAR,2,COMMAND,81,SET_MAG_DIPOLE,128,1,128,1,0,0,0x18010202
1777260890.914,2340854,6,4,ADCS,8,SOLAR,2,COMMAND,81,SET_MAG_DIPOLE,128,1,128,1,0,0,0x18010202
1777260891.936,2341906,6,4,ADCS,8,SOLAR,2,COMMAND,81,SET_MAG_DIPOLE,128,1,128,1,0,0,0x18010202
1777260892.987,2342960,6,4,ADCS,8,SOLAR,2,COMMAND,81,SET_MAG_DIPOLE,128,1,128,1,0,0,0x18010202
1777260894.085,2344044,6,4,ADCS,8,SOLAR,2,COMMAND,81,SET_MAG_DIPOLE,128,1,128,1,0,0,0x18010202
1777260895.106,2345056,6,4,ADCS,8,SOLAR,2,COMMAND,81,SET_MAG_DIPOLE,128,1,128,1,0,0,0x18010202
1777260896.156,2346127,6,4,ADCS,8,SOLAR,2,COMMAND,81,SET_MAG_DIPOLE,128,1,128,1,0,0,0x18010202
1777260897.174,2347146,6,4,ADCS,8,SOLAR,2,COMMAND,81,SET_MAG_DIPOLE,128,1,128,1,0,0,0x18010202
1777260898.284,2348213,6,4,ADCS,8,SOLAR,2,COMMAND,81,SET_MAG_DIPOLE,128,1,128,1,0,0,0x18010202
1777260899.245,2349215,6,4,ADCS,8,SOLAR,2,COMMAND,81,SET_MAG_DIPOLE,128,1,128,1,0,0,0x18010202
1777260900.266,2350238,6,4,ADCS,8,SOLAR,2,COMMAND,81,SET_MAG_DIPOLE,128,1,128,1,0,0,0x18010202
1777260901.349,2351296,6,4,ADCS,8,SOLAR,2,COMMAND,81,SET_MAG_DIPOLE,128,1,128,1,0,0,0x18010202
1777260902.375,2352327,6,4,ADCS,8,SOLAR,2,COMMAND,81,SET_MAG_DIPOLE,128,1,128,1,0,0,0x18010202
1777260903.402,2353373,6,4,ADCS,8,SOLAR,2,COMMAND,81,SET_MAG_DIPOLE,128,1,128,1,0,0,0x18010202
1777260904.443,2354415,6,4,ADCS,8,SOLAR,2,COMMAND,81,SET_MAG_DIPOLE,128,1,128,1,0,0,0x18010202
1777260905.493,2355457,6,4,ADCS,8,SOLAR,2,COMMAND,81,SET_MAG_DIPOLE,128,1,128,1,0,0,0x18010202
1777260906.528,2356499,6,4,ADCS,8,SOLAR,2,COMMAND,81,SET_MAG_DIPOLE,128,1,128,1,0,0,0x18010202
1777260907.602,2357541,6,4,ADCS,8,SOLAR,2,COMMAND,81,SET_MAG_DIPOLE,128,1,128,1,0,0,0x18010202
1777260908.624,2358583,6,4,ADCS,8,SOLAR,2,COMMAND,81,SET_MAG_DIPOLE,128,1,128,1,0,0,0x18010202
1777260909.664,2359625,6,4,ADCS,8,SOLAR,2,COMMAND,81,SET_MAG_DIPOLE,128,1,128,1,0,0,0x18010202
1777260910.702,2360667,6,4,ADCS,8,SOLAR,2,COMMAND,81,SET_MAG_DIPOLE,128,1,128,1,0,0,0x18010202
1777260911.736,2361695,6,4,ADCS,8,SOLAR,2,COMMAND,81,SET_MAG_DIPOLE,128,1,128,1,0,0,0x18010202
1777260912.741,2362709,6,4,ADCS,8,SOLAR,2,COMMAND,81,SET_MAG_DIPOLE,128,1,128,1,0,0,0x18010202
1777260913.773,2363739,6,4,ADCS,8,SOLAR,2,COMMAND,81,SET_MAG_DIPOLE,128,1,128,1,0,0,0x18010202
1777260914.874,2364821,6,4,ADCS,8,SOLAR,2,COMMAND,81,SET_MAG_DIPOLE,128,1,128,1,0,0,0x18010202
1777260915.921,2365877,6,4,ADCS,8,SOLAR,2,COMMAND,81,SET_MAG_DIPOLE,128,1,128,1,0,0,0x18010202
1777260916.925,2366878,6,4,ADCS,8,SOLAR,2,COMMAND,81,SET_MAG_DIPOLE,128,1,128,1,0,0,0x18010202
1777260917.991,2367962,6,4,ADCS,8,SOLAR,2,COMMAND,81,SET_MAG_DIPOLE,128,1,128,1,0,0,0x18010202
1777260919.003,2368974,6,4,ADCS,8,SOLAR,2,COMMAND,81,SET_MAG_DIPOLE,128,1,128,1,0,0,0x18010202
1777260920.036,2370008,6,4,ADCS,8,SOLAR,2,COMMAND,81,SET_MAG_DIPOLE,128,1,128,1,0,0,0x18010202
1777260921.119,2371052,6,4,ADCS,8,SOLAR,2,COMMAND,81,SET_MAG_DIPOLE,128,1,128,1,0,0,0x18010202
1777260922.090,2372062,6,4,ADCS,8,SOLAR,2,COMMAND,81,SET_MAG_DIPOLE,128,1,128,1,0,0,0x18010202
1777260923.166,2373136,6,4,ADCS,8,SOLAR,2,COMMAND,81,SET_MAG_DIPOLE,128,1,128,1,0,0,0x18010202
1777260924.190,2374156,6,4,ADCS,8,SOLAR,2,COMMAND,81,SET_MAG_DIPOLE,128,1,128,1,0,0,0x18010202
1777260925.318,2375254,6,4,ADCS,8,SOLAR,2,COMMAND,81,SET_MAG_DIPOLE,128,1,128,1,0,0,0x18010202
1777260926.342,2376296,6,4,ADCS,8,SOLAR,2,COMMAND,81,SET_MAG_DIPOLE,128,1,128,1,0,0,0x18010202
1777260927.367,2377338,6,4,ADCS,8,SOLAR,2,COMMAND,81,SET_MAG_DIPOLE,128,1,128,1,0,0,0x18010202
1777260928.409,2378380,6,4,ADCS,8,SOLAR,2,COMMAND,81,SET_MAG_DIPOLE,128,1,128,1,0,0,0x18010202
1777260929.454,2379423,6,4,ADCS,8,SOLAR,2,COMMAND,81,SET_MAG_DIPOLE,128,1,128,1,0,0,0x18010202
1777260930.494,2380466,6,4,ADCS,8,SOLAR,2,COMMAND,81,SET_MAG_DIPOLE,128,1,128,1,0,0,0x18010202
1777260931.553,2381508,6,4,ADCS,8,SOLAR,2,COMMAND,81,SET_MAG_DIPOLE,128,1,128,1,0,0,0x18010202
1777260932.589,2382550,6,4,ADCS,8,SOLAR,2,COMMAND,81,SET_MAG_DIPOLE,128,1,128,1,0,0,0x18010202
1777260933.600,2383563,6,4,ADCS,8,SOLAR,2,COMMAND,81,SET_MAG_DIPOLE,128,1,128,1,0,0,0x18010202
1777260934.637,2384581,6,4,ADCS,8,SOLAR,2,COMMAND,81,SET_MAG_DIPOLE,128,1,128,1,0,0,0x18010202
1777260935.683,2385653,6,4,ADCS,8,SOLAR,2,COMMAND,81,SET_MAG_DIPOLE,128,1,128,1,0,0,0x18010202
1777260936.784,2386719,6,4,ADCS,8,SOLAR,2,COMMAND,81,SET_MAG_DIPOLE,128,1,128,1,0,0,0x18010202
1777260937.801,2387742,6,4,ADCS,8,SOLAR,2,COMMAND,81,SET_MAG_DIPOLE,128,1,128,1,0,0,0x18010202
1777260938.835,2388785,6,4,ADCS,8,SOLAR,2,COMMAND,81,SET_MAG_DIPOLE,128,1,128,1,0,0,0x18010202
1777260939.858,2389801,6,4,ADCS,8,SOLAR,2,COMMAND,81,SET_MAG_DIPOLE,128,1,128,1,0,0,0x18010202
1777260940.882,2390840,6,4,ADCS,8,SOLAR,2,COMMAND,81,SET_MAG_DIPOLE,128,1,128,1,0,0,0x18010202
1777260941.911,2391882,6,4,ADCS,8,SOLAR,2,COMMAND,81,SET_MAG_DIPOLE,128,1,128,1,0,0,0x18010202
1777260942.931,2392890,6,4,ADCS,8,SOLAR,2,COMMAND,81,SET_MAG_DIPOLE,128,1,128,1,0,0,0x18010202
1777260943.952,2393922,6,4,ADCS,8,SOLAR,2,COMMAND,81,SET_MAG_DIPOLE,128,1,128,1,0,0,0x18010202
1777260944.992,2394963,6,4,ADCS,8,SOLAR,2,COMMAND,81,SET_MAG_DIPOLE,128,1,128,1,0,0,0x18010202
1777260946.008,2395979,6,4,ADCS,8,SOLAR,2,COMMAND,81,SET_MAG_DIPOLE,128,1,128,1,0,0,0x18010202
1777260947.027,2396988,6,4,ADCS,8,SOLAR,2,COMMAND,81,SET_MAG_DIPOLE,128,1,128,1,0,0,0x18010202
1777260948.149,2398083,6,4,ADCS,8,SOLAR,2,COMMAND,81,SET_MAG_DIPOLE,128,1,128,1,0,0,0x18010202
1777260949.178,2399125,6,4,ADCS,8,SOLAR,2,COMMAND,81,SET_MAG_DIPOLE,128,1,128,1,0,0,0x18010202
1777260950.199,2400168,6,4,ADCS,8,SOLAR,2,COMMAND,81,SET_MAG_DIPOLE,128,1,128,1,0,0,0x18010202
1777260951.240,2401210,6,4,ADCS,8,SOLAR,2,COMMAND,81,SET_MAG_DIPOLE,128,1,128,1,0,0,0x18010202
1777260952.281,2402252,6,4,ADCS,8,SOLAR,2,COMMAND,81,SET_MAG_DIPOLE,128,1,128,1,0,0,0x18010202
1777260953.324,2403295,6,4,ADCS,8,SOLAR,2,COMMAND,81,SET_MAG_DIPOLE,128,1,128,1,0,0,0x18010202
1777260954.387,2404339,6,4,ADCS,8,SOLAR,2,COMMAND,81,SET_MAG_DIPOLE,128,1,128,1,0,0,0x18010202
1777260955.422,2405382,6,4,ADCS,8,SOLAR,2,COMMAND,81,SET_MAG_DIPOLE,128,1,128,1,0,0,0x18010202
1777260956.450,2406419,6,4,ADCS,8,SOLAR,2,COMMAND,81,SET_MAG_DIPOLE,128,1,128,1,0,0,0x18010202
1777260957.471,2407422,6,4,ADCS,8,SOLAR,2,COMMAND,81,SET_MAG_DIPOLE,128,1,128,1,0,0,0x18010202
1777260958.546,2408517,6,4,ADCS,8,SOLAR,2,COMMAND,81,SET_MAG_DIPOLE,128,1,128,1,0,0,0x18010202
1777260959.627,2409595,6,4,ADCS,8,SOLAR,2,COMMAND,81,SET_MAG_DIPOLE,128,1,128,1,0,0,0x18010202
1777260960.681,2410649,6,4,ADCS,8,SOLAR,2,COMMAND,81,SET_MAG_DIPOLE,128,1,128,1,0,0,0x18010202
1777260961.769,2411703,6,4,ADCS,8,SOLAR,2,COMMAND,81,SET_MAG_DIPOLE,128,1,128,1,0,0,0x18010202
1777260962.751,2412720,6,4,ADCS,8,SOLAR,2,COMMAND,81,SET_MAG_DIPOLE,128,1,128,1,0,0,0x18010202
1777260963.771,2413742,6,4,ADCS,8,SOLAR,2,COMMAND,81,SET_MAG_DIPOLE,128,1,128,1,0,0,0x18010202
1777260964.837,2414778,6,4,ADCS,8,SOLAR,2,COMMAND,81,SET_MAG_DIPOLE,128,1,128,1,0,0,0x18010202
1777260965.877,2415848,6,4,ADCS,8,SOLAR,2,COMMAND,81,SET_MAG_DIPOLE,128,1,128,1,0,0,0x18010202
1777260966.986,2416944,6,4,ADCS,8,SOLAR,2,COMMAND,81,SET_MAG_DIPOLE,128,1,128,1,0,0,0x18010202
1777260968.066,2418036,6,4,ADCS,8,SOLAR,2,COMMAND,81,SET_MAG_DIPOLE,128,1,128,1,0,0,0x18010202
1777260969.146,2419076,6,4,ADCS,8,SOLAR,2,COMMAND,81,SET_MAG_DIPOLE,128,1,128,1,0,0,0x18010202
1777260970.173,2420119,6,4,ADCS,8,SOLAR,2,COMMAND,81,SET_MAG_DIPOLE,128,1,128,1,0,0,0x18010202
1777260971.195,2421161,6,4,ADCS,8,SOLAR,2,COMMAND,81,SET_MAG_DIPOLE,128,1,128,1,0,0,0x18010202
1777260972.234,2422205,6,4,ADCS,8,SOLAR,2,COMMAND,81,SET_MAG_DIPOLE,128,1,128,1,0,0,0x18010202
1777260973.277,2423248,6,4,ADCS,8,SOLAR,2,COMMAND,81,SET_MAG_DIPOLE,128,1,128,1,0,0,0x18010202
1777260974.319,2424285,6,4,ADCS,8,SOLAR,2,COMMAND,81,SET_MAG_DIPOLE,128,1,128,1,0,0,0x18010202
1777260975.391,2425321,6,4,ADCS,8,SOLAR,2,COMMAND,81,SET_MAG_DIPOLE,128,1,128,1,0,0,0x18010202
1777260976.445,2426415,6,4,ADCS,8,SOLAR,2,COMMAND,81,SET_MAG_DIPOLE,128,1,128,1,0,0,0x18010202
1777260977.542,2427508,6,4,ADCS,8,SOLAR,2,COMMAND,81,SET_MAG_DIPOLE,128,1,128,1,0,0,0x18010202
1777260978.560,2428521,6,4,ADCS,8,SOLAR,2,COMMAND,81,SET_MAG_DIPOLE,128,1,128,1,0,0,0x18010202
1777260979.591,2429546,6,4,ADCS,8,SOLAR,2,COMMAND,81,SET_MAG_DIPOLE,128,1,128,1,0,0,0x18010202
1777260980.616,2430582,6,4,ADCS,8,SOLAR,2,COMMAND,81,SET_MAG_DIPOLE,128,1,128,1,0,0,0x18010202
1777260981.684,2431655,6,4,ADCS,8,SOLAR,2,COMMAND,81,SET_MAG_DIPOLE,128,1,128,1,0,0,0x18010202
1777260982.775,2432721,6,4,ADCS,8,SOLAR,2,COMMAND,81,SET_MAG_DIPOLE,128,1,128,1,0,0,0x18010202
1777260983.847,2433818,6,4,ADCS,8,SOLAR,2,COMMAND,81,SET_MAG_DIPOLE,128,1,128,1,0,0,0x18010202
1777260984.942,2434909,6,4,ADCS,8,SOLAR,2,COMMAND,81,SET_MAG_DIPOLE,128,1,128,1,0,0,0x18010202
1777260986.042,2436002,6,4,ADCS,8,SOLAR,2,COMMAND,81,SET_MAG_DIPOLE,128,1,128,1,0,0,0x18010202
1777260987.177,2437095,6,4,ADCS,8,SOLAR,2,COMMAND,81,SET_MAG_DIPOLE,128,1,128,1,0,0,0x18010202
1777260988.209,2438180,6,4,ADCS,8,SOLAR,2,COMMAND,81,SET_MAG_DIPOLE,128,1,128,1,0,0,0x18010202
1777260989.270,2439240,6,4,ADCS,8,SOLAR,2,COMMAND,81,SET_MAG_DIPOLE,128,1,128,1,0,0,0x18010202
1777260990.365,2440336,6,4,ADCS,8,SOLAR,2,COMMAND,81,SET_MAG_DIPOLE,128,1,128,1,0,0,0x18010202
1777260991.465,2441429,6,4,ADCS,8,SOLAR,2,COMMAND,81,SET_MAG_DIPOLE,128,1,128,1,0,0,0x18010202
1777260992.544,2442514,6,4,ADCS,8,SOLAR,2,COMMAND,81,SET_MAG_DIPOLE,128,1,128,1,0,0,0x18010202
1777260993.544,2443514,6,4,ADCS,8,SOLAR,2,COMMAND,81,SET_MAG_DIPOLE,128,1,128,1,0,0,0x18010202
1777260994.663,2444573,6,4,ADCS,8,SOLAR,2,COMMAND,81,SET_MAG_DIPOLE,128,1,128,1,0,0,0x18010202
1777260995.675,2445608,6,4,ADCS,8,SOLAR,2,COMMAND,81,SET_MAG_DIPOLE,128,1,128,1,0,0,0x18010202
1777260996.648,2446615,6,4,ADCS,8,SOLAR,2,COMMAND,81,SET_MAG_DIPOLE,128,1,128,1,0,0,0x18010202
1777260997.742,2447711,6,4,ADCS,8,SOLAR,2,COMMAND,81,SET_MAG_DIPOLE,128,1,128,1,0,0,0x18010202
1777260998.842,2448803,6,4,ADCS,8,SOLAR,2,COMMAND,81,SET_MAG_DIPOLE,128,1,128,1,0,0,0x18010202
1777260999.959,2449898,6,4,ADCS,8,SOLAR,2,COMMAND,81,SET_MAG_DIPOLE,128,1,128,1,0,0,0x18010202
1777261001.021,2450992,6,4,ADCS,8,SOLAR,2,COMMAND,81,SET_MAG_DIPOLE,128,1,128,1,0,0,0x18010202
1777261002.119,2452075,6,4,ADCS,8,SOLAR,2,COMMAND,81,SET_MAG_DIPOLE,128,1,128,1,0,0,0x18010202
1777261003.188,2453158,6,4,ADCS,8,SOLAR,2,COMMAND,81,SET_MAG_DIPOLE,128,1,128,1,0,0,0x18010202
1777261004.259,2454218,6,4,ADCS,8,SOLAR,2,COMMAND,81,SET_MAG_DIPOLE,128,1,128,1,0,0,0x18010202
1777261005.292,2455249,6,4,ADCS,8,SOLAR,2,COMMAND,81,SET_MAG_DIPOLE,128,1,128,1,0,0,0x18010202
1777261006.337,2456306,6,4,ADCS,8,SOLAR,2,COMMAND,81,SET_MAG_DIPOLE,128,1,128,1,0,0,0x18010202
1777261007.367,2457336,6,4,ADCS,8,SOLAR,2,COMMAND,81,SET_MAG_DIPOLE,128,1,128,1,0,0,0x18010202
1777261008.424,2458393,6,4,ADCS,8,SOLAR,2,COMMAND,81,SET_MAG_DIPOLE,128,1,128,1,0,0,0x18010202
1777261009.493,2459423,6,4,ADCS,8,SOLAR,2,COMMAND,81,SET_MAG_DIPOLE,128,1,128,1,0,0,0x18010202
1777261010.509,2460466,6,4,ADCS,8,SOLAR,2,COMMAND,81,SET_MAG_DIPOLE,128,1,128,1,0,0,0x18010202
1777261011.534,2461468,6,4,ADCS,8,SOLAR,2,COMMAND,81,SET_MAG_DIPOLE,128,1,128,1,0,0,0x18010202
1777261012.561,2462496,6,4,ADCS,8,SOLAR,2,COMMAND,81,SET_MAG_DIPOLE,128,1,128,1,0,0,0x18010202
1777261013.593,2463545,6,4,ADCS,8,SOLAR,2,COMMAND,81,SET_MAG_DIPOLE,128,1,128,1,0,0,0x18010202
1777261014.635,2464604,6,4,ADCS,8,SOLAR,2,COMMAND,81,SET_MAG_DIPOLE,128,1,128,1,0,0,0x18010202
1777261015.736,2465674,6,4,ADCS,8,SOLAR,2,COMMAND,81,SET_MAG_DIPOLE,128,1,128,1,0,0,0x18010202
1777261016.802,2466772,6,4,ADCS,8,SOLAR,2,COMMAND,81,SET_MAG_DIPOLE,128,1,128,1,0,0,0x18010202
1777261017.901,2467870,6,4,ADCS,8,SOLAR,2,COMMAND,81,SET_MAG_DIPOLE,128,1,128,1,0,0,0x18010202
1777261019.017,2468945,6,4,ADCS,8,SOLAR,2,COMMAND,81,SET_MAG_DIPOLE,128,1,128,1,0,0,0x18010202
1777261020.072,2470043,6,4,ADCS,8,SOLAR,2,COMMAND,81,SET_MAG_DIPOLE,128,1,128,1,0,0,0x18010202
1777261021.082,2471052,6,4,ADCS,8,SOLAR,2,COMMAND,81,SET_MAG_DIPOLE,128,1,128,1,0,0,0x18010202
1777261022.192,2472145,6,4,ADCS,8,SOLAR,2,COMMAND,81,SET_MAG_DIPOLE,128,1,128,1,0,0,0x18010202
1777261023.271,2473239,6,4,ADCS,8,SOLAR,2,COMMAND,81,SET_MAG_DIPOLE,128,1,128,1,0,0,0x18010202
1777261024.367,2474334,6,4,ADCS,8,SOLAR,2,COMMAND,81,SET_MAG_DIPOLE,128,1,128,1,0,0,0x18010202
1777261025.467,2475397,6,4,ADCS,8,SOLAR,2,COMMAND,81,SET_MAG_DIPOLE,128,1,128,1,0,0,0x18010202
1777261026.492,2476432,6,4,ADCS,8,SOLAR,2,COMMAND,81,SET_MAG_DIPOLE,128,1,128,1,0,0,0x18010202
1777261027.529,2477498,6,4,ADCS,8,SOLAR,2,COMMAND,81,SET_MAG_DIPOLE,128,1,128,1,0,0,0x18010202
1777261028.575,2478545,6,4,ADCS,8,SOLAR,2,COMMAND,81,SET_MAG_DIPOLE,128,1,128,1,0,0,0x18010202
1777261029.671,2479641,6,4,ADCS,8,SOLAR,2,COMMAND,81,SET_MAG_DIPOLE,128,1,128,1,0,0,0x18010202
1777261030.792,2480736,6,4,ADCS,8,SOLAR,2,COMMAND,81,SET_MAG_DIPOLE,128,1,128,1,0,0,0x18010202
1777261031.863,2481832,6,4,ADCS,8,SOLAR,2,COMMAND,81,SET_MAG_DIPOLE,128,1,128,1,0,0,0x18010202
1777261032.874,2482843,6,4,ADCS,8,SOLAR,2,COMMAND,81,SET_MAG_DIPOLE,128,1,128,1,0,0,0x18010202
1777261033.969,2483939,6,4,ADCS,8,SOLAR,2,COMMAND,81,SET_MAG_DIPOLE,128,1,128,1,0,0,0x18010202
1777261035.013,2484970,6,4,ADCS,8,SOLAR,2,COMMAND,81,SET_MAG_DIPOLE,128,1,128,1,0,0,0x18010202
1777261036.106,2486066,6,4,ADCS,8,SOLAR,2,COMMAND,81,SET_MAG_DIPOLE,128,1,128,1,0,0,0x18010202
1777261037.189,2487158,6,4,ADCS,8,SOLAR,2,COMMAND,81,SET_MAG_DIPOLE,128,1,128,1,0,0,0x18010202
1777261038.283,2488252,6,4,ADCS,8,SOLAR,2,COMMAND,81,SET_MAG_DIPOLE,128,1,128,1,0,0,0x18010202
1777261039.325,2489294,6,4,ADCS,8,SOLAR,2,COMMAND,81,SET_MAG_DIPOLE,128,1,128,1,0,0,0x18010202
1777261040.421,2490390,6,4,ADCS,8,SOLAR,2,COMMAND,81,SET_MAG_DIPOLE,128,1,128,1,0,0,0x18010202
1777261041.445,2491397,6,4,ADCS,8,SOLAR,2,COMMAND,81,SET_MAG_DIPOLE,128,1,128,1,0,0,0x18010202
1777261042.477,2492446,6,4,ADCS,8,SOLAR,2,COMMAND,81,SET_MAG_DIPOLE,128,1,128,1,0,0,0x18010202
1777261043.511,2493481,6,4,ADCS,8,SOLAR,2,COMMAND,81,SET_MAG_DIPOLE,128,1,128,1,0,0,0x18010202
1777261044.536,2494505,6,4,ADCS,8,SOLAR,2,COMMAND,81,SET_MAG_DIPOLE,128,1,128,1,0,0,0x18010202
1777261045.582,2495551,6,4,ADCS,8,SOLAR,2,COMMAND,81,SET_MAG_DIPOLE,128,1,128,1,0,0,0x18010202
1777261046.679,2496649,6,4,ADCS,8,SOLAR,2,COMMAND,81,SET_MAG_DIPOLE,128,1,128,1,0,0,0x18010202
1777261047.791,2497730,6,4,ADCS,8,SOLAR,2,COMMAND,81,SET_MAG_DIPOLE,128,1,128,1,0,0,0x18010202
1777261048.857,2498826,6,4,ADCS,8,SOLAR,2,COMMAND,81,SET_MAG_DIPOLE,128,1,128,1,0,0,0x18010202
1777261049.942,2499883,6,4,ADCS,8,SOLAR,2,COMMAND,81,SET_MAG_DIPOLE,128,1,128,1,0,0,0x18010202
1777261051.013,2500977,6,4,ADCS,8,SOLAR,2,COMMAND,81,SET_MAG_DIPOLE,128,1,128,1,0,0,0x18010202
1777261052.102,2502070,6,4,ADCS,8,SOLAR,2,COMMAND,81,SET_MAG_DIPOLE,128,1,128,1,0,0,0x18010202
1777261053.220,2503164,6,4,ADCS,8,SOLAR,2,COMMAND,81,SET_MAG_DIPOLE,128,1,128,1,0,0,0x18010202
1777261054.249,2504179,6,4,ADCS,8,SOLAR,2,COMMAND,81,SET_MAG_DIPOLE,128,1,128,1,0,0,0x18010202
1777261055.315,2505275,6,4,ADCS,8,SOLAR,2,COMMAND,81,SET_MAG_DIPOLE,128,1,128,1,0,0,0x18010202
1777261056.392,2506360,6,4,ADCS,8,SOLAR,2,COMMAND,81,SET_MAG_DIPOLE,128,1,128,1,0,0,0x18010202
1777261057.424,2507394,6,4,ADCS,8,SOLAR,2,COMMAND,81,SET_MAG_DIPOLE,128,1,128,1,0,0,0x18010202
1777261058.479,2508447,6,4,ADCS,8,SOLAR,2,COMMAND,81,SET_MAG_DIPOLE,128,1,128,1,0,0,0x18010202
1777261059.574,2509544,6,4,ADCS,8,SOLAR,2,COMMAND,81,SET_MAG_DIPOLE,128,1,128,1,0,0,0x18010202
1777261060.693,2510631,6,4,ADCS,8,SOLAR,2,COMMAND,81,SET_MAG_DIPOLE,128,1,128,1,0,0,0x18010202
1777261061.759,2511727,6,4,ADCS,8,SOLAR,2,COMMAND,81,SET_MAG_DIPOLE,128,1,128,1,0,0,0x18010202
1777261062.843,2512811,6,4,ADCS,8,SOLAR,2,COMMAND,81,SET_MAG_DIPOLE,128,1,128,1,0,0,0x18010202
1777261063.968,2513906,6,4,ADCS,8,SOLAR,2,COMMAND,81,SET_MAG_DIPOLE,128,1,128,1,0,0,0x18010202
1777261065.031,2515000,6,4,ADCS,8,SOLAR,2,COMMAND,81,SET_MAG_DIPOLE,128,1,128,1,0,0,0x18010202
1777261066.121,2516090,6,4,ADCS,8,SOLAR,2,COMMAND,81,SET_MAG_DIPOLE,128,1,128,1,0,0,0x18010202
1777261067.244,2517187,6,4,ADCS,8,SOLAR,2,COMMAND,81,SET_MAG_DIPOLE,128,1,128,1,0,0,0x18010202
1777261068.308,2518277,6,4,ADCS,8,SOLAR,2,COMMAND,81,SET_MAG_DIPOLE,128,1,128,1,0,0,0x18010202
1777261069.398,2519321,6,4,ADCS,8,SOLAR,2,COMMAND,81,SET_MAG_DIPOLE,128,1,128,1,0,0,0x18010202
1777261070.357,2520326,6,4,ADCS,8,SOLAR,2,COMMAND,81,SET_MAG_DIPOLE,128,1,128,1,0,0,0x18010202
1777261071.376,2521345,6,4,ADCS,8,SOLAR,2,COMMAND,81,SET_MAG_DIPOLE,128,1,128,1,0,0,0x18010202
1777261072.420,2522389,6,4,ADCS,8,SOLAR,2,COMMAND,81,SET_MAG_DIPOLE,128,1,128,1,0,0,0x18010202
1777261073.497,2523434,6,4,ADCS,8,SOLAR,2,COMMAND,81,SET_MAG_DIPOLE,128,1,128,1,0,0,0x18010202
1777261074.560,2524527,6,4,ADCS,8,SOLAR,2,COMMAND,81,SET_MAG_DIPOLE,128,1,128,1,0,0,0x18010202
1777261075.654,2525623,6,4,ADCS,8,SOLAR,2,COMMAND,81,SET_MAG_DIPOLE,128,1,128,1,0,0,0x18010202
1777261076.768,2526714,6,4,ADCS,8,SOLAR,2,COMMAND,81,SET_MAG_DIPOLE,128,1,128,1,0,0,0x18010202
1777261077.795,2527733,6,4,ADCS,8,SOLAR,2,COMMAND,81,SET_MAG_DIPOLE,128,1,128,1,0,0,0x18010202
1777261078.861,2528829,6,4,ADCS,8,SOLAR,2,COMMAND,81,SET_MAG_DIPOLE,128,1,128,1,0,0,0x18010202
1777261079.953,2529921,6,4,ADCS,8,SOLAR,2,COMMAND,81,SET_MAG_DIPOLE,128,1,128,1,0,0,0x18010202
1777261081.009,2530978,6,4,ADCS,8,SOLAR,2,COMMAND,81,SET_MAG_DIPOLE,128,1,128,1,0,0,0x18010202
1777261082.106,2532074,6,4,ADCS,8,SOLAR,2,COMMAND,81,SET_MAG_DIPOLE,128,1,128,1,0,0,0x18010202
1777261083.216,2533165,6,4,ADCS,8,SOLAR,2,COMMAND,81,SET_MAG_DIPOLE,128,1,128,1,0,0,0x18010202
1777261084.289,2534257,6,4,ADCS,8,SOLAR,2,COMMAND,81,SET_MAG_DIPOLE,128,1,128,1,0,0,0x18010202
1777261085.321,2535290,6,4,ADCS,8,SOLAR,2,COMMAND,81,SET_MAG_DIPOLE,128,1,128,1,0,0,0x18010202
1777261086.323,2536292,6,4,ADCS,8,SOLAR,2,COMMAND,81,SET_MAG_DIPOLE,128,1,128,1,0,0,0x18010202
1777261087.421,2537344,6,4,ADCS,8,SOLAR,2,COMMAND,81,SET_MAG_DIPOLE,128,1,128,1,0,0,0x18010202
1777261088.455,2538347,6,4,ADCS,8,SOLAR,2,COMMAND,81,SET_MAG_DIPOLE,128,1,128,1,0,0,0x18010202
1777261089.473,2539413,6,4,ADCS,8,SOLAR,2,COMMAND,81,SET_MAG_DIPOLE,128,1,128,1,0,0,0x18010202
1777261090.540,2540509,6,4,ADCS,8,SOLAR,2,COMMAND,81,SET_MAG_DIPOLE,128,1,128,1,0,0,0x18010202
1777261091.635,2541601,6,4,ADCS,8,SOLAR,2,COMMAND,81,SET_MAG_DIPOLE,128,1,128,1,0,0,0x18010202
1777261092.689,2542657,6,4,ADCS,8,SOLAR,2,COMMAND,81,SET_MAG_DIPOLE,128,1,128,1,0,0,0x18010202
1777261093.783,2543752,6,4,ADCS,8,SOLAR,2,COMMAND,81,SET_MAG_DIPOLE,128,1,128,1,0,0,0x18010202
1777261094.897,2544846,6,4,ADCS,8,SOLAR,2,COMMAND,81,SET_MAG_DIPOLE,128,1,128,1,0,0,0x18010202
1777261095.922,2545864,6,4,ADCS,8,SOLAR,2,COMMAND,81,SET_MAG_DIPOLE,128,1,128,1,0,0,0x18010202
1777261096.992,2546961,6,4,ADCS,8,SOLAR,2,COMMAND,81,SET_MAG_DIPOLE,128,1,128,1,0,0,0x18010202
1777261098.084,2548052,6,4,ADCS,8,SOLAR,2,COMMAND,81,SET_MAG_DIPOLE,128,1,128,1,0,0,0x18010202
1777261099.199,2549145,6,4,ADCS,8,SOLAR,2,COMMAND,81,SET_MAG_DIPOLE,128,1,128,1,0,0,0x18010202
1777261100.270,2550239,6,4,ADCS,8,SOLAR,2,COMMAND,81,SET_MAG_DIPOLE,128,1,128,1,0,0,0x18010202
1777261101.272,2551238,6,4,ADCS,8,SOLAR,2,COMMAND,81,SET_MAG_DIPOLE,128,1,128,1,0,0,0x18010202
1777261102.279,2552247,6,4,ADCS,8,SOLAR,2,COMMAND,81,SET_MAG_DIPOLE,128,1,128,1,0,0,0x18010202
1777261103.327,2553296,6,4,ADCS,8,SOLAR,2,COMMAND,81,SET_MAG_DIPOLE,128,1,128,1,0,0,0x18010202
1777261104.331,2554300,6,4,ADCS,8,SOLAR,2,COMMAND,81,SET_MAG_DIPOLE,128,1,128,1,0,0,0x18010202
1777261105.435,2555395,6,4,ADCS,8,SOLAR,2,COMMAND,81,SET_MAG_DIPOLE,128,1,128,1,0,0,0x18010202
1777261106.469,2556438,6,4,ADCS,8,SOLAR,2,COMMAND,81,SET_MAG_DIPOLE,128,1,128,1,0,0,0x18010202
1777261107.513,2557480,6,4,ADCS,8,SOLAR,2,COMMAND,81,SET_MAG_DIPOLE,128,1,128,1,0,0,0x18010202
1777261108.518,2558480,6,4,ADCS,8,SOLAR,2,COMMAND,81,SET_MAG_DIPOLE,128,1,128,1,0,0,0x18010202
1777261109.547,2559516,6,4,ADCS,8,SOLAR,2,COMMAND,81,SET_MAG_DIPOLE,128,1,128,1,0,0,0x18010202
1777261110.561,2560522,6,4,ADCS,8,SOLAR,2,COMMAND,81,SET_MAG_DIPOLE,128,1,128,1,0,0,0x18010202
1777261111.585,2561543,6,4,ADCS,8,SOLAR,2,COMMAND,81,SET_MAG_DIPOLE,128,1,128,1,0,0,0x18010202
1777261112.632,2562601,6,4,ADCS,8,SOLAR,2,COMMAND,81,SET_MAG_DIPOLE,128,1,128,1,0,0,0x18010202
1777261113.644,2563612,6,4,ADCS,8,SOLAR,2,COMMAND,81,SET_MAG_DIPOLE,128,1,128,1,0,0,0x18010202
1777261114.661,2564625,6,4,ADCS,8,SOLAR,2,COMMAND,81,SET_MAG_DIPOLE,128,1,128,1,0,0,0x18010202
1777261115.714,2565681,6,4,ADCS,8,SOLAR,2,COMMAND,81,SET_MAG_DIPOLE,128,1,128,1,0,0,0x18010202
1777261116.743,2566708,6,4,ADCS,8,SOLAR,2,COMMAND,81,SET_MAG_DIPOLE,128,1,128,1,0,0,0x18010202
1777261117.834,2567803,6,4,ADCS,8,SOLAR,2,COMMAND,81,SET_MAG_DIPOLE,128,1,128,1,0,0,0x18010202
1777261118.876,2568845,6,4,ADCS,8,SOLAR,2,COMMAND,81,SET_MAG_DIPOLE,128,1,128,1,0,0,0x18010202
1777261119.919,2569886,6,4,ADCS,8,SOLAR,2,COMMAND,81,SET_MAG_DIPOLE,128,1,128,1,0,0,0x18010202
1777261120.961,2570929,6,4,ADCS,8,SOLAR,2,COMMAND,81,SET_MAG_DIPOLE,128,1,128,1,0,0,0x18010202
1777261122.036,2571971,6,4,ADCS,8,SOLAR,2,COMMAND,81,SET_MAG_DIPOLE,128,1,128,1,0,0,0x18010202
1777261123.069,2573014,6,4,ADCS,8,SOLAR,2,COMMAND,81,SET_MAG_DIPOLE,128,1,128,1,0,0,0x18010202
1777261124.089,2574057,6,4,ADCS,8,SOLAR,2,COMMAND,81,SET_MAG_DIPOLE,128,1,128,1,0,0,0x18010202
1777261125.133,2575100,6,4,ADCS,8,SOLAR,2,COMMAND,81,SET_MAG_DIPOLE,128,1,128,1,0,0,0x18010202
1777261126.181,2576137,6,4,ADCS,8,SOLAR,2,COMMAND,81,SET_MAG_DIPOLE,128,1,128,1,0,0,0x18010202
1777261127.180,2577147,6,4,ADCS,8,SOLAR,2,COMMAND,81,SET_MAG_DIPOLE,128,1,128,1,0,0,0x18010202
1777261128.215,2578183,6,4,ADCS,8,SOLAR,2,COMMAND,81,SET_MAG_DIPOLE,128,1,128,1,0,0,0x18010202
1777261129.304,2579263,6,4,ADCS,8,SOLAR,2,COMMAND,81,SET_MAG_DIPOLE,128,1,128,1,0,0,0x18010202
1777261130.431,2580359,6,4,ADCS,8,SOLAR,2,COMMAND,81,SET_MAG_DIPOLE,128,1,128,1,0,0,0x18010202
1777261131.455,2581414,6,4,ADCS,8,SOLAR,2,COMMAND,81,SET_MAG_DIPOLE,128,1,128,1,0,0,0x18010202
1777261132.471,2582417,6,4,ADCS,8,SOLAR,2,COMMAND,81,SET_MAG_DIPOLE,128,1,128,1,0,0,0x18010202
1777261133.508,2583475,6,4,ADCS,8,SOLAR,2,COMMAND,81,SET_MAG_DIPOLE,128,1,128,1,0,0,0x18010202
1777261134.534,2584492,6,4,ADCS,8,SOLAR,2,COMMAND,81,SET_MAG_DIPOLE,128,1,128,1,0,0,0x18010202
1777261135.552,2585504,6,4,ADCS,8,SOLAR,2,COMMAND,81,SET_MAG_DIPOLE,128,1,128,1,0,0,0x18010202
1777261136.593,2586557,6,4,ADCS,8,SOLAR,2,COMMAND,81,SET_MAG_DIPOLE,128,1,128,1,0,0,0x18010202
1777261137.702,2587652,6,4,ADCS,8,SOLAR,2,COMMAND,81,SET_MAG_DIPOLE,128,1,128,1,0,0,0x18010202
1777261138.727,2588695,6,4,ADCS,8,SOLAR,2,COMMAND,81,SET_MAG_DIPOLE,128,1,128,1,0,0,0x18010202
1777261139.771,2589737,6,4,ADCS,8,SOLAR,2,COMMAND,81,SET_MAG_DIPOLE,128,1,128,1,0,0,0x18010202
1777261140.810,2590778,6,4,ADCS,8,SOLAR,2,COMMAND,81,SET_MAG_DIPOLE,128,1,128,1,0,0,0x18010202
1777261141.855,2591820,6,4,ADCS,8,SOLAR,2,COMMAND,81,SET_MAG_DIPOLE,128,1,128,1,0,0,0x18010202
1777261142.927,2592864,6,4,ADCS,8,SOLAR,2,COMMAND,81,SET_MAG_DIPOLE,128,1,128,1,0,0,0x18010202
1777261143.939,2593906,6,4,ADCS,8,SOLAR,2,COMMAND,81,SET_MAG_DIPOLE,128,1,128,1,0,0,0x18010202
1777261144.980,2594948,6,4,ADCS,8,SOLAR,2,COMMAND,81,SET_MAG_DIPOLE,128,1,128,1,0,0,0x18010202
1777261146.017,2595985,6,4,ADCS,8,SOLAR,2,COMMAND,81,SET_MAG_DIPOLE,128,1,128,1,0,0,0x18010202
1777261147.124,2597077,6,4,ADCS,8,SOLAR,2,COMMAND,81,SET_MAG_DIPOLE,128,1,128,1,0,0,0x18010202
1777261148.154,2598122,6,4,ADCS,8,SOLAR,2,COMMAND,81,SET_MAG_DIPOLE,128,1,128,1,0,0,0x18010202
1777261149.170,2599131,6,4,ADCS,8,SOLAR,2,COMMAND,81,SET_MAG_DIPOLE,128,1,128,1,0,0,0x18010202
1777261150.213,2600181,6,4,ADCS,8,SOLAR,2,COMMAND,81,SET_MAG_DIPOLE,128,1,128,1,0,0,0x18010202
1777261151.321,2601250,6,4,ADCS,8,SOLAR,2,COMMAND,81,SET_MAG_DIPOLE,128,1,128,1,0,0,0x18010202
1777261152.343,2602273,6,4,ADCS,8,SOLAR,2,COMMAND,81,SET_MAG_DIPOLE,128,1,128,1,0,0,0x18010202
1777261153.370,2603305,6,4,ADCS,8,SOLAR,2,COMMAND,81,SET_MAG_DIPOLE,128,1,128,1,0,0,0x18010202
1777261154.415,2604381,6,4,ADCS,8,SOLAR,2,COMMAND,81,SET_MAG_DIPOLE,128,1,128,1,0,0,0x18010202
1777261155.445,2605413,6,4,ADCS,8,SOLAR,2,COMMAND,81,SET_MAG_DIPOLE,128,1,128,1,0,0,0x18010202
1777261156.489,2606457,6,4,ADCS,8,SOLAR,2,COMMAND,81,SET_MAG_DIPOLE,128,1,128,1,0,0,0x18010202
1777261157.555,2607499,6,4,ADCS,8,SOLAR,2,COMMAND,81,SET_MAG_DIPOLE,128,1,128,1,0,0,0x18010202
1777261158.590,2608541,6,4,ADCS,8,SOLAR,2,COMMAND,81,SET_MAG_DIPOLE,128,1,128,1,0,0,0x18010202
1777261159.616,2609583,6,4,ADCS,8,SOLAR,2,COMMAND,81,SET_MAG_DIPOLE,128,1,128,1,0,0,0x18010202
1777261160.661,2610626,6,4,ADCS,8,SOLAR,2,COMMAND,81,SET_MAG_DIPOLE,128,1,128,1,0,0,0x18010202
1777261161.703,2611669,6,4,ADCS,8,SOLAR,2,COMMAND,81,SET_MAG_DIPOLE,128,1,128,1,0,0,0x18010202
1777261162.745,2612711,6,4,ADCS,8,SOLAR,2,COMMAND,81,SET_MAG_DIPOLE,128,1,128,1,0,0,0x18010202
1777261163.805,2613754,6,4,ADCS,8,SOLAR,2,COMMAND,81,SET_MAG_DIPOLE,128,1,128,1,0,0,0x18010202
1777261164.838,2614795,6,4,ADCS,8,SOLAR,2,COMMAND,81,SET_MAG_DIPOLE,128,1,128,1,0,0,0x18010202
1777261165.865,2615832,6,4,ADCS,8,SOLAR,2,COMMAND,81,SET_MAG_DIPOLE,128,1,128,1,0,0,0x18010202
1777261166.990,2616927,6,4,ADCS,8,SOLAR,2,COMMAND,81,SET_MAG_DIPOLE,128,1,128,1,0,0,0x18010202
1777261168.005,2617969,6,4,ADCS,8,SOLAR,2,COMMAND,81,SET_MAG_DIPOLE,128,1,128,1,0,0,0x18010202
1777261169.035,2619002,6,4,ADCS,8,SOLAR,2,COMMAND,81,SET_MAG_DIPOLE,128,1,128,1,0,0,0x18010202
1777261170.093,2620061,6,4,ADCS,8,SOLAR,2,COMMAND,81,SET_MAG_DIPOLE,128,1,128,1,0,0,0x18010202
1777261171.108,2621074,6,4,ADCS,8,SOLAR,2,COMMAND,81,SET_MAG_DIPOLE,128,1,128,1,0,0,0x18010202
1777261172.122,2622089,6,4,ADCS,8,SOLAR,2,COMMAND,81,SET_MAG_DIPOLE,128,1,128,1,0,0,0x18010202
1777261173.143,2623108,6,4,ADCS,8,SOLAR,2,COMMAND,81,SET_MAG_DIPOLE,128,1,128,1,0,0,0x18010202
1777261174.163,2624131,6,4,ADCS,8,SOLAR,2,COMMAND,81,SET_MAG_DIPOLE,128,1,128,1,0,0,0x18010202
1777261175.188,2625154,6,4,ADCS,8,SOLAR,2,COMMAND,81,SET_MAG_DIPOLE,128,1,128,1,0,0,0x18010202
1777261176.204,2626159,6,4,ADCS,8,SOLAR,2,COMMAND,81,SET_MAG_DIPOLE,128,1,128,1,0,0,0x18010202
1777261177.232,2627174,6,4,ADCS,8,SOLAR,2,COMMAND,81,SET_MAG_DIPOLE,128,1,128,1,0,0,0x18010202
1777261178.272,2628239,6,4,ADCS,8,SOLAR,2,COMMAND,81,SET_MAG_DIPOLE,128,1,128,1,0,0,0x18010202
1777261179.380,2629333,6,4,ADCS,8,SOLAR,2,COMMAND,81,SET_MAG_DIPOLE,128,1,128,1,0,0,0x18010202
1777261180.409,2630376,6,4,ADCS,8,SOLAR,2,COMMAND,81,SET_MAG_DIPOLE,128,1,128,1,0,0,0x18010202
1777261181.454,2631418,6,4,ADCS,8,SOLAR,2,COMMAND,81,SET_MAG_DIPOLE,128,1,128,1,0,0,0x18010202
1777261182.495,2632460,6,4,ADCS,8,SOLAR,2,COMMAND,81,SET_MAG_DIPOLE,128,1,128,1,0,0,0x18010202
1777261183.586,2633502,6,4,ADCS,8,SOLAR,2,COMMAND,81,SET_MAG_DIPOLE,128,1,128,1,0,0,0x18010202
1777261184.604,2634545,6,4,ADCS,8,SOLAR,2,COMMAND,81,SET_MAG_DIPOLE,128,1,128,1,0,0,0x18010202
1777261185.627,2635587,6,4,ADCS,8,SOLAR,2,COMMAND,81,SET_MAG_DIPOLE,128,1,128,1,0,0,0x18010202
1777261186.663,2636629,6,4,ADCS,8,SOLAR,2,COMMAND,81,SET_MAG_DIPOLE,128,1,128,1,0,0,0x18010202
1777261187.701,2637665,6,4,ADCS,8,SOLAR,2,COMMAND,81,SET_MAG_DIPOLE,128,1,128,1,0,0,0x18010202
1777261188.805,2638761,6,4,ADCS,8,SOLAR,2,COMMAND,81,SET_MAG_DIPOLE,128,1,128,1,0,0,0x18010202
1777261189.836,2639803,6,4,ADCS,8,SOLAR,2,COMMAND,81,SET_MAG_DIPOLE,128,1,128,1,0,0,0x18010202
1777261190.878,2640845,6,4,ADCS,8,SOLAR,2,COMMAND,81,SET_MAG_DIPOLE,128,1,128,1,0,0,0x18010202
1777261191.920,2641887,6,4,ADCS,8,SOLAR,2,COMMAND,81,SET_MAG_DIPOLE,128,1,128,1,0,0,0x18010202
1777261192.963,2642916,6,4,ADCS,8,SOLAR,2,COMMAND,81,SET_MAG_DIPOLE,128,1,128,1,0,0,0x18010202
1777261194.029,2643979,6,4,ADCS,8,SOLAR,2,COMMAND,81,SET_MAG_DIPOLE,128,1,128,1,0,0,0x18010202
1777261195.049,2645015,6,4,ADCS,8,SOLAR,2,COMMAND,81,SET_MAG_DIPOLE,128,1,128,1,0,0,0x18010202
1777261196.104,2646071,6,4,ADCS,8,SOLAR,2,COMMAND,81,SET_MAG_DIPOLE,128,1,128,1,0,0,0x18010202
1777261197.128,2647095,6,4,ADCS,8,SOLAR,2,COMMAND,81,SET_MAG_DIPOLE,128,1,128,1,0,0,0x18010202
1777261198.225,2648169,6,4,ADCS,8,SOLAR,2,COMMAND,81,SET_MAG_DIPOLE,128,1,128,1,0,0,0x18010202
1777261199.299,2649266,6,4,ADCS,8,SOLAR,2,COMMAND,81,SET_MAG_DIPOLE,128,1,128,1,0,0,0x18010202
1777261200.308,2650276,6,4,ADCS,8,SOLAR,2,COMMAND,81,SET_MAG_DIPOLE,128,1,128,1,0,0,0x18010202
1777261201.397,2651318,6,4,ADCS,8,SOLAR,2,COMMAND,81,SET_MAG_DIPOLE,128,1,128,1,0,0,0x18010202
1777261202.408,2652360,6,4,ADCS,8,SOLAR,2,COMMAND,81,SET_MAG_DIPOLE,128,1,128,1,0,0,0x18010202
1777261203.451,2653403,6,4,ADCS,8,SOLAR,2,COMMAND,81,SET_MAG_DIPOLE,128,1,128,1,0,0,0x18010202
1777261204.479,2654446,6,4,ADCS,8,SOLAR,2,COMMAND,81,SET_MAG_DIPOLE,128,1,128,1,0,0,0x18010202
1777261205.521,2655487,6,4,ADCS,8,SOLAR,2,COMMAND,81,SET_MAG_DIPOLE,128,1,128,1,0,0,0x18010202
1777261206.559,2656524,6,4,ADCS,8,SOLAR,2,COMMAND,81,SET_MAG_DIPOLE,128,1,128,1,0,0,0x18010202
1777261207.654,2657621,6,4,ADCS,8,SOLAR,2,COMMAND,81,SET_MAG_DIPOLE,128,1,128,1,0,0,0x18010202
1777261208.768,2658713,6,4,ADCS,8,SOLAR,2,COMMAND,81,SET_MAG_DIPOLE,128,1,128,1,0,0,0x18010202
1777261209.791,2659754,6,4,ADCS,8,SOLAR,2,COMMAND,81,SET_MAG_DIPOLE,128,1,128,1,0,0,0x18010202
1777261210.831,2660798,6,4,ADCS,8,SOLAR,2,COMMAND,81,SET_MAG_DIPOLE,128,1,128,1,0,0,0x18010202
1777261211.874,2661840,6,4,ADCS,8,SOLAR,2,COMMAND,81,SET_MAG_DIPOLE,128,1,128,1,0,0,0x18010202
1777261212.881,2662846,6,4,ADCS,8,SOLAR,2,COMMAND,81,SET_MAG_DIPOLE,128,1,128,1,0,0,0x18010202
1777261213.996,2663945,6,4,ADCS,8,SOLAR,2,COMMAND,81,SET_MAG_DIPOLE,128,1,128,1,0,0,0x18010202
1777261215.016,2664959,6,4,ADCS,8,SOLAR,2,COMMAND,81,SET_MAG_DIPOLE,128,1,128,1,0,0,0x18010202
1777261216.034,2665962,6,4,ADCS,8,SOLAR,2,COMMAND,81,SET_MAG_DIPOLE,128,1,128,1,0,0,0x18010202
1777261217.092,2667059,6,4,ADCS,8,SOLAR,2,COMMAND,81,SET_MAG_DIPOLE,128,1,128,1,0,0,0x18010202
1777261218.092,2668059,6,4,ADCS,8,SOLAR,2,COMMAND,81,SET_MAG_DIPOLE,128,1,128,1,0,0,0x18010202
1777261219.117,2669082,6,4,ADCS,8,SOLAR,2,COMMAND,81,SET_MAG_DIPOLE,128,1,128,1,0,0,0x18010202
1777261220.242,2670178,6,4,ADCS,8,SOLAR,2,COMMAND,81,SET_MAG_DIPOLE,128,1,128,1,0,0,0x18010202
1777261221.307,2671273,6,4,ADCS,8,SOLAR,2,COMMAND,81,SET_MAG_DIPOLE,128,1,128,1,0,0,0x18010202
1777261222.402,2672369,6,4,ADCS,8,SOLAR,2,COMMAND,81,SET_MAG_DIPOLE,128,1,128,1,0,0,0x18010202
1777261223.431,2673397,6,4,ADCS,8,SOLAR,2,COMMAND,81,SET_MAG_DIPOLE,128,1,128,1,0,0,0x18010202
1777261224.537,2674495,6,4,ADCS,8,SOLAR,2,COMMAND,81,SET_MAG_DIPOLE,128,1,128,1,0,0,0x18010202
1777261225.653,2675588,6,4,ADCS,8,SOLAR,2,COMMAND,81,SET_MAG_DIPOLE,128,1,128,1,0,0,0x18010202
1777261226.712,2676678,6,4,ADCS,8,SOLAR,2,COMMAND,81,SET_MAG_DIPOLE,128,1,128,1,0,0,0x18010202
1777261227.806,2677770,6,4,ADCS,8,SOLAR,2,COMMAND,81,SET_MAG_DIPOLE,128,1,128,1,0,0,0x18010202
1777261228.839,2678792,6,4,ADCS,8,SOLAR,2,COMMAND,81,SET_MAG_DIPOLE,128,1,128,1,0,0,0x18010202
1777261229.883,2679849,6,4,ADCS,8,SOLAR,2,COMMAND,81,SET_MAG_DIPOLE,128,1,128,1,0,0,0x18010202
1777261230.891,2680857,6,4,ADCS,8,SOLAR,2,COMMAND,81,SET_MAG_DIPOLE,128,1,128,1,0,0,0x18010202
1777261231.954,2681920,6,4,ADCS,8,SOLAR,2,COMMAND,81,SET_MAG_DIPOLE,128,1,128,1,0,0,0x18010202
1777261232.954,2682920,6,4,ADCS,8,SOLAR,2,COMMAND,81,SET_MAG_DIPOLE,128,1,128,1,0,0,0x18010202
1777261234.061,2684016,6,4,ADCS,8,SOLAR,2,COMMAND,81,SET_MAG_DIPOLE,128,1,128,1,0,0,0x18010202
1777261235.078,2685039,6,4,ADCS,8,SOLAR,2,COMMAND,81,SET_MAG_DIPOLE,128,1,128,1,0,0,0x18010202
1777261236.226,2686135,6,4,ADCS,8,SOLAR,2,COMMAND,81,SET_MAG_DIPOLE,128,1,128,1,0,0,0x18010202
1777261237.264,2687230,6,4,ADCS,8,SOLAR,2,COMMAND,81,SET_MAG_DIPOLE,128,1,128,1,0,0,0x18010202
1777261238.361,2688285,6,4,ADCS,8,SOLAR,2,COMMAND,81,SET_MAG_DIPOLE,128,1,128,1,0,0,0x18010202
1777261239.415,2689381,6,4,ADCS,8,SOLAR,2,COMMAND,81,SET_MAG_DIPOLE,128,1,128,1,0,0,0x18010202
1777261240.510,2690474,6,4,ADCS,8,SOLAR,2,COMMAND,81,SET_MAG_DIPOLE,128,1,128,1,0,0,0x18010202
1777261241.649,2691565,6,4,ADCS,8,SOLAR,2,COMMAND,81,SET_MAG_DIPOLE,128,1,128,1,0,0,0x18010202
1777261242.693,2692659,6,4,ADCS,8,SOLAR,2,COMMAND,81,SET_MAG_DIPOLE,128,1,128,1,0,0,0x18010202
1777261243.789,2693740,6,4,ADCS,8,SOLAR,2,COMMAND,81,SET_MAG_DIPOLE,128,1,128,1,0,0,0x18010202
1777261244.818,2694740,6,4,ADCS,8,SOLAR,2,COMMAND,81,SET_MAG_DIPOLE,128,1,128,1,0,0,0x18010202
1777261245.840,2695774,6,4,ADCS,8,SOLAR,2,COMMAND,81,SET_MAG_DIPOLE,128,1,128,1,0,0,0x18010202
1777261246.906,2696870,6,4,ADCS,8,SOLAR,2,COMMAND,81,SET_MAG_DIPOLE,128,1,128,1,0,0,0x18010202
1777261247.914,2697879,6,4,ADCS,8,SOLAR,2,COMMAND,81,SET_MAG_DIPOLE,128,1,128,1,0,0,0x18010202
1777261249.016,2698941,6,4,ADCS,8,SOLAR,2,COMMAND,81,SET_MAG_DIPOLE,128,1,128,1,0,0,0x18010202
1777261250.038,2699978,6,4,ADCS,8,SOLAR,2,COMMAND,81,SET_MAG_DIPOLE,128,1,128,1,0,0,0x18010202
1777261251.109,2701075,6,4,ADCS,8,SOLAR,2,COMMAND,81,SET_MAG_DIPOLE,128,1,128,1,0,0,0x18010202
1777261252.204,2702169,6,4,ADCS,8,SOLAR,2,COMMAND,81,SET_MAG_DIPOLE,128,1,128,1,0,0,0x18010202
1777261253.213,2703175,6,4,ADCS,8,SOLAR,2,COMMAND,81,SET_MAG_DIPOLE,128,1,128,1,0,0,0x18010202
1777261254.339,2704271,6,4,ADCS,8,SOLAR,2,COMMAND,81,SET_MAG_DIPOLE,128,1,128,1,0,0,0x18010202
1777261255.397,2705364,6,4,ADCS,8,SOLAR,2,COMMAND,81,SET_MAG_DIPOLE,128,1,128,1,0,0,0x18010202
1777261256.491,2706455,6,4,ADCS,8,SOLAR,2,COMMAND,81,SET_MAG_DIPOLE,128,1,128,1,0,0,0x18010202
1777261257.531,2707497,6,4,ADCS,8,SOLAR,2,COMMAND,81,SET_MAG_DIPOLE,128,1,128,1,0,0,0x18010202
1777261258.572,2708538,6,4,ADCS,8,SOLAR,2,COMMAND,81,SET_MAG_DIPOLE,128,1,128,1,0,0,0x18010202
1777261259.615,2709581,6,4,ADCS,8,SOLAR,2,COMMAND,81,SET_MAG_DIPOLE,128,1,128,1,0,0,0x18010202
1777261260.690,2710619,6,4,ADCS,8,SOLAR,2,COMMAND,81,SET_MAG_DIPOLE,128,1,128,1,0,0,0x18010202
1777261261.711,2711676,6,4,ADCS,8,SOLAR,2,COMMAND,81,SET_MAG_DIPOLE,128,1,128,1,0,0,0x18010202
1777261262.739,2712685,6,4,ADCS,8,SOLAR,2,COMMAND,81,SET_MAG_DIPOLE,128,1,128,1,0,0,0x18010202
1777261263.813,2713780,6,4,ADCS,8,SOLAR,2,COMMAND,81,SET_MAG_DIPOLE,128,1,128,1,0,0,0x18010202
1777261264.875,2714837,6,4,ADCS,8,SOLAR,2,COMMAND,81,SET_MAG_DIPOLE,128,1,128,1,0,0,0x18010202
1777261265.944,2715910,6,4,ADCS,8,SOLAR,2,COMMAND,81,SET_MAG_DIPOLE,128,1,128,1,0,0,0x18010202
1777261267.040,2717006,6,4,ADCS,8,SOLAR,2,COMMAND,81,SET_MAG_DIPOLE,128,1,128,1,0,0,0x18010202
1777261268.099,2718062,6,4,ADCS,8,SOLAR,2,COMMAND,81,SET_MAG_DIPOLE,128,1,128,1,0,0,0x18010202
1777261269.192,2719158,6,4,ADCS,8,SOLAR,2,COMMAND,81,SET_MAG_DIPOLE,128,1,128,1,0,0,0x18010202
1777261270.302,2720250,6,4,ADCS,8,SOLAR,2,COMMAND,81,SET_MAG_DIPOLE,128,1,128,1,0,0,0x18010202
1777261271.382,2721342,6,4,ADCS,8,SOLAR,2,COMMAND,81,SET_MAG_DIPOLE,128,1,128,1,0,0,0x18010202
1777261272.472,2722434,6,4,ADCS,8,SOLAR,2,COMMAND,81,SET_MAG_DIPOLE,128,1,128,1,0,0,0x18010202
1777261273.587,2723520,6,4,ADCS,8,SOLAR,2,COMMAND,81,SET_MAG_DIPOLE,128,1,128,1,0,0,0x18010202
1777261274.646,2724611,6,4,ADCS,8,SOLAR,2,COMMAND,81,SET_MAG_DIPOLE,128,1,128,1,0,0,0x18010202
1777261275.670,2725627,6,4,ADCS,8,SOLAR,2,COMMAND,81,SET_MAG_DIPOLE,128,1,128,1,0,0,0x18010202
1777261276.766,2726723,6,4,ADCS,8,SOLAR,2,COMMAND,81,SET_MAG_DIPOLE,128,1,128,1,0,0,0x18010202
1777261277.840,2727804,6,4,ADCS,8,SOLAR,2,COMMAND,81,SET_MAG_DIPOLE,128,1,128,1,0,0,0x18010202
1777261278.921,2728866,6,4,ADCS,8,SOLAR,2,COMMAND,81,SET_MAG_DIPOLE,128,1,128,1,0,0,0x18010202
1777261280.043,2729962,6,4,ADCS,8,SOLAR,2,COMMAND,81,SET_MAG_DIPOLE,128,1,128,1,0,0,0x18010202
1777261280.999,2730965,6,4,ADCS,8,SOLAR,2,COMMAND,81,SET_MAG_DIPOLE,128,1,128,1,0,0,0x18010202
1777261282.095,2732060,6,4,ADCS,8,SOLAR,2,COMMAND,81,SET_MAG_DIPOLE,128,1,128,1,0,0,0x18010202
1777261283.137,2733103,6,4,ADCS,8,SOLAR,2,COMMAND,81,SET_MAG_DIPOLE,128,1,128,1,0,0,0x18010202
1777261284.180,2734145,6,4,ADCS,8,SOLAR,2,COMMAND,81,SET_MAG_DIPOLE,128,1,128,1,0,0,0x18010202
1777261285.264,2735187,6,4,ADCS,8,SOLAR,2,COMMAND,81,SET_MAG_DIPOLE,128,1,128,1,0,0,0x18010202
1777261286.289,2736229,6,4,ADCS,8,SOLAR,2,COMMAND,81,SET_MAG_DIPOLE,128,1,128,1,0,0,0x18010202
1777261287.316,2737270,6,4,ADCS,8,SOLAR,2,COMMAND,81,SET_MAG_DIPOLE,128,1,128,1,0,0,0x18010202
1777261288.348,2738313,6,4,ADCS,8,SOLAR,2,COMMAND,81,SET_MAG_DIPOLE,128,1,128,1,0,0,0x18010202
1777261289.390,2739355,6,4,ADCS,8,SOLAR,2,COMMAND,81,SET_MAG_DIPOLE,128,1,128,1,0,0,0x18010202
1777261290.428,2740392,6,4,ADCS,8,SOLAR,2,COMMAND,81,SET_MAG_DIPOLE,128,1,128,1,0,0,0x18010202
1777261291.523,2741487,6,4,ADCS,8,SOLAR,2,COMMAND,81,SET_MAG_DIPOLE,128,1,128,1,0,0,0x18010202
1777261292.542,2742507,6,4,ADCS,8,SOLAR,2,COMMAND,81,SET_MAG_DIPOLE,128,1,128,1,0,0,0x18010202
1777261293.602,2743565,6,4,ADCS,8,SOLAR,2,COMMAND,81,SET_MAG_DIPOLE,128,1,128,1,0,0,0x18010202
1777261294.687,2744624,6,4,ADCS,8,SOLAR,2,COMMAND,81,SET_MAG_DIPOLE,128,1,128,1,0,0,0x18010202
1777261295.701,2745654,6,4,ADCS,8,SOLAR,2,COMMAND,81,SET_MAG_DIPOLE,128,1,128,1,0,0,0x18010202
1777261296.733,2746697,6,4,ADCS,8,SOLAR,2,COMMAND,81,SET_MAG_DIPOLE,128,1,128,1,0,0,0x18010202
1777261297.778,2747741,6,4,ADCS,8,SOLAR,2,COMMAND,81,SET_MAG_DIPOLE,128,1,128,1,0,0,0x18010202
1777261298.787,2748752,6,4,ADCS,8,SOLAR,2,COMMAND,81,SET_MAG_DIPOLE,128,1,128,1,0,0,0x18010202
1777261299.815,2749781,6,4,ADCS,8,SOLAR,2,COMMAND,81,SET_MAG_DIPOLE,128,1,128,1,0,0,0x18010202
1777261300.840,2750804,6,4,ADCS,8,SOLAR,2,COMMAND,81,SET_MAG_DIPOLE,128,1,128,1,0,0,0x18010202
1777261301.860,2751804,6,4,ADCS,8,SOLAR,2,COMMAND,81,SET_MAG_DIPOLE,128,1,128,1,0,0,0x18010202
1777261302.909,2752847,6,4,ADCS,8,SOLAR,2,COMMAND,81,SET_MAG_DIPOLE,128,1,128,1,0,0,0x18010202
1777261304.005,2753939,6,4,ADCS,8,SOLAR,2,COMMAND,81,SET_MAG_DIPOLE,128,1,128,1,0,0,0x18010202
1777261304.973,2754939,6,4,ADCS,8,SOLAR,2,COMMAND,81,SET_MAG_DIPOLE,128,1,128,1,0,0,0x18010202
1777261305.975,2755939,6,4,ADCS,8,SOLAR,2,COMMAND,81,SET_MAG_DIPOLE,128,1,128,1,0,0,0x18010202
1777261307.078,2757035,6,4,ADCS,8,SOLAR,2,COMMAND,81,SET_MAG_DIPOLE,128,1,128,1,0,0,0x18010202
1777261308.104,2758069,6,4,ADCS,8,SOLAR,2,COMMAND,81,SET_MAG_DIPOLE,128,1,128,1,0,0,0x18010202
1777261309.136,2759101,6,4,ADCS,8,SOLAR,2,COMMAND,81,SET_MAG_DIPOLE,128,1,128,1,0,0,0x18010202
1777261310.161,2760122,6,4,ADCS,8,SOLAR,2,COMMAND,81,SET_MAG_DIPOLE,128,1,128,1,0,0,0x18010202
1777261311.221,2761187,6,4,ADCS,8,SOLAR,2,COMMAND,81,SET_MAG_DIPOLE,128,1,128,1,0,0,0x18010202
1777261312.290,2762224,6,4,ADCS,8,SOLAR,2,COMMAND,81,SET_MAG_DIPOLE,128,1,128,1,0,0,0x18010202
1777261313.356,2763322,6,4,ADCS,8,SOLAR,2,COMMAND,81,SET_MAG_DIPOLE,128,1,128,1,0,0,0x18010202
1777261314.398,2764363,6,4,ADCS,8,SOLAR,2,COMMAND,81,SET_MAG_DIPOLE,128,1,128,1,0,0,0x18010202
1777261315.407,2765372,6,4,ADCS,8,SOLAR,2,COMMAND,81,SET_MAG_DIPOLE,128,1,128,1,0,0,0x18010202
1777261316.501,2766467,6,4,ADCS,8,SOLAR,2,COMMAND,81,SET_MAG_DIPOLE,128,1,128,1,0,0,0x18010202
1777261317.523,2767478,6,4,ADCS,8,SOLAR,2,COMMAND,81,SET_MAG_DIPOLE,128,1,128,1,0,0,0x18010202
1777261318.649,2768577,6,4,ADCS,8,SOLAR,2,COMMAND,81,SET_MAG_DIPOLE,128,1,128,1,0,0,0x18010202
1777261319.622,2769587,6,4,ADCS,8,SOLAR,2,COMMAND,81,SET_MAG_DIPOLE,128,1,128,1,0,0,0x18010202
1777261320.698,2770618,6,4,ADCS,8,SOLAR,2,COMMAND,81,SET_MAG_DIPOLE,128,1,128,1,0,0,0x18010202
1777261321.721,2771655,6,4,ADCS,8,SOLAR,2,COMMAND,81,SET_MAG_DIPOLE,128,1,128,1,0,0,0x18010202
1777261322.748,2772690,6,4,ADCS,8,SOLAR,2,COMMAND,81,SET_MAG_DIPOLE,128,1,128,1,0,0,0x18010202
1777261323.767,2773705,6,4,ADCS,8,SOLAR,2,COMMAND,81,SET_MAG_DIPOLE,128,1,128,1,0,0,0x18010202
1777261324.798,2774734,6,4,ADCS,8,SOLAR,2,COMMAND,81,SET_MAG_DIPOLE,128,1,128,1,0,0,0x18010202
1777261325.817,2775763,6,4,ADCS,8,SOLAR,2,COMMAND,81,SET_MAG_DIPOLE,128,1,128,1,0,0,0x18010202
1777261326.855,2776819,6,4,ADCS,8,SOLAR,2,COMMAND,81,SET_MAG_DIPOLE,128,1,128,1,0,0,0x18010202
1777261327.973,2777917,6,4,ADCS,8,SOLAR,2,COMMAND,81,SET_MAG_DIPOLE,128,1,128,1,0,0,0x18010202
1777261329.001,2778955,6,4,ADCS,8,SOLAR,2,COMMAND,81,SET_MAG_DIPOLE,128,1,128,1,0,0,0x18010202
1777261330.037,2779998,6,4,ADCS,8,SOLAR,2,COMMAND,81,SET_MAG_DIPOLE,128,1,128,1,0,0,0x18010202
1777261331.121,2781041,6,4,ADCS,8,SOLAR,2,COMMAND,81,SET_MAG_DIPOLE,128,1,128,1,0,0,0x18010202
1777261332.197,2782077,6,4,ADCS,8,SOLAR,2,COMMAND,81,SET_MAG_DIPOLE,128,1,128,1,0,0,0x18010202
1777261333.214,2783173,6,4,ADCS,8,SOLAR,2,COMMAND,81,SET_MAG_DIPOLE,128,1,128,1,0,0,0x18010202
1777261334.337,2784267,6,4,ADCS,8,SOLAR,2,COMMAND,81,SET_MAG_DIPOLE,128,1,128,1,0,0,0x18010202
1777261335.469,2785366,6,4,ADCS,8,SOLAR,2,COMMAND,81,SET_MAG_DIPOLE,128,1,128,1,0,0,0x18010202
1777261336.473,2786411,6,4,ADCS,8,SOLAR,2,COMMAND,81,SET_MAG_DIPOLE,128,1,128,1,0,0,0x18010202
1777261337.604,2787511,6,4,ADCS,8,SOLAR,2,COMMAND,81,SET_MAG_DIPOLE,128,1,128,1,0,0,0x18010202
1777261338.565,2788529,6,4,ADCS,8,SOLAR,2,COMMAND,81,SET_MAG_DIPOLE,128,1,128,1,0,0,0x18010202
1777261339.660,2789625,6,4,ADCS,8,SOLAR,2,COMMAND,81,SET_MAG_DIPOLE,128,1,128,1,0,0,0x18010202
1777261340.766,2790645,6,4,ADCS,8,SOLAR,2,COMMAND,81,SET_MAG_DIPOLE,128,1,128,1,0,0,0x18010202
1777261341.782,2791706,6,4,ADCS,8,SOLAR,2,COMMAND,81,SET_MAG_DIPOLE,128,1,128,1,0,0,0x18010202
1777261342.838,2792803,6,4,ADCS,8,SOLAR,2,COMMAND,81,SET_MAG_DIPOLE,128,1,128,1,0,0,0x18010202
1777261343.936,2793899,6,4,ADCS,8,SOLAR,2,COMMAND,81,SET_MAG_DIPOLE,128,1,128,1,0,0,0x18010202
1777261345.071,2794981,6,4,ADCS,8,SOLAR,2,COMMAND,81,SET_MAG_DIPOLE,128,1,128,1,0,0,0x18010202
1777261346.123,2796077,6,4,ADCS,8,SOLAR,2,COMMAND,81,SET_MAG_DIPOLE,128,1,128,1,0,0,0x18010202
1777261347.231,2797168,6,4,ADCS,8,SOLAR,2,COMMAND,81,SET_MAG_DIPOLE,128,1,128,1,0,0,0x18010202
1777261348.245,2798190,6,4,ADCS,8,SOLAR,2,COMMAND,81,SET_MAG_DIPOLE,128,1,128,1,0,0,0x18010202
1777261349.322,2799286,6,4,ADCS,8,SOLAR,2,COMMAND,81,SET_MAG_DIPOLE,128,1,128,1,0,0,0x18010202
1777261350.402,2800363,6,4,ADCS,8,SOLAR,2,COMMAND,81,SET_MAG_DIPOLE,128,1,128,1,0,0,0x18010202
1777261351.520,2801430,6,4,ADCS,8,SOLAR,2,COMMAND,81,SET_MAG_DIPOLE,128,1,128,1,0,0,0x18010202
1777261352.571,2802527,6,4,ADCS,8,SOLAR,2,COMMAND,81,SET_MAG_DIPOLE,128,1,128,1,0,0,0x18010202
1777261353.674,2803613,6,4,ADCS,8,SOLAR,2,COMMAND,81,SET_MAG_DIPOLE,128,1,128,1,0,0,0x18010202
1777261354.699,2804663,6,4,ADCS,8,SOLAR,2,COMMAND,81,SET_MAG_DIPOLE,128,1,128,1,0,0,0x18010202
1777261355.822,2805752,6,4,ADCS,8,SOLAR,2,COMMAND,81,SET_MAG_DIPOLE,128,1,128,1,0,0,0x18010202
1777261356.791,2806755,6,4,ADCS,8,SOLAR,2,COMMAND,81,SET_MAG_DIPOLE,128,1,128,1,0,0,0x18010202
1777261357.868,2807791,6,4,ADCS,8,SOLAR,2,COMMAND,81,SET_MAG_DIPOLE,128,1,128,1,0,0,0x18010202
1777261358.885,2808829,6,4,ADCS,8,SOLAR,2,COMMAND,81,SET_MAG_DIPOLE,128,1,128,1,0,0,0x18010202
1777261359.918,2809847,6,4,ADCS,8,SOLAR,2,COMMAND,81,SET_MAG_DIPOLE,128,1,128,1,0,0,0x18010202
1777261360.942,2810859,6,4,ADCS,8,SOLAR,2,COMMAND,81,SET_MAG_DIPOLE,128,1,128,1,0,0,0x18010202
1777261361.996,2811954,6,4,ADCS,8,SOLAR,2,COMMAND,81,SET_MAG_DIPOLE,128,1,128,1,0,0,0x18010202
1777261363.033,2812996,6,4,ADCS,8,SOLAR,2,COMMAND,81,SET_MAG_DIPOLE,128,1,128,1,0,0,0x18010202
1777261364.117,2814039,6,4,ADCS,8,SOLAR,2,COMMAND,81,SET_MAG_DIPOLE,128,1,128,1,0,0,0x18010202
1777261365.139,2815082,6,4,ADCS,8,SOLAR,2,COMMAND,81,SET_MAG_DIPOLE,128,1,128,1,0,0,0x18010202
1777261366.172,2816088,6,4,ADCS,8,SOLAR,2,COMMAND,81,SET_MAG_DIPOLE,128,1,128,1,0,0,0x18010202
1777261367.202,2817166,6,4,ADCS,8,SOLAR,2,COMMAND,81,SET_MAG_DIPOLE,128,1,128,1,0,0,0x18010202
1777261368.213,2818177,6,4,ADCS,8,SOLAR,2,COMMAND,81,SET_MAG_DIPOLE,128,1,128,1,0,0,0x18010202
1777261369.288,2819252,6,4,ADCS,8,SOLAR,2,COMMAND,81,SET_MAG_DIPOLE,128,1,128,1,0,0,0x18010202
1777261370.302,2820265,6,4,ADCS,8,SOLAR,2,COMMAND,81,SET_MAG_DIPOLE,128,1,128,1,0,0,0x18010202
1777261371.318,2821282,6,4,ADCS,8,SOLAR,2,COMMAND,81,SET_MAG_DIPOLE,128,1,128,1,0,0,0x18010202
1777261372.321,2822285,6,4,ADCS,8,SOLAR,2,COMMAND,81,SET_MAG_DIPOLE,128,1,128,1,0,0,0x18010202
1777261373.424,2823382,6,4,ADCS,8,SOLAR,2,COMMAND,81,SET_MAG_DIPOLE,128,1,128,1,0,0,0x18010202
1777261374.461,2824425,6,4,ADCS,8,SOLAR,2,COMMAND,81,SET_MAG_DIPOLE,128,1,128,1,0,0,0x18010202
1777261375.504,2825467,6,4,ADCS,8,SOLAR,2,COMMAND,81,SET_MAG_DIPOLE,128,1,128,1,0,0,0x18010202
1777261376.509,2826472,6,4,ADCS,8,SOLAR,2,COMMAND,81,SET_MAG_DIPOLE,128,1,128,1,0,0,0x18010202
1777261377.550,2827514,6,4,ADCS,8,SOLAR,2,COMMAND,81,SET_MAG_DIPOLE,128,1,128,1,0,0,0x18010202
1777261378.581,2828544,6,4,ADCS,8,SOLAR,2,COMMAND,81,SET_MAG_DIPOLE,128,1,128,1,0,0,0x18010202
1777261379.583,2829547,6,4,ADCS,8,SOLAR,2,COMMAND,81,SET_MAG_DIPOLE,128,1,128,1,0,0,0x18010202
1777261380.624,2830588,6,4,ADCS,8,SOLAR,2,COMMAND,81,SET_MAG_DIPOLE,128,1,128,1,0,0,0x18010202
1777261381.729,2831670,6,4,ADCS,8,SOLAR,2,COMMAND,81,SET_MAG_DIPOLE,128,1,128,1,0,0,0x18010202
1777261382.748,2832678,6,4,ADCS,8,SOLAR,2,COMMAND,81,SET_MAG_DIPOLE,128,1,128,1,0,0,0x18010202
1777261383.722,2833685,6,4,ADCS,8,SOLAR,2,COMMAND,81,SET_MAG_DIPOLE,128,1,128,1,0,0,0x18010202
1777261384.818,2834781,6,4,ADCS,8,SOLAR,2,COMMAND,81,SET_MAG_DIPOLE,128,1,128,1,0,0,0x18010202
1777261385.860,2835824,6,4,ADCS,8,SOLAR,2,COMMAND,81,SET_MAG_DIPOLE,128,1,128,1,0,0,0x18010202
1777261386.903,2836866,6,4,ADCS,8,SOLAR,2,COMMAND,81,SET_MAG_DIPOLE,128,1,128,1,0,0,0x18010202
1777261387.965,2837909,6,4,ADCS,8,SOLAR,2,COMMAND,81,SET_MAG_DIPOLE,128,1,128,1,0,0,0x18010202
1777261388.997,2838951,6,4,ADCS,8,SOLAR,2,COMMAND,81,SET_MAG_DIPOLE,128,1,128,1,0,0,0x18010202
1777261390.021,2839955,6,4,ADCS,8,SOLAR,2,COMMAND,81,SET_MAG_DIPOLE,128,1,128,1,0,0,0x18010202
1777261391.073,2841035,6,4,ADCS,8,SOLAR,2,COMMAND,81,SET_MAG_DIPOLE,128,1,128,1,0,0,0x18010202
1777261392.080,2842043,6,4,ADCS,8,SOLAR,2,COMMAND,81,SET_MAG_DIPOLE,128,1,128,1,0,0,0x18010202
1777261393.201,2843116,6,4,ADCS,8,SOLAR,2,COMMAND,81,SET_MAG_DIPOLE,128,1,128,1,0,0,0x18010202
1777261394.264,2844210,6,4,ADCS,8,SOLAR,2,COMMAND,81,SET_MAG_DIPOLE,128,1,128,1,0,0,0x18010202
1777261395.290,2845253,6,4,ADCS,8,SOLAR,2,COMMAND,81,SET_MAG_DIPOLE,128,1,128,1,0,0,0x18010202
1777261396.373,2846295,6,4,ADCS,8,SOLAR,2,COMMAND,81,SET_MAG_DIPOLE,128,1,128,1,0,0,0x18010202
1777261397.338,2847301,6,4,ADCS,8,SOLAR,2,COMMAND,81,SET_MAG_DIPOLE,128,1,128,1,0,0,0x18010202
1777261398.417,2848379,6,4,ADCS,8,SOLAR,2,COMMAND,81,SET_MAG_DIPOLE,128,1,128,1,0,0,0x18010202
1777261399.446,2849392,6,4,ADCS,8,SOLAR,2,COMMAND,81,SET_MAG_DIPOLE,128,1,128,1,0,0,0x18010202
1777261400.499,2850464,6,4,ADCS,8,SOLAR,2,COMMAND,81,SET_MAG_DIPOLE,128,1,128,1,0,0,0x18010202
1777261401.521,2851484,6,4,ADCS,8,SOLAR,2,COMMAND,81,SET_MAG_DIPOLE,128,1,128,1,0,0,0x18010202
1777261402.534,2852489,6,4,ADCS,8,SOLAR,2,COMMAND,81,SET_MAG_DIPOLE,128,1,128,1,0,0,0x18010202
1777261403.571,2853535,6,4,ADCS,8,SOLAR,2,COMMAND,81,SET_MAG_DIPOLE,128,1,128,1,0,0,0x18010202
1777261404.684,2854610,6,4,ADCS,8,SOLAR,2,COMMAND,81,SET_MAG_DIPOLE,128,1,128,1,0,0,0x18010202
1777261405.708,2855671,6,4,ADCS,8,SOLAR,2,COMMAND,81,SET_MAG_DIPOLE,128,1,128,1,0,0,0x18010202
1777261406.747,2856701,6,4,ADCS,8,SOLAR,2,COMMAND,81,SET_MAG_DIPOLE,128,1,128,1,0,0,0x18010202
1777261407.830,2857767,6,4,ADCS,8,SOLAR,2,COMMAND,81,SET_MAG_DIPOLE,128,1,128,1,0,0,0x18010202
1777261408.866,2858792,6,4,ADCS,8,SOLAR,2,COMMAND,81,SET_MAG_DIPOLE,128,1,128,1,0,0,0x18010202
1777261409.882,2859833,6,4,ADCS,8,SOLAR,2,COMMAND,81,SET_MAG_DIPOLE,128,1,128,1,0,0,0x18010202
1777261410.929,2860892,6,4,ADCS,8,SOLAR,2,COMMAND,81,SET_MAG_DIPOLE,128,1,128,1,0,0,0x18010202
1777261411.960,2861924,6,4,ADCS,8,SOLAR,2,COMMAND,81,SET_MAG_DIPOLE,128,1,128,1,0,0,0x18010202
1777261412.992,2862955,6,4,ADCS,8,SOLAR,2,COMMAND,81,SET_MAG_DIPOLE,128,1,128,1,0,0,0x18010202
1777261413.993,2863956,6,4,ADCS,8,SOLAR,2,COMMAND,81,SET_MAG_DIPOLE,128,1,128,1,0,0,0x18010202
1777261415.114,2865049,6,4,ADCS,8,SOLAR,2,COMMAND,81,SET_MAG_DIPOLE,128,1,128,1,0,0,0x18010202
1777261416.140,2866092,6,4,ADCS,8,SOLAR,2,COMMAND,81,SET_MAG_DIPOLE,128,1,128,1,0,0,0x18010202
1777261417.165,2867128,6,4,ADCS,8,SOLAR,2,COMMAND,81,SET_MAG_DIPOLE,128,1,128,1,0,0,0x18010202
1777261418.236,2868191,6,4,ADCS,8,SOLAR,2,COMMAND,81,SET_MAG_DIPOLE,128,1,128,1,0,0,0x18010202
1777261419.259,2869222,6,4,ADCS,8,SOLAR,2,COMMAND,81,SET_MAG_DIPOLE,128,1,128,1,0,0,0x18010202
1777261420.336,2870266,6,4,ADCS,8,SOLAR,2,COMMAND,81,SET_MAG_DIPOLE,128,1,128,1,0,0,0x18010202
1777261421.350,2871308,6,4,ADCS,8,SOLAR,2,COMMAND,81,SET_MAG_DIPOLE,128,1,128,1,0,0,0x18010202
1777261422.384,2872314,6,4,ADCS,8,SOLAR,2,COMMAND,81,SET_MAG_DIPOLE,128,1,128,1,0,0,0x18010202
1777261423.428,2873388,6,4,ADCS,8,SOLAR,2,COMMAND,81,SET_MAG_DIPOLE,128,1,128,1,0,0,0x18010202
1777261424.473,2874435,6,4,ADCS,8,SOLAR,2,COMMAND,81,SET_MAG_DIPOLE,128,1,128,1,0,0,0x18010202
1777261425.559,2875522,6,4,ADCS,8,SOLAR,2,COMMAND,81,SET_MAG_DIPOLE,128,1,128,1,0,0,0x18010202
1777261426.608,2876567,6,4,ADCS,8,SOLAR,2,COMMAND,81,SET_MAG_DIPOLE,128,1,128,1,0,0,0x18010202
1777261427.703,2877666,6,4,ADCS,8,SOLAR,2,COMMAND,81,SET_MAG_DIPOLE,128,1,128,1,0,0,0x18010202
1777261428.740,2878703,6,4,ADCS,8,SOLAR,2,COMMAND,81,SET_MAG_DIPOLE,128,1,128,1,0,0,0x18010202
1777261429.757,2879718,6,4,ADCS,8,SOLAR,2,COMMAND,81,SET_MAG_DIPOLE,128,1,128,1,0,0,0x18010202
1777261430.877,2880812,6,4,ADCS,8,SOLAR,2,COMMAND,81,SET_MAG_DIPOLE,128,1,128,1,0,0,0x18010202
1777261431.908,2881825,6,4,ADCS,8,SOLAR,2,COMMAND,81,SET_MAG_DIPOLE,128,1,128,1,0,0,0x18010202
1777261432.958,2882921,6,4,ADCS,8,SOLAR,2,COMMAND,81,SET_MAG_DIPOLE,128,1,128,1,0,0,0x18010202
1777261434.058,2884012,6,4,ADCS,8,SOLAR,2,COMMAND,81,SET_MAG_DIPOLE,128,1,128,1,0,0,0x18010202
1777261435.095,2885055,6,4,ADCS,8,SOLAR,2,COMMAND,81,SET_MAG_DIPOLE,128,1,128,1,0,0,0x18010202
1777261436.105,2886063,6,4,ADCS,8,SOLAR,2,COMMAND,81,SET_MAG_DIPOLE,128,1,128,1,0,0,0x18010202
1777261437.231,2887163,6,4,ADCS,8,SOLAR,2,COMMAND,81,SET_MAG_DIPOLE,128,1,128,1,0,0,0x18010202
1777261438.322,2888258,6,4,ADCS,8,SOLAR,2,COMMAND,81,SET_MAG_DIPOLE,128,1,128,1,0,0,0x18010202
1777261439.306,2889268,6,4,ADCS,8,SOLAR,2,COMMAND,81,SET_MAG_DIPOLE,128,1,128,1,0,0,0x18010202
1777261440.407,2890365,6,4,ADCS,8,SOLAR,2,COMMAND,81,SET_MAG_DIPOLE,128,1,128,1,0,0,0x18010202
1777261441.428,2891391,6,4,ADCS,8,SOLAR,2,COMMAND,81,SET_MAG_DIPOLE,128,1,128,1,0,0,0x18010202
1777261442.491,2892454,6,4,ADCS,8,SOLAR,2,COMMAND,81,SET_MAG_DIPOLE,128,1,128,1,0,0,0x18010202
1777261443.587,2893550,6,4,ADCS,8,SOLAR,2,COMMAND,81,SET_MAG_DIPOLE,128,1,128,1,0,0,0x18010202
1777261444.700,2894635,6,4,ADCS,8,SOLAR,2,COMMAND,81,SET_MAG_DIPOLE,128,1,128,1,0,0,0x18010202
1777261445.757,2895717,6,4,ADCS,8,SOLAR,2,COMMAND,81,SET_MAG_DIPOLE,128,1,128,1,0,0,0x18010202
1777261446.855,2896814,6,4,ADCS,8,SOLAR,2,COMMAND,81,SET_MAG_DIPOLE,128,1,128,1,0,0,0x18010202
1777261447.984,2897905,6,4,ADCS,8,SOLAR,2,COMMAND,81,SET_MAG_DIPOLE,128,1,128,1,0,0,0x18010202
1777261449.036,2898998,6,4,ADCS,8,SOLAR,2,COMMAND,81,SET_MAG_DIPOLE,128,1,128,1,0,0,0x18010202
1777261450.053,2900016,6,4,ADCS,8,SOLAR,2,COMMAND,81,SET_MAG_DIPOLE,128,1,128,1,0,0,0x18010202
1777261451.151,2901113,6,4,ADCS,8,SOLAR,2,COMMAND,81,SET_MAG_DIPOLE,128,1,128,1,0,0,0x18010202
1777261452.214,2902170,6,4,ADCS,8,SOLAR,2,COMMAND,81,SET_MAG_DIPOLE,128,1,128,1,0,0,0x18010202
1777261453.321,2903266,6,4,ADCS,8,SOLAR,2,COMMAND,81,SET_MAG_DIPOLE,128,1,128,1,0,0,0x18010202
1777261454.436,2904358,6,4,ADCS,8,SOLAR,2,COMMAND,81,SET_MAG_DIPOLE,128,1,128,1,0,0,0x18010202
1777261455.453,2905404,6,4,ADCS,8,SOLAR,2,COMMAND,81,SET_MAG_DIPOLE,128,1,128,1,0,0,0x18010202
1777261456.537,2906500,6,4,ADCS,8,SOLAR,2,COMMAND,81,SET_MAG_DIPOLE,128,1,128,1,0,0,0x18010202
1777261457.617,2907557,6,4,ADCS,8,SOLAR,2,COMMAND,81,SET_MAG_DIPOLE,128,1,128,1,0,0,0x18010202
1777261458.670,2908620,6,4,ADCS,8,SOLAR,2,COMMAND,81,SET_MAG_DIPOLE,128,1,128,1,0,0,0x18010202
1777261459.760,2909717,6,4,ADCS,8,SOLAR,2,COMMAND,81,SET_MAG_DIPOLE,128,1,128,1,0,0,0x18010202
1777261460.910,2910809,6,4,ADCS,8,SOLAR,2,COMMAND,81,SET_MAG_DIPOLE,128,1,128,1,0,0,0x18010202
1777261461.974,2911899,6,4,ADCS,8,SOLAR,2,COMMAND,81,SET_MAG_DIPOLE,128,1,128,1,0,0,0x18010202
1777261463.013,2912942,6,4,ADCS,8,SOLAR,2,COMMAND,81,SET_MAG_DIPOLE,128,1,128,1,0,0,0x18010202
1777261464.022,2913969,6,4,ADCS,8,SOLAR,2,COMMAND,81,SET_MAG_DIPOLE,128,1,128,1,0,0,0x18010202
1777261465.156,2915028,6,4,ADCS,8,SOLAR,2,COMMAND,81,SET_MAG_DIPOLE,128,1,128,1,0,0,0x18010202
1777261466.110,2916064,6,4,ADCS,8,SOLAR,2,COMMAND,81,SET_MAG_DIPOLE,128,1,128,1,0,0,0x18010202
1777261467.232,2917160,6,4,ADCS,8,SOLAR,2,COMMAND,81,SET_MAG_DIPOLE,128,1,128,1,0,0,0x18010202
1777261468.257,2918201,6,4,ADCS,8,SOLAR,2,COMMAND,81,SET_MAG_DIPOLE,128,1,128,1,0,0,0x18010202
1777261469.282,2919244,6,4,ADCS,8,SOLAR,2,COMMAND,81,SET_MAG_DIPOLE,128,1,128,1,0,0,0x18010202
1777261470.323,2920286,6,4,ADCS,8,SOLAR,2,COMMAND,81,SET_MAG_DIPOLE,128,1,128,1,0,0,0x18010202
1777261471.351,2921313,6,4,ADCS,8,SOLAR,2,COMMAND,81,SET_MAG_DIPOLE,128,1,128,1,0,0,0x18010202
1777261472.358,2922313,6,4,ADCS,8,SOLAR,2,COMMAND,81,SET_MAG_DIPOLE,128,1,128,1,0,0,0x18010202
1777261473.370,2923322,6,4,ADCS,8,SOLAR,2,COMMAND,81,SET_MAG_DIPOLE,128,1,128,1,0,0,0x18010202
1777261474.408,2924354,6,4,ADCS,8,SOLAR,2,COMMAND,81,SET_MAG_DIPOLE,128,1,128,1,0,0,0x18010202
1777261475.427,2925377,6,4,ADCS,8,SOLAR,2,COMMAND,81,SET_MAG_DIPOLE,128,1,128,1,0,0,0x18010202
1777261476.485,2926438,6,4,ADCS,8,SOLAR,2,COMMAND,81,SET_MAG_DIPOLE,128,1,128,1,0,0,0x18010202
1777261477.480,2927442,6,4,ADCS,8,SOLAR,2,COMMAND,81,SET_MAG_DIPOLE,128,1,128,1,0,0,0x18010202
1777261478.506,2928468,6,4,ADCS,8,SOLAR,2,COMMAND,81,SET_MAG_DIPOLE,128,1,128,1,0,0,0x18010202
1777261479.628,2929563,6,4,ADCS,8,SOLAR,2,COMMAND,81,SET_MAG_DIPOLE,128,1,128,1,0,0,0x18010202
1777261480.651,2930605,6,4,ADCS,8,SOLAR,2,COMMAND,81,SET_MAG_DIPOLE,128,1,128,1,0,0,0x18010202
1777261481.686,2931648,6,4,ADCS,8,SOLAR,2,COMMAND,81,SET_MAG_DIPOLE,128,1,128,1,0,0,0x18010202
1777261482.729,2932691,6,4,ADCS,8,SOLAR,2,COMMAND,81,SET_MAG_DIPOLE,128,1,128,1,0,0,0x18010202
1777261483.770,2933732,6,4,ADCS,8,SOLAR,2,COMMAND,81,SET_MAG_DIPOLE,128,1,128,1,0,0,0x18010202
1777261484.847,2934775,6,4,ADCS,8,SOLAR,2,COMMAND,81,SET_MAG_DIPOLE,128,1,128,1,0,0,0x18010202
1777261485.889,2935816,6,4,ADCS,8,SOLAR,2,COMMAND,81,SET_MAG_DIPOLE,128,1,128,1,0,0,0x18010202
1777261486.926,2936859,6,4,ADCS,8,SOLAR,2,COMMAND,81,SET_MAG_DIPOLE,128,1,128,1,0,0,0x18010202
1777261487.928,2937886,6,4,ADCS,8,SOLAR,2,COMMAND,81,SET_MAG_DIPOLE,128,1,128,1,0,0,0x18010202
1777261488.945,2938891,6,4,ADCS,8,SOLAR,2,COMMAND,81,SET_MAG_DIPOLE,128,1,128,1,0,0,0x18010202
1777261490.025,2939987,6,4,ADCS,8,SOLAR,2,COMMAND,81,SET_MAG_DIPOLE,128,1,128,1,0,0,0x18010202
1777261491.087,2941040,6,4,ADCS,8,SOLAR,2,COMMAND,81,SET_MAG_DIPOLE,128,1,128,1,0,0,0x18010202
1777261492.124,2942047,6,4,ADCS,8,SOLAR,2,COMMAND,81,SET_MAG_DIPOLE,128,1,128,1,0,0,0x18010202
1777261493.139,2943068,6,4,ADCS,8,SOLAR,2,COMMAND,81,SET_MAG_DIPOLE,128,1,128,1,0,0,0x18010202
1777261494.168,2944117,6,4,ADCS,8,SOLAR,2,COMMAND,81,SET_MAG_DIPOLE,128,1,128,1,0,0,0x18010202
1777261495.200,2945160,6,4,ADCS,8,SOLAR,2,COMMAND,81,SET_MAG_DIPOLE,128,1,128,1,0,0,0x18010202
1777261496.240,2946202,6,4,ADCS,8,SOLAR,2,COMMAND,81,SET_MAG_DIPOLE,128,1,128,1,0,0,0x18010202
1777261497.247,2947207,6,4,ADCS,8,SOLAR,2,COMMAND,81,SET_MAG_DIPOLE,128,1,128,1,0,0,0x18010202
1777261498.275,2948237,6,4,ADCS,8,SOLAR,2,COMMAND,81,SET_MAG_DIPOLE,128,1,128,1,0,0,0x18010202
1777261499.285,2949242,6,4,ADCS,8,SOLAR,2,COMMAND,81,SET_MAG_DIPOLE,128,1,128,1,0,0,0x18010202
1777261500.322,2950284,6,4,ADCS,8,SOLAR,2,COMMAND,81,SET_MAG_DIPOLE,128,1,128,1,0,0,0x18010202
1777261501.340,2951295,6,4,ADCS,8,SOLAR,2,COMMAND,81,SET_MAG_DIPOLE,128,1,128,1,0,0,0x18010202
1777261502.473,2952391,6,4,ADCS,8,SOLAR,2,COMMAND,81,SET_MAG_DIPOLE,128,1,128,1,0,0,0x18010202
1777261503.484,2953444,6,4,ADCS,8,SOLAR,2,COMMAND,81,SET_MAG_DIPOLE,128,1,128,1,0,0,0x18010202
1777261504.514,2954476,6,4,ADCS,8,SOLAR,2,COMMAND,81,SET_MAG_DIPOLE,128,1,128,1,0,0,0x18010202
1777261505.568,2955529,6,4,ADCS,8,SOLAR,2,COMMAND,81,SET_MAG_DIPOLE,128,1,128,1,0,0,0x18010202
1777261506.610,2956571,6,4,ADCS,8,SOLAR,2,COMMAND,81,SET_MAG_DIPOLE,128,1,128,1,0,0,0x18010202
1777261507.614,2957576,6,4,ADCS,8,SOLAR,2,COMMAND,81,SET_MAG_DIPOLE,128,1,128,1,0,0,0x18010202
1777261508.646,2958606,6,4,ADCS,8,SOLAR,2,COMMAND,81,SET_MAG_DIPOLE,128,1,128,1,0,0,0x18010202
1777261509.657,2959618,6,4,ADCS,8,SOLAR,2,COMMAND,81,SET_MAG_DIPOLE,128,1,128,1,0,0,0x18010202
1777261510.759,2960693,6,4,ADCS,8,SOLAR,2,COMMAND,81,SET_MAG_DIPOLE,128,1,128,1,0,0,0x18010202
1777261511.781,2961718,6,4,ADCS,8,SOLAR,2,COMMAND,81,SET_MAG_DIPOLE,128,1,128,1,0,0,0x18010202
1777261512.803,2962763,6,4,ADCS,8,SOLAR,2,COMMAND,81,SET_MAG_DIPOLE,128,1,128,1,0,0,0x18010202
1777261513.834,2963796,6,4,ADCS,8,SOLAR,2,COMMAND,81,SET_MAG_DIPOLE,128,1,128,1,0,0,0x18010202
1777261514.895,2964855,6,4,ADCS,8,SOLAR,2,COMMAND,81,SET_MAG_DIPOLE,128,1,128,1,0,0,0x18010202
1777261515.990,2965952,6,4,ADCS,8,SOLAR,2,COMMAND,81,SET_MAG_DIPOLE,128,1,128,1,0,0,0x18010202
1777261517.022,2966983,6,4,ADCS,8,SOLAR,2,COMMAND,81,SET_MAG_DIPOLE,128,1,128,1,0,0,0x18010202
1777261518.064,2968026,6,4,ADCS,8,SOLAR,2,COMMAND,81,SET_MAG_DIPOLE,128,1,128,1,0,0,0x18010202
1777261519.105,2969067,6,4,ADCS,8,SOLAR,2,COMMAND,81,SET_MAG_DIPOLE,128,1,128,1,0,0,0x18010202
1777261520.176,2970109,6,4,ADCS,8,SOLAR,2,COMMAND,81,SET_MAG_DIPOLE,128,1,128,1,0,0,0x18010202
1777261521.206,2971146,6,4,ADCS,8,SOLAR,2,COMMAND,81,SET_MAG_DIPOLE,128,1,128,1,0,0,0x18010202
1777261522.226,2972169,6,4,ADCS,8,SOLAR,2,COMMAND,81,SET_MAG_DIPOLE,128,1,128,1,0,0,0x18010202
1777261523.252,2973182,6,4,ADCS,8,SOLAR,2,COMMAND,81,SET_MAG_DIPOLE,128,1,128,1,0,0,0x18010202
1777261524.291,2974252,6,4,ADCS,8,SOLAR,2,COMMAND,81,SET_MAG_DIPOLE,128,1,128,1,0,0,0x18010202
1777261525.315,2975276,6,4,ADCS,8,SOLAR,2,COMMAND,81,SET_MAG_DIPOLE,128,1,128,1,0,0,0x18010202
1777261526.376,2976338,6,4,ADCS,8,SOLAR,2,COMMAND,81,SET_MAG_DIPOLE,128,1,128,1,0,0,0x18010202
1777261527.450,2977366,6,4,ADCS,8,SOLAR,2,COMMAND,81,SET_MAG_DIPOLE,128,1,128,1,0,0,0x18010202
1777261528.475,2978409,6,4,ADCS,8,SOLAR,2,COMMAND,81,SET_MAG_DIPOLE,128,1,128,1,0,0,0x18010202
1777261529.500,2979451,6,4,ADCS,8,SOLAR,2,COMMAND,81,SET_MAG_DIPOLE,128,1,128,1,0,0,0x18010202
1777261530.522,2980458,6,4,ADCS,8,SOLAR,2,COMMAND,81,SET_MAG_DIPOLE,128,1,128,1,0,0,0x18010202
1777261531.574,2981536,6,4,ADCS,8,SOLAR,2,COMMAND,81,SET_MAG_DIPOLE,128,1,128,1,0,0,0x18010202
1777261532.585,2982547,6,4,ADCS,8,SOLAR,2,COMMAND,81,SET_MAG_DIPOLE,128,1,128,1,0,0,0x18010202
1777261533.593,2983553,6,4,ADCS,8,SOLAR,2,COMMAND,81,SET_MAG_DIPOLE,128,1,128,1,0,0,0x18010202
1777261534.707,2984649,6,4,ADCS,8,SOLAR,2,COMMAND,81,SET_MAG_DIPOLE,128,1,128,1,0,0,0x18010202
1777261535.747,2985691,6,4,ADCS,8,SOLAR,2,COMMAND,81,SET_MAG_DIPOLE,128,1,128,1,0,0,0x18010202
1777261536.765,2986714,6,4,ADCS,8,SOLAR,2,COMMAND,81,SET_MAG_DIPOLE,128,1,128,1,0,0,0x18010202
1777261537.817,2987777,6,4,ADCS,8,SOLAR,2,COMMAND,81,SET_MAG_DIPOLE,128,1,128,1,0,0,0x18010202
1777261538.921,2988873,6,4,ADCS,8,SOLAR,2,COMMAND,81,SET_MAG_DIPOLE,128,1,128,1,0,0,0x18010202
1777261540.045,2989968,6,4,ADCS,8,SOLAR,2,COMMAND,81,SET_MAG_DIPOLE,128,1,128,1,0,0,0x18010202
1777261541.068,2990998,6,4,ADCS,8,SOLAR,2,COMMAND,81,SET_MAG_DIPOLE,128,1,128,1,0,0,0x18010202
1777261542.096,2992046,6,4,ADCS,8,SOLAR,2,COMMAND,81,SET_MAG_DIPOLE,128,1,128,1,0,0,0x18010202
1777261543.170,2993131,6,4,ADCS,8,SOLAR,2,COMMAND,81,SET_MAG_DIPOLE,128,1,128,1,0,0,0x18010202
1777261544.250,2994211,6,4,ADCS,8,SOLAR,2,COMMAND,81,SET_MAG_DIPOLE,128,1,128,1,0,0,0x18010202
1777261545.367,2995307,6,4,ADCS,8,SOLAR,2,COMMAND,81,SET_MAG_DIPOLE,128,1,128,1,0,0,0x18010202
1777261546.441,2996402,6,4,ADCS,8,SOLAR,2,COMMAND,81,SET_MAG_DIPOLE,128,1,128,1,0,0,0x18010202
1777261547.525,2997449,6,4,ADCS,8,SOLAR,2,COMMAND,81,SET_MAG_DIPOLE,128,1,128,1,0,0,0x18010202
1777261548.595,2998546,6,4,ADCS,8,SOLAR,2,COMMAND,81,SET_MAG_DIPOLE,128,1,128,1,0,0,0x18010202
1777261549.678,2999638,6,4,ADCS,8,SOLAR,2,COMMAND,81,SET_MAG_DIPOLE,128,1,128,1,0,0,0x18010202
1777261550.714,3000665,6,4,ADCS,8,SOLAR,2,COMMAND,81,SET_MAG_DIPOLE,128,1,128,1,0,0,0x18010202
1777261551.825,3001765,6,4,ADCS,8,SOLAR,2,COMMAND,81,SET_MAG_DIPOLE,128,1,128,1,0,0,0x18010202
1777261552.960,3002860,6,4,ADCS,8,SOLAR,2,COMMAND,81,SET_MAG_DIPOLE,128,1,128,1,0,0,0x18010202
1777261553.999,3003899,6,4,ADCS,8,SOLAR,2,COMMAND,81,SET_MAG_DIPOLE,128,1,128,1,0,0,0x18010202
1777261555.014,3004967,6,4,ADCS,8,SOLAR,2,COMMAND,81,SET_MAG_DIPOLE,128,1,128,1,0,0,0x18010202
1777261556.135,3006062,6,4,ADCS,8,SOLAR,2,COMMAND,81,SET_MAG_DIPOLE,128,1,128,1,0,0,0x18010202
1777261557.157,3007096,6,4,ADCS,8,SOLAR,2,COMMAND,81,SET_MAG_DIPOLE,128,1,128,1,0,0,0x18010202
1777261558.209,3008167,6,4,ADCS,8,SOLAR,2,COMMAND,81,SET_MAG_DIPOLE,128,1,128,1,0,0,0x18010202
1777261559.302,3009263,6,4,ADCS,8,SOLAR,2,COMMAND,81,SET_MAG_DIPOLE,128,1,128,1,0,0,0x18010202
1777261560.414,3010350,6,4,ADCS,8,SOLAR,2,COMMAND,81,SET_MAG_DIPOLE,128,1,128,1,0,0,0x18010202
1777261561.490,3011448,6,4,ADCS,8,SOLAR,2,COMMAND,81,SET_MAG_DIPOLE,128,1,128,1,0,0,0x18010202
1777261562.577,3012538,6,4,ADCS,8,SOLAR,2,COMMAND,81,SET_MAG_DIPOLE,128,1,128,1,0,0,0x18010202
1777261563.620,3013580,6,4,ADCS,8,SOLAR,2,COMMAND,81,SET_MAG_DIPOLE,128,1,128,1,0,0,0x18010202
1777261564.656,3014617,6,4,ADCS,8,SOLAR,2,COMMAND,81,SET_MAG_DIPOLE,128,1,128,1,0,0,0x18010202
1777261565.750,3015677,6,4,ADCS,8,SOLAR,2,COMMAND,81,SET_MAG_DIPOLE,128,1,128,1,0,0,0x18010202
1777261566.773,3016708,6,4,ADCS,8,SOLAR,2,COMMAND,81,SET_MAG_DIPOLE,128,1,128,1,0,0,0x18010202
1777261567.748,3017709,6,4,ADCS,8,SOLAR,2,COMMAND,81,SET_MAG_DIPOLE,128,1,128,1,0,0,0x18010202
1777261568.830,3018786,6,4,ADCS,8,SOLAR,2,COMMAND,81,SET_MAG_DIPOLE,128,1,128,1,0,0,0x18010202
1777261569.963,3019882,6,4,ADCS,8,SOLAR,2,COMMAND,81,SET_MAG_DIPOLE,128,1,128,1,0,0,0x18010202
1777261570.921,3020881,6,4,ADCS,8,SOLAR,2,COMMAND,81,SET_MAG_DIPOLE,128,1,128,1,0,0,0x18010202
1777261572.016,3021966,6,4,ADCS,8,SOLAR,2,COMMAND,81,SET_MAG_DIPOLE,128,1,128,1,0,0,0x18010202
1777261573.029,3022974,6,4,ADCS,8,SOLAR,2,COMMAND,81,SET_MAG_DIPOLE,128,1,128,1,0,0,0x18010202
1777261574.090,3024051,6,4,ADCS,8,SOLAR,2,COMMAND,81,SET_MAG_DIPOLE,128,1,128,1,0,0,0x18010202
1777261575.092,3025051,6,4,ADCS,8,SOLAR,2,COMMAND,81,SET_MAG_DIPOLE,128,1,128,1,0,0,0x18010202
1777261576.143,3026103,6,4,ADCS,8,SOLAR,2,COMMAND,81,SET_MAG_DIPOLE,128,1,128,1,0,0,0x18010202
1777261577.208,3027135,6,4,ADCS,8,SOLAR,2,COMMAND,81,SET_MAG_DIPOLE,128,1,128,1,0,0,0x18010202
1777261578.242,3028171,6,4,ADCS,8,SOLAR,2,COMMAND,81,SET_MAG_DIPOLE,128,1,128,1,0,0,0x18010202
1777261579.262,3029196,6,4,ADCS,8,SOLAR,2,COMMAND,81,SET_MAG_DIPOLE,128,1,128,1,0,0,0x18010202
1777261580.240,3030201,6,4,ADCS,8,SOLAR,2,COMMAND,81,SET_MAG_DIPOLE,128,1,128,1,0,0,0x18010202
1777261581.335,3031295,6,4,ADCS,8,SOLAR,2,COMMAND,81,SET_MAG_DIPOLE,128,1,128,1,0,0,0x18010202
1777261582.379,3032339,6,4,ADCS,8,SOLAR,2,COMMAND,81,SET_MAG_DIPOLE,128,1,128,1,0,0,0x18010202
1777261583.457,3033380,6,4,ADCS,8,SOLAR,2,COMMAND,81,SET_MAG_DIPOLE,128,1,128,1,0,0,0x18010202
1777261584.485,3034424,6,4,ADCS,8,SOLAR,2,COMMAND,81,SET_MAG_DIPOLE,128,1,128,1,0,0,0x18010202
1777261585.507,3035466,6,4,ADCS,8,SOLAR,2,COMMAND,81,SET_MAG_DIPOLE,128,1,128,1,0,0,0x18010202
1777261586.548,3036509,6,4,ADCS,8,SOLAR,2,COMMAND,81,SET_MAG_DIPOLE,128,1,128,1,0,0,0x18010202
1777261587.579,3037538,6,4,ADCS,8,SOLAR,2,COMMAND,81,SET_MAG_DIPOLE,128,1,128,1,0,0,0x18010202
1777261588.637,3038598,6,4,ADCS,8,SOLAR,2,COMMAND,81,SET_MAG_DIPOLE,128,1,128,1,0,0,0x18010202
1777261589.719,3039630,6,4,ADCS,8,SOLAR,2,COMMAND,81,SET_MAG_DIPOLE,128,1,128,1,0,0,0x18010202
1777261590.766,3040727,6,4,ADCS,8,SOLAR,2,COMMAND,81,SET_MAG_DIPOLE,128,1,128,1,0,0,0x18010202
1777261591.817,3041766,6,4,ADCS,8,SOLAR,2,COMMAND,81,SET_MAG_DIPOLE,128,1,128,1,0,0,0x18010202
1777261592.902,3042862,6,4,ADCS,8,SOLAR,2,COMMAND,81,SET_MAG_DIPOLE,128,1,128,1,0,0,0x18010202
1777261594.010,3043957,6,4,ADCS,8,SOLAR,2,COMMAND,81,SET_MAG_DIPOLE,128,1,128,1,0,0,0x18010202
1777261595.035,3044994,6,4,ADCS,8,SOLAR,2,COMMAND,81,SET_MAG_DIPOLE,128,1,128,1,0,0,0x18010202
1777261596.062,3045997,6,4,ADCS,8,SOLAR,2,COMMAND,81,SET_MAG_DIPOLE,128,1,128,1,0,0,0x18010202
1777261597.036,3046997,6,4,ADCS,8,SOLAR,2,COMMAND,81,SET_MAG_DIPOLE,128,1,128,1,0,0,0x18010202
1777261598.118,3048056,6,4,ADCS,8,SOLAR,2,COMMAND,81,SET_MAG_DIPOLE,128,1,128,1,0,0,0x18010202
1777261599.135,3049061,6,4,ADCS,8,SOLAR,2,COMMAND,81,SET_MAG_DIPOLE,128,1,128,1,0,0,0x18010202
1777261600.205,3050159,6,4,ADCS,8,SOLAR,2,COMMAND,81,SET_MAG_DIPOLE,128,1,128,1,0,0,0x18010202
1777261601.280,3051200,6,4,ADCS,8,SOLAR,2,COMMAND,81,SET_MAG_DIPOLE,128,1,128,1,0,0,0x18010202
1777261602.292,3052243,6,4,ADCS,8,SOLAR,2,COMMAND,81,SET_MAG_DIPOLE,128,1,128,1,0,0,0x18010202
1777261603.329,3053285,6,4,ADCS,8,SOLAR,2,COMMAND,81,SET_MAG_DIPOLE,128,1,128,1,0,0,0x18010202
1777261604.367,3054327,6,4,ADCS,8,SOLAR,2,COMMAND,81,SET_MAG_DIPOLE,128,1,128,1,0,0,0x18010202
1777261605.409,3055370,6,4,ADCS,8,SOLAR,2,COMMAND,81,SET_MAG_DIPOLE,128,1,128,1,0,0,0x18010202
1777261606.451,3056412,6,4,ADCS,8,SOLAR,2,COMMAND,81,SET_MAG_DIPOLE,128,1,128,1,0,0,0x18010202
1777261607.531,3057469,6,4,ADCS,8,SOLAR,2,COMMAND,81,SET_MAG_DIPOLE,128,1,128,1,0,0,0x18010202
1777261608.554,3058491,6,4,ADCS,8,SOLAR,2,COMMAND,81,SET_MAG_DIPOLE,128,1,128,1,0,0,0x18010202
1777261609.629,3059589,6,4,ADCS,8,SOLAR,2,COMMAND,81,SET_MAG_DIPOLE,128,1,128,1,0,0,0x18010202
1777261610.718,3060664,6,4,ADCS,8,SOLAR,2,COMMAND,81,SET_MAG_DIPOLE,128,1,128,1,0,0,0x18010202
1777261611.822,3061757,6,4,ADCS,8,SOLAR,2,COMMAND,81,SET_MAG_DIPOLE,128,1,128,1,0,0,0x18010202
1777261612.891,3062853,6,4,ADCS,8,SOLAR,2,COMMAND,81,SET_MAG_DIPOLE,128,1,128,1,0,0,0x18010202
1777261613.987,3063947,6,4,ADCS,8,SOLAR,2,COMMAND,81,SET_MAG_DIPOLE,128,1,128,1,0,0,0x18010202
1777261615.015,3064947,6,4,ADCS,8,SOLAR,2,COMMAND,81,SET_MAG_DIPOLE,128,1,128,1,0,0,0x18010202
1777261616.078,3066037,6,4,ADCS,8,SOLAR,2,COMMAND,81,SET_MAG_DIPOLE,128,1,128,1,0,0,0x18010202
1777261617.174,3067134,6,4,ADCS,8,SOLAR,2,COMMAND,81,SET_MAG_DIPOLE,128,1,128,1,0,0,0x18010202
1777261618.272,3068230,6,4,ADCS,8,SOLAR,2,COMMAND,81,SET_MAG_DIPOLE,128,1,128,1,0,0,0x18010202
1777261619.309,3069229,6,4,ADCS,8,SOLAR,2,COMMAND,81,SET_MAG_DIPOLE,128,1,128,1,0,0,0x18010202
1777261620.366,3070326,6,4,ADCS,8,SOLAR,2,COMMAND,81,SET_MAG_DIPOLE,128,1,128,1,0,0,0x18010202
1777261621.459,3071395,6,4,ADCS,8,SOLAR,2,COMMAND,81,SET_MAG_DIPOLE,128,1,128,1,0,0,0x18010202
1777261622.495,3072418,6,4,ADCS,8,SOLAR,2,COMMAND,81,SET_MAG_DIPOLE,128,1,128,1,0,0,0x18010202
1777261623.554,3073514,6,4,ADCS,8,SOLAR,2,COMMAND,81,SET_MAG_DIPOLE,128,1,128,1,0,0,0x18010202
1777261624.626,3074586,6,4,ADCS,8,SOLAR,2,COMMAND,81,SET_MAG_DIPOLE,128,1,128,1,0,0,0x18010202
1777261625.754,3075680,6,4,ADCS,8,SOLAR,2,COMMAND,81,SET_MAG_DIPOLE,128,1,128,1,0,0,0x18010202
1777261626.814,3076774,6,4,ADCS,8,SOLAR,2,COMMAND,81,SET_MAG_DIPOLE,128,1,128,1,0,0,0x18010202
1777261627.909,3077847,6,4,ADCS,8,SOLAR,2,COMMAND,81,SET_MAG_DIPOLE,128,1,128,1,0,0,0x18010202
1777261628.971,3078912,6,4,ADCS,8,SOLAR,2,COMMAND,81,SET_MAG_DIPOLE,128,1,128,1,0,0,0x18010202
1777261630.064,3079984,6,4,ADCS,8,SOLAR,2,COMMAND,81,SET_MAG_DIPOLE,128,1,128,1,0,0,0x18010202
1777261631.080,3081007,6,4,ADCS,8,SOLAR,2,COMMAND,81,SET_MAG_DIPOLE,128,1,128,1,0,0,0x18010202
1777261632.047,3082007,6,4,ADCS,8,SOLAR,2,COMMAND,81,SET_MAG_DIPOLE,128,1,128,1,0,0,0x18010202
1777261633.071,3083030,6,4,ADCS,8,SOLAR,2,COMMAND,81,SET_MAG_DIPOLE,128,1,128,1,0,0,0x18010202
1777261634.103,3084063,6,4,ADCS,8,SOLAR,2,COMMAND,81,SET_MAG_DIPOLE,128,1,128,1,0,0,0x18010202
1777261635.178,3085096,6,4,ADCS,8,SOLAR,2,COMMAND,81,SET_MAG_DIPOLE,128,1,128,1,0,0,0x18010202
1777261636.198,3086119,6,4,ADCS,8,SOLAR,2,COMMAND,81,SET_MAG_DIPOLE,128,1,128,1,0,0,0x18010202
1777261637.224,3087181,6,4,ADCS,8,SOLAR,2,COMMAND,81,SET_MAG_DIPOLE,128,1,128,1,0,0,0x18010202
1777261638.251,3088209,6,4,ADCS,8,SOLAR,2,COMMAND,81,SET_MAG_DIPOLE,128,1,128,1,0,0,0x18010202
1777261639.300,3089260,6,4,ADCS,8,SOLAR,2,COMMAND,81,SET_MAG_DIPOLE,128,1,128,1,0,0,0x18010202
1777261640.399,3090354,6,4,ADCS,8,SOLAR,2,COMMAND,81,SET_MAG_DIPOLE,128,1,128,1,0,0,0x18010202
1777261641.437,3091396,6,4,ADCS,8,SOLAR,2,COMMAND,81,SET_MAG_DIPOLE,128,1,128,1,0,0,0x18010202
1777261642.485,3092439,6,4,ADCS,8,SOLAR,2,COMMAND,81,SET_MAG_DIPOLE,128,1,128,1,0,0,0x18010202
1777261643.486,3093446,6,4,ADCS,8,SOLAR,2,COMMAND,81,SET_MAG_DIPOLE,128,1,128,1,0,0,0x18010202
1777261644.511,3094470,6,4,ADCS,8,SOLAR,2,COMMAND,81,SET_MAG_DIPOLE,128,1,128,1,0,0,0x18010202
1777261645.568,3095527,6,4,ADCS,8,SOLAR,2,COMMAND,81,SET_MAG_DIPOLE,128,1,128,1,0,0,0x18010202
1777261646.599,3096559,6,4,ADCS,8,SOLAR,2,COMMAND,81,SET_MAG_DIPOLE,128,1,128,1,0,0,0x18010202
1777261647.674,3097602,6,4,ADCS,8,SOLAR,2,COMMAND,81,SET_MAG_DIPOLE,128,1,128,1,0,0,0x18010202
1777261648.696,3098645,6,4,ADCS,8,SOLAR,2,COMMAND,81,SET_MAG_DIPOLE,128,1,128,1,0,0,0x18010202
1777261649.723,3099682,6,4,ADCS,8,SOLAR,2,COMMAND,81,SET_MAG_DIPOLE,128,1,128,1,0,0,0x18010202
1777261650.881,3100776,6,4,ADCS,8,SOLAR,2,COMMAND,81,SET_MAG_DIPOLE,128,1,128,1,0,0,0x18010202
1777261651.870,3101819,6,4,ADCS,8,SOLAR,2,COMMAND,81,SET_MAG_DIPOLE,128,1,128,1,0,0,0x18010202
1777261652.893,3102850,6,4,ADCS,8,SOLAR,2,COMMAND,81,SET_MAG_DIPOLE,128,1,128,1,0,0,0x18010202
1777261653.955,3103911,6,4,ADCS,8,SOLAR,2,COMMAND,81,SET_MAG_DIPOLE,128,1,128,1,0,0,0x18010202
1777261654.993,3104941,6,4,ADCS,8,SOLAR,2,COMMAND,81,SET_MAG_DIPOLE,128,1,128,1,0,0,0x18010202
1777261656.081,3106040,6,4,ADCS,8,SOLAR,2,COMMAND,81,SET_MAG_DIPOLE,128,1,128,1,0,0,0x18010202
1777261657.137,3107083,6,4,ADCS,8,SOLAR,2,COMMAND,81,SET_MAG_DIPOLE,128,1,128,1,0,0,0x18010202
1777261658.164,3108120,6,4,ADCS,8,SOLAR,2,COMMAND,81,SET_MAG_DIPOLE,128,1,128,1,0,0,0x18010202
1777261659.258,3109217,6,4,ADCS,8,SOLAR,2,COMMAND,81,SET_MAG_DIPOLE,128,1,128,1,0,0,0x18010202
1777261660.300,3110259,6,4,ADCS,8,SOLAR,2,COMMAND,81,SET_MAG_DIPOLE,128,1,128,1,0,0,0x18010202
1777261661.350,3111284,6,4,ADCS,8,SOLAR,2,COMMAND,81,SET_MAG_DIPOLE,128,1,128,1,0,0,0x18010202
1777261662.413,3112371,6,4,ADCS,8,SOLAR,2,COMMAND,81,SET_MAG_DIPOLE,128,1,128,1,0,0,0x18010202
1777261663.543,3113463,6,4,ADCS,8,SOLAR,2,COMMAND,81,SET_MAG_DIPOLE,128,1,128,1,0,0,0x18010202
1777261664.600,3114559,6,4,ADCS,8,SOLAR,2,COMMAND,81,SET_MAG_DIPOLE,128,1,128,1,0,0,0x18010202
1777261665.611,3115565,6,4,ADCS,8,SOLAR,2,COMMAND,81,SET_MAG_DIPOLE,128,1,128,1,0,0,0x18010202
1777261666.732,3116662,6,4,ADCS,8,SOLAR,2,COMMAND,81,SET_MAG_DIPOLE,128,1,128,1,0,0,0x18010202
1777261667.795,3117753,6,4,ADCS,8,SOLAR,2,COMMAND,81,SET_MAG_DIPOLE,128,1,128,1,0,0,0x18010202
1777261668.870,3118809,6,4,ADCS,8,SOLAR,2,COMMAND,81,SET_MAG_DIPOLE,128,1,128,1,0,0,0x18010202
1777261669.932,3119888,6,4,ADCS,8,SOLAR,2,COMMAND,81,SET_MAG_DIPOLE,128,1,128,1,0,0,0x18010202
1777261671.063,3120984,6,4,ADCS,8,SOLAR,2,COMMAND,81,SET_MAG_DIPOLE,128,1,128,1,0,0,0x18010202
1777261672.044,3122003,6,4,ADCS,8,SOLAR,2,COMMAND,81,SET_MAG_DIPOLE,128,1,128,1,0,0,0x18010202
1777261673.074,3123008,6,4,ADCS,8,SOLAR,2,COMMAND,81,SET_MAG_DIPOLE,128,1,128,1,0,0,0x18010202
1777261674.140,3124100,6,4,ADCS,8,SOLAR,2,COMMAND,81,SET_MAG_DIPOLE,128,1,128,1,0,0,0x18010202
1777261675.176,3125128,6,4,ADCS,8,SOLAR,2,COMMAND,81,SET_MAG_DIPOLE,128,1,128,1,0,0,0x18010202
1777261676.239,3126188,6,4,ADCS,8,SOLAR,2,COMMAND,81,SET_MAG_DIPOLE,128,1,128,1,0,0,0x18010202
1777261677.274,3127231,6,4,ADCS,8,SOLAR,2,COMMAND,81,SET_MAG_DIPOLE,128,1,128,1,0,0,0x18010202
1777261678.317,3128275,6,4,ADCS,8,SOLAR,2,COMMAND,81,SET_MAG_DIPOLE,128,1,128,1,0,0,0x18010202
1777261679.416,3129370,6,4,ADCS,8,SOLAR,2,COMMAND,81,SET_MAG_DIPOLE,128,1,128,1,0,0,0x18010202
1777261680.544,3130453,6,4,ADCS,8,SOLAR,2,COMMAND,81,SET_MAG_DIPOLE,128,1,128,1,0,0,0x18010202
1777261681.592,3131550,6,4,ADCS,8,SOLAR,2,COMMAND,81,SET_MAG_DIPOLE,128,1,128,1,0,0,0x18010202
1777261682.687,3132643,6,4,ADCS,8,SOLAR,2,COMMAND,81,SET_MAG_DIPOLE,128,1,128,1,0,0,0x18010202
1777261683.811,3133734,6,4,ADCS,8,SOLAR,2,COMMAND,81,SET_MAG_DIPOLE,128,1,128,1,0,0,0x18010202
1777261684.843,3134768,6,4,ADCS,8,SOLAR,2,COMMAND,81,SET_MAG_DIPOLE,128,1,128,1,0,0,0x18010202
1777261685.907,3135866,6,4,ADCS,8,SOLAR,2,COMMAND,81,SET_MAG_DIPOLE,128,1,128,1,0,0,0x18010202
1777261686.907,3136866,6,4,ADCS,8,SOLAR,2,COMMAND,81,SET_MAG_DIPOLE,128,1,128,1,0,0,0x18010202
1777261687.941,3137898,6,4,ADCS,8,SOLAR,2,COMMAND,81,SET_MAG_DIPOLE,128,1,128,1,0,0,0x18010202
1777261689.141,3138995,6,4,ADCS,8,SOLAR,2,COMMAND,81,SET_MAG_DIPOLE,128,1,128,1,0,0,0x18010202
1777261690.160,3140088,6,4,ADCS,8,SOLAR,2,COMMAND,81,SET_MAG_DIPOLE,128,1,128,1,0,0,0x18010202
1777261691.223,3141181,6,4,ADCS,8,SOLAR,2,COMMAND,81,SET_MAG_DIPOLE,128,1,128,1,0,0,0x18010202
1777261692.244,3142202,6,4,ADCS,8,SOLAR,2,COMMAND,81,SET_MAG_DIPOLE,128,1,128,1,0,0,0x18010202
1777261693.281,3143240,6,4,ADCS,8,SOLAR,2,COMMAND,81,SET_MAG_DIPOLE,128,1,128,1,0,0,0x18010202
1777261694.378,3144336,6,4,ADCS,8,SOLAR,2,COMMAND,81,SET_MAG_DIPOLE,128,1,128,1,0,0,0x18010202
1777261695.395,3145342,6,4,ADCS,8,SOLAR,2,COMMAND,81,SET_MAG_DIPOLE,128,1,128,1,0,0,0x18010202
1777261696.518,3146438,6,4,ADCS,8,SOLAR,2,COMMAND,81,SET_MAG_DIPOLE,128,1,128,1,0,0,0x18010202
1777261697.572,3147530,6,4,ADCS,8,SOLAR,2,COMMAND,81,SET_MAG_DIPOLE,128,1,128,1,0,0,0x18010202
1777261698.674,3148622,6,4,ADCS,8,SOLAR,2,COMMAND,81,SET_MAG_DIPOLE,128,1,128,1,0,0,0x18010202
1777261699.789,3149714,6,4,ADCS,8,SOLAR,2,COMMAND,81,SET_MAG_DIPOLE,128,1,128,1,0,0,0x18010202
1777261700.769,3150726,6,4,ADCS,8,SOLAR,2,COMMAND,81,SET_MAG_DIPOLE,128,1,128,1,0,0,0x18010202
1777261701.847,3151793,6,4,ADCS,8,SOLAR,2,COMMAND,81,SET_MAG_DIPOLE,128,1,128,1,0,0,0x18010202
1777261702.972,3152890,6,4,ADCS,8,SOLAR,2,COMMAND,81,SET_MAG_DIPOLE,128,1,128,1,0,0,0x18010202
1777261704.024,3153981,6,4,ADCS,8,SOLAR,2,COMMAND,81,SET_MAG_DIPOLE,128,1,128,1,0,0,0x18010202
1777261705.117,3155074,6,4,ADCS,8,SOLAR,2,COMMAND,81,SET_MAG_DIPOLE,128,1,128,1,0,0,0x18010202
1777261706.170,3156128,6,4,ADCS,8,SOLAR,2,COMMAND,81,SET_MAG_DIPOLE,128,1,128,1,0,0,0x18010202
1777261707.172,3157129,6,4,ADCS,8,SOLAR,2,COMMAND,81,SET_MAG_DIPOLE,128,1,128,1,0,0,0x18010202
1777261708.228,3158186,6,4,ADCS,8,SOLAR,2,COMMAND,81,SET_MAG_DIPOLE,128,1,128,1,0,0,0x18010202
1777261709.321,3159237,6,4,ADCS,8,SOLAR,2,COMMAND,81,SET_MAG_DIPOLE,128,1,128,1,0,0,0x18010202
1777261710.376,3160334,6,4,ADCS,8,SOLAR,2,COMMAND,81,SET_MAG_DIPOLE,128,1,128,1,0,0,0x18010202
1777261711.468,3161425,6,4,ADCS,8,SOLAR,2,COMMAND,81,SET_MAG_DIPOLE,128,1,128,1,0,0,0x18010202
1777261712.597,3162518,6,4,ADCS,8,SOLAR,2,COMMAND,81,SET_MAG_DIPOLE,128,1,128,1,0,0,0x18010202
1777261713.652,3163610,6,4,ADCS,8,SOLAR,2,COMMAND,81,SET_MAG_DIPOLE,128,1,128,1,0,0,0x18010202
1777261714.740,3164690,6,4,ADCS,8,SOLAR,2,COMMAND,81,SET_MAG_DIPOLE,128,1,128,1,0,0,0x18010202
1777261715.764,3165690,6,4,ADCS,8,SOLAR,2,COMMAND,81,SET_MAG_DIPOLE,128,1,128,1,0,0,0x18010202
1777261716.732,3166690,6,4,ADCS,8,SOLAR,2,COMMAND,81,SET_MAG_DIPOLE,128,1,128,1,0,0,0x18010202
1777261717.825,3167784,6,4,ADCS,8,SOLAR,2,COMMAND,81,SET_MAG_DIPOLE,128,1,128,1,0,0,0x18010202
1777261718.875,3168833,6,4,ADCS,8,SOLAR,2,COMMAND,81,SET_MAG_DIPOLE,128,1,128,1,0,0,0x18010202
1777261719.917,3169875,6,4,ADCS,8,SOLAR,2,COMMAND,81,SET_MAG_DIPOLE,128,1,128,1,0,0,0x18010202
1777261720.917,3170875,6,4,ADCS,8,SOLAR,2,COMMAND,81,SET_MAG_DIPOLE,128,1,128,1,0,0,0x18010202
1777261722.019,3171936,6,4,ADCS,8,SOLAR,2,COMMAND,81,SET_MAG_DIPOLE,128,1,128,1,0,0,0x18010202
1777261723.037,3172952,6,4,ADCS,8,SOLAR,2,COMMAND,81,SET_MAG_DIPOLE,128,1,128,1,0,0,0x18010202
1777261724.010,3173968,6,4,ADCS,8,SOLAR,2,COMMAND,81,SET_MAG_DIPOLE,128,1,128,1,0,0,0x18010202
1777261725.089,3175028,6,4,ADCS,8,SOLAR,2,COMMAND,81,SET_MAG_DIPOLE,128,1,128,1,0,0,0x18010202
1777261726.111,3176062,6,4,ADCS,8,SOLAR,2,COMMAND,81,SET_MAG_DIPOLE,128,1,128,1,0,0,0x18010202
1777261727.145,3177103,6,4,ADCS,8,SOLAR,2,COMMAND,81,SET_MAG_DIPOLE,128,1,128,1,0,0,0x18010202
1777261728.263,3178178,6,4,ADCS,8,SOLAR,2,COMMAND,81,SET_MAG_DIPOLE,128,1,128,1,0,0,0x18010202
1777261729.285,3179242,6,4,ADCS,8,SOLAR,2,COMMAND,81,SET_MAG_DIPOLE,128,1,128,1,0,0,0x18010202
1777261730.323,3180271,6,4,ADCS,8,SOLAR,2,COMMAND,81,SET_MAG_DIPOLE,128,1,128,1,0,0,0x18010202
1777261731.370,3181327,6,4,ADCS,8,SOLAR,2,COMMAND,81,SET_MAG_DIPOLE,128,1,128,1,0,0,0x18010202
1777261732.404,3182362,6,4,ADCS,8,SOLAR,2,COMMAND,81,SET_MAG_DIPOLE,128,1,128,1,0,0,0x18010202
1777261733.484,3183413,6,4,ADCS,8,SOLAR,2,COMMAND,81,SET_MAG_DIPOLE,128,1,128,1,0,0,0x18010202
1777261734.507,3184453,6,4,ADCS,8,SOLAR,2,COMMAND,81,SET_MAG_DIPOLE,128,1,128,1,0,0,0x18010202
1777261735.544,3185498,6,4,ADCS,8,SOLAR,2,COMMAND,81,SET_MAG_DIPOLE,128,1,128,1,0,0,0x18010202
1777261736.561,3186506,6,4,ADCS,8,SOLAR,2,COMMAND,81,SET_MAG_DIPOLE,128,1,128,1,0,0,0x18010202
1777261737.582,3187529,6,4,ADCS,8,SOLAR,2,COMMAND,81,SET_MAG_DIPOLE,128,1,128,1,0,0,0x18010202
1777261738.708,3188623,6,4,ADCS,8,SOLAR,2,COMMAND,81,SET_MAG_DIPOLE,128,1,128,1,0,0,0x18010202
1777261739.668,3189626,6,4,ADCS,8,SOLAR,2,COMMAND,81,SET_MAG_DIPOLE,128,1,128,1,0,0,0x18010202
1777261740.753,3190710,6,4,ADCS,8,SOLAR,2,COMMAND,81,SET_MAG_DIPOLE,128,1,128,1,0,0,0x18010202
1777261741.774,3191709,6,4,ADCS,8,SOLAR,2,COMMAND,81,SET_MAG_DIPOLE,128,1,128,1,0,0,0x18010202
1777261742.806,3192719,6,4,ADCS,8,SOLAR,2,COMMAND,81,SET_MAG_DIPOLE,128,1,128,1,0,0,0x18010202
1777261743.830,3193787,6,4,ADCS,8,SOLAR,2,COMMAND,81,SET_MAG_DIPOLE,128,1,128,1,0,0,0x18010202
1777261744.855,3194813,6,4,ADCS,8,SOLAR,2,COMMAND,81,SET_MAG_DIPOLE,128,1,128,1,0,0,0x18010202
1777261745.915,3195873,6,4,ADCS,8,SOLAR,2,COMMAND,81,SET_MAG_DIPOLE,128,1,128,1,0,0,0x18010202
1777261746.938,3196896,6,4,ADCS,8,SOLAR,2,COMMAND,81,SET_MAG_DIPOLE,128,1,128,1,0,0,0x18010202
1777261747.960,3197918,6,4,ADCS,8,SOLAR,2,COMMAND,81,SET_MAG_DIPOLE,128,1,128,1,0,0,0x18010202
1777261748.986,3198944,6,4,ADCS,8,SOLAR,2,COMMAND,81,SET_MAG_DIPOLE,128,1,128,1,0,0,0x18010202
1777261750.022,3199979,6,4,ADCS,8,SOLAR,2,COMMAND,81,SET_MAG_DIPOLE,128,1,128,1,0,0,0x18010202
1777261751.125,3201078,6,4,ADCS,8,SOLAR,2,COMMAND,81,SET_MAG_DIPOLE,128,1,128,1,0,0,0x18010202
1777261752.149,3202101,6,4,ADCS,8,SOLAR,2,COMMAND,81,SET_MAG_DIPOLE,128,1,128,1,0,0,0x18010202
1777261753.247,3203167,6,4,ADCS,8,SOLAR,2,COMMAND,81,SET_MAG_DIPOLE,128,1,128,1,0,0,0x18010202
1777261754.275,3204194,6,4,ADCS,8,SOLAR,2,COMMAND,81,SET_MAG_DIPOLE,128,1,128,1,0,0,0x18010202
1777261755.296,3205252,6,4,ADCS,8,SOLAR,2,COMMAND,81,SET_MAG_DIPOLE,128,1,128,1,0,0,0x18010202
1777261756.326,3206284,6,4,ADCS,8,SOLAR,2,COMMAND,81,SET_MAG_DIPOLE,128,1,128,1,0,0,0x18010202
1777261757.378,3207336,6,4,ADCS,8,SOLAR,2,COMMAND,81,SET_MAG_DIPOLE,128,1,128,1,0,0,0x18010202
1777261758.422,3208373,6,4,ADCS,8,SOLAR,2,COMMAND,81,SET_MAG_DIPOLE,128,1,128,1,0,0,0x18010202
1777261759.511,3209468,6,4,ADCS,8,SOLAR,2,COMMAND,81,SET_MAG_DIPOLE,128,1,128,1,0,0,0x18010202
1777261760.555,3210511,6,4,ADCS,8,SOLAR,2,COMMAND,81,SET_MAG_DIPOLE,128,1,128,1,0,0,0x18010202
1777261761.595,3211553,6,4,ADCS,8,SOLAR,2,COMMAND,81,SET_MAG_DIPOLE,128,1,128,1,0,0,0x18010202
1777261762.608,3212565,6,4,ADCS,8,SOLAR,2,COMMAND,81,SET_MAG_DIPOLE,128,1,128,1,0,0,0x18010202
1777261763.696,3213639,6,4,ADCS,8,SOLAR,2,COMMAND,81,SET_MAG_DIPOLE,128,1,128,1,0,0,0x18010202
1777261764.719,3214660,6,4,ADCS,8,SOLAR,2,COMMAND,81,SET_MAG_DIPOLE,128,1,128,1,0,0,0x18010202
1777261765.767,3215724,6,4,ADCS,8,SOLAR,2,COMMAND,81,SET_MAG_DIPOLE,128,1,128,1,0,0,0x18010202
1777261766.787,3216743,6,4,ADCS,8,SOLAR,2,COMMAND,81,SET_MAG_DIPOLE,128,1,128,1,0,0,0x18010202
1777261767.795,3217752,6,4,ADCS,8,SOLAR,2,COMMAND,81,SET_MAG_DIPOLE,128,1,128,1,0,0,0x18010202
1777261768.826,3218783,6,4,ADCS,8,SOLAR,2,COMMAND,81,SET_MAG_DIPOLE,128,1,128,1,0,0,0x18010202
1777261769.836,3219790,6,4,ADCS,8,SOLAR,2,COMMAND,81,SET_MAG_DIPOLE,128,1,128,1,0,0,0x18010202
1777261770.967,3220886,6,4,ADCS,8,SOLAR,2,COMMAND,81,SET_MAG_DIPOLE,128,1,128,1,0,0,0x18010202
1777261771.989,3221905,6,4,ADCS,8,SOLAR,2,COMMAND,81,SET_MAG_DIPOLE,128,1,128,1,0,0,0x18010202
1777261773.024,3222982,6,4,ADCS,8,SOLAR,2,COMMAND,81,SET_MAG_DIPOLE,128,1,128,1,0,0,0x18010202
1777261774.041,3223998,6,4,ADCS,8,SOLAR,2,COMMAND,81,SET_MAG_DIPOLE,128,1,128,1,0,0,0x18010202
1777261775.065,3225022,6,4,ADCS,8,SOLAR,2,COMMAND,81,SET_MAG_DIPOLE,128,1,128,1,0,0,0x18010202
1777261776.118,3226066,6,4,ADCS,8,SOLAR,2,COMMAND,81,SET_MAG_DIPOLE,128,1,128,1,0,0,0x18010202
1777262216.678,5277,6,4,ADCS,8,SOLAR,2,COMMAND,81,SET_MAG_DIPOLE,128,1,128,1,0,0,0x18010202
1777262217.745,6320,6,4,ADCS,8,SOLAR,2,COMMAND,81,SET_MAG_DIPOLE,128,1,128,1,0,0,0x18010202
1777262218.819,7417,6,4,ADCS,8,SOLAR,2,COMMAND,81,SET_MAG_DIPOLE,128,1,128,1,0,0,0x18010202
1777262219.915,8513,6,4,ADCS,8,SOLAR,2,COMMAND,81,SET_MAG_DIPOLE,128,1,128,1,0,0,0x18010202
1777262220.942,9536,6,4,ADCS,8,SOLAR,2,COMMAND,81,SET_MAG_DIPOLE,128,1,128,1,0,0,0x18010202
1777262221.945,10537,6,4,ADCS,8,SOLAR,2,COMMAND,81,SET_MAG_DIPOLE,128,1,128,1,0,0,0x18010202
1777262223.078,11631,6,4,ADCS,8,SOLAR,2,COMMAND,81,SET_MAG_DIPOLE,128,1,128,1,0,0,0x18010202
1777262224.126,12723,6,4,ADCS,8,SOLAR,2,COMMAND,81,SET_MAG_DIPOLE,128,1,128,1,0,0,0x18010202
1777262225.219,13789,6,4,ADCS,8,SOLAR,2,COMMAND,81,SET_MAG_DIPOLE,128,1,128,1,0,0,0x18010202
1777262226.287,14886,6,4,ADCS,8,SOLAR,2,COMMAND,81,SET_MAG_DIPOLE,128,1,128,1,0,0,0x18010202
1777262227.383,15963,6,4,ADCS,8,SOLAR,2,COMMAND,81,SET_MAG_DIPOLE,128,1,128,1,0,0,0x18010202
1777262228.402,16989,6,4,ADCS,8,SOLAR,2,COMMAND,81,SET_MAG_DIPOLE,128,1,128,1,0,0,0x18010202
1777262229.428,18023,6,4,ADCS,8,SOLAR,2,COMMAND,81,SET_MAG_DIPOLE,128,1,128,1,0,0,0x18010202
1777262230.512,19096,6,4,ADCS,8,SOLAR,2,COMMAND,81,SET_MAG_DIPOLE,128,1,128,1,0,0,0x18010202
1777262231.600,20192,6,4,ADCS,8,SOLAR,2,COMMAND,81,SET_MAG_DIPOLE,128,1,128,1,0,0,0x18010202
1777262232.774,21287,6,4,ADCS,8,SOLAR,2,COMMAND,81,SET_MAG_DIPOLE,128,1,128,1,0,0,0x18010202
1777262233.854,22383,6,4,ADCS,8,SOLAR,2,COMMAND,81,SET_MAG_DIPOLE,128,1,128,1,0,0,0x18010202
1777262234.845,23440,6,4,ADCS,8,SOLAR,2,COMMAND,81,SET_MAG_DIPOLE,128,1,128,1,0,0,0x18010202
1777262235.982,24536,6,4,ADCS,8,SOLAR,2,COMMAND,81,SET_MAG_DIPOLE,128,1,128,1,0,0,0x18010202
1777262237.030,25627,6,4,ADCS,8,SOLAR,2,COMMAND,81,SET_MAG_DIPOLE,128,1,128,1,0,0,0x18010202
1777262238.128,26720,6,4,ADCS,8,SOLAR,2,COMMAND,81,SET_MAG_DIPOLE,128,1,128,1,0,0,0x18010202
1777262239.247,27812,6,4,ADCS,8,SOLAR,2,COMMAND,81,SET_MAG_DIPOLE,128,1,128,1,0,0,0x18010202
1777262240.217,28813,6,4,ADCS,8,SOLAR,2,COMMAND,81,SET_MAG_DIPOLE,128,1,128,1,0,0,0x18010202
1777262241.296,29891,6,4,ADCS,8,SOLAR,2,COMMAND,81,SET_MAG_DIPOLE,128,1,128,1,0,0,0x18010202
1777262242.326,30911,6,4,ADCS,8,SOLAR,2,COMMAND,81,SET_MAG_DIPOLE,128,1,128,1,0,0,0x18010202
1777262952.323,5281,6,4,ADCS,8,SOLAR,2,COMMAND,81,SET_MAG_DIPOLE,128,1,128,1,0,0,0x18010202
1777262953.335,6292,6,4,ADCS,8,SOLAR,2,COMMAND,81,SET_MAG_DIPOLE,128,1,128,1,0,0,0x18010202
1777262954.370,7328,6,4,ADCS,8,SOLAR,2,COMMAND,81,SET_MAG_DIPOLE,128,1,128,1,0,0,0x18010202
1777262955.471,8427,6,4,ADCS,8,SOLAR,2,COMMAND,81,SET_MAG_DIPOLE,128,1,128,1,0,0,0x18010202
1777262956.585,9522,6,4,ADCS,8,SOLAR,2,COMMAND,81,SET_MAG_DIPOLE,128,1,128,1,0,0,0x18010202
1777262957.566,10523,6,4,ADCS,8,SOLAR,2,COMMAND,81,SET_MAG_DIPOLE,128,1,128,1,0,0,0x18010202
1777262958.658,11616,6,4,ADCS,8,SOLAR,2,COMMAND,81,SET_MAG_DIPOLE,128,1,128,1,0,0,0x18010202
1777262959.761,12707,6,4,ADCS,8,SOLAR,2,COMMAND,81,SET_MAG_DIPOLE,128,1,128,1,0,0,0x18010202
1777262960.843,13801,6,4,ADCS,8,SOLAR,2,COMMAND,81,SET_MAG_DIPOLE,128,1,128,1,0,0,0x18010202
1777262961.936,14893,6,4,ADCS,8,SOLAR,2,COMMAND,81,SET_MAG_DIPOLE,128,1,128,1,0,0,0x18010202
1777262963.043,15979,6,4,ADCS,8,SOLAR,2,COMMAND,81,SET_MAG_DIPOLE,128,1,128,1,0,0,0x18010202
1777262964.118,17076,6,4,ADCS,8,SOLAR,2,COMMAND,81,SET_MAG_DIPOLE,128,1,128,1,0,0,0x18010202
1777262965.124,18080,6,4,ADCS,8,SOLAR,2,COMMAND,81,SET_MAG_DIPOLE,128,1,128,1,0,0,0x18010202
1777262966.157,19113,6,4,ADCS,8,SOLAR,2,COMMAND,81,SET_MAG_DIPOLE,128,1,128,1,0,0,0x18010202
1777262967.252,20210,6,4,ADCS,8,SOLAR,2,COMMAND,81,SET_MAG_DIPOLE,128,1,128,1,0,0,0x18010202
1777262968.302,21257,6,4,ADCS,8,SOLAR,2,COMMAND,81,SET_MAG_DIPOLE,128,1,128,1,0,0,0x18010202
1777262969.334,22293,6,4,ADCS,8,SOLAR,2,COMMAND,81,SET_MAG_DIPOLE,128,1,128,1,0,0,0x18010202
1777262970.435,23392,6,4,ADCS,8,SOLAR,2,COMMAND,81,SET_MAG_DIPOLE,128,1,128,1,0,0,0x18010202
1777262971.460,24415,6,4,ADCS,8,SOLAR,2,COMMAND,81,SET_MAG_DIPOLE,128,1,128,1,0,0,0x18010202
1777262972.567,25511,6,4,ADCS,8,SOLAR,2,COMMAND,81,SET_MAG_DIPOLE,128,1,128,1,0,0,0x18010202
1777262973.647,26603,6,4,ADCS,8,SOLAR,2,COMMAND,81,SET_MAG_DIPOLE,128,1,128,1,0,0,0x18010202
1777262974.741,27696,6,4,ADCS,8,SOLAR,2,COMMAND,81,SET_MAG_DIPOLE,128,1,128,1,0,0,0x18010202
1777262975.842,28787,6,4,ADCS,8,SOLAR,2,COMMAND,81,SET_MAG_DIPOLE,128,1,128,1,0,0,0x18010202
1777262976.916,29873,6,4,ADCS,8,SOLAR,2,COMMAND,81,SET_MAG_DIPOLE,128,1,128,1,0,0,0x18010202
1777262978.011,30969,6,4,ADCS,8,SOLAR,2,COMMAND,81,SET_MAG_DIPOLE,128,1,128,1,0,0,0x18010202
1777262979.043,31998,6,4,ADCS,8,SOLAR,2,COMMAND,81,SET_MAG_DIPOLE,128,1,128,1,0,0,0x18010202
1777262980.146,33057,6,4,ADCS,8,SOLAR,2,COMMAND,81,SET_MAG_DIPOLE,128,1,128,1,0,0,0x18010202
1777262981.103,34060,6,4,ADCS,8,SOLAR,2,COMMAND,81,SET_MAG_DIPOLE,128,1,128,1,0,0,0x18010202
1777262982.194,35144,6,4,ADCS,8,SOLAR,2,COMMAND,81,SET_MAG_DIPOLE,128,1,128,1,0,0,0x18010202
1777262983.215,36152,6,4,ADCS,8,SOLAR,2,COMMAND,81,SET_MAG_DIPOLE,128,1,128,1,0,0,0x18010202
1777262984.262,37219,6,4,ADCS,8,SOLAR,2,COMMAND,81,SET_MAG_DIPOLE,128,1,128,1,0,0,0x18010202
1777262985.263,38219,6,4,ADCS,8,SOLAR,2,COMMAND,81,SET_MAG_DIPOLE,128,1,128,1,0,0,0x18010202
1777262986.322,39279,6,4,ADCS,8,SOLAR,2,COMMAND,81,SET_MAG_DIPOLE,128,1,128,1,0,0,0x18010202
1777262987.341,40297,6,4,ADCS,8,SOLAR,2,COMMAND,81,SET_MAG_DIPOLE,128,1,128,1,0,0,0x18010202
1777262988.437,41391,6,4,ADCS,8,SOLAR,2,COMMAND,81,SET_MAG_DIPOLE,128,1,128,1,0,0,0x18010202
1777262988.301,42435,6,4,ADCS,8,SOLAR,2,COMMAND,81,SET_MAG_DIPOLE,128,1,128,1,0,0,0x18010202
1777262989.321,43477,6,4,ADCS,8,SOLAR,2,COMMAND,81,SET_MAG_DIPOLE,128,1,128,1,0,0,0x18010202
1777262990.363,44520,6,4,ADCS,8,SOLAR,2,COMMAND,81,SET_MAG_DIPOLE,128,1,128,1,0,0,0x18010202
1777262991.450,45562,6,4,ADCS,8,SOLAR,2,COMMAND,81,SET_MAG_DIPOLE,128,1,128,1,0,0,0x18010202
1777262992.459,46604,6,4,ADCS,8,SOLAR,2,COMMAND,81,SET_MAG_DIPOLE,128,1,128,1,0,0,0x18010202
