rx_wall_time,timestamp_ms,priority,src,src_name,dst,dst_name,cls,cls_name,opcode,opcode_name,p2,p3,p4,p5,p6,p7,can_id_hex
1777178440.786,2299621,4,4,ADCS,255,BROADCAST,0,HEARTBEAT,48,HEARTBEAT,0,0,0,0,0,0,0x10013FC0
1777178441.339,2300716,4,4,ADCS,255,BROADCAST,0,HEARTBEAT,48,HEARTBEAT,0,0,0,0,0,0,0x10013FC0
1777178442.434,2301810,4,4,ADCS,255,BROADCAST,0,HEARTBEAT,48,HEARTBEAT,0,0,0,0,0,0,0x10013FC0
1777178443.537,2302904,4,4,ADCS,255,BROADCAST,0,HEARTBEAT,48,HEARTBEAT,0,0,0,0,0,0,0x10013FC0
1777178444.621,2303998,4,4,ADCS,255,BROADCAST,0,HEARTBEAT,48,HEARTBEAT,0,0,0,0,0,0,0x10013FC0
1777178445.715,2305092,4,4,ADCS,255,BROADCAST,0,HEARTBEAT,48,HEARTBEAT,0,0,0,0,0,0,0x10013FC0
1777178446.826,2306186,4,4,ADCS,255,BROADCAST,0,HEARTBEAT,48,HEARTBEAT,0,0,0,0,0,0,0x10013FC0
1777178447.903,2307280,4,4,ADCS,255,BROADCAST,0,HEARTBEAT,48,HEARTBEAT,0,0,0,0,0,0,0x10013FC0
1777178448.997,2308374,4,4,ADCS,255,BROADCAST,0,HEARTBEAT,48,HEARTBEAT,0,0,0,0,0,0,0x10013FC0
1777178450.103,2309468,4,4,ADCS,255,BROADCAST,0,HEARTBEAT,48,HEARTBEAT,0,0,0,0,0,0,0x10013FC0
1777178451.185,2310562,4,4,ADCS,255,BROADCAST,0,HEARTBEAT,48,HEARTBEAT,0,0,0,0,0,0,0x10013FC0
1777178452.279,2311657,4,4,ADCS,255,BROADCAST,0,HEARTBEAT,48,HEARTBEAT,0,0,0,0,0,0,0x10013FC0
1777178453.373,2312751,4,4,ADCS,255,BROADCAST,0,HEARTBEAT,48,HEARTBEAT,0,0,0,0,0,0,0x10013FC0
1777178454.505,2313845,4,4,ADCS,255,BROADCAST,0,HEARTBEAT,48,HEARTBEAT,0,0,0,0,0,0,0x10013FC0
1777178455.561,2314939,4,4,ADCS,255,BROADCAST,0,HEARTBEAT,48,HEARTBEAT,0,0,0,0,0,0,0x10013FC0
1777178456.656,2316033,4,4,ADCS,255,BROADCAST,0,HEARTBEAT,48,HEARTBEAT,0,0,0,0,0,0,0x10013FC0
1777178457.778,2317127,4,4,ADCS,255,BROADCAST,0,HEARTBEAT,48,HEARTBEAT,0,0,0,0,0,0,0x10013FC0
1777178458.844,2318221,4,4,ADCS,255,BROADCAST,0,HEARTBEAT,48,HEARTBEAT,0,0,0,0,0,0,0x10013FC0
1777178459.938,2319316,4,4,ADCS,255,BROADCAST,0,HEARTBEAT,48,HEARTBEAT,0,0,0,0,0,0,0x10013FC0
1777178461.059,2320410,4,4,ADCS,255,BROADCAST,0,HEARTBEAT,48,HEARTBEAT,0,0,0,0,0,0,0x10013FC0
1777178462.127,2321504,4,4,ADCS,255,BROADCAST,0,HEARTBEAT,48,HEARTBEAT,0,0,0,0,0,0,0x10013FC0
1777178463.221,2322598,4,4,ADCS,255,BROADCAST,0,HEARTBEAT,48,HEARTBEAT,0,0,0,0,0,0,0x10013FC0
1777178464.332,2323692,4,4,ADCS,255,BROADCAST,0,HEARTBEAT,48,HEARTBEAT,0,0,0,0,0,0,0x10013FC0
1777178465.409,2324786,4,4,ADCS,255,BROADCAST,0,HEARTBEAT,48,HEARTBEAT,0,0,0,0,0,0,0x10013FC0
1777178466.503,2325880,4,4,ADCS,255,BROADCAST,0,HEARTBEAT,48,HEARTBEAT,0,0,0,0,0,0,0x10013FC0
1777178467.611,2326975,4,4,ADCS,255,BROADCAST,0,HEARTBEAT,48,HEARTBEAT,0,0,0,0,0,0,0x10013FC0
1777178468.691,2328069,4,4,ADCS,255,BROADCAST,0,HEARTBEAT,48,HEARTBEAT,0,0,0,0,0,0,0x10013FC0
1777178469.786,2329163,4,4,ADCS,255,BROADCAST,0,HEARTBEAT,48,HEARTBEAT,0,0,0,0,0,0,0x10013FC0
1777178470.888,2330257,4,4,ADCS,255,BROADCAST,0,HEARTBEAT,48,HEARTBEAT,0,0,0,0,0,0,0x10013FC0
1777178471.974,2331351,4,4,ADCS,255,BROADCAST,0,HEARTBEAT,48,HEARTBEAT,0,0,0,0,0,0,0x10013FC0
1777178473.068,2332445,4,4,ADCS,255,BROADCAST,0,HEARTBEAT,48,HEARTBEAT,0,0,0,0,0,0,0x10013FC0
1777178474.163,2333539,4,4,ADCS,255,BROADCAST,0,HEARTBEAT,48,HEARTBEAT,0,0,0,0,0,0,0x10013FC0
1777178475.292,2334633,4,4,ADCS,255,BROADCAST,0,HEARTBEAT,48,HEARTBEAT,0,0,0,0,0,0,0x10013FC0
1777178476.350,2335727,4,4,ADCS,255,BROADCAST,0,HEARTBEAT,48,HEARTBEAT,0,0,0,0,0,0,0x10013FC0
1777178477.444,2336821,4,4,ADCS,255,BROADCAST,0,HEARTBEAT,48,HEARTBEAT,0,0,0,0,0,0,0x10013FC0
1777178478.566,2337916,4,4,ADCS,255,BROADCAST,0,HEARTBEAT,48,HEARTBEAT,0,0,0,0,0,0,0x10013FC0
1777178479.633,2339010,4,4,ADCS,255,BROADCAST,0,HEARTBEAT,48,HEARTBEAT,0,0,0,0,0,0,0x10013FC0
1777178480.726,2340104,4,4,ADCS,255,BROADCAST,0,HEARTBEAT,48,HEARTBEAT,0,0,0,0,0,0,0x10013FC0
1777178481.846,2341198,4,4,ADCS,255,BROADCAST,0,HEARTBEAT,48,HEARTBEAT,0,0,0,0,0,0,0x10013FC0
1777178482.914,2342292,4,4,ADCS,255,BROADCAST,0,HEARTBEAT,48,HEARTBEAT,0,0,0,0,0,0,0x10013FC0
1777178484.010,2343386,4,4,ADCS,255,BROADCAST,0,HEARTBEAT,48,HEARTBEAT,0,0,0,0,0,0,0x10013FC0
1777178485.125,2344480,4,4,ADCS,255,BROADCAST,0,HEARTBEAT,48,HEARTBEAT,0,0,0,0,0,0,0x10013FC0
1777178486.197,2345574,4,4,ADCS,255,BROADCAST,0,HEARTBEAT,48,HEARTBEAT,0,0,0,0,0,0,0x10013FC0
1777178487.291,2346668,4,4,ADCS,255,BROADCAST,0,HEARTBEAT,48,HEARTBEAT,0,0,0,0,0,0,0x10013FC0
1777178488.398,2347762,4,4,ADCS,255,BROADCAST,0,HEARTBEAT,48,HEARTBEAT,0,0,0,0,0,0,0x10013FC0
1777178489.479,2348856,4,4,ADCS,255,BROADCAST,0,HEARTBEAT,48,HEARTBEAT,0,0,0,0,0,0,0x10013FC0
1777178490.573,2349951,4,4,ADCS,255,BROADCAST,0,HEARTBEAT,48,HEARTBEAT,0,0,0,0,0,0,0x10013FC0
1777178491.671,2351045,4,4,ADCS,255,BROADCAST,0,HEARTBEAT,48,HEARTBEAT,0,0,0,0,0,0,0x10013FC0
1777178492.761,2352139,4,4,ADCS,255,BROADCAST,0,HEARTBEAT,48,HEARTBEAT,0,0,0,0,0,0,0x10013FC0
1777178493.856,2353233,4,4,ADCS,255,BROADCAST,0,HEARTBEAT,48,HEARTBEAT,0,0,0,0,0,0,0x10013FC0
1777178494.950,2354327,4,4,ADCS,255,BROADCAST,0,HEARTBEAT,48,HEARTBEAT,0,0,0,0,0,0,0x10013FC0
1777178496.091,2355422,4,4,ADCS,255,BROADCAST,0,HEARTBEAT,48,HEARTBEAT,0,0,0,0,0,0,0x10013FC0
1777178497.138,2356516,4,4,ADCS,255,BROADCAST,0,HEARTBEAT,48,HEARTBEAT,0,0,0,0,0,0,0x10013FC0
1777178498.232,2357610,4,4,ADCS,255,BROADCAST,0,HEARTBEAT,48,HEARTBEAT,0,0,0,0,0,0,0x10013FC0
1777178499.349,2358704,4,4,ADCS,255,BROADCAST,0,HEARTBEAT,48,HEARTBEAT,0,0,0,0,0,0,0x10013FC0
1777178500.422,2359798,4,4,ADCS,255,BROADCAST,0,HEARTBEAT,48,HEARTBEAT,0,0,0,0,0,0,0x10013FC0
1777178501.515,2360892,4,4,ADCS,255,BROADCAST,0,HEARTBEAT,48,HEARTBEAT,0,0,0,0,0,0,0x10013FC0
1777178502.636,2361987,4,4,ADCS,255,BROADCAST,0,HEARTBEAT,48,HEARTBEAT,0,0,0,0,0,0,0x10013FC0
1777178503.703,2363081,4,4,ADCS,255,BROADCAST,0,HEARTBEAT,48,HEARTBEAT,0,0,0,0,0,0,0x10013FC0
1777178504.797,2364175,4,4,ADCS,255,BROADCAST,0,HEARTBEAT,48,HEARTBEAT,0,0,0,0,0,0,0x10013FC0
1777178505.911,2365269,4,4,ADCS,255,BROADCAST,0,HEARTBEAT,48,HEARTBEAT,0,0,0,0,0,0,0x10013FC0
1777178506.986,2366364,4,4,ADCS,255,BROADCAST,0,HEARTBEAT,48,HEARTBEAT,0,0,0,0,0,0,0x10013FC0
1777178508.084,2367458,4,4,ADCS,255,BROADCAST,0,HEARTBEAT,48,HEARTBEAT,0,0,0,0,0,0,0x10013FC0
1777178509.189,2368552,4,4,ADCS,255,BROADCAST,0,HEARTBEAT,48,HEARTBEAT,0,0,0,0,0,0,0x10013FC0
1777178510.269,2369646,4,4,ADCS,255,BROADCAST,0,HEARTBEAT,48,HEARTBEAT,0,0,0,0,0,0,0x10013FC0
1777178511.363,2370741,4,4,ADCS,255,BROADCAST,0,HEARTBEAT,48,HEARTBEAT,0,0,0,0,0,0,0x10013FC0
1777178512.466,2371835,4,4,ADCS,255,BROADCAST,0,HEARTBEAT,48,HEARTBEAT,0,0,0,0,0,0,0x10013FC0
1777178513.591,2372929,4,4,ADCS,255,BROADCAST,0,HEARTBEAT,48,HEARTBEAT,0,0,0,0,0,0,0x10013FC0
1777178514.648,2374023,4,4,ADCS,255,BROADCAST,0,HEARTBEAT,48,HEARTBEAT,0,0,0,0,0,0,0x10013FC0
1777178515.744,2375118,4,4,ADCS,255,BROADCAST,0,HEARTBEAT,48,HEARTBEAT,0,0,0,0,0,0,0x10013FC0
1777178516.871,2376212,4,4,ADCS,255,BROADCAST,0,HEARTBEAT,48,HEARTBEAT,0,0,0,0,0,0,0x10013FC0
1777178517.929,2377306,4,4,ADCS,255,BROADCAST,0,HEARTBEAT,48,HEARTBEAT,0,0,0,0,0,0,0x10013FC0
1777178519.023,2378401,4,4,ADCS,255,BROADCAST,0,HEARTBEAT,48,HEARTBEAT,0,0,0,0,0,0,0x10013FC0
1777178520.143,2379495,4,4,ADCS,255,BROADCAST,0,HEARTBEAT,48,HEARTBEAT,0,0,0,0,0,0,0x10013FC0
1777178521.207,2380589,4,4,ADCS,255,BROADCAST,0,HEARTBEAT,48,HEARTBEAT,0,0,0,0,0,0,0x10013FC0
1777178522.306,2381683,4,4,ADCS,255,BROADCAST,0,HEARTBEAT,48,HEARTBEAT,0,0,0,0,0,0,0x10013FC0
1777178523.415,2382778,4,4,ADCS,255,BROADCAST,0,HEARTBEAT,48,HEARTBEAT,0,0,0,0,0,0,0x10013FC0
1777178524.494,2383872,4,4,ADCS,255,BROADCAST,0,HEARTBEAT,48,HEARTBEAT,0,0,0,0,0,0,0x10013FC0
1777178525.589,2384966,4,4,ADCS,255,BROADCAST,0,HEARTBEAT,48,HEARTBEAT,0,0,0,0,0,0,0x10013FC0
1777178526.700,2386060,4,4,ADCS,255,BROADCAST,0,HEARTBEAT,48,HEARTBEAT,0,0,0,0,0,0,0x10013FC0
1777178527.777,2387155,4,4,ADCS,255,BROADCAST,0,HEARTBEAT,48,HEARTBEAT,0,0,0,0,0,0,0x10013FC0
1777178528.871,2388249,4,4,ADCS,255,BROADCAST,0,HEARTBEAT,48,HEARTBEAT,0,0,0,0,0,0,0x10013FC0
1777178529.975,2389343,4,4,ADCS,255,BROADCAST,0,HEARTBEAT,48,HEARTBEAT,0,0,0,0,0,0,0x10013FC0
1777178531.060,2390437,4,4,ADCS,255,BROADCAST,0,HEARTBEAT,48,HEARTBEAT,0,0,0,0,0,0,0x10013FC0
1777178532.154,2391532,4,4,ADCS,255,BROADCAST,0,HEARTBEAT,48,HEARTBEAT,0,0,0,0,0,0,0x10013FC0
1777178533.249,2392626,4,4,ADCS,255,BROADCAST,0,HEARTBEAT,48,HEARTBEAT,0,0,0,0,0,0,0x10013FC0
1777178534.374,2393720,4,4,ADCS,255,BROADCAST,0,HEARTBEAT,48,HEARTBEAT,0,0,0,0,0,0,0x10013FC0
1777178535.437,2394815,4,4,ADCS,255,BROADCAST,0,HEARTBEAT,48,HEARTBEAT,0,0,0,0,0,0,0x10013FC0
1777178536.531,2395909,4,4,ADCS,255,BROADCAST,0,HEARTBEAT,48,HEARTBEAT,0,0,0,0,0,0,0x10013FC0
1777178537.657,2397003,4,4,ADCS,255,BROADCAST,0,HEARTBEAT,48,HEARTBEAT,0,0,0,0,0,0,0x10013FC0
1777178538.720,2398097,4,4,ADCS,255,BROADCAST,0,HEARTBEAT,48,HEARTBEAT,0,0,0,0,0,0,0x10013FC0
1777178539.816,2399192,4,4,ADCS,255,BROADCAST,0,HEARTBEAT,48,HEARTBEAT,0,0,0,0,0,0,0x10013FC0
1777178540.931,2400286,4,4,ADCS,255,BROADCAST,0,HEARTBEAT,48,HEARTBEAT,0,0,0,0,0,0,0x10013FC0
1777178542.003,2401380,4,4,ADCS,255,BROADCAST,0,HEARTBEAT,48,HEARTBEAT,0,0,0,0,0,0,0x10013FC0
1777178543.097,2402474,4,4,ADCS,255,BROADCAST,0,HEARTBEAT,48,HEARTBEAT,0,0,0,0,0,0,0x10013FC0
1777178544.212,2403569,4,4,ADCS,255,BROADCAST,0,HEARTBEAT,48,HEARTBEAT,0,0,0,0,0,0,0x10013FC0
1777178545.286,2404663,4,4,ADCS,255,BROADCAST,0,HEARTBEAT,48,HEARTBEAT,0,0,0,0,0,0,0x10013FC0
1777178546.380,2405757,4,4,ADCS,255,BROADCAST,0,HEARTBEAT,48,HEARTBEAT,0,0,0,0,0,0,0x10013FC0
1777178547.486,2406852,4,4,ADCS,255,BROADCAST,0,HEARTBEAT,48,HEARTBEAT,0,0,0,0,0,0,0x10013FC0
1777178548.569,2407946,4,4,ADCS,255,BROADCAST,0,HEARTBEAT,48,HEARTBEAT,0,0,0,0,0,0,0x10013FC0
1777178549.663,2409040,4,4,ADCS,255,BROADCAST,0,HEARTBEAT,48,HEARTBEAT,0,0,0,0,0,0,0x10013FC0
1777178550.760,2410135,4,4,ADCS,255,BROADCAST,0,HEARTBEAT,48,HEARTBEAT,0,0,0,0,0,0,0x10013FC0
1777178551.892,2411229,4,4,ADCS,255,BROADCAST,0,HEARTBEAT,48,HEARTBEAT,0,0,0,0,0,0,0x10013FC0
1777178552.945,2412323,4,4,ADCS,255,BROADCAST,0,HEARTBEAT,48,HEARTBEAT,0,0,0,0,0,0,0x10013FC0
1777178554.040,2413417,4,4,ADCS,255,BROADCAST,0,HEARTBEAT,48,HEARTBEAT,0,0,0,0,0,0,0x10013FC0
1777178555.157,2414511,4,4,ADCS,255,BROADCAST,0,HEARTBEAT,48,HEARTBEAT,0,0,0,0,0,0,0x10013FC0
1777178556.228,2415606,4,4,ADCS,255,BROADCAST,0,HEARTBEAT,48,HEARTBEAT,0,0,0,0,0,0,0x10013FC0
1777178557.323,2416700,4,4,ADCS,255,BROADCAST,0,HEARTBEAT,48,HEARTBEAT,0,0,0,0,0,0,0x10013FC0
1777178558.439,2417794,4,4,ADCS,255,BROADCAST,0,HEARTBEAT,48,HEARTBEAT,0,0,0,0,0,0,0x10013FC0
1777178559.511,2418888,4,4,ADCS,255,BROADCAST,0,HEARTBEAT,48,HEARTBEAT,0,0,0,0,0,0,0x10013FC0
1777178560.605,2419982,4,4,ADCS,255,BROADCAST,0,HEARTBEAT,48,HEARTBEAT,0,0,0,0,0,0,0x10013FC0
1777178561.720,2421077,4,4,ADCS,255,BROADCAST,0,HEARTBEAT,48,HEARTBEAT,0,0,0,0,0,0,0x10013FC0
1777178562.793,2422171,4,4,ADCS,255,BROADCAST,0,HEARTBEAT,48,HEARTBEAT,0,0,0,0,0,0,0x10013FC0
1777178563.888,2423265,4,4,ADCS,255,BROADCAST,0,HEARTBEAT,48,HEARTBEAT,0,0,0,0,0,0,0x10013FC0
1777178564.995,2424359,4,4,ADCS,255,BROADCAST,0,HEARTBEAT,48,HEARTBEAT,0,0,0,0,0,0,0x10013FC0
1777178566.076,2425454,4,4,ADCS,255,BROADCAST,0,HEARTBEAT,48,HEARTBEAT,0,0,0,0,0,0,0x10013FC0
1777178567.170,2426548,4,4,ADCS,255,BROADCAST,0,HEARTBEAT,48,HEARTBEAT,0,0,0,0,0,0,0x10013FC0
1777178568.276,2427642,4,4,ADCS,255,BROADCAST,0,HEARTBEAT,48,HEARTBEAT,0,0,0,0,0,0,0x10013FC0
1777178569.393,2428736,4,4,ADCS,255,BROADCAST,0,HEARTBEAT,48,HEARTBEAT,0,0,0,0,0,0,0x10013FC0
1777178570.456,2429831,4,4,ADCS,255,BROADCAST,0,HEARTBEAT,48,HEARTBEAT,0,0,0,0,0,0,0x10013FC0
1777178571.548,2430925,4,4,ADCS,255,BROADCAST,0,HEARTBEAT,48,HEARTBEAT,0,0,0,0,0,0,0x10013FC0
1777178572.701,2432019,4,4,ADCS,255,BROADCAST,0,HEARTBEAT,48,HEARTBEAT,0,0,0,0,0,0,0x10013FC0
1777178573.736,2433113,4,4,ADCS,255,BROADCAST,0,HEARTBEAT,48,HEARTBEAT,0,0,0,0,0,0,0x10013FC0
1777178574.830,2434208,4,4,ADCS,255,BROADCAST,0,HEARTBEAT,48,HEARTBEAT,0,0,0,0,0,0,0x10013FC0
1777178575.972,2435302,4,4,ADCS,255,BROADCAST,0,HEARTBEAT,48,HEARTBEAT,0,0,0,0,0,0,0x10013FC0
1777178577.019,2436397,4,4,ADCS,255,BROADCAST,0,HEARTBEAT,48,HEARTBEAT,0,0,0,0,0,0,0x10013FC0
1777178578.113,2437491,4,4,ADCS,255,BROADCAST,0,HEARTBEAT,48,HEARTBEAT,0,0,0,0,0,0,0x10013FC0
1777178579.229,2438585,4,4,ADCS,255,BROADCAST,0,HEARTBEAT,48,HEARTBEAT,0,0,0,0,0,0,0x10013FC0
1777178580.302,2439680,4,4,ADCS,255,BROADCAST,0,HEARTBEAT,48,HEARTBEAT,0,0,0,0,0,0,0x10013FC0
1777178581.387,2440774,4,4,ADCS,255,BROADCAST,0,HEARTBEAT,48,HEARTBEAT,0,0,0,0,0,0,0x10013FC0
1777178582.531,2441868,4,4,ADCS,255,BROADCAST,0,HEARTBEAT,48,HEARTBEAT,0,0,0,0,0,0,0x10013FC0
1777178583.585,2442962,4,4,ADCS,255,BROADCAST,0,HEARTBEAT,48,HEARTBEAT,0,0,0,0,0,0,0x10013FC0
1777178584.680,2444057,4,4,ADCS,255,BROADCAST,0,HEARTBEAT,48,HEARTBEAT,0,0,0,0,0,0,0x10013FC0
1777178585.786,2445151,4,4,ADCS,255,BROADCAST,0,HEARTBEAT,48,HEARTBEAT,0,0,0,0,0,0,0x10013FC0
1777178586.868,2446245,4,4,ADCS,255,BROADCAST,0,HEARTBEAT,48,HEARTBEAT,0,0,0,0,0,0,0x10013FC0
1777178587.964,2447340,4,4,ADCS,255,BROADCAST,0,HEARTBEAT,48,HEARTBEAT,0,0,0,0,0,0,0x10013FC0
1777178589.060,2448434,4,4,ADCS,255,BROADCAST,0,HEARTBEAT,48,HEARTBEAT,0,0,0,0,0,0,0x10013FC0
1777178590.187,2449528,4,4,ADCS,255,BROADCAST,0,HEARTBEAT,48,HEARTBEAT,0,0,0,0,0,0,0x10013FC0
1777178591.245,2450622,4,4,ADCS,255,BROADCAST,0,HEARTBEAT,48,HEARTBEAT,0,0,0,0,0,0,0x10013FC0
1777178592.340,2451717,4,4,ADCS,255,BROADCAST,0,HEARTBEAT,48,HEARTBEAT,0,0,0,0,0,0,0x10013FC0
1777178593.463,2452811,4,4,ADCS,255,BROADCAST,0,HEARTBEAT,48,HEARTBEAT,0,0,0,0,0,0,0x10013FC0
1777178594.528,2453905,4,4,ADCS,255,BROADCAST,0,HEARTBEAT,48,HEARTBEAT,0,0,0,0,0,0,0x10013FC0
1777178595.622,2454999,4,4,ADCS,255,BROADCAST,0,HEARTBEAT,48,HEARTBEAT,0,0,0,0,0,0,0x10013FC0
1777178596.742,2456094,4,4,ADCS,255,BROADCAST,0,HEARTBEAT,48,HEARTBEAT,0,0,0,0,0,0,0x10013FC0
1777178597.811,2457188,4,4,ADCS,255,BROADCAST,0,HEARTBEAT,48,HEARTBEAT,0,0,0,0,0,0,0x10013FC0
1777178598.905,2458282,4,4,ADCS,255,BROADCAST,0,HEARTBEAT,48,HEARTBEAT,0,0,0,0,0,0,0x10013FC0
1777178600.012,2459376,4,4,ADCS,255,BROADCAST,0,HEARTBEAT,48,HEARTBEAT,0,0,0,0,0,0,0x10013FC0
1777178601.094,2460471,4,4,ADCS,255,BROADCAST,0,HEARTBEAT,48,HEARTBEAT,0,0,0,0,0,0,0x10013FC0
1777178602.188,2461565,4,4,ADCS,255,BROADCAST,0,HEARTBEAT,48,HEARTBEAT,0,0,0,0,0,0,0x10013FC0
1777178603.294,2462659,4,4,ADCS,255,BROADCAST,0,HEARTBEAT,48,HEARTBEAT,0,0,0,0,0,0,0x10013FC0
1777178604.377,2463754,4,4,ADCS,255,BROADCAST,0,HEARTBEAT,48,HEARTBEAT,0,0,0,0,0,0,0x10013FC0
1777178605.471,2464848,4,4,ADCS,255,BROADCAST,0,HEARTBEAT,48,HEARTBEAT,0,0,0,0,0,0,0x10013FC0
1777178606.566,2465942,4,4,ADCS,255,BROADCAST,0,HEARTBEAT,48,HEARTBEAT,0,0,0,0,0,0,0x10013FC0
1777178607.699,2467037,4,4,ADCS,255,BROADCAST,0,HEARTBEAT,48,HEARTBEAT,0,0,0,0,0,0,0x10013FC0
1777178608.754,2468131,4,4,ADCS,255,BROADCAST,0,HEARTBEAT,48,HEARTBEAT,0,0,0,0,0,0,0x10013FC0
1777178609.848,2469225,4,4,ADCS,255,BROADCAST,0,HEARTBEAT,48,HEARTBEAT,0,0,0,0,0,0,0x10013FC0
1777178610.982,2470320,4,4,ADCS,255,BROADCAST,0,HEARTBEAT,48,HEARTBEAT,0,0,0,0,0,0,0x10013FC0
1777178612.037,2471414,4,4,ADCS,255,BROADCAST,0,HEARTBEAT,48,HEARTBEAT,0,0,0,0,0,0,0x10013FC0
1777178613.145,2472508,4,4,ADCS,255,BROADCAST,0,HEARTBEAT,48,HEARTBEAT,0,0,0,0,0,0,0x10013FC0
1777178614.253,2473603,4,4,ADCS,255,BROADCAST,0,HEARTBEAT,48,HEARTBEAT,0,0,0,0,0,0,0x10013FC0
1777178615.320,2474697,4,4,ADCS,255,BROADCAST,0,HEARTBEAT,48,HEARTBEAT,0,0,0,0,0,0,0x10013FC0
1777178616.414,2475791,4,4,ADCS,255,BROADCAST,0,HEARTBEAT,48,HEARTBEAT,0,0,0,0,0,0,0x10013FC0
1777178617.529,2476886,4,4,ADCS,255,BROADCAST,0,HEARTBEAT,48,HEARTBEAT,0,0,0,0,0,0,0x10013FC0
1777178618.603,2477980,4,4,ADCS,255,BROADCAST,0,HEARTBEAT,48,HEARTBEAT,0,0,0,0,0,0,0x10013FC0
1777178619.698,2479075,4,4,ADCS,255,BROADCAST,0,HEARTBEAT,48,HEARTBEAT,0,0,0,0,0,0,0x10013FC0
1777178620.800,2480169,4,4,ADCS,255,BROADCAST,0,HEARTBEAT,48,HEARTBEAT,0,0,0,0,0,0,0x10013FC0
1777178621.886,2481263,4,4,ADCS,255,BROADCAST,0,HEARTBEAT,48,HEARTBEAT,0,0,0,0,0,0,0x10013FC0
1777178622.980,2482358,4,4,ADCS,255,BROADCAST,0,HEARTBEAT,48,HEARTBEAT,0,0,0,0,0,0,0x10013FC0
1777178624.083,2483452,4,4,ADCS,255,BROADCAST,0,HEARTBEAT,48,HEARTBEAT,0,0,0,0,0,0,0x10013FC0
1777178625.203,2484546,4,4,ADCS,255,BROADCAST,0,HEARTBEAT,48,HEARTBEAT,0,0,0,0,0,0,0x10013FC0
1777178626.263,2485641,4,4,ADCS,255,BROADCAST,0,HEARTBEAT,48,HEARTBEAT,0,0,0,0,0,0,0x10013FC0
1777178627.359,2486735,4,4,ADCS,255,BROADCAST,0,HEARTBEAT,48,HEARTBEAT,0,0,0,0,0,0,0x10013FC0
1777178628.486,2487829,4,4,ADCS,255,BROADCAST,0,HEARTBEAT,48,HEARTBEAT,0,0,0,0,0,0,0x10013FC0
1777178629.547,2488924,4,4,ADCS,255,BROADCAST,0,HEARTBEAT,48,HEARTBEAT,0,0,0,0,0,0,0x10013FC0
1777178630.641,2490018,4,4,ADCS,255,BROADCAST,0,HEARTBEAT,48,HEARTBEAT,0,0,0,0,0,0,0x10013FC0
1777178631.762,2491112,4,4,ADCS,255,BROADCAST,0,HEARTBEAT,48,HEARTBEAT,0,0,0,0,0,0,0x10013FC0
1777178632.830,2492206,4,4,ADCS,255,BROADCAST,0,HEARTBEAT,48,HEARTBEAT,0,0,0,0,0,0,0x10013FC0
1777178633.925,2493301,4,4,ADCS,255,BROADCAST,0,HEARTBEAT,48,HEARTBEAT,0,0,0,0,0,0,0x10013FC0
1777178635.043,2494395,4,4,ADCS,255,BROADCAST,0,HEARTBEAT,48,HEARTBEAT,0,0,0,0,0,0,0x10013FC0
1777178636.112,2495489,4,4,ADCS,255,BROADCAST,0,HEARTBEAT,48,HEARTBEAT,0,0,0,0,0,0,0x10013FC0
1777178637.206,2496583,4,4,ADCS,255,BROADCAST,0,HEARTBEAT,48,HEARTBEAT,0,0,0,0,0,0,0x10013FC0
1777178638.316,2497678,4,4,ADCS,255,BROADCAST,0,HEARTBEAT,48,HEARTBEAT,0,0,0,0,0,0,0x10013FC0
1777178639.395,2498772,4,4,ADCS,255,BROADCAST,0,HEARTBEAT,48,HEARTBEAT,0,0,0,0,0,0,0x10013FC0
1777178640.490,2499866,4,4,ADCS,255,BROADCAST,0,HEARTBEAT,48,HEARTBEAT,0,0,0,0,0,0,0x10013FC0
1777178641.583,2500961,4,4,ADCS,255,BROADCAST,0,HEARTBEAT,48,HEARTBEAT,0,0,0,0,0,0,0x10013FC0
1777178642.678,2502055,4,4,ADCS,255,BROADCAST,0,HEARTBEAT,48,HEARTBEAT,0,0,0,0,0,0,0x10013FC0
1777178643.774,2503149,4,4,ADCS,255,BROADCAST,0,HEARTBEAT,48,HEARTBEAT,0,0,0,0,0,0,0x10013FC0
1777178644.873,2504243,4,4,ADCS,255,BROADCAST,0,HEARTBEAT,48,HEARTBEAT,0,0,0,0,0,0,0x10013FC0
1777178645.984,2505337,4,4,ADCS,255,BROADCAST,0,HEARTBEAT,48,HEARTBEAT,0,0,0,0,0,0,0x10013FC0
1777178647.054,2506431,4,4,ADCS,255,BROADCAST,0,HEARTBEAT,48,HEARTBEAT,0,0,0,0,0,0,0x10013FC0
1777178648.148,2507526,4,4,ADCS,255,BROADCAST,0,HEARTBEAT,48,HEARTBEAT,0,0,0,0,0,0,0x10013FC0
1777178649.274,2508620,4,4,ADCS,255,BROADCAST,0,HEARTBEAT,48,HEARTBEAT,0,0,0,0,0,0,0x10013FC0
1777178650.336,2509714,4,4,ADCS,255,BROADCAST,0,HEARTBEAT,48,HEARTBEAT,0,0,0,0,0,0,0x10013FC0
1777178651.431,2510808,4,4,ADCS,255,BROADCAST,0,HEARTBEAT,48,HEARTBEAT,0,0,0,0,0,0,0x10013FC0
1777178652.543,2511902,4,4,ADCS,255,BROADCAST,0,HEARTBEAT,48,HEARTBEAT,0,0,0,0,0,0,0x10013FC0
1777178653.619,2512996,4,4,ADCS,255,BROADCAST,0,HEARTBEAT,48,HEARTBEAT,0,0,0,0,0,0,0x10013FC0
1777178654.713,2514090,4,4,ADCS,255,BROADCAST,0,HEARTBEAT,48,HEARTBEAT,0,0,0,0,0,0,0x10013FC0
1777178655.818,2515184,4,4,ADCS,255,BROADCAST,0,HEARTBEAT,48,HEARTBEAT,0,0,0,0,0,0,0x10013FC0
1777178656.905,2516278,4,4,ADCS,255,BROADCAST,0,HEARTBEAT,48,HEARTBEAT,0,0,0,0,0,0,0x10013FC0
1777178657.995,2517373,4,4,ADCS,255,BROADCAST,0,HEARTBEAT,48,HEARTBEAT,0,0,0,0,0,0,0x10013FC0
1777178659.103,2518467,4,4,ADCS,255,BROADCAST,0,HEARTBEAT,48,HEARTBEAT,0,0,0,0,0,0,0x10013FC0
1777178660.184,2519561,4,4,ADCS,255,BROADCAST,0,HEARTBEAT,48,HEARTBEAT,0,0,0,0,0,0,0x10013FC0
1777178661.278,2520655,4,4,ADCS,255,BROADCAST,0,HEARTBEAT,48,HEARTBEAT,0,0,0,0,0,0,0x10013FC0
1777178662.375,2521749,4,4,ADCS,255,BROADCAST,0,HEARTBEAT,48,HEARTBEAT,0,0,0,0,0,0,0x10013FC0
1777178663.502,2522843,4,4,ADCS,255,BROADCAST,0,HEARTBEAT,48,HEARTBEAT,0,0,0,0,0,0,0x10013FC0
1777178664.560,2523937,4,4,ADCS,255,BROADCAST,0,HEARTBEAT,48,HEARTBEAT,0,0,0,0,0,0,0x10013FC0
1777178665.659,2525032,4,4,ADCS,255,BROADCAST,0,HEARTBEAT,48,HEARTBEAT,0,0,0,0,0,0,0x10013FC0
1777178666.785,2526126,4,4,ADCS,255,BROADCAST,0,HEARTBEAT,48,HEARTBEAT,0,0,0,0,0,0,0x10013FC0
1777178667.843,2527220,4,4,ADCS,255,BROADCAST,0,HEARTBEAT,48,HEARTBEAT,0,0,0,0,0,0,0x10013FC0
1777178668.937,2528314,4,4,ADCS,255,BROADCAST,0,HEARTBEAT,48,HEARTBEAT,0,0,0,0,0,0,0x10013FC0
1777178670.060,2529408,4,4,ADCS,255,BROADCAST,0,HEARTBEAT,48,HEARTBEAT,0,0,0,0,0,0,0x10013FC0
1777178671.125,2530502,4,4,ADCS,255,BROADCAST,0,HEARTBEAT,48,HEARTBEAT,0,0,0,0,0,0,0x10013FC0
1777178672.219,2531596,4,4,ADCS,255,BROADCAST,0,HEARTBEAT,48,HEARTBEAT,0,0,0,0,0,0,0x10013FC0
1777178673.332,2532691,4,4,ADCS,255,BROADCAST,0,HEARTBEAT,48,HEARTBEAT,0,0,0,0,0,0,0x10013FC0
1777178674.407,2533785,4,4,ADCS,255,BROADCAST,0,HEARTBEAT,48,HEARTBEAT,0,0,0,0,0,0,0x10013FC0
1777178675.502,2534879,4,4,ADCS,255,BROADCAST,0,HEARTBEAT,48,HEARTBEAT,0,0,0,0,0,0,0x10013FC0
1777178676.614,2535973,4,4,ADCS,255,BROADCAST,0,HEARTBEAT,48,HEARTBEAT,0,0,0,0,0,0,0x10013FC0
1777178677.690,2537067,4,4,ADCS,255,BROADCAST,0,HEARTBEAT,48,HEARTBEAT,0,0,0,0,0,0,0x10013FC0
1777178678.785,2538162,4,4,ADCS,255,BROADCAST,0,HEARTBEAT,48,HEARTBEAT,0,0,0,0,0,0,0x10013FC0
1777178679.890,2539256,4,4,ADCS,255,BROADCAST,0,HEARTBEAT,48,HEARTBEAT,0,0,0,0,0,0,0x10013FC0
1777178680.973,2540350,4,4,ADCS,255,BROADCAST,0,HEARTBEAT,48,HEARTBEAT,0,0,0,0,0,0,0x10013FC0
1777178682.067,2541444,4,4,ADCS,255,BROADCAST,0,HEARTBEAT,48,HEARTBEAT,0,0,0,0,0,0,0x10013FC0
1777178683.169,2542538,4,4,ADCS,255,BROADCAST,0,HEARTBEAT,48,HEARTBEAT,0,0,0,0,0,0,0x10013FC0
1777178684.294,2543632,4,4,ADCS,255,BROADCAST,0,HEARTBEAT,48,HEARTBEAT,0,0,0,0,0,0,0x10013FC0
1777178685.349,2544726,4,4,ADCS,255,BROADCAST,0,HEARTBEAT,48,HEARTBEAT,0,0,0,0,0,0,0x10013FC0
1777178686.443,2545821,4,4,ADCS,255,BROADCAST,0,HEARTBEAT,48,HEARTBEAT,0,0,0,0,0,0,0x10013FC0
1777178687.571,2546915,4,4,ADCS,255,BROADCAST,0,HEARTBEAT,48,HEARTBEAT,0,0,0,0,0,0,0x10013FC0
1777178688.632,2548009,4,4,ADCS,255,BROADCAST,0,HEARTBEAT,48,HEARTBEAT,0,0,0,0,0,0,0x10013FC0
1777178689.726,2549103,4,4,ADCS,255,BROADCAST,0,HEARTBEAT,48,HEARTBEAT,0,0,0,0,0,0,0x10013FC0
1777178690.845,2550197,4,4,ADCS,255,BROADCAST,0,HEARTBEAT,48,HEARTBEAT,0,0,0,0,0,0,0x10013FC0
1777178691.914,2551291,4,4,ADCS,255,BROADCAST,0,HEARTBEAT,48,HEARTBEAT,0,0,0,0,0,0,0x10013FC0
1777178693.009,2552386,4,4,ADCS,255,BROADCAST,0,HEARTBEAT,48,HEARTBEAT,0,0,0,0,0,0,0x10013FC0
1777178694.126,2553480,4,4,ADCS,255,BROADCAST,0,HEARTBEAT,48,HEARTBEAT,0,0,0,0,0,0,0x10013FC0
1777178695.196,2554574,4,4,ADCS,255,BROADCAST,0,HEARTBEAT,48,HEARTBEAT,0,0,0,0,0,0,0x10013FC0
1777178696.291,2555668,4,4,ADCS,255,BROADCAST,0,HEARTBEAT,48,HEARTBEAT,0,0,0,0,0,0,0x10013FC0
1777178697.402,2556762,4,4,ADCS,255,BROADCAST,0,HEARTBEAT,48,HEARTBEAT,0,0,0,0,0,0,0x10013FC0
1777178698.480,2557856,4,4,ADCS,255,BROADCAST,0,HEARTBEAT,48,HEARTBEAT,0,0,0,0,0,0,0x10013FC0
1777178699.573,2558950,4,4,ADCS,255,BROADCAST,0,HEARTBEAT,48,HEARTBEAT,0,0,0,0,0,0,0x10013FC0
1777178700.675,2560045,4,4,ADCS,255,BROADCAST,0,HEARTBEAT,48,HEARTBEAT,0,0,0,0,0,0,0x10013FC0
1777178701.762,2561139,4,4,ADCS,255,BROADCAST,0,HEARTBEAT,48,HEARTBEAT,0,0,0,0,0,0,0x10013FC0
1777178702.856,2562233,4,4,ADCS,255,BROADCAST,0,HEARTBEAT,48,HEARTBEAT,0,0,0,0,0,0,0x10013FC0
1777178703.956,2563327,4,4,ADCS,255,BROADCAST,0,HEARTBEAT,48,HEARTBEAT,0,0,0,0,0,0,0x10013FC0
1777178705.080,2564422,4,4,ADCS,255,BROADCAST,0,HEARTBEAT,48,HEARTBEAT,0,0,0,0,0,0,0x10013FC0
1777178706.139,2565516,4,4,ADCS,255,BROADCAST,0,HEARTBEAT,48,HEARTBEAT,0,0,0,0,0,0,0x10013FC0
1777178707.233,2566610,4,4,ADCS,255,BROADCAST,0,HEARTBEAT,48,HEARTBEAT,0,0,0,0,0,0,0x10013FC0
1777178708.358,2567705,4,4,ADCS,255,BROADCAST,0,HEARTBEAT,48,HEARTBEAT,0,0,0,0,0,0,0x10013FC0
1777178709.422,2568799,4,4,ADCS,255,BROADCAST,0,HEARTBEAT,48,HEARTBEAT,0,0,0,0,0,0,0x10013FC0
1777178710.516,2569893,4,4,ADCS,255,BROADCAST,0,HEARTBEAT,48,HEARTBEAT,0,0,0,0,0,0,0x10013FC0
1777178711.642,2570987,4,4,ADCS,255,BROADCAST,0,HEARTBEAT,48,HEARTBEAT,0,0,0,0,0,0,0x10013FC0
1777178712.704,2572082,4,4,ADCS,255,BROADCAST,0,HEARTBEAT,48,HEARTBEAT,0,0,0,0,0,0,0x10013FC0
1777178713.799,2573176,4,4,ADCS,255,BROADCAST,0,HEARTBEAT,48,HEARTBEAT,0,0,0,0,0,0,0x10013FC0
1777178714.912,2574270,4,4,ADCS,255,BROADCAST,0,HEARTBEAT,48,HEARTBEAT,0,0,0,0,0,0,0x10013FC0
1777178715.988,2575364,4,4,ADCS,255,BROADCAST,0,HEARTBEAT,48,HEARTBEAT,0,0,0,0,0,0,0x10013FC0
1777178717.082,2576459,4,4,ADCS,255,BROADCAST,0,HEARTBEAT,48,HEARTBEAT,0,0,0,0,0,0,0x10013FC0
1777178718.192,2577553,4,4,ADCS,255,BROADCAST,0,HEARTBEAT,48,HEARTBEAT,0,0,0,0,0,0,0x10013FC0
1777178719.270,2578647,4,4,ADCS,255,BROADCAST,0,HEARTBEAT,48,HEARTBEAT,0,0,0,0,0,0,0x10013FC0
1777178720.365,2579741,4,4,ADCS,255,BROADCAST,0,HEARTBEAT,48,HEARTBEAT,0,0,0,0,0,0,0x10013FC0
1777178721.462,2580836,4,4,ADCS,255,BROADCAST,0,HEARTBEAT,48,HEARTBEAT,0,0,0,0,0,0,0x10013FC0
1777178722.584,2581930,4,4,ADCS,255,BROADCAST,0,HEARTBEAT,48,HEARTBEAT,0,0,0,0,0,0,0x10013FC0
1777178723.648,2583024,4,4,ADCS,255,BROADCAST,0,HEARTBEAT,48,HEARTBEAT,0,0,0,0,0,0,0x10013FC0
1777178724.742,2584119,4,4,ADCS,255,BROADCAST,0,HEARTBEAT,48,HEARTBEAT,0,0,0,0,0,0,0x10013FC0
1777178725.868,2585213,4,4,ADCS,255,BROADCAST,0,HEARTBEAT,48,HEARTBEAT,0,0,0,0,0,0,0x10013FC0
1777178726.930,2586307,4,4,ADCS,255,BROADCAST,0,HEARTBEAT,48,HEARTBEAT,0,0,0,0,0,0,0x10013FC0
1777178728.035,2587402,4,4,ADCS,255,BROADCAST,0,HEARTBEAT,48,HEARTBEAT,0,0,0,0,0,0,0x10013FC0
1777178729.146,2588496,4,4,ADCS,255,BROADCAST,0,HEARTBEAT,48,HEARTBEAT,0,0,0,0,0,0,0x10013FC0
1777178730.213,2589590,4,4,ADCS,255,BROADCAST,0,HEARTBEAT,48,HEARTBEAT,0,0,0,0,0,0,0x10013FC0
1777178731.308,2590685,4,4,ADCS,255,BROADCAST,0,HEARTBEAT,48,HEARTBEAT,0,0,0,0,0,0,0x10013FC0
1777178732.416,2591779,4,4,ADCS,255,BROADCAST,0,HEARTBEAT,48,HEARTBEAT,0,0,0,0,0,0,0x10013FC0
1777178733.496,2592873,4,4,ADCS,255,BROADCAST,0,HEARTBEAT,48,HEARTBEAT,0,0,0,0,0,0,0x10013FC0
1777178734.590,2593968,4,4,ADCS,255,BROADCAST,0,HEARTBEAT,48,HEARTBEAT,0,0,0,0,0,0,0x10013FC0
1777178735.699,2595062,4,4,ADCS,255,BROADCAST,0,HEARTBEAT,48,HEARTBEAT,0,0,0,0,0,0,0x10013FC0
1777178736.778,2596156,4,4,ADCS,255,BROADCAST,0,HEARTBEAT,48,HEARTBEAT,0,0,0,0,0,0,0x10013FC0
1777178737.875,2597251,4,4,ADCS,255,BROADCAST,0,HEARTBEAT,48,HEARTBEAT,0,0,0,0,0,0,0x10013FC0
1777178738.974,2598345,4,4,ADCS,255,BROADCAST,0,HEARTBEAT,48,HEARTBEAT,0,0,0,0,0,0,0x10013FC0
1777178740.108,2599439,4,4,ADCS,255,BROADCAST,0,HEARTBEAT,48,HEARTBEAT,0,0,0,0,0,0,0x10013FC0
1777178741.157,2600533,4,4,ADCS,255,BROADCAST,0,HEARTBEAT,48,HEARTBEAT,0,0,0,0,0,0,0x10013FC0
1777178742.255,2601628,4,4,ADCS,255,BROADCAST,0,HEARTBEAT,48,HEARTBEAT,0,0,0,0,0,0,0x10013FC0
1777178743.380,2602722,4,4,ADCS,255,BROADCAST,0,HEARTBEAT,48,HEARTBEAT,0,0,0,0,0,0,0x10013FC0
1777178744.440,2603817,4,4,ADCS,255,BROADCAST,0,HEARTBEAT,48,HEARTBEAT,0,0,0,0,0,0,0x10013FC0
1777178745.534,2604911,4,4,ADCS,255,BROADCAST,0,HEARTBEAT,48,HEARTBEAT,0,0,0,0,0,0,0x10013FC0
1777178746.659,2606005,4,4,ADCS,255,BROADCAST,0,HEARTBEAT,48,HEARTBEAT,0,0,0,0,0,0,0x10013FC0
1777178747.723,2607100,4,4,ADCS,255,BROADCAST,0,HEARTBEAT,48,HEARTBEAT,0,0,0,0,0,0,0x10013FC0
1777178748.817,2608194,4,4,ADCS,255,BROADCAST,0,HEARTBEAT,48,HEARTBEAT,0,0,0,0,0,0,0x10013FC0
1777178749.930,2609289,4,4,ADCS,255,BROADCAST,0,HEARTBEAT,48,HEARTBEAT,0,0,0,0,0,0,0x10013FC0
1777178751.005,2610383,4,4,ADCS,255,BROADCAST,0,HEARTBEAT,48,HEARTBEAT,0,0,0,0,0,0,0x10013FC0
1777178752.100,2611477,4,4,ADCS,255,BROADCAST,0,HEARTBEAT,48,HEARTBEAT,0,0,0,0,0,0,0x10013FC0
1777178753.212,2612571,4,4,ADCS,255,BROADCAST,0,HEARTBEAT,48,HEARTBEAT,0,0,0,0,0,0,0x10013FC0
1777178754.289,2613666,4,4,ADCS,255,BROADCAST,0,HEARTBEAT,48,HEARTBEAT,0,0,0,0,0,0,0x10013FC0
1777178755.384,2614760,4,4,ADCS,255,BROADCAST,0,HEARTBEAT,48,HEARTBEAT,0,0,0,0,0,0,0x10013FC0
1777178756.488,2615854,4,4,ADCS,255,BROADCAST,0,HEARTBEAT,48,HEARTBEAT,0,0,0,0,0,0,0x10013FC0
1777178757.571,2616948,4,4,ADCS,255,BROADCAST,0,HEARTBEAT,48,HEARTBEAT,0,0,0,0,0,0,0x10013FC0
1777178758.666,2618043,4,4,ADCS,255,BROADCAST,0,HEARTBEAT,48,HEARTBEAT,0,0,0,0,0,0,0x10013FC0
1777178759.761,2619137,4,4,ADCS,255,BROADCAST,0,HEARTBEAT,48,HEARTBEAT,0,0,0,0,0,0,0x10013FC0
1777178760.893,2620231,4,4,ADCS,255,BROADCAST,0,HEARTBEAT,48,HEARTBEAT,0,0,0,0,0,0,0x10013FC0
1777178761.947,2621325,4,4,ADCS,255,BROADCAST,0,HEARTBEAT,48,HEARTBEAT,0,0,0,0,0,0,0x10013FC0
1777178763.043,2622420,4,4,ADCS,255,BROADCAST,0,HEARTBEAT,48,HEARTBEAT,0,0,0,0,0,0,0x10013FC0
1777178764.164,2623514,4,4,ADCS,255,BROADCAST,0,HEARTBEAT,48,HEARTBEAT,0,0,0,0,0,0,0x10013FC0
1777178765.231,2624608,4,4,ADCS,255,BROADCAST,0,HEARTBEAT,48,HEARTBEAT,0,0,0,0,0,0,0x10013FC0
1777178766.326,2625702,4,4,ADCS,255,BROADCAST,0,HEARTBEAT,48,HEARTBEAT,0,0,0,0,0,0,0x10013FC0
1777178767.440,2626797,4,4,ADCS,255,BROADCAST,0,HEARTBEAT,48,HEARTBEAT,0,0,0,0,0,0,0x10013FC0
1777178768.514,2627891,4,4,ADCS,255,BROADCAST,0,HEARTBEAT,48,HEARTBEAT,0,0,0,0,0,0,0x10013FC0
1777178769.608,2628985,4,4,ADCS,255,BROADCAST,0,HEARTBEAT,48,HEARTBEAT,0,0,0,0,0,0,0x10013FC0
1777178770.717,2630079,4,4,ADCS,255,BROADCAST,0,HEARTBEAT,48,HEARTBEAT,0,0,0,0,0,0,0x10013FC0
1777178771.797,2631174,4,4,ADCS,255,BROADCAST,0,HEARTBEAT,48,HEARTBEAT,0,0,0,0,0,0,0x10013FC0
1777178772.891,2632268,4,4,ADCS,255,BROADCAST,0,HEARTBEAT,48,HEARTBEAT,0,0,0,0,0,0,0x10013FC0
1777178773.992,2633362,4,4,ADCS,255,BROADCAST,0,HEARTBEAT,48,HEARTBEAT,0,0,0,0,0,0,0x10013FC0
1777178775.079,2634456,4,4,ADCS,255,BROADCAST,0,HEARTBEAT,48,HEARTBEAT,0,0,0,0,0,0,0x10013FC0
1777178776.174,2635551,4,4,ADCS,255,BROADCAST,0,HEARTBEAT,48,HEARTBEAT,0,0,0,0,0,0,0x10013FC0
1777178777.276,2636645,4,4,ADCS,255,BROADCAST,0,HEARTBEAT,48,HEARTBEAT,0,0,0,0,0,0,0x10013FC0
1777178778.397,2637739,4,4,ADCS,255,BROADCAST,0,HEARTBEAT,48,HEARTBEAT,0,0,0,0,0,0,0x10013FC0
1777178779.456,2638833,4,4,ADCS,255,BROADCAST,0,HEARTBEAT,48,HEARTBEAT,0,0,0,0,0,0,0x10013FC0
1777178780.551,2639927,4,4,ADCS,255,BROADCAST,0,HEARTBEAT,48,HEARTBEAT,0,0,0,0,0,0,0x10013FC0
1777178781.667,2641022,4,4,ADCS,255,BROADCAST,0,HEARTBEAT,48,HEARTBEAT,0,0,0,0,0,0,0x10013FC0
1777178782.739,2642116,4,4,ADCS,255,BROADCAST,0,HEARTBEAT,48,HEARTBEAT,0,0,0,0,0,0,0x10013FC0
1777178783.833,2643210,4,4,ADCS,255,BROADCAST,0,HEARTBEAT,48,HEARTBEAT,0,0,0,0,0,0,0x10013FC0
1777178784.957,2644304,4,4,ADCS,255,BROADCAST,0,HEARTBEAT,48,HEARTBEAT,0,0,0,0,0,0,0x10013FC0
1777178786.022,2645399,4,4,ADCS,255,BROADCAST,0,HEARTBEAT,48,HEARTBEAT,0,0,0,0,0,0,0x10013FC0
1777178787.116,2646493,4,4,ADCS,255,BROADCAST,0,HEARTBEAT,48,HEARTBEAT,0,0,0,0,0,0,0x10013FC0
1777178788.234,2647587,4,4,ADCS,255,BROADCAST,0,HEARTBEAT,48,HEARTBEAT,0,0,0,0,0,0,0x10013FC0
1777178789.304,2648682,4,4,ADCS,255,BROADCAST,0,HEARTBEAT,48,HEARTBEAT,0,0,0,0,0,0,0x10013FC0
1777178790.399,2649776,4,4,ADCS,255,BROADCAST,0,HEARTBEAT,48,HEARTBEAT,0,0,0,0,0,0,0x10013FC0
1777178791.508,2650870,4,4,ADCS,255,BROADCAST,0,HEARTBEAT,48,HEARTBEAT,0,0,0,0,0,0,0x10013FC0
1777178792.587,2651965,4,4,ADCS,255,BROADCAST,0,HEARTBEAT,48,HEARTBEAT,0,0,0,0,0,0,0x10013FC0
1777178793.682,2653059,4,4,ADCS,255,BROADCAST,0,HEARTBEAT,48,HEARTBEAT,0,0,0,0,0,0,0x10013FC0
1777178794.782,2654153,4,4,ADCS,255,BROADCAST,0,HEARTBEAT,48,HEARTBEAT,0,0,0,0,0,0,0x10013FC0
1777178795.871,2655248,4,4,ADCS,255,BROADCAST,0,HEARTBEAT,48,HEARTBEAT,0,0,0,0,0,0,0x10013FC0
1777178796.966,2656342,4,4,ADCS,255,BROADCAST,0,HEARTBEAT,48,HEARTBEAT,0,0,0,0,0,0,0x10013FC0
1777178798.068,2657436,4,4,ADCS,255,BROADCAST,0,HEARTBEAT,48,HEARTBEAT,0,0,0,0,0,0,0x10013FC0
1777178799.182,2658531,4,4,ADCS,255,BROADCAST,0,HEARTBEAT,48,HEARTBEAT,0,0,0,0,0,0,0x10013FC0
1777178800.248,2659625,4,4,ADCS,255,BROADCAST,0,HEARTBEAT,48,HEARTBEAT,0,0,0,0,0,0,0x10013FC0
1777178801.344,2660720,4,4,ADCS,255,BROADCAST,0,HEARTBEAT,48,HEARTBEAT,0,0,0,0,0,0,0x10013FC0
1777178802.469,2661814,4,4,ADCS,255,BROADCAST,0,HEARTBEAT,48,HEARTBEAT,0,0,0,0,0,0,0x10013FC0
1777178803.532,2662908,4,4,ADCS,255,BROADCAST,0,HEARTBEAT,48,HEARTBEAT,0,0,0,0,0,0,0x10013FC0
1777178804.626,2664003,4,4,ADCS,255,BROADCAST,0,HEARTBEAT,48,HEARTBEAT,0,0,0,0,0,0,0x10013FC0
1777178805.745,2665097,4,4,ADCS,255,BROADCAST,0,HEARTBEAT,48,HEARTBEAT,0,0,0,0,0,0,0x10013FC0
1777178806.822,2666191,4,4,ADCS,255,BROADCAST,0,HEARTBEAT,48,HEARTBEAT,0,0,0,0,0,0,0x10013FC0
1777178807.909,2667286,4,4,ADCS,255,BROADCAST,0,HEARTBEAT,48,HEARTBEAT,0,0,0,0,0,0,0x10013FC0
1777178809.021,2668380,4,4,ADCS,255,BROADCAST,0,HEARTBEAT,48,HEARTBEAT,0,0,0,0,0,0,0x10013FC0
1777178810.098,2669474,4,4,ADCS,255,BROADCAST,0,HEARTBEAT,48,HEARTBEAT,0,0,0,0,0,0,0x10013FC0
1777178811.192,2670569,4,4,ADCS,255,BROADCAST,0,HEARTBEAT,48,HEARTBEAT,0,0,0,0,0,0,0x10013FC0
1777178812.296,2671663,4,4,ADCS,255,BROADCAST,0,HEARTBEAT,48,HEARTBEAT,0,0,0,0,0,0,0x10013FC0
1777178813.383,2672757,4,4,ADCS,255,BROADCAST,0,HEARTBEAT,48,HEARTBEAT,0,0,0,0,0,0,0x10013FC0
1777178814.478,2673851,4,4,ADCS,255,BROADCAST,0,HEARTBEAT,48,HEARTBEAT,0,0,0,0,0,0,0x10013FC0
1777178815.574,2674946,4,4,ADCS,255,BROADCAST,0,HEARTBEAT,48,HEARTBEAT,0,0,0,0,0,0,0x10013FC0
1777178816.701,2676040,4,4,ADCS,255,BROADCAST,0,HEARTBEAT,48,HEARTBEAT,0,0,0,0,0,0,0x10013FC0
1777178817.757,2677134,4,4,ADCS,255,BROADCAST,0,HEARTBEAT,48,HEARTBEAT,0,0,0,0,0,0,0x10013FC0
1777178818.851,2678228,4,4,ADCS,255,BROADCAST,0,HEARTBEAT,48,HEARTBEAT,0,0,0,0,0,0,0x10013FC0
1777178819.978,2679323,4,4,ADCS,255,BROADCAST,0,HEARTBEAT,48,HEARTBEAT,0,0,0,0,0,0,0x10013FC0
1777178821.040,2680417,4,4,ADCS,255,BROADCAST,0,HEARTBEAT,48,HEARTBEAT,0,0,0,0,0,0,0x10013FC0
1777178822.134,2681511,4,4,ADCS,255,BROADCAST,0,HEARTBEAT,48,HEARTBEAT,0,0,0,0,0,0,0x10013FC0
1777178823.255,2682606,4,4,ADCS,255,BROADCAST,0,HEARTBEAT,48,HEARTBEAT,0,0,0,0,0,0,0x10013FC0
1777178824.323,2683700,4,4,ADCS,255,BROADCAST,0,HEARTBEAT,48,HEARTBEAT,0,0,0,0,0,0,0x10013FC0
1777178825.418,2684794,4,4,ADCS,255,BROADCAST,0,HEARTBEAT,48,HEARTBEAT,0,0,0,0,0,0,0x10013FC0
1777178826.532,2685888,4,4,ADCS,255,BROADCAST,0,HEARTBEAT,48,HEARTBEAT,0,0,0,0,0,0,0x10013FC0
1777178827.606,2686983,4,4,ADCS,255,BROADCAST,0,HEARTBEAT,48,HEARTBEAT,0,0,0,0,0,0,0x10013FC0
1777178828.714,2688077,4,4,ADCS,255,BROADCAST,0,HEARTBEAT,48,HEARTBEAT,0,0,0,0,0,0,0x10013FC0
1777178829.798,2689171,4,4,ADCS,255,BROADCAST,0,HEARTBEAT,48,HEARTBEAT,0,0,0,0,0,0,0x10013FC0
1777178830.889,2690266,4,4,ADCS,255,BROADCAST,0,HEARTBEAT,48,HEARTBEAT,0,0,0,0,0,0,0x10013FC0
1777178831.983,2691360,4,4,ADCS,255,BROADCAST,0,HEARTBEAT,48,HEARTBEAT,0,0,0,0,0,0,0x10013FC0
1777178833.078,2692454,4,4,ADCS,255,BROADCAST,0,HEARTBEAT,48,HEARTBEAT,0,0,0,0,0,0,0x10013FC0
1777178834.212,2693548,4,4,ADCS,255,BROADCAST,0,HEARTBEAT,48,HEARTBEAT,0,0,0,0,0,0,0x10013FC0
1777178835.266,2694643,4,4,ADCS,255,BROADCAST,0,HEARTBEAT,48,HEARTBEAT,0,0,0,0,0,0,0x10013FC0
1777178836.360,2695737,4,4,ADCS,255,BROADCAST,0,HEARTBEAT,48,HEARTBEAT,0,0,0,0,0,0,0x10013FC0
1777178837.482,2696831,4,4,ADCS,255,BROADCAST,0,HEARTBEAT,48,HEARTBEAT,0,0,0,0,0,0,0x10013FC0
1777178838.549,2697925,4,4,ADCS,255,BROADCAST,0,HEARTBEAT,48,HEARTBEAT,0,0,0,0,0,0,0x10013FC0
1777178839.642,2699020,4,4,ADCS,255,BROADCAST,0,HEARTBEAT,48,HEARTBEAT,0,0,0,0,0,0,0x10013FC0
1777178840.758,2700114,4,4,ADCS,255,BROADCAST,0,HEARTBEAT,48,HEARTBEAT,0,0,0,0,0,0,0x10013FC0
1777178841.832,2701208,4,4,ADCS,255,BROADCAST,0,HEARTBEAT,48,HEARTBEAT,0,0,0,0,0,0,0x10013FC0
1777178842.926,2702303,4,4,ADCS,255,BROADCAST,0,HEARTBEAT,48,HEARTBEAT,0,0,0,0,0,0,0x10013FC0
1777178844.032,2703397,4,4,ADCS,255,BROADCAST,0,HEARTBEAT,48,HEARTBEAT,0,0,0,0,0,0,0x10013FC0
1777178845.115,2704491,4,4,ADCS,255,BROADCAST,0,HEARTBEAT,48,HEARTBEAT,0,0,0,0,0,0,0x10013FC0
1777178846.209,2705586,4,4,ADCS,255,BROADCAST,0,HEARTBEAT,48,HEARTBEAT,0,0,0,0,0,0,0x10013FC0
1777178847.319,2706680,4,4,ADCS,255,BROADCAST,0,HEARTBEAT,48,HEARTBEAT,0,0,0,0,0,0,0x10013FC0
1777178848.398,2707774,4,4,ADCS,255,BROADCAST,0,HEARTBEAT,48,HEARTBEAT,0,0,0,0,0,0,0x10013FC0
1777178849.492,2708869,4,4,ADCS,255,BROADCAST,0,HEARTBEAT,48,HEARTBEAT,0,0,0,0,0,0,0x10013FC0
1777178850.590,2709963,4,4,ADCS,255,BROADCAST,0,HEARTBEAT,48,HEARTBEAT,0,0,0,0,0,0,0x10013FC0
1777178994.694,2854071,4,4,ADCS,255,BROADCAST,0,HEARTBEAT,48,HEARTBEAT,0,0,0,0,0,0,0x10013FC0
1777178995.792,2855166,4,4,ADCS,255,BROADCAST,0,HEARTBEAT,48,HEARTBEAT,0,0,0,0,0,0,0x10013FC0
1777178996.884,2856260,4,4,ADCS,255,BROADCAST,0,HEARTBEAT,48,HEARTBEAT,0,0,0,0,0,0,0x10013FC0
1777178997.978,2857355,4,4,ADCS,255,BROADCAST,0,HEARTBEAT,48,HEARTBEAT,0,0,0,0,0,0,0x10013FC0
1777178999.073,2858449,4,4,ADCS,255,BROADCAST,0,HEARTBEAT,48,HEARTBEAT,0,0,0,0,0,0,0x10013FC0
1777179000.202,2859544,4,4,ADCS,255,BROADCAST,0,HEARTBEAT,48,HEARTBEAT,0,0,0,0,0,0,0x10013FC0
1777179001.264,2860639,4,4,ADCS,255,BROADCAST,0,HEARTBEAT,48,HEARTBEAT,0,0,0,0,0,0,0x10013FC0
1777179002.356,2861733,4,4,ADCS,255,BROADCAST,0,HEARTBEAT,48,HEARTBEAT,0,0,0,0,0,0,0x10013FC0
1777179003.482,2862828,4,4,ADCS,255,BROADCAST,0,HEARTBEAT,48,HEARTBEAT,0,0,0,0,0,0,0x10013FC0
1777179004.546,2863922,4,4,ADCS,255,BROADCAST,0,HEARTBEAT,48,HEARTBEAT,0,0,0,0,0,0,0x10013FC0
1777179005.640,2865017,4,4,ADCS,255,BROADCAST,0,HEARTBEAT,48,HEARTBEAT,0,0,0,0,0,0,0x10013FC0
1777179006.757,2866111,4,4,ADCS,255,BROADCAST,0,HEARTBEAT,48,HEARTBEAT,0,0,0,0,0,0,0x10013FC0
1777179007.830,2867206,4,4,ADCS,255,BROADCAST,0,HEARTBEAT,48,HEARTBEAT,0,0,0,0,0,0,0x10013FC0
1777179008.924,2868300,4,4,ADCS,255,BROADCAST,0,HEARTBEAT,48,HEARTBEAT,0,0,0,0,0,0,0x10013FC0
1777179010.028,2869395,4,4,ADCS,255,BROADCAST,0,HEARTBEAT,48,HEARTBEAT,0,0,0,0,0,0,0x10013FC0
1777179011.113,2870489,4,4,ADCS,255,BROADCAST,0,HEARTBEAT,48,HEARTBEAT,0,0,0,0,0,0,0x10013FC0
1777179012.212,2871584,4,4,ADCS,255,BROADCAST,0,HEARTBEAT,48,HEARTBEAT,0,0,0,0,0,0,0x10013FC0
1777179013.304,2872678,4,4,ADCS,255,BROADCAST,0,HEARTBEAT,48,HEARTBEAT,0,0,0,0,0,0,0x10013FC0
1777179014.396,2873773,4,4,ADCS,255,BROADCAST,0,HEARTBEAT,48,HEARTBEAT,0,0,0,0,0,0,0x10013FC0
1777179015.493,2874867,4,4,ADCS,255,BROADCAST,0,HEARTBEAT,48,HEARTBEAT,0,0,0,0,0,0,0x10013FC0
1777179016.590,2875962,4,4,ADCS,255,BROADCAST,0,HEARTBEAT,48,HEARTBEAT,0,0,0,0,0,0,0x10013FC0
1777179017.721,2877056,4,4,ADCS,255,BROADCAST,0,HEARTBEAT,48,HEARTBEAT,0,0,0,0,0,0,0x10013FC0
1777179018.774,2878151,4,4,ADCS,255,BROADCAST,0,HEARTBEAT,48,HEARTBEAT,0,0,0,0,0,0,0x10013FC0
1777179019.876,2879245,4,4,ADCS,255,BROADCAST,0,HEARTBEAT,48,HEARTBEAT,0,0,0,0,0,0,0x10013FC0
1777179020.994,2880340,4,4,ADCS,255,BROADCAST,0,HEARTBEAT,48,HEARTBEAT,0,0,0,0,0,0,0x10013FC0
1777179022.058,2881434,4,4,ADCS,255,BROADCAST,0,HEARTBEAT,48,HEARTBEAT,0,0,0,0,0,0,0x10013FC0
1777179023.153,2882529,4,4,ADCS,255,BROADCAST,0,HEARTBEAT,48,HEARTBEAT,0,0,0,0,0,0,0x10013FC0
1777179024.259,2883623,4,4,ADCS,255,BROADCAST,0,HEARTBEAT,48,HEARTBEAT,0,0,0,0,0,0,0x10013FC0
1777179025.342,2884718,4,4,ADCS,255,BROADCAST,0,HEARTBEAT,48,HEARTBEAT,0,0,0,0,0,0,0x10013FC0
1777179026.435,2885812,4,4,ADCS,255,BROADCAST,0,HEARTBEAT,48,HEARTBEAT,0,0,0,0,0,0,0x10013FC0
1777179027.533,2886907,4,4,ADCS,255,BROADCAST,0,HEARTBEAT,48,HEARTBEAT,0,0,0,0,0,0,0x10013FC0
1777179028.625,2888001,4,4,ADCS,255,BROADCAST,0,HEARTBEAT,48,HEARTBEAT,0,0,0,0,0,0,0x10013FC0
1777179029.719,2889096,4,4,ADCS,255,BROADCAST,0,HEARTBEAT,48,HEARTBEAT,0,0,0,0,0,0,0x10013FC0
1777179030.823,2890190,4,4,ADCS,255,BROADCAST,0,HEARTBEAT,48,HEARTBEAT,0,0,0,0,0,0,0x10013FC0
1777179031.949,2891285,4,4,ADCS,255,BROADCAST,0,HEARTBEAT,48,HEARTBEAT,0,0,0,0,0,0,0x10013FC0
1777179033.003,2892379,4,4,ADCS,255,BROADCAST,0,HEARTBEAT,48,HEARTBEAT,0,0,0,0,0,0,0x10013FC0
1777179034.098,2893475,4,4,ADCS,255,BROADCAST,0,HEARTBEAT,48,HEARTBEAT,0,0,0,0,0,0,0x10013FC0
1777179035.228,2894568,4,4,ADCS,255,BROADCAST,0,HEARTBEAT,48,HEARTBEAT,0,0,0,0,0,0,0x10013FC0
1777179036.287,2895663,4,4,ADCS,255,BROADCAST,0,HEARTBEAT,48,HEARTBEAT,0,0,0,0,0,0,0x10013FC0
1777179037.381,2896757,4,4,ADCS,255,BROADCAST,0,HEARTBEAT,48,HEARTBEAT,0,0,0,0,0,0,0x10013FC0
1777179038.499,2897852,4,4,ADCS,255,BROADCAST,0,HEARTBEAT,48,HEARTBEAT,0,0,0,0,0,0,0x10013FC0
1777179039.570,2898946,4,4,ADCS,255,BROADCAST,0,HEARTBEAT,48,HEARTBEAT,0,0,0,0,0,0,0x10013FC0
1777179040.665,2900041,4,4,ADCS,255,BROADCAST,0,HEARTBEAT,48,HEARTBEAT,0,0,0,0,0,0,0x10013FC0
1777179041.777,2901135,4,4,ADCS,255,BROADCAST,0,HEARTBEAT,48,HEARTBEAT,0,0,0,0,0,0,0x10013FC0
1777179042.854,2902230,4,4,ADCS,255,BROADCAST,0,HEARTBEAT,48,HEARTBEAT,0,0,0,0,0,0,0x10013FC0
1777179043.948,2903324,4,4,ADCS,255,BROADCAST,0,HEARTBEAT,48,HEARTBEAT,0,0,0,0,0,0,0x10013FC0
1777179045.058,2904419,4,4,ADCS,255,BROADCAST,0,HEARTBEAT,48,HEARTBEAT,0,0,0,0,0,0,0x10013FC0
1777179046.137,2905513,4,4,ADCS,255,BROADCAST,0,HEARTBEAT,48,HEARTBEAT,0,0,0,0,0,0,0x10013FC0
1777179047.231,2906608,4,4,ADCS,255,BROADCAST,0,HEARTBEAT,48,HEARTBEAT,0,0,0,0,0,0,0x10013FC0
1777179048.333,2907702,4,4,ADCS,255,BROADCAST,0,HEARTBEAT,48,HEARTBEAT,0,0,0,0,0,0,0x10013FC0
1777179049.462,2908797,4,4,ADCS,255,BROADCAST,0,HEARTBEAT,48,HEARTBEAT,0,0,0,0,0,0,0x10013FC0
1777179050.514,2909891,4,4,ADCS,255,BROADCAST,0,HEARTBEAT,48,HEARTBEAT,0,0,0,0,0,0,0x10013FC0
1777179051.611,2910986,4,4,ADCS,255,BROADCAST,0,HEARTBEAT,48,HEARTBEAT,0,0,0,0,0,0,0x10013FC0
1777179052.731,2912080,4,4,ADCS,255,BROADCAST,0,HEARTBEAT,48,HEARTBEAT,0,0,0,0,0,0,0x10013FC0
1777179053.798,2913174,4,4,ADCS,255,BROADCAST,0,HEARTBEAT,48,HEARTBEAT,0,0,0,0,0,0,0x10013FC0
1777179054.893,2914269,4,4,ADCS,255,BROADCAST,0,HEARTBEAT,48,HEARTBEAT,0,0,0,0,0,0,0x10013FC0
1777179056.009,2915363,4,4,ADCS,255,BROADCAST,0,HEARTBEAT,48,HEARTBEAT,0,0,0,0,0,0,0x10013FC0
1777179057.081,2916458,4,4,ADCS,255,BROADCAST,0,HEARTBEAT,48,HEARTBEAT,0,0,0,0,0,0,0x10013FC0
1777179058.177,2917552,4,4,ADCS,255,BROADCAST,0,HEARTBEAT,48,HEARTBEAT,0,0,0,0,0,0,0x10013FC0
1777179059.293,2918647,4,4,ADCS,255,BROADCAST,0,HEARTBEAT,48,HEARTBEAT,0,0,0,0,0,0,0x10013FC0
1777179060.366,2919741,4,4,ADCS,255,BROADCAST,0,HEARTBEAT,48,HEARTBEAT,0,0,0,0,0,0,0x10013FC0
1777179061.459,2920836,4,4,ADCS,255,BROADCAST,0,HEARTBEAT,48,HEARTBEAT,0,0,0,0,0,0,0x10013FC0
1777179062.570,2921931,4,4,ADCS,255,BROADCAST,0,HEARTBEAT,48,HEARTBEAT,0,0,0,0,0,0,0x10013FC0
1777179063.649,2923025,4,4,ADCS,255,BROADCAST,0,HEARTBEAT,48,HEARTBEAT,0,0,0,0,0,0,0x10013FC0
1777179064.744,2924120,4,4,ADCS,255,BROADCAST,0,HEARTBEAT,48,HEARTBEAT,0,0,0,0,0,0,0x10013FC0
1777179065.845,2925214,4,4,ADCS,255,BROADCAST,0,HEARTBEAT,48,HEARTBEAT,0,0,0,0,0,0,0x10013FC0
1777179066.966,2926309,4,4,ADCS,255,BROADCAST,0,HEARTBEAT,48,HEARTBEAT,0,0,0,0,0,0,0x10013FC0
1777179068.027,2927403,4,4,ADCS,255,BROADCAST,0,HEARTBEAT,48,HEARTBEAT,0,0,0,0,0,0,0x10013FC0
1777179069.122,2928498,4,4,ADCS,255,BROADCAST,0,HEARTBEAT,48,HEARTBEAT,0,0,0,0,0,0,0x10013FC0
1777179070.242,2929593,4,4,ADCS,255,BROADCAST,0,HEARTBEAT,48,HEARTBEAT,0,0,0,0,0,0,0x10013FC0
1777179071.311,2930687,4,4,ADCS,255,BROADCAST,0,HEARTBEAT,48,HEARTBEAT,0,0,0,0,0,0,0x10013FC0
1777179072.405,2931782,4,4,ADCS,255,BROADCAST,0,HEARTBEAT,48,HEARTBEAT,0,0,0,0,0,0,0x10013FC0
1777179073.525,2932876,4,4,ADCS,255,BROADCAST,0,HEARTBEAT,48,HEARTBEAT,0,0,0,0,0,0,0x10013FC0
1777179074.595,2933971,4,4,ADCS,255,BROADCAST,0,HEARTBEAT,48,HEARTBEAT,0,0,0,0,0,0,0x10013FC0
1777179075.690,2935065,4,4,ADCS,255,BROADCAST,0,HEARTBEAT,48,HEARTBEAT,0,0,0,0,0,0,0x10013FC0
1777179076.801,2936160,4,4,ADCS,255,BROADCAST,0,HEARTBEAT,48,HEARTBEAT,0,0,0,0,0,0,0x10013FC0
1777179077.878,2937254,4,4,ADCS,255,BROADCAST,0,HEARTBEAT,48,HEARTBEAT,0,0,0,0,0,0,0x10013FC0
1777179078.973,2938349,4,4,ADCS,255,BROADCAST,0,HEARTBEAT,48,HEARTBEAT,0,0,0,0,0,0,0x10013FC0
1777179080.070,2939444,4,4,ADCS,255,BROADCAST,0,HEARTBEAT,48,HEARTBEAT,0,0,0,0,0,0,0x10013FC0
1777179081.162,2940538,4,4,ADCS,255,BROADCAST,0,HEARTBEAT,48,HEARTBEAT,0,0,0,0,0,0,0x10013FC0
1777179082.258,2941633,4,4,ADCS,255,BROADCAST,0,HEARTBEAT,48,HEARTBEAT,0,0,0,0,0,0,0x10013FC0
1777179083.353,2942727,4,4,ADCS,255,BROADCAST,0,HEARTBEAT,48,HEARTBEAT,0,0,0,0,0,0,0x10013FC0
1777179084.483,2943822,4,4,ADCS,255,BROADCAST,0,HEARTBEAT,48,HEARTBEAT,0,0,0,0,0,0,0x10013FC0
1777179085.540,2944916,4,4,ADCS,255,BROADCAST,0,HEARTBEAT,48,HEARTBEAT,0,0,0,0,0,0,0x10013FC0
1777179086.635,2946011,4,4,ADCS,255,BROADCAST,0,HEARTBEAT,48,HEARTBEAT,0,0,0,0,0,0,0x10013FC0
1777179087.752,2947105,4,4,ADCS,255,BROADCAST,0,HEARTBEAT,48,HEARTBEAT,0,0,0,0,0,0,0x10013FC0
1777179088.824,2948200,4,4,ADCS,255,BROADCAST,0,HEARTBEAT,48,HEARTBEAT,0,0,0,0,0,0,0x10013FC0
1777179089.918,2949294,4,4,ADCS,255,BROADCAST,0,HEARTBEAT,48,HEARTBEAT,0,0,0,0,0,0,0x10013FC0
1777179091.038,2950389,4,4,ADCS,255,BROADCAST,0,HEARTBEAT,48,HEARTBEAT,0,0,0,0,0,0,0x10013FC0
1777179092.118,2951484,4,4,ADCS,255,BROADCAST,0,HEARTBEAT,48,HEARTBEAT,0,0,0,0,0,0,0x10013FC0
1777179093.205,2952578,4,4,ADCS,255,BROADCAST,0,HEARTBEAT,48,HEARTBEAT,0,0,0,0,0,0,0x10013FC0
1777179094.314,2953673,4,4,ADCS,255,BROADCAST,0,HEARTBEAT,48,HEARTBEAT,0,0,0,0,0,0,0x10013FC0
1777179095.392,2954767,4,4,ADCS,255,BROADCAST,0,HEARTBEAT,48,HEARTBEAT,0,0,0,0,0,0,0x10013FC0
1777179096.486,2955862,4,4,ADCS,255,BROADCAST,0,HEARTBEAT,48,HEARTBEAT,0,0,0,0,0,0,0x10013FC0
1777179097.592,2956956,4,4,ADCS,255,BROADCAST,0,HEARTBEAT,48,HEARTBEAT,0,0,0,0,0,0,0x10013FC0
1777179098.713,2958051,4,4,ADCS,255,BROADCAST,0,HEARTBEAT,48,HEARTBEAT,0,0,0,0,0,0,0x10013FC0
1777179099.769,2959145,4,4,ADCS,255,BROADCAST,0,HEARTBEAT,48,HEARTBEAT,0,0,0,0,0,0,0x10013FC0
1777179100.866,2960240,4,4,ADCS,255,BROADCAST,0,HEARTBEAT,48,HEARTBEAT,0,0,0,0,0,0,0x10013FC0
1777179101.991,2961334,4,4,ADCS,255,BROADCAST,0,HEARTBEAT,48,HEARTBEAT,0,0,0,0,0,0,0x10013FC0
1777179103.052,2962429,4,4,ADCS,255,BROADCAST,0,HEARTBEAT,48,HEARTBEAT,0,0,0,0,0,0,0x10013FC0
1777179104.147,2963523,4,4,ADCS,255,BROADCAST,0,HEARTBEAT,48,HEARTBEAT,0,0,0,0,0,0,0x10013FC0
1777179105.268,2964618,4,4,ADCS,255,BROADCAST,0,HEARTBEAT,48,HEARTBEAT,0,0,0,0,0,0,0x10013FC0
1777179106.336,2965712,4,4,ADCS,255,BROADCAST,0,HEARTBEAT,48,HEARTBEAT,0,0,0,0,0,0,0x10013FC0
1777179107.431,2966806,4,4,ADCS,255,BROADCAST,0,HEARTBEAT,48,HEARTBEAT,0,0,0,0,0,0,0x10013FC0
1777179108.548,2967901,4,4,ADCS,255,BROADCAST,0,HEARTBEAT,48,HEARTBEAT,0,0,0,0,0,0,0x10013FC0
1777179109.619,2968995,4,4,ADCS,255,BROADCAST,0,HEARTBEAT,48,HEARTBEAT,0,0,0,0,0,0,0x10013FC0
1777179110.713,2970090,4,4,ADCS,255,BROADCAST,0,HEARTBEAT,48,HEARTBEAT,0,0,0,0,0,0,0x10013FC0
1777179111.825,2971184,4,4,ADCS,255,BROADCAST,0,HEARTBEAT,48,HEARTBEAT,0,0,0,0,0,0,0x10013FC0
1777179112.903,2972279,4,4,ADCS,255,BROADCAST,0,HEARTBEAT,48,HEARTBEAT,0,0,0,0,0,0,0x10013FC0
1777179113.997,2973373,4,4,ADCS,255,BROADCAST,0,HEARTBEAT,48,HEARTBEAT,0,0,0,0,0,0,0x10013FC0
1777179115.098,2974467,4,4,ADCS,255,BROADCAST,0,HEARTBEAT,48,HEARTBEAT,0,0,0,0,0,0,0x10013FC0
1777179116.227,2975562,4,4,ADCS,255,BROADCAST,0,HEARTBEAT,48,HEARTBEAT,0,0,0,0,0,0,0x10013FC0
1777179117.280,2976656,4,4,ADCS,255,BROADCAST,0,HEARTBEAT,48,HEARTBEAT,0,0,0,0,0,0,0x10013FC0
1777179118.376,2977751,4,4,ADCS,255,BROADCAST,0,HEARTBEAT,48,HEARTBEAT,0,0,0,0,0,0,0x10013FC0
1777179119.499,2978845,4,4,ADCS,255,BROADCAST,0,HEARTBEAT,48,HEARTBEAT,0,0,0,0,0,0,0x10013FC0
1777179120.564,2979940,4,4,ADCS,255,BROADCAST,0,HEARTBEAT,48,HEARTBEAT,0,0,0,0,0,0,0x10013FC0
1777179121.660,2981034,4,4,ADCS,255,BROADCAST,0,HEARTBEAT,48,HEARTBEAT,0,0,0,0,0,0,0x10013FC0
1777179122.779,2982128,4,4,ADCS,255,BROADCAST,0,HEARTBEAT,48,HEARTBEAT,0,0,0,0,0,0,0x10013FC0
1777179123.847,2983223,4,4,ADCS,255,BROADCAST,0,HEARTBEAT,48,HEARTBEAT,0,0,0,0,0,0,0x10013FC0
1777179124.941,2984317,4,4,ADCS,255,BROADCAST,0,HEARTBEAT,48,HEARTBEAT,0,0,0,0,0,0,0x10013FC0
1777179126.048,2985412,4,4,ADCS,255,BROADCAST,0,HEARTBEAT,48,HEARTBEAT,0,0,0,0,0,0,0x10013FC0
1777179127.130,2986506,4,4,ADCS,255,BROADCAST,0,HEARTBEAT,48,HEARTBEAT,0,0,0,0,0,0,0x10013FC0
1777179128.225,2987600,4,4,ADCS,255,BROADCAST,0,HEARTBEAT,48,HEARTBEAT,0,0,0,0,0,0,0x10013FC0
1777179129.336,2988695,4,4,ADCS,255,BROADCAST,0,HEARTBEAT,48,HEARTBEAT,0,0,0,0,0,0,0x10013FC0
1777179130.417,2989789,4,4,ADCS,255,BROADCAST,0,HEARTBEAT,48,HEARTBEAT,0,0,0,0,0,0,0x10013FC0
1777179131.508,2990884,4,4,ADCS,255,BROADCAST,0,HEARTBEAT,48,HEARTBEAT,0,0,0,0,0,0,0x10013FC0
1777179132.613,2991978,4,4,ADCS,255,BROADCAST,0,HEARTBEAT,48,HEARTBEAT,0,0,0,0,0,0,0x10013FC0
1777179133.737,2993072,4,4,ADCS,255,BROADCAST,0,HEARTBEAT,48,HEARTBEAT,0,0,0,0,0,0,0x10013FC0
1777179134.790,2994167,4,4,ADCS,255,BROADCAST,0,HEARTBEAT,48,HEARTBEAT,0,0,0,0,0,0,0x10013FC0
1777179135.885,2995261,4,4,ADCS,255,BROADCAST,0,HEARTBEAT,48,HEARTBEAT,0,0,0,0,0,0,0x10013FC0
1777179137.015,2996355,4,4,ADCS,255,BROADCAST,0,HEARTBEAT,48,HEARTBEAT,0,0,0,0,0,0,0x10013FC0
1777179138.074,2997450,4,4,ADCS,255,BROADCAST,0,HEARTBEAT,48,HEARTBEAT,0,0,0,0,0,0,0x10013FC0
1777179139.168,2998544,4,4,ADCS,255,BROADCAST,0,HEARTBEAT,48,HEARTBEAT,0,0,0,0,0,0,0x10013FC0
1777179140.290,2999639,4,4,ADCS,255,BROADCAST,0,HEARTBEAT,48,HEARTBEAT,0,0,0,0,0,0,0x10013FC0
1777179141.365,3000733,4,4,ADCS,255,BROADCAST,0,HEARTBEAT,48,HEARTBEAT,0,0,0,0,0,0,0x10013FC0
1777179142.451,3001827,4,4,ADCS,255,BROADCAST,0,HEARTBEAT,48,HEARTBEAT,0,0,0,0,0,0,0x10013FC0
1777179143.566,3002922,4,4,ADCS,255,BROADCAST,0,HEARTBEAT,48,HEARTBEAT,0,0,0,0,0,0,0x10013FC0
1777179144.643,3004016,4,4,ADCS,255,BROADCAST,0,HEARTBEAT,48,HEARTBEAT,0,0,0,0,0,0,0x10013FC0
1777179145.734,3005111,4,4,ADCS,255,BROADCAST,0,HEARTBEAT,48,HEARTBEAT,0,0,0,0,0,0,0x10013FC0
1777179146.841,3006205,4,4,ADCS,255,BROADCAST,0,HEARTBEAT,48,HEARTBEAT,0,0,0,0,0,0,0x10013FC0
1777179147.924,3007300,4,4,ADCS,255,BROADCAST,0,HEARTBEAT,48,HEARTBEAT,0,0,0,0,0,0,0x10013FC0
1777179149.018,3008394,4,4,ADCS,255,BROADCAST,0,HEARTBEAT,48,HEARTBEAT,0,0,0,0,0,0,0x10013FC0
1777179150.121,3009489,4,4,ADCS,255,BROADCAST,0,HEARTBEAT,48,HEARTBEAT,0,0,0,0,0,0,0x10013FC0
1777179151.251,3010583,4,4,ADCS,255,BROADCAST,0,HEARTBEAT,48,HEARTBEAT,0,0,0,0,0,0,0x10013FC0
1777179152.302,3011678,4,4,ADCS,255,BROADCAST,0,HEARTBEAT,48,HEARTBEAT,0,0,0,0,0,0,0x10013FC0
1777179153.396,3012772,4,4,ADCS,255,BROADCAST,0,HEARTBEAT,48,HEARTBEAT,0,0,0,0,0,0,0x10013FC0
1777179154.521,3013866,4,4,ADCS,255,BROADCAST,0,HEARTBEAT,48,HEARTBEAT,0,0,0,0,0,0,0x10013FC0
1777179155.585,3014961,4,4,ADCS,255,BROADCAST,0,HEARTBEAT,48,HEARTBEAT,0,0,0,0,0,0,0x10013FC0
1777179156.680,3016055,4,4,ADCS,255,BROADCAST,0,HEARTBEAT,48,HEARTBEAT,0,0,0,0,0,0,0x10013FC0
1777179157.804,3017150,4,4,ADCS,255,BROADCAST,0,HEARTBEAT,48,HEARTBEAT,0,0,0,0,0,0,0x10013FC0
1777179158.868,3018244,4,4,ADCS,255,BROADCAST,0,HEARTBEAT,48,HEARTBEAT,0,0,0,0,0,0,0x10013FC0
1777179159.963,3019339,4,4,ADCS,255,BROADCAST,0,HEARTBEAT,48,HEARTBEAT,0,0,0,0,0,0,0x10013FC0
1777179161.087,3020433,4,4,ADCS,255,BROADCAST,0,HEARTBEAT,48,HEARTBEAT,0,0,0,0,0,0,0x10013FC0
1777179162.152,3021528,4,4,ADCS,255,BROADCAST,0,HEARTBEAT,48,HEARTBEAT,0,0,0,0,0,0,0x10013FC0
1777179163.246,3022622,4,4,ADCS,255,BROADCAST,0,HEARTBEAT,48,HEARTBEAT,0,0,0,0,0,0,0x10013FC0
1777179164.354,3023716,4,4,ADCS,255,BROADCAST,0,HEARTBEAT,48,HEARTBEAT,0,0,0,0,0,0,0x10013FC0
1777179165.435,3024811,4,4,ADCS,255,BROADCAST,0,HEARTBEAT,48,HEARTBEAT,0,0,0,0,0,0,0x10013FC0
1777179166.530,3025905,4,4,ADCS,255,BROADCAST,0,HEARTBEAT,48,HEARTBEAT,0,0,0,0,0,0,0x10013FC0
1777179167.631,3027000,4,4,ADCS,255,BROADCAST,0,HEARTBEAT,48,HEARTBEAT,0,0,0,0,0,0,0x10013FC0
1777179168.756,3028094,4,4,ADCS,255,BROADCAST,0,HEARTBEAT,48,HEARTBEAT,0,0,0,0,0,0,0x10013FC0
1777179169.813,3029189,4,4,ADCS,255,BROADCAST,0,HEARTBEAT,48,HEARTBEAT,0,0,0,0,0,0,0x10013FC0
1777179170.907,3030283,4,4,ADCS,255,BROADCAST,0,HEARTBEAT,48,HEARTBEAT,0,0,0,0,0,0,0x10013FC0
1777179172.027,3031377,4,4,ADCS,255,BROADCAST,0,HEARTBEAT,48,HEARTBEAT,0,0,0,0,0,0,0x10013FC0
1777179173.098,3032472,4,4,ADCS,255,BROADCAST,0,HEARTBEAT,48,HEARTBEAT,0,0,0,0,0,0,0x10013FC0
1777179174.190,3033566,4,4,ADCS,255,BROADCAST,0,HEARTBEAT,48,HEARTBEAT,0,0,0,0,0,0,0x10013FC0
1777179175.308,3034661,4,4,ADCS,255,BROADCAST,0,HEARTBEAT,48,HEARTBEAT,0,0,0,0,0,0,0x10013FC0
1777179176.379,3035755,4,4,ADCS,255,BROADCAST,0,HEARTBEAT,48,HEARTBEAT,0,0,0,0,0,0,0x10013FC0
1777179177.475,3036849,4,4,ADCS,255,BROADCAST,0,HEARTBEAT,48,HEARTBEAT,0,0,0,0,0,0,0x10013FC0
1777179178.575,3037944,4,4,ADCS,255,BROADCAST,0,HEARTBEAT,48,HEARTBEAT,0,0,0,0,0,0,0x10013FC0
1777179179.662,3039038,4,4,ADCS,255,BROADCAST,0,HEARTBEAT,48,HEARTBEAT,0,0,0,0,0,0,0x10013FC0
1777179180.755,3040133,4,4,ADCS,255,BROADCAST,0,HEARTBEAT,48,HEARTBEAT,0,0,0,0,0,0,0x10013FC0
1777179181.861,3041227,4,4,ADCS,255,BROADCAST,0,HEARTBEAT,48,HEARTBEAT,0,0,0,0,0,0,0x10013FC0
1777179182.945,3042321,4,4,ADCS,255,BROADCAST,0,HEARTBEAT,48,HEARTBEAT,0,0,0,0,0,0,0x10013FC0
1777179184.040,3043416,4,4,ADCS,255,BROADCAST,0,HEARTBEAT,48,HEARTBEAT,0,0,0,0,0,0,0x10013FC0
1777179185.144,3044510,4,4,ADCS,255,BROADCAST,0,HEARTBEAT,48,HEARTBEAT,0,0,0,0,0,0,0x10013FC0
1777179186.279,3045604,4,4,ADCS,255,BROADCAST,0,HEARTBEAT,48,HEARTBEAT,0,0,0,0,0,0,0x10013FC0
1777179187.323,3046699,4,4,ADCS,255,BROADCAST,0,HEARTBEAT,48,HEARTBEAT,0,0,0,0,0,0,0x10013FC0
1777179188.422,3047793,4,4,ADCS,255,BROADCAST,0,HEARTBEAT,48,HEARTBEAT,0,0,0,0,0,0,0x10013FC0
1777179189.545,3048888,4,4,ADCS,255,BROADCAST,0,HEARTBEAT,48,HEARTBEAT,0,0,0,0,0,0,0x10013FC0
1777179190.606,3049982,4,4,ADCS,255,BROADCAST,0,HEARTBEAT,48,HEARTBEAT,0,0,0,0,0,0,0x10013FC0
1777179191.703,3051076,4,4,ADCS,255,BROADCAST,0,HEARTBEAT,48,HEARTBEAT,0,0,0,0,0,0,0x10013FC0
1777179192.822,3052171,4,4,ADCS,255,BROADCAST,0,HEARTBEAT,48,HEARTBEAT,0,0,0,0,0,0,0x10013FC0
1777179193.889,3053265,4,4,ADCS,255,BROADCAST,0,HEARTBEAT,48,HEARTBEAT,0,0,0,0,0,0,0x10013FC0
1777179194.984,3054360,4,4,ADCS,255,BROADCAST,0,HEARTBEAT,48,HEARTBEAT,0,0,0,0,0,0,0x10013FC0
1777179196.100,3055454,4,4,ADCS,255,BROADCAST,0,HEARTBEAT,48,HEARTBEAT,0,0,0,0,0,0,0x10013FC0
1777179197.177,3056548,4,4,ADCS,255,BROADCAST,0,HEARTBEAT,48,HEARTBEAT,0,0,0,0,0,0,0x10013FC0
1777179198.267,3057643,4,4,ADCS,255,BROADCAST,0,HEARTBEAT,48,HEARTBEAT,0,0,0,0,0,0,0x10013FC0
1777179199.382,3058737,4,4,ADCS,255,BROADCAST,0,HEARTBEAT,48,HEARTBEAT,0,0,0,0,0,0,0x10013FC0
1777179200.458,3059832,4,4,ADCS,255,BROADCAST,0,HEARTBEAT,48,HEARTBEAT,0,0,0,0,0,0,0x10013FC0
1777179201.555,3060926,4,4,ADCS,255,BROADCAST,0,HEARTBEAT,48,HEARTBEAT,0,0,0,0,0,0,0x10013FC0
1777179202.649,3062020,4,4,ADCS,255,BROADCAST,0,HEARTBEAT,48,HEARTBEAT,0,0,0,0,0,0,0x10013FC0
1777179208.117,3067492,4,4,ADCS,255,BROADCAST,0,HEARTBEAT,48,HEARTBEAT,0,0,0,0,0,0,0x10013FC0
1777179209.209,3068587,4,4,ADCS,255,BROADCAST,0,HEARTBEAT,48,HEARTBEAT,0,0,0,0,0,0,0x10013FC0
1777179210.335,3069681,4,4,ADCS,255,BROADCAST,0,HEARTBEAT,48,HEARTBEAT,0,0,0,0,0,0,0x10013FC0
1777179211.400,3070776,4,4,ADCS,255,BROADCAST,0,HEARTBEAT,48,HEARTBEAT,0,0,0,0,0,0,0x10013FC0
1777179212.494,3071870,4,4,ADCS,255,BROADCAST,0,HEARTBEAT,48,HEARTBEAT,0,0,0,0,0,0,0x10013FC0
1777179213.610,3072965,4,4,ADCS,255,BROADCAST,0,HEARTBEAT,48,HEARTBEAT,0,0,0,0,0,0,0x10013FC0
1777179214.683,3074059,4,4,ADCS,255,BROADCAST,0,HEARTBEAT,48,HEARTBEAT,0,0,0,0,0,0,0x10013FC0
1777179215.777,3075153,4,4,ADCS,255,BROADCAST,0,HEARTBEAT,48,HEARTBEAT,0,0,0,0,0,0,0x10013FC0
1777179216.887,3076248,4,4,ADCS,255,BROADCAST,0,HEARTBEAT,48,HEARTBEAT,0,0,0,0,0,0,0x10013FC0
1777179217.966,3077342,4,4,ADCS,255,BROADCAST,0,HEARTBEAT,48,HEARTBEAT,0,0,0,0,0,0,0x10013FC0
1777179219.061,3078437,4,4,ADCS,255,BROADCAST,0,HEARTBEAT,48,HEARTBEAT,0,0,0,0,0,0,0x10013FC0
1777179220.169,3079531,4,4,ADCS,255,BROADCAST,0,HEARTBEAT,48,HEARTBEAT,0,0,0,0,0,0,0x10013FC0
1777179221.279,3080626,4,4,ADCS,255,BROADCAST,0,HEARTBEAT,48,HEARTBEAT,0,0,0,0,0,0,0x10013FC0
1777179222.344,3081720,4,4,ADCS,255,BROADCAST,0,HEARTBEAT,48,HEARTBEAT,0,0,0,0,0,0,0x10013FC0
1777179223.439,3082814,4,4,ADCS,255,BROADCAST,0,HEARTBEAT,48,HEARTBEAT,0,0,0,0,0,0,0x10013FC0
1777179224.556,3083909,4,4,ADCS,255,BROADCAST,0,HEARTBEAT,48,HEARTBEAT,0,0,0,0,0,0,0x10013FC0
1777179225.627,3085003,4,4,ADCS,255,BROADCAST,0,HEARTBEAT,48,HEARTBEAT,0,0,0,0,0,0,0x10013FC0
1777179226.722,3086098,4,4,ADCS,255,BROADCAST,0,HEARTBEAT,48,HEARTBEAT,0,0,0,0,0,0,0x10013FC0
1777179227.846,3087192,4,4,ADCS,255,BROADCAST,0,HEARTBEAT,48,HEARTBEAT,0,0,0,0,0,0,0x10013FC0
1777179228.911,3088286,4,4,ADCS,255,BROADCAST,0,HEARTBEAT,48,HEARTBEAT,0,0,0,0,0,0,0x10013FC0
1777179230.007,3089381,4,4,ADCS,255,BROADCAST,0,HEARTBEAT,48,HEARTBEAT,0,0,0,0,0,0,0x10013FC0
1777179231.115,3090475,4,4,ADCS,255,BROADCAST,0,HEARTBEAT,48,HEARTBEAT,0,0,0,0,0,0,0x10013FC0
1777179232.194,3091570,4,4,ADCS,255,BROADCAST,0,HEARTBEAT,48,HEARTBEAT,0,0,0,0,0,0,0x10013FC0
1777179233.288,3092664,4,4,ADCS,255,BROADCAST,0,HEARTBEAT,48,HEARTBEAT,0,0,0,0,0,0,0x10013FC0
1777179234.398,3093758,4,4,ADCS,255,BROADCAST,0,HEARTBEAT,48,HEARTBEAT,0,0,0,0,0,0,0x10013FC0
1777179235.477,3094853,4,4,ADCS,255,BROADCAST,0,HEARTBEAT,48,HEARTBEAT,0,0,0,0,0,0,0x10013FC0
1777179236.571,3095947,4,4,ADCS,255,BROADCAST,0,HEARTBEAT,48,HEARTBEAT,0,0,0,0,0,0,0x10013FC0
1777179237.676,3097042,4,4,ADCS,255,BROADCAST,0,HEARTBEAT,48,HEARTBEAT,0,0,0,0,0,0,0x10013FC0
1777179238.760,3098136,4,4,ADCS,255,BROADCAST,0,HEARTBEAT,48,HEARTBEAT,0,0,0,0,0,0,0x10013FC0
1777179239.852,3099230,4,4,ADCS,255,BROADCAST,0,HEARTBEAT,48,HEARTBEAT,0,0,0,0,0,0,0x10013FC0
1777179240.951,3100325,4,4,ADCS,255,BROADCAST,0,HEARTBEAT,48,HEARTBEAT,0,0,0,0,0,0,0x10013FC0
1777179242.080,3101419,4,4,ADCS,255,BROADCAST,0,HEARTBEAT,48,HEARTBEAT,0,0,0,0,0,0,0x10013FC0
1777179243.139,3102513,4,4,ADCS,255,BROADCAST,0,HEARTBEAT,48,HEARTBEAT,0,0,0,0,0,0,0x10013FC0
1777179244.232,3103608,4,4,ADCS,255,BROADCAST,0,HEARTBEAT,48,HEARTBEAT,0,0,0,0,0,0,0x10013FC0
1777179245.355,3104702,4,4,ADCS,255,BROADCAST,0,HEARTBEAT,48,HEARTBEAT,0,0,0,0,0,0,0x10013FC0
1777179246.422,3105797,4,4,ADCS,255,BROADCAST,0,HEARTBEAT,48,HEARTBEAT,0,0,0,0,0,0,0x10013FC0
1777179247.516,3106891,4,4,ADCS,255,BROADCAST,0,HEARTBEAT,48,HEARTBEAT,0,0,0,0,0,0,0x10013FC0
1777179248.636,3107985,4,4,ADCS,255,BROADCAST,0,HEARTBEAT,48,HEARTBEAT,0,0,0,0,0,0,0x10013FC0
1777179249.705,3109080,4,4,ADCS,255,BROADCAST,0,HEARTBEAT,48,HEARTBEAT,0,0,0,0,0,0,0x10013FC0
1777179250.800,3110174,4,4,ADCS,255,BROADCAST,0,HEARTBEAT,48,HEARTBEAT,0,0,0,0,0,0,0x10013FC0
1777179251.911,3111269,4,4,ADCS,255,BROADCAST,0,HEARTBEAT,48,HEARTBEAT,0,0,0,0,0,0,0x10013FC0
1777179252.988,3112363,4,4,ADCS,255,BROADCAST,0,HEARTBEAT,48,HEARTBEAT,0,0,0,0,0,0,0x10013FC0
1777179254.082,3113458,4,4,ADCS,255,BROADCAST,0,HEARTBEAT,48,HEARTBEAT,0,0,0,0,0,0,0x10013FC0
1777179255.188,3114552,4,4,ADCS,255,BROADCAST,0,HEARTBEAT,48,HEARTBEAT,0,0,0,0,0,0,0x10013FC0
1777179256.311,3115647,4,4,ADCS,255,BROADCAST,0,HEARTBEAT,48,HEARTBEAT,0,0,0,0,0,0,0x10013FC0
1777179257.367,3116741,4,4,ADCS,255,BROADCAST,0,HEARTBEAT,48,HEARTBEAT,0,0,0,0,0,0,0x10013FC0
1777179258.463,3117836,4,4,ADCS,255,BROADCAST,0,HEARTBEAT,48,HEARTBEAT,0,0,0,0,0,0,0x10013FC0
1777179259.582,3118931,4,4,ADCS,255,BROADCAST,0,HEARTBEAT,48,HEARTBEAT,0,0,0,0,0,0,0x10013FC0
1777179260.650,3120025,4,4,ADCS,255,BROADCAST,0,HEARTBEAT,48,HEARTBEAT,0,0,0,0,0,0,0x10013FC0
1777179261.746,3121120,4,4,ADCS,255,BROADCAST,0,HEARTBEAT,48,HEARTBEAT,0,0,0,0,0,0,0x10013FC0
1777179262.863,3122214,4,4,ADCS,255,BROADCAST,0,HEARTBEAT,48,HEARTBEAT,0,0,0,0,0,0,0x10013FC0
1777179263.932,3123309,4,4,ADCS,255,BROADCAST,0,HEARTBEAT,48,HEARTBEAT,0,0,0,0,0,0,0x10013FC0
1777179265.029,3124403,4,4,ADCS,255,BROADCAST,0,HEARTBEAT,48,HEARTBEAT,0,0,0,0,0,0,0x10013FC0
1777179266.140,3125497,4,4,ADCS,255,BROADCAST,0,HEARTBEAT,48,HEARTBEAT,0,0,0,0,0,0,0x10013FC0
1777179267.216,3126592,4,4,ADCS,255,BROADCAST,0,HEARTBEAT,48,HEARTBEAT,0,0,0,0,0,0,0x10013FC0
1777179268.311,3127686,4,4,ADCS,255,BROADCAST,0,HEARTBEAT,48,HEARTBEAT,0,0,0,0,0,0,0x10013FC0
1777179269.412,3128781,4,4,ADCS,255,BROADCAST,0,HEARTBEAT,48,HEARTBEAT,0,0,0,0,0,0,0x10013FC0
1777179270.499,3129875,4,4,ADCS,255,BROADCAST,0,HEARTBEAT,48,HEARTBEAT,0,0,0,0,0,0,0x10013FC0
1777179271.594,3130969,4,4,ADCS,255,BROADCAST,0,HEARTBEAT,48,HEARTBEAT,0,0,0,0,0,0,0x10013FC0
1777179272.700,3132064,4,4,ADCS,255,BROADCAST,0,HEARTBEAT,48,HEARTBEAT,0,0,0,0,0,0,0x10013FC0
1777179273.817,3133158,4,4,ADCS,255,BROADCAST,0,HEARTBEAT,48,HEARTBEAT,0,0,0,0,0,0,0x10013FC0
1777179274.877,3134253,4,4,ADCS,255,BROADCAST,0,HEARTBEAT,48,HEARTBEAT,0,0,0,0,0,0,0x10013FC0
1777179275.975,3135347,4,4,ADCS,255,BROADCAST,0,HEARTBEAT,48,HEARTBEAT,0,0,0,0,0,0,0x10013FC0
1777179277.096,3136442,4,4,ADCS,255,BROADCAST,0,HEARTBEAT,48,HEARTBEAT,0,0,0,0,0,0,0x10013FC0
1777179278.160,3137536,4,4,ADCS,255,BROADCAST,0,HEARTBEAT,48,HEARTBEAT,0,0,0,0,0,0,0x10013FC0
1777179279.255,3138630,4,4,ADCS,255,BROADCAST,0,HEARTBEAT,48,HEARTBEAT,0,0,0,0,0,0,0x10013FC0
1777179280.367,3139725,4,4,ADCS,255,BROADCAST,0,HEARTBEAT,48,HEARTBEAT,0,0,0,0,0,0,0x10013FC0
1777179281.443,3140819,4,4,ADCS,255,BROADCAST,0,HEARTBEAT,48,HEARTBEAT,0,0,0,0,0,0,0x10013FC0
1777179282.538,3141914,4,4,ADCS,255,BROADCAST,0,HEARTBEAT,48,HEARTBEAT,0,0,0,0,0,0,0x10013FC0
1777179283.638,3143008,4,4,ADCS,255,BROADCAST,0,HEARTBEAT,48,HEARTBEAT,0,0,0,0,0,0,0x10013FC0
1777179284.728,3144102,4,4,ADCS,255,BROADCAST,0,HEARTBEAT,48,HEARTBEAT,0,0,0,0,0,0,0x10013FC0
1777179285.821,3145196,4,4,ADCS,255,BROADCAST,0,HEARTBEAT,48,HEARTBEAT,0,0,0,0,0,0,0x10013FC0
1777179286.945,3146291,4,4,ADCS,255,BROADCAST,0,HEARTBEAT,48,HEARTBEAT,0,0,0,0,0,0,0x10013FC0
1777179288.010,3147385,4,4,ADCS,255,BROADCAST,0,HEARTBEAT,48,HEARTBEAT,0,0,0,0,0,0,0x10013FC0
1777179289.104,3148479,4,4,ADCS,255,BROADCAST,0,HEARTBEAT,48,HEARTBEAT,0,0,0,0,0,0,0x10013FC0
1777179290.207,3149574,4,4,ADCS,255,BROADCAST,0,HEARTBEAT,48,HEARTBEAT,0,0,0,0,0,0,0x10013FC0
1777179291.335,3150668,4,4,ADCS,255,BROADCAST,0,HEARTBEAT,48,HEARTBEAT,0,0,0,0,0,0,0x10013FC0
1777179292.387,3151762,4,4,ADCS,255,BROADCAST,0,HEARTBEAT,48,HEARTBEAT,0,0,0,0,0,0,0x10013FC0
1777179293.481,3152857,4,4,ADCS,255,BROADCAST,0,HEARTBEAT,48,HEARTBEAT,0,0,0,0,0,0,0x10013FC0
1777179294.607,3153951,4,4,ADCS,255,BROADCAST,0,HEARTBEAT,48,HEARTBEAT,0,0,0,0,0,0,0x10013FC0
1777179295.676,3155045,4,4,ADCS,255,BROADCAST,0,HEARTBEAT,48,HEARTBEAT,0,0,0,0,0,0,0x10013FC0
1777179296.764,3156140,4,4,ADCS,255,BROADCAST,0,HEARTBEAT,48,HEARTBEAT,0,0,0,0,0,0,0x10013FC0
1777179297.887,3157234,4,4,ADCS,255,BROADCAST,0,HEARTBEAT,48,HEARTBEAT,0,0,0,0,0,0,0x10013FC0
1777179298.953,3158329,4,4,ADCS,255,BROADCAST,0,HEARTBEAT,48,HEARTBEAT,0,0,0,0,0,0,0x10013FC0
1777179300.049,3159423,4,4,ADCS,255,BROADCAST,0,HEARTBEAT,48,HEARTBEAT,0,0,0,0,0,0,0x10013FC0
1777179301.160,3160517,4,4,ADCS,255,BROADCAST,0,HEARTBEAT,48,HEARTBEAT,0,0,0,0,0,0,0x10013FC0
1777179302.236,3161612,4,4,ADCS,255,BROADCAST,0,HEARTBEAT,48,HEARTBEAT,0,0,0,0,0,0,0x10013FC0
1777179303.330,3162706,4,4,ADCS,255,BROADCAST,0,HEARTBEAT,48,HEARTBEAT,0,0,0,0,0,0,0x10013FC0
1777179304.441,3163801,4,4,ADCS,255,BROADCAST,0,HEARTBEAT,48,HEARTBEAT,0,0,0,0,0,0,0x10013FC0
1777179305.519,3164895,4,4,ADCS,255,BROADCAST,0,HEARTBEAT,48,HEARTBEAT,0,0,0,0,0,0,0x10013FC0
1777179306.614,3165989,4,4,ADCS,255,BROADCAST,0,HEARTBEAT,48,HEARTBEAT,0,0,0,0,0,0,0x10013FC0
1777179307.723,3167084,4,4,ADCS,255,BROADCAST,0,HEARTBEAT,48,HEARTBEAT,0,0,0,0,0,0,0x10013FC0
1777179308.802,3168178,4,4,ADCS,255,BROADCAST,0,HEARTBEAT,48,HEARTBEAT,0,0,0,0,0,0,0x10013FC0
1777179309.898,3169273,4,4,ADCS,255,BROADCAST,0,HEARTBEAT,48,HEARTBEAT,0,0,0,0,0,0,0x10013FC0
1777179310.996,3170367,4,4,ADCS,255,BROADCAST,0,HEARTBEAT,48,HEARTBEAT,0,0,0,0,0,0,0x10013FC0
1777179312.118,3171461,4,4,ADCS,255,BROADCAST,0,HEARTBEAT,48,HEARTBEAT,0,0,0,0,0,0,0x10013FC0
1777179313.182,3172556,4,4,ADCS,255,BROADCAST,0,HEARTBEAT,48,HEARTBEAT,0,0,0,0,0,0,0x10013FC0
1777179314.275,3173650,4,4,ADCS,255,BROADCAST,0,HEARTBEAT,48,HEARTBEAT,0,0,0,0,0,0,0x10013FC0
1777179315.396,3174745,4,4,ADCS,255,BROADCAST,0,HEARTBEAT,48,HEARTBEAT,0,0,0,0,0,0,0x10013FC0
1777179316.464,3175839,4,4,ADCS,255,BROADCAST,0,HEARTBEAT,48,HEARTBEAT,0,0,0,0,0,0,0x10013FC0
1777179317.558,3176933,4,4,ADCS,255,BROADCAST,0,HEARTBEAT,48,HEARTBEAT,0,0,0,0,0,0,0x10013FC0
1777179318.676,3178028,4,4,ADCS,255,BROADCAST,0,HEARTBEAT,48,HEARTBEAT,0,0,0,0,0,0,0x10013FC0
1777179319.750,3179122,4,4,ADCS,255,BROADCAST,0,HEARTBEAT,48,HEARTBEAT,0,0,0,0,0,0,0x10013FC0
1777179320.841,3180216,4,4,ADCS,255,BROADCAST,0,HEARTBEAT,48,HEARTBEAT,0,0,0,0,0,0,0x10013FC0
1777179321.953,3181311,4,4,ADCS,255,BROADCAST,0,HEARTBEAT,48,HEARTBEAT,0,0,0,0,0,0,0x10013FC0
1777179323.030,3182405,4,4,ADCS,255,BROADCAST,0,HEARTBEAT,48,HEARTBEAT,0,0,0,0,0,0,0x10013FC0
1777179324.126,3183499,4,4,ADCS,255,BROADCAST,0,HEARTBEAT,48,HEARTBEAT,0,0,0,0,0,0,0x10013FC0
1777179325.231,3184594,4,4,ADCS,255,BROADCAST,0,HEARTBEAT,48,HEARTBEAT,0,0,0,0,0,0,0x10013FC0
1777179326.313,3185688,4,4,ADCS,255,BROADCAST,0,HEARTBEAT,48,HEARTBEAT,0,0,0,0,0,0,0x10013FC0
1777179327.410,3186783,4,4,ADCS,255,BROADCAST,0,HEARTBEAT,48,HEARTBEAT,0,0,0,0,0,0,0x10013FC0
1777179328.505,3187877,4,4,ADCS,255,BROADCAST,0,HEARTBEAT,48,HEARTBEAT,0,0,0,0,0,0,0x10013FC0
1777179329.632,3188971,4,4,ADCS,255,BROADCAST,0,HEARTBEAT,48,HEARTBEAT,0,0,0,0,0,0,0x10013FC0
1777179330.691,3190066,4,4,ADCS,255,BROADCAST,0,HEARTBEAT,48,HEARTBEAT,0,0,0,0,0,0,0x10013FC0
1777179331.785,3191160,4,4,ADCS,255,BROADCAST,0,HEARTBEAT,48,HEARTBEAT,0,0,0,0,0,0,0x10013FC0
1777179332.906,3192255,4,4,ADCS,255,BROADCAST,0,HEARTBEAT,48,HEARTBEAT,0,0,0,0,0,0,0x10013FC0
1777179333.974,3193349,4,4,ADCS,255,BROADCAST,0,HEARTBEAT,48,HEARTBEAT,0,0,0,0,0,0,0x10013FC0
1777179335.068,3194443,4,4,ADCS,255,BROADCAST,0,HEARTBEAT,48,HEARTBEAT,0,0,0,0,0,0,0x10013FC0
1777179336.189,3195538,4,4,ADCS,255,BROADCAST,0,HEARTBEAT,48,HEARTBEAT,0,0,0,0,0,0,0x10013FC0
1777179337.257,3196632,4,4,ADCS,255,BROADCAST,0,HEARTBEAT,48,HEARTBEAT,0,0,0,0,0,0,0x10013FC0
1777179338.354,3197727,4,4,ADCS,255,BROADCAST,0,HEARTBEAT,48,HEARTBEAT,0,0,0,0,0,0,0x10013FC0
1777179339.476,3198821,4,4,ADCS,255,BROADCAST,0,HEARTBEAT,48,HEARTBEAT,0,0,0,0,0,0,0x10013FC0
1777179340.540,3199915,4,4,ADCS,255,BROADCAST,0,HEARTBEAT,48,HEARTBEAT,0,0,0,0,0,0,0x10013FC0
1777179341.634,3201009,4,4,ADCS,255,BROADCAST,0,HEARTBEAT,48,HEARTBEAT,0,0,0,0,0,0,0x10013FC0
1777179342.738,3202104,4,4,ADCS,255,BROADCAST,0,HEARTBEAT,48,HEARTBEAT,0,0,0,0,0,0,0x10013FC0
1777179343.823,3203198,4,4,ADCS,255,BROADCAST,0,HEARTBEAT,48,HEARTBEAT,0,0,0,0,0,0,0x10013FC0
1777179344.918,3204293,4,4,ADCS,255,BROADCAST,0,HEARTBEAT,48,HEARTBEAT,0,0,0,0,0,0,0x10013FC0
1777179346.015,3205387,4,4,ADCS,255,BROADCAST,0,HEARTBEAT,48,HEARTBEAT,0,0,0,0,0,0,0x10013FC0
1777179347.139,3206482,4,4,ADCS,255,BROADCAST,0,HEARTBEAT,48,HEARTBEAT,0,0,0,0,0,0,0x10013FC0
1777179348.200,3207576,4,4,ADCS,255,BROADCAST,0,HEARTBEAT,48,HEARTBEAT,0,0,0,0,0,0,0x10013FC0
1777179349.296,3208670,4,4,ADCS,255,BROADCAST,0,HEARTBEAT,48,HEARTBEAT,0,0,0,0,0,0,0x10013FC0
1777179350.419,3209765,4,4,ADCS,255,BROADCAST,0,HEARTBEAT,48,HEARTBEAT,0,0,0,0,0,0,0x10013FC0
1777179351.485,3210859,4,4,ADCS,255,BROADCAST,0,HEARTBEAT,48,HEARTBEAT,0,0,0,0,0,0,0x10013FC0
1777179352.581,3211953,4,4,ADCS,255,BROADCAST,0,HEARTBEAT,48,HEARTBEAT,0,0,0,0,0,0,0x10013FC0
1777179353.697,3213048,4,4,ADCS,255,BROADCAST,0,HEARTBEAT,48,HEARTBEAT,0,0,0,0,0,0,0x10013FC0
1777179354.770,3214142,4,4,ADCS,255,BROADCAST,0,HEARTBEAT,48,HEARTBEAT,0,0,0,0,0,0,0x10013FC0
1777179355.861,3215236,4,4,ADCS,255,BROADCAST,0,HEARTBEAT,48,HEARTBEAT,0,0,0,0,0,0,0x10013FC0
1777179356.977,3216331,4,4,ADCS,255,BROADCAST,0,HEARTBEAT,48,HEARTBEAT,0,0,0,0,0,0,0x10013FC0
1777179358.049,3217425,4,4,ADCS,255,BROADCAST,0,HEARTBEAT,48,HEARTBEAT,0,0,0,0,0,0,0x10013FC0
1777179359.147,3218519,4,4,ADCS,255,BROADCAST,0,HEARTBEAT,48,HEARTBEAT,0,0,0,0,0,0,0x10013FC0
1777179360.245,3219614,4,4,ADCS,255,BROADCAST,0,HEARTBEAT,48,HEARTBEAT,0,0,0,0,0,0,0x10013FC0
1777179361.335,3220708,4,4,ADCS,255,BROADCAST,0,HEARTBEAT,48,HEARTBEAT,0,0,0,0,0,0,0x10013FC0
1777179362.430,3221803,4,4,ADCS,255,BROADCAST,0,HEARTBEAT,48,HEARTBEAT,0,0,0,0,0,0,0x10013FC0
1777179363.529,3222897,4,4,ADCS,255,BROADCAST,0,HEARTBEAT,48,HEARTBEAT,0,0,0,0,0,0,0x10013FC0
1777179364.652,3223991,4,4,ADCS,255,BROADCAST,0,HEARTBEAT,48,HEARTBEAT,0,0,0,0,0,0,0x10013FC0
1777179365.710,3225086,4,4,ADCS,255,BROADCAST,0,HEARTBEAT,48,HEARTBEAT,0,0,0,0,0,0,0x10013FC0
1777179366.811,3226180,4,4,ADCS,255,BROADCAST,0,HEARTBEAT,48,HEARTBEAT,0,0,0,0,0,0,0x10013FC0
1777179439.033,10227,4,4,ADCS,255,BROADCAST,0,HEARTBEAT,48,HEARTBEAT,0,0,0,0,0,0,0x10013FC0
1777179440.132,11322,4,4,ADCS,255,BROADCAST,0,HEARTBEAT,48,HEARTBEAT,0,0,0,0,0,0,0x10013FC0
1777179441.251,12416,4,4,ADCS,255,BROADCAST,0,HEARTBEAT,48,HEARTBEAT,0,0,0,0,0,0,0x10013FC0
1777179442.315,13510,4,4,ADCS,255,BROADCAST,0,HEARTBEAT,48,HEARTBEAT,0,0,0,0,0,0,0x10013FC0
1777179443.413,14605,4,4,ADCS,255,BROADCAST,0,HEARTBEAT,48,HEARTBEAT,0,0,0,0,0,0,0x10013FC0
1777179444.524,15699,4,4,ADCS,255,BROADCAST,0,HEARTBEAT,48,HEARTBEAT,0,0,0,0,0,0,0x10013FC0
1777179445.598,16794,4,4,ADCS,255,BROADCAST,0,HEARTBEAT,48,HEARTBEAT,0,0,0,0,0,0,0x10013FC0
1777179446.692,17888,4,4,ADCS,255,BROADCAST,0,HEARTBEAT,48,HEARTBEAT,0,0,0,0,0,0,0x10013FC0
1777179447.804,18982,4,4,ADCS,255,BROADCAST,0,HEARTBEAT,48,HEARTBEAT,0,0,0,0,0,0,0x10013FC0
1777179448.881,20077,4,4,ADCS,255,BROADCAST,0,HEARTBEAT,48,HEARTBEAT,0,0,0,0,0,0,0x10013FC0
1777179449.976,21171,4,4,ADCS,255,BROADCAST,0,HEARTBEAT,48,HEARTBEAT,0,0,0,0,0,0,0x10013FC0
1777179451.076,22265,4,4,ADCS,255,BROADCAST,0,HEARTBEAT,48,HEARTBEAT,0,0,0,0,0,0,0x10013FC0
1777179452.164,23360,4,4,ADCS,255,BROADCAST,0,HEARTBEAT,48,HEARTBEAT,0,0,0,0,0,0,0x10013FC0
1777179453.259,24454,4,4,ADCS,255,BROADCAST,0,HEARTBEAT,48,HEARTBEAT,0,0,0,0,0,0,0x10013FC0
1777179454.361,25548,4,4,ADCS,255,BROADCAST,0,HEARTBEAT,48,HEARTBEAT,0,0,0,0,0,0,0x10013FC0
1777179455.484,26643,4,4,ADCS,255,BROADCAST,0,HEARTBEAT,48,HEARTBEAT,0,0,0,0,0,0,0x10013FC0
1777179456.542,27737,4,4,ADCS,255,BROADCAST,0,HEARTBEAT,48,HEARTBEAT,0,0,0,0,0,0,0x10013FC0
1777179457.634,28831,4,4,ADCS,255,BROADCAST,0,HEARTBEAT,48,HEARTBEAT,0,0,0,0,0,0,0x10013FC0
1777179458.748,29925,4,4,ADCS,255,BROADCAST,0,HEARTBEAT,48,HEARTBEAT,0,0,0,0,0,0,0x10013FC0
1777179459.824,31020,4,4,ADCS,255,BROADCAST,0,HEARTBEAT,48,HEARTBEAT,0,0,0,0,0,0,0x10013FC0
1777179460.919,32114,4,4,ADCS,255,BROADCAST,0,HEARTBEAT,48,HEARTBEAT,0,0,0,0,0,0,0x10013FC0
1777179462.035,33208,4,4,ADCS,255,BROADCAST,0,HEARTBEAT,48,HEARTBEAT,0,0,0,0,0,0,0x10013FC0
1777179463.107,34303,4,4,ADCS,255,BROADCAST,0,HEARTBEAT,48,HEARTBEAT,0,0,0,0,0,0,0x10013FC0
1777179464.201,35397,4,4,ADCS,255,BROADCAST,0,HEARTBEAT,48,HEARTBEAT,0,0,0,0,0,0,0x10013FC0
1777179465.314,36491,4,4,ADCS,255,BROADCAST,0,HEARTBEAT,48,HEARTBEAT,0,0,0,0,0,0,0x10013FC0
1777179466.390,37585,4,4,ADCS,255,BROADCAST,0,HEARTBEAT,48,HEARTBEAT,0,0,0,0,0,0,0x10013FC0
1777179467.484,38679,4,4,ADCS,255,BROADCAST,0,HEARTBEAT,48,HEARTBEAT,0,0,0,0,0,0,0x10013FC0
1777179468.581,39774,4,4,ADCS,255,BROADCAST,0,HEARTBEAT,48,HEARTBEAT,0,0,0,0,0,0,0x10013FC0
1777179469.673,40868,4,4,ADCS,255,BROADCAST,0,HEARTBEAT,48,HEARTBEAT,0,0,0,0,0,0,0x10013FC0
1777179470.767,41962,4,4,ADCS,255,BROADCAST,0,HEARTBEAT,48,HEARTBEAT,0,0,0,0,0,0,0x10013FC0
1777179471.864,43056,4,4,ADCS,255,BROADCAST,0,HEARTBEAT,48,HEARTBEAT,0,0,0,0,0,0,0x10013FC0
1777179472.997,44150,4,4,ADCS,255,BROADCAST,0,HEARTBEAT,48,HEARTBEAT,0,0,0,0,0,0,0x10013FC0
1777179474.050,45244,4,4,ADCS,255,BROADCAST,0,HEARTBEAT,48,HEARTBEAT,0,0,0,0,0,0,0x10013FC0
1777179475.146,46339,4,4,ADCS,255,BROADCAST,0,HEARTBEAT,48,HEARTBEAT,0,0,0,0,0,0,0x10013FC0
1777179476.276,47433,4,4,ADCS,255,BROADCAST,0,HEARTBEAT,48,HEARTBEAT,0,0,0,0,0,0,0x10013FC0
1777179477.332,48527,4,4,ADCS,255,BROADCAST,0,HEARTBEAT,48,HEARTBEAT,0,0,0,0,0,0,0x10013FC0
1777179478.426,49621,4,4,ADCS,255,BROADCAST,0,HEARTBEAT,48,HEARTBEAT,0,0,0,0,0,0,0x10013FC0
1777179479.550,50715,4,4,ADCS,255,BROADCAST,0,HEARTBEAT,48,HEARTBEAT,0,0,0,0,0,0,0x10013FC0
1777179480.614,51810,4,4,ADCS,255,BROADCAST,0,HEARTBEAT,48,HEARTBEAT,0,0,0,0,0,0,0x10013FC0
1777179481.708,52904,4,4,ADCS,255,BROADCAST,0,HEARTBEAT,48,HEARTBEAT,0,0,0,0,0,0,0x10013FC0
1777179482.815,53998,4,4,ADCS,255,BROADCAST,0,HEARTBEAT,48,HEARTBEAT,0,0,0,0,0,0,0x10013FC0
1777179483.896,55092,4,4,ADCS,255,BROADCAST,0,HEARTBEAT,48,HEARTBEAT,0,0,0,0,0,0,0x10013FC0
1777179484.991,56186,4,4,ADCS,255,BROADCAST,0,HEARTBEAT,48,HEARTBEAT,0,0,0,0,0,0,0x10013FC0
1777179486.094,57281,4,4,ADCS,255,BROADCAST,0,HEARTBEAT,48,HEARTBEAT,0,0,0,0,0,0,0x10013FC0
1777179487.179,58375,4,4,ADCS,255,BROADCAST,0,HEARTBEAT,48,HEARTBEAT,0,0,0,0,0,0,0x10013FC0
1777179488.274,59469,4,4,ADCS,255,BROADCAST,0,HEARTBEAT,48,HEARTBEAT,0,0,0,0,0,0,0x10013FC0
1777179489.381,60563,4,4,ADCS,255,BROADCAST,0,HEARTBEAT,48,HEARTBEAT,0,0,0,0,0,0,0x10013FC0
1777179490.462,61657,4,4,ADCS,255,BROADCAST,0,HEARTBEAT,48,HEARTBEAT,0,0,0,0,0,0,0x10013FC0
1777179491.559,62752,4,4,ADCS,255,BROADCAST,0,HEARTBEAT,48,HEARTBEAT,0,0,0,0,0,0,0x10013FC0
1777179492.651,63846,4,4,ADCS,255,BROADCAST,0,HEARTBEAT,48,HEARTBEAT,0,0,0,0,0,0,0x10013FC0
1777179493.774,64940,4,4,ADCS,255,BROADCAST,0,HEARTBEAT,48,HEARTBEAT,0,0,0,0,0,0,0x10013FC0
1777179494.838,66034,4,4,ADCS,255,BROADCAST,0,HEARTBEAT,48,HEARTBEAT,0,0,0,0,0,0,0x10013FC0
1777179495.933,67129,4,4,ADCS,255,BROADCAST,0,HEARTBEAT,48,HEARTBEAT,0,0,0,0,0,0,0x10013FC0
1777179497.060,68223,4,4,ADCS,255,BROADCAST,0,HEARTBEAT,48,HEARTBEAT,0,0,0,0,0,0,0x10013FC0
1777179498.122,69317,4,4,ADCS,255,BROADCAST,0,HEARTBEAT,48,HEARTBEAT,0,0,0,0,0,0,0x10013FC0
1777179499.223,70411,4,4,ADCS,255,BROADCAST,0,HEARTBEAT,48,HEARTBEAT,0,0,0,0,0,0,0x10013FC0
1777179500.345,71505,4,4,ADCS,255,BROADCAST,0,HEARTBEAT,48,HEARTBEAT,0,0,0,0,0,0,0x10013FC0
1777179501.411,72600,4,4,ADCS,255,BROADCAST,0,HEARTBEAT,48,HEARTBEAT,0,0,0,0,0,0,0x10013FC0
1777179502.498,73694,4,4,ADCS,255,BROADCAST,0,HEARTBEAT,48,HEARTBEAT,0,0,0,0,0,0,0x10013FC0
1777179503.611,74788,4,4,ADCS,255,BROADCAST,0,HEARTBEAT,48,HEARTBEAT,0,0,0,0,0,0,0x10013FC0
1777179504.688,75882,4,4,ADCS,255,BROADCAST,0,HEARTBEAT,48,HEARTBEAT,0,0,0,0,0,0,0x10013FC0
1777179505.781,76977,4,4,ADCS,255,BROADCAST,0,HEARTBEAT,48,HEARTBEAT,0,0,0,0,0,0,0x10013FC0
1777179506.881,78071,4,4,ADCS,255,BROADCAST,0,HEARTBEAT,48,HEARTBEAT,0,0,0,0,0,0,0x10013FC0
1777179507.979,79165,4,4,ADCS,255,BROADCAST,0,HEARTBEAT,48,HEARTBEAT,0,0,0,0,0,0,0x10013FC0
1777179509.064,80259,4,4,ADCS,255,BROADCAST,0,HEARTBEAT,48,HEARTBEAT,0,0,0,0,0,0,0x10013FC0
1777179510.162,81353,4,4,ADCS,255,BROADCAST,0,HEARTBEAT,48,HEARTBEAT,0,0,0,0,0,0,0x10013FC0
1777179511.295,82448,4,4,ADCS,255,BROADCAST,0,HEARTBEAT,48,HEARTBEAT,0,0,0,0,0,0,0x10013FC0
1777179512.347,83542,4,4,ADCS,255,BROADCAST,0,HEARTBEAT,48,HEARTBEAT,0,0,0,0,0,0,0x10013FC0
1777179513.441,84636,4,4,ADCS,255,BROADCAST,0,HEARTBEAT,48,HEARTBEAT,0,0,0,0,0,0,0x10013FC0
1777179514.565,85730,4,4,ADCS,255,BROADCAST,0,HEARTBEAT,48,HEARTBEAT,0,0,0,0,0,0,0x10013FC0
1777179515.629,86824,4,4,ADCS,255,BROADCAST,0,HEARTBEAT,48,HEARTBEAT,0,0,0,0,0,0,0x10013FC0
1777179516.723,87918,4,4,ADCS,255,BROADCAST,0,HEARTBEAT,48,HEARTBEAT,0,0,0,0,0,0,0x10013FC0
1777179517.850,89012,4,4,ADCS,255,BROADCAST,0,HEARTBEAT,48,HEARTBEAT,0,0,0,0,0,0,0x10013FC0
1777179518.911,90107,4,4,ADCS,255,BROADCAST,0,HEARTBEAT,48,HEARTBEAT,0,0,0,0,0,0,0x10013FC0
1777179520.006,91201,4,4,ADCS,255,BROADCAST,0,HEARTBEAT,48,HEARTBEAT,0,0,0,0,0,0,0x10013FC0
1777179521.123,92295,4,4,ADCS,255,BROADCAST,0,HEARTBEAT,48,HEARTBEAT,0,0,0,0,0,0,0x10013FC0
1777179522.193,93389,4,4,ADCS,255,BROADCAST,0,HEARTBEAT,48,HEARTBEAT,0,0,0,0,0,0,0x10013FC0
1777179523.288,94483,4,4,ADCS,255,BROADCAST,0,HEARTBEAT,48,HEARTBEAT,0,0,0,0,0,0,0x10013FC0
1777179524.398,95577,4,4,ADCS,255,BROADCAST,0,HEARTBEAT,48,HEARTBEAT,0,0,0,0,0,0,0x10013FC0
1777179525.477,96671,4,4,ADCS,255,BROADCAST,0,HEARTBEAT,48,HEARTBEAT,0,0,0,0,0,0,0x10013FC0
1777179526.570,97765,4,4,ADCS,255,BROADCAST,0,HEARTBEAT,48,HEARTBEAT,0,0,0,0,0,0,0x10013FC0
1777179527.671,98859,4,4,ADCS,255,BROADCAST,0,HEARTBEAT,48,HEARTBEAT,0,0,0,0,0,0,0x10013FC0
1777179528.759,99954,4,4,ADCS,255,BROADCAST,0,HEARTBEAT,48,HEARTBEAT,0,0,0,0,0,0,0x10013FC0
1777179529.852,101048,4,4,ADCS,255,BROADCAST,0,HEARTBEAT,48,HEARTBEAT,0,0,0,0,0,0,0x10013FC0
1777179530.955,102142,4,4,ADCS,255,BROADCAST,0,HEARTBEAT,48,HEARTBEAT,0,0,0,0,0,0,0x10013FC0
1777179532.080,103237,4,4,ADCS,255,BROADCAST,0,HEARTBEAT,48,HEARTBEAT,0,0,0,0,0,0,0x10013FC0
1777179533.136,104331,4,4,ADCS,255,BROADCAST,0,HEARTBEAT,48,HEARTBEAT,0,0,0,0,0,0,0x10013FC0
1777179534.230,105425,4,4,ADCS,255,BROADCAST,0,HEARTBEAT,48,HEARTBEAT,0,0,0,0,0,0,0x10013FC0
1777179535.351,106519,4,4,ADCS,255,BROADCAST,0,HEARTBEAT,48,HEARTBEAT,0,0,0,0,0,0,0x10013FC0
1777179536.418,107613,4,4,ADCS,255,BROADCAST,0,HEARTBEAT,48,HEARTBEAT,0,0,0,0,0,0,0x10013FC0
1777179537.512,108708,4,4,ADCS,255,BROADCAST,0,HEARTBEAT,48,HEARTBEAT,0,0,0,0,0,0,0x10013FC0
1777179538.631,109802,4,4,ADCS,255,BROADCAST,0,HEARTBEAT,48,HEARTBEAT,0,0,0,0,0,0,0x10013FC0
1777179539.701,110896,4,4,ADCS,255,BROADCAST,0,HEARTBEAT,48,HEARTBEAT,0,0,0,0,0,0,0x10013FC0
1777179540.795,111990,4,4,ADCS,255,BROADCAST,0,HEARTBEAT,48,HEARTBEAT,0,0,0,0,0,0,0x10013FC0
1777179541.911,113084,4,4,ADCS,255,BROADCAST,0,HEARTBEAT,48,HEARTBEAT,0,0,0,0,0,0,0x10013FC0
1777179542.983,114179,4,4,ADCS,255,BROADCAST,0,HEARTBEAT,48,HEARTBEAT,0,0,0,0,0,0,0x10013FC0
1777179544.078,115273,4,4,ADCS,255,BROADCAST,0,HEARTBEAT,48,HEARTBEAT,0,0,0,0,0,0,0x10013FC0
1777179545.202,116367,4,4,ADCS,255,BROADCAST,0,HEARTBEAT,48,HEARTBEAT,0,0,0,0,0,0,0x10013FC0
1777179546.267,117461,4,4,ADCS,255,BROADCAST,0,HEARTBEAT,48,HEARTBEAT,0,0,0,0,0,0,0x10013FC0
1777179547.360,118555,4,4,ADCS,255,BROADCAST,0,HEARTBEAT,48,HEARTBEAT,0,0,0,0,0,0,0x10013FC0
1777179548.464,119650,4,4,ADCS,255,BROADCAST,0,HEARTBEAT,48,HEARTBEAT,0,0,0,0,0,0,0x10013FC0
1777179549.550,120744,4,4,ADCS,255,BROADCAST,0,HEARTBEAT,48,HEARTBEAT,0,0,0,0,0,0,0x10013FC0
1777179550.644,121838,4,4,ADCS,255,BROADCAST,0,HEARTBEAT,48,HEARTBEAT,0,0,0,0,0,0,0x10013FC0
1777179551.741,122933,4,4,ADCS,255,BROADCAST,0,HEARTBEAT,48,HEARTBEAT,0,0,0,0,0,0,0x10013FC0
1777179552.869,124027,4,4,ADCS,255,BROADCAST,0,HEARTBEAT,48,HEARTBEAT,0,0,0,0,0,0,0x10013FC0
1777179553.932,125121,4,4,ADCS,255,BROADCAST,0,HEARTBEAT,48,HEARTBEAT,0,0,0,0,0,0,0x10013FC0
1777179555.024,126215,4,4,ADCS,255,BROADCAST,0,HEARTBEAT,48,HEARTBEAT,0,0,0,0,0,0,0x10013FC0
1777179556.141,127310,4,4,ADCS,255,BROADCAST,0,HEARTBEAT,48,HEARTBEAT,0,0,0,0,0,0,0x10013FC0
1777179557.209,128404,4,4,ADCS,255,BROADCAST,0,HEARTBEAT,48,HEARTBEAT,0,0,0,0,0,0,0x10013FC0
1777179558.304,129498,4,4,ADCS,255,BROADCAST,0,HEARTBEAT,48,HEARTBEAT,0,0,0,0,0,0,0x10013FC0
1777179559.411,130593,4,4,ADCS,255,BROADCAST,0,HEARTBEAT,48,HEARTBEAT,0,0,0,0,0,0,0x10013FC0
1777179560.492,131687,4,4,ADCS,255,BROADCAST,0,HEARTBEAT,48,HEARTBEAT,0,0,0,0,0,0,0x10013FC0
1777179561.586,132781,4,4,ADCS,255,BROADCAST,0,HEARTBEAT,48,HEARTBEAT,0,0,0,0,0,0,0x10013FC0
1777179562.691,133875,4,4,ADCS,255,BROADCAST,0,HEARTBEAT,48,HEARTBEAT,0,0,0,0,0,0,0x10013FC0
1777179563.775,134970,4,4,ADCS,255,BROADCAST,0,HEARTBEAT,48,HEARTBEAT,0,0,0,0,0,0,0x10013FC0
1777179564.869,136064,4,4,ADCS,255,BROADCAST,0,HEARTBEAT,48,HEARTBEAT,0,0,0,0,0,0,0x10013FC0
1777179565.976,137158,4,4,ADCS,255,BROADCAST,0,HEARTBEAT,48,HEARTBEAT,0,0,0,0,0,0,0x10013FC0
1777179567.057,138252,4,4,ADCS,255,BROADCAST,0,HEARTBEAT,48,HEARTBEAT,0,0,0,0,0,0,0x10013FC0
1777179568.151,139346,4,4,ADCS,255,BROADCAST,0,HEARTBEAT,48,HEARTBEAT,0,0,0,0,0,0,0x10013FC0
1777179569.255,140440,4,4,ADCS,255,BROADCAST,0,HEARTBEAT,48,HEARTBEAT,0,0,0,0,0,0,0x10013FC0
1777179570.377,141535,4,4,ADCS,255,BROADCAST,0,HEARTBEAT,48,HEARTBEAT,0,0,0,0,0,0,0x10013FC0
1777179571.435,142629,4,4,ADCS,255,BROADCAST,0,HEARTBEAT,48,HEARTBEAT,0,0,0,0,0,0,0x10013FC0
1777179572.528,143723,4,4,ADCS,255,BROADCAST,0,HEARTBEAT,48,HEARTBEAT,0,0,0,0,0,0,0x10013FC0
1777179573.657,144817,4,4,ADCS,255,BROADCAST,0,HEARTBEAT,48,HEARTBEAT,0,0,0,0,0,0,0x10013FC0
1777179574.718,145911,4,4,ADCS,255,BROADCAST,0,HEARTBEAT,48,HEARTBEAT,0,0,0,0,0,0,0x10013FC0
1777179575.812,147006,4,4,ADCS,255,BROADCAST,0,HEARTBEAT,48,HEARTBEAT,0,0,0,0,0,0,0x10013FC0
1777179576.933,148100,4,4,ADCS,255,BROADCAST,0,HEARTBEAT,48,HEARTBEAT,0,0,0,0,0,0,0x10013FC0
1777179578.000,149194,4,4,ADCS,255,BROADCAST,0,HEARTBEAT,48,HEARTBEAT,0,0,0,0,0,0,0x10013FC0
1777179579.094,150288,4,4,ADCS,255,BROADCAST,0,HEARTBEAT,48,HEARTBEAT,0,0,0,0,0,0,0x10013FC0
1777179580.202,151383,4,4,ADCS,255,BROADCAST,0,HEARTBEAT,48,HEARTBEAT,0,0,0,0,0,0,0x10013FC0
1777179581.282,152477,4,4,ADCS,255,BROADCAST,0,HEARTBEAT,48,HEARTBEAT,0,0,0,0,0,0,0x10013FC0
1777179582.391,153571,4,4,ADCS,255,BROADCAST,0,HEARTBEAT,48,HEARTBEAT,0,0,0,0,0,0,0x10013FC0
1777179583.487,154665,4,4,ADCS,255,BROADCAST,0,HEARTBEAT,48,HEARTBEAT,0,0,0,0,0,0,0x10013FC0
1777179584.564,155759,4,4,ADCS,255,BROADCAST,0,HEARTBEAT,48,HEARTBEAT,0,0,0,0,0,0,0x10013FC0
1777179585.645,156853,4,4,ADCS,255,BROADCAST,0,HEARTBEAT,48,HEARTBEAT,0,0,0,0,0,0,0x10013FC0
1777179586.759,157948,4,4,ADCS,255,BROADCAST,0,HEARTBEAT,48,HEARTBEAT,0,0,0,0,0,0,0x10013FC0
1777179587.847,159042,4,4,ADCS,255,BROADCAST,0,HEARTBEAT,48,HEARTBEAT,0,0,0,0,0,0,0x10013FC0
1777179588.943,160136,4,4,ADCS,255,BROADCAST,0,HEARTBEAT,48,HEARTBEAT,0,0,0,0,0,0,0x10013FC0
1777179590.040,161230,4,4,ADCS,255,BROADCAST,0,HEARTBEAT,48,HEARTBEAT,0,0,0,0,0,0,0x10013FC0
1777179591.168,162324,4,4,ADCS,255,BROADCAST,0,HEARTBEAT,48,HEARTBEAT,0,0,0,0,0,0,0x10013FC0
1777179592.224,163419,4,4,ADCS,255,BROADCAST,0,HEARTBEAT,48,HEARTBEAT,0,0,0,0,0,0,0x10013FC0
1777179593.318,164513,4,4,ADCS,255,BROADCAST,0,HEARTBEAT,48,HEARTBEAT,0,0,0,0,0,0,0x10013FC0
1777179594.443,165607,4,4,ADCS,255,BROADCAST,0,HEARTBEAT,48,HEARTBEAT,0,0,0,0,0,0,0x10013FC0
1777179595.507,166701,4,4,ADCS,255,BROADCAST,0,HEARTBEAT,48,HEARTBEAT,0,0,0,0,0,0,0x10013FC0
1777179596.600,167796,4,4,ADCS,255,BROADCAST,0,HEARTBEAT,48,HEARTBEAT,0,0,0,0,0,0,0x10013FC0
1777179597.716,168890,4,4,ADCS,255,BROADCAST,0,HEARTBEAT,48,HEARTBEAT,0,0,0,0,0,0,0x10013FC0
1777179598.789,169984,4,4,ADCS,255,BROADCAST,0,HEARTBEAT,48,HEARTBEAT,0,0,0,0,0,0,0x10013FC0
1777179599.884,171079,4,4,ADCS,255,BROADCAST,0,HEARTBEAT,48,HEARTBEAT,0,0,0,0,0,0,0x10013FC0
1777179601.000,172173,4,4,ADCS,255,BROADCAST,0,HEARTBEAT,48,HEARTBEAT,0,0,0,0,0,0,0x10013FC0
1777179602.073,173267,4,4,ADCS,255,BROADCAST,0,HEARTBEAT,48,HEARTBEAT,0,0,0,0,0,0,0x10013FC0
1777179603.168,174361,4,4,ADCS,255,BROADCAST,0,HEARTBEAT,48,HEARTBEAT,0,0,0,0,0,0,0x10013FC0
1777179604.274,175456,4,4,ADCS,255,BROADCAST,0,HEARTBEAT,48,HEARTBEAT,0,0,0,0,0,0,0x10013FC0
1777179605.355,176550,4,4,ADCS,255,BROADCAST,0,HEARTBEAT,48,HEARTBEAT,0,0,0,0,0,0,0x10013FC0
1777179606.450,177644,4,4,ADCS,255,BROADCAST,0,HEARTBEAT,48,HEARTBEAT,0,0,0,0,0,0,0x10013FC0
1777179607.549,178738,4,4,ADCS,255,BROADCAST,0,HEARTBEAT,48,HEARTBEAT,0,0,0,0,0,0,0x10013FC0
1777179608.678,179833,4,4,ADCS,255,BROADCAST,0,HEARTBEAT,48,HEARTBEAT,0,0,0,0,0,0,0x10013FC0
1777179609.732,180927,4,4,ADCS,255,BROADCAST,0,HEARTBEAT,48,HEARTBEAT,0,0,0,0,0,0,0x10013FC0
1777179610.827,182021,4,4,ADCS,255,BROADCAST,0,HEARTBEAT,48,HEARTBEAT,0,0,0,0,0,0,0x10013FC0
1777179611.956,183115,4,4,ADCS,255,BROADCAST,0,HEARTBEAT,48,HEARTBEAT,0,0,0,0,0,0,0x10013FC0
1777179613.015,184209,4,4,ADCS,255,BROADCAST,0,HEARTBEAT,48,HEARTBEAT,0,0,0,0,0,0,0x10013FC0
1777179614.110,185303,4,4,ADCS,255,BROADCAST,0,HEARTBEAT,48,HEARTBEAT,0,0,0,0,0,0,0x10013FC0
1777179615.243,186397,4,4,ADCS,255,BROADCAST,0,HEARTBEAT,48,HEARTBEAT,0,0,0,0,0,0,0x10013FC0
1777179616.297,187492,4,4,ADCS,255,BROADCAST,0,HEARTBEAT,48,HEARTBEAT,0,0,0,0,0,0,0x10013FC0
1777179617.391,188586,4,4,ADCS,255,BROADCAST,0,HEARTBEAT,48,HEARTBEAT,0,0,0,0,0,0,0x10013FC0
1777179618.504,189680,4,4,ADCS,255,BROADCAST,0,HEARTBEAT,48,HEARTBEAT,0,0,0,0,0,0,0x10013FC0
1777179619.580,190774,4,4,ADCS,255,BROADCAST,0,HEARTBEAT,48,HEARTBEAT,0,0,0,0,0,0,0x10013FC0
1777179620.674,191868,4,4,ADCS,255,BROADCAST,0,HEARTBEAT,48,HEARTBEAT,0,0,0,0,0,0,0x10013FC0
1777179621.773,192963,4,4,ADCS,255,BROADCAST,0,HEARTBEAT,48,HEARTBEAT,0,0,0,0,0,0,0x10013FC0
1777179622.863,194057,4,4,ADCS,255,BROADCAST,0,HEARTBEAT,48,HEARTBEAT,0,0,0,0,0,0,0x10013FC0
1777179623.956,195151,4,4,ADCS,255,BROADCAST,0,HEARTBEAT,48,HEARTBEAT,0,0,0,0,0,0,0x10013FC0
1777179625.062,196245,4,4,ADCS,255,BROADCAST,0,HEARTBEAT,48,HEARTBEAT,0,0,0,0,0,0,0x10013FC0
1777179626.145,197339,4,4,ADCS,255,BROADCAST,0,HEARTBEAT,48,HEARTBEAT,0,0,0,0,0,0,0x10013FC0
1777179627.241,198433,4,4,ADCS,255,BROADCAST,0,HEARTBEAT,48,HEARTBEAT,0,0,0,0,0,0,0x10013FC0
1777179628.333,199527,4,4,ADCS,255,BROADCAST,0,HEARTBEAT,48,HEARTBEAT,0,0,0,0,0,0,0x10013FC0
1777179629.452,200621,4,4,ADCS,255,BROADCAST,0,HEARTBEAT,48,HEARTBEAT,0,0,0,0,0,0,0x10013FC0
1777179630.521,201715,4,4,ADCS,255,BROADCAST,0,HEARTBEAT,48,HEARTBEAT,0,0,0,0,0,0,0x10013FC0
1777179631.615,202810,4,4,ADCS,255,BROADCAST,0,HEARTBEAT,48,HEARTBEAT,0,0,0,0,0,0,0x10013FC0
1777179632.741,203904,4,4,ADCS,255,BROADCAST,0,HEARTBEAT,48,HEARTBEAT,0,0,0,0,0,0,0x10013FC0
1777179633.803,204998,4,4,ADCS,255,BROADCAST,0,HEARTBEAT,48,HEARTBEAT,0,0,0,0,0,0,0x10013FC0
1777179634.897,206092,4,4,ADCS,255,BROADCAST,0,HEARTBEAT,48,HEARTBEAT,0,0,0,0,0,0,0x10013FC0
1777179636.014,207186,4,4,ADCS,255,BROADCAST,0,HEARTBEAT,48,HEARTBEAT,0,0,0,0,0,0,0x10013FC0
1777179637.085,208280,4,4,ADCS,255,BROADCAST,0,HEARTBEAT,48,HEARTBEAT,0,0,0,0,0,0,0x10013FC0
1777179638.179,209374,4,4,ADCS,255,BROADCAST,0,HEARTBEAT,48,HEARTBEAT,0,0,0,0,0,0,0x10013FC0
1777179639.292,210468,4,4,ADCS,255,BROADCAST,0,HEARTBEAT,48,HEARTBEAT,0,0,0,0,0,0,0x10013FC0
1777179640.369,211562,4,4,ADCS,255,BROADCAST,0,HEARTBEAT,48,HEARTBEAT,0,0,0,0,0,0,0x10013FC0
1777179641.462,212656,4,4,ADCS,255,BROADCAST,0,HEARTBEAT,48,HEARTBEAT,0,0,0,0,0,0,0x10013FC0
1777179642.572,213750,4,4,ADCS,255,BROADCAST,0,HEARTBEAT,48,HEARTBEAT,0,0,0,0,0,0,0x10013FC0
1777179643.650,214844,4,4,ADCS,255,BROADCAST,0,HEARTBEAT,48,HEARTBEAT,0,0,0,0,0,0,0x10013FC0
1777179644.745,215939,4,4,ADCS,255,BROADCAST,0,HEARTBEAT,48,HEARTBEAT,0,0,0,0,0,0,0x10013FC0
1777179645.852,217033,4,4,ADCS,255,BROADCAST,0,HEARTBEAT,48,HEARTBEAT,0,0,0,0,0,0,0x10013FC0
1777179646.932,218127,4,4,ADCS,255,BROADCAST,0,HEARTBEAT,48,HEARTBEAT,0,0,0,0,0,0,0x10013FC0
1777179648.028,219221,4,4,ADCS,255,BROADCAST,0,HEARTBEAT,48,HEARTBEAT,0,0,0,0,0,0,0x10013FC0
1777179649.126,220315,4,4,ADCS,255,BROADCAST,0,HEARTBEAT,48,HEARTBEAT,0,0,0,0,0,0,0x10013FC0
1777179650.255,221409,4,4,ADCS,255,BROADCAST,0,HEARTBEAT,48,HEARTBEAT,0,0,0,0,0,0,0x10013FC0
1777179651.309,222503,4,4,ADCS,255,BROADCAST,0,HEARTBEAT,48,HEARTBEAT,0,0,0,0,0,0,0x10013FC0
1777179652.413,223597,4,4,ADCS,255,BROADCAST,0,HEARTBEAT,48,HEARTBEAT,0,0,0,0,0,0,0x10013FC0
1777179653.524,224692,4,4,ADCS,255,BROADCAST,0,HEARTBEAT,48,HEARTBEAT,0,0,0,0,0,0,0x10013FC0
1777179654.591,225786,4,4,ADCS,255,BROADCAST,0,HEARTBEAT,48,HEARTBEAT,0,0,0,0,0,0,0x10013FC0
1777179655.686,226880,4,4,ADCS,255,BROADCAST,0,HEARTBEAT,48,HEARTBEAT,0,0,0,0,0,0,0x10013FC0
1777179656.805,227974,4,4,ADCS,255,BROADCAST,0,HEARTBEAT,48,HEARTBEAT,0,0,0,0,0,0,0x10013FC0
1777179657.874,229068,4,4,ADCS,255,BROADCAST,0,HEARTBEAT,48,HEARTBEAT,0,0,0,0,0,0,0x10013FC0
1777179658.969,230162,4,4,ADCS,255,BROADCAST,0,HEARTBEAT,48,HEARTBEAT,0,0,0,0,0,0,0x10013FC0
1777179660.086,231256,4,4,ADCS,255,BROADCAST,0,HEARTBEAT,48,HEARTBEAT,0,0,0,0,0,0,0x10013FC0
1777179661.156,232350,4,4,ADCS,255,BROADCAST,0,HEARTBEAT,48,HEARTBEAT,0,0,0,0,0,0,0x10013FC0
1777179662.250,233444,4,4,ADCS,255,BROADCAST,0,HEARTBEAT,48,HEARTBEAT,0,0,0,0,0,0,0x10013FC0
1777179663.361,234539,4,4,ADCS,255,BROADCAST,0,HEARTBEAT,48,HEARTBEAT,0,0,0,0,0,0,0x10013FC0
1777179664.438,235633,4,4,ADCS,255,BROADCAST,0,HEARTBEAT,48,HEARTBEAT,0,0,0,0,0,0,0x10013FC0
1777179665.533,236727,4,4,ADCS,255,BROADCAST,0,HEARTBEAT,48,HEARTBEAT,0,0,0,0,0,0,0x10013FC0
1777179666.630,237821,4,4,ADCS,255,BROADCAST,0,HEARTBEAT,48,HEARTBEAT,0,0,0,0,0,0,0x10013FC0
1777179667.721,238915,4,4,ADCS,255,BROADCAST,0,HEARTBEAT,48,HEARTBEAT,0,0,0,0,0,0,0x10013FC0
1777179668.815,240009,4,4,ADCS,255,BROADCAST,0,HEARTBEAT,48,HEARTBEAT,0,0,0,0,0,0,0x10013FC0
1777179669.920,241103,4,4,ADCS,255,BROADCAST,0,HEARTBEAT,48,HEARTBEAT,0,0,0,0,0,0,0x10013FC0
1777179671.041,242197,4,4,ADCS,255,BROADCAST,0,HEARTBEAT,48,HEARTBEAT,0,0,0,0,0,0,0x10013FC0
1777179672.098,243291,4,4,ADCS,255,BROADCAST,0,HEARTBEAT,48,HEARTBEAT,0,0,0,0,0,0,0x10013FC0
1777179673.191,244386,4,4,ADCS,255,BROADCAST,0,HEARTBEAT,48,HEARTBEAT,0,0,0,0,0,0,0x10013FC0
1777179674.320,245480,4,4,ADCS,255,BROADCAST,0,HEARTBEAT,48,HEARTBEAT,0,0,0,0,0,0,0x10013FC0
1777179675.379,246574,4,4,ADCS,255,BROADCAST,0,HEARTBEAT,48,HEARTBEAT,0,0,0,0,0,0,0x10013FC0
1777179676.474,247668,4,4,ADCS,255,BROADCAST,0,HEARTBEAT,48,HEARTBEAT,0,0,0,0,0,0,0x10013FC0
1777179677.595,248762,4,4,ADCS,255,BROADCAST,0,HEARTBEAT,48,HEARTBEAT,0,0,0,0,0,0,0x10013FC0
1777179678.662,249856,4,4,ADCS,255,BROADCAST,0,HEARTBEAT,48,HEARTBEAT,0,0,0,0,0,0,0x10013FC0
1777179679.756,250950,4,4,ADCS,255,BROADCAST,0,HEARTBEAT,48,HEARTBEAT,0,0,0,0,0,0,0x10013FC0
1777179680.868,252044,4,4,ADCS,255,BROADCAST,0,HEARTBEAT,48,HEARTBEAT,0,0,0,0,0,0,0x10013FC0
1777179681.945,253139,4,4,ADCS,255,BROADCAST,0,HEARTBEAT,48,HEARTBEAT,0,0,0,0,0,0,0x10013FC0
1777179683.039,254233,4,4,ADCS,255,BROADCAST,0,HEARTBEAT,48,HEARTBEAT,0,0,0,0,0,0,0x10013FC0
1777179684.148,255327,4,4,ADCS,255,BROADCAST,0,HEARTBEAT,48,HEARTBEAT,0,0,0,0,0,0,0x10013FC0
1777179685.227,256421,4,4,ADCS,255,BROADCAST,0,HEARTBEAT,48,HEARTBEAT,0,0,0,0,0,0,0x10013FC0
1777179686.321,257515,4,4,ADCS,255,BROADCAST,0,HEARTBEAT,48,HEARTBEAT,0,0,0,0,0,0,0x10013FC0
1777179687.425,258609,4,4,ADCS,255,BROADCAST,0,HEARTBEAT,48,HEARTBEAT,0,0,0,0,0,0,0x10013FC0
1777179787.780,358959,4,4,ADCS,255,BROADCAST,0,HEARTBEAT,48,HEARTBEAT,0,0,0,0,0,0,0x10013FC0
1777179788.860,360054,4,4,ADCS,255,BROADCAST,0,HEARTBEAT,48,HEARTBEAT,0,0,0,0,0,0,0x10013FC0
1777179789.955,361148,4,4,ADCS,255,BROADCAST,0,HEARTBEAT,48,HEARTBEAT,0,0,0,0,0,0,0x10013FC0
1777179791.059,362243,4,4,ADCS,255,BROADCAST,0,HEARTBEAT,48,HEARTBEAT,0,0,0,0,0,0,0x10013FC0
1777179792.174,363337,4,4,ADCS,255,BROADCAST,0,HEARTBEAT,48,HEARTBEAT,0,0,0,0,0,0,0x10013FC0
1777179793.238,364432,4,4,ADCS,255,BROADCAST,0,HEARTBEAT,48,HEARTBEAT,0,0,0,0,0,0,0x10013FC0
1777179794.333,365526,4,4,ADCS,255,BROADCAST,0,HEARTBEAT,48,HEARTBEAT,0,0,0,0,0,0,0x10013FC0
1777179795.457,366620,4,4,ADCS,255,BROADCAST,0,HEARTBEAT,48,HEARTBEAT,0,0,0,0,0,0,0x10013FC0
1777179796.522,367715,4,4,ADCS,255,BROADCAST,0,HEARTBEAT,48,HEARTBEAT,0,0,0,0,0,0,0x10013FC0
1777179797.616,368809,4,4,ADCS,255,BROADCAST,0,HEARTBEAT,48,HEARTBEAT,0,0,0,0,0,0,0x10013FC0
1777179798.738,369904,4,4,ADCS,255,BROADCAST,0,HEARTBEAT,48,HEARTBEAT,0,0,0,0,0,0,0x10013FC0
1777179799.805,370998,4,4,ADCS,255,BROADCAST,0,HEARTBEAT,48,HEARTBEAT,0,0,0,0,0,0,0x10013FC0
1777179800.900,372093,4,4,ADCS,255,BROADCAST,0,HEARTBEAT,48,HEARTBEAT,0,0,0,0,0,0,0x10013FC0
1777179802.004,373187,4,4,ADCS,255,BROADCAST,0,HEARTBEAT,48,HEARTBEAT,0,0,0,0,0,0,0x10013FC0
1777179803.088,374281,4,4,ADCS,255,BROADCAST,0,HEARTBEAT,48,HEARTBEAT,0,0,0,0,0,0,0x10013FC0
1777179804.183,375376,4,4,ADCS,255,BROADCAST,0,HEARTBEAT,48,HEARTBEAT,0,0,0,0,0,0,0x10013FC0
1777179805.292,376470,4,4,ADCS,255,BROADCAST,0,HEARTBEAT,48,HEARTBEAT,0,0,0,0,0,0,0x10013FC0
1777179806.372,377565,4,4,ADCS,255,BROADCAST,0,HEARTBEAT,48,HEARTBEAT,0,0,0,0,0,0,0x10013FC0
1777179807.466,378659,4,4,ADCS,255,BROADCAST,0,HEARTBEAT,48,HEARTBEAT,0,0,0,0,0,0,0x10013FC0
1777179808.570,379754,4,4,ADCS,255,BROADCAST,0,HEARTBEAT,48,HEARTBEAT,0,0,0,0,0,0,0x10013FC0
1777179809.695,380848,4,4,ADCS,255,BROADCAST,0,HEARTBEAT,48,HEARTBEAT,0,0,0,0,0,0,0x10013FC0
1777179810.749,381942,4,4,ADCS,255,BROADCAST,0,HEARTBEAT,48,HEARTBEAT,0,0,0,0,0,0,0x10013FC0
1777179811.844,383037,4,4,ADCS,255,BROADCAST,0,HEARTBEAT,48,HEARTBEAT,0,0,0,0,0,0,0x10013FC0
1777179812.972,384131,4,4,ADCS,255,BROADCAST,0,HEARTBEAT,48,HEARTBEAT,0,0,0,0,0,0,0x10013FC0
1777179814.032,385226,4,4,ADCS,255,BROADCAST,0,HEARTBEAT,48,HEARTBEAT,0,0,0,0,0,0,0x10013FC0
1777179815.127,386320,4,4,ADCS,255,BROADCAST,0,HEARTBEAT,48,HEARTBEAT,0,0,0,0,0,0,0x10013FC0
1777179816.243,387414,4,4,ADCS,255,BROADCAST,0,HEARTBEAT,48,HEARTBEAT,0,0,0,0,0,0,0x10013FC0
1777179817.316,388509,4,4,ADCS,255,BROADCAST,0,HEARTBEAT,48,HEARTBEAT,0,0,0,0,0,0,0x10013FC0
1777179818.410,389603,4,4,ADCS,255,BROADCAST,0,HEARTBEAT,48,HEARTBEAT,0,0,0,0,0,0,0x10013FC0
1777179819.526,390698,4,4,ADCS,255,BROADCAST,0,HEARTBEAT,48,HEARTBEAT,0,0,0,0,0,0,0x10013FC0
1777179820.599,391792,4,4,ADCS,255,BROADCAST,0,HEARTBEAT,48,HEARTBEAT,0,0,0,0,0,0,0x10013FC0
1777179821.693,392887,4,4,ADCS,255,BROADCAST,0,HEARTBEAT,48,HEARTBEAT,0,0,0,0,0,0,0x10013FC0
1777179822.801,393981,4,4,ADCS,255,BROADCAST,0,HEARTBEAT,48,HEARTBEAT,0,0,0,0,0,0,0x10013FC0
1777179823.883,395075,4,4,ADCS,255,BROADCAST,0,HEARTBEAT,48,HEARTBEAT,0,0,0,0,0,0,0x10013FC0
1777179824.977,396170,4,4,ADCS,255,BROADCAST,0,HEARTBEAT,48,HEARTBEAT,0,0,0,0,0,0,0x10013FC0
1777179826.080,397264,4,4,ADCS,255,BROADCAST,0,HEARTBEAT,48,HEARTBEAT,0,0,0,0,0,0,0x10013FC0
1777179827.200,398358,4,4,ADCS,255,BROADCAST,0,HEARTBEAT,48,HEARTBEAT,0,0,0,0,0,0,0x10013FC0
1777179828.260,399453,4,4,ADCS,255,BROADCAST,0,HEARTBEAT,48,HEARTBEAT,0,0,0,0,0,0,0x10013FC0
1777179829.357,400547,4,4,ADCS,255,BROADCAST,0,HEARTBEAT,48,HEARTBEAT,0,0,0,0,0,0,0x10013FC0
1777179830.469,401642,4,4,ADCS,255,BROADCAST,0,HEARTBEAT,48,HEARTBEAT,0,0,0,0,0,0,0x10013FC0
1777179831.543,402736,4,4,ADCS,255,BROADCAST,0,HEARTBEAT,48,HEARTBEAT,0,0,0,0,0,0,0x10013FC0
1777179832.638,403830,4,4,ADCS,255,BROADCAST,0,HEARTBEAT,48,HEARTBEAT,0,0,0,0,0,0,0x10013FC0
1777179833.758,404925,4,4,ADCS,255,BROADCAST,0,HEARTBEAT,48,HEARTBEAT,0,0,0,0,0,0,0x10013FC0
1777179834.826,406019,4,4,ADCS,255,BROADCAST,0,HEARTBEAT,48,HEARTBEAT,0,0,0,0,0,0,0x10013FC0
1777179835.930,407114,4,4,ADCS,255,BROADCAST,0,HEARTBEAT,48,HEARTBEAT,0,0,0,0,0,0,0x10013FC0
1777179837.035,408208,4,4,ADCS,255,BROADCAST,0,HEARTBEAT,48,HEARTBEAT,0,0,0,0,0,0,0x10013FC0
1777179838.110,409302,4,4,ADCS,255,BROADCAST,0,HEARTBEAT,48,HEARTBEAT,0,0,0,0,0,0,0x10013FC0
1777179839.203,410397,4,4,ADCS,255,BROADCAST,0,HEARTBEAT,48,HEARTBEAT,0,0,0,0,0,0,0x10013FC0
1777179840.299,411491,4,4,ADCS,255,BROADCAST,0,HEARTBEAT,48,HEARTBEAT,0,0,0,0,0,0,0x10013FC0
1777179841.392,412586,4,4,ADCS,255,BROADCAST,0,HEARTBEAT,48,HEARTBEAT,0,0,0,0,0,0,0x10013FC0
1777179842.488,413680,4,4,ADCS,255,BROADCAST,0,HEARTBEAT,48,HEARTBEAT,0,0,0,0,0,0,0x10013FC0
1777179843.581,414774,4,4,ADCS,255,BROADCAST,0,HEARTBEAT,48,HEARTBEAT,0,0,0,0,0,0,0x10013FC0
1777179844.716,415869,4,4,ADCS,255,BROADCAST,0,HEARTBEAT,48,HEARTBEAT,0,0,0,0,0,0,0x10013FC0
1777179845.770,416963,4,4,ADCS,255,BROADCAST,0,HEARTBEAT,48,HEARTBEAT,0,0,0,0,0,0,0x10013FC0
1777179846.865,418058,4,4,ADCS,255,BROADCAST,0,HEARTBEAT,48,HEARTBEAT,0,0,0,0,0,0,0x10013FC0
1777179847.995,419152,4,4,ADCS,255,BROADCAST,0,HEARTBEAT,48,HEARTBEAT,0,0,0,0,0,0,0x10013FC0
1777179849.053,420246,4,4,ADCS,255,BROADCAST,0,HEARTBEAT,48,HEARTBEAT,0,0,0,0,0,0,0x10013FC0
1777179850.193,421341,4,4,ADCS,255,BROADCAST,0,HEARTBEAT,48,HEARTBEAT,0,0,0,0,0,0,0x10013FC0
1777179851.256,422435,4,4,ADCS,255,BROADCAST,0,HEARTBEAT,48,HEARTBEAT,0,0,0,0,0,0,0x10013FC0
1777179852.336,423529,4,4,ADCS,255,BROADCAST,0,HEARTBEAT,48,HEARTBEAT,0,0,0,0,0,0,0x10013FC0
1777179853.431,424624,4,4,ADCS,255,BROADCAST,0,HEARTBEAT,48,HEARTBEAT,0,0,0,0,0,0,0x10013FC0
1777179854.547,425718,4,4,ADCS,255,BROADCAST,0,HEARTBEAT,48,HEARTBEAT,0,0,0,0,0,0,0x10013FC0
1777179855.620,426813,4,4,ADCS,255,BROADCAST,0,HEARTBEAT,48,HEARTBEAT,0,0,0,0,0,0,0x10013FC0
1777179856.715,427907,4,4,ADCS,255,BROADCAST,0,HEARTBEAT,48,HEARTBEAT,0,0,0,0,0,0,0x10013FC0
1777179857.832,429002,4,4,ADCS,255,BROADCAST,0,HEARTBEAT,48,HEARTBEAT,0,0,0,0,0,0,0x10013FC0
1777179858.903,430096,4,4,ADCS,255,BROADCAST,0,HEARTBEAT,48,HEARTBEAT,0,0,0,0,0,0,0x10013FC0
1777179859.998,431190,4,4,ADCS,255,BROADCAST,0,HEARTBEAT,48,HEARTBEAT,0,0,0,0,0,0,0x10013FC0
1777179861.101,432285,4,4,ADCS,255,BROADCAST,0,HEARTBEAT,48,HEARTBEAT,0,0,0,0,0,0,0x10013FC0
1777179862.239,433379,4,4,ADCS,255,BROADCAST,0,HEARTBEAT,48,HEARTBEAT,0,0,0,0,0,0,0x10013FC0
1777179863.281,434474,4,4,ADCS,255,BROADCAST,0,HEARTBEAT,48,HEARTBEAT,0,0,0,0,0,0,0x10013FC0
1777179864.380,435568,4,4,ADCS,255,BROADCAST,0,HEARTBEAT,48,HEARTBEAT,0,0,0,0,0,0,0x10013FC0
1777179865.503,436663,4,4,ADCS,255,BROADCAST,0,HEARTBEAT,48,HEARTBEAT,0,0,0,0,0,0,0x10013FC0
1777179866.564,437757,4,4,ADCS,255,BROADCAST,0,HEARTBEAT,48,HEARTBEAT,0,0,0,0,0,0,0x10013FC0
1777179867.658,438851,4,4,ADCS,255,BROADCAST,0,HEARTBEAT,48,HEARTBEAT,0,0,0,0,0,0,0x10013FC0
1777179868.779,439946,4,4,ADCS,255,BROADCAST,0,HEARTBEAT,48,HEARTBEAT,0,0,0,0,0,0,0x10013FC0
1777179869.848,441040,4,4,ADCS,255,BROADCAST,0,HEARTBEAT,48,HEARTBEAT,0,0,0,0,0,0,0x10013FC0
1777179870.943,442135,4,4,ADCS,255,BROADCAST,0,HEARTBEAT,48,HEARTBEAT,0,0,0,0,0,0,0x10013FC0
1777179872.056,443229,4,4,ADCS,255,BROADCAST,0,HEARTBEAT,48,HEARTBEAT,0,0,0,0,0,0,0x10013FC0
1777179873.131,444324,4,4,ADCS,255,BROADCAST,0,HEARTBEAT,48,HEARTBEAT,0,0,0,0,0,0,0x10013FC0
1777179874.225,445418,4,4,ADCS,255,BROADCAST,0,HEARTBEAT,48,HEARTBEAT,0,0,0,0,0,0,0x10013FC0
1777179875.332,446513,4,4,ADCS,255,BROADCAST,0,HEARTBEAT,48,HEARTBEAT,0,0,0,0,0,0,0x10013FC0
1777179876.415,447607,4,4,ADCS,255,BROADCAST,0,HEARTBEAT,48,HEARTBEAT,0,0,0,0,0,0,0x10013FC0
1777179877.508,448701,4,4,ADCS,255,BROADCAST,0,HEARTBEAT,48,HEARTBEAT,0,0,0,0,0,0,0x10013FC0
1777179878.606,449796,4,4,ADCS,255,BROADCAST,0,HEARTBEAT,48,HEARTBEAT,0,0,0,0,0,0,0x10013FC0
1777179879.736,450890,4,4,ADCS,255,BROADCAST,0,HEARTBEAT,48,HEARTBEAT,0,0,0,0,0,0,0x10013FC0
1777179880.792,451985,4,4,ADCS,255,BROADCAST,0,HEARTBEAT,48,HEARTBEAT,0,0,0,0,0,0,0x10013FC0
1777179881.886,453079,4,4,ADCS,255,BROADCAST,0,HEARTBEAT,48,HEARTBEAT,0,0,0,0,0,0,0x10013FC0
1777179883.017,454174,4,4,ADCS,255,BROADCAST,0,HEARTBEAT,48,HEARTBEAT,0,0,0,0,0,0,0x10013FC0
1777179884.075,455268,4,4,ADCS,255,BROADCAST,0,HEARTBEAT,48,HEARTBEAT,0,0,0,0,0,0,0x10013FC0
1777179885.170,456362,4,4,ADCS,255,BROADCAST,0,HEARTBEAT,48,HEARTBEAT,0,0,0,0,0,0,0x10013FC0
1777179886.289,457457,4,4,ADCS,255,BROADCAST,0,HEARTBEAT,48,HEARTBEAT,0,0,0,0,0,0,0x10013FC0
1777179887.359,458551,4,4,ADCS,255,BROADCAST,0,HEARTBEAT,48,HEARTBEAT,0,0,0,0,0,0,0x10013FC0
1777179888.453,459646,4,4,ADCS,255,BROADCAST,0,HEARTBEAT,48,HEARTBEAT,0,0,0,0,0,0,0x10013FC0
1777179889.571,460740,4,4,ADCS,255,BROADCAST,0,HEARTBEAT,48,HEARTBEAT,0,0,0,0,0,0,0x10013FC0
1777179890.644,461834,4,4,ADCS,255,BROADCAST,0,HEARTBEAT,48,HEARTBEAT,0,0,0,0,0,0,0x10013FC0
1777179891.736,462929,4,4,ADCS,255,BROADCAST,0,HEARTBEAT,48,HEARTBEAT,0,0,0,0,0,0,0x10013FC0
1777179892.842,464023,4,4,ADCS,255,BROADCAST,0,HEARTBEAT,48,HEARTBEAT,0,0,0,0,0,0,0x10013FC0
1777179893.925,465118,4,4,ADCS,255,BROADCAST,0,HEARTBEAT,48,HEARTBEAT,0,0,0,0,0,0,0x10013FC0
1777179895.019,466212,4,4,ADCS,255,BROADCAST,0,HEARTBEAT,48,HEARTBEAT,0,0,0,0,0,0,0x10013FC0
1777179896.123,467307,4,4,ADCS,255,BROADCAST,0,HEARTBEAT,48,HEARTBEAT,0,0,0,0,0,0,0x10013FC0
1777179897.239,468401,4,4,ADCS,255,BROADCAST,0,HEARTBEAT,48,HEARTBEAT,0,0,0,0,0,0,0x10013FC0
1777179898.303,469496,4,4,ADCS,255,BROADCAST,0,HEARTBEAT,48,HEARTBEAT,0,0,0,0,0,0,0x10013FC0
1777179899.397,470590,4,4,ADCS,255,BROADCAST,0,HEARTBEAT,48,HEARTBEAT,0,0,0,0,0,0,0x10013FC0
1777179900.526,471685,4,4,ADCS,255,BROADCAST,0,HEARTBEAT,48,HEARTBEAT,0,0,0,0,0,0,0x10013FC0
1777179901.586,472779,4,4,ADCS,255,BROADCAST,0,HEARTBEAT,48,HEARTBEAT,0,0,0,0,0,0,0x10013FC0
1777179902.681,473874,4,4,ADCS,255,BROADCAST,0,HEARTBEAT,48,HEARTBEAT,0,0,0,0,0,0,0x10013FC0
1777179903.798,474968,4,4,ADCS,255,BROADCAST,0,HEARTBEAT,48,HEARTBEAT,0,0,0,0,0,0,0x10013FC0
1777179904.870,476063,4,4,ADCS,255,BROADCAST,0,HEARTBEAT,48,HEARTBEAT,0,0,0,0,0,0,0x10013FC0
1777179905.965,477157,4,4,ADCS,255,BROADCAST,0,HEARTBEAT,48,HEARTBEAT,0,0,0,0,0,0,0x10013FC0
1777179907.069,478252,4,4,ADCS,255,BROADCAST,0,HEARTBEAT,48,HEARTBEAT,0,0,0,0,0,0,0x10013FC0
1777179908.162,479346,4,4,ADCS,255,BROADCAST,0,HEARTBEAT,48,HEARTBEAT,0,0,0,0,0,0,0x10013FC0
1777179909.249,480441,4,4,ADCS,255,BROADCAST,0,HEARTBEAT,48,HEARTBEAT,0,0,0,0,0,0,0x10013FC0
1777179910.353,481535,4,4,ADCS,255,BROADCAST,0,HEARTBEAT,48,HEARTBEAT,0,0,0,0,0,0,0x10013FC0
1777179911.437,482630,4,4,ADCS,255,BROADCAST,0,HEARTBEAT,48,HEARTBEAT,0,0,0,0,0,0,0x10013FC0
1777179912.532,483724,4,4,ADCS,255,BROADCAST,0,HEARTBEAT,48,HEARTBEAT,0,0,0,0,0,0,0x10013FC0
1777179913.626,484819,4,4,ADCS,255,BROADCAST,0,HEARTBEAT,48,HEARTBEAT,0,0,0,0,0,0,0x10013FC0
1777179914.751,485913,4,4,ADCS,255,BROADCAST,0,HEARTBEAT,48,HEARTBEAT,0,0,0,0,0,0,0x10013FC0
1777179915.815,487007,4,4,ADCS,255,BROADCAST,0,HEARTBEAT,48,HEARTBEAT,0,0,0,0,0,0,0x10013FC0
1777179916.910,488102,4,4,ADCS,255,BROADCAST,0,HEARTBEAT,48,HEARTBEAT,0,0,0,0,0,0,0x10013FC0
1777179918.032,489196,4,4,ADCS,255,BROADCAST,0,HEARTBEAT,48,HEARTBEAT,0,0,0,0,0,0,0x10013FC0
1777179919.101,490291,4,4,ADCS,255,BROADCAST,0,HEARTBEAT,48,HEARTBEAT,0,0,0,0,0,0,0x10013FC0
1777179920.198,491385,4,4,ADCS,255,BROADCAST,0,HEARTBEAT,48,HEARTBEAT,0,0,0,0,0,0,0x10013FC0
1777179921.302,492480,4,4,ADCS,255,BROADCAST,0,HEARTBEAT,48,HEARTBEAT,0,0,0,0,0,0,0x10013FC0
1777179922.382,493575,4,4,ADCS,255,BROADCAST,0,HEARTBEAT,48,HEARTBEAT,0,0,0,0,0,0,0x10013FC0
1777179923.476,494669,4,4,ADCS,255,BROADCAST,0,HEARTBEAT,48,HEARTBEAT,0,0,0,0,0,0,0x10013FC0
1777179924.592,495764,4,4,ADCS,255,BROADCAST,0,HEARTBEAT,48,HEARTBEAT,0,0,0,0,0,0,0x10013FC0
1777179925.668,496858,4,4,ADCS,255,BROADCAST,0,HEARTBEAT,48,HEARTBEAT,0,0,0,0,0,0,0x10013FC0
1777179926.761,497953,4,4,ADCS,255,BROADCAST,0,HEARTBEAT,48,HEARTBEAT,0,0,0,0,0,0,0x10013FC0
1777179927.867,499047,4,4,ADCS,255,BROADCAST,0,HEARTBEAT,48,HEARTBEAT,0,0,0,0,0,0,0x10013FC0
1777180489.080,10026,4,4,ADCS,255,BROADCAST,0,HEARTBEAT,48,HEARTBEAT,0,0,0,0,0,0,0x10013FC0
1777180490.175,11121,4,4,ADCS,255,BROADCAST,0,HEARTBEAT,48,HEARTBEAT,0,0,0,0,0,0,0x10013FC0
1777180491.284,12216,4,4,ADCS,255,BROADCAST,0,HEARTBEAT,48,HEARTBEAT,0,0,0,0,0,0,0x10013FC0
1777180492.365,13312,4,4,ADCS,255,BROADCAST,0,HEARTBEAT,48,HEARTBEAT,0,0,0,0,0,0,0x10013FC0
1777180493.461,14407,4,4,ADCS,255,BROADCAST,0,HEARTBEAT,48,HEARTBEAT,0,0,0,0,0,0,0x10013FC0
1777180494.560,15502,4,4,ADCS,255,BROADCAST,0,HEARTBEAT,48,HEARTBEAT,0,0,0,0,0,0,0x10013FC0
1777180495.686,16596,4,4,ADCS,255,BROADCAST,0,HEARTBEAT,48,HEARTBEAT,0,0,0,0,0,0,0x10013FC0
1777180496.745,17691,4,4,ADCS,255,BROADCAST,0,HEARTBEAT,48,HEARTBEAT,0,0,0,0,0,0,0x10013FC0
1777180497.839,18785,4,4,ADCS,255,BROADCAST,0,HEARTBEAT,48,HEARTBEAT,0,0,0,0,0,0,0x10013FC0
1777180498.958,19880,4,4,ADCS,255,BROADCAST,0,HEARTBEAT,48,HEARTBEAT,0,0,0,0,0,0,0x10013FC0
1777180500.029,20975,4,4,ADCS,255,BROADCAST,0,HEARTBEAT,48,HEARTBEAT,0,0,0,0,0,0,0x10013FC0
1777180501.123,22069,4,4,ADCS,255,BROADCAST,0,HEARTBEAT,48,HEARTBEAT,0,0,0,0,0,0,0x10013FC0
1777180502.240,23164,4,4,ADCS,255,BROADCAST,0,HEARTBEAT,48,HEARTBEAT,0,0,0,0,0,0,0x10013FC0
1777180503.312,24258,4,4,ADCS,255,BROADCAST,0,HEARTBEAT,48,HEARTBEAT,0,0,0,0,0,0,0x10013FC0
1777180504.407,25353,4,4,ADCS,255,BROADCAST,0,HEARTBEAT,48,HEARTBEAT,0,0,0,0,0,0,0x10013FC0
1777180505.520,26447,4,4,ADCS,255,BROADCAST,0,HEARTBEAT,48,HEARTBEAT,0,0,0,0,0,0,0x10013FC0
1777180506.595,27542,4,4,ADCS,255,BROADCAST,0,HEARTBEAT,48,HEARTBEAT,0,0,0,0,0,0,0x10013FC0
1777180507.690,28637,4,4,ADCS,255,BROADCAST,0,HEARTBEAT,48,HEARTBEAT,0,0,0,0,0,0,0x10013FC0
1777180508.798,29730,4,4,ADCS,255,BROADCAST,0,HEARTBEAT,48,HEARTBEAT,0,0,0,0,0,0,0x10013FC0
1777180509.907,30825,4,4,ADCS,255,BROADCAST,0,HEARTBEAT,48,HEARTBEAT,0,0,0,0,0,0,0x10013FC0
1777180510.973,31919,4,4,ADCS,255,BROADCAST,0,HEARTBEAT,48,HEARTBEAT,0,0,0,0,0,0,0x10013FC0
1777180512.070,33013,4,4,ADCS,255,BROADCAST,0,HEARTBEAT,48,HEARTBEAT,0,0,0,0,0,0,0x10013FC0
1777180523.695,44642,4,4,ADCS,255,BROADCAST,0,HEARTBEAT,48,HEARTBEAT,0,0,0,0,0,0,0x10013FC0
1777180525.896,46831,4,4,ADCS,255,BROADCAST,0,HEARTBEAT,48,HEARTBEAT,0,0,0,0,0,0,0x10013FC0
1777180527.017,47926,4,4,ADCS,255,BROADCAST,0,HEARTBEAT,48,HEARTBEAT,0,0,0,0,0,0,0x10013FC0
1777180528.075,49020,4,4,ADCS,255,BROADCAST,0,HEARTBEAT,48,HEARTBEAT,0,0,0,0,0,0,0x10013FC0
1777180529.169,50115,4,4,ADCS,255,BROADCAST,0,HEARTBEAT,48,HEARTBEAT,0,0,0,0,0,0,0x10013FC0
1777180530.297,51209,4,4,ADCS,255,BROADCAST,0,HEARTBEAT,48,HEARTBEAT,0,0,0,0,0,0,0x10013FC0
1777180531.358,52304,4,4,ADCS,255,BROADCAST,0,HEARTBEAT,48,HEARTBEAT,0,0,0,0,0,0,0x10013FC0
1777180532.452,53398,4,4,ADCS,255,BROADCAST,0,HEARTBEAT,48,HEARTBEAT,0,0,0,0,0,0,0x10013FC0
1777180533.571,54494,4,4,ADCS,255,BROADCAST,0,HEARTBEAT,48,HEARTBEAT,0,0,0,0,0,0,0x10013FC0
1777180534.642,55588,4,4,ADCS,255,BROADCAST,0,HEARTBEAT,48,HEARTBEAT,0,0,0,0,0,0,0x10013FC0
1777180535.736,56682,4,4,ADCS,255,BROADCAST,0,HEARTBEAT,48,HEARTBEAT,0,0,0,0,0,0,0x10013FC0
1777180536.850,57777,4,4,ADCS,255,BROADCAST,0,HEARTBEAT,48,HEARTBEAT,0,0,0,0,0,0,0x10013FC0
1777180537.926,58872,4,4,ADCS,255,BROADCAST,0,HEARTBEAT,48,HEARTBEAT,0,0,0,0,0,0,0x10013FC0
1777180539.048,59967,4,4,ADCS,255,BROADCAST,0,HEARTBEAT,48,HEARTBEAT,0,0,0,0,0,0,0x10013FC0
1777180540.139,61061,4,4,ADCS,255,BROADCAST,0,HEARTBEAT,48,HEARTBEAT,0,0,0,0,0,0,0x10013FC0
1777180541.221,62156,4,4,ADCS,255,BROADCAST,0,HEARTBEAT,48,HEARTBEAT,0,0,0,0,0,0,0x10013FC0
1777180542.304,63250,4,4,ADCS,255,BROADCAST,0,HEARTBEAT,48,HEARTBEAT,0,0,0,0,0,0,0x10013FC0
1777180544.532,65439,4,4,ADCS,255,BROADCAST,0,HEARTBEAT,48,HEARTBEAT,0,0,0,0,0,0,0x10013FC0
1777180546.683,67628,4,4,ADCS,255,BROADCAST,0,HEARTBEAT,48,HEARTBEAT,0,0,0,0,0,0,0x10013FC0
1777180547.808,68723,4,4,ADCS,255,BROADCAST,0,HEARTBEAT,48,HEARTBEAT,0,0,0,0,0,0,0x10013FC0
1777180548.875,69817,4,4,ADCS,255,BROADCAST,0,HEARTBEAT,48,HEARTBEAT,0,0,0,0,0,0,0x10013FC0
1777180549.966,70912,4,4,ADCS,255,BROADCAST,0,HEARTBEAT,48,HEARTBEAT,0,0,0,0,0,0,0x10013FC0
1777180551.084,72006,4,4,ADCS,255,BROADCAST,0,HEARTBEAT,48,HEARTBEAT,0,0,0,0,0,0,0x10013FC0
1777180552.163,73101,4,4,ADCS,255,BROADCAST,0,HEARTBEAT,48,HEARTBEAT,0,0,0,0,0,0,0x10013FC0
1777180553.249,74195,4,4,ADCS,255,BROADCAST,0,HEARTBEAT,48,HEARTBEAT,0,0,0,0,0,0,0x10013FC0
1777180554.354,75290,4,4,ADCS,255,BROADCAST,0,HEARTBEAT,48,HEARTBEAT,0,0,0,0,0,0,0x10013FC0
1777180555.439,76384,4,4,ADCS,255,BROADCAST,0,HEARTBEAT,48,HEARTBEAT,0,0,0,0,0,0,0x10013FC0
1777180556.534,77479,4,4,ADCS,255,BROADCAST,0,HEARTBEAT,48,HEARTBEAT,0,0,0,0,0,0,0x10013FC0
1777180557.633,78573,4,4,ADCS,255,BROADCAST,0,HEARTBEAT,48,HEARTBEAT,0,0,0,0,0,0,0x10013FC0
1777180558.722,79668,4,4,ADCS,255,BROADCAST,0,HEARTBEAT,48,HEARTBEAT,0,0,0,0,0,0,0x10013FC0
1777180559.820,80762,4,4,ADCS,255,BROADCAST,0,HEARTBEAT,48,HEARTBEAT,0,0,0,0,0,0,0x10013FC0
1777180560.914,81857,4,4,ADCS,255,BROADCAST,0,HEARTBEAT,48,HEARTBEAT,0,0,0,0,0,0,0x10013FC0
1777180563.101,84046,4,4,ADCS,255,BROADCAST,0,HEARTBEAT,48,HEARTBEAT,0,0,0,0,0,0,0x10013FC0
1777180564.195,85140,4,4,ADCS,255,BROADCAST,0,HEARTBEAT,48,HEARTBEAT,0,0,0,0,0,0,0x10013FC0
1777180565.310,86235,4,4,ADCS,255,BROADCAST,0,HEARTBEAT,48,HEARTBEAT,0,0,0,0,0,0,0x10013FC0
1777180566.383,87329,4,4,ADCS,255,BROADCAST,0,HEARTBEAT,48,HEARTBEAT,0,0,0,0,0,0,0x10013FC0
1777180567.478,88424,4,4,ADCS,255,BROADCAST,0,HEARTBEAT,48,HEARTBEAT,0,0,0,0,0,0,0x10013FC0
1777180568.603,89518,4,4,ADCS,255,BROADCAST,0,HEARTBEAT,48,HEARTBEAT,0,0,0,0,0,0,0x10013FC0
1777180569.668,90613,4,4,ADCS,255,BROADCAST,0,HEARTBEAT,48,HEARTBEAT,0,0,0,0,0,0,0x10013FC0
1777180570.761,91707,4,4,ADCS,255,BROADCAST,0,HEARTBEAT,48,HEARTBEAT,0,0,0,0,0,0,0x10013FC0
1777180571.877,92802,4,4,ADCS,255,BROADCAST,0,HEARTBEAT,48,HEARTBEAT,0,0,0,0,0,0,0x10013FC0
1777180572.950,93896,4,4,ADCS,255,BROADCAST,0,HEARTBEAT,48,HEARTBEAT,0,0,0,0,0,0,0x10013FC0
1777180574.045,94991,4,4,ADCS,255,BROADCAST,0,HEARTBEAT,48,HEARTBEAT,0,0,0,0,0,0,0x10013FC0
1777180575.158,96085,4,4,ADCS,255,BROADCAST,0,HEARTBEAT,48,HEARTBEAT,0,0,0,0,0,0,0x10013FC0
1777180576.234,97180,4,4,ADCS,255,BROADCAST,0,HEARTBEAT,48,HEARTBEAT,0,0,0,0,0,0,0x10013FC0
1777180577.329,98274,4,4,ADCS,255,BROADCAST,0,HEARTBEAT,48,HEARTBEAT,0,0,0,0,0,0,0x10013FC0
1777180578.424,99369,4,4,ADCS,255,BROADCAST,0,HEARTBEAT,48,HEARTBEAT,0,0,0,0,0,0,0x10013FC0
1777180579.546,100463,4,4,ADCS,255,BROADCAST,0,HEARTBEAT,48,HEARTBEAT,0,0,0,0,0,0,0x10013FC0
1777180580.612,101558,4,4,ADCS,255,BROADCAST,0,HEARTBEAT,48,HEARTBEAT,0,0,0,0,0,0,0x10013FC0
1777180581.708,102652,4,4,ADCS,255,BROADCAST,0,HEARTBEAT,48,HEARTBEAT,0,0,0,0,0,0,0x10013FC0
1777180582.835,103746,4,4,ADCS,255,BROADCAST,0,HEARTBEAT,48,HEARTBEAT,0,0,0,0,0,0,0x10013FC0
1777180583.895,104841,4,4,ADCS,255,BROADCAST,0,HEARTBEAT,48,HEARTBEAT,0,0,0,0,0,0,0x10013FC0
1777180584.990,105935,4,4,ADCS,255,BROADCAST,0,HEARTBEAT,48,HEARTBEAT,0,0,0,0,0,0,0x10013FC0
1777180586.099,107030,4,4,ADCS,255,BROADCAST,0,HEARTBEAT,48,HEARTBEAT,0,0,0,0,0,0,0x10013FC0
1777180587.179,108124,4,4,ADCS,255,BROADCAST,0,HEARTBEAT,48,HEARTBEAT,0,0,0,0,0,0,0x10013FC0
1777180588.274,109219,4,4,ADCS,255,BROADCAST,0,HEARTBEAT,48,HEARTBEAT,0,0,0,0,0,0,0x10013FC0
1777180589.383,110313,4,4,ADCS,255,BROADCAST,0,HEARTBEAT,48,HEARTBEAT,0,0,0,0,0,0,0x10013FC0
1777180590.463,111408,4,4,ADCS,255,BROADCAST,0,HEARTBEAT,48,HEARTBEAT,0,0,0,0,0,0,0x10013FC0
1777180591.557,112502,4,4,ADCS,255,BROADCAST,0,HEARTBEAT,48,HEARTBEAT,0,0,0,0,0,0,0x10013FC0
1777180592.661,113597,4,4,ADCS,255,BROADCAST,0,HEARTBEAT,48,HEARTBEAT,0,0,0,0,0,0,0x10013FC0
1777180593.746,114691,4,4,ADCS,255,BROADCAST,0,HEARTBEAT,48,HEARTBEAT,0,0,0,0,0,0,0x10013FC0
1777180594.840,115786,4,4,ADCS,255,BROADCAST,0,HEARTBEAT,48,HEARTBEAT,0,0,0,0,0,0,0x10013FC0
1777180595.937,116880,4,4,ADCS,255,BROADCAST,0,HEARTBEAT,48,HEARTBEAT,0,0,0,0,0,0,0x10013FC0
1777180597.063,117975,4,4,ADCS,255,BROADCAST,0,HEARTBEAT,48,HEARTBEAT,0,0,0,0,0,0,0x10013FC0
1777180598.126,119069,4,4,ADCS,255,BROADCAST,0,HEARTBEAT,48,HEARTBEAT,0,0,0,0,0,0,0x10013FC0
1777180599.218,120164,4,4,ADCS,255,BROADCAST,0,HEARTBEAT,48,HEARTBEAT,0,0,0,0,0,0,0x10013FC0
1777180600.331,121258,4,4,ADCS,255,BROADCAST,0,HEARTBEAT,48,HEARTBEAT,0,0,0,0,0,0,0x10013FC0
1777180601.408,122353,4,4,ADCS,255,BROADCAST,0,HEARTBEAT,48,HEARTBEAT,0,0,0,0,0,0,0x10013FC0
1777180602.502,123447,4,4,ADCS,255,BROADCAST,0,HEARTBEAT,48,HEARTBEAT,0,0,0,0,0,0,0x10013FC0
1777180603.615,124542,4,4,ADCS,255,BROADCAST,0,HEARTBEAT,48,HEARTBEAT,0,0,0,0,0,0,0x10013FC0
1777180604.691,125636,4,4,ADCS,255,BROADCAST,0,HEARTBEAT,48,HEARTBEAT,0,0,0,0,0,0,0x10013FC0
1777180605.785,126731,4,4,ADCS,255,BROADCAST,0,HEARTBEAT,48,HEARTBEAT,0,0,0,0,0,0,0x10013FC0
1777180606.901,127825,4,4,ADCS,255,BROADCAST,0,HEARTBEAT,48,HEARTBEAT,0,0,0,0,0,0,0x10013FC0
1777180607.980,128920,4,4,ADCS,255,BROADCAST,0,HEARTBEAT,48,HEARTBEAT,0,0,0,0,0,0,0x10013FC0
1777180609.068,130014,4,4,ADCS,255,BROADCAST,0,HEARTBEAT,48,HEARTBEAT,0,0,0,0,0,0,0x10013FC0
1777180610.171,131108,4,4,ADCS,255,BROADCAST,0,HEARTBEAT,48,HEARTBEAT,0,0,0,0,0,0,0x10013FC0
1777180611.301,132203,4,4,ADCS,255,BROADCAST,0,HEARTBEAT,48,HEARTBEAT,0,0,0,0,0,0,0x10013FC0
1777180612.352,133297,4,4,ADCS,255,BROADCAST,0,HEARTBEAT,48,HEARTBEAT,0,0,0,0,0,0,0x10013FC0
1777180613.447,134392,4,4,ADCS,255,BROADCAST,0,HEARTBEAT,48,HEARTBEAT,0,0,0,0,0,0,0x10013FC0
1777180614.575,135486,4,4,ADCS,255,BROADCAST,0,HEARTBEAT,48,HEARTBEAT,0,0,0,0,0,0,0x10013FC0
1777180615.639,136581,4,4,ADCS,255,BROADCAST,0,HEARTBEAT,48,HEARTBEAT,0,0,0,0,0,0,0x10013FC0
1777180616.730,137675,4,4,ADCS,255,BROADCAST,0,HEARTBEAT,48,HEARTBEAT,0,0,0,0,0,0,0x10013FC0
1777180617.852,138769,4,4,ADCS,255,BROADCAST,0,HEARTBEAT,48,HEARTBEAT,0,0,0,0,0,0,0x10013FC0
1777180618.919,139864,4,4,ADCS,255,BROADCAST,0,HEARTBEAT,48,HEARTBEAT,0,0,0,0,0,0,0x10013FC0
1777180620.013,140958,4,4,ADCS,255,BROADCAST,0,HEARTBEAT,48,HEARTBEAT,0,0,0,0,0,0,0x10013FC0
1777180621.127,142053,4,4,ADCS,255,BROADCAST,0,HEARTBEAT,48,HEARTBEAT,0,0,0,0,0,0,0x10013FC0
1777180622.202,143147,4,4,ADCS,255,BROADCAST,0,HEARTBEAT,48,HEARTBEAT,0,0,0,0,0,0,0x10013FC0
1777180623.296,144241,4,4,ADCS,255,BROADCAST,0,HEARTBEAT,48,HEARTBEAT,0,0,0,0,0,0,0x10013FC0
1777180624.410,145336,4,4,ADCS,255,BROADCAST,0,HEARTBEAT,48,HEARTBEAT,0,0,0,0,0,0,0x10013FC0
1777180625.485,146430,4,4,ADCS,255,BROADCAST,0,HEARTBEAT,48,HEARTBEAT,0,0,0,0,0,0,0x10013FC0
1777180626.579,147524,4,4,ADCS,255,BROADCAST,0,HEARTBEAT,48,HEARTBEAT,0,0,0,0,0,0,0x10013FC0
1777180627.689,148619,4,4,ADCS,255,BROADCAST,0,HEARTBEAT,48,HEARTBEAT,0,0,0,0,0,0,0x10013FC0
1777180628.808,149713,4,4,ADCS,255,BROADCAST,0,HEARTBEAT,48,HEARTBEAT,0,0,0,0,0,0,0x10013FC0
1777180629.862,150807,4,4,ADCS,255,BROADCAST,0,HEARTBEAT,48,HEARTBEAT,0,0,0,0,0,0,0x10013FC0
1777180630.958,151902,4,4,ADCS,255,BROADCAST,0,HEARTBEAT,48,HEARTBEAT,0,0,0,0,0,0,0x10013FC0
1777180632.086,152996,4,4,ADCS,255,BROADCAST,0,HEARTBEAT,48,HEARTBEAT,0,0,0,0,0,0,0x10013FC0
1777180633.146,154091,4,4,ADCS,255,BROADCAST,0,HEARTBEAT,48,HEARTBEAT,0,0,0,0,0,0,0x10013FC0
1777180634.240,155185,4,4,ADCS,255,BROADCAST,0,HEARTBEAT,48,HEARTBEAT,0,0,0,0,0,0,0x10013FC0
1777180635.367,156280,4,4,ADCS,255,BROADCAST,0,HEARTBEAT,48,HEARTBEAT,0,0,0,0,0,0,0x10013FC0
1777180636.429,157374,4,4,ADCS,255,BROADCAST,0,HEARTBEAT,48,HEARTBEAT,0,0,0,0,0,0,0x10013FC0
1777180637.525,158468,4,4,ADCS,255,BROADCAST,0,HEARTBEAT,48,HEARTBEAT,0,0,0,0,0,0,0x10013FC0
1777180638.649,159563,4,4,ADCS,255,BROADCAST,0,HEARTBEAT,48,HEARTBEAT,0,0,0,0,0,0,0x10013FC0
1777180639.712,160657,4,4,ADCS,255,BROADCAST,0,HEARTBEAT,48,HEARTBEAT,0,0,0,0,0,0,0x10013FC0
1777180640.807,161752,4,4,ADCS,255,BROADCAST,0,HEARTBEAT,48,HEARTBEAT,0,0,0,0,0,0,0x10013FC0
1777180641.916,162846,4,4,ADCS,255,BROADCAST,0,HEARTBEAT,48,HEARTBEAT,0,0,0,0,0,0,0x10013FC0
1777180642.996,163941,4,4,ADCS,255,BROADCAST,0,HEARTBEAT,48,HEARTBEAT,0,0,0,0,0,0,0x10013FC0
1777180644.091,165035,4,4,ADCS,255,BROADCAST,0,HEARTBEAT,48,HEARTBEAT,0,0,0,0,0,0,0x10013FC0
1777180645.193,166130,4,4,ADCS,255,BROADCAST,0,HEARTBEAT,48,HEARTBEAT,0,0,0,0,0,0,0x10013FC0
1777180646.322,167224,4,4,ADCS,255,BROADCAST,0,HEARTBEAT,48,HEARTBEAT,0,0,0,0,0,0,0x10013FC0
1777180647.376,168318,4,4,ADCS,255,BROADCAST,0,HEARTBEAT,48,HEARTBEAT,0,0,0,0,0,0,0x10013FC0
1777180648.468,169413,4,4,ADCS,255,BROADCAST,0,HEARTBEAT,48,HEARTBEAT,0,0,0,0,0,0,0x10013FC0
1777180649.596,170507,4,4,ADCS,255,BROADCAST,0,HEARTBEAT,48,HEARTBEAT,0,0,0,0,0,0,0x10013FC0
1777180650.657,171602,4,4,ADCS,255,BROADCAST,0,HEARTBEAT,48,HEARTBEAT,0,0,0,0,0,0,0x10013FC0
1777180651.755,172696,4,4,ADCS,255,BROADCAST,0,HEARTBEAT,48,HEARTBEAT,0,0,0,0,0,0,0x10013FC0
1777180652.873,173791,4,4,ADCS,255,BROADCAST,0,HEARTBEAT,48,HEARTBEAT,0,0,0,0,0,0,0x10013FC0
1777180668.169,5064,4,4,ADCS,255,BROADCAST,0,HEARTBEAT,48,HEARTBEAT,0,0,0,0,0,0,0x10013FC0
1777180669.263,6158,4,4,ADCS,255,BROADCAST,0,HEARTBEAT,48,HEARTBEAT,0,0,0,0,0,0,0x10013FC0
1777180670.384,7253,4,4,ADCS,255,BROADCAST,0,HEARTBEAT,48,HEARTBEAT,0,0,0,0,0,0,0x10013FC0
1777180671.453,8347,4,4,ADCS,255,BROADCAST,0,HEARTBEAT,48,HEARTBEAT,0,0,0,0,0,0,0x10013FC0
1777180672.548,9442,4,4,ADCS,255,BROADCAST,0,HEARTBEAT,48,HEARTBEAT,0,0,0,0,0,0,0x10013FC0
1777180673.660,10536,4,4,ADCS,255,BROADCAST,0,HEARTBEAT,48,HEARTBEAT,0,0,0,0,0,0,0x10013FC0
1777180674.736,11631,4,4,ADCS,255,BROADCAST,0,HEARTBEAT,48,HEARTBEAT,0,0,0,0,0,0,0x10013FC0
1777180675.833,12725,4,4,ADCS,255,BROADCAST,0,HEARTBEAT,48,HEARTBEAT,0,0,0,0,0,0,0x10013FC0
1777180676.937,13820,4,4,ADCS,255,BROADCAST,0,HEARTBEAT,48,HEARTBEAT,0,0,0,0,0,0,0x10013FC0
1777180678.020,14914,4,4,ADCS,255,BROADCAST,0,HEARTBEAT,48,HEARTBEAT,0,0,0,0,0,0,0x10013FC0
1777180679.114,16009,4,4,ADCS,255,BROADCAST,0,HEARTBEAT,48,HEARTBEAT,0,0,0,0,0,0,0x10013FC0
1777180680.215,17103,4,4,ADCS,255,BROADCAST,0,HEARTBEAT,48,HEARTBEAT,0,0,0,0,0,0,0x10013FC0
1777180681.335,18198,4,4,ADCS,255,BROADCAST,0,HEARTBEAT,48,HEARTBEAT,0,0,0,0,0,0,0x10013FC0
1777180682.400,19292,4,4,ADCS,255,BROADCAST,0,HEARTBEAT,48,HEARTBEAT,0,0,0,0,0,0,0x10013FC0
1777180683.494,20387,4,4,ADCS,255,BROADCAST,0,HEARTBEAT,48,HEARTBEAT,0,0,0,0,0,0,0x10013FC0
1777180684.619,21482,4,4,ADCS,255,BROADCAST,0,HEARTBEAT,48,HEARTBEAT,0,0,0,0,0,0,0x10013FC0
1777180685.681,22576,4,4,ADCS,255,BROADCAST,0,HEARTBEAT,48,HEARTBEAT,0,0,0,0,0,0,0x10013FC0
1777180686.777,23671,4,4,ADCS,255,BROADCAST,0,HEARTBEAT,48,HEARTBEAT,0,0,0,0,0,0,0x10013FC0
1777180687.893,24765,4,4,ADCS,255,BROADCAST,0,HEARTBEAT,48,HEARTBEAT,0,0,0,0,0,0,0x10013FC0
1777180688.965,25860,4,4,ADCS,255,BROADCAST,0,HEARTBEAT,48,HEARTBEAT,0,0,0,0,0,0,0x10013FC0
1777180690.059,26954,4,4,ADCS,255,BROADCAST,0,HEARTBEAT,48,HEARTBEAT,0,0,0,0,0,0,0x10013FC0
1777180691.172,28049,4,4,ADCS,255,BROADCAST,0,HEARTBEAT,48,HEARTBEAT,0,0,0,0,0,0,0x10013FC0
1777180692.249,29143,4,4,ADCS,255,BROADCAST,0,HEARTBEAT,48,HEARTBEAT,0,0,0,0,0,0,0x10013FC0
1777180693.343,30238,4,4,ADCS,255,BROADCAST,0,HEARTBEAT,48,HEARTBEAT,0,0,0,0,0,0,0x10013FC0
1777180694.448,31332,4,4,ADCS,255,BROADCAST,0,HEARTBEAT,48,HEARTBEAT,0,0,0,0,0,0,0x10013FC0
1777180695.532,32427,4,4,ADCS,255,BROADCAST,0,HEARTBEAT,48,HEARTBEAT,0,0,0,0,0,0,0x10013FC0
1777180696.628,33521,4,4,ADCS,255,BROADCAST,0,HEARTBEAT,48,HEARTBEAT,0,0,0,0,0,0,0x10013FC0
1777180697.724,34616,4,4,ADCS,255,BROADCAST,0,HEARTBEAT,48,HEARTBEAT,0,0,0,0,0,0,0x10013FC0
1777180698.853,35710,4,4,ADCS,255,BROADCAST,0,HEARTBEAT,48,HEARTBEAT,0,0,0,0,0,0,0x10013FC0
1777180699.910,36805,4,4,ADCS,255,BROADCAST,0,HEARTBEAT,48,HEARTBEAT,0,0,0,0,0,0,0x10013FC0
1777180701.005,37899,4,4,ADCS,255,BROADCAST,0,HEARTBEAT,48,HEARTBEAT,0,0,0,0,0,0,0x10013FC0
1777180702.129,38994,4,4,ADCS,255,BROADCAST,0,HEARTBEAT,48,HEARTBEAT,0,0,0,0,0,0,0x10013FC0
1777180703.194,40088,4,4,ADCS,255,BROADCAST,0,HEARTBEAT,48,HEARTBEAT,0,0,0,0,0,0,0x10013FC0
1777180704.288,41183,4,4,ADCS,255,BROADCAST,0,HEARTBEAT,48,HEARTBEAT,0,0,0,0,0,0,0x10013FC0
1777180705.409,42277,4,4,ADCS,255,BROADCAST,0,HEARTBEAT,48,HEARTBEAT,0,0,0,0,0,0,0x10013FC0
1777180706.477,43372,4,4,ADCS,255,BROADCAST,0,HEARTBEAT,48,HEARTBEAT,0,0,0,0,0,0,0x10013FC0
1777180707.572,44466,4,4,ADCS,255,BROADCAST,0,HEARTBEAT,48,HEARTBEAT,0,0,0,0,0,0,0x10013FC0
1777180708.682,45561,4,4,ADCS,255,BROADCAST,0,HEARTBEAT,48,HEARTBEAT,0,0,0,0,0,0,0x10013FC0
1777180709.761,46655,4,4,ADCS,255,BROADCAST,0,HEARTBEAT,48,HEARTBEAT,0,0,0,0,0,0,0x10013FC0
1777180710.855,47750,4,4,ADCS,255,BROADCAST,0,HEARTBEAT,48,HEARTBEAT,0,0,0,0,0,0,0x10013FC0
1777180711.959,48844,4,4,ADCS,255,BROADCAST,0,HEARTBEAT,48,HEARTBEAT,0,0,0,0,0,0,0x10013FC0
1777180713.085,49939,4,4,ADCS,255,BROADCAST,0,HEARTBEAT,48,HEARTBEAT,0,0,0,0,0,0,0x10013FC0
1777180714.139,51033,4,4,ADCS,255,BROADCAST,0,HEARTBEAT,48,HEARTBEAT,0,0,0,0,0,0,0x10013FC0
1777180715.236,52128,4,4,ADCS,255,BROADCAST,0,HEARTBEAT,48,HEARTBEAT,0,0,0,0,0,0,0x10013FC0
1777180716.352,53222,4,4,ADCS,255,BROADCAST,0,HEARTBEAT,48,HEARTBEAT,0,0,0,0,0,0,0x10013FC0
1777180717.422,54317,4,4,ADCS,255,BROADCAST,0,HEARTBEAT,48,HEARTBEAT,0,0,0,0,0,0,0x10013FC0
1777180718.519,55411,4,4,ADCS,255,BROADCAST,0,HEARTBEAT,48,HEARTBEAT,0,0,0,0,0,0,0x10013FC0
1777180719.639,56506,4,4,ADCS,255,BROADCAST,0,HEARTBEAT,48,HEARTBEAT,0,0,0,0,0,0,0x10013FC0
1777180720.706,57600,4,4,ADCS,255,BROADCAST,0,HEARTBEAT,48,HEARTBEAT,0,0,0,0,0,0,0x10013FC0
1777180721.800,58695,4,4,ADCS,255,BROADCAST,0,HEARTBEAT,48,HEARTBEAT,0,0,0,0,0,0,0x10013FC0
1777180722.916,59789,4,4,ADCS,255,BROADCAST,0,HEARTBEAT,48,HEARTBEAT,0,0,0,0,0,0,0x10013FC0
1777180723.989,60883,4,4,ADCS,255,BROADCAST,0,HEARTBEAT,48,HEARTBEAT,0,0,0,0,0,0,0x10013FC0
1777180725.083,61978,4,4,ADCS,255,BROADCAST,0,HEARTBEAT,48,HEARTBEAT,0,0,0,0,0,0,0x10013FC0
1777180726.197,63072,4,4,ADCS,255,BROADCAST,0,HEARTBEAT,48,HEARTBEAT,0,0,0,0,0,0,0x10013FC0
1777180727.273,64167,4,4,ADCS,255,BROADCAST,0,HEARTBEAT,48,HEARTBEAT,0,0,0,0,0,0,0x10013FC0
1777180728.367,65261,4,4,ADCS,255,BROADCAST,0,HEARTBEAT,48,HEARTBEAT,0,0,0,0,0,0,0x10013FC0
1777180729.472,66356,4,4,ADCS,255,BROADCAST,0,HEARTBEAT,48,HEARTBEAT,0,0,0,0,0,0,0x10013FC0
1777180730.596,67450,4,4,ADCS,255,BROADCAST,0,HEARTBEAT,48,HEARTBEAT,0,0,0,0,0,0,0x10013FC0
1777180731.654,68545,4,4,ADCS,255,BROADCAST,0,HEARTBEAT,48,HEARTBEAT,0,0,0,0,0,0,0x10013FC0
1777180732.747,69639,4,4,ADCS,255,BROADCAST,0,HEARTBEAT,48,HEARTBEAT,0,0,0,0,0,0,0x10013FC0
1777180733.869,70734,4,4,ADCS,255,BROADCAST,0,HEARTBEAT,48,HEARTBEAT,0,0,0,0,0,0,0x10013FC0
1777180734.934,71828,4,4,ADCS,255,BROADCAST,0,HEARTBEAT,48,HEARTBEAT,0,0,0,0,0,0,0x10013FC0
1777180736.028,72922,4,4,ADCS,255,BROADCAST,0,HEARTBEAT,48,HEARTBEAT,0,0,0,0,0,0,0x10013FC0
1777180737.150,74017,4,4,ADCS,255,BROADCAST,0,HEARTBEAT,48,HEARTBEAT,0,0,0,0,0,0,0x10013FC0
1777180738.217,75112,4,4,ADCS,255,BROADCAST,0,HEARTBEAT,48,HEARTBEAT,0,0,0,0,0,0,0x10013FC0
1777180739.312,76206,4,4,ADCS,255,BROADCAST,0,HEARTBEAT,48,HEARTBEAT,0,0,0,0,0,0,0x10013FC0
1777180740.419,77301,4,4,ADCS,255,BROADCAST,0,HEARTBEAT,48,HEARTBEAT,0,0,0,0,0,0,0x10013FC0
1777180741.503,78395,4,4,ADCS,255,BROADCAST,0,HEARTBEAT,48,HEARTBEAT,0,0,0,0,0,0,0x10013FC0
1777180742.595,79490,4,4,ADCS,255,BROADCAST,0,HEARTBEAT,48,HEARTBEAT,0,0,0,0,0,0,0x10013FC0
1777180743.704,80584,4,4,ADCS,255,BROADCAST,0,HEARTBEAT,48,HEARTBEAT,0,0,0,0,0,0,0x10013FC0
1777180744.784,81679,4,4,ADCS,255,BROADCAST,0,HEARTBEAT,48,HEARTBEAT,0,0,0,0,0,0,0x10013FC0
1777180745.879,82773,4,4,ADCS,255,BROADCAST,0,HEARTBEAT,48,HEARTBEAT,0,0,0,0,0,0,0x10013FC0
1777180746.983,83868,4,4,ADCS,255,BROADCAST,0,HEARTBEAT,48,HEARTBEAT,0,0,0,0,0,0,0x10013FC0
1777180748.102,84962,4,4,ADCS,255,BROADCAST,0,HEARTBEAT,48,HEARTBEAT,0,0,0,0,0,0,0x10013FC0
1777180749.162,86057,4,4,ADCS,255,BROADCAST,0,HEARTBEAT,48,HEARTBEAT,0,0,0,0,0,0,0x10013FC0
1777180750.257,87151,4,4,ADCS,255,BROADCAST,0,HEARTBEAT,48,HEARTBEAT,0,0,0,0,0,0,0x10013FC0
1777180751.385,88246,4,4,ADCS,255,BROADCAST,0,HEARTBEAT,48,HEARTBEAT,0,0,0,0,0,0,0x10013FC0
1777180752.446,89340,4,4,ADCS,255,BROADCAST,0,HEARTBEAT,48,HEARTBEAT,0,0,0,0,0,0,0x10013FC0
1777180753.540,90434,4,4,ADCS,255,BROADCAST,0,HEARTBEAT,48,HEARTBEAT,0,0,0,0,0,0,0x10013FC0
1777180754.661,91529,4,4,ADCS,255,BROADCAST,0,HEARTBEAT,48,HEARTBEAT,0,0,0,0,0,0,0x10013FC0
1777180755.728,92623,4,4,ADCS,255,BROADCAST,0,HEARTBEAT,48,HEARTBEAT,0,0,0,0,0,0,0x10013FC0
1777180756.824,93718,4,4,ADCS,255,BROADCAST,0,HEARTBEAT,48,HEARTBEAT,0,0,0,0,0,0,0x10013FC0
1777180757.934,94812,4,4,ADCS,255,BROADCAST,0,HEARTBEAT,48,HEARTBEAT,0,0,0,0,0,0,0x10013FC0
1777180759.012,95907,4,4,ADCS,255,BROADCAST,0,HEARTBEAT,48,HEARTBEAT,0,0,0,0,0,0,0x10013FC0
1777180760.107,97001,4,4,ADCS,255,BROADCAST,0,HEARTBEAT,48,HEARTBEAT,0,0,0,0,0,0,0x10013FC0
1777180761.213,98095,4,4,ADCS,255,BROADCAST,0,HEARTBEAT,48,HEARTBEAT,0,0,0,0,0,0,0x10013FC0
1777180762.296,99190,4,4,ADCS,255,BROADCAST,0,HEARTBEAT,48,HEARTBEAT,0,0,0,0,0,0,0x10013FC0
1777180763.391,100285,4,4,ADCS,255,BROADCAST,0,HEARTBEAT,48,HEARTBEAT,0,0,0,0,0,0,0x10013FC0
1777180764.491,101379,4,4,ADCS,255,BROADCAST,0,HEARTBEAT,48,HEARTBEAT,0,0,0,0,0,0,0x10013FC0
1777180765.619,102474,4,4,ADCS,255,BROADCAST,0,HEARTBEAT,48,HEARTBEAT,0,0,0,0,0,0,0x10013FC0
1777180766.674,103568,4,4,ADCS,255,BROADCAST,0,HEARTBEAT,48,HEARTBEAT,0,0,0,0,0,0,0x10013FC0
1777180767.768,104663,4,4,ADCS,255,BROADCAST,0,HEARTBEAT,48,HEARTBEAT,0,0,0,0,0,0,0x10013FC0
1777180768.895,105757,4,4,ADCS,255,BROADCAST,0,HEARTBEAT,48,HEARTBEAT,0,0,0,0,0,0,0x10013FC0
1777180769.958,106852,4,4,ADCS,255,BROADCAST,0,HEARTBEAT,48,HEARTBEAT,0,0,0,0,0,0,0x10013FC0
1777180771.052,107946,4,4,ADCS,255,BROADCAST,0,HEARTBEAT,48,HEARTBEAT,0,0,0,0,0,0,0x10013FC0
1777180772.169,109041,4,4,ADCS,255,BROADCAST,0,HEARTBEAT,48,HEARTBEAT,0,0,0,0,0,0,0x10013FC0
1777180773.241,110135,4,4,ADCS,255,BROADCAST,0,HEARTBEAT,48,HEARTBEAT,0,0,0,0,0,0,0x10013FC0
1777180774.337,111230,4,4,ADCS,255,BROADCAST,0,HEARTBEAT,48,HEARTBEAT,0,0,0,0,0,0,0x10013FC0
1777180775.448,112325,4,4,ADCS,255,BROADCAST,0,HEARTBEAT,48,HEARTBEAT,0,0,0,0,0,0,0x10013FC0
1777180776.525,113419,4,4,ADCS,255,BROADCAST,0,HEARTBEAT,48,HEARTBEAT,0,0,0,0,0,0,0x10013FC0
1777180777.619,114514,4,4,ADCS,255,BROADCAST,0,HEARTBEAT,48,HEARTBEAT,0,0,0,0,0,0,0x10013FC0
1777180778.722,115608,4,4,ADCS,255,BROADCAST,0,HEARTBEAT,48,HEARTBEAT,0,0,0,0,0,0,0x10013FC0
1777180779.809,116703,4,4,ADCS,255,BROADCAST,0,HEARTBEAT,48,HEARTBEAT,0,0,0,0,0,0,0x10013FC0
1777180780.906,117797,4,4,ADCS,255,BROADCAST,0,HEARTBEAT,48,HEARTBEAT,0,0,0,0,0,0,0x10013FC0
1777180782.009,118892,4,4,ADCS,255,BROADCAST,0,HEARTBEAT,48,HEARTBEAT,0,0,0,0,0,0,0x10013FC0
1777180783.130,119986,4,4,ADCS,255,BROADCAST,0,HEARTBEAT,48,HEARTBEAT,0,0,0,0,0,0,0x10013FC0
1777180784.195,121081,4,4,ADCS,255,BROADCAST,0,HEARTBEAT,48,HEARTBEAT,0,0,0,0,0,0,0x10013FC0
1777180785.290,122175,4,4,ADCS,255,BROADCAST,0,HEARTBEAT,48,HEARTBEAT,0,0,0,0,0,0,0x10013FC0
1777180786.406,123270,4,4,ADCS,255,BROADCAST,0,HEARTBEAT,48,HEARTBEAT,0,0,0,0,0,0,0x10013FC0
1777180787.471,124365,4,4,ADCS,255,BROADCAST,0,HEARTBEAT,48,HEARTBEAT,0,0,0,0,0,0,0x10013FC0
1777180788.565,125459,4,4,ADCS,255,BROADCAST,0,HEARTBEAT,48,HEARTBEAT,0,0,0,0,0,0,0x10013FC0
1777180789.682,126554,4,4,ADCS,255,BROADCAST,0,HEARTBEAT,48,HEARTBEAT,0,0,0,0,0,0,0x10013FC0
1777180790.754,127648,4,4,ADCS,255,BROADCAST,0,HEARTBEAT,48,HEARTBEAT,0,0,0,0,0,0,0x10013FC0
1777180791.851,128743,4,4,ADCS,255,BROADCAST,0,HEARTBEAT,48,HEARTBEAT,0,0,0,0,0,0,0x10013FC0
1777180792.961,129837,4,4,ADCS,255,BROADCAST,0,HEARTBEAT,48,HEARTBEAT,0,0,0,0,0,0,0x10013FC0
1777180794.038,130932,4,4,ADCS,255,BROADCAST,0,HEARTBEAT,48,HEARTBEAT,0,0,0,0,0,0,0x10013FC0
1777180795.133,132027,4,4,ADCS,255,BROADCAST,0,HEARTBEAT,48,HEARTBEAT,0,0,0,0,0,0,0x10013FC0
1777180796.236,133121,4,4,ADCS,255,BROADCAST,0,HEARTBEAT,48,HEARTBEAT,0,0,0,0,0,0,0x10013FC0
1777180797.364,134216,4,4,ADCS,255,BROADCAST,0,HEARTBEAT,48,HEARTBEAT,0,0,0,0,0,0,0x10013FC0
1777180798.416,135311,4,4,ADCS,255,BROADCAST,0,HEARTBEAT,48,HEARTBEAT,0,0,0,0,0,0,0x10013FC0
1777180799.511,136405,4,4,ADCS,255,BROADCAST,0,HEARTBEAT,48,HEARTBEAT,0,0,0,0,0,0,0x10013FC0
1777180800.636,137500,4,4,ADCS,255,BROADCAST,0,HEARTBEAT,48,HEARTBEAT,0,0,0,0,0,0,0x10013FC0
1777180801.703,138594,4,4,ADCS,255,BROADCAST,0,HEARTBEAT,48,HEARTBEAT,0,0,0,0,0,0,0x10013FC0
1777180802.795,139689,4,4,ADCS,255,BROADCAST,0,HEARTBEAT,48,HEARTBEAT,0,0,0,0,0,0,0x10013FC0
1777180803.917,140783,4,4,ADCS,255,BROADCAST,0,HEARTBEAT,48,HEARTBEAT,0,0,0,0,0,0,0x10013FC0
1777180804.984,141878,4,4,ADCS,255,BROADCAST,0,HEARTBEAT,48,HEARTBEAT,0,0,0,0,0,0,0x10013FC0
1777180806.081,142972,4,4,ADCS,255,BROADCAST,0,HEARTBEAT,48,HEARTBEAT,0,0,0,0,0,0,0x10013FC0
1777180807.194,144067,4,4,ADCS,255,BROADCAST,0,HEARTBEAT,48,HEARTBEAT,0,0,0,0,0,0,0x10013FC0
1777180808.268,145162,4,4,ADCS,255,BROADCAST,0,HEARTBEAT,48,HEARTBEAT,0,0,0,0,0,0,0x10013FC0
1777180809.363,146256,4,4,ADCS,255,BROADCAST,0,HEARTBEAT,48,HEARTBEAT,0,0,0,0,0,0,0x10013FC0
1777180810.470,147351,4,4,ADCS,255,BROADCAST,0,HEARTBEAT,48,HEARTBEAT,0,0,0,0,0,0,0x10013FC0
1777180811.552,148445,4,4,ADCS,255,BROADCAST,0,HEARTBEAT,48,HEARTBEAT,0,0,0,0,0,0,0x10013FC0
1777180812.646,149540,4,4,ADCS,255,BROADCAST,0,HEARTBEAT,48,HEARTBEAT,0,0,0,0,0,0,0x10013FC0
1777180813.746,150634,4,4,ADCS,255,BROADCAST,0,HEARTBEAT,48,HEARTBEAT,0,0,0,0,0,0,0x10013FC0
1777180814.874,151729,4,4,ADCS,255,BROADCAST,0,HEARTBEAT,48,HEARTBEAT,0,0,0,0,0,0,0x10013FC0
1777180815.929,152823,4,4,ADCS,255,BROADCAST,0,HEARTBEAT,48,HEARTBEAT,0,0,0,0,0,0,0x10013FC0
1777180817.024,153918,4,4,ADCS,255,BROADCAST,0,HEARTBEAT,48,HEARTBEAT,0,0,0,0,0,0,0x10013FC0
1777180818.152,155012,4,4,ADCS,255,BROADCAST,0,HEARTBEAT,48,HEARTBEAT,0,0,0,0,0,0,0x10013FC0
1777180819.213,156107,4,4,ADCS,255,BROADCAST,0,HEARTBEAT,48,HEARTBEAT,0,0,0,0,0,0,0x10013FC0
1777180820.308,157201,4,4,ADCS,255,BROADCAST,0,HEARTBEAT,48,HEARTBEAT,0,0,0,0,0,0,0x10013FC0
1777180821.427,158296,4,4,ADCS,255,BROADCAST,0,HEARTBEAT,48,HEARTBEAT,0,0,0,0,0,0,0x10013FC0
1777180822.497,159390,4,4,ADCS,255,BROADCAST,0,HEARTBEAT,48,HEARTBEAT,0,0,0,0,0,0,0x10013FC0
1777180823.592,160485,4,4,ADCS,255,BROADCAST,0,HEARTBEAT,48,HEARTBEAT,0,0,0,0,0,0,0x10013FC0
1777180824.711,161579,4,4,ADCS,255,BROADCAST,0,HEARTBEAT,48,HEARTBEAT,0,0,0,0,0,0,0x10013FC0
1777180825.780,162674,4,4,ADCS,255,BROADCAST,0,HEARTBEAT,48,HEARTBEAT,0,0,0,0,0,0,0x10013FC0
1777180826.874,163768,4,4,ADCS,255,BROADCAST,0,HEARTBEAT,48,HEARTBEAT,0,0,0,0,0,0,0x10013FC0
1777180827.981,164863,4,4,ADCS,255,BROADCAST,0,HEARTBEAT,48,HEARTBEAT,0,0,0,0,0,0,0x10013FC0
1777180829.064,165958,4,4,ADCS,255,BROADCAST,0,HEARTBEAT,48,HEARTBEAT,0,0,0,0,0,0,0x10013FC0
1777180830.163,167052,4,4,ADCS,255,BROADCAST,0,HEARTBEAT,48,HEARTBEAT,0,0,0,0,0,0,0x10013FC0
1777180831.258,168147,4,4,ADCS,255,BROADCAST,0,HEARTBEAT,48,HEARTBEAT,0,0,0,0,0,0,0x10013FC0
1777180832.384,169241,4,4,ADCS,255,BROADCAST,0,HEARTBEAT,48,HEARTBEAT,0,0,0,0,0,0,0x10013FC0
1777180833.442,170336,4,4,ADCS,255,BROADCAST,0,HEARTBEAT,48,HEARTBEAT,0,0,0,0,0,0,0x10013FC0
1777180834.537,171430,4,4,ADCS,255,BROADCAST,0,HEARTBEAT,48,HEARTBEAT,0,0,0,0,0,0,0x10013FC0
1777180835.668,172525,4,4,ADCS,255,BROADCAST,0,HEARTBEAT,48,HEARTBEAT,0,0,0,0,0,0,0x10013FC0
1777180836.726,173619,4,4,ADCS,255,BROADCAST,0,HEARTBEAT,48,HEARTBEAT,0,0,0,0,0,0,0x10013FC0
1777180837.821,174714,4,4,ADCS,255,BROADCAST,0,HEARTBEAT,48,HEARTBEAT,0,0,0,0,0,0,0x10013FC0
1777180838.936,175808,4,4,ADCS,255,BROADCAST,0,HEARTBEAT,48,HEARTBEAT,0,0,0,0,0,0,0x10013FC0
1777180840.009,176903,4,4,ADCS,255,BROADCAST,0,HEARTBEAT,48,HEARTBEAT,0,0,0,0,0,0,0x10013FC0
1777180841.104,177998,4,4,ADCS,255,BROADCAST,0,HEARTBEAT,48,HEARTBEAT,0,0,0,0,0,0,0x10013FC0
1777180842.216,179092,4,4,ADCS,255,BROADCAST,0,HEARTBEAT,48,HEARTBEAT,0,0,0,0,0,0,0x10013FC0
1777180843.293,180186,4,4,ADCS,255,BROADCAST,0,HEARTBEAT,48,HEARTBEAT,0,0,0,0,0,0,0x10013FC0
1777180844.388,181281,4,4,ADCS,255,BROADCAST,0,HEARTBEAT,48,HEARTBEAT,0,0,0,0,0,0,0x10013FC0
1777180845.491,182375,4,4,ADCS,255,BROADCAST,0,HEARTBEAT,48,HEARTBEAT,0,0,0,0,0,0,0x10013FC0
1777180846.576,183470,4,4,ADCS,255,BROADCAST,0,HEARTBEAT,48,HEARTBEAT,0,0,0,0,0,0,0x10013FC0
1777180847.672,184564,4,4,ADCS,255,BROADCAST,0,HEARTBEAT,48,HEARTBEAT,0,0,0,0,0,0,0x10013FC0
1777180848.768,185659,4,4,ADCS,255,BROADCAST,0,HEARTBEAT,48,HEARTBEAT,0,0,0,0,0,0,0x10013FC0
1777180849.887,186753,4,4,ADCS,255,BROADCAST,0,HEARTBEAT,48,HEARTBEAT,0,0,0,0,0,0,0x10013FC0
1777180850.955,187848,4,4,ADCS,255,BROADCAST,0,HEARTBEAT,48,HEARTBEAT,0,0,0,0,0,0,0x10013FC0
1777180852.053,188942,4,4,ADCS,255,BROADCAST,0,HEARTBEAT,48,HEARTBEAT,0,0,0,0,0,0,0x10013FC0
1777180853.172,190037,4,4,ADCS,255,BROADCAST,0,HEARTBEAT,48,HEARTBEAT,0,0,0,0,0,0,0x10013FC0
1777180854.238,191131,4,4,ADCS,255,BROADCAST,0,HEARTBEAT,48,HEARTBEAT,0,0,0,0,0,0,0x10013FC0
1777180855.333,192226,4,4,ADCS,255,BROADCAST,0,HEARTBEAT,48,HEARTBEAT,0,0,0,0,0,0,0x10013FC0
1777180856.450,193320,4,4,ADCS,255,BROADCAST,0,HEARTBEAT,48,HEARTBEAT,0,0,0,0,0,0,0x10013FC0
1777180857.522,194415,4,4,ADCS,255,BROADCAST,0,HEARTBEAT,48,HEARTBEAT,0,0,0,0,0,0,0x10013FC0
1777180858.616,195510,4,4,ADCS,255,BROADCAST,0,HEARTBEAT,48,HEARTBEAT,0,0,0,0,0,0,0x10013FC0
1777180859.719,196604,4,4,ADCS,255,BROADCAST,0,HEARTBEAT,48,HEARTBEAT,0,0,0,0,0,0,0x10013FC0
1777180860.806,197699,4,4,ADCS,255,BROADCAST,0,HEARTBEAT,48,HEARTBEAT,0,0,0,0,0,0,0x10013FC0
1777180861.900,198793,4,4,ADCS,255,BROADCAST,0,HEARTBEAT,48,HEARTBEAT,0,0,0,0,0,0,0x10013FC0
1777180863.003,199888,4,4,ADCS,255,BROADCAST,0,HEARTBEAT,48,HEARTBEAT,0,0,0,0,0,0,0x10013FC0
1777180864.116,200982,4,4,ADCS,255,BROADCAST,0,HEARTBEAT,48,HEARTBEAT,0,0,0,0,0,0,0x10013FC0
1777180865.184,202077,4,4,ADCS,255,BROADCAST,0,HEARTBEAT,48,HEARTBEAT,0,0,0,0,0,0,0x10013FC0
1777180866.279,203171,4,4,ADCS,255,BROADCAST,0,HEARTBEAT,48,HEARTBEAT,0,0,0,0,0,0,0x10013FC0
1777180867.404,204266,4,4,ADCS,255,BROADCAST,0,HEARTBEAT,48,HEARTBEAT,0,0,0,0,0,0,0x10013FC0
1777180868.467,205360,4,4,ADCS,255,BROADCAST,0,HEARTBEAT,48,HEARTBEAT,0,0,0,0,0,0,0x10013FC0
1777180869.563,206455,4,4,ADCS,255,BROADCAST,0,HEARTBEAT,48,HEARTBEAT,0,0,0,0,0,0,0x10013FC0
1777180870.683,207549,4,4,ADCS,255,BROADCAST,0,HEARTBEAT,48,HEARTBEAT,0,0,0,0,0,0,0x10013FC0
1777180871.751,208644,4,4,ADCS,255,BROADCAST,0,HEARTBEAT,48,HEARTBEAT,0,0,0,0,0,0,0x10013FC0
1777180872.848,209738,4,4,ADCS,255,BROADCAST,0,HEARTBEAT,48,HEARTBEAT,0,0,0,0,0,0,0x10013FC0
1777180873.955,210833,4,4,ADCS,255,BROADCAST,0,HEARTBEAT,48,HEARTBEAT,0,0,0,0,0,0,0x10013FC0
1777180875.034,211927,4,4,ADCS,255,BROADCAST,0,HEARTBEAT,48,HEARTBEAT,0,0,0,0,0,0,0x10013FC0
1777180876.130,213022,4,4,ADCS,255,BROADCAST,0,HEARTBEAT,48,HEARTBEAT,0,0,0,0,0,0,0x10013FC0
1777180877.245,214116,4,4,ADCS,255,BROADCAST,0,HEARTBEAT,48,HEARTBEAT,0,0,0,0,0,0,0x10013FC0
1777180878.317,215211,4,4,ADCS,255,BROADCAST,0,HEARTBEAT,48,HEARTBEAT,0,0,0,0,0,0,0x10013FC0
1777180879.412,216305,4,4,ADCS,255,BROADCAST,0,HEARTBEAT,48,HEARTBEAT,0,0,0,0,0,0,0x10013FC0
1777180880.519,217400,4,4,ADCS,255,BROADCAST,0,HEARTBEAT,48,HEARTBEAT,0,0,0,0,0,0,0x10013FC0
1777180881.635,218494,4,4,ADCS,255,BROADCAST,0,HEARTBEAT,48,HEARTBEAT,0,0,0,0,0,0,0x10013FC0
1777180882.695,219589,4,4,ADCS,255,BROADCAST,0,HEARTBEAT,48,HEARTBEAT,0,0,0,0,0,0,0x10013FC0
1777180883.800,220683,4,4,ADCS,255,BROADCAST,0,HEARTBEAT,48,HEARTBEAT,0,0,0,0,0,0,0x10013FC0
1777180884.922,221778,4,4,ADCS,255,BROADCAST,0,HEARTBEAT,48,HEARTBEAT,0,0,0,0,0,0,0x10013FC0
1777180885.980,222872,4,4,ADCS,255,BROADCAST,0,HEARTBEAT,48,HEARTBEAT,0,0,0,0,0,0,0x10013FC0
1777180887.074,223967,4,4,ADCS,255,BROADCAST,0,HEARTBEAT,48,HEARTBEAT,0,0,0,0,0,0,0x10013FC0
1777180888.201,225062,4,4,ADCS,255,BROADCAST,0,HEARTBEAT,48,HEARTBEAT,0,0,0,0,0,0,0x10013FC0
1777180889.263,226156,4,4,ADCS,255,BROADCAST,0,HEARTBEAT,48,HEARTBEAT,0,0,0,0,0,0,0x10013FC0
1777180890.357,227251,4,4,ADCS,255,BROADCAST,0,HEARTBEAT,48,HEARTBEAT,0,0,0,0,0,0,0x10013FC0
1777180891.477,228345,4,4,ADCS,255,BROADCAST,0,HEARTBEAT,48,HEARTBEAT,0,0,0,0,0,0,0x10013FC0
1777180892.547,229440,4,4,ADCS,255,BROADCAST,0,HEARTBEAT,48,HEARTBEAT,0,0,0,0,0,0,0x10013FC0
1777180893.642,230534,4,4,ADCS,255,BROADCAST,0,HEARTBEAT,48,HEARTBEAT,0,0,0,0,0,0,0x10013FC0
1777180894.755,231629,4,4,ADCS,255,BROADCAST,0,HEARTBEAT,48,HEARTBEAT,0,0,0,0,0,0,0x10013FC0
1777180895.830,232724,4,4,ADCS,255,BROADCAST,0,HEARTBEAT,48,HEARTBEAT,0,0,0,0,0,0,0x10013FC0
1777180896.928,233818,4,4,ADCS,255,BROADCAST,0,HEARTBEAT,48,HEARTBEAT,0,0,0,0,0,0,0x10013FC0
1777180898.032,234913,4,4,ADCS,255,BROADCAST,0,HEARTBEAT,48,HEARTBEAT,0,0,0,0,0,0,0x10013FC0
1777180899.151,236007,4,4,ADCS,255,BROADCAST,0,HEARTBEAT,48,HEARTBEAT,0,0,0,0,0,0,0x10013FC0
1777180900.209,237102,4,4,ADCS,255,BROADCAST,0,HEARTBEAT,48,HEARTBEAT,0,0,0,0,0,0,0x10013FC0
1777180901.306,238196,4,4,ADCS,255,BROADCAST,0,HEARTBEAT,48,HEARTBEAT,0,0,0,0,0,0,0x10013FC0
1777180902.434,239291,4,4,ADCS,255,BROADCAST,0,HEARTBEAT,48,HEARTBEAT,0,0,0,0,0,0,0x10013FC0
1777180903.493,240385,4,4,ADCS,255,BROADCAST,0,HEARTBEAT,48,HEARTBEAT,0,0,0,0,0,0,0x10013FC0
1777180904.587,241480,4,4,ADCS,255,BROADCAST,0,HEARTBEAT,48,HEARTBEAT,0,0,0,0,0,0,0x10013FC0
1777180905.711,242575,4,4,ADCS,255,BROADCAST,0,HEARTBEAT,48,HEARTBEAT,0,0,0,0,0,0,0x10013FC0
1777180906.776,243669,4,4,ADCS,255,BROADCAST,0,HEARTBEAT,48,HEARTBEAT,0,0,0,0,0,0,0x10013FC0
1777180907.871,244764,4,4,ADCS,255,BROADCAST,0,HEARTBEAT,48,HEARTBEAT,0,0,0,0,0,0,0x10013FC0
1777180908.989,245858,4,4,ADCS,255,BROADCAST,0,HEARTBEAT,48,HEARTBEAT,0,0,0,0,0,0,0x10013FC0
1777180910.060,246953,4,4,ADCS,255,BROADCAST,0,HEARTBEAT,48,HEARTBEAT,0,0,0,0,0,0,0x10013FC0
1777180911.155,248048,4,4,ADCS,255,BROADCAST,0,HEARTBEAT,48,HEARTBEAT,0,0,0,0,0,0,0x10013FC0
1777180912.267,249142,4,4,ADCS,255,BROADCAST,0,HEARTBEAT,48,HEARTBEAT,0,0,0,0,0,0,0x10013FC0
1777180913.391,250237,4,4,ADCS,255,BROADCAST,0,HEARTBEAT,48,HEARTBEAT,0,0,0,0,0,0,0x10013FC0
1777180914.439,251331,4,4,ADCS,255,BROADCAST,0,HEARTBEAT,48,HEARTBEAT,0,0,0,0,0,0,0x10013FC0
1777180915.533,252426,4,4,ADCS,255,BROADCAST,0,HEARTBEAT,48,HEARTBEAT,0,0,0,0,0,0,0x10013FC0
1777180916.654,253521,4,4,ADCS,255,BROADCAST,0,HEARTBEAT,48,HEARTBEAT,0,0,0,0,0,0,0x10013FC0
1777180917.723,254615,4,4,ADCS,255,BROADCAST,0,HEARTBEAT,48,HEARTBEAT,0,0,0,0,0,0,0x10013FC0
1777180918.838,255710,4,4,ADCS,255,BROADCAST,0,HEARTBEAT,48,HEARTBEAT,0,0,0,0,0,0,0x10013FC0
1777180919.953,256805,4,4,ADCS,255,BROADCAST,0,HEARTBEAT,48,HEARTBEAT,0,0,0,0,0,0,0x10013FC0
1777180921.007,257899,4,4,ADCS,255,BROADCAST,0,HEARTBEAT,48,HEARTBEAT,0,0,0,0,0,0,0x10013FC0
1777180922.102,258994,4,4,ADCS,255,BROADCAST,0,HEARTBEAT,48,HEARTBEAT,0,0,0,0,0,0,0x10013FC0
1777180923.221,260088,4,4,ADCS,255,BROADCAST,0,HEARTBEAT,48,HEARTBEAT,0,0,0,0,0,0,0x10013FC0
1777180924.290,261183,4,4,ADCS,255,BROADCAST,0,HEARTBEAT,48,HEARTBEAT,0,0,0,0,0,0,0x10013FC0
1777180925.385,262278,4,4,ADCS,255,BROADCAST,0,HEARTBEAT,48,HEARTBEAT,0,0,0,0,0,0,0x10013FC0
1777180926.501,263372,4,4,ADCS,255,BROADCAST,0,HEARTBEAT,48,HEARTBEAT,0,0,0,0,0,0,0x10013FC0
1777180927.574,264467,4,4,ADCS,255,BROADCAST,0,HEARTBEAT,48,HEARTBEAT,0,0,0,0,0,0,0x10013FC0
1777180928.669,265561,4,4,ADCS,255,BROADCAST,0,HEARTBEAT,48,HEARTBEAT,0,0,0,0,0,0,0x10013FC0
1777180929.773,266656,4,4,ADCS,255,BROADCAST,0,HEARTBEAT,48,HEARTBEAT,0,0,0,0,0,0,0x10013FC0
1777180930.904,267751,4,4,ADCS,255,BROADCAST,0,HEARTBEAT,48,HEARTBEAT,0,0,0,0,0,0,0x10013FC0
1777180931.952,268845,4,4,ADCS,255,BROADCAST,0,HEARTBEAT,48,HEARTBEAT,0,0,0,0,0,0,0x10013FC0
1777180933.051,269940,4,4,ADCS,255,BROADCAST,0,HEARTBEAT,48,HEARTBEAT,0,0,0,0,0,0,0x10013FC0
1777180934.188,271034,4,4,ADCS,255,BROADCAST,0,HEARTBEAT,48,HEARTBEAT,0,0,0,0,0,0,0x10013FC0
1777180935.237,272129,4,4,ADCS,255,BROADCAST,0,HEARTBEAT,48,HEARTBEAT,0,0,0,0,0,0,0x10013FC0
1777180936.331,273224,4,4,ADCS,255,BROADCAST,0,HEARTBEAT,48,HEARTBEAT,0,0,0,0,0,0,0x10013FC0
1777180937.450,274318,4,4,ADCS,255,BROADCAST,0,HEARTBEAT,48,HEARTBEAT,0,0,0,0,0,0,0x10013FC0
1777180938.520,275413,4,4,ADCS,255,BROADCAST,0,HEARTBEAT,48,HEARTBEAT,0,0,0,0,0,0,0x10013FC0
1777180939.616,276507,4,4,ADCS,255,BROADCAST,0,HEARTBEAT,48,HEARTBEAT,0,0,0,0,0,0,0x10013FC0
1777180940.729,277602,4,4,ADCS,255,BROADCAST,0,HEARTBEAT,48,HEARTBEAT,0,0,0,0,0,0,0x10013FC0
1777180941.805,278696,4,4,ADCS,255,BROADCAST,0,HEARTBEAT,48,HEARTBEAT,0,0,0,0,0,0,0x10013FC0
1777180942.898,279791,4,4,ADCS,255,BROADCAST,0,HEARTBEAT,48,HEARTBEAT,0,0,0,0,0,0,0x10013FC0
1777180944.009,280885,4,4,ADCS,255,BROADCAST,0,HEARTBEAT,48,HEARTBEAT,0,0,0,0,0,0,0x10013FC0
1777180945.088,281980,4,4,ADCS,255,BROADCAST,0,HEARTBEAT,48,HEARTBEAT,0,0,0,0,0,0,0x10013FC0
1777180946.182,283075,4,4,ADCS,255,BROADCAST,0,HEARTBEAT,48,HEARTBEAT,0,0,0,0,0,0,0x10013FC0
1777180947.287,284169,4,4,ADCS,255,BROADCAST,0,HEARTBEAT,48,HEARTBEAT,0,0,0,0,0,0,0x10013FC0
1777180948.415,285264,4,4,ADCS,255,BROADCAST,0,HEARTBEAT,48,HEARTBEAT,0,0,0,0,0,0,0x10013FC0
1777180949.466,286358,4,4,ADCS,255,BROADCAST,0,HEARTBEAT,48,HEARTBEAT,0,0,0,0,0,0,0x10013FC0
1777180950.560,287453,4,4,ADCS,255,BROADCAST,0,HEARTBEAT,48,HEARTBEAT,0,0,0,0,0,0,0x10013FC0
1777180951.689,288547,4,4,ADCS,255,BROADCAST,0,HEARTBEAT,48,HEARTBEAT,0,0,0,0,0,0,0x10013FC0
1777180952.750,289642,4,4,ADCS,255,BROADCAST,0,HEARTBEAT,48,HEARTBEAT,0,0,0,0,0,0,0x10013FC0
1777180953.844,290736,4,4,ADCS,255,BROADCAST,0,HEARTBEAT,48,HEARTBEAT,0,0,0,0,0,0,0x10013FC0
1777180954.968,291831,4,4,ADCS,255,BROADCAST,0,HEARTBEAT,48,HEARTBEAT,0,0,0,0,0,0,0x10013FC0
1777180956.033,292926,4,4,ADCS,255,BROADCAST,0,HEARTBEAT,48,HEARTBEAT,0,0,0,0,0,0,0x10013FC0
1777180957.129,294020,4,4,ADCS,255,BROADCAST,0,HEARTBEAT,48,HEARTBEAT,0,0,0,0,0,0,0x10013FC0
1777180958.232,295115,4,4,ADCS,255,BROADCAST,0,HEARTBEAT,48,HEARTBEAT,0,0,0,0,0,0,0x10013FC0
1777180959.318,296210,4,4,ADCS,255,BROADCAST,0,HEARTBEAT,48,HEARTBEAT,0,0,0,0,0,0,0x10013FC0
1777180960.412,297304,4,4,ADCS,255,BROADCAST,0,HEARTBEAT,48,HEARTBEAT,0,0,0,0,0,0,0x10013FC0
1777180961.519,298398,4,4,ADCS,255,BROADCAST,0,HEARTBEAT,48,HEARTBEAT,0,0,0,0,0,0,0x10013FC0
1777180962.649,299493,4,4,ADCS,255,BROADCAST,0,HEARTBEAT,48,HEARTBEAT,0,0,0,0,0,0,0x10013FC0
1777180963.695,300587,4,4,ADCS,255,BROADCAST,0,HEARTBEAT,48,HEARTBEAT,0,0,0,0,0,0,0x10013FC0
1777180964.797,301682,4,4,ADCS,255,BROADCAST,0,HEARTBEAT,48,HEARTBEAT,0,0,0,0,0,0,0x10013FC0
1777180965.915,302776,4,4,ADCS,255,BROADCAST,0,HEARTBEAT,48,HEARTBEAT,0,0,0,0,0,0,0x10013FC0
1777180966.979,303871,4,4,ADCS,255,BROADCAST,0,HEARTBEAT,48,HEARTBEAT,0,0,0,0,0,0,0x10013FC0
1777180968.074,304966,4,4,ADCS,255,BROADCAST,0,HEARTBEAT,48,HEARTBEAT,0,0,0,0,0,0,0x10013FC0
1777180969.192,306060,4,4,ADCS,255,BROADCAST,0,HEARTBEAT,48,HEARTBEAT,0,0,0,0,0,0,0x10013FC0
1777180970.262,307155,4,4,ADCS,255,BROADCAST,0,HEARTBEAT,48,HEARTBEAT,0,0,0,0,0,0,0x10013FC0
1777180971.359,308249,4,4,ADCS,255,BROADCAST,0,HEARTBEAT,48,HEARTBEAT,0,0,0,0,0,0,0x10013FC0
1777180972.472,309344,4,4,ADCS,255,BROADCAST,0,HEARTBEAT,48,HEARTBEAT,0,0,0,0,0,0,0x10013FC0
1777180973.545,310438,4,4,ADCS,255,BROADCAST,0,HEARTBEAT,48,HEARTBEAT,0,0,0,0,0,0,0x10013FC0
1777180974.641,311533,4,4,ADCS,255,BROADCAST,0,HEARTBEAT,48,HEARTBEAT,0,0,0,0,0,0,0x10013FC0
1777180975.735,312627,4,4,ADCS,255,BROADCAST,0,HEARTBEAT,48,HEARTBEAT,0,0,0,0,0,0,0x10013FC0
1777180976.830,313722,4,4,ADCS,255,BROADCAST,0,HEARTBEAT,48,HEARTBEAT,0,0,0,0,0,0,0x10013FC0
1777180977.925,314816,4,4,ADCS,255,BROADCAST,0,HEARTBEAT,48,HEARTBEAT,0,0,0,0,0,0,0x10013FC0
1777180979.023,315911,4,4,ADCS,255,BROADCAST,0,HEARTBEAT,48,HEARTBEAT,0,0,0,0,0,0,0x10013FC0
1777180980.147,317005,4,4,ADCS,255,BROADCAST,0,HEARTBEAT,48,HEARTBEAT,0,0,0,0,0,0,0x10013FC0
1777180981.207,318100,4,4,ADCS,255,BROADCAST,0,HEARTBEAT,48,HEARTBEAT,0,0,0,0,0,0,0x10013FC0
1777180982.302,319194,4,4,ADCS,255,BROADCAST,0,HEARTBEAT,48,HEARTBEAT,0,0,0,0,0,0,0x10013FC0
1777180983.427,320289,4,4,ADCS,255,BROADCAST,0,HEARTBEAT,48,HEARTBEAT,0,0,0,0,0,0,0x10013FC0
1777180984.492,321384,4,4,ADCS,255,BROADCAST,0,HEARTBEAT,48,HEARTBEAT,0,0,0,0,0,0,0x10013FC0
1777180985.586,322478,4,4,ADCS,255,BROADCAST,0,HEARTBEAT,48,HEARTBEAT,0,0,0,0,0,0,0x10013FC0
1777180986.701,323572,4,4,ADCS,255,BROADCAST,0,HEARTBEAT,48,HEARTBEAT,0,0,0,0,0,0,0x10013FC0
1777180987.775,324667,4,4,ADCS,255,BROADCAST,0,HEARTBEAT,48,HEARTBEAT,0,0,0,0,0,0,0x10013FC0
1777180988.870,325761,4,4,ADCS,255,BROADCAST,0,HEARTBEAT,48,HEARTBEAT,0,0,0,0,0,0,0x10013FC0
1777180989.980,326856,4,4,ADCS,255,BROADCAST,0,HEARTBEAT,48,HEARTBEAT,0,0,0,0,0,0,0x10013FC0
1777180991.058,327950,4,4,ADCS,255,BROADCAST,0,HEARTBEAT,48,HEARTBEAT,0,0,0,0,0,0,0x10013FC0
1777180992.153,329045,4,4,ADCS,255,BROADCAST,0,HEARTBEAT,48,HEARTBEAT,0,0,0,0,0,0,0x10013FC0
1777180993.253,330140,4,4,ADCS,255,BROADCAST,0,HEARTBEAT,48,HEARTBEAT,0,0,0,0,0,0,0x10013FC0
1777180994.342,331234,4,4,ADCS,255,BROADCAST,0,HEARTBEAT,48,HEARTBEAT,0,0,0,0,0,0,0x10013FC0
1777180995.439,332329,4,4,ADCS,255,BROADCAST,0,HEARTBEAT,48,HEARTBEAT,0,0,0,0,0,0,0x10013FC0
1777180996.531,333423,4,4,ADCS,255,BROADCAST,0,HEARTBEAT,48,HEARTBEAT,0,0,0,0,0,0,0x10013FC0
1777180997.656,334518,4,4,ADCS,255,BROADCAST,0,HEARTBEAT,48,HEARTBEAT,0,0,0,0,0,0,0x10013FC0
1777180998.720,335612,4,4,ADCS,255,BROADCAST,0,HEARTBEAT,48,HEARTBEAT,0,0,0,0,0,0,0x10013FC0
1777180999.815,336707,4,4,ADCS,255,BROADCAST,0,HEARTBEAT,48,HEARTBEAT,0,0,0,0,0,0,0x10013FC0
1777181000.936,337801,4,4,ADCS,255,BROADCAST,0,HEARTBEAT,48,HEARTBEAT,0,0,0,0,0,0,0x10013FC0
1777181002.004,338896,4,4,ADCS,255,BROADCAST,0,HEARTBEAT,48,HEARTBEAT,0,0,0,0,0,0,0x10013FC0
1777181003.099,339991,4,4,ADCS,255,BROADCAST,0,HEARTBEAT,48,HEARTBEAT,0,0,0,0,0,0,0x10013FC0
1777181004.215,341085,4,4,ADCS,255,BROADCAST,0,HEARTBEAT,48,HEARTBEAT,0,0,0,0,0,0,0x10013FC0
1777181005.288,342180,4,4,ADCS,255,BROADCAST,0,HEARTBEAT,48,HEARTBEAT,0,0,0,0,0,0,0x10013FC0
1777181006.382,343274,4,4,ADCS,255,BROADCAST,0,HEARTBEAT,48,HEARTBEAT,0,0,0,0,0,0,0x10013FC0
1777181007.492,344369,4,4,ADCS,255,BROADCAST,0,HEARTBEAT,48,HEARTBEAT,0,0,0,0,0,0,0x10013FC0
1777181008.571,345463,4,4,ADCS,255,BROADCAST,0,HEARTBEAT,48,HEARTBEAT,0,0,0,0,0,0,0x10013FC0
1777181009.666,346558,4,4,ADCS,255,BROADCAST,0,HEARTBEAT,48,HEARTBEAT,0,0,0,0,0,0,0x10013FC0
1777181010.771,347652,4,4,ADCS,255,BROADCAST,0,HEARTBEAT,48,HEARTBEAT,0,0,0,0,0,0,0x10013FC0
1777181011.897,348746,4,4,ADCS,255,BROADCAST,0,HEARTBEAT,48,HEARTBEAT,0,0,0,0,0,0,0x10013FC0
1777181012.949,349841,4,4,ADCS,255,BROADCAST,0,HEARTBEAT,48,HEARTBEAT,0,0,0,0,0,0,0x10013FC0
1777181014.045,350935,4,4,ADCS,255,BROADCAST,0,HEARTBEAT,48,HEARTBEAT,0,0,0,0,0,0,0x10013FC0
1777181015.162,352030,4,4,ADCS,255,BROADCAST,0,HEARTBEAT,48,HEARTBEAT,0,0,0,0,0,0,0x10013FC0
1777181016.232,353124,4,4,ADCS,255,BROADCAST,0,HEARTBEAT,48,HEARTBEAT,0,0,0,0,0,0,0x10013FC0
1777181017.327,354219,4,4,ADCS,255,BROADCAST,0,HEARTBEAT,48,HEARTBEAT,0,0,0,0,0,0,0x10013FC0
1777181018.449,355313,4,4,ADCS,255,BROADCAST,0,HEARTBEAT,48,HEARTBEAT,0,0,0,0,0,0,0x10013FC0
1777181019.516,356408,4,4,ADCS,255,BROADCAST,0,HEARTBEAT,48,HEARTBEAT,0,0,0,0,0,0,0x10013FC0
1777181020.610,357502,4,4,ADCS,255,BROADCAST,0,HEARTBEAT,48,HEARTBEAT,0,0,0,0,0,0,0x10013FC0
1777181021.722,358597,4,4,ADCS,255,BROADCAST,0,HEARTBEAT,48,HEARTBEAT,0,0,0,0,0,0,0x10013FC0
1777181022.800,359691,4,4,ADCS,255,BROADCAST,0,HEARTBEAT,48,HEARTBEAT,0,0,0,0,0,0,0x10013FC0
1777181023.894,360786,4,4,ADCS,255,BROADCAST,0,HEARTBEAT,48,HEARTBEAT,0,0,0,0,0,0,0x10013FC0
1777181024.995,361880,4,4,ADCS,255,BROADCAST,0,HEARTBEAT,48,HEARTBEAT,0,0,0,0,0,0,0x10013FC0
1777181026.083,362975,4,4,ADCS,255,BROADCAST,0,HEARTBEAT,48,HEARTBEAT,0,0,0,0,0,0,0x10013FC0
1777181027.177,364069,4,4,ADCS,255,BROADCAST,0,HEARTBEAT,48,HEARTBEAT,0,0,0,0,0,0,0x10013FC0
1777181028.272,365164,4,4,ADCS,255,BROADCAST,0,HEARTBEAT,48,HEARTBEAT,0,0,0,0,0,0,0x10013FC0
1777181029.405,366258,4,4,ADCS,255,BROADCAST,0,HEARTBEAT,48,HEARTBEAT,0,0,0,0,0,0,0x10013FC0
1777181030.461,367353,4,4,ADCS,255,BROADCAST,0,HEARTBEAT,48,HEARTBEAT,0,0,0,0,0,0,0x10013FC0
1777181031.557,368447,4,4,ADCS,255,BROADCAST,0,HEARTBEAT,48,HEARTBEAT,0,0,0,0,0,0,0x10013FC0
1777181032.681,369542,4,4,ADCS,255,BROADCAST,0,HEARTBEAT,48,HEARTBEAT,0,0,0,0,0,0,0x10013FC0
1777181033.745,370636,4,4,ADCS,255,BROADCAST,0,HEARTBEAT,48,HEARTBEAT,0,0,0,0,0,0,0x10013FC0
1777181034.839,371731,4,4,ADCS,255,BROADCAST,0,HEARTBEAT,48,HEARTBEAT,0,0,0,0,0,0,0x10013FC0
1777181035.947,372825,4,4,ADCS,255,BROADCAST,0,HEARTBEAT,48,HEARTBEAT,0,0,0,0,0,0,0x10013FC0
1777181037.031,373920,4,4,ADCS,255,BROADCAST,0,HEARTBEAT,48,HEARTBEAT,0,0,0,0,0,0,0x10013FC0
1777181038.123,375014,4,4,ADCS,255,BROADCAST,0,HEARTBEAT,48,HEARTBEAT,0,0,0,0,0,0,0x10013FC0
1777181039.253,376109,4,4,ADCS,255,BROADCAST,0,HEARTBEAT,48,HEARTBEAT,0,0,0,0,0,0,0x10013FC0
1777181040.312,377203,4,4,ADCS,255,BROADCAST,0,HEARTBEAT,48,HEARTBEAT,0,0,0,0,0,0,0x10013FC0
1777181041.406,378298,4,4,ADCS,255,BROADCAST,0,HEARTBEAT,48,HEARTBEAT,0,0,0,0,0,0,0x10013FC0
1777181042.511,379393,4,4,ADCS,255,BROADCAST,0,HEARTBEAT,48,HEARTBEAT,0,0,0,0,0,0,0x10013FC0
1777181043.595,380487,4,4,ADCS,255,BROADCAST,0,HEARTBEAT,48,HEARTBEAT,0,0,0,0,0,0,0x10013FC0
1777181044.690,381582,4,4,ADCS,255,BROADCAST,0,HEARTBEAT,48,HEARTBEAT,0,0,0,0,0,0,0x10013FC0
1777181045.786,382677,4,4,ADCS,255,BROADCAST,0,HEARTBEAT,48,HEARTBEAT,0,0,0,0,0,0,0x10013FC0
1777181046.915,383771,4,4,ADCS,255,BROADCAST,0,HEARTBEAT,48,HEARTBEAT,0,0,0,0,0,0,0x10013FC0
1777181047.974,384866,4,4,ADCS,255,BROADCAST,0,HEARTBEAT,48,HEARTBEAT,0,0,0,0,0,0,0x10013FC0
1777181049.069,385960,4,4,ADCS,255,BROADCAST,0,HEARTBEAT,48,HEARTBEAT,0,0,0,0,0,0,0x10013FC0
1777181050.185,387055,4,4,ADCS,255,BROADCAST,0,HEARTBEAT,48,HEARTBEAT,0,0,0,0,0,0,0x10013FC0
1777181051.259,388150,4,4,ADCS,255,BROADCAST,0,HEARTBEAT,48,HEARTBEAT,0,0,0,0,0,0,0x10013FC0
1777181052.354,389244,4,4,ADCS,255,BROADCAST,0,HEARTBEAT,48,HEARTBEAT,0,0,0,0,0,0,0x10013FC0
1777181053.469,390339,4,4,ADCS,255,BROADCAST,0,HEARTBEAT,48,HEARTBEAT,0,0,0,0,0,0,0x10013FC0
1777181054.542,391433,4,4,ADCS,255,BROADCAST,0,HEARTBEAT,48,HEARTBEAT,0,0,0,0,0,0,0x10013FC0
1777181055.637,392528,4,4,ADCS,255,BROADCAST,0,HEARTBEAT,48,HEARTBEAT,0,0,0,0,0,0,0x10013FC0
1777181056.744,393623,4,4,ADCS,255,BROADCAST,0,HEARTBEAT,48,HEARTBEAT,0,0,0,0,0,0,0x10013FC0
1777181057.826,394717,4,4,ADCS,255,BROADCAST,0,HEARTBEAT,48,HEARTBEAT,0,0,0,0,0,0,0x10013FC0
1777181058.920,395812,4,4,ADCS,255,BROADCAST,0,HEARTBEAT,48,HEARTBEAT,0,0,0,0,0,0,0x10013FC0
1777181060.018,396906,4,4,ADCS,255,BROADCAST,0,HEARTBEAT,48,HEARTBEAT,0,0,0,0,0,0,0x10013FC0
1777181061.109,398001,4,4,ADCS,255,BROADCAST,0,HEARTBEAT,48,HEARTBEAT,0,0,0,0,0,0,0x10013FC0
1777181062.205,399096,4,4,ADCS,255,BROADCAST,0,HEARTBEAT,48,HEARTBEAT,0,0,0,0,0,0,0x10013FC0
1777181063.299,400190,4,4,ADCS,255,BROADCAST,0,HEARTBEAT,48,HEARTBEAT,0,0,0,0,0,0,0x10013FC0
1777181064.424,401285,4,4,ADCS,255,BROADCAST,0,HEARTBEAT,48,HEARTBEAT,0,0,0,0,0,0,0x10013FC0
1777181065.488,402379,4,4,ADCS,255,BROADCAST,0,HEARTBEAT,48,HEARTBEAT,0,0,0,0,0,0,0x10013FC0
1777181066.583,403474,4,4,ADCS,255,BROADCAST,0,HEARTBEAT,48,HEARTBEAT,0,0,0,0,0,0,0x10013FC0
1777181067.705,404569,4,4,ADCS,255,BROADCAST,0,HEARTBEAT,48,HEARTBEAT,0,0,0,0,0,0,0x10013FC0
1777181068.772,405663,4,4,ADCS,255,BROADCAST,0,HEARTBEAT,48,HEARTBEAT,0,0,0,0,0,0,0x10013FC0
1777181069.867,406758,4,4,ADCS,255,BROADCAST,0,HEARTBEAT,48,HEARTBEAT,0,0,0,0,0,0,0x10013FC0
1777181070.970,407853,4,4,ADCS,255,BROADCAST,0,HEARTBEAT,48,HEARTBEAT,0,0,0,0,0,0,0x10013FC0
1777181072.057,408948,4,4,ADCS,255,BROADCAST,0,HEARTBEAT,48,HEARTBEAT,0,0,0,0,0,0,0x10013FC0
1777181073.150,410042,4,4,ADCS,255,BROADCAST,0,HEARTBEAT,48,HEARTBEAT,0,0,0,0,0,0,0x10013FC0
1777181074.245,411137,4,4,ADCS,255,BROADCAST,0,HEARTBEAT,48,HEARTBEAT,0,0,0,0,0,0,0x10013FC0
1777181075.390,412231,4,4,ADCS,255,BROADCAST,0,HEARTBEAT,48,HEARTBEAT,0,0,0,0,0,0,0x10013FC0
1777181076.435,413326,4,4,ADCS,255,BROADCAST,0,HEARTBEAT,48,HEARTBEAT,0,0,0,0,0,0,0x10013FC0
1777181077.536,414421,4,4,ADCS,255,BROADCAST,0,HEARTBEAT,48,HEARTBEAT,0,0,0,0,0,0,0x10013FC0
1777181078.662,415515,4,4,ADCS,255,BROADCAST,0,HEARTBEAT,48,HEARTBEAT,0,0,0,0,0,0,0x10013FC0
1777181079.718,416610,4,4,ADCS,255,BROADCAST,0,HEARTBEAT,48,HEARTBEAT,0,0,0,0,0,0,0x10013FC0
1777181080.813,417704,4,4,ADCS,255,BROADCAST,0,HEARTBEAT,48,HEARTBEAT,0,0,0,0,0,0,0x10013FC0
1777181081.937,418799,4,4,ADCS,255,BROADCAST,0,HEARTBEAT,48,HEARTBEAT,0,0,0,0,0,0,0x10013FC0
1777181083.003,419894,4,4,ADCS,255,BROADCAST,0,HEARTBEAT,48,HEARTBEAT,0,0,0,0,0,0,0x10013FC0
1777181084.097,420988,4,4,ADCS,255,BROADCAST,0,HEARTBEAT,48,HEARTBEAT,0,0,0,0,0,0,0x10013FC0
1777181085.208,422083,4,4,ADCS,255,BROADCAST,0,HEARTBEAT,48,HEARTBEAT,0,0,0,0,0,0,0x10013FC0
1777181086.287,423178,4,4,ADCS,255,BROADCAST,0,HEARTBEAT,48,HEARTBEAT,0,0,0,0,0,0,0x10013FC0
1777181087.381,424272,4,4,ADCS,255,BROADCAST,0,HEARTBEAT,48,HEARTBEAT,0,0,0,0,0,0,0x10013FC0
1777181088.488,425367,4,4,ADCS,255,BROADCAST,0,HEARTBEAT,48,HEARTBEAT,0,0,0,0,0,0,0x10013FC0
1777181089.570,426461,4,4,ADCS,255,BROADCAST,0,HEARTBEAT,48,HEARTBEAT,0,0,0,0,0,0,0x10013FC0
1777181090.665,427556,4,4,ADCS,255,BROADCAST,0,HEARTBEAT,48,HEARTBEAT,0,0,0,0,0,0,0x10013FC0
1777181091.759,428651,4,4,ADCS,255,BROADCAST,0,HEARTBEAT,48,HEARTBEAT,0,0,0,0,0,0,0x10013FC0
1777181092.854,429745,4,4,ADCS,255,BROADCAST,0,HEARTBEAT,48,HEARTBEAT,0,0,0,0,0,0,0x10013FC0
1777181093.949,430840,4,4,ADCS,255,BROADCAST,0,HEARTBEAT,48,HEARTBEAT,0,0,0,0,0,0,0x10013FC0
1777181095.043,431934,4,4,ADCS,255,BROADCAST,0,HEARTBEAT,48,HEARTBEAT,0,0,0,0,0,0,0x10013FC0
1777181096.162,433029,4,4,ADCS,255,BROADCAST,0,HEARTBEAT,48,HEARTBEAT,0,0,0,0,0,0,0x10013FC0
1777181097.233,434124,4,4,ADCS,255,BROADCAST,0,HEARTBEAT,48,HEARTBEAT,0,0,0,0,0,0,0x10013FC0
1777181098.328,435218,4,4,ADCS,255,BROADCAST,0,HEARTBEAT,48,HEARTBEAT,0,0,0,0,0,0,0x10013FC0
1777181099.446,436313,4,4,ADCS,255,BROADCAST,0,HEARTBEAT,48,HEARTBEAT,0,0,0,0,0,0,0x10013FC0
1777181100.516,437407,4,4,ADCS,255,BROADCAST,0,HEARTBEAT,48,HEARTBEAT,0,0,0,0,0,0,0x10013FC0
1777181101.611,438502,4,4,ADCS,255,BROADCAST,0,HEARTBEAT,48,HEARTBEAT,0,0,0,0,0,0,0x10013FC0
1777181102.727,439597,4,4,ADCS,255,BROADCAST,0,HEARTBEAT,48,HEARTBEAT,0,0,0,0,0,0,0x10013FC0
1777181103.800,440691,4,4,ADCS,255,BROADCAST,0,HEARTBEAT,48,HEARTBEAT,0,0,0,0,0,0,0x10013FC0
1777181104.894,441786,4,4,ADCS,255,BROADCAST,0,HEARTBEAT,48,HEARTBEAT,0,0,0,0,0,0,0x10013FC0
1777181105.995,442880,4,4,ADCS,255,BROADCAST,0,HEARTBEAT,48,HEARTBEAT,0,0,0,0,0,0,0x10013FC0
1777181107.084,443975,4,4,ADCS,255,BROADCAST,0,HEARTBEAT,48,HEARTBEAT,0,0,0,0,0,0,0x10013FC0
1777181108.178,445069,4,4,ADCS,255,BROADCAST,0,HEARTBEAT,48,HEARTBEAT,0,0,0,0,0,0,0x10013FC0
1777181109.278,446164,4,4,ADCS,255,BROADCAST,0,HEARTBEAT,48,HEARTBEAT,0,0,0,0,0,0,0x10013FC0
1777181110.394,447259,4,4,ADCS,255,BROADCAST,0,HEARTBEAT,48,HEARTBEAT,0,0,0,0,0,0,0x10013FC0
1777181111.462,448353,4,4,ADCS,255,BROADCAST,0,HEARTBEAT,48,HEARTBEAT,0,0,0,0,0,0,0x10013FC0
1777181112.557,449448,4,4,ADCS,255,BROADCAST,0,HEARTBEAT,48,HEARTBEAT,0,0,0,0,0,0,0x10013FC0
1777181113.686,450542,4,4,ADCS,255,BROADCAST,0,HEARTBEAT,48,HEARTBEAT,0,0,0,0,0,0,0x10013FC0
1777181114.746,451637,4,4,ADCS,255,BROADCAST,0,HEARTBEAT,48,HEARTBEAT,0,0,0,0,0,0,0x10013FC0
1777181115.840,452731,4,4,ADCS,255,BROADCAST,0,HEARTBEAT,48,HEARTBEAT,0,0,0,0,0,0,0x10013FC0
1777181116.971,453826,4,4,ADCS,255,BROADCAST,0,HEARTBEAT,48,HEARTBEAT,0,0,0,0,0,0,0x10013FC0
1777181118.030,454920,4,4,ADCS,255,BROADCAST,0,HEARTBEAT,48,HEARTBEAT,0,0,0,0,0,0,0x10013FC0
1777181119.124,456015,4,4,ADCS,255,BROADCAST,0,HEARTBEAT,48,HEARTBEAT,0,0,0,0,0,0,0x10013FC0
1777181120.238,457110,4,4,ADCS,255,BROADCAST,0,HEARTBEAT,48,HEARTBEAT,0,0,0,0,0,0,0x10013FC0
1777181121.313,458204,4,4,ADCS,255,BROADCAST,0,HEARTBEAT,48,HEARTBEAT,0,0,0,0,0,0,0x10013FC0
1777181122.408,459299,4,4,ADCS,255,BROADCAST,0,HEARTBEAT,48,HEARTBEAT,0,0,0,0,0,0,0x10013FC0
1777181123.503,460393,4,4,ADCS,255,BROADCAST,0,HEARTBEAT,48,HEARTBEAT,0,0,0,0,0,0,0x10013FC0
1777181124.597,461488,4,4,ADCS,255,BROADCAST,0,HEARTBEAT,48,HEARTBEAT,0,0,0,0,0,0,0x10013FC0
1777181125.692,462582,4,4,ADCS,255,BROADCAST,0,HEARTBEAT,48,HEARTBEAT,0,0,0,0,0,0,0x10013FC0
1777181126.786,463677,4,4,ADCS,255,BROADCAST,0,HEARTBEAT,48,HEARTBEAT,0,0,0,0,0,0,0x10013FC0
1777181127.912,464771,4,4,ADCS,255,BROADCAST,0,HEARTBEAT,48,HEARTBEAT,0,0,0,0,0,0,0x10013FC0
1777181128.975,465866,4,4,ADCS,255,BROADCAST,0,HEARTBEAT,48,HEARTBEAT,0,0,0,0,0,0,0x10013FC0
1777181130.070,466960,4,4,ADCS,255,BROADCAST,0,HEARTBEAT,48,HEARTBEAT,0,0,0,0,0,0,0x10013FC0
1777181131.193,468055,4,4,ADCS,255,BROADCAST,0,HEARTBEAT,48,HEARTBEAT,0,0,0,0,0,0,0x10013FC0
1777181132.259,469150,4,4,ADCS,255,BROADCAST,0,HEARTBEAT,48,HEARTBEAT,0,0,0,0,0,0,0x10013FC0
1777181133.354,470244,4,4,ADCS,255,BROADCAST,0,HEARTBEAT,48,HEARTBEAT,0,0,0,0,0,0,0x10013FC0
1777181134.470,471339,4,4,ADCS,255,BROADCAST,0,HEARTBEAT,48,HEARTBEAT,0,0,0,0,0,0,0x10013FC0
1777181135.542,472433,4,4,ADCS,255,BROADCAST,0,HEARTBEAT,48,HEARTBEAT,0,0,0,0,0,0,0x10013FC0
1777181136.637,473528,4,4,ADCS,255,BROADCAST,0,HEARTBEAT,48,HEARTBEAT,0,0,0,0,0,0,0x10013FC0
1777181137.749,474622,4,4,ADCS,255,BROADCAST,0,HEARTBEAT,48,HEARTBEAT,0,0,0,0,0,0,0x10013FC0
1777181138.826,475717,4,4,ADCS,255,BROADCAST,0,HEARTBEAT,48,HEARTBEAT,0,0,0,0,0,0,0x10013FC0
1777181139.920,476811,4,4,ADCS,255,BROADCAST,0,HEARTBEAT,48,HEARTBEAT,0,0,0,0,0,0,0x10013FC0
1777181141.024,477906,4,4,ADCS,255,BROADCAST,0,HEARTBEAT,48,HEARTBEAT,0,0,0,0,0,0,0x10013FC0
1777181142.110,479000,4,4,ADCS,255,BROADCAST,0,HEARTBEAT,48,HEARTBEAT,0,0,0,0,0,0,0x10013FC0
1777181143.204,480095,4,4,ADCS,255,BROADCAST,0,HEARTBEAT,48,HEARTBEAT,0,0,0,0,0,0,0x10013FC0
1777181144.299,481189,4,4,ADCS,255,BROADCAST,0,HEARTBEAT,48,HEARTBEAT,0,0,0,0,0,0,0x10013FC0
1777181145.423,482284,4,4,ADCS,255,BROADCAST,0,HEARTBEAT,48,HEARTBEAT,0,0,0,0,0,0,0x10013FC0
1777181146.488,483379,4,4,ADCS,255,BROADCAST,0,HEARTBEAT,48,HEARTBEAT,0,0,0,0,0,0,0x10013FC0
1777181147.582,484473,4,4,ADCS,255,BROADCAST,0,HEARTBEAT,48,HEARTBEAT,0,0,0,0,0,0,0x10013FC0
1777181148.698,485568,4,4,ADCS,255,BROADCAST,0,HEARTBEAT,48,HEARTBEAT,0,0,0,0,0,0,0x10013FC0
1777181149.772,486662,4,4,ADCS,255,BROADCAST,0,HEARTBEAT,48,HEARTBEAT,0,0,0,0,0,0,0x10013FC0
1777181150.867,487757,4,4,ADCS,255,BROADCAST,0,HEARTBEAT,48,HEARTBEAT,0,0,0,0,0,0,0x10013FC0
1777181151.982,488851,4,4,ADCS,255,BROADCAST,0,HEARTBEAT,48,HEARTBEAT,0,0,0,0,0,0,0x10013FC0
1777181153.055,489946,4,4,ADCS,255,BROADCAST,0,HEARTBEAT,48,HEARTBEAT,0,0,0,0,0,0,0x10013FC0
1777181154.150,491041,4,4,ADCS,255,BROADCAST,0,HEARTBEAT,48,HEARTBEAT,0,0,0,0,0,0,0x10013FC0
1777181155.253,492135,4,4,ADCS,255,BROADCAST,0,HEARTBEAT,48,HEARTBEAT,0,0,0,0,0,0,0x10013FC0
1777181156.341,493230,4,4,ADCS,255,BROADCAST,0,HEARTBEAT,48,HEARTBEAT,0,0,0,0,0,0,0x10013FC0
1777181157.434,494324,4,4,ADCS,255,BROADCAST,0,HEARTBEAT,48,HEARTBEAT,0,0,0,0,0,0,0x10013FC0
1777181158.529,495419,4,4,ADCS,255,BROADCAST,0,HEARTBEAT,48,HEARTBEAT,0,0,0,0,0,0,0x10013FC0
1777181159.659,496513,4,4,ADCS,255,BROADCAST,0,HEARTBEAT,48,HEARTBEAT,0,0,0,0,0,0,0x10013FC0
1777181160.718,497608,4,4,ADCS,255,BROADCAST,0,HEARTBEAT,48,HEARTBEAT,0,0,0,0,0,0,0x10013FC0
1777181161.812,498703,4,4,ADCS,255,BROADCAST,0,HEARTBEAT,48,HEARTBEAT,0,0,0,0,0,0,0x10013FC0
1777181162.930,499797,4,4,ADCS,255,BROADCAST,0,HEARTBEAT,48,HEARTBEAT,0,0,0,0,0,0,0x10013FC0
1777181164.001,500892,4,4,ADCS,255,BROADCAST,0,HEARTBEAT,48,HEARTBEAT,0,0,0,0,0,0,0x10013FC0
1777181165.095,501986,4,4,ADCS,255,BROADCAST,0,HEARTBEAT,48,HEARTBEAT,0,0,0,0,0,0,0x10013FC0
1777181166.216,503081,4,4,ADCS,255,BROADCAST,0,HEARTBEAT,48,HEARTBEAT,0,0,0,0,0,0,0x10013FC0
1777181167.285,504175,4,4,ADCS,255,BROADCAST,0,HEARTBEAT,48,HEARTBEAT,0,0,0,0,0,0,0x10013FC0
1777181168.379,505270,4,4,ADCS,255,BROADCAST,0,HEARTBEAT,48,HEARTBEAT,0,0,0,0,0,0,0x10013FC0
1777181169.484,506365,4,4,ADCS,255,BROADCAST,0,HEARTBEAT,48,HEARTBEAT,0,0,0,0,0,0,0x10013FC0
1777181170.569,507459,4,4,ADCS,255,BROADCAST,0,HEARTBEAT,48,HEARTBEAT,0,0,0,0,0,0,0x10013FC0
1777181171.663,508554,4,4,ADCS,255,BROADCAST,0,HEARTBEAT,48,HEARTBEAT,0,0,0,0,0,0,0x10013FC0
1777181172.764,509649,4,4,ADCS,255,BROADCAST,0,HEARTBEAT,48,HEARTBEAT,0,0,0,0,0,0,0x10013FC0
1777181173.853,510743,4,4,ADCS,255,BROADCAST,0,HEARTBEAT,48,HEARTBEAT,0,0,0,0,0,0,0x10013FC0
1777181174.948,511838,4,4,ADCS,255,BROADCAST,0,HEARTBEAT,48,HEARTBEAT,0,0,0,0,0,0,0x10013FC0
1777181176.042,512932,4,4,ADCS,255,BROADCAST,0,HEARTBEAT,48,HEARTBEAT,0,0,0,0,0,0,0x10013FC0
1777181177.175,514027,4,4,ADCS,255,BROADCAST,0,HEARTBEAT,48,HEARTBEAT,0,0,0,0,0,0,0x10013FC0
1777181178.231,515121,4,4,ADCS,255,BROADCAST,0,HEARTBEAT,48,HEARTBEAT,0,0,0,0,0,0,0x10013FC0
1777181179.325,516216,4,4,ADCS,255,BROADCAST,0,HEARTBEAT,48,HEARTBEAT,0,0,0,0,0,0,0x10013FC0
1777181180.443,517310,4,4,ADCS,255,BROADCAST,0,HEARTBEAT,48,HEARTBEAT,0,0,0,0,0,0,0x10013FC0
1777181181.514,518405,4,4,ADCS,255,BROADCAST,0,HEARTBEAT,48,HEARTBEAT,0,0,0,0,0,0,0x10013FC0
1777181182.609,519500,4,4,ADCS,255,BROADCAST,0,HEARTBEAT,48,HEARTBEAT,0,0,0,0,0,0,0x10013FC0
1777181183.726,520594,4,4,ADCS,255,BROADCAST,0,HEARTBEAT,48,HEARTBEAT,0,0,0,0,0,0,0x10013FC0
1777181184.798,521689,4,4,ADCS,255,BROADCAST,0,HEARTBEAT,48,HEARTBEAT,0,0,0,0,0,0,0x10013FC0
1777181185.893,522783,4,4,ADCS,255,BROADCAST,0,HEARTBEAT,48,HEARTBEAT,0,0,0,0,0,0,0x10013FC0
1777181186.993,523877,4,4,ADCS,255,BROADCAST,0,HEARTBEAT,48,HEARTBEAT,0,0,0,0,0,0,0x10013FC0
1777181188.081,524972,4,4,ADCS,255,BROADCAST,0,HEARTBEAT,48,HEARTBEAT,0,0,0,0,0,0,0x10013FC0
1777181189.177,526066,4,4,ADCS,255,BROADCAST,0,HEARTBEAT,48,HEARTBEAT,0,0,0,0,0,0,0x10013FC0
1777181190.271,527161,4,4,ADCS,255,BROADCAST,0,HEARTBEAT,48,HEARTBEAT,0,0,0,0,0,0,0x10013FC0
1777181191.365,528256,4,4,ADCS,255,BROADCAST,0,HEARTBEAT,48,HEARTBEAT,0,0,0,0,0,0,0x10013FC0
1777181192.460,529350,4,4,ADCS,255,BROADCAST,0,HEARTBEAT,48,HEARTBEAT,0,0,0,0,0,0,0x10013FC0
1777181193.555,530445,4,4,ADCS,255,BROADCAST,0,HEARTBEAT,48,HEARTBEAT,0,0,0,0,0,0,0x10013FC0
1777181194.681,531539,4,4,ADCS,255,BROADCAST,0,HEARTBEAT,48,HEARTBEAT,0,0,0,0,0,0,0x10013FC0
1777181195.743,532634,4,4,ADCS,255,BROADCAST,0,HEARTBEAT,48,HEARTBEAT,0,0,0,0,0,0,0x10013FC0
1777181196.840,533728,4,4,ADCS,255,BROADCAST,0,HEARTBEAT,48,HEARTBEAT,0,0,0,0,0,0,0x10013FC0
1777181197.954,534823,4,4,ADCS,255,BROADCAST,0,HEARTBEAT,48,HEARTBEAT,0,0,0,0,0,0,0x10013FC0
1777181199.027,535917,4,4,ADCS,255,BROADCAST,0,HEARTBEAT,48,HEARTBEAT,0,0,0,0,0,0,0x10013FC0
1777181200.121,537012,4,4,ADCS,255,BROADCAST,0,HEARTBEAT,48,HEARTBEAT,0,0,0,0,0,0,0x10013FC0
1777181201.229,538106,4,4,ADCS,255,BROADCAST,0,HEARTBEAT,48,HEARTBEAT,0,0,0,0,0,0,0x10013FC0
1777181202.310,539201,4,4,ADCS,255,BROADCAST,0,HEARTBEAT,48,HEARTBEAT,0,0,0,0,0,0,0x10013FC0
1777181203.405,540295,4,4,ADCS,255,BROADCAST,0,HEARTBEAT,48,HEARTBEAT,0,0,0,0,0,0,0x10013FC0
1777181204.509,541390,4,4,ADCS,255,BROADCAST,0,HEARTBEAT,48,HEARTBEAT,0,0,0,0,0,0,0x10013FC0
1777181205.594,542484,4,4,ADCS,255,BROADCAST,0,HEARTBEAT,48,HEARTBEAT,0,0,0,0,0,0,0x10013FC0
1777181206.691,543579,4,4,ADCS,255,BROADCAST,0,HEARTBEAT,48,HEARTBEAT,0,0,0,0,0,0,0x10013FC0
1777181207.785,544673,4,4,ADCS,255,BROADCAST,0,HEARTBEAT,48,HEARTBEAT,0,0,0,0,0,0,0x10013FC0
1777181208.908,545768,4,4,ADCS,255,BROADCAST,0,HEARTBEAT,48,HEARTBEAT,0,0,0,0,0,0,0x10013FC0
1777181209.972,546862,4,4,ADCS,255,BROADCAST,0,HEARTBEAT,48,HEARTBEAT,0,0,0,0,0,0,0x10013FC0
1777181211.068,547957,4,4,ADCS,255,BROADCAST,0,HEARTBEAT,48,HEARTBEAT,0,0,0,0,0,0,0x10013FC0
1777181212.193,549051,4,4,ADCS,255,BROADCAST,0,HEARTBEAT,48,HEARTBEAT,0,0,0,0,0,0,0x10013FC0
1777181213.256,550146,4,4,ADCS,255,BROADCAST,0,HEARTBEAT,48,HEARTBEAT,0,0,0,0,0,0,0x10013FC0
1777181214.354,551240,4,4,ADCS,255,BROADCAST,0,HEARTBEAT,48,HEARTBEAT,0,0,0,0,0,0,0x10013FC0
1777181215.471,552335,4,4,ADCS,255,BROADCAST,0,HEARTBEAT,48,HEARTBEAT,0,0,0,0,0,0,0x10013FC0
1777181216.540,553429,4,4,ADCS,255,BROADCAST,0,HEARTBEAT,48,HEARTBEAT,0,0,0,0,0,0,0x10013FC0
1777181217.635,554524,4,4,ADCS,255,BROADCAST,0,HEARTBEAT,48,HEARTBEAT,0,0,0,0,0,0,0x10013FC0
1777181218.738,555618,4,4,ADCS,255,BROADCAST,0,HEARTBEAT,48,HEARTBEAT,0,0,0,0,0,0,0x10013FC0
1777181219.823,556713,4,4,ADCS,255,BROADCAST,0,HEARTBEAT,48,HEARTBEAT,0,0,0,0,0,0,0x10013FC0
1777181220.917,557808,4,4,ADCS,255,BROADCAST,0,HEARTBEAT,48,HEARTBEAT,0,0,0,0,0,0,0x10013FC0
1777181222.013,558902,4,4,ADCS,255,BROADCAST,0,HEARTBEAT,48,HEARTBEAT,0,0,0,0,0,0,0x10013FC0
1777181223.106,559997,4,4,ADCS,255,BROADCAST,0,HEARTBEAT,48,HEARTBEAT,0,0,0,0,0,0,0x10013FC0
1777181224.202,561091,4,4,ADCS,255,BROADCAST,0,HEARTBEAT,48,HEARTBEAT,0,0,0,0,0,0,0x10013FC0
1777181225.304,562186,4,4,ADCS,255,BROADCAST,0,HEARTBEAT,48,HEARTBEAT,0,0,0,0,0,0,0x10013FC0
1777181226.421,563280,4,4,ADCS,255,BROADCAST,0,HEARTBEAT,48,HEARTBEAT,0,0,0,0,0,0,0x10013FC0
1777181227.485,564375,4,4,ADCS,255,BROADCAST,0,HEARTBEAT,48,HEARTBEAT,0,0,0,0,0,0,0x10013FC0
1777181228.579,565469,4,4,ADCS,255,BROADCAST,0,HEARTBEAT,48,HEARTBEAT,0,0,0,0,0,0,0x10013FC0
1777181229.706,566564,4,4,ADCS,255,BROADCAST,0,HEARTBEAT,48,HEARTBEAT,0,0,0,0,0,0,0x10013FC0
1777181230.769,567659,4,4,ADCS,255,BROADCAST,0,HEARTBEAT,48,HEARTBEAT,0,0,0,0,0,0,0x10013FC0
1777181231.864,568753,4,4,ADCS,255,BROADCAST,0,HEARTBEAT,48,HEARTBEAT,0,0,0,0,0,0,0x10013FC0
1777181232.980,569848,4,4,ADCS,255,BROADCAST,0,HEARTBEAT,48,HEARTBEAT,0,0,0,0,0,0,0x10013FC0
1777181234.053,570942,4,4,ADCS,255,BROADCAST,0,HEARTBEAT,48,HEARTBEAT,0,0,0,0,0,0,0x10013FC0
1777181235.147,572037,4,4,ADCS,255,BROADCAST,0,HEARTBEAT,48,HEARTBEAT,0,0,0,0,0,0,0x10013FC0
1777181236.258,573132,4,4,ADCS,255,BROADCAST,0,HEARTBEAT,48,HEARTBEAT,0,0,0,0,0,0,0x10013FC0
1777181237.336,574226,4,4,ADCS,255,BROADCAST,0,HEARTBEAT,48,HEARTBEAT,0,0,0,0,0,0,0x10013FC0
1777181238.431,575321,4,4,ADCS,255,BROADCAST,0,HEARTBEAT,48,HEARTBEAT,0,0,0,0,0,0,0x10013FC0
1777181239.547,576415,4,4,ADCS,255,BROADCAST,0,HEARTBEAT,48,HEARTBEAT,0,0,0,0,0,0,0x10013FC0
1777181240.620,577510,4,4,ADCS,255,BROADCAST,0,HEARTBEAT,48,HEARTBEAT,0,0,0,0,0,0,0x10013FC0
1777181241.717,578604,4,4,ADCS,255,BROADCAST,0,HEARTBEAT,48,HEARTBEAT,0,0,0,0,0,0,0x10013FC0
1777181242.809,579699,4,4,ADCS,255,BROADCAST,0,HEARTBEAT,48,HEARTBEAT,0,0,0,0,0,0,0x10013FC0
1777181243.939,580793,4,4,ADCS,255,BROADCAST,0,HEARTBEAT,48,HEARTBEAT,0,0,0,0,0,0,0x10013FC0
1777181244.999,581888,4,4,ADCS,255,BROADCAST,0,HEARTBEAT,48,HEARTBEAT,0,0,0,0,0,0,0x10013FC0
1777181246.093,582983,4,4,ADCS,255,BROADCAST,0,HEARTBEAT,48,HEARTBEAT,0,0,0,0,0,0,0x10013FC0
1777181247.211,584077,4,4,ADCS,255,BROADCAST,0,HEARTBEAT,48,HEARTBEAT,0,0,0,0,0,0,0x10013FC0
1777181248.282,585172,4,4,ADCS,255,BROADCAST,0,HEARTBEAT,48,HEARTBEAT,0,0,0,0,0,0,0x10013FC0
1777181249.378,586267,4,4,ADCS,255,BROADCAST,0,HEARTBEAT,48,HEARTBEAT,0,0,0,0,0,0,0x10013FC0
1777181250.486,587361,4,4,ADCS,255,BROADCAST,0,HEARTBEAT,48,HEARTBEAT,0,0,0,0,0,0,0x10013FC0
1777181251.566,588456,4,4,ADCS,255,BROADCAST,0,HEARTBEAT,48,HEARTBEAT,0,0,0,0,0,0,0x10013FC0
1777181252.661,589550,4,4,ADCS,255,BROADCAST,0,HEARTBEAT,48,HEARTBEAT,0,0,0,0,0,0,0x10013FC0
1777181253.780,590645,4,4,ADCS,255,BROADCAST,0,HEARTBEAT,48,HEARTBEAT,0,0,0,0,0,0,0x10013FC0
1777181254.851,591740,4,4,ADCS,255,BROADCAST,0,HEARTBEAT,48,HEARTBEAT,0,0,0,0,0,0,0x10013FC0
1777181255.944,592834,4,4,ADCS,255,BROADCAST,0,HEARTBEAT,48,HEARTBEAT,0,0,0,0,0,0,0x10013FC0
1777181257.047,593929,4,4,ADCS,255,BROADCAST,0,HEARTBEAT,48,HEARTBEAT,0,0,0,0,0,0,0x10013FC0
1777181258.164,595023,4,4,ADCS,255,BROADCAST,0,HEARTBEAT,48,HEARTBEAT,0,0,0,0,0,0,0x10013FC0
1777181259.228,596118,4,4,ADCS,255,BROADCAST,0,HEARTBEAT,48,HEARTBEAT,0,0,0,0,0,0,0x10013FC0
1777181260.323,597212,4,4,ADCS,255,BROADCAST,0,HEARTBEAT,48,HEARTBEAT,0,0,0,0,0,0,0x10013FC0
1777181261.449,598307,4,4,ADCS,255,BROADCAST,0,HEARTBEAT,48,HEARTBEAT,0,0,0,0,0,0,0x10013FC0
1777181262.514,599402,4,4,ADCS,255,BROADCAST,0,HEARTBEAT,48,HEARTBEAT,0,0,0,0,0,0,0x10013FC0
1777181263.607,600496,4,4,ADCS,255,BROADCAST,0,HEARTBEAT,48,HEARTBEAT,0,0,0,0,0,0,0x10013FC0
1777181264.718,601591,4,4,ADCS,255,BROADCAST,0,HEARTBEAT,48,HEARTBEAT,0,0,0,0,0,0,0x10013FC0
1777181265.796,602686,4,4,ADCS,255,BROADCAST,0,HEARTBEAT,48,HEARTBEAT,0,0,0,0,0,0,0x10013FC0
1777181266.890,603780,4,4,ADCS,255,BROADCAST,0,HEARTBEAT,48,HEARTBEAT,0,0,0,0,0,0,0x10013FC0
1777181268.004,604875,4,4,ADCS,255,BROADCAST,0,HEARTBEAT,48,HEARTBEAT,0,0,0,0,0,0,0x10013FC0
1777181269.080,605969,4,4,ADCS,255,BROADCAST,0,HEARTBEAT,48,HEARTBEAT,0,0,0,0,0,0,0x10013FC0
1777181270.175,607064,4,4,ADCS,255,BROADCAST,0,HEARTBEAT,48,HEARTBEAT,0,0,0,0,0,0,0x10013FC0
1777181271.279,608159,4,4,ADCS,255,BROADCAST,0,HEARTBEAT,48,HEARTBEAT,0,0,0,0,0,0,0x10013FC0
1777181272.364,609253,4,4,ADCS,255,BROADCAST,0,HEARTBEAT,48,HEARTBEAT,0,0,0,0,0,0,0x10013FC0
1777181273.463,610348,4,4,ADCS,255,BROADCAST,0,HEARTBEAT,48,HEARTBEAT,0,0,0,0,0,0,0x10013FC0
1777181274.558,611443,4,4,ADCS,255,BROADCAST,0,HEARTBEAT,48,HEARTBEAT,0,0,0,0,0,0,0x10013FC0
1777181275.685,612537,4,4,ADCS,255,BROADCAST,0,HEARTBEAT,48,HEARTBEAT,0,0,0,0,0,0,0x10013FC0
1777181276.744,613632,4,4,ADCS,255,BROADCAST,0,HEARTBEAT,48,HEARTBEAT,0,0,0,0,0,0,0x10013FC0
1777181277.837,614727,4,4,ADCS,255,BROADCAST,0,HEARTBEAT,48,HEARTBEAT,0,0,0,0,0,0,0x10013FC0
1777181278.950,615821,4,4,ADCS,255,BROADCAST,0,HEARTBEAT,48,HEARTBEAT,0,0,0,0,0,0,0x10013FC0
1777181280.027,616916,4,4,ADCS,255,BROADCAST,0,HEARTBEAT,48,HEARTBEAT,0,0,0,0,0,0,0x10013FC0
1777181281.121,618010,4,4,ADCS,255,BROADCAST,0,HEARTBEAT,48,HEARTBEAT,0,0,0,0,0,0,0x10013FC0
1777181282.240,619105,4,4,ADCS,255,BROADCAST,0,HEARTBEAT,48,HEARTBEAT,0,0,0,0,0,0,0x10013FC0
1777181283.310,620200,4,4,ADCS,255,BROADCAST,0,HEARTBEAT,48,HEARTBEAT,0,0,0,0,0,0,0x10013FC0
1777181284.405,621294,4,4,ADCS,255,BROADCAST,0,HEARTBEAT,48,HEARTBEAT,0,0,0,0,0,0,0x10013FC0
1777181285.504,622389,4,4,ADCS,255,BROADCAST,0,HEARTBEAT,48,HEARTBEAT,0,0,0,0,0,0,0x10013FC0
1777181286.594,623484,4,4,ADCS,255,BROADCAST,0,HEARTBEAT,48,HEARTBEAT,0,0,0,0,0,0,0x10013FC0
1777181287.689,624578,4,4,ADCS,255,BROADCAST,0,HEARTBEAT,48,HEARTBEAT,0,0,0,0,0,0,0x10013FC0
1777181288.784,625673,4,4,ADCS,255,BROADCAST,0,HEARTBEAT,48,HEARTBEAT,0,0,0,0,0,0,0x10013FC0
1777181289.914,626768,4,4,ADCS,255,BROADCAST,0,HEARTBEAT,48,HEARTBEAT,0,0,0,0,0,0,0x10013FC0
1777181290.973,627862,4,4,ADCS,255,BROADCAST,0,HEARTBEAT,48,HEARTBEAT,0,0,0,0,0,0,0x10013FC0
1777181292.069,628957,4,4,ADCS,255,BROADCAST,0,HEARTBEAT,48,HEARTBEAT,0,0,0,0,0,0,0x10013FC0
1777181293.190,630051,4,4,ADCS,255,BROADCAST,0,HEARTBEAT,48,HEARTBEAT,0,0,0,0,0,0,0x10013FC0
1777181294.265,631146,4,4,ADCS,255,BROADCAST,0,HEARTBEAT,48,HEARTBEAT,0,0,0,0,0,0,0x10013FC0
1777181295.351,632240,4,4,ADCS,255,BROADCAST,0,HEARTBEAT,48,HEARTBEAT,0,0,0,0,0,0,0x10013FC0
1777181296.466,633335,4,4,ADCS,255,BROADCAST,0,HEARTBEAT,48,HEARTBEAT,0,0,0,0,0,0,0x10013FC0
1777181297.540,634429,4,4,ADCS,255,BROADCAST,0,HEARTBEAT,48,HEARTBEAT,0,0,0,0,0,0,0x10013FC0
1777181298.635,635524,4,4,ADCS,255,BROADCAST,0,HEARTBEAT,48,HEARTBEAT,0,0,0,0,0,0,0x10013FC0
1777181299.746,636619,4,4,ADCS,255,BROADCAST,0,HEARTBEAT,48,HEARTBEAT,0,0,0,0,0,0,0x10013FC0
1777181300.824,637713,4,4,ADCS,255,BROADCAST,0,HEARTBEAT,48,HEARTBEAT,0,0,0,0,0,0,0x10013FC0
1777181301.928,638808,4,4,ADCS,255,BROADCAST,0,HEARTBEAT,48,HEARTBEAT,0,0,0,0,0,0,0x10013FC0
1777181303.026,639902,4,4,ADCS,255,BROADCAST,0,HEARTBEAT,48,HEARTBEAT,0,0,0,0,0,0,0x10013FC0
1777181304.108,640997,4,4,ADCS,255,BROADCAST,0,HEARTBEAT,48,HEARTBEAT,0,0,0,0,0,0,0x10013FC0
1777181305.202,642092,4,4,ADCS,255,BROADCAST,0,HEARTBEAT,48,HEARTBEAT,0,0,0,0,0,0,0x10013FC0
1777181306.297,643186,4,4,ADCS,255,BROADCAST,0,HEARTBEAT,48,HEARTBEAT,0,0,0,0,0,0,0x10013FC0
1777181307.430,644281,4,4,ADCS,255,BROADCAST,0,HEARTBEAT,48,HEARTBEAT,0,0,0,0,0,0,0x10013FC0
1777181308.486,645375,4,4,ADCS,255,BROADCAST,0,HEARTBEAT,48,HEARTBEAT,0,0,0,0,0,0,0x10013FC0
1777181309.580,646470,4,4,ADCS,255,BROADCAST,0,HEARTBEAT,48,HEARTBEAT,0,0,0,0,0,0,0x10013FC0
1777181310.706,647564,4,4,ADCS,255,BROADCAST,0,HEARTBEAT,48,HEARTBEAT,0,0,0,0,0,0,0x10013FC0
1777181311.770,648659,4,4,ADCS,255,BROADCAST,0,HEARTBEAT,48,HEARTBEAT,0,0,0,0,0,0,0x10013FC0
1777181312.865,649753,4,4,ADCS,255,BROADCAST,0,HEARTBEAT,48,HEARTBEAT,0,0,0,0,0,0,0x10013FC0
1777181313.983,650848,4,4,ADCS,255,BROADCAST,0,HEARTBEAT,48,HEARTBEAT,0,0,0,0,0,0,0x10013FC0
1777181315.055,651943,4,4,ADCS,255,BROADCAST,0,HEARTBEAT,48,HEARTBEAT,0,0,0,0,0,0,0x10013FC0
1777181316.148,653037,4,4,ADCS,255,BROADCAST,0,HEARTBEAT,48,HEARTBEAT,0,0,0,0,0,0,0x10013FC0
1777181317.260,654131,4,4,ADCS,255,BROADCAST,0,HEARTBEAT,48,HEARTBEAT,0,0,0,0,0,0,0x10013FC0
1777181318.337,655226,4,4,ADCS,255,BROADCAST,0,HEARTBEAT,48,HEARTBEAT,0,0,0,0,0,0,0x10013FC0
1777181319.432,656320,4,4,ADCS,255,BROADCAST,0,HEARTBEAT,48,HEARTBEAT,0,0,0,0,0,0,0x10013FC0
1777181320.538,657415,4,4,ADCS,255,BROADCAST,0,HEARTBEAT,48,HEARTBEAT,0,0,0,0,0,0,0x10013FC0
1777181321.620,658509,4,4,ADCS,255,BROADCAST,0,HEARTBEAT,48,HEARTBEAT,0,0,0,0,0,0,0x10013FC0
1777181322.715,659604,4,4,ADCS,255,BROADCAST,0,HEARTBEAT,48,HEARTBEAT,0,0,0,0,0,0,0x10013FC0
1777181323.809,660698,4,4,ADCS,255,BROADCAST,0,HEARTBEAT,48,HEARTBEAT,0,0,0,0,0,0,0x10013FC0
1777181324.936,661793,4,4,ADCS,255,BROADCAST,0,HEARTBEAT,48,HEARTBEAT,0,0,0,0,0,0,0x10013FC0
1777181325.999,662887,4,4,ADCS,255,BROADCAST,0,HEARTBEAT,48,HEARTBEAT,0,0,0,0,0,0,0x10013FC0
1777181327.093,663982,4,4,ADCS,255,BROADCAST,0,HEARTBEAT,48,HEARTBEAT,0,0,0,0,0,0,0x10013FC0
1777181328.205,665077,4,4,ADCS,255,BROADCAST,0,HEARTBEAT,48,HEARTBEAT,0,0,0,0,0,0,0x10013FC0
1777181329.282,666171,4,4,ADCS,255,BROADCAST,0,HEARTBEAT,48,HEARTBEAT,0,0,0,0,0,0,0x10013FC0
1777181330.377,667266,4,4,ADCS,255,BROADCAST,0,HEARTBEAT,48,HEARTBEAT,0,0,0,0,0,0,0x10013FC0
1777181331.491,668360,4,4,ADCS,255,BROADCAST,0,HEARTBEAT,48,HEARTBEAT,0,0,0,0,0,0,0x10013FC0
1777181332.566,669455,4,4,ADCS,255,BROADCAST,0,HEARTBEAT,48,HEARTBEAT,0,0,0,0,0,0,0x10013FC0
1777181333.661,670549,4,4,ADCS,255,BROADCAST,0,HEARTBEAT,48,HEARTBEAT,0,0,0,0,0,0,0x10013FC0
1777181334.769,671644,4,4,ADCS,255,BROADCAST,0,HEARTBEAT,48,HEARTBEAT,0,0,0,0,0,0,0x10013FC0
1777181335.850,672739,4,4,ADCS,255,BROADCAST,0,HEARTBEAT,48,HEARTBEAT,0,0,0,0,0,0,0x10013FC0
1777181336.944,673833,4,4,ADCS,255,BROADCAST,0,HEARTBEAT,48,HEARTBEAT,0,0,0,0,0,0,0x10013FC0
1777181338.047,674928,4,4,ADCS,255,BROADCAST,0,HEARTBEAT,48,HEARTBEAT,0,0,0,0,0,0,0x10013FC0
1777181339.173,676022,4,4,ADCS,255,BROADCAST,0,HEARTBEAT,48,HEARTBEAT,0,0,0,0,0,0,0x10013FC0
1777181340.228,677117,4,4,ADCS,255,BROADCAST,0,HEARTBEAT,48,HEARTBEAT,0,0,0,0,0,0,0x10013FC0
1777181341.325,678212,4,4,ADCS,255,BROADCAST,0,HEARTBEAT,48,HEARTBEAT,0,0,0,0,0,0,0x10013FC0
1777181342.447,679306,4,4,ADCS,255,BROADCAST,0,HEARTBEAT,48,HEARTBEAT,0,0,0,0,0,0,0x10013FC0
1777181343.512,680401,4,4,ADCS,255,BROADCAST,0,HEARTBEAT,48,HEARTBEAT,0,0,0,0,0,0,0x10013FC0
1777181344.608,681495,4,4,ADCS,255,BROADCAST,0,HEARTBEAT,48,HEARTBEAT,0,0,0,0,0,0,0x10013FC0
1777181345.729,682590,4,4,ADCS,255,BROADCAST,0,HEARTBEAT,48,HEARTBEAT,0,0,0,0,0,0,0x10013FC0
1777181346.796,683685,4,4,ADCS,255,BROADCAST,0,HEARTBEAT,48,HEARTBEAT,0,0,0,0,0,0,0x10013FC0
1777181347.890,684779,4,4,ADCS,255,BROADCAST,0,HEARTBEAT,48,HEARTBEAT,0,0,0,0,0,0,0x10013FC0
1777181348.999,685874,4,4,ADCS,255,BROADCAST,0,HEARTBEAT,48,HEARTBEAT,0,0,0,0,0,0,0x10013FC0
1777181350.080,686968,4,4,ADCS,255,BROADCAST,0,HEARTBEAT,48,HEARTBEAT,0,0,0,0,0,0,0x10013FC0
1777181351.174,688063,4,4,ADCS,255,BROADCAST,0,HEARTBEAT,48,HEARTBEAT,0,0,0,0,0,0,0x10013FC0
1777181352.270,689157,4,4,ADCS,255,BROADCAST,0,HEARTBEAT,48,HEARTBEAT,0,0,0,0,0,0,0x10013FC0
1777181353.364,690252,4,4,ADCS,255,BROADCAST,0,HEARTBEAT,48,HEARTBEAT,0,0,0,0,0,0,0x10013FC0
1777181354.458,691346,4,4,ADCS,255,BROADCAST,0,HEARTBEAT,48,HEARTBEAT,0,0,0,0,0,0,0x10013FC0
1777181355.560,692441,4,4,ADCS,255,BROADCAST,0,HEARTBEAT,48,HEARTBEAT,0,0,0,0,0,0,0x10013FC0
1777181356.686,693536,4,4,ADCS,255,BROADCAST,0,HEARTBEAT,48,HEARTBEAT,0,0,0,0,0,0,0x10013FC0
1777181357.741,694630,4,4,ADCS,255,BROADCAST,0,HEARTBEAT,48,HEARTBEAT,0,0,0,0,0,0,0x10013FC0
1777181358.836,695725,4,4,ADCS,255,BROADCAST,0,HEARTBEAT,48,HEARTBEAT,0,0,0,0,0,0,0x10013FC0
1777181359.963,696820,4,4,ADCS,255,BROADCAST,0,HEARTBEAT,48,HEARTBEAT,0,0,0,0,0,0,0x10013FC0
1777181361.025,697914,4,4,ADCS,255,BROADCAST,0,HEARTBEAT,48,HEARTBEAT,0,0,0,0,0,0,0x10013FC0
1777181362.120,699009,4,4,ADCS,255,BROADCAST,0,HEARTBEAT,48,HEARTBEAT,0,0,0,0,0,0,0x10013FC0
1777181363.237,700103,4,4,ADCS,255,BROADCAST,0,HEARTBEAT,48,HEARTBEAT,0,0,0,0,0,0,0x10013FC0
1777181364.310,701198,4,4,ADCS,255,BROADCAST,0,HEARTBEAT,48,HEARTBEAT,0,0,0,0,0,0,0x10013FC0
1777181365.404,702293,4,4,ADCS,255,BROADCAST,0,HEARTBEAT,48,HEARTBEAT,0,0,0,0,0,0,0x10013FC0
1777181366.502,703387,4,4,ADCS,255,BROADCAST,0,HEARTBEAT,48,HEARTBEAT,0,0,0,0,0,0,0x10013FC0
1777181367.593,704482,4,4,ADCS,255,BROADCAST,0,HEARTBEAT,48,HEARTBEAT,0,0,0,0,0,0,0x10013FC0
1777181368.688,705577,4,4,ADCS,255,BROADCAST,0,HEARTBEAT,48,HEARTBEAT,0,0,0,0,0,0,0x10013FC0
1777181369.793,706671,4,4,ADCS,255,BROADCAST,0,HEARTBEAT,48,HEARTBEAT,0,0,0,0,0,0,0x10013FC0
1777181370.877,707765,4,4,ADCS,255,BROADCAST,0,HEARTBEAT,48,HEARTBEAT,0,0,0,0,0,0,0x10013FC0
1777181371.972,708860,4,4,ADCS,255,BROADCAST,0,HEARTBEAT,48,HEARTBEAT,0,0,0,0,0,0,0x10013FC0
1777181373.066,709954,4,4,ADCS,255,BROADCAST,0,HEARTBEAT,48,HEARTBEAT,0,0,0,0,0,0,0x10013FC0
1777181374.195,711049,4,4,ADCS,255,BROADCAST,0,HEARTBEAT,48,HEARTBEAT,0,0,0,0,0,0,0x10013FC0
1777181375.255,712143,4,4,ADCS,255,BROADCAST,0,HEARTBEAT,48,HEARTBEAT,0,0,0,0,0,0,0x10013FC0
1777181376.350,713238,4,4,ADCS,255,BROADCAST,0,HEARTBEAT,48,HEARTBEAT,0,0,0,0,0,0,0x10013FC0
1777181377.465,714333,4,4,ADCS,255,BROADCAST,0,HEARTBEAT,48,HEARTBEAT,0,0,0,0,0,0,0x10013FC0
1777181378.540,715427,4,4,ADCS,255,BROADCAST,0,HEARTBEAT,48,HEARTBEAT,0,0,0,0,0,0,0x10013FC0
1777181379.633,716522,4,4,ADCS,255,BROADCAST,0,HEARTBEAT,48,HEARTBEAT,0,0,0,0,0,0,0x10013FC0
1777181380.751,717617,4,4,ADCS,255,BROADCAST,0,HEARTBEAT,48,HEARTBEAT,0,0,0,0,0,0,0x10013FC0
1777181381.823,718711,4,4,ADCS,255,BROADCAST,0,HEARTBEAT,48,HEARTBEAT,0,0,0,0,0,0,0x10013FC0
1777181382.918,719806,4,4,ADCS,255,BROADCAST,0,HEARTBEAT,48,HEARTBEAT,0,0,0,0,0,0,0x10013FC0
1777181384.019,720900,4,4,ADCS,255,BROADCAST,0,HEARTBEAT,48,HEARTBEAT,0,0,0,0,0,0,0x10013FC0
1777181385.106,721995,4,4,ADCS,255,BROADCAST,0,HEARTBEAT,48,HEARTBEAT,0,0,0,0,0,0,0x10013FC0
1777181386.202,723090,4,4,ADCS,255,BROADCAST,0,HEARTBEAT,48,HEARTBEAT,0,0,0,0,0,0,0x10013FC0
1777181387.296,724184,4,4,ADCS,255,BROADCAST,0,HEARTBEAT,48,HEARTBEAT,0,0,0,0,0,0,0x10013FC0
1777181388.422,725279,4,4,ADCS,255,BROADCAST,0,HEARTBEAT,48,HEARTBEAT,0,0,0,0,0,0,0x10013FC0
1777181389.485,726373,4,4,ADCS,255,BROADCAST,0,HEARTBEAT,48,HEARTBEAT,0,0,0,0,0,0,0x10013FC0
1777181390.580,727468,4,4,ADCS,255,BROADCAST,0,HEARTBEAT,48,HEARTBEAT,0,0,0,0,0,0,0x10013FC0
1777181391.701,728562,4,4,ADCS,255,BROADCAST,0,HEARTBEAT,48,HEARTBEAT,0,0,0,0,0,0,0x10013FC0
1777181392.769,729657,4,4,ADCS,255,BROADCAST,0,HEARTBEAT,48,HEARTBEAT,0,0,0,0,0,0,0x10013FC0
1777181393.875,730752,4,4,ADCS,255,BROADCAST,0,HEARTBEAT,48,HEARTBEAT,0,0,0,0,0,0,0x10013FC0
1777181394.984,731846,4,4,ADCS,255,BROADCAST,0,HEARTBEAT,48,HEARTBEAT,0,0,0,0,0,0,0x10013FC0
1777181396.052,732941,4,4,ADCS,255,BROADCAST,0,HEARTBEAT,48,HEARTBEAT,0,0,0,0,0,0,0x10013FC0
1777181397.147,734035,4,4,ADCS,255,BROADCAST,0,HEARTBEAT,48,HEARTBEAT,0,0,0,0,0,0,0x10013FC0
1777181398.247,735130,4,4,ADCS,255,BROADCAST,0,HEARTBEAT,48,HEARTBEAT,0,0,0,0,0,0,0x10013FC0
1777181399.337,736224,4,4,ADCS,255,BROADCAST,0,HEARTBEAT,48,HEARTBEAT,0,0,0,0,0,0,0x10013FC0
1777181400.431,737319,4,4,ADCS,255,BROADCAST,0,HEARTBEAT,48,HEARTBEAT,0,0,0,0,0,0,0x10013FC0
1777181401.527,738414,4,4,ADCS,255,BROADCAST,0,HEARTBEAT,48,HEARTBEAT,0,0,0,0,0,0,0x10013FC0
1777181402.620,739508,4,4,ADCS,255,BROADCAST,0,HEARTBEAT,48,HEARTBEAT,0,0,0,0,0,0,0x10013FC0
1777181403.714,740603,4,4,ADCS,255,BROADCAST,0,HEARTBEAT,48,HEARTBEAT,0,0,0,0,0,0,0x10013FC0
1777181404.814,741697,4,4,ADCS,255,BROADCAST,0,HEARTBEAT,48,HEARTBEAT,0,0,0,0,0,0,0x10013FC0
1777181405.927,742791,4,4,ADCS,255,BROADCAST,0,HEARTBEAT,48,HEARTBEAT,0,0,0,0,0,0,0x10013FC0
1777181406.998,743886,4,4,ADCS,255,BROADCAST,0,HEARTBEAT,48,HEARTBEAT,0,0,0,0,0,0,0x10013FC0
1777181408.092,744980,4,4,ADCS,255,BROADCAST,0,HEARTBEAT,48,HEARTBEAT,0,0,0,0,0,0,0x10013FC0
1777181409.207,746075,4,4,ADCS,255,BROADCAST,0,HEARTBEAT,48,HEARTBEAT,0,0,0,0,0,0,0x10013FC0
1777181410.282,747169,4,4,ADCS,255,BROADCAST,0,HEARTBEAT,48,HEARTBEAT,0,0,0,0,0,0,0x10013FC0
1777181411.375,748264,4,4,ADCS,255,BROADCAST,0,HEARTBEAT,48,HEARTBEAT,0,0,0,0,0,0,0x10013FC0
1777181412.486,749359,4,4,ADCS,255,BROADCAST,0,HEARTBEAT,48,HEARTBEAT,0,0,0,0,0,0,0x10013FC0
1777181413.565,750453,4,4,ADCS,255,BROADCAST,0,HEARTBEAT,48,HEARTBEAT,0,0,0,0,0,0,0x10013FC0
1777181414.660,751548,4,4,ADCS,255,BROADCAST,0,HEARTBEAT,48,HEARTBEAT,0,0,0,0,0,0,0x10013FC0
1777181415.768,752642,4,4,ADCS,255,BROADCAST,0,HEARTBEAT,48,HEARTBEAT,0,0,0,0,0,0,0x10013FC0
1777181416.850,753737,4,4,ADCS,255,BROADCAST,0,HEARTBEAT,48,HEARTBEAT,0,0,0,0,0,0,0x10013FC0
1777181417.943,754831,4,4,ADCS,255,BROADCAST,0,HEARTBEAT,48,HEARTBEAT,0,0,0,0,0,0,0x10013FC0
1777181419.049,755926,4,4,ADCS,255,BROADCAST,0,HEARTBEAT,48,HEARTBEAT,0,0,0,0,0,0,0x10013FC0
1777181420.133,757020,4,4,ADCS,255,BROADCAST,0,HEARTBEAT,48,HEARTBEAT,0,0,0,0,0,0,0x10013FC0
1777181421.285,758115,4,4,ADCS,255,BROADCAST,0,HEARTBEAT,48,HEARTBEAT,0,0,0,0,0,0,0x10013FC0
1777181422.351,759210,4,4,ADCS,255,BROADCAST,0,HEARTBEAT,48,HEARTBEAT,0,0,0,0,0,0,0x10013FC0
1777181423.461,760304,4,4,ADCS,255,BROADCAST,0,HEARTBEAT,48,HEARTBEAT,0,0,0,0,0,0,0x10013FC0
1777181424.510,761399,4,4,ADCS,255,BROADCAST,0,HEARTBEAT,48,HEARTBEAT,0,0,0,0,0,0,0x10013FC0
1777181425.607,762493,4,4,ADCS,255,BROADCAST,0,HEARTBEAT,48,HEARTBEAT,0,0,0,0,0,0,0x10013FC0
1777181426.728,763588,4,4,ADCS,255,BROADCAST,0,HEARTBEAT,48,HEARTBEAT,0,0,0,0,0,0,0x10013FC0
1777181427.799,764682,4,4,ADCS,255,BROADCAST,0,HEARTBEAT,48,HEARTBEAT,0,0,0,0,0,0,0x10013FC0
1777181428.890,765777,4,4,ADCS,255,BROADCAST,0,HEARTBEAT,48,HEARTBEAT,0,0,0,0,0,0,0x10013FC0
1777181430.004,766872,4,4,ADCS,255,BROADCAST,0,HEARTBEAT,48,HEARTBEAT,0,0,0,0,0,0,0x10013FC0
1777181431.078,767966,4,4,ADCS,255,BROADCAST,0,HEARTBEAT,48,HEARTBEAT,0,0,0,0,0,0,0x10013FC0
1777181432.173,769061,4,4,ADCS,255,BROADCAST,0,HEARTBEAT,48,HEARTBEAT,0,0,0,0,0,0,0x10013FC0
1777181433.286,770155,4,4,ADCS,255,BROADCAST,0,HEARTBEAT,48,HEARTBEAT,0,0,0,0,0,0,0x10013FC0
1777181434.362,771250,4,4,ADCS,255,BROADCAST,0,HEARTBEAT,48,HEARTBEAT,0,0,0,0,0,0,0x10013FC0
1777181435.456,772344,4,4,ADCS,255,BROADCAST,0,HEARTBEAT,48,HEARTBEAT,0,0,0,0,0,0,0x10013FC0
1777181436.560,773439,4,4,ADCS,255,BROADCAST,0,HEARTBEAT,48,HEARTBEAT,0,0,0,0,0,0,0x10013FC0
1777181437.687,774533,4,4,ADCS,255,BROADCAST,0,HEARTBEAT,48,HEARTBEAT,0,0,0,0,0,0,0x10013FC0
1777181438.740,775628,4,4,ADCS,255,BROADCAST,0,HEARTBEAT,48,HEARTBEAT,0,0,0,0,0,0,0x10013FC0
1777181439.837,776722,4,4,ADCS,255,BROADCAST,0,HEARTBEAT,48,HEARTBEAT,0,0,0,0,0,0,0x10013FC0
1777181440.963,777817,4,4,ADCS,255,BROADCAST,0,HEARTBEAT,48,HEARTBEAT,0,0,0,0,0,0,0x10013FC0
1777181442.024,778911,4,4,ADCS,255,BROADCAST,0,HEARTBEAT,48,HEARTBEAT,0,0,0,0,0,0,0x10013FC0
1777181443.118,780006,4,4,ADCS,255,BROADCAST,0,HEARTBEAT,48,HEARTBEAT,0,0,0,0,0,0,0x10013FC0
1777181444.227,781100,4,4,ADCS,255,BROADCAST,0,HEARTBEAT,48,HEARTBEAT,0,0,0,0,0,0,0x10013FC0
1777181445.307,782195,4,4,ADCS,255,BROADCAST,0,HEARTBEAT,48,HEARTBEAT,0,0,0,0,0,0,0x10013FC0
1777181446.403,783289,4,4,ADCS,255,BROADCAST,0,HEARTBEAT,48,HEARTBEAT,0,0,0,0,0,0,0x10013FC0
1777181447.517,784384,4,4,ADCS,255,BROADCAST,0,HEARTBEAT,48,HEARTBEAT,0,0,0,0,0,0,0x10013FC0
1777181448.590,785478,4,4,ADCS,255,BROADCAST,0,HEARTBEAT,48,HEARTBEAT,0,0,0,0,0,0,0x10013FC0
1777181449.685,786573,4,4,ADCS,255,BROADCAST,0,HEARTBEAT,48,HEARTBEAT,0,0,0,0,0,0,0x10013FC0
1777181450.793,787668,4,4,ADCS,255,BROADCAST,0,HEARTBEAT,48,HEARTBEAT,0,0,0,0,0,0,0x10013FC0
1777181451.874,788762,4,4,ADCS,255,BROADCAST,0,HEARTBEAT,48,HEARTBEAT,0,0,0,0,0,0,0x10013FC0
1777181452.969,789857,4,4,ADCS,255,BROADCAST,0,HEARTBEAT,48,HEARTBEAT,0,0,0,0,0,0,0x10013FC0
1777181454.064,790951,4,4,ADCS,255,BROADCAST,0,HEARTBEAT,48,HEARTBEAT,0,0,0,0,0,0,0x10013FC0
1777181455.195,792046,4,4,ADCS,255,BROADCAST,0,HEARTBEAT,48,HEARTBEAT,0,0,0,0,0,0,0x10013FC0
1777181456.253,793140,4,4,ADCS,255,BROADCAST,0,HEARTBEAT,48,HEARTBEAT,0,0,0,0,0,0,0x10013FC0
1777181457.348,794235,4,4,ADCS,255,BROADCAST,0,HEARTBEAT,48,HEARTBEAT,0,0,0,0,0,0,0x10013FC0
1777181458.474,795329,4,4,ADCS,255,BROADCAST,0,HEARTBEAT,48,HEARTBEAT,0,0,0,0,0,0,0x10013FC0
1777181459.536,796424,4,4,ADCS,255,BROADCAST,0,HEARTBEAT,48,HEARTBEAT,0,0,0,0,0,0,0x10013FC0
1777181460.640,797519,4,4,ADCS,255,BROADCAST,0,HEARTBEAT,48,HEARTBEAT,0,0,0,0,0,0,0x10013FC0
1777181461.751,798613,4,4,ADCS,255,BROADCAST,0,HEARTBEAT,48,HEARTBEAT,0,0,0,0,0,0,0x10013FC0
1777181462.820,799708,4,4,ADCS,255,BROADCAST,0,HEARTBEAT,48,HEARTBEAT,0,0,0,0,0,0,0x10013FC0
1777181463.916,800802,4,4,ADCS,255,BROADCAST,0,HEARTBEAT,48,HEARTBEAT,0,0,0,0,0,0,0x10013FC0
1777181465.028,801897,4,4,ADCS,255,BROADCAST,0,HEARTBEAT,48,HEARTBEAT,0,0,0,0,0,0,0x10013FC0
1777181466.103,802991,4,4,ADCS,255,BROADCAST,0,HEARTBEAT,48,HEARTBEAT,0,0,0,0,0,0,0x10013FC0
1777181467.199,804086,4,4,ADCS,255,BROADCAST,0,HEARTBEAT,48,HEARTBEAT,0,0,0,0,0,0,0x10013FC0
1777181468.299,805180,4,4,ADCS,255,BROADCAST,0,HEARTBEAT,48,HEARTBEAT,0,0,0,0,0,0,0x10013FC0
1777181469.388,806275,4,4,ADCS,255,BROADCAST,0,HEARTBEAT,48,HEARTBEAT,0,0,0,0,0,0,0x10013FC0
1777181470.484,807370,4,4,ADCS,255,BROADCAST,0,HEARTBEAT,48,HEARTBEAT,0,0,0,0,0,0,0x10013FC0
1777181471.582,808464,4,4,ADCS,255,BROADCAST,0,HEARTBEAT,48,HEARTBEAT,0,0,0,0,0,0,0x10013FC0
1777181472.708,809559,4,4,ADCS,255,BROADCAST,0,HEARTBEAT,48,HEARTBEAT,0,0,0,0,0,0,0x10013FC0
1777181473.766,810654,4,4,ADCS,255,BROADCAST,0,HEARTBEAT,48,HEARTBEAT,0,0,0,0,0,0,0x10013FC0
1777181474.861,811748,4,4,ADCS,255,BROADCAST,0,HEARTBEAT,48,HEARTBEAT,0,0,0,0,0,0,0x10013FC0
1777181475.984,812843,4,4,ADCS,255,BROADCAST,0,HEARTBEAT,48,HEARTBEAT,0,0,0,0,0,0,0x10013FC0
1777181477.050,813937,4,4,ADCS,255,BROADCAST,0,HEARTBEAT,48,HEARTBEAT,0,0,0,0,0,0,0x10013FC0
1777181478.145,815032,4,4,ADCS,255,BROADCAST,0,HEARTBEAT,48,HEARTBEAT,0,0,0,0,0,0,0x10013FC0
1777181479.255,816127,4,4,ADCS,255,BROADCAST,0,HEARTBEAT,48,HEARTBEAT,0,0,0,0,0,0,0x10013FC0
1777181480.334,817221,4,4,ADCS,255,BROADCAST,0,HEARTBEAT,48,HEARTBEAT,0,0,0,0,0,0,0x10013FC0
1777181481.428,818316,4,4,ADCS,255,BROADCAST,0,HEARTBEAT,48,HEARTBEAT,0,0,0,0,0,0,0x10013FC0
1777181482.539,819410,4,4,ADCS,255,BROADCAST,0,HEARTBEAT,48,HEARTBEAT,0,0,0,0,0,0,0x10013FC0
1777181483.617,820505,4,4,ADCS,255,BROADCAST,0,HEARTBEAT,48,HEARTBEAT,0,0,0,0,0,0,0x10013FC0
1777181484.712,821600,4,4,ADCS,255,BROADCAST,0,HEARTBEAT,48,HEARTBEAT,0,0,0,0,0,0,0x10013FC0
1777181485.807,822694,4,4,ADCS,255,BROADCAST,0,HEARTBEAT,48,HEARTBEAT,0,0,0,0,0,0,0x10013FC0
1777181486.933,823789,4,4,ADCS,255,BROADCAST,0,HEARTBEAT,48,HEARTBEAT,0,0,0,0,0,0,0x10013FC0
1777181487.997,824884,4,4,ADCS,255,BROADCAST,0,HEARTBEAT,48,HEARTBEAT,0,0,0,0,0,0,0x10013FC0
1777181489.091,825978,4,4,ADCS,255,BROADCAST,0,HEARTBEAT,48,HEARTBEAT,0,0,0,0,0,0,0x10013FC0
1777181490.236,827073,4,4,ADCS,255,BROADCAST,0,HEARTBEAT,48,HEARTBEAT,0,0,0,0,0,0,0x10013FC0
1777181491.280,828167,4,4,ADCS,255,BROADCAST,0,HEARTBEAT,48,HEARTBEAT,0,0,0,0,0,0,0x10013FC0
1777181492.375,829262,4,4,ADCS,255,BROADCAST,0,HEARTBEAT,48,HEARTBEAT,0,0,0,0,0,0,0x10013FC0
1777181493.487,830356,4,4,ADCS,255,BROADCAST,0,HEARTBEAT,48,HEARTBEAT,0,0,0,0,0,0,0x10013FC0
1777181494.565,831451,4,4,ADCS,255,BROADCAST,0,HEARTBEAT,48,HEARTBEAT,0,0,0,0,0,0,0x10013FC0
1777181495.659,832545,4,4,ADCS,255,BROADCAST,0,HEARTBEAT,48,HEARTBEAT,0,0,0,0,0,0,0x10013FC0
1777181496.771,833640,4,4,ADCS,255,BROADCAST,0,HEARTBEAT,48,HEARTBEAT,0,0,0,0,0,0,0x10013FC0
1777181497.849,834735,4,4,ADCS,255,BROADCAST,0,HEARTBEAT,48,HEARTBEAT,0,0,0,0,0,0,0x10013FC0
1777181498.942,835829,4,4,ADCS,255,BROADCAST,0,HEARTBEAT,48,HEARTBEAT,0,0,0,0,0,0,0x10013FC0
1777181500.049,836924,4,4,ADCS,255,BROADCAST,0,HEARTBEAT,48,HEARTBEAT,0,0,0,0,0,0,0x10013FC0
1777181501.131,838018,4,4,ADCS,255,BROADCAST,0,HEARTBEAT,48,HEARTBEAT,0,0,0,0,0,0,0x10013FC0
1777181502.225,839113,4,4,ADCS,255,BROADCAST,0,HEARTBEAT,48,HEARTBEAT,0,0,0,0,0,0,0x10013FC0
1777181503.331,840208,4,4,ADCS,255,BROADCAST,0,HEARTBEAT,48,HEARTBEAT,0,0,0,0,0,0,0x10013FC0
1777181504.446,841302,4,4,ADCS,255,BROADCAST,0,HEARTBEAT,48,HEARTBEAT,0,0,0,0,0,0,0x10013FC0
1777181505.510,842397,4,4,ADCS,255,BROADCAST,0,HEARTBEAT,48,HEARTBEAT,0,0,0,0,0,0,0x10013FC0
1777181506.605,843491,4,4,ADCS,255,BROADCAST,0,HEARTBEAT,48,HEARTBEAT,0,0,0,0,0,0,0x10013FC0
1777181507.726,844586,4,4,ADCS,255,BROADCAST,0,HEARTBEAT,48,HEARTBEAT,0,0,0,0,0,0,0x10013FC0
1777181508.793,845681,4,4,ADCS,255,BROADCAST,0,HEARTBEAT,48,HEARTBEAT,0,0,0,0,0,0,0x10013FC0
1777181509.888,846775,4,4,ADCS,255,BROADCAST,0,HEARTBEAT,48,HEARTBEAT,0,0,0,0,0,0,0x10013FC0
1777181511.005,847870,4,4,ADCS,255,BROADCAST,0,HEARTBEAT,48,HEARTBEAT,0,0,0,0,0,0,0x10013FC0
1777181512.078,848965,4,4,ADCS,255,BROADCAST,0,HEARTBEAT,48,HEARTBEAT,0,0,0,0,0,0,0x10013FC0
1777181513.174,850060,4,4,ADCS,255,BROADCAST,0,HEARTBEAT,48,HEARTBEAT,0,0,0,0,0,0,0x10013FC0
1777181514.282,851154,4,4,ADCS,255,BROADCAST,0,HEARTBEAT,48,HEARTBEAT,0,0,0,0,0,0,0x10013FC0
1777181515.361,852248,4,4,ADCS,255,BROADCAST,0,HEARTBEAT,48,HEARTBEAT,0,0,0,0,0,0,0x10013FC0
1777181516.457,853343,4,4,ADCS,255,BROADCAST,0,HEARTBEAT,48,HEARTBEAT,0,0,0,0,0,0,0x10013FC0
1777181517.551,854437,4,4,ADCS,255,BROADCAST,0,HEARTBEAT,48,HEARTBEAT,0,0,0,0,0,0,0x10013FC0
1777181518.683,855532,4,4,ADCS,255,BROADCAST,0,HEARTBEAT,48,HEARTBEAT,0,0,0,0,0,0,0x10013FC0
1777181519.739,856626,4,4,ADCS,255,BROADCAST,0,HEARTBEAT,48,HEARTBEAT,0,0,0,0,0,0,0x10013FC0
1777181520.834,857721,4,4,ADCS,255,BROADCAST,0,HEARTBEAT,48,HEARTBEAT,0,0,0,0,0,0,0x10013FC0
1777181521.963,858815,4,4,ADCS,255,BROADCAST,0,HEARTBEAT,48,HEARTBEAT,0,0,0,0,0,0,0x10013FC0
1777181523.023,859910,4,4,ADCS,255,BROADCAST,0,HEARTBEAT,48,HEARTBEAT,0,0,0,0,0,0,0x10013FC0
1777181524.117,861004,4,4,ADCS,255,BROADCAST,0,HEARTBEAT,48,HEARTBEAT,0,0,0,0,0,0,0x10013FC0
1777181525.239,862099,4,4,ADCS,255,BROADCAST,0,HEARTBEAT,48,HEARTBEAT,0,0,0,0,0,0,0x10013FC0
1777181526.306,863193,4,4,ADCS,255,BROADCAST,0,HEARTBEAT,48,HEARTBEAT,0,0,0,0,0,0,0x10013FC0
1777181527.401,864288,4,4,ADCS,255,BROADCAST,0,HEARTBEAT,48,HEARTBEAT,0,0,0,0,0,0,0x10013FC0
1777181528.515,865382,4,4,ADCS,255,BROADCAST,0,HEARTBEAT,48,HEARTBEAT,0,0,0,0,0,0,0x10013FC0
1777181529.589,866477,4,4,ADCS,255,BROADCAST,0,HEARTBEAT,48,HEARTBEAT,0,0,0,0,0,0,0x10013FC0
1777181530.684,867571,4,4,ADCS,255,BROADCAST,0,HEARTBEAT,48,HEARTBEAT,0,0,0,0,0,0,0x10013FC0
1777181531.784,868666,4,4,ADCS,255,BROADCAST,0,HEARTBEAT,48,HEARTBEAT,0,0,0,0,0,0,0x10013FC0
1777181532.873,869760,4,4,ADCS,255,BROADCAST,0,HEARTBEAT,48,HEARTBEAT,0,0,0,0,0,0,0x10013FC0
1777181533.967,870855,4,4,ADCS,255,BROADCAST,0,HEARTBEAT,48,HEARTBEAT,0,0,0,0,0,0,0x10013FC0
1777181535.066,871949,4,4,ADCS,255,BROADCAST,0,HEARTBEAT,48,HEARTBEAT,0,0,0,0,0,0,0x10013FC0
1777181536.197,873044,4,4,ADCS,255,BROADCAST,0,HEARTBEAT,48,HEARTBEAT,0,0,0,0,0,0,0x10013FC0
1777181537.251,874138,4,4,ADCS,255,BROADCAST,0,HEARTBEAT,48,HEARTBEAT,0,0,0,0,0,0,0x10013FC0
1777181538.346,875233,4,4,ADCS,255,BROADCAST,0,HEARTBEAT,48,HEARTBEAT,0,0,0,0,0,0,0x10013FC0
1777181539.475,876327,4,4,ADCS,255,BROADCAST,0,HEARTBEAT,48,HEARTBEAT,0,0,0,0,0,0,0x10013FC0
1777181540.535,877422,4,4,ADCS,255,BROADCAST,0,HEARTBEAT,48,HEARTBEAT,0,0,0,0,0,0,0x10013FC0
1777181541.630,878516,4,4,ADCS,255,BROADCAST,0,HEARTBEAT,48,HEARTBEAT,0,0,0,0,0,0,0x10013FC0
1777181542.750,879611,4,4,ADCS,255,BROADCAST,0,HEARTBEAT,48,HEARTBEAT,0,0,0,0,0,0,0x10013FC0
1777181543.819,880705,4,4,ADCS,255,BROADCAST,0,HEARTBEAT,48,HEARTBEAT,0,0,0,0,0,0,0x10013FC0
1777181544.912,881800,4,4,ADCS,255,BROADCAST,0,HEARTBEAT,48,HEARTBEAT,0,0,0,0,0,0,0x10013FC0
1777181546.019,882894,4,4,ADCS,255,BROADCAST,0,HEARTBEAT,48,HEARTBEAT,0,0,0,0,0,0,0x10013FC0
1777181547.105,883989,4,4,ADCS,255,BROADCAST,0,HEARTBEAT,48,HEARTBEAT,0,0,0,0,0,0,0x10013FC0
1777181548.197,885083,4,4,ADCS,255,BROADCAST,0,HEARTBEAT,48,HEARTBEAT,0,0,0,0,0,0,0x10013FC0
1777181549.298,886178,4,4,ADCS,255,BROADCAST,0,HEARTBEAT,48,HEARTBEAT,0,0,0,0,0,0,0x10013FC0
1777181550.387,887272,4,4,ADCS,255,BROADCAST,0,HEARTBEAT,48,HEARTBEAT,0,0,0,0,0,0,0x10013FC0
1777181551.480,888367,4,4,ADCS,255,BROADCAST,0,HEARTBEAT,48,HEARTBEAT,0,0,0,0,0,0,0x10013FC0
1777181552.579,889462,4,4,ADCS,255,BROADCAST,0,HEARTBEAT,48,HEARTBEAT,0,0,0,0,0,0,0x10013FC0
1777181553.708,890556,4,4,ADCS,255,BROADCAST,0,HEARTBEAT,48,HEARTBEAT,0,0,0,0,0,0,0x10013FC0
1777181554.764,891651,4,4,ADCS,255,BROADCAST,0,HEARTBEAT,48,HEARTBEAT,0,0,0,0,0,0,0x10013FC0
1777181555.859,892745,4,4,ADCS,255,BROADCAST,0,HEARTBEAT,48,HEARTBEAT,0,0,0,0,0,0,0x10013FC0
1777181556.985,893840,4,4,ADCS,255,BROADCAST,0,HEARTBEAT,48,HEARTBEAT,0,0,0,0,0,0,0x10013FC0
1777181558.048,894934,4,4,ADCS,255,BROADCAST,0,HEARTBEAT,48,HEARTBEAT,0,0,0,0,0,0,0x10013FC0
1777181559.142,896029,4,4,ADCS,255,BROADCAST,0,HEARTBEAT,48,HEARTBEAT,0,0,0,0,0,0,0x10013FC0
1777181560.259,897123,4,4,ADCS,255,BROADCAST,0,HEARTBEAT,48,HEARTBEAT,0,0,0,0,0,0,0x10013FC0
1777181561.331,898218,4,4,ADCS,255,BROADCAST,0,HEARTBEAT,48,HEARTBEAT,0,0,0,0,0,0,0x10013FC0
1777181562.426,899312,4,4,ADCS,255,BROADCAST,0,HEARTBEAT,48,HEARTBEAT,0,0,0,0,0,0,0x10013FC0
1777181563.534,900407,4,4,ADCS,255,BROADCAST,0,HEARTBEAT,48,HEARTBEAT,0,0,0,0,0,0,0x10013FC0
1777181564.615,901501,4,4,ADCS,255,BROADCAST,0,HEARTBEAT,48,HEARTBEAT,0,0,0,0,0,0,0x10013FC0
1777181565.709,902596,4,4,ADCS,255,BROADCAST,0,HEARTBEAT,48,HEARTBEAT,0,0,0,0,0,0,0x10013FC0
1777181566.804,903690,4,4,ADCS,255,BROADCAST,0,HEARTBEAT,48,HEARTBEAT,0,0,0,0,0,0,0x10013FC0
1777181567.898,904785,4,4,ADCS,255,BROADCAST,0,HEARTBEAT,48,HEARTBEAT,0,0,0,0,0,0,0x10013FC0
1777181568.993,905879,4,4,ADCS,255,BROADCAST,0,HEARTBEAT,48,HEARTBEAT,0,0,0,0,0,0,0x10013FC0
1777181570.092,906974,4,4,ADCS,255,BROADCAST,0,HEARTBEAT,48,HEARTBEAT,0,0,0,0,0,0,0x10013FC0
1777181571.219,908068,4,4,ADCS,255,BROADCAST,0,HEARTBEAT,48,HEARTBEAT,0,0,0,0,0,0,0x10013FC0
1777181572.276,909163,4,4,ADCS,255,BROADCAST,0,HEARTBEAT,48,HEARTBEAT,0,0,0,0,0,0,0x10013FC0
1777181573.371,910257,4,4,ADCS,255,BROADCAST,0,HEARTBEAT,48,HEARTBEAT,0,0,0,0,0,0,0x10013FC0
1777181574.482,911352,4,4,ADCS,255,BROADCAST,0,HEARTBEAT,48,HEARTBEAT,0,0,0,0,0,0,0x10013FC0
1777181575.561,912446,4,4,ADCS,255,BROADCAST,0,HEARTBEAT,48,HEARTBEAT,0,0,0,0,0,0,0x10013FC0
1777181576.655,913541,4,4,ADCS,255,BROADCAST,0,HEARTBEAT,48,HEARTBEAT,0,0,0,0,0,0,0x10013FC0
1777181577.759,914636,4,4,ADCS,255,BROADCAST,0,HEARTBEAT,48,HEARTBEAT,0,0,0,0,0,0,0x10013FC0
1777181578.844,915730,4,4,ADCS,255,BROADCAST,0,HEARTBEAT,48,HEARTBEAT,0,0,0,0,0,0,0x10013FC0
1777181579.939,916825,4,4,ADCS,255,BROADCAST,0,HEARTBEAT,48,HEARTBEAT,0,0,0,0,0,0,0x10013FC0
1777181581.043,917919,4,4,ADCS,255,BROADCAST,0,HEARTBEAT,48,HEARTBEAT,0,0,0,0,0,0,0x10013FC0
1777181582.127,919014,4,4,ADCS,255,BROADCAST,0,HEARTBEAT,48,HEARTBEAT,0,0,0,0,0,0,0x10013FC0
1777181583.222,920109,4,4,ADCS,255,BROADCAST,0,HEARTBEAT,48,HEARTBEAT,0,0,0,0,0,0,0x10013FC0
1777181584.325,921203,4,4,ADCS,255,BROADCAST,0,HEARTBEAT,48,HEARTBEAT,0,0,0,0,0,0,0x10013FC0
1777181585.411,922298,4,4,ADCS,255,BROADCAST,0,HEARTBEAT,48,HEARTBEAT,0,0,0,0,0,0,0x10013FC0
1777181586.506,923392,4,4,ADCS,255,BROADCAST,0,HEARTBEAT,48,HEARTBEAT,0,0,0,0,0,0,0x10013FC0
1777181587.601,924487,4,4,ADCS,255,BROADCAST,0,HEARTBEAT,48,HEARTBEAT,0,0,0,0,0,0,0x10013FC0
1777181588.719,925582,4,4,ADCS,255,BROADCAST,0,HEARTBEAT,48,HEARTBEAT,0,0,0,0,0,0,0x10013FC0
1777181589.790,926676,4,4,ADCS,255,BROADCAST,0,HEARTBEAT,48,HEARTBEAT,0,0,0,0,0,0,0x10013FC0
1777181590.885,927771,4,4,ADCS,255,BROADCAST,0,HEARTBEAT,48,HEARTBEAT,0,0,0,0,0,0,0x10013FC0
1777181592.001,928865,4,4,ADCS,255,BROADCAST,0,HEARTBEAT,48,HEARTBEAT,0,0,0,0,0,0,0x10013FC0
1777181593.074,929960,4,4,ADCS,255,BROADCAST,0,HEARTBEAT,48,HEARTBEAT,0,0,0,0,0,0,0x10013FC0
1777181594.168,931054,4,4,ADCS,255,BROADCAST,0,HEARTBEAT,48,HEARTBEAT,0,0,0,0,0,0,0x10013FC0
1777181595.273,932149,4,4,ADCS,255,BROADCAST,0,HEARTBEAT,48,HEARTBEAT,0,0,0,0,0,0,0x10013FC0
1777181596.357,933244,4,4,ADCS,255,BROADCAST,0,HEARTBEAT,48,HEARTBEAT,0,0,0,0,0,0,0x10013FC0
1777181597.452,934338,4,4,ADCS,255,BROADCAST,0,HEARTBEAT,48,HEARTBEAT,0,0,0,0,0,0,0x10013FC0
1777181598.560,935433,4,4,ADCS,255,BROADCAST,0,HEARTBEAT,48,HEARTBEAT,0,0,0,0,0,0,0x10013FC0
1777181599.641,936527,4,4,ADCS,255,BROADCAST,0,HEARTBEAT,48,HEARTBEAT,0,0,0,0,0,0,0x10013FC0
1777181600.735,937622,4,4,ADCS,255,BROADCAST,0,HEARTBEAT,48,HEARTBEAT,0,0,0,0,0,0,0x10013FC0
1777181601.847,938716,4,4,ADCS,255,BROADCAST,0,HEARTBEAT,48,HEARTBEAT,0,0,0,0,0,0,0x10013FC0
1777181602.961,939811,4,4,ADCS,255,BROADCAST,0,HEARTBEAT,48,HEARTBEAT,0,0,0,0,0,0,0x10013FC0
1777181604.019,940905,4,4,ADCS,255,BROADCAST,0,HEARTBEAT,48,HEARTBEAT,0,0,0,0,0,0,0x10013FC0
1777181605.114,942000,4,4,ADCS,255,BROADCAST,0,HEARTBEAT,48,HEARTBEAT,0,0,0,0,0,0,0x10013FC0
1777181606.232,943094,4,4,ADCS,255,BROADCAST,0,HEARTBEAT,48,HEARTBEAT,0,0,0,0,0,0,0x10013FC0
1777181607.302,944189,4,4,ADCS,255,BROADCAST,0,HEARTBEAT,48,HEARTBEAT,0,0,0,0,0,0,0x10013FC0
1777181608.400,945283,4,4,ADCS,255,BROADCAST,0,HEARTBEAT,48,HEARTBEAT,0,0,0,0,0,0,0x10013FC0
1777181609.517,946378,4,4,ADCS,255,BROADCAST,0,HEARTBEAT,48,HEARTBEAT,0,0,0,0,0,0,0x10013FC0
1777181610.586,947472,4,4,ADCS,255,BROADCAST,0,HEARTBEAT,48,HEARTBEAT,0,0,0,0,0,0,0x10013FC0
1777181611.681,948567,4,4,ADCS,255,BROADCAST,0,HEARTBEAT,48,HEARTBEAT,0,0,0,0,0,0,0x10013FC0
1777181612.793,949661,4,4,ADCS,255,BROADCAST,0,HEARTBEAT,48,HEARTBEAT,0,0,0,0,0,0,0x10013FC0
1777181613.870,950756,4,4,ADCS,255,BROADCAST,0,HEARTBEAT,48,HEARTBEAT,0,0,0,0,0,0,0x10013FC0
1777181614.964,951850,4,4,ADCS,255,BROADCAST,0,HEARTBEAT,48,HEARTBEAT,0,0,0,0,0,0,0x10013FC0
1777181616.061,952945,4,4,ADCS,255,BROADCAST,0,HEARTBEAT,48,HEARTBEAT,0,0,0,0,0,0,0x10013FC0
1777181617.153,954039,4,4,ADCS,255,BROADCAST,0,HEARTBEAT,48,HEARTBEAT,0,0,0,0,0,0,0x10013FC0
1777181618.248,955134,4,4,ADCS,255,BROADCAST,0,HEARTBEAT,48,HEARTBEAT,0,0,0,0,0,0,0x10013FC0
1777181619.344,956228,4,4,ADCS,255,BROADCAST,0,HEARTBEAT,48,HEARTBEAT,0,0,0,0,0,0,0x10013FC0
1777181620.460,957323,4,4,ADCS,255,BROADCAST,0,HEARTBEAT,48,HEARTBEAT,0,0,0,0,0,0,0x10013FC0
1777181621.532,958418,4,4,ADCS,255,BROADCAST,0,HEARTBEAT,48,HEARTBEAT,0,0,0,0,0,0,0x10013FC0
1777181622.626,959512,4,4,ADCS,255,BROADCAST,0,HEARTBEAT,48,HEARTBEAT,0,0,0,0,0,0,0x10013FC0
1777181623.739,960606,4,4,ADCS,255,BROADCAST,0,HEARTBEAT,48,HEARTBEAT,0,0,0,0,0,0,0x10013FC0
1777181624.815,961701,4,4,ADCS,255,BROADCAST,0,HEARTBEAT,48,HEARTBEAT,0,0,0,0,0,0,0x10013FC0
1777181625.910,962796,4,4,ADCS,255,BROADCAST,0,HEARTBEAT,48,HEARTBEAT,0,0,0,0,0,0,0x10013FC0
1777181627.025,963890,4,4,ADCS,255,BROADCAST,0,HEARTBEAT,48,HEARTBEAT,0,0,0,0,0,0,0x10013FC0
1777181628.099,964985,4,4,ADCS,255,BROADCAST,0,HEARTBEAT,48,HEARTBEAT,0,0,0,0,0,0,0x10013FC0
1777181629.194,966079,4,4,ADCS,255,BROADCAST,0,HEARTBEAT,48,HEARTBEAT,0,0,0,0,0,0,0x10013FC0
1777181630.306,967174,4,4,ADCS,255,BROADCAST,0,HEARTBEAT,48,HEARTBEAT,0,0,0,0,0,0,0x10013FC0
1777181631.383,968268,4,4,ADCS,255,BROADCAST,0,HEARTBEAT,48,HEARTBEAT,0,0,0,0,0,0,0x10013FC0
1777181632.477,969363,4,4,ADCS,255,BROADCAST,0,HEARTBEAT,48,HEARTBEAT,0,0,0,0,0,0,0x10013FC0
1777181633.580,970457,4,4,ADCS,255,BROADCAST,0,HEARTBEAT,48,HEARTBEAT,0,0,0,0,0,0,0x10013FC0
1777181634.666,971552,4,4,ADCS,255,BROADCAST,0,HEARTBEAT,48,HEARTBEAT,0,0,0,0,0,0,0x10013FC0
1777181635.761,972646,4,4,ADCS,255,BROADCAST,0,HEARTBEAT,48,HEARTBEAT,0,0,0,0,0,0,0x10013FC0
1777181636.855,973741,4,4,ADCS,255,BROADCAST,0,HEARTBEAT,48,HEARTBEAT,0,0,0,0,0,0,0x10013FC0
1777181637.978,974835,4,4,ADCS,255,BROADCAST,0,HEARTBEAT,48,HEARTBEAT,0,0,0,0,0,0,0x10013FC0
1777181639.044,975930,4,4,ADCS,255,BROADCAST,0,HEARTBEAT,48,HEARTBEAT,0,0,0,0,0,0,0x10013FC0
1777181640.162,977024,4,4,ADCS,255,BROADCAST,0,HEARTBEAT,48,HEARTBEAT,0,0,0,0,0,0,0x10013FC0
1777181641.257,978118,4,4,ADCS,255,BROADCAST,0,HEARTBEAT,48,HEARTBEAT,0,0,0,0,0,0,0x10013FC0
1777181642.328,979213,4,4,ADCS,255,BROADCAST,0,HEARTBEAT,48,HEARTBEAT,0,0,0,0,0,0,0x10013FC0
1777181643.422,980307,4,4,ADCS,255,BROADCAST,0,HEARTBEAT,48,HEARTBEAT,0,0,0,0,0,0,0x10013FC0
1777181644.535,981402,4,4,ADCS,255,BROADCAST,0,HEARTBEAT,48,HEARTBEAT,0,0,0,0,0,0,0x10013FC0
1777181645.611,982497,4,4,ADCS,255,BROADCAST,0,HEARTBEAT,48,HEARTBEAT,0,0,0,0,0,0,0x10013FC0
1777181646.706,983591,4,4,ADCS,255,BROADCAST,0,HEARTBEAT,48,HEARTBEAT,0,0,0,0,0,0,0x10013FC0
1777181647.818,984685,4,4,ADCS,255,BROADCAST,0,HEARTBEAT,48,HEARTBEAT,0,0,0,0,0,0,0x10013FC0
1777181648.897,985780,4,4,ADCS,255,BROADCAST,0,HEARTBEAT,48,HEARTBEAT,0,0,0,0,0,0,0x10013FC0
1777181649.989,986875,4,4,ADCS,255,BROADCAST,0,HEARTBEAT,48,HEARTBEAT,0,0,0,0,0,0,0x10013FC0
1777181651.084,987969,4,4,ADCS,255,BROADCAST,0,HEARTBEAT,48,HEARTBEAT,0,0,0,0,0,0,0x10013FC0
1777181652.179,989064,4,4,ADCS,255,BROADCAST,0,HEARTBEAT,48,HEARTBEAT,0,0,0,0,0,0,0x10013FC0
1777181653.273,990158,4,4,ADCS,255,BROADCAST,0,HEARTBEAT,48,HEARTBEAT,0,0,0,0,0,0,0x10013FC0
1777181654.368,991253,4,4,ADCS,255,BROADCAST,0,HEARTBEAT,48,HEARTBEAT,0,0,0,0,0,0,0x10013FC0
1777181655.484,992347,4,4,ADCS,255,BROADCAST,0,HEARTBEAT,48,HEARTBEAT,0,0,0,0,0,0,0x10013FC0
1777181656.556,993442,4,4,ADCS,255,BROADCAST,0,HEARTBEAT,48,HEARTBEAT,0,0,0,0,0,0,0x10013FC0
1777181657.651,994537,4,4,ADCS,255,BROADCAST,0,HEARTBEAT,48,HEARTBEAT,0,0,0,0,0,0,0x10013FC0
1777181658.773,995631,4,4,ADCS,255,BROADCAST,0,HEARTBEAT,48,HEARTBEAT,0,0,0,0,0,0,0x10013FC0
1777181659.840,996726,4,4,ADCS,255,BROADCAST,0,HEARTBEAT,48,HEARTBEAT,0,0,0,0,0,0,0x10013FC0
1777181660.935,997820,4,4,ADCS,255,BROADCAST,0,HEARTBEAT,48,HEARTBEAT,0,0,0,0,0,0,0x10013FC0
1777181662.036,998915,4,4,ADCS,255,BROADCAST,0,HEARTBEAT,48,HEARTBEAT,0,0,0,0,0,0,0x10013FC0
1777181663.124,1000009,4,4,ADCS,255,BROADCAST,0,HEARTBEAT,48,HEARTBEAT,0,0,0,0,0,0,0x10013FC0
1777181664.219,1001104,4,4,ADCS,255,BROADCAST,0,HEARTBEAT,48,HEARTBEAT,0,0,0,0,0,0,0x10013FC0
1777181665.318,1002199,4,4,ADCS,255,BROADCAST,0,HEARTBEAT,48,HEARTBEAT,0,0,0,0,0,0,0x10013FC0
1777181666.408,1003293,4,4,ADCS,255,BROADCAST,0,HEARTBEAT,48,HEARTBEAT,0,0,0,0,0,0,0x10013FC0
1777181667.504,1004388,4,4,ADCS,255,BROADCAST,0,HEARTBEAT,48,HEARTBEAT,0,0,0,0,0,0,0x10013FC0
1777181668.600,1005482,4,4,ADCS,255,BROADCAST,0,HEARTBEAT,48,HEARTBEAT,0,0,0,0,0,0,0x10013FC0
1777181669.731,1006577,4,4,ADCS,255,BROADCAST,0,HEARTBEAT,48,HEARTBEAT,0,0,0,0,0,0,0x10013FC0
1777181670.786,1007671,4,4,ADCS,255,BROADCAST,0,HEARTBEAT,48,HEARTBEAT,0,0,0,0,0,0,0x10013FC0
1777181671.881,1008766,4,4,ADCS,255,BROADCAST,0,HEARTBEAT,48,HEARTBEAT,0,0,0,0,0,0,0x10013FC0
1777181673.006,1009860,4,4,ADCS,255,BROADCAST,0,HEARTBEAT,48,HEARTBEAT,0,0,0,0,0,0,0x10013FC0
1777181674.069,1010955,4,4,ADCS,255,BROADCAST,0,HEARTBEAT,48,HEARTBEAT,0,0,0,0,0,0,0x10013FC0
1777181675.164,1012049,4,4,ADCS,255,BROADCAST,0,HEARTBEAT,48,HEARTBEAT,0,0,0,0,0,0,0x10013FC0
1777181676.272,1013144,4,4,ADCS,255,BROADCAST,0,HEARTBEAT,48,HEARTBEAT,0,0,0,0,0,0,0x10013FC0
1777181677.354,1014238,4,4,ADCS,255,BROADCAST,0,HEARTBEAT,48,HEARTBEAT,0,0,0,0,0,0,0x10013FC0
1777181678.449,1015333,4,4,ADCS,255,BROADCAST,0,HEARTBEAT,48,HEARTBEAT,0,0,0,0,0,0,0x10013FC0
1777181679.551,1016427,4,4,ADCS,255,BROADCAST,0,HEARTBEAT,48,HEARTBEAT,0,0,0,0,0,0,0x10013FC0
1777181680.636,1017522,4,4,ADCS,255,BROADCAST,0,HEARTBEAT,48,HEARTBEAT,0,0,0,0,0,0,0x10013FC0
1777181681.731,1018616,4,4,ADCS,255,BROADCAST,0,HEARTBEAT,48,HEARTBEAT,0,0,0,0,0,0,0x10013FC0
1777181682.835,1019711,4,4,ADCS,255,BROADCAST,0,HEARTBEAT,48,HEARTBEAT,0,0,0,0,0,0,0x10013FC0
1777181683.921,1020805,4,4,ADCS,255,BROADCAST,0,HEARTBEAT,48,HEARTBEAT,0,0,0,0,0,0,0x10013FC0
1777181685.019,1021900,4,4,ADCS,255,BROADCAST,0,HEARTBEAT,48,HEARTBEAT,0,0,0,0,0,0,0x10013FC0
1777181686.110,1022994,4,4,ADCS,255,BROADCAST,0,HEARTBEAT,48,HEARTBEAT,0,0,0,0,0,0,0x10013FC0
1777181687.241,1024089,4,4,ADCS,255,BROADCAST,0,HEARTBEAT,48,HEARTBEAT,0,0,0,0,0,0,0x10013FC0
1777181688.299,1025183,4,4,ADCS,255,BROADCAST,0,HEARTBEAT,48,HEARTBEAT,0,0,0,0,0,0,0x10013FC0
1777181689.393,1026278,4,4,ADCS,255,BROADCAST,0,HEARTBEAT,48,HEARTBEAT,0,0,0,0,0,0,0x10013FC0
1777181690.512,1027373,4,4,ADCS,255,BROADCAST,0,HEARTBEAT,48,HEARTBEAT,0,0,0,0,0,0,0x10013FC0
1777181691.582,1028467,4,4,ADCS,255,BROADCAST,0,HEARTBEAT,48,HEARTBEAT,0,0,0,0,0,0,0x10013FC0
1777181692.677,1029561,4,4,ADCS,255,BROADCAST,0,HEARTBEAT,48,HEARTBEAT,0,0,0,0,0,0,0x10013FC0
1777181693.793,1030656,4,4,ADCS,255,BROADCAST,0,HEARTBEAT,48,HEARTBEAT,0,0,0,0,0,0,0x10013FC0
1777181694.866,1031751,4,4,ADCS,255,BROADCAST,0,HEARTBEAT,48,HEARTBEAT,0,0,0,0,0,0,0x10013FC0
1777181695.961,1032845,4,4,ADCS,255,BROADCAST,0,HEARTBEAT,48,HEARTBEAT,0,0,0,0,0,0,0x10013FC0
1777181697.072,1033940,4,4,ADCS,255,BROADCAST,0,HEARTBEAT,48,HEARTBEAT,0,0,0,0,0,0,0x10013FC0
1777181698.150,1035034,4,4,ADCS,255,BROADCAST,0,HEARTBEAT,48,HEARTBEAT,0,0,0,0,0,0,0x10013FC0
1777181699.244,1036129,4,4,ADCS,255,BROADCAST,0,HEARTBEAT,48,HEARTBEAT,0,0,0,0,0,0,0x10013FC0
1777181700.338,1037223,4,4,ADCS,255,BROADCAST,0,HEARTBEAT,48,HEARTBEAT,0,0,0,0,0,0,0x10013FC0
1777181701.433,1038318,4,4,ADCS,255,BROADCAST,0,HEARTBEAT,48,HEARTBEAT,0,0,0,0,0,0,0x10013FC0
1777181702.528,1039412,4,4,ADCS,255,BROADCAST,0,HEARTBEAT,48,HEARTBEAT,0,0,0,0,0,0,0x10013FC0
1777181703.624,1040507,4,4,ADCS,255,BROADCAST,0,HEARTBEAT,48,HEARTBEAT,0,0,0,0,0,0,0x10013FC0
1777181704.750,1041601,4,4,ADCS,255,BROADCAST,0,HEARTBEAT,48,HEARTBEAT,0,0,0,0,0,0,0x10013FC0
1777181705.811,1042696,4,4,ADCS,255,BROADCAST,0,HEARTBEAT,48,HEARTBEAT,0,0,0,0,0,0,0x10013FC0
1777181706.906,1043790,4,4,ADCS,255,BROADCAST,0,HEARTBEAT,48,HEARTBEAT,0,0,0,0,0,0,0x10013FC0
1777181708.018,1044885,4,4,ADCS,255,BROADCAST,0,HEARTBEAT,48,HEARTBEAT,0,0,0,0,0,0,0x10013FC0
1777181709.094,1045979,4,4,ADCS,255,BROADCAST,0,HEARTBEAT,48,HEARTBEAT,0,0,0,0,0,0,0x10013FC0
1777181710.191,1047074,4,4,ADCS,255,BROADCAST,0,HEARTBEAT,48,HEARTBEAT,0,0,0,0,0,0,0x10013FC0
1777181711.306,1048168,4,4,ADCS,255,BROADCAST,0,HEARTBEAT,48,HEARTBEAT,0,0,0,0,0,0,0x10013FC0
1777181712.378,1049263,4,4,ADCS,255,BROADCAST,0,HEARTBEAT,48,HEARTBEAT,0,0,0,0,0,0,0x10013FC0
1777181713.473,1050357,4,4,ADCS,255,BROADCAST,0,HEARTBEAT,48,HEARTBEAT,0,0,0,0,0,0,0x10013FC0
1777181714.574,1051452,4,4,ADCS,255,BROADCAST,0,HEARTBEAT,48,HEARTBEAT,0,0,0,0,0,0,0x10013FC0
1777181715.662,1052546,4,4,ADCS,255,BROADCAST,0,HEARTBEAT,48,HEARTBEAT,0,0,0,0,0,0,0x10013FC0
1777181716.756,1053641,4,4,ADCS,255,BROADCAST,0,HEARTBEAT,48,HEARTBEAT,0,0,0,0,0,0,0x10013FC0
1777181717.859,1054735,4,4,ADCS,255,BROADCAST,0,HEARTBEAT,48,HEARTBEAT,0,0,0,0,0,0,0x10013FC0
1777181718.974,1055830,4,4,ADCS,255,BROADCAST,0,HEARTBEAT,48,HEARTBEAT,0,0,0,0,0,0,0x10013FC0
1777181720.040,1056924,4,4,ADCS,255,BROADCAST,0,HEARTBEAT,48,HEARTBEAT,0,0,0,0,0,0,0x10013FC0
1777181721.134,1058019,4,4,ADCS,255,BROADCAST,0,HEARTBEAT,48,HEARTBEAT,0,0,0,0,0,0,0x10013FC0
1777181722.253,1059113,4,4,ADCS,255,BROADCAST,0,HEARTBEAT,48,HEARTBEAT,0,0,0,0,0,0,0x10013FC0
1777181723.323,1060208,4,4,ADCS,255,BROADCAST,0,HEARTBEAT,48,HEARTBEAT,0,0,0,0,0,0,0x10013FC0
1777181724.419,1061302,4,4,ADCS,255,BROADCAST,0,HEARTBEAT,48,HEARTBEAT,0,0,0,0,0,0,0x10013FC0
1777181725.527,1062397,4,4,ADCS,255,BROADCAST,0,HEARTBEAT,48,HEARTBEAT,0,0,0,0,0,0,0x10013FC0
1777181726.607,1063491,4,4,ADCS,255,BROADCAST,0,HEARTBEAT,48,HEARTBEAT,0,0,0,0,0,0,0x10013FC0
1777181727.703,1064586,4,4,ADCS,255,BROADCAST,0,HEARTBEAT,48,HEARTBEAT,0,0,0,0,0,0,0x10013FC0
1777181728.803,1065680,4,4,ADCS,255,BROADCAST,0,HEARTBEAT,48,HEARTBEAT,0,0,0,0,0,0,0x10013FC0
1777181729.890,1066775,4,4,ADCS,255,BROADCAST,0,HEARTBEAT,48,HEARTBEAT,0,0,0,0,0,0,0x10013FC0
1777181730.985,1067870,4,4,ADCS,255,BROADCAST,0,HEARTBEAT,48,HEARTBEAT,0,0,0,0,0,0,0x10013FC0
1777181732.090,1068964,4,4,ADCS,255,BROADCAST,0,HEARTBEAT,48,HEARTBEAT,0,0,0,0,0,0,0x10013FC0
1777181733.174,1070058,4,4,ADCS,255,BROADCAST,0,HEARTBEAT,48,HEARTBEAT,0,0,0,0,0,0,0x10013FC0
1777181734.268,1071153,4,4,ADCS,255,BROADCAST,0,HEARTBEAT,48,HEARTBEAT,0,0,0,0,0,0,0x10013FC0
1777181735.364,1072247,4,4,ADCS,255,BROADCAST,0,HEARTBEAT,48,HEARTBEAT,0,0,0,0,0,0,0x10013FC0
1777181736.495,1073342,4,4,ADCS,255,BROADCAST,0,HEARTBEAT,48,HEARTBEAT,0,0,0,0,0,0,0x10013FC0
1777181737.552,1074436,4,4,ADCS,255,BROADCAST,0,HEARTBEAT,48,HEARTBEAT,0,0,0,0,0,0,0x10013FC0
1777181738.646,1075531,4,4,ADCS,255,BROADCAST,0,HEARTBEAT,48,HEARTBEAT,0,0,0,0,0,0,0x10013FC0
1777181739.772,1076625,4,4,ADCS,255,BROADCAST,0,HEARTBEAT,48,HEARTBEAT,0,0,0,0,0,0,0x10013FC0
1777181740.836,1077720,4,4,ADCS,255,BROADCAST,0,HEARTBEAT,48,HEARTBEAT,0,0,0,0,0,0,0x10013FC0
1777181741.930,1078814,4,4,ADCS,255,BROADCAST,0,HEARTBEAT,48,HEARTBEAT,0,0,0,0,0,0,0x10013FC0
1777181743.042,1079909,4,4,ADCS,255,BROADCAST,0,HEARTBEAT,48,HEARTBEAT,0,0,0,0,0,0,0x10013FC0
1777181744.119,1081003,4,4,ADCS,255,BROADCAST,0,HEARTBEAT,48,HEARTBEAT,0,0,0,0,0,0,0x10013FC0
1777181745.213,1082098,4,4,ADCS,255,BROADCAST,0,HEARTBEAT,48,HEARTBEAT,0,0,0,0,0,0,0x10013FC0
1777181746.317,1083192,4,4,ADCS,255,BROADCAST,0,HEARTBEAT,48,HEARTBEAT,0,0,0,0,0,0,0x10013FC0
1777181747.402,1084287,4,4,ADCS,255,BROADCAST,0,HEARTBEAT,48,HEARTBEAT,0,0,0,0,0,0,0x10013FC0
1777181748.497,1085381,4,4,ADCS,255,BROADCAST,0,HEARTBEAT,48,HEARTBEAT,0,0,0,0,0,0,0x10013FC0
1777181749.600,1086476,4,4,ADCS,255,BROADCAST,0,HEARTBEAT,48,HEARTBEAT,0,0,0,0,0,0,0x10013FC0
1777181750.686,1087570,4,4,ADCS,255,BROADCAST,0,HEARTBEAT,48,HEARTBEAT,0,0,0,0,0,0,0x10013FC0
1777181751.780,1088665,4,4,ADCS,255,BROADCAST,0,HEARTBEAT,48,HEARTBEAT,0,0,0,0,0,0,0x10013FC0
1777181752.875,1089759,4,4,ADCS,255,BROADCAST,0,HEARTBEAT,48,HEARTBEAT,0,0,0,0,0,0,0x10013FC0
1777181753.999,1090854,4,4,ADCS,255,BROADCAST,0,HEARTBEAT,48,HEARTBEAT,0,0,0,0,0,0,0x10013FC0
1777181755.064,1091948,4,4,ADCS,255,BROADCAST,0,HEARTBEAT,48,HEARTBEAT,0,0,0,0,0,0,0x10013FC0
1777181756.159,1093043,4,4,ADCS,255,BROADCAST,0,HEARTBEAT,48,HEARTBEAT,0,0,0,0,0,0,0x10013FC0
1777181757.283,1094137,4,4,ADCS,255,BROADCAST,0,HEARTBEAT,48,HEARTBEAT,0,0,0,0,0,0,0x10013FC0
1777181758.348,1095231,4,4,ADCS,255,BROADCAST,0,HEARTBEAT,48,HEARTBEAT,0,0,0,0,0,0,0x10013FC0
1777181759.447,1096326,4,4,ADCS,255,BROADCAST,0,HEARTBEAT,48,HEARTBEAT,0,0,0,0,0,0,0x10013FC0
1777181760.562,1097421,4,4,ADCS,255,BROADCAST,0,HEARTBEAT,48,HEARTBEAT,0,0,0,0,0,0,0x10013FC0
1777181761.631,1098515,4,4,ADCS,255,BROADCAST,0,HEARTBEAT,48,HEARTBEAT,0,0,0,0,0,0,0x10013FC0
1777181762.725,1099610,4,4,ADCS,255,BROADCAST,0,HEARTBEAT,48,HEARTBEAT,0,0,0,0,0,0,0x10013FC0
1777181763.840,1100704,4,4,ADCS,255,BROADCAST,0,HEARTBEAT,48,HEARTBEAT,0,0,0,0,0,0,0x10013FC0
1777181764.915,1101799,4,4,ADCS,255,BROADCAST,0,HEARTBEAT,48,HEARTBEAT,0,0,0,0,0,0,0x10013FC0
1777181766.010,1102893,4,4,ADCS,255,BROADCAST,0,HEARTBEAT,48,HEARTBEAT,0,0,0,0,0,0,0x10013FC0
1777181767.109,1103988,4,4,ADCS,255,BROADCAST,0,HEARTBEAT,48,HEARTBEAT,0,0,0,0,0,0,0x10013FC0
1777181768.198,1105082,4,4,ADCS,255,BROADCAST,0,HEARTBEAT,48,HEARTBEAT,0,0,0,0,0,0,0x10013FC0
1777181769.293,1106177,4,4,ADCS,255,BROADCAST,0,HEARTBEAT,48,HEARTBEAT,0,0,0,0,0,0,0x10013FC0
1777181770.392,1107271,4,4,ADCS,255,BROADCAST,0,HEARTBEAT,48,HEARTBEAT,0,0,0,0,0,0,0x10013FC0
1777181771.510,1108365,4,4,ADCS,255,BROADCAST,0,HEARTBEAT,48,HEARTBEAT,0,0,0,0,0,0,0x10013FC0
1777181772.576,1109460,4,4,ADCS,255,BROADCAST,0,HEARTBEAT,48,HEARTBEAT,0,0,0,0,0,0,0x10013FC0
1777181773.671,1110555,4,4,ADCS,255,BROADCAST,0,HEARTBEAT,48,HEARTBEAT,0,0,0,0,0,0,0x10013FC0
1777181774.794,1111649,4,4,ADCS,255,BROADCAST,0,HEARTBEAT,48,HEARTBEAT,0,0,0,0,0,0,0x10013FC0
1777181775.860,1112744,4,4,ADCS,255,BROADCAST,0,HEARTBEAT,48,HEARTBEAT,0,0,0,0,0,0,0x10013FC0
1777181776.954,1113838,4,4,ADCS,255,BROADCAST,0,HEARTBEAT,48,HEARTBEAT,0,0,0,0,0,0,0x10013FC0
1777181778.074,1114933,4,4,ADCS,255,BROADCAST,0,HEARTBEAT,48,HEARTBEAT,0,0,0,0,0,0,0x10013FC0
1777181779.143,1116027,4,4,ADCS,255,BROADCAST,0,HEARTBEAT,48,HEARTBEAT,0,0,0,0,0,0,0x10013FC0
1777181780.238,1117121,4,4,ADCS,255,BROADCAST,0,HEARTBEAT,48,HEARTBEAT,0,0,0,0,0,0,0x10013FC0
1777181781.353,1118216,4,4,ADCS,255,BROADCAST,0,HEARTBEAT,48,HEARTBEAT,0,0,0,0,0,0,0x10013FC0
1777181782.427,1119310,4,4,ADCS,255,BROADCAST,0,HEARTBEAT,48,HEARTBEAT,0,0,0,0,0,0,0x10013FC0
1777181783.521,1120405,4,4,ADCS,255,BROADCAST,0,HEARTBEAT,48,HEARTBEAT,0,0,0,0,0,0,0x10013FC0
1777181784.624,1121499,4,4,ADCS,255,BROADCAST,0,HEARTBEAT,48,HEARTBEAT,0,0,0,0,0,0,0x10013FC0
1777181785.710,1122594,4,4,ADCS,255,BROADCAST,0,HEARTBEAT,48,HEARTBEAT,0,0,0,0,0,0,0x10013FC0
1777181786.804,1123688,4,4,ADCS,255,BROADCAST,0,HEARTBEAT,48,HEARTBEAT,0,0,0,0,0,0,0x10013FC0
1777181787.899,1124783,4,4,ADCS,255,BROADCAST,0,HEARTBEAT,48,HEARTBEAT,0,0,0,0,0,0,0x10013FC0
1777181789.023,1125877,4,4,ADCS,255,BROADCAST,0,HEARTBEAT,48,HEARTBEAT,0,0,0,0,0,0,0x10013FC0
1777181790.088,1126972,4,4,ADCS,255,BROADCAST,0,HEARTBEAT,48,HEARTBEAT,0,0,0,0,0,0,0x10013FC0
1777181791.182,1128066,4,4,ADCS,255,BROADCAST,0,HEARTBEAT,48,HEARTBEAT,0,0,0,0,0,0,0x10013FC0
1777181792.313,1129161,4,4,ADCS,255,BROADCAST,0,HEARTBEAT,48,HEARTBEAT,0,0,0,0,0,0,0x10013FC0
1777181793.371,1130255,4,4,ADCS,255,BROADCAST,0,HEARTBEAT,48,HEARTBEAT,0,0,0,0,0,0,0x10013FC0
1777181794.466,1131349,4,4,ADCS,255,BROADCAST,0,HEARTBEAT,48,HEARTBEAT,0,0,0,0,0,0,0x10013FC0
1777181795.581,1132444,4,4,ADCS,255,BROADCAST,0,HEARTBEAT,48,HEARTBEAT,0,0,0,0,0,0,0x10013FC0
1777181796.654,1133538,4,4,ADCS,255,BROADCAST,0,HEARTBEAT,48,HEARTBEAT,0,0,0,0,0,0,0x10013FC0
1777181797.749,1134633,4,4,ADCS,255,BROADCAST,0,HEARTBEAT,48,HEARTBEAT,0,0,0,0,0,0,0x10013FC0
1777181798.860,1135727,4,4,ADCS,255,BROADCAST,0,HEARTBEAT,48,HEARTBEAT,0,0,0,0,0,0,0x10013FC0
1777181799.938,1136821,4,4,ADCS,255,BROADCAST,0,HEARTBEAT,48,HEARTBEAT,0,0,0,0,0,0,0x10013FC0
1777181801.032,1137916,4,4,ADCS,255,BROADCAST,0,HEARTBEAT,48,HEARTBEAT,0,0,0,0,0,0,0x10013FC0
1777181802.135,1139011,4,4,ADCS,255,BROADCAST,0,HEARTBEAT,48,HEARTBEAT,0,0,0,0,0,0,0x10013FC0
1777181803.261,1140105,4,4,ADCS,255,BROADCAST,0,HEARTBEAT,48,HEARTBEAT,0,0,0,0,0,0,0x10013FC0
1777181804.316,1141200,4,4,ADCS,255,BROADCAST,0,HEARTBEAT,48,HEARTBEAT,0,0,0,0,0,0,0x10013FC0
1777181805.411,1142294,4,4,ADCS,255,BROADCAST,0,HEARTBEAT,48,HEARTBEAT,0,0,0,0,0,0,0x10013FC0
1777181806.547,1143389,4,4,ADCS,255,BROADCAST,0,HEARTBEAT,48,HEARTBEAT,0,0,0,0,0,0,0x10013FC0
1777181807.600,1144483,4,4,ADCS,255,BROADCAST,0,HEARTBEAT,48,HEARTBEAT,0,0,0,0,0,0,0x10013FC0
1777181808.694,1145578,4,4,ADCS,255,BROADCAST,0,HEARTBEAT,48,HEARTBEAT,0,0,0,0,0,0,0x10013FC0
1777181809.815,1146672,4,4,ADCS,255,BROADCAST,0,HEARTBEAT,48,HEARTBEAT,0,0,0,0,0,0,0x10013FC0
1777181810.883,1147767,4,4,ADCS,255,BROADCAST,0,HEARTBEAT,48,HEARTBEAT,0,0,0,0,0,0,0x10013FC0
1777181811.978,1148861,4,4,ADCS,255,BROADCAST,0,HEARTBEAT,48,HEARTBEAT,0,0,0,0,0,0,0x10013FC0
1777181813.088,1149956,4,4,ADCS,255,BROADCAST,0,HEARTBEAT,48,HEARTBEAT,0,0,0,0,0,0,0x10013FC0
1777181814.166,1151050,4,4,ADCS,255,BROADCAST,0,HEARTBEAT,48,HEARTBEAT,0,0,0,0,0,0,0x10013FC0
1777181815.262,1152145,4,4,ADCS,255,BROADCAST,0,HEARTBEAT,48,HEARTBEAT,0,0,0,0,0,0,0x10013FC0
1777181816.358,1153239,4,4,ADCS,255,BROADCAST,0,HEARTBEAT,48,HEARTBEAT,0,0,0,0,0,0,0x10013FC0
1777181817.450,1154334,4,4,ADCS,255,BROADCAST,0,HEARTBEAT,48,HEARTBEAT,0,0,0,0,0,0,0x10013FC0
1777181818.545,1155428,4,4,ADCS,255,BROADCAST,0,HEARTBEAT,48,HEARTBEAT,0,0,0,0,0,0,0x10013FC0
1777181819.642,1156523,4,4,ADCS,255,BROADCAST,0,HEARTBEAT,48,HEARTBEAT,0,0,0,0,0,0,0x10013FC0
1777181820.759,1157617,4,4,ADCS,255,BROADCAST,0,HEARTBEAT,48,HEARTBEAT,0,0,0,0,0,0,0x10013FC0
1777181821.829,1158712,4,4,ADCS,255,BROADCAST,0,HEARTBEAT,48,HEARTBEAT,0,0,0,0,0,0,0x10013FC0
1777181822.923,1159806,4,4,ADCS,255,BROADCAST,0,HEARTBEAT,48,HEARTBEAT,0,0,0,0,0,0,0x10013FC0
1777181824.047,1160901,4,4,ADCS,255,BROADCAST,0,HEARTBEAT,48,HEARTBEAT,0,0,0,0,0,0,0x10013FC0
1777181825.112,1161995,4,4,ADCS,255,BROADCAST,0,HEARTBEAT,48,HEARTBEAT,0,0,0,0,0,0,0x10013FC0
1777181826.207,1163090,4,4,ADCS,255,BROADCAST,0,HEARTBEAT,48,HEARTBEAT,0,0,0,0,0,0,0x10013FC0
1777181827.319,1164184,4,4,ADCS,255,BROADCAST,0,HEARTBEAT,48,HEARTBEAT,0,0,0,0,0,0,0x10013FC0
1777181828.395,1165278,4,4,ADCS,255,BROADCAST,0,HEARTBEAT,48,HEARTBEAT,0,0,0,0,0,0,0x10013FC0
1777181829.490,1166373,4,4,ADCS,255,BROADCAST,0,HEARTBEAT,48,HEARTBEAT,0,0,0,0,0,0,0x10013FC0
1777181830.614,1167467,4,4,ADCS,255,BROADCAST,0,HEARTBEAT,48,HEARTBEAT,0,0,0,0,0,0,0x10013FC0
1777181831.678,1168562,4,4,ADCS,255,BROADCAST,0,HEARTBEAT,48,HEARTBEAT,0,0,0,0,0,0,0x10013FC0
1777181832.773,1169656,4,4,ADCS,255,BROADCAST,0,HEARTBEAT,48,HEARTBEAT,0,0,0,0,0,0,0x10013FC0
1777181833.874,1170751,4,4,ADCS,255,BROADCAST,0,HEARTBEAT,48,HEARTBEAT,0,0,0,0,0,0,0x10013FC0
1777181834.962,1171845,4,4,ADCS,255,BROADCAST,0,HEARTBEAT,48,HEARTBEAT,0,0,0,0,0,0,0x10013FC0
1777181836.056,1172940,4,4,ADCS,255,BROADCAST,0,HEARTBEAT,48,HEARTBEAT,0,0,0,0,0,0,0x10013FC0
1777181837.158,1174034,4,4,ADCS,255,BROADCAST,0,HEARTBEAT,48,HEARTBEAT,0,0,0,0,0,0,0x10013FC0
1777181838.856,1175129,4,4,ADCS,255,BROADCAST,0,HEARTBEAT,48,HEARTBEAT,0,0,0,0,0,0,0x10013FC0
1777181839.340,1176223,4,4,ADCS,255,BROADCAST,0,HEARTBEAT,48,HEARTBEAT,0,0,0,0,0,0,0x10013FC0
1777181840.435,1177318,4,4,ADCS,255,BROADCAST,0,HEARTBEAT,48,HEARTBEAT,0,0,0,0,0,0,0x10013FC0
1777181841.559,1178412,4,4,ADCS,255,BROADCAST,0,HEARTBEAT,48,HEARTBEAT,0,0,0,0,0,0,0x10013FC0
1777181842.624,1179507,4,4,ADCS,255,BROADCAST,0,HEARTBEAT,48,HEARTBEAT,0,0,0,0,0,0,0x10013FC0
1777181843.718,1180601,4,4,ADCS,255,BROADCAST,0,HEARTBEAT,48,HEARTBEAT,0,0,0,0,0,0,0x10013FC0
1777181844.838,1181696,4,4,ADCS,255,BROADCAST,0,HEARTBEAT,48,HEARTBEAT,0,0,0,0,0,0,0x10013FC0
1777181845.965,1182790,4,4,ADCS,255,BROADCAST,0,HEARTBEAT,48,HEARTBEAT,0,0,0,0,0,0,0x10013FC0
1777181847.001,1183885,4,4,ADCS,255,BROADCAST,0,HEARTBEAT,48,HEARTBEAT,0,0,0,0,0,0,0x10013FC0
1777181848.105,1184979,4,4,ADCS,255,BROADCAST,0,HEARTBEAT,48,HEARTBEAT,0,0,0,0,0,0,0x10013FC0
1777181849.191,1186074,4,4,ADCS,255,BROADCAST,0,HEARTBEAT,48,HEARTBEAT,0,0,0,0,0,0,0x10013FC0
1777181850.285,1187168,4,4,ADCS,255,BROADCAST,0,HEARTBEAT,48,HEARTBEAT,0,0,0,0,0,0,0x10013FC0
1777181851.429,1188263,4,4,ADCS,255,BROADCAST,0,HEARTBEAT,48,HEARTBEAT,0,0,0,0,0,0,0x10013FC0
1777181852.474,1189358,4,4,ADCS,255,BROADCAST,0,HEARTBEAT,48,HEARTBEAT,0,0,0,0,0,0,0x10013FC0
1777181853.569,1190452,4,4,ADCS,255,BROADCAST,0,HEARTBEAT,48,HEARTBEAT,0,0,0,0,0,0,0x10013FC0
1777181854.667,1191547,4,4,ADCS,255,BROADCAST,0,HEARTBEAT,48,HEARTBEAT,0,0,0,0,0,0,0x10013FC0
1777181855.793,1192641,4,4,ADCS,255,BROADCAST,0,HEARTBEAT,48,HEARTBEAT,0,0,0,0,0,0,0x10013FC0
1777181856.853,1193736,4,4,ADCS,255,BROADCAST,0,HEARTBEAT,48,HEARTBEAT,0,0,0,0,0,0,0x10013FC0
1777181857.948,1194830,4,4,ADCS,255,BROADCAST,0,HEARTBEAT,48,HEARTBEAT,0,0,0,0,0,0,0x10013FC0
1777181859.074,1195925,4,4,ADCS,255,BROADCAST,0,HEARTBEAT,48,HEARTBEAT,0,0,0,0,0,0,0x10013FC0
1777181860.136,1197020,4,4,ADCS,255,BROADCAST,0,HEARTBEAT,48,HEARTBEAT,0,0,0,0,0,0,0x10013FC0
1777181861.232,1198114,4,4,ADCS,255,BROADCAST,0,HEARTBEAT,48,HEARTBEAT,0,0,0,0,0,0,0x10013FC0
1777181862.348,1199209,4,4,ADCS,255,BROADCAST,0,HEARTBEAT,48,HEARTBEAT,0,0,0,0,0,0,0x10013FC0
1777181863.421,1200303,4,4,ADCS,255,BROADCAST,0,HEARTBEAT,48,HEARTBEAT,0,0,0,0,0,0,0x10013FC0
1777181864.515,1201398,4,4,ADCS,255,BROADCAST,0,HEARTBEAT,48,HEARTBEAT,0,0,0,0,0,0,0x10013FC0
1777181865.621,1202492,4,4,ADCS,255,BROADCAST,0,HEARTBEAT,48,HEARTBEAT,0,0,0,0,0,0,0x10013FC0
1777181866.705,1203587,4,4,ADCS,255,BROADCAST,0,HEARTBEAT,48,HEARTBEAT,0,0,0,0,0,0,0x10013FC0
1777181867.798,1204682,4,4,ADCS,255,BROADCAST,0,HEARTBEAT,48,HEARTBEAT,0,0,0,0,0,0,0x10013FC0
1777181868.904,1205776,4,4,ADCS,255,BROADCAST,0,HEARTBEAT,48,HEARTBEAT,0,0,0,0,0,0,0x10013FC0
1777181869.987,1206871,4,4,ADCS,255,BROADCAST,0,HEARTBEAT,48,HEARTBEAT,0,0,0,0,0,0,0x10013FC0
1777181871.083,1207965,4,4,ADCS,255,BROADCAST,0,HEARTBEAT,48,HEARTBEAT,0,0,0,0,0,0,0x10013FC0
1777181872.180,1209060,4,4,ADCS,255,BROADCAST,0,HEARTBEAT,48,HEARTBEAT,0,0,0,0,0,0,0x10013FC0
1777181873.299,1210154,4,4,ADCS,255,BROADCAST,0,HEARTBEAT,48,HEARTBEAT,0,0,0,0,0,0,0x10013FC0
1777181874.366,1211249,4,4,ADCS,255,BROADCAST,0,HEARTBEAT,48,HEARTBEAT,0,0,0,0,0,0,0x10013FC0
1777181875.460,1212343,4,4,ADCS,255,BROADCAST,0,HEARTBEAT,48,HEARTBEAT,0,0,0,0,0,0,0x10013FC0
1777181876.583,1213438,4,4,ADCS,255,BROADCAST,0,HEARTBEAT,48,HEARTBEAT,0,0,0,0,0,0,0x10013FC0
1777181877.650,1214533,4,4,ADCS,255,BROADCAST,0,HEARTBEAT,48,HEARTBEAT,0,0,0,0,0,0,0x10013FC0
1777181878.744,1215627,4,4,ADCS,255,BROADCAST,0,HEARTBEAT,48,HEARTBEAT,0,0,0,0,0,0,0x10013FC0
1777181879.853,1216722,4,4,ADCS,255,BROADCAST,0,HEARTBEAT,48,HEARTBEAT,0,0,0,0,0,0,0x10013FC0
1777181880.933,1217816,4,4,ADCS,255,BROADCAST,0,HEARTBEAT,48,HEARTBEAT,0,0,0,0,0,0,0x10013FC0
1777181882.028,1218911,4,4,ADCS,255,BROADCAST,0,HEARTBEAT,48,HEARTBEAT,0,0,0,0,0,0,0x10013FC0
1777181883.135,1220005,4,4,ADCS,255,BROADCAST,0,HEARTBEAT,48,HEARTBEAT,0,0,0,0,0,0,0x10013FC0
1777181884.217,1221100,4,4,ADCS,255,BROADCAST,0,HEARTBEAT,48,HEARTBEAT,0,0,0,0,0,0,0x10013FC0
1777181885.312,1222194,4,4,ADCS,255,BROADCAST,0,HEARTBEAT,48,HEARTBEAT,0,0,0,0,0,0,0x10013FC0
1777181886.414,1223289,4,4,ADCS,255,BROADCAST,0,HEARTBEAT,48,HEARTBEAT,0,0,0,0,0,0,0x10013FC0
1777181887.534,1224383,4,4,ADCS,255,BROADCAST,0,HEARTBEAT,48,HEARTBEAT,0,0,0,0,0,0,0x10013FC0
1777181888.595,1225478,4,4,ADCS,255,BROADCAST,0,HEARTBEAT,48,HEARTBEAT,0,0,0,0,0,0,0x10013FC0
1777181889.690,1226572,4,4,ADCS,255,BROADCAST,0,HEARTBEAT,48,HEARTBEAT,0,0,0,0,0,0,0x10013FC0
1777181890.807,1227667,4,4,ADCS,255,BROADCAST,0,HEARTBEAT,48,HEARTBEAT,0,0,0,0,0,0,0x10013FC0
1777181891.878,1228761,4,4,ADCS,255,BROADCAST,0,HEARTBEAT,48,HEARTBEAT,0,0,0,0,0,0,0x10013FC0
1777181892.973,1229856,4,4,ADCS,255,BROADCAST,0,HEARTBEAT,48,HEARTBEAT,0,0,0,0,0,0,0x10013FC0
1777181894.091,1230950,4,4,ADCS,255,BROADCAST,0,HEARTBEAT,48,HEARTBEAT,0,0,0,0,0,0,0x10013FC0
1777181895.162,1232045,4,4,ADCS,255,BROADCAST,0,HEARTBEAT,48,HEARTBEAT,0,0,0,0,0,0,0x10013FC0
1777181896.256,1233139,4,4,ADCS,255,BROADCAST,0,HEARTBEAT,48,HEARTBEAT,0,0,0,0,0,0,0x10013FC0
1777181897.363,1234234,4,4,ADCS,255,BROADCAST,0,HEARTBEAT,48,HEARTBEAT,0,0,0,0,0,0,0x10013FC0
1777181898.450,1235328,4,4,ADCS,255,BROADCAST,0,HEARTBEAT,48,HEARTBEAT,0,0,0,0,0,0,0x10013FC0
1777181899.540,1236422,4,4,ADCS,255,BROADCAST,0,HEARTBEAT,48,HEARTBEAT,0,0,0,0,0,0,0x10013FC0
1777181900.638,1237517,4,4,ADCS,255,BROADCAST,0,HEARTBEAT,48,HEARTBEAT,0,0,0,0,0,0,0x10013FC0
1777181901.729,1238611,4,4,ADCS,255,BROADCAST,0,HEARTBEAT,48,HEARTBEAT,0,0,0,0,0,0,0x10013FC0
1777181902.824,1239706,4,4,ADCS,255,BROADCAST,0,HEARTBEAT,48,HEARTBEAT,0,0,0,0,0,0,0x10013FC0
1777181903.924,1240800,4,4,ADCS,255,BROADCAST,0,HEARTBEAT,48,HEARTBEAT,0,0,0,0,0,0,0x10013FC0
1777181905.047,1241895,4,4,ADCS,255,BROADCAST,0,HEARTBEAT,48,HEARTBEAT,0,0,0,0,0,0,0x10013FC0
1777181906.107,1242989,4,4,ADCS,255,BROADCAST,0,HEARTBEAT,48,HEARTBEAT,0,0,0,0,0,0,0x10013FC0
1777181907.202,1244084,4,4,ADCS,255,BROADCAST,0,HEARTBEAT,48,HEARTBEAT,0,0,0,0,0,0,0x10013FC0
1777181908.326,1245178,4,4,ADCS,255,BROADCAST,0,HEARTBEAT,48,HEARTBEAT,0,0,0,0,0,0,0x10013FC0
1777181909.391,1246273,4,4,ADCS,255,BROADCAST,0,HEARTBEAT,48,HEARTBEAT,0,0,0,0,0,0,0x10013FC0
1777181910.487,1247368,4,4,ADCS,255,BROADCAST,0,HEARTBEAT,48,HEARTBEAT,0,0,0,0,0,0,0x10013FC0
1777181911.601,1248462,4,4,ADCS,255,BROADCAST,0,HEARTBEAT,48,HEARTBEAT,0,0,0,0,0,0,0x10013FC0
1777181912.674,1249557,4,4,ADCS,255,BROADCAST,0,HEARTBEAT,48,HEARTBEAT,0,0,0,0,0,0,0x10013FC0
1777181913.769,1250651,4,4,ADCS,255,BROADCAST,0,HEARTBEAT,48,HEARTBEAT,0,0,0,0,0,0,0x10013FC0
1777181914.881,1251746,4,4,ADCS,255,BROADCAST,0,HEARTBEAT,48,HEARTBEAT,0,0,0,0,0,0,0x10013FC0
1777181915.958,1252840,4,4,ADCS,255,BROADCAST,0,HEARTBEAT,48,HEARTBEAT,0,0,0,0,0,0,0x10013FC0
1777181917.053,1253936,4,4,ADCS,255,BROADCAST,0,HEARTBEAT,48,HEARTBEAT,0,0,0,0,0,0,0x10013FC0
1777181918.160,1255029,4,4,ADCS,255,BROADCAST,0,HEARTBEAT,48,HEARTBEAT,0,0,0,0,0,0,0x10013FC0
1777181919.242,1256124,4,4,ADCS,255,BROADCAST,0,HEARTBEAT,48,HEARTBEAT,0,0,0,0,0,0,0x10013FC0
1777181920.336,1257218,4,4,ADCS,255,BROADCAST,0,HEARTBEAT,48,HEARTBEAT,0,0,0,0,0,0,0x10013FC0
1777181921.431,1258313,4,4,ADCS,255,BROADCAST,0,HEARTBEAT,48,HEARTBEAT,0,0,0,0,0,0,0x10013FC0
1777181922.552,1259407,4,4,ADCS,255,BROADCAST,0,HEARTBEAT,48,HEARTBEAT,0,0,0,0,0,0,0x10013FC0
1777181923.620,1260502,4,4,ADCS,255,BROADCAST,0,HEARTBEAT,48,HEARTBEAT,0,0,0,0,0,0,0x10013FC0
1777181924.713,1261596,4,4,ADCS,255,BROADCAST,0,HEARTBEAT,48,HEARTBEAT,0,0,0,0,0,0,0x10013FC0
1777181925.828,1262691,4,4,ADCS,255,BROADCAST,0,HEARTBEAT,48,HEARTBEAT,0,0,0,0,0,0,0x10013FC0
1777181926.903,1263785,4,4,ADCS,255,BROADCAST,0,HEARTBEAT,48,HEARTBEAT,0,0,0,0,0,0,0x10013FC0
1777181927.998,1264880,4,4,ADCS,255,BROADCAST,0,HEARTBEAT,48,HEARTBEAT,0,0,0,0,0,0,0x10013FC0
1777181929.113,1265974,4,4,ADCS,255,BROADCAST,0,HEARTBEAT,48,HEARTBEAT,0,0,0,0,0,0,0x10013FC0
1777181930.186,1267069,4,4,ADCS,255,BROADCAST,0,HEARTBEAT,48,HEARTBEAT,0,0,0,0,0,0,0x10013FC0
1777181931.281,1268163,4,4,ADCS,255,BROADCAST,0,HEARTBEAT,48,HEARTBEAT,0,0,0,0,0,0,0x10013FC0
1777181932.389,1269258,4,4,ADCS,255,BROADCAST,0,HEARTBEAT,48,HEARTBEAT,0,0,0,0,0,0,0x10013FC0
1777181933.470,1270352,4,4,ADCS,255,BROADCAST,0,HEARTBEAT,48,HEARTBEAT,0,0,0,0,0,0,0x10013FC0
1777181934.564,1271447,4,4,ADCS,255,BROADCAST,0,HEARTBEAT,48,HEARTBEAT,0,0,0,0,0,0,0x10013FC0
1777181935.669,1272541,4,4,ADCS,255,BROADCAST,0,HEARTBEAT,48,HEARTBEAT,0,0,0,0,0,0,0x10013FC0
1777181936.754,1273636,4,4,ADCS,255,BROADCAST,0,HEARTBEAT,48,HEARTBEAT,0,0,0,0,0,0,0x10013FC0
1777181937.849,1274730,4,4,ADCS,255,BROADCAST,0,HEARTBEAT,48,HEARTBEAT,0,0,0,0,0,0,0x10013FC0
1777181938.947,1275825,4,4,ADCS,255,BROADCAST,0,HEARTBEAT,48,HEARTBEAT,0,0,0,0,0,0,0x10013FC0
1777181940.063,1276920,4,4,ADCS,255,BROADCAST,0,HEARTBEAT,48,HEARTBEAT,0,0,0,0,0,0,0x10013FC0
1777181941.134,1278014,4,4,ADCS,255,BROADCAST,0,HEARTBEAT,48,HEARTBEAT,0,0,0,0,0,0,0x10013FC0
1777181942.226,1279109,4,4,ADCS,255,BROADCAST,0,HEARTBEAT,48,HEARTBEAT,0,0,0,0,0,0,0x10013FC0
1777181943.336,1280203,4,4,ADCS,255,BROADCAST,0,HEARTBEAT,48,HEARTBEAT,0,0,0,0,0,0,0x10013FC0
1777181944.415,1281298,4,4,ADCS,255,BROADCAST,0,HEARTBEAT,48,HEARTBEAT,0,0,0,0,0,0,0x10013FC0
1777181945.510,1282392,4,4,ADCS,255,BROADCAST,0,HEARTBEAT,48,HEARTBEAT,0,0,0,0,0,0,0x10013FC0
1777181946.621,1283487,4,4,ADCS,255,BROADCAST,0,HEARTBEAT,48,HEARTBEAT,0,0,0,0,0,0,0x10013FC0
1777181947.699,1284581,4,4,ADCS,255,BROADCAST,0,HEARTBEAT,48,HEARTBEAT,0,0,0,0,0,0,0x10013FC0
1777181948.793,1285676,4,4,ADCS,255,BROADCAST,0,HEARTBEAT,48,HEARTBEAT,0,0,0,0,0,0,0x10013FC0
1777181949.903,1286770,4,4,ADCS,255,BROADCAST,0,HEARTBEAT,48,HEARTBEAT,0,0,0,0,0,0,0x10013FC0
1777181950.983,1287865,4,4,ADCS,255,BROADCAST,0,HEARTBEAT,48,HEARTBEAT,0,0,0,0,0,0,0x10013FC0
1777181952.077,1288959,4,4,ADCS,255,BROADCAST,0,HEARTBEAT,48,HEARTBEAT,0,0,0,0,0,0,0x10013FC0
1777181953.178,1290054,4,4,ADCS,255,BROADCAST,0,HEARTBEAT,48,HEARTBEAT,0,0,0,0,0,0,0x10013FC0
1777181954.306,1291148,4,4,ADCS,255,BROADCAST,0,HEARTBEAT,48,HEARTBEAT,0,0,0,0,0,0,0x10013FC0
1777181955.361,1292243,4,4,ADCS,255,BROADCAST,0,HEARTBEAT,48,HEARTBEAT,0,0,0,0,0,0,0x10013FC0
1777181956.457,1293337,4,4,ADCS,255,BROADCAST,0,HEARTBEAT,48,HEARTBEAT,0,0,0,0,0,0,0x10013FC0
1777181957.589,1294432,4,4,ADCS,255,BROADCAST,0,HEARTBEAT,48,HEARTBEAT,0,0,0,0,0,0,0x10013FC0
1777181958.644,1295526,4,4,ADCS,255,BROADCAST,0,HEARTBEAT,48,HEARTBEAT,0,0,0,0,0,0,0x10013FC0
1777181959.743,1296621,4,4,ADCS,255,BROADCAST,0,HEARTBEAT,48,HEARTBEAT,0,0,0,0,0,0,0x10013FC0
1777181960.861,1297715,4,4,ADCS,255,BROADCAST,0,HEARTBEAT,48,HEARTBEAT,0,0,0,0,0,0,0x10013FC0
1777181961.928,1298810,4,4,ADCS,255,BROADCAST,0,HEARTBEAT,48,HEARTBEAT,0,0,0,0,0,0,0x10013FC0
1777181963.022,1299904,4,4,ADCS,255,BROADCAST,0,HEARTBEAT,48,HEARTBEAT,0,0,0,0,0,0,0x10013FC0
1777181964.146,1300999,4,4,ADCS,255,BROADCAST,0,HEARTBEAT,48,HEARTBEAT,0,0,0,0,0,0,0x10013FC0
1777181965.212,1302094,4,4,ADCS,255,BROADCAST,0,HEARTBEAT,48,HEARTBEAT,0,0,0,0,0,0,0x10013FC0
1777181966.306,1303188,4,4,ADCS,255,BROADCAST,0,HEARTBEAT,48,HEARTBEAT,0,0,0,0,0,0,0x10013FC0
1777181967.406,1304283,4,4,ADCS,255,BROADCAST,0,HEARTBEAT,48,HEARTBEAT,0,0,0,0,0,0,0x10013FC0
1777181968.495,1305377,4,4,ADCS,255,BROADCAST,0,HEARTBEAT,48,HEARTBEAT,0,0,0,0,0,0,0x10013FC0
1777181969.590,1306472,4,4,ADCS,255,BROADCAST,0,HEARTBEAT,48,HEARTBEAT,0,0,0,0,0,0,0x10013FC0
1777181970.684,1307566,4,4,ADCS,255,BROADCAST,0,HEARTBEAT,48,HEARTBEAT,0,0,0,0,0,0,0x10013FC0
1777181971.807,1308661,4,4,ADCS,255,BROADCAST,0,HEARTBEAT,48,HEARTBEAT,0,0,0,0,0,0,0x10013FC0
1777181972.874,1309755,4,4,ADCS,255,BROADCAST,0,HEARTBEAT,48,HEARTBEAT,0,0,0,0,0,0,0x10013FC0
1777181973.968,1310850,4,4,ADCS,255,BROADCAST,0,HEARTBEAT,48,HEARTBEAT,0,0,0,0,0,0,0x10013FC0
1777181975.087,1311944,4,4,ADCS,255,BROADCAST,0,HEARTBEAT,48,HEARTBEAT,0,0,0,0,0,0,0x10013FC0
1777181976.157,1313039,4,4,ADCS,255,BROADCAST,0,HEARTBEAT,48,HEARTBEAT,0,0,0,0,0,0,0x10013FC0
1777181977.252,1314133,4,4,ADCS,255,BROADCAST,0,HEARTBEAT,48,HEARTBEAT,0,0,0,0,0,0,0x10013FC0
1777181978.369,1315228,4,4,ADCS,255,BROADCAST,0,HEARTBEAT,48,HEARTBEAT,0,0,0,0,0,0,0x10013FC0
1777181979.442,1316322,4,4,ADCS,255,BROADCAST,0,HEARTBEAT,48,HEARTBEAT,0,0,0,0,0,0,0x10013FC0
1777181980.535,1317417,4,4,ADCS,255,BROADCAST,0,HEARTBEAT,48,HEARTBEAT,0,0,0,0,0,0,0x10013FC0
1777181981.644,1318512,4,4,ADCS,255,BROADCAST,0,HEARTBEAT,48,HEARTBEAT,0,0,0,0,0,0,0x10013FC0
1777181982.724,1319606,4,4,ADCS,255,BROADCAST,0,HEARTBEAT,48,HEARTBEAT,0,0,0,0,0,0,0x10013FC0
1777181983.819,1320701,4,4,ADCS,255,BROADCAST,0,HEARTBEAT,48,HEARTBEAT,0,0,0,0,0,0,0x10013FC0
1777181984.924,1321795,4,4,ADCS,255,BROADCAST,0,HEARTBEAT,48,HEARTBEAT,0,0,0,0,0,0,0x10013FC0
1777181986.007,1322890,4,4,ADCS,255,BROADCAST,0,HEARTBEAT,48,HEARTBEAT,0,0,0,0,0,0,0x10013FC0
1777181987.102,1323984,4,4,ADCS,255,BROADCAST,0,HEARTBEAT,48,HEARTBEAT,0,0,0,0,0,0,0x10013FC0
1777181988.203,1325078,4,4,ADCS,255,BROADCAST,0,HEARTBEAT,48,HEARTBEAT,0,0,0,0,0,0,0x10013FC0
1777181989.323,1326173,4,4,ADCS,255,BROADCAST,0,HEARTBEAT,48,HEARTBEAT,0,0,0,0,0,0,0x10013FC0
1777181990.386,1327267,4,4,ADCS,255,BROADCAST,0,HEARTBEAT,48,HEARTBEAT,0,0,0,0,0,0,0x10013FC0
1777181991.481,1328362,4,4,ADCS,255,BROADCAST,0,HEARTBEAT,48,HEARTBEAT,0,0,0,0,0,0,0x10013FC0
1777181992.603,1329457,4,4,ADCS,255,BROADCAST,0,HEARTBEAT,48,HEARTBEAT,0,0,0,0,0,0,0x10013FC0
1777181993.670,1330551,4,4,ADCS,255,BROADCAST,0,HEARTBEAT,48,HEARTBEAT,0,0,0,0,0,0,0x10013FC0
1777181994.765,1331646,4,4,ADCS,255,BROADCAST,0,HEARTBEAT,48,HEARTBEAT,0,0,0,0,0,0,0x10013FC0
1777181995.873,1332740,4,4,ADCS,255,BROADCAST,0,HEARTBEAT,48,HEARTBEAT,0,0,0,0,0,0,0x10013FC0
1777181996.953,1333835,4,4,ADCS,255,BROADCAST,0,HEARTBEAT,48,HEARTBEAT,0,0,0,0,0,0,0x10013FC0
1777181998.048,1334929,4,4,ADCS,255,BROADCAST,0,HEARTBEAT,48,HEARTBEAT,0,0,0,0,0,0,0x10013FC0
1777181999.152,1336024,4,4,ADCS,255,BROADCAST,0,HEARTBEAT,48,HEARTBEAT,0,0,0,0,0,0,0x10013FC0
1777182000.237,1337118,4,4,ADCS,255,BROADCAST,0,HEARTBEAT,48,HEARTBEAT,0,0,0,0,0,0,0x10013FC0
1777182001.331,1338213,4,4,ADCS,255,BROADCAST,0,HEARTBEAT,48,HEARTBEAT,0,0,0,0,0,0,0x10013FC0
1777182002.436,1339307,4,4,ADCS,255,BROADCAST,0,HEARTBEAT,48,HEARTBEAT,0,0,0,0,0,0,0x10013FC0
1777182003.521,1340402,4,4,ADCS,255,BROADCAST,0,HEARTBEAT,48,HEARTBEAT,0,0,0,0,0,0,0x10013FC0
1777182004.615,1341496,4,4,ADCS,255,BROADCAST,0,HEARTBEAT,48,HEARTBEAT,0,0,0,0,0,0,0x10013FC0
1777182005.713,1342591,4,4,ADCS,255,BROADCAST,0,HEARTBEAT,48,HEARTBEAT,0,0,0,0,0,0,0x10013FC0
1777182006.839,1343685,4,4,ADCS,255,BROADCAST,0,HEARTBEAT,48,HEARTBEAT,0,0,0,0,0,0,0x10013FC0
1777182007.898,1344780,4,4,ADCS,255,BROADCAST,0,HEARTBEAT,48,HEARTBEAT,0,0,0,0,0,0,0x10013FC0
1777182008.993,1345874,4,4,ADCS,255,BROADCAST,0,HEARTBEAT,48,HEARTBEAT,0,0,0,0,0,0,0x10013FC0
1777182010.109,1346969,4,4,ADCS,255,BROADCAST,0,HEARTBEAT,48,HEARTBEAT,0,0,0,0,0,0,0x10013FC0
1777182011.183,1348063,4,4,ADCS,255,BROADCAST,0,HEARTBEAT,48,HEARTBEAT,0,0,0,0,0,0,0x10013FC0
1777182012.276,1349157,4,4,ADCS,255,BROADCAST,0,HEARTBEAT,48,HEARTBEAT,0,0,0,0,0,0,0x10013FC0
1777182013.385,1350252,4,4,ADCS,255,BROADCAST,0,HEARTBEAT,48,HEARTBEAT,0,0,0,0,0,0,0x10013FC0
1777182014.465,1351346,4,4,ADCS,255,BROADCAST,0,HEARTBEAT,48,HEARTBEAT,0,0,0,0,0,0,0x10013FC0
1777182015.559,1352441,4,4,ADCS,255,BROADCAST,0,HEARTBEAT,48,HEARTBEAT,0,0,0,0,0,0,0x10013FC0
1777182016.661,1353535,4,4,ADCS,255,BROADCAST,0,HEARTBEAT,48,HEARTBEAT,0,0,0,0,0,0,0x10013FC0
1777182017.749,1354630,4,4,ADCS,255,BROADCAST,0,HEARTBEAT,48,HEARTBEAT,0,0,0,0,0,0,0x10013FC0
1777182018.843,1355724,4,4,ADCS,255,BROADCAST,0,HEARTBEAT,48,HEARTBEAT,0,0,0,0,0,0,0x10013FC0
1777182019.948,1356819,4,4,ADCS,255,BROADCAST,0,HEARTBEAT,48,HEARTBEAT,0,0,0,0,0,0,0x10013FC0
1777182021.032,1357913,4,4,ADCS,255,BROADCAST,0,HEARTBEAT,48,HEARTBEAT,0,0,0,0,0,0,0x10013FC0
1777182022.127,1359008,4,4,ADCS,255,BROADCAST,0,HEARTBEAT,48,HEARTBEAT,0,0,0,0,0,0,0x10013FC0
1777182023.222,1360102,4,4,ADCS,255,BROADCAST,0,HEARTBEAT,48,HEARTBEAT,0,0,0,0,0,0,0x10013FC0
1777182024.344,1361197,4,4,ADCS,255,BROADCAST,0,HEARTBEAT,48,HEARTBEAT,0,0,0,0,0,0,0x10013FC0
1777182025.410,1362291,4,4,ADCS,255,BROADCAST,0,HEARTBEAT,48,HEARTBEAT,0,0,0,0,0,0,0x10013FC0
1777182026.504,1363386,4,4,ADCS,255,BROADCAST,0,HEARTBEAT,48,HEARTBEAT,0,0,0,0,0,0,0x10013FC0
1777182027.612,1364480,4,4,ADCS,255,BROADCAST,0,HEARTBEAT,48,HEARTBEAT,0,0,0,0,0,0,0x10013FC0
1777182028.693,1365575,4,4,ADCS,255,BROADCAST,0,HEARTBEAT,48,HEARTBEAT,0,0,0,0,0,0,0x10013FC0
1777182029.788,1366669,4,4,ADCS,255,BROADCAST,0,HEARTBEAT,48,HEARTBEAT,0,0,0,0,0,0,0x10013FC0
1777182030.891,1367764,4,4,ADCS,255,BROADCAST,0,HEARTBEAT,48,HEARTBEAT,0,0,0,0,0,0,0x10013FC0
1777182031.977,1368858,4,4,ADCS,255,BROADCAST,0,HEARTBEAT,48,HEARTBEAT,0,0,0,0,0,0,0x10013FC0
1777182033.071,1369953,4,4,ADCS,255,BROADCAST,0,HEARTBEAT,48,HEARTBEAT,0,0,0,0,0,0,0x10013FC0
1777182034.180,1371047,4,4,ADCS,255,BROADCAST,0,HEARTBEAT,48,HEARTBEAT,0,0,0,0,0,0,0x10013FC0
1777182035.260,1372142,4,4,ADCS,255,BROADCAST,0,HEARTBEAT,48,HEARTBEAT,0,0,0,0,0,0,0x10013FC0
1777182036.355,1373236,4,4,ADCS,255,BROADCAST,0,HEARTBEAT,48,HEARTBEAT,0,0,0,0,0,0,0x10013FC0
1777182037.449,1374331,4,4,ADCS,255,BROADCAST,0,HEARTBEAT,48,HEARTBEAT,0,0,0,0,0,0,0x10013FC0
1777182038.585,1375425,4,4,ADCS,255,BROADCAST,0,HEARTBEAT,48,HEARTBEAT,0,0,0,0,0,0,0x10013FC0
1777182039.639,1376520,4,4,ADCS,255,BROADCAST,0,HEARTBEAT,48,HEARTBEAT,0,0,0,0,0,0,0x10013FC0
1777182040.735,1377614,4,4,ADCS,255,BROADCAST,0,HEARTBEAT,48,HEARTBEAT,0,0,0,0,0,0,0x10013FC0
1777182041.847,1378709,4,4,ADCS,255,BROADCAST,0,HEARTBEAT,48,HEARTBEAT,0,0,0,0,0,0,0x10013FC0
1777182042.923,1379803,4,4,ADCS,255,BROADCAST,0,HEARTBEAT,48,HEARTBEAT,0,0,0,0,0,0,0x10013FC0
1777182044.017,1380898,4,4,ADCS,255,BROADCAST,0,HEARTBEAT,48,HEARTBEAT,0,0,0,0,0,0,0x10013FC0
1777182045.125,1381992,4,4,ADCS,255,BROADCAST,0,HEARTBEAT,48,HEARTBEAT,0,0,0,0,0,0,0x10013FC0
1777182046.206,1383087,4,4,ADCS,255,BROADCAST,0,HEARTBEAT,48,HEARTBEAT,0,0,0,0,0,0,0x10013FC0
1777182047.300,1384181,4,4,ADCS,255,BROADCAST,0,HEARTBEAT,48,HEARTBEAT,0,0,0,0,0,0,0x10013FC0
1777182048.402,1385276,4,4,ADCS,255,BROADCAST,0,HEARTBEAT,48,HEARTBEAT,0,0,0,0,0,0,0x10013FC0
1777182049.489,1386370,4,4,ADCS,255,BROADCAST,0,HEARTBEAT,48,HEARTBEAT,0,0,0,0,0,0,0x10013FC0
1777182050.584,1387465,4,4,ADCS,255,BROADCAST,0,HEARTBEAT,48,HEARTBEAT,0,0,0,0,0,0,0x10013FC0
1777182051.692,1388559,4,4,ADCS,255,BROADCAST,0,HEARTBEAT,48,HEARTBEAT,0,0,0,0,0,0,0x10013FC0
1777182052.773,1389654,4,4,ADCS,255,BROADCAST,0,HEARTBEAT,48,HEARTBEAT,0,0,0,0,0,0,0x10013FC0
1777182053.867,1390748,4,4,ADCS,255,BROADCAST,0,HEARTBEAT,48,HEARTBEAT,0,0,0,0,0,0,0x10013FC0
1777182054.968,1391843,4,4,ADCS,255,BROADCAST,0,HEARTBEAT,48,HEARTBEAT,0,0,0,0,0,0,0x10013FC0
1777182056.093,1392937,4,4,ADCS,255,BROADCAST,0,HEARTBEAT,48,HEARTBEAT,0,0,0,0,0,0,0x10013FC0
1777182057.151,1394032,4,4,ADCS,255,BROADCAST,0,HEARTBEAT,48,HEARTBEAT,0,0,0,0,0,0,0x10013FC0
1777182058.246,1395126,4,4,ADCS,255,BROADCAST,0,HEARTBEAT,48,HEARTBEAT,0,0,0,0,0,0,0x10013FC0
1777182059.369,1396221,4,4,ADCS,255,BROADCAST,0,HEARTBEAT,48,HEARTBEAT,0,0,0,0,0,0,0x10013FC0
1777182060.434,1397315,4,4,ADCS,255,BROADCAST,0,HEARTBEAT,48,HEARTBEAT,0,0,0,0,0,0,0x10013FC0
1777182061.529,1398410,4,4,ADCS,255,BROADCAST,0,HEARTBEAT,48,HEARTBEAT,0,0,0,0,0,0,0x10013FC0
1777182062.638,1399504,4,4,ADCS,255,BROADCAST,0,HEARTBEAT,48,HEARTBEAT,0,0,0,0,0,0,0x10013FC0
1777182063.718,1400599,4,4,ADCS,255,BROADCAST,0,HEARTBEAT,48,HEARTBEAT,0,0,0,0,0,0,0x10013FC0
1777182064.812,1401693,4,4,ADCS,255,BROADCAST,0,HEARTBEAT,48,HEARTBEAT,0,0,0,0,0,0,0x10013FC0
1777182065.921,1402788,4,4,ADCS,255,BROADCAST,0,HEARTBEAT,48,HEARTBEAT,0,0,0,0,0,0,0x10013FC0
1777182067.002,1403882,4,4,ADCS,255,BROADCAST,0,HEARTBEAT,48,HEARTBEAT,0,0,0,0,0,0,0x10013FC0
1777182068.098,1404977,4,4,ADCS,255,BROADCAST,0,HEARTBEAT,48,HEARTBEAT,0,0,0,0,0,0,0x10013FC0
1777182069.200,1406071,4,4,ADCS,255,BROADCAST,0,HEARTBEAT,48,HEARTBEAT,0,0,0,0,0,0,0x10013FC0
1777182070.285,1407166,4,4,ADCS,255,BROADCAST,0,HEARTBEAT,48,HEARTBEAT,0,0,0,0,0,0,0x10013FC0
1777182071.379,1408260,4,4,ADCS,255,BROADCAST,0,HEARTBEAT,48,HEARTBEAT,0,0,0,0,0,0,0x10013FC0
1777182072.475,1409355,4,4,ADCS,255,BROADCAST,0,HEARTBEAT,48,HEARTBEAT,0,0,0,0,0,0,0x10013FC0
1777182073.595,1410449,4,4,ADCS,255,BROADCAST,0,HEARTBEAT,48,HEARTBEAT,0,0,0,0,0,0,0x10013FC0
1777182074.663,1411544,4,4,ADCS,255,BROADCAST,0,HEARTBEAT,48,HEARTBEAT,0,0,0,0,0,0,0x10013FC0
1777182075.758,1412639,4,4,ADCS,255,BROADCAST,0,HEARTBEAT,48,HEARTBEAT,0,0,0,0,0,0,0x10013FC0
1777182076.871,1413733,4,4,ADCS,255,BROADCAST,0,HEARTBEAT,48,HEARTBEAT,0,0,0,0,0,0,0x10013FC0
1777182077.947,1414828,4,4,ADCS,255,BROADCAST,0,HEARTBEAT,48,HEARTBEAT,0,0,0,0,0,0,0x10013FC0
1777182079.042,1415922,4,4,ADCS,255,BROADCAST,0,HEARTBEAT,48,HEARTBEAT,0,0,0,0,0,0,0x10013FC0
1777182080.157,1417017,4,4,ADCS,255,BROADCAST,0,HEARTBEAT,48,HEARTBEAT,0,0,0,0,0,0,0x10013FC0
1777182081.231,1418111,4,4,ADCS,255,BROADCAST,0,HEARTBEAT,48,HEARTBEAT,0,0,0,0,0,0,0x10013FC0
1777182082.325,1419206,4,4,ADCS,255,BROADCAST,0,HEARTBEAT,48,HEARTBEAT,0,0,0,0,0,0,0x10013FC0
1777182083.435,1420300,4,4,ADCS,255,BROADCAST,0,HEARTBEAT,48,HEARTBEAT,0,0,0,0,0,0,0x10013FC0
1777182084.514,1421395,4,4,ADCS,255,BROADCAST,0,HEARTBEAT,48,HEARTBEAT,0,0,0,0,0,0,0x10013FC0
1777182085.609,1422489,4,4,ADCS,255,BROADCAST,0,HEARTBEAT,48,HEARTBEAT,0,0,0,0,0,0,0x10013FC0
1777182086.709,1423584,4,4,ADCS,255,BROADCAST,0,HEARTBEAT,48,HEARTBEAT,0,0,0,0,0,0,0x10013FC0
1777182087.798,1424678,4,4,ADCS,255,BROADCAST,0,HEARTBEAT,48,HEARTBEAT,0,0,0,0,0,0,0x10013FC0
1777182088.893,1425773,4,4,ADCS,255,BROADCAST,0,HEARTBEAT,48,HEARTBEAT,0,0,0,0,0,0,0x10013FC0
1777182089.990,1426867,4,4,ADCS,255,BROADCAST,0,HEARTBEAT,48,HEARTBEAT,0,0,0,0,0,0,0x10013FC0
1777182091.126,1427962,4,4,ADCS,255,BROADCAST,0,HEARTBEAT,48,HEARTBEAT,0,0,0,0,0,0,0x10013FC0
1777182092.176,1429056,4,4,ADCS,255,BROADCAST,0,HEARTBEAT,48,HEARTBEAT,0,0,0,0,0,0,0x10013FC0
1777182093.270,1430151,4,4,ADCS,255,BROADCAST,0,HEARTBEAT,48,HEARTBEAT,0,0,0,0,0,0,0x10013FC0
1777182094.380,1431245,4,4,ADCS,255,BROADCAST,0,HEARTBEAT,48,HEARTBEAT,0,0,0,0,0,0,0x10013FC0
1777182095.459,1432340,4,4,ADCS,255,BROADCAST,0,HEARTBEAT,48,HEARTBEAT,0,0,0,0,0,0,0x10013FC0
1777182096.554,1433434,4,4,ADCS,255,BROADCAST,0,HEARTBEAT,48,HEARTBEAT,0,0,0,0,0,0,0x10013FC0
1777182097.663,1434529,4,4,ADCS,255,BROADCAST,0,HEARTBEAT,48,HEARTBEAT,0,0,0,0,0,0,0x10013FC0
1777182098.743,1435623,4,4,ADCS,255,BROADCAST,0,HEARTBEAT,48,HEARTBEAT,0,0,0,0,0,0,0x10013FC0
1777182099.837,1436718,4,4,ADCS,255,BROADCAST,0,HEARTBEAT,48,HEARTBEAT,0,0,0,0,0,0,0x10013FC0
1777182100.937,1437812,4,4,ADCS,255,BROADCAST,0,HEARTBEAT,48,HEARTBEAT,0,0,0,0,0,0,0x10013FC0
1777182102.026,1438906,4,4,ADCS,255,BROADCAST,0,HEARTBEAT,48,HEARTBEAT,0,0,0,0,0,0,0x10013FC0
1777182103.120,1440001,4,4,ADCS,255,BROADCAST,0,HEARTBEAT,48,HEARTBEAT,0,0,0,0,0,0,0x10013FC0
1777182104.225,1441095,4,4,ADCS,255,BROADCAST,0,HEARTBEAT,48,HEARTBEAT,0,0,0,0,0,0,0x10013FC0
1777182105.310,1442190,4,4,ADCS,255,BROADCAST,0,HEARTBEAT,48,HEARTBEAT,0,0,0,0,0,0,0x10013FC0
1777182106.405,1443284,4,4,ADCS,255,BROADCAST,0,HEARTBEAT,48,HEARTBEAT,0,0,0,0,0,0,0x10013FC0
1777182107.499,1444379,4,4,ADCS,255,BROADCAST,0,HEARTBEAT,48,HEARTBEAT,0,0,0,0,0,0,0x10013FC0
1777182108.618,1445473,4,4,ADCS,255,BROADCAST,0,HEARTBEAT,48,HEARTBEAT,0,0,0,0,0,0,0x10013FC0
1777182109.688,1446567,4,4,ADCS,255,BROADCAST,0,HEARTBEAT,48,HEARTBEAT,0,0,0,0,0,0,0x10013FC0
1777182110.782,1447662,4,4,ADCS,255,BROADCAST,0,HEARTBEAT,48,HEARTBEAT,0,0,0,0,0,0,0x10013FC0
1777182111.904,1448756,4,4,ADCS,255,BROADCAST,0,HEARTBEAT,48,HEARTBEAT,0,0,0,0,0,0,0x10013FC0
1777182112.971,1449851,4,4,ADCS,255,BROADCAST,0,HEARTBEAT,48,HEARTBEAT,0,0,0,0,0,0,0x10013FC0
1777182114.065,1450945,4,4,ADCS,255,BROADCAST,0,HEARTBEAT,48,HEARTBEAT,0,0,0,0,0,0,0x10013FC0
1777182115.182,1452040,4,4,ADCS,255,BROADCAST,0,HEARTBEAT,48,HEARTBEAT,0,0,0,0,0,0,0x10013FC0
1777182116.254,1453134,4,4,ADCS,255,BROADCAST,0,HEARTBEAT,48,HEARTBEAT,0,0,0,0,0,0,0x10013FC0
1777182117.348,1454229,4,4,ADCS,255,BROADCAST,0,HEARTBEAT,48,HEARTBEAT,0,0,0,0,0,0,0x10013FC0
1777182118.455,1455323,4,4,ADCS,255,BROADCAST,0,HEARTBEAT,48,HEARTBEAT,0,0,0,0,0,0,0x10013FC0
1777182119.539,1456418,4,4,ADCS,255,BROADCAST,0,HEARTBEAT,48,HEARTBEAT,0,0,0,0,0,0,0x10013FC0
1777182120.632,1457512,4,4,ADCS,255,BROADCAST,0,HEARTBEAT,48,HEARTBEAT,0,0,0,0,0,0,0x10013FC0
1777182121.728,1458607,4,4,ADCS,255,BROADCAST,0,HEARTBEAT,48,HEARTBEAT,0,0,0,0,0,0,0x10013FC0
1777182122.849,1459701,4,4,ADCS,255,BROADCAST,0,HEARTBEAT,48,HEARTBEAT,0,0,0,0,0,0,0x10013FC0
1777182123.916,1460796,4,4,ADCS,255,BROADCAST,0,HEARTBEAT,48,HEARTBEAT,0,0,0,0,0,0,0x10013FC0
1777182125.012,1461890,4,4,ADCS,255,BROADCAST,0,HEARTBEAT,48,HEARTBEAT,0,0,0,0,0,0,0x10013FC0
1777182126.135,1462985,4,4,ADCS,255,BROADCAST,0,HEARTBEAT,48,HEARTBEAT,0,0,0,0,0,0,0x10013FC0
1777182127.199,1464080,4,4,ADCS,255,BROADCAST,0,HEARTBEAT,48,HEARTBEAT,0,0,0,0,0,0,0x10013FC0
1777182128.294,1465174,4,4,ADCS,255,BROADCAST,0,HEARTBEAT,48,HEARTBEAT,0,0,0,0,0,0,0x10013FC0
1777182129.403,1466269,4,4,ADCS,255,BROADCAST,0,HEARTBEAT,48,HEARTBEAT,0,0,0,0,0,0,0x10013FC0
1777182130.483,1467363,4,4,ADCS,255,BROADCAST,0,HEARTBEAT,48,HEARTBEAT,0,0,0,0,0,0,0x10013FC0
1777182131.578,1468458,4,4,ADCS,255,BROADCAST,0,HEARTBEAT,48,HEARTBEAT,0,0,0,0,0,0,0x10013FC0
1777182132.690,1469552,4,4,ADCS,255,BROADCAST,0,HEARTBEAT,48,HEARTBEAT,0,0,0,0,0,0,0x10013FC0
1777182133.767,1470647,4,4,ADCS,255,BROADCAST,0,HEARTBEAT,48,HEARTBEAT,0,0,0,0,0,0,0x10013FC0
1777182134.861,1471741,4,4,ADCS,255,BROADCAST,0,HEARTBEAT,48,HEARTBEAT,0,0,0,0,0,0,0x10013FC0
1777182135.967,1472836,4,4,ADCS,255,BROADCAST,0,HEARTBEAT,48,HEARTBEAT,0,0,0,0,0,0,0x10013FC0
1777182137.051,1473930,4,4,ADCS,255,BROADCAST,0,HEARTBEAT,48,HEARTBEAT,0,0,0,0,0,0,0x10013FC0
1777182138.145,1475025,4,4,ADCS,255,BROADCAST,0,HEARTBEAT,48,HEARTBEAT,0,0,0,0,0,0,0x10013FC0
1777182139.243,1476119,4,4,ADCS,255,BROADCAST,0,HEARTBEAT,48,HEARTBEAT,0,0,0,0,0,0,0x10013FC0
1777182140.365,1477214,4,4,ADCS,255,BROADCAST,0,HEARTBEAT,48,HEARTBEAT,0,0,0,0,0,0,0x10013FC0
1777182141.429,1478309,4,4,ADCS,255,BROADCAST,0,HEARTBEAT,48,HEARTBEAT,0,0,0,0,0,0,0x10013FC0
1777182142.523,1479403,4,4,ADCS,255,BROADCAST,0,HEARTBEAT,48,HEARTBEAT,0,0,0,0,0,0,0x10013FC0
1777182143.651,1480498,4,4,ADCS,255,BROADCAST,0,HEARTBEAT,48,HEARTBEAT,0,0,0,0,0,0,0x10013FC0
1777182144.713,1481592,4,4,ADCS,255,BROADCAST,0,HEARTBEAT,48,HEARTBEAT,0,0,0,0,0,0,0x10013FC0
1777182145.808,1482688,4,4,ADCS,255,BROADCAST,0,HEARTBEAT,48,HEARTBEAT,0,0,0,0,0,0,0x10013FC0
1777182146.923,1483781,4,4,ADCS,255,BROADCAST,0,HEARTBEAT,48,HEARTBEAT,0,0,0,0,0,0,0x10013FC0
1777182147.998,1484876,4,4,ADCS,255,BROADCAST,0,HEARTBEAT,48,HEARTBEAT,0,0,0,0,0,0,0x10013FC0
1777182149.090,1485970,4,4,ADCS,255,BROADCAST,0,HEARTBEAT,48,HEARTBEAT,0,0,0,0,0,0,0x10013FC0
1777182150.189,1487065,4,4,ADCS,255,BROADCAST,0,HEARTBEAT,48,HEARTBEAT,0,0,0,0,0,0,0x10013FC0
1777182151.279,1488159,4,4,ADCS,255,BROADCAST,0,HEARTBEAT,48,HEARTBEAT,0,0,0,0,0,0,0x10013FC0
1777182152.374,1489254,4,4,ADCS,255,BROADCAST,0,HEARTBEAT,48,HEARTBEAT,0,0,0,0,0,0,0x10013FC0
1777182153.479,1490348,4,4,ADCS,255,BROADCAST,0,HEARTBEAT,48,HEARTBEAT,0,0,0,0,0,0,0x10013FC0
1777182154.563,1491443,4,4,ADCS,255,BROADCAST,0,HEARTBEAT,48,HEARTBEAT,0,0,0,0,0,0,0x10013FC0
1777182155.658,1492537,4,4,ADCS,255,BROADCAST,0,HEARTBEAT,48,HEARTBEAT,0,0,0,0,0,0,0x10013FC0
1777182156.758,1493632,4,4,ADCS,255,BROADCAST,0,HEARTBEAT,48,HEARTBEAT,0,0,0,0,0,0,0x10013FC0
1777182157.884,1494726,4,4,ADCS,255,BROADCAST,0,HEARTBEAT,48,HEARTBEAT,0,0,0,0,0,0,0x10013FC0
1777182158.941,1495821,4,4,ADCS,255,BROADCAST,0,HEARTBEAT,48,HEARTBEAT,0,0,0,0,0,0,0x10013FC0
1777182160.036,1496915,4,4,ADCS,255,BROADCAST,0,HEARTBEAT,48,HEARTBEAT,0,0,0,0,0,0,0x10013FC0
1777182161.157,1498010,4,4,ADCS,255,BROADCAST,0,HEARTBEAT,48,HEARTBEAT,0,0,0,0,0,0,0x10013FC0
1777182162.225,1499104,4,4,ADCS,255,BROADCAST,0,HEARTBEAT,48,HEARTBEAT,0,0,0,0,0,0,0x10013FC0
1777182163.319,1500199,4,4,ADCS,255,BROADCAST,0,HEARTBEAT,48,HEARTBEAT,0,0,0,0,0,0,0x10013FC0
1777182164.433,1501294,4,4,ADCS,255,BROADCAST,0,HEARTBEAT,48,HEARTBEAT,0,0,0,0,0,0,0x10013FC0
1777182165.509,1502388,4,4,ADCS,255,BROADCAST,0,HEARTBEAT,48,HEARTBEAT,0,0,0,0,0,0,0x10013FC0
1777182166.603,1503483,4,4,ADCS,255,BROADCAST,0,HEARTBEAT,48,HEARTBEAT,0,0,0,0,0,0,0x10013FC0
1777182167.713,1504577,4,4,ADCS,255,BROADCAST,0,HEARTBEAT,48,HEARTBEAT,0,0,0,0,0,0,0x10013FC0
1777182168.792,1505672,4,4,ADCS,255,BROADCAST,0,HEARTBEAT,48,HEARTBEAT,0,0,0,0,0,0,0x10013FC0
1777182169.887,1506766,4,4,ADCS,255,BROADCAST,0,HEARTBEAT,48,HEARTBEAT,0,0,0,0,0,0,0x10013FC0
1777182170.990,1507861,4,4,ADCS,255,BROADCAST,0,HEARTBEAT,48,HEARTBEAT,0,0,0,0,0,0,0x10013FC0
1777182172.077,1508956,4,4,ADCS,255,BROADCAST,0,HEARTBEAT,48,HEARTBEAT,0,0,0,0,0,0,0x10013FC0
1777182173.171,1510050,4,4,ADCS,255,BROADCAST,0,HEARTBEAT,48,HEARTBEAT,0,0,0,0,0,0,0x10013FC0
1777182174.268,1511145,4,4,ADCS,255,BROADCAST,0,HEARTBEAT,48,HEARTBEAT,0,0,0,0,0,0,0x10013FC0
1777182175.382,1512240,4,4,ADCS,255,BROADCAST,0,HEARTBEAT,48,HEARTBEAT,0,0,0,0,0,0,0x10013FC0
1777182176.455,1513334,4,4,ADCS,255,BROADCAST,0,HEARTBEAT,48,HEARTBEAT,0,0,0,0,0,0,0x10013FC0
1777182177.550,1514429,4,4,ADCS,255,BROADCAST,0,HEARTBEAT,48,HEARTBEAT,0,0,0,0,0,0,0x10013FC0
1777182178.665,1515523,4,4,ADCS,255,BROADCAST,0,HEARTBEAT,48,HEARTBEAT,0,0,0,0,0,0,0x10013FC0
1777182179.739,1516618,4,4,ADCS,255,BROADCAST,0,HEARTBEAT,48,HEARTBEAT,0,0,0,0,0,0,0x10013FC0
1777182180.835,1517712,4,4,ADCS,255,BROADCAST,0,HEARTBEAT,48,HEARTBEAT,0,0,0,0,0,0,0x10013FC0
1777182181.946,1518807,4,4,ADCS,255,BROADCAST,0,HEARTBEAT,48,HEARTBEAT,0,0,0,0,0,0,0x10013FC0
1777182183.022,1519902,4,4,ADCS,255,BROADCAST,0,HEARTBEAT,48,HEARTBEAT,0,0,0,0,0,0,0x10013FC0
1777182184.117,1520996,4,4,ADCS,255,BROADCAST,0,HEARTBEAT,48,HEARTBEAT,0,0,0,0,0,0,0x10013FC0
1777182185.219,1522091,4,4,ADCS,255,BROADCAST,0,HEARTBEAT,48,HEARTBEAT,0,0,0,0,0,0,0x10013FC0
1777182186.306,1523185,4,4,ADCS,255,BROADCAST,0,HEARTBEAT,48,HEARTBEAT,0,0,0,0,0,0,0x10013FC0
1777182187.401,1524280,4,4,ADCS,255,BROADCAST,0,HEARTBEAT,48,HEARTBEAT,0,0,0,0,0,0,0x10013FC0
1777182188.496,1525374,4,4,ADCS,255,BROADCAST,0,HEARTBEAT,48,HEARTBEAT,0,0,0,0,0,0,0x10013FC0
1777182189.621,1526469,4,4,ADCS,255,BROADCAST,0,HEARTBEAT,48,HEARTBEAT,0,0,0,0,0,0,0x10013FC0
1777182190.685,1527564,4,4,ADCS,255,BROADCAST,0,HEARTBEAT,48,HEARTBEAT,0,0,0,0,0,0,0x10013FC0
1777182191.779,1528658,4,4,ADCS,255,BROADCAST,0,HEARTBEAT,48,HEARTBEAT,0,0,0,0,0,0,0x10013FC0
1777182192.893,1529753,4,4,ADCS,255,BROADCAST,0,HEARTBEAT,48,HEARTBEAT,0,0,0,0,0,0,0x10013FC0
1777182193.968,1530847,4,4,ADCS,255,BROADCAST,0,HEARTBEAT,48,HEARTBEAT,0,0,0,0,0,0,0x10013FC0
1777182195.063,1531942,4,4,ADCS,255,BROADCAST,0,HEARTBEAT,48,HEARTBEAT,0,0,0,0,0,0,0x10013FC0
1777182196.167,1533036,4,4,ADCS,255,BROADCAST,0,HEARTBEAT,48,HEARTBEAT,0,0,0,0,0,0,0x10013FC0
1777182197.252,1534131,4,4,ADCS,255,BROADCAST,0,HEARTBEAT,48,HEARTBEAT,0,0,0,0,0,0,0x10013FC0
1777182198.346,1535225,4,4,ADCS,255,BROADCAST,0,HEARTBEAT,48,HEARTBEAT,0,0,0,0,0,0,0x10013FC0
1777182199.455,1536320,4,4,ADCS,255,BROADCAST,0,HEARTBEAT,48,HEARTBEAT,0,0,0,0,0,0,0x10013FC0
1777182200.535,1537414,4,4,ADCS,255,BROADCAST,0,HEARTBEAT,48,HEARTBEAT,0,0,0,0,0,0,0x10013FC0
1777182201.630,1538509,4,4,ADCS,255,BROADCAST,0,HEARTBEAT,48,HEARTBEAT,0,0,0,0,0,0,0x10013FC0
1777182202.730,1539604,4,4,ADCS,255,BROADCAST,0,HEARTBEAT,48,HEARTBEAT,0,0,0,0,0,0,0x10013FC0
1777182203.819,1540698,4,4,ADCS,255,BROADCAST,0,HEARTBEAT,48,HEARTBEAT,0,0,0,0,0,0,0x10013FC0
1777182204.918,1541792,4,4,ADCS,255,BROADCAST,0,HEARTBEAT,48,HEARTBEAT,0,0,0,0,0,0,0x10013FC0
1777182206.008,1542887,4,4,ADCS,255,BROADCAST,0,HEARTBEAT,48,HEARTBEAT,0,0,0,0,0,0,0x10013FC0
1777182207.136,1543981,4,4,ADCS,255,BROADCAST,0,HEARTBEAT,48,HEARTBEAT,0,0,0,0,0,0,0x10013FC0
1777182208.196,1545076,4,4,ADCS,255,BROADCAST,0,HEARTBEAT,48,HEARTBEAT,0,0,0,0,0,0,0x10013FC0
1777182209.291,1546170,4,4,ADCS,255,BROADCAST,0,HEARTBEAT,48,HEARTBEAT,0,0,0,0,0,0,0x10013FC0
1777182210.408,1547265,4,4,ADCS,255,BROADCAST,0,HEARTBEAT,48,HEARTBEAT,0,0,0,0,0,0,0x10013FC0
1777182211.480,1548359,4,4,ADCS,255,BROADCAST,0,HEARTBEAT,48,HEARTBEAT,0,0,0,0,0,0,0x10013FC0
1777182212.576,1549454,4,4,ADCS,255,BROADCAST,0,HEARTBEAT,48,HEARTBEAT,0,0,0,0,0,0,0x10013FC0
1777182213.694,1550548,4,4,ADCS,255,BROADCAST,0,HEARTBEAT,48,HEARTBEAT,0,0,0,0,0,0,0x10013FC0
1777182214.764,1551643,4,4,ADCS,255,BROADCAST,0,HEARTBEAT,48,HEARTBEAT,0,0,0,0,0,0,0x10013FC0
1777182215.858,1552737,4,4,ADCS,255,BROADCAST,0,HEARTBEAT,48,HEARTBEAT,0,0,0,0,0,0,0x10013FC0
1777182216.970,1553832,4,4,ADCS,255,BROADCAST,0,HEARTBEAT,48,HEARTBEAT,0,0,0,0,0,0,0x10013FC0
1777182218.048,1554926,4,4,ADCS,255,BROADCAST,0,HEARTBEAT,48,HEARTBEAT,0,0,0,0,0,0,0x10013FC0
1777182219.141,1556020,4,4,ADCS,255,BROADCAST,0,HEARTBEAT,48,HEARTBEAT,0,0,0,0,0,0,0x10013FC0
1777182220.240,1557115,4,4,ADCS,255,BROADCAST,0,HEARTBEAT,48,HEARTBEAT,0,0,0,0,0,0,0x10013FC0
1777182221.330,1558209,4,4,ADCS,255,BROADCAST,0,HEARTBEAT,48,HEARTBEAT,0,0,0,0,0,0,0x10013FC0
1777182222.425,1559304,4,4,ADCS,255,BROADCAST,0,HEARTBEAT,48,HEARTBEAT,0,0,0,0,0,0,0x10013FC0
1777182223.524,1560398,4,4,ADCS,255,BROADCAST,0,HEARTBEAT,48,HEARTBEAT,0,0,0,0,0,0,0x10013FC0
1777182224.648,1561493,4,4,ADCS,255,BROADCAST,0,HEARTBEAT,48,HEARTBEAT,0,0,0,0,0,0,0x10013FC0
1777182225.708,1562587,4,4,ADCS,255,BROADCAST,0,HEARTBEAT,48,HEARTBEAT,0,0,0,0,0,0,0x10013FC0
1777182226.803,1563681,4,4,ADCS,255,BROADCAST,0,HEARTBEAT,48,HEARTBEAT,0,0,0,0,0,0,0x10013FC0
1777182227.930,1564776,4,4,ADCS,255,BROADCAST,0,HEARTBEAT,48,HEARTBEAT,0,0,0,0,0,0,0x10013FC0
1777182228.991,1565870,4,4,ADCS,255,BROADCAST,0,HEARTBEAT,48,HEARTBEAT,0,0,0,0,0,0,0x10013FC0
1777182230.086,1566965,4,4,ADCS,255,BROADCAST,0,HEARTBEAT,48,HEARTBEAT,0,0,0,0,0,0,0x10013FC0
1777182231.204,1568059,4,4,ADCS,255,BROADCAST,0,HEARTBEAT,48,HEARTBEAT,0,0,0,0,0,0,0x10013FC0
1777182232.275,1569154,4,4,ADCS,255,BROADCAST,0,HEARTBEAT,48,HEARTBEAT,0,0,0,0,0,0,0x10013FC0
1777182233.370,1570248,4,4,ADCS,255,BROADCAST,0,HEARTBEAT,48,HEARTBEAT,0,0,0,0,0,0,0x10013FC0
1777182234.480,1571343,4,4,ADCS,255,BROADCAST,0,HEARTBEAT,48,HEARTBEAT,0,0,0,0,0,0,0x10013FC0
1777182235.558,1572437,4,4,ADCS,255,BROADCAST,0,HEARTBEAT,48,HEARTBEAT,0,0,0,0,0,0,0x10013FC0
1777182236.653,1573532,4,4,ADCS,255,BROADCAST,0,HEARTBEAT,48,HEARTBEAT,0,0,0,0,0,0,0x10013FC0
1777182237.757,1574626,4,4,ADCS,255,BROADCAST,0,HEARTBEAT,48,HEARTBEAT,0,0,0,0,0,0,0x10013FC0
1777182238.847,1575721,4,4,ADCS,255,BROADCAST,0,HEARTBEAT,48,HEARTBEAT,0,0,0,0,0,0,0x10013FC0
1777182239.937,1576815,4,4,ADCS,255,BROADCAST,0,HEARTBEAT,48,HEARTBEAT,0,0,0,0,0,0,0x10013FC0
1777182241.033,1577910,4,4,ADCS,255,BROADCAST,0,HEARTBEAT,48,HEARTBEAT,0,0,0,0,0,0,0x10013FC0
1777182242.172,1579004,4,4,ADCS,255,BROADCAST,0,HEARTBEAT,48,HEARTBEAT,0,0,0,0,0,0,0x10013FC0
1777182243.220,1580099,4,4,ADCS,255,BROADCAST,0,HEARTBEAT,48,HEARTBEAT,0,0,0,0,0,0,0x10013FC0
1777182244.314,1581193,4,4,ADCS,255,BROADCAST,0,HEARTBEAT,48,HEARTBEAT,0,0,0,0,0,0,0x10013FC0
1777182245.437,1582288,4,4,ADCS,255,BROADCAST,0,HEARTBEAT,48,HEARTBEAT,0,0,0,0,0,0,0x10013FC0
1777182246.503,1583382,4,4,ADCS,255,BROADCAST,0,HEARTBEAT,48,HEARTBEAT,0,0,0,0,0,0,0x10013FC0
1777182247.601,1584477,4,4,ADCS,255,BROADCAST,0,HEARTBEAT,48,HEARTBEAT,0,0,0,0,0,0,0x10013FC0
1777182248.712,1585571,4,4,ADCS,255,BROADCAST,0,HEARTBEAT,48,HEARTBEAT,0,0,0,0,0,0,0x10013FC0
1777182249.787,1586666,4,4,ADCS,255,BROADCAST,0,HEARTBEAT,48,HEARTBEAT,0,0,0,0,0,0,0x10013FC0
1777182250.881,1587760,4,4,ADCS,255,BROADCAST,0,HEARTBEAT,48,HEARTBEAT,0,0,0,0,0,0,0x10013FC0
1777182251.981,1588854,4,4,ADCS,255,BROADCAST,0,HEARTBEAT,48,HEARTBEAT,0,0,0,0,0,0,0x10013FC0
1777182253.071,1589949,4,4,ADCS,255,BROADCAST,0,HEARTBEAT,48,HEARTBEAT,0,0,0,0,0,0,0x10013FC0
1777182254.164,1591043,4,4,ADCS,255,BROADCAST,0,HEARTBEAT,48,HEARTBEAT,0,0,0,0,0,0,0x10013FC0
1777182255.260,1592138,4,4,ADCS,255,BROADCAST,0,HEARTBEAT,48,HEARTBEAT,0,0,0,0,0,0,0x10013FC0
1777182256.390,1593232,4,4,ADCS,255,BROADCAST,0,HEARTBEAT,48,HEARTBEAT,0,0,0,0,0,0,0x10013FC0
1777182257.449,1594327,4,4,ADCS,255,BROADCAST,0,HEARTBEAT,48,HEARTBEAT,0,0,0,0,0,0,0x10013FC0
1777182258.546,1595421,4,4,ADCS,255,BROADCAST,0,HEARTBEAT,48,HEARTBEAT,0,0,0,0,0,0,0x10013FC0
1777182259.665,1596516,4,4,ADCS,255,BROADCAST,0,HEARTBEAT,48,HEARTBEAT,0,0,0,0,0,0,0x10013FC0
1777182260.732,1597610,4,4,ADCS,255,BROADCAST,0,HEARTBEAT,48,HEARTBEAT,0,0,0,0,0,0,0x10013FC0
1777182261.826,1598705,4,4,ADCS,255,BROADCAST,0,HEARTBEAT,48,HEARTBEAT,0,0,0,0,0,0,0x10013FC0
1777182262.949,1599799,4,4,ADCS,255,BROADCAST,0,HEARTBEAT,48,HEARTBEAT,0,0,0,0,0,0,0x10013FC0
1777182264.015,1600894,4,4,ADCS,255,BROADCAST,0,HEARTBEAT,48,HEARTBEAT,0,0,0,0,0,0,0x10013FC0
1777182265.110,1601988,4,4,ADCS,255,BROADCAST,0,HEARTBEAT,48,HEARTBEAT,0,0,0,0,0,0,0x10013FC0
1777182266.219,1603082,4,4,ADCS,255,BROADCAST,0,HEARTBEAT,48,HEARTBEAT,0,0,0,0,0,0,0x10013FC0
1777182267.299,1604177,4,4,ADCS,255,BROADCAST,0,HEARTBEAT,48,HEARTBEAT,0,0,0,0,0,0,0x10013FC0
1777182268.394,1605271,4,4,ADCS,255,BROADCAST,0,HEARTBEAT,48,HEARTBEAT,0,0,0,0,0,0,0x10013FC0
1777182269.493,1606366,4,4,ADCS,255,BROADCAST,0,HEARTBEAT,48,HEARTBEAT,0,0,0,0,0,0,0x10013FC0
1777182270.582,1607461,4,4,ADCS,255,BROADCAST,0,HEARTBEAT,48,HEARTBEAT,0,0,0,0,0,0,0x10013FC0
1777182271.677,1608555,4,4,ADCS,255,BROADCAST,0,HEARTBEAT,48,HEARTBEAT,0,0,0,0,0,0,0x10013FC0
1777182272.775,1609649,4,4,ADCS,255,BROADCAST,0,HEARTBEAT,48,HEARTBEAT,0,0,0,0,0,0,0x10013FC0
1777182273.892,1610744,4,4,ADCS,255,BROADCAST,0,HEARTBEAT,48,HEARTBEAT,0,0,0,0,0,0,0x10013FC0
1777182274.960,1611838,4,4,ADCS,255,BROADCAST,0,HEARTBEAT,48,HEARTBEAT,0,0,0,0,0,0,0x10013FC0
1777182276.055,1612933,4,4,ADCS,255,BROADCAST,0,HEARTBEAT,48,HEARTBEAT,0,0,0,0,0,0,0x10013FC0
1777182277.182,1614027,4,4,ADCS,255,BROADCAST,0,HEARTBEAT,48,HEARTBEAT,0,0,0,0,0,0,0x10013FC0
1777182278.244,1615122,4,4,ADCS,255,BROADCAST,0,HEARTBEAT,48,HEARTBEAT,0,0,0,0,0,0,0x10013FC0
1777182279.338,1616217,4,4,ADCS,255,BROADCAST,0,HEARTBEAT,48,HEARTBEAT,0,0,0,0,0,0,0x10013FC0
1777182280.458,1617311,4,4,ADCS,255,BROADCAST,0,HEARTBEAT,48,HEARTBEAT,0,0,0,0,0,0,0x10013FC0
1777182281.528,1618406,4,4,ADCS,255,BROADCAST,0,HEARTBEAT,48,HEARTBEAT,0,0,0,0,0,0,0x10013FC0
1777182282.623,1619500,4,4,ADCS,255,BROADCAST,0,HEARTBEAT,48,HEARTBEAT,0,0,0,0,0,0,0x10013FC0
1777182283.734,1620595,4,4,ADCS,255,BROADCAST,0,HEARTBEAT,48,HEARTBEAT,0,0,0,0,0,0,0x10013FC0
1777182284.811,1621689,4,4,ADCS,255,BROADCAST,0,HEARTBEAT,48,HEARTBEAT,0,0,0,0,0,0,0x10013FC0
1777182285.905,1622784,4,4,ADCS,255,BROADCAST,0,HEARTBEAT,48,HEARTBEAT,0,0,0,0,0,0,0x10013FC0
1777182287.015,1623878,4,4,ADCS,255,BROADCAST,0,HEARTBEAT,48,HEARTBEAT,0,0,0,0,0,0,0x10013FC0
1777182288.095,1624973,4,4,ADCS,255,BROADCAST,0,HEARTBEAT,48,HEARTBEAT,0,0,0,0,0,0,0x10013FC0
1777182289.190,1626067,4,4,ADCS,255,BROADCAST,0,HEARTBEAT,48,HEARTBEAT,0,0,0,0,0,0,0x10013FC0
1777182290.284,1627162,4,4,ADCS,255,BROADCAST,0,HEARTBEAT,48,HEARTBEAT,0,0,0,0,0,0,0x10013FC0
1777182291.410,1628256,4,4,ADCS,255,BROADCAST,0,HEARTBEAT,48,HEARTBEAT,0,0,0,0,0,0,0x10013FC0
1777182292.473,1629351,4,4,ADCS,255,BROADCAST,0,HEARTBEAT,48,HEARTBEAT,0,0,0,0,0,0,0x10013FC0
1777182293.568,1630445,4,4,ADCS,255,BROADCAST,0,HEARTBEAT,48,HEARTBEAT,0,0,0,0,0,0,0x10013FC0
1777182294.687,1631541,4,4,ADCS,255,BROADCAST,0,HEARTBEAT,48,HEARTBEAT,0,0,0,0,0,0,0x10013FC0
1777182295.757,1632634,4,4,ADCS,255,BROADCAST,0,HEARTBEAT,48,HEARTBEAT,0,0,0,0,0,0,0x10013FC0
1777182296.851,1633729,4,4,ADCS,255,BROADCAST,0,HEARTBEAT,48,HEARTBEAT,0,0,0,0,0,0,0x10013FC0
1777182297.966,1634823,4,4,ADCS,255,BROADCAST,0,HEARTBEAT,48,HEARTBEAT,0,0,0,0,0,0,0x10013FC0
1777182299.040,1635918,4,4,ADCS,255,BROADCAST,0,HEARTBEAT,48,HEARTBEAT,0,0,0,0,0,0,0x10013FC0
1777182300.134,1637012,4,4,ADCS,255,BROADCAST,0,HEARTBEAT,48,HEARTBEAT,0,0,0,0,0,0,0x10013FC0
1777182301.248,1638107,4,4,ADCS,255,BROADCAST,0,HEARTBEAT,48,HEARTBEAT,0,0,0,0,0,0,0x10013FC0
1777182302.324,1639201,4,4,ADCS,255,BROADCAST,0,HEARTBEAT,48,HEARTBEAT,0,0,0,0,0,0,0x10013FC0
1777182303.418,1640296,4,4,ADCS,255,BROADCAST,0,HEARTBEAT,48,HEARTBEAT,0,0,0,0,0,0,0x10013FC0
1777182304.530,1641390,4,4,ADCS,255,BROADCAST,0,HEARTBEAT,48,HEARTBEAT,0,0,0,0,0,0,0x10013FC0
1777182305.607,1642485,4,4,ADCS,255,BROADCAST,0,HEARTBEAT,48,HEARTBEAT,0,0,0,0,0,0,0x10013FC0
1777182306.701,1643579,4,4,ADCS,255,BROADCAST,0,HEARTBEAT,48,HEARTBEAT,0,0,0,0,0,0,0x10013FC0
1777182307.810,1644674,4,4,ADCS,255,BROADCAST,0,HEARTBEAT,48,HEARTBEAT,0,0,0,0,0,0,0x10013FC0
1777182308.928,1645768,4,4,ADCS,255,BROADCAST,0,HEARTBEAT,48,HEARTBEAT,0,0,0,0,0,0,0x10013FC0
1777182309.985,1646863,4,4,ADCS,255,BROADCAST,0,HEARTBEAT,48,HEARTBEAT,0,0,0,0,0,0,0x10013FC0
1777182311.080,1647957,4,4,ADCS,255,BROADCAST,0,HEARTBEAT,48,HEARTBEAT,0,0,0,0,0,0,0x10013FC0
1777182312.203,1649052,4,4,ADCS,255,BROADCAST,0,HEARTBEAT,48,HEARTBEAT,0,0,0,0,0,0,0x10013FC0
1777182313.268,1650146,4,4,ADCS,255,BROADCAST,0,HEARTBEAT,48,HEARTBEAT,0,0,0,0,0,0,0x10013FC0
1777182314.363,1651241,4,4,ADCS,255,BROADCAST,0,HEARTBEAT,48,HEARTBEAT,0,0,0,0,0,0,0x10013FC0
1777182315.483,1652335,4,4,ADCS,255,BROADCAST,0,HEARTBEAT,48,HEARTBEAT,0,0,0,0,0,0,0x10013FC0
1777182316.551,1653430,4,4,ADCS,255,BROADCAST,0,HEARTBEAT,48,HEARTBEAT,0,0,0,0,0,0,0x10013FC0
1777182317.647,1654524,4,4,ADCS,255,BROADCAST,0,HEARTBEAT,48,HEARTBEAT,0,0,0,0,0,0,0x10013FC0
1777182318.758,1655618,4,4,ADCS,255,BROADCAST,0,HEARTBEAT,48,HEARTBEAT,0,0,0,0,0,0,0x10013FC0
1777182319.835,1656713,4,4,ADCS,255,BROADCAST,0,HEARTBEAT,48,HEARTBEAT,0,0,0,0,0,0,0x10013FC0
1777182320.929,1657807,4,4,ADCS,255,BROADCAST,0,HEARTBEAT,48,HEARTBEAT,0,0,0,0,0,0,0x10013FC0
1777182322.031,1658902,4,4,ADCS,255,BROADCAST,0,HEARTBEAT,48,HEARTBEAT,0,0,0,0,0,0,0x10013FC0
1777182323.119,1659996,4,4,ADCS,255,BROADCAST,0,HEARTBEAT,48,HEARTBEAT,0,0,0,0,0,0,0x10013FC0
1777182324.213,1661091,4,4,ADCS,255,BROADCAST,0,HEARTBEAT,48,HEARTBEAT,0,0,0,0,0,0,0x10013FC0
1777182325.309,1662185,4,4,ADCS,255,BROADCAST,0,HEARTBEAT,48,HEARTBEAT,0,0,0,0,0,0,0x10013FC0
1777182326.435,1663280,4,4,ADCS,255,BROADCAST,0,HEARTBEAT,48,HEARTBEAT,0,0,0,0,0,0,0x10013FC0
1777182327.497,1664374,4,4,ADCS,255,BROADCAST,0,HEARTBEAT,48,HEARTBEAT,0,0,0,0,0,0,0x10013FC0
1777182328.591,1665469,4,4,ADCS,255,BROADCAST,0,HEARTBEAT,48,HEARTBEAT,0,0,0,0,0,0,0x10013FC0
1777182329.712,1666563,4,4,ADCS,255,BROADCAST,0,HEARTBEAT,48,HEARTBEAT,0,0,0,0,0,0,0x10013FC0
1777182330.786,1667658,4,4,ADCS,255,BROADCAST,0,HEARTBEAT,48,HEARTBEAT,0,0,0,0,0,0,0x10013FC0
1777182331.877,1668752,4,4,ADCS,255,BROADCAST,0,HEARTBEAT,48,HEARTBEAT,0,0,0,0,0,0,0x10013FC0
1777182332.992,1669847,4,4,ADCS,255,BROADCAST,0,HEARTBEAT,48,HEARTBEAT,0,0,0,0,0,0,0x10013FC0
1777182334.064,1670941,4,4,ADCS,255,BROADCAST,0,HEARTBEAT,48,HEARTBEAT,0,0,0,0,0,0,0x10013FC0
1777182335.158,1672036,4,4,ADCS,255,BROADCAST,0,HEARTBEAT,48,HEARTBEAT,0,0,0,0,0,0,0x10013FC0
1777182336.260,1673130,4,4,ADCS,255,BROADCAST,0,HEARTBEAT,48,HEARTBEAT,0,0,0,0,0,0,0x10013FC0
1777182337.347,1674225,4,4,ADCS,255,BROADCAST,0,HEARTBEAT,48,HEARTBEAT,0,0,0,0,0,0,0x10013FC0
1777182338.442,1675319,4,4,ADCS,255,BROADCAST,0,HEARTBEAT,48,HEARTBEAT,0,0,0,0,0,0,0x10013FC0
1777182339.547,1676414,4,4,ADCS,255,BROADCAST,0,HEARTBEAT,48,HEARTBEAT,0,0,0,0,0,0,0x10013FC0
1777182340.631,1677508,4,4,ADCS,255,BROADCAST,0,HEARTBEAT,48,HEARTBEAT,0,0,0,0,0,0,0x10013FC0
1777182341.728,1678603,4,4,ADCS,255,BROADCAST,0,HEARTBEAT,48,HEARTBEAT,0,0,0,0,0,0,0x10013FC0
1777182342.833,1679697,4,4,ADCS,255,BROADCAST,0,HEARTBEAT,48,HEARTBEAT,0,0,0,0,0,0,0x10013FC0
1777182343.936,1680792,4,4,ADCS,255,BROADCAST,0,HEARTBEAT,48,HEARTBEAT,0,0,0,0,0,0,0x10013FC0
1777182345.009,1681886,4,4,ADCS,255,BROADCAST,0,HEARTBEAT,48,HEARTBEAT,0,0,0,0,0,0,0x10013FC0
1777182346.104,1682981,4,4,ADCS,255,BROADCAST,0,HEARTBEAT,48,HEARTBEAT,0,0,0,0,0,0,0x10013FC0
1777182347.226,1684075,4,4,ADCS,255,BROADCAST,0,HEARTBEAT,48,HEARTBEAT,0,0,0,0,0,0,0x10013FC0
1777182348.292,1685170,4,4,ADCS,255,BROADCAST,0,HEARTBEAT,48,HEARTBEAT,0,0,0,0,0,0,0x10013FC0
1777182349.387,1686264,4,4,ADCS,255,BROADCAST,0,HEARTBEAT,48,HEARTBEAT,0,0,0,0,0,0,0x10013FC0
1777182350.499,1687359,4,4,ADCS,255,BROADCAST,0,HEARTBEAT,48,HEARTBEAT,0,0,0,0,0,0,0x10013FC0
1777182351.576,1688453,4,4,ADCS,255,BROADCAST,0,HEARTBEAT,48,HEARTBEAT,0,0,0,0,0,0,0x10013FC0
1777182352.671,1689548,4,4,ADCS,255,BROADCAST,0,HEARTBEAT,48,HEARTBEAT,0,0,0,0,0,0,0x10013FC0
1777182353.767,1690642,4,4,ADCS,255,BROADCAST,0,HEARTBEAT,48,HEARTBEAT,0,0,0,0,0,0,0x10013FC0
1777182354.859,1691737,4,4,ADCS,255,BROADCAST,0,HEARTBEAT,48,HEARTBEAT,0,0,0,0,0,0,0x10013FC0
1777182355.954,1692831,4,4,ADCS,255,BROADCAST,0,HEARTBEAT,48,HEARTBEAT,0,0,0,0,0,0,0x10013FC0
1777182357.056,1693926,4,4,ADCS,255,BROADCAST,0,HEARTBEAT,48,HEARTBEAT,0,0,0,0,0,0,0x10013FC0
1777182358.179,1695020,4,4,ADCS,255,BROADCAST,0,HEARTBEAT,48,HEARTBEAT,0,0,0,0,0,0,0x10013FC0
1777182359.241,1696115,4,4,ADCS,255,BROADCAST,0,HEARTBEAT,48,HEARTBEAT,0,0,0,0,0,0,0x10013FC0
1777182360.332,1697209,4,4,ADCS,255,BROADCAST,0,HEARTBEAT,48,HEARTBEAT,0,0,0,0,0,0,0x10013FC0
1777182361.457,1698303,4,4,ADCS,255,BROADCAST,0,HEARTBEAT,48,HEARTBEAT,0,0,0,0,0,0,0x10013FC0
1777182362.521,1699398,4,4,ADCS,255,BROADCAST,0,HEARTBEAT,48,HEARTBEAT,0,0,0,0,0,0,0x10013FC0
1777182363.615,1700492,4,4,ADCS,255,BROADCAST,0,HEARTBEAT,48,HEARTBEAT,0,0,0,0,0,0,0x10013FC0
1777182364.734,1701587,4,4,ADCS,255,BROADCAST,0,HEARTBEAT,48,HEARTBEAT,0,0,0,0,0,0,0x10013FC0
1777182365.805,1702681,4,4,ADCS,255,BROADCAST,0,HEARTBEAT,48,HEARTBEAT,0,0,0,0,0,0,0x10013FC0
1777182366.899,1703775,4,4,ADCS,255,BROADCAST,0,HEARTBEAT,48,HEARTBEAT,0,0,0,0,0,0,0x10013FC0
1777182368.014,1704870,4,4,ADCS,255,BROADCAST,0,HEARTBEAT,48,HEARTBEAT,0,0,0,0,0,0,0x10013FC0
1777182369.087,1705964,4,4,ADCS,255,BROADCAST,0,HEARTBEAT,48,HEARTBEAT,0,0,0,0,0,0,0x10013FC0
1777182370.182,1707059,4,4,ADCS,255,BROADCAST,0,HEARTBEAT,48,HEARTBEAT,0,0,0,0,0,0,0x10013FC0
1777182371.284,1708153,4,4,ADCS,255,BROADCAST,0,HEARTBEAT,48,HEARTBEAT,0,0,0,0,0,0,0x10013FC0
1777182372.370,1709248,4,4,ADCS,255,BROADCAST,0,HEARTBEAT,48,HEARTBEAT,0,0,0,0,0,0,0x10013FC0
1777182373.474,1710342,4,4,ADCS,255,BROADCAST,0,HEARTBEAT,48,HEARTBEAT,0,0,0,0,0,0,0x10013FC0
1777182374.568,1711437,4,4,ADCS,255,BROADCAST,0,HEARTBEAT,48,HEARTBEAT,0,0,0,0,0,0,0x10013FC0
1777182375.694,1712531,4,4,ADCS,255,BROADCAST,0,HEARTBEAT,48,HEARTBEAT,0,0,0,0,0,0,0x10013FC0
1777182376.749,1713626,4,4,ADCS,255,BROADCAST,0,HEARTBEAT,48,HEARTBEAT,0,0,0,0,0,0,0x10013FC0
1777182377.843,1714720,4,4,ADCS,255,BROADCAST,0,HEARTBEAT,48,HEARTBEAT,0,0,0,0,0,0,0x10013FC0
1777182378.969,1715815,4,4,ADCS,255,BROADCAST,0,HEARTBEAT,48,HEARTBEAT,0,0,0,0,0,0,0x10013FC0
1777182380.033,1716909,4,4,ADCS,255,BROADCAST,0,HEARTBEAT,48,HEARTBEAT,0,0,0,0,0,0,0x10013FC0
1777182381.132,1718004,4,4,ADCS,255,BROADCAST,0,HEARTBEAT,48,HEARTBEAT,0,0,0,0,0,0,0x10013FC0
1777182382.237,1719098,4,4,ADCS,255,BROADCAST,0,HEARTBEAT,48,HEARTBEAT,0,0,0,0,0,0,0x10013FC0
1777182383.316,1720193,4,4,ADCS,255,BROADCAST,0,HEARTBEAT,48,HEARTBEAT,0,0,0,0,0,0,0x10013FC0
1777182384.412,1721287,4,4,ADCS,255,BROADCAST,0,HEARTBEAT,48,HEARTBEAT,0,0,0,0,0,0,0x10013FC0
1777182385.523,1722382,4,4,ADCS,255,BROADCAST,0,HEARTBEAT,48,HEARTBEAT,0,0,0,0,0,0,0x10013FC0
1777182386.600,1723476,4,4,ADCS,255,BROADCAST,0,HEARTBEAT,48,HEARTBEAT,0,0,0,0,0,0,0x10013FC0
1777182387.694,1724571,4,4,ADCS,255,BROADCAST,0,HEARTBEAT,48,HEARTBEAT,0,0,0,0,0,0,0x10013FC0
1777182388.820,1725665,4,4,ADCS,255,BROADCAST,0,HEARTBEAT,48,HEARTBEAT,0,0,0,0,0,0,0x10013FC0
1777182389.883,1726760,4,4,ADCS,255,BROADCAST,0,HEARTBEAT,48,HEARTBEAT,0,0,0,0,0,0,0x10013FC0
1777182390.978,1727854,4,4,ADCS,255,BROADCAST,0,HEARTBEAT,48,HEARTBEAT,0,0,0,0,0,0,0x10013FC0
1777182392.074,1728949,4,4,ADCS,255,BROADCAST,0,HEARTBEAT,48,HEARTBEAT,0,0,0,0,0,0,0x10013FC0
1777182393.202,1730043,4,4,ADCS,255,BROADCAST,0,HEARTBEAT,48,HEARTBEAT,0,0,0,0,0,0,0x10013FC0
1777182394.261,1731138,4,4,ADCS,255,BROADCAST,0,HEARTBEAT,48,HEARTBEAT,0,0,0,0,0,0,0x10013FC0
1777182395.356,1732232,4,4,ADCS,255,BROADCAST,0,HEARTBEAT,48,HEARTBEAT,0,0,0,0,0,0,0x10013FC0
1777182396.480,1733327,4,4,ADCS,255,BROADCAST,0,HEARTBEAT,48,HEARTBEAT,0,0,0,0,0,0,0x10013FC0
1777182397.544,1734421,4,4,ADCS,255,BROADCAST,0,HEARTBEAT,48,HEARTBEAT,0,0,0,0,0,0,0x10013FC0
1777182398.639,1735515,4,4,ADCS,255,BROADCAST,0,HEARTBEAT,48,HEARTBEAT,0,0,0,0,0,0,0x10013FC0
1777182399.751,1736610,4,4,ADCS,255,BROADCAST,0,HEARTBEAT,48,HEARTBEAT,0,0,0,0,0,0,0x10013FC0
1777182400.828,1737704,4,4,ADCS,255,BROADCAST,0,HEARTBEAT,48,HEARTBEAT,0,0,0,0,0,0,0x10013FC0
1777182401.923,1738799,4,4,ADCS,255,BROADCAST,0,HEARTBEAT,48,HEARTBEAT,0,0,0,0,0,0,0x10013FC0
1777182403.037,1739894,4,4,ADCS,255,BROADCAST,0,HEARTBEAT,48,HEARTBEAT,0,0,0,0,0,0,0x10013FC0
1777182404.118,1740988,4,4,ADCS,255,BROADCAST,0,HEARTBEAT,48,HEARTBEAT,0,0,0,0,0,0,0x10013FC0
1777182405.206,1742083,4,4,ADCS,255,BROADCAST,0,HEARTBEAT,48,HEARTBEAT,0,0,0,0,0,0,0x10013FC0
1777182406.307,1743177,4,4,ADCS,255,BROADCAST,0,HEARTBEAT,48,HEARTBEAT,0,0,0,0,0,0,0x10013FC0
1777182407.395,1744272,4,4,ADCS,255,BROADCAST,0,HEARTBEAT,48,HEARTBEAT,0,0,0,0,0,0,0x10013FC0
1777182408.490,1745366,4,4,ADCS,255,BROADCAST,0,HEARTBEAT,48,HEARTBEAT,0,0,0,0,0,0,0x10013FC0
1777182409.597,1746461,4,4,ADCS,255,BROADCAST,0,HEARTBEAT,48,HEARTBEAT,0,0,0,0,0,0,0x10013FC0
1777182410.710,1747555,4,4,ADCS,255,BROADCAST,0,HEARTBEAT,48,HEARTBEAT,0,0,0,0,0,0,0x10013FC0
1777182411.773,1748650,4,4,ADCS,255,BROADCAST,0,HEARTBEAT,48,HEARTBEAT,0,0,0,0,0,0,0x10013FC0
1777182412.867,1749744,4,4,ADCS,255,BROADCAST,0,HEARTBEAT,48,HEARTBEAT,0,0,0,0,0,0,0x10013FC0
1777182413.992,1750839,4,4,ADCS,255,BROADCAST,0,HEARTBEAT,48,HEARTBEAT,0,0,0,0,0,0,0x10013FC0
1777182415.056,1751933,4,4,ADCS,255,BROADCAST,0,HEARTBEAT,48,HEARTBEAT,0,0,0,0,0,0,0x10013FC0
1777182416.152,1753028,4,4,ADCS,255,BROADCAST,0,HEARTBEAT,48,HEARTBEAT,0,0,0,0,0,0,0x10013FC0
1777182417.267,1754122,4,4,ADCS,255,BROADCAST,0,HEARTBEAT,48,HEARTBEAT,0,0,0,0,0,0,0x10013FC0
1777182418.340,1755216,4,4,ADCS,255,BROADCAST,0,HEARTBEAT,48,HEARTBEAT,0,0,0,0,0,0,0x10013FC0
1777182419.434,1756311,4,4,ADCS,255,BROADCAST,0,HEARTBEAT,48,HEARTBEAT,0,0,0,0,0,0,0x10013FC0
1777182420.537,1757405,4,4,ADCS,255,BROADCAST,0,HEARTBEAT,48,HEARTBEAT,0,0,0,0,0,0,0x10013FC0
1777182421.623,1758500,4,4,ADCS,255,BROADCAST,0,HEARTBEAT,48,HEARTBEAT,0,0,0,0,0,0,0x10013FC0
1777182422.718,1759594,4,4,ADCS,255,BROADCAST,0,HEARTBEAT,48,HEARTBEAT,0,0,0,0,0,0,0x10013FC0
1777182423.823,1760689,4,4,ADCS,255,BROADCAST,0,HEARTBEAT,48,HEARTBEAT,0,0,0,0,0,0,0x10013FC0
1777182424.907,1761783,4,4,ADCS,255,BROADCAST,0,HEARTBEAT,48,HEARTBEAT,0,0,0,0,0,0,0x10013FC0
1777182426.001,1762877,4,4,ADCS,255,BROADCAST,0,HEARTBEAT,48,HEARTBEAT,0,0,0,0,0,0,0x10013FC0
1777182427.096,1763972,4,4,ADCS,255,BROADCAST,0,HEARTBEAT,48,HEARTBEAT,0,0,0,0,0,0,0x10013FC0
1777182428.224,1765066,4,4,ADCS,255,BROADCAST,0,HEARTBEAT,48,HEARTBEAT,0,0,0,0,0,0,0x10013FC0
1777182429.284,1766161,4,4,ADCS,255,BROADCAST,0,HEARTBEAT,48,HEARTBEAT,0,0,0,0,0,0,0x10013FC0
1777182430.380,1767255,4,4,ADCS,255,BROADCAST,0,HEARTBEAT,48,HEARTBEAT,0,0,0,0,0,0,0x10013FC0
1777182431.501,1768350,4,4,ADCS,255,BROADCAST,0,HEARTBEAT,48,HEARTBEAT,0,0,0,0,0,0,0x10013FC0
1777182432.568,1769444,4,4,ADCS,255,BROADCAST,0,HEARTBEAT,48,HEARTBEAT,0,0,0,0,0,0,0x10013FC0
1777182433.665,1770539,4,4,ADCS,255,BROADCAST,0,HEARTBEAT,48,HEARTBEAT,0,0,0,0,0,0,0x10013FC0
1777182434.769,1771633,4,4,ADCS,255,BROADCAST,0,HEARTBEAT,48,HEARTBEAT,0,0,0,0,0,0,0x10013FC0
1777182435.852,1772728,4,4,ADCS,255,BROADCAST,0,HEARTBEAT,48,HEARTBEAT,0,0,0,0,0,0,0x10013FC0
1777182436.947,1773822,4,4,ADCS,255,BROADCAST,0,HEARTBEAT,48,HEARTBEAT,0,0,0,0,0,0,0x10013FC0
1777182438.048,1774917,4,4,ADCS,255,BROADCAST,0,HEARTBEAT,48,HEARTBEAT,0,0,0,0,0,0,0x10013FC0
1777182439.135,1776011,4,4,ADCS,255,BROADCAST,0,HEARTBEAT,48,HEARTBEAT,0,0,0,0,0,0,0x10013FC0
1777182440.230,1777106,4,4,ADCS,255,BROADCAST,0,HEARTBEAT,48,HEARTBEAT,0,0,0,0,0,0,0x10013FC0
1777182441.334,1778200,4,4,ADCS,255,BROADCAST,0,HEARTBEAT,48,HEARTBEAT,0,0,0,0,0,0,0x10013FC0
1777182442.419,1779295,4,4,ADCS,255,BROADCAST,0,HEARTBEAT,48,HEARTBEAT,0,0,0,0,0,0,0x10013FC0
1777182443.514,1780389,4,4,ADCS,255,BROADCAST,0,HEARTBEAT,48,HEARTBEAT,0,0,0,0,0,0,0x10013FC0
1777182444.608,1781484,4,4,ADCS,255,BROADCAST,0,HEARTBEAT,48,HEARTBEAT,0,0,0,0,0,0,0x10013FC0
1777182445.733,1782578,4,4,ADCS,255,BROADCAST,0,HEARTBEAT,48,HEARTBEAT,0,0,0,0,0,0,0x10013FC0
1777182446.796,1783673,4,4,ADCS,255,BROADCAST,0,HEARTBEAT,48,HEARTBEAT,0,0,0,0,0,0,0x10013FC0
1777182447.891,1784767,4,4,ADCS,255,BROADCAST,0,HEARTBEAT,48,HEARTBEAT,0,0,0,0,0,0,0x10013FC0
1777182449.007,1785862,4,4,ADCS,255,BROADCAST,0,HEARTBEAT,48,HEARTBEAT,0,0,0,0,0,0,0x10013FC0
1777182450.080,1786956,4,4,ADCS,255,BROADCAST,0,HEARTBEAT,48,HEARTBEAT,0,0,0,0,0,0,0x10013FC0
1777182451.175,1788051,4,4,ADCS,255,BROADCAST,0,HEARTBEAT,48,HEARTBEAT,0,0,0,0,0,0,0x10013FC0
1777182452.313,1789145,4,4,ADCS,255,BROADCAST,0,HEARTBEAT,48,HEARTBEAT,0,0,0,0,0,0,0x10013FC0
1777182453.363,1790240,4,4,ADCS,255,BROADCAST,0,HEARTBEAT,48,HEARTBEAT,0,0,0,0,0,0,0x10013FC0
1777182454.458,1791334,4,4,ADCS,255,BROADCAST,0,HEARTBEAT,48,HEARTBEAT,0,0,0,0,0,0,0x10013FC0
1777182455.558,1792429,4,4,ADCS,255,BROADCAST,0,HEARTBEAT,48,HEARTBEAT,0,0,0,0,0,0,0x10013FC0
1777182456.647,1793523,4,4,ADCS,255,BROADCAST,0,HEARTBEAT,48,HEARTBEAT,0,0,0,0,0,0,0x10013FC0
1777182457.742,1794619,4,4,ADCS,255,BROADCAST,0,HEARTBEAT,48,HEARTBEAT,0,0,0,0,0,0,0x10013FC0
1777182458.841,1795712,4,4,ADCS,255,BROADCAST,0,HEARTBEAT,48,HEARTBEAT,0,0,0,0,0,0,0x10013FC0
1777182459.971,1796807,4,4,ADCS,255,BROADCAST,0,HEARTBEAT,48,HEARTBEAT,0,0,0,0,0,0,0x10013FC0
1777182461.025,1797901,4,4,ADCS,255,BROADCAST,0,HEARTBEAT,48,HEARTBEAT,0,0,0,0,0,0,0x10013FC0
1777182462.122,1798996,4,4,ADCS,255,BROADCAST,0,HEARTBEAT,48,HEARTBEAT,0,0,0,0,0,0,0x10013FC0
1777182463.242,1800090,4,4,ADCS,255,BROADCAST,0,HEARTBEAT,48,HEARTBEAT,0,0,0,0,0,0,0x10013FC0
1777182464.309,1801185,4,4,ADCS,255,BROADCAST,0,HEARTBEAT,48,HEARTBEAT,0,0,0,0,0,0,0x10013FC0
1777182465.403,1802279,4,4,ADCS,255,BROADCAST,0,HEARTBEAT,48,HEARTBEAT,0,0,0,0,0,0,0x10013FC0
1777182466.514,1803374,4,4,ADCS,255,BROADCAST,0,HEARTBEAT,48,HEARTBEAT,0,0,0,0,0,0,0x10013FC0
1777182467.592,1804468,4,4,ADCS,255,BROADCAST,0,HEARTBEAT,48,HEARTBEAT,0,0,0,0,0,0,0x10013FC0
1777182468.690,1805562,4,4,ADCS,255,BROADCAST,0,HEARTBEAT,48,HEARTBEAT,0,0,0,0,0,0,0x10013FC0
1777182469.802,1806657,4,4,ADCS,255,BROADCAST,0,HEARTBEAT,48,HEARTBEAT,0,0,0,0,0,0,0x10013FC0
1777182470.876,1807751,4,4,ADCS,255,BROADCAST,0,HEARTBEAT,48,HEARTBEAT,0,0,0,0,0,0,0x10013FC0
1777182471.970,1808846,4,4,ADCS,255,BROADCAST,0,HEARTBEAT,48,HEARTBEAT,0,0,0,0,0,0,0x10013FC0
1777182473.083,1809941,4,4,ADCS,255,BROADCAST,0,HEARTBEAT,48,HEARTBEAT,0,0,0,0,0,0,0x10013FC0
1777182474.159,1811035,4,4,ADCS,255,BROADCAST,0,HEARTBEAT,48,HEARTBEAT,0,0,0,0,0,0,0x10013FC0
1777182475.255,1812130,4,4,ADCS,255,BROADCAST,0,HEARTBEAT,48,HEARTBEAT,0,0,0,0,0,0,0x10013FC0
1777182476.359,1813224,4,4,ADCS,255,BROADCAST,0,HEARTBEAT,48,HEARTBEAT,0,0,0,0,0,0,0x10013FC0
1777182477.470,1814319,4,4,ADCS,255,BROADCAST,0,HEARTBEAT,48,HEARTBEAT,0,0,0,0,0,0,0x10013FC0
1777182478.546,1815413,4,4,ADCS,255,BROADCAST,0,HEARTBEAT,48,HEARTBEAT,0,0,0,0,0,0,0x10013FC0
1777182479.632,1816508,4,4,ADCS,255,BROADCAST,0,HEARTBEAT,48,HEARTBEAT,0,0,0,0,0,0,0x10013FC0
1777182480.759,1817602,4,4,ADCS,255,BROADCAST,0,HEARTBEAT,48,HEARTBEAT,0,0,0,0,0,0,0x10013FC0
1777182481.821,1818697,4,4,ADCS,255,BROADCAST,0,HEARTBEAT,48,HEARTBEAT,0,0,0,0,0,0,0x10013FC0
1777182482.915,1819791,4,4,ADCS,255,BROADCAST,0,HEARTBEAT,48,HEARTBEAT,0,0,0,0,0,0,0x10013FC0
1777182484.025,1820886,4,4,ADCS,255,BROADCAST,0,HEARTBEAT,48,HEARTBEAT,0,0,0,0,0,0,0x10013FC0
1777182485.105,1821980,4,4,ADCS,255,BROADCAST,0,HEARTBEAT,48,HEARTBEAT,0,0,0,0,0,0,0x10013FC0
1777182486.199,1823075,4,4,ADCS,255,BROADCAST,0,HEARTBEAT,48,HEARTBEAT,0,0,0,0,0,0,0x10013FC0
1777182487.312,1824169,4,4,ADCS,255,BROADCAST,0,HEARTBEAT,48,HEARTBEAT,0,0,0,0,0,0,0x10013FC0
1777182488.389,1825264,4,4,ADCS,255,BROADCAST,0,HEARTBEAT,48,HEARTBEAT,0,0,0,0,0,0,0x10013FC0
1777182489.483,1826359,4,4,ADCS,255,BROADCAST,0,HEARTBEAT,48,HEARTBEAT,0,0,0,0,0,0,0x10013FC0
1777182490.591,1827453,4,4,ADCS,255,BROADCAST,0,HEARTBEAT,48,HEARTBEAT,0,0,0,0,0,0,0x10013FC0
1777182491.673,1828548,4,4,ADCS,255,BROADCAST,0,HEARTBEAT,48,HEARTBEAT,0,0,0,0,0,0,0x10013FC0
1777182492.767,1829642,4,4,ADCS,255,BROADCAST,0,HEARTBEAT,48,HEARTBEAT,0,0,0,0,0,0,0x10013FC0
1777182493.866,1830737,4,4,ADCS,255,BROADCAST,0,HEARTBEAT,48,HEARTBEAT,0,0,0,0,0,0,0x10013FC0
1777182494.979,1831831,4,4,ADCS,255,BROADCAST,0,HEARTBEAT,48,HEARTBEAT,0,0,0,0,0,0,0x10013FC0
1777182496.051,1832926,4,4,ADCS,255,BROADCAST,0,HEARTBEAT,48,HEARTBEAT,0,0,0,0,0,0,0x10013FC0
1777182497.145,1834020,4,4,ADCS,255,BROADCAST,0,HEARTBEAT,48,HEARTBEAT,0,0,0,0,0,0,0x10013FC0
1777182498.271,1835115,4,4,ADCS,255,BROADCAST,0,HEARTBEAT,48,HEARTBEAT,0,0,0,0,0,0,0x10013FC0
1777182499.334,1836209,4,4,ADCS,255,BROADCAST,0,HEARTBEAT,48,HEARTBEAT,0,0,0,0,0,0,0x10013FC0
1777182500.452,1837304,4,4,ADCS,255,BROADCAST,0,HEARTBEAT,48,HEARTBEAT,0,0,0,0,0,0,0x10013FC0
1777182501.543,1838399,4,4,ADCS,255,BROADCAST,0,HEARTBEAT,48,HEARTBEAT,0,0,0,0,0,0,0x10013FC0
1777182502.617,1839493,4,4,ADCS,255,BROADCAST,0,HEARTBEAT,48,HEARTBEAT,0,0,0,0,0,0,0x10013FC0
1777182503.712,1840588,4,4,ADCS,255,BROADCAST,0,HEARTBEAT,48,HEARTBEAT,0,0,0,0,0,0,0x10013FC0
1777182504.819,1841682,4,4,ADCS,255,BROADCAST,0,HEARTBEAT,48,HEARTBEAT,0,0,0,0,0,0,0x10013FC0
1777182505.902,1842777,4,4,ADCS,255,BROADCAST,0,HEARTBEAT,48,HEARTBEAT,0,0,0,0,0,0,0x10013FC0
1777182506.997,1843872,4,4,ADCS,255,BROADCAST,0,HEARTBEAT,48,HEARTBEAT,0,0,0,0,0,0,0x10013FC0
1777182508.101,1844966,4,4,ADCS,255,BROADCAST,0,HEARTBEAT,48,HEARTBEAT,0,0,0,0,0,0,0x10013FC0
1777182509.185,1846061,4,4,ADCS,255,BROADCAST,0,HEARTBEAT,48,HEARTBEAT,0,0,0,0,0,0,0x10013FC0
1777182510.279,1847155,4,4,ADCS,255,BROADCAST,0,HEARTBEAT,48,HEARTBEAT,0,0,0,0,0,0,0x10013FC0
1777182511.378,1848250,4,4,ADCS,255,BROADCAST,0,HEARTBEAT,48,HEARTBEAT,0,0,0,0,0,0,0x10013FC0
1777182512.503,1849344,4,4,ADCS,255,BROADCAST,0,HEARTBEAT,48,HEARTBEAT,0,0,0,0,0,0,0x10013FC0
1777182513.564,1850439,4,4,ADCS,255,BROADCAST,0,HEARTBEAT,48,HEARTBEAT,0,0,0,0,0,0,0x10013FC0
1777182514.659,1851533,4,4,ADCS,255,BROADCAST,0,HEARTBEAT,48,HEARTBEAT,0,0,0,0,0,0,0x10013FC0
1777182515.782,1852628,4,4,ADCS,255,BROADCAST,0,HEARTBEAT,48,HEARTBEAT,0,0,0,0,0,0,0x10013FC0
1777182516.848,1853723,4,4,ADCS,255,BROADCAST,0,HEARTBEAT,48,HEARTBEAT,0,0,0,0,0,0,0x10013FC0
1777182517.942,1854817,4,4,ADCS,255,BROADCAST,0,HEARTBEAT,48,HEARTBEAT,0,0,0,0,0,0,0x10013FC0
1777182519.056,1855912,4,4,ADCS,255,BROADCAST,0,HEARTBEAT,48,HEARTBEAT,0,0,0,0,0,0,0x10013FC0
1777182520.131,1857006,4,4,ADCS,255,BROADCAST,0,HEARTBEAT,48,HEARTBEAT,0,0,0,0,0,0,0x10013FC0
1777182521.226,1858101,4,4,ADCS,255,BROADCAST,0,HEARTBEAT,48,HEARTBEAT,0,0,0,0,0,0,0x10013FC0
1777182522.333,1859195,4,4,ADCS,255,BROADCAST,0,HEARTBEAT,48,HEARTBEAT,0,0,0,0,0,0,0x10013FC0
1777182523.415,1860290,4,4,ADCS,255,BROADCAST,0,HEARTBEAT,48,HEARTBEAT,0,0,0,0,0,0,0x10013FC0
1777182524.510,1861385,4,4,ADCS,255,BROADCAST,0,HEARTBEAT,48,HEARTBEAT,0,0,0,0,0,0,0x10013FC0
1777182525.609,1862479,4,4,ADCS,255,BROADCAST,0,HEARTBEAT,48,HEARTBEAT,0,0,0,0,0,0,0x10013FC0
1777182526.735,1863574,4,4,ADCS,255,BROADCAST,0,HEARTBEAT,48,HEARTBEAT,0,0,0,0,0,0,0x10013FC0
1777182527.793,1864668,4,4,ADCS,255,BROADCAST,0,HEARTBEAT,48,HEARTBEAT,0,0,0,0,0,0,0x10013FC0
1777182528.888,1865763,4,4,ADCS,255,BROADCAST,0,HEARTBEAT,48,HEARTBEAT,0,0,0,0,0,0,0x10013FC0
1777182530.012,1866858,4,4,ADCS,255,BROADCAST,0,HEARTBEAT,48,HEARTBEAT,0,0,0,0,0,0,0x10013FC0
1777182531.077,1867952,4,4,ADCS,255,BROADCAST,0,HEARTBEAT,48,HEARTBEAT,0,0,0,0,0,0,0x10013FC0
1777182532.171,1869047,4,4,ADCS,255,BROADCAST,0,HEARTBEAT,48,HEARTBEAT,0,0,0,0,0,0,0x10013FC0
1777182533.294,1870141,4,4,ADCS,255,BROADCAST,0,HEARTBEAT,48,HEARTBEAT,0,0,0,0,0,0,0x10013FC0
1777182534.361,1871236,4,4,ADCS,255,BROADCAST,0,HEARTBEAT,48,HEARTBEAT,0,0,0,0,0,0,0x10013FC0
1777182535.456,1872331,4,4,ADCS,255,BROADCAST,0,HEARTBEAT,48,HEARTBEAT,0,0,0,0,0,0,0x10013FC0
1777182536.569,1873425,4,4,ADCS,255,BROADCAST,0,HEARTBEAT,48,HEARTBEAT,0,0,0,0,0,0,0x10013FC0
1777182537.644,1874520,4,4,ADCS,255,BROADCAST,0,HEARTBEAT,48,HEARTBEAT,0,0,0,0,0,0,0x10013FC0
1777182538.739,1875614,4,4,ADCS,255,BROADCAST,0,HEARTBEAT,48,HEARTBEAT,0,0,0,0,0,0,0x10013FC0
1777182539.843,1876709,4,4,ADCS,255,BROADCAST,0,HEARTBEAT,48,HEARTBEAT,0,0,0,0,0,0,0x10013FC0
1777182540.928,1877803,4,4,ADCS,255,BROADCAST,0,HEARTBEAT,48,HEARTBEAT,0,0,0,0,0,0,0x10013FC0
1777182542.022,1878898,4,4,ADCS,255,BROADCAST,0,HEARTBEAT,48,HEARTBEAT,0,0,0,0,0,0,0x10013FC0
1777182543.122,1879992,4,4,ADCS,255,BROADCAST,0,HEARTBEAT,48,HEARTBEAT,0,0,0,0,0,0,0x10013FC0
1777182544.247,1881087,4,4,ADCS,255,BROADCAST,0,HEARTBEAT,48,HEARTBEAT,0,0,0,0,0,0,0x10013FC0
1777182545.306,1882181,4,4,ADCS,255,BROADCAST,0,HEARTBEAT,48,HEARTBEAT,0,0,0,0,0,0,0x10013FC0
1777182546.401,1883276,4,4,ADCS,255,BROADCAST,0,HEARTBEAT,48,HEARTBEAT,0,0,0,0,0,0,0x10013FC0
1777182547.518,1884370,4,4,ADCS,255,BROADCAST,0,HEARTBEAT,48,HEARTBEAT,0,0,0,0,0,0,0x10013FC0
1777182548.597,1885465,4,4,ADCS,255,BROADCAST,0,HEARTBEAT,48,HEARTBEAT,0,0,0,0,0,0,0x10013FC0
1777182549.685,1886560,4,4,ADCS,255,BROADCAST,0,HEARTBEAT,48,HEARTBEAT,0,0,0,0,0,0,0x10013FC0
1777182550.803,1887654,4,4,ADCS,255,BROADCAST,0,HEARTBEAT,48,HEARTBEAT,0,0,0,0,0,0,0x10013FC0
1777182551.879,1888750,4,4,ADCS,255,BROADCAST,0,HEARTBEAT,48,HEARTBEAT,0,0,0,0,0,0,0x10013FC0
1777182552.969,1889844,4,4,ADCS,255,BROADCAST,0,HEARTBEAT,48,HEARTBEAT,0,0,0,0,0,0,0x10013FC0
1777182554.072,1890938,4,4,ADCS,255,BROADCAST,0,HEARTBEAT,48,HEARTBEAT,0,0,0,0,0,0,0x10013FC0
1777182555.158,1892033,4,4,ADCS,255,BROADCAST,0,HEARTBEAT,48,HEARTBEAT,0,0,0,0,0,0,0x10013FC0
1777182556.253,1893127,4,4,ADCS,255,BROADCAST,0,HEARTBEAT,48,HEARTBEAT,0,0,0,0,0,0,0x10013FC0
1777182557.357,1894222,4,4,ADCS,255,BROADCAST,0,HEARTBEAT,48,HEARTBEAT,0,0,0,0,0,0,0x10013FC0
1777182558.442,1895316,4,4,ADCS,255,BROADCAST,0,HEARTBEAT,48,HEARTBEAT,0,0,0,0,0,0,0x10013FC0
1777182559.536,1896411,4,4,ADCS,255,BROADCAST,0,HEARTBEAT,48,HEARTBEAT,0,0,0,0,0,0,0x10013FC0
1777182560.633,1897506,4,4,ADCS,255,BROADCAST,0,HEARTBEAT,48,HEARTBEAT,0,0,0,0,0,0,0x10013FC0
1777182561.760,1898600,4,4,ADCS,255,BROADCAST,0,HEARTBEAT,48,HEARTBEAT,0,0,0,0,0,0,0x10013FC0
1777182562.819,1899695,4,4,ADCS,255,BROADCAST,0,HEARTBEAT,48,HEARTBEAT,0,0,0,0,0,0,0x10013FC0
1777182563.915,1900789,4,4,ADCS,255,BROADCAST,0,HEARTBEAT,48,HEARTBEAT,0,0,0,0,0,0,0x10013FC0
1777182565.032,1901884,4,4,ADCS,255,BROADCAST,0,HEARTBEAT,48,HEARTBEAT,0,0,0,0,0,0,0x10013FC0
1777182566.104,1902978,4,4,ADCS,255,BROADCAST,0,HEARTBEAT,48,HEARTBEAT,0,0,0,0,0,0,0x10013FC0
1777182567.199,1904073,4,4,ADCS,255,BROADCAST,0,HEARTBEAT,48,HEARTBEAT,0,0,0,0,0,0,0x10013FC0
1777182568.314,1905168,4,4,ADCS,255,BROADCAST,0,HEARTBEAT,48,HEARTBEAT,0,0,0,0,0,0,0x10013FC0
1777182569.388,1906262,4,4,ADCS,255,BROADCAST,0,HEARTBEAT,48,HEARTBEAT,0,0,0,0,0,0,0x10013FC0
1777182570.484,1907357,4,4,ADCS,255,BROADCAST,0,HEARTBEAT,48,HEARTBEAT,0,0,0,0,0,0,0x10013FC0
1777182571.582,1908451,4,4,ADCS,255,BROADCAST,0,HEARTBEAT,48,HEARTBEAT,0,0,0,0,0,0,0x10013FC0
1777182572.672,1909546,4,4,ADCS,255,BROADCAST,0,HEARTBEAT,48,HEARTBEAT,0,0,0,0,0,0,0x10013FC0
1777182573.766,1910641,4,4,ADCS,255,BROADCAST,0,HEARTBEAT,48,HEARTBEAT,0,0,0,0,0,0,0x10013FC0
1777182574.862,1911735,4,4,ADCS,255,BROADCAST,0,HEARTBEAT,48,HEARTBEAT,0,0,0,0,0,0,0x10013FC0
1777182575.995,1912830,4,4,ADCS,255,BROADCAST,0,HEARTBEAT,48,HEARTBEAT,0,0,0,0,0,0,0x10013FC0
1777182577.055,1913924,4,4,ADCS,255,BROADCAST,0,HEARTBEAT,48,HEARTBEAT,0,0,0,0,0,0,0x10013FC0
1777182578.144,1915019,4,4,ADCS,255,BROADCAST,0,HEARTBEAT,48,HEARTBEAT,0,0,0,0,0,0,0x10013FC0
1777182579.268,1916113,4,4,ADCS,255,BROADCAST,0,HEARTBEAT,48,HEARTBEAT,0,0,0,0,0,0,0x10013FC0
1777182580.333,1917208,4,4,ADCS,255,BROADCAST,0,HEARTBEAT,48,HEARTBEAT,0,0,0,0,0,0,0x10013FC0
1777182581.429,1918302,4,4,ADCS,255,BROADCAST,0,HEARTBEAT,48,HEARTBEAT,0,0,0,0,0,0,0x10013FC0
1777182582.534,1919397,4,4,ADCS,255,BROADCAST,0,HEARTBEAT,48,HEARTBEAT,0,0,0,0,0,0,0x10013FC0
1777182583.617,1920492,4,4,ADCS,255,BROADCAST,0,HEARTBEAT,48,HEARTBEAT,0,0,0,0,0,0,0x10013FC0
1777182584.712,1921586,4,4,ADCS,255,BROADCAST,0,HEARTBEAT,48,HEARTBEAT,0,0,0,0,0,0,0x10013FC0
1777182585.817,1922681,4,4,ADCS,255,BROADCAST,0,HEARTBEAT,48,HEARTBEAT,0,0,0,0,0,0,0x10013FC0
1777182586.901,1923775,4,4,ADCS,255,BROADCAST,0,HEARTBEAT,48,HEARTBEAT,0,0,0,0,0,0,0x10013FC0
1777182587.996,1924870,4,4,ADCS,255,BROADCAST,0,HEARTBEAT,48,HEARTBEAT,0,0,0,0,0,0,0x10013FC0
1777182589.101,1925964,4,4,ADCS,255,BROADCAST,0,HEARTBEAT,48,HEARTBEAT,0,0,0,0,0,0,0x10013FC0
1777182590.185,1927059,4,4,ADCS,255,BROADCAST,0,HEARTBEAT,48,HEARTBEAT,0,0,0,0,0,0,0x10013FC0
1777182591.282,1928154,4,4,ADCS,255,BROADCAST,0,HEARTBEAT,48,HEARTBEAT,0,0,0,0,0,0,0x10013FC0
1777182592.379,1929248,4,4,ADCS,255,BROADCAST,0,HEARTBEAT,48,HEARTBEAT,0,0,0,0,0,0,0x10013FC0
1777182593.507,1930343,4,4,ADCS,255,BROADCAST,0,HEARTBEAT,48,HEARTBEAT,0,0,0,0,0,0,0x10013FC0
1777182594.565,1931437,4,4,ADCS,255,BROADCAST,0,HEARTBEAT,48,HEARTBEAT,0,0,0,0,0,0,0x10013FC0
1777182595.658,1932532,4,4,ADCS,255,BROADCAST,0,HEARTBEAT,48,HEARTBEAT,0,0,0,0,0,0,0x10013FC0
1777182596.782,1933627,4,4,ADCS,255,BROADCAST,0,HEARTBEAT,48,HEARTBEAT,0,0,0,0,0,0,0x10013FC0
1777182597.847,1934721,4,4,ADCS,255,BROADCAST,0,HEARTBEAT,48,HEARTBEAT,0,0,0,0,0,0,0x10013FC0
1777182598.942,1935816,4,4,ADCS,255,BROADCAST,0,HEARTBEAT,48,HEARTBEAT,0,0,0,0,0,0,0x10013FC0
1777182600.058,1936910,4,4,ADCS,255,BROADCAST,0,HEARTBEAT,48,HEARTBEAT,0,0,0,0,0,0,0x10013FC0
1777182601.131,1938005,4,4,ADCS,255,BROADCAST,0,HEARTBEAT,48,HEARTBEAT,0,0,0,0,0,0,0x10013FC0
1777182602.228,1939100,4,4,ADCS,255,BROADCAST,0,HEARTBEAT,48,HEARTBEAT,0,0,0,0,0,0,0x10013FC0
1777182603.336,1940194,4,4,ADCS,255,BROADCAST,0,HEARTBEAT,48,HEARTBEAT,0,0,0,0,0,0,0x10013FC0
1777182604.415,1941289,4,4,ADCS,255,BROADCAST,0,HEARTBEAT,48,HEARTBEAT,0,0,0,0,0,0,0x10013FC0
1777182605.509,1942383,4,4,ADCS,255,BROADCAST,0,HEARTBEAT,48,HEARTBEAT,0,0,0,0,0,0,0x10013FC0
1777182606.614,1943478,4,4,ADCS,255,BROADCAST,0,HEARTBEAT,48,HEARTBEAT,0,0,0,0,0,0,0x10013FC0
1777182607.740,1944573,4,4,ADCS,255,BROADCAST,0,HEARTBEAT,48,HEARTBEAT,0,0,0,0,0,0,0x10013FC0
1777182608.793,1945667,4,4,ADCS,255,BROADCAST,0,HEARTBEAT,48,HEARTBEAT,0,0,0,0,0,0,0x10013FC0
1777182609.890,1946762,4,4,ADCS,255,BROADCAST,0,HEARTBEAT,48,HEARTBEAT,0,0,0,0,0,0,0x10013FC0
1777182611.017,1947856,4,4,ADCS,255,BROADCAST,0,HEARTBEAT,48,HEARTBEAT,0,0,0,0,0,0,0x10013FC0
1777182612.084,1948951,4,4,ADCS,255,BROADCAST,0,HEARTBEAT,48,HEARTBEAT,0,0,0,0,0,0,0x10013FC0
1777182613.172,1950046,4,4,ADCS,255,BROADCAST,0,HEARTBEAT,48,HEARTBEAT,0,0,0,0,0,0,0x10013FC0
1777182614.292,1951140,4,4,ADCS,255,BROADCAST,0,HEARTBEAT,48,HEARTBEAT,0,0,0,0,0,0,0x10013FC0
1777182615.361,1952235,4,4,ADCS,255,BROADCAST,0,HEARTBEAT,48,HEARTBEAT,0,0,0,0,0,0,0x10013FC0
1777182616.457,1953329,4,4,ADCS,255,BROADCAST,0,HEARTBEAT,48,HEARTBEAT,0,0,0,0,0,0,0x10013FC0
1777182617.570,1954424,4,4,ADCS,255,BROADCAST,0,HEARTBEAT,48,HEARTBEAT,0,0,0,0,0,0,0x10013FC0
1777182618.645,1955518,4,4,ADCS,255,BROADCAST,0,HEARTBEAT,48,HEARTBEAT,0,0,0,0,0,0,0x10013FC0
1777182619.739,1956613,4,4,ADCS,255,BROADCAST,0,HEARTBEAT,48,HEARTBEAT,0,0,0,0,0,0,0x10013FC0
1777182620.846,1957707,4,4,ADCS,255,BROADCAST,0,HEARTBEAT,48,HEARTBEAT,0,0,0,0,0,0,0x10013FC0
1777182621.928,1958802,4,4,ADCS,255,BROADCAST,0,HEARTBEAT,48,HEARTBEAT,0,0,0,0,0,0,0x10013FC0
1777182623.022,1959896,4,4,ADCS,255,BROADCAST,0,HEARTBEAT,48,HEARTBEAT,0,0,0,0,0,0,0x10013FC0
1777182624.123,1960991,4,4,ADCS,255,BROADCAST,0,HEARTBEAT,48,HEARTBEAT,0,0,0,0,0,0,0x10013FC0
1777182625.250,1962085,4,4,ADCS,255,BROADCAST,0,HEARTBEAT,48,HEARTBEAT,0,0,0,0,0,0,0x10013FC0
1777182626.307,1963180,4,4,ADCS,255,BROADCAST,0,HEARTBEAT,48,HEARTBEAT,0,0,0,0,0,0,0x10013FC0
1777182627.400,1964274,4,4,ADCS,255,BROADCAST,0,HEARTBEAT,48,HEARTBEAT,0,0,0,0,0,0,0x10013FC0
1777182628.526,1965369,4,4,ADCS,255,BROADCAST,0,HEARTBEAT,48,HEARTBEAT,0,0,0,0,0,0,0x10013FC0
1777182629.589,1966463,4,4,ADCS,255,BROADCAST,0,HEARTBEAT,48,HEARTBEAT,0,0,0,0,0,0,0x10013FC0
1777182630.685,1967558,4,4,ADCS,255,BROADCAST,0,HEARTBEAT,48,HEARTBEAT,0,0,0,0,0,0,0x10013FC0
1777182631.804,1968652,4,4,ADCS,255,BROADCAST,0,HEARTBEAT,48,HEARTBEAT,0,0,0,0,0,0,0x10013FC0
1777182632.874,1969747,4,4,ADCS,255,BROADCAST,0,HEARTBEAT,48,HEARTBEAT,0,0,0,0,0,0,0x10013FC0
1777182633.968,1970841,4,4,ADCS,255,BROADCAST,0,HEARTBEAT,48,HEARTBEAT,0,0,0,0,0,0,0x10013FC0
1777182635.081,1971936,4,4,ADCS,255,BROADCAST,0,HEARTBEAT,48,HEARTBEAT,0,0,0,0,0,0,0x10013FC0
1777182636.156,1973030,4,4,ADCS,255,BROADCAST,0,HEARTBEAT,48,HEARTBEAT,0,0,0,0,0,0,0x10013FC0
1777182637.251,1974125,4,4,ADCS,255,BROADCAST,0,HEARTBEAT,48,HEARTBEAT,0,0,0,0,0,0,0x10013FC0
1777182638.358,1975219,4,4,ADCS,255,BROADCAST,0,HEARTBEAT,48,HEARTBEAT,0,0,0,0,0,0,0x10013FC0
1777182639.440,1976314,4,4,ADCS,255,BROADCAST,0,HEARTBEAT,48,HEARTBEAT,0,0,0,0,0,0,0x10013FC0
1777182640.538,1977408,4,4,ADCS,255,BROADCAST,0,HEARTBEAT,48,HEARTBEAT,0,0,0,0,0,0,0x10013FC0
1777182641.634,1978503,4,4,ADCS,255,BROADCAST,0,HEARTBEAT,48,HEARTBEAT,0,0,0,0,0,0,0x10013FC0
1777182642.762,1979597,4,4,ADCS,255,BROADCAST,0,HEARTBEAT,48,HEARTBEAT,0,0,0,0,0,0,0x10013FC0
1777182643.818,1980692,4,4,ADCS,255,BROADCAST,0,HEARTBEAT,48,HEARTBEAT,0,0,0,0,0,0,0x10013FC0
1777182644.913,1981786,4,4,ADCS,255,BROADCAST,0,HEARTBEAT,48,HEARTBEAT,0,0,0,0,0,0,0x10013FC0
1777182646.038,1982881,4,4,ADCS,255,BROADCAST,0,HEARTBEAT,48,HEARTBEAT,0,0,0,0,0,0,0x10013FC0
1777182647.103,1983975,4,4,ADCS,255,BROADCAST,0,HEARTBEAT,48,HEARTBEAT,0,0,0,0,0,0,0x10013FC0
1777182648.199,1985070,4,4,ADCS,255,BROADCAST,0,HEARTBEAT,48,HEARTBEAT,0,0,0,0,0,0,0x10013FC0
1777182649.315,1986164,4,4,ADCS,255,BROADCAST,0,HEARTBEAT,48,HEARTBEAT,0,0,0,0,0,0,0x10013FC0
1777182650.385,1987258,4,4,ADCS,255,BROADCAST,0,HEARTBEAT,48,HEARTBEAT,0,0,0,0,0,0,0x10013FC0
1777182651.483,1988353,4,4,ADCS,255,BROADCAST,0,HEARTBEAT,48,HEARTBEAT,0,0,0,0,0,0,0x10013FC0
1777182652.593,1989447,4,4,ADCS,255,BROADCAST,0,HEARTBEAT,48,HEARTBEAT,0,0,0,0,0,0,0x10013FC0
1777182653.668,1990542,4,4,ADCS,255,BROADCAST,0,HEARTBEAT,48,HEARTBEAT,0,0,0,0,0,0,0x10013FC0
1777182654.765,1991636,4,4,ADCS,255,BROADCAST,0,HEARTBEAT,48,HEARTBEAT,0,0,0,0,0,0,0x10013FC0
1777182655.866,1992731,4,4,ADCS,255,BROADCAST,0,HEARTBEAT,48,HEARTBEAT,0,0,0,0,0,0,0x10013FC0
1777182656.952,1993825,4,4,ADCS,255,BROADCAST,0,HEARTBEAT,48,HEARTBEAT,0,0,0,0,0,0,0x10013FC0
1777182658.046,1994920,4,4,ADCS,255,BROADCAST,0,HEARTBEAT,48,HEARTBEAT,0,0,0,0,0,0,0x10013FC0
1777182659.142,1996014,4,4,ADCS,255,BROADCAST,0,HEARTBEAT,48,HEARTBEAT,0,0,0,0,0,0,0x10013FC0
1777182660.259,1997109,4,4,ADCS,255,BROADCAST,0,HEARTBEAT,48,HEARTBEAT,0,0,0,0,0,0,0x10013FC0
1777182661.330,1998203,4,4,ADCS,255,BROADCAST,0,HEARTBEAT,48,HEARTBEAT,0,0,0,0,0,0,0x10013FC0
1777182662.424,1999298,4,4,ADCS,255,BROADCAST,0,HEARTBEAT,48,HEARTBEAT,0,0,0,0,0,0,0x10013FC0
1777182663.539,2000392,4,4,ADCS,255,BROADCAST,0,HEARTBEAT,48,HEARTBEAT,0,0,0,0,0,0,0x10013FC0
1777182664.614,2001487,4,4,ADCS,255,BROADCAST,0,HEARTBEAT,48,HEARTBEAT,0,0,0,0,0,0,0x10013FC0
1777182665.708,2002581,4,4,ADCS,255,BROADCAST,0,HEARTBEAT,48,HEARTBEAT,0,0,0,0,0,0,0x10013FC0
1777182666.833,2003676,4,4,ADCS,255,BROADCAST,0,HEARTBEAT,48,HEARTBEAT,0,0,0,0,0,0,0x10013FC0
1777182667.897,2004770,4,4,ADCS,255,BROADCAST,0,HEARTBEAT,48,HEARTBEAT,0,0,0,0,0,0,0x10013FC0
1777182668.991,2005865,4,4,ADCS,255,BROADCAST,0,HEARTBEAT,48,HEARTBEAT,0,0,0,0,0,0,0x10013FC0
1777182670.099,2006959,4,4,ADCS,255,BROADCAST,0,HEARTBEAT,48,HEARTBEAT,0,0,0,0,0,0,0x10013FC0
1777182671.183,2008054,4,4,ADCS,255,BROADCAST,0,HEARTBEAT,48,HEARTBEAT,0,0,0,0,0,0,0x10013FC0
1777182672.275,2009148,4,4,ADCS,255,BROADCAST,0,HEARTBEAT,48,HEARTBEAT,0,0,0,0,0,0,0x10013FC0
1777182673.378,2010243,4,4,ADCS,255,BROADCAST,0,HEARTBEAT,48,HEARTBEAT,0,0,0,0,0,0,0x10013FC0
1777182674.463,2011337,4,4,ADCS,255,BROADCAST,0,HEARTBEAT,48,HEARTBEAT,0,0,0,0,0,0,0x10013FC0
1777182675.558,2012432,4,4,ADCS,255,BROADCAST,0,HEARTBEAT,48,HEARTBEAT,0,0,0,0,0,0,0x10013FC0
1777182676.653,2013526,4,4,ADCS,255,BROADCAST,0,HEARTBEAT,48,HEARTBEAT,0,0,0,0,0,0,0x10013FC0
1777182677.782,2014621,4,4,ADCS,255,BROADCAST,0,HEARTBEAT,48,HEARTBEAT,0,0,0,0,0,0,0x10013FC0
1777182678.842,2015715,4,4,ADCS,255,BROADCAST,0,HEARTBEAT,48,HEARTBEAT,0,0,0,0,0,0,0x10013FC0
1777182679.936,2016810,4,4,ADCS,255,BROADCAST,0,HEARTBEAT,48,HEARTBEAT,0,0,0,0,0,0,0x10013FC0
1777182681.049,2017904,4,4,ADCS,255,BROADCAST,0,HEARTBEAT,48,HEARTBEAT,0,0,0,0,0,0,0x10013FC0
1777182682.126,2018999,4,4,ADCS,255,BROADCAST,0,HEARTBEAT,48,HEARTBEAT,0,0,0,0,0,0,0x10013FC0
1777182683.222,2020093,4,4,ADCS,255,BROADCAST,0,HEARTBEAT,48,HEARTBEAT,0,0,0,0,0,0,0x10013FC0
1777182684.336,2021188,4,4,ADCS,255,BROADCAST,0,HEARTBEAT,48,HEARTBEAT,0,0,0,0,0,0,0x10013FC0
1777182685.409,2022282,4,4,ADCS,255,BROADCAST,0,HEARTBEAT,48,HEARTBEAT,0,0,0,0,0,0,0x10013FC0
1777182686.504,2023377,4,4,ADCS,255,BROADCAST,0,HEARTBEAT,48,HEARTBEAT,0,0,0,0,0,0,0x10013FC0
1777182687.613,2024471,4,4,ADCS,255,BROADCAST,0,HEARTBEAT,48,HEARTBEAT,0,0,0,0,0,0,0x10013FC0
1777182688.693,2025566,4,4,ADCS,255,BROADCAST,0,HEARTBEAT,48,HEARTBEAT,0,0,0,0,0,0,0x10013FC0
1777182689.787,2026660,4,4,ADCS,255,BROADCAST,0,HEARTBEAT,48,HEARTBEAT,0,0,0,0,0,0,0x10013FC0
1777182690.886,2027755,4,4,ADCS,255,BROADCAST,0,HEARTBEAT,48,HEARTBEAT,0,0,0,0,0,0,0x10013FC0
1777182692.015,2028849,4,4,ADCS,255,BROADCAST,0,HEARTBEAT,48,HEARTBEAT,0,0,0,0,0,0,0x10013FC0
1777182693.070,2029943,4,4,ADCS,255,BROADCAST,0,HEARTBEAT,48,HEARTBEAT,0,0,0,0,0,0,0x10013FC0
1777182694.166,2031038,4,4,ADCS,255,BROADCAST,0,HEARTBEAT,48,HEARTBEAT,0,0,0,0,0,0,0x10013FC0
1777182695.281,2032132,4,4,ADCS,255,BROADCAST,0,HEARTBEAT,48,HEARTBEAT,0,0,0,0,0,0,0x10013FC0
1777182696.354,2033227,4,4,ADCS,255,BROADCAST,0,HEARTBEAT,48,HEARTBEAT,0,0,0,0,0,0,0x10013FC0
1777182697.449,2034321,4,4,ADCS,255,BROADCAST,0,HEARTBEAT,48,HEARTBEAT,0,0,0,0,0,0,0x10013FC0
1777182698.569,2035416,4,4,ADCS,255,BROADCAST,0,HEARTBEAT,48,HEARTBEAT,0,0,0,0,0,0,0x10013FC0
1777182699.637,2036510,4,4,ADCS,255,BROADCAST,0,HEARTBEAT,48,HEARTBEAT,0,0,0,0,0,0,0x10013FC0
1777182700.732,2037605,4,4,ADCS,255,BROADCAST,0,HEARTBEAT,48,HEARTBEAT,0,0,0,0,0,0,0x10013FC0
1777182701.848,2038699,4,4,ADCS,255,BROADCAST,0,HEARTBEAT,48,HEARTBEAT,0,0,0,0,0,0,0x10013FC0
1777182702.921,2039794,4,4,ADCS,255,BROADCAST,0,HEARTBEAT,48,HEARTBEAT,0,0,0,0,0,0,0x10013FC0
1777182704.015,2040888,4,4,ADCS,255,BROADCAST,0,HEARTBEAT,48,HEARTBEAT,0,0,0,0,0,0,0x10013FC0
1777182705.122,2041983,4,4,ADCS,255,BROADCAST,0,HEARTBEAT,48,HEARTBEAT,0,0,0,0,0,0,0x10013FC0
1777182706.210,2043077,4,4,ADCS,255,BROADCAST,0,HEARTBEAT,48,HEARTBEAT,0,0,0,0,0,0,0x10013FC0
1777182707.299,2044172,4,4,ADCS,255,BROADCAST,0,HEARTBEAT,48,HEARTBEAT,0,0,0,0,0,0,0x10013FC0
1777182708.394,2045266,4,4,ADCS,255,BROADCAST,0,HEARTBEAT,48,HEARTBEAT,0,0,0,0,0,0,0x10013FC0
1777182709.525,2046361,4,4,ADCS,255,BROADCAST,0,HEARTBEAT,48,HEARTBEAT,0,0,0,0,0,0,0x10013FC0
1777182710.582,2047455,4,4,ADCS,255,BROADCAST,0,HEARTBEAT,48,HEARTBEAT,0,0,0,0,0,0,0x10013FC0
1777182711.677,2048550,4,4,ADCS,255,BROADCAST,0,HEARTBEAT,48,HEARTBEAT,0,0,0,0,0,0,0x10013FC0
1777182712.797,2049644,4,4,ADCS,255,BROADCAST,0,HEARTBEAT,48,HEARTBEAT,0,0,0,0,0,0,0x10013FC0
1777182713.866,2050739,4,4,ADCS,255,BROADCAST,0,HEARTBEAT,48,HEARTBEAT,0,0,0,0,0,0,0x10013FC0
1777182714.961,2051833,4,4,ADCS,255,BROADCAST,0,HEARTBEAT,48,HEARTBEAT,0,0,0,0,0,0,0x10013FC0
1777182716.080,2052928,4,4,ADCS,255,BROADCAST,0,HEARTBEAT,48,HEARTBEAT,0,0,0,0,0,0,0x10013FC0
1777182717.150,2054022,4,4,ADCS,255,BROADCAST,0,HEARTBEAT,48,HEARTBEAT,0,0,0,0,0,0,0x10013FC0
1777182718.244,2055117,4,4,ADCS,255,BROADCAST,0,HEARTBEAT,48,HEARTBEAT,0,0,0,0,0,0,0x10013FC0
1777182719.357,2056211,4,4,ADCS,255,BROADCAST,0,HEARTBEAT,48,HEARTBEAT,0,0,0,0,0,0,0x10013FC0
1777182720.434,2057306,4,4,ADCS,255,BROADCAST,0,HEARTBEAT,48,HEARTBEAT,0,0,0,0,0,0,0x10013FC0
1777182721.528,2058400,4,4,ADCS,255,BROADCAST,0,HEARTBEAT,48,HEARTBEAT,0,0,0,0,0,0,0x10013FC0
1777182722.630,2059495,4,4,ADCS,255,BROADCAST,0,HEARTBEAT,48,HEARTBEAT,0,0,0,0,0,0,0x10013FC0
1777182723.717,2060589,4,4,ADCS,255,BROADCAST,0,HEARTBEAT,48,HEARTBEAT,0,0,0,0,0,0,0x10013FC0
1777182724.811,2061684,4,4,ADCS,255,BROADCAST,0,HEARTBEAT,48,HEARTBEAT,0,0,0,0,0,0,0x10013FC0
1777182725.913,2062778,4,4,ADCS,255,BROADCAST,0,HEARTBEAT,48,HEARTBEAT,0,0,0,0,0,0,0x10013FC0
1777182727.025,2063873,4,4,ADCS,255,BROADCAST,0,HEARTBEAT,48,HEARTBEAT,0,0,0,0,0,0,0x10013FC0
1777182728.095,2064967,4,4,ADCS,255,BROADCAST,0,HEARTBEAT,48,HEARTBEAT,0,0,0,0,0,0,0x10013FC0
1777182729.189,2066062,4,4,ADCS,255,BROADCAST,0,HEARTBEAT,48,HEARTBEAT,0,0,0,0,0,0,0x10013FC0
1777182730.318,2067156,4,4,ADCS,255,BROADCAST,0,HEARTBEAT,48,HEARTBEAT,0,0,0,0,0,0,0x10013FC0
1777182731.378,2068251,4,4,ADCS,255,BROADCAST,0,HEARTBEAT,48,HEARTBEAT,0,0,0,0,0,0,0x10013FC0
1777182732.473,2069345,4,4,ADCS,255,BROADCAST,0,HEARTBEAT,48,HEARTBEAT,0,0,0,0,0,0,0x10013FC0
1777182733.587,2070440,4,4,ADCS,255,BROADCAST,0,HEARTBEAT,48,HEARTBEAT,0,0,0,0,0,0,0x10013FC0
1777182734.663,2071534,4,4,ADCS,255,BROADCAST,0,HEARTBEAT,48,HEARTBEAT,0,0,0,0,0,0,0x10013FC0
1777182735.756,2072629,4,4,ADCS,255,BROADCAST,0,HEARTBEAT,48,HEARTBEAT,0,0,0,0,0,0,0x10013FC0
1777182736.899,2073723,4,4,ADCS,255,BROADCAST,0,HEARTBEAT,48,HEARTBEAT,0,0,0,0,0,0,0x10013FC0
1777182737.945,2074818,4,4,ADCS,255,BROADCAST,0,HEARTBEAT,48,HEARTBEAT,0,0,0,0,0,0,0x10013FC0
1777182739.040,2075912,4,4,ADCS,255,BROADCAST,0,HEARTBEAT,48,HEARTBEAT,0,0,0,0,0,0,0x10013FC0
1777182740.142,2077007,4,4,ADCS,255,BROADCAST,0,HEARTBEAT,48,HEARTBEAT,0,0,0,0,0,0,0x10013FC0
1777182741.231,2078101,4,4,ADCS,255,BROADCAST,0,HEARTBEAT,48,HEARTBEAT,0,0,0,0,0,0,0x10013FC0
1777182742.326,2079196,4,4,ADCS,255,BROADCAST,0,HEARTBEAT,48,HEARTBEAT,0,0,0,0,0,0,0x10013FC0
1777182743.424,2080290,4,4,ADCS,255,BROADCAST,0,HEARTBEAT,48,HEARTBEAT,0,0,0,0,0,0,0x10013FC0
1777182744.559,2081384,4,4,ADCS,255,BROADCAST,0,HEARTBEAT,48,HEARTBEAT,0,0,0,0,0,0,0x10013FC0
1777182745.607,2082479,4,4,ADCS,255,BROADCAST,0,HEARTBEAT,48,HEARTBEAT,0,0,0,0,0,0,0x10013FC0
1777182746.701,2083573,4,4,ADCS,255,BROADCAST,0,HEARTBEAT,48,HEARTBEAT,0,0,0,0,0,0,0x10013FC0
1777182747.827,2084668,4,4,ADCS,255,BROADCAST,0,HEARTBEAT,48,HEARTBEAT,0,0,0,0,0,0,0x10013FC0
1777182748.894,2085762,4,4,ADCS,255,BROADCAST,0,HEARTBEAT,48,HEARTBEAT,0,0,0,0,0,0,0x10013FC0
1777182749.984,2086856,4,4,ADCS,255,BROADCAST,0,HEARTBEAT,48,HEARTBEAT,0,0,0,0,0,0,0x10013FC0
1777182751.104,2087951,4,4,ADCS,255,BROADCAST,0,HEARTBEAT,48,HEARTBEAT,0,0,0,0,0,0,0x10013FC0
1777182752.172,2089045,4,4,ADCS,255,BROADCAST,0,HEARTBEAT,48,HEARTBEAT,0,0,0,0,0,0,0x10013FC0
1777182753.267,2090140,4,4,ADCS,255,BROADCAST,0,HEARTBEAT,48,HEARTBEAT,0,0,0,0,0,0,0x10013FC0
1777182754.380,2091234,4,4,ADCS,255,BROADCAST,0,HEARTBEAT,48,HEARTBEAT,0,0,0,0,0,0,0x10013FC0
1777182755.458,2092328,4,4,ADCS,255,BROADCAST,0,HEARTBEAT,48,HEARTBEAT,0,0,0,0,0,0,0x10013FC0
1777182756.551,2093423,4,4,ADCS,255,BROADCAST,0,HEARTBEAT,48,HEARTBEAT,0,0,0,0,0,0,0x10013FC0
1777182757.655,2094517,4,4,ADCS,255,BROADCAST,0,HEARTBEAT,48,HEARTBEAT,0,0,0,0,0,0,0x10013FC0
1777182758.739,2095611,4,4,ADCS,255,BROADCAST,0,HEARTBEAT,48,HEARTBEAT,0,0,0,0,0,0,0x10013FC0
1777182759.833,2096706,4,4,ADCS,255,BROADCAST,0,HEARTBEAT,48,HEARTBEAT,0,0,0,0,0,0,0x10013FC0
1777182760.933,2097800,4,4,ADCS,255,BROADCAST,0,HEARTBEAT,48,HEARTBEAT,0,0,0,0,0,0,0x10013FC0
1777182762.057,2098895,4,4,ADCS,255,BROADCAST,0,HEARTBEAT,48,HEARTBEAT,0,0,0,0,0,0,0x10013FC0
1777182763.117,2099989,4,4,ADCS,255,BROADCAST,0,HEARTBEAT,48,HEARTBEAT,0,0,0,0,0,0,0x10013FC0
1777182764.211,2101083,4,4,ADCS,255,BROADCAST,0,HEARTBEAT,48,HEARTBEAT,0,0,0,0,0,0,0x10013FC0
1777182765.337,2102178,4,4,ADCS,255,BROADCAST,0,HEARTBEAT,48,HEARTBEAT,0,0,0,0,0,0,0x10013FC0
1777182766.400,2103272,4,4,ADCS,255,BROADCAST,0,HEARTBEAT,48,HEARTBEAT,0,0,0,0,0,0,0x10013FC0
1777182767.497,2104367,4,4,ADCS,255,BROADCAST,0,HEARTBEAT,48,HEARTBEAT,0,0,0,0,0,0,0x10013FC0
1777182768.603,2105461,4,4,ADCS,255,BROADCAST,0,HEARTBEAT,48,HEARTBEAT,0,0,0,0,0,0,0x10013FC0
1777182769.684,2106556,4,4,ADCS,255,BROADCAST,0,HEARTBEAT,48,HEARTBEAT,0,0,0,0,0,0,0x10013FC0
1777182770.779,2107651,4,4,ADCS,255,BROADCAST,0,HEARTBEAT,48,HEARTBEAT,0,0,0,0,0,0,0x10013FC0
1777182771.891,2108745,4,4,ADCS,255,BROADCAST,0,HEARTBEAT,48,HEARTBEAT,0,0,0,0,0,0,0x10013FC0
1777182772.983,2109840,4,4,ADCS,255,BROADCAST,0,HEARTBEAT,48,HEARTBEAT,0,0,0,0,0,0,0x10013FC0
1777182774.063,2110934,4,4,ADCS,255,BROADCAST,0,HEARTBEAT,48,HEARTBEAT,0,0,0,0,0,0,0x10013FC0
1777182775.170,2112029,4,4,ADCS,255,BROADCAST,0,HEARTBEAT,48,HEARTBEAT,0,0,0,0,0,0,0x10013FC0
1777182776.251,2113123,4,4,ADCS,255,BROADCAST,0,HEARTBEAT,48,HEARTBEAT,0,0,0,0,0,0,0x10013FC0
1777182777.348,2114218,4,4,ADCS,255,BROADCAST,0,HEARTBEAT,48,HEARTBEAT,0,0,0,0,0,0,0x10013FC0
1777182778.440,2115312,4,4,ADCS,255,BROADCAST,0,HEARTBEAT,48,HEARTBEAT,0,0,0,0,0,0,0x10013FC0
1777182779.571,2116407,4,4,ADCS,255,BROADCAST,0,HEARTBEAT,48,HEARTBEAT,0,0,0,0,0,0,0x10013FC0
1777182780.629,2117501,4,4,ADCS,255,BROADCAST,0,HEARTBEAT,48,HEARTBEAT,0,0,0,0,0,0,0x10013FC0
1777182781.724,2118596,4,4,ADCS,255,BROADCAST,0,HEARTBEAT,48,HEARTBEAT,0,0,0,0,0,0,0x10013FC0
1777182782.848,2119690,4,4,ADCS,255,BROADCAST,0,HEARTBEAT,48,HEARTBEAT,0,0,0,0,0,0,0x10013FC0
1777182783.912,2120785,4,4,ADCS,255,BROADCAST,0,HEARTBEAT,48,HEARTBEAT,0,0,0,0,0,0,0x10013FC0
1777182785.007,2121879,4,4,ADCS,255,BROADCAST,0,HEARTBEAT,48,HEARTBEAT,0,0,0,0,0,0,0x10013FC0
1777182786.119,2122974,4,4,ADCS,255,BROADCAST,0,HEARTBEAT,48,HEARTBEAT,0,0,0,0,0,0,0x10013FC0
1777182787.196,2124068,4,4,ADCS,255,BROADCAST,0,HEARTBEAT,48,HEARTBEAT,0,0,0,0,0,0,0x10013FC0
1777182788.292,2125162,4,4,ADCS,255,BROADCAST,0,HEARTBEAT,48,HEARTBEAT,0,0,0,0,0,0,0x10013FC0
1777182789.393,2126257,4,4,ADCS,255,BROADCAST,0,HEARTBEAT,48,HEARTBEAT,0,0,0,0,0,0,0x10013FC0
1777182790.480,2127351,4,4,ADCS,255,BROADCAST,0,HEARTBEAT,48,HEARTBEAT,0,0,0,0,0,0,0x10013FC0
1777182791.574,2128446,4,4,ADCS,255,BROADCAST,0,HEARTBEAT,48,HEARTBEAT,0,0,0,0,0,0,0x10013FC0
1777182792.670,2129540,4,4,ADCS,255,BROADCAST,0,HEARTBEAT,48,HEARTBEAT,0,0,0,0,0,0,0x10013FC0
1777182793.763,2130635,4,4,ADCS,255,BROADCAST,0,HEARTBEAT,48,HEARTBEAT,0,0,0,0,0,0,0x10013FC0
1777182794.858,2131729,4,4,ADCS,255,BROADCAST,0,HEARTBEAT,48,HEARTBEAT,0,0,0,0,0,0,0x10013FC0
1777182795.952,2132824,4,4,ADCS,255,BROADCAST,0,HEARTBEAT,48,HEARTBEAT,0,0,0,0,0,0,0x10013FC0
1777182797.066,2133918,4,4,ADCS,255,BROADCAST,0,HEARTBEAT,48,HEARTBEAT,0,0,0,0,0,0,0x10013FC0
1777182798.141,2135013,4,4,ADCS,255,BROADCAST,0,HEARTBEAT,48,HEARTBEAT,0,0,0,0,0,0,0x10013FC0
1777182799.235,2136107,4,4,ADCS,255,BROADCAST,0,HEARTBEAT,48,HEARTBEAT,0,0,0,0,0,0,0x10013FC0
1777182800.353,2137202,4,4,ADCS,255,BROADCAST,0,HEARTBEAT,48,HEARTBEAT,0,0,0,0,0,0,0x10013FC0
1777182801.425,2138296,4,4,ADCS,255,BROADCAST,0,HEARTBEAT,48,HEARTBEAT,0,0,0,0,0,0,0x10013FC0
1777182802.519,2139391,4,4,ADCS,255,BROADCAST,0,HEARTBEAT,48,HEARTBEAT,0,0,0,0,0,0,0x10013FC0
1777182803.637,2140485,4,4,ADCS,255,BROADCAST,0,HEARTBEAT,48,HEARTBEAT,0,0,0,0,0,0,0x10013FC0
1777182804.708,2141580,4,4,ADCS,255,BROADCAST,0,HEARTBEAT,48,HEARTBEAT,0,0,0,0,0,0,0x10013FC0
1777182805.803,2142674,4,4,ADCS,255,BROADCAST,0,HEARTBEAT,48,HEARTBEAT,0,0,0,0,0,0,0x10013FC0
1777182806.905,2143769,4,4,ADCS,255,BROADCAST,0,HEARTBEAT,48,HEARTBEAT,0,0,0,0,0,0,0x10013FC0
1777182807.992,2144864,4,4,ADCS,255,BROADCAST,0,HEARTBEAT,48,HEARTBEAT,0,0,0,0,0,0,0x10013FC0
1777182809.087,2145958,4,4,ADCS,255,BROADCAST,0,HEARTBEAT,48,HEARTBEAT,0,0,0,0,0,0,0x10013FC0
1777182810.184,2147053,4,4,ADCS,255,BROADCAST,0,HEARTBEAT,48,HEARTBEAT,0,0,0,0,0,0,0x10013FC0
1777182811.317,2148147,4,4,ADCS,255,BROADCAST,0,HEARTBEAT,48,HEARTBEAT,0,0,0,0,0,0,0x10013FC0
1777182812.370,2149242,4,4,ADCS,255,BROADCAST,0,HEARTBEAT,48,HEARTBEAT,0,0,0,0,0,0,0x10013FC0
1777182813.467,2150336,4,4,ADCS,255,BROADCAST,0,HEARTBEAT,48,HEARTBEAT,0,0,0,0,0,0,0x10013FC0
1777182814.591,2151431,4,4,ADCS,255,BROADCAST,0,HEARTBEAT,48,HEARTBEAT,0,0,0,0,0,0,0x10013FC0
1777182815.654,2152526,4,4,ADCS,255,BROADCAST,0,HEARTBEAT,48,HEARTBEAT,0,0,0,0,0,0,0x10013FC0
1777182816.749,2153620,4,4,ADCS,255,BROADCAST,0,HEARTBEAT,48,HEARTBEAT,0,0,0,0,0,0,0x10013FC0
1777182817.871,2154715,4,4,ADCS,255,BROADCAST,0,HEARTBEAT,48,HEARTBEAT,0,0,0,0,0,0,0x10013FC0
1777182818.938,2155809,4,4,ADCS,255,BROADCAST,0,HEARTBEAT,48,HEARTBEAT,0,0,0,0,0,0,0x10013FC0
1777182820.034,2156904,4,4,ADCS,255,BROADCAST,0,HEARTBEAT,48,HEARTBEAT,0,0,0,0,0,0,0x10013FC0
1777182821.141,2157998,4,4,ADCS,255,BROADCAST,0,HEARTBEAT,48,HEARTBEAT,0,0,0,0,0,0,0x10013FC0
1777182822.221,2159093,4,4,ADCS,255,BROADCAST,0,HEARTBEAT,48,HEARTBEAT,0,0,0,0,0,0,0x10013FC0
1777182823.316,2160187,4,4,ADCS,255,BROADCAST,0,HEARTBEAT,48,HEARTBEAT,0,0,0,0,0,0,0x10013FC0
1777182824.411,2161282,4,4,ADCS,255,BROADCAST,0,HEARTBEAT,48,HEARTBEAT,0,0,0,0,0,0,0x10013FC0
1777182825.504,2162376,4,4,ADCS,255,BROADCAST,0,HEARTBEAT,48,HEARTBEAT,0,0,0,0,0,0,0x10013FC0
1777182826.599,2163470,4,4,ADCS,255,BROADCAST,0,HEARTBEAT,48,HEARTBEAT,0,0,0,0,0,0,0x10013FC0
1777182827.696,2164565,4,4,ADCS,255,BROADCAST,0,HEARTBEAT,48,HEARTBEAT,0,0,0,0,0,0,0x10013FC0
1777182828.830,2165659,4,4,ADCS,255,BROADCAST,0,HEARTBEAT,48,HEARTBEAT,0,0,0,0,0,0,0x10013FC0
1777182829.882,2166754,4,4,ADCS,255,BROADCAST,0,HEARTBEAT,48,HEARTBEAT,0,0,0,0,0,0,0x10013FC0
1777182830.977,2167848,4,4,ADCS,255,BROADCAST,0,HEARTBEAT,48,HEARTBEAT,0,0,0,0,0,0,0x10013FC0
1777182832.103,2168942,4,4,ADCS,255,BROADCAST,0,HEARTBEAT,48,HEARTBEAT,0,0,0,0,0,0,0x10013FC0
1777182833.168,2170037,4,4,ADCS,255,BROADCAST,0,HEARTBEAT,48,HEARTBEAT,0,0,0,0,0,0,0x10013FC0
1777182834.260,2171131,4,4,ADCS,255,BROADCAST,0,HEARTBEAT,48,HEARTBEAT,0,0,0,0,0,0,0x10013FC0
1777182835.380,2172226,4,4,ADCS,255,BROADCAST,0,HEARTBEAT,48,HEARTBEAT,0,0,0,0,0,0,0x10013FC0
1777182836.449,2173320,4,4,ADCS,255,BROADCAST,0,HEARTBEAT,48,HEARTBEAT,0,0,0,0,0,0,0x10013FC0
1777182837.543,2174414,4,4,ADCS,255,BROADCAST,0,HEARTBEAT,48,HEARTBEAT,0,0,0,0,0,0,0x10013FC0
1777182838.652,2175509,4,4,ADCS,255,BROADCAST,0,HEARTBEAT,48,HEARTBEAT,0,0,0,0,0,0,0x10013FC0
1777182839.733,2176603,4,4,ADCS,255,BROADCAST,0,HEARTBEAT,48,HEARTBEAT,0,0,0,0,0,0,0x10013FC0
1777182840.826,2177697,4,4,ADCS,255,BROADCAST,0,HEARTBEAT,48,HEARTBEAT,0,0,0,0,0,0,0x10013FC0
1777182841.925,2178792,4,4,ADCS,255,BROADCAST,0,HEARTBEAT,48,HEARTBEAT,0,0,0,0,0,0,0x10013FC0
1777182843.015,2179886,4,4,ADCS,255,BROADCAST,0,HEARTBEAT,48,HEARTBEAT,0,0,0,0,0,0,0x10013FC0
1777182844.110,2180981,4,4,ADCS,255,BROADCAST,0,HEARTBEAT,48,HEARTBEAT,0,0,0,0,0,0,0x10013FC0
1777182845.206,2182075,4,4,ADCS,255,BROADCAST,0,HEARTBEAT,48,HEARTBEAT,0,0,0,0,0,0,0x10013FC0
1777182846.335,2183170,4,4,ADCS,255,BROADCAST,0,HEARTBEAT,48,HEARTBEAT,0,0,0,0,0,0,0x10013FC0
1777182847.396,2184264,4,4,ADCS,255,BROADCAST,0,HEARTBEAT,48,HEARTBEAT,0,0,0,0,0,0,0x10013FC0
1777182848.488,2185359,4,4,ADCS,255,BROADCAST,0,HEARTBEAT,48,HEARTBEAT,0,0,0,0,0,0,0x10013FC0
1777182849.605,2186453,4,4,ADCS,255,BROADCAST,0,HEARTBEAT,48,HEARTBEAT,0,0,0,0,0,0,0x10013FC0
1777182850.676,2187548,4,4,ADCS,255,BROADCAST,0,HEARTBEAT,48,HEARTBEAT,0,0,0,0,0,0,0x10013FC0
1777182851.770,2188642,4,4,ADCS,255,BROADCAST,0,HEARTBEAT,48,HEARTBEAT,0,0,0,0,0,0,0x10013FC0
1777182852.891,2189737,4,4,ADCS,255,BROADCAST,0,HEARTBEAT,48,HEARTBEAT,0,0,0,0,0,0,0x10013FC0
1777182853.960,2190831,4,4,ADCS,255,BROADCAST,0,HEARTBEAT,48,HEARTBEAT,0,0,0,0,0,0,0x10013FC0
1777182855.057,2191926,4,4,ADCS,255,BROADCAST,0,HEARTBEAT,48,HEARTBEAT,0,0,0,0,0,0,0x10013FC0
1777182856.171,2193020,4,4,ADCS,255,BROADCAST,0,HEARTBEAT,48,HEARTBEAT,0,0,0,0,0,0,0x10013FC0
1777182857.244,2194115,4,4,ADCS,255,BROADCAST,0,HEARTBEAT,48,HEARTBEAT,0,0,0,0,0,0,0x10013FC0
1777182858.349,2195209,4,4,ADCS,255,BROADCAST,0,HEARTBEAT,48,HEARTBEAT,0,0,0,0,0,0,0x10013FC0
1777182859.471,2196304,4,4,ADCS,255,BROADCAST,0,HEARTBEAT,48,HEARTBEAT,0,0,0,0,0,0,0x10013FC0
1777182860.527,2197398,4,4,ADCS,255,BROADCAST,0,HEARTBEAT,48,HEARTBEAT,0,0,0,0,0,0,0x10013FC0
1777182861.624,2198493,4,4,ADCS,255,BROADCAST,0,HEARTBEAT,48,HEARTBEAT,0,0,0,0,0,0,0x10013FC0
1777182862.749,2199587,4,4,ADCS,255,BROADCAST,0,HEARTBEAT,48,HEARTBEAT,0,0,0,0,0,0,0x10013FC0
1777182863.867,2200682,4,4,ADCS,255,BROADCAST,0,HEARTBEAT,48,HEARTBEAT,0,0,0,0,0,0,0x10013FC0
1777182864.905,2201776,4,4,ADCS,255,BROADCAST,0,HEARTBEAT,48,HEARTBEAT,0,0,0,0,0,0,0x10013FC0
1777182866.025,2202871,4,4,ADCS,255,BROADCAST,0,HEARTBEAT,48,HEARTBEAT,0,0,0,0,0,0,0x10013FC0
1777182867.146,2203965,4,4,ADCS,255,BROADCAST,0,HEARTBEAT,48,HEARTBEAT,0,0,0,0,0,0,0x10013FC0
1777182868.189,2205060,4,4,ADCS,255,BROADCAST,0,HEARTBEAT,48,HEARTBEAT,0,0,0,0,0,0,0x10013FC0
1777182869.296,2206154,4,4,ADCS,255,BROADCAST,0,HEARTBEAT,48,HEARTBEAT,0,0,0,0,0,0,0x10013FC0
1777182870.421,2207249,4,4,ADCS,255,BROADCAST,0,HEARTBEAT,48,HEARTBEAT,0,0,0,0,0,0,0x10013FC0
1777182871.472,2208343,4,4,ADCS,255,BROADCAST,0,HEARTBEAT,48,HEARTBEAT,0,0,0,0,0,0,0x10013FC0
1777182872.571,2209437,4,4,ADCS,255,BROADCAST,0,HEARTBEAT,48,HEARTBEAT,0,0,0,0,0,0,0x10013FC0
1777182873.697,2210532,4,4,ADCS,255,BROADCAST,0,HEARTBEAT,48,HEARTBEAT,0,0,0,0,0,0,0x10013FC0
1777182874.756,2211626,4,4,ADCS,255,BROADCAST,0,HEARTBEAT,48,HEARTBEAT,0,0,0,0,0,0,0x10013FC0
1777182875.850,2212721,4,4,ADCS,255,BROADCAST,0,HEARTBEAT,48,HEARTBEAT,0,0,0,0,0,0,0x10013FC0
1777182876.973,2213815,4,4,ADCS,255,BROADCAST,0,HEARTBEAT,48,HEARTBEAT,0,0,0,0,0,0,0x10013FC0
1777182878.107,2214910,4,4,ADCS,255,BROADCAST,0,HEARTBEAT,48,HEARTBEAT,0,0,0,0,0,0,0x10013FC0
1777182879.136,2216004,4,4,ADCS,255,BROADCAST,0,HEARTBEAT,48,HEARTBEAT,0,0,0,0,0,0,0x10013FC0
1777182880.239,2217099,4,4,ADCS,255,BROADCAST,0,HEARTBEAT,48,HEARTBEAT,0,0,0,0,0,0,0x10013FC0
1777182881.366,2218193,4,4,ADCS,255,BROADCAST,0,HEARTBEAT,48,HEARTBEAT,0,0,0,0,0,0,0x10013FC0
1777182882.417,2219287,4,4,ADCS,255,BROADCAST,0,HEARTBEAT,48,HEARTBEAT,0,0,0,0,0,0,0x10013FC0
1777182883.513,2220382,4,4,ADCS,255,BROADCAST,0,HEARTBEAT,48,HEARTBEAT,0,0,0,0,0,0,0x10013FC0
1777182884.634,2221476,4,4,ADCS,255,BROADCAST,0,HEARTBEAT,48,HEARTBEAT,0,0,0,0,0,0,0x10013FC0
1777182885.700,2222571,4,4,ADCS,255,BROADCAST,0,HEARTBEAT,48,HEARTBEAT,0,0,0,0,0,0,0x10013FC0
1777182886.795,2223665,4,4,ADCS,255,BROADCAST,0,HEARTBEAT,48,HEARTBEAT,0,0,0,0,0,0,0x10013FC0
1777182887.909,2224760,4,4,ADCS,255,BROADCAST,0,HEARTBEAT,48,HEARTBEAT,0,0,0,0,0,0,0x10013FC0
1777182888.984,2225854,4,4,ADCS,255,BROADCAST,0,HEARTBEAT,48,HEARTBEAT,0,0,0,0,0,0,0x10013FC0
1777182890.078,2226948,4,4,ADCS,255,BROADCAST,0,HEARTBEAT,48,HEARTBEAT,0,0,0,0,0,0,0x10013FC0
1777182891.187,2228043,4,4,ADCS,255,BROADCAST,0,HEARTBEAT,48,HEARTBEAT,0,0,0,0,0,0,0x10013FC0
1777182892.267,2229137,4,4,ADCS,255,BROADCAST,0,HEARTBEAT,48,HEARTBEAT,0,0,0,0,0,0,0x10013FC0
1777182893.362,2230232,4,4,ADCS,255,BROADCAST,0,HEARTBEAT,48,HEARTBEAT,0,0,0,0,0,0,0x10013FC0
1777182894.464,2231326,4,4,ADCS,255,BROADCAST,0,HEARTBEAT,48,HEARTBEAT,0,0,0,0,0,0,0x10013FC0
1777182895.551,2232421,4,4,ADCS,255,BROADCAST,0,HEARTBEAT,48,HEARTBEAT,0,0,0,0,0,0,0x10013FC0
1777182896.651,2233515,4,4,ADCS,255,BROADCAST,0,HEARTBEAT,48,HEARTBEAT,0,0,0,0,0,0,0x10013FC0
1777182897.750,2234610,4,4,ADCS,255,BROADCAST,0,HEARTBEAT,48,HEARTBEAT,0,0,0,0,0,0,0x10013FC0
1777182898.875,2235704,4,4,ADCS,255,BROADCAST,0,HEARTBEAT,48,HEARTBEAT,0,0,0,0,0,0,0x10013FC0
1777182899.928,2236798,4,4,ADCS,255,BROADCAST,0,HEARTBEAT,48,HEARTBEAT,0,0,0,0,0,0,0x10013FC0
1777182901.025,2237893,4,4,ADCS,255,BROADCAST,0,HEARTBEAT,48,HEARTBEAT,0,0,0,0,0,0,0x10013FC0
1777182902.139,2238987,4,4,ADCS,255,BROADCAST,0,HEARTBEAT,48,HEARTBEAT,0,0,0,0,0,0,0x10013FC0
1777182903.212,2240082,4,4,ADCS,255,BROADCAST,0,HEARTBEAT,48,HEARTBEAT,0,0,0,0,0,0,0x10013FC0
1777182904.308,2241176,4,4,ADCS,255,BROADCAST,0,HEARTBEAT,48,HEARTBEAT,0,0,0,0,0,0,0x10013FC0
1777182905.431,2242271,4,4,ADCS,255,BROADCAST,0,HEARTBEAT,48,HEARTBEAT,0,0,0,0,0,0,0x10013FC0
1777182906.495,2243365,4,4,ADCS,255,BROADCAST,0,HEARTBEAT,48,HEARTBEAT,0,0,0,0,0,0,0x10013FC0
1777182907.594,2244460,4,4,ADCS,255,BROADCAST,0,HEARTBEAT,48,HEARTBEAT,0,0,0,0,0,0,0x10013FC0
1777182908.696,2245554,4,4,ADCS,255,BROADCAST,0,HEARTBEAT,48,HEARTBEAT,0,0,0,0,0,0,0x10013FC0
1777182909.779,2246649,4,4,ADCS,255,BROADCAST,0,HEARTBEAT,48,HEARTBEAT,0,0,0,0,0,0,0x10013FC0
1777182910.873,2247743,4,4,ADCS,255,BROADCAST,0,HEARTBEAT,48,HEARTBEAT,0,0,0,0,0,0,0x10013FC0
1777182911.985,2248838,4,4,ADCS,255,BROADCAST,0,HEARTBEAT,48,HEARTBEAT,0,0,0,0,0,0,0x10013FC0
1777182913.062,2249932,4,4,ADCS,255,BROADCAST,0,HEARTBEAT,48,HEARTBEAT,0,0,0,0,0,0,0x10013FC0
1777182914.156,2251027,4,4,ADCS,255,BROADCAST,0,HEARTBEAT,48,HEARTBEAT,0,0,0,0,0,0,0x10013FC0
1777182915.252,2252121,4,4,ADCS,255,BROADCAST,0,HEARTBEAT,48,HEARTBEAT,0,0,0,0,0,0,0x10013FC0
1777182916.378,2253216,4,4,ADCS,255,BROADCAST,0,HEARTBEAT,48,HEARTBEAT,0,0,0,0,0,0,0x10013FC0
1777182917.440,2254310,4,4,ADCS,255,BROADCAST,0,HEARTBEAT,48,HEARTBEAT,0,0,0,0,0,0,0x10013FC0
1777182918.536,2255404,4,4,ADCS,255,BROADCAST,0,HEARTBEAT,48,HEARTBEAT,0,0,0,0,0,0,0x10013FC0
1777182919.660,2256499,4,4,ADCS,255,BROADCAST,0,HEARTBEAT,48,HEARTBEAT,0,0,0,0,0,0,0x10013FC0
1777182920.723,2257593,4,4,ADCS,255,BROADCAST,0,HEARTBEAT,48,HEARTBEAT,0,0,0,0,0,0,0x10013FC0
1777182921.818,2258688,4,4,ADCS,255,BROADCAST,0,HEARTBEAT,48,HEARTBEAT,0,0,0,0,0,0,0x10013FC0
1777182922.934,2259782,4,4,ADCS,255,BROADCAST,0,HEARTBEAT,48,HEARTBEAT,0,0,0,0,0,0,0x10013FC0
1777182924.007,2260877,4,4,ADCS,255,BROADCAST,0,HEARTBEAT,48,HEARTBEAT,0,0,0,0,0,0,0x10013FC0
1777182925.101,2261971,4,4,ADCS,255,BROADCAST,0,HEARTBEAT,48,HEARTBEAT,0,0,0,0,0,0,0x10013FC0
1777182926.212,2263066,4,4,ADCS,255,BROADCAST,0,HEARTBEAT,48,HEARTBEAT,0,0,0,0,0,0,0x10013FC0
1777182927.290,2264160,4,4,ADCS,255,BROADCAST,0,HEARTBEAT,48,HEARTBEAT,0,0,0,0,0,0,0x10013FC0
1777182928.385,2265255,4,4,ADCS,255,BROADCAST,0,HEARTBEAT,48,HEARTBEAT,0,0,0,0,0,0,0x10013FC0
1777182929.480,2266349,4,4,ADCS,255,BROADCAST,0,HEARTBEAT,48,HEARTBEAT,0,0,0,0,0,0,0x10013FC0
1777182930.617,2267444,4,4,ADCS,255,BROADCAST,0,HEARTBEAT,48,HEARTBEAT,0,0,0,0,0,0,0x10013FC0
1777182931.669,2268538,4,4,ADCS,255,BROADCAST,0,HEARTBEAT,48,HEARTBEAT,0,0,0,0,0,0,0x10013FC0
1777182932.768,2269633,4,4,ADCS,255,BROADCAST,0,HEARTBEAT,48,HEARTBEAT,0,0,0,0,0,0,0x10013FC0
1777182933.896,2270727,4,4,ADCS,255,BROADCAST,0,HEARTBEAT,48,HEARTBEAT,0,0,0,0,0,0,0x10013FC0
1777182934.952,2271822,4,4,ADCS,255,BROADCAST,0,HEARTBEAT,48,HEARTBEAT,0,0,0,0,0,0,0x10013FC0
1777182936.051,2272916,4,4,ADCS,255,BROADCAST,0,HEARTBEAT,48,HEARTBEAT,0,0,0,0,0,0,0x10013FC0
1777182937.172,2274011,4,4,ADCS,255,BROADCAST,0,HEARTBEAT,48,HEARTBEAT,0,0,0,0,0,0,0x10013FC0
1777182938.235,2275105,4,4,ADCS,255,BROADCAST,0,HEARTBEAT,48,HEARTBEAT,0,0,0,0,0,0,0x10013FC0
1777182939.330,2276200,4,4,ADCS,255,BROADCAST,0,HEARTBEAT,48,HEARTBEAT,0,0,0,0,0,0,0x10013FC0
1777182940.449,2277294,4,4,ADCS,255,BROADCAST,0,HEARTBEAT,48,HEARTBEAT,0,0,0,0,0,0,0x10013FC0
1777182941.519,2278389,4,4,ADCS,255,BROADCAST,0,HEARTBEAT,48,HEARTBEAT,0,0,0,0,0,0,0x10013FC0
1777182942.614,2279483,4,4,ADCS,255,BROADCAST,0,HEARTBEAT,48,HEARTBEAT,0,0,0,0,0,0,0x10013FC0
1777182943.722,2280578,4,4,ADCS,255,BROADCAST,0,HEARTBEAT,48,HEARTBEAT,0,0,0,0,0,0,0x10013FC0
1777182944.803,2281672,4,4,ADCS,255,BROADCAST,0,HEARTBEAT,48,HEARTBEAT,0,0,0,0,0,0,0x10013FC0
1777182945.897,2282766,4,4,ADCS,255,BROADCAST,0,HEARTBEAT,48,HEARTBEAT,0,0,0,0,0,0,0x10013FC0
1777182946.996,2283861,4,4,ADCS,255,BROADCAST,0,HEARTBEAT,48,HEARTBEAT,0,0,0,0,0,0,0x10013FC0
1777182948.125,2284955,4,4,ADCS,255,BROADCAST,0,HEARTBEAT,48,HEARTBEAT,0,0,0,0,0,0,0x10013FC0
1777182949.180,2286050,4,4,ADCS,255,BROADCAST,0,HEARTBEAT,48,HEARTBEAT,0,0,0,0,0,0,0x10013FC0
1777182950.280,2287144,4,4,ADCS,255,BROADCAST,0,HEARTBEAT,48,HEARTBEAT,0,0,0,0,0,0,0x10013FC0
1777182951.405,2288239,4,4,ADCS,255,BROADCAST,0,HEARTBEAT,48,HEARTBEAT,0,0,0,0,0,0,0x10013FC0
1777182952.463,2289333,4,4,ADCS,255,BROADCAST,0,HEARTBEAT,48,HEARTBEAT,0,0,0,0,0,0,0x10013FC0
1777182953.558,2290427,4,4,ADCS,255,BROADCAST,0,HEARTBEAT,48,HEARTBEAT,0,0,0,0,0,0,0x10013FC0
1777182954.673,2291522,4,4,ADCS,255,BROADCAST,0,HEARTBEAT,48,HEARTBEAT,0,0,0,0,0,0,0x10013FC0
1777182955.747,2292616,4,4,ADCS,255,BROADCAST,0,HEARTBEAT,48,HEARTBEAT,0,0,0,0,0,0,0x10013FC0
1777182956.841,2293711,4,4,ADCS,255,BROADCAST,0,HEARTBEAT,48,HEARTBEAT,0,0,0,0,0,0,0x10013FC0
1777182957.960,2294805,4,4,ADCS,255,BROADCAST,0,HEARTBEAT,48,HEARTBEAT,0,0,0,0,0,0,0x10013FC0
1777182959.030,2295899,4,4,ADCS,255,BROADCAST,0,HEARTBEAT,48,HEARTBEAT,0,0,0,0,0,0,0x10013FC0
1777182960.125,2296994,4,4,ADCS,255,BROADCAST,0,HEARTBEAT,48,HEARTBEAT,0,0,0,0,0,0,0x10013FC0
1777182961.230,2298088,4,4,ADCS,255,BROADCAST,0,HEARTBEAT,48,HEARTBEAT,0,0,0,0,0,0,0x10013FC0
1777182962.313,2299182,4,4,ADCS,255,BROADCAST,0,HEARTBEAT,48,HEARTBEAT,0,0,0,0,0,0,0x10013FC0
1777182963.408,2300277,4,4,ADCS,255,BROADCAST,0,HEARTBEAT,48,HEARTBEAT,0,0,0,0,0,0,0x10013FC0
1777182964.516,2301371,4,4,ADCS,255,BROADCAST,0,HEARTBEAT,48,HEARTBEAT,0,0,0,0,0,0,0x10013FC0
1777182965.638,2302466,4,4,ADCS,255,BROADCAST,0,HEARTBEAT,48,HEARTBEAT,0,0,0,0,0,0,0x10013FC0
1777182966.694,2303560,4,4,ADCS,255,BROADCAST,0,HEARTBEAT,48,HEARTBEAT,0,0,0,0,0,0,0x10013FC0
1777182967.788,2304654,4,4,ADCS,255,BROADCAST,0,HEARTBEAT,48,HEARTBEAT,0,0,0,0,0,0,0x10013FC0
1777182968.917,2305749,4,4,ADCS,255,BROADCAST,0,HEARTBEAT,48,HEARTBEAT,0,0,0,0,0,0,0x10013FC0
1777182969.974,2306843,4,4,ADCS,255,BROADCAST,0,HEARTBEAT,48,HEARTBEAT,0,0,0,0,0,0,0x10013FC0
1777182971.069,2307938,4,4,ADCS,255,BROADCAST,0,HEARTBEAT,48,HEARTBEAT,0,0,0,0,0,0,0x10013FC0
1777182972.185,2309032,4,4,ADCS,255,BROADCAST,0,HEARTBEAT,48,HEARTBEAT,0,0,0,0,0,0,0x10013FC0
1777182973.258,2310127,4,4,ADCS,255,BROADCAST,0,HEARTBEAT,48,HEARTBEAT,0,0,0,0,0,0,0x10013FC0
1777182974.352,2311221,4,4,ADCS,255,BROADCAST,0,HEARTBEAT,48,HEARTBEAT,0,0,0,0,0,0,0x10013FC0
1777182975.470,2312316,4,4,ADCS,255,BROADCAST,0,HEARTBEAT,48,HEARTBEAT,0,0,0,0,0,0,0x10013FC0
1777182976.541,2313410,4,4,ADCS,255,BROADCAST,0,HEARTBEAT,48,HEARTBEAT,0,0,0,0,0,0,0x10013FC0
1777182977.636,2314505,4,4,ADCS,255,BROADCAST,0,HEARTBEAT,48,HEARTBEAT,0,0,0,0,0,0,0x10013FC0
1777182978.744,2315599,4,4,ADCS,255,BROADCAST,0,HEARTBEAT,48,HEARTBEAT,0,0,0,0,0,0,0x10013FC0
1777182979.824,2316694,4,4,ADCS,255,BROADCAST,0,HEARTBEAT,48,HEARTBEAT,0,0,0,0,0,0,0x10013FC0
1777182980.919,2317788,4,4,ADCS,255,BROADCAST,0,HEARTBEAT,48,HEARTBEAT,0,0,0,0,0,0,0x10013FC0
1777182982.017,2318883,4,4,ADCS,255,BROADCAST,0,HEARTBEAT,48,HEARTBEAT,0,0,0,0,0,0,0x10013FC0
1777182983.154,2319977,4,4,ADCS,255,BROADCAST,0,HEARTBEAT,48,HEARTBEAT,0,0,0,0,0,0,0x10013FC0
1777182984.202,2321072,4,4,ADCS,255,BROADCAST,0,HEARTBEAT,48,HEARTBEAT,0,0,0,0,0,0,0x10013FC0
1777182985.299,2322166,4,4,ADCS,255,BROADCAST,0,HEARTBEAT,48,HEARTBEAT,0,0,0,0,0,0,0x10013FC0
1777182986.428,2323261,4,4,ADCS,255,BROADCAST,0,HEARTBEAT,48,HEARTBEAT,0,0,0,0,0,0,0x10013FC0
1777182987.486,2324355,4,4,ADCS,255,BROADCAST,0,HEARTBEAT,48,HEARTBEAT,0,0,0,0,0,0,0x10013FC0
1777182988.580,2325449,4,4,ADCS,255,BROADCAST,0,HEARTBEAT,48,HEARTBEAT,0,0,0,0,0,0,0x10013FC0
1777182989.691,2326544,4,4,ADCS,255,BROADCAST,0,HEARTBEAT,48,HEARTBEAT,0,0,0,0,0,0,0x10013FC0
1777182990.769,2327638,4,4,ADCS,255,BROADCAST,0,HEARTBEAT,48,HEARTBEAT,0,0,0,0,0,0,0x10013FC0
1777182991.865,2328733,4,4,ADCS,255,BROADCAST,0,HEARTBEAT,48,HEARTBEAT,0,0,0,0,0,0,0x10013FC0
1777182992.980,2329827,4,4,ADCS,255,BROADCAST,0,HEARTBEAT,48,HEARTBEAT,0,0,0,0,0,0,0x10013FC0
1777182994.055,2330922,4,4,ADCS,255,BROADCAST,0,HEARTBEAT,48,HEARTBEAT,0,0,0,0,0,0,0x10013FC0
1777182995.147,2332016,4,4,ADCS,255,BROADCAST,0,HEARTBEAT,48,HEARTBEAT,0,0,0,0,0,0,0x10013FC0
1777182996.253,2333111,4,4,ADCS,255,BROADCAST,0,HEARTBEAT,48,HEARTBEAT,0,0,0,0,0,0,0x10013FC0
1777182997.342,2334205,4,4,ADCS,255,BROADCAST,0,HEARTBEAT,48,HEARTBEAT,0,0,0,0,0,0,0x10013FC0
1777182998.436,2335300,4,4,ADCS,255,BROADCAST,0,HEARTBEAT,48,HEARTBEAT,0,0,0,0,0,0,0x10013FC0
1777182999.527,2336394,4,4,ADCS,255,BROADCAST,0,HEARTBEAT,48,HEARTBEAT,0,0,0,0,0,0,0x10013FC0
1777183000.659,2337489,4,4,ADCS,255,BROADCAST,0,HEARTBEAT,48,HEARTBEAT,0,0,0,0,0,0,0x10013FC0
1777183001.714,2338583,4,4,ADCS,255,BROADCAST,0,HEARTBEAT,48,HEARTBEAT,0,0,0,0,0,0,0x10013FC0
1777183002.809,2339678,4,4,ADCS,255,BROADCAST,0,HEARTBEAT,48,HEARTBEAT,0,0,0,0,0,0,0x10013FC0
1777183003.940,2340772,4,4,ADCS,255,BROADCAST,0,HEARTBEAT,48,HEARTBEAT,0,0,0,0,0,0,0x10013FC0
1777183004.999,2341867,4,4,ADCS,255,BROADCAST,0,HEARTBEAT,48,HEARTBEAT,0,0,0,0,0,0,0x10013FC0
1777183006.093,2342961,4,4,ADCS,255,BROADCAST,0,HEARTBEAT,48,HEARTBEAT,0,0,0,0,0,0,0x10013FC0
1777183007.207,2344056,4,4,ADCS,255,BROADCAST,0,HEARTBEAT,48,HEARTBEAT,0,0,0,0,0,0,0x10013FC0
1777183008.282,2345150,4,4,ADCS,255,BROADCAST,0,HEARTBEAT,48,HEARTBEAT,0,0,0,0,0,0,0x10013FC0
1777183009.378,2346245,4,4,ADCS,255,BROADCAST,0,HEARTBEAT,48,HEARTBEAT,0,0,0,0,0,0,0x10013FC0
1777183010.493,2347339,4,4,ADCS,255,BROADCAST,0,HEARTBEAT,48,HEARTBEAT,0,0,0,0,0,0,0x10013FC0
1777183011.565,2348434,4,4,ADCS,255,BROADCAST,0,HEARTBEAT,48,HEARTBEAT,0,0,0,0,0,0,0x10013FC0
1777183012.660,2349528,4,4,ADCS,255,BROADCAST,0,HEARTBEAT,48,HEARTBEAT,0,0,0,0,0,0,0x10013FC0
1777183013.764,2350623,4,4,ADCS,255,BROADCAST,0,HEARTBEAT,48,HEARTBEAT,0,0,0,0,0,0,0x10013FC0
1777183014.849,2351717,4,4,ADCS,255,BROADCAST,0,HEARTBEAT,48,HEARTBEAT,0,0,0,0,0,0,0x10013FC0
1777183015.944,2352812,4,4,ADCS,255,BROADCAST,0,HEARTBEAT,48,HEARTBEAT,0,0,0,0,0,0,0x10013FC0
1777183017.044,2353906,4,4,ADCS,255,BROADCAST,0,HEARTBEAT,48,HEARTBEAT,0,0,0,0,0,0,0x10013FC0
1777183018.171,2355001,4,4,ADCS,255,BROADCAST,0,HEARTBEAT,48,HEARTBEAT,0,0,0,0,0,0,0x10013FC0
1777183019.227,2356095,4,4,ADCS,255,BROADCAST,0,HEARTBEAT,48,HEARTBEAT,0,0,0,0,0,0,0x10013FC0
1777183020.322,2357190,4,4,ADCS,255,BROADCAST,0,HEARTBEAT,48,HEARTBEAT,0,0,0,0,0,0,0x10013FC0
1777183021.449,2358284,4,4,ADCS,255,BROADCAST,0,HEARTBEAT,48,HEARTBEAT,0,0,0,0,0,0,0x10013FC0
1777183022.510,2359379,4,4,ADCS,255,BROADCAST,0,HEARTBEAT,48,HEARTBEAT,0,0,0,0,0,0,0x10013FC0
1777183023.605,2360473,4,4,ADCS,255,BROADCAST,0,HEARTBEAT,48,HEARTBEAT,0,0,0,0,0,0,0x10013FC0
1777183024.720,2361568,4,4,ADCS,255,BROADCAST,0,HEARTBEAT,48,HEARTBEAT,0,0,0,0,0,0,0x10013FC0
1777183025.794,2362662,4,4,ADCS,255,BROADCAST,0,HEARTBEAT,48,HEARTBEAT,0,0,0,0,0,0,0x10013FC0
1777183026.889,2363757,4,4,ADCS,255,BROADCAST,0,HEARTBEAT,48,HEARTBEAT,0,0,0,0,0,0,0x10013FC0
1777183028.000,2364851,4,4,ADCS,255,BROADCAST,0,HEARTBEAT,48,HEARTBEAT,0,0,0,0,0,0,0x10013FC0
1777183029.077,2365946,4,4,ADCS,255,BROADCAST,0,HEARTBEAT,48,HEARTBEAT,0,0,0,0,0,0,0x10013FC0
1777183030.171,2367040,4,4,ADCS,255,BROADCAST,0,HEARTBEAT,48,HEARTBEAT,0,0,0,0,0,0,0x10013FC0
1777183031.277,2368135,4,4,ADCS,255,BROADCAST,0,HEARTBEAT,48,HEARTBEAT,0,0,0,0,0,0,0x10013FC0
1777183032.361,2369229,4,4,ADCS,255,BROADCAST,0,HEARTBEAT,48,HEARTBEAT,0,0,0,0,0,0,0x10013FC0
1777183033.456,2370324,4,4,ADCS,255,BROADCAST,0,HEARTBEAT,48,HEARTBEAT,0,0,0,0,0,0,0x10013FC0
1777183034.557,2371418,4,4,ADCS,255,BROADCAST,0,HEARTBEAT,48,HEARTBEAT,0,0,0,0,0,0,0x10013FC0
1777183035.683,2372513,4,4,ADCS,255,BROADCAST,0,HEARTBEAT,48,HEARTBEAT,0,0,0,0,0,0,0x10013FC0
1777183036.739,2373607,4,4,ADCS,255,BROADCAST,0,HEARTBEAT,48,HEARTBEAT,0,0,0,0,0,0,0x10013FC0
1777183037.834,2374702,4,4,ADCS,255,BROADCAST,0,HEARTBEAT,48,HEARTBEAT,0,0,0,0,0,0,0x10013FC0
1777183038.956,2375796,4,4,ADCS,255,BROADCAST,0,HEARTBEAT,48,HEARTBEAT,0,0,0,0,0,0,0x10013FC0
1777183040.022,2376891,4,4,ADCS,255,BROADCAST,0,HEARTBEAT,48,HEARTBEAT,0,0,0,0,0,0,0x10013FC0
1777183041.116,2377985,4,4,ADCS,255,BROADCAST,0,HEARTBEAT,48,HEARTBEAT,0,0,0,0,0,0,0x10013FC0
1777183042.229,2379080,4,4,ADCS,255,BROADCAST,0,HEARTBEAT,48,HEARTBEAT,0,0,0,0,0,0,0x10013FC0
1777183043.306,2380174,4,4,ADCS,255,BROADCAST,0,HEARTBEAT,48,HEARTBEAT,0,0,0,0,0,0,0x10013FC0
1777183044.401,2381268,4,4,ADCS,255,BROADCAST,0,HEARTBEAT,48,HEARTBEAT,0,0,0,0,0,0,0x10013FC0
1777183045.506,2382363,4,4,ADCS,255,BROADCAST,0,HEARTBEAT,48,HEARTBEAT,0,0,0,0,0,0,0x10013FC0
1777183046.589,2383457,4,4,ADCS,255,BROADCAST,0,HEARTBEAT,48,HEARTBEAT,0,0,0,0,0,0,0x10013FC0
1777183047.684,2384552,4,4,ADCS,255,BROADCAST,0,HEARTBEAT,48,HEARTBEAT,0,0,0,0,0,0,0x10013FC0
1777183048.786,2385646,4,4,ADCS,255,BROADCAST,0,HEARTBEAT,48,HEARTBEAT,0,0,0,0,0,0,0x10013FC0
1777183049.917,2386741,4,4,ADCS,255,BROADCAST,0,HEARTBEAT,48,HEARTBEAT,0,0,0,0,0,0,0x10013FC0
1777183050.967,2387835,4,4,ADCS,255,BROADCAST,0,HEARTBEAT,48,HEARTBEAT,0,0,0,0,0,0,0x10013FC0
1777183052.062,2388930,4,4,ADCS,255,BROADCAST,0,HEARTBEAT,48,HEARTBEAT,0,0,0,0,0,0,0x10013FC0
1777183053.189,2390024,4,4,ADCS,255,BROADCAST,0,HEARTBEAT,48,HEARTBEAT,0,0,0,0,0,0,0x10013FC0
1777183054.250,2391119,4,4,ADCS,255,BROADCAST,0,HEARTBEAT,48,HEARTBEAT,0,0,0,0,0,0,0x10013FC0
1777183055.345,2392213,4,4,ADCS,255,BROADCAST,0,HEARTBEAT,48,HEARTBEAT,0,0,0,0,0,0,0x10013FC0
1777183056.473,2393308,4,4,ADCS,255,BROADCAST,0,HEARTBEAT,48,HEARTBEAT,0,0,0,0,0,0,0x10013FC0
1777183057.534,2394402,4,4,ADCS,255,BROADCAST,0,HEARTBEAT,48,HEARTBEAT,0,0,0,0,0,0,0x10013FC0
1777183058.629,2395497,4,4,ADCS,255,BROADCAST,0,HEARTBEAT,48,HEARTBEAT,0,0,0,0,0,0,0x10013FC0
1777183059.746,2396592,4,4,ADCS,255,BROADCAST,0,HEARTBEAT,48,HEARTBEAT,0,0,0,0,0,0,0x10013FC0
1777183060.818,2397686,4,4,ADCS,255,BROADCAST,0,HEARTBEAT,48,HEARTBEAT,0,0,0,0,0,0,0x10013FC0
1777183061.913,2398781,4,4,ADCS,255,BROADCAST,0,HEARTBEAT,48,HEARTBEAT,0,0,0,0,0,0,0x10013FC0
1777183063.021,2399875,4,4,ADCS,255,BROADCAST,0,HEARTBEAT,48,HEARTBEAT,0,0,0,0,0,0,0x10013FC0
1777183064.107,2400970,4,4,ADCS,255,BROADCAST,0,HEARTBEAT,48,HEARTBEAT,0,0,0,0,0,0,0x10013FC0
1777183065.197,2402064,4,4,ADCS,255,BROADCAST,0,HEARTBEAT,48,HEARTBEAT,0,0,0,0,0,0,0x10013FC0
1777183066.310,2403159,4,4,ADCS,255,BROADCAST,0,HEARTBEAT,48,HEARTBEAT,0,0,0,0,0,0,0x10013FC0
1777183067.429,2404253,4,4,ADCS,255,BROADCAST,0,HEARTBEAT,48,HEARTBEAT,0,0,0,0,0,0,0x10013FC0
1777183068.480,2405348,4,4,ADCS,255,BROADCAST,0,HEARTBEAT,48,HEARTBEAT,0,0,0,0,0,0,0x10013FC0
1777183069.578,2406442,4,4,ADCS,255,BROADCAST,0,HEARTBEAT,48,HEARTBEAT,0,0,0,0,0,0,0x10013FC0
1777183070.695,2407537,4,4,ADCS,255,BROADCAST,0,HEARTBEAT,48,HEARTBEAT,0,0,0,0,0,0,0x10013FC0
1777183071.764,2408632,4,4,ADCS,255,BROADCAST,0,HEARTBEAT,48,HEARTBEAT,0,0,0,0,0,0,0x10013FC0
1777183072.859,2409726,4,4,ADCS,255,BROADCAST,0,HEARTBEAT,48,HEARTBEAT,0,0,0,0,0,0,0x10013FC0
1777183073.981,2410821,4,4,ADCS,255,BROADCAST,0,HEARTBEAT,48,HEARTBEAT,0,0,0,0,0,0,0x10013FC0
1777183075.048,2411916,4,4,ADCS,255,BROADCAST,0,HEARTBEAT,48,HEARTBEAT,0,0,0,0,0,0,0x10013FC0
1777183076.143,2413010,4,4,ADCS,255,BROADCAST,0,HEARTBEAT,48,HEARTBEAT,0,0,0,0,0,0,0x10013FC0
1777183077.271,2414105,4,4,ADCS,255,BROADCAST,0,HEARTBEAT,48,HEARTBEAT,0,0,0,0,0,0,0x10013FC0
1777183078.331,2415199,4,4,ADCS,255,BROADCAST,0,HEARTBEAT,48,HEARTBEAT,0,0,0,0,0,0,0x10013FC0
1777183079.426,2416294,4,4,ADCS,255,BROADCAST,0,HEARTBEAT,48,HEARTBEAT,0,0,0,0,0,0,0x10013FC0
1777183080.535,2417389,4,4,ADCS,255,BROADCAST,0,HEARTBEAT,48,HEARTBEAT,0,0,0,0,0,0,0x10013FC0
1777183081.615,2418483,4,4,ADCS,255,BROADCAST,0,HEARTBEAT,48,HEARTBEAT,0,0,0,0,0,0,0x10013FC0
1777183082.710,2419578,4,4,ADCS,255,BROADCAST,0,HEARTBEAT,48,HEARTBEAT,0,0,0,0,0,0,0x10013FC0
1777183083.814,2420673,4,4,ADCS,255,BROADCAST,0,HEARTBEAT,48,HEARTBEAT,0,0,0,0,0,0,0x10013FC0
1777183084.938,2421767,4,4,ADCS,255,BROADCAST,0,HEARTBEAT,48,HEARTBEAT,0,0,0,0,0,0,0x10013FC0
1777183085.994,2422862,4,4,ADCS,255,BROADCAST,0,HEARTBEAT,48,HEARTBEAT,0,0,0,0,0,0,0x10013FC0
1777183087.089,2423956,4,4,ADCS,255,BROADCAST,0,HEARTBEAT,48,HEARTBEAT,0,0,0,0,0,0,0x10013FC0
1777183088.212,2425051,4,4,ADCS,255,BROADCAST,0,HEARTBEAT,48,HEARTBEAT,0,0,0,0,0,0,0x10013FC0
1777183089.278,2426145,4,4,ADCS,255,BROADCAST,0,HEARTBEAT,48,HEARTBEAT,0,0,0,0,0,0,0x10013FC0
1777183090.373,2427240,4,4,ADCS,255,BROADCAST,0,HEARTBEAT,48,HEARTBEAT,0,0,0,0,0,0,0x10013FC0
1777183091.481,2428334,4,4,ADCS,255,BROADCAST,0,HEARTBEAT,48,HEARTBEAT,0,0,0,0,0,0,0x10013FC0
1777183092.561,2429429,4,4,ADCS,255,BROADCAST,0,HEARTBEAT,48,HEARTBEAT,0,0,0,0,0,0,0x10013FC0
1777183093.657,2430524,4,4,ADCS,255,BROADCAST,0,HEARTBEAT,48,HEARTBEAT,0,0,0,0,0,0,0x10013FC0
1777183094.762,2431618,4,4,ADCS,255,BROADCAST,0,HEARTBEAT,48,HEARTBEAT,0,0,0,0,0,0,0x10013FC0
1777183095.845,2432713,4,4,ADCS,255,BROADCAST,0,HEARTBEAT,48,HEARTBEAT,0,0,0,0,0,0,0x10013FC0
1777183096.940,2433808,4,4,ADCS,255,BROADCAST,0,HEARTBEAT,48,HEARTBEAT,0,0,0,0,0,0,0x10013FC0
1777183098.063,2434902,4,4,ADCS,255,BROADCAST,0,HEARTBEAT,48,HEARTBEAT,0,0,0,0,0,0,0x10013FC0
1777183099.173,2435997,4,4,ADCS,255,BROADCAST,0,HEARTBEAT,48,HEARTBEAT,0,0,0,0,0,0,0x10013FC0
1777183100.224,2437092,4,4,ADCS,255,BROADCAST,0,HEARTBEAT,48,HEARTBEAT,0,0,0,0,0,0,0x10013FC0
1777183101.319,2438186,4,4,ADCS,255,BROADCAST,0,HEARTBEAT,48,HEARTBEAT,0,0,0,0,0,0,0x10013FC0
1777183102.445,2439281,4,4,ADCS,255,BROADCAST,0,HEARTBEAT,48,HEARTBEAT,0,0,0,0,0,0,0x10013FC0
1777183103.575,2440375,4,4,ADCS,255,BROADCAST,0,HEARTBEAT,48,HEARTBEAT,0,0,0,0,0,0,0x10013FC0
1777183104.614,2441470,4,4,ADCS,255,BROADCAST,0,HEARTBEAT,48,HEARTBEAT,0,0,0,0,0,0,0x10013FC0
1777183105.729,2442565,4,4,ADCS,255,BROADCAST,0,HEARTBEAT,48,HEARTBEAT,0,0,0,0,0,0,0x10013FC0
1777183106.792,2443659,4,4,ADCS,255,BROADCAST,0,HEARTBEAT,48,HEARTBEAT,0,0,0,0,0,0,0x10013FC0
1777183107.887,2444754,4,4,ADCS,255,BROADCAST,0,HEARTBEAT,48,HEARTBEAT,0,0,0,0,0,0,0x10013FC0
1777183109.005,2445849,4,4,ADCS,255,BROADCAST,0,HEARTBEAT,48,HEARTBEAT,0,0,0,0,0,0,0x10013FC0
1777183110.079,2446943,4,4,ADCS,255,BROADCAST,0,HEARTBEAT,48,HEARTBEAT,0,0,0,0,0,0,0x10013FC0
1777183111.170,2448038,4,4,ADCS,255,BROADCAST,0,HEARTBEAT,48,HEARTBEAT,0,0,0,0,0,0,0x10013FC0
1777183112.284,2449132,4,4,ADCS,255,BROADCAST,0,HEARTBEAT,48,HEARTBEAT,0,0,0,0,0,0,0x10013FC0
1777183113.395,2450227,4,4,ADCS,255,BROADCAST,0,HEARTBEAT,48,HEARTBEAT,0,0,0,0,0,0,0x10013FC0
1777183114.454,2451322,4,4,ADCS,255,BROADCAST,0,HEARTBEAT,48,HEARTBEAT,0,0,0,0,0,0,0x10013FC0
1777183115.585,2452416,4,4,ADCS,255,BROADCAST,0,HEARTBEAT,48,HEARTBEAT,0,0,0,0,0,0,0x10013FC0
1777183116.683,2453511,4,4,ADCS,255,BROADCAST,0,HEARTBEAT,48,HEARTBEAT,0,0,0,0,0,0,0x10013FC0
1777183117.738,2454605,4,4,ADCS,255,BROADCAST,0,HEARTBEAT,48,HEARTBEAT,0,0,0,0,0,0,0x10013FC0
1777183118.832,2455700,4,4,ADCS,255,BROADCAST,0,HEARTBEAT,48,HEARTBEAT,0,0,0,0,0,0,0x10013FC0
1777183119.953,2456794,4,4,ADCS,255,BROADCAST,0,HEARTBEAT,48,HEARTBEAT,0,0,0,0,0,0,0x10013FC0
1777183121.022,2457889,4,4,ADCS,255,BROADCAST,0,HEARTBEAT,48,HEARTBEAT,0,0,0,0,0,0,0x10013FC0
1777183122.116,2458983,4,4,ADCS,255,BROADCAST,0,HEARTBEAT,48,HEARTBEAT,0,0,0,0,0,0,0x10013FC0
1777183123.238,2460078,4,4,ADCS,255,BROADCAST,0,HEARTBEAT,48,HEARTBEAT,0,0,0,0,0,0,0x10013FC0
1777183124.305,2461172,4,4,ADCS,255,BROADCAST,0,HEARTBEAT,48,HEARTBEAT,0,0,0,0,0,0,0x10013FC0
1777183125.402,2462267,4,4,ADCS,255,BROADCAST,0,HEARTBEAT,48,HEARTBEAT,0,0,0,0,0,0,0x10013FC0
1777183126.514,2463361,4,4,ADCS,255,BROADCAST,0,HEARTBEAT,48,HEARTBEAT,0,0,0,0,0,0,0x10013FC0
1777183127.589,2464456,4,4,ADCS,255,BROADCAST,0,HEARTBEAT,48,HEARTBEAT,0,0,0,0,0,0,0x10013FC0
1777183128.683,2465550,4,4,ADCS,255,BROADCAST,0,HEARTBEAT,48,HEARTBEAT,0,0,0,0,0,0,0x10013FC0
1777183129.793,2466645,4,4,ADCS,255,BROADCAST,0,HEARTBEAT,48,HEARTBEAT,0,0,0,0,0,0,0x10013FC0
1777183130.872,2467739,4,4,ADCS,255,BROADCAST,0,HEARTBEAT,48,HEARTBEAT,0,0,0,0,0,0,0x10013FC0
1777183131.967,2468834,4,4,ADCS,255,BROADCAST,0,HEARTBEAT,48,HEARTBEAT,0,0,0,0,0,0,0x10013FC0
1777183133.062,2469929,4,4,ADCS,255,BROADCAST,0,HEARTBEAT,48,HEARTBEAT,0,0,0,0,0,0,0x10013FC0
1777183134.193,2471023,4,4,ADCS,255,BROADCAST,0,HEARTBEAT,48,HEARTBEAT,0,0,0,0,0,0,0x10013FC0
1777183135.250,2472118,4,4,ADCS,255,BROADCAST,0,HEARTBEAT,48,HEARTBEAT,0,0,0,0,0,0,0x10013FC0
1777183136.345,2473212,4,4,ADCS,255,BROADCAST,0,HEARTBEAT,48,HEARTBEAT,0,0,0,0,0,0,0x10013FC0
1777183137.463,2474307,4,4,ADCS,255,BROADCAST,0,HEARTBEAT,48,HEARTBEAT,0,0,0,0,0,0,0x10013FC0
1777183138.534,2475401,4,4,ADCS,255,BROADCAST,0,HEARTBEAT,48,HEARTBEAT,0,0,0,0,0,0,0x10013FC0
1777183139.629,2476496,4,4,ADCS,255,BROADCAST,0,HEARTBEAT,48,HEARTBEAT,0,0,0,0,0,0,0x10013FC0
1777183140.744,2477590,4,4,ADCS,255,BROADCAST,0,HEARTBEAT,48,HEARTBEAT,0,0,0,0,0,0,0x10013FC0
1777183141.818,2478685,4,4,ADCS,255,BROADCAST,0,HEARTBEAT,48,HEARTBEAT,0,0,0,0,0,0,0x10013FC0
1777183142.912,2479779,4,4,ADCS,255,BROADCAST,0,HEARTBEAT,48,HEARTBEAT,0,0,0,0,0,0,0x10013FC0
1777183144.021,2480874,4,4,ADCS,255,BROADCAST,0,HEARTBEAT,48,HEARTBEAT,0,0,0,0,0,0,0x10013FC0
1777183145.101,2481969,4,4,ADCS,255,BROADCAST,0,HEARTBEAT,48,HEARTBEAT,0,0,0,0,0,0,0x10013FC0
1777183146.197,2483063,4,4,ADCS,255,BROADCAST,0,HEARTBEAT,48,HEARTBEAT,0,0,0,0,0,0,0x10013FC0
1777183147.292,2484158,4,4,ADCS,255,BROADCAST,0,HEARTBEAT,48,HEARTBEAT,0,0,0,0,0,0,0x10013FC0
1777183148.416,2485252,4,4,ADCS,255,BROADCAST,0,HEARTBEAT,48,HEARTBEAT,0,0,0,0,0,0,0x10013FC0
1777183149.482,2486347,4,4,ADCS,255,BROADCAST,0,HEARTBEAT,48,HEARTBEAT,0,0,0,0,0,0,0x10013FC0
1777183150.578,2487441,4,4,ADCS,255,BROADCAST,0,HEARTBEAT,48,HEARTBEAT,0,0,0,0,0,0,0x10013FC0
1777183151.705,2488536,4,4,ADCS,255,BROADCAST,0,HEARTBEAT,48,HEARTBEAT,0,0,0,0,0,0,0x10013FC0
1777183152.764,2489630,4,4,ADCS,255,BROADCAST,0,HEARTBEAT,48,HEARTBEAT,0,0,0,0,0,0,0x10013FC0
1777183153.858,2490725,4,4,ADCS,255,BROADCAST,0,HEARTBEAT,48,HEARTBEAT,0,0,0,0,0,0,0x10013FC0
1777183154.982,2491819,4,4,ADCS,255,BROADCAST,0,HEARTBEAT,48,HEARTBEAT,0,0,0,0,0,0,0x10013FC0
1777183156.049,2492914,4,4,ADCS,255,BROADCAST,0,HEARTBEAT,48,HEARTBEAT,0,0,0,0,0,0,0x10013FC0
1777183157.154,2494009,4,4,ADCS,255,BROADCAST,0,HEARTBEAT,48,HEARTBEAT,0,0,0,0,0,0,0x10013FC0
1777183158.259,2495103,4,4,ADCS,255,BROADCAST,0,HEARTBEAT,48,HEARTBEAT,0,0,0,0,0,0,0x10013FC0
1777183159.332,2496198,4,4,ADCS,255,BROADCAST,0,HEARTBEAT,48,HEARTBEAT,0,0,0,0,0,0,0x10013FC0
1777183160.426,2497293,4,4,ADCS,255,BROADCAST,0,HEARTBEAT,48,HEARTBEAT,0,0,0,0,0,0,0x10013FC0
1777183161.544,2498387,4,4,ADCS,255,BROADCAST,0,HEARTBEAT,48,HEARTBEAT,0,0,0,0,0,0,0x10013FC0
1777183162.615,2499482,4,4,ADCS,255,BROADCAST,0,HEARTBEAT,48,HEARTBEAT,0,0,0,0,0,0,0x10013FC0
1777183163.712,2500576,4,4,ADCS,255,BROADCAST,0,HEARTBEAT,48,HEARTBEAT,0,0,0,0,0,0,0x10013FC0
1777183164.807,2501671,4,4,ADCS,255,BROADCAST,0,HEARTBEAT,48,HEARTBEAT,0,0,0,0,0,0,0x10013FC0
1777183165.942,2502765,4,4,ADCS,255,BROADCAST,0,HEARTBEAT,48,HEARTBEAT,0,0,0,0,0,0,0x10013FC0
1777183166.994,2503860,4,4,ADCS,255,BROADCAST,0,HEARTBEAT,48,HEARTBEAT,0,0,0,0,0,0,0x10013FC0
1777183168.088,2504955,4,4,ADCS,255,BROADCAST,0,HEARTBEAT,48,HEARTBEAT,0,0,0,0,0,0,0x10013FC0
1777183169.209,2506049,4,4,ADCS,255,BROADCAST,0,HEARTBEAT,48,HEARTBEAT,0,0,0,0,0,0,0x10013FC0
1777183170.277,2507144,4,4,ADCS,255,BROADCAST,0,HEARTBEAT,48,HEARTBEAT,0,0,0,0,0,0,0x10013FC0
1777183171.371,2508238,4,4,ADCS,255,BROADCAST,0,HEARTBEAT,48,HEARTBEAT,0,0,0,0,0,0,0x10013FC0
1777183172.492,2509333,4,4,ADCS,255,BROADCAST,0,HEARTBEAT,48,HEARTBEAT,0,0,0,0,0,0,0x10013FC0
1777183173.560,2510427,4,4,ADCS,255,BROADCAST,0,HEARTBEAT,48,HEARTBEAT,0,0,0,0,0,0,0x10013FC0
1777183174.656,2511521,4,4,ADCS,255,BROADCAST,0,HEARTBEAT,48,HEARTBEAT,0,0,0,0,0,0,0x10013FC0
1777183175.769,2512616,4,4,ADCS,255,BROADCAST,0,HEARTBEAT,48,HEARTBEAT,0,0,0,0,0,0,0x10013FC0
1777183176.846,2513710,4,4,ADCS,255,BROADCAST,0,HEARTBEAT,48,HEARTBEAT,0,0,0,0,0,0,0x10013FC0
1777183177.938,2514805,4,4,ADCS,255,BROADCAST,0,HEARTBEAT,48,HEARTBEAT,0,0,0,0,0,0,0x10013FC0
1777183179.036,2515899,4,4,ADCS,255,BROADCAST,0,HEARTBEAT,48,HEARTBEAT,0,0,0,0,0,0,0x10013FC0
1777183180.127,2516994,4,4,ADCS,255,BROADCAST,0,HEARTBEAT,48,HEARTBEAT,0,0,0,0,0,0,0x10013FC0
1777183181.222,2518088,4,4,ADCS,255,BROADCAST,0,HEARTBEAT,48,HEARTBEAT,0,0,0,0,0,0,0x10013FC0
1777183182.323,2519183,4,4,ADCS,255,BROADCAST,0,HEARTBEAT,48,HEARTBEAT,0,0,0,0,0,0,0x10013FC0
1777183183.451,2520277,4,4,ADCS,255,BROADCAST,0,HEARTBEAT,48,HEARTBEAT,0,0,0,0,0,0,0x10013FC0
1777183184.505,2521372,4,4,ADCS,255,BROADCAST,0,HEARTBEAT,48,HEARTBEAT,0,0,0,0,0,0,0x10013FC0
1777183185.600,2522466,4,4,ADCS,255,BROADCAST,0,HEARTBEAT,48,HEARTBEAT,0,0,0,0,0,0,0x10013FC0
1777183186.721,2523561,4,4,ADCS,255,BROADCAST,0,HEARTBEAT,48,HEARTBEAT,0,0,0,0,0,0,0x10013FC0
1777183187.789,2524655,4,4,ADCS,255,BROADCAST,0,HEARTBEAT,48,HEARTBEAT,0,0,0,0,0,0,0x10013FC0
1777183188.884,2525750,4,4,ADCS,255,BROADCAST,0,HEARTBEAT,48,HEARTBEAT,0,0,0,0,0,0,0x10013FC0
1777183190.004,2526844,4,4,ADCS,255,BROADCAST,0,HEARTBEAT,48,HEARTBEAT,0,0,0,0,0,0,0x10013FC0
1777183191.073,2527939,4,4,ADCS,255,BROADCAST,0,HEARTBEAT,48,HEARTBEAT,0,0,0,0,0,0,0x10013FC0
1777183192.168,2529034,4,4,ADCS,255,BROADCAST,0,HEARTBEAT,48,HEARTBEAT,0,0,0,0,0,0,0x10013FC0
1777183193.273,2530128,4,4,ADCS,255,BROADCAST,0,HEARTBEAT,48,HEARTBEAT,0,0,0,0,0,0,0x10013FC0
1777183194.357,2531223,4,4,ADCS,255,BROADCAST,0,HEARTBEAT,48,HEARTBEAT,0,0,0,0,0,0,0x10013FC0
1777183195.451,2532317,4,4,ADCS,255,BROADCAST,0,HEARTBEAT,48,HEARTBEAT,0,0,0,0,0,0,0x10013FC0
1777183196.546,2533412,4,4,ADCS,255,BROADCAST,0,HEARTBEAT,48,HEARTBEAT,0,0,0,0,0,0,0x10013FC0
1777183197.672,2534507,4,4,ADCS,255,BROADCAST,0,HEARTBEAT,48,HEARTBEAT,0,0,0,0,0,0,0x10013FC0
1777183198.735,2535601,4,4,ADCS,255,BROADCAST,0,HEARTBEAT,48,HEARTBEAT,0,0,0,0,0,0,0x10013FC0
1777183199.830,2536696,4,4,ADCS,255,BROADCAST,0,HEARTBEAT,48,HEARTBEAT,0,0,0,0,0,0,0x10013FC0
1777183200.960,2537791,4,4,ADCS,255,BROADCAST,0,HEARTBEAT,48,HEARTBEAT,0,0,0,0,0,0,0x10013FC0
1777183202.019,2538885,4,4,ADCS,255,BROADCAST,0,HEARTBEAT,48,HEARTBEAT,0,0,0,0,0,0,0x10013FC0
1777183203.114,2539980,4,4,ADCS,255,BROADCAST,0,HEARTBEAT,48,HEARTBEAT,0,0,0,0,0,0,0x10013FC0
1777183204.234,2541074,4,4,ADCS,255,BROADCAST,0,HEARTBEAT,48,HEARTBEAT,0,0,0,0,0,0,0x10013FC0
1777183205.303,2542169,4,4,ADCS,255,BROADCAST,0,HEARTBEAT,48,HEARTBEAT,0,0,0,0,0,0,0x10013FC0
1777183206.398,2543264,4,4,ADCS,255,BROADCAST,0,HEARTBEAT,48,HEARTBEAT,0,0,0,0,0,0,0x10013FC0
1777183207.510,2544358,4,4,ADCS,255,BROADCAST,0,HEARTBEAT,48,HEARTBEAT,0,0,0,0,0,0,0x10013FC0
1777183208.587,2545453,4,4,ADCS,255,BROADCAST,0,HEARTBEAT,48,HEARTBEAT,0,0,0,0,0,0,0x10013FC0
1777183209.682,2546547,4,4,ADCS,255,BROADCAST,0,HEARTBEAT,48,HEARTBEAT,0,0,0,0,0,0,0x10013FC0
1777183210.788,2547642,4,4,ADCS,255,BROADCAST,0,HEARTBEAT,48,HEARTBEAT,0,0,0,0,0,0,0x10013FC0
1777183211.871,2548737,4,4,ADCS,255,BROADCAST,0,HEARTBEAT,48,HEARTBEAT,0,0,0,0,0,0,0x10013FC0
1777183212.965,2549831,4,4,ADCS,255,BROADCAST,0,HEARTBEAT,48,HEARTBEAT,0,0,0,0,0,0,0x10013FC0
1777183214.070,2550926,4,4,ADCS,255,BROADCAST,0,HEARTBEAT,48,HEARTBEAT,0,0,0,0,0,0,0x10013FC0
1777183215.195,2552020,4,4,ADCS,255,BROADCAST,0,HEARTBEAT,48,HEARTBEAT,0,0,0,0,0,0,0x10013FC0
1777183216.249,2553115,4,4,ADCS,255,BROADCAST,0,HEARTBEAT,48,HEARTBEAT,0,0,0,0,0,0,0x10013FC0
1777183217.344,2554210,4,4,ADCS,255,BROADCAST,0,HEARTBEAT,48,HEARTBEAT,0,0,0,0,0,0,0x10013FC0
1777183218.463,2555304,4,4,ADCS,255,BROADCAST,0,HEARTBEAT,48,HEARTBEAT,0,0,0,0,0,0,0x10013FC0
1777183219.533,2556399,4,4,ADCS,255,BROADCAST,0,HEARTBEAT,48,HEARTBEAT,0,0,0,0,0,0,0x10013FC0
1777183220.628,2557493,4,4,ADCS,255,BROADCAST,0,HEARTBEAT,48,HEARTBEAT,0,0,0,0,0,0,0x10013FC0
1777183221.744,2558588,4,4,ADCS,255,BROADCAST,0,HEARTBEAT,48,HEARTBEAT,0,0,0,0,0,0,0x10013FC0
1777183222.816,2559683,4,4,ADCS,255,BROADCAST,0,HEARTBEAT,48,HEARTBEAT,0,0,0,0,0,0,0x10013FC0
1777183223.912,2560777,4,4,ADCS,255,BROADCAST,0,HEARTBEAT,48,HEARTBEAT,0,0,0,0,0,0,0x10013FC0
1777183225.025,2561872,4,4,ADCS,255,BROADCAST,0,HEARTBEAT,48,HEARTBEAT,0,0,0,0,0,0,0x10013FC0
1777183226.100,2562966,4,4,ADCS,255,BROADCAST,0,HEARTBEAT,48,HEARTBEAT,0,0,0,0,0,0,0x10013FC0
1777183227.205,2564061,4,4,ADCS,255,BROADCAST,0,HEARTBEAT,48,HEARTBEAT,0,0,0,0,0,0,0x10013FC0
1777183228.301,2565155,4,4,ADCS,255,BROADCAST,0,HEARTBEAT,48,HEARTBEAT,0,0,0,0,0,0,0x10013FC0
1777183229.383,2566250,4,4,ADCS,255,BROADCAST,0,HEARTBEAT,48,HEARTBEAT,0,0,0,0,0,0,0x10013FC0
1777183230.480,2567344,4,4,ADCS,255,BROADCAST,0,HEARTBEAT,48,HEARTBEAT,0,0,0,0,0,0,0x10013FC0
1777183231.573,2568439,4,4,ADCS,255,BROADCAST,0,HEARTBEAT,48,HEARTBEAT,0,0,0,0,0,0,0x10013FC0
1777183232.699,2569533,4,4,ADCS,255,BROADCAST,0,HEARTBEAT,48,HEARTBEAT,0,0,0,0,0,0,0x10013FC0
1777183233.762,2570628,4,4,ADCS,255,BROADCAST,0,HEARTBEAT,48,HEARTBEAT,0,0,0,0,0,0,0x10013FC0
1777183234.859,2571722,4,4,ADCS,255,BROADCAST,0,HEARTBEAT,48,HEARTBEAT,0,0,0,0,0,0,0x10013FC0
1777183235.970,2572817,4,4,ADCS,255,BROADCAST,0,HEARTBEAT,48,HEARTBEAT,0,0,0,0,0,0,0x10013FC0
1777183237.045,2573911,4,4,ADCS,255,BROADCAST,0,HEARTBEAT,48,HEARTBEAT,0,0,0,0,0,0,0x10013FC0
1777183238.140,2575006,4,4,ADCS,255,BROADCAST,0,HEARTBEAT,48,HEARTBEAT,0,0,0,0,0,0,0x10013FC0
1777183239.257,2576100,4,4,ADCS,255,BROADCAST,0,HEARTBEAT,48,HEARTBEAT,0,0,0,0,0,0,0x10013FC0
1777183240.329,2577195,4,4,ADCS,255,BROADCAST,0,HEARTBEAT,48,HEARTBEAT,0,0,0,0,0,0,0x10013FC0
1777183241.424,2578289,4,4,ADCS,255,BROADCAST,0,HEARTBEAT,48,HEARTBEAT,0,0,0,0,0,0,0x10013FC0
1777183242.533,2579384,4,4,ADCS,255,BROADCAST,0,HEARTBEAT,48,HEARTBEAT,0,0,0,0,0,0,0x10013FC0
1777183243.612,2580478,4,4,ADCS,255,BROADCAST,0,HEARTBEAT,48,HEARTBEAT,0,0,0,0,0,0,0x10013FC0
1777183244.707,2581572,4,4,ADCS,255,BROADCAST,0,HEARTBEAT,48,HEARTBEAT,0,0,0,0,0,0,0x10013FC0
1777183245.805,2582667,4,4,ADCS,255,BROADCAST,0,HEARTBEAT,48,HEARTBEAT,0,0,0,0,0,0,0x10013FC0
1777183246.932,2583761,4,4,ADCS,255,BROADCAST,0,HEARTBEAT,48,HEARTBEAT,0,0,0,0,0,0,0x10013FC0
1777183247.990,2584856,4,4,ADCS,255,BROADCAST,0,HEARTBEAT,48,HEARTBEAT,0,0,0,0,0,0,0x10013FC0
1777183249.091,2585950,4,4,ADCS,255,BROADCAST,0,HEARTBEAT,48,HEARTBEAT,0,0,0,0,0,0,0x10013FC0
1777183250.216,2587045,4,4,ADCS,255,BROADCAST,0,HEARTBEAT,48,HEARTBEAT,0,0,0,0,0,0,0x10013FC0
1777183251.274,2588139,4,4,ADCS,255,BROADCAST,0,HEARTBEAT,48,HEARTBEAT,0,0,0,0,0,0,0x10013FC0
1777183252.368,2589234,4,4,ADCS,255,BROADCAST,0,HEARTBEAT,48,HEARTBEAT,0,0,0,0,0,0,0x10013FC0
1777183253.486,2590328,4,4,ADCS,255,BROADCAST,0,HEARTBEAT,48,HEARTBEAT,0,0,0,0,0,0,0x10013FC0
1777183254.557,2591423,4,4,ADCS,255,BROADCAST,0,HEARTBEAT,48,HEARTBEAT,0,0,0,0,0,0,0x10013FC0
1777183255.652,2592517,4,4,ADCS,255,BROADCAST,0,HEARTBEAT,48,HEARTBEAT,0,0,0,0,0,0,0x10013FC0
1777183256.767,2593612,4,4,ADCS,255,BROADCAST,0,HEARTBEAT,48,HEARTBEAT,0,0,0,0,0,0,0x10013FC0
1777183257.840,2594706,4,4,ADCS,255,BROADCAST,0,HEARTBEAT,48,HEARTBEAT,0,0,0,0,0,0,0x10013FC0
1777183258.936,2595800,4,4,ADCS,255,BROADCAST,0,HEARTBEAT,48,HEARTBEAT,0,0,0,0,0,0,0x10013FC0
1777183260.046,2596895,4,4,ADCS,255,BROADCAST,0,HEARTBEAT,48,HEARTBEAT,0,0,0,0,0,0,0x10013FC0
1777183261.123,2597989,4,4,ADCS,255,BROADCAST,0,HEARTBEAT,48,HEARTBEAT,0,0,0,0,0,0,0x10013FC0
1777183262.218,2599084,4,4,ADCS,255,BROADCAST,0,HEARTBEAT,48,HEARTBEAT,0,0,0,0,0,0,0x10013FC0
1777183263.323,2600178,4,4,ADCS,255,BROADCAST,0,HEARTBEAT,48,HEARTBEAT,0,0,0,0,0,0,0x10013FC0
1777183264.449,2601273,4,4,ADCS,255,BROADCAST,0,HEARTBEAT,48,HEARTBEAT,0,0,0,0,0,0,0x10013FC0
1777183265.503,2602367,4,4,ADCS,255,BROADCAST,0,HEARTBEAT,48,HEARTBEAT,0,0,0,0,0,0,0x10013FC0
1777183266.597,2603462,4,4,ADCS,255,BROADCAST,0,HEARTBEAT,48,HEARTBEAT,0,0,0,0,0,0,0x10013FC0
1777183267.722,2604557,4,4,ADCS,255,BROADCAST,0,HEARTBEAT,48,HEARTBEAT,0,0,0,0,0,0,0x10013FC0
1777183268.786,2605651,4,4,ADCS,255,BROADCAST,0,HEARTBEAT,48,HEARTBEAT,0,0,0,0,0,0,0x10013FC0
1777183269.880,2606746,4,4,ADCS,255,BROADCAST,0,HEARTBEAT,48,HEARTBEAT,0,0,0,0,0,0,0x10013FC0
1777183271.000,2607840,4,4,ADCS,255,BROADCAST,0,HEARTBEAT,48,HEARTBEAT,0,0,0,0,0,0,0x10013FC0
1777183272.070,2608935,4,4,ADCS,255,BROADCAST,0,HEARTBEAT,48,HEARTBEAT,0,0,0,0,0,0,0x10013FC0
1777183273.164,2610030,4,4,ADCS,255,BROADCAST,0,HEARTBEAT,48,HEARTBEAT,0,0,0,0,0,0,0x10013FC0
1777183274.280,2611124,4,4,ADCS,255,BROADCAST,0,HEARTBEAT,48,HEARTBEAT,0,0,0,0,0,0,0x10013FC0
1777183275.353,2612219,4,4,ADCS,255,BROADCAST,0,HEARTBEAT,48,HEARTBEAT,0,0,0,0,0,0,0x10013FC0
1777183276.449,2613313,4,4,ADCS,255,BROADCAST,0,HEARTBEAT,48,HEARTBEAT,0,0,0,0,0,0,0x10013FC0
1777183277.549,2614408,4,4,ADCS,255,BROADCAST,0,HEARTBEAT,48,HEARTBEAT,0,0,0,0,0,0,0x10013FC0
1777183278.637,2615502,4,4,ADCS,255,BROADCAST,0,HEARTBEAT,48,HEARTBEAT,0,0,0,0,0,0,0x10013FC0
1777183279.732,2616597,4,4,ADCS,255,BROADCAST,0,HEARTBEAT,48,HEARTBEAT,0,0,0,0,0,0,0x10013FC0
1777183280.834,2617692,4,4,ADCS,255,BROADCAST,0,HEARTBEAT,48,HEARTBEAT,0,0,0,0,0,0,0x10013FC0
1777183281.961,2618786,4,4,ADCS,255,BROADCAST,0,HEARTBEAT,48,HEARTBEAT,0,0,0,0,0,0,0x10013FC0
1777183283.016,2619881,4,4,ADCS,255,BROADCAST,0,HEARTBEAT,48,HEARTBEAT,0,0,0,0,0,0,0x10013FC0
1777183284.110,2620975,4,4,ADCS,255,BROADCAST,0,HEARTBEAT,48,HEARTBEAT,0,0,0,0,0,0,0x10013FC0
1777183285.234,2622070,4,4,ADCS,255,BROADCAST,0,HEARTBEAT,48,HEARTBEAT,0,0,0,0,0,0,0x10013FC0
1777183286.299,2623165,4,4,ADCS,255,BROADCAST,0,HEARTBEAT,48,HEARTBEAT,0,0,0,0,0,0,0x10013FC0
1777183287.394,2624259,4,4,ADCS,255,BROADCAST,0,HEARTBEAT,48,HEARTBEAT,0,0,0,0,0,0,0x10013FC0
1777183288.516,2625354,4,4,ADCS,255,BROADCAST,0,HEARTBEAT,48,HEARTBEAT,0,0,0,0,0,0,0x10013FC0
1777183289.584,2626448,4,4,ADCS,255,BROADCAST,0,HEARTBEAT,48,HEARTBEAT,0,0,0,0,0,0,0x10013FC0
1777183290.680,2627543,4,4,ADCS,255,BROADCAST,0,HEARTBEAT,48,HEARTBEAT,0,0,0,0,0,0,0x10013FC0
1777183291.787,2628637,4,4,ADCS,255,BROADCAST,0,HEARTBEAT,48,HEARTBEAT,0,0,0,0,0,0,0x10013FC0
1777183292.867,2629732,4,4,ADCS,255,BROADCAST,0,HEARTBEAT,48,HEARTBEAT,0,0,0,0,0,0,0x10013FC0
1777183293.962,2630827,4,4,ADCS,255,BROADCAST,0,HEARTBEAT,48,HEARTBEAT,0,0,0,0,0,0,0x10013FC0
1777183295.057,2631921,4,4,ADCS,255,BROADCAST,0,HEARTBEAT,48,HEARTBEAT,0,0,0,0,0,0,0x10013FC0
1777183296.150,2633016,4,4,ADCS,255,BROADCAST,0,HEARTBEAT,48,HEARTBEAT,0,0,0,0,0,0,0x10013FC0
1777183297.245,2634110,4,4,ADCS,255,BROADCAST,0,HEARTBEAT,48,HEARTBEAT,0,0,0,0,0,0,0x10013FC0
1777183298.343,2635205,4,4,ADCS,255,BROADCAST,0,HEARTBEAT,48,HEARTBEAT,0,0,0,0,0,0,0x10013FC0
1777183299.464,2636299,4,4,ADCS,255,BROADCAST,0,HEARTBEAT,48,HEARTBEAT,0,0,0,0,0,0,0x10013FC0
1777183300.529,2637394,4,4,ADCS,255,BROADCAST,0,HEARTBEAT,48,HEARTBEAT,0,0,0,0,0,0,0x10013FC0
1777183301.624,2638488,4,4,ADCS,255,BROADCAST,0,HEARTBEAT,48,HEARTBEAT,0,0,0,0,0,0,0x10013FC0
1777183302.749,2639583,4,4,ADCS,255,BROADCAST,0,HEARTBEAT,48,HEARTBEAT,0,0,0,0,0,0,0x10013FC0
1777183303.814,2640678,4,4,ADCS,255,BROADCAST,0,HEARTBEAT,48,HEARTBEAT,0,0,0,0,0,0,0x10013FC0
1777183304.910,2641772,4,4,ADCS,255,BROADCAST,0,HEARTBEAT,48,HEARTBEAT,0,0,0,0,0,0,0x10013FC0
1777183306.017,2642867,4,4,ADCS,255,BROADCAST,0,HEARTBEAT,48,HEARTBEAT,0,0,0,0,0,0,0x10013FC0
1777183307.096,2643961,4,4,ADCS,255,BROADCAST,0,HEARTBEAT,48,HEARTBEAT,0,0,0,0,0,0,0x10013FC0
1777183308.192,2645056,4,4,ADCS,255,BROADCAST,0,HEARTBEAT,48,HEARTBEAT,0,0,0,0,0,0,0x10013FC0
1777183309.301,2646151,4,4,ADCS,255,BROADCAST,0,HEARTBEAT,48,HEARTBEAT,0,0,0,0,0,0,0x10013FC0
1777183310.380,2647245,4,4,ADCS,255,BROADCAST,0,HEARTBEAT,48,HEARTBEAT,0,0,0,0,0,0,0x10013FC0
1777183311.475,2648340,4,4,ADCS,255,BROADCAST,0,HEARTBEAT,48,HEARTBEAT,0,0,0,0,0,0,0x10013FC0
1777183312.570,2649434,4,4,ADCS,255,BROADCAST,0,HEARTBEAT,48,HEARTBEAT,0,0,0,0,0,0,0x10013FC0
1777183313.698,2650529,4,4,ADCS,255,BROADCAST,0,HEARTBEAT,48,HEARTBEAT,0,0,0,0,0,0,0x10013FC0
1777183314.758,2651623,4,4,ADCS,255,BROADCAST,0,HEARTBEAT,48,HEARTBEAT,0,0,0,0,0,0,0x10013FC0
1777183315.854,2652718,4,4,ADCS,255,BROADCAST,0,HEARTBEAT,48,HEARTBEAT,0,0,0,0,0,0,0x10013FC0
1777183316.969,2653812,4,4,ADCS,255,BROADCAST,0,HEARTBEAT,48,HEARTBEAT,0,0,0,0,0,0,0x10013FC0
1777183318.042,2654907,4,4,ADCS,255,BROADCAST,0,HEARTBEAT,48,HEARTBEAT,0,0,0,0,0,0,0x10013FC0
1777183319.137,2656001,4,4,ADCS,255,BROADCAST,0,HEARTBEAT,48,HEARTBEAT,0,0,0,0,0,0,0x10013FC0
1777183320.255,2657096,4,4,ADCS,255,BROADCAST,0,HEARTBEAT,48,HEARTBEAT,0,0,0,0,0,0,0x10013FC0
1777183321.326,2658191,4,4,ADCS,255,BROADCAST,0,HEARTBEAT,48,HEARTBEAT,0,0,0,0,0,0,0x10013FC0
1777183322.421,2659285,4,4,ADCS,255,BROADCAST,0,HEARTBEAT,48,HEARTBEAT,0,0,0,0,0,0,0x10013FC0
1777183323.534,2660379,4,4,ADCS,255,BROADCAST,0,HEARTBEAT,48,HEARTBEAT,0,0,0,0,0,0,0x10013FC0
1777183324.609,2661474,4,4,ADCS,255,BROADCAST,0,HEARTBEAT,48,HEARTBEAT,0,0,0,0,0,0,0x10013FC0
1777183325.704,2662568,4,4,ADCS,255,BROADCAST,0,HEARTBEAT,48,HEARTBEAT,0,0,0,0,0,0,0x10013FC0
1777183326.811,2663663,4,4,ADCS,255,BROADCAST,0,HEARTBEAT,48,HEARTBEAT,0,0,0,0,0,0,0x10013FC0
1777183327.893,2664757,4,4,ADCS,255,BROADCAST,0,HEARTBEAT,48,HEARTBEAT,0,0,0,0,0,0,0x10013FC0
1777183328.987,2665852,4,4,ADCS,255,BROADCAST,0,HEARTBEAT,48,HEARTBEAT,0,0,0,0,0,0,0x10013FC0
1777183330.091,2666946,4,4,ADCS,255,BROADCAST,0,HEARTBEAT,48,HEARTBEAT,0,0,0,0,0,0,0x10013FC0
1777183331.216,2668041,4,4,ADCS,255,BROADCAST,0,HEARTBEAT,48,HEARTBEAT,0,0,0,0,0,0,0x10013FC0
1777183332.282,2669135,4,4,ADCS,255,BROADCAST,0,HEARTBEAT,48,HEARTBEAT,0,0,0,0,0,0,0x10013FC0
1777183333.369,2670230,4,4,ADCS,255,BROADCAST,0,HEARTBEAT,48,HEARTBEAT,0,0,0,0,0,0,0x10013FC0
1777183334.494,2671324,4,4,ADCS,255,BROADCAST,0,HEARTBEAT,48,HEARTBEAT,0,0,0,0,0,0,0x10013FC0
1777183335.554,2672419,4,4,ADCS,255,BROADCAST,0,HEARTBEAT,48,HEARTBEAT,0,0,0,0,0,0,0x10013FC0
1777183336.649,2673513,4,4,ADCS,255,BROADCAST,0,HEARTBEAT,48,HEARTBEAT,0,0,0,0,0,0,0x10013FC0
1777183337.766,2674607,4,4,ADCS,255,BROADCAST,0,HEARTBEAT,48,HEARTBEAT,0,0,0,0,0,0,0x10013FC0
1777183338.837,2675702,4,4,ADCS,255,BROADCAST,0,HEARTBEAT,48,HEARTBEAT,0,0,0,0,0,0,0x10013FC0
1777183339.932,2676796,4,4,ADCS,255,BROADCAST,0,HEARTBEAT,48,HEARTBEAT,0,0,0,0,0,0,0x10013FC0
1777183341.033,2677891,4,4,ADCS,255,BROADCAST,0,HEARTBEAT,48,HEARTBEAT,0,0,0,0,0,0,0x10013FC0
1777183342.121,2678985,4,4,ADCS,255,BROADCAST,0,HEARTBEAT,48,HEARTBEAT,0,0,0,0,0,0,0x10013FC0
1777183343.216,2680080,4,4,ADCS,255,BROADCAST,0,HEARTBEAT,48,HEARTBEAT,0,0,0,0,0,0,0x10013FC0
1777183344.317,2681174,4,4,ADCS,255,BROADCAST,0,HEARTBEAT,48,HEARTBEAT,0,0,0,0,0,0,0x10013FC0
1777183345.405,2682269,4,4,ADCS,255,BROADCAST,0,HEARTBEAT,48,HEARTBEAT,0,0,0,0,0,0,0x10013FC0
1777183346.499,2683363,4,4,ADCS,255,BROADCAST,0,HEARTBEAT,48,HEARTBEAT,0,0,0,0,0,0,0x10013FC0
1777183347.601,2684458,4,4,ADCS,255,BROADCAST,0,HEARTBEAT,48,HEARTBEAT,0,0,0,0,0,0,0x10013FC0
1777183348.728,2685552,4,4,ADCS,255,BROADCAST,0,HEARTBEAT,48,HEARTBEAT,0,0,0,0,0,0,0x10013FC0
1777183349.783,2686647,4,4,ADCS,255,BROADCAST,0,HEARTBEAT,48,HEARTBEAT,0,0,0,0,0,0,0x10013FC0
1777183350.878,2687741,4,4,ADCS,255,BROADCAST,0,HEARTBEAT,48,HEARTBEAT,0,0,0,0,0,0,0x10013FC0
1777183352.000,2688836,4,4,ADCS,255,BROADCAST,0,HEARTBEAT,48,HEARTBEAT,0,0,0,0,0,0,0x10013FC0
1777183353.066,2689930,4,4,ADCS,255,BROADCAST,0,HEARTBEAT,48,HEARTBEAT,0,0,0,0,0,0,0x10013FC0
1777183354.161,2691025,4,4,ADCS,255,BROADCAST,0,HEARTBEAT,48,HEARTBEAT,0,0,0,0,0,0,0x10013FC0
1777183355.279,2692120,4,4,ADCS,255,BROADCAST,0,HEARTBEAT,48,HEARTBEAT,0,0,0,0,0,0,0x10013FC0
1777183356.350,2693214,4,4,ADCS,255,BROADCAST,0,HEARTBEAT,48,HEARTBEAT,0,0,0,0,0,0,0x10013FC0
1777183357.446,2694308,4,4,ADCS,255,BROADCAST,0,HEARTBEAT,48,HEARTBEAT,0,0,0,0,0,0,0x10013FC0
1777183358.560,2695403,4,4,ADCS,255,BROADCAST,0,HEARTBEAT,48,HEARTBEAT,0,0,0,0,0,0,0x10013FC0
1777183359.636,2696498,4,4,ADCS,255,BROADCAST,0,HEARTBEAT,48,HEARTBEAT,0,0,0,0,0,0,0x10013FC0
1777183360.728,2697592,4,4,ADCS,255,BROADCAST,0,HEARTBEAT,48,HEARTBEAT,0,0,0,0,0,0,0x10013FC0
1777183361.830,2698687,4,4,ADCS,255,BROADCAST,0,HEARTBEAT,48,HEARTBEAT,0,0,0,0,0,0,0x10013FC0
1777183362.917,2699781,4,4,ADCS,255,BROADCAST,0,HEARTBEAT,48,HEARTBEAT,0,0,0,0,0,0,0x10013FC0
1777183364.014,2700876,4,4,ADCS,255,BROADCAST,0,HEARTBEAT,48,HEARTBEAT,0,0,0,0,0,0,0x10013FC0
1777183365.109,2701970,4,4,ADCS,255,BROADCAST,0,HEARTBEAT,48,HEARTBEAT,0,0,0,0,0,0,0x10013FC0
1777183366.223,2703065,4,4,ADCS,255,BROADCAST,0,HEARTBEAT,48,HEARTBEAT,0,0,0,0,0,0,0x10013FC0
1777183367.296,2704160,4,4,ADCS,255,BROADCAST,0,HEARTBEAT,48,HEARTBEAT,0,0,0,0,0,0,0x10013FC0
1777183368.391,2705254,4,4,ADCS,255,BROADCAST,0,HEARTBEAT,48,HEARTBEAT,0,0,0,0,0,0,0x10013FC0
1777183369.514,2706349,4,4,ADCS,255,BROADCAST,0,HEARTBEAT,48,HEARTBEAT,0,0,0,0,0,0,0x10013FC0
1777183370.580,2707443,4,4,ADCS,255,BROADCAST,0,HEARTBEAT,48,HEARTBEAT,0,0,0,0,0,0,0x10013FC0
1777183371.673,2708538,4,4,ADCS,255,BROADCAST,0,HEARTBEAT,48,HEARTBEAT,0,0,0,0,0,0,0x10013FC0
1777183372.792,2709632,4,4,ADCS,255,BROADCAST,0,HEARTBEAT,48,HEARTBEAT,0,0,0,0,0,0,0x10013FC0
1777183373.863,2710727,4,4,ADCS,255,BROADCAST,0,HEARTBEAT,48,HEARTBEAT,0,0,0,0,0,0,0x10013FC0
1777183374.958,2711822,4,4,ADCS,255,BROADCAST,0,HEARTBEAT,48,HEARTBEAT,0,0,0,0,0,0,0x10013FC0
1777183376.060,2712916,4,4,ADCS,255,BROADCAST,0,HEARTBEAT,48,HEARTBEAT,0,0,0,0,0,0,0x10013FC0
1777183377.152,2714011,4,4,ADCS,255,BROADCAST,0,HEARTBEAT,48,HEARTBEAT,0,0,0,0,0,0,0x10013FC0
1777183378.242,2715106,4,4,ADCS,255,BROADCAST,0,HEARTBEAT,48,HEARTBEAT,0,0,0,0,0,0,0x10013FC0
1777183379.353,2716200,4,4,ADCS,255,BROADCAST,0,HEARTBEAT,48,HEARTBEAT,0,0,0,0,0,0,0x10013FC0
1777183380.464,2717295,4,4,ADCS,255,BROADCAST,0,HEARTBEAT,48,HEARTBEAT,0,0,0,0,0,0,0x10013FC0
1777183381.525,2718389,4,4,ADCS,255,BROADCAST,0,HEARTBEAT,48,HEARTBEAT,0,0,0,0,0,0,0x10013FC0
1777183382.630,2719484,4,4,ADCS,255,BROADCAST,0,HEARTBEAT,48,HEARTBEAT,0,0,0,0,0,0,0x10013FC0
1777183383.749,2720578,4,4,ADCS,255,BROADCAST,0,HEARTBEAT,48,HEARTBEAT,0,0,0,0,0,0,0x10013FC0
1777183384.809,2721673,4,4,ADCS,255,BROADCAST,0,HEARTBEAT,48,HEARTBEAT,0,0,0,0,0,0,0x10013FC0
1777183385.904,2722767,4,4,ADCS,255,BROADCAST,0,HEARTBEAT,48,HEARTBEAT,0,0,0,0,0,0,0x10013FC0
1777183387.031,2723862,4,4,ADCS,255,BROADCAST,0,HEARTBEAT,48,HEARTBEAT,0,0,0,0,0,0,0x10013FC0
1777183388.093,2724957,4,4,ADCS,255,BROADCAST,0,HEARTBEAT,48,HEARTBEAT,0,0,0,0,0,0,0x10013FC0
1777183389.187,2726051,4,4,ADCS,255,BROADCAST,0,HEARTBEAT,48,HEARTBEAT,0,0,0,0,0,0,0x10013FC0
1777183390.305,2727146,4,4,ADCS,255,BROADCAST,0,HEARTBEAT,48,HEARTBEAT,0,0,0,0,0,0,0x10013FC0
1777183391.377,2728240,4,4,ADCS,255,BROADCAST,0,HEARTBEAT,48,HEARTBEAT,0,0,0,0,0,0,0x10013FC0
1777183392.471,2729335,4,4,ADCS,255,BROADCAST,0,HEARTBEAT,48,HEARTBEAT,0,0,0,0,0,0,0x10013FC0
1777183393.578,2730429,4,4,ADCS,255,BROADCAST,0,HEARTBEAT,48,HEARTBEAT,0,0,0,0,0,0,0x10013FC0
1777183394.660,2731524,4,4,ADCS,255,BROADCAST,0,HEARTBEAT,48,HEARTBEAT,0,0,0,0,0,0,0x10013FC0
1777183395.754,2732618,4,4,ADCS,255,BROADCAST,0,HEARTBEAT,48,HEARTBEAT,0,0,0,0,0,0,0x10013FC0
1777183396.855,2733713,4,4,ADCS,255,BROADCAST,0,HEARTBEAT,48,HEARTBEAT,0,0,0,0,0,0,0x10013FC0
1777183397.983,2734807,4,4,ADCS,255,BROADCAST,0,HEARTBEAT,48,HEARTBEAT,0,0,0,0,0,0,0x10013FC0
1777183399.038,2735902,4,4,ADCS,255,BROADCAST,0,HEARTBEAT,48,HEARTBEAT,0,0,0,0,0,0,0x10013FC0
1777183400.133,2736996,4,4,ADCS,255,BROADCAST,0,HEARTBEAT,48,HEARTBEAT,0,0,0,0,0,0,0x10013FC0
1777183401.260,2738091,4,4,ADCS,255,BROADCAST,0,HEARTBEAT,48,HEARTBEAT,0,0,0,0,0,0,0x10013FC0
1777183402.324,2739185,4,4,ADCS,255,BROADCAST,0,HEARTBEAT,48,HEARTBEAT,0,0,0,0,0,0,0x10013FC0
1777183403.416,2740280,4,4,ADCS,255,BROADCAST,0,HEARTBEAT,48,HEARTBEAT,0,0,0,0,0,0,0x10013FC0
1777183404.541,2741374,4,4,ADCS,255,BROADCAST,0,HEARTBEAT,48,HEARTBEAT,0,0,0,0,0,0,0x10013FC0
1777183405.605,2742469,4,4,ADCS,255,BROADCAST,0,HEARTBEAT,48,HEARTBEAT,0,0,0,0,0,0,0x10013FC0
1777183406.700,2743563,4,4,ADCS,255,BROADCAST,0,HEARTBEAT,48,HEARTBEAT,0,0,0,0,0,0,0x10013FC0
1777183407.814,2744658,4,4,ADCS,255,BROADCAST,0,HEARTBEAT,48,HEARTBEAT,0,0,0,0,0,0,0x10013FC0
1777183408.889,2745752,4,4,ADCS,255,BROADCAST,0,HEARTBEAT,48,HEARTBEAT,0,0,0,0,0,0,0x10013FC0
1777183409.983,2746847,4,4,ADCS,255,BROADCAST,0,HEARTBEAT,48,HEARTBEAT,0,0,0,0,0,0,0x10013FC0
1777183411.093,2747941,4,4,ADCS,255,BROADCAST,0,HEARTBEAT,48,HEARTBEAT,0,0,0,0,0,0,0x10013FC0
1777183412.172,2749035,4,4,ADCS,255,BROADCAST,0,HEARTBEAT,48,HEARTBEAT,0,0,0,0,0,0,0x10013FC0
1777183413.266,2750130,4,4,ADCS,255,BROADCAST,0,HEARTBEAT,48,HEARTBEAT,0,0,0,0,0,0,0x10013FC0
1777183414.374,2751224,4,4,ADCS,255,BROADCAST,0,HEARTBEAT,48,HEARTBEAT,0,0,0,0,0,0,0x10013FC0
1777183415.491,2752319,4,4,ADCS,255,BROADCAST,0,HEARTBEAT,48,HEARTBEAT,0,0,0,0,0,0,0x10013FC0
1777183416.550,2753413,4,4,ADCS,255,BROADCAST,0,HEARTBEAT,48,HEARTBEAT,0,0,0,0,0,0,0x10013FC0
1777183417.644,2754508,4,4,ADCS,255,BROADCAST,0,HEARTBEAT,48,HEARTBEAT,0,0,0,0,0,0,0x10013FC0
1777183418.773,2755602,4,4,ADCS,255,BROADCAST,0,HEARTBEAT,48,HEARTBEAT,0,0,0,0,0,0,0x10013FC0
1777183419.833,2756697,4,4,ADCS,255,BROADCAST,0,HEARTBEAT,48,HEARTBEAT,0,0,0,0,0,0,0x10013FC0
1777183420.928,2757791,4,4,ADCS,255,BROADCAST,0,HEARTBEAT,48,HEARTBEAT,0,0,0,0,0,0,0x10013FC0
1777183422.049,2758886,4,4,ADCS,255,BROADCAST,0,HEARTBEAT,48,HEARTBEAT,0,0,0,0,0,0,0x10013FC0
1777183423.117,2759980,4,4,ADCS,255,BROADCAST,0,HEARTBEAT,48,HEARTBEAT,0,0,0,0,0,0,0x10013FC0
1777183424.211,2761075,4,4,ADCS,255,BROADCAST,0,HEARTBEAT,48,HEARTBEAT,0,0,0,0,0,0,0x10013FC0
1777183425.326,2762169,4,4,ADCS,255,BROADCAST,0,HEARTBEAT,48,HEARTBEAT,0,0,0,0,0,0,0x10013FC0
1777183426.400,2763263,4,4,ADCS,255,BROADCAST,0,HEARTBEAT,48,HEARTBEAT,0,0,0,0,0,0,0x10013FC0
1777183427.495,2764358,4,4,ADCS,255,BROADCAST,0,HEARTBEAT,48,HEARTBEAT,0,0,0,0,0,0,0x10013FC0
1777183428.592,2765452,4,4,ADCS,255,BROADCAST,0,HEARTBEAT,48,HEARTBEAT,0,0,0,0,0,0,0x10013FC0
1777183429.687,2766547,4,4,ADCS,255,BROADCAST,0,HEARTBEAT,48,HEARTBEAT,0,0,0,0,0,0,0x10013FC0
1777183430.778,2767641,4,4,ADCS,255,BROADCAST,0,HEARTBEAT,48,HEARTBEAT,0,0,0,0,0,0,0x10013FC0
1777183431.880,2768736,4,4,ADCS,255,BROADCAST,0,HEARTBEAT,48,HEARTBEAT,0,0,0,0,0,0,0x10013FC0
1777183432.994,2769830,4,4,ADCS,255,BROADCAST,0,HEARTBEAT,48,HEARTBEAT,0,0,0,0,0,0,0x10013FC0
1777183434.062,2770924,4,4,ADCS,255,BROADCAST,0,HEARTBEAT,48,HEARTBEAT,0,0,0,0,0,0,0x10013FC0
1777183435.156,2772019,4,4,ADCS,255,BROADCAST,0,HEARTBEAT,48,HEARTBEAT,0,0,0,0,0,0,0x10013FC0
1777183436.281,2773114,4,4,ADCS,255,BROADCAST,0,HEARTBEAT,48,HEARTBEAT,0,0,0,0,0,0,0x10013FC0
1777183437.345,2774208,4,4,ADCS,255,BROADCAST,0,HEARTBEAT,48,HEARTBEAT,0,0,0,0,0,0,0x10013FC0
1777183438.443,2775303,4,4,ADCS,255,BROADCAST,0,HEARTBEAT,48,HEARTBEAT,0,0,0,0,0,0,0x10013FC0
1777183439.554,2776397,4,4,ADCS,255,BROADCAST,0,HEARTBEAT,48,HEARTBEAT,0,0,0,0,0,0,0x10013FC0
1777183440.633,2777492,4,4,ADCS,255,BROADCAST,0,HEARTBEAT,48,HEARTBEAT,0,0,0,0,0,0,0x10013FC0
1777183441.723,2778586,4,4,ADCS,255,BROADCAST,0,HEARTBEAT,48,HEARTBEAT,0,0,0,0,0,0,0x10013FC0
1777183442.838,2779681,4,4,ADCS,255,BROADCAST,0,HEARTBEAT,48,HEARTBEAT,0,0,0,0,0,0,0x10013FC0
1777183443.912,2780775,4,4,ADCS,255,BROADCAST,0,HEARTBEAT,48,HEARTBEAT,0,0,0,0,0,0,0x10013FC0
1777183445.007,2781870,4,4,ADCS,255,BROADCAST,0,HEARTBEAT,48,HEARTBEAT,0,0,0,0,0,0,0x10013FC0
1777183446.116,2782964,4,4,ADCS,255,BROADCAST,0,HEARTBEAT,48,HEARTBEAT,0,0,0,0,0,0,0x10013FC0
1777183447.239,2784059,4,4,ADCS,255,BROADCAST,0,HEARTBEAT,48,HEARTBEAT,0,0,0,0,0,0,0x10013FC0
1777183448.290,2785153,4,4,ADCS,255,BROADCAST,0,HEARTBEAT,48,HEARTBEAT,0,0,0,0,0,0,0x10013FC0
1777183449.390,2786248,4,4,ADCS,255,BROADCAST,0,HEARTBEAT,48,HEARTBEAT,0,0,0,0,0,0,0x10013FC0
1777183450.510,2787342,4,4,ADCS,255,BROADCAST,0,HEARTBEAT,48,HEARTBEAT,0,0,0,0,0,0,0x10013FC0
1777183451.574,2788437,4,4,ADCS,255,BROADCAST,0,HEARTBEAT,48,HEARTBEAT,0,0,0,0,0,0,0x10013FC0
1777183452.669,2789531,4,4,ADCS,255,BROADCAST,0,HEARTBEAT,48,HEARTBEAT,0,0,0,0,0,0,0x10013FC0
1777183453.785,2790626,4,4,ADCS,255,BROADCAST,0,HEARTBEAT,48,HEARTBEAT,0,0,0,0,0,0,0x10013FC0
1777183454.858,2791721,4,4,ADCS,255,BROADCAST,0,HEARTBEAT,48,HEARTBEAT,0,0,0,0,0,0,0x10013FC0
1777183455.952,2792815,4,4,ADCS,255,BROADCAST,0,HEARTBEAT,48,HEARTBEAT,0,0,0,0,0,0,0x10013FC0
1777183457.069,2793910,4,4,ADCS,255,BROADCAST,0,HEARTBEAT,48,HEARTBEAT,0,0,0,0,0,0,0x10013FC0
1777183458.141,2795004,4,4,ADCS,255,BROADCAST,0,HEARTBEAT,48,HEARTBEAT,0,0,0,0,0,0,0x10013FC0
1777183459.236,2796099,4,4,ADCS,255,BROADCAST,0,HEARTBEAT,48,HEARTBEAT,0,0,0,0,0,0,0x10013FC0
1777183460.348,2797193,4,4,ADCS,255,BROADCAST,0,HEARTBEAT,48,HEARTBEAT,0,0,0,0,0,0,0x10013FC0
1777183461.425,2798288,4,4,ADCS,255,BROADCAST,0,HEARTBEAT,48,HEARTBEAT,0,0,0,0,0,0,0x10013FC0
1777183462.520,2799383,4,4,ADCS,255,BROADCAST,0,HEARTBEAT,48,HEARTBEAT,0,0,0,0,0,0,0x10013FC0
1777183463.614,2800477,4,4,ADCS,255,BROADCAST,0,HEARTBEAT,48,HEARTBEAT,0,0,0,0,0,0,0x10013FC0
1777183464.738,2801572,4,4,ADCS,255,BROADCAST,0,HEARTBEAT,48,HEARTBEAT,0,0,0,0,0,0,0x10013FC0
1777183465.804,2802666,4,4,ADCS,255,BROADCAST,0,HEARTBEAT,48,HEARTBEAT,0,0,0,0,0,0,0x10013FC0
1777183466.900,2803761,4,4,ADCS,255,BROADCAST,0,HEARTBEAT,48,HEARTBEAT,0,0,0,0,0,0,0x10013FC0
1777183468.026,2804855,4,4,ADCS,255,BROADCAST,0,HEARTBEAT,48,HEARTBEAT,0,0,0,0,0,0,0x10013FC0
1777183469.088,2805950,4,4,ADCS,255,BROADCAST,0,HEARTBEAT,48,HEARTBEAT,0,0,0,0,0,0,0x10013FC0
1777183470.182,2807044,4,4,ADCS,255,BROADCAST,0,HEARTBEAT,48,HEARTBEAT,0,0,0,0,0,0,0x10013FC0
1777183471.305,2808139,4,4,ADCS,255,BROADCAST,0,HEARTBEAT,48,HEARTBEAT,0,0,0,0,0,0,0x10013FC0
1777183472.371,2809234,4,4,ADCS,255,BROADCAST,0,HEARTBEAT,48,HEARTBEAT,0,0,0,0,0,0,0x10013FC0
1777183473.466,2810328,4,4,ADCS,255,BROADCAST,0,HEARTBEAT,48,HEARTBEAT,0,0,0,0,0,0,0x10013FC0
1777183474.575,2811423,4,4,ADCS,255,BROADCAST,0,HEARTBEAT,48,HEARTBEAT,0,0,0,0,0,0,0x10013FC0
1777183475.655,2812517,4,4,ADCS,255,BROADCAST,0,HEARTBEAT,48,HEARTBEAT,0,0,0,0,0,0,0x10013FC0
1777183476.749,2813612,4,4,ADCS,255,BROADCAST,0,HEARTBEAT,48,HEARTBEAT,0,0,0,0,0,0,0x10013FC0
1777183477.857,2814706,4,4,ADCS,255,BROADCAST,0,HEARTBEAT,48,HEARTBEAT,0,0,0,0,0,0,0x10013FC0
1777183478.939,2815801,4,4,ADCS,255,BROADCAST,0,HEARTBEAT,48,HEARTBEAT,0,0,0,0,0,0,0x10013FC0
1777183480.033,2816896,4,4,ADCS,255,BROADCAST,0,HEARTBEAT,48,HEARTBEAT,0,0,0,0,0,0,0x10013FC0
1777183481.136,2817990,4,4,ADCS,255,BROADCAST,0,HEARTBEAT,48,HEARTBEAT,0,0,0,0,0,0,0x10013FC0
1777183482.249,2819085,4,4,ADCS,255,BROADCAST,0,HEARTBEAT,48,HEARTBEAT,0,0,0,0,0,0,0x10013FC0
1777183483.317,2820179,4,4,ADCS,255,BROADCAST,0,HEARTBEAT,48,HEARTBEAT,0,0,0,0,0,0,0x10013FC0
1777183484.411,2821274,4,4,ADCS,255,BROADCAST,0,HEARTBEAT,48,HEARTBEAT,0,0,0,0,0,0,0x10013FC0
1777183485.526,2822368,4,4,ADCS,255,BROADCAST,0,HEARTBEAT,48,HEARTBEAT,0,0,0,0,0,0,0x10013FC0
1777183486.600,2823463,4,4,ADCS,255,BROADCAST,0,HEARTBEAT,48,HEARTBEAT,0,0,0,0,0,0,0x10013FC0
1777183487.695,2824557,4,4,ADCS,255,BROADCAST,0,HEARTBEAT,48,HEARTBEAT,0,0,0,0,0,0,0x10013FC0
1777183488.804,2825652,4,4,ADCS,255,BROADCAST,0,HEARTBEAT,48,HEARTBEAT,0,0,0,0,0,0,0x10013FC0
1777183489.884,2826746,4,4,ADCS,255,BROADCAST,0,HEARTBEAT,48,HEARTBEAT,0,0,0,0,0,0,0x10013FC0
1777183490.979,2827841,4,4,ADCS,255,BROADCAST,0,HEARTBEAT,48,HEARTBEAT,0,0,0,0,0,0,0x10013FC0
1777183492.080,2828935,4,4,ADCS,255,BROADCAST,0,HEARTBEAT,48,HEARTBEAT,0,0,0,0,0,0,0x10013FC0
1777183493.167,2830030,4,4,ADCS,255,BROADCAST,0,HEARTBEAT,48,HEARTBEAT,0,0,0,0,0,0,0x10013FC0
1777183494.262,2831124,4,4,ADCS,255,BROADCAST,0,HEARTBEAT,48,HEARTBEAT,0,0,0,0,0,0,0x10013FC0
1777183495.370,2832219,4,4,ADCS,255,BROADCAST,0,HEARTBEAT,48,HEARTBEAT,0,0,0,0,0,0,0x10013FC0
1777183496.451,2833313,4,4,ADCS,255,BROADCAST,0,HEARTBEAT,48,HEARTBEAT,0,0,0,0,0,0,0x10013FC0
1777183497.546,2834408,4,4,ADCS,255,BROADCAST,0,HEARTBEAT,48,HEARTBEAT,0,0,0,0,0,0,0x10013FC0
1777183498.641,2835503,4,4,ADCS,255,BROADCAST,0,HEARTBEAT,48,HEARTBEAT,0,0,0,0,0,0,0x10013FC0
1777183499.766,2836597,4,4,ADCS,255,BROADCAST,0,HEARTBEAT,48,HEARTBEAT,0,0,0,0,0,0,0x10013FC0
1777183500.830,2837691,4,4,ADCS,255,BROADCAST,0,HEARTBEAT,48,HEARTBEAT,0,0,0,0,0,0,0x10013FC0
1777183501.924,2838786,4,4,ADCS,255,BROADCAST,0,HEARTBEAT,48,HEARTBEAT,0,0,0,0,0,0,0x10013FC0
1777183503.048,2839881,4,4,ADCS,255,BROADCAST,0,HEARTBEAT,48,HEARTBEAT,0,0,0,0,0,0,0x10013FC0
1777183504.113,2840975,4,4,ADCS,255,BROADCAST,0,HEARTBEAT,48,HEARTBEAT,0,0,0,0,0,0,0x10013FC0
1777183505.208,2842070,4,4,ADCS,255,BROADCAST,0,HEARTBEAT,48,HEARTBEAT,0,0,0,0,0,0,0x10013FC0
1777183506.321,2843164,4,4,ADCS,255,BROADCAST,0,HEARTBEAT,48,HEARTBEAT,0,0,0,0,0,0,0x10013FC0
1777183507.397,2844258,4,4,ADCS,255,BROADCAST,0,HEARTBEAT,48,HEARTBEAT,0,0,0,0,0,0,0x10013FC0
1777183508.491,2845353,4,4,ADCS,255,BROADCAST,0,HEARTBEAT,48,HEARTBEAT,0,0,0,0,0,0,0x10013FC0
1777183509.596,2846448,4,4,ADCS,255,BROADCAST,0,HEARTBEAT,48,HEARTBEAT,0,0,0,0,0,0,0x10013FC0
1777183510.680,2847542,4,4,ADCS,255,BROADCAST,0,HEARTBEAT,48,HEARTBEAT,0,0,0,0,0,0,0x10013FC0
1777183511.775,2848637,4,4,ADCS,255,BROADCAST,0,HEARTBEAT,48,HEARTBEAT,0,0,0,0,0,0,0x10013FC0
1777183512.870,2849731,4,4,ADCS,255,BROADCAST,0,HEARTBEAT,48,HEARTBEAT,0,0,0,0,0,0,0x10013FC0
1777183514.005,2850826,4,4,ADCS,255,BROADCAST,0,HEARTBEAT,48,HEARTBEAT,0,0,0,0,0,0,0x10013FC0
1777183515.058,2851920,4,4,ADCS,255,BROADCAST,0,HEARTBEAT,48,HEARTBEAT,0,0,0,0,0,0,0x10013FC0
1777183516.154,2853015,4,4,ADCS,255,BROADCAST,0,HEARTBEAT,48,HEARTBEAT,0,0,0,0,0,0,0x10013FC0
1777183517.284,2854109,4,4,ADCS,255,BROADCAST,0,HEARTBEAT,48,HEARTBEAT,0,0,0,0,0,0,0x10013FC0
1777183518.342,2855204,4,4,ADCS,255,BROADCAST,0,HEARTBEAT,48,HEARTBEAT,0,0,0,0,0,0,0x10013FC0
1777183519.436,2856298,4,4,ADCS,255,BROADCAST,0,HEARTBEAT,48,HEARTBEAT,0,0,0,0,0,0,0x10013FC0
1777183520.562,2857393,4,4,ADCS,255,BROADCAST,0,HEARTBEAT,48,HEARTBEAT,0,0,0,0,0,0,0x10013FC0
1777183521.625,2858487,4,4,ADCS,255,BROADCAST,0,HEARTBEAT,48,HEARTBEAT,0,0,0,0,0,0,0x10013FC0
1777183522.720,2859582,4,4,ADCS,255,BROADCAST,0,HEARTBEAT,48,HEARTBEAT,0,0,0,0,0,0,0x10013FC0
1777183523.836,2860677,4,4,ADCS,255,BROADCAST,0,HEARTBEAT,48,HEARTBEAT,0,0,0,0,0,0,0x10013FC0
1777183524.909,2861771,4,4,ADCS,255,BROADCAST,0,HEARTBEAT,48,HEARTBEAT,0,0,0,0,0,0,0x10013FC0
1777183526.004,2862866,4,4,ADCS,255,BROADCAST,0,HEARTBEAT,48,HEARTBEAT,0,0,0,0,0,0,0x10013FC0
1777183527.113,2863960,4,4,ADCS,255,BROADCAST,0,HEARTBEAT,48,HEARTBEAT,0,0,0,0,0,0,0x10013FC0
1777183528.193,2865055,4,4,ADCS,255,BROADCAST,0,HEARTBEAT,48,HEARTBEAT,0,0,0,0,0,0,0x10013FC0
1777183529.287,2866149,4,4,ADCS,255,BROADCAST,0,HEARTBEAT,48,HEARTBEAT,0,0,0,0,0,0,0x10013FC0
1777183530.388,2867244,4,4,ADCS,255,BROADCAST,0,HEARTBEAT,48,HEARTBEAT,0,0,0,0,0,0,0x10013FC0
1777183531.510,2868338,4,4,ADCS,255,BROADCAST,0,HEARTBEAT,48,HEARTBEAT,0,0,0,0,0,0,0x10013FC0
1777183532.571,2869433,4,4,ADCS,255,BROADCAST,0,HEARTBEAT,48,HEARTBEAT,0,0,0,0,0,0,0x10013FC0
1777183533.665,2870527,4,4,ADCS,255,BROADCAST,0,HEARTBEAT,48,HEARTBEAT,0,0,0,0,0,0,0x10013FC0
1777183534.794,2871622,4,4,ADCS,255,BROADCAST,0,HEARTBEAT,48,HEARTBEAT,0,0,0,0,0,0,0x10013FC0
1777183535.856,2872716,4,4,ADCS,255,BROADCAST,0,HEARTBEAT,48,HEARTBEAT,0,0,0,0,0,0,0x10013FC0
1777183536.962,2873811,4,4,ADCS,255,BROADCAST,0,HEARTBEAT,48,HEARTBEAT,0,0,0,0,0,0,0x10013FC0
1777183538.059,2874905,4,4,ADCS,255,BROADCAST,0,HEARTBEAT,48,HEARTBEAT,0,0,0,0,0,0,0x10013FC0
1777183539.138,2876000,4,4,ADCS,255,BROADCAST,0,HEARTBEAT,48,HEARTBEAT,0,0,0,0,0,0,0x10013FC0
1777183540.233,2877094,4,4,ADCS,255,BROADCAST,0,HEARTBEAT,48,HEARTBEAT,0,0,0,0,0,0,0x10013FC0
1777183541.344,2878189,4,4,ADCS,255,BROADCAST,0,HEARTBEAT,48,HEARTBEAT,0,0,0,0,0,0,0x10013FC0
1777183542.422,2879283,4,4,ADCS,255,BROADCAST,0,HEARTBEAT,48,HEARTBEAT,0,0,0,0,0,0,0x10013FC0
1777183543.520,2880378,4,4,ADCS,255,BROADCAST,0,HEARTBEAT,48,HEARTBEAT,0,0,0,0,0,0,0x10013FC0
1777183544.626,2881472,4,4,ADCS,255,BROADCAST,0,HEARTBEAT,48,HEARTBEAT,0,0,0,0,0,0,0x10013FC0
1777183545.706,2882567,4,4,ADCS,255,BROADCAST,0,HEARTBEAT,48,HEARTBEAT,0,0,0,0,0,0,0x10013FC0
1777183546.800,2883662,4,4,ADCS,255,BROADCAST,0,HEARTBEAT,48,HEARTBEAT,0,0,0,0,0,0,0x10013FC0
1777183547.898,2884756,4,4,ADCS,255,BROADCAST,0,HEARTBEAT,48,HEARTBEAT,0,0,0,0,0,0,0x10013FC0
1777183549.025,2885851,4,4,ADCS,255,BROADCAST,0,HEARTBEAT,48,HEARTBEAT,0,0,0,0,0,0,0x10013FC0
1777183550.083,2886945,4,4,ADCS,255,BROADCAST,0,HEARTBEAT,48,HEARTBEAT,0,0,0,0,0,0,0x10013FC0
1777183551.178,2888040,4,4,ADCS,255,BROADCAST,0,HEARTBEAT,48,HEARTBEAT,0,0,0,0,0,0,0x10013FC0
1777183552.296,2889134,4,4,ADCS,255,BROADCAST,0,HEARTBEAT,48,HEARTBEAT,0,0,0,0,0,0,0x10013FC0
1777183553.368,2890229,4,4,ADCS,255,BROADCAST,0,HEARTBEAT,48,HEARTBEAT,0,0,0,0,0,0,0x10013FC0
1777183554.463,2891324,4,4,ADCS,255,BROADCAST,0,HEARTBEAT,48,HEARTBEAT,0,0,0,0,0,0,0x10013FC0
1777183555.590,2892418,4,4,ADCS,255,BROADCAST,0,HEARTBEAT,48,HEARTBEAT,0,0,0,0,0,0,0x10013FC0
1777183556.652,2893512,4,4,ADCS,255,BROADCAST,0,HEARTBEAT,48,HEARTBEAT,0,0,0,0,0,0,0x10013FC0
1777183557.748,2894607,4,4,ADCS,255,BROADCAST,0,HEARTBEAT,48,HEARTBEAT,0,0,0,0,0,0,0x10013FC0
1777183558.844,2895702,4,4,ADCS,255,BROADCAST,0,HEARTBEAT,48,HEARTBEAT,0,0,0,0,0,0,0x10013FC0
1777183559.936,2896796,4,4,ADCS,255,BROADCAST,0,HEARTBEAT,48,HEARTBEAT,0,0,0,0,0,0,0x10013FC0
1777183561.029,2897891,4,4,ADCS,255,BROADCAST,0,HEARTBEAT,48,HEARTBEAT,0,0,0,0,0,0,0x10013FC0
1777183562.137,2898985,4,4,ADCS,255,BROADCAST,0,HEARTBEAT,48,HEARTBEAT,0,0,0,0,0,0,0x10013FC0
1777183563.250,2900080,4,4,ADCS,255,BROADCAST,0,HEARTBEAT,48,HEARTBEAT,0,0,0,0,0,0,0x10013FC0
1777183564.314,2901175,4,4,ADCS,255,BROADCAST,0,HEARTBEAT,48,HEARTBEAT,0,0,0,0,0,0,0x10013FC0
1777183565.410,2902269,4,4,ADCS,255,BROADCAST,0,HEARTBEAT,48,HEARTBEAT,0,0,0,0,0,0,0x10013FC0
1777183566.530,2903364,4,4,ADCS,255,BROADCAST,0,HEARTBEAT,48,HEARTBEAT,0,0,0,0,0,0,0x10013FC0
1777183567.598,2904458,4,4,ADCS,255,BROADCAST,0,HEARTBEAT,48,HEARTBEAT,0,0,0,0,0,0,0x10013FC0
1777183568.692,2905553,4,4,ADCS,255,BROADCAST,0,HEARTBEAT,48,HEARTBEAT,0,0,0,0,0,0,0x10013FC0
1777183569.820,2906647,4,4,ADCS,255,BROADCAST,0,HEARTBEAT,48,HEARTBEAT,0,0,0,0,0,0,0x10013FC0
1777183570.884,2907742,4,4,ADCS,255,BROADCAST,0,HEARTBEAT,48,HEARTBEAT,0,0,0,0,0,0,0x10013FC0
1777183571.977,2908837,4,4,ADCS,255,BROADCAST,0,HEARTBEAT,48,HEARTBEAT,0,0,0,0,0,0,0x10013FC0
1777183573.091,2909931,4,4,ADCS,255,BROADCAST,0,HEARTBEAT,48,HEARTBEAT,0,0,0,0,0,0,0x10013FC0
1777183574.164,2911026,4,4,ADCS,255,BROADCAST,0,HEARTBEAT,48,HEARTBEAT,0,0,0,0,0,0,0x10013FC0
1777183575.260,2912120,4,4,ADCS,255,BROADCAST,0,HEARTBEAT,48,HEARTBEAT,0,0,0,0,0,0,0x10013FC0
1777183576.373,2913215,4,4,ADCS,255,BROADCAST,0,HEARTBEAT,48,HEARTBEAT,0,0,0,0,0,0,0x10013FC0
1777183577.449,2914309,4,4,ADCS,255,BROADCAST,0,HEARTBEAT,48,HEARTBEAT,0,0,0,0,0,0,0x10013FC0
1777183578.543,2915404,4,4,ADCS,255,BROADCAST,0,HEARTBEAT,48,HEARTBEAT,0,0,0,0,0,0,0x10013FC0
1777183579.641,2916498,4,4,ADCS,255,BROADCAST,0,HEARTBEAT,48,HEARTBEAT,0,0,0,0,0,0,0x10013FC0
1777183580.766,2917593,4,4,ADCS,255,BROADCAST,0,HEARTBEAT,48,HEARTBEAT,0,0,0,0,0,0,0x10013FC0
1777183581.826,2918688,4,4,ADCS,255,BROADCAST,0,HEARTBEAT,48,HEARTBEAT,0,0,0,0,0,0,0x10013FC0
1777183582.921,2919782,4,4,ADCS,255,BROADCAST,0,HEARTBEAT,48,HEARTBEAT,0,0,0,0,0,0,0x10013FC0
1777183584.040,2920877,4,4,ADCS,255,BROADCAST,0,HEARTBEAT,48,HEARTBEAT,0,0,0,0,0,0,0x10013FC0
1777183585.110,2921971,4,4,ADCS,255,BROADCAST,0,HEARTBEAT,48,HEARTBEAT,0,0,0,0,0,0,0x10013FC0
1777183586.205,2923066,4,4,ADCS,255,BROADCAST,0,HEARTBEAT,48,HEARTBEAT,0,0,0,0,0,0,0x10013FC0
1777183587.318,2924160,4,4,ADCS,255,BROADCAST,0,HEARTBEAT,48,HEARTBEAT,0,0,0,0,0,0,0x10013FC0
1777183588.394,2925255,4,4,ADCS,255,BROADCAST,0,HEARTBEAT,48,HEARTBEAT,0,0,0,0,0,0,0x10013FC0
1777183589.489,2926349,4,4,ADCS,255,BROADCAST,0,HEARTBEAT,48,HEARTBEAT,0,0,0,0,0,0,0x10013FC0
1777183590.603,2927444,4,4,ADCS,255,BROADCAST,0,HEARTBEAT,48,HEARTBEAT,0,0,0,0,0,0,0x10013FC0
1777183591.678,2928538,4,4,ADCS,255,BROADCAST,0,HEARTBEAT,48,HEARTBEAT,0,0,0,0,0,0,0x10013FC0
1777183592.772,2929633,4,4,ADCS,255,BROADCAST,0,HEARTBEAT,48,HEARTBEAT,0,0,0,0,0,0,0x10013FC0
1777183593.876,2930728,4,4,ADCS,255,BROADCAST,0,HEARTBEAT,48,HEARTBEAT,0,0,0,0,0,0,0x10013FC0
1777183594.961,2931822,4,4,ADCS,255,BROADCAST,0,HEARTBEAT,48,HEARTBEAT,0,0,0,0,0,0,0x10013FC0
1777183596.056,2932917,4,4,ADCS,255,BROADCAST,0,HEARTBEAT,48,HEARTBEAT,0,0,0,0,0,0,0x10013FC0
1777183597.150,2934011,4,4,ADCS,255,BROADCAST,0,HEARTBEAT,48,HEARTBEAT,0,0,0,0,0,0,0x10013FC0
1777183598.286,2935106,4,4,ADCS,255,BROADCAST,0,HEARTBEAT,48,HEARTBEAT,0,0,0,0,0,0,0x10013FC0
1777183599.340,2936200,4,4,ADCS,255,BROADCAST,0,HEARTBEAT,48,HEARTBEAT,0,0,0,0,0,0,0x10013FC0
1777183600.434,2937295,4,4,ADCS,255,BROADCAST,0,HEARTBEAT,48,HEARTBEAT,0,0,0,0,0,0,0x10013FC0
1777183601.552,2938390,4,4,ADCS,255,BROADCAST,0,HEARTBEAT,48,HEARTBEAT,0,0,0,0,0,0,0x10013FC0
1777183602.633,2939484,4,4,ADCS,255,BROADCAST,0,HEARTBEAT,48,HEARTBEAT,0,0,0,0,0,0,0x10013FC0
1777183603.718,2940579,4,4,ADCS,255,BROADCAST,0,HEARTBEAT,48,HEARTBEAT,0,0,0,0,0,0,0x10013FC0
1777183604.828,2941673,4,4,ADCS,255,BROADCAST,0,HEARTBEAT,48,HEARTBEAT,0,0,0,0,0,0,0x10013FC0
1777183605.912,2942768,4,4,ADCS,255,BROADCAST,0,HEARTBEAT,48,HEARTBEAT,0,0,0,0,0,0,0x10013FC0
1777183607.005,2943863,4,4,ADCS,255,BROADCAST,0,HEARTBEAT,48,HEARTBEAT,0,0,0,0,0,0,0x10013FC0
1777183608.113,2944957,4,4,ADCS,255,BROADCAST,0,HEARTBEAT,48,HEARTBEAT,0,0,0,0,0,0,0x10013FC0
1777183609.193,2946052,4,4,ADCS,255,BROADCAST,0,HEARTBEAT,48,HEARTBEAT,0,0,0,0,0,0,0x10013FC0
1777183610.286,2947147,4,4,ADCS,255,BROADCAST,0,HEARTBEAT,48,HEARTBEAT,0,0,0,0,0,0,0x10013FC0
1777183611.391,2948241,4,4,ADCS,255,BROADCAST,0,HEARTBEAT,48,HEARTBEAT,0,0,0,0,0,0,0x10013FC0
1777183612.505,2949336,4,4,ADCS,255,BROADCAST,0,HEARTBEAT,48,HEARTBEAT,0,0,0,0,0,0,0x10013FC0
1777183613.570,2950430,4,4,ADCS,255,BROADCAST,0,HEARTBEAT,48,HEARTBEAT,0,0,0,0,0,0,0x10013FC0
1777183614.668,2951525,4,4,ADCS,255,BROADCAST,0,HEARTBEAT,48,HEARTBEAT,0,0,0,0,0,0,0x10013FC0
1777183615.791,2952620,4,4,ADCS,255,BROADCAST,0,HEARTBEAT,48,HEARTBEAT,0,0,0,0,0,0,0x10013FC0
1777183616.854,2953714,4,4,ADCS,255,BROADCAST,0,HEARTBEAT,48,HEARTBEAT,0,0,0,0,0,0,0x10013FC0
1777183617.948,2954809,4,4,ADCS,255,BROADCAST,0,HEARTBEAT,48,HEARTBEAT,0,0,0,0,0,0,0x10013FC0
1777183619.061,2955904,4,4,ADCS,255,BROADCAST,0,HEARTBEAT,48,HEARTBEAT,0,0,0,0,0,0,0x10013FC0
1777183620.138,2956998,4,4,ADCS,255,BROADCAST,0,HEARTBEAT,48,HEARTBEAT,0,0,0,0,0,0,0x10013FC0
1777183621.233,2958093,4,4,ADCS,255,BROADCAST,0,HEARTBEAT,48,HEARTBEAT,0,0,0,0,0,0,0x10013FC0
1777183622.344,2959188,4,4,ADCS,255,BROADCAST,0,HEARTBEAT,48,HEARTBEAT,0,0,0,0,0,0,0x10013FC0
1777183623.422,2960282,4,4,ADCS,255,BROADCAST,0,HEARTBEAT,48,HEARTBEAT,0,0,0,0,0,0,0x10013FC0
1777183624.517,2961377,4,4,ADCS,255,BROADCAST,0,HEARTBEAT,48,HEARTBEAT,0,0,0,0,0,0,0x10013FC0
1777183625.622,2962472,4,4,ADCS,255,BROADCAST,0,HEARTBEAT,48,HEARTBEAT,0,0,0,0,0,0,0x10013FC0
1777183626.706,2963566,4,4,ADCS,255,BROADCAST,0,HEARTBEAT,48,HEARTBEAT,0,0,0,0,0,0,0x10013FC0
1777183627.810,2964661,4,4,ADCS,255,BROADCAST,0,HEARTBEAT,48,HEARTBEAT,0,0,0,0,0,0,0x10013FC0
1777183628.896,2965755,4,4,ADCS,255,BROADCAST,0,HEARTBEAT,48,HEARTBEAT,0,0,0,0,0,0,0x10013FC0
1777183630.020,2966850,4,4,ADCS,255,BROADCAST,0,HEARTBEAT,48,HEARTBEAT,0,0,0,0,0,0,0x10013FC0
1777183631.084,2967944,4,4,ADCS,255,BROADCAST,0,HEARTBEAT,48,HEARTBEAT,0,0,0,0,0,0,0x10013FC0
1777183632.179,2969039,4,4,ADCS,255,BROADCAST,0,HEARTBEAT,48,HEARTBEAT,0,0,0,0,0,0,0x10013FC0
1777183633.307,2970134,4,4,ADCS,255,BROADCAST,0,HEARTBEAT,48,HEARTBEAT,0,0,0,0,0,0,0x10013FC0
1777183634.368,2971228,4,4,ADCS,255,BROADCAST,0,HEARTBEAT,48,HEARTBEAT,0,0,0,0,0,0,0x10013FC0
1777183635.463,2972323,4,4,ADCS,255,BROADCAST,0,HEARTBEAT,48,HEARTBEAT,0,0,0,0,0,0,0x10013FC0
1777183636.581,2973418,4,4,ADCS,255,BROADCAST,0,HEARTBEAT,48,HEARTBEAT,0,0,0,0,0,0,0x10013FC0
1777183637.652,2974512,4,4,ADCS,255,BROADCAST,0,HEARTBEAT,48,HEARTBEAT,0,0,0,0,0,0,0x10013FC0
1777183638.747,2975607,4,4,ADCS,255,BROADCAST,0,HEARTBEAT,48,HEARTBEAT,0,0,0,0,0,0,0x10013FC0
1777183639.853,2976702,4,4,ADCS,255,BROADCAST,0,HEARTBEAT,48,HEARTBEAT,0,0,0,0,0,0,0x10013FC0
1777183640.936,2977796,4,4,ADCS,255,BROADCAST,0,HEARTBEAT,48,HEARTBEAT,0,0,0,0,0,0,0x10013FC0
1777183642.031,2978891,4,4,ADCS,255,BROADCAST,0,HEARTBEAT,48,HEARTBEAT,0,0,0,0,0,0,0x10013FC0
1777183643.137,2979986,4,4,ADCS,255,BROADCAST,0,HEARTBEAT,48,HEARTBEAT,0,0,0,0,0,0,0x10013FC0
1777183644.251,2981080,4,4,ADCS,255,BROADCAST,0,HEARTBEAT,48,HEARTBEAT,0,0,0,0,0,0,0x10013FC0
1777183645.314,2982175,4,4,ADCS,255,BROADCAST,0,HEARTBEAT,48,HEARTBEAT,0,0,0,0,0,0,0x10013FC0
1777183646.413,2983269,4,4,ADCS,255,BROADCAST,0,HEARTBEAT,48,HEARTBEAT,0,0,0,0,0,0,0x10013FC0
1777183647.539,2984364,4,4,ADCS,255,BROADCAST,0,HEARTBEAT,48,HEARTBEAT,0,0,0,0,0,0,0x10013FC0
1777183648.598,2985459,4,4,ADCS,255,BROADCAST,0,HEARTBEAT,48,HEARTBEAT,0,0,0,0,0,0,0x10013FC0
1777183649.694,2986553,4,4,ADCS,255,BROADCAST,0,HEARTBEAT,48,HEARTBEAT,0,0,0,0,0,0,0x10013FC0
1777183650.805,2987648,4,4,ADCS,255,BROADCAST,0,HEARTBEAT,48,HEARTBEAT,0,0,0,0,0,0,0x10013FC0
1777183651.882,2988742,4,4,ADCS,255,BROADCAST,0,HEARTBEAT,48,HEARTBEAT,0,0,0,0,0,0,0x10013FC0
1777183652.979,2989837,4,4,ADCS,255,BROADCAST,0,HEARTBEAT,48,HEARTBEAT,0,0,0,0,0,0,0x10013FC0
1777183654.085,2990932,4,4,ADCS,255,BROADCAST,0,HEARTBEAT,48,HEARTBEAT,0,0,0,0,0,0,0x10013FC0
1777183655.166,2992026,4,4,ADCS,255,BROADCAST,0,HEARTBEAT,48,HEARTBEAT,0,0,0,0,0,0,0x10013FC0
1777183656.261,2993121,4,4,ADCS,255,BROADCAST,0,HEARTBEAT,48,HEARTBEAT,0,0,0,0,0,0,0x10013FC0
1777183657.367,2994215,4,4,ADCS,255,BROADCAST,0,HEARTBEAT,48,HEARTBEAT,0,0,0,0,0,0,0x10013FC0
1777183658.450,2995310,4,4,ADCS,255,BROADCAST,0,HEARTBEAT,48,HEARTBEAT,0,0,0,0,0,0,0x10013FC0
1777183659.544,2996404,4,4,ADCS,255,BROADCAST,0,HEARTBEAT,48,HEARTBEAT,0,0,0,0,0,0,0x10013FC0
1777183660.642,2997499,4,4,ADCS,255,BROADCAST,0,HEARTBEAT,48,HEARTBEAT,0,0,0,0,0,0,0x10013FC0
1777183661.765,2998594,4,4,ADCS,255,BROADCAST,0,HEARTBEAT,48,HEARTBEAT,0,0,0,0,0,0,0x10013FC0
1777183662.828,2999688,4,4,ADCS,255,BROADCAST,0,HEARTBEAT,48,HEARTBEAT,0,0,0,0,0,0,0x10013FC0
1777183663.925,3000783,4,4,ADCS,255,BROADCAST,0,HEARTBEAT,48,HEARTBEAT,0,0,0,0,0,0,0x10013FC0
1777183665.050,3001878,4,4,ADCS,255,BROADCAST,0,HEARTBEAT,48,HEARTBEAT,0,0,0,0,0,0,0x10013FC0
1777183666.113,3002972,4,4,ADCS,255,BROADCAST,0,HEARTBEAT,48,HEARTBEAT,0,0,0,0,0,0,0x10013FC0
1777183667.207,3004067,4,4,ADCS,255,BROADCAST,0,HEARTBEAT,48,HEARTBEAT,0,0,0,0,0,0,0x10013FC0
1777183668.332,3005162,4,4,ADCS,255,BROADCAST,0,HEARTBEAT,48,HEARTBEAT,0,0,0,0,0,0,0x10013FC0
1777183669.397,3006256,4,4,ADCS,255,BROADCAST,0,HEARTBEAT,48,HEARTBEAT,0,0,0,0,0,0,0x10013FC0
1777183670.491,3007351,4,4,ADCS,255,BROADCAST,0,HEARTBEAT,48,HEARTBEAT,0,0,0,0,0,0,0x10013FC0
1777183671.604,3008445,4,4,ADCS,255,BROADCAST,0,HEARTBEAT,48,HEARTBEAT,0,0,0,0,0,0,0x10013FC0
1777183672.680,3009540,4,4,ADCS,255,BROADCAST,0,HEARTBEAT,48,HEARTBEAT,0,0,0,0,0,0,0x10013FC0
1777183673.775,3010635,4,4,ADCS,255,BROADCAST,0,HEARTBEAT,48,HEARTBEAT,0,0,0,0,0,0,0x10013FC0
1777183674.878,3011729,4,4,ADCS,255,BROADCAST,0,HEARTBEAT,48,HEARTBEAT,0,0,0,0,0,0,0x10013FC0
1777183675.964,3012824,4,4,ADCS,255,BROADCAST,0,HEARTBEAT,48,HEARTBEAT,0,0,0,0,0,0,0x10013FC0
1777183677.059,3013918,4,4,ADCS,255,BROADCAST,0,HEARTBEAT,48,HEARTBEAT,0,0,0,0,0,0,0x10013FC0
1777183678.158,3015013,4,4,ADCS,255,BROADCAST,0,HEARTBEAT,48,HEARTBEAT,0,0,0,0,0,0,0x10013FC0
1777183679.274,3016108,4,4,ADCS,255,BROADCAST,0,HEARTBEAT,48,HEARTBEAT,0,0,0,0,0,0,0x10013FC0
1777183680.343,3017202,4,4,ADCS,255,BROADCAST,0,HEARTBEAT,48,HEARTBEAT,0,0,0,0,0,0,0x10013FC0
1777183681.438,3018297,4,4,ADCS,255,BROADCAST,0,HEARTBEAT,48,HEARTBEAT,0,0,0,0,0,0,0x10013FC0
1777183682.560,3019392,4,4,ADCS,255,BROADCAST,0,HEARTBEAT,48,HEARTBEAT,0,0,0,0,0,0,0x10013FC0
1777183683.627,3020487,4,4,ADCS,255,BROADCAST,0,HEARTBEAT,48,HEARTBEAT,0,0,0,0,0,0,0x10013FC0
1777183684.723,3021581,4,4,ADCS,255,BROADCAST,0,HEARTBEAT,48,HEARTBEAT,0,0,0,0,0,0,0x10013FC0
1777183685.829,3022676,4,4,ADCS,255,BROADCAST,0,HEARTBEAT,48,HEARTBEAT,0,0,0,0,0,0,0x10013FC0
1777183686.912,3023771,4,4,ADCS,255,BROADCAST,0,HEARTBEAT,48,HEARTBEAT,0,0,0,0,0,0,0x10013FC0
1777183688.006,3024866,4,4,ADCS,255,BROADCAST,0,HEARTBEAT,48,HEARTBEAT,0,0,0,0,0,0,0x10013FC0
1777183689.119,3025960,4,4,ADCS,255,BROADCAST,0,HEARTBEAT,48,HEARTBEAT,0,0,0,0,0,0,0x10013FC0
1777183690.196,3027055,4,4,ADCS,255,BROADCAST,0,HEARTBEAT,48,HEARTBEAT,0,0,0,0,0,0,0x10013FC0
1777183691.290,3028150,4,4,ADCS,255,BROADCAST,0,HEARTBEAT,48,HEARTBEAT,0,0,0,0,0,0,0x10013FC0
1777183692.392,3029245,4,4,ADCS,255,BROADCAST,0,HEARTBEAT,48,HEARTBEAT,0,0,0,0,0,0,0x10013FC0
1777183693.518,3030339,4,4,ADCS,255,BROADCAST,0,HEARTBEAT,48,HEARTBEAT,0,0,0,0,0,0,0x10013FC0
1777183694.574,3031434,4,4,ADCS,255,BROADCAST,0,HEARTBEAT,48,HEARTBEAT,0,0,0,0,0,0,0x10013FC0
1777183695.669,3032529,4,4,ADCS,255,BROADCAST,0,HEARTBEAT,48,HEARTBEAT,0,0,0,0,0,0,0x10013FC0
1777183696.789,3033623,4,4,ADCS,255,BROADCAST,0,HEARTBEAT,48,HEARTBEAT,0,0,0,0,0,0,0x10013FC0
1777183697.858,3034718,4,4,ADCS,255,BROADCAST,0,HEARTBEAT,48,HEARTBEAT,0,0,0,0,0,0,0x10013FC0
1777183698.953,3035813,4,4,ADCS,255,BROADCAST,0,HEARTBEAT,48,HEARTBEAT,0,0,0,0,0,0,0x10013FC0
1777183700.071,3036907,4,4,ADCS,255,BROADCAST,0,HEARTBEAT,48,HEARTBEAT,0,0,0,0,0,0,0x10013FC0
1777183701.142,3038002,4,4,ADCS,255,BROADCAST,0,HEARTBEAT,48,HEARTBEAT,0,0,0,0,0,0,0x10013FC0
1777183702.239,3039096,4,4,ADCS,255,BROADCAST,0,HEARTBEAT,48,HEARTBEAT,0,0,0,0,0,0,0x10013FC0
1777183703.340,3040191,4,4,ADCS,255,BROADCAST,0,HEARTBEAT,48,HEARTBEAT,0,0,0,0,0,0,0x10013FC0
1777183704.431,3041286,4,4,ADCS,255,BROADCAST,0,HEARTBEAT,48,HEARTBEAT,0,0,0,0,0,0,0x10013FC0
1777183705.521,3042380,4,4,ADCS,255,BROADCAST,0,HEARTBEAT,48,HEARTBEAT,0,0,0,0,0,0,0x10013FC0
1777183706.625,3043475,4,4,ADCS,255,BROADCAST,0,HEARTBEAT,48,HEARTBEAT,0,0,0,0,0,0,0x10013FC0
1777183707.751,3044570,4,4,ADCS,255,BROADCAST,0,HEARTBEAT,48,HEARTBEAT,0,0,0,0,0,0,0x10013FC0
1777183708.805,3045664,4,4,ADCS,255,BROADCAST,0,HEARTBEAT,48,HEARTBEAT,0,0,0,0,0,0,0x10013FC0
1777183709.899,3046759,4,4,ADCS,255,BROADCAST,0,HEARTBEAT,48,HEARTBEAT,0,0,0,0,0,0,0x10013FC0
1777183711.020,3047853,4,4,ADCS,255,BROADCAST,0,HEARTBEAT,48,HEARTBEAT,0,0,0,0,0,0,0x10013FC0
1777183712.089,3048948,4,4,ADCS,255,BROADCAST,0,HEARTBEAT,48,HEARTBEAT,0,0,0,0,0,0,0x10013FC0
1777183713.183,3050043,4,4,ADCS,255,BROADCAST,0,HEARTBEAT,48,HEARTBEAT,0,0,0,0,0,0,0x10013FC0
1777183714.307,3051137,4,4,ADCS,255,BROADCAST,0,HEARTBEAT,48,HEARTBEAT,0,0,0,0,0,0,0x10013FC0
1777183715.372,3052232,4,4,ADCS,255,BROADCAST,0,HEARTBEAT,48,HEARTBEAT,0,0,0,0,0,0,0x10013FC0
1777183716.467,3053326,4,4,ADCS,255,BROADCAST,0,HEARTBEAT,48,HEARTBEAT,0,0,0,0,0,0,0x10013FC0
1777183717.580,3054421,4,4,ADCS,255,BROADCAST,0,HEARTBEAT,48,HEARTBEAT,0,0,0,0,0,0,0x10013FC0
1777183718.656,3055516,4,4,ADCS,255,BROADCAST,0,HEARTBEAT,48,HEARTBEAT,0,0,0,0,0,0,0x10013FC0
1777183719.751,3056610,4,4,ADCS,255,BROADCAST,0,HEARTBEAT,48,HEARTBEAT,0,0,0,0,0,0,0x10013FC0
1777183720.869,3057705,4,4,ADCS,255,BROADCAST,0,HEARTBEAT,48,HEARTBEAT,0,0,0,0,0,0,0x10013FC0
1777183721.940,3058800,4,4,ADCS,255,BROADCAST,0,HEARTBEAT,48,HEARTBEAT,0,0,0,0,0,0,0x10013FC0
1777183723.035,3059894,4,4,ADCS,255,BROADCAST,0,HEARTBEAT,48,HEARTBEAT,0,0,0,0,0,0,0x10013FC0
1777183724.135,3060989,4,4,ADCS,255,BROADCAST,0,HEARTBEAT,48,HEARTBEAT,0,0,0,0,0,0,0x10013FC0
1777183725.282,3062084,4,4,ADCS,255,BROADCAST,0,HEARTBEAT,48,HEARTBEAT,0,0,0,0,0,0,0x10013FC0
1777183726.319,3063178,4,4,ADCS,255,BROADCAST,0,HEARTBEAT,48,HEARTBEAT,0,0,0,0,0,0,0x10013FC0
1777183727.432,3064273,4,4,ADCS,255,BROADCAST,0,HEARTBEAT,48,HEARTBEAT,0,0,0,0,0,0,0x10013FC0
1777183728.543,3065368,4,4,ADCS,255,BROADCAST,0,HEARTBEAT,48,HEARTBEAT,0,0,0,0,0,0,0x10013FC0
1777183729.603,3066462,4,4,ADCS,255,BROADCAST,0,HEARTBEAT,48,HEARTBEAT,0,0,0,0,0,0,0x10013FC0
1777183730.698,3067557,4,4,ADCS,255,BROADCAST,0,HEARTBEAT,48,HEARTBEAT,0,0,0,0,0,0,0x10013FC0
1777183731.817,3068652,4,4,ADCS,255,BROADCAST,0,HEARTBEAT,48,HEARTBEAT,0,0,0,0,0,0,0x10013FC0
1777183732.887,3069746,4,4,ADCS,255,BROADCAST,0,HEARTBEAT,48,HEARTBEAT,0,0,0,0,0,0,0x10013FC0
1777183733.984,3070841,4,4,ADCS,255,BROADCAST,0,HEARTBEAT,48,HEARTBEAT,0,0,0,0,0,0,0x10013FC0
1777183735.094,3071935,4,4,ADCS,255,BROADCAST,0,HEARTBEAT,48,HEARTBEAT,0,0,0,0,0,0,0x10013FC0
1777183736.171,3073030,4,4,ADCS,255,BROADCAST,0,HEARTBEAT,48,HEARTBEAT,0,0,0,0,0,0,0x10013FC0
1777183737.266,3074125,4,4,ADCS,255,BROADCAST,0,HEARTBEAT,48,HEARTBEAT,0,0,0,0,0,0,0x10013FC0
1777183738.370,3075219,4,4,ADCS,255,BROADCAST,0,HEARTBEAT,48,HEARTBEAT,0,0,0,0,0,0,0x10013FC0
1777183739.521,3076314,4,4,ADCS,255,BROADCAST,0,HEARTBEAT,48,HEARTBEAT,0,0,0,0,0,0,0x10013FC0
1777183740.551,3077408,4,4,ADCS,255,BROADCAST,0,HEARTBEAT,48,HEARTBEAT,0,0,0,0,0,0,0x10013FC0
1777183741.652,3078503,4,4,ADCS,255,BROADCAST,0,HEARTBEAT,48,HEARTBEAT,0,0,0,0,0,0,0x10013FC0
1777183742.765,3079598,4,4,ADCS,255,BROADCAST,0,HEARTBEAT,48,HEARTBEAT,0,0,0,0,0,0,0x10013FC0
1777183743.834,3080692,4,4,ADCS,255,BROADCAST,0,HEARTBEAT,48,HEARTBEAT,0,0,0,0,0,0,0x10013FC0
1777183744.950,3081787,4,4,ADCS,255,BROADCAST,0,HEARTBEAT,48,HEARTBEAT,0,0,0,0,0,0,0x10013FC0
1777183746.090,3082882,4,4,ADCS,255,BROADCAST,0,HEARTBEAT,48,HEARTBEAT,0,0,0,0,0,0,0x10013FC0
1777183747.119,3083976,4,4,ADCS,255,BROADCAST,0,HEARTBEAT,48,HEARTBEAT,0,0,0,0,0,0,0x10013FC0
1777183748.214,3085071,4,4,ADCS,255,BROADCAST,0,HEARTBEAT,48,HEARTBEAT,0,0,0,0,0,0,0x10013FC0
1777183749.336,3086165,4,4,ADCS,255,BROADCAST,0,HEARTBEAT,48,HEARTBEAT,0,0,0,0,0,0,0x10013FC0
1777183750.401,3087260,4,4,ADCS,255,BROADCAST,0,HEARTBEAT,48,HEARTBEAT,0,0,0,0,0,0,0x10013FC0
1777183751.496,3088354,4,4,ADCS,255,BROADCAST,0,HEARTBEAT,48,HEARTBEAT,0,0,0,0,0,0,0x10013FC0
1777183752.606,3089449,4,4,ADCS,255,BROADCAST,0,HEARTBEAT,48,HEARTBEAT,0,0,0,0,0,0,0x10013FC0
1777183753.685,3090543,4,4,ADCS,255,BROADCAST,0,HEARTBEAT,48,HEARTBEAT,0,0,0,0,0,0,0x10013FC0
1777183754.779,3091638,4,4,ADCS,255,BROADCAST,0,HEARTBEAT,48,HEARTBEAT,0,0,0,0,0,0,0x10013FC0
1777183755.874,3092733,4,4,ADCS,255,BROADCAST,0,HEARTBEAT,48,HEARTBEAT,0,0,0,0,0,0,0x10013FC0
1777183757.006,3093827,4,4,ADCS,255,BROADCAST,0,HEARTBEAT,48,HEARTBEAT,0,0,0,0,0,0,0x10013FC0
1777183758.063,3094922,4,4,ADCS,255,BROADCAST,0,HEARTBEAT,48,HEARTBEAT,0,0,0,0,0,0,0x10013FC0
1777183759.160,3096016,4,4,ADCS,255,BROADCAST,0,HEARTBEAT,48,HEARTBEAT,0,0,0,0,0,0,0x10013FC0
1777183760.286,3097111,4,4,ADCS,255,BROADCAST,0,HEARTBEAT,48,HEARTBEAT,0,0,0,0,0,0,0x10013FC0
1777183761.352,3098205,4,4,ADCS,255,BROADCAST,0,HEARTBEAT,48,HEARTBEAT,0,0,0,0,0,0,0x10013FC0
1777183762.444,3099300,4,4,ADCS,255,BROADCAST,0,HEARTBEAT,48,HEARTBEAT,0,0,0,0,0,0,0x10013FC0
1777183763.558,3100395,4,4,ADCS,255,BROADCAST,0,HEARTBEAT,48,HEARTBEAT,0,0,0,0,0,0,0x10013FC0
1777183764.631,3101489,4,4,ADCS,255,BROADCAST,0,HEARTBEAT,48,HEARTBEAT,0,0,0,0,0,0,0x10013FC0
1777183765.725,3102584,4,4,ADCS,255,BROADCAST,0,HEARTBEAT,48,HEARTBEAT,0,0,0,0,0,0,0x10013FC0
1777183766.832,3103678,4,4,ADCS,255,BROADCAST,0,HEARTBEAT,48,HEARTBEAT,0,0,0,0,0,0,0x10013FC0
1777183767.914,3104773,4,4,ADCS,255,BROADCAST,0,HEARTBEAT,48,HEARTBEAT,0,0,0,0,0,0,0x10013FC0
1777183769.011,3105867,4,4,ADCS,255,BROADCAST,0,HEARTBEAT,48,HEARTBEAT,0,0,0,0,0,0,0x10013FC0
1777183770.114,3106962,4,4,ADCS,255,BROADCAST,0,HEARTBEAT,48,HEARTBEAT,0,0,0,0,0,0,0x10013FC0
1777183771.198,3108056,4,4,ADCS,255,BROADCAST,0,HEARTBEAT,48,HEARTBEAT,0,0,0,0,0,0,0x10013FC0
1777183772.295,3109151,4,4,ADCS,255,BROADCAST,0,HEARTBEAT,48,HEARTBEAT,0,0,0,0,0,0,0x10013FC0
1777183773.387,3110245,4,4,ADCS,255,BROADCAST,0,HEARTBEAT,48,HEARTBEAT,0,0,0,0,0,0,0x10013FC0
1777183774.520,3111340,4,4,ADCS,255,BROADCAST,0,HEARTBEAT,48,HEARTBEAT,0,0,0,0,0,0,0x10013FC0
1777183775.576,3112435,4,4,ADCS,255,BROADCAST,0,HEARTBEAT,48,HEARTBEAT,0,0,0,0,0,0,0x10013FC0
1777183776.672,3113529,4,4,ADCS,255,BROADCAST,0,HEARTBEAT,48,HEARTBEAT,0,0,0,0,0,0,0x10013FC0
1777183777.797,3114624,4,4,ADCS,255,BROADCAST,0,HEARTBEAT,48,HEARTBEAT,0,0,0,0,0,0,0x10013FC0
1777183778.866,3115719,4,4,ADCS,255,BROADCAST,0,HEARTBEAT,48,HEARTBEAT,0,0,0,0,0,0,0x10013FC0
1777183779.955,3116813,4,4,ADCS,255,BROADCAST,0,HEARTBEAT,48,HEARTBEAT,0,0,0,0,0,0,0x10013FC0
1777183781.078,3117908,4,4,ADCS,255,BROADCAST,0,HEARTBEAT,48,HEARTBEAT,0,0,0,0,0,0,0x10013FC0
1777183782.145,3119003,4,4,ADCS,255,BROADCAST,0,HEARTBEAT,48,HEARTBEAT,0,0,0,0,0,0,0x10013FC0
1777183783.241,3120097,4,4,ADCS,255,BROADCAST,0,HEARTBEAT,48,HEARTBEAT,0,0,0,0,0,0,0x10013FC0
1777183784.351,3121192,4,4,ADCS,255,BROADCAST,0,HEARTBEAT,48,HEARTBEAT,0,0,0,0,0,0,0x10013FC0
1777183785.428,3122286,4,4,ADCS,255,BROADCAST,0,HEARTBEAT,48,HEARTBEAT,0,0,0,0,0,0,0x10013FC0
1777183786.523,3123381,4,4,ADCS,255,BROADCAST,0,HEARTBEAT,48,HEARTBEAT,0,0,0,0,0,0,0x10013FC0
1777183787.628,3124476,4,4,ADCS,255,BROADCAST,0,HEARTBEAT,48,HEARTBEAT,0,0,0,0,0,0,0x10013FC0
1777183788.767,3125570,4,4,ADCS,255,BROADCAST,0,HEARTBEAT,48,HEARTBEAT,0,0,0,0,0,0,0x10013FC0
1777183789.809,3126665,4,4,ADCS,255,BROADCAST,0,HEARTBEAT,48,HEARTBEAT,0,0,0,0,0,0,0x10013FC0
1777183790.903,3127759,4,4,ADCS,255,BROADCAST,0,HEARTBEAT,48,HEARTBEAT,0,0,0,0,0,0,0x10013FC0
1777183792.038,3128854,4,4,ADCS,255,BROADCAST,0,HEARTBEAT,48,HEARTBEAT,0,0,0,0,0,0,0x10013FC0
1777183793.092,3129949,4,4,ADCS,255,BROADCAST,0,HEARTBEAT,48,HEARTBEAT,0,0,0,0,0,0,0x10013FC0
1777183794.185,3131043,4,4,ADCS,255,BROADCAST,0,HEARTBEAT,48,HEARTBEAT,0,0,0,0,0,0,0x10013FC0
1777183795.307,3132138,4,4,ADCS,255,BROADCAST,0,HEARTBEAT,48,HEARTBEAT,0,0,0,0,0,0,0x10013FC0
1777183796.375,3133233,4,4,ADCS,255,BROADCAST,0,HEARTBEAT,48,HEARTBEAT,0,0,0,0,0,0,0x10013FC0
1777183797.469,3134327,4,4,ADCS,255,BROADCAST,0,HEARTBEAT,48,HEARTBEAT,0,0,0,0,0,0,0x10013FC0
1777183798.587,3135422,4,4,ADCS,255,BROADCAST,0,HEARTBEAT,48,HEARTBEAT,0,0,0,0,0,0,0x10013FC0
1777183799.658,3136517,4,4,ADCS,255,BROADCAST,0,HEARTBEAT,48,HEARTBEAT,0,0,0,0,0,0,0x10013FC0
1777183800.754,3137611,4,4,ADCS,255,BROADCAST,0,HEARTBEAT,48,HEARTBEAT,0,0,0,0,0,0,0x10013FC0
1777183801.854,3138706,4,4,ADCS,255,BROADCAST,0,HEARTBEAT,48,HEARTBEAT,0,0,0,0,0,0,0x10013FC0
1777183802.942,3139800,4,4,ADCS,255,BROADCAST,0,HEARTBEAT,48,HEARTBEAT,0,0,0,0,0,0,0x10013FC0
1777183804.039,3140895,4,4,ADCS,255,BROADCAST,0,HEARTBEAT,48,HEARTBEAT,0,0,0,0,0,0,0x10013FC0
1777183805.136,3141989,4,4,ADCS,255,BROADCAST,0,HEARTBEAT,48,HEARTBEAT,0,0,0,0,0,0,0x10013FC0
1777183806.262,3143084,4,4,ADCS,255,BROADCAST,0,HEARTBEAT,48,HEARTBEAT,0,0,0,0,0,0,0x10013FC0
1777183807.321,3144179,4,4,ADCS,255,BROADCAST,0,HEARTBEAT,48,HEARTBEAT,0,0,0,0,0,0,0x10013FC0
1777183808.416,3145273,4,4,ADCS,255,BROADCAST,0,HEARTBEAT,48,HEARTBEAT,0,0,0,0,0,0,0x10013FC0
1777183809.542,3146368,4,4,ADCS,255,BROADCAST,0,HEARTBEAT,48,HEARTBEAT,0,0,0,0,0,0,0x10013FC0
1777183810.605,3147463,4,4,ADCS,255,BROADCAST,0,HEARTBEAT,48,HEARTBEAT,0,0,0,0,0,0,0x10013FC0
1777183811.699,3148557,4,4,ADCS,255,BROADCAST,0,HEARTBEAT,48,HEARTBEAT,0,0,0,0,0,0,0x10013FC0
1777183812.817,3149652,4,4,ADCS,255,BROADCAST,0,HEARTBEAT,48,HEARTBEAT,0,0,0,0,0,0,0x10013FC0
1777183813.888,3150746,4,4,ADCS,255,BROADCAST,0,HEARTBEAT,48,HEARTBEAT,0,0,0,0,0,0,0x10013FC0
1777183814.986,3151841,4,4,ADCS,255,BROADCAST,0,HEARTBEAT,48,HEARTBEAT,0,0,0,0,0,0,0x10013FC0
1777183816.089,3152936,4,4,ADCS,255,BROADCAST,0,HEARTBEAT,48,HEARTBEAT,0,0,0,0,0,0,0x10013FC0
1777183817.175,3154030,4,4,ADCS,255,BROADCAST,0,HEARTBEAT,48,HEARTBEAT,0,0,0,0,0,0,0x10013FC0
1777183818.267,3155125,4,4,ADCS,255,BROADCAST,0,HEARTBEAT,48,HEARTBEAT,0,0,0,0,0,0,0x10013FC0
1777183819.371,3156219,4,4,ADCS,255,BROADCAST,0,HEARTBEAT,48,HEARTBEAT,0,0,0,0,0,0,0x10013FC0
1777183820.495,3157314,4,4,ADCS,255,BROADCAST,0,HEARTBEAT,48,HEARTBEAT,0,0,0,0,0,0,0x10013FC0
1777183821.550,3158408,4,4,ADCS,255,BROADCAST,0,HEARTBEAT,48,HEARTBEAT,0,0,0,0,0,0,0x10013FC0
1777183822.652,3159503,4,4,ADCS,255,BROADCAST,0,HEARTBEAT,48,HEARTBEAT,0,0,0,0,0,0,0x10013FC0
1777183823.776,3160597,4,4,ADCS,255,BROADCAST,0,HEARTBEAT,48,HEARTBEAT,0,0,0,0,0,0,0x10013FC0
1777183824.834,3161692,4,4,ADCS,255,BROADCAST,0,HEARTBEAT,48,HEARTBEAT,0,0,0,0,0,0,0x10013FC0
1777183825.929,3162786,4,4,ADCS,255,BROADCAST,0,HEARTBEAT,48,HEARTBEAT,0,0,0,0,0,0,0x10013FC0
1777183827.055,3163881,4,4,ADCS,255,BROADCAST,0,HEARTBEAT,48,HEARTBEAT,0,0,0,0,0,0,0x10013FC0
1777183828.118,3164976,4,4,ADCS,255,BROADCAST,0,HEARTBEAT,48,HEARTBEAT,0,0,0,0,0,0,0x10013FC0
1777183829.218,3166070,4,4,ADCS,255,BROADCAST,0,HEARTBEAT,48,HEARTBEAT,0,0,0,0,0,0,0x10013FC0
1777183830.330,3167165,4,4,ADCS,255,BROADCAST,0,HEARTBEAT,48,HEARTBEAT,0,0,0,0,0,0,0x10013FC0
1777183831.402,3168259,4,4,ADCS,255,BROADCAST,0,HEARTBEAT,48,HEARTBEAT,0,0,0,0,0,0,0x10013FC0
1777183832.498,3169354,4,4,ADCS,255,BROADCAST,0,HEARTBEAT,48,HEARTBEAT,0,0,0,0,0,0,0x10013FC0
1777183833.608,3170449,4,4,ADCS,255,BROADCAST,0,HEARTBEAT,48,HEARTBEAT,0,0,0,0,0,0,0x10013FC0
1777183834.686,3171543,4,4,ADCS,255,BROADCAST,0,HEARTBEAT,48,HEARTBEAT,0,0,0,0,0,0,0x10013FC0
1777183835.781,3172638,4,4,ADCS,255,BROADCAST,0,HEARTBEAT,48,HEARTBEAT,0,0,0,0,0,0,0x10013FC0
1777183836.885,3173733,4,4,ADCS,255,BROADCAST,0,HEARTBEAT,48,HEARTBEAT,0,0,0,0,0,0,0x10013FC0
1777183838.000,3174828,4,4,ADCS,255,BROADCAST,0,HEARTBEAT,48,HEARTBEAT,0,0,0,0,0,0,0x10013FC0
1777183839.065,3175922,4,4,ADCS,255,BROADCAST,0,HEARTBEAT,48,HEARTBEAT,0,0,0,0,0,0,0x10013FC0
1777183840.159,3177017,4,4,ADCS,255,BROADCAST,0,HEARTBEAT,48,HEARTBEAT,0,0,0,0,0,0,0x10013FC0
1777183841.298,3178111,4,4,ADCS,255,BROADCAST,0,HEARTBEAT,48,HEARTBEAT,0,0,0,0,0,0,0x10013FC0
1777183842.349,3179206,4,4,ADCS,255,BROADCAST,0,HEARTBEAT,48,HEARTBEAT,0,0,0,0,0,0,0x10013FC0
1777183843.443,3180301,4,4,ADCS,255,BROADCAST,0,HEARTBEAT,48,HEARTBEAT,0,0,0,0,0,0,0x10013FC0
1777183844.558,3181395,4,4,ADCS,255,BROADCAST,0,HEARTBEAT,48,HEARTBEAT,0,0,0,0,0,0,0x10013FC0
1777183845.633,3182490,4,4,ADCS,255,BROADCAST,0,HEARTBEAT,48,HEARTBEAT,0,0,0,0,0,0,0x10013FC0
1777183846.728,3183584,4,4,ADCS,255,BROADCAST,0,HEARTBEAT,48,HEARTBEAT,0,0,0,0,0,0,0x10013FC0
1777183847.838,3184679,4,4,ADCS,255,BROADCAST,0,HEARTBEAT,48,HEARTBEAT,0,0,0,0,0,0,0x10013FC0
1777183848.916,3185774,4,4,ADCS,255,BROADCAST,0,HEARTBEAT,48,HEARTBEAT,0,0,0,0,0,0,0x10013FC0
1777183850.011,3186869,4,4,ADCS,255,BROADCAST,0,HEARTBEAT,48,HEARTBEAT,0,0,0,0,0,0,0x10013FC0
1777183851.106,3187963,4,4,ADCS,255,BROADCAST,0,HEARTBEAT,48,HEARTBEAT,0,0,0,0,0,0,0x10013FC0
1777183852.244,3189058,4,4,ADCS,255,BROADCAST,0,HEARTBEAT,48,HEARTBEAT,0,0,0,0,0,0,0x10013FC0
1777183853.295,3190152,4,4,ADCS,255,BROADCAST,0,HEARTBEAT,48,HEARTBEAT,0,0,0,0,0,0,0x10013FC0
1777183854.390,3191247,4,4,ADCS,255,BROADCAST,0,HEARTBEAT,48,HEARTBEAT,0,0,0,0,0,0,0x10013FC0
1777183855.521,3192342,4,4,ADCS,255,BROADCAST,0,HEARTBEAT,48,HEARTBEAT,0,0,0,0,0,0,0x10013FC0
1777183856.583,3193436,4,4,ADCS,255,BROADCAST,0,HEARTBEAT,48,HEARTBEAT,0,0,0,0,0,0,0x10013FC0
1777183857.674,3194531,4,4,ADCS,255,BROADCAST,0,HEARTBEAT,48,HEARTBEAT,0,0,0,0,0,0,0x10013FC0
1777183858.790,3195626,4,4,ADCS,255,BROADCAST,0,HEARTBEAT,48,HEARTBEAT,0,0,0,0,0,0,0x10013FC0
1777183859.863,3196720,4,4,ADCS,255,BROADCAST,0,HEARTBEAT,48,HEARTBEAT,0,0,0,0,0,0,0x10013FC0
1777183860.958,3197815,4,4,ADCS,255,BROADCAST,0,HEARTBEAT,48,HEARTBEAT,0,0,0,0,0,0,0x10013FC0
1777183862.074,3198910,4,4,ADCS,255,BROADCAST,0,HEARTBEAT,48,HEARTBEAT,0,0,0,0,0,0,0x10013FC0
1777183863.147,3200004,4,4,ADCS,255,BROADCAST,0,HEARTBEAT,48,HEARTBEAT,0,0,0,0,0,0,0x10013FC0
1777183864.242,3201099,4,4,ADCS,255,BROADCAST,0,HEARTBEAT,48,HEARTBEAT,0,0,0,0,0,0,0x10013FC0
1777183865.353,3202193,4,4,ADCS,255,BROADCAST,0,HEARTBEAT,48,HEARTBEAT,0,0,0,0,0,0,0x10013FC0
1777183866.432,3203288,4,4,ADCS,255,BROADCAST,0,HEARTBEAT,48,HEARTBEAT,0,0,0,0,0,0,0x10013FC0
1777183867.526,3204383,4,4,ADCS,255,BROADCAST,0,HEARTBEAT,48,HEARTBEAT,0,0,0,0,0,0,0x10013FC0
1777183868.629,3205477,4,4,ADCS,255,BROADCAST,0,HEARTBEAT,48,HEARTBEAT,0,0,0,0,0,0,0x10013FC0
1777183869.747,3206572,4,4,ADCS,255,BROADCAST,0,HEARTBEAT,48,HEARTBEAT,0,0,0,0,0,0,0x10013FC0
1777183870.803,3207667,4,4,ADCS,255,BROADCAST,0,HEARTBEAT,48,HEARTBEAT,0,0,0,0,0,0,0x10013FC0
1777183871.904,3208761,4,4,ADCS,255,BROADCAST,0,HEARTBEAT,48,HEARTBEAT,0,0,0,0,0,0,0x10013FC0
1777183873.028,3209856,4,4,ADCS,255,BROADCAST,0,HEARTBEAT,48,HEARTBEAT,0,0,0,0,0,0,0x10013FC0
1777183874.094,3210950,4,4,ADCS,255,BROADCAST,0,HEARTBEAT,48,HEARTBEAT,0,0,0,0,0,0,0x10013FC0
1777183875.187,3212045,4,4,ADCS,255,BROADCAST,0,HEARTBEAT,48,HEARTBEAT,0,0,0,0,0,0,0x10013FC0
1777183876.311,3213139,4,4,ADCS,255,BROADCAST,0,HEARTBEAT,48,HEARTBEAT,0,0,0,0,0,0,0x10013FC0
1777183877.377,3214234,4,4,ADCS,255,BROADCAST,0,HEARTBEAT,48,HEARTBEAT,0,0,0,0,0,0,0x10013FC0
1777183878.472,3215328,4,4,ADCS,255,BROADCAST,0,HEARTBEAT,48,HEARTBEAT,0,0,0,0,0,0,0x10013FC0
1777183879.582,3216423,4,4,ADCS,255,BROADCAST,0,HEARTBEAT,48,HEARTBEAT,0,0,0,0,0,0,0x10013FC0
1777183880.660,3217517,4,4,ADCS,255,BROADCAST,0,HEARTBEAT,48,HEARTBEAT,0,0,0,0,0,0,0x10013FC0
1777183881.755,3218611,4,4,ADCS,255,BROADCAST,0,HEARTBEAT,48,HEARTBEAT,0,0,0,0,0,0,0x10013FC0
1777183882.854,3219706,4,4,ADCS,255,BROADCAST,0,HEARTBEAT,48,HEARTBEAT,0,0,0,0,0,0,0x10013FC0
1777183883.943,3220800,4,4,ADCS,255,BROADCAST,0,HEARTBEAT,48,HEARTBEAT,0,0,0,0,0,0,0x10013FC0
1777183885.038,3221895,4,4,ADCS,255,BROADCAST,0,HEARTBEAT,48,HEARTBEAT,0,0,0,0,0,0,0x10013FC0
1777183886.139,3222989,4,4,ADCS,255,BROADCAST,0,HEARTBEAT,48,HEARTBEAT,0,0,0,0,0,0,0x10013FC0
1777183887.266,3224084,4,4,ADCS,255,BROADCAST,0,HEARTBEAT,48,HEARTBEAT,0,0,0,0,0,0,0x10013FC0
1777183888.322,3225178,4,4,ADCS,255,BROADCAST,0,HEARTBEAT,48,HEARTBEAT,0,0,0,0,0,0,0x10013FC0
1777183889.416,3226272,4,4,ADCS,255,BROADCAST,0,HEARTBEAT,48,HEARTBEAT,0,0,0,0,0,0,0x10013FC0
1777183890.534,3227367,4,4,ADCS,255,BROADCAST,0,HEARTBEAT,48,HEARTBEAT,0,0,0,0,0,0,0x10013FC0
1777183891.605,3228461,4,4,ADCS,255,BROADCAST,0,HEARTBEAT,48,HEARTBEAT,0,0,0,0,0,0,0x10013FC0
1777183892.700,3229556,4,4,ADCS,255,BROADCAST,0,HEARTBEAT,48,HEARTBEAT,0,0,0,0,0,0,0x10013FC0
1777183893.815,3230650,4,4,ADCS,255,BROADCAST,0,HEARTBEAT,48,HEARTBEAT,0,0,0,0,0,0,0x10013FC0
1777183894.888,3231745,4,4,ADCS,255,BROADCAST,0,HEARTBEAT,48,HEARTBEAT,0,0,0,0,0,0,0x10013FC0
1777183895.983,3232839,4,4,ADCS,255,BROADCAST,0,HEARTBEAT,48,HEARTBEAT,0,0,0,0,0,0,0x10013FC0
1777183897.096,3233934,4,4,ADCS,255,BROADCAST,0,HEARTBEAT,48,HEARTBEAT,0,0,0,0,0,0,0x10013FC0
1777183898.172,3235028,4,4,ADCS,255,BROADCAST,0,HEARTBEAT,48,HEARTBEAT,0,0,0,0,0,0,0x10013FC0
1777183899.266,3236123,4,4,ADCS,255,BROADCAST,0,HEARTBEAT,48,HEARTBEAT,0,0,0,0,0,0,0x10013FC0
1777183900.370,3237217,4,4,ADCS,255,BROADCAST,0,HEARTBEAT,48,HEARTBEAT,0,0,0,0,0,0,0x10013FC0
1777183901.456,3238312,4,4,ADCS,255,BROADCAST,0,HEARTBEAT,48,HEARTBEAT,0,0,0,0,0,0,0x10013FC0
1777183902.551,3239406,4,4,ADCS,255,BROADCAST,0,HEARTBEAT,48,HEARTBEAT,0,0,0,0,0,0,0x10013FC0
1777183903.651,3240501,4,4,ADCS,255,BROADCAST,0,HEARTBEAT,48,HEARTBEAT,0,0,0,0,0,0,0x10013FC0
1777183904.776,3241595,4,4,ADCS,255,BROADCAST,0,HEARTBEAT,48,HEARTBEAT,0,0,0,0,0,0,0x10013FC0
1777183905.833,3242690,4,4,ADCS,255,BROADCAST,0,HEARTBEAT,48,HEARTBEAT,0,0,0,0,0,0,0x10013FC0
1777183906.928,3243784,4,4,ADCS,255,BROADCAST,0,HEARTBEAT,48,HEARTBEAT,0,0,0,0,0,0,0x10013FC0
1777183908.043,3244879,4,4,ADCS,255,BROADCAST,0,HEARTBEAT,48,HEARTBEAT,0,0,0,0,0,0,0x10013FC0
1777183909.117,3245973,4,4,ADCS,255,BROADCAST,0,HEARTBEAT,48,HEARTBEAT,0,0,0,0,0,0,0x10013FC0
1777183910.212,3247068,4,4,ADCS,255,BROADCAST,0,HEARTBEAT,48,HEARTBEAT,0,0,0,0,0,0,0x10013FC0
1777183911.325,3248162,4,4,ADCS,255,BROADCAST,0,HEARTBEAT,48,HEARTBEAT,0,0,0,0,0,0,0x10013FC0
1777183912.400,3249257,4,4,ADCS,255,BROADCAST,0,HEARTBEAT,48,HEARTBEAT,0,0,0,0,0,0,0x10013FC0
1777183913.495,3250351,4,4,ADCS,255,BROADCAST,0,HEARTBEAT,48,HEARTBEAT,0,0,0,0,0,0,0x10013FC0
1777183914.608,3251446,4,4,ADCS,255,BROADCAST,0,HEARTBEAT,48,HEARTBEAT,0,0,0,0,0,0,0x10013FC0
1777183915.684,3252540,4,4,ADCS,255,BROADCAST,0,HEARTBEAT,48,HEARTBEAT,0,0,0,0,0,0,0x10013FC0
1777183916.779,3253635,4,4,ADCS,255,BROADCAST,0,HEARTBEAT,48,HEARTBEAT,0,0,0,0,0,0,0x10013FC0
1777183917.876,3254729,4,4,ADCS,255,BROADCAST,0,HEARTBEAT,48,HEARTBEAT,0,0,0,0,0,0,0x10013FC0
1777183919.009,3255824,4,4,ADCS,255,BROADCAST,0,HEARTBEAT,48,HEARTBEAT,0,0,0,0,0,0,0x10013FC0
1777183920.062,3256918,4,4,ADCS,255,BROADCAST,0,HEARTBEAT,48,HEARTBEAT,0,0,0,0,0,0,0x10013FC0
1777183921.159,3258012,4,4,ADCS,255,BROADCAST,0,HEARTBEAT,48,HEARTBEAT,0,0,0,0,0,0,0x10013FC0
1777183922.276,3259107,4,4,ADCS,255,BROADCAST,0,HEARTBEAT,48,HEARTBEAT,0,0,0,0,0,0,0x10013FC0
1777183923.345,3260201,4,4,ADCS,255,BROADCAST,0,HEARTBEAT,48,HEARTBEAT,0,0,0,0,0,0,0x10013FC0
1777183924.439,3261296,4,4,ADCS,255,BROADCAST,0,HEARTBEAT,48,HEARTBEAT,0,0,0,0,0,0,0x10013FC0
1777183925.563,3262390,4,4,ADCS,255,BROADCAST,0,HEARTBEAT,48,HEARTBEAT,0,0,0,0,0,0,0x10013FC0
1777183926.628,3263484,4,4,ADCS,255,BROADCAST,0,HEARTBEAT,48,HEARTBEAT,0,0,0,0,0,0,0x10013FC0
1777183927.723,3264579,4,4,ADCS,255,BROADCAST,0,HEARTBEAT,48,HEARTBEAT,0,0,0,0,0,0,0x10013FC0
1777183928.843,3265673,4,4,ADCS,255,BROADCAST,0,HEARTBEAT,48,HEARTBEAT,0,0,0,0,0,0,0x10013FC0
1777183929.912,3266768,4,4,ADCS,255,BROADCAST,0,HEARTBEAT,48,HEARTBEAT,0,0,0,0,0,0,0x10013FC0
1777183931.006,3267862,4,4,ADCS,255,BROADCAST,0,HEARTBEAT,48,HEARTBEAT,0,0,0,0,0,0,0x10013FC0
1777183932.112,3268956,4,4,ADCS,255,BROADCAST,0,HEARTBEAT,48,HEARTBEAT,0,0,0,0,0,0,0x10013FC0
1777183933.195,3270051,4,4,ADCS,255,BROADCAST,0,HEARTBEAT,48,HEARTBEAT,0,0,0,0,0,0,0x10013FC0
1777183934.289,3271145,4,4,ADCS,255,BROADCAST,0,HEARTBEAT,48,HEARTBEAT,0,0,0,0,0,0,0x10013FC0
1777183935.394,3272240,4,4,ADCS,255,BROADCAST,0,HEARTBEAT,48,HEARTBEAT,0,0,0,0,0,0,0x10013FC0
1777183936.520,3273334,4,4,ADCS,255,BROADCAST,0,HEARTBEAT,48,HEARTBEAT,0,0,0,0,0,0,0x10013FC0
1777183937.574,3274429,4,4,ADCS,255,BROADCAST,0,HEARTBEAT,48,HEARTBEAT,0,0,0,0,0,0,0x10013FC0
1777183938.667,3275523,4,4,ADCS,255,BROADCAST,0,HEARTBEAT,48,HEARTBEAT,0,0,0,0,0,0,0x10013FC0
1777183939.797,3276618,4,4,ADCS,255,BROADCAST,0,HEARTBEAT,48,HEARTBEAT,0,0,0,0,0,0,0x10013FC0
1777183940.856,3277712,4,4,ADCS,255,BROADCAST,0,HEARTBEAT,48,HEARTBEAT,0,0,0,0,0,0,0x10013FC0
1777183941.950,3278806,4,4,ADCS,255,BROADCAST,0,HEARTBEAT,48,HEARTBEAT,0,0,0,0,0,0,0x10013FC0
1777183943.070,3279901,4,4,ADCS,255,BROADCAST,0,HEARTBEAT,48,HEARTBEAT,0,0,0,0,0,0,0x10013FC0
1777183944.140,3280995,4,4,ADCS,255,BROADCAST,0,HEARTBEAT,48,HEARTBEAT,0,0,0,0,0,0,0x10013FC0
1777183945.234,3282090,4,4,ADCS,255,BROADCAST,0,HEARTBEAT,48,HEARTBEAT,0,0,0,0,0,0,0x10013FC0
1777183946.351,3283184,4,4,ADCS,255,BROADCAST,0,HEARTBEAT,48,HEARTBEAT,0,0,0,0,0,0,0x10013FC0
1777183947.423,3284279,4,4,ADCS,255,BROADCAST,0,HEARTBEAT,48,HEARTBEAT,0,0,0,0,0,0,0x10013FC0
1777183948.525,3285373,4,4,ADCS,255,BROADCAST,0,HEARTBEAT,48,HEARTBEAT,0,0,0,0,0,0,0x10013FC0
1777183949.635,3286468,4,4,ADCS,255,BROADCAST,0,HEARTBEAT,48,HEARTBEAT,0,0,0,0,0,0,0x10013FC0
1777183950.706,3287562,4,4,ADCS,255,BROADCAST,0,HEARTBEAT,48,HEARTBEAT,0,0,0,0,0,0,0x10013FC0
1777183951.801,3288657,4,4,ADCS,255,BROADCAST,0,HEARTBEAT,48,HEARTBEAT,0,0,0,0,0,0,0x10013FC0
1777183952.904,3289751,4,4,ADCS,255,BROADCAST,0,HEARTBEAT,48,HEARTBEAT,0,0,0,0,0,0,0x10013FC0
1777183954.028,3290846,4,4,ADCS,255,BROADCAST,0,HEARTBEAT,48,HEARTBEAT,0,0,0,0,0,0,0x10013FC0
1777183955.085,3291940,4,4,ADCS,255,BROADCAST,0,HEARTBEAT,48,HEARTBEAT,0,0,0,0,0,0,0x10013FC0
1777183956.181,3293035,4,4,ADCS,255,BROADCAST,0,HEARTBEAT,48,HEARTBEAT,0,0,0,0,0,0,0x10013FC0
1777183957.298,3294129,4,4,ADCS,255,BROADCAST,0,HEARTBEAT,48,HEARTBEAT,0,0,0,0,0,0,0x10013FC0
1777183958.368,3295224,4,4,ADCS,255,BROADCAST,0,HEARTBEAT,48,HEARTBEAT,0,0,0,0,0,0,0x10013FC0
1777183959.463,3296318,4,4,ADCS,255,BROADCAST,0,HEARTBEAT,48,HEARTBEAT,0,0,0,0,0,0,0x10013FC0
1777183960.584,3297413,4,4,ADCS,255,BROADCAST,0,HEARTBEAT,48,HEARTBEAT,0,0,0,0,0,0,0x10013FC0
1777183961.652,3298507,4,4,ADCS,255,BROADCAST,0,HEARTBEAT,48,HEARTBEAT,0,0,0,0,0,0,0x10013FC0
1777183962.746,3299602,4,4,ADCS,255,BROADCAST,0,HEARTBEAT,48,HEARTBEAT,0,0,0,0,0,0,0x10013FC0
1777183963.861,3300697,4,4,ADCS,255,BROADCAST,0,HEARTBEAT,48,HEARTBEAT,0,0,0,0,0,0,0x10013FC0
1777183964.936,3301791,4,4,ADCS,255,BROADCAST,0,HEARTBEAT,48,HEARTBEAT,0,0,0,0,0,0,0x10013FC0
1777183966.031,3302886,4,4,ADCS,255,BROADCAST,0,HEARTBEAT,48,HEARTBEAT,0,0,0,0,0,0,0x10013FC0
1777183967.148,3303981,4,4,ADCS,255,BROADCAST,0,HEARTBEAT,48,HEARTBEAT,0,0,0,0,0,0,0x10013FC0
1777183968.219,3305075,4,4,ADCS,255,BROADCAST,0,HEARTBEAT,48,HEARTBEAT,0,0,0,0,0,0,0x10013FC0
1777183969.314,3306170,4,4,ADCS,255,BROADCAST,0,HEARTBEAT,48,HEARTBEAT,0,0,0,0,0,0,0x10013FC0
1777183970.423,3307264,4,4,ADCS,255,BROADCAST,0,HEARTBEAT,48,HEARTBEAT,0,0,0,0,0,0,0x10013FC0
1777183971.543,3308359,4,4,ADCS,255,BROADCAST,0,HEARTBEAT,48,HEARTBEAT,0,0,0,0,0,0,0x10013FC0
1777183972.598,3309453,4,4,ADCS,255,BROADCAST,0,HEARTBEAT,48,HEARTBEAT,0,0,0,0,0,0,0x10013FC0
1777183973.692,3310548,4,4,ADCS,255,BROADCAST,0,HEARTBEAT,48,HEARTBEAT,0,0,0,0,0,0,0x10013FC0
1777183974.821,3311642,4,4,ADCS,255,BROADCAST,0,HEARTBEAT,48,HEARTBEAT,0,0,0,0,0,0,0x10013FC0
1777183975.881,3312737,4,4,ADCS,255,BROADCAST,0,HEARTBEAT,48,HEARTBEAT,0,0,0,0,0,0,0x10013FC0
1777183976.976,3313831,4,4,ADCS,255,BROADCAST,0,HEARTBEAT,48,HEARTBEAT,0,0,0,0,0,0,0x10013FC0
1777183978.097,3314926,4,4,ADCS,255,BROADCAST,0,HEARTBEAT,48,HEARTBEAT,0,0,0,0,0,0,0x10013FC0
1777183979.165,3316020,4,4,ADCS,255,BROADCAST,0,HEARTBEAT,48,HEARTBEAT,0,0,0,0,0,0,0x10013FC0
1777183980.260,3317115,4,4,ADCS,255,BROADCAST,0,HEARTBEAT,48,HEARTBEAT,0,0,0,0,0,0,0x10013FC0
1777183981.375,3318209,4,4,ADCS,255,BROADCAST,0,HEARTBEAT,48,HEARTBEAT,0,0,0,0,0,0,0x10013FC0
1777183982.448,3319304,4,4,ADCS,255,BROADCAST,0,HEARTBEAT,48,HEARTBEAT,0,0,0,0,0,0,0x10013FC0
1777183983.543,3320398,4,4,ADCS,255,BROADCAST,0,HEARTBEAT,48,HEARTBEAT,0,0,0,0,0,0,0x10013FC0
1777183984.645,3321492,4,4,ADCS,255,BROADCAST,0,HEARTBEAT,48,HEARTBEAT,0,0,0,0,0,0,0x10013FC0
1777183985.733,3322587,4,4,ADCS,255,BROADCAST,0,HEARTBEAT,48,HEARTBEAT,0,0,0,0,0,0,0x10013FC0
1777183986.826,3323681,4,4,ADCS,255,BROADCAST,0,HEARTBEAT,48,HEARTBEAT,0,0,0,0,0,0,0x10013FC0
1777183987.927,3324776,4,4,ADCS,255,BROADCAST,0,HEARTBEAT,48,HEARTBEAT,0,0,0,0,0,0,0x10013FC0
1777183989.052,3325870,4,4,ADCS,255,BROADCAST,0,HEARTBEAT,48,HEARTBEAT,0,0,0,0,0,0,0x10013FC0
1777183990.117,3326965,4,4,ADCS,255,BROADCAST,0,HEARTBEAT,48,HEARTBEAT,0,0,0,0,0,0,0x10013FC0
1777183991.204,3328059,4,4,ADCS,255,BROADCAST,0,HEARTBEAT,48,HEARTBEAT,0,0,0,0,0,0,0x10013FC0
1777183992.330,3329154,4,4,ADCS,255,BROADCAST,0,HEARTBEAT,48,HEARTBEAT,0,0,0,0,0,0,0x10013FC0
1777183993.393,3330248,4,4,ADCS,255,BROADCAST,0,HEARTBEAT,48,HEARTBEAT,0,0,0,0,0,0,0x10013FC0
1777183994.488,3331343,4,4,ADCS,255,BROADCAST,0,HEARTBEAT,48,HEARTBEAT,0,0,0,0,0,0,0x10013FC0
1777183995.607,3332437,4,4,ADCS,255,BROADCAST,0,HEARTBEAT,48,HEARTBEAT,0,0,0,0,0,0,0x10013FC0
1777183996.676,3333532,4,4,ADCS,255,BROADCAST,0,HEARTBEAT,48,HEARTBEAT,0,0,0,0,0,0,0x10013FC0
1777183997.772,3334626,4,4,ADCS,255,BROADCAST,0,HEARTBEAT,48,HEARTBEAT,0,0,0,0,0,0,0x10013FC0
1777183998.884,3335721,4,4,ADCS,255,BROADCAST,0,HEARTBEAT,48,HEARTBEAT,0,0,0,0,0,0,0x10013FC0
1777183999.968,3336815,4,4,ADCS,255,BROADCAST,0,HEARTBEAT,48,HEARTBEAT,0,0,0,0,0,0,0x10013FC0
1777184001.065,3337910,4,4,ADCS,255,BROADCAST,0,HEARTBEAT,48,HEARTBEAT,0,0,0,0,0,0,0x10013FC0
1777184002.162,3339004,4,4,ADCS,255,BROADCAST,0,HEARTBEAT,48,HEARTBEAT,0,0,0,0,0,0,0x10013FC0
1777184003.244,3340099,4,4,ADCS,255,BROADCAST,0,HEARTBEAT,48,HEARTBEAT,0,0,0,0,0,0,0x10013FC0
1777184004.338,3341193,4,4,ADCS,255,BROADCAST,0,HEARTBEAT,48,HEARTBEAT,0,0,0,0,0,0,0x10013FC0
1777184005.439,3342288,4,4,ADCS,255,BROADCAST,0,HEARTBEAT,48,HEARTBEAT,0,0,0,0,0,0,0x10013FC0
1777184006.566,3343382,4,4,ADCS,255,BROADCAST,0,HEARTBEAT,48,HEARTBEAT,0,0,0,0,0,0,0x10013FC0
1777184007.622,3344477,4,4,ADCS,255,BROADCAST,0,HEARTBEAT,48,HEARTBEAT,0,0,0,0,0,0,0x10013FC0
1777184008.719,3345571,4,4,ADCS,255,BROADCAST,0,HEARTBEAT,48,HEARTBEAT,0,0,0,0,0,0,0x10013FC0
1777184009.843,3346666,4,4,ADCS,255,BROADCAST,0,HEARTBEAT,48,HEARTBEAT,0,0,0,0,0,0,0x10013FC0
1777184010.910,3347761,4,4,ADCS,255,BROADCAST,0,HEARTBEAT,48,HEARTBEAT,0,0,0,0,0,0,0x10013FC0
1777184012.001,3348855,4,4,ADCS,255,BROADCAST,0,HEARTBEAT,48,HEARTBEAT,0,0,0,0,0,0,0x10013FC0
1777184013.118,3349950,4,4,ADCS,255,BROADCAST,0,HEARTBEAT,48,HEARTBEAT,0,0,0,0,0,0,0x10013FC0
1777184014.189,3351044,4,4,ADCS,255,BROADCAST,0,HEARTBEAT,48,HEARTBEAT,0,0,0,0,0,0,0x10013FC0
1777184015.285,3352139,4,4,ADCS,255,BROADCAST,0,HEARTBEAT,48,HEARTBEAT,0,0,0,0,0,0,0x10013FC0
1777184016.396,3353233,4,4,ADCS,255,BROADCAST,0,HEARTBEAT,48,HEARTBEAT,0,0,0,0,0,0,0x10013FC0
1777184017.472,3354328,4,4,ADCS,255,BROADCAST,0,HEARTBEAT,48,HEARTBEAT,0,0,0,0,0,0,0x10013FC0
1777184018.571,3355422,4,4,ADCS,255,BROADCAST,0,HEARTBEAT,48,HEARTBEAT,0,0,0,0,0,0,0x10013FC0
1777184019.673,3356516,4,4,ADCS,255,BROADCAST,0,HEARTBEAT,48,HEARTBEAT,0,0,0,0,0,0,0x10013FC0
1777184020.800,3357611,4,4,ADCS,255,BROADCAST,0,HEARTBEAT,48,HEARTBEAT,0,0,0,0,0,0,0x10013FC0
1777184021.851,3358706,4,4,ADCS,255,BROADCAST,0,HEARTBEAT,48,HEARTBEAT,0,0,0,0,0,0,0x10013FC0
1777184022.949,3359800,4,4,ADCS,255,BROADCAST,0,HEARTBEAT,48,HEARTBEAT,0,0,0,0,0,0,0x10013FC0
1777184024.076,3360895,4,4,ADCS,255,BROADCAST,0,HEARTBEAT,48,HEARTBEAT,0,0,0,0,0,0,0x10013FC0
1777184025.134,3361989,4,4,ADCS,255,BROADCAST,0,HEARTBEAT,48,HEARTBEAT,0,0,0,0,0,0,0x10013FC0
1777184026.229,3363084,4,4,ADCS,255,BROADCAST,0,HEARTBEAT,48,HEARTBEAT,0,0,0,0,0,0,0x10013FC0
1777184027.344,3364178,4,4,ADCS,255,BROADCAST,0,HEARTBEAT,48,HEARTBEAT,0,0,0,0,0,0,0x10013FC0
1777184028.418,3365273,4,4,ADCS,255,BROADCAST,0,HEARTBEAT,48,HEARTBEAT,0,0,0,0,0,0,0x10013FC0
1777184029.514,3366367,4,4,ADCS,255,BROADCAST,0,HEARTBEAT,48,HEARTBEAT,0,0,0,0,0,0,0x10013FC0
1777184030.627,3367462,4,4,ADCS,255,BROADCAST,0,HEARTBEAT,48,HEARTBEAT,0,0,0,0,0,0,0x10013FC0
1777184031.702,3368556,4,4,ADCS,255,BROADCAST,0,HEARTBEAT,48,HEARTBEAT,0,0,0,0,0,0,0x10013FC0
1777184032.797,3369651,4,4,ADCS,255,BROADCAST,0,HEARTBEAT,48,HEARTBEAT,0,0,0,0,0,0,0x10013FC0
1777184033.902,3370746,4,4,ADCS,255,BROADCAST,0,HEARTBEAT,48,HEARTBEAT,0,0,0,0,0,0,0x10013FC0
1777184034.985,3371840,4,4,ADCS,255,BROADCAST,0,HEARTBEAT,48,HEARTBEAT,0,0,0,0,0,0,0x10013FC0
1777184036.080,3372934,4,4,ADCS,255,BROADCAST,0,HEARTBEAT,48,HEARTBEAT,0,0,0,0,0,0,0x10013FC0
1777184037.175,3374029,4,4,ADCS,255,BROADCAST,0,HEARTBEAT,48,HEARTBEAT,0,0,0,0,0,0,0x10013FC0
1777184038.316,3375123,4,4,ADCS,255,BROADCAST,0,HEARTBEAT,48,HEARTBEAT,0,0,0,0,0,0,0x10013FC0
1777184039.364,3376218,4,4,ADCS,255,BROADCAST,0,HEARTBEAT,48,HEARTBEAT,0,0,0,0,0,0,0x10013FC0
1777184040.458,3377313,4,4,ADCS,255,BROADCAST,0,HEARTBEAT,48,HEARTBEAT,0,0,0,0,0,0,0x10013FC0
1777184041.576,3378407,4,4,ADCS,255,BROADCAST,0,HEARTBEAT,48,HEARTBEAT,0,0,0,0,0,0,0x10013FC0
1777184042.649,3379502,4,4,ADCS,255,BROADCAST,0,HEARTBEAT,48,HEARTBEAT,0,0,0,0,0,0,0x10013FC0
1777184043.742,3380596,4,4,ADCS,255,BROADCAST,0,HEARTBEAT,48,HEARTBEAT,0,0,0,0,0,0,0x10013FC0
1777184044.862,3381691,4,4,ADCS,255,BROADCAST,0,HEARTBEAT,48,HEARTBEAT,0,0,0,0,0,0,0x10013FC0
1777184045.931,3382786,4,4,ADCS,255,BROADCAST,0,HEARTBEAT,48,HEARTBEAT,0,0,0,0,0,0,0x10013FC0
1777184047.025,3383880,4,4,ADCS,255,BROADCAST,0,HEARTBEAT,48,HEARTBEAT,0,0,0,0,0,0,0x10013FC0
1777184048.141,3384975,4,4,ADCS,255,BROADCAST,0,HEARTBEAT,48,HEARTBEAT,0,0,0,0,0,0,0x10013FC0
1777184049.215,3386069,4,4,ADCS,255,BROADCAST,0,HEARTBEAT,48,HEARTBEAT,0,0,0,0,0,0,0x10013FC0
1777184050.309,3387164,4,4,ADCS,255,BROADCAST,0,HEARTBEAT,48,HEARTBEAT,0,0,0,0,0,0,0x10013FC0
1777184051.416,3388258,4,4,ADCS,255,BROADCAST,0,HEARTBEAT,48,HEARTBEAT,0,0,0,0,0,0,0x10013FC0
1777184052.499,3389353,4,4,ADCS,255,BROADCAST,0,HEARTBEAT,48,HEARTBEAT,0,0,0,0,0,0,0x10013FC0
1777184053.595,3390447,4,4,ADCS,255,BROADCAST,0,HEARTBEAT,48,HEARTBEAT,0,0,0,0,0,0,0x10013FC0
1777184054.697,3391542,4,4,ADCS,255,BROADCAST,0,HEARTBEAT,48,HEARTBEAT,0,0,0,0,0,0,0x10013FC0
1777184055.822,3392636,4,4,ADCS,255,BROADCAST,0,HEARTBEAT,48,HEARTBEAT,0,0,0,0,0,0,0x10013FC0
1777184056.877,3393731,4,4,ADCS,255,BROADCAST,0,HEARTBEAT,48,HEARTBEAT,0,0,0,0,0,0,0x10013FC0
1777184057.971,3394826,4,4,ADCS,255,BROADCAST,0,HEARTBEAT,48,HEARTBEAT,0,0,0,0,0,0,0x10013FC0
1777184059.084,3395920,4,4,ADCS,255,BROADCAST,0,HEARTBEAT,48,HEARTBEAT,0,0,0,0,0,0,0x10013FC0
1777184060.160,3397015,4,4,ADCS,255,BROADCAST,0,HEARTBEAT,48,HEARTBEAT,0,0,0,0,0,0,0x10013FC0
1777184061.254,3398109,4,4,ADCS,255,BROADCAST,0,HEARTBEAT,48,HEARTBEAT,0,0,0,0,0,0,0x10013FC0
1777184062.374,3399204,4,4,ADCS,255,BROADCAST,0,HEARTBEAT,48,HEARTBEAT,0,0,0,0,0,0,0x10013FC0
1777184063.444,3400298,4,4,ADCS,255,BROADCAST,0,HEARTBEAT,48,HEARTBEAT,0,0,0,0,0,0,0x10013FC0
1777184064.539,3401393,4,4,ADCS,255,BROADCAST,0,HEARTBEAT,48,HEARTBEAT,0,0,0,0,0,0,0x10013FC0
1777184065.651,3402488,4,4,ADCS,255,BROADCAST,0,HEARTBEAT,48,HEARTBEAT,0,0,0,0,0,0,0x10013FC0
1777184066.728,3403582,4,4,ADCS,255,BROADCAST,0,HEARTBEAT,48,HEARTBEAT,0,0,0,0,0,0,0x10013FC0
1777184067.822,3404677,4,4,ADCS,255,BROADCAST,0,HEARTBEAT,48,HEARTBEAT,0,0,0,0,0,0,0x10013FC0
1777184068.917,3405771,4,4,ADCS,255,BROADCAST,0,HEARTBEAT,48,HEARTBEAT,0,0,0,0,0,0,0x10013FC0
1777184070.054,3406866,4,4,ADCS,255,BROADCAST,0,HEARTBEAT,48,HEARTBEAT,0,0,0,0,0,0,0x10013FC0
1777184071.106,3407960,4,4,ADCS,255,BROADCAST,0,HEARTBEAT,48,HEARTBEAT,0,0,0,0,0,0,0x10013FC0
1777184072.205,3409055,4,4,ADCS,255,BROADCAST,0,HEARTBEAT,48,HEARTBEAT,0,0,0,0,0,0,0x10013FC0
1777184073.329,3410149,4,4,ADCS,255,BROADCAST,0,HEARTBEAT,48,HEARTBEAT,0,0,0,0,0,0,0x10013FC0
1777184074.391,3411244,4,4,ADCS,255,BROADCAST,0,HEARTBEAT,48,HEARTBEAT,0,0,0,0,0,0,0x10013FC0
1777184075.489,3412338,4,4,ADCS,255,BROADCAST,0,HEARTBEAT,48,HEARTBEAT,0,0,0,0,0,0,0x10013FC0
1777184076.610,3413433,4,4,ADCS,255,BROADCAST,0,HEARTBEAT,48,HEARTBEAT,0,0,0,0,0,0,0x10013FC0
1777184077.673,3414527,4,4,ADCS,255,BROADCAST,0,HEARTBEAT,48,HEARTBEAT,0,0,0,0,0,0,0x10013FC0
1777184078.768,3415622,4,4,ADCS,255,BROADCAST,0,HEARTBEAT,48,HEARTBEAT,0,0,0,0,0,0,0x10013FC0
1777184079.874,3416716,4,4,ADCS,255,BROADCAST,0,HEARTBEAT,48,HEARTBEAT,0,0,0,0,0,0,0x10013FC0
1777184080.957,3417811,4,4,ADCS,255,BROADCAST,0,HEARTBEAT,48,HEARTBEAT,0,0,0,0,0,0,0x10013FC0
1777184082.055,3418905,4,4,ADCS,255,BROADCAST,0,HEARTBEAT,48,HEARTBEAT,0,0,0,0,0,0,0x10013FC0
1777184083.160,3419999,4,4,ADCS,255,BROADCAST,0,HEARTBEAT,48,HEARTBEAT,0,0,0,0,0,0,0x10013FC0
1777184084.240,3421094,4,4,ADCS,255,BROADCAST,0,HEARTBEAT,48,HEARTBEAT,0,0,0,0,0,0,0x10013FC0
1777184085.335,3422188,4,4,ADCS,255,BROADCAST,0,HEARTBEAT,48,HEARTBEAT,0,0,0,0,0,0,0x10013FC0
1777184086.433,3423283,4,4,ADCS,255,BROADCAST,0,HEARTBEAT,48,HEARTBEAT,0,0,0,0,0,0,0x10013FC0
1777184087.566,3424377,4,4,ADCS,255,BROADCAST,0,HEARTBEAT,48,HEARTBEAT,0,0,0,0,0,0,0x10013FC0
1777184088.618,3425472,4,4,ADCS,255,BROADCAST,0,HEARTBEAT,48,HEARTBEAT,0,0,0,0,0,0,0x10013FC0
1777184089.713,3426566,4,4,ADCS,255,BROADCAST,0,HEARTBEAT,48,HEARTBEAT,0,0,0,0,0,0,0x10013FC0
1777184090.841,3427661,4,4,ADCS,255,BROADCAST,0,HEARTBEAT,48,HEARTBEAT,0,0,0,0,0,0,0x10013FC0
1777184091.902,3428755,4,4,ADCS,255,BROADCAST,0,HEARTBEAT,48,HEARTBEAT,0,0,0,0,0,0,0x10013FC0
1777184092.996,3429850,4,4,ADCS,255,BROADCAST,0,HEARTBEAT,48,HEARTBEAT,0,0,0,0,0,0,0x10013FC0
1777184094.119,3430944,4,4,ADCS,255,BROADCAST,0,HEARTBEAT,48,HEARTBEAT,0,0,0,0,0,0,0x10013FC0
1777184095.185,3432039,4,4,ADCS,255,BROADCAST,0,HEARTBEAT,48,HEARTBEAT,0,0,0,0,0,0,0x10013FC0
1777184096.279,3433133,4,4,ADCS,255,BROADCAST,0,HEARTBEAT,48,HEARTBEAT,0,0,0,0,0,0,0x10013FC0
1777184097.396,3434228,4,4,ADCS,255,BROADCAST,0,HEARTBEAT,48,HEARTBEAT,0,0,0,0,0,0,0x10013FC0
1777184098.468,3435322,4,4,ADCS,255,BROADCAST,0,HEARTBEAT,48,HEARTBEAT,0,0,0,0,0,0,0x10013FC0
1777184099.565,3436417,4,4,ADCS,255,BROADCAST,0,HEARTBEAT,48,HEARTBEAT,0,0,0,0,0,0,0x10013FC0
1777184100.675,3437511,4,4,ADCS,255,BROADCAST,0,HEARTBEAT,48,HEARTBEAT,0,0,0,0,0,0,0x10013FC0
1777184101.752,3438606,4,4,ADCS,255,BROADCAST,0,HEARTBEAT,48,HEARTBEAT,0,0,0,0,0,0,0x10013FC0
1777184102.846,3439700,4,4,ADCS,255,BROADCAST,0,HEARTBEAT,48,HEARTBEAT,0,0,0,0,0,0,0x10013FC0
1777184103.951,3440795,4,4,ADCS,255,BROADCAST,0,HEARTBEAT,48,HEARTBEAT,0,0,0,0,0,0,0x10013FC0
1777184105.077,3441889,4,4,ADCS,255,BROADCAST,0,HEARTBEAT,48,HEARTBEAT,0,0,0,0,0,0,0x10013FC0
1777184106.141,3442984,4,4,ADCS,255,BROADCAST,0,HEARTBEAT,48,HEARTBEAT,0,0,0,0,0,0,0x10013FC0
1777184107.229,3444078,4,4,ADCS,255,BROADCAST,0,HEARTBEAT,48,HEARTBEAT,0,0,0,0,0,0,0x10013FC0
1777184108.353,3445173,4,4,ADCS,255,BROADCAST,0,HEARTBEAT,48,HEARTBEAT,0,0,0,0,0,0,0x10013FC0
1777184109.414,3446267,4,4,ADCS,255,BROADCAST,0,HEARTBEAT,48,HEARTBEAT,0,0,0,0,0,0,0x10013FC0
1777184110.508,3447362,4,4,ADCS,255,BROADCAST,0,HEARTBEAT,48,HEARTBEAT,0,0,0,0,0,0,0x10013FC0
1777184111.631,3448456,4,4,ADCS,255,BROADCAST,0,HEARTBEAT,48,HEARTBEAT,0,0,0,0,0,0,0x10013FC0
1777184112.697,3449551,4,4,ADCS,255,BROADCAST,0,HEARTBEAT,48,HEARTBEAT,0,0,0,0,0,0,0x10013FC0
1777184113.792,3450646,4,4,ADCS,255,BROADCAST,0,HEARTBEAT,48,HEARTBEAT,0,0,0,0,0,0,0x10013FC0
1777184114.903,3451740,4,4,ADCS,255,BROADCAST,0,HEARTBEAT,48,HEARTBEAT,0,0,0,0,0,0,0x10013FC0
1777184115.982,3452835,4,4,ADCS,255,BROADCAST,0,HEARTBEAT,48,HEARTBEAT,0,0,0,0,0,0,0x10013FC0
1777184117.076,3453929,4,4,ADCS,255,BROADCAST,0,HEARTBEAT,48,HEARTBEAT,0,0,0,0,0,0,0x10013FC0
1777184118.186,3455024,4,4,ADCS,255,BROADCAST,0,HEARTBEAT,48,HEARTBEAT,0,0,0,0,0,0,0x10013FC0
1777184119.271,3456118,4,4,ADCS,255,BROADCAST,0,HEARTBEAT,48,HEARTBEAT,0,0,0,0,0,0,0x10013FC0
1777184120.362,3457213,4,4,ADCS,255,BROADCAST,0,HEARTBEAT,48,HEARTBEAT,0,0,0,0,0,0,0x10013FC0
1777184121.459,3458308,4,4,ADCS,255,BROADCAST,0,HEARTBEAT,48,HEARTBEAT,0,0,0,0,0,0,0x10013FC0
1777184122.586,3459402,4,4,ADCS,255,BROADCAST,0,HEARTBEAT,48,HEARTBEAT,0,0,0,0,0,0,0x10013FC0
1777184123.643,3460497,4,4,ADCS,255,BROADCAST,0,HEARTBEAT,48,HEARTBEAT,0,0,0,0,0,0,0x10013FC0
1777184124.738,3461591,4,4,ADCS,255,BROADCAST,0,HEARTBEAT,48,HEARTBEAT,0,0,0,0,0,0,0x10013FC0
1777184125.865,3462686,4,4,ADCS,255,BROADCAST,0,HEARTBEAT,48,HEARTBEAT,0,0,0,0,0,0,0x10013FC0
1777184126.927,3463780,4,4,ADCS,255,BROADCAST,0,HEARTBEAT,48,HEARTBEAT,0,0,0,0,0,0,0x10013FC0
1777184128.021,3464875,4,4,ADCS,255,BROADCAST,0,HEARTBEAT,48,HEARTBEAT,0,0,0,0,0,0,0x10013FC0
1777184129.134,3465969,4,4,ADCS,255,BROADCAST,0,HEARTBEAT,48,HEARTBEAT,0,0,0,0,0,0,0x10013FC0
1777184130.211,3467064,4,4,ADCS,255,BROADCAST,0,HEARTBEAT,48,HEARTBEAT,0,0,0,0,0,0,0x10013FC0
1777184131.306,3468158,4,4,ADCS,255,BROADCAST,0,HEARTBEAT,48,HEARTBEAT,0,0,0,0,0,0,0x10013FC0
1777184132.406,3469253,4,4,ADCS,255,BROADCAST,0,HEARTBEAT,48,HEARTBEAT,0,0,0,0,0,0,0x10013FC0
1777184133.494,3470347,4,4,ADCS,255,BROADCAST,0,HEARTBEAT,48,HEARTBEAT,0,0,0,0,0,0,0x10013FC0
1777184134.589,3471442,4,4,ADCS,255,BROADCAST,0,HEARTBEAT,48,HEARTBEAT,0,0,0,0,0,0,0x10013FC0
1777184135.687,3472536,4,4,ADCS,255,BROADCAST,0,HEARTBEAT,48,HEARTBEAT,0,0,0,0,0,0,0x10013FC0
1777184136.779,3473631,4,4,ADCS,255,BROADCAST,0,HEARTBEAT,48,HEARTBEAT,0,0,0,0,0,0,0x10013FC0
1777184137.872,3474725,4,4,ADCS,255,BROADCAST,0,HEARTBEAT,48,HEARTBEAT,0,0,0,0,0,0,0x10013FC0
1777184138.973,3475820,4,4,ADCS,255,BROADCAST,0,HEARTBEAT,48,HEARTBEAT,0,0,0,0,0,0,0x10013FC0
1777184140.096,3476914,4,4,ADCS,255,BROADCAST,0,HEARTBEAT,48,HEARTBEAT,0,0,0,0,0,0,0x10013FC0
1777184141.158,3478009,4,4,ADCS,255,BROADCAST,0,HEARTBEAT,48,HEARTBEAT,0,0,0,0,0,0,0x10013FC0
1777184142.250,3479103,4,4,ADCS,255,BROADCAST,0,HEARTBEAT,48,HEARTBEAT,0,0,0,0,0,0,0x10013FC0
1777184143.374,3480198,4,4,ADCS,255,BROADCAST,0,HEARTBEAT,48,HEARTBEAT,0,0,0,0,0,0,0x10013FC0
1777184144.439,3481292,4,4,ADCS,255,BROADCAST,0,HEARTBEAT,48,HEARTBEAT,0,0,0,0,0,0,0x10013FC0
1777184145.534,3482387,4,4,ADCS,255,BROADCAST,0,HEARTBEAT,48,HEARTBEAT,0,0,0,0,0,0,0x10013FC0
1777184146.644,3483481,4,4,ADCS,255,BROADCAST,0,HEARTBEAT,48,HEARTBEAT,0,0,0,0,0,0,0x10013FC0
1777184147.723,3484576,4,4,ADCS,255,BROADCAST,0,HEARTBEAT,48,HEARTBEAT,0,0,0,0,0,0,0x10013FC0
1777184148.818,3485670,4,4,ADCS,255,BROADCAST,0,HEARTBEAT,48,HEARTBEAT,0,0,0,0,0,0,0x10013FC0
1777184149.927,3486765,4,4,ADCS,255,BROADCAST,0,HEARTBEAT,48,HEARTBEAT,0,0,0,0,0,0,0x10013FC0
1777184151.007,3487860,4,4,ADCS,255,BROADCAST,0,HEARTBEAT,48,HEARTBEAT,0,0,0,0,0,0,0x10013FC0
1777184152.102,3488954,4,4,ADCS,255,BROADCAST,0,HEARTBEAT,48,HEARTBEAT,0,0,0,0,0,0,0x10013FC0
1777184153.208,3490049,4,4,ADCS,255,BROADCAST,0,HEARTBEAT,48,HEARTBEAT,0,0,0,0,0,0,0x10013FC0
1777184154.330,3491143,4,4,ADCS,255,BROADCAST,0,HEARTBEAT,48,HEARTBEAT,0,0,0,0,0,0,0x10013FC0
1777184155.385,3492238,4,4,ADCS,255,BROADCAST,0,HEARTBEAT,48,HEARTBEAT,0,0,0,0,0,0,0x10013FC0
1777184156.492,3493332,4,4,ADCS,255,BROADCAST,0,HEARTBEAT,48,HEARTBEAT,0,0,0,0,0,0,0x10013FC0
1777184157.609,3494427,4,4,ADCS,255,BROADCAST,0,HEARTBEAT,48,HEARTBEAT,0,0,0,0,0,0,0x10013FC0
1777184158.668,3495521,4,4,ADCS,255,BROADCAST,0,HEARTBEAT,48,HEARTBEAT,0,0,0,0,0,0,0x10013FC0
1777184159.763,3496616,4,4,ADCS,255,BROADCAST,0,HEARTBEAT,48,HEARTBEAT,0,0,0,0,0,0,0x10013FC0
1777184160.875,3497710,4,4,ADCS,255,BROADCAST,0,HEARTBEAT,48,HEARTBEAT,0,0,0,0,0,0,0x10013FC0
1777184161.952,3498805,4,4,ADCS,255,BROADCAST,0,HEARTBEAT,48,HEARTBEAT,0,0,0,0,0,0,0x10013FC0
1777184163.047,3499900,4,4,ADCS,255,BROADCAST,0,HEARTBEAT,48,HEARTBEAT,0,0,0,0,0,0,0x10013FC0
1777184164.161,3500994,4,4,ADCS,255,BROADCAST,0,HEARTBEAT,48,HEARTBEAT,0,0,0,0,0,0,0x10013FC0
1777184165.236,3502089,4,4,ADCS,255,BROADCAST,0,HEARTBEAT,48,HEARTBEAT,0,0,0,0,0,0,0x10013FC0
1777184166.333,3503183,4,4,ADCS,255,BROADCAST,0,HEARTBEAT,48,HEARTBEAT,0,0,0,0,0,0,0x10013FC0
1777184167.442,3504278,4,4,ADCS,255,BROADCAST,0,HEARTBEAT,48,HEARTBEAT,0,0,0,0,0,0,0x10013FC0
1777184168.520,3505372,4,4,ADCS,255,BROADCAST,0,HEARTBEAT,48,HEARTBEAT,0,0,0,0,0,0,0x10013FC0
1777184169.614,3506467,4,4,ADCS,255,BROADCAST,0,HEARTBEAT,48,HEARTBEAT,0,0,0,0,0,0,0x10013FC0
1777184170.709,3507562,4,4,ADCS,255,BROADCAST,0,HEARTBEAT,48,HEARTBEAT,0,0,0,0,0,0,0x10013FC0
1777184171.843,3508656,4,4,ADCS,255,BROADCAST,0,HEARTBEAT,48,HEARTBEAT,0,0,0,0,0,0,0x10013FC0
1777184172.899,3509751,4,4,ADCS,255,BROADCAST,0,HEARTBEAT,48,HEARTBEAT,0,0,0,0,0,0,0x10013FC0
1777184173.996,3510845,4,4,ADCS,255,BROADCAST,0,HEARTBEAT,48,HEARTBEAT,0,0,0,0,0,0,0x10013FC0
1777184175.113,3511940,4,4,ADCS,255,BROADCAST,0,HEARTBEAT,48,HEARTBEAT,0,0,0,0,0,0,0x10013FC0
1777184176.182,3513035,4,4,ADCS,255,BROADCAST,0,HEARTBEAT,48,HEARTBEAT,0,0,0,0,0,0,0x10013FC0
1777184177.277,3514129,4,4,ADCS,255,BROADCAST,0,HEARTBEAT,48,HEARTBEAT,0,0,0,0,0,0,0x10013FC0
1777184178.385,3515224,4,4,ADCS,255,BROADCAST,0,HEARTBEAT,48,HEARTBEAT,0,0,0,0,0,0,0x10013FC0
1777184179.466,3516319,4,4,ADCS,255,BROADCAST,0,HEARTBEAT,48,HEARTBEAT,0,0,0,0,0,0,0x10013FC0
1777184180.561,3517413,4,4,ADCS,255,BROADCAST,0,HEARTBEAT,48,HEARTBEAT,0,0,0,0,0,0,0x10013FC0
1777184181.671,3518508,4,4,ADCS,255,BROADCAST,0,HEARTBEAT,48,HEARTBEAT,0,0,0,0,0,0,0x10013FC0
1777184182.750,3519602,4,4,ADCS,255,BROADCAST,0,HEARTBEAT,48,HEARTBEAT,0,0,0,0,0,0,0x10013FC0
1777184183.845,3520697,4,4,ADCS,255,BROADCAST,0,HEARTBEAT,48,HEARTBEAT,0,0,0,0,0,0,0x10013FC0
1777184184.945,3521792,4,4,ADCS,255,BROADCAST,0,HEARTBEAT,48,HEARTBEAT,0,0,0,0,0,0,0x10013FC0
1777184186.079,3522886,4,4,ADCS,255,BROADCAST,0,HEARTBEAT,48,HEARTBEAT,0,0,0,0,0,0,0x10013FC0
1777184187.136,3523981,4,4,ADCS,255,BROADCAST,0,HEARTBEAT,48,HEARTBEAT,0,0,0,0,0,0,0x10013FC0
1777184188.224,3525076,4,4,ADCS,255,BROADCAST,0,HEARTBEAT,48,HEARTBEAT,0,0,0,0,0,0,0x10013FC0
1777184189.348,3526171,4,4,ADCS,255,BROADCAST,0,HEARTBEAT,48,HEARTBEAT,0,0,0,0,0,0,0x10013FC0
1777184190.413,3527265,4,4,ADCS,255,BROADCAST,0,HEARTBEAT,48,HEARTBEAT,0,0,0,0,0,0,0x10013FC0
1777184191.507,3528360,4,4,ADCS,255,BROADCAST,0,HEARTBEAT,48,HEARTBEAT,0,0,0,0,0,0,0x10013FC0
