rx_wall_time,timestamp_ms,priority,src,src_name,dst,dst_name,cls,cls_name,opcode,opcode_name,p2,p3,p4,p5,p6,p7,can_id_hex
1777170279.130,70330,3,1,CDH,255,BROADCAST,0,HEARTBEAT,48,HEARTBEAT,0,0,0,0,0,0,0x0C007FC0
1777170280.081,71328,3,1,CDH,255,BROADCAST,0,HEARTBEAT,48,HEARTBEAT,0,0,0,0,0,0,0x0C007FC0
1777170281.080,72326,3,1,CDH,255,BROADCAST,0,HEARTBEAT,48,HEARTBEAT,0,0,0,0,0,0,0x0C007FC0
1777170282.090,73325,3,1,CDH,255,BROADCAST,0,HEARTBEAT,48,HEARTBEAT,0,0,0,0,0,0,0x0C007FC0
1777170283.076,74323,3,1,CDH,255,BROADCAST,0,HEARTBEAT,48,HEARTBEAT,0,0,0,0,0,0,0x0C007FC0
1777170284.074,75321,3,1,CDH,255,BROADCAST,0,HEARTBEAT,48,HEARTBEAT,0,0,0,0,0,0,0x0C007FC0
1777170285.072,76319,3,1,CDH,255,BROADCAST,0,HEARTBEAT,48,HEARTBEAT,0,0,0,0,0,0,0x0C007FC0
1777170286.087,77317,3,1,CDH,255,BROADCAST,0,HEARTBEAT,48,HEARTBEAT,0,0,0,0,0,0,0x0C007FC0
1777170287.070,78315,3,1,CDH,255,BROADCAST,0,HEARTBEAT,48,HEARTBEAT,0,0,0,0,0,0,0x0C007FC0
1777170288.066,79313,3,1,CDH,255,BROADCAST,0,HEARTBEAT,48,HEARTBEAT,0,0,0,0,0,0,0x0C007FC0
1777170289.064,80311,3,1,CDH,255,BROADCAST,0,HEARTBEAT,48,HEARTBEAT,0,0,0,0,0,0,0x0C007FC0
1777170290.079,81309,3,1,CDH,255,BROADCAST,0,HEARTBEAT,48,HEARTBEAT,0,0,0,0,0,0,0x0C007FC0
1777170291.061,82307,3,1,CDH,255,BROADCAST,0,HEARTBEAT,48,HEARTBEAT,0,0,0,0,0,0,0x0C007FC0
1777170292.133,83306,3,1,CDH,255,BROADCAST,0,HEARTBEAT,48,HEARTBEAT,0,0,0,0,0,0,0x0C007FC0
1777170293.057,84304,3,1,CDH,255,BROADCAST,0,HEARTBEAT,48,HEARTBEAT,0,0,0,0,0,0,0x0C007FC0
1777170294.073,85302,3,1,CDH,255,BROADCAST,0,HEARTBEAT,48,HEARTBEAT,0,0,0,0,0,0,0x0C007FC0
1777170295.053,86300,3,1,CDH,255,BROADCAST,0,HEARTBEAT,48,HEARTBEAT,0,0,0,0,0,0,0x0C007FC0
1777170296.051,87298,3,1,CDH,255,BROADCAST,0,HEARTBEAT,48,HEARTBEAT,0,0,0,0,0,0,0x0C007FC0
1777170297.049,88296,3,1,CDH,255,BROADCAST,0,HEARTBEAT,48,HEARTBEAT,0,0,0,0,0,0,0x0C007FC0
1777170298.075,89294,3,1,CDH,255,BROADCAST,0,HEARTBEAT,48,HEARTBEAT,0,0,0,0,0,0,0x0C007FC0
1777170299.045,90292,3,1,CDH,255,BROADCAST,0,HEARTBEAT,48,HEARTBEAT,0,0,0,0,0,0,0x0C007FC0
1777170300.043,91290,3,1,CDH,255,BROADCAST,0,HEARTBEAT,48,HEARTBEAT,0,0,0,0,0,0,0x0C007FC0
1777170301.041,92288,3,1,CDH,255,BROADCAST,0,HEARTBEAT,48,HEARTBEAT,0,0,0,0,0,0,0x0C007FC0
1777170302.060,93287,3,1,CDH,255,BROADCAST,0,HEARTBEAT,48,HEARTBEAT,0,0,0,0,0,0,0x0C007FC0
1777170303.102,94286,3,1,CDH,255,BROADCAST,0,HEARTBEAT,48,HEARTBEAT,0,0,0,0,0,0,0x0C007FC0
1777170304.037,95284,3,1,CDH,255,BROADCAST,0,HEARTBEAT,48,HEARTBEAT,0,0,0,0,0,0,0x0C007FC0
1777170305.036,96281,3,1,CDH,255,BROADCAST,0,HEARTBEAT,48,HEARTBEAT,0,0,0,0,0,0,0x0C007FC0
1777170306.060,97279,3,1,CDH,255,BROADCAST,0,HEARTBEAT,48,HEARTBEAT,0,0,0,0,0,0,0x0C007FC0
1777170307.031,98277,3,1,CDH,255,BROADCAST,0,HEARTBEAT,48,HEARTBEAT,0,0,0,0,0,0,0x0C007FC0
1777170308.030,99275,3,1,CDH,255,BROADCAST,0,HEARTBEAT,48,HEARTBEAT,0,0,0,0,0,0,0x0C007FC0
1777170309.027,100273,3,1,CDH,255,BROADCAST,0,HEARTBEAT,48,HEARTBEAT,0,0,0,0,0,0,0x0C007FC0
1777170310.051,101271,3,1,CDH,255,BROADCAST,0,HEARTBEAT,48,HEARTBEAT,0,0,0,0,0,0,0x0C007FC0
1777170311.024,102270,3,1,CDH,255,BROADCAST,0,HEARTBEAT,48,HEARTBEAT,0,0,0,0,0,0,0x0C007FC0
1777170312.023,103268,3,1,CDH,255,BROADCAST,0,HEARTBEAT,48,HEARTBEAT,0,0,0,0,0,0,0x0C007FC0
1777170313.024,104266,3,1,CDH,255,BROADCAST,0,HEARTBEAT,48,HEARTBEAT,0,0,0,0,0,0,0x0C007FC0
1777170314.045,105264,3,1,CDH,255,BROADCAST,0,HEARTBEAT,48,HEARTBEAT,0,0,0,0,0,0,0x0C007FC0
1777170315.015,106262,3,1,CDH,255,BROADCAST,0,HEARTBEAT,48,HEARTBEAT,0,0,0,0,0,0,0x0C007FC0
1777170316.013,107260,3,1,CDH,255,BROADCAST,0,HEARTBEAT,48,HEARTBEAT,0,0,0,0,0,0,0x0C007FC0
1777170317.012,108258,3,1,CDH,255,BROADCAST,0,HEARTBEAT,48,HEARTBEAT,0,0,0,0,0,0,0x0C007FC0
1777170318.035,109256,3,1,CDH,255,BROADCAST,0,HEARTBEAT,48,HEARTBEAT,0,0,0,0,0,0,0x0C007FC0
1777170319.008,110254,3,1,CDH,255,BROADCAST,0,HEARTBEAT,48,HEARTBEAT,0,0,0,0,0,0,0x0C007FC0
1777170320.006,111252,3,1,CDH,255,BROADCAST,0,HEARTBEAT,48,HEARTBEAT,0,0,0,0,0,0,0x0C007FC0
1777170321.008,112250,3,1,CDH,255,BROADCAST,0,HEARTBEAT,48,HEARTBEAT,0,0,0,0,0,0,0x0C007FC0
1777170322.028,113248,3,1,CDH,255,BROADCAST,0,HEARTBEAT,48,HEARTBEAT,0,0,0,0,0,0,0x0C007FC0
1777170323.000,114246,3,1,CDH,255,BROADCAST,0,HEARTBEAT,48,HEARTBEAT,0,0,0,0,0,0,0x0C007FC0
1777170323.998,115244,3,1,CDH,255,BROADCAST,0,HEARTBEAT,48,HEARTBEAT,0,0,0,0,0,0,0x0C007FC0
1777170325.007,116242,3,1,CDH,255,BROADCAST,0,HEARTBEAT,48,HEARTBEAT,0,0,0,0,0,0,0x0C007FC0
1777170326.029,117240,3,1,CDH,255,BROADCAST,0,HEARTBEAT,48,HEARTBEAT,0,0,0,0,0,0,0x0C007FC0
1777170326.992,118238,3,1,CDH,255,BROADCAST,0,HEARTBEAT,48,HEARTBEAT,0,0,0,0,0,0,0x0C007FC0
1777170327.990,119236,3,1,CDH,255,BROADCAST,0,HEARTBEAT,48,HEARTBEAT,0,0,0,0,0,0,0x0C007FC0
1777170329.003,120234,3,1,CDH,255,BROADCAST,0,HEARTBEAT,48,HEARTBEAT,0,0,0,0,0,0,0x0C007FC0
1777170330.019,121232,3,1,CDH,255,BROADCAST,0,HEARTBEAT,48,HEARTBEAT,0,0,0,0,0,0,0x0C007FC0
1777170330.984,122230,3,1,CDH,255,BROADCAST,0,HEARTBEAT,48,HEARTBEAT,0,0,0,0,0,0,0x0C007FC0
1777170331.983,123228,3,1,CDH,255,BROADCAST,0,HEARTBEAT,48,HEARTBEAT,0,0,0,0,0,0,0x0C007FC0
1777170332.993,124226,3,1,CDH,255,BROADCAST,0,HEARTBEAT,48,HEARTBEAT,0,0,0,0,0,0,0x0C007FC0
1777170334.016,125224,3,1,CDH,255,BROADCAST,0,HEARTBEAT,48,HEARTBEAT,0,0,0,0,0,0,0x0C007FC0
1777170334.977,126222,3,1,CDH,255,BROADCAST,0,HEARTBEAT,48,HEARTBEAT,0,0,0,0,0,0,0x0C007FC0
1777170335.975,127220,3,1,CDH,255,BROADCAST,0,HEARTBEAT,48,HEARTBEAT,0,0,0,0,0,0,0x0C007FC0
1777170336.984,128218,3,1,CDH,255,BROADCAST,0,HEARTBEAT,48,HEARTBEAT,0,0,0,0,0,0,0x0C007FC0
1777170338.011,129216,3,1,CDH,255,BROADCAST,0,HEARTBEAT,48,HEARTBEAT,0,0,0,0,0,0,0x0C007FC0
1777170338.968,130214,3,1,CDH,255,BROADCAST,0,HEARTBEAT,48,HEARTBEAT,0,0,0,0,0,0,0x0C007FC0
1777170339.966,131212,3,1,CDH,255,BROADCAST,0,HEARTBEAT,48,HEARTBEAT,0,0,0,0,0,0,0x0C007FC0
1777170340.980,132210,3,1,CDH,255,BROADCAST,0,HEARTBEAT,48,HEARTBEAT,0,0,0,0,0,0,0x0C007FC0
1777170342.001,133208,3,1,CDH,255,BROADCAST,0,HEARTBEAT,48,HEARTBEAT,0,0,0,0,0,0,0x0C007FC0
1777170342.960,134206,3,1,CDH,255,BROADCAST,0,HEARTBEAT,48,HEARTBEAT,0,0,0,0,0,0,0x0C007FC0
1777170343.958,135204,3,1,CDH,255,BROADCAST,0,HEARTBEAT,48,HEARTBEAT,0,0,0,0,0,0,0x0C007FC0
1777170344.973,136202,3,1,CDH,255,BROADCAST,0,HEARTBEAT,48,HEARTBEAT,0,0,0,0,0,0,0x0C007FC0
1777170345.997,137200,3,1,CDH,255,BROADCAST,0,HEARTBEAT,48,HEARTBEAT,0,0,0,0,0,0,0x0C007FC0
1777170346.954,138198,3,1,CDH,255,BROADCAST,0,HEARTBEAT,48,HEARTBEAT,0,0,0,0,0,0,0x0C007FC0
1777170347.950,139196,3,1,CDH,255,BROADCAST,0,HEARTBEAT,48,HEARTBEAT,0,0,0,0,0,0,0x0C007FC0
1777170348.958,140194,3,1,CDH,255,BROADCAST,0,HEARTBEAT,48,HEARTBEAT,0,0,0,0,0,0,0x0C007FC0
1777170349.946,141192,3,1,CDH,255,BROADCAST,0,HEARTBEAT,48,HEARTBEAT,0,0,0,0,0,0,0x0C007FC0
1777170350.944,142190,3,1,CDH,255,BROADCAST,0,HEARTBEAT,48,HEARTBEAT,0,0,0,0,0,0,0x0C007FC0
1777170351.942,143188,3,1,CDH,255,BROADCAST,0,HEARTBEAT,48,HEARTBEAT,0,0,0,0,0,0,0x0C007FC0
1777170352.960,144186,3,1,CDH,255,BROADCAST,0,HEARTBEAT,48,HEARTBEAT,0,0,0,0,0,0,0x0C007FC0
1777170353.939,145184,3,1,CDH,255,BROADCAST,0,HEARTBEAT,48,HEARTBEAT,0,0,0,0,0,0,0x0C007FC0
1777170354.936,146182,3,1,CDH,255,BROADCAST,0,HEARTBEAT,48,HEARTBEAT,0,0,0,0,0,0,0x0C007FC0
1777170355.934,147179,3,1,CDH,255,BROADCAST,0,HEARTBEAT,48,HEARTBEAT,0,0,0,0,0,0,0x0C007FC0
1777170356.954,148177,3,1,CDH,255,BROADCAST,0,HEARTBEAT,48,HEARTBEAT,0,0,0,0,0,0,0x0C007FC0
1777170357.930,149175,3,1,CDH,255,BROADCAST,0,HEARTBEAT,48,HEARTBEAT,0,0,0,0,0,0,0x0C007FC0
1777170358.929,150173,3,1,CDH,255,BROADCAST,0,HEARTBEAT,48,HEARTBEAT,0,0,0,0,0,0,0x0C007FC0
1777170359.925,151171,3,1,CDH,255,BROADCAST,0,HEARTBEAT,48,HEARTBEAT,0,0,0,0,0,0,0x0C007FC0
1777170360.949,152169,3,1,CDH,255,BROADCAST,0,HEARTBEAT,48,HEARTBEAT,0,0,0,0,0,0,0x0C007FC0
1777170361.921,153167,3,1,CDH,255,BROADCAST,0,HEARTBEAT,48,HEARTBEAT,0,0,0,0,0,0,0x0C007FC0
1777170362.920,154165,3,1,CDH,255,BROADCAST,0,HEARTBEAT,48,HEARTBEAT,0,0,0,0,0,0,0x0C007FC0
1777170363.917,155163,3,1,CDH,255,BROADCAST,0,HEARTBEAT,48,HEARTBEAT,0,0,0,0,0,0,0x0C007FC0
1777170364.935,156161,3,1,CDH,255,BROADCAST,0,HEARTBEAT,48,HEARTBEAT,0,0,0,0,0,0,0x0C007FC0
1777170365.913,157159,3,1,CDH,255,BROADCAST,0,HEARTBEAT,48,HEARTBEAT,0,0,0,0,0,0,0x0C007FC0
1777170366.911,158157,3,1,CDH,255,BROADCAST,0,HEARTBEAT,48,HEARTBEAT,0,0,0,0,0,0,0x0C007FC0
1777170374.895,4795,3,1,CDH,255,BROADCAST,0,HEARTBEAT,48,HEARTBEAT,0,0,0,0,0,0,0x0C007FC0
1777170375.901,5793,3,1,CDH,255,BROADCAST,0,HEARTBEAT,48,HEARTBEAT,0,0,0,0,0,0,0x0C007FC0
1777170376.923,6791,3,1,CDH,255,BROADCAST,0,HEARTBEAT,48,HEARTBEAT,0,0,0,0,0,0,0x0C007FC0
1777170377.890,7789,3,1,CDH,255,BROADCAST,0,HEARTBEAT,48,HEARTBEAT,0,0,0,0,0,0,0x0C007FC0
1777170378.887,8787,3,1,CDH,255,BROADCAST,0,HEARTBEAT,48,HEARTBEAT,0,0,0,0,0,0,0x0C007FC0
1777170379.886,9785,3,1,CDH,255,BROADCAST,0,HEARTBEAT,48,HEARTBEAT,0,0,0,0,0,0,0x0C007FC0
1777170380.916,10783,3,1,CDH,255,BROADCAST,0,HEARTBEAT,48,HEARTBEAT,0,0,0,0,0,0,0x0C007FC0
1777170381.883,11781,3,1,CDH,255,BROADCAST,0,HEARTBEAT,48,HEARTBEAT,0,0,0,0,0,0,0x0C007FC0
1777170382.879,12779,3,1,CDH,255,BROADCAST,0,HEARTBEAT,48,HEARTBEAT,0,0,0,0,0,0,0x0C007FC0
1777170383.887,13777,3,1,CDH,255,BROADCAST,0,HEARTBEAT,48,HEARTBEAT,0,0,0,0,0,0,0x0C007FC0
1777170384.899,14775,3,1,CDH,255,BROADCAST,0,HEARTBEAT,48,HEARTBEAT,0,0,0,0,0,0,0x0C007FC0
1777170385.873,15772,3,1,CDH,255,BROADCAST,0,HEARTBEAT,48,HEARTBEAT,0,0,0,0,0,0,0x0C007FC0
1777170386.871,16770,3,1,CDH,255,BROADCAST,0,HEARTBEAT,48,HEARTBEAT,0,0,0,0,0,0,0x0C007FC0
1777170387.878,17768,3,1,CDH,255,BROADCAST,0,HEARTBEAT,48,HEARTBEAT,0,0,0,0,0,0,0x0C007FC0
1777170388.901,18766,3,1,CDH,255,BROADCAST,0,HEARTBEAT,48,HEARTBEAT,0,0,0,0,0,0,0x0C007FC0
1777170389.868,19764,3,1,CDH,255,BROADCAST,0,HEARTBEAT,48,HEARTBEAT,0,0,0,0,0,0,0x0C007FC0
1777170390.867,20762,3,1,CDH,255,BROADCAST,0,HEARTBEAT,48,HEARTBEAT,0,0,0,0,0,0,0x0C007FC0
1777170391.869,21760,3,1,CDH,255,BROADCAST,0,HEARTBEAT,48,HEARTBEAT,0,0,0,0,0,0,0x0C007FC0
1777170392.882,22758,3,1,CDH,255,BROADCAST,0,HEARTBEAT,48,HEARTBEAT,0,0,0,0,0,0,0x0C007FC0
1777170393.857,23756,3,1,CDH,255,BROADCAST,0,HEARTBEAT,48,HEARTBEAT,0,0,0,0,0,0,0x0C007FC0
1777170394.855,24754,3,1,CDH,255,BROADCAST,0,HEARTBEAT,48,HEARTBEAT,0,0,0,0,0,0,0x0C007FC0
1777170395.853,25751,3,1,CDH,255,BROADCAST,0,HEARTBEAT,48,HEARTBEAT,0,0,0,0,0,0,0x0C007FC0
1777170396.886,26749,3,1,CDH,255,BROADCAST,0,HEARTBEAT,48,HEARTBEAT,0,0,0,0,0,0,0x0C007FC0
1777170397.848,27747,3,1,CDH,255,BROADCAST,0,HEARTBEAT,48,HEARTBEAT,0,0,0,0,0,0,0x0C007FC0
1777170398.846,28745,3,1,CDH,255,BROADCAST,0,HEARTBEAT,48,HEARTBEAT,0,0,0,0,0,0,0x0C007FC0
1777170399.845,29743,3,1,CDH,255,BROADCAST,0,HEARTBEAT,48,HEARTBEAT,0,0,0,0,0,0,0x0C007FC0
1777170400.873,30741,3,1,CDH,255,BROADCAST,0,HEARTBEAT,48,HEARTBEAT,0,0,0,0,0,0,0x0C007FC0
1777170401.840,31739,3,1,CDH,255,BROADCAST,0,HEARTBEAT,48,HEARTBEAT,0,0,0,0,0,0,0x0C007FC0
1777170402.839,32737,3,1,CDH,255,BROADCAST,0,HEARTBEAT,48,HEARTBEAT,0,0,0,0,0,0,0x0C007FC0
1777170403.841,33735,3,1,CDH,255,BROADCAST,0,HEARTBEAT,48,HEARTBEAT,0,0,0,0,0,0,0x0C007FC0
1777170404.874,34734,3,1,CDH,255,BROADCAST,0,HEARTBEAT,48,HEARTBEAT,0,0,0,0,0,0,0x0C007FC0
1777170405.833,35732,3,1,CDH,255,BROADCAST,0,HEARTBEAT,48,HEARTBEAT,0,0,0,0,0,0,0x0C007FC0
1777170406.831,36730,3,1,CDH,255,BROADCAST,0,HEARTBEAT,48,HEARTBEAT,0,0,0,0,0,0,0x0C007FC0
1777170407.842,37728,3,1,CDH,255,BROADCAST,0,HEARTBEAT,48,HEARTBEAT,0,0,0,0,0,0,0x0C007FC0
1777170408.827,38725,3,1,CDH,255,BROADCAST,0,HEARTBEAT,48,HEARTBEAT,0,0,0,0,0,0,0x0C007FC0
1777170409.824,39723,3,1,CDH,255,BROADCAST,0,HEARTBEAT,48,HEARTBEAT,0,0,0,0,0,0,0x0C007FC0
1777170412.602,42501,3,1,CDH,255,BROADCAST,0,HEARTBEAT,48,HEARTBEAT,0,0,0,0,0,0,0x0C007FC0
1777170413.603,43501,3,1,CDH,255,BROADCAST,0,HEARTBEAT,48,HEARTBEAT,0,0,0,0,0,0,0x0C007FC0
1777170414.601,44499,3,1,CDH,255,BROADCAST,0,HEARTBEAT,48,HEARTBEAT,0,0,0,0,0,0,0x0C007FC0
1777170415.626,45497,3,1,CDH,255,BROADCAST,0,HEARTBEAT,48,HEARTBEAT,0,0,0,0,0,0,0x0C007FC0
1777170416.597,46495,3,1,CDH,255,BROADCAST,0,HEARTBEAT,48,HEARTBEAT,0,0,0,0,0,0,0x0C007FC0
1777170417.594,47493,3,1,CDH,255,BROADCAST,0,HEARTBEAT,48,HEARTBEAT,0,0,0,0,0,0,0x0C007FC0
1777170418.593,48491,3,1,CDH,255,BROADCAST,0,HEARTBEAT,48,HEARTBEAT,0,0,0,0,0,0,0x0C007FC0
1777170419.618,49489,3,1,CDH,255,BROADCAST,0,HEARTBEAT,48,HEARTBEAT,0,0,0,0,0,0,0x0C007FC0
1777170420.589,50487,3,1,CDH,255,BROADCAST,0,HEARTBEAT,48,HEARTBEAT,0,0,0,0,0,0,0x0C007FC0
1777170421.587,51485,3,1,CDH,255,BROADCAST,0,HEARTBEAT,48,HEARTBEAT,0,0,0,0,0,0,0x0C007FC0
1777170422.589,52483,3,1,CDH,255,BROADCAST,0,HEARTBEAT,48,HEARTBEAT,0,0,0,0,0,0,0x0C007FC0
1777170423.610,53481,3,1,CDH,255,BROADCAST,0,HEARTBEAT,48,HEARTBEAT,0,0,0,0,0,0,0x0C007FC0
1777170424.581,54479,3,1,CDH,255,BROADCAST,0,HEARTBEAT,48,HEARTBEAT,0,0,0,0,0,0,0x0C007FC0
1777170425.579,55477,3,1,CDH,255,BROADCAST,0,HEARTBEAT,48,HEARTBEAT,0,0,0,0,0,0,0x0C007FC0
1777170426.592,56475,3,1,CDH,255,BROADCAST,0,HEARTBEAT,48,HEARTBEAT,0,0,0,0,0,0,0x0C007FC0
1777170427.595,57473,3,1,CDH,255,BROADCAST,0,HEARTBEAT,48,HEARTBEAT,0,0,0,0,0,0,0x0C007FC0
1777170428.573,58471,3,1,CDH,255,BROADCAST,0,HEARTBEAT,48,HEARTBEAT,0,0,0,0,0,0,0x0C007FC0
1777170429.571,59469,3,1,CDH,255,BROADCAST,0,HEARTBEAT,48,HEARTBEAT,0,0,0,0,0,0,0x0C007FC0
1777170430.577,60467,3,1,CDH,255,BROADCAST,0,HEARTBEAT,48,HEARTBEAT,0,0,0,0,0,0,0x0C007FC0
1777170431.593,61465,3,1,CDH,255,BROADCAST,0,HEARTBEAT,48,HEARTBEAT,0,0,0,0,0,0,0x0C007FC0
1777170432.565,62463,3,1,CDH,255,BROADCAST,0,HEARTBEAT,48,HEARTBEAT,0,0,0,0,0,0,0x0C007FC0
1777170433.563,63461,3,1,CDH,255,BROADCAST,0,HEARTBEAT,48,HEARTBEAT,0,0,0,0,0,0,0x0C007FC0
1777170434.562,64459,3,1,CDH,255,BROADCAST,0,HEARTBEAT,48,HEARTBEAT,0,0,0,0,0,0,0x0C007FC0
1777170435.593,65457,3,1,CDH,255,BROADCAST,0,HEARTBEAT,48,HEARTBEAT,0,0,0,0,0,0,0x0C007FC0
1777170436.557,66455,3,1,CDH,255,BROADCAST,0,HEARTBEAT,48,HEARTBEAT,0,0,0,0,0,0,0x0C007FC0
1777170437.555,67453,3,1,CDH,255,BROADCAST,0,HEARTBEAT,48,HEARTBEAT,0,0,0,0,0,0,0x0C007FC0
1777170438.560,68451,3,1,CDH,255,BROADCAST,0,HEARTBEAT,48,HEARTBEAT,0,0,0,0,0,0,0x0C007FC0
1777170439.590,69449,3,1,CDH,255,BROADCAST,0,HEARTBEAT,48,HEARTBEAT,0,0,0,0,0,0,0x0C007FC0
1777170440.549,70447,3,1,CDH,255,BROADCAST,0,HEARTBEAT,48,HEARTBEAT,0,0,0,0,0,0,0x0C007FC0
1777170441.547,71445,3,1,CDH,255,BROADCAST,0,HEARTBEAT,48,HEARTBEAT,0,0,0,0,0,0,0x0C007FC0
1777170442.546,72443,3,1,CDH,255,BROADCAST,0,HEARTBEAT,48,HEARTBEAT,0,0,0,0,0,0,0x0C007FC0
1777170443.579,73442,3,1,CDH,255,BROADCAST,0,HEARTBEAT,48,HEARTBEAT,0,0,0,0,0,0,0x0C007FC0
1777170444.541,74440,3,1,CDH,255,BROADCAST,0,HEARTBEAT,48,HEARTBEAT,0,0,0,0,0,0,0x0C007FC0
1777170445.540,75438,3,1,CDH,255,BROADCAST,0,HEARTBEAT,48,HEARTBEAT,0,0,0,0,0,0,0x0C007FC0
1777170446.552,76436,3,1,CDH,255,BROADCAST,0,HEARTBEAT,48,HEARTBEAT,0,0,0,0,0,0,0x0C007FC0
1777170447.536,77434,3,1,CDH,255,BROADCAST,0,HEARTBEAT,48,HEARTBEAT,0,0,0,0,0,0,0x0C007FC0
1777170448.534,78432,3,1,CDH,255,BROADCAST,0,HEARTBEAT,48,HEARTBEAT,0,0,0,0,0,0,0x0C007FC0
1777170449.532,79429,3,1,CDH,255,BROADCAST,0,HEARTBEAT,48,HEARTBEAT,0,0,0,0,0,0,0x0C007FC0
1777170450.545,80427,3,1,CDH,255,BROADCAST,0,HEARTBEAT,48,HEARTBEAT,0,0,0,0,0,0,0x0C007FC0
1777170451.530,81425,3,1,CDH,255,BROADCAST,0,HEARTBEAT,48,HEARTBEAT,0,0,0,0,0,0,0x0C007FC0
1777170452.526,82423,3,1,CDH,255,BROADCAST,0,HEARTBEAT,48,HEARTBEAT,0,0,0,0,0,0,0x0C007FC0
1777170453.524,83421,3,1,CDH,255,BROADCAST,0,HEARTBEAT,48,HEARTBEAT,0,0,0,0,0,0,0x0C007FC0
1777170454.533,84419,3,1,CDH,255,BROADCAST,0,HEARTBEAT,48,HEARTBEAT,0,0,0,0,0,0,0x0C007FC0
1777170455.519,85417,3,1,CDH,255,BROADCAST,0,HEARTBEAT,48,HEARTBEAT,0,0,0,0,0,0,0x0C007FC0
1777170456.519,86415,3,1,CDH,255,BROADCAST,0,HEARTBEAT,48,HEARTBEAT,0,0,0,0,0,0,0x0C007FC0
1777170457.515,87413,3,1,CDH,255,BROADCAST,0,HEARTBEAT,48,HEARTBEAT,0,0,0,0,0,0,0x0C007FC0
1777170458.531,88411,3,1,CDH,255,BROADCAST,0,HEARTBEAT,48,HEARTBEAT,0,0,0,0,0,0,0x0C007FC0
1777170459.512,89409,3,1,CDH,255,BROADCAST,0,HEARTBEAT,48,HEARTBEAT,0,0,0,0,0,0,0x0C007FC0
1777170460.510,90407,3,1,CDH,255,BROADCAST,0,HEARTBEAT,48,HEARTBEAT,0,0,0,0,0,0,0x0C007FC0
1777170461.508,91405,3,1,CDH,255,BROADCAST,0,HEARTBEAT,48,HEARTBEAT,0,0,0,0,0,0,0x0C007FC0
1777170462.527,92403,3,1,CDH,255,BROADCAST,0,HEARTBEAT,48,HEARTBEAT,0,0,0,0,0,0,0x0C007FC0
1777170463.504,93402,3,1,CDH,255,BROADCAST,0,HEARTBEAT,48,HEARTBEAT,0,0,0,0,0,0,0x0C007FC0
1777170464.502,94400,3,1,CDH,255,BROADCAST,0,HEARTBEAT,48,HEARTBEAT,0,0,0,0,0,0,0x0C007FC0
1777170465.500,95398,3,1,CDH,255,BROADCAST,0,HEARTBEAT,48,HEARTBEAT,0,0,0,0,0,0,0x0C007FC0
1777170466.514,96396,3,1,CDH,255,BROADCAST,0,HEARTBEAT,48,HEARTBEAT,0,0,0,0,0,0,0x0C007FC0
1777170467.496,97394,3,1,CDH,255,BROADCAST,0,HEARTBEAT,48,HEARTBEAT,0,0,0,0,0,0,0x0C007FC0
1777170468.494,98392,3,1,CDH,255,BROADCAST,0,HEARTBEAT,48,HEARTBEAT,0,0,0,0,0,0,0x0C007FC0
1777170469.492,99390,3,1,CDH,255,BROADCAST,0,HEARTBEAT,48,HEARTBEAT,0,0,0,0,0,0,0x0C007FC0
1777170470.510,100388,3,1,CDH,255,BROADCAST,0,HEARTBEAT,48,HEARTBEAT,0,0,0,0,0,0,0x0C007FC0
1777170471.488,101386,3,1,CDH,255,BROADCAST,0,HEARTBEAT,48,HEARTBEAT,0,0,0,0,0,0,0x0C007FC0
1777170472.486,102384,3,1,CDH,255,BROADCAST,0,HEARTBEAT,48,HEARTBEAT,0,0,0,0,0,0,0x0C007FC0
1777170473.484,103382,3,1,CDH,255,BROADCAST,0,HEARTBEAT,48,HEARTBEAT,0,0,0,0,0,0,0x0C007FC0
1777170474.502,104380,3,1,CDH,255,BROADCAST,0,HEARTBEAT,48,HEARTBEAT,0,0,0,0,0,0,0x0C007FC0
1777170475.480,105378,3,1,CDH,255,BROADCAST,0,HEARTBEAT,48,HEARTBEAT,0,0,0,0,0,0,0x0C007FC0
1777170476.478,106376,3,1,CDH,255,BROADCAST,0,HEARTBEAT,48,HEARTBEAT,0,0,0,0,0,0,0x0C007FC0
1777170477.477,107374,3,1,CDH,255,BROADCAST,0,HEARTBEAT,48,HEARTBEAT,0,0,0,0,0,0,0x0C007FC0
1777170478.503,108372,3,1,CDH,255,BROADCAST,0,HEARTBEAT,48,HEARTBEAT,0,0,0,0,0,0,0x0C007FC0
1777170479.473,109370,3,1,CDH,255,BROADCAST,0,HEARTBEAT,48,HEARTBEAT,0,0,0,0,0,0,0x0C007FC0
1777170480.471,110368,3,1,CDH,255,BROADCAST,0,HEARTBEAT,48,HEARTBEAT,0,0,0,0,0,0,0x0C007FC0
1777170481.469,111366,3,1,CDH,255,BROADCAST,0,HEARTBEAT,48,HEARTBEAT,0,0,0,0,0,0,0x0C007FC0
1777170482.497,112364,3,1,CDH,255,BROADCAST,0,HEARTBEAT,48,HEARTBEAT,0,0,0,0,0,0,0x0C007FC0
1777170483.465,113363,3,1,CDH,255,BROADCAST,0,HEARTBEAT,48,HEARTBEAT,0,0,0,0,0,0,0x0C007FC0
1777170484.463,114360,3,1,CDH,255,BROADCAST,0,HEARTBEAT,48,HEARTBEAT,0,0,0,0,0,0,0x0C007FC0
1777170485.468,115359,3,1,CDH,255,BROADCAST,0,HEARTBEAT,48,HEARTBEAT,0,0,0,0,0,0,0x0C007FC0
1777170486.488,116357,3,1,CDH,255,BROADCAST,0,HEARTBEAT,48,HEARTBEAT,0,0,0,0,0,0,0x0C007FC0
1777170487.457,117354,3,1,CDH,255,BROADCAST,0,HEARTBEAT,48,HEARTBEAT,0,0,0,0,0,0,0x0C007FC0
1777170488.455,118352,3,1,CDH,255,BROADCAST,0,HEARTBEAT,48,HEARTBEAT,0,0,0,0,0,0,0x0C007FC0
1777170489.472,119350,3,1,CDH,255,BROADCAST,0,HEARTBEAT,48,HEARTBEAT,0,0,0,0,0,0,0x0C007FC0
1777170490.474,120348,3,1,CDH,255,BROADCAST,0,HEARTBEAT,48,HEARTBEAT,0,0,0,0,0,0,0x0C007FC0
1777170491.449,121346,3,1,CDH,255,BROADCAST,0,HEARTBEAT,48,HEARTBEAT,0,0,0,0,0,0,0x0C007FC0
1777170492.447,122344,3,1,CDH,255,BROADCAST,0,HEARTBEAT,48,HEARTBEAT,0,0,0,0,0,0,0x0C007FC0
1777170493.446,123342,3,1,CDH,255,BROADCAST,0,HEARTBEAT,48,HEARTBEAT,0,0,0,0,0,0,0x0C007FC0
1777170494.472,124340,3,1,CDH,255,BROADCAST,0,HEARTBEAT,48,HEARTBEAT,0,0,0,0,0,0,0x0C007FC0
1777170495.440,125338,3,1,CDH,255,BROADCAST,0,HEARTBEAT,48,HEARTBEAT,0,0,0,0,0,0,0x0C007FC0
1777170496.438,126336,3,1,CDH,255,BROADCAST,0,HEARTBEAT,48,HEARTBEAT,0,0,0,0,0,0,0x0C007FC0
1777170497.447,127334,3,1,CDH,255,BROADCAST,0,HEARTBEAT,48,HEARTBEAT,0,0,0,0,0,0,0x0C007FC0
1777170498.470,128332,3,1,CDH,255,BROADCAST,0,HEARTBEAT,48,HEARTBEAT,0,0,0,0,0,0,0x0C007FC0
1777170499.432,129330,3,1,CDH,255,BROADCAST,0,HEARTBEAT,48,HEARTBEAT,0,0,0,0,0,0,0x0C007FC0
1777170500.430,130328,3,1,CDH,255,BROADCAST,0,HEARTBEAT,48,HEARTBEAT,0,0,0,0,0,0,0x0C007FC0
1777170501.434,131326,3,1,CDH,255,BROADCAST,0,HEARTBEAT,48,HEARTBEAT,0,0,0,0,0,0,0x0C007FC0
1777170502.457,132324,3,1,CDH,255,BROADCAST,0,HEARTBEAT,48,HEARTBEAT,0,0,0,0,0,0,0x0C007FC0
1777170503.424,133322,3,1,CDH,255,BROADCAST,0,HEARTBEAT,48,HEARTBEAT,0,0,0,0,0,0,0x0C007FC0
1777170504.422,134319,3,1,CDH,255,BROADCAST,0,HEARTBEAT,48,HEARTBEAT,0,0,0,0,0,0,0x0C007FC0
1777170505.432,135317,3,1,CDH,255,BROADCAST,0,HEARTBEAT,48,HEARTBEAT,0,0,0,0,0,0,0x0C007FC0
1777170506.450,136315,3,1,CDH,255,BROADCAST,0,HEARTBEAT,48,HEARTBEAT,0,0,0,0,0,0,0x0C007FC0
1777170507.416,137313,3,1,CDH,255,BROADCAST,0,HEARTBEAT,48,HEARTBEAT,0,0,0,0,0,0,0x0C007FC0
1777170508.414,138311,3,1,CDH,255,BROADCAST,0,HEARTBEAT,48,HEARTBEAT,0,0,0,0,0,0,0x0C007FC0
1777170509.419,139310,3,1,CDH,255,BROADCAST,0,HEARTBEAT,48,HEARTBEAT,0,0,0,0,0,0,0x0C007FC0
1777170510.452,140309,3,1,CDH,255,BROADCAST,0,HEARTBEAT,48,HEARTBEAT,0,0,0,0,0,0,0x0C007FC0
1777170511.410,141307,3,1,CDH,255,BROADCAST,0,HEARTBEAT,48,HEARTBEAT,0,0,0,0,0,0,0x0C007FC0
1777170512.407,142304,3,1,CDH,255,BROADCAST,0,HEARTBEAT,48,HEARTBEAT,0,0,0,0,0,0,0x0C007FC0
1777170513.416,143302,3,1,CDH,255,BROADCAST,0,HEARTBEAT,48,HEARTBEAT,0,0,0,0,0,0,0x0C007FC0
1777170514.404,144300,3,1,CDH,255,BROADCAST,0,HEARTBEAT,48,HEARTBEAT,0,0,0,0,0,0,0x0C007FC0
1777170515.401,145298,3,1,CDH,255,BROADCAST,0,HEARTBEAT,48,HEARTBEAT,0,0,0,0,0,0,0x0C007FC0
1777170516.399,146296,3,1,CDH,255,BROADCAST,0,HEARTBEAT,48,HEARTBEAT,0,0,0,0,0,0,0x0C007FC0
1777170517.414,147294,3,1,CDH,255,BROADCAST,0,HEARTBEAT,48,HEARTBEAT,0,0,0,0,0,0,0x0C007FC0
1777170518.395,148292,3,1,CDH,255,BROADCAST,0,HEARTBEAT,48,HEARTBEAT,0,0,0,0,0,0,0x0C007FC0
1777170519.393,149289,3,1,CDH,255,BROADCAST,0,HEARTBEAT,48,HEARTBEAT,0,0,0,0,0,0,0x0C007FC0
1777170520.390,150287,3,1,CDH,255,BROADCAST,0,HEARTBEAT,48,HEARTBEAT,0,0,0,0,0,0,0x0C007FC0
1777170521.407,151285,3,1,CDH,255,BROADCAST,0,HEARTBEAT,48,HEARTBEAT,0,0,0,0,0,0,0x0C007FC0
1777170522.386,152283,3,1,CDH,255,BROADCAST,0,HEARTBEAT,48,HEARTBEAT,0,0,0,0,0,0,0x0C007FC0
1777170523.384,153281,3,1,CDH,255,BROADCAST,0,HEARTBEAT,48,HEARTBEAT,0,0,0,0,0,0,0x0C007FC0
1777170524.382,154279,3,1,CDH,255,BROADCAST,0,HEARTBEAT,48,HEARTBEAT,0,0,0,0,0,0,0x0C007FC0
1777170525.400,155277,3,1,CDH,255,BROADCAST,0,HEARTBEAT,48,HEARTBEAT,0,0,0,0,0,0,0x0C007FC0
1777170526.378,156275,3,1,CDH,255,BROADCAST,0,HEARTBEAT,48,HEARTBEAT,0,0,0,0,0,0,0x0C007FC0
1777170527.376,157273,3,1,CDH,255,BROADCAST,0,HEARTBEAT,48,HEARTBEAT,0,0,0,0,0,0,0x0C007FC0
1777170528.375,158271,3,1,CDH,255,BROADCAST,0,HEARTBEAT,48,HEARTBEAT,0,0,0,0,0,0,0x0C007FC0
1777170529.384,159269,3,1,CDH,255,BROADCAST,0,HEARTBEAT,48,HEARTBEAT,0,0,0,0,0,0,0x0C007FC0
1777170530.370,160267,3,1,CDH,255,BROADCAST,0,HEARTBEAT,48,HEARTBEAT,0,0,0,0,0,0,0x0C007FC0
1777170531.368,161265,3,1,CDH,255,BROADCAST,0,HEARTBEAT,48,HEARTBEAT,0,0,0,0,0,0,0x0C007FC0
1777170532.366,162262,3,1,CDH,255,BROADCAST,0,HEARTBEAT,48,HEARTBEAT,0,0,0,0,0,0,0x0C007FC0
1777170533.389,163260,3,1,CDH,255,BROADCAST,0,HEARTBEAT,48,HEARTBEAT,0,0,0,0,0,0,0x0C007FC0
1777170534.361,164258,3,1,CDH,255,BROADCAST,0,HEARTBEAT,48,HEARTBEAT,0,0,0,0,0,0,0x0C007FC0
1777170535.360,165256,3,1,CDH,255,BROADCAST,0,HEARTBEAT,48,HEARTBEAT,0,0,0,0,0,0,0x0C007FC0
1777170536.358,166254,3,1,CDH,255,BROADCAST,0,HEARTBEAT,48,HEARTBEAT,0,0,0,0,0,0,0x0C007FC0
1777170537.383,167252,3,1,CDH,255,BROADCAST,0,HEARTBEAT,48,HEARTBEAT,0,0,0,0,0,0,0x0C007FC0
1777170538.354,168250,3,1,CDH,255,BROADCAST,0,HEARTBEAT,48,HEARTBEAT,0,0,0,0,0,0,0x0C007FC0
1777170539.356,169248,3,1,CDH,255,BROADCAST,0,HEARTBEAT,48,HEARTBEAT,0,0,0,0,0,0,0x0C007FC0
1777170540.351,170246,3,1,CDH,255,BROADCAST,0,HEARTBEAT,48,HEARTBEAT,0,0,0,0,0,0,0x0C007FC0
1777170541.369,171244,3,1,CDH,255,BROADCAST,0,HEARTBEAT,48,HEARTBEAT,0,0,0,0,0,0,0x0C007FC0
1777170542.346,172243,3,1,CDH,255,BROADCAST,0,HEARTBEAT,48,HEARTBEAT,0,0,0,0,0,0,0x0C007FC0
1777170543.346,173242,3,1,CDH,255,BROADCAST,0,HEARTBEAT,48,HEARTBEAT,0,0,0,0,0,0,0x0C007FC0
1777170544.345,174240,3,1,CDH,255,BROADCAST,0,HEARTBEAT,48,HEARTBEAT,0,0,0,0,0,0,0x0C007FC0
1777170545.369,175238,3,1,CDH,255,BROADCAST,0,HEARTBEAT,48,HEARTBEAT,0,0,0,0,0,0,0x0C007FC0
1777170546.340,176236,3,1,CDH,255,BROADCAST,0,HEARTBEAT,48,HEARTBEAT,0,0,0,0,0,0,0x0C007FC0
1777170547.338,177234,3,1,CDH,255,BROADCAST,0,HEARTBEAT,48,HEARTBEAT,0,0,0,0,0,0,0x0C007FC0
1777170548.337,178232,3,1,CDH,255,BROADCAST,0,HEARTBEAT,48,HEARTBEAT,0,0,0,0,0,0,0x0C007FC0
1777170549.354,179230,3,1,CDH,255,BROADCAST,0,HEARTBEAT,48,HEARTBEAT,0,0,0,0,0,0,0x0C007FC0
1777170550.331,180228,3,1,CDH,255,BROADCAST,0,HEARTBEAT,48,HEARTBEAT,0,0,0,0,0,0,0x0C007FC0
1777170551.330,181226,3,1,CDH,255,BROADCAST,0,HEARTBEAT,48,HEARTBEAT,0,0,0,0,0,0,0x0C007FC0
1777170552.330,182223,3,1,CDH,255,BROADCAST,0,HEARTBEAT,48,HEARTBEAT,0,0,0,0,0,0,0x0C007FC0
1777170553.354,183222,3,1,CDH,255,BROADCAST,0,HEARTBEAT,48,HEARTBEAT,0,0,0,0,0,0,0x0C007FC0
1777170554.323,184219,3,1,CDH,255,BROADCAST,0,HEARTBEAT,48,HEARTBEAT,0,0,0,0,0,0,0x0C007FC0
1777170555.322,185217,3,1,CDH,255,BROADCAST,0,HEARTBEAT,48,HEARTBEAT,0,0,0,0,0,0,0x0C007FC0
1777170556.320,186215,3,1,CDH,255,BROADCAST,0,HEARTBEAT,48,HEARTBEAT,0,0,0,0,0,0,0x0C007FC0
1777170557.352,187213,3,1,CDH,255,BROADCAST,0,HEARTBEAT,48,HEARTBEAT,0,0,0,0,0,0,0x0C007FC0
1777170558.315,188211,3,1,CDH,255,BROADCAST,0,HEARTBEAT,48,HEARTBEAT,0,0,0,0,0,0,0x0C007FC0
1777170559.313,189209,3,1,CDH,255,BROADCAST,0,HEARTBEAT,48,HEARTBEAT,0,0,0,0,0,0,0x0C007FC0
1777170560.311,190207,3,1,CDH,255,BROADCAST,0,HEARTBEAT,48,HEARTBEAT,0,0,0,0,0,0,0x0C007FC0
1777170561.334,191205,3,1,CDH,255,BROADCAST,0,HEARTBEAT,48,HEARTBEAT,0,0,0,0,0,0,0x0C007FC0
1777170562.307,192203,3,1,CDH,255,BROADCAST,0,HEARTBEAT,48,HEARTBEAT,0,0,0,0,0,0,0x0C007FC0
1777170563.305,193201,3,1,CDH,255,BROADCAST,0,HEARTBEAT,48,HEARTBEAT,0,0,0,0,0,0,0x0C007FC0
1777170564.316,194199,3,1,CDH,255,BROADCAST,0,HEARTBEAT,48,HEARTBEAT,0,0,0,0,0,0,0x0C007FC0
1777170565.338,195197,3,1,CDH,255,BROADCAST,0,HEARTBEAT,48,HEARTBEAT,0,0,0,0,0,0,0x0C007FC0
1777170566.299,196195,3,1,CDH,255,BROADCAST,0,HEARTBEAT,48,HEARTBEAT,0,0,0,0,0,0,0x0C007FC0
1777170567.297,197193,3,1,CDH,255,BROADCAST,0,HEARTBEAT,48,HEARTBEAT,0,0,0,0,0,0,0x0C007FC0
1777170568.300,198191,3,1,CDH,255,BROADCAST,0,HEARTBEAT,48,HEARTBEAT,0,0,0,0,0,0,0x0C007FC0
1777170569.294,199188,3,1,CDH,255,BROADCAST,0,HEARTBEAT,48,HEARTBEAT,0,0,0,0,0,0,0x0C007FC0
1777170570.291,200186,3,1,CDH,255,BROADCAST,0,HEARTBEAT,48,HEARTBEAT,0,0,0,0,0,0,0x0C007FC0
1777170571.290,201184,3,1,CDH,255,BROADCAST,0,HEARTBEAT,48,HEARTBEAT,0,0,0,0,0,0,0x0C007FC0
1777170572.298,202182,3,1,CDH,255,BROADCAST,0,HEARTBEAT,48,HEARTBEAT,0,0,0,0,0,0,0x0C007FC0
1777170573.284,203180,3,1,CDH,255,BROADCAST,0,HEARTBEAT,48,HEARTBEAT,0,0,0,0,0,0,0x0C007FC0
1777170574.285,204178,3,1,CDH,255,BROADCAST,0,HEARTBEAT,48,HEARTBEAT,0,0,0,0,0,0,0x0C007FC0
1777170575.285,205176,3,1,CDH,255,BROADCAST,0,HEARTBEAT,48,HEARTBEAT,0,0,0,0,0,0,0x0C007FC0
1777170576.306,206175,3,1,CDH,255,BROADCAST,0,HEARTBEAT,48,HEARTBEAT,0,0,0,0,0,0,0x0C007FC0
1777170577.278,207173,3,1,CDH,255,BROADCAST,0,HEARTBEAT,48,HEARTBEAT,0,0,0,0,0,0,0x0C007FC0
1777170578.276,208172,3,1,CDH,255,BROADCAST,0,HEARTBEAT,48,HEARTBEAT,0,0,0,0,0,0,0x0C007FC0
1777170579.287,209170,3,1,CDH,255,BROADCAST,0,HEARTBEAT,48,HEARTBEAT,0,0,0,0,0,0,0x0C007FC0
1777170580.303,210167,3,1,CDH,255,BROADCAST,0,HEARTBEAT,48,HEARTBEAT,0,0,0,0,0,0,0x0C007FC0
1777170581.270,211165,3,1,CDH,255,BROADCAST,0,HEARTBEAT,48,HEARTBEAT,0,0,0,0,0,0,0x0C007FC0
1777170582.268,212163,3,1,CDH,255,BROADCAST,0,HEARTBEAT,48,HEARTBEAT,0,0,0,0,0,0,0x0C007FC0
1777170583.274,213161,3,1,CDH,255,BROADCAST,0,HEARTBEAT,48,HEARTBEAT,0,0,0,0,0,0,0x0C007FC0
1777170584.305,214159,3,1,CDH,255,BROADCAST,0,HEARTBEAT,48,HEARTBEAT,0,0,0,0,0,0,0x0C007FC0
1777170585.261,215157,3,1,CDH,255,BROADCAST,0,HEARTBEAT,48,HEARTBEAT,0,0,0,0,0,0,0x0C007FC0
1777170586.260,216155,3,1,CDH,255,BROADCAST,0,HEARTBEAT,48,HEARTBEAT,0,0,0,0,0,0,0x0C007FC0
1777170587.272,217153,3,1,CDH,255,BROADCAST,0,HEARTBEAT,48,HEARTBEAT,0,0,0,0,0,0,0x0C007FC0
1777170588.285,218151,3,1,CDH,255,BROADCAST,0,HEARTBEAT,48,HEARTBEAT,0,0,0,0,0,0,0x0C007FC0
1777170589.253,219149,3,1,CDH,255,BROADCAST,0,HEARTBEAT,48,HEARTBEAT,0,0,0,0,0,0,0x0C007FC0
1777170590.251,220147,3,1,CDH,255,BROADCAST,0,HEARTBEAT,48,HEARTBEAT,0,0,0,0,0,0,0x0C007FC0
1777170591.253,221145,3,1,CDH,255,BROADCAST,0,HEARTBEAT,48,HEARTBEAT,0,0,0,0,0,0,0x0C007FC0
1777170592.274,222143,3,1,CDH,255,BROADCAST,0,HEARTBEAT,48,HEARTBEAT,0,0,0,0,0,0,0x0C007FC0
1777170593.245,223141,3,1,CDH,255,BROADCAST,0,HEARTBEAT,48,HEARTBEAT,0,0,0,0,0,0,0x0C007FC0
1777170594.243,224138,3,1,CDH,255,BROADCAST,0,HEARTBEAT,48,HEARTBEAT,0,0,0,0,0,0,0x0C007FC0
1777170595.254,225136,3,1,CDH,255,BROADCAST,0,HEARTBEAT,48,HEARTBEAT,0,0,0,0,0,0,0x0C007FC0
1777170596.276,226134,3,1,CDH,255,BROADCAST,0,HEARTBEAT,48,HEARTBEAT,0,0,0,0,0,0,0x0C007FC0
1777170597.236,227132,3,1,CDH,255,BROADCAST,0,HEARTBEAT,48,HEARTBEAT,0,0,0,0,0,0,0x0C007FC0
1777170598.235,228130,3,1,CDH,255,BROADCAST,0,HEARTBEAT,48,HEARTBEAT,0,0,0,0,0,0,0x0C007FC0
1777170599.237,229128,3,1,CDH,255,BROADCAST,0,HEARTBEAT,48,HEARTBEAT,0,0,0,0,0,0,0x0C007FC0
1777170600.270,230126,3,1,CDH,255,BROADCAST,0,HEARTBEAT,48,HEARTBEAT,0,0,0,0,0,0,0x0C007FC0
1777170601.228,231124,3,1,CDH,255,BROADCAST,0,HEARTBEAT,48,HEARTBEAT,0,0,0,0,0,0,0x0C007FC0
1777170602.226,232122,3,1,CDH,255,BROADCAST,0,HEARTBEAT,48,HEARTBEAT,0,0,0,0,0,0,0x0C007FC0
1777170603.227,233119,3,1,CDH,255,BROADCAST,0,HEARTBEAT,48,HEARTBEAT,0,0,0,0,0,0,0x0C007FC0
1777170604.264,234117,3,1,CDH,255,BROADCAST,0,HEARTBEAT,48,HEARTBEAT,0,0,0,0,0,0,0x0C007FC0
1777170605.220,235115,3,1,CDH,255,BROADCAST,0,HEARTBEAT,48,HEARTBEAT,0,0,0,0,0,0,0x0C007FC0
1777170606.218,236113,3,1,CDH,255,BROADCAST,0,HEARTBEAT,48,HEARTBEAT,0,0,0,0,0,0,0x0C007FC0
1777170607.220,237111,3,1,CDH,255,BROADCAST,0,HEARTBEAT,48,HEARTBEAT,0,0,0,0,0,0,0x0C007FC0
1777170608.259,238109,3,1,CDH,255,BROADCAST,0,HEARTBEAT,48,HEARTBEAT,0,0,0,0,0,0,0x0C007FC0
1777170609.212,239106,3,1,CDH,255,BROADCAST,0,HEARTBEAT,48,HEARTBEAT,0,0,0,0,0,0,0x0C007FC0
1777170610.210,240105,3,1,CDH,255,BROADCAST,0,HEARTBEAT,48,HEARTBEAT,0,0,0,0,0,0,0x0C007FC0
1777170611.227,241103,3,1,CDH,255,BROADCAST,0,HEARTBEAT,48,HEARTBEAT,0,0,0,0,0,0,0x0C007FC0
1777170612.240,242101,3,1,CDH,255,BROADCAST,0,HEARTBEAT,48,HEARTBEAT,0,0,0,0,0,0,0x0C007FC0
1777170613.203,243099,3,1,CDH,255,BROADCAST,0,HEARTBEAT,48,HEARTBEAT,0,0,0,0,0,0,0x0C007FC0
1777170614.201,244097,3,1,CDH,255,BROADCAST,0,HEARTBEAT,48,HEARTBEAT,0,0,0,0,0,0,0x0C007FC0
1777170615.225,245095,3,1,CDH,255,BROADCAST,0,HEARTBEAT,48,HEARTBEAT,0,0,0,0,0,0,0x0C007FC0
1777170616.235,246093,3,1,CDH,255,BROADCAST,0,HEARTBEAT,48,HEARTBEAT,0,0,0,0,0,0,0x0C007FC0
1777170617.196,247091,3,1,CDH,255,BROADCAST,0,HEARTBEAT,48,HEARTBEAT,0,0,0,0,0,0,0x0C007FC0
1777170618.193,248089,3,1,CDH,255,BROADCAST,0,HEARTBEAT,48,HEARTBEAT,0,0,0,0,0,0,0x0C007FC0
1777170619.208,249087,3,1,CDH,255,BROADCAST,0,HEARTBEAT,48,HEARTBEAT,0,0,0,0,0,0,0x0C007FC0
1777170620.240,250084,3,1,CDH,255,BROADCAST,0,HEARTBEAT,48,HEARTBEAT,0,0,0,0,0,0,0x0C007FC0
1777170621.187,251082,3,1,CDH,255,BROADCAST,0,HEARTBEAT,48,HEARTBEAT,0,0,0,0,0,0,0x0C007FC0
1777170622.186,252080,3,1,CDH,255,BROADCAST,0,HEARTBEAT,48,HEARTBEAT,0,0,0,0,0,0,0x0C007FC0
1777170623.204,253078,3,1,CDH,255,BROADCAST,0,HEARTBEAT,48,HEARTBEAT,0,0,0,0,0,0,0x0C007FC0
1777170624.223,254076,3,1,CDH,255,BROADCAST,0,HEARTBEAT,48,HEARTBEAT,0,0,0,0,0,0,0x0C007FC0
1777170625.179,255074,3,1,CDH,255,BROADCAST,0,HEARTBEAT,48,HEARTBEAT,0,0,0,0,0,0,0x0C007FC0
1777170626.177,256072,3,1,CDH,255,BROADCAST,0,HEARTBEAT,48,HEARTBEAT,0,0,0,0,0,0,0x0C007FC0
1777170627.185,257070,3,1,CDH,255,BROADCAST,0,HEARTBEAT,48,HEARTBEAT,0,0,0,0,0,0,0x0C007FC0
1777170628.173,258068,3,1,CDH,255,BROADCAST,0,HEARTBEAT,48,HEARTBEAT,0,0,0,0,0,0,0x0C007FC0
1777170629.171,259066,3,1,CDH,255,BROADCAST,0,HEARTBEAT,48,HEARTBEAT,0,0,0,0,0,0,0x0C007FC0
1777170630.169,260064,3,1,CDH,255,BROADCAST,0,HEARTBEAT,48,HEARTBEAT,0,0,0,0,0,0,0x0C007FC0
1777170631.181,261062,3,1,CDH,255,BROADCAST,0,HEARTBEAT,48,HEARTBEAT,0,0,0,0,0,0,0x0C007FC0
1777170632.164,262060,3,1,CDH,255,BROADCAST,0,HEARTBEAT,48,HEARTBEAT,0,0,0,0,0,0,0x0C007FC0
1777170633.163,263057,3,1,CDH,255,BROADCAST,0,HEARTBEAT,48,HEARTBEAT,0,0,0,0,0,0,0x0C007FC0
1777170634.160,264055,3,1,CDH,255,BROADCAST,0,HEARTBEAT,48,HEARTBEAT,0,0,0,0,0,0,0x0C007FC0
1777170635.187,265053,3,1,CDH,255,BROADCAST,0,HEARTBEAT,48,HEARTBEAT,0,0,0,0,0,0,0x0C007FC0
1777170636.157,266051,3,1,CDH,255,BROADCAST,0,HEARTBEAT,48,HEARTBEAT,0,0,0,0,0,0,0x0C007FC0
1777170637.155,267049,3,1,CDH,255,BROADCAST,0,HEARTBEAT,48,HEARTBEAT,0,0,0,0,0,0,0x0C007FC0
1777170638.158,268047,3,1,CDH,255,BROADCAST,0,HEARTBEAT,48,HEARTBEAT,0,0,0,0,0,0,0x0C007FC0
1777170639.183,269045,3,1,CDH,255,BROADCAST,0,HEARTBEAT,48,HEARTBEAT,0,0,0,0,0,0,0x0C007FC0
1777170640.148,270043,3,1,CDH,255,BROADCAST,0,HEARTBEAT,48,HEARTBEAT,0,0,0,0,0,0,0x0C007FC0
1777170641.146,271041,3,1,CDH,255,BROADCAST,0,HEARTBEAT,48,HEARTBEAT,0,0,0,0,0,0,0x0C007FC0
1777170642.155,272039,3,1,CDH,255,BROADCAST,0,HEARTBEAT,48,HEARTBEAT,0,0,0,0,0,0,0x0C007FC0
1777170643.175,273037,3,1,CDH,255,BROADCAST,0,HEARTBEAT,48,HEARTBEAT,0,0,0,0,0,0,0x0C007FC0
1777170644.141,274035,3,1,CDH,255,BROADCAST,0,HEARTBEAT,48,HEARTBEAT,0,0,0,0,0,0,0x0C007FC0
1777170645.140,275033,3,1,CDH,255,BROADCAST,0,HEARTBEAT,48,HEARTBEAT,0,0,0,0,0,0,0x0C007FC0
1777170646.138,276031,3,1,CDH,255,BROADCAST,0,HEARTBEAT,48,HEARTBEAT,0,0,0,0,0,0,0x0C007FC0
1777170647.173,277029,3,1,CDH,255,BROADCAST,0,HEARTBEAT,48,HEARTBEAT,0,0,0,0,0,0,0x0C007FC0
1777170648.133,278027,3,1,CDH,255,BROADCAST,0,HEARTBEAT,48,HEARTBEAT,0,0,0,0,0,0,0x0C007FC0
1777170649.131,279025,3,1,CDH,255,BROADCAST,0,HEARTBEAT,48,HEARTBEAT,0,0,0,0,0,0,0x0C007FC0
1777170650.137,280023,3,1,CDH,255,BROADCAST,0,HEARTBEAT,48,HEARTBEAT,0,0,0,0,0,0,0x0C007FC0
1777170651.163,281021,3,1,CDH,255,BROADCAST,0,HEARTBEAT,48,HEARTBEAT,0,0,0,0,0,0,0x0C007FC0
1777170652.124,282019,3,1,CDH,255,BROADCAST,0,HEARTBEAT,48,HEARTBEAT,0,0,0,0,0,0,0x0C007FC0
1777170653.122,283017,3,1,CDH,255,BROADCAST,0,HEARTBEAT,48,HEARTBEAT,0,0,0,0,0,0,0x0C007FC0
1777170654.136,284015,3,1,CDH,255,BROADCAST,0,HEARTBEAT,48,HEARTBEAT,0,0,0,0,0,0,0x0C007FC0
1777170655.160,285013,3,1,CDH,255,BROADCAST,0,HEARTBEAT,48,HEARTBEAT,0,0,0,0,0,0,0x0C007FC0
1777170656.117,286011,3,1,CDH,255,BROADCAST,0,HEARTBEAT,48,HEARTBEAT,0,0,0,0,0,0,0x0C007FC0
1777170657.114,287009,3,1,CDH,255,BROADCAST,0,HEARTBEAT,48,HEARTBEAT,0,0,0,0,0,0,0x0C007FC0
1777170658.126,288007,3,1,CDH,255,BROADCAST,0,HEARTBEAT,48,HEARTBEAT,0,0,0,0,0,0,0x0C007FC0
1777170659.156,289005,3,1,CDH,255,BROADCAST,0,HEARTBEAT,48,HEARTBEAT,0,0,0,0,0,0,0x0C007FC0
1777170660.108,290003,3,1,CDH,255,BROADCAST,0,HEARTBEAT,48,HEARTBEAT,0,0,0,0,0,0,0x0C007FC0
1777170661.107,291001,3,1,CDH,255,BROADCAST,0,HEARTBEAT,48,HEARTBEAT,0,0,0,0,0,0,0x0C007FC0
1777170662.118,291999,3,1,CDH,255,BROADCAST,0,HEARTBEAT,48,HEARTBEAT,0,0,0,0,0,0,0x0C007FC0
1777170663.142,292997,3,1,CDH,255,BROADCAST,0,HEARTBEAT,48,HEARTBEAT,0,0,0,0,0,0,0x0C007FC0
1777170664.100,293995,3,1,CDH,255,BROADCAST,0,HEARTBEAT,48,HEARTBEAT,0,0,0,0,0,0,0x0C007FC0
1777170665.098,294993,3,1,CDH,255,BROADCAST,0,HEARTBEAT,48,HEARTBEAT,0,0,0,0,0,0,0x0C007FC0
1777170666.115,295990,3,1,CDH,255,BROADCAST,0,HEARTBEAT,48,HEARTBEAT,0,0,0,0,0,0,0x0C007FC0
1777170667.139,296988,3,1,CDH,255,BROADCAST,0,HEARTBEAT,48,HEARTBEAT,0,0,0,0,0,0,0x0C007FC0
1777170668.092,297986,3,1,CDH,255,BROADCAST,0,HEARTBEAT,48,HEARTBEAT,0,0,0,0,0,0,0x0C007FC0
1777170669.090,298984,3,1,CDH,255,BROADCAST,0,HEARTBEAT,48,HEARTBEAT,0,0,0,0,0,0,0x0C007FC0
1777170670.107,299982,3,1,CDH,255,BROADCAST,0,HEARTBEAT,48,HEARTBEAT,0,0,0,0,0,0,0x0C007FC0
1777170671.124,300980,3,1,CDH,255,BROADCAST,0,HEARTBEAT,48,HEARTBEAT,0,0,0,0,0,0,0x0C007FC0
1777170672.084,301978,3,1,CDH,255,BROADCAST,0,HEARTBEAT,48,HEARTBEAT,0,0,0,0,0,0,0x0C007FC0
1777170673.082,302976,3,1,CDH,255,BROADCAST,0,HEARTBEAT,48,HEARTBEAT,0,0,0,0,0,0,0x0C007FC0
1777170674.092,303974,3,1,CDH,255,BROADCAST,0,HEARTBEAT,48,HEARTBEAT,0,0,0,0,0,0,0x0C007FC0
1777170675.123,304972,3,1,CDH,255,BROADCAST,0,HEARTBEAT,48,HEARTBEAT,0,0,0,0,0,0,0x0C007FC0
1777170676.076,305970,3,1,CDH,255,BROADCAST,0,HEARTBEAT,48,HEARTBEAT,0,0,0,0,0,0,0x0C007FC0
1777170677.074,306968,3,1,CDH,255,BROADCAST,0,HEARTBEAT,48,HEARTBEAT,0,0,0,0,0,0,0x0C007FC0
1777170678.090,307967,3,1,CDH,255,BROADCAST,0,HEARTBEAT,48,HEARTBEAT,0,0,0,0,0,0,0x0C007FC0
1777170679.127,308966,3,1,CDH,255,BROADCAST,0,HEARTBEAT,48,HEARTBEAT,0,0,0,0,0,0,0x0C007FC0
1777170680.070,309964,3,1,CDH,255,BROADCAST,0,HEARTBEAT,48,HEARTBEAT,0,0,0,0,0,0,0x0C007FC0
1777170681.068,310961,3,1,CDH,255,BROADCAST,0,HEARTBEAT,48,HEARTBEAT,0,0,0,0,0,0,0x0C007FC0
1777170682.094,311959,3,1,CDH,255,BROADCAST,0,HEARTBEAT,48,HEARTBEAT,0,0,0,0,0,0,0x0C007FC0
1777170683.109,312957,3,1,CDH,255,BROADCAST,0,HEARTBEAT,48,HEARTBEAT,0,0,0,0,0,0,0x0C007FC0
1777170684.061,313955,3,1,CDH,255,BROADCAST,0,HEARTBEAT,48,HEARTBEAT,0,0,0,0,0,0,0x0C007FC0
1777170685.068,314953,3,1,CDH,255,BROADCAST,0,HEARTBEAT,48,HEARTBEAT,0,0,0,0,0,0,0x0C007FC0
1777170686.091,315951,3,1,CDH,255,BROADCAST,0,HEARTBEAT,48,HEARTBEAT,0,0,0,0,0,0,0x0C007FC0
1777170687.055,316949,3,1,CDH,255,BROADCAST,0,HEARTBEAT,48,HEARTBEAT,0,0,0,0,0,0,0x0C007FC0
1777170688.053,317947,3,1,CDH,255,BROADCAST,0,HEARTBEAT,48,HEARTBEAT,0,0,0,0,0,0,0x0C007FC0
1777170689.057,318945,3,1,CDH,255,BROADCAST,0,HEARTBEAT,48,HEARTBEAT,0,0,0,0,0,0,0x0C007FC0
1777170690.078,319943,3,1,CDH,255,BROADCAST,0,HEARTBEAT,48,HEARTBEAT,0,0,0,0,0,0,0x0C007FC0
1777170691.047,320941,3,1,CDH,255,BROADCAST,0,HEARTBEAT,48,HEARTBEAT,0,0,0,0,0,0,0x0C007FC0
1777170692.045,321939,3,1,CDH,255,BROADCAST,0,HEARTBEAT,48,HEARTBEAT,0,0,0,0,0,0,0x0C007FC0
1777170693.048,322937,3,1,CDH,255,BROADCAST,0,HEARTBEAT,48,HEARTBEAT,0,0,0,0,0,0,0x0C007FC0
1777170694.077,323935,3,1,CDH,255,BROADCAST,0,HEARTBEAT,48,HEARTBEAT,0,0,0,0,0,0,0x0C007FC0
1777170695.039,324933,3,1,CDH,255,BROADCAST,0,HEARTBEAT,48,HEARTBEAT,0,0,0,0,0,0,0x0C007FC0
1777170696.037,325931,3,1,CDH,255,BROADCAST,0,HEARTBEAT,48,HEARTBEAT,0,0,0,0,0,0,0x0C007FC0
1777170697.046,326929,3,1,CDH,255,BROADCAST,0,HEARTBEAT,48,HEARTBEAT,0,0,0,0,0,0,0x0C007FC0
1777170698.076,327927,3,1,CDH,255,BROADCAST,0,HEARTBEAT,48,HEARTBEAT,0,0,0,0,0,0,0x0C007FC0
1777170699.031,328924,3,1,CDH,255,BROADCAST,0,HEARTBEAT,48,HEARTBEAT,0,0,0,0,0,0,0x0C007FC0
1777170700.030,329922,3,1,CDH,255,BROADCAST,0,HEARTBEAT,48,HEARTBEAT,0,0,0,0,0,0,0x0C007FC0
1777170701.039,330920,3,1,CDH,255,BROADCAST,0,HEARTBEAT,48,HEARTBEAT,0,0,0,0,0,0,0x0C007FC0
1777170702.058,331918,3,1,CDH,255,BROADCAST,0,HEARTBEAT,48,HEARTBEAT,0,0,0,0,0,0,0x0C007FC0
1777170703.023,332916,3,1,CDH,255,BROADCAST,0,HEARTBEAT,48,HEARTBEAT,0,0,0,0,0,0,0x0C007FC0
1777170704.020,333914,3,1,CDH,255,BROADCAST,0,HEARTBEAT,48,HEARTBEAT,0,0,0,0,0,0,0x0C007FC0
1777170705.031,334912,3,1,CDH,255,BROADCAST,0,HEARTBEAT,48,HEARTBEAT,0,0,0,0,0,0,0x0C007FC0
1777170706.059,335910,3,1,CDH,255,BROADCAST,0,HEARTBEAT,48,HEARTBEAT,0,0,0,0,0,0,0x0C007FC0
1777170707.014,336908,3,1,CDH,255,BROADCAST,0,HEARTBEAT,48,HEARTBEAT,0,0,0,0,0,0,0x0C007FC0
1777170708.012,337906,3,1,CDH,255,BROADCAST,0,HEARTBEAT,48,HEARTBEAT,0,0,0,0,0,0,0x0C007FC0
1777170709.029,338904,3,1,CDH,255,BROADCAST,0,HEARTBEAT,48,HEARTBEAT,0,0,0,0,0,0,0x0C007FC0
1777170710.042,339902,3,1,CDH,255,BROADCAST,0,HEARTBEAT,48,HEARTBEAT,0,0,0,0,0,0,0x0C007FC0
1777170711.006,340900,3,1,CDH,255,BROADCAST,0,HEARTBEAT,48,HEARTBEAT,0,0,0,0,0,0,0x0C007FC0
1777170712.005,341898,3,1,CDH,255,BROADCAST,0,HEARTBEAT,48,HEARTBEAT,0,0,0,0,0,0,0x0C007FC0
1777170713.027,342896,3,1,CDH,255,BROADCAST,0,HEARTBEAT,48,HEARTBEAT,0,0,0,0,0,0,0x0C007FC0
1777170714.048,343894,3,1,CDH,255,BROADCAST,0,HEARTBEAT,48,HEARTBEAT,0,0,0,0,0,0,0x0C007FC0
1777170714.998,344892,3,1,CDH,255,BROADCAST,0,HEARTBEAT,48,HEARTBEAT,0,0,0,0,0,0,0x0C007FC0
1777170715.997,345890,3,1,CDH,255,BROADCAST,0,HEARTBEAT,48,HEARTBEAT,0,0,0,0,0,0,0x0C007FC0
1777170717.008,346888,3,1,CDH,255,BROADCAST,0,HEARTBEAT,48,HEARTBEAT,0,0,0,0,0,0,0x0C007FC0
1777170718.041,347885,3,1,CDH,255,BROADCAST,0,HEARTBEAT,48,HEARTBEAT,0,0,0,0,0,0,0x0C007FC0
1777170718.990,348883,3,1,CDH,255,BROADCAST,0,HEARTBEAT,48,HEARTBEAT,0,0,0,0,0,0,0x0C007FC0
1777170719.987,349881,3,1,CDH,255,BROADCAST,0,HEARTBEAT,48,HEARTBEAT,0,0,0,0,0,0,0x0C007FC0
1777170721.002,350879,3,1,CDH,255,BROADCAST,0,HEARTBEAT,48,HEARTBEAT,0,0,0,0,0,0,0x0C007FC0
1777170722.023,351877,3,1,CDH,255,BROADCAST,0,HEARTBEAT,48,HEARTBEAT,0,0,0,0,0,0,0x0C007FC0
1777170722.982,352875,3,1,CDH,255,BROADCAST,0,HEARTBEAT,48,HEARTBEAT,0,0,0,0,0,0,0x0C007FC0
1777170723.980,353873,3,1,CDH,255,BROADCAST,0,HEARTBEAT,48,HEARTBEAT,0,0,0,0,0,0,0x0C007FC0
1777170725.005,354871,3,1,CDH,255,BROADCAST,0,HEARTBEAT,48,HEARTBEAT,0,0,0,0,0,0,0x0C007FC0
1777170726.026,355868,3,1,CDH,255,BROADCAST,0,HEARTBEAT,48,HEARTBEAT,0,0,0,0,0,0,0x0C007FC0
1777170726.973,356866,3,1,CDH,255,BROADCAST,0,HEARTBEAT,48,HEARTBEAT,0,0,0,0,0,0,0x0C007FC0
1777170727.974,357864,3,1,CDH,255,BROADCAST,0,HEARTBEAT,48,HEARTBEAT,0,0,0,0,0,0,0x0C007FC0
1777170728.993,358862,3,1,CDH,255,BROADCAST,0,HEARTBEAT,48,HEARTBEAT,0,0,0,0,0,0,0x0C007FC0
1777170730.024,359860,3,1,CDH,255,BROADCAST,0,HEARTBEAT,48,HEARTBEAT,0,0,0,0,0,0,0x0C007FC0
1777170730.964,360858,3,1,CDH,255,BROADCAST,0,HEARTBEAT,48,HEARTBEAT,0,0,0,0,0,0,0x0C007FC0
1777170731.962,361855,3,1,CDH,255,BROADCAST,0,HEARTBEAT,48,HEARTBEAT,0,0,0,0,0,0,0x0C007FC0
1777170732.991,362853,3,1,CDH,255,BROADCAST,0,HEARTBEAT,48,HEARTBEAT,0,0,0,0,0,0,0x0C007FC0
1777170734.010,363851,3,1,CDH,255,BROADCAST,0,HEARTBEAT,48,HEARTBEAT,0,0,0,0,0,0,0x0C007FC0
1777170734.956,364849,3,1,CDH,255,BROADCAST,0,HEARTBEAT,48,HEARTBEAT,0,0,0,0,0,0,0x0C007FC0
1777170735.954,365847,3,1,CDH,255,BROADCAST,0,HEARTBEAT,48,HEARTBEAT,0,0,0,0,0,0,0x0C007FC0
1777170736.970,366844,3,1,CDH,255,BROADCAST,0,HEARTBEAT,48,HEARTBEAT,0,0,0,0,0,0,0x0C007FC0
1777170737.950,367842,3,1,CDH,255,BROADCAST,0,HEARTBEAT,48,HEARTBEAT,0,0,0,0,0,0,0x0C007FC0
1777170738.949,368840,3,1,CDH,255,BROADCAST,0,HEARTBEAT,48,HEARTBEAT,0,0,0,0,0,0,0x0C007FC0
1777170739.946,369838,3,1,CDH,255,BROADCAST,0,HEARTBEAT,48,HEARTBEAT,0,0,0,0,0,0,0x0C007FC0
1777170740.965,370836,3,1,CDH,255,BROADCAST,0,HEARTBEAT,48,HEARTBEAT,0,0,0,0,0,0,0x0C007FC0
1777170741.940,371834,3,1,CDH,255,BROADCAST,0,HEARTBEAT,48,HEARTBEAT,0,0,0,0,0,0,0x0C007FC0
1777170742.939,372832,3,1,CDH,255,BROADCAST,0,HEARTBEAT,48,HEARTBEAT,0,0,0,0,0,0,0x0C007FC0
1777170743.940,373829,3,1,CDH,255,BROADCAST,0,HEARTBEAT,48,HEARTBEAT,0,0,0,0,0,0,0x0C007FC0
1777170744.972,374827,3,1,CDH,255,BROADCAST,0,HEARTBEAT,48,HEARTBEAT,0,0,0,0,0,0,0x0C007FC0
1777170745.932,375825,3,1,CDH,255,BROADCAST,0,HEARTBEAT,48,HEARTBEAT,0,0,0,0,0,0,0x0C007FC0
1777170746.932,376824,3,1,CDH,255,BROADCAST,0,HEARTBEAT,48,HEARTBEAT,0,0,0,0,0,0,0x0C007FC0
1777170747.936,377823,3,1,CDH,255,BROADCAST,0,HEARTBEAT,48,HEARTBEAT,0,0,0,0,0,0,0x0C007FC0
1777170748.954,378821,3,1,CDH,255,BROADCAST,0,HEARTBEAT,48,HEARTBEAT,0,0,0,0,0,0,0x0C007FC0
1777170749.925,379818,3,1,CDH,255,BROADCAST,0,HEARTBEAT,48,HEARTBEAT,0,0,0,0,0,0,0x0C007FC0
1777170750.926,380816,3,1,CDH,255,BROADCAST,0,HEARTBEAT,48,HEARTBEAT,0,0,0,0,0,0,0x0C007FC0
1777170751.933,381814,3,1,CDH,255,BROADCAST,0,HEARTBEAT,48,HEARTBEAT,0,0,0,0,0,0,0x0C007FC0
1777170752.950,382812,3,1,CDH,255,BROADCAST,0,HEARTBEAT,48,HEARTBEAT,0,0,0,0,0,0,0x0C007FC0
1777170753.922,383810,3,1,CDH,255,BROADCAST,0,HEARTBEAT,48,HEARTBEAT,0,0,0,0,0,0,0x0C007FC0
1777170754.915,384808,3,1,CDH,255,BROADCAST,0,HEARTBEAT,48,HEARTBEAT,0,0,0,0,0,0,0x0C007FC0
1777170755.920,385806,3,1,CDH,255,BROADCAST,0,HEARTBEAT,48,HEARTBEAT,0,0,0,0,0,0,0x0C007FC0
1777170756.946,386804,3,1,CDH,255,BROADCAST,0,HEARTBEAT,48,HEARTBEAT,0,0,0,0,0,0,0x0C007FC0
1777170757.911,387802,3,1,CDH,255,BROADCAST,0,HEARTBEAT,48,HEARTBEAT,0,0,0,0,0,0,0x0C007FC0
1777170758.907,388799,3,1,CDH,255,BROADCAST,0,HEARTBEAT,48,HEARTBEAT,0,0,0,0,0,0,0x0C007FC0
1777170759.905,389797,3,1,CDH,255,BROADCAST,0,HEARTBEAT,48,HEARTBEAT,0,0,0,0,0,0,0x0C007FC0
1777170760.939,390795,3,1,CDH,255,BROADCAST,0,HEARTBEAT,48,HEARTBEAT,0,0,0,0,0,0,0x0C007FC0
1777170761.900,391793,3,1,CDH,255,BROADCAST,0,HEARTBEAT,48,HEARTBEAT,0,0,0,0,0,0,0x0C007FC0
1777170762.898,392791,3,1,CDH,255,BROADCAST,0,HEARTBEAT,48,HEARTBEAT,0,0,0,0,0,0,0x0C007FC0
1777170763.905,393789,3,1,CDH,255,BROADCAST,0,HEARTBEAT,48,HEARTBEAT,0,0,0,0,0,0,0x0C007FC0
1777170764.928,394787,3,1,CDH,255,BROADCAST,0,HEARTBEAT,48,HEARTBEAT,0,0,0,0,0,0,0x0C007FC0
1777170765.892,395785,3,1,CDH,255,BROADCAST,0,HEARTBEAT,48,HEARTBEAT,0,0,0,0,0,0,0x0C007FC0
1777170766.891,396783,3,1,CDH,255,BROADCAST,0,HEARTBEAT,48,HEARTBEAT,0,0,0,0,0,0,0x0C007FC0
1777170767.903,397780,3,1,CDH,255,BROADCAST,0,HEARTBEAT,48,HEARTBEAT,0,0,0,0,0,0,0x0C007FC0
1777170768.926,398778,3,1,CDH,255,BROADCAST,0,HEARTBEAT,48,HEARTBEAT,0,0,0,0,0,0,0x0C007FC0
1777170769.884,399776,3,1,CDH,255,BROADCAST,0,HEARTBEAT,48,HEARTBEAT,0,0,0,0,0,0,0x0C007FC0
1777170770.881,400774,3,1,CDH,255,BROADCAST,0,HEARTBEAT,48,HEARTBEAT,0,0,0,0,0,0,0x0C007FC0
1777170771.890,401772,3,1,CDH,255,BROADCAST,0,HEARTBEAT,48,HEARTBEAT,0,0,0,0,0,0,0x0C007FC0
1777170772.920,402770,3,1,CDH,255,BROADCAST,0,HEARTBEAT,48,HEARTBEAT,0,0,0,0,0,0,0x0C007FC0
1777170773.876,403768,3,1,CDH,255,BROADCAST,0,HEARTBEAT,48,HEARTBEAT,0,0,0,0,0,0,0x0C007FC0
1777170774.873,404766,3,1,CDH,255,BROADCAST,0,HEARTBEAT,48,HEARTBEAT,0,0,0,0,0,0,0x0C007FC0
1777170775.881,405763,3,1,CDH,255,BROADCAST,0,HEARTBEAT,48,HEARTBEAT,0,0,0,0,0,0,0x0C007FC0
1777170776.900,406761,3,1,CDH,255,BROADCAST,0,HEARTBEAT,48,HEARTBEAT,0,0,0,0,0,0,0x0C007FC0
1777170777.870,407759,3,1,CDH,255,BROADCAST,0,HEARTBEAT,48,HEARTBEAT,0,0,0,0,0,0,0x0C007FC0
1777170778.866,408758,3,1,CDH,255,BROADCAST,0,HEARTBEAT,48,HEARTBEAT,0,0,0,0,0,0,0x0C007FC0
1777170779.888,409756,3,1,CDH,255,BROADCAST,0,HEARTBEAT,48,HEARTBEAT,0,0,0,0,0,0,0x0C007FC0
1777170780.903,410754,3,1,CDH,255,BROADCAST,0,HEARTBEAT,48,HEARTBEAT,0,0,0,0,0,0,0x0C007FC0
1777170781.860,411752,3,1,CDH,255,BROADCAST,0,HEARTBEAT,48,HEARTBEAT,0,0,0,0,0,0,0x0C007FC0
1777170782.858,412750,3,1,CDH,255,BROADCAST,0,HEARTBEAT,48,HEARTBEAT,0,0,0,0,0,0,0x0C007FC0
1777170783.877,413748,3,1,CDH,255,BROADCAST,0,HEARTBEAT,48,HEARTBEAT,0,0,0,0,0,0,0x0C007FC0
1777170784.906,414745,3,1,CDH,255,BROADCAST,0,HEARTBEAT,48,HEARTBEAT,0,0,0,0,0,0,0x0C007FC0
1777170785.851,415743,3,1,CDH,255,BROADCAST,0,HEARTBEAT,48,HEARTBEAT,0,0,0,0,0,0,0x0C007FC0
1777170786.856,416741,3,1,CDH,255,BROADCAST,0,HEARTBEAT,48,HEARTBEAT,0,0,0,0,0,0,0x0C007FC0
1777170787.873,417739,3,1,CDH,255,BROADCAST,0,HEARTBEAT,48,HEARTBEAT,0,0,0,0,0,0,0x0C007FC0
1777170788.845,418737,3,1,CDH,255,BROADCAST,0,HEARTBEAT,48,HEARTBEAT,0,0,0,0,0,0,0x0C007FC0
1777170789.842,419735,3,1,CDH,255,BROADCAST,0,HEARTBEAT,48,HEARTBEAT,0,0,0,0,0,0,0x0C007FC0
1777170790.847,420733,3,1,CDH,255,BROADCAST,0,HEARTBEAT,48,HEARTBEAT,0,0,0,0,0,0,0x0C007FC0
1777170791.867,421730,3,1,CDH,255,BROADCAST,0,HEARTBEAT,48,HEARTBEAT,0,0,0,0,0,0,0x0C007FC0
1777170792.836,422728,3,1,CDH,255,BROADCAST,0,HEARTBEAT,48,HEARTBEAT,0,0,0,0,0,0,0x0C007FC0
1777170793.834,423726,3,1,CDH,255,BROADCAST,0,HEARTBEAT,48,HEARTBEAT,0,0,0,0,0,0,0x0C007FC0
1777170794.840,424724,3,1,CDH,255,BROADCAST,0,HEARTBEAT,48,HEARTBEAT,0,0,0,0,0,0,0x0C007FC0
1777170795.861,425722,3,1,CDH,255,BROADCAST,0,HEARTBEAT,48,HEARTBEAT,0,0,0,0,0,0,0x0C007FC0
1777170796.827,426720,3,1,CDH,255,BROADCAST,0,HEARTBEAT,48,HEARTBEAT,0,0,0,0,0,0,0x0C007FC0
1777170797.826,427717,3,1,CDH,255,BROADCAST,0,HEARTBEAT,48,HEARTBEAT,0,0,0,0,0,0,0x0C007FC0
1777170798.832,428715,3,1,CDH,255,BROADCAST,0,HEARTBEAT,48,HEARTBEAT,0,0,0,0,0,0,0x0C007FC0
1777170799.857,429713,3,1,CDH,255,BROADCAST,0,HEARTBEAT,48,HEARTBEAT,0,0,0,0,0,0,0x0C007FC0
1777170800.819,430711,3,1,CDH,255,BROADCAST,0,HEARTBEAT,48,HEARTBEAT,0,0,0,0,0,0,0x0C007FC0
1777170801.817,431709,3,1,CDH,255,BROADCAST,0,HEARTBEAT,48,HEARTBEAT,0,0,0,0,0,0,0x0C007FC0
1777170802.827,432707,3,1,CDH,255,BROADCAST,0,HEARTBEAT,48,HEARTBEAT,0,0,0,0,0,0,0x0C007FC0
1777170803.857,433705,3,1,CDH,255,BROADCAST,0,HEARTBEAT,48,HEARTBEAT,0,0,0,0,0,0,0x0C007FC0
1777170804.811,434703,3,1,CDH,255,BROADCAST,0,HEARTBEAT,48,HEARTBEAT,0,0,0,0,0,0,0x0C007FC0
1777170805.809,435701,3,1,CDH,255,BROADCAST,0,HEARTBEAT,48,HEARTBEAT,0,0,0,0,0,0,0x0C007FC0
1777170806.807,436699,3,1,CDH,255,BROADCAST,0,HEARTBEAT,48,HEARTBEAT,0,0,0,0,0,0,0x0C007FC0
1777170807.839,437697,3,1,CDH,255,BROADCAST,0,HEARTBEAT,48,HEARTBEAT,0,0,0,0,0,0,0x0C007FC0
1777170808.803,438695,3,1,CDH,255,BROADCAST,0,HEARTBEAT,48,HEARTBEAT,0,0,0,0,0,0,0x0C007FC0
1777170809.801,439693,3,1,CDH,255,BROADCAST,0,HEARTBEAT,48,HEARTBEAT,0,0,0,0,0,0,0x0C007FC0
1777170810.808,440691,3,1,CDH,255,BROADCAST,0,HEARTBEAT,48,HEARTBEAT,0,0,0,0,0,0,0x0C007FC0
1777170811.823,441689,3,1,CDH,255,BROADCAST,0,HEARTBEAT,48,HEARTBEAT,0,0,0,0,0,0,0x0C007FC0
1777170812.795,442687,3,1,CDH,255,BROADCAST,0,HEARTBEAT,48,HEARTBEAT,0,0,0,0,0,0,0x0C007FC0
1777170813.793,443685,3,1,CDH,255,BROADCAST,0,HEARTBEAT,48,HEARTBEAT,0,0,0,0,0,0,0x0C007FC0
1777170814.791,444683,3,1,CDH,255,BROADCAST,0,HEARTBEAT,48,HEARTBEAT,0,0,0,0,0,0,0x0C007FC0
1777170815.825,445681,3,1,CDH,255,BROADCAST,0,HEARTBEAT,48,HEARTBEAT,0,0,0,0,0,0,0x0C007FC0
1777170816.786,446678,3,1,CDH,255,BROADCAST,0,HEARTBEAT,48,HEARTBEAT,0,0,0,0,0,0,0x0C007FC0
1777170817.784,447676,3,1,CDH,255,BROADCAST,0,HEARTBEAT,48,HEARTBEAT,0,0,0,0,0,0,0x0C007FC0
1777170818.795,448674,3,1,CDH,255,BROADCAST,0,HEARTBEAT,48,HEARTBEAT,0,0,0,0,0,0,0x0C007FC0
1777170819.807,449672,3,1,CDH,255,BROADCAST,0,HEARTBEAT,48,HEARTBEAT,0,0,0,0,0,0,0x0C007FC0
1777170820.778,450670,3,1,CDH,255,BROADCAST,0,HEARTBEAT,48,HEARTBEAT,0,0,0,0,0,0,0x0C007FC0
1777170821.776,451667,3,1,CDH,255,BROADCAST,0,HEARTBEAT,48,HEARTBEAT,0,0,0,0,0,0,0x0C007FC0
1777170822.791,452665,3,1,CDH,255,BROADCAST,0,HEARTBEAT,48,HEARTBEAT,0,0,0,0,0,0,0x0C007FC0
1777170823.811,453663,3,1,CDH,255,BROADCAST,0,HEARTBEAT,48,HEARTBEAT,0,0,0,0,0,0,0x0C007FC0
1777170824.769,454661,3,1,CDH,255,BROADCAST,0,HEARTBEAT,48,HEARTBEAT,0,0,0,0,0,0,0x0C007FC0
1777170825.767,455659,3,1,CDH,255,BROADCAST,0,HEARTBEAT,48,HEARTBEAT,0,0,0,0,0,0,0x0C007FC0
1777170826.775,456656,3,1,CDH,255,BROADCAST,0,HEARTBEAT,48,HEARTBEAT,0,0,0,0,0,0,0x0C007FC0
1777170827.806,457654,3,1,CDH,255,BROADCAST,0,HEARTBEAT,48,HEARTBEAT,0,0,0,0,0,0,0x0C007FC0
1777170828.760,458652,3,1,CDH,255,BROADCAST,0,HEARTBEAT,48,HEARTBEAT,0,0,0,0,0,0,0x0C007FC0
1777170829.759,459650,3,1,CDH,255,BROADCAST,0,HEARTBEAT,48,HEARTBEAT,0,0,0,0,0,0,0x0C007FC0
1777170830.775,460648,3,1,CDH,255,BROADCAST,0,HEARTBEAT,48,HEARTBEAT,0,0,0,0,0,0,0x0C007FC0
1777170831.795,461646,3,1,CDH,255,BROADCAST,0,HEARTBEAT,48,HEARTBEAT,0,0,0,0,0,0,0x0C007FC0
1777170832.753,462644,3,1,CDH,255,BROADCAST,0,HEARTBEAT,48,HEARTBEAT,0,0,0,0,0,0,0x0C007FC0
1777170833.750,463641,3,1,CDH,255,BROADCAST,0,HEARTBEAT,48,HEARTBEAT,0,0,0,0,0,0,0x0C007FC0
1777170834.757,464639,3,1,CDH,255,BROADCAST,0,HEARTBEAT,48,HEARTBEAT,0,0,0,0,0,0,0x0C007FC0
1777170835.746,465637,3,1,CDH,255,BROADCAST,0,HEARTBEAT,48,HEARTBEAT,0,0,0,0,0,0,0x0C007FC0
1777170836.744,466635,3,1,CDH,255,BROADCAST,0,HEARTBEAT,48,HEARTBEAT,0,0,0,0,0,0,0x0C007FC0
1777170837.741,467633,3,1,CDH,255,BROADCAST,0,HEARTBEAT,48,HEARTBEAT,0,0,0,0,0,0,0x0C007FC0
1777170838.759,468630,3,1,CDH,255,BROADCAST,0,HEARTBEAT,48,HEARTBEAT,0,0,0,0,0,0,0x0C007FC0
1777170839.741,469628,3,1,CDH,255,BROADCAST,0,HEARTBEAT,48,HEARTBEAT,0,0,0,0,0,0,0x0C007FC0
1777170840.735,470626,3,1,CDH,255,BROADCAST,0,HEARTBEAT,48,HEARTBEAT,0,0,0,0,0,0,0x0C007FC0
1777170841.733,471624,3,1,CDH,255,BROADCAST,0,HEARTBEAT,48,HEARTBEAT,0,0,0,0,0,0,0x0C007FC0
1777170842.757,472622,3,1,CDH,255,BROADCAST,0,HEARTBEAT,48,HEARTBEAT,0,0,0,0,0,0,0x0C007FC0
1777170843.728,473620,3,1,CDH,255,BROADCAST,0,HEARTBEAT,48,HEARTBEAT,0,0,0,0,0,0,0x0C007FC0
1777170844.726,474617,3,1,CDH,255,BROADCAST,0,HEARTBEAT,48,HEARTBEAT,0,0,0,0,0,0,0x0C007FC0
1777170845.726,475615,3,1,CDH,255,BROADCAST,0,HEARTBEAT,48,HEARTBEAT,0,0,0,0,0,0,0x0C007FC0
1777170846.743,476613,3,1,CDH,255,BROADCAST,0,HEARTBEAT,48,HEARTBEAT,0,0,0,0,0,0,0x0C007FC0
1777170847.720,477611,3,1,CDH,255,BROADCAST,0,HEARTBEAT,48,HEARTBEAT,0,0,0,0,0,0,0x0C007FC0
1777170848.718,478609,3,1,CDH,255,BROADCAST,0,HEARTBEAT,48,HEARTBEAT,0,0,0,0,0,0,0x0C007FC0
1777170849.716,479607,3,1,CDH,255,BROADCAST,0,HEARTBEAT,48,HEARTBEAT,0,0,0,0,0,0,0x0C007FC0
1777170850.742,480605,3,1,CDH,255,BROADCAST,0,HEARTBEAT,48,HEARTBEAT,0,0,0,0,0,0,0x0C007FC0
1777170851.712,481603,3,1,CDH,255,BROADCAST,0,HEARTBEAT,48,HEARTBEAT,0,0,0,0,0,0,0x0C007FC0
1777170852.709,482601,3,1,CDH,255,BROADCAST,0,HEARTBEAT,48,HEARTBEAT,0,0,0,0,0,0,0x0C007FC0
1777170853.708,483599,3,1,CDH,255,BROADCAST,0,HEARTBEAT,48,HEARTBEAT,0,0,0,0,0,0,0x0C007FC0
1777170854.724,484596,3,1,CDH,255,BROADCAST,0,HEARTBEAT,48,HEARTBEAT,0,0,0,0,0,0,0x0C007FC0
1777170855.704,485594,3,1,CDH,255,BROADCAST,0,HEARTBEAT,48,HEARTBEAT,0,0,0,0,0,0,0x0C007FC0
1777170856.701,486592,3,1,CDH,255,BROADCAST,0,HEARTBEAT,48,HEARTBEAT,0,0,0,0,0,0,0x0C007FC0
1777170857.708,487590,3,1,CDH,255,BROADCAST,0,HEARTBEAT,48,HEARTBEAT,0,0,0,0,0,0,0x0C007FC0
1777170858.729,488588,3,1,CDH,255,BROADCAST,0,HEARTBEAT,48,HEARTBEAT,0,0,0,0,0,0,0x0C007FC0
1777170859.695,489586,3,1,CDH,255,BROADCAST,0,HEARTBEAT,48,HEARTBEAT,0,0,0,0,0,0,0x0C007FC0
1777170860.693,490584,3,1,CDH,255,BROADCAST,0,HEARTBEAT,48,HEARTBEAT,0,0,0,0,0,0,0x0C007FC0
1777170861.702,491582,3,1,CDH,255,BROADCAST,0,HEARTBEAT,48,HEARTBEAT,0,0,0,0,0,0,0x0C007FC0
1777170862.726,492580,3,1,CDH,255,BROADCAST,0,HEARTBEAT,48,HEARTBEAT,0,0,0,0,0,0,0x0C007FC0
1777170863.687,493578,3,1,CDH,255,BROADCAST,0,HEARTBEAT,48,HEARTBEAT,0,0,0,0,0,0,0x0C007FC0
1777170864.685,494576,3,1,CDH,255,BROADCAST,0,HEARTBEAT,48,HEARTBEAT,0,0,0,0,0,0,0x0C007FC0
1777170865.697,495574,3,1,CDH,255,BROADCAST,0,HEARTBEAT,48,HEARTBEAT,0,0,0,0,0,0,0x0C007FC0
1777170866.714,496572,3,1,CDH,255,BROADCAST,0,HEARTBEAT,48,HEARTBEAT,0,0,0,0,0,0,0x0C007FC0
1777170867.680,497570,3,1,CDH,255,BROADCAST,0,HEARTBEAT,48,HEARTBEAT,0,0,0,0,0,0,0x0C007FC0
1777170868.677,498568,3,1,CDH,255,BROADCAST,0,HEARTBEAT,48,HEARTBEAT,0,0,0,0,0,0,0x0C007FC0
1777170869.676,499565,3,1,CDH,255,BROADCAST,0,HEARTBEAT,48,HEARTBEAT,0,0,0,0,0,0,0x0C007FC0
1777170870.711,500563,3,1,CDH,255,BROADCAST,0,HEARTBEAT,48,HEARTBEAT,0,0,0,0,0,0,0x0C007FC0
1777170871.671,501561,3,1,CDH,255,BROADCAST,0,HEARTBEAT,48,HEARTBEAT,0,0,0,0,0,0,0x0C007FC0
1777170872.668,502559,3,1,CDH,255,BROADCAST,0,HEARTBEAT,48,HEARTBEAT,0,0,0,0,0,0,0x0C007FC0
1777170873.674,503557,3,1,CDH,255,BROADCAST,0,HEARTBEAT,48,HEARTBEAT,0,0,0,0,0,0,0x0C007FC0
1777170874.706,504555,3,1,CDH,255,BROADCAST,0,HEARTBEAT,48,HEARTBEAT,0,0,0,0,0,0,0x0C007FC0
1777170875.662,505553,3,1,CDH,255,BROADCAST,0,HEARTBEAT,48,HEARTBEAT,0,0,0,0,0,0,0x0C007FC0
1777170876.661,506551,3,1,CDH,255,BROADCAST,0,HEARTBEAT,48,HEARTBEAT,0,0,0,0,0,0,0x0C007FC0
1777170877.659,507549,3,1,CDH,255,BROADCAST,0,HEARTBEAT,48,HEARTBEAT,0,0,0,0,0,0,0x0C007FC0
1777170878.695,508547,3,1,CDH,255,BROADCAST,0,HEARTBEAT,48,HEARTBEAT,0,0,0,0,0,0,0x0C007FC0
1777170879.655,509545,3,1,CDH,255,BROADCAST,0,HEARTBEAT,48,HEARTBEAT,0,0,0,0,0,0,0x0C007FC0
1777170880.653,510543,3,1,CDH,255,BROADCAST,0,HEARTBEAT,48,HEARTBEAT,0,0,0,0,0,0,0x0C007FC0
1777170881.657,511542,3,1,CDH,255,BROADCAST,0,HEARTBEAT,48,HEARTBEAT,0,0,0,0,0,0,0x0C007FC0
1777170882.676,512540,3,1,CDH,255,BROADCAST,0,HEARTBEAT,48,HEARTBEAT,0,0,0,0,0,0,0x0C007FC0
1777170883.648,513538,3,1,CDH,255,BROADCAST,0,HEARTBEAT,48,HEARTBEAT,0,0,0,0,0,0,0x0C007FC0
1777170884.646,514536,3,1,CDH,255,BROADCAST,0,HEARTBEAT,48,HEARTBEAT,0,0,0,0,0,0,0x0C007FC0
1777170885.659,515534,3,1,CDH,255,BROADCAST,0,HEARTBEAT,48,HEARTBEAT,0,0,0,0,0,0,0x0C007FC0
1777170886.675,516532,3,1,CDH,255,BROADCAST,0,HEARTBEAT,48,HEARTBEAT,0,0,0,0,0,0,0x0C007FC0
1777170887.642,517530,3,1,CDH,255,BROADCAST,0,HEARTBEAT,48,HEARTBEAT,0,0,0,0,0,0,0x0C007FC0
1777170888.638,518528,3,1,CDH,255,BROADCAST,0,HEARTBEAT,48,HEARTBEAT,0,0,0,0,0,0,0x0C007FC0
1777170889.641,519526,3,1,CDH,255,BROADCAST,0,HEARTBEAT,48,HEARTBEAT,0,0,0,0,0,0,0x0C007FC0
1777170890.633,520524,3,1,CDH,255,BROADCAST,0,HEARTBEAT,48,HEARTBEAT,0,0,0,0,0,0,0x0C007FC0
1777170891.632,521522,3,1,CDH,255,BROADCAST,0,HEARTBEAT,48,HEARTBEAT,0,0,0,0,0,0,0x0C007FC0
1777170892.630,522520,3,1,CDH,255,BROADCAST,0,HEARTBEAT,48,HEARTBEAT,0,0,0,0,0,0,0x0C007FC0
1777170893.643,523518,3,1,CDH,255,BROADCAST,0,HEARTBEAT,48,HEARTBEAT,0,0,0,0,0,0,0x0C007FC0
1777170894.625,524516,3,1,CDH,255,BROADCAST,0,HEARTBEAT,48,HEARTBEAT,0,0,0,0,0,0,0x0C007FC0
1777170895.625,525514,3,1,CDH,255,BROADCAST,0,HEARTBEAT,48,HEARTBEAT,0,0,0,0,0,0,0x0C007FC0
1777170896.622,526512,3,1,CDH,255,BROADCAST,0,HEARTBEAT,48,HEARTBEAT,0,0,0,0,0,0,0x0C007FC0
1777170897.641,527510,3,1,CDH,255,BROADCAST,0,HEARTBEAT,48,HEARTBEAT,0,0,0,0,0,0,0x0C007FC0
1777170898.618,528508,3,1,CDH,255,BROADCAST,0,HEARTBEAT,48,HEARTBEAT,0,0,0,0,0,0,0x0C007FC0
1777170899.616,529506,3,1,CDH,255,BROADCAST,0,HEARTBEAT,48,HEARTBEAT,0,0,0,0,0,0,0x0C007FC0
1777170900.614,530504,3,1,CDH,255,BROADCAST,0,HEARTBEAT,48,HEARTBEAT,0,0,0,0,0,0,0x0C007FC0
1777170901.627,531502,3,1,CDH,255,BROADCAST,0,HEARTBEAT,48,HEARTBEAT,0,0,0,0,0,0,0x0C007FC0
1777170902.609,532500,3,1,CDH,255,BROADCAST,0,HEARTBEAT,48,HEARTBEAT,0,0,0,0,0,0,0x0C007FC0
1777170903.609,533498,3,1,CDH,255,BROADCAST,0,HEARTBEAT,48,HEARTBEAT,0,0,0,0,0,0,0x0C007FC0
1777170904.605,534496,3,1,CDH,255,BROADCAST,0,HEARTBEAT,48,HEARTBEAT,0,0,0,0,0,0,0x0C007FC0
1777170905.626,535494,3,1,CDH,255,BROADCAST,0,HEARTBEAT,48,HEARTBEAT,0,0,0,0,0,0,0x0C007FC0
1777170906.655,536492,3,1,CDH,255,BROADCAST,0,HEARTBEAT,48,HEARTBEAT,0,0,0,0,0,0,0x0C007FC0
1777170907.600,537490,3,1,CDH,255,BROADCAST,0,HEARTBEAT,48,HEARTBEAT,0,0,0,0,0,0,0x0C007FC0
1777170908.597,538488,3,1,CDH,255,BROADCAST,0,HEARTBEAT,48,HEARTBEAT,0,0,0,0,0,0,0x0C007FC0
1777170909.624,539486,3,1,CDH,255,BROADCAST,0,HEARTBEAT,48,HEARTBEAT,0,0,0,0,0,0,0x0C007FC0
1777170910.594,540485,3,1,CDH,255,BROADCAST,0,HEARTBEAT,48,HEARTBEAT,0,0,0,0,0,0,0x0C007FC0
1777170911.593,541483,3,1,CDH,255,BROADCAST,0,HEARTBEAT,48,HEARTBEAT,0,0,0,0,0,0,0x0C007FC0
1777170912.591,542481,3,1,CDH,255,BROADCAST,0,HEARTBEAT,48,HEARTBEAT,0,0,0,0,0,0,0x0C007FC0
1777170913.601,543479,3,1,CDH,255,BROADCAST,0,HEARTBEAT,48,HEARTBEAT,0,0,0,0,0,0,0x0C007FC0
1777170914.586,544477,3,1,CDH,255,BROADCAST,0,HEARTBEAT,48,HEARTBEAT,0,0,0,0,0,0,0x0C007FC0
1777170915.584,545475,3,1,CDH,255,BROADCAST,0,HEARTBEAT,48,HEARTBEAT,0,0,0,0,0,0,0x0C007FC0
1777170916.583,546473,3,1,CDH,255,BROADCAST,0,HEARTBEAT,48,HEARTBEAT,0,0,0,0,0,0,0x0C007FC0
1777170917.596,547470,3,1,CDH,255,BROADCAST,0,HEARTBEAT,48,HEARTBEAT,0,0,0,0,0,0,0x0C007FC0
1777170918.578,548468,3,1,CDH,255,BROADCAST,0,HEARTBEAT,48,HEARTBEAT,0,0,0,0,0,0,0x0C007FC0
1777170919.577,549467,3,1,CDH,255,BROADCAST,0,HEARTBEAT,48,HEARTBEAT,0,0,0,0,0,0,0x0C007FC0
1777170920.579,550464,3,1,CDH,255,BROADCAST,0,HEARTBEAT,48,HEARTBEAT,0,0,0,0,0,0,0x0C007FC0
1777170921.626,551462,3,1,CDH,255,BROADCAST,0,HEARTBEAT,48,HEARTBEAT,0,0,0,0,0,0,0x0C007FC0
1777170922.570,552460,3,1,CDH,255,BROADCAST,0,HEARTBEAT,48,HEARTBEAT,0,0,0,0,0,0,0x0C007FC0
1777170923.568,553458,3,1,CDH,255,BROADCAST,0,HEARTBEAT,48,HEARTBEAT,0,0,0,0,0,0,0x0C007FC0
1777170924.575,554456,3,1,CDH,255,BROADCAST,0,HEARTBEAT,48,HEARTBEAT,0,0,0,0,0,0,0x0C007FC0
1777170925.612,555454,3,1,CDH,255,BROADCAST,0,HEARTBEAT,48,HEARTBEAT,0,0,0,0,0,0,0x0C007FC0
1777170926.563,556452,3,1,CDH,255,BROADCAST,0,HEARTBEAT,48,HEARTBEAT,0,0,0,0,0,0,0x0C007FC0
1777170927.559,557450,3,1,CDH,255,BROADCAST,0,HEARTBEAT,48,HEARTBEAT,0,0,0,0,0,0,0x0C007FC0
1777170928.569,558448,3,1,CDH,255,BROADCAST,0,HEARTBEAT,48,HEARTBEAT,0,0,0,0,0,0,0x0C007FC0
1777170929.595,559446,3,1,CDH,255,BROADCAST,0,HEARTBEAT,48,HEARTBEAT,0,0,0,0,0,0,0x0C007FC0
1777170930.554,560444,3,1,CDH,255,BROADCAST,0,HEARTBEAT,48,HEARTBEAT,0,0,0,0,0,0,0x0C007FC0
1777170931.552,561441,3,1,CDH,255,BROADCAST,0,HEARTBEAT,48,HEARTBEAT,0,0,0,0,0,0,0x0C007FC0
1777170932.561,562439,3,1,CDH,255,BROADCAST,0,HEARTBEAT,48,HEARTBEAT,0,0,0,0,0,0,0x0C007FC0
1777170933.579,563437,3,1,CDH,255,BROADCAST,0,HEARTBEAT,48,HEARTBEAT,0,0,0,0,0,0,0x0C007FC0
1777170934.545,564435,3,1,CDH,255,BROADCAST,0,HEARTBEAT,48,HEARTBEAT,0,0,0,0,0,0,0x0C007FC0
1777170935.543,565433,3,1,CDH,255,BROADCAST,0,HEARTBEAT,48,HEARTBEAT,0,0,0,0,0,0,0x0C007FC0
1777170936.552,566431,3,1,CDH,255,BROADCAST,0,HEARTBEAT,48,HEARTBEAT,0,0,0,0,0,0,0x0C007FC0
1777170937.581,567429,3,1,CDH,255,BROADCAST,0,HEARTBEAT,48,HEARTBEAT,0,0,0,0,0,0,0x0C007FC0
1777170938.537,568427,3,1,CDH,255,BROADCAST,0,HEARTBEAT,48,HEARTBEAT,0,0,0,0,0,0,0x0C007FC0
1777170939.535,569425,3,1,CDH,255,BROADCAST,0,HEARTBEAT,48,HEARTBEAT,0,0,0,0,0,0,0x0C007FC0
1777170940.542,570423,3,1,CDH,255,BROADCAST,0,HEARTBEAT,48,HEARTBEAT,0,0,0,0,0,0,0x0C007FC0
1777170941.585,571421,3,1,CDH,255,BROADCAST,0,HEARTBEAT,48,HEARTBEAT,0,0,0,0,0,0,0x0C007FC0
1777170942.531,572419,3,1,CDH,255,BROADCAST,0,HEARTBEAT,48,HEARTBEAT,0,0,0,0,0,0,0x0C007FC0
1777170943.529,573417,3,1,CDH,255,BROADCAST,0,HEARTBEAT,48,HEARTBEAT,0,0,0,0,0,0,0x0C007FC0
1777170944.532,574415,3,1,CDH,255,BROADCAST,0,HEARTBEAT,48,HEARTBEAT,0,0,0,0,0,0,0x0C007FC0
1777170945.561,575413,3,1,CDH,255,BROADCAST,0,HEARTBEAT,48,HEARTBEAT,0,0,0,0,0,0,0x0C007FC0
1777170946.521,576411,3,1,CDH,255,BROADCAST,0,HEARTBEAT,48,HEARTBEAT,0,0,0,0,0,0,0x0C007FC0
1777170947.519,577409,3,1,CDH,255,BROADCAST,0,HEARTBEAT,48,HEARTBEAT,0,0,0,0,0,0,0x0C007FC0
1777170948.538,578407,3,1,CDH,255,BROADCAST,0,HEARTBEAT,48,HEARTBEAT,0,0,0,0,0,0,0x0C007FC0
1777170949.523,579405,3,1,CDH,255,BROADCAST,0,HEARTBEAT,48,HEARTBEAT,0,0,0,0,0,0,0x0C007FC0
1777170950.513,580403,3,1,CDH,255,BROADCAST,0,HEARTBEAT,48,HEARTBEAT,0,0,0,0,0,0,0x0C007FC0
1777170951.515,581401,3,1,CDH,255,BROADCAST,0,HEARTBEAT,48,HEARTBEAT,0,0,0,0,0,0,0x0C007FC0
1777170952.533,582398,3,1,CDH,255,BROADCAST,0,HEARTBEAT,48,HEARTBEAT,0,0,0,0,0,0,0x0C007FC0
1777170953.506,583396,3,1,CDH,255,BROADCAST,0,HEARTBEAT,48,HEARTBEAT,0,0,0,0,0,0,0x0C007FC0
1777170954.505,584394,3,1,CDH,255,BROADCAST,0,HEARTBEAT,48,HEARTBEAT,0,0,0,0,0,0,0x0C007FC0
1777170955.503,585392,3,1,CDH,255,BROADCAST,0,HEARTBEAT,48,HEARTBEAT,0,0,0,0,0,0,0x0C007FC0
1777170956.519,586390,3,1,CDH,255,BROADCAST,0,HEARTBEAT,48,HEARTBEAT,0,0,0,0,0,0,0x0C007FC0
1777170957.499,587388,3,1,CDH,255,BROADCAST,0,HEARTBEAT,48,HEARTBEAT,0,0,0,0,0,0,0x0C007FC0
1777170958.497,588386,3,1,CDH,255,BROADCAST,0,HEARTBEAT,48,HEARTBEAT,0,0,0,0,0,0,0x0C007FC0
1777170959.494,589384,3,1,CDH,255,BROADCAST,0,HEARTBEAT,48,HEARTBEAT,0,0,0,0,0,0,0x0C007FC0
1777170960.523,590382,3,1,CDH,255,BROADCAST,0,HEARTBEAT,48,HEARTBEAT,0,0,0,0,0,0,0x0C007FC0
1777170961.491,591380,3,1,CDH,255,BROADCAST,0,HEARTBEAT,48,HEARTBEAT,0,0,0,0,0,0,0x0C007FC0
1777170962.488,592378,3,1,CDH,255,BROADCAST,0,HEARTBEAT,48,HEARTBEAT,0,0,0,0,0,0,0x0C007FC0
1777170963.488,593375,3,1,CDH,255,BROADCAST,0,HEARTBEAT,48,HEARTBEAT,0,0,0,0,0,0,0x0C007FC0
1777170964.546,594373,3,1,CDH,255,BROADCAST,0,HEARTBEAT,48,HEARTBEAT,0,0,0,0,0,0,0x0C007FC0
1777170965.482,595371,3,1,CDH,255,BROADCAST,0,HEARTBEAT,48,HEARTBEAT,0,0,0,0,0,0,0x0C007FC0
1777170966.479,596369,3,1,CDH,255,BROADCAST,0,HEARTBEAT,48,HEARTBEAT,0,0,0,0,0,0,0x0C007FC0
1777170967.479,597367,3,1,CDH,255,BROADCAST,0,HEARTBEAT,48,HEARTBEAT,0,0,0,0,0,0,0x0C007FC0
1777170968.506,598365,3,1,CDH,255,BROADCAST,0,HEARTBEAT,48,HEARTBEAT,0,0,0,0,0,0,0x0C007FC0
1777170969.473,599362,3,1,CDH,255,BROADCAST,0,HEARTBEAT,48,HEARTBEAT,0,0,0,0,0,0,0x0C007FC0
1777170970.471,600360,3,1,CDH,255,BROADCAST,0,HEARTBEAT,48,HEARTBEAT,0,0,0,0,0,0,0x0C007FC0
1777170971.477,601358,3,1,CDH,255,BROADCAST,0,HEARTBEAT,48,HEARTBEAT,0,0,0,0,0,0,0x0C007FC0
1777170972.498,602356,3,1,CDH,255,BROADCAST,0,HEARTBEAT,48,HEARTBEAT,0,0,0,0,0,0,0x0C007FC0
1777170973.464,603354,3,1,CDH,255,BROADCAST,0,HEARTBEAT,48,HEARTBEAT,0,0,0,0,0,0,0x0C007FC0
1777170974.462,604351,3,1,CDH,255,BROADCAST,0,HEARTBEAT,48,HEARTBEAT,0,0,0,0,0,0,0x0C007FC0
1777170975.499,605349,3,1,CDH,255,BROADCAST,0,HEARTBEAT,48,HEARTBEAT,0,0,0,0,0,0,0x0C007FC0
1777170976.480,606347,3,1,CDH,255,BROADCAST,0,HEARTBEAT,48,HEARTBEAT,0,0,0,0,0,0,0x0C007FC0
1777170977.456,607345,3,1,CDH,255,BROADCAST,0,HEARTBEAT,48,HEARTBEAT,0,0,0,0,0,0,0x0C007FC0
1777170978.454,608343,3,1,CDH,255,BROADCAST,0,HEARTBEAT,48,HEARTBEAT,0,0,0,0,0,0,0x0C007FC0
1777170979.462,609342,3,1,CDH,255,BROADCAST,0,HEARTBEAT,48,HEARTBEAT,0,0,0,0,0,0,0x0C007FC0
1777170980.486,610340,3,1,CDH,255,BROADCAST,0,HEARTBEAT,48,HEARTBEAT,0,0,0,0,0,0,0x0C007FC0
1777170981.449,611338,3,1,CDH,255,BROADCAST,0,HEARTBEAT,48,HEARTBEAT,0,0,0,0,0,0,0x0C007FC0
1777170982.447,612336,3,1,CDH,255,BROADCAST,0,HEARTBEAT,48,HEARTBEAT,0,0,0,0,0,0,0x0C007FC0
1777170983.453,613334,3,1,CDH,255,BROADCAST,0,HEARTBEAT,48,HEARTBEAT,0,0,0,0,0,0,0x0C007FC0
1777170984.482,614332,3,1,CDH,255,BROADCAST,0,HEARTBEAT,48,HEARTBEAT,0,0,0,0,0,0,0x0C007FC0
1777170985.440,615330,3,1,CDH,255,BROADCAST,0,HEARTBEAT,48,HEARTBEAT,0,0,0,0,0,0,0x0C007FC0
1777170986.438,616327,3,1,CDH,255,BROADCAST,0,HEARTBEAT,48,HEARTBEAT,0,0,0,0,0,0,0x0C007FC0
1777170987.440,617325,3,1,CDH,255,BROADCAST,0,HEARTBEAT,48,HEARTBEAT,0,0,0,0,0,0,0x0C007FC0
1777170988.475,618323,3,1,CDH,255,BROADCAST,0,HEARTBEAT,48,HEARTBEAT,0,0,0,0,0,0,0x0C007FC0
1777170989.432,619321,3,1,CDH,255,BROADCAST,0,HEARTBEAT,48,HEARTBEAT,0,0,0,0,0,0,0x0C007FC0
1777170990.431,620319,3,1,CDH,255,BROADCAST,0,HEARTBEAT,48,HEARTBEAT,0,0,0,0,0,0,0x0C007FC0
1777170991.436,621317,3,1,CDH,255,BROADCAST,0,HEARTBEAT,48,HEARTBEAT,0,0,0,0,0,0,0x0C007FC0
1777170992.465,622315,3,1,CDH,255,BROADCAST,0,HEARTBEAT,48,HEARTBEAT,0,0,0,0,0,0,0x0C007FC0
1777170993.424,623313,3,1,CDH,255,BROADCAST,0,HEARTBEAT,48,HEARTBEAT,0,0,0,0,0,0,0x0C007FC0
1777170994.434,624310,3,1,CDH,255,BROADCAST,0,HEARTBEAT,48,HEARTBEAT,0,0,0,0,0,0,0x0C007FC0
1777170995.438,625308,3,1,CDH,255,BROADCAST,0,HEARTBEAT,48,HEARTBEAT,0,0,0,0,0,0,0x0C007FC0
1777170996.417,626306,3,1,CDH,255,BROADCAST,0,HEARTBEAT,48,HEARTBEAT,0,0,0,0,0,0,0x0C007FC0
1777170997.415,627304,3,1,CDH,255,BROADCAST,0,HEARTBEAT,48,HEARTBEAT,0,0,0,0,0,0,0x0C007FC0
1777170998.413,628301,3,1,CDH,255,BROADCAST,0,HEARTBEAT,48,HEARTBEAT,0,0,0,0,0,0,0x0C007FC0
1777170999.425,629299,3,1,CDH,255,BROADCAST,0,HEARTBEAT,48,HEARTBEAT,0,0,0,0,0,0,0x0C007FC0
1777171000.408,630297,3,1,CDH,255,BROADCAST,0,HEARTBEAT,48,HEARTBEAT,0,0,0,0,0,0,0x0C007FC0
1777171001.406,631295,3,1,CDH,255,BROADCAST,0,HEARTBEAT,48,HEARTBEAT,0,0,0,0,0,0,0x0C007FC0
1777171002.403,632293,3,1,CDH,255,BROADCAST,0,HEARTBEAT,48,HEARTBEAT,0,0,0,0,0,0,0x0C007FC0
1777171003.449,633291,3,1,CDH,255,BROADCAST,0,HEARTBEAT,48,HEARTBEAT,0,0,0,0,0,0,0x0C007FC0
1777171004.399,634288,3,1,CDH,255,BROADCAST,0,HEARTBEAT,48,HEARTBEAT,0,0,0,0,0,0,0x0C007FC0
1777171005.398,635286,3,1,CDH,255,BROADCAST,0,HEARTBEAT,48,HEARTBEAT,0,0,0,0,0,0,0x0C007FC0
1777171006.395,636284,3,1,CDH,255,BROADCAST,0,HEARTBEAT,48,HEARTBEAT,0,0,0,0,0,0,0x0C007FC0
1777171007.422,637282,3,1,CDH,255,BROADCAST,0,HEARTBEAT,48,HEARTBEAT,0,0,0,0,0,0,0x0C007FC0
1777171008.392,638280,3,1,CDH,255,BROADCAST,0,HEARTBEAT,48,HEARTBEAT,0,0,0,0,0,0,0x0C007FC0
1777171009.391,639278,3,1,CDH,255,BROADCAST,0,HEARTBEAT,48,HEARTBEAT,0,0,0,0,0,0,0x0C007FC0
1777171010.389,640276,3,1,CDH,255,BROADCAST,0,HEARTBEAT,48,HEARTBEAT,0,0,0,0,0,0,0x0C007FC0
1777171011.419,641273,3,1,CDH,255,BROADCAST,0,HEARTBEAT,48,HEARTBEAT,0,0,0,0,0,0,0x0C007FC0
1777171012.385,642271,3,1,CDH,255,BROADCAST,0,HEARTBEAT,48,HEARTBEAT,0,0,0,0,0,0,0x0C007FC0
1777171013.381,643269,3,1,CDH,255,BROADCAST,0,HEARTBEAT,48,HEARTBEAT,0,0,0,0,0,0,0x0C007FC0
1777171014.379,644268,3,1,CDH,255,BROADCAST,0,HEARTBEAT,48,HEARTBEAT,0,0,0,0,0,0,0x0C007FC0
1777171015.443,645267,3,1,CDH,255,BROADCAST,0,HEARTBEAT,48,HEARTBEAT,0,0,0,0,0,0,0x0C007FC0
1777171016.376,646264,3,1,CDH,255,BROADCAST,0,HEARTBEAT,48,HEARTBEAT,0,0,0,0,0,0,0x0C007FC0
1777171017.374,647262,3,1,CDH,255,BROADCAST,0,HEARTBEAT,48,HEARTBEAT,0,0,0,0,0,0,0x0C007FC0
1777171018.378,648260,3,1,CDH,255,BROADCAST,0,HEARTBEAT,48,HEARTBEAT,0,0,0,0,0,0,0x0C007FC0
1777171019.392,649258,3,1,CDH,255,BROADCAST,0,HEARTBEAT,48,HEARTBEAT,0,0,0,0,0,0,0x0C007FC0
1777171020.367,650256,3,1,CDH,255,BROADCAST,0,HEARTBEAT,48,HEARTBEAT,0,0,0,0,0,0,0x0C007FC0
1777171021.365,651254,3,1,CDH,255,BROADCAST,0,HEARTBEAT,48,HEARTBEAT,0,0,0,0,0,0,0x0C007FC0
1777171022.371,652252,3,1,CDH,255,BROADCAST,0,HEARTBEAT,48,HEARTBEAT,0,0,0,0,0,0,0x0C007FC0
1777171023.396,653250,3,1,CDH,255,BROADCAST,0,HEARTBEAT,48,HEARTBEAT,0,0,0,0,0,0,0x0C007FC0
1777171024.359,654247,3,1,CDH,255,BROADCAST,0,HEARTBEAT,48,HEARTBEAT,0,0,0,0,0,0,0x0C007FC0
1777171025.356,655245,3,1,CDH,255,BROADCAST,0,HEARTBEAT,48,HEARTBEAT,0,0,0,0,0,0,0x0C007FC0
1777171026.359,656243,3,1,CDH,255,BROADCAST,0,HEARTBEAT,48,HEARTBEAT,0,0,0,0,0,0,0x0C007FC0
1777171027.387,657241,3,1,CDH,255,BROADCAST,0,HEARTBEAT,48,HEARTBEAT,0,0,0,0,0,0,0x0C007FC0
1777171028.350,658239,3,1,CDH,255,BROADCAST,0,HEARTBEAT,48,HEARTBEAT,0,0,0,0,0,0,0x0C007FC0
1777171029.356,659237,3,1,CDH,255,BROADCAST,0,HEARTBEAT,48,HEARTBEAT,0,0,0,0,0,0,0x0C007FC0
1777171030.359,660235,3,1,CDH,255,BROADCAST,0,HEARTBEAT,48,HEARTBEAT,0,0,0,0,0,0,0x0C007FC0
1777171031.426,661233,3,1,CDH,255,BROADCAST,0,HEARTBEAT,48,HEARTBEAT,0,0,0,0,0,0,0x0C007FC0
1777171032.342,662231,3,1,CDH,255,BROADCAST,0,HEARTBEAT,48,HEARTBEAT,0,0,0,0,0,0,0x0C007FC0
1777171033.340,663229,3,1,CDH,255,BROADCAST,0,HEARTBEAT,48,HEARTBEAT,0,0,0,0,0,0,0x0C007FC0
1777171034.350,664226,3,1,CDH,255,BROADCAST,0,HEARTBEAT,48,HEARTBEAT,0,0,0,0,0,0,0x0C007FC0
1777171035.376,665224,3,1,CDH,255,BROADCAST,0,HEARTBEAT,48,HEARTBEAT,0,0,0,0,0,0,0x0C007FC0
1777171036.334,666222,3,1,CDH,255,BROADCAST,0,HEARTBEAT,48,HEARTBEAT,0,0,0,0,0,0,0x0C007FC0
1777171037.332,667220,3,1,CDH,255,BROADCAST,0,HEARTBEAT,48,HEARTBEAT,0,0,0,0,0,0,0x0C007FC0
1777171038.359,668218,3,1,CDH,255,BROADCAST,0,HEARTBEAT,48,HEARTBEAT,0,0,0,0,0,0,0x0C007FC0
1777171039.357,669216,3,1,CDH,255,BROADCAST,0,HEARTBEAT,48,HEARTBEAT,0,0,0,0,0,0,0x0C007FC0
1777171054.322,5217,3,1,CDH,255,BROADCAST,0,HEARTBEAT,48,HEARTBEAT,0,0,0,0,0,0,0x0C007FC0
1777171055.296,6215,3,1,CDH,255,BROADCAST,0,HEARTBEAT,48,HEARTBEAT,0,0,0,0,0,0,0x0C007FC0
1777171056.292,7213,3,1,CDH,255,BROADCAST,0,HEARTBEAT,48,HEARTBEAT,0,0,0,0,0,0,0x0C007FC0
1777171057.290,8211,3,1,CDH,255,BROADCAST,0,HEARTBEAT,48,HEARTBEAT,0,0,0,0,0,0,0x0C007FC0
1777171058.312,9209,3,1,CDH,255,BROADCAST,0,HEARTBEAT,48,HEARTBEAT,0,0,0,0,0,0,0x0C007FC0
1777171059.289,10206,3,1,CDH,255,BROADCAST,0,HEARTBEAT,48,HEARTBEAT,0,0,0,0,0,0,0x0C007FC0
1777171060.284,11204,3,1,CDH,255,BROADCAST,0,HEARTBEAT,48,HEARTBEAT,0,0,0,0,0,0,0x0C007FC0
1777171061.283,12202,3,1,CDH,255,BROADCAST,0,HEARTBEAT,48,HEARTBEAT,0,0,0,0,0,0,0x0C007FC0
1777171062.321,13200,3,1,CDH,255,BROADCAST,0,HEARTBEAT,48,HEARTBEAT,0,0,0,0,0,0,0x0C007FC0
1777171063.281,14198,3,1,CDH,255,BROADCAST,0,HEARTBEAT,48,HEARTBEAT,0,0,0,0,0,0,0x0C007FC0
1777171064.276,15196,3,1,CDH,255,BROADCAST,0,HEARTBEAT,48,HEARTBEAT,0,0,0,0,0,0,0x0C007FC0
1777171065.278,16194,3,1,CDH,255,BROADCAST,0,HEARTBEAT,48,HEARTBEAT,0,0,0,0,0,0,0x0C007FC0
1777171066.292,17192,3,1,CDH,255,BROADCAST,0,HEARTBEAT,48,HEARTBEAT,0,0,0,0,0,0,0x0C007FC0
1777171067.270,18190,3,1,CDH,255,BROADCAST,0,HEARTBEAT,48,HEARTBEAT,0,0,0,0,0,0,0x0C007FC0
1777171068.269,19188,3,1,CDH,255,BROADCAST,0,HEARTBEAT,48,HEARTBEAT,0,0,0,0,0,0,0x0C007FC0
1777171069.275,20185,3,1,CDH,255,BROADCAST,0,HEARTBEAT,48,HEARTBEAT,0,0,0,0,0,0,0x0C007FC0
1777171070.297,21183,3,1,CDH,255,BROADCAST,0,HEARTBEAT,48,HEARTBEAT,0,0,0,0,0,0,0x0C007FC0
1777171071.261,22181,3,1,CDH,255,BROADCAST,0,HEARTBEAT,48,HEARTBEAT,0,0,0,0,0,0,0x0C007FC0
1777171072.258,23179,3,1,CDH,255,BROADCAST,0,HEARTBEAT,48,HEARTBEAT,0,0,0,0,0,0,0x0C007FC0
1777171073.263,24177,3,1,CDH,255,BROADCAST,0,HEARTBEAT,48,HEARTBEAT,0,0,0,0,0,0,0x0C007FC0
1777171074.275,25175,3,1,CDH,255,BROADCAST,0,HEARTBEAT,48,HEARTBEAT,0,0,0,0,0,0,0x0C007FC0
1777171075.253,26173,3,1,CDH,255,BROADCAST,0,HEARTBEAT,48,HEARTBEAT,0,0,0,0,0,0,0x0C007FC0
1777171076.251,27171,3,1,CDH,255,BROADCAST,0,HEARTBEAT,48,HEARTBEAT,0,0,0,0,0,0,0x0C007FC0
1777171077.253,28168,3,1,CDH,255,BROADCAST,0,HEARTBEAT,48,HEARTBEAT,0,0,0,0,0,0,0x0C007FC0
1777171078.272,29166,3,1,CDH,255,BROADCAST,0,HEARTBEAT,48,HEARTBEAT,0,0,0,0,0,0,0x0C007FC0
1777171079.245,30164,3,1,CDH,255,BROADCAST,0,HEARTBEAT,48,HEARTBEAT,0,0,0,0,0,0,0x0C007FC0
1777171080.242,31162,3,1,CDH,255,BROADCAST,0,HEARTBEAT,48,HEARTBEAT,0,0,0,0,0,0,0x0C007FC0
1777171081.255,32160,3,1,CDH,255,BROADCAST,0,HEARTBEAT,48,HEARTBEAT,0,0,0,0,0,0,0x0C007FC0
1777171082.268,33158,3,1,CDH,255,BROADCAST,0,HEARTBEAT,48,HEARTBEAT,0,0,0,0,0,0,0x0C007FC0
1777171083.236,34156,3,1,CDH,255,BROADCAST,0,HEARTBEAT,48,HEARTBEAT,0,0,0,0,0,0,0x0C007FC0
1777171084.234,35154,3,1,CDH,255,BROADCAST,0,HEARTBEAT,48,HEARTBEAT,0,0,0,0,0,0,0x0C007FC0
1777171085.242,36152,3,1,CDH,255,BROADCAST,0,HEARTBEAT,48,HEARTBEAT,0,0,0,0,0,0,0x0C007FC0
1777171086.264,37150,3,1,CDH,255,BROADCAST,0,HEARTBEAT,48,HEARTBEAT,0,0,0,0,0,0,0x0C007FC0
1777171087.228,38148,3,1,CDH,255,BROADCAST,0,HEARTBEAT,48,HEARTBEAT,0,0,0,0,0,0,0x0C007FC0
1777171088.226,39146,3,1,CDH,255,BROADCAST,0,HEARTBEAT,48,HEARTBEAT,0,0,0,0,0,0,0x0C007FC0
1777171089.243,40144,3,1,CDH,255,BROADCAST,0,HEARTBEAT,48,HEARTBEAT,0,0,0,0,0,0,0x0C007FC0
1777171090.264,41142,3,1,CDH,255,BROADCAST,0,HEARTBEAT,48,HEARTBEAT,0,0,0,0,0,0,0x0C007FC0
1777171091.220,42139,3,1,CDH,255,BROADCAST,0,HEARTBEAT,48,HEARTBEAT,0,0,0,0,0,0,0x0C007FC0
1777171092.218,43137,3,1,CDH,255,BROADCAST,0,HEARTBEAT,48,HEARTBEAT,0,0,0,0,0,0,0x0C007FC0
1777171093.240,44135,3,1,CDH,255,BROADCAST,0,HEARTBEAT,48,HEARTBEAT,0,0,0,0,0,0,0x0C007FC0
1777171094.248,45133,3,1,CDH,255,BROADCAST,0,HEARTBEAT,48,HEARTBEAT,0,0,0,0,0,0,0x0C007FC0
1777171095.212,46131,3,1,CDH,255,BROADCAST,0,HEARTBEAT,48,HEARTBEAT,0,0,0,0,0,0,0x0C007FC0
1777171096.209,47129,3,1,CDH,255,BROADCAST,0,HEARTBEAT,48,HEARTBEAT,0,0,0,0,0,0,0x0C007FC0
1777171097.220,48127,3,1,CDH,255,BROADCAST,0,HEARTBEAT,48,HEARTBEAT,0,0,0,0,0,0,0x0C007FC0
1777171098.205,49124,3,1,CDH,255,BROADCAST,0,HEARTBEAT,48,HEARTBEAT,0,0,0,0,0,0,0x0C007FC0
1777171099.203,50122,3,1,CDH,255,BROADCAST,0,HEARTBEAT,48,HEARTBEAT,0,0,0,0,0,0,0x0C007FC0
1777171100.201,51120,3,1,CDH,255,BROADCAST,0,HEARTBEAT,48,HEARTBEAT,0,0,0,0,0,0,0x0C007FC0
1777171101.220,52118,3,1,CDH,255,BROADCAST,0,HEARTBEAT,48,HEARTBEAT,0,0,0,0,0,0,0x0C007FC0
1777171102.196,53116,3,1,CDH,255,BROADCAST,0,HEARTBEAT,48,HEARTBEAT,0,0,0,0,0,0,0x0C007FC0
1777171103.194,54114,3,1,CDH,255,BROADCAST,0,HEARTBEAT,48,HEARTBEAT,0,0,0,0,0,0,0x0C007FC0
1777171104.192,55111,3,1,CDH,255,BROADCAST,0,HEARTBEAT,48,HEARTBEAT,0,0,0,0,0,0,0x0C007FC0
1777171105.205,56109,3,1,CDH,255,BROADCAST,0,HEARTBEAT,48,HEARTBEAT,0,0,0,0,0,0,0x0C007FC0
1777171106.188,57107,3,1,CDH,255,BROADCAST,0,HEARTBEAT,48,HEARTBEAT,0,0,0,0,0,0,0x0C007FC0
1777171107.185,58105,3,1,CDH,255,BROADCAST,0,HEARTBEAT,48,HEARTBEAT,0,0,0,0,0,0,0x0C007FC0
1777171108.184,59103,3,1,CDH,255,BROADCAST,0,HEARTBEAT,48,HEARTBEAT,0,0,0,0,0,0,0x0C007FC0
1777171109.211,60101,3,1,CDH,255,BROADCAST,0,HEARTBEAT,48,HEARTBEAT,0,0,0,0,0,0,0x0C007FC0
1777171110.179,61098,3,1,CDH,255,BROADCAST,0,HEARTBEAT,48,HEARTBEAT,0,0,0,0,0,0,0x0C007FC0
1777171111.176,62096,3,1,CDH,255,BROADCAST,0,HEARTBEAT,48,HEARTBEAT,0,0,0,0,0,0,0x0C007FC0
1777171112.177,63094,3,1,CDH,255,BROADCAST,0,HEARTBEAT,48,HEARTBEAT,0,0,0,0,0,0,0x0C007FC0
1777171113.207,64092,3,1,CDH,255,BROADCAST,0,HEARTBEAT,48,HEARTBEAT,0,0,0,0,0,0,0x0C007FC0
1777171114.171,65091,3,1,CDH,255,BROADCAST,0,HEARTBEAT,48,HEARTBEAT,0,0,0,0,0,0,0x0C007FC0
1777171115.171,66090,3,1,CDH,255,BROADCAST,0,HEARTBEAT,48,HEARTBEAT,0,0,0,0,0,0,0x0C007FC0
1777171116.174,67087,3,1,CDH,255,BROADCAST,0,HEARTBEAT,48,HEARTBEAT,0,0,0,0,0,0,0x0C007FC0
1777171117.197,68085,3,1,CDH,255,BROADCAST,0,HEARTBEAT,48,HEARTBEAT,0,0,0,0,0,0,0x0C007FC0
1777171118.164,69083,3,1,CDH,255,BROADCAST,0,HEARTBEAT,48,HEARTBEAT,0,0,0,0,0,0,0x0C007FC0
1777171119.162,70081,3,1,CDH,255,BROADCAST,0,HEARTBEAT,48,HEARTBEAT,0,0,0,0,0,0,0x0C007FC0
1777171120.161,71079,3,1,CDH,255,BROADCAST,0,HEARTBEAT,48,HEARTBEAT,0,0,0,0,0,0,0x0C007FC0
1777171121.227,72077,3,1,CDH,255,BROADCAST,0,HEARTBEAT,48,HEARTBEAT,0,0,0,0,0,0,0x0C007FC0
1777171122.155,73075,3,1,CDH,255,BROADCAST,0,HEARTBEAT,48,HEARTBEAT,0,0,0,0,0,0,0x0C007FC0
1777171123.154,74073,3,1,CDH,255,BROADCAST,0,HEARTBEAT,48,HEARTBEAT,0,0,0,0,0,0,0x0C007FC0
1777171124.190,75070,3,1,CDH,255,BROADCAST,0,HEARTBEAT,48,HEARTBEAT,0,0,0,0,0,0,0x0C007FC0
1777171125.178,76068,3,1,CDH,255,BROADCAST,0,HEARTBEAT,48,HEARTBEAT,0,0,0,0,0,0,0x0C007FC0
1777171126.147,77066,3,1,CDH,255,BROADCAST,0,HEARTBEAT,48,HEARTBEAT,0,0,0,0,0,0,0x0C007FC0
1777171127.145,78064,3,1,CDH,255,BROADCAST,0,HEARTBEAT,48,HEARTBEAT,0,0,0,0,0,0,0x0C007FC0
1777171128.143,79062,3,1,CDH,255,BROADCAST,0,HEARTBEAT,48,HEARTBEAT,0,0,0,0,0,0,0x0C007FC0
1777171129.177,80060,3,1,CDH,255,BROADCAST,0,HEARTBEAT,48,HEARTBEAT,0,0,0,0,0,0,0x0C007FC0
1777171130.139,81058,3,1,CDH,255,BROADCAST,0,HEARTBEAT,48,HEARTBEAT,0,0,0,0,0,0,0x0C007FC0
1777171131.138,82055,3,1,CDH,255,BROADCAST,0,HEARTBEAT,48,HEARTBEAT,0,0,0,0,0,0,0x0C007FC0
1777171132.139,83053,3,1,CDH,255,BROADCAST,0,HEARTBEAT,48,HEARTBEAT,0,0,0,0,0,0,0x0C007FC0
1777171133.157,84051,3,1,CDH,255,BROADCAST,0,HEARTBEAT,48,HEARTBEAT,0,0,0,0,0,0,0x0C007FC0
1777171134.130,85049,3,1,CDH,255,BROADCAST,0,HEARTBEAT,48,HEARTBEAT,0,0,0,0,0,0,0x0C007FC0
1777171135.128,86047,3,1,CDH,255,BROADCAST,0,HEARTBEAT,48,HEARTBEAT,0,0,0,0,0,0,0x0C007FC0
1777171136.157,87045,3,1,CDH,255,BROADCAST,0,HEARTBEAT,48,HEARTBEAT,0,0,0,0,0,0,0x0C007FC0
1777171137.164,88042,3,1,CDH,255,BROADCAST,0,HEARTBEAT,48,HEARTBEAT,0,0,0,0,0,0,0x0C007FC0
1777171138.122,89040,3,1,CDH,255,BROADCAST,0,HEARTBEAT,48,HEARTBEAT,0,0,0,0,0,0,0x0C007FC0
1777171139.120,90038,3,1,CDH,255,BROADCAST,0,HEARTBEAT,48,HEARTBEAT,0,0,0,0,0,0,0x0C007FC0
1777171140.127,91036,3,1,CDH,255,BROADCAST,0,HEARTBEAT,48,HEARTBEAT,0,0,0,0,0,0,0x0C007FC0
1777171141.155,92034,3,1,CDH,255,BROADCAST,0,HEARTBEAT,48,HEARTBEAT,0,0,0,0,0,0,0x0C007FC0
1777171142.113,93032,3,1,CDH,255,BROADCAST,0,HEARTBEAT,48,HEARTBEAT,0,0,0,0,0,0,0x0C007FC0
1777171143.112,94029,3,1,CDH,255,BROADCAST,0,HEARTBEAT,48,HEARTBEAT,0,0,0,0,0,0,0x0C007FC0
1777171144.177,95027,3,1,CDH,255,BROADCAST,0,HEARTBEAT,48,HEARTBEAT,0,0,0,0,0,0,0x0C007FC0
1777171145.107,96025,3,1,CDH,255,BROADCAST,0,HEARTBEAT,48,HEARTBEAT,0,0,0,0,0,0,0x0C007FC0
1777171146.104,97023,3,1,CDH,255,BROADCAST,0,HEARTBEAT,48,HEARTBEAT,0,0,0,0,0,0,0x0C007FC0
1777171147.101,98021,3,1,CDH,255,BROADCAST,0,HEARTBEAT,48,HEARTBEAT,0,0,0,0,0,0,0x0C007FC0
1777171148.114,99019,3,1,CDH,255,BROADCAST,0,HEARTBEAT,48,HEARTBEAT,0,0,0,0,0,0,0x0C007FC0
1777171149.099,100017,3,1,CDH,255,BROADCAST,0,HEARTBEAT,48,HEARTBEAT,0,0,0,0,0,0,0x0C007FC0
1777171150.096,101015,3,1,CDH,255,BROADCAST,0,HEARTBEAT,48,HEARTBEAT,0,0,0,0,0,0,0x0C007FC0
1777171151.095,102013,3,1,CDH,255,BROADCAST,0,HEARTBEAT,48,HEARTBEAT,0,0,0,0,0,0,0x0C007FC0
1777171152.128,103011,3,1,CDH,255,BROADCAST,0,HEARTBEAT,48,HEARTBEAT,0,0,0,0,0,0,0x0C007FC0
1777171153.092,104008,3,1,CDH,255,BROADCAST,0,HEARTBEAT,48,HEARTBEAT,0,0,0,0,0,0,0x0C007FC0
1777171154.087,105006,3,1,CDH,255,BROADCAST,0,HEARTBEAT,48,HEARTBEAT,0,0,0,0,0,0,0x0C007FC0
1777171155.085,106004,3,1,CDH,255,BROADCAST,0,HEARTBEAT,48,HEARTBEAT,0,0,0,0,0,0,0x0C007FC0
1777171156.112,107002,3,1,CDH,255,BROADCAST,0,HEARTBEAT,48,HEARTBEAT,0,0,0,0,0,0,0x0C007FC0
1777171157.081,108000,3,1,CDH,255,BROADCAST,0,HEARTBEAT,48,HEARTBEAT,0,0,0,0,0,0,0x0C007FC0
1777171158.079,108997,3,1,CDH,255,BROADCAST,0,HEARTBEAT,48,HEARTBEAT,0,0,0,0,0,0,0x0C007FC0
1777171159.078,109995,3,1,CDH,255,BROADCAST,0,HEARTBEAT,48,HEARTBEAT,0,0,0,0,0,0,0x0C007FC0
1777171160.104,110993,3,1,CDH,255,BROADCAST,0,HEARTBEAT,48,HEARTBEAT,0,0,0,0,0,0,0x0C007FC0
1777171161.072,111991,3,1,CDH,255,BROADCAST,0,HEARTBEAT,48,HEARTBEAT,0,0,0,0,0,0,0x0C007FC0
1777171162.070,112988,3,1,CDH,255,BROADCAST,0,HEARTBEAT,48,HEARTBEAT,0,0,0,0,0,0,0x0C007FC0
1777171163.075,113986,3,1,CDH,255,BROADCAST,0,HEARTBEAT,48,HEARTBEAT,0,0,0,0,0,0,0x0C007FC0
1777171164.122,114984,3,1,CDH,255,BROADCAST,0,HEARTBEAT,48,HEARTBEAT,0,0,0,0,0,0,0x0C007FC0
1777171165.065,115982,3,1,CDH,255,BROADCAST,0,HEARTBEAT,48,HEARTBEAT,0,0,0,0,0,0,0x0C007FC0
1777171166.063,116980,3,1,CDH,255,BROADCAST,0,HEARTBEAT,48,HEARTBEAT,0,0,0,0,0,0,0x0C007FC0
1777171167.061,117978,3,1,CDH,255,BROADCAST,0,HEARTBEAT,48,HEARTBEAT,0,0,0,0,0,0,0x0C007FC0
1777171168.124,118975,3,1,CDH,255,BROADCAST,0,HEARTBEAT,48,HEARTBEAT,0,0,0,0,0,0,0x0C007FC0
1777171169.055,119973,3,1,CDH,255,BROADCAST,0,HEARTBEAT,48,HEARTBEAT,0,0,0,0,0,0,0x0C007FC0
1777171170.052,120971,3,1,CDH,255,BROADCAST,0,HEARTBEAT,48,HEARTBEAT,0,0,0,0,0,0,0x0C007FC0
1777171171.058,121969,3,1,CDH,255,BROADCAST,0,HEARTBEAT,48,HEARTBEAT,0,0,0,0,0,0,0x0C007FC0
1777171172.095,122967,3,1,CDH,255,BROADCAST,0,HEARTBEAT,48,HEARTBEAT,0,0,0,0,0,0,0x0C007FC0
1777171173.046,123964,3,1,CDH,255,BROADCAST,0,HEARTBEAT,48,HEARTBEAT,0,0,0,0,0,0,0x0C007FC0
1777171174.044,124962,3,1,CDH,255,BROADCAST,0,HEARTBEAT,48,HEARTBEAT,0,0,0,0,0,0,0x0C007FC0
1777171175.044,125960,3,1,CDH,255,BROADCAST,0,HEARTBEAT,48,HEARTBEAT,0,0,0,0,0,0,0x0C007FC0
1777171176.080,126958,3,1,CDH,255,BROADCAST,0,HEARTBEAT,48,HEARTBEAT,0,0,0,0,0,0,0x0C007FC0
1777171177.043,127956,3,1,CDH,255,BROADCAST,0,HEARTBEAT,48,HEARTBEAT,0,0,0,0,0,0,0x0C007FC0
1777171178.035,128954,3,1,CDH,255,BROADCAST,0,HEARTBEAT,48,HEARTBEAT,0,0,0,0,0,0,0x0C007FC0
1777171179.049,129951,3,1,CDH,255,BROADCAST,0,HEARTBEAT,48,HEARTBEAT,0,0,0,0,0,0,0x0C007FC0
1777171180.080,130949,3,1,CDH,255,BROADCAST,0,HEARTBEAT,48,HEARTBEAT,0,0,0,0,0,0,0x0C007FC0
1777171181.028,131947,3,1,CDH,255,BROADCAST,0,HEARTBEAT,48,HEARTBEAT,0,0,0,0,0,0,0x0C007FC0
1777171182.030,132945,3,1,CDH,255,BROADCAST,0,HEARTBEAT,48,HEARTBEAT,0,0,0,0,0,0,0x0C007FC0
1777171183.043,133943,3,1,CDH,255,BROADCAST,0,HEARTBEAT,48,HEARTBEAT,0,0,0,0,0,0,0x0C007FC0
1777171184.057,134941,3,1,CDH,255,BROADCAST,0,HEARTBEAT,48,HEARTBEAT,0,0,0,0,0,0,0x0C007FC0
1777171185.021,135939,3,1,CDH,255,BROADCAST,0,HEARTBEAT,48,HEARTBEAT,0,0,0,0,0,0,0x0C007FC0
1777171186.018,136936,3,1,CDH,255,BROADCAST,0,HEARTBEAT,48,HEARTBEAT,0,0,0,0,0,0,0x0C007FC0
1777171187.023,137934,3,1,CDH,255,BROADCAST,0,HEARTBEAT,48,HEARTBEAT,0,0,0,0,0,0,0x0C007FC0
1777171188.014,138932,3,1,CDH,255,BROADCAST,0,HEARTBEAT,48,HEARTBEAT,0,0,0,0,0,0,0x0C007FC0
1777171189.014,139930,3,1,CDH,255,BROADCAST,0,HEARTBEAT,48,HEARTBEAT,0,0,0,0,0,0,0x0C007FC0
1777171190.010,140928,3,1,CDH,255,BROADCAST,0,HEARTBEAT,48,HEARTBEAT,0,0,0,0,0,0,0x0C007FC0
1777171191.027,141926,3,1,CDH,255,BROADCAST,0,HEARTBEAT,48,HEARTBEAT,0,0,0,0,0,0,0x0C007FC0
1777171192.005,142924,3,1,CDH,255,BROADCAST,0,HEARTBEAT,48,HEARTBEAT,0,0,0,0,0,0,0x0C007FC0
1777171193.003,143921,3,1,CDH,255,BROADCAST,0,HEARTBEAT,48,HEARTBEAT,0,0,0,0,0,0,0x0C007FC0
1777171194.003,144919,3,1,CDH,255,BROADCAST,0,HEARTBEAT,48,HEARTBEAT,0,0,0,0,0,0,0x0C007FC0
1777171195.011,145917,3,1,CDH,255,BROADCAST,0,HEARTBEAT,48,HEARTBEAT,0,0,0,0,0,0,0x0C007FC0
1777171195.997,146915,3,1,CDH,255,BROADCAST,0,HEARTBEAT,48,HEARTBEAT,0,0,0,0,0,0,0x0C007FC0
1777171196.995,147913,3,1,CDH,255,BROADCAST,0,HEARTBEAT,48,HEARTBEAT,0,0,0,0,0,0,0x0C007FC0
1777171197.995,148910,3,1,CDH,255,BROADCAST,0,HEARTBEAT,48,HEARTBEAT,0,0,0,0,0,0,0x0C007FC0
1777171199.011,149908,3,1,CDH,255,BROADCAST,0,HEARTBEAT,48,HEARTBEAT,0,0,0,0,0,0,0x0C007FC0
1777171199.988,150906,3,1,CDH,255,BROADCAST,0,HEARTBEAT,48,HEARTBEAT,0,0,0,0,0,0,0x0C007FC0
1777171200.986,151904,3,1,CDH,255,BROADCAST,0,HEARTBEAT,48,HEARTBEAT,0,0,0,0,0,0,0x0C007FC0
1777171201.984,152901,3,1,CDH,255,BROADCAST,0,HEARTBEAT,48,HEARTBEAT,0,0,0,0,0,0,0x0C007FC0
1777171202.999,153899,3,1,CDH,255,BROADCAST,0,HEARTBEAT,48,HEARTBEAT,0,0,0,0,0,0,0x0C007FC0
1777171203.979,154897,3,1,CDH,255,BROADCAST,0,HEARTBEAT,48,HEARTBEAT,0,0,0,0,0,0,0x0C007FC0
1777171204.978,155895,3,1,CDH,255,BROADCAST,0,HEARTBEAT,48,HEARTBEAT,0,0,0,0,0,0,0x0C007FC0
1777171205.979,156893,3,1,CDH,255,BROADCAST,0,HEARTBEAT,48,HEARTBEAT,0,0,0,0,0,0,0x0C007FC0
1777171207.147,157891,3,1,CDH,255,BROADCAST,0,HEARTBEAT,48,HEARTBEAT,0,0,0,0,0,0,0x0C007FC0
1777171207.971,158889,3,1,CDH,255,BROADCAST,0,HEARTBEAT,48,HEARTBEAT,0,0,0,0,0,0,0x0C007FC0
1777171208.969,159887,3,1,CDH,255,BROADCAST,0,HEARTBEAT,48,HEARTBEAT,0,0,0,0,0,0,0x0C007FC0
1777171209.967,160885,3,1,CDH,255,BROADCAST,0,HEARTBEAT,48,HEARTBEAT,0,0,0,0,0,0,0x0C007FC0
1777171210.996,161882,3,1,CDH,255,BROADCAST,0,HEARTBEAT,48,HEARTBEAT,0,0,0,0,0,0,0x0C007FC0
1777171211.963,162880,3,1,CDH,255,BROADCAST,0,HEARTBEAT,48,HEARTBEAT,0,0,0,0,0,0,0x0C007FC0
1777171212.960,163878,3,1,CDH,255,BROADCAST,0,HEARTBEAT,48,HEARTBEAT,0,0,0,0,0,0,0x0C007FC0
1777171213.967,164876,3,1,CDH,255,BROADCAST,0,HEARTBEAT,48,HEARTBEAT,0,0,0,0,0,0,0x0C007FC0
1777171214.991,165874,3,1,CDH,255,BROADCAST,0,HEARTBEAT,48,HEARTBEAT,0,0,0,0,0,0,0x0C007FC0
1777171215.954,166872,3,1,CDH,255,BROADCAST,0,HEARTBEAT,48,HEARTBEAT,0,0,0,0,0,0,0x0C007FC0
1777171216.951,167869,3,1,CDH,255,BROADCAST,0,HEARTBEAT,48,HEARTBEAT,0,0,0,0,0,0,0x0C007FC0
1777171217.962,168867,3,1,CDH,255,BROADCAST,0,HEARTBEAT,48,HEARTBEAT,0,0,0,0,0,0,0x0C007FC0
1777171218.988,169865,3,1,CDH,255,BROADCAST,0,HEARTBEAT,48,HEARTBEAT,0,0,0,0,0,0,0x0C007FC0
1777171219.946,170864,3,1,CDH,255,BROADCAST,0,HEARTBEAT,48,HEARTBEAT,0,0,0,0,0,0,0x0C007FC0
1777171220.945,171863,3,1,CDH,255,BROADCAST,0,HEARTBEAT,48,HEARTBEAT,0,0,0,0,0,0,0x0C007FC0
1777171221.954,172860,3,1,CDH,255,BROADCAST,0,HEARTBEAT,48,HEARTBEAT,0,0,0,0,0,0,0x0C007FC0
1777171222.972,173858,3,1,CDH,255,BROADCAST,0,HEARTBEAT,48,HEARTBEAT,0,0,0,0,0,0,0x0C007FC0
1777171223.939,174856,3,1,CDH,255,BROADCAST,0,HEARTBEAT,48,HEARTBEAT,0,0,0,0,0,0,0x0C007FC0
1777171224.937,175854,3,1,CDH,255,BROADCAST,0,HEARTBEAT,48,HEARTBEAT,0,0,0,0,0,0,0x0C007FC0
1777171225.965,176852,3,1,CDH,255,BROADCAST,0,HEARTBEAT,48,HEARTBEAT,0,0,0,0,0,0,0x0C007FC0
1777171226.982,177849,3,1,CDH,255,BROADCAST,0,HEARTBEAT,48,HEARTBEAT,0,0,0,0,0,0,0x0C007FC0
1777171227.930,178847,3,1,CDH,255,BROADCAST,0,HEARTBEAT,48,HEARTBEAT,0,0,0,0,0,0,0x0C007FC0
1777171228.928,179845,3,1,CDH,255,BROADCAST,0,HEARTBEAT,48,HEARTBEAT,0,0,0,0,0,0,0x0C007FC0
1777171229.939,180843,3,1,CDH,255,BROADCAST,0,HEARTBEAT,48,HEARTBEAT,0,0,0,0,0,0,0x0C007FC0
1777171230.967,181841,3,1,CDH,255,BROADCAST,0,HEARTBEAT,48,HEARTBEAT,0,0,0,0,0,0,0x0C007FC0
1777171231.922,182838,3,1,CDH,255,BROADCAST,0,HEARTBEAT,48,HEARTBEAT,0,0,0,0,0,0,0x0C007FC0
1777171232.919,183836,3,1,CDH,255,BROADCAST,0,HEARTBEAT,48,HEARTBEAT,0,0,0,0,0,0,0x0C007FC0
1777171233.927,184834,3,1,CDH,255,BROADCAST,0,HEARTBEAT,48,HEARTBEAT,0,0,0,0,0,0,0x0C007FC0
1777171234.915,185832,3,1,CDH,255,BROADCAST,0,HEARTBEAT,48,HEARTBEAT,0,0,0,0,0,0,0x0C007FC0
1777171235.913,186830,3,1,CDH,255,BROADCAST,0,HEARTBEAT,48,HEARTBEAT,0,0,0,0,0,0,0x0C007FC0
1777171236.911,187828,3,1,CDH,255,BROADCAST,0,HEARTBEAT,48,HEARTBEAT,0,0,0,0,0,0,0x0C007FC0
1777171237.932,188826,3,1,CDH,255,BROADCAST,0,HEARTBEAT,48,HEARTBEAT,0,0,0,0,0,0,0x0C007FC0
1777171238.906,189823,3,1,CDH,255,BROADCAST,0,HEARTBEAT,48,HEARTBEAT,0,0,0,0,0,0,0x0C007FC0
1777171239.904,190821,3,1,CDH,255,BROADCAST,0,HEARTBEAT,48,HEARTBEAT,0,0,0,0,0,0,0x0C007FC0
1777171240.902,191819,3,1,CDH,255,BROADCAST,0,HEARTBEAT,48,HEARTBEAT,0,0,0,0,0,0,0x0C007FC0
1777171241.913,192817,3,1,CDH,255,BROADCAST,0,HEARTBEAT,48,HEARTBEAT,0,0,0,0,0,0,0x0C007FC0
1777171242.897,193815,3,1,CDH,255,BROADCAST,0,HEARTBEAT,48,HEARTBEAT,0,0,0,0,0,0,0x0C007FC0
1777171243.895,194813,3,1,CDH,255,BROADCAST,0,HEARTBEAT,48,HEARTBEAT,0,0,0,0,0,0,0x0C007FC0
1777171244.902,195810,3,1,CDH,255,BROADCAST,0,HEARTBEAT,48,HEARTBEAT,0,0,0,0,0,0,0x0C007FC0
1777171245.915,196808,3,1,CDH,255,BROADCAST,0,HEARTBEAT,48,HEARTBEAT,0,0,0,0,0,0,0x0C007FC0
1777171246.889,197806,3,1,CDH,255,BROADCAST,0,HEARTBEAT,48,HEARTBEAT,0,0,0,0,0,0,0x0C007FC0
1777171247.891,198804,3,1,CDH,255,BROADCAST,0,HEARTBEAT,48,HEARTBEAT,0,0,0,0,0,0,0x0C007FC0
1777171248.887,199802,3,1,CDH,255,BROADCAST,0,HEARTBEAT,48,HEARTBEAT,0,0,0,0,0,0,0x0C007FC0
1777171249.912,200800,3,1,CDH,255,BROADCAST,0,HEARTBEAT,48,HEARTBEAT,0,0,0,0,0,0,0x0C007FC0
1777171250.880,201798,3,1,CDH,255,BROADCAST,0,HEARTBEAT,48,HEARTBEAT,0,0,0,0,0,0,0x0C007FC0
1777171251.878,202795,3,1,CDH,255,BROADCAST,0,HEARTBEAT,48,HEARTBEAT,0,0,0,0,0,0,0x0C007FC0
1777171252.877,203793,3,1,CDH,255,BROADCAST,0,HEARTBEAT,48,HEARTBEAT,0,0,0,0,0,0,0x0C007FC0
1777171253.899,204791,3,1,CDH,255,BROADCAST,0,HEARTBEAT,48,HEARTBEAT,0,0,0,0,0,0,0x0C007FC0
1777171254.873,205789,3,1,CDH,255,BROADCAST,0,HEARTBEAT,48,HEARTBEAT,0,0,0,0,0,0,0x0C007FC0
1777171255.870,206787,3,1,CDH,255,BROADCAST,0,HEARTBEAT,48,HEARTBEAT,0,0,0,0,0,0,0x0C007FC0
1777171256.873,207785,3,1,CDH,255,BROADCAST,0,HEARTBEAT,48,HEARTBEAT,0,0,0,0,0,0,0x0C007FC0
1777171257.934,208783,3,1,CDH,255,BROADCAST,0,HEARTBEAT,48,HEARTBEAT,0,0,0,0,0,0,0x0C007FC0
1777171258.864,209781,3,1,CDH,255,BROADCAST,0,HEARTBEAT,48,HEARTBEAT,0,0,0,0,0,0,0x0C007FC0
1777171259.862,210779,3,1,CDH,255,BROADCAST,0,HEARTBEAT,48,HEARTBEAT,0,0,0,0,0,0,0x0C007FC0
1777171260.860,211777,3,1,CDH,255,BROADCAST,0,HEARTBEAT,48,HEARTBEAT,0,0,0,0,0,0,0x0C007FC0
1777171261.887,212774,3,1,CDH,255,BROADCAST,0,HEARTBEAT,48,HEARTBEAT,0,0,0,0,0,0,0x0C007FC0
1777171262.856,213772,3,1,CDH,255,BROADCAST,0,HEARTBEAT,48,HEARTBEAT,0,0,0,0,0,0,0x0C007FC0
1777171263.853,214770,3,1,CDH,255,BROADCAST,0,HEARTBEAT,48,HEARTBEAT,0,0,0,0,0,0,0x0C007FC0
1777171264.861,215768,3,1,CDH,255,BROADCAST,0,HEARTBEAT,48,HEARTBEAT,0,0,0,0,0,0,0x0C007FC0
1777171265.879,216766,3,1,CDH,255,BROADCAST,0,HEARTBEAT,48,HEARTBEAT,0,0,0,0,0,0,0x0C007FC0
1777171266.848,217764,3,1,CDH,255,BROADCAST,0,HEARTBEAT,48,HEARTBEAT,0,0,0,0,0,0,0x0C007FC0
1777171267.845,218762,3,1,CDH,255,BROADCAST,0,HEARTBEAT,48,HEARTBEAT,0,0,0,0,0,0,0x0C007FC0
1777171268.846,219760,3,1,CDH,255,BROADCAST,0,HEARTBEAT,48,HEARTBEAT,0,0,0,0,0,0,0x0C007FC0
1777171269.875,220758,3,1,CDH,255,BROADCAST,0,HEARTBEAT,48,HEARTBEAT,0,0,0,0,0,0,0x0C007FC0
1777171270.839,221756,3,1,CDH,255,BROADCAST,0,HEARTBEAT,48,HEARTBEAT,0,0,0,0,0,0,0x0C007FC0
1777171271.837,222754,3,1,CDH,255,BROADCAST,0,HEARTBEAT,48,HEARTBEAT,0,0,0,0,0,0,0x0C007FC0
1777171272.850,223751,3,1,CDH,255,BROADCAST,0,HEARTBEAT,48,HEARTBEAT,0,0,0,0,0,0,0x0C007FC0
1777171273.866,224749,3,1,CDH,255,BROADCAST,0,HEARTBEAT,48,HEARTBEAT,0,0,0,0,0,0,0x0C007FC0
1777171274.830,225747,3,1,CDH,255,BROADCAST,0,HEARTBEAT,48,HEARTBEAT,0,0,0,0,0,0,0x0C007FC0
1777171275.828,226745,3,1,CDH,255,BROADCAST,0,HEARTBEAT,48,HEARTBEAT,0,0,0,0,0,0,0x0C007FC0
1777171276.845,227743,3,1,CDH,255,BROADCAST,0,HEARTBEAT,48,HEARTBEAT,0,0,0,0,0,0,0x0C007FC0
1777171277.981,228741,3,1,CDH,255,BROADCAST,0,HEARTBEAT,48,HEARTBEAT,0,0,0,0,0,0,0x0C007FC0
1777171278.822,229739,3,1,CDH,255,BROADCAST,0,HEARTBEAT,48,HEARTBEAT,0,0,0,0,0,0,0x0C007FC0
1777171279.820,230736,3,1,CDH,255,BROADCAST,0,HEARTBEAT,48,HEARTBEAT,0,0,0,0,0,0,0x0C007FC0
1777171280.839,231734,3,1,CDH,255,BROADCAST,0,HEARTBEAT,48,HEARTBEAT,0,0,0,0,0,0,0x0C007FC0
1777171281.816,232732,3,1,CDH,255,BROADCAST,0,HEARTBEAT,48,HEARTBEAT,0,0,0,0,0,0,0x0C007FC0
1777171282.817,233730,3,1,CDH,255,BROADCAST,0,HEARTBEAT,48,HEARTBEAT,0,0,0,0,0,0,0x0C007FC0
1777171283.814,234728,3,1,CDH,255,BROADCAST,0,HEARTBEAT,48,HEARTBEAT,0,0,0,0,0,0,0x0C007FC0
1777171284.833,235726,3,1,CDH,255,BROADCAST,0,HEARTBEAT,48,HEARTBEAT,0,0,0,0,0,0,0x0C007FC0
1777171285.807,236724,3,1,CDH,255,BROADCAST,0,HEARTBEAT,48,HEARTBEAT,0,0,0,0,0,0,0x0C007FC0
1777171286.805,237721,3,1,CDH,255,BROADCAST,0,HEARTBEAT,48,HEARTBEAT,0,0,0,0,0,0,0x0C007FC0
1777171287.803,238719,3,1,CDH,255,BROADCAST,0,HEARTBEAT,48,HEARTBEAT,0,0,0,0,0,0,0x0C007FC0
1777171288.814,239717,3,1,CDH,255,BROADCAST,0,HEARTBEAT,48,HEARTBEAT,0,0,0,0,0,0,0x0C007FC0
1777171289.799,240716,3,1,CDH,255,BROADCAST,0,HEARTBEAT,48,HEARTBEAT,0,0,0,0,0,0,0x0C007FC0
1777171290.799,241714,3,1,CDH,255,BROADCAST,0,HEARTBEAT,48,HEARTBEAT,0,0,0,0,0,0,0x0C007FC0
1777171291.796,242712,3,1,CDH,255,BROADCAST,0,HEARTBEAT,48,HEARTBEAT,0,0,0,0,0,0,0x0C007FC0
1777171292.819,243710,3,1,CDH,255,BROADCAST,0,HEARTBEAT,48,HEARTBEAT,0,0,0,0,0,0,0x0C007FC0
1777171293.791,244708,3,1,CDH,255,BROADCAST,0,HEARTBEAT,48,HEARTBEAT,0,0,0,0,0,0,0x0C007FC0
1777171294.789,245706,3,1,CDH,255,BROADCAST,0,HEARTBEAT,48,HEARTBEAT,0,0,0,0,0,0,0x0C007FC0
1777171295.787,246704,3,1,CDH,255,BROADCAST,0,HEARTBEAT,48,HEARTBEAT,0,0,0,0,0,0,0x0C007FC0
1777171296.814,247702,3,1,CDH,255,BROADCAST,0,HEARTBEAT,48,HEARTBEAT,0,0,0,0,0,0,0x0C007FC0
1777171297.784,248699,3,1,CDH,255,BROADCAST,0,HEARTBEAT,48,HEARTBEAT,0,0,0,0,0,0,0x0C007FC0
1777171298.783,249697,3,1,CDH,255,BROADCAST,0,HEARTBEAT,48,HEARTBEAT,0,0,0,0,0,0,0x0C007FC0
1777171299.783,250695,3,1,CDH,255,BROADCAST,0,HEARTBEAT,48,HEARTBEAT,0,0,0,0,0,0,0x0C007FC0
1777171300.808,251693,3,1,CDH,255,BROADCAST,0,HEARTBEAT,48,HEARTBEAT,0,0,0,0,0,0,0x0C007FC0
1777171301.774,252691,3,1,CDH,255,BROADCAST,0,HEARTBEAT,48,HEARTBEAT,0,0,0,0,0,0,0x0C007FC0
1777171302.772,253688,3,1,CDH,255,BROADCAST,0,HEARTBEAT,48,HEARTBEAT,0,0,0,0,0,0,0x0C007FC0
1777171303.774,254686,3,1,CDH,255,BROADCAST,0,HEARTBEAT,48,HEARTBEAT,0,0,0,0,0,0,0x0C007FC0
1777171304.831,255684,3,1,CDH,255,BROADCAST,0,HEARTBEAT,48,HEARTBEAT,0,0,0,0,0,0,0x0C007FC0
1777171305.766,256682,3,1,CDH,255,BROADCAST,0,HEARTBEAT,48,HEARTBEAT,0,0,0,0,0,0,0x0C007FC0
1777171306.763,257680,3,1,CDH,255,BROADCAST,0,HEARTBEAT,48,HEARTBEAT,0,0,0,0,0,0,0x0C007FC0
1777171307.771,258678,3,1,CDH,255,BROADCAST,0,HEARTBEAT,48,HEARTBEAT,0,0,0,0,0,0,0x0C007FC0
1777171308.798,259676,3,1,CDH,255,BROADCAST,0,HEARTBEAT,48,HEARTBEAT,0,0,0,0,0,0,0x0C007FC0
1777171309.757,260674,3,1,CDH,255,BROADCAST,0,HEARTBEAT,48,HEARTBEAT,0,0,0,0,0,0,0x0C007FC0
1777171310.755,261671,3,1,CDH,255,BROADCAST,0,HEARTBEAT,48,HEARTBEAT,0,0,0,0,0,0,0x0C007FC0
1777171311.765,262669,3,1,CDH,255,BROADCAST,0,HEARTBEAT,48,HEARTBEAT,0,0,0,0,0,0,0x0C007FC0
1777171312.800,263667,3,1,CDH,255,BROADCAST,0,HEARTBEAT,48,HEARTBEAT,0,0,0,0,0,0,0x0C007FC0
1777171313.749,264665,3,1,CDH,255,BROADCAST,0,HEARTBEAT,48,HEARTBEAT,0,0,0,0,0,0,0x0C007FC0
1777171314.747,265663,3,1,CDH,255,BROADCAST,0,HEARTBEAT,48,HEARTBEAT,0,0,0,0,0,0,0x0C007FC0
1777171315.785,266661,3,1,CDH,255,BROADCAST,0,HEARTBEAT,48,HEARTBEAT,0,0,0,0,0,0,0x0C007FC0
1777171316.780,267659,3,1,CDH,255,BROADCAST,0,HEARTBEAT,48,HEARTBEAT,0,0,0,0,0,0,0x0C007FC0
1777171317.740,268657,3,1,CDH,255,BROADCAST,0,HEARTBEAT,48,HEARTBEAT,0,0,0,0,0,0,0x0C007FC0
1777171318.738,269654,3,1,CDH,255,BROADCAST,0,HEARTBEAT,48,HEARTBEAT,0,0,0,0,0,0,0x0C007FC0
1777171319.748,270652,3,1,CDH,255,BROADCAST,0,HEARTBEAT,48,HEARTBEAT,0,0,0,0,0,0,0x0C007FC0
1777171320.768,271650,3,1,CDH,255,BROADCAST,0,HEARTBEAT,48,HEARTBEAT,0,0,0,0,0,0,0x0C007FC0
1777171321.732,272648,3,1,CDH,255,BROADCAST,0,HEARTBEAT,48,HEARTBEAT,0,0,0,0,0,0,0x0C007FC0
1777171322.730,273646,3,1,CDH,255,BROADCAST,0,HEARTBEAT,48,HEARTBEAT,0,0,0,0,0,0,0x0C007FC0
1777171323.746,274644,3,1,CDH,255,BROADCAST,0,HEARTBEAT,48,HEARTBEAT,0,0,0,0,0,0,0x0C007FC0
1777171324.781,275642,3,1,CDH,255,BROADCAST,0,HEARTBEAT,48,HEARTBEAT,0,0,0,0,0,0,0x0C007FC0
1777171325.724,276640,3,1,CDH,255,BROADCAST,0,HEARTBEAT,48,HEARTBEAT,0,0,0,0,0,0,0x0C007FC0
1777171326.722,277638,3,1,CDH,255,BROADCAST,0,HEARTBEAT,48,HEARTBEAT,0,0,0,0,0,0,0x0C007FC0
1777171327.732,278636,3,1,CDH,255,BROADCAST,0,HEARTBEAT,48,HEARTBEAT,0,0,0,0,0,0,0x0C007FC0
1777171328.764,279634,3,1,CDH,255,BROADCAST,0,HEARTBEAT,48,HEARTBEAT,0,0,0,0,0,0,0x0C007FC0
1777171329.716,280631,3,1,CDH,255,BROADCAST,0,HEARTBEAT,48,HEARTBEAT,0,0,0,0,0,0,0x0C007FC0
1777171330.714,281629,3,1,CDH,255,BROADCAST,0,HEARTBEAT,48,HEARTBEAT,0,0,0,0,0,0,0x0C007FC0
1777171331.730,282627,3,1,CDH,255,BROADCAST,0,HEARTBEAT,48,HEARTBEAT,0,0,0,0,0,0,0x0C007FC0
1777171332.709,283625,3,1,CDH,255,BROADCAST,0,HEARTBEAT,48,HEARTBEAT,0,0,0,0,0,0,0x0C007FC0
1777171333.707,284623,3,1,CDH,255,BROADCAST,0,HEARTBEAT,48,HEARTBEAT,0,0,0,0,0,0,0x0C007FC0
1777171334.705,285621,3,1,CDH,255,BROADCAST,0,HEARTBEAT,48,HEARTBEAT,0,0,0,0,0,0,0x0C007FC0
1777171335.725,286619,3,1,CDH,255,BROADCAST,0,HEARTBEAT,48,HEARTBEAT,0,0,0,0,0,0,0x0C007FC0
1777171336.701,287616,3,1,CDH,255,BROADCAST,0,HEARTBEAT,48,HEARTBEAT,0,0,0,0,0,0,0x0C007FC0
1777171337.698,288614,3,1,CDH,255,BROADCAST,0,HEARTBEAT,48,HEARTBEAT,0,0,0,0,0,0,0x0C007FC0
1777171338.697,289612,3,1,CDH,255,BROADCAST,0,HEARTBEAT,48,HEARTBEAT,0,0,0,0,0,0,0x0C007FC0
1777171339.719,290610,3,1,CDH,255,BROADCAST,0,HEARTBEAT,48,HEARTBEAT,0,0,0,0,0,0,0x0C007FC0
1777171340.693,291608,3,1,CDH,255,BROADCAST,0,HEARTBEAT,48,HEARTBEAT,0,0,0,0,0,0,0x0C007FC0
1777171341.690,292606,3,1,CDH,255,BROADCAST,0,HEARTBEAT,48,HEARTBEAT,0,0,0,0,0,0,0x0C007FC0
1777171342.688,293604,3,1,CDH,255,BROADCAST,0,HEARTBEAT,48,HEARTBEAT,0,0,0,0,0,0,0x0C007FC0
1777171343.713,294602,3,1,CDH,255,BROADCAST,0,HEARTBEAT,48,HEARTBEAT,0,0,0,0,0,0,0x0C007FC0
1777171344.684,295600,3,1,CDH,255,BROADCAST,0,HEARTBEAT,48,HEARTBEAT,0,0,0,0,0,0,0x0C007FC0
1777171345.682,296598,3,1,CDH,255,BROADCAST,0,HEARTBEAT,48,HEARTBEAT,0,0,0,0,0,0,0x0C007FC0
1777171346.682,297596,3,1,CDH,255,BROADCAST,0,HEARTBEAT,48,HEARTBEAT,0,0,0,0,0,0,0x0C007FC0
1777171347.708,298594,3,1,CDH,255,BROADCAST,0,HEARTBEAT,48,HEARTBEAT,0,0,0,0,0,0,0x0C007FC0
1777171348.677,299592,3,1,CDH,255,BROADCAST,0,HEARTBEAT,48,HEARTBEAT,0,0,0,0,0,0,0x0C007FC0
1777171349.674,300590,3,1,CDH,255,BROADCAST,0,HEARTBEAT,48,HEARTBEAT,0,0,0,0,0,0,0x0C007FC0
1777171350.676,301588,3,1,CDH,255,BROADCAST,0,HEARTBEAT,48,HEARTBEAT,0,0,0,0,0,0,0x0C007FC0
1777171351.704,302586,3,1,CDH,255,BROADCAST,0,HEARTBEAT,48,HEARTBEAT,0,0,0,0,0,0,0x0C007FC0
1777171352.668,303584,3,1,CDH,255,BROADCAST,0,HEARTBEAT,48,HEARTBEAT,0,0,0,0,0,0,0x0C007FC0
1777171353.666,304581,3,1,CDH,255,BROADCAST,0,HEARTBEAT,48,HEARTBEAT,0,0,0,0,0,0,0x0C007FC0
1777171354.670,305581,3,1,CDH,255,BROADCAST,0,HEARTBEAT,48,HEARTBEAT,0,0,0,0,0,0,0x0C007FC0
1777171355.695,306579,3,1,CDH,255,BROADCAST,0,HEARTBEAT,48,HEARTBEAT,0,0,0,0,0,0,0x0C007FC0
1777171356.662,307578,3,1,CDH,255,BROADCAST,0,HEARTBEAT,48,HEARTBEAT,0,0,0,0,0,0,0x0C007FC0
1777171357.660,308575,3,1,CDH,255,BROADCAST,0,HEARTBEAT,48,HEARTBEAT,0,0,0,0,0,0,0x0C007FC0
1777171358.664,309573,3,1,CDH,255,BROADCAST,0,HEARTBEAT,48,HEARTBEAT,0,0,0,0,0,0,0x0C007FC0
1777171359.699,310571,3,1,CDH,255,BROADCAST,0,HEARTBEAT,48,HEARTBEAT,0,0,0,0,0,0,0x0C007FC0
1777171360.654,311569,3,1,CDH,255,BROADCAST,0,HEARTBEAT,48,HEARTBEAT,0,0,0,0,0,0,0x0C007FC0
1777171361.652,312567,3,1,CDH,255,BROADCAST,0,HEARTBEAT,48,HEARTBEAT,0,0,0,0,0,0,0x0C007FC0
1777171362.657,313565,3,1,CDH,255,BROADCAST,0,HEARTBEAT,48,HEARTBEAT,0,0,0,0,0,0,0x0C007FC0
1777171363.696,314563,3,1,CDH,255,BROADCAST,0,HEARTBEAT,48,HEARTBEAT,0,0,0,0,0,0,0x0C007FC0
1777171364.646,315561,3,1,CDH,255,BROADCAST,0,HEARTBEAT,48,HEARTBEAT,0,0,0,0,0,0,0x0C007FC0
1777171365.644,316559,3,1,CDH,255,BROADCAST,0,HEARTBEAT,48,HEARTBEAT,0,0,0,0,0,0,0x0C007FC0
1777171366.648,317557,3,1,CDH,255,BROADCAST,0,HEARTBEAT,48,HEARTBEAT,0,0,0,0,0,0,0x0C007FC0
1777171367.667,318555,3,1,CDH,255,BROADCAST,0,HEARTBEAT,48,HEARTBEAT,0,0,0,0,0,0,0x0C007FC0
1777171368.638,319553,3,1,CDH,255,BROADCAST,0,HEARTBEAT,48,HEARTBEAT,0,0,0,0,0,0,0x0C007FC0
1777171369.636,320551,3,1,CDH,255,BROADCAST,0,HEARTBEAT,48,HEARTBEAT,0,0,0,0,0,0,0x0C007FC0
1777171370.641,321548,3,1,CDH,255,BROADCAST,0,HEARTBEAT,48,HEARTBEAT,0,0,0,0,0,0,0x0C007FC0
1777171371.659,322546,3,1,CDH,255,BROADCAST,0,HEARTBEAT,48,HEARTBEAT,0,0,0,0,0,0,0x0C007FC0
1777171372.630,323544,3,1,CDH,255,BROADCAST,0,HEARTBEAT,48,HEARTBEAT,0,0,0,0,0,0,0x0C007FC0
1777171373.633,324542,3,1,CDH,255,BROADCAST,0,HEARTBEAT,48,HEARTBEAT,0,0,0,0,0,0,0x0C007FC0
1777171374.636,325540,3,1,CDH,255,BROADCAST,0,HEARTBEAT,48,HEARTBEAT,0,0,0,0,0,0,0x0C007FC0
1777171375.663,326538,3,1,CDH,255,BROADCAST,0,HEARTBEAT,48,HEARTBEAT,0,0,0,0,0,0,0x0C007FC0
1777171376.621,327536,3,1,CDH,255,BROADCAST,0,HEARTBEAT,48,HEARTBEAT,0,0,0,0,0,0,0x0C007FC0
1777171377.619,328534,3,1,CDH,255,BROADCAST,0,HEARTBEAT,48,HEARTBEAT,0,0,0,0,0,0,0x0C007FC0
1777171378.632,329531,3,1,CDH,255,BROADCAST,0,HEARTBEAT,48,HEARTBEAT,0,0,0,0,0,0,0x0C007FC0
1777171379.648,330529,3,1,CDH,255,BROADCAST,0,HEARTBEAT,48,HEARTBEAT,0,0,0,0,0,0,0x0C007FC0
1777171380.612,331527,3,1,CDH,255,BROADCAST,0,HEARTBEAT,48,HEARTBEAT,0,0,0,0,0,0,0x0C007FC0
1777171381.611,332525,3,1,CDH,255,BROADCAST,0,HEARTBEAT,48,HEARTBEAT,0,0,0,0,0,0,0x0C007FC0
1777171382.614,333523,3,1,CDH,255,BROADCAST,0,HEARTBEAT,48,HEARTBEAT,0,0,0,0,0,0,0x0C007FC0
1777171383.651,334521,3,1,CDH,255,BROADCAST,0,HEARTBEAT,48,HEARTBEAT,0,0,0,0,0,0,0x0C007FC0
1777171384.604,335519,3,1,CDH,255,BROADCAST,0,HEARTBEAT,48,HEARTBEAT,0,0,0,0,0,0,0x0C007FC0
1777171385.602,336516,3,1,CDH,255,BROADCAST,0,HEARTBEAT,48,HEARTBEAT,0,0,0,0,0,0,0x0C007FC0
1777171386.624,337514,3,1,CDH,255,BROADCAST,0,HEARTBEAT,48,HEARTBEAT,0,0,0,0,0,0,0x0C007FC0
1777171387.598,338513,3,1,CDH,255,BROADCAST,0,HEARTBEAT,48,HEARTBEAT,0,0,0,0,0,0,0x0C007FC0
1777171388.596,339511,3,1,CDH,255,BROADCAST,0,HEARTBEAT,48,HEARTBEAT,0,0,0,0,0,0,0x0C007FC0
1777171389.594,340509,3,1,CDH,255,BROADCAST,0,HEARTBEAT,48,HEARTBEAT,0,0,0,0,0,0,0x0C007FC0
1777171390.606,341507,3,1,CDH,255,BROADCAST,0,HEARTBEAT,48,HEARTBEAT,0,0,0,0,0,0,0x0C007FC0
1777171391.590,342505,3,1,CDH,255,BROADCAST,0,HEARTBEAT,48,HEARTBEAT,0,0,0,0,0,0,0x0C007FC0
1777171392.588,343503,3,1,CDH,255,BROADCAST,0,HEARTBEAT,48,HEARTBEAT,0,0,0,0,0,0,0x0C007FC0
1777171393.588,344500,3,1,CDH,255,BROADCAST,0,HEARTBEAT,48,HEARTBEAT,0,0,0,0,0,0,0x0C007FC0
1777171394.604,345498,3,1,CDH,255,BROADCAST,0,HEARTBEAT,48,HEARTBEAT,0,0,0,0,0,0,0x0C007FC0
1777171395.581,346496,3,1,CDH,255,BROADCAST,0,HEARTBEAT,48,HEARTBEAT,0,0,0,0,0,0,0x0C007FC0
1777171396.580,347494,3,1,CDH,255,BROADCAST,0,HEARTBEAT,48,HEARTBEAT,0,0,0,0,0,0,0x0C007FC0
1777171397.577,348492,3,1,CDH,255,BROADCAST,0,HEARTBEAT,48,HEARTBEAT,0,0,0,0,0,0,0x0C007FC0
1777171398.591,349490,3,1,CDH,255,BROADCAST,0,HEARTBEAT,48,HEARTBEAT,0,0,0,0,0,0,0x0C007FC0
1777171399.573,350488,3,1,CDH,255,BROADCAST,0,HEARTBEAT,48,HEARTBEAT,0,0,0,0,0,0,0x0C007FC0
1777171400.573,351486,3,1,CDH,255,BROADCAST,0,HEARTBEAT,48,HEARTBEAT,0,0,0,0,0,0,0x0C007FC0
1777171401.569,352483,3,1,CDH,255,BROADCAST,0,HEARTBEAT,48,HEARTBEAT,0,0,0,0,0,0,0x0C007FC0
1777171402.583,353481,3,1,CDH,255,BROADCAST,0,HEARTBEAT,48,HEARTBEAT,0,0,0,0,0,0,0x0C007FC0
1777171403.564,354479,3,1,CDH,255,BROADCAST,0,HEARTBEAT,48,HEARTBEAT,0,0,0,0,0,0,0x0C007FC0
1777171404.562,355477,3,1,CDH,255,BROADCAST,0,HEARTBEAT,48,HEARTBEAT,0,0,0,0,0,0,0x0C007FC0
1777171405.564,356475,3,1,CDH,255,BROADCAST,0,HEARTBEAT,48,HEARTBEAT,0,0,0,0,0,0,0x0C007FC0
1777171406.589,357473,3,1,CDH,255,BROADCAST,0,HEARTBEAT,48,HEARTBEAT,0,0,0,0,0,0,0x0C007FC0
1777171407.556,358471,3,1,CDH,255,BROADCAST,0,HEARTBEAT,48,HEARTBEAT,0,0,0,0,0,0,0x0C007FC0
1777171408.554,359469,3,1,CDH,255,BROADCAST,0,HEARTBEAT,48,HEARTBEAT,0,0,0,0,0,0,0x0C007FC0
1777171409.559,360467,3,1,CDH,255,BROADCAST,0,HEARTBEAT,48,HEARTBEAT,0,0,0,0,0,0,0x0C007FC0
1777171410.600,361465,3,1,CDH,255,BROADCAST,0,HEARTBEAT,48,HEARTBEAT,0,0,0,0,0,0,0x0C007FC0
1777171411.548,362463,3,1,CDH,255,BROADCAST,0,HEARTBEAT,48,HEARTBEAT,0,0,0,0,0,0,0x0C007FC0
1777171412.546,363460,3,1,CDH,255,BROADCAST,0,HEARTBEAT,48,HEARTBEAT,0,0,0,0,0,0,0x0C007FC0
1777171413.602,364458,3,1,CDH,255,BROADCAST,0,HEARTBEAT,48,HEARTBEAT,0,0,0,0,0,0,0x0C007FC0
1777171414.597,365456,3,1,CDH,255,BROADCAST,0,HEARTBEAT,48,HEARTBEAT,0,0,0,0,0,0,0x0C007FC0
1777171415.540,366454,3,1,CDH,255,BROADCAST,0,HEARTBEAT,48,HEARTBEAT,0,0,0,0,0,0,0x0C007FC0
1777171416.538,367452,3,1,CDH,255,BROADCAST,0,HEARTBEAT,48,HEARTBEAT,0,0,0,0,0,0,0x0C007FC0
1777171417.549,368450,3,1,CDH,255,BROADCAST,0,HEARTBEAT,48,HEARTBEAT,0,0,0,0,0,0,0x0C007FC0
1777171418.573,369448,3,1,CDH,255,BROADCAST,0,HEARTBEAT,48,HEARTBEAT,0,0,0,0,0,0,0x0C007FC0
1777171419.532,370447,3,1,CDH,255,BROADCAST,0,HEARTBEAT,48,HEARTBEAT,0,0,0,0,0,0,0x0C007FC0
1777171420.530,371445,3,1,CDH,255,BROADCAST,0,HEARTBEAT,48,HEARTBEAT,0,0,0,0,0,0,0x0C007FC0
1777171421.538,372442,3,1,CDH,255,BROADCAST,0,HEARTBEAT,48,HEARTBEAT,0,0,0,0,0,0,0x0C007FC0
1777171422.591,373440,3,1,CDH,255,BROADCAST,0,HEARTBEAT,48,HEARTBEAT,0,0,0,0,0,0,0x0C007FC0
1777171423.524,374438,3,1,CDH,255,BROADCAST,0,HEARTBEAT,48,HEARTBEAT,0,0,0,0,0,0,0x0C007FC0
1777171424.522,375436,3,1,CDH,255,BROADCAST,0,HEARTBEAT,48,HEARTBEAT,0,0,0,0,0,0,0x0C007FC0
1777171425.564,376434,3,1,CDH,255,BROADCAST,0,HEARTBEAT,48,HEARTBEAT,0,0,0,0,0,0,0x0C007FC0
1777171426.562,377432,3,1,CDH,255,BROADCAST,0,HEARTBEAT,48,HEARTBEAT,0,0,0,0,0,0,0x0C007FC0
1777171427.516,378430,3,1,CDH,255,BROADCAST,0,HEARTBEAT,48,HEARTBEAT,0,0,0,0,0,0,0x0C007FC0
1777171428.514,379428,3,1,CDH,255,BROADCAST,0,HEARTBEAT,48,HEARTBEAT,0,0,0,0,0,0,0x0C007FC0
1777171429.525,380426,3,1,CDH,255,BROADCAST,0,HEARTBEAT,48,HEARTBEAT,0,0,0,0,0,0,0x0C007FC0
1777171430.543,381424,3,1,CDH,255,BROADCAST,0,HEARTBEAT,48,HEARTBEAT,0,0,0,0,0,0,0x0C007FC0
1777171431.507,382422,3,1,CDH,255,BROADCAST,0,HEARTBEAT,48,HEARTBEAT,0,0,0,0,0,0,0x0C007FC0
1777171432.506,383420,3,1,CDH,255,BROADCAST,0,HEARTBEAT,48,HEARTBEAT,0,0,0,0,0,0,0x0C007FC0
1777171433.518,384417,3,1,CDH,255,BROADCAST,0,HEARTBEAT,48,HEARTBEAT,0,0,0,0,0,0,0x0C007FC0
1777171434.543,385415,3,1,CDH,255,BROADCAST,0,HEARTBEAT,48,HEARTBEAT,0,0,0,0,0,0,0x0C007FC0
1777171435.500,386413,3,1,CDH,255,BROADCAST,0,HEARTBEAT,48,HEARTBEAT,0,0,0,0,0,0,0x0C007FC0
1777171436.497,387411,3,1,CDH,255,BROADCAST,0,HEARTBEAT,48,HEARTBEAT,0,0,0,0,0,0,0x0C007FC0
1777171437.511,388409,3,1,CDH,255,BROADCAST,0,HEARTBEAT,48,HEARTBEAT,0,0,0,0,0,0,0x0C007FC0
1777171438.498,389407,3,1,CDH,255,BROADCAST,0,HEARTBEAT,48,HEARTBEAT,0,0,0,0,0,0,0x0C007FC0
1777171439.493,390405,3,1,CDH,255,BROADCAST,0,HEARTBEAT,48,HEARTBEAT,0,0,0,0,0,0,0x0C007FC0
1777171440.489,391403,3,1,CDH,255,BROADCAST,0,HEARTBEAT,48,HEARTBEAT,0,0,0,0,0,0,0x0C007FC0
1777171444.480,395394,3,1,CDH,255,BROADCAST,0,HEARTBEAT,48,HEARTBEAT,0,0,0,0,0,0,0x0C007FC0
1777171445.499,396392,3,1,CDH,255,BROADCAST,0,HEARTBEAT,48,HEARTBEAT,0,0,0,0,0,0,0x0C007FC0
1777171446.476,397390,3,1,CDH,255,BROADCAST,0,HEARTBEAT,48,HEARTBEAT,0,0,0,0,0,0,0x0C007FC0
1777171447.474,398388,3,1,CDH,255,BROADCAST,0,HEARTBEAT,48,HEARTBEAT,0,0,0,0,0,0,0x0C007FC0
1777171448.473,399386,3,1,CDH,255,BROADCAST,0,HEARTBEAT,48,HEARTBEAT,0,0,0,0,0,0,0x0C007FC0
1777171449.485,400385,3,1,CDH,255,BROADCAST,0,HEARTBEAT,48,HEARTBEAT,0,0,0,0,0,0,0x0C007FC0
1777171450.469,401383,3,1,CDH,255,BROADCAST,0,HEARTBEAT,48,HEARTBEAT,0,0,0,0,0,0,0x0C007FC0
1777171451.467,402381,3,1,CDH,255,BROADCAST,0,HEARTBEAT,48,HEARTBEAT,0,0,0,0,0,0,0x0C007FC0
1777171452.465,403379,3,1,CDH,255,BROADCAST,0,HEARTBEAT,48,HEARTBEAT,0,0,0,0,0,0,0x0C007FC0
1777171453.492,404376,3,1,CDH,255,BROADCAST,0,HEARTBEAT,48,HEARTBEAT,0,0,0,0,0,0,0x0C007FC0
1777171454.460,405374,3,1,CDH,255,BROADCAST,0,HEARTBEAT,48,HEARTBEAT,0,0,0,0,0,0,0x0C007FC0
1777171455.460,406372,3,1,CDH,255,BROADCAST,0,HEARTBEAT,48,HEARTBEAT,0,0,0,0,0,0,0x0C007FC0
1777171456.456,407370,3,1,CDH,255,BROADCAST,0,HEARTBEAT,48,HEARTBEAT,0,0,0,0,0,0,0x0C007FC0
1777171457.482,408368,3,1,CDH,255,BROADCAST,0,HEARTBEAT,48,HEARTBEAT,0,0,0,0,0,0,0x0C007FC0
1777171458.452,409366,3,1,CDH,255,BROADCAST,0,HEARTBEAT,48,HEARTBEAT,0,0,0,0,0,0,0x0C007FC0
1777171459.450,410364,3,1,CDH,255,BROADCAST,0,HEARTBEAT,48,HEARTBEAT,0,0,0,0,0,0,0x0C007FC0
1777171460.452,411361,3,1,CDH,255,BROADCAST,0,HEARTBEAT,48,HEARTBEAT,0,0,0,0,0,0,0x0C007FC0
1777171461.469,412359,3,1,CDH,255,BROADCAST,0,HEARTBEAT,48,HEARTBEAT,0,0,0,0,0,0,0x0C007FC0
1777171462.443,413357,3,1,CDH,255,BROADCAST,0,HEARTBEAT,48,HEARTBEAT,0,0,0,0,0,0,0x0C007FC0
1777171463.441,414355,3,1,CDH,255,BROADCAST,0,HEARTBEAT,48,HEARTBEAT,0,0,0,0,0,0,0x0C007FC0
1777171464.444,415353,3,1,CDH,255,BROADCAST,0,HEARTBEAT,48,HEARTBEAT,0,0,0,0,0,0,0x0C007FC0
1777171465.470,416351,3,1,CDH,255,BROADCAST,0,HEARTBEAT,48,HEARTBEAT,0,0,0,0,0,0,0x0C007FC0
1777171466.435,417349,3,1,CDH,255,BROADCAST,0,HEARTBEAT,48,HEARTBEAT,0,0,0,0,0,0,0x0C007FC0
1777171467.433,418347,3,1,CDH,255,BROADCAST,0,HEARTBEAT,48,HEARTBEAT,0,0,0,0,0,0,0x0C007FC0
1777171468.438,419345,3,1,CDH,255,BROADCAST,0,HEARTBEAT,48,HEARTBEAT,0,0,0,0,0,0,0x0C007FC0
1777171469.471,420342,3,1,CDH,255,BROADCAST,0,HEARTBEAT,48,HEARTBEAT,0,0,0,0,0,0,0x0C007FC0
1777171470.427,421340,3,1,CDH,255,BROADCAST,0,HEARTBEAT,48,HEARTBEAT,0,0,0,0,0,0,0x0C007FC0
1777171471.424,422338,3,1,CDH,255,BROADCAST,0,HEARTBEAT,48,HEARTBEAT,0,0,0,0,0,0,0x0C007FC0
1777171472.429,423336,3,1,CDH,255,BROADCAST,0,HEARTBEAT,48,HEARTBEAT,0,0,0,0,0,0,0x0C007FC0
1777171473.455,424334,3,1,CDH,255,BROADCAST,0,HEARTBEAT,48,HEARTBEAT,0,0,0,0,0,0,0x0C007FC0
1777171474.417,425331,3,1,CDH,255,BROADCAST,0,HEARTBEAT,48,HEARTBEAT,0,0,0,0,0,0,0x0C007FC0
1777171475.416,426329,3,1,CDH,255,BROADCAST,0,HEARTBEAT,48,HEARTBEAT,0,0,0,0,0,0,0x0C007FC0
1777171476.421,427327,3,1,CDH,255,BROADCAST,0,HEARTBEAT,48,HEARTBEAT,0,0,0,0,0,0,0x0C007FC0
1777171477.449,428325,3,1,CDH,255,BROADCAST,0,HEARTBEAT,48,HEARTBEAT,0,0,0,0,0,0,0x0C007FC0
1777171478.409,429323,3,1,CDH,255,BROADCAST,0,HEARTBEAT,48,HEARTBEAT,0,0,0,0,0,0,0x0C007FC0
1777171479.407,430320,3,1,CDH,255,BROADCAST,0,HEARTBEAT,48,HEARTBEAT,0,0,0,0,0,0,0x0C007FC0
1777171480.421,431318,3,1,CDH,255,BROADCAST,0,HEARTBEAT,48,HEARTBEAT,0,0,0,0,0,0,0x0C007FC0
1777171481.444,432316,3,1,CDH,255,BROADCAST,0,HEARTBEAT,48,HEARTBEAT,0,0,0,0,0,0,0x0C007FC0
1777171482.401,433314,3,1,CDH,255,BROADCAST,0,HEARTBEAT,48,HEARTBEAT,0,0,0,0,0,0,0x0C007FC0
1777171483.399,434312,3,1,CDH,255,BROADCAST,0,HEARTBEAT,48,HEARTBEAT,0,0,0,0,0,0,0x0C007FC0
1777171484.413,435310,3,1,CDH,255,BROADCAST,0,HEARTBEAT,48,HEARTBEAT,0,0,0,0,0,0,0x0C007FC0
1777171485.440,436307,3,1,CDH,255,BROADCAST,0,HEARTBEAT,48,HEARTBEAT,0,0,0,0,0,0,0x0C007FC0
1777171486.392,437305,3,1,CDH,255,BROADCAST,0,HEARTBEAT,48,HEARTBEAT,0,0,0,0,0,0,0x0C007FC0
1777171487.390,438303,3,1,CDH,255,BROADCAST,0,HEARTBEAT,48,HEARTBEAT,0,0,0,0,0,0,0x0C007FC0
1777171488.410,439301,3,1,CDH,255,BROADCAST,0,HEARTBEAT,48,HEARTBEAT,0,0,0,0,0,0,0x0C007FC0
1777171489.385,440299,3,1,CDH,255,BROADCAST,0,HEARTBEAT,48,HEARTBEAT,0,0,0,0,0,0,0x0C007FC0
1777171490.383,441297,3,1,CDH,255,BROADCAST,0,HEARTBEAT,48,HEARTBEAT,0,0,0,0,0,0,0x0C007FC0
1777171491.382,442295,3,1,CDH,255,BROADCAST,0,HEARTBEAT,48,HEARTBEAT,0,0,0,0,0,0,0x0C007FC0
1777171492.404,443293,3,1,CDH,255,BROADCAST,0,HEARTBEAT,48,HEARTBEAT,0,0,0,0,0,0,0x0C007FC0
1777171493.377,444290,3,1,CDH,255,BROADCAST,0,HEARTBEAT,48,HEARTBEAT,0,0,0,0,0,0,0x0C007FC0
1777171494.378,445288,3,1,CDH,255,BROADCAST,0,HEARTBEAT,48,HEARTBEAT,0,0,0,0,0,0,0x0C007FC0
1777171495.373,446286,3,1,CDH,255,BROADCAST,0,HEARTBEAT,48,HEARTBEAT,0,0,0,0,0,0,0x0C007FC0
1777171496.415,447284,3,1,CDH,255,BROADCAST,0,HEARTBEAT,48,HEARTBEAT,0,0,0,0,0,0,0x0C007FC0
1777171497.369,448282,3,1,CDH,255,BROADCAST,0,HEARTBEAT,48,HEARTBEAT,0,0,0,0,0,0,0x0C007FC0
1777171498.367,449280,3,1,CDH,255,BROADCAST,0,HEARTBEAT,48,HEARTBEAT,0,0,0,0,0,0,0x0C007FC0
1777171499.365,450278,3,1,CDH,255,BROADCAST,0,HEARTBEAT,48,HEARTBEAT,0,0,0,0,0,0,0x0C007FC0
1777171500.389,451276,3,1,CDH,255,BROADCAST,0,HEARTBEAT,48,HEARTBEAT,0,0,0,0,0,0,0x0C007FC0
1777171501.362,452274,3,1,CDH,255,BROADCAST,0,HEARTBEAT,48,HEARTBEAT,0,0,0,0,0,0,0x0C007FC0
1777171502.359,453272,3,1,CDH,255,BROADCAST,0,HEARTBEAT,48,HEARTBEAT,0,0,0,0,0,0,0x0C007FC0
1777171503.358,454270,3,1,CDH,255,BROADCAST,0,HEARTBEAT,48,HEARTBEAT,0,0,0,0,0,0,0x0C007FC0
1777171504.487,455267,3,1,CDH,255,BROADCAST,0,HEARTBEAT,48,HEARTBEAT,0,0,0,0,0,0,0x0C007FC0
1777171505.352,456265,3,1,CDH,255,BROADCAST,0,HEARTBEAT,48,HEARTBEAT,0,0,0,0,0,0,0x0C007FC0
1777171506.350,457263,3,1,CDH,255,BROADCAST,0,HEARTBEAT,48,HEARTBEAT,0,0,0,0,0,0,0x0C007FC0
1777171507.348,458261,3,1,CDH,255,BROADCAST,0,HEARTBEAT,48,HEARTBEAT,0,0,0,0,0,0,0x0C007FC0
1777171508.371,459259,3,1,CDH,255,BROADCAST,0,HEARTBEAT,48,HEARTBEAT,0,0,0,0,0,0,0x0C007FC0
1777171509.345,460257,3,1,CDH,255,BROADCAST,0,HEARTBEAT,48,HEARTBEAT,0,0,0,0,0,0,0x0C007FC0
1777171510.344,461255,3,1,CDH,255,BROADCAST,0,HEARTBEAT,48,HEARTBEAT,0,0,0,0,0,0,0x0C007FC0
1777171511.341,462253,3,1,CDH,255,BROADCAST,0,HEARTBEAT,48,HEARTBEAT,0,0,0,0,0,0,0x0C007FC0
1777171512.359,463251,3,1,CDH,255,BROADCAST,0,HEARTBEAT,48,HEARTBEAT,0,0,0,0,0,0,0x0C007FC0
1777171513.336,464249,3,1,CDH,255,BROADCAST,0,HEARTBEAT,48,HEARTBEAT,0,0,0,0,0,0,0x0C007FC0
1777171514.335,465248,3,1,CDH,255,BROADCAST,0,HEARTBEAT,48,HEARTBEAT,0,0,0,0,0,0,0x0C007FC0
1777171515.333,466245,3,1,CDH,255,BROADCAST,0,HEARTBEAT,48,HEARTBEAT,0,0,0,0,0,0,0x0C007FC0
1777171516.364,467243,3,1,CDH,255,BROADCAST,0,HEARTBEAT,48,HEARTBEAT,0,0,0,0,0,0,0x0C007FC0
1777171517.329,468241,3,1,CDH,255,BROADCAST,0,HEARTBEAT,48,HEARTBEAT,0,0,0,0,0,0,0x0C007FC0
1777171518.327,469239,3,1,CDH,255,BROADCAST,0,HEARTBEAT,48,HEARTBEAT,0,0,0,0,0,0,0x0C007FC0
1777171519.325,470237,3,1,CDH,255,BROADCAST,0,HEARTBEAT,48,HEARTBEAT,0,0,0,0,0,0,0x0C007FC0
1777171520.359,471235,3,1,CDH,255,BROADCAST,0,HEARTBEAT,48,HEARTBEAT,0,0,0,0,0,0,0x0C007FC0
1777171521.321,472233,3,1,CDH,255,BROADCAST,0,HEARTBEAT,48,HEARTBEAT,0,0,0,0,0,0,0x0C007FC0
1777171522.318,473231,3,1,CDH,255,BROADCAST,0,HEARTBEAT,48,HEARTBEAT,0,0,0,0,0,0,0x0C007FC0
1777171523.352,474229,3,1,CDH,255,BROADCAST,0,HEARTBEAT,48,HEARTBEAT,0,0,0,0,0,0,0x0C007FC0
1777171524.352,475226,3,1,CDH,255,BROADCAST,0,HEARTBEAT,48,HEARTBEAT,0,0,0,0,0,0,0x0C007FC0
1777171525.312,476224,3,1,CDH,255,BROADCAST,0,HEARTBEAT,48,HEARTBEAT,0,0,0,0,0,0,0x0C007FC0
1777171526.311,477222,3,1,CDH,255,BROADCAST,0,HEARTBEAT,48,HEARTBEAT,0,0,0,0,0,0,0x0C007FC0
1777171527.315,478220,3,1,CDH,255,BROADCAST,0,HEARTBEAT,48,HEARTBEAT,0,0,0,0,0,0,0x0C007FC0
1777171528.347,479218,3,1,CDH,255,BROADCAST,0,HEARTBEAT,48,HEARTBEAT,0,0,0,0,0,0,0x0C007FC0
1777171529.303,480216,3,1,CDH,255,BROADCAST,0,HEARTBEAT,48,HEARTBEAT,0,0,0,0,0,0,0x0C007FC0
1777171530.301,481214,3,1,CDH,255,BROADCAST,0,HEARTBEAT,48,HEARTBEAT,0,0,0,0,0,0,0x0C007FC0
1777171531.315,482212,3,1,CDH,255,BROADCAST,0,HEARTBEAT,48,HEARTBEAT,0,0,0,0,0,0,0x0C007FC0
1777171532.339,483210,3,1,CDH,255,BROADCAST,0,HEARTBEAT,48,HEARTBEAT,0,0,0,0,0,0,0x0C007FC0
1777171533.296,484208,3,1,CDH,255,BROADCAST,0,HEARTBEAT,48,HEARTBEAT,0,0,0,0,0,0,0x0C007FC0
1777171534.293,485205,3,1,CDH,255,BROADCAST,0,HEARTBEAT,48,HEARTBEAT,0,0,0,0,0,0,0x0C007FC0
1777171535.303,486204,3,1,CDH,255,BROADCAST,0,HEARTBEAT,48,HEARTBEAT,0,0,0,0,0,0,0x0C007FC0
1777171536.327,487201,3,1,CDH,255,BROADCAST,0,HEARTBEAT,48,HEARTBEAT,0,0,0,0,0,0,0x0C007FC0
1777171537.289,488199,3,1,CDH,255,BROADCAST,0,HEARTBEAT,48,HEARTBEAT,0,0,0,0,0,0,0x0C007FC0
1777171538.285,489197,3,1,CDH,255,BROADCAST,0,HEARTBEAT,48,HEARTBEAT,0,0,0,0,0,0,0x0C007FC0
1777171539.303,490195,3,1,CDH,255,BROADCAST,0,HEARTBEAT,48,HEARTBEAT,0,0,0,0,0,0,0x0C007FC0
1777171540.281,491193,3,1,CDH,255,BROADCAST,0,HEARTBEAT,48,HEARTBEAT,0,0,0,0,0,0,0x0C007FC0
1777171541.279,492192,3,1,CDH,255,BROADCAST,0,HEARTBEAT,48,HEARTBEAT,0,0,0,0,0,0,0x0C007FC0
1777171542.286,493190,3,1,CDH,255,BROADCAST,0,HEARTBEAT,48,HEARTBEAT,0,0,0,0,0,0,0x0C007FC0
1777171543.300,494188,3,1,CDH,255,BROADCAST,0,HEARTBEAT,48,HEARTBEAT,0,0,0,0,0,0,0x0C007FC0
1777171544.274,495186,3,1,CDH,255,BROADCAST,0,HEARTBEAT,48,HEARTBEAT,0,0,0,0,0,0,0x0C007FC0
1777171545.272,496184,3,1,CDH,255,BROADCAST,0,HEARTBEAT,48,HEARTBEAT,0,0,0,0,0,0,0x0C007FC0
1777171546.270,497182,3,1,CDH,255,BROADCAST,0,HEARTBEAT,48,HEARTBEAT,0,0,0,0,0,0,0x0C007FC0
1777171547.292,498180,3,1,CDH,255,BROADCAST,0,HEARTBEAT,48,HEARTBEAT,0,0,0,0,0,0,0x0C007FC0
1777171548.266,499179,3,1,CDH,255,BROADCAST,0,HEARTBEAT,48,HEARTBEAT,0,0,0,0,0,0,0x0C007FC0
1777171549.264,500177,3,1,CDH,255,BROADCAST,0,HEARTBEAT,48,HEARTBEAT,0,0,0,0,0,0,0x0C007FC0
1777171550.262,501174,3,1,CDH,255,BROADCAST,0,HEARTBEAT,48,HEARTBEAT,0,0,0,0,0,0,0x0C007FC0
1777171551.285,502172,3,1,CDH,255,BROADCAST,0,HEARTBEAT,48,HEARTBEAT,0,0,0,0,0,0,0x0C007FC0
1777171552.258,503170,3,1,CDH,255,BROADCAST,0,HEARTBEAT,48,HEARTBEAT,0,0,0,0,0,0,0x0C007FC0
1777171553.256,504168,3,1,CDH,255,BROADCAST,0,HEARTBEAT,48,HEARTBEAT,0,0,0,0,0,0,0x0C007FC0
1777171554.254,505166,3,1,CDH,255,BROADCAST,0,HEARTBEAT,48,HEARTBEAT,0,0,0,0,0,0,0x0C007FC0
1777171555.278,506164,3,1,CDH,255,BROADCAST,0,HEARTBEAT,48,HEARTBEAT,0,0,0,0,0,0,0x0C007FC0
1777171556.250,507162,3,1,CDH,255,BROADCAST,0,HEARTBEAT,48,HEARTBEAT,0,0,0,0,0,0,0x0C007FC0
1777171557.249,508160,3,1,CDH,255,BROADCAST,0,HEARTBEAT,48,HEARTBEAT,0,0,0,0,0,0,0x0C007FC0
1777171558.246,509157,3,1,CDH,255,BROADCAST,0,HEARTBEAT,48,HEARTBEAT,0,0,0,0,0,0,0x0C007FC0
1777171559.266,510155,3,1,CDH,255,BROADCAST,0,HEARTBEAT,48,HEARTBEAT,0,0,0,0,0,0,0x0C007FC0
1777171560.241,511153,3,1,CDH,255,BROADCAST,0,HEARTBEAT,48,HEARTBEAT,0,0,0,0,0,0,0x0C007FC0
1777171561.239,512151,3,1,CDH,255,BROADCAST,0,HEARTBEAT,48,HEARTBEAT,0,0,0,0,0,0,0x0C007FC0
1777171562.237,513149,3,1,CDH,255,BROADCAST,0,HEARTBEAT,48,HEARTBEAT,0,0,0,0,0,0,0x0C007FC0
1777171563.262,514147,3,1,CDH,255,BROADCAST,0,HEARTBEAT,48,HEARTBEAT,0,0,0,0,0,0,0x0C007FC0
1777171564.234,515145,3,1,CDH,255,BROADCAST,0,HEARTBEAT,48,HEARTBEAT,0,0,0,0,0,0,0x0C007FC0
1777171565.231,516143,3,1,CDH,255,BROADCAST,0,HEARTBEAT,48,HEARTBEAT,0,0,0,0,0,0,0x0C007FC0
1777171566.238,517141,3,1,CDH,255,BROADCAST,0,HEARTBEAT,48,HEARTBEAT,0,0,0,0,0,0,0x0C007FC0
1777171567.257,518139,3,1,CDH,255,BROADCAST,0,HEARTBEAT,48,HEARTBEAT,0,0,0,0,0,0,0x0C007FC0
1777171568.225,519136,3,1,CDH,255,BROADCAST,0,HEARTBEAT,48,HEARTBEAT,0,0,0,0,0,0,0x0C007FC0
1777171569.223,520134,3,1,CDH,255,BROADCAST,0,HEARTBEAT,48,HEARTBEAT,0,0,0,0,0,0,0x0C007FC0
1777171570.229,521132,3,1,CDH,255,BROADCAST,0,HEARTBEAT,48,HEARTBEAT,0,0,0,0,0,0,0x0C007FC0
1777171571.253,522130,3,1,CDH,255,BROADCAST,0,HEARTBEAT,48,HEARTBEAT,0,0,0,0,0,0,0x0C007FC0
1777171572.216,523128,3,1,CDH,255,BROADCAST,0,HEARTBEAT,48,HEARTBEAT,0,0,0,0,0,0,0x0C007FC0
1777171573.214,524126,3,1,CDH,255,BROADCAST,0,HEARTBEAT,48,HEARTBEAT,0,0,0,0,0,0,0x0C007FC0
1777171574.212,525124,3,1,CDH,255,BROADCAST,0,HEARTBEAT,48,HEARTBEAT,0,0,0,0,0,0,0x0C007FC0
1777171575.240,526122,3,1,CDH,255,BROADCAST,0,HEARTBEAT,48,HEARTBEAT,0,0,0,0,0,0,0x0C007FC0
1777171576.209,527119,3,1,CDH,255,BROADCAST,0,HEARTBEAT,48,HEARTBEAT,0,0,0,0,0,0,0x0C007FC0
1777171577.206,528117,3,1,CDH,255,BROADCAST,0,HEARTBEAT,48,HEARTBEAT,0,0,0,0,0,0,0x0C007FC0
1777171578.221,529116,3,1,CDH,255,BROADCAST,0,HEARTBEAT,48,HEARTBEAT,0,0,0,0,0,0,0x0C007FC0
1777171579.238,530115,3,1,CDH,255,BROADCAST,0,HEARTBEAT,48,HEARTBEAT,0,0,0,0,0,0,0x0C007FC0
1777171580.201,531113,3,1,CDH,255,BROADCAST,0,HEARTBEAT,48,HEARTBEAT,0,0,0,0,0,0,0x0C007FC0
1777171581.199,532111,3,1,CDH,255,BROADCAST,0,HEARTBEAT,48,HEARTBEAT,0,0,0,0,0,0,0x0C007FC0
1777171582.207,533108,3,1,CDH,255,BROADCAST,0,HEARTBEAT,48,HEARTBEAT,0,0,0,0,0,0,0x0C007FC0
1777171583.227,534107,3,1,CDH,255,BROADCAST,0,HEARTBEAT,48,HEARTBEAT,0,0,0,0,0,0,0x0C007FC0
1777171584.193,535105,3,1,CDH,255,BROADCAST,0,HEARTBEAT,48,HEARTBEAT,0,0,0,0,0,0,0x0C007FC0
1777171585.191,536103,3,1,CDH,255,BROADCAST,0,HEARTBEAT,48,HEARTBEAT,0,0,0,0,0,0,0x0C007FC0
1777171586.231,537101,3,1,CDH,255,BROADCAST,0,HEARTBEAT,48,HEARTBEAT,0,0,0,0,0,0,0x0C007FC0
1777171587.229,538099,3,1,CDH,255,BROADCAST,0,HEARTBEAT,48,HEARTBEAT,0,0,0,0,0,0,0x0C007FC0
1777171588.185,539097,3,1,CDH,255,BROADCAST,0,HEARTBEAT,48,HEARTBEAT,0,0,0,0,0,0,0x0C007FC0
1777171589.183,540094,3,1,CDH,255,BROADCAST,0,HEARTBEAT,48,HEARTBEAT,0,0,0,0,0,0,0x0C007FC0
1777171590.199,541092,3,1,CDH,255,BROADCAST,0,HEARTBEAT,48,HEARTBEAT,0,0,0,0,0,0,0x0C007FC0
1777171591.224,542090,3,1,CDH,255,BROADCAST,0,HEARTBEAT,48,HEARTBEAT,0,0,0,0,0,0,0x0C007FC0
1777171592.178,543088,3,1,CDH,255,BROADCAST,0,HEARTBEAT,48,HEARTBEAT,0,0,0,0,0,0,0x0C007FC0
1777171593.174,544086,3,1,CDH,255,BROADCAST,0,HEARTBEAT,48,HEARTBEAT,0,0,0,0,0,0,0x0C007FC0
1777171594.192,545083,3,1,CDH,255,BROADCAST,0,HEARTBEAT,48,HEARTBEAT,0,0,0,0,0,0,0x0C007FC0
1777171595.170,546081,3,1,CDH,255,BROADCAST,0,HEARTBEAT,48,HEARTBEAT,0,0,0,0,0,0,0x0C007FC0
1777171596.168,547079,3,1,CDH,255,BROADCAST,0,HEARTBEAT,48,HEARTBEAT,0,0,0,0,0,0,0x0C007FC0
1777171597.166,548077,3,1,CDH,255,BROADCAST,0,HEARTBEAT,48,HEARTBEAT,0,0,0,0,0,0,0x0C007FC0
1777171598.184,549077,3,1,CDH,255,BROADCAST,0,HEARTBEAT,48,HEARTBEAT,0,0,0,0,0,0,0x0C007FC0
1777171599.163,550075,3,1,CDH,255,BROADCAST,0,HEARTBEAT,48,HEARTBEAT,0,0,0,0,0,0,0x0C007FC0
1777171600.158,551072,3,1,CDH,255,BROADCAST,0,HEARTBEAT,48,HEARTBEAT,0,0,0,0,0,0,0x0C007FC0
1777171601.159,552070,3,1,CDH,255,BROADCAST,0,HEARTBEAT,48,HEARTBEAT,0,0,0,0,0,0,0x0C007FC0
1777171602.172,553068,3,1,CDH,255,BROADCAST,0,HEARTBEAT,48,HEARTBEAT,0,0,0,0,0,0,0x0C007FC0
1777171603.154,554066,3,1,CDH,255,BROADCAST,0,HEARTBEAT,48,HEARTBEAT,0,0,0,0,0,0,0x0C007FC0
1777171604.152,555064,3,1,CDH,255,BROADCAST,0,HEARTBEAT,48,HEARTBEAT,0,0,0,0,0,0,0x0C007FC0
1777171605.152,556063,3,1,CDH,255,BROADCAST,0,HEARTBEAT,48,HEARTBEAT,0,0,0,0,0,0,0x0C007FC0
1777171606.171,557060,3,1,CDH,255,BROADCAST,0,HEARTBEAT,48,HEARTBEAT,0,0,0,0,0,0,0x0C007FC0
1777171607.147,558058,3,1,CDH,255,BROADCAST,0,HEARTBEAT,48,HEARTBEAT,0,0,0,0,0,0,0x0C007FC0
1777171608.146,559056,3,1,CDH,255,BROADCAST,0,HEARTBEAT,48,HEARTBEAT,0,0,0,0,0,0,0x0C007FC0
1777171609.142,560054,3,1,CDH,255,BROADCAST,0,HEARTBEAT,48,HEARTBEAT,0,0,0,0,0,0,0x0C007FC0
1777171610.163,561052,3,1,CDH,255,BROADCAST,0,HEARTBEAT,48,HEARTBEAT,0,0,0,0,0,0,0x0C007FC0
1777171611.139,562050,3,1,CDH,255,BROADCAST,0,HEARTBEAT,48,HEARTBEAT,0,0,0,0,0,0,0x0C007FC0
1777171612.137,563048,3,1,CDH,255,BROADCAST,0,HEARTBEAT,48,HEARTBEAT,0,0,0,0,0,0,0x0C007FC0
1777171613.134,564045,3,1,CDH,255,BROADCAST,0,HEARTBEAT,48,HEARTBEAT,0,0,0,0,0,0,0x0C007FC0
1777171614.153,565043,3,1,CDH,255,BROADCAST,0,HEARTBEAT,48,HEARTBEAT,0,0,0,0,0,0,0x0C007FC0
1777171615.130,566041,3,1,CDH,255,BROADCAST,0,HEARTBEAT,48,HEARTBEAT,0,0,0,0,0,0,0x0C007FC0
1777171616.128,567039,3,1,CDH,255,BROADCAST,0,HEARTBEAT,48,HEARTBEAT,0,0,0,0,0,0,0x0C007FC0
1777171617.173,568036,3,1,CDH,255,BROADCAST,0,HEARTBEAT,48,HEARTBEAT,0,0,0,0,0,0,0x0C007FC0
1777171618.160,569034,3,1,CDH,255,BROADCAST,0,HEARTBEAT,48,HEARTBEAT,0,0,0,0,0,0,0x0C007FC0
1777171619.123,570033,3,1,CDH,255,BROADCAST,0,HEARTBEAT,48,HEARTBEAT,0,0,0,0,0,0,0x0C007FC0
1777171620.125,571031,3,1,CDH,255,BROADCAST,0,HEARTBEAT,48,HEARTBEAT,0,0,0,0,0,0,0x0C007FC0
1777171621.124,572029,3,1,CDH,255,BROADCAST,0,HEARTBEAT,48,HEARTBEAT,0,0,0,0,0,0,0x0C007FC0
1777171622.147,573027,3,1,CDH,255,BROADCAST,0,HEARTBEAT,48,HEARTBEAT,0,0,0,0,0,0,0x0C007FC0
1777171623.114,574025,3,1,CDH,255,BROADCAST,0,HEARTBEAT,48,HEARTBEAT,0,0,0,0,0,0,0x0C007FC0
1777171624.112,575023,3,1,CDH,255,BROADCAST,0,HEARTBEAT,48,HEARTBEAT,0,0,0,0,0,0,0x0C007FC0
1777171625.110,576020,3,1,CDH,255,BROADCAST,0,HEARTBEAT,48,HEARTBEAT,0,0,0,0,0,0,0x0C007FC0
1777171626.129,577018,3,1,CDH,255,BROADCAST,0,HEARTBEAT,48,HEARTBEAT,0,0,0,0,0,0,0x0C007FC0
1777171627.105,578016,3,1,CDH,255,BROADCAST,0,HEARTBEAT,48,HEARTBEAT,0,0,0,0,0,0,0x0C007FC0
1777171628.104,579014,3,1,CDH,255,BROADCAST,0,HEARTBEAT,48,HEARTBEAT,0,0,0,0,0,0,0x0C007FC0
1777171629.108,580012,3,1,CDH,255,BROADCAST,0,HEARTBEAT,48,HEARTBEAT,0,0,0,0,0,0,0x0C007FC0
1777171630.130,581010,3,1,CDH,255,BROADCAST,0,HEARTBEAT,48,HEARTBEAT,0,0,0,0,0,0,0x0C007FC0
1777171631.097,582008,3,1,CDH,255,BROADCAST,0,HEARTBEAT,48,HEARTBEAT,0,0,0,0,0,0,0x0C007FC0
1777171632.094,583005,3,1,CDH,255,BROADCAST,0,HEARTBEAT,48,HEARTBEAT,0,0,0,0,0,0,0x0C007FC0
1777171633.096,584004,3,1,CDH,255,BROADCAST,0,HEARTBEAT,48,HEARTBEAT,0,0,0,0,0,0,0x0C007FC0
1777171634.128,585002,3,1,CDH,255,BROADCAST,0,HEARTBEAT,48,HEARTBEAT,0,0,0,0,0,0,0x0C007FC0
1777171635.089,586000,3,1,CDH,255,BROADCAST,0,HEARTBEAT,48,HEARTBEAT,0,0,0,0,0,0,0x0C007FC0
1777171636.087,586998,3,1,CDH,255,BROADCAST,0,HEARTBEAT,48,HEARTBEAT,0,0,0,0,0,0,0x0C007FC0
1777171637.105,587996,3,1,CDH,255,BROADCAST,0,HEARTBEAT,48,HEARTBEAT,0,0,0,0,0,0,0x0C007FC0
1777171638.116,588994,3,1,CDH,255,BROADCAST,0,HEARTBEAT,48,HEARTBEAT,0,0,0,0,0,0,0x0C007FC0
1777171639.080,589992,3,1,CDH,255,BROADCAST,0,HEARTBEAT,48,HEARTBEAT,0,0,0,0,0,0,0x0C007FC0
1777171640.079,590989,3,1,CDH,255,BROADCAST,0,HEARTBEAT,48,HEARTBEAT,0,0,0,0,0,0,0x0C007FC0
1777171641.080,591987,3,1,CDH,255,BROADCAST,0,HEARTBEAT,48,HEARTBEAT,0,0,0,0,0,0,0x0C007FC0
1777171642.116,592986,3,1,CDH,255,BROADCAST,0,HEARTBEAT,48,HEARTBEAT,0,0,0,0,0,0,0x0C007FC0
1777171643.074,593985,3,1,CDH,255,BROADCAST,0,HEARTBEAT,48,HEARTBEAT,0,0,0,0,0,0,0x0C007FC0
1777171644.072,594983,3,1,CDH,255,BROADCAST,0,HEARTBEAT,48,HEARTBEAT,0,0,0,0,0,0,0x0C007FC0
1777171645.085,595981,3,1,CDH,255,BROADCAST,0,HEARTBEAT,48,HEARTBEAT,0,0,0,0,0,0,0x0C007FC0
1777171646.108,596979,3,1,CDH,255,BROADCAST,0,HEARTBEAT,48,HEARTBEAT,0,0,0,0,0,0,0x0C007FC0
1777171647.067,597977,3,1,CDH,255,BROADCAST,0,HEARTBEAT,48,HEARTBEAT,0,0,0,0,0,0,0x0C007FC0
1777171648.065,598975,3,1,CDH,255,BROADCAST,0,HEARTBEAT,48,HEARTBEAT,0,0,0,0,0,0,0x0C007FC0
1777171649.068,599973,3,1,CDH,255,BROADCAST,0,HEARTBEAT,48,HEARTBEAT,0,0,0,0,0,0,0x0C007FC0
1777171650.144,600971,3,1,CDH,255,BROADCAST,0,HEARTBEAT,48,HEARTBEAT,0,0,0,0,0,0,0x0C007FC0
1777171651.059,601969,3,1,CDH,255,BROADCAST,0,HEARTBEAT,48,HEARTBEAT,0,0,0,0,0,0,0x0C007FC0
1777171652.057,602967,3,1,CDH,255,BROADCAST,0,HEARTBEAT,48,HEARTBEAT,0,0,0,0,0,0,0x0C007FC0
1777171653.112,603965,3,1,CDH,255,BROADCAST,0,HEARTBEAT,48,HEARTBEAT,0,0,0,0,0,0,0x0C007FC0
1777171654.097,604963,3,1,CDH,255,BROADCAST,0,HEARTBEAT,48,HEARTBEAT,0,0,0,0,0,0,0x0C007FC0
1777171655.051,605961,3,1,CDH,255,BROADCAST,0,HEARTBEAT,48,HEARTBEAT,0,0,0,0,0,0,0x0C007FC0
1777171656.049,606959,3,1,CDH,255,BROADCAST,0,HEARTBEAT,48,HEARTBEAT,0,0,0,0,0,0,0x0C007FC0
1777171657.061,607957,3,1,CDH,255,BROADCAST,0,HEARTBEAT,48,HEARTBEAT,0,0,0,0,0,0,0x0C007FC0
1777171658.044,608954,3,1,CDH,255,BROADCAST,0,HEARTBEAT,48,HEARTBEAT,0,0,0,0,0,0,0x0C007FC0
1777171659.042,609952,3,1,CDH,255,BROADCAST,0,HEARTBEAT,48,HEARTBEAT,0,0,0,0,0,0,0x0C007FC0
1777171660.039,610950,3,1,CDH,255,BROADCAST,0,HEARTBEAT,48,HEARTBEAT,0,0,0,0,0,0,0x0C007FC0
1777171661.055,611948,3,1,CDH,255,BROADCAST,0,HEARTBEAT,48,HEARTBEAT,0,0,0,0,0,0,0x0C007FC0
1777171662.036,612946,3,1,CDH,255,BROADCAST,0,HEARTBEAT,48,HEARTBEAT,0,0,0,0,0,0,0x0C007FC0
1777171663.045,613944,3,1,CDH,255,BROADCAST,0,HEARTBEAT,48,HEARTBEAT,0,0,0,0,0,0,0x0C007FC0
1777171664.056,614941,3,1,CDH,255,BROADCAST,0,HEARTBEAT,48,HEARTBEAT,0,0,0,0,0,0,0x0C007FC0
1777171665.071,615939,3,1,CDH,255,BROADCAST,0,HEARTBEAT,48,HEARTBEAT,0,0,0,0,0,0,0x0C007FC0
1777171666.028,616937,3,1,CDH,255,BROADCAST,0,HEARTBEAT,48,HEARTBEAT,0,0,0,0,0,0,0x0C007FC0
1777171667.025,617935,3,1,CDH,255,BROADCAST,0,HEARTBEAT,48,HEARTBEAT,0,0,0,0,0,0,0x0C007FC0
1777171668.024,618933,3,1,CDH,255,BROADCAST,0,HEARTBEAT,48,HEARTBEAT,0,0,0,0,0,0,0x0C007FC0
1777171669.044,619931,3,1,CDH,255,BROADCAST,0,HEARTBEAT,48,HEARTBEAT,0,0,0,0,0,0,0x0C007FC0
1777171670.019,620929,3,1,CDH,255,BROADCAST,0,HEARTBEAT,48,HEARTBEAT,0,0,0,0,0,0,0x0C007FC0
1777171671.019,621927,3,1,CDH,255,BROADCAST,0,HEARTBEAT,48,HEARTBEAT,0,0,0,0,0,0,0x0C007FC0
1777171672.017,622925,3,1,CDH,255,BROADCAST,0,HEARTBEAT,48,HEARTBEAT,0,0,0,0,0,0,0x0C007FC0
1777171673.042,623922,3,1,CDH,255,BROADCAST,0,HEARTBEAT,48,HEARTBEAT,0,0,0,0,0,0,0x0C007FC0
1777171674.011,624921,3,1,CDH,255,BROADCAST,0,HEARTBEAT,48,HEARTBEAT,0,0,0,0,0,0,0x0C007FC0
1777171675.009,625919,3,1,CDH,255,BROADCAST,0,HEARTBEAT,48,HEARTBEAT,0,0,0,0,0,0,0x0C007FC0
1777171676.011,626917,3,1,CDH,255,BROADCAST,0,HEARTBEAT,48,HEARTBEAT,0,0,0,0,0,0,0x0C007FC0
1777171677.039,627915,3,1,CDH,255,BROADCAST,0,HEARTBEAT,48,HEARTBEAT,0,0,0,0,0,0,0x0C007FC0
1777171678.002,628913,3,1,CDH,255,BROADCAST,0,HEARTBEAT,48,HEARTBEAT,0,0,0,0,0,0,0x0C007FC0
1777171679.000,629910,3,1,CDH,255,BROADCAST,0,HEARTBEAT,48,HEARTBEAT,0,0,0,0,0,0,0x0C007FC0
1777171680.007,630908,3,1,CDH,255,BROADCAST,0,HEARTBEAT,48,HEARTBEAT,0,0,0,0,0,0,0x0C007FC0
1777171681.030,631906,3,1,CDH,255,BROADCAST,0,HEARTBEAT,48,HEARTBEAT,0,0,0,0,0,0,0x0C007FC0
1777171681.994,632904,3,1,CDH,255,BROADCAST,0,HEARTBEAT,48,HEARTBEAT,0,0,0,0,0,0,0x0C007FC0
1777171682.992,633902,3,1,CDH,255,BROADCAST,0,HEARTBEAT,48,HEARTBEAT,0,0,0,0,0,0,0x0C007FC0
1777171683.998,634900,3,1,CDH,255,BROADCAST,0,HEARTBEAT,48,HEARTBEAT,0,0,0,0,0,0,0x0C007FC0
1777171685.008,635898,3,1,CDH,255,BROADCAST,0,HEARTBEAT,48,HEARTBEAT,0,0,0,0,0,0,0x0C007FC0
1777171685.986,636896,3,1,CDH,255,BROADCAST,0,HEARTBEAT,48,HEARTBEAT,0,0,0,0,0,0,0x0C007FC0
1777171686.984,637894,3,1,CDH,255,BROADCAST,0,HEARTBEAT,48,HEARTBEAT,0,0,0,0,0,0,0x0C007FC0
1777171687.993,638892,3,1,CDH,255,BROADCAST,0,HEARTBEAT,48,HEARTBEAT,0,0,0,0,0,0,0x0C007FC0
1777171689.010,639890,3,1,CDH,255,BROADCAST,0,HEARTBEAT,48,HEARTBEAT,0,0,0,0,0,0,0x0C007FC0
1777171689.978,640888,3,1,CDH,255,BROADCAST,0,HEARTBEAT,48,HEARTBEAT,0,0,0,0,0,0,0x0C007FC0
1777171690.976,641886,3,1,CDH,255,BROADCAST,0,HEARTBEAT,48,HEARTBEAT,0,0,0,0,0,0,0x0C007FC0
1777171691.987,642884,3,1,CDH,255,BROADCAST,0,HEARTBEAT,48,HEARTBEAT,0,0,0,0,0,0,0x0C007FC0
1777171693.013,643882,3,1,CDH,255,BROADCAST,0,HEARTBEAT,48,HEARTBEAT,0,0,0,0,0,0,0x0C007FC0
1777171693.972,644881,3,1,CDH,255,BROADCAST,0,HEARTBEAT,48,HEARTBEAT,0,0,0,0,0,0,0x0C007FC0
1777171694.969,645879,3,1,CDH,255,BROADCAST,0,HEARTBEAT,48,HEARTBEAT,0,0,0,0,0,0,0x0C007FC0
1777171695.974,646877,3,1,CDH,255,BROADCAST,0,HEARTBEAT,48,HEARTBEAT,0,0,0,0,0,0,0x0C007FC0
1777171697.020,647874,3,1,CDH,255,BROADCAST,0,HEARTBEAT,48,HEARTBEAT,0,0,0,0,0,0,0x0C007FC0
1777171697.963,648872,3,1,CDH,255,BROADCAST,0,HEARTBEAT,48,HEARTBEAT,0,0,0,0,0,0,0x0C007FC0
1777171698.961,649870,3,1,CDH,255,BROADCAST,0,HEARTBEAT,48,HEARTBEAT,0,0,0,0,0,0,0x0C007FC0
1777171699.974,650868,3,1,CDH,255,BROADCAST,0,HEARTBEAT,48,HEARTBEAT,0,0,0,0,0,0,0x0C007FC0
1777171701.004,651867,3,1,CDH,255,BROADCAST,0,HEARTBEAT,48,HEARTBEAT,0,0,0,0,0,0,0x0C007FC0
1777171701.955,652865,3,1,CDH,255,BROADCAST,0,HEARTBEAT,48,HEARTBEAT,0,0,0,0,0,0,0x0C007FC0
1777171702.954,653863,3,1,CDH,255,BROADCAST,0,HEARTBEAT,48,HEARTBEAT,0,0,0,0,0,0,0x0C007FC0
1777171703.972,654861,3,1,CDH,255,BROADCAST,0,HEARTBEAT,48,HEARTBEAT,0,0,0,0,0,0,0x0C007FC0
1777171705.019,655859,3,1,CDH,255,BROADCAST,0,HEARTBEAT,48,HEARTBEAT,0,0,0,0,0,0,0x0C007FC0
1777171705.948,656857,3,1,CDH,255,BROADCAST,0,HEARTBEAT,48,HEARTBEAT,0,0,0,0,0,0,0x0C007FC0
1777171706.948,657855,3,1,CDH,255,BROADCAST,0,HEARTBEAT,48,HEARTBEAT,0,0,0,0,0,0,0x0C007FC0
1777171707.952,658854,3,1,CDH,255,BROADCAST,0,HEARTBEAT,48,HEARTBEAT,0,0,0,0,0,0,0x0C007FC0
1777171708.991,659852,3,1,CDH,255,BROADCAST,0,HEARTBEAT,48,HEARTBEAT,0,0,0,0,0,0,0x0C007FC0
1777171709.941,660850,3,1,CDH,255,BROADCAST,0,HEARTBEAT,48,HEARTBEAT,0,0,0,0,0,0,0x0C007FC0
1777171710.939,661847,3,1,CDH,255,BROADCAST,0,HEARTBEAT,48,HEARTBEAT,0,0,0,0,0,0,0x0C007FC0
1777171711.958,662845,3,1,CDH,255,BROADCAST,0,HEARTBEAT,48,HEARTBEAT,0,0,0,0,0,0,0x0C007FC0
1777171712.933,663843,3,1,CDH,255,BROADCAST,0,HEARTBEAT,48,HEARTBEAT,0,0,0,0,0,0,0x0C007FC0
1777171713.956,664842,3,1,CDH,255,BROADCAST,0,HEARTBEAT,48,HEARTBEAT,0,0,0,0,0,0,0x0C007FC0
1777171714.931,665840,3,1,CDH,255,BROADCAST,0,HEARTBEAT,48,HEARTBEAT,0,0,0,0,0,0,0x0C007FC0
1777171715.947,666838,3,1,CDH,255,BROADCAST,0,HEARTBEAT,48,HEARTBEAT,0,0,0,0,0,0,0x0C007FC0
1777171716.990,667836,3,1,CDH,255,BROADCAST,0,HEARTBEAT,48,HEARTBEAT,0,0,0,0,0,0,0x0C007FC0
1777171717.925,668834,3,1,CDH,255,BROADCAST,0,HEARTBEAT,48,HEARTBEAT,0,0,0,0,0,0,0x0C007FC0
1777171718.923,669832,3,1,CDH,255,BROADCAST,0,HEARTBEAT,48,HEARTBEAT,0,0,0,0,0,0,0x0C007FC0
1777171719.943,670830,3,1,CDH,255,BROADCAST,0,HEARTBEAT,48,HEARTBEAT,0,0,0,0,0,0,0x0C007FC0
1777171720.922,671828,3,1,CDH,255,BROADCAST,0,HEARTBEAT,48,HEARTBEAT,0,0,0,0,0,0,0x0C007FC0
1777171721.917,672826,3,1,CDH,255,BROADCAST,0,HEARTBEAT,48,HEARTBEAT,0,0,0,0,0,0,0x0C007FC0
1777171722.928,673824,3,1,CDH,255,BROADCAST,0,HEARTBEAT,48,HEARTBEAT,0,0,0,0,0,0,0x0C007FC0
1777171723.931,674822,3,1,CDH,255,BROADCAST,0,HEARTBEAT,48,HEARTBEAT,0,0,0,0,0,0,0x0C007FC0
1777171724.911,675820,3,1,CDH,255,BROADCAST,0,HEARTBEAT,48,HEARTBEAT,0,0,0,0,0,0,0x0C007FC0
1777171725.910,676818,3,1,CDH,255,BROADCAST,0,HEARTBEAT,48,HEARTBEAT,0,0,0,0,0,0,0x0C007FC0
1777171726.942,677816,3,1,CDH,255,BROADCAST,0,HEARTBEAT,48,HEARTBEAT,0,0,0,0,0,0,0x0C007FC0
1777171727.920,678816,3,1,CDH,255,BROADCAST,0,HEARTBEAT,48,HEARTBEAT,0,0,0,0,0,0,0x0C007FC0
1777171728.905,679814,3,1,CDH,255,BROADCAST,0,HEARTBEAT,48,HEARTBEAT,0,0,0,0,0,0,0x0C007FC0
1777171729.906,680812,3,1,CDH,255,BROADCAST,0,HEARTBEAT,48,HEARTBEAT,0,0,0,0,0,0,0x0C007FC0
1777171730.901,681810,3,1,CDH,255,BROADCAST,0,HEARTBEAT,48,HEARTBEAT,0,0,0,0,0,0,0x0C007FC0
1777171731.924,682808,3,1,CDH,255,BROADCAST,0,HEARTBEAT,48,HEARTBEAT,0,0,0,0,0,0,0x0C007FC0
1777171732.944,683806,3,1,CDH,255,BROADCAST,0,HEARTBEAT,48,HEARTBEAT,0,0,0,0,0,0,0x0C007FC0
1777171733.895,684804,3,1,CDH,255,BROADCAST,0,HEARTBEAT,48,HEARTBEAT,0,0,0,0,0,0,0x0C007FC0
1777171734.893,685802,3,1,CDH,255,BROADCAST,0,HEARTBEAT,48,HEARTBEAT,0,0,0,0,0,0,0x0C007FC0
1777171735.924,686800,3,1,CDH,255,BROADCAST,0,HEARTBEAT,48,HEARTBEAT,0,0,0,0,0,0,0x0C007FC0
1777171736.890,687798,3,1,CDH,255,BROADCAST,0,HEARTBEAT,48,HEARTBEAT,0,0,0,0,0,0,0x0C007FC0
1777171737.888,688796,3,1,CDH,255,BROADCAST,0,HEARTBEAT,48,HEARTBEAT,0,0,0,0,0,0,0x0C007FC0
1777171738.886,689794,3,1,CDH,255,BROADCAST,0,HEARTBEAT,48,HEARTBEAT,0,0,0,0,0,0,0x0C007FC0
1777171739.910,690792,3,1,CDH,255,BROADCAST,0,HEARTBEAT,48,HEARTBEAT,0,0,0,0,0,0,0x0C007FC0
1777171740.926,691790,3,1,CDH,255,BROADCAST,0,HEARTBEAT,48,HEARTBEAT,0,0,0,0,0,0,0x0C007FC0
1777171741.883,692788,3,1,CDH,255,BROADCAST,0,HEARTBEAT,48,HEARTBEAT,0,0,0,0,0,0,0x0C007FC0
1777171742.878,693786,3,1,CDH,255,BROADCAST,0,HEARTBEAT,48,HEARTBEAT,0,0,0,0,0,0,0x0C007FC0
1777171743.906,694784,3,1,CDH,255,BROADCAST,0,HEARTBEAT,48,HEARTBEAT,0,0,0,0,0,0,0x0C007FC0
1777171744.874,695782,3,1,CDH,255,BROADCAST,0,HEARTBEAT,48,HEARTBEAT,0,0,0,0,0,0,0x0C007FC0
1777171745.873,696780,3,1,CDH,255,BROADCAST,0,HEARTBEAT,48,HEARTBEAT,0,0,0,0,0,0,0x0C007FC0
1777171746.878,697778,3,1,CDH,255,BROADCAST,0,HEARTBEAT,48,HEARTBEAT,0,0,0,0,0,0,0x0C007FC0
1777171747.901,698776,3,1,CDH,255,BROADCAST,0,HEARTBEAT,48,HEARTBEAT,0,0,0,0,0,0,0x0C007FC0
1777171748.867,699774,3,1,CDH,255,BROADCAST,0,HEARTBEAT,48,HEARTBEAT,0,0,0,0,0,0,0x0C007FC0
1777171749.871,700772,3,1,CDH,255,BROADCAST,0,HEARTBEAT,48,HEARTBEAT,0,0,0,0,0,0,0x0C007FC0
1777171750.869,701770,3,1,CDH,255,BROADCAST,0,HEARTBEAT,48,HEARTBEAT,0,0,0,0,0,0,0x0C007FC0
1777171751.894,702768,3,1,CDH,255,BROADCAST,0,HEARTBEAT,48,HEARTBEAT,0,0,0,0,0,0,0x0C007FC0
1777171752.859,703766,3,1,CDH,255,BROADCAST,0,HEARTBEAT,48,HEARTBEAT,0,0,0,0,0,0,0x0C007FC0
1777171753.855,704764,3,1,CDH,255,BROADCAST,0,HEARTBEAT,48,HEARTBEAT,0,0,0,0,0,0,0x0C007FC0
1777171754.862,705762,3,1,CDH,255,BROADCAST,0,HEARTBEAT,48,HEARTBEAT,0,0,0,0,0,0,0x0C007FC0
1777171755.908,706760,3,1,CDH,255,BROADCAST,0,HEARTBEAT,48,HEARTBEAT,0,0,0,0,0,0,0x0C007FC0
1777171756.849,707758,3,1,CDH,255,BROADCAST,0,HEARTBEAT,48,HEARTBEAT,0,0,0,0,0,0,0x0C007FC0
1777171757.847,708756,3,1,CDH,255,BROADCAST,0,HEARTBEAT,48,HEARTBEAT,0,0,0,0,0,0,0x0C007FC0
1777171758.845,709754,3,1,CDH,255,BROADCAST,0,HEARTBEAT,48,HEARTBEAT,0,0,0,0,0,0,0x0C007FC0
1777171759.884,710752,3,1,CDH,255,BROADCAST,0,HEARTBEAT,48,HEARTBEAT,0,0,0,0,0,0,0x0C007FC0
1777171760.848,711750,3,1,CDH,255,BROADCAST,0,HEARTBEAT,48,HEARTBEAT,0,0,0,0,0,0,0x0C007FC0
1777171761.839,712748,3,1,CDH,255,BROADCAST,0,HEARTBEAT,48,HEARTBEAT,0,0,0,0,0,0,0x0C007FC0
1777171762.853,713746,3,1,CDH,255,BROADCAST,0,HEARTBEAT,48,HEARTBEAT,0,0,0,0,0,0,0x0C007FC0
1777171763.864,714745,3,1,CDH,255,BROADCAST,0,HEARTBEAT,48,HEARTBEAT,0,0,0,0,0,0,0x0C007FC0
1777171764.834,715743,3,1,CDH,255,BROADCAST,0,HEARTBEAT,48,HEARTBEAT,0,0,0,0,0,0,0x0C007FC0
1777171765.834,716743,3,1,CDH,255,BROADCAST,0,HEARTBEAT,48,HEARTBEAT,0,0,0,0,0,0,0x0C007FC0
1777171766.842,717741,3,1,CDH,255,BROADCAST,0,HEARTBEAT,48,HEARTBEAT,0,0,0,0,0,0,0x0C007FC0
1777171767.861,718739,3,1,CDH,255,BROADCAST,0,HEARTBEAT,48,HEARTBEAT,0,0,0,0,0,0,0x0C007FC0
1777171768.828,719736,3,1,CDH,255,BROADCAST,0,HEARTBEAT,48,HEARTBEAT,0,0,0,0,0,0,0x0C007FC0
1777171769.826,720734,3,1,CDH,255,BROADCAST,0,HEARTBEAT,48,HEARTBEAT,0,0,0,0,0,0,0x0C007FC0
1777171770.838,721732,3,1,CDH,255,BROADCAST,0,HEARTBEAT,48,HEARTBEAT,0,0,0,0,0,0,0x0C007FC0
1777171771.859,722730,3,1,CDH,255,BROADCAST,0,HEARTBEAT,48,HEARTBEAT,0,0,0,0,0,0,0x0C007FC0
1777171772.820,723728,3,1,CDH,255,BROADCAST,0,HEARTBEAT,48,HEARTBEAT,0,0,0,0,0,0,0x0C007FC0
1777171773.817,724726,3,1,CDH,255,BROADCAST,0,HEARTBEAT,48,HEARTBEAT,0,0,0,0,0,0,0x0C007FC0
1777171774.826,725724,3,1,CDH,255,BROADCAST,0,HEARTBEAT,48,HEARTBEAT,0,0,0,0,0,0,0x0C007FC0
1777171775.844,726721,3,1,CDH,255,BROADCAST,0,HEARTBEAT,48,HEARTBEAT,0,0,0,0,0,0,0x0C007FC0
1777171776.811,727719,3,1,CDH,255,BROADCAST,0,HEARTBEAT,48,HEARTBEAT,0,0,0,0,0,0,0x0C007FC0
1777171777.810,728717,3,1,CDH,255,BROADCAST,0,HEARTBEAT,48,HEARTBEAT,0,0,0,0,0,0,0x0C007FC0
1777171778.814,729715,3,1,CDH,255,BROADCAST,0,HEARTBEAT,48,HEARTBEAT,0,0,0,0,0,0,0x0C007FC0
1777171779.836,730714,3,1,CDH,255,BROADCAST,0,HEARTBEAT,48,HEARTBEAT,0,0,0,0,0,0,0x0C007FC0
1777171780.804,731712,3,1,CDH,255,BROADCAST,0,HEARTBEAT,48,HEARTBEAT,0,0,0,0,0,0,0x0C007FC0
1777171781.802,732710,3,1,CDH,255,BROADCAST,0,HEARTBEAT,48,HEARTBEAT,0,0,0,0,0,0,0x0C007FC0
1777171782.818,733708,3,1,CDH,255,BROADCAST,0,HEARTBEAT,48,HEARTBEAT,0,0,0,0,0,0,0x0C007FC0
1777171783.840,734706,3,1,CDH,255,BROADCAST,0,HEARTBEAT,48,HEARTBEAT,0,0,0,0,0,0,0x0C007FC0
1777171784.796,735704,3,1,CDH,255,BROADCAST,0,HEARTBEAT,48,HEARTBEAT,0,0,0,0,0,0,0x0C007FC0
1777171785.784,736702,3,1,CDH,255,BROADCAST,0,HEARTBEAT,48,HEARTBEAT,0,0,0,0,0,0,0x0C007FC0
1777171786.827,737699,3,1,CDH,255,BROADCAST,0,HEARTBEAT,48,HEARTBEAT,0,0,0,0,0,0,0x0C007FC0
1777171787.789,738697,3,1,CDH,255,BROADCAST,0,HEARTBEAT,48,HEARTBEAT,0,0,0,0,0,0,0x0C007FC0
1777171788.787,739695,3,1,CDH,255,BROADCAST,0,HEARTBEAT,48,HEARTBEAT,0,0,0,0,0,0,0x0C007FC0
1777171789.785,740693,3,1,CDH,255,BROADCAST,0,HEARTBEAT,48,HEARTBEAT,0,0,0,0,0,0,0x0C007FC0
1777171790.797,741691,3,1,CDH,255,BROADCAST,0,HEARTBEAT,48,HEARTBEAT,0,0,0,0,0,0,0x0C007FC0
1777171791.776,742688,3,1,CDH,255,BROADCAST,0,HEARTBEAT,48,HEARTBEAT,0,0,0,0,0,0,0x0C007FC0
1777171792.778,743686,3,1,CDH,255,BROADCAST,0,HEARTBEAT,48,HEARTBEAT,0,0,0,0,0,0,0x0C007FC0
1777171793.783,744684,3,1,CDH,255,BROADCAST,0,HEARTBEAT,48,HEARTBEAT,0,0,0,0,0,0,0x0C007FC0
1777171794.818,745682,3,1,CDH,255,BROADCAST,0,HEARTBEAT,48,HEARTBEAT,0,0,0,0,0,0,0x0C007FC0
1777171795.774,746680,3,1,CDH,255,BROADCAST,0,HEARTBEAT,48,HEARTBEAT,0,0,0,0,0,0,0x0C007FC0
1777171796.770,747678,3,1,CDH,255,BROADCAST,0,HEARTBEAT,48,HEARTBEAT,0,0,0,0,0,0,0x0C007FC0
1777171797.768,748676,3,1,CDH,255,BROADCAST,0,HEARTBEAT,48,HEARTBEAT,0,0,0,0,0,0,0x0C007FC0
1777171798.793,749674,3,1,CDH,255,BROADCAST,0,HEARTBEAT,48,HEARTBEAT,0,0,0,0,0,0,0x0C007FC0
1777171799.764,750671,3,1,CDH,255,BROADCAST,0,HEARTBEAT,48,HEARTBEAT,0,0,0,0,0,0,0x0C007FC0
1777171800.762,751670,3,1,CDH,255,BROADCAST,0,HEARTBEAT,48,HEARTBEAT,0,0,0,0,0,0,0x0C007FC0
1777171801.766,752668,3,1,CDH,255,BROADCAST,0,HEARTBEAT,48,HEARTBEAT,0,0,0,0,0,0,0x0C007FC0
1777171802.787,753666,3,1,CDH,255,BROADCAST,0,HEARTBEAT,48,HEARTBEAT,0,0,0,0,0,0,0x0C007FC0
1777171803.757,754665,3,1,CDH,255,BROADCAST,0,HEARTBEAT,48,HEARTBEAT,0,0,0,0,0,0,0x0C007FC0
1777171804.756,755662,3,1,CDH,255,BROADCAST,0,HEARTBEAT,48,HEARTBEAT,0,0,0,0,0,0,0x0C007FC0
1777171805.758,756660,3,1,CDH,255,BROADCAST,0,HEARTBEAT,48,HEARTBEAT,0,0,0,0,0,0,0x0C007FC0
1777171806.796,757659,3,1,CDH,255,BROADCAST,0,HEARTBEAT,48,HEARTBEAT,0,0,0,0,0,0,0x0C007FC0
1777171807.749,758657,3,1,CDH,255,BROADCAST,0,HEARTBEAT,48,HEARTBEAT,0,0,0,0,0,0,0x0C007FC0
1777171808.747,759654,3,1,CDH,255,BROADCAST,0,HEARTBEAT,48,HEARTBEAT,0,0,0,0,0,0,0x0C007FC0
1777171809.766,760652,3,1,CDH,255,BROADCAST,0,HEARTBEAT,48,HEARTBEAT,0,0,0,0,0,0,0x0C007FC0
1777171810.803,761650,3,1,CDH,255,BROADCAST,0,HEARTBEAT,48,HEARTBEAT,0,0,0,0,0,0,0x0C007FC0
1777171811.741,762648,3,1,CDH,255,BROADCAST,0,HEARTBEAT,48,HEARTBEAT,0,0,0,0,0,0,0x0C007FC0
1777171812.738,763646,3,1,CDH,255,BROADCAST,0,HEARTBEAT,48,HEARTBEAT,0,0,0,0,0,0,0x0C007FC0
1777171813.762,764644,3,1,CDH,255,BROADCAST,0,HEARTBEAT,48,HEARTBEAT,0,0,0,0,0,0,0x0C007FC0
1777171814.771,765642,3,1,CDH,255,BROADCAST,0,HEARTBEAT,48,HEARTBEAT,0,0,0,0,0,0,0x0C007FC0
1777171815.732,766640,3,1,CDH,255,BROADCAST,0,HEARTBEAT,48,HEARTBEAT,0,0,0,0,0,0,0x0C007FC0
1777171816.730,767638,3,1,CDH,255,BROADCAST,0,HEARTBEAT,48,HEARTBEAT,0,0,0,0,0,0,0x0C007FC0
1777171817.739,768636,3,1,CDH,255,BROADCAST,0,HEARTBEAT,48,HEARTBEAT,0,0,0,0,0,0,0x0C007FC0
1777171818.762,769634,3,1,CDH,255,BROADCAST,0,HEARTBEAT,48,HEARTBEAT,0,0,0,0,0,0,0x0C007FC0
1777171819.724,770632,3,1,CDH,255,BROADCAST,0,HEARTBEAT,48,HEARTBEAT,0,0,0,0,0,0,0x0C007FC0
1777171820.722,771630,3,1,CDH,255,BROADCAST,0,HEARTBEAT,48,HEARTBEAT,0,0,0,0,0,0,0x0C007FC0
1777171821.741,772628,3,1,CDH,255,BROADCAST,0,HEARTBEAT,48,HEARTBEAT,0,0,0,0,0,0,0x0C007FC0
1777171822.774,773625,3,1,CDH,255,BROADCAST,0,HEARTBEAT,48,HEARTBEAT,0,0,0,0,0,0,0x0C007FC0
1777171823.730,774624,3,1,CDH,255,BROADCAST,0,HEARTBEAT,48,HEARTBEAT,0,0,0,0,0,0,0x0C007FC0
1777171824.720,775622,3,1,CDH,255,BROADCAST,0,HEARTBEAT,48,HEARTBEAT,0,0,0,0,0,0,0x0C007FC0
1777171825.750,776620,3,1,CDH,255,BROADCAST,0,HEARTBEAT,48,HEARTBEAT,0,0,0,0,0,0,0x0C007FC0
1777171826.754,777618,3,1,CDH,255,BROADCAST,0,HEARTBEAT,48,HEARTBEAT,0,0,0,0,0,0,0x0C007FC0
1777171827.709,778616,3,1,CDH,255,BROADCAST,0,HEARTBEAT,48,HEARTBEAT,0,0,0,0,0,0,0x0C007FC0
1777171828.807,779614,3,1,CDH,255,BROADCAST,0,HEARTBEAT,48,HEARTBEAT,0,0,0,0,0,0,0x0C007FC0
1777171829.710,780612,3,1,CDH,255,BROADCAST,0,HEARTBEAT,48,HEARTBEAT,0,0,0,0,0,0,0x0C007FC0
1777171830.796,781610,3,1,CDH,255,BROADCAST,0,HEARTBEAT,48,HEARTBEAT,0,0,0,0,0,0,0x0C007FC0
1777171831.701,782608,3,1,CDH,255,BROADCAST,0,HEARTBEAT,48,HEARTBEAT,0,0,0,0,0,0,0x0C007FC0
1777171832.699,783606,3,1,CDH,255,BROADCAST,0,HEARTBEAT,48,HEARTBEAT,0,0,0,0,0,0,0x0C007FC0
1777171833.708,784604,3,1,CDH,255,BROADCAST,0,HEARTBEAT,48,HEARTBEAT,0,0,0,0,0,0,0x0C007FC0
1777171834.743,785602,3,1,CDH,255,BROADCAST,0,HEARTBEAT,48,HEARTBEAT,0,0,0,0,0,0,0x0C007FC0
1777171835.695,786600,3,1,CDH,255,BROADCAST,0,HEARTBEAT,48,HEARTBEAT,0,0,0,0,0,0,0x0C007FC0
1777171836.692,787598,3,1,CDH,255,BROADCAST,0,HEARTBEAT,48,HEARTBEAT,0,0,0,0,0,0,0x0C007FC0
1777171837.701,788596,3,1,CDH,255,BROADCAST,0,HEARTBEAT,48,HEARTBEAT,0,0,0,0,0,0,0x0C007FC0
1777171838.729,789594,3,1,CDH,255,BROADCAST,0,HEARTBEAT,48,HEARTBEAT,0,0,0,0,0,0,0x0C007FC0
1777171839.688,790593,3,1,CDH,255,BROADCAST,0,HEARTBEAT,48,HEARTBEAT,0,0,0,0,0,0,0x0C007FC0
1777171840.696,791592,3,1,CDH,255,BROADCAST,0,HEARTBEAT,48,HEARTBEAT,0,0,0,0,0,0,0x0C007FC0
1777171841.690,792590,3,1,CDH,255,BROADCAST,0,HEARTBEAT,48,HEARTBEAT,0,0,0,0,0,0,0x0C007FC0
1777171842.718,793588,3,1,CDH,255,BROADCAST,0,HEARTBEAT,48,HEARTBEAT,0,0,0,0,0,0,0x0C007FC0
1777171843.682,794586,3,1,CDH,255,BROADCAST,0,HEARTBEAT,48,HEARTBEAT,0,0,0,0,0,0,0x0C007FC0
1777171844.677,795584,3,1,CDH,255,BROADCAST,0,HEARTBEAT,48,HEARTBEAT,0,0,0,0,0,0,0x0C007FC0
1777171845.691,796582,3,1,CDH,255,BROADCAST,0,HEARTBEAT,48,HEARTBEAT,0,0,0,0,0,0,0x0C007FC0
1777171846.704,797581,3,1,CDH,255,BROADCAST,0,HEARTBEAT,48,HEARTBEAT,0,0,0,0,0,0,0x0C007FC0
1777171847.671,798579,3,1,CDH,255,BROADCAST,0,HEARTBEAT,48,HEARTBEAT,0,0,0,0,0,0,0x0C007FC0
1777171848.669,799576,3,1,CDH,255,BROADCAST,0,HEARTBEAT,48,HEARTBEAT,0,0,0,0,0,0,0x0C007FC0
1777171849.689,800574,3,1,CDH,255,BROADCAST,0,HEARTBEAT,48,HEARTBEAT,0,0,0,0,0,0,0x0C007FC0
1777171850.666,801573,3,1,CDH,255,BROADCAST,0,HEARTBEAT,48,HEARTBEAT,0,0,0,0,0,0,0x0C007FC0
1777171851.664,802571,3,1,CDH,255,BROADCAST,0,HEARTBEAT,48,HEARTBEAT,0,0,0,0,0,0,0x0C007FC0
1777171852.663,803570,3,1,CDH,255,BROADCAST,0,HEARTBEAT,48,HEARTBEAT,0,0,0,0,0,0,0x0C007FC0
1777171853.681,804568,3,1,CDH,255,BROADCAST,0,HEARTBEAT,48,HEARTBEAT,0,0,0,0,0,0,0x0C007FC0
1777171854.699,805567,3,1,CDH,255,BROADCAST,0,HEARTBEAT,48,HEARTBEAT,0,0,0,0,0,0,0x0C007FC0
1777171855.659,806565,3,1,CDH,255,BROADCAST,0,HEARTBEAT,48,HEARTBEAT,0,0,0,0,0,0,0x0C007FC0
1777171856.656,807563,3,1,CDH,255,BROADCAST,0,HEARTBEAT,48,HEARTBEAT,0,0,0,0,0,0,0x0C007FC0
1777171857.677,808561,3,1,CDH,255,BROADCAST,0,HEARTBEAT,48,HEARTBEAT,0,0,0,0,0,0,0x0C007FC0
1777171858.652,809559,3,1,CDH,255,BROADCAST,0,HEARTBEAT,48,HEARTBEAT,0,0,0,0,0,0,0x0C007FC0
1777171859.651,810557,3,1,CDH,255,BROADCAST,0,HEARTBEAT,48,HEARTBEAT,0,0,0,0,0,0,0x0C007FC0
1777171860.649,811555,3,1,CDH,255,BROADCAST,0,HEARTBEAT,48,HEARTBEAT,0,0,0,0,0,0,0x0C007FC0
1777171861.667,812553,3,1,CDH,255,BROADCAST,0,HEARTBEAT,48,HEARTBEAT,0,0,0,0,0,0,0x0C007FC0
1777171862.645,813551,3,1,CDH,255,BROADCAST,0,HEARTBEAT,48,HEARTBEAT,0,0,0,0,0,0,0x0C007FC0
1777171863.643,814549,3,1,CDH,255,BROADCAST,0,HEARTBEAT,48,HEARTBEAT,0,0,0,0,0,0,0x0C007FC0
1777171864.640,815547,3,1,CDH,255,BROADCAST,0,HEARTBEAT,48,HEARTBEAT,0,0,0,0,0,0,0x0C007FC0
1777171865.657,816547,3,1,CDH,255,BROADCAST,0,HEARTBEAT,48,HEARTBEAT,0,0,0,0,0,0,0x0C007FC0
1777171866.639,817545,3,1,CDH,255,BROADCAST,0,HEARTBEAT,48,HEARTBEAT,0,0,0,0,0,0,0x0C007FC0
1777171867.644,818544,3,1,CDH,255,BROADCAST,0,HEARTBEAT,48,HEARTBEAT,0,0,0,0,0,0,0x0C007FC0
1777171868.635,819542,3,1,CDH,255,BROADCAST,0,HEARTBEAT,48,HEARTBEAT,0,0,0,0,0,0,0x0C007FC0
1777171869.654,820540,3,1,CDH,255,BROADCAST,0,HEARTBEAT,48,HEARTBEAT,0,0,0,0,0,0,0x0C007FC0
1777171870.631,821538,3,1,CDH,255,BROADCAST,0,HEARTBEAT,48,HEARTBEAT,0,0,0,0,0,0,0x0C007FC0
1777171871.629,822536,3,1,CDH,255,BROADCAST,0,HEARTBEAT,48,HEARTBEAT,0,0,0,0,0,0,0x0C007FC0
1777171872.630,823534,3,1,CDH,255,BROADCAST,0,HEARTBEAT,48,HEARTBEAT,0,0,0,0,0,0,0x0C007FC0
1777171873.651,824532,3,1,CDH,255,BROADCAST,0,HEARTBEAT,48,HEARTBEAT,0,0,0,0,0,0,0x0C007FC0
1777171874.623,825530,3,1,CDH,255,BROADCAST,0,HEARTBEAT,48,HEARTBEAT,0,0,0,0,0,0,0x0C007FC0
1777171875.622,826528,3,1,CDH,255,BROADCAST,0,HEARTBEAT,48,HEARTBEAT,0,0,0,0,0,0,0x0C007FC0
1777171876.621,827527,3,1,CDH,255,BROADCAST,0,HEARTBEAT,48,HEARTBEAT,0,0,0,0,0,0,0x0C007FC0
1777171877.643,828525,3,1,CDH,255,BROADCAST,0,HEARTBEAT,48,HEARTBEAT,0,0,0,0,0,0,0x0C007FC0
1777171878.624,829525,3,1,CDH,255,BROADCAST,0,HEARTBEAT,48,HEARTBEAT,0,0,0,0,0,0,0x0C007FC0
1777171879.617,830524,3,1,CDH,255,BROADCAST,0,HEARTBEAT,48,HEARTBEAT,0,0,0,0,0,0,0x0C007FC0
1777171880.615,831522,3,1,CDH,255,BROADCAST,0,HEARTBEAT,48,HEARTBEAT,0,0,0,0,0,0,0x0C007FC0
1777171881.655,832520,3,1,CDH,255,BROADCAST,0,HEARTBEAT,48,HEARTBEAT,0,0,0,0,0,0,0x0C007FC0
1777171882.612,833518,3,1,CDH,255,BROADCAST,0,HEARTBEAT,48,HEARTBEAT,0,0,0,0,0,0,0x0C007FC0
1777171883.689,834516,3,1,CDH,255,BROADCAST,0,HEARTBEAT,48,HEARTBEAT,0,0,0,0,0,0,0x0C007FC0
1777171884.731,835514,3,1,CDH,255,BROADCAST,0,HEARTBEAT,48,HEARTBEAT,0,0,0,0,0,0,0x0C007FC0
1777171885.628,836512,3,1,CDH,255,BROADCAST,0,HEARTBEAT,48,HEARTBEAT,0,0,0,0,0,0,0x0C007FC0
1777171886.604,837510,3,1,CDH,255,BROADCAST,0,HEARTBEAT,48,HEARTBEAT,0,0,0,0,0,0,0x0C007FC0
1777171887.602,838508,3,1,CDH,255,BROADCAST,0,HEARTBEAT,48,HEARTBEAT,0,0,0,0,0,0,0x0C007FC0
1777171888.605,839506,3,1,CDH,255,BROADCAST,0,HEARTBEAT,48,HEARTBEAT,0,0,0,0,0,0,0x0C007FC0
1777171889.619,840504,3,1,CDH,255,BROADCAST,0,HEARTBEAT,48,HEARTBEAT,0,0,0,0,0,0,0x0C007FC0
1777171890.596,841502,3,1,CDH,255,BROADCAST,0,HEARTBEAT,48,HEARTBEAT,0,0,0,0,0,0,0x0C007FC0
1777171891.596,842500,3,1,CDH,255,BROADCAST,0,HEARTBEAT,48,HEARTBEAT,0,0,0,0,0,0,0x0C007FC0
1777171892.592,843498,3,1,CDH,255,BROADCAST,0,HEARTBEAT,48,HEARTBEAT,0,0,0,0,0,0,0x0C007FC0
1777171893.620,844496,3,1,CDH,255,BROADCAST,0,HEARTBEAT,48,HEARTBEAT,0,0,0,0,0,0,0x0C007FC0
1777171894.588,845494,3,1,CDH,255,BROADCAST,0,HEARTBEAT,48,HEARTBEAT,0,0,0,0,0,0,0x0C007FC0
1777171895.585,846492,3,1,CDH,255,BROADCAST,0,HEARTBEAT,48,HEARTBEAT,0,0,0,0,0,0,0x0C007FC0
1777171896.590,847490,3,1,CDH,255,BROADCAST,0,HEARTBEAT,48,HEARTBEAT,0,0,0,0,0,0,0x0C007FC0
1777171897.624,848488,3,1,CDH,255,BROADCAST,0,HEARTBEAT,48,HEARTBEAT,0,0,0,0,0,0,0x0C007FC0
1777171898.580,849487,3,1,CDH,255,BROADCAST,0,HEARTBEAT,48,HEARTBEAT,0,0,0,0,0,0,0x0C007FC0
1777171899.608,850484,3,1,CDH,255,BROADCAST,0,HEARTBEAT,48,HEARTBEAT,0,0,0,0,0,0,0x0C007FC0
1777171900.585,851482,3,1,CDH,255,BROADCAST,0,HEARTBEAT,48,HEARTBEAT,0,0,0,0,0,0,0x0C007FC0
1777171901.754,852480,3,1,CDH,255,BROADCAST,0,HEARTBEAT,48,HEARTBEAT,0,0,0,0,0,0,0x0C007FC0
1777171902.572,853478,3,1,CDH,255,BROADCAST,0,HEARTBEAT,48,HEARTBEAT,0,0,0,0,0,0,0x0C007FC0
1777171903.597,854476,3,1,CDH,255,BROADCAST,0,HEARTBEAT,48,HEARTBEAT,0,0,0,0,0,0,0x0C007FC0
1777171904.574,855474,3,1,CDH,255,BROADCAST,0,HEARTBEAT,48,HEARTBEAT,0,0,0,0,0,0,0x0C007FC0
1777171905.602,856472,3,1,CDH,255,BROADCAST,0,HEARTBEAT,48,HEARTBEAT,0,0,0,0,0,0,0x0C007FC0
1777171906.563,857470,3,1,CDH,255,BROADCAST,0,HEARTBEAT,48,HEARTBEAT,0,0,0,0,0,0,0x0C007FC0
1777171907.564,858468,3,1,CDH,255,BROADCAST,0,HEARTBEAT,48,HEARTBEAT,0,0,0,0,0,0,0x0C007FC0
1777171908.571,859466,3,1,CDH,255,BROADCAST,0,HEARTBEAT,48,HEARTBEAT,0,0,0,0,0,0,0x0C007FC0
1777171909.598,860464,3,1,CDH,255,BROADCAST,0,HEARTBEAT,48,HEARTBEAT,0,0,0,0,0,0,0x0C007FC0
1777171910.556,861462,3,1,CDH,255,BROADCAST,0,HEARTBEAT,48,HEARTBEAT,0,0,0,0,0,0,0x0C007FC0
1777171911.591,862459,3,1,CDH,255,BROADCAST,0,HEARTBEAT,48,HEARTBEAT,0,0,0,0,0,0,0x0C007FC0
1777171912.568,863457,3,1,CDH,255,BROADCAST,0,HEARTBEAT,48,HEARTBEAT,0,0,0,0,0,0,0x0C007FC0
1777171913.585,864455,3,1,CDH,255,BROADCAST,0,HEARTBEAT,48,HEARTBEAT,0,0,0,0,0,0,0x0C007FC0
1777171914.547,865453,3,1,CDH,255,BROADCAST,0,HEARTBEAT,48,HEARTBEAT,0,0,0,0,0,0,0x0C007FC0
1777171915.545,866451,3,1,CDH,255,BROADCAST,0,HEARTBEAT,48,HEARTBEAT,0,0,0,0,0,0,0x0C007FC0
1777171916.558,867449,3,1,CDH,255,BROADCAST,0,HEARTBEAT,48,HEARTBEAT,0,0,0,0,0,0,0x0C007FC0
1777171917.580,868447,3,1,CDH,255,BROADCAST,0,HEARTBEAT,48,HEARTBEAT,0,0,0,0,0,0,0x0C007FC0
1777171918.539,869445,3,1,CDH,255,BROADCAST,0,HEARTBEAT,48,HEARTBEAT,0,0,0,0,0,0,0x0C007FC0
1777171919.538,870444,3,1,CDH,255,BROADCAST,0,HEARTBEAT,48,HEARTBEAT,0,0,0,0,0,0,0x0C007FC0
1777171920.541,871442,3,1,CDH,255,BROADCAST,0,HEARTBEAT,48,HEARTBEAT,0,0,0,0,0,0,0x0C007FC0
1777171921.575,872440,3,1,CDH,255,BROADCAST,0,HEARTBEAT,48,HEARTBEAT,0,0,0,0,0,0,0x0C007FC0
1777171922.535,873438,3,1,CDH,255,BROADCAST,0,HEARTBEAT,48,HEARTBEAT,0,0,0,0,0,0,0x0C007FC0
1777171923.531,874436,3,1,CDH,255,BROADCAST,0,HEARTBEAT,48,HEARTBEAT,0,0,0,0,0,0,0x0C007FC0
1777171924.552,875434,3,1,CDH,255,BROADCAST,0,HEARTBEAT,48,HEARTBEAT,0,0,0,0,0,0,0x0C007FC0
1777171925.564,876432,3,1,CDH,255,BROADCAST,0,HEARTBEAT,48,HEARTBEAT,0,0,0,0,0,0,0x0C007FC0
1777171926.527,877430,3,1,CDH,255,BROADCAST,0,HEARTBEAT,48,HEARTBEAT,0,0,0,0,0,0,0x0C007FC0
1777171927.521,878427,3,1,CDH,255,BROADCAST,0,HEARTBEAT,48,HEARTBEAT,0,0,0,0,0,0,0x0C007FC0
1777171928.537,879425,3,1,CDH,255,BROADCAST,0,HEARTBEAT,48,HEARTBEAT,0,0,0,0,0,0,0x0C007FC0
1777171929.551,880423,3,1,CDH,255,BROADCAST,0,HEARTBEAT,48,HEARTBEAT,0,0,0,0,0,0,0x0C007FC0
1777171930.522,881421,3,1,CDH,255,BROADCAST,0,HEARTBEAT,48,HEARTBEAT,0,0,0,0,0,0,0x0C007FC0
1777171931.513,882419,3,1,CDH,255,BROADCAST,0,HEARTBEAT,48,HEARTBEAT,0,0,0,0,0,0,0x0C007FC0
1777171932.526,883417,3,1,CDH,255,BROADCAST,0,HEARTBEAT,48,HEARTBEAT,0,0,0,0,0,0,0x0C007FC0
1777171933.509,884415,3,1,CDH,255,BROADCAST,0,HEARTBEAT,48,HEARTBEAT,0,0,0,0,0,0,0x0C007FC0
1777171934.507,885413,3,1,CDH,255,BROADCAST,0,HEARTBEAT,48,HEARTBEAT,0,0,0,0,0,0,0x0C007FC0
1777171935.505,886411,3,1,CDH,255,BROADCAST,0,HEARTBEAT,48,HEARTBEAT,0,0,0,0,0,0,0x0C007FC0
1777171936.527,887409,3,1,CDH,255,BROADCAST,0,HEARTBEAT,48,HEARTBEAT,0,0,0,0,0,0,0x0C007FC0
1777171937.502,888407,3,1,CDH,255,BROADCAST,0,HEARTBEAT,48,HEARTBEAT,0,0,0,0,0,0,0x0C007FC0
1777171938.500,889405,3,1,CDH,255,BROADCAST,0,HEARTBEAT,48,HEARTBEAT,0,0,0,0,0,0,0x0C007FC0
1777171939.497,890403,3,1,CDH,255,BROADCAST,0,HEARTBEAT,48,HEARTBEAT,0,0,0,0,0,0,0x0C007FC0
1777171940.520,891402,3,1,CDH,255,BROADCAST,0,HEARTBEAT,48,HEARTBEAT,0,0,0,0,0,0,0x0C007FC0
1777171941.495,892400,3,1,CDH,255,BROADCAST,0,HEARTBEAT,48,HEARTBEAT,0,0,0,0,0,0,0x0C007FC0
1777171942.492,893398,3,1,CDH,255,BROADCAST,0,HEARTBEAT,48,HEARTBEAT,0,0,0,0,0,0,0x0C007FC0
1777171943.503,894396,3,1,CDH,255,BROADCAST,0,HEARTBEAT,48,HEARTBEAT,0,0,0,0,0,0,0x0C007FC0
1777171944.502,895394,3,1,CDH,255,BROADCAST,0,HEARTBEAT,48,HEARTBEAT,0,0,0,0,0,0,0x0C007FC0
1777171945.487,896392,3,1,CDH,255,BROADCAST,0,HEARTBEAT,48,HEARTBEAT,0,0,0,0,0,0,0x0C007FC0
1777171946.484,897389,3,1,CDH,255,BROADCAST,0,HEARTBEAT,48,HEARTBEAT,0,0,0,0,0,0,0x0C007FC0
1777171947.482,898388,3,1,CDH,255,BROADCAST,0,HEARTBEAT,48,HEARTBEAT,0,0,0,0,0,0,0x0C007FC0
1777171948.497,899386,3,1,CDH,255,BROADCAST,0,HEARTBEAT,48,HEARTBEAT,0,0,0,0,0,0,0x0C007FC0
1777171949.478,900383,3,1,CDH,255,BROADCAST,0,HEARTBEAT,48,HEARTBEAT,0,0,0,0,0,0,0x0C007FC0
1777171950.478,901381,3,1,CDH,255,BROADCAST,0,HEARTBEAT,48,HEARTBEAT,0,0,0,0,0,0,0x0C007FC0
1777171951.476,902379,3,1,CDH,255,BROADCAST,0,HEARTBEAT,48,HEARTBEAT,0,0,0,0,0,0,0x0C007FC0
1777171952.501,903377,3,1,CDH,255,BROADCAST,0,HEARTBEAT,48,HEARTBEAT,0,0,0,0,0,0,0x0C007FC0
1777171953.470,904375,3,1,CDH,255,BROADCAST,0,HEARTBEAT,48,HEARTBEAT,0,0,0,0,0,0,0x0C007FC0
1777171954.468,905374,3,1,CDH,255,BROADCAST,0,HEARTBEAT,48,HEARTBEAT,0,0,0,0,0,0,0x0C007FC0
1777171955.467,906371,3,1,CDH,255,BROADCAST,0,HEARTBEAT,48,HEARTBEAT,0,0,0,0,0,0,0x0C007FC0
1777171956.481,907369,3,1,CDH,255,BROADCAST,0,HEARTBEAT,48,HEARTBEAT,0,0,0,0,0,0,0x0C007FC0
1777171957.462,908367,3,1,CDH,255,BROADCAST,0,HEARTBEAT,48,HEARTBEAT,0,0,0,0,0,0,0x0C007FC0
1777171958.460,909365,3,1,CDH,255,BROADCAST,0,HEARTBEAT,48,HEARTBEAT,0,0,0,0,0,0,0x0C007FC0
1777171959.466,910363,3,1,CDH,255,BROADCAST,0,HEARTBEAT,48,HEARTBEAT,0,0,0,0,0,0,0x0C007FC0
1777171960.486,911361,3,1,CDH,255,BROADCAST,0,HEARTBEAT,48,HEARTBEAT,0,0,0,0,0,0,0x0C007FC0
1777171961.454,912359,3,1,CDH,255,BROADCAST,0,HEARTBEAT,48,HEARTBEAT,0,0,0,0,0,0,0x0C007FC0
1777171962.453,913357,3,1,CDH,255,BROADCAST,0,HEARTBEAT,48,HEARTBEAT,0,0,0,0,0,0,0x0C007FC0
1777171963.458,914355,3,1,CDH,255,BROADCAST,0,HEARTBEAT,48,HEARTBEAT,0,0,0,0,0,0,0x0C007FC0
1777171964.495,915353,3,1,CDH,255,BROADCAST,0,HEARTBEAT,48,HEARTBEAT,0,0,0,0,0,0,0x0C007FC0
1777171965.447,916352,3,1,CDH,255,BROADCAST,0,HEARTBEAT,48,HEARTBEAT,0,0,0,0,0,0,0x0C007FC0
1777171966.445,917350,3,1,CDH,255,BROADCAST,0,HEARTBEAT,48,HEARTBEAT,0,0,0,0,0,0,0x0C007FC0
1777171967.453,918348,3,1,CDH,255,BROADCAST,0,HEARTBEAT,48,HEARTBEAT,0,0,0,0,0,0,0x0C007FC0
1777171968.478,919346,3,1,CDH,255,BROADCAST,0,HEARTBEAT,48,HEARTBEAT,0,0,0,0,0,0,0x0C007FC0
1777171969.439,920344,3,1,CDH,255,BROADCAST,0,HEARTBEAT,48,HEARTBEAT,0,0,0,0,0,0,0x0C007FC0
1777171970.438,921342,3,1,CDH,255,BROADCAST,0,HEARTBEAT,48,HEARTBEAT,0,0,0,0,0,0,0x0C007FC0
1777171971.444,922340,3,1,CDH,255,BROADCAST,0,HEARTBEAT,48,HEARTBEAT,0,0,0,0,0,0,0x0C007FC0
1777171972.460,923338,3,1,CDH,255,BROADCAST,0,HEARTBEAT,48,HEARTBEAT,0,0,0,0,0,0,0x0C007FC0
1777171973.433,924336,3,1,CDH,255,BROADCAST,0,HEARTBEAT,48,HEARTBEAT,0,0,0,0,0,0,0x0C007FC0
1777171974.429,925334,3,1,CDH,255,BROADCAST,0,HEARTBEAT,48,HEARTBEAT,0,0,0,0,0,0,0x0C007FC0
1777171975.435,926332,3,1,CDH,255,BROADCAST,0,HEARTBEAT,48,HEARTBEAT,0,0,0,0,0,0,0x0C007FC0
1777171976.470,927330,3,1,CDH,255,BROADCAST,0,HEARTBEAT,48,HEARTBEAT,0,0,0,0,0,0,0x0C007FC0
1777171977.423,928328,3,1,CDH,255,BROADCAST,0,HEARTBEAT,48,HEARTBEAT,0,0,0,0,0,0,0x0C007FC0
1777171978.421,929325,3,1,CDH,255,BROADCAST,0,HEARTBEAT,48,HEARTBEAT,0,0,0,0,0,0,0x0C007FC0
1777171979.432,930323,3,1,CDH,255,BROADCAST,0,HEARTBEAT,48,HEARTBEAT,0,0,0,0,0,0,0x0C007FC0
1777171980.463,931321,3,1,CDH,255,BROADCAST,0,HEARTBEAT,48,HEARTBEAT,0,0,0,0,0,0,0x0C007FC0
1777171981.416,932319,3,1,CDH,255,BROADCAST,0,HEARTBEAT,48,HEARTBEAT,0,0,0,0,0,0,0x0C007FC0
1777171982.413,933317,3,1,CDH,255,BROADCAST,0,HEARTBEAT,48,HEARTBEAT,0,0,0,0,0,0,0x0C007FC0
1777171983.426,934315,3,1,CDH,255,BROADCAST,0,HEARTBEAT,48,HEARTBEAT,0,0,0,0,0,0,0x0C007FC0
1777171984.452,935313,3,1,CDH,255,BROADCAST,0,HEARTBEAT,48,HEARTBEAT,0,0,0,0,0,0,0x0C007FC0
1777171985.406,936311,3,1,CDH,255,BROADCAST,0,HEARTBEAT,48,HEARTBEAT,0,0,0,0,0,0,0x0C007FC0
1777171986.405,937309,3,1,CDH,255,BROADCAST,0,HEARTBEAT,48,HEARTBEAT,0,0,0,0,0,0,0x0C007FC0
1777171987.421,938307,3,1,CDH,255,BROADCAST,0,HEARTBEAT,48,HEARTBEAT,0,0,0,0,0,0,0x0C007FC0
1777171988.431,939305,3,1,CDH,255,BROADCAST,0,HEARTBEAT,48,HEARTBEAT,0,0,0,0,0,0,0x0C007FC0
1777171989.407,940304,3,1,CDH,255,BROADCAST,0,HEARTBEAT,48,HEARTBEAT,0,0,0,0,0,0,0x0C007FC0
1777171990.423,941302,3,1,CDH,255,BROADCAST,0,HEARTBEAT,48,HEARTBEAT,0,0,0,0,0,0,0x0C007FC0
1777171991.410,942300,3,1,CDH,255,BROADCAST,0,HEARTBEAT,48,HEARTBEAT,0,0,0,0,0,0,0x0C007FC0
1777171992.459,943298,3,1,CDH,255,BROADCAST,0,HEARTBEAT,48,HEARTBEAT,0,0,0,0,0,0,0x0C007FC0
1777171993.391,944296,3,1,CDH,255,BROADCAST,0,HEARTBEAT,48,HEARTBEAT,0,0,0,0,0,0,0x0C007FC0
1777171994.389,945294,3,1,CDH,255,BROADCAST,0,HEARTBEAT,48,HEARTBEAT,0,0,0,0,0,0,0x0C007FC0
1777171995.453,946293,3,1,CDH,255,BROADCAST,0,HEARTBEAT,48,HEARTBEAT,0,0,0,0,0,0,0x0C007FC0
1777171996.386,947290,3,1,CDH,255,BROADCAST,0,HEARTBEAT,48,HEARTBEAT,0,0,0,0,0,0,0x0C007FC0
1777171997.387,948288,3,1,CDH,255,BROADCAST,0,HEARTBEAT,48,HEARTBEAT,0,0,0,0,0,0,0x0C007FC0
1777171998.382,949286,3,1,CDH,255,BROADCAST,0,HEARTBEAT,48,HEARTBEAT,0,0,0,0,0,0,0x0C007FC0
1777171999.404,950284,3,1,CDH,255,BROADCAST,0,HEARTBEAT,48,HEARTBEAT,0,0,0,0,0,0,0x0C007FC0
1777172000.378,951282,3,1,CDH,255,BROADCAST,0,HEARTBEAT,48,HEARTBEAT,0,0,0,0,0,0,0x0C007FC0
1777172001.376,952280,3,1,CDH,255,BROADCAST,0,HEARTBEAT,48,HEARTBEAT,0,0,0,0,0,0,0x0C007FC0
1777172002.378,953278,3,1,CDH,255,BROADCAST,0,HEARTBEAT,48,HEARTBEAT,0,0,0,0,0,0,0x0C007FC0
1777172003.403,954276,3,1,CDH,255,BROADCAST,0,HEARTBEAT,48,HEARTBEAT,0,0,0,0,0,0,0x0C007FC0
1777172004.371,955274,3,1,CDH,255,BROADCAST,0,HEARTBEAT,48,HEARTBEAT,0,0,0,0,0,0,0x0C007FC0
1777172005.368,956272,3,1,CDH,255,BROADCAST,0,HEARTBEAT,48,HEARTBEAT,0,0,0,0,0,0,0x0C007FC0
1777172006.366,957270,3,1,CDH,255,BROADCAST,0,HEARTBEAT,48,HEARTBEAT,0,0,0,0,0,0,0x0C007FC0
1777172007.388,958268,3,1,CDH,255,BROADCAST,0,HEARTBEAT,48,HEARTBEAT,0,0,0,0,0,0,0x0C007FC0
1777172008.363,959267,3,1,CDH,255,BROADCAST,0,HEARTBEAT,48,HEARTBEAT,0,0,0,0,0,0,0x0C007FC0
1777172009.361,960266,3,1,CDH,255,BROADCAST,0,HEARTBEAT,48,HEARTBEAT,0,0,0,0,0,0,0x0C007FC0
1777172010.359,961264,3,1,CDH,255,BROADCAST,0,HEARTBEAT,48,HEARTBEAT,0,0,0,0,0,0,0x0C007FC0
1777172011.402,962262,3,1,CDH,255,BROADCAST,0,HEARTBEAT,48,HEARTBEAT,0,0,0,0,0,0,0x0C007FC0
1777172012.356,963260,3,1,CDH,255,BROADCAST,0,HEARTBEAT,48,HEARTBEAT,0,0,0,0,0,0,0x0C007FC0
1777172013.354,964258,3,1,CDH,255,BROADCAST,0,HEARTBEAT,48,HEARTBEAT,0,0,0,0,0,0,0x0C007FC0
1777172014.355,965256,3,1,CDH,255,BROADCAST,0,HEARTBEAT,48,HEARTBEAT,0,0,0,0,0,0,0x0C007FC0
1777172015.373,966254,3,1,CDH,255,BROADCAST,0,HEARTBEAT,48,HEARTBEAT,0,0,0,0,0,0,0x0C007FC0
1777172016.347,967252,3,1,CDH,255,BROADCAST,0,HEARTBEAT,48,HEARTBEAT,0,0,0,0,0,0,0x0C007FC0
1777172017.346,968250,3,1,CDH,255,BROADCAST,0,HEARTBEAT,48,HEARTBEAT,0,0,0,0,0,0,0x0C007FC0
1777172018.344,969248,3,1,CDH,255,BROADCAST,0,HEARTBEAT,48,HEARTBEAT,0,0,0,0,0,0,0x0C007FC0
1777172019.385,970246,3,1,CDH,255,BROADCAST,0,HEARTBEAT,48,HEARTBEAT,0,0,0,0,0,0,0x0C007FC0
1777172020.340,971244,3,1,CDH,255,BROADCAST,0,HEARTBEAT,48,HEARTBEAT,0,0,0,0,0,0,0x0C007FC0
1777172021.343,972242,3,1,CDH,255,BROADCAST,0,HEARTBEAT,48,HEARTBEAT,0,0,0,0,0,0,0x0C007FC0
1777172022.345,973240,3,1,CDH,255,BROADCAST,0,HEARTBEAT,48,HEARTBEAT,0,0,0,0,0,0,0x0C007FC0
1777172023.365,974238,3,1,CDH,255,BROADCAST,0,HEARTBEAT,48,HEARTBEAT,0,0,0,0,0,0,0x0C007FC0
1777172024.343,975236,3,1,CDH,255,BROADCAST,0,HEARTBEAT,48,HEARTBEAT,0,0,0,0,0,0,0x0C007FC0
1777172025.330,976234,3,1,CDH,255,BROADCAST,0,HEARTBEAT,48,HEARTBEAT,0,0,0,0,0,0,0x0C007FC0
1777172026.328,977232,3,1,CDH,255,BROADCAST,0,HEARTBEAT,48,HEARTBEAT,0,0,0,0,0,0,0x0C007FC0
1777172027.357,978230,3,1,CDH,255,BROADCAST,0,HEARTBEAT,48,HEARTBEAT,0,0,0,0,0,0,0x0C007FC0
1777172028.324,979228,3,1,CDH,255,BROADCAST,0,HEARTBEAT,48,HEARTBEAT,0,0,0,0,0,0,0x0C007FC0
1777172029.322,980226,3,1,CDH,255,BROADCAST,0,HEARTBEAT,48,HEARTBEAT,0,0,0,0,0,0,0x0C007FC0
1777172030.327,981224,3,1,CDH,255,BROADCAST,0,HEARTBEAT,48,HEARTBEAT,0,0,0,0,0,0,0x0C007FC0
1777172031.356,982223,3,1,CDH,255,BROADCAST,0,HEARTBEAT,48,HEARTBEAT,0,0,0,0,0,0,0x0C007FC0
1777172032.316,983220,3,1,CDH,255,BROADCAST,0,HEARTBEAT,48,HEARTBEAT,0,0,0,0,0,0,0x0C007FC0
1777172033.315,984218,3,1,CDH,255,BROADCAST,0,HEARTBEAT,48,HEARTBEAT,0,0,0,0,0,0,0x0C007FC0
1777172034.312,985216,3,1,CDH,255,BROADCAST,0,HEARTBEAT,48,HEARTBEAT,0,0,0,0,0,0,0x0C007FC0
1777172035.346,986214,3,1,CDH,255,BROADCAST,0,HEARTBEAT,48,HEARTBEAT,0,0,0,0,0,0,0x0C007FC0
1777172036.308,987212,3,1,CDH,255,BROADCAST,0,HEARTBEAT,48,HEARTBEAT,0,0,0,0,0,0,0x0C007FC0
1777172037.306,988210,3,1,CDH,255,BROADCAST,0,HEARTBEAT,48,HEARTBEAT,0,0,0,0,0,0,0x0C007FC0
1777172038.308,989208,3,1,CDH,255,BROADCAST,0,HEARTBEAT,48,HEARTBEAT,0,0,0,0,0,0,0x0C007FC0
1777172039.352,990206,3,1,CDH,255,BROADCAST,0,HEARTBEAT,48,HEARTBEAT,0,0,0,0,0,0,0x0C007FC0
1777172040.299,991204,3,1,CDH,255,BROADCAST,0,HEARTBEAT,48,HEARTBEAT,0,0,0,0,0,0,0x0C007FC0
1777172041.297,992201,3,1,CDH,255,BROADCAST,0,HEARTBEAT,48,HEARTBEAT,0,0,0,0,0,0,0x0C007FC0
1777172042.323,993199,3,1,CDH,255,BROADCAST,0,HEARTBEAT,48,HEARTBEAT,0,0,0,0,0,0,0x0C007FC0
1777172043.334,994197,3,1,CDH,255,BROADCAST,0,HEARTBEAT,48,HEARTBEAT,0,0,0,0,0,0,0x0C007FC0
1777172044.292,995195,3,1,CDH,255,BROADCAST,0,HEARTBEAT,48,HEARTBEAT,0,0,0,0,0,0,0x0C007FC0
1777172045.290,996193,3,1,CDH,255,BROADCAST,0,HEARTBEAT,48,HEARTBEAT,0,0,0,0,0,0,0x0C007FC0
1777172046.302,997191,3,1,CDH,255,BROADCAST,0,HEARTBEAT,48,HEARTBEAT,0,0,0,0,0,0,0x0C007FC0
1777172047.329,998189,3,1,CDH,255,BROADCAST,0,HEARTBEAT,48,HEARTBEAT,0,0,0,0,0,0,0x0C007FC0
1777172048.343,999187,3,1,CDH,255,BROADCAST,0,HEARTBEAT,48,HEARTBEAT,0,0,0,0,0,0,0x0C007FC0
1777172049.281,1000185,3,1,CDH,255,BROADCAST,0,HEARTBEAT,48,HEARTBEAT,0,0,0,0,0,0,0x0C007FC0
1777172050.305,1001183,3,1,CDH,255,BROADCAST,0,HEARTBEAT,48,HEARTBEAT,0,0,0,0,0,0,0x0C007FC0
1777172051.323,1002181,3,1,CDH,255,BROADCAST,0,HEARTBEAT,48,HEARTBEAT,0,0,0,0,0,0,0x0C007FC0
1777172052.278,1003180,3,1,CDH,255,BROADCAST,0,HEARTBEAT,48,HEARTBEAT,0,0,0,0,0,0,0x0C007FC0
1777172053.285,1004178,3,1,CDH,255,BROADCAST,0,HEARTBEAT,48,HEARTBEAT,0,0,0,0,0,0,0x0C007FC0
1777172054.288,1005176,3,1,CDH,255,BROADCAST,0,HEARTBEAT,48,HEARTBEAT,0,0,0,0,0,0,0x0C007FC0
1777172055.420,1006174,3,1,CDH,255,BROADCAST,0,HEARTBEAT,48,HEARTBEAT,0,0,0,0,0,0,0x0C007FC0
1777172056.268,1007171,3,1,CDH,255,BROADCAST,0,HEARTBEAT,48,HEARTBEAT,0,0,0,0,0,0,0x0C007FC0
1777172057.265,1008169,3,1,CDH,255,BROADCAST,0,HEARTBEAT,48,HEARTBEAT,0,0,0,0,0,0,0x0C007FC0
1777172058.284,1009167,3,1,CDH,255,BROADCAST,0,HEARTBEAT,48,HEARTBEAT,0,0,0,0,0,0,0x0C007FC0
1777172059.262,1010165,3,1,CDH,255,BROADCAST,0,HEARTBEAT,48,HEARTBEAT,0,0,0,0,0,0,0x0C007FC0
1777172060.259,1011163,3,1,CDH,255,BROADCAST,0,HEARTBEAT,48,HEARTBEAT,0,0,0,0,0,0,0x0C007FC0
1777172061.258,1012161,3,1,CDH,255,BROADCAST,0,HEARTBEAT,48,HEARTBEAT,0,0,0,0,0,0,0x0C007FC0
1777172062.270,1013159,3,1,CDH,255,BROADCAST,0,HEARTBEAT,48,HEARTBEAT,0,0,0,0,0,0,0x0C007FC0
1777172063.254,1014157,3,1,CDH,255,BROADCAST,0,HEARTBEAT,48,HEARTBEAT,0,0,0,0,0,0,0x0C007FC0
1777172064.252,1015155,3,1,CDH,255,BROADCAST,0,HEARTBEAT,48,HEARTBEAT,0,0,0,0,0,0,0x0C007FC0
1777172065.259,1016153,3,1,CDH,255,BROADCAST,0,HEARTBEAT,48,HEARTBEAT,0,0,0,0,0,0,0x0C007FC0
1777172066.264,1017151,3,1,CDH,255,BROADCAST,0,HEARTBEAT,48,HEARTBEAT,0,0,0,0,0,0,0x0C007FC0
1777172067.245,1018149,3,1,CDH,255,BROADCAST,0,HEARTBEAT,48,HEARTBEAT,0,0,0,0,0,0,0x0C007FC0
1777172068.243,1019147,3,1,CDH,255,BROADCAST,0,HEARTBEAT,48,HEARTBEAT,0,0,0,0,0,0,0x0C007FC0
1777172069.241,1020145,3,1,CDH,255,BROADCAST,0,HEARTBEAT,48,HEARTBEAT,0,0,0,0,0,0,0x0C007FC0
1777172070.263,1021143,3,1,CDH,255,BROADCAST,0,HEARTBEAT,48,HEARTBEAT,0,0,0,0,0,0,0x0C007FC0
1777172071.237,1022141,3,1,CDH,255,BROADCAST,0,HEARTBEAT,48,HEARTBEAT,0,0,0,0,0,0,0x0C007FC0
1777172072.236,1023139,3,1,CDH,255,BROADCAST,0,HEARTBEAT,48,HEARTBEAT,0,0,0,0,0,0,0x0C007FC0
1777172073.248,1024136,3,1,CDH,255,BROADCAST,0,HEARTBEAT,48,HEARTBEAT,0,0,0,0,0,0,0x0C007FC0
1777172074.262,1025134,3,1,CDH,255,BROADCAST,0,HEARTBEAT,48,HEARTBEAT,0,0,0,0,0,0,0x0C007FC0
1777172075.229,1026132,3,1,CDH,255,BROADCAST,0,HEARTBEAT,48,HEARTBEAT,0,0,0,0,0,0,0x0C007FC0
1777172076.228,1027130,3,1,CDH,255,BROADCAST,0,HEARTBEAT,48,HEARTBEAT,0,0,0,0,0,0,0x0C007FC0
1777172077.225,1028128,3,1,CDH,255,BROADCAST,0,HEARTBEAT,48,HEARTBEAT,0,0,0,0,0,0,0x0C007FC0
1777172078.251,1029126,3,1,CDH,255,BROADCAST,0,HEARTBEAT,48,HEARTBEAT,0,0,0,0,0,0,0x0C007FC0
1777172079.221,1030124,3,1,CDH,255,BROADCAST,0,HEARTBEAT,48,HEARTBEAT,0,0,0,0,0,0,0x0C007FC0
1777172080.218,1031122,3,1,CDH,255,BROADCAST,0,HEARTBEAT,48,HEARTBEAT,0,0,0,0,0,0,0x0C007FC0
1777172081.216,1032119,3,1,CDH,255,BROADCAST,0,HEARTBEAT,48,HEARTBEAT,0,0,0,0,0,0,0x0C007FC0
1777172082.233,1033117,3,1,CDH,255,BROADCAST,0,HEARTBEAT,48,HEARTBEAT,0,0,0,0,0,0,0x0C007FC0
1777172083.212,1034115,3,1,CDH,255,BROADCAST,0,HEARTBEAT,48,HEARTBEAT,0,0,0,0,0,0,0x0C007FC0
1777172084.210,1035113,3,1,CDH,255,BROADCAST,0,HEARTBEAT,48,HEARTBEAT,0,0,0,0,0,0,0x0C007FC0
1777172085.261,1036111,3,1,CDH,255,BROADCAST,0,HEARTBEAT,48,HEARTBEAT,0,0,0,0,0,0,0x0C007FC0
1777172086.241,1037109,3,1,CDH,255,BROADCAST,0,HEARTBEAT,48,HEARTBEAT,0,0,0,0,0,0,0x0C007FC0
1777172087.204,1038107,3,1,CDH,255,BROADCAST,0,HEARTBEAT,48,HEARTBEAT,0,0,0,0,0,0,0x0C007FC0
1777172088.202,1039105,3,1,CDH,255,BROADCAST,0,HEARTBEAT,48,HEARTBEAT,0,0,0,0,0,0,0x0C007FC0
1777172089.258,1040103,3,1,CDH,255,BROADCAST,0,HEARTBEAT,48,HEARTBEAT,0,0,0,0,0,0,0x0C007FC0
1777172090.250,1041101,3,1,CDH,255,BROADCAST,0,HEARTBEAT,48,HEARTBEAT,0,0,0,0,0,0,0x0C007FC0
1777172091.196,1042099,3,1,CDH,255,BROADCAST,0,HEARTBEAT,48,HEARTBEAT,0,0,0,0,0,0,0x0C007FC0
1777172092.207,1043097,3,1,CDH,255,BROADCAST,0,HEARTBEAT,48,HEARTBEAT,0,0,0,0,0,0,0x0C007FC0
1777172093.310,1044095,3,1,CDH,255,BROADCAST,0,HEARTBEAT,48,HEARTBEAT,0,0,0,0,0,0,0x0C007FC0
1777172094.233,1045093,3,1,CDH,255,BROADCAST,0,HEARTBEAT,48,HEARTBEAT,0,0,0,0,0,0,0x0C007FC0
1777172095.188,1046091,3,1,CDH,255,BROADCAST,0,HEARTBEAT,48,HEARTBEAT,0,0,0,0,0,0,0x0C007FC0
1777172096.186,1047089,3,1,CDH,255,BROADCAST,0,HEARTBEAT,48,HEARTBEAT,0,0,0,0,0,0,0x0C007FC0
1777172097.196,1048087,3,1,CDH,255,BROADCAST,0,HEARTBEAT,48,HEARTBEAT,0,0,0,0,0,0,0x0C007FC0
1777172102.211,1053076,3,1,CDH,255,BROADCAST,0,HEARTBEAT,48,HEARTBEAT,0,0,0,0,0,0,0x0C007FC0
1777172103.171,1054074,3,1,CDH,255,BROADCAST,0,HEARTBEAT,48,HEARTBEAT,0,0,0,0,0,0,0x0C007FC0
1777172104.169,1055071,3,1,CDH,255,BROADCAST,0,HEARTBEAT,48,HEARTBEAT,0,0,0,0,0,0,0x0C007FC0
1777172105.179,1056069,3,1,CDH,255,BROADCAST,0,HEARTBEAT,48,HEARTBEAT,0,0,0,0,0,0,0x0C007FC0
1777172106.215,1057067,3,1,CDH,255,BROADCAST,0,HEARTBEAT,48,HEARTBEAT,0,0,0,0,0,0,0x0C007FC0
1777172107.162,1058065,3,1,CDH,255,BROADCAST,0,HEARTBEAT,48,HEARTBEAT,0,0,0,0,0,0,0x0C007FC0
1777172108.161,1059063,3,1,CDH,255,BROADCAST,0,HEARTBEAT,48,HEARTBEAT,0,0,0,0,0,0,0x0C007FC0
1777172109.179,1060061,3,1,CDH,255,BROADCAST,0,HEARTBEAT,48,HEARTBEAT,0,0,0,0,0,0,0x0C007FC0
1777172110.156,1061059,3,1,CDH,255,BROADCAST,0,HEARTBEAT,48,HEARTBEAT,0,0,0,0,0,0,0x0C007FC0
1777172111.154,1062056,3,1,CDH,255,BROADCAST,0,HEARTBEAT,48,HEARTBEAT,0,0,0,0,0,0,0x0C007FC0
1777172112.152,1063054,3,1,CDH,255,BROADCAST,0,HEARTBEAT,48,HEARTBEAT,0,0,0,0,0,0,0x0C007FC0
1777172113.187,1064052,3,1,CDH,255,BROADCAST,0,HEARTBEAT,48,HEARTBEAT,0,0,0,0,0,0,0x0C007FC0
1777172114.147,1065050,3,1,CDH,255,BROADCAST,0,HEARTBEAT,48,HEARTBEAT,0,0,0,0,0,0,0x0C007FC0
1777172115.146,1066048,3,1,CDH,255,BROADCAST,0,HEARTBEAT,48,HEARTBEAT,0,0,0,0,0,0,0x0C007FC0
1777172116.143,1067046,3,1,CDH,255,BROADCAST,0,HEARTBEAT,48,HEARTBEAT,0,0,0,0,0,0,0x0C007FC0
1777172117.159,1068043,3,1,CDH,255,BROADCAST,0,HEARTBEAT,48,HEARTBEAT,0,0,0,0,0,0,0x0C007FC0
1777172118.138,1069041,3,1,CDH,255,BROADCAST,0,HEARTBEAT,48,HEARTBEAT,0,0,0,0,0,0,0x0C007FC0
1777172119.136,1070039,3,1,CDH,255,BROADCAST,0,HEARTBEAT,48,HEARTBEAT,0,0,0,0,0,0,0x0C007FC0
1777172120.135,1071038,3,1,CDH,255,BROADCAST,0,HEARTBEAT,48,HEARTBEAT,0,0,0,0,0,0,0x0C007FC0
1777172121.162,1072036,3,1,CDH,255,BROADCAST,0,HEARTBEAT,48,HEARTBEAT,0,0,0,0,0,0,0x0C007FC0
1777172122.149,1073035,3,1,CDH,255,BROADCAST,0,HEARTBEAT,48,HEARTBEAT,0,0,0,0,0,0,0x0C007FC0
1777172123.130,1074032,3,1,CDH,255,BROADCAST,0,HEARTBEAT,48,HEARTBEAT,0,0,0,0,0,0,0x0C007FC0
1777172124.157,1075030,3,1,CDH,255,BROADCAST,0,HEARTBEAT,48,HEARTBEAT,0,0,0,0,0,0,0x0C007FC0
1777172125.160,1076028,3,1,CDH,255,BROADCAST,0,HEARTBEAT,48,HEARTBEAT,0,0,0,0,0,0,0x0C007FC0
1777172126.138,1077026,3,1,CDH,255,BROADCAST,0,HEARTBEAT,48,HEARTBEAT,0,0,0,0,0,0,0x0C007FC0
1777172127.122,1078024,3,1,CDH,255,BROADCAST,0,HEARTBEAT,48,HEARTBEAT,0,0,0,0,0,0,0x0C007FC0
1777172128.119,1079021,3,1,CDH,255,BROADCAST,0,HEARTBEAT,48,HEARTBEAT,0,0,0,0,0,0,0x0C007FC0
1777172129.135,1080019,3,1,CDH,255,BROADCAST,0,HEARTBEAT,48,HEARTBEAT,0,0,0,0,0,0,0x0C007FC0
1777172130.115,1081017,3,1,CDH,255,BROADCAST,0,HEARTBEAT,48,HEARTBEAT,0,0,0,0,0,0,0x0C007FC0
1777172131.137,1082015,3,1,CDH,255,BROADCAST,0,HEARTBEAT,48,HEARTBEAT,0,0,0,0,0,0,0x0C007FC0
1777172132.123,1083013,3,1,CDH,255,BROADCAST,0,HEARTBEAT,48,HEARTBEAT,0,0,0,0,0,0,0x0C007FC0
1777172133.144,1084011,3,1,CDH,255,BROADCAST,0,HEARTBEAT,48,HEARTBEAT,0,0,0,0,0,0,0x0C007FC0
1777172134.107,1085009,3,1,CDH,255,BROADCAST,0,HEARTBEAT,48,HEARTBEAT,0,0,0,0,0,0,0x0C007FC0
1777172135.105,1086007,3,1,CDH,255,BROADCAST,0,HEARTBEAT,48,HEARTBEAT,0,0,0,0,0,0,0x0C007FC0
1777172136.104,1087005,3,1,CDH,255,BROADCAST,0,HEARTBEAT,48,HEARTBEAT,0,0,0,0,0,0,0x0C007FC0
1777172137.130,1088003,3,1,CDH,255,BROADCAST,0,HEARTBEAT,48,HEARTBEAT,0,0,0,0,0,0,0x0C007FC0
1777172138.098,1089000,3,1,CDH,255,BROADCAST,0,HEARTBEAT,48,HEARTBEAT,0,0,0,0,0,0,0x0C007FC0
1777172139.097,1089998,3,1,CDH,255,BROADCAST,0,HEARTBEAT,48,HEARTBEAT,0,0,0,0,0,0,0x0C007FC0
1777172140.104,1090996,3,1,CDH,255,BROADCAST,0,HEARTBEAT,48,HEARTBEAT,0,0,0,0,0,0,0x0C007FC0
1777172141.113,1091994,3,1,CDH,255,BROADCAST,0,HEARTBEAT,48,HEARTBEAT,0,0,0,0,0,0,0x0C007FC0
1777172142.090,1092992,3,1,CDH,255,BROADCAST,0,HEARTBEAT,48,HEARTBEAT,0,0,0,0,0,0,0x0C007FC0
1777172143.088,1093990,3,1,CDH,255,BROADCAST,0,HEARTBEAT,48,HEARTBEAT,0,0,0,0,0,0,0x0C007FC0
1777172144.100,1094988,3,1,CDH,255,BROADCAST,0,HEARTBEAT,48,HEARTBEAT,0,0,0,0,0,0,0x0C007FC0
1777172145.120,1095986,3,1,CDH,255,BROADCAST,0,HEARTBEAT,48,HEARTBEAT,0,0,0,0,0,0,0x0C007FC0
1777172146.082,1096984,3,1,CDH,255,BROADCAST,0,HEARTBEAT,48,HEARTBEAT,0,0,0,0,0,0,0x0C007FC0
1777172147.079,1097982,3,1,CDH,255,BROADCAST,0,HEARTBEAT,48,HEARTBEAT,0,0,0,0,0,0,0x0C007FC0
1777172148.089,1098980,3,1,CDH,255,BROADCAST,0,HEARTBEAT,48,HEARTBEAT,0,0,0,0,0,0,0x0C007FC0
1777172149.117,1099977,3,1,CDH,255,BROADCAST,0,HEARTBEAT,48,HEARTBEAT,0,0,0,0,0,0,0x0C007FC0
1777172150.081,1100975,3,1,CDH,255,BROADCAST,0,HEARTBEAT,48,HEARTBEAT,0,0,0,0,0,0,0x0C007FC0
1777172151.071,1101973,3,1,CDH,255,BROADCAST,0,HEARTBEAT,48,HEARTBEAT,0,0,0,0,0,0,0x0C007FC0
1777172152.071,1102971,3,1,CDH,255,BROADCAST,0,HEARTBEAT,48,HEARTBEAT,0,0,0,0,0,0,0x0C007FC0
1777172153.099,1103969,3,1,CDH,255,BROADCAST,0,HEARTBEAT,48,HEARTBEAT,0,0,0,0,0,0,0x0C007FC0
1777172154.066,1104967,3,1,CDH,255,BROADCAST,0,HEARTBEAT,48,HEARTBEAT,0,0,0,0,0,0,0x0C007FC0
1777172155.064,1105965,3,1,CDH,255,BROADCAST,0,HEARTBEAT,48,HEARTBEAT,0,0,0,0,0,0,0x0C007FC0
1777172156.082,1106963,3,1,CDH,255,BROADCAST,0,HEARTBEAT,48,HEARTBEAT,0,0,0,0,0,0,0x0C007FC0
1777172157.090,1107960,3,1,CDH,255,BROADCAST,0,HEARTBEAT,48,HEARTBEAT,0,0,0,0,0,0,0x0C007FC0
1777172158.057,1108958,3,1,CDH,255,BROADCAST,0,HEARTBEAT,48,HEARTBEAT,0,0,0,0,0,0,0x0C007FC0
1777172159.054,1109956,3,1,CDH,255,BROADCAST,0,HEARTBEAT,48,HEARTBEAT,0,0,0,0,0,0,0x0C007FC0
1777172160.074,1110955,3,1,CDH,255,BROADCAST,0,HEARTBEAT,48,HEARTBEAT,0,0,0,0,0,0,0x0C007FC0
1777172161.210,1111952,3,1,CDH,255,BROADCAST,0,HEARTBEAT,48,HEARTBEAT,0,0,0,0,0,0,0x0C007FC0
1777172162.048,1112950,3,1,CDH,255,BROADCAST,0,HEARTBEAT,48,HEARTBEAT,0,0,0,0,0,0,0x0C007FC0
1777172163.046,1113948,3,1,CDH,255,BROADCAST,0,HEARTBEAT,48,HEARTBEAT,0,0,0,0,0,0,0x0C007FC0
1777172164.053,1114946,3,1,CDH,255,BROADCAST,0,HEARTBEAT,48,HEARTBEAT,0,0,0,0,0,0,0x0C007FC0
1777172165.042,1115943,3,1,CDH,255,BROADCAST,0,HEARTBEAT,48,HEARTBEAT,0,0,0,0,0,0,0x0C007FC0
1777172166.040,1116941,3,1,CDH,255,BROADCAST,0,HEARTBEAT,48,HEARTBEAT,0,0,0,0,0,0,0x0C007FC0
1777172167.037,1117939,3,1,CDH,255,BROADCAST,0,HEARTBEAT,48,HEARTBEAT,0,0,0,0,0,0,0x0C007FC0
1777172168.061,1118937,3,1,CDH,255,BROADCAST,0,HEARTBEAT,48,HEARTBEAT,0,0,0,0,0,0,0x0C007FC0
1777172169.033,1119935,3,1,CDH,255,BROADCAST,0,HEARTBEAT,48,HEARTBEAT,0,0,0,0,0,0,0x0C007FC0
1777172170.031,1120933,3,1,CDH,255,BROADCAST,0,HEARTBEAT,48,HEARTBEAT,0,0,0,0,0,0,0x0C007FC0
1777172171.029,1121930,3,1,CDH,255,BROADCAST,0,HEARTBEAT,48,HEARTBEAT,0,0,0,0,0,0,0x0C007FC0
1777172172.055,1122928,3,1,CDH,255,BROADCAST,0,HEARTBEAT,48,HEARTBEAT,0,0,0,0,0,0,0x0C007FC0
1777172173.025,1123926,3,1,CDH,255,BROADCAST,0,HEARTBEAT,48,HEARTBEAT,0,0,0,0,0,0,0x0C007FC0
1777172174.025,1124924,3,1,CDH,255,BROADCAST,0,HEARTBEAT,48,HEARTBEAT,0,0,0,0,0,0,0x0C007FC0
1777172175.035,1125922,3,1,CDH,255,BROADCAST,0,HEARTBEAT,48,HEARTBEAT,0,0,0,0,0,0,0x0C007FC0
1777172176.048,1126920,3,1,CDH,255,BROADCAST,0,HEARTBEAT,48,HEARTBEAT,0,0,0,0,0,0,0x0C007FC0
1777172177.016,1127918,3,1,CDH,255,BROADCAST,0,HEARTBEAT,48,HEARTBEAT,0,0,0,0,0,0,0x0C007FC0
1777172178.014,1128916,3,1,CDH,255,BROADCAST,0,HEARTBEAT,48,HEARTBEAT,0,0,0,0,0,0,0x0C007FC0
1777172179.012,1129914,3,1,CDH,255,BROADCAST,0,HEARTBEAT,48,HEARTBEAT,0,0,0,0,0,0,0x0C007FC0
1777172180.042,1130912,3,1,CDH,255,BROADCAST,0,HEARTBEAT,48,HEARTBEAT,0,0,0,0,0,0,0x0C007FC0
1777172181.008,1131909,3,1,CDH,255,BROADCAST,0,HEARTBEAT,48,HEARTBEAT,0,0,0,0,0,0,0x0C007FC0
1777172182.005,1132907,3,1,CDH,255,BROADCAST,0,HEARTBEAT,48,HEARTBEAT,0,0,0,0,0,0,0x0C007FC0
1777172183.024,1133905,3,1,CDH,255,BROADCAST,0,HEARTBEAT,48,HEARTBEAT,0,0,0,0,0,0,0x0C007FC0
1777172184.066,1134903,3,1,CDH,255,BROADCAST,0,HEARTBEAT,48,HEARTBEAT,0,0,0,0,0,0,0x0C007FC0
1777172184.999,1135901,3,1,CDH,255,BROADCAST,0,HEARTBEAT,48,HEARTBEAT,0,0,0,0,0,0,0x0C007FC0
1777172185.998,1136899,3,1,CDH,255,BROADCAST,0,HEARTBEAT,48,HEARTBEAT,0,0,0,0,0,0,0x0C007FC0
1777172187.003,1137898,3,1,CDH,255,BROADCAST,0,HEARTBEAT,48,HEARTBEAT,0,0,0,0,0,0,0x0C007FC0
1777172188.026,1138897,3,1,CDH,255,BROADCAST,0,HEARTBEAT,48,HEARTBEAT,0,0,0,0,0,0,0x0C007FC0
1777172188.993,1139895,3,1,CDH,255,BROADCAST,0,HEARTBEAT,48,HEARTBEAT,0,0,0,0,0,0,0x0C007FC0
1777172189.991,1140893,3,1,CDH,255,BROADCAST,0,HEARTBEAT,48,HEARTBEAT,0,0,0,0,0,0,0x0C007FC0
1777172190.997,1141891,3,1,CDH,255,BROADCAST,0,HEARTBEAT,48,HEARTBEAT,0,0,0,0,0,0,0x0C007FC0
1777172192.018,1142888,3,1,CDH,255,BROADCAST,0,HEARTBEAT,48,HEARTBEAT,0,0,0,0,0,0,0x0C007FC0
1777172192.985,1143886,3,1,CDH,255,BROADCAST,0,HEARTBEAT,48,HEARTBEAT,0,0,0,0,0,0,0x0C007FC0
1777172193.982,1144884,3,1,CDH,255,BROADCAST,0,HEARTBEAT,48,HEARTBEAT,0,0,0,0,0,0,0x0C007FC0
1777172194.992,1145882,3,1,CDH,255,BROADCAST,0,HEARTBEAT,48,HEARTBEAT,0,0,0,0,0,0,0x0C007FC0
1777172196.015,1146880,3,1,CDH,255,BROADCAST,0,HEARTBEAT,48,HEARTBEAT,0,0,0,0,0,0,0x0C007FC0
1777172196.977,1147878,3,1,CDH,255,BROADCAST,0,HEARTBEAT,48,HEARTBEAT,0,0,0,0,0,0,0x0C007FC0
1777172197.975,1148876,3,1,CDH,255,BROADCAST,0,HEARTBEAT,48,HEARTBEAT,0,0,0,0,0,0,0x0C007FC0
1777172198.988,1149874,3,1,CDH,255,BROADCAST,0,HEARTBEAT,48,HEARTBEAT,0,0,0,0,0,0,0x0C007FC0
1777172200.017,1150871,3,1,CDH,255,BROADCAST,0,HEARTBEAT,48,HEARTBEAT,0,0,0,0,0,0,0x0C007FC0
1777172200.968,1151869,3,1,CDH,255,BROADCAST,0,HEARTBEAT,48,HEARTBEAT,0,0,0,0,0,0,0x0C007FC0
1777172201.967,1152867,3,1,CDH,255,BROADCAST,0,HEARTBEAT,48,HEARTBEAT,0,0,0,0,0,0,0x0C007FC0
1777172202.969,1153866,3,1,CDH,255,BROADCAST,0,HEARTBEAT,48,HEARTBEAT,0,0,0,0,0,0,0x0C007FC0
1777172204.000,1154863,3,1,CDH,255,BROADCAST,0,HEARTBEAT,48,HEARTBEAT,0,0,0,0,0,0,0x0C007FC0
1777172204.961,1155861,3,1,CDH,255,BROADCAST,0,HEARTBEAT,48,HEARTBEAT,0,0,0,0,0,0,0x0C007FC0
1777172205.958,1156859,3,1,CDH,255,BROADCAST,0,HEARTBEAT,48,HEARTBEAT,0,0,0,0,0,0,0x0C007FC0
1777172206.973,1157857,3,1,CDH,255,BROADCAST,0,HEARTBEAT,48,HEARTBEAT,0,0,0,0,0,0,0x0C007FC0
1777172208.008,1158855,3,1,CDH,255,BROADCAST,0,HEARTBEAT,48,HEARTBEAT,0,0,0,0,0,0,0x0C007FC0
1777172208.951,1159853,3,1,CDH,255,BROADCAST,0,HEARTBEAT,48,HEARTBEAT,0,0,0,0,0,0,0x0C007FC0
1777172209.949,1160850,3,1,CDH,255,BROADCAST,0,HEARTBEAT,48,HEARTBEAT,0,0,0,0,0,0,0x0C007FC0
1777172210.967,1161848,3,1,CDH,255,BROADCAST,0,HEARTBEAT,48,HEARTBEAT,0,0,0,0,0,0,0x0C007FC0
1777172211.945,1162846,3,1,CDH,255,BROADCAST,0,HEARTBEAT,48,HEARTBEAT,0,0,0,0,0,0,0x0C007FC0
1777172212.945,1163844,3,1,CDH,255,BROADCAST,0,HEARTBEAT,48,HEARTBEAT,0,0,0,0,0,0,0x0C007FC0
1777172213.940,1164841,3,1,CDH,255,BROADCAST,0,HEARTBEAT,48,HEARTBEAT,0,0,0,0,0,0,0x0C007FC0
1777172214.981,1165839,3,1,CDH,255,BROADCAST,0,HEARTBEAT,48,HEARTBEAT,0,0,0,0,0,0,0x0C007FC0
1777172215.937,1166837,3,1,CDH,255,BROADCAST,0,HEARTBEAT,48,HEARTBEAT,0,0,0,0,0,0,0x0C007FC0
1777172216.935,1167836,3,1,CDH,255,BROADCAST,0,HEARTBEAT,48,HEARTBEAT,0,0,0,0,0,0,0x0C007FC0
1777172217.933,1168834,3,1,CDH,255,BROADCAST,0,HEARTBEAT,48,HEARTBEAT,0,0,0,0,0,0,0x0C007FC0
1777172218.949,1169831,3,1,CDH,255,BROADCAST,0,HEARTBEAT,48,HEARTBEAT,0,0,0,0,0,0,0x0C007FC0
1777172219.929,1170829,3,1,CDH,255,BROADCAST,0,HEARTBEAT,48,HEARTBEAT,0,0,0,0,0,0,0x0C007FC0
1777172220.927,1171827,3,1,CDH,255,BROADCAST,0,HEARTBEAT,48,HEARTBEAT,0,0,0,0,0,0,0x0C007FC0
1777172221.924,1172825,3,1,CDH,255,BROADCAST,0,HEARTBEAT,48,HEARTBEAT,0,0,0,0,0,0,0x0C007FC0
1777172222.949,1173823,3,1,CDH,255,BROADCAST,0,HEARTBEAT,48,HEARTBEAT,0,0,0,0,0,0,0x0C007FC0
1777172223.919,1174820,3,1,CDH,255,BROADCAST,0,HEARTBEAT,48,HEARTBEAT,0,0,0,0,0,0,0x0C007FC0
1777172224.918,1175818,3,1,CDH,255,BROADCAST,0,HEARTBEAT,48,HEARTBEAT,0,0,0,0,0,0,0x0C007FC0
1777172225.916,1176816,3,1,CDH,255,BROADCAST,0,HEARTBEAT,48,HEARTBEAT,0,0,0,0,0,0,0x0C007FC0
1777172226.959,1177814,3,1,CDH,255,BROADCAST,0,HEARTBEAT,48,HEARTBEAT,0,0,0,0,0,0,0x0C007FC0
1777172227.911,1178812,3,1,CDH,255,BROADCAST,0,HEARTBEAT,48,HEARTBEAT,0,0,0,0,0,0,0x0C007FC0
1777172228.908,1179809,3,1,CDH,255,BROADCAST,0,HEARTBEAT,48,HEARTBEAT,0,0,0,0,0,0,0x0C007FC0
1777172229.907,1180807,3,1,CDH,255,BROADCAST,0,HEARTBEAT,48,HEARTBEAT,0,0,0,0,0,0,0x0C007FC0
1777172233.935,1184798,3,1,CDH,255,BROADCAST,0,HEARTBEAT,48,HEARTBEAT,0,0,0,0,0,0,0x0C007FC0
1777172234.929,1185796,3,1,CDH,255,BROADCAST,0,HEARTBEAT,48,HEARTBEAT,0,0,0,0,0,0,0x0C007FC0
1777172235.894,1186794,3,1,CDH,255,BROADCAST,0,HEARTBEAT,48,HEARTBEAT,0,0,0,0,0,0,0x0C007FC0
1777172236.891,1187792,3,1,CDH,255,BROADCAST,0,HEARTBEAT,48,HEARTBEAT,0,0,0,0,0,0,0x0C007FC0
1777172237.891,1188790,3,1,CDH,255,BROADCAST,0,HEARTBEAT,48,HEARTBEAT,0,0,0,0,0,0,0x0C007FC0
1777172238.917,1189788,3,1,CDH,255,BROADCAST,0,HEARTBEAT,48,HEARTBEAT,0,0,0,0,0,0,0x0C007FC0
1777172239.881,1190785,3,1,CDH,255,BROADCAST,0,HEARTBEAT,48,HEARTBEAT,0,0,0,0,0,0,0x0C007FC0
1777172240.883,1191783,3,1,CDH,255,BROADCAST,0,HEARTBEAT,48,HEARTBEAT,0,0,0,0,0,0,0x0C007FC0
1777172241.891,1192781,3,1,CDH,255,BROADCAST,0,HEARTBEAT,48,HEARTBEAT,0,0,0,0,0,0,0x0C007FC0
1777172242.913,1193780,3,1,CDH,255,BROADCAST,0,HEARTBEAT,48,HEARTBEAT,0,0,0,0,0,0,0x0C007FC0
1777172243.878,1194778,3,1,CDH,255,BROADCAST,0,HEARTBEAT,48,HEARTBEAT,0,0,0,0,0,0,0x0C007FC0
1777172244.876,1195776,3,1,CDH,255,BROADCAST,0,HEARTBEAT,48,HEARTBEAT,0,0,0,0,0,0,0x0C007FC0
1777172245.888,1196774,3,1,CDH,255,BROADCAST,0,HEARTBEAT,48,HEARTBEAT,0,0,0,0,0,0,0x0C007FC0
1777172246.908,1197772,3,1,CDH,255,BROADCAST,0,HEARTBEAT,48,HEARTBEAT,0,0,0,0,0,0,0x0C007FC0
1777172247.870,1198770,3,1,CDH,255,BROADCAST,0,HEARTBEAT,48,HEARTBEAT,0,0,0,0,0,0,0x0C007FC0
1777172248.867,1199768,3,1,CDH,255,BROADCAST,0,HEARTBEAT,48,HEARTBEAT,0,0,0,0,0,0,0x0C007FC0
1777172249.882,1200765,3,1,CDH,255,BROADCAST,0,HEARTBEAT,48,HEARTBEAT,0,0,0,0,0,0,0x0C007FC0
1777172250.904,1201763,3,1,CDH,255,BROADCAST,0,HEARTBEAT,48,HEARTBEAT,0,0,0,0,0,0,0x0C007FC0
1777172251.862,1202762,3,1,CDH,255,BROADCAST,0,HEARTBEAT,48,HEARTBEAT,0,0,0,0,0,0,0x0C007FC0
1777172252.860,1203760,3,1,CDH,255,BROADCAST,0,HEARTBEAT,48,HEARTBEAT,0,0,0,0,0,0,0x0C007FC0
1777172253.894,1204758,3,1,CDH,255,BROADCAST,0,HEARTBEAT,48,HEARTBEAT,0,0,0,0,0,0,0x0C007FC0
1777172254.892,1205756,3,1,CDH,255,BROADCAST,0,HEARTBEAT,48,HEARTBEAT,0,0,0,0,0,0,0x0C007FC0
1777172255.854,1206754,3,1,CDH,255,BROADCAST,0,HEARTBEAT,48,HEARTBEAT,0,0,0,0,0,0,0x0C007FC0
1777172256.851,1207752,3,1,CDH,255,BROADCAST,0,HEARTBEAT,48,HEARTBEAT,0,0,0,0,0,0,0x0C007FC0
1777172257.868,1208749,3,1,CDH,255,BROADCAST,0,HEARTBEAT,48,HEARTBEAT,0,0,0,0,0,0,0x0C007FC0
1777172258.892,1209748,3,1,CDH,255,BROADCAST,0,HEARTBEAT,48,HEARTBEAT,0,0,0,0,0,0,0x0C007FC0
1777172259.846,1210746,3,1,CDH,255,BROADCAST,0,HEARTBEAT,48,HEARTBEAT,0,0,0,0,0,0,0x0C007FC0
1777172260.845,1211744,3,1,CDH,255,BROADCAST,0,HEARTBEAT,48,HEARTBEAT,0,0,0,0,0,0,0x0C007FC0
1777172261.868,1212742,3,1,CDH,255,BROADCAST,0,HEARTBEAT,48,HEARTBEAT,0,0,0,0,0,0,0x0C007FC0
1777172262.888,1213740,3,1,CDH,255,BROADCAST,0,HEARTBEAT,48,HEARTBEAT,0,0,0,0,0,0,0x0C007FC0
1777172263.837,1214738,3,1,CDH,255,BROADCAST,0,HEARTBEAT,48,HEARTBEAT,0,0,0,0,0,0,0x0C007FC0
1777172264.835,1215735,3,1,CDH,255,BROADCAST,0,HEARTBEAT,48,HEARTBEAT,0,0,0,0,0,0,0x0C007FC0
1777172265.879,1216733,3,1,CDH,255,BROADCAST,0,HEARTBEAT,48,HEARTBEAT,0,0,0,0,0,0,0x0C007FC0
1777172266.831,1217731,3,1,CDH,255,BROADCAST,0,HEARTBEAT,48,HEARTBEAT,0,0,0,0,0,0,0x0C007FC0
1777172267.829,1218728,3,1,CDH,255,BROADCAST,0,HEARTBEAT,48,HEARTBEAT,0,0,0,0,0,0,0x0C007FC0
1777172268.826,1219726,3,1,CDH,255,BROADCAST,0,HEARTBEAT,48,HEARTBEAT,0,0,0,0,0,0,0x0C007FC0
1777172269.845,1220724,3,1,CDH,255,BROADCAST,0,HEARTBEAT,48,HEARTBEAT,0,0,0,0,0,0,0x0C007FC0
1777172270.823,1221722,3,1,CDH,255,BROADCAST,0,HEARTBEAT,48,HEARTBEAT,0,0,0,0,0,0,0x0C007FC0
1777172271.819,1222719,3,1,CDH,255,BROADCAST,0,HEARTBEAT,48,HEARTBEAT,0,0,0,0,0,0,0x0C007FC0
1777172272.817,1223717,3,1,CDH,255,BROADCAST,0,HEARTBEAT,48,HEARTBEAT,0,0,0,0,0,0,0x0C007FC0
1777172273.832,1224715,3,1,CDH,255,BROADCAST,0,HEARTBEAT,48,HEARTBEAT,0,0,0,0,0,0,0x0C007FC0
1777172274.813,1225713,3,1,CDH,255,BROADCAST,0,HEARTBEAT,48,HEARTBEAT,0,0,0,0,0,0,0x0C007FC0
1777172275.813,1226711,3,1,CDH,255,BROADCAST,0,HEARTBEAT,48,HEARTBEAT,0,0,0,0,0,0,0x0C007FC0
1777172276.809,1227708,3,1,CDH,255,BROADCAST,0,HEARTBEAT,48,HEARTBEAT,0,0,0,0,0,0,0x0C007FC0
1777172277.844,1228706,3,1,CDH,255,BROADCAST,0,HEARTBEAT,48,HEARTBEAT,0,0,0,0,0,0,0x0C007FC0
1777172278.804,1229704,3,1,CDH,255,BROADCAST,0,HEARTBEAT,48,HEARTBEAT,0,0,0,0,0,0,0x0C007FC0
1777172279.801,1230701,3,1,CDH,255,BROADCAST,0,HEARTBEAT,48,HEARTBEAT,0,0,0,0,0,0,0x0C007FC0
1777172280.828,1231699,3,1,CDH,255,BROADCAST,0,HEARTBEAT,48,HEARTBEAT,0,0,0,0,0,0,0x0C007FC0
1777172281.839,1232697,3,1,CDH,255,BROADCAST,0,HEARTBEAT,48,HEARTBEAT,0,0,0,0,0,0,0x0C007FC0
1777172282.795,1233695,3,1,CDH,255,BROADCAST,0,HEARTBEAT,48,HEARTBEAT,0,0,0,0,0,0,0x0C007FC0
1777172283.792,1234692,3,1,CDH,255,BROADCAST,0,HEARTBEAT,48,HEARTBEAT,0,0,0,0,0,0,0x0C007FC0
1777172284.797,1235690,3,1,CDH,255,BROADCAST,0,HEARTBEAT,48,HEARTBEAT,0,0,0,0,0,0,0x0C007FC0
1777172285.823,1236688,3,1,CDH,255,BROADCAST,0,HEARTBEAT,48,HEARTBEAT,0,0,0,0,0,0,0x0C007FC0
1777172286.797,1237685,3,1,CDH,255,BROADCAST,0,HEARTBEAT,48,HEARTBEAT,0,0,0,0,0,0,0x0C007FC0
1777172287.784,1238683,3,1,CDH,255,BROADCAST,0,HEARTBEAT,48,HEARTBEAT,0,0,0,0,0,0,0x0C007FC0
1777172288.787,1239681,3,1,CDH,255,BROADCAST,0,HEARTBEAT,48,HEARTBEAT,0,0,0,0,0,0,0x0C007FC0
1777172289.817,1240679,3,1,CDH,255,BROADCAST,0,HEARTBEAT,48,HEARTBEAT,0,0,0,0,0,0,0x0C007FC0
1777172290.777,1241676,3,1,CDH,255,BROADCAST,0,HEARTBEAT,48,HEARTBEAT,0,0,0,0,0,0,0x0C007FC0
1777172291.806,1242674,3,1,CDH,255,BROADCAST,0,HEARTBEAT,48,HEARTBEAT,0,0,0,0,0,0,0x0C007FC0
1777172292.788,1243672,3,1,CDH,255,BROADCAST,0,HEARTBEAT,48,HEARTBEAT,0,0,0,0,0,0,0x0C007FC0
1777172293.810,1244669,3,1,CDH,255,BROADCAST,0,HEARTBEAT,48,HEARTBEAT,0,0,0,0,0,0,0x0C007FC0
1777172294.768,1245667,3,1,CDH,255,BROADCAST,0,HEARTBEAT,48,HEARTBEAT,0,0,0,0,0,0,0x0C007FC0
1777172295.765,1246665,3,1,CDH,255,BROADCAST,0,HEARTBEAT,48,HEARTBEAT,0,0,0,0,0,0,0x0C007FC0
1777172296.771,1247663,3,1,CDH,255,BROADCAST,0,HEARTBEAT,48,HEARTBEAT,0,0,0,0,0,0,0x0C007FC0
1777172297.792,1248661,3,1,CDH,255,BROADCAST,0,HEARTBEAT,48,HEARTBEAT,0,0,0,0,0,0,0x0C007FC0
1777172298.759,1249659,3,1,CDH,255,BROADCAST,0,HEARTBEAT,48,HEARTBEAT,0,0,0,0,0,0,0x0C007FC0
1777172299.757,1250657,3,1,CDH,255,BROADCAST,0,HEARTBEAT,48,HEARTBEAT,0,0,0,0,0,0,0x0C007FC0
1777172300.777,1251655,3,1,CDH,255,BROADCAST,0,HEARTBEAT,48,HEARTBEAT,0,0,0,0,0,0,0x0C007FC0
1777172301.792,1252652,3,1,CDH,255,BROADCAST,0,HEARTBEAT,48,HEARTBEAT,0,0,0,0,0,0,0x0C007FC0
1777172302.769,1253650,3,1,CDH,255,BROADCAST,0,HEARTBEAT,48,HEARTBEAT,0,0,0,0,0,0,0x0C007FC0
1777172303.753,1254648,3,1,CDH,255,BROADCAST,0,HEARTBEAT,48,HEARTBEAT,0,0,0,0,0,0,0x0C007FC0
1777172304.754,1255646,3,1,CDH,255,BROADCAST,0,HEARTBEAT,48,HEARTBEAT,0,0,0,0,0,0,0x0C007FC0
1777172305.754,1256643,3,1,CDH,255,BROADCAST,0,HEARTBEAT,48,HEARTBEAT,0,0,0,0,0,0,0x0C007FC0
1777172306.742,1257641,3,1,CDH,255,BROADCAST,0,HEARTBEAT,48,HEARTBEAT,0,0,0,0,0,0,0x0C007FC0
1777172307.739,1258639,3,1,CDH,255,BROADCAST,0,HEARTBEAT,48,HEARTBEAT,0,0,0,0,0,0,0x0C007FC0
1777172308.752,1259637,3,1,CDH,255,BROADCAST,0,HEARTBEAT,48,HEARTBEAT,0,0,0,0,0,0,0x0C007FC0
1777172309.781,1260635,3,1,CDH,255,BROADCAST,0,HEARTBEAT,48,HEARTBEAT,0,0,0,0,0,0,0x0C007FC0
1777172310.763,1261633,3,1,CDH,255,BROADCAST,0,HEARTBEAT,48,HEARTBEAT,0,0,0,0,0,0,0x0C007FC0
1777172311.731,1262631,3,1,CDH,255,BROADCAST,0,HEARTBEAT,48,HEARTBEAT,0,0,0,0,0,0,0x0C007FC0
1777172312.747,1263629,3,1,CDH,255,BROADCAST,0,HEARTBEAT,48,HEARTBEAT,0,0,0,0,0,0,0x0C007FC0
1777172313.727,1264627,3,1,CDH,255,BROADCAST,0,HEARTBEAT,48,HEARTBEAT,0,0,0,0,0,0,0x0C007FC0
1777172314.726,1265624,3,1,CDH,255,BROADCAST,0,HEARTBEAT,48,HEARTBEAT,0,0,0,0,0,0,0x0C007FC0
1777172315.724,1266622,3,1,CDH,255,BROADCAST,0,HEARTBEAT,48,HEARTBEAT,0,0,0,0,0,0,0x0C007FC0
1777172316.740,1267620,3,1,CDH,255,BROADCAST,0,HEARTBEAT,48,HEARTBEAT,0,0,0,0,0,0,0x0C007FC0
1777172317.719,1268618,3,1,CDH,255,BROADCAST,0,HEARTBEAT,48,HEARTBEAT,0,0,0,0,0,0,0x0C007FC0
1777172318.721,1269616,3,1,CDH,255,BROADCAST,0,HEARTBEAT,48,HEARTBEAT,0,0,0,0,0,0,0x0C007FC0
1777172319.715,1270614,3,1,CDH,255,BROADCAST,0,HEARTBEAT,48,HEARTBEAT,0,0,0,0,0,0,0x0C007FC0
1777172320.740,1271611,3,1,CDH,255,BROADCAST,0,HEARTBEAT,48,HEARTBEAT,0,0,0,0,0,0,0x0C007FC0
1777172321.710,1272609,3,1,CDH,255,BROADCAST,0,HEARTBEAT,48,HEARTBEAT,0,0,0,0,0,0,0x0C007FC0
1777172322.708,1273608,3,1,CDH,255,BROADCAST,0,HEARTBEAT,48,HEARTBEAT,0,0,0,0,0,0,0x0C007FC0
1777172323.715,1274606,3,1,CDH,255,BROADCAST,0,HEARTBEAT,48,HEARTBEAT,0,0,0,0,0,0,0x0C007FC0
1777172324.727,1275604,3,1,CDH,255,BROADCAST,0,HEARTBEAT,48,HEARTBEAT,0,0,0,0,0,0,0x0C007FC0
1777172325.703,1276601,3,1,CDH,255,BROADCAST,0,HEARTBEAT,48,HEARTBEAT,0,0,0,0,0,0,0x0C007FC0
1777172326.700,1277599,3,1,CDH,255,BROADCAST,0,HEARTBEAT,48,HEARTBEAT,0,0,0,0,0,0,0x0C007FC0
1777172327.700,1278597,3,1,CDH,255,BROADCAST,0,HEARTBEAT,48,HEARTBEAT,0,0,0,0,0,0,0x0C007FC0
1777172328.834,1279595,3,1,CDH,255,BROADCAST,0,HEARTBEAT,48,HEARTBEAT,0,0,0,0,0,0,0x0C007FC0
1777172329.694,1280593,3,1,CDH,255,BROADCAST,0,HEARTBEAT,48,HEARTBEAT,0,0,0,0,0,0,0x0C007FC0
1777172330.714,1281591,3,1,CDH,255,BROADCAST,0,HEARTBEAT,48,HEARTBEAT,0,0,0,0,0,0,0x0C007FC0
1777172331.690,1282589,3,1,CDH,255,BROADCAST,0,HEARTBEAT,48,HEARTBEAT,0,0,0,0,0,0,0x0C007FC0
1777172332.711,1283587,3,1,CDH,255,BROADCAST,0,HEARTBEAT,48,HEARTBEAT,0,0,0,0,0,0,0x0C007FC0
1777172333.686,1284584,3,1,CDH,255,BROADCAST,0,HEARTBEAT,48,HEARTBEAT,0,0,0,0,0,0,0x0C007FC0
1777172334.683,1285582,3,1,CDH,255,BROADCAST,0,HEARTBEAT,48,HEARTBEAT,0,0,0,0,0,0,0x0C007FC0
1777172335.686,1286580,3,1,CDH,255,BROADCAST,0,HEARTBEAT,48,HEARTBEAT,0,0,0,0,0,0,0x0C007FC0
1777172336.716,1287578,3,1,CDH,255,BROADCAST,0,HEARTBEAT,48,HEARTBEAT,0,0,0,0,0,0,0x0C007FC0
1777172337.677,1288575,3,1,CDH,255,BROADCAST,0,HEARTBEAT,48,HEARTBEAT,0,0,0,0,0,0,0x0C007FC0
1777172338.675,1289573,3,1,CDH,255,BROADCAST,0,HEARTBEAT,48,HEARTBEAT,0,0,0,0,0,0,0x0C007FC0
1777172339.685,1290571,3,1,CDH,255,BROADCAST,0,HEARTBEAT,48,HEARTBEAT,0,0,0,0,0,0,0x0C007FC0
1777172340.755,1291569,3,1,CDH,255,BROADCAST,0,HEARTBEAT,48,HEARTBEAT,0,0,0,0,0,0,0x0C007FC0
1777172341.667,1292566,3,1,CDH,255,BROADCAST,0,HEARTBEAT,48,HEARTBEAT,0,0,0,0,0,0,0x0C007FC0
1777172342.666,1293564,3,1,CDH,255,BROADCAST,0,HEARTBEAT,48,HEARTBEAT,0,0,0,0,0,0,0x0C007FC0
1777172343.680,1294562,3,1,CDH,255,BROADCAST,0,HEARTBEAT,48,HEARTBEAT,0,0,0,0,0,0,0x0C007FC0
1777172344.698,1295560,3,1,CDH,255,BROADCAST,0,HEARTBEAT,48,HEARTBEAT,0,0,0,0,0,0,0x0C007FC0
1777172345.659,1296557,3,1,CDH,255,BROADCAST,0,HEARTBEAT,48,HEARTBEAT,0,0,0,0,0,0,0x0C007FC0
1777172346.669,1297555,3,1,CDH,255,BROADCAST,0,HEARTBEAT,48,HEARTBEAT,0,0,0,0,0,0,0x0C007FC0
1777172347.675,1298553,3,1,CDH,255,BROADCAST,0,HEARTBEAT,48,HEARTBEAT,0,0,0,0,0,0,0x0C007FC0
1777172348.656,1299551,3,1,CDH,255,BROADCAST,0,HEARTBEAT,48,HEARTBEAT,0,0,0,0,0,0,0x0C007FC0
1777172349.650,1300548,3,1,CDH,255,BROADCAST,0,HEARTBEAT,48,HEARTBEAT,0,0,0,0,0,0,0x0C007FC0
1777172350.648,1301546,3,1,CDH,255,BROADCAST,0,HEARTBEAT,48,HEARTBEAT,0,0,0,0,0,0,0x0C007FC0
1777172351.658,1302545,3,1,CDH,255,BROADCAST,0,HEARTBEAT,48,HEARTBEAT,0,0,0,0,0,0,0x0C007FC0
1777172352.648,1303543,3,1,CDH,255,BROADCAST,0,HEARTBEAT,48,HEARTBEAT,0,0,0,0,0,0,0x0C007FC0
1777172353.642,1304541,3,1,CDH,255,BROADCAST,0,HEARTBEAT,48,HEARTBEAT,0,0,0,0,0,0,0x0C007FC0
1777172354.640,1305538,3,1,CDH,255,BROADCAST,0,HEARTBEAT,48,HEARTBEAT,0,0,0,0,0,0,0x0C007FC0
1777172355.665,1306536,3,1,CDH,255,BROADCAST,0,HEARTBEAT,48,HEARTBEAT,0,0,0,0,0,0,0x0C007FC0
1777172356.636,1307534,3,1,CDH,255,BROADCAST,0,HEARTBEAT,48,HEARTBEAT,0,0,0,0,0,0,0x0C007FC0
1777172357.634,1308532,3,1,CDH,255,BROADCAST,0,HEARTBEAT,48,HEARTBEAT,0,0,0,0,0,0,0x0C007FC0
1777172358.631,1309529,3,1,CDH,255,BROADCAST,0,HEARTBEAT,48,HEARTBEAT,0,0,0,0,0,0,0x0C007FC0
1777172359.662,1310527,3,1,CDH,255,BROADCAST,0,HEARTBEAT,48,HEARTBEAT,0,0,0,0,0,0,0x0C007FC0
1777172360.626,1311525,3,1,CDH,255,BROADCAST,0,HEARTBEAT,48,HEARTBEAT,0,0,0,0,0,0,0x0C007FC0
1777172361.627,1312523,3,1,CDH,255,BROADCAST,0,HEARTBEAT,48,HEARTBEAT,0,0,0,0,0,0,0x0C007FC0
1777172362.650,1313521,3,1,CDH,255,BROADCAST,0,HEARTBEAT,48,HEARTBEAT,0,0,0,0,0,0,0x0C007FC0
1777172363.670,1314518,3,1,CDH,255,BROADCAST,0,HEARTBEAT,48,HEARTBEAT,0,0,0,0,0,0,0x0C007FC0
1777172364.619,1315516,3,1,CDH,255,BROADCAST,0,HEARTBEAT,48,HEARTBEAT,0,0,0,0,0,0,0x0C007FC0
1777172365.616,1316514,3,1,CDH,255,BROADCAST,0,HEARTBEAT,48,HEARTBEAT,0,0,0,0,0,0,0x0C007FC0
1777172366.626,1317512,3,1,CDH,255,BROADCAST,0,HEARTBEAT,48,HEARTBEAT,0,0,0,0,0,0,0x0C007FC0
1777172367.644,1318510,3,1,CDH,255,BROADCAST,0,HEARTBEAT,48,HEARTBEAT,0,0,0,0,0,0,0x0C007FC0
1777172368.610,1319507,3,1,CDH,255,BROADCAST,0,HEARTBEAT,48,HEARTBEAT,0,0,0,0,0,0,0x0C007FC0
1777172369.608,1320505,3,1,CDH,255,BROADCAST,0,HEARTBEAT,48,HEARTBEAT,0,0,0,0,0,0,0x0C007FC0
1777172370.614,1321503,3,1,CDH,255,BROADCAST,0,HEARTBEAT,48,HEARTBEAT,0,0,0,0,0,0,0x0C007FC0
1777172371.637,1322501,3,1,CDH,255,BROADCAST,0,HEARTBEAT,48,HEARTBEAT,0,0,0,0,0,0,0x0C007FC0
1777172372.600,1323499,3,1,CDH,255,BROADCAST,0,HEARTBEAT,48,HEARTBEAT,0,0,0,0,0,0,0x0C007FC0
1777172373.598,1324496,3,1,CDH,255,BROADCAST,0,HEARTBEAT,48,HEARTBEAT,0,0,0,0,0,0,0x0C007FC0
1777172374.598,1325495,3,1,CDH,255,BROADCAST,0,HEARTBEAT,48,HEARTBEAT,0,0,0,0,0,0,0x0C007FC0
1777172375.626,1326492,3,1,CDH,255,BROADCAST,0,HEARTBEAT,48,HEARTBEAT,0,0,0,0,0,0,0x0C007FC0
1777172376.592,1327490,3,1,CDH,255,BROADCAST,0,HEARTBEAT,48,HEARTBEAT,0,0,0,0,0,0,0x0C007FC0
