rx_wall_time,timestamp_ms,priority,src,src_name,dst,dst_name,cls,cls_name,opcode,opcode_name,p2,p3,p4,p5,p6,p7,can_id_hex
1777179439.240,10436,6,3,COMMS,255,BROADCAST,0,HEARTBEAT,48,HEARTBEAT,0,0,0,0,0,0,0x1800FFC0
1777179440.273,11469,6,3,COMMS,255,BROADCAST,0,HEARTBEAT,48,HEARTBEAT,0,0,0,0,0,0,0x1800FFC0
1777179441.308,12504,6,3,COMMS,255,BROADCAST,0,HEARTBEAT,48,HEARTBEAT,0,0,0,0,0,0,0x1800FFC0
1777179442.310,13506,6,3,COMMS,255,BROADCAST,0,HEARTBEAT,48,HEARTBEAT,0,0,0,0,0,0,0x1800FFC0
1777179443.400,14571,6,3,COMMS,255,BROADCAST,0,HEARTBEAT,48,HEARTBEAT,0,0,0,0,0,0,0x1800FFC0
1777179444.421,15598,6,3,COMMS,255,BROADCAST,0,HEARTBEAT,48,HEARTBEAT,0,0,0,0,0,0,0x1800FFC0
1777179445.442,16638,6,3,COMMS,255,BROADCAST,0,HEARTBEAT,48,HEARTBEAT,0,0,0,0,0,0,0x1800FFC0
1777179446.476,17672,6,3,COMMS,255,BROADCAST,0,HEARTBEAT,48,HEARTBEAT,0,0,0,0,0,0,0x1800FFC0
1777179447.509,18705,6,3,COMMS,255,BROADCAST,0,HEARTBEAT,48,HEARTBEAT,0,0,0,0,0,0,0x1800FFC0
1777179448.543,19739,6,3,COMMS,255,BROADCAST,0,HEARTBEAT,48,HEARTBEAT,0,0,0,0,0,0,0x1800FFC0
1777179449.576,20772,6,3,COMMS,255,BROADCAST,0,HEARTBEAT,48,HEARTBEAT,0,0,0,0,0,0,0x1800FFC0
1777179450.579,21776,6,3,COMMS,255,BROADCAST,0,HEARTBEAT,48,HEARTBEAT,0,0,0,0,0,0,0x1800FFC0
1777179451.643,22839,6,3,COMMS,255,BROADCAST,0,HEARTBEAT,48,HEARTBEAT,0,0,0,0,0,0,0x1800FFC0
1777179452.677,23873,6,3,COMMS,255,BROADCAST,0,HEARTBEAT,48,HEARTBEAT,0,0,0,0,0,0,0x1800FFC0
1777179453.734,24906,6,3,COMMS,255,BROADCAST,0,HEARTBEAT,48,HEARTBEAT,0,0,0,0,0,0,0x1800FFC0
1777179454.766,25940,6,3,COMMS,255,BROADCAST,0,HEARTBEAT,48,HEARTBEAT,0,0,0,0,0,0,0x1800FFC0
1777179455.748,26944,6,3,COMMS,255,BROADCAST,0,HEARTBEAT,48,HEARTBEAT,0,0,0,0,0,0,0x1800FFC0
1777179456.811,28007,6,3,COMMS,255,BROADCAST,0,HEARTBEAT,48,HEARTBEAT,0,0,0,0,0,0,0x1800FFC0
1777179457.837,29032,6,3,COMMS,255,BROADCAST,0,HEARTBEAT,48,HEARTBEAT,0,0,0,0,0,0,0x1800FFC0
1777179458.878,30074,6,3,COMMS,255,BROADCAST,0,HEARTBEAT,48,HEARTBEAT,0,0,0,0,0,0,0x1800FFC0
1777179459.911,31107,6,3,COMMS,255,BROADCAST,0,HEARTBEAT,48,HEARTBEAT,0,0,0,0,0,0,0x1800FFC0
1777179460.919,32115,6,3,COMMS,255,BROADCAST,0,HEARTBEAT,48,HEARTBEAT,0,0,0,0,0,0,0x1800FFC0
1777179461.932,33139,6,3,COMMS,255,BROADCAST,0,HEARTBEAT,48,HEARTBEAT,0,0,0,0,0,0,0x1800FFC0
1777179462.970,34166,6,3,COMMS,255,BROADCAST,0,HEARTBEAT,48,HEARTBEAT,0,0,0,0,0,0,0x1800FFC0
1777179464.034,35231,6,3,COMMS,255,BROADCAST,0,HEARTBEAT,48,HEARTBEAT,0,0,0,0,0,0,0x1800FFC0
1777179465.097,36275,6,3,COMMS,255,BROADCAST,0,HEARTBEAT,48,HEARTBEAT,0,0,0,0,0,0,0x1800FFC0
1777179466.126,37292,6,3,COMMS,255,BROADCAST,0,HEARTBEAT,48,HEARTBEAT,0,0,0,0,0,0,0x1800FFC0
1777179467.114,38309,6,3,COMMS,255,BROADCAST,0,HEARTBEAT,48,HEARTBEAT,0,0,0,0,0,0,0x1800FFC0
1777179468.182,39375,6,3,COMMS,255,BROADCAST,0,HEARTBEAT,48,HEARTBEAT,0,0,0,0,0,0,0x1800FFC0
1777179469.202,40405,6,3,COMMS,255,BROADCAST,0,HEARTBEAT,48,HEARTBEAT,0,0,0,0,0,0,0x1800FFC0
1777179470.246,41442,6,3,COMMS,255,BROADCAST,0,HEARTBEAT,48,HEARTBEAT,0,0,0,0,0,0,0x1800FFC0
1777179471.283,42476,6,3,COMMS,255,BROADCAST,0,HEARTBEAT,48,HEARTBEAT,0,0,0,0,0,0,0x1800FFC0
1777179472.301,43499,6,3,COMMS,255,BROADCAST,0,HEARTBEAT,48,HEARTBEAT,0,0,0,0,0,0,0x1800FFC0
1777179473.348,44543,6,3,COMMS,255,BROADCAST,0,HEARTBEAT,48,HEARTBEAT,0,0,0,0,0,0,0x1800FFC0
1777179474.389,45577,6,3,COMMS,255,BROADCAST,0,HEARTBEAT,48,HEARTBEAT,0,0,0,0,0,0,0x1800FFC0
1777179475.383,46586,6,3,COMMS,255,BROADCAST,0,HEARTBEAT,48,HEARTBEAT,0,0,0,0,0,0,0x1800FFC0
1777179476.472,47634,6,3,COMMS,255,BROADCAST,0,HEARTBEAT,48,HEARTBEAT,0,0,0,0,0,0,0x1800FFC0
1777179477.500,48678,6,3,COMMS,255,BROADCAST,0,HEARTBEAT,48,HEARTBEAT,0,0,0,0,0,0,0x1800FFC0
1777179478.525,49711,6,3,COMMS,255,BROADCAST,0,HEARTBEAT,48,HEARTBEAT,0,0,0,0,0,0,0x1800FFC0
1777179479.550,50716,6,3,COMMS,255,BROADCAST,0,HEARTBEAT,48,HEARTBEAT,0,0,0,0,0,0,0x1800FFC0
1777179480.571,51769,6,3,COMMS,255,BROADCAST,0,HEARTBEAT,48,HEARTBEAT,0,0,0,0,0,0,0x1800FFC0
1777179481.617,52812,6,3,COMMS,255,BROADCAST,0,HEARTBEAT,48,HEARTBEAT,0,0,0,0,0,0,0x1800FFC0
1777179482.656,53846,6,3,COMMS,255,BROADCAST,0,HEARTBEAT,48,HEARTBEAT,0,0,0,0,0,0,0x1800FFC0
1777179483.659,54859,6,3,COMMS,255,BROADCAST,0,HEARTBEAT,48,HEARTBEAT,0,0,0,0,0,0,0x1800FFC0
1777179484.717,55913,6,3,COMMS,255,BROADCAST,0,HEARTBEAT,48,HEARTBEAT,0,0,0,0,0,0,0x1800FFC0
1777179485.751,56946,6,3,COMMS,255,BROADCAST,0,HEARTBEAT,48,HEARTBEAT,0,0,0,0,0,0,0x1800FFC0
1777179486.747,57949,6,3,COMMS,255,BROADCAST,0,HEARTBEAT,48,HEARTBEAT,0,0,0,0,0,0,0x1800FFC0
1777179487.776,58968,6,3,COMMS,255,BROADCAST,0,HEARTBEAT,48,HEARTBEAT,0,0,0,0,0,0,0x1800FFC0
1777179488.787,59970,6,3,COMMS,255,BROADCAST,0,HEARTBEAT,48,HEARTBEAT,0,0,0,0,0,0,0x1800FFC0
1777179489.889,61064,6,3,COMMS,255,BROADCAST,0,HEARTBEAT,48,HEARTBEAT,0,0,0,0,0,0,0x1800FFC0
1777179490.920,62114,6,3,COMMS,255,BROADCAST,0,HEARTBEAT,48,HEARTBEAT,0,0,0,0,0,0,0x1800FFC0
1777179491.953,63148,6,3,COMMS,255,BROADCAST,0,HEARTBEAT,48,HEARTBEAT,0,0,0,0,0,0,0x1800FFC0
1777179492.986,64181,6,3,COMMS,255,BROADCAST,0,HEARTBEAT,48,HEARTBEAT,0,0,0,0,0,0,0x1800FFC0
1777179494.019,65215,6,3,COMMS,255,BROADCAST,0,HEARTBEAT,48,HEARTBEAT,0,0,0,0,0,0,0x1800FFC0
1777179495.040,66235,6,3,COMMS,255,BROADCAST,0,HEARTBEAT,48,HEARTBEAT,0,0,0,0,0,0,0x1800FFC0
1777179496.052,67248,6,3,COMMS,255,BROADCAST,0,HEARTBEAT,48,HEARTBEAT,0,0,0,0,0,0,0x1800FFC0
1777179497.113,68309,6,3,COMMS,255,BROADCAST,0,HEARTBEAT,48,HEARTBEAT,0,0,0,0,0,0,0x1800FFC0
1777179498.122,69318,6,3,COMMS,255,BROADCAST,0,HEARTBEAT,48,HEARTBEAT,0,0,0,0,0,0,0x1800FFC0
1777179499.223,70382,6,3,COMMS,255,BROADCAST,0,HEARTBEAT,48,HEARTBEAT,0,0,0,0,0,0,0x1800FFC0
1777179500.233,71397,6,3,COMMS,255,BROADCAST,0,HEARTBEAT,48,HEARTBEAT,0,0,0,0,0,0,0x1800FFC0
1777179501.254,72449,6,3,COMMS,255,BROADCAST,0,HEARTBEAT,48,HEARTBEAT,0,0,0,0,0,0,0x1800FFC0
1777179502.287,73483,6,3,COMMS,255,BROADCAST,0,HEARTBEAT,48,HEARTBEAT,0,0,0,0,0,0,0x1800FFC0
1777179503.301,74488,6,3,COMMS,255,BROADCAST,0,HEARTBEAT,48,HEARTBEAT,0,0,0,0,0,0,0x1800FFC0
1777179504.354,75550,6,3,COMMS,255,BROADCAST,0,HEARTBEAT,48,HEARTBEAT,0,0,0,0,0,0,0x1800FFC0
1777179505.370,76579,6,3,COMMS,255,BROADCAST,0,HEARTBEAT,48,HEARTBEAT,0,0,0,0,0,0,0x1800FFC0
1777179506.422,77617,6,3,COMMS,255,BROADCAST,0,HEARTBEAT,48,HEARTBEAT,0,0,0,0,0,0,0x1800FFC0
1777179507.455,78651,6,3,COMMS,255,BROADCAST,0,HEARTBEAT,48,HEARTBEAT,0,0,0,0,0,0,0x1800FFC0
1777179508.472,79670,6,3,COMMS,255,BROADCAST,0,HEARTBEAT,48,HEARTBEAT,0,0,0,0,0,0,0x1800FFC0
1777179509.547,80718,6,3,COMMS,255,BROADCAST,0,HEARTBEAT,48,HEARTBEAT,0,0,0,0,0,0,0x1800FFC0
1777179510.567,81751,6,3,COMMS,255,BROADCAST,0,HEARTBEAT,48,HEARTBEAT,0,0,0,0,0,0,0x1800FFC0
1777179511.593,82785,6,3,COMMS,255,BROADCAST,0,HEARTBEAT,48,HEARTBEAT,0,0,0,0,0,0,0x1800FFC0
1777179512.623,83818,6,3,COMMS,255,BROADCAST,0,HEARTBEAT,48,HEARTBEAT,0,0,0,0,0,0,0x1800FFC0
1777179513.648,84837,6,3,COMMS,255,BROADCAST,0,HEARTBEAT,48,HEARTBEAT,0,0,0,0,0,0,0x1800FFC0
1777179514.690,85885,6,3,COMMS,255,BROADCAST,0,HEARTBEAT,48,HEARTBEAT,0,0,0,0,0,0,0x1800FFC0
1777179515.724,86919,6,3,COMMS,255,BROADCAST,0,HEARTBEAT,48,HEARTBEAT,0,0,0,0,0,0,0x1800FFC0
1777179516.723,87919,6,3,COMMS,255,BROADCAST,0,HEARTBEAT,48,HEARTBEAT,0,0,0,0,0,0,0x1800FFC0
1777179517.753,88950,6,3,COMMS,255,BROADCAST,0,HEARTBEAT,48,HEARTBEAT,0,0,0,0,0,0,0x1800FFC0
1777179518.824,90019,6,3,COMMS,255,BROADCAST,0,HEARTBEAT,48,HEARTBEAT,0,0,0,0,0,0,0x1800FFC0
1777179519.834,91030,6,3,COMMS,255,BROADCAST,0,HEARTBEAT,48,HEARTBEAT,0,0,0,0,0,0,0x1800FFC0
1777179520.919,92087,6,3,COMMS,255,BROADCAST,0,HEARTBEAT,48,HEARTBEAT,0,0,0,0,0,0,0x1800FFC0
1777179521.899,93096,6,3,COMMS,255,BROADCAST,0,HEARTBEAT,48,HEARTBEAT,0,0,0,0,0,0,0x1800FFC0
1777179522.967,94154,6,3,COMMS,255,BROADCAST,0,HEARTBEAT,48,HEARTBEAT,0,0,0,0,0,0,0x1800FFC0
1777179523.979,95184,6,3,COMMS,255,BROADCAST,0,HEARTBEAT,48,HEARTBEAT,0,0,0,0,0,0,0x1800FFC0
1777179525.011,96188,6,3,COMMS,255,BROADCAST,0,HEARTBEAT,48,HEARTBEAT,0,0,0,0,0,0,0x1800FFC0
1777179526.028,97203,6,3,COMMS,255,BROADCAST,0,HEARTBEAT,48,HEARTBEAT,0,0,0,0,0,0,0x1800FFC0
1777179527.093,98288,6,3,COMMS,255,BROADCAST,0,HEARTBEAT,48,HEARTBEAT,0,0,0,0,0,0,0x1800FFC0
1777179528.102,99298,6,3,COMMS,255,BROADCAST,0,HEARTBEAT,48,HEARTBEAT,0,0,0,0,0,0,0x1800FFC0
1777179529.160,100355,6,3,COMMS,255,BROADCAST,0,HEARTBEAT,48,HEARTBEAT,0,0,0,0,0,0,0x1800FFC0
1777179530.194,101389,6,3,COMMS,255,BROADCAST,0,HEARTBEAT,48,HEARTBEAT,0,0,0,0,0,0,0x1800FFC0
1777179531.262,102423,6,3,COMMS,255,BROADCAST,0,HEARTBEAT,48,HEARTBEAT,0,0,0,0,0,0,0x1800FFC0
1777179532.285,103456,6,3,COMMS,255,BROADCAST,0,HEARTBEAT,48,HEARTBEAT,0,0,0,0,0,0,0x1800FFC0
1777179533.310,104490,6,3,COMMS,255,BROADCAST,0,HEARTBEAT,48,HEARTBEAT,0,0,0,0,0,0,0x1800FFC0
1777179534.333,105524,6,3,COMMS,255,BROADCAST,0,HEARTBEAT,48,HEARTBEAT,0,0,0,0,0,0,0x1800FFC0
1777179535.362,106557,6,3,COMMS,255,BROADCAST,0,HEARTBEAT,48,HEARTBEAT,0,0,0,0,0,0,0x1800FFC0
1777179536.377,107570,6,3,COMMS,255,BROADCAST,0,HEARTBEAT,48,HEARTBEAT,0,0,0,0,0,0,0x1800FFC0
1777179537.395,108572,6,3,COMMS,255,BROADCAST,0,HEARTBEAT,48,HEARTBEAT,0,0,0,0,0,0,0x1800FFC0
1777179538.463,109658,6,3,COMMS,255,BROADCAST,0,HEARTBEAT,48,HEARTBEAT,0,0,0,0,0,0,0x1800FFC0
1777179539.460,110660,6,3,COMMS,255,BROADCAST,0,HEARTBEAT,48,HEARTBEAT,0,0,0,0,0,0,0x1800FFC0
1777179540.530,111725,6,3,COMMS,255,BROADCAST,0,HEARTBEAT,48,HEARTBEAT,0,0,0,0,0,0,0x1800FFC0
1777179541.550,112756,6,3,COMMS,255,BROADCAST,0,HEARTBEAT,48,HEARTBEAT,0,0,0,0,0,0,0x1800FFC0
1777179542.629,113792,6,3,COMMS,255,BROADCAST,0,HEARTBEAT,48,HEARTBEAT,0,0,0,0,0,0,0x1800FFC0
1777179543.654,114826,6,3,COMMS,255,BROADCAST,0,HEARTBEAT,48,HEARTBEAT,0,0,0,0,0,0,0x1800FFC0
1777179544.685,115860,6,3,COMMS,255,BROADCAST,0,HEARTBEAT,48,HEARTBEAT,0,0,0,0,0,0,0x1800FFC0
1777179545.725,116868,6,3,COMMS,255,BROADCAST,0,HEARTBEAT,48,HEARTBEAT,0,0,0,0,0,0,0x1800FFC0
1777179546.741,117927,6,3,COMMS,255,BROADCAST,0,HEARTBEAT,48,HEARTBEAT,0,0,0,0,0,0,0x1800FFC0
1777179547.777,118956,6,3,COMMS,255,BROADCAST,0,HEARTBEAT,48,HEARTBEAT,0,0,0,0,0,0,0x1800FFC0
1777179548.801,119994,6,3,COMMS,255,BROADCAST,0,HEARTBEAT,48,HEARTBEAT,0,0,0,0,0,0,0x1800FFC0
1777179549.832,121027,6,3,COMMS,255,BROADCAST,0,HEARTBEAT,48,HEARTBEAT,0,0,0,0,0,0,0x1800FFC0
1777179550.836,122039,6,3,COMMS,255,BROADCAST,0,HEARTBEAT,48,HEARTBEAT,0,0,0,0,0,0,0x1800FFC0
1777179551.900,123094,6,3,COMMS,255,BROADCAST,0,HEARTBEAT,48,HEARTBEAT,0,0,0,0,0,0,0x1800FFC0
1777179552.913,124108,6,3,COMMS,255,BROADCAST,0,HEARTBEAT,48,HEARTBEAT,0,0,0,0,0,0,0x1800FFC0
1777179553.932,125122,6,3,COMMS,255,BROADCAST,0,HEARTBEAT,48,HEARTBEAT,0,0,0,0,0,0,0x1800FFC0
1777179554.930,126125,6,3,COMMS,255,BROADCAST,0,HEARTBEAT,48,HEARTBEAT,0,0,0,0,0,0,0x1800FFC0
1777179556.036,127224,6,3,COMMS,255,BROADCAST,0,HEARTBEAT,48,HEARTBEAT,0,0,0,0,0,0,0x1800FFC0
1777179557.076,128263,6,3,COMMS,255,BROADCAST,0,HEARTBEAT,48,HEARTBEAT,0,0,0,0,0,0,0x1800FFC0
1777179558.101,129296,6,3,COMMS,255,BROADCAST,0,HEARTBEAT,48,HEARTBEAT,0,0,0,0,0,0,0x1800FFC0
1777179559.107,130317,6,3,COMMS,255,BROADCAST,0,HEARTBEAT,48,HEARTBEAT,0,0,0,0,0,0,0x1800FFC0
1777179560.168,131363,6,3,COMMS,255,BROADCAST,0,HEARTBEAT,48,HEARTBEAT,0,0,0,0,0,0,0x1800FFC0
1777179561.201,132397,6,3,COMMS,255,BROADCAST,0,HEARTBEAT,48,HEARTBEAT,0,0,0,0,0,0,0x1800FFC0
1777179562.235,133430,6,3,COMMS,255,BROADCAST,0,HEARTBEAT,48,HEARTBEAT,0,0,0,0,0,0,0x1800FFC0
1777179563.268,134464,6,3,COMMS,255,BROADCAST,0,HEARTBEAT,48,HEARTBEAT,0,0,0,0,0,0,0x1800FFC0
1777179564.337,135497,6,3,COMMS,255,BROADCAST,0,HEARTBEAT,48,HEARTBEAT,0,0,0,0,0,0,0x1800FFC0
1777179565.302,136506,6,3,COMMS,255,BROADCAST,0,HEARTBEAT,48,HEARTBEAT,0,0,0,0,0,0,0x1800FFC0
1777179566.386,137559,6,3,COMMS,255,BROADCAST,0,HEARTBEAT,48,HEARTBEAT,0,0,0,0,0,0,0x1800FFC0
1777179567.409,138598,6,3,COMMS,255,BROADCAST,0,HEARTBEAT,48,HEARTBEAT,0,0,0,0,0,0,0x1800FFC0
1777179568.436,139632,6,3,COMMS,255,BROADCAST,0,HEARTBEAT,48,HEARTBEAT,0,0,0,0,0,0,0x1800FFC0
1777179569.458,140641,6,3,COMMS,255,BROADCAST,0,HEARTBEAT,48,HEARTBEAT,0,0,0,0,0,0,0x1800FFC0
1777179570.503,141699,6,3,COMMS,255,BROADCAST,0,HEARTBEAT,48,HEARTBEAT,0,0,0,0,0,0,0x1800FFC0
1777179571.528,142730,6,3,COMMS,255,BROADCAST,0,HEARTBEAT,48,HEARTBEAT,0,0,0,0,0,0,0x1800FFC0
1777179572.571,143766,6,3,COMMS,255,BROADCAST,0,HEARTBEAT,48,HEARTBEAT,0,0,0,0,0,0,0x1800FFC0
1777179573.593,144790,6,3,COMMS,255,BROADCAST,0,HEARTBEAT,48,HEARTBEAT,0,0,0,0,0,0,0x1800FFC0
1777179574.682,145833,6,3,COMMS,255,BROADCAST,0,HEARTBEAT,48,HEARTBEAT,0,0,0,0,0,0,0x1800FFC0
1777179575.701,146867,6,3,COMMS,255,BROADCAST,0,HEARTBEAT,48,HEARTBEAT,0,0,0,0,0,0,0x1800FFC0
1777179576.730,147884,6,3,COMMS,255,BROADCAST,0,HEARTBEAT,48,HEARTBEAT,0,0,0,0,0,0,0x1800FFC0
1777179577.755,148919,6,3,COMMS,255,BROADCAST,0,HEARTBEAT,48,HEARTBEAT,0,0,0,0,0,0,0x1800FFC0
1777179578.775,149967,6,3,COMMS,255,BROADCAST,0,HEARTBEAT,48,HEARTBEAT,0,0,0,0,0,0,0x1800FFC0
1777179579.791,150989,6,3,COMMS,255,BROADCAST,0,HEARTBEAT,48,HEARTBEAT,0,0,0,0,0,0,0x1800FFC0
1777179580.824,152009,6,3,COMMS,255,BROADCAST,0,HEARTBEAT,48,HEARTBEAT,0,0,0,0,0,0,0x1800FFC0
1777179581.872,153068,6,3,COMMS,255,BROADCAST,0,HEARTBEAT,48,HEARTBEAT,0,0,0,0,0,0,0x1800FFC0
1777179582.872,154069,6,3,COMMS,255,BROADCAST,0,HEARTBEAT,48,HEARTBEAT,0,0,0,0,0,0,0x1800FFC0
1777179583.940,155135,6,3,COMMS,255,BROADCAST,0,HEARTBEAT,48,HEARTBEAT,0,0,0,0,0,0,0x1800FFC0
1777179584.969,156165,6,3,COMMS,255,BROADCAST,0,HEARTBEAT,48,HEARTBEAT,0,0,0,0,0,0,0x1800FFC0
1777179586.043,157202,6,3,COMMS,255,BROADCAST,0,HEARTBEAT,48,HEARTBEAT,0,0,0,0,0,0,0x1800FFC0
1777179587.060,158236,6,3,COMMS,255,BROADCAST,0,HEARTBEAT,48,HEARTBEAT,0,0,0,0,0,0,0x1800FFC0
1777179588.092,159258,6,3,COMMS,255,BROADCAST,0,HEARTBEAT,48,HEARTBEAT,0,0,0,0,0,0,0x1800FFC0
1777179589.120,160303,6,3,COMMS,255,BROADCAST,0,HEARTBEAT,48,HEARTBEAT,0,0,0,0,0,0,0x1800FFC0
1777179590.141,161331,6,3,COMMS,255,BROADCAST,0,HEARTBEAT,48,HEARTBEAT,0,0,0,0,0,0,0x1800FFC0
1777179591.175,162370,6,3,COMMS,255,BROADCAST,0,HEARTBEAT,48,HEARTBEAT,0,0,0,0,0,0,0x1800FFC0
1777179592.209,163403,6,3,COMMS,255,BROADCAST,0,HEARTBEAT,48,HEARTBEAT,0,0,0,0,0,0,0x1800FFC0
1777179593.242,164437,6,3,COMMS,255,BROADCAST,0,HEARTBEAT,48,HEARTBEAT,0,0,0,0,0,0,0x1800FFC0
1777179594.251,165446,6,3,COMMS,255,BROADCAST,0,HEARTBEAT,48,HEARTBEAT,0,0,0,0,0,0,0x1800FFC0
1777179595.309,166504,6,3,COMMS,255,BROADCAST,0,HEARTBEAT,48,HEARTBEAT,0,0,0,0,0,0,0x1800FFC0
1777179596.343,167538,6,3,COMMS,255,BROADCAST,0,HEARTBEAT,48,HEARTBEAT,0,0,0,0,0,0,0x1800FFC0
1777179597.345,168543,6,3,COMMS,255,BROADCAST,0,HEARTBEAT,48,HEARTBEAT,0,0,0,0,0,0,0x1800FFC0
1777179598.440,169605,6,3,COMMS,255,BROADCAST,0,HEARTBEAT,48,HEARTBEAT,0,0,0,0,0,0,0x1800FFC0
1777179599.454,170638,6,3,COMMS,255,BROADCAST,0,HEARTBEAT,48,HEARTBEAT,0,0,0,0,0,0,0x1800FFC0
1777179600.485,171672,6,3,COMMS,255,BROADCAST,0,HEARTBEAT,48,HEARTBEAT,0,0,0,0,0,0,0x1800FFC0
1777179601.510,172674,6,3,COMMS,255,BROADCAST,0,HEARTBEAT,48,HEARTBEAT,0,0,0,0,0,0,0x1800FFC0
1777179602.545,173739,6,3,COMMS,255,BROADCAST,0,HEARTBEAT,48,HEARTBEAT,0,0,0,0,0,0,0x1800FFC0
1777179603.573,174762,6,3,COMMS,255,BROADCAST,0,HEARTBEAT,48,HEARTBEAT,0,0,0,0,0,0,0x1800FFC0
1777179604.611,175806,6,3,COMMS,255,BROADCAST,0,HEARTBEAT,48,HEARTBEAT,0,0,0,0,0,0,0x1800FFC0
1777179605.645,176839,6,3,COMMS,255,BROADCAST,0,HEARTBEAT,48,HEARTBEAT,0,0,0,0,0,0,0x1800FFC0
1777179606.650,177845,6,3,COMMS,255,BROADCAST,0,HEARTBEAT,48,HEARTBEAT,0,0,0,0,0,0,0x1800FFC0
1777179607.725,178906,6,3,COMMS,255,BROADCAST,0,HEARTBEAT,48,HEARTBEAT,0,0,0,0,0,0,0x1800FFC0
1777179608.719,179914,6,3,COMMS,255,BROADCAST,0,HEARTBEAT,48,HEARTBEAT,0,0,0,0,0,0,0x1800FFC0
1777179609.732,180928,6,3,COMMS,255,BROADCAST,0,HEARTBEAT,48,HEARTBEAT,0,0,0,0,0,0,0x1800FFC0
1777179610.827,182007,6,3,COMMS,255,BROADCAST,0,HEARTBEAT,48,HEARTBEAT,0,0,0,0,0,0,0x1800FFC0
1777179611.856,183012,6,3,COMMS,255,BROADCAST,0,HEARTBEAT,48,HEARTBEAT,0,0,0,0,0,0,0x1800FFC0
1777179612.879,184074,6,3,COMMS,255,BROADCAST,0,HEARTBEAT,48,HEARTBEAT,0,0,0,0,0,0,0x1800FFC0
1777179613.913,185108,6,3,COMMS,255,BROADCAST,0,HEARTBEAT,48,HEARTBEAT,0,0,0,0,0,0,0x1800FFC0
1777179614.931,186108,6,3,COMMS,255,BROADCAST,0,HEARTBEAT,48,HEARTBEAT,0,0,0,0,0,0,0x1800FFC0
1777179615.979,187174,6,3,COMMS,255,BROADCAST,0,HEARTBEAT,48,HEARTBEAT,0,0,0,0,0,0,0x1800FFC0
1777179617.007,188204,6,3,COMMS,255,BROADCAST,0,HEARTBEAT,48,HEARTBEAT,0,0,0,0,0,0,0x1800FFC0
1777179618.047,189241,6,3,COMMS,255,BROADCAST,0,HEARTBEAT,48,HEARTBEAT,0,0,0,0,0,0,0x1800FFC0
1777179619.080,190275,6,3,COMMS,255,BROADCAST,0,HEARTBEAT,48,HEARTBEAT,0,0,0,0,0,0,0x1800FFC0
1777179620.088,191297,6,3,COMMS,255,BROADCAST,0,HEARTBEAT,48,HEARTBEAT,0,0,0,0,0,0,0x1800FFC0
1777179621.176,192342,6,3,COMMS,255,BROADCAST,0,HEARTBEAT,48,HEARTBEAT,0,0,0,0,0,0,0x1800FFC0
1777179622.188,193375,6,3,COMMS,255,BROADCAST,0,HEARTBEAT,48,HEARTBEAT,0,0,0,0,0,0,0x1800FFC0
1777179623.219,194409,6,3,COMMS,255,BROADCAST,0,HEARTBEAT,48,HEARTBEAT,0,0,0,0,0,0,0x1800FFC0
1777179624.251,195442,6,3,COMMS,255,BROADCAST,0,HEARTBEAT,48,HEARTBEAT,0,0,0,0,0,0,0x1800FFC0
1777179625.269,196446,6,3,COMMS,255,BROADCAST,0,HEARTBEAT,48,HEARTBEAT,0,0,0,0,0,0,0x1800FFC0
1777179626.314,197510,6,3,COMMS,255,BROADCAST,0,HEARTBEAT,48,HEARTBEAT,0,0,0,0,0,0,0x1800FFC0
1777179627.338,198534,6,3,COMMS,255,BROADCAST,0,HEARTBEAT,48,HEARTBEAT,0,0,0,0,0,0,0x1800FFC0
1777179628.382,199577,6,3,COMMS,255,BROADCAST,0,HEARTBEAT,48,HEARTBEAT,0,0,0,0,0,0,0x1800FFC0
1777179629.387,200582,6,3,COMMS,255,BROADCAST,0,HEARTBEAT,48,HEARTBEAT,0,0,0,0,0,0,0x1800FFC0
1777179630.490,201644,6,3,COMMS,255,BROADCAST,0,HEARTBEAT,48,HEARTBEAT,0,0,0,0,0,0,0x1800FFC0
1777179631.503,202677,6,3,COMMS,255,BROADCAST,0,HEARTBEAT,48,HEARTBEAT,0,0,0,0,0,0,0x1800FFC0
1777179632.536,203711,6,3,COMMS,255,BROADCAST,0,HEARTBEAT,48,HEARTBEAT,0,0,0,0,0,0,0x1800FFC0
1777179633.562,204744,6,3,COMMS,255,BROADCAST,0,HEARTBEAT,48,HEARTBEAT,0,0,0,0,0,0,0x1800FFC0
1777179634.583,205778,6,3,COMMS,255,BROADCAST,0,HEARTBEAT,48,HEARTBEAT,0,0,0,0,0,0,0x1800FFC0
1777179635.608,206793,6,3,COMMS,255,BROADCAST,0,HEARTBEAT,48,HEARTBEAT,0,0,0,0,0,0,0x1800FFC0
1777179636.633,207816,6,3,COMMS,255,BROADCAST,0,HEARTBEAT,48,HEARTBEAT,0,0,0,0,0,0,0x1800FFC0
1777179637.684,208879,6,3,COMMS,255,BROADCAST,0,HEARTBEAT,48,HEARTBEAT,0,0,0,0,0,0,0x1800FFC0
1777179638.700,209909,6,3,COMMS,255,BROADCAST,0,HEARTBEAT,48,HEARTBEAT,0,0,0,0,0,0,0x1800FFC0
1777179639.751,210946,6,3,COMMS,255,BROADCAST,0,HEARTBEAT,48,HEARTBEAT,0,0,0,0,0,0,0x1800FFC0
1777179640.760,211955,6,3,COMMS,255,BROADCAST,0,HEARTBEAT,48,HEARTBEAT,0,0,0,0,0,0,0x1800FFC0
1777179641.845,213013,6,3,COMMS,255,BROADCAST,0,HEARTBEAT,48,HEARTBEAT,0,0,0,0,0,0,0x1800FFC0
1777179642.874,214047,6,3,COMMS,255,BROADCAST,0,HEARTBEAT,48,HEARTBEAT,0,0,0,0,0,0,0x1800FFC0
1777179643.843,215049,6,3,COMMS,255,BROADCAST,0,HEARTBEAT,48,HEARTBEAT,0,0,0,0,0,0,0x1800FFC0
1777179644.928,216114,6,3,COMMS,255,BROADCAST,0,HEARTBEAT,48,HEARTBEAT,0,0,0,0,0,0,0x1800FFC0
1777179645.953,217134,6,3,COMMS,255,BROADCAST,0,HEARTBEAT,48,HEARTBEAT,0,0,0,0,0,0,0x1800FFC0
1777179646.987,218181,6,3,COMMS,255,BROADCAST,0,HEARTBEAT,48,HEARTBEAT,0,0,0,0,0,0,0x1800FFC0
1777179648.020,219215,6,3,COMMS,255,BROADCAST,0,HEARTBEAT,48,HEARTBEAT,0,0,0,0,0,0,0x1800FFC0
1777179649.042,220238,6,3,COMMS,255,BROADCAST,0,HEARTBEAT,48,HEARTBEAT,0,0,0,0,0,0,0x1800FFC0
1777179650.087,221282,6,3,COMMS,255,BROADCAST,0,HEARTBEAT,48,HEARTBEAT,0,0,0,0,0,0,0x1800FFC0
1777179651.121,222316,6,3,COMMS,255,BROADCAST,0,HEARTBEAT,48,HEARTBEAT,0,0,0,0,0,0,0x1800FFC0
1777179652.131,223331,6,3,COMMS,255,BROADCAST,0,HEARTBEAT,48,HEARTBEAT,0,0,0,0,0,0,0x1800FFC0
1777179653.234,224429,6,3,COMMS,255,BROADCAST,0,HEARTBEAT,48,HEARTBEAT,0,0,0,0,0,0,0x1800FFC0
1777179654.297,225493,6,3,COMMS,255,BROADCAST,0,HEARTBEAT,48,HEARTBEAT,0,0,0,0,0,0,0x1800FFC0
1777179655.391,226587,6,3,COMMS,255,BROADCAST,0,HEARTBEAT,48,HEARTBEAT,0,0,0,0,0,0,0x1800FFC0
1777179656.492,227681,6,3,COMMS,255,BROADCAST,0,HEARTBEAT,48,HEARTBEAT,0,0,0,0,0,0,0x1800FFC0
1777179657.580,228775,6,3,COMMS,255,BROADCAST,0,HEARTBEAT,48,HEARTBEAT,0,0,0,0,0,0,0x1800FFC0
1777179658.666,229869,6,3,COMMS,255,BROADCAST,0,HEARTBEAT,48,HEARTBEAT,0,0,0,0,0,0,0x1800FFC0
1777179659.768,230963,6,3,COMMS,255,BROADCAST,0,HEARTBEAT,48,HEARTBEAT,0,0,0,0,0,0,0x1800FFC0
1777179660.893,232057,6,3,COMMS,255,BROADCAST,0,HEARTBEAT,48,HEARTBEAT,0,0,0,0,0,0,0x1800FFC0
1777179661.955,233151,6,3,COMMS,255,BROADCAST,0,HEARTBEAT,48,HEARTBEAT,0,0,0,0,0,0,0x1800FFC0
1777179663.051,234245,6,3,COMMS,255,BROADCAST,0,HEARTBEAT,48,HEARTBEAT,0,0,0,0,0,0,0x1800FFC0
1777179664.177,235340,6,3,COMMS,255,BROADCAST,0,HEARTBEAT,48,HEARTBEAT,0,0,0,0,0,0,0x1800FFC0
1777179665.228,236434,6,3,COMMS,255,BROADCAST,0,HEARTBEAT,48,HEARTBEAT,0,0,0,0,0,0,0x1800FFC0
1777179666.328,237528,6,3,COMMS,255,BROADCAST,0,HEARTBEAT,48,HEARTBEAT,0,0,0,0,0,0,0x1800FFC0
1777179667.456,238622,6,3,COMMS,255,BROADCAST,0,HEARTBEAT,48,HEARTBEAT,0,0,0,0,0,0,0x1800FFC0
1777179668.521,239716,6,3,COMMS,255,BROADCAST,0,HEARTBEAT,48,HEARTBEAT,0,0,0,0,0,0,0x1800FFC0
1777179669.605,240810,6,3,COMMS,255,BROADCAST,0,HEARTBEAT,48,HEARTBEAT,0,0,0,0,0,0,0x1800FFC0
1777179670.720,241904,6,3,COMMS,255,BROADCAST,0,HEARTBEAT,48,HEARTBEAT,0,0,0,0,0,0,0x1800FFC0
1777179671.800,242998,6,3,COMMS,255,BROADCAST,0,HEARTBEAT,48,HEARTBEAT,0,0,0,0,0,0,0x1800FFC0
1777179672.896,244092,6,3,COMMS,255,BROADCAST,0,HEARTBEAT,48,HEARTBEAT,0,0,0,0,0,0,0x1800FFC0
1777179674.010,245187,6,3,COMMS,255,BROADCAST,0,HEARTBEAT,48,HEARTBEAT,0,0,0,0,0,0,0x1800FFC0
1777179675.086,246281,6,3,COMMS,255,BROADCAST,0,HEARTBEAT,48,HEARTBEAT,0,0,0,0,0,0,0x1800FFC0
1777179676.180,247375,6,3,COMMS,255,BROADCAST,0,HEARTBEAT,48,HEARTBEAT,0,0,0,0,0,0,0x1800FFC0
1777179677.284,248469,6,3,COMMS,255,BROADCAST,0,HEARTBEAT,48,HEARTBEAT,0,0,0,0,0,0,0x1800FFC0
1777179678.367,249563,6,3,COMMS,255,BROADCAST,0,HEARTBEAT,48,HEARTBEAT,0,0,0,0,0,0,0x1800FFC0
1777179679.453,250657,6,3,COMMS,255,BROADCAST,0,HEARTBEAT,48,HEARTBEAT,0,0,0,0,0,0,0x1800FFC0
1777179680.551,251751,6,3,COMMS,255,BROADCAST,0,HEARTBEAT,48,HEARTBEAT,0,0,0,0,0,0,0x1800FFC0
1777179681.691,252845,6,3,COMMS,255,BROADCAST,0,HEARTBEAT,48,HEARTBEAT,0,0,0,0,0,0,0x1800FFC0
1777179682.753,253940,6,3,COMMS,255,BROADCAST,0,HEARTBEAT,48,HEARTBEAT,0,0,0,0,0,0,0x1800FFC0
1777179683.836,255034,6,3,COMMS,255,BROADCAST,0,HEARTBEAT,48,HEARTBEAT,0,0,0,0,0,0,0x1800FFC0
1777179684.967,256128,6,3,COMMS,255,BROADCAST,0,HEARTBEAT,48,HEARTBEAT,0,0,0,0,0,0,0x1800FFC0
1777179686.026,257222,6,3,COMMS,255,BROADCAST,0,HEARTBEAT,48,HEARTBEAT,0,0,0,0,0,0,0x1800FFC0
1777179687.119,258316,6,3,COMMS,255,BROADCAST,0,HEARTBEAT,48,HEARTBEAT,0,0,0,0,0,0,0x1800FFC0
1777179688.238,259410,6,3,COMMS,255,BROADCAST,0,HEARTBEAT,48,HEARTBEAT,0,0,0,0,0,0,0x1800FFC0
1777179689.211,260410,6,3,COMMS,255,BROADCAST,0,HEARTBEAT,48,HEARTBEAT,0,0,0,0,0,0,0x1800FFC0
1777179690.209,261410,6,3,COMMS,255,BROADCAST,0,HEARTBEAT,48,HEARTBEAT,0,0,0,0,0,0,0x1800FFC0
1777179691.215,262411,6,3,COMMS,255,BROADCAST,0,HEARTBEAT,48,HEARTBEAT,0,0,0,0,0,0,0x1800FFC0
1777179692.233,263411,6,3,COMMS,255,BROADCAST,0,HEARTBEAT,48,HEARTBEAT,0,0,0,0,0,0,0x1800FFC0
1777179693.207,264411,6,3,COMMS,255,BROADCAST,0,HEARTBEAT,48,HEARTBEAT,0,0,0,0,0,0,0x1800FFC0
1777179694.216,265411,6,3,COMMS,255,BROADCAST,0,HEARTBEAT,48,HEARTBEAT,0,0,0,0,0,0,0x1800FFC0
1777179695.211,266411,6,3,COMMS,255,BROADCAST,0,HEARTBEAT,48,HEARTBEAT,0,0,0,0,0,0,0x1800FFC0
1777179696.231,267412,6,3,COMMS,255,BROADCAST,0,HEARTBEAT,48,HEARTBEAT,0,0,0,0,0,0,0x1800FFC0
1777179697.255,268432,6,3,COMMS,255,BROADCAST,0,HEARTBEAT,48,HEARTBEAT,0,0,0,0,0,0,0x1800FFC0
1777179698.278,269453,6,3,COMMS,255,BROADCAST,0,HEARTBEAT,48,HEARTBEAT,0,0,0,0,0,0,0x1800FFC0
1777179699.300,270474,6,3,COMMS,255,BROADCAST,0,HEARTBEAT,48,HEARTBEAT,0,0,0,0,0,0,0x1800FFC0
1777179700.323,271495,6,3,COMMS,255,BROADCAST,0,HEARTBEAT,48,HEARTBEAT,0,0,0,0,0,0,0x1800FFC0
1777179701.351,272516,6,3,COMMS,255,BROADCAST,0,HEARTBEAT,48,HEARTBEAT,0,0,0,0,0,0,0x1800FFC0
1777179702.375,273537,6,3,COMMS,255,BROADCAST,0,HEARTBEAT,48,HEARTBEAT,0,0,0,0,0,0,0x1800FFC0
1777179703.402,274558,6,3,COMMS,255,BROADCAST,0,HEARTBEAT,48,HEARTBEAT,0,0,0,0,0,0,0x1800FFC0
1777179704.424,275579,6,3,COMMS,255,BROADCAST,0,HEARTBEAT,48,HEARTBEAT,0,0,0,0,0,0,0x1800FFC0
1777179705.446,276600,6,3,COMMS,255,BROADCAST,0,HEARTBEAT,48,HEARTBEAT,0,0,0,0,0,0,0x1800FFC0
1777179706.430,277621,6,3,COMMS,255,BROADCAST,0,HEARTBEAT,48,HEARTBEAT,0,0,0,0,0,0,0x1800FFC0
1777179707.448,278642,6,3,COMMS,255,BROADCAST,0,HEARTBEAT,48,HEARTBEAT,0,0,0,0,0,0,0x1800FFC0
1777179708.469,279663,6,3,COMMS,255,BROADCAST,0,HEARTBEAT,48,HEARTBEAT,0,0,0,0,0,0,0x1800FFC0
1777179709.489,280684,6,3,COMMS,255,BROADCAST,0,HEARTBEAT,48,HEARTBEAT,0,0,0,0,0,0,0x1800FFC0
1777179710.511,281705,6,3,COMMS,255,BROADCAST,0,HEARTBEAT,48,HEARTBEAT,0,0,0,0,0,0,0x1800FFC0
1777179711.532,282726,6,3,COMMS,255,BROADCAST,0,HEARTBEAT,48,HEARTBEAT,0,0,0,0,0,0,0x1800FFC0
1777179712.553,283747,6,3,COMMS,255,BROADCAST,0,HEARTBEAT,48,HEARTBEAT,0,0,0,0,0,0,0x1800FFC0
1777179713.574,284768,6,3,COMMS,255,BROADCAST,0,HEARTBEAT,48,HEARTBEAT,0,0,0,0,0,0,0x1800FFC0
1777179714.595,285789,6,3,COMMS,255,BROADCAST,0,HEARTBEAT,48,HEARTBEAT,0,0,0,0,0,0,0x1800FFC0
1777179715.616,286810,6,3,COMMS,255,BROADCAST,0,HEARTBEAT,48,HEARTBEAT,0,0,0,0,0,0,0x1800FFC0
1777179716.639,287831,6,3,COMMS,255,BROADCAST,0,HEARTBEAT,48,HEARTBEAT,0,0,0,0,0,0,0x1800FFC0
1777179717.658,288852,6,3,COMMS,255,BROADCAST,0,HEARTBEAT,48,HEARTBEAT,0,0,0,0,0,0,0x1800FFC0
1777179718.679,289873,6,3,COMMS,255,BROADCAST,0,HEARTBEAT,48,HEARTBEAT,0,0,0,0,0,0,0x1800FFC0
1777179719.700,290894,6,3,COMMS,255,BROADCAST,0,HEARTBEAT,48,HEARTBEAT,0,0,0,0,0,0,0x1800FFC0
1777179720.721,291915,6,3,COMMS,255,BROADCAST,0,HEARTBEAT,48,HEARTBEAT,0,0,0,0,0,0,0x1800FFC0
1777179721.743,292936,6,3,COMMS,255,BROADCAST,0,HEARTBEAT,48,HEARTBEAT,0,0,0,0,0,0,0x1800FFC0
1777179722.763,293957,6,3,COMMS,255,BROADCAST,0,HEARTBEAT,48,HEARTBEAT,0,0,0,0,0,0,0x1800FFC0
1777179723.784,294978,6,3,COMMS,255,BROADCAST,0,HEARTBEAT,48,HEARTBEAT,0,0,0,0,0,0,0x1800FFC0
1777179724.805,295999,6,3,COMMS,255,BROADCAST,0,HEARTBEAT,48,HEARTBEAT,0,0,0,0,0,0,0x1800FFC0
1777179725.826,297020,6,3,COMMS,255,BROADCAST,0,HEARTBEAT,48,HEARTBEAT,0,0,0,0,0,0,0x1800FFC0
1777179726.850,298041,6,3,COMMS,255,BROADCAST,0,HEARTBEAT,48,HEARTBEAT,0,0,0,0,0,0,0x1800FFC0
1777179727.873,299062,6,3,COMMS,255,BROADCAST,0,HEARTBEAT,48,HEARTBEAT,0,0,0,0,0,0,0x1800FFC0
1777179728.903,300083,6,3,COMMS,255,BROADCAST,0,HEARTBEAT,48,HEARTBEAT,0,0,0,0,0,0,0x1800FFC0
1777179729.920,301104,6,3,COMMS,255,BROADCAST,0,HEARTBEAT,48,HEARTBEAT,0,0,0,0,0,0,0x1800FFC0
1777179730.945,302125,6,3,COMMS,255,BROADCAST,0,HEARTBEAT,48,HEARTBEAT,0,0,0,0,0,0,0x1800FFC0
1777179731.971,303146,6,3,COMMS,255,BROADCAST,0,HEARTBEAT,48,HEARTBEAT,0,0,0,0,0,0,0x1800FFC0
1777179732.995,304167,6,3,COMMS,255,BROADCAST,0,HEARTBEAT,48,HEARTBEAT,0,0,0,0,0,0,0x1800FFC0
1777179734.018,305188,6,3,COMMS,255,BROADCAST,0,HEARTBEAT,48,HEARTBEAT,0,0,0,0,0,0,0x1800FFC0
1777179735.043,306209,6,3,COMMS,255,BROADCAST,0,HEARTBEAT,48,HEARTBEAT,0,0,0,0,0,0,0x1800FFC0
1777179736.066,307230,6,3,COMMS,255,BROADCAST,0,HEARTBEAT,48,HEARTBEAT,0,0,0,0,0,0,0x1800FFC0
1777179737.083,308251,6,3,COMMS,255,BROADCAST,0,HEARTBEAT,48,HEARTBEAT,0,0,0,0,0,0,0x1800FFC0
1777179738.114,309272,6,3,COMMS,255,BROADCAST,0,HEARTBEAT,48,HEARTBEAT,0,0,0,0,0,0,0x1800FFC0
1777179739.133,310293,6,3,COMMS,255,BROADCAST,0,HEARTBEAT,48,HEARTBEAT,0,0,0,0,0,0,0x1800FFC0
1777179740.120,311314,6,3,COMMS,255,BROADCAST,0,HEARTBEAT,48,HEARTBEAT,0,0,0,0,0,0,0x1800FFC0
1777179741.141,312335,6,3,COMMS,255,BROADCAST,0,HEARTBEAT,48,HEARTBEAT,0,0,0,0,0,0,0x1800FFC0
1777179742.163,313356,6,3,COMMS,255,BROADCAST,0,HEARTBEAT,48,HEARTBEAT,0,0,0,0,0,0,0x1800FFC0
1777179743.183,314377,6,3,COMMS,255,BROADCAST,0,HEARTBEAT,48,HEARTBEAT,0,0,0,0,0,0,0x1800FFC0
1777179744.204,315398,6,3,COMMS,255,BROADCAST,0,HEARTBEAT,48,HEARTBEAT,0,0,0,0,0,0,0x1800FFC0
1777179745.225,316419,6,3,COMMS,255,BROADCAST,0,HEARTBEAT,48,HEARTBEAT,0,0,0,0,0,0,0x1800FFC0
1777179746.246,317440,6,3,COMMS,255,BROADCAST,0,HEARTBEAT,48,HEARTBEAT,0,0,0,0,0,0,0x1800FFC0
1777179747.267,318461,6,3,COMMS,255,BROADCAST,0,HEARTBEAT,48,HEARTBEAT,0,0,0,0,0,0,0x1800FFC0
1777179748.288,319482,6,3,COMMS,255,BROADCAST,0,HEARTBEAT,48,HEARTBEAT,0,0,0,0,0,0,0x1800FFC0
1777179749.309,320503,6,3,COMMS,255,BROADCAST,0,HEARTBEAT,48,HEARTBEAT,0,0,0,0,0,0,0x1800FFC0
1777179750.330,321524,6,3,COMMS,255,BROADCAST,0,HEARTBEAT,48,HEARTBEAT,0,0,0,0,0,0,0x1800FFC0
1777179751.353,322545,6,3,COMMS,255,BROADCAST,0,HEARTBEAT,48,HEARTBEAT,0,0,0,0,0,0,0x1800FFC0
1777179752.372,323566,6,3,COMMS,255,BROADCAST,0,HEARTBEAT,48,HEARTBEAT,0,0,0,0,0,0,0x1800FFC0
1777179753.393,324587,6,3,COMMS,255,BROADCAST,0,HEARTBEAT,48,HEARTBEAT,0,0,0,0,0,0,0x1800FFC0
1777179754.413,325608,6,3,COMMS,255,BROADCAST,0,HEARTBEAT,48,HEARTBEAT,0,0,0,0,0,0,0x1800FFC0
1777179755.432,326629,6,3,COMMS,255,BROADCAST,0,HEARTBEAT,48,HEARTBEAT,0,0,0,0,0,0,0x1800FFC0
1777179756.456,327650,6,3,COMMS,255,BROADCAST,0,HEARTBEAT,48,HEARTBEAT,0,0,0,0,0,0,0x1800FFC0
1777179757.477,328671,6,3,COMMS,255,BROADCAST,0,HEARTBEAT,48,HEARTBEAT,0,0,0,0,0,0,0x1800FFC0
1777179758.499,329692,6,3,COMMS,255,BROADCAST,0,HEARTBEAT,48,HEARTBEAT,0,0,0,0,0,0,0x1800FFC0
1777179759.519,330713,6,3,COMMS,255,BROADCAST,0,HEARTBEAT,48,HEARTBEAT,0,0,0,0,0,0,0x1800FFC0
1777179760.541,331734,6,3,COMMS,255,BROADCAST,0,HEARTBEAT,48,HEARTBEAT,0,0,0,0,0,0,0x1800FFC0
1777179761.566,332755,6,3,COMMS,255,BROADCAST,0,HEARTBEAT,48,HEARTBEAT,0,0,0,0,0,0,0x1800FFC0
1777179762.585,333776,6,3,COMMS,255,BROADCAST,0,HEARTBEAT,48,HEARTBEAT,0,0,0,0,0,0,0x1800FFC0
1777179763.615,334797,6,3,COMMS,255,BROADCAST,0,HEARTBEAT,48,HEARTBEAT,0,0,0,0,0,0,0x1800FFC0
1777179764.634,335818,6,3,COMMS,255,BROADCAST,0,HEARTBEAT,48,HEARTBEAT,0,0,0,0,0,0,0x1800FFC0
1777179765.650,336839,6,3,COMMS,255,BROADCAST,0,HEARTBEAT,48,HEARTBEAT,0,0,0,0,0,0,0x1800FFC0
1777179766.685,337860,6,3,COMMS,255,BROADCAST,0,HEARTBEAT,48,HEARTBEAT,0,0,0,0,0,0,0x1800FFC0
1777179767.701,338881,6,3,COMMS,255,BROADCAST,0,HEARTBEAT,48,HEARTBEAT,0,0,0,0,0,0,0x1800FFC0
1777179768.732,339902,6,3,COMMS,255,BROADCAST,0,HEARTBEAT,48,HEARTBEAT,0,0,0,0,0,0,0x1800FFC0
1777179769.752,340923,6,3,COMMS,255,BROADCAST,0,HEARTBEAT,48,HEARTBEAT,0,0,0,0,0,0,0x1800FFC0
1777179770.772,341944,6,3,COMMS,255,BROADCAST,0,HEARTBEAT,48,HEARTBEAT,0,0,0,0,0,0,0x1800FFC0
1777179771.798,342965,6,3,COMMS,255,BROADCAST,0,HEARTBEAT,48,HEARTBEAT,0,0,0,0,0,0,0x1800FFC0
1777179772.845,343982,6,3,COMMS,255,BROADCAST,0,HEARTBEAT,48,HEARTBEAT,0,0,0,0,0,0,0x1800FFC0
1777179773.785,344979,6,3,COMMS,255,BROADCAST,0,HEARTBEAT,48,HEARTBEAT,0,0,0,0,0,0,0x1800FFC0
1777179774.834,346028,6,3,COMMS,255,BROADCAST,0,HEARTBEAT,48,HEARTBEAT,0,0,0,0,0,0,0x1800FFC0
1777179775.846,347039,6,3,COMMS,255,BROADCAST,0,HEARTBEAT,48,HEARTBEAT,0,0,0,0,0,0,0x1800FFC0
1777179776.946,348138,6,3,COMMS,255,BROADCAST,0,HEARTBEAT,48,HEARTBEAT,0,0,0,0,0,0,0x1800FFC0
1777179778.039,349236,6,3,COMMS,255,BROADCAST,0,HEARTBEAT,48,HEARTBEAT,0,0,0,0,0,0,0x1800FFC0
1777179779.180,350333,6,3,COMMS,255,BROADCAST,0,HEARTBEAT,48,HEARTBEAT,0,0,0,0,0,0,0x1800FFC0
1777179780.237,351431,6,3,COMMS,255,BROADCAST,0,HEARTBEAT,48,HEARTBEAT,0,0,0,0,0,0,0x1800FFC0
1777179781.336,352529,6,3,COMMS,255,BROADCAST,0,HEARTBEAT,48,HEARTBEAT,0,0,0,0,0,0,0x1800FFC0
1777179782.456,353627,6,3,COMMS,255,BROADCAST,0,HEARTBEAT,48,HEARTBEAT,0,0,0,0,0,0,0x1800FFC0
1777179783.526,354725,6,3,COMMS,255,BROADCAST,0,HEARTBEAT,48,HEARTBEAT,0,0,0,0,0,0,0x1800FFC0
1777179784.619,355812,6,3,COMMS,255,BROADCAST,0,HEARTBEAT,48,HEARTBEAT,0,0,0,0,0,0,0x1800FFC0
1777179785.628,356821,6,3,COMMS,255,BROADCAST,0,HEARTBEAT,48,HEARTBEAT,0,0,0,0,0,0,0x1800FFC0
1777179786.758,357918,6,3,COMMS,255,BROADCAST,0,HEARTBEAT,48,HEARTBEAT,0,0,0,0,0,0,0x1800FFC0
1777179787.735,358929,6,3,COMMS,255,BROADCAST,0,HEARTBEAT,48,HEARTBEAT,0,0,0,0,0,0,0x1800FFC0
1777179788.826,360011,6,3,COMMS,255,BROADCAST,0,HEARTBEAT,48,HEARTBEAT,0,0,0,0,0,0,0x1800FFC0
1777179789.926,361110,6,3,COMMS,255,BROADCAST,0,HEARTBEAT,48,HEARTBEAT,0,0,0,0,0,0,0x1800FFC0
1777179791.059,362208,6,3,COMMS,255,BROADCAST,0,HEARTBEAT,48,HEARTBEAT,0,0,0,0,0,0,0x1800FFC0
1777179792.111,363305,6,3,COMMS,255,BROADCAST,0,HEARTBEAT,48,HEARTBEAT,0,0,0,0,0,0,0x1800FFC0
1777179793.195,364358,6,3,COMMS,255,BROADCAST,0,HEARTBEAT,48,HEARTBEAT,0,0,0,0,0,0,0x1800FFC0
1777179794.231,365401,6,3,COMMS,255,BROADCAST,0,HEARTBEAT,48,HEARTBEAT,0,0,0,0,0,0,0x1800FFC0
1777179795.250,366440,6,3,COMMS,255,BROADCAST,0,HEARTBEAT,48,HEARTBEAT,0,0,0,0,0,0,0x1800FFC0
1777179796.280,367474,6,3,COMMS,255,BROADCAST,0,HEARTBEAT,48,HEARTBEAT,0,0,0,0,0,0,0x1800FFC0
1777179797.307,368495,6,3,COMMS,255,BROADCAST,0,HEARTBEAT,48,HEARTBEAT,0,0,0,0,0,0,0x1800FFC0
1777179798.348,369542,6,3,COMMS,255,BROADCAST,0,HEARTBEAT,48,HEARTBEAT,0,0,0,0,0,0,0x1800FFC0
1777179799.367,370559,6,3,COMMS,255,BROADCAST,0,HEARTBEAT,48,HEARTBEAT,0,0,0,0,0,0,0x1800FFC0
1777179800.394,371599,6,3,COMMS,255,BROADCAST,0,HEARTBEAT,48,HEARTBEAT,0,0,0,0,0,0,0x1800FFC0
1777179801.495,372694,6,3,COMMS,255,BROADCAST,0,HEARTBEAT,48,HEARTBEAT,0,0,0,0,0,0,0x1800FFC0
1777179802.624,373788,6,3,COMMS,255,BROADCAST,0,HEARTBEAT,48,HEARTBEAT,0,0,0,0,0,0,0x1800FFC0
1777179803.640,374804,6,3,COMMS,255,BROADCAST,0,HEARTBEAT,48,HEARTBEAT,0,0,0,0,0,0,0x1800FFC0
1777179804.675,375853,6,3,COMMS,255,BROADCAST,0,HEARTBEAT,48,HEARTBEAT,0,0,0,0,0,0,0x1800FFC0
1777179805.687,376887,6,3,COMMS,255,BROADCAST,0,HEARTBEAT,48,HEARTBEAT,0,0,0,0,0,0,0x1800FFC0
1777179806.719,377921,6,3,COMMS,255,BROADCAST,0,HEARTBEAT,48,HEARTBEAT,0,0,0,0,0,0,0x1800FFC0
1777179807.765,378960,6,3,COMMS,255,BROADCAST,0,HEARTBEAT,48,HEARTBEAT,0,0,0,0,0,0,0x1800FFC0
1777179808.877,380055,6,3,COMMS,255,BROADCAST,0,HEARTBEAT,48,HEARTBEAT,0,0,0,0,0,0,0x1800FFC0
1777179809.941,381149,6,3,COMMS,255,BROADCAST,0,HEARTBEAT,48,HEARTBEAT,0,0,0,0,0,0,0x1800FFC0
1777179811.036,382243,6,3,COMMS,255,BROADCAST,0,HEARTBEAT,48,HEARTBEAT,0,0,0,0,0,0,0x1800FFC0
1777179812.152,383338,6,3,COMMS,255,BROADCAST,0,HEARTBEAT,48,HEARTBEAT,0,0,0,0,0,0,0x1800FFC0
1777179813.279,384432,6,3,COMMS,255,BROADCAST,0,HEARTBEAT,48,HEARTBEAT,0,0,0,0,0,0,0x1800FFC0
1777179814.242,385436,6,3,COMMS,255,BROADCAST,0,HEARTBEAT,48,HEARTBEAT,0,0,0,0,0,0,0x1800FFC0
1777179815.326,386501,6,3,COMMS,255,BROADCAST,0,HEARTBEAT,48,HEARTBEAT,0,0,0,0,0,0,0x1800FFC0
1777179816.407,387599,6,3,COMMS,255,BROADCAST,0,HEARTBEAT,48,HEARTBEAT,0,0,0,0,0,0,0x1800FFC0
1777179817.413,388610,6,3,COMMS,255,BROADCAST,0,HEARTBEAT,48,HEARTBEAT,0,0,0,0,0,0,0x1800FFC0
1777179818.508,389704,6,3,COMMS,255,BROADCAST,0,HEARTBEAT,48,HEARTBEAT,0,0,0,0,0,0,0x1800FFC0
1777179819.628,390799,6,3,COMMS,255,BROADCAST,0,HEARTBEAT,48,HEARTBEAT,0,0,0,0,0,0,0x1800FFC0
1777179820.700,391893,6,3,COMMS,255,BROADCAST,0,HEARTBEAT,48,HEARTBEAT,0,0,0,0,0,0,0x1800FFC0
1777179821.794,392988,6,3,COMMS,255,BROADCAST,0,HEARTBEAT,48,HEARTBEAT,0,0,0,0,0,0,0x1800FFC0
1777179822.903,394082,6,3,COMMS,255,BROADCAST,0,HEARTBEAT,48,HEARTBEAT,0,0,0,0,0,0,0x1800FFC0
1777179823.982,395176,6,3,COMMS,255,BROADCAST,0,HEARTBEAT,48,HEARTBEAT,0,0,0,0,0,0,0x1800FFC0
1777179825.057,396231,6,3,COMMS,255,BROADCAST,0,HEARTBEAT,48,HEARTBEAT,0,0,0,0,0,0,0x1800FFC0
1777179826.080,397265,6,3,COMMS,255,BROADCAST,0,HEARTBEAT,48,HEARTBEAT,0,0,0,0,0,0,0x1800FFC0
1777179827.104,398279,6,3,COMMS,255,BROADCAST,0,HEARTBEAT,48,HEARTBEAT,0,0,0,0,0,0,0x1800FFC0
1777179828.139,399333,6,3,COMMS,255,BROADCAST,0,HEARTBEAT,48,HEARTBEAT,0,0,0,0,0,0,0x1800FFC0
1777179829.174,400367,6,3,COMMS,255,BROADCAST,0,HEARTBEAT,48,HEARTBEAT,0,0,0,0,0,0,0x1800FFC0
1777179830.188,401381,6,3,COMMS,255,BROADCAST,0,HEARTBEAT,48,HEARTBEAT,0,0,0,0,0,0,0x1800FFC0
1777179831.241,402434,6,3,COMMS,255,BROADCAST,0,HEARTBEAT,48,HEARTBEAT,0,0,0,0,0,0,0x1800FFC0
1777179832.272,403465,6,3,COMMS,255,BROADCAST,0,HEARTBEAT,48,HEARTBEAT,0,0,0,0,0,0,0x1800FFC0
1777179833.349,404502,6,3,COMMS,255,BROADCAST,0,HEARTBEAT,48,HEARTBEAT,0,0,0,0,0,0,0x1800FFC0
1777179834.360,405536,6,3,COMMS,255,BROADCAST,0,HEARTBEAT,48,HEARTBEAT,0,0,0,0,0,0,0x1800FFC0
1777179835.397,406559,6,3,COMMS,255,BROADCAST,0,HEARTBEAT,48,HEARTBEAT,0,0,0,0,0,0,0x1800FFC0
1777179836.411,407603,6,3,COMMS,255,BROADCAST,0,HEARTBEAT,48,HEARTBEAT,0,0,0,0,0,0,0x1800FFC0
1777179837.446,408637,6,3,COMMS,255,BROADCAST,0,HEARTBEAT,48,HEARTBEAT,0,0,0,0,0,0,0x1800FFC0
1777179838.478,409653,6,3,COMMS,255,BROADCAST,0,HEARTBEAT,48,HEARTBEAT,0,0,0,0,0,0,0x1800FFC0
1777179839.511,410705,6,3,COMMS,255,BROADCAST,0,HEARTBEAT,48,HEARTBEAT,0,0,0,0,0,0,0x1800FFC0
1777179840.545,411739,6,3,COMMS,255,BROADCAST,0,HEARTBEAT,48,HEARTBEAT,0,0,0,0,0,0,0x1800FFC0
1777179841.579,412773,6,3,COMMS,255,BROADCAST,0,HEARTBEAT,48,HEARTBEAT,0,0,0,0,0,0,0x1800FFC0
1777179842.586,413781,6,3,COMMS,255,BROADCAST,0,HEARTBEAT,48,HEARTBEAT,0,0,0,0,0,0,0x1800FFC0
1777179843.647,414840,6,3,COMMS,255,BROADCAST,0,HEARTBEAT,48,HEARTBEAT,0,0,0,0,0,0,0x1800FFC0
1777179844.645,415841,6,3,COMMS,255,BROADCAST,0,HEARTBEAT,48,HEARTBEAT,0,0,0,0,0,0,0x1800FFC0
1777179845.741,416908,6,3,COMMS,255,BROADCAST,0,HEARTBEAT,48,HEARTBEAT,0,0,0,0,0,0,0x1800FFC0
1777179846.754,417936,6,3,COMMS,255,BROADCAST,0,HEARTBEAT,48,HEARTBEAT,0,0,0,0,0,0,0x1800FFC0
1777179847.788,418976,6,3,COMMS,255,BROADCAST,0,HEARTBEAT,48,HEARTBEAT,0,0,0,0,0,0,0x1800FFC0
1777179848.817,420009,6,3,COMMS,255,BROADCAST,0,HEARTBEAT,48,HEARTBEAT,0,0,0,0,0,0,0x1800FFC0
1777179849.823,421030,6,3,COMMS,255,BROADCAST,0,HEARTBEAT,48,HEARTBEAT,0,0,0,0,0,0,0x1800FFC0
1777179850.883,422077,6,3,COMMS,255,BROADCAST,0,HEARTBEAT,48,HEARTBEAT,0,0,0,0,0,0,0x1800FFC0
1777179851.925,423111,6,3,COMMS,255,BROADCAST,0,HEARTBEAT,48,HEARTBEAT,0,0,0,0,0,0,0x1800FFC0
1777179852.926,424130,6,3,COMMS,255,BROADCAST,0,HEARTBEAT,48,HEARTBEAT,0,0,0,0,0,0,0x1800FFC0
1777179853.985,425178,6,3,COMMS,255,BROADCAST,0,HEARTBEAT,48,HEARTBEAT,0,0,0,0,0,0,0x1800FFC0
1777179855.149,426212,6,3,COMMS,255,BROADCAST,0,HEARTBEAT,48,HEARTBEAT,0,0,0,0,0,0,0x1800FFC0
1777179856.013,427214,6,3,COMMS,255,BROADCAST,0,HEARTBEAT,48,HEARTBEAT,0,0,0,0,0,0,0x1800FFC0
1777179857.106,428280,6,3,COMMS,255,BROADCAST,0,HEARTBEAT,48,HEARTBEAT,0,0,0,0,0,0,0x1800FFC0
1777179858.152,429289,6,3,COMMS,255,BROADCAST,0,HEARTBEAT,48,HEARTBEAT,0,0,0,0,0,0,0x1800FFC0
1777179859.154,430347,6,3,COMMS,255,BROADCAST,0,HEARTBEAT,48,HEARTBEAT,0,0,0,0,0,0,0x1800FFC0
1777179860.188,431381,6,3,COMMS,255,BROADCAST,0,HEARTBEAT,48,HEARTBEAT,0,0,0,0,0,0,0x1800FFC0
1777179861.223,432386,6,3,COMMS,255,BROADCAST,0,HEARTBEAT,48,HEARTBEAT,0,0,0,0,0,0,0x1800FFC0
1777179862.239,433401,6,3,COMMS,255,BROADCAST,0,HEARTBEAT,48,HEARTBEAT,0,0,0,0,0,0,0x1800FFC0
1777179863.281,434474,6,3,COMMS,255,BROADCAST,0,HEARTBEAT,48,HEARTBEAT,0,0,0,0,0,0,0x1800FFC0
1777179864.380,435497,6,3,COMMS,255,BROADCAST,0,HEARTBEAT,48,HEARTBEAT,0,0,0,0,0,0,0x1800FFC0
1777179865.357,436550,6,3,COMMS,255,BROADCAST,0,HEARTBEAT,48,HEARTBEAT,0,0,0,0,0,0,0x1800FFC0
1777179866.424,437584,6,3,COMMS,255,BROADCAST,0,HEARTBEAT,48,HEARTBEAT,0,0,0,0,0,0,0x1800FFC0
1777179867.394,438590,6,3,COMMS,255,BROADCAST,0,HEARTBEAT,48,HEARTBEAT,0,0,0,0,0,0,0x1800FFC0
1777179868.461,439651,6,3,COMMS,255,BROADCAST,0,HEARTBEAT,48,HEARTBEAT,0,0,0,0,0,0,0x1800FFC0
1777179869.496,440685,6,3,COMMS,255,BROADCAST,0,HEARTBEAT,48,HEARTBEAT,0,0,0,0,0,0,0x1800FFC0
1777179870.526,441719,6,3,COMMS,255,BROADCAST,0,HEARTBEAT,48,HEARTBEAT,0,0,0,0,0,0,0x1800FFC0
1777179871.563,442753,6,3,COMMS,255,BROADCAST,0,HEARTBEAT,48,HEARTBEAT,0,0,0,0,0,0,0x1800FFC0
1777179872.575,443778,6,3,COMMS,255,BROADCAST,0,HEARTBEAT,48,HEARTBEAT,0,0,0,0,0,0,0x1800FFC0
1777179873.627,444820,6,3,COMMS,255,BROADCAST,0,HEARTBEAT,48,HEARTBEAT,0,0,0,0,0,0,0x1800FFC0
1777179874.661,445854,6,3,COMMS,255,BROADCAST,0,HEARTBEAT,48,HEARTBEAT,0,0,0,0,0,0,0x1800FFC0
1777179875.695,446888,6,3,COMMS,255,BROADCAST,0,HEARTBEAT,48,HEARTBEAT,0,0,0,0,0,0,0x1800FFC0
1777179876.714,447908,6,3,COMMS,255,BROADCAST,0,HEARTBEAT,48,HEARTBEAT,0,0,0,0,0,0,0x1800FFC0
1777179877.777,448956,6,3,COMMS,255,BROADCAST,0,HEARTBEAT,48,HEARTBEAT,0,0,0,0,0,0,0x1800FFC0
1777179878.810,449990,6,3,COMMS,255,BROADCAST,0,HEARTBEAT,48,HEARTBEAT,0,0,0,0,0,0,0x1800FFC0
1777179879.840,450991,6,3,COMMS,255,BROADCAST,0,HEARTBEAT,48,HEARTBEAT,0,0,0,0,0,0,0x1800FFC0
1777179880.864,452057,6,3,COMMS,255,BROADCAST,0,HEARTBEAT,48,HEARTBEAT,0,0,0,0,0,0,0x1800FFC0
1777179881.886,453058,6,3,COMMS,255,BROADCAST,0,HEARTBEAT,48,HEARTBEAT,0,0,0,0,0,0,0x1800FFC0
1777179882.932,454125,6,3,COMMS,255,BROADCAST,0,HEARTBEAT,48,HEARTBEAT,0,0,0,0,0,0,0x1800FFC0
1777179883.952,455155,6,3,COMMS,255,BROADCAST,0,HEARTBEAT,48,HEARTBEAT,0,0,0,0,0,0,0x1800FFC0
1777179885.010,456193,6,3,COMMS,255,BROADCAST,0,HEARTBEAT,48,HEARTBEAT,0,0,0,0,0,0,0x1800FFC0
1777179886.035,457227,6,3,COMMS,255,BROADCAST,0,HEARTBEAT,48,HEARTBEAT,0,0,0,0,0,0,0x1800FFC0
1777179887.067,458260,6,3,COMMS,255,BROADCAST,0,HEARTBEAT,48,HEARTBEAT,0,0,0,0,0,0,0x1800FFC0
1777179888.132,459287,6,3,COMMS,255,BROADCAST,0,HEARTBEAT,48,HEARTBEAT,0,0,0,0,0,0,0x1800FFC0
1777179889.159,460328,6,3,COMMS,255,BROADCAST,0,HEARTBEAT,48,HEARTBEAT,0,0,0,0,0,0,0x1800FFC0
1777179890.187,461341,6,3,COMMS,255,BROADCAST,0,HEARTBEAT,48,HEARTBEAT,0,0,0,0,0,0,0x1800FFC0
1777179891.207,462396,6,3,COMMS,255,BROADCAST,0,HEARTBEAT,48,HEARTBEAT,0,0,0,0,0,0,0x1800FFC0
1777179892.238,463430,6,3,COMMS,255,BROADCAST,0,HEARTBEAT,48,HEARTBEAT,0,0,0,0,0,0,0x1800FFC0
1777179893.256,464434,6,3,COMMS,255,BROADCAST,0,HEARTBEAT,48,HEARTBEAT,0,0,0,0,0,0,0x1800FFC0
1777179894.305,465497,6,3,COMMS,255,BROADCAST,0,HEARTBEAT,48,HEARTBEAT,0,0,0,0,0,0,0x1800FFC0
1777179895.338,466530,6,3,COMMS,255,BROADCAST,0,HEARTBEAT,48,HEARTBEAT,0,0,0,0,0,0,0x1800FFC0
1777179896.373,467565,6,3,COMMS,255,BROADCAST,0,HEARTBEAT,48,HEARTBEAT,0,0,0,0,0,0,0x1800FFC0
1777179897.398,468599,6,3,COMMS,255,BROADCAST,0,HEARTBEAT,48,HEARTBEAT,0,0,0,0,0,0,0x1800FFC0
1777179898.477,469633,6,3,COMMS,255,BROADCAST,0,HEARTBEAT,48,HEARTBEAT,0,0,0,0,0,0,0x1800FFC0
1777179899.502,470667,6,3,COMMS,255,BROADCAST,0,HEARTBEAT,48,HEARTBEAT,0,0,0,0,0,0,0x1800FFC0
1777179900.526,471685,6,3,COMMS,255,BROADCAST,0,HEARTBEAT,48,HEARTBEAT,0,0,0,0,0,0,0x1800FFC0
1777179901.550,472717,6,3,COMMS,255,BROADCAST,0,HEARTBEAT,48,HEARTBEAT,0,0,0,0,0,0,0x1800FFC0
1777179902.575,473768,6,3,COMMS,255,BROADCAST,0,HEARTBEAT,48,HEARTBEAT,0,0,0,0,0,0,0x1800FFC0
1777179903.609,474802,6,3,COMMS,255,BROADCAST,0,HEARTBEAT,48,HEARTBEAT,0,0,0,0,0,0,0x1800FFC0
1777179904.618,475811,6,3,COMMS,255,BROADCAST,0,HEARTBEAT,48,HEARTBEAT,0,0,0,0,0,0,0x1800FFC0
1777179905.676,476869,6,3,COMMS,255,BROADCAST,0,HEARTBEAT,48,HEARTBEAT,0,0,0,0,0,0,0x1800FFC0
1777179906.711,477903,6,3,COMMS,255,BROADCAST,0,HEARTBEAT,48,HEARTBEAT,0,0,0,0,0,0,0x1800FFC0
1777179907.706,478905,6,3,COMMS,255,BROADCAST,0,HEARTBEAT,48,HEARTBEAT,0,0,0,0,0,0,0x1800FFC0
1777179908.749,479947,6,3,COMMS,255,BROADCAST,0,HEARTBEAT,48,HEARTBEAT,0,0,0,0,0,0,0x1800FFC0
1777179909.845,481004,6,3,COMMS,255,BROADCAST,0,HEARTBEAT,48,HEARTBEAT,0,0,0,0,0,0,0x1800FFC0
1777179910.867,482036,6,3,COMMS,255,BROADCAST,0,HEARTBEAT,48,HEARTBEAT,0,0,0,0,0,0,0x1800FFC0
1777179911.887,483072,6,3,COMMS,255,BROADCAST,0,HEARTBEAT,48,HEARTBEAT,0,0,0,0,0,0,0x1800FFC0
1777179912.920,484100,6,3,COMMS,255,BROADCAST,0,HEARTBEAT,48,HEARTBEAT,0,0,0,0,0,0,0x1800FFC0
1777179913.948,485139,6,3,COMMS,255,BROADCAST,0,HEARTBEAT,48,HEARTBEAT,0,0,0,0,0,0,0x1800FFC0
1777179914.985,486173,6,3,COMMS,255,BROADCAST,0,HEARTBEAT,48,HEARTBEAT,0,0,0,0,0,0,0x1800FFC0
1777179915.991,487188,6,3,COMMS,255,BROADCAST,0,HEARTBEAT,48,HEARTBEAT,0,0,0,0,0,0,0x1800FFC0
1777179917.012,488203,6,3,COMMS,255,BROADCAST,0,HEARTBEAT,48,HEARTBEAT,0,0,0,0,0,0,0x1800FFC0
1777179918.084,489275,6,3,COMMS,255,BROADCAST,0,HEARTBEAT,48,HEARTBEAT,0,0,0,0,0,0,0x1800FFC0
1777179919.089,490281,6,3,COMMS,255,BROADCAST,0,HEARTBEAT,48,HEARTBEAT,0,0,0,0,0,0,0x1800FFC0
1777179920.184,491342,6,3,COMMS,255,BROADCAST,0,HEARTBEAT,48,HEARTBEAT,0,0,0,0,0,0,0x1800FFC0
1777179921.208,492376,6,3,COMMS,255,BROADCAST,0,HEARTBEAT,48,HEARTBEAT,0,0,0,0,0,0,0x1800FFC0
1777179922.230,493410,6,3,COMMS,255,BROADCAST,0,HEARTBEAT,48,HEARTBEAT,0,0,0,0,0,0,0x1800FFC0
1777179923.261,494443,6,3,COMMS,255,BROADCAST,0,HEARTBEAT,48,HEARTBEAT,0,0,0,0,0,0,0x1800FFC0
1777179924.281,495471,6,3,COMMS,255,BROADCAST,0,HEARTBEAT,48,HEARTBEAT,0,0,0,0,0,0,0x1800FFC0
1777179925.319,496511,6,3,COMMS,255,BROADCAST,0,HEARTBEAT,48,HEARTBEAT,0,0,0,0,0,0,0x1800FFC0
1777179926.353,497545,6,3,COMMS,255,BROADCAST,0,HEARTBEAT,48,HEARTBEAT,0,0,0,0,0,0,0x1800FFC0
1777179927.361,498554,6,3,COMMS,255,BROADCAST,0,HEARTBEAT,48,HEARTBEAT,0,0,0,0,0,0,0x1800FFC0
1777179928.476,499648,6,3,COMMS,255,BROADCAST,0,HEARTBEAT,48,HEARTBEAT,0,0,0,0,0,0,0x1800FFC0
1777179929.457,500648,6,3,COMMS,255,BROADCAST,0,HEARTBEAT,48,HEARTBEAT,0,0,0,0,0,0,0x1800FFC0
1777179930.453,501648,6,3,COMMS,255,BROADCAST,0,HEARTBEAT,48,HEARTBEAT,0,0,0,0,0,0,0x1800FFC0
1777179931.455,502648,6,3,COMMS,255,BROADCAST,0,HEARTBEAT,48,HEARTBEAT,0,0,0,0,0,0,0x1800FFC0
1777179932.461,503648,6,3,COMMS,255,BROADCAST,0,HEARTBEAT,48,HEARTBEAT,0,0,0,0,0,0,0x1800FFC0
1777179933.457,504648,6,3,COMMS,255,BROADCAST,0,HEARTBEAT,48,HEARTBEAT,0,0,0,0,0,0,0x1800FFC0
1777179934.456,505648,6,3,COMMS,255,BROADCAST,0,HEARTBEAT,48,HEARTBEAT,0,0,0,0,0,0,0x1800FFC0
1777179935.455,506649,6,3,COMMS,255,BROADCAST,0,HEARTBEAT,48,HEARTBEAT,0,0,0,0,0,0,0x1800FFC0
1777179936.470,507649,6,3,COMMS,255,BROADCAST,0,HEARTBEAT,48,HEARTBEAT,0,0,0,0,0,0,0x1800FFC0
1777179937.488,508649,6,3,COMMS,255,BROADCAST,0,HEARTBEAT,48,HEARTBEAT,0,0,0,0,0,0,0x1800FFC0
1777179938.507,509669,6,3,COMMS,255,BROADCAST,0,HEARTBEAT,48,HEARTBEAT,0,0,0,0,0,0,0x1800FFC0
1777179939.497,510690,6,3,COMMS,255,BROADCAST,0,HEARTBEAT,48,HEARTBEAT,0,0,0,0,0,0,0x1800FFC0
1777179940.514,511711,6,3,COMMS,255,BROADCAST,0,HEARTBEAT,48,HEARTBEAT,0,0,0,0,0,0,0x1800FFC0
1777179941.540,512732,6,3,COMMS,255,BROADCAST,0,HEARTBEAT,48,HEARTBEAT,0,0,0,0,0,0,0x1800FFC0
1777179942.561,513753,6,3,COMMS,255,BROADCAST,0,HEARTBEAT,48,HEARTBEAT,0,0,0,0,0,0,0x1800FFC0
1777179943.582,514774,6,3,COMMS,255,BROADCAST,0,HEARTBEAT,48,HEARTBEAT,0,0,0,0,0,0,0x1800FFC0
1777179944.603,515795,6,3,COMMS,255,BROADCAST,0,HEARTBEAT,48,HEARTBEAT,0,0,0,0,0,0,0x1800FFC0
1777179945.623,516816,6,3,COMMS,255,BROADCAST,0,HEARTBEAT,48,HEARTBEAT,0,0,0,0,0,0,0x1800FFC0
1777179946.644,517837,6,3,COMMS,255,BROADCAST,0,HEARTBEAT,48,HEARTBEAT,0,0,0,0,0,0,0x1800FFC0
1777179947.666,518858,6,3,COMMS,255,BROADCAST,0,HEARTBEAT,48,HEARTBEAT,0,0,0,0,0,0,0x1800FFC0
1777179948.687,519879,6,3,COMMS,255,BROADCAST,0,HEARTBEAT,48,HEARTBEAT,0,0,0,0,0,0,0x1800FFC0
1777179949.707,520900,6,3,COMMS,255,BROADCAST,0,HEARTBEAT,48,HEARTBEAT,0,0,0,0,0,0,0x1800FFC0
1777179950.729,521921,6,3,COMMS,255,BROADCAST,0,HEARTBEAT,48,HEARTBEAT,0,0,0,0,0,0,0x1800FFC0
1777179951.749,522942,6,3,COMMS,255,BROADCAST,0,HEARTBEAT,48,HEARTBEAT,0,0,0,0,0,0,0x1800FFC0
1777179952.770,523963,6,3,COMMS,255,BROADCAST,0,HEARTBEAT,48,HEARTBEAT,0,0,0,0,0,0,0x1800FFC0
1777179953.791,524984,6,3,COMMS,255,BROADCAST,0,HEARTBEAT,48,HEARTBEAT,0,0,0,0,0,0,0x1800FFC0
1777179954.813,526005,6,3,COMMS,255,BROADCAST,0,HEARTBEAT,48,HEARTBEAT,0,0,0,0,0,0,0x1800FFC0
1777179955.834,527026,6,3,COMMS,255,BROADCAST,0,HEARTBEAT,48,HEARTBEAT,0,0,0,0,0,0,0x1800FFC0
1777179956.856,528047,6,3,COMMS,255,BROADCAST,0,HEARTBEAT,48,HEARTBEAT,0,0,0,0,0,0,0x1800FFC0
1777179957.876,529068,6,3,COMMS,255,BROADCAST,0,HEARTBEAT,48,HEARTBEAT,0,0,0,0,0,0,0x1800FFC0
1777179958.897,530089,6,3,COMMS,255,BROADCAST,0,HEARTBEAT,48,HEARTBEAT,0,0,0,0,0,0,0x1800FFC0
1777179959.920,531110,6,3,COMMS,255,BROADCAST,0,HEARTBEAT,48,HEARTBEAT,0,0,0,0,0,0,0x1800FFC0
1777179960.939,532131,6,3,COMMS,255,BROADCAST,0,HEARTBEAT,48,HEARTBEAT,0,0,0,0,0,0,0x1800FFC0
1777179961.968,533152,6,3,COMMS,255,BROADCAST,0,HEARTBEAT,48,HEARTBEAT,0,0,0,0,0,0,0x1800FFC0
1777179962.991,534173,6,3,COMMS,255,BROADCAST,0,HEARTBEAT,48,HEARTBEAT,0,0,0,0,0,0,0x1800FFC0
1777179964.016,535194,6,3,COMMS,255,BROADCAST,0,HEARTBEAT,48,HEARTBEAT,0,0,0,0,0,0,0x1800FFC0
1777179965.043,536215,6,3,COMMS,255,BROADCAST,0,HEARTBEAT,48,HEARTBEAT,0,0,0,0,0,0,0x1800FFC0
1777179966.057,537236,6,3,COMMS,255,BROADCAST,0,HEARTBEAT,48,HEARTBEAT,0,0,0,0,0,0,0x1800FFC0
1777179967.078,538257,6,3,COMMS,255,BROADCAST,0,HEARTBEAT,48,HEARTBEAT,0,0,0,0,0,0,0x1800FFC0
1777179968.119,539278,6,3,COMMS,255,BROADCAST,0,HEARTBEAT,48,HEARTBEAT,0,0,0,0,0,0,0x1800FFC0
1777179969.128,540299,6,3,COMMS,255,BROADCAST,0,HEARTBEAT,48,HEARTBEAT,0,0,0,0,0,0,0x1800FFC0
1777179970.158,541320,6,3,COMMS,255,BROADCAST,0,HEARTBEAT,48,HEARTBEAT,0,0,0,0,0,0,0x1800FFC0
1777179971.182,542341,6,3,COMMS,255,BROADCAST,0,HEARTBEAT,48,HEARTBEAT,0,0,0,0,0,0,0x1800FFC0
1777179972.202,543362,6,3,COMMS,255,BROADCAST,0,HEARTBEAT,48,HEARTBEAT,0,0,0,0,0,0,0x1800FFC0
1777179973.232,544383,6,3,COMMS,255,BROADCAST,0,HEARTBEAT,48,HEARTBEAT,0,0,0,0,0,0,0x1800FFC0
1777179974.256,545404,6,3,COMMS,255,BROADCAST,0,HEARTBEAT,48,HEARTBEAT,0,0,0,0,0,0,0x1800FFC0
1777179975.233,546425,6,3,COMMS,255,BROADCAST,0,HEARTBEAT,48,HEARTBEAT,0,0,0,0,0,0,0x1800FFC0
1777179976.254,547446,6,3,COMMS,255,BROADCAST,0,HEARTBEAT,48,HEARTBEAT,0,0,0,0,0,0,0x1800FFC0
1777179977.274,548467,6,3,COMMS,255,BROADCAST,0,HEARTBEAT,48,HEARTBEAT,0,0,0,0,0,0,0x1800FFC0
1777179978.297,549488,6,3,COMMS,255,BROADCAST,0,HEARTBEAT,48,HEARTBEAT,0,0,0,0,0,0,0x1800FFC0
1777179979.317,550509,6,3,COMMS,255,BROADCAST,0,HEARTBEAT,48,HEARTBEAT,0,0,0,0,0,0,0x1800FFC0
1777179980.338,551530,6,3,COMMS,255,BROADCAST,0,HEARTBEAT,48,HEARTBEAT,0,0,0,0,0,0,0x1800FFC0
1777179981.359,552551,6,3,COMMS,255,BROADCAST,0,HEARTBEAT,48,HEARTBEAT,0,0,0,0,0,0,0x1800FFC0
1777179982.380,553572,6,3,COMMS,255,BROADCAST,0,HEARTBEAT,48,HEARTBEAT,0,0,0,0,0,0,0x1800FFC0
1777179983.399,554593,6,3,COMMS,255,BROADCAST,0,HEARTBEAT,48,HEARTBEAT,0,0,0,0,0,0,0x1800FFC0
1777179984.422,555614,6,3,COMMS,255,BROADCAST,0,HEARTBEAT,48,HEARTBEAT,0,0,0,0,0,0,0x1800FFC0
1777179985.443,556635,6,3,COMMS,255,BROADCAST,0,HEARTBEAT,48,HEARTBEAT,0,0,0,0,0,0,0x1800FFC0
1777179986.464,557656,6,3,COMMS,255,BROADCAST,0,HEARTBEAT,48,HEARTBEAT,0,0,0,0,0,0,0x1800FFC0
1777179987.481,558677,6,3,COMMS,255,BROADCAST,0,HEARTBEAT,48,HEARTBEAT,0,0,0,0,0,0,0x1800FFC0
1777179988.506,559698,6,3,COMMS,255,BROADCAST,0,HEARTBEAT,48,HEARTBEAT,0,0,0,0,0,0,0x1800FFC0
1777179989.526,560719,6,3,COMMS,255,BROADCAST,0,HEARTBEAT,48,HEARTBEAT,0,0,0,0,0,0,0x1800FFC0
1777179990.548,561740,6,3,COMMS,255,BROADCAST,0,HEARTBEAT,48,HEARTBEAT,0,0,0,0,0,0,0x1800FFC0
1777179991.569,562761,6,3,COMMS,255,BROADCAST,0,HEARTBEAT,48,HEARTBEAT,0,0,0,0,0,0,0x1800FFC0
1777179992.590,563782,6,3,COMMS,255,BROADCAST,0,HEARTBEAT,48,HEARTBEAT,0,0,0,0,0,0,0x1800FFC0
1777179993.611,564803,6,3,COMMS,255,BROADCAST,0,HEARTBEAT,48,HEARTBEAT,0,0,0,0,0,0,0x1800FFC0
1777179994.632,565824,6,3,COMMS,255,BROADCAST,0,HEARTBEAT,48,HEARTBEAT,0,0,0,0,0,0,0x1800FFC0
1777179995.653,566845,6,3,COMMS,255,BROADCAST,0,HEARTBEAT,48,HEARTBEAT,0,0,0,0,0,0,0x1800FFC0
1777179996.678,567866,6,3,COMMS,255,BROADCAST,0,HEARTBEAT,48,HEARTBEAT,0,0,0,0,0,0,0x1800FFC0
1777179997.697,568887,6,3,COMMS,255,BROADCAST,0,HEARTBEAT,48,HEARTBEAT,0,0,0,0,0,0,0x1800FFC0
1777179998.728,569908,6,3,COMMS,255,BROADCAST,0,HEARTBEAT,48,HEARTBEAT,0,0,0,0,0,0,0x1800FFC0
1777179999.755,570929,6,3,COMMS,255,BROADCAST,0,HEARTBEAT,48,HEARTBEAT,0,0,0,0,0,0,0x1800FFC0
1777180000.773,571950,6,3,COMMS,255,BROADCAST,0,HEARTBEAT,48,HEARTBEAT,0,0,0,0,0,0,0x1800FFC0
1777180001.803,572971,6,3,COMMS,255,BROADCAST,0,HEARTBEAT,48,HEARTBEAT,0,0,0,0,0,0,0x1800FFC0
1777180002.820,573992,6,3,COMMS,255,BROADCAST,0,HEARTBEAT,48,HEARTBEAT,0,0,0,0,0,0,0x1800FFC0
1777180003.842,575013,6,3,COMMS,255,BROADCAST,0,HEARTBEAT,48,HEARTBEAT,0,0,0,0,0,0,0x1800FFC0
1777180004.870,576034,6,3,COMMS,255,BROADCAST,0,HEARTBEAT,48,HEARTBEAT,0,0,0,0,0,0,0x1800FFC0
1777180005.900,577055,6,3,COMMS,255,BROADCAST,0,HEARTBEAT,48,HEARTBEAT,0,0,0,0,0,0,0x1800FFC0
1777180006.923,578076,6,3,COMMS,255,BROADCAST,0,HEARTBEAT,48,HEARTBEAT,0,0,0,0,0,0,0x1800FFC0
1777180007.938,579097,6,3,COMMS,255,BROADCAST,0,HEARTBEAT,48,HEARTBEAT,0,0,0,0,0,0,0x1800FFC0
1777180008.926,580118,6,3,COMMS,255,BROADCAST,0,HEARTBEAT,48,HEARTBEAT,0,0,0,0,0,0,0x1800FFC0
1777180009.947,581139,6,3,COMMS,255,BROADCAST,0,HEARTBEAT,48,HEARTBEAT,0,0,0,0,0,0,0x1800FFC0
1777180010.969,582160,6,3,COMMS,255,BROADCAST,0,HEARTBEAT,48,HEARTBEAT,0,0,0,0,0,0,0x1800FFC0
1777180012.001,583181,6,3,COMMS,255,BROADCAST,0,HEARTBEAT,48,HEARTBEAT,0,0,0,0,0,0,0x1800FFC0
1777180013.011,584202,6,3,COMMS,255,BROADCAST,0,HEARTBEAT,48,HEARTBEAT,0,0,0,0,0,0,0x1800FFC0
1777180014.032,585223,6,3,COMMS,255,BROADCAST,0,HEARTBEAT,48,HEARTBEAT,0,0,0,0,0,0,0x1800FFC0
1777180015.052,586244,6,3,COMMS,255,BROADCAST,0,HEARTBEAT,48,HEARTBEAT,0,0,0,0,0,0,0x1800FFC0
1777180016.073,587265,6,3,COMMS,255,BROADCAST,0,HEARTBEAT,48,HEARTBEAT,0,0,0,0,0,0,0x1800FFC0
1777180017.097,588286,6,3,COMMS,255,BROADCAST,0,HEARTBEAT,48,HEARTBEAT,0,0,0,0,0,0,0x1800FFC0
1777180018.114,589307,6,3,COMMS,255,BROADCAST,0,HEARTBEAT,48,HEARTBEAT,0,0,0,0,0,0,0x1800FFC0
1777180019.136,590328,6,3,COMMS,255,BROADCAST,0,HEARTBEAT,48,HEARTBEAT,0,0,0,0,0,0,0x1800FFC0
1777180020.158,591349,6,3,COMMS,255,BROADCAST,0,HEARTBEAT,48,HEARTBEAT,0,0,0,0,0,0,0x1800FFC0
1777180021.178,592370,6,3,COMMS,255,BROADCAST,0,HEARTBEAT,48,HEARTBEAT,0,0,0,0,0,0,0x1800FFC0
1777180022.199,593391,6,3,COMMS,255,BROADCAST,0,HEARTBEAT,48,HEARTBEAT,0,0,0,0,0,0,0x1800FFC0
1777180023.220,594412,6,3,COMMS,255,BROADCAST,0,HEARTBEAT,48,HEARTBEAT,0,0,0,0,0,0,0x1800FFC0
1777180024.249,595433,6,3,COMMS,255,BROADCAST,0,HEARTBEAT,48,HEARTBEAT,0,0,0,0,0,0,0x1800FFC0
1777180025.268,596454,6,3,COMMS,255,BROADCAST,0,HEARTBEAT,48,HEARTBEAT,0,0,0,0,0,0,0x1800FFC0
1777180026.283,597475,6,3,COMMS,255,BROADCAST,0,HEARTBEAT,48,HEARTBEAT,0,0,0,0,0,0,0x1800FFC0
1777180027.304,598496,6,3,COMMS,255,BROADCAST,0,HEARTBEAT,48,HEARTBEAT,0,0,0,0,0,0,0x1800FFC0
1777180028.325,599517,6,3,COMMS,255,BROADCAST,0,HEARTBEAT,48,HEARTBEAT,0,0,0,0,0,0,0x1800FFC0
1777180029.348,600538,6,3,COMMS,255,BROADCAST,0,HEARTBEAT,48,HEARTBEAT,0,0,0,0,0,0,0x1800FFC0
1777180030.371,601559,6,3,COMMS,255,BROADCAST,0,HEARTBEAT,48,HEARTBEAT,0,0,0,0,0,0,0x1800FFC0
1777180031.401,602580,6,3,COMMS,255,BROADCAST,0,HEARTBEAT,48,HEARTBEAT,0,0,0,0,0,0,0x1800FFC0
1777180032.417,603601,6,3,COMMS,255,BROADCAST,0,HEARTBEAT,48,HEARTBEAT,0,0,0,0,0,0,0x1800FFC0
1777180033.445,604622,6,3,COMMS,255,BROADCAST,0,HEARTBEAT,48,HEARTBEAT,0,0,0,0,0,0,0x1800FFC0
1777180034.462,605643,6,3,COMMS,255,BROADCAST,0,HEARTBEAT,48,HEARTBEAT,0,0,0,0,0,0,0x1800FFC0
1777180035.492,606664,6,3,COMMS,255,BROADCAST,0,HEARTBEAT,48,HEARTBEAT,0,0,0,0,0,0,0x1800FFC0
1777180036.511,607685,6,3,COMMS,255,BROADCAST,0,HEARTBEAT,48,HEARTBEAT,0,0,0,0,0,0,0x1800FFC0
1777180037.540,608706,6,3,COMMS,255,BROADCAST,0,HEARTBEAT,48,HEARTBEAT,0,0,0,0,0,0,0x1800FFC0
1777180038.566,609727,6,3,COMMS,255,BROADCAST,0,HEARTBEAT,48,HEARTBEAT,0,0,0,0,0,0,0x1800FFC0
1777180039.575,610748,6,3,COMMS,255,BROADCAST,0,HEARTBEAT,48,HEARTBEAT,0,0,0,0,0,0,0x1800FFC0
1777180040.613,611769,6,3,COMMS,255,BROADCAST,0,HEARTBEAT,48,HEARTBEAT,0,0,0,0,0,0,0x1800FFC0
1777180041.635,612790,6,3,COMMS,255,BROADCAST,0,HEARTBEAT,48,HEARTBEAT,0,0,0,0,0,0,0x1800FFC0
1777180042.664,613811,6,3,COMMS,255,BROADCAST,0,HEARTBEAT,48,HEARTBEAT,0,0,0,0,0,0,0x1800FFC0
1777180043.640,614832,6,3,COMMS,255,BROADCAST,0,HEARTBEAT,48,HEARTBEAT,0,0,0,0,0,0,0x1800FFC0
1777180044.661,615853,6,3,COMMS,255,BROADCAST,0,HEARTBEAT,48,HEARTBEAT,0,0,0,0,0,0,0x1800FFC0
1777180045.683,616874,6,3,COMMS,255,BROADCAST,0,HEARTBEAT,48,HEARTBEAT,0,0,0,0,0,0,0x1800FFC0
1777180046.703,617895,6,3,COMMS,255,BROADCAST,0,HEARTBEAT,48,HEARTBEAT,0,0,0,0,0,0,0x1800FFC0
1777180047.725,618916,6,3,COMMS,255,BROADCAST,0,HEARTBEAT,48,HEARTBEAT,0,0,0,0,0,0,0x1800FFC0
1777180048.745,619937,6,3,COMMS,255,BROADCAST,0,HEARTBEAT,48,HEARTBEAT,0,0,0,0,0,0,0x1800FFC0
1777180049.766,620958,6,3,COMMS,255,BROADCAST,0,HEARTBEAT,48,HEARTBEAT,0,0,0,0,0,0,0x1800FFC0
1777180050.787,621979,6,3,COMMS,255,BROADCAST,0,HEARTBEAT,48,HEARTBEAT,0,0,0,0,0,0,0x1800FFC0
1777180051.808,623000,6,3,COMMS,255,BROADCAST,0,HEARTBEAT,48,HEARTBEAT,0,0,0,0,0,0,0x1800FFC0
1777180052.829,624021,6,3,COMMS,255,BROADCAST,0,HEARTBEAT,48,HEARTBEAT,0,0,0,0,0,0,0x1800FFC0
1777180053.851,625042,6,3,COMMS,255,BROADCAST,0,HEARTBEAT,48,HEARTBEAT,0,0,0,0,0,0,0x1800FFC0
1777180054.873,626063,6,3,COMMS,255,BROADCAST,0,HEARTBEAT,48,HEARTBEAT,0,0,0,0,0,0,0x1800FFC0
1777180055.892,627084,6,3,COMMS,255,BROADCAST,0,HEARTBEAT,48,HEARTBEAT,0,0,0,0,0,0,0x1800FFC0
1777180056.915,628105,6,3,COMMS,255,BROADCAST,0,HEARTBEAT,48,HEARTBEAT,0,0,0,0,0,0,0x1800FFC0
1777180057.934,629126,6,3,COMMS,255,BROADCAST,0,HEARTBEAT,48,HEARTBEAT,0,0,0,0,0,0,0x1800FFC0
1777180058.956,630147,6,3,COMMS,255,BROADCAST,0,HEARTBEAT,48,HEARTBEAT,0,0,0,0,0,0,0x1800FFC0
1777180059.977,631168,6,3,COMMS,255,BROADCAST,0,HEARTBEAT,48,HEARTBEAT,0,0,0,0,0,0,0x1800FFC0
1777180060.997,632189,6,3,COMMS,255,BROADCAST,0,HEARTBEAT,48,HEARTBEAT,0,0,0,0,0,0,0x1800FFC0
1777180062.018,633210,6,3,COMMS,255,BROADCAST,0,HEARTBEAT,48,HEARTBEAT,0,0,0,0,0,0,0x1800FFC0
1777180063.047,634231,6,3,COMMS,255,BROADCAST,0,HEARTBEAT,48,HEARTBEAT,0,0,0,0,0,0,0x1800FFC0
1777180064.060,635252,6,3,COMMS,255,BROADCAST,0,HEARTBEAT,48,HEARTBEAT,0,0,0,0,0,0,0x1800FFC0
1777180065.087,636273,6,3,COMMS,255,BROADCAST,0,HEARTBEAT,48,HEARTBEAT,0,0,0,0,0,0,0x1800FFC0
1777180066.113,637294,6,3,COMMS,255,BROADCAST,0,HEARTBEAT,48,HEARTBEAT,0,0,0,0,0,0,0x1800FFC0
1777180067.131,638315,6,3,COMMS,255,BROADCAST,0,HEARTBEAT,48,HEARTBEAT,0,0,0,0,0,0,0x1800FFC0
1777180068.149,639336,6,3,COMMS,255,BROADCAST,0,HEARTBEAT,48,HEARTBEAT,0,0,0,0,0,0,0x1800FFC0
1777180069.175,640357,6,3,COMMS,255,BROADCAST,0,HEARTBEAT,48,HEARTBEAT,0,0,0,0,0,0,0x1800FFC0
1777180070.202,641378,6,3,COMMS,255,BROADCAST,0,HEARTBEAT,48,HEARTBEAT,0,0,0,0,0,0,0x1800FFC0
1777180071.228,642399,6,3,COMMS,255,BROADCAST,0,HEARTBEAT,48,HEARTBEAT,0,0,0,0,0,0,0x1800FFC0
1777180072.254,643420,6,3,COMMS,255,BROADCAST,0,HEARTBEAT,48,HEARTBEAT,0,0,0,0,0,0,0x1800FFC0
1777180073.277,644441,6,3,COMMS,255,BROADCAST,0,HEARTBEAT,48,HEARTBEAT,0,0,0,0,0,0,0x1800FFC0
1777180074.307,645462,6,3,COMMS,255,BROADCAST,0,HEARTBEAT,48,HEARTBEAT,0,0,0,0,0,0,0x1800FFC0
1777180075.327,646483,6,3,COMMS,255,BROADCAST,0,HEARTBEAT,48,HEARTBEAT,0,0,0,0,0,0,0x1800FFC0
1777180076.337,647504,6,3,COMMS,255,BROADCAST,0,HEARTBEAT,48,HEARTBEAT,0,0,0,0,0,0,0x1800FFC0
1777180077.375,648525,6,3,COMMS,255,BROADCAST,0,HEARTBEAT,48,HEARTBEAT,0,0,0,0,0,0,0x1800FFC0
1777180078.354,649546,6,3,COMMS,255,BROADCAST,0,HEARTBEAT,48,HEARTBEAT,0,0,0,0,0,0,0x1800FFC0
1777180079.382,650567,6,3,COMMS,255,BROADCAST,0,HEARTBEAT,48,HEARTBEAT,0,0,0,0,0,0,0x1800FFC0
1777180080.396,651588,6,3,COMMS,255,BROADCAST,0,HEARTBEAT,48,HEARTBEAT,0,0,0,0,0,0,0x1800FFC0
1777180081.417,652609,6,3,COMMS,255,BROADCAST,0,HEARTBEAT,48,HEARTBEAT,0,0,0,0,0,0,0x1800FFC0
1777180082.438,653630,6,3,COMMS,255,BROADCAST,0,HEARTBEAT,48,HEARTBEAT,0,0,0,0,0,0,0x1800FFC0
1777180083.459,654651,6,3,COMMS,255,BROADCAST,0,HEARTBEAT,48,HEARTBEAT,0,0,0,0,0,0,0x1800FFC0
1777180084.480,655672,6,3,COMMS,255,BROADCAST,0,HEARTBEAT,48,HEARTBEAT,0,0,0,0,0,0,0x1800FFC0
1777180085.501,656693,6,3,COMMS,255,BROADCAST,0,HEARTBEAT,48,HEARTBEAT,0,0,0,0,0,0,0x1800FFC0
1777180086.522,657714,6,3,COMMS,255,BROADCAST,0,HEARTBEAT,48,HEARTBEAT,0,0,0,0,0,0,0x1800FFC0
1777180087.544,658735,6,3,COMMS,255,BROADCAST,0,HEARTBEAT,48,HEARTBEAT,0,0,0,0,0,0,0x1800FFC0
1777180088.565,659756,6,3,COMMS,255,BROADCAST,0,HEARTBEAT,48,HEARTBEAT,0,0,0,0,0,0,0x1800FFC0
1777180089.586,660777,6,3,COMMS,255,BROADCAST,0,HEARTBEAT,48,HEARTBEAT,0,0,0,0,0,0,0x1800FFC0
1777180090.606,661798,6,3,COMMS,255,BROADCAST,0,HEARTBEAT,48,HEARTBEAT,0,0,0,0,0,0,0x1800FFC0
1777180091.632,662819,6,3,COMMS,255,BROADCAST,0,HEARTBEAT,48,HEARTBEAT,0,0,0,0,0,0,0x1800FFC0
1777180092.649,663840,6,3,COMMS,255,BROADCAST,0,HEARTBEAT,48,HEARTBEAT,0,0,0,0,0,0,0x1800FFC0
1777180093.670,664861,6,3,COMMS,255,BROADCAST,0,HEARTBEAT,48,HEARTBEAT,0,0,0,0,0,0,0x1800FFC0
1777180094.693,665882,6,3,COMMS,255,BROADCAST,0,HEARTBEAT,48,HEARTBEAT,0,0,0,0,0,0,0x1800FFC0
1777180095.711,666903,6,3,COMMS,255,BROADCAST,0,HEARTBEAT,48,HEARTBEAT,0,0,0,0,0,0,0x1800FFC0
1777180096.732,667924,6,3,COMMS,255,BROADCAST,0,HEARTBEAT,48,HEARTBEAT,0,0,0,0,0,0,0x1800FFC0
1777180097.753,668945,6,3,COMMS,255,BROADCAST,0,HEARTBEAT,48,HEARTBEAT,0,0,0,0,0,0,0x1800FFC0
1777180098.775,669966,6,3,COMMS,255,BROADCAST,0,HEARTBEAT,48,HEARTBEAT,0,0,0,0,0,0,0x1800FFC0
1777180099.803,670987,6,3,COMMS,255,BROADCAST,0,HEARTBEAT,48,HEARTBEAT,0,0,0,0,0,0,0x1800FFC0
1777180100.823,672008,6,3,COMMS,255,BROADCAST,0,HEARTBEAT,48,HEARTBEAT,0,0,0,0,0,0,0x1800FFC0
1777180101.849,673029,6,3,COMMS,255,BROADCAST,0,HEARTBEAT,48,HEARTBEAT,0,0,0,0,0,0,0x1800FFC0
1777180102.862,674050,6,3,COMMS,255,BROADCAST,0,HEARTBEAT,48,HEARTBEAT,0,0,0,0,0,0,0x1800FFC0
1777180103.897,675071,6,3,COMMS,255,BROADCAST,0,HEARTBEAT,48,HEARTBEAT,0,0,0,0,0,0,0x1800FFC0
1777180104.911,676092,6,3,COMMS,255,BROADCAST,0,HEARTBEAT,48,HEARTBEAT,0,0,0,0,0,0,0x1800FFC0
1777180105.941,677113,6,3,COMMS,255,BROADCAST,0,HEARTBEAT,48,HEARTBEAT,0,0,0,0,0,0,0x1800FFC0
1777180106.959,678134,6,3,COMMS,255,BROADCAST,0,HEARTBEAT,48,HEARTBEAT,0,0,0,0,0,0,0x1800FFC0
1777180107.985,679155,6,3,COMMS,255,BROADCAST,0,HEARTBEAT,48,HEARTBEAT,0,0,0,0,0,0,0x1800FFC0
1777180109.012,680176,6,3,COMMS,255,BROADCAST,0,HEARTBEAT,48,HEARTBEAT,0,0,0,0,0,0,0x1800FFC0
1777180110.040,681197,6,3,COMMS,255,BROADCAST,0,HEARTBEAT,48,HEARTBEAT,0,0,0,0,0,0,0x1800FFC0
1777180111.054,682218,6,3,COMMS,255,BROADCAST,0,HEARTBEAT,48,HEARTBEAT,0,0,0,0,0,0,0x1800FFC0
1777180112.085,683239,6,3,COMMS,255,BROADCAST,0,HEARTBEAT,48,HEARTBEAT,0,0,0,0,0,0,0x1800FFC0
1777180113.068,684260,6,3,COMMS,255,BROADCAST,0,HEARTBEAT,48,HEARTBEAT,0,0,0,0,0,0,0x1800FFC0
1777180114.089,685281,6,3,COMMS,255,BROADCAST,0,HEARTBEAT,48,HEARTBEAT,0,0,0,0,0,0,0x1800FFC0
1777180115.111,686302,6,3,COMMS,255,BROADCAST,0,HEARTBEAT,48,HEARTBEAT,0,0,0,0,0,0,0x1800FFC0
1777180116.132,687323,6,3,COMMS,255,BROADCAST,0,HEARTBEAT,48,HEARTBEAT,0,0,0,0,0,0,0x1800FFC0
1777180117.152,688344,6,3,COMMS,255,BROADCAST,0,HEARTBEAT,48,HEARTBEAT,0,0,0,0,0,0,0x1800FFC0
1777180118.174,689365,6,3,COMMS,255,BROADCAST,0,HEARTBEAT,48,HEARTBEAT,0,0,0,0,0,0,0x1800FFC0
1777180119.195,690386,6,3,COMMS,255,BROADCAST,0,HEARTBEAT,48,HEARTBEAT,0,0,0,0,0,0,0x1800FFC0
1777180120.216,691407,6,3,COMMS,255,BROADCAST,0,HEARTBEAT,48,HEARTBEAT,0,0,0,0,0,0,0x1800FFC0
1777180121.237,692428,6,3,COMMS,255,BROADCAST,0,HEARTBEAT,48,HEARTBEAT,0,0,0,0,0,0,0x1800FFC0
1777180122.260,693449,6,3,COMMS,255,BROADCAST,0,HEARTBEAT,48,HEARTBEAT,0,0,0,0,0,0,0x1800FFC0
1777180123.278,694470,6,3,COMMS,255,BROADCAST,0,HEARTBEAT,48,HEARTBEAT,0,0,0,0,0,0,0x1800FFC0
1777180124.300,695491,6,3,COMMS,255,BROADCAST,0,HEARTBEAT,48,HEARTBEAT,0,0,0,0,0,0,0x1800FFC0
1777180125.321,696512,6,3,COMMS,255,BROADCAST,0,HEARTBEAT,48,HEARTBEAT,0,0,0,0,0,0,0x1800FFC0
1777180126.341,697533,6,3,COMMS,255,BROADCAST,0,HEARTBEAT,48,HEARTBEAT,0,0,0,0,0,0,0x1800FFC0
1777180127.373,698554,6,3,COMMS,255,BROADCAST,0,HEARTBEAT,48,HEARTBEAT,0,0,0,0,0,0,0x1800FFC0
1777180128.385,699575,6,3,COMMS,255,BROADCAST,0,HEARTBEAT,48,HEARTBEAT,0,0,0,0,0,0,0x1800FFC0
1777180129.406,700596,6,3,COMMS,255,BROADCAST,0,HEARTBEAT,48,HEARTBEAT,0,0,0,0,0,0,0x1800FFC0
1777180130.424,701617,6,3,COMMS,255,BROADCAST,0,HEARTBEAT,48,HEARTBEAT,0,0,0,0,0,0,0x1800FFC0
1777180131.464,702638,6,3,COMMS,255,BROADCAST,0,HEARTBEAT,48,HEARTBEAT,0,0,0,0,0,0,0x1800FFC0
1777180132.488,703659,6,3,COMMS,255,BROADCAST,0,HEARTBEAT,48,HEARTBEAT,0,0,0,0,0,0,0x1800FFC0
1777180133.493,704680,6,3,COMMS,255,BROADCAST,0,HEARTBEAT,48,HEARTBEAT,0,0,0,0,0,0,0x1800FFC0
1777180484.260,5206,6,3,COMMS,255,BROADCAST,0,HEARTBEAT,48,HEARTBEAT,0,0,0,0,0,0,0x1800FFC0
1777180485.251,6207,6,3,COMMS,255,BROADCAST,0,HEARTBEAT,48,HEARTBEAT,0,0,0,0,0,0,0x1800FFC0
1777180486.264,7208,6,3,COMMS,255,BROADCAST,0,HEARTBEAT,48,HEARTBEAT,0,0,0,0,0,0,0x1800FFC0
1777180487.286,8209,6,3,COMMS,255,BROADCAST,0,HEARTBEAT,48,HEARTBEAT,0,0,0,0,0,0,0x1800FFC0
1777180488.262,9209,6,3,COMMS,255,BROADCAST,0,HEARTBEAT,48,HEARTBEAT,0,0,0,0,0,0,0x1800FFC0
1777180489.278,10227,6,3,COMMS,255,BROADCAST,0,HEARTBEAT,48,HEARTBEAT,0,0,0,0,0,0,0x1800FFC0
1777180490.376,11322,6,3,COMMS,255,BROADCAST,0,HEARTBEAT,48,HEARTBEAT,0,0,0,0,0,0,0x1800FFC0
1777180491.492,12418,6,3,COMMS,255,BROADCAST,0,HEARTBEAT,48,HEARTBEAT,0,0,0,0,0,0,0x1800FFC0
1777180492.512,13441,6,3,COMMS,255,BROADCAST,0,HEARTBEAT,48,HEARTBEAT,0,0,0,0,0,0,0x1800FFC0
1777180493.530,14441,6,3,COMMS,255,BROADCAST,0,HEARTBEAT,48,HEARTBEAT,0,0,0,0,0,0,0x1800FFC0
1777180494.560,15502,6,3,COMMS,255,BROADCAST,0,HEARTBEAT,48,HEARTBEAT,0,0,0,0,0,0,0x1800FFC0
1777180495.583,16503,6,3,COMMS,255,BROADCAST,0,HEARTBEAT,48,HEARTBEAT,0,0,0,0,0,0,0x1800FFC0
1777180496.647,17602,6,3,COMMS,255,BROADCAST,0,HEARTBEAT,48,HEARTBEAT,0,0,0,0,0,0,0x1800FFC0
1777180497.753,18700,6,3,COMMS,255,BROADCAST,0,HEARTBEAT,48,HEARTBEAT,0,0,0,0,0,0,0x1800FFC0
1777180498.856,19798,6,3,COMMS,255,BROADCAST,0,HEARTBEAT,48,HEARTBEAT,0,0,0,0,0,0,0x1800FFC0
1777180499.971,20896,6,3,COMMS,255,BROADCAST,0,HEARTBEAT,48,HEARTBEAT,0,0,0,0,0,0,0x1800FFC0
1777180501.049,21994,6,3,COMMS,255,BROADCAST,0,HEARTBEAT,48,HEARTBEAT,0,0,0,0,0,0,0x1800FFC0
1777180502.131,23092,6,3,COMMS,255,BROADCAST,0,HEARTBEAT,48,HEARTBEAT,0,0,0,0,0,0,0x1800FFC0
1777180503.177,24139,6,3,COMMS,255,BROADCAST,0,HEARTBEAT,48,HEARTBEAT,0,0,0,0,0,0,0x1800FFC0
1777180504.209,25162,6,3,COMMS,255,BROADCAST,0,HEARTBEAT,48,HEARTBEAT,0,0,0,0,0,0,0x1800FFC0
1777180505.305,26221,6,3,COMMS,255,BROADCAST,0,HEARTBEAT,48,HEARTBEAT,0,0,0,0,0,0,0x1800FFC0
1777180506.320,27255,6,3,COMMS,255,BROADCAST,0,HEARTBEAT,48,HEARTBEAT,0,0,0,0,0,0,0x1800FFC0
1777180507.353,28289,6,3,COMMS,255,BROADCAST,0,HEARTBEAT,48,HEARTBEAT,0,0,0,0,0,0,0x1800FFC0
1777180508.382,29322,6,3,COMMS,255,BROADCAST,0,HEARTBEAT,48,HEARTBEAT,0,0,0,0,0,0,0x1800FFC0
1777180509.398,30356,6,3,COMMS,255,BROADCAST,0,HEARTBEAT,48,HEARTBEAT,0,0,0,0,0,0,0x1800FFC0
1777180510.439,31385,6,3,COMMS,255,BROADCAST,0,HEARTBEAT,48,HEARTBEAT,0,0,0,0,0,0,0x1800FFC0
1777180511.560,32481,6,3,COMMS,255,BROADCAST,0,HEARTBEAT,48,HEARTBEAT,0,0,0,0,0,0,0x1800FFC0
1777180512.621,33568,6,3,COMMS,255,BROADCAST,0,HEARTBEAT,48,HEARTBEAT,0,0,0,0,0,0,0x1800FFC0
1777180513.621,34569,6,3,COMMS,255,BROADCAST,0,HEARTBEAT,48,HEARTBEAT,0,0,0,0,0,0,0x1800FFC0
1777180514.631,35570,6,3,COMMS,255,BROADCAST,0,HEARTBEAT,48,HEARTBEAT,0,0,0,0,0,0,0x1800FFC0
1777180515.656,36570,6,3,COMMS,255,BROADCAST,0,HEARTBEAT,48,HEARTBEAT,0,0,0,0,0,0,0x1800FFC0
1777180516.621,37570,6,3,COMMS,255,BROADCAST,0,HEARTBEAT,48,HEARTBEAT,0,0,0,0,0,0,0x1800FFC0
1777180517.608,38570,6,3,COMMS,255,BROADCAST,0,HEARTBEAT,48,HEARTBEAT,0,0,0,0,0,0,0x1800FFC0
1777180518.625,39570,6,3,COMMS,255,BROADCAST,0,HEARTBEAT,48,HEARTBEAT,0,0,0,0,0,0,0x1800FFC0
1777180519.651,40570,6,3,COMMS,255,BROADCAST,0,HEARTBEAT,48,HEARTBEAT,0,0,0,0,0,0,0x1800FFC0
1777180520.623,41570,6,3,COMMS,255,BROADCAST,0,HEARTBEAT,48,HEARTBEAT,0,0,0,0,0,0,0x1800FFC0
1777180521.623,42570,6,3,COMMS,255,BROADCAST,0,HEARTBEAT,48,HEARTBEAT,0,0,0,0,0,0,0x1800FFC0
1777180522.622,43570,6,3,COMMS,255,BROADCAST,0,HEARTBEAT,48,HEARTBEAT,0,0,0,0,0,0,0x1800FFC0
1777180523.652,44604,6,3,COMMS,255,BROADCAST,0,HEARTBEAT,48,HEARTBEAT,0,0,0,0,0,0,0x1800FFC0
1777180524.706,45653,6,3,COMMS,255,BROADCAST,0,HEARTBEAT,48,HEARTBEAT,0,0,0,0,0,0,0x1800FFC0
1777180525.740,46687,6,3,COMMS,255,BROADCAST,0,HEARTBEAT,48,HEARTBEAT,0,0,0,0,0,0,0x1800FFC0
1777180526.811,47721,6,3,COMMS,255,BROADCAST,0,HEARTBEAT,48,HEARTBEAT,0,0,0,0,0,0,0x1800FFC0
1777180527.825,48755,6,3,COMMS,255,BROADCAST,0,HEARTBEAT,48,HEARTBEAT,0,0,0,0,0,0,0x1800FFC0
1777180528.859,49789,6,3,COMMS,255,BROADCAST,0,HEARTBEAT,48,HEARTBEAT,0,0,0,0,0,0,0x1800FFC0
1777180529.893,50823,6,3,COMMS,255,BROADCAST,0,HEARTBEAT,48,HEARTBEAT,0,0,0,0,0,0,0x1800FFC0
1777180530.912,51857,6,3,COMMS,255,BROADCAST,0,HEARTBEAT,48,HEARTBEAT,0,0,0,0,0,0,0x1800FFC0
1777180531.944,52890,6,3,COMMS,255,BROADCAST,0,HEARTBEAT,48,HEARTBEAT,0,0,0,0,0,0,0x1800FFC0
1777180532.976,53924,6,3,COMMS,255,BROADCAST,0,HEARTBEAT,48,HEARTBEAT,0,0,0,0,0,0,0x1800FFC0
1777180534.080,54996,6,3,COMMS,255,BROADCAST,0,HEARTBEAT,48,HEARTBEAT,0,0,0,0,0,0,0x1800FFC0
1777180535.116,56032,6,3,COMMS,255,BROADCAST,0,HEARTBEAT,48,HEARTBEAT,0,0,0,0,0,0,0x1800FFC0
1777180536.161,57108,6,3,COMMS,255,BROADCAST,0,HEARTBEAT,48,HEARTBEAT,0,0,0,0,0,0,0x1800FFC0
1777180537.174,58127,6,3,COMMS,255,BROADCAST,0,HEARTBEAT,48,HEARTBEAT,0,0,0,0,0,0,0x1800FFC0
1777180538.283,59204,6,3,COMMS,255,BROADCAST,0,HEARTBEAT,48,HEARTBEAT,0,0,0,0,0,0,0x1800FFC0
1777180539.354,60302,6,3,COMMS,255,BROADCAST,0,HEARTBEAT,48,HEARTBEAT,0,0,0,0,0,0,0x1800FFC0
1777180540.440,61400,6,3,COMMS,255,BROADCAST,0,HEARTBEAT,48,HEARTBEAT,0,0,0,0,0,0,0x1800FFC0
1777180541.511,62457,6,3,COMMS,255,BROADCAST,0,HEARTBEAT,48,HEARTBEAT,0,0,0,0,0,0,0x1800FFC0
1777180542.604,63551,6,3,COMMS,255,BROADCAST,0,HEARTBEAT,48,HEARTBEAT,0,0,0,0,0,0,0x1800FFC0
1777180543.647,64594,6,3,COMMS,255,BROADCAST,0,HEARTBEAT,48,HEARTBEAT,0,0,0,0,0,0,0x1800FFC0
1777180544.693,65640,6,3,COMMS,255,BROADCAST,0,HEARTBEAT,48,HEARTBEAT,0,0,0,0,0,0,0x1800FFC0
1777180545.762,66690,6,3,COMMS,255,BROADCAST,0,HEARTBEAT,48,HEARTBEAT,0,0,0,0,0,0,0x1800FFC0
1777180546.781,67729,6,3,COMMS,255,BROADCAST,0,HEARTBEAT,48,HEARTBEAT,0,0,0,0,0,0,0x1800FFC0
1777180547.911,68824,6,3,COMMS,255,BROADCAST,0,HEARTBEAT,48,HEARTBEAT,0,0,0,0,0,0,0x1800FFC0
1777180548.972,69918,6,3,COMMS,255,BROADCAST,0,HEARTBEAT,48,HEARTBEAT,0,0,0,0,0,0,0x1800FFC0
1777180550.067,70982,6,3,COMMS,255,BROADCAST,0,HEARTBEAT,48,HEARTBEAT,0,0,0,0,0,0,0x1800FFC0
1777180551.084,72007,6,3,COMMS,255,BROADCAST,0,HEARTBEAT,48,HEARTBEAT,0,0,0,0,0,0,0x1800FFC0
1777180552.117,73064,6,3,COMMS,255,BROADCAST,0,HEARTBEAT,48,HEARTBEAT,0,0,0,0,0,0,0x1800FFC0
1777180553.135,74073,6,3,COMMS,255,BROADCAST,0,HEARTBEAT,48,HEARTBEAT,0,0,0,0,0,0,0x1800FFC0
1777180554.185,75131,6,3,COMMS,255,BROADCAST,0,HEARTBEAT,48,HEARTBEAT,0,0,0,0,0,0,0x1800FFC0
1777180555.219,76165,6,3,COMMS,255,BROADCAST,0,HEARTBEAT,48,HEARTBEAT,0,0,0,0,0,0,0x1800FFC0
1777180556.228,77167,6,3,COMMS,255,BROADCAST,0,HEARTBEAT,48,HEARTBEAT,0,0,0,0,0,0,0x1800FFC0
1777180557.288,78232,6,3,COMMS,255,BROADCAST,0,HEARTBEAT,48,HEARTBEAT,0,0,0,0,0,0,0x1800FFC0
1777180558.363,79262,6,3,COMMS,255,BROADCAST,0,HEARTBEAT,48,HEARTBEAT,0,0,0,0,0,0,0x1800FFC0
1777180559.312,80263,6,3,COMMS,255,BROADCAST,0,HEARTBEAT,48,HEARTBEAT,0,0,0,0,0,0,0x1800FFC0
1777180560.404,81333,6,3,COMMS,255,BROADCAST,0,HEARTBEAT,48,HEARTBEAT,0,0,0,0,0,0,0x1800FFC0
1777180561.433,82359,6,3,COMMS,255,BROADCAST,0,HEARTBEAT,48,HEARTBEAT,0,0,0,0,0,0,0x1800FFC0
1777180562.442,83360,6,3,COMMS,255,BROADCAST,0,HEARTBEAT,48,HEARTBEAT,0,0,0,0,0,0,0x1800FFC0
1777180563.488,84433,6,3,COMMS,255,BROADCAST,0,HEARTBEAT,48,HEARTBEAT,0,0,0,0,0,0,0x1800FFC0
1777180564.499,85441,6,3,COMMS,255,BROADCAST,0,HEARTBEAT,48,HEARTBEAT,0,0,0,0,0,0,0x1800FFC0
1777180565.555,86501,6,3,COMMS,255,BROADCAST,0,HEARTBEAT,48,HEARTBEAT,0,0,0,0,0,0,0x1800FFC0
1777180566.575,87521,6,3,COMMS,255,BROADCAST,0,HEARTBEAT,48,HEARTBEAT,0,0,0,0,0,0,0x1800FFC0
1777180567.622,88568,6,3,COMMS,255,BROADCAST,0,HEARTBEAT,48,HEARTBEAT,0,0,0,0,0,0,0x1800FFC0
1777180568.656,89602,6,3,COMMS,255,BROADCAST,0,HEARTBEAT,48,HEARTBEAT,0,0,0,0,0,0,0x1800FFC0
1777180569.668,90613,6,3,COMMS,255,BROADCAST,0,HEARTBEAT,48,HEARTBEAT,0,0,0,0,0,0,0x1800FFC0
1777180570.745,91669,6,3,COMMS,255,BROADCAST,0,HEARTBEAT,48,HEARTBEAT,0,0,0,0,0,0,0x1800FFC0
1777180571.766,92678,6,3,COMMS,255,BROADCAST,0,HEARTBEAT,48,HEARTBEAT,0,0,0,0,0,0,0x1800FFC0
1777180572.791,93736,6,3,COMMS,255,BROADCAST,0,HEARTBEAT,48,HEARTBEAT,0,0,0,0,0,0,0x1800FFC0
1777180573.816,94758,6,3,COMMS,255,BROADCAST,0,HEARTBEAT,48,HEARTBEAT,0,0,0,0,0,0,0x1800FFC0
1777180574.858,95804,6,3,COMMS,255,BROADCAST,0,HEARTBEAT,48,HEARTBEAT,0,0,0,0,0,0,0x1800FFC0
1777180575.891,96837,6,3,COMMS,255,BROADCAST,0,HEARTBEAT,48,HEARTBEAT,0,0,0,0,0,0,0x1800FFC0
1777180576.925,97871,6,3,COMMS,255,BROADCAST,0,HEARTBEAT,48,HEARTBEAT,0,0,0,0,0,0,0x1800FFC0
1777180577.940,98886,6,3,COMMS,255,BROADCAST,0,HEARTBEAT,48,HEARTBEAT,0,0,0,0,0,0,0x1800FFC0
1777180578.967,99913,6,3,COMMS,255,BROADCAST,0,HEARTBEAT,48,HEARTBEAT,0,0,0,0,0,0,0x1800FFC0
1777180580.055,100972,6,3,COMMS,255,BROADCAST,0,HEARTBEAT,48,HEARTBEAT,0,0,0,0,0,0,0x1800FFC0
1777180581.092,102002,6,3,COMMS,255,BROADCAST,0,HEARTBEAT,48,HEARTBEAT,0,0,0,0,0,0,0x1800FFC0
1777180582.068,103014,6,3,COMMS,255,BROADCAST,0,HEARTBEAT,48,HEARTBEAT,0,0,0,0,0,0,0x1800FFC0
1777180583.137,104073,6,3,COMMS,255,BROADCAST,0,HEARTBEAT,48,HEARTBEAT,0,0,0,0,0,0,0x1800FFC0
1777180584.164,105107,6,3,COMMS,255,BROADCAST,0,HEARTBEAT,48,HEARTBEAT,0,0,0,0,0,0,0x1800FFC0
1777180585.179,106108,6,3,COMMS,255,BROADCAST,0,HEARTBEAT,48,HEARTBEAT,0,0,0,0,0,0,0x1800FFC0
1777180586.208,107131,6,3,COMMS,255,BROADCAST,0,HEARTBEAT,48,HEARTBEAT,0,0,0,0,0,0,0x1800FFC0
1777180587.262,108208,6,3,COMMS,255,BROADCAST,0,HEARTBEAT,48,HEARTBEAT,0,0,0,0,0,0,0x1800FFC0
1777180588.274,109219,6,3,COMMS,255,BROADCAST,0,HEARTBEAT,48,HEARTBEAT,0,0,0,0,0,0,0x1800FFC0
1777180589.329,110275,6,3,COMMS,255,BROADCAST,0,HEARTBEAT,48,HEARTBEAT,0,0,0,0,0,0,0x1800FFC0
1777180590.351,111300,6,3,COMMS,255,BROADCAST,0,HEARTBEAT,48,HEARTBEAT,0,0,0,0,0,0,0x1800FFC0
1777180591.359,112304,6,3,COMMS,255,BROADCAST,0,HEARTBEAT,48,HEARTBEAT,0,0,0,0,0,0,0x1800FFC0
1777180592.458,113376,6,3,COMMS,255,BROADCAST,0,HEARTBEAT,48,HEARTBEAT,0,0,0,0,0,0,0x1800FFC0
1777180593.474,114387,6,3,COMMS,255,BROADCAST,0,HEARTBEAT,48,HEARTBEAT,0,0,0,0,0,0,0x1800FFC0
1777180594.508,115443,6,3,COMMS,255,BROADCAST,0,HEARTBEAT,48,HEARTBEAT,0,0,0,0,0,0,0x1800FFC0
1777180595.524,116469,6,3,COMMS,255,BROADCAST,0,HEARTBEAT,48,HEARTBEAT,0,0,0,0,0,0,0x1800FFC0
1777180596.565,117510,6,3,COMMS,255,BROADCAST,0,HEARTBEAT,48,HEARTBEAT,0,0,0,0,0,0,0x1800FFC0
1777180597.600,118544,6,3,COMMS,255,BROADCAST,0,HEARTBEAT,48,HEARTBEAT,0,0,0,0,0,0,0x1800FFC0
1777180598.632,119578,6,3,COMMS,255,BROADCAST,0,HEARTBEAT,48,HEARTBEAT,0,0,0,0,0,0,0x1800FFC0
1777180599.675,120611,6,3,COMMS,255,BROADCAST,0,HEARTBEAT,48,HEARTBEAT,0,0,0,0,0,0,0x1800FFC0
1777180600.699,121645,6,3,COMMS,255,BROADCAST,0,HEARTBEAT,48,HEARTBEAT,0,0,0,0,0,0,0x1800FFC0
1777180601.708,122654,6,3,COMMS,255,BROADCAST,0,HEARTBEAT,48,HEARTBEAT,0,0,0,0,0,0,0x1800FFC0
1777180602.792,123702,6,3,COMMS,255,BROADCAST,0,HEARTBEAT,48,HEARTBEAT,0,0,0,0,0,0,0x1800FFC0
1777180603.821,124746,6,3,COMMS,255,BROADCAST,0,HEARTBEAT,48,HEARTBEAT,0,0,0,0,0,0,0x1800FFC0
1777180604.854,125780,6,3,COMMS,255,BROADCAST,0,HEARTBEAT,48,HEARTBEAT,0,0,0,0,0,0,0x1800FFC0
1777180605.878,126786,6,3,COMMS,255,BROADCAST,0,HEARTBEAT,48,HEARTBEAT,0,0,0,0,0,0,0x1800FFC0
1777180606.901,127826,6,3,COMMS,255,BROADCAST,0,HEARTBEAT,48,HEARTBEAT,0,0,0,0,0,0,0x1800FFC0
1777180607.937,128881,6,3,COMMS,255,BROADCAST,0,HEARTBEAT,48,HEARTBEAT,0,0,0,0,0,0,0x1800FFC0
1777180608.972,129914,6,3,COMMS,255,BROADCAST,0,HEARTBEAT,48,HEARTBEAT,0,0,0,0,0,0,0x1800FFC0
1777180610.004,130948,6,3,COMMS,255,BROADCAST,0,HEARTBEAT,48,HEARTBEAT,0,0,0,0,0,0,0x1800FFC0
1777180611.014,131958,6,3,COMMS,255,BROADCAST,0,HEARTBEAT,48,HEARTBEAT,0,0,0,0,0,0,0x1800FFC0
1777180612.069,133015,6,3,COMMS,255,BROADCAST,0,HEARTBEAT,48,HEARTBEAT,0,0,0,0,0,0,0x1800FFC0
1777180613.145,134049,6,3,COMMS,255,BROADCAST,0,HEARTBEAT,48,HEARTBEAT,0,0,0,0,0,0,0x1800FFC0
1777180614.109,135054,6,3,COMMS,255,BROADCAST,0,HEARTBEAT,48,HEARTBEAT,0,0,0,0,0,0,0x1800FFC0
1777180615.145,136090,6,3,COMMS,255,BROADCAST,0,HEARTBEAT,48,HEARTBEAT,0,0,0,0,0,0,0x1800FFC0
1777180616.227,137150,6,3,COMMS,255,BROADCAST,0,HEARTBEAT,48,HEARTBEAT,0,0,0,0,0,0,0x1800FFC0
1777180617.245,138173,6,3,COMMS,255,BROADCAST,0,HEARTBEAT,48,HEARTBEAT,0,0,0,0,0,0,0x1800FFC0
1777180618.272,139217,6,3,COMMS,255,BROADCAST,0,HEARTBEAT,48,HEARTBEAT,0,0,0,0,0,0,0x1800FFC0
1777180619.307,140251,6,3,COMMS,255,BROADCAST,0,HEARTBEAT,48,HEARTBEAT,0,0,0,0,0,0,0x1800FFC0
1777180620.339,141285,6,3,COMMS,255,BROADCAST,0,HEARTBEAT,48,HEARTBEAT,0,0,0,0,0,0,0x1800FFC0
1777180621.408,142318,6,3,COMMS,255,BROADCAST,0,HEARTBEAT,48,HEARTBEAT,0,0,0,0,0,0,0x1800FFC0
1777180622.402,143348,6,3,COMMS,255,BROADCAST,0,HEARTBEAT,48,HEARTBEAT,0,0,0,0,0,0,0x1800FFC0
1777180623.441,144386,6,3,COMMS,255,BROADCAST,0,HEARTBEAT,48,HEARTBEAT,0,0,0,0,0,0,0x1800FFC0
1777180624.506,145420,6,3,COMMS,255,BROADCAST,0,HEARTBEAT,48,HEARTBEAT,0,0,0,0,0,0,0x1800FFC0
1777180625.485,146431,6,3,COMMS,255,BROADCAST,0,HEARTBEAT,48,HEARTBEAT,0,0,0,0,0,0,0x1800FFC0
1777180626.557,147485,6,3,COMMS,255,BROADCAST,0,HEARTBEAT,48,HEARTBEAT,0,0,0,0,0,0,0x1800FFC0
1777180627.576,148521,6,3,COMMS,255,BROADCAST,0,HEARTBEAT,48,HEARTBEAT,0,0,0,0,0,0,0x1800FFC0
1777180628.609,149554,6,3,COMMS,255,BROADCAST,0,HEARTBEAT,48,HEARTBEAT,0,0,0,0,0,0,0x1800FFC0
1777180629.627,150563,6,3,COMMS,255,BROADCAST,0,HEARTBEAT,48,HEARTBEAT,0,0,0,0,0,0,0x1800FFC0
1777180630.679,151622,6,3,COMMS,255,BROADCAST,0,HEARTBEAT,48,HEARTBEAT,0,0,0,0,0,0,0x1800FFC0
1777180631.701,152646,6,3,COMMS,255,BROADCAST,0,HEARTBEAT,48,HEARTBEAT,0,0,0,0,0,0,0x1800FFC0
1777180632.744,153689,6,3,COMMS,255,BROADCAST,0,HEARTBEAT,48,HEARTBEAT,0,0,0,0,0,0,0x1800FFC0
1777180633.777,154722,6,3,COMMS,255,BROADCAST,0,HEARTBEAT,48,HEARTBEAT,0,0,0,0,0,0,0x1800FFC0
1777180634.851,155756,6,3,COMMS,255,BROADCAST,0,HEARTBEAT,48,HEARTBEAT,0,0,0,0,0,0,0x1800FFC0
1777180635.878,156781,6,3,COMMS,255,BROADCAST,0,HEARTBEAT,48,HEARTBEAT,0,0,0,0,0,0,0x1800FFC0
1777180636.900,157824,6,3,COMMS,255,BROADCAST,0,HEARTBEAT,48,HEARTBEAT,0,0,0,0,0,0,0x1800FFC0
1777180637.928,158857,6,3,COMMS,255,BROADCAST,0,HEARTBEAT,48,HEARTBEAT,0,0,0,0,0,0,0x1800FFC0
1777180638.946,159871,6,3,COMMS,255,BROADCAST,0,HEARTBEAT,48,HEARTBEAT,0,0,0,0,0,0,0x1800FFC0
1777180639.928,160872,6,3,COMMS,255,BROADCAST,0,HEARTBEAT,48,HEARTBEAT,0,0,0,0,0,0,0x1800FFC0
1777180640.951,161897,6,3,COMMS,255,BROADCAST,0,HEARTBEAT,48,HEARTBEAT,0,0,0,0,0,0,0x1800FFC0
1777180642.048,162992,6,3,COMMS,255,BROADCAST,0,HEARTBEAT,48,HEARTBEAT,0,0,0,0,0,0,0x1800FFC0
1777180643.081,164026,6,3,COMMS,255,BROADCAST,0,HEARTBEAT,48,HEARTBEAT,0,0,0,0,0,0,0x1800FFC0
1777180644.091,165036,6,3,COMMS,255,BROADCAST,0,HEARTBEAT,48,HEARTBEAT,0,0,0,0,0,0,0x1800FFC0
1777180645.145,166090,6,3,COMMS,255,BROADCAST,0,HEARTBEAT,48,HEARTBEAT,0,0,0,0,0,0,0x1800FFC0
1777180646.217,167127,6,3,COMMS,255,BROADCAST,0,HEARTBEAT,48,HEARTBEAT,0,0,0,0,0,0,0x1800FFC0
1777180647.245,168161,6,3,COMMS,255,BROADCAST,0,HEARTBEAT,48,HEARTBEAT,0,0,0,0,0,0,0x1800FFC0
1777180648.265,169183,6,3,COMMS,255,BROADCAST,0,HEARTBEAT,48,HEARTBEAT,0,0,0,0,0,0,0x1800FFC0
1777180649.295,170228,6,3,COMMS,255,BROADCAST,0,HEARTBEAT,48,HEARTBEAT,0,0,0,0,0,0,0x1800FFC0
1777180650.317,171262,6,3,COMMS,255,BROADCAST,0,HEARTBEAT,48,HEARTBEAT,0,0,0,0,0,0,0x1800FFC0
1777180651.327,172273,6,3,COMMS,255,BROADCAST,0,HEARTBEAT,48,HEARTBEAT,0,0,0,0,0,0,0x1800FFC0
1777180652.384,173329,6,3,COMMS,255,BROADCAST,0,HEARTBEAT,48,HEARTBEAT,0,0,0,0,0,0,0x1800FFC0
1777180668.471,5366,6,3,COMMS,255,BROADCAST,0,HEARTBEAT,48,HEARTBEAT,0,0,0,0,0,0,0x1800FFC0
1777180669.567,6460,6,3,COMMS,255,BROADCAST,0,HEARTBEAT,48,HEARTBEAT,0,0,0,0,0,0,0x1800FFC0
1777180670.611,7506,6,3,COMMS,255,BROADCAST,0,HEARTBEAT,48,HEARTBEAT,0,0,0,0,0,0,0x1800FFC0
1777180671.651,8545,6,3,COMMS,255,BROADCAST,0,HEARTBEAT,48,HEARTBEAT,0,0,0,0,0,0,0x1800FFC0
1777180672.743,9637,6,3,COMMS,255,BROADCAST,0,HEARTBEAT,48,HEARTBEAT,0,0,0,0,0,0,0x1800FFC0
1777180673.763,10637,6,3,COMMS,255,BROADCAST,0,HEARTBEAT,48,HEARTBEAT,0,0,0,0,0,0,0x1800FFC0
1777180674.837,11732,6,3,COMMS,255,BROADCAST,0,HEARTBEAT,48,HEARTBEAT,0,0,0,0,0,0,0x1800FFC0
1777180675.901,12777,6,3,COMMS,255,BROADCAST,0,HEARTBEAT,48,HEARTBEAT,0,0,0,0,0,0,0x1800FFC0
1777180676.937,13821,6,3,COMMS,255,BROADCAST,0,HEARTBEAT,48,HEARTBEAT,0,0,0,0,0,0,0x1800FFC0
1777180677.978,14873,6,3,COMMS,255,BROADCAST,0,HEARTBEAT,48,HEARTBEAT,0,0,0,0,0,0,0x1800FFC0
1777180679.088,15961,6,3,COMMS,255,BROADCAST,0,HEARTBEAT,48,HEARTBEAT,0,0,0,0,0,0,0x1800FFC0
1777180680.110,16972,6,3,COMMS,255,BROADCAST,0,HEARTBEAT,48,HEARTBEAT,0,0,0,0,0,0,0x1800FFC0
1777180681.175,18063,6,3,COMMS,255,BROADCAST,0,HEARTBEAT,48,HEARTBEAT,0,0,0,0,0,0,0x1800FFC0
1777180682.262,19155,6,3,COMMS,255,BROADCAST,0,HEARTBEAT,48,HEARTBEAT,0,0,0,0,0,0,0x1800FFC0
1777180683.390,20245,6,3,COMMS,255,BROADCAST,0,HEARTBEAT,48,HEARTBEAT,0,0,0,0,0,0,0x1800FFC0
1777180684.426,21320,6,3,COMMS,255,BROADCAST,0,HEARTBEAT,48,HEARTBEAT,0,0,0,0,0,0,0x1800FFC0
1777180685.434,22328,6,3,COMMS,255,BROADCAST,0,HEARTBEAT,48,HEARTBEAT,0,0,0,0,0,0,0x1800FFC0
1777180686.493,23387,6,3,COMMS,255,BROADCAST,0,HEARTBEAT,48,HEARTBEAT,0,0,0,0,0,0,0x1800FFC0
1777180687.512,24406,6,3,COMMS,255,BROADCAST,0,HEARTBEAT,48,HEARTBEAT,0,0,0,0,0,0,0x1800FFC0
1777180688.556,25443,6,3,COMMS,255,BROADCAST,0,HEARTBEAT,48,HEARTBEAT,0,0,0,0,0,0,0x1800FFC0
1777180689.593,26488,6,3,COMMS,255,BROADCAST,0,HEARTBEAT,48,HEARTBEAT,0,0,0,0,0,0,0x1800FFC0
1777180690.659,27522,6,3,COMMS,255,BROADCAST,0,HEARTBEAT,48,HEARTBEAT,0,0,0,0,0,0,0x1800FFC0
1777180691.641,28533,6,3,COMMS,255,BROADCAST,0,HEARTBEAT,48,HEARTBEAT,0,0,0,0,0,0,0x1800FFC0
1777180692.708,29589,6,3,COMMS,255,BROADCAST,0,HEARTBEAT,48,HEARTBEAT,0,0,0,0,0,0,0x1800FFC0
1777180693.734,30622,6,3,COMMS,255,BROADCAST,0,HEARTBEAT,48,HEARTBEAT,0,0,0,0,0,0,0x1800FFC0
1777180694.761,31656,6,3,COMMS,255,BROADCAST,0,HEARTBEAT,48,HEARTBEAT,0,0,0,0,0,0,0x1800FFC0
1777180695.794,32689,6,3,COMMS,255,BROADCAST,0,HEARTBEAT,48,HEARTBEAT,0,0,0,0,0,0,0x1800FFC0
1777180696.827,33722,6,3,COMMS,255,BROADCAST,0,HEARTBEAT,48,HEARTBEAT,0,0,0,0,0,0,0x1800FFC0
1777180697.839,34733,6,3,COMMS,255,BROADCAST,0,HEARTBEAT,48,HEARTBEAT,0,0,0,0,0,0,0x1800FFC0
1777180698.886,35780,6,3,COMMS,255,BROADCAST,0,HEARTBEAT,48,HEARTBEAT,0,0,0,0,0,0,0x1800FFC0
1777180699.901,36796,6,3,COMMS,255,BROADCAST,0,HEARTBEAT,48,HEARTBEAT,0,0,0,0,0,0,0x1800FFC0
1777180701.004,37856,6,3,COMMS,255,BROADCAST,0,HEARTBEAT,48,HEARTBEAT,0,0,0,0,0,0,0x1800FFC0
1777180702.026,38879,6,3,COMMS,255,BROADCAST,0,HEARTBEAT,48,HEARTBEAT,0,0,0,0,0,0,0x1800FFC0
1777180703.053,39923,6,3,COMMS,255,BROADCAST,0,HEARTBEAT,48,HEARTBEAT,0,0,0,0,0,0,0x1800FFC0
1777180704.075,40956,6,3,COMMS,255,BROADCAST,0,HEARTBEAT,48,HEARTBEAT,0,0,0,0,0,0,0x1800FFC0
1777180705.099,41990,6,3,COMMS,255,BROADCAST,0,HEARTBEAT,48,HEARTBEAT,0,0,0,0,0,0,0x1800FFC0
1777180706.129,43023,6,3,COMMS,255,BROADCAST,0,HEARTBEAT,48,HEARTBEAT,0,0,0,0,0,0,0x1800FFC0
1777180707.145,44035,6,3,COMMS,255,BROADCAST,0,HEARTBEAT,48,HEARTBEAT,0,0,0,0,0,0,0x1800FFC0
1777180708.195,45090,6,3,COMMS,255,BROADCAST,0,HEARTBEAT,48,HEARTBEAT,0,0,0,0,0,0,0x1800FFC0
1777180709.224,46117,6,3,COMMS,255,BROADCAST,0,HEARTBEAT,48,HEARTBEAT,0,0,0,0,0,0,0x1800FFC0
1777180710.263,47157,6,3,COMMS,255,BROADCAST,0,HEARTBEAT,48,HEARTBEAT,0,0,0,0,0,0,0x1800FFC0
1777180711.296,48190,6,3,COMMS,255,BROADCAST,0,HEARTBEAT,48,HEARTBEAT,0,0,0,0,0,0,0x1800FFC0
1777180712.369,49224,6,3,COMMS,255,BROADCAST,0,HEARTBEAT,48,HEARTBEAT,0,0,0,0,0,0,0x1800FFC0
1777180713.400,50257,6,3,COMMS,255,BROADCAST,0,HEARTBEAT,48,HEARTBEAT,0,0,0,0,0,0,0x1800FFC0
1777180714.374,51269,6,3,COMMS,255,BROADCAST,0,HEARTBEAT,48,HEARTBEAT,0,0,0,0,0,0,0x1800FFC0
1777180715.441,52324,6,3,COMMS,255,BROADCAST,0,HEARTBEAT,48,HEARTBEAT,0,0,0,0,0,0,0x1800FFC0
1777180716.466,53342,6,3,COMMS,255,BROADCAST,0,HEARTBEAT,48,HEARTBEAT,0,0,0,0,0,0,0x1800FFC0
1777180717.496,54391,6,3,COMMS,255,BROADCAST,0,HEARTBEAT,48,HEARTBEAT,0,0,0,0,0,0,0x1800FFC0
1777180718.519,55412,6,3,COMMS,255,BROADCAST,0,HEARTBEAT,48,HEARTBEAT,0,0,0,0,0,0,0x1800FFC0
1777180719.540,56433,6,3,COMMS,255,BROADCAST,0,HEARTBEAT,48,HEARTBEAT,0,0,0,0,0,0,0x1800FFC0
1777180720.596,57491,6,3,COMMS,255,BROADCAST,0,HEARTBEAT,48,HEARTBEAT,0,0,0,0,0,0,0x1800FFC0
1777180721.630,58524,6,3,COMMS,255,BROADCAST,0,HEARTBEAT,48,HEARTBEAT,0,0,0,0,0,0,0x1800FFC0
1777180722.663,59557,6,3,COMMS,255,BROADCAST,0,HEARTBEAT,48,HEARTBEAT,0,0,0,0,0,0,0x1800FFC0
1777180723.692,60586,6,3,COMMS,255,BROADCAST,0,HEARTBEAT,48,HEARTBEAT,0,0,0,0,0,0,0x1800FFC0
1777180724.767,61624,6,3,COMMS,255,BROADCAST,0,HEARTBEAT,48,HEARTBEAT,0,0,0,0,0,0,0x1800FFC0
1777180725.784,62658,6,3,COMMS,255,BROADCAST,0,HEARTBEAT,48,HEARTBEAT,0,0,0,0,0,0,0x1800FFC0
1777180726.765,63659,6,3,COMMS,255,BROADCAST,0,HEARTBEAT,48,HEARTBEAT,0,0,0,0,0,0,0x1800FFC0
1777180727.778,64672,6,3,COMMS,255,BROADCAST,0,HEARTBEAT,48,HEARTBEAT,0,0,0,0,0,0,0x1800FFC0
1777180728.864,65758,6,3,COMMS,255,BROADCAST,0,HEARTBEAT,48,HEARTBEAT,0,0,0,0,0,0,0x1800FFC0
1777180729.884,66768,6,3,COMMS,255,BROADCAST,0,HEARTBEAT,48,HEARTBEAT,0,0,0,0,0,0,0x1800FFC0
1777180730.932,67825,6,3,COMMS,255,BROADCAST,0,HEARTBEAT,48,HEARTBEAT,0,0,0,0,0,0,0x1800FFC0
1777180731.963,68858,6,3,COMMS,255,BROADCAST,0,HEARTBEAT,48,HEARTBEAT,0,0,0,0,0,0,0x1800FFC0
1777180732.968,69862,6,3,COMMS,255,BROADCAST,0,HEARTBEAT,48,HEARTBEAT,0,0,0,0,0,0,0x1800FFC0
1777180734.030,70925,6,3,COMMS,255,BROADCAST,0,HEARTBEAT,48,HEARTBEAT,0,0,0,0,0,0,0x1800FFC0
1777180735.035,71929,6,3,COMMS,255,BROADCAST,0,HEARTBEAT,48,HEARTBEAT,0,0,0,0,0,0,0x1800FFC0
1777180736.082,72977,6,3,COMMS,255,BROADCAST,0,HEARTBEAT,48,HEARTBEAT,0,0,0,0,0,0,0x1800FFC0
1777180737.150,74018,6,3,COMMS,255,BROADCAST,0,HEARTBEAT,48,HEARTBEAT,0,0,0,0,0,0,0x1800FFC0
1777180738.175,75058,6,3,COMMS,255,BROADCAST,0,HEARTBEAT,48,HEARTBEAT,0,0,0,0,0,0,0x1800FFC0
1777180739.203,76092,6,3,COMMS,255,BROADCAST,0,HEARTBEAT,48,HEARTBEAT,0,0,0,0,0,0,0x1800FFC0
1777180740.231,77125,6,3,COMMS,255,BROADCAST,0,HEARTBEAT,48,HEARTBEAT,0,0,0,0,0,0,0x1800FFC0
1777180741.247,78133,6,3,COMMS,255,BROADCAST,0,HEARTBEAT,48,HEARTBEAT,0,0,0,0,0,0,0x1800FFC0
1777180742.303,79192,6,3,COMMS,255,BROADCAST,0,HEARTBEAT,48,HEARTBEAT,0,0,0,0,0,0,0x1800FFC0
1777180743.331,80225,6,3,COMMS,255,BROADCAST,0,HEARTBEAT,48,HEARTBEAT,0,0,0,0,0,0,0x1800FFC0
1777180744.350,81243,6,3,COMMS,255,BROADCAST,0,HEARTBEAT,48,HEARTBEAT,0,0,0,0,0,0,0x1800FFC0
1777180745.398,82292,6,3,COMMS,255,BROADCAST,0,HEARTBEAT,48,HEARTBEAT,0,0,0,0,0,0,0x1800FFC0
1777180746.469,83325,6,3,COMMS,255,BROADCAST,0,HEARTBEAT,48,HEARTBEAT,0,0,0,0,0,0,0x1800FFC0
1777180747.440,84334,6,3,COMMS,255,BROADCAST,0,HEARTBEAT,48,HEARTBEAT,0,0,0,0,0,0,0x1800FFC0
1777180748.472,85367,6,3,COMMS,255,BROADCAST,0,HEARTBEAT,48,HEARTBEAT,0,0,0,0,0,0,0x1800FFC0
1777180749.542,86426,6,3,COMMS,255,BROADCAST,0,HEARTBEAT,48,HEARTBEAT,0,0,0,0,0,0,0x1800FFC0
1777180750.566,87450,6,3,COMMS,255,BROADCAST,0,HEARTBEAT,48,HEARTBEAT,0,0,0,0,0,0,0x1800FFC0
1777180751.600,88492,6,3,COMMS,255,BROADCAST,0,HEARTBEAT,48,HEARTBEAT,0,0,0,0,0,0,0x1800FFC0
1777180752.631,89525,6,3,COMMS,255,BROADCAST,0,HEARTBEAT,48,HEARTBEAT,0,0,0,0,0,0,0x1800FFC0
1777180753.641,90535,6,3,COMMS,255,BROADCAST,0,HEARTBEAT,48,HEARTBEAT,0,0,0,0,0,0,0x1800FFC0
1777180754.701,91592,6,3,COMMS,255,BROADCAST,0,HEARTBEAT,48,HEARTBEAT,0,0,0,0,0,0,0x1800FFC0
1777180755.713,92607,6,3,COMMS,255,BROADCAST,0,HEARTBEAT,48,HEARTBEAT,0,0,0,0,0,0,0x1800FFC0
1777180756.716,93611,6,3,COMMS,255,BROADCAST,0,HEARTBEAT,48,HEARTBEAT,0,0,0,0,0,0,0x1800FFC0
1777180757.835,94692,6,3,COMMS,255,BROADCAST,0,HEARTBEAT,48,HEARTBEAT,0,0,0,0,0,0,0x1800FFC0
1777180758.813,95707,6,3,COMMS,255,BROADCAST,0,HEARTBEAT,48,HEARTBEAT,0,0,0,0,0,0,0x1800FFC0
1777180759.884,96759,6,3,COMMS,255,BROADCAST,0,HEARTBEAT,48,HEARTBEAT,0,0,0,0,0,0,0x1800FFC0
1777180760.901,97792,6,3,COMMS,255,BROADCAST,0,HEARTBEAT,48,HEARTBEAT,0,0,0,0,0,0,0x1800FFC0
1777180761.932,98826,6,3,COMMS,255,BROADCAST,0,HEARTBEAT,48,HEARTBEAT,0,0,0,0,0,0,0x1800FFC0
1777180762.956,99841,6,3,COMMS,255,BROADCAST,0,HEARTBEAT,48,HEARTBEAT,0,0,0,0,0,0,0x1800FFC0
1777180763.998,100893,6,3,COMMS,255,BROADCAST,0,HEARTBEAT,48,HEARTBEAT,0,0,0,0,0,0,0x1800FFC0
1777180765.028,101923,6,3,COMMS,255,BROADCAST,0,HEARTBEAT,48,HEARTBEAT,0,0,0,0,0,0,0x1800FFC0
1777180766.065,102959,6,3,COMMS,255,BROADCAST,0,HEARTBEAT,48,HEARTBEAT,0,0,0,0,0,0,0x1800FFC0
1777180767.099,103993,6,3,COMMS,255,BROADCAST,0,HEARTBEAT,48,HEARTBEAT,0,0,0,0,0,0,0x1800FFC0
1777180768.131,105026,6,3,COMMS,255,BROADCAST,0,HEARTBEAT,48,HEARTBEAT,0,0,0,0,0,0,0x1800FFC0
1777180769.194,106058,6,3,COMMS,255,BROADCAST,0,HEARTBEAT,48,HEARTBEAT,0,0,0,0,0,0,0x1800FFC0
1777180770.218,107093,6,3,COMMS,255,BROADCAST,0,HEARTBEAT,48,HEARTBEAT,0,0,0,0,0,0,0x1800FFC0
1777180771.250,108120,6,3,COMMS,255,BROADCAST,0,HEARTBEAT,48,HEARTBEAT,0,0,0,0,0,0,0x1800FFC0
1777180772.269,109147,6,3,COMMS,255,BROADCAST,0,HEARTBEAT,48,HEARTBEAT,0,0,0,0,0,0,0x1800FFC0
1777180773.256,110150,6,3,COMMS,255,BROADCAST,0,HEARTBEAT,48,HEARTBEAT,0,0,0,0,0,0,0x1800FFC0
1777180774.333,111227,6,3,COMMS,255,BROADCAST,0,HEARTBEAT,48,HEARTBEAT,0,0,0,0,0,0,0x1800FFC0
1777180775.349,112235,6,3,COMMS,255,BROADCAST,0,HEARTBEAT,48,HEARTBEAT,0,0,0,0,0,0,0x1800FFC0
1777180776.400,113294,6,3,COMMS,255,BROADCAST,0,HEARTBEAT,48,HEARTBEAT,0,0,0,0,0,0,0x1800FFC0
1777180777.433,114327,6,3,COMMS,255,BROADCAST,0,HEARTBEAT,48,HEARTBEAT,0,0,0,0,0,0,0x1800FFC0
1777180778.466,115360,6,3,COMMS,255,BROADCAST,0,HEARTBEAT,48,HEARTBEAT,0,0,0,0,0,0,0x1800FFC0
1777180779.499,116394,6,3,COMMS,255,BROADCAST,0,HEARTBEAT,48,HEARTBEAT,0,0,0,0,0,0,0x1800FFC0
1777180780.524,117418,6,3,COMMS,255,BROADCAST,0,HEARTBEAT,48,HEARTBEAT,0,0,0,0,0,0,0x1800FFC0
1777180781.592,118460,6,3,COMMS,255,BROADCAST,0,HEARTBEAT,48,HEARTBEAT,0,0,0,0,0,0,0x1800FFC0
1777180782.607,119494,6,3,COMMS,255,BROADCAST,0,HEARTBEAT,48,HEARTBEAT,0,0,0,0,0,0,0x1800FFC0
1777180783.640,120508,6,3,COMMS,255,BROADCAST,0,HEARTBEAT,48,HEARTBEAT,0,0,0,0,0,0,0x1800FFC0
1777180784.666,121549,6,3,COMMS,255,BROADCAST,0,HEARTBEAT,48,HEARTBEAT,0,0,0,0,0,0,0x1800FFC0
1777180785.689,122557,6,3,COMMS,255,BROADCAST,0,HEARTBEAT,48,HEARTBEAT,0,0,0,0,0,0,0x1800FFC0
1777180786.734,123628,6,3,COMMS,255,BROADCAST,0,HEARTBEAT,48,HEARTBEAT,0,0,0,0,0,0,0x1800FFC0
1777180787.759,124653,6,3,COMMS,255,BROADCAST,0,HEARTBEAT,48,HEARTBEAT,0,0,0,0,0,0,0x1800FFC0
1777180788.800,125694,6,3,COMMS,255,BROADCAST,0,HEARTBEAT,48,HEARTBEAT,0,0,0,0,0,0,0x1800FFC0
1777180789.833,126728,6,3,COMMS,255,BROADCAST,0,HEARTBEAT,48,HEARTBEAT,0,0,0,0,0,0,0x1800FFC0
1777180790.855,127749,6,3,COMMS,255,BROADCAST,0,HEARTBEAT,48,HEARTBEAT,0,0,0,0,0,0,0x1800FFC0
1777180791.935,128794,6,3,COMMS,255,BROADCAST,0,HEARTBEAT,48,HEARTBEAT,0,0,0,0,0,0,0x1800FFC0
1777180792.961,129828,6,3,COMMS,255,BROADCAST,0,HEARTBEAT,48,HEARTBEAT,0,0,0,0,0,0,0x1800FFC0
1777180793.984,130839,6,3,COMMS,255,BROADCAST,0,HEARTBEAT,48,HEARTBEAT,0,0,0,0,0,0,0x1800FFC0
1777180795.010,131894,6,3,COMMS,255,BROADCAST,0,HEARTBEAT,48,HEARTBEAT,0,0,0,0,0,0,0x1800FFC0
1777180796.032,132895,6,3,COMMS,255,BROADCAST,0,HEARTBEAT,48,HEARTBEAT,0,0,0,0,0,0,0x1800FFC0
1777180797.066,133941,6,3,COMMS,255,BROADCAST,0,HEARTBEAT,48,HEARTBEAT,0,0,0,0,0,0,0x1800FFC0
1777180798.101,134995,6,3,COMMS,255,BROADCAST,0,HEARTBEAT,48,HEARTBEAT,0,0,0,0,0,0,0x1800FFC0
1777180799.130,136024,6,3,COMMS,255,BROADCAST,0,HEARTBEAT,48,HEARTBEAT,0,0,0,0,0,0,0x1800FFC0
1777180800.153,137048,6,3,COMMS,255,BROADCAST,0,HEARTBEAT,48,HEARTBEAT,0,0,0,0,0,0,0x1800FFC0
1777180801.201,138095,6,3,COMMS,255,BROADCAST,0,HEARTBEAT,48,HEARTBEAT,0,0,0,0,0,0,0x1800FFC0
1777180802.235,139128,6,3,COMMS,255,BROADCAST,0,HEARTBEAT,48,HEARTBEAT,0,0,0,0,0,0,0x1800FFC0
1777180803.246,140139,6,3,COMMS,255,BROADCAST,0,HEARTBEAT,48,HEARTBEAT,0,0,0,0,0,0,0x1800FFC0
1777180804.326,141195,6,3,COMMS,255,BROADCAST,0,HEARTBEAT,48,HEARTBEAT,0,0,0,0,0,0,0x1800FFC0
1777180805.350,142229,6,3,COMMS,255,BROADCAST,0,HEARTBEAT,48,HEARTBEAT,0,0,0,0,0,0,0x1800FFC0
1777180806.375,143229,6,3,COMMS,255,BROADCAST,0,HEARTBEAT,48,HEARTBEAT,0,0,0,0,0,0,0x1800FFC0
1777180807.399,144268,6,3,COMMS,255,BROADCAST,0,HEARTBEAT,48,HEARTBEAT,0,0,0,0,0,0,0x1800FFC0
1777180808.436,145329,6,3,COMMS,255,BROADCAST,0,HEARTBEAT,48,HEARTBEAT,0,0,0,0,0,0,0x1800FFC0
1777180809.447,146331,6,3,COMMS,255,BROADCAST,0,HEARTBEAT,48,HEARTBEAT,0,0,0,0,0,0,0x1800FFC0
1777180810.470,147351,6,3,COMMS,255,BROADCAST,0,HEARTBEAT,48,HEARTBEAT,0,0,0,0,0,0,0x1800FFC0
1777180811.520,148414,6,3,COMMS,255,BROADCAST,0,HEARTBEAT,48,HEARTBEAT,0,0,0,0,0,0,0x1800FFC0
1777180812.569,149463,6,3,COMMS,255,BROADCAST,0,HEARTBEAT,48,HEARTBEAT,0,0,0,0,0,0,0x1800FFC0
1777180813.602,150496,6,3,COMMS,255,BROADCAST,0,HEARTBEAT,48,HEARTBEAT,0,0,0,0,0,0,0x1800FFC0
1777180814.670,151530,6,3,COMMS,255,BROADCAST,0,HEARTBEAT,48,HEARTBEAT,0,0,0,0,0,0,0x1800FFC0
1777180815.694,152563,6,3,COMMS,255,BROADCAST,0,HEARTBEAT,48,HEARTBEAT,0,0,0,0,0,0,0x1800FFC0
1777180816.717,153589,6,3,COMMS,255,BROADCAST,0,HEARTBEAT,48,HEARTBEAT,0,0,0,0,0,0,0x1800FFC0
1777180817.742,154630,6,3,COMMS,255,BROADCAST,0,HEARTBEAT,48,HEARTBEAT,0,0,0,0,0,0,0x1800FFC0
1777180818.771,155664,6,3,COMMS,255,BROADCAST,0,HEARTBEAT,48,HEARTBEAT,0,0,0,0,0,0,0x1800FFC0
1777180819.789,156678,6,3,COMMS,255,BROADCAST,0,HEARTBEAT,48,HEARTBEAT,0,0,0,0,0,0,0x1800FFC0
1777180820.844,157730,6,3,COMMS,255,BROADCAST,0,HEARTBEAT,48,HEARTBEAT,0,0,0,0,0,0,0x1800FFC0
1777180821.870,158764,6,3,COMMS,255,BROADCAST,0,HEARTBEAT,48,HEARTBEAT,0,0,0,0,0,0,0x1800FFC0
1777180822.890,159781,6,3,COMMS,255,BROADCAST,0,HEARTBEAT,48,HEARTBEAT,0,0,0,0,0,0,0x1800FFC0
1777180823.910,160804,6,3,COMMS,255,BROADCAST,0,HEARTBEAT,48,HEARTBEAT,0,0,0,0,0,0,0x1800FFC0
1777180825.012,161864,6,3,COMMS,255,BROADCAST,0,HEARTBEAT,48,HEARTBEAT,0,0,0,0,0,0,0x1800FFC0
1777180825.994,162887,6,3,COMMS,255,BROADCAST,0,HEARTBEAT,48,HEARTBEAT,0,0,0,0,0,0,0x1800FFC0
1777180827.053,163931,6,3,COMMS,255,BROADCAST,0,HEARTBEAT,48,HEARTBEAT,0,0,0,0,0,0,0x1800FFC0
1777180828.084,164951,6,3,COMMS,255,BROADCAST,0,HEARTBEAT,48,HEARTBEAT,0,0,0,0,0,0,0x1800FFC0
1777180829.065,165958,6,3,COMMS,255,BROADCAST,0,HEARTBEAT,48,HEARTBEAT,0,0,0,0,0,0,0x1800FFC0
1777180830.138,167032,6,3,COMMS,255,BROADCAST,0,HEARTBEAT,48,HEARTBEAT,0,0,0,0,0,0,0x1800FFC0
1777180831.156,168042,6,3,COMMS,255,BROADCAST,0,HEARTBEAT,48,HEARTBEAT,0,0,0,0,0,0,0x1800FFC0
1777180832.205,169098,6,3,COMMS,255,BROADCAST,0,HEARTBEAT,48,HEARTBEAT,0,0,0,0,0,0,0x1800FFC0
1777180833.229,170122,6,3,COMMS,255,BROADCAST,0,HEARTBEAT,48,HEARTBEAT,0,0,0,0,0,0,0x1800FFC0
1777180834.272,171165,6,3,COMMS,255,BROADCAST,0,HEARTBEAT,48,HEARTBEAT,0,0,0,0,0,0,0x1800FFC0
1777180835.304,172198,6,3,COMMS,255,BROADCAST,0,HEARTBEAT,48,HEARTBEAT,0,0,0,0,0,0,0x1800FFC0
1777180836.368,173232,6,3,COMMS,255,BROADCAST,0,HEARTBEAT,48,HEARTBEAT,0,0,0,0,0,0,0x1800FFC0
1777180837.402,174265,6,3,COMMS,255,BROADCAST,0,HEARTBEAT,48,HEARTBEAT,0,0,0,0,0,0,0x1800FFC0
1777180838.420,175278,6,3,COMMS,255,BROADCAST,0,HEARTBEAT,48,HEARTBEAT,0,0,0,0,0,0,0x1800FFC0
1777180839.448,176332,6,3,COMMS,255,BROADCAST,0,HEARTBEAT,48,HEARTBEAT,0,0,0,0,0,0,0x1800FFC0
1777180840.472,177361,6,3,COMMS,255,BROADCAST,0,HEARTBEAT,48,HEARTBEAT,0,0,0,0,0,0,0x1800FFC0
1777180841.506,178399,6,3,COMMS,255,BROADCAST,0,HEARTBEAT,48,HEARTBEAT,0,0,0,0,0,0,0x1800FFC0
1777180842.539,179432,6,3,COMMS,255,BROADCAST,0,HEARTBEAT,48,HEARTBEAT,0,0,0,0,0,0,0x1800FFC0
1777180843.547,180434,6,3,COMMS,255,BROADCAST,0,HEARTBEAT,48,HEARTBEAT,0,0,0,0,0,0,0x1800FFC0
1777180844.569,181454,6,3,COMMS,255,BROADCAST,0,HEARTBEAT,48,HEARTBEAT,0,0,0,0,0,0,0x1800FFC0
1777180845.619,182511,6,3,COMMS,255,BROADCAST,0,HEARTBEAT,48,HEARTBEAT,0,0,0,0,0,0,0x1800FFC0
1777180846.672,183566,6,3,COMMS,255,BROADCAST,0,HEARTBEAT,48,HEARTBEAT,0,0,0,0,0,0,0x1800FFC0
1777180847.739,184599,6,3,COMMS,255,BROADCAST,0,HEARTBEAT,48,HEARTBEAT,0,0,0,0,0,0,0x1800FFC0
1777180848.768,185633,6,3,COMMS,255,BROADCAST,0,HEARTBEAT,48,HEARTBEAT,0,0,0,0,0,0,0x1800FFC0
1777180849.792,186666,6,3,COMMS,255,BROADCAST,0,HEARTBEAT,48,HEARTBEAT,0,0,0,0,0,0,0x1800FFC0
1777180850.817,187670,6,3,COMMS,255,BROADCAST,0,HEARTBEAT,48,HEARTBEAT,0,0,0,0,0,0,0x1800FFC0
1777180851.839,188733,6,3,COMMS,255,BROADCAST,0,HEARTBEAT,48,HEARTBEAT,0,0,0,0,0,0,0x1800FFC0
1777180852.874,189766,6,3,COMMS,255,BROADCAST,0,HEARTBEAT,48,HEARTBEAT,0,0,0,0,0,0,0x1800FFC0
1777180853.907,190800,6,3,COMMS,255,BROADCAST,0,HEARTBEAT,48,HEARTBEAT,0,0,0,0,0,0,0x1800FFC0
1777180854.941,191833,6,3,COMMS,255,BROADCAST,0,HEARTBEAT,48,HEARTBEAT,0,0,0,0,0,0,0x1800FFC0
1777180855.960,192853,6,3,COMMS,255,BROADCAST,0,HEARTBEAT,48,HEARTBEAT,0,0,0,0,0,0,0x1800FFC0
1777180857.007,193900,6,3,COMMS,255,BROADCAST,0,HEARTBEAT,48,HEARTBEAT,0,0,0,0,0,0,0x1800FFC0
1777180858.011,194904,6,3,COMMS,255,BROADCAST,0,HEARTBEAT,48,HEARTBEAT,0,0,0,0,0,0,0x1800FFC0
1777180859.112,195967,6,3,COMMS,255,BROADCAST,0,HEARTBEAT,48,HEARTBEAT,0,0,0,0,0,0,0x1800FFC0
1777180860.135,196987,6,3,COMMS,255,BROADCAST,0,HEARTBEAT,48,HEARTBEAT,0,0,0,0,0,0,0x1800FFC0
1777180861.160,198034,6,3,COMMS,255,BROADCAST,0,HEARTBEAT,48,HEARTBEAT,0,0,0,0,0,0,0x1800FFC0
1777180862.185,199068,6,3,COMMS,255,BROADCAST,0,HEARTBEAT,48,HEARTBEAT,0,0,0,0,0,0,0x1800FFC0
1777180863.212,200089,6,3,COMMS,255,BROADCAST,0,HEARTBEAT,48,HEARTBEAT,0,0,0,0,0,0,0x1800FFC0
1777180864.241,201135,6,3,COMMS,255,BROADCAST,0,HEARTBEAT,48,HEARTBEAT,0,0,0,0,0,0,0x1800FFC0
1777180865.275,202168,6,3,COMMS,255,BROADCAST,0,HEARTBEAT,48,HEARTBEAT,0,0,0,0,0,0,0x1800FFC0
1777180866.279,203172,6,3,COMMS,255,BROADCAST,0,HEARTBEAT,48,HEARTBEAT,0,0,0,0,0,0,0x1800FFC0
1777180867.334,204226,6,3,COMMS,255,BROADCAST,0,HEARTBEAT,48,HEARTBEAT,0,0,0,0,0,0,0x1800FFC0
1777180868.347,205239,6,3,COMMS,255,BROADCAST,0,HEARTBEAT,48,HEARTBEAT,0,0,0,0,0,0,0x1800FFC0
1777180869.414,206302,6,3,COMMS,255,BROADCAST,0,HEARTBEAT,48,HEARTBEAT,0,0,0,0,0,0,0x1800FFC0
1777180870.470,207336,6,3,COMMS,255,BROADCAST,0,HEARTBEAT,48,HEARTBEAT,0,0,0,0,0,0,0x1800FFC0
1777180871.503,208369,6,3,COMMS,255,BROADCAST,0,HEARTBEAT,48,HEARTBEAT,0,0,0,0,0,0,0x1800FFC0
1777180872.478,209371,6,3,COMMS,255,BROADCAST,0,HEARTBEAT,48,HEARTBEAT,0,0,0,0,0,0,0x1800FFC0
1777180873.562,210436,6,3,COMMS,255,BROADCAST,0,HEARTBEAT,48,HEARTBEAT,0,0,0,0,0,0,0x1800FFC0
1777180874.575,211467,6,3,COMMS,255,BROADCAST,0,HEARTBEAT,48,HEARTBEAT,0,0,0,0,0,0,0x1800FFC0
1777180875.613,212503,6,3,COMMS,255,BROADCAST,0,HEARTBEAT,48,HEARTBEAT,0,0,0,0,0,0,0x1800FFC0
1777180876.644,213537,6,3,COMMS,255,BROADCAST,0,HEARTBEAT,48,HEARTBEAT,0,0,0,0,0,0,0x1800FFC0
1777180877.667,214560,6,3,COMMS,255,BROADCAST,0,HEARTBEAT,48,HEARTBEAT,0,0,0,0,0,0,0x1800FFC0
1777180878.711,215604,6,3,COMMS,255,BROADCAST,0,HEARTBEAT,48,HEARTBEAT,0,0,0,0,0,0,0x1800FFC0
1777180879.744,216637,6,3,COMMS,255,BROADCAST,0,HEARTBEAT,48,HEARTBEAT,0,0,0,0,0,0,0x1800FFC0
1777180880.777,217671,6,3,COMMS,255,BROADCAST,0,HEARTBEAT,48,HEARTBEAT,0,0,0,0,0,0,0x1800FFC0
1777180881.803,218695,6,3,COMMS,255,BROADCAST,0,HEARTBEAT,48,HEARTBEAT,0,0,0,0,0,0,0x1800FFC0
1777180882.877,219738,6,3,COMMS,255,BROADCAST,0,HEARTBEAT,48,HEARTBEAT,0,0,0,0,0,0,0x1800FFC0
1777180883.901,220758,6,3,COMMS,255,BROADCAST,0,HEARTBEAT,48,HEARTBEAT,0,0,0,0,0,0,0x1800FFC0
1777180884.922,221778,6,3,COMMS,255,BROADCAST,0,HEARTBEAT,48,HEARTBEAT,0,0,0,0,0,0,0x1800FFC0
1777180885.946,222838,6,3,COMMS,255,BROADCAST,0,HEARTBEAT,48,HEARTBEAT,0,0,0,0,0,0,0x1800FFC0
1777180886.974,223849,6,3,COMMS,255,BROADCAST,0,HEARTBEAT,48,HEARTBEAT,0,0,0,0,0,0,0x1800FFC0
1777180888.012,224905,6,3,COMMS,255,BROADCAST,0,HEARTBEAT,48,HEARTBEAT,0,0,0,0,0,0,0x1800FFC0
1777180889.046,225938,6,3,COMMS,255,BROADCAST,0,HEARTBEAT,48,HEARTBEAT,0,0,0,0,0,0,0x1800FFC0
1777180890.079,226972,6,3,COMMS,255,BROADCAST,0,HEARTBEAT,48,HEARTBEAT,0,0,0,0,0,0,0x1800FFC0
1777180891.112,228005,6,3,COMMS,255,BROADCAST,0,HEARTBEAT,48,HEARTBEAT,0,0,0,0,0,0,0x1800FFC0
1777180892.131,229024,6,3,COMMS,255,BROADCAST,0,HEARTBEAT,48,HEARTBEAT,0,0,0,0,0,0,0x1800FFC0
1777180893.218,230072,6,3,COMMS,255,BROADCAST,0,HEARTBEAT,48,HEARTBEAT,0,0,0,0,0,0,0x1800FFC0
1777180894.234,231087,6,3,COMMS,255,BROADCAST,0,HEARTBEAT,48,HEARTBEAT,0,0,0,0,0,0,0x1800FFC0
1777180895.269,232139,6,3,COMMS,255,BROADCAST,0,HEARTBEAT,48,HEARTBEAT,0,0,0,0,0,0,0x1800FFC0
1777180896.292,233171,6,3,COMMS,255,BROADCAST,0,HEARTBEAT,48,HEARTBEAT,0,0,0,0,0,0,0x1800FFC0
1777180897.317,234206,6,3,COMMS,255,BROADCAST,0,HEARTBEAT,48,HEARTBEAT,0,0,0,0,0,0,0x1800FFC0
1777180898.347,235239,6,3,COMMS,255,BROADCAST,0,HEARTBEAT,48,HEARTBEAT,0,0,0,0,0,0,0x1800FFC0
1777180899.365,236243,6,3,COMMS,255,BROADCAST,0,HEARTBEAT,48,HEARTBEAT,0,0,0,0,0,0,0x1800FFC0
1777180900.410,237303,6,3,COMMS,255,BROADCAST,0,HEARTBEAT,48,HEARTBEAT,0,0,0,0,0,0,0x1800FFC0
1777180901.418,238310,6,3,COMMS,255,BROADCAST,0,HEARTBEAT,48,HEARTBEAT,0,0,0,0,0,0,0x1800FFC0
1777180902.480,239373,6,3,COMMS,255,BROADCAST,0,HEARTBEAT,48,HEARTBEAT,0,0,0,0,0,0,0x1800FFC0
1777180903.493,240386,6,3,COMMS,255,BROADCAST,0,HEARTBEAT,48,HEARTBEAT,0,0,0,0,0,0,0x1800FFC0
1777180904.511,241404,6,3,COMMS,255,BROADCAST,0,HEARTBEAT,48,HEARTBEAT,0,0,0,0,0,0,0x1800FFC0
1777180905.601,242473,6,3,COMMS,255,BROADCAST,0,HEARTBEAT,48,HEARTBEAT,0,0,0,0,0,0,0x1800FFC0
1777180906.585,243478,6,3,COMMS,255,BROADCAST,0,HEARTBEAT,48,HEARTBEAT,0,0,0,0,0,0,0x1800FFC0
1777180907.656,244540,6,3,COMMS,255,BROADCAST,0,HEARTBEAT,48,HEARTBEAT,0,0,0,0,0,0,0x1800FFC0
1777180908.684,245561,6,3,COMMS,255,BROADCAST,0,HEARTBEAT,48,HEARTBEAT,0,0,0,0,0,0,0x1800FFC0
1777180909.715,246607,6,3,COMMS,255,BROADCAST,0,HEARTBEAT,48,HEARTBEAT,0,0,0,0,0,0,0x1800FFC0
1777180910.747,247641,6,3,COMMS,255,BROADCAST,0,HEARTBEAT,48,HEARTBEAT,0,0,0,0,0,0,0x1800FFC0
1777180911.773,248665,6,3,COMMS,255,BROADCAST,0,HEARTBEAT,48,HEARTBEAT,0,0,0,0,0,0,0x1800FFC0
1777180912.814,249707,6,3,COMMS,255,BROADCAST,0,HEARTBEAT,48,HEARTBEAT,0,0,0,0,0,0,0x1800FFC0
1777180913.848,250741,6,3,COMMS,255,BROADCAST,0,HEARTBEAT,48,HEARTBEAT,0,0,0,0,0,0,0x1800FFC0
1777180914.861,251754,6,3,COMMS,255,BROADCAST,0,HEARTBEAT,48,HEARTBEAT,0,0,0,0,0,0,0x1800FFC0
1777180915.944,252807,6,3,COMMS,255,BROADCAST,0,HEARTBEAT,48,HEARTBEAT,0,0,0,0,0,0,0x1800FFC0
1777180916.966,253841,6,3,COMMS,255,BROADCAST,0,HEARTBEAT,48,HEARTBEAT,0,0,0,0,0,0,0x1800FFC0
1777180918.002,254874,6,3,COMMS,255,BROADCAST,0,HEARTBEAT,48,HEARTBEAT,0,0,0,0,0,0,0x1800FFC0
1777180919.026,255908,6,3,COMMS,255,BROADCAST,0,HEARTBEAT,48,HEARTBEAT,0,0,0,0,0,0,0x1800FFC0
1777180920.050,256941,6,3,COMMS,255,BROADCAST,0,HEARTBEAT,48,HEARTBEAT,0,0,0,0,0,0,0x1800FFC0
1777180921.089,257975,6,3,COMMS,255,BROADCAST,0,HEARTBEAT,48,HEARTBEAT,0,0,0,0,0,0,0x1800FFC0
1777180922.102,258994,6,3,COMMS,255,BROADCAST,0,HEARTBEAT,48,HEARTBEAT,0,0,0,0,0,0,0x1800FFC0
1777180923.142,260034,6,3,COMMS,255,BROADCAST,0,HEARTBEAT,48,HEARTBEAT,0,0,0,0,0,0,0x1800FFC0
1777180924.182,261075,6,3,COMMS,255,BROADCAST,0,HEARTBEAT,48,HEARTBEAT,0,0,0,0,0,0,0x1800FFC0
1777180925.216,262108,6,3,COMMS,255,BROADCAST,0,HEARTBEAT,48,HEARTBEAT,0,0,0,0,0,0,0x1800FFC0
1777180926.216,263109,6,3,COMMS,255,BROADCAST,0,HEARTBEAT,48,HEARTBEAT,0,0,0,0,0,0,0x1800FFC0
1777180927.311,264175,6,3,COMMS,255,BROADCAST,0,HEARTBEAT,48,HEARTBEAT,0,0,0,0,0,0,0x1800FFC0
1777180928.344,265191,6,3,COMMS,255,BROADCAST,0,HEARTBEAT,48,HEARTBEAT,0,0,0,0,0,0,0x1800FFC0
1777180929.362,266242,6,3,COMMS,255,BROADCAST,0,HEARTBEAT,48,HEARTBEAT,0,0,0,0,0,0,0x1800FFC0
1777180930.392,267248,6,3,COMMS,255,BROADCAST,0,HEARTBEAT,48,HEARTBEAT,0,0,0,0,0,0,0x1800FFC0
1777180931.416,268260,6,3,COMMS,255,BROADCAST,0,HEARTBEAT,48,HEARTBEAT,0,0,0,0,0,0,0x1800FFC0
1777180932.449,269342,6,3,COMMS,255,BROADCAST,0,HEARTBEAT,48,HEARTBEAT,0,0,0,0,0,0,0x1800FFC0
1777180933.463,270344,6,3,COMMS,255,BROADCAST,0,HEARTBEAT,48,HEARTBEAT,0,0,0,0,0,0,0x1800FFC0
1777180934.516,271408,6,3,COMMS,255,BROADCAST,0,HEARTBEAT,48,HEARTBEAT,0,0,0,0,0,0,0x1800FFC0
1777180935.547,272440,6,3,COMMS,255,BROADCAST,0,HEARTBEAT,48,HEARTBEAT,0,0,0,0,0,0,0x1800FFC0
1777180936.582,273475,6,3,COMMS,255,BROADCAST,0,HEARTBEAT,48,HEARTBEAT,0,0,0,0,0,0,0x1800FFC0
1777180937.657,274509,6,3,COMMS,255,BROADCAST,0,HEARTBEAT,48,HEARTBEAT,0,0,0,0,0,0,0x1800FFC0
1777180938.621,275514,6,3,COMMS,255,BROADCAST,0,HEARTBEAT,48,HEARTBEAT,0,0,0,0,0,0,0x1800FFC0
1777180939.714,276570,6,3,COMMS,255,BROADCAST,0,HEARTBEAT,48,HEARTBEAT,0,0,0,0,0,0,0x1800FFC0
1777180940.729,277582,6,3,COMMS,255,BROADCAST,0,HEARTBEAT,48,HEARTBEAT,0,0,0,0,0,0,0x1800FFC0
1777180941.750,278642,6,3,COMMS,255,BROADCAST,0,HEARTBEAT,48,HEARTBEAT,0,0,0,0,0,0,0x1800FFC0
1777180942.783,279659,6,3,COMMS,255,BROADCAST,0,HEARTBEAT,48,HEARTBEAT,0,0,0,0,0,0,0x1800FFC0
1777180943.816,280709,6,3,COMMS,255,BROADCAST,0,HEARTBEAT,48,HEARTBEAT,0,0,0,0,0,0,0x1800FFC0
1777180944.851,281742,6,3,COMMS,255,BROADCAST,0,HEARTBEAT,48,HEARTBEAT,0,0,0,0,0,0,0x1800FFC0
1777180945.883,282775,6,3,COMMS,255,BROADCAST,0,HEARTBEAT,48,HEARTBEAT,0,0,0,0,0,0,0x1800FFC0
1777180946.921,283809,6,3,COMMS,255,BROADCAST,0,HEARTBEAT,48,HEARTBEAT,0,0,0,0,0,0,0x1800FFC0
1777180947.924,284817,6,3,COMMS,255,BROADCAST,0,HEARTBEAT,48,HEARTBEAT,0,0,0,0,0,0,0x1800FFC0
1777180949.022,285876,6,3,COMMS,255,BROADCAST,0,HEARTBEAT,48,HEARTBEAT,0,0,0,0,0,0,0x1800FFC0
1777180950.053,286900,6,3,COMMS,255,BROADCAST,0,HEARTBEAT,48,HEARTBEAT,0,0,0,0,0,0,0x1800FFC0
1777180951.076,287942,6,3,COMMS,255,BROADCAST,0,HEARTBEAT,48,HEARTBEAT,0,0,0,0,0,0,0x1800FFC0
1777180952.096,288976,6,3,COMMS,255,BROADCAST,0,HEARTBEAT,48,HEARTBEAT,0,0,0,0,0,0,0x1800FFC0
1777180953.118,290009,6,3,COMMS,255,BROADCAST,0,HEARTBEAT,48,HEARTBEAT,0,0,0,0,0,0,0x1800FFC0
1777180954.148,291037,6,3,COMMS,255,BROADCAST,0,HEARTBEAT,48,HEARTBEAT,0,0,0,0,0,0,0x1800FFC0
1777180955.173,292051,6,3,COMMS,255,BROADCAST,0,HEARTBEAT,48,HEARTBEAT,0,0,0,0,0,0,0x1800FFC0
1777180956.218,293109,6,3,COMMS,255,BROADCAST,0,HEARTBEAT,48,HEARTBEAT,0,0,0,0,0,0,0x1800FFC0
1777180957.243,294134,6,3,COMMS,255,BROADCAST,0,HEARTBEAT,48,HEARTBEAT,0,0,0,0,0,0,0x1800FFC0
1777180958.284,295176,6,3,COMMS,255,BROADCAST,0,HEARTBEAT,48,HEARTBEAT,0,0,0,0,0,0,0x1800FFC0
1777180959.293,296185,6,3,COMMS,255,BROADCAST,0,HEARTBEAT,48,HEARTBEAT,0,0,0,0,0,0,0x1800FFC0
1777180960.390,297243,6,3,COMMS,255,BROADCAST,0,HEARTBEAT,48,HEARTBEAT,0,0,0,0,0,0,0x1800FFC0
1777180961.408,298276,6,3,COMMS,255,BROADCAST,0,HEARTBEAT,48,HEARTBEAT,0,0,0,0,0,0,0x1800FFC0
1777180962.441,299309,6,3,COMMS,255,BROADCAST,0,HEARTBEAT,48,HEARTBEAT,0,0,0,0,0,0,0x1800FFC0
1777180963.468,300342,6,3,COMMS,255,BROADCAST,0,HEARTBEAT,48,HEARTBEAT,0,0,0,0,0,0,0x1800FFC0
1777180964.492,301366,6,3,COMMS,255,BROADCAST,0,HEARTBEAT,48,HEARTBEAT,0,0,0,0,0,0,0x1800FFC0
1777180965.518,302409,6,3,COMMS,255,BROADCAST,0,HEARTBEAT,48,HEARTBEAT,0,0,0,0,0,0,0x1800FFC0
1777180966.550,303442,6,3,COMMS,255,BROADCAST,0,HEARTBEAT,48,HEARTBEAT,0,0,0,0,0,0,0x1800FFC0
1777180967.553,304442,6,3,COMMS,255,BROADCAST,0,HEARTBEAT,48,HEARTBEAT,0,0,0,0,0,0,0x1800FFC0
1777180968.590,305470,6,3,COMMS,255,BROADCAST,0,HEARTBEAT,48,HEARTBEAT,0,0,0,0,0,0,0x1800FFC0
1777180969.650,306542,6,3,COMMS,255,BROADCAST,0,HEARTBEAT,48,HEARTBEAT,0,0,0,0,0,0,0x1800FFC0
1777180970.672,307565,6,3,COMMS,255,BROADCAST,0,HEARTBEAT,48,HEARTBEAT,0,0,0,0,0,0,0x1800FFC0
1777180971.758,308608,6,3,COMMS,255,BROADCAST,0,HEARTBEAT,48,HEARTBEAT,0,0,0,0,0,0,0x1800FFC0
1777180972.774,309641,6,3,COMMS,255,BROADCAST,0,HEARTBEAT,48,HEARTBEAT,0,0,0,0,0,0,0x1800FFC0
1777180973.810,310653,6,3,COMMS,255,BROADCAST,0,HEARTBEAT,48,HEARTBEAT,0,0,0,0,0,0,0x1800FFC0
1777180974.816,311708,6,3,COMMS,255,BROADCAST,0,HEARTBEAT,48,HEARTBEAT,0,0,0,0,0,0,0x1800FFC0
1777180975.862,312728,6,3,COMMS,255,BROADCAST,0,HEARTBEAT,48,HEARTBEAT,0,0,0,0,0,0,0x1800FFC0
1777180976.883,313774,6,3,COMMS,255,BROADCAST,0,HEARTBEAT,48,HEARTBEAT,0,0,0,0,0,0,0x1800FFC0
1777180977.915,314807,6,3,COMMS,255,BROADCAST,0,HEARTBEAT,48,HEARTBEAT,0,0,0,0,0,0,0x1800FFC0
1777180978.943,315835,6,3,COMMS,255,BROADCAST,0,HEARTBEAT,48,HEARTBEAT,0,0,0,0,0,0,0x1800FFC0
1777180979.982,316874,6,3,COMMS,255,BROADCAST,0,HEARTBEAT,48,HEARTBEAT,0,0,0,0,0,0,0x1800FFC0
1777180981.014,317907,6,3,COMMS,255,BROADCAST,0,HEARTBEAT,48,HEARTBEAT,0,0,0,0,0,0,0x1800FFC0
1777180982.021,318913,6,3,COMMS,255,BROADCAST,0,HEARTBEAT,48,HEARTBEAT,0,0,0,0,0,0,0x1800FFC0
1777180983.115,319973,6,3,COMMS,255,BROADCAST,0,HEARTBEAT,48,HEARTBEAT,0,0,0,0,0,0,0x1800FFC0
1777180984.104,320995,6,3,COMMS,255,BROADCAST,0,HEARTBEAT,48,HEARTBEAT,0,0,0,0,0,0,0x1800FFC0
1777180985.165,322040,6,3,COMMS,255,BROADCAST,0,HEARTBEAT,48,HEARTBEAT,0,0,0,0,0,0,0x1800FFC0
1777180986.182,323073,6,3,COMMS,255,BROADCAST,0,HEARTBEAT,48,HEARTBEAT,0,0,0,0,0,0,0x1800FFC0
1777180987.215,324106,6,3,COMMS,255,BROADCAST,0,HEARTBEAT,48,HEARTBEAT,0,0,0,0,0,0,0x1800FFC0
1777180988.242,325123,6,3,COMMS,255,BROADCAST,0,HEARTBEAT,48,HEARTBEAT,0,0,0,0,0,0,0x1800FFC0
1777180989.255,326138,6,3,COMMS,255,BROADCAST,0,HEARTBEAT,48,HEARTBEAT,0,0,0,0,0,0,0x1800FFC0
1777180990.314,327206,6,3,COMMS,255,BROADCAST,0,HEARTBEAT,48,HEARTBEAT,0,0,0,0,0,0,0x1800FFC0
1777180991.314,328220,6,3,COMMS,255,BROADCAST,0,HEARTBEAT,48,HEARTBEAT,0,0,0,0,0,0,0x1800FFC0
1777180992.381,329273,6,3,COMMS,255,BROADCAST,0,HEARTBEAT,48,HEARTBEAT,0,0,0,0,0,0,0x1800FFC0
1777180993.415,330307,6,3,COMMS,255,BROADCAST,0,HEARTBEAT,48,HEARTBEAT,0,0,0,0,0,0,0x1800FFC0
1777180994.443,331335,6,3,COMMS,255,BROADCAST,0,HEARTBEAT,48,HEARTBEAT,0,0,0,0,0,0,0x1800FFC0
1777180995.542,332373,6,3,COMMS,255,BROADCAST,0,HEARTBEAT,48,HEARTBEAT,0,0,0,0,0,0,0x1800FFC0
1777180996.531,333407,6,3,COMMS,255,BROADCAST,0,HEARTBEAT,48,HEARTBEAT,0,0,0,0,0,0,0x1800FFC0
1777180997.560,334440,6,3,COMMS,255,BROADCAST,0,HEARTBEAT,48,HEARTBEAT,0,0,0,0,0,0,0x1800FFC0
1777180998.581,335464,6,3,COMMS,255,BROADCAST,0,HEARTBEAT,48,HEARTBEAT,0,0,0,0,0,0,0x1800FFC0
1777180999.615,336506,6,3,COMMS,255,BROADCAST,0,HEARTBEAT,48,HEARTBEAT,0,0,0,0,0,0,0x1800FFC0
1777181000.648,337540,6,3,COMMS,255,BROADCAST,0,HEARTBEAT,48,HEARTBEAT,0,0,0,0,0,0,0x1800FFC0
1777181001.663,338555,6,3,COMMS,255,BROADCAST,0,HEARTBEAT,48,HEARTBEAT,0,0,0,0,0,0,0x1800FFC0
1777181002.714,339606,6,3,COMMS,255,BROADCAST,0,HEARTBEAT,48,HEARTBEAT,0,0,0,0,0,0,0x1800FFC0
1777181003.726,340619,6,3,COMMS,255,BROADCAST,0,HEARTBEAT,48,HEARTBEAT,0,0,0,0,0,0,0x1800FFC0
1777181004.781,341673,6,3,COMMS,255,BROADCAST,0,HEARTBEAT,48,HEARTBEAT,0,0,0,0,0,0,0x1800FFC0
1777181005.809,342701,6,3,COMMS,255,BROADCAST,0,HEARTBEAT,48,HEARTBEAT,0,0,0,0,0,0,0x1800FFC0
1777181006.878,343739,6,3,COMMS,255,BROADCAST,0,HEARTBEAT,48,HEARTBEAT,0,0,0,0,0,0,0x1800FFC0
1777181007.901,344773,6,3,COMMS,255,BROADCAST,0,HEARTBEAT,48,HEARTBEAT,0,0,0,0,0,0,0x1800FFC0
1777181008.882,345774,6,3,COMMS,255,BROADCAST,0,HEARTBEAT,48,HEARTBEAT,0,0,0,0,0,0,0x1800FFC0
1777181009.950,346839,6,3,COMMS,255,BROADCAST,0,HEARTBEAT,48,HEARTBEAT,0,0,0,0,0,0,0x1800FFC0
1777181010.971,347853,6,3,COMMS,255,BROADCAST,0,HEARTBEAT,48,HEARTBEAT,0,0,0,0,0,0,0x1800FFC0
1777181012.014,348906,6,3,COMMS,255,BROADCAST,0,HEARTBEAT,48,HEARTBEAT,0,0,0,0,0,0,0x1800FFC0
1777181013.029,349920,6,3,COMMS,255,BROADCAST,0,HEARTBEAT,48,HEARTBEAT,0,0,0,0,0,0,0x1800FFC0
1777181014.045,350936,6,3,COMMS,255,BROADCAST,0,HEARTBEAT,48,HEARTBEAT,0,0,0,0,0,0,0x1800FFC0
1777181015.110,352002,6,3,COMMS,255,BROADCAST,0,HEARTBEAT,48,HEARTBEAT,0,0,0,0,0,0,0x1800FFC0
1777181016.115,353007,6,3,COMMS,255,BROADCAST,0,HEARTBEAT,48,HEARTBEAT,0,0,0,0,0,0,0x1800FFC0
1777181017.161,354050,6,3,COMMS,255,BROADCAST,0,HEARTBEAT,48,HEARTBEAT,0,0,0,0,0,0,0x1800FFC0
1777181018.172,355062,6,3,COMMS,255,BROADCAST,0,HEARTBEAT,48,HEARTBEAT,0,0,0,0,0,0,0x1800FFC0
1777181019.260,356139,6,3,COMMS,255,BROADCAST,0,HEARTBEAT,48,HEARTBEAT,0,0,0,0,0,0,0x1800FFC0
1777181020.293,357159,6,3,COMMS,255,BROADCAST,0,HEARTBEAT,48,HEARTBEAT,0,0,0,0,0,0,0x1800FFC0
1777181021.315,358206,6,3,COMMS,255,BROADCAST,0,HEARTBEAT,48,HEARTBEAT,0,0,0,0,0,0,0x1800FFC0
1777181022.347,359239,6,3,COMMS,255,BROADCAST,0,HEARTBEAT,48,HEARTBEAT,0,0,0,0,0,0,0x1800FFC0
1777181023.364,360256,6,3,COMMS,255,BROADCAST,0,HEARTBEAT,48,HEARTBEAT,0,0,0,0,0,0,0x1800FFC0
1777181024.380,361272,6,3,COMMS,255,BROADCAST,0,HEARTBEAT,48,HEARTBEAT,0,0,0,0,0,0,0x1800FFC0
1777181025.447,362339,6,3,COMMS,255,BROADCAST,0,HEARTBEAT,48,HEARTBEAT,0,0,0,0,0,0,0x1800FFC0
1777181026.475,363367,6,3,COMMS,255,BROADCAST,0,HEARTBEAT,48,HEARTBEAT,0,0,0,0,0,0,0x1800FFC0
1777181027.513,364404,6,3,COMMS,255,BROADCAST,0,HEARTBEAT,48,HEARTBEAT,0,0,0,0,0,0,0x1800FFC0
1777181028.572,365440,6,3,COMMS,255,BROADCAST,0,HEARTBEAT,48,HEARTBEAT,0,0,0,0,0,0,0x1800FFC0
1777181029.609,366473,6,3,COMMS,255,BROADCAST,0,HEARTBEAT,48,HEARTBEAT,0,0,0,0,0,0,0x1800FFC0
1777181030.576,367478,6,3,COMMS,255,BROADCAST,0,HEARTBEAT,48,HEARTBEAT,0,0,0,0,0,0,0x1800FFC0
1777181031.652,368540,6,3,COMMS,255,BROADCAST,0,HEARTBEAT,48,HEARTBEAT,0,0,0,0,0,0,0x1800FFC0
1777181032.681,369542,6,3,COMMS,255,BROADCAST,0,HEARTBEAT,48,HEARTBEAT,0,0,0,0,0,0,0x1800FFC0
1777181033.661,370552,6,3,COMMS,255,BROADCAST,0,HEARTBEAT,48,HEARTBEAT,0,0,0,0,0,0,0x1800FFC0
1777181034.748,371640,6,3,COMMS,255,BROADCAST,0,HEARTBEAT,48,HEARTBEAT,0,0,0,0,0,0,0x1800FFC0
1777181035.782,372673,6,3,COMMS,255,BROADCAST,0,HEARTBEAT,48,HEARTBEAT,0,0,0,0,0,0,0x1800FFC0
1777181036.809,373701,6,3,COMMS,255,BROADCAST,0,HEARTBEAT,48,HEARTBEAT,0,0,0,0,0,0,0x1800FFC0
1777181037.850,374740,6,3,COMMS,255,BROADCAST,0,HEARTBEAT,48,HEARTBEAT,0,0,0,0,0,0,0x1800FFC0
1777181038.882,375774,6,3,COMMS,255,BROADCAST,0,HEARTBEAT,48,HEARTBEAT,0,0,0,0,0,0,0x1800FFC0
1777181039.883,376775,6,3,COMMS,255,BROADCAST,0,HEARTBEAT,48,HEARTBEAT,0,0,0,0,0,0,0x1800FFC0
1777181040.895,377787,6,3,COMMS,255,BROADCAST,0,HEARTBEAT,48,HEARTBEAT,0,0,0,0,0,0,0x1800FFC0
1777181042.001,378874,6,3,COMMS,255,BROADCAST,0,HEARTBEAT,48,HEARTBEAT,0,0,0,0,0,0,0x1800FFC0
1777181043.019,379908,6,3,COMMS,255,BROADCAST,0,HEARTBEAT,48,HEARTBEAT,0,0,0,0,0,0,0x1800FFC0
1777181044.050,380941,6,3,COMMS,255,BROADCAST,0,HEARTBEAT,48,HEARTBEAT,0,0,0,0,0,0,0x1800FFC0
1777181045.069,381952,6,3,COMMS,255,BROADCAST,0,HEARTBEAT,48,HEARTBEAT,0,0,0,0,0,0,0x1800FFC0
1777181046.115,383006,6,3,COMMS,255,BROADCAST,0,HEARTBEAT,48,HEARTBEAT,0,0,0,0,0,0,0x1800FFC0
1777181047.150,384042,6,3,COMMS,255,BROADCAST,0,HEARTBEAT,48,HEARTBEAT,0,0,0,0,0,0,0x1800FFC0
1777181048.184,385075,6,3,COMMS,255,BROADCAST,0,HEARTBEAT,48,HEARTBEAT,0,0,0,0,0,0,0x1800FFC0
1777181049.209,386101,6,3,COMMS,255,BROADCAST,0,HEARTBEAT,48,HEARTBEAT,0,0,0,0,0,0,0x1800FFC0
1777181050.251,387142,6,3,COMMS,255,BROADCAST,0,HEARTBEAT,48,HEARTBEAT,0,0,0,0,0,0,0x1800FFC0
1777181051.259,388150,6,3,COMMS,255,BROADCAST,0,HEARTBEAT,48,HEARTBEAT,0,0,0,0,0,0,0x1800FFC0
1777181052.284,389175,6,3,COMMS,255,BROADCAST,0,HEARTBEAT,48,HEARTBEAT,0,0,0,0,0,0,0x1800FFC0
1777181053.285,390177,6,3,COMMS,255,BROADCAST,0,HEARTBEAT,48,HEARTBEAT,0,0,0,0,0,0,0x1800FFC0
1777181054.393,391269,6,3,COMMS,255,BROADCAST,0,HEARTBEAT,48,HEARTBEAT,0,0,0,0,0,0,0x1800FFC0
1777181055.417,392309,6,3,COMMS,255,BROADCAST,0,HEARTBEAT,48,HEARTBEAT,0,0,0,0,0,0,0x1800FFC0
1777181056.451,393342,6,3,COMMS,255,BROADCAST,0,HEARTBEAT,48,HEARTBEAT,0,0,0,0,0,0,0x1800FFC0
1777181057.466,394358,6,3,COMMS,255,BROADCAST,0,HEARTBEAT,48,HEARTBEAT,0,0,0,0,0,0,0x1800FFC0
1777181058.520,395409,6,3,COMMS,255,BROADCAST,0,HEARTBEAT,48,HEARTBEAT,0,0,0,0,0,0,0x1800FFC0
1777181059.551,396442,6,3,COMMS,255,BROADCAST,0,HEARTBEAT,48,HEARTBEAT,0,0,0,0,0,0,0x1800FFC0
1777181060.557,397448,6,3,COMMS,255,BROADCAST,0,HEARTBEAT,48,HEARTBEAT,0,0,0,0,0,0,0x1800FFC0
1777181061.584,398475,6,3,COMMS,255,BROADCAST,0,HEARTBEAT,48,HEARTBEAT,0,0,0,0,0,0,0x1800FFC0
1777181062.681,399542,6,3,COMMS,255,BROADCAST,0,HEARTBEAT,48,HEARTBEAT,0,0,0,0,0,0,0x1800FFC0
1777181063.667,400558,6,3,COMMS,255,BROADCAST,0,HEARTBEAT,48,HEARTBEAT,0,0,0,0,0,0,0x1800FFC0
1777181064.685,401576,6,3,COMMS,255,BROADCAST,0,HEARTBEAT,48,HEARTBEAT,0,0,0,0,0,0,0x1800FFC0
1777181065.753,402643,6,3,COMMS,255,BROADCAST,0,HEARTBEAT,48,HEARTBEAT,0,0,0,0,0,0,0x1800FFC0
1777181066.784,403659,6,3,COMMS,255,BROADCAST,0,HEARTBEAT,48,HEARTBEAT,0,0,0,0,0,0,0x1800FFC0
1777181067.807,404670,6,3,COMMS,255,BROADCAST,0,HEARTBEAT,48,HEARTBEAT,0,0,0,0,0,0,0x1800FFC0
1777181068.852,405743,6,3,COMMS,255,BROADCAST,0,HEARTBEAT,48,HEARTBEAT,0,0,0,0,0,0,0x1800FFC0
1777181069.868,406759,6,3,COMMS,255,BROADCAST,0,HEARTBEAT,48,HEARTBEAT,0,0,0,0,0,0,0x1800FFC0
1777181070.918,407810,6,3,COMMS,255,BROADCAST,0,HEARTBEAT,48,HEARTBEAT,0,0,0,0,0,0,0x1800FFC0
1777181071.923,408814,6,3,COMMS,255,BROADCAST,0,HEARTBEAT,48,HEARTBEAT,0,0,0,0,0,0,0x1800FFC0
1777181072.986,409877,6,3,COMMS,255,BROADCAST,0,HEARTBEAT,48,HEARTBEAT,0,0,0,0,0,0,0x1800FFC0
1777181074.005,410896,6,3,COMMS,255,BROADCAST,0,HEARTBEAT,48,HEARTBEAT,0,0,0,0,0,0,0x1800FFC0
1777181075.074,411944,6,3,COMMS,255,BROADCAST,0,HEARTBEAT,48,HEARTBEAT,0,0,0,0,0,0,0x1800FFC0
1777181076.054,412945,6,3,COMMS,255,BROADCAST,0,HEARTBEAT,48,HEARTBEAT,0,0,0,0,0,0,0x1800FFC0
1777181077.074,413965,6,3,COMMS,255,BROADCAST,0,HEARTBEAT,48,HEARTBEAT,0,0,0,0,0,0,0x1800FFC0
1777181078.155,415044,6,3,COMMS,255,BROADCAST,0,HEARTBEAT,48,HEARTBEAT,0,0,0,0,0,0,0x1800FFC0
1777181079.163,416048,6,3,COMMS,255,BROADCAST,0,HEARTBEAT,48,HEARTBEAT,0,0,0,0,0,0,0x1800FFC0
1777181080.197,417073,6,3,COMMS,255,BROADCAST,0,HEARTBEAT,48,HEARTBEAT,0,0,0,0,0,0,0x1800FFC0
1777181081.253,418144,6,3,COMMS,255,BROADCAST,0,HEARTBEAT,48,HEARTBEAT,0,0,0,0,0,0,0x1800FFC0
1777181082.276,419168,6,3,COMMS,255,BROADCAST,0,HEARTBEAT,48,HEARTBEAT,0,0,0,0,0,0,0x1800FFC0
1777181083.319,420211,6,3,COMMS,255,BROADCAST,0,HEARTBEAT,48,HEARTBEAT,0,0,0,0,0,0,0x1800FFC0
1777181084.353,421244,6,3,COMMS,255,BROADCAST,0,HEARTBEAT,48,HEARTBEAT,0,0,0,0,0,0,0x1800FFC0
1777181085.367,422257,6,3,COMMS,255,BROADCAST,0,HEARTBEAT,48,HEARTBEAT,0,0,0,0,0,0,0x1800FFC0
1777181086.434,423311,6,3,COMMS,255,BROADCAST,0,HEARTBEAT,48,HEARTBEAT,0,0,0,0,0,0,0x1800FFC0
1777181087.469,424344,6,3,COMMS,255,BROADCAST,0,HEARTBEAT,48,HEARTBEAT,0,0,0,0,0,0,0x1800FFC0
1777181088.488,425365,6,3,COMMS,255,BROADCAST,0,HEARTBEAT,48,HEARTBEAT,0,0,0,0,0,0,0x1800FFC0
1777181089.521,426411,6,3,COMMS,255,BROADCAST,0,HEARTBEAT,48,HEARTBEAT,0,0,0,0,0,0,0x1800FFC0
1777181090.553,427444,6,3,COMMS,255,BROADCAST,0,HEARTBEAT,48,HEARTBEAT,0,0,0,0,0,0,0x1800FFC0
1777181091.586,428478,6,3,COMMS,255,BROADCAST,0,HEARTBEAT,48,HEARTBEAT,0,0,0,0,0,0,0x1800FFC0
1777181092.620,429511,6,3,COMMS,255,BROADCAST,0,HEARTBEAT,48,HEARTBEAT,0,0,0,0,0,0,0x1800FFC0
1777181093.622,430520,6,3,COMMS,255,BROADCAST,0,HEARTBEAT,48,HEARTBEAT,0,0,0,0,0,0,0x1800FFC0
1777181094.687,431578,6,3,COMMS,255,BROADCAST,0,HEARTBEAT,48,HEARTBEAT,0,0,0,0,0,0,0x1800FFC0
1777181095.712,432603,6,3,COMMS,255,BROADCAST,0,HEARTBEAT,48,HEARTBEAT,0,0,0,0,0,0,0x1800FFC0
1777181096.783,433644,6,3,COMMS,255,BROADCAST,0,HEARTBEAT,48,HEARTBEAT,0,0,0,0,0,0,0x1800FFC0
1777181097.804,434678,6,3,COMMS,255,BROADCAST,0,HEARTBEAT,48,HEARTBEAT,0,0,0,0,0,0,0x1800FFC0
1777181098.823,435711,6,3,COMMS,255,BROADCAST,0,HEARTBEAT,48,HEARTBEAT,0,0,0,0,0,0,0x1800FFC0
1777181099.853,436714,6,3,COMMS,255,BROADCAST,0,HEARTBEAT,48,HEARTBEAT,0,0,0,0,0,0,0x1800FFC0
1777181100.885,437753,6,3,COMMS,255,BROADCAST,0,HEARTBEAT,48,HEARTBEAT,0,0,0,0,0,0,0x1800FFC0
1777181101.921,438812,6,3,COMMS,255,BROADCAST,0,HEARTBEAT,48,HEARTBEAT,0,0,0,0,0,0,0x1800FFC0
1777181102.948,439836,6,3,COMMS,255,BROADCAST,0,HEARTBEAT,48,HEARTBEAT,0,0,0,0,0,0,0x1800FFC0
1777181103.988,440879,6,3,COMMS,255,BROADCAST,0,HEARTBEAT,48,HEARTBEAT,0,0,0,0,0,0,0x1800FFC0
1777181104.994,441885,6,3,COMMS,255,BROADCAST,0,HEARTBEAT,48,HEARTBEAT,0,0,0,0,0,0,0x1800FFC0
1777181106.054,442945,6,3,COMMS,255,BROADCAST,0,HEARTBEAT,48,HEARTBEAT,0,0,0,0,0,0,0x1800FFC0
1777181107.085,443976,6,3,COMMS,255,BROADCAST,0,HEARTBEAT,48,HEARTBEAT,0,0,0,0,0,0,0x1800FFC0
1777181108.084,444975,6,3,COMMS,255,BROADCAST,0,HEARTBEAT,48,HEARTBEAT,0,0,0,0,0,0,0x1800FFC0
1777181109.183,446040,6,3,COMMS,255,BROADCAST,0,HEARTBEAT,48,HEARTBEAT,0,0,0,0,0,0,0x1800FFC0
1777181110.189,447079,6,3,COMMS,255,BROADCAST,0,HEARTBEAT,48,HEARTBEAT,0,0,0,0,0,0,0x1800FFC0
1777181111.223,448113,6,3,COMMS,255,BROADCAST,0,HEARTBEAT,48,HEARTBEAT,0,0,0,0,0,0,0x1800FFC0
1777181112.279,449113,6,3,COMMS,255,BROADCAST,0,HEARTBEAT,48,HEARTBEAT,0,0,0,0,0,0,0x1800FFC0
1777181113.272,450143,6,3,COMMS,255,BROADCAST,0,HEARTBEAT,48,HEARTBEAT,0,0,0,0,0,0,0x1800FFC0
1777181114.322,451213,6,3,COMMS,255,BROADCAST,0,HEARTBEAT,48,HEARTBEAT,0,0,0,0,0,0,0x1800FFC0
1777181115.335,452226,6,3,COMMS,255,BROADCAST,0,HEARTBEAT,48,HEARTBEAT,0,0,0,0,0,0,0x1800FFC0
1777181116.389,453280,6,3,COMMS,255,BROADCAST,0,HEARTBEAT,48,HEARTBEAT,0,0,0,0,0,0,0x1800FFC0
1777181117.418,454309,6,3,COMMS,255,BROADCAST,0,HEARTBEAT,48,HEARTBEAT,0,0,0,0,0,0,0x1800FFC0
1777181118.456,455347,6,3,COMMS,255,BROADCAST,0,HEARTBEAT,48,HEARTBEAT,0,0,0,0,0,0,0x1800FFC0
1777181119.519,456380,6,3,COMMS,255,BROADCAST,0,HEARTBEAT,48,HEARTBEAT,0,0,0,0,0,0,0x1800FFC0
1777181120.534,457411,6,3,COMMS,255,BROADCAST,0,HEARTBEAT,48,HEARTBEAT,0,0,0,0,0,0,0x1800FFC0
1777181121.570,458447,6,3,COMMS,255,BROADCAST,0,HEARTBEAT,48,HEARTBEAT,0,0,0,0,0,0,0x1800FFC0
1777181122.593,459480,6,3,COMMS,255,BROADCAST,0,HEARTBEAT,48,HEARTBEAT,0,0,0,0,0,0,0x1800FFC0
1777181123.617,460494,6,3,COMMS,255,BROADCAST,0,HEARTBEAT,48,HEARTBEAT,0,0,0,0,0,0,0x1800FFC0
1777181124.652,461543,6,3,COMMS,255,BROADCAST,0,HEARTBEAT,48,HEARTBEAT,0,0,0,0,0,0,0x1800FFC0
1777181125.690,462581,6,3,COMMS,255,BROADCAST,0,HEARTBEAT,48,HEARTBEAT,0,0,0,0,0,0,0x1800FFC0
1777181126.723,463614,6,3,COMMS,255,BROADCAST,0,HEARTBEAT,48,HEARTBEAT,0,0,0,0,0,0,0x1800FFC0
1777181127.727,464617,6,3,COMMS,255,BROADCAST,0,HEARTBEAT,48,HEARTBEAT,0,0,0,0,0,0,0x1800FFC0
1777181128.790,465681,6,3,COMMS,255,BROADCAST,0,HEARTBEAT,48,HEARTBEAT,0,0,0,0,0,0,0x1800FFC0
1777181129.809,466700,6,3,COMMS,255,BROADCAST,0,HEARTBEAT,48,HEARTBEAT,0,0,0,0,0,0,0x1800FFC0
1777181130.887,467748,6,3,COMMS,255,BROADCAST,0,HEARTBEAT,48,HEARTBEAT,0,0,0,0,0,0,0x1800FFC0
1777181131.911,468781,6,3,COMMS,255,BROADCAST,0,HEARTBEAT,48,HEARTBEAT,0,0,0,0,0,0,0x1800FFC0
1777181132.932,469815,6,3,COMMS,255,BROADCAST,0,HEARTBEAT,48,HEARTBEAT,0,0,0,0,0,0,0x1800FFC0
1777181133.957,470830,6,3,COMMS,255,BROADCAST,0,HEARTBEAT,48,HEARTBEAT,0,0,0,0,0,0,0x1800FFC0
1777181134.998,471877,6,3,COMMS,255,BROADCAST,0,HEARTBEAT,48,HEARTBEAT,0,0,0,0,0,0,0x1800FFC0
1777181136.024,472915,6,3,COMMS,255,BROADCAST,0,HEARTBEAT,48,HEARTBEAT,0,0,0,0,0,0,0x1800FFC0
1777181137.042,473933,6,3,COMMS,255,BROADCAST,0,HEARTBEAT,48,HEARTBEAT,0,0,0,0,0,0,0x1800FFC0
1777181138.090,474981,6,3,COMMS,255,BROADCAST,0,HEARTBEAT,48,HEARTBEAT,0,0,0,0,0,0,0x1800FFC0
1777181139.124,476015,6,3,COMMS,255,BROADCAST,0,HEARTBEAT,48,HEARTBEAT,0,0,0,0,0,0,0x1800FFC0
1777181140.157,477048,6,3,COMMS,255,BROADCAST,0,HEARTBEAT,48,HEARTBEAT,0,0,0,0,0,0,0x1800FFC0
1777181141.224,478082,6,3,COMMS,255,BROADCAST,0,HEARTBEAT,48,HEARTBEAT,0,0,0,0,0,0,0x1800FFC0
1777181142.210,479101,6,3,COMMS,255,BROADCAST,0,HEARTBEAT,48,HEARTBEAT,0,0,0,0,0,0,0x1800FFC0
1777181143.268,480149,6,3,COMMS,255,BROADCAST,0,HEARTBEAT,48,HEARTBEAT,0,0,0,0,0,0,0x1800FFC0
1777181144.299,481172,6,3,COMMS,255,BROADCAST,0,HEARTBEAT,48,HEARTBEAT,0,0,0,0,0,0,0x1800FFC0
1777181145.326,482215,6,3,COMMS,255,BROADCAST,0,HEARTBEAT,48,HEARTBEAT,0,0,0,0,0,0,0x1800FFC0
1777181146.359,483249,6,3,COMMS,255,BROADCAST,0,HEARTBEAT,48,HEARTBEAT,0,0,0,0,0,0,0x1800FFC0
1777181147.392,484282,6,3,COMMS,255,BROADCAST,0,HEARTBEAT,48,HEARTBEAT,0,0,0,0,0,0,0x1800FFC0
1777181148.424,485315,6,3,COMMS,255,BROADCAST,0,HEARTBEAT,48,HEARTBEAT,0,0,0,0,0,0,0x1800FFC0
1777181149.432,486322,6,3,COMMS,255,BROADCAST,0,HEARTBEAT,48,HEARTBEAT,0,0,0,0,0,0,0x1800FFC0
1777181150.493,487382,6,3,COMMS,255,BROADCAST,0,HEARTBEAT,48,HEARTBEAT,0,0,0,0,0,0,0x1800FFC0
1777181151.514,488405,6,3,COMMS,255,BROADCAST,0,HEARTBEAT,48,HEARTBEAT,0,0,0,0,0,0,0x1800FFC0
1777181152.588,489449,6,3,COMMS,255,BROADCAST,0,HEARTBEAT,48,HEARTBEAT,0,0,0,0,0,0,0x1800FFC0
1777181153.622,490482,6,3,COMMS,255,BROADCAST,0,HEARTBEAT,48,HEARTBEAT,0,0,0,0,0,0,0x1800FFC0
1777181154.643,491515,6,3,COMMS,255,BROADCAST,0,HEARTBEAT,48,HEARTBEAT,0,0,0,0,0,0,0x1800FFC0
1777181155.666,492549,6,3,COMMS,255,BROADCAST,0,HEARTBEAT,48,HEARTBEAT,0,0,0,0,0,0,0x1800FFC0
1777181156.692,493582,6,3,COMMS,255,BROADCAST,0,HEARTBEAT,48,HEARTBEAT,0,0,0,0,0,0,0x1800FFC0
1777181157.715,494594,6,3,COMMS,255,BROADCAST,0,HEARTBEAT,48,HEARTBEAT,0,0,0,0,0,0,0x1800FFC0
1777181158.760,495649,6,3,COMMS,255,BROADCAST,0,HEARTBEAT,48,HEARTBEAT,0,0,0,0,0,0,0x1800FFC0
1777181159.786,496677,6,3,COMMS,255,BROADCAST,0,HEARTBEAT,48,HEARTBEAT,0,0,0,0,0,0,0x1800FFC0
1777181160.819,497709,6,3,COMMS,255,BROADCAST,0,HEARTBEAT,48,HEARTBEAT,0,0,0,0,0,0,0x1800FFC0
1777181161.820,498711,6,3,COMMS,255,BROADCAST,0,HEARTBEAT,48,HEARTBEAT,0,0,0,0,0,0,0x1800FFC0
1777181162.883,499774,6,3,COMMS,255,BROADCAST,0,HEARTBEAT,48,HEARTBEAT,0,0,0,0,0,0,0x1800FFC0
1777181163.949,500816,6,3,COMMS,255,BROADCAST,0,HEARTBEAT,48,HEARTBEAT,0,0,0,0,0,0,0x1800FFC0
1777181164.984,501849,6,3,COMMS,255,BROADCAST,0,HEARTBEAT,48,HEARTBEAT,0,0,0,0,0,0,0x1800FFC0
1777181166.003,502869,6,3,COMMS,255,BROADCAST,0,HEARTBEAT,48,HEARTBEAT,0,0,0,0,0,0,0x1800FFC0
1777181167.025,503916,6,3,COMMS,255,BROADCAST,0,HEARTBEAT,48,HEARTBEAT,0,0,0,0,0,0,0x1800FFC0
1777181168.059,504949,6,3,COMMS,255,BROADCAST,0,HEARTBEAT,48,HEARTBEAT,0,0,0,0,0,0,0x1800FFC0
1777181169.085,505964,6,3,COMMS,255,BROADCAST,0,HEARTBEAT,48,HEARTBEAT,0,0,0,0,0,0,0x1800FFC0
1777181170.126,507017,6,3,COMMS,255,BROADCAST,0,HEARTBEAT,48,HEARTBEAT,0,0,0,0,0,0,0x1800FFC0
1777181171.160,508050,6,3,COMMS,255,BROADCAST,0,HEARTBEAT,48,HEARTBEAT,0,0,0,0,0,0,0x1800FFC0
1777181172.167,509057,6,3,COMMS,255,BROADCAST,0,HEARTBEAT,48,HEARTBEAT,0,0,0,0,0,0,0x1800FFC0
1777181173.220,510110,6,3,COMMS,255,BROADCAST,0,HEARTBEAT,48,HEARTBEAT,0,0,0,0,0,0,0x1800FFC0
1777181174.259,511150,6,3,COMMS,255,BROADCAST,0,HEARTBEAT,48,HEARTBEAT,0,0,0,0,0,0,0x1800FFC0
1777181175.328,512183,6,3,COMMS,255,BROADCAST,0,HEARTBEAT,48,HEARTBEAT,0,0,0,0,0,0,0x1800FFC0
1777181176.294,513184,6,3,COMMS,255,BROADCAST,0,HEARTBEAT,48,HEARTBEAT,0,0,0,0,0,0,0x1800FFC0
1777181177.376,514250,6,3,COMMS,255,BROADCAST,0,HEARTBEAT,48,HEARTBEAT,0,0,0,0,0,0,0x1800FFC0
1777181178.401,515283,6,3,COMMS,255,BROADCAST,0,HEARTBEAT,48,HEARTBEAT,0,0,0,0,0,0,0x1800FFC0
1777181179.426,516317,6,3,COMMS,255,BROADCAST,0,HEARTBEAT,48,HEARTBEAT,0,0,0,0,0,0,0x1800FFC0
1777181180.460,517350,6,3,COMMS,255,BROADCAST,0,HEARTBEAT,48,HEARTBEAT,0,0,0,0,0,0,0x1800FFC0
1777181181.487,518377,6,3,COMMS,255,BROADCAST,0,HEARTBEAT,48,HEARTBEAT,0,0,0,0,0,0,0x1800FFC0
1777181182.528,519417,6,3,COMMS,255,BROADCAST,0,HEARTBEAT,48,HEARTBEAT,0,0,0,0,0,0,0x1800FFC0
1777181183.560,520451,6,3,COMMS,255,BROADCAST,0,HEARTBEAT,48,HEARTBEAT,0,0,0,0,0,0,0x1800FFC0
1777181184.560,521450,6,3,COMMS,255,BROADCAST,0,HEARTBEAT,48,HEARTBEAT,0,0,0,0,0,0,0x1800FFC0
1777181185.610,522500,6,3,COMMS,255,BROADCAST,0,HEARTBEAT,48,HEARTBEAT,0,0,0,0,0,0,0x1800FFC0
1777181186.691,523551,6,3,COMMS,255,BROADCAST,0,HEARTBEAT,48,HEARTBEAT,0,0,0,0,0,0,0x1800FFC0
1777181187.709,524583,6,3,COMMS,255,BROADCAST,0,HEARTBEAT,48,HEARTBEAT,0,0,0,0,0,0,0x1800FFC0
1777181188.744,525618,6,3,COMMS,255,BROADCAST,0,HEARTBEAT,48,HEARTBEAT,0,0,0,0,0,0,0x1800FFC0
1777181189.769,526651,6,3,COMMS,255,BROADCAST,0,HEARTBEAT,48,HEARTBEAT,0,0,0,0,0,0,0x1800FFC0
1777181190.793,527656,6,3,COMMS,255,BROADCAST,0,HEARTBEAT,48,HEARTBEAT,0,0,0,0,0,0,0x1800FFC0
1777181191.817,528672,6,3,COMMS,255,BROADCAST,0,HEARTBEAT,48,HEARTBEAT,0,0,0,0,0,0,0x1800FFC0
1777181192.834,529714,6,3,COMMS,255,BROADCAST,0,HEARTBEAT,48,HEARTBEAT,0,0,0,0,0,0,0x1800FFC0
1777181193.895,530784,6,3,COMMS,255,BROADCAST,0,HEARTBEAT,48,HEARTBEAT,0,0,0,0,0,0,0x1800FFC0
1777181194.921,531812,6,3,COMMS,255,BROADCAST,0,HEARTBEAT,48,HEARTBEAT,0,0,0,0,0,0,0x1800FFC0
1777181195.961,532851,6,3,COMMS,255,BROADCAST,0,HEARTBEAT,48,HEARTBEAT,0,0,0,0,0,0,0x1800FFC0
1777181196.994,533884,6,3,COMMS,255,BROADCAST,0,HEARTBEAT,48,HEARTBEAT,0,0,0,0,0,0,0x1800FFC0
1777181197.998,534889,6,3,COMMS,255,BROADCAST,0,HEARTBEAT,48,HEARTBEAT,0,0,0,0,0,0,0x1800FFC0
1777181199.027,535918,6,3,COMMS,255,BROADCAST,0,HEARTBEAT,48,HEARTBEAT,0,0,0,0,0,0,0x1800FFC0
1777181200.100,536972,6,3,COMMS,255,BROADCAST,0,HEARTBEAT,48,HEARTBEAT,0,0,0,0,0,0,0x1800FFC0
1777181201.133,538018,6,3,COMMS,255,BROADCAST,0,HEARTBEAT,48,HEARTBEAT,0,0,0,0,0,0,0x1800FFC0
1777181202.161,539051,6,3,COMMS,255,BROADCAST,0,HEARTBEAT,48,HEARTBEAT,0,0,0,0,0,0,0x1800FFC0
1777181203.194,540085,6,3,COMMS,255,BROADCAST,0,HEARTBEAT,48,HEARTBEAT,0,0,0,0,0,0,0x1800FFC0
1777181204.228,541118,6,3,COMMS,255,BROADCAST,0,HEARTBEAT,48,HEARTBEAT,0,0,0,0,0,0,0x1800FFC0
1777181205.238,542127,6,3,COMMS,255,BROADCAST,0,HEARTBEAT,48,HEARTBEAT,0,0,0,0,0,0,0x1800FFC0
1777181206.259,543148,6,3,COMMS,255,BROADCAST,0,HEARTBEAT,48,HEARTBEAT,0,0,0,0,0,0,0x1800FFC0
1777181207.329,544218,6,3,COMMS,255,BROADCAST,0,HEARTBEAT,48,HEARTBEAT,0,0,0,0,0,0,0x1800FFC0
1777181208.340,545230,6,3,COMMS,255,BROADCAST,0,HEARTBEAT,48,HEARTBEAT,0,0,0,0,0,0,0x1800FFC0
1777181209.431,546285,6,3,COMMS,255,BROADCAST,0,HEARTBEAT,48,HEARTBEAT,0,0,0,0,0,0,0x1800FFC0
1777181210.440,547319,6,3,COMMS,255,BROADCAST,0,HEARTBEAT,48,HEARTBEAT,0,0,0,0,0,0,0x1800FFC0
1777181211.474,548352,6,3,COMMS,255,BROADCAST,0,HEARTBEAT,48,HEARTBEAT,0,0,0,0,0,0,0x1800FFC0
1777181212.503,549361,6,3,COMMS,255,BROADCAST,0,HEARTBEAT,48,HEARTBEAT,0,0,0,0,0,0,0x1800FFC0
1777181213.529,550419,6,3,COMMS,255,BROADCAST,0,HEARTBEAT,48,HEARTBEAT,0,0,0,0,0,0,0x1800FFC0
1777181214.556,551443,6,3,COMMS,255,BROADCAST,0,HEARTBEAT,48,HEARTBEAT,0,0,0,0,0,0,0x1800FFC0
1777181215.596,552486,6,3,COMMS,255,BROADCAST,0,HEARTBEAT,48,HEARTBEAT,0,0,0,0,0,0,0x1800FFC0
1777181216.629,553519,6,3,COMMS,255,BROADCAST,0,HEARTBEAT,48,HEARTBEAT,0,0,0,0,0,0,0x1800FFC0
1777181217.635,554524,6,3,COMMS,255,BROADCAST,0,HEARTBEAT,48,HEARTBEAT,0,0,0,0,0,0,0x1800FFC0
1777181218.684,555574,6,3,COMMS,255,BROADCAST,0,HEARTBEAT,48,HEARTBEAT,0,0,0,0,0,0,0x1800FFC0
1777181219.729,556619,6,3,COMMS,255,BROADCAST,0,HEARTBEAT,48,HEARTBEAT,0,0,0,0,0,0,0x1800FFC0
1777181220.795,557653,6,3,COMMS,255,BROADCAST,0,HEARTBEAT,48,HEARTBEAT,0,0,0,0,0,0,0x1800FFC0
1777181221.765,558655,6,3,COMMS,255,BROADCAST,0,HEARTBEAT,48,HEARTBEAT,0,0,0,0,0,0,0x1800FFC0
1777181222.780,559668,6,3,COMMS,255,BROADCAST,0,HEARTBEAT,48,HEARTBEAT,0,0,0,0,0,0,0x1800FFC0
1777181223.864,560753,6,3,COMMS,255,BROADCAST,0,HEARTBEAT,48,HEARTBEAT,0,0,0,0,0,0,0x1800FFC0
1777181224.897,561786,6,3,COMMS,255,BROADCAST,0,HEARTBEAT,48,HEARTBEAT,0,0,0,0,0,0,0x1800FFC0
1777181225.930,562820,6,3,COMMS,255,BROADCAST,0,HEARTBEAT,48,HEARTBEAT,0,0,0,0,0,0,0x1800FFC0
1777181226.956,563845,6,3,COMMS,255,BROADCAST,0,HEARTBEAT,48,HEARTBEAT,0,0,0,0,0,0,0x1800FFC0
1777181227.997,564887,6,3,COMMS,255,BROADCAST,0,HEARTBEAT,48,HEARTBEAT,0,0,0,0,0,0,0x1800FFC0
1777181229.030,565920,6,3,COMMS,255,BROADCAST,0,HEARTBEAT,48,HEARTBEAT,0,0,0,0,0,0,0x1800FFC0
1777181230.040,566929,6,3,COMMS,255,BROADCAST,0,HEARTBEAT,48,HEARTBEAT,0,0,0,0,0,0,0x1800FFC0
1777181231.097,567987,6,3,COMMS,255,BROADCAST,0,HEARTBEAT,48,HEARTBEAT,0,0,0,0,0,0,0x1800FFC0
1777181232.154,569012,6,3,COMMS,255,BROADCAST,0,HEARTBEAT,48,HEARTBEAT,0,0,0,0,0,0,0x1800FFC0
1777181233.186,570054,6,3,COMMS,255,BROADCAST,0,HEARTBEAT,48,HEARTBEAT,0,0,0,0,0,0,0x1800FFC0
1777181234.212,571065,6,3,COMMS,255,BROADCAST,0,HEARTBEAT,48,HEARTBEAT,0,0,0,0,0,0,0x1800FFC0
1777181235.236,572121,6,3,COMMS,255,BROADCAST,0,HEARTBEAT,48,HEARTBEAT,0,0,0,0,0,0,0x1800FFC0
1777181236.258,573132,6,3,COMMS,255,BROADCAST,0,HEARTBEAT,48,HEARTBEAT,0,0,0,0,0,0,0x1800FFC0
1777181237.275,574140,6,3,COMMS,255,BROADCAST,0,HEARTBEAT,48,HEARTBEAT,0,0,0,0,0,0,0x1800FFC0
1777181238.332,575221,6,3,COMMS,255,BROADCAST,0,HEARTBEAT,48,HEARTBEAT,0,0,0,0,0,0,0x1800FFC0
1777181239.332,576222,6,3,COMMS,255,BROADCAST,0,HEARTBEAT,48,HEARTBEAT,0,0,0,0,0,0,0x1800FFC0
1777181240.398,577288,6,3,COMMS,255,BROADCAST,0,HEARTBEAT,48,HEARTBEAT,0,0,0,0,0,0,0x1800FFC0
1777181241.415,578305,6,3,COMMS,255,BROADCAST,0,HEARTBEAT,48,HEARTBEAT,0,0,0,0,0,0,0x1800FFC0
1777181242.507,579354,6,3,COMMS,255,BROADCAST,0,HEARTBEAT,48,HEARTBEAT,0,0,0,0,0,0,0x1800FFC0
1777181243.524,580387,6,3,COMMS,255,BROADCAST,0,HEARTBEAT,48,HEARTBEAT,0,0,0,0,0,0,0x1800FFC0
1777181244.544,581421,6,3,COMMS,255,BROADCAST,0,HEARTBEAT,48,HEARTBEAT,0,0,0,0,0,0,0x1800FFC0
1777181245.581,582454,6,3,COMMS,255,BROADCAST,0,HEARTBEAT,48,HEARTBEAT,0,0,0,0,0,0,0x1800FFC0
1777181246.600,583455,6,3,COMMS,255,BROADCAST,0,HEARTBEAT,48,HEARTBEAT,0,0,0,0,0,0,0x1800FFC0
1777181247.582,584471,6,3,COMMS,255,BROADCAST,0,HEARTBEAT,48,HEARTBEAT,0,0,0,0,0,0,0x1800FFC0
1777181248.669,585555,6,3,COMMS,255,BROADCAST,0,HEARTBEAT,48,HEARTBEAT,0,0,0,0,0,0,0x1800FFC0
1777181249.676,586566,6,3,COMMS,255,BROADCAST,0,HEARTBEAT,48,HEARTBEAT,0,0,0,0,0,0,0x1800FFC0
1777181250.714,587602,6,3,COMMS,255,BROADCAST,0,HEARTBEAT,48,HEARTBEAT,0,0,0,0,0,0,0x1800FFC0
1777181251.767,588655,6,3,COMMS,255,BROADCAST,0,HEARTBEAT,48,HEARTBEAT,0,0,0,0,0,0,0x1800FFC0
1777181252.799,589689,6,3,COMMS,255,BROADCAST,0,HEARTBEAT,48,HEARTBEAT,0,0,0,0,0,0,0x1800FFC0
1777181253.819,590709,6,3,COMMS,255,BROADCAST,0,HEARTBEAT,48,HEARTBEAT,0,0,0,0,0,0,0x1800FFC0
1777181254.852,591740,6,3,COMMS,255,BROADCAST,0,HEARTBEAT,48,HEARTBEAT,0,0,0,0,0,0,0x1800FFC0
1777181255.918,592789,6,3,COMMS,255,BROADCAST,0,HEARTBEAT,48,HEARTBEAT,0,0,0,0,0,0,0x1800FFC0
1777181256.941,593822,6,3,COMMS,255,BROADCAST,0,HEARTBEAT,48,HEARTBEAT,0,0,0,0,0,0,0x1800FFC0
1777181257.966,594852,6,3,COMMS,255,BROADCAST,0,HEARTBEAT,48,HEARTBEAT,0,0,0,0,0,0,0x1800FFC0
1777181259.001,595889,6,3,COMMS,255,BROADCAST,0,HEARTBEAT,48,HEARTBEAT,0,0,0,0,0,0,0x1800FFC0
1777181260.033,596923,6,3,COMMS,255,BROADCAST,0,HEARTBEAT,48,HEARTBEAT,0,0,0,0,0,0,0x1800FFC0
1777181261.039,597927,6,3,COMMS,255,BROADCAST,0,HEARTBEAT,48,HEARTBEAT,0,0,0,0,0,0,0x1800FFC0
1777181262.100,598990,6,3,COMMS,255,BROADCAST,0,HEARTBEAT,48,HEARTBEAT,0,0,0,0,0,0,0x1800FFC0
1777181263.119,600009,6,3,COMMS,255,BROADCAST,0,HEARTBEAT,48,HEARTBEAT,0,0,0,0,0,0,0x1800FFC0
1777181264.167,601057,6,3,COMMS,255,BROADCAST,0,HEARTBEAT,48,HEARTBEAT,0,0,0,0,0,0,0x1800FFC0
1777181265.227,602090,6,3,COMMS,255,BROADCAST,0,HEARTBEAT,48,HEARTBEAT,0,0,0,0,0,0,0x1800FFC0
1777181266.266,603124,6,3,COMMS,255,BROADCAST,0,HEARTBEAT,48,HEARTBEAT,0,0,0,0,0,0,0x1800FFC0
1777181267.273,604157,6,3,COMMS,255,BROADCAST,0,HEARTBEAT,48,HEARTBEAT,0,0,0,0,0,0,0x1800FFC0
1777181268.313,605176,6,3,COMMS,255,BROADCAST,0,HEARTBEAT,48,HEARTBEAT,0,0,0,0,0,0,0x1800FFC0
1777181269.335,606224,6,3,COMMS,255,BROADCAST,0,HEARTBEAT,48,HEARTBEAT,0,0,0,0,0,0,0x1800FFC0
1777181270.361,607242,6,3,COMMS,255,BROADCAST,0,HEARTBEAT,48,HEARTBEAT,0,0,0,0,0,0,0x1800FFC0
1777181271.402,608291,6,3,COMMS,255,BROADCAST,0,HEARTBEAT,48,HEARTBEAT,0,0,0,0,0,0,0x1800FFC0
1777181272.438,609325,6,3,COMMS,255,BROADCAST,0,HEARTBEAT,48,HEARTBEAT,0,0,0,0,0,0,0x1800FFC0
1777181273.463,610349,6,3,COMMS,255,BROADCAST,0,HEARTBEAT,48,HEARTBEAT,0,0,0,0,0,0,0x1800FFC0
1777181274.492,611374,6,3,COMMS,255,BROADCAST,0,HEARTBEAT,48,HEARTBEAT,0,0,0,0,0,0,0x1800FFC0
1777181275.535,612425,6,3,COMMS,255,BROADCAST,0,HEARTBEAT,48,HEARTBEAT,0,0,0,0,0,0,0x1800FFC0
1777181276.607,613458,6,3,COMMS,255,BROADCAST,0,HEARTBEAT,48,HEARTBEAT,0,0,0,0,0,0,0x1800FFC0
1777181277.576,614465,6,3,COMMS,255,BROADCAST,0,HEARTBEAT,48,HEARTBEAT,0,0,0,0,0,0,0x1800FFC0
1777181278.592,615481,6,3,COMMS,255,BROADCAST,0,HEARTBEAT,48,HEARTBEAT,0,0,0,0,0,0,0x1800FFC0
1777181279.669,616542,6,3,COMMS,255,BROADCAST,0,HEARTBEAT,48,HEARTBEAT,0,0,0,0,0,0,0x1800FFC0
1777181280.703,617592,6,3,COMMS,255,BROADCAST,0,HEARTBEAT,48,HEARTBEAT,0,0,0,0,0,0,0x1800FFC0
1777181281.736,618625,6,3,COMMS,255,BROADCAST,0,HEARTBEAT,48,HEARTBEAT,0,0,0,0,0,0,0x1800FFC0
1777181282.755,619631,6,3,COMMS,255,BROADCAST,0,HEARTBEAT,48,HEARTBEAT,0,0,0,0,0,0,0x1800FFC0
1777181283.804,620692,6,3,COMMS,255,BROADCAST,0,HEARTBEAT,48,HEARTBEAT,0,0,0,0,0,0,0x1800FFC0
1777181284.824,621713,6,3,COMMS,255,BROADCAST,0,HEARTBEAT,48,HEARTBEAT,0,0,0,0,0,0,0x1800FFC0
1777181285.870,622759,6,3,COMMS,255,BROADCAST,0,HEARTBEAT,48,HEARTBEAT,0,0,0,0,0,0,0x1800FFC0
1777181286.903,623792,6,3,COMMS,255,BROADCAST,0,HEARTBEAT,48,HEARTBEAT,0,0,0,0,0,0,0x1800FFC0
1777181287.973,624826,6,3,COMMS,255,BROADCAST,0,HEARTBEAT,48,HEARTBEAT,0,0,0,0,0,0,0x1800FFC0
1777181288.990,625859,6,3,COMMS,255,BROADCAST,0,HEARTBEAT,48,HEARTBEAT,0,0,0,0,0,0,0x1800FFC0
1777181290.009,626869,6,3,COMMS,255,BROADCAST,0,HEARTBEAT,48,HEARTBEAT,0,0,0,0,0,0,0x1800FFC0
1777181291.040,627926,6,3,COMMS,255,BROADCAST,0,HEARTBEAT,48,HEARTBEAT,0,0,0,0,0,0,0x1800FFC0
1777181292.069,628951,6,3,COMMS,255,BROADCAST,0,HEARTBEAT,48,HEARTBEAT,0,0,0,0,0,0,0x1800FFC0
1777181293.104,629993,6,3,COMMS,255,BROADCAST,0,HEARTBEAT,48,HEARTBEAT,0,0,0,0,0,0,0x1800FFC0
1777181294.138,631027,6,3,COMMS,255,BROADCAST,0,HEARTBEAT,48,HEARTBEAT,0,0,0,0,0,0,0x1800FFC0
1777181295.171,632060,6,3,COMMS,255,BROADCAST,0,HEARTBEAT,48,HEARTBEAT,0,0,0,0,0,0,0x1800FFC0
1777181296.205,633094,6,3,COMMS,255,BROADCAST,0,HEARTBEAT,48,HEARTBEAT,0,0,0,0,0,0,0x1800FFC0
1777181297.214,634103,6,3,COMMS,255,BROADCAST,0,HEARTBEAT,48,HEARTBEAT,0,0,0,0,0,0,0x1800FFC0
1777181298.271,635161,6,3,COMMS,255,BROADCAST,0,HEARTBEAT,48,HEARTBEAT,0,0,0,0,0,0,0x1800FFC0
1777181299.296,636185,6,3,COMMS,255,BROADCAST,0,HEARTBEAT,48,HEARTBEAT,0,0,0,0,0,0,0x1800FFC0
1777181300.363,637228,6,3,COMMS,255,BROADCAST,0,HEARTBEAT,48,HEARTBEAT,0,0,0,0,0,0,0x1800FFC0
1777181301.389,638261,6,3,COMMS,255,BROADCAST,0,HEARTBEAT,48,HEARTBEAT,0,0,0,0,0,0,0x1800FFC0
1777181302.407,639262,6,3,COMMS,255,BROADCAST,0,HEARTBEAT,48,HEARTBEAT,0,0,0,0,0,0,0x1800FFC0
1777181303.381,640270,6,3,COMMS,255,BROADCAST,0,HEARTBEAT,48,HEARTBEAT,0,0,0,0,0,0,0x1800FFC0
1777181304.474,641362,6,3,COMMS,255,BROADCAST,0,HEARTBEAT,48,HEARTBEAT,0,0,0,0,0,0,0x1800FFC0
1777181305.482,642365,6,3,COMMS,255,BROADCAST,0,HEARTBEAT,48,HEARTBEAT,0,0,0,0,0,0,0x1800FFC0
1777181306.534,643419,6,3,COMMS,255,BROADCAST,0,HEARTBEAT,48,HEARTBEAT,0,0,0,0,0,0,0x1800FFC0
1777181307.541,644430,6,3,COMMS,255,BROADCAST,0,HEARTBEAT,48,HEARTBEAT,0,0,0,0,0,0,0x1800FFC0
1777181308.595,645484,6,3,COMMS,255,BROADCAST,0,HEARTBEAT,48,HEARTBEAT,0,0,0,0,0,0,0x1800FFC0
1777181309.640,646529,6,3,COMMS,255,BROADCAST,0,HEARTBEAT,48,HEARTBEAT,0,0,0,0,0,0,0x1800FFC0
1777181310.706,647563,6,3,COMMS,255,BROADCAST,0,HEARTBEAT,48,HEARTBEAT,0,0,0,0,0,0,0x1800FFC0
1777181311.722,648579,6,3,COMMS,255,BROADCAST,0,HEARTBEAT,48,HEARTBEAT,0,0,0,0,0,0,0x1800FFC0
1777181312.742,649630,6,3,COMMS,255,BROADCAST,0,HEARTBEAT,48,HEARTBEAT,0,0,0,0,0,0,0x1800FFC0
1777181313.776,650664,6,3,COMMS,255,BROADCAST,0,HEARTBEAT,48,HEARTBEAT,0,0,0,0,0,0,0x1800FFC0
1777181314.802,651673,6,3,COMMS,255,BROADCAST,0,HEARTBEAT,48,HEARTBEAT,0,0,0,0,0,0,0x1800FFC0
1777181315.842,652731,6,3,COMMS,255,BROADCAST,0,HEARTBEAT,48,HEARTBEAT,0,0,0,0,0,0,0x1800FFC0
1777181316.876,653765,6,3,COMMS,255,BROADCAST,0,HEARTBEAT,48,HEARTBEAT,0,0,0,0,0,0,0x1800FFC0
1777181317.881,654767,6,3,COMMS,255,BROADCAST,0,HEARTBEAT,48,HEARTBEAT,0,0,0,0,0,0,0x1800FFC0
1777181318.917,655806,6,3,COMMS,255,BROADCAST,0,HEARTBEAT,48,HEARTBEAT,0,0,0,0,0,0,0x1800FFC0
1777181319.976,656865,6,3,COMMS,255,BROADCAST,0,HEARTBEAT,48,HEARTBEAT,0,0,0,0,0,0,0x1800FFC0
1777181320.999,657888,6,3,COMMS,255,BROADCAST,0,HEARTBEAT,48,HEARTBEAT,0,0,0,0,0,0,0x1800FFC0
1777181322.074,658932,6,3,COMMS,255,BROADCAST,0,HEARTBEAT,48,HEARTBEAT,0,0,0,0,0,0,0x1800FFC0
1777181323.092,659966,6,3,COMMS,255,BROADCAST,0,HEARTBEAT,48,HEARTBEAT,0,0,0,0,0,0,0x1800FFC0
1777181324.121,660999,6,3,COMMS,255,BROADCAST,0,HEARTBEAT,48,HEARTBEAT,0,0,0,0,0,0,0x1800FFC0
1777181325.144,662033,6,3,COMMS,255,BROADCAST,0,HEARTBEAT,48,HEARTBEAT,0,0,0,0,0,0,0x1800FFC0
1777181326.163,663043,6,3,COMMS,255,BROADCAST,0,HEARTBEAT,48,HEARTBEAT,0,0,0,0,0,0,0x1800FFC0
1777181327.212,664100,6,3,COMMS,255,BROADCAST,0,HEARTBEAT,48,HEARTBEAT,0,0,0,0,0,0,0x1800FFC0
1777181328.246,665134,6,3,COMMS,255,BROADCAST,0,HEARTBEAT,48,HEARTBEAT,0,0,0,0,0,0,0x1800FFC0
1777181329.278,666167,6,3,COMMS,255,BROADCAST,0,HEARTBEAT,48,HEARTBEAT,0,0,0,0,0,0,0x1800FFC0
1777181330.285,667174,6,3,COMMS,255,BROADCAST,0,HEARTBEAT,48,HEARTBEAT,0,0,0,0,0,0,0x1800FFC0
1777181331.306,668195,6,3,COMMS,255,BROADCAST,0,HEARTBEAT,48,HEARTBEAT,0,0,0,0,0,0,0x1800FFC0
1777181332.414,669268,6,3,COMMS,255,BROADCAST,0,HEARTBEAT,48,HEARTBEAT,0,0,0,0,0,0,0x1800FFC0
1777181333.389,670278,6,3,COMMS,255,BROADCAST,0,HEARTBEAT,48,HEARTBEAT,0,0,0,0,0,0,0x1800FFC0
1777181334.463,671335,6,3,COMMS,255,BROADCAST,0,HEARTBEAT,48,HEARTBEAT,0,0,0,0,0,0,0x1800FFC0
1777181335.487,672360,6,3,COMMS,255,BROADCAST,0,HEARTBEAT,48,HEARTBEAT,0,0,0,0,0,0,0x1800FFC0
1777181336.513,673402,6,3,COMMS,255,BROADCAST,0,HEARTBEAT,48,HEARTBEAT,0,0,0,0,0,0,0x1800FFC0
1777181337.536,674421,6,3,COMMS,255,BROADCAST,0,HEARTBEAT,48,HEARTBEAT,0,0,0,0,0,0,0x1800FFC0
1777181338.559,675422,6,3,COMMS,255,BROADCAST,0,HEARTBEAT,48,HEARTBEAT,0,0,0,0,0,0,0x1800FFC0
1777181339.614,676502,6,3,COMMS,255,BROADCAST,0,HEARTBEAT,48,HEARTBEAT,0,0,0,0,0,0,0x1800FFC0
1777181340.630,677519,6,3,COMMS,255,BROADCAST,0,HEARTBEAT,48,HEARTBEAT,0,0,0,0,0,0,0x1800FFC0
1777181341.681,678569,6,3,COMMS,255,BROADCAST,0,HEARTBEAT,48,HEARTBEAT,0,0,0,0,0,0,0x1800FFC0
1777181342.705,679593,6,3,COMMS,255,BROADCAST,0,HEARTBEAT,48,HEARTBEAT,0,0,0,0,0,0,0x1800FFC0
1777181343.772,680636,6,3,COMMS,255,BROADCAST,0,HEARTBEAT,48,HEARTBEAT,0,0,0,0,0,0,0x1800FFC0
1777181344.804,681669,6,3,COMMS,255,BROADCAST,0,HEARTBEAT,48,HEARTBEAT,0,0,0,0,0,0,0x1800FFC0
1777181345.825,682691,6,3,COMMS,255,BROADCAST,0,HEARTBEAT,48,HEARTBEAT,0,0,0,0,0,0,0x1800FFC0
1777181346.849,683736,6,3,COMMS,255,BROADCAST,0,HEARTBEAT,48,HEARTBEAT,0,0,0,0,0,0,0x1800FFC0
1777181347.879,684750,6,3,COMMS,255,BROADCAST,0,HEARTBEAT,48,HEARTBEAT,0,0,0,0,0,0,0x1800FFC0
1777181348.917,685803,6,3,COMMS,255,BROADCAST,0,HEARTBEAT,48,HEARTBEAT,0,0,0,0,0,0,0x1800FFC0
1777181349.936,686825,6,3,COMMS,255,BROADCAST,0,HEARTBEAT,48,HEARTBEAT,0,0,0,0,0,0,0x1800FFC0
1777181350.982,687870,6,3,COMMS,255,BROADCAST,0,HEARTBEAT,48,HEARTBEAT,0,0,0,0,0,0,0x1800FFC0
1777181352.016,688903,6,3,COMMS,255,BROADCAST,0,HEARTBEAT,48,HEARTBEAT,0,0,0,0,0,0,0x1800FFC0
1777181353.049,689937,6,3,COMMS,255,BROADCAST,0,HEARTBEAT,48,HEARTBEAT,0,0,0,0,0,0,0x1800FFC0
1777181354.082,690970,6,3,COMMS,255,BROADCAST,0,HEARTBEAT,48,HEARTBEAT,0,0,0,0,0,0,0x1800FFC0
1777181355.091,691980,6,3,COMMS,255,BROADCAST,0,HEARTBEAT,48,HEARTBEAT,0,0,0,0,0,0,0x1800FFC0
1777181356.170,693037,6,3,COMMS,255,BROADCAST,0,HEARTBEAT,48,HEARTBEAT,0,0,0,0,0,0,0x1800FFC0
1777181357.197,694066,6,3,COMMS,255,BROADCAST,0,HEARTBEAT,48,HEARTBEAT,0,0,0,0,0,0,0x1800FFC0
1777181358.220,695072,6,3,COMMS,255,BROADCAST,0,HEARTBEAT,48,HEARTBEAT,0,0,0,0,0,0,0x1800FFC0
1777181359.249,696138,6,3,COMMS,255,BROADCAST,0,HEARTBEAT,48,HEARTBEAT,0,0,0,0,0,0,0x1800FFC0
1777181360.279,697167,6,3,COMMS,255,BROADCAST,0,HEARTBEAT,48,HEARTBEAT,0,0,0,0,0,0,0x1800FFC0
1777181361.316,698204,6,3,COMMS,255,BROADCAST,0,HEARTBEAT,48,HEARTBEAT,0,0,0,0,0,0,0x1800FFC0
1777181362.338,699226,6,3,COMMS,255,BROADCAST,0,HEARTBEAT,48,HEARTBEAT,0,0,0,0,0,0,0x1800FFC0
1777181363.383,700271,6,3,COMMS,255,BROADCAST,0,HEARTBEAT,48,HEARTBEAT,0,0,0,0,0,0,0x1800FFC0
1777181364.411,701299,6,3,COMMS,255,BROADCAST,0,HEARTBEAT,48,HEARTBEAT,0,0,0,0,0,0,0x1800FFC0
1777181365.449,702338,6,3,COMMS,255,BROADCAST,0,HEARTBEAT,48,HEARTBEAT,0,0,0,0,0,0,0x1800FFC0
1777181366.455,703344,6,3,COMMS,255,BROADCAST,0,HEARTBEAT,48,HEARTBEAT,0,0,0,0,0,0,0x1800FFC0
1777181367.474,704362,6,3,COMMS,255,BROADCAST,0,HEARTBEAT,48,HEARTBEAT,0,0,0,0,0,0,0x1800FFC0
1777181368.478,705365,6,3,COMMS,255,BROADCAST,0,HEARTBEAT,48,HEARTBEAT,0,0,0,0,0,0,0x1800FFC0
1777181369.584,706458,6,3,COMMS,255,BROADCAST,0,HEARTBEAT,48,HEARTBEAT,0,0,0,0,0,0,0x1800FFC0
1777181370.619,707505,6,3,COMMS,255,BROADCAST,0,HEARTBEAT,48,HEARTBEAT,0,0,0,0,0,0,0x1800FFC0
1777181371.651,708538,6,3,COMMS,255,BROADCAST,0,HEARTBEAT,48,HEARTBEAT,0,0,0,0,0,0,0x1800FFC0
1777181372.667,709555,6,3,COMMS,255,BROADCAST,0,HEARTBEAT,48,HEARTBEAT,0,0,0,0,0,0,0x1800FFC0
1777181373.717,710605,6,3,COMMS,255,BROADCAST,0,HEARTBEAT,48,HEARTBEAT,0,0,0,0,0,0,0x1800FFC0
1777181374.750,711639,6,3,COMMS,255,BROADCAST,0,HEARTBEAT,48,HEARTBEAT,0,0,0,0,0,0,0x1800FFC0
1777181375.784,712672,6,3,COMMS,255,BROADCAST,0,HEARTBEAT,48,HEARTBEAT,0,0,0,0,0,0,0x1800FFC0
1777181376.791,713680,6,3,COMMS,255,BROADCAST,0,HEARTBEAT,48,HEARTBEAT,0,0,0,0,0,0,0x1800FFC0
1777181377.884,714739,6,3,COMMS,255,BROADCAST,0,HEARTBEAT,48,HEARTBEAT,0,0,0,0,0,0,0x1800FFC0
1777181378.897,715762,6,3,COMMS,255,BROADCAST,0,HEARTBEAT,48,HEARTBEAT,0,0,0,0,0,0,0x1800FFC0
1777181379.876,716763,6,3,COMMS,255,BROADCAST,0,HEARTBEAT,48,HEARTBEAT,0,0,0,0,0,0,0x1800FFC0
1777181380.953,717840,6,3,COMMS,255,BROADCAST,0,HEARTBEAT,48,HEARTBEAT,0,0,0,0,0,0,0x1800FFC0
1777181381.969,718845,6,3,COMMS,255,BROADCAST,0,HEARTBEAT,48,HEARTBEAT,0,0,0,0,0,0,0x1800FFC0
1777181383.021,719907,6,3,COMMS,255,BROADCAST,0,HEARTBEAT,48,HEARTBEAT,0,0,0,0,0,0,0x1800FFC0
1777181384.052,720940,6,3,COMMS,255,BROADCAST,0,HEARTBEAT,48,HEARTBEAT,0,0,0,0,0,0,0x1800FFC0
1777181385.086,721974,6,3,COMMS,255,BROADCAST,0,HEARTBEAT,48,HEARTBEAT,0,0,0,0,0,0,0x1800FFC0
1777181386.085,722973,6,3,COMMS,255,BROADCAST,0,HEARTBEAT,48,HEARTBEAT,0,0,0,0,0,0,0x1800FFC0
1777181387.152,724041,6,3,COMMS,255,BROADCAST,0,HEARTBEAT,48,HEARTBEAT,0,0,0,0,0,0,0x1800FFC0
1777181388.178,725065,6,3,COMMS,255,BROADCAST,0,HEARTBEAT,48,HEARTBEAT,0,0,0,0,0,0,0x1800FFC0
1777181389.248,726107,6,3,COMMS,255,BROADCAST,0,HEARTBEAT,48,HEARTBEAT,0,0,0,0,0,0,0x1800FFC0
1777181390.267,727141,6,3,COMMS,255,BROADCAST,0,HEARTBEAT,48,HEARTBEAT,0,0,0,0,0,0,0x1800FFC0
1777181391.298,728155,6,3,COMMS,255,BROADCAST,0,HEARTBEAT,48,HEARTBEAT,0,0,0,0,0,0,0x1800FFC0
1777181392.321,729208,6,3,COMMS,255,BROADCAST,0,HEARTBEAT,48,HEARTBEAT,0,0,0,0,0,0,0x1800FFC0
1777181393.354,730241,6,3,COMMS,255,BROADCAST,0,HEARTBEAT,48,HEARTBEAT,0,0,0,0,0,0,0x1800FFC0
1777181394.387,731275,6,3,COMMS,255,BROADCAST,0,HEARTBEAT,48,HEARTBEAT,0,0,0,0,0,0,0x1800FFC0
1777181395.423,732308,6,3,COMMS,255,BROADCAST,0,HEARTBEAT,48,HEARTBEAT,0,0,0,0,0,0,0x1800FFC0
1777181396.423,733310,6,3,COMMS,255,BROADCAST,0,HEARTBEAT,48,HEARTBEAT,0,0,0,0,0,0,0x1800FFC0
1777181397.487,734375,6,3,COMMS,255,BROADCAST,0,HEARTBEAT,48,HEARTBEAT,0,0,0,0,0,0,0x1800FFC0
1777181398.491,735379,6,3,COMMS,255,BROADCAST,0,HEARTBEAT,48,HEARTBEAT,0,0,0,0,0,0,0x1800FFC0
1777181399.593,736442,6,3,COMMS,255,BROADCAST,0,HEARTBEAT,48,HEARTBEAT,0,0,0,0,0,0,0x1800FFC0
1777181400.572,737461,6,3,COMMS,255,BROADCAST,0,HEARTBEAT,48,HEARTBEAT,0,0,0,0,0,0,0x1800FFC0
1777181401.638,738509,6,3,COMMS,255,BROADCAST,0,HEARTBEAT,48,HEARTBEAT,0,0,0,0,0,0,0x1800FFC0
1777181402.621,739509,6,3,COMMS,255,BROADCAST,0,HEARTBEAT,48,HEARTBEAT,0,0,0,0,0,0,0x1800FFC0
1777181403.646,740534,6,3,COMMS,255,BROADCAST,0,HEARTBEAT,48,HEARTBEAT,0,0,0,0,0,0,0x1800FFC0
1777181404.652,741539,6,3,COMMS,255,BROADCAST,0,HEARTBEAT,48,HEARTBEAT,0,0,0,0,0,0,0x1800FFC0
1777181405.743,742631,6,3,COMMS,255,BROADCAST,0,HEARTBEAT,48,HEARTBEAT,0,0,0,0,0,0,0x1800FFC0
1777181406.790,743677,6,3,COMMS,255,BROADCAST,0,HEARTBEAT,48,HEARTBEAT,0,0,0,0,0,0,0x1800FFC0
1777181407.823,744711,6,3,COMMS,255,BROADCAST,0,HEARTBEAT,48,HEARTBEAT,0,0,0,0,0,0,0x1800FFC0
1777181408.856,745744,6,3,COMMS,255,BROADCAST,0,HEARTBEAT,48,HEARTBEAT,0,0,0,0,0,0,0x1800FFC0
1777181409.890,746778,6,3,COMMS,255,BROADCAST,0,HEARTBEAT,48,HEARTBEAT,0,0,0,0,0,0,0x1800FFC0
1777181410.897,747785,6,3,COMMS,255,BROADCAST,0,HEARTBEAT,48,HEARTBEAT,0,0,0,0,0,0,0x1800FFC0
1777181411.976,748845,6,3,COMMS,255,BROADCAST,0,HEARTBEAT,48,HEARTBEAT,0,0,0,0,0,0,0x1800FFC0
1777181413.003,749867,6,3,COMMS,255,BROADCAST,0,HEARTBEAT,48,HEARTBEAT,0,0,0,0,0,0,0x1800FFC0
1777181413.984,750872,6,3,COMMS,255,BROADCAST,0,HEARTBEAT,48,HEARTBEAT,0,0,0,0,0,0,0x1800FFC0
1777181415.057,751945,6,3,COMMS,255,BROADCAST,0,HEARTBEAT,48,HEARTBEAT,0,0,0,0,0,0,0x1800FFC0
1777181416.092,752979,6,3,COMMS,255,BROADCAST,0,HEARTBEAT,48,HEARTBEAT,0,0,0,0,0,0,0x1800FFC0
1777181417.124,754013,6,3,COMMS,255,BROADCAST,0,HEARTBEAT,48,HEARTBEAT,0,0,0,0,0,0,0x1800FFC0
1777181418.131,755019,6,3,COMMS,255,BROADCAST,0,HEARTBEAT,48,HEARTBEAT,0,0,0,0,0,0,0x1800FFC0
1777181419.149,756027,6,3,COMMS,255,BROADCAST,0,HEARTBEAT,48,HEARTBEAT,0,0,0,0,0,0,0x1800FFC0
1777181420.225,757113,6,3,COMMS,255,BROADCAST,0,HEARTBEAT,48,HEARTBEAT,0,0,0,0,0,0,0x1800FFC0
1777181421.285,758116,6,3,COMMS,255,BROADCAST,0,HEARTBEAT,48,HEARTBEAT,0,0,0,0,0,0,0x1800FFC0
1777181422.270,759158,6,3,COMMS,255,BROADCAST,0,HEARTBEAT,48,HEARTBEAT,0,0,0,0,0,0,0x1800FFC0
1777181423.352,760213,6,3,COMMS,255,BROADCAST,0,HEARTBEAT,48,HEARTBEAT,0,0,0,0,0,0,0x1800FFC0
1777181424.375,761240,6,3,COMMS,255,BROADCAST,0,HEARTBEAT,48,HEARTBEAT,0,0,0,0,0,0,0x1800FFC0
1777181425.397,762256,6,3,COMMS,255,BROADCAST,0,HEARTBEAT,48,HEARTBEAT,0,0,0,0,0,0,0x1800FFC0
1777181426.430,763314,6,3,COMMS,255,BROADCAST,0,HEARTBEAT,48,HEARTBEAT,0,0,0,0,0,0,0x1800FFC0
1777181427.445,764334,6,3,COMMS,255,BROADCAST,0,HEARTBEAT,48,HEARTBEAT,0,0,0,0,0,0,0x1800FFC0
1777181428.493,765381,6,3,COMMS,255,BROADCAST,0,HEARTBEAT,48,HEARTBEAT,0,0,0,0,0,0,0x1800FFC0
1777181429.534,766414,6,3,COMMS,255,BROADCAST,0,HEARTBEAT,48,HEARTBEAT,0,0,0,0,0,0,0x1800FFC0
1777181430.560,767448,6,3,COMMS,255,BROADCAST,0,HEARTBEAT,48,HEARTBEAT,0,0,0,0,0,0,0x1800FFC0
1777181431.594,768481,6,3,COMMS,255,BROADCAST,0,HEARTBEAT,48,HEARTBEAT,0,0,0,0,0,0,0x1800FFC0
1777181432.599,769487,6,3,COMMS,255,BROADCAST,0,HEARTBEAT,48,HEARTBEAT,0,0,0,0,0,0,0x1800FFC0
1777181433.692,770548,6,3,COMMS,255,BROADCAST,0,HEARTBEAT,48,HEARTBEAT,0,0,0,0,0,0,0x1800FFC0
1777181434.722,771569,6,3,COMMS,255,BROADCAST,0,HEARTBEAT,48,HEARTBEAT,0,0,0,0,0,0,0x1800FFC0
1777181435.740,772615,6,3,COMMS,255,BROADCAST,0,HEARTBEAT,48,HEARTBEAT,0,0,0,0,0,0,0x1800FFC0
1777181436.764,773639,6,3,COMMS,255,BROADCAST,0,HEARTBEAT,48,HEARTBEAT,0,0,0,0,0,0,0x1800FFC0
1777181437.802,774682,6,3,COMMS,255,BROADCAST,0,HEARTBEAT,48,HEARTBEAT,0,0,0,0,0,0,0x1800FFC0
1777181438.828,775715,6,3,COMMS,255,BROADCAST,0,HEARTBEAT,48,HEARTBEAT,0,0,0,0,0,0,0x1800FFC0
1777181439.837,776720,6,3,COMMS,255,BROADCAST,0,HEARTBEAT,48,HEARTBEAT,0,0,0,0,0,0,0x1800FFC0
1777181440.890,777777,6,3,COMMS,255,BROADCAST,0,HEARTBEAT,48,HEARTBEAT,0,0,0,0,0,0,0x1800FFC0
1777181441.928,778815,6,3,COMMS,255,BROADCAST,0,HEARTBEAT,48,HEARTBEAT,0,0,0,0,0,0,0x1800FFC0
1777181442.962,779849,6,3,COMMS,255,BROADCAST,0,HEARTBEAT,48,HEARTBEAT,0,0,0,0,0,0,0x1800FFC0
1777181443.980,780868,6,3,COMMS,255,BROADCAST,0,HEARTBEAT,48,HEARTBEAT,0,0,0,0,0,0,0x1800FFC0
1777181445.059,781915,6,3,COMMS,255,BROADCAST,0,HEARTBEAT,48,HEARTBEAT,0,0,0,0,0,0,0x1800FFC0
1777181446.083,782936,6,3,COMMS,255,BROADCAST,0,HEARTBEAT,48,HEARTBEAT,0,0,0,0,0,0,0x1800FFC0
1777181447.108,783982,6,3,COMMS,255,BROADCAST,0,HEARTBEAT,48,HEARTBEAT,0,0,0,0,0,0,0x1800FFC0
1777181448.131,785016,6,3,COMMS,255,BROADCAST,0,HEARTBEAT,48,HEARTBEAT,0,0,0,0,0,0,0x1800FFC0
1777181449.162,786049,6,3,COMMS,255,BROADCAST,0,HEARTBEAT,48,HEARTBEAT,0,0,0,0,0,0,0x1800FFC0
1777181450.196,787083,6,3,COMMS,255,BROADCAST,0,HEARTBEAT,48,HEARTBEAT,0,0,0,0,0,0,0x1800FFC0
1777181451.202,788090,6,3,COMMS,255,BROADCAST,0,HEARTBEAT,48,HEARTBEAT,0,0,0,0,0,0,0x1800FFC0
1777181452.226,789095,6,3,COMMS,255,BROADCAST,0,HEARTBEAT,48,HEARTBEAT,0,0,0,0,0,0,0x1800FFC0
1777181453.260,790100,6,3,COMMS,255,BROADCAST,0,HEARTBEAT,48,HEARTBEAT,0,0,0,0,0,0,0x1800FFC0
1777181454.305,791191,6,3,COMMS,255,BROADCAST,0,HEARTBEAT,48,HEARTBEAT,0,0,0,0,0,0,0x1800FFC0
1777181455.314,792201,6,3,COMMS,255,BROADCAST,0,HEARTBEAT,48,HEARTBEAT,0,0,0,0,0,0,0x1800FFC0
1777181456.426,793284,6,3,COMMS,255,BROADCAST,0,HEARTBEAT,48,HEARTBEAT,0,0,0,0,0,0,0x1800FFC0
1777181457.448,794317,6,3,COMMS,255,BROADCAST,0,HEARTBEAT,48,HEARTBEAT,0,0,0,0,0,0,0x1800FFC0
1777181458.474,795330,6,3,COMMS,255,BROADCAST,0,HEARTBEAT,48,HEARTBEAT,0,0,0,0,0,0,0x1800FFC0
1777181459.497,796384,6,3,COMMS,255,BROADCAST,0,HEARTBEAT,48,HEARTBEAT,0,0,0,0,0,0,0x1800FFC0
1777181460.521,797391,6,3,COMMS,255,BROADCAST,0,HEARTBEAT,48,HEARTBEAT,0,0,0,0,0,0,0x1800FFC0
1777181461.565,798451,6,3,COMMS,255,BROADCAST,0,HEARTBEAT,48,HEARTBEAT,0,0,0,0,0,0,0x1800FFC0
1777181462.599,799485,6,3,COMMS,255,BROADCAST,0,HEARTBEAT,48,HEARTBEAT,0,0,0,0,0,0,0x1800FFC0
1777181463.602,800488,6,3,COMMS,255,BROADCAST,0,HEARTBEAT,48,HEARTBEAT,0,0,0,0,0,0,0x1800FFC0
1777181464.617,801498,6,3,COMMS,255,BROADCAST,0,HEARTBEAT,48,HEARTBEAT,0,0,0,0,0,0,0x1800FFC0
1777181465.704,802586,6,3,COMMS,255,BROADCAST,0,HEARTBEAT,48,HEARTBEAT,0,0,0,0,0,0,0x1800FFC0
1777181466.766,803619,6,3,COMMS,255,BROADCAST,0,HEARTBEAT,48,HEARTBEAT,0,0,0,0,0,0,0x1800FFC0
1777181467.794,804653,6,3,COMMS,255,BROADCAST,0,HEARTBEAT,48,HEARTBEAT,0,0,0,0,0,0,0x1800FFC0
1777181468.817,805663,6,3,COMMS,255,BROADCAST,0,HEARTBEAT,48,HEARTBEAT,0,0,0,0,0,0,0x1800FFC0
1777181469.788,806675,6,3,COMMS,255,BROADCAST,0,HEARTBEAT,48,HEARTBEAT,0,0,0,0,0,0,0x1800FFC0
1777181470.819,807707,6,3,COMMS,255,BROADCAST,0,HEARTBEAT,48,HEARTBEAT,0,0,0,0,0,0,0x1800FFC0
1777181471.900,808787,6,3,COMMS,255,BROADCAST,0,HEARTBEAT,48,HEARTBEAT,0,0,0,0,0,0,0x1800FFC0
1777181472.911,809789,6,3,COMMS,255,BROADCAST,0,HEARTBEAT,48,HEARTBEAT,0,0,0,0,0,0,0x1800FFC0
1777181473.966,810854,6,3,COMMS,255,BROADCAST,0,HEARTBEAT,48,HEARTBEAT,0,0,0,0,0,0,0x1800FFC0
1777181475.000,811887,6,3,COMMS,255,BROADCAST,0,HEARTBEAT,48,HEARTBEAT,0,0,0,0,0,0,0x1800FFC0
1777181476.008,812895,6,3,COMMS,255,BROADCAST,0,HEARTBEAT,48,HEARTBEAT,0,0,0,0,0,0,0x1800FFC0
1777181477.052,813938,6,3,COMMS,255,BROADCAST,0,HEARTBEAT,48,HEARTBEAT,0,0,0,0,0,0,0x1800FFC0
1777181478.090,814977,6,3,COMMS,255,BROADCAST,0,HEARTBEAT,48,HEARTBEAT,0,0,0,0,0,0,0x1800FFC0
1777181479.159,816021,6,3,COMMS,255,BROADCAST,0,HEARTBEAT,48,HEARTBEAT,0,0,0,0,0,0,0x1800FFC0
1777181480.181,817055,6,3,COMMS,255,BROADCAST,0,HEARTBEAT,48,HEARTBEAT,0,0,0,0,0,0,0x1800FFC0
1777181481.202,818088,6,3,COMMS,255,BROADCAST,0,HEARTBEAT,48,HEARTBEAT,0,0,0,0,0,0,0x1800FFC0
1777181482.236,819122,6,3,COMMS,255,BROADCAST,0,HEARTBEAT,48,HEARTBEAT,0,0,0,0,0,0,0x1800FFC0
1777181483.254,820134,6,3,COMMS,255,BROADCAST,0,HEARTBEAT,48,HEARTBEAT,0,0,0,0,0,0,0x1800FFC0
1777181484.265,821146,6,3,COMMS,255,BROADCAST,0,HEARTBEAT,48,HEARTBEAT,0,0,0,0,0,0,0x1800FFC0
1777181485.336,822223,6,3,COMMS,255,BROADCAST,0,HEARTBEAT,48,HEARTBEAT,0,0,0,0,0,0,0x1800FFC0
1777181486.358,823242,6,3,COMMS,255,BROADCAST,0,HEARTBEAT,48,HEARTBEAT,0,0,0,0,0,0,0x1800FFC0
1777181487.402,824290,6,3,COMMS,255,BROADCAST,0,HEARTBEAT,48,HEARTBEAT,0,0,0,0,0,0,0x1800FFC0
1777181488.473,825323,6,3,COMMS,255,BROADCAST,0,HEARTBEAT,48,HEARTBEAT,0,0,0,0,0,0,0x1800FFC0
1777181489.459,826346,6,3,COMMS,255,BROADCAST,0,HEARTBEAT,48,HEARTBEAT,0,0,0,0,0,0,0x1800FFC0
1777181490.517,827390,6,3,COMMS,255,BROADCAST,0,HEARTBEAT,48,HEARTBEAT,0,0,0,0,0,0,0x1800FFC0
1777181491.550,828423,6,3,COMMS,255,BROADCAST,0,HEARTBEAT,48,HEARTBEAT,0,0,0,0,0,0,0x1800FFC0
1777181492.569,829438,6,3,COMMS,255,BROADCAST,0,HEARTBEAT,48,HEARTBEAT,0,0,0,0,0,0,0x1800FFC0
1777181493.583,830457,6,3,COMMS,255,BROADCAST,0,HEARTBEAT,48,HEARTBEAT,0,0,0,0,0,0,0x1800FFC0
1777181494.620,831487,6,3,COMMS,255,BROADCAST,0,HEARTBEAT,48,HEARTBEAT,0,0,0,0,0,0,0x1800FFC0
1777181495.659,832546,6,3,COMMS,255,BROADCAST,0,HEARTBEAT,48,HEARTBEAT,0,0,0,0,0,0,0x1800FFC0
1777181496.682,833569,6,3,COMMS,255,BROADCAST,0,HEARTBEAT,48,HEARTBEAT,0,0,0,0,0,0,0x1800FFC0
1777181497.688,834574,6,3,COMMS,255,BROADCAST,0,HEARTBEAT,48,HEARTBEAT,0,0,0,0,0,0,0x1800FFC0
1777181498.774,835658,6,3,COMMS,255,BROADCAST,0,HEARTBEAT,48,HEARTBEAT,0,0,0,0,0,0,0x1800FFC0
1777181499.781,836669,6,3,COMMS,255,BROADCAST,0,HEARTBEAT,48,HEARTBEAT,0,0,0,0,0,0,0x1800FFC0
1777181500.785,837672,6,3,COMMS,255,BROADCAST,0,HEARTBEAT,48,HEARTBEAT,0,0,0,0,0,0,0x1800FFC0
1777181501.893,838758,6,3,COMMS,255,BROADCAST,0,HEARTBEAT,48,HEARTBEAT,0,0,0,0,0,0,0x1800FFC0
1777181502.915,839791,6,3,COMMS,255,BROADCAST,0,HEARTBEAT,48,HEARTBEAT,0,0,0,0,0,0,0x1800FFC0
1777181503.940,840825,6,3,COMMS,255,BROADCAST,0,HEARTBEAT,48,HEARTBEAT,0,0,0,0,0,0,0x1800FFC0
1777181504.959,841837,6,3,COMMS,255,BROADCAST,0,HEARTBEAT,48,HEARTBEAT,0,0,0,0,0,0,0x1800FFC0
1777181506.005,842892,6,3,COMMS,255,BROADCAST,0,HEARTBEAT,48,HEARTBEAT,0,0,0,0,0,0,0x1800FFC0
1777181507.033,843919,6,3,COMMS,255,BROADCAST,0,HEARTBEAT,48,HEARTBEAT,0,0,0,0,0,0,0x1800FFC0
1777181508.071,844959,6,3,COMMS,255,BROADCAST,0,HEARTBEAT,48,HEARTBEAT,0,0,0,0,0,0,0x1800FFC0
1777181509.094,845982,6,3,COMMS,255,BROADCAST,0,HEARTBEAT,48,HEARTBEAT,0,0,0,0,0,0,0x1800FFC0
1777181510.138,847026,6,3,COMMS,255,BROADCAST,0,HEARTBEAT,48,HEARTBEAT,0,0,0,0,0,0,0x1800FFC0
1777181511.212,848059,6,3,COMMS,255,BROADCAST,0,HEARTBEAT,48,HEARTBEAT,0,0,0,0,0,0,0x1800FFC0
1777181512.179,849066,6,3,COMMS,255,BROADCAST,0,HEARTBEAT,48,HEARTBEAT,0,0,0,0,0,0,0x1800FFC0
1777181513.206,850093,6,3,COMMS,255,BROADCAST,0,HEARTBEAT,48,HEARTBEAT,0,0,0,0,0,0,0x1800FFC0
1777181514.282,851154,6,3,COMMS,255,BROADCAST,0,HEARTBEAT,48,HEARTBEAT,0,0,0,0,0,0,0x1800FFC0
1777181515.305,852189,6,3,COMMS,255,BROADCAST,0,HEARTBEAT,48,HEARTBEAT,0,0,0,0,0,0,0x1800FFC0
1777181516.340,853226,6,3,COMMS,255,BROADCAST,0,HEARTBEAT,48,HEARTBEAT,0,0,0,0,0,0,0x1800FFC0
1777181517.374,854260,6,3,COMMS,255,BROADCAST,0,HEARTBEAT,48,HEARTBEAT,0,0,0,0,0,0,0x1800FFC0
1777181518.378,855266,6,3,COMMS,255,BROADCAST,0,HEARTBEAT,48,HEARTBEAT,0,0,0,0,0,0,0x1800FFC0
1777181519.403,856273,6,3,COMMS,255,BROADCAST,0,HEARTBEAT,48,HEARTBEAT,0,0,0,0,0,0,0x1800FFC0
1777181520.474,857361,6,3,COMMS,255,BROADCAST,0,HEARTBEAT,48,HEARTBEAT,0,0,0,0,0,0,0x1800FFC0
1777181521.481,858368,6,3,COMMS,255,BROADCAST,0,HEARTBEAT,48,HEARTBEAT,0,0,0,0,0,0,0x1800FFC0
1777181522.579,859427,6,3,COMMS,255,BROADCAST,0,HEARTBEAT,48,HEARTBEAT,0,0,0,0,0,0,0x1800FFC0
1777181523.602,860461,6,3,COMMS,255,BROADCAST,0,HEARTBEAT,48,HEARTBEAT,0,0,0,0,0,0,0x1800FFC0
1777181524.623,861482,6,3,COMMS,255,BROADCAST,0,HEARTBEAT,48,HEARTBEAT,0,0,0,0,0,0,0x1800FFC0
1777181525.648,862528,6,3,COMMS,255,BROADCAST,0,HEARTBEAT,48,HEARTBEAT,0,0,0,0,0,0,0x1800FFC0
1777181526.674,863562,6,3,COMMS,255,BROADCAST,0,HEARTBEAT,48,HEARTBEAT,0,0,0,0,0,0,0x1800FFC0
1777181527.696,864571,6,3,COMMS,255,BROADCAST,0,HEARTBEAT,48,HEARTBEAT,0,0,0,0,0,0,0x1800FFC0
1777181528.742,865629,6,3,COMMS,255,BROADCAST,0,HEARTBEAT,48,HEARTBEAT,0,0,0,0,0,0,0x1800FFC0
1777181529.776,866662,6,3,COMMS,255,BROADCAST,0,HEARTBEAT,48,HEARTBEAT,0,0,0,0,0,0,0x1800FFC0
1777181530.785,867672,6,3,COMMS,255,BROADCAST,0,HEARTBEAT,48,HEARTBEAT,0,0,0,0,0,0,0x1800FFC0
1777181531.843,868729,6,3,COMMS,255,BROADCAST,0,HEARTBEAT,48,HEARTBEAT,0,0,0,0,0,0,0x1800FFC0
1777181532.868,869754,6,3,COMMS,255,BROADCAST,0,HEARTBEAT,48,HEARTBEAT,0,0,0,0,0,0,0x1800FFC0
1777181533.945,870796,6,3,COMMS,255,BROADCAST,0,HEARTBEAT,48,HEARTBEAT,0,0,0,0,0,0,0x1800FFC0
1777181534.969,871830,6,3,COMMS,255,BROADCAST,0,HEARTBEAT,48,HEARTBEAT,0,0,0,0,0,0,0x1800FFC0
1777181535.996,872845,6,3,COMMS,255,BROADCAST,0,HEARTBEAT,48,HEARTBEAT,0,0,0,0,0,0,0x1800FFC0
1777181537.016,873897,6,3,COMMS,255,BROADCAST,0,HEARTBEAT,48,HEARTBEAT,0,0,0,0,0,0,0x1800FFC0
1777181538.044,874930,6,3,COMMS,255,BROADCAST,0,HEARTBEAT,48,HEARTBEAT,0,0,0,0,0,0,0x1800FFC0
1777181539.077,875964,6,3,COMMS,255,BROADCAST,0,HEARTBEAT,48,HEARTBEAT,0,0,0,0,0,0,0x1800FFC0
1777181540.114,876997,6,3,COMMS,255,BROADCAST,0,HEARTBEAT,48,HEARTBEAT,0,0,0,0,0,0,0x1800FFC0
1777181541.119,878006,6,3,COMMS,255,BROADCAST,0,HEARTBEAT,48,HEARTBEAT,0,0,0,0,0,0,0x1800FFC0
1777181542.149,879036,6,3,COMMS,255,BROADCAST,0,HEARTBEAT,48,HEARTBEAT,0,0,0,0,0,0,0x1800FFC0
1777181543.152,880037,6,3,COMMS,255,BROADCAST,0,HEARTBEAT,48,HEARTBEAT,0,0,0,0,0,0,0x1800FFC0
1777181544.244,881131,6,3,COMMS,255,BROADCAST,0,HEARTBEAT,48,HEARTBEAT,0,0,0,0,0,0,0x1800FFC0
1777181545.244,882131,6,3,COMMS,255,BROADCAST,0,HEARTBEAT,48,HEARTBEAT,0,0,0,0,0,0,0x1800FFC0
1777181546.321,883198,6,3,COMMS,255,BROADCAST,0,HEARTBEAT,48,HEARTBEAT,0,0,0,0,0,0,0x1800FFC0
1777181547.317,884203,6,3,COMMS,255,BROADCAST,0,HEARTBEAT,48,HEARTBEAT,0,0,0,0,0,0,0x1800FFC0
1777181548.315,885203,6,3,COMMS,255,BROADCAST,0,HEARTBEAT,48,HEARTBEAT,0,0,0,0,0,0,0x1800FFC0
1777181549.343,886230,6,3,COMMS,255,BROADCAST,0,HEARTBEAT,48,HEARTBEAT,0,0,0,0,0,0,0x1800FFC0
1777181550.387,887273,6,3,COMMS,255,BROADCAST,0,HEARTBEAT,48,HEARTBEAT,0,0,0,0,0,0,0x1800FFC0
1777181551.453,888313,6,3,COMMS,255,BROADCAST,0,HEARTBEAT,48,HEARTBEAT,0,0,0,0,0,0,0x1800FFC0
1777181552.497,889384,6,3,COMMS,255,BROADCAST,0,HEARTBEAT,48,HEARTBEAT,0,0,0,0,0,0,0x1800FFC0
1777181553.546,890433,6,3,COMMS,255,BROADCAST,0,HEARTBEAT,48,HEARTBEAT,0,0,0,0,0,0,0x1800FFC0
1777181554.579,891466,6,3,COMMS,255,BROADCAST,0,HEARTBEAT,48,HEARTBEAT,0,0,0,0,0,0,0x1800FFC0
1777181555.588,892475,6,3,COMMS,255,BROADCAST,0,HEARTBEAT,48,HEARTBEAT,0,0,0,0,0,0,0x1800FFC0
1777181556.677,893533,6,3,COMMS,255,BROADCAST,0,HEARTBEAT,48,HEARTBEAT,0,0,0,0,0,0,0x1800FFC0
1777181557.690,894566,6,3,COMMS,255,BROADCAST,0,HEARTBEAT,48,HEARTBEAT,0,0,0,0,0,0,0x1800FFC0
1777181558.679,895566,6,3,COMMS,255,BROADCAST,0,HEARTBEAT,48,HEARTBEAT,0,0,0,0,0,0,0x1800FFC0
1777181559.747,896633,6,3,COMMS,255,BROADCAST,0,HEARTBEAT,48,HEARTBEAT,0,0,0,0,0,0,0x1800FFC0
1777181560.781,897666,6,3,COMMS,255,BROADCAST,0,HEARTBEAT,48,HEARTBEAT,0,0,0,0,0,0,0x1800FFC0
1777181561.814,898700,6,3,COMMS,255,BROADCAST,0,HEARTBEAT,48,HEARTBEAT,0,0,0,0,0,0,0x1800FFC0
1777181562.830,899714,6,3,COMMS,255,BROADCAST,0,HEARTBEAT,48,HEARTBEAT,0,0,0,0,0,0,0x1800FFC0
1777181563.881,900767,6,3,COMMS,255,BROADCAST,0,HEARTBEAT,48,HEARTBEAT,0,0,0,0,0,0,0x1800FFC0
1777181564.909,901796,6,3,COMMS,255,BROADCAST,0,HEARTBEAT,48,HEARTBEAT,0,0,0,0,0,0,0x1800FFC0
1777181565.911,902797,6,3,COMMS,255,BROADCAST,0,HEARTBEAT,48,HEARTBEAT,0,0,0,0,0,0,0x1800FFC0
1777181566.933,903820,6,3,COMMS,255,BROADCAST,0,HEARTBEAT,48,HEARTBEAT,0,0,0,0,0,0,0x1800FFC0
1777181568.044,904900,6,3,COMMS,255,BROADCAST,0,HEARTBEAT,48,HEARTBEAT,0,0,0,0,0,0,0x1800FFC0
1777181569.062,905934,6,3,COMMS,255,BROADCAST,0,HEARTBEAT,48,HEARTBEAT,0,0,0,0,0,0,0x1800FFC0
1777181570.092,906967,6,3,COMMS,255,BROADCAST,0,HEARTBEAT,48,HEARTBEAT,0,0,0,0,0,0,0x1800FFC0
1777181571.114,907978,6,3,COMMS,255,BROADCAST,0,HEARTBEAT,48,HEARTBEAT,0,0,0,0,0,0,0x1800FFC0
1777181572.146,909031,6,3,COMMS,255,BROADCAST,0,HEARTBEAT,48,HEARTBEAT,0,0,0,0,0,0,0x1800FFC0
1777181573.183,910067,6,3,COMMS,255,BROADCAST,0,HEARTBEAT,48,HEARTBEAT,0,0,0,0,0,0,0x1800FFC0
1777181574.214,911101,6,3,COMMS,255,BROADCAST,0,HEARTBEAT,48,HEARTBEAT,0,0,0,0,0,0,0x1800FFC0
1777181575.218,912104,6,3,COMMS,255,BROADCAST,0,HEARTBEAT,48,HEARTBEAT,0,0,0,0,0,0,0x1800FFC0
1777181576.245,913132,6,3,COMMS,255,BROADCAST,0,HEARTBEAT,48,HEARTBEAT,0,0,0,0,0,0,0x1800FFC0
1777181577.316,914201,6,3,COMMS,255,BROADCAST,0,HEARTBEAT,48,HEARTBEAT,0,0,0,0,0,0,0x1800FFC0
1777181578.342,915229,6,3,COMMS,255,BROADCAST,0,HEARTBEAT,48,HEARTBEAT,0,0,0,0,0,0,0x1800FFC0
1777181579.405,916268,6,3,COMMS,255,BROADCAST,0,HEARTBEAT,48,HEARTBEAT,0,0,0,0,0,0,0x1800FFC0
1777181580.422,917287,6,3,COMMS,255,BROADCAST,0,HEARTBEAT,48,HEARTBEAT,0,0,0,0,0,0,0x1800FFC0
1777181581.456,918335,6,3,COMMS,255,BROADCAST,0,HEARTBEAT,48,HEARTBEAT,0,0,0,0,0,0,0x1800FFC0
1777181582.487,919368,6,3,COMMS,255,BROADCAST,0,HEARTBEAT,48,HEARTBEAT,0,0,0,0,0,0,0x1800FFC0
1777181583.497,920378,6,3,COMMS,255,BROADCAST,0,HEARTBEAT,48,HEARTBEAT,0,0,0,0,0,0,0x1800FFC0
1777181584.534,921420,6,3,COMMS,255,BROADCAST,0,HEARTBEAT,48,HEARTBEAT,0,0,0,0,0,0,0x1800FFC0
1777181585.592,922469,6,3,COMMS,255,BROADCAST,0,HEARTBEAT,48,HEARTBEAT,0,0,0,0,0,0,0x1800FFC0
1777181586.617,923502,6,3,COMMS,255,BROADCAST,0,HEARTBEAT,48,HEARTBEAT,0,0,0,0,0,0,0x1800FFC0
1777181587.649,924536,6,3,COMMS,255,BROADCAST,0,HEARTBEAT,48,HEARTBEAT,0,0,0,0,0,0,0x1800FFC0
1777181588.683,925569,6,3,COMMS,255,BROADCAST,0,HEARTBEAT,48,HEARTBEAT,0,0,0,0,0,0,0x1800FFC0
1777181589.691,926577,6,3,COMMS,255,BROADCAST,0,HEARTBEAT,48,HEARTBEAT,0,0,0,0,0,0,0x1800FFC0
1777181590.716,927602,6,3,COMMS,255,BROADCAST,0,HEARTBEAT,48,HEARTBEAT,0,0,0,0,0,0,0x1800FFC0
1777181591.800,928669,6,3,COMMS,255,BROADCAST,0,HEARTBEAT,48,HEARTBEAT,0,0,0,0,0,0,0x1800FFC0
1777181592.825,929684,6,3,COMMS,255,BROADCAST,0,HEARTBEAT,48,HEARTBEAT,0,0,0,0,0,0,0x1800FFC0
1777181593.859,930736,6,3,COMMS,255,BROADCAST,0,HEARTBEAT,48,HEARTBEAT,0,0,0,0,0,0,0x1800FFC0
1777181594.880,931766,6,3,COMMS,255,BROADCAST,0,HEARTBEAT,48,HEARTBEAT,0,0,0,0,0,0,0x1800FFC0
1777181595.917,932803,6,3,COMMS,255,BROADCAST,0,HEARTBEAT,48,HEARTBEAT,0,0,0,0,0,0,0x1800FFC0
1777181596.924,933810,6,3,COMMS,255,BROADCAST,0,HEARTBEAT,48,HEARTBEAT,0,0,0,0,0,0,0x1800FFC0
1777181597.983,934870,6,3,COMMS,255,BROADCAST,0,HEARTBEAT,48,HEARTBEAT,0,0,0,0,0,0,0x1800FFC0
1777181599.005,935892,6,3,COMMS,255,BROADCAST,0,HEARTBEAT,48,HEARTBEAT,0,0,0,0,0,0,0x1800FFC0
1777181600.036,936921,6,3,COMMS,255,BROADCAST,0,HEARTBEAT,48,HEARTBEAT,0,0,0,0,0,0,0x1800FFC0
1777181601.116,937970,6,3,COMMS,255,BROADCAST,0,HEARTBEAT,48,HEARTBEAT,0,0,0,0,0,0,0x1800FFC0
1777181602.136,939003,6,3,COMMS,255,BROADCAST,0,HEARTBEAT,48,HEARTBEAT,0,0,0,0,0,0,0x1800FFC0
1777181603.177,940016,6,3,COMMS,255,BROADCAST,0,HEARTBEAT,48,HEARTBEAT,0,0,0,0,0,0,0x1800FFC0
1777181604.190,941061,6,3,COMMS,255,BROADCAST,0,HEARTBEAT,48,HEARTBEAT,0,0,0,0,0,0,0x1800FFC0
1777181605.218,942104,6,3,COMMS,255,BROADCAST,0,HEARTBEAT,48,HEARTBEAT,0,0,0,0,0,0,0x1800FFC0
1777181606.256,943137,6,3,COMMS,255,BROADCAST,0,HEARTBEAT,48,HEARTBEAT,0,0,0,0,0,0,0x1800FFC0
1777181607.267,944153,6,3,COMMS,255,BROADCAST,0,HEARTBEAT,48,HEARTBEAT,0,0,0,0,0,0,0x1800FFC0
1777181608.288,945153,6,3,COMMS,255,BROADCAST,0,HEARTBEAT,48,HEARTBEAT,0,0,0,0,0,0,0x1800FFC0
1777181609.313,946186,6,3,COMMS,255,BROADCAST,0,HEARTBEAT,48,HEARTBEAT,0,0,0,0,0,0,0x1800FFC0
1777181610.332,947190,6,3,COMMS,255,BROADCAST,0,HEARTBEAT,48,HEARTBEAT,0,0,0,0,0,0,0x1800FFC0
1777181611.396,948282,6,3,COMMS,255,BROADCAST,0,HEARTBEAT,48,HEARTBEAT,0,0,0,0,0,0,0x1800FFC0
1777181612.473,949338,6,3,COMMS,255,BROADCAST,0,HEARTBEAT,48,HEARTBEAT,0,0,0,0,0,0,0x1800FFC0
1777181613.509,950371,6,3,COMMS,255,BROADCAST,0,HEARTBEAT,48,HEARTBEAT,0,0,0,0,0,0,0x1800FFC0
1777181614.531,951382,6,3,COMMS,255,BROADCAST,0,HEARTBEAT,48,HEARTBEAT,0,0,0,0,0,0,0x1800FFC0
1777181615.562,952438,6,3,COMMS,255,BROADCAST,0,HEARTBEAT,48,HEARTBEAT,0,0,0,0,0,0,0x1800FFC0
1777181616.579,953464,6,3,COMMS,255,BROADCAST,0,HEARTBEAT,48,HEARTBEAT,0,0,0,0,0,0,0x1800FFC0
1777181617.620,954505,6,3,COMMS,255,BROADCAST,0,HEARTBEAT,48,HEARTBEAT,0,0,0,0,0,0,0x1800FFC0
1777181618.653,955539,6,3,COMMS,255,BROADCAST,0,HEARTBEAT,48,HEARTBEAT,0,0,0,0,0,0,0x1800FFC0
1777181619.682,956572,6,3,COMMS,255,BROADCAST,0,HEARTBEAT,48,HEARTBEAT,0,0,0,0,0,0,0x1800FFC0
1777181620.711,957597,6,3,COMMS,255,BROADCAST,0,HEARTBEAT,48,HEARTBEAT,0,0,0,0,0,0,0x1800FFC0
1777181621.753,958639,6,3,COMMS,255,BROADCAST,0,HEARTBEAT,48,HEARTBEAT,0,0,0,0,0,0,0x1800FFC0
1777181622.787,959673,6,3,COMMS,255,BROADCAST,0,HEARTBEAT,48,HEARTBEAT,0,0,0,0,0,0,0x1800FFC0
1777181623.852,960706,6,3,COMMS,255,BROADCAST,0,HEARTBEAT,48,HEARTBEAT,0,0,0,0,0,0,0x1800FFC0
1777181624.873,961740,6,3,COMMS,255,BROADCAST,0,HEARTBEAT,48,HEARTBEAT,0,0,0,0,0,0,0x1800FFC0
1777181625.893,962754,6,3,COMMS,255,BROADCAST,0,HEARTBEAT,48,HEARTBEAT,0,0,0,0,0,0,0x1800FFC0
1777181626.921,963807,6,3,COMMS,255,BROADCAST,0,HEARTBEAT,48,HEARTBEAT,0,0,0,0,0,0,0x1800FFC0
1777181627.950,964836,6,3,COMMS,255,BROADCAST,0,HEARTBEAT,48,HEARTBEAT,0,0,0,0,0,0,0x1800FFC0
1777181628.983,965865,6,3,COMMS,255,BROADCAST,0,HEARTBEAT,48,HEARTBEAT,0,0,0,0,0,0,0x1800FFC0
1777181630.022,966907,6,3,COMMS,255,BROADCAST,0,HEARTBEAT,48,HEARTBEAT,0,0,0,0,0,0,0x1800FFC0
1777181631.055,967941,6,3,COMMS,255,BROADCAST,0,HEARTBEAT,48,HEARTBEAT,0,0,0,0,0,0,0x1800FFC0
1777181632.075,968960,6,3,COMMS,255,BROADCAST,0,HEARTBEAT,48,HEARTBEAT,0,0,0,0,0,0,0x1800FFC0
1777181633.102,969987,6,3,COMMS,255,BROADCAST,0,HEARTBEAT,48,HEARTBEAT,0,0,0,0,0,0,0x1800FFC0
1777181634.102,970987,6,3,COMMS,255,BROADCAST,0,HEARTBEAT,48,HEARTBEAT,0,0,0,0,0,0,0x1800FFC0
1777181635.208,972074,6,3,COMMS,255,BROADCAST,0,HEARTBEAT,48,HEARTBEAT,0,0,0,0,0,0,0x1800FFC0
1777181636.197,973082,6,3,COMMS,255,BROADCAST,0,HEARTBEAT,48,HEARTBEAT,0,0,0,0,0,0,0x1800FFC0
1777181637.201,974086,6,3,COMMS,255,BROADCAST,0,HEARTBEAT,48,HEARTBEAT,0,0,0,0,0,0,0x1800FFC0
1777181638.289,975163,6,3,COMMS,255,BROADCAST,0,HEARTBEAT,48,HEARTBEAT,0,0,0,0,0,0,0x1800FFC0
1777181639.324,976208,6,3,COMMS,255,BROADCAST,0,HEARTBEAT,48,HEARTBEAT,0,0,0,0,0,0,0x1800FFC0
1777181640.356,977242,6,3,COMMS,255,BROADCAST,0,HEARTBEAT,48,HEARTBEAT,0,0,0,0,0,0,0x1800FFC0
1777181641.390,978275,6,3,COMMS,255,BROADCAST,0,HEARTBEAT,48,HEARTBEAT,0,0,0,0,0,0,0x1800FFC0
1777181642.424,979309,6,3,COMMS,255,BROADCAST,0,HEARTBEAT,48,HEARTBEAT,0,0,0,0,0,0,0x1800FFC0
1777181643.456,980342,6,3,COMMS,255,BROADCAST,0,HEARTBEAT,48,HEARTBEAT,0,0,0,0,0,0,0x1800FFC0
1777181644.491,981376,6,3,COMMS,255,BROADCAST,0,HEARTBEAT,48,HEARTBEAT,0,0,0,0,0,0,0x1800FFC0
1777181645.491,982376,6,3,COMMS,255,BROADCAST,0,HEARTBEAT,48,HEARTBEAT,0,0,0,0,0,0,0x1800FFC0
1777181646.588,983443,6,3,COMMS,255,BROADCAST,0,HEARTBEAT,48,HEARTBEAT,0,0,0,0,0,0,0x1800FFC0
1777181647.621,984459,6,3,COMMS,255,BROADCAST,0,HEARTBEAT,48,HEARTBEAT,0,0,0,0,0,0,0x1800FFC0
1777181648.634,985510,6,3,COMMS,255,BROADCAST,0,HEARTBEAT,48,HEARTBEAT,0,0,0,0,0,0,0x1800FFC0
1777181649.658,986541,6,3,COMMS,255,BROADCAST,0,HEARTBEAT,48,HEARTBEAT,0,0,0,0,0,0,0x1800FFC0
1777181650.692,987577,6,3,COMMS,255,BROADCAST,0,HEARTBEAT,48,HEARTBEAT,0,0,0,0,0,0,0x1800FFC0
1777181651.725,988610,6,3,COMMS,255,BROADCAST,0,HEARTBEAT,48,HEARTBEAT,0,0,0,0,0,0,0x1800FFC0
1777181652.730,989613,6,3,COMMS,255,BROADCAST,0,HEARTBEAT,48,HEARTBEAT,0,0,0,0,0,0,0x1800FFC0
1777181653.792,990677,6,3,COMMS,255,BROADCAST,0,HEARTBEAT,48,HEARTBEAT,0,0,0,0,0,0,0x1800FFC0
1777181654.809,991695,6,3,COMMS,255,BROADCAST,0,HEARTBEAT,48,HEARTBEAT,0,0,0,0,0,0,0x1800FFC0
1777181655.859,992744,6,3,COMMS,255,BROADCAST,0,HEARTBEAT,48,HEARTBEAT,0,0,0,0,0,0,0x1800FFC0
1777181656.887,993772,6,3,COMMS,255,BROADCAST,0,HEARTBEAT,48,HEARTBEAT,0,0,0,0,0,0,0x1800FFC0
1777181657.945,994810,6,3,COMMS,255,BROADCAST,0,HEARTBEAT,48,HEARTBEAT,0,0,0,0,0,0,0x1800FFC0
1777181658.927,995812,6,3,COMMS,255,BROADCAST,0,HEARTBEAT,48,HEARTBEAT,0,0,0,0,0,0,0x1800FFC0
1777181659.996,996877,6,3,COMMS,255,BROADCAST,0,HEARTBEAT,48,HEARTBEAT,0,0,0,0,0,0,0x1800FFC0
1777181661.026,997911,6,3,COMMS,255,BROADCAST,0,HEARTBEAT,48,HEARTBEAT,0,0,0,0,0,0,0x1800FFC0
1777181662.036,998915,6,3,COMMS,255,BROADCAST,0,HEARTBEAT,48,HEARTBEAT,0,0,0,0,0,0,0x1800FFC0
1777181663.031,999915,6,3,COMMS,255,BROADCAST,0,HEARTBEAT,48,HEARTBEAT,0,0,0,0,0,0,0x1800FFC0
1777181664.038,1000923,6,3,COMMS,255,BROADCAST,0,HEARTBEAT,48,HEARTBEAT,0,0,0,0,0,0,0x1800FFC0
1777181665.111,1001991,6,3,COMMS,255,BROADCAST,0,HEARTBEAT,48,HEARTBEAT,0,0,0,0,0,0,0x1800FFC0
1777181666.193,1003078,6,3,COMMS,255,BROADCAST,0,HEARTBEAT,48,HEARTBEAT,0,0,0,0,0,0,0x1800FFC0
1777181667.199,1004083,6,3,COMMS,255,BROADCAST,0,HEARTBEAT,48,HEARTBEAT,0,0,0,0,0,0,0x1800FFC0
1777181668.285,1005144,6,3,COMMS,255,BROADCAST,0,HEARTBEAT,48,HEARTBEAT,0,0,0,0,0,0,0x1800FFC0
1777181669.276,1006161,6,3,COMMS,255,BROADCAST,0,HEARTBEAT,48,HEARTBEAT,0,0,0,0,0,0,0x1800FFC0
1777181670.336,1007212,6,3,COMMS,255,BROADCAST,0,HEARTBEAT,48,HEARTBEAT,0,0,0,0,0,0,0x1800FFC0
1777181671.369,1008243,6,3,COMMS,255,BROADCAST,0,HEARTBEAT,48,HEARTBEAT,0,0,0,0,0,0,0x1800FFC0
1777181672.393,1009278,6,3,COMMS,255,BROADCAST,0,HEARTBEAT,48,HEARTBEAT,0,0,0,0,0,0,0x1800FFC0
1777181673.427,1010312,6,3,COMMS,255,BROADCAST,0,HEARTBEAT,48,HEARTBEAT,0,0,0,0,0,0,0x1800FFC0
1777181674.441,1011315,6,3,COMMS,255,BROADCAST,0,HEARTBEAT,48,HEARTBEAT,0,0,0,0,0,0,0x1800FFC0
1777181675.493,1012379,6,3,COMMS,255,BROADCAST,0,HEARTBEAT,48,HEARTBEAT,0,0,0,0,0,0,0x1800FFC0
1777181676.527,1013412,6,3,COMMS,255,BROADCAST,0,HEARTBEAT,48,HEARTBEAT,0,0,0,0,0,0,0x1800FFC0
1777181677.554,1014439,6,3,COMMS,255,BROADCAST,0,HEARTBEAT,48,HEARTBEAT,0,0,0,0,0,0,0x1800FFC0
1777181678.594,1015479,6,3,COMMS,255,BROADCAST,0,HEARTBEAT,48,HEARTBEAT,0,0,0,0,0,0,0x1800FFC0
1777181679.662,1016513,6,3,COMMS,255,BROADCAST,0,HEARTBEAT,48,HEARTBEAT,0,0,0,0,0,0,0x1800FFC0
1777181680.636,1017522,6,3,COMMS,255,BROADCAST,0,HEARTBEAT,48,HEARTBEAT,0,0,0,0,0,0,0x1800FFC0
1777181681.664,1018549,6,3,COMMS,255,BROADCAST,0,HEARTBEAT,48,HEARTBEAT,0,0,0,0,0,0,0x1800FFC0
1777181682.737,1019613,6,3,COMMS,255,BROADCAST,0,HEARTBEAT,48,HEARTBEAT,0,0,0,0,0,0,0x1800FFC0
1777181683.746,1020630,6,3,COMMS,255,BROADCAST,0,HEARTBEAT,48,HEARTBEAT,0,0,0,0,0,0,0x1800FFC0
1777181684.795,1021680,6,3,COMMS,255,BROADCAST,0,HEARTBEAT,48,HEARTBEAT,0,0,0,0,0,0,0x1800FFC0
1777181685.829,1022713,6,3,COMMS,255,BROADCAST,0,HEARTBEAT,48,HEARTBEAT,0,0,0,0,0,0,0x1800FFC0
1777181686.861,1023747,6,3,COMMS,255,BROADCAST,0,HEARTBEAT,48,HEARTBEAT,0,0,0,0,0,0,0x1800FFC0
1777181687.866,1024751,6,3,COMMS,255,BROADCAST,0,HEARTBEAT,48,HEARTBEAT,0,0,0,0,0,0,0x1800FFC0
1777181688.929,1025813,6,3,COMMS,255,BROADCAST,0,HEARTBEAT,48,HEARTBEAT,0,0,0,0,0,0,0x1800FFC0
1777181689.963,1026847,6,3,COMMS,255,BROADCAST,0,HEARTBEAT,48,HEARTBEAT,0,0,0,0,0,0,0x1800FFC0
1777181691.021,1027880,6,3,COMMS,255,BROADCAST,0,HEARTBEAT,48,HEARTBEAT,0,0,0,0,0,0,0x1800FFC0
1777181692.012,1028897,6,3,COMMS,255,BROADCAST,0,HEARTBEAT,48,HEARTBEAT,0,0,0,0,0,0,0x1800FFC0
1777181693.077,1029946,6,3,COMMS,255,BROADCAST,0,HEARTBEAT,48,HEARTBEAT,0,0,0,0,0,0,0x1800FFC0
1777181694.095,1030980,6,3,COMMS,255,BROADCAST,0,HEARTBEAT,48,HEARTBEAT,0,0,0,0,0,0,0x1800FFC0
1777181695.129,1032014,6,3,COMMS,255,BROADCAST,0,HEARTBEAT,48,HEARTBEAT,0,0,0,0,0,0,0x1800FFC0
1777181696.151,1033019,6,3,COMMS,255,BROADCAST,0,HEARTBEAT,48,HEARTBEAT,0,0,0,0,0,0,0x1800FFC0
1777181697.168,1034041,6,3,COMMS,255,BROADCAST,0,HEARTBEAT,48,HEARTBEAT,0,0,0,0,0,0,0x1800FFC0
1777181698.229,1035114,6,3,COMMS,255,BROADCAST,0,HEARTBEAT,48,HEARTBEAT,0,0,0,0,0,0,0x1800FFC0
1777181699.244,1036129,6,3,COMMS,255,BROADCAST,0,HEARTBEAT,48,HEARTBEAT,0,0,0,0,0,0,0x1800FFC0
1777181700.297,1037181,6,3,COMMS,255,BROADCAST,0,HEARTBEAT,48,HEARTBEAT,0,0,0,0,0,0,0x1800FFC0
1777181701.329,1038214,6,3,COMMS,255,BROADCAST,0,HEARTBEAT,48,HEARTBEAT,0,0,0,0,0,0,0x1800FFC0
1777181702.390,1039248,6,3,COMMS,255,BROADCAST,0,HEARTBEAT,48,HEARTBEAT,0,0,0,0,0,0,0x1800FFC0
1777181703.377,1040261,6,3,COMMS,255,BROADCAST,0,HEARTBEAT,48,HEARTBEAT,0,0,0,0,0,0,0x1800FFC0
1777181704.441,1041315,6,3,COMMS,255,BROADCAST,0,HEARTBEAT,48,HEARTBEAT,0,0,0,0,0,0,0x1800FFC0
1777181705.467,1042334,6,3,COMMS,255,BROADCAST,0,HEARTBEAT,48,HEARTBEAT,0,0,0,0,0,0,0x1800FFC0
1777181706.498,1043382,6,3,COMMS,255,BROADCAST,0,HEARTBEAT,48,HEARTBEAT,0,0,0,0,0,0,0x1800FFC0
1777181707.531,1044415,6,3,COMMS,255,BROADCAST,0,HEARTBEAT,48,HEARTBEAT,0,0,0,0,0,0,0x1800FFC0
1777181708.564,1045448,6,3,COMMS,255,BROADCAST,0,HEARTBEAT,48,HEARTBEAT,0,0,0,0,0,0,0x1800FFC0
1777181709.597,1046482,6,3,COMMS,255,BROADCAST,0,HEARTBEAT,48,HEARTBEAT,0,0,0,0,0,0,0x1800FFC0
1777181710.604,1047489,6,3,COMMS,255,BROADCAST,0,HEARTBEAT,48,HEARTBEAT,0,0,0,0,0,0,0x1800FFC0
1777181711.664,1048549,6,3,COMMS,255,BROADCAST,0,HEARTBEAT,48,HEARTBEAT,0,0,0,0,0,0,0x1800FFC0
1777181712.687,1049574,6,3,COMMS,255,BROADCAST,0,HEARTBEAT,48,HEARTBEAT,0,0,0,0,0,0,0x1800FFC0
1777181713.761,1050616,6,3,COMMS,255,BROADCAST,0,HEARTBEAT,48,HEARTBEAT,0,0,0,0,0,0,0x1800FFC0
1777181714.780,1051649,6,3,COMMS,255,BROADCAST,0,HEARTBEAT,48,HEARTBEAT,0,0,0,0,0,0,0x1800FFC0
1777181715.801,1052682,6,3,COMMS,255,BROADCAST,0,HEARTBEAT,48,HEARTBEAT,0,0,0,0,0,0,0x1800FFC0
1777181716.831,1053700,6,3,COMMS,255,BROADCAST,0,HEARTBEAT,48,HEARTBEAT,0,0,0,0,0,0,0x1800FFC0
1777181717.859,1054721,6,3,COMMS,255,BROADCAST,0,HEARTBEAT,48,HEARTBEAT,0,0,0,0,0,0,0x1800FFC0
1777181718.893,1055776,6,3,COMMS,255,BROADCAST,0,HEARTBEAT,48,HEARTBEAT,0,0,0,0,0,0,0x1800FFC0
1777181719.918,1056801,6,3,COMMS,255,BROADCAST,0,HEARTBEAT,48,HEARTBEAT,0,0,0,0,0,0,0x1800FFC0
1777181720.965,1057850,6,3,COMMS,255,BROADCAST,0,HEARTBEAT,48,HEARTBEAT,0,0,0,0,0,0,0x1800FFC0
1777181721.998,1058883,6,3,COMMS,255,BROADCAST,0,HEARTBEAT,48,HEARTBEAT,0,0,0,0,0,0,0x1800FFC0
1777181723.008,1059892,6,3,COMMS,255,BROADCAST,0,HEARTBEAT,48,HEARTBEAT,0,0,0,0,0,0,0x1800FFC0
1777181724.107,1060950,6,3,COMMS,255,BROADCAST,0,HEARTBEAT,48,HEARTBEAT,0,0,0,0,0,0,0x1800FFC0
1777181725.129,1061983,6,3,COMMS,255,BROADCAST,0,HEARTBEAT,48,HEARTBEAT,0,0,0,0,0,0,0x1800FFC0
1777181726.147,1063017,6,3,COMMS,255,BROADCAST,0,HEARTBEAT,48,HEARTBEAT,0,0,0,0,0,0,0x1800FFC0
1777181727.168,1064050,6,3,COMMS,255,BROADCAST,0,HEARTBEAT,48,HEARTBEAT,0,0,0,0,0,0,0x1800FFC0
1777181728.200,1065075,6,3,COMMS,255,BROADCAST,0,HEARTBEAT,48,HEARTBEAT,0,0,0,0,0,0,0x1800FFC0
1777181729.233,1066117,6,3,COMMS,255,BROADCAST,0,HEARTBEAT,48,HEARTBEAT,0,0,0,0,0,0,0x1800FFC0
1777181730.266,1067151,6,3,COMMS,255,BROADCAST,0,HEARTBEAT,48,HEARTBEAT,0,0,0,0,0,0,0x1800FFC0
1777181731.299,1068184,6,3,COMMS,255,BROADCAST,0,HEARTBEAT,48,HEARTBEAT,0,0,0,0,0,0,0x1800FFC0
1777181732.307,1069191,6,3,COMMS,255,BROADCAST,0,HEARTBEAT,48,HEARTBEAT,0,0,0,0,0,0,0x1800FFC0
1777181733.350,1070251,6,3,COMMS,255,BROADCAST,0,HEARTBEAT,48,HEARTBEAT,0,0,0,0,0,0,0x1800FFC0
1777181734.369,1071254,6,3,COMMS,255,BROADCAST,0,HEARTBEAT,48,HEARTBEAT,0,0,0,0,0,0,0x1800FFC0
1777181735.378,1072262,6,3,COMMS,255,BROADCAST,0,HEARTBEAT,48,HEARTBEAT,0,0,0,0,0,0,0x1800FFC0
1777181736.495,1073343,6,3,COMMS,255,BROADCAST,0,HEARTBEAT,48,HEARTBEAT,0,0,0,0,0,0,0x1800FFC0
1777181737.460,1074344,6,3,COMMS,255,BROADCAST,0,HEARTBEAT,48,HEARTBEAT,0,0,0,0,0,0,0x1800FFC0
1777181738.545,1075418,6,3,COMMS,255,BROADCAST,0,HEARTBEAT,48,HEARTBEAT,0,0,0,0,0,0,0x1800FFC0
1777181739.567,1076426,6,3,COMMS,255,BROADCAST,0,HEARTBEAT,48,HEARTBEAT,0,0,0,0,0,0,0x1800FFC0
1777181740.601,1077485,6,3,COMMS,255,BROADCAST,0,HEARTBEAT,48,HEARTBEAT,0,0,0,0,0,0,0x1800FFC0
1777181741.623,1078507,6,3,COMMS,255,BROADCAST,0,HEARTBEAT,48,HEARTBEAT,0,0,0,0,0,0,0x1800FFC0
1777181742.669,1079552,6,3,COMMS,255,BROADCAST,0,HEARTBEAT,48,HEARTBEAT,0,0,0,0,0,0,0x1800FFC0
1777181743.702,1080585,6,3,COMMS,255,BROADCAST,0,HEARTBEAT,48,HEARTBEAT,0,0,0,0,0,0,0x1800FFC0
1777181744.734,1081619,6,3,COMMS,255,BROADCAST,0,HEARTBEAT,48,HEARTBEAT,0,0,0,0,0,0,0x1800FFC0
1777181745.759,1082644,6,3,COMMS,255,BROADCAST,0,HEARTBEAT,48,HEARTBEAT,0,0,0,0,0,0,0x1800FFC0
1777181746.836,1083686,6,3,COMMS,255,BROADCAST,0,HEARTBEAT,48,HEARTBEAT,0,0,0,0,0,0,0x1800FFC0
1777181747.818,1084703,6,3,COMMS,255,BROADCAST,0,HEARTBEAT,48,HEARTBEAT,0,0,0,0,0,0,0x1800FFC0
1777181748.818,1085702,6,3,COMMS,255,BROADCAST,0,HEARTBEAT,48,HEARTBEAT,0,0,0,0,0,0,0x1800FFC0
1777181749.908,1086786,6,3,COMMS,255,BROADCAST,0,HEARTBEAT,48,HEARTBEAT,0,0,0,0,0,0,0x1800FFC0
1777181750.935,1087797,6,3,COMMS,255,BROADCAST,0,HEARTBEAT,48,HEARTBEAT,0,0,0,0,0,0,0x1800FFC0
1777181751.970,1088853,6,3,COMMS,255,BROADCAST,0,HEARTBEAT,48,HEARTBEAT,0,0,0,0,0,0,0x1800FFC0
1777181752.981,1089860,6,3,COMMS,255,BROADCAST,0,HEARTBEAT,48,HEARTBEAT,0,0,0,0,0,0,0x1800FFC0
1777181754.014,1090896,6,3,COMMS,255,BROADCAST,0,HEARTBEAT,48,HEARTBEAT,0,0,0,0,0,0,0x1800FFC0
1777181755.064,1091949,6,3,COMMS,255,BROADCAST,0,HEARTBEAT,48,HEARTBEAT,0,0,0,0,0,0,0x1800FFC0
1777181756.095,1092979,6,3,COMMS,255,BROADCAST,0,HEARTBEAT,48,HEARTBEAT,0,0,0,0,0,0,0x1800FFC0
1777181757.137,1094021,6,3,COMMS,255,BROADCAST,0,HEARTBEAT,48,HEARTBEAT,0,0,0,0,0,0,0x1800FFC0
1777181758.199,1095052,6,3,COMMS,255,BROADCAST,0,HEARTBEAT,48,HEARTBEAT,0,0,0,0,0,0,0x1800FFC0
1777181759.217,1096088,6,3,COMMS,255,BROADCAST,0,HEARTBEAT,48,HEARTBEAT,0,0,0,0,0,0,0x1800FFC0
1777181760.254,1097121,6,3,COMMS,255,BROADCAST,0,HEARTBEAT,48,HEARTBEAT,0,0,0,0,0,0,0x1800FFC0
1777181761.279,1098125,6,3,COMMS,255,BROADCAST,0,HEARTBEAT,48,HEARTBEAT,0,0,0,0,0,0,0x1800FFC0
1777181762.305,1099188,6,3,COMMS,255,BROADCAST,0,HEARTBEAT,48,HEARTBEAT,0,0,0,0,0,0,0x1800FFC0
1777181763.322,1100206,6,3,COMMS,255,BROADCAST,0,HEARTBEAT,48,HEARTBEAT,0,0,0,0,0,0,0x1800FFC0
1777181764.372,1101255,6,3,COMMS,255,BROADCAST,0,HEARTBEAT,48,HEARTBEAT,0,0,0,0,0,0,0x1800FFC0
1777181765.404,1102288,6,3,COMMS,255,BROADCAST,0,HEARTBEAT,48,HEARTBEAT,0,0,0,0,0,0,0x1800FFC0
1777181766.439,1103323,6,3,COMMS,255,BROADCAST,0,HEARTBEAT,48,HEARTBEAT,0,0,0,0,0,0,0x1800FFC0
1777181767.472,1104356,6,3,COMMS,255,BROADCAST,0,HEARTBEAT,48,HEARTBEAT,0,0,0,0,0,0,0x1800FFC0
1777181768.483,1105367,6,3,COMMS,255,BROADCAST,0,HEARTBEAT,48,HEARTBEAT,0,0,0,0,0,0,0x1800FFC0
1777181769.566,1106424,6,3,COMMS,255,BROADCAST,0,HEARTBEAT,48,HEARTBEAT,0,0,0,0,0,0,0x1800FFC0
1777181770.585,1107457,6,3,COMMS,255,BROADCAST,0,HEARTBEAT,48,HEARTBEAT,0,0,0,0,0,0,0x1800FFC0
1777181771.637,1108466,6,3,COMMS,255,BROADCAST,0,HEARTBEAT,48,HEARTBEAT,0,0,0,0,0,0,0x1800FFC0
1777181772.642,1109524,6,3,COMMS,255,BROADCAST,0,HEARTBEAT,48,HEARTBEAT,0,0,0,0,0,0,0x1800FFC0
1777181773.671,1110555,6,3,COMMS,255,BROADCAST,0,HEARTBEAT,48,HEARTBEAT,0,0,0,0,0,0,0x1800FFC0
1777181774.704,1111587,6,3,COMMS,255,BROADCAST,0,HEARTBEAT,48,HEARTBEAT,0,0,0,0,0,0,0x1800FFC0
1777181775.724,1112607,6,3,COMMS,255,BROADCAST,0,HEARTBEAT,48,HEARTBEAT,0,0,0,0,0,0,0x1800FFC0
1777181776.750,1113632,6,3,COMMS,255,BROADCAST,0,HEARTBEAT,48,HEARTBEAT,0,0,0,0,0,0,0x1800FFC0
1777181777.800,1114682,6,3,COMMS,255,BROADCAST,0,HEARTBEAT,48,HEARTBEAT,0,0,0,0,0,0,0x1800FFC0
1777181778.841,1115725,6,3,COMMS,255,BROADCAST,0,HEARTBEAT,48,HEARTBEAT,0,0,0,0,0,0,0x1800FFC0
1777181779.914,1116758,6,3,COMMS,255,BROADCAST,0,HEARTBEAT,48,HEARTBEAT,0,0,0,0,0,0,0x1800FFC0
1777181780.938,1117792,6,3,COMMS,255,BROADCAST,0,HEARTBEAT,48,HEARTBEAT,0,0,0,0,0,0,0x1800FFC0
1777181781.960,1118825,6,3,COMMS,255,BROADCAST,0,HEARTBEAT,48,HEARTBEAT,0,0,0,0,0,0,0x1800FFC0
1777181782.986,1119859,6,3,COMMS,255,BROADCAST,0,HEARTBEAT,48,HEARTBEAT,0,0,0,0,0,0,0x1800FFC0
1777181784.009,1120892,6,3,COMMS,255,BROADCAST,0,HEARTBEAT,48,HEARTBEAT,0,0,0,0,0,0,0x1800FFC0
1777181785.033,1121905,6,3,COMMS,255,BROADCAST,0,HEARTBEAT,48,HEARTBEAT,0,0,0,0,0,0,0x1800FFC0
1777181786.075,1122959,6,3,COMMS,255,BROADCAST,0,HEARTBEAT,48,HEARTBEAT,0,0,0,0,0,0,0x1800FFC0
1777181787.103,1123987,6,3,COMMS,255,BROADCAST,0,HEARTBEAT,48,HEARTBEAT,0,0,0,0,0,0,0x1800FFC0
1777181788.143,1125026,6,3,COMMS,255,BROADCAST,0,HEARTBEAT,48,HEARTBEAT,0,0,0,0,0,0,0x1800FFC0
1777181789.176,1126060,6,3,COMMS,255,BROADCAST,0,HEARTBEAT,48,HEARTBEAT,0,0,0,0,0,0,0x1800FFC0
1777181790.187,1127071,6,3,COMMS,255,BROADCAST,0,HEARTBEAT,48,HEARTBEAT,0,0,0,0,0,0,0x1800FFC0
1777181791.272,1128127,6,3,COMMS,255,BROADCAST,0,HEARTBEAT,48,HEARTBEAT,0,0,0,0,0,0,0x1800FFC0
1777181792.313,1129154,6,3,COMMS,255,BROADCAST,0,HEARTBEAT,48,HEARTBEAT,0,0,0,0,0,0,0x1800FFC0
1777181793.330,1130194,6,3,COMMS,255,BROADCAST,0,HEARTBEAT,48,HEARTBEAT,0,0,0,0,0,0,0x1800FFC0
1777181794.354,1131227,6,3,COMMS,255,BROADCAST,0,HEARTBEAT,48,HEARTBEAT,0,0,0,0,0,0,0x1800FFC0
1777181795.378,1132227,6,3,COMMS,255,BROADCAST,0,HEARTBEAT,48,HEARTBEAT,0,0,0,0,0,0,0x1800FFC0
1777181796.411,1133294,6,3,COMMS,255,BROADCAST,0,HEARTBEAT,48,HEARTBEAT,0,0,0,0,0,0,0x1800FFC0
1777181797.427,1134310,6,3,COMMS,255,BROADCAST,0,HEARTBEAT,48,HEARTBEAT,0,0,0,0,0,0,0x1800FFC0
1777181798.480,1135361,6,3,COMMS,255,BROADCAST,0,HEARTBEAT,48,HEARTBEAT,0,0,0,0,0,0,0x1800FFC0
1777181799.509,1136392,6,3,COMMS,255,BROADCAST,0,HEARTBEAT,48,HEARTBEAT,0,0,0,0,0,0,0x1800FFC0
1777181800.544,1137428,6,3,COMMS,255,BROADCAST,0,HEARTBEAT,48,HEARTBEAT,0,0,0,0,0,0,0x1800FFC0
1777181801.578,1138461,6,3,COMMS,255,BROADCAST,0,HEARTBEAT,48,HEARTBEAT,0,0,0,0,0,0,0x1800FFC0
1777181802.578,1139461,6,3,COMMS,255,BROADCAST,0,HEARTBEAT,48,HEARTBEAT,0,0,0,0,0,0,0x1800FFC0
1777181803.629,1140513,6,3,COMMS,255,BROADCAST,0,HEARTBEAT,48,HEARTBEAT,0,0,0,0,0,0,0x1800FFC0
1777181804.645,1141528,6,3,COMMS,255,BROADCAST,0,HEARTBEAT,48,HEARTBEAT,0,0,0,0,0,0,0x1800FFC0
1777181805.676,1142560,6,3,COMMS,255,BROADCAST,0,HEARTBEAT,48,HEARTBEAT,0,0,0,0,0,0,0x1800FFC0
1777181806.745,1143603,6,3,COMMS,255,BROADCAST,0,HEARTBEAT,48,HEARTBEAT,0,0,0,0,0,0,0x1800FFC0
1777181807.779,1144662,6,3,COMMS,255,BROADCAST,0,HEARTBEAT,48,HEARTBEAT,0,0,0,0,0,0,0x1800FFC0
1777181808.801,1145685,6,3,COMMS,255,BROADCAST,0,HEARTBEAT,48,HEARTBEAT,0,0,0,0,0,0,0x1800FFC0
1777181809.846,1146729,6,3,COMMS,255,BROADCAST,0,HEARTBEAT,48,HEARTBEAT,0,0,0,0,0,0,0x1800FFC0
1777181810.879,1147762,6,3,COMMS,255,BROADCAST,0,HEARTBEAT,48,HEARTBEAT,0,0,0,0,0,0,0x1800FFC0
1777181811.912,1148795,6,3,COMMS,255,BROADCAST,0,HEARTBEAT,48,HEARTBEAT,0,0,0,0,0,0,0x1800FFC0
1777181812.946,1149829,6,3,COMMS,255,BROADCAST,0,HEARTBEAT,48,HEARTBEAT,0,0,0,0,0,0,0x1800FFC0
1777181813.958,1150841,6,3,COMMS,255,BROADCAST,0,HEARTBEAT,48,HEARTBEAT,0,0,0,0,0,0,0x1800FFC0
1777181814.966,1151849,6,3,COMMS,255,BROADCAST,0,HEARTBEAT,48,HEARTBEAT,0,0,0,0,0,0,0x1800FFC0
1777181816.057,1152930,6,3,COMMS,255,BROADCAST,0,HEARTBEAT,48,HEARTBEAT,0,0,0,0,0,0,0x1800FFC0
1777181817.079,1153932,6,3,COMMS,255,BROADCAST,0,HEARTBEAT,48,HEARTBEAT,0,0,0,0,0,0,0x1800FFC0
1777181818.113,1154996,6,3,COMMS,255,BROADCAST,0,HEARTBEAT,48,HEARTBEAT,0,0,0,0,0,0,0x1800FFC0
1777181819.131,1156014,6,3,COMMS,255,BROADCAST,0,HEARTBEAT,48,HEARTBEAT,0,0,0,0,0,0,0x1800FFC0
1777181820.180,1157063,6,3,COMMS,255,BROADCAST,0,HEARTBEAT,48,HEARTBEAT,0,0,0,0,0,0,0x1800FFC0
1777181821.214,1158097,6,3,COMMS,255,BROADCAST,0,HEARTBEAT,48,HEARTBEAT,0,0,0,0,0,0,0x1800FFC0
1777181822.248,1159130,6,3,COMMS,255,BROADCAST,0,HEARTBEAT,48,HEARTBEAT,0,0,0,0,0,0,0x1800FFC0
1777181823.281,1160164,6,3,COMMS,255,BROADCAST,0,HEARTBEAT,48,HEARTBEAT,0,0,0,0,0,0,0x1800FFC0
1777181824.314,1161197,6,3,COMMS,255,BROADCAST,0,HEARTBEAT,48,HEARTBEAT,0,0,0,0,0,0,0x1800FFC0
1777181825.372,1162231,6,3,COMMS,255,BROADCAST,0,HEARTBEAT,48,HEARTBEAT,0,0,0,0,0,0,0x1800FFC0
1777181826.364,1163247,6,3,COMMS,255,BROADCAST,0,HEARTBEAT,48,HEARTBEAT,0,0,0,0,0,0,0x1800FFC0
1777181827.430,1164298,6,3,COMMS,255,BROADCAST,0,HEARTBEAT,48,HEARTBEAT,0,0,0,0,0,0,0x1800FFC0
1777181828.454,1165331,6,3,COMMS,255,BROADCAST,0,HEARTBEAT,48,HEARTBEAT,0,0,0,0,0,0,0x1800FFC0
1777181829.481,1166364,6,3,COMMS,255,BROADCAST,0,HEARTBEAT,48,HEARTBEAT,0,0,0,0,0,0,0x1800FFC0
1777181830.501,1167385,6,3,COMMS,255,BROADCAST,0,HEARTBEAT,48,HEARTBEAT,0,0,0,0,0,0,0x1800FFC0
1777181831.532,1168415,6,3,COMMS,255,BROADCAST,0,HEARTBEAT,48,HEARTBEAT,0,0,0,0,0,0,0x1800FFC0
1777181832.581,1169465,6,3,COMMS,255,BROADCAST,0,HEARTBEAT,48,HEARTBEAT,0,0,0,0,0,0,0x1800FFC0
1777181833.585,1170468,6,3,COMMS,255,BROADCAST,0,HEARTBEAT,48,HEARTBEAT,0,0,0,0,0,0,0x1800FFC0
1777181834.608,1171488,6,3,COMMS,255,BROADCAST,0,HEARTBEAT,48,HEARTBEAT,0,0,0,0,0,0,0x1800FFC0
1777181835.682,1172565,6,3,COMMS,255,BROADCAST,0,HEARTBEAT,48,HEARTBEAT,0,0,0,0,0,0,0x1800FFC0
1777181836.700,1173582,6,3,COMMS,255,BROADCAST,0,HEARTBEAT,48,HEARTBEAT,0,0,0,0,0,0,0x1800FFC0
1777181837.700,1174582,6,3,COMMS,255,BROADCAST,0,HEARTBEAT,48,HEARTBEAT,0,0,0,0,0,0,0x1800FFC0
1777181838.865,1175635,6,3,COMMS,255,BROADCAST,0,HEARTBEAT,48,HEARTBEAT,0,0,0,0,0,0,0x1800FFC0
1777181839.821,1176700,6,3,COMMS,255,BROADCAST,0,HEARTBEAT,48,HEARTBEAT,0,0,0,0,0,0,0x1800FFC0
1777181840.843,1177717,6,3,COMMS,255,BROADCAST,0,HEARTBEAT,48,HEARTBEAT,0,0,0,0,0,0,0x1800FFC0
1777181841.883,1178766,6,3,COMMS,255,BROADCAST,0,HEARTBEAT,48,HEARTBEAT,0,0,0,0,0,0,0x1800FFC0
1777181842.917,1179800,6,3,COMMS,255,BROADCAST,0,HEARTBEAT,48,HEARTBEAT,0,0,0,0,0,0,0x1800FFC0
1777181843.920,1180802,6,3,COMMS,255,BROADCAST,0,HEARTBEAT,48,HEARTBEAT,0,0,0,0,0,0,0x1800FFC0
1777181844.984,1181867,6,3,COMMS,255,BROADCAST,0,HEARTBEAT,48,HEARTBEAT,0,0,0,0,0,0,0x1800FFC0
1777181846.007,1182891,6,3,COMMS,255,BROADCAST,0,HEARTBEAT,48,HEARTBEAT,0,0,0,0,0,0,0x1800FFC0
1777181847.089,1183934,6,3,COMMS,255,BROADCAST,0,HEARTBEAT,48,HEARTBEAT,0,0,0,0,0,0,0x1800FFC0
1777181848.073,1184955,6,3,COMMS,255,BROADCAST,0,HEARTBEAT,48,HEARTBEAT,0,0,0,0,0,0,0x1800FFC0
1777181849.139,1186000,6,3,COMMS,255,BROADCAST,0,HEARTBEAT,48,HEARTBEAT,0,0,0,0,0,0,0x1800FFC0
1777181850.163,1187034,6,3,COMMS,255,BROADCAST,0,HEARTBEAT,48,HEARTBEAT,0,0,0,0,0,0,0x1800FFC0
1777181851.206,1188067,6,3,COMMS,255,BROADCAST,0,HEARTBEAT,48,HEARTBEAT,0,0,0,0,0,0,0x1800FFC0
1777181852.231,1189101,6,3,COMMS,255,BROADCAST,0,HEARTBEAT,48,HEARTBEAT,0,0,0,0,0,0,0x1800FFC0
1777181853.259,1190107,6,3,COMMS,255,BROADCAST,0,HEARTBEAT,48,HEARTBEAT,0,0,0,0,0,0,0x1800FFC0
1777181854.283,1191166,6,3,COMMS,255,BROADCAST,0,HEARTBEAT,48,HEARTBEAT,0,0,0,0,0,0,0x1800FFC0
1777181855.318,1192201,6,3,COMMS,255,BROADCAST,0,HEARTBEAT,48,HEARTBEAT,0,0,0,0,0,0,0x1800FFC0
1777181856.352,1193235,6,3,COMMS,255,BROADCAST,0,HEARTBEAT,48,HEARTBEAT,0,0,0,0,0,0,0x1800FFC0
1777181857.356,1194239,6,3,COMMS,255,BROADCAST,0,HEARTBEAT,48,HEARTBEAT,0,0,0,0,0,0,0x1800FFC0
1777181858.458,1195302,6,3,COMMS,255,BROADCAST,0,HEARTBEAT,48,HEARTBEAT,0,0,0,0,0,0,0x1800FFC0
1777181859.435,1196318,6,3,COMMS,255,BROADCAST,0,HEARTBEAT,48,HEARTBEAT,0,0,0,0,0,0,0x1800FFC0
1777181860.508,1197369,6,3,COMMS,255,BROADCAST,0,HEARTBEAT,48,HEARTBEAT,0,0,0,0,0,0,0x1800FFC0
1777181861.531,1198402,6,3,COMMS,255,BROADCAST,0,HEARTBEAT,48,HEARTBEAT,0,0,0,0,0,0,0x1800FFC0
1777181862.563,1199407,6,3,COMMS,255,BROADCAST,0,HEARTBEAT,48,HEARTBEAT,0,0,0,0,0,0,0x1800FFC0
1777181863.540,1200413,6,3,COMMS,255,BROADCAST,0,HEARTBEAT,48,HEARTBEAT,0,0,0,0,0,0,0x1800FFC0
1777181864.619,1201502,6,3,COMMS,255,BROADCAST,0,HEARTBEAT,48,HEARTBEAT,0,0,0,0,0,0,0x1800FFC0
1777181865.653,1202536,6,3,COMMS,255,BROADCAST,0,HEARTBEAT,48,HEARTBEAT,0,0,0,0,0,0,0x1800FFC0
1777181866.687,1203569,6,3,COMMS,255,BROADCAST,0,HEARTBEAT,48,HEARTBEAT,0,0,0,0,0,0,0x1800FFC0
1777181867.714,1204603,6,3,COMMS,255,BROADCAST,0,HEARTBEAT,48,HEARTBEAT,0,0,0,0,0,0,0x1800FFC0
1777181868.719,1205602,6,3,COMMS,255,BROADCAST,0,HEARTBEAT,48,HEARTBEAT,0,0,0,0,0,0,0x1800FFC0
1777181869.824,1206669,6,3,COMMS,255,BROADCAST,0,HEARTBEAT,48,HEARTBEAT,0,0,0,0,0,0,0x1800FFC0
1777181870.848,1207696,6,3,COMMS,255,BROADCAST,0,HEARTBEAT,48,HEARTBEAT,0,0,0,0,0,0,0x1800FFC0
1777181871.872,1208736,6,3,COMMS,255,BROADCAST,0,HEARTBEAT,48,HEARTBEAT,0,0,0,0,0,0,0x1800FFC0
1777181872.888,1209769,6,3,COMMS,255,BROADCAST,0,HEARTBEAT,48,HEARTBEAT,0,0,0,0,0,0,0x1800FFC0
1777181873.919,1210789,6,3,COMMS,255,BROADCAST,0,HEARTBEAT,48,HEARTBEAT,0,0,0,0,0,0,0x1800FFC0
1777181874.936,1211810,6,3,COMMS,255,BROADCAST,0,HEARTBEAT,48,HEARTBEAT,0,0,0,0,0,0,0x1800FFC0
1777181875.987,1212870,6,3,COMMS,255,BROADCAST,0,HEARTBEAT,48,HEARTBEAT,0,0,0,0,0,0,0x1800FFC0
1777181877.009,1213892,6,3,COMMS,255,BROADCAST,0,HEARTBEAT,48,HEARTBEAT,0,0,0,0,0,0,0x1800FFC0
1777181878.054,1214937,6,3,COMMS,255,BROADCAST,0,HEARTBEAT,48,HEARTBEAT,0,0,0,0,0,0,0x1800FFC0
1777181879.055,1215937,6,3,COMMS,255,BROADCAST,0,HEARTBEAT,48,HEARTBEAT,0,0,0,0,0,0,0x1800FFC0
1777181880.121,1217004,6,3,COMMS,255,BROADCAST,0,HEARTBEAT,48,HEARTBEAT,0,0,0,0,0,0,0x1800FFC0
1777181881.138,1218020,6,3,COMMS,255,BROADCAST,0,HEARTBEAT,48,HEARTBEAT,0,0,0,0,0,0,0x1800FFC0
1777181882.209,1219070,6,3,COMMS,255,BROADCAST,0,HEARTBEAT,48,HEARTBEAT,0,0,0,0,0,0,0x1800FFC0
1777181883.232,1220104,6,3,COMMS,255,BROADCAST,0,HEARTBEAT,48,HEARTBEAT,0,0,0,0,0,0,0x1800FFC0
1777181884.260,1221137,6,3,COMMS,255,BROADCAST,0,HEARTBEAT,48,HEARTBEAT,0,0,0,0,0,0,0x1800FFC0
1777181885.288,1222171,6,3,COMMS,255,BROADCAST,0,HEARTBEAT,48,HEARTBEAT,0,0,0,0,0,0,0x1800FFC0
1777181886.310,1223175,6,3,COMMS,255,BROADCAST,0,HEARTBEAT,48,HEARTBEAT,0,0,0,0,0,0,0x1800FFC0
1777181887.337,1224201,6,3,COMMS,255,BROADCAST,0,HEARTBEAT,48,HEARTBEAT,0,0,0,0,0,0,0x1800FFC0
1777181888.358,1225216,6,3,COMMS,255,BROADCAST,0,HEARTBEAT,48,HEARTBEAT,0,0,0,0,0,0,0x1800FFC0
1777181889.422,1226304,6,3,COMMS,255,BROADCAST,0,HEARTBEAT,48,HEARTBEAT,0,0,0,0,0,0,0x1800FFC0
1777181890.425,1227308,6,3,COMMS,255,BROADCAST,0,HEARTBEAT,48,HEARTBEAT,0,0,0,0,0,0,0x1800FFC0
1777181891.461,1228341,6,3,COMMS,255,BROADCAST,0,HEARTBEAT,48,HEARTBEAT,0,0,0,0,0,0,0x1800FFC0
1777181892.458,1229341,6,3,COMMS,255,BROADCAST,0,HEARTBEAT,48,HEARTBEAT,0,0,0,0,0,0,0x1800FFC0
1777181893.491,1230347,6,3,COMMS,255,BROADCAST,0,HEARTBEAT,48,HEARTBEAT,0,0,0,0,0,0,0x1800FFC0
1777181894.563,1231446,6,3,COMMS,255,BROADCAST,0,HEARTBEAT,48,HEARTBEAT,0,0,0,0,0,0,0x1800FFC0
1777181895.625,1232505,6,3,COMMS,255,BROADCAST,0,HEARTBEAT,48,HEARTBEAT,0,0,0,0,0,0,0x1800FFC0
1777181896.656,1233538,6,3,COMMS,255,BROADCAST,0,HEARTBEAT,48,HEARTBEAT,0,0,0,0,0,0,0x1800FFC0
1777181897.671,1234540,6,3,COMMS,255,BROADCAST,0,HEARTBEAT,48,HEARTBEAT,0,0,0,0,0,0,0x1800FFC0
1777181898.716,1235599,6,3,COMMS,255,BROADCAST,0,HEARTBEAT,48,HEARTBEAT,0,0,0,0,0,0,0x1800FFC0
1777181899.755,1236638,6,3,COMMS,255,BROADCAST,0,HEARTBEAT,48,HEARTBEAT,0,0,0,0,0,0,0x1800FFC0
1777181900.790,1237672,6,3,COMMS,255,BROADCAST,0,HEARTBEAT,48,HEARTBEAT,0,0,0,0,0,0,0x1800FFC0
1777181901.823,1238705,6,3,COMMS,255,BROADCAST,0,HEARTBEAT,48,HEARTBEAT,0,0,0,0,0,0,0x1800FFC0
1777181902.824,1239706,6,3,COMMS,255,BROADCAST,0,HEARTBEAT,48,HEARTBEAT,0,0,0,0,0,0,0x1800FFC0
1777181903.830,1240711,6,3,COMMS,255,BROADCAST,0,HEARTBEAT,48,HEARTBEAT,0,0,0,0,0,0,0x1800FFC0
1777181904.943,1241802,6,3,COMMS,255,BROADCAST,0,HEARTBEAT,48,HEARTBEAT,0,0,0,0,0,0,0x1800FFC0
1777181905.961,1242839,6,3,COMMS,255,BROADCAST,0,HEARTBEAT,48,HEARTBEAT,0,0,0,0,0,0,0x1800FFC0
1777181906.997,1243872,6,3,COMMS,255,BROADCAST,0,HEARTBEAT,48,HEARTBEAT,0,0,0,0,0,0,0x1800FFC0
1777181908.055,1244874,6,3,COMMS,255,BROADCAST,0,HEARTBEAT,48,HEARTBEAT,0,0,0,0,0,0,0x1800FFC0
1777181909.057,1245939,6,3,COMMS,255,BROADCAST,0,HEARTBEAT,48,HEARTBEAT,0,0,0,0,0,0,0x1800FFC0
1777181910.074,1246956,6,3,COMMS,255,BROADCAST,0,HEARTBEAT,48,HEARTBEAT,0,0,0,0,0,0,0x1800FFC0
1777181911.107,1247988,6,3,COMMS,255,BROADCAST,0,HEARTBEAT,48,HEARTBEAT,0,0,0,0,0,0,0x1800FFC0
1777181912.157,1249039,6,3,COMMS,255,BROADCAST,0,HEARTBEAT,48,HEARTBEAT,0,0,0,0,0,0,0x1800FFC0
1777181913.189,1250071,6,3,COMMS,255,BROADCAST,0,HEARTBEAT,48,HEARTBEAT,0,0,0,0,0,0,0x1800FFC0
1777181914.223,1251106,6,3,COMMS,255,BROADCAST,0,HEARTBEAT,48,HEARTBEAT,0,0,0,0,0,0,0x1800FFC0
1777181915.238,1252120,6,3,COMMS,255,BROADCAST,0,HEARTBEAT,48,HEARTBEAT,0,0,0,0,0,0,0x1800FFC0
1777181916.309,1253172,6,3,COMMS,255,BROADCAST,0,HEARTBEAT,48,HEARTBEAT,0,0,0,0,0,0,0x1800FFC0
1777181917.328,1254206,6,3,COMMS,255,BROADCAST,0,HEARTBEAT,48,HEARTBEAT,0,0,0,0,0,0,0x1800FFC0
1777181918.364,1255211,6,3,COMMS,255,BROADCAST,0,HEARTBEAT,48,HEARTBEAT,0,0,0,0,0,0,0x1800FFC0
1777181919.343,1256225,6,3,COMMS,255,BROADCAST,0,HEARTBEAT,48,HEARTBEAT,0,0,0,0,0,0,0x1800FFC0
1777181920.407,1257266,6,3,COMMS,255,BROADCAST,0,HEARTBEAT,48,HEARTBEAT,0,0,0,0,0,0,0x1800FFC0
1777181921.431,1258288,6,3,COMMS,255,BROADCAST,0,HEARTBEAT,48,HEARTBEAT,0,0,0,0,0,0,0x1800FFC0
1777181922.491,1259373,6,3,COMMS,255,BROADCAST,0,HEARTBEAT,48,HEARTBEAT,0,0,0,0,0,0,0x1800FFC0
1777181923.496,1260378,6,3,COMMS,255,BROADCAST,0,HEARTBEAT,48,HEARTBEAT,0,0,0,0,0,0,0x1800FFC0
1777181924.557,1261440,6,3,COMMS,255,BROADCAST,0,HEARTBEAT,48,HEARTBEAT,0,0,0,0,0,0,0x1800FFC0
1777181925.579,1262461,6,3,COMMS,255,BROADCAST,0,HEARTBEAT,48,HEARTBEAT,0,0,0,0,0,0,0x1800FFC0
1777181926.658,1263500,6,3,COMMS,255,BROADCAST,0,HEARTBEAT,48,HEARTBEAT,0,0,0,0,0,0,0x1800FFC0
1777181927.678,1264540,6,3,COMMS,255,BROADCAST,0,HEARTBEAT,48,HEARTBEAT,0,0,0,0,0,0,0x1800FFC0
1777181928.698,1265573,6,3,COMMS,255,BROADCAST,0,HEARTBEAT,48,HEARTBEAT,0,0,0,0,0,0,0x1800FFC0
1777181929.723,1266573,6,3,COMMS,255,BROADCAST,0,HEARTBEAT,48,HEARTBEAT,0,0,0,0,0,0,0x1800FFC0
1777181930.757,1267640,6,3,COMMS,255,BROADCAST,0,HEARTBEAT,48,HEARTBEAT,0,0,0,0,0,0,0x1800FFC0
1777181931.780,1268654,6,3,COMMS,255,BROADCAST,0,HEARTBEAT,48,HEARTBEAT,0,0,0,0,0,0,0x1800FFC0
1777181932.824,1269706,6,3,COMMS,255,BROADCAST,0,HEARTBEAT,48,HEARTBEAT,0,0,0,0,0,0,0x1800FFC0
1777181933.856,1270736,6,3,COMMS,255,BROADCAST,0,HEARTBEAT,48,HEARTBEAT,0,0,0,0,0,0,0x1800FFC0
1777181934.867,1271748,6,3,COMMS,255,BROADCAST,0,HEARTBEAT,48,HEARTBEAT,0,0,0,0,0,0,0x1800FFC0
1777181935.915,1272766,6,3,COMMS,255,BROADCAST,0,HEARTBEAT,48,HEARTBEAT,0,0,0,0,0,0,0x1800FFC0
1777181936.957,1273840,6,3,COMMS,255,BROADCAST,0,HEARTBEAT,48,HEARTBEAT,0,0,0,0,0,0,0x1800FFC0
1777181937.967,1274849,6,3,COMMS,255,BROADCAST,0,HEARTBEAT,48,HEARTBEAT,0,0,0,0,0,0,0x1800FFC0
1777181939.051,1275906,6,3,COMMS,255,BROADCAST,0,HEARTBEAT,48,HEARTBEAT,0,0,0,0,0,0,0x1800FFC0
1777181940.063,1276920,6,3,COMMS,255,BROADCAST,0,HEARTBEAT,48,HEARTBEAT,0,0,0,0,0,0,0x1800FFC0
1777181941.041,1277923,6,3,COMMS,255,BROADCAST,0,HEARTBEAT,48,HEARTBEAT,0,0,0,0,0,0,0x1800FFC0
1777181942.124,1279006,6,3,COMMS,255,BROADCAST,0,HEARTBEAT,48,HEARTBEAT,0,0,0,0,0,0,0x1800FFC0
1777181943.139,1280020,6,3,COMMS,255,BROADCAST,0,HEARTBEAT,48,HEARTBEAT,0,0,0,0,0,0,0x1800FFC0
1777181944.191,1281073,6,3,COMMS,255,BROADCAST,0,HEARTBEAT,48,HEARTBEAT,0,0,0,0,0,0,0x1800FFC0
1777181945.225,1282107,6,3,COMMS,255,BROADCAST,0,HEARTBEAT,48,HEARTBEAT,0,0,0,0,0,0,0x1800FFC0
1777181946.225,1283107,6,3,COMMS,255,BROADCAST,0,HEARTBEAT,48,HEARTBEAT,0,0,0,0,0,0,0x1800FFC0
1777181947.283,1284165,6,3,COMMS,255,BROADCAST,0,HEARTBEAT,48,HEARTBEAT,0,0,0,0,0,0,0x1800FFC0
1777181948.313,1285195,6,3,COMMS,255,BROADCAST,0,HEARTBEAT,48,HEARTBEAT,0,0,0,0,0,0,0x1800FFC0
1777181949.346,1286228,6,3,COMMS,255,BROADCAST,0,HEARTBEAT,48,HEARTBEAT,0,0,0,0,0,0,0x1800FFC0
1777181950.414,1287273,6,3,COMMS,255,BROADCAST,0,HEARTBEAT,48,HEARTBEAT,0,0,0,0,0,0,0x1800FFC0
1777181951.440,1288307,6,3,COMMS,255,BROADCAST,0,HEARTBEAT,48,HEARTBEAT,0,0,0,0,0,0,0x1800FFC0
1777181952.457,1289340,6,3,COMMS,255,BROADCAST,0,HEARTBEAT,48,HEARTBEAT,0,0,0,0,0,0,0x1800FFC0
1777181953.486,1290353,6,3,COMMS,255,BROADCAST,0,HEARTBEAT,48,HEARTBEAT,0,0,0,0,0,0,0x1800FFC0
1777181954.526,1291407,6,3,COMMS,255,BROADCAST,0,HEARTBEAT,48,HEARTBEAT,0,0,0,0,0,0,0x1800FFC0
1777181955.559,1292440,6,3,COMMS,255,BROADCAST,0,HEARTBEAT,48,HEARTBEAT,0,0,0,0,0,0,0x1800FFC0
1777181956.591,1293473,6,3,COMMS,255,BROADCAST,0,HEARTBEAT,48,HEARTBEAT,0,0,0,0,0,0,0x1800FFC0
1777181957.624,1294506,6,3,COMMS,255,BROADCAST,0,HEARTBEAT,48,HEARTBEAT,0,0,0,0,0,0,0x1800FFC0
1777181958.628,1295510,6,3,COMMS,255,BROADCAST,0,HEARTBEAT,48,HEARTBEAT,0,0,0,0,0,0,0x1800FFC0
1777181959.673,1296555,6,3,COMMS,255,BROADCAST,0,HEARTBEAT,48,HEARTBEAT,0,0,0,0,0,0,0x1800FFC0
1777181960.759,1297606,6,3,COMMS,255,BROADCAST,0,HEARTBEAT,48,HEARTBEAT,0,0,0,0,0,0,0x1800FFC0
1777181961.782,1298637,6,3,COMMS,255,BROADCAST,0,HEARTBEAT,48,HEARTBEAT,0,0,0,0,0,0,0x1800FFC0
1777181962.794,1299672,6,3,COMMS,255,BROADCAST,0,HEARTBEAT,48,HEARTBEAT,0,0,0,0,0,0,0x1800FFC0
1777181963.825,1300706,6,3,COMMS,255,BROADCAST,0,HEARTBEAT,48,HEARTBEAT,0,0,0,0,0,0,0x1800FFC0
1777181964.853,1301711,6,3,COMMS,255,BROADCAST,0,HEARTBEAT,48,HEARTBEAT,0,0,0,0,0,0,0x1800FFC0
1777181965.890,1302772,6,3,COMMS,255,BROADCAST,0,HEARTBEAT,48,HEARTBEAT,0,0,0,0,0,0,0x1800FFC0
1777181966.912,1303793,6,3,COMMS,255,BROADCAST,0,HEARTBEAT,48,HEARTBEAT,0,0,0,0,0,0,0x1800FFC0
1777181967.958,1304839,6,3,COMMS,255,BROADCAST,0,HEARTBEAT,48,HEARTBEAT,0,0,0,0,0,0,0x1800FFC0
1777181968.990,1305872,6,3,COMMS,255,BROADCAST,0,HEARTBEAT,48,HEARTBEAT,0,0,0,0,0,0,0x1800FFC0
1777181969.991,1306873,6,3,COMMS,255,BROADCAST,0,HEARTBEAT,48,HEARTBEAT,0,0,0,0,0,0,0x1800FFC0
1777181971.036,1307918,6,3,COMMS,255,BROADCAST,0,HEARTBEAT,48,HEARTBEAT,0,0,0,0,0,0,0x1800FFC0
1777181972.061,1308943,6,3,COMMS,255,BROADCAST,0,HEARTBEAT,48,HEARTBEAT,0,0,0,0,0,0,0x1800FFC0
1777181973.138,1310006,6,3,COMMS,255,BROADCAST,0,HEARTBEAT,48,HEARTBEAT,0,0,0,0,0,0,0x1800FFC0
1777181974.172,1311024,6,3,COMMS,255,BROADCAST,0,HEARTBEAT,48,HEARTBEAT,0,0,0,0,0,0,0x1800FFC0
1777181975.190,1312045,6,3,COMMS,255,BROADCAST,0,HEARTBEAT,48,HEARTBEAT,0,0,0,0,0,0,0x1800FFC0
1777181976.224,1313106,6,3,COMMS,255,BROADCAST,0,HEARTBEAT,48,HEARTBEAT,0,0,0,0,0,0,0x1800FFC0
1777181977.245,1314121,6,3,COMMS,255,BROADCAST,0,HEARTBEAT,48,HEARTBEAT,0,0,0,0,0,0,0x1800FFC0
1777181978.291,1315173,6,3,COMMS,255,BROADCAST,0,HEARTBEAT,48,HEARTBEAT,0,0,0,0,0,0,0x1800FFC0
1777181979.293,1316174,6,3,COMMS,255,BROADCAST,0,HEARTBEAT,48,HEARTBEAT,0,0,0,0,0,0,0x1800FFC0
1777181980.359,1317239,6,3,COMMS,255,BROADCAST,0,HEARTBEAT,48,HEARTBEAT,0,0,0,0,0,0,0x1800FFC0
1777181981.389,1318271,6,3,COMMS,255,BROADCAST,0,HEARTBEAT,48,HEARTBEAT,0,0,0,0,0,0,0x1800FFC0
1777181982.424,1319306,6,3,COMMS,255,BROADCAST,0,HEARTBEAT,48,HEARTBEAT,0,0,0,0,0,0,0x1800FFC0
1777181983.495,1320339,6,3,COMMS,255,BROADCAST,0,HEARTBEAT,48,HEARTBEAT,0,0,0,0,0,0,0x1800FFC0
1777181984.512,1321372,6,3,COMMS,255,BROADCAST,0,HEARTBEAT,48,HEARTBEAT,0,0,0,0,0,0,0x1800FFC0
1777181985.527,1322406,6,3,COMMS,255,BROADCAST,0,HEARTBEAT,48,HEARTBEAT,0,0,0,0,0,0,0x1800FFC0
1777181986.557,1323414,6,3,COMMS,255,BROADCAST,0,HEARTBEAT,48,HEARTBEAT,0,0,0,0,0,0,0x1800FFC0
1777181987.591,1324473,6,3,COMMS,255,BROADCAST,0,HEARTBEAT,48,HEARTBEAT,0,0,0,0,0,0,0x1800FFC0
1777181988.614,1325496,6,3,COMMS,255,BROADCAST,0,HEARTBEAT,48,HEARTBEAT,0,0,0,0,0,0,0x1800FFC0
1777181989.658,1326539,6,3,COMMS,255,BROADCAST,0,HEARTBEAT,48,HEARTBEAT,0,0,0,0,0,0,0x1800FFC0
1777181990.691,1327572,6,3,COMMS,255,BROADCAST,0,HEARTBEAT,48,HEARTBEAT,0,0,0,0,0,0,0x1800FFC0
1777181991.724,1328606,6,3,COMMS,255,BROADCAST,0,HEARTBEAT,48,HEARTBEAT,0,0,0,0,0,0,0x1800FFC0
1777181992.757,1329639,6,3,COMMS,255,BROADCAST,0,HEARTBEAT,48,HEARTBEAT,0,0,0,0,0,0,0x1800FFC0
1777181993.771,1330652,6,3,COMMS,255,BROADCAST,0,HEARTBEAT,48,HEARTBEAT,0,0,0,0,0,0,0x1800FFC0
1777181994.857,1331706,6,3,COMMS,255,BROADCAST,0,HEARTBEAT,48,HEARTBEAT,0,0,0,0,0,0,0x1800FFC0
1777181995.873,1332728,6,3,COMMS,255,BROADCAST,0,HEARTBEAT,48,HEARTBEAT,0,0,0,0,0,0,0x1800FFC0
1777181996.908,1333773,6,3,COMMS,255,BROADCAST,0,HEARTBEAT,48,HEARTBEAT,0,0,0,0,0,0,0x1800FFC0
1777181997.925,1334806,6,3,COMMS,255,BROADCAST,0,HEARTBEAT,48,HEARTBEAT,0,0,0,0,0,0,0x1800FFC0
1777181998.948,1335819,6,3,COMMS,255,BROADCAST,0,HEARTBEAT,48,HEARTBEAT,0,0,0,0,0,0,0x1800FFC0
1777181999.975,1336822,6,3,COMMS,255,BROADCAST,0,HEARTBEAT,48,HEARTBEAT,0,0,0,0,0,0,0x1800FFC0
1777182001.025,1337906,6,3,COMMS,255,BROADCAST,0,HEARTBEAT,48,HEARTBEAT,0,0,0,0,0,0,0x1800FFC0
1777182002.027,1338909,6,3,COMMS,255,BROADCAST,0,HEARTBEAT,48,HEARTBEAT,0,0,0,0,0,0,0x1800FFC0
1777182003.091,1339973,6,3,COMMS,255,BROADCAST,0,HEARTBEAT,48,HEARTBEAT,0,0,0,0,0,0,0x1800FFC0
1777182004.119,1341001,6,3,COMMS,255,BROADCAST,0,HEARTBEAT,48,HEARTBEAT,0,0,0,0,0,0,0x1800FFC0
1777182005.158,1342039,6,3,COMMS,255,BROADCAST,0,HEARTBEAT,48,HEARTBEAT,0,0,0,0,0,0,0x1800FFC0
1777182006.164,1343046,6,3,COMMS,255,BROADCAST,0,HEARTBEAT,48,HEARTBEAT,0,0,0,0,0,0,0x1800FFC0
1777182007.247,1344107,6,3,COMMS,255,BROADCAST,0,HEARTBEAT,48,HEARTBEAT,0,0,0,0,0,0,0x1800FFC0
1777182008.273,1345116,6,3,COMMS,255,BROADCAST,0,HEARTBEAT,48,HEARTBEAT,0,0,0,0,0,0,0x1800FFC0
1777182009.299,1346173,6,3,COMMS,255,BROADCAST,0,HEARTBEAT,48,HEARTBEAT,0,0,0,0,0,0,0x1800FFC0
1777182010.325,1347207,6,3,COMMS,255,BROADCAST,0,HEARTBEAT,48,HEARTBEAT,0,0,0,0,0,0,0x1800FFC0
1777182011.339,1348210,6,3,COMMS,255,BROADCAST,0,HEARTBEAT,48,HEARTBEAT,0,0,0,0,0,0,0x1800FFC0
1777182012.378,1349259,6,3,COMMS,255,BROADCAST,0,HEARTBEAT,48,HEARTBEAT,0,0,0,0,0,0,0x1800FFC0
1777182013.427,1350307,6,3,COMMS,255,BROADCAST,0,HEARTBEAT,48,HEARTBEAT,0,0,0,0,0,0,0x1800FFC0
1777182014.460,1351340,6,3,COMMS,255,BROADCAST,0,HEARTBEAT,48,HEARTBEAT,0,0,0,0,0,0,0x1800FFC0
1777182015.493,1352374,6,3,COMMS,255,BROADCAST,0,HEARTBEAT,48,HEARTBEAT,0,0,0,0,0,0,0x1800FFC0
1777182016.517,1353399,6,3,COMMS,255,BROADCAST,0,HEARTBEAT,48,HEARTBEAT,0,0,0,0,0,0,0x1800FFC0
1777182017.593,1354441,6,3,COMMS,255,BROADCAST,0,HEARTBEAT,48,HEARTBEAT,0,0,0,0,0,0,0x1800FFC0
1777182018.617,1355474,6,3,COMMS,255,BROADCAST,0,HEARTBEAT,48,HEARTBEAT,0,0,0,0,0,0,0x1800FFC0
1777182019.639,1356493,6,3,COMMS,255,BROADCAST,0,HEARTBEAT,48,HEARTBEAT,0,0,0,0,0,0,0x1800FFC0
1777182020.664,1357507,6,3,COMMS,255,BROADCAST,0,HEARTBEAT,48,HEARTBEAT,0,0,0,0,0,0,0x1800FFC0
1777182021.692,1358574,6,3,COMMS,255,BROADCAST,0,HEARTBEAT,48,HEARTBEAT,0,0,0,0,0,0,0x1800FFC0
1777182022.713,1359589,6,3,COMMS,255,BROADCAST,0,HEARTBEAT,48,HEARTBEAT,0,0,0,0,0,0,0x1800FFC0
1777182023.729,1360601,6,3,COMMS,255,BROADCAST,0,HEARTBEAT,48,HEARTBEAT,0,0,0,0,0,0,0x1800FFC0
1777182024.793,1361674,6,3,COMMS,255,BROADCAST,0,HEARTBEAT,48,HEARTBEAT,0,0,0,0,0,0,0x1800FFC0
1777182025.802,1362683,6,3,COMMS,255,BROADCAST,0,HEARTBEAT,48,HEARTBEAT,0,0,0,0,0,0,0x1800FFC0
1777182026.838,1363717,6,3,COMMS,255,BROADCAST,0,HEARTBEAT,48,HEARTBEAT,0,0,0,0,0,0,0x1800FFC0
1777182027.892,1364774,6,3,COMMS,255,BROADCAST,0,HEARTBEAT,48,HEARTBEAT,0,0,0,0,0,0,0x1800FFC0
1777182028.959,1365807,6,3,COMMS,255,BROADCAST,0,HEARTBEAT,48,HEARTBEAT,0,0,0,0,0,0,0x1800FFC0
1777182029.926,1366807,6,3,COMMS,255,BROADCAST,0,HEARTBEAT,48,HEARTBEAT,0,0,0,0,0,0,0x1800FFC0
1777182031.002,1367865,6,3,COMMS,255,BROADCAST,0,HEARTBEAT,48,HEARTBEAT,0,0,0,0,0,0,0x1800FFC0
1777182032.031,1368903,6,3,COMMS,255,BROADCAST,0,HEARTBEAT,48,HEARTBEAT,0,0,0,0,0,0,0x1800FFC0
1777182033.059,1369940,6,3,COMMS,255,BROADCAST,0,HEARTBEAT,48,HEARTBEAT,0,0,0,0,0,0,0x1800FFC0
1777182034.109,1370973,6,3,COMMS,255,BROADCAST,0,HEARTBEAT,48,HEARTBEAT,0,0,0,0,0,0,0x1800FFC0
1777182035.126,1372007,6,3,COMMS,255,BROADCAST,0,HEARTBEAT,48,HEARTBEAT,0,0,0,0,0,0,0x1800FFC0
1777182036.160,1373040,6,3,COMMS,255,BROADCAST,0,HEARTBEAT,48,HEARTBEAT,0,0,0,0,0,0,0x1800FFC0
1777182037.175,1374056,6,3,COMMS,255,BROADCAST,0,HEARTBEAT,48,HEARTBEAT,0,0,0,0,0,0,0x1800FFC0
1777182038.228,1375107,6,3,COMMS,255,BROADCAST,0,HEARTBEAT,48,HEARTBEAT,0,0,0,0,0,0,0x1800FFC0
1777182039.261,1376140,6,3,COMMS,255,BROADCAST,0,HEARTBEAT,48,HEARTBEAT,0,0,0,0,0,0,0x1800FFC0
1777182040.270,1377150,6,3,COMMS,255,BROADCAST,0,HEARTBEAT,48,HEARTBEAT,0,0,0,0,0,0,0x1800FFC0
1777182041.342,1378207,6,3,COMMS,255,BROADCAST,0,HEARTBEAT,48,HEARTBEAT,0,0,0,0,0,0,0x1800FFC0
1777182042.371,1379240,6,3,COMMS,255,BROADCAST,0,HEARTBEAT,48,HEARTBEAT,0,0,0,0,0,0,0x1800FFC0
1777182043.393,1380243,6,3,COMMS,255,BROADCAST,0,HEARTBEAT,48,HEARTBEAT,0,0,0,0,0,0,0x1800FFC0
1777182044.412,1381290,6,3,COMMS,255,BROADCAST,0,HEARTBEAT,48,HEARTBEAT,0,0,0,0,0,0,0x1800FFC0
1777182045.461,1382341,6,3,COMMS,255,BROADCAST,0,HEARTBEAT,48,HEARTBEAT,0,0,0,0,0,0,0x1800FFC0
1777182046.492,1383373,6,3,COMMS,255,BROADCAST,0,HEARTBEAT,48,HEARTBEAT,0,0,0,0,0,0,0x1800FFC0
1777182047.501,1384381,6,3,COMMS,255,BROADCAST,0,HEARTBEAT,48,HEARTBEAT,0,0,0,0,0,0,0x1800FFC0
1777182048.560,1385441,6,3,COMMS,255,BROADCAST,0,HEARTBEAT,48,HEARTBEAT,0,0,0,0,0,0,0x1800FFC0
1777182049.590,1386471,6,3,COMMS,255,BROADCAST,0,HEARTBEAT,48,HEARTBEAT,0,0,0,0,0,0,0x1800FFC0
1777182050.666,1387508,6,3,COMMS,255,BROADCAST,0,HEARTBEAT,48,HEARTBEAT,0,0,0,0,0,0,0x1800FFC0
1777182051.692,1388541,6,3,COMMS,255,BROADCAST,0,HEARTBEAT,48,HEARTBEAT,0,0,0,0,0,0,0x1800FFC0
1777182052.711,1389575,6,3,COMMS,255,BROADCAST,0,HEARTBEAT,48,HEARTBEAT,0,0,0,0,0,0,0x1800FFC0
1777182053.741,1390608,6,3,COMMS,255,BROADCAST,0,HEARTBEAT,48,HEARTBEAT,0,0,0,0,0,0,0x1800FFC0
1777182054.760,1391617,6,3,COMMS,255,BROADCAST,0,HEARTBEAT,48,HEARTBEAT,0,0,0,0,0,0,0x1800FFC0
1777182055.795,1392675,6,3,COMMS,255,BROADCAST,0,HEARTBEAT,48,HEARTBEAT,0,0,0,0,0,0,0x1800FFC0
1777182056.806,1393679,6,3,COMMS,255,BROADCAST,0,HEARTBEAT,48,HEARTBEAT,0,0,0,0,0,0,0x1800FFC0
1777182057.861,1394742,6,3,COMMS,255,BROADCAST,0,HEARTBEAT,48,HEARTBEAT,0,0,0,0,0,0,0x1800FFC0
1777182058.881,1395761,6,3,COMMS,255,BROADCAST,0,HEARTBEAT,48,HEARTBEAT,0,0,0,0,0,0,0x1800FFC0
1777182059.928,1396808,6,3,COMMS,255,BROADCAST,0,HEARTBEAT,48,HEARTBEAT,0,0,0,0,0,0,0x1800FFC0
1777182060.962,1397842,6,3,COMMS,255,BROADCAST,0,HEARTBEAT,48,HEARTBEAT,0,0,0,0,0,0,0x1800FFC0
1777182062.034,1398875,6,3,COMMS,255,BROADCAST,0,HEARTBEAT,48,HEARTBEAT,0,0,0,0,0,0,0x1800FFC0
1777182063.050,1399899,6,3,COMMS,255,BROADCAST,0,HEARTBEAT,48,HEARTBEAT,0,0,0,0,0,0,0x1800FFC0
1777182064.082,1400942,6,3,COMMS,255,BROADCAST,0,HEARTBEAT,48,HEARTBEAT,0,0,0,0,0,0,0x1800FFC0
1777182065.095,1401976,6,3,COMMS,255,BROADCAST,0,HEARTBEAT,48,HEARTBEAT,0,0,0,0,0,0,0x1800FFC0
1777182066.128,1402991,6,3,COMMS,255,BROADCAST,0,HEARTBEAT,48,HEARTBEAT,0,0,0,0,0,0,0x1800FFC0
1777182067.142,1403996,6,3,COMMS,255,BROADCAST,0,HEARTBEAT,48,HEARTBEAT,0,0,0,0,0,0,0x1800FFC0
1777182068.197,1405076,6,3,COMMS,255,BROADCAST,0,HEARTBEAT,48,HEARTBEAT,0,0,0,0,0,0,0x1800FFC0
1777182069.229,1406109,6,3,COMMS,255,BROADCAST,0,HEARTBEAT,48,HEARTBEAT,0,0,0,0,0,0,0x1800FFC0
1777182070.262,1407143,6,3,COMMS,255,BROADCAST,0,HEARTBEAT,48,HEARTBEAT,0,0,0,0,0,0,0x1800FFC0
1777182071.257,1408149,6,3,COMMS,255,BROADCAST,0,HEARTBEAT,48,HEARTBEAT,0,0,0,0,0,0,0x1800FFC0
1777182072.274,1409151,6,3,COMMS,255,BROADCAST,0,HEARTBEAT,48,HEARTBEAT,0,0,0,0,0,0,0x1800FFC0
1777182073.388,1410242,6,3,COMMS,255,BROADCAST,0,HEARTBEAT,48,HEARTBEAT,0,0,0,0,0,0,0x1800FFC0
1777182074.423,1411277,6,3,COMMS,255,BROADCAST,0,HEARTBEAT,48,HEARTBEAT,0,0,0,0,0,0,0x1800FFC0
1777182075.440,1412310,6,3,COMMS,255,BROADCAST,0,HEARTBEAT,48,HEARTBEAT,0,0,0,0,0,0,0x1800FFC0
1777182076.463,1413315,6,3,COMMS,255,BROADCAST,0,HEARTBEAT,48,HEARTBEAT,0,0,0,0,0,0,0x1800FFC0
1777182077.497,1414377,6,3,COMMS,255,BROADCAST,0,HEARTBEAT,48,HEARTBEAT,0,0,0,0,0,0,0x1800FFC0
1777182078.521,1415396,6,3,COMMS,255,BROADCAST,0,HEARTBEAT,48,HEARTBEAT,0,0,0,0,0,0,0x1800FFC0
1777182079.563,1416444,6,3,COMMS,255,BROADCAST,0,HEARTBEAT,48,HEARTBEAT,0,0,0,0,0,0,0x1800FFC0
1777182080.585,1417464,6,3,COMMS,255,BROADCAST,0,HEARTBEAT,48,HEARTBEAT,0,0,0,0,0,0,0x1800FFC0
1777182081.630,1418510,6,3,COMMS,255,BROADCAST,0,HEARTBEAT,48,HEARTBEAT,0,0,0,0,0,0,0x1800FFC0
1777182082.639,1419519,6,3,COMMS,255,BROADCAST,0,HEARTBEAT,48,HEARTBEAT,0,0,0,0,0,0,0x1800FFC0
1777182083.696,1420577,6,3,COMMS,255,BROADCAST,0,HEARTBEAT,48,HEARTBEAT,0,0,0,0,0,0,0x1800FFC0
1777182084.765,1421610,6,3,COMMS,255,BROADCAST,0,HEARTBEAT,48,HEARTBEAT,0,0,0,0,0,0,0x1800FFC0
1777182085.791,1422644,6,3,COMMS,255,BROADCAST,0,HEARTBEAT,48,HEARTBEAT,0,0,0,0,0,0,0x1800FFC0
1777182086.805,1423677,6,3,COMMS,255,BROADCAST,0,HEARTBEAT,48,HEARTBEAT,0,0,0,0,0,0,0x1800FFC0
1777182087.798,1424679,6,3,COMMS,255,BROADCAST,0,HEARTBEAT,48,HEARTBEAT,0,0,0,0,0,0,0x1800FFC0
1777182088.817,1425698,6,3,COMMS,255,BROADCAST,0,HEARTBEAT,48,HEARTBEAT,0,0,0,0,0,0,0x1800FFC0
1777182089.898,1426778,6,3,COMMS,255,BROADCAST,0,HEARTBEAT,48,HEARTBEAT,0,0,0,0,0,0,0x1800FFC0
1777182090.910,1427790,6,3,COMMS,255,BROADCAST,0,HEARTBEAT,48,HEARTBEAT,0,0,0,0,0,0,0x1800FFC0
1777182091.946,1428824,6,3,COMMS,255,BROADCAST,0,HEARTBEAT,48,HEARTBEAT,0,0,0,0,0,0,0x1800FFC0
1777182092.973,1429853,6,3,COMMS,255,BROADCAST,0,HEARTBEAT,48,HEARTBEAT,0,0,0,0,0,0,0x1800FFC0
1777182094.031,1430912,6,3,COMMS,255,BROADCAST,0,HEARTBEAT,48,HEARTBEAT,0,0,0,0,0,0,0x1800FFC0
1777182095.056,1431936,6,3,COMMS,255,BROADCAST,0,HEARTBEAT,48,HEARTBEAT,0,0,0,0,0,0,0x1800FFC0
1777182096.062,1432937,6,3,COMMS,255,BROADCAST,0,HEARTBEAT,48,HEARTBEAT,0,0,0,0,0,0,0x1800FFC0
1777182097.159,1434012,6,3,COMMS,255,BROADCAST,0,HEARTBEAT,48,HEARTBEAT,0,0,0,0,0,0,0x1800FFC0
1777182098.168,1435033,6,3,COMMS,255,BROADCAST,0,HEARTBEAT,48,HEARTBEAT,0,0,0,0,0,0,0x1800FFC0
1777182099.199,1436079,6,3,COMMS,255,BROADCAST,0,HEARTBEAT,48,HEARTBEAT,0,0,0,0,0,0,0x1800FFC0
1777182100.232,1437113,6,3,COMMS,255,BROADCAST,0,HEARTBEAT,48,HEARTBEAT,0,0,0,0,0,0,0x1800FFC0
1777182101.251,1438129,6,3,COMMS,255,BROADCAST,0,HEARTBEAT,48,HEARTBEAT,0,0,0,0,0,0,0x1800FFC0
1777182102.300,1439179,6,3,COMMS,255,BROADCAST,0,HEARTBEAT,48,HEARTBEAT,0,0,0,0,0,0,0x1800FFC0
1777182103.323,1440202,6,3,COMMS,255,BROADCAST,0,HEARTBEAT,48,HEARTBEAT,0,0,0,0,0,0,0x1800FFC0
1777182104.366,1441246,6,3,COMMS,255,BROADCAST,0,HEARTBEAT,48,HEARTBEAT,0,0,0,0,0,0,0x1800FFC0
1777182105.399,1442280,6,3,COMMS,255,BROADCAST,0,HEARTBEAT,48,HEARTBEAT,0,0,0,0,0,0,0x1800FFC0
1777182106.405,1443285,6,3,COMMS,255,BROADCAST,0,HEARTBEAT,48,HEARTBEAT,0,0,0,0,0,0,0x1800FFC0
1777182107.445,1444325,6,3,COMMS,255,BROADCAST,0,HEARTBEAT,48,HEARTBEAT,0,0,0,0,0,0,0x1800FFC0
1777182108.523,1445380,6,3,COMMS,255,BROADCAST,0,HEARTBEAT,48,HEARTBEAT,0,0,0,0,0,0,0x1800FFC0
1777182109.551,1446407,6,3,COMMS,255,BROADCAST,0,HEARTBEAT,48,HEARTBEAT,0,0,0,0,0,0,0x1800FFC0
1777182110.566,1447420,6,3,COMMS,255,BROADCAST,0,HEARTBEAT,48,HEARTBEAT,0,0,0,0,0,0,0x1800FFC0
1777182111.600,1448480,6,3,COMMS,255,BROADCAST,0,HEARTBEAT,48,HEARTBEAT,0,0,0,0,0,0,0x1800FFC0
1777182112.634,1449514,6,3,COMMS,255,BROADCAST,0,HEARTBEAT,48,HEARTBEAT,0,0,0,0,0,0,0x1800FFC0
1777182113.667,1450547,6,3,COMMS,255,BROADCAST,0,HEARTBEAT,48,HEARTBEAT,0,0,0,0,0,0,0x1800FFC0
1777182114.701,1451581,6,3,COMMS,255,BROADCAST,0,HEARTBEAT,48,HEARTBEAT,0,0,0,0,0,0,0x1800FFC0
1777182115.723,1452603,6,3,COMMS,255,BROADCAST,0,HEARTBEAT,48,HEARTBEAT,0,0,0,0,0,0,0x1800FFC0
1777182116.766,1453641,6,3,COMMS,255,BROADCAST,0,HEARTBEAT,48,HEARTBEAT,0,0,0,0,0,0,0x1800FFC0
1777182117.801,1454681,6,3,COMMS,255,BROADCAST,0,HEARTBEAT,48,HEARTBEAT,0,0,0,0,0,0,0x1800FFC0
1777182118.866,1455714,6,3,COMMS,255,BROADCAST,0,HEARTBEAT,48,HEARTBEAT,0,0,0,0,0,0,0x1800FFC0
1777182119.878,1456748,6,3,COMMS,255,BROADCAST,0,HEARTBEAT,48,HEARTBEAT,0,0,0,0,0,0,0x1800FFC0
1777182120.871,1457751,6,3,COMMS,255,BROADCAST,0,HEARTBEAT,48,HEARTBEAT,0,0,0,0,0,0,0x1800FFC0
1777182121.871,1458751,6,3,COMMS,255,BROADCAST,0,HEARTBEAT,48,HEARTBEAT,0,0,0,0,0,0,0x1800FFC0
1777182122.967,1459847,6,3,COMMS,255,BROADCAST,0,HEARTBEAT,48,HEARTBEAT,0,0,0,0,0,0,0x1800FFC0
1777182124.001,1460881,6,3,COMMS,255,BROADCAST,0,HEARTBEAT,48,HEARTBEAT,0,0,0,0,0,0,0x1800FFC0
1777182125.012,1461883,6,3,COMMS,255,BROADCAST,0,HEARTBEAT,48,HEARTBEAT,0,0,0,0,0,0,0x1800FFC0
1777182126.068,1462948,6,3,COMMS,255,BROADCAST,0,HEARTBEAT,48,HEARTBEAT,0,0,0,0,0,0,0x1800FFC0
1777182127.084,1463979,6,3,COMMS,255,BROADCAST,0,HEARTBEAT,48,HEARTBEAT,0,0,0,0,0,0,0x1800FFC0
1777182128.136,1465015,6,3,COMMS,255,BROADCAST,0,HEARTBEAT,48,HEARTBEAT,0,0,0,0,0,0,0x1800FFC0
1777182129.149,1466030,6,3,COMMS,255,BROADCAST,0,HEARTBEAT,48,HEARTBEAT,0,0,0,0,0,0,0x1800FFC0
1777182130.224,1467082,6,3,COMMS,255,BROADCAST,0,HEARTBEAT,48,HEARTBEAT,0,0,0,0,0,0,0x1800FFC0
1777182131.259,1468111,6,3,COMMS,255,BROADCAST,0,HEARTBEAT,48,HEARTBEAT,0,0,0,0,0,0,0x1800FFC0
1777182132.283,1469149,6,3,COMMS,255,BROADCAST,0,HEARTBEAT,48,HEARTBEAT,0,0,0,0,0,0,0x1800FFC0
1777182133.309,1470182,6,3,COMMS,255,BROADCAST,0,HEARTBEAT,48,HEARTBEAT,0,0,0,0,0,0,0x1800FFC0
1777182134.321,1471186,6,3,COMMS,255,BROADCAST,0,HEARTBEAT,48,HEARTBEAT,0,0,0,0,0,0,0x1800FFC0
1777182135.371,1472249,6,3,COMMS,255,BROADCAST,0,HEARTBEAT,48,HEARTBEAT,0,0,0,0,0,0,0x1800FFC0
1777182136.389,1473268,6,3,COMMS,255,BROADCAST,0,HEARTBEAT,48,HEARTBEAT,0,0,0,0,0,0,0x1800FFC0
1777182137.436,1474316,6,3,COMMS,255,BROADCAST,0,HEARTBEAT,48,HEARTBEAT,0,0,0,0,0,0,0x1800FFC0
1777182138.440,1475320,6,3,COMMS,255,BROADCAST,0,HEARTBEAT,48,HEARTBEAT,0,0,0,0,0,0,0x1800FFC0
1777182139.503,1476383,6,3,COMMS,255,BROADCAST,0,HEARTBEAT,48,HEARTBEAT,0,0,0,0,0,0,0x1800FFC0
1777182140.532,1477412,6,3,COMMS,255,BROADCAST,0,HEARTBEAT,48,HEARTBEAT,0,0,0,0,0,0,0x1800FFC0
1777182141.538,1478418,6,3,COMMS,255,BROADCAST,0,HEARTBEAT,48,HEARTBEAT,0,0,0,0,0,0,0x1800FFC0
1777182142.624,1479483,6,3,COMMS,255,BROADCAST,0,HEARTBEAT,48,HEARTBEAT,0,0,0,0,0,0,0x1800FFC0
1777182143.636,1480492,6,3,COMMS,255,BROADCAST,0,HEARTBEAT,48,HEARTBEAT,0,0,0,0,0,0,0x1800FFC0
1777182144.672,1481550,6,3,COMMS,255,BROADCAST,0,HEARTBEAT,48,HEARTBEAT,0,0,0,0,0,0,0x1800FFC0
1777182145.697,1482574,6,3,COMMS,255,BROADCAST,0,HEARTBEAT,48,HEARTBEAT,0,0,0,0,0,0,0x1800FFC0
1777182146.737,1483617,6,3,COMMS,255,BROADCAST,0,HEARTBEAT,48,HEARTBEAT,0,0,0,0,0,0,0x1800FFC0
1777182147.770,1484650,6,3,COMMS,255,BROADCAST,0,HEARTBEAT,48,HEARTBEAT,0,0,0,0,0,0,0x1800FFC0
1777182148.800,1485680,6,3,COMMS,255,BROADCAST,0,HEARTBEAT,48,HEARTBEAT,0,0,0,0,0,0,0x1800FFC0
1777182149.838,1486717,6,3,COMMS,255,BROADCAST,0,HEARTBEAT,48,HEARTBEAT,0,0,0,0,0,0,0x1800FFC0
1777182150.871,1487751,6,3,COMMS,255,BROADCAST,0,HEARTBEAT,48,HEARTBEAT,0,0,0,0,0,0,0x1800FFC0
1777182151.895,1488775,6,3,COMMS,255,BROADCAST,0,HEARTBEAT,48,HEARTBEAT,0,0,0,0,0,0,0x1800FFC0
1777182152.967,1489814,6,3,COMMS,255,BROADCAST,0,HEARTBEAT,48,HEARTBEAT,0,0,0,0,0,0,0x1800FFC0
1777182153.947,1490827,6,3,COMMS,255,BROADCAST,0,HEARTBEAT,48,HEARTBEAT,0,0,0,0,0,0,0x1800FFC0
1777182155.010,1491885,6,3,COMMS,255,BROADCAST,0,HEARTBEAT,48,HEARTBEAT,0,0,0,0,0,0,0x1800FFC0
1777182156.039,1492918,6,3,COMMS,255,BROADCAST,0,HEARTBEAT,48,HEARTBEAT,0,0,0,0,0,0,0x1800FFC0
1777182157.062,1493921,6,3,COMMS,255,BROADCAST,0,HEARTBEAT,48,HEARTBEAT,0,0,0,0,0,0,0x1800FFC0
1777182158.105,1494985,6,3,COMMS,255,BROADCAST,0,HEARTBEAT,48,HEARTBEAT,0,0,0,0,0,0,0x1800FFC0
1777182159.139,1496018,6,3,COMMS,255,BROADCAST,0,HEARTBEAT,48,HEARTBEAT,0,0,0,0,0,0,0x1800FFC0
1777182160.172,1497051,6,3,COMMS,255,BROADCAST,0,HEARTBEAT,48,HEARTBEAT,0,0,0,0,0,0,0x1800FFC0
1777182161.205,1498085,6,3,COMMS,255,BROADCAST,0,HEARTBEAT,48,HEARTBEAT,0,0,0,0,0,0,0x1800FFC0
1777182162.225,1499105,6,3,COMMS,255,BROADCAST,0,HEARTBEAT,48,HEARTBEAT,0,0,0,0,0,0,0x1800FFC0
1777182163.228,1500108,6,3,COMMS,255,BROADCAST,0,HEARTBEAT,48,HEARTBEAT,0,0,0,0,0,0,0x1800FFC0
1777182164.330,1501185,6,3,COMMS,255,BROADCAST,0,HEARTBEAT,48,HEARTBEAT,0,0,0,0,0,0,0x1800FFC0
1777182165.359,1502202,6,3,COMMS,255,BROADCAST,0,HEARTBEAT,48,HEARTBEAT,0,0,0,0,0,0,0x1800FFC0
1777182166.339,1503218,6,3,COMMS,255,BROADCAST,0,HEARTBEAT,48,HEARTBEAT,0,0,0,0,0,0,0x1800FFC0
1777182167.405,1504272,6,3,COMMS,255,BROADCAST,0,HEARTBEAT,48,HEARTBEAT,0,0,0,0,0,0,0x1800FFC0
1777182168.444,1505318,6,3,COMMS,255,BROADCAST,0,HEARTBEAT,48,HEARTBEAT,0,0,0,0,0,0,0x1800FFC0
1777182169.472,1506352,6,3,COMMS,255,BROADCAST,0,HEARTBEAT,48,HEARTBEAT,0,0,0,0,0,0,0x1800FFC0
1777182170.506,1507385,6,3,COMMS,255,BROADCAST,0,HEARTBEAT,48,HEARTBEAT,0,0,0,0,0,0,0x1800FFC0
1777182171.539,1508418,6,3,COMMS,255,BROADCAST,0,HEARTBEAT,48,HEARTBEAT,0,0,0,0,0,0,0x1800FFC0
1777182172.547,1509427,6,3,COMMS,255,BROADCAST,0,HEARTBEAT,48,HEARTBEAT,0,0,0,0,0,0,0x1800FFC0
1777182173.607,1510485,6,3,COMMS,255,BROADCAST,0,HEARTBEAT,48,HEARTBEAT,0,0,0,0,0,0,0x1800FFC0
1777182174.618,1511509,6,3,COMMS,255,BROADCAST,0,HEARTBEAT,48,HEARTBEAT,0,0,0,0,0,0,0x1800FFC0
1777182175.700,1512541,6,3,COMMS,255,BROADCAST,0,HEARTBEAT,48,HEARTBEAT,0,0,0,0,0,0,0x1800FFC0
1777182176.725,1513585,6,3,COMMS,255,BROADCAST,0,HEARTBEAT,48,HEARTBEAT,0,0,0,0,0,0,0x1800FFC0
1777182177.744,1514592,6,3,COMMS,255,BROADCAST,0,HEARTBEAT,48,HEARTBEAT,0,0,0,0,0,0,0x1800FFC0
1777182178.724,1515603,6,3,COMMS,255,BROADCAST,0,HEARTBEAT,48,HEARTBEAT,0,0,0,0,0,0,0x1800FFC0
1777182179.739,1516619,6,3,COMMS,255,BROADCAST,0,HEARTBEAT,48,HEARTBEAT,0,0,0,0,0,0,0x1800FFC0
1777182180.821,1517698,6,3,COMMS,255,BROADCAST,0,HEARTBEAT,48,HEARTBEAT,0,0,0,0,0,0,0x1800FFC0
1777182181.874,1518752,6,3,COMMS,255,BROADCAST,0,HEARTBEAT,48,HEARTBEAT,0,0,0,0,0,0,0x1800FFC0
1777182182.893,1519772,6,3,COMMS,255,BROADCAST,0,HEARTBEAT,48,HEARTBEAT,0,0,0,0,0,0,0x1800FFC0
1777182183.929,1520819,6,3,COMMS,255,BROADCAST,0,HEARTBEAT,48,HEARTBEAT,0,0,0,0,0,0,0x1800FFC0
1777182184.973,1521853,6,3,COMMS,255,BROADCAST,0,HEARTBEAT,48,HEARTBEAT,0,0,0,0,0,0,0x1800FFC0
1777182185.990,1522869,6,3,COMMS,255,BROADCAST,0,HEARTBEAT,48,HEARTBEAT,0,0,0,0,0,0,0x1800FFC0
1777182187.065,1523920,6,3,COMMS,255,BROADCAST,0,HEARTBEAT,48,HEARTBEAT,0,0,0,0,0,0,0x1800FFC0
1777182188.080,1524953,6,3,COMMS,255,BROADCAST,0,HEARTBEAT,48,HEARTBEAT,0,0,0,0,0,0,0x1800FFC0
1777182189.113,1525963,6,3,COMMS,255,BROADCAST,0,HEARTBEAT,48,HEARTBEAT,0,0,0,0,0,0,0x1800FFC0
1777182190.140,1526982,6,3,COMMS,255,BROADCAST,0,HEARTBEAT,48,HEARTBEAT,0,0,0,0,0,0,0x1800FFC0
1777182191.175,1528053,6,3,COMMS,255,BROADCAST,0,HEARTBEAT,48,HEARTBEAT,0,0,0,0,0,0,0x1800FFC0
1777182192.207,1529087,6,3,COMMS,255,BROADCAST,0,HEARTBEAT,48,HEARTBEAT,0,0,0,0,0,0,0x1800FFC0
1777182193.243,1530120,6,3,COMMS,255,BROADCAST,0,HEARTBEAT,48,HEARTBEAT,0,0,0,0,0,0,0x1800FFC0
1777182194.274,1531154,6,3,COMMS,255,BROADCAST,0,HEARTBEAT,48,HEARTBEAT,0,0,0,0,0,0,0x1800FFC0
1777182195.309,1532187,6,3,COMMS,255,BROADCAST,0,HEARTBEAT,48,HEARTBEAT,0,0,0,0,0,0,0x1800FFC0
1777182196.335,1533214,6,3,COMMS,255,BROADCAST,0,HEARTBEAT,48,HEARTBEAT,0,0,0,0,0,0,0x1800FFC0
1777182197.352,1534232,6,3,COMMS,255,BROADCAST,0,HEARTBEAT,48,HEARTBEAT,0,0,0,0,0,0,0x1800FFC0
1777182198.436,1535287,6,3,COMMS,255,BROADCAST,0,HEARTBEAT,48,HEARTBEAT,0,0,0,0,0,0,0x1800FFC0
1777182199.455,1536301,6,3,COMMS,255,BROADCAST,0,HEARTBEAT,48,HEARTBEAT,0,0,0,0,0,0,0x1800FFC0
1777182200.476,1537354,6,3,COMMS,255,BROADCAST,0,HEARTBEAT,48,HEARTBEAT,0,0,0,0,0,0,0x1800FFC0
1777182201.508,1538381,6,3,COMMS,255,BROADCAST,0,HEARTBEAT,48,HEARTBEAT,0,0,0,0,0,0,0x1800FFC0
1777182202.544,1539422,6,3,COMMS,255,BROADCAST,0,HEARTBEAT,48,HEARTBEAT,0,0,0,0,0,0,0x1800FFC0
1777182203.577,1540455,6,3,COMMS,255,BROADCAST,0,HEARTBEAT,48,HEARTBEAT,0,0,0,0,0,0,0x1800FFC0
1777182204.610,1541488,6,3,COMMS,255,BROADCAST,0,HEARTBEAT,48,HEARTBEAT,0,0,0,0,0,0,0x1800FFC0
1777182205.643,1542522,6,3,COMMS,255,BROADCAST,0,HEARTBEAT,48,HEARTBEAT,0,0,0,0,0,0,0x1800FFC0
1777182206.651,1543530,6,3,COMMS,255,BROADCAST,0,HEARTBEAT,48,HEARTBEAT,0,0,0,0,0,0,0x1800FFC0
1777182207.710,1544589,6,3,COMMS,255,BROADCAST,0,HEARTBEAT,48,HEARTBEAT,0,0,0,0,0,0,0x1800FFC0
1777182208.777,1545622,6,3,COMMS,255,BROADCAST,0,HEARTBEAT,48,HEARTBEAT,0,0,0,0,0,0,0x1800FFC0
1777182209.745,1546623,6,3,COMMS,255,BROADCAST,0,HEARTBEAT,48,HEARTBEAT,0,0,0,0,0,0,0x1800FFC0
1777182210.822,1547689,6,3,COMMS,255,BROADCAST,0,HEARTBEAT,48,HEARTBEAT,0,0,0,0,0,0,0x1800FFC0
1777182211.847,1548714,6,3,COMMS,255,BROADCAST,0,HEARTBEAT,48,HEARTBEAT,0,0,0,0,0,0,0x1800FFC0
1777182212.876,1549756,6,3,COMMS,255,BROADCAST,0,HEARTBEAT,48,HEARTBEAT,0,0,0,0,0,0,0x1800FFC0
1777182213.895,1550771,6,3,COMMS,255,BROADCAST,0,HEARTBEAT,48,HEARTBEAT,0,0,0,0,0,0,0x1800FFC0
1777182214.943,1551823,6,3,COMMS,255,BROADCAST,0,HEARTBEAT,48,HEARTBEAT,0,0,0,0,0,0,0x1800FFC0
1777182215.948,1552828,6,3,COMMS,255,BROADCAST,0,HEARTBEAT,48,HEARTBEAT,0,0,0,0,0,0,0x1800FFC0
1777182216.970,1553832,6,3,COMMS,255,BROADCAST,0,HEARTBEAT,48,HEARTBEAT,0,0,0,0,0,0,0x1800FFC0
1777182218.031,1554910,6,3,COMMS,255,BROADCAST,0,HEARTBEAT,48,HEARTBEAT,0,0,0,0,0,0,0x1800FFC0
1777182219.077,1555956,6,3,COMMS,255,BROADCAST,0,HEARTBEAT,48,HEARTBEAT,0,0,0,0,0,0,0x1800FFC0
1777182220.145,1556990,6,3,COMMS,255,BROADCAST,0,HEARTBEAT,48,HEARTBEAT,0,0,0,0,0,0,0x1800FFC0
1777182221.160,1558021,6,3,COMMS,255,BROADCAST,0,HEARTBEAT,48,HEARTBEAT,0,0,0,0,0,0,0x1800FFC0
1777182222.179,1559057,6,3,COMMS,255,BROADCAST,0,HEARTBEAT,48,HEARTBEAT,0,0,0,0,0,0,0x1800FFC0
1777182223.214,1560090,6,3,COMMS,255,BROADCAST,0,HEARTBEAT,48,HEARTBEAT,0,0,0,0,0,0,0x1800FFC0
1777182224.234,1561112,6,3,COMMS,255,BROADCAST,0,HEARTBEAT,48,HEARTBEAT,0,0,0,0,0,0,0x1800FFC0
1777182225.278,1562157,6,3,COMMS,255,BROADCAST,0,HEARTBEAT,48,HEARTBEAT,0,0,0,0,0,0,0x1800FFC0
1777182226.282,1563160,6,3,COMMS,255,BROADCAST,0,HEARTBEAT,48,HEARTBEAT,0,0,0,0,0,0,0x1800FFC0
1777182227.345,1564224,6,3,COMMS,255,BROADCAST,0,HEARTBEAT,48,HEARTBEAT,0,0,0,0,0,0,0x1800FFC0
1777182228.365,1565243,6,3,COMMS,255,BROADCAST,0,HEARTBEAT,48,HEARTBEAT,0,0,0,0,0,0,0x1800FFC0
1777182229.412,1566291,6,3,COMMS,255,BROADCAST,0,HEARTBEAT,48,HEARTBEAT,0,0,0,0,0,0,0x1800FFC0
1777182230.446,1567324,6,3,COMMS,255,BROADCAST,0,HEARTBEAT,48,HEARTBEAT,0,0,0,0,0,0,0x1800FFC0
1777182231.506,1568358,6,3,COMMS,255,BROADCAST,0,HEARTBEAT,48,HEARTBEAT,0,0,0,0,0,0,0x1800FFC0
1777182232.536,1569391,6,3,COMMS,255,BROADCAST,0,HEARTBEAT,48,HEARTBEAT,0,0,0,0,0,0,0x1800FFC0
1777182233.557,1570425,6,3,COMMS,255,BROADCAST,0,HEARTBEAT,48,HEARTBEAT,0,0,0,0,0,0,0x1800FFC0
1777182234.579,1571444,6,3,COMMS,255,BROADCAST,0,HEARTBEAT,48,HEARTBEAT,0,0,0,0,0,0,0x1800FFC0
1777182235.611,1572454,6,3,COMMS,255,BROADCAST,0,HEARTBEAT,48,HEARTBEAT,0,0,0,0,0,0,0x1800FFC0
1777182236.647,1573525,6,3,COMMS,255,BROADCAST,0,HEARTBEAT,48,HEARTBEAT,0,0,0,0,0,0,0x1800FFC0
1777182237.671,1574550,6,3,COMMS,255,BROADCAST,0,HEARTBEAT,48,HEARTBEAT,0,0,0,0,0,0,0x1800FFC0
1777182238.680,1575550,6,3,COMMS,255,BROADCAST,0,HEARTBEAT,48,HEARTBEAT,0,0,0,0,0,0,0x1800FFC0
1777182239.731,1576609,6,3,COMMS,255,BROADCAST,0,HEARTBEAT,48,HEARTBEAT,0,0,0,0,0,0,0x1800FFC0
1777182240.781,1577658,6,3,COMMS,255,BROADCAST,0,HEARTBEAT,48,HEARTBEAT,0,0,0,0,0,0,0x1800FFC0
1777182241.843,1578693,6,3,COMMS,255,BROADCAST,0,HEARTBEAT,48,HEARTBEAT,0,0,0,0,0,0,0x1800FFC0
1777182242.875,1579727,6,3,COMMS,255,BROADCAST,0,HEARTBEAT,48,HEARTBEAT,0,0,0,0,0,0,0x1800FFC0
1777182243.897,1580753,6,3,COMMS,255,BROADCAST,0,HEARTBEAT,48,HEARTBEAT,0,0,0,0,0,0,0x1800FFC0
1777182244.918,1581793,6,3,COMMS,255,BROADCAST,0,HEARTBEAT,48,HEARTBEAT,0,0,0,0,0,0,0x1800FFC0
1777182245.962,1582827,6,3,COMMS,255,BROADCAST,0,HEARTBEAT,48,HEARTBEAT,0,0,0,0,0,0,0x1800FFC0
1777182246.977,1583847,6,3,COMMS,255,BROADCAST,0,HEARTBEAT,48,HEARTBEAT,0,0,0,0,0,0,0x1800FFC0
1777182248.015,1584894,6,3,COMMS,255,BROADCAST,0,HEARTBEAT,48,HEARTBEAT,0,0,0,0,0,0,0x1800FFC0
1777182249.047,1585924,6,3,COMMS,255,BROADCAST,0,HEARTBEAT,48,HEARTBEAT,0,0,0,0,0,0,0x1800FFC0
1777182250.070,1586947,6,3,COMMS,255,BROADCAST,0,HEARTBEAT,48,HEARTBEAT,0,0,0,0,0,0,0x1800FFC0
1777182251.115,1587994,6,3,COMMS,255,BROADCAST,0,HEARTBEAT,48,HEARTBEAT,0,0,0,0,0,0,0x1800FFC0
1777182252.150,1589028,6,3,COMMS,255,BROADCAST,0,HEARTBEAT,48,HEARTBEAT,0,0,0,0,0,0,0x1800FFC0
1777182253.171,1590050,6,3,COMMS,255,BROADCAST,0,HEARTBEAT,48,HEARTBEAT,0,0,0,0,0,0,0x1800FFC0
1777182254.240,1591095,6,3,COMMS,255,BROADCAST,0,HEARTBEAT,48,HEARTBEAT,0,0,0,0,0,0,0x1800FFC0
1777182255.227,1592105,6,3,COMMS,255,BROADCAST,0,HEARTBEAT,48,HEARTBEAT,0,0,0,0,0,0,0x1800FFC0
1777182256.294,1593162,6,3,COMMS,255,BROADCAST,0,HEARTBEAT,48,HEARTBEAT,0,0,0,0,0,0,0x1800FFC0
1777182257.317,1594196,6,3,COMMS,255,BROADCAST,0,HEARTBEAT,48,HEARTBEAT,0,0,0,0,0,0,0x1800FFC0
1777182258.352,1595229,6,3,COMMS,255,BROADCAST,0,HEARTBEAT,48,HEARTBEAT,0,0,0,0,0,0,0x1800FFC0
1777182259.385,1596263,6,3,COMMS,255,BROADCAST,0,HEARTBEAT,48,HEARTBEAT,0,0,0,0,0,0,0x1800FFC0
1777182260.406,1597285,6,3,COMMS,255,BROADCAST,0,HEARTBEAT,48,HEARTBEAT,0,0,0,0,0,0,0x1800FFC0
1777182261.452,1598330,6,3,COMMS,255,BROADCAST,0,HEARTBEAT,48,HEARTBEAT,0,0,0,0,0,0,0x1800FFC0
1777182262.460,1599339,6,3,COMMS,255,BROADCAST,0,HEARTBEAT,48,HEARTBEAT,0,0,0,0,0,0,0x1800FFC0
1777182263.503,1600382,6,3,COMMS,255,BROADCAST,0,HEARTBEAT,48,HEARTBEAT,0,0,0,0,0,0,0x1800FFC0
1777182264.504,1601382,6,3,COMMS,255,BROADCAST,0,HEARTBEAT,48,HEARTBEAT,0,0,0,0,0,0,0x1800FFC0
1777182265.611,1602464,6,3,COMMS,255,BROADCAST,0,HEARTBEAT,48,HEARTBEAT,0,0,0,0,0,0,0x1800FFC0
1777182266.633,1603476,6,3,COMMS,255,BROADCAST,0,HEARTBEAT,48,HEARTBEAT,0,0,0,0,0,0,0x1800FFC0
1777182267.665,1604531,6,3,COMMS,255,BROADCAST,0,HEARTBEAT,48,HEARTBEAT,0,0,0,0,0,0,0x1800FFC0
1777182268.686,1605564,6,3,COMMS,255,BROADCAST,0,HEARTBEAT,48,HEARTBEAT,0,0,0,0,0,0,0x1800FFC0
1777182269.708,1606567,6,3,COMMS,255,BROADCAST,0,HEARTBEAT,48,HEARTBEAT,0,0,0,0,0,0,0x1800FFC0
1777182270.721,1607593,6,3,COMMS,255,BROADCAST,0,HEARTBEAT,48,HEARTBEAT,0,0,0,0,0,0,0x1800FFC0
1777182271.787,1608665,6,3,COMMS,255,BROADCAST,0,HEARTBEAT,48,HEARTBEAT,0,0,0,0,0,0,0x1800FFC0
1777182272.820,1609698,6,3,COMMS,255,BROADCAST,0,HEARTBEAT,48,HEARTBEAT,0,0,0,0,0,0,0x1800FFC0
1777182273.854,1610732,6,3,COMMS,255,BROADCAST,0,HEARTBEAT,48,HEARTBEAT,0,0,0,0,0,0,0x1800FFC0
1777182274.887,1611765,6,3,COMMS,255,BROADCAST,0,HEARTBEAT,48,HEARTBEAT,0,0,0,0,0,0,0x1800FFC0
1777182275.953,1612799,6,3,COMMS,255,BROADCAST,0,HEARTBEAT,48,HEARTBEAT,0,0,0,0,0,0,0x1800FFC0
1777182276.934,1613812,6,3,COMMS,255,BROADCAST,0,HEARTBEAT,48,HEARTBEAT,0,0,0,0,0,0,0x1800FFC0
1777182277.946,1614824,6,3,COMMS,255,BROADCAST,0,HEARTBEAT,48,HEARTBEAT,0,0,0,0,0,0,0x1800FFC0
1777182279.022,1615899,6,3,COMMS,255,BROADCAST,0,HEARTBEAT,48,HEARTBEAT,0,0,0,0,0,0,0x1800FFC0
1777182280.049,1616916,6,3,COMMS,255,BROADCAST,0,HEARTBEAT,48,HEARTBEAT,0,0,0,0,0,0,0x1800FFC0
1777182281.088,1617966,6,3,COMMS,255,BROADCAST,0,HEARTBEAT,48,HEARTBEAT,0,0,0,0,0,0,0x1800FFC0
1777182282.125,1618999,6,3,COMMS,255,BROADCAST,0,HEARTBEAT,48,HEARTBEAT,0,0,0,0,0,0,0x1800FFC0
1777182283.129,1620007,6,3,COMMS,255,BROADCAST,0,HEARTBEAT,48,HEARTBEAT,0,0,0,0,0,0,0x1800FFC0
1777182284.188,1621066,6,3,COMMS,255,BROADCAST,0,HEARTBEAT,48,HEARTBEAT,0,0,0,0,0,0,0x1800FFC0
1777182285.221,1622099,6,3,COMMS,255,BROADCAST,0,HEARTBEAT,48,HEARTBEAT,0,0,0,0,0,0,0x1800FFC0
1777182286.250,1623128,6,3,COMMS,255,BROADCAST,0,HEARTBEAT,48,HEARTBEAT,0,0,0,0,0,0,0x1800FFC0
1777182287.319,1624167,6,3,COMMS,255,BROADCAST,0,HEARTBEAT,48,HEARTBEAT,0,0,0,0,0,0,0x1800FFC0
1777182288.346,1625200,6,3,COMMS,255,BROADCAST,0,HEARTBEAT,48,HEARTBEAT,0,0,0,0,0,0,0x1800FFC0
1777182289.368,1626234,6,3,COMMS,255,BROADCAST,0,HEARTBEAT,48,HEARTBEAT,0,0,0,0,0,0,0x1800FFC0
1777182290.393,1627263,6,3,COMMS,255,BROADCAST,0,HEARTBEAT,48,HEARTBEAT,0,0,0,0,0,0,0x1800FFC0
1777182291.427,1628301,6,3,COMMS,255,BROADCAST,0,HEARTBEAT,48,HEARTBEAT,0,0,0,0,0,0,0x1800FFC0
1777182292.430,1629307,6,3,COMMS,255,BROADCAST,0,HEARTBEAT,48,HEARTBEAT,0,0,0,0,0,0,0x1800FFC0
1777182293.490,1630368,6,3,COMMS,255,BROADCAST,0,HEARTBEAT,48,HEARTBEAT,0,0,0,0,0,0,0x1800FFC0
1777182294.525,1631401,6,3,COMMS,255,BROADCAST,0,HEARTBEAT,48,HEARTBEAT,0,0,0,0,0,0,0x1800FFC0
1777182295.557,1632435,6,3,COMMS,255,BROADCAST,0,HEARTBEAT,48,HEARTBEAT,0,0,0,0,0,0,0x1800FFC0
1777182296.591,1633468,6,3,COMMS,255,BROADCAST,0,HEARTBEAT,48,HEARTBEAT,0,0,0,0,0,0,0x1800FFC0
1777182297.616,1634495,6,3,COMMS,255,BROADCAST,0,HEARTBEAT,48,HEARTBEAT,0,0,0,0,0,0,0x1800FFC0
1777182298.641,1635519,6,3,COMMS,255,BROADCAST,0,HEARTBEAT,48,HEARTBEAT,0,0,0,0,0,0,0x1800FFC0
1777182299.653,1636531,6,3,COMMS,255,BROADCAST,0,HEARTBEAT,48,HEARTBEAT,0,0,0,0,0,0,0x1800FFC0
1777182300.735,1637603,6,3,COMMS,255,BROADCAST,0,HEARTBEAT,48,HEARTBEAT,0,0,0,0,0,0,0x1800FFC0
1777182301.758,1638626,6,3,COMMS,255,BROADCAST,0,HEARTBEAT,48,HEARTBEAT,0,0,0,0,0,0,0x1800FFC0
1777182302.793,1639670,6,3,COMMS,255,BROADCAST,0,HEARTBEAT,48,HEARTBEAT,0,0,0,0,0,0,0x1800FFC0
1777182303.826,1640703,6,3,COMMS,255,BROADCAST,0,HEARTBEAT,48,HEARTBEAT,0,0,0,0,0,0,0x1800FFC0
1777182304.844,1641721,6,3,COMMS,255,BROADCAST,0,HEARTBEAT,48,HEARTBEAT,0,0,0,0,0,0,0x1800FFC0
1777182305.853,1642725,6,3,COMMS,255,BROADCAST,0,HEARTBEAT,48,HEARTBEAT,0,0,0,0,0,0,0x1800FFC0
1777182306.926,1643804,6,3,COMMS,255,BROADCAST,0,HEARTBEAT,48,HEARTBEAT,0,0,0,0,0,0,0x1800FFC0
1777182307.933,1644821,6,3,COMMS,255,BROADCAST,0,HEARTBEAT,48,HEARTBEAT,0,0,0,0,0,0,0x1800FFC0
1777182309.030,1645869,6,3,COMMS,255,BROADCAST,0,HEARTBEAT,48,HEARTBEAT,0,0,0,0,0,0,0x1800FFC0
1777182310.049,1646904,6,3,COMMS,255,BROADCAST,0,HEARTBEAT,48,HEARTBEAT,0,0,0,0,0,0,0x1800FFC0
1777182311.030,1647907,6,3,COMMS,255,BROADCAST,0,HEARTBEAT,48,HEARTBEAT,0,0,0,0,0,0,0x1800FFC0
1777182312.103,1648949,6,3,COMMS,255,BROADCAST,0,HEARTBEAT,48,HEARTBEAT,0,0,0,0,0,0,0x1800FFC0
1777182313.127,1650005,6,3,COMMS,255,BROADCAST,0,HEARTBEAT,48,HEARTBEAT,0,0,0,0,0,0,0x1800FFC0
1777182314.155,1651032,6,3,COMMS,255,BROADCAST,0,HEARTBEAT,48,HEARTBEAT,0,0,0,0,0,0,0x1800FFC0
1777182315.194,1652071,6,3,COMMS,255,BROADCAST,0,HEARTBEAT,48,HEARTBEAT,0,0,0,0,0,0,0x1800FFC0
1777182316.229,1653105,6,3,COMMS,255,BROADCAST,0,HEARTBEAT,48,HEARTBEAT,0,0,0,0,0,0,0x1800FFC0
1777182317.227,1654105,6,3,COMMS,255,BROADCAST,0,HEARTBEAT,48,HEARTBEAT,0,0,0,0,0,0,0x1800FFC0
1777182318.295,1655172,6,3,COMMS,255,BROADCAST,0,HEARTBEAT,48,HEARTBEAT,0,0,0,0,0,0,0x1800FFC0
1777182319.309,1656187,6,3,COMMS,255,BROADCAST,0,HEARTBEAT,48,HEARTBEAT,0,0,0,0,0,0,0x1800FFC0
1777182320.397,1657234,6,3,COMMS,255,BROADCAST,0,HEARTBEAT,48,HEARTBEAT,0,0,0,0,0,0,0x1800FFC0
1777182321.412,1658273,6,3,COMMS,255,BROADCAST,0,HEARTBEAT,48,HEARTBEAT,0,0,0,0,0,0,0x1800FFC0
1777182322.443,1659306,6,3,COMMS,255,BROADCAST,0,HEARTBEAT,48,HEARTBEAT,0,0,0,0,0,0,0x1800FFC0
1777182323.463,1660340,6,3,COMMS,255,BROADCAST,0,HEARTBEAT,48,HEARTBEAT,0,0,0,0,0,0,0x1800FFC0
1777182324.496,1661373,6,3,COMMS,255,BROADCAST,0,HEARTBEAT,48,HEARTBEAT,0,0,0,0,0,0,0x1800FFC0
1777182325.511,1662380,6,3,COMMS,255,BROADCAST,0,HEARTBEAT,48,HEARTBEAT,0,0,0,0,0,0,0x1800FFC0
1777182326.530,1663381,6,3,COMMS,255,BROADCAST,0,HEARTBEAT,48,HEARTBEAT,0,0,0,0,0,0,0x1800FFC0
1777182327.596,1664473,6,3,COMMS,255,BROADCAST,0,HEARTBEAT,48,HEARTBEAT,0,0,0,0,0,0,0x1800FFC0
1777182328.602,1665475,6,3,COMMS,255,BROADCAST,0,HEARTBEAT,48,HEARTBEAT,0,0,0,0,0,0,0x1800FFC0
1777182329.663,1666540,6,3,COMMS,255,BROADCAST,0,HEARTBEAT,48,HEARTBEAT,0,0,0,0,0,0,0x1800FFC0
1777182330.695,1667571,6,3,COMMS,255,BROADCAST,0,HEARTBEAT,48,HEARTBEAT,0,0,0,0,0,0,0x1800FFC0
1777182331.761,1668607,6,3,COMMS,255,BROADCAST,0,HEARTBEAT,48,HEARTBEAT,0,0,0,0,0,0,0x1800FFC0
1777182332.784,1669633,6,3,COMMS,255,BROADCAST,0,HEARTBEAT,48,HEARTBEAT,0,0,0,0,0,0,0x1800FFC0
1777182333.801,1670674,6,3,COMMS,255,BROADCAST,0,HEARTBEAT,48,HEARTBEAT,0,0,0,0,0,0,0x1800FFC0
1777182334.834,1671696,6,3,COMMS,255,BROADCAST,0,HEARTBEAT,48,HEARTBEAT,0,0,0,0,0,0,0x1800FFC0
1777182335.860,1672732,6,3,COMMS,255,BROADCAST,0,HEARTBEAT,48,HEARTBEAT,0,0,0,0,0,0,0x1800FFC0
1777182336.897,1673775,6,3,COMMS,255,BROADCAST,0,HEARTBEAT,48,HEARTBEAT,0,0,0,0,0,0,0x1800FFC0
1777182337.931,1674808,6,3,COMMS,255,BROADCAST,0,HEARTBEAT,48,HEARTBEAT,0,0,0,0,0,0,0x1800FFC0
1777182338.965,1675842,6,3,COMMS,255,BROADCAST,0,HEARTBEAT,48,HEARTBEAT,0,0,0,0,0,0,0x1800FFC0
1777182339.998,1676875,6,3,COMMS,255,BROADCAST,0,HEARTBEAT,48,HEARTBEAT,0,0,0,0,0,0,0x1800FFC0
1777182341.010,1677888,6,3,COMMS,255,BROADCAST,0,HEARTBEAT,48,HEARTBEAT,0,0,0,0,0,0,0x1800FFC0
1777182342.108,1678942,6,3,COMMS,255,BROADCAST,0,HEARTBEAT,48,HEARTBEAT,0,0,0,0,0,0,0x1800FFC0
1777182343.125,1679976,6,3,COMMS,255,BROADCAST,0,HEARTBEAT,48,HEARTBEAT,0,0,0,0,0,0,0x1800FFC0
1777182344.142,1680993,6,3,COMMS,255,BROADCAST,0,HEARTBEAT,48,HEARTBEAT,0,0,0,0,0,0,0x1800FFC0
1777182345.176,1682043,6,3,COMMS,255,BROADCAST,0,HEARTBEAT,48,HEARTBEAT,0,0,0,0,0,0,0x1800FFC0
1777182346.200,1683077,6,3,COMMS,255,BROADCAST,0,HEARTBEAT,48,HEARTBEAT,0,0,0,0,0,0,0x1800FFC0
1777182347.226,1684086,6,3,COMMS,255,BROADCAST,0,HEARTBEAT,48,HEARTBEAT,0,0,0,0,0,0,0x1800FFC0
1777182348.267,1685144,6,3,COMMS,255,BROADCAST,0,HEARTBEAT,48,HEARTBEAT,0,0,0,0,0,0,0x1800FFC0
1777182349.284,1686160,6,3,COMMS,255,BROADCAST,0,HEARTBEAT,48,HEARTBEAT,0,0,0,0,0,0,0x1800FFC0
1777182350.333,1687211,6,3,COMMS,255,BROADCAST,0,HEARTBEAT,48,HEARTBEAT,0,0,0,0,0,0,0x1800FFC0
1777182351.367,1688244,6,3,COMMS,255,BROADCAST,0,HEARTBEAT,48,HEARTBEAT,0,0,0,0,0,0,0x1800FFC0
1777182352.376,1689253,6,3,COMMS,255,BROADCAST,0,HEARTBEAT,48,HEARTBEAT,0,0,0,0,0,0,0x1800FFC0
1777182353.470,1690311,6,3,COMMS,255,BROADCAST,0,HEARTBEAT,48,HEARTBEAT,0,0,0,0,0,0,0x1800FFC0
1777182354.487,1691345,6,3,COMMS,255,BROADCAST,0,HEARTBEAT,48,HEARTBEAT,0,0,0,0,0,0,0x1800FFC0
1777182355.466,1692345,6,3,COMMS,255,BROADCAST,0,HEARTBEAT,48,HEARTBEAT,0,0,0,0,0,0,0x1800FFC0
1777182356.467,1693345,6,3,COMMS,255,BROADCAST,0,HEARTBEAT,48,HEARTBEAT,0,0,0,0,0,0,0x1800FFC0
1777182357.570,1694412,6,3,COMMS,255,BROADCAST,0,HEARTBEAT,48,HEARTBEAT,0,0,0,0,0,0,0x1800FFC0
1777182358.602,1695479,6,3,COMMS,255,BROADCAST,0,HEARTBEAT,48,HEARTBEAT,0,0,0,0,0,0,0x1800FFC0
1777182359.635,1696512,6,3,COMMS,255,BROADCAST,0,HEARTBEAT,48,HEARTBEAT,0,0,0,0,0,0,0x1800FFC0
1777182360.657,1697534,6,3,COMMS,255,BROADCAST,0,HEARTBEAT,48,HEARTBEAT,0,0,0,0,0,0,0x1800FFC0
1777182361.702,1698579,6,3,COMMS,255,BROADCAST,0,HEARTBEAT,48,HEARTBEAT,0,0,0,0,0,0,0x1800FFC0
1777182362.735,1699613,6,3,COMMS,255,BROADCAST,0,HEARTBEAT,48,HEARTBEAT,0,0,0,0,0,0,0x1800FFC0
1777182363.748,1700625,6,3,COMMS,255,BROADCAST,0,HEARTBEAT,48,HEARTBEAT,0,0,0,0,0,0,0x1800FFC0
1777182364.838,1701680,6,3,COMMS,255,BROADCAST,0,HEARTBEAT,48,HEARTBEAT,0,0,0,0,0,0,0x1800FFC0
1777182365.805,1702682,6,3,COMMS,255,BROADCAST,0,HEARTBEAT,48,HEARTBEAT,0,0,0,0,0,0,0x1800FFC0
1777182366.838,1703715,6,3,COMMS,255,BROADCAST,0,HEARTBEAT,48,HEARTBEAT,0,0,0,0,0,0,0x1800FFC0
1777182367.906,1704780,6,3,COMMS,255,BROADCAST,0,HEARTBEAT,48,HEARTBEAT,0,0,0,0,0,0,0x1800FFC0
1777182368.936,1705807,6,3,COMMS,255,BROADCAST,0,HEARTBEAT,48,HEARTBEAT,0,0,0,0,0,0,0x1800FFC0
1777182369.971,1706847,6,3,COMMS,255,BROADCAST,0,HEARTBEAT,48,HEARTBEAT,0,0,0,0,0,0,0x1800FFC0
1777182370.997,1707873,6,3,COMMS,255,BROADCAST,0,HEARTBEAT,48,HEARTBEAT,0,0,0,0,0,0,0x1800FFC0
1777182372.038,1708915,6,3,COMMS,255,BROADCAST,0,HEARTBEAT,48,HEARTBEAT,0,0,0,0,0,0,0x1800FFC0
1777182373.072,1709948,6,3,COMMS,255,BROADCAST,0,HEARTBEAT,48,HEARTBEAT,0,0,0,0,0,0,0x1800FFC0
1777182374.072,1710949,6,3,COMMS,255,BROADCAST,0,HEARTBEAT,48,HEARTBEAT,0,0,0,0,0,0,0x1800FFC0
1777182375.138,1712015,6,3,COMMS,255,BROADCAST,0,HEARTBEAT,48,HEARTBEAT,0,0,0,0,0,0,0x1800FFC0
1777182376.150,1713031,6,3,COMMS,255,BROADCAST,0,HEARTBEAT,48,HEARTBEAT,0,0,0,0,0,0,0x1800FFC0
1777182377.230,1714083,6,3,COMMS,255,BROADCAST,0,HEARTBEAT,48,HEARTBEAT,0,0,0,0,0,0,0x1800FFC0
1777182378.212,1715089,6,3,COMMS,255,BROADCAST,0,HEARTBEAT,48,HEARTBEAT,0,0,0,0,0,0,0x1800FFC0
1777182379.278,1716150,6,3,COMMS,255,BROADCAST,0,HEARTBEAT,48,HEARTBEAT,0,0,0,0,0,0,0x1800FFC0
1777182380.306,1717183,6,3,COMMS,255,BROADCAST,0,HEARTBEAT,48,HEARTBEAT,0,0,0,0,0,0,0x1800FFC0
1777182381.316,1718183,6,3,COMMS,255,BROADCAST,0,HEARTBEAT,48,HEARTBEAT,0,0,0,0,0,0,0x1800FFC0
1777182382.351,1719199,6,3,COMMS,255,BROADCAST,0,HEARTBEAT,48,HEARTBEAT,0,0,0,0,0,0,0x1800FFC0
1777182383.388,1720265,6,3,COMMS,255,BROADCAST,0,HEARTBEAT,48,HEARTBEAT,0,0,0,0,0,0,0x1800FFC0
1777182384.412,1721288,6,3,COMMS,255,BROADCAST,0,HEARTBEAT,48,HEARTBEAT,0,0,0,0,0,0,0x1800FFC0
1777182385.474,1722351,6,3,COMMS,255,BROADCAST,0,HEARTBEAT,48,HEARTBEAT,0,0,0,0,0,0,0x1800FFC0
1777182386.478,1723353,6,3,COMMS,255,BROADCAST,0,HEARTBEAT,48,HEARTBEAT,0,0,0,0,0,0,0x1800FFC0
1777182387.573,1724418,6,3,COMMS,255,BROADCAST,0,HEARTBEAT,48,HEARTBEAT,0,0,0,0,0,0,0x1800FFC0
1777182388.595,1725436,6,3,COMMS,255,BROADCAST,0,HEARTBEAT,48,HEARTBEAT,0,0,0,0,0,0,0x1800FFC0
1777182389.620,1726485,6,3,COMMS,255,BROADCAST,0,HEARTBEAT,48,HEARTBEAT,0,0,0,0,0,0,0x1800FFC0
1777182390.646,1727519,6,3,COMMS,255,BROADCAST,0,HEARTBEAT,48,HEARTBEAT,0,0,0,0,0,0,0x1800FFC0
1777182391.667,1728528,6,3,COMMS,255,BROADCAST,0,HEARTBEAT,48,HEARTBEAT,0,0,0,0,0,0,0x1800FFC0
1777182392.709,1729585,6,3,COMMS,255,BROADCAST,0,HEARTBEAT,48,HEARTBEAT,0,0,0,0,0,0,0x1800FFC0
1777182393.744,1730619,6,3,COMMS,255,BROADCAST,0,HEARTBEAT,48,HEARTBEAT,0,0,0,0,0,0,0x1800FFC0
1777182394.776,1731653,6,3,COMMS,255,BROADCAST,0,HEARTBEAT,48,HEARTBEAT,0,0,0,0,0,0,0x1800FFC0
1777182395.779,1732656,6,3,COMMS,255,BROADCAST,0,HEARTBEAT,48,HEARTBEAT,0,0,0,0,0,0,0x1800FFC0
1777182396.843,1733720,6,3,COMMS,255,BROADCAST,0,HEARTBEAT,48,HEARTBEAT,0,0,0,0,0,0,0x1800FFC0
1777182397.864,1734738,6,3,COMMS,255,BROADCAST,0,HEARTBEAT,48,HEARTBEAT,0,0,0,0,0,0,0x1800FFC0
1777182398.940,1735787,6,3,COMMS,255,BROADCAST,0,HEARTBEAT,48,HEARTBEAT,0,0,0,0,0,0,0x1800FFC0
1777182399.958,1736820,6,3,COMMS,255,BROADCAST,0,HEARTBEAT,48,HEARTBEAT,0,0,0,0,0,0,0x1800FFC0
1777182400.978,1737854,6,3,COMMS,255,BROADCAST,0,HEARTBEAT,48,HEARTBEAT,0,0,0,0,0,0,0x1800FFC0
1777182402.011,1738887,6,3,COMMS,255,BROADCAST,0,HEARTBEAT,48,HEARTBEAT,0,0,0,0,0,0,0x1800FFC0
1777182403.037,1739893,6,3,COMMS,255,BROADCAST,0,HEARTBEAT,48,HEARTBEAT,0,0,0,0,0,0,0x1800FFC0
1777182404.078,1740954,6,3,COMMS,255,BROADCAST,0,HEARTBEAT,48,HEARTBEAT,0,0,0,0,0,0,0x1800FFC0
1777182405.100,1741976,6,3,COMMS,255,BROADCAST,0,HEARTBEAT,48,HEARTBEAT,0,0,0,0,0,0,0x1800FFC0
1777182406.143,1743019,6,3,COMMS,255,BROADCAST,0,HEARTBEAT,48,HEARTBEAT,0,0,0,0,0,0,0x1800FFC0
1777182407.181,1744054,6,3,COMMS,255,BROADCAST,0,HEARTBEAT,48,HEARTBEAT,0,0,0,0,0,0,0x1800FFC0
1777182408.197,1745071,6,3,COMMS,255,BROADCAST,0,HEARTBEAT,48,HEARTBEAT,0,0,0,0,0,0,0x1800FFC0
1777182409.283,1746122,6,3,COMMS,255,BROADCAST,0,HEARTBEAT,48,HEARTBEAT,0,0,0,0,0,0,0x1800FFC0
1777182410.296,1747153,6,3,COMMS,255,BROADCAST,0,HEARTBEAT,48,HEARTBEAT,0,0,0,0,0,0,0x1800FFC0
1777182411.329,1748190,6,3,COMMS,255,BROADCAST,0,HEARTBEAT,48,HEARTBEAT,0,0,0,0,0,0,0x1800FFC0
1777182412.350,1749223,6,3,COMMS,255,BROADCAST,0,HEARTBEAT,48,HEARTBEAT,0,0,0,0,0,0,0x1800FFC0
1777182413.379,1750226,6,3,COMMS,255,BROADCAST,0,HEARTBEAT,48,HEARTBEAT,0,0,0,0,0,0,0x1800FFC0
1777182414.416,1751290,6,3,COMMS,255,BROADCAST,0,HEARTBEAT,48,HEARTBEAT,0,0,0,0,0,0,0x1800FFC0
1777182415.418,1752292,6,3,COMMS,255,BROADCAST,0,HEARTBEAT,48,HEARTBEAT,0,0,0,0,0,0,0x1800FFC0
1777182416.464,1753340,6,3,COMMS,255,BROADCAST,0,HEARTBEAT,48,HEARTBEAT,0,0,0,0,0,0,0x1800FFC0
1777182417.515,1754391,6,3,COMMS,255,BROADCAST,0,HEARTBEAT,48,HEARTBEAT,0,0,0,0,0,0,0x1800FFC0
1777182418.549,1755425,6,3,COMMS,255,BROADCAST,0,HEARTBEAT,48,HEARTBEAT,0,0,0,0,0,0,0x1800FFC0
1777182419.553,1756429,6,3,COMMS,255,BROADCAST,0,HEARTBEAT,48,HEARTBEAT,0,0,0,0,0,0,0x1800FFC0
1777182420.559,1757435,6,3,COMMS,255,BROADCAST,0,HEARTBEAT,48,HEARTBEAT,0,0,0,0,0,0,0x1800FFC0
1777182421.624,1758500,6,3,COMMS,255,BROADCAST,0,HEARTBEAT,48,HEARTBEAT,0,0,0,0,0,0,0x1800FFC0
1777182422.641,1759518,6,3,COMMS,255,BROADCAST,0,HEARTBEAT,48,HEARTBEAT,0,0,0,0,0,0,0x1800FFC0
1777182423.721,1760592,6,3,COMMS,255,BROADCAST,0,HEARTBEAT,48,HEARTBEAT,0,0,0,0,0,0,0x1800FFC0
1777182424.744,1761601,6,3,COMMS,255,BROADCAST,0,HEARTBEAT,48,HEARTBEAT,0,0,0,0,0,0,0x1800FFC0
1777182425.783,1762659,6,3,COMMS,255,BROADCAST,0,HEARTBEAT,48,HEARTBEAT,0,0,0,0,0,0,0x1800FFC0
1777182426.806,1763683,6,3,COMMS,255,BROADCAST,0,HEARTBEAT,48,HEARTBEAT,0,0,0,0,0,0,0x1800FFC0
1777182427.850,1764726,6,3,COMMS,255,BROADCAST,0,HEARTBEAT,48,HEARTBEAT,0,0,0,0,0,0,0x1800FFC0
1777182428.884,1765760,6,3,COMMS,255,BROADCAST,0,HEARTBEAT,48,HEARTBEAT,0,0,0,0,0,0,0x1800FFC0
1777182429.918,1766793,6,3,COMMS,255,BROADCAST,0,HEARTBEAT,48,HEARTBEAT,0,0,0,0,0,0,0x1800FFC0
1777182430.951,1767827,6,3,COMMS,255,BROADCAST,0,HEARTBEAT,48,HEARTBEAT,0,0,0,0,0,0,0x1800FFC0
1777182431.959,1768835,6,3,COMMS,255,BROADCAST,0,HEARTBEAT,48,HEARTBEAT,0,0,0,0,0,0,0x1800FFC0
1777182432.969,1769845,6,3,COMMS,255,BROADCAST,0,HEARTBEAT,48,HEARTBEAT,0,0,0,0,0,0,0x1800FFC0
1777182434.054,1770927,6,3,COMMS,255,BROADCAST,0,HEARTBEAT,48,HEARTBEAT,0,0,0,0,0,0,0x1800FFC0
1777182435.085,1771927,6,3,COMMS,255,BROADCAST,0,HEARTBEAT,48,HEARTBEAT,0,0,0,0,0,0,0x1800FFC0
1777182436.067,1772943,6,3,COMMS,255,BROADCAST,0,HEARTBEAT,48,HEARTBEAT,0,0,0,0,0,0,0x1800FFC0
1777182437.153,1774028,6,3,COMMS,255,BROADCAST,0,HEARTBEAT,48,HEARTBEAT,0,0,0,0,0,0,0x1800FFC0
1777182438.164,1775039,6,3,COMMS,255,BROADCAST,0,HEARTBEAT,48,HEARTBEAT,0,0,0,0,0,0,0x1800FFC0
1777182439.219,1776096,6,3,COMMS,255,BROADCAST,0,HEARTBEAT,48,HEARTBEAT,0,0,0,0,0,0,0x1800FFC0
1777182440.230,1777106,6,3,COMMS,255,BROADCAST,0,HEARTBEAT,48,HEARTBEAT,0,0,0,0,0,0,0x1800FFC0
1777182441.256,1778133,6,3,COMMS,255,BROADCAST,0,HEARTBEAT,48,HEARTBEAT,0,0,0,0,0,0,0x1800FFC0
1777182442.359,1779196,6,3,COMMS,255,BROADCAST,0,HEARTBEAT,48,HEARTBEAT,0,0,0,0,0,0,0x1800FFC0
1777182443.382,1780227,6,3,COMMS,255,BROADCAST,0,HEARTBEAT,48,HEARTBEAT,0,0,0,0,0,0,0x1800FFC0
1777182444.356,1781231,6,3,COMMS,255,BROADCAST,0,HEARTBEAT,48,HEARTBEAT,0,0,0,0,0,0,0x1800FFC0
1777182445.360,1782237,6,3,COMMS,255,BROADCAST,0,HEARTBEAT,48,HEARTBEAT,0,0,0,0,0,0,0x1800FFC0
1777182446.455,1783331,6,3,COMMS,255,BROADCAST,0,HEARTBEAT,48,HEARTBEAT,0,0,0,0,0,0,0x1800FFC0
1777182447.480,1784331,6,3,COMMS,255,BROADCAST,0,HEARTBEAT,48,HEARTBEAT,0,0,0,0,0,0,0x1800FFC0
1777182448.522,1785398,6,3,COMMS,255,BROADCAST,0,HEARTBEAT,48,HEARTBEAT,0,0,0,0,0,0,0x1800FFC0
1777182449.539,1786423,6,3,COMMS,255,BROADCAST,0,HEARTBEAT,48,HEARTBEAT,0,0,0,0,0,0,0x1800FFC0
1777182450.590,1787465,6,3,COMMS,255,BROADCAST,0,HEARTBEAT,48,HEARTBEAT,0,0,0,0,0,0,0x1800FFC0
1777182451.623,1788499,6,3,COMMS,255,BROADCAST,0,HEARTBEAT,48,HEARTBEAT,0,0,0,0,0,0,0x1800FFC0
1777182452.641,1789517,6,3,COMMS,255,BROADCAST,0,HEARTBEAT,48,HEARTBEAT,0,0,0,0,0,0,0x1800FFC0
1777182453.664,1790541,6,3,COMMS,255,BROADCAST,0,HEARTBEAT,48,HEARTBEAT,0,0,0,0,0,0,0x1800FFC0
1777182454.743,1791600,6,3,COMMS,255,BROADCAST,0,HEARTBEAT,48,HEARTBEAT,0,0,0,0,0,0,0x1800FFC0
1777182455.760,1792624,6,3,COMMS,255,BROADCAST,0,HEARTBEAT,48,HEARTBEAT,0,0,0,0,0,0,0x1800FFC0
1777182456.751,1793627,6,3,COMMS,255,BROADCAST,0,HEARTBEAT,48,HEARTBEAT,0,0,0,0,0,0,0x1800FFC0
1777182457.827,1794700,6,3,COMMS,255,BROADCAST,0,HEARTBEAT,48,HEARTBEAT,0,0,0,0,0,0,0x1800FFC0
1777182458.841,1795710,6,3,COMMS,255,BROADCAST,0,HEARTBEAT,48,HEARTBEAT,0,0,0,0,0,0,0x1800FFC0
1777182459.892,1796767,6,3,COMMS,255,BROADCAST,0,HEARTBEAT,48,HEARTBEAT,0,0,0,0,0,0,0x1800FFC0
1777182460.908,1797791,6,3,COMMS,255,BROADCAST,0,HEARTBEAT,48,HEARTBEAT,0,0,0,0,0,0,0x1800FFC0
1777182461.960,1798834,6,3,COMMS,255,BROADCAST,0,HEARTBEAT,48,HEARTBEAT,0,0,0,0,0,0,0x1800FFC0
1777182462.992,1799868,6,3,COMMS,255,BROADCAST,0,HEARTBEAT,48,HEARTBEAT,0,0,0,0,0,0,0x1800FFC0
1777182463.998,1800873,6,3,COMMS,255,BROADCAST,0,HEARTBEAT,48,HEARTBEAT,0,0,0,0,0,0,0x1800FFC0
1777182465.083,1801935,6,3,COMMS,255,BROADCAST,0,HEARTBEAT,48,HEARTBEAT,0,0,0,0,0,0,0x1800FFC0
1777182466.117,1802968,6,3,COMMS,255,BROADCAST,0,HEARTBEAT,48,HEARTBEAT,0,0,0,0,0,0,0x1800FFC0
1777182467.138,1804002,6,3,COMMS,255,BROADCAST,0,HEARTBEAT,48,HEARTBEAT,0,0,0,0,0,0,0x1800FFC0
1777182468.166,1805013,6,3,COMMS,255,BROADCAST,0,HEARTBEAT,48,HEARTBEAT,0,0,0,0,0,0,0x1800FFC0
1777182469.193,1806069,6,3,COMMS,255,BROADCAST,0,HEARTBEAT,48,HEARTBEAT,0,0,0,0,0,0,0x1800FFC0
1777182470.221,1807096,6,3,COMMS,255,BROADCAST,0,HEARTBEAT,48,HEARTBEAT,0,0,0,0,0,0,0x1800FFC0
1777182471.260,1808136,6,3,COMMS,255,BROADCAST,0,HEARTBEAT,48,HEARTBEAT,0,0,0,0,0,0,0x1800FFC0
1777182472.268,1809143,6,3,COMMS,255,BROADCAST,0,HEARTBEAT,48,HEARTBEAT,0,0,0,0,0,0,0x1800FFC0
1777182473.296,1810171,6,3,COMMS,255,BROADCAST,0,HEARTBEAT,48,HEARTBEAT,0,0,0,0,0,0,0x1800FFC0
1777182474.361,1811237,6,3,COMMS,255,BROADCAST,0,HEARTBEAT,48,HEARTBEAT,0,0,0,0,0,0,0x1800FFC0
1777182475.391,1812267,6,3,COMMS,255,BROADCAST,0,HEARTBEAT,48,HEARTBEAT,0,0,0,0,0,0,0x1800FFC0
1777182476.450,1813304,6,3,COMMS,255,BROADCAST,0,HEARTBEAT,48,HEARTBEAT,0,0,0,0,0,0,0x1800FFC0
1777182477.470,1814319,6,3,COMMS,255,BROADCAST,0,HEARTBEAT,48,HEARTBEAT,0,0,0,0,0,0,0x1800FFC0
1777182478.504,1815360,6,3,COMMS,255,BROADCAST,0,HEARTBEAT,48,HEARTBEAT,0,0,0,0,0,0,0x1800FFC0
1777182479.530,1816404,6,3,COMMS,255,BROADCAST,0,HEARTBEAT,48,HEARTBEAT,0,0,0,0,0,0,0x1800FFC0
1777182480.552,1817409,6,3,COMMS,255,BROADCAST,0,HEARTBEAT,48,HEARTBEAT,0,0,0,0,0,0,0x1800FFC0
1777182481.596,1818472,6,3,COMMS,255,BROADCAST,0,HEARTBEAT,48,HEARTBEAT,0,0,0,0,0,0,0x1800FFC0
1777182482.616,1819491,6,3,COMMS,255,BROADCAST,0,HEARTBEAT,48,HEARTBEAT,0,0,0,0,0,0,0x1800FFC0
1777182483.664,1820539,6,3,COMMS,255,BROADCAST,0,HEARTBEAT,48,HEARTBEAT,0,0,0,0,0,0,0x1800FFC0
1777182484.697,1821572,6,3,COMMS,255,BROADCAST,0,HEARTBEAT,48,HEARTBEAT,0,0,0,0,0,0,0x1800FFC0
1777182485.723,1822606,6,3,COMMS,255,BROADCAST,0,HEARTBEAT,48,HEARTBEAT,0,0,0,0,0,0,0x1800FFC0
1777182486.801,1823640,6,3,COMMS,255,BROADCAST,0,HEARTBEAT,48,HEARTBEAT,0,0,0,0,0,0,0x1800FFC0
1777182487.771,1824645,6,3,COMMS,255,BROADCAST,0,HEARTBEAT,48,HEARTBEAT,0,0,0,0,0,0,0x1800FFC0
1777182488.854,1825707,6,3,COMMS,255,BROADCAST,0,HEARTBEAT,48,HEARTBEAT,0,0,0,0,0,0,0x1800FFC0
1777182489.873,1826741,6,3,COMMS,255,BROADCAST,0,HEARTBEAT,48,HEARTBEAT,0,0,0,0,0,0,0x1800FFC0
1777182490.898,1827754,6,3,COMMS,255,BROADCAST,0,HEARTBEAT,48,HEARTBEAT,0,0,0,0,0,0,0x1800FFC0
1777182491.926,1828801,6,3,COMMS,255,BROADCAST,0,HEARTBEAT,48,HEARTBEAT,0,0,0,0,0,0,0x1800FFC0
1777182492.966,1829842,6,3,COMMS,255,BROADCAST,0,HEARTBEAT,48,HEARTBEAT,0,0,0,0,0,0,0x1800FFC0
1777182494.000,1830875,6,3,COMMS,255,BROADCAST,0,HEARTBEAT,48,HEARTBEAT,0,0,0,0,0,0,0x1800FFC0
1777182495.033,1831909,6,3,COMMS,255,BROADCAST,0,HEARTBEAT,48,HEARTBEAT,0,0,0,0,0,0,0x1800FFC0
1777182496.051,1832926,6,3,COMMS,255,BROADCAST,0,HEARTBEAT,48,HEARTBEAT,0,0,0,0,0,0,0x1800FFC0
1777182497.102,1833976,6,3,COMMS,255,BROADCAST,0,HEARTBEAT,48,HEARTBEAT,0,0,0,0,0,0,0x1800FFC0
1777182498.112,1834988,6,3,COMMS,255,BROADCAST,0,HEARTBEAT,48,HEARTBEAT,0,0,0,0,0,0,0x1800FFC0
1777182499.182,1836043,6,3,COMMS,255,BROADCAST,0,HEARTBEAT,48,HEARTBEAT,0,0,0,0,0,0,0x1800FFC0
1777182500.168,1837044,6,3,COMMS,255,BROADCAST,0,HEARTBEAT,48,HEARTBEAT,0,0,0,0,0,0,0x1800FFC0
1777182501.239,1838111,6,3,COMMS,255,BROADCAST,0,HEARTBEAT,48,HEARTBEAT,0,0,0,0,0,0,0x1800FFC0
1777182502.260,1839113,6,3,COMMS,255,BROADCAST,0,HEARTBEAT,48,HEARTBEAT,0,0,0,0,0,0,0x1800FFC0
1777182503.304,1840178,6,3,COMMS,255,BROADCAST,0,HEARTBEAT,48,HEARTBEAT,0,0,0,0,0,0,0x1800FFC0
1777182504.321,1841190,6,3,COMMS,255,BROADCAST,0,HEARTBEAT,48,HEARTBEAT,0,0,0,0,0,0,0x1800FFC0
1777182505.370,1842246,6,3,COMMS,255,BROADCAST,0,HEARTBEAT,48,HEARTBEAT,0,0,0,0,0,0,0x1800FFC0
1777182506.397,1843273,6,3,COMMS,255,BROADCAST,0,HEARTBEAT,48,HEARTBEAT,0,0,0,0,0,0,0x1800FFC0
1777182507.440,1844313,6,3,COMMS,255,BROADCAST,0,HEARTBEAT,48,HEARTBEAT,0,0,0,0,0,0,0x1800FFC0
1777182508.500,1845346,6,3,COMMS,255,BROADCAST,0,HEARTBEAT,48,HEARTBEAT,0,0,0,0,0,0,0x1800FFC0
1777182509.471,1846346,6,3,COMMS,255,BROADCAST,0,HEARTBEAT,48,HEARTBEAT,0,0,0,0,0,0,0x1800FFC0
1777182510.480,1847356,6,3,COMMS,255,BROADCAST,0,HEARTBEAT,48,HEARTBEAT,0,0,0,0,0,0,0x1800FFC0
1777182511.580,1848447,6,3,COMMS,255,BROADCAST,0,HEARTBEAT,48,HEARTBEAT,0,0,0,0,0,0,0x1800FFC0
1777182512.605,1849481,6,3,COMMS,255,BROADCAST,0,HEARTBEAT,48,HEARTBEAT,0,0,0,0,0,0,0x1800FFC0
1777182513.640,1850514,6,3,COMMS,255,BROADCAST,0,HEARTBEAT,48,HEARTBEAT,0,0,0,0,0,0,0x1800FFC0
1777182514.659,1851534,6,3,COMMS,255,BROADCAST,0,HEARTBEAT,48,HEARTBEAT,0,0,0,0,0,0,0x1800FFC0
1777182515.707,1852581,6,3,COMMS,255,BROADCAST,0,HEARTBEAT,48,HEARTBEAT,0,0,0,0,0,0,0x1800FFC0
1777182516.740,1853615,6,3,COMMS,255,BROADCAST,0,HEARTBEAT,48,HEARTBEAT,0,0,0,0,0,0,0x1800FFC0
1777182517.774,1854649,6,3,COMMS,255,BROADCAST,0,HEARTBEAT,48,HEARTBEAT,0,0,0,0,0,0,0x1800FFC0
1777182518.788,1855663,6,3,COMMS,255,BROADCAST,0,HEARTBEAT,48,HEARTBEAT,0,0,0,0,0,0,0x1800FFC0
1777182519.878,1856716,6,3,COMMS,255,BROADCAST,0,HEARTBEAT,48,HEARTBEAT,0,0,0,0,0,0,0x1800FFC0
1777182520.853,1857728,6,3,COMMS,255,BROADCAST,0,HEARTBEAT,48,HEARTBEAT,0,0,0,0,0,0,0x1800FFC0
1777182521.913,1858783,6,3,COMMS,255,BROADCAST,0,HEARTBEAT,48,HEARTBEAT,0,0,0,0,0,0,0x1800FFC0
1777182522.949,1859817,6,3,COMMS,255,BROADCAST,0,HEARTBEAT,48,HEARTBEAT,0,0,0,0,0,0,0x1800FFC0
1777182523.974,1860821,6,3,COMMS,255,BROADCAST,0,HEARTBEAT,48,HEARTBEAT,0,0,0,0,0,0,0x1800FFC0
1777182525.011,1861884,6,3,COMMS,255,BROADCAST,0,HEARTBEAT,48,HEARTBEAT,0,0,0,0,0,0,0x1800FFC0
1777182526.043,1862917,6,3,COMMS,255,BROADCAST,0,HEARTBEAT,48,HEARTBEAT,0,0,0,0,0,0,0x1800FFC0
1777182527.076,1863951,6,3,COMMS,255,BROADCAST,0,HEARTBEAT,48,HEARTBEAT,0,0,0,0,0,0,0x1800FFC0
1777182528.098,1864973,6,3,COMMS,255,BROADCAST,0,HEARTBEAT,48,HEARTBEAT,0,0,0,0,0,0,0x1800FFC0
1777182529.144,1866018,6,3,COMMS,255,BROADCAST,0,HEARTBEAT,48,HEARTBEAT,0,0,0,0,0,0,0x1800FFC0
1777182530.183,1867052,6,3,COMMS,255,BROADCAST,0,HEARTBEAT,48,HEARTBEAT,0,0,0,0,0,0,0x1800FFC0
1777182531.179,1868055,6,3,COMMS,255,BROADCAST,0,HEARTBEAT,48,HEARTBEAT,0,0,0,0,0,0,0x1800FFC0
1777182532.182,1869056,6,3,COMMS,255,BROADCAST,0,HEARTBEAT,48,HEARTBEAT,0,0,0,0,0,0,0x1800FFC0
1777182533.294,1870142,6,3,COMMS,255,BROADCAST,0,HEARTBEAT,48,HEARTBEAT,0,0,0,0,0,0,0x1800FFC0
1777182534.316,1871152,6,3,COMMS,255,BROADCAST,0,HEARTBEAT,48,HEARTBEAT,0,0,0,0,0,0,0x1800FFC0
1777182535.347,1872220,6,3,COMMS,255,BROADCAST,0,HEARTBEAT,48,HEARTBEAT,0,0,0,0,0,0,0x1800FFC0
1777182536.374,1873248,6,3,COMMS,255,BROADCAST,0,HEARTBEAT,48,HEARTBEAT,0,0,0,0,0,0,0x1800FFC0
1777182537.412,1874287,6,3,COMMS,255,BROADCAST,0,HEARTBEAT,48,HEARTBEAT,0,0,0,0,0,0,0x1800FFC0
1777182538.447,1875321,6,3,COMMS,255,BROADCAST,0,HEARTBEAT,48,HEARTBEAT,0,0,0,0,0,0,0x1800FFC0
1777182539.466,1876341,6,3,COMMS,255,BROADCAST,0,HEARTBEAT,48,HEARTBEAT,0,0,0,0,0,0,0x1800FFC0
1777182540.496,1877371,6,3,COMMS,255,BROADCAST,0,HEARTBEAT,48,HEARTBEAT,0,0,0,0,0,0,0x1800FFC0
1777182541.586,1878422,6,3,COMMS,255,BROADCAST,0,HEARTBEAT,48,HEARTBEAT,0,0,0,0,0,0,0x1800FFC0
1777182542.610,1879454,6,3,COMMS,255,BROADCAST,0,HEARTBEAT,48,HEARTBEAT,0,0,0,0,0,0,0x1800FFC0
1777182543.630,1880489,6,3,COMMS,255,BROADCAST,0,HEARTBEAT,48,HEARTBEAT,0,0,0,0,0,0,0x1800FFC0
1777182544.655,1881523,6,3,COMMS,255,BROADCAST,0,HEARTBEAT,48,HEARTBEAT,0,0,0,0,0,0,0x1800FFC0
1777182545.681,1882527,6,3,COMMS,255,BROADCAST,0,HEARTBEAT,48,HEARTBEAT,0,0,0,0,0,0,0x1800FFC0
1777182546.716,1883590,6,3,COMMS,255,BROADCAST,0,HEARTBEAT,48,HEARTBEAT,0,0,0,0,0,0,0x1800FFC0
1777182547.749,1884624,6,3,COMMS,255,BROADCAST,0,HEARTBEAT,48,HEARTBEAT,0,0,0,0,0,0,0x1800FFC0
1777182548.781,1885656,6,3,COMMS,255,BROADCAST,0,HEARTBEAT,48,HEARTBEAT,0,0,0,0,0,0,0x1800FFC0
1777182549.818,1886692,6,3,COMMS,255,BROADCAST,0,HEARTBEAT,48,HEARTBEAT,0,0,0,0,0,0,0x1800FFC0
1777182550.850,1887725,6,3,COMMS,255,BROADCAST,0,HEARTBEAT,48,HEARTBEAT,0,0,0,0,0,0,0x1800FFC0
1777182551.879,1888749,6,3,COMMS,255,BROADCAST,0,HEARTBEAT,48,HEARTBEAT,0,0,0,0,0,0,0x1800FFC0
1777182552.885,1889760,6,3,COMMS,255,BROADCAST,0,HEARTBEAT,48,HEARTBEAT,0,0,0,0,0,0,0x1800FFC0
1777182553.980,1890826,6,3,COMMS,255,BROADCAST,0,HEARTBEAT,48,HEARTBEAT,0,0,0,0,0,0,0x1800FFC0
1777182555.000,1891843,6,3,COMMS,255,BROADCAST,0,HEARTBEAT,48,HEARTBEAT,0,0,0,0,0,0,0x1800FFC0
1777182555.977,1892850,6,3,COMMS,255,BROADCAST,0,HEARTBEAT,48,HEARTBEAT,0,0,0,0,0,0,0x1800FFC0
1777182557.053,1893927,6,3,COMMS,255,BROADCAST,0,HEARTBEAT,48,HEARTBEAT,0,0,0,0,0,0,0x1800FFC0
1777182558.069,1894943,6,3,COMMS,255,BROADCAST,0,HEARTBEAT,48,HEARTBEAT,0,0,0,0,0,0,0x1800FFC0
1777182559.120,1895995,6,3,COMMS,255,BROADCAST,0,HEARTBEAT,48,HEARTBEAT,0,0,0,0,0,0,0x1800FFC0
1777182560.122,1896996,6,3,COMMS,255,BROADCAST,0,HEARTBEAT,48,HEARTBEAT,0,0,0,0,0,0,0x1800FFC0
1777182561.188,1898062,6,3,COMMS,255,BROADCAST,0,HEARTBEAT,48,HEARTBEAT,0,0,0,0,0,0,0x1800FFC0
1777182562.218,1899092,6,3,COMMS,255,BROADCAST,0,HEARTBEAT,48,HEARTBEAT,0,0,0,0,0,0,0x1800FFC0
1777182563.255,1900129,6,3,COMMS,255,BROADCAST,0,HEARTBEAT,48,HEARTBEAT,0,0,0,0,0,0,0x1800FFC0
1777182564.314,1901157,6,3,COMMS,255,BROADCAST,0,HEARTBEAT,48,HEARTBEAT,0,0,0,0,0,0,0x1800FFC0
1777182565.330,1902197,6,3,COMMS,255,BROADCAST,0,HEARTBEAT,48,HEARTBEAT,0,0,0,0,0,0,0x1800FFC0
1777182566.363,1903230,6,3,COMMS,255,BROADCAST,0,HEARTBEAT,48,HEARTBEAT,0,0,0,0,0,0,0x1800FFC0
1777182567.389,1904231,6,3,COMMS,255,BROADCAST,0,HEARTBEAT,48,HEARTBEAT,0,0,0,0,0,0,0x1800FFC0
1777182568.409,1905269,6,3,COMMS,255,BROADCAST,0,HEARTBEAT,48,HEARTBEAT,0,0,0,0,0,0,0x1800FFC0
1777182569.457,1906331,6,3,COMMS,255,BROADCAST,0,HEARTBEAT,48,HEARTBEAT,0,0,0,0,0,0,0x1800FFC0
1777182570.484,1907357,6,3,COMMS,255,BROADCAST,0,HEARTBEAT,48,HEARTBEAT,0,0,0,0,0,0,0x1800FFC0
1777182571.521,1908396,6,3,COMMS,255,BROADCAST,0,HEARTBEAT,48,HEARTBEAT,0,0,0,0,0,0,0x1800FFC0
1777182572.559,1909432,6,3,COMMS,255,BROADCAST,0,HEARTBEAT,48,HEARTBEAT,0,0,0,0,0,0,0x1800FFC0
1777182573.592,1910466,6,3,COMMS,255,BROADCAST,0,HEARTBEAT,48,HEARTBEAT,0,0,0,0,0,0,0x1800FFC0
1777182574.594,1911469,6,3,COMMS,255,BROADCAST,0,HEARTBEAT,48,HEARTBEAT,0,0,0,0,0,0,0x1800FFC0
1777182575.687,1912534,6,3,COMMS,255,BROADCAST,0,HEARTBEAT,48,HEARTBEAT,0,0,0,0,0,0,0x1800FFC0
1777182576.708,1913547,6,3,COMMS,255,BROADCAST,0,HEARTBEAT,48,HEARTBEAT,0,0,0,0,0,0,0x1800FFC0
1777182577.734,1914580,6,3,COMMS,255,BROADCAST,0,HEARTBEAT,48,HEARTBEAT,0,0,0,0,0,0,0x1800FFC0
1777182578.760,1915635,6,3,COMMS,255,BROADCAST,0,HEARTBEAT,48,HEARTBEAT,0,0,0,0,0,0,0x1800FFC0
1777182579.795,1916669,6,3,COMMS,255,BROADCAST,0,HEARTBEAT,48,HEARTBEAT,0,0,0,0,0,0,0x1800FFC0
1777182580.807,1917675,6,3,COMMS,255,BROADCAST,0,HEARTBEAT,48,HEARTBEAT,0,0,0,0,0,0,0x1800FFC0
1777182581.862,1918736,6,3,COMMS,255,BROADCAST,0,HEARTBEAT,48,HEARTBEAT,0,0,0,0,0,0,0x1800FFC0
1777182582.879,1919754,6,3,COMMS,255,BROADCAST,0,HEARTBEAT,48,HEARTBEAT,0,0,0,0,0,0,0x1800FFC0
1777182583.929,1920803,6,3,COMMS,255,BROADCAST,0,HEARTBEAT,48,HEARTBEAT,0,0,0,0,0,0,0x1800FFC0
1777182584.964,1921837,6,3,COMMS,255,BROADCAST,0,HEARTBEAT,48,HEARTBEAT,0,0,0,0,0,0,0x1800FFC0
1777182585.970,1922845,6,3,COMMS,255,BROADCAST,0,HEARTBEAT,48,HEARTBEAT,0,0,0,0,0,0,0x1800FFC0
1777182587.001,1923876,6,3,COMMS,255,BROADCAST,0,HEARTBEAT,48,HEARTBEAT,0,0,0,0,0,0,0x1800FFC0
1777182588.079,1924938,6,3,COMMS,255,BROADCAST,0,HEARTBEAT,48,HEARTBEAT,0,0,0,0,0,0,0x1800FFC0
1777182589.101,1925965,6,3,COMMS,255,BROADCAST,0,HEARTBEAT,48,HEARTBEAT,0,0,0,0,0,0,0x1800FFC0
1777182590.131,1927005,6,3,COMMS,255,BROADCAST,0,HEARTBEAT,48,HEARTBEAT,0,0,0,0,0,0,0x1800FFC0
1777182591.164,1928033,6,3,COMMS,255,BROADCAST,0,HEARTBEAT,48,HEARTBEAT,0,0,0,0,0,0,0x1800FFC0
1777182592.198,1929072,6,3,COMMS,255,BROADCAST,0,HEARTBEAT,48,HEARTBEAT,0,0,0,0,0,0,0x1800FFC0
1777182593.233,1930106,6,3,COMMS,255,BROADCAST,0,HEARTBEAT,48,HEARTBEAT,0,0,0,0,0,0,0x1800FFC0
1777182594.252,1931126,6,3,COMMS,255,BROADCAST,0,HEARTBEAT,48,HEARTBEAT,0,0,0,0,0,0,0x1800FFC0
1777182595.300,1932173,6,3,COMMS,255,BROADCAST,0,HEARTBEAT,48,HEARTBEAT,0,0,0,0,0,0,0x1800FFC0
1777182596.374,1933207,6,3,COMMS,255,BROADCAST,0,HEARTBEAT,48,HEARTBEAT,0,0,0,0,0,0,0x1800FFC0
1777182597.345,1934219,6,3,COMMS,255,BROADCAST,0,HEARTBEAT,48,HEARTBEAT,0,0,0,0,0,0,0x1800FFC0
1777182598.420,1935274,6,3,COMMS,255,BROADCAST,0,HEARTBEAT,48,HEARTBEAT,0,0,0,0,0,0,0x1800FFC0
1777182599.444,1936308,6,3,COMMS,255,BROADCAST,0,HEARTBEAT,48,HEARTBEAT,0,0,0,0,0,0,0x1800FFC0
1777182600.469,1937309,6,3,COMMS,255,BROADCAST,0,HEARTBEAT,48,HEARTBEAT,0,0,0,0,0,0,0x1800FFC0
1777182601.449,1938323,6,3,COMMS,255,BROADCAST,0,HEARTBEAT,48,HEARTBEAT,0,0,0,0,0,0,0x1800FFC0
1777182602.535,1939409,6,3,COMMS,255,BROADCAST,0,HEARTBEAT,48,HEARTBEAT,0,0,0,0,0,0,0x1800FFC0
1777182603.570,1940442,6,3,COMMS,255,BROADCAST,0,HEARTBEAT,48,HEARTBEAT,0,0,0,0,0,0,0x1800FFC0
1777182604.602,1941476,6,3,COMMS,255,BROADCAST,0,HEARTBEAT,48,HEARTBEAT,0,0,0,0,0,0,0x1800FFC0
1777182605.613,1942484,6,3,COMMS,255,BROADCAST,0,HEARTBEAT,48,HEARTBEAT,0,0,0,0,0,0,0x1800FFC0
1777182606.630,1943505,6,3,COMMS,255,BROADCAST,0,HEARTBEAT,48,HEARTBEAT,0,0,0,0,0,0,0x1800FFC0
1777182607.740,1944573,6,3,COMMS,255,BROADCAST,0,HEARTBEAT,48,HEARTBEAT,0,0,0,0,0,0,0x1800FFC0
1777182608.763,1945599,6,3,COMMS,255,BROADCAST,0,HEARTBEAT,48,HEARTBEAT,0,0,0,0,0,0,0x1800FFC0
1777182609.788,1946644,6,3,COMMS,255,BROADCAST,0,HEARTBEAT,48,HEARTBEAT,0,0,0,0,0,0,0x1800FFC0
1777182610.810,1947657,6,3,COMMS,255,BROADCAST,0,HEARTBEAT,48,HEARTBEAT,0,0,0,0,0,0,0x1800FFC0
1777182611.838,1948711,6,3,COMMS,255,BROADCAST,0,HEARTBEAT,48,HEARTBEAT,0,0,0,0,0,0,0x1800FFC0
1777182612.859,1949722,6,3,COMMS,255,BROADCAST,0,HEARTBEAT,48,HEARTBEAT,0,0,0,0,0,0,0x1800FFC0
1777182613.905,1950778,6,3,COMMS,255,BROADCAST,0,HEARTBEAT,48,HEARTBEAT,0,0,0,0,0,0,0x1800FFC0
1777182614.930,1951804,6,3,COMMS,255,BROADCAST,0,HEARTBEAT,48,HEARTBEAT,0,0,0,0,0,0,0x1800FFC0
1777182615.972,1952846,6,3,COMMS,255,BROADCAST,0,HEARTBEAT,48,HEARTBEAT,0,0,0,0,0,0,0x1800FFC0
1777182617.006,1953879,6,3,COMMS,255,BROADCAST,0,HEARTBEAT,48,HEARTBEAT,0,0,0,0,0,0,0x1800FFC0
1777182618.009,1954881,6,3,COMMS,255,BROADCAST,0,HEARTBEAT,48,HEARTBEAT,0,0,0,0,0,0,0x1800FFC0
1777182619.107,1955946,6,3,COMMS,255,BROADCAST,0,HEARTBEAT,48,HEARTBEAT,0,0,0,0,0,0,0x1800FFC0
1777182620.130,1956977,6,3,COMMS,255,BROADCAST,0,HEARTBEAT,48,HEARTBEAT,0,0,0,0,0,0,0x1800FFC0
1777182621.154,1958013,6,3,COMMS,255,BROADCAST,0,HEARTBEAT,48,HEARTBEAT,0,0,0,0,0,0,0x1800FFC0
1777182622.179,1959047,6,3,COMMS,255,BROADCAST,0,HEARTBEAT,48,HEARTBEAT,0,0,0,0,0,0,0x1800FFC0
1777182623.207,1960080,6,3,COMMS,255,BROADCAST,0,HEARTBEAT,48,HEARTBEAT,0,0,0,0,0,0,0x1800FFC0
1777182624.227,1961089,6,3,COMMS,255,BROADCAST,0,HEARTBEAT,48,HEARTBEAT,0,0,0,0,0,0,0x1800FFC0
1777182625.250,1962110,6,3,COMMS,255,BROADCAST,0,HEARTBEAT,48,HEARTBEAT,0,0,0,0,0,0,0x1800FFC0
1777182626.307,1963180,6,3,COMMS,255,BROADCAST,0,HEARTBEAT,48,HEARTBEAT,0,0,0,0,0,0,0x1800FFC0
1777182627.319,1964193,6,3,COMMS,255,BROADCAST,0,HEARTBEAT,48,HEARTBEAT,0,0,0,0,0,0,0x1800FFC0
1777182628.374,1965248,6,3,COMMS,255,BROADCAST,0,HEARTBEAT,48,HEARTBEAT,0,0,0,0,0,0,0x1800FFC0
1777182629.401,1966275,6,3,COMMS,255,BROADCAST,0,HEARTBEAT,48,HEARTBEAT,0,0,0,0,0,0,0x1800FFC0
1777182630.472,1967315,6,3,COMMS,255,BROADCAST,0,HEARTBEAT,48,HEARTBEAT,0,0,0,0,0,0,0x1800FFC0
1777182631.502,1968349,6,3,COMMS,255,BROADCAST,0,HEARTBEAT,48,HEARTBEAT,0,0,0,0,0,0,0x1800FFC0
1777182632.478,1969350,6,3,COMMS,255,BROADCAST,0,HEARTBEAT,48,HEARTBEAT,0,0,0,0,0,0,0x1800FFC0
1777182633.545,1970416,6,3,COMMS,255,BROADCAST,0,HEARTBEAT,48,HEARTBEAT,0,0,0,0,0,0,0x1800FFC0
1777182634.568,1971433,6,3,COMMS,255,BROADCAST,0,HEARTBEAT,48,HEARTBEAT,0,0,0,0,0,0,0x1800FFC0
1777182635.610,1972483,6,3,COMMS,255,BROADCAST,0,HEARTBEAT,48,HEARTBEAT,0,0,0,0,0,0,0x1800FFC0
1777182636.644,1973509,6,3,COMMS,255,BROADCAST,0,HEARTBEAT,48,HEARTBEAT,0,0,0,0,0,0,0x1800FFC0
1777182637.676,1974550,6,3,COMMS,255,BROADCAST,0,HEARTBEAT,48,HEARTBEAT,0,0,0,0,0,0,0x1800FFC0
1777182638.686,1975557,6,3,COMMS,255,BROADCAST,0,HEARTBEAT,48,HEARTBEAT,0,0,0,0,0,0,0x1800FFC0
1777182639.743,1976617,6,3,COMMS,255,BROADCAST,0,HEARTBEAT,48,HEARTBEAT,0,0,0,0,0,0,0x1800FFC0
1777182640.816,1977650,6,3,COMMS,255,BROADCAST,0,HEARTBEAT,48,HEARTBEAT,0,0,0,0,0,0,0x1800FFC0
1777182641.838,1978684,6,3,COMMS,255,BROADCAST,0,HEARTBEAT,48,HEARTBEAT,0,0,0,0,0,0,0x1800FFC0
1777182642.864,1979699,6,3,COMMS,255,BROADCAST,0,HEARTBEAT,48,HEARTBEAT,0,0,0,0,0,0,0x1800FFC0
1777182643.888,1980751,6,3,COMMS,255,BROADCAST,0,HEARTBEAT,48,HEARTBEAT,0,0,0,0,0,0,0x1800FFC0
1777182644.911,1981784,6,3,COMMS,255,BROADCAST,0,HEARTBEAT,48,HEARTBEAT,0,0,0,0,0,0,0x1800FFC0
1777182645.945,1982818,6,3,COMMS,255,BROADCAST,0,HEARTBEAT,48,HEARTBEAT,0,0,0,0,0,0,0x1800FFC0
1777182646.960,1983822,6,3,COMMS,255,BROADCAST,0,HEARTBEAT,48,HEARTBEAT,0,0,0,0,0,0,0x1800FFC0
1777182647.998,1984870,6,3,COMMS,255,BROADCAST,0,HEARTBEAT,48,HEARTBEAT,0,0,0,0,0,0,0x1800FFC0
1777182649.029,1985899,6,3,COMMS,255,BROADCAST,0,HEARTBEAT,48,HEARTBEAT,0,0,0,0,0,0,0x1800FFC0
1777182650.079,1986952,6,3,COMMS,255,BROADCAST,0,HEARTBEAT,48,HEARTBEAT,0,0,0,0,0,0,0x1800FFC0
1777182651.109,1987982,6,3,COMMS,255,BROADCAST,0,HEARTBEAT,48,HEARTBEAT,0,0,0,0,0,0,0x1800FFC0
1777182652.183,1989019,6,3,COMMS,255,BROADCAST,0,HEARTBEAT,48,HEARTBEAT,0,0,0,0,0,0,0x1800FFC0
1777182653.205,1990053,6,3,COMMS,255,BROADCAST,0,HEARTBEAT,48,HEARTBEAT,0,0,0,0,0,0,0x1800FFC0
1777182654.184,1991057,6,3,COMMS,255,BROADCAST,0,HEARTBEAT,48,HEARTBEAT,0,0,0,0,0,0,0x1800FFC0
1777182655.251,1992120,6,3,COMMS,255,BROADCAST,0,HEARTBEAT,48,HEARTBEAT,0,0,0,0,0,0,0x1800FFC0
1777182656.279,1993139,6,3,COMMS,255,BROADCAST,0,HEARTBEAT,48,HEARTBEAT,0,0,0,0,0,0,0x1800FFC0
1777182657.317,1994187,6,3,COMMS,255,BROADCAST,0,HEARTBEAT,48,HEARTBEAT,0,0,0,0,0,0,0x1800FFC0
1777182658.350,1995221,6,3,COMMS,255,BROADCAST,0,HEARTBEAT,48,HEARTBEAT,0,0,0,0,0,0,0x1800FFC0
1777182659.381,1996254,6,3,COMMS,255,BROADCAST,0,HEARTBEAT,48,HEARTBEAT,0,0,0,0,0,0,0x1800FFC0
1777182660.415,1997288,6,3,COMMS,255,BROADCAST,0,HEARTBEAT,48,HEARTBEAT,0,0,0,0,0,0,0x1800FFC0
1777182661.416,1998290,6,3,COMMS,255,BROADCAST,0,HEARTBEAT,48,HEARTBEAT,0,0,0,0,0,0,0x1800FFC0
1777182662.425,1999298,6,3,COMMS,255,BROADCAST,0,HEARTBEAT,48,HEARTBEAT,0,0,0,0,0,0,0x1800FFC0
1777182663.488,2000361,6,3,COMMS,255,BROADCAST,0,HEARTBEAT,48,HEARTBEAT,0,0,0,0,0,0,0x1800FFC0
1777182664.573,2001422,6,3,COMMS,255,BROADCAST,0,HEARTBEAT,48,HEARTBEAT,0,0,0,0,0,0,0x1800FFC0
1777182665.617,2002456,6,3,COMMS,255,BROADCAST,0,HEARTBEAT,48,HEARTBEAT,0,0,0,0,0,0,0x1800FFC0
1777182666.627,2003461,6,3,COMMS,255,BROADCAST,0,HEARTBEAT,48,HEARTBEAT,0,0,0,0,0,0,0x1800FFC0
1777182667.650,2004523,6,3,COMMS,255,BROADCAST,0,HEARTBEAT,48,HEARTBEAT,0,0,0,0,0,0,0x1800FFC0
1777182668.682,2005553,6,3,COMMS,255,BROADCAST,0,HEARTBEAT,48,HEARTBEAT,0,0,0,0,0,0,0x1800FFC0
1777182669.717,2006590,6,3,COMMS,255,BROADCAST,0,HEARTBEAT,48,HEARTBEAT,0,0,0,0,0,0,0x1800FFC0
1777182670.751,2007624,6,3,COMMS,255,BROADCAST,0,HEARTBEAT,48,HEARTBEAT,0,0,0,0,0,0,0x1800FFC0
1777182671.771,2008643,6,3,COMMS,255,BROADCAST,0,HEARTBEAT,48,HEARTBEAT,0,0,0,0,0,0,0x1800FFC0
1777182672.773,2009643,6,3,COMMS,255,BROADCAST,0,HEARTBEAT,48,HEARTBEAT,0,0,0,0,0,0,0x1800FFC0
1777182673.807,2010680,6,3,COMMS,255,BROADCAST,0,HEARTBEAT,48,HEARTBEAT,0,0,0,0,0,0,0x1800FFC0
1777182674.913,2011758,6,3,COMMS,255,BROADCAST,0,HEARTBEAT,48,HEARTBEAT,0,0,0,0,0,0,0x1800FFC0
1777182675.887,2012760,6,3,COMMS,255,BROADCAST,0,HEARTBEAT,48,HEARTBEAT,0,0,0,0,0,0,0x1800FFC0
1777182676.960,2013825,6,3,COMMS,255,BROADCAST,0,HEARTBEAT,48,HEARTBEAT,0,0,0,0,0,0,0x1800FFC0
1777182677.987,2014856,6,3,COMMS,255,BROADCAST,0,HEARTBEAT,48,HEARTBEAT,0,0,0,0,0,0,0x1800FFC0
1777182679.020,2015892,6,3,COMMS,255,BROADCAST,0,HEARTBEAT,48,HEARTBEAT,0,0,0,0,0,0,0x1800FFC0
1777182680.041,2016911,6,3,COMMS,255,BROADCAST,0,HEARTBEAT,48,HEARTBEAT,0,0,0,0,0,0,0x1800FFC0
1777182681.089,2017959,6,3,COMMS,255,BROADCAST,0,HEARTBEAT,48,HEARTBEAT,0,0,0,0,0,0,0x1800FFC0
1777182682.120,2018993,6,3,COMMS,255,BROADCAST,0,HEARTBEAT,48,HEARTBEAT,0,0,0,0,0,0,0x1800FFC0
1777182683.153,2020026,6,3,COMMS,255,BROADCAST,0,HEARTBEAT,48,HEARTBEAT,0,0,0,0,0,0,0x1800FFC0
1777182684.172,2021045,6,3,COMMS,255,BROADCAST,0,HEARTBEAT,48,HEARTBEAT,0,0,0,0,0,0,0x1800FFC0
1777182685.207,2022079,6,3,COMMS,255,BROADCAST,0,HEARTBEAT,48,HEARTBEAT,0,0,0,0,0,0,0x1800FFC0
1777182686.283,2023127,6,3,COMMS,255,BROADCAST,0,HEARTBEAT,48,HEARTBEAT,0,0,0,0,0,0,0x1800FFC0
1777182687.295,2024161,6,3,COMMS,255,BROADCAST,0,HEARTBEAT,48,HEARTBEAT,0,0,0,0,0,0,0x1800FFC0
1777182688.323,2025194,6,3,COMMS,255,BROADCAST,0,HEARTBEAT,48,HEARTBEAT,0,0,0,0,0,0,0x1800FFC0
1777182689.355,2026228,6,3,COMMS,255,BROADCAST,0,HEARTBEAT,48,HEARTBEAT,0,0,0,0,0,0,0x1800FFC0
1777182690.376,2027237,6,3,COMMS,255,BROADCAST,0,HEARTBEAT,48,HEARTBEAT,0,0,0,0,0,0,0x1800FFC0
1777182691.417,2028289,6,3,COMMS,255,BROADCAST,0,HEARTBEAT,48,HEARTBEAT,0,0,0,0,0,0,0x1800FFC0
1777182692.457,2029329,6,3,COMMS,255,BROADCAST,0,HEARTBEAT,48,HEARTBEAT,0,0,0,0,0,0,0x1800FFC0
1777182693.491,2030362,6,3,COMMS,255,BROADCAST,0,HEARTBEAT,48,HEARTBEAT,0,0,0,0,0,0,0x1800FFC0
1777182694.492,2031364,6,3,COMMS,255,BROADCAST,0,HEARTBEAT,48,HEARTBEAT,0,0,0,0,0,0,0x1800FFC0
1777182695.558,2032429,6,3,COMMS,255,BROADCAST,0,HEARTBEAT,48,HEARTBEAT,0,0,0,0,0,0,0x1800FFC0
1777182696.616,2033463,6,3,COMMS,255,BROADCAST,0,HEARTBEAT,48,HEARTBEAT,0,0,0,0,0,0,0x1800FFC0
1777182697.599,2034472,6,3,COMMS,255,BROADCAST,0,HEARTBEAT,48,HEARTBEAT,0,0,0,0,0,0,0x1800FFC0
1777182698.664,2035530,6,3,COMMS,255,BROADCAST,0,HEARTBEAT,48,HEARTBEAT,0,0,0,0,0,0,0x1800FFC0
1777182699.696,2036564,6,3,COMMS,255,BROADCAST,0,HEARTBEAT,48,HEARTBEAT,0,0,0,0,0,0,0x1800FFC0
1777182700.725,2037597,6,3,COMMS,255,BROADCAST,0,HEARTBEAT,48,HEARTBEAT,0,0,0,0,0,0,0x1800FFC0
1777182701.758,2038631,6,3,COMMS,255,BROADCAST,0,HEARTBEAT,48,HEARTBEAT,0,0,0,0,0,0,0x1800FFC0
1777182702.791,2039664,6,3,COMMS,255,BROADCAST,0,HEARTBEAT,48,HEARTBEAT,0,0,0,0,0,0,0x1800FFC0
1777182703.825,2040698,6,3,COMMS,255,BROADCAST,0,HEARTBEAT,48,HEARTBEAT,0,0,0,0,0,0,0x1800FFC0
1777182704.829,2041701,6,3,COMMS,255,BROADCAST,0,HEARTBEAT,48,HEARTBEAT,0,0,0,0,0,0,0x1800FFC0
1777182705.892,2042765,6,3,COMMS,255,BROADCAST,0,HEARTBEAT,48,HEARTBEAT,0,0,0,0,0,0,0x1800FFC0
1777182706.925,2043797,6,3,COMMS,255,BROADCAST,0,HEARTBEAT,48,HEARTBEAT,0,0,0,0,0,0,0x1800FFC0
1777182707.981,2044832,6,3,COMMS,255,BROADCAST,0,HEARTBEAT,48,HEARTBEAT,0,0,0,0,0,0,0x1800FFC0
1777182709.013,2045865,6,3,COMMS,255,BROADCAST,0,HEARTBEAT,48,HEARTBEAT,0,0,0,0,0,0,0x1800FFC0
1777182710.039,2046899,6,3,COMMS,255,BROADCAST,0,HEARTBEAT,48,HEARTBEAT,0,0,0,0,0,0,0x1800FFC0
1777182711.063,2047933,6,3,COMMS,255,BROADCAST,0,HEARTBEAT,48,HEARTBEAT,0,0,0,0,0,0,0x1800FFC0
1777182712.089,2048945,6,3,COMMS,255,BROADCAST,0,HEARTBEAT,48,HEARTBEAT,0,0,0,0,0,0,0x1800FFC0
1777182713.127,2049999,6,3,COMMS,255,BROADCAST,0,HEARTBEAT,48,HEARTBEAT,0,0,0,0,0,0,0x1800FFC0
1777182714.155,2051028,6,3,COMMS,255,BROADCAST,0,HEARTBEAT,48,HEARTBEAT,0,0,0,0,0,0,0x1800FFC0
1777182715.162,2052034,6,3,COMMS,255,BROADCAST,0,HEARTBEAT,48,HEARTBEAT,0,0,0,0,0,0,0x1800FFC0
1777182716.228,2053100,6,3,COMMS,255,BROADCAST,0,HEARTBEAT,48,HEARTBEAT,0,0,0,0,0,0,0x1800FFC0
1777182717.250,2054123,6,3,COMMS,255,BROADCAST,0,HEARTBEAT,48,HEARTBEAT,0,0,0,0,0,0,0x1800FFC0
1777182718.333,2055167,6,3,COMMS,255,BROADCAST,0,HEARTBEAT,48,HEARTBEAT,0,0,0,0,0,0,0x1800FFC0
1777182719.313,2056185,6,3,COMMS,255,BROADCAST,0,HEARTBEAT,48,HEARTBEAT,0,0,0,0,0,0,0x1800FFC0
1777182720.341,2057213,6,3,COMMS,255,BROADCAST,0,HEARTBEAT,48,HEARTBEAT,0,0,0,0,0,0,0x1800FFC0
1777182721.340,2058213,6,3,COMMS,255,BROADCAST,0,HEARTBEAT,48,HEARTBEAT,0,0,0,0,0,0,0x1800FFC0
1777182722.382,2059254,6,3,COMMS,255,BROADCAST,0,HEARTBEAT,48,HEARTBEAT,0,0,0,0,0,0,0x1800FFC0
1777182723.390,2060262,6,3,COMMS,255,BROADCAST,0,HEARTBEAT,48,HEARTBEAT,0,0,0,0,0,0,0x1800FFC0
1777182724.489,2061361,6,3,COMMS,255,BROADCAST,0,HEARTBEAT,48,HEARTBEAT,0,0,0,0,0,0,0x1800FFC0
1777182725.531,2062403,6,3,COMMS,255,BROADCAST,0,HEARTBEAT,48,HEARTBEAT,0,0,0,0,0,0,0x1800FFC0
1777182726.564,2063436,6,3,COMMS,255,BROADCAST,0,HEARTBEAT,48,HEARTBEAT,0,0,0,0,0,0,0x1800FFC0
1777182727.576,2064449,6,3,COMMS,255,BROADCAST,0,HEARTBEAT,48,HEARTBEAT,0,0,0,0,0,0,0x1800FFC0
1777182728.632,2065503,6,3,COMMS,255,BROADCAST,0,HEARTBEAT,48,HEARTBEAT,0,0,0,0,0,0,0x1800FFC0
1777182729.720,2066537,6,3,COMMS,255,BROADCAST,0,HEARTBEAT,48,HEARTBEAT,0,0,0,0,0,0,0x1800FFC0
1777182730.667,2067540,6,3,COMMS,255,BROADCAST,0,HEARTBEAT,48,HEARTBEAT,0,0,0,0,0,0,0x1800FFC0
1777182731.679,2068552,6,3,COMMS,255,BROADCAST,0,HEARTBEAT,48,HEARTBEAT,0,0,0,0,0,0,0x1800FFC0
1777182732.774,2069638,6,3,COMMS,255,BROADCAST,0,HEARTBEAT,48,HEARTBEAT,0,0,0,0,0,0,0x1800FFC0
1777182733.805,2070641,6,3,COMMS,255,BROADCAST,0,HEARTBEAT,48,HEARTBEAT,0,0,0,0,0,0,0x1800FFC0
1777182734.773,2071645,6,3,COMMS,255,BROADCAST,0,HEARTBEAT,48,HEARTBEAT,0,0,0,0,0,0,0x1800FFC0
1777182735.866,2072738,6,3,COMMS,255,BROADCAST,0,HEARTBEAT,48,HEARTBEAT,0,0,0,0,0,0,0x1800FFC0
1777182736.900,2073772,6,3,COMMS,255,BROADCAST,0,HEARTBEAT,48,HEARTBEAT,0,0,0,0,0,0,0x1800FFC0
1777182737.933,2074805,6,3,COMMS,255,BROADCAST,0,HEARTBEAT,48,HEARTBEAT,0,0,0,0,0,0,0x1800FFC0
1777182738.964,2075836,6,3,COMMS,255,BROADCAST,0,HEARTBEAT,48,HEARTBEAT,0,0,0,0,0,0,0x1800FFC0
1777182740.006,2076872,6,3,COMMS,255,BROADCAST,0,HEARTBEAT,48,HEARTBEAT,0,0,0,0,0,0,0x1800FFC0
1777182741.068,2077905,6,3,COMMS,255,BROADCAST,0,HEARTBEAT,48,HEARTBEAT,0,0,0,0,0,0,0x1800FFC0
1777182742.092,2078930,6,3,COMMS,255,BROADCAST,0,HEARTBEAT,48,HEARTBEAT,0,0,0,0,0,0,0x1800FFC0
1777182743.115,2079972,6,3,COMMS,255,BROADCAST,0,HEARTBEAT,48,HEARTBEAT,0,0,0,0,0,0,0x1800FFC0
1777182744.140,2080998,6,3,COMMS,255,BROADCAST,0,HEARTBEAT,48,HEARTBEAT,0,0,0,0,0,0,0x1800FFC0
1777182745.167,2082039,6,3,COMMS,255,BROADCAST,0,HEARTBEAT,48,HEARTBEAT,0,0,0,0,0,0,0x1800FFC0
1777182746.189,2083045,6,3,COMMS,255,BROADCAST,0,HEARTBEAT,48,HEARTBEAT,0,0,0,0,0,0,0x1800FFC0
1777182747.235,2084107,6,3,COMMS,255,BROADCAST,0,HEARTBEAT,48,HEARTBEAT,0,0,0,0,0,0,0x1800FFC0
1777182748.258,2085128,6,3,COMMS,255,BROADCAST,0,HEARTBEAT,48,HEARTBEAT,0,0,0,0,0,0,0x1800FFC0
1777182749.270,2086141,6,3,COMMS,255,BROADCAST,0,HEARTBEAT,48,HEARTBEAT,0,0,0,0,0,0,0x1800FFC0
1777182750.298,2087170,6,3,COMMS,255,BROADCAST,0,HEARTBEAT,48,HEARTBEAT,0,0,0,0,0,0,0x1800FFC0
1777182751.410,2088241,6,3,COMMS,255,BROADCAST,0,HEARTBEAT,48,HEARTBEAT,0,0,0,0,0,0,0x1800FFC0
1777182752.389,2089262,6,3,COMMS,255,BROADCAST,0,HEARTBEAT,48,HEARTBEAT,0,0,0,0,0,0,0x1800FFC0
1777182753.457,2090308,6,3,COMMS,255,BROADCAST,0,HEARTBEAT,48,HEARTBEAT,0,0,0,0,0,0,0x1800FFC0
1777182754.482,2091335,6,3,COMMS,255,BROADCAST,0,HEARTBEAT,48,HEARTBEAT,0,0,0,0,0,0,0x1800FFC0
1777182755.503,2092375,6,3,COMMS,255,BROADCAST,0,HEARTBEAT,48,HEARTBEAT,0,0,0,0,0,0,0x1800FFC0
1777182756.538,2093409,6,3,COMMS,255,BROADCAST,0,HEARTBEAT,48,HEARTBEAT,0,0,0,0,0,0,0x1800FFC0
1777182757.571,2094443,6,3,COMMS,255,BROADCAST,0,HEARTBEAT,48,HEARTBEAT,0,0,0,0,0,0,0x1800FFC0
1777182758.604,2095476,6,3,COMMS,255,BROADCAST,0,HEARTBEAT,48,HEARTBEAT,0,0,0,0,0,0,0x1800FFC0
1777182759.638,2096510,6,3,COMMS,255,BROADCAST,0,HEARTBEAT,48,HEARTBEAT,0,0,0,0,0,0,0x1800FFC0
1777182760.646,2097518,6,3,COMMS,255,BROADCAST,0,HEARTBEAT,48,HEARTBEAT,0,0,0,0,0,0,0x1800FFC0
1777182761.705,2098577,6,3,COMMS,255,BROADCAST,0,HEARTBEAT,48,HEARTBEAT,0,0,0,0,0,0,0x1800FFC0
1777182762.715,2099587,6,3,COMMS,255,BROADCAST,0,HEARTBEAT,48,HEARTBEAT,0,0,0,0,0,0,0x1800FFC0
1777182763.790,2100644,6,3,COMMS,255,BROADCAST,0,HEARTBEAT,48,HEARTBEAT,0,0,0,0,0,0,0x1800FFC0
1777182764.820,2101678,6,3,COMMS,255,BROADCAST,0,HEARTBEAT,48,HEARTBEAT,0,0,0,0,0,0,0x1800FFC0
1777182765.841,2102681,6,3,COMMS,255,BROADCAST,0,HEARTBEAT,48,HEARTBEAT,0,0,0,0,0,0,0x1800FFC0
1777182766.873,2103745,6,3,COMMS,255,BROADCAST,0,HEARTBEAT,48,HEARTBEAT,0,0,0,0,0,0,0x1800FFC0
1777182767.905,2104776,6,3,COMMS,255,BROADCAST,0,HEARTBEAT,48,HEARTBEAT,0,0,0,0,0,0,0x1800FFC0
1777182768.940,2105812,6,3,COMMS,255,BROADCAST,0,HEARTBEAT,48,HEARTBEAT,0,0,0,0,0,0,0x1800FFC0
1777182769.962,2106834,6,3,COMMS,255,BROADCAST,0,HEARTBEAT,48,HEARTBEAT,0,0,0,0,0,0,0x1800FFC0
1777182771.007,2107879,6,3,COMMS,255,BROADCAST,0,HEARTBEAT,48,HEARTBEAT,0,0,0,0,0,0,0x1800FFC0
1777182772.041,2108913,6,3,COMMS,255,BROADCAST,0,HEARTBEAT,48,HEARTBEAT,0,0,0,0,0,0,0x1800FFC0
1777182773.069,2109941,6,3,COMMS,255,BROADCAST,0,HEARTBEAT,48,HEARTBEAT,0,0,0,0,0,0,0x1800FFC0
1777182774.137,2110980,6,3,COMMS,255,BROADCAST,0,HEARTBEAT,48,HEARTBEAT,0,0,0,0,0,0,0x1800FFC0
1777182775.120,2111992,6,3,COMMS,255,BROADCAST,0,HEARTBEAT,48,HEARTBEAT,0,0,0,0,0,0,0x1800FFC0
1777182776.193,2113047,6,3,COMMS,255,BROADCAST,0,HEARTBEAT,48,HEARTBEAT,0,0,0,0,0,0,0x1800FFC0
1777182777.217,2114069,6,3,COMMS,255,BROADCAST,0,HEARTBEAT,48,HEARTBEAT,0,0,0,0,0,0,0x1800FFC0
1777182778.240,2115071,6,3,COMMS,255,BROADCAST,0,HEARTBEAT,48,HEARTBEAT,0,0,0,0,0,0,0x1800FFC0
1777182779.281,2116148,6,3,COMMS,255,BROADCAST,0,HEARTBEAT,48,HEARTBEAT,0,0,0,0,0,0,0x1800FFC0
1777182780.294,2117166,6,3,COMMS,255,BROADCAST,0,HEARTBEAT,48,HEARTBEAT,0,0,0,0,0,0,0x1800FFC0
1777182781.344,2118215,6,3,COMMS,255,BROADCAST,0,HEARTBEAT,48,HEARTBEAT,0,0,0,0,0,0,0x1800FFC0
1777182782.355,2119226,6,3,COMMS,255,BROADCAST,0,HEARTBEAT,48,HEARTBEAT,0,0,0,0,0,0,0x1800FFC0
1777182783.411,2120282,6,3,COMMS,255,BROADCAST,0,HEARTBEAT,48,HEARTBEAT,0,0,0,0,0,0,0x1800FFC0
1777182784.437,2121309,6,3,COMMS,255,BROADCAST,0,HEARTBEAT,48,HEARTBEAT,0,0,0,0,0,0,0x1800FFC0
1777182785.510,2122349,6,3,COMMS,255,BROADCAST,0,HEARTBEAT,48,HEARTBEAT,0,0,0,0,0,0,0x1800FFC0
1777182786.530,2123383,6,3,COMMS,255,BROADCAST,0,HEARTBEAT,48,HEARTBEAT,0,0,0,0,0,0,0x1800FFC0
1777182787.510,2124382,6,3,COMMS,255,BROADCAST,0,HEARTBEAT,48,HEARTBEAT,0,0,0,0,0,0,0x1800FFC0
1777182788.581,2125450,6,3,COMMS,255,BROADCAST,0,HEARTBEAT,48,HEARTBEAT,0,0,0,0,0,0,0x1800FFC0
1777182789.605,2126458,6,3,COMMS,255,BROADCAST,0,HEARTBEAT,48,HEARTBEAT,0,0,0,0,0,0,0x1800FFC0
1777182790.646,2127517,6,3,COMMS,255,BROADCAST,0,HEARTBEAT,48,HEARTBEAT,0,0,0,0,0,0,0x1800FFC0
1777182791.656,2128529,6,3,COMMS,255,BROADCAST,0,HEARTBEAT,48,HEARTBEAT,0,0,0,0,0,0,0x1800FFC0
1777182792.670,2129541,6,3,COMMS,255,BROADCAST,0,HEARTBEAT,48,HEARTBEAT,0,0,0,0,0,0,0x1800FFC0
1777182793.702,2130547,6,3,COMMS,255,BROADCAST,0,HEARTBEAT,48,HEARTBEAT,0,0,0,0,0,0,0x1800FFC0
1777182794.745,2131617,6,3,COMMS,255,BROADCAST,0,HEARTBEAT,48,HEARTBEAT,0,0,0,0,0,0,0x1800FFC0
1777182795.856,2132685,6,3,COMMS,255,BROADCAST,0,HEARTBEAT,48,HEARTBEAT,0,0,0,0,0,0,0x1800FFC0
1777182796.827,2133699,6,3,COMMS,255,BROADCAST,0,HEARTBEAT,48,HEARTBEAT,0,0,0,0,0,0,0x1800FFC0
1777182797.896,2134752,6,3,COMMS,255,BROADCAST,0,HEARTBEAT,48,HEARTBEAT,0,0,0,0,0,0,0x1800FFC0
1777182798.928,2135782,6,3,COMMS,255,BROADCAST,0,HEARTBEAT,48,HEARTBEAT,0,0,0,0,0,0,0x1800FFC0
1777182799.947,2136819,6,3,COMMS,255,BROADCAST,0,HEARTBEAT,48,HEARTBEAT,0,0,0,0,0,0,0x1800FFC0
1777182800.981,2137853,6,3,COMMS,255,BROADCAST,0,HEARTBEAT,48,HEARTBEAT,0,0,0,0,0,0,0x1800FFC0
1777182801.994,2138855,6,3,COMMS,255,BROADCAST,0,HEARTBEAT,48,HEARTBEAT,0,0,0,0,0,0,0x1800FFC0
1777182803.049,2139920,6,3,COMMS,255,BROADCAST,0,HEARTBEAT,48,HEARTBEAT,0,0,0,0,0,0,0x1800FFC0
1777182804.065,2140937,6,3,COMMS,255,BROADCAST,0,HEARTBEAT,48,HEARTBEAT,0,0,0,0,0,0,0x1800FFC0
1777182805.107,2141977,6,3,COMMS,255,BROADCAST,0,HEARTBEAT,48,HEARTBEAT,0,0,0,0,0,0,0x1800FFC0
1777182806.123,2142993,6,3,COMMS,255,BROADCAST,0,HEARTBEAT,48,HEARTBEAT,0,0,0,0,0,0,0x1800FFC0
1777182807.136,2144007,6,3,COMMS,255,BROADCAST,0,HEARTBEAT,48,HEARTBEAT,0,0,0,0,0,0,0x1800FFC0
1777182808.241,2145088,6,3,COMMS,255,BROADCAST,0,HEARTBEAT,48,HEARTBEAT,0,0,0,0,0,0,0x1800FFC0
1777182809.219,2146090,6,3,COMMS,255,BROADCAST,0,HEARTBEAT,48,HEARTBEAT,0,0,0,0,0,0,0x1800FFC0
1777182810.283,2147154,6,3,COMMS,255,BROADCAST,0,HEARTBEAT,48,HEARTBEAT,0,0,0,0,0,0,0x1800FFC0
1777182811.317,2148189,6,3,COMMS,255,BROADCAST,0,HEARTBEAT,48,HEARTBEAT,0,0,0,0,0,0,0x1800FFC0
1777182812.352,2149223,6,3,COMMS,255,BROADCAST,0,HEARTBEAT,48,HEARTBEAT,0,0,0,0,0,0,0x1800FFC0
1777182813.386,2150257,6,3,COMMS,255,BROADCAST,0,HEARTBEAT,48,HEARTBEAT,0,0,0,0,0,0,0x1800FFC0
1777182814.402,2151272,6,3,COMMS,255,BROADCAST,0,HEARTBEAT,48,HEARTBEAT,0,0,0,0,0,0,0x1800FFC0
1777182815.453,2152324,6,3,COMMS,255,BROADCAST,0,HEARTBEAT,48,HEARTBEAT,0,0,0,0,0,0,0x1800FFC0
1777182816.468,2153340,6,3,COMMS,255,BROADCAST,0,HEARTBEAT,48,HEARTBEAT,0,0,0,0,0,0,0x1800FFC0
1777182817.521,2154391,6,3,COMMS,255,BROADCAST,0,HEARTBEAT,48,HEARTBEAT,0,0,0,0,0,0,0x1800FFC0
1777182818.536,2155407,6,3,COMMS,255,BROADCAST,0,HEARTBEAT,48,HEARTBEAT,0,0,0,0,0,0,0x1800FFC0
1777182819.611,2156459,6,3,COMMS,255,BROADCAST,0,HEARTBEAT,48,HEARTBEAT,0,0,0,0,0,0,0x1800FFC0
1777182820.637,2157473,6,3,COMMS,255,BROADCAST,0,HEARTBEAT,48,HEARTBEAT,0,0,0,0,0,0,0x1800FFC0
1777182821.655,2158526,6,3,COMMS,255,BROADCAST,0,HEARTBEAT,48,HEARTBEAT,0,0,0,0,0,0,0x1800FFC0
1777182822.689,2159560,6,3,COMMS,255,BROADCAST,0,HEARTBEAT,48,HEARTBEAT,0,0,0,0,0,0,0x1800FFC0
1777182823.706,2160567,6,3,COMMS,255,BROADCAST,0,HEARTBEAT,48,HEARTBEAT,0,0,0,0,0,0,0x1800FFC0
1777182824.756,2161627,6,3,COMMS,255,BROADCAST,0,HEARTBEAT,48,HEARTBEAT,0,0,0,0,0,0,0x1800FFC0
1777182825.790,2162661,6,3,COMMS,255,BROADCAST,0,HEARTBEAT,48,HEARTBEAT,0,0,0,0,0,0,0x1800FFC0
1777182826.799,2163671,6,3,COMMS,255,BROADCAST,0,HEARTBEAT,48,HEARTBEAT,0,0,0,0,0,0,0x1800FFC0
1777182827.857,2164728,6,3,COMMS,255,BROADCAST,0,HEARTBEAT,48,HEARTBEAT,0,0,0,0,0,0,0x1800FFC0
1777182828.919,2165760,6,3,COMMS,255,BROADCAST,0,HEARTBEAT,48,HEARTBEAT,0,0,0,0,0,0,0x1800FFC0
1777182829.954,2166795,6,3,COMMS,255,BROADCAST,0,HEARTBEAT,48,HEARTBEAT,0,0,0,0,0,0,0x1800FFC0
1777182830.926,2167797,6,3,COMMS,255,BROADCAST,0,HEARTBEAT,48,HEARTBEAT,0,0,0,0,0,0,0x1800FFC0
1777182831.993,2168863,6,3,COMMS,255,BROADCAST,0,HEARTBEAT,48,HEARTBEAT,0,0,0,0,0,0,0x1800FFC0
1777182833.025,2169878,6,3,COMMS,255,BROADCAST,0,HEARTBEAT,48,HEARTBEAT,0,0,0,0,0,0,0x1800FFC0
1777182834.049,2170920,6,3,COMMS,255,BROADCAST,0,HEARTBEAT,48,HEARTBEAT,0,0,0,0,0,0,0x1800FFC0
1777182835.093,2171964,6,3,COMMS,255,BROADCAST,0,HEARTBEAT,48,HEARTBEAT,0,0,0,0,0,0,0x1800FFC0
1777182836.127,2172997,6,3,COMMS,255,BROADCAST,0,HEARTBEAT,48,HEARTBEAT,0,0,0,0,0,0,0x1800FFC0
1777182837.141,2174013,6,3,COMMS,255,BROADCAST,0,HEARTBEAT,48,HEARTBEAT,0,0,0,0,0,0,0x1800FFC0
1777182838.195,2175065,6,3,COMMS,255,BROADCAST,0,HEARTBEAT,48,HEARTBEAT,0,0,0,0,0,0,0x1800FFC0
1777182839.227,2176098,6,3,COMMS,255,BROADCAST,0,HEARTBEAT,48,HEARTBEAT,0,0,0,0,0,0,0x1800FFC0
1777182840.236,2177107,6,3,COMMS,255,BROADCAST,0,HEARTBEAT,48,HEARTBEAT,0,0,0,0,0,0,0x1800FFC0
1777182841.243,2178114,6,3,COMMS,255,BROADCAST,0,HEARTBEAT,48,HEARTBEAT,0,0,0,0,0,0,0x1800FFC0
1777182842.344,2179197,6,3,COMMS,255,BROADCAST,0,HEARTBEAT,48,HEARTBEAT,0,0,0,0,0,0,0x1800FFC0
1777182843.368,2180233,6,3,COMMS,255,BROADCAST,0,HEARTBEAT,48,HEARTBEAT,0,0,0,0,0,0,0x1800FFC0
1777182844.395,2181266,6,3,COMMS,255,BROADCAST,0,HEARTBEAT,48,HEARTBEAT,0,0,0,0,0,0,0x1800FFC0
1777182845.414,2182270,6,3,COMMS,255,BROADCAST,0,HEARTBEAT,48,HEARTBEAT,0,0,0,0,0,0,0x1800FFC0
1777182846.438,2183271,6,3,COMMS,255,BROADCAST,0,HEARTBEAT,48,HEARTBEAT,0,0,0,0,0,0,0x1800FFC0
1777182847.494,2184365,6,3,COMMS,255,BROADCAST,0,HEARTBEAT,48,HEARTBEAT,0,0,0,0,0,0,0x1800FFC0
1777182848.538,2185401,6,3,COMMS,255,BROADCAST,0,HEARTBEAT,48,HEARTBEAT,0,0,0,0,0,0,0x1800FFC0
1777182849.545,2186415,6,3,COMMS,255,BROADCAST,0,HEARTBEAT,48,HEARTBEAT,0,0,0,0,0,0,0x1800FFC0
1777182850.634,2187468,6,3,COMMS,255,BROADCAST,0,HEARTBEAT,48,HEARTBEAT,0,0,0,0,0,0,0x1800FFC0
1777182851.653,2188502,6,3,COMMS,255,BROADCAST,0,HEARTBEAT,48,HEARTBEAT,0,0,0,0,0,0,0x1800FFC0
1777182852.638,2189509,6,3,COMMS,255,BROADCAST,0,HEARTBEAT,48,HEARTBEAT,0,0,0,0,0,0,0x1800FFC0
1777182853.705,2190569,6,3,COMMS,255,BROADCAST,0,HEARTBEAT,48,HEARTBEAT,0,0,0,0,0,0,0x1800FFC0
1777182854.735,2191587,6,3,COMMS,255,BROADCAST,0,HEARTBEAT,48,HEARTBEAT,0,0,0,0,0,0,0x1800FFC0
1777182855.767,2192636,6,3,COMMS,255,BROADCAST,0,HEARTBEAT,48,HEARTBEAT,0,0,0,0,0,0,0x1800FFC0
1777182856.800,2193670,6,3,COMMS,255,BROADCAST,0,HEARTBEAT,48,HEARTBEAT,0,0,0,0,0,0,0x1800FFC0
1777182857.833,2194704,6,3,COMMS,255,BROADCAST,0,HEARTBEAT,48,HEARTBEAT,0,0,0,0,0,0,0x1800FFC0
1777182858.867,2195737,6,3,COMMS,255,BROADCAST,0,HEARTBEAT,48,HEARTBEAT,0,0,0,0,0,0,0x1800FFC0
1777182859.879,2196744,6,3,COMMS,255,BROADCAST,0,HEARTBEAT,48,HEARTBEAT,0,0,0,0,0,0,0x1800FFC0
1777182860.913,2197784,6,3,COMMS,255,BROADCAST,0,HEARTBEAT,48,HEARTBEAT,0,0,0,0,0,0,0x1800FFC0
1777182862.021,2198838,6,3,COMMS,255,BROADCAST,0,HEARTBEAT,48,HEARTBEAT,0,0,0,0,0,0,0x1800FFC0
1777182862.972,2199843,6,3,COMMS,255,BROADCAST,0,HEARTBEAT,48,HEARTBEAT,0,0,0,0,0,0,0x1800FFC0
1777182864.075,2200906,6,3,COMMS,255,BROADCAST,0,HEARTBEAT,48,HEARTBEAT,0,0,0,0,0,0,0x1800FFC0
1777182865.096,2201939,6,3,COMMS,255,BROADCAST,0,HEARTBEAT,48,HEARTBEAT,0,0,0,0,0,0,0x1800FFC0
1777182866.120,2202973,6,3,COMMS,255,BROADCAST,0,HEARTBEAT,48,HEARTBEAT,0,0,0,0,0,0,0x1800FFC0
1777182867.146,2203977,6,3,COMMS,255,BROADCAST,0,HEARTBEAT,48,HEARTBEAT,0,0,0,0,0,0,0x1800FFC0
1777182868.170,2205040,6,3,COMMS,255,BROADCAST,0,HEARTBEAT,48,HEARTBEAT,0,0,0,0,0,0,0x1800FFC0
1777182869.197,2206060,6,3,COMMS,255,BROADCAST,0,HEARTBEAT,48,HEARTBEAT,0,0,0,0,0,0,0x1800FFC0
1777182870.237,2207108,6,3,COMMS,255,BROADCAST,0,HEARTBEAT,48,HEARTBEAT,0,0,0,0,0,0,0x1800FFC0
1777182871.271,2208141,6,3,COMMS,255,BROADCAST,0,HEARTBEAT,48,HEARTBEAT,0,0,0,0,0,0,0x1800FFC0
1777182872.305,2209175,6,3,COMMS,255,BROADCAST,0,HEARTBEAT,48,HEARTBEAT,0,0,0,0,0,0,0x1800FFC0
1777182873.388,2210209,6,3,COMMS,255,BROADCAST,0,HEARTBEAT,48,HEARTBEAT,0,0,0,0,0,0,0x1800FFC0
1777182874.340,2211218,6,3,COMMS,255,BROADCAST,0,HEARTBEAT,48,HEARTBEAT,0,0,0,0,0,0,0x1800FFC0
1777182875.438,2212276,6,3,COMMS,255,BROADCAST,0,HEARTBEAT,48,HEARTBEAT,0,0,0,0,0,0,0x1800FFC0
1777182876.448,2213300,6,3,COMMS,255,BROADCAST,0,HEARTBEAT,48,HEARTBEAT,0,0,0,0,0,0,0x1800FFC0
1777182877.484,2214343,6,3,COMMS,255,BROADCAST,0,HEARTBEAT,48,HEARTBEAT,0,0,0,0,0,0,0x1800FFC0
1777182878.510,2215359,6,3,COMMS,255,BROADCAST,0,HEARTBEAT,48,HEARTBEAT,0,0,0,0,0,0,0x1800FFC0
1777182879.522,2216369,6,3,COMMS,255,BROADCAST,0,HEARTBEAT,48,HEARTBEAT,0,0,0,0,0,0,0x1800FFC0
1777182880.574,2217444,6,3,COMMS,255,BROADCAST,0,HEARTBEAT,48,HEARTBEAT,0,0,0,0,0,0,0x1800FFC0
1777182881.588,2218454,6,3,COMMS,255,BROADCAST,0,HEARTBEAT,48,HEARTBEAT,0,0,0,0,0,0,0x1800FFC0
1777182882.641,2219511,6,3,COMMS,255,BROADCAST,0,HEARTBEAT,48,HEARTBEAT,0,0,0,0,0,0,0x1800FFC0
1777182883.714,2220545,6,3,COMMS,255,BROADCAST,0,HEARTBEAT,48,HEARTBEAT,0,0,0,0,0,0,0x1800FFC0
1777182884.744,2221577,6,3,COMMS,255,BROADCAST,0,HEARTBEAT,48,HEARTBEAT,0,0,0,0,0,0,0x1800FFC0
1777182885.772,2222612,6,3,COMMS,255,BROADCAST,0,HEARTBEAT,48,HEARTBEAT,0,0,0,0,0,0,0x1800FFC0
1777182886.794,2223643,6,3,COMMS,255,BROADCAST,0,HEARTBEAT,48,HEARTBEAT,0,0,0,0,0,0,0x1800FFC0
1777182887.817,2224679,6,3,COMMS,255,BROADCAST,0,HEARTBEAT,48,HEARTBEAT,0,0,0,0,0,0,0x1800FFC0
1777182888.842,2225681,6,3,COMMS,255,BROADCAST,0,HEARTBEAT,48,HEARTBEAT,0,0,0,0,0,0,0x1800FFC0
1777182889.813,2226684,6,3,COMMS,255,BROADCAST,0,HEARTBEAT,48,HEARTBEAT,0,0,0,0,0,0,0x1800FFC0
1777182890.900,2227766,6,3,COMMS,255,BROADCAST,0,HEARTBEAT,48,HEARTBEAT,0,0,0,0,0,0,0x1800FFC0
1777182891.943,2228814,6,3,COMMS,255,BROADCAST,0,HEARTBEAT,48,HEARTBEAT,0,0,0,0,0,0,0x1800FFC0
1777182892.977,2229848,6,3,COMMS,255,BROADCAST,0,HEARTBEAT,48,HEARTBEAT,0,0,0,0,0,0,0x1800FFC0
1777182893.992,2230860,6,3,COMMS,255,BROADCAST,0,HEARTBEAT,48,HEARTBEAT,0,0,0,0,0,0,0x1800FFC0
1777182895.085,2231915,6,3,COMMS,255,BROADCAST,0,HEARTBEAT,48,HEARTBEAT,0,0,0,0,0,0,0x1800FFC0
1777182896.111,2232948,6,3,COMMS,255,BROADCAST,0,HEARTBEAT,48,HEARTBEAT,0,0,0,0,0,0,0x1800FFC0
1777182897.082,2233952,6,3,COMMS,255,BROADCAST,0,HEARTBEAT,48,HEARTBEAT,0,0,0,0,0,0,0x1800FFC0
1777182898.156,2235016,6,3,COMMS,255,BROADCAST,0,HEARTBEAT,48,HEARTBEAT,0,0,0,0,0,0,0x1800FFC0
1777182899.184,2236047,6,3,COMMS,255,BROADCAST,0,HEARTBEAT,48,HEARTBEAT,0,0,0,0,0,0,0x1800FFC0
1777182900.213,2237083,6,3,COMMS,255,BROADCAST,0,HEARTBEAT,48,HEARTBEAT,0,0,0,0,0,0,0x1800FFC0
1777182901.232,2238094,6,3,COMMS,255,BROADCAST,0,HEARTBEAT,48,HEARTBEAT,0,0,0,0,0,0,0x1800FFC0
1777182902.280,2239150,6,3,COMMS,255,BROADCAST,0,HEARTBEAT,48,HEARTBEAT,0,0,0,0,0,0,0x1800FFC0
1777182903.287,2240156,6,3,COMMS,255,BROADCAST,0,HEARTBEAT,48,HEARTBEAT,0,0,0,0,0,0,0x1800FFC0
1777182904.308,2241177,6,3,COMMS,255,BROADCAST,0,HEARTBEAT,48,HEARTBEAT,0,0,0,0,0,0,0x1800FFC0
1777182905.368,2242239,6,3,COMMS,255,BROADCAST,0,HEARTBEAT,48,HEARTBEAT,0,0,0,0,0,0,0x1800FFC0
1777182906.450,2243284,6,3,COMMS,255,BROADCAST,0,HEARTBEAT,48,HEARTBEAT,0,0,0,0,0,0,0x1800FFC0
1777182907.484,2244302,6,3,COMMS,255,BROADCAST,0,HEARTBEAT,48,HEARTBEAT,0,0,0,0,0,0,0x1800FFC0
1777182908.502,2245352,6,3,COMMS,255,BROADCAST,0,HEARTBEAT,48,HEARTBEAT,0,0,0,0,0,0,0x1800FFC0
1777182909.518,2246385,6,3,COMMS,255,BROADCAST,0,HEARTBEAT,48,HEARTBEAT,0,0,0,0,0,0,0x1800FFC0
1777182910.552,2247397,6,3,COMMS,255,BROADCAST,0,HEARTBEAT,48,HEARTBEAT,0,0,0,0,0,0,0x1800FFC0
1777182911.583,2248452,6,3,COMMS,255,BROADCAST,0,HEARTBEAT,48,HEARTBEAT,0,0,0,0,0,0,0x1800FFC0
1777182912.594,2249463,6,3,COMMS,255,BROADCAST,0,HEARTBEAT,48,HEARTBEAT,0,0,0,0,0,0,0x1800FFC0
1777182913.660,2250519,6,3,COMMS,255,BROADCAST,0,HEARTBEAT,48,HEARTBEAT,0,0,0,0,0,0,0x1800FFC0
1777182914.675,2251545,6,3,COMMS,255,BROADCAST,0,HEARTBEAT,48,HEARTBEAT,0,0,0,0,0,0,0x1800FFC0
1777182915.680,2252547,6,3,COMMS,255,BROADCAST,0,HEARTBEAT,48,HEARTBEAT,0,0,0,0,0,0,0x1800FFC0
1777182916.721,2253588,6,3,COMMS,255,BROADCAST,0,HEARTBEAT,48,HEARTBEAT,0,0,0,0,0,0,0x1800FFC0
1777182917.813,2254654,6,3,COMMS,255,BROADCAST,0,HEARTBEAT,48,HEARTBEAT,0,0,0,0,0,0,0x1800FFC0
1777182918.834,2255683,6,3,COMMS,255,BROADCAST,0,HEARTBEAT,48,HEARTBEAT,0,0,0,0,0,0,0x1800FFC0
1777182919.820,2256689,6,3,COMMS,255,BROADCAST,0,HEARTBEAT,48,HEARTBEAT,0,0,0,0,0,0,0x1800FFC0
1777182920.895,2257755,6,3,COMMS,255,BROADCAST,0,HEARTBEAT,48,HEARTBEAT,0,0,0,0,0,0,0x1800FFC0
1777182921.919,2258788,6,3,COMMS,255,BROADCAST,0,HEARTBEAT,48,HEARTBEAT,0,0,0,0,0,0,0x1800FFC0
1777182922.951,2259822,6,3,COMMS,255,BROADCAST,0,HEARTBEAT,48,HEARTBEAT,0,0,0,0,0,0,0x1800FFC0
1777182923.986,2260855,6,3,COMMS,255,BROADCAST,0,HEARTBEAT,48,HEARTBEAT,0,0,0,0,0,0,0x1800FFC0
1777182925.009,2261878,6,3,COMMS,255,BROADCAST,0,HEARTBEAT,48,HEARTBEAT,0,0,0,0,0,0,0x1800FFC0
1777182926.054,2262922,6,3,COMMS,255,BROADCAST,0,HEARTBEAT,48,HEARTBEAT,0,0,0,0,0,0,0x1800FFC0
1777182927.075,2263944,6,3,COMMS,255,BROADCAST,0,HEARTBEAT,48,HEARTBEAT,0,0,0,0,0,0,0x1800FFC0
1777182928.160,2264990,6,3,COMMS,255,BROADCAST,0,HEARTBEAT,48,HEARTBEAT,0,0,0,0,0,0,0x1800FFC0
1777182929.184,2266023,6,3,COMMS,255,BROADCAST,0,HEARTBEAT,48,HEARTBEAT,0,0,0,0,0,0,0x1800FFC0
1777182930.213,2267057,6,3,COMMS,255,BROADCAST,0,HEARTBEAT,48,HEARTBEAT,0,0,0,0,0,0,0x1800FFC0
1777182931.231,2268091,6,3,COMMS,255,BROADCAST,0,HEARTBEAT,48,HEARTBEAT,0,0,0,0,0,0,0x1800FFC0
1777182932.257,2269101,6,3,COMMS,255,BROADCAST,0,HEARTBEAT,48,HEARTBEAT,0,0,0,0,0,0,0x1800FFC0
1777182933.289,2270158,6,3,COMMS,255,BROADCAST,0,HEARTBEAT,48,HEARTBEAT,0,0,0,0,0,0,0x1800FFC0
1777182934.314,2271183,6,3,COMMS,255,BROADCAST,0,HEARTBEAT,48,HEARTBEAT,0,0,0,0,0,0,0x1800FFC0
1777182935.356,2272225,6,3,COMMS,255,BROADCAST,0,HEARTBEAT,48,HEARTBEAT,0,0,0,0,0,0,0x1800FFC0
1777182936.370,2273240,6,3,COMMS,255,BROADCAST,0,HEARTBEAT,48,HEARTBEAT,0,0,0,0,0,0,0x1800FFC0
1777182937.423,2274293,6,3,COMMS,255,BROADCAST,0,HEARTBEAT,48,HEARTBEAT,0,0,0,0,0,0,0x1800FFC0
1777182938.458,2275326,6,3,COMMS,255,BROADCAST,0,HEARTBEAT,48,HEARTBEAT,0,0,0,0,0,0,0x1800FFC0
1777182939.465,2276334,6,3,COMMS,255,BROADCAST,0,HEARTBEAT,48,HEARTBEAT,0,0,0,0,0,0,0x1800FFC0
1777182940.559,2277394,6,3,COMMS,255,BROADCAST,0,HEARTBEAT,48,HEARTBEAT,0,0,0,0,0,0,0x1800FFC0
1777182941.571,2278427,6,3,COMMS,255,BROADCAST,0,HEARTBEAT,48,HEARTBEAT,0,0,0,0,0,0,0x1800FFC0
1777182942.600,2279461,6,3,COMMS,255,BROADCAST,0,HEARTBEAT,48,HEARTBEAT,0,0,0,0,0,0,0x1800FFC0
1777182943.622,2280491,6,3,COMMS,255,BROADCAST,0,HEARTBEAT,48,HEARTBEAT,0,0,0,0,0,0,0x1800FFC0
1777182944.661,2281528,6,3,COMMS,255,BROADCAST,0,HEARTBEAT,48,HEARTBEAT,0,0,0,0,0,0,0x1800FFC0
1777182945.693,2282562,6,3,COMMS,255,BROADCAST,0,HEARTBEAT,48,HEARTBEAT,0,0,0,0,0,0,0x1800FFC0
1777182946.713,2283582,6,3,COMMS,255,BROADCAST,0,HEARTBEAT,48,HEARTBEAT,0,0,0,0,0,0,0x1800FFC0
1777182947.746,2284615,6,3,COMMS,255,BROADCAST,0,HEARTBEAT,48,HEARTBEAT,0,0,0,0,0,0,0x1800FFC0
1777182948.794,2285663,6,3,COMMS,255,BROADCAST,0,HEARTBEAT,48,HEARTBEAT,0,0,0,0,0,0,0x1800FFC0
1777182949.880,2286697,6,3,COMMS,255,BROADCAST,0,HEARTBEAT,48,HEARTBEAT,0,0,0,0,0,0,0x1800FFC0
1777182950.839,2287708,6,3,COMMS,255,BROADCAST,0,HEARTBEAT,48,HEARTBEAT,0,0,0,0,0,0,0x1800FFC0
1777182951.853,2288722,6,3,COMMS,255,BROADCAST,0,HEARTBEAT,48,HEARTBEAT,0,0,0,0,0,0,0x1800FFC0
1777182952.941,2289798,6,3,COMMS,255,BROADCAST,0,HEARTBEAT,48,HEARTBEAT,0,0,0,0,0,0,0x1800FFC0
1777182953.966,2290805,6,3,COMMS,255,BROADCAST,0,HEARTBEAT,48,HEARTBEAT,0,0,0,0,0,0,0x1800FFC0
1777182954.999,2291865,6,3,COMMS,255,BROADCAST,0,HEARTBEAT,48,HEARTBEAT,0,0,0,0,0,0,0x1800FFC0
1777182956.017,2292887,6,3,COMMS,255,BROADCAST,0,HEARTBEAT,48,HEARTBEAT,0,0,0,0,0,0,0x1800FFC0
1777182957.043,2293912,6,3,COMMS,255,BROADCAST,0,HEARTBEAT,48,HEARTBEAT,0,0,0,0,0,0,0x1800FFC0
1777182958.097,2294966,6,3,COMMS,255,BROADCAST,0,HEARTBEAT,48,HEARTBEAT,0,0,0,0,0,0,0x1800FFC0
1777182959.131,2296000,6,3,COMMS,255,BROADCAST,0,HEARTBEAT,48,HEARTBEAT,0,0,0,0,0,0,0x1800FFC0
1777182960.159,2297028,6,3,COMMS,255,BROADCAST,0,HEARTBEAT,48,HEARTBEAT,0,0,0,0,0,0,0x1800FFC0
1777182961.230,2298067,6,3,COMMS,255,BROADCAST,0,HEARTBEAT,48,HEARTBEAT,0,0,0,0,0,0,0x1800FFC0
1777182962.259,2299100,6,3,COMMS,255,BROADCAST,0,HEARTBEAT,48,HEARTBEAT,0,0,0,0,0,0,0x1800FFC0
1777182963.233,2300101,6,3,COMMS,255,BROADCAST,0,HEARTBEAT,48,HEARTBEAT,0,0,0,0,0,0,0x1800FFC0
1777182964.242,2301111,6,3,COMMS,255,BROADCAST,0,HEARTBEAT,48,HEARTBEAT,0,0,0,0,0,0,0x1800FFC0
1777182965.332,2302184,6,3,COMMS,255,BROADCAST,0,HEARTBEAT,48,HEARTBEAT,0,0,0,0,0,0,0x1800FFC0
1777182966.365,2303235,6,3,COMMS,255,BROADCAST,0,HEARTBEAT,48,HEARTBEAT,0,0,0,0,0,0,0x1800FFC0
1777182967.399,2304269,6,3,COMMS,255,BROADCAST,0,HEARTBEAT,48,HEARTBEAT,0,0,0,0,0,0,0x1800FFC0
1777182968.409,2305278,6,3,COMMS,255,BROADCAST,0,HEARTBEAT,48,HEARTBEAT,0,0,0,0,0,0,0x1800FFC0
1777182969.467,2306336,6,3,COMMS,255,BROADCAST,0,HEARTBEAT,48,HEARTBEAT,0,0,0,0,0,0,0x1800FFC0
1777182970.499,2307369,6,3,COMMS,255,BROADCAST,0,HEARTBEAT,48,HEARTBEAT,0,0,0,0,0,0,0x1800FFC0
1777182971.504,2308372,6,3,COMMS,255,BROADCAST,0,HEARTBEAT,48,HEARTBEAT,0,0,0,0,0,0,0x1800FFC0
1777182972.519,2309388,6,3,COMMS,255,BROADCAST,0,HEARTBEAT,48,HEARTBEAT,0,0,0,0,0,0,0x1800FFC0
1777182973.612,2310470,6,3,COMMS,255,BROADCAST,0,HEARTBEAT,48,HEARTBEAT,0,0,0,0,0,0,0x1800FFC0
1777182974.649,2311483,6,3,COMMS,255,BROADCAST,0,HEARTBEAT,48,HEARTBEAT,0,0,0,0,0,0,0x1800FFC0
1777182975.675,2312509,6,3,COMMS,255,BROADCAST,0,HEARTBEAT,48,HEARTBEAT,0,0,0,0,0,0,0x1800FFC0
1777182976.693,2313539,6,3,COMMS,255,BROADCAST,0,HEARTBEAT,48,HEARTBEAT,0,0,0,0,0,0,0x1800FFC0
1777182977.736,2314604,6,3,COMMS,255,BROADCAST,0,HEARTBEAT,48,HEARTBEAT,0,0,0,0,0,0,0x1800FFC0
1777182978.768,2315637,6,3,COMMS,255,BROADCAST,0,HEARTBEAT,48,HEARTBEAT,0,0,0,0,0,0,0x1800FFC0
1777182979.802,2316671,6,3,COMMS,255,BROADCAST,0,HEARTBEAT,48,HEARTBEAT,0,0,0,0,0,0,0x1800FFC0
1777182980.836,2317705,6,3,COMMS,255,BROADCAST,0,HEARTBEAT,48,HEARTBEAT,0,0,0,0,0,0,0x1800FFC0
1777182981.857,2318726,6,3,COMMS,255,BROADCAST,0,HEARTBEAT,48,HEARTBEAT,0,0,0,0,0,0,0x1800FFC0
1777182982.940,2319772,6,3,COMMS,255,BROADCAST,0,HEARTBEAT,48,HEARTBEAT,0,0,0,0,0,0,0x1800FFC0
1777182983.957,2320806,6,3,COMMS,255,BROADCAST,0,HEARTBEAT,48,HEARTBEAT,0,0,0,0,0,0,0x1800FFC0
1777182984.985,2321839,6,3,COMMS,255,BROADCAST,0,HEARTBEAT,48,HEARTBEAT,0,0,0,0,0,0,0x1800FFC0
1777182986.017,2322873,6,3,COMMS,255,BROADCAST,0,HEARTBEAT,48,HEARTBEAT,0,0,0,0,0,0,0x1800FFC0
1777182987.039,2323882,6,3,COMMS,255,BROADCAST,0,HEARTBEAT,48,HEARTBEAT,0,0,0,0,0,0,0x1800FFC0
1777182988.065,2324899,6,3,COMMS,255,BROADCAST,0,HEARTBEAT,48,HEARTBEAT,0,0,0,0,0,0,0x1800FFC0
1777182989.105,2325974,6,3,COMMS,255,BROADCAST,0,HEARTBEAT,48,HEARTBEAT,0,0,0,0,0,0,0x1800FFC0
1777182990.112,2326981,6,3,COMMS,255,BROADCAST,0,HEARTBEAT,48,HEARTBEAT,0,0,0,0,0,0,0x1800FFC0
1777182991.172,2328041,6,3,COMMS,255,BROADCAST,0,HEARTBEAT,48,HEARTBEAT,0,0,0,0,0,0,0x1800FFC0
1777182992.195,2329064,6,3,COMMS,255,BROADCAST,0,HEARTBEAT,48,HEARTBEAT,0,0,0,0,0,0,0x1800FFC0
1777182993.239,2330108,6,3,COMMS,255,BROADCAST,0,HEARTBEAT,48,HEARTBEAT,0,0,0,0,0,0,0x1800FFC0
1777182994.254,2331123,6,3,COMMS,255,BROADCAST,0,HEARTBEAT,48,HEARTBEAT,0,0,0,0,0,0,0x1800FFC0
1777182995.256,2332124,6,3,COMMS,255,BROADCAST,0,HEARTBEAT,48,HEARTBEAT,0,0,0,0,0,0,0x1800FFC0
1777182996.356,2333209,6,3,COMMS,255,BROADCAST,0,HEARTBEAT,48,HEARTBEAT,0,0,0,0,0,0,0x1800FFC0
1777182997.383,2334243,6,3,COMMS,255,BROADCAST,0,HEARTBEAT,48,HEARTBEAT,0,0,0,0,0,0,0x1800FFC0
1777182998.408,2335276,6,3,COMMS,255,BROADCAST,0,HEARTBEAT,48,HEARTBEAT,0,0,0,0,0,0,0x1800FFC0
1777182999.433,2336296,6,3,COMMS,255,BROADCAST,0,HEARTBEAT,48,HEARTBEAT,0,0,0,0,0,0,0x1800FFC0
1777183000.475,2337344,6,3,COMMS,255,BROADCAST,0,HEARTBEAT,48,HEARTBEAT,0,0,0,0,0,0,0x1800FFC0
1777183001.509,2338377,6,3,COMMS,255,BROADCAST,0,HEARTBEAT,48,HEARTBEAT,0,0,0,0,0,0,0x1800FFC0
1777183002.517,2339385,6,3,COMMS,255,BROADCAST,0,HEARTBEAT,48,HEARTBEAT,0,0,0,0,0,0,0x1800FFC0
1777183003.575,2340444,6,3,COMMS,255,BROADCAST,0,HEARTBEAT,48,HEARTBEAT,0,0,0,0,0,0,0x1800FFC0
1777183004.600,2341466,6,3,COMMS,255,BROADCAST,0,HEARTBEAT,48,HEARTBEAT,0,0,0,0,0,0,0x1800FFC0
1777183005.673,2342511,6,3,COMMS,255,BROADCAST,0,HEARTBEAT,48,HEARTBEAT,0,0,0,0,0,0,0x1800FFC0
1777183006.699,2343545,6,3,COMMS,255,BROADCAST,0,HEARTBEAT,48,HEARTBEAT,0,0,0,0,0,0,0x1800FFC0
1777183007.726,2344559,6,3,COMMS,255,BROADCAST,0,HEARTBEAT,48,HEARTBEAT,0,0,0,0,0,0,0x1800FFC0
1777183008.743,2345582,6,3,COMMS,255,BROADCAST,0,HEARTBEAT,48,HEARTBEAT,0,0,0,0,0,0,0x1800FFC0
1777183009.785,2346646,6,3,COMMS,255,BROADCAST,0,HEARTBEAT,48,HEARTBEAT,0,0,0,0,0,0,0x1800FFC0
1777183010.797,2347665,6,3,COMMS,255,BROADCAST,0,HEARTBEAT,48,HEARTBEAT,0,0,0,0,0,0,0x1800FFC0
1777183011.824,2348689,6,3,COMMS,255,BROADCAST,0,HEARTBEAT,48,HEARTBEAT,0,0,0,0,0,0,0x1800FFC0
1777183012.878,2349746,6,3,COMMS,255,BROADCAST,0,HEARTBEAT,48,HEARTBEAT,0,0,0,0,0,0,0x1800FFC0
1777183013.903,2350772,6,3,COMMS,255,BROADCAST,0,HEARTBEAT,48,HEARTBEAT,0,0,0,0,0,0,0x1800FFC0
1777183014.945,2351814,6,3,COMMS,255,BROADCAST,0,HEARTBEAT,48,HEARTBEAT,0,0,0,0,0,0,0x1800FFC0
1777183016.022,2352847,6,3,COMMS,255,BROADCAST,0,HEARTBEAT,48,HEARTBEAT,0,0,0,0,0,0,0x1800FFC0
1777183017.044,2353881,6,3,COMMS,255,BROADCAST,0,HEARTBEAT,48,HEARTBEAT,0,0,0,0,0,0,0x1800FFC0
1777183018.069,2354915,6,3,COMMS,255,BROADCAST,0,HEARTBEAT,48,HEARTBEAT,0,0,0,0,0,0,0x1800FFC0
1777183019.085,2355928,6,3,COMMS,255,BROADCAST,0,HEARTBEAT,48,HEARTBEAT,0,0,0,0,0,0,0x1800FFC0
1777183020.116,2356982,6,3,COMMS,255,BROADCAST,0,HEARTBEAT,48,HEARTBEAT,0,0,0,0,0,0,0x1800FFC0
1777183021.142,2358011,6,3,COMMS,255,BROADCAST,0,HEARTBEAT,48,HEARTBEAT,0,0,0,0,0,0,0x1800FFC0
1777183022.181,2359049,6,3,COMMS,255,BROADCAST,0,HEARTBEAT,48,HEARTBEAT,0,0,0,0,0,0,0x1800FFC0
1777183023.196,2360064,6,3,COMMS,255,BROADCAST,0,HEARTBEAT,48,HEARTBEAT,0,0,0,0,0,0,0x1800FFC0
1777183024.212,2361080,6,3,COMMS,255,BROADCAST,0,HEARTBEAT,48,HEARTBEAT,0,0,0,0,0,0,0x1800FFC0
1777183025.281,2362150,6,3,COMMS,255,BROADCAST,0,HEARTBEAT,48,HEARTBEAT,0,0,0,0,0,0,0x1800FFC0
1777183026.293,2363162,6,3,COMMS,255,BROADCAST,0,HEARTBEAT,48,HEARTBEAT,0,0,0,0,0,0,0x1800FFC0
1777183027.329,2364198,6,3,COMMS,255,BROADCAST,0,HEARTBEAT,48,HEARTBEAT,0,0,0,0,0,0,0x1800FFC0
1777183028.412,2365250,6,3,COMMS,255,BROADCAST,0,HEARTBEAT,48,HEARTBEAT,0,0,0,0,0,0,0x1800FFC0
1777183029.429,2366284,6,3,COMMS,255,BROADCAST,0,HEARTBEAT,48,HEARTBEAT,0,0,0,0,0,0,0x1800FFC0
1777183030.465,2367289,6,3,COMMS,255,BROADCAST,0,HEARTBEAT,48,HEARTBEAT,0,0,0,0,0,0,0x1800FFC0
1777183031.483,2368351,6,3,COMMS,255,BROADCAST,0,HEARTBEAT,48,HEARTBEAT,0,0,0,0,0,0,0x1800FFC0
1777183032.507,2369366,6,3,COMMS,255,BROADCAST,0,HEARTBEAT,48,HEARTBEAT,0,0,0,0,0,0,0x1800FFC0
1777183033.532,2370391,6,3,COMMS,255,BROADCAST,0,HEARTBEAT,48,HEARTBEAT,0,0,0,0,0,0,0x1800FFC0
1777183034.557,2371391,6,3,COMMS,255,BROADCAST,0,HEARTBEAT,48,HEARTBEAT,0,0,0,0,0,0,0x1800FFC0
1777183035.612,2372480,6,3,COMMS,255,BROADCAST,0,HEARTBEAT,48,HEARTBEAT,0,0,0,0,0,0,0x1800FFC0
1777183036.651,2373519,6,3,COMMS,255,BROADCAST,0,HEARTBEAT,48,HEARTBEAT,0,0,0,0,0,0,0x1800FFC0
1777183037.684,2374553,6,3,COMMS,255,BROADCAST,0,HEARTBEAT,48,HEARTBEAT,0,0,0,0,0,0,0x1800FFC0
1777183038.685,2375553,6,3,COMMS,255,BROADCAST,0,HEARTBEAT,48,HEARTBEAT,0,0,0,0,0,0,0x1800FFC0
1777183039.777,2376620,6,3,COMMS,255,BROADCAST,0,HEARTBEAT,48,HEARTBEAT,0,0,0,0,0,0,0x1800FFC0
1777183040.795,2377636,6,3,COMMS,255,BROADCAST,0,HEARTBEAT,48,HEARTBEAT,0,0,0,0,0,0,0x1800FFC0
1777183041.830,2378687,6,3,COMMS,255,BROADCAST,0,HEARTBEAT,48,HEARTBEAT,0,0,0,0,0,0,0x1800FFC0
1777183042.852,2379718,6,3,COMMS,255,BROADCAST,0,HEARTBEAT,48,HEARTBEAT,0,0,0,0,0,0,0x1800FFC0
1777183043.887,2380754,6,3,COMMS,255,BROADCAST,0,HEARTBEAT,48,HEARTBEAT,0,0,0,0,0,0,0x1800FFC0
1777183044.924,2381788,6,3,COMMS,255,BROADCAST,0,HEARTBEAT,48,HEARTBEAT,0,0,0,0,0,0,0x1800FFC0
1777183045.924,2382792,6,3,COMMS,255,BROADCAST,0,HEARTBEAT,48,HEARTBEAT,0,0,0,0,0,0,0x1800FFC0
1777183046.988,2383855,6,3,COMMS,255,BROADCAST,0,HEARTBEAT,48,HEARTBEAT,0,0,0,0,0,0,0x1800FFC0
1777183048.001,2384869,6,3,COMMS,255,BROADCAST,0,HEARTBEAT,48,HEARTBEAT,0,0,0,0,0,0,0x1800FFC0
1777183049.099,2385923,6,3,COMMS,255,BROADCAST,0,HEARTBEAT,48,HEARTBEAT,0,0,0,0,0,0,0x1800FFC0
1777183050.122,2386952,6,3,COMMS,255,BROADCAST,0,HEARTBEAT,48,HEARTBEAT,0,0,0,0,0,0,0x1800FFC0
1777183051.144,2387990,6,3,COMMS,255,BROADCAST,0,HEARTBEAT,48,HEARTBEAT,0,0,0,0,0,0,0x1800FFC0
1777183052.173,2389007,6,3,COMMS,255,BROADCAST,0,HEARTBEAT,48,HEARTBEAT,0,0,0,0,0,0,0x1800FFC0
1777183053.189,2390025,6,3,COMMS,255,BROADCAST,0,HEARTBEAT,48,HEARTBEAT,0,0,0,0,0,0,0x1800FFC0
1777183054.224,2391091,6,3,COMMS,255,BROADCAST,0,HEARTBEAT,48,HEARTBEAT,0,0,0,0,0,0,0x1800FFC0
1777183055.237,2392101,6,3,COMMS,255,BROADCAST,0,HEARTBEAT,48,HEARTBEAT,0,0,0,0,0,0,0x1800FFC0
1777183056.281,2393149,6,3,COMMS,255,BROADCAST,0,HEARTBEAT,48,HEARTBEAT,0,0,0,0,0,0,0x1800FFC0
1777183057.331,2394192,6,3,COMMS,255,BROADCAST,0,HEARTBEAT,48,HEARTBEAT,0,0,0,0,0,0,0x1800FFC0
1777183058.357,2395225,6,3,COMMS,255,BROADCAST,0,HEARTBEAT,48,HEARTBEAT,0,0,0,0,0,0,0x1800FFC0
1777183059.392,2396259,6,3,COMMS,255,BROADCAST,0,HEARTBEAT,48,HEARTBEAT,0,0,0,0,0,0,0x1800FFC0
1777183060.463,2397292,6,3,COMMS,255,BROADCAST,0,HEARTBEAT,48,HEARTBEAT,0,0,0,0,0,0,0x1800FFC0
1777183061.484,2398318,6,3,COMMS,255,BROADCAST,0,HEARTBEAT,48,HEARTBEAT,0,0,0,0,0,0,0x1800FFC0
1777183062.517,2399360,6,3,COMMS,255,BROADCAST,0,HEARTBEAT,48,HEARTBEAT,0,0,0,0,0,0,0x1800FFC0
1777183063.529,2400394,6,3,COMMS,255,BROADCAST,0,HEARTBEAT,48,HEARTBEAT,0,0,0,0,0,0,0x1800FFC0
1777183064.560,2401412,6,3,COMMS,255,BROADCAST,0,HEARTBEAT,48,HEARTBEAT,0,0,0,0,0,0,0x1800FFC0
1777183065.594,2402461,6,3,COMMS,255,BROADCAST,0,HEARTBEAT,48,HEARTBEAT,0,0,0,0,0,0,0x1800FFC0
1777183066.626,2403494,6,3,COMMS,255,BROADCAST,0,HEARTBEAT,48,HEARTBEAT,0,0,0,0,0,0,0x1800FFC0
1777183067.636,2404503,6,3,COMMS,255,BROADCAST,0,HEARTBEAT,48,HEARTBEAT,0,0,0,0,0,0,0x1800FFC0
1777183068.682,2405549,6,3,COMMS,255,BROADCAST,0,HEARTBEAT,48,HEARTBEAT,0,0,0,0,0,0,0x1800FFC0
1777183069.727,2406595,6,3,COMMS,255,BROADCAST,0,HEARTBEAT,48,HEARTBEAT,0,0,0,0,0,0,0x1800FFC0
1777183070.761,2407629,6,3,COMMS,255,BROADCAST,0,HEARTBEAT,48,HEARTBEAT,0,0,0,0,0,0,0x1800FFC0
1777183071.765,2408632,6,3,COMMS,255,BROADCAST,0,HEARTBEAT,48,HEARTBEAT,0,0,0,0,0,0,0x1800FFC0
1777183072.784,2409647,6,3,COMMS,255,BROADCAST,0,HEARTBEAT,48,HEARTBEAT,0,0,0,0,0,0,0x1800FFC0
1777183073.882,2410730,6,3,COMMS,255,BROADCAST,0,HEARTBEAT,48,HEARTBEAT,0,0,0,0,0,0,0x1800FFC0
1777183074.901,2411730,6,3,COMMS,255,BROADCAST,0,HEARTBEAT,48,HEARTBEAT,0,0,0,0,0,0,0x1800FFC0
1777183075.929,2412797,6,3,COMMS,255,BROADCAST,0,HEARTBEAT,48,HEARTBEAT,0,0,0,0,0,0,0x1800FFC0
1777183076.950,2413812,6,3,COMMS,255,BROADCAST,0,HEARTBEAT,48,HEARTBEAT,0,0,0,0,0,0,0x1800FFC0
1777183077.997,2414864,6,3,COMMS,255,BROADCAST,0,HEARTBEAT,48,HEARTBEAT,0,0,0,0,0,0,0x1800FFC0
1777183079.027,2415895,6,3,COMMS,255,BROADCAST,0,HEARTBEAT,48,HEARTBEAT,0,0,0,0,0,0,0x1800FFC0
1777183080.062,2416930,6,3,COMMS,255,BROADCAST,0,HEARTBEAT,48,HEARTBEAT,0,0,0,0,0,0,0x1800FFC0
1777183081.083,2417950,6,3,COMMS,255,BROADCAST,0,HEARTBEAT,48,HEARTBEAT,0,0,0,0,0,0,0x1800FFC0
1777183082.173,2418999,6,3,COMMS,255,BROADCAST,0,HEARTBEAT,48,HEARTBEAT,0,0,0,0,0,0,0x1800FFC0
1777183083.135,2420003,6,3,COMMS,255,BROADCAST,0,HEARTBEAT,48,HEARTBEAT,0,0,0,0,0,0,0x1800FFC0
1777183084.177,2421044,6,3,COMMS,255,BROADCAST,0,HEARTBEAT,48,HEARTBEAT,0,0,0,0,0,0,0x1800FFC0
1777183085.246,2422100,6,3,COMMS,255,BROADCAST,0,HEARTBEAT,48,HEARTBEAT,0,0,0,0,0,0,0x1800FFC0
1777183086.265,2423127,6,3,COMMS,255,BROADCAST,0,HEARTBEAT,48,HEARTBEAT,0,0,0,0,0,0,0x1800FFC0
1777183087.300,2424167,6,3,COMMS,255,BROADCAST,0,HEARTBEAT,48,HEARTBEAT,0,0,0,0,0,0,0x1800FFC0
1777183088.334,2425201,6,3,COMMS,255,BROADCAST,0,HEARTBEAT,48,HEARTBEAT,0,0,0,0,0,0,0x1800FFC0
1777183089.370,2426235,6,3,COMMS,255,BROADCAST,0,HEARTBEAT,48,HEARTBEAT,0,0,0,0,0,0,0x1800FFC0
1777183090.373,2427240,6,3,COMMS,255,BROADCAST,0,HEARTBEAT,48,HEARTBEAT,0,0,0,0,0,0,0x1800FFC0
1777183091.435,2428302,6,3,COMMS,255,BROADCAST,0,HEARTBEAT,48,HEARTBEAT,0,0,0,0,0,0,0x1800FFC0
1777183092.468,2429336,6,3,COMMS,255,BROADCAST,0,HEARTBEAT,48,HEARTBEAT,0,0,0,0,0,0,0x1800FFC0
1777183093.540,2430369,6,3,COMMS,255,BROADCAST,0,HEARTBEAT,48,HEARTBEAT,0,0,0,0,0,0,0x1800FFC0
1777183094.562,2431403,6,3,COMMS,255,BROADCAST,0,HEARTBEAT,48,HEARTBEAT,0,0,0,0,0,0,0x1800FFC0
1777183095.580,2432430,6,3,COMMS,255,BROADCAST,0,HEARTBEAT,48,HEARTBEAT,0,0,0,0,0,0,0x1800FFC0
1777183096.565,2433432,6,3,COMMS,255,BROADCAST,0,HEARTBEAT,48,HEARTBEAT,0,0,0,0,0,0,0x1800FFC0
1777183097.636,2434504,6,3,COMMS,255,BROADCAST,0,HEARTBEAT,48,HEARTBEAT,0,0,0,0,0,0,0x1800FFC0
1777183098.660,2435515,6,3,COMMS,255,BROADCAST,0,HEARTBEAT,48,HEARTBEAT,0,0,0,0,0,0,0x1800FFC0
1777183099.703,2436571,6,3,COMMS,255,BROADCAST,0,HEARTBEAT,48,HEARTBEAT,0,0,0,0,0,0,0x1800FFC0
1777183100.730,2437597,6,3,COMMS,255,BROADCAST,0,HEARTBEAT,48,HEARTBEAT,0,0,0,0,0,0,0x1800FFC0
1777183101.771,2438638,6,3,COMMS,255,BROADCAST,0,HEARTBEAT,48,HEARTBEAT,0,0,0,0,0,0,0x1800FFC0
1777183102.804,2439671,6,3,COMMS,255,BROADCAST,0,HEARTBEAT,48,HEARTBEAT,0,0,0,0,0,0,0x1800FFC0
1777183103.810,2440676,6,3,COMMS,255,BROADCAST,0,HEARTBEAT,48,HEARTBEAT,0,0,0,0,0,0,0x1800FFC0
1777183104.836,2441702,6,3,COMMS,255,BROADCAST,0,HEARTBEAT,48,HEARTBEAT,0,0,0,0,0,0,0x1800FFC0
1777183105.931,2442772,6,3,COMMS,255,BROADCAST,0,HEARTBEAT,48,HEARTBEAT,0,0,0,0,0,0,0x1800FFC0
1777183106.977,2443784,6,3,COMMS,255,BROADCAST,0,HEARTBEAT,48,HEARTBEAT,0,0,0,0,0,0,0x1800FFC0
1777183107.981,2444829,6,3,COMMS,255,BROADCAST,0,HEARTBEAT,48,HEARTBEAT,0,0,0,0,0,0,0x1800FFC0
1777183109.005,2445849,6,3,COMMS,255,BROADCAST,0,HEARTBEAT,48,HEARTBEAT,0,0,0,0,0,0,0x1800FFC0
1777183110.029,2446895,6,3,COMMS,255,BROADCAST,0,HEARTBEAT,48,HEARTBEAT,0,0,0,0,0,0,0x1800FFC0
1777183111.076,2447907,6,3,COMMS,255,BROADCAST,0,HEARTBEAT,48,HEARTBEAT,0,0,0,0,0,0,0x1800FFC0
1777183112.106,2448973,6,3,COMMS,255,BROADCAST,0,HEARTBEAT,48,HEARTBEAT,0,0,0,0,0,0,0x1800FFC0
1777183113.134,2450002,6,3,COMMS,255,BROADCAST,0,HEARTBEAT,48,HEARTBEAT,0,0,0,0,0,0,0x1800FFC0
1777183114.173,2451040,6,3,COMMS,255,BROADCAST,0,HEARTBEAT,48,HEARTBEAT,0,0,0,0,0,0,0x1800FFC0
1777183115.239,2452074,6,3,COMMS,255,BROADCAST,0,HEARTBEAT,48,HEARTBEAT,0,0,0,0,0,0,0x1800FFC0
1777183116.223,2453090,6,3,COMMS,255,BROADCAST,0,HEARTBEAT,48,HEARTBEAT,0,0,0,0,0,0,0x1800FFC0
1777183117.295,2454141,6,3,COMMS,255,BROADCAST,0,HEARTBEAT,48,HEARTBEAT,0,0,0,0,0,0,0x1800FFC0
1777183118.314,2455167,6,3,COMMS,255,BROADCAST,0,HEARTBEAT,48,HEARTBEAT,0,0,0,0,0,0,0x1800FFC0
1777183119.346,2456208,6,3,COMMS,255,BROADCAST,0,HEARTBEAT,48,HEARTBEAT,0,0,0,0,0,0,0x1800FFC0
1777183120.364,2457218,6,3,COMMS,255,BROADCAST,0,HEARTBEAT,48,HEARTBEAT,0,0,0,0,0,0,0x1800FFC0
1777183121.409,2458275,6,3,COMMS,255,BROADCAST,0,HEARTBEAT,48,HEARTBEAT,0,0,0,0,0,0,0x1800FFC0
1777183122.434,2459301,6,3,COMMS,255,BROADCAST,0,HEARTBEAT,48,HEARTBEAT,0,0,0,0,0,0,0x1800FFC0
1777183123.475,2460342,6,3,COMMS,255,BROADCAST,0,HEARTBEAT,48,HEARTBEAT,0,0,0,0,0,0,0x1800FFC0
1777183124.509,2461376,6,3,COMMS,255,BROADCAST,0,HEARTBEAT,48,HEARTBEAT,0,0,0,0,0,0,0x1800FFC0
1777183125.542,2462409,6,3,COMMS,255,BROADCAST,0,HEARTBEAT,48,HEARTBEAT,0,0,0,0,0,0,0x1800FFC0
1777183126.617,2463443,6,3,COMMS,255,BROADCAST,0,HEARTBEAT,48,HEARTBEAT,0,0,0,0,0,0,0x1800FFC0
1777183127.590,2464457,6,3,COMMS,255,BROADCAST,0,HEARTBEAT,48,HEARTBEAT,0,0,0,0,0,0,0x1800FFC0
1777183128.616,2465483,6,3,COMMS,255,BROADCAST,0,HEARTBEAT,48,HEARTBEAT,0,0,0,0,0,0,0x1800FFC0
1777183129.682,2466544,6,3,COMMS,255,BROADCAST,0,HEARTBEAT,48,HEARTBEAT,0,0,0,0,0,0,0x1800FFC0
1777183130.710,2467565,6,3,COMMS,255,BROADCAST,0,HEARTBEAT,48,HEARTBEAT,0,0,0,0,0,0,0x1800FFC0
1777183131.747,2468611,6,3,COMMS,255,BROADCAST,0,HEARTBEAT,48,HEARTBEAT,0,0,0,0,0,0,0x1800FFC0
1777183132.779,2469645,6,3,COMMS,255,BROADCAST,0,HEARTBEAT,48,HEARTBEAT,0,0,0,0,0,0,0x1800FFC0
1777183133.812,2470678,6,3,COMMS,255,BROADCAST,0,HEARTBEAT,48,HEARTBEAT,0,0,0,0,0,0,0x1800FFC0
1777183134.824,2471690,6,3,COMMS,255,BROADCAST,0,HEARTBEAT,48,HEARTBEAT,0,0,0,0,0,0,0x1800FFC0
1777183135.879,2472745,6,3,COMMS,255,BROADCAST,0,HEARTBEAT,48,HEARTBEAT,0,0,0,0,0,0,0x1800FFC0
1777183136.904,2473772,6,3,COMMS,255,BROADCAST,0,HEARTBEAT,48,HEARTBEAT,0,0,0,0,0,0,0x1800FFC0
1777183137.983,2474812,6,3,COMMS,255,BROADCAST,0,HEARTBEAT,48,HEARTBEAT,0,0,0,0,0,0,0x1800FFC0
1777183138.945,2475812,6,3,COMMS,255,BROADCAST,0,HEARTBEAT,48,HEARTBEAT,0,0,0,0,0,0,0x1800FFC0
1777183139.966,2476834,6,3,COMMS,255,BROADCAST,0,HEARTBEAT,48,HEARTBEAT,0,0,0,0,0,0,0x1800FFC0
1777183141.047,2477913,6,3,COMMS,255,BROADCAST,0,HEARTBEAT,48,HEARTBEAT,0,0,0,0,0,0,0x1800FFC0
1777183142.079,2478931,6,3,COMMS,255,BROADCAST,0,HEARTBEAT,48,HEARTBEAT,0,0,0,0,0,0,0x1800FFC0
1777183143.114,2479980,6,3,COMMS,255,BROADCAST,0,HEARTBEAT,48,HEARTBEAT,0,0,0,0,0,0,0x1800FFC0
1777183144.138,2481004,6,3,COMMS,255,BROADCAST,0,HEARTBEAT,48,HEARTBEAT,0,0,0,0,0,0,0x1800FFC0
1777183145.181,2482047,6,3,COMMS,255,BROADCAST,0,HEARTBEAT,48,HEARTBEAT,0,0,0,0,0,0,0x1800FFC0
1777183146.197,2483064,6,3,COMMS,255,BROADCAST,0,HEARTBEAT,48,HEARTBEAT,0,0,0,0,0,0,0x1800FFC0
1777183147.214,2484078,6,3,COMMS,255,BROADCAST,0,HEARTBEAT,48,HEARTBEAT,0,0,0,0,0,0,0x1800FFC0
1777183148.225,2485090,6,3,COMMS,255,BROADCAST,0,HEARTBEAT,48,HEARTBEAT,0,0,0,0,0,0,0x1800FFC0
1777183149.350,2486181,6,3,COMMS,255,BROADCAST,0,HEARTBEAT,48,HEARTBEAT,0,0,0,0,0,0,0x1800FFC0
1777183150.306,2487186,6,3,COMMS,255,BROADCAST,0,HEARTBEAT,48,HEARTBEAT,0,0,0,0,0,0,0x1800FFC0
1777183151.389,2488249,6,3,COMMS,255,BROADCAST,0,HEARTBEAT,48,HEARTBEAT,0,0,0,0,0,0,0x1800FFC0
1777183152.417,2489266,6,3,COMMS,255,BROADCAST,0,HEARTBEAT,48,HEARTBEAT,0,0,0,0,0,0,0x1800FFC0
1777183153.450,2490316,6,3,COMMS,255,BROADCAST,0,HEARTBEAT,48,HEARTBEAT,0,0,0,0,0,0,0x1800FFC0
1777183154.483,2491348,6,3,COMMS,255,BROADCAST,0,HEARTBEAT,48,HEARTBEAT,0,0,0,0,0,0,0x1800FFC0
1777183155.516,2492383,6,3,COMMS,255,BROADCAST,0,HEARTBEAT,48,HEARTBEAT,0,0,0,0,0,0,0x1800FFC0
1777183156.528,2493393,6,3,COMMS,255,BROADCAST,0,HEARTBEAT,48,HEARTBEAT,0,0,0,0,0,0,0x1800FFC0
1777183157.583,2494450,6,3,COMMS,255,BROADCAST,0,HEARTBEAT,48,HEARTBEAT,0,0,0,0,0,0,0x1800FFC0
1777183158.612,2495476,6,3,COMMS,255,BROADCAST,0,HEARTBEAT,48,HEARTBEAT,0,0,0,0,0,0,0x1800FFC0
1777183159.692,2496516,6,3,COMMS,255,BROADCAST,0,HEARTBEAT,48,HEARTBEAT,0,0,0,0,0,0,0x1800FFC0
1777183160.716,2497550,6,3,COMMS,255,BROADCAST,0,HEARTBEAT,48,HEARTBEAT,0,0,0,0,0,0,0x1800FFC0
1777183161.741,2498584,6,3,COMMS,255,BROADCAST,0,HEARTBEAT,48,HEARTBEAT,0,0,0,0,0,0,0x1800FFC0
1777183162.717,2499583,6,3,COMMS,255,BROADCAST,0,HEARTBEAT,48,HEARTBEAT,0,0,0,0,0,0,0x1800FFC0
1777183163.789,2500651,6,3,COMMS,255,BROADCAST,0,HEARTBEAT,48,HEARTBEAT,0,0,0,0,0,0,0x1800FFC0
1777183164.807,2501671,6,3,COMMS,255,BROADCAST,0,HEARTBEAT,48,HEARTBEAT,0,0,0,0,0,0,0x1800FFC0
1777183165.847,2502714,6,3,COMMS,255,BROADCAST,0,HEARTBEAT,48,HEARTBEAT,0,0,0,0,0,0,0x1800FFC0
1777183166.856,2503715,6,3,COMMS,255,BROADCAST,0,HEARTBEAT,48,HEARTBEAT,0,0,0,0,0,0,0x1800FFC0
1777183167.911,2504776,6,3,COMMS,255,BROADCAST,0,HEARTBEAT,48,HEARTBEAT,0,0,0,0,0,0,0x1800FFC0
1777183168.924,2505783,6,3,COMMS,255,BROADCAST,0,HEARTBEAT,48,HEARTBEAT,0,0,0,0,0,0,0x1800FFC0
1777183169.987,2506852,6,3,COMMS,255,BROADCAST,0,HEARTBEAT,48,HEARTBEAT,0,0,0,0,0,0,0x1800FFC0
1777183171.005,2507871,6,3,COMMS,255,BROADCAST,0,HEARTBEAT,48,HEARTBEAT,0,0,0,0,0,0,0x1800FFC0
1777183172.083,2508919,6,3,COMMS,255,BROADCAST,0,HEARTBEAT,48,HEARTBEAT,0,0,0,0,0,0,0x1800FFC0
1777183173.095,2509953,6,3,COMMS,255,BROADCAST,0,HEARTBEAT,48,HEARTBEAT,0,0,0,0,0,0,0x1800FFC0
1777183174.129,2510964,6,3,COMMS,255,BROADCAST,0,HEARTBEAT,48,HEARTBEAT,0,0,0,0,0,0,0x1800FFC0
1777183175.154,2512020,6,3,COMMS,255,BROADCAST,0,HEARTBEAT,48,HEARTBEAT,0,0,0,0,0,0,0x1800FFC0
1777183176.180,2513047,6,3,COMMS,255,BROADCAST,0,HEARTBEAT,48,HEARTBEAT,0,0,0,0,0,0,0x1800FFC0
1777183177.221,2514087,6,3,COMMS,255,BROADCAST,0,HEARTBEAT,48,HEARTBEAT,0,0,0,0,0,0,0x1800FFC0
1777183178.255,2515121,6,3,COMMS,255,BROADCAST,0,HEARTBEAT,48,HEARTBEAT,0,0,0,0,0,0,0x1800FFC0
1777183179.288,2516154,6,3,COMMS,255,BROADCAST,0,HEARTBEAT,48,HEARTBEAT,0,0,0,0,0,0,0x1800FFC0
1777183180.316,2517182,6,3,COMMS,255,BROADCAST,0,HEARTBEAT,48,HEARTBEAT,0,0,0,0,0,0,0x1800FFC0
1777183181.355,2518221,6,3,COMMS,255,BROADCAST,0,HEARTBEAT,48,HEARTBEAT,0,0,0,0,0,0,0x1800FFC0
1777183182.418,2519255,6,3,COMMS,255,BROADCAST,0,HEARTBEAT,48,HEARTBEAT,0,0,0,0,0,0,0x1800FFC0
1777183183.389,2520255,6,3,COMMS,255,BROADCAST,0,HEARTBEAT,48,HEARTBEAT,0,0,0,0,0,0,0x1800FFC0
1777183184.467,2521322,6,3,COMMS,255,BROADCAST,0,HEARTBEAT,48,HEARTBEAT,0,0,0,0,0,0,0x1800FFC0
1777183185.493,2522337,6,3,COMMS,255,BROADCAST,0,HEARTBEAT,48,HEARTBEAT,0,0,0,0,0,0,0x1800FFC0
1777183186.523,2523389,6,3,COMMS,255,BROADCAST,0,HEARTBEAT,48,HEARTBEAT,0,0,0,0,0,0,0x1800FFC0
1777183187.556,2524420,6,3,COMMS,255,BROADCAST,0,HEARTBEAT,48,HEARTBEAT,0,0,0,0,0,0,0x1800FFC0
1777183188.591,2525457,6,3,COMMS,255,BROADCAST,0,HEARTBEAT,48,HEARTBEAT,0,0,0,0,0,0,0x1800FFC0
1777183189.624,2526490,6,3,COMMS,255,BROADCAST,0,HEARTBEAT,48,HEARTBEAT,0,0,0,0,0,0,0x1800FFC0
1777183190.628,2527494,6,3,COMMS,255,BROADCAST,0,HEARTBEAT,48,HEARTBEAT,0,0,0,0,0,0,0x1800FFC0
1777183191.691,2528557,6,3,COMMS,255,BROADCAST,0,HEARTBEAT,48,HEARTBEAT,0,0,0,0,0,0,0x1800FFC0
1777183192.705,2529572,6,3,COMMS,255,BROADCAST,0,HEARTBEAT,48,HEARTBEAT,0,0,0,0,0,0,0x1800FFC0
1777183193.788,2530624,6,3,COMMS,255,BROADCAST,0,HEARTBEAT,48,HEARTBEAT,0,0,0,0,0,0,0x1800FFC0
1777183194.817,2531658,6,3,COMMS,255,BROADCAST,0,HEARTBEAT,48,HEARTBEAT,0,0,0,0,0,0,0x1800FFC0
1777183195.840,2532692,6,3,COMMS,255,BROADCAST,0,HEARTBEAT,48,HEARTBEAT,0,0,0,0,0,0,0x1800FFC0
1777183196.865,2533713,6,3,COMMS,255,BROADCAST,0,HEARTBEAT,48,HEARTBEAT,0,0,0,0,0,0,0x1800FFC0
1777183197.882,2534716,6,3,COMMS,255,BROADCAST,0,HEARTBEAT,48,HEARTBEAT,0,0,0,0,0,0,0x1800FFC0
1777183198.927,2535792,6,3,COMMS,255,BROADCAST,0,HEARTBEAT,48,HEARTBEAT,0,0,0,0,0,0,0x1800FFC0
1777183199.946,2536812,6,3,COMMS,255,BROADCAST,0,HEARTBEAT,48,HEARTBEAT,0,0,0,0,0,0,0x1800FFC0
1777183200.960,2537821,6,3,COMMS,255,BROADCAST,0,HEARTBEAT,48,HEARTBEAT,0,0,0,0,0,0,0x1800FFC0
1777183202.019,2538886,6,3,COMMS,255,BROADCAST,0,HEARTBEAT,48,HEARTBEAT,0,0,0,0,0,0,0x1800FFC0
1777183203.037,2539903,6,3,COMMS,255,BROADCAST,0,HEARTBEAT,48,HEARTBEAT,0,0,0,0,0,0,0x1800FFC0
1777183204.079,2540945,6,3,COMMS,255,BROADCAST,0,HEARTBEAT,48,HEARTBEAT,0,0,0,0,0,0,0x1800FFC0
1777183205.096,2541962,6,3,COMMS,255,BROADCAST,0,HEARTBEAT,48,HEARTBEAT,0,0,0,0,0,0,0x1800FFC0
1777183206.174,2543028,6,3,COMMS,255,BROADCAST,0,HEARTBEAT,48,HEARTBEAT,0,0,0,0,0,0,0x1800FFC0
1777183207.206,2544043,6,3,COMMS,255,BROADCAST,0,HEARTBEAT,48,HEARTBEAT,0,0,0,0,0,0,0x1800FFC0
1777183208.231,2545095,6,3,COMMS,255,BROADCAST,0,HEARTBEAT,48,HEARTBEAT,0,0,0,0,0,0,0x1800FFC0
1777183209.263,2546129,6,3,COMMS,255,BROADCAST,0,HEARTBEAT,48,HEARTBEAT,0,0,0,0,0,0,0x1800FFC0
1777183210.277,2547130,6,3,COMMS,255,BROADCAST,0,HEARTBEAT,48,HEARTBEAT,0,0,0,0,0,0,0x1800FFC0
1777183211.331,2548196,6,3,COMMS,255,BROADCAST,0,HEARTBEAT,48,HEARTBEAT,0,0,0,0,0,0,0x1800FFC0
1777183212.359,2549225,6,3,COMMS,255,BROADCAST,0,HEARTBEAT,48,HEARTBEAT,0,0,0,0,0,0,0x1800FFC0
1777183213.397,2550263,6,3,COMMS,255,BROADCAST,0,HEARTBEAT,48,HEARTBEAT,0,0,0,0,0,0,0x1800FFC0
1777183214.431,2551297,6,3,COMMS,255,BROADCAST,0,HEARTBEAT,48,HEARTBEAT,0,0,0,0,0,0,0x1800FFC0
1777183215.455,2552321,6,3,COMMS,255,BROADCAST,0,HEARTBEAT,48,HEARTBEAT,0,0,0,0,0,0,0x1800FFC0
1777183216.512,2553360,6,3,COMMS,255,BROADCAST,0,HEARTBEAT,48,HEARTBEAT,0,0,0,0,0,0,0x1800FFC0
1777183217.546,2554398,6,3,COMMS,255,BROADCAST,0,HEARTBEAT,48,HEARTBEAT,0,0,0,0,0,0,0x1800FFC0
1777183218.574,2555431,6,3,COMMS,255,BROADCAST,0,HEARTBEAT,48,HEARTBEAT,0,0,0,0,0,0,0x1800FFC0
1777183219.600,2556465,6,3,COMMS,255,BROADCAST,0,HEARTBEAT,48,HEARTBEAT,0,0,0,0,0,0,0x1800FFC0
1777183220.628,2557494,6,3,COMMS,255,BROADCAST,0,HEARTBEAT,48,HEARTBEAT,0,0,0,0,0,0,0x1800FFC0
1777183221.651,2558517,6,3,COMMS,255,BROADCAST,0,HEARTBEAT,48,HEARTBEAT,0,0,0,0,0,0,0x1800FFC0
1777183222.661,2559523,6,3,COMMS,255,BROADCAST,0,HEARTBEAT,48,HEARTBEAT,0,0,0,0,0,0,0x1800FFC0
1777183223.734,2560600,6,3,COMMS,255,BROADCAST,0,HEARTBEAT,48,HEARTBEAT,0,0,0,0,0,0,0x1800FFC0
1777183224.738,2561604,6,3,COMMS,255,BROADCAST,0,HEARTBEAT,48,HEARTBEAT,0,0,0,0,0,0,0x1800FFC0
1777183225.796,2562662,6,3,COMMS,255,BROADCAST,0,HEARTBEAT,48,HEARTBEAT,0,0,0,0,0,0,0x1800FFC0
1777183226.856,2563701,6,3,COMMS,255,BROADCAST,0,HEARTBEAT,48,HEARTBEAT,0,0,0,0,0,0,0x1800FFC0
1777183227.892,2564734,6,3,COMMS,255,BROADCAST,0,HEARTBEAT,48,HEARTBEAT,0,0,0,0,0,0,0x1800FFC0
1777183228.916,2565750,6,3,COMMS,255,BROADCAST,0,HEARTBEAT,48,HEARTBEAT,0,0,0,0,0,0,0x1800FFC0
1777183229.935,2566801,6,3,COMMS,255,BROADCAST,0,HEARTBEAT,48,HEARTBEAT,0,0,0,0,0,0,0x1800FFC0
1777183230.967,2567833,6,3,COMMS,255,BROADCAST,0,HEARTBEAT,48,HEARTBEAT,0,0,0,0,0,0,0x1800FFC0
1777183232.005,2568869,6,3,COMMS,255,BROADCAST,0,HEARTBEAT,48,HEARTBEAT,0,0,0,0,0,0,0x1800FFC0
1777183233.005,2569869,6,3,COMMS,255,BROADCAST,0,HEARTBEAT,48,HEARTBEAT,0,0,0,0,0,0,0x1800FFC0
1777183234.033,2570869,6,3,COMMS,255,BROADCAST,0,HEARTBEAT,48,HEARTBEAT,0,0,0,0,0,0,0x1800FFC0
1777183235.103,2571965,6,3,COMMS,255,BROADCAST,0,HEARTBEAT,48,HEARTBEAT,0,0,0,0,0,0,0x1800FFC0
1777183236.137,2573003,6,3,COMMS,255,BROADCAST,0,HEARTBEAT,48,HEARTBEAT,0,0,0,0,0,0,0x1800FFC0
1777183237.146,2574012,6,3,COMMS,255,BROADCAST,0,HEARTBEAT,48,HEARTBEAT,0,0,0,0,0,0,0x1800FFC0
1777183238.221,2575070,6,3,COMMS,255,BROADCAST,0,HEARTBEAT,48,HEARTBEAT,0,0,0,0,0,0,0x1800FFC0
1777183239.257,2576101,6,3,COMMS,255,BROADCAST,0,HEARTBEAT,48,HEARTBEAT,0,0,0,0,0,0,0x1800FFC0
1777183240.283,2577138,6,3,COMMS,255,BROADCAST,0,HEARTBEAT,48,HEARTBEAT,0,0,0,0,0,0,0x1800FFC0
1777183241.311,2578140,6,3,COMMS,255,BROADCAST,0,HEARTBEAT,48,HEARTBEAT,0,0,0,0,0,0,0x1800FFC0
1777183242.342,2579205,6,3,COMMS,255,BROADCAST,0,HEARTBEAT,48,HEARTBEAT,0,0,0,0,0,0,0x1800FFC0
1777183243.359,2580223,6,3,COMMS,255,BROADCAST,0,HEARTBEAT,48,HEARTBEAT,0,0,0,0,0,0,0x1800FFC0
1777183244.410,2581272,6,3,COMMS,255,BROADCAST,0,HEARTBEAT,48,HEARTBEAT,0,0,0,0,0,0,0x1800FFC0
1777183245.440,2582304,6,3,COMMS,255,BROADCAST,0,HEARTBEAT,48,HEARTBEAT,0,0,0,0,0,0,0x1800FFC0
1777183246.474,2583339,6,3,COMMS,255,BROADCAST,0,HEARTBEAT,48,HEARTBEAT,0,0,0,0,0,0,0x1800FFC0
1777183247.508,2584373,6,3,COMMS,255,BROADCAST,0,HEARTBEAT,48,HEARTBEAT,0,0,0,0,0,0,0x1800FFC0
1777183248.513,2585378,6,3,COMMS,255,BROADCAST,0,HEARTBEAT,48,HEARTBEAT,0,0,0,0,0,0,0x1800FFC0
1777183249.597,2586431,6,3,COMMS,255,BROADCAST,0,HEARTBEAT,48,HEARTBEAT,0,0,0,0,0,0,0x1800FFC0
1777183250.612,2587474,6,3,COMMS,255,BROADCAST,0,HEARTBEAT,48,HEARTBEAT,0,0,0,0,0,0,0x1800FFC0
1777183251.645,2588508,6,3,COMMS,255,BROADCAST,0,HEARTBEAT,48,HEARTBEAT,0,0,0,0,0,0,0x1800FFC0
1777183252.674,2589521,6,3,COMMS,255,BROADCAST,0,HEARTBEAT,48,HEARTBEAT,0,0,0,0,0,0,0x1800FFC0
1777183253.692,2590530,6,3,COMMS,255,BROADCAST,0,HEARTBEAT,48,HEARTBEAT,0,0,0,0,0,0,0x1800FFC0
1777183254.739,2591605,6,3,COMMS,255,BROADCAST,0,HEARTBEAT,48,HEARTBEAT,0,0,0,0,0,0,0x1800FFC0
1777183255.777,2592642,6,3,COMMS,255,BROADCAST,0,HEARTBEAT,48,HEARTBEAT,0,0,0,0,0,0,0x1800FFC0
1777183256.810,2593676,6,3,COMMS,255,BROADCAST,0,HEARTBEAT,48,HEARTBEAT,0,0,0,0,0,0,0x1800FFC0
1777183257.833,2594698,6,3,COMMS,255,BROADCAST,0,HEARTBEAT,48,HEARTBEAT,0,0,0,0,0,0,0x1800FFC0
1777183258.911,2595743,6,3,COMMS,255,BROADCAST,0,HEARTBEAT,48,HEARTBEAT,0,0,0,0,0,0,0x1800FFC0
1777183259.943,2596777,6,3,COMMS,255,BROADCAST,0,HEARTBEAT,48,HEARTBEAT,0,0,0,0,0,0,0x1800FFC0
1777183260.959,2597794,6,3,COMMS,255,BROADCAST,0,HEARTBEAT,48,HEARTBEAT,0,0,0,0,0,0,0x1800FFC0
1777183261.930,2598796,6,3,COMMS,255,BROADCAST,0,HEARTBEAT,48,HEARTBEAT,0,0,0,0,0,0,0x1800FFC0
1777183263.026,2599878,6,3,COMMS,255,BROADCAST,0,HEARTBEAT,48,HEARTBEAT,0,0,0,0,0,0,0x1800FFC0
1777183264.037,2600893,6,3,COMMS,255,BROADCAST,0,HEARTBEAT,48,HEARTBEAT,0,0,0,0,0,0,0x1800FFC0
1777183265.064,2601928,6,3,COMMS,255,BROADCAST,0,HEARTBEAT,48,HEARTBEAT,0,0,0,0,0,0,0x1800FFC0
1777183266.113,2602979,6,3,COMMS,255,BROADCAST,0,HEARTBEAT,48,HEARTBEAT,0,0,0,0,0,0,0x1800FFC0
1777183267.147,2604011,6,3,COMMS,255,BROADCAST,0,HEARTBEAT,48,HEARTBEAT,0,0,0,0,0,0,0x1800FFC0
1777183268.181,2605046,6,3,COMMS,255,BROADCAST,0,HEARTBEAT,48,HEARTBEAT,0,0,0,0,0,0,0x1800FFC0
1777183269.214,2606080,6,3,COMMS,255,BROADCAST,0,HEARTBEAT,48,HEARTBEAT,0,0,0,0,0,0,0x1800FFC0
1777183270.218,2607084,6,3,COMMS,255,BROADCAST,0,HEARTBEAT,48,HEARTBEAT,0,0,0,0,0,0,0x1800FFC0
1777183271.314,2608147,6,3,COMMS,255,BROADCAST,0,HEARTBEAT,48,HEARTBEAT,0,0,0,0,0,0,0x1800FFC0
1777183272.332,2609169,6,3,COMMS,255,BROADCAST,0,HEARTBEAT,48,HEARTBEAT,0,0,0,0,0,0,0x1800FFC0
1777183273.350,2610214,6,3,COMMS,255,BROADCAST,0,HEARTBEAT,48,HEARTBEAT,0,0,0,0,0,0,0x1800FFC0
1777183274.384,2611248,6,3,COMMS,255,BROADCAST,0,HEARTBEAT,48,HEARTBEAT,0,0,0,0,0,0,0x1800FFC0
1777183275.418,2612282,6,3,COMMS,255,BROADCAST,0,HEARTBEAT,48,HEARTBEAT,0,0,0,0,0,0,0x1800FFC0
1777183276.449,2613314,6,3,COMMS,255,BROADCAST,0,HEARTBEAT,48,HEARTBEAT,0,0,0,0,0,0,0x1800FFC0
1777183277.455,2614316,6,3,COMMS,255,BROADCAST,0,HEARTBEAT,48,HEARTBEAT,0,0,0,0,0,0,0x1800FFC0
1777183278.470,2615331,6,3,COMMS,255,BROADCAST,0,HEARTBEAT,48,HEARTBEAT,0,0,0,0,0,0,0x1800FFC0
1777183279.551,2616416,6,3,COMMS,255,BROADCAST,0,HEARTBEAT,48,HEARTBEAT,0,0,0,0,0,0,0x1800FFC0
1777183280.559,2617424,6,3,COMMS,255,BROADCAST,0,HEARTBEAT,48,HEARTBEAT,0,0,0,0,0,0,0x1800FFC0
1777183281.647,2618483,6,3,COMMS,255,BROADCAST,0,HEARTBEAT,48,HEARTBEAT,0,0,0,0,0,0,0x1800FFC0
1777183282.675,2619517,6,3,COMMS,255,BROADCAST,0,HEARTBEAT,48,HEARTBEAT,0,0,0,0,0,0,0x1800FFC0
1777183283.695,2620548,6,3,COMMS,255,BROADCAST,0,HEARTBEAT,48,HEARTBEAT,0,0,0,0,0,0,0x1800FFC0
1777183284.725,2621584,6,3,COMMS,255,BROADCAST,0,HEARTBEAT,48,HEARTBEAT,0,0,0,0,0,0,0x1800FFC0
1777183285.753,2622618,6,3,COMMS,255,BROADCAST,0,HEARTBEAT,48,HEARTBEAT,0,0,0,0,0,0,0x1800FFC0
1777183286.777,2623642,6,3,COMMS,255,BROADCAST,0,HEARTBEAT,48,HEARTBEAT,0,0,0,0,0,0,0x1800FFC0
1777183287.820,2624685,6,3,COMMS,255,BROADCAST,0,HEARTBEAT,48,HEARTBEAT,0,0,0,0,0,0,0x1800FFC0
1777183288.851,2625716,6,3,COMMS,255,BROADCAST,0,HEARTBEAT,48,HEARTBEAT,0,0,0,0,0,0,0x1800FFC0
1777183289.859,2626722,6,3,COMMS,255,BROADCAST,0,HEARTBEAT,48,HEARTBEAT,0,0,0,0,0,0,0x1800FFC0
1777183290.921,2627786,6,3,COMMS,255,BROADCAST,0,HEARTBEAT,48,HEARTBEAT,0,0,0,0,0,0,0x1800FFC0
1777183291.953,2628817,6,3,COMMS,255,BROADCAST,0,HEARTBEAT,48,HEARTBEAT,0,0,0,0,0,0,0x1800FFC0
1777183292.969,2629833,6,3,COMMS,255,BROADCAST,0,HEARTBEAT,48,HEARTBEAT,0,0,0,0,0,0,0x1800FFC0
1777183294.040,2630887,6,3,COMMS,255,BROADCAST,0,HEARTBEAT,48,HEARTBEAT,0,0,0,0,0,0,0x1800FFC0
1777183295.057,2631909,6,3,COMMS,255,BROADCAST,0,HEARTBEAT,48,HEARTBEAT,0,0,0,0,0,0,0x1800FFC0
1777183296.089,2632952,6,3,COMMS,255,BROADCAST,0,HEARTBEAT,48,HEARTBEAT,0,0,0,0,0,0,0x1800FFC0
1777183297.123,2633988,6,3,COMMS,255,BROADCAST,0,HEARTBEAT,48,HEARTBEAT,0,0,0,0,0,0,0x1800FFC0
1777183298.157,2635022,6,3,COMMS,255,BROADCAST,0,HEARTBEAT,48,HEARTBEAT,0,0,0,0,0,0,0x1800FFC0
1777183299.164,2636026,6,3,COMMS,255,BROADCAST,0,HEARTBEAT,48,HEARTBEAT,0,0,0,0,0,0,0x1800FFC0
1777183300.225,2637089,6,3,COMMS,255,BROADCAST,0,HEARTBEAT,48,HEARTBEAT,0,0,0,0,0,0,0x1800FFC0
1777183301.241,2638106,6,3,COMMS,255,BROADCAST,0,HEARTBEAT,48,HEARTBEAT,0,0,0,0,0,0,0x1800FFC0
1777183302.292,2639156,6,3,COMMS,255,BROADCAST,0,HEARTBEAT,48,HEARTBEAT,0,0,0,0,0,0,0x1800FFC0
1777183303.352,2640189,6,3,COMMS,255,BROADCAST,0,HEARTBEAT,48,HEARTBEAT,0,0,0,0,0,0,0x1800FFC0
1777183304.383,2641223,6,3,COMMS,255,BROADCAST,0,HEARTBEAT,48,HEARTBEAT,0,0,0,0,0,0,0x1800FFC0
1777183305.411,2642238,6,3,COMMS,255,BROADCAST,0,HEARTBEAT,48,HEARTBEAT,0,0,0,0,0,0,0x1800FFC0
1777183306.430,2643291,6,3,COMMS,255,BROADCAST,0,HEARTBEAT,48,HEARTBEAT,0,0,0,0,0,0,0x1800FFC0
1777183307.460,2644324,6,3,COMMS,255,BROADCAST,0,HEARTBEAT,48,HEARTBEAT,0,0,0,0,0,0,0x1800FFC0
1777183308.475,2645329,6,3,COMMS,255,BROADCAST,0,HEARTBEAT,48,HEARTBEAT,0,0,0,0,0,0,0x1800FFC0
1777183309.527,2646391,6,3,COMMS,255,BROADCAST,0,HEARTBEAT,48,HEARTBEAT,0,0,0,0,0,0,0x1800FFC0
1777183310.561,2647425,6,3,COMMS,255,BROADCAST,0,HEARTBEAT,48,HEARTBEAT,0,0,0,0,0,0,0x1800FFC0
1777183311.576,2648441,6,3,COMMS,255,BROADCAST,0,HEARTBEAT,48,HEARTBEAT,0,0,0,0,0,0,0x1800FFC0
1777183312.624,2649489,6,3,COMMS,255,BROADCAST,0,HEARTBEAT,48,HEARTBEAT,0,0,0,0,0,0,0x1800FFC0
1777183313.632,2650496,6,3,COMMS,255,BROADCAST,0,HEARTBEAT,48,HEARTBEAT,0,0,0,0,0,0,0x1800FFC0
1777183314.731,2651559,6,3,COMMS,255,BROADCAST,0,HEARTBEAT,48,HEARTBEAT,0,0,0,0,0,0,0x1800FFC0
1777183315.747,2652584,6,3,COMMS,255,BROADCAST,0,HEARTBEAT,48,HEARTBEAT,0,0,0,0,0,0,0x1800FFC0
1777183316.778,2653626,6,3,COMMS,255,BROADCAST,0,HEARTBEAT,48,HEARTBEAT,0,0,0,0,0,0,0x1800FFC0
1777183317.805,2654647,6,3,COMMS,255,BROADCAST,0,HEARTBEAT,48,HEARTBEAT,0,0,0,0,0,0,0x1800FFC0
1777183318.830,2655694,6,3,COMMS,255,BROADCAST,0,HEARTBEAT,48,HEARTBEAT,0,0,0,0,0,0,0x1800FFC0
1777183319.864,2656727,6,3,COMMS,255,BROADCAST,0,HEARTBEAT,48,HEARTBEAT,0,0,0,0,0,0,0x1800FFC0
1777183320.896,2657761,6,3,COMMS,255,BROADCAST,0,HEARTBEAT,48,HEARTBEAT,0,0,0,0,0,0,0x1800FFC0
1777183321.930,2658795,6,3,COMMS,255,BROADCAST,0,HEARTBEAT,48,HEARTBEAT,0,0,0,0,0,0,0x1800FFC0
1777183322.943,2659808,6,3,COMMS,255,BROADCAST,0,HEARTBEAT,48,HEARTBEAT,0,0,0,0,0,0,0x1800FFC0
1777183323.998,2660862,6,3,COMMS,255,BROADCAST,0,HEARTBEAT,48,HEARTBEAT,0,0,0,0,0,0,0x1800FFC0
1777183325.026,2661890,6,3,COMMS,255,BROADCAST,0,HEARTBEAT,48,HEARTBEAT,0,0,0,0,0,0,0x1800FFC0
1777183326.097,2662929,6,3,COMMS,255,BROADCAST,0,HEARTBEAT,48,HEARTBEAT,0,0,0,0,0,0,0x1800FFC0
1777183327.118,2663963,6,3,COMMS,255,BROADCAST,0,HEARTBEAT,48,HEARTBEAT,0,0,0,0,0,0,0x1800FFC0
1777183328.133,2664967,6,3,COMMS,255,BROADCAST,0,HEARTBEAT,48,HEARTBEAT,0,0,0,0,0,0,0x1800FFC0
1777183329.167,2666030,6,3,COMMS,255,BROADCAST,0,HEARTBEAT,48,HEARTBEAT,0,0,0,0,0,0,0x1800FFC0
1777183330.194,2667047,6,3,COMMS,255,BROADCAST,0,HEARTBEAT,48,HEARTBEAT,0,0,0,0,0,0,0x1800FFC0
1777183331.233,2668098,6,3,COMMS,255,BROADCAST,0,HEARTBEAT,48,HEARTBEAT,0,0,0,0,0,0,0x1800FFC0
1777183332.270,2669131,6,3,COMMS,255,BROADCAST,0,HEARTBEAT,48,HEARTBEAT,0,0,0,0,0,0,0x1800FFC0
1777183333.281,2670143,6,3,COMMS,255,BROADCAST,0,HEARTBEAT,48,HEARTBEAT,0,0,0,0,0,0,0x1800FFC0
1777183334.334,2671199,6,3,COMMS,255,BROADCAST,0,HEARTBEAT,48,HEARTBEAT,0,0,0,0,0,0,0x1800FFC0
1777183335.368,2672232,6,3,COMMS,255,BROADCAST,0,HEARTBEAT,48,HEARTBEAT,0,0,0,0,0,0,0x1800FFC0
1777183336.369,2673232,6,3,COMMS,255,BROADCAST,0,HEARTBEAT,48,HEARTBEAT,0,0,0,0,0,0,0x1800FFC0
1777183337.463,2674284,6,3,COMMS,255,BROADCAST,0,HEARTBEAT,48,HEARTBEAT,0,0,0,0,0,0,0x1800FFC0
1777183338.487,2675334,6,3,COMMS,255,BROADCAST,0,HEARTBEAT,48,HEARTBEAT,0,0,0,0,0,0,0x1800FFC0
1777183339.506,2676367,6,3,COMMS,255,BROADCAST,0,HEARTBEAT,48,HEARTBEAT,0,0,0,0,0,0,0x1800FFC0
1777183340.537,2677401,6,3,COMMS,255,BROADCAST,0,HEARTBEAT,48,HEARTBEAT,0,0,0,0,0,0,0x1800FFC0
1777183341.567,2678430,6,3,COMMS,255,BROADCAST,0,HEARTBEAT,48,HEARTBEAT,0,0,0,0,0,0,0x1800FFC0
1777183342.604,2679468,6,3,COMMS,255,BROADCAST,0,HEARTBEAT,48,HEARTBEAT,0,0,0,0,0,0,0x1800FFC0
1777183343.638,2680502,6,3,COMMS,255,BROADCAST,0,HEARTBEAT,48,HEARTBEAT,0,0,0,0,0,0,0x1800FFC0
1777183344.645,2681508,6,3,COMMS,255,BROADCAST,0,HEARTBEAT,48,HEARTBEAT,0,0,0,0,0,0,0x1800FFC0
1777183345.705,2682569,6,3,COMMS,255,BROADCAST,0,HEARTBEAT,48,HEARTBEAT,0,0,0,0,0,0,0x1800FFC0
1777183346.708,2683572,6,3,COMMS,255,BROADCAST,0,HEARTBEAT,48,HEARTBEAT,0,0,0,0,0,0,0x1800FFC0
1777183347.806,2684636,6,3,COMMS,255,BROADCAST,0,HEARTBEAT,48,HEARTBEAT,0,0,0,0,0,0,0x1800FFC0
1777183348.830,2685669,6,3,COMMS,255,BROADCAST,0,HEARTBEAT,48,HEARTBEAT,0,0,0,0,0,0,0x1800FFC0
1777183349.809,2686674,6,3,COMMS,255,BROADCAST,0,HEARTBEAT,48,HEARTBEAT,0,0,0,0,0,0,0x1800FFC0
1777183350.878,2687737,6,3,COMMS,255,BROADCAST,0,HEARTBEAT,48,HEARTBEAT,0,0,0,0,0,0,0x1800FFC0
1777183351.907,2688756,6,3,COMMS,255,BROADCAST,0,HEARTBEAT,48,HEARTBEAT,0,0,0,0,0,0,0x1800FFC0
1777183352.942,2689804,6,3,COMMS,255,BROADCAST,0,HEARTBEAT,48,HEARTBEAT,0,0,0,0,0,0,0x1800FFC0
1777183353.974,2690838,6,3,COMMS,255,BROADCAST,0,HEARTBEAT,48,HEARTBEAT,0,0,0,0,0,0,0x1800FFC0
1777183355.014,2691872,6,3,COMMS,255,BROADCAST,0,HEARTBEAT,48,HEARTBEAT,0,0,0,0,0,0,0x1800FFC0
1777183356.042,2692905,6,3,COMMS,255,BROADCAST,0,HEARTBEAT,48,HEARTBEAT,0,0,0,0,0,0,0x1800FFC0
1777183357.049,2693913,6,3,COMMS,255,BROADCAST,0,HEARTBEAT,48,HEARTBEAT,0,0,0,0,0,0,0x1800FFC0
1777183358.146,2694973,6,3,COMMS,255,BROADCAST,0,HEARTBEAT,48,HEARTBEAT,0,0,0,0,0,0,0x1800FFC0
1777183359.163,2695996,6,3,COMMS,255,BROADCAST,0,HEARTBEAT,48,HEARTBEAT,0,0,0,0,0,0,0x1800FFC0
1777183360.195,2697040,6,3,COMMS,255,BROADCAST,0,HEARTBEAT,48,HEARTBEAT,0,0,0,0,0,0,0x1800FFC0
1777183361.210,2698045,6,3,COMMS,255,BROADCAST,0,HEARTBEAT,48,HEARTBEAT,0,0,0,0,0,0,0x1800FFC0
1777183362.200,2699065,6,3,COMMS,255,BROADCAST,0,HEARTBEAT,48,HEARTBEAT,0,0,0,0,0,0,0x1800FFC0
1777183363.277,2700141,6,3,COMMS,255,BROADCAST,0,HEARTBEAT,48,HEARTBEAT,0,0,0,0,0,0,0x1800FFC0
1777183364.285,2701148,6,3,COMMS,255,BROADCAST,0,HEARTBEAT,48,HEARTBEAT,0,0,0,0,0,0,0x1800FFC0
1777183365.345,2702208,6,3,COMMS,255,BROADCAST,0,HEARTBEAT,48,HEARTBEAT,0,0,0,0,0,0,0x1800FFC0
1777183366.378,2703242,6,3,COMMS,255,BROADCAST,0,HEARTBEAT,48,HEARTBEAT,0,0,0,0,0,0,0x1800FFC0
1777183367.393,2704261,6,3,COMMS,255,BROADCAST,0,HEARTBEAT,48,HEARTBEAT,0,0,0,0,0,0,0x1800FFC0
1777183368.429,2705293,6,3,COMMS,255,BROADCAST,0,HEARTBEAT,48,HEARTBEAT,0,0,0,0,0,0,0x1800FFC0
1777183369.514,2706343,6,3,COMMS,255,BROADCAST,0,HEARTBEAT,48,HEARTBEAT,0,0,0,0,0,0,0x1800FFC0
1777183370.532,2707372,6,3,COMMS,255,BROADCAST,0,HEARTBEAT,48,HEARTBEAT,0,0,0,0,0,0,0x1800FFC0
1777183371.560,2708410,6,3,COMMS,255,BROADCAST,0,HEARTBEAT,48,HEARTBEAT,0,0,0,0,0,0,0x1800FFC0
1777183372.588,2709444,6,3,COMMS,255,BROADCAST,0,HEARTBEAT,48,HEARTBEAT,0,0,0,0,0,0,0x1800FFC0
1777183373.613,2710464,6,3,COMMS,255,BROADCAST,0,HEARTBEAT,48,HEARTBEAT,0,0,0,0,0,0,0x1800FFC0
1777183374.637,2711499,6,3,COMMS,255,BROADCAST,0,HEARTBEAT,48,HEARTBEAT,0,0,0,0,0,0,0x1800FFC0
1777183375.682,2712545,6,3,COMMS,255,BROADCAST,0,HEARTBEAT,48,HEARTBEAT,0,0,0,0,0,0,0x1800FFC0
1777183376.715,2713578,6,3,COMMS,255,BROADCAST,0,HEARTBEAT,48,HEARTBEAT,0,0,0,0,0,0,0x1800FFC0
1777183377.727,2714591,6,3,COMMS,255,BROADCAST,0,HEARTBEAT,48,HEARTBEAT,0,0,0,0,0,0,0x1800FFC0
1777183378.782,2715645,6,3,COMMS,255,BROADCAST,0,HEARTBEAT,48,HEARTBEAT,0,0,0,0,0,0,0x1800FFC0
1777183379.858,2716679,6,3,COMMS,255,BROADCAST,0,HEARTBEAT,48,HEARTBEAT,0,0,0,0,0,0,0x1800FFC0
1777183380.820,2717683,6,3,COMMS,255,BROADCAST,0,HEARTBEAT,48,HEARTBEAT,0,0,0,0,0,0,0x1800FFC0
1777183381.905,2718746,6,3,COMMS,255,BROADCAST,0,HEARTBEAT,48,HEARTBEAT,0,0,0,0,0,0,0x1800FFC0
1777183382.930,2719779,6,3,COMMS,255,BROADCAST,0,HEARTBEAT,48,HEARTBEAT,0,0,0,0,0,0,0x1800FFC0
1777183383.951,2720779,6,3,COMMS,255,BROADCAST,0,HEARTBEAT,48,HEARTBEAT,0,0,0,0,0,0,0x1800FFC0
1777183384.984,2721847,6,3,COMMS,255,BROADCAST,0,HEARTBEAT,48,HEARTBEAT,0,0,0,0,0,0,0x1800FFC0
1777183385.998,2722855,6,3,COMMS,255,BROADCAST,0,HEARTBEAT,48,HEARTBEAT,0,0,0,0,0,0,0x1800FFC0
1777183387.031,2723863,6,3,COMMS,255,BROADCAST,0,HEARTBEAT,48,HEARTBEAT,0,0,0,0,0,0,0x1800FFC0
1777183388.074,2724938,6,3,COMMS,255,BROADCAST,0,HEARTBEAT,48,HEARTBEAT,0,0,0,0,0,0,0x1800FFC0
1777183389.089,2725950,6,3,COMMS,255,BROADCAST,0,HEARTBEAT,48,HEARTBEAT,0,0,0,0,0,0,0x1800FFC0
1777183390.151,2727014,6,3,COMMS,255,BROADCAST,0,HEARTBEAT,48,HEARTBEAT,0,0,0,0,0,0,0x1800FFC0
1777183391.179,2728043,6,3,COMMS,255,BROADCAST,0,HEARTBEAT,48,HEARTBEAT,0,0,0,0,0,0,0x1800FFC0
1777183392.246,2729077,6,3,COMMS,255,BROADCAST,0,HEARTBEAT,48,HEARTBEAT,0,0,0,0,0,0,0x1800FFC0
1777183393.274,2730115,6,3,COMMS,255,BROADCAST,0,HEARTBEAT,48,HEARTBEAT,0,0,0,0,0,0,0x1800FFC0
1777183394.290,2731149,6,3,COMMS,255,BROADCAST,0,HEARTBEAT,48,HEARTBEAT,0,0,0,0,0,0,0x1800FFC0
1777183395.318,2732150,6,3,COMMS,255,BROADCAST,0,HEARTBEAT,48,HEARTBEAT,0,0,0,0,0,0,0x1800FFC0
1777183396.353,2733216,6,3,COMMS,255,BROADCAST,0,HEARTBEAT,48,HEARTBEAT,0,0,0,0,0,0,0x1800FFC0
1777183397.368,2734232,6,3,COMMS,255,BROADCAST,0,HEARTBEAT,48,HEARTBEAT,0,0,0,0,0,0,0x1800FFC0
1777183398.393,2735246,6,3,COMMS,255,BROADCAST,0,HEARTBEAT,48,HEARTBEAT,0,0,0,0,0,0,0x1800FFC0
1777183399.453,2736317,6,3,COMMS,255,BROADCAST,0,HEARTBEAT,48,HEARTBEAT,0,0,0,0,0,0,0x1800FFC0
1777183400.487,2737350,6,3,COMMS,255,BROADCAST,0,HEARTBEAT,48,HEARTBEAT,0,0,0,0,0,0,0x1800FFC0
1777183401.521,2738384,6,3,COMMS,255,BROADCAST,0,HEARTBEAT,48,HEARTBEAT,0,0,0,0,0,0,0x1800FFC0
1777183402.591,2739412,6,3,COMMS,255,BROADCAST,0,HEARTBEAT,48,HEARTBEAT,0,0,0,0,0,0,0x1800FFC0
1777183403.562,2740421,6,3,COMMS,255,BROADCAST,0,HEARTBEAT,48,HEARTBEAT,0,0,0,0,0,0,0x1800FFC0
1777183404.636,2741485,6,3,COMMS,255,BROADCAST,0,HEARTBEAT,48,HEARTBEAT,0,0,0,0,0,0,0x1800FFC0
1777183405.664,2742518,6,3,COMMS,255,BROADCAST,0,HEARTBEAT,48,HEARTBEAT,0,0,0,0,0,0,0x1800FFC0
1777183406.688,2743552,6,3,COMMS,255,BROADCAST,0,HEARTBEAT,48,HEARTBEAT,0,0,0,0,0,0,0x1800FFC0
1777183407.723,2744586,6,3,COMMS,255,BROADCAST,0,HEARTBEAT,48,HEARTBEAT,0,0,0,0,0,0,0x1800FFC0
1777183408.747,2745610,6,3,COMMS,255,BROADCAST,0,HEARTBEAT,48,HEARTBEAT,0,0,0,0,0,0,0x1800FFC0
1777183409.783,2746646,6,3,COMMS,255,BROADCAST,0,HEARTBEAT,48,HEARTBEAT,0,0,0,0,0,0,0x1800FFC0
1777183410.823,2747686,6,3,COMMS,255,BROADCAST,0,HEARTBEAT,48,HEARTBEAT,0,0,0,0,0,0,0x1800FFC0
1777183411.857,2748720,6,3,COMMS,255,BROADCAST,0,HEARTBEAT,48,HEARTBEAT,0,0,0,0,0,0,0x1800FFC0
1777183412.850,2749720,6,3,COMMS,255,BROADCAST,0,HEARTBEAT,48,HEARTBEAT,0,0,0,0,0,0,0x1800FFC0
1777183413.959,2750787,6,3,COMMS,255,BROADCAST,0,HEARTBEAT,48,HEARTBEAT,0,0,0,0,0,0,0x1800FFC0
1777183414.939,2751802,6,3,COMMS,255,BROADCAST,0,HEARTBEAT,48,HEARTBEAT,0,0,0,0,0,0,0x1800FFC0
1777183416.005,2752855,6,3,COMMS,255,BROADCAST,0,HEARTBEAT,48,HEARTBEAT,0,0,0,0,0,0,0x1800FFC0
1777183417.034,2753855,6,3,COMMS,255,BROADCAST,0,HEARTBEAT,48,HEARTBEAT,0,0,0,0,0,0,0x1800FFC0
1777183418.058,2754922,6,3,COMMS,255,BROADCAST,0,HEARTBEAT,48,HEARTBEAT,0,0,0,0,0,0,0x1800FFC0
1777183419.085,2755948,6,3,COMMS,255,BROADCAST,0,HEARTBEAT,48,HEARTBEAT,0,0,0,0,0,0,0x1800FFC0
1777183420.126,2756989,6,3,COMMS,255,BROADCAST,0,HEARTBEAT,48,HEARTBEAT,0,0,0,0,0,0,0x1800FFC0
1777183421.169,2758022,6,3,COMMS,255,BROADCAST,0,HEARTBEAT,48,HEARTBEAT,0,0,0,0,0,0,0x1800FFC0
1777183422.174,2759037,6,3,COMMS,255,BROADCAST,0,HEARTBEAT,48,HEARTBEAT,0,0,0,0,0,0,0x1800FFC0
1777183423.226,2760089,6,3,COMMS,255,BROADCAST,0,HEARTBEAT,48,HEARTBEAT,0,0,0,0,0,0,0x1800FFC0
1777183424.290,2761123,6,3,COMMS,255,BROADCAST,0,HEARTBEAT,48,HEARTBEAT,0,0,0,0,0,0,0x1800FFC0
1777183425.326,2762157,6,3,COMMS,255,BROADCAST,0,HEARTBEAT,48,HEARTBEAT,0,0,0,0,0,0,0x1800FFC0
1777183426.341,2763190,6,3,COMMS,255,BROADCAST,0,HEARTBEAT,48,HEARTBEAT,0,0,0,0,0,0,0x1800FFC0
1777183427.372,2764193,6,3,COMMS,255,BROADCAST,0,HEARTBEAT,48,HEARTBEAT,0,0,0,0,0,0,0x1800FFC0
1777183428.397,2765258,6,3,COMMS,255,BROADCAST,0,HEARTBEAT,48,HEARTBEAT,0,0,0,0,0,0,0x1800FFC0
1777183429.420,2766261,6,3,COMMS,255,BROADCAST,0,HEARTBEAT,48,HEARTBEAT,0,0,0,0,0,0,0x1800FFC0
1777183430.462,2767325,6,3,COMMS,255,BROADCAST,0,HEARTBEAT,48,HEARTBEAT,0,0,0,0,0,0,0x1800FFC0
1777183431.484,2768346,6,3,COMMS,255,BROADCAST,0,HEARTBEAT,48,HEARTBEAT,0,0,0,0,0,0,0x1800FFC0
1777183432.528,2769392,6,3,COMMS,255,BROADCAST,0,HEARTBEAT,48,HEARTBEAT,0,0,0,0,0,0,0x1800FFC0
1777183433.563,2770425,6,3,COMMS,255,BROADCAST,0,HEARTBEAT,48,HEARTBEAT,0,0,0,0,0,0,0x1800FFC0
1777183434.566,2771429,6,3,COMMS,255,BROADCAST,0,HEARTBEAT,48,HEARTBEAT,0,0,0,0,0,0,0x1800FFC0
1777183435.661,2772493,6,3,COMMS,255,BROADCAST,0,HEARTBEAT,48,HEARTBEAT,0,0,0,0,0,0,0x1800FFC0
1777183436.692,2773513,6,3,COMMS,255,BROADCAST,0,HEARTBEAT,48,HEARTBEAT,0,0,0,0,0,0,0x1800FFC0
1777183437.708,2774560,6,3,COMMS,255,BROADCAST,0,HEARTBEAT,48,HEARTBEAT,0,0,0,0,0,0,0x1800FFC0
1777183438.731,2775593,6,3,COMMS,255,BROADCAST,0,HEARTBEAT,48,HEARTBEAT,0,0,0,0,0,0,0x1800FFC0
1777183439.766,2776598,6,3,COMMS,255,BROADCAST,0,HEARTBEAT,48,HEARTBEAT,0,0,0,0,0,0,0x1800FFC0
1777183440.788,2777640,6,3,COMMS,255,BROADCAST,0,HEARTBEAT,48,HEARTBEAT,0,0,0,0,0,0,0x1800FFC0
1777183441.831,2778694,6,3,COMMS,255,BROADCAST,0,HEARTBEAT,48,HEARTBEAT,0,0,0,0,0,0,0x1800FFC0
1777183442.865,2779727,6,3,COMMS,255,BROADCAST,0,HEARTBEAT,48,HEARTBEAT,0,0,0,0,0,0,0x1800FFC0
1777183443.898,2780761,6,3,COMMS,255,BROADCAST,0,HEARTBEAT,48,HEARTBEAT,0,0,0,0,0,0,0x1800FFC0
1777183444.931,2781794,6,3,COMMS,255,BROADCAST,0,HEARTBEAT,48,HEARTBEAT,0,0,0,0,0,0,0x1800FFC0
1777183445.966,2782828,6,3,COMMS,255,BROADCAST,0,HEARTBEAT,48,HEARTBEAT,0,0,0,0,0,0,0x1800FFC0
1777183447.034,2783861,6,3,COMMS,255,BROADCAST,0,HEARTBEAT,48,HEARTBEAT,0,0,0,0,0,0,0x1800FFC0
1777183448.051,2784895,6,3,COMMS,255,BROADCAST,0,HEARTBEAT,48,HEARTBEAT,0,0,0,0,0,0,0x1800FFC0
1777183449.088,2785905,6,3,COMMS,255,BROADCAST,0,HEARTBEAT,48,HEARTBEAT,0,0,0,0,0,0,0x1800FFC0
1777183450.107,2786962,6,3,COMMS,255,BROADCAST,0,HEARTBEAT,48,HEARTBEAT,0,0,0,0,0,0,0x1800FFC0
1777183451.132,2787988,6,3,COMMS,255,BROADCAST,0,HEARTBEAT,48,HEARTBEAT,0,0,0,0,0,0,0x1800FFC0
1777183452.167,2789029,6,3,COMMS,255,BROADCAST,0,HEARTBEAT,48,HEARTBEAT,0,0,0,0,0,0,0x1800FFC0
1777183453.200,2790062,6,3,COMMS,255,BROADCAST,0,HEARTBEAT,48,HEARTBEAT,0,0,0,0,0,0,0x1800FFC0
1777183454.201,2791064,6,3,COMMS,255,BROADCAST,0,HEARTBEAT,48,HEARTBEAT,0,0,0,0,0,0,0x1800FFC0
1777183455.267,2792129,6,3,COMMS,255,BROADCAST,0,HEARTBEAT,48,HEARTBEAT,0,0,0,0,0,0,0x1800FFC0
1777183456.300,2793163,6,3,COMMS,255,BROADCAST,0,HEARTBEAT,48,HEARTBEAT,0,0,0,0,0,0,0x1800FFC0
1777183457.380,2794197,6,3,COMMS,255,BROADCAST,0,HEARTBEAT,48,HEARTBEAT,0,0,0,0,0,0,0x1800FFC0
1777183458.343,2795205,6,3,COMMS,255,BROADCAST,0,HEARTBEAT,48,HEARTBEAT,0,0,0,0,0,0,0x1800FFC0
1777183459.353,2796216,6,3,COMMS,255,BROADCAST,0,HEARTBEAT,48,HEARTBEAT,0,0,0,0,0,0,0x1800FFC0
1777183460.405,2797268,6,3,COMMS,255,BROADCAST,0,HEARTBEAT,48,HEARTBEAT,0,0,0,0,0,0,0x1800FFC0
1777183461.425,2798289,6,3,COMMS,255,BROADCAST,0,HEARTBEAT,48,HEARTBEAT,0,0,0,0,0,0,0x1800FFC0
1777183462.502,2799363,6,3,COMMS,255,BROADCAST,0,HEARTBEAT,48,HEARTBEAT,0,0,0,0,0,0,0x1800FFC0
1777183463.536,2800398,6,3,COMMS,255,BROADCAST,0,HEARTBEAT,48,HEARTBEAT,0,0,0,0,0,0,0x1800FFC0
1777183464.565,2801428,6,3,COMMS,255,BROADCAST,0,HEARTBEAT,48,HEARTBEAT,0,0,0,0,0,0,0x1800FFC0
1777183465.603,2802465,6,3,COMMS,255,BROADCAST,0,HEARTBEAT,48,HEARTBEAT,0,0,0,0,0,0,0x1800FFC0
1777183466.636,2803499,6,3,COMMS,255,BROADCAST,0,HEARTBEAT,48,HEARTBEAT,0,0,0,0,0,0,0x1800FFC0
1777183467.640,2804502,6,3,COMMS,255,BROADCAST,0,HEARTBEAT,48,HEARTBEAT,0,0,0,0,0,0,0x1800FFC0
1777183468.743,2805566,6,3,COMMS,255,BROADCAST,0,HEARTBEAT,48,HEARTBEAT,0,0,0,0,0,0,0x1800FFC0
1777183469.722,2806584,6,3,COMMS,255,BROADCAST,0,HEARTBEAT,48,HEARTBEAT,0,0,0,0,0,0,0x1800FFC0
1777183470.796,2807616,6,3,COMMS,255,BROADCAST,0,HEARTBEAT,48,HEARTBEAT,0,0,0,0,0,0,0x1800FFC0
1777183471.823,2808664,6,3,COMMS,255,BROADCAST,0,HEARTBEAT,48,HEARTBEAT,0,0,0,0,0,0,0x1800FFC0
1777183472.842,2809700,6,3,COMMS,255,BROADCAST,0,HEARTBEAT,48,HEARTBEAT,0,0,0,0,0,0,0x1800FFC0
1777183473.872,2810734,6,3,COMMS,255,BROADCAST,0,HEARTBEAT,48,HEARTBEAT,0,0,0,0,0,0,0x1800FFC0
1777183474.894,2811755,6,3,COMMS,255,BROADCAST,0,HEARTBEAT,48,HEARTBEAT,0,0,0,0,0,0,0x1800FFC0
1777183475.940,2812801,6,3,COMMS,255,BROADCAST,0,HEARTBEAT,48,HEARTBEAT,0,0,0,0,0,0,0x1800FFC0
1777183476.973,2813835,6,3,COMMS,255,BROADCAST,0,HEARTBEAT,48,HEARTBEAT,0,0,0,0,0,0,0x1800FFC0
1777183478.006,2814868,6,3,COMMS,255,BROADCAST,0,HEARTBEAT,48,HEARTBEAT,0,0,0,0,0,0,0x1800FFC0
1777183479.041,2815902,6,3,COMMS,255,BROADCAST,0,HEARTBEAT,48,HEARTBEAT,0,0,0,0,0,0,0x1800FFC0
1777183480.103,2816936,6,3,COMMS,255,BROADCAST,0,HEARTBEAT,48,HEARTBEAT,0,0,0,0,0,0,0x1800FFC0
1777183481.136,2817969,6,3,COMMS,255,BROADCAST,0,HEARTBEAT,48,HEARTBEAT,0,0,0,0,0,0,0x1800FFC0
1777183482.157,2819003,6,3,COMMS,255,BROADCAST,0,HEARTBEAT,48,HEARTBEAT,0,0,0,0,0,0,0x1800FFC0
1777183483.183,2820011,6,3,COMMS,255,BROADCAST,0,HEARTBEAT,48,HEARTBEAT,0,0,0,0,0,0,0x1800FFC0
1777183484.209,2821070,6,3,COMMS,255,BROADCAST,0,HEARTBEAT,48,HEARTBEAT,0,0,0,0,0,0,0x1800FFC0
1777183485.231,2822094,6,3,COMMS,255,BROADCAST,0,HEARTBEAT,48,HEARTBEAT,0,0,0,0,0,0,0x1800FFC0
1777183486.275,2823137,6,3,COMMS,255,BROADCAST,0,HEARTBEAT,48,HEARTBEAT,0,0,0,0,0,0,0x1800FFC0
1777183487.283,2824145,6,3,COMMS,255,BROADCAST,0,HEARTBEAT,48,HEARTBEAT,0,0,0,0,0,0,0x1800FFC0
1777183488.332,2825193,6,3,COMMS,255,BROADCAST,0,HEARTBEAT,48,HEARTBEAT,0,0,0,0,0,0,0x1800FFC0
1777183489.345,2826208,6,3,COMMS,255,BROADCAST,0,HEARTBEAT,48,HEARTBEAT,0,0,0,0,0,0,0x1800FFC0
1777183490.409,2827271,6,3,COMMS,255,BROADCAST,0,HEARTBEAT,48,HEARTBEAT,0,0,0,0,0,0,0x1800FFC0
1777183491.427,2828290,6,3,COMMS,255,BROADCAST,0,HEARTBEAT,48,HEARTBEAT,0,0,0,0,0,0,0x1800FFC0
1777183492.493,2829338,6,3,COMMS,255,BROADCAST,0,HEARTBEAT,48,HEARTBEAT,0,0,0,0,0,0,0x1800FFC0
1777183493.512,2830372,6,3,COMMS,255,BROADCAST,0,HEARTBEAT,48,HEARTBEAT,0,0,0,0,0,0,0x1800FFC0
1777183494.549,2831379,6,3,COMMS,255,BROADCAST,0,HEARTBEAT,48,HEARTBEAT,0,0,0,0,0,0,0x1800FFC0
1777183495.568,2832404,6,3,COMMS,255,BROADCAST,0,HEARTBEAT,48,HEARTBEAT,0,0,0,0,0,0,0x1800FFC0
1777183496.615,2833473,6,3,COMMS,255,BROADCAST,0,HEARTBEAT,48,HEARTBEAT,0,0,0,0,0,0,0x1800FFC0
1777183497.645,2834506,6,3,COMMS,255,BROADCAST,0,HEARTBEAT,48,HEARTBEAT,0,0,0,0,0,0,0x1800FFC0
1777183498.677,2835540,6,3,COMMS,255,BROADCAST,0,HEARTBEAT,48,HEARTBEAT,0,0,0,0,0,0,0x1800FFC0
1777183499.707,2836569,6,3,COMMS,255,BROADCAST,0,HEARTBEAT,48,HEARTBEAT,0,0,0,0,0,0,0x1800FFC0
1777183500.744,2837607,6,3,COMMS,255,BROADCAST,0,HEARTBEAT,48,HEARTBEAT,0,0,0,0,0,0,0x1800FFC0
1777183501.817,2838640,6,3,COMMS,255,BROADCAST,0,HEARTBEAT,48,HEARTBEAT,0,0,0,0,0,0,0x1800FFC0
1777183502.797,2839660,6,3,COMMS,255,BROADCAST,0,HEARTBEAT,48,HEARTBEAT,0,0,0,0,0,0,0x1800FFC0
1777183503.858,2840707,6,3,COMMS,255,BROADCAST,0,HEARTBEAT,48,HEARTBEAT,0,0,0,0,0,0,0x1800FFC0
1777183504.891,2841741,6,3,COMMS,255,BROADCAST,0,HEARTBEAT,48,HEARTBEAT,0,0,0,0,0,0,0x1800FFC0
1777183505.918,2842748,6,3,COMMS,255,BROADCAST,0,HEARTBEAT,48,HEARTBEAT,0,0,0,0,0,0,0x1800FFC0
1777183506.946,2843805,6,3,COMMS,255,BROADCAST,0,HEARTBEAT,48,HEARTBEAT,0,0,0,0,0,0,0x1800FFC0
1777183507.981,2844842,6,3,COMMS,255,BROADCAST,0,HEARTBEAT,48,HEARTBEAT,0,0,0,0,0,0,0x1800FFC0
1777183509.014,2845875,6,3,COMMS,255,BROADCAST,0,HEARTBEAT,48,HEARTBEAT,0,0,0,0,0,0,0x1800FFC0
1777183510.003,2846879,6,3,COMMS,255,BROADCAST,0,HEARTBEAT,48,HEARTBEAT,0,0,0,0,0,0,0x1800FFC0
1777183511.081,2847942,6,3,COMMS,255,BROADCAST,0,HEARTBEAT,48,HEARTBEAT,0,0,0,0,0,0,0x1800FFC0
1777183512.101,2848962,6,3,COMMS,255,BROADCAST,0,HEARTBEAT,48,HEARTBEAT,0,0,0,0,0,0,0x1800FFC0
1777183513.133,2849995,6,3,COMMS,255,BROADCAST,0,HEARTBEAT,48,HEARTBEAT,0,0,0,0,0,0,0x1800FFC0
1777183514.206,2851043,6,3,COMMS,255,BROADCAST,0,HEARTBEAT,48,HEARTBEAT,0,0,0,0,0,0,0x1800FFC0
1777183515.232,2852077,6,3,COMMS,255,BROADCAST,0,HEARTBEAT,48,HEARTBEAT,0,0,0,0,0,0,0x1800FFC0
1777183516.260,2853093,6,3,COMMS,255,BROADCAST,0,HEARTBEAT,48,HEARTBEAT,0,0,0,0,0,0,0x1800FFC0
1777183517.284,2854110,6,3,COMMS,255,BROADCAST,0,HEARTBEAT,48,HEARTBEAT,0,0,0,0,0,0,0x1800FFC0
1777183518.253,2855113,6,3,COMMS,255,BROADCAST,0,HEARTBEAT,48,HEARTBEAT,0,0,0,0,0,0,0x1800FFC0
1777183519.334,2856196,6,3,COMMS,255,BROADCAST,0,HEARTBEAT,48,HEARTBEAT,0,0,0,0,0,0,0x1800FFC0
1777183520.384,2857245,6,3,COMMS,255,BROADCAST,0,HEARTBEAT,48,HEARTBEAT,0,0,0,0,0,0,0x1800FFC0
1777183521.417,2858279,6,3,COMMS,255,BROADCAST,0,HEARTBEAT,48,HEARTBEAT,0,0,0,0,0,0,0x1800FFC0
1777183522.451,2859313,6,3,COMMS,255,BROADCAST,0,HEARTBEAT,48,HEARTBEAT,0,0,0,0,0,0,0x1800FFC0
1777183523.485,2860346,6,3,COMMS,255,BROADCAST,0,HEARTBEAT,48,HEARTBEAT,0,0,0,0,0,0,0x1800FFC0
1777183524.489,2861353,6,3,COMMS,255,BROADCAST,0,HEARTBEAT,48,HEARTBEAT,0,0,0,0,0,0,0x1800FFC0
1777183525.570,2862414,6,3,COMMS,255,BROADCAST,0,HEARTBEAT,48,HEARTBEAT,0,0,0,0,0,0,0x1800FFC0
1777183526.588,2863436,6,3,COMMS,255,BROADCAST,0,HEARTBEAT,48,HEARTBEAT,0,0,0,0,0,0,0x1800FFC0
1777183527.626,2864474,6,3,COMMS,255,BROADCAST,0,HEARTBEAT,48,HEARTBEAT,0,0,0,0,0,0,0x1800FFC0
1777183528.652,2865515,6,3,COMMS,255,BROADCAST,0,HEARTBEAT,48,HEARTBEAT,0,0,0,0,0,0,0x1800FFC0
1777183529.687,2866548,6,3,COMMS,255,BROADCAST,0,HEARTBEAT,48,HEARTBEAT,0,0,0,0,0,0,0x1800FFC0
1777183530.701,2867563,6,3,COMMS,255,BROADCAST,0,HEARTBEAT,48,HEARTBEAT,0,0,0,0,0,0,0x1800FFC0
1777183531.727,2868589,6,3,COMMS,255,BROADCAST,0,HEARTBEAT,48,HEARTBEAT,0,0,0,0,0,0,0x1800FFC0
1777183532.787,2869649,6,3,COMMS,255,BROADCAST,0,HEARTBEAT,48,HEARTBEAT,0,0,0,0,0,0,0x1800FFC0
1777183533.805,2870673,6,3,COMMS,255,BROADCAST,0,HEARTBEAT,48,HEARTBEAT,0,0,0,0,0,0,0x1800FFC0
1777183534.889,2871716,6,3,COMMS,255,BROADCAST,0,HEARTBEAT,48,HEARTBEAT,0,0,0,0,0,0,0x1800FFC0
1777183535.856,2872717,6,3,COMMS,255,BROADCAST,0,HEARTBEAT,48,HEARTBEAT,0,0,0,0,0,0,0x1800FFC0
1777183536.885,2873747,6,3,COMMS,255,BROADCAST,0,HEARTBEAT,48,HEARTBEAT,0,0,0,0,0,0,0x1800FFC0
1777183537.914,2874775,6,3,COMMS,255,BROADCAST,0,HEARTBEAT,48,HEARTBEAT,0,0,0,0,0,0,0x1800FFC0
1777183538.994,2875851,6,3,COMMS,255,BROADCAST,0,HEARTBEAT,48,HEARTBEAT,0,0,0,0,0,0,0x1800FFC0
1777183540.006,2876858,6,3,COMMS,255,BROADCAST,0,HEARTBEAT,48,HEARTBEAT,0,0,0,0,0,0,0x1800FFC0
1777183541.057,2877918,6,3,COMMS,255,BROADCAST,0,HEARTBEAT,48,HEARTBEAT,0,0,0,0,0,0,0x1800FFC0
1777183542.079,2878940,6,3,COMMS,255,BROADCAST,0,HEARTBEAT,48,HEARTBEAT,0,0,0,0,0,0,0x1800FFC0
1777183543.124,2879985,6,3,COMMS,255,BROADCAST,0,HEARTBEAT,48,HEARTBEAT,0,0,0,0,0,0,0x1800FFC0
1777183544.157,2881019,6,3,COMMS,255,BROADCAST,0,HEARTBEAT,48,HEARTBEAT,0,0,0,0,0,0,0x1800FFC0
1777183545.176,2882037,6,3,COMMS,255,BROADCAST,0,HEARTBEAT,48,HEARTBEAT,0,0,0,0,0,0,0x1800FFC0
1777183546.179,2883038,6,3,COMMS,255,BROADCAST,0,HEARTBEAT,48,HEARTBEAT,0,0,0,0,0,0,0x1800FFC0
1777183547.278,2884120,6,3,COMMS,255,BROADCAST,0,HEARTBEAT,48,HEARTBEAT,0,0,0,0,0,0,0x1800FFC0
1777183548.312,2885135,6,3,COMMS,255,BROADCAST,0,HEARTBEAT,48,HEARTBEAT,0,0,0,0,0,0,0x1800FFC0
1777183549.330,2886187,6,3,COMMS,255,BROADCAST,0,HEARTBEAT,48,HEARTBEAT,0,0,0,0,0,0,0x1800FFC0
1777183550.359,2887220,6,3,COMMS,255,BROADCAST,0,HEARTBEAT,48,HEARTBEAT,0,0,0,0,0,0,0x1800FFC0
1777183551.382,2888241,6,3,COMMS,255,BROADCAST,0,HEARTBEAT,48,HEARTBEAT,0,0,0,0,0,0,0x1800FFC0
1777183552.426,2889288,6,3,COMMS,255,BROADCAST,0,HEARTBEAT,48,HEARTBEAT,0,0,0,0,0,0,0x1800FFC0
1777183553.460,2890321,6,3,COMMS,255,BROADCAST,0,HEARTBEAT,48,HEARTBEAT,0,0,0,0,0,0,0x1800FFC0
1777183554.463,2891324,6,3,COMMS,255,BROADCAST,0,HEARTBEAT,48,HEARTBEAT,0,0,0,0,0,0,0x1800FFC0
1777183555.517,2892378,6,3,COMMS,255,BROADCAST,0,HEARTBEAT,48,HEARTBEAT,0,0,0,0,0,0,0x1800FFC0
1777183556.560,2893422,6,3,COMMS,255,BROADCAST,0,HEARTBEAT,48,HEARTBEAT,0,0,0,0,0,0,0x1800FFC0
1777183557.621,2894455,6,3,COMMS,255,BROADCAST,0,HEARTBEAT,48,HEARTBEAT,0,0,0,0,0,0,0x1800FFC0
1777183558.608,2895469,6,3,COMMS,255,BROADCAST,0,HEARTBEAT,48,HEARTBEAT,0,0,0,0,0,0,0x1800FFC0
1777183559.671,2896523,6,3,COMMS,255,BROADCAST,0,HEARTBEAT,48,HEARTBEAT,0,0,0,0,0,0,0x1800FFC0
1777183560.700,2897556,6,3,COMMS,255,BROADCAST,0,HEARTBEAT,48,HEARTBEAT,0,0,0,0,0,0,0x1800FFC0
1777183561.721,2898560,6,3,COMMS,255,BROADCAST,0,HEARTBEAT,48,HEARTBEAT,0,0,0,0,0,0,0x1800FFC0
1777183562.763,2899624,6,3,COMMS,255,BROADCAST,0,HEARTBEAT,48,HEARTBEAT,0,0,0,0,0,0,0x1800FFC0
1777183563.784,2900646,6,3,COMMS,255,BROADCAST,0,HEARTBEAT,48,HEARTBEAT,0,0,0,0,0,0,0x1800FFC0
1777183564.833,2901691,6,3,COMMS,255,BROADCAST,0,HEARTBEAT,48,HEARTBEAT,0,0,0,0,0,0,0x1800FFC0
1777183565.863,2902724,6,3,COMMS,255,BROADCAST,0,HEARTBEAT,48,HEARTBEAT,0,0,0,0,0,0,0x1800FFC0
1777183566.896,2903758,6,3,COMMS,255,BROADCAST,0,HEARTBEAT,48,HEARTBEAT,0,0,0,0,0,0,0x1800FFC0
1777183567.916,2904778,6,3,COMMS,255,BROADCAST,0,HEARTBEAT,48,HEARTBEAT,0,0,0,0,0,0,0x1800FFC0
1777183568.991,2905825,6,3,COMMS,255,BROADCAST,0,HEARTBEAT,48,HEARTBEAT,0,0,0,0,0,0,0x1800FFC0
1777183570.007,2906859,6,3,COMMS,255,BROADCAST,0,HEARTBEAT,48,HEARTBEAT,0,0,0,0,0,0,0x1800FFC0
1777183571.043,2907893,6,3,COMMS,255,BROADCAST,0,HEARTBEAT,48,HEARTBEAT,0,0,0,0,0,0,0x1800FFC0
1777183572.067,2908926,6,3,COMMS,255,BROADCAST,0,HEARTBEAT,48,HEARTBEAT,0,0,0,0,0,0,0x1800FFC0
1777183573.091,2909932,6,3,COMMS,255,BROADCAST,0,HEARTBEAT,48,HEARTBEAT,0,0,0,0,0,0,0x1800FFC0
1777183574.116,2910964,6,3,COMMS,255,BROADCAST,0,HEARTBEAT,48,HEARTBEAT,0,0,0,0,0,0,0x1800FFC0
1777183575.139,2911981,6,3,COMMS,255,BROADCAST,0,HEARTBEAT,48,HEARTBEAT,0,0,0,0,0,0,0x1800FFC0
1777183576.200,2913061,6,3,COMMS,255,BROADCAST,0,HEARTBEAT,48,HEARTBEAT,0,0,0,0,0,0,0x1800FFC0
1777183577.216,2914077,6,3,COMMS,255,BROADCAST,0,HEARTBEAT,48,HEARTBEAT,0,0,0,0,0,0,0x1800FFC0
1777183578.267,2915128,6,3,COMMS,255,BROADCAST,0,HEARTBEAT,48,HEARTBEAT,0,0,0,0,0,0,0x1800FFC0
1777183579.340,2916161,6,3,COMMS,255,BROADCAST,0,HEARTBEAT,48,HEARTBEAT,0,0,0,0,0,0,0x1800FFC0
1777183580.309,2917169,6,3,COMMS,255,BROADCAST,0,HEARTBEAT,48,HEARTBEAT,0,0,0,0,0,0,0x1800FFC0
1777183581.396,2918229,6,3,COMMS,255,BROADCAST,0,HEARTBEAT,48,HEARTBEAT,0,0,0,0,0,0,0x1800FFC0
1777183582.401,2919252,6,3,COMMS,255,BROADCAST,0,HEARTBEAT,48,HEARTBEAT,0,0,0,0,0,0,0x1800FFC0
1777183583.435,2920284,6,3,COMMS,255,BROADCAST,0,HEARTBEAT,48,HEARTBEAT,0,0,0,0,0,0,0x1800FFC0
1777183584.469,2921330,6,3,COMMS,255,BROADCAST,0,HEARTBEAT,48,HEARTBEAT,0,0,0,0,0,0,0x1800FFC0
1777183585.489,2922349,6,3,COMMS,255,BROADCAST,0,HEARTBEAT,48,HEARTBEAT,0,0,0,0,0,0,0x1800FFC0
1777183586.537,2923397,6,3,COMMS,255,BROADCAST,0,HEARTBEAT,48,HEARTBEAT,0,0,0,0,0,0,0x1800FFC0
1777183587.570,2924431,6,3,COMMS,255,BROADCAST,0,HEARTBEAT,48,HEARTBEAT,0,0,0,0,0,0,0x1800FFC0
1777183588.604,2925464,6,3,COMMS,255,BROADCAST,0,HEARTBEAT,48,HEARTBEAT,0,0,0,0,0,0,0x1800FFC0
1777183589.637,2926498,6,3,COMMS,255,BROADCAST,0,HEARTBEAT,48,HEARTBEAT,0,0,0,0,0,0,0x1800FFC0
1777183590.705,2927532,6,3,COMMS,255,BROADCAST,0,HEARTBEAT,48,HEARTBEAT,0,0,0,0,0,0,0x1800FFC0
1777183591.678,2928539,6,3,COMMS,255,BROADCAST,0,HEARTBEAT,48,HEARTBEAT,0,0,0,0,0,0,0x1800FFC0
1777183592.701,2929561,6,3,COMMS,255,BROADCAST,0,HEARTBEAT,48,HEARTBEAT,0,0,0,0,0,0,0x1800FFC0
1777183593.777,2930632,6,3,COMMS,255,BROADCAST,0,HEARTBEAT,48,HEARTBEAT,0,0,0,0,0,0,0x1800FFC0
1777183594.804,2931645,6,3,COMMS,255,BROADCAST,0,HEARTBEAT,48,HEARTBEAT,0,0,0,0,0,0,0x1800FFC0
1777183595.839,2932699,6,3,COMMS,255,BROADCAST,0,HEARTBEAT,48,HEARTBEAT,0,0,0,0,0,0,0x1800FFC0
1777183596.867,2933727,6,3,COMMS,255,BROADCAST,0,HEARTBEAT,48,HEARTBEAT,0,0,0,0,0,0,0x1800FFC0
1777183597.906,2934767,6,3,COMMS,255,BROADCAST,0,HEARTBEAT,48,HEARTBEAT,0,0,0,0,0,0,0x1800FFC0
1777183598.940,2935800,6,3,COMMS,255,BROADCAST,0,HEARTBEAT,48,HEARTBEAT,0,0,0,0,0,0,0x1800FFC0
1777183599.973,2936834,6,3,COMMS,255,BROADCAST,0,HEARTBEAT,48,HEARTBEAT,0,0,0,0,0,0,0x1800FFC0
1777183601.048,2937867,6,3,COMMS,255,BROADCAST,0,HEARTBEAT,48,HEARTBEAT,0,0,0,0,0,0,0x1800FFC0
1777183602.021,2938881,6,3,COMMS,255,BROADCAST,0,HEARTBEAT,48,HEARTBEAT,0,0,0,0,0,0,0x1800FFC0
1777183603.031,2939885,6,3,COMMS,255,BROADCAST,0,HEARTBEAT,48,HEARTBEAT,0,0,0,0,0,0,0x1800FFC0
1777183604.025,2940885,6,3,COMMS,255,BROADCAST,0,HEARTBEAT,48,HEARTBEAT,0,0,0,0,0,0,0x1800FFC0
1777183605.061,2941921,6,3,COMMS,255,BROADCAST,0,HEARTBEAT,48,HEARTBEAT,0,0,0,0,0,0,0x1800FFC0
1777183606.065,2942920,6,3,COMMS,255,BROADCAST,0,HEARTBEAT,48,HEARTBEAT,0,0,0,0,0,0,0x1800FFC0
1777183607.084,2943932,6,3,COMMS,255,BROADCAST,0,HEARTBEAT,48,HEARTBEAT,0,0,0,0,0,0,0x1800FFC0
1777183608.113,2944958,6,3,COMMS,255,BROADCAST,0,HEARTBEAT,48,HEARTBEAT,0,0,0,0,0,0,0x1800FFC0
1777183609.154,2946015,6,3,COMMS,255,BROADCAST,0,HEARTBEAT,48,HEARTBEAT,0,0,0,0,0,0,0x1800FFC0
1777183610.264,2947111,6,3,COMMS,255,BROADCAST,0,HEARTBEAT,48,HEARTBEAT,0,0,0,0,0,0,0x1800FFC0
1777183611.284,2948116,6,3,COMMS,255,BROADCAST,0,HEARTBEAT,48,HEARTBEAT,0,0,0,0,0,0,0x1800FFC0
1777183612.324,2949183,6,3,COMMS,255,BROADCAST,0,HEARTBEAT,48,HEARTBEAT,0,0,0,0,0,0,0x1800FFC0
1777183613.439,2950271,6,3,COMMS,255,BROADCAST,0,HEARTBEAT,48,HEARTBEAT,0,0,0,0,0,0,0x1800FFC0
1777183614.415,2951275,6,3,COMMS,255,BROADCAST,0,HEARTBEAT,48,HEARTBEAT,0,0,0,0,0,0,0x1800FFC0
1777183615.479,2952338,6,3,COMMS,255,BROADCAST,0,HEARTBEAT,48,HEARTBEAT,0,0,0,0,0,0,0x1800FFC0
1777183616.510,2953349,6,3,COMMS,255,BROADCAST,0,HEARTBEAT,48,HEARTBEAT,0,0,0,0,0,0,0x1800FFC0
1777183617.546,2954406,6,3,COMMS,255,BROADCAST,0,HEARTBEAT,48,HEARTBEAT,0,0,0,0,0,0,0x1800FFC0
1777183618.574,2955433,6,3,COMMS,255,BROADCAST,0,HEARTBEAT,48,HEARTBEAT,0,0,0,0,0,0,0x1800FFC0
1777183619.612,2956473,6,3,COMMS,255,BROADCAST,0,HEARTBEAT,48,HEARTBEAT,0,0,0,0,0,0,0x1800FFC0
1777183620.646,2957507,6,3,COMMS,255,BROADCAST,0,HEARTBEAT,48,HEARTBEAT,0,0,0,0,0,0,0x1800FFC0
1777183621.679,2958540,6,3,COMMS,255,BROADCAST,0,HEARTBEAT,48,HEARTBEAT,0,0,0,0,0,0,0x1800FFC0
1777183622.713,2959574,6,3,COMMS,255,BROADCAST,0,HEARTBEAT,48,HEARTBEAT,0,0,0,0,0,0,0x1800FFC0
1777183623.728,2960588,6,3,COMMS,255,BROADCAST,0,HEARTBEAT,48,HEARTBEAT,0,0,0,0,0,0,0x1800FFC0
1777183624.797,2961641,6,3,COMMS,255,BROADCAST,0,HEARTBEAT,48,HEARTBEAT,0,0,0,0,0,0,0x1800FFC0
1777183625.829,2962673,6,3,COMMS,255,BROADCAST,0,HEARTBEAT,48,HEARTBEAT,0,0,0,0,0,0,0x1800FFC0
1777183626.854,2963708,6,3,COMMS,255,BROADCAST,0,HEARTBEAT,48,HEARTBEAT,0,0,0,0,0,0,0x1800FFC0
1777183627.881,2964742,6,3,COMMS,255,BROADCAST,0,HEARTBEAT,48,HEARTBEAT,0,0,0,0,0,0,0x1800FFC0
1777183628.896,2965756,6,3,COMMS,255,BROADCAST,0,HEARTBEAT,48,HEARTBEAT,0,0,0,0,0,0,0x1800FFC0
1777183629.949,2966809,6,3,COMMS,255,BROADCAST,0,HEARTBEAT,48,HEARTBEAT,0,0,0,0,0,0,0x1800FFC0
1777183630.953,2967814,6,3,COMMS,255,BROADCAST,0,HEARTBEAT,48,HEARTBEAT,0,0,0,0,0,0,0x1800FFC0
1777183632.007,2968867,6,3,COMMS,255,BROADCAST,0,HEARTBEAT,48,HEARTBEAT,0,0,0,0,0,0,0x1800FFC0
1777183633.050,2969910,6,3,COMMS,255,BROADCAST,0,HEARTBEAT,48,HEARTBEAT,0,0,0,0,0,0,0x1800FFC0
1777183634.051,2970910,6,3,COMMS,255,BROADCAST,0,HEARTBEAT,48,HEARTBEAT,0,0,0,0,0,0,0x1800FFC0
1777183635.150,2971977,6,3,COMMS,255,BROADCAST,0,HEARTBEAT,48,HEARTBEAT,0,0,0,0,0,0,0x1800FFC0
1777183636.178,2972992,6,3,COMMS,255,BROADCAST,0,HEARTBEAT,48,HEARTBEAT,0,0,0,0,0,0,0x1800FFC0
1777183637.198,2974044,6,3,COMMS,255,BROADCAST,0,HEARTBEAT,48,HEARTBEAT,0,0,0,0,0,0,0x1800FFC0
1777183638.219,2975074,6,3,COMMS,255,BROADCAST,0,HEARTBEAT,48,HEARTBEAT,0,0,0,0,0,0,0x1800FFC0
1777183639.233,2976088,6,3,COMMS,255,BROADCAST,0,HEARTBEAT,48,HEARTBEAT,0,0,0,0,0,0,0x1800FFC0
1777183640.278,2977138,6,3,COMMS,255,BROADCAST,0,HEARTBEAT,48,HEARTBEAT,0,0,0,0,0,0,0x1800FFC0
1777183641.320,2978179,6,3,COMMS,255,BROADCAST,0,HEARTBEAT,48,HEARTBEAT,0,0,0,0,0,0,0x1800FFC0
1777183642.353,2979212,6,3,COMMS,255,BROADCAST,0,HEARTBEAT,48,HEARTBEAT,0,0,0,0,0,0,0x1800FFC0
1777183643.386,2980246,6,3,COMMS,255,BROADCAST,0,HEARTBEAT,48,HEARTBEAT,0,0,0,0,0,0,0x1800FFC0
1777183644.420,2981280,6,3,COMMS,255,BROADCAST,0,HEARTBEAT,48,HEARTBEAT,0,0,0,0,0,0,0x1800FFC0
1777183645.491,2982313,6,3,COMMS,255,BROADCAST,0,HEARTBEAT,48,HEARTBEAT,0,0,0,0,0,0,0x1800FFC0
1777183646.529,2983347,6,3,COMMS,255,BROADCAST,0,HEARTBEAT,48,HEARTBEAT,0,0,0,0,0,0,0x1800FFC0
1777183647.539,2984365,6,3,COMMS,255,BROADCAST,0,HEARTBEAT,48,HEARTBEAT,0,0,0,0,0,0,0x1800FFC0
1777183648.507,2985368,6,3,COMMS,255,BROADCAST,0,HEARTBEAT,48,HEARTBEAT,0,0,0,0,0,0,0x1800FFC0
1777183649.589,2986448,6,3,COMMS,255,BROADCAST,0,HEARTBEAT,48,HEARTBEAT,0,0,0,0,0,0,0x1800FFC0
1777183650.605,2987451,6,3,COMMS,255,BROADCAST,0,HEARTBEAT,48,HEARTBEAT,0,0,0,0,0,0,0x1800FFC0
1777183651.657,2988516,6,3,COMMS,255,BROADCAST,0,HEARTBEAT,48,HEARTBEAT,0,0,0,0,0,0,0x1800FFC0
1777183652.668,2989528,6,3,COMMS,255,BROADCAST,0,HEARTBEAT,48,HEARTBEAT,0,0,0,0,0,0,0x1800FFC0
1777183653.724,2990583,6,3,COMMS,255,BROADCAST,0,HEARTBEAT,48,HEARTBEAT,0,0,0,0,0,0,0x1800FFC0
1777183654.752,2991612,6,3,COMMS,255,BROADCAST,0,HEARTBEAT,48,HEARTBEAT,0,0,0,0,0,0,0x1800FFC0
1777183655.832,2992651,6,3,COMMS,255,BROADCAST,0,HEARTBEAT,48,HEARTBEAT,0,0,0,0,0,0,0x1800FFC0
1777183656.857,2993684,6,3,COMMS,255,BROADCAST,0,HEARTBEAT,48,HEARTBEAT,0,0,0,0,0,0,0x1800FFC0
1777183657.826,2994686,6,3,COMMS,255,BROADCAST,0,HEARTBEAT,48,HEARTBEAT,0,0,0,0,0,0,0x1800FFC0
1777183658.826,2995686,6,3,COMMS,255,BROADCAST,0,HEARTBEAT,48,HEARTBEAT,0,0,0,0,0,0,0x1800FFC0
1777183659.876,2996737,6,3,COMMS,255,BROADCAST,0,HEARTBEAT,48,HEARTBEAT,0,0,0,0,0,0,0x1800FFC0
1777183660.950,2997807,6,3,COMMS,255,BROADCAST,0,HEARTBEAT,48,HEARTBEAT,0,0,0,0,0,0,0x1800FFC0
1777183661.994,2998853,6,3,COMMS,255,BROADCAST,0,HEARTBEAT,48,HEARTBEAT,0,0,0,0,0,0,0x1800FFC0
1777183663.027,2999887,6,3,COMMS,255,BROADCAST,0,HEARTBEAT,48,HEARTBEAT,0,0,0,0,0,0,0x1800FFC0
1777183664.042,3000901,6,3,COMMS,255,BROADCAST,0,HEARTBEAT,48,HEARTBEAT,0,0,0,0,0,0,0x1800FFC0
1777183665.060,3001920,6,3,COMMS,255,BROADCAST,0,HEARTBEAT,48,HEARTBEAT,0,0,0,0,0,0,0x1800FFC0
1777183666.113,3002973,6,3,COMMS,255,BROADCAST,0,HEARTBEAT,48,HEARTBEAT,0,0,0,0,0,0,0x1800FFC0
1777183667.131,3003990,6,3,COMMS,255,BROADCAST,0,HEARTBEAT,48,HEARTBEAT,0,0,0,0,0,0,0x1800FFC0
1777183668.220,3005055,6,3,COMMS,255,BROADCAST,0,HEARTBEAT,48,HEARTBEAT,0,0,0,0,0,0,0x1800FFC0
1777183669.251,3006082,6,3,COMMS,255,BROADCAST,0,HEARTBEAT,48,HEARTBEAT,0,0,0,0,0,0,0x1800FFC0
1777183670.264,3007123,6,3,COMMS,255,BROADCAST,0,HEARTBEAT,48,HEARTBEAT,0,0,0,0,0,0,0x1800FFC0
1777183671.297,3008156,6,3,COMMS,255,BROADCAST,0,HEARTBEAT,48,HEARTBEAT,0,0,0,0,0,0,0x1800FFC0
1777183672.314,3009173,6,3,COMMS,255,BROADCAST,0,HEARTBEAT,48,HEARTBEAT,0,0,0,0,0,0,0x1800FFC0
1777183673.364,3010224,6,3,COMMS,255,BROADCAST,0,HEARTBEAT,48,HEARTBEAT,0,0,0,0,0,0,0x1800FFC0
1777183674.399,3011257,6,3,COMMS,255,BROADCAST,0,HEARTBEAT,48,HEARTBEAT,0,0,0,0,0,0,0x1800FFC0
1777183675.402,3012261,6,3,COMMS,255,BROADCAST,0,HEARTBEAT,48,HEARTBEAT,0,0,0,0,0,0,0x1800FFC0
1777183676.461,3013321,6,3,COMMS,255,BROADCAST,0,HEARTBEAT,48,HEARTBEAT,0,0,0,0,0,0,0x1800FFC0
1777183677.498,3014358,6,3,COMMS,255,BROADCAST,0,HEARTBEAT,48,HEARTBEAT,0,0,0,0,0,0,0x1800FFC0
1777183678.562,3015392,6,3,COMMS,255,BROADCAST,0,HEARTBEAT,48,HEARTBEAT,0,0,0,0,0,0,0x1800FFC0
1777183679.535,3016395,6,3,COMMS,255,BROADCAST,0,HEARTBEAT,48,HEARTBEAT,0,0,0,0,0,0,0x1800FFC0
1777183680.607,3017459,6,3,COMMS,255,BROADCAST,0,HEARTBEAT,48,HEARTBEAT,0,0,0,0,0,0,0x1800FFC0
1777183681.640,3018480,6,3,COMMS,255,BROADCAST,0,HEARTBEAT,48,HEARTBEAT,0,0,0,0,0,0,0x1800FFC0
1777183682.667,3019527,6,3,COMMS,255,BROADCAST,0,HEARTBEAT,48,HEARTBEAT,0,0,0,0,0,0,0x1800FFC0
1777183683.701,3020560,6,3,COMMS,255,BROADCAST,0,HEARTBEAT,48,HEARTBEAT,0,0,0,0,0,0,0x1800FFC0
1777183684.723,3021582,6,3,COMMS,255,BROADCAST,0,HEARTBEAT,48,HEARTBEAT,0,0,0,0,0,0,0x1800FFC0
1777183685.768,3022627,6,3,COMMS,255,BROADCAST,0,HEARTBEAT,48,HEARTBEAT,0,0,0,0,0,0,0x1800FFC0
1777183686.776,3023636,6,3,COMMS,255,BROADCAST,0,HEARTBEAT,48,HEARTBEAT,0,0,0,0,0,0,0x1800FFC0
1777183687.808,3024662,6,3,COMMS,255,BROADCAST,0,HEARTBEAT,48,HEARTBEAT,0,0,0,0,0,0,0x1800FFC0
1777183688.851,3025711,6,3,COMMS,255,BROADCAST,0,HEARTBEAT,48,HEARTBEAT,0,0,0,0,0,0,0x1800FFC0
1777183689.888,3026747,6,3,COMMS,255,BROADCAST,0,HEARTBEAT,48,HEARTBEAT,0,0,0,0,0,0,0x1800FFC0
1777183690.946,3027796,6,3,COMMS,255,BROADCAST,0,HEARTBEAT,48,HEARTBEAT,0,0,0,0,0,0,0x1800FFC0
1777183691.979,3028830,6,3,COMMS,255,BROADCAST,0,HEARTBEAT,48,HEARTBEAT,0,0,0,0,0,0,0x1800FFC0
1777183693.004,3029841,6,3,COMMS,255,BROADCAST,0,HEARTBEAT,48,HEARTBEAT,0,0,0,0,0,0,0x1800FFC0
1777183694.037,3030895,6,3,COMMS,255,BROADCAST,0,HEARTBEAT,48,HEARTBEAT,0,0,0,0,0,0,0x1800FFC0
1777183695.072,3031931,6,3,COMMS,255,BROADCAST,0,HEARTBEAT,48,HEARTBEAT,0,0,0,0,0,0,0x1800FFC0
1777183696.107,3032965,6,3,COMMS,255,BROADCAST,0,HEARTBEAT,48,HEARTBEAT,0,0,0,0,0,0,0x1800FFC0
1777183697.126,3033986,6,3,COMMS,255,BROADCAST,0,HEARTBEAT,48,HEARTBEAT,0,0,0,0,0,0,0x1800FFC0
1777183698.173,3035032,6,3,COMMS,255,BROADCAST,0,HEARTBEAT,48,HEARTBEAT,0,0,0,0,0,0,0x1800FFC0
1777183699.207,3036066,6,3,COMMS,255,BROADCAST,0,HEARTBEAT,48,HEARTBEAT,0,0,0,0,0,0,0x1800FFC0
1777183700.278,3037100,6,3,COMMS,255,BROADCAST,0,HEARTBEAT,48,HEARTBEAT,0,0,0,0,0,0,0x1800FFC0
1777183701.244,3038103,6,3,COMMS,255,BROADCAST,0,HEARTBEAT,48,HEARTBEAT,0,0,0,0,0,0,0x1800FFC0
1777183702.320,3039167,6,3,COMMS,255,BROADCAST,0,HEARTBEAT,48,HEARTBEAT,0,0,0,0,0,0,0x1800FFC0
1777183703.340,3040186,6,3,COMMS,255,BROADCAST,0,HEARTBEAT,48,HEARTBEAT,0,0,0,0,0,0,0x1800FFC0
1777183704.375,3041234,6,3,COMMS,255,BROADCAST,0,HEARTBEAT,48,HEARTBEAT,0,0,0,0,0,0,0x1800FFC0
1777183705.408,3042266,6,3,COMMS,255,BROADCAST,0,HEARTBEAT,48,HEARTBEAT,0,0,0,0,0,0,0x1800FFC0
1777183706.442,3043302,6,3,COMMS,255,BROADCAST,0,HEARTBEAT,48,HEARTBEAT,0,0,0,0,0,0,0x1800FFC0
1777183707.476,3044336,6,3,COMMS,255,BROADCAST,0,HEARTBEAT,48,HEARTBEAT,0,0,0,0,0,0,0x1800FFC0
1777183708.482,3045340,6,3,COMMS,255,BROADCAST,0,HEARTBEAT,48,HEARTBEAT,0,0,0,0,0,0,0x1800FFC0
1777183709.544,3046403,6,3,COMMS,255,BROADCAST,0,HEARTBEAT,48,HEARTBEAT,0,0,0,0,0,0,0x1800FFC0
1777183710.563,3047422,6,3,COMMS,255,BROADCAST,0,HEARTBEAT,48,HEARTBEAT,0,0,0,0,0,0,0x1800FFC0
1777183711.640,3048470,6,3,COMMS,255,BROADCAST,0,HEARTBEAT,48,HEARTBEAT,0,0,0,0,0,0,0x1800FFC0
1777183712.656,3049504,6,3,COMMS,255,BROADCAST,0,HEARTBEAT,48,HEARTBEAT,0,0,0,0,0,0,0x1800FFC0
1777183713.687,3050538,6,3,COMMS,255,BROADCAST,0,HEARTBEAT,48,HEARTBEAT,0,0,0,0,0,0,0x1800FFC0
1777183714.718,3051572,6,3,COMMS,255,BROADCAST,0,HEARTBEAT,48,HEARTBEAT,0,0,0,0,0,0,0x1800FFC0
1777183715.750,3052580,6,3,COMMS,255,BROADCAST,0,HEARTBEAT,48,HEARTBEAT,0,0,0,0,0,0,0x1800FFC0
1777183716.753,3053585,6,3,COMMS,255,BROADCAST,0,HEARTBEAT,48,HEARTBEAT,0,0,0,0,0,0,0x1800FFC0
1777183717.725,3054585,6,3,COMMS,255,BROADCAST,0,HEARTBEAT,48,HEARTBEAT,0,0,0,0,0,0,0x1800FFC0
1777183718.832,3055681,6,3,COMMS,255,BROADCAST,0,HEARTBEAT,48,HEARTBEAT,0,0,0,0,0,0,0x1800FFC0
1777183719.845,3056687,6,3,COMMS,255,BROADCAST,0,HEARTBEAT,48,HEARTBEAT,0,0,0,0,0,0,0x1800FFC0
1777183720.869,3057706,6,3,COMMS,255,BROADCAST,0,HEARTBEAT,48,HEARTBEAT,0,0,0,0,0,0,0x1800FFC0
1777183721.923,3058783,6,3,COMMS,255,BROADCAST,0,HEARTBEAT,48,HEARTBEAT,0,0,0,0,0,0,0x1800FFC0
1777183722.937,3059795,6,3,COMMS,255,BROADCAST,0,HEARTBEAT,48,HEARTBEAT,0,0,0,0,0,0,0x1800FFC0
1777183724.039,3060875,6,3,COMMS,255,BROADCAST,0,HEARTBEAT,48,HEARTBEAT,0,0,0,0,0,0,0x1800FFC0
1777183725.087,3061887,6,3,COMMS,255,BROADCAST,0,HEARTBEAT,48,HEARTBEAT,0,0,0,0,0,0,0x1800FFC0
1777183726.044,3062888,6,3,COMMS,255,BROADCAST,0,HEARTBEAT,48,HEARTBEAT,0,0,0,0,0,0,0x1800FFC0
1777183727.117,3063975,6,3,COMMS,255,BROADCAST,0,HEARTBEAT,48,HEARTBEAT,0,0,0,0,0,0,0x1800FFC0
1777183728.152,3065009,6,3,COMMS,255,BROADCAST,0,HEARTBEAT,48,HEARTBEAT,0,0,0,0,0,0,0x1800FFC0
1777183729.185,3066043,6,3,COMMS,255,BROADCAST,0,HEARTBEAT,48,HEARTBEAT,0,0,0,0,0,0,0x1800FFC0
1777183730.186,3067045,6,3,COMMS,255,BROADCAST,0,HEARTBEAT,48,HEARTBEAT,0,0,0,0,0,0,0x1800FFC0
1777183731.251,3068110,6,3,COMMS,255,BROADCAST,0,HEARTBEAT,48,HEARTBEAT,0,0,0,0,0,0,0x1800FFC0
1777183732.268,3069127,6,3,COMMS,255,BROADCAST,0,HEARTBEAT,48,HEARTBEAT,0,0,0,0,0,0,0x1800FFC0
1777183733.353,3070177,6,3,COMMS,255,BROADCAST,0,HEARTBEAT,48,HEARTBEAT,0,0,0,0,0,0,0x1800FFC0
1777183734.378,3071210,6,3,COMMS,255,BROADCAST,0,HEARTBEAT,48,HEARTBEAT,0,0,0,0,0,0,0x1800FFC0
1777183735.405,3072245,6,3,COMMS,255,BROADCAST,0,HEARTBEAT,48,HEARTBEAT,0,0,0,0,0,0,0x1800FFC0
1777183736.425,3073278,6,3,COMMS,255,BROADCAST,0,HEARTBEAT,48,HEARTBEAT,0,0,0,0,0,0,0x1800FFC0
1777183737.453,3074290,6,3,COMMS,255,BROADCAST,0,HEARTBEAT,48,HEARTBEAT,0,0,0,0,0,0,0x1800FFC0
1777183738.489,3075346,6,3,COMMS,255,BROADCAST,0,HEARTBEAT,48,HEARTBEAT,0,0,0,0,0,0,0x1800FFC0
1777183739.521,3076379,6,3,COMMS,255,BROADCAST,0,HEARTBEAT,48,HEARTBEAT,0,0,0,0,0,0,0x1800FFC0
1777183740.551,3077409,6,3,COMMS,255,BROADCAST,0,HEARTBEAT,48,HEARTBEAT,0,0,0,0,0,0,0x1800FFC0
1777183741.588,3078446,6,3,COMMS,255,BROADCAST,0,HEARTBEAT,48,HEARTBEAT,0,0,0,0,0,0,0x1800FFC0
1777183742.587,3079446,6,3,COMMS,255,BROADCAST,0,HEARTBEAT,48,HEARTBEAT,0,0,0,0,0,0,0x1800FFC0
1777183743.696,3080514,6,3,COMMS,255,BROADCAST,0,HEARTBEAT,48,HEARTBEAT,0,0,0,0,0,0,0x1800FFC0
1777183744.863,3081548,6,3,COMMS,255,BROADCAST,0,HEARTBEAT,48,HEARTBEAT,0,0,0,0,0,0,0x1800FFC0
1777183745.743,3082581,6,3,COMMS,255,BROADCAST,0,HEARTBEAT,48,HEARTBEAT,0,0,0,0,0,0,0x1800FFC0
1777183746.772,3083606,6,3,COMMS,255,BROADCAST,0,HEARTBEAT,48,HEARTBEAT,0,0,0,0,0,0,0x1800FFC0
1777183747.747,3084606,6,3,COMMS,255,BROADCAST,0,HEARTBEAT,48,HEARTBEAT,0,0,0,0,0,0,0x1800FFC0
1777183748.771,3085629,6,3,COMMS,255,BROADCAST,0,HEARTBEAT,48,HEARTBEAT,0,0,0,0,0,0,0x1800FFC0
1777183749.847,3086682,6,3,COMMS,255,BROADCAST,0,HEARTBEAT,48,HEARTBEAT,0,0,0,0,0,0,0x1800FFC0
1777183750.855,3087697,6,3,COMMS,255,BROADCAST,0,HEARTBEAT,48,HEARTBEAT,0,0,0,0,0,0,0x1800FFC0
1777183751.924,3088783,6,3,COMMS,255,BROADCAST,0,HEARTBEAT,48,HEARTBEAT,0,0,0,0,0,0,0x1800FFC0
1777183752.943,3089792,6,3,COMMS,255,BROADCAST,0,HEARTBEAT,48,HEARTBEAT,0,0,0,0,0,0,0x1800FFC0
1777183753.974,3090832,6,3,COMMS,255,BROADCAST,0,HEARTBEAT,48,HEARTBEAT,0,0,0,0,0,0,0x1800FFC0
1777183755.057,3091884,6,3,COMMS,255,BROADCAST,0,HEARTBEAT,48,HEARTBEAT,0,0,0,0,0,0,0x1800FFC0
1777183756.087,3092915,6,3,COMMS,255,BROADCAST,0,HEARTBEAT,48,HEARTBEAT,0,0,0,0,0,0,0x1800FFC0
1777183757.112,3093928,6,3,COMMS,255,BROADCAST,0,HEARTBEAT,48,HEARTBEAT,0,0,0,0,0,0,0x1800FFC0
1777183758.128,3094984,6,3,COMMS,255,BROADCAST,0,HEARTBEAT,48,HEARTBEAT,0,0,0,0,0,0,0x1800FFC0
1777183759.159,3095988,6,3,COMMS,255,BROADCAST,0,HEARTBEAT,48,HEARTBEAT,0,0,0,0,0,0,0x1800FFC0
1777183760.195,3097052,6,3,COMMS,255,BROADCAST,0,HEARTBEAT,48,HEARTBEAT,0,0,0,0,0,0,0x1800FFC0
1777183761.212,3098070,6,3,COMMS,255,BROADCAST,0,HEARTBEAT,48,HEARTBEAT,0,0,0,0,0,0,0x1800FFC0
1777183762.233,3099075,6,3,COMMS,255,BROADCAST,0,HEARTBEAT,48,HEARTBEAT,0,0,0,0,0,0,0x1800FFC0
1777183763.294,3100152,6,3,COMMS,255,BROADCAST,0,HEARTBEAT,48,HEARTBEAT,0,0,0,0,0,0,0x1800FFC0
1777183764.300,3101158,6,3,COMMS,255,BROADCAST,0,HEARTBEAT,48,HEARTBEAT,0,0,0,0,0,0,0x1800FFC0
1777183765.362,3102220,6,3,COMMS,255,BROADCAST,0,HEARTBEAT,48,HEARTBEAT,0,0,0,0,0,0,0x1800FFC0
1777183766.383,3103241,6,3,COMMS,255,BROADCAST,0,HEARTBEAT,48,HEARTBEAT,0,0,0,0,0,0,0x1800FFC0
1777183767.449,3104287,6,3,COMMS,255,BROADCAST,0,HEARTBEAT,48,HEARTBEAT,0,0,0,0,0,0,0x1800FFC0
1777183768.478,3105321,6,3,COMMS,255,BROADCAST,0,HEARTBEAT,48,HEARTBEAT,0,0,0,0,0,0,0x1800FFC0
1777183769.499,3106354,6,3,COMMS,255,BROADCAST,0,HEARTBEAT,48,HEARTBEAT,0,0,0,0,0,0,0x1800FFC0
1777183770.530,3107388,6,3,COMMS,255,BROADCAST,0,HEARTBEAT,48,HEARTBEAT,0,0,0,0,0,0,0x1800FFC0
1777183771.567,3108421,6,3,COMMS,255,BROADCAST,0,HEARTBEAT,48,HEARTBEAT,0,0,0,0,0,0,0x1800FFC0
1777183772.578,3109436,6,3,COMMS,255,BROADCAST,0,HEARTBEAT,48,HEARTBEAT,0,0,0,0,0,0,0x1800FFC0
1777183773.619,3110477,6,3,COMMS,255,BROADCAST,0,HEARTBEAT,48,HEARTBEAT,0,0,0,0,0,0,0x1800FFC0
1777183774.664,3111522,6,3,COMMS,255,BROADCAST,0,HEARTBEAT,48,HEARTBEAT,0,0,0,0,0,0,0x1800FFC0
1777183775.700,3112556,6,3,COMMS,255,BROADCAST,0,HEARTBEAT,48,HEARTBEAT,0,0,0,0,0,0,0x1800FFC0
1777183776.713,3113572,6,3,COMMS,255,BROADCAST,0,HEARTBEAT,48,HEARTBEAT,0,0,0,0,0,0,0x1800FFC0
1777183777.749,3114607,6,3,COMMS,255,BROADCAST,0,HEARTBEAT,48,HEARTBEAT,0,0,0,0,0,0,0x1800FFC0
1777183778.753,3115610,6,3,COMMS,255,BROADCAST,0,HEARTBEAT,48,HEARTBEAT,0,0,0,0,0,0,0x1800FFC0
1777183779.846,3116690,6,3,COMMS,255,BROADCAST,0,HEARTBEAT,48,HEARTBEAT,0,0,0,0,0,0,0x1800FFC0
1777183780.873,3117698,6,3,COMMS,255,BROADCAST,0,HEARTBEAT,48,HEARTBEAT,0,0,0,0,0,0,0x1800FFC0
1777183781.899,3118757,6,3,COMMS,255,BROADCAST,0,HEARTBEAT,48,HEARTBEAT,0,0,0,0,0,0,0x1800FFC0
1777183782.933,3119790,6,3,COMMS,255,BROADCAST,0,HEARTBEAT,48,HEARTBEAT,0,0,0,0,0,0,0x1800FFC0
1777183783.968,3120825,6,3,COMMS,255,BROADCAST,0,HEARTBEAT,48,HEARTBEAT,0,0,0,0,0,0,0x1800FFC0
1777183785.001,3121859,6,3,COMMS,255,BROADCAST,0,HEARTBEAT,48,HEARTBEAT,0,0,0,0,0,0,0x1800FFC0
1777183786.011,3122869,6,3,COMMS,255,BROADCAST,0,HEARTBEAT,48,HEARTBEAT,0,0,0,0,0,0,0x1800FFC0
1777183787.069,3123926,6,3,COMMS,255,BROADCAST,0,HEARTBEAT,48,HEARTBEAT,0,0,0,0,0,0,0x1800FFC0
1777183788.094,3124952,6,3,COMMS,255,BROADCAST,0,HEARTBEAT,48,HEARTBEAT,0,0,0,0,0,0,0x1800FFC0
1777183789.162,3125993,6,3,COMMS,255,BROADCAST,0,HEARTBEAT,48,HEARTBEAT,0,0,0,0,0,0,0x1800FFC0
1777183790.189,3127027,6,3,COMMS,255,BROADCAST,0,HEARTBEAT,48,HEARTBEAT,0,0,0,0,0,0,0x1800FFC0
1777183791.211,3128028,6,3,COMMS,255,BROADCAST,0,HEARTBEAT,48,HEARTBEAT,0,0,0,0,0,0,0x1800FFC0
1777183792.235,3129055,6,3,COMMS,255,BROADCAST,0,HEARTBEAT,48,HEARTBEAT,0,0,0,0,0,0,0x1800FFC0
1777183793.272,3130127,6,3,COMMS,255,BROADCAST,0,HEARTBEAT,48,HEARTBEAT,0,0,0,0,0,0,0x1800FFC0
1777183794.287,3131144,6,3,COMMS,255,BROADCAST,0,HEARTBEAT,48,HEARTBEAT,0,0,0,0,0,0,0x1800FFC0
1777183795.337,3132195,6,3,COMMS,255,BROADCAST,0,HEARTBEAT,48,HEARTBEAT,0,0,0,0,0,0,0x1800FFC0
1777183796.371,3133228,6,3,COMMS,255,BROADCAST,0,HEARTBEAT,48,HEARTBEAT,0,0,0,0,0,0,0x1800FFC0
1777183797.404,3134262,6,3,COMMS,255,BROADCAST,0,HEARTBEAT,48,HEARTBEAT,0,0,0,0,0,0,0x1800FFC0
1777183798.437,3135296,6,3,COMMS,255,BROADCAST,0,HEARTBEAT,48,HEARTBEAT,0,0,0,0,0,0,0x1800FFC0
1777183799.506,3136329,6,3,COMMS,255,BROADCAST,0,HEARTBEAT,48,HEARTBEAT,0,0,0,0,0,0,0x1800FFC0
1777183800.485,3137343,6,3,COMMS,255,BROADCAST,0,HEARTBEAT,48,HEARTBEAT,0,0,0,0,0,0,0x1800FFC0
1777183801.510,3138359,6,3,COMMS,255,BROADCAST,0,HEARTBEAT,48,HEARTBEAT,0,0,0,0,0,0,0x1800FFC0
1777183802.572,3139397,6,3,COMMS,255,BROADCAST,0,HEARTBEAT,48,HEARTBEAT,0,0,0,0,0,0,0x1800FFC0
1777183803.615,3140464,6,3,COMMS,255,BROADCAST,0,HEARTBEAT,48,HEARTBEAT,0,0,0,0,0,0,0x1800FFC0
1777183804.625,3141480,6,3,COMMS,255,BROADCAST,0,HEARTBEAT,48,HEARTBEAT,0,0,0,0,0,0,0x1800FFC0
1777183805.654,3142511,6,3,COMMS,255,BROADCAST,0,HEARTBEAT,48,HEARTBEAT,0,0,0,0,0,0,0x1800FFC0
1777183806.668,3143514,6,3,COMMS,255,BROADCAST,0,HEARTBEAT,48,HEARTBEAT,0,0,0,0,0,0,0x1800FFC0
1777183807.741,3144599,6,3,COMMS,255,BROADCAST,0,HEARTBEAT,48,HEARTBEAT,0,0,0,0,0,0,0x1800FFC0
1777183808.752,3145610,6,3,COMMS,255,BROADCAST,0,HEARTBEAT,48,HEARTBEAT,0,0,0,0,0,0,0x1800FFC0
1777183809.803,3146661,6,3,COMMS,255,BROADCAST,0,HEARTBEAT,48,HEARTBEAT,0,0,0,0,0,0,0x1800FFC0
1777183810.869,3147700,6,3,COMMS,255,BROADCAST,0,HEARTBEAT,48,HEARTBEAT,0,0,0,0,0,0,0x1800FFC0
1777183811.893,3148733,6,3,COMMS,255,BROADCAST,0,HEARTBEAT,48,HEARTBEAT,0,0,0,0,0,0,0x1800FFC0
1777183812.911,3149753,6,3,COMMS,255,BROADCAST,0,HEARTBEAT,48,HEARTBEAT,0,0,0,0,0,0,0x1800FFC0
1777183813.946,3150801,6,3,COMMS,255,BROADCAST,0,HEARTBEAT,48,HEARTBEAT,0,0,0,0,0,0,0x1800FFC0
1777183814.976,3151819,6,3,COMMS,255,BROADCAST,0,HEARTBEAT,48,HEARTBEAT,0,0,0,0,0,0,0x1800FFC0
1777183816.023,3152868,6,3,COMMS,255,BROADCAST,0,HEARTBEAT,48,HEARTBEAT,0,0,0,0,0,0,0x1800FFC0
1777183817.046,3153902,6,3,COMMS,255,BROADCAST,0,HEARTBEAT,48,HEARTBEAT,0,0,0,0,0,0,0x1800FFC0
1777183818.078,3154936,6,3,COMMS,255,BROADCAST,0,HEARTBEAT,48,HEARTBEAT,0,0,0,0,0,0,0x1800FFC0
1777183819.112,3155970,6,3,COMMS,255,BROADCAST,0,HEARTBEAT,48,HEARTBEAT,0,0,0,0,0,0,0x1800FFC0
1777183820.117,3156975,6,3,COMMS,255,BROADCAST,0,HEARTBEAT,48,HEARTBEAT,0,0,0,0,0,0,0x1800FFC0
1777183821.209,3158037,6,3,COMMS,255,BROADCAST,0,HEARTBEAT,48,HEARTBEAT,0,0,0,0,0,0,0x1800FFC0
1777183822.197,3159054,6,3,COMMS,255,BROADCAST,0,HEARTBEAT,48,HEARTBEAT,0,0,0,0,0,0,0x1800FFC0
1777183823.254,3160104,6,3,COMMS,255,BROADCAST,0,HEARTBEAT,48,HEARTBEAT,0,0,0,0,0,0,0x1800FFC0
1777183824.286,3161137,6,3,COMMS,255,BROADCAST,0,HEARTBEAT,48,HEARTBEAT,0,0,0,0,0,0,0x1800FFC0
1777183825.314,3162171,6,3,COMMS,255,BROADCAST,0,HEARTBEAT,48,HEARTBEAT,0,0,0,0,0,0,0x1800FFC0
1777183826.329,3163184,6,3,COMMS,255,BROADCAST,0,HEARTBEAT,48,HEARTBEAT,0,0,0,0,0,0,0x1800FFC0
1777183827.382,3164239,6,3,COMMS,255,BROADCAST,0,HEARTBEAT,48,HEARTBEAT,0,0,0,0,0,0,0x1800FFC0
1777183828.405,3165266,6,3,COMMS,255,BROADCAST,0,HEARTBEAT,48,HEARTBEAT,0,0,0,0,0,0,0x1800FFC0
1777183829.426,3166284,6,3,COMMS,255,BROADCAST,0,HEARTBEAT,48,HEARTBEAT,0,0,0,0,0,0,0x1800FFC0
1777183830.482,3167340,6,3,COMMS,255,BROADCAST,0,HEARTBEAT,48,HEARTBEAT,0,0,0,0,0,0,0x1800FFC0
1777183831.565,3168373,6,3,COMMS,255,BROADCAST,0,HEARTBEAT,48,HEARTBEAT,0,0,0,0,0,0,0x1800FFC0
1777183832.583,3169407,6,3,COMMS,255,BROADCAST,0,HEARTBEAT,48,HEARTBEAT,0,0,0,0,0,0,0x1800FFC0
1777183833.561,3170418,6,3,COMMS,255,BROADCAST,0,HEARTBEAT,48,HEARTBEAT,0,0,0,0,0,0,0x1800FFC0
1777183834.620,3171447,6,3,COMMS,255,BROADCAST,0,HEARTBEAT,48,HEARTBEAT,0,0,0,0,0,0,0x1800FFC0
1777183835.598,3172455,6,3,COMMS,255,BROADCAST,0,HEARTBEAT,48,HEARTBEAT,0,0,0,0,0,0,0x1800FFC0
1777183836.684,3173541,6,3,COMMS,255,BROADCAST,0,HEARTBEAT,48,HEARTBEAT,0,0,0,0,0,0,0x1800FFC0
1777183837.701,3174552,6,3,COMMS,255,BROADCAST,0,HEARTBEAT,48,HEARTBEAT,0,0,0,0,0,0,0x1800FFC0
1777183838.752,3175609,6,3,COMMS,255,BROADCAST,0,HEARTBEAT,48,HEARTBEAT,0,0,0,0,0,0,0x1800FFC0
1777183839.785,3176642,6,3,COMMS,255,BROADCAST,0,HEARTBEAT,48,HEARTBEAT,0,0,0,0,0,0,0x1800FFC0
1777183840.788,3177645,6,3,COMMS,255,BROADCAST,0,HEARTBEAT,48,HEARTBEAT,0,0,0,0,0,0,0x1800FFC0
1777183841.852,3178710,6,3,COMMS,255,BROADCAST,0,HEARTBEAT,48,HEARTBEAT,0,0,0,0,0,0,0x1800FFC0
1777183842.918,3179742,6,3,COMMS,255,BROADCAST,0,HEARTBEAT,48,HEARTBEAT,0,0,0,0,0,0,0x1800FFC0
1777183843.940,3180777,6,3,COMMS,255,BROADCAST,0,HEARTBEAT,48,HEARTBEAT,0,0,0,0,0,0,0x1800FFC0
1777183844.972,3181811,6,3,COMMS,255,BROADCAST,0,HEARTBEAT,48,HEARTBEAT,0,0,0,0,0,0,0x1800FFC0
1777183845.990,3182844,6,3,COMMS,255,BROADCAST,0,HEARTBEAT,48,HEARTBEAT,0,0,0,0,0,0,0x1800FFC0
1777183847.022,3183878,6,3,COMMS,255,BROADCAST,0,HEARTBEAT,48,HEARTBEAT,0,0,0,0,0,0,0x1800FFC0
1777183848.054,3184912,6,3,COMMS,255,BROADCAST,0,HEARTBEAT,48,HEARTBEAT,0,0,0,0,0,0,0x1800FFC0
1777183849.069,3185922,6,3,COMMS,255,BROADCAST,0,HEARTBEAT,48,HEARTBEAT,0,0,0,0,0,0,0x1800FFC0
1777183850.113,3186970,6,3,COMMS,255,BROADCAST,0,HEARTBEAT,48,HEARTBEAT,0,0,0,0,0,0,0x1800FFC0
1777183851.157,3188012,6,3,COMMS,255,BROADCAST,0,HEARTBEAT,48,HEARTBEAT,0,0,0,0,0,0,0x1800FFC0
1777183852.189,3189046,6,3,COMMS,255,BROADCAST,0,HEARTBEAT,48,HEARTBEAT,0,0,0,0,0,0,0x1800FFC0
1777183853.223,3190080,6,3,COMMS,255,BROADCAST,0,HEARTBEAT,48,HEARTBEAT,0,0,0,0,0,0,0x1800FFC0
1777183854.287,3191113,6,3,COMMS,255,BROADCAST,0,HEARTBEAT,48,HEARTBEAT,0,0,0,0,0,0,0x1800FFC0
1777183855.270,3192126,6,3,COMMS,255,BROADCAST,0,HEARTBEAT,48,HEARTBEAT,0,0,0,0,0,0,0x1800FFC0
1777183856.336,3193181,6,3,COMMS,255,BROADCAST,0,HEARTBEAT,48,HEARTBEAT,0,0,0,0,0,0,0x1800FFC0
1777183857.357,3194208,6,3,COMMS,255,BROADCAST,0,HEARTBEAT,48,HEARTBEAT,0,0,0,0,0,0,0x1800FFC0
1777183858.383,3195239,6,3,COMMS,255,BROADCAST,0,HEARTBEAT,48,HEARTBEAT,0,0,0,0,0,0,0x1800FFC0
1777183859.425,3196282,6,3,COMMS,255,BROADCAST,0,HEARTBEAT,48,HEARTBEAT,0,0,0,0,0,0,0x1800FFC0
1777183860.459,3197316,6,3,COMMS,255,BROADCAST,0,HEARTBEAT,48,HEARTBEAT,0,0,0,0,0,0,0x1800FFC0
1777183861.469,3198326,6,3,COMMS,255,BROADCAST,0,HEARTBEAT,48,HEARTBEAT,0,0,0,0,0,0,0x1800FFC0
1777183862.525,3199383,6,3,COMMS,255,BROADCAST,0,HEARTBEAT,48,HEARTBEAT,0,0,0,0,0,0,0x1800FFC0
1777183863.547,3200404,6,3,COMMS,255,BROADCAST,0,HEARTBEAT,48,HEARTBEAT,0,0,0,0,0,0,0x1800FFC0
1777183864.631,3201450,6,3,COMMS,255,BROADCAST,0,HEARTBEAT,48,HEARTBEAT,0,0,0,0,0,0,0x1800FFC0
1777183865.649,3202484,6,3,COMMS,255,BROADCAST,0,HEARTBEAT,48,HEARTBEAT,0,0,0,0,0,0,0x1800FFC0
1777183866.683,3203498,6,3,COMMS,255,BROADCAST,0,HEARTBEAT,48,HEARTBEAT,0,0,0,0,0,0,0x1800FFC0
1777183867.705,3204551,6,3,COMMS,255,BROADCAST,0,HEARTBEAT,48,HEARTBEAT,0,0,0,0,0,0,0x1800FFC0
1777183868.728,3205579,6,3,COMMS,255,BROADCAST,0,HEARTBEAT,48,HEARTBEAT,0,0,0,0,0,0,0x1800FFC0
1777183869.762,3206619,6,3,COMMS,255,BROADCAST,0,HEARTBEAT,48,HEARTBEAT,0,0,0,0,0,0,0x1800FFC0
1777183870.774,3207630,6,3,COMMS,255,BROADCAST,0,HEARTBEAT,48,HEARTBEAT,0,0,0,0,0,0,0x1800FFC0
1777183871.830,3208686,6,3,COMMS,255,BROADCAST,0,HEARTBEAT,48,HEARTBEAT,0,0,0,0,0,0,0x1800FFC0
1777183872.856,3209713,6,3,COMMS,255,BROADCAST,0,HEARTBEAT,48,HEARTBEAT,0,0,0,0,0,0,0x1800FFC0
1777183873.897,3210753,6,3,COMMS,255,BROADCAST,0,HEARTBEAT,48,HEARTBEAT,0,0,0,0,0,0,0x1800FFC0
1777183874.931,3211787,6,3,COMMS,255,BROADCAST,0,HEARTBEAT,48,HEARTBEAT,0,0,0,0,0,0,0x1800FFC0
1777183876.001,3212821,6,3,COMMS,255,BROADCAST,0,HEARTBEAT,48,HEARTBEAT,0,0,0,0,0,0,0x1800FFC0
1777183876.972,3213828,6,3,COMMS,255,BROADCAST,0,HEARTBEAT,48,HEARTBEAT,0,0,0,0,0,0,0x1800FFC0
1777183878.043,3214888,6,3,COMMS,255,BROADCAST,0,HEARTBEAT,48,HEARTBEAT,0,0,0,0,0,0,0x1800FFC0
1777183879.064,3215910,6,3,COMMS,255,BROADCAST,0,HEARTBEAT,48,HEARTBEAT,0,0,0,0,0,0,0x1800FFC0
1777183880.098,3216955,6,3,COMMS,255,BROADCAST,0,HEARTBEAT,48,HEARTBEAT,0,0,0,0,0,0,0x1800FFC0
1777183881.133,3217989,6,3,COMMS,255,BROADCAST,0,HEARTBEAT,48,HEARTBEAT,0,0,0,0,0,0,0x1800FFC0
1777183882.166,3219022,6,3,COMMS,255,BROADCAST,0,HEARTBEAT,48,HEARTBEAT,0,0,0,0,0,0,0x1800FFC0
1777183883.199,3220056,6,3,COMMS,255,BROADCAST,0,HEARTBEAT,48,HEARTBEAT,0,0,0,0,0,0,0x1800FFC0
1777183884.234,3221090,6,3,COMMS,255,BROADCAST,0,HEARTBEAT,48,HEARTBEAT,0,0,0,0,0,0,0x1800FFC0
1777183885.247,3222104,6,3,COMMS,255,BROADCAST,0,HEARTBEAT,48,HEARTBEAT,0,0,0,0,0,0,0x1800FFC0
1777183886.273,3223129,6,3,COMMS,255,BROADCAST,0,HEARTBEAT,48,HEARTBEAT,0,0,0,0,0,0,0x1800FFC0
1777183887.382,3224191,6,3,COMMS,255,BROADCAST,0,HEARTBEAT,48,HEARTBEAT,0,0,0,0,0,0,0x1800FFC0
1777183888.395,3225225,6,3,COMMS,255,BROADCAST,0,HEARTBEAT,48,HEARTBEAT,0,0,0,0,0,0,0x1800FFC0
1777183889.416,3226231,6,3,COMMS,255,BROADCAST,0,HEARTBEAT,48,HEARTBEAT,0,0,0,0,0,0,0x1800FFC0
1777183890.439,3227292,6,3,COMMS,255,BROADCAST,0,HEARTBEAT,48,HEARTBEAT,0,0,0,0,0,0,0x1800FFC0
1777183891.469,3228326,6,3,COMMS,255,BROADCAST,0,HEARTBEAT,48,HEARTBEAT,0,0,0,0,0,0,0x1800FFC0
1777183892.491,3229348,6,3,COMMS,255,BROADCAST,0,HEARTBEAT,48,HEARTBEAT,0,0,0,0,0,0,0x1800FFC0
1777183893.539,3230393,6,3,COMMS,255,BROADCAST,0,HEARTBEAT,48,HEARTBEAT,0,0,0,0,0,0,0x1800FFC0
1777183894.565,3231422,6,3,COMMS,255,BROADCAST,0,HEARTBEAT,48,HEARTBEAT,0,0,0,0,0,0,0x1800FFC0
1777183895.604,3232461,6,3,COMMS,255,BROADCAST,0,HEARTBEAT,48,HEARTBEAT,0,0,0,0,0,0,0x1800FFC0
1777183896.638,3233494,6,3,COMMS,255,BROADCAST,0,HEARTBEAT,48,HEARTBEAT,0,0,0,0,0,0,0x1800FFC0
1777183897.639,3234496,6,3,COMMS,255,BROADCAST,0,HEARTBEAT,48,HEARTBEAT,0,0,0,0,0,0,0x1800FFC0
1777183898.675,3235531,6,3,COMMS,255,BROADCAST,0,HEARTBEAT,48,HEARTBEAT,0,0,0,0,0,0,0x1800FFC0
1777183899.755,3236595,6,3,COMMS,255,BROADCAST,0,HEARTBEAT,48,HEARTBEAT,0,0,0,0,0,0,0x1800FFC0
1777183900.773,3237613,6,3,COMMS,255,BROADCAST,0,HEARTBEAT,48,HEARTBEAT,0,0,0,0,0,0,0x1800FFC0
1777183901.806,3238662,6,3,COMMS,255,BROADCAST,0,HEARTBEAT,48,HEARTBEAT,0,0,0,0,0,0,0x1800FFC0
1777183902.839,3239695,6,3,COMMS,255,BROADCAST,0,HEARTBEAT,48,HEARTBEAT,0,0,0,0,0,0,0x1800FFC0
1777183903.855,3240702,6,3,COMMS,255,BROADCAST,0,HEARTBEAT,48,HEARTBEAT,0,0,0,0,0,0,0x1800FFC0
1777183904.907,3241763,6,3,COMMS,255,BROADCAST,0,HEARTBEAT,48,HEARTBEAT,0,0,0,0,0,0,0x1800FFC0
1777183905.934,3242791,6,3,COMMS,255,BROADCAST,0,HEARTBEAT,48,HEARTBEAT,0,0,0,0,0,0,0x1800FFC0
1777183906.956,3243813,6,3,COMMS,255,BROADCAST,0,HEARTBEAT,48,HEARTBEAT,0,0,0,0,0,0,0x1800FFC0
1777183908.009,3244865,6,3,COMMS,255,BROADCAST,0,HEARTBEAT,48,HEARTBEAT,0,0,0,0,0,0,0x1800FFC0
1777183909.077,3245896,6,3,COMMS,255,BROADCAST,0,HEARTBEAT,48,HEARTBEAT,0,0,0,0,0,0,0x1800FFC0
1777183910.100,3246932,6,3,COMMS,255,BROADCAST,0,HEARTBEAT,48,HEARTBEAT,0,0,0,0,0,0,0x1800FFC0
1777183911.127,3247965,6,3,COMMS,255,BROADCAST,0,HEARTBEAT,48,HEARTBEAT,0,0,0,0,0,0,0x1800FFC0
1777183912.142,3248971,6,3,COMMS,255,BROADCAST,0,HEARTBEAT,48,HEARTBEAT,0,0,0,0,0,0,0x1800FFC0
1777183913.176,3250032,6,3,COMMS,255,BROADCAST,0,HEARTBEAT,48,HEARTBEAT,0,0,0,0,0,0,0x1800FFC0
1777183914.196,3251052,6,3,COMMS,255,BROADCAST,0,HEARTBEAT,48,HEARTBEAT,0,0,0,0,0,0,0x1800FFC0
1777183915.244,3252100,6,3,COMMS,255,BROADCAST,0,HEARTBEAT,48,HEARTBEAT,0,0,0,0,0,0,0x1800FFC0
1777183916.277,3253133,6,3,COMMS,255,BROADCAST,0,HEARTBEAT,48,HEARTBEAT,0,0,0,0,0,0,0x1800FFC0
1777183917.282,3254137,6,3,COMMS,255,BROADCAST,0,HEARTBEAT,48,HEARTBEAT,0,0,0,0,0,0,0x1800FFC0
1777183918.345,3255200,6,3,COMMS,255,BROADCAST,0,HEARTBEAT,48,HEARTBEAT,0,0,0,0,0,0,0x1800FFC0
1777183919.348,3256205,6,3,COMMS,255,BROADCAST,0,HEARTBEAT,48,HEARTBEAT,0,0,0,0,0,0,0x1800FFC0
1777183920.444,3257267,6,3,COMMS,255,BROADCAST,0,HEARTBEAT,48,HEARTBEAT,0,0,0,0,0,0,0x1800FFC0
1777183921.467,3258287,6,3,COMMS,255,BROADCAST,0,HEARTBEAT,48,HEARTBEAT,0,0,0,0,0,0,0x1800FFC0
1777183922.439,3259289,6,3,COMMS,255,BROADCAST,0,HEARTBEAT,48,HEARTBEAT,0,0,0,0,0,0,0x1800FFC0
1777183923.458,3260305,6,3,COMMS,255,BROADCAST,0,HEARTBEAT,48,HEARTBEAT,0,0,0,0,0,0,0x1800FFC0
1777183924.546,3261398,6,3,COMMS,255,BROADCAST,0,HEARTBEAT,48,HEARTBEAT,0,0,0,0,0,0,0x1800FFC0
1777183925.579,3262434,6,3,COMMS,255,BROADCAST,0,HEARTBEAT,48,HEARTBEAT,0,0,0,0,0,0,0x1800FFC0
1777183926.612,3263468,6,3,COMMS,255,BROADCAST,0,HEARTBEAT,48,HEARTBEAT,0,0,0,0,0,0,0x1800FFC0
1777183927.620,3264478,6,3,COMMS,255,BROADCAST,0,HEARTBEAT,48,HEARTBEAT,0,0,0,0,0,0,0x1800FFC0
1777183928.680,3265535,6,3,COMMS,255,BROADCAST,0,HEARTBEAT,48,HEARTBEAT,0,0,0,0,0,0,0x1800FFC0
1777183929.713,3266569,6,3,COMMS,255,BROADCAST,0,HEARTBEAT,48,HEARTBEAT,0,0,0,0,0,0,0x1800FFC0
1777183930.715,3267572,6,3,COMMS,255,BROADCAST,0,HEARTBEAT,48,HEARTBEAT,0,0,0,0,0,0,0x1800FFC0
1777183931.739,3268595,6,3,COMMS,255,BROADCAST,0,HEARTBEAT,48,HEARTBEAT,0,0,0,0,0,0,0x1800FFC0
1777183932.833,3269669,6,3,COMMS,255,BROADCAST,0,HEARTBEAT,48,HEARTBEAT,0,0,0,0,0,0,0x1800FFC0
1777183933.860,3270678,6,3,COMMS,255,BROADCAST,0,HEARTBEAT,48,HEARTBEAT,0,0,0,0,0,0,0x1800FFC0
1777183934.881,3271736,6,3,COMMS,255,BROADCAST,0,HEARTBEAT,48,HEARTBEAT,0,0,0,0,0,0,0x1800FFC0
1777183935.906,3272761,6,3,COMMS,255,BROADCAST,0,HEARTBEAT,48,HEARTBEAT,0,0,0,0,0,0,0x1800FFC0
1777183936.949,3273803,6,3,COMMS,255,BROADCAST,0,HEARTBEAT,48,HEARTBEAT,0,0,0,0,0,0,0x1800FFC0
1777183937.983,3274837,6,3,COMMS,255,BROADCAST,0,HEARTBEAT,48,HEARTBEAT,0,0,0,0,0,0,0x1800FFC0
1777183939.015,3275870,6,3,COMMS,255,BROADCAST,0,HEARTBEAT,48,HEARTBEAT,0,0,0,0,0,0,0x1800FFC0
1777183940.049,3276904,6,3,COMMS,255,BROADCAST,0,HEARTBEAT,48,HEARTBEAT,0,0,0,0,0,0,0x1800FFC0
1777183941.057,3277913,6,3,COMMS,255,BROADCAST,0,HEARTBEAT,48,HEARTBEAT,0,0,0,0,0,0,0x1800FFC0
1777183942.147,3278972,6,3,COMMS,255,BROADCAST,0,HEARTBEAT,48,HEARTBEAT,0,0,0,0,0,0,0x1800FFC0
1777183943.119,3279975,6,3,COMMS,255,BROADCAST,0,HEARTBEAT,48,HEARTBEAT,0,0,0,0,0,0,0x1800FFC0
1777183944.130,3280985,6,3,COMMS,255,BROADCAST,0,HEARTBEAT,48,HEARTBEAT,0,0,0,0,0,0,0x1800FFC0
1777183945.225,3282042,6,3,COMMS,255,BROADCAST,0,HEARTBEAT,48,HEARTBEAT,0,0,0,0,0,0,0x1800FFC0
1777183946.252,3283099,6,3,COMMS,255,BROADCAST,0,HEARTBEAT,48,HEARTBEAT,0,0,0,0,0,0,0x1800FFC0
1777183947.286,3284140,6,3,COMMS,255,BROADCAST,0,HEARTBEAT,48,HEARTBEAT,0,0,0,0,0,0,0x1800FFC0
1777183948.318,3285174,6,3,COMMS,255,BROADCAST,0,HEARTBEAT,48,HEARTBEAT,0,0,0,0,0,0,0x1800FFC0
1777183949.352,3286207,6,3,COMMS,255,BROADCAST,0,HEARTBEAT,48,HEARTBEAT,0,0,0,0,0,0,0x1800FFC0
1777183950.375,3287230,6,3,COMMS,255,BROADCAST,0,HEARTBEAT,48,HEARTBEAT,0,0,0,0,0,0,0x1800FFC0
1777183951.420,3288274,6,3,COMMS,255,BROADCAST,0,HEARTBEAT,48,HEARTBEAT,0,0,0,0,0,0,0x1800FFC0
1777183952.452,3289308,6,3,COMMS,255,BROADCAST,0,HEARTBEAT,48,HEARTBEAT,0,0,0,0,0,0,0x1800FFC0
1777183953.468,3290324,6,3,COMMS,255,BROADCAST,0,HEARTBEAT,48,HEARTBEAT,0,0,0,0,0,0,0x1800FFC0
1777183954.538,3291375,6,3,COMMS,255,BROADCAST,0,HEARTBEAT,48,HEARTBEAT,0,0,0,0,0,0,0x1800FFC0
1777183955.568,3292385,6,3,COMMS,255,BROADCAST,0,HEARTBEAT,48,HEARTBEAT,0,0,0,0,0,0,0x1800FFC0
1777183956.589,3293443,6,3,COMMS,255,BROADCAST,0,HEARTBEAT,48,HEARTBEAT,0,0,0,0,0,0,0x1800FFC0
1777183957.620,3294468,6,3,COMMS,255,BROADCAST,0,HEARTBEAT,48,HEARTBEAT,0,0,0,0,0,0,0x1800FFC0
1777183958.655,3295510,6,3,COMMS,255,BROADCAST,0,HEARTBEAT,48,HEARTBEAT,0,0,0,0,0,0,0x1800FFC0
1777183959.688,3296543,6,3,COMMS,255,BROADCAST,0,HEARTBEAT,48,HEARTBEAT,0,0,0,0,0,0,0x1800FFC0
1777183960.722,3297577,6,3,COMMS,255,BROADCAST,0,HEARTBEAT,48,HEARTBEAT,0,0,0,0,0,0,0x1800FFC0
1777183961.749,3298608,6,3,COMMS,255,BROADCAST,0,HEARTBEAT,48,HEARTBEAT,0,0,0,0,0,0,0x1800FFC0
1777183962.790,3299644,6,3,COMMS,255,BROADCAST,0,HEARTBEAT,48,HEARTBEAT,0,0,0,0,0,0,0x1800FFC0
1777183963.861,3300678,6,3,COMMS,255,BROADCAST,0,HEARTBEAT,48,HEARTBEAT,0,0,0,0,0,0,0x1800FFC0
1777183964.886,3301706,6,3,COMMS,255,BROADCAST,0,HEARTBEAT,48,HEARTBEAT,0,0,0,0,0,0,0x1800FFC0
1777183965.909,3302745,6,3,COMMS,255,BROADCAST,0,HEARTBEAT,48,HEARTBEAT,0,0,0,0,0,0,0x1800FFC0
1777183966.934,3303778,6,3,COMMS,255,BROADCAST,0,HEARTBEAT,48,HEARTBEAT,0,0,0,0,0,0,0x1800FFC0
1777183967.957,3304812,6,3,COMMS,255,BROADCAST,0,HEARTBEAT,48,HEARTBEAT,0,0,0,0,0,0,0x1800FFC0
1777183969.000,3305846,6,3,COMMS,255,BROADCAST,0,HEARTBEAT,48,HEARTBEAT,0,0,0,0,0,0,0x1800FFC0
1777183970.006,3306858,6,3,COMMS,255,BROADCAST,0,HEARTBEAT,48,HEARTBEAT,0,0,0,0,0,0,0x1800FFC0
1777183971.029,3307875,6,3,COMMS,255,BROADCAST,0,HEARTBEAT,48,HEARTBEAT,0,0,0,0,0,0,0x1800FFC0
1777183972.054,3308896,6,3,COMMS,255,BROADCAST,0,HEARTBEAT,48,HEARTBEAT,0,0,0,0,0,0,0x1800FFC0
1777183973.096,3309951,6,3,COMMS,255,BROADCAST,0,HEARTBEAT,48,HEARTBEAT,0,0,0,0,0,0,0x1800FFC0
1777183974.158,3311013,6,3,COMMS,255,BROADCAST,0,HEARTBEAT,48,HEARTBEAT,0,0,0,0,0,0,0x1800FFC0
1777183975.232,3312046,6,3,COMMS,255,BROADCAST,0,HEARTBEAT,48,HEARTBEAT,0,0,0,0,0,0,0x1800FFC0
1777183976.253,3313080,6,3,COMMS,255,BROADCAST,0,HEARTBEAT,48,HEARTBEAT,0,0,0,0,0,0,0x1800FFC0
1777183977.279,3314113,6,3,COMMS,255,BROADCAST,0,HEARTBEAT,48,HEARTBEAT,0,0,0,0,0,0,0x1800FFC0
1777183978.303,3315134,6,3,COMMS,255,BROADCAST,0,HEARTBEAT,48,HEARTBEAT,0,0,0,0,0,0,0x1800FFC0
1777183979.326,3316169,6,3,COMMS,255,BROADCAST,0,HEARTBEAT,48,HEARTBEAT,0,0,0,0,0,0,0x1800FFC0
1777183980.358,3317214,6,3,COMMS,255,BROADCAST,0,HEARTBEAT,48,HEARTBEAT,0,0,0,0,0,0,0x1800FFC0
1777183981.392,3318248,6,3,COMMS,255,BROADCAST,0,HEARTBEAT,48,HEARTBEAT,0,0,0,0,0,0,0x1800FFC0
1777183982.409,3319264,6,3,COMMS,255,BROADCAST,0,HEARTBEAT,48,HEARTBEAT,0,0,0,0,0,0,0x1800FFC0
1777183983.460,3320315,6,3,COMMS,255,BROADCAST,0,HEARTBEAT,48,HEARTBEAT,0,0,0,0,0,0,0x1800FFC0
1777183984.499,3321349,6,3,COMMS,255,BROADCAST,0,HEARTBEAT,48,HEARTBEAT,0,0,0,0,0,0,0x1800FFC0
1777183985.502,3322357,6,3,COMMS,255,BROADCAST,0,HEARTBEAT,48,HEARTBEAT,0,0,0,0,0,0,0x1800FFC0
1777183986.597,3323416,6,3,COMMS,255,BROADCAST,0,HEARTBEAT,48,HEARTBEAT,0,0,0,0,0,0,0x1800FFC0
1777183987.620,3324449,6,3,COMMS,255,BROADCAST,0,HEARTBEAT,48,HEARTBEAT,0,0,0,0,0,0,0x1800FFC0
1777183988.597,3325452,6,3,COMMS,255,BROADCAST,0,HEARTBEAT,48,HEARTBEAT,0,0,0,0,0,0,0x1800FFC0
1777183989.664,3326517,6,3,COMMS,255,BROADCAST,0,HEARTBEAT,48,HEARTBEAT,0,0,0,0,0,0,0x1800FFC0
1777183990.693,3327548,6,3,COMMS,255,BROADCAST,0,HEARTBEAT,48,HEARTBEAT,0,0,0,0,0,0,0x1800FFC0
1777183991.718,3328566,6,3,COMMS,255,BROADCAST,0,HEARTBEAT,48,HEARTBEAT,0,0,0,0,0,0,0x1800FFC0
1777183992.764,3329618,6,3,COMMS,255,BROADCAST,0,HEARTBEAT,48,HEARTBEAT,0,0,0,0,0,0,0x1800FFC0
1777183993.793,3330649,6,3,COMMS,255,BROADCAST,0,HEARTBEAT,48,HEARTBEAT,0,0,0,0,0,0,0x1800FFC0
1777183994.806,3331660,6,3,COMMS,255,BROADCAST,0,HEARTBEAT,48,HEARTBEAT,0,0,0,0,0,0,0x1800FFC0
1777183995.871,3332719,6,3,COMMS,255,BROADCAST,0,HEARTBEAT,48,HEARTBEAT,0,0,0,0,0,0,0x1800FFC0
1777183996.874,3333743,6,3,COMMS,255,BROADCAST,0,HEARTBEAT,48,HEARTBEAT,0,0,0,0,0,0,0x1800FFC0
1777183997.956,3334787,6,3,COMMS,255,BROADCAST,0,HEARTBEAT,48,HEARTBEAT,0,0,0,0,0,0,0x1800FFC0
1777183998.988,3335820,6,3,COMMS,255,BROADCAST,0,HEARTBEAT,48,HEARTBEAT,0,0,0,0,0,0,0x1800FFC0
1777184000.010,3336823,6,3,COMMS,255,BROADCAST,0,HEARTBEAT,48,HEARTBEAT,0,0,0,0,0,0,0x1800FFC0
1777184001.031,3337858,6,3,COMMS,255,BROADCAST,0,HEARTBEAT,48,HEARTBEAT,0,0,0,0,0,0,0x1800FFC0
1777184002.066,3338921,6,3,COMMS,255,BROADCAST,0,HEARTBEAT,48,HEARTBEAT,0,0,0,0,0,0,0x1800FFC0
1777184003.096,3339951,6,3,COMMS,255,BROADCAST,0,HEARTBEAT,48,HEARTBEAT,0,0,0,0,0,0,0x1800FFC0
1777184004.107,3340957,6,3,COMMS,255,BROADCAST,0,HEARTBEAT,48,HEARTBEAT,0,0,0,0,0,0,0x1800FFC0
1777184005.167,3342022,6,3,COMMS,255,BROADCAST,0,HEARTBEAT,48,HEARTBEAT,0,0,0,0,0,0,0x1800FFC0
1777184006.185,3343040,6,3,COMMS,255,BROADCAST,0,HEARTBEAT,48,HEARTBEAT,0,0,0,0,0,0,0x1800FFC0
1777184007.234,3344089,6,3,COMMS,255,BROADCAST,0,HEARTBEAT,48,HEARTBEAT,0,0,0,0,0,0,0x1800FFC0
1777184008.257,3345112,6,3,COMMS,255,BROADCAST,0,HEARTBEAT,48,HEARTBEAT,0,0,0,0,0,0,0x1800FFC0
1777184009.326,3346157,6,3,COMMS,255,BROADCAST,0,HEARTBEAT,48,HEARTBEAT,0,0,0,0,0,0,0x1800FFC0
1777184010.350,3347190,6,3,COMMS,255,BROADCAST,0,HEARTBEAT,48,HEARTBEAT,0,0,0,0,0,0,0x1800FFC0
1777184011.379,3348206,6,3,COMMS,255,BROADCAST,0,HEARTBEAT,48,HEARTBEAT,0,0,0,0,0,0,0x1800FFC0
1777184012.403,3349258,6,3,COMMS,255,BROADCAST,0,HEARTBEAT,48,HEARTBEAT,0,0,0,0,0,0,0x1800FFC0
1777184013.437,3350292,6,3,COMMS,255,BROADCAST,0,HEARTBEAT,48,HEARTBEAT,0,0,0,0,0,0,0x1800FFC0
1777184014.448,3351300,6,3,COMMS,255,BROADCAST,0,HEARTBEAT,48,HEARTBEAT,0,0,0,0,0,0,0x1800FFC0
1777184015.486,3352340,6,3,COMMS,255,BROADCAST,0,HEARTBEAT,48,HEARTBEAT,0,0,0,0,0,0,0x1800FFC0
1777184016.496,3353349,6,3,COMMS,255,BROADCAST,0,HEARTBEAT,48,HEARTBEAT,0,0,0,0,0,0,0x1800FFC0
1777184017.571,3354426,6,3,COMMS,255,BROADCAST,0,HEARTBEAT,48,HEARTBEAT,0,0,0,0,0,0,0x1800FFC0
1777184018.590,3355445,6,3,COMMS,255,BROADCAST,0,HEARTBEAT,48,HEARTBEAT,0,0,0,0,0,0,0x1800FFC0
1777184019.673,3356494,6,3,COMMS,255,BROADCAST,0,HEARTBEAT,48,HEARTBEAT,0,0,0,0,0,0,0x1800FFC0
1777184020.695,3357527,6,3,COMMS,255,BROADCAST,0,HEARTBEAT,48,HEARTBEAT,0,0,0,0,0,0,0x1800FFC0
1777184021.716,3358561,6,3,COMMS,255,BROADCAST,0,HEARTBEAT,48,HEARTBEAT,0,0,0,0,0,0,0x1800FFC0
1777184022.743,3359595,6,3,COMMS,255,BROADCAST,0,HEARTBEAT,48,HEARTBEAT,0,0,0,0,0,0,0x1800FFC0
1777184023.769,3360600,6,3,COMMS,255,BROADCAST,0,HEARTBEAT,48,HEARTBEAT,0,0,0,0,0,0,0x1800FFC0
1777184024.808,3361662,6,3,COMMS,255,BROADCAST,0,HEARTBEAT,48,HEARTBEAT,0,0,0,0,0,0,0x1800FFC0
1777184025.828,3362682,6,3,COMMS,255,BROADCAST,0,HEARTBEAT,48,HEARTBEAT,0,0,0,0,0,0,0x1800FFC0
1777184026.875,3363729,6,3,COMMS,255,BROADCAST,0,HEARTBEAT,48,HEARTBEAT,0,0,0,0,0,0,0x1800FFC0
1777184027.894,3364749,6,3,COMMS,255,BROADCAST,0,HEARTBEAT,48,HEARTBEAT,0,0,0,0,0,0,0x1800FFC0
1777184028.908,3365763,6,3,COMMS,255,BROADCAST,0,HEARTBEAT,48,HEARTBEAT,0,0,0,0,0,0,0x1800FFC0
1777184030.011,3366830,6,3,COMMS,255,BROADCAST,0,HEARTBEAT,48,HEARTBEAT,0,0,0,0,0,0,0x1800FFC0
1777184031.028,3367858,6,3,COMMS,255,BROADCAST,0,HEARTBEAT,48,HEARTBEAT,0,0,0,0,0,0,0x1800FFC0
1777184032.063,3368898,6,3,COMMS,255,BROADCAST,0,HEARTBEAT,48,HEARTBEAT,0,0,0,0,0,0,0x1800FFC0
1777184033.086,3369931,6,3,COMMS,255,BROADCAST,0,HEARTBEAT,48,HEARTBEAT,0,0,0,0,0,0,0x1800FFC0
1777184034.111,3370947,6,3,COMMS,255,BROADCAST,0,HEARTBEAT,48,HEARTBEAT,0,0,0,0,0,0,0x1800FFC0
1777184035.147,3371999,6,3,COMMS,255,BROADCAST,0,HEARTBEAT,48,HEARTBEAT,0,0,0,0,0,0,0x1800FFC0
1777184036.178,3373032,6,3,COMMS,255,BROADCAST,0,HEARTBEAT,48,HEARTBEAT,0,0,0,0,0,0,0x1800FFC0
1777184037.193,3374048,6,3,COMMS,255,BROADCAST,0,HEARTBEAT,48,HEARTBEAT,0,0,0,0,0,0,0x1800FFC0
1777184038.246,3375100,6,3,COMMS,255,BROADCAST,0,HEARTBEAT,48,HEARTBEAT,0,0,0,0,0,0,0x1800FFC0
1777184039.279,3376133,6,3,COMMS,255,BROADCAST,0,HEARTBEAT,48,HEARTBEAT,0,0,0,0,0,0,0x1800FFC0
1777184040.287,3377141,6,3,COMMS,255,BROADCAST,0,HEARTBEAT,48,HEARTBEAT,0,0,0,0,0,0,0x1800FFC0
1777184041.382,3378201,6,3,COMMS,255,BROADCAST,0,HEARTBEAT,48,HEARTBEAT,0,0,0,0,0,0,0x1800FFC0
1777184042.404,3379223,6,3,COMMS,255,BROADCAST,0,HEARTBEAT,48,HEARTBEAT,0,0,0,0,0,0,0x1800FFC0
1777184043.427,3380268,6,3,COMMS,255,BROADCAST,0,HEARTBEAT,48,HEARTBEAT,0,0,0,0,0,0,0x1800FFC0
1777184044.455,3381301,6,3,COMMS,255,BROADCAST,0,HEARTBEAT,48,HEARTBEAT,0,0,0,0,0,0,0x1800FFC0
1777184045.480,3382303,6,3,COMMS,255,BROADCAST,0,HEARTBEAT,48,HEARTBEAT,0,0,0,0,0,0,0x1800FFC0
1777184046.515,3383369,6,3,COMMS,255,BROADCAST,0,HEARTBEAT,48,HEARTBEAT,0,0,0,0,0,0,0x1800FFC0
1777184047.530,3384385,6,3,COMMS,255,BROADCAST,0,HEARTBEAT,48,HEARTBEAT,0,0,0,0,0,0,0x1800FFC0
1777184048.582,3385436,6,3,COMMS,255,BROADCAST,0,HEARTBEAT,48,HEARTBEAT,0,0,0,0,0,0,0x1800FFC0
1777184049.612,3386467,6,3,COMMS,255,BROADCAST,0,HEARTBEAT,48,HEARTBEAT,0,0,0,0,0,0,0x1800FFC0
1777184050.650,3387504,6,3,COMMS,255,BROADCAST,0,HEARTBEAT,48,HEARTBEAT,0,0,0,0,0,0,0x1800FFC0
1777184051.723,3388537,6,3,COMMS,255,BROADCAST,0,HEARTBEAT,48,HEARTBEAT,0,0,0,0,0,0,0x1800FFC0
1777184052.741,3389571,6,3,COMMS,255,BROADCAST,0,HEARTBEAT,48,HEARTBEAT,0,0,0,0,0,0,0x1800FFC0
1777184053.773,3390605,6,3,COMMS,255,BROADCAST,0,HEARTBEAT,48,HEARTBEAT,0,0,0,0,0,0,0x1800FFC0
1777184054.791,3391638,6,3,COMMS,255,BROADCAST,0,HEARTBEAT,48,HEARTBEAT,0,0,0,0,0,0,0x1800FFC0
1777184055.822,3392672,6,3,COMMS,255,BROADCAST,0,HEARTBEAT,48,HEARTBEAT,0,0,0,0,0,0,0x1800FFC0
1777184056.850,3393672,6,3,COMMS,255,BROADCAST,0,HEARTBEAT,48,HEARTBEAT,0,0,0,0,0,0,0x1800FFC0
1777184057.886,3394740,6,3,COMMS,255,BROADCAST,0,HEARTBEAT,48,HEARTBEAT,0,0,0,0,0,0,0x1800FFC0
1777184058.913,3395767,6,3,COMMS,255,BROADCAST,0,HEARTBEAT,48,HEARTBEAT,0,0,0,0,0,0,0x1800FFC0
1777184059.953,3396807,6,3,COMMS,255,BROADCAST,0,HEARTBEAT,48,HEARTBEAT,0,0,0,0,0,0,0x1800FFC0
1777184060.986,3397840,6,3,COMMS,255,BROADCAST,0,HEARTBEAT,48,HEARTBEAT,0,0,0,0,0,0,0x1800FFC0
1777184062.005,3398860,6,3,COMMS,255,BROADCAST,0,HEARTBEAT,48,HEARTBEAT,0,0,0,0,0,0,0x1800FFC0
1777184063.092,3399908,6,3,COMMS,255,BROADCAST,0,HEARTBEAT,48,HEARTBEAT,0,0,0,0,0,0,0x1800FFC0
1777184064.115,3400932,6,3,COMMS,255,BROADCAST,0,HEARTBEAT,48,HEARTBEAT,0,0,0,0,0,0,0x1800FFC0
1777184065.140,3401975,6,3,COMMS,255,BROADCAST,0,HEARTBEAT,48,HEARTBEAT,0,0,0,0,0,0,0x1800FFC0
1777184066.166,3402986,6,3,COMMS,255,BROADCAST,0,HEARTBEAT,48,HEARTBEAT,0,0,0,0,0,0,0x1800FFC0
1777184067.187,3404006,6,3,COMMS,255,BROADCAST,0,HEARTBEAT,48,HEARTBEAT,0,0,0,0,0,0,0x1800FFC0
1777184068.223,3405076,6,3,COMMS,255,BROADCAST,0,HEARTBEAT,48,HEARTBEAT,0,0,0,0,0,0,0x1800FFC0
1777184069.234,3406088,6,3,COMMS,255,BROADCAST,0,HEARTBEAT,48,HEARTBEAT,0,0,0,0,0,0,0x1800FFC0
1777184070.291,3407143,6,3,COMMS,255,BROADCAST,0,HEARTBEAT,48,HEARTBEAT,0,0,0,0,0,0,0x1800FFC0
1777184071.323,3408177,6,3,COMMS,255,BROADCAST,0,HEARTBEAT,48,HEARTBEAT,0,0,0,0,0,0,0x1800FFC0
1777184072.356,3409210,6,3,COMMS,255,BROADCAST,0,HEARTBEAT,48,HEARTBEAT,0,0,0,0,0,0,0x1800FFC0
1777184073.390,3410244,6,3,COMMS,255,BROADCAST,0,HEARTBEAT,48,HEARTBEAT,0,0,0,0,0,0,0x1800FFC0
1777184074.391,3411244,6,3,COMMS,255,BROADCAST,0,HEARTBEAT,48,HEARTBEAT,0,0,0,0,0,0,0x1800FFC0
1777184075.415,3412268,6,3,COMMS,255,BROADCAST,0,HEARTBEAT,48,HEARTBEAT,0,0,0,0,0,0,0x1800FFC0
1777184076.504,3413323,6,3,COMMS,255,BROADCAST,0,HEARTBEAT,48,HEARTBEAT,0,0,0,0,0,0,0x1800FFC0
1777184077.526,3414378,6,3,COMMS,255,BROADCAST,0,HEARTBEAT,48,HEARTBEAT,0,0,0,0,0,0,0x1800FFC0
1777184078.554,3415406,6,3,COMMS,255,BROADCAST,0,HEARTBEAT,48,HEARTBEAT,0,0,0,0,0,0,0x1800FFC0
1777184079.592,3416446,6,3,COMMS,255,BROADCAST,0,HEARTBEAT,48,HEARTBEAT,0,0,0,0,0,0,0x1800FFC0
1777184080.625,3417479,6,3,COMMS,255,BROADCAST,0,HEARTBEAT,48,HEARTBEAT,0,0,0,0,0,0,0x1800FFC0
1777184081.625,3418479,6,3,COMMS,255,BROADCAST,0,HEARTBEAT,48,HEARTBEAT,0,0,0,0,0,0,0x1800FFC0
1777184082.694,3419546,6,3,COMMS,255,BROADCAST,0,HEARTBEAT,48,HEARTBEAT,0,0,0,0,0,0,0x1800FFC0
1777184083.706,3420561,6,3,COMMS,255,BROADCAST,0,HEARTBEAT,48,HEARTBEAT,0,0,0,0,0,0,0x1800FFC0
1777184084.722,3421575,6,3,COMMS,255,BROADCAST,0,HEARTBEAT,48,HEARTBEAT,0,0,0,0,0,0,0x1800FFC0
1777184085.743,3422593,6,3,COMMS,255,BROADCAST,0,HEARTBEAT,48,HEARTBEAT,0,0,0,0,0,0,0x1800FFC0
1777184086.851,3423681,6,3,COMMS,255,BROADCAST,0,HEARTBEAT,48,HEARTBEAT,0,0,0,0,0,0,0x1800FFC0
1777184087.868,3424689,6,3,COMMS,255,BROADCAST,0,HEARTBEAT,48,HEARTBEAT,0,0,0,0,0,0,0x1800FFC0
1777184088.894,3425713,6,3,COMMS,255,BROADCAST,0,HEARTBEAT,48,HEARTBEAT,0,0,0,0,0,0,0x1800FFC0
1777184089.928,3426782,6,3,COMMS,255,BROADCAST,0,HEARTBEAT,48,HEARTBEAT,0,0,0,0,0,0,0x1800FFC0
1777184090.942,3427791,6,3,COMMS,255,BROADCAST,0,HEARTBEAT,48,HEARTBEAT,0,0,0,0,0,0,0x1800FFC0
1777184092.009,3428849,6,3,COMMS,255,BROADCAST,0,HEARTBEAT,48,HEARTBEAT,0,0,0,0,0,0,0x1800FFC0
1777184092.997,3429850,6,3,COMMS,255,BROADCAST,0,HEARTBEAT,48,HEARTBEAT,0,0,0,0,0,0,0x1800FFC0
1777184094.017,3430864,6,3,COMMS,255,BROADCAST,0,HEARTBEAT,48,HEARTBEAT,0,0,0,0,0,0,0x1800FFC0
1777184095.075,3431926,6,3,COMMS,255,BROADCAST,0,HEARTBEAT,48,HEARTBEAT,0,0,0,0,0,0,0x1800FFC0
1777184096.163,3432984,6,3,COMMS,255,BROADCAST,0,HEARTBEAT,48,HEARTBEAT,0,0,0,0,0,0,0x1800FFC0
1777184097.192,3434017,6,3,COMMS,255,BROADCAST,0,HEARTBEAT,48,HEARTBEAT,0,0,0,0,0,0,0x1800FFC0
1777184098.166,3435020,6,3,COMMS,255,BROADCAST,0,HEARTBEAT,48,HEARTBEAT,0,0,0,0,0,0,0x1800FFC0
1777184099.240,3436085,6,3,COMMS,255,BROADCAST,0,HEARTBEAT,48,HEARTBEAT,0,0,0,0,0,0,0x1800FFC0
1777184100.264,3437115,6,3,COMMS,255,BROADCAST,0,HEARTBEAT,48,HEARTBEAT,0,0,0,0,0,0,0x1800FFC0
1777184101.301,3438152,6,3,COMMS,255,BROADCAST,0,HEARTBEAT,48,HEARTBEAT,0,0,0,0,0,0,0x1800FFC0
1777184102.332,3439186,6,3,COMMS,255,BROADCAST,0,HEARTBEAT,48,HEARTBEAT,0,0,0,0,0,0,0x1800FFC0
1777184103.335,3440189,6,3,COMMS,255,BROADCAST,0,HEARTBEAT,48,HEARTBEAT,0,0,0,0,0,0,0x1800FFC0
1777184104.400,3441253,6,3,COMMS,255,BROADCAST,0,HEARTBEAT,48,HEARTBEAT,0,0,0,0,0,0,0x1800FFC0
1777184105.418,3442272,6,3,COMMS,255,BROADCAST,0,HEARTBEAT,48,HEARTBEAT,0,0,0,0,0,0,0x1800FFC0
1777184106.510,3443320,6,3,COMMS,255,BROADCAST,0,HEARTBEAT,48,HEARTBEAT,0,0,0,0,0,0,0x1800FFC0
1777184107.534,3444354,6,3,COMMS,255,BROADCAST,0,HEARTBEAT,48,HEARTBEAT,0,0,0,0,0,0,0x1800FFC0
1777184108.558,3445374,6,3,COMMS,255,BROADCAST,0,HEARTBEAT,48,HEARTBEAT,0,0,0,0,0,0,0x1800FFC0
1777184109.584,3446421,6,3,COMMS,255,BROADCAST,0,HEARTBEAT,48,HEARTBEAT,0,0,0,0,0,0,0x1800FFC0
1777184110.603,3447455,6,3,COMMS,255,BROADCAST,0,HEARTBEAT,48,HEARTBEAT,0,0,0,0,0,0,0x1800FFC0
1777184111.631,3448457,6,3,COMMS,255,BROADCAST,0,HEARTBEAT,48,HEARTBEAT,0,0,0,0,0,0,0x1800FFC0
1777184112.653,3449481,6,3,COMMS,255,BROADCAST,0,HEARTBEAT,48,HEARTBEAT,0,0,0,0,0,0,0x1800FFC0
1777184113.676,3450498,6,3,COMMS,255,BROADCAST,0,HEARTBEAT,48,HEARTBEAT,0,0,0,0,0,0,0x1800FFC0
1777184114.702,3451514,6,3,COMMS,255,BROADCAST,0,HEARTBEAT,48,HEARTBEAT,0,0,0,0,0,0,0x1800FFC0
1777184115.738,3452569,6,3,COMMS,255,BROADCAST,0,HEARTBEAT,48,HEARTBEAT,0,0,0,0,0,0,0x1800FFC0
1777184116.803,3453657,6,3,COMMS,255,BROADCAST,0,HEARTBEAT,48,HEARTBEAT,0,0,0,0,0,0,0x1800FFC0
1777184117.877,3454690,6,3,COMMS,255,BROADCAST,0,HEARTBEAT,48,HEARTBEAT,0,0,0,0,0,0,0x1800FFC0
1777184118.901,3455724,6,3,COMMS,255,BROADCAST,0,HEARTBEAT,48,HEARTBEAT,0,0,0,0,0,0,0x1800FFC0
1777184119.881,3456735,6,3,COMMS,255,BROADCAST,0,HEARTBEAT,48,HEARTBEAT,0,0,0,0,0,0,0x1800FFC0
1777184120.949,3457791,6,3,COMMS,255,BROADCAST,0,HEARTBEAT,48,HEARTBEAT,0,0,0,0,0,0,0x1800FFC0
1777184121.973,3458817,6,3,COMMS,255,BROADCAST,0,HEARTBEAT,48,HEARTBEAT,0,0,0,0,0,0,0x1800FFC0
1777184123.006,3459858,6,3,COMMS,255,BROADCAST,0,HEARTBEAT,48,HEARTBEAT,0,0,0,0,0,0,0x1800FFC0
1777184124.013,3460866,6,3,COMMS,255,BROADCAST,0,HEARTBEAT,48,HEARTBEAT,0,0,0,0,0,0,0x1800FFC0
1777184125.045,3461897,6,3,COMMS,255,BROADCAST,0,HEARTBEAT,48,HEARTBEAT,0,0,0,0,0,0,0x1800FFC0
1777184126.113,3462960,6,3,COMMS,255,BROADCAST,0,HEARTBEAT,48,HEARTBEAT,0,0,0,0,0,0,0x1800FFC0
1777184127.127,3463980,6,3,COMMS,255,BROADCAST,0,HEARTBEAT,48,HEARTBEAT,0,0,0,0,0,0,0x1800FFC0
1777184128.175,3465027,6,3,COMMS,255,BROADCAST,0,HEARTBEAT,48,HEARTBEAT,0,0,0,0,0,0,0x1800FFC0
1777184129.245,3466061,6,3,COMMS,255,BROADCAST,0,HEARTBEAT,48,HEARTBEAT,0,0,0,0,0,0,0x1800FFC0
1777184130.211,3467064,6,3,COMMS,255,BROADCAST,0,HEARTBEAT,48,HEARTBEAT,0,0,0,0,0,0,0x1800FFC0
1777184131.293,3468128,6,3,COMMS,255,BROADCAST,0,HEARTBEAT,48,HEARTBEAT,0,0,0,0,0,0,0x1800FFC0
1777184132.315,3469151,6,3,COMMS,255,BROADCAST,0,HEARTBEAT,48,HEARTBEAT,0,0,0,0,0,0,0x1800FFC0
1777184133.343,3470196,6,3,COMMS,255,BROADCAST,0,HEARTBEAT,48,HEARTBEAT,0,0,0,0,0,0,0x1800FFC0
1777184134.378,3471229,6,3,COMMS,255,BROADCAST,0,HEARTBEAT,48,HEARTBEAT,0,0,0,0,0,0,0x1800FFC0
1777184135.395,3472246,6,3,COMMS,255,BROADCAST,0,HEARTBEAT,48,HEARTBEAT,0,0,0,0,0,0,0x1800FFC0
1777184136.444,3473297,6,3,COMMS,255,BROADCAST,0,HEARTBEAT,48,HEARTBEAT,0,0,0,0,0,0,0x1800FFC0
1777184137.478,3474330,6,3,COMMS,255,BROADCAST,0,HEARTBEAT,48,HEARTBEAT,0,0,0,0,0,0,0x1800FFC0
1777184138.515,3475364,6,3,COMMS,255,BROADCAST,0,HEARTBEAT,48,HEARTBEAT,0,0,0,0,0,0,0x1800FFC0
1777184139.534,3476387,6,3,COMMS,255,BROADCAST,0,HEARTBEAT,48,HEARTBEAT,0,0,0,0,0,0,0x1800FFC0
1777184140.610,3477431,6,3,COMMS,255,BROADCAST,0,HEARTBEAT,48,HEARTBEAT,0,0,0,0,0,0,0x1800FFC0
1777184141.588,3478441,6,3,COMMS,255,BROADCAST,0,HEARTBEAT,48,HEARTBEAT,0,0,0,0,0,0,0x1800FFC0
1777184142.661,3479499,6,3,COMMS,255,BROADCAST,0,HEARTBEAT,48,HEARTBEAT,0,0,0,0,0,0,0x1800FFC0
1777184143.682,3480532,6,3,COMMS,255,BROADCAST,0,HEARTBEAT,48,HEARTBEAT,0,0,0,0,0,0,0x1800FFC0
1777184144.706,3481534,6,3,COMMS,255,BROADCAST,0,HEARTBEAT,48,HEARTBEAT,0,0,0,0,0,0,0x1800FFC0
1777184145.747,3482600,6,3,COMMS,255,BROADCAST,0,HEARTBEAT,48,HEARTBEAT,0,0,0,0,0,0,0x1800FFC0
1777184146.781,3483633,6,3,COMMS,255,BROADCAST,0,HEARTBEAT,48,HEARTBEAT,0,0,0,0,0,0,0x1800FFC0
1777184147.814,3484667,6,3,COMMS,255,BROADCAST,0,HEARTBEAT,48,HEARTBEAT,0,0,0,0,0,0,0x1800FFC0
1777184148.818,3485671,6,3,COMMS,255,BROADCAST,0,HEARTBEAT,48,HEARTBEAT,0,0,0,0,0,0,0x1800FFC0
1777184149.832,3486684,6,3,COMMS,255,BROADCAST,0,HEARTBEAT,48,HEARTBEAT,0,0,0,0,0,0,0x1800FFC0
1777184150.942,3487768,6,3,COMMS,255,BROADCAST,0,HEARTBEAT,48,HEARTBEAT,0,0,0,0,0,0,0x1800FFC0
1777184151.979,3488802,6,3,COMMS,255,BROADCAST,0,HEARTBEAT,48,HEARTBEAT,0,0,0,0,0,0,0x1800FFC0
1777184152.958,3489810,6,3,COMMS,255,BROADCAST,0,HEARTBEAT,48,HEARTBEAT,0,0,0,0,0,0,0x1800FFC0
1777184154.018,3490870,6,3,COMMS,255,BROADCAST,0,HEARTBEAT,48,HEARTBEAT,0,0,0,0,0,0,0x1800FFC0
1777184155.060,3491903,6,3,COMMS,255,BROADCAST,0,HEARTBEAT,48,HEARTBEAT,0,0,0,0,0,0,0x1800FFC0
1777184156.069,3492905,6,3,COMMS,255,BROADCAST,0,HEARTBEAT,48,HEARTBEAT,0,0,0,0,0,0,0x1800FFC0
1777184157.118,3493970,6,3,COMMS,255,BROADCAST,0,HEARTBEAT,48,HEARTBEAT,0,0,0,0,0,0,0x1800FFC0
1777184158.149,3495001,6,3,COMMS,255,BROADCAST,0,HEARTBEAT,48,HEARTBEAT,0,0,0,0,0,0,0x1800FFC0
1777184159.185,3496038,6,3,COMMS,255,BROADCAST,0,HEARTBEAT,48,HEARTBEAT,0,0,0,0,0,0,0x1800FFC0
1777184160.221,3497071,6,3,COMMS,255,BROADCAST,0,HEARTBEAT,48,HEARTBEAT,0,0,0,0,0,0,0x1800FFC0
1777184161.233,3498086,6,3,COMMS,255,BROADCAST,0,HEARTBEAT,48,HEARTBEAT,0,0,0,0,0,0,0x1800FFC0
1777184162.310,3499139,6,3,COMMS,255,BROADCAST,0,HEARTBEAT,48,HEARTBEAT,0,0,0,0,0,0,0x1800FFC0
1777184163.294,3500147,6,3,COMMS,255,BROADCAST,0,HEARTBEAT,48,HEARTBEAT,0,0,0,0,0,0,0x1800FFC0
1777184164.362,3501206,6,3,COMMS,255,BROADCAST,0,HEARTBEAT,48,HEARTBEAT,0,0,0,0,0,0,0x1800FFC0
1777184165.394,3502230,6,3,COMMS,255,BROADCAST,0,HEARTBEAT,48,HEARTBEAT,0,0,0,0,0,0,0x1800FFC0
1777184166.421,3503273,6,3,COMMS,255,BROADCAST,0,HEARTBEAT,48,HEARTBEAT,0,0,0,0,0,0,0x1800FFC0
1777184167.442,3504278,6,3,COMMS,255,BROADCAST,0,HEARTBEAT,48,HEARTBEAT,0,0,0,0,0,0,0x1800FFC0
1777184168.460,3505288,6,3,COMMS,255,BROADCAST,0,HEARTBEAT,48,HEARTBEAT,0,0,0,0,0,0,0x1800FFC0
1777184169.516,3506365,6,3,COMMS,255,BROADCAST,0,HEARTBEAT,48,HEARTBEAT,0,0,0,0,0,0,0x1800FFC0
1777184170.556,3507408,6,3,COMMS,255,BROADCAST,0,HEARTBEAT,48,HEARTBEAT,0,0,0,0,0,0,0x1800FFC0
1777184171.590,3508442,6,3,COMMS,255,BROADCAST,0,HEARTBEAT,48,HEARTBEAT,0,0,0,0,0,0,0x1800FFC0
1777184172.605,3509458,6,3,COMMS,255,BROADCAST,0,HEARTBEAT,48,HEARTBEAT,0,0,0,0,0,0,0x1800FFC0
1777184173.627,3510479,6,3,COMMS,255,BROADCAST,0,HEARTBEAT,48,HEARTBEAT,0,0,0,0,0,0,0x1800FFC0
1777184174.710,3511543,6,3,COMMS,255,BROADCAST,0,HEARTBEAT,48,HEARTBEAT,0,0,0,0,0,0,0x1800FFC0
1777184175.734,3512563,6,3,COMMS,255,BROADCAST,0,HEARTBEAT,48,HEARTBEAT,0,0,0,0,0,0,0x1800FFC0
1777184176.758,3513611,6,3,COMMS,255,BROADCAST,0,HEARTBEAT,48,HEARTBEAT,0,0,0,0,0,0,0x1800FFC0
1777184177.792,3514645,6,3,COMMS,255,BROADCAST,0,HEARTBEAT,48,HEARTBEAT,0,0,0,0,0,0,0x1800FFC0
1777184178.827,3515679,6,3,COMMS,255,BROADCAST,0,HEARTBEAT,48,HEARTBEAT,0,0,0,0,0,0,0x1800FFC0
1777184179.860,3516712,6,3,COMMS,255,BROADCAST,0,HEARTBEAT,48,HEARTBEAT,0,0,0,0,0,0,0x1800FFC0
1777184180.867,3517719,6,3,COMMS,255,BROADCAST,0,HEARTBEAT,48,HEARTBEAT,0,0,0,0,0,0,0x1800FFC0
1777184181.901,3518754,6,3,COMMS,255,BROADCAST,0,HEARTBEAT,48,HEARTBEAT,0,0,0,0,0,0,0x1800FFC0
1777184182.962,3519814,6,3,COMMS,255,BROADCAST,0,HEARTBEAT,48,HEARTBEAT,0,0,0,0,0,0,0x1800FFC0
1777184184.028,3520848,6,3,COMMS,255,BROADCAST,0,HEARTBEAT,48,HEARTBEAT,0,0,0,0,0,0,0x1800FFC0
1777184185.055,3521880,6,3,COMMS,255,BROADCAST,0,HEARTBEAT,48,HEARTBEAT,0,0,0,0,0,0,0x1800FFC0
1777184186.079,3522887,6,3,COMMS,255,BROADCAST,0,HEARTBEAT,48,HEARTBEAT,0,0,0,0,0,0,0x1800FFC0
1777184187.103,3523936,6,3,COMMS,255,BROADCAST,0,HEARTBEAT,48,HEARTBEAT,0,0,0,0,0,0,0x1800FFC0
1777184188.131,3524983,6,3,COMMS,255,BROADCAST,0,HEARTBEAT,48,HEARTBEAT,0,0,0,0,0,0,0x1800FFC0
1777184189.166,3526017,6,3,COMMS,255,BROADCAST,0,HEARTBEAT,48,HEARTBEAT,0,0,0,0,0,0,0x1800FFC0
1777184190.200,3527051,6,3,COMMS,255,BROADCAST,0,HEARTBEAT,48,HEARTBEAT,0,0,0,0,0,0,0x1800FFC0
1777184191.233,3528085,6,3,COMMS,255,BROADCAST,0,HEARTBEAT,48,HEARTBEAT,0,0,0,0,0,0,0x1800FFC0
1777184192.240,3529092,6,3,COMMS,255,BROADCAST,0,HEARTBEAT,48,HEARTBEAT,0,0,0,0,0,0,0x1800FFC0
