rx_wall_time,timestamp_ms,priority,src,src_name,dst,dst_name,cls,cls_name,opcode,opcode_name,p2,p3,p4,p5,p6,p7,can_id_hex
1777195735.969,79337,6,3,COMMS,255,BROADCAST,0,HEARTBEAT,48,HEARTBEAT,0,0,0,0,0,0,0x1800FFC0
1777195736.871,80352,6,3,COMMS,255,BROADCAST,0,HEARTBEAT,48,HEARTBEAT,0,0,0,0,0,0,0x1800FFC0
1777195737.888,81368,6,3,COMMS,255,BROADCAST,0,HEARTBEAT,48,HEARTBEAT,0,0,0,0,0,0,0x1800FFC0
1777195752.943,5294,6,3,COMMS,255,BROADCAST,0,HEARTBEAT,48,HEARTBEAT,0,0,0,0,0,0,0x1800FFC0
1777195753.958,6308,6,3,COMMS,255,BROADCAST,0,HEARTBEAT,48,HEARTBEAT,0,0,0,0,0,0,0x1800FFC0
1777195754.977,7323,6,3,COMMS,255,BROADCAST,0,HEARTBEAT,48,HEARTBEAT,0,0,0,0,0,0,0x1800FFC0
1777195756.004,8337,6,3,COMMS,255,BROADCAST,0,HEARTBEAT,48,HEARTBEAT,0,0,0,0,0,0,0x1800FFC0
1777195757.017,9351,6,3,COMMS,255,BROADCAST,0,HEARTBEAT,48,HEARTBEAT,0,0,0,0,0,0,0x1800FFC0
1777195758.038,10365,6,3,COMMS,255,BROADCAST,0,HEARTBEAT,48,HEARTBEAT,0,0,0,0,0,0,0x1800FFC0
1777195759.029,11379,6,3,COMMS,255,BROADCAST,0,HEARTBEAT,48,HEARTBEAT,0,0,0,0,0,0,0x1800FFC0
1777195760.043,12393,6,3,COMMS,255,BROADCAST,0,HEARTBEAT,48,HEARTBEAT,0,0,0,0,0,0,0x1800FFC0
1777195761.051,13408,6,3,COMMS,255,BROADCAST,0,HEARTBEAT,48,HEARTBEAT,0,0,0,0,0,0,0x1800FFC0
1777195762.062,14422,6,3,COMMS,255,BROADCAST,0,HEARTBEAT,48,HEARTBEAT,0,0,0,0,0,0,0x1800FFC0
1777195763.086,15436,6,3,COMMS,255,BROADCAST,0,HEARTBEAT,48,HEARTBEAT,0,0,0,0,0,0,0x1800FFC0
1777195764.088,16450,6,3,COMMS,255,BROADCAST,0,HEARTBEAT,48,HEARTBEAT,0,0,0,0,0,0,0x1800FFC0
1777195765.116,17464,6,3,COMMS,255,BROADCAST,0,HEARTBEAT,48,HEARTBEAT,0,0,0,0,0,0,0x1800FFC0
1777195766.138,18478,6,3,COMMS,255,BROADCAST,0,HEARTBEAT,48,HEARTBEAT,0,0,0,0,0,0,0x1800FFC0
1777195767.165,19492,6,3,COMMS,255,BROADCAST,0,HEARTBEAT,48,HEARTBEAT,0,0,0,0,0,0,0x1800FFC0
1777195768.196,20507,6,3,COMMS,255,BROADCAST,0,HEARTBEAT,48,HEARTBEAT,0,0,0,0,0,0,0x1800FFC0
1777195769.210,21521,6,3,COMMS,255,BROADCAST,0,HEARTBEAT,48,HEARTBEAT,0,0,0,0,0,0,0x1800FFC0
1777195770.184,22535,6,3,COMMS,255,BROADCAST,0,HEARTBEAT,48,HEARTBEAT,0,0,0,0,0,0,0x1800FFC0
1777195771.199,23549,6,3,COMMS,255,BROADCAST,0,HEARTBEAT,48,HEARTBEAT,0,0,0,0,0,0,0x1800FFC0
1777195772.214,24564,6,3,COMMS,255,BROADCAST,0,HEARTBEAT,48,HEARTBEAT,0,0,0,0,0,0,0x1800FFC0
1777195773.236,25578,6,3,COMMS,255,BROADCAST,0,HEARTBEAT,48,HEARTBEAT,0,0,0,0,0,0,0x1800FFC0
1777195774.242,26592,6,3,COMMS,255,BROADCAST,0,HEARTBEAT,48,HEARTBEAT,0,0,0,0,0,0,0x1800FFC0
1777195775.257,27607,6,3,COMMS,255,BROADCAST,0,HEARTBEAT,48,HEARTBEAT,0,0,0,0,0,0,0x1800FFC0
1777195776.271,28621,6,3,COMMS,255,BROADCAST,0,HEARTBEAT,48,HEARTBEAT,0,0,0,0,0,0,0x1800FFC0
1777195777.300,29635,6,3,COMMS,255,BROADCAST,0,HEARTBEAT,48,HEARTBEAT,0,0,0,0,0,0,0x1800FFC0
1777195778.326,30649,6,3,COMMS,255,BROADCAST,0,HEARTBEAT,48,HEARTBEAT,0,0,0,0,0,0,0x1800FFC0
1777195779.337,31664,6,3,COMMS,255,BROADCAST,0,HEARTBEAT,48,HEARTBEAT,0,0,0,0,0,0,0x1800FFC0
1777195780.329,32678,6,3,COMMS,255,BROADCAST,0,HEARTBEAT,48,HEARTBEAT,0,0,0,0,0,0,0x1800FFC0
1777195781.343,33692,6,3,COMMS,255,BROADCAST,0,HEARTBEAT,48,HEARTBEAT,0,0,0,0,0,0,0x1800FFC0
1777195782.368,34706,6,3,COMMS,255,BROADCAST,0,HEARTBEAT,48,HEARTBEAT,0,0,0,0,0,0,0x1800FFC0
1777195783.367,35720,6,3,COMMS,255,BROADCAST,0,HEARTBEAT,48,HEARTBEAT,0,0,0,0,0,0,0x1800FFC0
1777195784.385,36735,6,3,COMMS,255,BROADCAST,0,HEARTBEAT,48,HEARTBEAT,0,0,0,0,0,0,0x1800FFC0
1777195785.399,37749,6,3,COMMS,255,BROADCAST,0,HEARTBEAT,48,HEARTBEAT,0,0,0,0,0,0,0x1800FFC0
1777195786.414,38763,6,3,COMMS,255,BROADCAST,0,HEARTBEAT,48,HEARTBEAT,0,0,0,0,0,0,0x1800FFC0
1777195787.436,39777,6,3,COMMS,255,BROADCAST,0,HEARTBEAT,48,HEARTBEAT,0,0,0,0,0,0,0x1800FFC0
1777195788.456,40792,6,3,COMMS,255,BROADCAST,0,HEARTBEAT,48,HEARTBEAT,0,0,0,0,0,0,0x1800FFC0
1777195789.494,41806,6,3,COMMS,255,BROADCAST,0,HEARTBEAT,48,HEARTBEAT,0,0,0,0,0,0,0x1800FFC0
1777195790.514,42820,6,3,COMMS,255,BROADCAST,0,HEARTBEAT,48,HEARTBEAT,0,0,0,0,0,0,0x1800FFC0
1777195791.485,43834,6,3,COMMS,255,BROADCAST,0,HEARTBEAT,48,HEARTBEAT,0,0,0,0,0,0,0x1800FFC0
1777195792.500,44849,6,3,COMMS,255,BROADCAST,0,HEARTBEAT,48,HEARTBEAT,0,0,0,0,0,0,0x1800FFC0
1777195793.513,45863,6,3,COMMS,255,BROADCAST,0,HEARTBEAT,48,HEARTBEAT,0,0,0,0,0,0,0x1800FFC0
1777195794.528,46877,6,3,COMMS,255,BROADCAST,0,HEARTBEAT,48,HEARTBEAT,0,0,0,0,0,0,0x1800FFC0
1777195795.543,47892,6,3,COMMS,255,BROADCAST,0,HEARTBEAT,48,HEARTBEAT,0,0,0,0,0,0,0x1800FFC0
1777195796.557,48906,6,3,COMMS,255,BROADCAST,0,HEARTBEAT,48,HEARTBEAT,0,0,0,0,0,0,0x1800FFC0
1777195797.577,49920,6,3,COMMS,255,BROADCAST,0,HEARTBEAT,48,HEARTBEAT,0,0,0,0,0,0,0x1800FFC0
1777195798.603,50934,6,3,COMMS,255,BROADCAST,0,HEARTBEAT,48,HEARTBEAT,0,0,0,0,0,0,0x1800FFC0
1777195799.627,51949,6,3,COMMS,255,BROADCAST,0,HEARTBEAT,48,HEARTBEAT,0,0,0,0,0,0,0x1800FFC0
1777195800.645,52963,6,3,COMMS,255,BROADCAST,0,HEARTBEAT,48,HEARTBEAT,0,0,0,0,0,0,0x1800FFC0
1777195801.629,53977,6,3,COMMS,255,BROADCAST,0,HEARTBEAT,48,HEARTBEAT,0,0,0,0,0,0,0x1800FFC0
1777195802.643,54992,6,3,COMMS,255,BROADCAST,0,HEARTBEAT,48,HEARTBEAT,0,0,0,0,0,0,0x1800FFC0
1777195803.657,56006,6,3,COMMS,255,BROADCAST,0,HEARTBEAT,48,HEARTBEAT,0,0,0,0,0,0,0x1800FFC0
1777195804.665,57020,6,3,COMMS,255,BROADCAST,0,HEARTBEAT,48,HEARTBEAT,0,0,0,0,0,0,0x1800FFC0
1777195805.686,58035,6,3,COMMS,255,BROADCAST,0,HEARTBEAT,48,HEARTBEAT,0,0,0,0,0,0,0x1800FFC0
1777195806.700,59049,6,3,COMMS,255,BROADCAST,0,HEARTBEAT,48,HEARTBEAT,0,0,0,0,0,0,0x1800FFC0
1777195807.714,60063,6,3,COMMS,255,BROADCAST,0,HEARTBEAT,48,HEARTBEAT,0,0,0,0,0,0,0x1800FFC0
1777195808.736,61078,6,3,COMMS,255,BROADCAST,0,HEARTBEAT,48,HEARTBEAT,0,0,0,0,0,0,0x1800FFC0
1777195809.760,62092,6,3,COMMS,255,BROADCAST,0,HEARTBEAT,48,HEARTBEAT,0,0,0,0,0,0,0x1800FFC0
1777195810.788,63106,6,3,COMMS,255,BROADCAST,0,HEARTBEAT,48,HEARTBEAT,0,0,0,0,0,0,0x1800FFC0
1777195811.812,64121,6,3,COMMS,255,BROADCAST,0,HEARTBEAT,48,HEARTBEAT,0,0,0,0,0,0,0x1800FFC0
1777195812.785,65135,6,3,COMMS,255,BROADCAST,0,HEARTBEAT,48,HEARTBEAT,0,0,0,0,0,0,0x1800FFC0
1777195813.800,66149,6,3,COMMS,255,BROADCAST,0,HEARTBEAT,48,HEARTBEAT,0,0,0,0,0,0,0x1800FFC0
1777195814.815,67164,6,3,COMMS,255,BROADCAST,0,HEARTBEAT,48,HEARTBEAT,0,0,0,0,0,0,0x1800FFC0
1777195815.828,68178,6,3,COMMS,255,BROADCAST,0,HEARTBEAT,48,HEARTBEAT,0,0,0,0,0,0,0x1800FFC0
1777195816.844,69193,6,3,COMMS,255,BROADCAST,0,HEARTBEAT,48,HEARTBEAT,0,0,0,0,0,0,0x1800FFC0
1777195817.857,70207,6,3,COMMS,255,BROADCAST,0,HEARTBEAT,48,HEARTBEAT,0,0,0,0,0,0,0x1800FFC0
1777195818.872,71221,6,3,COMMS,255,BROADCAST,0,HEARTBEAT,48,HEARTBEAT,0,0,0,0,0,0,0x1800FFC0
1777195819.902,72236,6,3,COMMS,255,BROADCAST,0,HEARTBEAT,48,HEARTBEAT,0,0,0,0,0,0,0x1800FFC0
1777195820.912,73250,6,3,COMMS,255,BROADCAST,0,HEARTBEAT,48,HEARTBEAT,0,0,0,0,0,0,0x1800FFC0
1777195821.939,74264,6,3,COMMS,255,BROADCAST,0,HEARTBEAT,48,HEARTBEAT,0,0,0,0,0,0,0x1800FFC0
1777195822.930,75279,6,3,COMMS,255,BROADCAST,0,HEARTBEAT,48,HEARTBEAT,0,0,0,0,0,0,0x1800FFC0
1777195823.944,76293,6,3,COMMS,255,BROADCAST,0,HEARTBEAT,48,HEARTBEAT,0,0,0,0,0,0,0x1800FFC0
1777195824.958,77307,6,3,COMMS,255,BROADCAST,0,HEARTBEAT,48,HEARTBEAT,0,0,0,0,0,0,0x1800FFC0
1777195825.973,78322,6,3,COMMS,255,BROADCAST,0,HEARTBEAT,48,HEARTBEAT,0,0,0,0,0,0,0x1800FFC0
1777195826.987,79336,6,3,COMMS,255,BROADCAST,0,HEARTBEAT,48,HEARTBEAT,0,0,0,0,0,0,0x1800FFC0
1777195828.002,80351,6,3,COMMS,255,BROADCAST,0,HEARTBEAT,48,HEARTBEAT,0,0,0,0,0,0,0x1800FFC0
1777195829.016,81365,6,3,COMMS,255,BROADCAST,0,HEARTBEAT,48,HEARTBEAT,0,0,0,0,0,0,0x1800FFC0
1777195830.030,82379,6,3,COMMS,255,BROADCAST,0,HEARTBEAT,48,HEARTBEAT,0,0,0,0,0,0,0x1800FFC0
1777195831.058,83394,6,3,COMMS,255,BROADCAST,0,HEARTBEAT,48,HEARTBEAT,0,0,0,0,0,0,0x1800FFC0
1777195832.074,84408,6,3,COMMS,255,BROADCAST,0,HEARTBEAT,48,HEARTBEAT,0,0,0,0,0,0,0x1800FFC0
1777195833.102,85422,6,3,COMMS,255,BROADCAST,0,HEARTBEAT,48,HEARTBEAT,0,0,0,0,0,0,0x1800FFC0
1777195834.090,86437,6,3,COMMS,255,BROADCAST,0,HEARTBEAT,48,HEARTBEAT,0,0,0,0,0,0,0x1800FFC0
1777195835.103,87451,6,3,COMMS,255,BROADCAST,0,HEARTBEAT,48,HEARTBEAT,0,0,0,0,0,0,0x1800FFC0
1777195836.117,88466,6,3,COMMS,255,BROADCAST,0,HEARTBEAT,48,HEARTBEAT,0,0,0,0,0,0,0x1800FFC0
1777195837.130,89480,6,3,COMMS,255,BROADCAST,0,HEARTBEAT,48,HEARTBEAT,0,0,0,0,0,0,0x1800FFC0
1777195838.147,90495,6,3,COMMS,255,BROADCAST,0,HEARTBEAT,48,HEARTBEAT,0,0,0,0,0,0,0x1800FFC0
1777195839.164,91509,6,3,COMMS,255,BROADCAST,0,HEARTBEAT,48,HEARTBEAT,0,0,0,0,0,0,0x1800FFC0
1777195840.177,92523,6,3,COMMS,255,BROADCAST,0,HEARTBEAT,48,HEARTBEAT,0,0,0,0,0,0,0x1800FFC0
1777195841.195,93538,6,3,COMMS,255,BROADCAST,0,HEARTBEAT,48,HEARTBEAT,0,0,0,0,0,0,0x1800FFC0
1777195842.213,94552,6,3,COMMS,255,BROADCAST,0,HEARTBEAT,48,HEARTBEAT,0,0,0,0,0,0,0x1800FFC0
1777195843.250,95567,6,3,COMMS,255,BROADCAST,0,HEARTBEAT,48,HEARTBEAT,0,0,0,0,0,0,0x1800FFC0
1777195844.270,96581,6,3,COMMS,255,BROADCAST,0,HEARTBEAT,48,HEARTBEAT,0,0,0,0,0,0,0x1800FFC0
1777195845.246,97595,6,3,COMMS,255,BROADCAST,0,HEARTBEAT,48,HEARTBEAT,0,0,0,0,0,0,0x1800FFC0
1777195846.261,98610,6,3,COMMS,255,BROADCAST,0,HEARTBEAT,48,HEARTBEAT,0,0,0,0,0,0,0x1800FFC0
1777195847.275,99624,6,3,COMMS,255,BROADCAST,0,HEARTBEAT,48,HEARTBEAT,0,0,0,0,0,0,0x1800FFC0
1777195848.291,100640,6,3,COMMS,255,BROADCAST,0,HEARTBEAT,48,HEARTBEAT,0,0,0,0,0,0,0x1800FFC0
1777195849.304,101653,6,3,COMMS,255,BROADCAST,0,HEARTBEAT,48,HEARTBEAT,0,0,0,0,0,0,0x1800FFC0
1777195850.322,102667,6,3,COMMS,255,BROADCAST,0,HEARTBEAT,48,HEARTBEAT,0,0,0,0,0,0,0x1800FFC0
1777195851.334,103682,6,3,COMMS,255,BROADCAST,0,HEARTBEAT,48,HEARTBEAT,0,0,0,0,0,0,0x1800FFC0
1777195852.357,104696,6,3,COMMS,255,BROADCAST,0,HEARTBEAT,48,HEARTBEAT,0,0,0,0,0,0,0x1800FFC0
1777195853.386,105710,6,3,COMMS,255,BROADCAST,0,HEARTBEAT,48,HEARTBEAT,0,0,0,0,0,0,0x1800FFC0
1777195854.403,106725,6,3,COMMS,255,BROADCAST,0,HEARTBEAT,48,HEARTBEAT,0,0,0,0,0,0,0x1800FFC0
1777195855.391,107739,6,3,COMMS,255,BROADCAST,0,HEARTBEAT,48,HEARTBEAT,0,0,0,0,0,0,0x1800FFC0
1777195856.405,108753,6,3,COMMS,255,BROADCAST,0,HEARTBEAT,48,HEARTBEAT,0,0,0,0,0,0,0x1800FFC0
1777195857.420,109768,6,3,COMMS,255,BROADCAST,0,HEARTBEAT,48,HEARTBEAT,0,0,0,0,0,0,0x1800FFC0
1777195858.434,110782,6,3,COMMS,255,BROADCAST,0,HEARTBEAT,48,HEARTBEAT,0,0,0,0,0,0,0x1800FFC0
1777195859.448,111796,6,3,COMMS,255,BROADCAST,0,HEARTBEAT,48,HEARTBEAT,0,0,0,0,0,0,0x1800FFC0
1777195860.462,112811,6,3,COMMS,255,BROADCAST,0,HEARTBEAT,48,HEARTBEAT,0,0,0,0,0,0,0x1800FFC0
1777195861.477,113825,6,3,COMMS,255,BROADCAST,0,HEARTBEAT,48,HEARTBEAT,0,0,0,0,0,0,0x1800FFC0
1777195862.496,114839,6,3,COMMS,255,BROADCAST,0,HEARTBEAT,48,HEARTBEAT,0,0,0,0,0,0,0x1800FFC0
1777195863.527,115853,6,3,COMMS,255,BROADCAST,0,HEARTBEAT,48,HEARTBEAT,0,0,0,0,0,0,0x1800FFC0
1777195864.548,116868,6,3,COMMS,255,BROADCAST,0,HEARTBEAT,48,HEARTBEAT,0,0,0,0,0,0,0x1800FFC0
1777195865.571,117882,6,3,COMMS,255,BROADCAST,0,HEARTBEAT,48,HEARTBEAT,0,0,0,0,0,0,0x1800FFC0
1777195866.550,118896,6,3,COMMS,255,BROADCAST,0,HEARTBEAT,48,HEARTBEAT,0,0,0,0,0,0,0x1800FFC0
1777195867.563,119911,6,3,COMMS,255,BROADCAST,0,HEARTBEAT,48,HEARTBEAT,0,0,0,0,0,0,0x1800FFC0
1777195868.577,120925,6,3,COMMS,255,BROADCAST,0,HEARTBEAT,48,HEARTBEAT,0,0,0,0,0,0,0x1800FFC0
1777195869.591,121939,6,3,COMMS,255,BROADCAST,0,HEARTBEAT,48,HEARTBEAT,0,0,0,0,0,0,0x1800FFC0
1777195870.605,122953,6,3,COMMS,255,BROADCAST,0,HEARTBEAT,48,HEARTBEAT,0,0,0,0,0,0,0x1800FFC0
1777195871.628,123967,6,3,COMMS,255,BROADCAST,0,HEARTBEAT,48,HEARTBEAT,0,0,0,0,0,0,0x1800FFC0
1777195872.634,124982,6,3,COMMS,255,BROADCAST,0,HEARTBEAT,48,HEARTBEAT,0,0,0,0,0,0,0x1800FFC0
1777195873.655,125996,6,3,COMMS,255,BROADCAST,0,HEARTBEAT,48,HEARTBEAT,0,0,0,0,0,0,0x1800FFC0
1777195874.685,127010,6,3,COMMS,255,BROADCAST,0,HEARTBEAT,48,HEARTBEAT,0,0,0,0,0,0,0x1800FFC0
1777195875.709,128024,6,3,COMMS,255,BROADCAST,0,HEARTBEAT,48,HEARTBEAT,0,0,0,0,0,0,0x1800FFC0
1777195876.691,129039,6,3,COMMS,255,BROADCAST,0,HEARTBEAT,48,HEARTBEAT,0,0,0,0,0,0,0x1800FFC0
1777195877.705,130053,6,3,COMMS,255,BROADCAST,0,HEARTBEAT,48,HEARTBEAT,0,0,0,0,0,0,0x1800FFC0
1777195878.718,131067,6,3,COMMS,255,BROADCAST,0,HEARTBEAT,48,HEARTBEAT,0,0,0,0,0,0,0x1800FFC0
1777195879.734,132081,6,3,COMMS,255,BROADCAST,0,HEARTBEAT,48,HEARTBEAT,0,0,0,0,0,0,0x1800FFC0
1777195880.737,133096,6,3,COMMS,255,BROADCAST,0,HEARTBEAT,48,HEARTBEAT,0,0,0,0,0,0,0x1800FFC0
1777195881.762,134110,6,3,COMMS,255,BROADCAST,0,HEARTBEAT,48,HEARTBEAT,0,0,0,0,0,0,0x1800FFC0
1777195882.776,135124,6,3,COMMS,255,BROADCAST,0,HEARTBEAT,48,HEARTBEAT,0,0,0,0,0,0,0x1800FFC0
1777195883.797,136138,6,3,COMMS,255,BROADCAST,0,HEARTBEAT,48,HEARTBEAT,0,0,0,0,0,0,0x1800FFC0
1777195884.825,137152,6,3,COMMS,255,BROADCAST,0,HEARTBEAT,48,HEARTBEAT,0,0,0,0,0,0,0x1800FFC0
1777195885.839,138166,6,3,COMMS,255,BROADCAST,0,HEARTBEAT,48,HEARTBEAT,0,0,0,0,0,0,0x1800FFC0
1777195886.873,139181,6,3,COMMS,255,BROADCAST,0,HEARTBEAT,48,HEARTBEAT,0,0,0,0,0,0,0x1800FFC0
1777195887.847,140195,6,3,COMMS,255,BROADCAST,0,HEARTBEAT,48,HEARTBEAT,0,0,0,0,0,0,0x1800FFC0
1777195888.860,141209,6,3,COMMS,255,BROADCAST,0,HEARTBEAT,48,HEARTBEAT,0,0,0,0,0,0,0x1800FFC0
1777195889.876,142224,6,3,COMMS,255,BROADCAST,0,HEARTBEAT,48,HEARTBEAT,0,0,0,0,0,0,0x1800FFC0
1777195890.890,143238,6,3,COMMS,255,BROADCAST,0,HEARTBEAT,48,HEARTBEAT,0,0,0,0,0,0,0x1800FFC0
1777195891.904,144252,6,3,COMMS,255,BROADCAST,0,HEARTBEAT,48,HEARTBEAT,0,0,0,0,0,0,0x1800FFC0
1777195892.918,145266,6,3,COMMS,255,BROADCAST,0,HEARTBEAT,48,HEARTBEAT,0,0,0,0,0,0,0x1800FFC0
1777195893.935,146280,6,3,COMMS,255,BROADCAST,0,HEARTBEAT,48,HEARTBEAT,0,0,0,0,0,0,0x1800FFC0
1777195894.956,147294,6,3,COMMS,255,BROADCAST,0,HEARTBEAT,48,HEARTBEAT,0,0,0,0,0,0,0x1800FFC0
1777195895.984,148308,6,3,COMMS,255,BROADCAST,0,HEARTBEAT,48,HEARTBEAT,0,0,0,0,0,0,0x1800FFC0
1777195897.009,149323,6,3,COMMS,255,BROADCAST,0,HEARTBEAT,48,HEARTBEAT,0,0,0,0,0,0,0x1800FFC0
1777195897.991,150339,6,3,COMMS,255,BROADCAST,0,HEARTBEAT,48,HEARTBEAT,0,0,0,0,0,0,0x1800FFC0
1777195899.003,151351,6,3,COMMS,255,BROADCAST,0,HEARTBEAT,48,HEARTBEAT,0,0,0,0,0,0,0x1800FFC0
1777195900.017,152365,6,3,COMMS,255,BROADCAST,0,HEARTBEAT,48,HEARTBEAT,0,0,0,0,0,0,0x1800FFC0
1777195901.034,153380,6,3,COMMS,255,BROADCAST,0,HEARTBEAT,48,HEARTBEAT,0,0,0,0,0,0,0x1800FFC0
1777195902.046,154394,6,3,COMMS,255,BROADCAST,0,HEARTBEAT,48,HEARTBEAT,0,0,0,0,0,0,0x1800FFC0
1777195903.060,155408,6,3,COMMS,255,BROADCAST,0,HEARTBEAT,48,HEARTBEAT,0,0,0,0,0,0,0x1800FFC0
1777195904.076,156423,6,3,COMMS,255,BROADCAST,0,HEARTBEAT,48,HEARTBEAT,0,0,0,0,0,0,0x1800FFC0
1777195905.095,157437,6,3,COMMS,255,BROADCAST,0,HEARTBEAT,48,HEARTBEAT,0,0,0,0,0,0,0x1800FFC0
1777195906.112,158451,6,3,COMMS,255,BROADCAST,0,HEARTBEAT,48,HEARTBEAT,0,0,0,0,0,0,0x1800FFC0
1777195907.147,159465,6,3,COMMS,255,BROADCAST,0,HEARTBEAT,48,HEARTBEAT,0,0,0,0,0,0,0x1800FFC0
1777195908.171,160479,6,3,COMMS,255,BROADCAST,0,HEARTBEAT,48,HEARTBEAT,0,0,0,0,0,0,0x1800FFC0
1777195909.151,161494,6,3,COMMS,255,BROADCAST,0,HEARTBEAT,48,HEARTBEAT,0,0,0,0,0,0,0x1800FFC0
1777195910.160,162508,6,3,COMMS,255,BROADCAST,0,HEARTBEAT,48,HEARTBEAT,0,0,0,0,0,0,0x1800FFC0
1777195911.174,163522,6,3,COMMS,255,BROADCAST,0,HEARTBEAT,48,HEARTBEAT,0,0,0,0,0,0,0x1800FFC0
1777195912.189,164536,6,3,COMMS,255,BROADCAST,0,HEARTBEAT,48,HEARTBEAT,0,0,0,0,0,0,0x1800FFC0
1777195913.202,165550,6,3,COMMS,255,BROADCAST,0,HEARTBEAT,48,HEARTBEAT,0,0,0,0,0,0,0x1800FFC0
1777195914.216,166564,6,3,COMMS,255,BROADCAST,0,HEARTBEAT,48,HEARTBEAT,0,0,0,0,0,0,0x1800FFC0
1777195915.234,167579,6,3,COMMS,255,BROADCAST,0,HEARTBEAT,48,HEARTBEAT,0,0,0,0,0,0,0x1800FFC0
1777195916.251,168593,6,3,COMMS,255,BROADCAST,0,HEARTBEAT,48,HEARTBEAT,0,0,0,0,0,0,0x1800FFC0
1777195917.285,169607,6,3,COMMS,255,BROADCAST,0,HEARTBEAT,48,HEARTBEAT,0,0,0,0,0,0,0x1800FFC0
1777195918.305,170621,6,3,COMMS,255,BROADCAST,0,HEARTBEAT,48,HEARTBEAT,0,0,0,0,0,0,0x1800FFC0
1777195919.288,171635,6,3,COMMS,255,BROADCAST,0,HEARTBEAT,48,HEARTBEAT,0,0,0,0,0,0,0x1800FFC0
1777195920.303,172650,6,3,COMMS,255,BROADCAST,0,HEARTBEAT,48,HEARTBEAT,0,0,0,0,0,0,0x1800FFC0
1777195921.316,173664,6,3,COMMS,255,BROADCAST,0,HEARTBEAT,48,HEARTBEAT,0,0,0,0,0,0,0x1800FFC0
1777195922.330,174678,6,3,COMMS,255,BROADCAST,0,HEARTBEAT,48,HEARTBEAT,0,0,0,0,0,0,0x1800FFC0
1777195923.344,175692,6,3,COMMS,255,BROADCAST,0,HEARTBEAT,48,HEARTBEAT,0,0,0,0,0,0,0x1800FFC0
1777195924.359,176706,6,3,COMMS,255,BROADCAST,0,HEARTBEAT,48,HEARTBEAT,0,0,0,0,0,0,0x1800FFC0
1777195925.373,177720,6,3,COMMS,255,BROADCAST,0,HEARTBEAT,48,HEARTBEAT,0,0,0,0,0,0,0x1800FFC0
1777195926.399,178735,6,3,COMMS,255,BROADCAST,0,HEARTBEAT,48,HEARTBEAT,0,0,0,0,0,0,0x1800FFC0
1777195927.424,179749,6,3,COMMS,255,BROADCAST,0,HEARTBEAT,48,HEARTBEAT,0,0,0,0,0,0,0x1800FFC0
1777195928.440,180763,6,3,COMMS,255,BROADCAST,0,HEARTBEAT,48,HEARTBEAT,0,0,0,0,0,0,0x1800FFC0
1777195929.430,181777,6,3,COMMS,255,BROADCAST,0,HEARTBEAT,48,HEARTBEAT,0,0,0,0,0,0,0x1800FFC0
1777195930.446,182791,6,3,COMMS,255,BROADCAST,0,HEARTBEAT,48,HEARTBEAT,0,0,0,0,0,0,0x1800FFC0
1777195931.458,183805,6,3,COMMS,255,BROADCAST,0,HEARTBEAT,48,HEARTBEAT,0,0,0,0,0,0,0x1800FFC0
1777195932.467,184820,6,3,COMMS,255,BROADCAST,0,HEARTBEAT,48,HEARTBEAT,0,0,0,0,0,0,0x1800FFC0
1777195933.487,185834,6,3,COMMS,255,BROADCAST,0,HEARTBEAT,48,HEARTBEAT,0,0,0,0,0,0,0x1800FFC0
1777195934.501,186848,6,3,COMMS,255,BROADCAST,0,HEARTBEAT,48,HEARTBEAT,0,0,0,0,0,0,0x1800FFC0
1777195935.515,187862,6,3,COMMS,255,BROADCAST,0,HEARTBEAT,48,HEARTBEAT,0,0,0,0,0,0,0x1800FFC0
1777195936.541,188876,6,3,COMMS,255,BROADCAST,0,HEARTBEAT,48,HEARTBEAT,0,0,0,0,0,0,0x1800FFC0
1777195937.563,189891,6,3,COMMS,255,BROADCAST,0,HEARTBEAT,48,HEARTBEAT,0,0,0,0,0,0,0x1800FFC0
1777195938.572,190905,6,3,COMMS,255,BROADCAST,0,HEARTBEAT,48,HEARTBEAT,0,0,0,0,0,0,0x1800FFC0
1777195939.610,191919,6,3,COMMS,255,BROADCAST,0,HEARTBEAT,48,HEARTBEAT,0,0,0,0,0,0,0x1800FFC0
1777195940.585,192933,6,3,COMMS,255,BROADCAST,0,HEARTBEAT,48,HEARTBEAT,0,0,0,0,0,0,0x1800FFC0
1777195941.600,193947,6,3,COMMS,255,BROADCAST,0,HEARTBEAT,48,HEARTBEAT,0,0,0,0,0,0,0x1800FFC0
1777195942.613,194961,6,3,COMMS,255,BROADCAST,0,HEARTBEAT,48,HEARTBEAT,0,0,0,0,0,0,0x1800FFC0
1777195943.618,195975,6,3,COMMS,255,BROADCAST,0,HEARTBEAT,48,HEARTBEAT,0,0,0,0,0,0,0x1800FFC0
1777195944.642,196990,6,3,COMMS,255,BROADCAST,0,HEARTBEAT,48,HEARTBEAT,0,0,0,0,0,0,0x1800FFC0
1777195945.660,198004,6,3,COMMS,255,BROADCAST,0,HEARTBEAT,48,HEARTBEAT,0,0,0,0,0,0,0x1800FFC0
1777195946.673,199018,6,3,COMMS,255,BROADCAST,0,HEARTBEAT,48,HEARTBEAT,0,0,0,0,0,0,0x1800FFC0
1777195947.693,200032,6,3,COMMS,255,BROADCAST,0,HEARTBEAT,48,HEARTBEAT,0,0,0,0,0,0,0x1800FFC0
1777195948.713,201046,6,3,COMMS,255,BROADCAST,0,HEARTBEAT,48,HEARTBEAT,0,0,0,0,0,0,0x1800FFC0
1777195949.747,202060,6,3,COMMS,255,BROADCAST,0,HEARTBEAT,48,HEARTBEAT,0,0,0,0,0,0,0x1800FFC0
1777195950.729,203074,6,3,COMMS,255,BROADCAST,0,HEARTBEAT,48,HEARTBEAT,0,0,0,0,0,0,0x1800FFC0
1777195951.741,204088,6,3,COMMS,255,BROADCAST,0,HEARTBEAT,48,HEARTBEAT,0,0,0,0,0,0,0x1800FFC0
1777195952.755,205102,6,3,COMMS,255,BROADCAST,0,HEARTBEAT,48,HEARTBEAT,0,0,0,0,0,0,0x1800FFC0
1777195953.769,206116,6,3,COMMS,255,BROADCAST,0,HEARTBEAT,48,HEARTBEAT,0,0,0,0,0,0,0x1800FFC0
1777195954.782,207130,6,3,COMMS,255,BROADCAST,0,HEARTBEAT,48,HEARTBEAT,0,0,0,0,0,0,0x1800FFC0
1777195955.798,208145,6,3,COMMS,255,BROADCAST,0,HEARTBEAT,48,HEARTBEAT,0,0,0,0,0,0,0x1800FFC0
1777195956.816,209158,6,3,COMMS,255,BROADCAST,0,HEARTBEAT,48,HEARTBEAT,0,0,0,0,0,0,0x1800FFC0
1777195957.833,210173,6,3,COMMS,255,BROADCAST,0,HEARTBEAT,48,HEARTBEAT,0,0,0,0,0,0,0x1800FFC0
1777195958.860,211187,6,3,COMMS,255,BROADCAST,0,HEARTBEAT,48,HEARTBEAT,0,0,0,0,0,0,0x1800FFC0
1777195959.887,212201,6,3,COMMS,255,BROADCAST,0,HEARTBEAT,48,HEARTBEAT,0,0,0,0,0,0,0x1800FFC0
1777195960.868,213215,6,3,COMMS,255,BROADCAST,0,HEARTBEAT,48,HEARTBEAT,0,0,0,0,0,0,0x1800FFC0
1777195961.883,214229,6,3,COMMS,255,BROADCAST,0,HEARTBEAT,48,HEARTBEAT,0,0,0,0,0,0,0x1800FFC0
1777195962.896,215243,6,3,COMMS,255,BROADCAST,0,HEARTBEAT,48,HEARTBEAT,0,0,0,0,0,0,0x1800FFC0
1777195963.912,216258,6,3,COMMS,255,BROADCAST,0,HEARTBEAT,48,HEARTBEAT,0,0,0,0,0,0,0x1800FFC0
1777195964.919,217272,6,3,COMMS,255,BROADCAST,0,HEARTBEAT,48,HEARTBEAT,0,0,0,0,0,0,0x1800FFC0
1777195965.939,218286,6,3,COMMS,255,BROADCAST,0,HEARTBEAT,48,HEARTBEAT,0,0,0,0,0,0,0x1800FFC0
1777195966.953,219300,6,3,COMMS,255,BROADCAST,0,HEARTBEAT,48,HEARTBEAT,0,0,0,0,0,0,0x1800FFC0
1777195967.968,220314,6,3,COMMS,255,BROADCAST,0,HEARTBEAT,48,HEARTBEAT,0,0,0,0,0,0,0x1800FFC0
1777195968.985,221328,6,3,COMMS,255,BROADCAST,0,HEARTBEAT,48,HEARTBEAT,0,0,0,0,0,0,0x1800FFC0
1777195970.018,222342,6,3,COMMS,255,BROADCAST,0,HEARTBEAT,48,HEARTBEAT,0,0,0,0,0,0,0x1800FFC0
1777195971.041,223356,6,3,COMMS,255,BROADCAST,0,HEARTBEAT,48,HEARTBEAT,0,0,0,0,0,0,0x1800FFC0
1777195972.024,224371,6,3,COMMS,255,BROADCAST,0,HEARTBEAT,48,HEARTBEAT,0,0,0,0,0,0,0x1800FFC0
1777195973.039,225385,6,3,COMMS,255,BROADCAST,0,HEARTBEAT,48,HEARTBEAT,0,0,0,0,0,0,0x1800FFC0
1777195974.052,226399,6,3,COMMS,255,BROADCAST,0,HEARTBEAT,48,HEARTBEAT,0,0,0,0,0,0,0x1800FFC0
1777195975.066,227413,6,3,COMMS,255,BROADCAST,0,HEARTBEAT,48,HEARTBEAT,0,0,0,0,0,0,0x1800FFC0
1777195976.080,228427,6,3,COMMS,255,BROADCAST,0,HEARTBEAT,48,HEARTBEAT,0,0,0,0,0,0,0x1800FFC0
1777195977.091,229428,6,3,COMMS,255,BROADCAST,0,HEARTBEAT,48,HEARTBEAT,0,0,0,0,0,0,0x1800FFC0
1777195978.112,230429,6,3,COMMS,255,BROADCAST,0,HEARTBEAT,48,HEARTBEAT,0,0,0,0,0,0,0x1800FFC0
1777195979.085,231430,6,3,COMMS,255,BROADCAST,0,HEARTBEAT,48,HEARTBEAT,0,0,0,0,0,0,0x1800FFC0
1777195980.071,232431,6,3,COMMS,255,BROADCAST,0,HEARTBEAT,48,HEARTBEAT,0,0,0,0,0,0,0x1800FFC0
1777195981.126,233472,6,3,COMMS,255,BROADCAST,0,HEARTBEAT,48,HEARTBEAT,0,0,0,0,0,0,0x1800FFC0
1777195982.167,234514,6,3,COMMS,255,BROADCAST,0,HEARTBEAT,48,HEARTBEAT,0,0,0,0,0,0,0x1800FFC0
1777195983.234,235556,6,3,COMMS,255,BROADCAST,0,HEARTBEAT,48,HEARTBEAT,0,0,0,0,0,0,0x1800FFC0
1777195984.256,236598,6,3,COMMS,255,BROADCAST,0,HEARTBEAT,48,HEARTBEAT,0,0,0,0,0,0,0x1800FFC0
1777195985.293,237640,6,3,COMMS,255,BROADCAST,0,HEARTBEAT,48,HEARTBEAT,0,0,0,0,0,0,0x1800FFC0
1777195986.336,238682,6,3,COMMS,255,BROADCAST,0,HEARTBEAT,48,HEARTBEAT,0,0,0,0,0,0,0x1800FFC0
1777195987.380,239724,6,3,COMMS,255,BROADCAST,0,HEARTBEAT,48,HEARTBEAT,0,0,0,0,0,0,0x1800FFC0
1777195988.444,240766,6,3,COMMS,255,BROADCAST,0,HEARTBEAT,48,HEARTBEAT,0,0,0,0,0,0,0x1800FFC0
1777195989.483,241808,6,3,COMMS,255,BROADCAST,0,HEARTBEAT,48,HEARTBEAT,0,0,0,0,0,0,0x1800FFC0
1777195990.503,242850,6,3,COMMS,255,BROADCAST,0,HEARTBEAT,48,HEARTBEAT,0,0,0,0,0,0,0x1800FFC0
1777195991.555,243892,6,3,COMMS,255,BROADCAST,0,HEARTBEAT,48,HEARTBEAT,0,0,0,0,0,0,0x1800FFC0
1777195992.587,244934,6,3,COMMS,255,BROADCAST,0,HEARTBEAT,48,HEARTBEAT,0,0,0,0,0,0,0x1800FFC0
1777195993.629,245976,6,3,COMMS,255,BROADCAST,0,HEARTBEAT,48,HEARTBEAT,0,0,0,0,0,0,0x1800FFC0
1777195994.695,247018,6,3,COMMS,255,BROADCAST,0,HEARTBEAT,48,HEARTBEAT,0,0,0,0,0,0,0x1800FFC0
1777195995.728,248060,6,3,COMMS,255,BROADCAST,0,HEARTBEAT,48,HEARTBEAT,0,0,0,0,0,0,0x1800FFC0
1777195996.755,249102,6,3,COMMS,255,BROADCAST,0,HEARTBEAT,48,HEARTBEAT,0,0,0,0,0,0,0x1800FFC0
1777195997.797,250144,6,3,COMMS,255,BROADCAST,0,HEARTBEAT,48,HEARTBEAT,0,0,0,0,0,0,0x1800FFC0
1777195998.900,251207,6,3,COMMS,255,BROADCAST,0,HEARTBEAT,48,HEARTBEAT,0,0,0,0,0,0,0x1800FFC0
1777195999.923,252248,6,3,COMMS,255,BROADCAST,0,HEARTBEAT,48,HEARTBEAT,0,0,0,0,0,0,0x1800FFC0
1777196000.943,253290,6,3,COMMS,255,BROADCAST,0,HEARTBEAT,48,HEARTBEAT,0,0,0,0,0,0,0x1800FFC0
1777196001.984,254331,6,3,COMMS,255,BROADCAST,0,HEARTBEAT,48,HEARTBEAT,0,0,0,0,0,0,0x1800FFC0
1777196003.026,255373,6,3,COMMS,255,BROADCAST,0,HEARTBEAT,48,HEARTBEAT,0,0,0,0,0,0,0x1800FFC0
1777196004.069,256415,6,3,COMMS,255,BROADCAST,0,HEARTBEAT,48,HEARTBEAT,0,0,0,0,0,0,0x1800FFC0
1777196005.147,257457,6,3,COMMS,255,BROADCAST,0,HEARTBEAT,48,HEARTBEAT,0,0,0,0,0,0,0x1800FFC0
1777196006.168,258498,6,3,COMMS,255,BROADCAST,0,HEARTBEAT,48,HEARTBEAT,0,0,0,0,0,0,0x1800FFC0
1777196007.199,259540,6,3,COMMS,255,BROADCAST,0,HEARTBEAT,48,HEARTBEAT,0,0,0,0,0,0,0x1800FFC0
1777196008.235,260581,6,3,COMMS,255,BROADCAST,0,HEARTBEAT,48,HEARTBEAT,0,0,0,0,0,0,0x1800FFC0
1777196009.278,261623,6,3,COMMS,255,BROADCAST,0,HEARTBEAT,48,HEARTBEAT,0,0,0,0,0,0,0x1800FFC0
1777196010.318,262664,6,3,COMMS,255,BROADCAST,0,HEARTBEAT,48,HEARTBEAT,0,0,0,0,0,0,0x1800FFC0
1777196011.394,263706,6,3,COMMS,255,BROADCAST,0,HEARTBEAT,48,HEARTBEAT,0,0,0,0,0,0,0x1800FFC0
1777196012.435,264747,6,3,COMMS,255,BROADCAST,0,HEARTBEAT,48,HEARTBEAT,0,0,0,0,0,0,0x1800FFC0
1777196013.445,265789,6,3,COMMS,255,BROADCAST,0,HEARTBEAT,48,HEARTBEAT,0,0,0,0,0,0,0x1800FFC0
1777196014.483,266830,6,3,COMMS,255,BROADCAST,0,HEARTBEAT,48,HEARTBEAT,0,0,0,0,0,0,0x1800FFC0
1777196015.525,267872,6,3,COMMS,255,BROADCAST,0,HEARTBEAT,48,HEARTBEAT,0,0,0,0,0,0,0x1800FFC0
1777196016.567,268913,6,3,COMMS,255,BROADCAST,0,HEARTBEAT,48,HEARTBEAT,0,0,0,0,0,0,0x1800FFC0
1777196017.639,269955,6,3,COMMS,255,BROADCAST,0,HEARTBEAT,48,HEARTBEAT,0,0,0,0,0,0,0x1800FFC0
1777196018.657,270996,6,3,COMMS,255,BROADCAST,0,HEARTBEAT,48,HEARTBEAT,0,0,0,0,0,0,0x1800FFC0
1777196019.693,272038,6,3,COMMS,255,BROADCAST,0,HEARTBEAT,48,HEARTBEAT,0,0,0,0,0,0,0x1800FFC0
1777196020.732,273079,6,3,COMMS,255,BROADCAST,0,HEARTBEAT,48,HEARTBEAT,0,0,0,0,0,0,0x1800FFC0
1777196021.774,274121,6,3,COMMS,255,BROADCAST,0,HEARTBEAT,48,HEARTBEAT,0,0,0,0,0,0,0x1800FFC0
1777196022.826,275163,6,3,COMMS,255,BROADCAST,0,HEARTBEAT,48,HEARTBEAT,0,0,0,0,0,0,0x1800FFC0
1777196023.888,276205,6,3,COMMS,255,BROADCAST,0,HEARTBEAT,48,HEARTBEAT,0,0,0,0,0,0,0x1800FFC0
1777196024.927,277246,6,3,COMMS,255,BROADCAST,0,HEARTBEAT,48,HEARTBEAT,0,0,0,0,0,0,0x1800FFC0
1777196025.941,278288,6,3,COMMS,255,BROADCAST,0,HEARTBEAT,48,HEARTBEAT,0,0,0,0,0,0,0x1800FFC0
1777196026.993,279329,6,3,COMMS,255,BROADCAST,0,HEARTBEAT,48,HEARTBEAT,0,0,0,0,0,0,0x1800FFC0
1777196028.024,280371,6,3,COMMS,255,BROADCAST,0,HEARTBEAT,48,HEARTBEAT,0,0,0,0,0,0,0x1800FFC0
1777196029.067,281412,6,3,COMMS,255,BROADCAST,0,HEARTBEAT,48,HEARTBEAT,0,0,0,0,0,0,0x1800FFC0
1777196030.139,282454,6,3,COMMS,255,BROADCAST,0,HEARTBEAT,48,HEARTBEAT,0,0,0,0,0,0,0x1800FFC0
1777196031.152,283495,6,3,COMMS,255,BROADCAST,0,HEARTBEAT,48,HEARTBEAT,0,0,0,0,0,0,0x1800FFC0
1777196032.192,284537,6,3,COMMS,255,BROADCAST,0,HEARTBEAT,48,HEARTBEAT,0,0,0,0,0,0,0x1800FFC0
1777196033.233,285578,6,3,COMMS,255,BROADCAST,0,HEARTBEAT,48,HEARTBEAT,0,0,0,0,0,0,0x1800FFC0
1777196034.274,286620,6,3,COMMS,255,BROADCAST,0,HEARTBEAT,48,HEARTBEAT,0,0,0,0,0,0,0x1800FFC0
1777196035.315,287661,6,3,COMMS,255,BROADCAST,0,HEARTBEAT,48,HEARTBEAT,0,0,0,0,0,0,0x1800FFC0
1777196036.383,288703,6,3,COMMS,255,BROADCAST,0,HEARTBEAT,48,HEARTBEAT,0,0,0,0,0,0,0x1800FFC0
1777196037.400,289744,6,3,COMMS,255,BROADCAST,0,HEARTBEAT,48,HEARTBEAT,0,0,0,0,0,0,0x1800FFC0
1777196038.440,290786,6,3,COMMS,255,BROADCAST,0,HEARTBEAT,48,HEARTBEAT,0,0,0,0,0,0,0x1800FFC0
1777196039.481,291827,6,3,COMMS,255,BROADCAST,0,HEARTBEAT,48,HEARTBEAT,0,0,0,0,0,0,0x1800FFC0
1777196040.533,292869,6,3,COMMS,255,BROADCAST,0,HEARTBEAT,48,HEARTBEAT,0,0,0,0,0,0,0x1800FFC0
1777196041.605,293911,6,3,COMMS,255,BROADCAST,0,HEARTBEAT,48,HEARTBEAT,0,0,0,0,0,0,0x1800FFC0
1777196042.630,294953,6,3,COMMS,255,BROADCAST,0,HEARTBEAT,48,HEARTBEAT,0,0,0,0,0,0,0x1800FFC0
1777196043.650,295994,6,3,COMMS,255,BROADCAST,0,HEARTBEAT,48,HEARTBEAT,0,0,0,0,0,0,0x1800FFC0
1777196044.690,297036,6,3,COMMS,255,BROADCAST,0,HEARTBEAT,48,HEARTBEAT,0,0,0,0,0,0,0x1800FFC0
1777196045.732,298077,6,3,COMMS,255,BROADCAST,0,HEARTBEAT,48,HEARTBEAT,0,0,0,0,0,0,0x1800FFC0
1777196046.775,299119,6,3,COMMS,255,BROADCAST,0,HEARTBEAT,48,HEARTBEAT,0,0,0,0,0,0,0x1800FFC0
1777196047.850,300160,6,3,COMMS,255,BROADCAST,0,HEARTBEAT,48,HEARTBEAT,0,0,0,0,0,0,0x1800FFC0
1777196048.877,301223,6,3,COMMS,255,BROADCAST,0,HEARTBEAT,48,HEARTBEAT,0,0,0,0,0,0,0x1800FFC0
1777196049.920,302265,6,3,COMMS,255,BROADCAST,0,HEARTBEAT,48,HEARTBEAT,0,0,0,0,0,0,0x1800FFC0
1777196050.961,303307,6,3,COMMS,255,BROADCAST,0,HEARTBEAT,48,HEARTBEAT,0,0,0,0,0,0,0x1800FFC0
1777196052.003,304349,6,3,COMMS,255,BROADCAST,0,HEARTBEAT,48,HEARTBEAT,0,0,0,0,0,0,0x1800FFC0
1777196053.076,305391,6,3,COMMS,255,BROADCAST,0,HEARTBEAT,48,HEARTBEAT,0,0,0,0,0,0,0x1800FFC0
1777196054.095,306432,6,3,COMMS,255,BROADCAST,0,HEARTBEAT,48,HEARTBEAT,0,0,0,0,0,0,0x1800FFC0
1777196055.128,307474,6,3,COMMS,255,BROADCAST,0,HEARTBEAT,48,HEARTBEAT,0,0,0,0,0,0,0x1800FFC0
1777196056.170,308515,6,3,COMMS,255,BROADCAST,0,HEARTBEAT,48,HEARTBEAT,0,0,0,0,0,0,0x1800FFC0
1777196057.212,309557,6,3,COMMS,255,BROADCAST,0,HEARTBEAT,48,HEARTBEAT,0,0,0,0,0,0,0x1800FFC0
1777196058.254,310599,6,3,COMMS,255,BROADCAST,0,HEARTBEAT,48,HEARTBEAT,0,0,0,0,0,0,0x1800FFC0
1777196059.320,311641,6,3,COMMS,255,BROADCAST,0,HEARTBEAT,48,HEARTBEAT,0,0,0,0,0,0,0x1800FFC0
1777196060.345,312683,6,3,COMMS,255,BROADCAST,0,HEARTBEAT,48,HEARTBEAT,0,0,0,0,0,0,0x1800FFC0
1777196061.380,313725,6,3,COMMS,255,BROADCAST,0,HEARTBEAT,48,HEARTBEAT,0,0,0,0,0,0,0x1800FFC0
1777196062.421,314766,6,3,COMMS,255,BROADCAST,0,HEARTBEAT,48,HEARTBEAT,0,0,0,0,0,0,0x1800FFC0
1777196063.464,315808,6,3,COMMS,255,BROADCAST,0,HEARTBEAT,48,HEARTBEAT,0,0,0,0,0,0,0x1800FFC0
1777196064.527,316849,6,3,COMMS,255,BROADCAST,0,HEARTBEAT,48,HEARTBEAT,0,0,0,0,0,0,0x1800FFC0
1777196065.569,317891,6,3,COMMS,255,BROADCAST,0,HEARTBEAT,48,HEARTBEAT,0,0,0,0,0,0,0x1800FFC0
1777196066.592,318932,6,3,COMMS,255,BROADCAST,0,HEARTBEAT,48,HEARTBEAT,0,0,0,0,0,0,0x1800FFC0
1777196067.628,319974,6,3,COMMS,255,BROADCAST,0,HEARTBEAT,48,HEARTBEAT,0,0,0,0,0,0,0x1800FFC0
1777196068.671,321016,6,3,COMMS,255,BROADCAST,0,HEARTBEAT,48,HEARTBEAT,0,0,0,0,0,0,0x1800FFC0
1777196069.712,322058,6,3,COMMS,255,BROADCAST,0,HEARTBEAT,48,HEARTBEAT,0,0,0,0,0,0,0x1800FFC0
1777196070.794,323100,6,3,COMMS,255,BROADCAST,0,HEARTBEAT,48,HEARTBEAT,0,0,0,0,0,0,0x1800FFC0
1777196071.816,324142,6,3,COMMS,255,BROADCAST,0,HEARTBEAT,48,HEARTBEAT,0,0,0,0,0,0,0x1800FFC0
1777196072.837,325183,6,3,COMMS,255,BROADCAST,0,HEARTBEAT,48,HEARTBEAT,0,0,0,0,0,0,0x1800FFC0
1777196073.879,326225,6,3,COMMS,255,BROADCAST,0,HEARTBEAT,48,HEARTBEAT,0,0,0,0,0,0,0x1800FFC0
1777196074.920,327266,6,3,COMMS,255,BROADCAST,0,HEARTBEAT,48,HEARTBEAT,0,0,0,0,0,0,0x1800FFC0
1777196075.964,328308,6,3,COMMS,255,BROADCAST,0,HEARTBEAT,48,HEARTBEAT,0,0,0,0,0,0,0x1800FFC0
1777196077.025,329349,6,3,COMMS,255,BROADCAST,0,HEARTBEAT,48,HEARTBEAT,0,0,0,0,0,0,0x1800FFC0
1777196078.051,330391,6,3,COMMS,255,BROADCAST,0,HEARTBEAT,48,HEARTBEAT,0,0,0,0,0,0,0x1800FFC0
1777196079.088,331433,6,3,COMMS,255,BROADCAST,0,HEARTBEAT,48,HEARTBEAT,0,0,0,0,0,0,0x1800FFC0
1777196080.130,332475,6,3,COMMS,255,BROADCAST,0,HEARTBEAT,48,HEARTBEAT,0,0,0,0,0,0,0x1800FFC0
1777196081.171,333516,6,3,COMMS,255,BROADCAST,0,HEARTBEAT,48,HEARTBEAT,0,0,0,0,0,0,0x1800FFC0
1777196082.218,334558,6,3,COMMS,255,BROADCAST,0,HEARTBEAT,48,HEARTBEAT,0,0,0,0,0,0,0x1800FFC0
1777196083.275,335599,6,3,COMMS,255,BROADCAST,0,HEARTBEAT,48,HEARTBEAT,0,0,0,0,0,0,0x1800FFC0
1777196084.306,336641,6,3,COMMS,255,BROADCAST,0,HEARTBEAT,48,HEARTBEAT,0,0,0,0,0,0,0x1800FFC0
1777196085.337,337682,6,3,COMMS,255,BROADCAST,0,HEARTBEAT,48,HEARTBEAT,0,0,0,0,0,0,0x1800FFC0
1777196086.379,338724,6,3,COMMS,255,BROADCAST,0,HEARTBEAT,48,HEARTBEAT,0,0,0,0,0,0,0x1800FFC0
1777196087.421,339766,6,3,COMMS,255,BROADCAST,0,HEARTBEAT,48,HEARTBEAT,0,0,0,0,0,0,0x1800FFC0
1777196088.463,340808,6,3,COMMS,255,BROADCAST,0,HEARTBEAT,48,HEARTBEAT,0,0,0,0,0,0,0x1800FFC0
1777196089.526,341850,6,3,COMMS,255,BROADCAST,0,HEARTBEAT,48,HEARTBEAT,0,0,0,0,0,0,0x1800FFC0
1777196090.547,342892,6,3,COMMS,255,BROADCAST,0,HEARTBEAT,48,HEARTBEAT,0,0,0,0,0,0,0x1800FFC0
1777196091.588,343933,6,3,COMMS,255,BROADCAST,0,HEARTBEAT,48,HEARTBEAT,0,0,0,0,0,0,0x1800FFC0
1777196092.630,344975,6,3,COMMS,255,BROADCAST,0,HEARTBEAT,48,HEARTBEAT,0,0,0,0,0,0,0x1800FFC0
1777196093.671,346016,6,3,COMMS,255,BROADCAST,0,HEARTBEAT,48,HEARTBEAT,0,0,0,0,0,0,0x1800FFC0
1777196094.740,347058,6,3,COMMS,255,BROADCAST,0,HEARTBEAT,48,HEARTBEAT,0,0,0,0,0,0,0x1800FFC0
1777196095.777,348099,6,3,COMMS,255,BROADCAST,0,HEARTBEAT,48,HEARTBEAT,0,0,0,0,0,0,0x1800FFC0
1777196096.797,349141,6,3,COMMS,255,BROADCAST,0,HEARTBEAT,48,HEARTBEAT,0,0,0,0,0,0,0x1800FFC0
1777196097.838,350183,6,3,COMMS,255,BROADCAST,0,HEARTBEAT,48,HEARTBEAT,0,0,0,0,0,0,0x1800FFC0
1777196098.904,351246,6,3,COMMS,255,BROADCAST,0,HEARTBEAT,48,HEARTBEAT,0,0,0,0,0,0,0x1800FFC0
1777196099.972,352288,6,3,COMMS,255,BROADCAST,0,HEARTBEAT,48,HEARTBEAT,0,0,0,0,0,0,0x1800FFC0
1777196100.987,353330,6,3,COMMS,255,BROADCAST,0,HEARTBEAT,48,HEARTBEAT,0,0,0,0,0,0,0x1800FFC0
1777196102.026,354371,6,3,COMMS,255,BROADCAST,0,HEARTBEAT,48,HEARTBEAT,0,0,0,0,0,0,0x1800FFC0
1777196103.068,355413,6,3,COMMS,255,BROADCAST,0,HEARTBEAT,48,HEARTBEAT,0,0,0,0,0,0,0x1800FFC0
1777196104.110,356455,6,3,COMMS,255,BROADCAST,0,HEARTBEAT,48,HEARTBEAT,0,0,0,0,0,0,0x1800FFC0
1777196105.155,357497,6,3,COMMS,255,BROADCAST,0,HEARTBEAT,48,HEARTBEAT,0,0,0,0,0,0,0x1800FFC0
1777196106.221,358539,6,3,COMMS,255,BROADCAST,0,HEARTBEAT,48,HEARTBEAT,0,0,0,0,0,0,0x1800FFC0
1777196107.245,359581,6,3,COMMS,255,BROADCAST,0,HEARTBEAT,48,HEARTBEAT,0,0,0,0,0,0,0x1800FFC0
1777196108.279,360623,6,3,COMMS,255,BROADCAST,0,HEARTBEAT,48,HEARTBEAT,0,0,0,0,0,0,0x1800FFC0
1777196109.324,361665,6,3,COMMS,255,BROADCAST,0,HEARTBEAT,48,HEARTBEAT,0,0,0,0,0,0,0x1800FFC0
1777196110.361,362707,6,3,COMMS,255,BROADCAST,0,HEARTBEAT,48,HEARTBEAT,0,0,0,0,0,0,0x1800FFC0
1777196111.456,363749,6,3,COMMS,255,BROADCAST,0,HEARTBEAT,48,HEARTBEAT,0,0,0,0,0,0,0x1800FFC0
1777196112.468,364790,6,3,COMMS,255,BROADCAST,0,HEARTBEAT,48,HEARTBEAT,0,0,0,0,0,0,0x1800FFC0
1777196113.495,365832,6,3,COMMS,255,BROADCAST,0,HEARTBEAT,48,HEARTBEAT,0,0,0,0,0,0,0x1800FFC0
1777196114.529,366874,6,3,COMMS,255,BROADCAST,0,HEARTBEAT,48,HEARTBEAT,0,0,0,0,0,0,0x1800FFC0
1777196115.575,367916,6,3,COMMS,255,BROADCAST,0,HEARTBEAT,48,HEARTBEAT,0,0,0,0,0,0,0x1800FFC0
1777196116.613,368958,6,3,COMMS,255,BROADCAST,0,HEARTBEAT,48,HEARTBEAT,0,0,0,0,0,0,0x1800FFC0
1777196117.695,370000,6,3,COMMS,255,BROADCAST,0,HEARTBEAT,48,HEARTBEAT,0,0,0,0,0,0,0x1800FFC0
1777196118.714,371042,6,3,COMMS,255,BROADCAST,0,HEARTBEAT,48,HEARTBEAT,0,0,0,0,0,0,0x1800FFC0
1777196119.740,372084,6,3,COMMS,255,BROADCAST,0,HEARTBEAT,48,HEARTBEAT,0,0,0,0,0,0,0x1800FFC0
1777196120.780,373125,6,3,COMMS,255,BROADCAST,0,HEARTBEAT,48,HEARTBEAT,0,0,0,0,0,0,0x1800FFC0
1777196121.833,374167,6,3,COMMS,255,BROADCAST,0,HEARTBEAT,48,HEARTBEAT,0,0,0,0,0,0,0x1800FFC0
1777196122.864,375209,6,3,COMMS,255,BROADCAST,0,HEARTBEAT,48,HEARTBEAT,0,0,0,0,0,0,0x1800FFC0
1777196123.938,376251,6,3,COMMS,255,BROADCAST,0,HEARTBEAT,48,HEARTBEAT,0,0,0,0,0,0,0x1800FFC0
1777196124.962,377293,6,3,COMMS,255,BROADCAST,0,HEARTBEAT,48,HEARTBEAT,0,0,0,0,0,0,0x1800FFC0
1777196125.990,378335,6,3,COMMS,255,BROADCAST,0,HEARTBEAT,48,HEARTBEAT,0,0,0,0,0,0,0x1800FFC0
1777196127.033,379377,6,3,COMMS,255,BROADCAST,0,HEARTBEAT,48,HEARTBEAT,0,0,0,0,0,0,0x1800FFC0
1777196128.074,380419,6,3,COMMS,255,BROADCAST,0,HEARTBEAT,48,HEARTBEAT,0,0,0,0,0,0,0x1800FFC0
1777196129.118,381461,6,3,COMMS,255,BROADCAST,0,HEARTBEAT,48,HEARTBEAT,0,0,0,0,0,0,0x1800FFC0
1777196130.179,382503,6,3,COMMS,255,BROADCAST,0,HEARTBEAT,48,HEARTBEAT,0,0,0,0,0,0,0x1800FFC0
1777196131.216,383544,6,3,COMMS,255,BROADCAST,0,HEARTBEAT,48,HEARTBEAT,0,0,0,0,0,0,0x1800FFC0
1777196132.241,384586,6,3,COMMS,255,BROADCAST,0,HEARTBEAT,48,HEARTBEAT,0,0,0,0,0,0,0x1800FFC0
1777196133.284,385628,6,3,COMMS,255,BROADCAST,0,HEARTBEAT,48,HEARTBEAT,0,0,0,0,0,0,0x1800FFC0
1777196134.326,386670,6,3,COMMS,255,BROADCAST,0,HEARTBEAT,48,HEARTBEAT,0,0,0,0,0,0,0x1800FFC0
1777196135.410,387712,6,3,COMMS,255,BROADCAST,0,HEARTBEAT,48,HEARTBEAT,0,0,0,0,0,0,0x1800FFC0
1777196136.436,388754,6,3,COMMS,255,BROADCAST,0,HEARTBEAT,48,HEARTBEAT,0,0,0,0,0,0,0x1800FFC0
1777196137.455,389796,6,3,COMMS,255,BROADCAST,0,HEARTBEAT,48,HEARTBEAT,0,0,0,0,0,0,0x1800FFC0
1777196138.496,390838,6,3,COMMS,255,BROADCAST,0,HEARTBEAT,48,HEARTBEAT,0,0,0,0,0,0,0x1800FFC0
1777196139.535,391879,6,3,COMMS,255,BROADCAST,0,HEARTBEAT,48,HEARTBEAT,0,0,0,0,0,0,0x1800FFC0
1777196140.577,392921,6,3,COMMS,255,BROADCAST,0,HEARTBEAT,48,HEARTBEAT,0,0,0,0,0,0,0x1800FFC0
1777196141.639,393962,6,3,COMMS,255,BROADCAST,0,HEARTBEAT,48,HEARTBEAT,0,0,0,0,0,0,0x1800FFC0
1777196142.679,395004,6,3,COMMS,255,BROADCAST,0,HEARTBEAT,48,HEARTBEAT,0,0,0,0,0,0,0x1800FFC0
1777196143.702,396046,6,3,COMMS,255,BROADCAST,0,HEARTBEAT,48,HEARTBEAT,0,0,0,0,0,0,0x1800FFC0
1777196144.744,397088,6,3,COMMS,255,BROADCAST,0,HEARTBEAT,48,HEARTBEAT,0,0,0,0,0,0,0x1800FFC0
1777196145.786,398130,6,3,COMMS,255,BROADCAST,0,HEARTBEAT,48,HEARTBEAT,0,0,0,0,0,0,0x1800FFC0
1777196146.828,399172,6,3,COMMS,255,BROADCAST,0,HEARTBEAT,48,HEARTBEAT,0,0,0,0,0,0,0x1800FFC0
1777196147.901,400214,6,3,COMMS,255,BROADCAST,0,HEARTBEAT,48,HEARTBEAT,0,0,0,0,0,0,0x1800FFC0
1777196148.933,401277,6,3,COMMS,255,BROADCAST,0,HEARTBEAT,48,HEARTBEAT,0,0,0,0,0,0,0x1800FFC0
1777196149.975,402319,6,3,COMMS,255,BROADCAST,0,HEARTBEAT,48,HEARTBEAT,0,0,0,0,0,0,0x1800FFC0
1777196151.017,403361,6,3,COMMS,255,BROADCAST,0,HEARTBEAT,48,HEARTBEAT,0,0,0,0,0,0,0x1800FFC0
1777196152.094,404403,6,3,COMMS,255,BROADCAST,0,HEARTBEAT,48,HEARTBEAT,0,0,0,0,0,0,0x1800FFC0
1777196153.111,405445,6,3,COMMS,255,BROADCAST,0,HEARTBEAT,48,HEARTBEAT,0,0,0,0,0,0,0x1800FFC0
1777196154.145,406487,6,3,COMMS,255,BROADCAST,0,HEARTBEAT,48,HEARTBEAT,0,0,0,0,0,0,0x1800FFC0
1777196155.185,407529,6,3,COMMS,255,BROADCAST,0,HEARTBEAT,48,HEARTBEAT,0,0,0,0,0,0,0x1800FFC0
1777196156.231,408571,6,3,COMMS,255,BROADCAST,0,HEARTBEAT,48,HEARTBEAT,0,0,0,0,0,0,0x1800FFC0
1777196157.269,409613,6,3,COMMS,255,BROADCAST,0,HEARTBEAT,48,HEARTBEAT,0,0,0,0,0,0,0x1800FFC0
1777196158.345,410655,6,3,COMMS,255,BROADCAST,0,HEARTBEAT,48,HEARTBEAT,0,0,0,0,0,0,0x1800FFC0
1777196159.365,411697,6,3,COMMS,255,BROADCAST,0,HEARTBEAT,48,HEARTBEAT,0,0,0,0,0,0,0x1800FFC0
1777196160.395,412739,6,3,COMMS,255,BROADCAST,0,HEARTBEAT,48,HEARTBEAT,0,0,0,0,0,0,0x1800FFC0
1777196161.437,413781,6,3,COMMS,255,BROADCAST,0,HEARTBEAT,48,HEARTBEAT,0,0,0,0,0,0,0x1800FFC0
1777196162.479,414823,6,3,COMMS,255,BROADCAST,0,HEARTBEAT,48,HEARTBEAT,0,0,0,0,0,0,0x1800FFC0
1777196163.522,415865,6,3,COMMS,255,BROADCAST,0,HEARTBEAT,48,HEARTBEAT,0,0,0,0,0,0,0x1800FFC0
1777196164.592,416907,6,3,COMMS,255,BROADCAST,0,HEARTBEAT,48,HEARTBEAT,0,0,0,0,0,0,0x1800FFC0
1777196165.612,417949,6,3,COMMS,255,BROADCAST,0,HEARTBEAT,48,HEARTBEAT,0,0,0,0,0,0,0x1800FFC0
1777196166.647,418991,6,3,COMMS,255,BROADCAST,0,HEARTBEAT,48,HEARTBEAT,0,0,0,0,0,0,0x1800FFC0
1777196167.689,420033,6,3,COMMS,255,BROADCAST,0,HEARTBEAT,48,HEARTBEAT,0,0,0,0,0,0,0x1800FFC0
1777196168.731,421075,6,3,COMMS,255,BROADCAST,0,HEARTBEAT,48,HEARTBEAT,0,0,0,0,0,0,0x1800FFC0
1777196169.814,422117,6,3,COMMS,255,BROADCAST,0,HEARTBEAT,48,HEARTBEAT,0,0,0,0,0,0,0x1800FFC0
1777196170.837,423159,6,3,COMMS,255,BROADCAST,0,HEARTBEAT,48,HEARTBEAT,0,0,0,0,0,0,0x1800FFC0
1777196171.863,424201,6,3,COMMS,255,BROADCAST,0,HEARTBEAT,48,HEARTBEAT,0,0,0,0,0,0,0x1800FFC0
1777196172.894,425243,6,3,COMMS,255,BROADCAST,0,HEARTBEAT,48,HEARTBEAT,0,0,0,0,0,0,0x1800FFC0
1777196173.942,426285,6,3,COMMS,255,BROADCAST,0,HEARTBEAT,48,HEARTBEAT,0,0,0,0,0,0,0x1800FFC0
1777196174.983,427327,6,3,COMMS,255,BROADCAST,0,HEARTBEAT,48,HEARTBEAT,0,0,0,0,0,0,0x1800FFC0
1777196176.060,428369,6,3,COMMS,255,BROADCAST,0,HEARTBEAT,48,HEARTBEAT,0,0,0,0,0,0,0x1800FFC0
1777196177.081,429411,6,3,COMMS,255,BROADCAST,0,HEARTBEAT,48,HEARTBEAT,0,0,0,0,0,0,0x1800FFC0
1777196178.109,430453,6,3,COMMS,255,BROADCAST,0,HEARTBEAT,48,HEARTBEAT,0,0,0,0,0,0,0x1800FFC0
1777196179.151,431495,6,3,COMMS,255,BROADCAST,0,HEARTBEAT,48,HEARTBEAT,0,0,0,0,0,0,0x1800FFC0
1777196180.195,432537,6,3,COMMS,255,BROADCAST,0,HEARTBEAT,48,HEARTBEAT,0,0,0,0,0,0,0x1800FFC0
1777196181.229,433579,6,3,COMMS,255,BROADCAST,0,HEARTBEAT,48,HEARTBEAT,0,0,0,0,0,0,0x1800FFC0
1777196182.308,434621,6,3,COMMS,255,BROADCAST,0,HEARTBEAT,48,HEARTBEAT,0,0,0,0,0,0,0x1800FFC0
1777196183.325,435663,6,3,COMMS,255,BROADCAST,0,HEARTBEAT,48,HEARTBEAT,0,0,0,0,0,0,0x1800FFC0
1777196184.361,436705,6,3,COMMS,255,BROADCAST,0,HEARTBEAT,48,HEARTBEAT,0,0,0,0,0,0,0x1800FFC0
1777196185.399,437747,6,3,COMMS,255,BROADCAST,0,HEARTBEAT,48,HEARTBEAT,0,0,0,0,0,0,0x1800FFC0
1777196186.445,438789,6,3,COMMS,255,BROADCAST,0,HEARTBEAT,48,HEARTBEAT,0,0,0,0,0,0,0x1800FFC0
1777196187.483,439831,6,3,COMMS,255,BROADCAST,0,HEARTBEAT,48,HEARTBEAT,0,0,0,0,0,0,0x1800FFC0
1777196188.554,440873,6,3,COMMS,255,BROADCAST,0,HEARTBEAT,48,HEARTBEAT,0,0,0,0,0,0,0x1800FFC0
1777196189.572,441915,6,3,COMMS,255,BROADCAST,0,HEARTBEAT,48,HEARTBEAT,0,0,0,0,0,0,0x1800FFC0
1777196190.613,442957,6,3,COMMS,255,BROADCAST,0,HEARTBEAT,48,HEARTBEAT,0,0,0,0,0,0,0x1800FFC0
1777196191.658,443999,6,3,COMMS,255,BROADCAST,0,HEARTBEAT,48,HEARTBEAT,0,0,0,0,0,0,0x1800FFC0
1777196192.697,445041,6,3,COMMS,255,BROADCAST,0,HEARTBEAT,48,HEARTBEAT,0,0,0,0,0,0,0x1800FFC0
1777196193.776,446083,6,3,COMMS,255,BROADCAST,0,HEARTBEAT,48,HEARTBEAT,0,0,0,0,0,0,0x1800FFC0
1777196194.800,447125,6,3,COMMS,255,BROADCAST,0,HEARTBEAT,48,HEARTBEAT,0,0,0,0,0,0,0x1800FFC0
1777196195.824,448167,6,3,COMMS,255,BROADCAST,0,HEARTBEAT,48,HEARTBEAT,0,0,0,0,0,0,0x1800FFC0
1777196196.865,449209,6,3,COMMS,255,BROADCAST,0,HEARTBEAT,48,HEARTBEAT,0,0,0,0,0,0,0x1800FFC0
1777196197.902,450251,6,3,COMMS,255,BROADCAST,0,HEARTBEAT,48,HEARTBEAT,0,0,0,0,0,0,0x1800FFC0
1777196198.986,451314,6,3,COMMS,255,BROADCAST,0,HEARTBEAT,48,HEARTBEAT,0,0,0,0,0,0,0x1800FFC0
1777196200.019,452356,6,3,COMMS,255,BROADCAST,0,HEARTBEAT,48,HEARTBEAT,0,0,0,0,0,0,0x1800FFC0
1777196201.067,453398,6,3,COMMS,255,BROADCAST,0,HEARTBEAT,48,HEARTBEAT,0,0,0,0,0,0,0x1800FFC0
1777196202.099,454440,6,3,COMMS,255,BROADCAST,0,HEARTBEAT,48,HEARTBEAT,0,0,0,0,0,0,0x1800FFC0
1777196203.139,455482,6,3,COMMS,255,BROADCAST,0,HEARTBEAT,48,HEARTBEAT,0,0,0,0,0,0,0x1800FFC0
1777196204.223,456524,6,3,COMMS,255,BROADCAST,0,HEARTBEAT,48,HEARTBEAT,0,0,0,0,0,0,0x1800FFC0
1777196205.245,457566,6,3,COMMS,255,BROADCAST,0,HEARTBEAT,48,HEARTBEAT,0,0,0,0,0,0,0x1800FFC0
1777196206.265,458608,6,3,COMMS,255,BROADCAST,0,HEARTBEAT,48,HEARTBEAT,0,0,0,0,0,0,0x1800FFC0
1777196207.306,459650,6,3,COMMS,255,BROADCAST,0,HEARTBEAT,48,HEARTBEAT,0,0,0,0,0,0,0x1800FFC0
1777196208.354,460692,6,3,COMMS,255,BROADCAST,0,HEARTBEAT,48,HEARTBEAT,0,0,0,0,0,0,0x1800FFC0
1777196209.391,461734,6,3,COMMS,255,BROADCAST,0,HEARTBEAT,48,HEARTBEAT,0,0,0,0,0,0,0x1800FFC0
1777196210.473,462776,6,3,COMMS,255,BROADCAST,0,HEARTBEAT,48,HEARTBEAT,0,0,0,0,0,0,0x1800FFC0
1777196211.494,463818,6,3,COMMS,255,BROADCAST,0,HEARTBEAT,48,HEARTBEAT,0,0,0,0,0,0,0x1800FFC0
1777196212.522,464860,6,3,COMMS,255,BROADCAST,0,HEARTBEAT,48,HEARTBEAT,0,0,0,0,0,0,0x1800FFC0
1777196213.559,465902,6,3,COMMS,255,BROADCAST,0,HEARTBEAT,48,HEARTBEAT,0,0,0,0,0,0,0x1800FFC0
1777196214.601,466944,6,3,COMMS,255,BROADCAST,0,HEARTBEAT,48,HEARTBEAT,0,0,0,0,0,0,0x1800FFC0
1777196215.642,467986,6,3,COMMS,255,BROADCAST,0,HEARTBEAT,48,HEARTBEAT,0,0,0,0,0,0,0x1800FFC0
1777196216.715,469028,6,3,COMMS,255,BROADCAST,0,HEARTBEAT,48,HEARTBEAT,0,0,0,0,0,0,0x1800FFC0
1777196217.739,470070,6,3,COMMS,255,BROADCAST,0,HEARTBEAT,48,HEARTBEAT,0,0,0,0,0,0,0x1800FFC0
1777196218.775,471112,6,3,COMMS,255,BROADCAST,0,HEARTBEAT,48,HEARTBEAT,0,0,0,0,0,0,0x1800FFC0
1777196219.815,472154,6,3,COMMS,255,BROADCAST,0,HEARTBEAT,48,HEARTBEAT,0,0,0,0,0,0,0x1800FFC0
1777196220.853,473196,6,3,COMMS,255,BROADCAST,0,HEARTBEAT,48,HEARTBEAT,0,0,0,0,0,0,0x1800FFC0
1777196221.895,474238,6,3,COMMS,255,BROADCAST,0,HEARTBEAT,48,HEARTBEAT,0,0,0,0,0,0,0x1800FFC0
1777196222.955,475280,6,3,COMMS,255,BROADCAST,0,HEARTBEAT,48,HEARTBEAT,0,0,0,0,0,0,0x1800FFC0
1777196223.982,476322,6,3,COMMS,255,BROADCAST,0,HEARTBEAT,48,HEARTBEAT,0,0,0,0,0,0,0x1800FFC0
1777196225.021,477364,6,3,COMMS,255,BROADCAST,0,HEARTBEAT,48,HEARTBEAT,0,0,0,0,0,0,0x1800FFC0
1777196226.063,478406,6,3,COMMS,255,BROADCAST,0,HEARTBEAT,48,HEARTBEAT,0,0,0,0,0,0,0x1800FFC0
1777196227.106,479448,6,3,COMMS,255,BROADCAST,0,HEARTBEAT,48,HEARTBEAT,0,0,0,0,0,0,0x1800FFC0
1777196228.186,480490,6,3,COMMS,255,BROADCAST,0,HEARTBEAT,48,HEARTBEAT,0,0,0,0,0,0,0x1800FFC0
1777196229.210,481532,6,3,COMMS,255,BROADCAST,0,HEARTBEAT,48,HEARTBEAT,0,0,0,0,0,0,0x1800FFC0
1777196230.232,482574,6,3,COMMS,255,BROADCAST,0,HEARTBEAT,48,HEARTBEAT,0,0,0,0,0,0,0x1800FFC0
1777196231.273,483616,6,3,COMMS,255,BROADCAST,0,HEARTBEAT,48,HEARTBEAT,0,0,0,0,0,0,0x1800FFC0
1777196232.315,484658,6,3,COMMS,255,BROADCAST,0,HEARTBEAT,48,HEARTBEAT,0,0,0,0,0,0,0x1800FFC0
1777196233.358,485700,6,3,COMMS,255,BROADCAST,0,HEARTBEAT,48,HEARTBEAT,0,0,0,0,0,0,0x1800FFC0
1777196234.429,486742,6,3,COMMS,255,BROADCAST,0,HEARTBEAT,48,HEARTBEAT,0,0,0,0,0,0,0x1800FFC0
1777196235.456,487784,6,3,COMMS,255,BROADCAST,0,HEARTBEAT,48,HEARTBEAT,0,0,0,0,0,0,0x1800FFC0
1777196236.483,488826,6,3,COMMS,255,BROADCAST,0,HEARTBEAT,48,HEARTBEAT,0,0,0,0,0,0,0x1800FFC0
1777196237.525,489868,6,3,COMMS,255,BROADCAST,0,HEARTBEAT,48,HEARTBEAT,0,0,0,0,0,0,0x1800FFC0
1777196238.567,490910,6,3,COMMS,255,BROADCAST,0,HEARTBEAT,48,HEARTBEAT,0,0,0,0,0,0,0x1800FFC0
1777196239.609,491952,6,3,COMMS,255,BROADCAST,0,HEARTBEAT,48,HEARTBEAT,0,0,0,0,0,0,0x1800FFC0
1777196240.676,492994,6,3,COMMS,255,BROADCAST,0,HEARTBEAT,48,HEARTBEAT,0,0,0,0,0,0,0x1800FFC0
1777196241.694,494036,6,3,COMMS,255,BROADCAST,0,HEARTBEAT,48,HEARTBEAT,0,0,0,0,0,0,0x1800FFC0
1777196242.735,495078,6,3,COMMS,255,BROADCAST,0,HEARTBEAT,48,HEARTBEAT,0,0,0,0,0,0,0x1800FFC0
1777196243.778,496120,6,3,COMMS,255,BROADCAST,0,HEARTBEAT,48,HEARTBEAT,0,0,0,0,0,0,0x1800FFC0
1777196244.801,497142,6,3,COMMS,255,BROADCAST,0,HEARTBEAT,48,HEARTBEAT,0,0,0,0,0,0,0x1800FFC0
1777196245.827,498167,6,3,COMMS,255,BROADCAST,0,HEARTBEAT,48,HEARTBEAT,0,0,0,0,0,0,0x1800FFC0
1777196246.854,499196,6,3,COMMS,255,BROADCAST,0,HEARTBEAT,48,HEARTBEAT,0,0,0,0,0,0,0x1800FFC0
1777196247.868,500210,6,3,COMMS,255,BROADCAST,0,HEARTBEAT,48,HEARTBEAT,0,0,0,0,0,0,0x1800FFC0
1777196248.878,501225,6,3,COMMS,255,BROADCAST,0,HEARTBEAT,48,HEARTBEAT,0,0,0,0,0,0,0x1800FFC0
1777196249.897,502239,6,3,COMMS,255,BROADCAST,0,HEARTBEAT,48,HEARTBEAT,0,0,0,0,0,0,0x1800FFC0
1777196250.911,503253,6,3,COMMS,255,BROADCAST,0,HEARTBEAT,48,HEARTBEAT,0,0,0,0,0,0,0x1800FFC0
1777196251.934,504267,6,3,COMMS,255,BROADCAST,0,HEARTBEAT,48,HEARTBEAT,0,0,0,0,0,0,0x1800FFC0
1777196252.968,505282,6,3,COMMS,255,BROADCAST,0,HEARTBEAT,48,HEARTBEAT,0,0,0,0,0,0,0x1800FFC0
1777196253.990,506296,6,3,COMMS,255,BROADCAST,0,HEARTBEAT,48,HEARTBEAT,0,0,0,0,0,0,0x1800FFC0
1777196254.969,507310,6,3,COMMS,255,BROADCAST,0,HEARTBEAT,48,HEARTBEAT,0,0,0,0,0,0,0x1800FFC0
1777196255.984,508325,6,3,COMMS,255,BROADCAST,0,HEARTBEAT,48,HEARTBEAT,0,0,0,0,0,0,0x1800FFC0
1777196256.997,509339,6,3,COMMS,255,BROADCAST,0,HEARTBEAT,48,HEARTBEAT,0,0,0,0,0,0,0x1800FFC0
1777196258.012,510353,6,3,COMMS,255,BROADCAST,0,HEARTBEAT,48,HEARTBEAT,0,0,0,0,0,0,0x1800FFC0
1777196259.026,511368,6,3,COMMS,255,BROADCAST,0,HEARTBEAT,48,HEARTBEAT,0,0,0,0,0,0,0x1800FFC0
1777196260.039,512382,6,3,COMMS,255,BROADCAST,0,HEARTBEAT,48,HEARTBEAT,0,0,0,0,0,0,0x1800FFC0
1777196261.055,513396,6,3,COMMS,255,BROADCAST,0,HEARTBEAT,48,HEARTBEAT,0,0,0,0,0,0,0x1800FFC0
1777196262.079,514410,6,3,COMMS,255,BROADCAST,0,HEARTBEAT,48,HEARTBEAT,0,0,0,0,0,0,0x1800FFC0
1777196263.103,515425,6,3,COMMS,255,BROADCAST,0,HEARTBEAT,48,HEARTBEAT,0,0,0,0,0,0,0x1800FFC0
1777196264.131,516439,6,3,COMMS,255,BROADCAST,0,HEARTBEAT,48,HEARTBEAT,0,0,0,0,0,0,0x1800FFC0
1777196265.143,517453,6,3,COMMS,255,BROADCAST,0,HEARTBEAT,48,HEARTBEAT,0,0,0,0,0,0,0x1800FFC0
1777196266.125,518467,6,3,COMMS,255,BROADCAST,0,HEARTBEAT,48,HEARTBEAT,0,0,0,0,0,0,0x1800FFC0
1777196267.140,519482,6,3,COMMS,255,BROADCAST,0,HEARTBEAT,48,HEARTBEAT,0,0,0,0,0,0,0x1800FFC0
1777196268.154,520496,6,3,COMMS,255,BROADCAST,0,HEARTBEAT,48,HEARTBEAT,0,0,0,0,0,0,0x1800FFC0
1777196269.168,521510,6,3,COMMS,255,BROADCAST,0,HEARTBEAT,48,HEARTBEAT,0,0,0,0,0,0,0x1800FFC0
1777196270.183,522524,6,3,COMMS,255,BROADCAST,0,HEARTBEAT,48,HEARTBEAT,0,0,0,0,0,0,0x1800FFC0
1777196271.199,523538,6,3,COMMS,255,BROADCAST,0,HEARTBEAT,48,HEARTBEAT,0,0,0,0,0,0,0x1800FFC0
1777196272.211,524553,6,3,COMMS,255,BROADCAST,0,HEARTBEAT,48,HEARTBEAT,0,0,0,0,0,0,0x1800FFC0
1777196273.239,525567,6,3,COMMS,255,BROADCAST,0,HEARTBEAT,48,HEARTBEAT,0,0,0,0,0,0,0x1800FFC0
1777196274.267,526581,6,3,COMMS,255,BROADCAST,0,HEARTBEAT,48,HEARTBEAT,0,0,0,0,0,0,0x1800FFC0
1777196275.287,527596,6,3,COMMS,255,BROADCAST,0,HEARTBEAT,48,HEARTBEAT,0,0,0,0,0,0,0x1800FFC0
1777196276.268,528610,6,3,COMMS,255,BROADCAST,0,HEARTBEAT,48,HEARTBEAT,0,0,0,0,0,0,0x1800FFC0
1777196277.297,529624,6,3,COMMS,255,BROADCAST,0,HEARTBEAT,48,HEARTBEAT,0,0,0,0,0,0,0x1800FFC0
1777196278.307,530638,6,3,COMMS,255,BROADCAST,0,HEARTBEAT,48,HEARTBEAT,0,0,0,0,0,0,0x1800FFC0
1777196279.310,531652,6,3,COMMS,255,BROADCAST,0,HEARTBEAT,48,HEARTBEAT,0,0,0,0,0,0,0x1800FFC0
1777196280.325,532666,6,3,COMMS,255,BROADCAST,0,HEARTBEAT,48,HEARTBEAT,0,0,0,0,0,0,0x1800FFC0
1777196281.341,533681,6,3,COMMS,255,BROADCAST,0,HEARTBEAT,48,HEARTBEAT,0,0,0,0,0,0,0x1800FFC0
1777196282.381,534695,6,3,COMMS,255,BROADCAST,0,HEARTBEAT,48,HEARTBEAT,0,0,0,0,0,0,0x1800FFC0
1777196283.410,535709,6,3,COMMS,255,BROADCAST,0,HEARTBEAT,48,HEARTBEAT,0,0,0,0,0,0,0x1800FFC0
1777196284.410,536723,6,3,COMMS,255,BROADCAST,0,HEARTBEAT,48,HEARTBEAT,0,0,0,0,0,0,0x1800FFC0
1777196285.427,537737,6,3,COMMS,255,BROADCAST,0,HEARTBEAT,48,HEARTBEAT,0,0,0,0,0,0,0x1800FFC0
1777196286.449,538751,6,3,COMMS,255,BROADCAST,0,HEARTBEAT,48,HEARTBEAT,0,0,0,0,0,0,0x1800FFC0
1777196287.424,539765,6,3,COMMS,255,BROADCAST,0,HEARTBEAT,48,HEARTBEAT,0,0,0,0,0,0,0x1800FFC0
1777196288.439,540780,6,3,COMMS,255,BROADCAST,0,HEARTBEAT,48,HEARTBEAT,0,0,0,0,0,0,0x1800FFC0
1777196289.453,541794,6,3,COMMS,255,BROADCAST,0,HEARTBEAT,48,HEARTBEAT,0,0,0,0,0,0,0x1800FFC0
1777196290.467,542808,6,3,COMMS,255,BROADCAST,0,HEARTBEAT,48,HEARTBEAT,0,0,0,0,0,0,0x1800FFC0
1777196291.481,543822,6,3,COMMS,255,BROADCAST,0,HEARTBEAT,48,HEARTBEAT,0,0,0,0,0,0,0x1800FFC0
1777196292.494,544836,6,3,COMMS,255,BROADCAST,0,HEARTBEAT,48,HEARTBEAT,0,0,0,0,0,0,0x1800FFC0
1777196293.513,545850,6,3,COMMS,255,BROADCAST,0,HEARTBEAT,48,HEARTBEAT,0,0,0,0,0,0,0x1800FFC0
1777196294.548,546864,6,3,COMMS,255,BROADCAST,0,HEARTBEAT,48,HEARTBEAT,0,0,0,0,0,0,0x1800FFC0
1777196295.566,547879,6,3,COMMS,255,BROADCAST,0,HEARTBEAT,48,HEARTBEAT,0,0,0,0,0,0,0x1800FFC0
1777196296.580,548893,6,3,COMMS,255,BROADCAST,0,HEARTBEAT,48,HEARTBEAT,0,0,0,0,0,0,0x1800FFC0
1777196297.566,549907,6,3,COMMS,255,BROADCAST,0,HEARTBEAT,48,HEARTBEAT,0,0,0,0,0,0,0x1800FFC0
1777196298.581,550922,6,3,COMMS,255,BROADCAST,0,HEARTBEAT,48,HEARTBEAT,0,0,0,0,0,0,0x1800FFC0
1777196299.619,551960,6,3,COMMS,255,BROADCAST,0,HEARTBEAT,48,HEARTBEAT,0,0,0,0,0,0,0x1800FFC0
1777196300.674,552989,6,3,COMMS,255,BROADCAST,0,HEARTBEAT,48,HEARTBEAT,0,0,0,0,0,0,0x1800FFC0
1777196301.662,554003,6,3,COMMS,255,BROADCAST,0,HEARTBEAT,48,HEARTBEAT,0,0,0,0,0,0,0x1800FFC0
1777196302.663,555017,6,3,COMMS,255,BROADCAST,0,HEARTBEAT,48,HEARTBEAT,0,0,0,0,0,0,0x1800FFC0
1777196303.690,556031,6,3,COMMS,255,BROADCAST,0,HEARTBEAT,48,HEARTBEAT,0,0,0,0,0,0,0x1800FFC0
1777196304.692,557046,6,3,COMMS,255,BROADCAST,0,HEARTBEAT,48,HEARTBEAT,0,0,0,0,0,0,0x1800FFC0
1777196305.719,558060,6,3,COMMS,255,BROADCAST,0,HEARTBEAT,48,HEARTBEAT,0,0,0,0,0,0,0x1800FFC0
1777196306.735,559074,6,3,COMMS,255,BROADCAST,0,HEARTBEAT,48,HEARTBEAT,0,0,0,0,0,0,0x1800FFC0
1777196307.743,560088,6,3,COMMS,255,BROADCAST,0,HEARTBEAT,48,HEARTBEAT,0,0,0,0,0,0,0x1800FFC0
1777196308.781,561102,6,3,COMMS,255,BROADCAST,0,HEARTBEAT,48,HEARTBEAT,0,0,0,0,0,0,0x1800FFC0
1777196309.799,562116,6,3,COMMS,255,BROADCAST,0,HEARTBEAT,48,HEARTBEAT,0,0,0,0,0,0,0x1800FFC0
1777196310.824,563131,6,3,COMMS,255,BROADCAST,0,HEARTBEAT,48,HEARTBEAT,0,0,0,0,0,0,0x1800FFC0
1777196311.804,564145,6,3,COMMS,255,BROADCAST,0,HEARTBEAT,48,HEARTBEAT,0,0,0,0,0,0,0x1800FFC0
1777196312.818,565159,6,3,COMMS,255,BROADCAST,0,HEARTBEAT,48,HEARTBEAT,0,0,0,0,0,0,0x1800FFC0
1777196313.832,566173,6,3,COMMS,255,BROADCAST,0,HEARTBEAT,48,HEARTBEAT,0,0,0,0,0,0,0x1800FFC0
1777196314.845,567187,6,3,COMMS,255,BROADCAST,0,HEARTBEAT,48,HEARTBEAT,0,0,0,0,0,0,0x1800FFC0
1777196315.860,568201,6,3,COMMS,255,BROADCAST,0,HEARTBEAT,48,HEARTBEAT,0,0,0,0,0,0,0x1800FFC0
1777196316.879,569216,6,3,COMMS,255,BROADCAST,0,HEARTBEAT,48,HEARTBEAT,0,0,0,0,0,0,0x1800FFC0
1777196317.889,570230,6,3,COMMS,255,BROADCAST,0,HEARTBEAT,48,HEARTBEAT,0,0,0,0,0,0,0x1800FFC0
1777196318.904,571244,6,3,COMMS,255,BROADCAST,0,HEARTBEAT,48,HEARTBEAT,0,0,0,0,0,0,0x1800FFC0
1777196319.938,572258,6,3,COMMS,255,BROADCAST,0,HEARTBEAT,48,HEARTBEAT,0,0,0,0,0,0,0x1800FFC0
1777196320.953,573272,6,3,COMMS,255,BROADCAST,0,HEARTBEAT,48,HEARTBEAT,0,0,0,0,0,0,0x1800FFC0
1777196321.989,574286,6,3,COMMS,255,BROADCAST,0,HEARTBEAT,48,HEARTBEAT,0,0,0,0,0,0,0x1800FFC0
1777196322.960,575300,6,3,COMMS,255,BROADCAST,0,HEARTBEAT,48,HEARTBEAT,0,0,0,0,0,0,0x1800FFC0
1777196323.975,576315,6,3,COMMS,255,BROADCAST,0,HEARTBEAT,48,HEARTBEAT,0,0,0,0,0,0,0x1800FFC0
1777196324.988,577329,6,3,COMMS,255,BROADCAST,0,HEARTBEAT,48,HEARTBEAT,0,0,0,0,0,0,0x1800FFC0
1777196326.003,578343,6,3,COMMS,255,BROADCAST,0,HEARTBEAT,48,HEARTBEAT,0,0,0,0,0,0,0x1800FFC0
1777196327.016,579357,6,3,COMMS,255,BROADCAST,0,HEARTBEAT,48,HEARTBEAT,0,0,0,0,0,0,0x1800FFC0
1777196328.031,580371,6,3,COMMS,255,BROADCAST,0,HEARTBEAT,48,HEARTBEAT,0,0,0,0,0,0,0x1800FFC0
1777196329.042,581385,6,3,COMMS,255,BROADCAST,0,HEARTBEAT,48,HEARTBEAT,0,0,0,0,0,0,0x1800FFC0
1777196330.072,582399,6,3,COMMS,255,BROADCAST,0,HEARTBEAT,48,HEARTBEAT,0,0,0,0,0,0,0x1800FFC0
1777196331.100,583413,6,3,COMMS,255,BROADCAST,0,HEARTBEAT,48,HEARTBEAT,0,0,0,0,0,0,0x1800FFC0
1777196332.122,584427,6,3,COMMS,255,BROADCAST,0,HEARTBEAT,48,HEARTBEAT,0,0,0,0,0,0,0x1800FFC0
1777196333.149,585442,6,3,COMMS,255,BROADCAST,0,HEARTBEAT,48,HEARTBEAT,0,0,0,0,0,0,0x1800FFC0
1777196334.115,586456,6,3,COMMS,255,BROADCAST,0,HEARTBEAT,48,HEARTBEAT,0,0,0,0,0,0,0x1800FFC0
1777196335.130,587470,6,3,COMMS,255,BROADCAST,0,HEARTBEAT,48,HEARTBEAT,0,0,0,0,0,0,0x1800FFC0
1777196336.144,588484,6,3,COMMS,255,BROADCAST,0,HEARTBEAT,48,HEARTBEAT,0,0,0,0,0,0,0x1800FFC0
1777196337.157,589498,6,3,COMMS,255,BROADCAST,0,HEARTBEAT,48,HEARTBEAT,0,0,0,0,0,0,0x1800FFC0
1777196338.171,590512,6,3,COMMS,255,BROADCAST,0,HEARTBEAT,48,HEARTBEAT,0,0,0,0,0,0,0x1800FFC0
1777196339.187,591526,6,3,COMMS,255,BROADCAST,0,HEARTBEAT,48,HEARTBEAT,0,0,0,0,0,0,0x1800FFC0
1777196340.212,592540,6,3,COMMS,255,BROADCAST,0,HEARTBEAT,48,HEARTBEAT,0,0,0,0,0,0,0x1800FFC0
1777196341.239,593555,6,3,COMMS,255,BROADCAST,0,HEARTBEAT,48,HEARTBEAT,0,0,0,0,0,0,0x1800FFC0
1777196342.255,594569,6,3,COMMS,255,BROADCAST,0,HEARTBEAT,48,HEARTBEAT,0,0,0,0,0,0,0x1800FFC0
1777196343.242,595583,6,3,COMMS,255,BROADCAST,0,HEARTBEAT,48,HEARTBEAT,0,0,0,0,0,0,0x1800FFC0
1777196344.248,596597,6,3,COMMS,255,BROADCAST,0,HEARTBEAT,48,HEARTBEAT,0,0,0,0,0,0,0x1800FFC0
1777196345.271,597611,6,3,COMMS,255,BROADCAST,0,HEARTBEAT,48,HEARTBEAT,0,0,0,0,0,0,0x1800FFC0
1777196346.284,598625,6,3,COMMS,255,BROADCAST,0,HEARTBEAT,48,HEARTBEAT,0,0,0,0,0,0,0x1800FFC0
1777196347.299,599639,6,3,COMMS,255,BROADCAST,0,HEARTBEAT,48,HEARTBEAT,0,0,0,0,0,0,0x1800FFC0
1777196348.315,600655,6,3,COMMS,255,BROADCAST,0,HEARTBEAT,48,HEARTBEAT,0,0,0,0,0,0,0x1800FFC0
1777196349.328,601668,6,3,COMMS,255,BROADCAST,0,HEARTBEAT,48,HEARTBEAT,0,0,0,0,0,0,0x1800FFC0
1777196350.342,602682,6,3,COMMS,255,BROADCAST,0,HEARTBEAT,48,HEARTBEAT,0,0,0,0,0,0,0x1800FFC0
1777196351.372,603696,6,3,COMMS,255,BROADCAST,0,HEARTBEAT,48,HEARTBEAT,0,0,0,0,0,0,0x1800FFC0
1777196352.423,604710,6,3,COMMS,255,BROADCAST,0,HEARTBEAT,48,HEARTBEAT,0,0,0,0,0,0,0x1800FFC0
1777196353.445,605724,6,3,COMMS,255,BROADCAST,0,HEARTBEAT,48,HEARTBEAT,0,0,0,0,0,0,0x1800FFC0
1777196354.398,606738,6,3,COMMS,255,BROADCAST,0,HEARTBEAT,48,HEARTBEAT,0,0,0,0,0,0,0x1800FFC0
1777196355.402,607752,6,3,COMMS,255,BROADCAST,0,HEARTBEAT,48,HEARTBEAT,0,0,0,0,0,0,0x1800FFC0
1777196356.425,608766,6,3,COMMS,255,BROADCAST,0,HEARTBEAT,48,HEARTBEAT,0,0,0,0,0,0,0x1800FFC0
1777196357.440,609780,6,3,COMMS,255,BROADCAST,0,HEARTBEAT,48,HEARTBEAT,0,0,0,0,0,0,0x1800FFC0
1777196358.458,610794,6,3,COMMS,255,BROADCAST,0,HEARTBEAT,48,HEARTBEAT,0,0,0,0,0,0,0x1800FFC0
1777196359.468,611808,6,3,COMMS,255,BROADCAST,0,HEARTBEAT,48,HEARTBEAT,0,0,0,0,0,0,0x1800FFC0
1777196360.483,612822,6,3,COMMS,255,BROADCAST,0,HEARTBEAT,48,HEARTBEAT,0,0,0,0,0,0,0x1800FFC0
1777196361.513,613836,6,3,COMMS,255,BROADCAST,0,HEARTBEAT,48,HEARTBEAT,0,0,0,0,0,0,0x1800FFC0
1777196362.537,614850,6,3,COMMS,255,BROADCAST,0,HEARTBEAT,48,HEARTBEAT,0,0,0,0,0,0,0x1800FFC0
1777196363.563,615864,6,3,COMMS,255,BROADCAST,0,HEARTBEAT,48,HEARTBEAT,0,0,0,0,0,0,0x1800FFC0
1777196364.538,616878,6,3,COMMS,255,BROADCAST,0,HEARTBEAT,48,HEARTBEAT,0,0,0,0,0,0,0x1800FFC0
1777196365.553,617893,6,3,COMMS,255,BROADCAST,0,HEARTBEAT,48,HEARTBEAT,0,0,0,0,0,0,0x1800FFC0
1777196366.566,618907,6,3,COMMS,255,BROADCAST,0,HEARTBEAT,48,HEARTBEAT,0,0,0,0,0,0,0x1800FFC0
1777196367.582,619921,6,3,COMMS,255,BROADCAST,0,HEARTBEAT,48,HEARTBEAT,0,0,0,0,0,0,0x1800FFC0
1777196368.596,620935,6,3,COMMS,255,BROADCAST,0,HEARTBEAT,48,HEARTBEAT,0,0,0,0,0,0,0x1800FFC0
1777196369.609,621949,6,3,COMMS,255,BROADCAST,0,HEARTBEAT,48,HEARTBEAT,0,0,0,0,0,0,0x1800FFC0
1777196370.624,622963,6,3,COMMS,255,BROADCAST,0,HEARTBEAT,48,HEARTBEAT,0,0,0,0,0,0,0x1800FFC0
1777196371.642,623977,6,3,COMMS,255,BROADCAST,0,HEARTBEAT,48,HEARTBEAT,0,0,0,0,0,0,0x1800FFC0
1777196372.670,624991,6,3,COMMS,255,BROADCAST,0,HEARTBEAT,48,HEARTBEAT,0,0,0,0,0,0,0x1800FFC0
1777196373.700,626005,6,3,COMMS,255,BROADCAST,0,HEARTBEAT,48,HEARTBEAT,0,0,0,0,0,0,0x1800FFC0
1777196374.674,627019,6,3,COMMS,255,BROADCAST,0,HEARTBEAT,48,HEARTBEAT,0,0,0,0,0,0,0x1800FFC0
1777196375.694,628033,6,3,COMMS,255,BROADCAST,0,HEARTBEAT,48,HEARTBEAT,0,0,0,0,0,0,0x1800FFC0
1777196376.704,629047,6,3,COMMS,255,BROADCAST,0,HEARTBEAT,48,HEARTBEAT,0,0,0,0,0,0,0x1800FFC0
1777196377.723,630062,6,3,COMMS,255,BROADCAST,0,HEARTBEAT,48,HEARTBEAT,0,0,0,0,0,0,0x1800FFC0
1777196378.735,631075,6,3,COMMS,255,BROADCAST,0,HEARTBEAT,48,HEARTBEAT,0,0,0,0,0,0,0x1800FFC0
1777196379.750,632090,6,3,COMMS,255,BROADCAST,0,HEARTBEAT,48,HEARTBEAT,0,0,0,0,0,0,0x1800FFC0
1777196380.763,633104,6,3,COMMS,255,BROADCAST,0,HEARTBEAT,48,HEARTBEAT,0,0,0,0,0,0,0x1800FFC0
1777196381.788,634118,6,3,COMMS,255,BROADCAST,0,HEARTBEAT,48,HEARTBEAT,0,0,0,0,0,0,0x1800FFC0
1777196382.824,635132,6,3,COMMS,255,BROADCAST,0,HEARTBEAT,48,HEARTBEAT,0,0,0,0,0,0,0x1800FFC0
1777196383.830,636146,6,3,COMMS,255,BROADCAST,0,HEARTBEAT,48,HEARTBEAT,0,0,0,0,0,0,0x1800FFC0
1777196384.859,637160,6,3,COMMS,255,BROADCAST,0,HEARTBEAT,48,HEARTBEAT,0,0,0,0,0,0,0x1800FFC0
1777196385.832,638174,6,3,COMMS,255,BROADCAST,0,HEARTBEAT,48,HEARTBEAT,0,0,0,0,0,0,0x1800FFC0
1777196386.835,639188,6,3,COMMS,255,BROADCAST,0,HEARTBEAT,48,HEARTBEAT,0,0,0,0,0,0,0x1800FFC0
1777196387.862,640202,6,3,COMMS,255,BROADCAST,0,HEARTBEAT,48,HEARTBEAT,0,0,0,0,0,0,0x1800FFC0
1777196388.876,641216,6,3,COMMS,255,BROADCAST,0,HEARTBEAT,48,HEARTBEAT,0,0,0,0,0,0,0x1800FFC0
1777196389.890,642230,6,3,COMMS,255,BROADCAST,0,HEARTBEAT,48,HEARTBEAT,0,0,0,0,0,0,0x1800FFC0
1777196390.904,643244,6,3,COMMS,255,BROADCAST,0,HEARTBEAT,48,HEARTBEAT,0,0,0,0,0,0,0x1800FFC0
1777196391.926,644258,6,3,COMMS,255,BROADCAST,0,HEARTBEAT,48,HEARTBEAT,0,0,0,0,0,0,0x1800FFC0
1777196392.951,645272,6,3,COMMS,255,BROADCAST,0,HEARTBEAT,48,HEARTBEAT,0,0,0,0,0,0,0x1800FFC0
1777196393.974,646286,6,3,COMMS,255,BROADCAST,0,HEARTBEAT,48,HEARTBEAT,0,0,0,0,0,0,0x1800FFC0
1777196395.000,647300,6,3,COMMS,255,BROADCAST,0,HEARTBEAT,48,HEARTBEAT,0,0,0,0,0,0,0x1800FFC0
1777196395.963,648314,6,3,COMMS,255,BROADCAST,0,HEARTBEAT,48,HEARTBEAT,0,0,0,0,0,0,0x1800FFC0
1777196396.989,649328,6,3,COMMS,255,BROADCAST,0,HEARTBEAT,48,HEARTBEAT,0,0,0,0,0,0,0x1800FFC0
1777196398.002,650342,6,3,COMMS,255,BROADCAST,0,HEARTBEAT,48,HEARTBEAT,0,0,0,0,0,0,0x1800FFC0
1777196399.004,651344,6,3,COMMS,255,BROADCAST,0,HEARTBEAT,48,HEARTBEAT,0,0,0,0,0,0,0x1800FFC0
1777196400.042,652382,6,3,COMMS,255,BROADCAST,0,HEARTBEAT,48,HEARTBEAT,0,0,0,0,0,0,0x1800FFC0
1777196401.072,653411,6,3,COMMS,255,BROADCAST,0,HEARTBEAT,48,HEARTBEAT,0,0,0,0,0,0,0x1800FFC0
1777196402.086,654425,6,3,COMMS,255,BROADCAST,0,HEARTBEAT,48,HEARTBEAT,0,0,0,0,0,0,0x1800FFC0
1777196403.095,655440,6,3,COMMS,255,BROADCAST,0,HEARTBEAT,48,HEARTBEAT,0,0,0,0,0,0,0x1800FFC0
1777196404.115,656454,6,3,COMMS,255,BROADCAST,0,HEARTBEAT,48,HEARTBEAT,0,0,0,0,0,0,0x1800FFC0
1777196405.131,657468,6,3,COMMS,255,BROADCAST,0,HEARTBEAT,48,HEARTBEAT,0,0,0,0,0,0,0x1800FFC0
1777196406.162,658482,6,3,COMMS,255,BROADCAST,0,HEARTBEAT,48,HEARTBEAT,0,0,0,0,0,0,0x1800FFC0
1777196407.192,659496,6,3,COMMS,255,BROADCAST,0,HEARTBEAT,48,HEARTBEAT,0,0,0,0,0,0,0x1800FFC0
1777196408.209,660510,6,3,COMMS,255,BROADCAST,0,HEARTBEAT,48,HEARTBEAT,0,0,0,0,0,0,0x1800FFC0
1777196409.187,661524,6,3,COMMS,255,BROADCAST,0,HEARTBEAT,48,HEARTBEAT,0,0,0,0,0,0,0x1800FFC0
1777196410.198,662538,6,3,COMMS,255,BROADCAST,0,HEARTBEAT,48,HEARTBEAT,0,0,0,0,0,0,0x1800FFC0
1777196411.219,663552,6,3,COMMS,255,BROADCAST,0,HEARTBEAT,48,HEARTBEAT,0,0,0,0,0,0,0x1800FFC0
1777196412.226,664566,6,3,COMMS,255,BROADCAST,0,HEARTBEAT,48,HEARTBEAT,0,0,0,0,0,0,0x1800FFC0
1777196413.246,665580,6,3,COMMS,255,BROADCAST,0,HEARTBEAT,48,HEARTBEAT,0,0,0,0,0,0,0x1800FFC0
1777196414.254,666594,6,3,COMMS,255,BROADCAST,0,HEARTBEAT,48,HEARTBEAT,0,0,0,0,0,0,0x1800FFC0
1777196415.270,667609,6,3,COMMS,255,BROADCAST,0,HEARTBEAT,48,HEARTBEAT,0,0,0,0,0,0,0x1800FFC0
1777196416.287,668623,6,3,COMMS,255,BROADCAST,0,HEARTBEAT,48,HEARTBEAT,0,0,0,0,0,0,0x1800FFC0
1777196417.325,669637,6,3,COMMS,255,BROADCAST,0,HEARTBEAT,48,HEARTBEAT,0,0,0,0,0,0,0x1800FFC0
1777196418.344,670651,6,3,COMMS,255,BROADCAST,0,HEARTBEAT,48,HEARTBEAT,0,0,0,0,0,0,0x1800FFC0
1777196419.327,671665,6,3,COMMS,255,BROADCAST,0,HEARTBEAT,48,HEARTBEAT,0,0,0,0,0,0,0x1800FFC0
1777196420.343,672679,6,3,COMMS,255,BROADCAST,0,HEARTBEAT,48,HEARTBEAT,0,0,0,0,0,0,0x1800FFC0
1777196421.355,673694,6,3,COMMS,255,BROADCAST,0,HEARTBEAT,48,HEARTBEAT,0,0,0,0,0,0,0x1800FFC0
1777196422.369,674708,6,3,COMMS,255,BROADCAST,0,HEARTBEAT,48,HEARTBEAT,0,0,0,0,0,0,0x1800FFC0
1777196423.383,675722,6,3,COMMS,255,BROADCAST,0,HEARTBEAT,48,HEARTBEAT,0,0,0,0,0,0,0x1800FFC0
1777196424.391,676723,6,3,COMMS,255,BROADCAST,0,HEARTBEAT,48,HEARTBEAT,0,0,0,0,0,0,0x1800FFC0
1777196425.399,677724,6,3,COMMS,255,BROADCAST,0,HEARTBEAT,48,HEARTBEAT,0,0,0,0,0,0,0x1800FFC0
1777196426.389,678725,6,3,COMMS,255,BROADCAST,0,HEARTBEAT,48,HEARTBEAT,0,0,0,0,0,0,0x1800FFC0
1777196427.387,679726,6,3,COMMS,255,BROADCAST,0,HEARTBEAT,48,HEARTBEAT,0,0,0,0,0,0,0x1800FFC0
1777196428.428,680767,6,3,COMMS,255,BROADCAST,0,HEARTBEAT,48,HEARTBEAT,0,0,0,0,0,0,0x1800FFC0
1777196429.508,681809,6,3,COMMS,255,BROADCAST,0,HEARTBEAT,48,HEARTBEAT,0,0,0,0,0,0,0x1800FFC0
1777196430.532,682851,6,3,COMMS,255,BROADCAST,0,HEARTBEAT,48,HEARTBEAT,0,0,0,0,0,0,0x1800FFC0
1777196431.554,683893,6,3,COMMS,255,BROADCAST,0,HEARTBEAT,48,HEARTBEAT,0,0,0,0,0,0,0x1800FFC0
1777196432.596,684935,6,3,COMMS,255,BROADCAST,0,HEARTBEAT,48,HEARTBEAT,0,0,0,0,0,0,0x1800FFC0
1777196433.638,685977,6,3,COMMS,255,BROADCAST,0,HEARTBEAT,48,HEARTBEAT,0,0,0,0,0,0,0x1800FFC0
1777196434.692,687019,6,3,COMMS,255,BROADCAST,0,HEARTBEAT,48,HEARTBEAT,0,0,0,0,0,0,0x1800FFC0
1777196435.755,688061,6,3,COMMS,255,BROADCAST,0,HEARTBEAT,48,HEARTBEAT,0,0,0,0,0,0,0x1800FFC0
1777196436.780,689103,6,3,COMMS,255,BROADCAST,0,HEARTBEAT,48,HEARTBEAT,0,0,0,0,0,0,0x1800FFC0
1777196437.805,690145,6,3,COMMS,255,BROADCAST,0,HEARTBEAT,48,HEARTBEAT,0,0,0,0,0,0,0x1800FFC0
1777196438.848,691187,6,3,COMMS,255,BROADCAST,0,HEARTBEAT,48,HEARTBEAT,0,0,0,0,0,0,0x1800FFC0
1777196439.890,692229,6,3,COMMS,255,BROADCAST,0,HEARTBEAT,48,HEARTBEAT,0,0,0,0,0,0,0x1800FFC0
1777196440.932,693271,6,3,COMMS,255,BROADCAST,0,HEARTBEAT,48,HEARTBEAT,0,0,0,0,0,0,0x1800FFC0
1777196441.995,694313,6,3,COMMS,255,BROADCAST,0,HEARTBEAT,48,HEARTBEAT,0,0,0,0,0,0,0x1800FFC0
1777196443.023,695355,6,3,COMMS,255,BROADCAST,0,HEARTBEAT,48,HEARTBEAT,0,0,0,0,0,0,0x1800FFC0
1777196444.058,696397,6,3,COMMS,255,BROADCAST,0,HEARTBEAT,48,HEARTBEAT,0,0,0,0,0,0,0x1800FFC0
1777196445.095,697439,6,3,COMMS,255,BROADCAST,0,HEARTBEAT,48,HEARTBEAT,0,0,0,0,0,0,0x1800FFC0
1777196446.142,698481,6,3,COMMS,255,BROADCAST,0,HEARTBEAT,48,HEARTBEAT,0,0,0,0,0,0,0x1800FFC0
1777196447.215,699523,6,3,COMMS,255,BROADCAST,0,HEARTBEAT,48,HEARTBEAT,0,0,0,0,0,0,0x1800FFC0
1777196448.247,700565,6,3,COMMS,255,BROADCAST,0,HEARTBEAT,48,HEARTBEAT,0,0,0,0,0,0,0x1800FFC0
1777196449.289,701628,6,3,COMMS,255,BROADCAST,0,HEARTBEAT,48,HEARTBEAT,0,0,0,0,0,0,0x1800FFC0
1777196450.332,702670,6,3,COMMS,255,BROADCAST,0,HEARTBEAT,48,HEARTBEAT,0,0,0,0,0,0,0x1800FFC0
1777196451.374,703712,6,3,COMMS,255,BROADCAST,0,HEARTBEAT,48,HEARTBEAT,0,0,0,0,0,0,0x1800FFC0
1777196452.436,704754,6,3,COMMS,255,BROADCAST,0,HEARTBEAT,48,HEARTBEAT,0,0,0,0,0,0,0x1800FFC0
1777196453.471,705796,6,3,COMMS,255,BROADCAST,0,HEARTBEAT,48,HEARTBEAT,0,0,0,0,0,0,0x1800FFC0
1777196454.500,706838,6,3,COMMS,255,BROADCAST,0,HEARTBEAT,48,HEARTBEAT,0,0,0,0,0,0,0x1800FFC0
1777196455.541,707880,6,3,COMMS,255,BROADCAST,0,HEARTBEAT,48,HEARTBEAT,0,0,0,0,0,0,0x1800FFC0
1777196456.583,708922,6,3,COMMS,255,BROADCAST,0,HEARTBEAT,48,HEARTBEAT,0,0,0,0,0,0,0x1800FFC0
1777196457.627,709964,6,3,COMMS,255,BROADCAST,0,HEARTBEAT,48,HEARTBEAT,0,0,0,0,0,0,0x1800FFC0
1777196458.689,711006,6,3,COMMS,255,BROADCAST,0,HEARTBEAT,48,HEARTBEAT,0,0,0,0,0,0,0x1800FFC0
1777196459.718,712048,6,3,COMMS,255,BROADCAST,0,HEARTBEAT,48,HEARTBEAT,0,0,0,0,0,0,0x1800FFC0
1777196460.754,713090,6,3,COMMS,255,BROADCAST,0,HEARTBEAT,48,HEARTBEAT,0,0,0,0,0,0,0x1800FFC0
1777196461.794,714132,6,3,COMMS,255,BROADCAST,0,HEARTBEAT,48,HEARTBEAT,0,0,0,0,0,0,0x1800FFC0
1777196462.835,715174,6,3,COMMS,255,BROADCAST,0,HEARTBEAT,48,HEARTBEAT,0,0,0,0,0,0,0x1800FFC0
1777196463.913,716216,6,3,COMMS,255,BROADCAST,0,HEARTBEAT,48,HEARTBEAT,0,0,0,0,0,0,0x1800FFC0
1777196464.945,717258,6,3,COMMS,255,BROADCAST,0,HEARTBEAT,48,HEARTBEAT,0,0,0,0,0,0,0x1800FFC0
1777196465.961,718300,6,3,COMMS,255,BROADCAST,0,HEARTBEAT,48,HEARTBEAT,0,0,0,0,0,0,0x1800FFC0
1777196467.003,719342,6,3,COMMS,255,BROADCAST,0,HEARTBEAT,48,HEARTBEAT,0,0,0,0,0,0,0x1800FFC0
1777196468.046,720384,6,3,COMMS,255,BROADCAST,0,HEARTBEAT,48,HEARTBEAT,0,0,0,0,0,0,0x1800FFC0
1777196469.087,721426,6,3,COMMS,255,BROADCAST,0,HEARTBEAT,48,HEARTBEAT,0,0,0,0,0,0,0x1800FFC0
1777196470.155,722468,6,3,COMMS,255,BROADCAST,0,HEARTBEAT,48,HEARTBEAT,0,0,0,0,0,0,0x1800FFC0
1777196471.180,723510,6,3,COMMS,255,BROADCAST,0,HEARTBEAT,48,HEARTBEAT,0,0,0,0,0,0,0x1800FFC0
1777196472.213,724552,6,3,COMMS,255,BROADCAST,0,HEARTBEAT,48,HEARTBEAT,0,0,0,0,0,0,0x1800FFC0
1777196473.259,725594,6,3,COMMS,255,BROADCAST,0,HEARTBEAT,48,HEARTBEAT,0,0,0,0,0,0,0x1800FFC0
1777196474.297,726636,6,3,COMMS,255,BROADCAST,0,HEARTBEAT,48,HEARTBEAT,0,0,0,0,0,0,0x1800FFC0
1777196475.339,727678,6,3,COMMS,255,BROADCAST,0,HEARTBEAT,48,HEARTBEAT,0,0,0,0,0,0,0x1800FFC0
1777196476.409,728720,6,3,COMMS,255,BROADCAST,0,HEARTBEAT,48,HEARTBEAT,0,0,0,0,0,0,0x1800FFC0
1777196477.431,729762,6,3,COMMS,255,BROADCAST,0,HEARTBEAT,48,HEARTBEAT,0,0,0,0,0,0,0x1800FFC0
1777196478.465,730804,6,3,COMMS,255,BROADCAST,0,HEARTBEAT,48,HEARTBEAT,0,0,0,0,0,0,0x1800FFC0
1777196479.507,731846,6,3,COMMS,255,BROADCAST,0,HEARTBEAT,48,HEARTBEAT,0,0,0,0,0,0,0x1800FFC0
1777196480.549,732888,6,3,COMMS,255,BROADCAST,0,HEARTBEAT,48,HEARTBEAT,0,0,0,0,0,0,0x1800FFC0
1777196481.631,733930,6,3,COMMS,255,BROADCAST,0,HEARTBEAT,48,HEARTBEAT,0,0,0,0,0,0,0x1800FFC0
1777196482.657,734972,6,3,COMMS,255,BROADCAST,0,HEARTBEAT,48,HEARTBEAT,0,0,0,0,0,0,0x1800FFC0
1777196483.681,736014,6,3,COMMS,255,BROADCAST,0,HEARTBEAT,48,HEARTBEAT,0,0,0,0,0,0,0x1800FFC0
1777196484.718,737056,6,3,COMMS,255,BROADCAST,0,HEARTBEAT,48,HEARTBEAT,0,0,0,0,0,0,0x1800FFC0
1777196485.760,738098,6,3,COMMS,255,BROADCAST,0,HEARTBEAT,48,HEARTBEAT,0,0,0,0,0,0,0x1800FFC0
1777196486.802,739140,6,3,COMMS,255,BROADCAST,0,HEARTBEAT,48,HEARTBEAT,0,0,0,0,0,0,0x1800FFC0
1777196487.871,740182,6,3,COMMS,255,BROADCAST,0,HEARTBEAT,48,HEARTBEAT,0,0,0,0,0,0,0x1800FFC0
1777196488.903,741224,6,3,COMMS,255,BROADCAST,0,HEARTBEAT,48,HEARTBEAT,0,0,0,0,0,0,0x1800FFC0
1777196489.928,742266,6,3,COMMS,255,BROADCAST,0,HEARTBEAT,48,HEARTBEAT,0,0,0,0,0,0,0x1800FFC0
1777196490.970,743308,6,3,COMMS,255,BROADCAST,0,HEARTBEAT,48,HEARTBEAT,0,0,0,0,0,0,0x1800FFC0
1777196492.012,744350,6,3,COMMS,255,BROADCAST,0,HEARTBEAT,48,HEARTBEAT,0,0,0,0,0,0,0x1800FFC0
1777196493.055,745392,6,3,COMMS,255,BROADCAST,0,HEARTBEAT,48,HEARTBEAT,0,0,0,0,0,0,0x1800FFC0
1777196494.126,746434,6,3,COMMS,255,BROADCAST,0,HEARTBEAT,48,HEARTBEAT,0,0,0,0,0,0,0x1800FFC0
1777196495.175,747476,6,3,COMMS,255,BROADCAST,0,HEARTBEAT,48,HEARTBEAT,0,0,0,0,0,0,0x1800FFC0
1777196496.180,748518,6,3,COMMS,255,BROADCAST,0,HEARTBEAT,48,HEARTBEAT,0,0,0,0,0,0,0x1800FFC0
1777196497.222,749560,6,3,COMMS,255,BROADCAST,0,HEARTBEAT,48,HEARTBEAT,0,0,0,0,0,0,0x1800FFC0
1777196498.263,750602,6,3,COMMS,255,BROADCAST,0,HEARTBEAT,48,HEARTBEAT,0,0,0,0,0,0,0x1800FFC0
1777196499.354,751665,6,3,COMMS,255,BROADCAST,0,HEARTBEAT,48,HEARTBEAT,0,0,0,0,0,0,0x1800FFC0
1777196500.372,752707,6,3,COMMS,255,BROADCAST,0,HEARTBEAT,48,HEARTBEAT,0,0,0,0,0,0,0x1800FFC0
1777196501.411,753749,6,3,COMMS,255,BROADCAST,0,HEARTBEAT,48,HEARTBEAT,0,0,0,0,0,0,0x1800FFC0
1777196502.453,754791,6,3,COMMS,255,BROADCAST,0,HEARTBEAT,48,HEARTBEAT,0,0,0,0,0,0,0x1800FFC0
1777196503.495,755833,6,3,COMMS,255,BROADCAST,0,HEARTBEAT,48,HEARTBEAT,0,0,0,0,0,0,0x1800FFC0
1777196504.570,756875,6,3,COMMS,255,BROADCAST,0,HEARTBEAT,48,HEARTBEAT,0,0,0,0,0,0,0x1800FFC0
1777196505.592,757917,6,3,COMMS,255,BROADCAST,0,HEARTBEAT,48,HEARTBEAT,0,0,0,0,0,0,0x1800FFC0
1777196506.621,758959,6,3,COMMS,255,BROADCAST,0,HEARTBEAT,48,HEARTBEAT,0,0,0,0,0,0,0x1800FFC0
1777196507.663,760001,6,3,COMMS,255,BROADCAST,0,HEARTBEAT,48,HEARTBEAT,0,0,0,0,0,0,0x1800FFC0
1777196508.705,761043,6,3,COMMS,255,BROADCAST,0,HEARTBEAT,48,HEARTBEAT,0,0,0,0,0,0,0x1800FFC0
1777196509.748,762085,6,3,COMMS,255,BROADCAST,0,HEARTBEAT,48,HEARTBEAT,0,0,0,0,0,0,0x1800FFC0
1777196510.818,763127,6,3,COMMS,255,BROADCAST,0,HEARTBEAT,48,HEARTBEAT,0,0,0,0,0,0,0x1800FFC0
1777196511.838,764169,6,3,COMMS,255,BROADCAST,0,HEARTBEAT,48,HEARTBEAT,0,0,0,0,0,0,0x1800FFC0
1777196512.873,765211,6,3,COMMS,255,BROADCAST,0,HEARTBEAT,48,HEARTBEAT,0,0,0,0,0,0,0x1800FFC0
1777196513.916,766253,6,3,COMMS,255,BROADCAST,0,HEARTBEAT,48,HEARTBEAT,0,0,0,0,0,0,0x1800FFC0
1777196514.967,767295,6,3,COMMS,255,BROADCAST,0,HEARTBEAT,48,HEARTBEAT,0,0,0,0,0,0,0x1800FFC0
1777196516.038,768337,6,3,COMMS,255,BROADCAST,0,HEARTBEAT,48,HEARTBEAT,0,0,0,0,0,0,0x1800FFC0
1777196517.067,769379,6,3,COMMS,255,BROADCAST,0,HEARTBEAT,48,HEARTBEAT,0,0,0,0,0,0,0x1800FFC0
1777196518.086,770421,6,3,COMMS,255,BROADCAST,0,HEARTBEAT,48,HEARTBEAT,0,0,0,0,0,0,0x1800FFC0
1777196519.125,771463,6,3,COMMS,255,BROADCAST,0,HEARTBEAT,48,HEARTBEAT,0,0,0,0,0,0,0x1800FFC0
1777196520.167,772505,6,3,COMMS,255,BROADCAST,0,HEARTBEAT,48,HEARTBEAT,0,0,0,0,0,0,0x1800FFC0
1777196521.209,773547,6,3,COMMS,255,BROADCAST,0,HEARTBEAT,48,HEARTBEAT,0,0,0,0,0,0,0x1800FFC0
1777196522.285,774589,6,3,COMMS,255,BROADCAST,0,HEARTBEAT,48,HEARTBEAT,0,0,0,0,0,0,0x1800FFC0
1777196523.317,775631,6,3,COMMS,255,BROADCAST,0,HEARTBEAT,48,HEARTBEAT,0,0,0,0,0,0,0x1800FFC0
1777196524.335,776673,6,3,COMMS,255,BROADCAST,0,HEARTBEAT,48,HEARTBEAT,0,0,0,0,0,0,0x1800FFC0
1777196525.377,777715,6,3,COMMS,255,BROADCAST,0,HEARTBEAT,48,HEARTBEAT,0,0,0,0,0,0,0x1800FFC0
1777196526.419,778757,6,3,COMMS,255,BROADCAST,0,HEARTBEAT,48,HEARTBEAT,0,0,0,0,0,0,0x1800FFC0
1777196527.461,779799,6,3,COMMS,255,BROADCAST,0,HEARTBEAT,48,HEARTBEAT,0,0,0,0,0,0,0x1800FFC0
1777196528.536,780841,6,3,COMMS,255,BROADCAST,0,HEARTBEAT,48,HEARTBEAT,0,0,0,0,0,0,0x1800FFC0
1777196529.555,781883,6,3,COMMS,255,BROADCAST,0,HEARTBEAT,48,HEARTBEAT,0,0,0,0,0,0,0x1800FFC0
1777196530.587,782925,6,3,COMMS,255,BROADCAST,0,HEARTBEAT,48,HEARTBEAT,0,0,0,0,0,0,0x1800FFC0
1777196531.629,783967,6,3,COMMS,255,BROADCAST,0,HEARTBEAT,48,HEARTBEAT,0,0,0,0,0,0,0x1800FFC0
1777196532.673,785009,6,3,COMMS,255,BROADCAST,0,HEARTBEAT,48,HEARTBEAT,0,0,0,0,0,0,0x1800FFC0
1777196533.713,786051,6,3,COMMS,255,BROADCAST,0,HEARTBEAT,48,HEARTBEAT,0,0,0,0,0,0,0x1800FFC0
1777196534.781,787093,6,3,COMMS,255,BROADCAST,0,HEARTBEAT,48,HEARTBEAT,0,0,0,0,0,0,0x1800FFC0
1777196535.803,788135,6,3,COMMS,255,BROADCAST,0,HEARTBEAT,48,HEARTBEAT,0,0,0,0,0,0,0x1800FFC0
1777196536.839,789177,6,3,COMMS,255,BROADCAST,0,HEARTBEAT,48,HEARTBEAT,0,0,0,0,0,0,0x1800FFC0
1777196537.881,790219,6,3,COMMS,255,BROADCAST,0,HEARTBEAT,48,HEARTBEAT,0,0,0,0,0,0,0x1800FFC0
1777196538.925,791261,6,3,COMMS,255,BROADCAST,0,HEARTBEAT,48,HEARTBEAT,0,0,0,0,0,0,0x1800FFC0
1777196540.005,792303,6,3,COMMS,255,BROADCAST,0,HEARTBEAT,48,HEARTBEAT,0,0,0,0,0,0,0x1800FFC0
1777196541.025,793345,6,3,COMMS,255,BROADCAST,0,HEARTBEAT,48,HEARTBEAT,0,0,0,0,0,0,0x1800FFC0
1777196542.049,794387,6,3,COMMS,255,BROADCAST,0,HEARTBEAT,48,HEARTBEAT,0,0,0,0,0,0,0x1800FFC0
1777196543.091,795429,6,3,COMMS,255,BROADCAST,0,HEARTBEAT,48,HEARTBEAT,0,0,0,0,0,0,0x1800FFC0
1777196544.134,796471,6,3,COMMS,255,BROADCAST,0,HEARTBEAT,48,HEARTBEAT,0,0,0,0,0,0,0x1800FFC0
1777196545.225,797513,6,3,COMMS,255,BROADCAST,0,HEARTBEAT,48,HEARTBEAT,0,0,0,0,0,0,0x1800FFC0
1777196546.249,798555,6,3,COMMS,255,BROADCAST,0,HEARTBEAT,48,HEARTBEAT,0,0,0,0,0,0,0x1800FFC0
1777196547.268,799597,6,3,COMMS,255,BROADCAST,0,HEARTBEAT,48,HEARTBEAT,0,0,0,0,0,0,0x1800FFC0
1777196548.302,800639,6,3,COMMS,255,BROADCAST,0,HEARTBEAT,48,HEARTBEAT,0,0,0,0,0,0,0x1800FFC0
1777196549.364,801702,6,3,COMMS,255,BROADCAST,0,HEARTBEAT,48,HEARTBEAT,0,0,0,0,0,0,0x1800FFC0
1777196550.448,802744,6,3,COMMS,255,BROADCAST,0,HEARTBEAT,48,HEARTBEAT,0,0,0,0,0,0,0x1800FFC0
1777196551.471,803786,6,3,COMMS,255,BROADCAST,0,HEARTBEAT,48,HEARTBEAT,0,0,0,0,0,0,0x1800FFC0
1777196552.495,804828,6,3,COMMS,255,BROADCAST,0,HEARTBEAT,48,HEARTBEAT,0,0,0,0,0,0,0x1800FFC0
1777196553.532,805870,6,3,COMMS,255,BROADCAST,0,HEARTBEAT,48,HEARTBEAT,0,0,0,0,0,0,0x1800FFC0
1777196554.575,806912,6,3,COMMS,255,BROADCAST,0,HEARTBEAT,48,HEARTBEAT,0,0,0,0,0,0,0x1800FFC0
1777196555.617,807954,6,3,COMMS,255,BROADCAST,0,HEARTBEAT,48,HEARTBEAT,0,0,0,0,0,0,0x1800FFC0
1777196556.701,808996,6,3,COMMS,255,BROADCAST,0,HEARTBEAT,48,HEARTBEAT,0,0,0,0,0,0,0x1800FFC0
1777196557.719,810038,6,3,COMMS,255,BROADCAST,0,HEARTBEAT,48,HEARTBEAT,0,0,0,0,0,0,0x1800FFC0
1777196558.748,811080,6,3,COMMS,255,BROADCAST,0,HEARTBEAT,48,HEARTBEAT,0,0,0,0,0,0,0x1800FFC0
1777196559.784,812122,6,3,COMMS,255,BROADCAST,0,HEARTBEAT,48,HEARTBEAT,0,0,0,0,0,0,0x1800FFC0
1777196560.820,813164,6,3,COMMS,255,BROADCAST,0,HEARTBEAT,48,HEARTBEAT,0,0,0,0,0,0,0x1800FFC0
1777196561.890,814206,6,3,COMMS,255,BROADCAST,0,HEARTBEAT,48,HEARTBEAT,0,0,0,0,0,0,0x1800FFC0
1777196562.936,815248,6,3,COMMS,255,BROADCAST,0,HEARTBEAT,48,HEARTBEAT,0,0,0,0,0,0,0x1800FFC0
1777196563.967,816290,6,3,COMMS,255,BROADCAST,0,HEARTBEAT,48,HEARTBEAT,0,0,0,0,0,0,0x1800FFC0
1777196564.995,817332,6,3,COMMS,255,BROADCAST,0,HEARTBEAT,48,HEARTBEAT,0,0,0,0,0,0,0x1800FFC0
1777196580.479,5258,6,3,COMMS,255,BROADCAST,0,HEARTBEAT,48,HEARTBEAT,0,0,0,0,0,0,0x1800FFC0
1777196581.489,6259,6,3,COMMS,255,BROADCAST,0,HEARTBEAT,48,HEARTBEAT,0,0,0,0,0,0,0x1800FFC0
1777196582.498,7260,6,3,COMMS,255,BROADCAST,0,HEARTBEAT,48,HEARTBEAT,0,0,0,0,0,0,0x1800FFC0
1777196583.530,8302,6,3,COMMS,255,BROADCAST,0,HEARTBEAT,48,HEARTBEAT,0,0,0,0,0,0,0x1800FFC0
1777196584.578,9344,6,3,COMMS,255,BROADCAST,0,HEARTBEAT,48,HEARTBEAT,0,0,0,0,0,0,0x1800FFC0
1777196585.614,10386,6,3,COMMS,255,BROADCAST,0,HEARTBEAT,48,HEARTBEAT,0,0,0,0,0,0,0x1800FFC0
1777196586.695,11428,6,3,COMMS,255,BROADCAST,0,HEARTBEAT,48,HEARTBEAT,0,0,0,0,0,0,0x1800FFC0
1777196587.722,12470,6,3,COMMS,255,BROADCAST,0,HEARTBEAT,48,HEARTBEAT,0,0,0,0,0,0,0x1800FFC0
1777196588.740,13512,6,3,COMMS,255,BROADCAST,0,HEARTBEAT,48,HEARTBEAT,0,0,0,0,0,0,0x1800FFC0
1777196589.782,14554,6,3,COMMS,255,BROADCAST,0,HEARTBEAT,48,HEARTBEAT,0,0,0,0,0,0,0x1800FFC0
1777196590.824,15596,6,3,COMMS,255,BROADCAST,0,HEARTBEAT,48,HEARTBEAT,0,0,0,0,0,0,0x1800FFC0
1777196591.870,16638,6,3,COMMS,255,BROADCAST,0,HEARTBEAT,48,HEARTBEAT,0,0,0,0,0,0,0x1800FFC0
1777196592.945,17680,6,3,COMMS,255,BROADCAST,0,HEARTBEAT,48,HEARTBEAT,0,0,0,0,0,0,0x1800FFC0
1777196593.970,18722,6,3,COMMS,255,BROADCAST,0,HEARTBEAT,48,HEARTBEAT,0,0,0,0,0,0,0x1800FFC0
1777196594.993,19764,6,3,COMMS,255,BROADCAST,0,HEARTBEAT,48,HEARTBEAT,0,0,0,0,0,0,0x1800FFC0
1777196596.034,20806,6,3,COMMS,255,BROADCAST,0,HEARTBEAT,48,HEARTBEAT,0,0,0,0,0,0,0x1800FFC0
1777196597.076,21848,6,3,COMMS,255,BROADCAST,0,HEARTBEAT,48,HEARTBEAT,0,0,0,0,0,0,0x1800FFC0
1777196598.118,22890,6,3,COMMS,255,BROADCAST,0,HEARTBEAT,48,HEARTBEAT,0,0,0,0,0,0,0x1800FFC0
1777196599.188,23932,6,3,COMMS,255,BROADCAST,0,HEARTBEAT,48,HEARTBEAT,0,0,0,0,0,0,0x1800FFC0
1777196600.213,24974,6,3,COMMS,255,BROADCAST,0,HEARTBEAT,48,HEARTBEAT,0,0,0,0,0,0,0x1800FFC0
1777196601.244,26016,6,3,COMMS,255,BROADCAST,0,HEARTBEAT,48,HEARTBEAT,0,0,0,0,0,0,0x1800FFC0
1777196602.287,27058,6,3,COMMS,255,BROADCAST,0,HEARTBEAT,48,HEARTBEAT,0,0,0,0,0,0,0x1800FFC0
1777196603.328,28100,6,3,COMMS,255,BROADCAST,0,HEARTBEAT,48,HEARTBEAT,0,0,0,0,0,0,0x1800FFC0
1777196604.414,29142,6,3,COMMS,255,BROADCAST,0,HEARTBEAT,48,HEARTBEAT,0,0,0,0,0,0,0x1800FFC0
1777196605.439,30184,6,3,COMMS,255,BROADCAST,0,HEARTBEAT,48,HEARTBEAT,0,0,0,0,0,0,0x1800FFC0
1777196606.457,31226,6,3,COMMS,255,BROADCAST,0,HEARTBEAT,48,HEARTBEAT,0,0,0,0,0,0,0x1800FFC0
1777196607.496,32268,6,3,COMMS,255,BROADCAST,0,HEARTBEAT,48,HEARTBEAT,0,0,0,0,0,0,0x1800FFC0
1777196608.539,33310,6,3,COMMS,255,BROADCAST,0,HEARTBEAT,48,HEARTBEAT,0,0,0,0,0,0,0x1800FFC0
1777196609.580,34352,6,3,COMMS,255,BROADCAST,0,HEARTBEAT,48,HEARTBEAT,0,0,0,0,0,0,0x1800FFC0
1777196610.648,35394,6,3,COMMS,255,BROADCAST,0,HEARTBEAT,48,HEARTBEAT,0,0,0,0,0,0,0x1800FFC0
1777196611.686,36436,6,3,COMMS,255,BROADCAST,0,HEARTBEAT,48,HEARTBEAT,0,0,0,0,0,0,0x1800FFC0
1777196612.706,37478,6,3,COMMS,255,BROADCAST,0,HEARTBEAT,48,HEARTBEAT,0,0,0,0,0,0,0x1800FFC0
1777196613.732,38500,6,3,COMMS,255,BROADCAST,0,HEARTBEAT,48,HEARTBEAT,0,0,0,0,0,0,0x1800FFC0
1777196614.810,39581,6,3,COMMS,255,BROADCAST,0,HEARTBEAT,48,HEARTBEAT,0,0,0,0,0,0,0x1800FFC0
1777196615.883,40611,6,3,COMMS,255,BROADCAST,0,HEARTBEAT,48,HEARTBEAT,0,0,0,0,0,0,0x1800FFC0
1777196616.857,41625,6,3,COMMS,255,BROADCAST,0,HEARTBEAT,48,HEARTBEAT,0,0,0,0,0,0,0x1800FFC0
1777196617.869,42640,6,3,COMMS,255,BROADCAST,0,HEARTBEAT,48,HEARTBEAT,0,0,0,0,0,0,0x1800FFC0
1777196618.883,43654,6,3,COMMS,255,BROADCAST,0,HEARTBEAT,48,HEARTBEAT,0,0,0,0,0,0,0x1800FFC0
1777196619.898,44669,6,3,COMMS,255,BROADCAST,0,HEARTBEAT,48,HEARTBEAT,0,0,0,0,0,0,0x1800FFC0
1777196620.912,45683,6,3,COMMS,255,BROADCAST,0,HEARTBEAT,48,HEARTBEAT,0,0,0,0,0,0,0x1800FFC0
1777196621.927,46697,6,3,COMMS,255,BROADCAST,0,HEARTBEAT,48,HEARTBEAT,0,0,0,0,0,0,0x1800FFC0
1777196622.948,47712,6,3,COMMS,255,BROADCAST,0,HEARTBEAT,48,HEARTBEAT,0,0,0,0,0,0,0x1800FFC0
1777196623.969,48726,6,3,COMMS,255,BROADCAST,0,HEARTBEAT,48,HEARTBEAT,0,0,0,0,0,0,0x1800FFC0
1777196624.997,49741,6,3,COMMS,255,BROADCAST,0,HEARTBEAT,48,HEARTBEAT,0,0,0,0,0,0,0x1800FFC0
1777196626.016,50757,6,3,COMMS,255,BROADCAST,0,HEARTBEAT,48,HEARTBEAT,0,0,0,0,0,0,0x1800FFC0
1777196627.000,51770,6,3,COMMS,255,BROADCAST,0,HEARTBEAT,48,HEARTBEAT,0,0,0,0,0,0,0x1800FFC0
1777196628.013,52784,6,3,COMMS,255,BROADCAST,0,HEARTBEAT,48,HEARTBEAT,0,0,0,0,0,0,0x1800FFC0
1777196629.027,53798,6,3,COMMS,255,BROADCAST,0,HEARTBEAT,48,HEARTBEAT,0,0,0,0,0,0,0x1800FFC0
1777196630.044,54813,6,3,COMMS,255,BROADCAST,0,HEARTBEAT,48,HEARTBEAT,0,0,0,0,0,0,0x1800FFC0
1777196631.056,55827,6,3,COMMS,255,BROADCAST,0,HEARTBEAT,48,HEARTBEAT,0,0,0,0,0,0,0x1800FFC0
1777196632.071,56842,6,3,COMMS,255,BROADCAST,0,HEARTBEAT,48,HEARTBEAT,0,0,0,0,0,0,0x1800FFC0
1777196633.086,57856,6,3,COMMS,255,BROADCAST,0,HEARTBEAT,48,HEARTBEAT,0,0,0,0,0,0,0x1800FFC0
1777196634.113,58870,6,3,COMMS,255,BROADCAST,0,HEARTBEAT,48,HEARTBEAT,0,0,0,0,0,0,0x1800FFC0
1777196635.136,59885,6,3,COMMS,255,BROADCAST,0,HEARTBEAT,48,HEARTBEAT,0,0,0,0,0,0,0x1800FFC0
1777196636.153,60899,6,3,COMMS,255,BROADCAST,0,HEARTBEAT,48,HEARTBEAT,0,0,0,0,0,0,0x1800FFC0
1777196637.190,61913,6,3,COMMS,255,BROADCAST,0,HEARTBEAT,48,HEARTBEAT,0,0,0,0,0,0,0x1800FFC0
1777196638.157,62928,6,3,COMMS,255,BROADCAST,0,HEARTBEAT,48,HEARTBEAT,0,0,0,0,0,0,0x1800FFC0
1777196639.170,63942,6,3,COMMS,255,BROADCAST,0,HEARTBEAT,48,HEARTBEAT,0,0,0,0,0,0,0x1800FFC0
1777196640.186,64956,6,3,COMMS,255,BROADCAST,0,HEARTBEAT,48,HEARTBEAT,0,0,0,0,0,0,0x1800FFC0
1777196641.200,65971,6,3,COMMS,255,BROADCAST,0,HEARTBEAT,48,HEARTBEAT,0,0,0,0,0,0,0x1800FFC0
1777196642.214,66985,6,3,COMMS,255,BROADCAST,0,HEARTBEAT,48,HEARTBEAT,0,0,0,0,0,0,0x1800FFC0
1777196643.228,67999,6,3,COMMS,255,BROADCAST,0,HEARTBEAT,48,HEARTBEAT,0,0,0,0,0,0,0x1800FFC0
1777196644.250,69014,6,3,COMMS,255,BROADCAST,0,HEARTBEAT,48,HEARTBEAT,0,0,0,0,0,0,0x1800FFC0
1777196645.272,70028,6,3,COMMS,255,BROADCAST,0,HEARTBEAT,48,HEARTBEAT,0,0,0,0,0,0,0x1800FFC0
1777196646.290,71042,6,3,COMMS,255,BROADCAST,0,HEARTBEAT,48,HEARTBEAT,0,0,0,0,0,0,0x1800FFC0
1777196647.315,72057,6,3,COMMS,255,BROADCAST,0,HEARTBEAT,48,HEARTBEAT,0,0,0,0,0,0,0x1800FFC0
1777196648.289,73071,6,3,COMMS,255,BROADCAST,0,HEARTBEAT,48,HEARTBEAT,0,0,0,0,0,0,0x1800FFC0
1777196649.326,74085,6,3,COMMS,255,BROADCAST,0,HEARTBEAT,48,HEARTBEAT,0,0,0,0,0,0,0x1800FFC0
1777196650.329,75100,6,3,COMMS,255,BROADCAST,0,HEARTBEAT,48,HEARTBEAT,0,0,0,0,0,0,0x1800FFC0
1777196651.344,76114,6,3,COMMS,255,BROADCAST,0,HEARTBEAT,48,HEARTBEAT,0,0,0,0,0,0,0x1800FFC0
1777196652.357,77128,6,3,COMMS,255,BROADCAST,0,HEARTBEAT,48,HEARTBEAT,0,0,0,0,0,0,0x1800FFC0
1777196653.366,78143,6,3,COMMS,255,BROADCAST,0,HEARTBEAT,48,HEARTBEAT,0,0,0,0,0,0,0x1800FFC0
1777196654.387,79157,6,3,COMMS,255,BROADCAST,0,HEARTBEAT,48,HEARTBEAT,0,0,0,0,0,0,0x1800FFC0
1777196655.405,80171,6,3,COMMS,255,BROADCAST,0,HEARTBEAT,48,HEARTBEAT,0,0,0,0,0,0,0x1800FFC0
1777196656.429,81185,6,3,COMMS,255,BROADCAST,0,HEARTBEAT,48,HEARTBEAT,0,0,0,0,0,0,0x1800FFC0
1777196657.459,82199,6,3,COMMS,255,BROADCAST,0,HEARTBEAT,48,HEARTBEAT,0,0,0,0,0,0,0x1800FFC0
1777196658.482,83214,6,3,COMMS,255,BROADCAST,0,HEARTBEAT,48,HEARTBEAT,0,0,0,0,0,0,0x1800FFC0
1777196659.458,84228,6,3,COMMS,255,BROADCAST,0,HEARTBEAT,48,HEARTBEAT,0,0,0,0,0,0,0x1800FFC0
1777196660.471,85242,6,3,COMMS,255,BROADCAST,0,HEARTBEAT,48,HEARTBEAT,0,0,0,0,0,0,0x1800FFC0
1777196661.486,86257,6,3,COMMS,255,BROADCAST,0,HEARTBEAT,48,HEARTBEAT,0,0,0,0,0,0,0x1800FFC0
1777196662.501,87271,6,3,COMMS,255,BROADCAST,0,HEARTBEAT,48,HEARTBEAT,0,0,0,0,0,0,0x1800FFC0
1777196663.514,88285,6,3,COMMS,255,BROADCAST,0,HEARTBEAT,48,HEARTBEAT,0,0,0,0,0,0,0x1800FFC0
1777196664.529,89299,6,3,COMMS,255,BROADCAST,0,HEARTBEAT,48,HEARTBEAT,0,0,0,0,0,0,0x1800FFC0
1777196665.550,90313,6,3,COMMS,255,BROADCAST,0,HEARTBEAT,48,HEARTBEAT,0,0,0,0,0,0,0x1800FFC0
1777196666.573,91327,6,3,COMMS,255,BROADCAST,0,HEARTBEAT,48,HEARTBEAT,0,0,0,0,0,0,0x1800FFC0
1777196667.605,92341,6,3,COMMS,255,BROADCAST,0,HEARTBEAT,48,HEARTBEAT,0,0,0,0,0,0,0x1800FFC0
1777196668.622,93356,6,3,COMMS,255,BROADCAST,0,HEARTBEAT,48,HEARTBEAT,0,0,0,0,0,0,0x1800FFC0
1777196669.599,94370,6,3,COMMS,255,BROADCAST,0,HEARTBEAT,48,HEARTBEAT,0,0,0,0,0,0,0x1800FFC0
1777196670.614,95384,6,3,COMMS,255,BROADCAST,0,HEARTBEAT,48,HEARTBEAT,0,0,0,0,0,0,0x1800FFC0
1777196671.627,96398,6,3,COMMS,255,BROADCAST,0,HEARTBEAT,48,HEARTBEAT,0,0,0,0,0,0,0x1800FFC0
1777196672.637,97412,6,3,COMMS,255,BROADCAST,0,HEARTBEAT,48,HEARTBEAT,0,0,0,0,0,0,0x1800FFC0
1777196673.658,98427,6,3,COMMS,255,BROADCAST,0,HEARTBEAT,48,HEARTBEAT,0,0,0,0,0,0,0x1800FFC0
1777196674.671,99441,6,3,COMMS,255,BROADCAST,0,HEARTBEAT,48,HEARTBEAT,0,0,0,0,0,0,0x1800FFC0
1777196675.687,100457,6,3,COMMS,255,BROADCAST,0,HEARTBEAT,48,HEARTBEAT,0,0,0,0,0,0,0x1800FFC0
1777196676.706,101470,6,3,COMMS,255,BROADCAST,0,HEARTBEAT,48,HEARTBEAT,0,0,0,0,0,0,0x1800FFC0
1777196677.730,102484,6,3,COMMS,255,BROADCAST,0,HEARTBEAT,48,HEARTBEAT,0,0,0,0,0,0,0x1800FFC0
1777196678.760,103498,6,3,COMMS,255,BROADCAST,0,HEARTBEAT,48,HEARTBEAT,0,0,0,0,0,0,0x1800FFC0
1777196679.784,104512,6,3,COMMS,255,BROADCAST,0,HEARTBEAT,48,HEARTBEAT,0,0,0,0,0,0,0x1800FFC0
1777196680.756,105526,6,3,COMMS,255,BROADCAST,0,HEARTBEAT,48,HEARTBEAT,0,0,0,0,0,0,0x1800FFC0
1777196681.770,106541,6,3,COMMS,255,BROADCAST,0,HEARTBEAT,48,HEARTBEAT,0,0,0,0,0,0,0x1800FFC0
1777196682.785,107555,6,3,COMMS,255,BROADCAST,0,HEARTBEAT,48,HEARTBEAT,0,0,0,0,0,0,0x1800FFC0
1777196683.799,108569,6,3,COMMS,255,BROADCAST,0,HEARTBEAT,48,HEARTBEAT,0,0,0,0,0,0,0x1800FFC0
1777196684.813,109583,6,3,COMMS,255,BROADCAST,0,HEARTBEAT,48,HEARTBEAT,0,0,0,0,0,0,0x1800FFC0
1777196685.828,110598,6,3,COMMS,255,BROADCAST,0,HEARTBEAT,48,HEARTBEAT,0,0,0,0,0,0,0x1800FFC0
1777196686.848,111612,6,3,COMMS,255,BROADCAST,0,HEARTBEAT,48,HEARTBEAT,0,0,0,0,0,0,0x1800FFC0
1777196687.870,112626,6,3,COMMS,255,BROADCAST,0,HEARTBEAT,48,HEARTBEAT,0,0,0,0,0,0,0x1800FFC0
1777196688.906,113640,6,3,COMMS,255,BROADCAST,0,HEARTBEAT,48,HEARTBEAT,0,0,0,0,0,0,0x1800FFC0
1777196689.923,114654,6,3,COMMS,255,BROADCAST,0,HEARTBEAT,48,HEARTBEAT,0,0,0,0,0,0,0x1800FFC0
1777196690.898,115669,6,3,COMMS,255,BROADCAST,0,HEARTBEAT,48,HEARTBEAT,0,0,0,0,0,0,0x1800FFC0
1777196691.915,116683,6,3,COMMS,255,BROADCAST,0,HEARTBEAT,48,HEARTBEAT,0,0,0,0,0,0,0x1800FFC0
1777196692.927,117697,6,3,COMMS,255,BROADCAST,0,HEARTBEAT,48,HEARTBEAT,0,0,0,0,0,0,0x1800FFC0
1777196693.943,118711,6,3,COMMS,255,BROADCAST,0,HEARTBEAT,48,HEARTBEAT,0,0,0,0,0,0,0x1800FFC0
1777196694.956,119726,6,3,COMMS,255,BROADCAST,0,HEARTBEAT,48,HEARTBEAT,0,0,0,0,0,0,0x1800FFC0
1777196695.970,120740,6,3,COMMS,255,BROADCAST,0,HEARTBEAT,48,HEARTBEAT,0,0,0,0,0,0,0x1800FFC0
1777196696.985,121754,6,3,COMMS,255,BROADCAST,0,HEARTBEAT,48,HEARTBEAT,0,0,0,0,0,0,0x1800FFC0
1777196698.012,122768,6,3,COMMS,255,BROADCAST,0,HEARTBEAT,48,HEARTBEAT,0,0,0,0,0,0,0x1800FFC0
1777196699.035,123783,6,3,COMMS,255,BROADCAST,0,HEARTBEAT,48,HEARTBEAT,0,0,0,0,0,0,0x1800FFC0
1777196700.049,124797,6,3,COMMS,255,BROADCAST,0,HEARTBEAT,48,HEARTBEAT,0,0,0,0,0,0,0x1800FFC0
1777196701.081,125811,6,3,COMMS,255,BROADCAST,0,HEARTBEAT,48,HEARTBEAT,0,0,0,0,0,0,0x1800FFC0
1777196702.048,126825,6,3,COMMS,255,BROADCAST,0,HEARTBEAT,48,HEARTBEAT,0,0,0,0,0,0,0x1800FFC0
1777196703.069,127839,6,3,COMMS,255,BROADCAST,0,HEARTBEAT,48,HEARTBEAT,0,0,0,0,0,0,0x1800FFC0
1777196704.084,128853,6,3,COMMS,255,BROADCAST,0,HEARTBEAT,48,HEARTBEAT,0,0,0,0,0,0,0x1800FFC0
1777196705.097,129867,6,3,COMMS,255,BROADCAST,0,HEARTBEAT,48,HEARTBEAT,0,0,0,0,0,0,0x1800FFC0
1777196706.111,130882,6,3,COMMS,255,BROADCAST,0,HEARTBEAT,48,HEARTBEAT,0,0,0,0,0,0,0x1800FFC0
1777196707.126,131896,6,3,COMMS,255,BROADCAST,0,HEARTBEAT,48,HEARTBEAT,0,0,0,0,0,0,0x1800FFC0
1777196708.149,132910,6,3,COMMS,255,BROADCAST,0,HEARTBEAT,48,HEARTBEAT,0,0,0,0,0,0,0x1800FFC0
1777196709.173,133924,6,3,COMMS,255,BROADCAST,0,HEARTBEAT,48,HEARTBEAT,0,0,0,0,0,0,0x1800FFC0
1777196710.193,134938,6,3,COMMS,255,BROADCAST,0,HEARTBEAT,48,HEARTBEAT,0,0,0,0,0,0,0x1800FFC0
1777196711.222,135952,6,3,COMMS,255,BROADCAST,0,HEARTBEAT,48,HEARTBEAT,0,0,0,0,0,0,0x1800FFC0
1777196712.197,136967,6,3,COMMS,255,BROADCAST,0,HEARTBEAT,48,HEARTBEAT,0,0,0,0,0,0,0x1800FFC0
1777196713.211,137981,6,3,COMMS,255,BROADCAST,0,HEARTBEAT,48,HEARTBEAT,0,0,0,0,0,0,0x1800FFC0
1777196714.233,138995,6,3,COMMS,255,BROADCAST,0,HEARTBEAT,48,HEARTBEAT,0,0,0,0,0,0,0x1800FFC0
1777196715.240,140009,6,3,COMMS,255,BROADCAST,0,HEARTBEAT,48,HEARTBEAT,0,0,0,0,0,0,0x1800FFC0
1777196716.253,141023,6,3,COMMS,255,BROADCAST,0,HEARTBEAT,48,HEARTBEAT,0,0,0,0,0,0,0x1800FFC0
1777196717.268,142038,6,3,COMMS,255,BROADCAST,0,HEARTBEAT,48,HEARTBEAT,0,0,0,0,0,0,0x1800FFC0
1777196718.284,143052,6,3,COMMS,255,BROADCAST,0,HEARTBEAT,48,HEARTBEAT,0,0,0,0,0,0,0x1800FFC0
1777196719.309,144066,6,3,COMMS,255,BROADCAST,0,HEARTBEAT,48,HEARTBEAT,0,0,0,0,0,0,0x1800FFC0
1777196720.334,145080,6,3,COMMS,255,BROADCAST,0,HEARTBEAT,48,HEARTBEAT,0,0,0,0,0,0,0x1800FFC0
1777196721.358,146094,6,3,COMMS,255,BROADCAST,0,HEARTBEAT,48,HEARTBEAT,0,0,0,0,0,0,0x1800FFC0
1777196722.385,147108,6,3,COMMS,255,BROADCAST,0,HEARTBEAT,48,HEARTBEAT,0,0,0,0,0,0,0x1800FFC0
1777196723.354,148123,6,3,COMMS,255,BROADCAST,0,HEARTBEAT,48,HEARTBEAT,0,0,0,0,0,0,0x1800FFC0
1777196724.368,149137,6,3,COMMS,255,BROADCAST,0,HEARTBEAT,48,HEARTBEAT,0,0,0,0,0,0,0x1800FFC0
1777196725.382,150151,6,3,COMMS,255,BROADCAST,0,HEARTBEAT,48,HEARTBEAT,0,0,0,0,0,0,0x1800FFC0
1777196733.128,5294,6,3,COMMS,255,BROADCAST,0,HEARTBEAT,48,HEARTBEAT,0,0,0,0,0,0,0x1800FFC0
1777196734.160,6309,6,3,COMMS,255,BROADCAST,0,HEARTBEAT,48,HEARTBEAT,0,0,0,0,0,0,0x1800FFC0
1777196735.139,7323,6,3,COMMS,255,BROADCAST,0,HEARTBEAT,48,HEARTBEAT,0,0,0,0,0,0,0x1800FFC0
1777196736.150,8337,6,3,COMMS,255,BROADCAST,0,HEARTBEAT,48,HEARTBEAT,0,0,0,0,0,0,0x1800FFC0
1777196737.163,9351,6,3,COMMS,255,BROADCAST,0,HEARTBEAT,48,HEARTBEAT,0,0,0,0,0,0,0x1800FFC0
1777196738.179,10366,6,3,COMMS,255,BROADCAST,0,HEARTBEAT,48,HEARTBEAT,0,0,0,0,0,0,0x1800FFC0
1777196739.193,11380,6,3,COMMS,255,BROADCAST,0,HEARTBEAT,48,HEARTBEAT,0,0,0,0,0,0,0x1800FFC0
1777196740.209,12394,6,3,COMMS,255,BROADCAST,0,HEARTBEAT,48,HEARTBEAT,0,0,0,0,0,0,0x1800FFC0
1777196741.223,13408,6,3,COMMS,255,BROADCAST,0,HEARTBEAT,48,HEARTBEAT,0,0,0,0,0,0,0x1800FFC0
1777196742.249,14422,6,3,COMMS,255,BROADCAST,0,HEARTBEAT,48,HEARTBEAT,0,0,0,0,0,0,0x1800FFC0
1777196743.272,15437,6,3,COMMS,255,BROADCAST,0,HEARTBEAT,48,HEARTBEAT,0,0,0,0,0,0,0x1800FFC0
1777196744.291,16451,6,3,COMMS,255,BROADCAST,0,HEARTBEAT,48,HEARTBEAT,0,0,0,0,0,0,0x1800FFC0
1777196745.323,17465,6,3,COMMS,255,BROADCAST,0,HEARTBEAT,48,HEARTBEAT,0,0,0,0,0,0,0x1800FFC0
1777196746.294,18480,6,3,COMMS,255,BROADCAST,0,HEARTBEAT,48,HEARTBEAT,0,0,0,0,0,0,0x1800FFC0
1777196747.307,19494,6,3,COMMS,255,BROADCAST,0,HEARTBEAT,48,HEARTBEAT,0,0,0,0,0,0,0x1800FFC0
1777196748.322,20508,6,3,COMMS,255,BROADCAST,0,HEARTBEAT,48,HEARTBEAT,0,0,0,0,0,0,0x1800FFC0
1777196749.335,21522,6,3,COMMS,255,BROADCAST,0,HEARTBEAT,48,HEARTBEAT,0,0,0,0,0,0,0x1800FFC0
1777196750.349,22536,6,3,COMMS,255,BROADCAST,0,HEARTBEAT,48,HEARTBEAT,0,0,0,0,0,0,0x1800FFC0
1777196751.364,23551,6,3,COMMS,255,BROADCAST,0,HEARTBEAT,48,HEARTBEAT,0,0,0,0,0,0,0x1800FFC0
1777196752.401,24565,6,3,COMMS,255,BROADCAST,0,HEARTBEAT,48,HEARTBEAT,0,0,0,0,0,0,0x1800FFC0
1777196753.412,25579,6,3,COMMS,255,BROADCAST,0,HEARTBEAT,48,HEARTBEAT,0,0,0,0,0,0,0x1800FFC0
1777196754.427,26593,6,3,COMMS,255,BROADCAST,0,HEARTBEAT,48,HEARTBEAT,0,0,0,0,0,0,0x1800FFC0
1777196755.455,27608,6,3,COMMS,255,BROADCAST,0,HEARTBEAT,48,HEARTBEAT,0,0,0,0,0,0,0x1800FFC0
1777196756.435,28622,6,3,COMMS,255,BROADCAST,0,HEARTBEAT,48,HEARTBEAT,0,0,0,0,0,0,0x1800FFC0
1777196757.449,29636,6,3,COMMS,255,BROADCAST,0,HEARTBEAT,48,HEARTBEAT,0,0,0,0,0,0,0x1800FFC0
1777196758.463,30650,6,3,COMMS,255,BROADCAST,0,HEARTBEAT,48,HEARTBEAT,0,0,0,0,0,0,0x1800FFC0
1777196759.477,31664,6,3,COMMS,255,BROADCAST,0,HEARTBEAT,48,HEARTBEAT,0,0,0,0,0,0,0x1800FFC0
1777196760.493,32678,6,3,COMMS,255,BROADCAST,0,HEARTBEAT,48,HEARTBEAT,0,0,0,0,0,0,0x1800FFC0
1777196761.505,33692,6,3,COMMS,255,BROADCAST,0,HEARTBEAT,48,HEARTBEAT,0,0,0,0,0,0,0x1800FFC0
1777196762.524,34706,6,3,COMMS,255,BROADCAST,0,HEARTBEAT,48,HEARTBEAT,0,0,0,0,0,0,0x1800FFC0
1777196763.549,35721,6,3,COMMS,255,BROADCAST,0,HEARTBEAT,48,HEARTBEAT,0,0,0,0,0,0,0x1800FFC0
1777196764.564,36735,6,3,COMMS,255,BROADCAST,0,HEARTBEAT,48,HEARTBEAT,0,0,0,0,0,0,0x1800FFC0
1777196765.599,37749,6,3,COMMS,255,BROADCAST,0,HEARTBEAT,48,HEARTBEAT,0,0,0,0,0,0,0x1800FFC0
1777196766.613,38763,6,3,COMMS,255,BROADCAST,0,HEARTBEAT,48,HEARTBEAT,0,0,0,0,0,0,0x1800FFC0
1777196767.590,39777,6,3,COMMS,255,BROADCAST,0,HEARTBEAT,48,HEARTBEAT,0,0,0,0,0,0,0x1800FFC0
1777196768.605,40791,6,3,COMMS,255,BROADCAST,0,HEARTBEAT,48,HEARTBEAT,0,0,0,0,0,0,0x1800FFC0
1777196769.619,41806,6,3,COMMS,255,BROADCAST,0,HEARTBEAT,48,HEARTBEAT,0,0,0,0,0,0,0x1800FFC0
1777196770.633,42820,6,3,COMMS,255,BROADCAST,0,HEARTBEAT,48,HEARTBEAT,0,0,0,0,0,0,0x1800FFC0
1777196771.648,43834,6,3,COMMS,255,BROADCAST,0,HEARTBEAT,48,HEARTBEAT,0,0,0,0,0,0,0x1800FFC0
1777196772.661,44848,6,3,COMMS,255,BROADCAST,0,HEARTBEAT,48,HEARTBEAT,0,0,0,0,0,0,0x1800FFC0
1777196773.684,45862,6,3,COMMS,255,BROADCAST,0,HEARTBEAT,48,HEARTBEAT,0,0,0,0,0,0,0x1800FFC0
1777196774.703,46876,6,3,COMMS,255,BROADCAST,0,HEARTBEAT,48,HEARTBEAT,0,0,0,0,0,0,0x1800FFC0
1777196775.735,47890,6,3,COMMS,255,BROADCAST,0,HEARTBEAT,48,HEARTBEAT,0,0,0,0,0,0,0x1800FFC0
1777196776.759,48904,6,3,COMMS,255,BROADCAST,0,HEARTBEAT,48,HEARTBEAT,0,0,0,0,0,0,0x1800FFC0
1777196777.733,49919,6,3,COMMS,255,BROADCAST,0,HEARTBEAT,48,HEARTBEAT,0,0,0,0,0,0,0x1800FFC0
1777196778.747,50933,6,3,COMMS,255,BROADCAST,0,HEARTBEAT,48,HEARTBEAT,0,0,0,0,0,0,0x1800FFC0
1777196779.773,51947,6,3,COMMS,255,BROADCAST,0,HEARTBEAT,48,HEARTBEAT,0,0,0,0,0,0,0x1800FFC0
1777196780.780,52961,6,3,COMMS,255,BROADCAST,0,HEARTBEAT,48,HEARTBEAT,0,0,0,0,0,0,0x1800FFC0
1777196781.792,53975,6,3,COMMS,255,BROADCAST,0,HEARTBEAT,48,HEARTBEAT,0,0,0,0,0,0,0x1800FFC0
1777196782.802,54989,6,3,COMMS,255,BROADCAST,0,HEARTBEAT,48,HEARTBEAT,0,0,0,0,0,0,0x1800FFC0
1777196783.818,56003,6,3,COMMS,255,BROADCAST,0,HEARTBEAT,48,HEARTBEAT,0,0,0,0,0,0,0x1800FFC0
1777196784.841,57018,6,3,COMMS,255,BROADCAST,0,HEARTBEAT,48,HEARTBEAT,0,0,0,0,0,0,0x1800FFC0
1777196785.873,58032,6,3,COMMS,255,BROADCAST,0,HEARTBEAT,48,HEARTBEAT,0,0,0,0,0,0,0x1800FFC0
1777196786.886,59046,6,3,COMMS,255,BROADCAST,0,HEARTBEAT,48,HEARTBEAT,0,0,0,0,0,0,0x1800FFC0
1777196787.874,60060,6,3,COMMS,255,BROADCAST,0,HEARTBEAT,48,HEARTBEAT,0,0,0,0,0,0,0x1800FFC0
1777196788.888,61074,6,3,COMMS,255,BROADCAST,0,HEARTBEAT,48,HEARTBEAT,0,0,0,0,0,0,0x1800FFC0
1777196789.903,62089,6,3,COMMS,255,BROADCAST,0,HEARTBEAT,48,HEARTBEAT,0,0,0,0,0,0,0x1800FFC0
1777196790.919,63103,6,3,COMMS,255,BROADCAST,0,HEARTBEAT,48,HEARTBEAT,0,0,0,0,0,0,0x1800FFC0
1777196791.931,64117,6,3,COMMS,255,BROADCAST,0,HEARTBEAT,48,HEARTBEAT,0,0,0,0,0,0,0x1800FFC0
1777196792.945,65131,6,3,COMMS,255,BROADCAST,0,HEARTBEAT,48,HEARTBEAT,0,0,0,0,0,0,0x1800FFC0
1777196793.963,66145,6,3,COMMS,255,BROADCAST,0,HEARTBEAT,48,HEARTBEAT,0,0,0,0,0,0,0x1800FFC0
1777196794.986,67159,6,3,COMMS,255,BROADCAST,0,HEARTBEAT,48,HEARTBEAT,0,0,0,0,0,0,0x1800FFC0
1777196796.006,68174,6,3,COMMS,255,BROADCAST,0,HEARTBEAT,48,HEARTBEAT,0,0,0,0,0,0,0x1800FFC0
1777196797.026,69188,6,3,COMMS,255,BROADCAST,0,HEARTBEAT,48,HEARTBEAT,0,0,0,0,0,0,0x1800FFC0
1777196798.059,70202,6,3,COMMS,255,BROADCAST,0,HEARTBEAT,48,HEARTBEAT,0,0,0,0,0,0,0x1800FFC0
1777196799.032,71216,6,3,COMMS,255,BROADCAST,0,HEARTBEAT,48,HEARTBEAT,0,0,0,0,0,0,0x1800FFC0
1777196800.043,72230,6,3,COMMS,255,BROADCAST,0,HEARTBEAT,48,HEARTBEAT,0,0,0,0,0,0,0x1800FFC0
1777196801.061,73245,6,3,COMMS,255,BROADCAST,0,HEARTBEAT,48,HEARTBEAT,0,0,0,0,0,0,0x1800FFC0
1777196802.073,74259,6,3,COMMS,255,BROADCAST,0,HEARTBEAT,48,HEARTBEAT,0,0,0,0,0,0,0x1800FFC0
1777196803.086,75273,6,3,COMMS,255,BROADCAST,0,HEARTBEAT,48,HEARTBEAT,0,0,0,0,0,0,0x1800FFC0
1777196804.101,76287,6,3,COMMS,255,BROADCAST,0,HEARTBEAT,48,HEARTBEAT,0,0,0,0,0,0,0x1800FFC0
1777196805.125,77301,6,3,COMMS,255,BROADCAST,0,HEARTBEAT,48,HEARTBEAT,0,0,0,0,0,0,0x1800FFC0
1777196806.153,78315,6,3,COMMS,255,BROADCAST,0,HEARTBEAT,48,HEARTBEAT,0,0,0,0,0,0,0x1800FFC0
1777196807.160,79329,6,3,COMMS,255,BROADCAST,0,HEARTBEAT,48,HEARTBEAT,0,0,0,0,0,0,0x1800FFC0
1777196808.206,80344,6,3,COMMS,255,BROADCAST,0,HEARTBEAT,48,HEARTBEAT,0,0,0,0,0,0,0x1800FFC0
1777196809.172,81358,6,3,COMMS,255,BROADCAST,0,HEARTBEAT,48,HEARTBEAT,0,0,0,0,0,0,0x1800FFC0
1777196810.186,82372,6,3,COMMS,255,BROADCAST,0,HEARTBEAT,48,HEARTBEAT,0,0,0,0,0,0,0x1800FFC0
1777196811.199,83386,6,3,COMMS,255,BROADCAST,0,HEARTBEAT,48,HEARTBEAT,0,0,0,0,0,0,0x1800FFC0
1777196812.213,84400,6,3,COMMS,255,BROADCAST,0,HEARTBEAT,48,HEARTBEAT,0,0,0,0,0,0,0x1800FFC0
1777196813.227,85414,6,3,COMMS,255,BROADCAST,0,HEARTBEAT,48,HEARTBEAT,0,0,0,0,0,0,0x1800FFC0
1777196814.246,86429,6,3,COMMS,255,BROADCAST,0,HEARTBEAT,48,HEARTBEAT,0,0,0,0,0,0,0x1800FFC0
1777196815.259,87443,6,3,COMMS,255,BROADCAST,0,HEARTBEAT,48,HEARTBEAT,0,0,0,0,0,0,0x1800FFC0
1777196816.286,88457,6,3,COMMS,255,BROADCAST,0,HEARTBEAT,48,HEARTBEAT,0,0,0,0,0,0,0x1800FFC0
1777196817.311,89471,6,3,COMMS,255,BROADCAST,0,HEARTBEAT,48,HEARTBEAT,0,0,0,0,0,0,0x1800FFC0
1777196818.327,90485,6,3,COMMS,255,BROADCAST,0,HEARTBEAT,48,HEARTBEAT,0,0,0,0,0,0,0x1800FFC0
1777196819.314,91499,6,3,COMMS,255,BROADCAST,0,HEARTBEAT,48,HEARTBEAT,0,0,0,0,0,0,0x1800FFC0
1777196820.329,92514,6,3,COMMS,255,BROADCAST,0,HEARTBEAT,48,HEARTBEAT,0,0,0,0,0,0,0x1800FFC0
1777196821.342,93528,6,3,COMMS,255,BROADCAST,0,HEARTBEAT,48,HEARTBEAT,0,0,0,0,0,0,0x1800FFC0
1777196822.357,94542,6,3,COMMS,255,BROADCAST,0,HEARTBEAT,48,HEARTBEAT,0,0,0,0,0,0,0x1800FFC0
1777196823.370,95556,6,3,COMMS,255,BROADCAST,0,HEARTBEAT,48,HEARTBEAT,0,0,0,0,0,0,0x1800FFC0
1777196824.385,96570,6,3,COMMS,255,BROADCAST,0,HEARTBEAT,48,HEARTBEAT,0,0,0,0,0,0,0x1800FFC0
1777196825.398,97584,6,3,COMMS,255,BROADCAST,0,HEARTBEAT,48,HEARTBEAT,0,0,0,0,0,0,0x1800FFC0
1777196826.428,98598,6,3,COMMS,255,BROADCAST,0,HEARTBEAT,48,HEARTBEAT,0,0,0,0,0,0,0x1800FFC0
1777196827.447,99613,6,3,COMMS,255,BROADCAST,0,HEARTBEAT,48,HEARTBEAT,0,0,0,0,0,0,0x1800FFC0
1777196828.466,100629,6,3,COMMS,255,BROADCAST,0,HEARTBEAT,48,HEARTBEAT,0,0,0,0,0,0,0x1800FFC0
1777196829.484,101641,6,3,COMMS,255,BROADCAST,0,HEARTBEAT,48,HEARTBEAT,0,0,0,0,0,0,0x1800FFC0
1777196830.470,102655,6,3,COMMS,255,BROADCAST,0,HEARTBEAT,48,HEARTBEAT,0,0,0,0,0,0,0x1800FFC0
1777196831.483,103669,6,3,COMMS,255,BROADCAST,0,HEARTBEAT,48,HEARTBEAT,0,0,0,0,0,0,0x1800FFC0
1777196832.498,104683,6,3,COMMS,255,BROADCAST,0,HEARTBEAT,48,HEARTBEAT,0,0,0,0,0,0,0x1800FFC0
1777196833.511,105697,6,3,COMMS,255,BROADCAST,0,HEARTBEAT,48,HEARTBEAT,0,0,0,0,0,0,0x1800FFC0
1777196834.527,106711,6,3,COMMS,255,BROADCAST,0,HEARTBEAT,48,HEARTBEAT,0,0,0,0,0,0,0x1800FFC0
1777196835.539,107725,6,3,COMMS,255,BROADCAST,0,HEARTBEAT,48,HEARTBEAT,0,0,0,0,0,0,0x1800FFC0
1777196850.996,5294,6,3,COMMS,255,BROADCAST,0,HEARTBEAT,48,HEARTBEAT,0,0,0,0,0,0,0x1800FFC0
1777196852.024,6308,6,3,COMMS,255,BROADCAST,0,HEARTBEAT,48,HEARTBEAT,0,0,0,0,0,0,0x1800FFC0
1777196853.043,7322,6,3,COMMS,255,BROADCAST,0,HEARTBEAT,48,HEARTBEAT,0,0,0,0,0,0,0x1800FFC0
1777196854.074,8336,6,3,COMMS,255,BROADCAST,0,HEARTBEAT,48,HEARTBEAT,0,0,0,0,0,0,0x1800FFC0
1777196855.058,9350,6,3,COMMS,255,BROADCAST,0,HEARTBEAT,48,HEARTBEAT,0,0,0,0,0,0,0x1800FFC0
1777196856.065,10364,6,3,COMMS,255,BROADCAST,0,HEARTBEAT,48,HEARTBEAT,0,0,0,0,0,0,0x1800FFC0
1777196857.079,11379,6,3,COMMS,255,BROADCAST,0,HEARTBEAT,48,HEARTBEAT,0,0,0,0,0,0,0x1800FFC0
1777196858.093,12393,6,3,COMMS,255,BROADCAST,0,HEARTBEAT,48,HEARTBEAT,0,0,0,0,0,0,0x1800FFC0
1777196859.101,13407,6,3,COMMS,255,BROADCAST,0,HEARTBEAT,48,HEARTBEAT,0,0,0,0,0,0,0x1800FFC0
1777196860.122,14421,6,3,COMMS,255,BROADCAST,0,HEARTBEAT,48,HEARTBEAT,0,0,0,0,0,0,0x1800FFC0
1777196861.136,15435,6,3,COMMS,255,BROADCAST,0,HEARTBEAT,48,HEARTBEAT,0,0,0,0,0,0,0x1800FFC0
1777196862.162,16449,6,3,COMMS,255,BROADCAST,0,HEARTBEAT,48,HEARTBEAT,0,0,0,0,0,0,0x1800FFC0
1777196863.185,17463,6,3,COMMS,255,BROADCAST,0,HEARTBEAT,48,HEARTBEAT,0,0,0,0,0,0,0x1800FFC0
1777196864.212,18477,6,3,COMMS,255,BROADCAST,0,HEARTBEAT,48,HEARTBEAT,0,0,0,0,0,0,0x1800FFC0
1777196865.236,19491,6,3,COMMS,255,BROADCAST,0,HEARTBEAT,48,HEARTBEAT,0,0,0,0,0,0,0x1800FFC0
1777196866.208,20506,6,3,COMMS,255,BROADCAST,0,HEARTBEAT,48,HEARTBEAT,0,0,0,0,0,0,0x1800FFC0
1777196867.222,21520,6,3,COMMS,255,BROADCAST,0,HEARTBEAT,48,HEARTBEAT,0,0,0,0,0,0,0x1800FFC0
1777196868.234,22533,6,3,COMMS,255,BROADCAST,0,HEARTBEAT,48,HEARTBEAT,0,0,0,0,0,0,0x1800FFC0
1777196869.248,23548,6,3,COMMS,255,BROADCAST,0,HEARTBEAT,48,HEARTBEAT,0,0,0,0,0,0,0x1800FFC0
1777196870.262,24561,6,3,COMMS,255,BROADCAST,0,HEARTBEAT,48,HEARTBEAT,0,0,0,0,0,0,0x1800FFC0
1777196871.276,25575,6,3,COMMS,255,BROADCAST,0,HEARTBEAT,48,HEARTBEAT,0,0,0,0,0,0,0x1800FFC0
1777196872.299,26589,6,3,COMMS,255,BROADCAST,0,HEARTBEAT,48,HEARTBEAT,0,0,0,0,0,0,0x1800FFC0
1777196873.324,27604,6,3,COMMS,255,BROADCAST,0,HEARTBEAT,48,HEARTBEAT,0,0,0,0,0,0,0x1800FFC0
1777196874.343,28617,6,3,COMMS,255,BROADCAST,0,HEARTBEAT,48,HEARTBEAT,0,0,0,0,0,0,0x1800FFC0
1777196875.377,29632,6,3,COMMS,255,BROADCAST,0,HEARTBEAT,48,HEARTBEAT,0,0,0,0,0,0,0x1800FFC0
1777196876.347,30646,6,3,COMMS,255,BROADCAST,0,HEARTBEAT,48,HEARTBEAT,0,0,0,0,0,0,0x1800FFC0
1777196877.363,31660,6,3,COMMS,255,BROADCAST,0,HEARTBEAT,48,HEARTBEAT,0,0,0,0,0,0,0x1800FFC0
1777196878.375,32674,6,3,COMMS,255,BROADCAST,0,HEARTBEAT,48,HEARTBEAT,0,0,0,0,0,0,0x1800FFC0
1777196879.389,33688,6,3,COMMS,255,BROADCAST,0,HEARTBEAT,48,HEARTBEAT,0,0,0,0,0,0,0x1800FFC0
1777196880.415,34702,6,3,COMMS,255,BROADCAST,0,HEARTBEAT,48,HEARTBEAT,0,0,0,0,0,0,0x1800FFC0
1777196881.417,35716,6,3,COMMS,255,BROADCAST,0,HEARTBEAT,48,HEARTBEAT,0,0,0,0,0,0,0x1800FFC0
1777196882.435,36730,6,3,COMMS,255,BROADCAST,0,HEARTBEAT,48,HEARTBEAT,0,0,0,0,0,0,0x1800FFC0
1777196883.465,37744,6,3,COMMS,255,BROADCAST,0,HEARTBEAT,48,HEARTBEAT,0,0,0,0,0,0,0x1800FFC0
1777196884.486,38758,6,3,COMMS,255,BROADCAST,0,HEARTBEAT,48,HEARTBEAT,0,0,0,0,0,0,0x1800FFC0
1777196885.511,39773,6,3,COMMS,255,BROADCAST,0,HEARTBEAT,48,HEARTBEAT,0,0,0,0,0,0,0x1800FFC0
1777196886.488,40787,6,3,COMMS,255,BROADCAST,0,HEARTBEAT,48,HEARTBEAT,0,0,0,0,0,0,0x1800FFC0
1777196887.491,41801,6,3,COMMS,255,BROADCAST,0,HEARTBEAT,48,HEARTBEAT,0,0,0,0,0,0,0x1800FFC0
1777196888.516,42815,6,3,COMMS,255,BROADCAST,0,HEARTBEAT,48,HEARTBEAT,0,0,0,0,0,0,0x1800FFC0
1777196889.529,43829,6,3,COMMS,255,BROADCAST,0,HEARTBEAT,48,HEARTBEAT,0,0,0,0,0,0,0x1800FFC0
1777196890.544,44843,6,3,COMMS,255,BROADCAST,0,HEARTBEAT,48,HEARTBEAT,0,0,0,0,0,0,0x1800FFC0
1777196891.558,45857,6,3,COMMS,255,BROADCAST,0,HEARTBEAT,48,HEARTBEAT,0,0,0,0,0,0,0x1800FFC0
1777196892.573,46871,6,3,COMMS,255,BROADCAST,0,HEARTBEAT,48,HEARTBEAT,0,0,0,0,0,0,0x1800FFC0
1777196893.595,47885,6,3,COMMS,255,BROADCAST,0,HEARTBEAT,48,HEARTBEAT,0,0,0,0,0,0,0x1800FFC0
1777196894.625,48899,6,3,COMMS,255,BROADCAST,0,HEARTBEAT,48,HEARTBEAT,0,0,0,0,0,0,0x1800FFC0
1777196895.647,49913,6,3,COMMS,255,BROADCAST,0,HEARTBEAT,48,HEARTBEAT,0,0,0,0,0,0,0x1800FFC0
1777196896.628,50927,6,3,COMMS,255,BROADCAST,0,HEARTBEAT,48,HEARTBEAT,0,0,0,0,0,0,0x1800FFC0
1777196897.643,51941,6,3,COMMS,255,BROADCAST,0,HEARTBEAT,48,HEARTBEAT,0,0,0,0,0,0,0x1800FFC0
1777196898.660,52955,6,3,COMMS,255,BROADCAST,0,HEARTBEAT,48,HEARTBEAT,0,0,0,0,0,0,0x1800FFC0
1777196899.673,53970,6,3,COMMS,255,BROADCAST,0,HEARTBEAT,48,HEARTBEAT,0,0,0,0,0,0,0x1800FFC0
1777196900.691,54984,6,3,COMMS,255,BROADCAST,0,HEARTBEAT,48,HEARTBEAT,0,0,0,0,0,0,0x1800FFC0
1777196901.699,55998,6,3,COMMS,255,BROADCAST,0,HEARTBEAT,48,HEARTBEAT,0,0,0,0,0,0,0x1800FFC0
1777196902.714,57012,6,3,COMMS,255,BROADCAST,0,HEARTBEAT,48,HEARTBEAT,0,0,0,0,0,0,0x1800FFC0
1777196903.742,58027,6,3,COMMS,255,BROADCAST,0,HEARTBEAT,48,HEARTBEAT,0,0,0,0,0,0,0x1800FFC0
1777196904.763,59041,6,3,COMMS,255,BROADCAST,0,HEARTBEAT,48,HEARTBEAT,0,0,0,0,0,0,0x1800FFC0
1777196905.787,60055,6,3,COMMS,255,BROADCAST,0,HEARTBEAT,48,HEARTBEAT,0,0,0,0,0,0,0x1800FFC0
1777196906.806,61069,6,3,COMMS,255,BROADCAST,0,HEARTBEAT,48,HEARTBEAT,0,0,0,0,0,0,0x1800FFC0
1777196907.790,62083,6,3,COMMS,255,BROADCAST,0,HEARTBEAT,48,HEARTBEAT,0,0,0,0,0,0,0x1800FFC0
1777196908.807,63097,6,3,COMMS,255,BROADCAST,0,HEARTBEAT,48,HEARTBEAT,0,0,0,0,0,0,0x1800FFC0
1777196909.814,64112,6,3,COMMS,255,BROADCAST,0,HEARTBEAT,48,HEARTBEAT,0,0,0,0,0,0,0x1800FFC0
1777196910.827,65126,6,3,COMMS,255,BROADCAST,0,HEARTBEAT,48,HEARTBEAT,0,0,0,0,0,0,0x1800FFC0
1777196911.838,66140,6,3,COMMS,255,BROADCAST,0,HEARTBEAT,48,HEARTBEAT,0,0,0,0,0,0,0x1800FFC0
1777196912.853,67154,6,3,COMMS,255,BROADCAST,0,HEARTBEAT,48,HEARTBEAT,0,0,0,0,0,0,0x1800FFC0
1777196913.875,68168,6,3,COMMS,255,BROADCAST,0,HEARTBEAT,48,HEARTBEAT,0,0,0,0,0,0,0x1800FFC0
1777196914.900,69182,6,3,COMMS,255,BROADCAST,0,HEARTBEAT,48,HEARTBEAT,0,0,0,0,0,0,0x1800FFC0
1777196915.926,70197,6,3,COMMS,255,BROADCAST,0,HEARTBEAT,48,HEARTBEAT,0,0,0,0,0,0,0x1800FFC0
1777196916.949,71211,6,3,COMMS,255,BROADCAST,0,HEARTBEAT,48,HEARTBEAT,0,0,0,0,0,0,0x1800FFC0
1777196917.925,72225,6,3,COMMS,255,BROADCAST,0,HEARTBEAT,48,HEARTBEAT,0,0,0,0,0,0,0x1800FFC0
1777196918.941,73239,6,3,COMMS,255,BROADCAST,0,HEARTBEAT,48,HEARTBEAT,0,0,0,0,0,0,0x1800FFC0
1777196919.954,74253,6,3,COMMS,255,BROADCAST,0,HEARTBEAT,48,HEARTBEAT,0,0,0,0,0,0,0x1800FFC0
1777196920.966,75267,6,3,COMMS,255,BROADCAST,0,HEARTBEAT,48,HEARTBEAT,0,0,0,0,0,0,0x1800FFC0
1777196921.983,76281,6,3,COMMS,255,BROADCAST,0,HEARTBEAT,48,HEARTBEAT,0,0,0,0,0,0,0x1800FFC0
1777196922.996,77295,6,3,COMMS,255,BROADCAST,0,HEARTBEAT,48,HEARTBEAT,0,0,0,0,0,0,0x1800FFC0
1777196924.043,78309,6,3,COMMS,255,BROADCAST,0,HEARTBEAT,48,HEARTBEAT,0,0,0,0,0,0,0x1800FFC0
1777196925.066,79323,6,3,COMMS,255,BROADCAST,0,HEARTBEAT,48,HEARTBEAT,0,0,0,0,0,0,0x1800FFC0
1777196926.088,80338,6,3,COMMS,255,BROADCAST,0,HEARTBEAT,48,HEARTBEAT,0,0,0,0,0,0,0x1800FFC0
1777196927.106,81352,6,3,COMMS,255,BROADCAST,0,HEARTBEAT,48,HEARTBEAT,0,0,0,0,0,0,0x1800FFC0
1777196928.131,82366,6,3,COMMS,255,BROADCAST,0,HEARTBEAT,48,HEARTBEAT,0,0,0,0,0,0,0x1800FFC0
1777196929.082,83380,6,3,COMMS,255,BROADCAST,0,HEARTBEAT,48,HEARTBEAT,0,0,0,0,0,0,0x1800FFC0
1777196930.095,84394,6,3,COMMS,255,BROADCAST,0,HEARTBEAT,48,HEARTBEAT,0,0,0,0,0,0,0x1800FFC0
1777196931.117,85408,6,3,COMMS,255,BROADCAST,0,HEARTBEAT,48,HEARTBEAT,0,0,0,0,0,0,0x1800FFC0
1777196932.124,86422,6,3,COMMS,255,BROADCAST,0,HEARTBEAT,48,HEARTBEAT,0,0,0,0,0,0,0x1800FFC0
1777196933.139,87437,6,3,COMMS,255,BROADCAST,0,HEARTBEAT,48,HEARTBEAT,0,0,0,0,0,0,0x1800FFC0
1777196934.156,88451,6,3,COMMS,255,BROADCAST,0,HEARTBEAT,48,HEARTBEAT,0,0,0,0,0,0,0x1800FFC0
1777196935.179,89465,6,3,COMMS,255,BROADCAST,0,HEARTBEAT,48,HEARTBEAT,0,0,0,0,0,0,0x1800FFC0
1777196936.212,90479,6,3,COMMS,255,BROADCAST,0,HEARTBEAT,48,HEARTBEAT,0,0,0,0,0,0,0x1800FFC0
1777196937.229,91493,6,3,COMMS,255,BROADCAST,0,HEARTBEAT,48,HEARTBEAT,0,0,0,0,0,0,0x1800FFC0
1777196938.252,92507,6,3,COMMS,255,BROADCAST,0,HEARTBEAT,48,HEARTBEAT,0,0,0,0,0,0,0x1800FFC0
1777196939.223,93521,6,3,COMMS,255,BROADCAST,0,HEARTBEAT,48,HEARTBEAT,0,0,0,0,0,0,0x1800FFC0
1777196940.236,94535,6,3,COMMS,255,BROADCAST,0,HEARTBEAT,48,HEARTBEAT,0,0,0,0,0,0,0x1800FFC0
1777196941.251,95549,6,3,COMMS,255,BROADCAST,0,HEARTBEAT,48,HEARTBEAT,0,0,0,0,0,0,0x1800FFC0
1777196942.271,96564,6,3,COMMS,255,BROADCAST,0,HEARTBEAT,48,HEARTBEAT,0,0,0,0,0,0,0x1800FFC0
1777196943.281,97578,6,3,COMMS,255,BROADCAST,0,HEARTBEAT,48,HEARTBEAT,0,0,0,0,0,0,0x1800FFC0
1777196944.294,98592,6,3,COMMS,255,BROADCAST,0,HEARTBEAT,48,HEARTBEAT,0,0,0,0,0,0,0x1800FFC0
1777196945.304,99606,6,3,COMMS,255,BROADCAST,0,HEARTBEAT,48,HEARTBEAT,0,0,0,0,0,0,0x1800FFC0
1777196946.343,100622,6,3,COMMS,255,BROADCAST,0,HEARTBEAT,48,HEARTBEAT,0,0,0,0,0,0,0x1800FFC0
1777196947.367,101635,6,3,COMMS,255,BROADCAST,0,HEARTBEAT,48,HEARTBEAT,0,0,0,0,0,0,0x1800FFC0
1777196953.355,5294,6,3,COMMS,255,BROADCAST,0,HEARTBEAT,48,HEARTBEAT,0,0,0,0,0,0,0x1800FFC0
1777196954.369,6308,6,3,COMMS,255,BROADCAST,0,HEARTBEAT,48,HEARTBEAT,0,0,0,0,0,0,0x1800FFC0
1777196955.380,7322,6,3,COMMS,255,BROADCAST,0,HEARTBEAT,48,HEARTBEAT,0,0,0,0,0,0,0x1800FFC0
1777196956.395,8336,6,3,COMMS,255,BROADCAST,0,HEARTBEAT,48,HEARTBEAT,0,0,0,0,0,0,0x1800FFC0
1777196957.408,9351,6,3,COMMS,255,BROADCAST,0,HEARTBEAT,48,HEARTBEAT,0,0,0,0,0,0,0x1800FFC0
1777196958.423,10365,6,3,COMMS,255,BROADCAST,0,HEARTBEAT,48,HEARTBEAT,0,0,0,0,0,0,0x1800FFC0
1777196959.454,11379,6,3,COMMS,255,BROADCAST,0,HEARTBEAT,48,HEARTBEAT,0,0,0,0,0,0,0x1800FFC0
1777196960.471,12393,6,3,COMMS,255,BROADCAST,0,HEARTBEAT,48,HEARTBEAT,0,0,0,0,0,0,0x1800FFC0
1777196961.486,13407,6,3,COMMS,255,BROADCAST,0,HEARTBEAT,48,HEARTBEAT,0,0,0,0,0,0,0x1800FFC0
1777196962.527,14421,6,3,COMMS,255,BROADCAST,0,HEARTBEAT,48,HEARTBEAT,0,0,0,0,0,0,0x1800FFC0
1777196963.493,15435,6,3,COMMS,255,BROADCAST,0,HEARTBEAT,48,HEARTBEAT,0,0,0,0,0,0,0x1800FFC0
1777196964.505,16449,6,3,COMMS,255,BROADCAST,0,HEARTBEAT,48,HEARTBEAT,0,0,0,0,0,0,0x1800FFC0
1777196965.587,17463,6,3,COMMS,255,BROADCAST,0,HEARTBEAT,48,HEARTBEAT,0,0,0,0,0,0,0x1800FFC0
1777196966.530,18477,6,3,COMMS,255,BROADCAST,0,HEARTBEAT,48,HEARTBEAT,0,0,0,0,0,0,0x1800FFC0
1777196967.548,19491,6,3,COMMS,255,BROADCAST,0,HEARTBEAT,48,HEARTBEAT,0,0,0,0,0,0,0x1800FFC0
1777196968.560,20505,6,3,COMMS,255,BROADCAST,0,HEARTBEAT,48,HEARTBEAT,0,0,0,0,0,0,0x1800FFC0
1777196969.584,21519,6,3,COMMS,255,BROADCAST,0,HEARTBEAT,48,HEARTBEAT,0,0,0,0,0,0,0x1800FFC0
1777196970.600,22533,6,3,COMMS,255,BROADCAST,0,HEARTBEAT,48,HEARTBEAT,0,0,0,0,0,0,0x1800FFC0
1777196971.633,23547,6,3,COMMS,255,BROADCAST,0,HEARTBEAT,48,HEARTBEAT,0,0,0,0,0,0,0x1800FFC0
1777196972.659,24560,6,3,COMMS,255,BROADCAST,0,HEARTBEAT,48,HEARTBEAT,0,0,0,0,0,0,0x1800FFC0
1777196973.631,25575,6,3,COMMS,255,BROADCAST,0,HEARTBEAT,48,HEARTBEAT,0,0,0,0,0,0,0x1800FFC0
1777196974.644,26589,6,3,COMMS,255,BROADCAST,0,HEARTBEAT,48,HEARTBEAT,0,0,0,0,0,0,0x1800FFC0
1777196975.662,27603,6,3,COMMS,255,BROADCAST,0,HEARTBEAT,48,HEARTBEAT,0,0,0,0,0,0,0x1800FFC0
1777196976.674,28617,6,3,COMMS,255,BROADCAST,0,HEARTBEAT,48,HEARTBEAT,0,0,0,0,0,0,0x1800FFC0
1777196977.686,29631,6,3,COMMS,255,BROADCAST,0,HEARTBEAT,48,HEARTBEAT,0,0,0,0,0,0,0x1800FFC0
1777196978.693,30645,6,3,COMMS,255,BROADCAST,0,HEARTBEAT,48,HEARTBEAT,0,0,0,0,0,0,0x1800FFC0
1777196993.497,5294,6,3,COMMS,255,BROADCAST,0,HEARTBEAT,48,HEARTBEAT,0,0,0,0,0,0,0x1800FFC0
1777196994.506,6308,6,3,COMMS,255,BROADCAST,0,HEARTBEAT,48,HEARTBEAT,0,0,0,0,0,0,0x1800FFC0
1777196995.516,7323,6,3,COMMS,255,BROADCAST,0,HEARTBEAT,48,HEARTBEAT,0,0,0,0,0,0,0x1800FFC0
1777196996.539,8337,6,3,COMMS,255,BROADCAST,0,HEARTBEAT,48,HEARTBEAT,0,0,0,0,0,0,0x1800FFC0
1777196997.553,9351,6,3,COMMS,255,BROADCAST,0,HEARTBEAT,48,HEARTBEAT,0,0,0,0,0,0,0x1800FFC0
1777196998.568,10365,6,3,COMMS,255,BROADCAST,0,HEARTBEAT,48,HEARTBEAT,0,0,0,0,0,0,0x1800FFC0
1777196999.592,11379,6,3,COMMS,255,BROADCAST,0,HEARTBEAT,48,HEARTBEAT,0,0,0,0,0,0,0x1800FFC0
1777197000.617,12393,6,3,COMMS,255,BROADCAST,0,HEARTBEAT,48,HEARTBEAT,0,0,0,0,0,0,0x1800FFC0
1777197001.646,13408,6,3,COMMS,255,BROADCAST,0,HEARTBEAT,48,HEARTBEAT,0,0,0,0,0,0,0x1800FFC0
1777197002.664,14422,6,3,COMMS,255,BROADCAST,0,HEARTBEAT,48,HEARTBEAT,0,0,0,0,0,0,0x1800FFC0
1777197003.639,15436,6,3,COMMS,255,BROADCAST,0,HEARTBEAT,48,HEARTBEAT,0,0,0,0,0,0,0x1800FFC0
1777197004.656,16450,6,3,COMMS,255,BROADCAST,0,HEARTBEAT,48,HEARTBEAT,0,0,0,0,0,0,0x1800FFC0
1777197005.666,17464,6,3,COMMS,255,BROADCAST,0,HEARTBEAT,48,HEARTBEAT,0,0,0,0,0,0,0x1800FFC0
1777197006.680,18478,6,3,COMMS,255,BROADCAST,0,HEARTBEAT,48,HEARTBEAT,0,0,0,0,0,0,0x1800FFC0
1777197007.694,19492,6,3,COMMS,255,BROADCAST,0,HEARTBEAT,48,HEARTBEAT,0,0,0,0,0,0,0x1800FFC0
1777197008.710,20506,6,3,COMMS,255,BROADCAST,0,HEARTBEAT,48,HEARTBEAT,0,0,0,0,0,0,0x1800FFC0
1777197009.730,21520,6,3,COMMS,255,BROADCAST,0,HEARTBEAT,48,HEARTBEAT,0,0,0,0,0,0,0x1800FFC0
1777197010.751,22534,6,3,COMMS,255,BROADCAST,0,HEARTBEAT,48,HEARTBEAT,0,0,0,0,0,0,0x1800FFC0
1777197011.774,23548,6,3,COMMS,255,BROADCAST,0,HEARTBEAT,48,HEARTBEAT,0,0,0,0,0,0,0x1800FFC0
1777197012.791,24562,6,3,COMMS,255,BROADCAST,0,HEARTBEAT,48,HEARTBEAT,0,0,0,0,0,0,0x1800FFC0
1777197013.813,25576,6,3,COMMS,255,BROADCAST,0,HEARTBEAT,48,HEARTBEAT,0,0,0,0,0,0,0x1800FFC0
1777197014.790,26590,6,3,COMMS,255,BROADCAST,0,HEARTBEAT,48,HEARTBEAT,0,0,0,0,0,0,0x1800FFC0
1777197015.803,27605,6,3,COMMS,255,BROADCAST,0,HEARTBEAT,48,HEARTBEAT,0,0,0,0,0,0,0x1800FFC0
1777197016.821,28619,6,3,COMMS,255,BROADCAST,0,HEARTBEAT,48,HEARTBEAT,0,0,0,0,0,0,0x1800FFC0
1777197017.831,29633,6,3,COMMS,255,BROADCAST,0,HEARTBEAT,48,HEARTBEAT,0,0,0,0,0,0,0x1800FFC0
1777197018.849,30647,6,3,COMMS,255,BROADCAST,0,HEARTBEAT,48,HEARTBEAT,0,0,0,0,0,0,0x1800FFC0
1777197019.862,31661,6,3,COMMS,255,BROADCAST,0,HEARTBEAT,48,HEARTBEAT,0,0,0,0,0,0,0x1800FFC0
1777197020.890,32675,6,3,COMMS,255,BROADCAST,0,HEARTBEAT,48,HEARTBEAT,0,0,0,0,0,0,0x1800FFC0
1777197021.911,33690,6,3,COMMS,255,BROADCAST,0,HEARTBEAT,48,HEARTBEAT,0,0,0,0,0,0,0x1800FFC0
1777197022.935,34704,6,3,COMMS,255,BROADCAST,0,HEARTBEAT,48,HEARTBEAT,0,0,0,0,0,0,0x1800FFC0
1777197023.962,35718,6,3,COMMS,255,BROADCAST,0,HEARTBEAT,48,HEARTBEAT,0,0,0,0,0,0,0x1800FFC0
1777197024.934,36732,6,3,COMMS,255,BROADCAST,0,HEARTBEAT,48,HEARTBEAT,0,0,0,0,0,0,0x1800FFC0
1777197025.949,37747,6,3,COMMS,255,BROADCAST,0,HEARTBEAT,48,HEARTBEAT,0,0,0,0,0,0,0x1800FFC0
1777197026.962,38761,6,3,COMMS,255,BROADCAST,0,HEARTBEAT,48,HEARTBEAT,0,0,0,0,0,0,0x1800FFC0
1777197027.978,39775,6,3,COMMS,255,BROADCAST,0,HEARTBEAT,48,HEARTBEAT,0,0,0,0,0,0,0x1800FFC0
1777197028.991,40789,6,3,COMMS,255,BROADCAST,0,HEARTBEAT,48,HEARTBEAT,0,0,0,0,0,0,0x1800FFC0
1777197030.006,41803,6,3,COMMS,255,BROADCAST,0,HEARTBEAT,48,HEARTBEAT,0,0,0,0,0,0,0x1800FFC0
1777197031.029,42817,6,3,COMMS,255,BROADCAST,0,HEARTBEAT,48,HEARTBEAT,0,0,0,0,0,0,0x1800FFC0
1777197032.045,43832,6,3,COMMS,255,BROADCAST,0,HEARTBEAT,48,HEARTBEAT,0,0,0,0,0,0,0x1800FFC0
1777197033.075,44846,6,3,COMMS,255,BROADCAST,0,HEARTBEAT,48,HEARTBEAT,0,0,0,0,0,0,0x1800FFC0
1777197034.097,45860,6,3,COMMS,255,BROADCAST,0,HEARTBEAT,48,HEARTBEAT,0,0,0,0,0,0,0x1800FFC0
1777197035.077,46874,6,3,COMMS,255,BROADCAST,0,HEARTBEAT,48,HEARTBEAT,0,0,0,0,0,0,0x1800FFC0
1777197036.091,47888,6,3,COMMS,255,BROADCAST,0,HEARTBEAT,48,HEARTBEAT,0,0,0,0,0,0,0x1800FFC0
1777197037.106,48903,6,3,COMMS,255,BROADCAST,0,HEARTBEAT,48,HEARTBEAT,0,0,0,0,0,0,0x1800FFC0
1777197038.120,49917,6,3,COMMS,255,BROADCAST,0,HEARTBEAT,48,HEARTBEAT,0,0,0,0,0,0,0x1800FFC0
1777197039.132,50931,6,3,COMMS,255,BROADCAST,0,HEARTBEAT,48,HEARTBEAT,0,0,0,0,0,0,0x1800FFC0
1777197040.147,51945,6,3,COMMS,255,BROADCAST,0,HEARTBEAT,48,HEARTBEAT,0,0,0,0,0,0,0x1800FFC0
1777197041.165,52959,6,3,COMMS,255,BROADCAST,0,HEARTBEAT,48,HEARTBEAT,0,0,0,0,0,0,0x1800FFC0
1777197042.188,53973,6,3,COMMS,255,BROADCAST,0,HEARTBEAT,48,HEARTBEAT,0,0,0,0,0,0,0x1800FFC0
1777197043.206,54987,6,3,COMMS,255,BROADCAST,0,HEARTBEAT,48,HEARTBEAT,0,0,0,0,0,0,0x1800FFC0
1777197044.228,56001,6,3,COMMS,255,BROADCAST,0,HEARTBEAT,48,HEARTBEAT,0,0,0,0,0,0,0x1800FFC0
1777197045.258,57015,6,3,COMMS,255,BROADCAST,0,HEARTBEAT,48,HEARTBEAT,0,0,0,0,0,0,0x1800FFC0
1777197046.234,58030,6,3,COMMS,255,BROADCAST,0,HEARTBEAT,48,HEARTBEAT,0,0,0,0,0,0,0x1800FFC0
1777197047.246,59044,6,3,COMMS,255,BROADCAST,0,HEARTBEAT,48,HEARTBEAT,0,0,0,0,0,0,0x1800FFC0
1777197048.262,60058,6,3,COMMS,255,BROADCAST,0,HEARTBEAT,48,HEARTBEAT,0,0,0,0,0,0,0x1800FFC0
1777197049.277,61072,6,3,COMMS,255,BROADCAST,0,HEARTBEAT,48,HEARTBEAT,0,0,0,0,0,0,0x1800FFC0
1777197050.291,62087,6,3,COMMS,255,BROADCAST,0,HEARTBEAT,48,HEARTBEAT,0,0,0,0,0,0,0x1800FFC0
1777197051.304,63101,6,3,COMMS,255,BROADCAST,0,HEARTBEAT,48,HEARTBEAT,0,0,0,0,0,0,0x1800FFC0
1777197052.332,64115,6,3,COMMS,255,BROADCAST,0,HEARTBEAT,48,HEARTBEAT,0,0,0,0,0,0,0x1800FFC0
1777197053.347,65129,6,3,COMMS,255,BROADCAST,0,HEARTBEAT,48,HEARTBEAT,0,0,0,0,0,0,0x1800FFC0
1777197054.361,66144,6,3,COMMS,255,BROADCAST,0,HEARTBEAT,48,HEARTBEAT,0,0,0,0,0,0,0x1800FFC0
1777197055.394,67158,6,3,COMMS,255,BROADCAST,0,HEARTBEAT,48,HEARTBEAT,0,0,0,0,0,0,0x1800FFC0
1777197056.377,68172,6,3,COMMS,255,BROADCAST,0,HEARTBEAT,48,HEARTBEAT,0,0,0,0,0,0,0x1800FFC0
1777197057.392,69187,6,3,COMMS,255,BROADCAST,0,HEARTBEAT,48,HEARTBEAT,0,0,0,0,0,0,0x1800FFC0
1777197058.403,70201,6,3,COMMS,255,BROADCAST,0,HEARTBEAT,48,HEARTBEAT,0,0,0,0,0,0,0x1800FFC0
1777197059.417,71215,6,3,COMMS,255,BROADCAST,0,HEARTBEAT,48,HEARTBEAT,0,0,0,0,0,0,0x1800FFC0
1777197060.432,72229,6,3,COMMS,255,BROADCAST,0,HEARTBEAT,48,HEARTBEAT,0,0,0,0,0,0,0x1800FFC0
1777197061.447,73244,6,3,COMMS,255,BROADCAST,0,HEARTBEAT,48,HEARTBEAT,0,0,0,0,0,0,0x1800FFC0
1777197062.463,74258,6,3,COMMS,255,BROADCAST,0,HEARTBEAT,48,HEARTBEAT,0,0,0,0,0,0,0x1800FFC0
1777197063.487,75272,6,3,COMMS,255,BROADCAST,0,HEARTBEAT,48,HEARTBEAT,0,0,0,0,0,0,0x1800FFC0
1777197064.512,76286,6,3,COMMS,255,BROADCAST,0,HEARTBEAT,48,HEARTBEAT,0,0,0,0,0,0,0x1800FFC0
1777197065.538,77301,6,3,COMMS,255,BROADCAST,0,HEARTBEAT,48,HEARTBEAT,0,0,0,0,0,0,0x1800FFC0
1777197066.567,78315,6,3,COMMS,255,BROADCAST,0,HEARTBEAT,48,HEARTBEAT,0,0,0,0,0,0,0x1800FFC0
1777197067.534,79329,6,3,COMMS,255,BROADCAST,0,HEARTBEAT,48,HEARTBEAT,0,0,0,0,0,0,0x1800FFC0
1777197068.547,80344,6,3,COMMS,255,BROADCAST,0,HEARTBEAT,48,HEARTBEAT,0,0,0,0,0,0,0x1800FFC0
1777197069.562,81358,6,3,COMMS,255,BROADCAST,0,HEARTBEAT,48,HEARTBEAT,0,0,0,0,0,0,0x1800FFC0
1777197070.570,82372,6,3,COMMS,255,BROADCAST,0,HEARTBEAT,48,HEARTBEAT,0,0,0,0,0,0,0x1800FFC0
1777197071.591,83387,6,3,COMMS,255,BROADCAST,0,HEARTBEAT,48,HEARTBEAT,0,0,0,0,0,0,0x1800FFC0
1777197072.605,84401,6,3,COMMS,255,BROADCAST,0,HEARTBEAT,48,HEARTBEAT,0,0,0,0,0,0,0x1800FFC0
1777197073.618,85415,6,3,COMMS,255,BROADCAST,0,HEARTBEAT,48,HEARTBEAT,0,0,0,0,0,0,0x1800FFC0
1777197074.645,86429,6,3,COMMS,255,BROADCAST,0,HEARTBEAT,48,HEARTBEAT,0,0,0,0,0,0,0x1800FFC0
1777197075.677,87444,6,3,COMMS,255,BROADCAST,0,HEARTBEAT,48,HEARTBEAT,0,0,0,0,0,0,0x1800FFC0
1777197076.694,88458,6,3,COMMS,255,BROADCAST,0,HEARTBEAT,48,HEARTBEAT,0,0,0,0,0,0,0x1800FFC0
1777197077.676,89472,6,3,COMMS,255,BROADCAST,0,HEARTBEAT,48,HEARTBEAT,0,0,0,0,0,0,0x1800FFC0
1777197078.690,90487,6,3,COMMS,255,BROADCAST,0,HEARTBEAT,48,HEARTBEAT,0,0,0,0,0,0,0x1800FFC0
1777197079.704,91501,6,3,COMMS,255,BROADCAST,0,HEARTBEAT,48,HEARTBEAT,0,0,0,0,0,0,0x1800FFC0
1777197080.720,92515,6,3,COMMS,255,BROADCAST,0,HEARTBEAT,48,HEARTBEAT,0,0,0,0,0,0,0x1800FFC0
1777197081.732,93529,6,3,COMMS,255,BROADCAST,0,HEARTBEAT,48,HEARTBEAT,0,0,0,0,0,0,0x1800FFC0
1777197082.750,94544,6,3,COMMS,255,BROADCAST,0,HEARTBEAT,48,HEARTBEAT,0,0,0,0,0,0,0x1800FFC0
1777197083.764,95558,6,3,COMMS,255,BROADCAST,0,HEARTBEAT,48,HEARTBEAT,0,0,0,0,0,0,0x1800FFC0
1777197084.785,96572,6,3,COMMS,255,BROADCAST,0,HEARTBEAT,48,HEARTBEAT,0,0,0,0,0,0,0x1800FFC0
1777197085.816,97586,6,3,COMMS,255,BROADCAST,0,HEARTBEAT,48,HEARTBEAT,0,0,0,0,0,0,0x1800FFC0
1777197086.835,98601,6,3,COMMS,255,BROADCAST,0,HEARTBEAT,48,HEARTBEAT,0,0,0,0,0,0,0x1800FFC0
1777197087.869,99615,6,3,COMMS,255,BROADCAST,0,HEARTBEAT,48,HEARTBEAT,0,0,0,0,0,0,0x1800FFC0
1777197088.834,100629,6,3,COMMS,255,BROADCAST,0,HEARTBEAT,48,HEARTBEAT,0,0,0,0,0,0,0x1800FFC0
1777197089.847,101644,6,3,COMMS,255,BROADCAST,0,HEARTBEAT,48,HEARTBEAT,0,0,0,0,0,0,0x1800FFC0
1777197090.861,102658,6,3,COMMS,255,BROADCAST,0,HEARTBEAT,48,HEARTBEAT,0,0,0,0,0,0,0x1800FFC0
1777197091.875,103672,6,3,COMMS,255,BROADCAST,0,HEARTBEAT,48,HEARTBEAT,0,0,0,0,0,0,0x1800FFC0
1777197092.890,104687,6,3,COMMS,255,BROADCAST,0,HEARTBEAT,48,HEARTBEAT,0,0,0,0,0,0,0x1800FFC0
1777197093.904,105701,6,3,COMMS,255,BROADCAST,0,HEARTBEAT,48,HEARTBEAT,0,0,0,0,0,0,0x1800FFC0
1777197094.929,106715,6,3,COMMS,255,BROADCAST,0,HEARTBEAT,48,HEARTBEAT,0,0,0,0,0,0,0x1800FFC0
1777197095.949,107729,6,3,COMMS,255,BROADCAST,0,HEARTBEAT,48,HEARTBEAT,0,0,0,0,0,0,0x1800FFC0
1777197096.977,108744,6,3,COMMS,255,BROADCAST,0,HEARTBEAT,48,HEARTBEAT,0,0,0,0,0,0,0x1800FFC0
1777197097.999,109758,6,3,COMMS,255,BROADCAST,0,HEARTBEAT,48,HEARTBEAT,0,0,0,0,0,0,0x1800FFC0
1777197098.979,110772,6,3,COMMS,255,BROADCAST,0,HEARTBEAT,48,HEARTBEAT,0,0,0,0,0,0,0x1800FFC0
1777197099.990,111786,6,3,COMMS,255,BROADCAST,0,HEARTBEAT,48,HEARTBEAT,0,0,0,0,0,0,0x1800FFC0
1777197101.012,112801,6,3,COMMS,255,BROADCAST,0,HEARTBEAT,48,HEARTBEAT,0,0,0,0,0,0,0x1800FFC0
1777197102.013,113814,6,3,COMMS,255,BROADCAST,0,HEARTBEAT,48,HEARTBEAT,0,0,0,0,0,0,0x1800FFC0
1777197103.032,114829,6,3,COMMS,255,BROADCAST,0,HEARTBEAT,48,HEARTBEAT,0,0,0,0,0,0,0x1800FFC0
1777197104.038,115843,6,3,COMMS,255,BROADCAST,0,HEARTBEAT,48,HEARTBEAT,0,0,0,0,0,0,0x1800FFC0
1777197105.063,116857,6,3,COMMS,255,BROADCAST,0,HEARTBEAT,48,HEARTBEAT,0,0,0,0,0,0,0x1800FFC0
1777197106.088,117871,6,3,COMMS,255,BROADCAST,0,HEARTBEAT,48,HEARTBEAT,0,0,0,0,0,0,0x1800FFC0
1777197107.119,118886,6,3,COMMS,255,BROADCAST,0,HEARTBEAT,48,HEARTBEAT,0,0,0,0,0,0,0x1800FFC0
1777197108.134,119900,6,3,COMMS,255,BROADCAST,0,HEARTBEAT,48,HEARTBEAT,0,0,0,0,0,0,0x1800FFC0
1777197109.153,120914,6,3,COMMS,255,BROADCAST,0,HEARTBEAT,48,HEARTBEAT,0,0,0,0,0,0,0x1800FFC0
1777197110.130,121928,6,3,COMMS,255,BROADCAST,0,HEARTBEAT,48,HEARTBEAT,0,0,0,0,0,0,0x1800FFC0
1777197111.147,122943,6,3,COMMS,255,BROADCAST,0,HEARTBEAT,48,HEARTBEAT,0,0,0,0,0,0,0x1800FFC0
1777197112.160,123957,6,3,COMMS,255,BROADCAST,0,HEARTBEAT,48,HEARTBEAT,0,0,0,0,0,0,0x1800FFC0
1777197113.162,124971,6,3,COMMS,255,BROADCAST,0,HEARTBEAT,48,HEARTBEAT,0,0,0,0,0,0,0x1800FFC0
1777197114.189,125985,6,3,COMMS,255,BROADCAST,0,HEARTBEAT,48,HEARTBEAT,0,0,0,0,0,0,0x1800FFC0
1777197115.205,127000,6,3,COMMS,255,BROADCAST,0,HEARTBEAT,48,HEARTBEAT,0,0,0,0,0,0,0x1800FFC0
1777197116.223,128014,6,3,COMMS,255,BROADCAST,0,HEARTBEAT,48,HEARTBEAT,0,0,0,0,0,0,0x1800FFC0
1777197117.251,129028,6,3,COMMS,255,BROADCAST,0,HEARTBEAT,48,HEARTBEAT,0,0,0,0,0,0,0x1800FFC0
1777197118.268,130042,6,3,COMMS,255,BROADCAST,0,HEARTBEAT,48,HEARTBEAT,0,0,0,0,0,0,0x1800FFC0
1777197119.300,131057,6,3,COMMS,255,BROADCAST,0,HEARTBEAT,48,HEARTBEAT,0,0,0,0,0,0,0x1800FFC0
1777197120.275,132071,6,3,COMMS,255,BROADCAST,0,HEARTBEAT,48,HEARTBEAT,0,0,0,0,0,0,0x1800FFC0
1777197121.289,133085,6,3,COMMS,255,BROADCAST,0,HEARTBEAT,48,HEARTBEAT,0,0,0,0,0,0,0x1800FFC0
1777197122.303,134099,6,3,COMMS,255,BROADCAST,0,HEARTBEAT,48,HEARTBEAT,0,0,0,0,0,0,0x1800FFC0
1777197123.314,135114,6,3,COMMS,255,BROADCAST,0,HEARTBEAT,48,HEARTBEAT,0,0,0,0,0,0,0x1800FFC0
1777197124.332,136128,6,3,COMMS,255,BROADCAST,0,HEARTBEAT,48,HEARTBEAT,0,0,0,0,0,0,0x1800FFC0
1777197125.347,137142,6,3,COMMS,255,BROADCAST,0,HEARTBEAT,48,HEARTBEAT,0,0,0,0,0,0,0x1800FFC0
1777197126.362,138156,6,3,COMMS,255,BROADCAST,0,HEARTBEAT,48,HEARTBEAT,0,0,0,0,0,0,0x1800FFC0
1777197127.388,139171,6,3,COMMS,255,BROADCAST,0,HEARTBEAT,48,HEARTBEAT,0,0,0,0,0,0,0x1800FFC0
1777197128.413,140185,6,3,COMMS,255,BROADCAST,0,HEARTBEAT,48,HEARTBEAT,0,0,0,0,0,0,0x1800FFC0
1777197129.431,141199,6,3,COMMS,255,BROADCAST,0,HEARTBEAT,48,HEARTBEAT,0,0,0,0,0,0,0x1800FFC0
1777197130.451,142214,6,3,COMMS,255,BROADCAST,0,HEARTBEAT,48,HEARTBEAT,0,0,0,0,0,0,0x1800FFC0
1777197131.432,143228,6,3,COMMS,255,BROADCAST,0,HEARTBEAT,48,HEARTBEAT,0,0,0,0,0,0,0x1800FFC0
1777197132.447,144242,6,3,COMMS,255,BROADCAST,0,HEARTBEAT,48,HEARTBEAT,0,0,0,0,0,0,0x1800FFC0
1777197133.461,145257,6,3,COMMS,255,BROADCAST,0,HEARTBEAT,48,HEARTBEAT,0,0,0,0,0,0,0x1800FFC0
1777197134.476,146271,6,3,COMMS,255,BROADCAST,0,HEARTBEAT,48,HEARTBEAT,0,0,0,0,0,0,0x1800FFC0
1777197135.489,147285,6,3,COMMS,255,BROADCAST,0,HEARTBEAT,48,HEARTBEAT,0,0,0,0,0,0,0x1800FFC0
1777197136.504,148299,6,3,COMMS,255,BROADCAST,0,HEARTBEAT,48,HEARTBEAT,0,0,0,0,0,0,0x1800FFC0
1777197137.527,149314,6,3,COMMS,255,BROADCAST,0,HEARTBEAT,48,HEARTBEAT,0,0,0,0,0,0,0x1800FFC0
1777197138.548,150328,6,3,COMMS,255,BROADCAST,0,HEARTBEAT,48,HEARTBEAT,0,0,0,0,0,0,0x1800FFC0
1777197139.576,151342,6,3,COMMS,255,BROADCAST,0,HEARTBEAT,48,HEARTBEAT,0,0,0,0,0,0,0x1800FFC0
1777197140.599,152356,6,3,COMMS,255,BROADCAST,0,HEARTBEAT,48,HEARTBEAT,0,0,0,0,0,0,0x1800FFC0
1777197141.576,153371,6,3,COMMS,255,BROADCAST,0,HEARTBEAT,48,HEARTBEAT,0,0,0,0,0,0,0x1800FFC0
1777197142.590,154385,6,3,COMMS,255,BROADCAST,0,HEARTBEAT,48,HEARTBEAT,0,0,0,0,0,0,0x1800FFC0
1777197143.600,155399,6,3,COMMS,255,BROADCAST,0,HEARTBEAT,48,HEARTBEAT,0,0,0,0,0,0,0x1800FFC0
1777197144.617,156413,6,3,COMMS,255,BROADCAST,0,HEARTBEAT,48,HEARTBEAT,0,0,0,0,0,0,0x1800FFC0
1777197145.633,157428,6,3,COMMS,255,BROADCAST,0,HEARTBEAT,48,HEARTBEAT,0,0,0,0,0,0,0x1800FFC0
1777197146.646,158442,6,3,COMMS,255,BROADCAST,0,HEARTBEAT,48,HEARTBEAT,0,0,0,0,0,0,0x1800FFC0
1777197147.663,159456,6,3,COMMS,255,BROADCAST,0,HEARTBEAT,48,HEARTBEAT,0,0,0,0,0,0,0x1800FFC0
1777197148.687,160470,6,3,COMMS,255,BROADCAST,0,HEARTBEAT,48,HEARTBEAT,0,0,0,0,0,0,0x1800FFC0
1777197149.712,161485,6,3,COMMS,255,BROADCAST,0,HEARTBEAT,48,HEARTBEAT,0,0,0,0,0,0,0x1800FFC0
1777197150.736,162499,6,3,COMMS,255,BROADCAST,0,HEARTBEAT,48,HEARTBEAT,0,0,0,0,0,0,0x1800FFC0
1777197151.751,163513,6,3,COMMS,255,BROADCAST,0,HEARTBEAT,48,HEARTBEAT,0,0,0,0,0,0,0x1800FFC0
1777197152.734,164528,6,3,COMMS,255,BROADCAST,0,HEARTBEAT,48,HEARTBEAT,0,0,0,0,0,0,0x1800FFC0
1777197153.747,165542,6,3,COMMS,255,BROADCAST,0,HEARTBEAT,48,HEARTBEAT,0,0,0,0,0,0,0x1800FFC0
1777197154.763,166556,6,3,COMMS,255,BROADCAST,0,HEARTBEAT,48,HEARTBEAT,0,0,0,0,0,0,0x1800FFC0
1777197155.776,167571,6,3,COMMS,255,BROADCAST,0,HEARTBEAT,48,HEARTBEAT,0,0,0,0,0,0,0x1800FFC0
1777197156.790,168585,6,3,COMMS,255,BROADCAST,0,HEARTBEAT,48,HEARTBEAT,0,0,0,0,0,0,0x1800FFC0
1777197157.802,169586,6,3,COMMS,255,BROADCAST,0,HEARTBEAT,48,HEARTBEAT,0,0,0,0,0,0,0x1800FFC0
1777197158.823,170587,6,3,COMMS,255,BROADCAST,0,HEARTBEAT,48,HEARTBEAT,0,0,0,0,0,0,0x1800FFC0
1777197159.793,171588,6,3,COMMS,255,BROADCAST,0,HEARTBEAT,48,HEARTBEAT,0,0,0,0,0,0,0x1800FFC0
1777197160.874,172626,6,3,COMMS,255,BROADCAST,0,HEARTBEAT,48,HEARTBEAT,0,0,0,0,0,0,0x1800FFC0
1777197161.885,173655,6,3,COMMS,255,BROADCAST,0,HEARTBEAT,48,HEARTBEAT,0,0,0,0,0,0,0x1800FFC0
1777197171.133,5294,6,3,COMMS,255,BROADCAST,0,HEARTBEAT,48,HEARTBEAT,0,0,0,0,0,0,0x1800FFC0
1777197172.157,6309,6,3,COMMS,255,BROADCAST,0,HEARTBEAT,48,HEARTBEAT,0,0,0,0,0,0,0x1800FFC0
1777197173.170,7323,6,3,COMMS,255,BROADCAST,0,HEARTBEAT,48,HEARTBEAT,0,0,0,0,0,0,0x1800FFC0
1777197174.184,8338,6,3,COMMS,255,BROADCAST,0,HEARTBEAT,48,HEARTBEAT,0,0,0,0,0,0,0x1800FFC0
1777197175.196,9352,6,3,COMMS,255,BROADCAST,0,HEARTBEAT,48,HEARTBEAT,0,0,0,0,0,0,0x1800FFC0
1777197176.225,10366,6,3,COMMS,255,BROADCAST,0,HEARTBEAT,48,HEARTBEAT,0,0,0,0,0,0,0x1800FFC0
1777197177.260,11381,6,3,COMMS,255,BROADCAST,0,HEARTBEAT,48,HEARTBEAT,0,0,0,0,0,0,0x1800FFC0
1777197178.280,12395,6,3,COMMS,255,BROADCAST,0,HEARTBEAT,48,HEARTBEAT,0,0,0,0,0,0,0x1800FFC0
1777197179.258,13409,6,3,COMMS,255,BROADCAST,0,HEARTBEAT,48,HEARTBEAT,0,0,0,0,0,0,0x1800FFC0
1777197180.272,14423,6,3,COMMS,255,BROADCAST,0,HEARTBEAT,48,HEARTBEAT,0,0,0,0,0,0,0x1800FFC0
1777197181.286,15438,6,3,COMMS,255,BROADCAST,0,HEARTBEAT,48,HEARTBEAT,0,0,0,0,0,0,0x1800FFC0
1777197182.300,16452,6,3,COMMS,255,BROADCAST,0,HEARTBEAT,48,HEARTBEAT,0,0,0,0,0,0,0x1800FFC0
1777197183.320,17466,6,3,COMMS,255,BROADCAST,0,HEARTBEAT,48,HEARTBEAT,0,0,0,0,0,0,0x1800FFC0
1777197184.325,18480,6,3,COMMS,255,BROADCAST,0,HEARTBEAT,48,HEARTBEAT,0,0,0,0,0,0,0x1800FFC0
1777197185.347,19495,6,3,COMMS,255,BROADCAST,0,HEARTBEAT,48,HEARTBEAT,0,0,0,0,0,0,0x1800FFC0
1777197186.361,20509,6,3,COMMS,255,BROADCAST,0,HEARTBEAT,48,HEARTBEAT,0,0,0,0,0,0,0x1800FFC0
1777197187.397,21523,6,3,COMMS,255,BROADCAST,0,HEARTBEAT,48,HEARTBEAT,0,0,0,0,0,0,0x1800FFC0
1777197188.421,22537,6,3,COMMS,255,BROADCAST,0,HEARTBEAT,48,HEARTBEAT,0,0,0,0,0,0,0x1800FFC0
1777197189.400,23552,6,3,COMMS,255,BROADCAST,0,HEARTBEAT,48,HEARTBEAT,0,0,0,0,0,0,0x1800FFC0
1777197190.411,24566,6,3,COMMS,255,BROADCAST,0,HEARTBEAT,48,HEARTBEAT,0,0,0,0,0,0,0x1800FFC0
1777197191.428,25580,6,3,COMMS,255,BROADCAST,0,HEARTBEAT,48,HEARTBEAT,0,0,0,0,0,0,0x1800FFC0
1777197192.444,26594,6,3,COMMS,255,BROADCAST,0,HEARTBEAT,48,HEARTBEAT,0,0,0,0,0,0,0x1800FFC0
1777197193.457,27608,6,3,COMMS,255,BROADCAST,0,HEARTBEAT,48,HEARTBEAT,0,0,0,0,0,0,0x1800FFC0
1777197194.471,28622,6,3,COMMS,255,BROADCAST,0,HEARTBEAT,48,HEARTBEAT,0,0,0,0,0,0,0x1800FFC0
1777197195.473,29637,6,3,COMMS,255,BROADCAST,0,HEARTBEAT,48,HEARTBEAT,0,0,0,0,0,0,0x1800FFC0
1777197196.512,30651,6,3,COMMS,255,BROADCAST,0,HEARTBEAT,48,HEARTBEAT,0,0,0,0,0,0,0x1800FFC0
1777197197.534,31665,6,3,COMMS,255,BROADCAST,0,HEARTBEAT,48,HEARTBEAT,0,0,0,0,0,0,0x1800FFC0
1777197198.552,32679,6,3,COMMS,255,BROADCAST,0,HEARTBEAT,48,HEARTBEAT,0,0,0,0,0,0,0x1800FFC0
1777197199.577,33694,6,3,COMMS,255,BROADCAST,0,HEARTBEAT,48,HEARTBEAT,0,0,0,0,0,0,0x1800FFC0
1777197200.558,34708,6,3,COMMS,255,BROADCAST,0,HEARTBEAT,48,HEARTBEAT,0,0,0,0,0,0,0x1800FFC0
1777197201.570,35722,6,3,COMMS,255,BROADCAST,0,HEARTBEAT,48,HEARTBEAT,0,0,0,0,0,0,0x1800FFC0
1777197202.584,36736,6,3,COMMS,255,BROADCAST,0,HEARTBEAT,48,HEARTBEAT,0,0,0,0,0,0,0x1800FFC0
1777197203.596,37750,6,3,COMMS,255,BROADCAST,0,HEARTBEAT,48,HEARTBEAT,0,0,0,0,0,0,0x1800FFC0
1777197204.614,38765,6,3,COMMS,255,BROADCAST,0,HEARTBEAT,48,HEARTBEAT,0,0,0,0,0,0,0x1800FFC0
1777197205.627,39779,6,3,COMMS,255,BROADCAST,0,HEARTBEAT,48,HEARTBEAT,0,0,0,0,0,0,0x1800FFC0
1777197206.643,40793,6,3,COMMS,255,BROADCAST,0,HEARTBEAT,48,HEARTBEAT,0,0,0,0,0,0,0x1800FFC0
1777197207.670,41808,6,3,COMMS,255,BROADCAST,0,HEARTBEAT,48,HEARTBEAT,0,0,0,0,0,0,0x1800FFC0
1777197208.698,42822,6,3,COMMS,255,BROADCAST,0,HEARTBEAT,48,HEARTBEAT,0,0,0,0,0,0,0x1800FFC0
1777197209.712,43836,6,3,COMMS,255,BROADCAST,0,HEARTBEAT,48,HEARTBEAT,0,0,0,0,0,0,0x1800FFC0
1777197210.699,44850,6,3,COMMS,255,BROADCAST,0,HEARTBEAT,48,HEARTBEAT,0,0,0,0,0,0,0x1800FFC0
1777197211.714,45865,6,3,COMMS,255,BROADCAST,0,HEARTBEAT,48,HEARTBEAT,0,0,0,0,0,0,0x1800FFC0
1777197212.727,46879,6,3,COMMS,255,BROADCAST,0,HEARTBEAT,48,HEARTBEAT,0,0,0,0,0,0,0x1800FFC0
1777197213.743,47893,6,3,COMMS,255,BROADCAST,0,HEARTBEAT,48,HEARTBEAT,0,0,0,0,0,0,0x1800FFC0
1777197214.757,48908,6,3,COMMS,255,BROADCAST,0,HEARTBEAT,48,HEARTBEAT,0,0,0,0,0,0,0x1800FFC0
1777197215.771,49922,6,3,COMMS,255,BROADCAST,0,HEARTBEAT,48,HEARTBEAT,0,0,0,0,0,0,0x1800FFC0
1777197216.784,50936,6,3,COMMS,255,BROADCAST,0,HEARTBEAT,48,HEARTBEAT,0,0,0,0,0,0,0x1800FFC0
1777197217.810,51950,6,3,COMMS,255,BROADCAST,0,HEARTBEAT,48,HEARTBEAT,0,0,0,0,0,0,0x1800FFC0
1777197218.834,52965,6,3,COMMS,255,BROADCAST,0,HEARTBEAT,48,HEARTBEAT,0,0,0,0,0,0,0x1800FFC0
1777197219.859,53979,6,3,COMMS,255,BROADCAST,0,HEARTBEAT,48,HEARTBEAT,0,0,0,0,0,0,0x1800FFC0
1777197220.881,54993,6,3,COMMS,255,BROADCAST,0,HEARTBEAT,48,HEARTBEAT,0,0,0,0,0,0,0x1800FFC0
1777197221.857,56008,6,3,COMMS,255,BROADCAST,0,HEARTBEAT,48,HEARTBEAT,0,0,0,0,0,0,0x1800FFC0
1777197222.860,57022,6,3,COMMS,255,BROADCAST,0,HEARTBEAT,48,HEARTBEAT,0,0,0,0,0,0,0x1800FFC0
1777197223.885,58036,6,3,COMMS,255,BROADCAST,0,HEARTBEAT,48,HEARTBEAT,0,0,0,0,0,0,0x1800FFC0
1777197224.897,59050,6,3,COMMS,255,BROADCAST,0,HEARTBEAT,48,HEARTBEAT,0,0,0,0,0,0,0x1800FFC0
1777197225.913,60065,6,3,COMMS,255,BROADCAST,0,HEARTBEAT,48,HEARTBEAT,0,0,0,0,0,0,0x1800FFC0
1777197226.928,61079,6,3,COMMS,255,BROADCAST,0,HEARTBEAT,48,HEARTBEAT,0,0,0,0,0,0,0x1800FFC0
1777197227.948,62093,6,3,COMMS,255,BROADCAST,0,HEARTBEAT,48,HEARTBEAT,0,0,0,0,0,0,0x1800FFC0
1777197228.961,63107,6,3,COMMS,255,BROADCAST,0,HEARTBEAT,48,HEARTBEAT,0,0,0,0,0,0,0x1800FFC0
1777197229.982,64122,6,3,COMMS,255,BROADCAST,0,HEARTBEAT,48,HEARTBEAT,0,0,0,0,0,0,0x1800FFC0
1777197231.021,65136,6,3,COMMS,255,BROADCAST,0,HEARTBEAT,48,HEARTBEAT,0,0,0,0,0,0,0x1800FFC0
1777197231.999,66150,6,3,COMMS,255,BROADCAST,0,HEARTBEAT,48,HEARTBEAT,0,0,0,0,0,0,0x1800FFC0
1777197233.012,67164,6,3,COMMS,255,BROADCAST,0,HEARTBEAT,48,HEARTBEAT,0,0,0,0,0,0,0x1800FFC0
1777197234.028,68179,6,3,COMMS,255,BROADCAST,0,HEARTBEAT,48,HEARTBEAT,0,0,0,0,0,0,0x1800FFC0
1777197235.043,69193,6,3,COMMS,255,BROADCAST,0,HEARTBEAT,48,HEARTBEAT,0,0,0,0,0,0,0x1800FFC0
1777197236.053,70207,6,3,COMMS,255,BROADCAST,0,HEARTBEAT,48,HEARTBEAT,0,0,0,0,0,0,0x1800FFC0
1777197237.062,71221,6,3,COMMS,255,BROADCAST,0,HEARTBEAT,48,HEARTBEAT,0,0,0,0,0,0,0x1800FFC0
1777197238.083,72236,6,3,COMMS,255,BROADCAST,0,HEARTBEAT,48,HEARTBEAT,0,0,0,0,0,0,0x1800FFC0
1777197239.110,73250,6,3,COMMS,255,BROADCAST,0,HEARTBEAT,48,HEARTBEAT,0,0,0,0,0,0,0x1800FFC0
1777197240.136,74264,6,3,COMMS,255,BROADCAST,0,HEARTBEAT,48,HEARTBEAT,0,0,0,0,0,0,0x1800FFC0
1777197241.154,75278,6,3,COMMS,255,BROADCAST,0,HEARTBEAT,48,HEARTBEAT,0,0,0,0,0,0,0x1800FFC0
1777197242.173,76293,6,3,COMMS,255,BROADCAST,0,HEARTBEAT,48,HEARTBEAT,0,0,0,0,0,0,0x1800FFC0
1777197243.157,77307,6,3,COMMS,255,BROADCAST,0,HEARTBEAT,48,HEARTBEAT,0,0,0,0,0,0,0x1800FFC0
1777197244.171,78321,6,3,COMMS,255,BROADCAST,0,HEARTBEAT,48,HEARTBEAT,0,0,0,0,0,0,0x1800FFC0
1777197245.186,79336,6,3,COMMS,255,BROADCAST,0,HEARTBEAT,48,HEARTBEAT,0,0,0,0,0,0,0x1800FFC0
1777197246.201,80350,6,3,COMMS,255,BROADCAST,0,HEARTBEAT,48,HEARTBEAT,0,0,0,0,0,0,0x1800FFC0
1777197247.215,81364,6,3,COMMS,255,BROADCAST,0,HEARTBEAT,48,HEARTBEAT,0,0,0,0,0,0,0x1800FFC0
1777197248.227,82379,6,3,COMMS,255,BROADCAST,0,HEARTBEAT,48,HEARTBEAT,0,0,0,0,0,0,0x1800FFC0
1777197249.248,83393,6,3,COMMS,255,BROADCAST,0,HEARTBEAT,48,HEARTBEAT,0,0,0,0,0,0,0x1800FFC0
1777197250.274,84407,6,3,COMMS,255,BROADCAST,0,HEARTBEAT,48,HEARTBEAT,0,0,0,0,0,0,0x1800FFC0
1777197251.297,85421,6,3,COMMS,255,BROADCAST,0,HEARTBEAT,48,HEARTBEAT,0,0,0,0,0,0,0x1800FFC0
1777197252.320,86435,6,3,COMMS,255,BROADCAST,0,HEARTBEAT,48,HEARTBEAT,0,0,0,0,0,0,0x1800FFC0
1777197253.300,87450,6,3,COMMS,255,BROADCAST,0,HEARTBEAT,48,HEARTBEAT,0,0,0,0,0,0,0x1800FFC0
1777197254.310,88464,6,3,COMMS,255,BROADCAST,0,HEARTBEAT,48,HEARTBEAT,0,0,0,0,0,0,0x1800FFC0
1777197255.326,89478,6,3,COMMS,255,BROADCAST,0,HEARTBEAT,48,HEARTBEAT,0,0,0,0,0,0,0x1800FFC0
1777197256.331,90492,6,3,COMMS,255,BROADCAST,0,HEARTBEAT,48,HEARTBEAT,0,0,0,0,0,0,0x1800FFC0
1777197257.356,91506,6,3,COMMS,255,BROADCAST,0,HEARTBEAT,48,HEARTBEAT,0,0,0,0,0,0,0x1800FFC0
1777197258.372,92521,6,3,COMMS,255,BROADCAST,0,HEARTBEAT,48,HEARTBEAT,0,0,0,0,0,0,0x1800FFC0
1777197259.376,93535,6,3,COMMS,255,BROADCAST,0,HEARTBEAT,48,HEARTBEAT,0,0,0,0,0,0,0x1800FFC0
1777197260.406,94549,6,3,COMMS,255,BROADCAST,0,HEARTBEAT,48,HEARTBEAT,0,0,0,0,0,0,0x1800FFC0
1777197261.435,95563,6,3,COMMS,255,BROADCAST,0,HEARTBEAT,48,HEARTBEAT,0,0,0,0,0,0,0x1800FFC0
1777197262.452,96578,6,3,COMMS,255,BROADCAST,0,HEARTBEAT,48,HEARTBEAT,0,0,0,0,0,0,0x1800FFC0
1777197263.483,97592,6,3,COMMS,255,BROADCAST,0,HEARTBEAT,48,HEARTBEAT,0,0,0,0,0,0,0x1800FFC0
1777197264.457,98606,6,3,COMMS,255,BROADCAST,0,HEARTBEAT,48,HEARTBEAT,0,0,0,0,0,0,0x1800FFC0
1777197265.469,99620,6,3,COMMS,255,BROADCAST,0,HEARTBEAT,48,HEARTBEAT,0,0,0,0,0,0,0x1800FFC0
1777197266.480,100635,6,3,COMMS,255,BROADCAST,0,HEARTBEAT,48,HEARTBEAT,0,0,0,0,0,0,0x1800FFC0
1777197267.499,101649,6,3,COMMS,255,BROADCAST,0,HEARTBEAT,48,HEARTBEAT,0,0,0,0,0,0,0x1800FFC0
1777197268.506,102663,6,3,COMMS,255,BROADCAST,0,HEARTBEAT,48,HEARTBEAT,0,0,0,0,0,0,0x1800FFC0
1777197269.526,103677,6,3,COMMS,255,BROADCAST,0,HEARTBEAT,48,HEARTBEAT,0,0,0,0,0,0,0x1800FFC0
1777197270.542,104692,6,3,COMMS,255,BROADCAST,0,HEARTBEAT,48,HEARTBEAT,0,0,0,0,0,0,0x1800FFC0
1777197271.576,105706,6,3,COMMS,255,BROADCAST,0,HEARTBEAT,48,HEARTBEAT,0,0,0,0,0,0,0x1800FFC0
1777197272.594,106720,6,3,COMMS,255,BROADCAST,0,HEARTBEAT,48,HEARTBEAT,0,0,0,0,0,0,0x1800FFC0
1777197273.625,107734,6,3,COMMS,255,BROADCAST,0,HEARTBEAT,48,HEARTBEAT,0,0,0,0,0,0,0x1800FFC0
1777197274.598,108748,6,3,COMMS,255,BROADCAST,0,HEARTBEAT,48,HEARTBEAT,0,0,0,0,0,0,0x1800FFC0
1777197275.597,109762,6,3,COMMS,255,BROADCAST,0,HEARTBEAT,48,HEARTBEAT,0,0,0,0,0,0,0x1800FFC0
1777197276.627,110777,6,3,COMMS,255,BROADCAST,0,HEARTBEAT,48,HEARTBEAT,0,0,0,0,0,0,0x1800FFC0
1777197277.642,111791,6,3,COMMS,255,BROADCAST,0,HEARTBEAT,48,HEARTBEAT,0,0,0,0,0,0,0x1800FFC0
1777197278.656,112805,6,3,COMMS,255,BROADCAST,0,HEARTBEAT,48,HEARTBEAT,0,0,0,0,0,0,0x1800FFC0
1777197279.661,113820,6,3,COMMS,255,BROADCAST,0,HEARTBEAT,48,HEARTBEAT,0,0,0,0,0,0,0x1800FFC0
1777197280.686,114834,6,3,COMMS,255,BROADCAST,0,HEARTBEAT,48,HEARTBEAT,0,0,0,0,0,0,0x1800FFC0
1777197281.705,115848,6,3,COMMS,255,BROADCAST,0,HEARTBEAT,48,HEARTBEAT,0,0,0,0,0,0,0x1800FFC0
1777197282.724,116862,6,3,COMMS,255,BROADCAST,0,HEARTBEAT,48,HEARTBEAT,0,0,0,0,0,0,0x1800FFC0
1777197283.753,117876,6,3,COMMS,255,BROADCAST,0,HEARTBEAT,48,HEARTBEAT,0,0,0,0,0,0,0x1800FFC0
1777197284.777,118890,6,3,COMMS,255,BROADCAST,0,HEARTBEAT,48,HEARTBEAT,0,0,0,0,0,0,0x1800FFC0
1777197285.756,119904,6,3,COMMS,255,BROADCAST,0,HEARTBEAT,48,HEARTBEAT,0,0,0,0,0,0,0x1800FFC0
1777197286.769,120919,6,3,COMMS,255,BROADCAST,0,HEARTBEAT,48,HEARTBEAT,0,0,0,0,0,0,0x1800FFC0
1777197287.787,121933,6,3,COMMS,255,BROADCAST,0,HEARTBEAT,48,HEARTBEAT,0,0,0,0,0,0,0x1800FFC0
1777197288.794,122947,6,3,COMMS,255,BROADCAST,0,HEARTBEAT,48,HEARTBEAT,0,0,0,0,0,0,0x1800FFC0
1777197289.810,123961,6,3,COMMS,255,BROADCAST,0,HEARTBEAT,48,HEARTBEAT,0,0,0,0,0,0,0x1800FFC0
1777197290.826,124976,6,3,COMMS,255,BROADCAST,0,HEARTBEAT,48,HEARTBEAT,0,0,0,0,0,0,0x1800FFC0
1777197291.844,125990,6,3,COMMS,255,BROADCAST,0,HEARTBEAT,48,HEARTBEAT,0,0,0,0,0,0,0x1800FFC0
1777197292.870,127004,6,3,COMMS,255,BROADCAST,0,HEARTBEAT,48,HEARTBEAT,0,0,0,0,0,0,0x1800FFC0
1777197293.899,128018,6,3,COMMS,255,BROADCAST,0,HEARTBEAT,48,HEARTBEAT,0,0,0,0,0,0,0x1800FFC0
1777197294.919,129033,6,3,COMMS,255,BROADCAST,0,HEARTBEAT,48,HEARTBEAT,0,0,0,0,0,0,0x1800FFC0
1777197295.888,130047,6,3,COMMS,255,BROADCAST,0,HEARTBEAT,48,HEARTBEAT,0,0,0,0,0,0,0x1800FFC0
1777197296.911,131061,6,3,COMMS,255,BROADCAST,0,HEARTBEAT,48,HEARTBEAT,0,0,0,0,0,0,0x1800FFC0
1777197297.925,132075,6,3,COMMS,255,BROADCAST,0,HEARTBEAT,48,HEARTBEAT,0,0,0,0,0,0,0x1800FFC0
1777197298.941,133090,6,3,COMMS,255,BROADCAST,0,HEARTBEAT,48,HEARTBEAT,0,0,0,0,0,0,0x1800FFC0
1777197299.955,134104,6,3,COMMS,255,BROADCAST,0,HEARTBEAT,48,HEARTBEAT,0,0,0,0,0,0,0x1800FFC0
1777197300.966,135118,6,3,COMMS,255,BROADCAST,0,HEARTBEAT,48,HEARTBEAT,0,0,0,0,0,0,0x1800FFC0
1777197301.986,136132,6,3,COMMS,255,BROADCAST,0,HEARTBEAT,48,HEARTBEAT,0,0,0,0,0,0,0x1800FFC0
1777197303.005,137146,6,3,COMMS,255,BROADCAST,0,HEARTBEAT,48,HEARTBEAT,0,0,0,0,0,0,0x1800FFC0
1777197304.025,138161,6,3,COMMS,255,BROADCAST,0,HEARTBEAT,48,HEARTBEAT,0,0,0,0,0,0,0x1800FFC0
1777197305.054,139175,6,3,COMMS,255,BROADCAST,0,HEARTBEAT,48,HEARTBEAT,0,0,0,0,0,0,0x1800FFC0
1777197306.071,140189,6,3,COMMS,255,BROADCAST,0,HEARTBEAT,48,HEARTBEAT,0,0,0,0,0,0,0x1800FFC0
1777197307.055,141204,6,3,COMMS,255,BROADCAST,0,HEARTBEAT,48,HEARTBEAT,0,0,0,0,0,0,0x1800FFC0
1777197308.068,142218,6,3,COMMS,255,BROADCAST,0,HEARTBEAT,48,HEARTBEAT,0,0,0,0,0,0,0x1800FFC0
1777197309.083,143232,6,3,COMMS,255,BROADCAST,0,HEARTBEAT,48,HEARTBEAT,0,0,0,0,0,0,0x1800FFC0
1777197310.089,144246,6,3,COMMS,255,BROADCAST,0,HEARTBEAT,48,HEARTBEAT,0,0,0,0,0,0,0x1800FFC0
1777197311.111,145261,6,3,COMMS,255,BROADCAST,0,HEARTBEAT,48,HEARTBEAT,0,0,0,0,0,0,0x1800FFC0
1777197312.125,146275,6,3,COMMS,255,BROADCAST,0,HEARTBEAT,48,HEARTBEAT,0,0,0,0,0,0,0x1800FFC0
1777197313.152,147289,6,3,COMMS,255,BROADCAST,0,HEARTBEAT,48,HEARTBEAT,0,0,0,0,0,0,0x1800FFC0
1777197314.171,148303,6,3,COMMS,255,BROADCAST,0,HEARTBEAT,48,HEARTBEAT,0,0,0,0,0,0,0x1800FFC0
1777197315.199,149317,6,3,COMMS,255,BROADCAST,0,HEARTBEAT,48,HEARTBEAT,0,0,0,0,0,0,0x1800FFC0
1777197316.221,150332,6,3,COMMS,255,BROADCAST,0,HEARTBEAT,48,HEARTBEAT,0,0,0,0,0,0,0x1800FFC0
1777197317.189,151346,6,3,COMMS,255,BROADCAST,0,HEARTBEAT,48,HEARTBEAT,0,0,0,0,0,0,0x1800FFC0
1777197318.208,152360,6,3,COMMS,255,BROADCAST,0,HEARTBEAT,48,HEARTBEAT,0,0,0,0,0,0,0x1800FFC0
1777197319.221,153374,6,3,COMMS,255,BROADCAST,0,HEARTBEAT,48,HEARTBEAT,0,0,0,0,0,0,0x1800FFC0
1777197320.239,154388,6,3,COMMS,255,BROADCAST,0,HEARTBEAT,48,HEARTBEAT,0,0,0,0,0,0,0x1800FFC0
1777197321.254,155403,6,3,COMMS,255,BROADCAST,0,HEARTBEAT,48,HEARTBEAT,0,0,0,0,0,0,0x1800FFC0
1777197322.268,156417,6,3,COMMS,255,BROADCAST,0,HEARTBEAT,48,HEARTBEAT,0,0,0,0,0,0,0x1800FFC0
1777197323.282,157431,6,3,COMMS,255,BROADCAST,0,HEARTBEAT,48,HEARTBEAT,0,0,0,0,0,0,0x1800FFC0
1777197324.308,158445,6,3,COMMS,255,BROADCAST,0,HEARTBEAT,48,HEARTBEAT,0,0,0,0,0,0,0x1800FFC0
1777197325.320,159459,6,3,COMMS,255,BROADCAST,0,HEARTBEAT,48,HEARTBEAT,0,0,0,0,0,0,0x1800FFC0
1777197326.354,160474,6,3,COMMS,255,BROADCAST,0,HEARTBEAT,48,HEARTBEAT,0,0,0,0,0,0,0x1800FFC0
1777197327.383,161488,6,3,COMMS,255,BROADCAST,0,HEARTBEAT,48,HEARTBEAT,0,0,0,0,0,0,0x1800FFC0
1777197328.353,162502,6,3,COMMS,255,BROADCAST,0,HEARTBEAT,48,HEARTBEAT,0,0,0,0,0,0,0x1800FFC0
1777197329.372,163517,6,3,COMMS,255,BROADCAST,0,HEARTBEAT,48,HEARTBEAT,0,0,0,0,0,0,0x1800FFC0
1777197330.380,164531,6,3,COMMS,255,BROADCAST,0,HEARTBEAT,48,HEARTBEAT,0,0,0,0,0,0,0x1800FFC0
1777197331.396,165545,6,3,COMMS,255,BROADCAST,0,HEARTBEAT,48,HEARTBEAT,0,0,0,0,0,0,0x1800FFC0
1777197332.410,166559,6,3,COMMS,255,BROADCAST,0,HEARTBEAT,48,HEARTBEAT,0,0,0,0,0,0,0x1800FFC0
1777197333.424,167574,6,3,COMMS,255,BROADCAST,0,HEARTBEAT,48,HEARTBEAT,0,0,0,0,0,0,0x1800FFC0
1777197334.439,168588,6,3,COMMS,255,BROADCAST,0,HEARTBEAT,48,HEARTBEAT,0,0,0,0,0,0,0x1800FFC0
1777197335.470,169602,6,3,COMMS,255,BROADCAST,0,HEARTBEAT,48,HEARTBEAT,0,0,0,0,0,0,0x1800FFC0
1777197336.488,170616,6,3,COMMS,255,BROADCAST,0,HEARTBEAT,48,HEARTBEAT,0,0,0,0,0,0,0x1800FFC0
1777197337.506,171631,6,3,COMMS,255,BROADCAST,0,HEARTBEAT,48,HEARTBEAT,0,0,0,0,0,0,0x1800FFC0
1777197338.496,172645,6,3,COMMS,255,BROADCAST,0,HEARTBEAT,48,HEARTBEAT,0,0,0,0,0,0,0x1800FFC0
1777197339.509,173659,6,3,COMMS,255,BROADCAST,0,HEARTBEAT,48,HEARTBEAT,0,0,0,0,0,0,0x1800FFC0
1777197340.524,174673,6,3,COMMS,255,BROADCAST,0,HEARTBEAT,48,HEARTBEAT,0,0,0,0,0,0,0x1800FFC0
1777197341.538,175688,6,3,COMMS,255,BROADCAST,0,HEARTBEAT,48,HEARTBEAT,0,0,0,0,0,0,0x1800FFC0
1777197342.554,176702,6,3,COMMS,255,BROADCAST,0,HEARTBEAT,48,HEARTBEAT,0,0,0,0,0,0,0x1800FFC0
1777197343.568,177716,6,3,COMMS,255,BROADCAST,0,HEARTBEAT,48,HEARTBEAT,0,0,0,0,0,0,0x1800FFC0
1777197344.588,178731,6,3,COMMS,255,BROADCAST,0,HEARTBEAT,48,HEARTBEAT,0,0,0,0,0,0,0x1800FFC0
1777197345.608,179745,6,3,COMMS,255,BROADCAST,0,HEARTBEAT,48,HEARTBEAT,0,0,0,0,0,0,0x1800FFC0
1777197346.633,180759,6,3,COMMS,255,BROADCAST,0,HEARTBEAT,48,HEARTBEAT,0,0,0,0,0,0,0x1800FFC0
1777197347.657,181773,6,3,COMMS,255,BROADCAST,0,HEARTBEAT,48,HEARTBEAT,0,0,0,0,0,0,0x1800FFC0
1777197348.681,182788,6,3,COMMS,255,BROADCAST,0,HEARTBEAT,48,HEARTBEAT,0,0,0,0,0,0,0x1800FFC0
1777197349.652,183802,6,3,COMMS,255,BROADCAST,0,HEARTBEAT,48,HEARTBEAT,0,0,0,0,0,0,0x1800FFC0
1777197350.667,184816,6,3,COMMS,255,BROADCAST,0,HEARTBEAT,48,HEARTBEAT,0,0,0,0,0,0,0x1800FFC0
1777197351.673,185831,6,3,COMMS,255,BROADCAST,0,HEARTBEAT,48,HEARTBEAT,0,0,0,0,0,0,0x1800FFC0
1777197352.689,186845,6,3,COMMS,255,BROADCAST,0,HEARTBEAT,48,HEARTBEAT,0,0,0,0,0,0,0x1800FFC0
1777197353.703,187859,6,3,COMMS,255,BROADCAST,0,HEARTBEAT,48,HEARTBEAT,0,0,0,0,0,0,0x1800FFC0
1777197354.725,188874,6,3,COMMS,255,BROADCAST,0,HEARTBEAT,48,HEARTBEAT,0,0,0,0,0,0,0x1800FFC0
1777197355.739,189888,6,3,COMMS,255,BROADCAST,0,HEARTBEAT,48,HEARTBEAT,0,0,0,0,0,0,0x1800FFC0
1777197356.770,190902,6,3,COMMS,255,BROADCAST,0,HEARTBEAT,48,HEARTBEAT,0,0,0,0,0,0,0x1800FFC0
1777197357.798,191917,6,3,COMMS,255,BROADCAST,0,HEARTBEAT,48,HEARTBEAT,0,0,0,0,0,0,0x1800FFC0
1777197358.804,192931,6,3,COMMS,255,BROADCAST,0,HEARTBEAT,48,HEARTBEAT,0,0,0,0,0,0,0x1800FFC0
1777197359.796,193945,6,3,COMMS,255,BROADCAST,0,HEARTBEAT,48,HEARTBEAT,0,0,0,0,0,0,0x1800FFC0
1777197360.810,194959,6,3,COMMS,255,BROADCAST,0,HEARTBEAT,48,HEARTBEAT,0,0,0,0,0,0,0x1800FFC0
1777197361.825,195974,6,3,COMMS,255,BROADCAST,0,HEARTBEAT,48,HEARTBEAT,0,0,0,0,0,0,0x1800FFC0
1777197362.840,196988,6,3,COMMS,255,BROADCAST,0,HEARTBEAT,48,HEARTBEAT,0,0,0,0,0,0,0x1800FFC0
1777197363.839,198002,6,3,COMMS,255,BROADCAST,0,HEARTBEAT,48,HEARTBEAT,0,0,0,0,0,0,0x1800FFC0
1777197364.868,199017,6,3,COMMS,255,BROADCAST,0,HEARTBEAT,48,HEARTBEAT,0,0,0,0,0,0,0x1800FFC0
1777197365.876,200031,6,3,COMMS,255,BROADCAST,0,HEARTBEAT,48,HEARTBEAT,0,0,0,0,0,0,0x1800FFC0
1777197366.899,201045,6,3,COMMS,255,BROADCAST,0,HEARTBEAT,48,HEARTBEAT,0,0,0,0,0,0,0x1800FFC0
1777197367.918,202059,6,3,COMMS,255,BROADCAST,0,HEARTBEAT,48,HEARTBEAT,0,0,0,0,0,0,0x1800FFC0
1777197368.957,203073,6,3,COMMS,255,BROADCAST,0,HEARTBEAT,48,HEARTBEAT,0,0,0,0,0,0,0x1800FFC0
1777197369.972,204088,6,3,COMMS,255,BROADCAST,0,HEARTBEAT,48,HEARTBEAT,0,0,0,0,0,0,0x1800FFC0
1777197370.942,205102,6,3,COMMS,255,BROADCAST,0,HEARTBEAT,48,HEARTBEAT,0,0,0,0,0,0,0x1800FFC0
1777197371.967,206116,6,3,COMMS,255,BROADCAST,0,HEARTBEAT,48,HEARTBEAT,0,0,0,0,0,0,0x1800FFC0
1777197372.981,207130,6,3,COMMS,255,BROADCAST,0,HEARTBEAT,48,HEARTBEAT,0,0,0,0,0,0,0x1800FFC0
1777197373.996,208145,6,3,COMMS,255,BROADCAST,0,HEARTBEAT,48,HEARTBEAT,0,0,0,0,0,0,0x1800FFC0
1777197375.010,209159,6,3,COMMS,255,BROADCAST,0,HEARTBEAT,48,HEARTBEAT,0,0,0,0,0,0,0x1800FFC0
1777197376.024,210173,6,3,COMMS,255,BROADCAST,0,HEARTBEAT,48,HEARTBEAT,0,0,0,0,0,0,0x1800FFC0
1777197377.047,211187,6,3,COMMS,255,BROADCAST,0,HEARTBEAT,48,HEARTBEAT,0,0,0,0,0,0,0x1800FFC0
1777197378.071,212202,6,3,COMMS,255,BROADCAST,0,HEARTBEAT,48,HEARTBEAT,0,0,0,0,0,0,0x1800FFC0
1777197379.092,213216,6,3,COMMS,255,BROADCAST,0,HEARTBEAT,48,HEARTBEAT,0,0,0,0,0,0,0x1800FFC0
1777197380.120,214230,6,3,COMMS,255,BROADCAST,0,HEARTBEAT,48,HEARTBEAT,0,0,0,0,0,0,0x1800FFC0
1777197381.095,215244,6,3,COMMS,255,BROADCAST,0,HEARTBEAT,48,HEARTBEAT,0,0,0,0,0,0,0x1800FFC0
1777197382.111,216259,6,3,COMMS,255,BROADCAST,0,HEARTBEAT,48,HEARTBEAT,0,0,0,0,0,0,0x1800FFC0
1777197383.120,217273,6,3,COMMS,255,BROADCAST,0,HEARTBEAT,48,HEARTBEAT,0,0,0,0,0,0,0x1800FFC0
1777197384.136,218287,6,3,COMMS,255,BROADCAST,0,HEARTBEAT,48,HEARTBEAT,0,0,0,0,0,0,0x1800FFC0
1777197385.153,219301,6,3,COMMS,255,BROADCAST,0,HEARTBEAT,48,HEARTBEAT,0,0,0,0,0,0,0x1800FFC0
1777197386.167,220316,6,3,COMMS,255,BROADCAST,0,HEARTBEAT,48,HEARTBEAT,0,0,0,0,0,0,0x1800FFC0
1777197387.171,221330,6,3,COMMS,255,BROADCAST,0,HEARTBEAT,48,HEARTBEAT,0,0,0,0,0,0,0x1800FFC0
1777197388.208,222344,6,3,COMMS,255,BROADCAST,0,HEARTBEAT,48,HEARTBEAT,0,0,0,0,0,0,0x1800FFC0
1777197389.230,223358,6,3,COMMS,255,BROADCAST,0,HEARTBEAT,48,HEARTBEAT,0,0,0,0,0,0,0x1800FFC0
1777197390.248,224373,6,3,COMMS,255,BROADCAST,0,HEARTBEAT,48,HEARTBEAT,0,0,0,0,0,0,0x1800FFC0
1777197391.280,225387,6,3,COMMS,255,BROADCAST,0,HEARTBEAT,48,HEARTBEAT,0,0,0,0,0,0,0x1800FFC0
1777197392.255,226402,6,3,COMMS,255,BROADCAST,0,HEARTBEAT,48,HEARTBEAT,0,0,0,0,0,0,0x1800FFC0
1777197393.265,227416,6,3,COMMS,255,BROADCAST,0,HEARTBEAT,48,HEARTBEAT,0,0,0,0,0,0,0x1800FFC0
1777197394.282,228430,6,3,COMMS,255,BROADCAST,0,HEARTBEAT,48,HEARTBEAT,0,0,0,0,0,0,0x1800FFC0
1777197395.296,229445,6,3,COMMS,255,BROADCAST,0,HEARTBEAT,48,HEARTBEAT,0,0,0,0,0,0,0x1800FFC0
1777197396.311,230459,6,3,COMMS,255,BROADCAST,0,HEARTBEAT,48,HEARTBEAT,0,0,0,0,0,0,0x1800FFC0
1777197397.321,231473,6,3,COMMS,255,BROADCAST,0,HEARTBEAT,48,HEARTBEAT,0,0,0,0,0,0,0x1800FFC0
1777197398.340,232488,6,3,COMMS,255,BROADCAST,0,HEARTBEAT,48,HEARTBEAT,0,0,0,0,0,0,0x1800FFC0
1777197399.370,233502,6,3,COMMS,255,BROADCAST,0,HEARTBEAT,48,HEARTBEAT,0,0,0,0,0,0,0x1800FFC0
1777197400.400,234516,6,3,COMMS,255,BROADCAST,0,HEARTBEAT,48,HEARTBEAT,0,0,0,0,0,0,0x1800FFC0
1777197401.422,235531,6,3,COMMS,255,BROADCAST,0,HEARTBEAT,48,HEARTBEAT,0,0,0,0,0,0,0x1800FFC0
1777197402.392,236545,6,3,COMMS,255,BROADCAST,0,HEARTBEAT,48,HEARTBEAT,0,0,0,0,0,0,0x1800FFC0
1777197403.411,237559,6,3,COMMS,255,BROADCAST,0,HEARTBEAT,48,HEARTBEAT,0,0,0,0,0,0,0x1800FFC0
1777197404.411,238574,6,3,COMMS,255,BROADCAST,0,HEARTBEAT,48,HEARTBEAT,0,0,0,0,0,0,0x1800FFC0
1777197405.428,239588,6,3,COMMS,255,BROADCAST,0,HEARTBEAT,48,HEARTBEAT,0,0,0,0,0,0,0x1800FFC0
1777197406.453,240602,6,3,COMMS,255,BROADCAST,0,HEARTBEAT,48,HEARTBEAT,0,0,0,0,0,0,0x1800FFC0
1777197407.468,241616,6,3,COMMS,255,BROADCAST,0,HEARTBEAT,48,HEARTBEAT,0,0,0,0,0,0,0x1800FFC0
1777197408.484,242631,6,3,COMMS,255,BROADCAST,0,HEARTBEAT,48,HEARTBEAT,0,0,0,0,0,0,0x1800FFC0
1777197409.506,243632,6,3,COMMS,255,BROADCAST,0,HEARTBEAT,48,HEARTBEAT,0,0,0,0,0,0,0x1800FFC0
1777197410.486,244633,6,3,COMMS,255,BROADCAST,0,HEARTBEAT,48,HEARTBEAT,0,0,0,0,0,0,0x1800FFC0
1777197411.487,245634,6,3,COMMS,255,BROADCAST,0,HEARTBEAT,48,HEARTBEAT,0,0,0,0,0,0,0x1800FFC0
1777197412.487,246635,6,3,COMMS,255,BROADCAST,0,HEARTBEAT,48,HEARTBEAT,0,0,0,0,0,0,0x1800FFC0
1777197413.528,247676,6,3,COMMS,255,BROADCAST,0,HEARTBEAT,48,HEARTBEAT,0,0,0,0,0,0,0x1800FFC0
1777197414.569,248718,6,3,COMMS,255,BROADCAST,0,HEARTBEAT,48,HEARTBEAT,0,0,0,0,0,0,0x1800FFC0
1777197415.667,249760,6,3,COMMS,255,BROADCAST,0,HEARTBEAT,48,HEARTBEAT,0,0,0,0,0,0,0x1800FFC0
1777197416.669,250802,6,3,COMMS,255,BROADCAST,0,HEARTBEAT,48,HEARTBEAT,0,0,0,0,0,0,0x1800FFC0
1777197417.707,251844,6,3,COMMS,255,BROADCAST,0,HEARTBEAT,48,HEARTBEAT,0,0,0,0,0,0,0x1800FFC0
1777197418.737,252886,6,3,COMMS,255,BROADCAST,0,HEARTBEAT,48,HEARTBEAT,0,0,0,0,0,0,0x1800FFC0
1777197419.780,253928,6,3,COMMS,255,BROADCAST,0,HEARTBEAT,48,HEARTBEAT,0,0,0,0,0,0,0x1800FFC0
1777197420.821,254970,6,3,COMMS,255,BROADCAST,0,HEARTBEAT,48,HEARTBEAT,0,0,0,0,0,0,0x1800FFC0
1777197421.899,256012,6,3,COMMS,255,BROADCAST,0,HEARTBEAT,48,HEARTBEAT,0,0,0,0,0,0,0x1800FFC0
1777197422.925,257054,6,3,COMMS,255,BROADCAST,0,HEARTBEAT,48,HEARTBEAT,0,0,0,0,0,0,0x1800FFC0
1777197423.948,258096,6,3,COMMS,255,BROADCAST,0,HEARTBEAT,48,HEARTBEAT,0,0,0,0,0,0,0x1800FFC0
1777197424.989,259138,6,3,COMMS,255,BROADCAST,0,HEARTBEAT,48,HEARTBEAT,0,0,0,0,0,0,0x1800FFC0
1777197426.032,260180,6,3,COMMS,255,BROADCAST,0,HEARTBEAT,48,HEARTBEAT,0,0,0,0,0,0,0x1800FFC0
1777197427.074,261222,6,3,COMMS,255,BROADCAST,0,HEARTBEAT,48,HEARTBEAT,0,0,0,0,0,0,0x1800FFC0
1777197428.138,262264,6,3,COMMS,255,BROADCAST,0,HEARTBEAT,48,HEARTBEAT,0,0,0,0,0,0,0x1800FFC0
1777197429.168,263306,6,3,COMMS,255,BROADCAST,0,HEARTBEAT,48,HEARTBEAT,0,0,0,0,0,0,0x1800FFC0
1777197430.200,264348,6,3,COMMS,255,BROADCAST,0,HEARTBEAT,48,HEARTBEAT,0,0,0,0,0,0,0x1800FFC0
1777197431.241,265390,6,3,COMMS,255,BROADCAST,0,HEARTBEAT,48,HEARTBEAT,0,0,0,0,0,0,0x1800FFC0
1777197432.269,266432,6,3,COMMS,255,BROADCAST,0,HEARTBEAT,48,HEARTBEAT,0,0,0,0,0,0,0x1800FFC0
1777197433.368,267474,6,3,COMMS,255,BROADCAST,0,HEARTBEAT,48,HEARTBEAT,0,0,0,0,0,0,0x1800FFC0
1777197434.389,268516,6,3,COMMS,255,BROADCAST,0,HEARTBEAT,48,HEARTBEAT,0,0,0,0,0,0,0x1800FFC0
1777197435.410,269558,6,3,COMMS,255,BROADCAST,0,HEARTBEAT,48,HEARTBEAT,0,0,0,0,0,0,0x1800FFC0
1777197436.443,270600,6,3,COMMS,255,BROADCAST,0,HEARTBEAT,48,HEARTBEAT,0,0,0,0,0,0,0x1800FFC0
1777197437.497,271642,6,3,COMMS,255,BROADCAST,0,HEARTBEAT,48,HEARTBEAT,0,0,0,0,0,0,0x1800FFC0
1777197438.536,272684,6,3,COMMS,255,BROADCAST,0,HEARTBEAT,48,HEARTBEAT,0,0,0,0,0,0,0x1800FFC0
1777197439.615,273726,6,3,COMMS,255,BROADCAST,0,HEARTBEAT,48,HEARTBEAT,0,0,0,0,0,0,0x1800FFC0
1777197440.638,274768,6,3,COMMS,255,BROADCAST,0,HEARTBEAT,48,HEARTBEAT,0,0,0,0,0,0,0x1800FFC0
1777197441.662,275810,6,3,COMMS,255,BROADCAST,0,HEARTBEAT,48,HEARTBEAT,0,0,0,0,0,0,0x1800FFC0
1777197442.702,276852,6,3,COMMS,255,BROADCAST,0,HEARTBEAT,48,HEARTBEAT,0,0,0,0,0,0,0x1800FFC0
1777197443.746,277894,6,3,COMMS,255,BROADCAST,0,HEARTBEAT,48,HEARTBEAT,0,0,0,0,0,0,0x1800FFC0
1777197444.790,278936,6,3,COMMS,255,BROADCAST,0,HEARTBEAT,48,HEARTBEAT,0,0,0,0,0,0,0x1800FFC0
1777197445.861,279978,6,3,COMMS,255,BROADCAST,0,HEARTBEAT,48,HEARTBEAT,0,0,0,0,0,0,0x1800FFC0
1777197446.880,281020,6,3,COMMS,255,BROADCAST,0,HEARTBEAT,48,HEARTBEAT,0,0,0,0,0,0,0x1800FFC0
1777197447.914,282062,6,3,COMMS,255,BROADCAST,0,HEARTBEAT,48,HEARTBEAT,0,0,0,0,0,0,0x1800FFC0
1777197448.956,283104,6,3,COMMS,255,BROADCAST,0,HEARTBEAT,48,HEARTBEAT,0,0,0,0,0,0,0x1800FFC0
1777197450.001,284146,6,3,COMMS,255,BROADCAST,0,HEARTBEAT,48,HEARTBEAT,0,0,0,0,0,0,0x1800FFC0
1777197451.041,285188,6,3,COMMS,255,BROADCAST,0,HEARTBEAT,48,HEARTBEAT,0,0,0,0,0,0,0x1800FFC0
1777197452.106,286230,6,3,COMMS,255,BROADCAST,0,HEARTBEAT,48,HEARTBEAT,0,0,0,0,0,0,0x1800FFC0
1777197453.133,287272,6,3,COMMS,255,BROADCAST,0,HEARTBEAT,48,HEARTBEAT,0,0,0,0,0,0,0x1800FFC0
1777197454.160,288314,6,3,COMMS,255,BROADCAST,0,HEARTBEAT,48,HEARTBEAT,0,0,0,0,0,0,0x1800FFC0
1777197455.209,289356,6,3,COMMS,255,BROADCAST,0,HEARTBEAT,48,HEARTBEAT,0,0,0,0,0,0,0x1800FFC0
1777197456.250,290398,6,3,COMMS,255,BROADCAST,0,HEARTBEAT,48,HEARTBEAT,0,0,0,0,0,0,0x1800FFC0
1777197457.331,291440,6,3,COMMS,255,BROADCAST,0,HEARTBEAT,48,HEARTBEAT,0,0,0,0,0,0,0x1800FFC0
1777197458.356,292482,6,3,COMMS,255,BROADCAST,0,HEARTBEAT,48,HEARTBEAT,0,0,0,0,0,0,0x1800FFC0
1777197459.376,293524,6,3,COMMS,255,BROADCAST,0,HEARTBEAT,48,HEARTBEAT,0,0,0,0,0,0,0x1800FFC0
1777197460.433,294566,6,3,COMMS,255,BROADCAST,0,HEARTBEAT,48,HEARTBEAT,0,0,0,0,0,0,0x1800FFC0
1777197461.461,295608,6,3,COMMS,255,BROADCAST,0,HEARTBEAT,48,HEARTBEAT,0,0,0,0,0,0,0x1800FFC0
1777197462.555,296650,6,3,COMMS,255,BROADCAST,0,HEARTBEAT,48,HEARTBEAT,0,0,0,0,0,0,0x1800FFC0
1777197463.579,297692,6,3,COMMS,255,BROADCAST,0,HEARTBEAT,48,HEARTBEAT,0,0,0,0,0,0,0x1800FFC0
1777197464.601,298734,6,3,COMMS,255,BROADCAST,0,HEARTBEAT,48,HEARTBEAT,0,0,0,0,0,0,0x1800FFC0
1777197465.628,299776,6,3,COMMS,255,BROADCAST,0,HEARTBEAT,48,HEARTBEAT,0,0,0,0,0,0,0x1800FFC0
1777197466.672,300818,6,3,COMMS,255,BROADCAST,0,HEARTBEAT,48,HEARTBEAT,0,0,0,0,0,0,0x1800FFC0
1777197467.712,301860,6,3,COMMS,255,BROADCAST,0,HEARTBEAT,48,HEARTBEAT,0,0,0,0,0,0,0x1800FFC0
1777197468.754,302902,6,3,COMMS,255,BROADCAST,0,HEARTBEAT,48,HEARTBEAT,0,0,0,0,0,0,0x1800FFC0
1777197469.825,303944,6,3,COMMS,255,BROADCAST,0,HEARTBEAT,48,HEARTBEAT,0,0,0,0,0,0,0x1800FFC0
1777197470.845,304986,6,3,COMMS,255,BROADCAST,0,HEARTBEAT,48,HEARTBEAT,0,0,0,0,0,0,0x1800FFC0
1777197471.880,306028,6,3,COMMS,255,BROADCAST,0,HEARTBEAT,48,HEARTBEAT,0,0,0,0,0,0,0x1800FFC0
1777197472.924,307070,6,3,COMMS,255,BROADCAST,0,HEARTBEAT,48,HEARTBEAT,0,0,0,0,0,0,0x1800FFC0
1777197868.785,6224,6,3,COMMS,255,BROADCAST,0,HEARTBEAT,48,HEARTBEAT,0,0,0,0,0,0,0x1800FFC0
1777197869.810,7246,6,3,COMMS,255,BROADCAST,0,HEARTBEAT,48,HEARTBEAT,0,0,0,0,0,0,0x1800FFC0
1777197870.836,8288,6,3,COMMS,255,BROADCAST,0,HEARTBEAT,48,HEARTBEAT,0,0,0,0,0,0,0x1800FFC0
1777197871.873,9330,6,3,COMMS,255,BROADCAST,0,HEARTBEAT,48,HEARTBEAT,0,0,0,0,0,0,0x1800FFC0
1777197872.914,10372,6,3,COMMS,255,BROADCAST,0,HEARTBEAT,48,HEARTBEAT,0,0,0,0,0,0,0x1800FFC0
1777197873.958,11414,6,3,COMMS,255,BROADCAST,0,HEARTBEAT,48,HEARTBEAT,0,0,0,0,0,0,0x1800FFC0
1777197875.029,12456,6,3,COMMS,255,BROADCAST,0,HEARTBEAT,48,HEARTBEAT,0,0,0,0,0,0,0x1800FFC0
1777197876.062,13498,6,3,COMMS,255,BROADCAST,0,HEARTBEAT,48,HEARTBEAT,0,0,0,0,0,0,0x1800FFC0
1777197877.082,14540,6,3,COMMS,255,BROADCAST,0,HEARTBEAT,48,HEARTBEAT,0,0,0,0,0,0,0x1800FFC0
1777197878.125,15582,6,3,COMMS,255,BROADCAST,0,HEARTBEAT,48,HEARTBEAT,0,0,0,0,0,0,0x1800FFC0
1777197879.167,16624,6,3,COMMS,255,BROADCAST,0,HEARTBEAT,48,HEARTBEAT,0,0,0,0,0,0,0x1800FFC0
1777197880.209,17666,6,3,COMMS,255,BROADCAST,0,HEARTBEAT,48,HEARTBEAT,0,0,0,0,0,0,0x1800FFC0
1777197881.272,18708,6,3,COMMS,255,BROADCAST,0,HEARTBEAT,48,HEARTBEAT,0,0,0,0,0,0,0x1800FFC0
1777197882.304,19750,6,3,COMMS,255,BROADCAST,0,HEARTBEAT,48,HEARTBEAT,0,0,0,0,0,0,0x1800FFC0
1777197883.335,20792,6,3,COMMS,255,BROADCAST,0,HEARTBEAT,48,HEARTBEAT,0,0,0,0,0,0,0x1800FFC0
1777197884.376,21834,6,3,COMMS,255,BROADCAST,0,HEARTBEAT,48,HEARTBEAT,0,0,0,0,0,0,0x1800FFC0
1777197885.419,22876,6,3,COMMS,255,BROADCAST,0,HEARTBEAT,48,HEARTBEAT,0,0,0,0,0,0,0x1800FFC0
1777197886.502,23918,6,3,COMMS,255,BROADCAST,0,HEARTBEAT,48,HEARTBEAT,0,0,0,0,0,0,0x1800FFC0
1777197887.527,24960,6,3,COMMS,255,BROADCAST,0,HEARTBEAT,48,HEARTBEAT,0,0,0,0,0,0,0x1800FFC0
1777197888.555,26002,6,3,COMMS,255,BROADCAST,0,HEARTBEAT,48,HEARTBEAT,0,0,0,0,0,0,0x1800FFC0
1777197889.587,27044,6,3,COMMS,255,BROADCAST,0,HEARTBEAT,48,HEARTBEAT,0,0,0,0,0,0,0x1800FFC0
1777197890.633,28086,6,3,COMMS,255,BROADCAST,0,HEARTBEAT,48,HEARTBEAT,0,0,0,0,0,0,0x1800FFC0
1777197891.651,29108,6,3,COMMS,255,BROADCAST,0,HEARTBEAT,48,HEARTBEAT,0,0,0,0,0,0,0x1800FFC0
1777197892.652,30109,6,3,COMMS,255,BROADCAST,0,HEARTBEAT,48,HEARTBEAT,0,0,0,0,0,0,0x1800FFC0
1777197893.666,31110,6,3,COMMS,255,BROADCAST,0,HEARTBEAT,48,HEARTBEAT,0,0,0,0,0,0,0x1800FFC0
1777197894.698,32111,6,3,COMMS,255,BROADCAST,0,HEARTBEAT,48,HEARTBEAT,0,0,0,0,0,0,0x1800FFC0
1777197895.656,33112,6,3,COMMS,255,BROADCAST,0,HEARTBEAT,48,HEARTBEAT,0,0,0,0,0,0,0x1800FFC0
1777197896.656,34113,6,3,COMMS,255,BROADCAST,0,HEARTBEAT,48,HEARTBEAT,0,0,0,0,0,0,0x1800FFC0
1777197897.664,35114,6,3,COMMS,255,BROADCAST,0,HEARTBEAT,48,HEARTBEAT,0,0,0,0,0,0,0x1800FFC0
1777197898.690,36156,6,3,COMMS,255,BROADCAST,0,HEARTBEAT,48,HEARTBEAT,0,0,0,0,0,0,0x1800FFC0
1777197899.742,37198,6,3,COMMS,255,BROADCAST,0,HEARTBEAT,48,HEARTBEAT,0,0,0,0,0,0,0x1800FFC0
1777197900.784,38240,6,3,COMMS,255,BROADCAST,0,HEARTBEAT,48,HEARTBEAT,0,0,0,0,0,0,0x1800FFC0
1777197901.860,39282,6,3,COMMS,255,BROADCAST,0,HEARTBEAT,48,HEARTBEAT,0,0,0,0,0,0,0x1800FFC0
1777197902.879,40319,6,3,COMMS,255,BROADCAST,0,HEARTBEAT,48,HEARTBEAT,0,0,0,0,0,0,0x1800FFC0
1777197903.960,41417,6,3,COMMS,255,BROADCAST,0,HEARTBEAT,48,HEARTBEAT,0,0,0,0,0,0,0x1800FFC0
1777197905.058,42515,6,3,COMMS,255,BROADCAST,0,HEARTBEAT,48,HEARTBEAT,0,0,0,0,0,0,0x1800FFC0
1777197906.164,43613,6,3,COMMS,255,BROADCAST,0,HEARTBEAT,48,HEARTBEAT,0,0,0,0,0,0,0x1800FFC0
1777197907.283,44711,6,3,COMMS,255,BROADCAST,0,HEARTBEAT,48,HEARTBEAT,0,0,0,0,0,0,0x1800FFC0
1777197908.355,45809,6,3,COMMS,255,BROADCAST,0,HEARTBEAT,48,HEARTBEAT,0,0,0,0,0,0,0x1800FFC0
1777197909.451,46907,6,3,COMMS,255,BROADCAST,0,HEARTBEAT,48,HEARTBEAT,0,0,0,0,0,0,0x1800FFC0
1777197910.569,48005,6,3,COMMS,255,BROADCAST,0,HEARTBEAT,48,HEARTBEAT,0,0,0,0,0,0,0x1800FFC0
1777197911.644,49100,6,3,COMMS,255,BROADCAST,0,HEARTBEAT,48,HEARTBEAT,0,0,0,0,0,0,0x1800FFC0
1777197912.743,50199,6,3,COMMS,255,BROADCAST,0,HEARTBEAT,48,HEARTBEAT,0,0,0,0,0,0,0x1800FFC0
1777197913.845,51297,6,3,COMMS,255,BROADCAST,0,HEARTBEAT,48,HEARTBEAT,0,0,0,0,0,0,0x1800FFC0
1777197914.971,52395,6,3,COMMS,255,BROADCAST,0,HEARTBEAT,48,HEARTBEAT,0,0,0,0,0,0,0x1800FFC0
1777197916.031,53493,6,3,COMMS,255,BROADCAST,0,HEARTBEAT,48,HEARTBEAT,0,0,0,0,0,0,0x1800FFC0
1777197917.137,54591,6,3,COMMS,255,BROADCAST,0,HEARTBEAT,48,HEARTBEAT,0,0,0,0,0,0,0x1800FFC0
1777197918.138,55592,6,3,COMMS,255,BROADCAST,0,HEARTBEAT,48,HEARTBEAT,0,0,0,0,0,0,0x1800FFC0
1777197919.162,56593,6,3,COMMS,255,BROADCAST,0,HEARTBEAT,48,HEARTBEAT,0,0,0,0,0,0,0x1800FFC0
1777197920.138,57594,6,3,COMMS,255,BROADCAST,0,HEARTBEAT,48,HEARTBEAT,0,0,0,0,0,0,0x1800FFC0
1777197921.138,58595,6,3,COMMS,255,BROADCAST,0,HEARTBEAT,48,HEARTBEAT,0,0,0,0,0,0,0x1800FFC0
1777197922.169,59636,6,3,COMMS,255,BROADCAST,0,HEARTBEAT,48,HEARTBEAT,0,0,0,0,0,0,0x1800FFC0
1777197923.222,60678,6,3,COMMS,255,BROADCAST,0,HEARTBEAT,48,HEARTBEAT,0,0,0,0,0,0,0x1800FFC0
1777197924.291,61720,6,3,COMMS,255,BROADCAST,0,HEARTBEAT,48,HEARTBEAT,0,0,0,0,0,0,0x1800FFC0
1777197925.314,62762,6,3,COMMS,255,BROADCAST,0,HEARTBEAT,48,HEARTBEAT,0,0,0,0,0,0,0x1800FFC0
1777197926.348,63804,6,3,COMMS,255,BROADCAST,0,HEARTBEAT,48,HEARTBEAT,0,0,0,0,0,0,0x1800FFC0
1777197927.390,64846,6,3,COMMS,255,BROADCAST,0,HEARTBEAT,48,HEARTBEAT,0,0,0,0,0,0,0x1800FFC0
1777197928.431,65888,6,3,COMMS,255,BROADCAST,0,HEARTBEAT,48,HEARTBEAT,0,0,0,0,0,0,0x1800FFC0
1777197929.518,66930,6,3,COMMS,255,BROADCAST,0,HEARTBEAT,48,HEARTBEAT,0,0,0,0,0,0,0x1800FFC0
1777197930.537,67972,6,3,COMMS,255,BROADCAST,0,HEARTBEAT,48,HEARTBEAT,0,0,0,0,0,0,0x1800FFC0
1777197931.558,69014,6,3,COMMS,255,BROADCAST,0,HEARTBEAT,48,HEARTBEAT,0,0,0,0,0,0,0x1800FFC0
1777197932.604,70056,6,3,COMMS,255,BROADCAST,0,HEARTBEAT,48,HEARTBEAT,0,0,0,0,0,0,0x1800FFC0
1777197933.641,71098,6,3,COMMS,255,BROADCAST,0,HEARTBEAT,48,HEARTBEAT,0,0,0,0,0,0,0x1800FFC0
1777197934.684,72140,6,3,COMMS,255,BROADCAST,0,HEARTBEAT,48,HEARTBEAT,0,0,0,0,0,0,0x1800FFC0
1777197935.759,73182,6,3,COMMS,255,BROADCAST,0,HEARTBEAT,48,HEARTBEAT,0,0,0,0,0,0,0x1800FFC0
1777197936.779,74224,6,3,COMMS,255,BROADCAST,0,HEARTBEAT,48,HEARTBEAT,0,0,0,0,0,0,0x1800FFC0
1777197937.809,75266,6,3,COMMS,255,BROADCAST,0,HEARTBEAT,48,HEARTBEAT,0,0,0,0,0,0,0x1800FFC0
1777197938.852,76308,6,3,COMMS,255,BROADCAST,0,HEARTBEAT,48,HEARTBEAT,0,0,0,0,0,0,0x1800FFC0
1777197939.908,77350,6,3,COMMS,255,BROADCAST,0,HEARTBEAT,48,HEARTBEAT,0,0,0,0,0,0,0x1800FFC0
1777197940.936,78392,6,3,COMMS,255,BROADCAST,0,HEARTBEAT,48,HEARTBEAT,0,0,0,0,0,0,0x1800FFC0
1777197942.006,79434,6,3,COMMS,255,BROADCAST,0,HEARTBEAT,48,HEARTBEAT,0,0,0,0,0,0,0x1800FFC0
1777197943.021,80476,6,3,COMMS,255,BROADCAST,0,HEARTBEAT,48,HEARTBEAT,0,0,0,0,0,0,0x1800FFC0
1777197944.061,81518,6,3,COMMS,255,BROADCAST,0,HEARTBEAT,48,HEARTBEAT,0,0,0,0,0,0,0x1800FFC0
1777197945.103,82560,6,3,COMMS,255,BROADCAST,0,HEARTBEAT,48,HEARTBEAT,0,0,0,0,0,0,0x1800FFC0
1777197946.146,83602,6,3,COMMS,255,BROADCAST,0,HEARTBEAT,48,HEARTBEAT,0,0,0,0,0,0,0x1800FFC0
1777197947.228,84644,6,3,COMMS,255,BROADCAST,0,HEARTBEAT,48,HEARTBEAT,0,0,0,0,0,0,0x1800FFC0
1777197948.259,85686,6,3,COMMS,255,BROADCAST,0,HEARTBEAT,48,HEARTBEAT,0,0,0,0,0,0,0x1800FFC0
1777197949.280,86728,6,3,COMMS,255,BROADCAST,0,HEARTBEAT,48,HEARTBEAT,0,0,0,0,0,0,0x1800FFC0
1777197950.314,87770,6,3,COMMS,255,BROADCAST,0,HEARTBEAT,48,HEARTBEAT,0,0,0,0,0,0,0x1800FFC0
1777197951.363,88812,6,3,COMMS,255,BROADCAST,0,HEARTBEAT,48,HEARTBEAT,0,0,0,0,0,0,0x1800FFC0
1777197952.397,89854,6,3,COMMS,255,BROADCAST,0,HEARTBEAT,48,HEARTBEAT,0,0,0,0,0,0,0x1800FFC0
1777197953.473,90896,6,3,COMMS,255,BROADCAST,0,HEARTBEAT,48,HEARTBEAT,0,0,0,0,0,0,0x1800FFC0
1777197954.493,91938,6,3,COMMS,255,BROADCAST,0,HEARTBEAT,48,HEARTBEAT,0,0,0,0,0,0,0x1800FFC0
1777197955.524,92980,6,3,COMMS,255,BROADCAST,0,HEARTBEAT,48,HEARTBEAT,0,0,0,0,0,0,0x1800FFC0
1777197956.566,94022,6,3,COMMS,255,BROADCAST,0,HEARTBEAT,48,HEARTBEAT,0,0,0,0,0,0,0x1800FFC0
1777197957.607,95064,6,3,COMMS,255,BROADCAST,0,HEARTBEAT,48,HEARTBEAT,0,0,0,0,0,0,0x1800FFC0
1777197958.649,96106,6,3,COMMS,255,BROADCAST,0,HEARTBEAT,48,HEARTBEAT,0,0,0,0,0,0,0x1800FFC0
1777197959.718,97148,6,3,COMMS,255,BROADCAST,0,HEARTBEAT,48,HEARTBEAT,0,0,0,0,0,0,0x1800FFC0
1777197960.736,98190,6,3,COMMS,255,BROADCAST,0,HEARTBEAT,48,HEARTBEAT,0,0,0,0,0,0,0x1800FFC0
1777197961.777,99232,6,3,COMMS,255,BROADCAST,0,HEARTBEAT,48,HEARTBEAT,0,0,0,0,0,0,0x1800FFC0
1777197962.830,100274,6,3,COMMS,255,BROADCAST,0,HEARTBEAT,48,HEARTBEAT,0,0,0,0,0,0,0x1800FFC0
1777197963.859,101316,6,3,COMMS,255,BROADCAST,0,HEARTBEAT,48,HEARTBEAT,0,0,0,0,0,0,0x1800FFC0
1777197964.939,102358,6,3,COMMS,255,BROADCAST,0,HEARTBEAT,48,HEARTBEAT,0,0,0,0,0,0,0x1800FFC0
1777197965.969,103400,6,3,COMMS,255,BROADCAST,0,HEARTBEAT,48,HEARTBEAT,0,0,0,0,0,0,0x1800FFC0
1777197966.992,104442,6,3,COMMS,255,BROADCAST,0,HEARTBEAT,48,HEARTBEAT,0,0,0,0,0,0,0x1800FFC0
1777197968.027,105484,6,3,COMMS,255,BROADCAST,0,HEARTBEAT,48,HEARTBEAT,0,0,0,0,0,0,0x1800FFC0
1777197969.071,106526,6,3,COMMS,255,BROADCAST,0,HEARTBEAT,48,HEARTBEAT,0,0,0,0,0,0,0x1800FFC0
1777197970.112,107568,6,3,COMMS,255,BROADCAST,0,HEARTBEAT,48,HEARTBEAT,0,0,0,0,0,0,0x1800FFC0
1777197971.191,108610,6,3,COMMS,255,BROADCAST,0,HEARTBEAT,48,HEARTBEAT,0,0,0,0,0,0,0x1800FFC0
1777197972.220,109652,6,3,COMMS,255,BROADCAST,0,HEARTBEAT,48,HEARTBEAT,0,0,0,0,0,0,0x1800FFC0
1777197973.238,110694,6,3,COMMS,255,BROADCAST,0,HEARTBEAT,48,HEARTBEAT,0,0,0,0,0,0,0x1800FFC0
1777197974.286,111736,6,3,COMMS,255,BROADCAST,0,HEARTBEAT,48,HEARTBEAT,0,0,0,0,0,0,0x1800FFC0
1777197975.322,112778,6,3,COMMS,255,BROADCAST,0,HEARTBEAT,48,HEARTBEAT,0,0,0,0,0,0,0x1800FFC0
1777197976.364,113820,6,3,COMMS,255,BROADCAST,0,HEARTBEAT,48,HEARTBEAT,0,0,0,0,0,0,0x1800FFC0
1777197977.438,114862,6,3,COMMS,255,BROADCAST,0,HEARTBEAT,48,HEARTBEAT,0,0,0,0,0,0,0x1800FFC0
1777197978.459,115904,6,3,COMMS,255,BROADCAST,0,HEARTBEAT,48,HEARTBEAT,0,0,0,0,0,0,0x1800FFC0
1777197979.491,116946,6,3,COMMS,255,BROADCAST,0,HEARTBEAT,48,HEARTBEAT,0,0,0,0,0,0,0x1800FFC0
1777197980.533,117988,6,3,COMMS,255,BROADCAST,0,HEARTBEAT,48,HEARTBEAT,0,0,0,0,0,0,0x1800FFC0
1777197981.574,119030,6,3,COMMS,255,BROADCAST,0,HEARTBEAT,48,HEARTBEAT,0,0,0,0,0,0,0x1800FFC0
1777198013.283,5309,6,3,COMMS,255,BROADCAST,0,HEARTBEAT,48,HEARTBEAT,0,0,0,0,0,0,0x1800FFC0
1777198014.297,6323,6,3,COMMS,255,BROADCAST,0,HEARTBEAT,48,HEARTBEAT,0,0,0,0,0,0,0x1800FFC0
1777198015.324,7337,6,3,COMMS,255,BROADCAST,0,HEARTBEAT,48,HEARTBEAT,0,0,0,0,0,0,0x1800FFC0
1777198016.344,8352,6,3,COMMS,255,BROADCAST,0,HEARTBEAT,48,HEARTBEAT,0,0,0,0,0,0,0x1800FFC0
1777198017.370,9366,6,3,COMMS,255,BROADCAST,0,HEARTBEAT,48,HEARTBEAT,0,0,0,0,0,0,0x1800FFC0
1777198018.353,10380,6,3,COMMS,255,BROADCAST,0,HEARTBEAT,48,HEARTBEAT,0,0,0,0,0,0,0x1800FFC0
1777198019.367,11394,6,3,COMMS,255,BROADCAST,0,HEARTBEAT,48,HEARTBEAT,0,0,0,0,0,0,0x1800FFC0
1777198020.385,12408,6,3,COMMS,255,BROADCAST,0,HEARTBEAT,48,HEARTBEAT,0,0,0,0,0,0,0x1800FFC0
1777198021.404,13423,6,3,COMMS,255,BROADCAST,0,HEARTBEAT,48,HEARTBEAT,0,0,0,0,0,0,0x1800FFC0
1777198022.410,14437,6,3,COMMS,255,BROADCAST,0,HEARTBEAT,48,HEARTBEAT,0,0,0,0,0,0,0x1800FFC0
1777198023.425,15451,6,3,COMMS,255,BROADCAST,0,HEARTBEAT,48,HEARTBEAT,0,0,0,0,0,0,0x1800FFC0
1777198024.438,16465,6,3,COMMS,255,BROADCAST,0,HEARTBEAT,48,HEARTBEAT,0,0,0,0,0,0,0x1800FFC0
1777198025.459,17480,6,3,COMMS,255,BROADCAST,0,HEARTBEAT,48,HEARTBEAT,0,0,0,0,0,0,0x1800FFC0
1777198026.493,18494,6,3,COMMS,255,BROADCAST,0,HEARTBEAT,48,HEARTBEAT,0,0,0,0,0,0,0x1800FFC0
1777198027.503,19508,6,3,COMMS,255,BROADCAST,0,HEARTBEAT,48,HEARTBEAT,0,0,0,0,0,0,0x1800FFC0
1777198028.536,20522,6,3,COMMS,255,BROADCAST,0,HEARTBEAT,48,HEARTBEAT,0,0,0,0,0,0,0x1800FFC0
1777198029.511,21537,6,3,COMMS,255,BROADCAST,0,HEARTBEAT,48,HEARTBEAT,0,0,0,0,0,0,0x1800FFC0
1777198030.518,22551,6,3,COMMS,255,BROADCAST,0,HEARTBEAT,48,HEARTBEAT,0,0,0,0,0,0,0x1800FFC0
1777198031.538,23565,6,3,COMMS,255,BROADCAST,0,HEARTBEAT,48,HEARTBEAT,0,0,0,0,0,0,0x1800FFC0
1777198032.542,24579,6,3,COMMS,255,BROADCAST,0,HEARTBEAT,48,HEARTBEAT,0,0,0,0,0,0,0x1800FFC0
1777198033.566,25593,6,3,COMMS,255,BROADCAST,0,HEARTBEAT,48,HEARTBEAT,0,0,0,0,0,0,0x1800FFC0
1777198034.581,26608,6,3,COMMS,255,BROADCAST,0,HEARTBEAT,48,HEARTBEAT,0,0,0,0,0,0,0x1800FFC0
1777198035.608,27622,6,3,COMMS,255,BROADCAST,0,HEARTBEAT,48,HEARTBEAT,0,0,0,0,0,0,0x1800FFC0
1777198036.620,28636,6,3,COMMS,255,BROADCAST,0,HEARTBEAT,48,HEARTBEAT,0,0,0,0,0,0,0x1800FFC0
1777198037.648,29650,6,3,COMMS,255,BROADCAST,0,HEARTBEAT,48,HEARTBEAT,0,0,0,0,0,0,0x1800FFC0
1777198038.673,30664,6,3,COMMS,255,BROADCAST,0,HEARTBEAT,48,HEARTBEAT,0,0,0,0,0,0,0x1800FFC0
1777198039.643,31679,6,3,COMMS,255,BROADCAST,0,HEARTBEAT,48,HEARTBEAT,0,0,0,0,0,0,0x1800FFC0
1777198040.666,32693,6,3,COMMS,255,BROADCAST,0,HEARTBEAT,48,HEARTBEAT,0,0,0,0,0,0,0x1800FFC0
1777198041.678,33707,6,3,COMMS,255,BROADCAST,0,HEARTBEAT,48,HEARTBEAT,0,0,0,0,0,0,0x1800FFC0
1777198042.697,34721,6,3,COMMS,255,BROADCAST,0,HEARTBEAT,48,HEARTBEAT,0,0,0,0,0,0,0x1800FFC0
1777198043.708,35735,6,3,COMMS,255,BROADCAST,0,HEARTBEAT,48,HEARTBEAT,0,0,0,0,0,0,0x1800FFC0
1777198044.722,36749,6,3,COMMS,255,BROADCAST,0,HEARTBEAT,48,HEARTBEAT,0,0,0,0,0,0,0x1800FFC0
1777198045.738,37763,6,3,COMMS,255,BROADCAST,0,HEARTBEAT,48,HEARTBEAT,0,0,0,0,0,0,0x1800FFC0
1777198046.763,38777,6,3,COMMS,255,BROADCAST,0,HEARTBEAT,48,HEARTBEAT,0,0,0,0,0,0,0x1800FFC0
1777198047.788,39792,6,3,COMMS,255,BROADCAST,0,HEARTBEAT,48,HEARTBEAT,0,0,0,0,0,0,0x1800FFC0
1777198048.809,40805,6,3,COMMS,255,BROADCAST,0,HEARTBEAT,48,HEARTBEAT,0,0,0,0,0,0,0x1800FFC0
1777198049.794,41820,6,3,COMMS,255,BROADCAST,0,HEARTBEAT,48,HEARTBEAT,0,0,0,0,0,0,0x1800FFC0
1777198050.807,42834,6,3,COMMS,255,BROADCAST,0,HEARTBEAT,48,HEARTBEAT,0,0,0,0,0,0,0x1800FFC0
1777198051.821,43848,6,3,COMMS,255,BROADCAST,0,HEARTBEAT,48,HEARTBEAT,0,0,0,0,0,0,0x1800FFC0
1777198052.848,44862,6,3,COMMS,255,BROADCAST,0,HEARTBEAT,48,HEARTBEAT,0,0,0,0,0,0,0x1800FFC0
1777198053.933,45959,6,3,COMMS,255,BROADCAST,0,HEARTBEAT,48,HEARTBEAT,0,0,0,0,0,0,0x1800FFC0
1777198054.962,46988,6,3,COMMS,255,BROADCAST,0,HEARTBEAT,48,HEARTBEAT,0,0,0,0,0,0,0x1800FFC0
1777198055.980,48002,6,3,COMMS,255,BROADCAST,0,HEARTBEAT,48,HEARTBEAT,0,0,0,0,0,0,0x1800FFC0
1777198057.001,49003,6,3,COMMS,255,BROADCAST,0,HEARTBEAT,48,HEARTBEAT,0,0,0,0,0,0,0x1800FFC0
1777198057.977,50004,6,3,COMMS,255,BROADCAST,0,HEARTBEAT,48,HEARTBEAT,0,0,0,0,0,0,0x1800FFC0
1777198058.979,51005,6,3,COMMS,255,BROADCAST,0,HEARTBEAT,48,HEARTBEAT,0,0,0,0,0,0,0x1800FFC0
1777198059.980,52006,6,3,COMMS,255,BROADCAST,0,HEARTBEAT,48,HEARTBEAT,0,0,0,0,0,0,0x1800FFC0
1777198061.021,53048,6,3,COMMS,255,BROADCAST,0,HEARTBEAT,48,HEARTBEAT,0,0,0,0,0,0,0x1800FFC0
1777198062.043,54070,6,3,COMMS,255,BROADCAST,0,HEARTBEAT,48,HEARTBEAT,0,0,0,0,0,0,0x1800FFC0
1777198063.066,55093,6,3,COMMS,255,BROADCAST,0,HEARTBEAT,48,HEARTBEAT,0,0,0,0,0,0,0x1800FFC0
1777198064.095,56122,6,3,COMMS,255,BROADCAST,0,HEARTBEAT,48,HEARTBEAT,0,0,0,0,0,0,0x1800FFC0
1777198065.109,57136,6,3,COMMS,255,BROADCAST,0,HEARTBEAT,48,HEARTBEAT,0,0,0,0,0,0,0x1800FFC0
1777198066.125,58151,6,3,COMMS,255,BROADCAST,0,HEARTBEAT,48,HEARTBEAT,0,0,0,0,0,0,0x1800FFC0
1777198067.140,59165,6,3,COMMS,255,BROADCAST,0,HEARTBEAT,48,HEARTBEAT,0,0,0,0,0,0,0x1800FFC0
1777198068.156,60179,6,3,COMMS,255,BROADCAST,0,HEARTBEAT,48,HEARTBEAT,0,0,0,0,0,0,0x1800FFC0
1777198069.188,61193,6,3,COMMS,255,BROADCAST,0,HEARTBEAT,48,HEARTBEAT,0,0,0,0,0,0,0x1800FFC0
1777198070.226,62208,6,3,COMMS,255,BROADCAST,0,HEARTBEAT,48,HEARTBEAT,0,0,0,0,0,0,0x1800FFC0
1777198071.196,63222,6,3,COMMS,255,BROADCAST,0,HEARTBEAT,48,HEARTBEAT,0,0,0,0,0,0,0x1800FFC0
1777198072.210,64236,6,3,COMMS,255,BROADCAST,0,HEARTBEAT,48,HEARTBEAT,0,0,0,0,0,0,0x1800FFC0
1777198073.224,65250,6,3,COMMS,255,BROADCAST,0,HEARTBEAT,48,HEARTBEAT,0,0,0,0,0,0,0x1800FFC0
1777198074.237,66264,6,3,COMMS,255,BROADCAST,0,HEARTBEAT,48,HEARTBEAT,0,0,0,0,0,0,0x1800FFC0
1777198075.253,67279,6,3,COMMS,255,BROADCAST,0,HEARTBEAT,48,HEARTBEAT,0,0,0,0,0,0,0x1800FFC0
1777198076.268,68293,6,3,COMMS,255,BROADCAST,0,HEARTBEAT,48,HEARTBEAT,0,0,0,0,0,0,0x1800FFC0
1777198077.285,69307,6,3,COMMS,255,BROADCAST,0,HEARTBEAT,48,HEARTBEAT,0,0,0,0,0,0,0x1800FFC0
1777198078.299,70321,6,3,COMMS,255,BROADCAST,0,HEARTBEAT,48,HEARTBEAT,0,0,0,0,0,0,0x1800FFC0
1777198079.326,71335,6,3,COMMS,255,BROADCAST,0,HEARTBEAT,48,HEARTBEAT,0,0,0,0,0,0,0x1800FFC0
1777198080.353,72350,6,3,COMMS,255,BROADCAST,0,HEARTBEAT,48,HEARTBEAT,0,0,0,0,0,0,0x1800FFC0
1777198081.370,73364,6,3,COMMS,255,BROADCAST,0,HEARTBEAT,48,HEARTBEAT,0,0,0,0,0,0,0x1800FFC0
1777198082.352,74378,6,3,COMMS,255,BROADCAST,0,HEARTBEAT,48,HEARTBEAT,0,0,0,0,0,0,0x1800FFC0
1777198083.366,75392,6,3,COMMS,255,BROADCAST,0,HEARTBEAT,48,HEARTBEAT,0,0,0,0,0,0,0x1800FFC0
1777198084.381,76406,6,3,COMMS,255,BROADCAST,0,HEARTBEAT,48,HEARTBEAT,0,0,0,0,0,0,0x1800FFC0
1777198085.394,77420,6,3,COMMS,255,BROADCAST,0,HEARTBEAT,48,HEARTBEAT,0,0,0,0,0,0,0x1800FFC0
1777198086.408,78434,6,3,COMMS,255,BROADCAST,0,HEARTBEAT,48,HEARTBEAT,0,0,0,0,0,0,0x1800FFC0
1777198087.414,79435,6,3,COMMS,255,BROADCAST,0,HEARTBEAT,48,HEARTBEAT,0,0,0,0,0,0,0x1800FFC0
1777198088.442,80436,6,3,COMMS,255,BROADCAST,0,HEARTBEAT,48,HEARTBEAT,0,0,0,0,0,0,0x1800FFC0
1777198089.409,81437,6,3,COMMS,255,BROADCAST,0,HEARTBEAT,48,HEARTBEAT,0,0,0,0,0,0,0x1800FFC0
1777198090.412,82438,6,3,COMMS,255,BROADCAST,0,HEARTBEAT,48,HEARTBEAT,0,0,0,0,0,0,0x1800FFC0
1777198091.454,83480,6,3,COMMS,255,BROADCAST,0,HEARTBEAT,48,HEARTBEAT,0,0,0,0,0,0,0x1800FFC0
1777198092.495,84522,6,3,COMMS,255,BROADCAST,0,HEARTBEAT,48,HEARTBEAT,0,0,0,0,0,0,0x1800FFC0
1777198250.568,5218,6,3,COMMS,255,BROADCAST,0,HEARTBEAT,48,HEARTBEAT,0,0,0,0,0,0,0x1800FFC0
1777198251.463,6220,6,3,COMMS,255,BROADCAST,0,HEARTBEAT,48,HEARTBEAT,0,0,0,0,0,0,0x1800FFC0
1777198252.491,7241,6,3,COMMS,255,BROADCAST,0,HEARTBEAT,48,HEARTBEAT,0,0,0,0,0,0,0x1800FFC0
1777198253.511,8283,6,3,COMMS,255,BROADCAST,0,HEARTBEAT,48,HEARTBEAT,0,0,0,0,0,0,0x1800FFC0
1777198254.541,9325,6,3,COMMS,255,BROADCAST,0,HEARTBEAT,48,HEARTBEAT,0,0,0,0,0,0,0x1800FFC0
1777198255.588,10367,6,3,COMMS,255,BROADCAST,0,HEARTBEAT,48,HEARTBEAT,0,0,0,0,0,0,0x1800FFC0
1777198256.625,11409,6,3,COMMS,255,BROADCAST,0,HEARTBEAT,48,HEARTBEAT,0,0,0,0,0,0,0x1800FFC0
1777198257.667,12451,6,3,COMMS,255,BROADCAST,0,HEARTBEAT,48,HEARTBEAT,0,0,0,0,0,0,0x1800FFC0
1777198258.731,13493,6,3,COMMS,255,BROADCAST,0,HEARTBEAT,48,HEARTBEAT,0,0,0,0,0,0,0x1800FFC0
1777198259.756,14535,6,3,COMMS,255,BROADCAST,0,HEARTBEAT,48,HEARTBEAT,0,0,0,0,0,0,0x1800FFC0
1777198260.794,15577,6,3,COMMS,255,BROADCAST,0,HEARTBEAT,48,HEARTBEAT,0,0,0,0,0,0,0x1800FFC0
1777198261.835,16619,6,3,COMMS,255,BROADCAST,0,HEARTBEAT,48,HEARTBEAT,0,0,0,0,0,0,0x1800FFC0
1777198262.877,17661,6,3,COMMS,255,BROADCAST,0,HEARTBEAT,48,HEARTBEAT,0,0,0,0,0,0,0x1800FFC0
1777198263.951,18703,6,3,COMMS,255,BROADCAST,0,HEARTBEAT,48,HEARTBEAT,0,0,0,0,0,0,0x1800FFC0
1777198264.983,19745,6,3,COMMS,255,BROADCAST,0,HEARTBEAT,48,HEARTBEAT,0,0,0,0,0,0,0x1800FFC0
1777198266.011,20787,6,3,COMMS,255,BROADCAST,0,HEARTBEAT,48,HEARTBEAT,0,0,0,0,0,0,0x1800FFC0
1777198267.046,21829,6,3,COMMS,255,BROADCAST,0,HEARTBEAT,48,HEARTBEAT,0,0,0,0,0,0,0x1800FFC0
1777198268.088,22871,6,3,COMMS,255,BROADCAST,0,HEARTBEAT,48,HEARTBEAT,0,0,0,0,0,0,0x1800FFC0
1777198269.118,23913,6,3,COMMS,255,BROADCAST,0,HEARTBEAT,48,HEARTBEAT,0,0,0,0,0,0,0x1800FFC0
1777198270.203,24955,6,3,COMMS,255,BROADCAST,0,HEARTBEAT,48,HEARTBEAT,0,0,0,0,0,0,0x1800FFC0
1777198271.226,25997,6,3,COMMS,255,BROADCAST,0,HEARTBEAT,48,HEARTBEAT,0,0,0,0,0,0,0x1800FFC0
1777198272.256,27039,6,3,COMMS,255,BROADCAST,0,HEARTBEAT,48,HEARTBEAT,0,0,0,0,0,0,0x1800FFC0
1777198273.298,28081,6,3,COMMS,255,BROADCAST,0,HEARTBEAT,48,HEARTBEAT,0,0,0,0,0,0,0x1800FFC0
1777198274.360,29142,6,3,COMMS,255,BROADCAST,0,HEARTBEAT,48,HEARTBEAT,0,0,0,0,0,0,0x1800FFC0
1777198275.447,30230,6,3,COMMS,255,BROADCAST,0,HEARTBEAT,48,HEARTBEAT,0,0,0,0,0,0,0x1800FFC0
1777198276.477,31259,6,3,COMMS,255,BROADCAST,0,HEARTBEAT,48,HEARTBEAT,0,0,0,0,0,0,0x1800FFC0
1777198277.490,32273,6,3,COMMS,255,BROADCAST,0,HEARTBEAT,48,HEARTBEAT,0,0,0,0,0,0,0x1800FFC0
1777198278.511,33287,6,3,COMMS,255,BROADCAST,0,HEARTBEAT,48,HEARTBEAT,0,0,0,0,0,0,0x1800FFC0
1777198279.527,34302,6,3,COMMS,255,BROADCAST,0,HEARTBEAT,48,HEARTBEAT,0,0,0,0,0,0,0x1800FFC0
1777198280.545,35314,6,3,COMMS,255,BROADCAST,0,HEARTBEAT,48,HEARTBEAT,0,0,0,0,0,0,0x1800FFC0
1777198281.631,36413,6,3,COMMS,255,BROADCAST,0,HEARTBEAT,48,HEARTBEAT,0,0,0,0,0,0,0x1800FFC0
1777198282.727,37510,6,3,COMMS,255,BROADCAST,0,HEARTBEAT,48,HEARTBEAT,0,0,0,0,0,0,0x1800FFC0
1777198283.750,38521,6,3,COMMS,255,BROADCAST,0,HEARTBEAT,48,HEARTBEAT,0,0,0,0,0,0,0x1800FFC0
1777198284.853,39619,6,3,COMMS,255,BROADCAST,0,HEARTBEAT,48,HEARTBEAT,0,0,0,0,0,0,0x1800FFC0
1777198285.933,40716,6,3,COMMS,255,BROADCAST,0,HEARTBEAT,48,HEARTBEAT,0,0,0,0,0,0,0x1800FFC0
1777198287.032,41814,6,3,COMMS,255,BROADCAST,0,HEARTBEAT,48,HEARTBEAT,0,0,0,0,0,0,0x1800FFC0
1777198288.130,42912,6,3,COMMS,255,BROADCAST,0,HEARTBEAT,48,HEARTBEAT,0,0,0,0,0,0,0x1800FFC0
1777198289.246,44010,6,3,COMMS,255,BROADCAST,0,HEARTBEAT,48,HEARTBEAT,0,0,0,0,0,0,0x1800FFC0
1777198290.323,45108,6,3,COMMS,255,BROADCAST,0,HEARTBEAT,48,HEARTBEAT,0,0,0,0,0,0,0x1800FFC0
1777198291.405,46171,6,3,COMMS,255,BROADCAST,0,HEARTBEAT,48,HEARTBEAT,0,0,0,0,0,0,0x1800FFC0
1777198292.427,47185,6,3,COMMS,255,BROADCAST,0,HEARTBEAT,48,HEARTBEAT,0,0,0,0,0,0,0x1800FFC0
1777198293.444,48200,6,3,COMMS,255,BROADCAST,0,HEARTBEAT,48,HEARTBEAT,0,0,0,0,0,0,0x1800FFC0
1777198294.433,49214,6,3,COMMS,255,BROADCAST,0,HEARTBEAT,48,HEARTBEAT,0,0,0,0,0,0,0x1800FFC0
1777198295.445,50228,6,3,COMMS,255,BROADCAST,0,HEARTBEAT,48,HEARTBEAT,0,0,0,0,0,0,0x1800FFC0
1777198296.460,51242,6,3,COMMS,255,BROADCAST,0,HEARTBEAT,48,HEARTBEAT,0,0,0,0,0,0,0x1800FFC0
1777198297.487,52269,6,3,COMMS,255,BROADCAST,0,HEARTBEAT,48,HEARTBEAT,0,0,0,0,0,0,0x1800FFC0
1777198298.490,53270,6,3,COMMS,255,BROADCAST,0,HEARTBEAT,48,HEARTBEAT,0,0,0,0,0,0,0x1800FFC0
1777198299.489,54271,6,3,COMMS,255,BROADCAST,0,HEARTBEAT,48,HEARTBEAT,0,0,0,0,0,0,0x1800FFC0
1777198300.511,55272,6,3,COMMS,255,BROADCAST,0,HEARTBEAT,48,HEARTBEAT,0,0,0,0,0,0,0x1800FFC0
1777198301.485,56273,6,3,COMMS,255,BROADCAST,0,HEARTBEAT,48,HEARTBEAT,0,0,0,0,0,0,0x1800FFC0
1777198302.564,57314,6,3,COMMS,255,BROADCAST,0,HEARTBEAT,48,HEARTBEAT,0,0,0,0,0,0,0x1800FFC0
1777198303.586,58356,6,3,COMMS,255,BROADCAST,0,HEARTBEAT,48,HEARTBEAT,0,0,0,0,0,0,0x1800FFC0
1777198304.616,59398,6,3,COMMS,255,BROADCAST,0,HEARTBEAT,48,HEARTBEAT,0,0,0,0,0,0,0x1800FFC0
1777198305.668,60440,6,3,COMMS,255,BROADCAST,0,HEARTBEAT,48,HEARTBEAT,0,0,0,0,0,0,0x1800FFC0
1777198306.699,61482,6,3,COMMS,255,BROADCAST,0,HEARTBEAT,48,HEARTBEAT,0,0,0,0,0,0,0x1800FFC0
1777198307.728,62524,6,3,COMMS,255,BROADCAST,0,HEARTBEAT,48,HEARTBEAT,0,0,0,0,0,0,0x1800FFC0
1777198308.816,63566,6,3,COMMS,255,BROADCAST,0,HEARTBEAT,48,HEARTBEAT,0,0,0,0,0,0,0x1800FFC0
1777198309.836,64608,6,3,COMMS,255,BROADCAST,0,HEARTBEAT,48,HEARTBEAT,0,0,0,0,0,0,0x1800FFC0
1777198310.867,65650,6,3,COMMS,255,BROADCAST,0,HEARTBEAT,48,HEARTBEAT,0,0,0,0,0,0,0x1800FFC0
1777198311.910,66692,6,3,COMMS,255,BROADCAST,0,HEARTBEAT,48,HEARTBEAT,0,0,0,0,0,0,0x1800FFC0
1777198312.951,67734,6,3,COMMS,255,BROADCAST,0,HEARTBEAT,48,HEARTBEAT,0,0,0,0,0,0,0x1800FFC0
1777198313.994,68776,6,3,COMMS,255,BROADCAST,0,HEARTBEAT,48,HEARTBEAT,0,0,0,0,0,0,0x1800FFC0
1777198315.062,69818,6,3,COMMS,255,BROADCAST,0,HEARTBEAT,48,HEARTBEAT,0,0,0,0,0,0,0x1800FFC0
1777198316.084,70860,6,3,COMMS,255,BROADCAST,0,HEARTBEAT,48,HEARTBEAT,0,0,0,0,0,0,0x1800FFC0
1777198317.122,71902,6,3,COMMS,255,BROADCAST,0,HEARTBEAT,48,HEARTBEAT,0,0,0,0,0,0,0x1800FFC0
1777198318.162,72944,6,3,COMMS,255,BROADCAST,0,HEARTBEAT,48,HEARTBEAT,0,0,0,0,0,0,0x1800FFC0
1777198319.204,73986,6,3,COMMS,255,BROADCAST,0,HEARTBEAT,48,HEARTBEAT,0,0,0,0,0,0,0x1800FFC0
1777198320.283,75028,6,3,COMMS,255,BROADCAST,0,HEARTBEAT,48,HEARTBEAT,0,0,0,0,0,0,0x1800FFC0
1777198321.308,76070,6,3,COMMS,255,BROADCAST,0,HEARTBEAT,48,HEARTBEAT,0,0,0,0,0,0,0x1800FFC0
1777198322.344,77112,6,3,COMMS,255,BROADCAST,0,HEARTBEAT,48,HEARTBEAT,0,0,0,0,0,0,0x1800FFC0
1777198323.372,78154,6,3,COMMS,255,BROADCAST,0,HEARTBEAT,48,HEARTBEAT,0,0,0,0,0,0,0x1800FFC0
1777198324.414,79196,6,3,COMMS,255,BROADCAST,0,HEARTBEAT,48,HEARTBEAT,0,0,0,0,0,0,0x1800FFC0
1777198325.456,80238,6,3,COMMS,255,BROADCAST,0,HEARTBEAT,48,HEARTBEAT,0,0,0,0,0,0,0x1800FFC0
1777198326.529,81280,6,3,COMMS,255,BROADCAST,0,HEARTBEAT,48,HEARTBEAT,0,0,0,0,0,0,0x1800FFC0
1777198327.548,82322,6,3,COMMS,255,BROADCAST,0,HEARTBEAT,48,HEARTBEAT,0,0,0,0,0,0,0x1800FFC0
1777198328.582,83364,6,3,COMMS,255,BROADCAST,0,HEARTBEAT,48,HEARTBEAT,0,0,0,0,0,0,0x1800FFC0
1777198329.625,84406,6,3,COMMS,255,BROADCAST,0,HEARTBEAT,48,HEARTBEAT,0,0,0,0,0,0,0x1800FFC0
1777198330.666,85448,6,3,COMMS,255,BROADCAST,0,HEARTBEAT,48,HEARTBEAT,0,0,0,0,0,0,0x1800FFC0
1777198331.755,86490,6,3,COMMS,255,BROADCAST,0,HEARTBEAT,48,HEARTBEAT,0,0,0,0,0,0,0x1800FFC0
1777198332.774,87532,6,3,COMMS,255,BROADCAST,0,HEARTBEAT,48,HEARTBEAT,0,0,0,0,0,0,0x1800FFC0
1777198333.798,88574,6,3,COMMS,255,BROADCAST,0,HEARTBEAT,48,HEARTBEAT,0,0,0,0,0,0,0x1800FFC0
1777198334.834,89616,6,3,COMMS,255,BROADCAST,0,HEARTBEAT,48,HEARTBEAT,0,0,0,0,0,0,0x1800FFC0
1777198335.877,90658,6,3,COMMS,255,BROADCAST,0,HEARTBEAT,48,HEARTBEAT,0,0,0,0,0,0,0x1800FFC0
1777198336.909,91700,6,3,COMMS,255,BROADCAST,0,HEARTBEAT,48,HEARTBEAT,0,0,0,0,0,0,0x1800FFC0
1777198337.997,92742,6,3,COMMS,255,BROADCAST,0,HEARTBEAT,48,HEARTBEAT,0,0,0,0,0,0,0x1800FFC0
1777198339.023,93784,6,3,COMMS,255,BROADCAST,0,HEARTBEAT,48,HEARTBEAT,0,0,0,0,0,0,0x1800FFC0
1777198340.039,94826,6,3,COMMS,255,BROADCAST,0,HEARTBEAT,48,HEARTBEAT,0,0,0,0,0,0,0x1800FFC0
1777198341.086,95868,6,3,COMMS,255,BROADCAST,0,HEARTBEAT,48,HEARTBEAT,0,0,0,0,0,0,0x1800FFC0
1777198342.128,96910,6,3,COMMS,255,BROADCAST,0,HEARTBEAT,48,HEARTBEAT,0,0,0,0,0,0,0x1800FFC0
1777198343.170,97952,6,3,COMMS,255,BROADCAST,0,HEARTBEAT,48,HEARTBEAT,0,0,0,0,0,0,0x1800FFC0
1777198344.246,98994,6,3,COMMS,255,BROADCAST,0,HEARTBEAT,48,HEARTBEAT,0,0,0,0,0,0,0x1800FFC0
1777198345.280,100036,6,3,COMMS,255,BROADCAST,0,HEARTBEAT,48,HEARTBEAT,0,0,0,0,0,0,0x1800FFC0
1777198346.296,101078,6,3,COMMS,255,BROADCAST,0,HEARTBEAT,48,HEARTBEAT,0,0,0,0,0,0,0x1800FFC0
1777198347.338,102120,6,3,COMMS,255,BROADCAST,0,HEARTBEAT,48,HEARTBEAT,0,0,0,0,0,0,0x1800FFC0
1777198348.380,103162,6,3,COMMS,255,BROADCAST,0,HEARTBEAT,48,HEARTBEAT,0,0,0,0,0,0,0x1800FFC0
1777198349.425,104204,6,3,COMMS,255,BROADCAST,0,HEARTBEAT,48,HEARTBEAT,0,0,0,0,0,0,0x1800FFC0
1777198350.493,105246,6,3,COMMS,255,BROADCAST,0,HEARTBEAT,48,HEARTBEAT,0,0,0,0,0,0,0x1800FFC0
1777198351.519,106288,6,3,COMMS,255,BROADCAST,0,HEARTBEAT,48,HEARTBEAT,0,0,0,0,0,0,0x1800FFC0
1777198352.548,107330,6,3,COMMS,255,BROADCAST,0,HEARTBEAT,48,HEARTBEAT,0,0,0,0,0,0,0x1800FFC0
1777198353.598,108372,6,3,COMMS,255,BROADCAST,0,HEARTBEAT,48,HEARTBEAT,0,0,0,0,0,0,0x1800FFC0
1777198354.632,109414,6,3,COMMS,255,BROADCAST,0,HEARTBEAT,48,HEARTBEAT,0,0,0,0,0,0,0x1800FFC0
1777198355.718,110456,6,3,COMMS,255,BROADCAST,0,HEARTBEAT,48,HEARTBEAT,0,0,0,0,0,0,0x1800FFC0
1777198356.740,111498,6,3,COMMS,255,BROADCAST,0,HEARTBEAT,48,HEARTBEAT,0,0,0,0,0,0,0x1800FFC0
1777198357.761,112540,6,3,COMMS,255,BROADCAST,0,HEARTBEAT,48,HEARTBEAT,0,0,0,0,0,0,0x1800FFC0
1777198358.800,113582,6,3,COMMS,255,BROADCAST,0,HEARTBEAT,48,HEARTBEAT,0,0,0,0,0,0,0x1800FFC0
1777198359.843,114624,6,3,COMMS,255,BROADCAST,0,HEARTBEAT,48,HEARTBEAT,0,0,0,0,0,0,0x1800FFC0
1777198360.886,115666,6,3,COMMS,255,BROADCAST,0,HEARTBEAT,48,HEARTBEAT,0,0,0,0,0,0,0x1800FFC0
1777198361.952,116708,6,3,COMMS,255,BROADCAST,0,HEARTBEAT,48,HEARTBEAT,0,0,0,0,0,0,0x1800FFC0
1777198362.971,117750,6,3,COMMS,255,BROADCAST,0,HEARTBEAT,48,HEARTBEAT,0,0,0,0,0,0,0x1800FFC0
1777198364.011,118792,6,3,COMMS,255,BROADCAST,0,HEARTBEAT,48,HEARTBEAT,0,0,0,0,0,0,0x1800FFC0
1777198365.053,119834,6,3,COMMS,255,BROADCAST,0,HEARTBEAT,48,HEARTBEAT,0,0,0,0,0,0,0x1800FFC0
1777198366.094,120876,6,3,COMMS,255,BROADCAST,0,HEARTBEAT,48,HEARTBEAT,0,0,0,0,0,0,0x1800FFC0
1777198367.136,121918,6,3,COMMS,255,BROADCAST,0,HEARTBEAT,48,HEARTBEAT,0,0,0,0,0,0,0x1800FFC0
1777198368.207,122960,6,3,COMMS,255,BROADCAST,0,HEARTBEAT,48,HEARTBEAT,0,0,0,0,0,0,0x1800FFC0
1777198369.232,124002,6,3,COMMS,255,BROADCAST,0,HEARTBEAT,48,HEARTBEAT,0,0,0,0,0,0,0x1800FFC0
1777198370.263,125044,6,3,COMMS,255,BROADCAST,0,HEARTBEAT,48,HEARTBEAT,0,0,0,0,0,0,0x1800FFC0
1777198371.304,126086,6,3,COMMS,255,BROADCAST,0,HEARTBEAT,48,HEARTBEAT,0,0,0,0,0,0,0x1800FFC0
1777198372.347,127128,6,3,COMMS,255,BROADCAST,0,HEARTBEAT,48,HEARTBEAT,0,0,0,0,0,0,0x1800FFC0
1777198373.428,128170,6,3,COMMS,255,BROADCAST,0,HEARTBEAT,48,HEARTBEAT,0,0,0,0,0,0,0x1800FFC0
1777198374.453,129212,6,3,COMMS,255,BROADCAST,0,HEARTBEAT,48,HEARTBEAT,0,0,0,0,0,0,0x1800FFC0
1777198375.475,130254,6,3,COMMS,255,BROADCAST,0,HEARTBEAT,48,HEARTBEAT,0,0,0,0,0,0,0x1800FFC0
1777198376.515,131296,6,3,COMMS,255,BROADCAST,0,HEARTBEAT,48,HEARTBEAT,0,0,0,0,0,0,0x1800FFC0
1777198377.557,132338,6,3,COMMS,255,BROADCAST,0,HEARTBEAT,48,HEARTBEAT,0,0,0,0,0,0,0x1800FFC0
1777198378.599,133380,6,3,COMMS,255,BROADCAST,0,HEARTBEAT,48,HEARTBEAT,0,0,0,0,0,0,0x1800FFC0
1777198379.676,134422,6,3,COMMS,255,BROADCAST,0,HEARTBEAT,48,HEARTBEAT,0,0,0,0,0,0,0x1800FFC0
1777198380.688,135464,6,3,COMMS,255,BROADCAST,0,HEARTBEAT,48,HEARTBEAT,0,0,0,0,0,0,0x1800FFC0
1777198381.727,136506,6,3,COMMS,255,BROADCAST,0,HEARTBEAT,48,HEARTBEAT,0,0,0,0,0,0,0x1800FFC0
1777198382.767,137548,6,3,COMMS,255,BROADCAST,0,HEARTBEAT,48,HEARTBEAT,0,0,0,0,0,0,0x1800FFC0
1777198383.809,138590,6,3,COMMS,255,BROADCAST,0,HEARTBEAT,48,HEARTBEAT,0,0,0,0,0,0,0x1800FFC0
1777198384.851,139632,6,3,COMMS,255,BROADCAST,0,HEARTBEAT,48,HEARTBEAT,0,0,0,0,0,0,0x1800FFC0
1777198385.922,140674,6,3,COMMS,255,BROADCAST,0,HEARTBEAT,48,HEARTBEAT,0,0,0,0,0,0,0x1800FFC0
1777198386.946,141716,6,3,COMMS,255,BROADCAST,0,HEARTBEAT,48,HEARTBEAT,0,0,0,0,0,0,0x1800FFC0
1777198387.977,142758,6,3,COMMS,255,BROADCAST,0,HEARTBEAT,48,HEARTBEAT,0,0,0,0,0,0,0x1800FFC0
1777198389.004,143800,6,3,COMMS,255,BROADCAST,0,HEARTBEAT,48,HEARTBEAT,0,0,0,0,0,0,0x1800FFC0
1777198390.062,144842,6,3,COMMS,255,BROADCAST,0,HEARTBEAT,48,HEARTBEAT,0,0,0,0,0,0,0x1800FFC0
1777198391.142,145884,6,3,COMMS,255,BROADCAST,0,HEARTBEAT,48,HEARTBEAT,0,0,0,0,0,0,0x1800FFC0
1777198392.166,146926,6,3,COMMS,255,BROADCAST,0,HEARTBEAT,48,HEARTBEAT,0,0,0,0,0,0,0x1800FFC0
1777198393.200,147968,6,3,COMMS,255,BROADCAST,0,HEARTBEAT,48,HEARTBEAT,0,0,0,0,0,0,0x1800FFC0
1777198394.229,149010,6,3,COMMS,255,BROADCAST,0,HEARTBEAT,48,HEARTBEAT,0,0,0,0,0,0,0x1800FFC0
1777198395.274,150052,6,3,COMMS,255,BROADCAST,0,HEARTBEAT,48,HEARTBEAT,0,0,0,0,0,0,0x1800FFC0
1777198396.313,151094,6,3,COMMS,255,BROADCAST,0,HEARTBEAT,48,HEARTBEAT,0,0,0,0,0,0,0x1800FFC0
1777198397.389,152136,6,3,COMMS,255,BROADCAST,0,HEARTBEAT,48,HEARTBEAT,0,0,0,0,0,0,0x1800FFC0
1777198398.418,153178,6,3,COMMS,255,BROADCAST,0,HEARTBEAT,48,HEARTBEAT,0,0,0,0,0,0,0x1800FFC0
1777198399.439,154220,6,3,COMMS,255,BROADCAST,0,HEARTBEAT,48,HEARTBEAT,0,0,0,0,0,0,0x1800FFC0
