rx_wall_time,timestamp_ms,priority,src,src_name,dst,dst_name,cls,cls_name,opcode,opcode_name,p2,p3,p4,p5,p6,p7,can_id_hex
1777195736.070,79551,4,2,EPS,255,BROADCAST,0,HEARTBEAT,48,HEARTBEAT,0,0,0,0,0,0,0x1000BFC0
1777195737.089,80565,4,2,EPS,255,BROADCAST,0,HEARTBEAT,48,HEARTBEAT,0,0,0,0,0,0,0x1000BFC0
1777195737.686,81167,4,2,EPS,1,CDH,3,CMD_RESP,82,CMD_RESP_0x52,0,0,0,0,0,0,0x10008043
1777195752.145,4493,4,2,EPS,255,BROADCAST,0,HEARTBEAT,48,HEARTBEAT,0,0,0,0,0,0,0x1000BFC0
1777195753.157,5507,4,2,EPS,255,BROADCAST,0,HEARTBEAT,48,HEARTBEAT,0,0,0,0,0,0,0x1000BFC0
1777195754.172,6522,4,2,EPS,255,BROADCAST,0,HEARTBEAT,48,HEARTBEAT,0,0,0,0,0,0,0x1000BFC0
1777195755.185,7536,4,2,EPS,255,BROADCAST,0,HEARTBEAT,48,HEARTBEAT,0,0,0,0,0,0,0x1000BFC0
1777195756.207,8550,4,2,EPS,255,BROADCAST,0,HEARTBEAT,48,HEARTBEAT,0,0,0,0,0,0,0x1000BFC0
1777195757.233,9564,4,2,EPS,255,BROADCAST,0,HEARTBEAT,48,HEARTBEAT,0,0,0,0,0,0,0x1000BFC0
1777195758.257,10578,4,2,EPS,255,BROADCAST,0,HEARTBEAT,48,HEARTBEAT,0,0,0,0,0,0,0x1000BFC0
1777195759.280,11592,4,2,EPS,255,BROADCAST,0,HEARTBEAT,48,HEARTBEAT,0,0,0,0,0,0,0x1000BFC0
1777195760.258,12607,4,2,EPS,255,BROADCAST,0,HEARTBEAT,48,HEARTBEAT,0,0,0,0,0,0,0x1000BFC0
1777195761.272,13621,4,2,EPS,255,BROADCAST,0,HEARTBEAT,48,HEARTBEAT,0,0,0,0,0,0,0x1000BFC0
1777195762.285,14635,4,2,EPS,255,BROADCAST,0,HEARTBEAT,48,HEARTBEAT,0,0,0,0,0,0,0x1000BFC0
1777195763.298,15649,4,2,EPS,255,BROADCAST,0,HEARTBEAT,48,HEARTBEAT,0,0,0,0,0,0,0x1000BFC0
1777195764.312,16663,4,2,EPS,255,BROADCAST,0,HEARTBEAT,48,HEARTBEAT,0,0,0,0,0,0,0x1000BFC0
1777195765.327,17677,4,2,EPS,255,BROADCAST,0,HEARTBEAT,48,HEARTBEAT,0,0,0,0,0,0,0x1000BFC0
1777195766.346,18691,4,2,EPS,255,BROADCAST,0,HEARTBEAT,48,HEARTBEAT,0,0,0,0,0,0,0x1000BFC0
1777195767.370,19706,4,2,EPS,255,BROADCAST,0,HEARTBEAT,48,HEARTBEAT,0,0,0,0,0,0,0x1000BFC0
1777195768.385,20720,4,2,EPS,255,BROADCAST,0,HEARTBEAT,48,HEARTBEAT,0,0,0,0,0,0,0x1000BFC0
1777195769.418,21734,4,2,EPS,255,BROADCAST,0,HEARTBEAT,48,HEARTBEAT,0,0,0,0,0,0,0x1000BFC0
1777195770.398,22748,4,2,EPS,255,BROADCAST,0,HEARTBEAT,48,HEARTBEAT,0,0,0,0,0,0,0x1000BFC0
1777195771.413,23763,4,2,EPS,255,BROADCAST,0,HEARTBEAT,48,HEARTBEAT,0,0,0,0,0,0,0x1000BFC0
1777195772.427,24777,4,2,EPS,255,BROADCAST,0,HEARTBEAT,48,HEARTBEAT,0,0,0,0,0,0,0x1000BFC0
1777195773.441,25791,4,2,EPS,255,BROADCAST,0,HEARTBEAT,48,HEARTBEAT,0,0,0,0,0,0,0x1000BFC0
1777195774.456,26806,4,2,EPS,255,BROADCAST,0,HEARTBEAT,48,HEARTBEAT,0,0,0,0,0,0,0x1000BFC0
1777195775.470,27820,4,2,EPS,255,BROADCAST,0,HEARTBEAT,48,HEARTBEAT,0,0,0,0,0,0,0x1000BFC0
1777195776.483,28834,4,2,EPS,255,BROADCAST,0,HEARTBEAT,48,HEARTBEAT,0,0,0,0,0,0,0x1000BFC0
1777195777.509,29848,4,2,EPS,255,BROADCAST,0,HEARTBEAT,48,HEARTBEAT,0,0,0,0,0,0,0x1000BFC0
1777195778.533,30863,4,2,EPS,255,BROADCAST,0,HEARTBEAT,48,HEARTBEAT,0,0,0,0,0,0,0x1000BFC0
1777195779.556,31877,4,2,EPS,255,BROADCAST,0,HEARTBEAT,48,HEARTBEAT,0,0,0,0,0,0,0x1000BFC0
1777195780.578,32891,4,2,EPS,255,BROADCAST,0,HEARTBEAT,48,HEARTBEAT,0,0,0,0,0,0,0x1000BFC0
1777195781.558,33905,4,2,EPS,255,BROADCAST,0,HEARTBEAT,48,HEARTBEAT,0,0,0,0,0,0,0x1000BFC0
1777195782.571,34919,4,2,EPS,255,BROADCAST,0,HEARTBEAT,48,HEARTBEAT,0,0,0,0,0,0,0x1000BFC0
1777195783.585,35934,4,2,EPS,255,BROADCAST,0,HEARTBEAT,48,HEARTBEAT,0,0,0,0,0,0,0x1000BFC0
1777195784.598,36948,4,2,EPS,255,BROADCAST,0,HEARTBEAT,48,HEARTBEAT,0,0,0,0,0,0,0x1000BFC0
1777195785.612,37962,4,2,EPS,255,BROADCAST,0,HEARTBEAT,48,HEARTBEAT,0,0,0,0,0,0,0x1000BFC0
1777195786.626,38976,4,2,EPS,255,BROADCAST,0,HEARTBEAT,48,HEARTBEAT,0,0,0,0,0,0,0x1000BFC0
1777195787.644,39991,4,2,EPS,255,BROADCAST,0,HEARTBEAT,48,HEARTBEAT,0,0,0,0,0,0,0x1000BFC0
1777195788.666,41005,4,2,EPS,255,BROADCAST,0,HEARTBEAT,48,HEARTBEAT,0,0,0,0,0,0,0x1000BFC0
1777195789.693,42019,4,2,EPS,255,BROADCAST,0,HEARTBEAT,48,HEARTBEAT,0,0,0,0,0,0,0x1000BFC0
1777195790.718,43033,4,2,EPS,255,BROADCAST,0,HEARTBEAT,48,HEARTBEAT,0,0,0,0,0,0,0x1000BFC0
1777195791.698,44048,4,2,EPS,255,BROADCAST,0,HEARTBEAT,48,HEARTBEAT,0,0,0,0,0,0,0x1000BFC0
1777195792.712,45062,4,2,EPS,255,BROADCAST,0,HEARTBEAT,48,HEARTBEAT,0,0,0,0,0,0,0x1000BFC0
1777195793.726,46076,4,2,EPS,255,BROADCAST,0,HEARTBEAT,48,HEARTBEAT,0,0,0,0,0,0,0x1000BFC0
1777195794.742,47090,4,2,EPS,255,BROADCAST,0,HEARTBEAT,48,HEARTBEAT,0,0,0,0,0,0,0x1000BFC0
1777195795.755,48105,4,2,EPS,255,BROADCAST,0,HEARTBEAT,48,HEARTBEAT,0,0,0,0,0,0,0x1000BFC0
1777195796.769,49119,4,2,EPS,255,BROADCAST,0,HEARTBEAT,48,HEARTBEAT,0,0,0,0,0,0,0x1000BFC0
1777195797.679,50022,4,2,EPS,1,CDH,3,CMD_RESP,82,CMD_RESP_0x52,0,0,0,0,0,0,0x10008043
1777195797.784,50133,4,2,EPS,255,BROADCAST,0,HEARTBEAT,48,HEARTBEAT,0,0,0,0,0,0,0x1000BFC0
1777195798.799,51148,4,2,EPS,255,BROADCAST,0,HEARTBEAT,48,HEARTBEAT,0,0,0,0,0,0,0x1000BFC0
1777195799.830,52162,4,2,EPS,255,BROADCAST,0,HEARTBEAT,48,HEARTBEAT,0,0,0,0,0,0,0x1000BFC0
1777195800.857,53176,4,2,EPS,255,BROADCAST,0,HEARTBEAT,48,HEARTBEAT,0,0,0,0,0,0,0x1000BFC0
1777195801.877,54191,4,2,EPS,255,BROADCAST,0,HEARTBEAT,48,HEARTBEAT,0,0,0,0,0,0,0x1000BFC0
1777195802.858,55205,4,2,EPS,255,BROADCAST,0,HEARTBEAT,48,HEARTBEAT,0,0,0,0,0,0,0x1000BFC0
1777195803.872,56219,4,2,EPS,255,BROADCAST,0,HEARTBEAT,48,HEARTBEAT,0,0,0,0,0,0,0x1000BFC0
1777195804.884,57234,4,2,EPS,255,BROADCAST,0,HEARTBEAT,48,HEARTBEAT,0,0,0,0,0,0,0x1000BFC0
1777195805.902,58248,4,2,EPS,255,BROADCAST,0,HEARTBEAT,48,HEARTBEAT,0,0,0,0,0,0,0x1000BFC0
1777195806.914,59262,4,2,EPS,255,BROADCAST,0,HEARTBEAT,48,HEARTBEAT,0,0,0,0,0,0,0x1000BFC0
1777195807.927,60277,4,2,EPS,255,BROADCAST,0,HEARTBEAT,48,HEARTBEAT,0,0,0,0,0,0,0x1000BFC0
1777195808.943,61291,4,2,EPS,255,BROADCAST,0,HEARTBEAT,48,HEARTBEAT,0,0,0,0,0,0,0x1000BFC0
1777195809.969,62305,4,2,EPS,255,BROADCAST,0,HEARTBEAT,48,HEARTBEAT,0,0,0,0,0,0,0x1000BFC0
1777195810.991,63320,4,2,EPS,255,BROADCAST,0,HEARTBEAT,48,HEARTBEAT,0,0,0,0,0,0,0x1000BFC0
1777195812.016,64334,4,2,EPS,255,BROADCAST,0,HEARTBEAT,48,HEARTBEAT,0,0,0,0,0,0,0x1000BFC0
1777195813.041,65348,4,2,EPS,255,BROADCAST,0,HEARTBEAT,48,HEARTBEAT,0,0,0,0,0,0,0x1000BFC0
1777195814.013,66363,4,2,EPS,255,BROADCAST,0,HEARTBEAT,48,HEARTBEAT,0,0,0,0,0,0,0x1000BFC0
1777195815.028,67377,4,2,EPS,255,BROADCAST,0,HEARTBEAT,48,HEARTBEAT,0,0,0,0,0,0,0x1000BFC0
1777195816.042,68392,4,2,EPS,255,BROADCAST,0,HEARTBEAT,48,HEARTBEAT,0,0,0,0,0,0,0x1000BFC0
1777195817.056,69406,4,2,EPS,255,BROADCAST,0,HEARTBEAT,48,HEARTBEAT,0,0,0,0,0,0,0x1000BFC0
1777195818.071,70420,4,2,EPS,255,BROADCAST,0,HEARTBEAT,48,HEARTBEAT,0,0,0,0,0,0,0x1000BFC0
1777195819.086,71435,4,2,EPS,255,BROADCAST,0,HEARTBEAT,48,HEARTBEAT,0,0,0,0,0,0,0x1000BFC0
1777195820.105,72449,4,2,EPS,255,BROADCAST,0,HEARTBEAT,48,HEARTBEAT,0,0,0,0,0,0,0x1000BFC0
1777195821.130,73463,4,2,EPS,255,BROADCAST,0,HEARTBEAT,48,HEARTBEAT,0,0,0,0,0,0,0x1000BFC0
1777195822.154,74478,4,2,EPS,255,BROADCAST,0,HEARTBEAT,48,HEARTBEAT,0,0,0,0,0,0,0x1000BFC0
1777195823.180,75492,4,2,EPS,255,BROADCAST,0,HEARTBEAT,48,HEARTBEAT,0,0,0,0,0,0,0x1000BFC0
1777195824.157,76506,4,2,EPS,255,BROADCAST,0,HEARTBEAT,48,HEARTBEAT,0,0,0,0,0,0,0x1000BFC0
1777195825.172,77521,4,2,EPS,255,BROADCAST,0,HEARTBEAT,48,HEARTBEAT,0,0,0,0,0,0,0x1000BFC0
1777195826.186,78535,4,2,EPS,255,BROADCAST,0,HEARTBEAT,48,HEARTBEAT,0,0,0,0,0,0,0x1000BFC0
1777195827.202,79550,4,2,EPS,255,BROADCAST,0,HEARTBEAT,48,HEARTBEAT,0,0,0,0,0,0,0x1000BFC0
1777195828.215,80564,4,2,EPS,255,BROADCAST,0,HEARTBEAT,48,HEARTBEAT,0,0,0,0,0,0,0x1000BFC0
1777195829.229,81578,4,2,EPS,255,BROADCAST,0,HEARTBEAT,48,HEARTBEAT,0,0,0,0,0,0,0x1000BFC0
1777195830.244,82593,4,2,EPS,255,BROADCAST,0,HEARTBEAT,48,HEARTBEAT,0,0,0,0,0,0,0x1000BFC0
1777195831.267,83607,4,2,EPS,255,BROADCAST,0,HEARTBEAT,48,HEARTBEAT,0,0,0,0,0,0,0x1000BFC0
1777195832.291,84622,4,2,EPS,255,BROADCAST,0,HEARTBEAT,48,HEARTBEAT,0,0,0,0,0,0,0x1000BFC0
1777195833.312,85636,4,2,EPS,255,BROADCAST,0,HEARTBEAT,48,HEARTBEAT,0,0,0,0,0,0,0x1000BFC0
1777195834.342,86650,4,2,EPS,255,BROADCAST,0,HEARTBEAT,48,HEARTBEAT,0,0,0,0,0,0,0x1000BFC0
1777195835.315,87665,4,2,EPS,255,BROADCAST,0,HEARTBEAT,48,HEARTBEAT,0,0,0,0,0,0,0x1000BFC0
1777195836.330,88679,4,2,EPS,255,BROADCAST,0,HEARTBEAT,48,HEARTBEAT,0,0,0,0,0,0,0x1000BFC0
1777195837.344,89694,4,2,EPS,255,BROADCAST,0,HEARTBEAT,48,HEARTBEAT,0,0,0,0,0,0,0x1000BFC0
1777195838.359,90708,4,2,EPS,255,BROADCAST,0,HEARTBEAT,48,HEARTBEAT,0,0,0,0,0,0,0x1000BFC0
1777195839.373,91722,4,2,EPS,255,BROADCAST,0,HEARTBEAT,48,HEARTBEAT,0,0,0,0,0,0,0x1000BFC0
1777195840.387,92737,4,2,EPS,255,BROADCAST,0,HEARTBEAT,48,HEARTBEAT,0,0,0,0,0,0,0x1000BFC0
1777195841.407,93751,4,2,EPS,255,BROADCAST,0,HEARTBEAT,48,HEARTBEAT,0,0,0,0,0,0,0x1000BFC0
1777195842.432,94766,4,2,EPS,255,BROADCAST,0,HEARTBEAT,48,HEARTBEAT,0,0,0,0,0,0,0x1000BFC0
1777195843.447,95780,4,2,EPS,255,BROADCAST,0,HEARTBEAT,48,HEARTBEAT,0,0,0,0,0,0,0x1000BFC0
1777195844.477,96794,4,2,EPS,255,BROADCAST,0,HEARTBEAT,48,HEARTBEAT,0,0,0,0,0,0,0x1000BFC0
1777195845.460,97809,4,2,EPS,255,BROADCAST,0,HEARTBEAT,48,HEARTBEAT,0,0,0,0,0,0,0x1000BFC0
1777195846.474,98823,4,2,EPS,255,BROADCAST,0,HEARTBEAT,48,HEARTBEAT,0,0,0,0,0,0,0x1000BFC0
1777195847.488,99837,4,2,EPS,255,BROADCAST,0,HEARTBEAT,48,HEARTBEAT,0,0,0,0,0,0,0x1000BFC0
1777195847.691,100039,4,2,EPS,1,CDH,3,CMD_RESP,82,CMD_RESP_0x52,0,0,0,0,0,0,0x10008043
1777195848.501,100852,4,2,EPS,255,BROADCAST,0,HEARTBEAT,48,HEARTBEAT,0,0,0,0,0,0,0x1000BFC0
1777195849.517,101866,4,2,EPS,255,BROADCAST,0,HEARTBEAT,48,HEARTBEAT,0,0,0,0,0,0,0x1000BFC0
1777195850.532,102881,4,2,EPS,255,BROADCAST,0,HEARTBEAT,48,HEARTBEAT,0,0,0,0,0,0,0x1000BFC0
1777195851.546,103895,4,2,EPS,255,BROADCAST,0,HEARTBEAT,48,HEARTBEAT,0,0,0,0,0,0,0x1000BFC0
1777195852.567,104909,4,2,EPS,255,BROADCAST,0,HEARTBEAT,48,HEARTBEAT,0,0,0,0,0,0,0x1000BFC0
1777195853.592,105924,4,2,EPS,255,BROADCAST,0,HEARTBEAT,48,HEARTBEAT,0,0,0,0,0,0,0x1000BFC0
1777195854.614,106938,4,2,EPS,255,BROADCAST,0,HEARTBEAT,48,HEARTBEAT,0,0,0,0,0,0,0x1000BFC0
1777195855.643,107952,4,2,EPS,255,BROADCAST,0,HEARTBEAT,48,HEARTBEAT,0,0,0,0,0,0,0x1000BFC0
1777195856.666,108967,4,2,EPS,255,BROADCAST,0,HEARTBEAT,48,HEARTBEAT,0,0,0,0,0,0,0x1000BFC0
1777195857.634,109981,4,2,EPS,255,BROADCAST,0,HEARTBEAT,48,HEARTBEAT,0,0,0,0,0,0,0x1000BFC0
1777195858.647,110995,4,2,EPS,255,BROADCAST,0,HEARTBEAT,48,HEARTBEAT,0,0,0,0,0,0,0x1000BFC0
1777195859.663,112010,4,2,EPS,255,BROADCAST,0,HEARTBEAT,48,HEARTBEAT,0,0,0,0,0,0,0x1000BFC0
1777195860.675,113024,4,2,EPS,255,BROADCAST,0,HEARTBEAT,48,HEARTBEAT,0,0,0,0,0,0,0x1000BFC0
1777195861.690,114038,4,2,EPS,255,BROADCAST,0,HEARTBEAT,48,HEARTBEAT,0,0,0,0,0,0,0x1000BFC0
1777195862.705,115052,4,2,EPS,255,BROADCAST,0,HEARTBEAT,48,HEARTBEAT,0,0,0,0,0,0,0x1000BFC0
1777195863.720,116067,4,2,EPS,255,BROADCAST,0,HEARTBEAT,48,HEARTBEAT,0,0,0,0,0,0,0x1000BFC0
1777195864.754,117081,4,2,EPS,255,BROADCAST,0,HEARTBEAT,48,HEARTBEAT,0,0,0,0,0,0,0x1000BFC0
1777195865.775,118095,4,2,EPS,255,BROADCAST,0,HEARTBEAT,48,HEARTBEAT,0,0,0,0,0,0,0x1000BFC0
1777195866.796,119110,4,2,EPS,255,BROADCAST,0,HEARTBEAT,48,HEARTBEAT,0,0,0,0,0,0,0x1000BFC0
1777195867.777,120124,4,2,EPS,255,BROADCAST,0,HEARTBEAT,48,HEARTBEAT,0,0,0,0,0,0,0x1000BFC0
1777195868.789,121138,4,2,EPS,255,BROADCAST,0,HEARTBEAT,48,HEARTBEAT,0,0,0,0,0,0,0x1000BFC0
1777195869.804,122152,4,2,EPS,255,BROADCAST,0,HEARTBEAT,48,HEARTBEAT,0,0,0,0,0,0,0x1000BFC0
1777195870.818,123167,4,2,EPS,255,BROADCAST,0,HEARTBEAT,48,HEARTBEAT,0,0,0,0,0,0,0x1000BFC0
1777195871.832,124181,4,2,EPS,255,BROADCAST,0,HEARTBEAT,48,HEARTBEAT,0,0,0,0,0,0,0x1000BFC0
1777195872.847,125195,4,2,EPS,255,BROADCAST,0,HEARTBEAT,48,HEARTBEAT,0,0,0,0,0,0,0x1000BFC0
1777195873.863,126209,4,2,EPS,255,BROADCAST,0,HEARTBEAT,48,HEARTBEAT,0,0,0,0,0,0,0x1000BFC0
1777195874.888,127223,4,2,EPS,255,BROADCAST,0,HEARTBEAT,48,HEARTBEAT,0,0,0,0,0,0,0x1000BFC0
1777195875.917,128238,4,2,EPS,255,BROADCAST,0,HEARTBEAT,48,HEARTBEAT,0,0,0,0,0,0,0x1000BFC0
1777195876.939,129252,4,2,EPS,255,BROADCAST,0,HEARTBEAT,48,HEARTBEAT,0,0,0,0,0,0,0x1000BFC0
1777195877.918,130266,4,2,EPS,255,BROADCAST,0,HEARTBEAT,48,HEARTBEAT,0,0,0,0,0,0,0x1000BFC0
1777195878.932,131280,4,2,EPS,255,BROADCAST,0,HEARTBEAT,48,HEARTBEAT,0,0,0,0,0,0,0x1000BFC0
1777195879.946,132295,4,2,EPS,255,BROADCAST,0,HEARTBEAT,48,HEARTBEAT,0,0,0,0,0,0,0x1000BFC0
1777195880.961,133309,4,2,EPS,255,BROADCAST,0,HEARTBEAT,48,HEARTBEAT,0,0,0,0,0,0,0x1000BFC0
1777195881.975,134323,4,2,EPS,255,BROADCAST,0,HEARTBEAT,48,HEARTBEAT,0,0,0,0,0,0,0x1000BFC0
1777195882.989,135337,4,2,EPS,255,BROADCAST,0,HEARTBEAT,48,HEARTBEAT,0,0,0,0,0,0,0x1000BFC0
1777195884.003,136351,4,2,EPS,255,BROADCAST,0,HEARTBEAT,48,HEARTBEAT,0,0,0,0,0,0,0x1000BFC0
1777195885.017,137365,4,2,EPS,255,BROADCAST,0,HEARTBEAT,48,HEARTBEAT,0,0,0,0,0,0,0x1000BFC0
1777195886.056,138380,4,2,EPS,255,BROADCAST,0,HEARTBEAT,48,HEARTBEAT,0,0,0,0,0,0,0x1000BFC0
1777195887.074,139394,4,2,EPS,255,BROADCAST,0,HEARTBEAT,48,HEARTBEAT,0,0,0,0,0,0,0x1000BFC0
1777195888.101,140408,4,2,EPS,255,BROADCAST,0,HEARTBEAT,48,HEARTBEAT,0,0,0,0,0,0,0x1000BFC0
1777195889.074,141423,4,2,EPS,255,BROADCAST,0,HEARTBEAT,48,HEARTBEAT,0,0,0,0,0,0,0x1000BFC0
1777195890.089,142437,4,2,EPS,255,BROADCAST,0,HEARTBEAT,48,HEARTBEAT,0,0,0,0,0,0,0x1000BFC0
1777195891.102,143451,4,2,EPS,255,BROADCAST,0,HEARTBEAT,48,HEARTBEAT,0,0,0,0,0,0,0x1000BFC0
1777195892.119,144465,4,2,EPS,255,BROADCAST,0,HEARTBEAT,48,HEARTBEAT,0,0,0,0,0,0,0x1000BFC0
1777195893.131,145479,4,2,EPS,255,BROADCAST,0,HEARTBEAT,48,HEARTBEAT,0,0,0,0,0,0,0x1000BFC0
1777195894.146,146493,4,2,EPS,255,BROADCAST,0,HEARTBEAT,48,HEARTBEAT,0,0,0,0,0,0,0x1000BFC0
1777195895.165,147507,4,2,EPS,255,BROADCAST,0,HEARTBEAT,48,HEARTBEAT,0,0,0,0,0,0,0x1000BFC0
1777195896.181,148522,4,2,EPS,255,BROADCAST,0,HEARTBEAT,48,HEARTBEAT,0,0,0,0,0,0,0x1000BFC0
1777195897.215,149536,4,2,EPS,255,BROADCAST,0,HEARTBEAT,48,HEARTBEAT,0,0,0,0,0,0,0x1000BFC0
1777195897.829,150138,4,2,EPS,1,CDH,3,CMD_RESP,82,CMD_RESP_0x52,0,0,0,0,0,0,0x10008043
1777195898.234,150550,4,2,EPS,255,BROADCAST,0,HEARTBEAT,48,HEARTBEAT,0,0,0,0,0,0,0x1000BFC0
1777195899.217,151565,4,2,EPS,255,BROADCAST,0,HEARTBEAT,48,HEARTBEAT,0,0,0,0,0,0,0x1000BFC0
1777195900.238,152579,4,2,EPS,255,BROADCAST,0,HEARTBEAT,48,HEARTBEAT,0,0,0,0,0,0,0x1000BFC0
1777195901.245,153593,4,2,EPS,255,BROADCAST,0,HEARTBEAT,48,HEARTBEAT,0,0,0,0,0,0,0x1000BFC0
1777195902.260,154607,4,2,EPS,255,BROADCAST,0,HEARTBEAT,48,HEARTBEAT,0,0,0,0,0,0,0x1000BFC0
1777195903.274,155622,4,2,EPS,255,BROADCAST,0,HEARTBEAT,48,HEARTBEAT,0,0,0,0,0,0,0x1000BFC0
1777195904.288,156636,4,2,EPS,255,BROADCAST,0,HEARTBEAT,48,HEARTBEAT,0,0,0,0,0,0,0x1000BFC0
1777195905.302,157650,4,2,EPS,255,BROADCAST,0,HEARTBEAT,48,HEARTBEAT,0,0,0,0,0,0,0x1000BFC0
1777195906.319,158664,4,2,EPS,255,BROADCAST,0,HEARTBEAT,48,HEARTBEAT,0,0,0,0,0,0,0x1000BFC0
1777195907.354,159678,4,2,EPS,255,BROADCAST,0,HEARTBEAT,48,HEARTBEAT,0,0,0,0,0,0,0x1000BFC0
1777195908.375,160693,4,2,EPS,255,BROADCAST,0,HEARTBEAT,48,HEARTBEAT,0,0,0,0,0,0,0x1000BFC0
1777195909.359,161707,4,2,EPS,255,BROADCAST,0,HEARTBEAT,48,HEARTBEAT,0,0,0,0,0,0,0x1000BFC0
1777195910.377,162721,4,2,EPS,255,BROADCAST,0,HEARTBEAT,48,HEARTBEAT,0,0,0,0,0,0,0x1000BFC0
1777195911.387,163735,4,2,EPS,255,BROADCAST,0,HEARTBEAT,48,HEARTBEAT,0,0,0,0,0,0,0x1000BFC0
1777195912.401,164749,4,2,EPS,255,BROADCAST,0,HEARTBEAT,48,HEARTBEAT,0,0,0,0,0,0,0x1000BFC0
1777195913.416,165763,4,2,EPS,255,BROADCAST,0,HEARTBEAT,48,HEARTBEAT,0,0,0,0,0,0,0x1000BFC0
1777195914.430,166778,4,2,EPS,255,BROADCAST,0,HEARTBEAT,48,HEARTBEAT,0,0,0,0,0,0,0x1000BFC0
1777195915.444,167792,4,2,EPS,255,BROADCAST,0,HEARTBEAT,48,HEARTBEAT,0,0,0,0,0,0,0x1000BFC0
1777195916.475,168806,4,2,EPS,255,BROADCAST,0,HEARTBEAT,48,HEARTBEAT,0,0,0,0,0,0,0x1000BFC0
1777195917.492,169820,4,2,EPS,255,BROADCAST,0,HEARTBEAT,48,HEARTBEAT,0,0,0,0,0,0,0x1000BFC0
1777195918.515,170834,4,2,EPS,255,BROADCAST,0,HEARTBEAT,48,HEARTBEAT,0,0,0,0,0,0,0x1000BFC0
1777195919.529,171849,4,2,EPS,255,BROADCAST,0,HEARTBEAT,48,HEARTBEAT,0,0,0,0,0,0,0x1000BFC0
1777195920.515,172863,4,2,EPS,255,BROADCAST,0,HEARTBEAT,48,HEARTBEAT,0,0,0,0,0,0,0x1000BFC0
1777195921.529,173877,4,2,EPS,255,BROADCAST,0,HEARTBEAT,48,HEARTBEAT,0,0,0,0,0,0,0x1000BFC0
1777195922.543,174891,4,2,EPS,255,BROADCAST,0,HEARTBEAT,48,HEARTBEAT,0,0,0,0,0,0,0x1000BFC0
1777195923.558,175905,4,2,EPS,255,BROADCAST,0,HEARTBEAT,48,HEARTBEAT,0,0,0,0,0,0,0x1000BFC0
1777195924.572,176920,4,2,EPS,255,BROADCAST,0,HEARTBEAT,48,HEARTBEAT,0,0,0,0,0,0,0x1000BFC0
1777195925.586,177934,4,2,EPS,255,BROADCAST,0,HEARTBEAT,48,HEARTBEAT,0,0,0,0,0,0,0x1000BFC0
1777195926.601,178948,4,2,EPS,255,BROADCAST,0,HEARTBEAT,48,HEARTBEAT,0,0,0,0,0,0,0x1000BFC0
1777195927.629,179962,4,2,EPS,255,BROADCAST,0,HEARTBEAT,48,HEARTBEAT,0,0,0,0,0,0,0x1000BFC0
1777195928.647,180976,4,2,EPS,255,BROADCAST,0,HEARTBEAT,48,HEARTBEAT,0,0,0,0,0,0,0x1000BFC0
1777195929.683,181990,4,2,EPS,255,BROADCAST,0,HEARTBEAT,48,HEARTBEAT,0,0,0,0,0,0,0x1000BFC0
1777195930.657,183004,4,2,EPS,255,BROADCAST,0,HEARTBEAT,48,HEARTBEAT,0,0,0,0,0,0,0x1000BFC0
1777195931.672,184019,4,2,EPS,255,BROADCAST,0,HEARTBEAT,48,HEARTBEAT,0,0,0,0,0,0,0x1000BFC0
1777195932.686,185033,4,2,EPS,255,BROADCAST,0,HEARTBEAT,48,HEARTBEAT,0,0,0,0,0,0,0x1000BFC0
1777195933.700,186047,4,2,EPS,255,BROADCAST,0,HEARTBEAT,48,HEARTBEAT,0,0,0,0,0,0,0x1000BFC0
1777195934.714,187061,4,2,EPS,255,BROADCAST,0,HEARTBEAT,48,HEARTBEAT,0,0,0,0,0,0,0x1000BFC0
1777195935.728,188076,4,2,EPS,255,BROADCAST,0,HEARTBEAT,48,HEARTBEAT,0,0,0,0,0,0,0x1000BFC0
1777195936.742,189090,4,2,EPS,255,BROADCAST,0,HEARTBEAT,48,HEARTBEAT,0,0,0,0,0,0,0x1000BFC0
1777195937.768,190104,4,2,EPS,255,BROADCAST,0,HEARTBEAT,48,HEARTBEAT,0,0,0,0,0,0,0x1000BFC0
1777195938.778,191118,4,2,EPS,255,BROADCAST,0,HEARTBEAT,48,HEARTBEAT,0,0,0,0,0,0,0x1000BFC0
1777195939.814,192132,4,2,EPS,255,BROADCAST,0,HEARTBEAT,48,HEARTBEAT,0,0,0,0,0,0,0x1000BFC0
1777195940.837,193146,4,2,EPS,255,BROADCAST,0,HEARTBEAT,48,HEARTBEAT,0,0,0,0,0,0,0x1000BFC0
1777195941.813,194160,4,2,EPS,255,BROADCAST,0,HEARTBEAT,48,HEARTBEAT,0,0,0,0,0,0,0x1000BFC0
1777195942.827,195174,4,2,EPS,255,BROADCAST,0,HEARTBEAT,48,HEARTBEAT,0,0,0,0,0,0,0x1000BFC0
1777195943.842,196189,4,2,EPS,255,BROADCAST,0,HEARTBEAT,48,HEARTBEAT,0,0,0,0,0,0,0x1000BFC0
1777195944.855,197203,4,2,EPS,255,BROADCAST,0,HEARTBEAT,48,HEARTBEAT,0,0,0,0,0,0,0x1000BFC0
1777195945.869,198217,4,2,EPS,255,BROADCAST,0,HEARTBEAT,48,HEARTBEAT,0,0,0,0,0,0,0x1000BFC0
1777195946.883,199231,4,2,EPS,255,BROADCAST,0,HEARTBEAT,48,HEARTBEAT,0,0,0,0,0,0,0x1000BFC0
1777195947.900,200234,4,2,EPS,1,CDH,3,CMD_RESP,82,CMD_RESP_0x52,0,0,0,0,0,0,0x10008043
1777195947.900,200245,4,2,EPS,255,BROADCAST,0,HEARTBEAT,48,HEARTBEAT,0,0,0,0,0,0,0x1000BFC0
1777195948.928,201259,4,2,EPS,255,BROADCAST,0,HEARTBEAT,48,HEARTBEAT,0,0,0,0,0,0,0x1000BFC0
1777195949.954,202273,4,2,EPS,255,BROADCAST,0,HEARTBEAT,48,HEARTBEAT,0,0,0,0,0,0,0x1000BFC0
1777195950.968,203287,4,2,EPS,255,BROADCAST,0,HEARTBEAT,48,HEARTBEAT,0,0,0,0,0,0,0x1000BFC0
1777195951.954,204301,4,2,EPS,255,BROADCAST,0,HEARTBEAT,48,HEARTBEAT,0,0,0,0,0,0,0x1000BFC0
1777195952.978,205315,4,2,EPS,255,BROADCAST,0,HEARTBEAT,48,HEARTBEAT,0,0,0,0,0,0,0x1000BFC0
1777195953.990,206329,4,2,EPS,255,BROADCAST,0,HEARTBEAT,48,HEARTBEAT,0,0,0,0,0,0,0x1000BFC0
1777195954.997,207344,4,2,EPS,255,BROADCAST,0,HEARTBEAT,48,HEARTBEAT,0,0,0,0,0,0,0x1000BFC0
1777195956.010,208358,4,2,EPS,255,BROADCAST,0,HEARTBEAT,48,HEARTBEAT,0,0,0,0,0,0,0x1000BFC0
1777195957.025,209372,4,2,EPS,255,BROADCAST,0,HEARTBEAT,48,HEARTBEAT,0,0,0,0,0,0,0x1000BFC0
1777195958.039,210386,4,2,EPS,255,BROADCAST,0,HEARTBEAT,48,HEARTBEAT,0,0,0,0,0,0,0x1000BFC0
1777195959.065,211400,4,2,EPS,255,BROADCAST,0,HEARTBEAT,48,HEARTBEAT,0,0,0,0,0,0,0x1000BFC0
1777195960.091,212414,4,2,EPS,255,BROADCAST,0,HEARTBEAT,48,HEARTBEAT,0,0,0,0,0,0,0x1000BFC0
1777195961.118,213428,4,2,EPS,255,BROADCAST,0,HEARTBEAT,48,HEARTBEAT,0,0,0,0,0,0,0x1000BFC0
1777195962.097,214442,4,2,EPS,255,BROADCAST,0,HEARTBEAT,48,HEARTBEAT,0,0,0,0,0,0,0x1000BFC0
1777195963.109,215457,4,2,EPS,255,BROADCAST,0,HEARTBEAT,48,HEARTBEAT,0,0,0,0,0,0,0x1000BFC0
1777195964.123,216471,4,2,EPS,255,BROADCAST,0,HEARTBEAT,48,HEARTBEAT,0,0,0,0,0,0,0x1000BFC0
1777195965.138,217485,4,2,EPS,255,BROADCAST,0,HEARTBEAT,48,HEARTBEAT,0,0,0,0,0,0,0x1000BFC0
1777195966.151,218499,4,2,EPS,255,BROADCAST,0,HEARTBEAT,48,HEARTBEAT,0,0,0,0,0,0,0x1000BFC0
1777195967.166,219513,4,2,EPS,255,BROADCAST,0,HEARTBEAT,48,HEARTBEAT,0,0,0,0,0,0,0x1000BFC0
1777195968.181,220527,4,2,EPS,255,BROADCAST,0,HEARTBEAT,48,HEARTBEAT,0,0,0,0,0,0,0x1000BFC0
1777195969.194,221541,4,2,EPS,255,BROADCAST,0,HEARTBEAT,48,HEARTBEAT,0,0,0,0,0,0,0x1000BFC0
1777195970.224,222555,4,2,EPS,255,BROADCAST,0,HEARTBEAT,48,HEARTBEAT,0,0,0,0,0,0,0x1000BFC0
1777195971.240,223570,4,2,EPS,255,BROADCAST,0,HEARTBEAT,48,HEARTBEAT,0,0,0,0,0,0,0x1000BFC0
1777195972.274,224584,4,2,EPS,255,BROADCAST,0,HEARTBEAT,48,HEARTBEAT,0,0,0,0,0,0,0x1000BFC0
1777195973.251,225598,4,2,EPS,255,BROADCAST,0,HEARTBEAT,48,HEARTBEAT,0,0,0,0,0,0,0x1000BFC0
1777195974.265,226612,4,2,EPS,255,BROADCAST,0,HEARTBEAT,48,HEARTBEAT,0,0,0,0,0,0,0x1000BFC0
1777195975.279,227626,4,2,EPS,255,BROADCAST,0,HEARTBEAT,48,HEARTBEAT,0,0,0,0,0,0,0x1000BFC0
1777196245.124,497466,4,2,EPS,255,BROADCAST,0,HEARTBEAT,48,HEARTBEAT,0,0,0,0,0,0,0x1000BFC0
1777196246.153,498495,4,2,EPS,255,BROADCAST,0,HEARTBEAT,48,HEARTBEAT,0,0,0,0,0,0,0x1000BFC0
1777196247.172,499509,4,2,EPS,255,BROADCAST,0,HEARTBEAT,48,HEARTBEAT,0,0,0,0,0,0,0x1000BFC0
1777196248.069,500412,4,2,EPS,1,CDH,3,CMD_RESP,82,CMD_RESP_0x52,0,0,0,0,0,0,0x10008043
1777196248.181,500524,4,2,EPS,255,BROADCAST,0,HEARTBEAT,48,HEARTBEAT,0,0,0,0,0,0,0x1000BFC0
1777196249.195,501538,4,2,EPS,255,BROADCAST,0,HEARTBEAT,48,HEARTBEAT,0,0,0,0,0,0,0x1000BFC0
1777196250.210,502552,4,2,EPS,255,BROADCAST,0,HEARTBEAT,48,HEARTBEAT,0,0,0,0,0,0,0x1000BFC0
1777196251.225,503567,4,2,EPS,255,BROADCAST,0,HEARTBEAT,48,HEARTBEAT,0,0,0,0,0,0,0x1000BFC0
1777196252.250,504581,4,2,EPS,255,BROADCAST,0,HEARTBEAT,48,HEARTBEAT,0,0,0,0,0,0,0x1000BFC0
1777196253.268,505595,4,2,EPS,255,BROADCAST,0,HEARTBEAT,48,HEARTBEAT,0,0,0,0,0,0,0x1000BFC0
1777196254.292,506609,4,2,EPS,255,BROADCAST,0,HEARTBEAT,48,HEARTBEAT,0,0,0,0,0,0,0x1000BFC0
1777196255.312,507624,4,2,EPS,255,BROADCAST,0,HEARTBEAT,48,HEARTBEAT,0,0,0,0,0,0,0x1000BFC0
1777196256.296,508638,4,2,EPS,255,BROADCAST,0,HEARTBEAT,48,HEARTBEAT,0,0,0,0,0,0,0x1000BFC0
1777196257.310,509652,4,2,EPS,255,BROADCAST,0,HEARTBEAT,48,HEARTBEAT,0,0,0,0,0,0,0x1000BFC0
1777196258.310,510667,4,2,EPS,255,BROADCAST,0,HEARTBEAT,48,HEARTBEAT,0,0,0,0,0,0,0x1000BFC0
1777196259.339,511681,4,2,EPS,255,BROADCAST,0,HEARTBEAT,48,HEARTBEAT,0,0,0,0,0,0,0x1000BFC0
1777196260.354,512695,4,2,EPS,255,BROADCAST,0,HEARTBEAT,48,HEARTBEAT,0,0,0,0,0,0,0x1000BFC0
1777196261.367,513710,4,2,EPS,255,BROADCAST,0,HEARTBEAT,48,HEARTBEAT,0,0,0,0,0,0,0x1000BFC0
1777196262.382,514724,4,2,EPS,255,BROADCAST,0,HEARTBEAT,48,HEARTBEAT,0,0,0,0,0,0,0x1000BFC0
1777196263.409,515738,4,2,EPS,255,BROADCAST,0,HEARTBEAT,48,HEARTBEAT,0,0,0,0,0,0,0x1000BFC0
1777196264.436,516752,4,2,EPS,255,BROADCAST,0,HEARTBEAT,48,HEARTBEAT,0,0,0,0,0,0,0x1000BFC0
1777196265.449,517767,4,2,EPS,255,BROADCAST,0,HEARTBEAT,48,HEARTBEAT,0,0,0,0,0,0,0x1000BFC0
1777196266.440,518781,4,2,EPS,255,BROADCAST,0,HEARTBEAT,48,HEARTBEAT,0,0,0,0,0,0,0x1000BFC0
1777196267.453,519795,4,2,EPS,255,BROADCAST,0,HEARTBEAT,48,HEARTBEAT,0,0,0,0,0,0,0x1000BFC0
1777196268.467,520809,4,2,EPS,255,BROADCAST,0,HEARTBEAT,48,HEARTBEAT,0,0,0,0,0,0,0x1000BFC0
1777196269.481,521823,4,2,EPS,255,BROADCAST,0,HEARTBEAT,48,HEARTBEAT,0,0,0,0,0,0,0x1000BFC0
1777196270.495,522838,4,2,EPS,255,BROADCAST,0,HEARTBEAT,48,HEARTBEAT,0,0,0,0,0,0,0x1000BFC0
1777196271.510,523852,4,2,EPS,255,BROADCAST,0,HEARTBEAT,48,HEARTBEAT,0,0,0,0,0,0,0x1000BFC0
1777196272.525,524866,4,2,EPS,255,BROADCAST,0,HEARTBEAT,48,HEARTBEAT,0,0,0,0,0,0,0x1000BFC0
1777196273.544,525880,4,2,EPS,255,BROADCAST,0,HEARTBEAT,48,HEARTBEAT,0,0,0,0,0,0,0x1000BFC0
1777196274.565,526895,4,2,EPS,255,BROADCAST,0,HEARTBEAT,48,HEARTBEAT,0,0,0,0,0,0,0x1000BFC0
1777196275.593,527909,4,2,EPS,255,BROADCAST,0,HEARTBEAT,48,HEARTBEAT,0,0,0,0,0,0,0x1000BFC0
1777196276.619,528923,4,2,EPS,255,BROADCAST,0,HEARTBEAT,48,HEARTBEAT,0,0,0,0,0,0,0x1000BFC0
1777196277.595,529937,4,2,EPS,255,BROADCAST,0,HEARTBEAT,48,HEARTBEAT,0,0,0,0,0,0,0x1000BFC0
1777196278.609,530951,4,2,EPS,255,BROADCAST,0,HEARTBEAT,48,HEARTBEAT,0,0,0,0,0,0,0x1000BFC0
1777196279.624,531965,4,2,EPS,255,BROADCAST,0,HEARTBEAT,48,HEARTBEAT,0,0,0,0,0,0,0x1000BFC0
1777196280.652,532980,4,2,EPS,255,BROADCAST,0,HEARTBEAT,48,HEARTBEAT,0,0,0,0,0,0,0x1000BFC0
1777196281.652,533994,4,2,EPS,255,BROADCAST,0,HEARTBEAT,48,HEARTBEAT,0,0,0,0,0,0,0x1000BFC0
1777196282.684,535008,4,2,EPS,255,BROADCAST,0,HEARTBEAT,48,HEARTBEAT,0,0,0,0,0,0,0x1000BFC0
1777196283.701,536022,4,2,EPS,255,BROADCAST,0,HEARTBEAT,48,HEARTBEAT,0,0,0,0,0,0,0x1000BFC0
1777196284.701,537036,4,2,EPS,255,BROADCAST,0,HEARTBEAT,48,HEARTBEAT,0,0,0,0,0,0,0x1000BFC0
1777196285.737,538050,4,2,EPS,255,BROADCAST,0,HEARTBEAT,48,HEARTBEAT,0,0,0,0,0,0,0x1000BFC0
1777196286.753,539064,4,2,EPS,255,BROADCAST,0,HEARTBEAT,48,HEARTBEAT,0,0,0,0,0,0,0x1000BFC0
1777196287.743,540079,4,2,EPS,255,BROADCAST,0,HEARTBEAT,48,HEARTBEAT,0,0,0,0,0,0,0x1000BFC0
1777196288.751,541093,4,2,EPS,255,BROADCAST,0,HEARTBEAT,48,HEARTBEAT,0,0,0,0,0,0,0x1000BFC0
1777196289.765,542107,4,2,EPS,255,BROADCAST,0,HEARTBEAT,48,HEARTBEAT,0,0,0,0,0,0,0x1000BFC0
1777196290.780,543121,4,2,EPS,255,BROADCAST,0,HEARTBEAT,48,HEARTBEAT,0,0,0,0,0,0,0x1000BFC0
1777196291.794,544135,4,2,EPS,255,BROADCAST,0,HEARTBEAT,48,HEARTBEAT,0,0,0,0,0,0,0x1000BFC0
1777196292.808,545149,4,2,EPS,255,BROADCAST,0,HEARTBEAT,48,HEARTBEAT,0,0,0,0,0,0,0x1000BFC0
1777196293.822,546163,4,2,EPS,255,BROADCAST,0,HEARTBEAT,48,HEARTBEAT,0,0,0,0,0,0,0x1000BFC0
1777196294.843,547178,4,2,EPS,255,BROADCAST,0,HEARTBEAT,48,HEARTBEAT,0,0,0,0,0,0,0x1000BFC0
1777196295.875,548192,4,2,EPS,255,BROADCAST,0,HEARTBEAT,48,HEARTBEAT,0,0,0,0,0,0,0x1000BFC0
1777196296.898,549206,4,2,EPS,255,BROADCAST,0,HEARTBEAT,48,HEARTBEAT,0,0,0,0,0,0,0x1000BFC0
1777196297.915,550220,4,2,EPS,255,BROADCAST,0,HEARTBEAT,48,HEARTBEAT,0,0,0,0,0,0,0x1000BFC0
1777196299.246,551559,4,2,EPS,255,BROADCAST,0,HEARTBEAT,48,HEARTBEAT,0,0,0,0,0,0,0x1000BFC0
1777196300.272,552588,4,2,EPS,255,BROADCAST,0,HEARTBEAT,48,HEARTBEAT,0,0,0,0,0,0,0x1000BFC0
1777196301.301,553602,4,2,EPS,255,BROADCAST,0,HEARTBEAT,48,HEARTBEAT,0,0,0,0,0,0,0x1000BFC0
1777196302.274,554616,4,2,EPS,255,BROADCAST,0,HEARTBEAT,48,HEARTBEAT,0,0,0,0,0,0,0x1000BFC0
1777196303.289,555631,4,2,EPS,255,BROADCAST,0,HEARTBEAT,48,HEARTBEAT,0,0,0,0,0,0,0x1000BFC0
1777196304.304,556645,4,2,EPS,255,BROADCAST,0,HEARTBEAT,48,HEARTBEAT,0,0,0,0,0,0,0x1000BFC0
1777196305.317,557659,4,2,EPS,255,BROADCAST,0,HEARTBEAT,48,HEARTBEAT,0,0,0,0,0,0,0x1000BFC0
1777196306.332,558673,4,2,EPS,255,BROADCAST,0,HEARTBEAT,48,HEARTBEAT,0,0,0,0,0,0,0x1000BFC0
1777196307.346,559687,4,2,EPS,255,BROADCAST,0,HEARTBEAT,48,HEARTBEAT,0,0,0,0,0,0,0x1000BFC0
1777196308.362,560701,4,2,EPS,255,BROADCAST,0,HEARTBEAT,48,HEARTBEAT,0,0,0,0,0,0,0x1000BFC0
1777196309.379,561715,4,2,EPS,255,BROADCAST,0,HEARTBEAT,48,HEARTBEAT,0,0,0,0,0,0,0x1000BFC0
1777196310.408,562730,4,2,EPS,255,BROADCAST,0,HEARTBEAT,48,HEARTBEAT,0,0,0,0,0,0,0x1000BFC0
1777196311.434,563744,4,2,EPS,255,BROADCAST,0,HEARTBEAT,48,HEARTBEAT,0,0,0,0,0,0,0x1000BFC0
1777196312.416,564758,4,2,EPS,255,BROADCAST,0,HEARTBEAT,48,HEARTBEAT,0,0,0,0,0,0,0x1000BFC0
1777196313.433,565772,4,2,EPS,255,BROADCAST,0,HEARTBEAT,48,HEARTBEAT,0,0,0,0,0,0,0x1000BFC0
1777196314.445,566786,4,2,EPS,255,BROADCAST,0,HEARTBEAT,48,HEARTBEAT,0,0,0,0,0,0,0x1000BFC0
1777196315.460,567800,4,2,EPS,255,BROADCAST,0,HEARTBEAT,48,HEARTBEAT,0,0,0,0,0,0,0x1000BFC0
1777196316.471,568815,4,2,EPS,255,BROADCAST,0,HEARTBEAT,48,HEARTBEAT,0,0,0,0,0,0,0x1000BFC0
1777196317.488,569829,4,2,EPS,255,BROADCAST,0,HEARTBEAT,48,HEARTBEAT,0,0,0,0,0,0,0x1000BFC0
1777196318.502,570843,4,2,EPS,255,BROADCAST,0,HEARTBEAT,48,HEARTBEAT,0,0,0,0,0,0,0x1000BFC0
1777196319.528,571857,4,2,EPS,255,BROADCAST,0,HEARTBEAT,48,HEARTBEAT,0,0,0,0,0,0,0x1000BFC0
1777196320.553,572871,4,2,EPS,255,BROADCAST,0,HEARTBEAT,48,HEARTBEAT,0,0,0,0,0,0,0x1000BFC0
1777196321.577,573885,4,2,EPS,255,BROADCAST,0,HEARTBEAT,48,HEARTBEAT,0,0,0,0,0,0,0x1000BFC0
1777196322.598,574900,4,2,EPS,255,BROADCAST,0,HEARTBEAT,48,HEARTBEAT,0,0,0,0,0,0,0x1000BFC0
1777196323.572,575914,4,2,EPS,255,BROADCAST,0,HEARTBEAT,48,HEARTBEAT,0,0,0,0,0,0,0x1000BFC0
1777196324.587,576928,4,2,EPS,255,BROADCAST,0,HEARTBEAT,48,HEARTBEAT,0,0,0,0,0,0,0x1000BFC0
1777196325.601,577942,4,2,EPS,255,BROADCAST,0,HEARTBEAT,48,HEARTBEAT,0,0,0,0,0,0,0x1000BFC0
1777196326.615,578956,4,2,EPS,255,BROADCAST,0,HEARTBEAT,48,HEARTBEAT,0,0,0,0,0,0,0x1000BFC0
1777196327.629,579970,4,2,EPS,255,BROADCAST,0,HEARTBEAT,48,HEARTBEAT,0,0,0,0,0,0,0x1000BFC0
1777196328.644,580984,4,2,EPS,255,BROADCAST,0,HEARTBEAT,48,HEARTBEAT,0,0,0,0,0,0,0x1000BFC0
1777196329.663,581998,4,2,EPS,255,BROADCAST,0,HEARTBEAT,48,HEARTBEAT,0,0,0,0,0,0,0x1000BFC0
1777196330.682,583012,4,2,EPS,255,BROADCAST,0,HEARTBEAT,48,HEARTBEAT,0,0,0,0,0,0,0x1000BFC0
1777196331.714,584026,4,2,EPS,255,BROADCAST,0,HEARTBEAT,48,HEARTBEAT,0,0,0,0,0,0,0x1000BFC0
1777196332.731,585041,4,2,EPS,255,BROADCAST,0,HEARTBEAT,48,HEARTBEAT,0,0,0,0,0,0,0x1000BFC0
1777196333.714,586055,4,2,EPS,255,BROADCAST,0,HEARTBEAT,48,HEARTBEAT,0,0,0,0,0,0,0x1000BFC0
1777196334.728,587069,4,2,EPS,255,BROADCAST,0,HEARTBEAT,48,HEARTBEAT,0,0,0,0,0,0,0x1000BFC0
1777196335.743,588083,4,2,EPS,255,BROADCAST,0,HEARTBEAT,48,HEARTBEAT,0,0,0,0,0,0,0x1000BFC0
1777196336.757,589097,4,2,EPS,255,BROADCAST,0,HEARTBEAT,48,HEARTBEAT,0,0,0,0,0,0,0x1000BFC0
1777196337.770,590111,4,2,EPS,255,BROADCAST,0,HEARTBEAT,48,HEARTBEAT,0,0,0,0,0,0,0x1000BFC0
1777196338.785,591126,4,2,EPS,255,BROADCAST,0,HEARTBEAT,48,HEARTBEAT,0,0,0,0,0,0,0x1000BFC0
1777196339.800,592140,4,2,EPS,255,BROADCAST,0,HEARTBEAT,48,HEARTBEAT,0,0,0,0,0,0,0x1000BFC0
1777196340.821,593154,4,2,EPS,255,BROADCAST,0,HEARTBEAT,48,HEARTBEAT,0,0,0,0,0,0,0x1000BFC0
1777196341.852,594168,4,2,EPS,255,BROADCAST,0,HEARTBEAT,48,HEARTBEAT,0,0,0,0,0,0,0x1000BFC0
1777196342.879,595182,4,2,EPS,255,BROADCAST,0,HEARTBEAT,48,HEARTBEAT,0,0,0,0,0,0,0x1000BFC0
1777196343.856,596196,4,2,EPS,255,BROADCAST,0,HEARTBEAT,48,HEARTBEAT,0,0,0,0,0,0,0x1000BFC0
1777196344.877,597210,4,2,EPS,255,BROADCAST,0,HEARTBEAT,48,HEARTBEAT,0,0,0,0,0,0,0x1000BFC0
1777196345.884,598224,4,2,EPS,255,BROADCAST,0,HEARTBEAT,48,HEARTBEAT,0,0,0,0,0,0,0x1000BFC0
1777196346.898,599238,4,2,EPS,255,BROADCAST,0,HEARTBEAT,48,HEARTBEAT,0,0,0,0,0,0,0x1000BFC0
1777196347.912,600252,4,2,EPS,255,BROADCAST,0,HEARTBEAT,48,HEARTBEAT,0,0,0,0,0,0,0x1000BFC0
1777196348.113,600454,4,2,EPS,1,CDH,3,CMD_RESP,82,CMD_RESP_0x52,0,0,0,0,0,0,0x10008043
1777196348.926,601267,4,2,EPS,255,BROADCAST,0,HEARTBEAT,48,HEARTBEAT,0,0,0,0,0,0,0x1000BFC0
1777196349.941,602281,4,2,EPS,255,BROADCAST,0,HEARTBEAT,48,HEARTBEAT,0,0,0,0,0,0,0x1000BFC0
1777196350.967,603295,4,2,EPS,255,BROADCAST,0,HEARTBEAT,48,HEARTBEAT,0,0,0,0,0,0,0x1000BFC0
1777196351.992,604309,4,2,EPS,255,BROADCAST,0,HEARTBEAT,48,HEARTBEAT,0,0,0,0,0,0,0x1000BFC0
1777196353.012,605323,4,2,EPS,255,BROADCAST,0,HEARTBEAT,48,HEARTBEAT,0,0,0,0,0,0,0x1000BFC0
1777196354.052,606337,4,2,EPS,255,BROADCAST,0,HEARTBEAT,48,HEARTBEAT,0,0,0,0,0,0,0x1000BFC0
1777196355.010,607351,4,2,EPS,255,BROADCAST,0,HEARTBEAT,48,HEARTBEAT,0,0,0,0,0,0,0x1000BFC0
1777196356.024,608365,4,2,EPS,255,BROADCAST,0,HEARTBEAT,48,HEARTBEAT,0,0,0,0,0,0,0x1000BFC0
1777196357.038,609379,4,2,EPS,255,BROADCAST,0,HEARTBEAT,48,HEARTBEAT,0,0,0,0,0,0,0x1000BFC0
1777196358.052,610393,4,2,EPS,255,BROADCAST,0,HEARTBEAT,48,HEARTBEAT,0,0,0,0,0,0,0x1000BFC0
1777196359.067,611407,4,2,EPS,255,BROADCAST,0,HEARTBEAT,48,HEARTBEAT,0,0,0,0,0,0,0x1000BFC0
1777196360.081,612421,4,2,EPS,255,BROADCAST,0,HEARTBEAT,48,HEARTBEAT,0,0,0,0,0,0,0x1000BFC0
1777196361.097,613435,4,2,EPS,255,BROADCAST,0,HEARTBEAT,48,HEARTBEAT,0,0,0,0,0,0,0x1000BFC0
1777196362.126,614449,4,2,EPS,255,BROADCAST,0,HEARTBEAT,48,HEARTBEAT,0,0,0,0,0,0,0x1000BFC0
1777196363.151,615463,4,2,EPS,255,BROADCAST,0,HEARTBEAT,48,HEARTBEAT,0,0,0,0,0,0,0x1000BFC0
1777196364.173,616477,4,2,EPS,255,BROADCAST,0,HEARTBEAT,48,HEARTBEAT,0,0,0,0,0,0,0x1000BFC0
1777196365.153,617492,4,2,EPS,255,BROADCAST,0,HEARTBEAT,48,HEARTBEAT,0,0,0,0,0,0,0x1000BFC0
1777196366.165,618506,4,2,EPS,255,BROADCAST,0,HEARTBEAT,48,HEARTBEAT,0,0,0,0,0,0,0x1000BFC0
1777196367.180,619520,4,2,EPS,255,BROADCAST,0,HEARTBEAT,48,HEARTBEAT,0,0,0,0,0,0,0x1000BFC0
1777196368.194,620534,4,2,EPS,255,BROADCAST,0,HEARTBEAT,48,HEARTBEAT,0,0,0,0,0,0,0x1000BFC0
1777196369.208,621548,4,2,EPS,255,BROADCAST,0,HEARTBEAT,48,HEARTBEAT,0,0,0,0,0,0,0x1000BFC0
1777196370.222,622562,4,2,EPS,255,BROADCAST,0,HEARTBEAT,48,HEARTBEAT,0,0,0,0,0,0,0x1000BFC0
1777196371.239,623576,4,2,EPS,255,BROADCAST,0,HEARTBEAT,48,HEARTBEAT,0,0,0,0,0,0,0x1000BFC0
1777196372.269,624590,4,2,EPS,255,BROADCAST,0,HEARTBEAT,48,HEARTBEAT,0,0,0,0,0,0,0x1000BFC0
1777196373.292,625604,4,2,EPS,255,BROADCAST,0,HEARTBEAT,48,HEARTBEAT,0,0,0,0,0,0,0x1000BFC0
1777196374.309,626618,4,2,EPS,255,BROADCAST,0,HEARTBEAT,48,HEARTBEAT,0,0,0,0,0,0,0x1000BFC0
1777196375.293,627632,4,2,EPS,255,BROADCAST,0,HEARTBEAT,48,HEARTBEAT,0,0,0,0,0,0,0x1000BFC0
1777196376.308,628646,4,2,EPS,255,BROADCAST,0,HEARTBEAT,48,HEARTBEAT,0,0,0,0,0,0,0x1000BFC0
1777196377.322,629661,4,2,EPS,255,BROADCAST,0,HEARTBEAT,48,HEARTBEAT,0,0,0,0,0,0,0x1000BFC0
1777196378.334,630674,4,2,EPS,255,BROADCAST,0,HEARTBEAT,48,HEARTBEAT,0,0,0,0,0,0,0x1000BFC0
1777196379.349,631689,4,2,EPS,255,BROADCAST,0,HEARTBEAT,48,HEARTBEAT,0,0,0,0,0,0,0x1000BFC0
1777196380.375,632703,4,2,EPS,255,BROADCAST,0,HEARTBEAT,48,HEARTBEAT,0,0,0,0,0,0,0x1000BFC0
1777196381.378,633717,4,2,EPS,255,BROADCAST,0,HEARTBEAT,48,HEARTBEAT,0,0,0,0,0,0,0x1000BFC0
1777196382.398,634731,4,2,EPS,255,BROADCAST,0,HEARTBEAT,48,HEARTBEAT,0,0,0,0,0,0,0x1000BFC0
1777196383.415,635745,4,2,EPS,255,BROADCAST,0,HEARTBEAT,48,HEARTBEAT,0,0,0,0,0,0,0x1000BFC0
1777196384.459,636759,4,2,EPS,255,BROADCAST,0,HEARTBEAT,48,HEARTBEAT,0,0,0,0,0,0,0x1000BFC0
1777196385.432,637773,4,2,EPS,255,BROADCAST,0,HEARTBEAT,48,HEARTBEAT,0,0,0,0,0,0,0x1000BFC0
1777196386.447,638787,4,2,EPS,255,BROADCAST,0,HEARTBEAT,48,HEARTBEAT,0,0,0,0,0,0,0x1000BFC0
1777196387.460,639801,4,2,EPS,255,BROADCAST,0,HEARTBEAT,48,HEARTBEAT,0,0,0,0,0,0,0x1000BFC0
1777196388.488,640815,4,2,EPS,255,BROADCAST,0,HEARTBEAT,48,HEARTBEAT,0,0,0,0,0,0,0x1000BFC0
1777196389.489,641829,4,2,EPS,255,BROADCAST,0,HEARTBEAT,48,HEARTBEAT,0,0,0,0,0,0,0x1000BFC0
1777196390.504,642843,4,2,EPS,255,BROADCAST,0,HEARTBEAT,48,HEARTBEAT,0,0,0,0,0,0,0x1000BFC0
1777196391.517,643857,4,2,EPS,255,BROADCAST,0,HEARTBEAT,48,HEARTBEAT,0,0,0,0,0,0,0x1000BFC0
1777196392.544,644871,4,2,EPS,255,BROADCAST,0,HEARTBEAT,48,HEARTBEAT,0,0,0,0,0,0,0x1000BFC0
1777196393.568,645885,4,2,EPS,255,BROADCAST,0,HEARTBEAT,48,HEARTBEAT,0,0,0,0,0,0,0x1000BFC0
1777196394.585,646899,4,2,EPS,255,BROADCAST,0,HEARTBEAT,48,HEARTBEAT,0,0,0,0,0,0,0x1000BFC0
1777196395.613,647913,4,2,EPS,255,BROADCAST,0,HEARTBEAT,48,HEARTBEAT,0,0,0,0,0,0,0x1000BFC0
1777196396.587,648927,4,2,EPS,255,BROADCAST,0,HEARTBEAT,48,HEARTBEAT,0,0,0,0,0,0,0x1000BFC0
1777196397.601,649941,4,2,EPS,255,BROADCAST,0,HEARTBEAT,48,HEARTBEAT,0,0,0,0,0,0,0x1000BFC0
1777196399.341,651681,4,2,EPS,255,BROADCAST,0,HEARTBEAT,48,HEARTBEAT,0,0,0,0,0,0,0x1000BFC0
1777196400.374,652710,4,2,EPS,255,BROADCAST,0,HEARTBEAT,48,HEARTBEAT,0,0,0,0,0,0,0x1000BFC0
1777196401.384,653724,4,2,EPS,255,BROADCAST,0,HEARTBEAT,48,HEARTBEAT,0,0,0,0,0,0,0x1000BFC0
1777196402.400,654739,4,2,EPS,255,BROADCAST,0,HEARTBEAT,48,HEARTBEAT,0,0,0,0,0,0,0x1000BFC0
1777196403.413,655753,4,2,EPS,255,BROADCAST,0,HEARTBEAT,48,HEARTBEAT,0,0,0,0,0,0,0x1000BFC0
1777196404.427,656767,4,2,EPS,255,BROADCAST,0,HEARTBEAT,48,HEARTBEAT,0,0,0,0,0,0,0x1000BFC0
1777196405.444,657781,4,2,EPS,255,BROADCAST,0,HEARTBEAT,48,HEARTBEAT,0,0,0,0,0,0,0x1000BFC0
1777196406.469,658795,4,2,EPS,255,BROADCAST,0,HEARTBEAT,48,HEARTBEAT,0,0,0,0,0,0,0x1000BFC0
1777196407.492,659809,4,2,EPS,255,BROADCAST,0,HEARTBEAT,48,HEARTBEAT,0,0,0,0,0,0,0x1000BFC0
1777196408.517,660823,4,2,EPS,255,BROADCAST,0,HEARTBEAT,48,HEARTBEAT,0,0,0,0,0,0,0x1000BFC0
1777196409.498,661837,4,2,EPS,255,BROADCAST,0,HEARTBEAT,48,HEARTBEAT,0,0,0,0,0,0,0x1000BFC0
1777196410.512,662851,4,2,EPS,255,BROADCAST,0,HEARTBEAT,48,HEARTBEAT,0,0,0,0,0,0,0x1000BFC0
1777196411.534,663865,4,2,EPS,255,BROADCAST,0,HEARTBEAT,48,HEARTBEAT,0,0,0,0,0,0,0x1000BFC0
1777196412.540,664879,4,2,EPS,255,BROADCAST,0,HEARTBEAT,48,HEARTBEAT,0,0,0,0,0,0,0x1000BFC0
1777196413.554,665894,4,2,EPS,255,BROADCAST,0,HEARTBEAT,48,HEARTBEAT,0,0,0,0,0,0,0x1000BFC0
1777196414.571,666908,4,2,EPS,255,BROADCAST,0,HEARTBEAT,48,HEARTBEAT,0,0,0,0,0,0,0x1000BFC0
1777196415.582,667922,4,2,EPS,255,BROADCAST,0,HEARTBEAT,48,HEARTBEAT,0,0,0,0,0,0,0x1000BFC0
1777196416.607,668936,4,2,EPS,255,BROADCAST,0,HEARTBEAT,48,HEARTBEAT,0,0,0,0,0,0,0x1000BFC0
1777196417.631,669950,4,2,EPS,255,BROADCAST,0,HEARTBEAT,48,HEARTBEAT,0,0,0,0,0,0,0x1000BFC0
1777196418.650,670964,4,2,EPS,255,BROADCAST,0,HEARTBEAT,48,HEARTBEAT,0,0,0,0,0,0,0x1000BFC0
1777196419.666,671978,4,2,EPS,255,BROADCAST,0,HEARTBEAT,48,HEARTBEAT,0,0,0,0,0,0,0x1000BFC0
1777196420.653,672993,4,2,EPS,255,BROADCAST,0,HEARTBEAT,48,HEARTBEAT,0,0,0,0,0,0,0x1000BFC0
1777196421.668,674007,4,2,EPS,255,BROADCAST,0,HEARTBEAT,48,HEARTBEAT,0,0,0,0,0,0,0x1000BFC0
1777196422.681,675021,4,2,EPS,255,BROADCAST,0,HEARTBEAT,48,HEARTBEAT,0,0,0,0,0,0,0x1000BFC0
1777196613.834,38581,4,2,EPS,255,BROADCAST,0,HEARTBEAT,48,HEARTBEAT,0,0,0,0,0,0,0x1000BFC0
1777196614.860,39610,4,2,EPS,255,BROADCAST,0,HEARTBEAT,48,HEARTBEAT,0,0,0,0,0,0,0x1000BFC0
1777196615.883,40624,4,2,EPS,255,BROADCAST,0,HEARTBEAT,48,HEARTBEAT,0,0,0,0,0,0,0x1000BFC0
1777196616.915,41639,4,2,EPS,255,BROADCAST,0,HEARTBEAT,48,HEARTBEAT,0,0,0,0,0,0,0x1000BFC0
1777196617.882,42653,4,2,EPS,255,BROADCAST,0,HEARTBEAT,48,HEARTBEAT,0,0,0,0,0,0,0x1000BFC0
1777196618.896,43668,4,2,EPS,255,BROADCAST,0,HEARTBEAT,48,HEARTBEAT,0,0,0,0,0,0,0x1000BFC0
1777196619.911,44682,4,2,EPS,255,BROADCAST,0,HEARTBEAT,48,HEARTBEAT,0,0,0,0,0,0,0x1000BFC0
1777196620.925,45696,4,2,EPS,255,BROADCAST,0,HEARTBEAT,48,HEARTBEAT,0,0,0,0,0,0,0x1000BFC0
1777196621.940,46711,4,2,EPS,255,BROADCAST,0,HEARTBEAT,48,HEARTBEAT,0,0,0,0,0,0,0x1000BFC0
1777196622.954,47725,4,2,EPS,255,BROADCAST,0,HEARTBEAT,48,HEARTBEAT,0,0,0,0,0,0,0x1000BFC0
1777196623.969,48740,4,2,EPS,255,BROADCAST,0,HEARTBEAT,48,HEARTBEAT,0,0,0,0,0,0,0x1000BFC0
1777196624.997,49754,4,2,EPS,255,BROADCAST,0,HEARTBEAT,48,HEARTBEAT,0,0,0,0,0,0,0x1000BFC0
1777196625.302,50056,4,2,EPS,1,CDH,3,CMD_RESP,82,CMD_RESP_0x52,0,0,0,0,0,0,0x10008043
1777196626.016,50769,4,2,EPS,255,BROADCAST,0,HEARTBEAT,48,HEARTBEAT,0,0,0,0,0,0,0x1000BFC0
1777196627.047,51783,4,2,EPS,255,BROADCAST,0,HEARTBEAT,48,HEARTBEAT,0,0,0,0,0,0,0x1000BFC0
1777196628.026,52797,4,2,EPS,255,BROADCAST,0,HEARTBEAT,48,HEARTBEAT,0,0,0,0,0,0,0x1000BFC0
1777196629.041,53812,4,2,EPS,255,BROADCAST,0,HEARTBEAT,48,HEARTBEAT,0,0,0,0,0,0,0x1000BFC0
1777196630.054,54826,4,2,EPS,255,BROADCAST,0,HEARTBEAT,48,HEARTBEAT,0,0,0,0,0,0,0x1000BFC0
1777196631.071,55841,4,2,EPS,255,BROADCAST,0,HEARTBEAT,48,HEARTBEAT,0,0,0,0,0,0,0x1000BFC0
1777196632.084,56855,4,2,EPS,255,BROADCAST,0,HEARTBEAT,48,HEARTBEAT,0,0,0,0,0,0,0x1000BFC0
1777196633.099,57869,4,2,EPS,255,BROADCAST,0,HEARTBEAT,48,HEARTBEAT,0,0,0,0,0,0,0x1000BFC0
1777196634.113,58884,4,2,EPS,255,BROADCAST,0,HEARTBEAT,48,HEARTBEAT,0,0,0,0,0,0,0x1000BFC0
1777196635.136,59898,4,2,EPS,255,BROADCAST,0,HEARTBEAT,48,HEARTBEAT,0,0,0,0,0,0,0x1000BFC0
1777196636.153,60912,4,2,EPS,255,BROADCAST,0,HEARTBEAT,48,HEARTBEAT,0,0,0,0,0,0,0x1000BFC0
1777196637.190,61927,4,2,EPS,255,BROADCAST,0,HEARTBEAT,48,HEARTBEAT,0,0,0,0,0,0,0x1000BFC0
1777196638.210,62941,4,2,EPS,255,BROADCAST,0,HEARTBEAT,48,HEARTBEAT,0,0,0,0,0,0,0x1000BFC0
1777196639.184,63955,4,2,EPS,255,BROADCAST,0,HEARTBEAT,48,HEARTBEAT,0,0,0,0,0,0,0x1000BFC0
1777196640.198,64970,4,2,EPS,255,BROADCAST,0,HEARTBEAT,48,HEARTBEAT,0,0,0,0,0,0,0x1000BFC0
1777196641.213,65984,4,2,EPS,255,BROADCAST,0,HEARTBEAT,48,HEARTBEAT,0,0,0,0,0,0,0x1000BFC0
1777196642.228,66998,4,2,EPS,255,BROADCAST,0,HEARTBEAT,48,HEARTBEAT,0,0,0,0,0,0,0x1000BFC0
1777196643.241,68013,4,2,EPS,255,BROADCAST,0,HEARTBEAT,48,HEARTBEAT,0,0,0,0,0,0,0x1000BFC0
1777196644.265,69027,4,2,EPS,255,BROADCAST,0,HEARTBEAT,48,HEARTBEAT,0,0,0,0,0,0,0x1000BFC0
1777196645.272,70041,4,2,EPS,255,BROADCAST,0,HEARTBEAT,48,HEARTBEAT,0,0,0,0,0,0,0x1000BFC0
1777196646.290,71056,4,2,EPS,255,BROADCAST,0,HEARTBEAT,48,HEARTBEAT,0,0,0,0,0,0,0x1000BFC0
1777196647.315,72070,4,2,EPS,255,BROADCAST,0,HEARTBEAT,48,HEARTBEAT,0,0,0,0,0,0,0x1000BFC0
1777196648.339,73084,4,2,EPS,255,BROADCAST,0,HEARTBEAT,48,HEARTBEAT,0,0,0,0,0,0,0x1000BFC0
1777196649.359,74099,4,2,EPS,255,BROADCAST,0,HEARTBEAT,48,HEARTBEAT,0,0,0,0,0,0,0x1000BFC0
1777196650.342,75113,4,2,EPS,255,BROADCAST,0,HEARTBEAT,48,HEARTBEAT,0,0,0,0,0,0,0x1000BFC0
1777196651.360,76127,4,2,EPS,255,BROADCAST,0,HEARTBEAT,48,HEARTBEAT,0,0,0,0,0,0,0x1000BFC0
1777196652.371,77142,4,2,EPS,255,BROADCAST,0,HEARTBEAT,48,HEARTBEAT,0,0,0,0,0,0,0x1000BFC0
1777196653.375,78156,4,2,EPS,255,BROADCAST,0,HEARTBEAT,48,HEARTBEAT,0,0,0,0,0,0,0x1000BFC0
1777196654.399,79170,4,2,EPS,255,BROADCAST,0,HEARTBEAT,48,HEARTBEAT,0,0,0,0,0,0,0x1000BFC0
1777196655.413,80184,4,2,EPS,255,BROADCAST,0,HEARTBEAT,48,HEARTBEAT,0,0,0,0,0,0,0x1000BFC0
1777196656.429,81198,4,2,EPS,255,BROADCAST,0,HEARTBEAT,48,HEARTBEAT,0,0,0,0,0,0,0x1000BFC0
1777196657.459,82213,4,2,EPS,255,BROADCAST,0,HEARTBEAT,48,HEARTBEAT,0,0,0,0,0,0,0x1000BFC0
1777196658.482,83227,4,2,EPS,255,BROADCAST,0,HEARTBEAT,48,HEARTBEAT,0,0,0,0,0,0,0x1000BFC0
1777196659.504,84241,4,2,EPS,255,BROADCAST,0,HEARTBEAT,48,HEARTBEAT,0,0,0,0,0,0,0x1000BFC0
1777196660.484,85255,4,2,EPS,255,BROADCAST,0,HEARTBEAT,48,HEARTBEAT,0,0,0,0,0,0,0x1000BFC0
1777196661.500,86270,4,2,EPS,255,BROADCAST,0,HEARTBEAT,48,HEARTBEAT,0,0,0,0,0,0,0x1000BFC0
1777196662.513,87284,4,2,EPS,255,BROADCAST,0,HEARTBEAT,48,HEARTBEAT,0,0,0,0,0,0,0x1000BFC0
1777196663.533,88298,4,2,EPS,255,BROADCAST,0,HEARTBEAT,48,HEARTBEAT,0,0,0,0,0,0,0x1000BFC0
1777196664.542,89312,4,2,EPS,255,BROADCAST,0,HEARTBEAT,48,HEARTBEAT,0,0,0,0,0,0,0x1000BFC0
1777196665.557,90326,4,2,EPS,255,BROADCAST,0,HEARTBEAT,48,HEARTBEAT,0,0,0,0,0,0,0x1000BFC0
1777196666.573,91340,4,2,EPS,255,BROADCAST,0,HEARTBEAT,48,HEARTBEAT,0,0,0,0,0,0,0x1000BFC0
1777196667.605,92355,4,2,EPS,255,BROADCAST,0,HEARTBEAT,48,HEARTBEAT,0,0,0,0,0,0,0x1000BFC0
1777196668.622,93369,4,2,EPS,255,BROADCAST,0,HEARTBEAT,48,HEARTBEAT,0,0,0,0,0,0,0x1000BFC0
1777196669.647,94383,4,2,EPS,255,BROADCAST,0,HEARTBEAT,48,HEARTBEAT,0,0,0,0,0,0,0x1000BFC0
1777196670.672,95397,4,2,EPS,255,BROADCAST,0,HEARTBEAT,48,HEARTBEAT,0,0,0,0,0,0,0x1000BFC0
1777196671.641,96412,4,2,EPS,255,BROADCAST,0,HEARTBEAT,48,HEARTBEAT,0,0,0,0,0,0,0x1000BFC0
1777196672.655,97426,4,2,EPS,255,BROADCAST,0,HEARTBEAT,48,HEARTBEAT,0,0,0,0,0,0,0x1000BFC0
1777196673.670,98440,4,2,EPS,255,BROADCAST,0,HEARTBEAT,48,HEARTBEAT,0,0,0,0,0,0,0x1000BFC0
1777196674.690,99454,4,2,EPS,255,BROADCAST,0,HEARTBEAT,48,HEARTBEAT,0,0,0,0,0,0,0x1000BFC0
1777196675.285,100056,4,2,EPS,1,CDH,3,CMD_RESP,82,CMD_RESP_0x52,0,0,0,0,0,0,0x10008043
1777196675.699,100469,4,2,EPS,255,BROADCAST,0,HEARTBEAT,48,HEARTBEAT,0,0,0,0,0,0,0x1000BFC0
1777196676.713,101483,4,2,EPS,255,BROADCAST,0,HEARTBEAT,48,HEARTBEAT,0,0,0,0,0,0,0x1000BFC0
1777196677.730,102497,4,2,EPS,255,BROADCAST,0,HEARTBEAT,48,HEARTBEAT,0,0,0,0,0,0,0x1000BFC0
1777196678.760,103511,4,2,EPS,255,BROADCAST,0,HEARTBEAT,48,HEARTBEAT,0,0,0,0,0,0,0x1000BFC0
1777196679.784,104526,4,2,EPS,255,BROADCAST,0,HEARTBEAT,48,HEARTBEAT,0,0,0,0,0,0,0x1000BFC0
1777196680.807,105540,4,2,EPS,255,BROADCAST,0,HEARTBEAT,48,HEARTBEAT,0,0,0,0,0,0,0x1000BFC0
1777196681.783,106554,4,2,EPS,255,BROADCAST,0,HEARTBEAT,48,HEARTBEAT,0,0,0,0,0,0,0x1000BFC0
1777196682.797,107568,4,2,EPS,255,BROADCAST,0,HEARTBEAT,48,HEARTBEAT,0,0,0,0,0,0,0x1000BFC0
1777196683.811,108582,4,2,EPS,255,BROADCAST,0,HEARTBEAT,48,HEARTBEAT,0,0,0,0,0,0,0x1000BFC0
1777196684.826,109597,4,2,EPS,255,BROADCAST,0,HEARTBEAT,48,HEARTBEAT,0,0,0,0,0,0,0x1000BFC0
1777196685.838,110611,4,2,EPS,255,BROADCAST,0,HEARTBEAT,48,HEARTBEAT,0,0,0,0,0,0,0x1000BFC0
1777196686.855,111625,4,2,EPS,255,BROADCAST,0,HEARTBEAT,48,HEARTBEAT,0,0,0,0,0,0,0x1000BFC0
1777196687.870,112639,4,2,EPS,255,BROADCAST,0,HEARTBEAT,48,HEARTBEAT,0,0,0,0,0,0,0x1000BFC0
1777196688.906,113653,4,2,EPS,255,BROADCAST,0,HEARTBEAT,48,HEARTBEAT,0,0,0,0,0,0,0x1000BFC0
1777196689.923,114668,4,2,EPS,255,BROADCAST,0,HEARTBEAT,48,HEARTBEAT,0,0,0,0,0,0,0x1000BFC0
1777196690.931,115682,4,2,EPS,255,BROADCAST,0,HEARTBEAT,48,HEARTBEAT,0,0,0,0,0,0,0x1000BFC0
1777196691.968,116696,4,2,EPS,255,BROADCAST,0,HEARTBEAT,48,HEARTBEAT,0,0,0,0,0,0,0x1000BFC0
1777196692.942,117710,4,2,EPS,255,BROADCAST,0,HEARTBEAT,48,HEARTBEAT,0,0,0,0,0,0,0x1000BFC0
1777196693.954,118725,4,2,EPS,255,BROADCAST,0,HEARTBEAT,48,HEARTBEAT,0,0,0,0,0,0,0x1000BFC0
1777196694.969,119739,4,2,EPS,255,BROADCAST,0,HEARTBEAT,48,HEARTBEAT,0,0,0,0,0,0,0x1000BFC0
1777196695.985,120753,4,2,EPS,255,BROADCAST,0,HEARTBEAT,48,HEARTBEAT,0,0,0,0,0,0,0x1000BFC0
1777196696.999,121767,4,2,EPS,255,BROADCAST,0,HEARTBEAT,48,HEARTBEAT,0,0,0,0,0,0,0x1000BFC0
1777196698.012,122781,4,2,EPS,255,BROADCAST,0,HEARTBEAT,48,HEARTBEAT,0,0,0,0,0,0,0x1000BFC0
1777196699.035,123796,4,2,EPS,255,BROADCAST,0,HEARTBEAT,48,HEARTBEAT,0,0,0,0,0,0,0x1000BFC0
1777196700.049,124810,4,2,EPS,255,BROADCAST,0,HEARTBEAT,48,HEARTBEAT,0,0,0,0,0,0,0x1000BFC0
1777196701.081,125824,4,2,EPS,255,BROADCAST,0,HEARTBEAT,48,HEARTBEAT,0,0,0,0,0,0,0x1000BFC0
1777196702.105,126838,4,2,EPS,255,BROADCAST,0,HEARTBEAT,48,HEARTBEAT,0,0,0,0,0,0,0x1000BFC0
1777196703.083,127852,4,2,EPS,255,BROADCAST,0,HEARTBEAT,48,HEARTBEAT,0,0,0,0,0,0,0x1000BFC0
1777196704.097,128866,4,2,EPS,255,BROADCAST,0,HEARTBEAT,48,HEARTBEAT,0,0,0,0,0,0,0x1000BFC0
1777196705.111,129881,4,2,EPS,255,BROADCAST,0,HEARTBEAT,48,HEARTBEAT,0,0,0,0,0,0,0x1000BFC0
1777196706.125,130895,4,2,EPS,255,BROADCAST,0,HEARTBEAT,48,HEARTBEAT,0,0,0,0,0,0,0x1000BFC0
1777196707.139,131909,4,2,EPS,255,BROADCAST,0,HEARTBEAT,48,HEARTBEAT,0,0,0,0,0,0,0x1000BFC0
1777196708.153,132923,4,2,EPS,255,BROADCAST,0,HEARTBEAT,48,HEARTBEAT,0,0,0,0,0,0,0x1000BFC0
1777196709.173,133937,4,2,EPS,255,BROADCAST,0,HEARTBEAT,48,HEARTBEAT,0,0,0,0,0,0,0x1000BFC0
1777196710.193,134951,4,2,EPS,255,BROADCAST,0,HEARTBEAT,48,HEARTBEAT,0,0,0,0,0,0,0x1000BFC0
1777196711.222,135966,4,2,EPS,255,BROADCAST,0,HEARTBEAT,48,HEARTBEAT,0,0,0,0,0,0,0x1000BFC0
1777196712.238,136980,4,2,EPS,255,BROADCAST,0,HEARTBEAT,48,HEARTBEAT,0,0,0,0,0,0,0x1000BFC0
1777196713.224,137994,4,2,EPS,255,BROADCAST,0,HEARTBEAT,48,HEARTBEAT,0,0,0,0,0,0,0x1000BFC0
1777196714.238,139008,4,2,EPS,255,BROADCAST,0,HEARTBEAT,48,HEARTBEAT,0,0,0,0,0,0,0x1000BFC0
1777196715.252,140022,4,2,EPS,255,BROADCAST,0,HEARTBEAT,48,HEARTBEAT,0,0,0,0,0,0,0x1000BFC0
1777196716.267,141037,4,2,EPS,255,BROADCAST,0,HEARTBEAT,48,HEARTBEAT,0,0,0,0,0,0,0x1000BFC0
1777196717.281,142051,4,2,EPS,255,BROADCAST,0,HEARTBEAT,48,HEARTBEAT,0,0,0,0,0,0,0x1000BFC0
1777196718.295,143065,4,2,EPS,255,BROADCAST,0,HEARTBEAT,48,HEARTBEAT,0,0,0,0,0,0,0x1000BFC0
1777196719.309,144079,4,2,EPS,255,BROADCAST,0,HEARTBEAT,48,HEARTBEAT,0,0,0,0,0,0,0x1000BFC0
1777196720.335,145093,4,2,EPS,255,BROADCAST,0,HEARTBEAT,48,HEARTBEAT,0,0,0,0,0,0,0x1000BFC0
1777196721.358,146107,4,2,EPS,255,BROADCAST,0,HEARTBEAT,48,HEARTBEAT,0,0,0,0,0,0,0x1000BFC0
1777196722.385,147122,4,2,EPS,255,BROADCAST,0,HEARTBEAT,48,HEARTBEAT,0,0,0,0,0,0,0x1000BFC0
1777196723.409,148136,4,2,EPS,255,BROADCAST,0,HEARTBEAT,48,HEARTBEAT,0,0,0,0,0,0,0x1000BFC0
1777196724.380,149150,4,2,EPS,255,BROADCAST,0,HEARTBEAT,48,HEARTBEAT,0,0,0,0,0,0,0x1000BFC0
1777196725.383,150153,4,2,EPS,1,CDH,3,CMD_RESP,82,CMD_RESP_0x52,0,0,0,0,0,0,0x10008043
1777196725.394,150164,4,2,EPS,255,BROADCAST,0,HEARTBEAT,48,HEARTBEAT,0,0,0,0,0,0,0x1000BFC0
1777196732.310,4493,4,2,EPS,255,BROADCAST,0,HEARTBEAT,48,HEARTBEAT,0,0,0,0,0,0,0x1000BFC0
1777196733.340,5508,4,2,EPS,255,BROADCAST,0,HEARTBEAT,48,HEARTBEAT,0,0,0,0,0,0,0x1000BFC0
1777196734.363,6522,4,2,EPS,255,BROADCAST,0,HEARTBEAT,48,HEARTBEAT,0,0,0,0,0,0,0x1000BFC0
1777196735.389,7536,4,2,EPS,255,BROADCAST,0,HEARTBEAT,48,HEARTBEAT,0,0,0,0,0,0,0x1000BFC0
1777196736.363,8550,4,2,EPS,255,BROADCAST,0,HEARTBEAT,48,HEARTBEAT,0,0,0,0,0,0,0x1000BFC0
1777196737.377,9565,4,2,EPS,255,BROADCAST,0,HEARTBEAT,48,HEARTBEAT,0,0,0,0,0,0,0x1000BFC0
1777196738.395,10579,4,2,EPS,255,BROADCAST,0,HEARTBEAT,48,HEARTBEAT,0,0,0,0,0,0,0x1000BFC0
1777196739.406,11593,4,2,EPS,255,BROADCAST,0,HEARTBEAT,48,HEARTBEAT,0,0,0,0,0,0,0x1000BFC0
1777196740.420,12607,4,2,EPS,255,BROADCAST,0,HEARTBEAT,48,HEARTBEAT,0,0,0,0,0,0,0x1000BFC0
1777196741.435,13621,4,2,EPS,255,BROADCAST,0,HEARTBEAT,48,HEARTBEAT,0,0,0,0,0,0,0x1000BFC0
1777196742.452,14636,4,2,EPS,255,BROADCAST,0,HEARTBEAT,48,HEARTBEAT,0,0,0,0,0,0,0x1000BFC0
1777196743.477,15650,4,2,EPS,255,BROADCAST,0,HEARTBEAT,48,HEARTBEAT,0,0,0,0,0,0,0x1000BFC0
1777196744.501,16664,4,2,EPS,255,BROADCAST,0,HEARTBEAT,48,HEARTBEAT,0,0,0,0,0,0,0x1000BFC0
1777196745.528,17679,4,2,EPS,255,BROADCAST,0,HEARTBEAT,48,HEARTBEAT,0,0,0,0,0,0,0x1000BFC0
1777196746.507,18693,4,2,EPS,255,BROADCAST,0,HEARTBEAT,48,HEARTBEAT,0,0,0,0,0,0,0x1000BFC0
1777196747.520,19707,4,2,EPS,255,BROADCAST,0,HEARTBEAT,48,HEARTBEAT,0,0,0,0,0,0,0x1000BFC0
1777196748.534,20721,4,2,EPS,255,BROADCAST,0,HEARTBEAT,48,HEARTBEAT,0,0,0,0,0,0,0x1000BFC0
1777196749.548,21735,4,2,EPS,255,BROADCAST,0,HEARTBEAT,48,HEARTBEAT,0,0,0,0,0,0,0x1000BFC0
1777196750.563,22750,4,2,EPS,255,BROADCAST,0,HEARTBEAT,48,HEARTBEAT,0,0,0,0,0,0,0x1000BFC0
1777196751.577,23764,4,2,EPS,255,BROADCAST,0,HEARTBEAT,48,HEARTBEAT,0,0,0,0,0,0,0x1000BFC0
1777196752.591,24778,4,2,EPS,255,BROADCAST,0,HEARTBEAT,48,HEARTBEAT,0,0,0,0,0,0,0x1000BFC0
1777196753.615,25792,4,2,EPS,255,BROADCAST,0,HEARTBEAT,48,HEARTBEAT,0,0,0,0,0,0,0x1000BFC0
1777196754.638,26807,4,2,EPS,255,BROADCAST,0,HEARTBEAT,48,HEARTBEAT,0,0,0,0,0,0,0x1000BFC0
1777196755.661,27821,4,2,EPS,255,BROADCAST,0,HEARTBEAT,48,HEARTBEAT,0,0,0,0,0,0,0x1000BFC0
1777196756.713,28835,4,2,EPS,255,BROADCAST,0,HEARTBEAT,48,HEARTBEAT,0,0,0,0,0,0,0x1000BFC0
1777196757.662,29849,4,2,EPS,255,BROADCAST,0,HEARTBEAT,48,HEARTBEAT,0,0,0,0,0,0,0x1000BFC0
1777196758.676,30863,4,2,EPS,255,BROADCAST,0,HEARTBEAT,48,HEARTBEAT,0,0,0,0,0,0,0x1000BFC0
1777196759.690,31877,4,2,EPS,255,BROADCAST,0,HEARTBEAT,48,HEARTBEAT,0,0,0,0,0,0,0x1000BFC0
1777196760.704,32891,4,2,EPS,255,BROADCAST,0,HEARTBEAT,48,HEARTBEAT,0,0,0,0,0,0,0x1000BFC0
1777196761.718,33905,4,2,EPS,255,BROADCAST,0,HEARTBEAT,48,HEARTBEAT,0,0,0,0,0,0,0x1000BFC0
1777196762.733,34920,4,2,EPS,255,BROADCAST,0,HEARTBEAT,48,HEARTBEAT,0,0,0,0,0,0,0x1000BFC0
1777196763.755,35934,4,2,EPS,255,BROADCAST,0,HEARTBEAT,48,HEARTBEAT,0,0,0,0,0,0,0x1000BFC0
1777196764.779,36948,4,2,EPS,255,BROADCAST,0,HEARTBEAT,48,HEARTBEAT,0,0,0,0,0,0,0x1000BFC0
1777196765.789,37962,4,2,EPS,255,BROADCAST,0,HEARTBEAT,48,HEARTBEAT,0,0,0,0,0,0,0x1000BFC0
1777196766.821,38976,4,2,EPS,255,BROADCAST,0,HEARTBEAT,48,HEARTBEAT,0,0,0,0,0,0,0x1000BFC0
1777196767.805,39990,4,2,EPS,255,BROADCAST,0,HEARTBEAT,48,HEARTBEAT,0,0,0,0,0,0,0x1000BFC0
1777196768.819,41005,4,2,EPS,255,BROADCAST,0,HEARTBEAT,48,HEARTBEAT,0,0,0,0,0,0,0x1000BFC0
1777196769.831,42019,4,2,EPS,255,BROADCAST,0,HEARTBEAT,48,HEARTBEAT,0,0,0,0,0,0,0x1000BFC0
1777196770.848,43033,4,2,EPS,255,BROADCAST,0,HEARTBEAT,48,HEARTBEAT,0,0,0,0,0,0,0x1000BFC0
1777196771.860,44047,4,2,EPS,255,BROADCAST,0,HEARTBEAT,48,HEARTBEAT,0,0,0,0,0,0,0x1000BFC0
1777196772.874,45061,4,2,EPS,255,BROADCAST,0,HEARTBEAT,48,HEARTBEAT,0,0,0,0,0,0,0x1000BFC0
1777196773.892,46075,4,2,EPS,255,BROADCAST,0,HEARTBEAT,48,HEARTBEAT,0,0,0,0,0,0,0x1000BFC0
1777196774.909,47089,4,2,EPS,255,BROADCAST,0,HEARTBEAT,48,HEARTBEAT,0,0,0,0,0,0,0x1000BFC0
1777196775.931,48103,4,2,EPS,255,BROADCAST,0,HEARTBEAT,48,HEARTBEAT,0,0,0,0,0,0,0x1000BFC0
1777196776.967,49118,4,2,EPS,255,BROADCAST,0,HEARTBEAT,48,HEARTBEAT,0,0,0,0,0,0,0x1000BFC0
1777196777.835,50021,4,2,EPS,1,CDH,3,CMD_RESP,82,CMD_RESP_0x52,0,0,0,0,0,0,0x10008043
1777196777.984,50132,4,2,EPS,255,BROADCAST,0,HEARTBEAT,48,HEARTBEAT,0,0,0,0,0,0,0x1000BFC0
1777196778.962,51146,4,2,EPS,255,BROADCAST,0,HEARTBEAT,48,HEARTBEAT,0,0,0,0,0,0,0x1000BFC0
1777196779.973,52160,4,2,EPS,255,BROADCAST,0,HEARTBEAT,48,HEARTBEAT,0,0,0,0,0,0,0x1000BFC0
1777196780.990,53174,4,2,EPS,255,BROADCAST,0,HEARTBEAT,48,HEARTBEAT,0,0,0,0,0,0,0x1000BFC0
1777196782.005,54188,4,2,EPS,255,BROADCAST,0,HEARTBEAT,48,HEARTBEAT,0,0,0,0,0,0,0x1000BFC0
1777196783.017,55203,4,2,EPS,255,BROADCAST,0,HEARTBEAT,48,HEARTBEAT,0,0,0,0,0,0,0x1000BFC0
1777196784.032,56217,4,2,EPS,255,BROADCAST,0,HEARTBEAT,48,HEARTBEAT,0,0,0,0,0,0,0x1000BFC0
1777196785.053,57231,4,2,EPS,255,BROADCAST,0,HEARTBEAT,48,HEARTBEAT,0,0,0,0,0,0,0x1000BFC0
1777196786.076,58245,4,2,EPS,255,BROADCAST,0,HEARTBEAT,48,HEARTBEAT,0,0,0,0,0,0,0x1000BFC0
1777196787.103,59259,4,2,EPS,255,BROADCAST,0,HEARTBEAT,48,HEARTBEAT,0,0,0,0,0,0,0x1000BFC0
1777196788.124,60273,4,2,EPS,255,BROADCAST,0,HEARTBEAT,48,HEARTBEAT,0,0,0,0,0,0,0x1000BFC0
1777196789.102,61288,4,2,EPS,255,BROADCAST,0,HEARTBEAT,48,HEARTBEAT,0,0,0,0,0,0,0x1000BFC0
1777196790.115,62302,4,2,EPS,255,BROADCAST,0,HEARTBEAT,48,HEARTBEAT,0,0,0,0,0,0,0x1000BFC0
1777196791.130,63316,4,2,EPS,255,BROADCAST,0,HEARTBEAT,48,HEARTBEAT,0,0,0,0,0,0,0x1000BFC0
1777196792.145,64330,4,2,EPS,255,BROADCAST,0,HEARTBEAT,48,HEARTBEAT,0,0,0,0,0,0,0x1000BFC0
1777196793.159,65344,4,2,EPS,255,BROADCAST,0,HEARTBEAT,48,HEARTBEAT,0,0,0,0,0,0,0x1000BFC0
1777196794.172,66358,4,2,EPS,255,BROADCAST,0,HEARTBEAT,48,HEARTBEAT,0,0,0,0,0,0,0x1000BFC0
1777196795.191,67373,4,2,EPS,255,BROADCAST,0,HEARTBEAT,48,HEARTBEAT,0,0,0,0,0,0,0x1000BFC0
1777196796.214,68387,4,2,EPS,255,BROADCAST,0,HEARTBEAT,48,HEARTBEAT,0,0,0,0,0,0,0x1000BFC0
1777196797.238,69401,4,2,EPS,255,BROADCAST,0,HEARTBEAT,48,HEARTBEAT,0,0,0,0,0,0,0x1000BFC0
1777196798.263,70415,4,2,EPS,255,BROADCAST,0,HEARTBEAT,48,HEARTBEAT,0,0,0,0,0,0,0x1000BFC0
1777196799.289,71429,4,2,EPS,255,BROADCAST,0,HEARTBEAT,48,HEARTBEAT,0,0,0,0,0,0,0x1000BFC0
1777196800.258,72444,4,2,EPS,255,BROADCAST,0,HEARTBEAT,48,HEARTBEAT,0,0,0,0,0,0,0x1000BFC0
1777196801.266,73458,4,2,EPS,255,BROADCAST,0,HEARTBEAT,48,HEARTBEAT,0,0,0,0,0,0,0x1000BFC0
1777196802.286,74472,4,2,EPS,255,BROADCAST,0,HEARTBEAT,48,HEARTBEAT,0,0,0,0,0,0,0x1000BFC0
1777196803.299,75486,4,2,EPS,255,BROADCAST,0,HEARTBEAT,48,HEARTBEAT,0,0,0,0,0,0,0x1000BFC0
1777196804.314,76500,4,2,EPS,255,BROADCAST,0,HEARTBEAT,48,HEARTBEAT,0,0,0,0,0,0,0x1000BFC0
1777196805.328,77514,4,2,EPS,255,BROADCAST,0,HEARTBEAT,48,HEARTBEAT,0,0,0,0,0,0,0x1000BFC0
1777196806.354,78528,4,2,EPS,255,BROADCAST,0,HEARTBEAT,48,HEARTBEAT,0,0,0,0,0,0,0x1000BFC0
1777196807.380,79543,4,2,EPS,255,BROADCAST,0,HEARTBEAT,48,HEARTBEAT,0,0,0,0,0,0,0x1000BFC0
1777196808.406,80557,4,2,EPS,255,BROADCAST,0,HEARTBEAT,48,HEARTBEAT,0,0,0,0,0,0,0x1000BFC0
1777196809.424,81571,4,2,EPS,255,BROADCAST,0,HEARTBEAT,48,HEARTBEAT,0,0,0,0,0,0,0x1000BFC0
1777196810.399,82585,4,2,EPS,255,BROADCAST,0,HEARTBEAT,48,HEARTBEAT,0,0,0,0,0,0,0x1000BFC0
1777196811.413,83599,4,2,EPS,255,BROADCAST,0,HEARTBEAT,48,HEARTBEAT,0,0,0,0,0,0,0x1000BFC0
1777196812.427,84613,4,2,EPS,255,BROADCAST,0,HEARTBEAT,48,HEARTBEAT,0,0,0,0,0,0,0x1000BFC0
1777196813.442,85628,4,2,EPS,255,BROADCAST,0,HEARTBEAT,48,HEARTBEAT,0,0,0,0,0,0,0x1000BFC0
1777196814.455,86642,4,2,EPS,255,BROADCAST,0,HEARTBEAT,48,HEARTBEAT,0,0,0,0,0,0,0x1000BFC0
1777196815.471,87656,4,2,EPS,255,BROADCAST,0,HEARTBEAT,48,HEARTBEAT,0,0,0,0,0,0,0x1000BFC0
1777196816.491,88670,4,2,EPS,255,BROADCAST,0,HEARTBEAT,48,HEARTBEAT,0,0,0,0,0,0,0x1000BFC0
1777196817.515,89684,4,2,EPS,255,BROADCAST,0,HEARTBEAT,48,HEARTBEAT,0,0,0,0,0,0,0x1000BFC0
1777196818.537,90698,4,2,EPS,255,BROADCAST,0,HEARTBEAT,48,HEARTBEAT,0,0,0,0,0,0,0x1000BFC0
1777196819.549,91713,4,2,EPS,255,BROADCAST,0,HEARTBEAT,48,HEARTBEAT,0,0,0,0,0,0,0x1000BFC0
1777196820.541,92727,4,2,EPS,255,BROADCAST,0,HEARTBEAT,48,HEARTBEAT,0,0,0,0,0,0,0x1000BFC0
1777196821.555,93741,4,2,EPS,255,BROADCAST,0,HEARTBEAT,48,HEARTBEAT,0,0,0,0,0,0,0x1000BFC0
1777196822.569,94755,4,2,EPS,255,BROADCAST,0,HEARTBEAT,48,HEARTBEAT,0,0,0,0,0,0,0x1000BFC0
1777196823.586,95769,4,2,EPS,255,BROADCAST,0,HEARTBEAT,48,HEARTBEAT,0,0,0,0,0,0,0x1000BFC0
1777196824.598,96783,4,2,EPS,255,BROADCAST,0,HEARTBEAT,48,HEARTBEAT,0,0,0,0,0,0,0x1000BFC0
1777196825.611,97798,4,2,EPS,255,BROADCAST,0,HEARTBEAT,48,HEARTBEAT,0,0,0,0,0,0,0x1000BFC0
1777196826.628,98812,4,2,EPS,255,BROADCAST,0,HEARTBEAT,48,HEARTBEAT,0,0,0,0,0,0,0x1000BFC0
1777196827.653,99826,4,2,EPS,255,BROADCAST,0,HEARTBEAT,48,HEARTBEAT,0,0,0,0,0,0,0x1000BFC0
1777196827.862,100028,4,2,EPS,1,CDH,3,CMD_RESP,82,CMD_RESP_0x52,0,0,0,0,0,0,0x10008043
1777196828.677,100840,4,2,EPS,255,BROADCAST,0,HEARTBEAT,48,HEARTBEAT,0,0,0,0,0,0,0x1000BFC0
1777196829.701,101854,4,2,EPS,255,BROADCAST,0,HEARTBEAT,48,HEARTBEAT,0,0,0,0,0,0,0x1000BFC0
1777196830.723,102868,4,2,EPS,255,BROADCAST,0,HEARTBEAT,48,HEARTBEAT,0,0,0,0,0,0,0x1000BFC0
1777196831.698,103882,4,2,EPS,255,BROADCAST,0,HEARTBEAT,48,HEARTBEAT,0,0,0,0,0,0,0x1000BFC0
1777196832.710,104896,4,2,EPS,255,BROADCAST,0,HEARTBEAT,48,HEARTBEAT,0,0,0,0,0,0,0x1000BFC0
1777196833.725,105910,4,2,EPS,255,BROADCAST,0,HEARTBEAT,48,HEARTBEAT,0,0,0,0,0,0,0x1000BFC0
1777196834.738,106924,4,2,EPS,255,BROADCAST,0,HEARTBEAT,48,HEARTBEAT,0,0,0,0,0,0,0x1000BFC0
1777196835.753,107938,4,2,EPS,255,BROADCAST,0,HEARTBEAT,48,HEARTBEAT,0,0,0,0,0,0,0x1000BFC0
1777196850.195,4493,4,2,EPS,255,BROADCAST,0,HEARTBEAT,48,HEARTBEAT,0,0,0,0,0,0,0x1000BFC0
1777196851.208,5507,4,2,EPS,255,BROADCAST,0,HEARTBEAT,48,HEARTBEAT,0,0,0,0,0,0,0x1000BFC0
1777196852.231,6521,4,2,EPS,255,BROADCAST,0,HEARTBEAT,48,HEARTBEAT,0,0,0,0,0,0,0x1000BFC0
1777196853.246,7535,4,2,EPS,255,BROADCAST,0,HEARTBEAT,48,HEARTBEAT,0,0,0,0,0,0,0x1000BFC0
1777196854.278,8549,4,2,EPS,255,BROADCAST,0,HEARTBEAT,48,HEARTBEAT,0,0,0,0,0,0,0x1000BFC0
1777196855.296,9563,4,2,EPS,255,BROADCAST,0,HEARTBEAT,48,HEARTBEAT,0,0,0,0,0,0,0x1000BFC0
1777196856.278,10578,4,2,EPS,255,BROADCAST,0,HEARTBEAT,48,HEARTBEAT,0,0,0,0,0,0,0x1000BFC0
1777196857.292,11592,4,2,EPS,255,BROADCAST,0,HEARTBEAT,48,HEARTBEAT,0,0,0,0,0,0,0x1000BFC0
1777196858.306,12606,4,2,EPS,255,BROADCAST,0,HEARTBEAT,48,HEARTBEAT,0,0,0,0,0,0,0x1000BFC0
1777196859.320,13620,4,2,EPS,255,BROADCAST,0,HEARTBEAT,48,HEARTBEAT,0,0,0,0,0,0,0x1000BFC0
1777196860.335,14634,4,2,EPS,255,BROADCAST,0,HEARTBEAT,48,HEARTBEAT,0,0,0,0,0,0,0x1000BFC0
1777196861.349,15648,4,2,EPS,255,BROADCAST,0,HEARTBEAT,48,HEARTBEAT,0,0,0,0,0,0,0x1000BFC0
1777196862.363,16662,4,2,EPS,255,BROADCAST,0,HEARTBEAT,48,HEARTBEAT,0,0,0,0,0,0,0x1000BFC0
1777196863.390,17676,4,2,EPS,255,BROADCAST,0,HEARTBEAT,48,HEARTBEAT,0,0,0,0,0,0,0x1000BFC0
1777196864.410,18691,4,2,EPS,255,BROADCAST,0,HEARTBEAT,48,HEARTBEAT,0,0,0,0,0,0,0x1000BFC0
1777196865.439,19705,4,2,EPS,255,BROADCAST,0,HEARTBEAT,48,HEARTBEAT,0,0,0,0,0,0,0x1000BFC0
1777196866.419,20719,4,2,EPS,255,BROADCAST,0,HEARTBEAT,48,HEARTBEAT,0,0,0,0,0,0,0x1000BFC0
1777196867.434,21732,4,2,EPS,255,BROADCAST,0,HEARTBEAT,48,HEARTBEAT,0,0,0,0,0,0,0x1000BFC0
1777196868.452,22747,4,2,EPS,255,BROADCAST,0,HEARTBEAT,48,HEARTBEAT,0,0,0,0,0,0,0x1000BFC0
1777196869.462,23760,4,2,EPS,255,BROADCAST,0,HEARTBEAT,48,HEARTBEAT,0,0,0,0,0,0,0x1000BFC0
1777196870.475,24775,4,2,EPS,255,BROADCAST,0,HEARTBEAT,48,HEARTBEAT,0,0,0,0,0,0,0x1000BFC0
1777196871.489,25788,4,2,EPS,255,BROADCAST,0,HEARTBEAT,48,HEARTBEAT,0,0,0,0,0,0,0x1000BFC0
1777196872.504,26803,4,2,EPS,255,BROADCAST,0,HEARTBEAT,48,HEARTBEAT,0,0,0,0,0,0,0x1000BFC0
1777196873.529,27817,4,2,EPS,255,BROADCAST,0,HEARTBEAT,48,HEARTBEAT,0,0,0,0,0,0,0x1000BFC0
1777196874.551,28831,4,2,EPS,255,BROADCAST,0,HEARTBEAT,48,HEARTBEAT,0,0,0,0,0,0,0x1000BFC0
1777196875.577,29845,4,2,EPS,255,BROADCAST,0,HEARTBEAT,48,HEARTBEAT,0,0,0,0,0,0,0x1000BFC0
1777196876.596,30859,4,2,EPS,255,BROADCAST,0,HEARTBEAT,48,HEARTBEAT,0,0,0,0,0,0,0x1000BFC0
1777196877.574,31873,4,2,EPS,255,BROADCAST,0,HEARTBEAT,48,HEARTBEAT,0,0,0,0,0,0,0x1000BFC0
1777196878.588,32887,4,2,EPS,255,BROADCAST,0,HEARTBEAT,48,HEARTBEAT,0,0,0,0,0,0,0x1000BFC0
1777196879.602,33901,4,2,EPS,255,BROADCAST,0,HEARTBEAT,48,HEARTBEAT,0,0,0,0,0,0,0x1000BFC0
1777196880.615,34915,4,2,EPS,255,BROADCAST,0,HEARTBEAT,48,HEARTBEAT,0,0,0,0,0,0,0x1000BFC0
1777196881.630,35929,4,2,EPS,255,BROADCAST,0,HEARTBEAT,48,HEARTBEAT,0,0,0,0,0,0,0x1000BFC0
1777196882.644,36944,4,2,EPS,255,BROADCAST,0,HEARTBEAT,48,HEARTBEAT,0,0,0,0,0,0,0x1000BFC0
1777196883.665,37957,4,2,EPS,255,BROADCAST,0,HEARTBEAT,48,HEARTBEAT,0,0,0,0,0,0,0x1000BFC0
1777196884.690,38972,4,2,EPS,255,BROADCAST,0,HEARTBEAT,48,HEARTBEAT,0,0,0,0,0,0,0x1000BFC0
1777196885.717,39986,4,2,EPS,255,BROADCAST,0,HEARTBEAT,48,HEARTBEAT,0,0,0,0,0,0,0x1000BFC0
1777196886.740,41000,4,2,EPS,255,BROADCAST,0,HEARTBEAT,48,HEARTBEAT,0,0,0,0,0,0,0x1000BFC0
1777196887.715,42014,4,2,EPS,255,BROADCAST,0,HEARTBEAT,48,HEARTBEAT,0,0,0,0,0,0,0x1000BFC0
1777196888.729,43028,4,2,EPS,255,BROADCAST,0,HEARTBEAT,48,HEARTBEAT,0,0,0,0,0,0,0x1000BFC0
1777196889.743,44042,4,2,EPS,255,BROADCAST,0,HEARTBEAT,48,HEARTBEAT,0,0,0,0,0,0,0x1000BFC0
1777196890.757,45056,4,2,EPS,255,BROADCAST,0,HEARTBEAT,48,HEARTBEAT,0,0,0,0,0,0,0x1000BFC0
1777196891.771,46070,4,2,EPS,255,BROADCAST,0,HEARTBEAT,48,HEARTBEAT,0,0,0,0,0,0,0x1000BFC0
1777196892.785,47084,4,2,EPS,255,BROADCAST,0,HEARTBEAT,48,HEARTBEAT,0,0,0,0,0,0,0x1000BFC0
1777196893.806,48098,4,2,EPS,255,BROADCAST,0,HEARTBEAT,48,HEARTBEAT,0,0,0,0,0,0,0x1000BFC0
1777196894.829,49112,4,2,EPS,255,BROADCAST,0,HEARTBEAT,48,HEARTBEAT,0,0,0,0,0,0,0x1000BFC0
1777196895.746,50015,4,2,EPS,1,CDH,3,CMD_RESP,82,CMD_RESP_0x52,0,0,0,0,0,0,0x10008043
1777196895.847,50126,4,2,EPS,255,BROADCAST,0,HEARTBEAT,48,HEARTBEAT,0,0,0,0,0,0,0x1000BFC0
1777196896.871,51140,4,2,EPS,255,BROADCAST,0,HEARTBEAT,48,HEARTBEAT,0,0,0,0,0,0,0x1000BFC0
1777196897.860,52154,4,2,EPS,255,BROADCAST,0,HEARTBEAT,48,HEARTBEAT,0,0,0,0,0,0,0x1000BFC0
1777196898.870,53169,4,2,EPS,255,BROADCAST,0,HEARTBEAT,48,HEARTBEAT,0,0,0,0,0,0,0x1000BFC0
1777196899.892,54183,4,2,EPS,255,BROADCAST,0,HEARTBEAT,48,HEARTBEAT,0,0,0,0,0,0,0x1000BFC0
1777196900.899,55197,4,2,EPS,255,BROADCAST,0,HEARTBEAT,48,HEARTBEAT,0,0,0,0,0,0,0x1000BFC0
1777196901.914,56211,4,2,EPS,255,BROADCAST,0,HEARTBEAT,48,HEARTBEAT,0,0,0,0,0,0,0x1000BFC0
1777196902.927,57226,4,2,EPS,255,BROADCAST,0,HEARTBEAT,48,HEARTBEAT,0,0,0,0,0,0,0x1000BFC0
1777196903.944,58240,4,2,EPS,255,BROADCAST,0,HEARTBEAT,48,HEARTBEAT,0,0,0,0,0,0,0x1000BFC0
1777196904.963,59254,4,2,EPS,255,BROADCAST,0,HEARTBEAT,48,HEARTBEAT,0,0,0,0,0,0,0x1000BFC0
1777196905.989,60268,4,2,EPS,255,BROADCAST,0,HEARTBEAT,48,HEARTBEAT,0,0,0,0,0,0,0x1000BFC0
1777196907.016,61282,4,2,EPS,255,BROADCAST,0,HEARTBEAT,48,HEARTBEAT,0,0,0,0,0,0,0x1000BFC0
1777196908.037,62296,4,2,EPS,255,BROADCAST,0,HEARTBEAT,48,HEARTBEAT,0,0,0,0,0,0,0x1000BFC0
1777196909.011,63311,4,2,EPS,255,BROADCAST,0,HEARTBEAT,48,HEARTBEAT,0,0,0,0,0,0,0x1000BFC0
1777196910.028,64325,4,2,EPS,255,BROADCAST,0,HEARTBEAT,48,HEARTBEAT,0,0,0,0,0,0,0x1000BFC0
1777196911.041,65339,4,2,EPS,255,BROADCAST,0,HEARTBEAT,48,HEARTBEAT,0,0,0,0,0,0,0x1000BFC0
1777196912.080,66353,4,2,EPS,255,BROADCAST,0,HEARTBEAT,48,HEARTBEAT,0,0,0,0,0,0,0x1000BFC0
1777196913.068,67367,4,2,EPS,255,BROADCAST,0,HEARTBEAT,48,HEARTBEAT,0,0,0,0,0,0,0x1000BFC0
1777196914.083,68381,4,2,EPS,255,BROADCAST,0,HEARTBEAT,48,HEARTBEAT,0,0,0,0,0,0,0x1000BFC0
1777196915.104,69396,4,2,EPS,255,BROADCAST,0,HEARTBEAT,48,HEARTBEAT,0,0,0,0,0,0,0x1000BFC0
1777196916.131,70410,4,2,EPS,255,BROADCAST,0,HEARTBEAT,48,HEARTBEAT,0,0,0,0,0,0,0x1000BFC0
1777196917.150,71424,4,2,EPS,255,BROADCAST,0,HEARTBEAT,48,HEARTBEAT,0,0,0,0,0,0,0x1000BFC0
1777196918.176,72438,4,2,EPS,255,BROADCAST,0,HEARTBEAT,48,HEARTBEAT,0,0,0,0,0,0,0x1000BFC0
1777196919.153,73452,4,2,EPS,255,BROADCAST,0,HEARTBEAT,48,HEARTBEAT,0,0,0,0,0,0,0x1000BFC0
1777196920.167,74466,4,2,EPS,255,BROADCAST,0,HEARTBEAT,48,HEARTBEAT,0,0,0,0,0,0,0x1000BFC0
1777196921.181,75480,4,2,EPS,255,BROADCAST,0,HEARTBEAT,48,HEARTBEAT,0,0,0,0,0,0,0x1000BFC0
1777196922.195,76494,4,2,EPS,255,BROADCAST,0,HEARTBEAT,48,HEARTBEAT,0,0,0,0,0,0,0x1000BFC0
1777196923.210,77508,4,2,EPS,255,BROADCAST,0,HEARTBEAT,48,HEARTBEAT,0,0,0,0,0,0,0x1000BFC0
1777196924.245,78522,4,2,EPS,255,BROADCAST,0,HEARTBEAT,48,HEARTBEAT,0,0,0,0,0,0,0x1000BFC0
1777196925.268,79537,4,2,EPS,255,BROADCAST,0,HEARTBEAT,48,HEARTBEAT,0,0,0,0,0,0,0x1000BFC0
1777196926.293,80551,4,2,EPS,255,BROADCAST,0,HEARTBEAT,48,HEARTBEAT,0,0,0,0,0,0,0x1000BFC0
1777196927.313,81565,4,2,EPS,255,BROADCAST,0,HEARTBEAT,48,HEARTBEAT,0,0,0,0,0,0,0x1000BFC0
1777196928.328,82579,4,2,EPS,255,BROADCAST,0,HEARTBEAT,48,HEARTBEAT,0,0,0,0,0,0,0x1000BFC0
1777196929.294,83593,4,2,EPS,255,BROADCAST,0,HEARTBEAT,48,HEARTBEAT,0,0,0,0,0,0,0x1000BFC0
1777196930.309,84607,4,2,EPS,255,BROADCAST,0,HEARTBEAT,48,HEARTBEAT,0,0,0,0,0,0,0x1000BFC0
1777196931.322,85621,4,2,EPS,255,BROADCAST,0,HEARTBEAT,48,HEARTBEAT,0,0,0,0,0,0,0x1000BFC0
1777196932.337,86636,4,2,EPS,255,BROADCAST,0,HEARTBEAT,48,HEARTBEAT,0,0,0,0,0,0,0x1000BFC0
1777196933.351,87650,4,2,EPS,255,BROADCAST,0,HEARTBEAT,48,HEARTBEAT,0,0,0,0,0,0,0x1000BFC0
1777196934.365,88664,4,2,EPS,255,BROADCAST,0,HEARTBEAT,48,HEARTBEAT,0,0,0,0,0,0,0x1000BFC0
1777196935.384,89678,4,2,EPS,255,BROADCAST,0,HEARTBEAT,48,HEARTBEAT,0,0,0,0,0,0,0x1000BFC0
1777196936.410,90692,4,2,EPS,255,BROADCAST,0,HEARTBEAT,48,HEARTBEAT,0,0,0,0,0,0,0x1000BFC0
1777196937.424,91706,4,2,EPS,255,BROADCAST,0,HEARTBEAT,48,HEARTBEAT,0,0,0,0,0,0,0x1000BFC0
1777196938.460,92720,4,2,EPS,255,BROADCAST,0,HEARTBEAT,48,HEARTBEAT,0,0,0,0,0,0,0x1000BFC0
1777196939.479,93734,4,2,EPS,255,BROADCAST,0,HEARTBEAT,48,HEARTBEAT,0,0,0,0,0,0,0x1000BFC0
1777196940.450,94749,4,2,EPS,255,BROADCAST,0,HEARTBEAT,48,HEARTBEAT,0,0,0,0,0,0,0x1000BFC0
1777196941.464,95763,4,2,EPS,255,BROADCAST,0,HEARTBEAT,48,HEARTBEAT,0,0,0,0,0,0,0x1000BFC0
1777196942.479,96777,4,2,EPS,255,BROADCAST,0,HEARTBEAT,48,HEARTBEAT,0,0,0,0,0,0,0x1000BFC0
1777196943.493,97791,4,2,EPS,255,BROADCAST,0,HEARTBEAT,48,HEARTBEAT,0,0,0,0,0,0,0x1000BFC0
1777196944.508,98805,4,2,EPS,255,BROADCAST,0,HEARTBEAT,48,HEARTBEAT,0,0,0,0,0,0,0x1000BFC0
1777196945.521,99819,4,2,EPS,255,BROADCAST,0,HEARTBEAT,48,HEARTBEAT,0,0,0,0,0,0,0x1000BFC0
1777196945.728,100021,4,2,EPS,1,CDH,3,CMD_RESP,82,CMD_RESP_0x52,0,0,0,0,0,0,0x10008043
1777196946.552,100834,4,2,EPS,255,BROADCAST,0,HEARTBEAT,48,HEARTBEAT,0,0,0,0,0,0,0x1000BFC0
1777196947.571,101848,4,2,EPS,255,BROADCAST,0,HEARTBEAT,48,HEARTBEAT,0,0,0,0,0,0,0x1000BFC0
1777196953.213,4493,4,2,EPS,255,BROADCAST,0,HEARTBEAT,48,HEARTBEAT,0,0,0,0,0,0,0x1000BFC0
1777196953.565,5507,4,2,EPS,255,BROADCAST,0,HEARTBEAT,48,HEARTBEAT,0,0,0,0,0,0,0x1000BFC0
1777196954.572,6521,4,2,EPS,255,BROADCAST,0,HEARTBEAT,48,HEARTBEAT,0,0,0,0,0,0,0x1000BFC0
1777196955.589,7535,4,2,EPS,255,BROADCAST,0,HEARTBEAT,48,HEARTBEAT,0,0,0,0,0,0,0x1000BFC0
1777196956.611,8550,4,2,EPS,255,BROADCAST,0,HEARTBEAT,48,HEARTBEAT,0,0,0,0,0,0,0x1000BFC0
1777196957.622,9564,4,2,EPS,255,BROADCAST,0,HEARTBEAT,48,HEARTBEAT,0,0,0,0,0,0,0x1000BFC0
1777196958.634,10578,4,2,EPS,255,BROADCAST,0,HEARTBEAT,48,HEARTBEAT,0,0,0,0,0,0,0x1000BFC0
1777196959.646,11592,4,2,EPS,255,BROADCAST,0,HEARTBEAT,48,HEARTBEAT,0,0,0,0,0,0,0x1000BFC0
1777196960.671,12606,4,2,EPS,255,BROADCAST,0,HEARTBEAT,48,HEARTBEAT,0,0,0,0,0,0,0x1000BFC0
1777196961.694,13620,4,2,EPS,255,BROADCAST,0,HEARTBEAT,48,HEARTBEAT,0,0,0,0,0,0,0x1000BFC0
1777196962.721,14634,4,2,EPS,255,BROADCAST,0,HEARTBEAT,48,HEARTBEAT,0,0,0,0,0,0,0x1000BFC0
1777196963.749,15648,4,2,EPS,255,BROADCAST,0,HEARTBEAT,48,HEARTBEAT,0,0,0,0,0,0,0x1000BFC0
1777196964.716,16662,4,2,EPS,255,BROADCAST,0,HEARTBEAT,48,HEARTBEAT,0,0,0,0,0,0,0x1000BFC0
1777196965.728,17676,4,2,EPS,255,BROADCAST,0,HEARTBEAT,48,HEARTBEAT,0,0,0,0,0,0,0x1000BFC0
1777196966.739,18690,4,2,EPS,255,BROADCAST,0,HEARTBEAT,48,HEARTBEAT,0,0,0,0,0,0,0x1000BFC0
1777196967.755,19704,4,2,EPS,255,BROADCAST,0,HEARTBEAT,48,HEARTBEAT,0,0,0,0,0,0,0x1000BFC0
1777196968.770,20718,4,2,EPS,255,BROADCAST,0,HEARTBEAT,48,HEARTBEAT,0,0,0,0,0,0,0x1000BFC0
1777196969.779,21732,4,2,EPS,255,BROADCAST,0,HEARTBEAT,48,HEARTBEAT,0,0,0,0,0,0,0x1000BFC0
1777196970.811,22746,4,2,EPS,255,BROADCAST,0,HEARTBEAT,48,HEARTBEAT,0,0,0,0,0,0,0x1000BFC0
1777196971.836,23760,4,2,EPS,255,BROADCAST,0,HEARTBEAT,48,HEARTBEAT,0,0,0,0,0,0,0x1000BFC0
1777196972.852,24774,4,2,EPS,255,BROADCAST,0,HEARTBEAT,48,HEARTBEAT,0,0,0,0,0,0,0x1000BFC0
1777196973.874,25788,4,2,EPS,255,BROADCAST,0,HEARTBEAT,48,HEARTBEAT,0,0,0,0,0,0,0x1000BFC0
1777196974.858,26802,4,2,EPS,255,BROADCAST,0,HEARTBEAT,48,HEARTBEAT,0,0,0,0,0,0,0x1000BFC0
1777196975.866,27816,4,2,EPS,255,BROADCAST,0,HEARTBEAT,48,HEARTBEAT,0,0,0,0,0,0,0x1000BFC0
1777196976.892,28830,4,2,EPS,255,BROADCAST,0,HEARTBEAT,48,HEARTBEAT,0,0,0,0,0,0,0x1000BFC0
1777196977.902,29844,4,2,EPS,255,BROADCAST,0,HEARTBEAT,48,HEARTBEAT,0,0,0,0,0,0,0x1000BFC0
1777196978.912,30858,4,2,EPS,255,BROADCAST,0,HEARTBEAT,48,HEARTBEAT,0,0,0,0,0,0,0x1000BFC0
1777196993.349,4493,4,2,EPS,255,BROADCAST,0,HEARTBEAT,48,HEARTBEAT,0,0,0,0,0,0,0x1000BFC0
1777196993.755,5507,4,2,EPS,255,BROADCAST,0,HEARTBEAT,48,HEARTBEAT,0,0,0,0,0,0,0x1000BFC0
1777196994.725,6521,4,2,EPS,255,BROADCAST,0,HEARTBEAT,48,HEARTBEAT,0,0,0,0,0,0,0x1000BFC0
1777196995.737,7536,4,2,EPS,255,BROADCAST,0,HEARTBEAT,48,HEARTBEAT,0,0,0,0,0,0,0x1000BFC0
1777196996.753,8550,4,2,EPS,255,BROADCAST,0,HEARTBEAT,48,HEARTBEAT,0,0,0,0,0,0,0x1000BFC0
1777196997.766,9564,4,2,EPS,255,BROADCAST,0,HEARTBEAT,48,HEARTBEAT,0,0,0,0,0,0,0x1000BFC0
1777196998.780,10578,4,2,EPS,255,BROADCAST,0,HEARTBEAT,48,HEARTBEAT,0,0,0,0,0,0,0x1000BFC0
1777196999.803,11592,4,2,EPS,255,BROADCAST,0,HEARTBEAT,48,HEARTBEAT,0,0,0,0,0,0,0x1000BFC0
1777197000.821,12607,4,2,EPS,255,BROADCAST,0,HEARTBEAT,48,HEARTBEAT,0,0,0,0,0,0,0x1000BFC0
1777197001.850,13621,4,2,EPS,255,BROADCAST,0,HEARTBEAT,48,HEARTBEAT,0,0,0,0,0,0,0x1000BFC0
1777197002.858,14635,4,2,EPS,255,BROADCAST,0,HEARTBEAT,48,HEARTBEAT,0,0,0,0,0,0,0x1000BFC0
1777197003.888,15649,4,2,EPS,255,BROADCAST,0,HEARTBEAT,48,HEARTBEAT,0,0,0,0,0,0,0x1000BFC0
1777197004.865,16663,4,2,EPS,255,BROADCAST,0,HEARTBEAT,48,HEARTBEAT,0,0,0,0,0,0,0x1000BFC0
1777197005.879,17677,4,2,EPS,255,BROADCAST,0,HEARTBEAT,48,HEARTBEAT,0,0,0,0,0,0,0x1000BFC0
1777197006.893,18691,4,2,EPS,255,BROADCAST,0,HEARTBEAT,48,HEARTBEAT,0,0,0,0,0,0,0x1000BFC0
1777197007.909,19705,4,2,EPS,255,BROADCAST,0,HEARTBEAT,48,HEARTBEAT,0,0,0,0,0,0,0x1000BFC0
1777197008.922,20719,4,2,EPS,255,BROADCAST,0,HEARTBEAT,48,HEARTBEAT,0,0,0,0,0,0,0x1000BFC0
1777197009.935,21733,4,2,EPS,255,BROADCAST,0,HEARTBEAT,48,HEARTBEAT,0,0,0,0,0,0,0x1000BFC0
1777197010.958,22747,4,2,EPS,255,BROADCAST,0,HEARTBEAT,48,HEARTBEAT,0,0,0,0,0,0,0x1000BFC0
1777197011.976,23761,4,2,EPS,255,BROADCAST,0,HEARTBEAT,48,HEARTBEAT,0,0,0,0,0,0,0x1000BFC0
1777197013.003,24775,4,2,EPS,255,BROADCAST,0,HEARTBEAT,48,HEARTBEAT,0,0,0,0,0,0,0x1000BFC0
1777197014.030,25790,4,2,EPS,255,BROADCAST,0,HEARTBEAT,48,HEARTBEAT,0,0,0,0,0,0,0x1000BFC0
1777197015.006,26804,4,2,EPS,255,BROADCAST,0,HEARTBEAT,48,HEARTBEAT,0,0,0,0,0,0,0x1000BFC0
1777197016.024,27818,4,2,EPS,255,BROADCAST,0,HEARTBEAT,48,HEARTBEAT,0,0,0,0,0,0,0x1000BFC0
1777197017.034,28832,4,2,EPS,255,BROADCAST,0,HEARTBEAT,48,HEARTBEAT,0,0,0,0,0,0,0x1000BFC0
1777197018.049,29846,4,2,EPS,255,BROADCAST,0,HEARTBEAT,48,HEARTBEAT,0,0,0,0,0,0,0x1000BFC0
1777197019.063,30860,4,2,EPS,255,BROADCAST,0,HEARTBEAT,48,HEARTBEAT,0,0,0,0,0,0,0x1000BFC0
1777197020.077,31874,4,2,EPS,255,BROADCAST,0,HEARTBEAT,48,HEARTBEAT,0,0,0,0,0,0,0x1000BFC0
1777197021.093,32889,4,2,EPS,255,BROADCAST,0,HEARTBEAT,48,HEARTBEAT,0,0,0,0,0,0,0x1000BFC0
1777197022.118,33903,4,2,EPS,255,BROADCAST,0,HEARTBEAT,48,HEARTBEAT,0,0,0,0,0,0,0x1000BFC0
1777197023.145,34917,4,2,EPS,255,BROADCAST,0,HEARTBEAT,48,HEARTBEAT,0,0,0,0,0,0,0x1000BFC0
1777197024.167,35931,4,2,EPS,255,BROADCAST,0,HEARTBEAT,48,HEARTBEAT,0,0,0,0,0,0,0x1000BFC0
1777197025.211,36946,4,2,EPS,255,BROADCAST,0,HEARTBEAT,48,HEARTBEAT,0,0,0,0,0,0,0x1000BFC0
1777197026.162,37960,4,2,EPS,255,BROADCAST,0,HEARTBEAT,48,HEARTBEAT,0,0,0,0,0,0,0x1000BFC0
1777197027.177,38974,4,2,EPS,255,BROADCAST,0,HEARTBEAT,48,HEARTBEAT,0,0,0,0,0,0,0x1000BFC0
1777197028.191,39988,4,2,EPS,255,BROADCAST,0,HEARTBEAT,48,HEARTBEAT,0,0,0,0,0,0,0x1000BFC0
1777197029.205,41002,4,2,EPS,255,BROADCAST,0,HEARTBEAT,48,HEARTBEAT,0,0,0,0,0,0,0x1000BFC0
1777197030.222,42016,4,2,EPS,255,BROADCAST,0,HEARTBEAT,48,HEARTBEAT,0,0,0,0,0,0,0x1000BFC0
1777197031.233,43031,4,2,EPS,255,BROADCAST,0,HEARTBEAT,48,HEARTBEAT,0,0,0,0,0,0,0x1000BFC0
1777197032.256,44045,4,2,EPS,255,BROADCAST,0,HEARTBEAT,48,HEARTBEAT,0,0,0,0,0,0,0x1000BFC0
1777197033.271,45059,4,2,EPS,255,BROADCAST,0,HEARTBEAT,48,HEARTBEAT,0,0,0,0,0,0,0x1000BFC0
1777197034.304,46073,4,2,EPS,255,BROADCAST,0,HEARTBEAT,48,HEARTBEAT,0,0,0,0,0,0,0x1000BFC0
1777197035.331,47087,4,2,EPS,255,BROADCAST,0,HEARTBEAT,48,HEARTBEAT,0,0,0,0,0,0,0x1000BFC0
1777197036.304,48102,4,2,EPS,255,BROADCAST,0,HEARTBEAT,48,HEARTBEAT,0,0,0,0,0,0,0x1000BFC0
1777197037.318,49116,4,2,EPS,255,BROADCAST,0,HEARTBEAT,48,HEARTBEAT,0,0,0,0,0,0,0x1000BFC0
1777197038.332,50130,4,2,EPS,255,BROADCAST,0,HEARTBEAT,48,HEARTBEAT,0,0,0,0,0,0,0x1000BFC0
1777197039.350,51144,4,2,EPS,255,BROADCAST,0,HEARTBEAT,48,HEARTBEAT,0,0,0,0,0,0,0x1000BFC0
1777197040.368,52158,4,2,EPS,255,BROADCAST,0,HEARTBEAT,48,HEARTBEAT,0,0,0,0,0,0,0x1000BFC0
1777197041.375,53172,4,2,EPS,255,BROADCAST,0,HEARTBEAT,48,HEARTBEAT,0,0,0,0,0,0,0x1000BFC0
1777197042.390,54186,4,2,EPS,255,BROADCAST,0,HEARTBEAT,48,HEARTBEAT,0,0,0,0,0,0,0x1000BFC0
1777197043.416,55200,4,2,EPS,255,BROADCAST,0,HEARTBEAT,48,HEARTBEAT,0,0,0,0,0,0,0x1000BFC0
1777197044.438,56214,4,2,EPS,255,BROADCAST,0,HEARTBEAT,48,HEARTBEAT,0,0,0,0,0,0,0x1000BFC0
1777197045.454,57229,4,2,EPS,255,BROADCAST,0,HEARTBEAT,48,HEARTBEAT,0,0,0,0,0,0,0x1000BFC0
1777197046.490,58243,4,2,EPS,255,BROADCAST,0,HEARTBEAT,48,HEARTBEAT,0,0,0,0,0,0,0x1000BFC0
1777197047.460,59257,4,2,EPS,255,BROADCAST,0,HEARTBEAT,48,HEARTBEAT,0,0,0,0,0,0,0x1000BFC0
1777197048.474,60271,4,2,EPS,255,BROADCAST,0,HEARTBEAT,48,HEARTBEAT,0,0,0,0,0,0,0x1000BFC0
1777197049.488,61285,4,2,EPS,255,BROADCAST,0,HEARTBEAT,48,HEARTBEAT,0,0,0,0,0,0,0x1000BFC0
1777197050.503,62300,4,2,EPS,255,BROADCAST,0,HEARTBEAT,48,HEARTBEAT,0,0,0,0,0,0,0x1000BFC0
1777197051.517,63314,4,2,EPS,255,BROADCAST,0,HEARTBEAT,48,HEARTBEAT,0,0,0,0,0,0,0x1000BFC0
1777197052.531,64328,4,2,EPS,255,BROADCAST,0,HEARTBEAT,48,HEARTBEAT,0,0,0,0,0,0,0x1000BFC0
1777197053.554,65343,4,2,EPS,255,BROADCAST,0,HEARTBEAT,48,HEARTBEAT,0,0,0,0,0,0,0x1000BFC0
1777197054.578,66357,4,2,EPS,255,BROADCAST,0,HEARTBEAT,48,HEARTBEAT,0,0,0,0,0,0,0x1000BFC0
1777197055.605,67371,4,2,EPS,255,BROADCAST,0,HEARTBEAT,48,HEARTBEAT,0,0,0,0,0,0,0x1000BFC0
1777197056.627,68386,4,2,EPS,255,BROADCAST,0,HEARTBEAT,48,HEARTBEAT,0,0,0,0,0,0,0x1000BFC0
1777197057.604,69400,4,2,EPS,255,BROADCAST,0,HEARTBEAT,48,HEARTBEAT,0,0,0,0,0,0,0x1000BFC0
1777197058.617,70414,4,2,EPS,255,BROADCAST,0,HEARTBEAT,48,HEARTBEAT,0,0,0,0,0,0,0x1000BFC0
1777197059.636,71428,4,2,EPS,255,BROADCAST,0,HEARTBEAT,48,HEARTBEAT,0,0,0,0,0,0,0x1000BFC0
1777197060.645,72443,4,2,EPS,255,BROADCAST,0,HEARTBEAT,48,HEARTBEAT,0,0,0,0,0,0,0x1000BFC0
1777197061.660,73457,4,2,EPS,255,BROADCAST,0,HEARTBEAT,48,HEARTBEAT,0,0,0,0,0,0,0x1000BFC0
1777197062.675,74471,4,2,EPS,255,BROADCAST,0,HEARTBEAT,48,HEARTBEAT,0,0,0,0,0,0,0x1000BFC0
1777197063.688,75485,4,2,EPS,255,BROADCAST,0,HEARTBEAT,48,HEARTBEAT,0,0,0,0,0,0,0x1000BFC0
1777197064.717,76500,4,2,EPS,255,BROADCAST,0,HEARTBEAT,48,HEARTBEAT,0,0,0,0,0,0,0x1000BFC0
1777197065.750,77514,4,2,EPS,255,BROADCAST,0,HEARTBEAT,48,HEARTBEAT,0,0,0,0,0,0,0x1000BFC0
1777197066.769,78528,4,2,EPS,255,BROADCAST,0,HEARTBEAT,48,HEARTBEAT,0,0,0,0,0,0,0x1000BFC0
1777197067.789,79543,4,2,EPS,255,BROADCAST,0,HEARTBEAT,48,HEARTBEAT,0,0,0,0,0,0,0x1000BFC0
1777197068.760,80557,4,2,EPS,255,BROADCAST,0,HEARTBEAT,48,HEARTBEAT,0,0,0,0,0,0,0x1000BFC0
1777197069.775,81571,4,2,EPS,255,BROADCAST,0,HEARTBEAT,48,HEARTBEAT,0,0,0,0,0,0,0x1000BFC0
1777197070.789,82586,4,2,EPS,255,BROADCAST,0,HEARTBEAT,48,HEARTBEAT,0,0,0,0,0,0,0x1000BFC0
1777197071.803,83600,4,2,EPS,255,BROADCAST,0,HEARTBEAT,48,HEARTBEAT,0,0,0,0,0,0,0x1000BFC0
1777197072.818,84614,4,2,EPS,255,BROADCAST,0,HEARTBEAT,48,HEARTBEAT,0,0,0,0,0,0,0x1000BFC0
1777197073.832,85628,4,2,EPS,255,BROADCAST,0,HEARTBEAT,48,HEARTBEAT,0,0,0,0,0,0,0x1000BFC0
1777197074.854,86643,4,2,EPS,255,BROADCAST,0,HEARTBEAT,48,HEARTBEAT,0,0,0,0,0,0,0x1000BFC0
1777197075.878,87657,4,2,EPS,255,BROADCAST,0,HEARTBEAT,48,HEARTBEAT,0,0,0,0,0,0,0x1000BFC0
1777197076.902,88671,4,2,EPS,255,BROADCAST,0,HEARTBEAT,48,HEARTBEAT,0,0,0,0,0,0,0x1000BFC0
1777197077.920,89686,4,2,EPS,255,BROADCAST,0,HEARTBEAT,48,HEARTBEAT,0,0,0,0,0,0,0x1000BFC0
1777197078.903,90700,4,2,EPS,255,BROADCAST,0,HEARTBEAT,48,HEARTBEAT,0,0,0,0,0,0,0x1000BFC0
1777197079.917,91714,4,2,EPS,255,BROADCAST,0,HEARTBEAT,48,HEARTBEAT,0,0,0,0,0,0,0x1000BFC0
1777197080.932,92728,4,2,EPS,255,BROADCAST,0,HEARTBEAT,48,HEARTBEAT,0,0,0,0,0,0,0x1000BFC0
1777197081.946,93743,4,2,EPS,255,BROADCAST,0,HEARTBEAT,48,HEARTBEAT,0,0,0,0,0,0,0x1000BFC0
1777197082.961,94757,4,2,EPS,255,BROADCAST,0,HEARTBEAT,48,HEARTBEAT,0,0,0,0,0,0,0x1000BFC0
1777197083.977,95771,4,2,EPS,255,BROADCAST,0,HEARTBEAT,48,HEARTBEAT,0,0,0,0,0,0,0x1000BFC0
1777197084.990,96785,4,2,EPS,255,BROADCAST,0,HEARTBEAT,48,HEARTBEAT,0,0,0,0,0,0,0x1000BFC0
1777197086.017,97800,4,2,EPS,255,BROADCAST,0,HEARTBEAT,48,HEARTBEAT,0,0,0,0,0,0,0x1000BFC0
1777197087.043,98814,4,2,EPS,255,BROADCAST,0,HEARTBEAT,48,HEARTBEAT,0,0,0,0,0,0,0x1000BFC0
1777197088.065,99828,4,2,EPS,255,BROADCAST,0,HEARTBEAT,48,HEARTBEAT,0,0,0,0,0,0,0x1000BFC0
1777197089.082,100843,4,2,EPS,255,BROADCAST,0,HEARTBEAT,48,HEARTBEAT,0,0,0,0,0,0,0x1000BFC0
1777197090.062,101857,4,2,EPS,255,BROADCAST,0,HEARTBEAT,48,HEARTBEAT,0,0,0,0,0,0,0x1000BFC0
1777197091.075,102871,4,2,EPS,255,BROADCAST,0,HEARTBEAT,48,HEARTBEAT,0,0,0,0,0,0,0x1000BFC0
1777197092.090,103886,4,2,EPS,255,BROADCAST,0,HEARTBEAT,48,HEARTBEAT,0,0,0,0,0,0,0x1000BFC0
1777197093.104,104900,4,2,EPS,255,BROADCAST,0,HEARTBEAT,48,HEARTBEAT,0,0,0,0,0,0,0x1000BFC0
1777197094.117,105914,4,2,EPS,255,BROADCAST,0,HEARTBEAT,48,HEARTBEAT,0,0,0,0,0,0,0x1000BFC0
1777197095.132,106928,4,2,EPS,255,BROADCAST,0,HEARTBEAT,48,HEARTBEAT,0,0,0,0,0,0,0x1000BFC0
1777197096.161,107943,4,2,EPS,255,BROADCAST,0,HEARTBEAT,48,HEARTBEAT,0,0,0,0,0,0,0x1000BFC0
1777197097.181,108957,4,2,EPS,255,BROADCAST,0,HEARTBEAT,48,HEARTBEAT,0,0,0,0,0,0,0x1000BFC0
1777197098.200,109971,4,2,EPS,255,BROADCAST,0,HEARTBEAT,48,HEARTBEAT,0,0,0,0,0,0,0x1000BFC0
1777197099.228,110985,4,2,EPS,255,BROADCAST,0,HEARTBEAT,48,HEARTBEAT,0,0,0,0,0,0,0x1000BFC0
1777197100.203,112000,4,2,EPS,255,BROADCAST,0,HEARTBEAT,48,HEARTBEAT,0,0,0,0,0,0,0x1000BFC0
1777197101.217,113014,4,2,EPS,255,BROADCAST,0,HEARTBEAT,48,HEARTBEAT,0,0,0,0,0,0,0x1000BFC0
1777197102.232,114028,4,2,EPS,255,BROADCAST,0,HEARTBEAT,48,HEARTBEAT,0,0,0,0,0,0,0x1000BFC0
1777197103.245,115042,4,2,EPS,255,BROADCAST,0,HEARTBEAT,48,HEARTBEAT,0,0,0,0,0,0,0x1000BFC0
1777197104.260,116056,4,2,EPS,255,BROADCAST,0,HEARTBEAT,48,HEARTBEAT,0,0,0,0,0,0,0x1000BFC0
1777197105.274,117070,4,2,EPS,255,BROADCAST,0,HEARTBEAT,48,HEARTBEAT,0,0,0,0,0,0,0x1000BFC0
1777197106.293,118085,4,2,EPS,255,BROADCAST,0,HEARTBEAT,48,HEARTBEAT,0,0,0,0,0,0,0x1000BFC0
1777197107.317,119099,4,2,EPS,255,BROADCAST,0,HEARTBEAT,48,HEARTBEAT,0,0,0,0,0,0,0x1000BFC0
1777197108.339,120113,4,2,EPS,255,BROADCAST,0,HEARTBEAT,48,HEARTBEAT,0,0,0,0,0,0,0x1000BFC0
1777197109.365,121127,4,2,EPS,255,BROADCAST,0,HEARTBEAT,48,HEARTBEAT,0,0,0,0,0,0,0x1000BFC0
1777197110.391,122142,4,2,EPS,255,BROADCAST,0,HEARTBEAT,48,HEARTBEAT,0,0,0,0,0,0,0x1000BFC0
1777197111.360,123156,4,2,EPS,255,BROADCAST,0,HEARTBEAT,48,HEARTBEAT,0,0,0,0,0,0,0x1000BFC0
1777197112.368,124170,4,2,EPS,255,BROADCAST,0,HEARTBEAT,48,HEARTBEAT,0,0,0,0,0,0,0x1000BFC0
1777197113.388,125184,4,2,EPS,255,BROADCAST,0,HEARTBEAT,48,HEARTBEAT,0,0,0,0,0,0,0x1000BFC0
1777197114.402,126199,4,2,EPS,255,BROADCAST,0,HEARTBEAT,48,HEARTBEAT,0,0,0,0,0,0,0x1000BFC0
1777197115.417,127213,4,2,EPS,255,BROADCAST,0,HEARTBEAT,48,HEARTBEAT,0,0,0,0,0,0,0x1000BFC0
1777197116.431,128227,4,2,EPS,255,BROADCAST,0,HEARTBEAT,48,HEARTBEAT,0,0,0,0,0,0,0x1000BFC0
1777197117.455,129241,4,2,EPS,255,BROADCAST,0,HEARTBEAT,48,HEARTBEAT,0,0,0,0,0,0,0x1000BFC0
1777197118.470,130256,4,2,EPS,255,BROADCAST,0,HEARTBEAT,48,HEARTBEAT,0,0,0,0,0,0,0x1000BFC0
1777197119.502,131270,4,2,EPS,255,BROADCAST,0,HEARTBEAT,48,HEARTBEAT,0,0,0,0,0,0,0x1000BFC0
1777197120.528,132284,4,2,EPS,255,BROADCAST,0,HEARTBEAT,48,HEARTBEAT,0,0,0,0,0,0,0x1000BFC0
1777197121.502,133298,4,2,EPS,255,BROADCAST,0,HEARTBEAT,48,HEARTBEAT,0,0,0,0,0,0,0x1000BFC0
1777197122.518,134313,4,2,EPS,255,BROADCAST,0,HEARTBEAT,48,HEARTBEAT,0,0,0,0,0,0,0x1000BFC0
1777197123.533,135327,4,2,EPS,255,BROADCAST,0,HEARTBEAT,48,HEARTBEAT,0,0,0,0,0,0,0x1000BFC0
1777197124.546,136341,4,2,EPS,255,BROADCAST,0,HEARTBEAT,48,HEARTBEAT,0,0,0,0,0,0,0x1000BFC0
1777197125.559,137355,4,2,EPS,255,BROADCAST,0,HEARTBEAT,48,HEARTBEAT,0,0,0,0,0,0,0x1000BFC0
1777197126.574,138370,4,2,EPS,255,BROADCAST,0,HEARTBEAT,48,HEARTBEAT,0,0,0,0,0,0,0x1000BFC0
1777197127.603,139384,4,2,EPS,255,BROADCAST,0,HEARTBEAT,48,HEARTBEAT,0,0,0,0,0,0,0x1000BFC0
1777197128.614,140398,4,2,EPS,255,BROADCAST,0,HEARTBEAT,48,HEARTBEAT,0,0,0,0,0,0,0x1000BFC0
1777197129.641,141413,4,2,EPS,255,BROADCAST,0,HEARTBEAT,48,HEARTBEAT,0,0,0,0,0,0,0x1000BFC0
1777197130.666,142427,4,2,EPS,255,BROADCAST,0,HEARTBEAT,48,HEARTBEAT,0,0,0,0,0,0,0x1000BFC0
1777197131.644,143441,4,2,EPS,255,BROADCAST,0,HEARTBEAT,48,HEARTBEAT,0,0,0,0,0,0,0x1000BFC0
1777197132.660,144456,4,2,EPS,255,BROADCAST,0,HEARTBEAT,48,HEARTBEAT,0,0,0,0,0,0,0x1000BFC0
1777197133.674,145470,4,2,EPS,255,BROADCAST,0,HEARTBEAT,48,HEARTBEAT,0,0,0,0,0,0,0x1000BFC0
1777197134.688,146484,4,2,EPS,255,BROADCAST,0,HEARTBEAT,48,HEARTBEAT,0,0,0,0,0,0,0x1000BFC0
1777197135.703,147498,4,2,EPS,255,BROADCAST,0,HEARTBEAT,48,HEARTBEAT,0,0,0,0,0,0,0x1000BFC0
1777197136.717,148513,4,2,EPS,255,BROADCAST,0,HEARTBEAT,48,HEARTBEAT,0,0,0,0,0,0,0x1000BFC0
1777197137.738,149527,4,2,EPS,255,BROADCAST,0,HEARTBEAT,48,HEARTBEAT,0,0,0,0,0,0,0x1000BFC0
1777197138.746,150541,4,2,EPS,255,BROADCAST,0,HEARTBEAT,48,HEARTBEAT,0,0,0,0,0,0,0x1000BFC0
1777197139.778,151555,4,2,EPS,255,BROADCAST,0,HEARTBEAT,48,HEARTBEAT,0,0,0,0,0,0,0x1000BFC0
1777197140.801,152570,4,2,EPS,255,BROADCAST,0,HEARTBEAT,48,HEARTBEAT,0,0,0,0,0,0,0x1000BFC0
1777197141.827,153584,4,2,EPS,255,BROADCAST,0,HEARTBEAT,48,HEARTBEAT,0,0,0,0,0,0,0x1000BFC0
1777197142.802,154598,4,2,EPS,255,BROADCAST,0,HEARTBEAT,48,HEARTBEAT,0,0,0,0,0,0,0x1000BFC0
1777197143.816,155612,4,2,EPS,255,BROADCAST,0,HEARTBEAT,48,HEARTBEAT,0,0,0,0,0,0,0x1000BFC0
1777197144.831,156627,4,2,EPS,255,BROADCAST,0,HEARTBEAT,48,HEARTBEAT,0,0,0,0,0,0,0x1000BFC0
1777197145.846,157641,4,2,EPS,255,BROADCAST,0,HEARTBEAT,48,HEARTBEAT,0,0,0,0,0,0,0x1000BFC0
1777197146.860,158655,4,2,EPS,255,BROADCAST,0,HEARTBEAT,48,HEARTBEAT,0,0,0,0,0,0,0x1000BFC0
1777197147.877,159669,4,2,EPS,255,BROADCAST,0,HEARTBEAT,48,HEARTBEAT,0,0,0,0,0,0,0x1000BFC0
1777197148.889,160684,4,2,EPS,255,BROADCAST,0,HEARTBEAT,48,HEARTBEAT,0,0,0,0,0,0,0x1000BFC0
1777197149.912,161698,4,2,EPS,255,BROADCAST,0,HEARTBEAT,48,HEARTBEAT,0,0,0,0,0,0,0x1000BFC0
1777197150.927,162712,4,2,EPS,255,BROADCAST,0,HEARTBEAT,48,HEARTBEAT,0,0,0,0,0,0,0x1000BFC0
1777197151.958,163727,4,2,EPS,255,BROADCAST,0,HEARTBEAT,48,HEARTBEAT,0,0,0,0,0,0,0x1000BFC0
1777197152.988,164741,4,2,EPS,255,BROADCAST,0,HEARTBEAT,48,HEARTBEAT,0,0,0,0,0,0,0x1000BFC0
1777197153.960,165755,4,2,EPS,255,BROADCAST,0,HEARTBEAT,48,HEARTBEAT,0,0,0,0,0,0,0x1000BFC0
1777197154.974,166770,4,2,EPS,255,BROADCAST,0,HEARTBEAT,48,HEARTBEAT,0,0,0,0,0,0,0x1000BFC0
1777197155.988,167784,4,2,EPS,255,BROADCAST,0,HEARTBEAT,48,HEARTBEAT,0,0,0,0,0,0,0x1000BFC0
1777197160.554,172325,4,2,EPS,255,BROADCAST,0,HEARTBEAT,48,HEARTBEAT,0,0,0,0,0,0,0x1000BFC0
1777197161.580,173354,4,2,EPS,255,BROADCAST,0,HEARTBEAT,48,HEARTBEAT,0,0,0,0,0,0,0x1000BFC0
1777197170.342,4493,4,2,EPS,255,BROADCAST,0,HEARTBEAT,48,HEARTBEAT,0,0,0,0,0,0,0x1000BFC0
1777197171.355,5508,4,2,EPS,255,BROADCAST,0,HEARTBEAT,48,HEARTBEAT,0,0,0,0,0,0,0x1000BFC0
1777197172.372,6522,4,2,EPS,255,BROADCAST,0,HEARTBEAT,48,HEARTBEAT,0,0,0,0,0,0,0x1000BFC0
1777197173.385,7537,4,2,EPS,255,BROADCAST,0,HEARTBEAT,48,HEARTBEAT,0,0,0,0,0,0,0x1000BFC0
1777197174.399,8551,4,2,EPS,255,BROADCAST,0,HEARTBEAT,48,HEARTBEAT,0,0,0,0,0,0,0x1000BFC0
1777197175.413,9565,4,2,EPS,255,BROADCAST,0,HEARTBEAT,48,HEARTBEAT,0,0,0,0,0,0,0x1000BFC0
1777197176.433,10580,4,2,EPS,255,BROADCAST,0,HEARTBEAT,48,HEARTBEAT,0,0,0,0,0,0,0x1000BFC0
1777197177.464,11594,4,2,EPS,255,BROADCAST,0,HEARTBEAT,48,HEARTBEAT,0,0,0,0,0,0,0x1000BFC0
1777197178.475,12608,4,2,EPS,255,BROADCAST,0,HEARTBEAT,48,HEARTBEAT,0,0,0,0,0,0,0x1000BFC0
1777197179.509,13622,4,2,EPS,255,BROADCAST,0,HEARTBEAT,48,HEARTBEAT,0,0,0,0,0,0,0x1000BFC0
1777197180.485,14637,4,2,EPS,255,BROADCAST,0,HEARTBEAT,48,HEARTBEAT,0,0,0,0,0,0,0x1000BFC0
1777197181.499,15651,4,2,EPS,255,BROADCAST,0,HEARTBEAT,48,HEARTBEAT,0,0,0,0,0,0,0x1000BFC0
1777197182.513,16665,4,2,EPS,255,BROADCAST,0,HEARTBEAT,48,HEARTBEAT,0,0,0,0,0,0,0x1000BFC0
1777197183.528,17679,4,2,EPS,255,BROADCAST,0,HEARTBEAT,48,HEARTBEAT,0,0,0,0,0,0,0x1000BFC0
1777197184.542,18694,4,2,EPS,255,BROADCAST,0,HEARTBEAT,48,HEARTBEAT,0,0,0,0,0,0,0x1000BFC0
1777197185.556,19708,4,2,EPS,255,BROADCAST,0,HEARTBEAT,48,HEARTBEAT,0,0,0,0,0,0,0x1000BFC0
1777197186.572,20722,4,2,EPS,255,BROADCAST,0,HEARTBEAT,48,HEARTBEAT,0,0,0,0,0,0,0x1000BFC0
1777197187.598,21736,4,2,EPS,255,BROADCAST,0,HEARTBEAT,48,HEARTBEAT,0,0,0,0,0,0,0x1000BFC0
1777197188.612,22751,4,2,EPS,255,BROADCAST,0,HEARTBEAT,48,HEARTBEAT,0,0,0,0,0,0,0x1000BFC0
1777197189.651,23765,4,2,EPS,255,BROADCAST,0,HEARTBEAT,48,HEARTBEAT,0,0,0,0,0,0,0x1000BFC0
1777197190.627,24779,4,2,EPS,255,BROADCAST,0,HEARTBEAT,48,HEARTBEAT,0,0,0,0,0,0,0x1000BFC0
1777197191.641,25793,4,2,EPS,255,BROADCAST,0,HEARTBEAT,48,HEARTBEAT,0,0,0,0,0,0,0x1000BFC0
1777197192.655,26807,4,2,EPS,255,BROADCAST,0,HEARTBEAT,48,HEARTBEAT,0,0,0,0,0,0,0x1000BFC0
1777197193.671,27821,4,2,EPS,255,BROADCAST,0,HEARTBEAT,48,HEARTBEAT,0,0,0,0,0,0,0x1000BFC0
1777197194.684,28836,4,2,EPS,255,BROADCAST,0,HEARTBEAT,48,HEARTBEAT,0,0,0,0,0,0,0x1000BFC0
1777197195.700,29850,4,2,EPS,255,BROADCAST,0,HEARTBEAT,48,HEARTBEAT,0,0,0,0,0,0,0x1000BFC0
1777197196.713,30864,4,2,EPS,255,BROADCAST,0,HEARTBEAT,48,HEARTBEAT,0,0,0,0,0,0,0x1000BFC0
1777197197.736,31878,4,2,EPS,255,BROADCAST,0,HEARTBEAT,48,HEARTBEAT,0,0,0,0,0,0,0x1000BFC0
1777197198.762,32893,4,2,EPS,255,BROADCAST,0,HEARTBEAT,48,HEARTBEAT,0,0,0,0,0,0,0x1000BFC0
1777197199.786,33907,4,2,EPS,255,BROADCAST,0,HEARTBEAT,48,HEARTBEAT,0,0,0,0,0,0,0x1000BFC0
1777197200.802,34921,4,2,EPS,255,BROADCAST,0,HEARTBEAT,48,HEARTBEAT,0,0,0,0,0,0,0x1000BFC0
1777197201.786,35935,4,2,EPS,255,BROADCAST,0,HEARTBEAT,48,HEARTBEAT,0,0,0,0,0,0,0x1000BFC0
1777197202.798,36950,4,2,EPS,255,BROADCAST,0,HEARTBEAT,48,HEARTBEAT,0,0,0,0,0,0,0x1000BFC0
1777197203.812,37964,4,2,EPS,255,BROADCAST,0,HEARTBEAT,48,HEARTBEAT,0,0,0,0,0,0,0x1000BFC0
1777197204.827,38978,4,2,EPS,255,BROADCAST,0,HEARTBEAT,48,HEARTBEAT,0,0,0,0,0,0,0x1000BFC0
1777197205.841,39992,4,2,EPS,255,BROADCAST,0,HEARTBEAT,48,HEARTBEAT,0,0,0,0,0,0,0x1000BFC0
1777197206.855,41007,4,2,EPS,255,BROADCAST,0,HEARTBEAT,48,HEARTBEAT,0,0,0,0,0,0,0x1000BFC0
1777197207.876,42021,4,2,EPS,255,BROADCAST,0,HEARTBEAT,48,HEARTBEAT,0,0,0,0,0,0,0x1000BFC0
1777197208.891,43035,4,2,EPS,255,BROADCAST,0,HEARTBEAT,48,HEARTBEAT,0,0,0,0,0,0,0x1000BFC0
1777197209.920,44049,4,2,EPS,255,BROADCAST,0,HEARTBEAT,48,HEARTBEAT,0,0,0,0,0,0,0x1000BFC0
1777197210.948,45064,4,2,EPS,255,BROADCAST,0,HEARTBEAT,48,HEARTBEAT,0,0,0,0,0,0,0x1000BFC0
1777197211.926,46078,4,2,EPS,255,BROADCAST,0,HEARTBEAT,48,HEARTBEAT,0,0,0,0,0,0,0x1000BFC0
1777197212.941,47092,4,2,EPS,255,BROADCAST,0,HEARTBEAT,48,HEARTBEAT,0,0,0,0,0,0,0x1000BFC0
1777197213.955,48107,4,2,EPS,255,BROADCAST,0,HEARTBEAT,48,HEARTBEAT,0,0,0,0,0,0,0x1000BFC0
1777197214.969,49121,4,2,EPS,255,BROADCAST,0,HEARTBEAT,48,HEARTBEAT,0,0,0,0,0,0,0x1000BFC0
1777197215.984,50135,4,2,EPS,255,BROADCAST,0,HEARTBEAT,48,HEARTBEAT,0,0,0,0,0,0,0x1000BFC0
1777197216.998,51149,4,2,EPS,255,BROADCAST,0,HEARTBEAT,48,HEARTBEAT,0,0,0,0,0,0,0x1000BFC0
1777197218.016,52164,4,2,EPS,255,BROADCAST,0,HEARTBEAT,48,HEARTBEAT,0,0,0,0,0,0,0x1000BFC0
1777197219.031,53178,4,2,EPS,255,BROADCAST,0,HEARTBEAT,48,HEARTBEAT,0,0,0,0,0,0,0x1000BFC0
1777197220.076,54192,4,2,EPS,255,BROADCAST,0,HEARTBEAT,48,HEARTBEAT,0,0,0,0,0,0,0x1000BFC0
1777197221.080,55207,4,2,EPS,255,BROADCAST,0,HEARTBEAT,48,HEARTBEAT,0,0,0,0,0,0,0x1000BFC0
1777197222.115,56221,4,2,EPS,255,BROADCAST,0,HEARTBEAT,48,HEARTBEAT,0,0,0,0,0,0,0x1000BFC0
1777197223.083,57235,4,2,EPS,255,BROADCAST,0,HEARTBEAT,48,HEARTBEAT,0,0,0,0,0,0,0x1000BFC0
1777197224.098,58249,4,2,EPS,255,BROADCAST,0,HEARTBEAT,48,HEARTBEAT,0,0,0,0,0,0,0x1000BFC0
1777197225.113,59264,4,2,EPS,255,BROADCAST,0,HEARTBEAT,48,HEARTBEAT,0,0,0,0,0,0,0x1000BFC0
1777197226.127,60278,4,2,EPS,255,BROADCAST,0,HEARTBEAT,48,HEARTBEAT,0,0,0,0,0,0,0x1000BFC0
1777197227.142,61292,4,2,EPS,255,BROADCAST,0,HEARTBEAT,48,HEARTBEAT,0,0,0,0,0,0,0x1000BFC0
1777197228.155,62306,4,2,EPS,255,BROADCAST,0,HEARTBEAT,48,HEARTBEAT,0,0,0,0,0,0,0x1000BFC0
1777197229.178,63321,4,2,EPS,255,BROADCAST,0,HEARTBEAT,48,HEARTBEAT,0,0,0,0,0,0,0x1000BFC0
1777197230.201,64335,4,2,EPS,255,BROADCAST,0,HEARTBEAT,48,HEARTBEAT,0,0,0,0,0,0,0x1000BFC0
1777197231.226,65349,4,2,EPS,255,BROADCAST,0,HEARTBEAT,48,HEARTBEAT,0,0,0,0,0,0,0x1000BFC0
1777197232.248,66363,4,2,EPS,255,BROADCAST,0,HEARTBEAT,48,HEARTBEAT,0,0,0,0,0,0,0x1000BFC0
1777197233.227,67378,4,2,EPS,255,BROADCAST,0,HEARTBEAT,48,HEARTBEAT,0,0,0,0,0,0,0x1000BFC0
1777197234.240,68392,4,2,EPS,255,BROADCAST,0,HEARTBEAT,48,HEARTBEAT,0,0,0,0,0,0,0x1000BFC0
1777197235.255,69406,4,2,EPS,255,BROADCAST,0,HEARTBEAT,48,HEARTBEAT,0,0,0,0,0,0,0x1000BFC0
1777197236.272,70420,4,2,EPS,255,BROADCAST,0,HEARTBEAT,48,HEARTBEAT,0,0,0,0,0,0,0x1000BFC0
1777197237.283,71435,4,2,EPS,255,BROADCAST,0,HEARTBEAT,48,HEARTBEAT,0,0,0,0,0,0,0x1000BFC0
1777197238.298,72449,4,2,EPS,255,BROADCAST,0,HEARTBEAT,48,HEARTBEAT,0,0,0,0,0,0,0x1000BFC0
1777197239.315,73463,4,2,EPS,255,BROADCAST,0,HEARTBEAT,48,HEARTBEAT,0,0,0,0,0,0,0x1000BFC0
1777197240.340,74478,4,2,EPS,255,BROADCAST,0,HEARTBEAT,48,HEARTBEAT,0,0,0,0,0,0,0x1000BFC0
1777197241.362,75492,4,2,EPS,255,BROADCAST,0,HEARTBEAT,48,HEARTBEAT,0,0,0,0,0,0,0x1000BFC0
1777197242.387,76506,4,2,EPS,255,BROADCAST,0,HEARTBEAT,48,HEARTBEAT,0,0,0,0,0,0,0x1000BFC0
1777197243.404,77520,4,2,EPS,255,BROADCAST,0,HEARTBEAT,48,HEARTBEAT,0,0,0,0,0,0,0x1000BFC0
1777197244.386,78535,4,2,EPS,255,BROADCAST,0,HEARTBEAT,48,HEARTBEAT,0,0,0,0,0,0,0x1000BFC0
1777197245.398,79549,4,2,EPS,255,BROADCAST,0,HEARTBEAT,48,HEARTBEAT,0,0,0,0,0,0,0x1000BFC0
1777197246.412,80563,4,2,EPS,255,BROADCAST,0,HEARTBEAT,48,HEARTBEAT,0,0,0,0,0,0,0x1000BFC0
1777197247.427,81578,4,2,EPS,255,BROADCAST,0,HEARTBEAT,48,HEARTBEAT,0,0,0,0,0,0,0x1000BFC0
1777197248.449,82592,4,2,EPS,255,BROADCAST,0,HEARTBEAT,48,HEARTBEAT,0,0,0,0,0,0,0x1000BFC0
1777197249.468,83606,4,2,EPS,255,BROADCAST,0,HEARTBEAT,48,HEARTBEAT,0,0,0,0,0,0,0x1000BFC0
1777197250.477,84620,4,2,EPS,255,BROADCAST,0,HEARTBEAT,48,HEARTBEAT,0,0,0,0,0,0,0x1000BFC0
1777197251.501,85634,4,2,EPS,255,BROADCAST,0,HEARTBEAT,48,HEARTBEAT,0,0,0,0,0,0,0x1000BFC0
1777197252.519,86649,4,2,EPS,255,BROADCAST,0,HEARTBEAT,48,HEARTBEAT,0,0,0,0,0,0,0x1000BFC0
1777197253.553,87663,4,2,EPS,255,BROADCAST,0,HEARTBEAT,48,HEARTBEAT,0,0,0,0,0,0,0x1000BFC0
1777197254.526,88677,4,2,EPS,255,BROADCAST,0,HEARTBEAT,48,HEARTBEAT,0,0,0,0,0,0,0x1000BFC0
1777197255.540,89691,4,2,EPS,255,BROADCAST,0,HEARTBEAT,48,HEARTBEAT,0,0,0,0,0,0,0x1000BFC0
1777197256.555,90705,4,2,EPS,255,BROADCAST,0,HEARTBEAT,48,HEARTBEAT,0,0,0,0,0,0,0x1000BFC0
1777197257.569,91720,4,2,EPS,255,BROADCAST,0,HEARTBEAT,48,HEARTBEAT,0,0,0,0,0,0,0x1000BFC0
1777197258.584,92734,4,2,EPS,255,BROADCAST,0,HEARTBEAT,48,HEARTBEAT,0,0,0,0,0,0,0x1000BFC0
1777197259.598,93748,4,2,EPS,255,BROADCAST,0,HEARTBEAT,48,HEARTBEAT,0,0,0,0,0,0,0x1000BFC0
1777197260.614,94762,4,2,EPS,255,BROADCAST,0,HEARTBEAT,48,HEARTBEAT,0,0,0,0,0,0,0x1000BFC0
1777197261.635,95777,4,2,EPS,255,BROADCAST,0,HEARTBEAT,48,HEARTBEAT,0,0,0,0,0,0,0x1000BFC0
1777197262.661,96791,4,2,EPS,255,BROADCAST,0,HEARTBEAT,48,HEARTBEAT,0,0,0,0,0,0,0x1000BFC0
1777197263.688,97805,4,2,EPS,255,BROADCAST,0,HEARTBEAT,48,HEARTBEAT,0,0,0,0,0,0,0x1000BFC0
1777197264.711,98819,4,2,EPS,255,BROADCAST,0,HEARTBEAT,48,HEARTBEAT,0,0,0,0,0,0,0x1000BFC0
1777197265.684,99834,4,2,EPS,255,BROADCAST,0,HEARTBEAT,48,HEARTBEAT,0,0,0,0,0,0,0x1000BFC0
1777197266.698,100848,4,2,EPS,255,BROADCAST,0,HEARTBEAT,48,HEARTBEAT,0,0,0,0,0,0,0x1000BFC0
1777197267.714,101862,4,2,EPS,255,BROADCAST,0,HEARTBEAT,48,HEARTBEAT,0,0,0,0,0,0,0x1000BFC0
1777197268.726,102876,4,2,EPS,255,BROADCAST,0,HEARTBEAT,48,HEARTBEAT,0,0,0,0,0,0,0x1000BFC0
1777197269.743,103891,4,2,EPS,255,BROADCAST,0,HEARTBEAT,48,HEARTBEAT,0,0,0,0,0,0,0x1000BFC0
1777197270.754,104905,4,2,EPS,255,BROADCAST,0,HEARTBEAT,48,HEARTBEAT,0,0,0,0,0,0,0x1000BFC0
1777197271.778,105919,4,2,EPS,255,BROADCAST,0,HEARTBEAT,48,HEARTBEAT,0,0,0,0,0,0,0x1000BFC0
1777197272.800,106933,4,2,EPS,255,BROADCAST,0,HEARTBEAT,48,HEARTBEAT,0,0,0,0,0,0,0x1000BFC0
1777197273.821,107947,4,2,EPS,255,BROADCAST,0,HEARTBEAT,48,HEARTBEAT,0,0,0,0,0,0,0x1000BFC0
1777197274.848,108961,4,2,EPS,255,BROADCAST,0,HEARTBEAT,48,HEARTBEAT,0,0,0,0,0,0,0x1000BFC0
1777197275.826,109976,4,2,EPS,255,BROADCAST,0,HEARTBEAT,48,HEARTBEAT,0,0,0,0,0,0,0x1000BFC0
1777197276.840,110990,4,2,EPS,255,BROADCAST,0,HEARTBEAT,48,HEARTBEAT,0,0,0,0,0,0,0x1000BFC0
1777197277.854,112004,4,2,EPS,255,BROADCAST,0,HEARTBEAT,48,HEARTBEAT,0,0,0,0,0,0,0x1000BFC0
1777197278.868,113019,4,2,EPS,255,BROADCAST,0,HEARTBEAT,48,HEARTBEAT,0,0,0,0,0,0,0x1000BFC0
1777197279.883,114033,4,2,EPS,255,BROADCAST,0,HEARTBEAT,48,HEARTBEAT,0,0,0,0,0,0,0x1000BFC0
1777197280.896,115047,4,2,EPS,255,BROADCAST,0,HEARTBEAT,48,HEARTBEAT,0,0,0,0,0,0,0x1000BFC0
1777197281.910,116061,4,2,EPS,255,BROADCAST,0,HEARTBEAT,48,HEARTBEAT,0,0,0,0,0,0,0x1000BFC0
1777197282.933,117075,4,2,EPS,255,BROADCAST,0,HEARTBEAT,48,HEARTBEAT,0,0,0,0,0,0,0x1000BFC0
1777197283.962,118089,4,2,EPS,255,BROADCAST,0,HEARTBEAT,48,HEARTBEAT,0,0,0,0,0,0,0x1000BFC0
1777197284.985,119103,4,2,EPS,255,BROADCAST,0,HEARTBEAT,48,HEARTBEAT,0,0,0,0,0,0,0x1000BFC0
1777197286.011,120118,4,2,EPS,255,BROADCAST,0,HEARTBEAT,48,HEARTBEAT,0,0,0,0,0,0,0x1000BFC0
1777197286.982,121132,4,2,EPS,255,BROADCAST,0,HEARTBEAT,48,HEARTBEAT,0,0,0,0,0,0,0x1000BFC0
1777197287.996,122146,4,2,EPS,255,BROADCAST,0,HEARTBEAT,48,HEARTBEAT,0,0,0,0,0,0,0x1000BFC0
1777197289.010,123160,4,2,EPS,255,BROADCAST,0,HEARTBEAT,48,HEARTBEAT,0,0,0,0,0,0,0x1000BFC0
1777197290.024,124175,4,2,EPS,255,BROADCAST,0,HEARTBEAT,48,HEARTBEAT,0,0,0,0,0,0,0x1000BFC0
1777197291.038,125189,4,2,EPS,255,BROADCAST,0,HEARTBEAT,48,HEARTBEAT,0,0,0,0,0,0,0x1000BFC0
1777197292.053,126203,4,2,EPS,255,BROADCAST,0,HEARTBEAT,48,HEARTBEAT,0,0,0,0,0,0,0x1000BFC0
1777197293.072,127217,4,2,EPS,255,BROADCAST,0,HEARTBEAT,48,HEARTBEAT,0,0,0,0,0,0,0x1000BFC0
1777197294.097,128232,4,2,EPS,255,BROADCAST,0,HEARTBEAT,48,HEARTBEAT,0,0,0,0,0,0,0x1000BFC0
1777197295.122,129246,4,2,EPS,255,BROADCAST,0,HEARTBEAT,48,HEARTBEAT,0,0,0,0,0,0,0x1000BFC0
1777197296.149,130260,4,2,EPS,255,BROADCAST,0,HEARTBEAT,48,HEARTBEAT,0,0,0,0,0,0,0x1000BFC0
1777197297.125,131274,4,2,EPS,255,BROADCAST,0,HEARTBEAT,48,HEARTBEAT,0,0,0,0,0,0,0x1000BFC0
1777197298.139,132289,4,2,EPS,255,BROADCAST,0,HEARTBEAT,48,HEARTBEAT,0,0,0,0,0,0,0x1000BFC0
1777197299.153,133303,4,2,EPS,255,BROADCAST,0,HEARTBEAT,48,HEARTBEAT,0,0,0,0,0,0,0x1000BFC0
1777197300.167,134317,4,2,EPS,255,BROADCAST,0,HEARTBEAT,48,HEARTBEAT,0,0,0,0,0,0,0x1000BFC0
1777197301.181,135331,4,2,EPS,255,BROADCAST,0,HEARTBEAT,48,HEARTBEAT,0,0,0,0,0,0,0x1000BFC0
1777197302.195,136345,4,2,EPS,255,BROADCAST,0,HEARTBEAT,48,HEARTBEAT,0,0,0,0,0,0,0x1000BFC0
1777197303.214,137360,4,2,EPS,255,BROADCAST,0,HEARTBEAT,48,HEARTBEAT,0,0,0,0,0,0,0x1000BFC0
1777197304.238,138374,4,2,EPS,255,BROADCAST,0,HEARTBEAT,48,HEARTBEAT,0,0,0,0,0,0,0x1000BFC0
1777197305.261,139388,4,2,EPS,255,BROADCAST,0,HEARTBEAT,48,HEARTBEAT,0,0,0,0,0,0,0x1000BFC0
1777197306.287,140403,4,2,EPS,255,BROADCAST,0,HEARTBEAT,48,HEARTBEAT,0,0,0,0,0,0,0x1000BFC0
1777197307.279,141417,4,2,EPS,255,BROADCAST,0,HEARTBEAT,48,HEARTBEAT,0,0,0,0,0,0,0x1000BFC0
1777197308.284,142431,4,2,EPS,255,BROADCAST,0,HEARTBEAT,48,HEARTBEAT,0,0,0,0,0,0,0x1000BFC0
1777197309.296,143445,4,2,EPS,255,BROADCAST,0,HEARTBEAT,48,HEARTBEAT,0,0,0,0,0,0,0x1000BFC0
1777197310.310,144460,4,2,EPS,255,BROADCAST,0,HEARTBEAT,48,HEARTBEAT,0,0,0,0,0,0,0x1000BFC0
1777197311.335,145474,4,2,EPS,255,BROADCAST,0,HEARTBEAT,48,HEARTBEAT,0,0,0,0,0,0,0x1000BFC0
1777197312.350,146488,4,2,EPS,255,BROADCAST,0,HEARTBEAT,48,HEARTBEAT,0,0,0,0,0,0,0x1000BFC0
1777197313.353,147502,4,2,EPS,255,BROADCAST,0,HEARTBEAT,48,HEARTBEAT,0,0,0,0,0,0,0x1000BFC0
1777197314.374,148516,4,2,EPS,255,BROADCAST,0,HEARTBEAT,48,HEARTBEAT,0,0,0,0,0,0,0x1000BFC0
1777197315.397,149531,4,2,EPS,255,BROADCAST,0,HEARTBEAT,48,HEARTBEAT,0,0,0,0,0,0,0x1000BFC0
1777197316.432,150545,4,2,EPS,255,BROADCAST,0,HEARTBEAT,48,HEARTBEAT,0,0,0,0,0,0,0x1000BFC0
1777197317.449,151559,4,2,EPS,255,BROADCAST,0,HEARTBEAT,48,HEARTBEAT,0,0,0,0,0,0,0x1000BFC0
1777197318.426,152573,4,2,EPS,255,BROADCAST,0,HEARTBEAT,48,HEARTBEAT,0,0,0,0,0,0,0x1000BFC0
1777197319.438,153587,4,2,EPS,255,BROADCAST,0,HEARTBEAT,48,HEARTBEAT,0,0,0,0,0,0,0x1000BFC0
1777197320.466,154602,4,2,EPS,255,BROADCAST,0,HEARTBEAT,48,HEARTBEAT,0,0,0,0,0,0,0x1000BFC0
1777197321.466,155616,4,2,EPS,255,BROADCAST,0,HEARTBEAT,48,HEARTBEAT,0,0,0,0,0,0,0x1000BFC0
1777197322.480,156630,4,2,EPS,255,BROADCAST,0,HEARTBEAT,48,HEARTBEAT,0,0,0,0,0,0,0x1000BFC0
1777197323.495,157644,4,2,EPS,255,BROADCAST,0,HEARTBEAT,48,HEARTBEAT,0,0,0,0,0,0,0x1000BFC0
1777197324.510,158658,4,2,EPS,255,BROADCAST,0,HEARTBEAT,48,HEARTBEAT,0,0,0,0,0,0,0x1000BFC0
1777197325.537,159673,4,2,EPS,255,BROADCAST,0,HEARTBEAT,48,HEARTBEAT,0,0,0,0,0,0,0x1000BFC0
1777197326.555,160687,4,2,EPS,255,BROADCAST,0,HEARTBEAT,48,HEARTBEAT,0,0,0,0,0,0,0x1000BFC0
1777197327.587,161701,4,2,EPS,255,BROADCAST,0,HEARTBEAT,48,HEARTBEAT,0,0,0,0,0,0,0x1000BFC0
1777197328.566,162716,4,2,EPS,255,BROADCAST,0,HEARTBEAT,48,HEARTBEAT,0,0,0,0,0,0,0x1000BFC0
1777197329.580,163730,4,2,EPS,255,BROADCAST,0,HEARTBEAT,48,HEARTBEAT,0,0,0,0,0,0,0x1000BFC0
1777197330.595,164744,4,2,EPS,255,BROADCAST,0,HEARTBEAT,48,HEARTBEAT,0,0,0,0,0,0,0x1000BFC0
1777197331.608,165758,4,2,EPS,255,BROADCAST,0,HEARTBEAT,48,HEARTBEAT,0,0,0,0,0,0,0x1000BFC0
1777197332.624,166773,4,2,EPS,255,BROADCAST,0,HEARTBEAT,48,HEARTBEAT,0,0,0,0,0,0,0x1000BFC0
1777197333.638,167787,4,2,EPS,255,BROADCAST,0,HEARTBEAT,48,HEARTBEAT,0,0,0,0,0,0,0x1000BFC0
1777197334.652,168801,4,2,EPS,255,BROADCAST,0,HEARTBEAT,48,HEARTBEAT,0,0,0,0,0,0,0x1000BFC0
1777197335.671,169815,4,2,EPS,255,BROADCAST,0,HEARTBEAT,48,HEARTBEAT,0,0,0,0,0,0,0x1000BFC0
1777197336.688,170830,4,2,EPS,255,BROADCAST,0,HEARTBEAT,48,HEARTBEAT,0,0,0,0,0,0,0x1000BFC0
1777197337.722,171844,4,2,EPS,255,BROADCAST,0,HEARTBEAT,48,HEARTBEAT,0,0,0,0,0,0,0x1000BFC0
1777197338.738,172858,4,2,EPS,255,BROADCAST,0,HEARTBEAT,48,HEARTBEAT,0,0,0,0,0,0,0x1000BFC0
1777197339.723,173872,4,2,EPS,255,BROADCAST,0,HEARTBEAT,48,HEARTBEAT,0,0,0,0,0,0,0x1000BFC0
1777197340.737,174887,4,2,EPS,255,BROADCAST,0,HEARTBEAT,48,HEARTBEAT,0,0,0,0,0,0,0x1000BFC0
1777197341.752,175901,4,2,EPS,255,BROADCAST,0,HEARTBEAT,48,HEARTBEAT,0,0,0,0,0,0,0x1000BFC0
1777197342.766,176915,4,2,EPS,255,BROADCAST,0,HEARTBEAT,48,HEARTBEAT,0,0,0,0,0,0,0x1000BFC0
1777197343.780,177930,4,2,EPS,255,BROADCAST,0,HEARTBEAT,48,HEARTBEAT,0,0,0,0,0,0,0x1000BFC0
1777197344.795,178944,4,2,EPS,255,BROADCAST,0,HEARTBEAT,48,HEARTBEAT,0,0,0,0,0,0,0x1000BFC0
1777197345.814,179958,4,2,EPS,255,BROADCAST,0,HEARTBEAT,48,HEARTBEAT,0,0,0,0,0,0,0x1000BFC0
1777197346.838,180972,4,2,EPS,255,BROADCAST,0,HEARTBEAT,48,HEARTBEAT,0,0,0,0,0,0,0x1000BFC0
1777197347.855,181987,4,2,EPS,255,BROADCAST,0,HEARTBEAT,48,HEARTBEAT,0,0,0,0,0,0,0x1000BFC0
1777197348.887,183001,4,2,EPS,255,BROADCAST,0,HEARTBEAT,48,HEARTBEAT,0,0,0,0,0,0,0x1000BFC0
1777197349.866,184015,4,2,EPS,255,BROADCAST,0,HEARTBEAT,48,HEARTBEAT,0,0,0,0,0,0,0x1000BFC0
1777197350.881,185030,4,2,EPS,255,BROADCAST,0,HEARTBEAT,48,HEARTBEAT,0,0,0,0,0,0,0x1000BFC0
1777197351.895,186044,4,2,EPS,255,BROADCAST,0,HEARTBEAT,48,HEARTBEAT,0,0,0,0,0,0,0x1000BFC0
1777197352.910,187058,4,2,EPS,255,BROADCAST,0,HEARTBEAT,48,HEARTBEAT,0,0,0,0,0,0,0x1000BFC0
1777197353.923,188073,4,2,EPS,255,BROADCAST,0,HEARTBEAT,48,HEARTBEAT,0,0,0,0,0,0,0x1000BFC0
1777197354.938,189087,4,2,EPS,255,BROADCAST,0,HEARTBEAT,48,HEARTBEAT,0,0,0,0,0,0,0x1000BFC0
1777197355.952,190101,4,2,EPS,255,BROADCAST,0,HEARTBEAT,48,HEARTBEAT,0,0,0,0,0,0,0x1000BFC0
1777197356.966,191116,4,2,EPS,255,BROADCAST,0,HEARTBEAT,48,HEARTBEAT,0,0,0,0,0,0,0x1000BFC0
1777197358.000,192130,4,2,EPS,255,BROADCAST,0,HEARTBEAT,48,HEARTBEAT,0,0,0,0,0,0,0x1000BFC0
1777197359.022,193144,4,2,EPS,255,BROADCAST,0,HEARTBEAT,48,HEARTBEAT,0,0,0,0,0,0,0x1000BFC0
1777197360.041,194158,4,2,EPS,255,BROADCAST,0,HEARTBEAT,48,HEARTBEAT,0,0,0,0,0,0,0x1000BFC0
1777197361.024,195173,4,2,EPS,255,BROADCAST,0,HEARTBEAT,48,HEARTBEAT,0,0,0,0,0,0,0x1000BFC0
1777197362.038,196187,4,2,EPS,255,BROADCAST,0,HEARTBEAT,48,HEARTBEAT,0,0,0,0,0,0,0x1000BFC0
1777197363.054,197201,4,2,EPS,255,BROADCAST,0,HEARTBEAT,48,HEARTBEAT,0,0,0,0,0,0,0x1000BFC0
1777197364.067,198216,4,2,EPS,255,BROADCAST,0,HEARTBEAT,48,HEARTBEAT,0,0,0,0,0,0,0x1000BFC0
1777197365.088,199230,4,2,EPS,255,BROADCAST,0,HEARTBEAT,48,HEARTBEAT,0,0,0,0,0,0,0x1000BFC0
1777197366.095,200244,4,2,EPS,255,BROADCAST,0,HEARTBEAT,48,HEARTBEAT,0,0,0,0,0,0,0x1000BFC0
1777197367.110,201258,4,2,EPS,255,BROADCAST,0,HEARTBEAT,48,HEARTBEAT,0,0,0,0,0,0,0x1000BFC0
1777197368.139,202272,4,2,EPS,255,BROADCAST,0,HEARTBEAT,48,HEARTBEAT,0,0,0,0,0,0,0x1000BFC0
1777197369.157,203287,4,2,EPS,255,BROADCAST,0,HEARTBEAT,48,HEARTBEAT,0,0,0,0,0,0,0x1000BFC0
1777197370.187,204301,4,2,EPS,255,BROADCAST,0,HEARTBEAT,48,HEARTBEAT,0,0,0,0,0,0,0x1000BFC0
1777197371.166,205315,4,2,EPS,255,BROADCAST,0,HEARTBEAT,48,HEARTBEAT,0,0,0,0,0,0,0x1000BFC0
1777197372.181,206329,4,2,EPS,255,BROADCAST,0,HEARTBEAT,48,HEARTBEAT,0,0,0,0,0,0,0x1000BFC0
1777197373.195,207343,4,2,EPS,255,BROADCAST,0,HEARTBEAT,48,HEARTBEAT,0,0,0,0,0,0,0x1000BFC0
1777197374.209,208358,4,2,EPS,255,BROADCAST,0,HEARTBEAT,48,HEARTBEAT,0,0,0,0,0,0,0x1000BFC0
1777197375.224,209372,4,2,EPS,255,BROADCAST,0,HEARTBEAT,48,HEARTBEAT,0,0,0,0,0,0,0x1000BFC0
1777197376.238,210386,4,2,EPS,255,BROADCAST,0,HEARTBEAT,48,HEARTBEAT,0,0,0,0,0,0,0x1000BFC0
1777197377.252,211401,4,2,EPS,255,BROADCAST,0,HEARTBEAT,48,HEARTBEAT,0,0,0,0,0,0,0x1000BFC0
1777197378.268,212415,4,2,EPS,255,BROADCAST,0,HEARTBEAT,48,HEARTBEAT,0,0,0,0,0,0,0x1000BFC0
1777197379.301,213429,4,2,EPS,255,BROADCAST,0,HEARTBEAT,48,HEARTBEAT,0,0,0,0,0,0,0x1000BFC0
1777197380.320,214443,4,2,EPS,255,BROADCAST,0,HEARTBEAT,48,HEARTBEAT,0,0,0,0,0,0,0x1000BFC0
1777197381.345,215458,4,2,EPS,255,BROADCAST,0,HEARTBEAT,48,HEARTBEAT,0,0,0,0,0,0,0x1000BFC0
1777197382.324,216472,4,2,EPS,255,BROADCAST,0,HEARTBEAT,48,HEARTBEAT,0,0,0,0,0,0,0x1000BFC0
1777197383.337,217486,4,2,EPS,255,BROADCAST,0,HEARTBEAT,48,HEARTBEAT,0,0,0,0,0,0,0x1000BFC0
1777197384.351,218500,4,2,EPS,255,BROADCAST,0,HEARTBEAT,48,HEARTBEAT,0,0,0,0,0,0,0x1000BFC0
1777197385.366,219515,4,2,EPS,255,BROADCAST,0,HEARTBEAT,48,HEARTBEAT,0,0,0,0,0,0,0x1000BFC0
1777197386.380,220529,4,2,EPS,255,BROADCAST,0,HEARTBEAT,48,HEARTBEAT,0,0,0,0,0,0,0x1000BFC0
1777197387.394,221543,4,2,EPS,255,BROADCAST,0,HEARTBEAT,48,HEARTBEAT,0,0,0,0,0,0,0x1000BFC0
1777197388.413,222557,4,2,EPS,255,BROADCAST,0,HEARTBEAT,48,HEARTBEAT,0,0,0,0,0,0,0x1000BFC0
1777197389.431,223572,4,2,EPS,255,BROADCAST,0,HEARTBEAT,48,HEARTBEAT,0,0,0,0,0,0,0x1000BFC0
1777197390.451,224586,4,2,EPS,255,BROADCAST,0,HEARTBEAT,48,HEARTBEAT,0,0,0,0,0,0,0x1000BFC0
1777197391.485,225601,4,2,EPS,255,BROADCAST,0,HEARTBEAT,48,HEARTBEAT,0,0,0,0,0,0,0x1000BFC0
1777197392.469,226615,4,2,EPS,255,BROADCAST,0,HEARTBEAT,48,HEARTBEAT,0,0,0,0,0,0,0x1000BFC0
1777197393.481,227629,4,2,EPS,255,BROADCAST,0,HEARTBEAT,48,HEARTBEAT,0,0,0,0,0,0,0x1000BFC0
1777197394.495,228644,4,2,EPS,255,BROADCAST,0,HEARTBEAT,48,HEARTBEAT,0,0,0,0,0,0,0x1000BFC0
1777197395.510,229658,4,2,EPS,255,BROADCAST,0,HEARTBEAT,48,HEARTBEAT,0,0,0,0,0,0,0x1000BFC0
1777197396.524,230672,4,2,EPS,255,BROADCAST,0,HEARTBEAT,48,HEARTBEAT,0,0,0,0,0,0,0x1000BFC0
1777197397.538,231687,4,2,EPS,255,BROADCAST,0,HEARTBEAT,48,HEARTBEAT,0,0,0,0,0,0,0x1000BFC0
1777197398.552,232701,4,2,EPS,255,BROADCAST,0,HEARTBEAT,48,HEARTBEAT,0,0,0,0,0,0,0x1000BFC0
1777197399.578,233715,4,2,EPS,255,BROADCAST,0,HEARTBEAT,48,HEARTBEAT,0,0,0,0,0,0,0x1000BFC0
1777197400.603,234730,4,2,EPS,255,BROADCAST,0,HEARTBEAT,48,HEARTBEAT,0,0,0,0,0,0,0x1000BFC0
1777197401.623,235744,4,2,EPS,255,BROADCAST,0,HEARTBEAT,48,HEARTBEAT,0,0,0,0,0,0,0x1000BFC0
1777197402.637,236758,4,2,EPS,255,BROADCAST,0,HEARTBEAT,48,HEARTBEAT,0,0,0,0,0,0,0x1000BFC0
1777197403.624,237773,4,2,EPS,255,BROADCAST,0,HEARTBEAT,48,HEARTBEAT,0,0,0,0,0,0,0x1000BFC0
1777197404.639,238787,4,2,EPS,255,BROADCAST,0,HEARTBEAT,48,HEARTBEAT,0,0,0,0,0,0,0x1000BFC0
1777197405.654,239801,4,2,EPS,255,BROADCAST,0,HEARTBEAT,48,HEARTBEAT,0,0,0,0,0,0,0x1000BFC0
1777197406.667,240815,4,2,EPS,255,BROADCAST,0,HEARTBEAT,48,HEARTBEAT,0,0,0,0,0,0,0x1000BFC0
1777197407.682,241830,4,2,EPS,255,BROADCAST,0,HEARTBEAT,48,HEARTBEAT,0,0,0,0,0,0,0x1000BFC0
1777198012.489,4508,4,2,EPS,255,BROADCAST,0,HEARTBEAT,48,HEARTBEAT,0,0,0,0,0,0,0x1000BFC0
1777198013.495,5522,4,2,EPS,255,BROADCAST,0,HEARTBEAT,48,HEARTBEAT,0,0,0,0,0,0,0x1000BFC0
1777198014.509,6536,4,2,EPS,255,BROADCAST,0,HEARTBEAT,48,HEARTBEAT,0,0,0,0,0,0,0x1000BFC0
1777198015.524,7551,4,2,EPS,255,BROADCAST,0,HEARTBEAT,48,HEARTBEAT,0,0,0,0,0,0,0x1000BFC0
1777198016.552,8565,4,2,EPS,255,BROADCAST,0,HEARTBEAT,48,HEARTBEAT,0,0,0,0,0,0,0x1000BFC0
1777198017.575,9579,4,2,EPS,255,BROADCAST,0,HEARTBEAT,48,HEARTBEAT,0,0,0,0,0,0,0x1000BFC0
1777198018.595,10593,4,2,EPS,255,BROADCAST,0,HEARTBEAT,48,HEARTBEAT,0,0,0,0,0,0,0x1000BFC0
1777198019.580,11607,4,2,EPS,255,BROADCAST,0,HEARTBEAT,48,HEARTBEAT,0,0,0,0,0,0,0x1000BFC0
1777198020.609,12622,4,2,EPS,255,BROADCAST,0,HEARTBEAT,48,HEARTBEAT,0,0,0,0,0,0,0x1000BFC0
1777198021.613,13636,4,2,EPS,255,BROADCAST,0,HEARTBEAT,48,HEARTBEAT,0,0,0,0,0,0,0x1000BFC0
1777198022.623,14650,4,2,EPS,255,BROADCAST,0,HEARTBEAT,48,HEARTBEAT,0,0,0,0,0,0,0x1000BFC0
1777198023.638,15664,4,2,EPS,255,BROADCAST,0,HEARTBEAT,48,HEARTBEAT,0,0,0,0,0,0,0x1000BFC0
1777198024.652,16679,4,2,EPS,255,BROADCAST,0,HEARTBEAT,48,HEARTBEAT,0,0,0,0,0,0,0x1000BFC0
1777198025.665,17693,4,2,EPS,255,BROADCAST,0,HEARTBEAT,48,HEARTBEAT,0,0,0,0,0,0,0x1000BFC0
1777198026.698,18707,4,2,EPS,255,BROADCAST,0,HEARTBEAT,48,HEARTBEAT,0,0,0,0,0,0,0x1000BFC0
1777198027.722,19721,4,2,EPS,255,BROADCAST,0,HEARTBEAT,48,HEARTBEAT,0,0,0,0,0,0,0x1000BFC0
1777198028.728,20736,4,2,EPS,255,BROADCAST,0,HEARTBEAT,48,HEARTBEAT,0,0,0,0,0,0,0x1000BFC0
1777198029.723,21750,4,2,EPS,255,BROADCAST,0,HEARTBEAT,48,HEARTBEAT,0,0,0,0,0,0,0x1000BFC0
1777198030.737,22764,4,2,EPS,255,BROADCAST,0,HEARTBEAT,48,HEARTBEAT,0,0,0,0,0,0,0x1000BFC0
1777198031.751,23778,4,2,EPS,255,BROADCAST,0,HEARTBEAT,48,HEARTBEAT,0,0,0,0,0,0,0x1000BFC0
1777198032.765,24792,4,2,EPS,255,BROADCAST,0,HEARTBEAT,48,HEARTBEAT,0,0,0,0,0,0,0x1000BFC0
1777198033.779,25807,4,2,EPS,255,BROADCAST,0,HEARTBEAT,48,HEARTBEAT,0,0,0,0,0,0,0x1000BFC0
1777198034.794,26821,4,2,EPS,255,BROADCAST,0,HEARTBEAT,48,HEARTBEAT,0,0,0,0,0,0,0x1000BFC0
1777198035.808,27835,4,2,EPS,255,BROADCAST,0,HEARTBEAT,48,HEARTBEAT,0,0,0,0,0,0,0x1000BFC0
1777198036.829,28849,4,2,EPS,255,BROADCAST,0,HEARTBEAT,48,HEARTBEAT,0,0,0,0,0,0,0x1000BFC0
1777198037.848,29863,4,2,EPS,255,BROADCAST,0,HEARTBEAT,48,HEARTBEAT,0,0,0,0,0,0,0x1000BFC0
1777198038.878,30878,4,2,EPS,255,BROADCAST,0,HEARTBEAT,48,HEARTBEAT,0,0,0,0,0,0,0x1000BFC0
1777198039.901,31892,4,2,EPS,255,BROADCAST,0,HEARTBEAT,48,HEARTBEAT,0,0,0,0,0,0,0x1000BFC0
1777198040.879,32906,4,2,EPS,255,BROADCAST,0,HEARTBEAT,48,HEARTBEAT,0,0,0,0,0,0,0x1000BFC0
1777198041.893,33920,4,2,EPS,255,BROADCAST,0,HEARTBEAT,48,HEARTBEAT,0,0,0,0,0,0,0x1000BFC0
1777198042.907,34934,4,2,EPS,255,BROADCAST,0,HEARTBEAT,48,HEARTBEAT,0,0,0,0,0,0,0x1000BFC0
1777198043.927,35948,4,2,EPS,255,BROADCAST,0,HEARTBEAT,48,HEARTBEAT,0,0,0,0,0,0,0x1000BFC0
1777198044.936,36962,4,2,EPS,255,BROADCAST,0,HEARTBEAT,48,HEARTBEAT,0,0,0,0,0,0,0x1000BFC0
1777198045.950,37976,4,2,EPS,255,BROADCAST,0,HEARTBEAT,48,HEARTBEAT,0,0,0,0,0,0,0x1000BFC0
1777198046.964,38991,4,2,EPS,255,BROADCAST,0,HEARTBEAT,48,HEARTBEAT,0,0,0,0,0,0,0x1000BFC0
1777198047.990,40004,4,2,EPS,255,BROADCAST,0,HEARTBEAT,48,HEARTBEAT,0,0,0,0,0,0,0x1000BFC0
1777198049.001,41019,4,2,EPS,255,BROADCAST,0,HEARTBEAT,48,HEARTBEAT,0,0,0,0,0,0,0x1000BFC0
1777198050.040,42033,4,2,EPS,255,BROADCAST,0,HEARTBEAT,48,HEARTBEAT,0,0,0,0,0,0,0x1000BFC0
1777198051.020,43047,4,2,EPS,255,BROADCAST,0,HEARTBEAT,48,HEARTBEAT,0,0,0,0,0,0,0x1000BFC0
1777198052.037,44061,4,2,EPS,255,BROADCAST,0,HEARTBEAT,48,HEARTBEAT,0,0,0,0,0,0,0x1000BFC0
1777198053.540,45558,4,2,EPS,255,BROADCAST,0,HEARTBEAT,48,HEARTBEAT,0,0,0,0,0,0,0x1000BFC0
1777198054.560,46587,4,2,EPS,255,BROADCAST,0,HEARTBEAT,48,HEARTBEAT,0,0,0,0,0,0,0x1000BFC0
1777198055.574,47601,4,2,EPS,255,BROADCAST,0,HEARTBEAT,48,HEARTBEAT,0,0,0,0,0,0,0x1000BFC0
1777198062.466,54492,4,2,EPS,255,BROADCAST,0,HEARTBEAT,48,HEARTBEAT,0,0,0,0,0,0,0x1000BFC0
1777198063.495,55521,4,2,EPS,255,BROADCAST,0,HEARTBEAT,48,HEARTBEAT,0,0,0,0,0,0,0x1000BFC0
1777198064.510,56535,4,2,EPS,255,BROADCAST,0,HEARTBEAT,48,HEARTBEAT,0,0,0,0,0,0,0x1000BFC0
1777198065.523,57550,4,2,EPS,255,BROADCAST,0,HEARTBEAT,48,HEARTBEAT,0,0,0,0,0,0,0x1000BFC0
1777198066.538,58564,4,2,EPS,255,BROADCAST,0,HEARTBEAT,48,HEARTBEAT,0,0,0,0,0,0,0x1000BFC0
1777198067.560,59578,4,2,EPS,255,BROADCAST,0,HEARTBEAT,48,HEARTBEAT,0,0,0,0,0,0,0x1000BFC0
1777198068.566,60592,4,2,EPS,255,BROADCAST,0,HEARTBEAT,48,HEARTBEAT,0,0,0,0,0,0,0x1000BFC0
1777198069.596,61607,4,2,EPS,255,BROADCAST,0,HEARTBEAT,48,HEARTBEAT,0,0,0,0,0,0,0x1000BFC0
1777198070.620,62621,4,2,EPS,255,BROADCAST,0,HEARTBEAT,48,HEARTBEAT,0,0,0,0,0,0,0x1000BFC0
1777198071.640,63635,4,2,EPS,255,BROADCAST,0,HEARTBEAT,48,HEARTBEAT,0,0,0,0,0,0,0x1000BFC0
1777198072.623,64649,4,2,EPS,255,BROADCAST,0,HEARTBEAT,48,HEARTBEAT,0,0,0,0,0,0,0x1000BFC0
1777198073.637,65664,4,2,EPS,255,BROADCAST,0,HEARTBEAT,48,HEARTBEAT,0,0,0,0,0,0,0x1000BFC0
1777198074.651,66678,4,2,EPS,255,BROADCAST,0,HEARTBEAT,48,HEARTBEAT,0,0,0,0,0,0,0x1000BFC0
1777198075.685,67692,4,2,EPS,255,BROADCAST,0,HEARTBEAT,48,HEARTBEAT,0,0,0,0,0,0,0x1000BFC0
1777198076.680,68706,4,2,EPS,255,BROADCAST,0,HEARTBEAT,48,HEARTBEAT,0,0,0,0,0,0,0x1000BFC0
1777198077.694,69720,4,2,EPS,255,BROADCAST,0,HEARTBEAT,48,HEARTBEAT,0,0,0,0,0,0,0x1000BFC0
1777198078.708,70734,4,2,EPS,255,BROADCAST,0,HEARTBEAT,48,HEARTBEAT,0,0,0,0,0,0,0x1000BFC0
1777198079.728,71749,4,2,EPS,255,BROADCAST,0,HEARTBEAT,48,HEARTBEAT,0,0,0,0,0,0,0x1000BFC0
1777198080.755,72763,4,2,EPS,255,BROADCAST,0,HEARTBEAT,48,HEARTBEAT,0,0,0,0,0,0,0x1000BFC0
1777198081.785,73777,4,2,EPS,255,BROADCAST,0,HEARTBEAT,48,HEARTBEAT,0,0,0,0,0,0,0x1000BFC0
1777198082.765,74791,4,2,EPS,255,BROADCAST,0,HEARTBEAT,48,HEARTBEAT,0,0,0,0,0,0,0x1000BFC0
1777198083.779,75805,4,2,EPS,255,BROADCAST,0,HEARTBEAT,48,HEARTBEAT,0,0,0,0,0,0,0x1000BFC0
1777198084.793,76819,4,2,EPS,255,BROADCAST,0,HEARTBEAT,48,HEARTBEAT,0,0,0,0,0,0,0x1000BFC0
1777198085.808,77833,4,2,EPS,255,BROADCAST,0,HEARTBEAT,48,HEARTBEAT,0,0,0,0,0,0,0x1000BFC0
1777198274.158,28941,4,2,EPS,1,CDH,3,CMD_RESP,82,CMD_RESP_0x52,0,0,0,0,0,0,0x10008043
1777198275.146,29929,4,2,EPS,255,BROADCAST,0,HEARTBEAT,48,HEARTBEAT,0,0,0,0,0,0,0x1000BFC0
1777198276.176,30958,4,2,EPS,255,BROADCAST,0,HEARTBEAT,48,HEARTBEAT,0,0,0,0,0,0,0x1000BFC0
1777198277.190,31972,4,2,EPS,255,BROADCAST,0,HEARTBEAT,48,HEARTBEAT,0,0,0,0,0,0,0x1000BFC0
1777198278.203,32986,4,2,EPS,255,BROADCAST,0,HEARTBEAT,48,HEARTBEAT,0,0,0,0,0,0,0x1000BFC0
1777198279.222,34001,4,2,EPS,255,BROADCAST,0,HEARTBEAT,48,HEARTBEAT,0,0,0,0,0,0,0x1000BFC0
1777198280.247,35015,4,2,EPS,255,BROADCAST,0,HEARTBEAT,48,HEARTBEAT,0,0,0,0,0,0,0x1000BFC0
1777198281.261,36029,4,2,EPS,255,BROADCAST,0,HEARTBEAT,48,HEARTBEAT,0,0,0,0,0,0,0x1000BFC0
1777198282.287,37043,4,2,EPS,255,BROADCAST,0,HEARTBEAT,48,HEARTBEAT,0,0,0,0,0,0,0x1000BFC0
1777198283.315,38057,4,2,EPS,255,BROADCAST,0,HEARTBEAT,48,HEARTBEAT,0,0,0,0,0,0,0x1000BFC0
1777198284.289,39071,4,2,EPS,255,BROADCAST,0,HEARTBEAT,48,HEARTBEAT,0,0,0,0,0,0,0x1000BFC0
1777198285.302,40085,4,2,EPS,255,BROADCAST,0,HEARTBEAT,48,HEARTBEAT,0,0,0,0,0,0,0x1000BFC0
1777198286.317,41100,4,2,EPS,255,BROADCAST,0,HEARTBEAT,48,HEARTBEAT,0,0,0,0,0,0,0x1000BFC0
1777198287.331,42114,4,2,EPS,255,BROADCAST,0,HEARTBEAT,48,HEARTBEAT,0,0,0,0,0,0,0x1000BFC0
1777198288.345,43128,4,2,EPS,255,BROADCAST,0,HEARTBEAT,48,HEARTBEAT,0,0,0,0,0,0,0x1000BFC0
1777198289.359,44142,4,2,EPS,255,BROADCAST,0,HEARTBEAT,48,HEARTBEAT,0,0,0,0,0,0,0x1000BFC0
1777198290.381,45156,4,2,EPS,255,BROADCAST,0,HEARTBEAT,48,HEARTBEAT,0,0,0,0,0,0,0x1000BFC0
1777198291.405,46171,4,2,EPS,255,BROADCAST,0,HEARTBEAT,48,HEARTBEAT,0,0,0,0,0,0,0x1000BFC0
1777198292.427,47185,4,2,EPS,255,BROADCAST,0,HEARTBEAT,48,HEARTBEAT,0,0,0,0,0,0,0x1000BFC0
1777198293.444,48199,4,2,EPS,255,BROADCAST,0,HEARTBEAT,48,HEARTBEAT,0,0,0,0,0,0,0x1000BFC0
1777198294.433,49213,4,2,EPS,255,BROADCAST,0,HEARTBEAT,48,HEARTBEAT,0,0,0,0,0,0,0x1000BFC0
1777198295.445,50227,4,2,EPS,255,BROADCAST,0,HEARTBEAT,48,HEARTBEAT,0,0,0,0,0,0,0x1000BFC0
1777198296.460,51241,4,2,EPS,255,BROADCAST,0,HEARTBEAT,48,HEARTBEAT,0,0,0,0,0,0,0x1000BFC0
1777198632.203,15755,4,2,EPS,1,CDH,3,CMD_RESP,82,CMD_RESP_0x52,0,0,0,0,0,0,0x10008043
1777198632.203,15756,4,2,EPS,1,CDH,3,CMD_RESP,82,CMD_RESP_0x52,0,0,0,0,0,0,0x10008043
1777198633.225,16743,4,2,EPS,255,BROADCAST,0,HEARTBEAT,48,HEARTBEAT,0,0,0,0,0,0,0x1000BFC0
1777198634.249,17772,4,2,EPS,255,BROADCAST,0,HEARTBEAT,48,HEARTBEAT,0,0,0,0,0,0,0x1000BFC0
1777198635.274,18786,4,2,EPS,255,BROADCAST,0,HEARTBEAT,48,HEARTBEAT,0,0,0,0,0,0,0x1000BFC0
1777198636.249,19800,4,2,EPS,255,BROADCAST,0,HEARTBEAT,48,HEARTBEAT,0,0,0,0,0,0,0x1000BFC0
1777198637.264,20814,4,2,EPS,255,BROADCAST,0,HEARTBEAT,48,HEARTBEAT,0,0,0,0,0,0,0x1000BFC0
1777198638.278,21828,4,2,EPS,255,BROADCAST,0,HEARTBEAT,48,HEARTBEAT,0,0,0,0,0,0,0x1000BFC0
1777198639.291,22842,4,2,EPS,255,BROADCAST,0,HEARTBEAT,48,HEARTBEAT,0,0,0,0,0,0,0x1000BFC0
1777198640.306,23856,4,2,EPS,255,BROADCAST,0,HEARTBEAT,48,HEARTBEAT,0,0,0,0,0,0,0x1000BFC0
1777198641.319,24870,4,2,EPS,255,BROADCAST,0,HEARTBEAT,48,HEARTBEAT,0,0,0,0,0,0,0x1000BFC0
1777198642.341,25884,4,2,EPS,255,BROADCAST,0,HEARTBEAT,48,HEARTBEAT,0,0,0,0,0,0,0x1000BFC0
1777198643.366,26898,4,2,EPS,255,BROADCAST,0,HEARTBEAT,48,HEARTBEAT,0,0,0,0,0,0,0x1000BFC0
1777198644.390,27912,4,2,EPS,255,BROADCAST,0,HEARTBEAT,48,HEARTBEAT,0,0,0,0,0,0,0x1000BFC0
1777198645.413,28927,4,2,EPS,255,BROADCAST,0,HEARTBEAT,48,HEARTBEAT,0,0,0,0,0,0,0x1000BFC0
1777198646.390,29941,4,2,EPS,255,BROADCAST,0,HEARTBEAT,48,HEARTBEAT,0,0,0,0,0,0,0x1000BFC0
1777198647.403,30955,4,2,EPS,255,BROADCAST,0,HEARTBEAT,48,HEARTBEAT,0,0,0,0,0,0,0x1000BFC0
1777198648.419,31969,4,2,EPS,255,BROADCAST,0,HEARTBEAT,48,HEARTBEAT,0,0,0,0,0,0,0x1000BFC0
1777198649.432,32983,4,2,EPS,255,BROADCAST,0,HEARTBEAT,48,HEARTBEAT,0,0,0,0,0,0,0x1000BFC0
1777198650.446,33997,4,2,EPS,255,BROADCAST,0,HEARTBEAT,48,HEARTBEAT,0,0,0,0,0,0,0x1000BFC0
1777198651.460,35011,4,2,EPS,255,BROADCAST,0,HEARTBEAT,48,HEARTBEAT,0,0,0,0,0,0,0x1000BFC0
1777198652.475,36025,4,2,EPS,255,BROADCAST,0,HEARTBEAT,48,HEARTBEAT,0,0,0,0,0,0,0x1000BFC0
1777198653.505,37039,4,2,EPS,255,BROADCAST,0,HEARTBEAT,48,HEARTBEAT,0,0,0,0,0,0,0x1000BFC0
1777198654.516,38053,4,2,EPS,255,BROADCAST,0,HEARTBEAT,48,HEARTBEAT,0,0,0,0,0,0,0x1000BFC0
1777198655.548,39067,4,2,EPS,255,BROADCAST,0,HEARTBEAT,48,HEARTBEAT,0,0,0,0,0,0,0x1000BFC0
1777198656.531,40081,4,2,EPS,255,BROADCAST,0,HEARTBEAT,48,HEARTBEAT,0,0,0,0,0,0,0x1000BFC0
1777198657.544,41095,4,2,EPS,255,BROADCAST,0,HEARTBEAT,48,HEARTBEAT,0,0,0,0,0,0,0x1000BFC0
1777198658.558,42109,4,2,EPS,255,BROADCAST,0,HEARTBEAT,48,HEARTBEAT,0,0,0,0,0,0,0x1000BFC0
1777198659.575,43123,4,2,EPS,255,BROADCAST,0,HEARTBEAT,48,HEARTBEAT,0,0,0,0,0,0,0x1000BFC0
1777198660.586,44137,4,2,EPS,255,BROADCAST,0,HEARTBEAT,48,HEARTBEAT,0,0,0,0,0,0,0x1000BFC0
1777198661.600,45151,4,2,EPS,255,BROADCAST,0,HEARTBEAT,48,HEARTBEAT,0,0,0,0,0,0,0x1000BFC0
1777198662.614,46165,4,2,EPS,255,BROADCAST,0,HEARTBEAT,48,HEARTBEAT,0,0,0,0,0,0,0x1000BFC0
1777198663.636,47179,4,2,EPS,255,BROADCAST,0,HEARTBEAT,48,HEARTBEAT,0,0,0,0,0,0,0x1000BFC0
1777198664.654,48193,4,2,EPS,255,BROADCAST,0,HEARTBEAT,48,HEARTBEAT,0,0,0,0,0,0,0x1000BFC0
1777198665.688,49207,4,2,EPS,255,BROADCAST,0,HEARTBEAT,48,HEARTBEAT,0,0,0,0,0,0,0x1000BFC0
1777198666.713,50221,4,2,EPS,255,BROADCAST,0,HEARTBEAT,48,HEARTBEAT,0,0,0,0,0,0,0x1000BFC0
1777198667.685,51235,4,2,EPS,255,BROADCAST,0,HEARTBEAT,48,HEARTBEAT,0,0,0,0,0,0,0x1000BFC0
1777198668.701,52248,4,2,EPS,255,BROADCAST,0,HEARTBEAT,48,HEARTBEAT,0,0,0,0,0,0,0x1000BFC0
1777198669.712,53262,4,2,EPS,255,BROADCAST,0,HEARTBEAT,48,HEARTBEAT,0,0,0,0,0,0,0x1000BFC0
1777198670.726,54276,4,2,EPS,255,BROADCAST,0,HEARTBEAT,48,HEARTBEAT,0,0,0,0,0,0,0x1000BFC0
1777198671.740,55290,4,2,EPS,255,BROADCAST,0,HEARTBEAT,48,HEARTBEAT,0,0,0,0,0,0,0x1000BFC0
1777198672.753,56304,4,2,EPS,255,BROADCAST,0,HEARTBEAT,48,HEARTBEAT,0,0,0,0,0,0,0x1000BFC0
1777198673.778,57318,4,2,EPS,255,BROADCAST,0,HEARTBEAT,48,HEARTBEAT,0,0,0,0,0,0,0x1000BFC0
1777198674.793,58332,4,2,EPS,255,BROADCAST,0,HEARTBEAT,48,HEARTBEAT,0,0,0,0,0,0,0x1000BFC0
1777198675.826,59346,4,2,EPS,255,BROADCAST,0,HEARTBEAT,48,HEARTBEAT,0,0,0,0,0,0,0x1000BFC0
1777198676.852,60360,4,2,EPS,255,BROADCAST,0,HEARTBEAT,48,HEARTBEAT,0,0,0,0,0,0,0x1000BFC0
1777198677.823,61374,4,2,EPS,255,BROADCAST,0,HEARTBEAT,48,HEARTBEAT,0,0,0,0,0,0,0x1000BFC0
1777198678.838,62388,4,2,EPS,255,BROADCAST,0,HEARTBEAT,48,HEARTBEAT,0,0,0,0,0,0,0x1000BFC0
1777198679.852,63402,4,2,EPS,255,BROADCAST,0,HEARTBEAT,48,HEARTBEAT,0,0,0,0,0,0,0x1000BFC0
1777198680.865,64416,4,2,EPS,255,BROADCAST,0,HEARTBEAT,48,HEARTBEAT,0,0,0,0,0,0,0x1000BFC0
1777198681.879,65429,4,2,EPS,255,BROADCAST,0,HEARTBEAT,48,HEARTBEAT,0,0,0,0,0,0,0x1000BFC0
1777198682.894,66443,4,2,EPS,255,BROADCAST,0,HEARTBEAT,48,HEARTBEAT,0,0,0,0,0,0,0x1000BFC0
1777198683.908,67457,4,2,EPS,255,BROADCAST,0,HEARTBEAT,48,HEARTBEAT,0,0,0,0,0,0,0x1000BFC0
1777198684.939,68471,4,2,EPS,255,BROADCAST,0,HEARTBEAT,48,HEARTBEAT,0,0,0,0,0,0,0x1000BFC0
1777198685.958,69485,4,2,EPS,255,BROADCAST,0,HEARTBEAT,48,HEARTBEAT,0,0,0,0,0,0,0x1000BFC0
1777198686.990,70499,4,2,EPS,255,BROADCAST,0,HEARTBEAT,48,HEARTBEAT,0,0,0,0,0,0,0x1000BFC0
1777198687.963,71513,4,2,EPS,255,BROADCAST,0,HEARTBEAT,48,HEARTBEAT,0,0,0,0,0,0,0x1000BFC0
1777198688.978,72527,4,2,EPS,255,BROADCAST,0,HEARTBEAT,48,HEARTBEAT,0,0,0,0,0,0,0x1000BFC0
1777198689.991,73541,4,2,EPS,255,BROADCAST,0,HEARTBEAT,48,HEARTBEAT,0,0,0,0,0,0,0x1000BFC0
1777198691.006,74555,4,2,EPS,255,BROADCAST,0,HEARTBEAT,48,HEARTBEAT,0,0,0,0,0,0,0x1000BFC0
1777198692.020,75569,4,2,EPS,255,BROADCAST,0,HEARTBEAT,48,HEARTBEAT,0,0,0,0,0,0,0x1000BFC0
1777198693.033,76583,4,2,EPS,255,BROADCAST,0,HEARTBEAT,48,HEARTBEAT,0,0,0,0,0,0,0x1000BFC0
1777198694.050,77597,4,2,EPS,255,BROADCAST,0,HEARTBEAT,48,HEARTBEAT,0,0,0,0,0,0,0x1000BFC0
1777198695.072,78611,4,2,EPS,255,BROADCAST,0,HEARTBEAT,48,HEARTBEAT,0,0,0,0,0,0,0x1000BFC0
1777198696.098,79625,4,2,EPS,255,BROADCAST,0,HEARTBEAT,48,HEARTBEAT,0,0,0,0,0,0,0x1000BFC0
1777198697.114,80639,4,2,EPS,255,BROADCAST,0,HEARTBEAT,48,HEARTBEAT,0,0,0,0,0,0,0x1000BFC0
1777198698.103,81653,4,2,EPS,255,BROADCAST,0,HEARTBEAT,48,HEARTBEAT,0,0,0,0,0,0,0x1000BFC0
1777198699.116,82667,4,2,EPS,255,BROADCAST,0,HEARTBEAT,48,HEARTBEAT,0,0,0,0,0,0,0x1000BFC0
1777198700.132,83681,4,2,EPS,255,BROADCAST,0,HEARTBEAT,48,HEARTBEAT,0,0,0,0,0,0,0x1000BFC0
1777198701.145,84695,4,2,EPS,255,BROADCAST,0,HEARTBEAT,48,HEARTBEAT,0,0,0,0,0,0,0x1000BFC0
1777198702.158,85709,4,2,EPS,255,BROADCAST,0,HEARTBEAT,48,HEARTBEAT,0,0,0,0,0,0,0x1000BFC0
1777198703.173,86723,4,2,EPS,255,BROADCAST,0,HEARTBEAT,48,HEARTBEAT,0,0,0,0,0,0,0x1000BFC0
1777198704.194,87737,4,2,EPS,255,BROADCAST,0,HEARTBEAT,48,HEARTBEAT,0,0,0,0,0,0,0x1000BFC0
1777198705.219,88750,4,2,EPS,255,BROADCAST,0,HEARTBEAT,48,HEARTBEAT,0,0,0,0,0,0,0x1000BFC0
1777198706.241,89764,4,2,EPS,255,BROADCAST,0,HEARTBEAT,48,HEARTBEAT,0,0,0,0,0,0,0x1000BFC0
1777198707.259,90778,4,2,EPS,255,BROADCAST,0,HEARTBEAT,48,HEARTBEAT,0,0,0,0,0,0,0x1000BFC0
1777198708.242,91792,4,2,EPS,255,BROADCAST,0,HEARTBEAT,48,HEARTBEAT,0,0,0,0,0,0,0x1000BFC0
1777198709.256,92806,4,2,EPS,255,BROADCAST,0,HEARTBEAT,48,HEARTBEAT,0,0,0,0,0,0,0x1000BFC0
1777198710.270,93820,4,2,EPS,255,BROADCAST,0,HEARTBEAT,48,HEARTBEAT,0,0,0,0,0,0,0x1000BFC0
1777198711.273,94834,4,2,EPS,255,BROADCAST,0,HEARTBEAT,48,HEARTBEAT,0,0,0,0,0,0,0x1000BFC0
1777198712.298,95848,4,2,EPS,255,BROADCAST,0,HEARTBEAT,48,HEARTBEAT,0,0,0,0,0,0,0x1000BFC0
1777198713.312,96862,4,2,EPS,255,BROADCAST,0,HEARTBEAT,48,HEARTBEAT,0,0,0,0,0,0,0x1000BFC0
1777198714.327,97876,4,2,EPS,255,BROADCAST,0,HEARTBEAT,48,HEARTBEAT,0,0,0,0,0,0,0x1000BFC0
1777198715.345,98890,4,2,EPS,255,BROADCAST,0,HEARTBEAT,48,HEARTBEAT,0,0,0,0,0,0,0x1000BFC0
1777198716.379,99904,4,2,EPS,255,BROADCAST,0,HEARTBEAT,48,HEARTBEAT,0,0,0,0,0,0,0x1000BFC0
1777198726.512,5358,4,2,EPS,255,BROADCAST,0,HEARTBEAT,48,HEARTBEAT,0,0,0,0,0,0,0x1000BFC0
1777198727.531,6372,4,2,EPS,255,BROADCAST,0,HEARTBEAT,48,HEARTBEAT,0,0,0,0,0,0,0x1000BFC0
1777198728.565,7386,4,2,EPS,255,BROADCAST,0,HEARTBEAT,48,HEARTBEAT,0,0,0,0,0,0,0x1000BFC0
1777198729.536,8400,4,2,EPS,255,BROADCAST,0,HEARTBEAT,48,HEARTBEAT,0,0,0,0,0,0,0x1000BFC0
1777198730.550,9414,4,2,EPS,255,BROADCAST,0,HEARTBEAT,48,HEARTBEAT,0,0,0,0,0,0,0x1000BFC0
1777198731.564,10428,4,2,EPS,255,BROADCAST,0,HEARTBEAT,48,HEARTBEAT,0,0,0,0,0,0,0x1000BFC0
1777198732.584,11442,4,2,EPS,255,BROADCAST,0,HEARTBEAT,48,HEARTBEAT,0,0,0,0,0,0,0x1000BFC0
1777198733.592,12456,4,2,EPS,255,BROADCAST,0,HEARTBEAT,48,HEARTBEAT,0,0,0,0,0,0,0x1000BFC0
1777198734.606,13470,4,2,EPS,255,BROADCAST,0,HEARTBEAT,48,HEARTBEAT,0,0,0,0,0,0,0x1000BFC0
1777198735.630,14484,4,2,EPS,255,BROADCAST,0,HEARTBEAT,48,HEARTBEAT,0,0,0,0,0,0,0x1000BFC0
1777198736.649,15498,4,2,EPS,255,BROADCAST,0,HEARTBEAT,48,HEARTBEAT,0,0,0,0,0,0,0x1000BFC0
1777198737.675,16512,4,2,EPS,255,BROADCAST,0,HEARTBEAT,48,HEARTBEAT,0,0,0,0,0,0,0x1000BFC0
1777198738.696,17526,4,2,EPS,255,BROADCAST,0,HEARTBEAT,48,HEARTBEAT,0,0,0,0,0,0,0x1000BFC0
1777198739.676,18540,4,2,EPS,255,BROADCAST,0,HEARTBEAT,48,HEARTBEAT,0,0,0,0,0,0,0x1000BFC0
1777198740.690,19554,4,2,EPS,255,BROADCAST,0,HEARTBEAT,48,HEARTBEAT,0,0,0,0,0,0,0x1000BFC0
1777198741.705,20568,4,2,EPS,255,BROADCAST,0,HEARTBEAT,48,HEARTBEAT,0,0,0,0,0,0,0x1000BFC0
1777198742.719,21582,4,2,EPS,255,BROADCAST,0,HEARTBEAT,48,HEARTBEAT,0,0,0,0,0,0,0x1000BFC0
1777198743.732,22596,4,2,EPS,255,BROADCAST,0,HEARTBEAT,48,HEARTBEAT,0,0,0,0,0,0,0x1000BFC0
1777198744.746,23610,4,2,EPS,255,BROADCAST,0,HEARTBEAT,48,HEARTBEAT,0,0,0,0,0,0,0x1000BFC0
1777198745.769,24624,4,2,EPS,255,BROADCAST,0,HEARTBEAT,48,HEARTBEAT,0,0,0,0,0,0,0x1000BFC0
1777198746.793,25638,4,2,EPS,255,BROADCAST,0,HEARTBEAT,48,HEARTBEAT,0,0,0,0,0,0,0x1000BFC0
1777198747.816,26652,4,2,EPS,255,BROADCAST,0,HEARTBEAT,48,HEARTBEAT,0,0,0,0,0,0,0x1000BFC0
1777198748.835,27665,4,2,EPS,255,BROADCAST,0,HEARTBEAT,48,HEARTBEAT,0,0,0,0,0,0,0x1000BFC0
1777198749.816,28680,4,2,EPS,255,BROADCAST,0,HEARTBEAT,48,HEARTBEAT,0,0,0,0,0,0,0x1000BFC0
1777198750.829,29693,4,2,EPS,255,BROADCAST,0,HEARTBEAT,48,HEARTBEAT,0,0,0,0,0,0,0x1000BFC0
1777198751.842,30707,4,2,EPS,255,BROADCAST,0,HEARTBEAT,48,HEARTBEAT,0,0,0,0,0,0,0x1000BFC0
1777198752.857,31721,4,2,EPS,255,BROADCAST,0,HEARTBEAT,48,HEARTBEAT,0,0,0,0,0,0,0x1000BFC0
1777198753.871,32735,4,2,EPS,255,BROADCAST,0,HEARTBEAT,48,HEARTBEAT,0,0,0,0,0,0,0x1000BFC0
1777198754.885,33749,4,2,EPS,255,BROADCAST,0,HEARTBEAT,48,HEARTBEAT,0,0,0,0,0,0,0x1000BFC0
1777198755.904,34763,4,2,EPS,255,BROADCAST,0,HEARTBEAT,48,HEARTBEAT,0,0,0,0,0,0,0x1000BFC0
1777198756.926,35777,4,2,EPS,255,BROADCAST,0,HEARTBEAT,48,HEARTBEAT,0,0,0,0,0,0,0x1000BFC0
1777198757.958,36791,4,2,EPS,255,BROADCAST,0,HEARTBEAT,48,HEARTBEAT,0,0,0,0,0,0,0x1000BFC0
1777198758.975,37805,4,2,EPS,255,BROADCAST,0,HEARTBEAT,48,HEARTBEAT,0,0,0,0,0,0,0x1000BFC0
1777198759.956,38819,4,2,EPS,255,BROADCAST,0,HEARTBEAT,48,HEARTBEAT,0,0,0,0,0,0,0x1000BFC0
1777198760.969,39833,4,2,EPS,255,BROADCAST,0,HEARTBEAT,48,HEARTBEAT,0,0,0,0,0,0,0x1000BFC0
1777198761.984,40847,4,2,EPS,255,BROADCAST,0,HEARTBEAT,48,HEARTBEAT,0,0,0,0,0,0,0x1000BFC0
1777198762.997,41861,4,2,EPS,255,BROADCAST,0,HEARTBEAT,48,HEARTBEAT,0,0,0,0,0,0,0x1000BFC0
1777198764.011,42875,4,2,EPS,255,BROADCAST,0,HEARTBEAT,48,HEARTBEAT,0,0,0,0,0,0,0x1000BFC0
1777198765.025,43889,4,2,EPS,255,BROADCAST,0,HEARTBEAT,48,HEARTBEAT,0,0,0,0,0,0,0x1000BFC0
1777198766.043,44903,4,2,EPS,255,BROADCAST,0,HEARTBEAT,48,HEARTBEAT,0,0,0,0,0,0,0x1000BFC0
1777198767.067,45917,4,2,EPS,255,BROADCAST,0,HEARTBEAT,48,HEARTBEAT,0,0,0,0,0,0,0x1000BFC0
1777198768.092,46931,4,2,EPS,255,BROADCAST,0,HEARTBEAT,48,HEARTBEAT,0,0,0,0,0,0,0x1000BFC0
1777198769.116,47945,4,2,EPS,255,BROADCAST,0,HEARTBEAT,48,HEARTBEAT,0,0,0,0,0,0,0x1000BFC0
1777198770.096,48959,4,2,EPS,255,BROADCAST,0,HEARTBEAT,48,HEARTBEAT,0,0,0,0,0,0,0x1000BFC0
1777198771.109,49973,4,2,EPS,255,BROADCAST,0,HEARTBEAT,48,HEARTBEAT,0,0,0,0,0,0,0x1000BFC0
1777198772.123,50987,4,2,EPS,255,BROADCAST,0,HEARTBEAT,48,HEARTBEAT,0,0,0,0,0,0,0x1000BFC0
1777198773.137,52001,4,2,EPS,255,BROADCAST,0,HEARTBEAT,48,HEARTBEAT,0,0,0,0,0,0,0x1000BFC0
1777198774.153,53015,4,2,EPS,255,BROADCAST,0,HEARTBEAT,48,HEARTBEAT,0,0,0,0,0,0,0x1000BFC0
1777198775.165,54029,4,2,EPS,255,BROADCAST,0,HEARTBEAT,48,HEARTBEAT,0,0,0,0,0,0,0x1000BFC0
1777198776.179,55043,4,2,EPS,255,BROADCAST,0,HEARTBEAT,48,HEARTBEAT,0,0,0,0,0,0,0x1000BFC0
1777198777.216,56057,4,2,EPS,255,BROADCAST,0,HEARTBEAT,48,HEARTBEAT,0,0,0,0,0,0,0x1000BFC0
1777198778.213,57071,4,2,EPS,255,BROADCAST,0,HEARTBEAT,48,HEARTBEAT,0,0,0,0,0,0,0x1000BFC0
1777198779.253,58085,4,2,EPS,255,BROADCAST,0,HEARTBEAT,48,HEARTBEAT,0,0,0,0,0,0,0x1000BFC0
1777198780.236,59099,4,2,EPS,255,BROADCAST,0,HEARTBEAT,48,HEARTBEAT,0,0,0,0,0,0,0x1000BFC0
1777198781.249,60113,4,2,EPS,255,BROADCAST,0,HEARTBEAT,48,HEARTBEAT,0,0,0,0,0,0,0x1000BFC0
1777198782.264,61127,4,2,EPS,255,BROADCAST,0,HEARTBEAT,48,HEARTBEAT,0,0,0,0,0,0,0x1000BFC0
1777198783.278,62140,4,2,EPS,255,BROADCAST,0,HEARTBEAT,48,HEARTBEAT,0,0,0,0,0,0,0x1000BFC0
1777198784.291,63154,4,2,EPS,255,BROADCAST,0,HEARTBEAT,48,HEARTBEAT,0,0,0,0,0,0,0x1000BFC0
1777198785.304,64168,4,2,EPS,255,BROADCAST,0,HEARTBEAT,48,HEARTBEAT,0,0,0,0,0,0,0x1000BFC0
1777198786.319,65182,4,2,EPS,255,BROADCAST,0,HEARTBEAT,48,HEARTBEAT,0,0,0,0,0,0,0x1000BFC0
1777198787.339,66196,4,2,EPS,255,BROADCAST,0,HEARTBEAT,48,HEARTBEAT,0,0,0,0,0,0,0x1000BFC0
1777198788.361,67210,4,2,EPS,255,BROADCAST,0,HEARTBEAT,48,HEARTBEAT,0,0,0,0,0,0,0x1000BFC0
1777198789.386,68224,4,2,EPS,255,BROADCAST,0,HEARTBEAT,48,HEARTBEAT,0,0,0,0,0,0,0x1000BFC0
1777198790.414,69238,4,2,EPS,255,BROADCAST,0,HEARTBEAT,48,HEARTBEAT,0,0,0,0,0,0,0x1000BFC0
1777198791.389,70252,4,2,EPS,255,BROADCAST,0,HEARTBEAT,48,HEARTBEAT,0,0,0,0,0,0,0x1000BFC0
1777198792.403,71266,4,2,EPS,255,BROADCAST,0,HEARTBEAT,48,HEARTBEAT,0,0,0,0,0,0,0x1000BFC0
1777198793.416,72280,4,2,EPS,255,BROADCAST,0,HEARTBEAT,48,HEARTBEAT,0,0,0,0,0,0,0x1000BFC0
1777198794.432,73294,4,2,EPS,255,BROADCAST,0,HEARTBEAT,48,HEARTBEAT,0,0,0,0,0,0,0x1000BFC0
1777198795.444,74308,4,2,EPS,255,BROADCAST,0,HEARTBEAT,48,HEARTBEAT,0,0,0,0,0,0,0x1000BFC0
1777198796.458,75322,4,2,EPS,255,BROADCAST,0,HEARTBEAT,48,HEARTBEAT,0,0,0,0,0,0,0x1000BFC0
1777198797.479,76335,4,2,EPS,255,BROADCAST,0,HEARTBEAT,48,HEARTBEAT,0,0,0,0,0,0,0x1000BFC0
1777198798.495,77349,4,2,EPS,255,BROADCAST,0,HEARTBEAT,48,HEARTBEAT,0,0,0,0,0,0,0x1000BFC0
1777198799.527,78363,4,2,EPS,255,BROADCAST,0,HEARTBEAT,48,HEARTBEAT,0,0,0,0,0,0,0x1000BFC0
1777198800.551,79377,4,2,EPS,255,BROADCAST,0,HEARTBEAT,48,HEARTBEAT,0,0,0,0,0,0,0x1000BFC0
1777198801.528,80391,4,2,EPS,255,BROADCAST,0,HEARTBEAT,48,HEARTBEAT,0,0,0,0,0,0,0x1000BFC0
1777198802.542,81405,4,2,EPS,255,BROADCAST,0,HEARTBEAT,48,HEARTBEAT,0,0,0,0,0,0,0x1000BFC0
1777198803.558,82419,4,2,EPS,255,BROADCAST,0,HEARTBEAT,48,HEARTBEAT,0,0,0,0,0,0,0x1000BFC0
1777198804.569,83433,4,2,EPS,255,BROADCAST,0,HEARTBEAT,48,HEARTBEAT,0,0,0,0,0,0,0x1000BFC0
1777198805.584,84446,4,2,EPS,255,BROADCAST,0,HEARTBEAT,48,HEARTBEAT,0,0,0,0,0,0,0x1000BFC0
1777198806.597,85460,4,2,EPS,255,BROADCAST,0,HEARTBEAT,48,HEARTBEAT,0,0,0,0,0,0,0x1000BFC0
1777198807.618,86474,4,2,EPS,255,BROADCAST,0,HEARTBEAT,48,HEARTBEAT,0,0,0,0,0,0,0x1000BFC0
1777198808.633,87488,4,2,EPS,255,BROADCAST,0,HEARTBEAT,48,HEARTBEAT,0,0,0,0,0,0,0x1000BFC0
1777198809.668,88502,4,2,EPS,255,BROADCAST,0,HEARTBEAT,48,HEARTBEAT,0,0,0,0,0,0,0x1000BFC0
1777198810.679,89516,4,2,EPS,255,BROADCAST,0,HEARTBEAT,48,HEARTBEAT,0,0,0,0,0,0,0x1000BFC0
1777198811.670,90529,4,2,EPS,255,BROADCAST,0,HEARTBEAT,48,HEARTBEAT,0,0,0,0,0,0,0x1000BFC0
1777198812.680,91543,4,2,EPS,255,BROADCAST,0,HEARTBEAT,48,HEARTBEAT,0,0,0,0,0,0,0x1000BFC0
1777198813.694,92557,4,2,EPS,255,BROADCAST,0,HEARTBEAT,48,HEARTBEAT,0,0,0,0,0,0,0x1000BFC0
1777198814.708,93571,4,2,EPS,255,BROADCAST,0,HEARTBEAT,48,HEARTBEAT,0,0,0,0,0,0,0x1000BFC0
1777198815.722,94585,4,2,EPS,255,BROADCAST,0,HEARTBEAT,48,HEARTBEAT,0,0,0,0,0,0,0x1000BFC0
1777198816.738,95599,4,2,EPS,255,BROADCAST,0,HEARTBEAT,48,HEARTBEAT,0,0,0,0,0,0,0x1000BFC0
1777198817.763,96613,4,2,EPS,255,BROADCAST,0,HEARTBEAT,48,HEARTBEAT,0,0,0,0,0,0,0x1000BFC0
1777198818.784,97627,4,2,EPS,255,BROADCAST,0,HEARTBEAT,48,HEARTBEAT,0,0,0,0,0,0,0x1000BFC0
1777198819.801,98640,4,2,EPS,255,BROADCAST,0,HEARTBEAT,48,HEARTBEAT,0,0,0,0,0,0,0x1000BFC0
1777198820.816,99654,4,2,EPS,255,BROADCAST,0,HEARTBEAT,48,HEARTBEAT,0,0,0,0,0,0,0x1000BFC0
1777198821.805,100668,4,2,EPS,255,BROADCAST,0,HEARTBEAT,48,HEARTBEAT,0,0,0,0,0,0,0x1000BFC0
1777198822.819,101682,4,2,EPS,255,BROADCAST,0,HEARTBEAT,48,HEARTBEAT,0,0,0,0,0,0,0x1000BFC0
1777198823.836,102696,4,2,EPS,255,BROADCAST,0,HEARTBEAT,48,HEARTBEAT,0,0,0,0,0,0,0x1000BFC0
1777198824.847,103709,4,2,EPS,255,BROADCAST,0,HEARTBEAT,48,HEARTBEAT,0,0,0,0,0,0,0x1000BFC0
1777198825.859,104723,4,2,EPS,255,BROADCAST,0,HEARTBEAT,48,HEARTBEAT,0,0,0,0,0,0,0x1000BFC0
1777198826.874,105737,4,2,EPS,255,BROADCAST,0,HEARTBEAT,48,HEARTBEAT,0,0,0,0,0,0,0x1000BFC0
1777198827.889,106751,4,2,EPS,255,BROADCAST,0,HEARTBEAT,48,HEARTBEAT,0,0,0,0,0,0,0x1000BFC0
1777198828.913,107764,4,2,EPS,255,BROADCAST,0,HEARTBEAT,48,HEARTBEAT,0,0,0,0,0,0,0x1000BFC0
1777198829.943,108778,4,2,EPS,255,BROADCAST,0,HEARTBEAT,48,HEARTBEAT,0,0,0,0,0,0,0x1000BFC0
1777198830.967,109792,4,2,EPS,255,BROADCAST,0,HEARTBEAT,48,HEARTBEAT,0,0,0,0,0,0,0x1000BFC0
1777198831.943,110806,4,2,EPS,255,BROADCAST,0,HEARTBEAT,48,HEARTBEAT,0,0,0,0,0,0,0x1000BFC0
1777198832.956,111820,4,2,EPS,255,BROADCAST,0,HEARTBEAT,48,HEARTBEAT,0,0,0,0,0,0,0x1000BFC0
1777198833.971,112833,4,2,EPS,255,BROADCAST,0,HEARTBEAT,48,HEARTBEAT,0,0,0,0,0,0,0x1000BFC0
1777198834.986,113847,4,2,EPS,255,BROADCAST,0,HEARTBEAT,48,HEARTBEAT,0,0,0,0,0,0,0x1000BFC0
1777198835.998,114861,4,2,EPS,255,BROADCAST,0,HEARTBEAT,48,HEARTBEAT,0,0,0,0,0,0,0x1000BFC0
1777198837.012,115875,4,2,EPS,255,BROADCAST,0,HEARTBEAT,48,HEARTBEAT,0,0,0,0,0,0,0x1000BFC0
1777198838.026,116889,4,2,EPS,255,BROADCAST,0,HEARTBEAT,48,HEARTBEAT,0,0,0,0,0,0,0x1000BFC0
1777198839.059,117902,4,2,EPS,255,BROADCAST,0,HEARTBEAT,48,HEARTBEAT,0,0,0,0,0,0,0x1000BFC0
1777198840.074,118916,4,2,EPS,255,BROADCAST,0,HEARTBEAT,48,HEARTBEAT,0,0,0,0,0,0,0x1000BFC0
1777198841.100,119930,4,2,EPS,255,BROADCAST,0,HEARTBEAT,48,HEARTBEAT,0,0,0,0,0,0,0x1000BFC0
1777198842.081,120944,4,2,EPS,255,BROADCAST,0,HEARTBEAT,48,HEARTBEAT,0,0,0,0,0,0,0x1000BFC0
1777198843.096,121958,4,2,EPS,255,BROADCAST,0,HEARTBEAT,48,HEARTBEAT,0,0,0,0,0,0,0x1000BFC0
1777198844.110,122972,4,2,EPS,255,BROADCAST,0,HEARTBEAT,48,HEARTBEAT,0,0,0,0,0,0,0x1000BFC0
1777198845.127,123986,4,2,EPS,255,BROADCAST,0,HEARTBEAT,48,HEARTBEAT,0,0,0,0,0,0,0x1000BFC0
1777198846.136,124999,4,2,EPS,255,BROADCAST,0,HEARTBEAT,48,HEARTBEAT,0,0,0,0,0,0,0x1000BFC0
1777198847.151,126013,4,2,EPS,255,BROADCAST,0,HEARTBEAT,48,HEARTBEAT,0,0,0,0,0,0,0x1000BFC0
1777198848.166,127027,4,2,EPS,255,BROADCAST,0,HEARTBEAT,48,HEARTBEAT,0,0,0,0,0,0,0x1000BFC0
1777198849.188,128041,4,2,EPS,255,BROADCAST,0,HEARTBEAT,48,HEARTBEAT,0,0,0,0,0,0,0x1000BFC0
1777198850.221,129054,4,2,EPS,255,BROADCAST,0,HEARTBEAT,48,HEARTBEAT,0,0,0,0,0,0,0x1000BFC0
1777198851.243,130068,4,2,EPS,255,BROADCAST,0,HEARTBEAT,48,HEARTBEAT,0,0,0,0,0,0,0x1000BFC0
1777198852.220,131082,4,2,EPS,255,BROADCAST,0,HEARTBEAT,48,HEARTBEAT,0,0,0,0,0,0,0x1000BFC0
1777198853.234,132096,4,2,EPS,255,BROADCAST,0,HEARTBEAT,48,HEARTBEAT,0,0,0,0,0,0,0x1000BFC0
1777198854.248,133110,4,2,EPS,255,BROADCAST,0,HEARTBEAT,48,HEARTBEAT,0,0,0,0,0,0,0x1000BFC0
1777198855.261,134123,4,2,EPS,255,BROADCAST,0,HEARTBEAT,48,HEARTBEAT,0,0,0,0,0,0,0x1000BFC0
1777198856.280,135137,4,2,EPS,255,BROADCAST,0,HEARTBEAT,48,HEARTBEAT,0,0,0,0,0,0,0x1000BFC0
1777198857.289,136151,4,2,EPS,255,BROADCAST,0,HEARTBEAT,48,HEARTBEAT,0,0,0,0,0,0,0x1000BFC0
1777198858.310,137165,4,2,EPS,255,BROADCAST,0,HEARTBEAT,48,HEARTBEAT,0,0,0,0,0,0,0x1000BFC0
1777198859.332,138179,4,2,EPS,255,BROADCAST,0,HEARTBEAT,48,HEARTBEAT,0,0,0,0,0,0,0x1000BFC0
1777198860.354,139193,4,2,EPS,255,BROADCAST,0,HEARTBEAT,48,HEARTBEAT,0,0,0,0,0,0,0x1000BFC0
1777198861.375,140207,4,2,EPS,255,BROADCAST,0,HEARTBEAT,48,HEARTBEAT,0,0,0,0,0,0,0x1000BFC0
1777198862.359,141221,4,2,EPS,255,BROADCAST,0,HEARTBEAT,48,HEARTBEAT,0,0,0,0,0,0,0x1000BFC0
1777198863.376,142235,4,2,EPS,255,BROADCAST,0,HEARTBEAT,48,HEARTBEAT,0,0,0,0,0,0,0x1000BFC0
1777198864.389,143249,4,2,EPS,255,BROADCAST,0,HEARTBEAT,48,HEARTBEAT,0,0,0,0,0,0,0x1000BFC0
1777198865.401,144263,4,2,EPS,255,BROADCAST,0,HEARTBEAT,48,HEARTBEAT,0,0,0,0,0,0,0x1000BFC0
1777198866.414,145276,4,2,EPS,255,BROADCAST,0,HEARTBEAT,48,HEARTBEAT,0,0,0,0,0,0,0x1000BFC0
1777198867.428,146290,4,2,EPS,255,BROADCAST,0,HEARTBEAT,48,HEARTBEAT,0,0,0,0,0,0,0x1000BFC0
1777198868.448,147304,4,2,EPS,255,BROADCAST,0,HEARTBEAT,48,HEARTBEAT,0,0,0,0,0,0,0x1000BFC0
1777198869.467,148318,4,2,EPS,255,BROADCAST,0,HEARTBEAT,48,HEARTBEAT,0,0,0,0,0,0,0x1000BFC0
1777198870.487,149332,4,2,EPS,255,BROADCAST,0,HEARTBEAT,48,HEARTBEAT,0,0,0,0,0,0,0x1000BFC0
1777198871.510,150346,4,2,EPS,255,BROADCAST,0,HEARTBEAT,48,HEARTBEAT,0,0,0,0,0,0,0x1000BFC0
1777198872.497,151359,4,2,EPS,255,BROADCAST,0,HEARTBEAT,48,HEARTBEAT,0,0,0,0,0,0,0x1000BFC0
1777198873.511,152373,4,2,EPS,255,BROADCAST,0,HEARTBEAT,48,HEARTBEAT,0,0,0,0,0,0,0x1000BFC0
1777198874.525,153387,4,2,EPS,255,BROADCAST,0,HEARTBEAT,48,HEARTBEAT,0,0,0,0,0,0,0x1000BFC0
1777198875.540,154401,4,2,EPS,255,BROADCAST,0,HEARTBEAT,48,HEARTBEAT,0,0,0,0,0,0,0x1000BFC0
1777198876.553,155415,4,2,EPS,255,BROADCAST,0,HEARTBEAT,48,HEARTBEAT,0,0,0,0,0,0,0x1000BFC0
1777198877.567,156429,4,2,EPS,255,BROADCAST,0,HEARTBEAT,48,HEARTBEAT,0,0,0,0,0,0,0x1000BFC0
1777198878.585,157442,4,2,EPS,255,BROADCAST,0,HEARTBEAT,48,HEARTBEAT,0,0,0,0,0,0,0x1000BFC0
1777198879.601,158456,4,2,EPS,255,BROADCAST,0,HEARTBEAT,48,HEARTBEAT,0,0,0,0,0,0,0x1000BFC0
1777198886.830,165692,4,2,EPS,255,BROADCAST,0,HEARTBEAT,48,HEARTBEAT,0,0,0,0,0,0,0x1000BFC0
1777198887.858,166721,4,2,EPS,255,BROADCAST,0,HEARTBEAT,48,HEARTBEAT,0,0,0,0,0,0,0x1000BFC0
1777198888.872,167735,4,2,EPS,255,BROADCAST,0,HEARTBEAT,48,HEARTBEAT,0,0,0,0,0,0,0x1000BFC0
1777198889.886,168749,4,2,EPS,255,BROADCAST,0,HEARTBEAT,48,HEARTBEAT,0,0,0,0,0,0,0x1000BFC0
1777198890.900,169763,4,2,EPS,255,BROADCAST,0,HEARTBEAT,48,HEARTBEAT,0,0,0,0,0,0,0x1000BFC0
1777198891.914,170777,4,2,EPS,255,BROADCAST,0,HEARTBEAT,48,HEARTBEAT,0,0,0,0,0,0,0x1000BFC0
1777198892.928,171791,4,2,EPS,255,BROADCAST,0,HEARTBEAT,48,HEARTBEAT,0,0,0,0,0,0,0x1000BFC0
1777198893.966,172805,4,2,EPS,255,BROADCAST,0,HEARTBEAT,48,HEARTBEAT,0,0,0,0,0,0,0x1000BFC0
1777198894.971,173819,4,2,EPS,255,BROADCAST,0,HEARTBEAT,48,HEARTBEAT,0,0,0,0,0,0,0x1000BFC0
1777198895.991,174833,4,2,EPS,255,BROADCAST,0,HEARTBEAT,48,HEARTBEAT,0,0,0,0,0,0,0x1000BFC0
1777198897.010,175847,4,2,EPS,255,BROADCAST,0,HEARTBEAT,48,HEARTBEAT,0,0,0,0,0,0,0x1000BFC0
1777198906.169,4493,4,2,EPS,255,BROADCAST,0,HEARTBEAT,48,HEARTBEAT,0,0,0,0,0,0,0x1000BFC0
1777198907.180,5507,4,2,EPS,255,BROADCAST,0,HEARTBEAT,48,HEARTBEAT,0,0,0,0,0,0,0x1000BFC0
1777198908.194,6521,4,2,EPS,255,BROADCAST,0,HEARTBEAT,48,HEARTBEAT,0,0,0,0,0,0,0x1000BFC0
1777198909.208,7534,4,2,EPS,255,BROADCAST,0,HEARTBEAT,48,HEARTBEAT,0,0,0,0,0,0,0x1000BFC0
1777198910.228,8549,4,2,EPS,255,BROADCAST,0,HEARTBEAT,48,HEARTBEAT,0,0,0,0,0,0,0x1000BFC0
1777198911.253,9562,4,2,EPS,255,BROADCAST,0,HEARTBEAT,48,HEARTBEAT,0,0,0,0,0,0,0x1000BFC0
1777198912.277,10576,4,2,EPS,255,BROADCAST,0,HEARTBEAT,48,HEARTBEAT,0,0,0,0,0,0,0x1000BFC0
1777198921.492,19797,4,2,EPS,255,BROADCAST,0,HEARTBEAT,48,HEARTBEAT,0,0,0,0,0,0,0x1000BFC0
1777198922.523,20826,4,2,EPS,255,BROADCAST,0,HEARTBEAT,48,HEARTBEAT,0,0,0,0,0,0,0x1000BFC0
1777198923.542,21840,4,2,EPS,255,BROADCAST,0,HEARTBEAT,48,HEARTBEAT,0,0,0,0,0,0,0x1000BFC0
1777198924.557,22854,4,2,EPS,255,BROADCAST,0,HEARTBEAT,48,HEARTBEAT,0,0,0,0,0,0,0x1000BFC0
1777198925.542,23869,4,2,EPS,255,BROADCAST,0,HEARTBEAT,48,HEARTBEAT,0,0,0,0,0,0,0x1000BFC0
1777198934.117,4493,4,2,EPS,255,BROADCAST,0,HEARTBEAT,48,HEARTBEAT,0,0,0,0,0,0,0x1000BFC0
1777198934.495,5508,4,2,EPS,255,BROADCAST,0,HEARTBEAT,48,HEARTBEAT,0,0,0,0,0,0,0x1000BFC0
1777198935.526,6522,4,2,EPS,255,BROADCAST,0,HEARTBEAT,48,HEARTBEAT,0,0,0,0,0,0,0x1000BFC0
1777198936.496,7536,4,2,EPS,255,BROADCAST,0,HEARTBEAT,48,HEARTBEAT,0,0,0,0,0,0,0x1000BFC0
1777198937.511,8550,4,2,EPS,255,BROADCAST,0,HEARTBEAT,48,HEARTBEAT,0,0,0,0,0,0,0x1000BFC0
1777198938.525,9564,4,2,EPS,255,BROADCAST,0,HEARTBEAT,48,HEARTBEAT,0,0,0,0,0,0,0x1000BFC0
1777198939.539,10578,4,2,EPS,255,BROADCAST,0,HEARTBEAT,48,HEARTBEAT,0,0,0,0,0,0,0x1000BFC0
1777198940.553,11592,4,2,EPS,255,BROADCAST,0,HEARTBEAT,48,HEARTBEAT,0,0,0,0,0,0,0x1000BFC0
1777198941.567,12606,4,2,EPS,255,BROADCAST,0,HEARTBEAT,48,HEARTBEAT,0,0,0,0,0,0,0x1000BFC0
1777198942.584,13620,4,2,EPS,255,BROADCAST,0,HEARTBEAT,48,HEARTBEAT,0,0,0,0,0,0,0x1000BFC0
1777198943.609,14634,4,2,EPS,255,BROADCAST,0,HEARTBEAT,48,HEARTBEAT,0,0,0,0,0,0,0x1000BFC0
1777198944.635,15648,4,2,EPS,255,BROADCAST,0,HEARTBEAT,48,HEARTBEAT,0,0,0,0,0,0,0x1000BFC0
1777198945.658,16662,4,2,EPS,255,BROADCAST,0,HEARTBEAT,48,HEARTBEAT,0,0,0,0,0,0,0x1000BFC0
1777198946.638,17676,4,2,EPS,255,BROADCAST,0,HEARTBEAT,48,HEARTBEAT,0,0,0,0,0,0,0x1000BFC0
1777198947.652,18690,4,2,EPS,255,BROADCAST,0,HEARTBEAT,48,HEARTBEAT,0,0,0,0,0,0,0x1000BFC0
1777198948.665,19704,4,2,EPS,255,BROADCAST,0,HEARTBEAT,48,HEARTBEAT,0,0,0,0,0,0,0x1000BFC0
1777198949.679,20718,4,2,EPS,255,BROADCAST,0,HEARTBEAT,48,HEARTBEAT,0,0,0,0,0,0,0x1000BFC0
1777198950.694,21732,4,2,EPS,255,BROADCAST,0,HEARTBEAT,48,HEARTBEAT,0,0,0,0,0,0,0x1000BFC0
1777198951.707,22746,4,2,EPS,255,BROADCAST,0,HEARTBEAT,48,HEARTBEAT,0,0,0,0,0,0,0x1000BFC0
1777198952.739,23760,4,2,EPS,255,BROADCAST,0,HEARTBEAT,48,HEARTBEAT,0,0,0,0,0,0,0x1000BFC0
1777198953.745,24774,4,2,EPS,255,BROADCAST,0,HEARTBEAT,48,HEARTBEAT,0,0,0,0,0,0,0x1000BFC0
1777198954.765,25788,4,2,EPS,255,BROADCAST,0,HEARTBEAT,48,HEARTBEAT,0,0,0,0,0,0,0x1000BFC0
1777198955.790,26802,4,2,EPS,255,BROADCAST,0,HEARTBEAT,48,HEARTBEAT,0,0,0,0,0,0,0x1000BFC0
1777198956.777,27816,4,2,EPS,255,BROADCAST,0,HEARTBEAT,48,HEARTBEAT,0,0,0,0,0,0,0x1000BFC0
1777198957.795,28830,4,2,EPS,255,BROADCAST,0,HEARTBEAT,48,HEARTBEAT,0,0,0,0,0,0,0x1000BFC0
1777198958.806,29845,4,2,EPS,255,BROADCAST,0,HEARTBEAT,48,HEARTBEAT,0,0,0,0,0,0,0x1000BFC0
1777198959.820,30858,4,2,EPS,255,BROADCAST,0,HEARTBEAT,48,HEARTBEAT,0,0,0,0,0,0,0x1000BFC0
1777198960.834,31873,4,2,EPS,255,BROADCAST,0,HEARTBEAT,48,HEARTBEAT,0,0,0,0,0,0,0x1000BFC0
1777198961.848,32887,4,2,EPS,255,BROADCAST,0,HEARTBEAT,48,HEARTBEAT,0,0,0,0,0,0,0x1000BFC0
1777198962.862,33901,4,2,EPS,255,BROADCAST,0,HEARTBEAT,48,HEARTBEAT,0,0,0,0,0,0,0x1000BFC0
1777198963.883,34915,4,2,EPS,255,BROADCAST,0,HEARTBEAT,48,HEARTBEAT,0,0,0,0,0,0,0x1000BFC0
1777198964.911,35929,4,2,EPS,255,BROADCAST,0,HEARTBEAT,48,HEARTBEAT,0,0,0,0,0,0,0x1000BFC0
1777198965.935,36943,4,2,EPS,255,BROADCAST,0,HEARTBEAT,48,HEARTBEAT,0,0,0,0,0,0,0x1000BFC0
1777198966.953,37956,4,2,EPS,255,BROADCAST,0,HEARTBEAT,48,HEARTBEAT,0,0,0,0,0,0,0x1000BFC0
1777198967.932,38970,4,2,EPS,255,BROADCAST,0,HEARTBEAT,48,HEARTBEAT,0,0,0,0,0,0,0x1000BFC0
1777198968.946,39984,4,2,EPS,255,BROADCAST,0,HEARTBEAT,48,HEARTBEAT,0,0,0,0,0,0,0x1000BFC0
1777198969.961,40998,4,2,EPS,255,BROADCAST,0,HEARTBEAT,48,HEARTBEAT,0,0,0,0,0,0,0x1000BFC0
1777198970.974,42012,4,2,EPS,255,BROADCAST,0,HEARTBEAT,48,HEARTBEAT,0,0,0,0,0,0,0x1000BFC0
1777198971.990,43026,4,2,EPS,255,BROADCAST,0,HEARTBEAT,48,HEARTBEAT,0,0,0,0,0,0,0x1000BFC0
1777198973.003,44040,4,2,EPS,255,BROADCAST,0,HEARTBEAT,48,HEARTBEAT,0,0,0,0,0,0,0x1000BFC0
1777198974.018,45054,4,2,EPS,255,BROADCAST,0,HEARTBEAT,48,HEARTBEAT,0,0,0,0,0,0,0x1000BFC0
1777198975.037,46068,4,2,EPS,255,BROADCAST,0,HEARTBEAT,48,HEARTBEAT,0,0,0,0,0,0,0x1000BFC0
1777198976.074,47082,4,2,EPS,255,BROADCAST,0,HEARTBEAT,48,HEARTBEAT,0,0,0,0,0,0,0x1000BFC0
1777198977.089,48097,4,2,EPS,255,BROADCAST,0,HEARTBEAT,48,HEARTBEAT,0,0,0,0,0,0,0x1000BFC0
1777198978.073,49111,4,2,EPS,255,BROADCAST,0,HEARTBEAT,48,HEARTBEAT,0,0,0,0,0,0,0x1000BFC0
1777198979.086,50125,4,2,EPS,255,BROADCAST,0,HEARTBEAT,48,HEARTBEAT,0,0,0,0,0,0,0x1000BFC0
1777198980.100,51139,4,2,EPS,255,BROADCAST,0,HEARTBEAT,48,HEARTBEAT,0,0,0,0,0,0,0x1000BFC0
1777198981.114,52153,4,2,EPS,255,BROADCAST,0,HEARTBEAT,48,HEARTBEAT,0,0,0,0,0,0,0x1000BFC0
1777198982.129,53167,4,2,EPS,255,BROADCAST,0,HEARTBEAT,48,HEARTBEAT,0,0,0,0,0,0,0x1000BFC0
1777198983.143,54181,4,2,EPS,255,BROADCAST,0,HEARTBEAT,48,HEARTBEAT,0,0,0,0,0,0,0x1000BFC0
1777198984.166,55194,4,2,EPS,255,BROADCAST,0,HEARTBEAT,48,HEARTBEAT,0,0,0,0,0,0,0x1000BFC0
1777198985.187,56209,4,2,EPS,255,BROADCAST,0,HEARTBEAT,48,HEARTBEAT,0,0,0,0,0,0,0x1000BFC0
1777198986.211,57222,4,2,EPS,255,BROADCAST,0,HEARTBEAT,48,HEARTBEAT,0,0,0,0,0,0,0x1000BFC0
1777198987.229,58236,4,2,EPS,255,BROADCAST,0,HEARTBEAT,48,HEARTBEAT,0,0,0,0,0,0,0x1000BFC0
1777198988.212,59251,4,2,EPS,255,BROADCAST,0,HEARTBEAT,48,HEARTBEAT,0,0,0,0,0,0,0x1000BFC0
1777198989.226,60265,4,2,EPS,255,BROADCAST,0,HEARTBEAT,48,HEARTBEAT,0,0,0,0,0,0,0x1000BFC0
1777198990.241,61279,4,2,EPS,255,BROADCAST,0,HEARTBEAT,48,HEARTBEAT,0,0,0,0,0,0,0x1000BFC0
1777198991.255,62293,4,2,EPS,255,BROADCAST,0,HEARTBEAT,48,HEARTBEAT,0,0,0,0,0,0,0x1000BFC0
1777198992.269,63307,4,2,EPS,255,BROADCAST,0,HEARTBEAT,48,HEARTBEAT,0,0,0,0,0,0,0x1000BFC0
1777198993.283,64320,4,2,EPS,255,BROADCAST,0,HEARTBEAT,48,HEARTBEAT,0,0,0,0,0,0,0x1000BFC0
1777198994.298,65335,4,2,EPS,255,BROADCAST,0,HEARTBEAT,48,HEARTBEAT,0,0,0,0,0,0,0x1000BFC0
1777198995.326,66348,4,2,EPS,255,BROADCAST,0,HEARTBEAT,48,HEARTBEAT,0,0,0,0,0,0,0x1000BFC0
1777198996.351,67362,4,2,EPS,255,BROADCAST,0,HEARTBEAT,48,HEARTBEAT,0,0,0,0,0,0,0x1000BFC0
1777198997.373,68376,4,2,EPS,255,BROADCAST,0,HEARTBEAT,48,HEARTBEAT,0,0,0,0,0,0,0x1000BFC0
1777198998.353,69390,4,2,EPS,255,BROADCAST,0,HEARTBEAT,48,HEARTBEAT,0,0,0,0,0,0,0x1000BFC0
1777198999.367,70404,4,2,EPS,255,BROADCAST,0,HEARTBEAT,48,HEARTBEAT,0,0,0,0,0,0,0x1000BFC0
1777199000.380,71418,4,2,EPS,255,BROADCAST,0,HEARTBEAT,48,HEARTBEAT,0,0,0,0,0,0,0x1000BFC0
1777199001.394,72432,4,2,EPS,255,BROADCAST,0,HEARTBEAT,48,HEARTBEAT,0,0,0,0,0,0,0x1000BFC0
1777199002.408,73446,4,2,EPS,255,BROADCAST,0,HEARTBEAT,48,HEARTBEAT,0,0,0,0,0,0,0x1000BFC0
1777199003.422,74460,4,2,EPS,255,BROADCAST,0,HEARTBEAT,48,HEARTBEAT,0,0,0,0,0,0,0x1000BFC0
1777199004.436,75474,4,2,EPS,255,BROADCAST,0,HEARTBEAT,48,HEARTBEAT,0,0,0,0,0,0,0x1000BFC0
1777199005.463,76488,4,2,EPS,255,BROADCAST,0,HEARTBEAT,48,HEARTBEAT,0,0,0,0,0,0,0x1000BFC0
1777199006.489,77502,4,2,EPS,255,BROADCAST,0,HEARTBEAT,48,HEARTBEAT,0,0,0,0,0,0,0x1000BFC0
1777199007.505,78516,4,2,EPS,255,BROADCAST,0,HEARTBEAT,48,HEARTBEAT,0,0,0,0,0,0,0x1000BFC0
1777199008.492,79530,4,2,EPS,255,BROADCAST,0,HEARTBEAT,48,HEARTBEAT,0,0,0,0,0,0,0x1000BFC0
1777199009.507,80544,4,2,EPS,255,BROADCAST,0,HEARTBEAT,48,HEARTBEAT,0,0,0,0,0,0,0x1000BFC0
1777199010.520,81558,4,2,EPS,255,BROADCAST,0,HEARTBEAT,48,HEARTBEAT,0,0,0,0,0,0,0x1000BFC0
1777199011.534,82572,4,2,EPS,255,BROADCAST,0,HEARTBEAT,48,HEARTBEAT,0,0,0,0,0,0,0x1000BFC0
1777199012.549,83586,4,2,EPS,255,BROADCAST,0,HEARTBEAT,48,HEARTBEAT,0,0,0,0,0,0,0x1000BFC0
1777199013.562,84600,4,2,EPS,255,BROADCAST,0,HEARTBEAT,48,HEARTBEAT,0,0,0,0,0,0,0x1000BFC0
1777199014.576,85614,4,2,EPS,255,BROADCAST,0,HEARTBEAT,48,HEARTBEAT,0,0,0,0,0,0,0x1000BFC0
1777199015.604,86627,4,2,EPS,255,BROADCAST,0,HEARTBEAT,48,HEARTBEAT,0,0,0,0,0,0,0x1000BFC0
1777199016.618,87641,4,2,EPS,255,BROADCAST,0,HEARTBEAT,48,HEARTBEAT,0,0,0,0,0,0,0x1000BFC0
1777199017.644,88655,4,2,EPS,255,BROADCAST,0,HEARTBEAT,48,HEARTBEAT,0,0,0,0,0,0,0x1000BFC0
1777199018.668,89669,4,2,EPS,255,BROADCAST,0,HEARTBEAT,48,HEARTBEAT,0,0,0,0,0,0,0x1000BFC0
1777199019.660,90683,4,2,EPS,255,BROADCAST,0,HEARTBEAT,48,HEARTBEAT,0,0,0,0,0,0,0x1000BFC0
1777199020.659,91697,4,2,EPS,255,BROADCAST,0,HEARTBEAT,48,HEARTBEAT,0,0,0,0,0,0,0x1000BFC0
1777199021.675,92711,4,2,EPS,255,BROADCAST,0,HEARTBEAT,48,HEARTBEAT,0,0,0,0,0,0,0x1000BFC0
1777199022.687,93725,4,2,EPS,255,BROADCAST,0,HEARTBEAT,48,HEARTBEAT,0,0,0,0,0,0,0x1000BFC0
1777199023.701,94738,4,2,EPS,255,BROADCAST,0,HEARTBEAT,48,HEARTBEAT,0,0,0,0,0,0,0x1000BFC0
1777199024.715,95752,4,2,EPS,255,BROADCAST,0,HEARTBEAT,48,HEARTBEAT,0,0,0,0,0,0,0x1000BFC0
1777199025.739,96766,4,2,EPS,255,BROADCAST,0,HEARTBEAT,48,HEARTBEAT,0,0,0,0,0,0,0x1000BFC0
1777199026.761,97780,4,2,EPS,255,BROADCAST,0,HEARTBEAT,48,HEARTBEAT,0,0,0,0,0,0,0x1000BFC0
1777199027.783,98794,4,2,EPS,255,BROADCAST,0,HEARTBEAT,48,HEARTBEAT,0,0,0,0,0,0,0x1000BFC0
1777199028.802,99808,4,2,EPS,255,BROADCAST,0,HEARTBEAT,48,HEARTBEAT,0,0,0,0,0,0,0x1000BFC0
1777199029.794,100822,4,2,EPS,255,BROADCAST,0,HEARTBEAT,48,HEARTBEAT,0,0,0,0,0,0,0x1000BFC0
1777199030.799,101836,4,2,EPS,255,BROADCAST,0,HEARTBEAT,48,HEARTBEAT,0,0,0,0,0,0,0x1000BFC0
1777199031.812,102850,4,2,EPS,255,BROADCAST,0,HEARTBEAT,48,HEARTBEAT,0,0,0,0,0,0,0x1000BFC0
1777199032.826,103864,4,2,EPS,255,BROADCAST,0,HEARTBEAT,48,HEARTBEAT,0,0,0,0,0,0,0x1000BFC0
1777199033.826,104878,4,2,EPS,255,BROADCAST,0,HEARTBEAT,48,HEARTBEAT,0,0,0,0,0,0,0x1000BFC0
1777199034.854,105891,4,2,EPS,255,BROADCAST,0,HEARTBEAT,48,HEARTBEAT,0,0,0,0,0,0,0x1000BFC0
1777199035.871,106905,4,2,EPS,255,BROADCAST,0,HEARTBEAT,48,HEARTBEAT,0,0,0,0,0,0,0x1000BFC0
1777199036.890,107919,4,2,EPS,255,BROADCAST,0,HEARTBEAT,48,HEARTBEAT,0,0,0,0,0,0,0x1000BFC0
1777199037.925,108933,4,2,EPS,255,BROADCAST,0,HEARTBEAT,48,HEARTBEAT,0,0,0,0,0,0,0x1000BFC0
1777199038.939,109947,4,2,EPS,255,BROADCAST,0,HEARTBEAT,48,HEARTBEAT,0,0,0,0,0,0,0x1000BFC0
1777199039.924,110962,4,2,EPS,255,BROADCAST,0,HEARTBEAT,48,HEARTBEAT,0,0,0,0,0,0,0x1000BFC0
1777199040.940,111976,4,2,EPS,255,BROADCAST,0,HEARTBEAT,48,HEARTBEAT,0,0,0,0,0,0,0x1000BFC0
1777200199.644,33614,4,2,EPS,1,CDH,3,CMD_RESP,82,CMD_RESP_0x52,0,0,0,0,0,0,0x10008043
1777200199.644,33615,4,2,EPS,1,CDH,3,CMD_RESP,82,CMD_RESP_0x52,0,0,0,0,0,0,0x10008043
1777200200.630,34603,4,2,EPS,255,BROADCAST,0,HEARTBEAT,48,HEARTBEAT,0,0,0,0,0,0,0x1000BFC0
1777200201.659,35632,4,2,EPS,255,BROADCAST,0,HEARTBEAT,48,HEARTBEAT,0,0,0,0,0,0,0x1000BFC0
1777200202.673,36647,4,2,EPS,255,BROADCAST,0,HEARTBEAT,48,HEARTBEAT,0,0,0,0,0,0,0x1000BFC0
1777200203.689,37661,4,2,EPS,255,BROADCAST,0,HEARTBEAT,48,HEARTBEAT,0,0,0,0,0,0,0x1000BFC0
1777200204.707,38676,4,2,EPS,255,BROADCAST,0,HEARTBEAT,48,HEARTBEAT,0,0,0,0,0,0,0x1000BFC0
1777200205.738,39691,4,2,EPS,255,BROADCAST,0,HEARTBEAT,48,HEARTBEAT,0,0,0,0,0,0,0x1000BFC0
1777200206.757,40705,4,2,EPS,255,BROADCAST,0,HEARTBEAT,48,HEARTBEAT,0,0,0,0,0,0,0x1000BFC0
1777200207.782,41720,4,2,EPS,255,BROADCAST,0,HEARTBEAT,48,HEARTBEAT,0,0,0,0,0,0,0x1000BFC0
1777200208.762,42734,4,2,EPS,255,BROADCAST,0,HEARTBEAT,48,HEARTBEAT,0,0,0,0,0,0,0x1000BFC0
1777200209.788,43749,4,2,EPS,255,BROADCAST,0,HEARTBEAT,48,HEARTBEAT,0,0,0,0,0,0,0x1000BFC0
1777200210.791,44763,4,2,EPS,255,BROADCAST,0,HEARTBEAT,48,HEARTBEAT,0,0,0,0,0,0,0x1000BFC0
1777200211.804,45778,4,2,EPS,255,BROADCAST,0,HEARTBEAT,48,HEARTBEAT,0,0,0,0,0,0,0x1000BFC0
1777200212.819,46792,4,2,EPS,255,BROADCAST,0,HEARTBEAT,48,HEARTBEAT,0,0,0,0,0,0,0x1000BFC0
1777200213.837,47806,4,2,EPS,255,BROADCAST,0,HEARTBEAT,48,HEARTBEAT,0,0,0,0,0,0,0x1000BFC0
1777200214.849,48821,4,2,EPS,255,BROADCAST,0,HEARTBEAT,48,HEARTBEAT,0,0,0,0,0,0,0x1000BFC0
1777200215.878,49835,4,2,EPS,255,BROADCAST,0,HEARTBEAT,48,HEARTBEAT,0,0,0,0,0,0,0x1000BFC0
1777200216.883,50849,4,2,EPS,255,BROADCAST,0,HEARTBEAT,48,HEARTBEAT,0,0,0,0,0,0,0x1000BFC0
1777200217.919,51864,4,2,EPS,255,BROADCAST,0,HEARTBEAT,48,HEARTBEAT,0,0,0,0,0,0,0x1000BFC0
1777200218.942,52878,4,2,EPS,255,BROADCAST,0,HEARTBEAT,48,HEARTBEAT,0,0,0,0,0,0,0x1000BFC0
1777200219.920,53892,4,2,EPS,255,BROADCAST,0,HEARTBEAT,48,HEARTBEAT,0,0,0,0,0,0,0x1000BFC0
1777200220.934,54907,4,2,EPS,255,BROADCAST,0,HEARTBEAT,48,HEARTBEAT,0,0,0,0,0,0,0x1000BFC0
1777200221.950,55921,4,2,EPS,255,BROADCAST,0,HEARTBEAT,48,HEARTBEAT,0,0,0,0,0,0,0x1000BFC0
1777200222.964,56935,4,2,EPS,255,BROADCAST,0,HEARTBEAT,48,HEARTBEAT,0,0,0,0,0,0,0x1000BFC0
1777200223.978,57950,4,2,EPS,255,BROADCAST,0,HEARTBEAT,48,HEARTBEAT,0,0,0,0,0,0,0x1000BFC0
1777200225.001,58964,4,2,EPS,255,BROADCAST,0,HEARTBEAT,48,HEARTBEAT,0,0,0,0,0,0,0x1000BFC0
1777200226.016,59979,4,2,EPS,255,BROADCAST,0,HEARTBEAT,48,HEARTBEAT,0,0,0,0,0,0,0x1000BFC0
1777200227.024,60993,4,2,EPS,255,BROADCAST,0,HEARTBEAT,48,HEARTBEAT,0,0,0,0,0,0,0x1000BFC0
1777200228.047,62007,4,2,EPS,255,BROADCAST,0,HEARTBEAT,48,HEARTBEAT,0,0,0,0,0,0,0x1000BFC0
1777200229.070,63022,4,2,EPS,255,BROADCAST,0,HEARTBEAT,48,HEARTBEAT,0,0,0,0,0,0,0x1000BFC0
1777200230.065,64036,4,2,EPS,255,BROADCAST,0,HEARTBEAT,48,HEARTBEAT,0,0,0,0,0,0,0x1000BFC0
1777200231.078,65050,4,2,EPS,255,BROADCAST,0,HEARTBEAT,48,HEARTBEAT,0,0,0,0,0,0,0x1000BFC0
1777200232.103,66065,4,2,EPS,255,BROADCAST,0,HEARTBEAT,48,HEARTBEAT,0,0,0,0,0,0,0x1000BFC0
1777200233.107,67079,4,2,EPS,255,BROADCAST,0,HEARTBEAT,48,HEARTBEAT,0,0,0,0,0,0,0x1000BFC0
1777200234.122,68093,4,2,EPS,255,BROADCAST,0,HEARTBEAT,48,HEARTBEAT,0,0,0,0,0,0,0x1000BFC0
1777200235.135,69108,4,2,EPS,255,BROADCAST,0,HEARTBEAT,48,HEARTBEAT,0,0,0,0,0,0,0x1000BFC0
1777200236.150,70122,4,2,EPS,255,BROADCAST,0,HEARTBEAT,48,HEARTBEAT,0,0,0,0,0,0,0x1000BFC0
1777200237.173,71137,4,2,EPS,255,BROADCAST,0,HEARTBEAT,48,HEARTBEAT,0,0,0,0,0,0,0x1000BFC0
1777200238.189,72150,4,2,EPS,255,BROADCAST,0,HEARTBEAT,48,HEARTBEAT,0,0,0,0,0,0,0x1000BFC0
1777200239.209,73165,4,2,EPS,255,BROADCAST,0,HEARTBEAT,48,HEARTBEAT,0,0,0,0,0,0,0x1000BFC0
1777200240.230,74179,4,2,EPS,255,BROADCAST,0,HEARTBEAT,48,HEARTBEAT,0,0,0,0,0,0,0x1000BFC0
1777200241.222,75193,4,2,EPS,255,BROADCAST,0,HEARTBEAT,48,HEARTBEAT,0,0,0,0,0,0,0x1000BFC0
1777200242.237,76208,4,2,EPS,255,BROADCAST,0,HEARTBEAT,48,HEARTBEAT,0,0,0,0,0,0,0x1000BFC0
1777200243.259,77222,4,2,EPS,255,BROADCAST,0,HEARTBEAT,48,HEARTBEAT,0,0,0,0,0,0,0x1000BFC0
1777200244.264,78236,4,2,EPS,255,BROADCAST,0,HEARTBEAT,48,HEARTBEAT,0,0,0,0,0,0,0x1000BFC0
1777200245.279,79250,4,2,EPS,255,BROADCAST,0,HEARTBEAT,48,HEARTBEAT,0,0,0,0,0,0,0x1000BFC0
1777200246.293,80265,4,2,EPS,255,BROADCAST,0,HEARTBEAT,48,HEARTBEAT,0,0,0,0,0,0,0x1000BFC0
1777200247.308,81279,4,2,EPS,255,BROADCAST,0,HEARTBEAT,48,HEARTBEAT,0,0,0,0,0,0,0x1000BFC0
1777200248.336,82293,4,2,EPS,255,BROADCAST,0,HEARTBEAT,48,HEARTBEAT,0,0,0,0,0,0,0x1000BFC0
1777200249.356,83307,4,2,EPS,255,BROADCAST,0,HEARTBEAT,48,HEARTBEAT,0,0,0,0,0,0,0x1000BFC0
1777200250.393,84321,4,2,EPS,255,BROADCAST,0,HEARTBEAT,48,HEARTBEAT,0,0,0,0,0,0,0x1000BFC0
1777200251.364,85335,4,2,EPS,255,BROADCAST,0,HEARTBEAT,48,HEARTBEAT,0,0,0,0,0,0,0x1000BFC0
1777200252.378,86350,4,2,EPS,255,BROADCAST,0,HEARTBEAT,48,HEARTBEAT,0,0,0,0,0,0,0x1000BFC0
1777200253.392,87364,4,2,EPS,255,BROADCAST,0,HEARTBEAT,48,HEARTBEAT,0,0,0,0,0,0,0x1000BFC0
1777200254.409,88378,4,2,EPS,255,BROADCAST,0,HEARTBEAT,48,HEARTBEAT,0,0,0,0,0,0,0x1000BFC0
1777200255.421,89392,4,2,EPS,255,BROADCAST,0,HEARTBEAT,48,HEARTBEAT,0,0,0,0,0,0,0x1000BFC0
1777200256.435,90406,4,2,EPS,255,BROADCAST,0,HEARTBEAT,48,HEARTBEAT,0,0,0,0,0,0,0x1000BFC0
1777200257.449,91420,4,2,EPS,255,BROADCAST,0,HEARTBEAT,48,HEARTBEAT,0,0,0,0,0,0,0x1000BFC0
1777200258.471,92434,4,2,EPS,255,BROADCAST,0,HEARTBEAT,48,HEARTBEAT,0,0,0,0,0,0,0x1000BFC0
1777200259.496,93449,4,2,EPS,255,BROADCAST,0,HEARTBEAT,48,HEARTBEAT,0,0,0,0,0,0,0x1000BFC0
1777200260.522,94463,4,2,EPS,255,BROADCAST,0,HEARTBEAT,48,HEARTBEAT,0,0,0,0,0,0,0x1000BFC0
1777200261.545,95477,4,2,EPS,255,BROADCAST,0,HEARTBEAT,48,HEARTBEAT,0,0,0,0,0,0,0x1000BFC0
1777200262.520,96491,4,2,EPS,255,BROADCAST,0,HEARTBEAT,48,HEARTBEAT,0,0,0,0,0,0,0x1000BFC0
1777200263.534,97505,4,2,EPS,255,BROADCAST,0,HEARTBEAT,48,HEARTBEAT,0,0,0,0,0,0,0x1000BFC0
1777200264.549,98519,4,2,EPS,255,BROADCAST,0,HEARTBEAT,48,HEARTBEAT,0,0,0,0,0,0,0x1000BFC0
1777200265.565,99534,4,2,EPS,255,BROADCAST,0,HEARTBEAT,48,HEARTBEAT,0,0,0,0,0,0,0x1000BFC0
1777200266.577,100548,4,2,EPS,255,BROADCAST,0,HEARTBEAT,48,HEARTBEAT,0,0,0,0,0,0,0x1000BFC0
1777200267.591,101562,4,2,EPS,255,BROADCAST,0,HEARTBEAT,48,HEARTBEAT,0,0,0,0,0,0,0x1000BFC0
1777200268.604,102576,4,2,EPS,255,BROADCAST,0,HEARTBEAT,48,HEARTBEAT,0,0,0,0,0,0,0x1000BFC0
1777200269.634,103590,4,2,EPS,255,BROADCAST,0,HEARTBEAT,48,HEARTBEAT,0,0,0,0,0,0,0x1000BFC0
1777200270.670,104605,4,2,EPS,255,BROADCAST,0,HEARTBEAT,48,HEARTBEAT,0,0,0,0,0,0,0x1000BFC0
1777200271.674,105619,4,2,EPS,255,BROADCAST,0,HEARTBEAT,48,HEARTBEAT,0,0,0,0,0,0,0x1000BFC0
1777200272.661,106633,4,2,EPS,255,BROADCAST,0,HEARTBEAT,48,HEARTBEAT,0,0,0,0,0,0,0x1000BFC0
1777200273.675,107647,4,2,EPS,255,BROADCAST,0,HEARTBEAT,48,HEARTBEAT,0,0,0,0,0,0,0x1000BFC0
1777200274.690,108661,4,2,EPS,255,BROADCAST,0,HEARTBEAT,48,HEARTBEAT,0,0,0,0,0,0,0x1000BFC0
1777200275.705,109676,4,2,EPS,255,BROADCAST,0,HEARTBEAT,48,HEARTBEAT,0,0,0,0,0,0,0x1000BFC0
1777200276.719,110690,4,2,EPS,255,BROADCAST,0,HEARTBEAT,48,HEARTBEAT,0,0,0,0,0,0,0x1000BFC0
1777200277.733,111704,4,2,EPS,255,BROADCAST,0,HEARTBEAT,48,HEARTBEAT,0,0,0,0,0,0,0x1000BFC0
1777200278.748,112719,4,2,EPS,255,BROADCAST,0,HEARTBEAT,48,HEARTBEAT,0,0,0,0,0,0,0x1000BFC0
1777200279.763,113732,4,2,EPS,255,BROADCAST,0,HEARTBEAT,48,HEARTBEAT,0,0,0,0,0,0,0x1000BFC0
1777200280.797,114746,4,2,EPS,255,BROADCAST,0,HEARTBEAT,48,HEARTBEAT,0,0,0,0,0,0,0x1000BFC0
1777200281.826,115761,4,2,EPS,255,BROADCAST,0,HEARTBEAT,48,HEARTBEAT,0,0,0,0,0,0,0x1000BFC0
1777200282.843,116775,4,2,EPS,255,BROADCAST,0,HEARTBEAT,48,HEARTBEAT,0,0,0,0,0,0,0x1000BFC0
1777200283.818,117789,4,2,EPS,255,BROADCAST,0,HEARTBEAT,48,HEARTBEAT,0,0,0,0,0,0,0x1000BFC0
1777200284.832,118803,4,2,EPS,255,BROADCAST,0,HEARTBEAT,48,HEARTBEAT,0,0,0,0,0,0,0x1000BFC0
1777200286.530,120498,4,2,EPS,255,BROADCAST,0,HEARTBEAT,48,HEARTBEAT,0,0,0,0,0,0,0x1000BFC0
1777200287.569,121527,4,2,EPS,255,BROADCAST,0,HEARTBEAT,48,HEARTBEAT,0,0,0,0,0,0,0x1000BFC0
1777200288.579,122541,4,2,EPS,255,BROADCAST,0,HEARTBEAT,48,HEARTBEAT,0,0,0,0,0,0,0x1000BFC0
1777200289.602,123555,4,2,EPS,255,BROADCAST,0,HEARTBEAT,48,HEARTBEAT,0,0,0,0,0,0,0x1000BFC0
1777200290.626,124569,4,2,EPS,255,BROADCAST,0,HEARTBEAT,48,HEARTBEAT,0,0,0,0,0,0,0x1000BFC0
1777200291.646,125583,4,2,EPS,255,BROADCAST,0,HEARTBEAT,48,HEARTBEAT,0,0,0,0,0,0,0x1000BFC0
1777200292.631,126597,4,2,EPS,255,BROADCAST,0,HEARTBEAT,48,HEARTBEAT,0,0,0,0,0,0,0x1000BFC0
1777200293.640,127611,4,2,EPS,255,BROADCAST,0,HEARTBEAT,48,HEARTBEAT,0,0,0,0,0,0,0x1000BFC0
1777200294.653,128625,4,2,EPS,255,BROADCAST,0,HEARTBEAT,48,HEARTBEAT,0,0,0,0,0,0,0x1000BFC0
1777200295.668,129639,4,2,EPS,255,BROADCAST,0,HEARTBEAT,48,HEARTBEAT,0,0,0,0,0,0,0x1000BFC0
1777200296.682,130653,4,2,EPS,255,BROADCAST,0,HEARTBEAT,48,HEARTBEAT,0,0,0,0,0,0,0x1000BFC0
1777200297.696,131667,4,2,EPS,255,BROADCAST,0,HEARTBEAT,48,HEARTBEAT,0,0,0,0,0,0,0x1000BFC0
1777200298.720,132681,4,2,EPS,255,BROADCAST,0,HEARTBEAT,48,HEARTBEAT,0,0,0,0,0,0,0x1000BFC0
1777200299.740,133695,4,2,EPS,255,BROADCAST,0,HEARTBEAT,48,HEARTBEAT,0,0,0,0,0,0,0x1000BFC0
1777200300.760,134709,4,2,EPS,255,BROADCAST,0,HEARTBEAT,48,HEARTBEAT,0,0,0,0,0,0,0x1000BFC0
1777200301.788,135724,4,2,EPS,255,BROADCAST,0,HEARTBEAT,48,HEARTBEAT,0,0,0,0,0,0,0x1000BFC0
1777200302.763,136738,4,2,EPS,255,BROADCAST,0,HEARTBEAT,48,HEARTBEAT,0,0,0,0,0,0,0x1000BFC0
1777200303.781,137752,4,2,EPS,255,BROADCAST,0,HEARTBEAT,48,HEARTBEAT,0,0,0,0,0,0,0x1000BFC0
1777200304.795,138766,4,2,EPS,255,BROADCAST,0,HEARTBEAT,48,HEARTBEAT,0,0,0,0,0,0,0x1000BFC0
1777200305.809,139780,4,2,EPS,255,BROADCAST,0,HEARTBEAT,48,HEARTBEAT,0,0,0,0,0,0,0x1000BFC0
1777200306.824,140794,4,2,EPS,255,BROADCAST,0,HEARTBEAT,48,HEARTBEAT,0,0,0,0,0,0,0x1000BFC0
1777200307.838,141809,4,2,EPS,255,BROADCAST,0,HEARTBEAT,48,HEARTBEAT,0,0,0,0,0,0,0x1000BFC0
1777200308.852,142823,4,2,EPS,255,BROADCAST,0,HEARTBEAT,48,HEARTBEAT,0,0,0,0,0,0,0x1000BFC0
1777200309.871,143837,4,2,EPS,255,BROADCAST,0,HEARTBEAT,48,HEARTBEAT,0,0,0,0,0,0,0x1000BFC0
1777200310.893,144851,4,2,EPS,255,BROADCAST,0,HEARTBEAT,48,HEARTBEAT,0,0,0,0,0,0,0x1000BFC0
1777200311.927,145865,4,2,EPS,255,BROADCAST,0,HEARTBEAT,48,HEARTBEAT,0,0,0,0,0,0,0x1000BFC0
1777200312.908,146879,4,2,EPS,255,BROADCAST,0,HEARTBEAT,48,HEARTBEAT,0,0,0,0,0,0,0x1000BFC0
1777200313.922,147893,4,2,EPS,255,BROADCAST,0,HEARTBEAT,48,HEARTBEAT,0,0,0,0,0,0,0x1000BFC0
1777200314.937,148907,4,2,EPS,255,BROADCAST,0,HEARTBEAT,48,HEARTBEAT,0,0,0,0,0,0,0x1000BFC0
1777200315.951,149921,4,2,EPS,255,BROADCAST,0,HEARTBEAT,48,HEARTBEAT,0,0,0,0,0,0,0x1000BFC0
1777200316.965,150935,4,2,EPS,255,BROADCAST,0,HEARTBEAT,48,HEARTBEAT,0,0,0,0,0,0,0x1000BFC0
1777200317.978,151950,4,2,EPS,255,BROADCAST,0,HEARTBEAT,48,HEARTBEAT,0,0,0,0,0,0,0x1000BFC0
1777200318.993,152964,4,2,EPS,255,BROADCAST,0,HEARTBEAT,48,HEARTBEAT,0,0,0,0,0,0,0x1000BFC0
1777200320.019,153978,4,2,EPS,255,BROADCAST,0,HEARTBEAT,48,HEARTBEAT,0,0,0,0,0,0,0x1000BFC0
1777200321.040,154992,4,2,EPS,255,BROADCAST,0,HEARTBEAT,48,HEARTBEAT,0,0,0,0,0,0,0x1000BFC0
1777200322.062,156006,4,2,EPS,255,BROADCAST,0,HEARTBEAT,48,HEARTBEAT,0,0,0,0,0,0,0x1000BFC0
1777200323.089,157020,4,2,EPS,255,BROADCAST,0,HEARTBEAT,48,HEARTBEAT,0,0,0,0,0,0,0x1000BFC0
1777200324.064,158034,4,2,EPS,255,BROADCAST,0,HEARTBEAT,48,HEARTBEAT,0,0,0,0,0,0,0x1000BFC0
1777200325.091,159048,4,2,EPS,255,BROADCAST,0,HEARTBEAT,48,HEARTBEAT,0,0,0,0,0,0,0x1000BFC0
1777200326.091,160062,4,2,EPS,255,BROADCAST,0,HEARTBEAT,48,HEARTBEAT,0,0,0,0,0,0,0x1000BFC0
1777200327.106,161076,4,2,EPS,255,BROADCAST,0,HEARTBEAT,48,HEARTBEAT,0,0,0,0,0,0,0x1000BFC0
1777200328.120,162091,4,2,EPS,255,BROADCAST,0,HEARTBEAT,48,HEARTBEAT,0,0,0,0,0,0,0x1000BFC0
1777200329.134,163104,4,2,EPS,255,BROADCAST,0,HEARTBEAT,48,HEARTBEAT,0,0,0,0,0,0,0x1000BFC0
1777200330.153,164119,4,2,EPS,255,BROADCAST,0,HEARTBEAT,48,HEARTBEAT,0,0,0,0,0,0,0x1000BFC0
1777200331.191,165133,4,2,EPS,255,BROADCAST,0,HEARTBEAT,48,HEARTBEAT,0,0,0,0,0,0,0x1000BFC0
1777200332.199,166147,4,2,EPS,255,BROADCAST,0,HEARTBEAT,48,HEARTBEAT,0,0,0,0,0,0,0x1000BFC0
1777200333.218,167161,4,2,EPS,255,BROADCAST,0,HEARTBEAT,48,HEARTBEAT,0,0,0,0,0,0,0x1000BFC0
1777200334.205,168175,4,2,EPS,255,BROADCAST,0,HEARTBEAT,48,HEARTBEAT,0,0,0,0,0,0,0x1000BFC0
1777200335.218,169189,4,2,EPS,255,BROADCAST,0,HEARTBEAT,48,HEARTBEAT,0,0,0,0,0,0,0x1000BFC0
1777200336.237,170203,4,2,EPS,255,BROADCAST,0,HEARTBEAT,48,HEARTBEAT,0,0,0,0,0,0,0x1000BFC0
1777200337.260,171217,4,2,EPS,255,BROADCAST,0,HEARTBEAT,48,HEARTBEAT,0,0,0,0,0,0,0x1000BFC0
1777200338.261,172231,4,2,EPS,255,BROADCAST,0,HEARTBEAT,48,HEARTBEAT,0,0,0,0,0,0,0x1000BFC0
1777200339.275,173246,4,2,EPS,255,BROADCAST,0,HEARTBEAT,48,HEARTBEAT,0,0,0,0,0,0,0x1000BFC0
1777200340.290,174260,4,2,EPS,255,BROADCAST,0,HEARTBEAT,48,HEARTBEAT,0,0,0,0,0,0,0x1000BFC0
1777200345.815,179765,4,2,EPS,255,BROADCAST,0,HEARTBEAT,48,HEARTBEAT,0,0,0,0,0,0,0x1000BFC0
1777200346.837,180795,4,2,EPS,255,BROADCAST,0,HEARTBEAT,48,HEARTBEAT,0,0,0,0,0,0,0x1000BFC0
1777200347.861,181809,4,2,EPS,255,BROADCAST,0,HEARTBEAT,48,HEARTBEAT,0,0,0,0,0,0,0x1000BFC0
1777200348.860,182823,4,2,EPS,255,BROADCAST,0,HEARTBEAT,48,HEARTBEAT,0,0,0,0,0,0,0x1000BFC0
1777200357.121,4494,4,2,EPS,255,BROADCAST,0,HEARTBEAT,48,HEARTBEAT,0,0,0,0,0,0,0x1000BFC0
1777200357.489,5508,4,2,EPS,255,BROADCAST,0,HEARTBEAT,48,HEARTBEAT,0,0,0,0,0,0,0x1000BFC0
1777200358.511,6522,4,2,EPS,255,BROADCAST,0,HEARTBEAT,48,HEARTBEAT,0,0,0,0,0,0,0x1000BFC0
1777200359.497,7537,4,2,EPS,255,BROADCAST,0,HEARTBEAT,48,HEARTBEAT,0,0,0,0,0,0,0x1000BFC0
1777200360.512,8551,4,2,EPS,255,BROADCAST,0,HEARTBEAT,48,HEARTBEAT,0,0,0,0,0,0,0x1000BFC0
1777200361.527,9565,4,2,EPS,255,BROADCAST,0,HEARTBEAT,48,HEARTBEAT,0,0,0,0,0,0,0x1000BFC0
1777200362.540,10580,4,2,EPS,255,BROADCAST,0,HEARTBEAT,48,HEARTBEAT,0,0,0,0,0,0,0x1000BFC0
1777200363.554,11594,4,2,EPS,255,BROADCAST,0,HEARTBEAT,48,HEARTBEAT,0,0,0,0,0,0,0x1000BFC0
1777200364.571,12608,4,2,EPS,255,BROADCAST,0,HEARTBEAT,48,HEARTBEAT,0,0,0,0,0,0,0x1000BFC0
