rx_wall_time,timestamp_ms,priority,src,src_name,dst,dst_name,cls,cls_name,opcode,opcode_name,p2,p3,p4,p5,p6,p7,can_id_hex
1777178874.583,2733959,4,6,GNSS,255,BROADCAST,0,HEARTBEAT,48,HEARTBEAT,0,0,0,0,0,0,0x1001BFC0
1777178874.584,2733960,4,6,GNSS,1,CDH,10,HEALTH,1,HEALTH_0x01,0,0,0,0,1,1,0x1001804A
1777178874.587,2733961,2,6,GNSS,1,CDH,4,TELEMETRY,2,TELEMETRY_0x02,0,0,0,0,0,0,0x08018044
1777178879.578,2738941,4,6,GNSS,255,BROADCAST,0,HEARTBEAT,48,HEARTBEAT,0,0,0,0,0,0,0x1001BFC0
1777178879.578,2738942,4,6,GNSS,1,CDH,10,HEALTH,1,HEALTH_0x01,0,0,0,0,1,1,0x1001804A
1777178879.578,2738944,2,6,GNSS,1,CDH,4,TELEMETRY,2,TELEMETRY_0x02,0,0,0,0,0,0,0x08018044
1777178884.547,2743924,4,6,GNSS,255,BROADCAST,0,HEARTBEAT,48,HEARTBEAT,0,0,0,0,0,0,0x1001BFC0
1777178884.548,2743925,4,6,GNSS,1,CDH,10,HEALTH,1,HEALTH_0x01,0,0,0,0,1,1,0x1001804A
1777178884.548,2743926,2,6,GNSS,1,CDH,4,TELEMETRY,2,TELEMETRY_0x02,0,0,0,0,0,0,0x08018044
1777178889.530,2748906,4,6,GNSS,255,BROADCAST,0,HEARTBEAT,48,HEARTBEAT,0,0,0,0,0,0,0x1001BFC0
1777178889.530,2748907,4,6,GNSS,1,CDH,10,HEALTH,1,HEALTH_0x01,0,0,0,0,1,1,0x1001804A
1777178889.531,2748908,2,6,GNSS,1,CDH,4,TELEMETRY,2,TELEMETRY_0x02,0,0,0,0,0,0,0x08018044
1777178894.526,2753888,4,6,GNSS,255,BROADCAST,0,HEARTBEAT,48,HEARTBEAT,0,0,0,0,0,0,0x1001BFC0
1777178894.526,2753889,4,6,GNSS,1,CDH,10,HEALTH,1,HEALTH_0x01,0,0,0,0,1,1,0x1001804A
1777178894.526,2753891,2,6,GNSS,1,CDH,4,TELEMETRY,2,TELEMETRY_0x02,0,0,0,0,0,0,0x08018044
1777178899.495,2758871,4,6,GNSS,255,BROADCAST,0,HEARTBEAT,48,HEARTBEAT,0,0,0,0,0,0,0x1001BFC0
1777178899.495,2758872,4,6,GNSS,1,CDH,10,HEALTH,1,HEALTH_0x01,0,0,0,0,1,1,0x1001804A
1777178899.496,2758873,2,6,GNSS,1,CDH,4,TELEMETRY,2,TELEMETRY_0x02,0,0,0,0,0,0,0x08018044
1777178904.477,2763853,4,6,GNSS,255,BROADCAST,0,HEARTBEAT,48,HEARTBEAT,0,0,0,0,0,0,0x1001BFC0
1777178904.477,2763854,4,6,GNSS,1,CDH,10,HEALTH,1,HEALTH_0x01,0,0,0,0,1,1,0x1001804A
1777178904.479,2763856,2,6,GNSS,1,CDH,4,TELEMETRY,2,TELEMETRY_0x02,0,0,0,0,0,0,0x08018044
1777178909.475,2768836,4,6,GNSS,255,BROADCAST,0,HEARTBEAT,48,HEARTBEAT,0,0,0,0,0,0,0x1001BFC0
1777178909.475,2768837,4,6,GNSS,1,CDH,10,HEALTH,1,HEALTH_0x01,0,0,0,0,1,1,0x1001804A
1777178909.475,2768838,2,6,GNSS,1,CDH,4,TELEMETRY,2,TELEMETRY_0x02,0,0,0,0,0,0,0x08018044
1777178914.443,2773818,4,6,GNSS,255,BROADCAST,0,HEARTBEAT,48,HEARTBEAT,0,0,0,0,0,0,0x1001BFC0
1777178914.443,2773819,4,6,GNSS,1,CDH,10,HEALTH,1,HEALTH_0x01,0,0,0,0,1,1,0x1001804A
1777178914.443,2773820,2,6,GNSS,1,CDH,4,TELEMETRY,2,TELEMETRY_0x02,0,0,0,0,0,0,0x08018044
1777178919.424,2778800,4,6,GNSS,255,BROADCAST,0,HEARTBEAT,48,HEARTBEAT,0,0,0,0,0,0,0x1001BFC0
1777178919.424,2778801,4,6,GNSS,1,CDH,10,HEALTH,1,HEALTH_0x01,0,0,0,0,1,1,0x1001804A
1777178919.426,2778802,2,6,GNSS,1,CDH,4,TELEMETRY,2,TELEMETRY_0x02,0,0,0,0,0,0,0x08018044
1777178924.428,2783782,4,6,GNSS,255,BROADCAST,0,HEARTBEAT,48,HEARTBEAT,0,0,0,0,0,0,0x1001BFC0
1777178924.428,2783783,4,6,GNSS,1,CDH,10,HEALTH,1,HEALTH_0x01,0,0,0,0,1,1,0x1001804A
1777178924.428,2783784,2,6,GNSS,1,CDH,4,TELEMETRY,2,TELEMETRY_0x02,0,0,0,0,0,0,0x08018044
1777178929.388,2788764,4,6,GNSS,255,BROADCAST,0,HEARTBEAT,48,HEARTBEAT,0,0,0,0,0,0,0x1001BFC0
1777178929.389,2788765,4,6,GNSS,1,CDH,10,HEALTH,1,HEALTH_0x01,0,0,0,0,1,1,0x1001804A
1777178929.389,2788766,2,6,GNSS,1,CDH,4,TELEMETRY,2,TELEMETRY_0x02,0,0,0,0,0,0,0x08018044
1777178934.370,2793746,4,6,GNSS,255,BROADCAST,0,HEARTBEAT,48,HEARTBEAT,0,0,0,0,0,0,0x1001BFC0
1777178934.370,2793747,4,6,GNSS,1,CDH,10,HEALTH,1,HEALTH_0x01,0,0,0,0,1,1,0x1001804A
1777178934.371,2793748,2,6,GNSS,1,CDH,4,TELEMETRY,2,TELEMETRY_0x02,0,0,0,0,0,0,0x08018044
1777178939.379,2798727,4,6,GNSS,255,BROADCAST,0,HEARTBEAT,48,HEARTBEAT,0,0,0,0,0,0,0x1001BFC0
1777178939.379,2798728,4,6,GNSS,1,CDH,10,HEALTH,1,HEALTH_0x01,0,0,0,0,1,1,0x1001804A
1777178939.379,2798729,2,6,GNSS,1,CDH,4,TELEMETRY,2,TELEMETRY_0x02,0,0,0,0,0,0,0x08018044
1777178944.332,2803708,4,6,GNSS,255,BROADCAST,0,HEARTBEAT,48,HEARTBEAT,0,0,0,0,0,0,0x1001BFC0
1777178944.340,2803709,4,6,GNSS,1,CDH,10,HEALTH,1,HEALTH_0x01,0,0,0,0,1,1,0x1001804A
1777178944.340,2803711,2,6,GNSS,1,CDH,4,TELEMETRY,2,TELEMETRY_0x02,0,0,0,0,0,0,0x08018044
1777178949.314,2808690,4,6,GNSS,255,BROADCAST,0,HEARTBEAT,48,HEARTBEAT,0,0,0,0,0,0,0x1001BFC0
1777178949.314,2808691,4,6,GNSS,1,CDH,10,HEALTH,1,HEALTH_0x01,0,0,0,0,1,1,0x1001804A
1777178949.316,2808692,2,6,GNSS,1,CDH,4,TELEMETRY,2,TELEMETRY_0x02,0,0,0,0,0,0,0x08018044
1777178954.331,2813671,4,6,GNSS,255,BROADCAST,0,HEARTBEAT,48,HEARTBEAT,0,0,0,0,0,0,0x1001BFC0
1777178954.331,2813672,4,6,GNSS,1,CDH,10,HEALTH,1,HEALTH_0x01,0,0,0,0,1,1,0x1001804A
1777178954.331,2813674,2,6,GNSS,1,CDH,4,TELEMETRY,2,TELEMETRY_0x02,0,0,0,0,0,0,0x08018044
1777178959.277,2818653,4,6,GNSS,255,BROADCAST,0,HEARTBEAT,48,HEARTBEAT,0,0,0,0,0,0,0x1001BFC0
1777178959.277,2818654,4,6,GNSS,1,CDH,10,HEALTH,1,HEALTH_0x01,0,0,0,0,1,1,0x1001804A
1777178959.279,2818655,2,6,GNSS,1,CDH,4,TELEMETRY,2,TELEMETRY_0x02,0,0,0,0,0,0,0x08018044
1777178964.263,2823635,4,6,GNSS,255,BROADCAST,0,HEARTBEAT,48,HEARTBEAT,0,0,0,0,0,0,0x1001BFC0
1777178964.263,2823636,4,6,GNSS,1,CDH,10,HEALTH,1,HEALTH_0x01,0,0,0,0,1,1,0x1001804A
1777178964.263,2823637,2,6,GNSS,1,CDH,4,TELEMETRY,2,TELEMETRY_0x02,0,0,0,0,0,0,0x08018044
1777178969.279,2828616,4,6,GNSS,255,BROADCAST,0,HEARTBEAT,48,HEARTBEAT,0,0,0,0,0,0,0x1001BFC0
1777178969.281,2828617,4,6,GNSS,1,CDH,10,HEALTH,1,HEALTH_0x01,0,0,0,0,1,1,0x1001804A
1777178969.281,2828618,2,6,GNSS,1,CDH,4,TELEMETRY,2,TELEMETRY_0x02,0,0,0,0,0,0,0x08018044
1777178974.222,2833598,4,6,GNSS,255,BROADCAST,0,HEARTBEAT,48,HEARTBEAT,0,0,0,0,0,0,0x1001BFC0
1777178974.225,2833599,4,6,GNSS,1,CDH,10,HEALTH,1,HEALTH_0x01,0,0,0,0,1,1,0x1001804A
1777178974.225,2833600,2,6,GNSS,1,CDH,4,TELEMETRY,2,TELEMETRY_0x02,0,0,0,0,0,0,0x08018044
1777178979.214,2838579,4,6,GNSS,255,BROADCAST,0,HEARTBEAT,48,HEARTBEAT,0,0,0,0,0,0,0x1001BFC0
1777178979.214,2838580,4,6,GNSS,1,CDH,10,HEALTH,1,HEALTH_0x01,0,0,0,0,1,1,0x1001804A
1777178979.214,2838581,2,6,GNSS,1,CDH,4,TELEMETRY,2,TELEMETRY_0x02,0,0,0,0,0,0,0x08018044
1777178984.185,2843560,4,6,GNSS,255,BROADCAST,0,HEARTBEAT,48,HEARTBEAT,0,0,0,0,0,0,0x1001BFC0
1777178984.185,2843561,4,6,GNSS,1,CDH,10,HEALTH,1,HEALTH_0x01,0,0,0,0,1,1,0x1001804A
1777178984.187,2843562,2,6,GNSS,1,CDH,4,TELEMETRY,2,TELEMETRY_0x02,0,0,0,0,0,0,0x08018044
1777178989.167,2848542,4,6,GNSS,255,BROADCAST,0,HEARTBEAT,48,HEARTBEAT,0,0,0,0,0,0,0x1001BFC0
1777178989.167,2848543,4,6,GNSS,1,CDH,10,HEALTH,1,HEALTH_0x01,0,0,0,0,1,1,0x1001804A
1777178989.167,2848544,2,6,GNSS,1,CDH,4,TELEMETRY,2,TELEMETRY_0x02,0,0,0,0,0,0,0x08018044
1777178994.164,2853523,4,6,GNSS,255,BROADCAST,0,HEARTBEAT,48,HEARTBEAT,0,0,0,0,0,0,0x1001BFC0
1777178994.164,2853524,4,6,GNSS,1,CDH,10,HEALTH,1,HEALTH_0x01,0,0,0,0,1,1,0x1001804A
1777178994.164,2853525,2,6,GNSS,1,CDH,4,TELEMETRY,2,TELEMETRY_0x02,0,0,0,0,0,0,0x08018044
1777178999.129,2858505,4,6,GNSS,255,BROADCAST,0,HEARTBEAT,48,HEARTBEAT,0,0,0,0,0,0,0x1001BFC0
1777178999.129,2858506,4,6,GNSS,1,CDH,10,HEALTH,1,HEALTH_0x01,0,0,0,0,1,1,0x1001804A
1777178999.131,2858507,2,6,GNSS,1,CDH,4,TELEMETRY,2,TELEMETRY_0x02,0,0,0,0,0,0,0x08018044
1777179004.112,2863486,4,6,GNSS,255,BROADCAST,0,HEARTBEAT,48,HEARTBEAT,0,0,0,0,0,0,0x1001BFC0
1777179004.112,2863487,4,6,GNSS,1,CDH,10,HEALTH,1,HEALTH_0x01,0,0,0,0,1,1,0x1001804A
1777179004.112,2863488,2,6,GNSS,1,CDH,4,TELEMETRY,2,TELEMETRY_0x02,0,0,0,0,0,0,0x08018044
1777179009.118,2868468,4,6,GNSS,255,BROADCAST,0,HEARTBEAT,48,HEARTBEAT,0,0,0,0,0,0,0x1001BFC0
1777179009.118,2868469,4,6,GNSS,1,CDH,10,HEALTH,1,HEALTH_0x01,0,0,0,0,1,1,0x1001804A
1777179009.118,2868470,2,6,GNSS,1,CDH,4,TELEMETRY,2,TELEMETRY_0x02,0,0,0,0,0,0,0x08018044
1777179014.072,2873449,4,6,GNSS,255,BROADCAST,0,HEARTBEAT,48,HEARTBEAT,0,0,0,0,0,0,0x1001BFC0
1777179014.074,2873450,4,6,GNSS,1,CDH,10,HEALTH,1,HEALTH_0x01,0,0,0,0,1,1,0x1001804A
1777179014.075,2873451,2,6,GNSS,1,CDH,4,TELEMETRY,2,TELEMETRY_0x02,0,0,0,0,0,0,0x08018044
1777179019.055,2878430,4,6,GNSS,255,BROADCAST,0,HEARTBEAT,48,HEARTBEAT,0,0,0,0,0,0,0x1001BFC0
1777179019.058,2878431,4,6,GNSS,1,CDH,10,HEALTH,1,HEALTH_0x01,0,0,0,0,1,1,0x1001804A
1777179019.058,2878433,2,6,GNSS,1,CDH,4,TELEMETRY,2,TELEMETRY_0x02,0,0,0,0,0,0,0x08018044
1777179024.059,2883412,4,6,GNSS,255,BROADCAST,0,HEARTBEAT,48,HEARTBEAT,0,0,0,0,0,0,0x1001BFC0
1777179024.059,2883413,4,6,GNSS,1,CDH,10,HEALTH,1,HEALTH_0x01,0,0,0,0,1,1,0x1001804A
1777179024.059,2883414,2,6,GNSS,1,CDH,4,TELEMETRY,2,TELEMETRY_0x02,0,0,0,0,0,0,0x08018044
1777179029.018,2888393,4,6,GNSS,255,BROADCAST,0,HEARTBEAT,48,HEARTBEAT,0,0,0,0,0,0,0x1001BFC0
1777179029.018,2888394,4,6,GNSS,1,CDH,10,HEALTH,1,HEALTH_0x01,0,0,0,0,1,1,0x1001804A
1777179029.019,2888396,2,6,GNSS,1,CDH,4,TELEMETRY,2,TELEMETRY_0x02,0,0,0,0,0,0,0x08018044
1777179033.999,2893375,4,6,GNSS,255,BROADCAST,0,HEARTBEAT,48,HEARTBEAT,0,0,0,0,0,0,0x1001BFC0
1777179034.000,2893376,4,6,GNSS,1,CDH,10,HEALTH,1,HEALTH_0x01,0,0,0,0,1,1,0x1001804A
1777179034.001,2893377,2,6,GNSS,1,CDH,4,TELEMETRY,2,TELEMETRY_0x02,0,0,0,0,0,0,0x08018044
1777179039.015,2898356,4,6,GNSS,255,BROADCAST,0,HEARTBEAT,48,HEARTBEAT,0,0,0,0,0,0,0x1001BFC0
1777179039.015,2898357,4,6,GNSS,1,CDH,10,HEALTH,1,HEALTH_0x01,0,0,0,0,1,1,0x1001804A
1777179039.015,2898358,2,6,GNSS,1,CDH,4,TELEMETRY,2,TELEMETRY_0x02,0,0,0,0,0,0,0x08018044
1777179043.962,2903338,4,6,GNSS,255,BROADCAST,0,HEARTBEAT,48,HEARTBEAT,0,0,0,0,0,0,0x1001BFC0
1777179043.963,2903339,4,6,GNSS,1,CDH,10,HEALTH,1,HEALTH_0x01,0,0,0,0,1,1,0x1001804A
1777179043.964,2903340,2,6,GNSS,1,CDH,4,TELEMETRY,2,TELEMETRY_0x02,0,0,0,0,0,0,0x08018044
1777179048.948,2908319,4,6,GNSS,255,BROADCAST,0,HEARTBEAT,48,HEARTBEAT,0,0,0,0,0,0,0x1001BFC0
1777179048.949,2908320,4,6,GNSS,1,CDH,10,HEALTH,1,HEALTH_0x01,0,0,0,0,1,1,0x1001804A
1777179048.949,2908322,2,6,GNSS,1,CDH,4,TELEMETRY,2,TELEMETRY_0x02,0,0,0,0,0,0,0x08018044
1777179053.968,2913301,4,6,GNSS,255,BROADCAST,0,HEARTBEAT,48,HEARTBEAT,0,0,0,0,0,0,0x1001BFC0
1777179053.968,2913302,4,6,GNSS,1,CDH,10,HEALTH,1,HEALTH_0x01,0,0,0,0,1,1,0x1001804A
1777179053.968,2913303,2,6,GNSS,1,CDH,4,TELEMETRY,2,TELEMETRY_0x02,0,0,0,0,0,0,0x08018044
1777179058.906,2918282,4,6,GNSS,255,BROADCAST,0,HEARTBEAT,48,HEARTBEAT,0,0,0,0,0,0,0x1001BFC0
1777179058.907,2918283,4,6,GNSS,1,CDH,10,HEALTH,1,HEALTH_0x01,0,0,0,0,1,1,0x1001804A
1777179058.910,2918285,2,6,GNSS,1,CDH,4,TELEMETRY,2,TELEMETRY_0x02,0,0,0,0,0,0,0x08018044
1777179063.897,2923264,4,6,GNSS,255,BROADCAST,0,HEARTBEAT,48,HEARTBEAT,0,0,0,0,0,0,0x1001BFC0
1777179063.897,2923265,4,6,GNSS,1,CDH,10,HEALTH,1,HEALTH_0x01,0,0,0,0,1,1,0x1001804A
1777179063.897,2923266,2,6,GNSS,1,CDH,4,TELEMETRY,2,TELEMETRY_0x02,0,0,0,0,0,0,0x08018044
1777179068.870,2928246,4,6,GNSS,255,BROADCAST,0,HEARTBEAT,48,HEARTBEAT,0,0,0,0,0,0,0x1001BFC0
1777179068.871,2928247,4,6,GNSS,1,CDH,10,HEALTH,1,HEALTH_0x01,0,0,0,0,1,1,0x1001804A
1777179068.871,2928248,2,6,GNSS,1,CDH,4,TELEMETRY,2,TELEMETRY_0x02,0,0,0,0,0,0,0x08018044
1777179073.854,2933228,4,6,GNSS,255,BROADCAST,0,HEARTBEAT,48,HEARTBEAT,0,0,0,0,0,0,0x1001BFC0
1777179073.854,2933229,4,6,GNSS,1,CDH,10,HEALTH,1,HEALTH_0x01,0,0,0,0,1,1,0x1001804A
1777179073.854,2933230,2,6,GNSS,1,CDH,4,TELEMETRY,2,TELEMETRY_0x02,0,0,0,0,0,0,0x08018044
1777179078.845,2938209,4,6,GNSS,255,BROADCAST,0,HEARTBEAT,48,HEARTBEAT,0,0,0,0,0,0,0x1001BFC0
1777179078.845,2938210,4,6,GNSS,1,CDH,10,HEALTH,1,HEALTH_0x01,0,0,0,0,1,1,0x1001804A
1777179078.845,2938211,2,6,GNSS,1,CDH,4,TELEMETRY,2,TELEMETRY_0x02,0,0,0,0,0,0,0x08018044
1777179083.815,2943190,4,6,GNSS,255,BROADCAST,0,HEARTBEAT,48,HEARTBEAT,0,0,0,0,0,0,0x1001BFC0
1777179083.815,2943191,4,6,GNSS,1,CDH,10,HEALTH,1,HEALTH_0x01,0,0,0,0,1,1,0x1001804A
1777179083.816,2943193,2,6,GNSS,1,CDH,4,TELEMETRY,2,TELEMETRY_0x02,0,0,0,0,0,0,0x08018044
1777179088.797,2948172,4,6,GNSS,255,BROADCAST,0,HEARTBEAT,48,HEARTBEAT,0,0,0,0,0,0,0x1001BFC0
1777179088.797,2948173,4,6,GNSS,1,CDH,10,HEALTH,1,HEALTH_0x01,0,0,0,0,1,1,0x1001804A
1777179088.797,2948174,2,6,GNSS,1,CDH,4,TELEMETRY,2,TELEMETRY_0x02,0,0,0,0,0,0,0x08018044
1777179093.803,2953153,4,6,GNSS,255,BROADCAST,0,HEARTBEAT,48,HEARTBEAT,0,0,0,0,0,0,0x1001BFC0
1777179093.804,2953154,4,6,GNSS,1,CDH,10,HEALTH,1,HEALTH_0x01,0,0,0,0,1,1,0x1001804A
1777179093.804,2953155,2,6,GNSS,1,CDH,4,TELEMETRY,2,TELEMETRY_0x02,0,0,0,0,0,0,0x08018044
1777179098.759,2958134,4,6,GNSS,255,BROADCAST,0,HEARTBEAT,48,HEARTBEAT,0,0,0,0,0,0,0x1001BFC0
1777179098.760,2958135,4,6,GNSS,1,CDH,10,HEALTH,1,HEALTH_0x01,0,0,0,0,1,1,0x1001804A
1777179098.760,2958137,2,6,GNSS,1,CDH,4,TELEMETRY,2,TELEMETRY_0x02,0,0,0,0,0,0,0x08018044
1777179103.740,2963115,4,6,GNSS,255,BROADCAST,0,HEARTBEAT,48,HEARTBEAT,0,0,0,0,0,0,0x1001BFC0
1777179103.741,2963116,4,6,GNSS,1,CDH,10,HEALTH,1,HEALTH_0x01,0,0,0,0,1,1,0x1001804A
1777179103.741,2963118,2,6,GNSS,1,CDH,4,TELEMETRY,2,TELEMETRY_0x02,0,0,0,0,0,0,0x08018044
1777179108.754,2968097,4,6,GNSS,255,BROADCAST,0,HEARTBEAT,48,HEARTBEAT,0,0,0,0,0,0,0x1001BFC0
1777179108.754,2968098,4,6,GNSS,1,CDH,10,HEALTH,1,HEALTH_0x01,0,0,0,0,1,1,0x1001804A
1777179108.754,2968099,2,6,GNSS,1,CDH,4,TELEMETRY,2,TELEMETRY_0x02,0,0,0,0,0,0,0x08018044
1777179113.704,2973078,4,6,GNSS,255,BROADCAST,0,HEARTBEAT,48,HEARTBEAT,0,0,0,0,0,0,0x1001BFC0
1777179113.704,2973079,4,6,GNSS,1,CDH,10,HEALTH,1,HEALTH_0x01,0,0,0,0,1,1,0x1001804A
1777179113.704,2973080,2,6,GNSS,1,CDH,4,TELEMETRY,2,TELEMETRY_0x02,0,0,0,0,0,0,0x08018044
1777179118.684,2978059,4,6,GNSS,255,BROADCAST,0,HEARTBEAT,48,HEARTBEAT,0,0,0,0,0,0,0x1001BFC0
1777179118.685,2978060,4,6,GNSS,1,CDH,10,HEALTH,1,HEALTH_0x01,0,0,0,0,1,1,0x1001804A
1777179118.685,2978062,2,6,GNSS,1,CDH,4,TELEMETRY,2,TELEMETRY_0x02,0,0,0,0,0,0,0x08018044
1777179123.698,2983041,4,6,GNSS,255,BROADCAST,0,HEARTBEAT,48,HEARTBEAT,0,0,0,0,0,0,0x1001BFC0
1777179123.698,2983042,4,6,GNSS,1,CDH,10,HEALTH,1,HEALTH_0x01,0,0,0,0,1,1,0x1001804A
1777179123.698,2983043,2,6,GNSS,1,CDH,4,TELEMETRY,2,TELEMETRY_0x02,0,0,0,0,0,0,0x08018044
1777179128.651,2988022,4,6,GNSS,255,BROADCAST,0,HEARTBEAT,48,HEARTBEAT,0,0,0,0,0,0,0x1001BFC0
1777179128.651,2988023,4,6,GNSS,1,CDH,10,HEALTH,1,HEALTH_0x01,0,0,0,0,1,1,0x1001804A
1777179128.651,2988024,2,6,GNSS,1,CDH,4,TELEMETRY,2,TELEMETRY_0x02,0,0,0,0,0,0,0x08018044
1777179133.638,2993003,4,6,GNSS,255,BROADCAST,0,HEARTBEAT,48,HEARTBEAT,0,0,0,0,0,0,0x1001BFC0
1777179133.638,2993004,4,6,GNSS,1,CDH,10,HEALTH,1,HEALTH_0x01,0,0,0,0,1,1,0x1001804A
1777179133.638,2993005,2,6,GNSS,1,CDH,4,TELEMETRY,2,TELEMETRY_0x02,0,0,0,0,0,0,0x08018044
1777179138.610,2997985,4,6,GNSS,255,BROADCAST,0,HEARTBEAT,48,HEARTBEAT,0,0,0,0,0,0,0x1001BFC0
1777179138.610,2997986,4,6,GNSS,1,CDH,10,HEALTH,1,HEALTH_0x01,0,0,0,0,1,1,0x1001804A
1777179138.643,2997987,2,6,GNSS,1,CDH,4,TELEMETRY,2,TELEMETRY_0x02,0,0,0,0,0,0,0x08018044
1777179143.592,3002967,4,6,GNSS,255,BROADCAST,0,HEARTBEAT,48,HEARTBEAT,0,0,0,0,0,0,0x1001BFC0
1777179143.592,3002968,4,6,GNSS,1,CDH,10,HEALTH,1,HEALTH_0x01,0,0,0,0,1,1,0x1001804A
1777179143.593,3002969,2,6,GNSS,1,CDH,4,TELEMETRY,2,TELEMETRY_0x02,0,0,0,0,0,0,0x08018044
1777179148.581,3007949,4,6,GNSS,255,BROADCAST,0,HEARTBEAT,48,HEARTBEAT,0,0,0,0,0,0,0x1001BFC0
1777179148.581,3007950,4,6,GNSS,1,CDH,10,HEALTH,1,HEALTH_0x01,0,0,0,0,1,1,0x1001804A
1777179148.581,3007951,2,6,GNSS,1,CDH,4,TELEMETRY,2,TELEMETRY_0x02,0,0,0,0,0,0,0x08018044
1777179153.555,3012930,4,6,GNSS,255,BROADCAST,0,HEARTBEAT,48,HEARTBEAT,0,0,0,0,0,0,0x1001BFC0
1777179153.555,3012931,4,6,GNSS,1,CDH,10,HEALTH,1,HEALTH_0x01,0,0,0,0,1,1,0x1001804A
1777179153.555,3012932,2,6,GNSS,1,CDH,4,TELEMETRY,2,TELEMETRY_0x02,0,0,0,0,0,0,0x08018044
1777179158.536,3017912,4,6,GNSS,255,BROADCAST,0,HEARTBEAT,48,HEARTBEAT,0,0,0,0,0,0,0x1001BFC0
1777179158.537,3017913,4,6,GNSS,1,CDH,10,HEALTH,1,HEALTH_0x01,0,0,0,0,1,1,0x1001804A
1777179158.538,3017914,2,6,GNSS,1,CDH,4,TELEMETRY,2,TELEMETRY_0x02,0,0,0,0,0,0,0x08018044
1777179163.533,3022894,4,6,GNSS,255,BROADCAST,0,HEARTBEAT,48,HEARTBEAT,0,0,0,0,0,0,0x1001BFC0
1777179163.533,3022895,4,6,GNSS,1,CDH,10,HEALTH,1,HEALTH_0x01,0,0,0,0,1,1,0x1001804A
1777179163.533,3022896,2,6,GNSS,1,CDH,4,TELEMETRY,2,TELEMETRY_0x02,0,0,0,0,0,0,0x08018044
1777179168.491,3027875,4,6,GNSS,255,BROADCAST,0,HEARTBEAT,48,HEARTBEAT,0,0,0,0,0,0,0x1001BFC0
1777179168.491,3027876,4,6,GNSS,1,CDH,10,HEALTH,1,HEALTH_0x01,0,0,0,0,1,1,0x1001804A
1777179168.491,3027877,2,6,GNSS,1,CDH,4,TELEMETRY,2,TELEMETRY_0x02,0,0,0,0,0,0,0x08018044
1777179173.483,3032856,4,6,GNSS,255,BROADCAST,0,HEARTBEAT,48,HEARTBEAT,0,0,0,0,0,0,0x1001BFC0
1777179173.483,3032857,4,6,GNSS,1,CDH,10,HEALTH,1,HEALTH_0x01,0,0,0,0,1,1,0x1001804A
1777179173.484,3032859,2,6,GNSS,1,CDH,4,TELEMETRY,2,TELEMETRY_0x02,0,0,0,0,0,0,0x08018044
1777179178.479,3037838,4,6,GNSS,255,BROADCAST,0,HEARTBEAT,48,HEARTBEAT,0,0,0,0,0,0,0x1001BFC0
1777179178.479,3037839,4,6,GNSS,1,CDH,10,HEALTH,1,HEALTH_0x01,0,0,0,0,1,1,0x1001804A
1777179178.479,3037840,2,6,GNSS,1,CDH,4,TELEMETRY,2,TELEMETRY_0x02,0,0,0,0,0,0,0x08018044
1777179183.444,3042819,4,6,GNSS,255,BROADCAST,0,HEARTBEAT,48,HEARTBEAT,0,0,0,0,0,0,0x1001BFC0
1777179183.445,3042820,4,6,GNSS,1,CDH,10,HEALTH,1,HEALTH_0x01,0,0,0,0,1,1,0x1001804A
1777179183.446,3042821,2,6,GNSS,1,CDH,4,TELEMETRY,2,TELEMETRY_0x02,0,0,0,0,0,0,0x08018044
1777179188.424,3047800,4,6,GNSS,255,BROADCAST,0,HEARTBEAT,48,HEARTBEAT,0,0,0,0,0,0,0x1001BFC0
1777179188.428,3047801,4,6,GNSS,1,CDH,10,HEALTH,1,HEALTH_0x01,0,0,0,0,1,1,0x1001804A
1777179188.428,3047803,2,6,GNSS,1,CDH,4,TELEMETRY,2,TELEMETRY_0x02,0,0,0,0,0,0,0x08018044
1777179193.443,3052782,4,6,GNSS,255,BROADCAST,0,HEARTBEAT,48,HEARTBEAT,0,0,0,0,0,0,0x1001BFC0
1777179193.443,3052783,4,6,GNSS,1,CDH,10,HEALTH,1,HEALTH_0x01,0,0,0,0,1,1,0x1001804A
1777179193.443,3052784,2,6,GNSS,1,CDH,4,TELEMETRY,2,TELEMETRY_0x02,0,0,0,0,0,0,0x08018044
1777179198.388,3057763,4,6,GNSS,255,BROADCAST,0,HEARTBEAT,48,HEARTBEAT,0,0,0,0,0,0,0x1001BFC0
1777179198.389,3057764,4,6,GNSS,1,CDH,10,HEALTH,1,HEALTH_0x01,0,0,0,0,1,1,0x1001804A
1777179198.390,3057766,2,6,GNSS,1,CDH,4,TELEMETRY,2,TELEMETRY_0x02,0,0,0,0,0,0,0x08018044
1777179208.387,3067726,4,6,GNSS,255,BROADCAST,0,HEARTBEAT,48,HEARTBEAT,0,0,0,0,0,0,0x1001BFC0
1777179208.387,3067727,4,6,GNSS,1,CDH,10,HEALTH,1,HEALTH_0x01,0,0,0,0,1,1,0x1001804A
1777179208.387,3067728,2,6,GNSS,1,CDH,4,TELEMETRY,2,TELEMETRY_0x02,0,0,0,0,0,0,0x08018044
1777179213.333,3072707,4,6,GNSS,255,BROADCAST,0,HEARTBEAT,48,HEARTBEAT,0,0,0,0,0,0,0x1001BFC0
1777179213.333,3072708,4,6,GNSS,1,CDH,10,HEALTH,1,HEALTH_0x01,0,0,0,0,1,1,0x1001804A
1777179213.333,3072709,2,6,GNSS,1,CDH,4,TELEMETRY,2,TELEMETRY_0x02,0,0,0,0,0,0,0x08018044
1777179218.321,3077688,4,6,GNSS,255,BROADCAST,0,HEARTBEAT,48,HEARTBEAT,0,0,0,0,0,0,0x1001BFC0
1777179218.321,3077689,4,6,GNSS,1,CDH,10,HEALTH,1,HEALTH_0x01,0,0,0,0,1,1,0x1001804A
1777179218.321,3077690,2,6,GNSS,1,CDH,4,TELEMETRY,2,TELEMETRY_0x02,0,0,0,0,0,0,0x08018044
1777179223.293,3082669,4,6,GNSS,255,BROADCAST,0,HEARTBEAT,48,HEARTBEAT,0,0,0,0,0,0,0x1001BFC0
1777179223.294,3082670,4,6,GNSS,1,CDH,10,HEALTH,1,HEALTH_0x01,0,0,0,0,1,1,0x1001804A
1777179223.295,3082671,2,6,GNSS,1,CDH,4,TELEMETRY,2,TELEMETRY_0x02,0,0,0,0,0,0,0x08018044
1777179228.276,3087650,4,6,GNSS,255,BROADCAST,0,HEARTBEAT,48,HEARTBEAT,0,0,0,0,0,0,0x1001BFC0
1777179228.276,3087651,4,6,GNSS,1,CDH,10,HEALTH,1,HEALTH_0x01,0,0,0,0,1,1,0x1001804A
1777179228.276,3087652,2,6,GNSS,1,CDH,4,TELEMETRY,2,TELEMETRY_0x02,0,0,0,0,0,0,0x08018044
1777179233.258,3092631,4,6,GNSS,255,BROADCAST,0,HEARTBEAT,48,HEARTBEAT,0,0,0,0,0,0,0x1001BFC0
1777179233.274,3092632,4,6,GNSS,1,CDH,10,HEALTH,1,HEALTH_0x01,0,0,0,0,1,1,0x1001804A
1777179233.274,3092633,2,6,GNSS,1,CDH,4,TELEMETRY,2,TELEMETRY_0x02,0,0,0,0,0,0,0x08018044
1777179238.239,3097612,4,6,GNSS,255,BROADCAST,0,HEARTBEAT,48,HEARTBEAT,0,0,0,0,0,0,0x1001BFC0
1777179238.239,3097613,4,6,GNSS,1,CDH,10,HEALTH,1,HEALTH_0x01,0,0,0,0,1,1,0x1001804A
1777179238.239,3097614,2,6,GNSS,1,CDH,4,TELEMETRY,2,TELEMETRY_0x02,0,0,0,0,0,0,0x08018044
1777179243.217,3102593,4,6,GNSS,255,BROADCAST,0,HEARTBEAT,48,HEARTBEAT,0,0,0,0,0,0,0x1001BFC0
1777179243.218,3102594,4,6,GNSS,1,CDH,10,HEALTH,1,HEALTH_0x01,0,0,0,0,1,1,0x1001804A
1777179243.219,3102595,2,6,GNSS,1,CDH,4,TELEMETRY,2,TELEMETRY_0x02,0,0,0,0,0,0,0x08018044
1777179248.226,3107573,4,6,GNSS,255,BROADCAST,0,HEARTBEAT,48,HEARTBEAT,0,0,0,0,0,0,0x1001BFC0
1777179248.226,3107574,4,6,GNSS,1,CDH,10,HEALTH,1,HEALTH_0x01,0,0,0,0,1,1,0x1001804A
1777179248.226,3107575,2,6,GNSS,1,CDH,4,TELEMETRY,2,TELEMETRY_0x02,0,0,0,0,0,0,0x08018044
1777179253.180,3112554,4,6,GNSS,255,BROADCAST,0,HEARTBEAT,48,HEARTBEAT,0,0,0,0,0,0,0x1001BFC0
1777179253.180,3112555,4,6,GNSS,1,CDH,10,HEALTH,1,HEALTH_0x01,0,0,0,0,1,1,0x1001804A
1777179253.180,3112556,2,6,GNSS,1,CDH,4,TELEMETRY,2,TELEMETRY_0x02,0,0,0,0,0,0,0x08018044
1777179258.162,3117534,4,6,GNSS,255,BROADCAST,0,HEARTBEAT,48,HEARTBEAT,0,0,0,0,0,0,0x1001BFC0
1777179258.162,3117535,4,6,GNSS,1,CDH,10,HEALTH,1,HEALTH_0x01,0,0,0,0,1,1,0x1001804A
1777179258.162,3117536,2,6,GNSS,1,CDH,4,TELEMETRY,2,TELEMETRY_0x02,0,0,0,0,0,0,0x08018044
1777179263.174,3122515,4,6,GNSS,255,BROADCAST,0,HEARTBEAT,48,HEARTBEAT,0,0,0,0,0,0,0x1001BFC0
1777179263.174,3122516,4,6,GNSS,1,CDH,10,HEALTH,1,HEALTH_0x01,0,0,0,0,1,1,0x1001804A
1777179263.174,3122517,2,6,GNSS,1,CDH,4,TELEMETRY,2,TELEMETRY_0x02,0,0,0,0,0,0,0x08018044
1777179268.122,3127496,4,6,GNSS,255,BROADCAST,0,HEARTBEAT,48,HEARTBEAT,0,0,0,0,0,0,0x1001BFC0
1777179268.122,3127497,4,6,GNSS,1,CDH,10,HEALTH,1,HEALTH_0x01,0,0,0,0,1,1,0x1001804A
1777179268.122,3127498,2,6,GNSS,1,CDH,4,TELEMETRY,2,TELEMETRY_0x02,0,0,0,0,0,0,0x08018044
1777179273.106,3132476,4,6,GNSS,255,BROADCAST,0,HEARTBEAT,48,HEARTBEAT,0,0,0,0,0,0,0x1001BFC0
1777179273.106,3132477,4,6,GNSS,1,CDH,10,HEALTH,1,HEALTH_0x01,0,0,0,0,1,1,0x1001804A
1777179273.106,3132479,2,6,GNSS,1,CDH,4,TELEMETRY,2,TELEMETRY_0x02,0,0,0,0,0,0,0x08018044
1777179278.082,3137457,4,6,GNSS,255,BROADCAST,0,HEARTBEAT,48,HEARTBEAT,0,0,0,0,0,0,0x1001BFC0
1777179278.124,3137458,4,6,GNSS,1,CDH,10,HEALTH,1,HEALTH_0x01,0,0,0,0,1,1,0x1001804A
1777179278.126,3137459,2,6,GNSS,1,CDH,4,TELEMETRY,2,TELEMETRY_0x02,0,0,0,0,0,0,0x08018044
1777179283.066,3142438,4,6,GNSS,255,BROADCAST,0,HEARTBEAT,48,HEARTBEAT,0,0,0,0,0,0,0x1001BFC0
1777179283.066,3142439,4,6,GNSS,1,CDH,10,HEALTH,1,HEALTH_0x01,0,0,0,0,1,1,0x1001804A
1777179283.066,3142440,2,6,GNSS,1,CDH,4,TELEMETRY,2,TELEMETRY_0x02,0,0,0,0,0,0,0x08018044
1777179288.066,3147419,4,6,GNSS,255,BROADCAST,0,HEARTBEAT,48,HEARTBEAT,0,0,0,0,0,0,0x1001BFC0
1777179288.066,3147420,4,6,GNSS,1,CDH,10,HEALTH,1,HEALTH_0x01,0,0,0,0,1,1,0x1001804A
1777179288.066,3147421,2,6,GNSS,1,CDH,4,TELEMETRY,2,TELEMETRY_0x02,0,0,0,0,0,0,0x08018044
1777179293.026,3152399,4,6,GNSS,255,BROADCAST,0,HEARTBEAT,48,HEARTBEAT,0,0,0,0,0,0,0x1001BFC0
1777179293.026,3152400,4,6,GNSS,1,CDH,10,HEALTH,1,HEALTH_0x01,0,0,0,0,1,1,0x1001804A
1777179293.026,3152402,2,6,GNSS,1,CDH,4,TELEMETRY,2,TELEMETRY_0x02,0,0,0,0,0,0,0x08018044
1777179298.007,3157380,4,6,GNSS,255,BROADCAST,0,HEARTBEAT,48,HEARTBEAT,0,0,0,0,0,0,0x1001BFC0
1777179298.007,3157381,4,6,GNSS,1,CDH,10,HEALTH,1,HEALTH_0x01,0,0,0,0,1,1,0x1001804A
1777179298.007,3157382,2,6,GNSS,1,CDH,4,TELEMETRY,2,TELEMETRY_0x02,0,0,0,0,0,0,0x08018044
1777179302.995,3162361,4,6,GNSS,255,BROADCAST,0,HEARTBEAT,48,HEARTBEAT,0,0,0,0,0,0,0x1001BFC0
1777179302.995,3162362,4,6,GNSS,1,CDH,10,HEALTH,1,HEALTH_0x01,0,0,0,0,1,1,0x1001804A
1777179302.995,3162363,2,6,GNSS,1,CDH,4,TELEMETRY,2,TELEMETRY_0x02,0,0,0,0,0,0,0x08018044
1777179307.966,3167341,4,6,GNSS,255,BROADCAST,0,HEARTBEAT,48,HEARTBEAT,0,0,0,0,0,0,0x1001BFC0
1777179307.966,3167342,4,6,GNSS,1,CDH,10,HEALTH,1,HEALTH_0x01,0,0,0,0,1,1,0x1001804A
1777179307.968,3167343,2,6,GNSS,1,CDH,4,TELEMETRY,2,TELEMETRY_0x02,0,0,0,0,0,0,0x08018044
1777179312.947,3172322,4,6,GNSS,255,BROADCAST,0,HEARTBEAT,48,HEARTBEAT,0,0,0,0,0,0,0x1001BFC0
1777179312.949,3172323,4,6,GNSS,1,CDH,10,HEALTH,1,HEALTH_0x01,0,0,0,0,1,1,0x1001804A
1777179312.949,3172324,2,6,GNSS,1,CDH,4,TELEMETRY,2,TELEMETRY_0x02,0,0,0,0,0,0,0x08018044
1777179317.957,3177303,4,6,GNSS,255,BROADCAST,0,HEARTBEAT,48,HEARTBEAT,0,0,0,0,0,0,0x1001BFC0
1777179317.957,3177304,4,6,GNSS,1,CDH,10,HEALTH,1,HEALTH_0x01,0,0,0,0,1,1,0x1001804A
1777179317.957,3177305,2,6,GNSS,1,CDH,4,TELEMETRY,2,TELEMETRY_0x02,0,0,0,0,0,0,0x08018044
1777179322.908,3182283,4,6,GNSS,255,BROADCAST,0,HEARTBEAT,48,HEARTBEAT,0,0,0,0,0,0,0x1001BFC0
1777179322.909,3182284,4,6,GNSS,1,CDH,10,HEALTH,1,HEALTH_0x01,0,0,0,0,1,1,0x1001804A
1777179322.910,3182285,2,6,GNSS,1,CDH,4,TELEMETRY,2,TELEMETRY_0x02,0,0,0,0,0,0,0x08018044
1777179327.892,3187265,4,6,GNSS,255,BROADCAST,0,HEARTBEAT,48,HEARTBEAT,0,0,0,0,0,0,0x1001BFC0
1777179327.892,3187266,4,6,GNSS,1,CDH,10,HEALTH,1,HEALTH_0x01,0,0,0,0,1,1,0x1001804A
1777179327.892,3187267,2,6,GNSS,1,CDH,4,TELEMETRY,2,TELEMETRY_0x02,0,0,0,0,0,0,0x08018044
1777179332.906,3192246,4,6,GNSS,255,BROADCAST,0,HEARTBEAT,48,HEARTBEAT,0,0,0,0,0,0,0x1001BFC0
1777179332.906,3192247,4,6,GNSS,1,CDH,10,HEALTH,1,HEALTH_0x01,0,0,0,0,1,1,0x1001804A
1777179332.906,3192248,2,6,GNSS,1,CDH,4,TELEMETRY,2,TELEMETRY_0x02,0,0,0,0,0,0,0x08018044
1777179337.856,3197226,4,6,GNSS,255,BROADCAST,0,HEARTBEAT,48,HEARTBEAT,0,0,0,0,0,0,0x1001BFC0
1777179337.856,3197227,4,6,GNSS,1,CDH,10,HEALTH,1,HEALTH_0x01,0,0,0,0,1,1,0x1001804A
1777179337.856,3197228,2,6,GNSS,1,CDH,4,TELEMETRY,2,TELEMETRY_0x02,0,0,0,0,0,0,0x08018044
1777179342.839,3202207,4,6,GNSS,255,BROADCAST,0,HEARTBEAT,48,HEARTBEAT,0,0,0,0,0,0,0x1001BFC0
1777179342.839,3202208,4,6,GNSS,1,CDH,10,HEALTH,1,HEALTH_0x01,0,0,0,0,1,1,0x1001804A
1777179342.839,3202209,2,6,GNSS,1,CDH,4,TELEMETRY,2,TELEMETRY_0x02,0,0,0,0,0,0,0x08018044
1777179347.813,3207188,4,6,GNSS,255,BROADCAST,0,HEARTBEAT,48,HEARTBEAT,0,0,0,0,0,0,0x1001BFC0
1777179347.814,3207189,4,6,GNSS,1,CDH,10,HEALTH,1,HEALTH_0x01,0,0,0,0,1,1,0x1001804A
1777179347.814,3207190,2,6,GNSS,1,CDH,4,TELEMETRY,2,TELEMETRY_0x02,0,0,0,0,0,0,0x08018044
1777179352.796,3212169,4,6,GNSS,255,BROADCAST,0,HEARTBEAT,48,HEARTBEAT,0,0,0,0,0,0,0x1001BFC0
1777179352.796,3212170,4,6,GNSS,1,CDH,10,HEALTH,1,HEALTH_0x01,0,0,0,0,1,1,0x1001804A
1777179352.796,3212171,2,6,GNSS,1,CDH,4,TELEMETRY,2,TELEMETRY_0x02,0,0,0,0,0,0,0x08018044
1777179357.792,3217150,4,6,GNSS,255,BROADCAST,0,HEARTBEAT,48,HEARTBEAT,0,0,0,0,0,0,0x1001BFC0
1777179357.792,3217151,4,6,GNSS,1,CDH,10,HEALTH,1,HEALTH_0x01,0,0,0,0,1,1,0x1001804A
1777179357.792,3217152,2,6,GNSS,1,CDH,4,TELEMETRY,2,TELEMETRY_0x02,0,0,0,0,0,0,0x08018044
1777179362.756,3222130,4,6,GNSS,255,BROADCAST,0,HEARTBEAT,48,HEARTBEAT,0,0,0,0,0,0,0x1001BFC0
1777179362.756,3222131,4,6,GNSS,1,CDH,10,HEALTH,1,HEALTH_0x01,0,0,0,0,1,1,0x1001804A
1777179362.759,3222133,2,6,GNSS,1,CDH,4,TELEMETRY,2,TELEMETRY_0x02,0,0,0,0,0,0,0x08018044
1777179367.740,3227111,4,6,GNSS,255,BROADCAST,0,HEARTBEAT,48,HEARTBEAT,0,0,0,0,0,0,0x1001BFC0
1777179367.740,3227112,4,6,GNSS,1,CDH,10,HEALTH,1,HEALTH_0x01,0,0,0,0,1,1,0x1001804A
1777179367.740,3227113,2,6,GNSS,1,CDH,4,TELEMETRY,2,TELEMETRY_0x02,0,0,0,0,0,0,0x08018044
1777179442.472,13640,4,6,GNSS,255,BROADCAST,0,HEARTBEAT,48,HEARTBEAT,0,0,0,0,0,0,0x1001BFC0
1777179442.472,13641,4,6,GNSS,1,CDH,10,HEALTH,1,HEALTH_0x01,0,0,0,0,1,1,0x1001804A
1777179442.472,13642,2,6,GNSS,1,CDH,4,TELEMETRY,2,TELEMETRY_0x02,0,0,0,0,0,0,0x08018044
1777179447.426,18621,4,6,GNSS,255,BROADCAST,0,HEARTBEAT,48,HEARTBEAT,0,0,0,0,0,0,0x1001BFC0
1777179447.426,18622,4,6,GNSS,1,CDH,10,HEALTH,1,HEALTH_0x01,0,0,0,0,1,1,0x1001804A
1777179447.427,18623,2,6,GNSS,1,CDH,4,TELEMETRY,2,TELEMETRY_0x02,0,0,0,0,0,0,0x08018044
1777179452.407,23601,4,6,GNSS,255,BROADCAST,0,HEARTBEAT,48,HEARTBEAT,0,0,0,0,0,0,0x1001BFC0
1777179452.407,23602,4,6,GNSS,1,CDH,10,HEALTH,1,HEALTH_0x01,0,0,0,0,1,1,0x1001804A
1777179452.407,23603,2,6,GNSS,1,CDH,4,TELEMETRY,2,TELEMETRY_0x02,0,0,0,0,0,0,0x08018044
1777179457.387,28582,4,6,GNSS,255,BROADCAST,0,HEARTBEAT,48,HEARTBEAT,0,0,0,0,0,0,0x1001BFC0
1777179457.388,28583,4,6,GNSS,1,CDH,10,HEALTH,1,HEALTH_0x01,0,0,0,0,1,1,0x1001804A
1777179457.427,28584,2,6,GNSS,1,CDH,4,TELEMETRY,2,TELEMETRY_0x02,0,0,0,0,0,0,0x08018044
1777179462.368,33563,4,6,GNSS,255,BROADCAST,0,HEARTBEAT,48,HEARTBEAT,0,0,0,0,0,0,0x1001BFC0
1777179462.368,33564,4,6,GNSS,1,CDH,10,HEALTH,1,HEALTH_0x01,0,0,0,0,1,1,0x1001804A
1777179462.369,33565,2,6,GNSS,1,CDH,4,TELEMETRY,2,TELEMETRY_0x02,0,0,0,0,0,0,0x08018044
1777179467.360,38543,4,6,GNSS,255,BROADCAST,0,HEARTBEAT,48,HEARTBEAT,0,0,0,0,0,0,0x1001BFC0
1777179467.360,38544,4,6,GNSS,1,CDH,10,HEALTH,1,HEALTH_0x01,0,0,0,0,1,1,0x1001804A
1777179467.360,38545,2,6,GNSS,1,CDH,4,TELEMETRY,2,TELEMETRY_0x02,0,0,0,0,0,0,0x08018044
1777179472.328,43524,4,6,GNSS,255,BROADCAST,0,HEARTBEAT,48,HEARTBEAT,0,0,0,0,0,0,0x1001BFC0
1777179472.330,43525,4,6,GNSS,1,CDH,10,HEALTH,1,HEALTH_0x01,0,0,0,0,1,1,0x1001804A
1777179472.330,43526,2,6,GNSS,1,CDH,4,TELEMETRY,2,TELEMETRY_0x02,0,0,0,0,0,0,0x08018044
1777179477.309,48504,4,6,GNSS,255,BROADCAST,0,HEARTBEAT,48,HEARTBEAT,0,0,0,0,0,0,0x1001BFC0
1777179477.310,48505,4,6,GNSS,1,CDH,10,HEALTH,1,HEALTH_0x01,0,0,0,0,1,1,0x1001804A
1777179477.311,48506,2,6,GNSS,1,CDH,4,TELEMETRY,2,TELEMETRY_0x02,0,0,0,0,0,0,0x08018044
1777179482.303,53485,4,6,GNSS,255,BROADCAST,0,HEARTBEAT,48,HEARTBEAT,0,0,0,0,0,0,0x1001BFC0
1777179482.303,53486,4,6,GNSS,1,CDH,10,HEALTH,1,HEALTH_0x01,0,0,0,0,1,1,0x1001804A
1777179482.303,53487,2,6,GNSS,1,CDH,4,TELEMETRY,2,TELEMETRY_0x02,0,0,0,0,0,0,0x08018044
1777179487.270,58465,4,6,GNSS,255,BROADCAST,0,HEARTBEAT,48,HEARTBEAT,0,0,0,0,0,0,0x1001BFC0
1777179487.271,58466,4,6,GNSS,1,CDH,10,HEALTH,1,HEALTH_0x01,0,0,0,0,1,1,0x1001804A
1777179487.271,58467,2,6,GNSS,1,CDH,4,TELEMETRY,2,TELEMETRY_0x02,0,0,0,0,0,0,0x08018044
1777179492.252,63445,4,6,GNSS,255,BROADCAST,0,HEARTBEAT,48,HEARTBEAT,0,0,0,0,0,0,0x1001BFC0
1777179492.252,63446,4,6,GNSS,1,CDH,10,HEALTH,1,HEALTH_0x01,0,0,0,0,1,1,0x1001804A
1777179492.252,63447,2,6,GNSS,1,CDH,4,TELEMETRY,2,TELEMETRY_0x02,0,0,0,0,0,0,0x08018044
1777179497.267,68425,4,6,GNSS,255,BROADCAST,0,HEARTBEAT,48,HEARTBEAT,0,0,0,0,0,0,0x1001BFC0
1777179497.267,68426,4,6,GNSS,1,CDH,10,HEALTH,1,HEALTH_0x01,0,0,0,0,1,1,0x1001804A
1777179497.267,68428,2,6,GNSS,1,CDH,4,TELEMETRY,2,TELEMETRY_0x02,0,0,0,0,0,0,0x08018044
1777179502.211,73406,4,6,GNSS,255,BROADCAST,0,HEARTBEAT,48,HEARTBEAT,0,0,0,0,0,0,0x1001BFC0
1777179502.211,73407,4,6,GNSS,1,CDH,10,HEALTH,1,HEALTH_0x01,0,0,0,0,1,1,0x1001804A
1777179502.212,73408,2,6,GNSS,1,CDH,4,TELEMETRY,2,TELEMETRY_0x02,0,0,0,0,0,0,0x08018044
1777179507.192,78386,4,6,GNSS,255,BROADCAST,0,HEARTBEAT,48,HEARTBEAT,0,0,0,0,0,0,0x1001BFC0
1777179507.192,78387,4,6,GNSS,1,CDH,10,HEALTH,1,HEALTH_0x01,0,0,0,0,1,1,0x1001804A
1777179507.192,78388,2,6,GNSS,1,CDH,4,TELEMETRY,2,TELEMETRY_0x02,0,0,0,0,0,0,0x08018044
1777179512.171,83366,4,6,GNSS,255,BROADCAST,0,HEARTBEAT,48,HEARTBEAT,0,0,0,0,0,0,0x1001BFC0
1777179512.172,83367,4,6,GNSS,1,CDH,10,HEALTH,1,HEALTH_0x01,0,0,0,0,1,1,0x1001804A
1777179512.213,83369,2,6,GNSS,1,CDH,4,TELEMETRY,2,TELEMETRY_0x02,0,0,0,0,0,0,0x08018044
1777179517.153,88347,4,6,GNSS,255,BROADCAST,0,HEARTBEAT,48,HEARTBEAT,0,0,0,0,0,0,0x1001BFC0
1777179517.153,88348,4,6,GNSS,1,CDH,10,HEALTH,1,HEALTH_0x01,0,0,0,0,1,1,0x1001804A
1777179517.154,88349,2,6,GNSS,1,CDH,4,TELEMETRY,2,TELEMETRY_0x02,0,0,0,0,0,0,0x08018044
1777179522.146,93327,4,6,GNSS,255,BROADCAST,0,HEARTBEAT,48,HEARTBEAT,0,0,0,0,0,0,0x1001BFC0
1777179522.146,93328,4,6,GNSS,1,CDH,10,HEALTH,1,HEALTH_0x01,0,0,0,0,1,1,0x1001804A
1777179522.146,93330,2,6,GNSS,1,CDH,4,TELEMETRY,2,TELEMETRY_0x02,0,0,0,0,0,0,0x08018044
1777179527.114,98308,4,6,GNSS,255,BROADCAST,0,HEARTBEAT,48,HEARTBEAT,0,0,0,0,0,0,0x1001BFC0
1777179527.114,98309,4,6,GNSS,1,CDH,10,HEALTH,1,HEALTH_0x01,0,0,0,0,1,1,0x1001804A
1777179527.115,98310,2,6,GNSS,1,CDH,4,TELEMETRY,2,TELEMETRY_0x02,0,0,0,0,0,0,0x08018044
1777179532.094,103288,4,6,GNSS,255,BROADCAST,0,HEARTBEAT,48,HEARTBEAT,0,0,0,0,0,0,0x1001BFC0
1777179532.094,103289,4,6,GNSS,1,CDH,10,HEALTH,1,HEALTH_0x01,0,0,0,0,1,1,0x1001804A
1777179532.096,103291,2,6,GNSS,1,CDH,4,TELEMETRY,2,TELEMETRY_0x02,0,0,0,0,0,0,0x08018044
1777179537.098,108269,4,6,GNSS,255,BROADCAST,0,HEARTBEAT,48,HEARTBEAT,0,0,0,0,0,0,0x1001BFC0
1777179537.098,108270,4,6,GNSS,1,CDH,10,HEALTH,1,HEALTH_0x01,0,0,0,0,1,1,0x1001804A
1777179537.098,108271,2,6,GNSS,1,CDH,4,TELEMETRY,2,TELEMETRY_0x02,0,0,0,0,0,0,0x08018044
1777179542.055,113249,4,6,GNSS,255,BROADCAST,0,HEARTBEAT,48,HEARTBEAT,0,0,0,0,0,0,0x1001BFC0
1777179542.056,113250,4,6,GNSS,1,CDH,10,HEALTH,1,HEALTH_0x01,0,0,0,0,1,1,0x1001804A
1777179542.056,113252,2,6,GNSS,1,CDH,4,TELEMETRY,2,TELEMETRY_0x02,0,0,0,0,0,0,0x08018044
1777179547.043,118230,4,6,GNSS,255,BROADCAST,0,HEARTBEAT,48,HEARTBEAT,0,0,0,0,0,0,0x1001BFC0
1777179547.043,118231,4,6,GNSS,1,CDH,10,HEALTH,1,HEALTH_0x01,0,0,0,0,1,1,0x1001804A
1777179547.043,118232,2,6,GNSS,1,CDH,4,TELEMETRY,2,TELEMETRY_0x02,0,0,0,0,0,0,0x08018044
1777179552.051,123211,4,6,GNSS,255,BROADCAST,0,HEARTBEAT,48,HEARTBEAT,0,0,0,0,0,0,0x1001BFC0
1777179552.051,123212,4,6,GNSS,1,CDH,10,HEALTH,1,HEALTH_0x01,0,0,0,0,1,1,0x1001804A
1777179552.051,123213,2,6,GNSS,1,CDH,4,TELEMETRY,2,TELEMETRY_0x02,0,0,0,0,0,0,0x08018044
1777179556.997,128192,4,6,GNSS,255,BROADCAST,0,HEARTBEAT,48,HEARTBEAT,0,0,0,0,0,0,0x1001BFC0
1777179557.001,128193,4,6,GNSS,1,CDH,10,HEALTH,1,HEALTH_0x01,0,0,0,0,1,1,0x1001804A
1777179557.001,128194,2,6,GNSS,1,CDH,4,TELEMETRY,2,TELEMETRY_0x02,0,0,0,0,0,0,0x08018044
1777179561.980,133173,4,6,GNSS,255,BROADCAST,0,HEARTBEAT,48,HEARTBEAT,0,0,0,0,0,0,0x1001BFC0
1777179561.980,133174,4,6,GNSS,1,CDH,10,HEALTH,1,HEALTH_0x01,0,0,0,0,1,1,0x1001804A
1777179561.980,133175,2,6,GNSS,1,CDH,4,TELEMETRY,2,TELEMETRY_0x02,0,0,0,0,0,0,0x08018044
1777179566.999,138154,4,6,GNSS,255,BROADCAST,0,HEARTBEAT,48,HEARTBEAT,0,0,0,0,0,0,0x1001BFC0
1777179566.999,138155,4,6,GNSS,1,CDH,10,HEALTH,1,HEALTH_0x01,0,0,0,0,1,1,0x1001804A
1777179566.999,138156,2,6,GNSS,1,CDH,4,TELEMETRY,2,TELEMETRY_0x02,0,0,0,0,0,0,0x08018044
1777179571.940,143135,4,6,GNSS,255,BROADCAST,0,HEARTBEAT,48,HEARTBEAT,0,0,0,0,0,0,0x1001BFC0
1777179571.942,143136,4,6,GNSS,1,CDH,10,HEALTH,1,HEALTH_0x01,0,0,0,0,1,1,0x1001804A
1777179571.942,143137,2,6,GNSS,1,CDH,4,TELEMETRY,2,TELEMETRY_0x02,0,0,0,0,0,0,0x08018044
1777179576.933,148116,4,6,GNSS,255,BROADCAST,0,HEARTBEAT,48,HEARTBEAT,0,0,0,0,0,0,0x1001BFC0
1777179576.933,148117,4,6,GNSS,1,CDH,10,HEALTH,1,HEALTH_0x01,0,0,0,0,1,1,0x1001804A
1777179576.933,148118,2,6,GNSS,1,CDH,4,TELEMETRY,2,TELEMETRY_0x02,0,0,0,0,0,0,0x08018044
1777179581.903,153097,4,6,GNSS,255,BROADCAST,0,HEARTBEAT,48,HEARTBEAT,0,0,0,0,0,0,0x1001BFC0
1777179581.903,153098,4,6,GNSS,1,CDH,10,HEALTH,1,HEALTH_0x01,0,0,0,0,1,1,0x1001804A
1777179581.903,153099,2,6,GNSS,1,CDH,4,TELEMETRY,2,TELEMETRY_0x02,0,0,0,0,0,0,0x08018044
1777179586.883,158077,4,6,GNSS,255,BROADCAST,0,HEARTBEAT,48,HEARTBEAT,0,0,0,0,0,0,0x1001BFC0
1777179586.884,158078,4,6,GNSS,1,CDH,10,HEALTH,1,HEALTH_0x01,0,0,0,0,1,1,0x1001804A
1777179586.884,158079,2,6,GNSS,1,CDH,4,TELEMETRY,2,TELEMETRY_0x02,0,0,0,0,0,0,0x08018044
1777179591.883,163058,4,6,GNSS,255,BROADCAST,0,HEARTBEAT,48,HEARTBEAT,0,0,0,0,0,0,0x1001BFC0
1777179591.883,163059,4,6,GNSS,1,CDH,10,HEALTH,1,HEALTH_0x01,0,0,0,0,1,1,0x1001804A
1777179591.883,163060,2,6,GNSS,1,CDH,4,TELEMETRY,2,TELEMETRY_0x02,0,0,0,0,0,0,0x08018044
1777179596.844,168039,4,6,GNSS,255,BROADCAST,0,HEARTBEAT,48,HEARTBEAT,0,0,0,0,0,0,0x1001BFC0
1777179596.846,168041,4,6,GNSS,1,CDH,10,HEALTH,1,HEALTH_0x01,0,0,0,0,1,1,0x1001804A
1777179596.847,168042,2,6,GNSS,1,CDH,4,TELEMETRY,2,TELEMETRY_0x02,0,0,0,0,0,0,0x08018044
1777179601.826,173019,4,6,GNSS,255,BROADCAST,0,HEARTBEAT,48,HEARTBEAT,0,0,0,0,0,0,0x1001BFC0
1777179601.826,173020,4,6,GNSS,1,CDH,10,HEALTH,1,HEALTH_0x01,0,0,0,0,1,1,0x1001804A
1777179601.827,173022,2,6,GNSS,1,CDH,4,TELEMETRY,2,TELEMETRY_0x02,0,0,0,0,0,0,0x08018044
1777179606.834,178000,4,6,GNSS,255,BROADCAST,0,HEARTBEAT,48,HEARTBEAT,0,0,0,0,0,0,0x1001BFC0
1777179606.835,178001,4,6,GNSS,1,CDH,10,HEALTH,1,HEALTH_0x01,0,0,0,0,1,1,0x1001804A
1777179606.835,178002,2,6,GNSS,1,CDH,4,TELEMETRY,2,TELEMETRY_0x02,0,0,0,0,0,0,0x08018044
1777179611.786,182980,4,6,GNSS,255,BROADCAST,0,HEARTBEAT,48,HEARTBEAT,0,0,0,0,0,0,0x1001BFC0
1777179611.787,182981,4,6,GNSS,1,CDH,10,HEALTH,1,HEALTH_0x01,0,0,0,0,1,1,0x1001804A
1777179611.788,182983,2,6,GNSS,1,CDH,4,TELEMETRY,2,TELEMETRY_0x02,0,0,0,0,0,0,0x08018044
1777179616.769,187961,4,6,GNSS,255,BROADCAST,0,HEARTBEAT,48,HEARTBEAT,0,0,0,0,0,0,0x1001BFC0
1777179616.769,187962,4,6,GNSS,1,CDH,10,HEALTH,1,HEALTH_0x01,0,0,0,0,1,1,0x1001804A
1777179616.769,187964,2,6,GNSS,1,CDH,4,TELEMETRY,2,TELEMETRY_0x02,0,0,0,0,0,0,0x08018044
1777179621.773,192942,4,6,GNSS,255,BROADCAST,0,HEARTBEAT,48,HEARTBEAT,0,0,0,0,0,0,0x1001BFC0
1777179621.773,192943,4,6,GNSS,1,CDH,10,HEALTH,1,HEALTH_0x01,0,0,0,0,1,1,0x1001804A
1777179621.773,192944,2,6,GNSS,1,CDH,4,TELEMETRY,2,TELEMETRY_0x02,0,0,0,0,0,0,0x08018044
1777179626.734,197923,4,6,GNSS,255,BROADCAST,0,HEARTBEAT,48,HEARTBEAT,0,0,0,0,0,0,0x1001BFC0
1777179626.734,197924,4,6,GNSS,1,CDH,10,HEALTH,1,HEALTH_0x01,0,0,0,0,1,1,0x1001804A
1777179626.734,197925,2,6,GNSS,1,CDH,4,TELEMETRY,2,TELEMETRY_0x02,0,0,0,0,0,0,0x08018044
1777179631.722,202903,4,6,GNSS,255,BROADCAST,0,HEARTBEAT,48,HEARTBEAT,0,0,0,0,0,0,0x1001BFC0
1777179631.722,202904,4,6,GNSS,1,CDH,10,HEALTH,1,HEALTH_0x01,0,0,0,0,1,1,0x1001804A
1777179631.722,202906,2,6,GNSS,1,CDH,4,TELEMETRY,2,TELEMETRY_0x02,0,0,0,0,0,0,0x08018044
1777179636.690,207884,4,6,GNSS,255,BROADCAST,0,HEARTBEAT,48,HEARTBEAT,0,0,0,0,0,0,0x1001BFC0
1777179636.691,207885,4,6,GNSS,1,CDH,10,HEALTH,1,HEALTH_0x01,0,0,0,0,1,1,0x1001804A
1777179636.692,207886,2,6,GNSS,1,CDH,4,TELEMETRY,2,TELEMETRY_0x02,0,0,0,0,0,0,0x08018044
1777179641.673,212865,4,6,GNSS,255,BROADCAST,0,HEARTBEAT,48,HEARTBEAT,0,0,0,0,0,0,0x1001BFC0
1777179641.673,212866,4,6,GNSS,1,CDH,10,HEALTH,1,HEALTH_0x01,0,0,0,0,1,1,0x1001804A
1777179641.673,212867,2,6,GNSS,1,CDH,4,TELEMETRY,2,TELEMETRY_0x02,0,0,0,0,0,0,0x08018044
1777179646.671,217846,4,6,GNSS,255,BROADCAST,0,HEARTBEAT,48,HEARTBEAT,0,0,0,0,0,0,0x1001BFC0
1777179646.671,217847,4,6,GNSS,1,CDH,10,HEALTH,1,HEALTH_0x01,0,0,0,0,1,1,0x1001804A
1777179646.671,217848,2,6,GNSS,1,CDH,4,TELEMETRY,2,TELEMETRY_0x02,0,0,0,0,0,0,0x08018044
1777179651.633,222827,4,6,GNSS,255,BROADCAST,0,HEARTBEAT,48,HEARTBEAT,0,0,0,0,0,0,0x1001BFC0
1777179651.633,222828,4,6,GNSS,1,CDH,10,HEALTH,1,HEALTH_0x01,0,0,0,0,1,1,0x1001804A
1777179651.634,222829,2,6,GNSS,1,CDH,4,TELEMETRY,2,TELEMETRY_0x02,0,0,0,0,0,0,0x08018044
1777179784.416,355609,4,6,GNSS,255,BROADCAST,0,HEARTBEAT,48,HEARTBEAT,0,0,0,0,0,0,0x1001BFC0
1777179784.416,355610,4,6,GNSS,1,CDH,10,HEALTH,1,HEALTH_0x01,0,0,0,0,1,1,0x1001804A
1777179784.417,355611,2,6,GNSS,1,CDH,4,TELEMETRY,2,TELEMETRY_0x02,0,0,0,0,0,0,0x08018044
1777179789.416,360593,4,6,GNSS,255,BROADCAST,0,HEARTBEAT,48,HEARTBEAT,0,0,0,0,0,0,0x1001BFC0
1777179789.416,360594,4,6,GNSS,1,CDH,10,HEALTH,1,HEALTH_0x01,0,0,0,0,1,1,0x1001804A
1777179789.416,360595,2,6,GNSS,1,CDH,4,TELEMETRY,2,TELEMETRY_0x02,0,0,0,0,0,0,0x08018044
1777179794.383,365576,4,6,GNSS,255,BROADCAST,0,HEARTBEAT,48,HEARTBEAT,0,0,0,0,0,0,0x1001BFC0
1777179794.384,365577,4,6,GNSS,1,CDH,10,HEALTH,1,HEALTH_0x01,0,0,0,0,1,1,0x1001804A
1777179794.384,365578,2,6,GNSS,1,CDH,4,TELEMETRY,2,TELEMETRY_0x02,0,0,0,0,0,0,0x08018044
1777179799.367,370559,4,6,GNSS,255,BROADCAST,0,HEARTBEAT,48,HEARTBEAT,0,0,0,0,0,0,0x1001BFC0
1777179799.367,370560,4,6,GNSS,1,CDH,10,HEALTH,1,HEALTH_0x01,0,0,0,0,1,1,0x1001804A
1777179799.368,370561,2,6,GNSS,1,CDH,4,TELEMETRY,2,TELEMETRY_0x02,0,0,0,0,0,0,0x08018044
1777179809.337,380530,4,6,GNSS,255,BROADCAST,0,HEARTBEAT,48,HEARTBEAT,0,0,0,0,0,0,0x1001BFC0
1777179809.339,380531,4,6,GNSS,1,CDH,10,HEALTH,1,HEALTH_0x01,0,0,0,0,1,1,0x1001804A
1777179809.339,380532,2,6,GNSS,1,CDH,4,TELEMETRY,2,TELEMETRY_0x02,0,0,0,0,0,0,0x08018044
1777179814.325,385513,4,6,GNSS,255,BROADCAST,0,HEARTBEAT,48,HEARTBEAT,0,0,0,0,0,0,0x1001BFC0
1777179814.325,385514,4,6,GNSS,1,CDH,10,HEALTH,1,HEALTH_0x01,0,0,0,0,1,1,0x1001804A
1777179814.325,385515,2,6,GNSS,1,CDH,4,TELEMETRY,2,TELEMETRY_0x02,0,0,0,0,0,0,0x08018044
1777179819.310,390496,4,6,GNSS,255,BROADCAST,0,HEARTBEAT,48,HEARTBEAT,0,0,0,0,0,0,0x1001BFC0
1777179819.310,390497,4,6,GNSS,1,CDH,10,HEALTH,1,HEALTH_0x01,0,0,0,0,1,1,0x1001804A
1777179819.310,390498,2,6,GNSS,1,CDH,4,TELEMETRY,2,TELEMETRY_0x02,0,0,0,0,0,0,0x08018044
1777179824.286,395478,4,6,GNSS,255,BROADCAST,0,HEARTBEAT,48,HEARTBEAT,0,0,0,0,0,0,0x1001BFC0
1777179824.286,395479,4,6,GNSS,1,CDH,10,HEALTH,1,HEALTH_0x01,0,0,0,0,1,1,0x1001804A
1777179824.287,395480,2,6,GNSS,1,CDH,4,TELEMETRY,2,TELEMETRY_0x02,0,0,0,0,0,0,0x08018044
1777179829.268,400461,4,6,GNSS,255,BROADCAST,0,HEARTBEAT,48,HEARTBEAT,0,0,0,0,0,0,0x1001BFC0
1777179829.268,400462,4,6,GNSS,1,CDH,10,HEALTH,1,HEALTH_0x01,0,0,0,0,1,1,0x1001804A
1777179829.269,400463,2,6,GNSS,1,CDH,4,TELEMETRY,2,TELEMETRY_0x02,0,0,0,0,0,0,0x08018044
1777179834.270,405443,4,6,GNSS,255,BROADCAST,0,HEARTBEAT,48,HEARTBEAT,0,0,0,0,0,0,0x1001BFC0
1777179834.272,405444,4,6,GNSS,1,CDH,10,HEALTH,1,HEALTH_0x01,0,0,0,0,1,1,0x1001804A
1777179834.272,405445,2,6,GNSS,1,CDH,4,TELEMETRY,2,TELEMETRY_0x02,0,0,0,0,0,0,0x08018044
1777179839.233,410425,4,6,GNSS,255,BROADCAST,0,HEARTBEAT,48,HEARTBEAT,0,0,0,0,0,0,0x1001BFC0
1777179839.233,410426,4,6,GNSS,1,CDH,10,HEALTH,1,HEALTH_0x01,0,0,0,0,1,1,0x1001804A
1777179839.234,410428,2,6,GNSS,1,CDH,4,TELEMETRY,2,TELEMETRY_0x02,0,0,0,0,0,0,0x08018044
1777179844.218,415407,4,6,GNSS,255,BROADCAST,0,HEARTBEAT,48,HEARTBEAT,0,0,0,0,0,0,0x1001BFC0
1777179844.218,415408,4,6,GNSS,1,CDH,10,HEALTH,1,HEALTH_0x01,0,0,0,0,1,1,0x1001804A
1777179844.218,415410,2,6,GNSS,1,CDH,4,TELEMETRY,2,TELEMETRY_0x02,0,0,0,0,0,0,0x08018044
1777179849.221,420390,4,6,GNSS,255,BROADCAST,0,HEARTBEAT,48,HEARTBEAT,0,0,0,0,0,0,0x1001BFC0
1777179849.221,420391,4,6,GNSS,1,CDH,10,HEALTH,1,HEALTH_0x01,0,0,0,0,1,1,0x1001804A
1777179849.221,420392,2,6,GNSS,1,CDH,4,TELEMETRY,2,TELEMETRY_0x02,0,0,0,0,0,0,0x08018044
1777179854.179,425372,4,6,GNSS,255,BROADCAST,0,HEARTBEAT,48,HEARTBEAT,0,0,0,0,0,0,0x1001BFC0
1777179854.184,425373,4,6,GNSS,1,CDH,10,HEALTH,1,HEALTH_0x01,0,0,0,0,1,1,0x1001804A
1777179854.184,425374,2,6,GNSS,1,CDH,4,TELEMETRY,2,TELEMETRY_0x02,0,0,0,0,0,0,0x08018044
1777179859.161,430353,4,6,GNSS,255,BROADCAST,0,HEARTBEAT,48,HEARTBEAT,0,0,0,0,0,0,0x1001BFC0
1777179859.163,430354,4,6,GNSS,1,CDH,10,HEALTH,1,HEALTH_0x01,0,0,0,0,1,1,0x1001804A
1777179859.163,430356,2,6,GNSS,1,CDH,4,TELEMETRY,2,TELEMETRY_0x02,0,0,0,0,0,0,0x08018044
1777179864.380,435335,4,6,GNSS,255,BROADCAST,0,HEARTBEAT,48,HEARTBEAT,0,0,0,0,0,0,0x1001BFC0
1777179864.380,435336,4,6,GNSS,1,CDH,10,HEALTH,1,HEALTH_0x01,0,0,0,0,1,1,0x1001804A
1777179864.380,435337,2,6,GNSS,1,CDH,4,TELEMETRY,2,TELEMETRY_0x02,0,0,0,0,0,0,0x08018044
1777179869.125,440317,4,6,GNSS,255,BROADCAST,0,HEARTBEAT,48,HEARTBEAT,0,0,0,0,0,0,0x1001BFC0
1777179869.126,440318,4,6,GNSS,1,CDH,10,HEALTH,1,HEALTH_0x01,0,0,0,0,1,1,0x1001804A
1777179869.126,440319,2,6,GNSS,1,CDH,4,TELEMETRY,2,TELEMETRY_0x02,0,0,0,0,0,0,0x08018044
1777179874.107,445299,4,6,GNSS,255,BROADCAST,0,HEARTBEAT,48,HEARTBEAT,0,0,0,0,0,0,0x1001BFC0
1777179874.109,445300,4,6,GNSS,1,CDH,10,HEALTH,1,HEALTH_0x01,0,0,0,0,1,1,0x1001804A
1777179874.109,445301,2,6,GNSS,1,CDH,4,TELEMETRY,2,TELEMETRY_0x02,0,0,0,0,0,0,0x08018044
1777179879.130,450280,4,6,GNSS,255,BROADCAST,0,HEARTBEAT,48,HEARTBEAT,0,0,0,0,0,0,0x1001BFC0
1777179879.130,450281,4,6,GNSS,1,CDH,10,HEALTH,1,HEALTH_0x01,0,0,0,0,1,1,0x1001804A
1777179879.130,450282,2,6,GNSS,1,CDH,4,TELEMETRY,2,TELEMETRY_0x02,0,0,0,0,0,0,0x08018044
1777179884.069,455262,4,6,GNSS,255,BROADCAST,0,HEARTBEAT,48,HEARTBEAT,0,0,0,0,0,0,0x1001BFC0
1777179884.070,455263,4,6,GNSS,1,CDH,10,HEALTH,1,HEALTH_0x01,0,0,0,0,1,1,0x1001804A
1777179884.072,455264,2,6,GNSS,1,CDH,4,TELEMETRY,2,TELEMETRY_0x02,0,0,0,0,0,0,0x08018044
1777179889.057,460243,4,6,GNSS,255,BROADCAST,0,HEARTBEAT,48,HEARTBEAT,0,0,0,0,0,0,0x1001BFC0
1777179889.057,460244,4,6,GNSS,1,CDH,10,HEALTH,1,HEALTH_0x01,0,0,0,0,1,1,0x1001804A
1777179889.057,460245,2,6,GNSS,1,CDH,4,TELEMETRY,2,TELEMETRY_0x02,0,0,0,0,0,0,0x08018044
1777179894.071,465224,4,6,GNSS,255,BROADCAST,0,HEARTBEAT,48,HEARTBEAT,0,0,0,0,0,0,0x1001BFC0
1777179894.071,465225,4,6,GNSS,1,CDH,10,HEALTH,1,HEALTH_0x01,0,0,0,0,1,1,0x1001804A
1777179894.071,465226,2,6,GNSS,1,CDH,4,TELEMETRY,2,TELEMETRY_0x02,0,0,0,0,0,0,0x08018044
1777179899.012,470205,4,6,GNSS,255,BROADCAST,0,HEARTBEAT,48,HEARTBEAT,0,0,0,0,0,0,0x1001BFC0
1777179899.014,470206,4,6,GNSS,1,CDH,10,HEALTH,1,HEALTH_0x01,0,0,0,0,1,1,0x1001804A
1777179899.017,470207,2,6,GNSS,1,CDH,4,TELEMETRY,2,TELEMETRY_0x02,0,0,0,0,0,0,0x08018044
1777179904.015,475186,4,6,GNSS,255,BROADCAST,0,HEARTBEAT,48,HEARTBEAT,0,0,0,0,0,0,0x1001BFC0
1777179904.015,475187,4,6,GNSS,1,CDH,10,HEALTH,1,HEALTH_0x01,0,0,0,0,1,1,0x1001804A
1777179904.015,475188,2,6,GNSS,1,CDH,4,TELEMETRY,2,TELEMETRY_0x02,0,0,0,0,0,0,0x08018044
1777179908.974,480166,4,6,GNSS,255,BROADCAST,0,HEARTBEAT,48,HEARTBEAT,0,0,0,0,0,0,0x1001BFC0
1777179908.976,480168,4,6,GNSS,1,CDH,10,HEALTH,1,HEALTH_0x01,0,0,0,0,1,1,0x1001804A
1777179908.976,480169,2,6,GNSS,1,CDH,4,TELEMETRY,2,TELEMETRY_0x02,0,0,0,0,0,0,0x08018044
1777179913.955,485147,4,6,GNSS,255,BROADCAST,0,HEARTBEAT,48,HEARTBEAT,0,0,0,0,0,0,0x1001BFC0
1777179913.956,485148,4,6,GNSS,1,CDH,10,HEALTH,1,HEALTH_0x01,0,0,0,0,1,1,0x1001804A
1777179913.959,485149,2,6,GNSS,1,CDH,4,TELEMETRY,2,TELEMETRY_0x02,0,0,0,0,0,0,0x08018044
1777179918.956,490127,4,6,GNSS,255,BROADCAST,0,HEARTBEAT,48,HEARTBEAT,0,0,0,0,0,0,0x1001BFC0
1777179918.956,490129,4,6,GNSS,1,CDH,10,HEALTH,1,HEALTH_0x01,0,0,0,0,1,1,0x1001804A
1777179918.956,490130,2,6,GNSS,1,CDH,4,TELEMETRY,2,TELEMETRY_0x02,0,0,0,0,0,0,0x08018044
1777179923.916,495108,4,6,GNSS,255,BROADCAST,0,HEARTBEAT,48,HEARTBEAT,0,0,0,0,0,0,0x1001BFC0
1777179923.917,495109,4,6,GNSS,1,CDH,10,HEALTH,1,HEALTH_0x01,0,0,0,0,1,1,0x1001804A
1777179923.917,495110,2,6,GNSS,1,CDH,4,TELEMETRY,2,TELEMETRY_0x02,0,0,0,0,0,0,0x08018044
1777180504.116,25059,4,6,GNSS,255,BROADCAST,0,HEARTBEAT,48,HEARTBEAT,0,0,0,0,0,0,0x1001BFC0
1777180504.116,25060,4,6,GNSS,1,CDH,10,HEALTH,1,HEALTH_0x01,0,0,0,0,1,1,0x1001804A
1777180504.116,25061,2,6,GNSS,1,CDH,4,TELEMETRY,2,TELEMETRY_0x02,0,0,0,0,0,0,0x08018044
1777180509.099,30044,4,6,GNSS,255,BROADCAST,0,HEARTBEAT,48,HEARTBEAT,0,0,0,0,0,0,0x1001BFC0
1777180509.099,30045,2,6,GNSS,1,CDH,4,TELEMETRY,2,TELEMETRY_0x02,0,0,0,0,0,0,0x08018044
1777180528.964,49909,4,6,GNSS,255,BROADCAST,0,HEARTBEAT,48,HEARTBEAT,0,0,0,0,0,0,0x1001BFC0
1777180528.964,49910,2,6,GNSS,1,CDH,4,TELEMETRY,2,TELEMETRY_0x02,0,0,0,0,0,0,0x08018044
1777180533.988,54894,4,6,GNSS,1,CDH,10,HEALTH,1,HEALTH_0x01,0,0,0,0,1,1,0x1001804A
1777180533.988,54895,2,6,GNSS,1,CDH,4,TELEMETRY,2,TELEMETRY_0x02,0,0,0,0,0,0,0x08018044
1777180538.932,59877,4,6,GNSS,255,BROADCAST,0,HEARTBEAT,48,HEARTBEAT,0,0,0,0,0,0,0x1001BFC0
1777180538.933,59878,4,6,GNSS,1,CDH,10,HEALTH,1,HEALTH_0x01,0,0,0,0,1,1,0x1001804A
1777180538.933,59879,2,6,GNSS,1,CDH,4,TELEMETRY,2,TELEMETRY_0x02,0,0,0,0,0,0,0x08018044
1777180543.920,64860,4,6,GNSS,1,CDH,10,HEALTH,1,HEALTH_0x01,0,0,0,0,1,1,0x1001804A
1777180543.920,64862,2,6,GNSS,1,CDH,4,TELEMETRY,2,TELEMETRY_0x02,0,0,0,0,0,0,0x08018044
1777180553.881,74826,4,6,GNSS,255,BROADCAST,0,HEARTBEAT,48,HEARTBEAT,0,0,0,0,0,0,0x1001BFC0
1777180553.881,74827,2,6,GNSS,1,CDH,4,TELEMETRY,2,TELEMETRY_0x02,0,0,0,0,0,0,0x08018044
1777180558.868,79810,4,6,GNSS,1,CDH,10,HEALTH,1,HEALTH_0x01,0,0,0,0,1,1,0x1001804A
1777180558.868,79811,2,6,GNSS,1,CDH,4,TELEMETRY,2,TELEMETRY_0x02,0,0,0,0,0,0,0x08018044
1777180563.886,84792,4,6,GNSS,255,BROADCAST,0,HEARTBEAT,48,HEARTBEAT,0,0,0,0,0,0,0x1001BFC0
1777180563.886,84793,4,6,GNSS,1,CDH,10,HEALTH,1,HEALTH_0x01,0,0,0,0,1,1,0x1001804A
1777180563.886,84794,2,6,GNSS,1,CDH,4,TELEMETRY,2,TELEMETRY_0x02,0,0,0,0,0,0,0x08018044
1777180568.831,89774,4,6,GNSS,255,BROADCAST,0,HEARTBEAT,48,HEARTBEAT,0,0,0,0,0,0,0x1001BFC0
1777180568.831,89775,4,6,GNSS,1,CDH,10,HEALTH,1,HEALTH_0x01,0,0,0,0,1,1,0x1001804A
1777180568.831,89776,2,6,GNSS,1,CDH,4,TELEMETRY,2,TELEMETRY_0x02,0,0,0,0,0,0,0x08018044
1777180573.816,94757,4,6,GNSS,255,BROADCAST,0,HEARTBEAT,48,HEARTBEAT,0,0,0,0,0,0,0x1001BFC0
1777180573.816,94759,4,6,GNSS,1,CDH,10,HEALTH,1,HEALTH_0x01,0,0,0,0,1,1,0x1001804A
1777180573.816,94760,2,6,GNSS,1,CDH,4,TELEMETRY,2,TELEMETRY_0x02,0,0,0,0,0,0,0x08018044
1777180578.836,99740,4,6,GNSS,255,BROADCAST,0,HEARTBEAT,48,HEARTBEAT,0,0,0,0,0,0,0x1001BFC0
1777180578.836,99741,4,6,GNSS,1,CDH,10,HEALTH,1,HEALTH_0x01,0,0,0,0,1,1,0x1001804A
1777180578.836,99742,2,6,GNSS,1,CDH,4,TELEMETRY,2,TELEMETRY_0x02,0,0,0,0,0,0,0x08018044
1777180583.780,104722,4,6,GNSS,255,BROADCAST,0,HEARTBEAT,48,HEARTBEAT,0,0,0,0,0,0,0x1001BFC0
1777180583.784,104723,4,6,GNSS,1,CDH,10,HEALTH,1,HEALTH_0x01,0,0,0,0,1,1,0x1001804A
1777180583.784,104724,2,6,GNSS,1,CDH,4,TELEMETRY,2,TELEMETRY_0x02,0,0,0,0,0,0,0x08018044
1777180588.768,109705,4,6,GNSS,255,BROADCAST,0,HEARTBEAT,48,HEARTBEAT,0,0,0,0,0,0,0x1001BFC0
1777180588.768,109705,4,6,GNSS,1,CDH,10,HEALTH,1,HEALTH_0x01,0,0,0,0,1,1,0x1001804A
1777180588.768,109707,2,6,GNSS,1,CDH,4,TELEMETRY,2,TELEMETRY_0x02,0,0,0,0,0,0,0x08018044
1777180593.742,114687,4,6,GNSS,255,BROADCAST,0,HEARTBEAT,48,HEARTBEAT,0,0,0,0,0,0,0x1001BFC0
1777180593.742,114688,4,6,GNSS,1,CDH,10,HEALTH,1,HEALTH_0x01,0,0,0,0,1,1,0x1001804A
1777180593.743,114689,2,6,GNSS,1,CDH,4,TELEMETRY,2,TELEMETRY_0x02,0,0,0,0,0,0,0x08018044
1777180598.724,119669,4,6,GNSS,255,BROADCAST,0,HEARTBEAT,48,HEARTBEAT,0,0,0,0,0,0,0x1001BFC0
1777180598.725,119670,4,6,GNSS,1,CDH,10,HEALTH,1,HEALTH_0x01,0,0,0,0,1,1,0x1001804A
1777180598.726,119671,2,6,GNSS,1,CDH,4,TELEMETRY,2,TELEMETRY_0x02,0,0,0,0,0,0,0x08018044
1777180603.722,124651,4,6,GNSS,255,BROADCAST,0,HEARTBEAT,48,HEARTBEAT,0,0,0,0,0,0,0x1001BFC0
1777180603.722,124652,4,6,GNSS,1,CDH,10,HEALTH,1,HEALTH_0x01,0,0,0,0,1,1,0x1001804A
1777180603.722,124653,2,6,GNSS,1,CDH,4,TELEMETRY,2,TELEMETRY_0x02,0,0,0,0,0,0,0x08018044
1777180608.688,129633,4,6,GNSS,255,BROADCAST,0,HEARTBEAT,48,HEARTBEAT,0,0,0,0,0,0,0x1001BFC0
1777180608.689,129634,4,6,GNSS,1,CDH,10,HEALTH,1,HEALTH_0x01,0,0,0,0,1,1,0x1001804A
1777180608.690,129635,2,6,GNSS,1,CDH,4,TELEMETRY,2,TELEMETRY_0x02,0,0,0,0,0,0,0x08018044
1777180613.672,134615,4,6,GNSS,255,BROADCAST,0,HEARTBEAT,48,HEARTBEAT,0,0,0,0,0,0,0x1001BFC0
1777180613.672,134616,4,6,GNSS,1,CDH,10,HEALTH,1,HEALTH_0x01,0,0,0,0,1,1,0x1001804A
1777180613.672,134617,2,6,GNSS,1,CDH,4,TELEMETRY,2,TELEMETRY_0x02,0,0,0,0,0,0,0x08018044
1777180618.679,139597,4,6,GNSS,255,BROADCAST,0,HEARTBEAT,48,HEARTBEAT,0,0,0,0,0,0,0x1001BFC0
1777180618.679,139598,4,6,GNSS,1,CDH,10,HEALTH,1,HEALTH_0x01,0,0,0,0,1,1,0x1001804A
1777180618.679,139600,2,6,GNSS,1,CDH,4,TELEMETRY,2,TELEMETRY_0x02,0,0,0,0,0,0,0x08018044
1777180623.634,144580,4,6,GNSS,255,BROADCAST,0,HEARTBEAT,48,HEARTBEAT,0,0,0,0,0,0,0x1001BFC0
1777180623.635,144581,4,6,GNSS,1,CDH,10,HEALTH,1,HEALTH_0x01,0,0,0,0,1,1,0x1001804A
1777180623.637,144582,2,6,GNSS,1,CDH,4,TELEMETRY,2,TELEMETRY_0x02,0,0,0,0,0,0,0x08018044
1777180628.617,149562,4,6,GNSS,255,BROADCAST,0,HEARTBEAT,48,HEARTBEAT,0,0,0,0,0,0,0x1001BFC0
1777180628.618,149563,4,6,GNSS,1,CDH,10,HEALTH,1,HEALTH_0x01,0,0,0,0,1,1,0x1001804A
1777180628.618,149564,2,6,GNSS,1,CDH,4,TELEMETRY,2,TELEMETRY_0x02,0,0,0,0,0,0,0x08018044
1777180633.625,154544,4,6,GNSS,255,BROADCAST,0,HEARTBEAT,48,HEARTBEAT,0,0,0,0,0,0,0x1001BFC0
1777180633.625,154545,4,6,GNSS,1,CDH,10,HEALTH,1,HEALTH_0x01,0,0,0,0,1,1,0x1001804A
1777180633.625,154546,2,6,GNSS,1,CDH,4,TELEMETRY,2,TELEMETRY_0x02,0,0,0,0,0,0,0x08018044
1777180638.581,159525,4,6,GNSS,255,BROADCAST,0,HEARTBEAT,48,HEARTBEAT,0,0,0,0,0,0,0x1001BFC0
1777180638.582,159526,4,6,GNSS,1,CDH,10,HEALTH,1,HEALTH_0x01,0,0,0,0,1,1,0x1001804A
1777180638.582,159528,2,6,GNSS,1,CDH,4,TELEMETRY,2,TELEMETRY_0x02,0,0,0,0,0,0,0x08018044
1777180643.565,164507,4,6,GNSS,255,BROADCAST,0,HEARTBEAT,48,HEARTBEAT,0,0,0,0,0,0,0x1001BFC0
1777180643.565,164508,4,6,GNSS,1,CDH,10,HEALTH,1,HEALTH_0x01,0,0,0,0,1,1,0x1001804A
1777180643.565,164509,2,6,GNSS,1,CDH,4,TELEMETRY,2,TELEMETRY_0x02,0,0,0,0,0,0,0x08018044
1777180648.572,169489,4,6,GNSS,255,BROADCAST,0,HEARTBEAT,48,HEARTBEAT,0,0,0,0,0,0,0x1001BFC0
1777180648.572,169490,4,6,GNSS,1,CDH,10,HEALTH,1,HEALTH_0x01,0,0,0,0,1,1,0x1001804A
1777180648.572,169491,2,6,GNSS,1,CDH,4,TELEMETRY,2,TELEMETRY_0x02,0,0,0,0,0,0,0x08018044
1777180668.471,5365,4,6,GNSS,255,BROADCAST,0,HEARTBEAT,48,HEARTBEAT,0,0,0,0,0,0,0x1001BFC0
1777180668.472,5367,4,6,GNSS,1,CDH,10,HEALTH,1,HEALTH_0x01,0,0,0,0,1,1,0x1001804A
1777180668.473,5368,2,6,GNSS,1,CDH,4,TELEMETRY,2,TELEMETRY_0x02,0,0,0,0,0,0,0x08018044
1777180673.454,10347,4,6,GNSS,255,BROADCAST,0,HEARTBEAT,48,HEARTBEAT,0,0,0,0,0,0,0x1001BFC0
1777180673.454,10348,4,6,GNSS,1,CDH,10,HEALTH,1,HEALTH_0x01,0,0,0,0,1,1,0x1001804A
1777180673.454,10349,2,6,GNSS,1,CDH,4,TELEMETRY,2,TELEMETRY_0x02,0,0,0,0,0,0,0x08018044
1777180678.474,15328,4,6,GNSS,255,BROADCAST,0,HEARTBEAT,48,HEARTBEAT,0,0,0,0,0,0,0x1001BFC0
1777180678.474,15329,4,6,GNSS,1,CDH,10,HEALTH,1,HEALTH_0x01,0,0,0,0,1,1,0x1001804A
1777180678.474,15330,2,6,GNSS,1,CDH,4,TELEMETRY,2,TELEMETRY_0x02,0,0,0,0,0,0,0x08018044
1777180683.415,20309,4,6,GNSS,255,BROADCAST,0,HEARTBEAT,48,HEARTBEAT,0,0,0,0,0,0,0x1001BFC0
1777180683.421,20310,4,6,GNSS,1,CDH,10,HEALTH,1,HEALTH_0x01,0,0,0,0,1,1,0x1001804A
1777180683.421,20312,2,6,GNSS,1,CDH,4,TELEMETRY,2,TELEMETRY_0x02,0,0,0,0,0,0,0x08018044
1777180688.408,25291,4,6,GNSS,255,BROADCAST,0,HEARTBEAT,48,HEARTBEAT,0,0,0,0,0,0,0x1001BFC0
1777180688.408,25292,4,6,GNSS,1,CDH,10,HEALTH,1,HEALTH_0x01,0,0,0,0,1,1,0x1001804A
1777180688.408,25293,2,6,GNSS,1,CDH,4,TELEMETRY,2,TELEMETRY_0x02,0,0,0,0,0,0,0x08018044
1777180693.377,30272,4,6,GNSS,255,BROADCAST,0,HEARTBEAT,48,HEARTBEAT,0,0,0,0,0,0,0x1001BFC0
1777180693.379,30273,4,6,GNSS,1,CDH,10,HEALTH,1,HEALTH_0x01,0,0,0,0,1,1,0x1001804A
1777180693.379,30274,2,6,GNSS,1,CDH,4,TELEMETRY,2,TELEMETRY_0x02,0,0,0,0,0,0,0x08018044
1777180698.358,35253,4,6,GNSS,255,BROADCAST,0,HEARTBEAT,48,HEARTBEAT,0,0,0,0,0,0,0x1001BFC0
1777180698.360,35254,4,6,GNSS,1,CDH,10,HEALTH,1,HEALTH_0x01,0,0,0,0,1,1,0x1001804A
1777180698.360,35255,2,6,GNSS,1,CDH,4,TELEMETRY,2,TELEMETRY_0x02,0,0,0,0,0,0,0x08018044
1777180703.358,40234,4,6,GNSS,255,BROADCAST,0,HEARTBEAT,48,HEARTBEAT,0,0,0,0,0,0,0x1001BFC0
1777180703.358,40235,4,6,GNSS,1,CDH,10,HEALTH,1,HEALTH_0x01,0,0,0,0,1,1,0x1001804A
1777180703.358,40236,2,6,GNSS,1,CDH,4,TELEMETRY,2,TELEMETRY_0x02,0,0,0,0,0,0,0x08018044
1777180708.321,45215,4,6,GNSS,255,BROADCAST,0,HEARTBEAT,48,HEARTBEAT,0,0,0,0,0,0,0x1001BFC0
1777180708.321,45216,4,6,GNSS,1,CDH,10,HEALTH,1,HEALTH_0x01,0,0,0,0,1,1,0x1001804A
1777180708.323,45217,2,6,GNSS,1,CDH,4,TELEMETRY,2,TELEMETRY_0x02,0,0,0,0,0,0,0x08018044
1777180713.302,50196,4,6,GNSS,255,BROADCAST,0,HEARTBEAT,48,HEARTBEAT,0,0,0,0,0,0,0x1001BFC0
1777180713.303,50197,4,6,GNSS,1,CDH,10,HEALTH,1,HEALTH_0x01,0,0,0,0,1,1,0x1001804A
1777180713.304,50198,2,6,GNSS,1,CDH,4,TELEMETRY,2,TELEMETRY_0x02,0,0,0,0,0,0,0x08018044
1777180718.308,55177,4,6,GNSS,255,BROADCAST,0,HEARTBEAT,48,HEARTBEAT,0,0,0,0,0,0,0x1001BFC0
1777180718.308,55178,4,6,GNSS,1,CDH,10,HEALTH,1,HEALTH_0x01,0,0,0,0,1,1,0x1001804A
1777180718.308,55179,2,6,GNSS,1,CDH,4,TELEMETRY,2,TELEMETRY_0x02,0,0,0,0,0,0,0x08018044
1777180723.263,60158,4,6,GNSS,255,BROADCAST,0,HEARTBEAT,48,HEARTBEAT,0,0,0,0,0,0,0x1001BFC0
1777180723.264,60159,4,6,GNSS,1,CDH,10,HEALTH,1,HEALTH_0x01,0,0,0,0,1,1,0x1001804A
1777180723.265,60160,2,6,GNSS,1,CDH,4,TELEMETRY,2,TELEMETRY_0x02,0,0,0,0,0,0,0x08018044
1777180728.246,65139,4,6,GNSS,255,BROADCAST,0,HEARTBEAT,48,HEARTBEAT,0,0,0,0,0,0,0x1001BFC0
1777180728.246,65140,4,6,GNSS,1,CDH,10,HEALTH,1,HEALTH_0x01,0,0,0,0,1,1,0x1001804A
1777180728.246,65141,2,6,GNSS,1,CDH,4,TELEMETRY,2,TELEMETRY_0x02,0,0,0,0,0,0,0x08018044
1777180733.259,70120,4,6,GNSS,255,BROADCAST,0,HEARTBEAT,48,HEARTBEAT,0,0,0,0,0,0,0x1001BFC0
1777180733.259,70121,4,6,GNSS,1,CDH,10,HEALTH,1,HEALTH_0x01,0,0,0,0,1,1,0x1001804A
1777180733.259,70122,2,6,GNSS,1,CDH,4,TELEMETRY,2,TELEMETRY_0x02,0,0,0,0,0,0,0x08018044
1777180738.209,75101,4,6,GNSS,255,BROADCAST,0,HEARTBEAT,48,HEARTBEAT,0,0,0,0,0,0,0x1001BFC0
1777180738.209,75102,4,6,GNSS,1,CDH,10,HEALTH,1,HEALTH_0x01,0,0,0,0,1,1,0x1001804A
1777180738.209,75103,2,6,GNSS,1,CDH,4,TELEMETRY,2,TELEMETRY_0x02,0,0,0,0,0,0,0x08018044
1777180743.191,80082,4,6,GNSS,255,BROADCAST,0,HEARTBEAT,48,HEARTBEAT,0,0,0,0,0,0,0x1001BFC0
1777180743.191,80083,4,6,GNSS,1,CDH,10,HEALTH,1,HEALTH_0x01,0,0,0,0,1,1,0x1001804A
1777180743.191,80084,2,6,GNSS,1,CDH,4,TELEMETRY,2,TELEMETRY_0x02,0,0,0,0,0,0,0x08018044
1777180748.210,85063,4,6,GNSS,255,BROADCAST,0,HEARTBEAT,48,HEARTBEAT,0,0,0,0,0,0,0x1001BFC0
1777180748.210,85064,4,6,GNSS,1,CDH,10,HEALTH,1,HEALTH_0x01,0,0,0,0,1,1,0x1001804A
1777180748.210,85065,2,6,GNSS,1,CDH,4,TELEMETRY,2,TELEMETRY_0x02,0,0,0,0,0,0,0x08018044
1777180753.150,90044,4,6,GNSS,255,BROADCAST,0,HEARTBEAT,48,HEARTBEAT,0,0,0,0,0,0,0x1001BFC0
1777180753.150,90045,4,6,GNSS,1,CDH,10,HEALTH,1,HEALTH_0x01,0,0,0,0,1,1,0x1001804A
1777180753.155,90046,2,6,GNSS,1,CDH,4,TELEMETRY,2,TELEMETRY_0x02,0,0,0,0,0,0,0x08018044
1777180758.143,95024,4,6,GNSS,255,BROADCAST,0,HEARTBEAT,48,HEARTBEAT,0,0,0,0,0,0,0x1001BFC0
1777180758.143,95025,4,6,GNSS,1,CDH,10,HEALTH,1,HEALTH_0x01,0,0,0,0,1,1,0x1001804A
1777180758.143,95027,2,6,GNSS,1,CDH,4,TELEMETRY,2,TELEMETRY_0x02,0,0,0,0,0,0,0x08018044
1777180763.112,100005,4,6,GNSS,255,BROADCAST,0,HEARTBEAT,48,HEARTBEAT,0,0,0,0,0,0,0x1001BFC0
1777180763.112,100006,4,6,GNSS,1,CDH,10,HEALTH,1,HEALTH_0x01,0,0,0,0,1,1,0x1001804A
1777180763.113,100008,2,6,GNSS,1,CDH,4,TELEMETRY,2,TELEMETRY_0x02,0,0,0,0,0,0,0x08018044
1777180768.093,104986,4,6,GNSS,255,BROADCAST,0,HEARTBEAT,48,HEARTBEAT,0,0,0,0,0,0,0x1001BFC0
1777180768.093,104987,4,6,GNSS,1,CDH,10,HEALTH,1,HEALTH_0x01,0,0,0,0,1,1,0x1001804A
1777180768.095,104988,2,6,GNSS,1,CDH,4,TELEMETRY,2,TELEMETRY_0x02,0,0,0,0,0,0,0x08018044
1777180773.094,109967,4,6,GNSS,255,BROADCAST,0,HEARTBEAT,48,HEARTBEAT,0,0,0,0,0,0,0x1001BFC0
1777180773.094,109968,4,6,GNSS,1,CDH,10,HEALTH,1,HEALTH_0x01,0,0,0,0,1,1,0x1001804A
1777180773.094,109970,2,6,GNSS,1,CDH,4,TELEMETRY,2,TELEMETRY_0x02,0,0,0,0,0,0,0x08018044
1777180778.055,114949,4,6,GNSS,255,BROADCAST,0,HEARTBEAT,48,HEARTBEAT,0,0,0,0,0,0,0x1001BFC0
1777180778.056,114950,4,6,GNSS,1,CDH,10,HEALTH,1,HEALTH_0x01,0,0,0,0,1,1,0x1001804A
1777180778.056,114951,2,6,GNSS,1,CDH,4,TELEMETRY,2,TELEMETRY_0x02,0,0,0,0,0,0,0x08018044
1777180783.036,119930,4,6,GNSS,255,BROADCAST,0,HEARTBEAT,48,HEARTBEAT,0,0,0,0,0,0,0x1001BFC0
1777180783.037,119931,4,6,GNSS,1,CDH,10,HEALTH,1,HEALTH_0x01,0,0,0,0,1,1,0x1001804A
1777180783.038,119932,2,6,GNSS,1,CDH,4,TELEMETRY,2,TELEMETRY_0x02,0,0,0,0,0,0,0x08018044
1777180788.036,124911,4,6,GNSS,255,BROADCAST,0,HEARTBEAT,48,HEARTBEAT,0,0,0,0,0,0,0x1001BFC0
1777180788.036,124912,4,6,GNSS,1,CDH,10,HEALTH,1,HEALTH_0x01,0,0,0,0,1,1,0x1001804A
1777180788.036,124913,2,6,GNSS,1,CDH,4,TELEMETRY,2,TELEMETRY_0x02,0,0,0,0,0,0,0x08018044
1777180792.998,129892,4,6,GNSS,255,BROADCAST,0,HEARTBEAT,48,HEARTBEAT,0,0,0,0,0,0,0x1001BFC0
1777180793.000,129893,4,6,GNSS,1,CDH,10,HEALTH,1,HEALTH_0x01,0,0,0,0,1,1,0x1001804A
1777180793.000,129894,2,6,GNSS,1,CDH,4,TELEMETRY,2,TELEMETRY_0x02,0,0,0,0,0,0,0x08018044
1777180797.980,134873,4,6,GNSS,255,BROADCAST,0,HEARTBEAT,48,HEARTBEAT,0,0,0,0,0,0,0x1001BFC0
1777180797.983,134874,4,6,GNSS,1,CDH,10,HEALTH,1,HEALTH_0x01,0,0,0,0,1,1,0x1001804A
1777180797.983,134876,2,6,GNSS,1,CDH,4,TELEMETRY,2,TELEMETRY_0x02,0,0,0,0,0,0,0x08018044
1777180802.994,139855,4,6,GNSS,255,BROADCAST,0,HEARTBEAT,48,HEARTBEAT,0,0,0,0,0,0,0x1001BFC0
1777180802.994,139856,4,6,GNSS,1,CDH,10,HEALTH,1,HEALTH_0x01,0,0,0,0,1,1,0x1001804A
1777180802.994,139857,2,6,GNSS,1,CDH,4,TELEMETRY,2,TELEMETRY_0x02,0,0,0,0,0,0,0x08018044
1777180807.942,144836,4,6,GNSS,255,BROADCAST,0,HEARTBEAT,48,HEARTBEAT,0,0,0,0,0,0,0x1001BFC0
1777180807.943,144837,4,6,GNSS,1,CDH,10,HEALTH,1,HEALTH_0x01,0,0,0,0,1,1,0x1001804A
1777180807.945,144838,2,6,GNSS,1,CDH,4,TELEMETRY,2,TELEMETRY_0x02,0,0,0,0,0,0,0x08018044
1777180812.930,149818,4,6,GNSS,255,BROADCAST,0,HEARTBEAT,48,HEARTBEAT,0,0,0,0,0,0,0x1001BFC0
1777180812.930,149819,4,6,GNSS,1,CDH,10,HEALTH,1,HEALTH_0x01,0,0,0,0,1,1,0x1001804A
1777180812.930,149820,2,6,GNSS,1,CDH,4,TELEMETRY,2,TELEMETRY_0x02,0,0,0,0,0,0,0x08018044
1777180817.946,154799,4,6,GNSS,255,BROADCAST,0,HEARTBEAT,48,HEARTBEAT,0,0,0,0,0,0,0x1001BFC0
1777180817.946,154800,4,6,GNSS,1,CDH,10,HEALTH,1,HEALTH_0x01,0,0,0,0,1,1,0x1001804A
1777180817.946,154801,2,6,GNSS,1,CDH,4,TELEMETRY,2,TELEMETRY_0x02,0,0,0,0,0,0,0x08018044
1777180822.890,159780,4,6,GNSS,255,BROADCAST,0,HEARTBEAT,48,HEARTBEAT,0,0,0,0,0,0,0x1001BFC0
1777180822.891,159782,4,6,GNSS,1,CDH,10,HEALTH,1,HEALTH_0x01,0,0,0,0,1,1,0x1001804A
1777180822.891,159783,2,6,GNSS,1,CDH,4,TELEMETRY,2,TELEMETRY_0x02,0,0,0,0,0,0,0x08018044
1777180827.879,164761,4,6,GNSS,255,BROADCAST,0,HEARTBEAT,48,HEARTBEAT,0,0,0,0,0,0,0x1001BFC0
1777180827.879,164762,4,6,GNSS,1,CDH,10,HEALTH,1,HEALTH_0x01,0,0,0,0,1,1,0x1001804A
1777180827.879,164764,2,6,GNSS,1,CDH,4,TELEMETRY,2,TELEMETRY_0x02,0,0,0,0,0,0,0x08018044
1777180832.850,169743,4,6,GNSS,255,BROADCAST,0,HEARTBEAT,48,HEARTBEAT,0,0,0,0,0,0,0x1001BFC0
1777180832.850,169744,4,6,GNSS,1,CDH,10,HEALTH,1,HEALTH_0x01,0,0,0,0,1,1,0x1001804A
1777180832.851,169745,2,6,GNSS,1,CDH,4,TELEMETRY,2,TELEMETRY_0x02,0,0,0,0,0,0,0x08018044
1777180837.831,174724,4,6,GNSS,255,BROADCAST,0,HEARTBEAT,48,HEARTBEAT,0,0,0,0,0,0,0x1001BFC0
1777180837.832,174725,4,6,GNSS,1,CDH,10,HEALTH,1,HEALTH_0x01,0,0,0,0,1,1,0x1001804A
1777180837.833,174726,2,6,GNSS,1,CDH,4,TELEMETRY,2,TELEMETRY_0x02,0,0,0,0,0,0,0x08018044
1777180842.829,179705,4,6,GNSS,255,BROADCAST,0,HEARTBEAT,48,HEARTBEAT,0,0,0,0,0,0,0x1001BFC0
1777180842.829,179706,4,6,GNSS,1,CDH,10,HEALTH,1,HEALTH_0x01,0,0,0,0,1,1,0x1001804A
1777180842.829,179707,2,6,GNSS,1,CDH,4,TELEMETRY,2,TELEMETRY_0x02,0,0,0,0,0,0,0x08018044
1777180847.793,184686,4,6,GNSS,255,BROADCAST,0,HEARTBEAT,48,HEARTBEAT,0,0,0,0,0,0,0x1001BFC0
1777180847.794,184688,4,6,GNSS,1,CDH,10,HEALTH,1,HEALTH_0x01,0,0,0,0,1,1,0x1001804A
1777180847.795,184689,2,6,GNSS,1,CDH,4,TELEMETRY,2,TELEMETRY_0x02,0,0,0,0,0,0,0x08018044
1777180852.777,189668,4,6,GNSS,255,BROADCAST,0,HEARTBEAT,48,HEARTBEAT,0,0,0,0,0,0,0x1001BFC0
1777180852.777,189669,4,6,GNSS,1,CDH,10,HEALTH,1,HEALTH_0x01,0,0,0,0,1,1,0x1001804A
1777180852.777,189670,2,6,GNSS,1,CDH,4,TELEMETRY,2,TELEMETRY_0x02,0,0,0,0,0,0,0x08018044
1777180857.781,194649,4,6,GNSS,255,BROADCAST,0,HEARTBEAT,48,HEARTBEAT,0,0,0,0,0,0,0x1001BFC0
1777180857.781,194650,4,6,GNSS,1,CDH,10,HEALTH,1,HEALTH_0x01,0,0,0,0,1,1,0x1001804A
1777180857.781,194651,2,6,GNSS,1,CDH,4,TELEMETRY,2,TELEMETRY_0x02,0,0,0,0,0,0,0x08018044
1777180862.743,199630,4,6,GNSS,255,BROADCAST,0,HEARTBEAT,48,HEARTBEAT,0,0,0,0,0,0,0x1001BFC0
1777180862.743,199631,4,6,GNSS,1,CDH,10,HEALTH,1,HEALTH_0x01,0,0,0,0,1,1,0x1001804A
1777180862.743,199632,2,6,GNSS,1,CDH,4,TELEMETRY,2,TELEMETRY_0x02,0,0,0,0,0,0,0x08018044
1777180867.719,204611,4,6,GNSS,255,BROADCAST,0,HEARTBEAT,48,HEARTBEAT,0,0,0,0,0,0,0x1001BFC0
1777180867.720,204612,4,6,GNSS,1,CDH,10,HEALTH,1,HEALTH_0x01,0,0,0,0,1,1,0x1001804A
1777180867.720,204614,2,6,GNSS,1,CDH,4,TELEMETRY,2,TELEMETRY_0x02,0,0,0,0,0,0,0x08018044
1777180872.732,209592,4,6,GNSS,255,BROADCAST,0,HEARTBEAT,48,HEARTBEAT,0,0,0,0,0,0,0x1001BFC0
1777180872.732,209593,4,6,GNSS,1,CDH,10,HEALTH,1,HEALTH_0x01,0,0,0,0,1,1,0x1001804A
1777180872.732,209595,2,6,GNSS,1,CDH,4,TELEMETRY,2,TELEMETRY_0x02,0,0,0,0,0,0,0x08018044
1777180877.681,214574,4,6,GNSS,255,BROADCAST,0,HEARTBEAT,48,HEARTBEAT,0,0,0,0,0,0,0x1001BFC0
1777180877.681,214575,4,6,GNSS,1,CDH,10,HEALTH,1,HEALTH_0x01,0,0,0,0,1,1,0x1001804A
1777180877.683,214576,2,6,GNSS,1,CDH,4,TELEMETRY,2,TELEMETRY_0x02,0,0,0,0,0,0,0x08018044
1777180882.672,219555,4,6,GNSS,255,BROADCAST,0,HEARTBEAT,48,HEARTBEAT,0,0,0,0,0,0,0x1001BFC0
1777180882.672,219556,4,6,GNSS,1,CDH,10,HEALTH,1,HEALTH_0x01,0,0,0,0,1,1,0x1001804A
1777180882.672,219557,2,6,GNSS,1,CDH,4,TELEMETRY,2,TELEMETRY_0x02,0,0,0,0,0,0,0x08018044
1777180887.686,224536,4,6,GNSS,255,BROADCAST,0,HEARTBEAT,48,HEARTBEAT,0,0,0,0,0,0,0x1001BFC0
1777180887.686,224537,4,6,GNSS,1,CDH,10,HEALTH,1,HEALTH_0x01,0,0,0,0,1,1,0x1001804A
1777180887.686,224538,2,6,GNSS,1,CDH,4,TELEMETRY,2,TELEMETRY_0x02,0,0,0,0,0,0,0x08018044
1777180892.627,229518,4,6,GNSS,255,BROADCAST,0,HEARTBEAT,48,HEARTBEAT,0,0,0,0,0,0,0x1001BFC0
1777180892.628,229519,4,6,GNSS,1,CDH,10,HEALTH,1,HEALTH_0x01,0,0,0,0,1,1,0x1001804A
1777180892.628,229520,2,6,GNSS,1,CDH,4,TELEMETRY,2,TELEMETRY_0x02,0,0,0,0,0,0,0x08018044
1777180897.623,234499,4,6,GNSS,255,BROADCAST,0,HEARTBEAT,48,HEARTBEAT,0,0,0,0,0,0,0x1001BFC0
1777180897.623,234500,4,6,GNSS,1,CDH,10,HEALTH,1,HEALTH_0x01,0,0,0,0,1,1,0x1001804A
1777180897.623,234501,2,6,GNSS,1,CDH,4,TELEMETRY,2,TELEMETRY_0x02,0,0,0,0,0,0,0x08018044
1777180902.589,239480,4,6,GNSS,255,BROADCAST,0,HEARTBEAT,48,HEARTBEAT,0,0,0,0,0,0,0x1001BFC0
1777180902.589,239481,4,6,GNSS,1,CDH,10,HEALTH,1,HEALTH_0x01,0,0,0,0,1,1,0x1001804A
1777180902.592,239483,2,6,GNSS,1,CDH,4,TELEMETRY,2,TELEMETRY_0x02,0,0,0,0,0,0,0x08018044
1777180907.570,244462,4,6,GNSS,255,BROADCAST,0,HEARTBEAT,48,HEARTBEAT,0,0,0,0,0,0,0x1001BFC0
1777180907.570,244463,4,6,GNSS,1,CDH,10,HEALTH,1,HEALTH_0x01,0,0,0,0,1,1,0x1001804A
1777180907.571,244464,2,6,GNSS,1,CDH,4,TELEMETRY,2,TELEMETRY_0x02,0,0,0,0,0,0,0x08018044
1777180912.563,249444,4,6,GNSS,255,BROADCAST,0,HEARTBEAT,48,HEARTBEAT,0,0,0,0,0,0,0x1001BFC0
1777180912.563,249445,4,6,GNSS,1,CDH,10,HEALTH,1,HEALTH_0x01,0,0,0,0,1,1,0x1001804A
1777180912.563,249446,2,6,GNSS,1,CDH,4,TELEMETRY,2,TELEMETRY_0x02,0,0,0,0,0,0,0x08018044
1777180917.535,254426,4,6,GNSS,255,BROADCAST,0,HEARTBEAT,48,HEARTBEAT,0,0,0,0,0,0,0x1001BFC0
1777180917.535,254427,4,6,GNSS,1,CDH,10,HEALTH,1,HEALTH_0x01,0,0,0,0,1,1,0x1001804A
1777180917.535,254428,2,6,GNSS,1,CDH,4,TELEMETRY,2,TELEMETRY_0x02,0,0,0,0,0,0,0x08018044
1777180922.515,259408,4,6,GNSS,255,BROADCAST,0,HEARTBEAT,48,HEARTBEAT,0,0,0,0,0,0,0x1001BFC0
1777180922.516,259409,4,6,GNSS,1,CDH,10,HEALTH,1,HEALTH_0x01,0,0,0,0,1,1,0x1001804A
1777180922.517,259410,2,6,GNSS,1,CDH,4,TELEMETRY,2,TELEMETRY_0x02,0,0,0,0,0,0,0x08018044
1777180927.518,264389,4,6,GNSS,255,BROADCAST,0,HEARTBEAT,48,HEARTBEAT,0,0,0,0,0,0,0x1001BFC0
1777180927.518,264391,4,6,GNSS,1,CDH,10,HEALTH,1,HEALTH_0x01,0,0,0,0,1,1,0x1001804A
1777180927.518,264392,2,6,GNSS,1,CDH,4,TELEMETRY,2,TELEMETRY_0x02,0,0,0,0,0,0,0x08018044
1777180932.478,269371,4,6,GNSS,255,BROADCAST,0,HEARTBEAT,48,HEARTBEAT,0,0,0,0,0,0,0x1001BFC0
1777180932.479,269372,4,6,GNSS,1,CDH,10,HEALTH,1,HEALTH_0x01,0,0,0,0,1,1,0x1001804A
1777180932.480,269373,2,6,GNSS,1,CDH,4,TELEMETRY,2,TELEMETRY_0x02,0,0,0,0,0,0,0x08018044
1777180937.459,274352,4,6,GNSS,255,BROADCAST,0,HEARTBEAT,48,HEARTBEAT,0,0,0,0,0,0,0x1001BFC0
1777180937.460,274353,4,6,GNSS,1,CDH,10,HEALTH,1,HEALTH_0x01,0,0,0,0,1,1,0x1001804A
1777180937.461,274354,2,6,GNSS,1,CDH,4,TELEMETRY,2,TELEMETRY_0x02,0,0,0,0,0,0,0x08018044
1777180942.471,279333,4,6,GNSS,255,BROADCAST,0,HEARTBEAT,48,HEARTBEAT,0,0,0,0,0,0,0x1001BFC0
1777180942.471,279334,4,6,GNSS,1,CDH,10,HEALTH,1,HEALTH_0x01,0,0,0,0,1,1,0x1001804A
1777180942.471,279335,2,6,GNSS,1,CDH,4,TELEMETRY,2,TELEMETRY_0x02,0,0,0,0,0,0,0x08018044
1777180947.422,284314,4,6,GNSS,255,BROADCAST,0,HEARTBEAT,48,HEARTBEAT,0,0,0,0,0,0,0x1001BFC0
1777180947.423,284315,4,6,GNSS,1,CDH,10,HEALTH,1,HEALTH_0x01,0,0,0,0,1,1,0x1001804A
1777180947.424,284316,2,6,GNSS,1,CDH,4,TELEMETRY,2,TELEMETRY_0x02,0,0,0,0,0,0,0x08018044
1777180952.405,289295,4,6,GNSS,255,BROADCAST,0,HEARTBEAT,48,HEARTBEAT,0,0,0,0,0,0,0x1001BFC0
1777180952.405,289296,4,6,GNSS,1,CDH,10,HEALTH,1,HEALTH_0x01,0,0,0,0,1,1,0x1001804A
1777180952.405,289298,2,6,GNSS,1,CDH,4,TELEMETRY,2,TELEMETRY_0x02,0,0,0,0,0,0,0x08018044
1777180957.423,294276,4,6,GNSS,255,BROADCAST,0,HEARTBEAT,48,HEARTBEAT,0,0,0,0,0,0,0x1001BFC0
1777180957.423,294277,4,6,GNSS,1,CDH,10,HEALTH,1,HEALTH_0x01,0,0,0,0,1,1,0x1001804A
1777180957.423,294278,2,6,GNSS,1,CDH,4,TELEMETRY,2,TELEMETRY_0x02,0,0,0,0,0,0,0x08018044
1777180962.365,299257,4,6,GNSS,255,BROADCAST,0,HEARTBEAT,48,HEARTBEAT,0,0,0,0,0,0,0x1001BFC0
1777180962.366,299258,4,6,GNSS,1,CDH,10,HEALTH,1,HEALTH_0x01,0,0,0,0,1,1,0x1001804A
1777180962.367,299259,2,6,GNSS,1,CDH,4,TELEMETRY,2,TELEMETRY_0x02,0,0,0,0,0,0,0x08018044
1777180967.348,304238,4,6,GNSS,255,BROADCAST,0,HEARTBEAT,48,HEARTBEAT,0,0,0,0,0,0,0x1001BFC0
1777180967.348,304240,4,6,GNSS,1,CDH,10,HEALTH,1,HEALTH_0x01,0,0,0,0,1,1,0x1001804A
1777180967.348,304241,2,6,GNSS,1,CDH,4,TELEMETRY,2,TELEMETRY_0x02,0,0,0,0,0,0,0x08018044
1777180972.361,309220,4,6,GNSS,255,BROADCAST,0,HEARTBEAT,48,HEARTBEAT,0,0,0,0,0,0,0x1001BFC0
1777180972.377,309221,4,6,GNSS,1,CDH,10,HEALTH,1,HEALTH_0x01,0,0,0,0,1,1,0x1001804A
1777180972.377,309222,2,6,GNSS,1,CDH,4,TELEMETRY,2,TELEMETRY_0x02,0,0,0,0,0,0,0x08018044
1777180977.309,314201,4,6,GNSS,255,BROADCAST,0,HEARTBEAT,48,HEARTBEAT,0,0,0,0,0,0,0x1001BFC0
1777180977.310,314202,4,6,GNSS,1,CDH,10,HEALTH,1,HEALTH_0x01,0,0,0,0,1,1,0x1001804A
1777180977.311,314203,2,6,GNSS,1,CDH,4,TELEMETRY,2,TELEMETRY_0x02,0,0,0,0,0,0,0x08018044
1777180982.302,319182,4,6,GNSS,255,BROADCAST,0,HEARTBEAT,48,HEARTBEAT,0,0,0,0,0,0,0x1001BFC0
1777180982.302,319183,4,6,GNSS,1,CDH,10,HEALTH,1,HEALTH_0x01,0,0,0,0,1,1,0x1001804A
1777180982.302,319184,2,6,GNSS,1,CDH,4,TELEMETRY,2,TELEMETRY_0x02,0,0,0,0,0,0,0x08018044
1777180987.272,324163,4,6,GNSS,255,BROADCAST,0,HEARTBEAT,48,HEARTBEAT,0,0,0,0,0,0,0x1001BFC0
1777180987.275,324164,4,6,GNSS,1,CDH,10,HEALTH,1,HEALTH_0x01,0,0,0,0,1,1,0x1001804A
1777180987.275,324165,2,6,GNSS,1,CDH,4,TELEMETRY,2,TELEMETRY_0x02,0,0,0,0,0,0,0x08018044
1777180992.252,329144,4,6,GNSS,255,BROADCAST,0,HEARTBEAT,48,HEARTBEAT,0,0,0,0,0,0,0x1001BFC0
1777180992.254,329145,4,6,GNSS,1,CDH,10,HEALTH,1,HEALTH_0x01,0,0,0,0,1,1,0x1001804A
1777180992.254,329146,2,6,GNSS,1,CDH,4,TELEMETRY,2,TELEMETRY_0x02,0,0,0,0,0,0,0x08018044
1777180997.248,334126,4,6,GNSS,255,BROADCAST,0,HEARTBEAT,48,HEARTBEAT,0,0,0,0,0,0,0x1001BFC0
1777180997.248,334127,4,6,GNSS,1,CDH,10,HEALTH,1,HEALTH_0x01,0,0,0,0,1,1,0x1001804A
1777180997.248,334128,2,6,GNSS,1,CDH,4,TELEMETRY,2,TELEMETRY_0x02,0,0,0,0,0,0,0x08018044
1777181002.215,339107,4,6,GNSS,255,BROADCAST,0,HEARTBEAT,48,HEARTBEAT,0,0,0,0,0,0,0x1001BFC0
1777181002.215,339108,4,6,GNSS,1,CDH,10,HEALTH,1,HEALTH_0x01,0,0,0,0,1,1,0x1001804A
1777181002.217,339109,2,6,GNSS,1,CDH,4,TELEMETRY,2,TELEMETRY_0x02,0,0,0,0,0,0,0x08018044
1777181007.196,344088,4,6,GNSS,255,BROADCAST,0,HEARTBEAT,48,HEARTBEAT,0,0,0,0,0,0,0x1001BFC0
1777181007.197,344089,4,6,GNSS,1,CDH,10,HEALTH,1,HEALTH_0x01,0,0,0,0,1,1,0x1001804A
1777181007.200,344090,2,6,GNSS,1,CDH,4,TELEMETRY,2,TELEMETRY_0x02,0,0,0,0,0,0,0x08018044
1777181012.203,349069,4,6,GNSS,255,BROADCAST,0,HEARTBEAT,48,HEARTBEAT,0,0,0,0,0,0,0x1001BFC0
1777181012.203,349070,4,6,GNSS,1,CDH,10,HEALTH,1,HEALTH_0x01,0,0,0,0,1,1,0x1001804A
1777181012.203,349071,2,6,GNSS,1,CDH,4,TELEMETRY,2,TELEMETRY_0x02,0,0,0,0,0,0,0x08018044
1777181017.161,354050,4,6,GNSS,255,BROADCAST,0,HEARTBEAT,48,HEARTBEAT,0,0,0,0,0,0,0x1001BFC0
1777181017.161,354052,4,6,GNSS,1,CDH,10,HEALTH,1,HEALTH_0x01,0,0,0,0,1,1,0x1001804A
1777181017.161,354053,2,6,GNSS,1,CDH,4,TELEMETRY,2,TELEMETRY_0x02,0,0,0,0,0,0,0x08018044
1777181022.141,359031,4,6,GNSS,255,BROADCAST,0,HEARTBEAT,48,HEARTBEAT,0,0,0,0,0,0,0x1001BFC0
1777181022.141,359032,4,6,GNSS,1,CDH,10,HEALTH,1,HEALTH_0x01,0,0,0,0,1,1,0x1001804A
1777181022.141,359033,2,6,GNSS,1,CDH,4,TELEMETRY,2,TELEMETRY_0x02,0,0,0,0,0,0,0x08018044
1777181027.154,364012,4,6,GNSS,255,BROADCAST,0,HEARTBEAT,48,HEARTBEAT,0,0,0,0,0,0,0x1001BFC0
1777181027.154,364013,4,6,GNSS,1,CDH,10,HEALTH,1,HEALTH_0x01,0,0,0,0,1,1,0x1001804A
1777181027.154,364015,2,6,GNSS,1,CDH,4,TELEMETRY,2,TELEMETRY_0x02,0,0,0,0,0,0,0x08018044
1777181032.102,368994,4,6,GNSS,255,BROADCAST,0,HEARTBEAT,48,HEARTBEAT,0,0,0,0,0,0,0x1001BFC0
1777181032.103,368995,4,6,GNSS,1,CDH,10,HEALTH,1,HEALTH_0x01,0,0,0,0,1,1,0x1001804A
1777181032.104,368996,2,6,GNSS,1,CDH,4,TELEMETRY,2,TELEMETRY_0x02,0,0,0,0,0,0,0x08018044
1777181037.086,373975,4,6,GNSS,255,BROADCAST,0,HEARTBEAT,48,HEARTBEAT,0,0,0,0,0,0,0x1001BFC0
1777181037.086,373976,4,6,GNSS,1,CDH,10,HEALTH,1,HEALTH_0x01,0,0,0,0,1,1,0x1001804A
1777181037.086,373978,2,6,GNSS,1,CDH,4,TELEMETRY,2,TELEMETRY_0x02,0,0,0,0,0,0,0x08018044
1777181042.097,378956,4,6,GNSS,255,BROADCAST,0,HEARTBEAT,48,HEARTBEAT,0,0,0,0,0,0,0x1001BFC0
1777181042.097,378957,4,6,GNSS,1,CDH,10,HEALTH,1,HEALTH_0x01,0,0,0,0,1,1,0x1001804A
1777181042.097,378959,2,6,GNSS,1,CDH,4,TELEMETRY,2,TELEMETRY_0x02,0,0,0,0,0,0,0x08018044
1777181047.046,383938,4,6,GNSS,255,BROADCAST,0,HEARTBEAT,48,HEARTBEAT,0,0,0,0,0,0,0x1001BFC0
1777181047.048,383939,4,6,GNSS,1,CDH,10,HEALTH,1,HEALTH_0x01,0,0,0,0,1,1,0x1001804A
1777181047.048,383940,2,6,GNSS,1,CDH,4,TELEMETRY,2,TELEMETRY_0x02,0,0,0,0,0,0,0x08018044
1777181052.032,388919,4,6,GNSS,255,BROADCAST,0,HEARTBEAT,48,HEARTBEAT,0,0,0,0,0,0,0x1001BFC0
1777181052.032,388920,4,6,GNSS,1,CDH,10,HEALTH,1,HEALTH_0x01,0,0,0,0,1,1,0x1001804A
1777181052.032,388921,2,6,GNSS,1,CDH,4,TELEMETRY,2,TELEMETRY_0x02,0,0,0,0,0,0,0x08018044
1777181057.009,393900,4,6,GNSS,255,BROADCAST,0,HEARTBEAT,48,HEARTBEAT,0,0,0,0,0,0,0x1001BFC0
1777181057.010,393901,4,6,GNSS,1,CDH,10,HEALTH,1,HEALTH_0x01,0,0,0,0,1,1,0x1001804A
1777181057.011,393903,2,6,GNSS,1,CDH,4,TELEMETRY,2,TELEMETRY_0x02,0,0,0,0,0,0,0x08018044
1777181061.992,398881,4,6,GNSS,255,BROADCAST,0,HEARTBEAT,48,HEARTBEAT,0,0,0,0,0,0,0x1001BFC0
1777181061.992,398882,4,6,GNSS,1,CDH,10,HEALTH,1,HEALTH_0x01,0,0,0,0,1,1,0x1001804A
1777181061.992,398884,2,6,GNSS,1,CDH,4,TELEMETRY,2,TELEMETRY_0x02,0,0,0,0,0,0,0x08018044
1777181066.988,403863,4,6,GNSS,255,BROADCAST,0,HEARTBEAT,48,HEARTBEAT,0,0,0,0,0,0,0x1001BFC0
1777181066.988,403864,4,6,GNSS,1,CDH,10,HEALTH,1,HEALTH_0x01,0,0,0,0,1,1,0x1001804A
1777181066.988,403865,2,6,GNSS,1,CDH,4,TELEMETRY,2,TELEMETRY_0x02,0,0,0,0,0,0,0x08018044
1777181071.953,408844,4,6,GNSS,255,BROADCAST,0,HEARTBEAT,48,HEARTBEAT,0,0,0,0,0,0,0x1001BFC0
1777181071.954,408845,4,6,GNSS,1,CDH,10,HEALTH,1,HEALTH_0x01,0,0,0,0,1,1,0x1001804A
1777181071.955,408846,2,6,GNSS,1,CDH,4,TELEMETRY,2,TELEMETRY_0x02,0,0,0,0,0,0,0x08018044
1777181076.935,413825,4,6,GNSS,255,BROADCAST,0,HEARTBEAT,48,HEARTBEAT,0,0,0,0,0,0,0x1001BFC0
1777181076.936,413826,4,6,GNSS,1,CDH,10,HEALTH,1,HEALTH_0x01,0,0,0,0,1,1,0x1001804A
1777181076.936,413828,2,6,GNSS,1,CDH,4,TELEMETRY,2,TELEMETRY_0x02,0,0,0,0,0,0,0x08018044
1777181081.937,418807,4,6,GNSS,255,BROADCAST,0,HEARTBEAT,48,HEARTBEAT,0,0,0,0,0,0,0x1001BFC0
1777181081.937,418808,4,6,GNSS,1,CDH,10,HEALTH,1,HEALTH_0x01,0,0,0,0,1,1,0x1001804A
1777181081.937,418808,2,6,GNSS,1,CDH,4,TELEMETRY,2,TELEMETRY_0x02,0,0,0,0,0,0,0x08018044
1777181086.897,423788,4,6,GNSS,255,BROADCAST,0,HEARTBEAT,48,HEARTBEAT,0,0,0,0,0,0,0x1001BFC0
1777181086.897,423789,4,6,GNSS,1,CDH,10,HEALTH,1,HEALTH_0x01,0,0,0,0,1,1,0x1001804A
1777181086.899,423790,2,6,GNSS,1,CDH,4,TELEMETRY,2,TELEMETRY_0x02,0,0,0,0,0,0,0x08018044
1777181091.879,428769,4,6,GNSS,255,BROADCAST,0,HEARTBEAT,48,HEARTBEAT,0,0,0,0,0,0,0x1001BFC0
1777181091.881,428770,4,6,GNSS,1,CDH,10,HEALTH,1,HEALTH_0x01,0,0,0,0,1,1,0x1001804A
1777181091.881,428771,2,6,GNSS,1,CDH,4,TELEMETRY,2,TELEMETRY_0x02,0,0,0,0,0,0,0x08018044
1777181096.878,433751,4,6,GNSS,255,BROADCAST,0,HEARTBEAT,48,HEARTBEAT,0,0,0,0,0,0,0x1001BFC0
1777181096.878,433752,4,6,GNSS,1,CDH,10,HEALTH,1,HEALTH_0x01,0,0,0,0,1,1,0x1001804A
1777181096.878,433753,2,6,GNSS,1,CDH,4,TELEMETRY,2,TELEMETRY_0x02,0,0,0,0,0,0,0x08018044
1777181101.844,438733,4,6,GNSS,255,BROADCAST,0,HEARTBEAT,48,HEARTBEAT,0,0,0,0,0,0,0x1001BFC0
1777181101.844,438734,4,6,GNSS,1,CDH,10,HEALTH,1,HEALTH_0x01,0,0,0,0,1,1,0x1001804A
1777181101.844,438735,2,6,GNSS,1,CDH,4,TELEMETRY,2,TELEMETRY_0x02,0,0,0,0,0,0,0x08018044
1777181106.824,443715,4,6,GNSS,255,BROADCAST,0,HEARTBEAT,48,HEARTBEAT,0,0,0,0,0,0,0x1001BFC0
1777181106.825,443716,4,6,GNSS,1,CDH,10,HEALTH,1,HEALTH_0x01,0,0,0,0,1,1,0x1001804A
1777181106.829,443717,2,6,GNSS,1,CDH,4,TELEMETRY,2,TELEMETRY_0x02,0,0,0,0,0,0,0x08018044
1777181111.847,448696,4,6,GNSS,255,BROADCAST,0,HEARTBEAT,48,HEARTBEAT,0,0,0,0,0,0,0x1001BFC0
1777181111.847,448697,4,6,GNSS,1,CDH,10,HEALTH,1,HEALTH_0x01,0,0,0,0,1,1,0x1001804A
1777181111.847,448698,2,6,GNSS,1,CDH,4,TELEMETRY,2,TELEMETRY_0x02,0,0,0,0,0,0,0x08018044
1777181116.788,453678,4,6,GNSS,255,BROADCAST,0,HEARTBEAT,48,HEARTBEAT,0,0,0,0,0,0,0x1001BFC0
1777181116.790,453679,4,6,GNSS,1,CDH,10,HEALTH,1,HEALTH_0x01,0,0,0,0,1,1,0x1001804A
1777181116.790,453680,2,6,GNSS,1,CDH,4,TELEMETRY,2,TELEMETRY_0x02,0,0,0,0,0,0,0x08018044
1777181121.771,458659,4,6,GNSS,255,BROADCAST,0,HEARTBEAT,48,HEARTBEAT,0,0,0,0,0,0,0x1001BFC0
1777181121.771,458660,4,6,GNSS,1,CDH,10,HEALTH,1,HEALTH_0x01,0,0,0,0,1,1,0x1001804A
1777181121.771,458661,2,6,GNSS,1,CDH,4,TELEMETRY,2,TELEMETRY_0x02,0,0,0,0,0,0,0x08018044
1777181126.786,463640,4,6,GNSS,255,BROADCAST,0,HEARTBEAT,48,HEARTBEAT,0,0,0,0,0,0,0x1001BFC0
1777181126.786,463641,4,6,GNSS,1,CDH,10,HEALTH,1,HEALTH_0x01,0,0,0,0,1,1,0x1001804A
1777181126.786,463643,2,6,GNSS,1,CDH,4,TELEMETRY,2,TELEMETRY_0x02,0,0,0,0,0,0,0x08018044
1777181131.731,468622,4,6,GNSS,255,BROADCAST,0,HEARTBEAT,48,HEARTBEAT,0,0,0,0,0,0,0x1001BFC0
1777181131.732,468623,4,6,GNSS,1,CDH,10,HEALTH,1,HEALTH_0x01,0,0,0,0,1,1,0x1001804A
1777181131.733,468624,2,6,GNSS,1,CDH,4,TELEMETRY,2,TELEMETRY_0x02,0,0,0,0,0,0,0x08018044
1777181136.715,473603,4,6,GNSS,255,BROADCAST,0,HEARTBEAT,48,HEARTBEAT,0,0,0,0,0,0,0x1001BFC0
1777181136.715,473604,4,6,GNSS,1,CDH,10,HEALTH,1,HEALTH_0x01,0,0,0,0,1,1,0x1001804A
1777181136.715,473606,2,6,GNSS,1,CDH,4,TELEMETRY,2,TELEMETRY_0x02,0,0,0,0,0,0,0x08018044
1777181141.695,478585,4,6,GNSS,255,BROADCAST,0,HEARTBEAT,48,HEARTBEAT,0,0,0,0,0,0,0x1001BFC0
1777181141.695,478586,4,6,GNSS,1,CDH,10,HEALTH,1,HEALTH_0x01,0,0,0,0,1,1,0x1001804A
1777181141.696,478587,2,6,GNSS,1,CDH,4,TELEMETRY,2,TELEMETRY_0x02,0,0,0,0,0,0,0x08018044
1777181146.676,483566,4,6,GNSS,255,BROADCAST,0,HEARTBEAT,48,HEARTBEAT,0,0,0,0,0,0,0x1001BFC0
1777181146.676,483567,4,6,GNSS,1,CDH,10,HEALTH,1,HEALTH_0x01,0,0,0,0,1,1,0x1001804A
1777181146.678,483568,2,6,GNSS,1,CDH,4,TELEMETRY,2,TELEMETRY_0x02,0,0,0,0,0,0,0x08018044
1777181151.676,488547,4,6,GNSS,255,BROADCAST,0,HEARTBEAT,48,HEARTBEAT,0,0,0,0,0,0,0x1001BFC0
1777181151.676,488548,4,6,GNSS,1,CDH,10,HEALTH,1,HEALTH_0x01,0,0,0,0,1,1,0x1001804A
1777181151.676,488549,2,6,GNSS,1,CDH,4,TELEMETRY,2,TELEMETRY_0x02,0,0,0,0,0,0,0x08018044
1777181156.640,493528,4,6,GNSS,255,BROADCAST,0,HEARTBEAT,48,HEARTBEAT,0,0,0,0,0,0,0x1001BFC0
1777181156.640,493529,4,6,GNSS,1,CDH,10,HEALTH,1,HEALTH_0x01,0,0,0,0,1,1,0x1001804A
1777181156.640,493531,2,6,GNSS,1,CDH,4,TELEMETRY,2,TELEMETRY_0x02,0,0,0,0,0,0,0x08018044
1777181163.085,499975,4,6,GNSS,255,BROADCAST,0,HEARTBEAT,48,HEARTBEAT,0,0,0,0,0,0,0x1001BFC0
1777181163.086,499976,4,6,GNSS,1,CDH,10,HEALTH,1,HEALTH_0x01,0,0,0,0,1,1,0x1001804A
1777181163.087,499977,2,6,GNSS,1,CDH,4,TELEMETRY,2,TELEMETRY_0x02,0,0,0,0,0,0,0x08018044
1777181168.067,504956,4,6,GNSS,255,BROADCAST,0,HEARTBEAT,48,HEARTBEAT,0,0,0,0,0,0,0x1001BFC0
1777181168.068,504957,4,6,GNSS,1,CDH,10,HEALTH,1,HEALTH_0x01,0,0,0,0,1,1,0x1001804A
1777181168.068,504958,2,6,GNSS,1,CDH,4,TELEMETRY,2,TELEMETRY_0x02,0,0,0,0,0,0,0x08018044
1777181173.087,509937,4,6,GNSS,255,BROADCAST,0,HEARTBEAT,48,HEARTBEAT,0,0,0,0,0,0,0x1001BFC0
1777181173.087,509938,4,6,GNSS,1,CDH,10,HEALTH,1,HEALTH_0x01,0,0,0,0,1,1,0x1001804A
1777181173.087,509939,2,6,GNSS,1,CDH,4,TELEMETRY,2,TELEMETRY_0x02,0,0,0,0,0,0,0x08018044
1777181178.028,514918,4,6,GNSS,255,BROADCAST,0,HEARTBEAT,48,HEARTBEAT,0,0,0,0,0,0,0x1001BFC0
1777181178.029,514919,4,6,GNSS,1,CDH,10,HEALTH,1,HEALTH_0x01,0,0,0,0,1,1,0x1001804A
1777181178.029,514920,2,6,GNSS,1,CDH,4,TELEMETRY,2,TELEMETRY_0x02,0,0,0,0,0,0,0x08018044
1777181183.009,519899,4,6,GNSS,255,BROADCAST,0,HEARTBEAT,48,HEARTBEAT,0,0,0,0,0,0,0x1001BFC0
1777181183.010,519900,4,6,GNSS,1,CDH,10,HEALTH,1,HEALTH_0x01,0,0,0,0,1,1,0x1001804A
1777181183.010,519901,2,6,GNSS,1,CDH,4,TELEMETRY,2,TELEMETRY_0x02,0,0,0,0,0,0,0x08018044
1777181188.027,524880,4,6,GNSS,255,BROADCAST,0,HEARTBEAT,48,HEARTBEAT,0,0,0,0,0,0,0x1001BFC0
1777181188.027,524881,4,6,GNSS,1,CDH,10,HEALTH,1,HEALTH_0x01,0,0,0,0,1,1,0x1001804A
1777181188.027,524882,2,6,GNSS,1,CDH,4,TELEMETRY,2,TELEMETRY_0x02,0,0,0,0,0,0,0x08018044
1777181192.973,529861,4,6,GNSS,255,BROADCAST,0,HEARTBEAT,48,HEARTBEAT,0,0,0,0,0,0,0x1001BFC0
1777181192.975,529862,4,6,GNSS,1,CDH,10,HEALTH,1,HEALTH_0x01,0,0,0,0,1,1,0x1001804A
1777181192.975,529863,2,6,GNSS,1,CDH,4,TELEMETRY,2,TELEMETRY_0x02,0,0,0,0,0,0,0x08018044
1777181197.954,534842,4,6,GNSS,255,BROADCAST,0,HEARTBEAT,48,HEARTBEAT,0,0,0,0,0,0,0x1001BFC0
1777181197.954,534843,4,6,GNSS,1,CDH,10,HEALTH,1,HEALTH_0x01,0,0,0,0,1,1,0x1001804A
1777181197.954,534844,2,6,GNSS,1,CDH,4,TELEMETRY,2,TELEMETRY_0x02,0,0,0,0,0,0,0x08018044
1777181202.934,539823,4,6,GNSS,255,BROADCAST,0,HEARTBEAT,48,HEARTBEAT,0,0,0,0,0,0,0x1001BFC0
1777181202.934,539824,4,6,GNSS,1,CDH,10,HEALTH,1,HEALTH_0x01,0,0,0,0,1,1,0x1001804A
1777181202.935,539825,2,6,GNSS,1,CDH,4,TELEMETRY,2,TELEMETRY_0x02,0,0,0,0,0,0,0x08018044
1777181207.914,544804,4,6,GNSS,255,BROADCAST,0,HEARTBEAT,48,HEARTBEAT,0,0,0,0,0,0,0x1001BFC0
1777181207.915,544805,4,6,GNSS,1,CDH,10,HEALTH,1,HEALTH_0x01,0,0,0,0,1,1,0x1001804A
1777181207.916,544806,2,6,GNSS,1,CDH,4,TELEMETRY,2,TELEMETRY_0x02,0,0,0,0,0,0,0x08018044
1777181212.913,549785,4,6,GNSS,255,BROADCAST,0,HEARTBEAT,48,HEARTBEAT,0,0,0,0,0,0,0x1001BFC0
1777181212.913,549786,4,6,GNSS,1,CDH,10,HEALTH,1,HEALTH_0x01,0,0,0,0,1,1,0x1001804A
1777181212.913,549787,2,6,GNSS,1,CDH,4,TELEMETRY,2,TELEMETRY_0x02,0,0,0,0,0,0,0x08018044
1777181217.877,554767,4,6,GNSS,255,BROADCAST,0,HEARTBEAT,48,HEARTBEAT,0,0,0,0,0,0,0x1001BFC0
1777181217.878,554768,4,6,GNSS,1,CDH,10,HEALTH,1,HEALTH_0x01,0,0,0,0,1,1,0x1001804A
1777181217.879,554769,2,6,GNSS,1,CDH,4,TELEMETRY,2,TELEMETRY_0x02,0,0,0,0,0,0,0x08018044
1777181222.858,559748,4,6,GNSS,255,BROADCAST,0,HEARTBEAT,48,HEARTBEAT,0,0,0,0,0,0,0x1001BFC0
1777181222.861,559749,4,6,GNSS,1,CDH,10,HEALTH,1,HEALTH_0x01,0,0,0,0,1,1,0x1001804A
1777181222.861,559750,2,6,GNSS,1,CDH,4,TELEMETRY,2,TELEMETRY_0x02,0,0,0,0,0,0,0x08018044
1777181227.860,564729,4,6,GNSS,255,BROADCAST,0,HEARTBEAT,48,HEARTBEAT,0,0,0,0,0,0,0x1001BFC0
1777181227.860,564730,4,6,GNSS,1,CDH,10,HEALTH,1,HEALTH_0x01,0,0,0,0,1,1,0x1001804A
1777181227.860,564731,2,6,GNSS,1,CDH,4,TELEMETRY,2,TELEMETRY_0x02,0,0,0,0,0,0,0x08018044
1777181232.821,569710,4,6,GNSS,255,BROADCAST,0,HEARTBEAT,48,HEARTBEAT,0,0,0,0,0,0,0x1001BFC0
1777181232.822,569711,4,6,GNSS,1,CDH,10,HEALTH,1,HEALTH_0x01,0,0,0,0,1,1,0x1001804A
1777181232.823,569712,2,6,GNSS,1,CDH,4,TELEMETRY,2,TELEMETRY_0x02,0,0,0,0,0,0,0x08018044
1777181237.803,574691,4,6,GNSS,255,BROADCAST,0,HEARTBEAT,48,HEARTBEAT,0,0,0,0,0,0,0x1001BFC0
1777181237.803,574692,4,6,GNSS,1,CDH,10,HEALTH,1,HEALTH_0x01,0,0,0,0,1,1,0x1001804A
1777181237.804,574694,2,6,GNSS,1,CDH,4,TELEMETRY,2,TELEMETRY_0x02,0,0,0,0,0,0,0x08018044
1777181242.809,579672,4,6,GNSS,255,BROADCAST,0,HEARTBEAT,48,HEARTBEAT,0,0,0,0,0,0,0x1001BFC0
1777181242.809,579673,4,6,GNSS,1,CDH,10,HEALTH,1,HEALTH_0x01,0,0,0,0,1,1,0x1001804A
1777181242.809,579674,2,6,GNSS,1,CDH,4,TELEMETRY,2,TELEMETRY_0x02,0,0,0,0,0,0,0x08018044
1777181247.764,584653,4,6,GNSS,255,BROADCAST,0,HEARTBEAT,48,HEARTBEAT,0,0,0,0,0,0,0x1001BFC0
1777181247.766,584654,4,6,GNSS,1,CDH,10,HEALTH,1,HEALTH_0x01,0,0,0,0,1,1,0x1001804A
1777181247.766,584656,2,6,GNSS,1,CDH,4,TELEMETRY,2,TELEMETRY_0x02,0,0,0,0,0,0,0x08018044
1777181252.747,589634,4,6,GNSS,255,BROADCAST,0,HEARTBEAT,48,HEARTBEAT,0,0,0,0,0,0,0x1001BFC0
1777181252.747,589635,4,6,GNSS,1,CDH,10,HEALTH,1,HEALTH_0x01,0,0,0,0,1,1,0x1001804A
1777181252.747,589636,2,6,GNSS,1,CDH,4,TELEMETRY,2,TELEMETRY_0x02,0,0,0,0,0,0,0x08018044
1777181257.754,594616,4,6,GNSS,255,BROADCAST,0,HEARTBEAT,48,HEARTBEAT,0,0,0,0,0,0,0x1001BFC0
1777181257.754,594617,4,6,GNSS,1,CDH,10,HEALTH,1,HEALTH_0x01,0,0,0,0,1,1,0x1001804A
1777181257.754,594618,2,6,GNSS,1,CDH,4,TELEMETRY,2,TELEMETRY_0x02,0,0,0,0,0,0,0x08018044
1777181262.710,599597,4,6,GNSS,255,BROADCAST,0,HEARTBEAT,48,HEARTBEAT,0,0,0,0,0,0,0x1001BFC0
1777181262.710,599598,4,6,GNSS,1,CDH,10,HEALTH,1,HEALTH_0x01,0,0,0,0,1,1,0x1001804A
1777181262.710,599599,2,6,GNSS,1,CDH,4,TELEMETRY,2,TELEMETRY_0x02,0,0,0,0,0,0,0x08018044
1777181267.692,604579,4,6,GNSS,255,BROADCAST,0,HEARTBEAT,48,HEARTBEAT,0,0,0,0,0,0,0x1001BFC0
1777181267.692,604580,4,6,GNSS,1,CDH,10,HEALTH,1,HEALTH_0x01,0,0,0,0,1,1,0x1001804A
1777181267.692,604581,2,6,GNSS,1,CDH,4,TELEMETRY,2,TELEMETRY_0x02,0,0,0,0,0,0,0x08018044
1777181272.670,609560,4,6,GNSS,255,BROADCAST,0,HEARTBEAT,48,HEARTBEAT,0,0,0,0,0,0,0x1001BFC0
1777181272.672,609561,4,6,GNSS,1,CDH,10,HEALTH,1,HEALTH_0x01,0,0,0,0,1,1,0x1001804A
1777181272.672,609562,2,6,GNSS,1,CDH,4,TELEMETRY,2,TELEMETRY_0x02,0,0,0,0,0,0,0x08018044
1777181277.653,614542,4,6,GNSS,255,BROADCAST,0,HEARTBEAT,48,HEARTBEAT,0,0,0,0,0,0,0x1001BFC0
1777181277.656,614543,4,6,GNSS,1,CDH,10,HEALTH,1,HEALTH_0x01,0,0,0,0,1,1,0x1001804A
1777181277.656,614544,2,6,GNSS,1,CDH,4,TELEMETRY,2,TELEMETRY_0x02,0,0,0,0,0,0,0x08018044
1777181282.648,619523,4,6,GNSS,255,BROADCAST,0,HEARTBEAT,48,HEARTBEAT,0,0,0,0,0,0,0x1001BFC0
1777181282.648,619524,4,6,GNSS,1,CDH,10,HEALTH,1,HEALTH_0x01,0,0,0,0,1,1,0x1001804A
1777181282.648,619526,2,6,GNSS,1,CDH,4,TELEMETRY,2,TELEMETRY_0x02,0,0,0,0,0,0,0x08018044
1777181287.616,624505,4,6,GNSS,255,BROADCAST,0,HEARTBEAT,48,HEARTBEAT,0,0,0,0,0,0,0x1001BFC0
1777181287.617,624506,4,6,GNSS,1,CDH,10,HEALTH,1,HEALTH_0x01,0,0,0,0,1,1,0x1001804A
1777181287.618,624507,2,6,GNSS,1,CDH,4,TELEMETRY,2,TELEMETRY_0x02,0,0,0,0,0,0,0x08018044
1777181292.597,629486,4,6,GNSS,255,BROADCAST,0,HEARTBEAT,48,HEARTBEAT,0,0,0,0,0,0,0x1001BFC0
1777181292.598,629487,4,6,GNSS,1,CDH,10,HEALTH,1,HEALTH_0x01,0,0,0,0,1,1,0x1001804A
1777181292.599,629488,2,6,GNSS,1,CDH,4,TELEMETRY,2,TELEMETRY_0x02,0,0,0,0,0,0,0x08018044
1777181297.600,634467,4,6,GNSS,255,BROADCAST,0,HEARTBEAT,48,HEARTBEAT,0,0,0,0,0,0,0x1001BFC0
1777181297.600,634468,4,6,GNSS,1,CDH,10,HEALTH,1,HEALTH_0x01,0,0,0,0,1,1,0x1001804A
1777181297.600,634469,2,6,GNSS,1,CDH,4,TELEMETRY,2,TELEMETRY_0x02,0,0,0,0,0,0,0x08018044
1777181302.559,639448,4,6,GNSS,255,BROADCAST,0,HEARTBEAT,48,HEARTBEAT,0,0,0,0,0,0,0x1001BFC0
1777181302.560,639449,4,6,GNSS,1,CDH,10,HEALTH,1,HEALTH_0x01,0,0,0,0,1,1,0x1001804A
1777181302.561,639450,2,6,GNSS,1,CDH,4,TELEMETRY,2,TELEMETRY_0x02,0,0,0,0,0,0,0x08018044
1777181307.541,644429,4,6,GNSS,255,BROADCAST,0,HEARTBEAT,48,HEARTBEAT,0,0,0,0,0,0,0x1001BFC0
1777181307.542,644431,4,6,GNSS,1,CDH,10,HEALTH,1,HEALTH_0x01,0,0,0,0,1,1,0x1001804A
1777181307.543,644432,2,6,GNSS,1,CDH,4,TELEMETRY,2,TELEMETRY_0x02,0,0,0,0,0,0,0x08018044
1777181312.550,649411,4,6,GNSS,255,BROADCAST,0,HEARTBEAT,48,HEARTBEAT,0,0,0,0,0,0,0x1001BFC0
1777181312.550,649412,4,6,GNSS,1,CDH,10,HEALTH,1,HEALTH_0x01,0,0,0,0,1,1,0x1001804A
1777181312.550,649413,2,6,GNSS,1,CDH,4,TELEMETRY,2,TELEMETRY_0x02,0,0,0,0,0,0,0x08018044
1777181317.502,654392,4,6,GNSS,255,BROADCAST,0,HEARTBEAT,48,HEARTBEAT,0,0,0,0,0,0,0x1001BFC0
1777181317.504,654393,4,6,GNSS,1,CDH,10,HEALTH,1,HEALTH_0x01,0,0,0,0,1,1,0x1001804A
1777181317.505,654394,2,6,GNSS,1,CDH,4,TELEMETRY,2,TELEMETRY_0x02,0,0,0,0,0,0,0x08018044
1777181322.485,659373,4,6,GNSS,255,BROADCAST,0,HEARTBEAT,48,HEARTBEAT,0,0,0,0,0,0,0x1001BFC0
1777181322.486,659374,4,6,GNSS,1,CDH,10,HEALTH,1,HEALTH_0x01,0,0,0,0,1,1,0x1001804A
1777181322.487,659375,2,6,GNSS,1,CDH,4,TELEMETRY,2,TELEMETRY_0x02,0,0,0,0,0,0,0x08018044
1777181327.486,664355,4,6,GNSS,255,BROADCAST,0,HEARTBEAT,48,HEARTBEAT,0,0,0,0,0,0,0x1001BFC0
1777181327.486,664356,4,6,GNSS,1,CDH,10,HEALTH,1,HEALTH_0x01,0,0,0,0,1,1,0x1001804A
1777181327.486,664357,2,6,GNSS,1,CDH,4,TELEMETRY,2,TELEMETRY_0x02,0,0,0,0,0,0,0x08018044
1777181332.449,669337,4,6,GNSS,255,BROADCAST,0,HEARTBEAT,48,HEARTBEAT,0,0,0,0,0,0,0x1001BFC0
1777181332.449,669338,4,6,GNSS,1,CDH,10,HEALTH,1,HEALTH_0x01,0,0,0,0,1,1,0x1001804A
1777181332.450,669339,2,6,GNSS,1,CDH,4,TELEMETRY,2,TELEMETRY_0x02,0,0,0,0,0,0,0x08018044
1777181337.431,674318,4,6,GNSS,255,BROADCAST,0,HEARTBEAT,48,HEARTBEAT,0,0,0,0,0,0,0x1001BFC0
1777181337.431,674319,4,6,GNSS,1,CDH,10,HEALTH,1,HEALTH_0x01,0,0,0,0,1,1,0x1001804A
1777181337.431,674320,2,6,GNSS,1,CDH,4,TELEMETRY,2,TELEMETRY_0x02,0,0,0,0,0,0,0x08018044
1777181342.447,679299,4,6,GNSS,255,BROADCAST,0,HEARTBEAT,48,HEARTBEAT,0,0,0,0,0,0,0x1001BFC0
1777181342.447,679300,4,6,GNSS,1,CDH,10,HEALTH,1,HEALTH_0x01,0,0,0,0,1,1,0x1001804A
1777181342.447,679302,2,6,GNSS,1,CDH,4,TELEMETRY,2,TELEMETRY_0x02,0,0,0,0,0,0,0x08018044
1777181347.401,684281,4,6,GNSS,255,BROADCAST,0,HEARTBEAT,48,HEARTBEAT,0,0,0,0,0,0,0x1001BFC0
1777181347.401,684282,4,6,GNSS,1,CDH,10,HEALTH,1,HEALTH_0x01,0,0,0,0,1,1,0x1001804A
1777181347.401,684283,2,6,GNSS,1,CDH,4,TELEMETRY,2,TELEMETRY_0x02,0,0,0,0,0,0,0x08018044
1777181352.378,689262,4,6,GNSS,255,BROADCAST,0,HEARTBEAT,48,HEARTBEAT,0,0,0,0,0,0,0x1001BFC0
1777181352.378,689263,4,6,GNSS,1,CDH,10,HEALTH,1,HEALTH_0x01,0,0,0,0,1,1,0x1001804A
1777181352.378,689264,2,6,GNSS,1,CDH,4,TELEMETRY,2,TELEMETRY_0x02,0,0,0,0,0,0,0x08018044
1777181357.355,694244,4,6,GNSS,255,BROADCAST,0,HEARTBEAT,48,HEARTBEAT,0,0,0,0,0,0,0x1001BFC0
1777181357.356,694245,4,6,GNSS,1,CDH,10,HEALTH,1,HEALTH_0x01,0,0,0,0,1,1,0x1001804A
1777181357.357,694246,2,6,GNSS,1,CDH,4,TELEMETRY,2,TELEMETRY_0x02,0,0,0,0,0,0,0x08018044
1777181362.338,699225,4,6,GNSS,255,BROADCAST,0,HEARTBEAT,48,HEARTBEAT,0,0,0,0,0,0,0x1001BFC0
1777181362.338,699227,4,6,GNSS,1,CDH,10,HEALTH,1,HEALTH_0x01,0,0,0,0,1,1,0x1001804A
1777181362.340,699228,2,6,GNSS,1,CDH,4,TELEMETRY,2,TELEMETRY_0x02,0,0,0,0,0,0,0x08018044
1777181367.332,704207,4,6,GNSS,255,BROADCAST,0,HEARTBEAT,48,HEARTBEAT,0,0,0,0,0,0,0x1001BFC0
1777181367.332,704208,4,6,GNSS,1,CDH,10,HEALTH,1,HEALTH_0x01,0,0,0,0,1,1,0x1001804A
1777181367.332,704209,2,6,GNSS,1,CDH,4,TELEMETRY,2,TELEMETRY_0x02,0,0,0,0,0,0,0x08018044
1777181372.301,709189,4,6,GNSS,255,BROADCAST,0,HEARTBEAT,48,HEARTBEAT,0,0,0,0,0,0,0x1001BFC0
1777181372.301,709190,4,6,GNSS,1,CDH,10,HEALTH,1,HEALTH_0x01,0,0,0,0,1,1,0x1001804A
1777181372.303,709191,2,6,GNSS,1,CDH,4,TELEMETRY,2,TELEMETRY_0x02,0,0,0,0,0,0,0x08018044
1777181377.283,714171,4,6,GNSS,255,BROADCAST,0,HEARTBEAT,48,HEARTBEAT,0,0,0,0,0,0,0x1001BFC0
1777181377.284,714172,4,6,GNSS,1,CDH,10,HEALTH,1,HEALTH_0x01,0,0,0,0,1,1,0x1001804A
1777181377.284,714173,2,6,GNSS,1,CDH,4,TELEMETRY,2,TELEMETRY_0x02,0,0,0,0,0,0,0x08018044
1777181382.281,719152,4,6,GNSS,255,BROADCAST,0,HEARTBEAT,48,HEARTBEAT,0,0,0,0,0,0,0x1001BFC0
1777181382.281,719153,4,6,GNSS,1,CDH,10,HEALTH,1,HEALTH_0x01,0,0,0,0,1,1,0x1001804A
1777181382.281,719154,2,6,GNSS,1,CDH,4,TELEMETRY,2,TELEMETRY_0x02,0,0,0,0,0,0,0x08018044
1777181387.246,724133,4,6,GNSS,255,BROADCAST,0,HEARTBEAT,48,HEARTBEAT,0,0,0,0,0,0,0x1001BFC0
1777181387.247,724134,4,6,GNSS,1,CDH,10,HEALTH,1,HEALTH_0x01,0,0,0,0,1,1,0x1001804A
1777181387.248,724136,2,6,GNSS,1,CDH,4,TELEMETRY,2,TELEMETRY_0x02,0,0,0,0,0,0,0x08018044
1777181392.227,729115,4,6,GNSS,255,BROADCAST,0,HEARTBEAT,48,HEARTBEAT,0,0,0,0,0,0,0x1001BFC0
1777181392.228,729116,4,6,GNSS,1,CDH,10,HEALTH,1,HEALTH_0x01,0,0,0,0,1,1,0x1001804A
1777181392.228,729117,2,6,GNSS,1,CDH,4,TELEMETRY,2,TELEMETRY_0x02,0,0,0,0,0,0,0x08018044
1777181397.236,734096,4,6,GNSS,255,BROADCAST,0,HEARTBEAT,48,HEARTBEAT,0,0,0,0,0,0,0x1001BFC0
1777181397.236,734097,4,6,GNSS,1,CDH,10,HEALTH,1,HEALTH_0x01,0,0,0,0,1,1,0x1001804A
1777181397.236,734099,2,6,GNSS,1,CDH,4,TELEMETRY,2,TELEMETRY_0x02,0,0,0,0,0,0,0x08018044
1777181402.190,739078,4,6,GNSS,255,BROADCAST,0,HEARTBEAT,48,HEARTBEAT,0,0,0,0,0,0,0x1001BFC0
1777181402.191,739079,4,6,GNSS,1,CDH,10,HEALTH,1,HEALTH_0x01,0,0,0,0,1,1,0x1001804A
1777181402.192,739080,2,6,GNSS,1,CDH,4,TELEMETRY,2,TELEMETRY_0x02,0,0,0,0,0,0,0x08018044
1777181407.172,744059,4,6,GNSS,255,BROADCAST,0,HEARTBEAT,48,HEARTBEAT,0,0,0,0,0,0,0x1001BFC0
1777181407.172,744060,4,6,GNSS,1,CDH,10,HEALTH,1,HEALTH_0x01,0,0,0,0,1,1,0x1001804A
1777181407.177,744061,2,6,GNSS,1,CDH,4,TELEMETRY,2,TELEMETRY_0x02,0,0,0,0,0,0,0x08018044
1777181412.188,749040,4,6,GNSS,255,BROADCAST,0,HEARTBEAT,48,HEARTBEAT,0,0,0,0,0,0,0x1001BFC0
1777181412.188,749041,4,6,GNSS,1,CDH,10,HEALTH,1,HEALTH_0x01,0,0,0,0,1,1,0x1001804A
1777181412.188,749043,2,6,GNSS,1,CDH,4,TELEMETRY,2,TELEMETRY_0x02,0,0,0,0,0,0,0x08018044
1777181417.134,754022,4,6,GNSS,255,BROADCAST,0,HEARTBEAT,48,HEARTBEAT,0,0,0,0,0,0,0x1001BFC0
1777181417.135,754023,4,6,GNSS,1,CDH,10,HEALTH,1,HEALTH_0x01,0,0,0,0,1,1,0x1001804A
1777181417.136,754024,2,6,GNSS,1,CDH,4,TELEMETRY,2,TELEMETRY_0x02,0,0,0,0,0,0,0x08018044
1777181422.127,759003,4,6,GNSS,255,BROADCAST,0,HEARTBEAT,48,HEARTBEAT,0,0,0,0,0,0,0x1001BFC0
1777181422.127,759004,4,6,GNSS,1,CDH,10,HEALTH,1,HEALTH_0x01,0,0,0,0,1,1,0x1001804A
1777181422.127,759005,2,6,GNSS,1,CDH,4,TELEMETRY,2,TELEMETRY_0x02,0,0,0,0,0,0,0x08018044
1777181427.097,763984,4,6,GNSS,255,BROADCAST,0,HEARTBEAT,48,HEARTBEAT,0,0,0,0,0,0,0x1001BFC0
1777181427.133,763985,4,6,GNSS,1,CDH,10,HEALTH,1,HEALTH_0x01,0,0,0,0,1,1,0x1001804A
1777181427.133,763986,2,6,GNSS,1,CDH,4,TELEMETRY,2,TELEMETRY_0x02,0,0,0,0,0,0,0x08018044
1777181432.078,768966,4,6,GNSS,255,BROADCAST,0,HEARTBEAT,48,HEARTBEAT,0,0,0,0,0,0,0x1001BFC0
1777181432.079,768967,4,6,GNSS,1,CDH,10,HEALTH,1,HEALTH_0x01,0,0,0,0,1,1,0x1001804A
1777181432.082,768968,2,6,GNSS,1,CDH,4,TELEMETRY,2,TELEMETRY_0x02,0,0,0,0,0,0,0x08018044
1777181437.071,773947,4,6,GNSS,255,BROADCAST,0,HEARTBEAT,48,HEARTBEAT,0,0,0,0,0,0,0x1001BFC0
1777181437.071,773948,4,6,GNSS,1,CDH,10,HEALTH,1,HEALTH_0x01,0,0,0,0,1,1,0x1001804A
1777181437.071,773949,2,6,GNSS,1,CDH,4,TELEMETRY,2,TELEMETRY_0x02,0,0,0,0,0,0,0x08018044
1777181442.041,778929,4,6,GNSS,255,BROADCAST,0,HEARTBEAT,48,HEARTBEAT,0,0,0,0,0,0,0x1001BFC0
1777181442.042,778930,4,6,GNSS,1,CDH,10,HEALTH,1,HEALTH_0x01,0,0,0,0,1,1,0x1001804A
1777181442.043,778931,2,6,GNSS,1,CDH,4,TELEMETRY,2,TELEMETRY_0x02,0,0,0,0,0,0,0x08018044
1777181447.023,783910,4,6,GNSS,255,BROADCAST,0,HEARTBEAT,48,HEARTBEAT,0,0,0,0,0,0,0x1001BFC0
1777181447.024,783911,4,6,GNSS,1,CDH,10,HEALTH,1,HEALTH_0x01,0,0,0,0,1,1,0x1001804A
1777181447.025,783913,2,6,GNSS,1,CDH,4,TELEMETRY,2,TELEMETRY_0x02,0,0,0,0,0,0,0x08018044
1777181452.022,788892,4,6,GNSS,255,BROADCAST,0,HEARTBEAT,48,HEARTBEAT,0,0,0,0,0,0,0x1001BFC0
1777181452.022,788893,4,6,GNSS,1,CDH,10,HEALTH,1,HEALTH_0x01,0,0,0,0,1,1,0x1001804A
1777181452.022,788894,2,6,GNSS,1,CDH,4,TELEMETRY,2,TELEMETRY_0x02,0,0,0,0,0,0,0x08018044
1777181456.986,793873,4,6,GNSS,255,BROADCAST,0,HEARTBEAT,48,HEARTBEAT,0,0,0,0,0,0,0x1001BFC0
1777181456.987,793874,4,6,GNSS,1,CDH,10,HEALTH,1,HEALTH_0x01,0,0,0,0,1,1,0x1001804A
1777181456.988,793876,2,6,GNSS,1,CDH,4,TELEMETRY,2,TELEMETRY_0x02,0,0,0,0,0,0,0x08018044
1777181461.968,798855,4,6,GNSS,255,BROADCAST,0,HEARTBEAT,48,HEARTBEAT,0,0,0,0,0,0,0x1001BFC0
1777181461.971,798856,4,6,GNSS,1,CDH,10,HEALTH,1,HEALTH_0x01,0,0,0,0,1,1,0x1001804A
1777181461.971,798857,2,6,GNSS,1,CDH,4,TELEMETRY,2,TELEMETRY_0x02,0,0,0,0,0,0,0x08018044
1777181466.974,803836,4,6,GNSS,255,BROADCAST,0,HEARTBEAT,48,HEARTBEAT,0,0,0,0,0,0,0x1001BFC0
1777181466.974,803837,4,6,GNSS,1,CDH,10,HEALTH,1,HEALTH_0x01,0,0,0,0,1,1,0x1001804A
1777181466.974,803838,2,6,GNSS,1,CDH,4,TELEMETRY,2,TELEMETRY_0x02,0,0,0,0,0,0,0x08018044
1777181471.931,808817,4,6,GNSS,255,BROADCAST,0,HEARTBEAT,48,HEARTBEAT,0,0,0,0,0,0,0x1001BFC0
1777181471.932,808818,4,6,GNSS,1,CDH,10,HEALTH,1,HEALTH_0x01,0,0,0,0,1,1,0x1001804A
1777181471.932,808820,2,6,GNSS,1,CDH,4,TELEMETRY,2,TELEMETRY_0x02,0,0,0,0,0,0,0x08018044
1777181479.482,816370,4,6,GNSS,255,BROADCAST,0,HEARTBEAT,48,HEARTBEAT,0,0,0,0,0,0,0x1001BFC0
1777181480.484,817367,4,6,GNSS,255,BROADCAST,0,HEARTBEAT,48,HEARTBEAT,0,0,0,0,0,0,0x1001BFC0
1777181481.514,818365,4,6,GNSS,255,BROADCAST,0,HEARTBEAT,48,HEARTBEAT,0,0,0,0,0,0,0x1001BFC0
1777181482.475,819362,4,6,GNSS,255,BROADCAST,0,HEARTBEAT,48,HEARTBEAT,0,0,0,0,0,0,0x1001BFC0
1777181483.472,820359,4,6,GNSS,255,BROADCAST,0,HEARTBEAT,48,HEARTBEAT,0,0,0,0,0,0,0x1001BFC0
1777181483.473,820360,4,6,GNSS,1,CDH,10,HEALTH,1,HEALTH_0x01,0,0,0,0,1,1,0x1001804A
1777181483.474,820361,2,6,GNSS,1,CDH,4,TELEMETRY,2,TELEMETRY_0x02,0,0,0,0,0,0,0x08018044
1777181484.474,821358,4,6,GNSS,255,BROADCAST,0,HEARTBEAT,48,HEARTBEAT,0,0,0,0,0,0,0x1001BFC0
1777181485.509,822355,4,6,GNSS,255,BROADCAST,0,HEARTBEAT,48,HEARTBEAT,0,0,0,0,0,0,0x1001BFC0
1777181486.465,823352,4,6,GNSS,255,BROADCAST,0,HEARTBEAT,48,HEARTBEAT,0,0,0,0,0,0,0x1001BFC0
1777181487.462,824350,4,6,GNSS,255,BROADCAST,0,HEARTBEAT,48,HEARTBEAT,0,0,0,0,0,0,0x1001BFC0
1777181488.473,825347,4,6,GNSS,255,BROADCAST,0,HEARTBEAT,48,HEARTBEAT,0,0,0,0,0,0,0x1001BFC0
1777181488.473,825348,4,6,GNSS,1,CDH,10,HEALTH,1,HEALTH_0x01,0,0,0,0,1,1,0x1001804A
1777181488.473,825349,2,6,GNSS,1,CDH,4,TELEMETRY,2,TELEMETRY_0x02,0,0,0,0,0,0,0x08018044
1777181489.459,826345,4,6,GNSS,255,BROADCAST,0,HEARTBEAT,48,HEARTBEAT,0,0,0,0,0,0,0x1001BFC0
1777181490.456,827343,4,6,GNSS,255,BROADCAST,0,HEARTBEAT,48,HEARTBEAT,0,0,0,0,0,0,0x1001BFC0
1777181491.453,828340,4,6,GNSS,255,BROADCAST,0,HEARTBEAT,48,HEARTBEAT,0,0,0,0,0,0,0x1001BFC0
1777181492.468,829337,4,6,GNSS,255,BROADCAST,0,HEARTBEAT,48,HEARTBEAT,0,0,0,0,0,0,0x1001BFC0
1777181493.447,830335,4,6,GNSS,255,BROADCAST,0,HEARTBEAT,48,HEARTBEAT,0,0,0,0,0,0,0x1001BFC0
1777181493.448,830336,4,6,GNSS,1,CDH,10,HEALTH,1,HEALTH_0x01,0,0,0,0,1,1,0x1001804A
1777181493.450,830337,2,6,GNSS,1,CDH,4,TELEMETRY,2,TELEMETRY_0x02,0,0,0,0,0,0,0x08018044
1777181494.446,831333,4,6,GNSS,255,BROADCAST,0,HEARTBEAT,48,HEARTBEAT,0,0,0,0,0,0,0x1001BFC0
1777181495.443,832330,4,6,GNSS,255,BROADCAST,0,HEARTBEAT,48,HEARTBEAT,0,0,0,0,0,0,0x1001BFC0
1777181496.465,833328,4,6,GNSS,255,BROADCAST,0,HEARTBEAT,48,HEARTBEAT,0,0,0,0,0,0,0x1001BFC0
1777181497.438,834325,4,6,GNSS,255,BROADCAST,0,HEARTBEAT,48,HEARTBEAT,0,0,0,0,0,0,0x1001BFC0
1777181498.437,835322,4,6,GNSS,255,BROADCAST,0,HEARTBEAT,48,HEARTBEAT,0,0,0,0,0,0,0x1001BFC0
1777181498.437,835323,4,6,GNSS,1,CDH,10,HEALTH,1,HEALTH_0x01,0,0,0,0,1,1,0x1001804A
1777181498.437,835324,2,6,GNSS,1,CDH,4,TELEMETRY,2,TELEMETRY_0x02,0,0,0,0,0,0,0x08018044
1777181499.433,836321,4,6,GNSS,255,BROADCAST,0,HEARTBEAT,48,HEARTBEAT,0,0,0,0,0,0,0x1001BFC0
1777181500.459,837318,4,6,GNSS,255,BROADCAST,0,HEARTBEAT,48,HEARTBEAT,0,0,0,0,0,0,0x1001BFC0
1777181501.428,838315,4,6,GNSS,255,BROADCAST,0,HEARTBEAT,48,HEARTBEAT,0,0,0,0,0,0,0x1001BFC0
1777181502.425,839313,4,6,GNSS,255,BROADCAST,0,HEARTBEAT,48,HEARTBEAT,0,0,0,0,0,0,0x1001BFC0
1777181503.428,840310,4,6,GNSS,255,BROADCAST,0,HEARTBEAT,48,HEARTBEAT,0,0,0,0,0,0,0x1001BFC0
1777181503.428,840311,4,6,GNSS,1,CDH,10,HEALTH,1,HEALTH_0x01,0,0,0,0,1,1,0x1001804A
1777181503.428,840312,2,6,GNSS,1,CDH,4,TELEMETRY,2,TELEMETRY_0x02,0,0,0,0,0,0,0x08018044
1777181504.446,841308,4,6,GNSS,255,BROADCAST,0,HEARTBEAT,48,HEARTBEAT,0,0,0,0,0,0,0x1001BFC0
1777181505.418,842306,4,6,GNSS,255,BROADCAST,0,HEARTBEAT,48,HEARTBEAT,0,0,0,0,0,0,0x1001BFC0
1777181506.416,843303,4,6,GNSS,255,BROADCAST,0,HEARTBEAT,48,HEARTBEAT,0,0,0,0,0,0,0x1001BFC0
1777181507.421,844301,4,6,GNSS,255,BROADCAST,0,HEARTBEAT,48,HEARTBEAT,0,0,0,0,0,0,0x1001BFC0
1777181508.442,845298,4,6,GNSS,255,BROADCAST,0,HEARTBEAT,48,HEARTBEAT,0,0,0,0,0,0,0x1001BFC0
1777181508.442,845299,4,6,GNSS,1,CDH,10,HEALTH,1,HEALTH_0x01,0,0,0,0,1,1,0x1001804A
1777181508.442,845300,2,6,GNSS,1,CDH,4,TELEMETRY,2,TELEMETRY_0x02,0,0,0,0,0,0,0x08018044
1777181509.409,846296,4,6,GNSS,255,BROADCAST,0,HEARTBEAT,48,HEARTBEAT,0,0,0,0,0,0,0x1001BFC0
1777181510.406,847294,4,6,GNSS,255,BROADCAST,0,HEARTBEAT,48,HEARTBEAT,0,0,0,0,0,0,0x1001BFC0
1777181511.405,848291,4,6,GNSS,255,BROADCAST,0,HEARTBEAT,48,HEARTBEAT,0,0,0,0,0,0,0x1001BFC0
1777181512.436,849289,4,6,GNSS,255,BROADCAST,0,HEARTBEAT,48,HEARTBEAT,0,0,0,0,0,0,0x1001BFC0
1777181513.399,850286,4,6,GNSS,255,BROADCAST,0,HEARTBEAT,48,HEARTBEAT,0,0,0,0,0,0,0x1001BFC0
1777181513.400,850287,4,6,GNSS,1,CDH,10,HEALTH,1,HEALTH_0x01,0,0,0,0,1,1,0x1001804A
1777181513.401,850288,2,6,GNSS,1,CDH,4,TELEMETRY,2,TELEMETRY_0x02,0,0,0,0,0,0,0x08018044
1777181514.398,851284,4,6,GNSS,255,BROADCAST,0,HEARTBEAT,48,HEARTBEAT,0,0,0,0,0,0,0x1001BFC0
1777181515.406,852282,4,6,GNSS,255,BROADCAST,0,HEARTBEAT,48,HEARTBEAT,0,0,0,0,0,0,0x1001BFC0
1777181516.433,853279,4,6,GNSS,255,BROADCAST,0,HEARTBEAT,48,HEARTBEAT,0,0,0,0,0,0,0x1001BFC0
1777181517.389,854276,4,6,GNSS,255,BROADCAST,0,HEARTBEAT,48,HEARTBEAT,0,0,0,0,0,0,0x1001BFC0
1777181518.387,855274,4,6,GNSS,255,BROADCAST,0,HEARTBEAT,48,HEARTBEAT,0,0,0,0,0,0,0x1001BFC0
1777181518.388,855275,4,6,GNSS,1,CDH,10,HEALTH,1,HEALTH_0x01,0,0,0,0,1,1,0x1001804A
1777181518.389,855276,2,6,GNSS,1,CDH,4,TELEMETRY,2,TELEMETRY_0x02,0,0,0,0,0,0,0x08018044
1777181519.403,856272,4,6,GNSS,255,BROADCAST,0,HEARTBEAT,48,HEARTBEAT,0,0,0,0,0,0,0x1001BFC0
1777181520.383,857270,4,6,GNSS,255,BROADCAST,0,HEARTBEAT,48,HEARTBEAT,0,0,0,0,0,0,0x1001BFC0
1777181521.380,858267,4,6,GNSS,255,BROADCAST,0,HEARTBEAT,48,HEARTBEAT,0,0,0,0,0,0,0x1001BFC0
1777181522.379,859264,4,6,GNSS,255,BROADCAST,0,HEARTBEAT,48,HEARTBEAT,0,0,0,0,0,0,0x1001BFC0
1777181523.395,860262,4,6,GNSS,255,BROADCAST,0,HEARTBEAT,48,HEARTBEAT,0,0,0,0,0,0,0x1001BFC0
1777181523.395,860263,4,6,GNSS,1,CDH,10,HEALTH,1,HEALTH_0x01,0,0,0,0,1,1,0x1001804A
1777181523.395,860264,2,6,GNSS,1,CDH,4,TELEMETRY,2,TELEMETRY_0x02,0,0,0,0,0,0,0x08018044
1777181524.373,861260,4,6,GNSS,255,BROADCAST,0,HEARTBEAT,48,HEARTBEAT,0,0,0,0,0,0,0x1001BFC0
1777181525.371,862257,4,6,GNSS,255,BROADCAST,0,HEARTBEAT,48,HEARTBEAT,0,0,0,0,0,0,0x1001BFC0
1777181526.367,863255,4,6,GNSS,255,BROADCAST,0,HEARTBEAT,48,HEARTBEAT,0,0,0,0,0,0,0x1001BFC0
1777181527.393,864252,4,6,GNSS,255,BROADCAST,0,HEARTBEAT,48,HEARTBEAT,0,0,0,0,0,0,0x1001BFC0
1777181528.362,865249,4,6,GNSS,255,BROADCAST,0,HEARTBEAT,48,HEARTBEAT,0,0,0,0,0,0,0x1001BFC0
1777181528.363,865250,4,6,GNSS,1,CDH,10,HEALTH,1,HEALTH_0x01,0,0,0,0,1,1,0x1001804A
1777181528.365,865252,2,6,GNSS,1,CDH,4,TELEMETRY,2,TELEMETRY_0x02,0,0,0,0,0,0,0x08018044
1777181529.361,866248,4,6,GNSS,255,BROADCAST,0,HEARTBEAT,48,HEARTBEAT,0,0,0,0,0,0,0x1001BFC0
1777181530.359,867245,4,6,GNSS,255,BROADCAST,0,HEARTBEAT,48,HEARTBEAT,0,0,0,0,0,0,0x1001BFC0
1777181531.379,868242,4,6,GNSS,255,BROADCAST,0,HEARTBEAT,48,HEARTBEAT,0,0,0,0,0,0,0x1001BFC0
1777181532.353,869240,4,6,GNSS,255,BROADCAST,0,HEARTBEAT,48,HEARTBEAT,0,0,0,0,0,0,0x1001BFC0
1777181533.350,870237,4,6,GNSS,255,BROADCAST,0,HEARTBEAT,48,HEARTBEAT,0,0,0,0,0,0,0x1001BFC0
1777181533.351,870238,4,6,GNSS,1,CDH,10,HEALTH,1,HEALTH_0x01,0,0,0,0,1,1,0x1001804A
1777181533.352,870239,2,6,GNSS,1,CDH,4,TELEMETRY,2,TELEMETRY_0x02,0,0,0,0,0,0,0x08018044
1777181534.349,871235,4,6,GNSS,255,BROADCAST,0,HEARTBEAT,48,HEARTBEAT,0,0,0,0,0,0,0x1001BFC0
1777181535.370,872233,4,6,GNSS,255,BROADCAST,0,HEARTBEAT,48,HEARTBEAT,0,0,0,0,0,0,0x1001BFC0
1777181536.343,873230,4,6,GNSS,255,BROADCAST,0,HEARTBEAT,48,HEARTBEAT,0,0,0,0,0,0,0x1001BFC0
1777181537.341,874227,4,6,GNSS,255,BROADCAST,0,HEARTBEAT,48,HEARTBEAT,0,0,0,0,0,0,0x1001BFC0
1777181538.346,875225,4,6,GNSS,255,BROADCAST,0,HEARTBEAT,48,HEARTBEAT,0,0,0,0,0,0,0x1001BFC0
1777181538.346,875226,4,6,GNSS,1,CDH,10,HEALTH,1,HEALTH_0x01,0,0,0,0,1,1,0x1001804A
1777181538.346,875227,2,6,GNSS,1,CDH,4,TELEMETRY,2,TELEMETRY_0x02,0,0,0,0,0,0,0x08018044
1777181539.360,876223,4,6,GNSS,255,BROADCAST,0,HEARTBEAT,48,HEARTBEAT,0,0,0,0,0,0,0x1001BFC0
1777181540.335,877221,4,6,GNSS,255,BROADCAST,0,HEARTBEAT,48,HEARTBEAT,0,0,0,0,0,0,0x1001BFC0
1777181541.332,878218,4,6,GNSS,255,BROADCAST,0,HEARTBEAT,48,HEARTBEAT,0,0,0,0,0,0,0x1001BFC0
1777181542.341,879215,4,6,GNSS,255,BROADCAST,0,HEARTBEAT,48,HEARTBEAT,0,0,0,0,0,0,0x1001BFC0
1777181543.354,880213,4,6,GNSS,255,BROADCAST,0,HEARTBEAT,48,HEARTBEAT,0,0,0,0,0,0,0x1001BFC0
1777181543.354,880214,4,6,GNSS,1,CDH,10,HEALTH,1,HEALTH_0x01,0,0,0,0,1,1,0x1001804A
1777181543.354,880215,2,6,GNSS,1,CDH,4,TELEMETRY,2,TELEMETRY_0x02,0,0,0,0,0,0,0x08018044
1777181544.325,881211,4,6,GNSS,255,BROADCAST,0,HEARTBEAT,48,HEARTBEAT,0,0,0,0,0,0,0x1001BFC0
1777181545.321,882208,4,6,GNSS,255,BROADCAST,0,HEARTBEAT,48,HEARTBEAT,0,0,0,0,0,0,0x1001BFC0
1777181546.321,883205,4,6,GNSS,255,BROADCAST,0,HEARTBEAT,48,HEARTBEAT,0,0,0,0,0,0,0x1001BFC0
1777181547.317,884203,4,6,GNSS,255,BROADCAST,0,HEARTBEAT,48,HEARTBEAT,0,0,0,0,0,0,0x1001BFC0
1777181548.315,885200,4,6,GNSS,255,BROADCAST,0,HEARTBEAT,48,HEARTBEAT,0,0,0,0,0,0,0x1001BFC0
1777181548.315,885201,4,6,GNSS,1,CDH,10,HEALTH,1,HEALTH_0x01,0,0,0,0,1,1,0x1001804A
1777181548.315,885202,2,6,GNSS,1,CDH,4,TELEMETRY,2,TELEMETRY_0x02,0,0,0,0,0,0,0x08018044
1777181549.312,886198,4,6,GNSS,255,BROADCAST,0,HEARTBEAT,48,HEARTBEAT,0,0,0,0,0,0,0x1001BFC0
1777181550.320,887196,4,6,GNSS,255,BROADCAST,0,HEARTBEAT,48,HEARTBEAT,0,0,0,0,0,0,0x1001BFC0
1777181551.307,888193,4,6,GNSS,255,BROADCAST,0,HEARTBEAT,48,HEARTBEAT,0,0,0,0,0,0,0x1001BFC0
1777181552.304,889190,4,6,GNSS,255,BROADCAST,0,HEARTBEAT,48,HEARTBEAT,0,0,0,0,0,0,0x1001BFC0
1777181553.307,890188,4,6,GNSS,255,BROADCAST,0,HEARTBEAT,48,HEARTBEAT,0,0,0,0,0,0,0x1001BFC0
1777181553.308,890189,4,6,GNSS,1,CDH,10,HEALTH,1,HEALTH_0x01,0,0,0,0,1,1,0x1001804A
1777181553.308,890190,2,6,GNSS,1,CDH,4,TELEMETRY,2,TELEMETRY_0x02,0,0,0,0,0,0,0x08018044
1777181554.314,891186,4,6,GNSS,255,BROADCAST,0,HEARTBEAT,48,HEARTBEAT,0,0,0,0,0,0,0x1001BFC0
1777181555.297,892184,4,6,GNSS,255,BROADCAST,0,HEARTBEAT,48,HEARTBEAT,0,0,0,0,0,0,0x1001BFC0
1777181556.294,893181,4,6,GNSS,255,BROADCAST,0,HEARTBEAT,48,HEARTBEAT,0,0,0,0,0,0,0x1001BFC0
1777181557.292,894178,4,6,GNSS,255,BROADCAST,0,HEARTBEAT,48,HEARTBEAT,0,0,0,0,0,0,0x1001BFC0
1777181558.307,895176,4,6,GNSS,255,BROADCAST,0,HEARTBEAT,48,HEARTBEAT,0,0,0,0,0,0,0x1001BFC0
1777181558.307,895177,4,6,GNSS,1,CDH,10,HEALTH,1,HEALTH_0x01,0,0,0,0,1,1,0x1001804A
1777181558.307,895178,2,6,GNSS,1,CDH,4,TELEMETRY,2,TELEMETRY_0x02,0,0,0,0,0,0,0x08018044
1777181559.287,896174,4,6,GNSS,255,BROADCAST,0,HEARTBEAT,48,HEARTBEAT,0,0,0,0,0,0,0x1001BFC0
1777181560.285,897171,4,6,GNSS,255,BROADCAST,0,HEARTBEAT,48,HEARTBEAT,0,0,0,0,0,0,0x1001BFC0
1777181561.284,898169,4,6,GNSS,255,BROADCAST,0,HEARTBEAT,48,HEARTBEAT,0,0,0,0,0,0,0x1001BFC0
1777181562.306,899166,4,6,GNSS,255,BROADCAST,0,HEARTBEAT,48,HEARTBEAT,0,0,0,0,0,0,0x1001BFC0
1777181563.277,900163,4,6,GNSS,255,BROADCAST,0,HEARTBEAT,48,HEARTBEAT,0,0,0,0,0,0,0x1001BFC0
1777181563.278,900164,4,6,GNSS,1,CDH,10,HEALTH,1,HEALTH_0x01,0,0,0,0,1,1,0x1001804A
1777181563.279,900165,2,6,GNSS,1,CDH,4,TELEMETRY,2,TELEMETRY_0x02,0,0,0,0,0,0,0x08018044
1777181564.275,901162,4,6,GNSS,255,BROADCAST,0,HEARTBEAT,48,HEARTBEAT,0,0,0,0,0,0,0x1001BFC0
1777181565.280,902159,4,6,GNSS,255,BROADCAST,0,HEARTBEAT,48,HEARTBEAT,0,0,0,0,0,0,0x1001BFC0
1777181566.291,903156,4,6,GNSS,255,BROADCAST,0,HEARTBEAT,48,HEARTBEAT,0,0,0,0,0,0,0x1001BFC0
1777181567.267,904154,4,6,GNSS,255,BROADCAST,0,HEARTBEAT,48,HEARTBEAT,0,0,0,0,0,0,0x1001BFC0
1777181568.265,905151,4,6,GNSS,255,BROADCAST,0,HEARTBEAT,48,HEARTBEAT,0,0,0,0,0,0,0x1001BFC0
1777181568.266,905152,4,6,GNSS,1,CDH,10,HEALTH,1,HEALTH_0x01,0,0,0,0,1,1,0x1001804A
1777181568.267,905153,2,6,GNSS,1,CDH,4,TELEMETRY,2,TELEMETRY_0x02,0,0,0,0,0,0,0x08018044
1777181569.269,906149,4,6,GNSS,255,BROADCAST,0,HEARTBEAT,48,HEARTBEAT,0,0,0,0,0,0,0x1001BFC0
1777181570.284,907147,4,6,GNSS,255,BROADCAST,0,HEARTBEAT,48,HEARTBEAT,0,0,0,0,0,0,0x1001BFC0
1777181571.257,908144,4,6,GNSS,255,BROADCAST,0,HEARTBEAT,48,HEARTBEAT,0,0,0,0,0,0,0x1001BFC0
1777181572.255,909141,4,6,GNSS,255,BROADCAST,0,HEARTBEAT,48,HEARTBEAT,0,0,0,0,0,0,0x1001BFC0
1777181573.260,910138,4,6,GNSS,255,BROADCAST,0,HEARTBEAT,48,HEARTBEAT,0,0,0,0,0,0,0x1001BFC0
1777181573.260,910140,4,6,GNSS,1,CDH,10,HEALTH,1,HEALTH_0x01,0,0,0,0,1,1,0x1001804A
1777181573.260,910141,2,6,GNSS,1,CDH,4,TELEMETRY,2,TELEMETRY_0x02,0,0,0,0,0,0,0x08018044
1777181574.292,911137,4,6,GNSS,255,BROADCAST,0,HEARTBEAT,48,HEARTBEAT,0,0,0,0,0,0,0x1001BFC0
1777181575.248,912135,4,6,GNSS,255,BROADCAST,0,HEARTBEAT,48,HEARTBEAT,0,0,0,0,0,0,0x1001BFC0
1777181576.245,913131,4,6,GNSS,255,BROADCAST,0,HEARTBEAT,48,HEARTBEAT,0,0,0,0,0,0,0x1001BFC0
1777181577.250,914128,4,6,GNSS,255,BROADCAST,0,HEARTBEAT,48,HEARTBEAT,0,0,0,0,0,0,0x1001BFC0
1777181578.240,915126,4,6,GNSS,255,BROADCAST,0,HEARTBEAT,48,HEARTBEAT,0,0,0,0,0,0,0x1001BFC0
1777181578.241,915127,4,6,GNSS,1,CDH,10,HEALTH,1,HEALTH_0x01,0,0,0,0,1,1,0x1001804A
1777181578.241,915128,2,6,GNSS,1,CDH,4,TELEMETRY,2,TELEMETRY_0x02,0,0,0,0,0,0,0x08018044
1777181579.238,916124,4,6,GNSS,255,BROADCAST,0,HEARTBEAT,48,HEARTBEAT,0,0,0,0,0,0,0x1001BFC0
1777181580.235,917121,4,6,GNSS,255,BROADCAST,0,HEARTBEAT,48,HEARTBEAT,0,0,0,0,0,0,0x1001BFC0
1777181581.255,918118,4,6,GNSS,255,BROADCAST,0,HEARTBEAT,48,HEARTBEAT,0,0,0,0,0,0,0x1001BFC0
1777181582.229,919116,4,6,GNSS,255,BROADCAST,0,HEARTBEAT,48,HEARTBEAT,0,0,0,0,0,0,0x1001BFC0
1777181583.229,920113,4,6,GNSS,255,BROADCAST,0,HEARTBEAT,48,HEARTBEAT,0,0,0,0,0,0,0x1001BFC0
1777181583.229,920114,4,6,GNSS,1,CDH,10,HEALTH,1,HEALTH_0x01,0,0,0,0,1,1,0x1001804A
1777181583.229,920115,2,6,GNSS,1,CDH,4,TELEMETRY,2,TELEMETRY_0x02,0,0,0,0,0,0,0x08018044
1777181584.225,921111,4,6,GNSS,255,BROADCAST,0,HEARTBEAT,48,HEARTBEAT,0,0,0,0,0,0,0x1001BFC0
1777181585.246,922108,4,6,GNSS,255,BROADCAST,0,HEARTBEAT,48,HEARTBEAT,0,0,0,0,0,0,0x1001BFC0
1777181586.220,923106,4,6,GNSS,255,BROADCAST,0,HEARTBEAT,48,HEARTBEAT,0,0,0,0,0,0,0x1001BFC0
1777181587.217,924103,4,6,GNSS,255,BROADCAST,0,HEARTBEAT,48,HEARTBEAT,0,0,0,0,0,0,0x1001BFC0
1777181588.216,925100,4,6,GNSS,255,BROADCAST,0,HEARTBEAT,48,HEARTBEAT,0,0,0,0,0,0,0x1001BFC0
1777181588.216,925101,4,6,GNSS,1,CDH,10,HEALTH,1,HEALTH_0x01,0,0,0,0,1,1,0x1001804A
1777181588.216,925103,2,6,GNSS,1,CDH,4,TELEMETRY,2,TELEMETRY_0x02,0,0,0,0,0,0,0x08018044
1777181589.230,926099,4,6,GNSS,255,BROADCAST,0,HEARTBEAT,48,HEARTBEAT,0,0,0,0,0,0,0x1001BFC0
1777181590.210,927096,4,6,GNSS,255,BROADCAST,0,HEARTBEAT,48,HEARTBEAT,0,0,0,0,0,0,0x1001BFC0
1777181591.207,928093,4,6,GNSS,255,BROADCAST,0,HEARTBEAT,48,HEARTBEAT,0,0,0,0,0,0,0x1001BFC0
1777181592.223,929090,4,6,GNSS,255,BROADCAST,0,HEARTBEAT,48,HEARTBEAT,0,0,0,0,0,0,0x1001BFC0
1777181593.234,930088,4,6,GNSS,255,BROADCAST,0,HEARTBEAT,48,HEARTBEAT,0,0,0,0,0,0,0x1001BFC0
1777181593.234,930089,4,6,GNSS,1,CDH,10,HEALTH,1,HEALTH_0x01,0,0,0,0,1,1,0x1001804A
1777181593.234,930090,2,6,GNSS,1,CDH,4,TELEMETRY,2,TELEMETRY_0x02,0,0,0,0,0,0,0x08018044
1777181594.199,931086,4,6,GNSS,255,BROADCAST,0,HEARTBEAT,48,HEARTBEAT,0,0,0,0,0,0,0x1001BFC0
1777181595.197,932083,4,6,GNSS,255,BROADCAST,0,HEARTBEAT,48,HEARTBEAT,0,0,0,0,0,0,0x1001BFC0
1777181596.199,933080,4,6,GNSS,255,BROADCAST,0,HEARTBEAT,48,HEARTBEAT,0,0,0,0,0,0,0x1001BFC0
1777181597.220,934078,4,6,GNSS,255,BROADCAST,0,HEARTBEAT,48,HEARTBEAT,0,0,0,0,0,0,0x1001BFC0
1777181598.190,935075,4,6,GNSS,255,BROADCAST,0,HEARTBEAT,48,HEARTBEAT,0,0,0,0,0,0,0x1001BFC0
1777181598.190,935076,4,6,GNSS,1,CDH,10,HEALTH,1,HEALTH_0x01,0,0,0,0,1,1,0x1001804A
1777181598.191,935077,2,6,GNSS,1,CDH,4,TELEMETRY,2,TELEMETRY_0x02,0,0,0,0,0,0,0x08018044
1777181599.187,936073,4,6,GNSS,255,BROADCAST,0,HEARTBEAT,48,HEARTBEAT,0,0,0,0,0,0,0x1001BFC0
1777181600.188,937070,4,6,GNSS,255,BROADCAST,0,HEARTBEAT,48,HEARTBEAT,0,0,0,0,0,0,0x1001BFC0
1777181601.209,938068,4,6,GNSS,255,BROADCAST,0,HEARTBEAT,48,HEARTBEAT,0,0,0,0,0,0,0x1001BFC0
1777181602.178,939065,4,6,GNSS,255,BROADCAST,0,HEARTBEAT,48,HEARTBEAT,0,0,0,0,0,0,0x1001BFC0
1777181603.179,940062,4,6,GNSS,255,BROADCAST,0,HEARTBEAT,48,HEARTBEAT,0,0,0,0,0,0,0x1001BFC0
1777181603.179,940063,4,6,GNSS,1,CDH,10,HEALTH,1,HEALTH_0x01,0,0,0,0,1,1,0x1001804A
1777181603.179,940064,2,6,GNSS,1,CDH,4,TELEMETRY,2,TELEMETRY_0x02,0,0,0,0,0,0,0x08018044
1777181604.190,941060,4,6,GNSS,255,BROADCAST,0,HEARTBEAT,48,HEARTBEAT,0,0,0,0,0,0,0x1001BFC0
1777181605.172,942058,4,6,GNSS,255,BROADCAST,0,HEARTBEAT,48,HEARTBEAT,0,0,0,0,0,0,0x1001BFC0
1777181606.169,943055,4,6,GNSS,255,BROADCAST,0,HEARTBEAT,48,HEARTBEAT,0,0,0,0,0,0,0x1001BFC0
1777181607.172,944052,4,6,GNSS,255,BROADCAST,0,HEARTBEAT,48,HEARTBEAT,0,0,0,0,0,0,0x1001BFC0
1777181608.187,945049,4,6,GNSS,255,BROADCAST,0,HEARTBEAT,48,HEARTBEAT,0,0,0,0,0,0,0x1001BFC0
1777181608.187,945050,4,6,GNSS,1,CDH,10,HEALTH,1,HEALTH_0x01,0,0,0,0,1,1,0x1001804A
1777181608.187,945052,2,6,GNSS,1,CDH,4,TELEMETRY,2,TELEMETRY_0x02,0,0,0,0,0,0,0x08018044
1777181609.162,946048,4,6,GNSS,255,BROADCAST,0,HEARTBEAT,48,HEARTBEAT,0,0,0,0,0,0,0x1001BFC0
1777181610.160,947045,4,6,GNSS,255,BROADCAST,0,HEARTBEAT,48,HEARTBEAT,0,0,0,0,0,0,0x1001BFC0
1777181611.156,948042,4,6,GNSS,255,BROADCAST,0,HEARTBEAT,48,HEARTBEAT,0,0,0,0,0,0,0x1001BFC0
1777181612.180,949040,4,6,GNSS,255,BROADCAST,0,HEARTBEAT,48,HEARTBEAT,0,0,0,0,0,0,0x1001BFC0
1777181613.151,950037,4,6,GNSS,255,BROADCAST,0,HEARTBEAT,48,HEARTBEAT,0,0,0,0,0,0,0x1001BFC0
1777181613.152,950038,4,6,GNSS,1,CDH,10,HEALTH,1,HEALTH_0x01,0,0,0,0,1,1,0x1001804A
1777181613.153,950039,2,6,GNSS,1,CDH,4,TELEMETRY,2,TELEMETRY_0x02,0,0,0,0,0,0,0x08018044
1777181614.151,951035,4,6,GNSS,255,BROADCAST,0,HEARTBEAT,48,HEARTBEAT,0,0,0,0,0,0,0x1001BFC0
1777181615.147,952032,4,6,GNSS,255,BROADCAST,0,HEARTBEAT,48,HEARTBEAT,0,0,0,0,0,0,0x1001BFC0
1777181616.173,953030,4,6,GNSS,255,BROADCAST,0,HEARTBEAT,48,HEARTBEAT,0,0,0,0,0,0,0x1001BFC0
1777181617.142,954027,4,6,GNSS,255,BROADCAST,0,HEARTBEAT,48,HEARTBEAT,0,0,0,0,0,0,0x1001BFC0
1777181618.139,955024,4,6,GNSS,255,BROADCAST,0,HEARTBEAT,48,HEARTBEAT,0,0,0,0,0,0,0x1001BFC0
1777181618.140,955025,4,6,GNSS,1,CDH,10,HEALTH,1,HEALTH_0x01,0,0,0,0,1,1,0x1001804A
1777181618.140,955027,2,6,GNSS,1,CDH,4,TELEMETRY,2,TELEMETRY_0x02,0,0,0,0,0,0,0x08018044
1777181619.137,956023,4,6,GNSS,255,BROADCAST,0,HEARTBEAT,48,HEARTBEAT,0,0,0,0,0,0,0x1001BFC0
1777181620.159,957020,4,6,GNSS,255,BROADCAST,0,HEARTBEAT,48,HEARTBEAT,0,0,0,0,0,0,0x1001BFC0
1777181621.132,958017,4,6,GNSS,255,BROADCAST,0,HEARTBEAT,48,HEARTBEAT,0,0,0,0,0,0,0x1001BFC0
1777181622.129,959015,4,6,GNSS,255,BROADCAST,0,HEARTBEAT,48,HEARTBEAT,0,0,0,0,0,0,0x1001BFC0
1777181623.137,960012,4,6,GNSS,255,BROADCAST,0,HEARTBEAT,48,HEARTBEAT,0,0,0,0,0,0,0x1001BFC0
1777181623.137,960013,4,6,GNSS,1,CDH,10,HEALTH,1,HEALTH_0x01,0,0,0,0,1,1,0x1001804A
1777181623.137,960014,2,6,GNSS,1,CDH,4,TELEMETRY,2,TELEMETRY_0x02,0,0,0,0,0,0,0x08018044
1777181624.153,961010,4,6,GNSS,255,BROADCAST,0,HEARTBEAT,48,HEARTBEAT,0,0,0,0,0,0,0x1001BFC0
1777181625.122,962008,4,6,GNSS,255,BROADCAST,0,HEARTBEAT,48,HEARTBEAT,0,0,0,0,0,0,0x1001BFC0
1777181626.120,963005,4,6,GNSS,255,BROADCAST,0,HEARTBEAT,48,HEARTBEAT,0,0,0,0,0,0,0x1001BFC0
1777181627.118,964002,4,6,GNSS,255,BROADCAST,0,HEARTBEAT,48,HEARTBEAT,0,0,0,0,0,0,0x1001BFC0
1777181628.153,965000,4,6,GNSS,255,BROADCAST,0,HEARTBEAT,48,HEARTBEAT,0,0,0,0,0,0,0x1001BFC0
1777181628.153,965001,4,6,GNSS,1,CDH,10,HEALTH,1,HEALTH_0x01,0,0,0,0,1,1,0x1001804A
1777181628.153,965002,2,6,GNSS,1,CDH,4,TELEMETRY,2,TELEMETRY_0x02,0,0,0,0,0,0,0x08018044
1777181629.112,965998,4,6,GNSS,255,BROADCAST,0,HEARTBEAT,48,HEARTBEAT,0,0,0,0,0,0,0x1001BFC0
1777181630.110,966995,4,6,GNSS,255,BROADCAST,0,HEARTBEAT,48,HEARTBEAT,0,0,0,0,0,0,0x1001BFC0
1777181631.124,967993,4,6,GNSS,255,BROADCAST,0,HEARTBEAT,48,HEARTBEAT,0,0,0,0,0,0,0x1001BFC0
1777181632.104,968990,4,6,GNSS,255,BROADCAST,0,HEARTBEAT,48,HEARTBEAT,0,0,0,0,0,0,0x1001BFC0
1777181633.102,969988,4,6,GNSS,255,BROADCAST,0,HEARTBEAT,48,HEARTBEAT,0,0,0,0,0,0,0x1001BFC0
1777181633.104,969989,4,6,GNSS,1,CDH,10,HEALTH,1,HEALTH_0x01,0,0,0,0,1,1,0x1001804A
1777181633.104,969990,2,6,GNSS,1,CDH,4,TELEMETRY,2,TELEMETRY_0x02,0,0,0,0,0,0,0x08018044
1777181634.101,970986,4,6,GNSS,255,BROADCAST,0,HEARTBEAT,48,HEARTBEAT,0,0,0,0,0,0,0x1001BFC0
1777181635.117,971984,4,6,GNSS,255,BROADCAST,0,HEARTBEAT,48,HEARTBEAT,0,0,0,0,0,0,0x1001BFC0
1777181636.095,972981,4,6,GNSS,255,BROADCAST,0,HEARTBEAT,48,HEARTBEAT,0,0,0,0,0,0,0x1001BFC0
1777181637.093,973978,4,6,GNSS,255,BROADCAST,0,HEARTBEAT,48,HEARTBEAT,0,0,0,0,0,0,0x1001BFC0
1777181638.090,974976,4,6,GNSS,255,BROADCAST,0,HEARTBEAT,48,HEARTBEAT,0,0,0,0,0,0,0x1001BFC0
1777181638.093,974977,4,6,GNSS,1,CDH,10,HEALTH,1,HEALTH_0x01,0,0,0,0,1,1,0x1001804A
1777181638.093,974978,2,6,GNSS,1,CDH,4,TELEMETRY,2,TELEMETRY_0x02,0,0,0,0,0,0,0x08018044
1777181639.112,975974,4,6,GNSS,255,BROADCAST,0,HEARTBEAT,48,HEARTBEAT,0,0,0,0,0,0,0x1001BFC0
1777181640.086,976971,4,6,GNSS,255,BROADCAST,0,HEARTBEAT,48,HEARTBEAT,0,0,0,0,0,0,0x1001BFC0
1777181641.083,977969,4,6,GNSS,255,BROADCAST,0,HEARTBEAT,48,HEARTBEAT,0,0,0,0,0,0,0x1001BFC0
1777181642.081,978966,4,6,GNSS,255,BROADCAST,0,HEARTBEAT,48,HEARTBEAT,0,0,0,0,0,0,0x1001BFC0
1777181643.101,979963,4,6,GNSS,255,BROADCAST,0,HEARTBEAT,48,HEARTBEAT,0,0,0,0,0,0,0x1001BFC0
1777181643.101,979965,4,6,GNSS,1,CDH,10,HEALTH,1,HEALTH_0x01,0,0,0,0,1,1,0x1001804A
1777181643.101,979966,2,6,GNSS,1,CDH,4,TELEMETRY,2,TELEMETRY_0x02,0,0,0,0,0,0,0x08018044
1777181644.077,980962,4,6,GNSS,255,BROADCAST,0,HEARTBEAT,48,HEARTBEAT,0,0,0,0,0,0,0x1001BFC0
1777181645.074,981959,4,6,GNSS,255,BROADCAST,0,HEARTBEAT,48,HEARTBEAT,0,0,0,0,0,0,0x1001BFC0
1777181646.071,982956,4,6,GNSS,255,BROADCAST,0,HEARTBEAT,48,HEARTBEAT,0,0,0,0,0,0,0x1001BFC0
1777181647.097,983954,4,6,GNSS,255,BROADCAST,0,HEARTBEAT,48,HEARTBEAT,0,0,0,0,0,0,0x1001BFC0
1777181648.066,984951,4,6,GNSS,255,BROADCAST,0,HEARTBEAT,48,HEARTBEAT,0,0,0,0,0,0,0x1001BFC0
1777181648.067,984952,4,6,GNSS,1,CDH,10,HEALTH,1,HEALTH_0x01,0,0,0,0,1,1,0x1001804A
1777181648.067,984953,2,6,GNSS,1,CDH,4,TELEMETRY,2,TELEMETRY_0x02,0,0,0,0,0,0,0x08018044
1777181649.064,985949,4,6,GNSS,255,BROADCAST,0,HEARTBEAT,48,HEARTBEAT,0,0,0,0,0,0,0x1001BFC0
1777181650.062,986947,4,6,GNSS,255,BROADCAST,0,HEARTBEAT,48,HEARTBEAT,0,0,0,0,0,0,0x1001BFC0
1777181651.084,987944,4,6,GNSS,255,BROADCAST,0,HEARTBEAT,48,HEARTBEAT,0,0,0,0,0,0,0x1001BFC0
1777181652.055,988941,4,6,GNSS,255,BROADCAST,0,HEARTBEAT,48,HEARTBEAT,0,0,0,0,0,0,0x1001BFC0
1777181653.055,989938,4,6,GNSS,255,BROADCAST,0,HEARTBEAT,48,HEARTBEAT,0,0,0,0,0,0,0x1001BFC0
1777181653.055,989939,4,6,GNSS,1,CDH,10,HEALTH,1,HEALTH_0x01,0,0,0,0,1,1,0x1001804A
1777181653.055,989941,2,6,GNSS,1,CDH,4,TELEMETRY,2,TELEMETRY_0x02,0,0,0,0,0,0,0x08018044
1777181654.058,990937,4,6,GNSS,255,BROADCAST,0,HEARTBEAT,48,HEARTBEAT,0,0,0,0,0,0,0x1001BFC0
1777181655.077,991934,4,6,GNSS,255,BROADCAST,0,HEARTBEAT,48,HEARTBEAT,0,0,0,0,0,0,0x1001BFC0
1777181656.046,992931,4,6,GNSS,255,BROADCAST,0,HEARTBEAT,48,HEARTBEAT,0,0,0,0,0,0,0x1001BFC0
1777181657.044,993929,4,6,GNSS,255,BROADCAST,0,HEARTBEAT,48,HEARTBEAT,0,0,0,0,0,0,0x1001BFC0
1777181658.043,994926,4,6,GNSS,255,BROADCAST,0,HEARTBEAT,48,HEARTBEAT,0,0,0,0,0,0,0x1001BFC0
1777181658.043,994927,4,6,GNSS,1,CDH,10,HEALTH,1,HEALTH_0x01,0,0,0,0,1,1,0x1001804A
1777181658.043,994928,2,6,GNSS,1,CDH,4,TELEMETRY,2,TELEMETRY_0x02,0,0,0,0,0,0,0x08018044
1777181659.039,995924,4,6,GNSS,255,BROADCAST,0,HEARTBEAT,48,HEARTBEAT,0,0,0,0,0,0,0x1001BFC0
1777181660.036,996921,4,6,GNSS,255,BROADCAST,0,HEARTBEAT,48,HEARTBEAT,0,0,0,0,0,0,0x1001BFC0
1777181661.034,997919,4,6,GNSS,255,BROADCAST,0,HEARTBEAT,48,HEARTBEAT,0,0,0,0,0,0,0x1001BFC0
1777181662.036,998916,4,6,GNSS,255,BROADCAST,0,HEARTBEAT,48,HEARTBEAT,0,0,0,0,0,0,0x1001BFC0
1777181663.029,999914,4,6,GNSS,255,BROADCAST,0,HEARTBEAT,48,HEARTBEAT,0,0,0,0,0,0,0x1001BFC0
1777181663.029,999915,4,6,GNSS,1,CDH,10,HEALTH,1,HEALTH_0x01,0,0,0,0,1,1,0x1001804A
1777181663.031,999917,2,6,GNSS,1,CDH,4,TELEMETRY,2,TELEMETRY_0x02,0,0,0,0,0,0,0x08018044
1777181664.027,1000912,4,6,GNSS,255,BROADCAST,0,HEARTBEAT,48,HEARTBEAT,0,0,0,0,0,0,0x1001BFC0
1777181665.025,1001909,4,6,GNSS,255,BROADCAST,0,HEARTBEAT,48,HEARTBEAT,0,0,0,0,0,0,0x1001BFC0
1777181666.034,1002907,4,6,GNSS,255,BROADCAST,0,HEARTBEAT,48,HEARTBEAT,0,0,0,0,0,0,0x1001BFC0
1777181667.019,1003904,4,6,GNSS,255,BROADCAST,0,HEARTBEAT,48,HEARTBEAT,0,0,0,0,0,0,0x1001BFC0
1777181668.018,1004901,4,6,GNSS,255,BROADCAST,0,HEARTBEAT,48,HEARTBEAT,0,0,0,0,0,0,0x1001BFC0
1777181668.018,1004902,4,6,GNSS,1,CDH,10,HEALTH,1,HEALTH_0x01,0,0,0,0,1,1,0x1001804A
1777181668.018,1004903,2,6,GNSS,1,CDH,4,TELEMETRY,2,TELEMETRY_0x02,0,0,0,0,0,0,0x08018044
1777181669.015,1005900,4,6,GNSS,255,BROADCAST,0,HEARTBEAT,48,HEARTBEAT,0,0,0,0,0,0,0x1001BFC0
1777181670.036,1006897,4,6,GNSS,255,BROADCAST,0,HEARTBEAT,48,HEARTBEAT,0,0,0,0,0,0,0x1001BFC0
1777181671.009,1007894,4,6,GNSS,255,BROADCAST,0,HEARTBEAT,48,HEARTBEAT,0,0,0,0,0,0,0x1001BFC0
1777181672.007,1008892,4,6,GNSS,255,BROADCAST,0,HEARTBEAT,48,HEARTBEAT,0,0,0,0,0,0,0x1001BFC0
1777181673.006,1009889,4,6,GNSS,255,BROADCAST,0,HEARTBEAT,48,HEARTBEAT,0,0,0,0,0,0,0x1001BFC0
1777181673.006,1009890,4,6,GNSS,1,CDH,10,HEALTH,1,HEALTH_0x01,0,0,0,0,1,1,0x1001804A
1777181673.006,1009891,2,6,GNSS,1,CDH,4,TELEMETRY,2,TELEMETRY_0x02,0,0,0,0,0,0,0x08018044
1777181674.028,1010887,4,6,GNSS,255,BROADCAST,0,HEARTBEAT,48,HEARTBEAT,0,0,0,0,0,0,0x1001BFC0
1777181675.000,1011885,4,6,GNSS,255,BROADCAST,0,HEARTBEAT,48,HEARTBEAT,0,0,0,0,0,0,0x1001BFC0
1777181675.997,1012882,4,6,GNSS,255,BROADCAST,0,HEARTBEAT,48,HEARTBEAT,0,0,0,0,0,0,0x1001BFC0
1777181676.995,1013880,4,6,GNSS,255,BROADCAST,0,HEARTBEAT,48,HEARTBEAT,0,0,0,0,0,0,0x1001BFC0
1777181678.019,1014877,4,6,GNSS,255,BROADCAST,0,HEARTBEAT,48,HEARTBEAT,0,0,0,0,0,0,0x1001BFC0
1777181678.019,1014878,4,6,GNSS,1,CDH,10,HEALTH,1,HEALTH_0x01,0,0,0,0,1,1,0x1001804A
1777181678.019,1014879,2,6,GNSS,1,CDH,4,TELEMETRY,2,TELEMETRY_0x02,0,0,0,0,0,0,0x08018044
1777181678.990,1015875,4,6,GNSS,255,BROADCAST,0,HEARTBEAT,48,HEARTBEAT,0,0,0,0,0,0,0x1001BFC0
1777181679.987,1016873,4,6,GNSS,255,BROADCAST,0,HEARTBEAT,48,HEARTBEAT,0,0,0,0,0,0,0x1001BFC0
1777181680.987,1017870,4,6,GNSS,255,BROADCAST,0,HEARTBEAT,48,HEARTBEAT,0,0,0,0,0,0,0x1001BFC0
1777181682.014,1018867,4,6,GNSS,255,BROADCAST,0,HEARTBEAT,48,HEARTBEAT,0,0,0,0,0,0,0x1001BFC0
1777181682.980,1019865,4,6,GNSS,255,BROADCAST,0,HEARTBEAT,48,HEARTBEAT,0,0,0,0,0,0,0x1001BFC0
1777181682.981,1019866,4,6,GNSS,1,CDH,10,HEALTH,1,HEALTH_0x01,0,0,0,0,1,1,0x1001804A
1777181682.982,1019867,2,6,GNSS,1,CDH,4,TELEMETRY,2,TELEMETRY_0x02,0,0,0,0,0,0,0x08018044
1777181683.978,1020863,4,6,GNSS,255,BROADCAST,0,HEARTBEAT,48,HEARTBEAT,0,0,0,0,0,0,0x1001BFC0
1777181684.986,1021860,4,6,GNSS,255,BROADCAST,0,HEARTBEAT,48,HEARTBEAT,0,0,0,0,0,0,0x1001BFC0
1777181686.006,1022857,4,6,GNSS,255,BROADCAST,0,HEARTBEAT,48,HEARTBEAT,0,0,0,0,0,0,0x1001BFC0
1777181686.970,1023855,4,6,GNSS,255,BROADCAST,0,HEARTBEAT,48,HEARTBEAT,0,0,0,0,0,0,0x1001BFC0
1777181687.968,1024852,4,6,GNSS,255,BROADCAST,0,HEARTBEAT,48,HEARTBEAT,0,0,0,0,0,0,0x1001BFC0
1777181687.968,1024853,4,6,GNSS,1,CDH,10,HEALTH,1,HEALTH_0x01,0,0,0,0,1,1,0x1001804A
1777181687.969,1024854,2,6,GNSS,1,CDH,4,TELEMETRY,2,TELEMETRY_0x02,0,0,0,0,0,0,0x08018044
1777181688.981,1025850,4,6,GNSS,255,BROADCAST,0,HEARTBEAT,48,HEARTBEAT,0,0,0,0,0,0,0x1001BFC0
1777181689.963,1026848,4,6,GNSS,255,BROADCAST,0,HEARTBEAT,48,HEARTBEAT,0,0,0,0,0,0,0x1001BFC0
1777181690.960,1027845,4,6,GNSS,255,BROADCAST,0,HEARTBEAT,48,HEARTBEAT,0,0,0,0,0,0,0x1001BFC0
1777181691.957,1028842,4,6,GNSS,255,BROADCAST,0,HEARTBEAT,48,HEARTBEAT,0,0,0,0,0,0,0x1001BFC0
1777181692.965,1029840,4,6,GNSS,255,BROADCAST,0,HEARTBEAT,48,HEARTBEAT,0,0,0,0,0,0,0x1001BFC0
1777181692.965,1029841,4,6,GNSS,1,CDH,10,HEALTH,1,HEALTH_0x01,0,0,0,0,1,1,0x1001804A
1777181692.965,1029842,2,6,GNSS,1,CDH,4,TELEMETRY,2,TELEMETRY_0x02,0,0,0,0,0,0,0x08018044
1777181693.953,1030838,4,6,GNSS,255,BROADCAST,0,HEARTBEAT,48,HEARTBEAT,0,0,0,0,0,0,0x1001BFC0
1777181694.950,1031835,4,6,GNSS,255,BROADCAST,0,HEARTBEAT,48,HEARTBEAT,0,0,0,0,0,0,0x1001BFC0
1777181695.947,1032832,4,6,GNSS,255,BROADCAST,0,HEARTBEAT,48,HEARTBEAT,0,0,0,0,0,0,0x1001BFC0
1777181696.965,1033830,4,6,GNSS,255,BROADCAST,0,HEARTBEAT,48,HEARTBEAT,0,0,0,0,0,0,0x1001BFC0
1777181697.943,1034827,4,6,GNSS,255,BROADCAST,0,HEARTBEAT,48,HEARTBEAT,0,0,0,0,0,0,0x1001BFC0
1777181697.943,1034828,4,6,GNSS,1,CDH,10,HEALTH,1,HEALTH_0x01,0,0,0,0,1,1,0x1001804A
1777181697.944,1034829,2,6,GNSS,1,CDH,4,TELEMETRY,2,TELEMETRY_0x02,0,0,0,0,0,0,0x08018044
1777181698.941,1035825,4,6,GNSS,255,BROADCAST,0,HEARTBEAT,48,HEARTBEAT,0,0,0,0,0,0,0x1001BFC0
1777181699.938,1036823,4,6,GNSS,255,BROADCAST,0,HEARTBEAT,48,HEARTBEAT,0,0,0,0,0,0,0x1001BFC0
1777181700.957,1037820,4,6,GNSS,255,BROADCAST,0,HEARTBEAT,48,HEARTBEAT,0,0,0,0,0,0,0x1001BFC0
1777181701.933,1038817,4,6,GNSS,255,BROADCAST,0,HEARTBEAT,48,HEARTBEAT,0,0,0,0,0,0,0x1001BFC0
1777181702.930,1039815,4,6,GNSS,255,BROADCAST,0,HEARTBEAT,48,HEARTBEAT,0,0,0,0,0,0,0x1001BFC0
1777181702.931,1039816,4,6,GNSS,1,CDH,10,HEALTH,1,HEALTH_0x01,0,0,0,0,1,1,0x1001804A
1777181702.933,1039817,2,6,GNSS,1,CDH,4,TELEMETRY,2,TELEMETRY_0x02,0,0,0,0,0,0,0x08018044
1777181703.929,1040813,4,6,GNSS,255,BROADCAST,0,HEARTBEAT,48,HEARTBEAT,0,0,0,0,0,0,0x1001BFC0
1777181704.956,1041810,4,6,GNSS,255,BROADCAST,0,HEARTBEAT,48,HEARTBEAT,0,0,0,0,0,0,0x1001BFC0
1777181705.923,1042808,4,6,GNSS,255,BROADCAST,0,HEARTBEAT,48,HEARTBEAT,0,0,0,0,0,0,0x1001BFC0
1777181706.921,1043805,4,6,GNSS,255,BROADCAST,0,HEARTBEAT,48,HEARTBEAT,0,0,0,0,0,0,0x1001BFC0
1777181707.926,1044802,4,6,GNSS,255,BROADCAST,0,HEARTBEAT,48,HEARTBEAT,0,0,0,0,0,0,0x1001BFC0
1777181707.927,1044803,4,6,GNSS,1,CDH,10,HEALTH,1,HEALTH_0x01,0,0,0,0,1,1,0x1001804A
1777181707.927,1044804,2,6,GNSS,1,CDH,4,TELEMETRY,2,TELEMETRY_0x02,0,0,0,0,0,0,0x08018044
1777181708.943,1045800,4,6,GNSS,255,BROADCAST,0,HEARTBEAT,48,HEARTBEAT,0,0,0,0,0,0,0x1001BFC0
1777181709.913,1046798,4,6,GNSS,255,BROADCAST,0,HEARTBEAT,48,HEARTBEAT,0,0,0,0,0,0,0x1001BFC0
1777181710.911,1047795,4,6,GNSS,255,BROADCAST,0,HEARTBEAT,48,HEARTBEAT,0,0,0,0,0,0,0x1001BFC0
1777181711.909,1048793,4,6,GNSS,255,BROADCAST,0,HEARTBEAT,48,HEARTBEAT,0,0,0,0,0,0,0x1001BFC0
1777181712.943,1049790,4,6,GNSS,255,BROADCAST,0,HEARTBEAT,48,HEARTBEAT,0,0,0,0,0,0,0x1001BFC0
1777181712.943,1049791,4,6,GNSS,1,CDH,10,HEALTH,1,HEALTH_0x01,0,0,0,0,1,1,0x1001804A
1777181712.943,1049792,2,6,GNSS,1,CDH,4,TELEMETRY,2,TELEMETRY_0x02,0,0,0,0,0,0,0x08018044
1777181713.906,1050788,4,6,GNSS,255,BROADCAST,0,HEARTBEAT,48,HEARTBEAT,0,0,0,0,0,0,0x1001BFC0
1777181714.901,1051786,4,6,GNSS,255,BROADCAST,0,HEARTBEAT,48,HEARTBEAT,0,0,0,0,0,0,0x1001BFC0
1777181715.922,1052783,4,6,GNSS,255,BROADCAST,0,HEARTBEAT,48,HEARTBEAT,0,0,0,0,0,0,0x1001BFC0
1777181716.895,1053780,4,6,GNSS,255,BROADCAST,0,HEARTBEAT,48,HEARTBEAT,0,0,0,0,0,0,0x1001BFC0
1777181717.893,1054777,4,6,GNSS,255,BROADCAST,0,HEARTBEAT,48,HEARTBEAT,0,0,0,0,0,0,0x1001BFC0
1777181717.894,1054778,4,6,GNSS,1,CDH,10,HEALTH,1,HEALTH_0x01,0,0,0,0,1,1,0x1001804A
1777181717.895,1054780,2,6,GNSS,1,CDH,4,TELEMETRY,2,TELEMETRY_0x02,0,0,0,0,0,0,0x08018044
1777181718.893,1055776,4,6,GNSS,255,BROADCAST,0,HEARTBEAT,48,HEARTBEAT,0,0,0,0,0,0,0x1001BFC0
1777181719.898,1056773,4,6,GNSS,255,BROADCAST,0,HEARTBEAT,48,HEARTBEAT,0,0,0,0,0,0,0x1001BFC0
1777181720.886,1057770,4,6,GNSS,255,BROADCAST,0,HEARTBEAT,48,HEARTBEAT,0,0,0,0,0,0,0x1001BFC0
1777181721.883,1058768,4,6,GNSS,255,BROADCAST,0,HEARTBEAT,48,HEARTBEAT,0,0,0,0,0,0,0x1001BFC0
1777181722.883,1059765,4,6,GNSS,255,BROADCAST,0,HEARTBEAT,48,HEARTBEAT,0,0,0,0,0,0,0x1001BFC0
1777181722.883,1059766,4,6,GNSS,1,CDH,10,HEALTH,1,HEALTH_0x01,0,0,0,0,1,1,0x1001804A
1777181722.883,1059767,2,6,GNSS,1,CDH,4,TELEMETRY,2,TELEMETRY_0x02,0,0,0,0,0,0,0x08018044
1777181723.902,1060763,4,6,GNSS,255,BROADCAST,0,HEARTBEAT,48,HEARTBEAT,0,0,0,0,0,0,0x1001BFC0
1777181724.876,1061760,4,6,GNSS,255,BROADCAST,0,HEARTBEAT,48,HEARTBEAT,0,0,0,0,0,0,0x1001BFC0
1777181725.873,1062758,4,6,GNSS,255,BROADCAST,0,HEARTBEAT,48,HEARTBEAT,0,0,0,0,0,0,0x1001BFC0
1777181726.871,1063755,4,6,GNSS,255,BROADCAST,0,HEARTBEAT,48,HEARTBEAT,0,0,0,0,0,0,0x1001BFC0
1777181727.893,1064752,4,6,GNSS,255,BROADCAST,0,HEARTBEAT,48,HEARTBEAT,0,0,0,0,0,0,0x1001BFC0
1777181727.893,1064753,4,6,GNSS,1,CDH,10,HEALTH,1,HEALTH_0x01,0,0,0,0,1,1,0x1001804A
1777181727.893,1064754,2,6,GNSS,1,CDH,4,TELEMETRY,2,TELEMETRY_0x02,0,0,0,0,0,0,0x08018044
1777181728.866,1065751,4,6,GNSS,255,BROADCAST,0,HEARTBEAT,48,HEARTBEAT,0,0,0,0,0,0,0x1001BFC0
1777181729.864,1066748,4,6,GNSS,255,BROADCAST,0,HEARTBEAT,48,HEARTBEAT,0,0,0,0,0,0,0x1001BFC0
1777181730.863,1067745,4,6,GNSS,255,BROADCAST,0,HEARTBEAT,48,HEARTBEAT,0,0,0,0,0,0,0x1001BFC0
1777181731.882,1068742,4,6,GNSS,255,BROADCAST,0,HEARTBEAT,48,HEARTBEAT,0,0,0,0,0,0,0x1001BFC0
1777181732.856,1069740,4,6,GNSS,255,BROADCAST,0,HEARTBEAT,48,HEARTBEAT,0,0,0,0,0,0,0x1001BFC0
1777181732.856,1069741,4,6,GNSS,1,CDH,10,HEALTH,1,HEALTH_0x01,0,0,0,0,1,1,0x1001804A
1777181732.857,1069742,2,6,GNSS,1,CDH,4,TELEMETRY,2,TELEMETRY_0x02,0,0,0,0,0,0,0x08018044
1777181733.854,1070738,4,6,GNSS,255,BROADCAST,0,HEARTBEAT,48,HEARTBEAT,0,0,0,0,0,0,0x1001BFC0
1777181734.852,1071736,4,6,GNSS,255,BROADCAST,0,HEARTBEAT,48,HEARTBEAT,0,0,0,0,0,0,0x1001BFC0
1777181735.870,1072733,4,6,GNSS,255,BROADCAST,0,HEARTBEAT,48,HEARTBEAT,0,0,0,0,0,0,0x1001BFC0
1777181736.845,1073730,4,6,GNSS,255,BROADCAST,0,HEARTBEAT,48,HEARTBEAT,0,0,0,0,0,0,0x1001BFC0
1777181737.843,1074727,4,6,GNSS,255,BROADCAST,0,HEARTBEAT,48,HEARTBEAT,0,0,0,0,0,0,0x1001BFC0
1777181737.845,1074728,4,6,GNSS,1,CDH,10,HEALTH,1,HEALTH_0x01,0,0,0,0,1,1,0x1001804A
1777181737.845,1074730,2,6,GNSS,1,CDH,4,TELEMETRY,2,TELEMETRY_0x02,0,0,0,0,0,0,0x08018044
1777181738.851,1075726,4,6,GNSS,255,BROADCAST,0,HEARTBEAT,48,HEARTBEAT,0,0,0,0,0,0,0x1001BFC0
1777181739.867,1076723,4,6,GNSS,255,BROADCAST,0,HEARTBEAT,48,HEARTBEAT,0,0,0,0,0,0,0x1001BFC0
1777181740.836,1077721,4,6,GNSS,255,BROADCAST,0,HEARTBEAT,48,HEARTBEAT,0,0,0,0,0,0,0x1001BFC0
1777181741.833,1078718,4,6,GNSS,255,BROADCAST,0,HEARTBEAT,48,HEARTBEAT,0,0,0,0,0,0,0x1001BFC0
1777181742.837,1079715,4,6,GNSS,255,BROADCAST,0,HEARTBEAT,48,HEARTBEAT,0,0,0,0,0,0,0x1001BFC0
1777181742.837,1079716,4,6,GNSS,1,CDH,10,HEALTH,1,HEALTH_0x01,0,0,0,0,1,1,0x1001804A
1777181742.837,1079717,2,6,GNSS,1,CDH,4,TELEMETRY,2,TELEMETRY_0x02,0,0,0,0,0,0,0x08018044
1777181743.858,1080713,4,6,GNSS,255,BROADCAST,0,HEARTBEAT,48,HEARTBEAT,0,0,0,0,0,0,0x1001BFC0
1777181744.826,1081711,4,6,GNSS,255,BROADCAST,0,HEARTBEAT,48,HEARTBEAT,0,0,0,0,0,0,0x1001BFC0
1777181745.825,1082708,4,6,GNSS,255,BROADCAST,0,HEARTBEAT,48,HEARTBEAT,0,0,0,0,0,0,0x1001BFC0
1777181746.836,1083705,4,6,GNSS,255,BROADCAST,0,HEARTBEAT,48,HEARTBEAT,0,0,0,0,0,0,0x1001BFC0
1777181747.819,1084704,4,6,GNSS,255,BROADCAST,0,HEARTBEAT,48,HEARTBEAT,0,0,0,0,0,0,0x1001BFC0
1777181747.821,1084705,4,6,GNSS,1,CDH,10,HEALTH,1,HEALTH_0x01,0,0,0,0,1,1,0x1001804A
1777181747.822,1084706,2,6,GNSS,1,CDH,4,TELEMETRY,2,TELEMETRY_0x02,0,0,0,0,0,0,0x08018044
1777181748.817,1085702,4,6,GNSS,255,BROADCAST,0,HEARTBEAT,48,HEARTBEAT,0,0,0,0,0,0,0x1001BFC0
1777181749.815,1086698,4,6,GNSS,255,BROADCAST,0,HEARTBEAT,48,HEARTBEAT,0,0,0,0,0,0,0x1001BFC0
1777181750.828,1087696,4,6,GNSS,255,BROADCAST,0,HEARTBEAT,48,HEARTBEAT,0,0,0,0,0,0,0x1001BFC0
1777181751.808,1088693,4,6,GNSS,255,BROADCAST,0,HEARTBEAT,48,HEARTBEAT,0,0,0,0,0,0,0x1001BFC0
1777181752.808,1089690,4,6,GNSS,255,BROADCAST,0,HEARTBEAT,48,HEARTBEAT,0,0,0,0,0,0,0x1001BFC0
1777181752.808,1089691,4,6,GNSS,1,CDH,10,HEALTH,1,HEALTH_0x01,0,0,0,0,1,1,0x1001804A
1777181752.808,1089692,2,6,GNSS,1,CDH,4,TELEMETRY,2,TELEMETRY_0x02,0,0,0,0,0,0,0x08018044
1777181753.804,1090689,4,6,GNSS,255,BROADCAST,0,HEARTBEAT,48,HEARTBEAT,0,0,0,0,0,0,0x1001BFC0
1777181754.828,1091686,4,6,GNSS,255,BROADCAST,0,HEARTBEAT,48,HEARTBEAT,0,0,0,0,0,0,0x1001BFC0
1777181755.799,1092683,4,6,GNSS,255,BROADCAST,0,HEARTBEAT,48,HEARTBEAT,0,0,0,0,0,0,0x1001BFC0
1777181756.796,1093681,4,6,GNSS,255,BROADCAST,0,HEARTBEAT,48,HEARTBEAT,0,0,0,0,0,0,0x1001BFC0
1777181757.797,1094678,4,6,GNSS,255,BROADCAST,0,HEARTBEAT,48,HEARTBEAT,0,0,0,0,0,0,0x1001BFC0
1777181757.797,1094679,4,6,GNSS,1,CDH,10,HEALTH,1,HEALTH_0x01,0,0,0,0,1,1,0x1001804A
1777181757.797,1094680,2,6,GNSS,1,CDH,4,TELEMETRY,2,TELEMETRY_0x02,0,0,0,0,0,0,0x08018044
1777181758.817,1095676,4,6,GNSS,255,BROADCAST,0,HEARTBEAT,48,HEARTBEAT,0,0,0,0,0,0,0x1001BFC0
1777181759.790,1096674,4,6,GNSS,255,BROADCAST,0,HEARTBEAT,48,HEARTBEAT,0,0,0,0,0,0,0x1001BFC0
1777181760.786,1097671,4,6,GNSS,255,BROADCAST,0,HEARTBEAT,48,HEARTBEAT,0,0,0,0,0,0,0x1001BFC0
1777181761.789,1098668,4,6,GNSS,255,BROADCAST,0,HEARTBEAT,48,HEARTBEAT,0,0,0,0,0,0,0x1001BFC0
1777181762.803,1099666,4,6,GNSS,255,BROADCAST,0,HEARTBEAT,48,HEARTBEAT,0,0,0,0,0,0,0x1001BFC0
1777181762.803,1099667,4,6,GNSS,1,CDH,10,HEALTH,1,HEALTH_0x01,0,0,0,0,1,1,0x1001804A
1777181762.803,1099668,2,6,GNSS,1,CDH,4,TELEMETRY,2,TELEMETRY_0x02,0,0,0,0,0,0,0x08018044
1777181763.779,1100664,4,6,GNSS,255,BROADCAST,0,HEARTBEAT,48,HEARTBEAT,0,0,0,0,0,0,0x1001BFC0
1777181764.777,1101661,4,6,GNSS,255,BROADCAST,0,HEARTBEAT,48,HEARTBEAT,0,0,0,0,0,0,0x1001BFC0
1777181765.775,1102658,4,6,GNSS,255,BROADCAST,0,HEARTBEAT,48,HEARTBEAT,0,0,0,0,0,0,0x1001BFC0
1777181766.806,1103656,4,6,GNSS,255,BROADCAST,0,HEARTBEAT,48,HEARTBEAT,0,0,0,0,0,0,0x1001BFC0
1777181767.769,1104653,4,6,GNSS,255,BROADCAST,0,HEARTBEAT,48,HEARTBEAT,0,0,0,0,0,0,0x1001BFC0
1777181767.770,1104654,4,6,GNSS,1,CDH,10,HEALTH,1,HEALTH_0x01,0,0,0,0,1,1,0x1001804A
1777181767.771,1104655,2,6,GNSS,1,CDH,4,TELEMETRY,2,TELEMETRY_0x02,0,0,0,0,0,0,0x08018044
1777181768.767,1105652,4,6,GNSS,255,BROADCAST,0,HEARTBEAT,48,HEARTBEAT,0,0,0,0,0,0,0x1001BFC0
1777181769.773,1106649,4,6,GNSS,255,BROADCAST,0,HEARTBEAT,48,HEARTBEAT,0,0,0,0,0,0,0x1001BFC0
1777181770.792,1107646,4,6,GNSS,255,BROADCAST,0,HEARTBEAT,48,HEARTBEAT,0,0,0,0,0,0,0x1001BFC0
1777181771.774,1108644,4,6,GNSS,255,BROADCAST,0,HEARTBEAT,48,HEARTBEAT,0,0,0,0,0,0,0x1001BFC0
1777181772.759,1109641,4,6,GNSS,255,BROADCAST,0,HEARTBEAT,48,HEARTBEAT,0,0,0,0,0,0,0x1001BFC0
1777181772.759,1109642,4,6,GNSS,1,CDH,10,HEALTH,1,HEALTH_0x01,0,0,0,0,1,1,0x1001804A
1777181772.759,1109643,2,6,GNSS,1,CDH,4,TELEMETRY,2,TELEMETRY_0x02,0,0,0,0,0,0,0x08018044
1777181773.770,1110639,4,6,GNSS,255,BROADCAST,0,HEARTBEAT,48,HEARTBEAT,0,0,0,0,0,0,0x1001BFC0
1777181774.752,1111637,4,6,GNSS,255,BROADCAST,0,HEARTBEAT,48,HEARTBEAT,0,0,0,0,0,0,0x1001BFC0
1777181775.750,1112634,4,6,GNSS,255,BROADCAST,0,HEARTBEAT,48,HEARTBEAT,0,0,0,0,0,0,0x1001BFC0
1777181776.750,1113631,4,6,GNSS,255,BROADCAST,0,HEARTBEAT,48,HEARTBEAT,0,0,0,0,0,0,0x1001BFC0
1777181777.755,1114629,4,6,GNSS,255,BROADCAST,0,HEARTBEAT,48,HEARTBEAT,0,0,0,0,0,0,0x1001BFC0
1777181777.755,1114630,4,6,GNSS,1,CDH,10,HEALTH,1,HEALTH_0x01,0,0,0,0,1,1,0x1001804A
1777181777.755,1114631,2,6,GNSS,1,CDH,4,TELEMETRY,2,TELEMETRY_0x02,0,0,0,0,0,0,0x08018044
1777181778.743,1115627,4,6,GNSS,255,BROADCAST,0,HEARTBEAT,48,HEARTBEAT,0,0,0,0,0,0,0x1001BFC0
1777181779.740,1116624,4,6,GNSS,255,BROADCAST,0,HEARTBEAT,48,HEARTBEAT,0,0,0,0,0,0,0x1001BFC0
1777181780.738,1117622,4,6,GNSS,255,BROADCAST,0,HEARTBEAT,48,HEARTBEAT,0,0,0,0,0,0,0x1001BFC0
1777181781.752,1118619,4,6,GNSS,255,BROADCAST,0,HEARTBEAT,48,HEARTBEAT,0,0,0,0,0,0,0x1001BFC0
1777181782.735,1119616,4,6,GNSS,255,BROADCAST,0,HEARTBEAT,48,HEARTBEAT,0,0,0,0,0,0,0x1001BFC0
1777181782.735,1119617,4,6,GNSS,1,CDH,10,HEALTH,1,HEALTH_0x01,0,0,0,0,1,1,0x1001804A
1777181782.735,1119619,2,6,GNSS,1,CDH,4,TELEMETRY,2,TELEMETRY_0x02,0,0,0,0,0,0,0x08018044
1777181783.731,1120615,4,6,GNSS,255,BROADCAST,0,HEARTBEAT,48,HEARTBEAT,0,0,0,0,0,0,0x1001BFC0
1777181784.728,1121612,4,6,GNSS,255,BROADCAST,0,HEARTBEAT,48,HEARTBEAT,0,0,0,0,0,0,0x1001BFC0
1777181785.746,1122609,4,6,GNSS,255,BROADCAST,0,HEARTBEAT,48,HEARTBEAT,0,0,0,0,0,0,0x1001BFC0
1777181786.724,1123606,4,6,GNSS,255,BROADCAST,0,HEARTBEAT,48,HEARTBEAT,0,0,0,0,0,0,0x1001BFC0
1777181787.720,1124604,4,6,GNSS,255,BROADCAST,0,HEARTBEAT,48,HEARTBEAT,0,0,0,0,0,0,0x1001BFC0
1777181787.721,1124605,4,6,GNSS,1,CDH,10,HEALTH,1,HEALTH_0x01,0,0,0,0,1,1,0x1001804A
1777181787.722,1124606,2,6,GNSS,1,CDH,4,TELEMETRY,2,TELEMETRY_0x02,0,0,0,0,0,0,0x08018044
1777181788.718,1125602,4,6,GNSS,255,BROADCAST,0,HEARTBEAT,48,HEARTBEAT,0,0,0,0,0,0,0x1001BFC0
1777181789.741,1126599,4,6,GNSS,255,BROADCAST,0,HEARTBEAT,48,HEARTBEAT,0,0,0,0,0,0,0x1001BFC0
1777181790.714,1127597,4,6,GNSS,255,BROADCAST,0,HEARTBEAT,48,HEARTBEAT,0,0,0,0,0,0,0x1001BFC0
1777181791.710,1128594,4,6,GNSS,255,BROADCAST,0,HEARTBEAT,48,HEARTBEAT,0,0,0,0,0,0,0x1001BFC0
1777181792.716,1129591,4,6,GNSS,255,BROADCAST,0,HEARTBEAT,48,HEARTBEAT,0,0,0,0,0,0,0x1001BFC0
1777181792.716,1129592,4,6,GNSS,1,CDH,10,HEALTH,1,HEALTH_0x01,0,0,0,0,1,1,0x1001804A
1777181792.716,1129593,2,6,GNSS,1,CDH,4,TELEMETRY,2,TELEMETRY_0x02,0,0,0,0,0,0,0x08018044
1777181793.732,1130589,4,6,GNSS,255,BROADCAST,0,HEARTBEAT,48,HEARTBEAT,0,0,0,0,0,0,0x1001BFC0
1777181794.703,1131587,4,6,GNSS,255,BROADCAST,0,HEARTBEAT,48,HEARTBEAT,0,0,0,0,0,0,0x1001BFC0
1777181795.701,1132584,4,6,GNSS,255,BROADCAST,0,HEARTBEAT,48,HEARTBEAT,0,0,0,0,0,0,0x1001BFC0
1777181796.710,1133581,4,6,GNSS,255,BROADCAST,0,HEARTBEAT,48,HEARTBEAT,0,0,0,0,0,0,0x1001BFC0
1777181797.732,1134578,4,6,GNSS,255,BROADCAST,0,HEARTBEAT,48,HEARTBEAT,0,0,0,0,0,0,0x1001BFC0
1777181797.732,1134580,4,6,GNSS,1,CDH,10,HEALTH,1,HEALTH_0x01,0,0,0,0,1,1,0x1001804A
1777181797.732,1134581,2,6,GNSS,1,CDH,4,TELEMETRY,2,TELEMETRY_0x02,0,0,0,0,0,0,0x08018044
1777181798.693,1135577,4,6,GNSS,255,BROADCAST,0,HEARTBEAT,48,HEARTBEAT,0,0,0,0,0,0,0x1001BFC0
1777181799.691,1136574,4,6,GNSS,255,BROADCAST,0,HEARTBEAT,48,HEARTBEAT,0,0,0,0,0,0,0x1001BFC0
1777181800.702,1137572,4,6,GNSS,255,BROADCAST,0,HEARTBEAT,48,HEARTBEAT,0,0,0,0,0,0,0x1001BFC0
1777181801.685,1138569,4,6,GNSS,255,BROADCAST,0,HEARTBEAT,48,HEARTBEAT,0,0,0,0,0,0,0x1001BFC0
1777181802.685,1139566,4,6,GNSS,255,BROADCAST,0,HEARTBEAT,48,HEARTBEAT,0,0,0,0,0,0,0x1001BFC0
1777181802.685,1139567,4,6,GNSS,1,CDH,10,HEALTH,1,HEALTH_0x01,0,0,0,0,1,1,0x1001804A
1777181802.685,1139568,2,6,GNSS,1,CDH,4,TELEMETRY,2,TELEMETRY_0x02,0,0,0,0,0,0,0x08018044
1777181803.683,1140565,4,6,GNSS,255,BROADCAST,0,HEARTBEAT,48,HEARTBEAT,0,0,0,0,0,0,0x1001BFC0
1777181804.690,1141562,4,6,GNSS,255,BROADCAST,0,HEARTBEAT,48,HEARTBEAT,0,0,0,0,0,0,0x1001BFC0
1777181805.676,1142559,4,6,GNSS,255,BROADCAST,0,HEARTBEAT,48,HEARTBEAT,0,0,0,0,0,0,0x1001BFC0
1777181806.673,1143557,4,6,GNSS,255,BROADCAST,0,HEARTBEAT,48,HEARTBEAT,0,0,0,0,0,0,0x1001BFC0
1777181807.671,1144554,4,6,GNSS,255,BROADCAST,0,HEARTBEAT,48,HEARTBEAT,0,0,0,0,0,0,0x1001BFC0
1777181807.672,1144555,4,6,GNSS,1,CDH,10,HEALTH,1,HEALTH_0x01,0,0,0,0,1,1,0x1001804A
1777181807.672,1144556,2,6,GNSS,1,CDH,4,TELEMETRY,2,TELEMETRY_0x02,0,0,0,0,0,0,0x08018044
1777181808.690,1145552,4,6,GNSS,255,BROADCAST,0,HEARTBEAT,48,HEARTBEAT,0,0,0,0,0,0,0x1001BFC0
1777181809.666,1146549,4,6,GNSS,255,BROADCAST,0,HEARTBEAT,48,HEARTBEAT,0,0,0,0,0,0,0x1001BFC0
1777181810.665,1147547,4,6,GNSS,255,BROADCAST,0,HEARTBEAT,48,HEARTBEAT,0,0,0,0,0,0,0x1001BFC0
1777181811.660,1148544,4,6,GNSS,255,BROADCAST,0,HEARTBEAT,48,HEARTBEAT,0,0,0,0,0,0,0x1001BFC0
1777181812.675,1149541,4,6,GNSS,255,BROADCAST,0,HEARTBEAT,48,HEARTBEAT,0,0,0,0,0,0,0x1001BFC0
1777181812.675,1149542,4,6,GNSS,1,CDH,10,HEALTH,1,HEALTH_0x01,0,0,0,0,1,1,0x1001804A
1777181812.675,1149544,2,6,GNSS,1,CDH,4,TELEMETRY,2,TELEMETRY_0x02,0,0,0,0,0,0,0x08018044
1777181813.657,1150540,4,6,GNSS,255,BROADCAST,0,HEARTBEAT,48,HEARTBEAT,0,0,0,0,0,0,0x1001BFC0
1777181814.653,1151537,4,6,GNSS,255,BROADCAST,0,HEARTBEAT,48,HEARTBEAT,0,0,0,0,0,0,0x1001BFC0
1777181815.651,1152535,4,6,GNSS,255,BROADCAST,0,HEARTBEAT,48,HEARTBEAT,0,0,0,0,0,0,0x1001BFC0
1777181816.677,1153532,4,6,GNSS,255,BROADCAST,0,HEARTBEAT,48,HEARTBEAT,0,0,0,0,0,0,0x1001BFC0
1777181817.645,1154529,4,6,GNSS,255,BROADCAST,0,HEARTBEAT,48,HEARTBEAT,0,0,0,0,0,0,0x1001BFC0
1777181817.647,1154530,4,6,GNSS,1,CDH,10,HEALTH,1,HEALTH_0x01,0,0,0,0,1,1,0x1001804A
1777181817.648,1154531,2,6,GNSS,1,CDH,4,TELEMETRY,2,TELEMETRY_0x02,0,0,0,0,0,0,0x08018044
1777181818.644,1155528,4,6,GNSS,255,BROADCAST,0,HEARTBEAT,48,HEARTBEAT,0,0,0,0,0,0,0x1001BFC0
1777181819.642,1156525,4,6,GNSS,255,BROADCAST,0,HEARTBEAT,48,HEARTBEAT,0,0,0,0,0,0,0x1001BFC0
1777181820.664,1157522,4,6,GNSS,255,BROADCAST,0,HEARTBEAT,48,HEARTBEAT,0,0,0,0,0,0,0x1001BFC0
1777181821.636,1158519,4,6,GNSS,255,BROADCAST,0,HEARTBEAT,48,HEARTBEAT,0,0,0,0,0,0,0x1001BFC0
1777181822.633,1159517,4,6,GNSS,255,BROADCAST,0,HEARTBEAT,48,HEARTBEAT,0,0,0,0,0,0,0x1001BFC0
1777181822.635,1159518,4,6,GNSS,1,CDH,10,HEALTH,1,HEALTH_0x01,0,0,0,0,1,1,0x1001804A
1777181822.635,1159519,2,6,GNSS,1,CDH,4,TELEMETRY,2,TELEMETRY_0x02,0,0,0,0,0,0,0x08018044
1777181823.632,1160515,4,6,GNSS,255,BROADCAST,0,HEARTBEAT,48,HEARTBEAT,0,0,0,0,0,0,0x1001BFC0
1777181824.654,1161512,4,6,GNSS,255,BROADCAST,0,HEARTBEAT,48,HEARTBEAT,0,0,0,0,0,0,0x1001BFC0
1777181825.626,1162509,4,6,GNSS,255,BROADCAST,0,HEARTBEAT,48,HEARTBEAT,0,0,0,0,0,0,0x1001BFC0
1777181826.623,1163507,4,6,GNSS,255,BROADCAST,0,HEARTBEAT,48,HEARTBEAT,0,0,0,0,0,0,0x1001BFC0
1777181827.631,1164504,4,6,GNSS,255,BROADCAST,0,HEARTBEAT,48,HEARTBEAT,0,0,0,0,0,0,0x1001BFC0
1777181827.631,1164505,4,6,GNSS,1,CDH,10,HEALTH,1,HEALTH_0x01,0,0,0,0,1,1,0x1001804A
1777181827.631,1164506,2,6,GNSS,1,CDH,4,TELEMETRY,2,TELEMETRY_0x02,0,0,0,0,0,0,0x08018044
1777181828.657,1165502,4,6,GNSS,255,BROADCAST,0,HEARTBEAT,48,HEARTBEAT,0,0,0,0,0,0,0x1001BFC0
1777181829.616,1166500,4,6,GNSS,255,BROADCAST,0,HEARTBEAT,48,HEARTBEAT,0,0,0,0,0,0,0x1001BFC0
1777181830.614,1167497,4,6,GNSS,255,BROADCAST,0,HEARTBEAT,48,HEARTBEAT,0,0,0,0,0,0,0x1001BFC0
1777181831.627,1168494,4,6,GNSS,255,BROADCAST,0,HEARTBEAT,48,HEARTBEAT,0,0,0,0,0,0,0x1001BFC0
1777181832.608,1169491,4,6,GNSS,255,BROADCAST,0,HEARTBEAT,48,HEARTBEAT,0,0,0,0,0,0,0x1001BFC0
1777181832.609,1169492,4,6,GNSS,1,CDH,10,HEALTH,1,HEALTH_0x01,0,0,0,0,1,1,0x1001804A
1777181832.610,1169494,2,6,GNSS,1,CDH,4,TELEMETRY,2,TELEMETRY_0x02,0,0,0,0,0,0,0x08018044
1777181833.606,1170490,4,6,GNSS,255,BROADCAST,0,HEARTBEAT,48,HEARTBEAT,0,0,0,0,0,0,0x1001BFC0
1777181834.605,1171487,4,6,GNSS,255,BROADCAST,0,HEARTBEAT,48,HEARTBEAT,0,0,0,0,0,0,0x1001BFC0
1777181835.607,1172484,4,6,GNSS,255,BROADCAST,0,HEARTBEAT,48,HEARTBEAT,0,0,0,0,0,0,0x1001BFC0
1777181836.599,1173481,4,6,GNSS,255,BROADCAST,0,HEARTBEAT,48,HEARTBEAT,0,0,0,0,0,0,0x1001BFC0
1777181837.599,1174479,4,6,GNSS,255,BROADCAST,0,HEARTBEAT,48,HEARTBEAT,0,0,0,0,0,0,0x1001BFC0
1777181837.599,1174480,4,6,GNSS,1,CDH,10,HEALTH,1,HEALTH_0x01,0,0,0,0,1,1,0x1001804A
1777181837.599,1174481,2,6,GNSS,1,CDH,4,TELEMETRY,2,TELEMETRY_0x02,0,0,0,0,0,0,0x08018044
1777181838.865,1175477,4,6,GNSS,255,BROADCAST,0,HEARTBEAT,48,HEARTBEAT,0,0,0,0,0,0,0x1001BFC0
1777181839.617,1176474,4,6,GNSS,255,BROADCAST,0,HEARTBEAT,48,HEARTBEAT,0,0,0,0,0,0,0x1001BFC0
1777181840.589,1177472,4,6,GNSS,255,BROADCAST,0,HEARTBEAT,48,HEARTBEAT,0,0,0,0,0,0,0x1001BFC0
1777181841.586,1178469,4,6,GNSS,255,BROADCAST,0,HEARTBEAT,48,HEARTBEAT,0,0,0,0,0,0,0x1001BFC0
1777181842.585,1179466,4,6,GNSS,255,BROADCAST,0,HEARTBEAT,48,HEARTBEAT,0,0,0,0,0,0,0x1001BFC0
1777181842.585,1179468,4,6,GNSS,1,CDH,10,HEALTH,1,HEALTH_0x01,0,0,0,0,1,1,0x1001804A
1777181842.585,1179469,2,6,GNSS,1,CDH,4,TELEMETRY,2,TELEMETRY_0x02,0,0,0,0,0,0,0x08018044
1777181843.604,1180465,4,6,GNSS,255,BROADCAST,0,HEARTBEAT,48,HEARTBEAT,0,0,0,0,0,0,0x1001BFC0
1777181844.631,1181462,4,6,GNSS,255,BROADCAST,0,HEARTBEAT,48,HEARTBEAT,0,0,0,0,0,0,0x1001BFC0
1777181845.578,1182459,4,6,GNSS,255,BROADCAST,0,HEARTBEAT,48,HEARTBEAT,0,0,0,0,0,0,0x1001BFC0
1777181846.597,1183457,4,6,GNSS,255,BROADCAST,0,HEARTBEAT,48,HEARTBEAT,0,0,0,0,0,0,0x1001BFC0
1777181847.597,1184454,4,6,GNSS,255,BROADCAST,0,HEARTBEAT,48,HEARTBEAT,0,0,0,0,0,0,0x1001BFC0
1777181847.597,1184455,4,6,GNSS,1,CDH,10,HEALTH,1,HEALTH_0x01,0,0,0,0,1,1,0x1001804A
1777181847.597,1184456,2,6,GNSS,1,CDH,4,TELEMETRY,2,TELEMETRY_0x02,0,0,0,0,0,0,0x08018044
1777181848.569,1185452,4,6,GNSS,255,BROADCAST,0,HEARTBEAT,48,HEARTBEAT,0,0,0,0,0,0,0x1001BFC0
1777181849.575,1186449,4,6,GNSS,255,BROADCAST,0,HEARTBEAT,48,HEARTBEAT,0,0,0,0,0,0,0x1001BFC0
1777181850.584,1187446,4,6,GNSS,255,BROADCAST,0,HEARTBEAT,48,HEARTBEAT,0,0,0,0,0,0,0x1001BFC0
1777181851.612,1188444,4,6,GNSS,255,BROADCAST,0,HEARTBEAT,48,HEARTBEAT,0,0,0,0,0,0,0x1001BFC0
1777181852.558,1189441,4,6,GNSS,255,BROADCAST,0,HEARTBEAT,48,HEARTBEAT,0,0,0,0,0,0,0x1001BFC0
1777181852.559,1189442,4,6,GNSS,1,CDH,10,HEALTH,1,HEALTH_0x01,0,0,0,0,1,1,0x1001804A
1777181852.560,1189443,2,6,GNSS,1,CDH,4,TELEMETRY,2,TELEMETRY_0x02,0,0,0,0,0,0,0x08018044
1777181853.556,1190439,4,6,GNSS,255,BROADCAST,0,HEARTBEAT,48,HEARTBEAT,0,0,0,0,0,0,0x1001BFC0
1777181854.566,1191436,4,6,GNSS,255,BROADCAST,0,HEARTBEAT,48,HEARTBEAT,0,0,0,0,0,0,0x1001BFC0
1777181855.585,1192434,4,6,GNSS,255,BROADCAST,0,HEARTBEAT,48,HEARTBEAT,0,0,0,0,0,0,0x1001BFC0
1777181856.549,1193431,4,6,GNSS,255,BROADCAST,0,HEARTBEAT,48,HEARTBEAT,0,0,0,0,0,0,0x1001BFC0
1777181857.547,1194428,4,6,GNSS,255,BROADCAST,0,HEARTBEAT,48,HEARTBEAT,0,0,0,0,0,0,0x1001BFC0
1777181857.547,1194429,4,6,GNSS,1,CDH,10,HEALTH,1,HEALTH_0x01,0,0,0,0,1,1,0x1001804A
1777181857.547,1194430,2,6,GNSS,1,CDH,4,TELEMETRY,2,TELEMETRY_0x02,0,0,0,0,0,0,0x08018044
1777181858.561,1195426,4,6,GNSS,255,BROADCAST,0,HEARTBEAT,48,HEARTBEAT,0,0,0,0,0,0,0x1001BFC0
1777181859.540,1196424,4,6,GNSS,255,BROADCAST,0,HEARTBEAT,48,HEARTBEAT,0,0,0,0,0,0,0x1001BFC0
1777181860.538,1197421,4,6,GNSS,255,BROADCAST,0,HEARTBEAT,48,HEARTBEAT,0,0,0,0,0,0,0x1001BFC0
1777181861.535,1198418,4,6,GNSS,255,BROADCAST,0,HEARTBEAT,48,HEARTBEAT,0,0,0,0,0,0,0x1001BFC0
1777181862.563,1199415,4,6,GNSS,255,BROADCAST,0,HEARTBEAT,48,HEARTBEAT,0,0,0,0,0,0,0x1001BFC0
1777181862.563,1199416,4,6,GNSS,1,CDH,10,HEALTH,1,HEALTH_0x01,0,0,0,0,1,1,0x1001804A
1777181862.563,1199417,2,6,GNSS,1,CDH,4,TELEMETRY,2,TELEMETRY_0x02,0,0,0,0,0,0,0x08018044
1777181863.540,1200414,4,6,GNSS,255,BROADCAST,0,HEARTBEAT,48,HEARTBEAT,0,0,0,0,0,0,0x1001BFC0
1777181864.532,1201411,4,6,GNSS,255,BROADCAST,0,HEARTBEAT,48,HEARTBEAT,0,0,0,0,0,0,0x1001BFC0
1777181865.524,1202408,4,6,GNSS,255,BROADCAST,0,HEARTBEAT,48,HEARTBEAT,0,0,0,0,0,0,0x1001BFC0
1777181866.546,1203405,4,6,GNSS,255,BROADCAST,0,HEARTBEAT,48,HEARTBEAT,0,0,0,0,0,0,0x1001BFC0
1777181867.519,1204402,4,6,GNSS,255,BROADCAST,0,HEARTBEAT,48,HEARTBEAT,0,0,0,0,0,0,0x1001BFC0
1777181867.520,1204403,4,6,GNSS,1,CDH,10,HEALTH,1,HEALTH_0x01,0,0,0,0,1,1,0x1001804A
1777181867.522,1204405,2,6,GNSS,1,CDH,4,TELEMETRY,2,TELEMETRY_0x02,0,0,0,0,0,0,0x08018044
1777181868.517,1205401,4,6,GNSS,255,BROADCAST,0,HEARTBEAT,48,HEARTBEAT,0,0,0,0,0,0,0x1001BFC0
1777181869.515,1206398,4,6,GNSS,255,BROADCAST,0,HEARTBEAT,48,HEARTBEAT,0,0,0,0,0,0,0x1001BFC0
1777181870.539,1207395,4,6,GNSS,255,BROADCAST,0,HEARTBEAT,48,HEARTBEAT,0,0,0,0,0,0,0x1001BFC0
1777181871.509,1208392,4,6,GNSS,255,BROADCAST,0,HEARTBEAT,48,HEARTBEAT,0,0,0,0,0,0,0x1001BFC0
1777181872.507,1209389,4,6,GNSS,255,BROADCAST,0,HEARTBEAT,48,HEARTBEAT,0,0,0,0,0,0,0x1001BFC0
1777181872.509,1209391,4,6,GNSS,1,CDH,10,HEALTH,1,HEALTH_0x01,0,0,0,0,1,1,0x1001804A
1777181872.509,1209392,2,6,GNSS,1,CDH,4,TELEMETRY,2,TELEMETRY_0x02,0,0,0,0,0,0,0x08018044
1777181873.511,1210387,4,6,GNSS,255,BROADCAST,0,HEARTBEAT,48,HEARTBEAT,0,0,0,0,0,0,0x1001BFC0
1777181874.535,1211385,4,6,GNSS,255,BROADCAST,0,HEARTBEAT,48,HEARTBEAT,0,0,0,0,0,0,0x1001BFC0
1777181875.499,1212383,4,6,GNSS,255,BROADCAST,0,HEARTBEAT,48,HEARTBEAT,0,0,0,0,0,0,0x1001BFC0
1777181876.496,1213379,4,6,GNSS,255,BROADCAST,0,HEARTBEAT,48,HEARTBEAT,0,0,0,0,0,0,0x1001BFC0
1777181877.507,1214376,4,6,GNSS,255,BROADCAST,0,HEARTBEAT,48,HEARTBEAT,0,0,0,0,0,0,0x1001BFC0
1777181877.507,1214377,4,6,GNSS,1,CDH,10,HEALTH,1,HEALTH_0x01,0,0,0,0,1,1,0x1001804A
1777181877.507,1214379,2,6,GNSS,1,CDH,4,TELEMETRY,2,TELEMETRY_0x02,0,0,0,0,0,0,0x08018044
1777181878.528,1215375,4,6,GNSS,255,BROADCAST,0,HEARTBEAT,48,HEARTBEAT,0,0,0,0,0,0,0x1001BFC0
1777181879.489,1216372,4,6,GNSS,255,BROADCAST,0,HEARTBEAT,48,HEARTBEAT,0,0,0,0,0,0,0x1001BFC0
1777181880.486,1217369,4,6,GNSS,255,BROADCAST,0,HEARTBEAT,48,HEARTBEAT,0,0,0,0,0,0,0x1001BFC0
1777181881.497,1218366,4,6,GNSS,255,BROADCAST,0,HEARTBEAT,48,HEARTBEAT,0,0,0,0,0,0,0x1001BFC0
1777181882.481,1219363,4,6,GNSS,255,BROADCAST,0,HEARTBEAT,48,HEARTBEAT,0,0,0,0,0,0,0x1001BFC0
1777181882.482,1219364,4,6,GNSS,1,CDH,10,HEALTH,1,HEALTH_0x01,0,0,0,0,1,1,0x1001804A
1777181882.508,1219365,2,6,GNSS,1,CDH,4,TELEMETRY,2,TELEMETRY_0x02,0,0,0,0,0,0,0x08018044
1777181883.479,1220362,4,6,GNSS,255,BROADCAST,0,HEARTBEAT,48,HEARTBEAT,0,0,0,0,0,0,0x1001BFC0
1777181884.477,1221359,4,6,GNSS,255,BROADCAST,0,HEARTBEAT,48,HEARTBEAT,0,0,0,0,0,0,0x1001BFC0
1777181885.493,1222356,4,6,GNSS,255,BROADCAST,0,HEARTBEAT,48,HEARTBEAT,0,0,0,0,0,0,0x1001BFC0
1777181886.478,1223353,4,6,GNSS,255,BROADCAST,0,HEARTBEAT,48,HEARTBEAT,0,0,0,0,0,0,0x1001BFC0
1777181887.469,1224351,4,6,GNSS,255,BROADCAST,0,HEARTBEAT,48,HEARTBEAT,0,0,0,0,0,0,0x1001BFC0
1777181887.469,1224352,4,6,GNSS,1,CDH,10,HEALTH,1,HEALTH_0x01,0,0,0,0,1,1,0x1001804A
1777181887.470,1224353,2,6,GNSS,1,CDH,4,TELEMETRY,2,TELEMETRY_0x02,0,0,0,0,0,0,0x08018044
1777181888.469,1225349,4,6,GNSS,255,BROADCAST,0,HEARTBEAT,48,HEARTBEAT,0,0,0,0,0,0,0x1001BFC0
1777181889.487,1226346,4,6,GNSS,255,BROADCAST,0,HEARTBEAT,48,HEARTBEAT,0,0,0,0,0,0,0x1001BFC0
1777181890.460,1227343,4,6,GNSS,255,BROADCAST,0,HEARTBEAT,48,HEARTBEAT,0,0,0,0,0,0,0x1001BFC0
1777181891.461,1228341,4,6,GNSS,255,BROADCAST,0,HEARTBEAT,48,HEARTBEAT,0,0,0,0,0,0,0x1001BFC0
1777181892.456,1229338,4,6,GNSS,255,BROADCAST,0,HEARTBEAT,48,HEARTBEAT,0,0,0,0,0,0,0x1001BFC0
1777181892.456,1229339,4,6,GNSS,1,CDH,10,HEALTH,1,HEALTH_0x01,0,0,0,0,1,1,0x1001804A
1777181892.458,1229340,2,6,GNSS,1,CDH,4,TELEMETRY,2,TELEMETRY_0x02,0,0,0,0,0,0,0x08018044
1777181893.491,1230336,4,6,GNSS,255,BROADCAST,0,HEARTBEAT,48,HEARTBEAT,0,0,0,0,0,0,0x1001BFC0
1777181894.504,1231333,4,6,GNSS,255,BROADCAST,0,HEARTBEAT,48,HEARTBEAT,0,0,0,0,0,0,0x1001BFC0
1777181895.448,1232331,4,6,GNSS,255,BROADCAST,0,HEARTBEAT,48,HEARTBEAT,0,0,0,0,0,0,0x1001BFC0
1777181896.448,1233328,4,6,GNSS,255,BROADCAST,0,HEARTBEAT,48,HEARTBEAT,0,0,0,0,0,0,0x1001BFC0
1777181897.474,1234325,4,6,GNSS,255,BROADCAST,0,HEARTBEAT,48,HEARTBEAT,0,0,0,0,0,0,0x1001BFC0
1777181897.474,1234326,4,6,GNSS,1,CDH,10,HEALTH,1,HEALTH_0x01,0,0,0,0,1,1,0x1001804A
1777181897.474,1234327,2,6,GNSS,1,CDH,4,TELEMETRY,2,TELEMETRY_0x02,0,0,0,0,0,0,0x08018044
1777181898.441,1235323,4,6,GNSS,255,BROADCAST,0,HEARTBEAT,48,HEARTBEAT,0,0,0,0,0,0,0x1001BFC0
1777181899.438,1236320,4,6,GNSS,255,BROADCAST,0,HEARTBEAT,48,HEARTBEAT,0,0,0,0,0,0,0x1001BFC0
1777181900.441,1237317,4,6,GNSS,255,BROADCAST,0,HEARTBEAT,48,HEARTBEAT,0,0,0,0,0,0,0x1001BFC0
1777181901.467,1238315,4,6,GNSS,255,BROADCAST,0,HEARTBEAT,48,HEARTBEAT,0,0,0,0,0,0,0x1001BFC0
1777181902.430,1239312,4,6,GNSS,255,BROADCAST,0,HEARTBEAT,48,HEARTBEAT,0,0,0,0,0,0,0x1001BFC0
1777181902.430,1239313,4,6,GNSS,1,CDH,10,HEALTH,1,HEALTH_0x01,0,0,0,0,1,1,0x1001804A
1777181902.431,1239314,2,6,GNSS,1,CDH,4,TELEMETRY,2,TELEMETRY_0x02,0,0,0,0,0,0,0x08018044
1777181903.428,1240310,4,6,GNSS,255,BROADCAST,0,HEARTBEAT,48,HEARTBEAT,0,0,0,0,0,0,0x1001BFC0
1777181904.438,1241307,4,6,GNSS,255,BROADCAST,0,HEARTBEAT,48,HEARTBEAT,0,0,0,0,0,0,0x1001BFC0
1777181905.457,1242304,4,6,GNSS,255,BROADCAST,0,HEARTBEAT,48,HEARTBEAT,0,0,0,0,0,0,0x1001BFC0
1777181906.407,1243302,4,6,GNSS,255,BROADCAST,0,HEARTBEAT,48,HEARTBEAT,0,0,0,0,0,0,0x1001BFC0
1777181907.417,1244299,4,6,GNSS,255,BROADCAST,0,HEARTBEAT,48,HEARTBEAT,0,0,0,0,0,0,0x1001BFC0
1777181907.418,1244300,4,6,GNSS,1,CDH,10,HEALTH,1,HEALTH_0x01,0,0,0,0,1,1,0x1001804A
1777181907.419,1244301,2,6,GNSS,1,CDH,4,TELEMETRY,2,TELEMETRY_0x02,0,0,0,0,0,0,0x08018044
1777181908.432,1245297,4,6,GNSS,255,BROADCAST,0,HEARTBEAT,48,HEARTBEAT,0,0,0,0,0,0,0x1001BFC0
1777181909.412,1246294,4,6,GNSS,255,BROADCAST,0,HEARTBEAT,48,HEARTBEAT,0,0,0,0,0,0,0x1001BFC0
1777181910.409,1247291,4,6,GNSS,255,BROADCAST,0,HEARTBEAT,48,HEARTBEAT,0,0,0,0,0,0,0x1001BFC0
1777181911.406,1248289,4,6,GNSS,255,BROADCAST,0,HEARTBEAT,48,HEARTBEAT,0,0,0,0,0,0,0x1001BFC0
1777181912.424,1249286,4,6,GNSS,255,BROADCAST,0,HEARTBEAT,48,HEARTBEAT,0,0,0,0,0,0,0x1001BFC0
1777181912.424,1249287,4,6,GNSS,1,CDH,10,HEALTH,1,HEALTH_0x01,0,0,0,0,1,1,0x1001804A
1777181912.424,1249288,2,6,GNSS,1,CDH,4,TELEMETRY,2,TELEMETRY_0x02,0,0,0,0,0,0,0x08018044
1777181913.402,1250284,4,6,GNSS,255,BROADCAST,0,HEARTBEAT,48,HEARTBEAT,0,0,0,0,0,0,0x1001BFC0
1777181914.399,1251281,4,6,GNSS,255,BROADCAST,0,HEARTBEAT,48,HEARTBEAT,0,0,0,0,0,0,0x1001BFC0
1777181915.396,1252278,4,6,GNSS,255,BROADCAST,0,HEARTBEAT,48,HEARTBEAT,0,0,0,0,0,0,0x1001BFC0
1777181916.420,1253276,4,6,GNSS,255,BROADCAST,0,HEARTBEAT,48,HEARTBEAT,0,0,0,0,0,0,0x1001BFC0
1777181917.391,1254273,4,6,GNSS,255,BROADCAST,0,HEARTBEAT,48,HEARTBEAT,0,0,0,0,0,0,0x1001BFC0
1777181917.392,1254274,4,6,GNSS,1,CDH,10,HEALTH,1,HEALTH_0x01,0,0,0,0,1,1,0x1001804A
1777181917.393,1254275,2,6,GNSS,1,CDH,4,TELEMETRY,2,TELEMETRY_0x02,0,0,0,0,0,0,0x08018044
1777181918.389,1255271,4,6,GNSS,255,BROADCAST,0,HEARTBEAT,48,HEARTBEAT,0,0,0,0,0,0,0x1001BFC0
1777181919.388,1256268,4,6,GNSS,255,BROADCAST,0,HEARTBEAT,48,HEARTBEAT,0,0,0,0,0,0,0x1001BFC0
1777181920.407,1257266,4,6,GNSS,255,BROADCAST,0,HEARTBEAT,48,HEARTBEAT,0,0,0,0,0,0,0x1001BFC0
1777181921.380,1258263,4,6,GNSS,255,BROADCAST,0,HEARTBEAT,48,HEARTBEAT,0,0,0,0,0,0,0x1001BFC0
1777181922.378,1259260,4,6,GNSS,255,BROADCAST,0,HEARTBEAT,48,HEARTBEAT,0,0,0,0,0,0,0x1001BFC0
1777181922.379,1259261,4,6,GNSS,1,CDH,10,HEALTH,1,HEALTH_0x01,0,0,0,0,1,1,0x1001804A
1777181922.380,1259262,2,6,GNSS,1,CDH,4,TELEMETRY,2,TELEMETRY_0x02,0,0,0,0,0,0,0x08018044
1777181923.380,1260258,4,6,GNSS,255,BROADCAST,0,HEARTBEAT,48,HEARTBEAT,0,0,0,0,0,0,0x1001BFC0
1777181924.398,1261255,4,6,GNSS,255,BROADCAST,0,HEARTBEAT,48,HEARTBEAT,0,0,0,0,0,0,0x1001BFC0
1777181925.370,1262253,4,6,GNSS,255,BROADCAST,0,HEARTBEAT,48,HEARTBEAT,0,0,0,0,0,0,0x1001BFC0
1777181926.368,1263250,4,6,GNSS,255,BROADCAST,0,HEARTBEAT,48,HEARTBEAT,0,0,0,0,0,0,0x1001BFC0
1777181927.374,1264247,4,6,GNSS,255,BROADCAST,0,HEARTBEAT,48,HEARTBEAT,0,0,0,0,0,0,0x1001BFC0
1777181927.374,1264248,4,6,GNSS,1,CDH,10,HEALTH,1,HEALTH_0x01,0,0,0,0,1,1,0x1001804A
1777181927.374,1264249,2,6,GNSS,1,CDH,4,TELEMETRY,2,TELEMETRY_0x02,0,0,0,0,0,0,0x08018044
1777181928.395,1265245,4,6,GNSS,255,BROADCAST,0,HEARTBEAT,48,HEARTBEAT,0,0,0,0,0,0,0x1001BFC0
1777181929.360,1266243,4,6,GNSS,255,BROADCAST,0,HEARTBEAT,48,HEARTBEAT,0,0,0,0,0,0,0x1001BFC0
1777181930.357,1267240,4,6,GNSS,255,BROADCAST,0,HEARTBEAT,48,HEARTBEAT,0,0,0,0,0,0,0x1001BFC0
1777181931.355,1268237,4,6,GNSS,255,BROADCAST,0,HEARTBEAT,48,HEARTBEAT,0,0,0,0,0,0,0x1001BFC0
1777181932.389,1269234,4,6,GNSS,255,BROADCAST,0,HEARTBEAT,48,HEARTBEAT,0,0,0,0,0,0,0x1001BFC0
1777181932.389,1269235,4,6,GNSS,1,CDH,10,HEALTH,1,HEALTH_0x01,0,0,0,0,1,1,0x1001804A
1777181932.389,1269236,2,6,GNSS,1,CDH,4,TELEMETRY,2,TELEMETRY_0x02,0,0,0,0,0,0,0x08018044
1777181933.350,1270232,4,6,GNSS,255,BROADCAST,0,HEARTBEAT,48,HEARTBEAT,0,0,0,0,0,0,0x1001BFC0
1777181934.347,1271229,4,6,GNSS,255,BROADCAST,0,HEARTBEAT,48,HEARTBEAT,0,0,0,0,0,0,0x1001BFC0
1777181935.349,1272227,4,6,GNSS,255,BROADCAST,0,HEARTBEAT,48,HEARTBEAT,0,0,0,0,0,0,0x1001BFC0
1777181936.342,1273224,4,6,GNSS,255,BROADCAST,0,HEARTBEAT,48,HEARTBEAT,0,0,0,0,0,0,0x1001BFC0
1777181937.340,1274221,4,6,GNSS,255,BROADCAST,0,HEARTBEAT,48,HEARTBEAT,0,0,0,0,0,0,0x1001BFC0
1777181937.340,1274222,4,6,GNSS,1,CDH,10,HEALTH,1,HEALTH_0x01,0,0,0,0,1,1,0x1001804A
1777181937.340,1274223,2,6,GNSS,1,CDH,4,TELEMETRY,2,TELEMETRY_0x02,0,0,0,0,0,0,0x08018044
1777181938.338,1275219,4,6,GNSS,255,BROADCAST,0,HEARTBEAT,48,HEARTBEAT,0,0,0,0,0,0,0x1001BFC0
1777181939.356,1276217,4,6,GNSS,255,BROADCAST,0,HEARTBEAT,48,HEARTBEAT,0,0,0,0,0,0,0x1001BFC0
1777181940.332,1277214,4,6,GNSS,255,BROADCAST,0,HEARTBEAT,48,HEARTBEAT,0,0,0,0,0,0,0x1001BFC0
1777181941.331,1278211,4,6,GNSS,255,BROADCAST,0,HEARTBEAT,48,HEARTBEAT,0,0,0,0,0,0,0x1001BFC0
1777181942.327,1279209,4,6,GNSS,255,BROADCAST,0,HEARTBEAT,48,HEARTBEAT,0,0,0,0,0,0,0x1001BFC0
1777181942.328,1279210,4,6,GNSS,1,CDH,10,HEALTH,1,HEALTH_0x01,0,0,0,0,1,1,0x1001804A
1777181942.329,1279211,2,6,GNSS,1,CDH,4,TELEMETRY,2,TELEMETRY_0x02,0,0,0,0,0,0,0x08018044
1777181943.336,1280207,4,6,GNSS,255,BROADCAST,0,HEARTBEAT,48,HEARTBEAT,0,0,0,0,0,0,0x1001BFC0
1777181944.322,1281204,4,6,GNSS,255,BROADCAST,0,HEARTBEAT,48,HEARTBEAT,0,0,0,0,0,0,0x1001BFC0
1777181945.319,1282201,4,6,GNSS,255,BROADCAST,0,HEARTBEAT,48,HEARTBEAT,0,0,0,0,0,0,0x1001BFC0
1777181946.320,1283199,4,6,GNSS,255,BROADCAST,0,HEARTBEAT,48,HEARTBEAT,0,0,0,0,0,0,0x1001BFC0
1777181947.344,1284196,4,6,GNSS,255,BROADCAST,0,HEARTBEAT,48,HEARTBEAT,0,0,0,0,0,0,0x1001BFC0
1777181947.344,1284197,4,6,GNSS,1,CDH,10,HEALTH,1,HEALTH_0x01,0,0,0,0,1,1,0x1001804A
1777181947.344,1284198,2,6,GNSS,1,CDH,4,TELEMETRY,2,TELEMETRY_0x02,0,0,0,0,0,0,0x08018044
1777181948.312,1285194,4,6,GNSS,255,BROADCAST,0,HEARTBEAT,48,HEARTBEAT,0,0,0,0,0,0,0x1001BFC0
1777181949.309,1286191,4,6,GNSS,255,BROADCAST,0,HEARTBEAT,48,HEARTBEAT,0,0,0,0,0,0,0x1001BFC0
1777181950.308,1287189,4,6,GNSS,255,BROADCAST,0,HEARTBEAT,48,HEARTBEAT,0,0,0,0,0,0,0x1001BFC0
1777181951.336,1288186,4,6,GNSS,255,BROADCAST,0,HEARTBEAT,48,HEARTBEAT,0,0,0,0,0,0,0x1001BFC0
1777181952.301,1289183,4,6,GNSS,255,BROADCAST,0,HEARTBEAT,48,HEARTBEAT,0,0,0,0,0,0,0x1001BFC0
1777181952.302,1289184,4,6,GNSS,1,CDH,10,HEALTH,1,HEALTH_0x01,0,0,0,0,1,1,0x1001804A
1777181952.305,1289186,2,6,GNSS,1,CDH,4,TELEMETRY,2,TELEMETRY_0x02,0,0,0,0,0,0,0x08018044
1777181953.300,1290182,4,6,GNSS,255,BROADCAST,0,HEARTBEAT,48,HEARTBEAT,0,0,0,0,0,0,0x1001BFC0
1777181954.306,1291179,4,6,GNSS,255,BROADCAST,0,HEARTBEAT,48,HEARTBEAT,0,0,0,0,0,0,0x1001BFC0
1777181955.332,1292176,4,6,GNSS,255,BROADCAST,0,HEARTBEAT,48,HEARTBEAT,0,0,0,0,0,0,0x1001BFC0
1777181956.291,1293174,4,6,GNSS,255,BROADCAST,0,HEARTBEAT,48,HEARTBEAT,0,0,0,0,0,0,0x1001BFC0
1777181957.289,1294171,4,6,GNSS,255,BROADCAST,0,HEARTBEAT,48,HEARTBEAT,0,0,0,0,0,0,0x1001BFC0
1777181957.291,1294172,4,6,GNSS,1,CDH,10,HEALTH,1,HEALTH_0x01,0,0,0,0,1,1,0x1001804A
1777181957.292,1294173,2,6,GNSS,1,CDH,4,TELEMETRY,2,TELEMETRY_0x02,0,0,0,0,0,0,0x08018044
1777181958.299,1295169,4,6,GNSS,255,BROADCAST,0,HEARTBEAT,48,HEARTBEAT,0,0,0,0,0,0,0x1001BFC0
1777181959.325,1296167,4,6,GNSS,255,BROADCAST,0,HEARTBEAT,48,HEARTBEAT,0,0,0,0,0,0,0x1001BFC0
1777181960.282,1297164,4,6,GNSS,255,BROADCAST,0,HEARTBEAT,48,HEARTBEAT,0,0,0,0,0,0,0x1001BFC0
1777181961.279,1298161,4,6,GNSS,255,BROADCAST,0,HEARTBEAT,48,HEARTBEAT,0,0,0,0,0,0,0x1001BFC0
1777181962.296,1299158,4,6,GNSS,255,BROADCAST,0,HEARTBEAT,48,HEARTBEAT,0,0,0,0,0,0,0x1001BFC0
1777181962.296,1299159,4,6,GNSS,1,CDH,10,HEALTH,1,HEALTH_0x01,0,0,0,0,1,1,0x1001804A
1777181962.296,1299161,2,6,GNSS,1,CDH,4,TELEMETRY,2,TELEMETRY_0x02,0,0,0,0,0,0,0x08018044
1777181963.275,1300157,4,6,GNSS,255,BROADCAST,0,HEARTBEAT,48,HEARTBEAT,0,0,0,0,0,0,0x1001BFC0
1777181964.272,1301154,4,6,GNSS,255,BROADCAST,0,HEARTBEAT,48,HEARTBEAT,0,0,0,0,0,0,0x1001BFC0
1777181965.269,1302151,4,6,GNSS,255,BROADCAST,0,HEARTBEAT,48,HEARTBEAT,0,0,0,0,0,0,0x1001BFC0
1777181966.281,1303149,4,6,GNSS,255,BROADCAST,0,HEARTBEAT,48,HEARTBEAT,0,0,0,0,0,0,0x1001BFC0
1777181967.264,1304146,4,6,GNSS,255,BROADCAST,0,HEARTBEAT,48,HEARTBEAT,0,0,0,0,0,0,0x1001BFC0
1777181967.265,1304147,4,6,GNSS,1,CDH,10,HEALTH,1,HEALTH_0x01,0,0,0,0,1,1,0x1001804A
1777181967.266,1304148,2,6,GNSS,1,CDH,4,TELEMETRY,2,TELEMETRY_0x02,0,0,0,0,0,0,0x08018044
1777181968.263,1305144,4,6,GNSS,255,BROADCAST,0,HEARTBEAT,48,HEARTBEAT,0,0,0,0,0,0,0x1001BFC0
1777181969.259,1306141,4,6,GNSS,255,BROADCAST,0,HEARTBEAT,48,HEARTBEAT,0,0,0,0,0,0,0x1001BFC0
1777181970.271,1307139,4,6,GNSS,255,BROADCAST,0,HEARTBEAT,48,HEARTBEAT,0,0,0,0,0,0,0x1001BFC0
1777181971.253,1308136,4,6,GNSS,255,BROADCAST,0,HEARTBEAT,48,HEARTBEAT,0,0,0,0,0,0,0x1001BFC0
1777181972.251,1309133,4,6,GNSS,255,BROADCAST,0,HEARTBEAT,48,HEARTBEAT,0,0,0,0,0,0,0x1001BFC0
1777181972.252,1309134,4,6,GNSS,1,CDH,10,HEALTH,1,HEALTH_0x01,0,0,0,0,1,1,0x1001804A
1777181972.253,1309135,2,6,GNSS,1,CDH,4,TELEMETRY,2,TELEMETRY_0x02,0,0,0,0,0,0,0x08018044
1777181973.250,1310131,4,6,GNSS,255,BROADCAST,0,HEARTBEAT,48,HEARTBEAT,0,0,0,0,0,0,0x1001BFC0
1777181974.272,1311128,4,6,GNSS,255,BROADCAST,0,HEARTBEAT,48,HEARTBEAT,0,0,0,0,0,0,0x1001BFC0
1777181975.244,1312126,4,6,GNSS,255,BROADCAST,0,HEARTBEAT,48,HEARTBEAT,0,0,0,0,0,0,0x1001BFC0
1777181976.241,1313123,4,6,GNSS,255,BROADCAST,0,HEARTBEAT,48,HEARTBEAT,0,0,0,0,0,0,0x1001BFC0
1777181977.245,1314120,4,6,GNSS,255,BROADCAST,0,HEARTBEAT,48,HEARTBEAT,0,0,0,0,0,0,0x1001BFC0
1777181977.245,1314122,4,6,GNSS,1,CDH,10,HEALTH,1,HEALTH_0x01,0,0,0,0,1,1,0x1001804A
1777181977.245,1314123,2,6,GNSS,1,CDH,4,TELEMETRY,2,TELEMETRY_0x02,0,0,0,0,0,0,0x08018044
1777181978.258,1315118,4,6,GNSS,255,BROADCAST,0,HEARTBEAT,48,HEARTBEAT,0,0,0,0,0,0,0x1001BFC0
1777181979.233,1316115,4,6,GNSS,255,BROADCAST,0,HEARTBEAT,48,HEARTBEAT,0,0,0,0,0,0,0x1001BFC0
1777181980.231,1317112,4,6,GNSS,255,BROADCAST,0,HEARTBEAT,48,HEARTBEAT,0,0,0,0,0,0,0x1001BFC0
1777181981.231,1318110,4,6,GNSS,255,BROADCAST,0,HEARTBEAT,48,HEARTBEAT,0,0,0,0,0,0,0x1001BFC0
1777181982.263,1319107,4,6,GNSS,255,BROADCAST,0,HEARTBEAT,48,HEARTBEAT,0,0,0,0,0,0,0x1001BFC0
1777181982.263,1319108,4,6,GNSS,1,CDH,10,HEALTH,1,HEALTH_0x01,0,0,0,0,1,1,0x1001804A
1777181982.263,1319109,2,6,GNSS,1,CDH,4,TELEMETRY,2,TELEMETRY_0x02,0,0,0,0,0,0,0x08018044
1777181983.223,1320105,4,6,GNSS,255,BROADCAST,0,HEARTBEAT,48,HEARTBEAT,0,0,0,0,0,0,0x1001BFC0
1777181984.221,1321102,4,6,GNSS,255,BROADCAST,0,HEARTBEAT,48,HEARTBEAT,0,0,0,0,0,0,0x1001BFC0
1777181985.226,1322100,4,6,GNSS,255,BROADCAST,0,HEARTBEAT,48,HEARTBEAT,0,0,0,0,0,0,0x1001BFC0
1777181986.215,1323097,4,6,GNSS,255,BROADCAST,0,HEARTBEAT,48,HEARTBEAT,0,0,0,0,0,0,0x1001BFC0
1777181987.213,1324094,4,6,GNSS,255,BROADCAST,0,HEARTBEAT,48,HEARTBEAT,0,0,0,0,0,0,0x1001BFC0
1777181987.214,1324095,4,6,GNSS,1,CDH,10,HEALTH,1,HEALTH_0x01,0,0,0,0,1,1,0x1001804A
1777181987.214,1324096,2,6,GNSS,1,CDH,4,TELEMETRY,2,TELEMETRY_0x02,0,0,0,0,0,0,0x08018044
1777181988.211,1325092,4,6,GNSS,255,BROADCAST,0,HEARTBEAT,48,HEARTBEAT,0,0,0,0,0,0,0x1001BFC0
1777181989.213,1326089,4,6,GNSS,255,BROADCAST,0,HEARTBEAT,48,HEARTBEAT,0,0,0,0,0,0,0x1001BFC0
1777181990.205,1327087,4,6,GNSS,255,BROADCAST,0,HEARTBEAT,48,HEARTBEAT,0,0,0,0,0,0,0x1001BFC0
1777181991.202,1328084,4,6,GNSS,255,BROADCAST,0,HEARTBEAT,48,HEARTBEAT,0,0,0,0,0,0,0x1001BFC0
1777181992.200,1329081,4,6,GNSS,255,BROADCAST,0,HEARTBEAT,48,HEARTBEAT,0,0,0,0,0,0,0x1001BFC0
1777181992.201,1329082,4,6,GNSS,1,CDH,10,HEALTH,1,HEALTH_0x01,0,0,0,0,1,1,0x1001804A
1777181992.202,1329083,2,6,GNSS,1,CDH,4,TELEMETRY,2,TELEMETRY_0x02,0,0,0,0,0,0,0x08018044
1777181993.222,1330079,4,6,GNSS,255,BROADCAST,0,HEARTBEAT,48,HEARTBEAT,0,0,0,0,0,0,0x1001BFC0
1777181994.195,1331077,4,6,GNSS,255,BROADCAST,0,HEARTBEAT,48,HEARTBEAT,0,0,0,0,0,0,0x1001BFC0
1777181995.192,1332074,4,6,GNSS,255,BROADCAST,0,HEARTBEAT,48,HEARTBEAT,0,0,0,0,0,0,0x1001BFC0
1777181996.189,1333071,4,6,GNSS,255,BROADCAST,0,HEARTBEAT,48,HEARTBEAT,0,0,0,0,0,0,0x1001BFC0
1777181997.204,1334068,4,6,GNSS,255,BROADCAST,0,HEARTBEAT,48,HEARTBEAT,0,0,0,0,0,0,0x1001BFC0
1777181997.204,1334069,4,6,GNSS,1,CDH,10,HEALTH,1,HEALTH_0x01,0,0,0,0,1,1,0x1001804A
1777181997.204,1334070,2,6,GNSS,1,CDH,4,TELEMETRY,2,TELEMETRY_0x02,0,0,0,0,0,0,0x08018044
1777181998.185,1335067,4,6,GNSS,255,BROADCAST,0,HEARTBEAT,48,HEARTBEAT,0,0,0,0,0,0,0x1001BFC0
1777181999.182,1336064,4,6,GNSS,255,BROADCAST,0,HEARTBEAT,48,HEARTBEAT,0,0,0,0,0,0,0x1001BFC0
1777182000.182,1337061,4,6,GNSS,255,BROADCAST,0,HEARTBEAT,48,HEARTBEAT,0,0,0,0,0,0,0x1001BFC0
1777182001.199,1338058,4,6,GNSS,255,BROADCAST,0,HEARTBEAT,48,HEARTBEAT,0,0,0,0,0,0,0x1001BFC0
1777182002.176,1339055,4,6,GNSS,255,BROADCAST,0,HEARTBEAT,48,HEARTBEAT,0,0,0,0,0,0,0x1001BFC0
1777182002.176,1339056,4,6,GNSS,1,CDH,10,HEALTH,1,HEALTH_0x01,0,0,0,0,1,1,0x1001804A
1777182002.176,1339057,2,6,GNSS,1,CDH,4,TELEMETRY,2,TELEMETRY_0x02,0,0,0,0,0,0,0x08018044
1777182003.172,1340053,4,6,GNSS,255,BROADCAST,0,HEARTBEAT,48,HEARTBEAT,0,0,0,0,0,0,0x1001BFC0
1777182004.180,1341051,4,6,GNSS,255,BROADCAST,0,HEARTBEAT,48,HEARTBEAT,0,0,0,0,0,0,0x1001BFC0
1777182005.194,1342048,4,6,GNSS,255,BROADCAST,0,HEARTBEAT,48,HEARTBEAT,0,0,0,0,0,0,0x1001BFC0
1777182006.164,1343045,4,6,GNSS,255,BROADCAST,0,HEARTBEAT,48,HEARTBEAT,0,0,0,0,0,0,0x1001BFC0
1777182007.163,1344042,4,6,GNSS,255,BROADCAST,0,HEARTBEAT,48,HEARTBEAT,0,0,0,0,0,0,0x1001BFC0
1777182007.163,1344043,4,6,GNSS,1,CDH,10,HEALTH,1,HEALTH_0x01,0,0,0,0,1,1,0x1001804A
1777182007.163,1344044,2,6,GNSS,1,CDH,4,TELEMETRY,2,TELEMETRY_0x02,0,0,0,0,0,0,0x08018044
1777182008.170,1345041,4,6,GNSS,255,BROADCAST,0,HEARTBEAT,48,HEARTBEAT,0,0,0,0,0,0,0x1001BFC0
1777182009.187,1346038,4,6,GNSS,255,BROADCAST,0,HEARTBEAT,48,HEARTBEAT,0,0,0,0,0,0,0x1001BFC0
1777182010.154,1347035,4,6,GNSS,255,BROADCAST,0,HEARTBEAT,48,HEARTBEAT,0,0,0,0,0,0,0x1001BFC0
1777182011.151,1348032,4,6,GNSS,255,BROADCAST,0,HEARTBEAT,48,HEARTBEAT,0,0,0,0,0,0,0x1001BFC0
1777182012.165,1349030,4,6,GNSS,255,BROADCAST,0,HEARTBEAT,48,HEARTBEAT,0,0,0,0,0,0,0x1001BFC0
1777182012.165,1349031,4,6,GNSS,1,CDH,10,HEALTH,1,HEALTH_0x01,0,0,0,0,1,1,0x1001804A
1777182012.165,1349032,2,6,GNSS,1,CDH,4,TELEMETRY,2,TELEMETRY_0x02,0,0,0,0,0,0,0x08018044
1777182013.146,1350028,4,6,GNSS,255,BROADCAST,0,HEARTBEAT,48,HEARTBEAT,0,0,0,0,0,0,0x1001BFC0
1777182014.144,1351025,4,6,GNSS,255,BROADCAST,0,HEARTBEAT,48,HEARTBEAT,0,0,0,0,0,0,0x1001BFC0
1777182015.141,1352022,4,6,GNSS,255,BROADCAST,0,HEARTBEAT,48,HEARTBEAT,0,0,0,0,0,0,0x1001BFC0
1777182016.147,1353019,4,6,GNSS,255,BROADCAST,0,HEARTBEAT,48,HEARTBEAT,0,0,0,0,0,0,0x1001BFC0
1777182017.136,1354017,4,6,GNSS,255,BROADCAST,0,HEARTBEAT,48,HEARTBEAT,0,0,0,0,0,0,0x1001BFC0
1777182017.137,1354018,4,6,GNSS,1,CDH,10,HEALTH,1,HEALTH_0x01,0,0,0,0,1,1,0x1001804A
1777182017.137,1354019,2,6,GNSS,1,CDH,4,TELEMETRY,2,TELEMETRY_0x02,0,0,0,0,0,0,0x08018044
1777182018.134,1355015,4,6,GNSS,255,BROADCAST,0,HEARTBEAT,48,HEARTBEAT,0,0,0,0,0,0,0x1001BFC0
1777182019.131,1356012,4,6,GNSS,255,BROADCAST,0,HEARTBEAT,48,HEARTBEAT,0,0,0,0,0,0,0x1001BFC0
1777182020.148,1357009,4,6,GNSS,255,BROADCAST,0,HEARTBEAT,48,HEARTBEAT,0,0,0,0,0,0,0x1001BFC0
1777182021.125,1358006,4,6,GNSS,255,BROADCAST,0,HEARTBEAT,48,HEARTBEAT,0,0,0,0,0,0,0x1001BFC0
1777182022.122,1359003,4,6,GNSS,255,BROADCAST,0,HEARTBEAT,48,HEARTBEAT,0,0,0,0,0,0,0x1001BFC0
1777182022.123,1359004,4,6,GNSS,1,CDH,10,HEALTH,1,HEALTH_0x01,0,0,0,0,1,1,0x1001804A
1777182022.127,1359006,2,6,GNSS,1,CDH,4,TELEMETRY,2,TELEMETRY_0x02,0,0,0,0,0,0,0x08018044
1777182023.121,1360002,4,6,GNSS,255,BROADCAST,0,HEARTBEAT,48,HEARTBEAT,0,0,0,0,0,0,0x1001BFC0
1777182024.139,1360999,4,6,GNSS,255,BROADCAST,0,HEARTBEAT,48,HEARTBEAT,0,0,0,0,0,0,0x1001BFC0
1777182025.114,1361996,4,6,GNSS,255,BROADCAST,0,HEARTBEAT,48,HEARTBEAT,0,0,0,0,0,0,0x1001BFC0
1777182026.111,1362993,4,6,GNSS,255,BROADCAST,0,HEARTBEAT,48,HEARTBEAT,0,0,0,0,0,0,0x1001BFC0
1777182027.112,1363990,4,6,GNSS,255,BROADCAST,0,HEARTBEAT,48,HEARTBEAT,0,0,0,0,0,0,0x1001BFC0
1777182027.112,1363991,4,6,GNSS,1,CDH,10,HEALTH,1,HEALTH_0x01,0,0,0,0,1,1,0x1001804A
1777182027.112,1363992,2,6,GNSS,1,CDH,4,TELEMETRY,2,TELEMETRY_0x02,0,0,0,0,0,0,0x08018044
1777182028.136,1364989,4,6,GNSS,255,BROADCAST,0,HEARTBEAT,48,HEARTBEAT,0,0,0,0,0,0,0x1001BFC0
1777182029.104,1365986,4,6,GNSS,255,BROADCAST,0,HEARTBEAT,48,HEARTBEAT,0,0,0,0,0,0,0x1001BFC0
1777182030.102,1366983,4,6,GNSS,255,BROADCAST,0,HEARTBEAT,48,HEARTBEAT,0,0,0,0,0,0,0x1001BFC0
1777182031.109,1367980,4,6,GNSS,255,BROADCAST,0,HEARTBEAT,48,HEARTBEAT,0,0,0,0,0,0,0x1001BFC0
1777182032.128,1368977,4,6,GNSS,255,BROADCAST,0,HEARTBEAT,48,HEARTBEAT,0,0,0,0,0,0,0x1001BFC0
1777182032.128,1368978,4,6,GNSS,1,CDH,10,HEALTH,1,HEALTH_0x01,0,0,0,0,1,1,0x1001804A
1777182032.128,1368979,2,6,GNSS,1,CDH,4,TELEMETRY,2,TELEMETRY_0x02,0,0,0,0,0,0,0x08018044
1777182033.094,1369975,4,6,GNSS,255,BROADCAST,0,HEARTBEAT,48,HEARTBEAT,0,0,0,0,0,0,0x1001BFC0
1777182034.109,1370973,4,6,GNSS,255,BROADCAST,0,HEARTBEAT,48,HEARTBEAT,0,0,0,0,0,0,0x1001BFC0
1777182035.091,1371970,4,6,GNSS,255,BROADCAST,0,HEARTBEAT,48,HEARTBEAT,0,0,0,0,0,0,0x1001BFC0
1777182036.123,1372967,4,6,GNSS,255,BROADCAST,0,HEARTBEAT,48,HEARTBEAT,0,0,0,0,0,0,0x1001BFC0
1777182037.084,1373964,4,6,GNSS,255,BROADCAST,0,HEARTBEAT,48,HEARTBEAT,0,0,0,0,0,0,0x1001BFC0
1777182037.084,1373965,4,6,GNSS,1,CDH,10,HEALTH,1,HEALTH_0x01,0,0,0,0,1,1,0x1001804A
1777182037.085,1373966,2,6,GNSS,1,CDH,4,TELEMETRY,2,TELEMETRY_0x02,0,0,0,0,0,0,0x08018044
1777182038.081,1374962,4,6,GNSS,255,BROADCAST,0,HEARTBEAT,48,HEARTBEAT,0,0,0,0,0,0,0x1001BFC0
1777182039.094,1375960,4,6,GNSS,255,BROADCAST,0,HEARTBEAT,48,HEARTBEAT,0,0,0,0,0,0,0x1001BFC0
1777182040.076,1376957,4,6,GNSS,255,BROADCAST,0,HEARTBEAT,48,HEARTBEAT,0,0,0,0,0,0,0x1001BFC0
1777182041.073,1377954,4,6,GNSS,255,BROADCAST,0,HEARTBEAT,48,HEARTBEAT,0,0,0,0,0,0,0x1001BFC0
1777182042.070,1378951,4,6,GNSS,255,BROADCAST,0,HEARTBEAT,48,HEARTBEAT,0,0,0,0,0,0,0x1001BFC0
1777182042.071,1378952,4,6,GNSS,1,CDH,10,HEALTH,1,HEALTH_0x01,0,0,0,0,1,1,0x1001804A
1777182042.072,1378953,2,6,GNSS,1,CDH,4,TELEMETRY,2,TELEMETRY_0x02,0,0,0,0,0,0,0x08018044
1777182043.083,1379949,4,6,GNSS,255,BROADCAST,0,HEARTBEAT,48,HEARTBEAT,0,0,0,0,0,0,0x1001BFC0
1777182044.065,1380946,4,6,GNSS,255,BROADCAST,0,HEARTBEAT,48,HEARTBEAT,0,0,0,0,0,0,0x1001BFC0
1777182045.066,1381944,4,6,GNSS,255,BROADCAST,0,HEARTBEAT,48,HEARTBEAT,0,0,0,0,0,0,0x1001BFC0
1777182046.059,1382941,4,6,GNSS,255,BROADCAST,0,HEARTBEAT,48,HEARTBEAT,0,0,0,0,0,0,0x1001BFC0
1777182047.071,1383938,4,6,GNSS,255,BROADCAST,0,HEARTBEAT,48,HEARTBEAT,0,0,0,0,0,0,0x1001BFC0
1777182047.071,1383939,4,6,GNSS,1,CDH,10,HEALTH,1,HEALTH_0x01,0,0,0,0,1,1,0x1001804A
1777182047.071,1383940,2,6,GNSS,1,CDH,4,TELEMETRY,2,TELEMETRY_0x02,0,0,0,0,0,0,0x08018044
1777182048.055,1384936,4,6,GNSS,255,BROADCAST,0,HEARTBEAT,48,HEARTBEAT,0,0,0,0,0,0,0x1001BFC0
1777182049.052,1385933,4,6,GNSS,255,BROADCAST,0,HEARTBEAT,48,HEARTBEAT,0,0,0,0,0,0,0x1001BFC0
1777182050.050,1386930,4,6,GNSS,255,BROADCAST,0,HEARTBEAT,48,HEARTBEAT,0,0,0,0,0,0,0x1001BFC0
1777182051.076,1387928,4,6,GNSS,255,BROADCAST,0,HEARTBEAT,48,HEARTBEAT,0,0,0,0,0,0,0x1001BFC0
1777182052.044,1388925,4,6,GNSS,255,BROADCAST,0,HEARTBEAT,48,HEARTBEAT,0,0,0,0,0,0,0x1001BFC0
1777182052.045,1388926,4,6,GNSS,1,CDH,10,HEALTH,1,HEALTH_0x01,0,0,0,0,1,1,0x1001804A
1777182052.046,1388927,2,6,GNSS,1,CDH,4,TELEMETRY,2,TELEMETRY_0x02,0,0,0,0,0,0,0x08018044
1777182053.042,1389923,4,6,GNSS,255,BROADCAST,0,HEARTBEAT,48,HEARTBEAT,0,0,0,0,0,0,0x1001BFC0
1777182054.040,1390920,4,6,GNSS,255,BROADCAST,0,HEARTBEAT,48,HEARTBEAT,0,0,0,0,0,0,0x1001BFC0
1777182055.068,1391918,4,6,GNSS,255,BROADCAST,0,HEARTBEAT,48,HEARTBEAT,0,0,0,0,0,0,0x1001BFC0
1777182056.034,1392915,4,6,GNSS,255,BROADCAST,0,HEARTBEAT,48,HEARTBEAT,0,0,0,0,0,0,0x1001BFC0
1777182057.033,1393912,4,6,GNSS,255,BROADCAST,0,HEARTBEAT,48,HEARTBEAT,0,0,0,0,0,0,0x1001BFC0
1777182057.033,1393913,4,6,GNSS,1,CDH,10,HEALTH,1,HEALTH_0x01,0,0,0,0,1,1,0x1001804A
1777182057.033,1393915,2,6,GNSS,1,CDH,4,TELEMETRY,2,TELEMETRY_0x02,0,0,0,0,0,0,0x08018044
1777182058.030,1394911,4,6,GNSS,255,BROADCAST,0,HEARTBEAT,48,HEARTBEAT,0,0,0,0,0,0,0x1001BFC0
1777182059.063,1395908,4,6,GNSS,255,BROADCAST,0,HEARTBEAT,48,HEARTBEAT,0,0,0,0,0,0,0x1001BFC0
1777182060.024,1396905,4,6,GNSS,255,BROADCAST,0,HEARTBEAT,48,HEARTBEAT,0,0,0,0,0,0,0x1001BFC0
1777182061.022,1397902,4,6,GNSS,255,BROADCAST,0,HEARTBEAT,48,HEARTBEAT,0,0,0,0,0,0,0x1001BFC0
1777182062.034,1398900,4,6,GNSS,255,BROADCAST,0,HEARTBEAT,48,HEARTBEAT,0,0,0,0,0,0,0x1001BFC0
1777182062.034,1398901,4,6,GNSS,1,CDH,10,HEALTH,1,HEALTH_0x01,0,0,0,0,1,1,0x1001804A
1777182062.034,1398902,2,6,GNSS,1,CDH,4,TELEMETRY,2,TELEMETRY_0x02,0,0,0,0,0,0,0x08018044
1777182063.050,1399898,4,6,GNSS,255,BROADCAST,0,HEARTBEAT,48,HEARTBEAT,0,0,0,0,0,0,0x1001BFC0
1777182064.015,1400895,4,6,GNSS,255,BROADCAST,0,HEARTBEAT,48,HEARTBEAT,0,0,0,0,0,0,0x1001BFC0
1777182065.012,1401893,4,6,GNSS,255,BROADCAST,0,HEARTBEAT,48,HEARTBEAT,0,0,0,0,0,0,0x1001BFC0
1777182066.015,1402890,4,6,GNSS,255,BROADCAST,0,HEARTBEAT,48,HEARTBEAT,0,0,0,0,0,0,0x1001BFC0
1777182067.006,1403887,4,6,GNSS,255,BROADCAST,0,HEARTBEAT,48,HEARTBEAT,0,0,0,0,0,0,0x1001BFC0
1777182067.007,1403888,4,6,GNSS,1,CDH,10,HEALTH,1,HEALTH_0x01,0,0,0,0,1,1,0x1001804A
1777182067.008,1403889,2,6,GNSS,1,CDH,4,TELEMETRY,2,TELEMETRY_0x02,0,0,0,0,0,0,0x08018044
1777182068.004,1404885,4,6,GNSS,255,BROADCAST,0,HEARTBEAT,48,HEARTBEAT,0,0,0,0,0,0,0x1001BFC0
1777182069.002,1405882,4,6,GNSS,255,BROADCAST,0,HEARTBEAT,48,HEARTBEAT,0,0,0,0,0,0,0x1001BFC0
1777182070.015,1406880,4,6,GNSS,255,BROADCAST,0,HEARTBEAT,48,HEARTBEAT,0,0,0,0,0,0,0x1001BFC0
1777182070.996,1407877,4,6,GNSS,255,BROADCAST,0,HEARTBEAT,48,HEARTBEAT,0,0,0,0,0,0,0x1001BFC0
1777182071.996,1408874,4,6,GNSS,255,BROADCAST,0,HEARTBEAT,48,HEARTBEAT,0,0,0,0,0,0,0x1001BFC0
1777182071.996,1408875,4,6,GNSS,1,CDH,10,HEALTH,1,HEALTH_0x01,0,0,0,0,1,1,0x1001804A
1777182071.996,1408876,2,6,GNSS,1,CDH,4,TELEMETRY,2,TELEMETRY_0x02,0,0,0,0,0,0,0x08018044
1777182072.992,1409873,4,6,GNSS,255,BROADCAST,0,HEARTBEAT,48,HEARTBEAT,0,0,0,0,0,0,0x1001BFC0
1777182074.014,1410870,4,6,GNSS,255,BROADCAST,0,HEARTBEAT,48,HEARTBEAT,0,0,0,0,0,0,0x1001BFC0
1777182074.987,1411867,4,6,GNSS,255,BROADCAST,0,HEARTBEAT,48,HEARTBEAT,0,0,0,0,0,0,0x1001BFC0
1777182075.983,1412864,4,6,GNSS,255,BROADCAST,0,HEARTBEAT,48,HEARTBEAT,0,0,0,0,0,0,0x1001BFC0
1777182076.983,1413861,4,6,GNSS,255,BROADCAST,0,HEARTBEAT,48,HEARTBEAT,0,0,0,0,0,0,0x1001BFC0
1777182076.983,1413862,4,6,GNSS,1,CDH,10,HEALTH,1,HEALTH_0x01,0,0,0,0,1,1,0x1001804A
1777182076.983,1413864,2,6,GNSS,1,CDH,4,TELEMETRY,2,TELEMETRY_0x02,0,0,0,0,0,0,0x08018044
1777182077.997,1414860,4,6,GNSS,255,BROADCAST,0,HEARTBEAT,48,HEARTBEAT,0,0,0,0,0,0,0x1001BFC0
1777182078.976,1415857,4,6,GNSS,255,BROADCAST,0,HEARTBEAT,48,HEARTBEAT,0,0,0,0,0,0,0x1001BFC0
1777182079.974,1416854,4,6,GNSS,255,BROADCAST,0,HEARTBEAT,48,HEARTBEAT,0,0,0,0,0,0,0x1001BFC0
1777182080.978,1417852,4,6,GNSS,255,BROADCAST,0,HEARTBEAT,48,HEARTBEAT,0,0,0,0,0,0,0x1001BFC0
1777182081.995,1418849,4,6,GNSS,255,BROADCAST,0,HEARTBEAT,48,HEARTBEAT,0,0,0,0,0,0,0x1001BFC0
1777182081.995,1418850,4,6,GNSS,1,CDH,10,HEALTH,1,HEALTH_0x01,0,0,0,0,1,1,0x1001804A
1777182081.995,1418851,2,6,GNSS,1,CDH,4,TELEMETRY,2,TELEMETRY_0x02,0,0,0,0,0,0,0x08018044
1777182082.966,1419847,4,6,GNSS,255,BROADCAST,0,HEARTBEAT,48,HEARTBEAT,0,0,0,0,0,0,0x1001BFC0
1777182083.964,1420844,4,6,GNSS,255,BROADCAST,0,HEARTBEAT,48,HEARTBEAT,0,0,0,0,0,0,0x1001BFC0
1777182084.971,1421841,4,6,GNSS,255,BROADCAST,0,HEARTBEAT,48,HEARTBEAT,0,0,0,0,0,0,0x1001BFC0
1777182085.982,1422839,4,6,GNSS,255,BROADCAST,0,HEARTBEAT,48,HEARTBEAT,0,0,0,0,0,0,0x1001BFC0
1777182086.956,1423836,4,6,GNSS,255,BROADCAST,0,HEARTBEAT,48,HEARTBEAT,0,0,0,0,0,0,0x1001BFC0
1777182086.956,1423837,4,6,GNSS,1,CDH,10,HEALTH,1,HEALTH_0x01,0,0,0,0,1,1,0x1001804A
1777182086.957,1423838,2,6,GNSS,1,CDH,4,TELEMETRY,2,TELEMETRY_0x02,0,0,0,0,0,0,0x08018044
1777182087.954,1424834,4,6,GNSS,255,BROADCAST,0,HEARTBEAT,48,HEARTBEAT,0,0,0,0,0,0,0x1001BFC0
1777182088.960,1425831,4,6,GNSS,255,BROADCAST,0,HEARTBEAT,48,HEARTBEAT,0,0,0,0,0,0,0x1001BFC0
1777182089.949,1426829,4,6,GNSS,255,BROADCAST,0,HEARTBEAT,48,HEARTBEAT,0,0,0,0,0,0,0x1001BFC0
1777182090.946,1427826,4,6,GNSS,255,BROADCAST,0,HEARTBEAT,48,HEARTBEAT,0,0,0,0,0,0,0x1001BFC0
1777182091.946,1428823,4,6,GNSS,255,BROADCAST,0,HEARTBEAT,48,HEARTBEAT,0,0,0,0,0,0,0x1001BFC0
1777182091.946,1428825,4,6,GNSS,1,CDH,10,HEALTH,1,HEALTH_0x01,0,0,0,0,1,1,0x1001804A
1777182091.946,1428826,2,6,GNSS,1,CDH,4,TELEMETRY,2,TELEMETRY_0x02,0,0,0,0,0,0,0x08018044
1777182092.957,1429822,4,6,GNSS,255,BROADCAST,0,HEARTBEAT,48,HEARTBEAT,0,0,0,0,0,0,0x1001BFC0
1777182093.938,1430819,4,6,GNSS,255,BROADCAST,0,HEARTBEAT,48,HEARTBEAT,0,0,0,0,0,0,0x1001BFC0
1777182094.936,1431816,4,6,GNSS,255,BROADCAST,0,HEARTBEAT,48,HEARTBEAT,0,0,0,0,0,0,0x1001BFC0
1777182095.933,1432813,4,6,GNSS,255,BROADCAST,0,HEARTBEAT,48,HEARTBEAT,0,0,0,0,0,0,0x1001BFC0
1777182096.953,1433811,4,6,GNSS,255,BROADCAST,0,HEARTBEAT,48,HEARTBEAT,0,0,0,0,0,0,0x1001BFC0
1777182096.953,1433812,4,6,GNSS,1,CDH,10,HEALTH,1,HEALTH_0x01,0,0,0,0,1,1,0x1001804A
1777182096.953,1433813,2,6,GNSS,1,CDH,4,TELEMETRY,2,TELEMETRY_0x02,0,0,0,0,0,0,0x08018044
1777182097.929,1434809,4,6,GNSS,255,BROADCAST,0,HEARTBEAT,48,HEARTBEAT,0,0,0,0,0,0,0x1001BFC0
1777182098.931,1435806,4,6,GNSS,255,BROADCAST,0,HEARTBEAT,48,HEARTBEAT,0,0,0,0,0,0,0x1001BFC0
1777182099.924,1436804,4,6,GNSS,255,BROADCAST,0,HEARTBEAT,48,HEARTBEAT,0,0,0,0,0,0,0x1001BFC0
1777182100.937,1437801,4,6,GNSS,255,BROADCAST,0,HEARTBEAT,48,HEARTBEAT,0,0,0,0,0,0,0x1001BFC0
1777182101.918,1438798,4,6,GNSS,255,BROADCAST,0,HEARTBEAT,48,HEARTBEAT,0,0,0,0,0,0,0x1001BFC0
1777182101.919,1438799,4,6,GNSS,1,CDH,10,HEALTH,1,HEALTH_0x01,0,0,0,0,1,1,0x1001804A
1777182101.920,1438800,2,6,GNSS,1,CDH,4,TELEMETRY,2,TELEMETRY_0x02,0,0,0,0,0,0,0x08018044
1777182102.916,1439797,4,6,GNSS,255,BROADCAST,0,HEARTBEAT,48,HEARTBEAT,0,0,0,0,0,0,0x1001BFC0
1777182103.913,1440794,4,6,GNSS,255,BROADCAST,0,HEARTBEAT,48,HEARTBEAT,0,0,0,0,0,0,0x1001BFC0
1777182104.941,1441791,4,6,GNSS,255,BROADCAST,0,HEARTBEAT,48,HEARTBEAT,0,0,0,0,0,0,0x1001BFC0
1777182105.908,1442788,4,6,GNSS,255,BROADCAST,0,HEARTBEAT,48,HEARTBEAT,0,0,0,0,0,0,0x1001BFC0
1777182106.906,1443786,4,6,GNSS,255,BROADCAST,0,HEARTBEAT,48,HEARTBEAT,0,0,0,0,0,0,0x1001BFC0
1777182106.907,1443787,4,6,GNSS,1,CDH,10,HEALTH,1,HEALTH_0x01,0,0,0,0,1,1,0x1001804A
1777182106.907,1443788,2,6,GNSS,1,CDH,4,TELEMETRY,2,TELEMETRY_0x02,0,0,0,0,0,0,0x08018044
1777182107.908,1444784,4,6,GNSS,255,BROADCAST,0,HEARTBEAT,48,HEARTBEAT,0,0,0,0,0,0,0x1001BFC0
1777182108.935,1445781,4,6,GNSS,255,BROADCAST,0,HEARTBEAT,48,HEARTBEAT,0,0,0,0,0,0,0x1001BFC0
1777182109.898,1446778,4,6,GNSS,255,BROADCAST,0,HEARTBEAT,48,HEARTBEAT,0,0,0,0,0,0,0x1001BFC0
1777182110.896,1447776,4,6,GNSS,255,BROADCAST,0,HEARTBEAT,48,HEARTBEAT,0,0,0,0,0,0,0x1001BFC0
1777182111.904,1448773,4,6,GNSS,255,BROADCAST,0,HEARTBEAT,48,HEARTBEAT,0,0,0,0,0,0,0x1001BFC0
1777182111.904,1448774,4,6,GNSS,1,CDH,10,HEALTH,1,HEALTH_0x01,0,0,0,0,1,1,0x1001804A
1777182111.904,1448775,2,6,GNSS,1,CDH,4,TELEMETRY,2,TELEMETRY_0x02,0,0,0,0,0,0,0x08018044
1777182112.922,1449771,4,6,GNSS,255,BROADCAST,0,HEARTBEAT,48,HEARTBEAT,0,0,0,0,0,0,0x1001BFC0
1777182113.889,1450769,4,6,GNSS,255,BROADCAST,0,HEARTBEAT,48,HEARTBEAT,0,0,0,0,0,0,0x1001BFC0
1777182114.886,1451766,4,6,GNSS,255,BROADCAST,0,HEARTBEAT,48,HEARTBEAT,0,0,0,0,0,0,0x1001BFC0
1777182115.896,1452763,4,6,GNSS,255,BROADCAST,0,HEARTBEAT,48,HEARTBEAT,0,0,0,0,0,0,0x1001BFC0
1777182116.880,1453761,4,6,GNSS,255,BROADCAST,0,HEARTBEAT,48,HEARTBEAT,0,0,0,0,0,0,0x1001BFC0
1777182116.919,1453762,4,6,GNSS,1,CDH,10,HEALTH,1,HEALTH_0x01,0,0,0,0,1,1,0x1001804A
1777182116.919,1453763,2,6,GNSS,1,CDH,4,TELEMETRY,2,TELEMETRY_0x02,0,0,0,0,0,0,0x08018044
1777182117.878,1454759,4,6,GNSS,255,BROADCAST,0,HEARTBEAT,48,HEARTBEAT,0,0,0,0,0,0,0x1001BFC0
1777182118.876,1455756,4,6,GNSS,255,BROADCAST,0,HEARTBEAT,48,HEARTBEAT,0,0,0,0,0,0,0x1001BFC0
1777182119.878,1456753,4,6,GNSS,255,BROADCAST,0,HEARTBEAT,48,HEARTBEAT,0,0,0,0,0,0,0x1001BFC0
1777182120.870,1457751,4,6,GNSS,255,BROADCAST,0,HEARTBEAT,48,HEARTBEAT,0,0,0,0,0,0,0x1001BFC0
1777182121.870,1458748,4,6,GNSS,255,BROADCAST,0,HEARTBEAT,48,HEARTBEAT,0,0,0,0,0,0,0x1001BFC0
1777182121.870,1458749,4,6,GNSS,1,CDH,10,HEALTH,1,HEALTH_0x01,0,0,0,0,1,1,0x1001804A
1777182121.870,1458750,2,6,GNSS,1,CDH,4,TELEMETRY,2,TELEMETRY_0x02,0,0,0,0,0,0,0x08018044
1777182122.866,1459746,4,6,GNSS,255,BROADCAST,0,HEARTBEAT,48,HEARTBEAT,0,0,0,0,0,0,0x1001BFC0
1777182123.874,1460743,4,6,GNSS,255,BROADCAST,0,HEARTBEAT,48,HEARTBEAT,0,0,0,0,0,0,0x1001BFC0
1777182124.861,1461741,4,6,GNSS,255,BROADCAST,0,HEARTBEAT,48,HEARTBEAT,0,0,0,0,0,0,0x1001BFC0
1777182125.858,1462738,4,6,GNSS,255,BROADCAST,0,HEARTBEAT,48,HEARTBEAT,0,0,0,0,0,0,0x1001BFC0
1777182126.855,1463735,4,6,GNSS,255,BROADCAST,0,HEARTBEAT,48,HEARTBEAT,0,0,0,0,0,0,0x1001BFC0
1777182126.857,1463736,4,6,GNSS,1,CDH,10,HEALTH,1,HEALTH_0x01,0,0,0,0,1,1,0x1001804A
1777182126.857,1463738,2,6,GNSS,1,CDH,4,TELEMETRY,2,TELEMETRY_0x02,0,0,0,0,0,0,0x08018044
1777182127.879,1464734,4,6,GNSS,255,BROADCAST,0,HEARTBEAT,48,HEARTBEAT,0,0,0,0,0,0,0x1001BFC0
1777182128.850,1465731,4,6,GNSS,255,BROADCAST,0,HEARTBEAT,48,HEARTBEAT,0,0,0,0,0,0,0x1001BFC0
1777182129.848,1466728,4,6,GNSS,255,BROADCAST,0,HEARTBEAT,48,HEARTBEAT,0,0,0,0,0,0,0x1001BFC0
1777182130.846,1467725,4,6,GNSS,255,BROADCAST,0,HEARTBEAT,48,HEARTBEAT,0,0,0,0,0,0,0x1001BFC0
1777182131.868,1468722,4,6,GNSS,255,BROADCAST,0,HEARTBEAT,48,HEARTBEAT,0,0,0,0,0,0,0x1001BFC0
1777182131.868,1468723,4,6,GNSS,1,CDH,10,HEALTH,1,HEALTH_0x01,0,0,0,0,1,1,0x1001804A
1777182131.868,1468725,2,6,GNSS,1,CDH,4,TELEMETRY,2,TELEMETRY_0x02,0,0,0,0,0,0,0x08018044
1777182132.841,1469721,4,6,GNSS,255,BROADCAST,0,HEARTBEAT,48,HEARTBEAT,0,0,0,0,0,0,0x1001BFC0
1777182133.838,1470718,4,6,GNSS,255,BROADCAST,0,HEARTBEAT,48,HEARTBEAT,0,0,0,0,0,0,0x1001BFC0
1777182134.844,1471715,4,6,GNSS,255,BROADCAST,0,HEARTBEAT,48,HEARTBEAT,0,0,0,0,0,0,0x1001BFC0
1777182135.856,1472712,4,6,GNSS,255,BROADCAST,0,HEARTBEAT,48,HEARTBEAT,0,0,0,0,0,0,0x1001BFC0
1777182136.830,1473710,4,6,GNSS,255,BROADCAST,0,HEARTBEAT,48,HEARTBEAT,0,0,0,0,0,0,0x1001BFC0
1777182136.831,1473711,4,6,GNSS,1,CDH,10,HEALTH,1,HEALTH_0x01,0,0,0,0,1,1,0x1001804A
1777182136.832,1473712,2,6,GNSS,1,CDH,4,TELEMETRY,2,TELEMETRY_0x02,0,0,0,0,0,0,0x08018044
1777182137.828,1474708,4,6,GNSS,255,BROADCAST,0,HEARTBEAT,48,HEARTBEAT,0,0,0,0,0,0,0x1001BFC0
1777182138.832,1475705,4,6,GNSS,255,BROADCAST,0,HEARTBEAT,48,HEARTBEAT,0,0,0,0,0,0,0x1001BFC0
1777182139.859,1476702,4,6,GNSS,255,BROADCAST,0,HEARTBEAT,48,HEARTBEAT,0,0,0,0,0,0,0x1001BFC0
1777182140.819,1477699,4,6,GNSS,255,BROADCAST,0,HEARTBEAT,48,HEARTBEAT,0,0,0,0,0,0,0x1001BFC0
1777182141.819,1478697,4,6,GNSS,255,BROADCAST,0,HEARTBEAT,48,HEARTBEAT,0,0,0,0,0,0,0x1001BFC0
1777182141.819,1478698,4,6,GNSS,1,CDH,10,HEALTH,1,HEALTH_0x01,0,0,0,0,1,1,0x1001804A
1777182141.819,1478699,2,6,GNSS,1,CDH,4,TELEMETRY,2,TELEMETRY_0x02,0,0,0,0,0,0,0x08018044
1777182142.828,1479695,4,6,GNSS,255,BROADCAST,0,HEARTBEAT,48,HEARTBEAT,0,0,0,0,0,0,0x1001BFC0
1777182143.813,1480692,4,6,GNSS,255,BROADCAST,0,HEARTBEAT,48,HEARTBEAT,0,0,0,0,0,0,0x1001BFC0
1777182144.809,1481689,4,6,GNSS,255,BROADCAST,0,HEARTBEAT,48,HEARTBEAT,0,0,0,0,0,0,0x1001BFC0
1777182145.808,1482687,4,6,GNSS,255,BROADCAST,0,HEARTBEAT,48,HEARTBEAT,0,0,0,0,0,0,0x1001BFC0
1777182146.817,1483684,4,6,GNSS,255,BROADCAST,0,HEARTBEAT,48,HEARTBEAT,0,0,0,0,0,0,0x1001BFC0
1777182146.817,1483685,4,6,GNSS,1,CDH,10,HEALTH,1,HEALTH_0x01,0,0,0,0,1,1,0x1001804A
1777182146.817,1483687,2,6,GNSS,1,CDH,4,TELEMETRY,2,TELEMETRY_0x02,0,0,0,0,0,0,0x08018044
1777182147.802,1484682,4,6,GNSS,255,BROADCAST,0,HEARTBEAT,48,HEARTBEAT,0,0,0,0,0,0,0x1001BFC0
1777182148.800,1485680,4,6,GNSS,255,BROADCAST,0,HEARTBEAT,48,HEARTBEAT,0,0,0,0,0,0,0x1001BFC0
1777182149.797,1486677,4,6,GNSS,255,BROADCAST,0,HEARTBEAT,48,HEARTBEAT,0,0,0,0,0,0,0x1001BFC0
1777182150.806,1487674,4,6,GNSS,255,BROADCAST,0,HEARTBEAT,48,HEARTBEAT,0,0,0,0,0,0,0x1001BFC0
1777182151.792,1488671,4,6,GNSS,255,BROADCAST,0,HEARTBEAT,48,HEARTBEAT,0,0,0,0,0,0,0x1001BFC0
1777182151.792,1488672,4,6,GNSS,1,CDH,10,HEALTH,1,HEALTH_0x01,0,0,0,0,1,1,0x1001804A
1777182151.794,1488673,2,6,GNSS,1,CDH,4,TELEMETRY,2,TELEMETRY_0x02,0,0,0,0,0,0,0x08018044
1777182152.790,1489670,4,6,GNSS,255,BROADCAST,0,HEARTBEAT,48,HEARTBEAT,0,0,0,0,0,0,0x1001BFC0
1777182153.787,1490667,4,6,GNSS,255,BROADCAST,0,HEARTBEAT,48,HEARTBEAT,0,0,0,0,0,0,0x1001BFC0
1777182154.805,1491664,4,6,GNSS,255,BROADCAST,0,HEARTBEAT,48,HEARTBEAT,0,0,0,0,0,0,0x1001BFC0
1777182155.782,1492662,4,6,GNSS,255,BROADCAST,0,HEARTBEAT,48,HEARTBEAT,0,0,0,0,0,0,0x1001BFC0
1777182156.779,1493659,4,6,GNSS,255,BROADCAST,0,HEARTBEAT,48,HEARTBEAT,0,0,0,0,0,0,0x1001BFC0
1777182156.780,1493660,4,6,GNSS,1,CDH,10,HEALTH,1,HEALTH_0x01,0,0,0,0,1,1,0x1001804A
1777182156.781,1493661,2,6,GNSS,1,CDH,4,TELEMETRY,2,TELEMETRY_0x02,0,0,0,0,0,0,0x08018044
1777182157.781,1494657,4,6,GNSS,255,BROADCAST,0,HEARTBEAT,48,HEARTBEAT,0,0,0,0,0,0,0x1001BFC0
1777182158.797,1495654,4,6,GNSS,255,BROADCAST,0,HEARTBEAT,48,HEARTBEAT,0,0,0,0,0,0,0x1001BFC0
1777182159.772,1496652,4,6,GNSS,255,BROADCAST,0,HEARTBEAT,48,HEARTBEAT,0,0,0,0,0,0,0x1001BFC0
1777182160.769,1497649,4,6,GNSS,255,BROADCAST,0,HEARTBEAT,48,HEARTBEAT,0,0,0,0,0,0,0x1001BFC0
1777182161.777,1498646,4,6,GNSS,255,BROADCAST,0,HEARTBEAT,48,HEARTBEAT,0,0,0,0,0,0,0x1001BFC0
1777182161.777,1498647,4,6,GNSS,1,CDH,10,HEALTH,1,HEALTH_0x01,0,0,0,0,1,1,0x1001804A
1777182161.777,1498648,2,6,GNSS,1,CDH,4,TELEMETRY,2,TELEMETRY_0x02,0,0,0,0,0,0,0x08018044
1777182162.797,1499644,4,6,GNSS,255,BROADCAST,0,HEARTBEAT,48,HEARTBEAT,0,0,0,0,0,0,0x1001BFC0
1777182163.762,1500641,4,6,GNSS,255,BROADCAST,0,HEARTBEAT,48,HEARTBEAT,0,0,0,0,0,0,0x1001BFC0
1777182164.759,1501638,4,6,GNSS,255,BROADCAST,0,HEARTBEAT,48,HEARTBEAT,0,0,0,0,0,0,0x1001BFC0
1777182165.766,1502636,4,6,GNSS,255,BROADCAST,0,HEARTBEAT,48,HEARTBEAT,0,0,0,0,0,0,0x1001BFC0
1777182166.790,1503633,4,6,GNSS,255,BROADCAST,0,HEARTBEAT,48,HEARTBEAT,0,0,0,0,0,0,0x1001BFC0
1777182166.790,1503634,4,6,GNSS,1,CDH,10,HEALTH,1,HEALTH_0x01,0,0,0,0,1,1,0x1001804A
1777182166.790,1503635,2,6,GNSS,1,CDH,4,TELEMETRY,2,TELEMETRY_0x02,0,0,0,0,0,0,0x08018044
1777182167.751,1504631,4,6,GNSS,255,BROADCAST,0,HEARTBEAT,48,HEARTBEAT,0,0,0,0,0,0,0x1001BFC0
1777182168.749,1505628,4,6,GNSS,255,BROADCAST,0,HEARTBEAT,48,HEARTBEAT,0,0,0,0,0,0,0x1001BFC0
1777182169.754,1506625,4,6,GNSS,255,BROADCAST,0,HEARTBEAT,48,HEARTBEAT,0,0,0,0,0,0,0x1001BFC0
1777182170.743,1507622,4,6,GNSS,255,BROADCAST,0,HEARTBEAT,48,HEARTBEAT,0,0,0,0,0,0,0x1001BFC0
1777182171.741,1508620,4,6,GNSS,255,BROADCAST,0,HEARTBEAT,48,HEARTBEAT,0,0,0,0,0,0,0x1001BFC0
1777182171.742,1508621,4,6,GNSS,1,CDH,10,HEALTH,1,HEALTH_0x01,0,0,0,0,1,1,0x1001804A
1777182171.743,1508622,2,6,GNSS,1,CDH,4,TELEMETRY,2,TELEMETRY_0x02,0,0,0,0,0,0,0x08018044
1777182172.739,1509618,4,6,GNSS,255,BROADCAST,0,HEARTBEAT,48,HEARTBEAT,0,0,0,0,0,0,0x1001BFC0
1777182173.758,1510615,4,6,GNSS,255,BROADCAST,0,HEARTBEAT,48,HEARTBEAT,0,0,0,0,0,0,0x1001BFC0
1777182174.733,1511613,4,6,GNSS,255,BROADCAST,0,HEARTBEAT,48,HEARTBEAT,0,0,0,0,0,0,0x1001BFC0
1777182175.732,1512610,4,6,GNSS,255,BROADCAST,0,HEARTBEAT,48,HEARTBEAT,0,0,0,0,0,0,0x1001BFC0
1777182176.728,1513607,4,6,GNSS,255,BROADCAST,0,HEARTBEAT,48,HEARTBEAT,0,0,0,0,0,0,0x1001BFC0
1777182176.730,1513608,4,6,GNSS,1,CDH,10,HEALTH,1,HEALTH_0x01,0,0,0,0,1,1,0x1001804A
1777182176.730,1513609,2,6,GNSS,1,CDH,4,TELEMETRY,2,TELEMETRY_0x02,0,0,0,0,0,0,0x08018044
1777182177.744,1514605,4,6,GNSS,255,BROADCAST,0,HEARTBEAT,48,HEARTBEAT,0,0,0,0,0,0,0x1001BFC0
1777182178.723,1515602,4,6,GNSS,255,BROADCAST,0,HEARTBEAT,48,HEARTBEAT,0,0,0,0,0,0,0x1001BFC0
1777182179.720,1516600,4,6,GNSS,255,BROADCAST,0,HEARTBEAT,48,HEARTBEAT,0,0,0,0,0,0,0x1001BFC0
1777182180.717,1517597,4,6,GNSS,255,BROADCAST,0,HEARTBEAT,48,HEARTBEAT,0,0,0,0,0,0,0x1001BFC0
1777182181.733,1518594,4,6,GNSS,255,BROADCAST,0,HEARTBEAT,48,HEARTBEAT,0,0,0,0,0,0,0x1001BFC0
1777182181.733,1518595,4,6,GNSS,1,CDH,10,HEALTH,1,HEALTH_0x01,0,0,0,0,1,1,0x1001804A
1777182181.733,1518596,2,6,GNSS,1,CDH,4,TELEMETRY,2,TELEMETRY_0x02,0,0,0,0,0,0,0x08018044
1777182182.713,1519592,4,6,GNSS,255,BROADCAST,0,HEARTBEAT,48,HEARTBEAT,0,0,0,0,0,0,0x1001BFC0
1777182183.710,1520590,4,6,GNSS,255,BROADCAST,0,HEARTBEAT,48,HEARTBEAT,0,0,0,0,0,0,0x1001BFC0
1777182184.709,1521587,4,6,GNSS,255,BROADCAST,0,HEARTBEAT,48,HEARTBEAT,0,0,0,0,0,0,0x1001BFC0
1777182185.734,1522584,4,6,GNSS,255,BROADCAST,0,HEARTBEAT,48,HEARTBEAT,0,0,0,0,0,0,0x1001BFC0
1777182186.702,1523581,4,6,GNSS,255,BROADCAST,0,HEARTBEAT,48,HEARTBEAT,0,0,0,0,0,0,0x1001BFC0
1777182186.703,1523582,4,6,GNSS,1,CDH,10,HEALTH,1,HEALTH_0x01,0,0,0,0,1,1,0x1001804A
1777182186.704,1523583,2,6,GNSS,1,CDH,4,TELEMETRY,2,TELEMETRY_0x02,0,0,0,0,0,0,0x08018044
1777182187.700,1524579,4,6,GNSS,255,BROADCAST,0,HEARTBEAT,48,HEARTBEAT,0,0,0,0,0,0,0x1001BFC0
1777182188.716,1525577,4,6,GNSS,255,BROADCAST,0,HEARTBEAT,48,HEARTBEAT,0,0,0,0,0,0,0x1001BFC0
1777182189.717,1526574,4,6,GNSS,255,BROADCAST,0,HEARTBEAT,48,HEARTBEAT,0,0,0,0,0,0,0x1001BFC0
1777182190.691,1527571,4,6,GNSS,255,BROADCAST,0,HEARTBEAT,48,HEARTBEAT,0,0,0,0,0,0,0x1001BFC0
1777182191.690,1528568,4,6,GNSS,255,BROADCAST,0,HEARTBEAT,48,HEARTBEAT,0,0,0,0,0,0,0x1001BFC0
1777182191.690,1528569,4,6,GNSS,1,CDH,10,HEALTH,1,HEALTH_0x01,0,0,0,0,1,1,0x1001804A
1777182191.692,1528571,2,6,GNSS,1,CDH,4,TELEMETRY,2,TELEMETRY_0x02,0,0,0,0,0,0,0x08018044
1777182192.688,1529567,4,6,GNSS,255,BROADCAST,0,HEARTBEAT,48,HEARTBEAT,0,0,0,0,0,0,0x1001BFC0
1777182193.721,1530564,4,6,GNSS,255,BROADCAST,0,HEARTBEAT,48,HEARTBEAT,0,0,0,0,0,0,0x1001BFC0
1777182194.682,1531561,4,6,GNSS,255,BROADCAST,0,HEARTBEAT,48,HEARTBEAT,0,0,0,0,0,0,0x1001BFC0
1777182195.679,1532558,4,6,GNSS,255,BROADCAST,0,HEARTBEAT,48,HEARTBEAT,0,0,0,0,0,0,0x1001BFC0
1777182196.693,1533555,4,6,GNSS,255,BROADCAST,0,HEARTBEAT,48,HEARTBEAT,0,0,0,0,0,0,0x1001BFC0
1777182196.693,1533556,4,6,GNSS,1,CDH,10,HEALTH,1,HEALTH_0x01,0,0,0,0,1,1,0x1001804A
1777182196.693,1533557,2,6,GNSS,1,CDH,4,TELEMETRY,2,TELEMETRY_0x02,0,0,0,0,0,0,0x08018044
1777182197.676,1534554,4,6,GNSS,255,BROADCAST,0,HEARTBEAT,48,HEARTBEAT,0,0,0,0,0,0,0x1001BFC0
1777182198.672,1535551,4,6,GNSS,255,BROADCAST,0,HEARTBEAT,48,HEARTBEAT,0,0,0,0,0,0,0x1001BFC0
1777182199.669,1536548,4,6,GNSS,255,BROADCAST,0,HEARTBEAT,48,HEARTBEAT,0,0,0,0,0,0,0x1001BFC0
1777182200.677,1537545,4,6,GNSS,255,BROADCAST,0,HEARTBEAT,48,HEARTBEAT,0,0,0,0,0,0,0x1001BFC0
1777182201.663,1538542,4,6,GNSS,255,BROADCAST,0,HEARTBEAT,48,HEARTBEAT,0,0,0,0,0,0,0x1001BFC0
1777182201.665,1538543,4,6,GNSS,1,CDH,10,HEALTH,1,HEALTH_0x01,0,0,0,0,1,1,0x1001804A
1777182201.665,1538544,2,6,GNSS,1,CDH,4,TELEMETRY,2,TELEMETRY_0x02,0,0,0,0,0,0,0x08018044
1777182202.663,1539540,4,6,GNSS,255,BROADCAST,0,HEARTBEAT,48,HEARTBEAT,0,0,0,0,0,0,0x1001BFC0
1777182203.659,1540538,4,6,GNSS,255,BROADCAST,0,HEARTBEAT,48,HEARTBEAT,0,0,0,0,0,0,0x1001BFC0
1777182204.682,1541535,4,6,GNSS,255,BROADCAST,0,HEARTBEAT,48,HEARTBEAT,0,0,0,0,0,0,0x1001BFC0
1777182205.653,1542532,4,6,GNSS,255,BROADCAST,0,HEARTBEAT,48,HEARTBEAT,0,0,0,0,0,0,0x1001BFC0
1777182206.651,1543529,4,6,GNSS,255,BROADCAST,0,HEARTBEAT,48,HEARTBEAT,0,0,0,0,0,0,0x1001BFC0
1777182206.653,1543531,4,6,GNSS,1,CDH,10,HEALTH,1,HEALTH_0x01,0,0,0,0,1,1,0x1001804A
1777182206.653,1543532,2,6,GNSS,1,CDH,4,TELEMETRY,2,TELEMETRY_0x02,0,0,0,0,0,0,0x08018044
1777182207.648,1544527,4,6,GNSS,255,BROADCAST,0,HEARTBEAT,48,HEARTBEAT,0,0,0,0,0,0,0x1001BFC0
1777182208.661,1545525,4,6,GNSS,255,BROADCAST,0,HEARTBEAT,48,HEARTBEAT,0,0,0,0,0,0,0x1001BFC0
1777182209.643,1546522,4,6,GNSS,255,BROADCAST,0,HEARTBEAT,48,HEARTBEAT,0,0,0,0,0,0,0x1001BFC0
1777182210.640,1547519,4,6,GNSS,255,BROADCAST,0,HEARTBEAT,48,HEARTBEAT,0,0,0,0,0,0,0x1001BFC0
1777182211.642,1548516,4,6,GNSS,255,BROADCAST,0,HEARTBEAT,48,HEARTBEAT,0,0,0,0,0,0,0x1001BFC0
1777182211.642,1548517,4,6,GNSS,1,CDH,10,HEALTH,1,HEALTH_0x01,0,0,0,0,1,1,0x1001804A
1777182211.642,1548518,2,6,GNSS,1,CDH,4,TELEMETRY,2,TELEMETRY_0x02,0,0,0,0,0,0,0x08018044
1777182212.661,1549514,4,6,GNSS,255,BROADCAST,0,HEARTBEAT,48,HEARTBEAT,0,0,0,0,0,0,0x1001BFC0
1777182213.633,1550512,4,6,GNSS,255,BROADCAST,0,HEARTBEAT,48,HEARTBEAT,0,0,0,0,0,0,0x1001BFC0
1777182214.630,1551509,4,6,GNSS,255,BROADCAST,0,HEARTBEAT,48,HEARTBEAT,0,0,0,0,0,0,0x1001BFC0
1777182215.638,1552506,4,6,GNSS,255,BROADCAST,0,HEARTBEAT,48,HEARTBEAT,0,0,0,0,0,0,0x1001BFC0
1777182216.659,1553503,4,6,GNSS,255,BROADCAST,0,HEARTBEAT,48,HEARTBEAT,0,0,0,0,0,0,0x1001BFC0
1777182216.659,1553504,4,6,GNSS,1,CDH,10,HEALTH,1,HEALTH_0x01,0,0,0,0,1,1,0x1001804A
1777182216.659,1553505,2,6,GNSS,1,CDH,4,TELEMETRY,2,TELEMETRY_0x02,0,0,0,0,0,0,0x08018044
1777182217.623,1554501,4,6,GNSS,255,BROADCAST,0,HEARTBEAT,48,HEARTBEAT,0,0,0,0,0,0,0x1001BFC0
1777182218.620,1555499,4,6,GNSS,255,BROADCAST,0,HEARTBEAT,48,HEARTBEAT,0,0,0,0,0,0,0x1001BFC0
1777182219.622,1556496,4,6,GNSS,255,BROADCAST,0,HEARTBEAT,48,HEARTBEAT,0,0,0,0,0,0,0x1001BFC0
1777182220.622,1557493,4,6,GNSS,255,BROADCAST,0,HEARTBEAT,48,HEARTBEAT,0,0,0,0,0,0,0x1001BFC0
1777182221.613,1558490,4,6,GNSS,255,BROADCAST,0,HEARTBEAT,48,HEARTBEAT,0,0,0,0,0,0,0x1001BFC0
1777182221.613,1558491,4,6,GNSS,1,CDH,10,HEALTH,1,HEALTH_0x01,0,0,0,0,1,1,0x1001804A
1777182221.615,1558492,2,6,GNSS,1,CDH,4,TELEMETRY,2,TELEMETRY_0x02,0,0,0,0,0,0,0x08018044
1777182222.610,1559488,4,6,GNSS,255,BROADCAST,0,HEARTBEAT,48,HEARTBEAT,0,0,0,0,0,0,0x1001BFC0
1777182223.623,1560485,4,6,GNSS,255,BROADCAST,0,HEARTBEAT,48,HEARTBEAT,0,0,0,0,0,0,0x1001BFC0
1777182224.604,1561483,4,6,GNSS,255,BROADCAST,0,HEARTBEAT,48,HEARTBEAT,0,0,0,0,0,0,0x1001BFC0
1777182225.601,1562480,4,6,GNSS,255,BROADCAST,0,HEARTBEAT,48,HEARTBEAT,0,0,0,0,0,0,0x1001BFC0
1777182226.599,1563477,4,6,GNSS,255,BROADCAST,0,HEARTBEAT,48,HEARTBEAT,0,0,0,0,0,0,0x1001BFC0
1777182226.599,1563478,4,6,GNSS,1,CDH,10,HEALTH,1,HEALTH_0x01,0,0,0,0,1,1,0x1001804A
1777182226.600,1563479,2,6,GNSS,1,CDH,4,TELEMETRY,2,TELEMETRY_0x02,0,0,0,0,0,0,0x08018044
1777182227.616,1564475,4,6,GNSS,255,BROADCAST,0,HEARTBEAT,48,HEARTBEAT,0,0,0,0,0,0,0x1001BFC0
1777182228.594,1565472,4,6,GNSS,255,BROADCAST,0,HEARTBEAT,48,HEARTBEAT,0,0,0,0,0,0,0x1001BFC0
1777182229.591,1566469,4,6,GNSS,255,BROADCAST,0,HEARTBEAT,48,HEARTBEAT,0,0,0,0,0,0,0x1001BFC0
1777182230.592,1567467,4,6,GNSS,255,BROADCAST,0,HEARTBEAT,48,HEARTBEAT,0,0,0,0,0,0,0x1001BFC0
1777182231.608,1568464,4,6,GNSS,255,BROADCAST,0,HEARTBEAT,48,HEARTBEAT,0,0,0,0,0,0,0x1001BFC0
1777182231.608,1568465,4,6,GNSS,1,CDH,10,HEALTH,1,HEALTH_0x01,0,0,0,0,1,1,0x1001804A
1777182231.608,1568466,2,6,GNSS,1,CDH,4,TELEMETRY,2,TELEMETRY_0x02,0,0,0,0,0,0,0x08018044
1777182232.583,1569462,4,6,GNSS,255,BROADCAST,0,HEARTBEAT,48,HEARTBEAT,0,0,0,0,0,0,0x1001BFC0
1777182233.580,1570459,4,6,GNSS,255,BROADCAST,0,HEARTBEAT,48,HEARTBEAT,0,0,0,0,0,0,0x1001BFC0
1777182234.579,1571456,4,6,GNSS,255,BROADCAST,0,HEARTBEAT,48,HEARTBEAT,0,0,0,0,0,0,0x1001BFC0
1777182235.600,1572453,4,6,GNSS,255,BROADCAST,0,HEARTBEAT,48,HEARTBEAT,0,0,0,0,0,0,0x1001BFC0
1777182236.574,1573450,4,6,GNSS,255,BROADCAST,0,HEARTBEAT,48,HEARTBEAT,0,0,0,0,0,0,0x1001BFC0
1777182236.574,1573451,4,6,GNSS,1,CDH,10,HEALTH,1,HEALTH_0x01,0,0,0,0,1,1,0x1001804A
1777182236.574,1573453,2,6,GNSS,1,CDH,4,TELEMETRY,2,TELEMETRY_0x02,0,0,0,0,0,0,0x08018044
1777182237.570,1574449,4,6,GNSS,255,BROADCAST,0,HEARTBEAT,48,HEARTBEAT,0,0,0,0,0,0,0x1001BFC0
1777182238.589,1575446,4,6,GNSS,255,BROADCAST,0,HEARTBEAT,48,HEARTBEAT,0,0,0,0,0,0,0x1001BFC0
1777182239.590,1576443,4,6,GNSS,255,BROADCAST,0,HEARTBEAT,48,HEARTBEAT,0,0,0,0,0,0,0x1001BFC0
1777182240.561,1577440,4,6,GNSS,255,BROADCAST,0,HEARTBEAT,48,HEARTBEAT,0,0,0,0,0,0,0x1001BFC0
1777182241.560,1578437,4,6,GNSS,255,BROADCAST,0,HEARTBEAT,48,HEARTBEAT,0,0,0,0,0,0,0x1001BFC0
1777182241.560,1578438,4,6,GNSS,1,CDH,10,HEALTH,1,HEALTH_0x01,0,0,0,0,1,1,0x1001804A
1777182241.561,1578440,2,6,GNSS,1,CDH,4,TELEMETRY,2,TELEMETRY_0x02,0,0,0,0,0,0,0x08018044
1777182242.570,1579436,4,6,GNSS,255,BROADCAST,0,HEARTBEAT,48,HEARTBEAT,0,0,0,0,0,0,0x1001BFC0
1777182243.596,1580433,4,6,GNSS,255,BROADCAST,0,HEARTBEAT,48,HEARTBEAT,0,0,0,0,0,0,0x1001BFC0
1777182244.551,1581430,4,6,GNSS,255,BROADCAST,0,HEARTBEAT,48,HEARTBEAT,0,0,0,0,0,0,0x1001BFC0
1777182245.549,1582427,4,6,GNSS,255,BROADCAST,0,HEARTBEAT,48,HEARTBEAT,0,0,0,0,0,0,0x1001BFC0
1777182246.564,1583424,4,6,GNSS,255,BROADCAST,0,HEARTBEAT,48,HEARTBEAT,0,0,0,0,0,0,0x1001BFC0
1777182246.564,1583425,4,6,GNSS,1,CDH,10,HEALTH,1,HEALTH_0x01,0,0,0,0,1,1,0x1001804A
1777182246.564,1583426,2,6,GNSS,1,CDH,4,TELEMETRY,2,TELEMETRY_0x02,0,0,0,0,0,0,0x08018044
1777182247.544,1584422,4,6,GNSS,255,BROADCAST,0,HEARTBEAT,48,HEARTBEAT,0,0,0,0,0,0,0x1001BFC0
1777182248.541,1585420,4,6,GNSS,255,BROADCAST,0,HEARTBEAT,48,HEARTBEAT,0,0,0,0,0,0,0x1001BFC0
1777182249.539,1586417,4,6,GNSS,255,BROADCAST,0,HEARTBEAT,48,HEARTBEAT,0,0,0,0,0,0,0x1001BFC0
1777182250.556,1587414,4,6,GNSS,255,BROADCAST,0,HEARTBEAT,48,HEARTBEAT,0,0,0,0,0,0,0x1001BFC0
1777182251.533,1588411,4,6,GNSS,255,BROADCAST,0,HEARTBEAT,48,HEARTBEAT,0,0,0,0,0,0,0x1001BFC0
1777182251.534,1588412,4,6,GNSS,1,CDH,10,HEALTH,1,HEALTH_0x01,0,0,0,0,1,1,0x1001804A
1777182251.534,1588413,2,6,GNSS,1,CDH,4,TELEMETRY,2,TELEMETRY_0x02,0,0,0,0,0,0,0x08018044
1777182252.532,1589409,4,6,GNSS,255,BROADCAST,0,HEARTBEAT,48,HEARTBEAT,0,0,0,0,0,0,0x1001BFC0
1777182253.528,1590406,4,6,GNSS,255,BROADCAST,0,HEARTBEAT,48,HEARTBEAT,0,0,0,0,0,0,0x1001BFC0
1777182254.540,1591404,4,6,GNSS,255,BROADCAST,0,HEARTBEAT,48,HEARTBEAT,0,0,0,0,0,0,0x1001BFC0
1777182255.523,1592401,4,6,GNSS,255,BROADCAST,0,HEARTBEAT,48,HEARTBEAT,0,0,0,0,0,0,0x1001BFC0
1777182256.520,1593398,4,6,GNSS,255,BROADCAST,0,HEARTBEAT,48,HEARTBEAT,0,0,0,0,0,0,0x1001BFC0
1777182256.521,1593399,4,6,GNSS,1,CDH,10,HEALTH,1,HEALTH_0x01,0,0,0,0,1,1,0x1001804A
1777182256.522,1593401,2,6,GNSS,1,CDH,4,TELEMETRY,2,TELEMETRY_0x02,0,0,0,0,0,0,0x08018044
1777182257.521,1594397,4,6,GNSS,255,BROADCAST,0,HEARTBEAT,48,HEARTBEAT,0,0,0,0,0,0,0x1001BFC0
1777182258.546,1595394,4,6,GNSS,255,BROADCAST,0,HEARTBEAT,48,HEARTBEAT,0,0,0,0,0,0,0x1001BFC0
1777182259.512,1596391,4,6,GNSS,255,BROADCAST,0,HEARTBEAT,48,HEARTBEAT,0,0,0,0,0,0,0x1001BFC0
1777182260.509,1597388,4,6,GNSS,255,BROADCAST,0,HEARTBEAT,48,HEARTBEAT,0,0,0,0,0,0,0x1001BFC0
1777182261.514,1598385,4,6,GNSS,255,BROADCAST,0,HEARTBEAT,48,HEARTBEAT,0,0,0,0,0,0,0x1001BFC0
1777182261.514,1598386,4,6,GNSS,1,CDH,10,HEALTH,1,HEALTH_0x01,0,0,0,0,1,1,0x1001804A
1777182261.514,1598388,2,6,GNSS,1,CDH,4,TELEMETRY,2,TELEMETRY_0x02,0,0,0,0,0,0,0x08018044
1777182262.531,1599384,4,6,GNSS,255,BROADCAST,0,HEARTBEAT,48,HEARTBEAT,0,0,0,0,0,0,0x1001BFC0
1777182263.503,1600381,4,6,GNSS,255,BROADCAST,0,HEARTBEAT,48,HEARTBEAT,0,0,0,0,0,0,0x1001BFC0
1777182264.500,1601378,4,6,GNSS,255,BROADCAST,0,HEARTBEAT,48,HEARTBEAT,0,0,0,0,0,0,0x1001BFC0
1777182265.511,1602375,4,6,GNSS,255,BROADCAST,0,HEARTBEAT,48,HEARTBEAT,0,0,0,0,0,0,0x1001BFC0
1777182266.525,1603372,4,6,GNSS,255,BROADCAST,0,HEARTBEAT,48,HEARTBEAT,0,0,0,0,0,0,0x1001BFC0
1777182266.525,1603373,4,6,GNSS,1,CDH,10,HEALTH,1,HEALTH_0x01,0,0,0,0,1,1,0x1001804A
1777182266.525,1603375,2,6,GNSS,1,CDH,4,TELEMETRY,2,TELEMETRY_0x02,0,0,0,0,0,0,0x08018044
1777182267.492,1604371,4,6,GNSS,255,BROADCAST,0,HEARTBEAT,48,HEARTBEAT,0,0,0,0,0,0,0x1001BFC0
1777182268.490,1605368,4,6,GNSS,255,BROADCAST,0,HEARTBEAT,48,HEARTBEAT,0,0,0,0,0,0,0x1001BFC0
1777182269.493,1606365,4,6,GNSS,255,BROADCAST,0,HEARTBEAT,48,HEARTBEAT,0,0,0,0,0,0,0x1001BFC0
1777182270.484,1607362,4,6,GNSS,255,BROADCAST,0,HEARTBEAT,48,HEARTBEAT,0,0,0,0,0,0,0x1001BFC0
1777182271.482,1608359,4,6,GNSS,255,BROADCAST,0,HEARTBEAT,48,HEARTBEAT,0,0,0,0,0,0,0x1001BFC0
1777182271.483,1608360,4,6,GNSS,1,CDH,10,HEALTH,1,HEALTH_0x01,0,0,0,0,1,1,0x1001804A
1777182271.483,1608362,2,6,GNSS,1,CDH,4,TELEMETRY,2,TELEMETRY_0x02,0,0,0,0,0,0,0x08018044
1777182272.482,1609358,4,6,GNSS,255,BROADCAST,0,HEARTBEAT,48,HEARTBEAT,0,0,0,0,0,0,0x1001BFC0
1777182273.488,1610355,4,6,GNSS,255,BROADCAST,0,HEARTBEAT,48,HEARTBEAT,0,0,0,0,0,0,0x1001BFC0
1777182274.474,1611352,4,6,GNSS,255,BROADCAST,0,HEARTBEAT,48,HEARTBEAT,0,0,0,0,0,0,0x1001BFC0
1777182275.471,1612349,4,6,GNSS,255,BROADCAST,0,HEARTBEAT,48,HEARTBEAT,0,0,0,0,0,0,0x1001BFC0
1777182276.470,1613347,4,6,GNSS,255,BROADCAST,0,HEARTBEAT,48,HEARTBEAT,0,0,0,0,0,0,0x1001BFC0
1777182276.470,1613348,4,6,GNSS,1,CDH,10,HEALTH,1,HEALTH_0x01,0,0,0,0,1,1,0x1001804A
1777182276.470,1613349,2,6,GNSS,1,CDH,4,TELEMETRY,2,TELEMETRY_0x02,0,0,0,0,0,0,0x08018044
1777182277.484,1614345,4,6,GNSS,255,BROADCAST,0,HEARTBEAT,48,HEARTBEAT,0,0,0,0,0,0,0x1001BFC0
1777182278.464,1615342,4,6,GNSS,255,BROADCAST,0,HEARTBEAT,48,HEARTBEAT,0,0,0,0,0,0,0x1001BFC0
1777182279.463,1616339,4,6,GNSS,255,BROADCAST,0,HEARTBEAT,48,HEARTBEAT,0,0,0,0,0,0,0x1001BFC0
1777182280.458,1617337,4,6,GNSS,255,BROADCAST,0,HEARTBEAT,48,HEARTBEAT,0,0,0,0,0,0,0x1001BFC0
1777182281.484,1618334,4,6,GNSS,255,BROADCAST,0,HEARTBEAT,48,HEARTBEAT,0,0,0,0,0,0,0x1001BFC0
1777182281.484,1618335,4,6,GNSS,1,CDH,10,HEALTH,1,HEALTH_0x01,0,0,0,0,1,1,0x1001804A
1777182281.484,1618336,2,6,GNSS,1,CDH,4,TELEMETRY,2,TELEMETRY_0x02,0,0,0,0,0,0,0x08018044
1777182282.454,1619332,4,6,GNSS,255,BROADCAST,0,HEARTBEAT,48,HEARTBEAT,0,0,0,0,0,0,0x1001BFC0
1777182283.452,1620329,4,6,GNSS,255,BROADCAST,0,HEARTBEAT,48,HEARTBEAT,0,0,0,0,0,0,0x1001BFC0
1777182284.455,1621326,4,6,GNSS,255,BROADCAST,0,HEARTBEAT,48,HEARTBEAT,0,0,0,0,0,0,0x1001BFC0
1777182285.469,1622324,4,6,GNSS,255,BROADCAST,0,HEARTBEAT,48,HEARTBEAT,0,0,0,0,0,0,0x1001BFC0
1777182286.456,1623321,4,6,GNSS,255,BROADCAST,0,HEARTBEAT,48,HEARTBEAT,0,0,0,0,0,0,0x1001BFC0
1777182286.456,1623322,4,6,GNSS,1,CDH,10,HEALTH,1,HEALTH_0x01,0,0,0,0,1,1,0x1001804A
1777182286.456,1623323,2,6,GNSS,1,CDH,4,TELEMETRY,2,TELEMETRY_0x02,0,0,0,0,0,0,0x08018044
1777182287.441,1624319,4,6,GNSS,255,BROADCAST,0,HEARTBEAT,48,HEARTBEAT,0,0,0,0,0,0,0x1001BFC0
1777182288.447,1625316,4,6,GNSS,255,BROADCAST,0,HEARTBEAT,48,HEARTBEAT,0,0,0,0,0,0,0x1001BFC0
1777182289.471,1626314,4,6,GNSS,255,BROADCAST,0,HEARTBEAT,48,HEARTBEAT,0,0,0,0,0,0,0x1001BFC0
1777182290.432,1627311,4,6,GNSS,255,BROADCAST,0,HEARTBEAT,48,HEARTBEAT,0,0,0,0,0,0,0x1001BFC0
1777182291.431,1628308,4,6,GNSS,255,BROADCAST,0,HEARTBEAT,48,HEARTBEAT,0,0,0,0,0,0,0x1001BFC0
1777182291.431,1628309,4,6,GNSS,1,CDH,10,HEALTH,1,HEALTH_0x01,0,0,0,0,1,1,0x1001804A
1777182291.432,1628310,2,6,GNSS,1,CDH,4,TELEMETRY,2,TELEMETRY_0x02,0,0,0,0,0,0,0x08018044
1777182292.430,1629306,4,6,GNSS,255,BROADCAST,0,HEARTBEAT,48,HEARTBEAT,0,0,0,0,0,0,0x1001BFC0
1777182293.467,1630304,4,6,GNSS,255,BROADCAST,0,HEARTBEAT,48,HEARTBEAT,0,0,0,0,0,0,0x1001BFC0
1777182294.423,1631301,4,6,GNSS,255,BROADCAST,0,HEARTBEAT,48,HEARTBEAT,0,0,0,0,0,0,0x1001BFC0
1777182295.420,1632298,4,6,GNSS,255,BROADCAST,0,HEARTBEAT,48,HEARTBEAT,0,0,0,0,0,0,0x1001BFC0
1777182296.423,1633295,4,6,GNSS,255,BROADCAST,0,HEARTBEAT,48,HEARTBEAT,0,0,0,0,0,0,0x1001BFC0
1777182296.423,1633296,4,6,GNSS,1,CDH,10,HEALTH,1,HEALTH_0x01,0,0,0,0,1,1,0x1001804A
1777182296.423,1633297,2,6,GNSS,1,CDH,4,TELEMETRY,2,TELEMETRY_0x02,0,0,0,0,0,0,0x08018044
1777182297.416,1634294,4,6,GNSS,255,BROADCAST,0,HEARTBEAT,48,HEARTBEAT,0,0,0,0,0,0,0x1001BFC0
1777182298.418,1635291,4,6,GNSS,255,BROADCAST,0,HEARTBEAT,48,HEARTBEAT,0,0,0,0,0,0,0x1001BFC0
1777182299.410,1636288,4,6,GNSS,255,BROADCAST,0,HEARTBEAT,48,HEARTBEAT,0,0,0,0,0,0,0x1001BFC0
1777182300.429,1637285,4,6,GNSS,255,BROADCAST,0,HEARTBEAT,48,HEARTBEAT,0,0,0,0,0,0,0x1001BFC0
1777182301.407,1638282,4,6,GNSS,255,BROADCAST,0,HEARTBEAT,48,HEARTBEAT,0,0,0,0,0,0,0x1001BFC0
1777182301.407,1638283,4,6,GNSS,1,CDH,10,HEALTH,1,HEALTH_0x01,0,0,0,0,1,1,0x1001804A
1777182301.407,1638285,2,6,GNSS,1,CDH,4,TELEMETRY,2,TELEMETRY_0x02,0,0,0,0,0,0,0x08018044
1777182302.403,1639281,4,6,GNSS,255,BROADCAST,0,HEARTBEAT,48,HEARTBEAT,0,0,0,0,0,0,0x1001BFC0
1777182303.401,1640278,4,6,GNSS,255,BROADCAST,0,HEARTBEAT,48,HEARTBEAT,0,0,0,0,0,0,0x1001BFC0
1777182304.419,1641275,4,6,GNSS,255,BROADCAST,0,HEARTBEAT,48,HEARTBEAT,0,0,0,0,0,0,0x1001BFC0
1777182305.394,1642272,4,6,GNSS,255,BROADCAST,0,HEARTBEAT,48,HEARTBEAT,0,0,0,0,0,0,0x1001BFC0
1777182306.392,1643269,4,6,GNSS,255,BROADCAST,0,HEARTBEAT,48,HEARTBEAT,0,0,0,0,0,0,0x1001BFC0
1777182306.393,1643270,4,6,GNSS,1,CDH,10,HEALTH,1,HEALTH_0x01,0,0,0,0,1,1,0x1001804A
1777182306.393,1643272,2,6,GNSS,1,CDH,4,TELEMETRY,2,TELEMETRY_0x02,0,0,0,0,0,0,0x08018044
1777182307.390,1644268,4,6,GNSS,255,BROADCAST,0,HEARTBEAT,48,HEARTBEAT,0,0,0,0,0,0,0x1001BFC0
1777182308.412,1645265,4,6,GNSS,255,BROADCAST,0,HEARTBEAT,48,HEARTBEAT,0,0,0,0,0,0,0x1001BFC0
1777182309.384,1646262,4,6,GNSS,255,BROADCAST,0,HEARTBEAT,48,HEARTBEAT,0,0,0,0,0,0,0x1001BFC0
1777182310.381,1647259,4,6,GNSS,255,BROADCAST,0,HEARTBEAT,48,HEARTBEAT,0,0,0,0,0,0,0x1001BFC0
1777182311.381,1648256,4,6,GNSS,255,BROADCAST,0,HEARTBEAT,48,HEARTBEAT,0,0,0,0,0,0,0x1001BFC0
1777182311.386,1648257,4,6,GNSS,1,CDH,10,HEALTH,1,HEALTH_0x01,0,0,0,0,1,1,0x1001804A
1777182311.386,1648259,2,6,GNSS,1,CDH,4,TELEMETRY,2,TELEMETRY_0x02,0,0,0,0,0,0,0x08018044
1777182312.405,1649255,4,6,GNSS,255,BROADCAST,0,HEARTBEAT,48,HEARTBEAT,0,0,0,0,0,0,0x1001BFC0
1777182313.374,1650252,4,6,GNSS,255,BROADCAST,0,HEARTBEAT,48,HEARTBEAT,0,0,0,0,0,0,0x1001BFC0
1777182314.371,1651249,4,6,GNSS,255,BROADCAST,0,HEARTBEAT,48,HEARTBEAT,0,0,0,0,0,0,0x1001BFC0
1777182315.379,1652246,4,6,GNSS,255,BROADCAST,0,HEARTBEAT,48,HEARTBEAT,0,0,0,0,0,0,0x1001BFC0
1777182316.403,1653244,4,6,GNSS,255,BROADCAST,0,HEARTBEAT,48,HEARTBEAT,0,0,0,0,0,0,0x1001BFC0
1777182316.403,1653245,4,6,GNSS,1,CDH,10,HEALTH,1,HEALTH_0x01,0,0,0,0,1,1,0x1001804A
1777182316.403,1653246,2,6,GNSS,1,CDH,4,TELEMETRY,2,TELEMETRY_0x02,0,0,0,0,0,0,0x08018044
1777182317.364,1654242,4,6,GNSS,255,BROADCAST,0,HEARTBEAT,48,HEARTBEAT,0,0,0,0,0,0,0x1001BFC0
1777182318.361,1655239,4,6,GNSS,255,BROADCAST,0,HEARTBEAT,48,HEARTBEAT,0,0,0,0,0,0,0x1001BFC0
1777182319.363,1656236,4,6,GNSS,255,BROADCAST,0,HEARTBEAT,48,HEARTBEAT,0,0,0,0,0,0,0x1001BFC0
1777182320.397,1657233,4,6,GNSS,255,BROADCAST,0,HEARTBEAT,48,HEARTBEAT,0,0,0,0,0,0,0x1001BFC0
1777182321.354,1658231,4,6,GNSS,255,BROADCAST,0,HEARTBEAT,48,HEARTBEAT,0,0,0,0,0,0,0x1001BFC0
1777182321.355,1658232,4,6,GNSS,1,CDH,10,HEALTH,1,HEALTH_0x01,0,0,0,0,1,1,0x1001804A
1777182321.355,1658233,2,6,GNSS,1,CDH,4,TELEMETRY,2,TELEMETRY_0x02,0,0,0,0,0,0,0x08018044
1777182322.353,1659229,4,6,GNSS,255,BROADCAST,0,HEARTBEAT,48,HEARTBEAT,0,0,0,0,0,0,0x1001BFC0
1777182323.366,1660226,4,6,GNSS,255,BROADCAST,0,HEARTBEAT,48,HEARTBEAT,0,0,0,0,0,0,0x1001BFC0
1777182324.384,1661224,4,6,GNSS,255,BROADCAST,0,HEARTBEAT,48,HEARTBEAT,0,0,0,0,0,0,0x1001BFC0
1777182325.343,1662221,4,6,GNSS,255,BROADCAST,0,HEARTBEAT,48,HEARTBEAT,0,0,0,0,0,0,0x1001BFC0
1777182326.341,1663218,4,6,GNSS,255,BROADCAST,0,HEARTBEAT,48,HEARTBEAT,0,0,0,0,0,0,0x1001BFC0
1777182326.341,1663219,4,6,GNSS,1,CDH,10,HEALTH,1,HEALTH_0x01,0,0,0,0,1,1,0x1001804A
1777182326.343,1663220,2,6,GNSS,1,CDH,4,TELEMETRY,2,TELEMETRY_0x02,0,0,0,0,0,0,0x08018044
1777182327.359,1664216,4,6,GNSS,255,BROADCAST,0,HEARTBEAT,48,HEARTBEAT,0,0,0,0,0,0,0x1001BFC0
1777182328.336,1665214,4,6,GNSS,255,BROADCAST,0,HEARTBEAT,48,HEARTBEAT,0,0,0,0,0,0,0x1001BFC0
1777182329.334,1666211,4,6,GNSS,255,BROADCAST,0,HEARTBEAT,48,HEARTBEAT,0,0,0,0,0,0,0x1001BFC0
1777182330.331,1667208,4,6,GNSS,255,BROADCAST,0,HEARTBEAT,48,HEARTBEAT,0,0,0,0,0,0,0x1001BFC0
1777182331.348,1668205,4,6,GNSS,255,BROADCAST,0,HEARTBEAT,48,HEARTBEAT,0,0,0,0,0,0,0x1001BFC0
1777182331.348,1668206,4,6,GNSS,1,CDH,10,HEALTH,1,HEALTH_0x01,0,0,0,0,1,1,0x1001804A
1777182331.348,1668207,2,6,GNSS,1,CDH,4,TELEMETRY,2,TELEMETRY_0x02,0,0,0,0,0,0,0x08018044
1777182332.332,1669203,4,6,GNSS,255,BROADCAST,0,HEARTBEAT,48,HEARTBEAT,0,0,0,0,0,0,0x1001BFC0
1777182333.323,1670201,4,6,GNSS,255,BROADCAST,0,HEARTBEAT,48,HEARTBEAT,0,0,0,0,0,0,0x1001BFC0
1777182334.323,1671198,4,6,GNSS,255,BROADCAST,0,HEARTBEAT,48,HEARTBEAT,0,0,0,0,0,0,0x1001BFC0
1777182335.341,1672195,4,6,GNSS,255,BROADCAST,0,HEARTBEAT,48,HEARTBEAT,0,0,0,0,0,0,0x1001BFC0
1777182336.317,1673192,4,6,GNSS,255,BROADCAST,0,HEARTBEAT,48,HEARTBEAT,0,0,0,0,0,0,0x1001BFC0
1777182336.317,1673193,4,6,GNSS,1,CDH,10,HEALTH,1,HEALTH_0x01,0,0,0,0,1,1,0x1001804A
1777182336.317,1673194,2,6,GNSS,1,CDH,4,TELEMETRY,2,TELEMETRY_0x02,0,0,0,0,0,0,0x08018044
1777182337.313,1674191,4,6,GNSS,255,BROADCAST,0,HEARTBEAT,48,HEARTBEAT,0,0,0,0,0,0,0x1001BFC0
1777182338.312,1675188,4,6,GNSS,255,BROADCAST,0,HEARTBEAT,48,HEARTBEAT,0,0,0,0,0,0,0x1001BFC0
1777182339.338,1676185,4,6,GNSS,255,BROADCAST,0,HEARTBEAT,48,HEARTBEAT,0,0,0,0,0,0,0x1001BFC0
1777182340.305,1677182,4,6,GNSS,255,BROADCAST,0,HEARTBEAT,48,HEARTBEAT,0,0,0,0,0,0,0x1001BFC0
1777182341.304,1678179,4,6,GNSS,255,BROADCAST,0,HEARTBEAT,48,HEARTBEAT,0,0,0,0,0,0,0x1001BFC0
1777182341.304,1678180,4,6,GNSS,1,CDH,10,HEALTH,1,HEALTH_0x01,0,0,0,0,1,1,0x1001804A
1777182341.304,1678181,2,6,GNSS,1,CDH,4,TELEMETRY,2,TELEMETRY_0x02,0,0,0,0,0,0,0x08018044
1777182342.303,1679178,4,6,GNSS,255,BROADCAST,0,HEARTBEAT,48,HEARTBEAT,0,0,0,0,0,0,0x1001BFC0
1777182343.334,1680175,4,6,GNSS,255,BROADCAST,0,HEARTBEAT,48,HEARTBEAT,0,0,0,0,0,0,0x1001BFC0
1777182344.295,1681172,4,6,GNSS,255,BROADCAST,0,HEARTBEAT,48,HEARTBEAT,0,0,0,0,0,0,0x1001BFC0
1777182345.292,1682169,4,6,GNSS,255,BROADCAST,0,HEARTBEAT,48,HEARTBEAT,0,0,0,0,0,0,0x1001BFC0
1777182346.305,1683167,4,6,GNSS,255,BROADCAST,0,HEARTBEAT,48,HEARTBEAT,0,0,0,0,0,0,0x1001BFC0
1777182346.305,1683168,4,6,GNSS,1,CDH,10,HEALTH,1,HEALTH_0x01,0,0,0,0,1,1,0x1001804A
1777182346.305,1683169,2,6,GNSS,1,CDH,4,TELEMETRY,2,TELEMETRY_0x02,0,0,0,0,0,0,0x08018044
1777182347.287,1684165,4,6,GNSS,255,BROADCAST,0,HEARTBEAT,48,HEARTBEAT,0,0,0,0,0,0,0x1001BFC0
1777182348.285,1685162,4,6,GNSS,255,BROADCAST,0,HEARTBEAT,48,HEARTBEAT,0,0,0,0,0,0,0x1001BFC0
1777182349.284,1686160,4,6,GNSS,255,BROADCAST,0,HEARTBEAT,48,HEARTBEAT,0,0,0,0,0,0,0x1001BFC0
1777182350.296,1687157,4,6,GNSS,255,BROADCAST,0,HEARTBEAT,48,HEARTBEAT,0,0,0,0,0,0,0x1001BFC0
1777182351.279,1688154,4,6,GNSS,255,BROADCAST,0,HEARTBEAT,48,HEARTBEAT,0,0,0,0,0,0,0x1001BFC0
1777182351.279,1688155,4,6,GNSS,1,CDH,10,HEALTH,1,HEALTH_0x01,0,0,0,0,1,1,0x1001804A
1777182351.279,1688156,2,6,GNSS,1,CDH,4,TELEMETRY,2,TELEMETRY_0x02,0,0,0,0,0,0,0x08018044
1777182352.275,1689152,4,6,GNSS,255,BROADCAST,0,HEARTBEAT,48,HEARTBEAT,0,0,0,0,0,0,0x1001BFC0
1777182353.273,1690150,4,6,GNSS,255,BROADCAST,0,HEARTBEAT,48,HEARTBEAT,0,0,0,0,0,0,0x1001BFC0
1777182354.291,1691147,4,6,GNSS,255,BROADCAST,0,HEARTBEAT,48,HEARTBEAT,0,0,0,0,0,0,0x1001BFC0
1777182355.267,1692144,4,6,GNSS,255,BROADCAST,0,HEARTBEAT,48,HEARTBEAT,0,0,0,0,0,0,0x1001BFC0
1777182356.268,1693142,4,6,GNSS,255,BROADCAST,0,HEARTBEAT,48,HEARTBEAT,0,0,0,0,0,0,0x1001BFC0
1777182356.268,1693143,4,6,GNSS,1,CDH,10,HEALTH,1,HEALTH_0x01,0,0,0,0,1,1,0x1001804A
1777182356.268,1693144,2,6,GNSS,1,CDH,4,TELEMETRY,2,TELEMETRY_0x02,0,0,0,0,0,0,0x08018044
1777182357.263,1694140,4,6,GNSS,255,BROADCAST,0,HEARTBEAT,48,HEARTBEAT,0,0,0,0,0,0,0x1001BFC0
1777182358.280,1695137,4,6,GNSS,255,BROADCAST,0,HEARTBEAT,48,HEARTBEAT,0,0,0,0,0,0,0x1001BFC0
1777182359.258,1696135,4,6,GNSS,255,BROADCAST,0,HEARTBEAT,48,HEARTBEAT,0,0,0,0,0,0,0x1001BFC0
1777182360.255,1697132,4,6,GNSS,255,BROADCAST,0,HEARTBEAT,48,HEARTBEAT,0,0,0,0,0,0,0x1001BFC0
1777182361.254,1698129,4,6,GNSS,255,BROADCAST,0,HEARTBEAT,48,HEARTBEAT,0,0,0,0,0,0,0x1001BFC0
1777182361.256,1698130,4,6,GNSS,1,CDH,10,HEALTH,1,HEALTH_0x01,0,0,0,0,1,1,0x1001804A
1777182361.256,1698132,2,6,GNSS,1,CDH,4,TELEMETRY,2,TELEMETRY_0x02,0,0,0,0,0,0,0x08018044
1777182362.269,1699128,4,6,GNSS,255,BROADCAST,0,HEARTBEAT,48,HEARTBEAT,0,0,0,0,0,0,0x1001BFC0
1777182363.248,1700125,4,6,GNSS,255,BROADCAST,0,HEARTBEAT,48,HEARTBEAT,0,0,0,0,0,0,0x1001BFC0
1777182364.245,1701122,4,6,GNSS,255,BROADCAST,0,HEARTBEAT,48,HEARTBEAT,0,0,0,0,0,0,0x1001BFC0
1777182365.249,1702120,4,6,GNSS,255,BROADCAST,0,HEARTBEAT,48,HEARTBEAT,0,0,0,0,0,0,0x1001BFC0
1777182366.276,1703117,4,6,GNSS,255,BROADCAST,0,HEARTBEAT,48,HEARTBEAT,0,0,0,0,0,0,0x1001BFC0
1777182366.276,1703118,4,6,GNSS,1,CDH,10,HEALTH,1,HEALTH_0x01,0,0,0,0,1,1,0x1001804A
1777182366.276,1703119,2,6,GNSS,1,CDH,4,TELEMETRY,2,TELEMETRY_0x02,0,0,0,0,0,0,0x08018044
1777182367.239,1704116,4,6,GNSS,255,BROADCAST,0,HEARTBEAT,48,HEARTBEAT,0,0,0,0,0,0,0x1001BFC0
1777182368.235,1705113,4,6,GNSS,255,BROADCAST,0,HEARTBEAT,48,HEARTBEAT,0,0,0,0,0,0,0x1001BFC0
1777182369.244,1706110,4,6,GNSS,255,BROADCAST,0,HEARTBEAT,48,HEARTBEAT,0,0,0,0,0,0,0x1001BFC0
1777182370.266,1707107,4,6,GNSS,255,BROADCAST,0,HEARTBEAT,48,HEARTBEAT,0,0,0,0,0,0,0x1001BFC0
1777182371.228,1708105,4,6,GNSS,255,BROADCAST,0,HEARTBEAT,48,HEARTBEAT,0,0,0,0,0,0,0x1001BFC0
1777182371.229,1708106,4,6,GNSS,1,CDH,10,HEALTH,1,HEALTH_0x01,0,0,0,0,1,1,0x1001804A
1777182371.230,1708107,2,6,GNSS,1,CDH,4,TELEMETRY,2,TELEMETRY_0x02,0,0,0,0,0,0,0x08018044
1777182372.226,1709103,4,6,GNSS,255,BROADCAST,0,HEARTBEAT,48,HEARTBEAT,0,0,0,0,0,0,0x1001BFC0
1777182373.236,1710100,4,6,GNSS,255,BROADCAST,0,HEARTBEAT,48,HEARTBEAT,0,0,0,0,0,0,0x1001BFC0
1777182374.261,1711098,4,6,GNSS,255,BROADCAST,0,HEARTBEAT,48,HEARTBEAT,0,0,0,0,0,0,0x1001BFC0
1777182375.218,1712095,4,6,GNSS,255,BROADCAST,0,HEARTBEAT,48,HEARTBEAT,0,0,0,0,0,0,0x1001BFC0
1777182376.216,1713092,4,6,GNSS,255,BROADCAST,0,HEARTBEAT,48,HEARTBEAT,0,0,0,0,0,0,0x1001BFC0
1777182376.217,1713093,4,6,GNSS,1,CDH,10,HEALTH,1,HEALTH_0x01,0,0,0,0,1,1,0x1001804A
1777182376.217,1713094,2,6,GNSS,1,CDH,4,TELEMETRY,2,TELEMETRY_0x02,0,0,0,0,0,0,0x08018044
1777182377.230,1714091,4,6,GNSS,255,BROADCAST,0,HEARTBEAT,48,HEARTBEAT,0,0,0,0,0,0,0x1001BFC0
1777182378.212,1715088,4,6,GNSS,255,BROADCAST,0,HEARTBEAT,48,HEARTBEAT,0,0,0,0,0,0,0x1001BFC0
1777182379.208,1716085,4,6,GNSS,255,BROADCAST,0,HEARTBEAT,48,HEARTBEAT,0,0,0,0,0,0,0x1001BFC0
1777182380.206,1717083,4,6,GNSS,255,BROADCAST,0,HEARTBEAT,48,HEARTBEAT,0,0,0,0,0,0,0x1001BFC0
1777182381.220,1718080,4,6,GNSS,255,BROADCAST,0,HEARTBEAT,48,HEARTBEAT,0,0,0,0,0,0,0x1001BFC0
1777182381.220,1718081,4,6,GNSS,1,CDH,10,HEALTH,1,HEALTH_0x01,0,0,0,0,1,1,0x1001804A
1777182381.220,1718082,2,6,GNSS,1,CDH,4,TELEMETRY,2,TELEMETRY_0x02,0,0,0,0,0,0,0x08018044
1777182382.202,1719078,4,6,GNSS,255,BROADCAST,0,HEARTBEAT,48,HEARTBEAT,0,0,0,0,0,0,0x1001BFC0
1777182383.199,1720075,4,6,GNSS,255,BROADCAST,0,HEARTBEAT,48,HEARTBEAT,0,0,0,0,0,0,0x1001BFC0
1777182384.196,1721073,4,6,GNSS,255,BROADCAST,0,HEARTBEAT,48,HEARTBEAT,0,0,0,0,0,0,0x1001BFC0
1777182385.220,1722070,4,6,GNSS,255,BROADCAST,0,HEARTBEAT,48,HEARTBEAT,0,0,0,0,0,0,0x1001BFC0
1777182386.191,1723068,4,6,GNSS,255,BROADCAST,0,HEARTBEAT,48,HEARTBEAT,0,0,0,0,0,0,0x1001BFC0
1777182386.192,1723068,4,6,GNSS,1,CDH,10,HEALTH,1,HEALTH_0x01,0,0,0,0,1,1,0x1001804A
1777182386.193,1723070,2,6,GNSS,1,CDH,4,TELEMETRY,2,TELEMETRY_0x02,0,0,0,0,0,0,0x08018044
1777182387.189,1724066,4,6,GNSS,255,BROADCAST,0,HEARTBEAT,48,HEARTBEAT,0,0,0,0,0,0,0x1001BFC0
1777182388.187,1725063,4,6,GNSS,255,BROADCAST,0,HEARTBEAT,48,HEARTBEAT,0,0,0,0,0,0,0x1001BFC0
1777182389.209,1726061,4,6,GNSS,255,BROADCAST,0,HEARTBEAT,48,HEARTBEAT,0,0,0,0,0,0,0x1001BFC0
1777182390.181,1727058,4,6,GNSS,255,BROADCAST,0,HEARTBEAT,48,HEARTBEAT,0,0,0,0,0,0,0x1001BFC0
1777182391.180,1728055,4,6,GNSS,255,BROADCAST,0,HEARTBEAT,48,HEARTBEAT,0,0,0,0,0,0,0x1001BFC0
1777182391.180,1728056,4,6,GNSS,1,CDH,10,HEALTH,1,HEALTH_0x01,0,0,0,0,1,1,0x1001804A
1777182391.181,1728058,2,6,GNSS,1,CDH,4,TELEMETRY,2,TELEMETRY_0x02,0,0,0,0,0,0,0x08018044
1777182392.177,1729054,4,6,GNSS,255,BROADCAST,0,HEARTBEAT,48,HEARTBEAT,0,0,0,0,0,0,0x1001BFC0
1777182393.202,1730051,4,6,GNSS,255,BROADCAST,0,HEARTBEAT,48,HEARTBEAT,0,0,0,0,0,0,0x1001BFC0
1777182394.172,1731048,4,6,GNSS,255,BROADCAST,0,HEARTBEAT,48,HEARTBEAT,0,0,0,0,0,0,0x1001BFC0
1777182395.169,1732046,4,6,GNSS,255,BROADCAST,0,HEARTBEAT,48,HEARTBEAT,0,0,0,0,0,0,0x1001BFC0
1777182396.175,1733043,4,6,GNSS,255,BROADCAST,0,HEARTBEAT,48,HEARTBEAT,0,0,0,0,0,0,0x1001BFC0
1777182396.175,1733044,4,6,GNSS,1,CDH,10,HEALTH,1,HEALTH_0x01,0,0,0,0,1,1,0x1001804A
1777182396.175,1733045,2,6,GNSS,1,CDH,4,TELEMETRY,2,TELEMETRY_0x02,0,0,0,0,0,0,0x08018044
1777182397.196,1734041,4,6,GNSS,255,BROADCAST,0,HEARTBEAT,48,HEARTBEAT,0,0,0,0,0,0,0x1001BFC0
1777182398.161,1735038,4,6,GNSS,255,BROADCAST,0,HEARTBEAT,48,HEARTBEAT,0,0,0,0,0,0,0x1001BFC0
1777182399.161,1736036,4,6,GNSS,255,BROADCAST,0,HEARTBEAT,48,HEARTBEAT,0,0,0,0,0,0,0x1001BFC0
1777182400.165,1737033,4,6,GNSS,255,BROADCAST,0,HEARTBEAT,48,HEARTBEAT,0,0,0,0,0,0,0x1001BFC0
1777182401.183,1738030,4,6,GNSS,255,BROADCAST,0,HEARTBEAT,48,HEARTBEAT,0,0,0,0,0,0,0x1001BFC0
1777182401.183,1738031,4,6,GNSS,1,CDH,10,HEALTH,1,HEALTH_0x01,0,0,0,0,1,1,0x1001804A
1777182401.183,1738032,2,6,GNSS,1,CDH,4,TELEMETRY,2,TELEMETRY_0x02,0,0,0,0,0,0,0x08018044
1777182402.152,1739028,4,6,GNSS,255,BROADCAST,0,HEARTBEAT,48,HEARTBEAT,0,0,0,0,0,0,0x1001BFC0
1777182403.150,1740026,4,6,GNSS,255,BROADCAST,0,HEARTBEAT,48,HEARTBEAT,0,0,0,0,0,0,0x1001BFC0
1777182404.163,1741023,4,6,GNSS,255,BROADCAST,0,HEARTBEAT,48,HEARTBEAT,0,0,0,0,0,0,0x1001BFC0
1777182405.144,1742021,4,6,GNSS,255,BROADCAST,0,HEARTBEAT,48,HEARTBEAT,0,0,0,0,0,0,0x1001BFC0
1777182406.143,1743018,4,6,GNSS,255,BROADCAST,0,HEARTBEAT,48,HEARTBEAT,0,0,0,0,0,0,0x1001BFC0
1777182406.143,1743020,4,6,GNSS,1,CDH,10,HEALTH,1,HEALTH_0x01,0,0,0,0,1,1,0x1001804A
1777182406.144,1743021,2,6,GNSS,1,CDH,4,TELEMETRY,2,TELEMETRY_0x02,0,0,0,0,0,0,0x08018044
1777182407.144,1744016,4,6,GNSS,255,BROADCAST,0,HEARTBEAT,48,HEARTBEAT,0,0,0,0,0,0,0x1001BFC0
1777182408.151,1745014,4,6,GNSS,255,BROADCAST,0,HEARTBEAT,48,HEARTBEAT,0,0,0,0,0,0,0x1001BFC0
1777182409.134,1746011,4,6,GNSS,255,BROADCAST,0,HEARTBEAT,48,HEARTBEAT,0,0,0,0,0,0,0x1001BFC0
1777182410.131,1747008,4,6,GNSS,255,BROADCAST,0,HEARTBEAT,48,HEARTBEAT,0,0,0,0,0,0,0x1001BFC0
1777182411.131,1748005,4,6,GNSS,255,BROADCAST,0,HEARTBEAT,48,HEARTBEAT,0,0,0,0,0,0,0x1001BFC0
1777182411.131,1748006,4,6,GNSS,1,CDH,10,HEALTH,1,HEALTH_0x01,0,0,0,0,1,1,0x1001804A
1777182411.131,1748008,2,6,GNSS,1,CDH,4,TELEMETRY,2,TELEMETRY_0x02,0,0,0,0,0,0,0x08018044
1777182412.144,1749004,4,6,GNSS,255,BROADCAST,0,HEARTBEAT,48,HEARTBEAT,0,0,0,0,0,0,0x1001BFC0
1777182413.125,1750002,4,6,GNSS,255,BROADCAST,0,HEARTBEAT,48,HEARTBEAT,0,0,0,0,0,0,0x1001BFC0
1777182414.122,1750998,4,6,GNSS,255,BROADCAST,0,HEARTBEAT,48,HEARTBEAT,0,0,0,0,0,0,0x1001BFC0
1777182415.119,1751995,4,6,GNSS,255,BROADCAST,0,HEARTBEAT,48,HEARTBEAT,0,0,0,0,0,0,0x1001BFC0
1777182416.140,1752993,4,6,GNSS,255,BROADCAST,0,HEARTBEAT,48,HEARTBEAT,0,0,0,0,0,0,0x1001BFC0
1777182416.140,1752994,4,6,GNSS,1,CDH,10,HEALTH,1,HEALTH_0x01,0,0,0,0,1,1,0x1001804A
1777182416.140,1752995,2,6,GNSS,1,CDH,4,TELEMETRY,2,TELEMETRY_0x02,0,0,0,0,0,0,0x08018044
1777182417.114,1753991,4,6,GNSS,255,BROADCAST,0,HEARTBEAT,48,HEARTBEAT,0,0,0,0,0,0,0x1001BFC0
1777182418.111,1754988,4,6,GNSS,255,BROADCAST,0,HEARTBEAT,48,HEARTBEAT,0,0,0,0,0,0,0x1001BFC0
1777182419.109,1755985,4,6,GNSS,255,BROADCAST,0,HEARTBEAT,48,HEARTBEAT,0,0,0,0,0,0,0x1001BFC0
1777182420.136,1756983,4,6,GNSS,255,BROADCAST,0,HEARTBEAT,48,HEARTBEAT,0,0,0,0,0,0,0x1001BFC0
1777182421.104,1757980,4,6,GNSS,255,BROADCAST,0,HEARTBEAT,48,HEARTBEAT,0,0,0,0,0,0,0x1001BFC0
1777182421.104,1757981,4,6,GNSS,1,CDH,10,HEALTH,1,HEALTH_0x01,0,0,0,0,1,1,0x1001804A
1777182421.105,1757982,2,6,GNSS,1,CDH,4,TELEMETRY,2,TELEMETRY_0x02,0,0,0,0,0,0,0x08018044
1777182422.101,1758978,4,6,GNSS,255,BROADCAST,0,HEARTBEAT,48,HEARTBEAT,0,0,0,0,0,0,0x1001BFC0
1777182423.103,1759975,4,6,GNSS,255,BROADCAST,0,HEARTBEAT,48,HEARTBEAT,0,0,0,0,0,0,0x1001BFC0
1777182424.119,1760973,4,6,GNSS,255,BROADCAST,0,HEARTBEAT,48,HEARTBEAT,0,0,0,0,0,0,0x1001BFC0
1777182425.100,1761970,4,6,GNSS,255,BROADCAST,0,HEARTBEAT,48,HEARTBEAT,0,0,0,0,0,0,0x1001BFC0
1777182426.093,1762967,4,6,GNSS,255,BROADCAST,0,HEARTBEAT,48,HEARTBEAT,0,0,0,0,0,0,0x1001BFC0
1777182426.093,1762968,4,6,GNSS,1,CDH,10,HEALTH,1,HEALTH_0x01,0,0,0,0,1,1,0x1001804A
1777182426.093,1762969,2,6,GNSS,1,CDH,4,TELEMETRY,2,TELEMETRY_0x02,0,0,0,0,0,0,0x08018044
1777182427.096,1763966,4,6,GNSS,255,BROADCAST,0,HEARTBEAT,48,HEARTBEAT,0,0,0,0,0,0,0x1001BFC0
1777182428.121,1764963,4,6,GNSS,255,BROADCAST,0,HEARTBEAT,48,HEARTBEAT,0,0,0,0,0,0,0x1001BFC0
1777182429.084,1765960,4,6,GNSS,255,BROADCAST,0,HEARTBEAT,48,HEARTBEAT,0,0,0,0,0,0,0x1001BFC0
1777182430.081,1766957,4,6,GNSS,255,BROADCAST,0,HEARTBEAT,48,HEARTBEAT,0,0,0,0,0,0,0x1001BFC0
1777182431.093,1767955,4,6,GNSS,255,BROADCAST,0,HEARTBEAT,48,HEARTBEAT,0,0,0,0,0,0,0x1001BFC0
1777182431.093,1767956,4,6,GNSS,1,CDH,10,HEALTH,1,HEALTH_0x01,0,0,0,0,1,1,0x1001804A
1777182431.093,1767957,2,6,GNSS,1,CDH,4,TELEMETRY,2,TELEMETRY_0x02,0,0,0,0,0,0,0x08018044
1777182432.076,1768953,4,6,GNSS,255,BROADCAST,0,HEARTBEAT,48,HEARTBEAT,0,0,0,0,0,0,0x1001BFC0
1777182433.074,1769950,4,6,GNSS,255,BROADCAST,0,HEARTBEAT,48,HEARTBEAT,0,0,0,0,0,0,0x1001BFC0
1777182434.077,1770948,4,6,GNSS,255,BROADCAST,0,HEARTBEAT,48,HEARTBEAT,0,0,0,0,0,0,0x1001BFC0
1777182435.085,1771945,4,6,GNSS,255,BROADCAST,0,HEARTBEAT,48,HEARTBEAT,0,0,0,0,0,0,0x1001BFC0
1777182436.067,1772942,4,6,GNSS,255,BROADCAST,0,HEARTBEAT,48,HEARTBEAT,0,0,0,0,0,0,0x1001BFC0
1777182436.068,1772944,4,6,GNSS,1,CDH,10,HEALTH,1,HEALTH_0x01,0,0,0,0,1,1,0x1001804A
1777182436.069,1772945,2,6,GNSS,1,CDH,4,TELEMETRY,2,TELEMETRY_0x02,0,0,0,0,0,0,0x08018044
1777182437.065,1773941,4,6,GNSS,255,BROADCAST,0,HEARTBEAT,48,HEARTBEAT,0,0,0,0,0,0,0x1001BFC0
1777182438.064,1774938,4,6,GNSS,255,BROADCAST,0,HEARTBEAT,48,HEARTBEAT,0,0,0,0,0,0,0x1001BFC0
1777182439.070,1775935,4,6,GNSS,255,BROADCAST,0,HEARTBEAT,48,HEARTBEAT,0,0,0,0,0,0,0x1001BFC0
1777182440.057,1776933,4,6,GNSS,255,BROADCAST,0,HEARTBEAT,48,HEARTBEAT,0,0,0,0,0,0,0x1001BFC0
1777182441.056,1777930,4,6,GNSS,255,BROADCAST,0,HEARTBEAT,48,HEARTBEAT,0,0,0,0,0,0,0x1001BFC0
1777182441.056,1777931,4,6,GNSS,1,CDH,10,HEALTH,1,HEALTH_0x01,0,0,0,0,1,1,0x1001804A
1777182441.056,1777932,2,6,GNSS,1,CDH,4,TELEMETRY,2,TELEMETRY_0x02,0,0,0,0,0,0,0x08018044
1777182442.052,1778928,4,6,GNSS,255,BROADCAST,0,HEARTBEAT,48,HEARTBEAT,0,0,0,0,0,0,0x1001BFC0
1777182443.064,1779926,4,6,GNSS,255,BROADCAST,0,HEARTBEAT,48,HEARTBEAT,0,0,0,0,0,0,0x1001BFC0
1777182444.047,1780923,4,6,GNSS,255,BROADCAST,0,HEARTBEAT,48,HEARTBEAT,0,0,0,0,0,0,0x1001BFC0
1777182445.044,1781920,4,6,GNSS,255,BROADCAST,0,HEARTBEAT,48,HEARTBEAT,0,0,0,0,0,0,0x1001BFC0
1777182446.044,1782917,4,6,GNSS,255,BROADCAST,0,HEARTBEAT,48,HEARTBEAT,0,0,0,0,0,0,0x1001BFC0
1777182446.044,1782918,4,6,GNSS,1,CDH,10,HEALTH,1,HEALTH_0x01,0,0,0,0,1,1,0x1001804A
1777182446.044,1782920,2,6,GNSS,1,CDH,4,TELEMETRY,2,TELEMETRY_0x02,0,0,0,0,0,0,0x08018044
1777182447.069,1783916,4,6,GNSS,255,BROADCAST,0,HEARTBEAT,48,HEARTBEAT,0,0,0,0,0,0,0x1001BFC0
1777182448.036,1784913,4,6,GNSS,255,BROADCAST,0,HEARTBEAT,48,HEARTBEAT,0,0,0,0,0,0,0x1001BFC0
1777182449.034,1785910,4,6,GNSS,255,BROADCAST,0,HEARTBEAT,48,HEARTBEAT,0,0,0,0,0,0,0x1001BFC0
1777182450.041,1786908,4,6,GNSS,255,BROADCAST,0,HEARTBEAT,48,HEARTBEAT,0,0,0,0,0,0,0x1001BFC0
1777182451.073,1787905,4,6,GNSS,255,BROADCAST,0,HEARTBEAT,48,HEARTBEAT,0,0,0,0,0,0,0x1001BFC0
1777182451.073,1787906,4,6,GNSS,1,CDH,10,HEALTH,1,HEALTH_0x01,0,0,0,0,1,1,0x1001804A
1777182451.073,1787907,2,6,GNSS,1,CDH,4,TELEMETRY,2,TELEMETRY_0x02,0,0,0,0,0,0,0x08018044
1777182452.043,1788903,4,6,GNSS,255,BROADCAST,0,HEARTBEAT,48,HEARTBEAT,0,0,0,0,0,0,0x1001BFC0
1777182453.025,1789901,4,6,GNSS,255,BROADCAST,0,HEARTBEAT,48,HEARTBEAT,0,0,0,0,0,0,0x1001BFC0
1777182454.029,1790898,4,6,GNSS,255,BROADCAST,0,HEARTBEAT,48,HEARTBEAT,0,0,0,0,0,0,0x1001BFC0
1777182455.057,1791895,4,6,GNSS,255,BROADCAST,0,HEARTBEAT,48,HEARTBEAT,0,0,0,0,0,0,0x1001BFC0
1777182456.019,1792893,4,6,GNSS,255,BROADCAST,0,HEARTBEAT,48,HEARTBEAT,0,0,0,0,0,0,0x1001BFC0
1777182456.019,1792894,4,6,GNSS,1,CDH,10,HEALTH,1,HEALTH_0x01,0,0,0,0,1,1,0x1001804A
1777182456.019,1792895,2,6,GNSS,1,CDH,4,TELEMETRY,2,TELEMETRY_0x02,0,0,0,0,0,0,0x08018044
1777182457.015,1793891,4,6,GNSS,255,BROADCAST,0,HEARTBEAT,48,HEARTBEAT,0,0,0,0,0,0,0x1001BFC0
1777182458.017,1794888,4,6,GNSS,255,BROADCAST,0,HEARTBEAT,48,HEARTBEAT,0,0,0,0,0,0,0x1001BFC0
1777182459.048,1795885,4,6,GNSS,255,BROADCAST,0,HEARTBEAT,48,HEARTBEAT,0,0,0,0,0,0,0x1001BFC0
1777182460.007,1796883,4,6,GNSS,255,BROADCAST,0,HEARTBEAT,48,HEARTBEAT,0,0,0,0,0,0,0x1001BFC0
1777182461.006,1797880,4,6,GNSS,255,BROADCAST,0,HEARTBEAT,48,HEARTBEAT,0,0,0,0,0,0,0x1001BFC0
1777182461.009,1797881,4,6,GNSS,1,CDH,10,HEALTH,1,HEALTH_0x01,0,0,0,0,1,1,0x1001804A
1777182461.009,1797882,2,6,GNSS,1,CDH,4,TELEMETRY,2,TELEMETRY_0x02,0,0,0,0,0,0,0x08018044
1777182462.019,1798878,4,6,GNSS,255,BROADCAST,0,HEARTBEAT,48,HEARTBEAT,0,0,0,0,0,0,0x1001BFC0
1777182462.999,1799876,4,6,GNSS,255,BROADCAST,0,HEARTBEAT,48,HEARTBEAT,0,0,0,0,0,0,0x1001BFC0
1777182463.998,1800873,4,6,GNSS,255,BROADCAST,0,HEARTBEAT,48,HEARTBEAT,0,0,0,0,0,0,0x1001BFC0
1777182464.994,1801870,4,6,GNSS,255,BROADCAST,0,HEARTBEAT,48,HEARTBEAT,0,0,0,0,0,0,0x1001BFC0
1777182466.004,1802867,4,6,GNSS,255,BROADCAST,0,HEARTBEAT,48,HEARTBEAT,0,0,0,0,0,0,0x1001BFC0
1777182466.004,1802868,4,6,GNSS,1,CDH,10,HEALTH,1,HEALTH_0x01,0,0,0,0,1,1,0x1001804A
1777182466.004,1802870,2,6,GNSS,1,CDH,4,TELEMETRY,2,TELEMETRY_0x02,0,0,0,0,0,0,0x08018044
1777182466.990,1803866,4,6,GNSS,255,BROADCAST,0,HEARTBEAT,48,HEARTBEAT,0,0,0,0,0,0,0x1001BFC0
1777182467.990,1804863,4,6,GNSS,255,BROADCAST,0,HEARTBEAT,48,HEARTBEAT,0,0,0,0,0,0,0x1001BFC0
1777182468.984,1805860,4,6,GNSS,255,BROADCAST,0,HEARTBEAT,48,HEARTBEAT,0,0,0,0,0,0,0x1001BFC0
1777182470.009,1806858,4,6,GNSS,255,BROADCAST,0,HEARTBEAT,48,HEARTBEAT,0,0,0,0,0,0,0x1001BFC0
1777182470.979,1807855,4,6,GNSS,255,BROADCAST,0,HEARTBEAT,48,HEARTBEAT,0,0,0,0,0,0,0x1001BFC0
1777182470.980,1807856,4,6,GNSS,1,CDH,10,HEALTH,1,HEALTH_0x01,0,0,0,0,1,1,0x1001804A
1777182470.981,1807857,2,6,GNSS,1,CDH,4,TELEMETRY,2,TELEMETRY_0x02,0,0,0,0,0,0,0x08018044
1777182471.977,1808853,4,6,GNSS,255,BROADCAST,0,HEARTBEAT,48,HEARTBEAT,0,0,0,0,0,0,0x1001BFC0
1777182472.975,1809850,4,6,GNSS,255,BROADCAST,0,HEARTBEAT,48,HEARTBEAT,0,0,0,0,0,0,0x1001BFC0
1777182473.998,1810847,4,6,GNSS,255,BROADCAST,0,HEARTBEAT,48,HEARTBEAT,0,0,0,0,0,0,0x1001BFC0
1777182474.969,1811845,4,6,GNSS,255,BROADCAST,0,HEARTBEAT,48,HEARTBEAT,0,0,0,0,0,0,0x1001BFC0
1777182475.967,1812842,4,6,GNSS,255,BROADCAST,0,HEARTBEAT,48,HEARTBEAT,0,0,0,0,0,0,0x1001BFC0
1777182475.967,1812843,4,6,GNSS,1,CDH,10,HEALTH,1,HEALTH_0x01,0,0,0,0,1,1,0x1001804A
1777182475.968,1812844,2,6,GNSS,1,CDH,4,TELEMETRY,2,TELEMETRY_0x02,0,0,0,0,0,0,0x08018044
1777182476.965,1813841,4,6,GNSS,255,BROADCAST,0,HEARTBEAT,48,HEARTBEAT,0,0,0,0,0,0,0x1001BFC0
1777182477.993,1814838,4,6,GNSS,255,BROADCAST,0,HEARTBEAT,48,HEARTBEAT,0,0,0,0,0,0,0x1001BFC0
1777182478.960,1815835,4,6,GNSS,255,BROADCAST,0,HEARTBEAT,48,HEARTBEAT,0,0,0,0,0,0,0x1001BFC0
1777182479.957,1816832,4,6,GNSS,255,BROADCAST,0,HEARTBEAT,48,HEARTBEAT,0,0,0,0,0,0,0x1001BFC0
1777182480.964,1817830,4,6,GNSS,255,BROADCAST,0,HEARTBEAT,48,HEARTBEAT,0,0,0,0,0,0,0x1001BFC0
1777182480.964,1817831,4,6,GNSS,1,CDH,10,HEALTH,1,HEALTH_0x01,0,0,0,0,1,1,0x1001804A
1777182480.964,1817832,2,6,GNSS,1,CDH,4,TELEMETRY,2,TELEMETRY_0x02,0,0,0,0,0,0,0x08018044
1777182481.986,1818828,4,6,GNSS,255,BROADCAST,0,HEARTBEAT,48,HEARTBEAT,0,0,0,0,0,0,0x1001BFC0
1777182482.949,1819825,4,6,GNSS,255,BROADCAST,0,HEARTBEAT,48,HEARTBEAT,0,0,0,0,0,0,0x1001BFC0
1777182483.947,1820823,4,6,GNSS,255,BROADCAST,0,HEARTBEAT,48,HEARTBEAT,0,0,0,0,0,0,0x1001BFC0
1777182484.955,1821820,4,6,GNSS,255,BROADCAST,0,HEARTBEAT,48,HEARTBEAT,0,0,0,0,0,0,0x1001BFC0
1777182485.982,1822817,4,6,GNSS,255,BROADCAST,0,HEARTBEAT,48,HEARTBEAT,0,0,0,0,0,0,0x1001BFC0
1777182485.982,1822818,4,6,GNSS,1,CDH,10,HEALTH,1,HEALTH_0x01,0,0,0,0,1,1,0x1001804A
1777182485.982,1822819,2,6,GNSS,1,CDH,4,TELEMETRY,2,TELEMETRY_0x02,0,0,0,0,0,0,0x08018044
1777182486.939,1823815,4,6,GNSS,255,BROADCAST,0,HEARTBEAT,48,HEARTBEAT,0,0,0,0,0,0,0x1001BFC0
1777182487.937,1824813,4,6,GNSS,255,BROADCAST,0,HEARTBEAT,48,HEARTBEAT,0,0,0,0,0,0,0x1001BFC0
1777182488.965,1825810,4,6,GNSS,255,BROADCAST,0,HEARTBEAT,48,HEARTBEAT,0,0,0,0,0,0,0x1001BFC0
1777182489.931,1826807,4,6,GNSS,255,BROADCAST,0,HEARTBEAT,48,HEARTBEAT,0,0,0,0,0,0,0x1001BFC0
1777182490.929,1827804,4,6,GNSS,255,BROADCAST,0,HEARTBEAT,48,HEARTBEAT,0,0,0,0,0,0,0x1001BFC0
1777182490.930,1827805,4,6,GNSS,1,CDH,10,HEALTH,1,HEALTH_0x01,0,0,0,0,1,1,0x1001804A
1777182490.931,1827807,2,6,GNSS,1,CDH,4,TELEMETRY,2,TELEMETRY_0x02,0,0,0,0,0,0,0x08018044
1777182491.932,1828803,4,6,GNSS,255,BROADCAST,0,HEARTBEAT,48,HEARTBEAT,0,0,0,0,0,0,0x1001BFC0
1777182492.943,1829800,4,6,GNSS,255,BROADCAST,0,HEARTBEAT,48,HEARTBEAT,0,0,0,0,0,0,0x1001BFC0
1777182493.922,1830797,4,6,GNSS,255,BROADCAST,0,HEARTBEAT,48,HEARTBEAT,0,0,0,0,0,0,0x1001BFC0
1777182494.921,1831794,4,6,GNSS,255,BROADCAST,0,HEARTBEAT,48,HEARTBEAT,0,0,0,0,0,0,0x1001BFC0
1777182495.918,1832791,4,6,GNSS,255,BROADCAST,0,HEARTBEAT,48,HEARTBEAT,0,0,0,0,0,0,0x1001BFC0
1777182495.918,1832793,4,6,GNSS,1,CDH,10,HEALTH,1,HEALTH_0x01,0,0,0,0,1,1,0x1001804A
1777182495.918,1832794,2,6,GNSS,1,CDH,4,TELEMETRY,2,TELEMETRY_0x02,0,0,0,0,0,0,0x08018044
1777182496.939,1833790,4,6,GNSS,255,BROADCAST,0,HEARTBEAT,48,HEARTBEAT,0,0,0,0,0,0,0x1001BFC0
1777182497.911,1834787,4,6,GNSS,255,BROADCAST,0,HEARTBEAT,48,HEARTBEAT,0,0,0,0,0,0,0x1001BFC0
1777182498.908,1835784,4,6,GNSS,255,BROADCAST,0,HEARTBEAT,48,HEARTBEAT,0,0,0,0,0,0,0x1001BFC0
1777182499.909,1836781,4,6,GNSS,255,BROADCAST,0,HEARTBEAT,48,HEARTBEAT,0,0,0,0,0,0,0x1001BFC0
1777182500.924,1837779,4,6,GNSS,255,BROADCAST,0,HEARTBEAT,48,HEARTBEAT,0,0,0,0,0,0,0x1001BFC0
1777182500.924,1837780,4,6,GNSS,1,CDH,10,HEALTH,1,HEALTH_0x01,0,0,0,0,1,1,0x1001804A
1777182500.924,1837781,2,6,GNSS,1,CDH,4,TELEMETRY,2,TELEMETRY_0x02,0,0,0,0,0,0,0x08018044
1777182501.901,1838777,4,6,GNSS,255,BROADCAST,0,HEARTBEAT,48,HEARTBEAT,0,0,0,0,0,0,0x1001BFC0
1777182502.907,1839774,4,6,GNSS,255,BROADCAST,0,HEARTBEAT,48,HEARTBEAT,0,0,0,0,0,0,0x1001BFC0
1777182503.899,1840771,4,6,GNSS,255,BROADCAST,0,HEARTBEAT,48,HEARTBEAT,0,0,0,0,0,0,0x1001BFC0
1777182504.921,1841769,4,6,GNSS,255,BROADCAST,0,HEARTBEAT,48,HEARTBEAT,0,0,0,0,0,0,0x1001BFC0
1777182505.891,1842766,4,6,GNSS,255,BROADCAST,0,HEARTBEAT,48,HEARTBEAT,0,0,0,0,0,0,0x1001BFC0
1777182505.891,1842767,4,6,GNSS,1,CDH,10,HEALTH,1,HEALTH_0x01,0,0,0,0,1,1,0x1001804A
1777182505.892,1842768,2,6,GNSS,1,CDH,4,TELEMETRY,2,TELEMETRY_0x02,0,0,0,0,0,0,0x08018044
1777182506.888,1843764,4,6,GNSS,255,BROADCAST,0,HEARTBEAT,48,HEARTBEAT,0,0,0,0,0,0,0x1001BFC0
1777182507.896,1844761,4,6,GNSS,255,BROADCAST,0,HEARTBEAT,48,HEARTBEAT,0,0,0,0,0,0,0x1001BFC0
1777182508.910,1845758,4,6,GNSS,255,BROADCAST,0,HEARTBEAT,48,HEARTBEAT,0,0,0,0,0,0,0x1001BFC0
1777182509.880,1846756,4,6,GNSS,255,BROADCAST,0,HEARTBEAT,48,HEARTBEAT,0,0,0,0,0,0,0x1001BFC0
1777182510.880,1847753,4,6,GNSS,255,BROADCAST,0,HEARTBEAT,48,HEARTBEAT,0,0,0,0,0,0,0x1001BFC0
1777182510.880,1847754,4,6,GNSS,1,CDH,10,HEALTH,1,HEALTH_0x01,0,0,0,0,1,1,0x1001804A
1777182510.880,1847755,2,6,GNSS,1,CDH,4,TELEMETRY,2,TELEMETRY_0x02,0,0,0,0,0,0,0x08018044
1777182511.880,1848751,4,6,GNSS,255,BROADCAST,0,HEARTBEAT,48,HEARTBEAT,0,0,0,0,0,0,0x1001BFC0
1777182512.910,1849748,4,6,GNSS,255,BROADCAST,0,HEARTBEAT,48,HEARTBEAT,0,0,0,0,0,0,0x1001BFC0
1777182513.870,1850745,4,6,GNSS,255,BROADCAST,0,HEARTBEAT,48,HEARTBEAT,0,0,0,0,0,0,0x1001BFC0
1777182514.868,1851743,4,6,GNSS,255,BROADCAST,0,HEARTBEAT,48,HEARTBEAT,0,0,0,0,0,0,0x1001BFC0
1777182515.887,1852740,4,6,GNSS,255,BROADCAST,0,HEARTBEAT,48,HEARTBEAT,0,0,0,0,0,0,0x1001BFC0
1777182515.887,1852741,4,6,GNSS,1,CDH,10,HEALTH,1,HEALTH_0x01,0,0,0,0,1,1,0x1001804A
1777182515.887,1852742,2,6,GNSS,1,CDH,4,TELEMETRY,2,TELEMETRY_0x02,0,0,0,0,0,0,0x08018044
1777182516.863,1853738,4,6,GNSS,255,BROADCAST,0,HEARTBEAT,48,HEARTBEAT,0,0,0,0,0,0,0x1001BFC0
1777182517.863,1854735,4,6,GNSS,255,BROADCAST,0,HEARTBEAT,48,HEARTBEAT,0,0,0,0,0,0,0x1001BFC0
1777182518.857,1855732,4,6,GNSS,255,BROADCAST,0,HEARTBEAT,48,HEARTBEAT,0,0,0,0,0,0,0x1001BFC0
1777182519.878,1856730,4,6,GNSS,255,BROADCAST,0,HEARTBEAT,48,HEARTBEAT,0,0,0,0,0,0,0x1001BFC0
1777182520.853,1857727,4,6,GNSS,255,BROADCAST,0,HEARTBEAT,48,HEARTBEAT,0,0,0,0,0,0,0x1001BFC0
1777182520.853,1857729,4,6,GNSS,1,CDH,10,HEALTH,1,HEALTH_0x01,0,0,0,0,1,1,0x1001804A
1777182520.855,1857730,2,6,GNSS,1,CDH,4,TELEMETRY,2,TELEMETRY_0x02,0,0,0,0,0,0,0x08018044
1777182521.850,1858725,4,6,GNSS,255,BROADCAST,0,HEARTBEAT,48,HEARTBEAT,0,0,0,0,0,0,0x1001BFC0
1777182522.848,1859722,4,6,GNSS,255,BROADCAST,0,HEARTBEAT,48,HEARTBEAT,0,0,0,0,0,0,0x1001BFC0
1777182523.867,1860720,4,6,GNSS,255,BROADCAST,0,HEARTBEAT,48,HEARTBEAT,0,0,0,0,0,0,0x1001BFC0
1777182524.842,1861717,4,6,GNSS,255,BROADCAST,0,HEARTBEAT,48,HEARTBEAT,0,0,0,0,0,0,0x1001BFC0
1777182525.841,1862714,4,6,GNSS,255,BROADCAST,0,HEARTBEAT,48,HEARTBEAT,0,0,0,0,0,0,0x1001BFC0
1777182525.841,1862715,4,6,GNSS,1,CDH,10,HEALTH,1,HEALTH_0x01,0,0,0,0,1,1,0x1001804A
1777182525.841,1862716,2,6,GNSS,1,CDH,4,TELEMETRY,2,TELEMETRY_0x02,0,0,0,0,0,0,0x08018044
1777182526.838,1863712,4,6,GNSS,255,BROADCAST,0,HEARTBEAT,48,HEARTBEAT,0,0,0,0,0,0,0x1001BFC0
1777182527.866,1864710,4,6,GNSS,255,BROADCAST,0,HEARTBEAT,48,HEARTBEAT,0,0,0,0,0,0,0x1001BFC0
1777182528.832,1865707,4,6,GNSS,255,BROADCAST,0,HEARTBEAT,48,HEARTBEAT,0,0,0,0,0,0,0x1001BFC0
1777182529.829,1866704,4,6,GNSS,255,BROADCAST,0,HEARTBEAT,48,HEARTBEAT,0,0,0,0,0,0,0x1001BFC0
1777182530.834,1867701,4,6,GNSS,255,BROADCAST,0,HEARTBEAT,48,HEARTBEAT,0,0,0,0,0,0,0x1001BFC0
1777182530.834,1867702,4,6,GNSS,1,CDH,10,HEALTH,1,HEALTH_0x01,0,0,0,0,1,1,0x1001804A
1777182530.834,1867703,2,6,GNSS,1,CDH,4,TELEMETRY,2,TELEMETRY_0x02,0,0,0,0,0,0,0x08018044
1777182531.856,1868700,4,6,GNSS,255,BROADCAST,0,HEARTBEAT,48,HEARTBEAT,0,0,0,0,0,0,0x1001BFC0
1777182532.822,1869697,4,6,GNSS,255,BROADCAST,0,HEARTBEAT,48,HEARTBEAT,0,0,0,0,0,0,0x1001BFC0
1777182533.819,1870694,4,6,GNSS,255,BROADCAST,0,HEARTBEAT,48,HEARTBEAT,0,0,0,0,0,0,0x1001BFC0
1777182534.821,1871691,4,6,GNSS,255,BROADCAST,0,HEARTBEAT,48,HEARTBEAT,0,0,0,0,0,0,0x1001BFC0
1777182535.870,1872689,4,6,GNSS,255,BROADCAST,0,HEARTBEAT,48,HEARTBEAT,0,0,0,0,0,0,0x1001BFC0
1777182535.870,1872689,4,6,GNSS,1,CDH,10,HEALTH,1,HEALTH_0x01,0,0,0,0,1,1,0x1001804A
1777182535.870,1872691,2,6,GNSS,1,CDH,4,TELEMETRY,2,TELEMETRY_0x02,0,0,0,0,0,0,0x08018044
1777182536.812,1873687,4,6,GNSS,255,BROADCAST,0,HEARTBEAT,48,HEARTBEAT,0,0,0,0,0,0,0x1001BFC0
1777182537.811,1874684,4,6,GNSS,255,BROADCAST,0,HEARTBEAT,48,HEARTBEAT,0,0,0,0,0,0,0x1001BFC0
1777182538.814,1875681,4,6,GNSS,255,BROADCAST,0,HEARTBEAT,48,HEARTBEAT,0,0,0,0,0,0,0x1001BFC0
1777182539.803,1876678,4,6,GNSS,255,BROADCAST,0,HEARTBEAT,48,HEARTBEAT,0,0,0,0,0,0,0x1001BFC0
1777182540.809,1877676,4,6,GNSS,255,BROADCAST,0,HEARTBEAT,48,HEARTBEAT,0,0,0,0,0,0,0x1001BFC0
1777182540.809,1877677,4,6,GNSS,1,CDH,10,HEALTH,1,HEALTH_0x01,0,0,0,0,1,1,0x1001804A
1777182540.809,1877678,2,6,GNSS,1,CDH,4,TELEMETRY,2,TELEMETRY_0x02,0,0,0,0,0,0,0x08018044
1777182541.799,1878674,4,6,GNSS,255,BROADCAST,0,HEARTBEAT,48,HEARTBEAT,0,0,0,0,0,0,0x1001BFC0
1777182542.800,1879671,4,6,GNSS,255,BROADCAST,0,HEARTBEAT,48,HEARTBEAT,0,0,0,0,0,0,0x1001BFC0
1777182543.794,1880668,4,6,GNSS,255,BROADCAST,0,HEARTBEAT,48,HEARTBEAT,0,0,0,0,0,0,0x1001BFC0
1777182544.791,1881665,4,6,GNSS,255,BROADCAST,0,HEARTBEAT,48,HEARTBEAT,0,0,0,0,0,0,0x1001BFC0
1777182545.790,1882663,4,6,GNSS,255,BROADCAST,0,HEARTBEAT,48,HEARTBEAT,0,0,0,0,0,0,0x1001BFC0
1777182545.790,1882664,4,6,GNSS,1,CDH,10,HEALTH,1,HEALTH_0x01,0,0,0,0,1,1,0x1001804A
1777182545.790,1882665,2,6,GNSS,1,CDH,4,TELEMETRY,2,TELEMETRY_0x02,0,0,0,0,0,0,0x08018044
1777182546.800,1883661,4,6,GNSS,255,BROADCAST,0,HEARTBEAT,48,HEARTBEAT,0,0,0,0,0,0,0x1001BFC0
1777182547.783,1884658,4,6,GNSS,255,BROADCAST,0,HEARTBEAT,48,HEARTBEAT,0,0,0,0,0,0,0x1001BFC0
1777182548.780,1885655,4,6,GNSS,255,BROADCAST,0,HEARTBEAT,48,HEARTBEAT,0,0,0,0,0,0,0x1001BFC0
1777182549.777,1886652,4,6,GNSS,255,BROADCAST,0,HEARTBEAT,48,HEARTBEAT,0,0,0,0,0,0,0x1001BFC0
1777182550.803,1887650,4,6,GNSS,255,BROADCAST,0,HEARTBEAT,48,HEARTBEAT,0,0,0,0,0,0,0x1001BFC0
1777182550.803,1887651,4,6,GNSS,1,CDH,10,HEALTH,1,HEALTH_0x01,0,0,0,0,1,1,0x1001804A
1777182550.803,1887652,2,6,GNSS,1,CDH,4,TELEMETRY,2,TELEMETRY_0x02,0,0,0,0,0,0,0x08018044
1777182551.773,1888648,4,6,GNSS,255,BROADCAST,0,HEARTBEAT,48,HEARTBEAT,0,0,0,0,0,0,0x1001BFC0
1777182552.770,1889645,4,6,GNSS,255,BROADCAST,0,HEARTBEAT,48,HEARTBEAT,0,0,0,0,0,0,0x1001BFC0
1777182553.768,1890642,4,6,GNSS,255,BROADCAST,0,HEARTBEAT,48,HEARTBEAT,0,0,0,0,0,0,0x1001BFC0
1777182554.794,1891640,4,6,GNSS,255,BROADCAST,0,HEARTBEAT,48,HEARTBEAT,0,0,0,0,0,0,0x1001BFC0
1777182555.763,1892637,4,6,GNSS,255,BROADCAST,0,HEARTBEAT,48,HEARTBEAT,0,0,0,0,0,0,0x1001BFC0
1777182555.765,1892638,4,6,GNSS,1,CDH,10,HEALTH,1,HEALTH_0x01,0,0,0,0,1,1,0x1001804A
1777182555.765,1892639,2,6,GNSS,1,CDH,4,TELEMETRY,2,TELEMETRY_0x02,0,0,0,0,0,0,0x08018044
1777182556.761,1893635,4,6,GNSS,255,BROADCAST,0,HEARTBEAT,48,HEARTBEAT,0,0,0,0,0,0,0x1001BFC0
1777182557.762,1894632,4,6,GNSS,255,BROADCAST,0,HEARTBEAT,48,HEARTBEAT,0,0,0,0,0,0,0x1001BFC0
1777182558.779,1895630,4,6,GNSS,255,BROADCAST,0,HEARTBEAT,48,HEARTBEAT,0,0,0,0,0,0,0x1001BFC0
1777182559.752,1896627,4,6,GNSS,255,BROADCAST,0,HEARTBEAT,48,HEARTBEAT,0,0,0,0,0,0,0x1001BFC0
1777182560.750,1897624,4,6,GNSS,255,BROADCAST,0,HEARTBEAT,48,HEARTBEAT,0,0,0,0,0,0,0x1001BFC0
1777182560.751,1897625,4,6,GNSS,1,CDH,10,HEALTH,1,HEALTH_0x01,0,0,0,0,1,1,0x1001804A
1777182560.752,1897626,2,6,GNSS,1,CDH,4,TELEMETRY,2,TELEMETRY_0x02,0,0,0,0,0,0,0x08018044
1777182561.760,1898622,4,6,GNSS,255,BROADCAST,0,HEARTBEAT,48,HEARTBEAT,0,0,0,0,0,0,0x1001BFC0
1777182562.783,1899619,4,6,GNSS,255,BROADCAST,0,HEARTBEAT,48,HEARTBEAT,0,0,0,0,0,0,0x1001BFC0
1777182563.742,1900617,4,6,GNSS,255,BROADCAST,0,HEARTBEAT,48,HEARTBEAT,0,0,0,0,0,0,0x1001BFC0
1777182564.739,1901614,4,6,GNSS,255,BROADCAST,0,HEARTBEAT,48,HEARTBEAT,0,0,0,0,0,0,0x1001BFC0
1777182565.754,1902611,4,6,GNSS,255,BROADCAST,0,HEARTBEAT,48,HEARTBEAT,0,0,0,0,0,0,0x1001BFC0
1777182565.754,1902612,4,6,GNSS,1,CDH,10,HEALTH,1,HEALTH_0x01,0,0,0,0,1,1,0x1001804A
1777182565.754,1902613,2,6,GNSS,1,CDH,4,TELEMETRY,2,TELEMETRY_0x02,0,0,0,0,0,0,0x08018044
1777182566.734,1903609,4,6,GNSS,255,BROADCAST,0,HEARTBEAT,48,HEARTBEAT,0,0,0,0,0,0,0x1001BFC0
1777182567.732,1904606,4,6,GNSS,255,BROADCAST,0,HEARTBEAT,48,HEARTBEAT,0,0,0,0,0,0,0x1001BFC0
1777182568.729,1905603,4,6,GNSS,255,BROADCAST,0,HEARTBEAT,48,HEARTBEAT,0,0,0,0,0,0,0x1001BFC0
1777182569.748,1906601,4,6,GNSS,255,BROADCAST,0,HEARTBEAT,48,HEARTBEAT,0,0,0,0,0,0,0x1001BFC0
1777182570.723,1907598,4,6,GNSS,255,BROADCAST,0,HEARTBEAT,48,HEARTBEAT,0,0,0,0,0,0,0x1001BFC0
1777182570.724,1907599,4,6,GNSS,1,CDH,10,HEALTH,1,HEALTH_0x01,0,0,0,0,1,1,0x1001804A
1777182570.726,1907600,2,6,GNSS,1,CDH,4,TELEMETRY,2,TELEMETRY_0x02,0,0,0,0,0,0,0x08018044
1777182571.721,1908596,4,6,GNSS,255,BROADCAST,0,HEARTBEAT,48,HEARTBEAT,0,0,0,0,0,0,0x1001BFC0
1777182572.718,1909593,4,6,GNSS,255,BROADCAST,0,HEARTBEAT,48,HEARTBEAT,0,0,0,0,0,0,0x1001BFC0
1777182573.733,1910590,4,6,GNSS,255,BROADCAST,0,HEARTBEAT,48,HEARTBEAT,0,0,0,0,0,0,0x1001BFC0
1777182574.713,1911587,4,6,GNSS,255,BROADCAST,0,HEARTBEAT,48,HEARTBEAT,0,0,0,0,0,0,0x1001BFC0
1777182575.710,1912585,4,6,GNSS,255,BROADCAST,0,HEARTBEAT,48,HEARTBEAT,0,0,0,0,0,0,0x1001BFC0
1777182575.716,1912586,4,6,GNSS,1,CDH,10,HEALTH,1,HEALTH_0x01,0,0,0,0,1,1,0x1001804A
1777182575.716,1912587,2,6,GNSS,1,CDH,4,TELEMETRY,2,TELEMETRY_0x02,0,0,0,0,0,0,0x08018044
1777182576.708,1913583,4,6,GNSS,255,BROADCAST,0,HEARTBEAT,48,HEARTBEAT,0,0,0,0,0,0,0x1001BFC0
1777182577.734,1914580,4,6,GNSS,255,BROADCAST,0,HEARTBEAT,48,HEARTBEAT,0,0,0,0,0,0,0x1001BFC0
1777182578.702,1915577,4,6,GNSS,255,BROADCAST,0,HEARTBEAT,48,HEARTBEAT,0,0,0,0,0,0,0x1001BFC0
1777182579.699,1916574,4,6,GNSS,255,BROADCAST,0,HEARTBEAT,48,HEARTBEAT,0,0,0,0,0,0,0x1001BFC0
1777182580.720,1917571,4,6,GNSS,255,BROADCAST,0,HEARTBEAT,48,HEARTBEAT,0,0,0,0,0,0,0x1001BFC0
1777182580.720,1917572,4,6,GNSS,1,CDH,10,HEALTH,1,HEALTH_0x01,0,0,0,0,1,1,0x1001804A
1777182580.720,1917574,2,6,GNSS,1,CDH,4,TELEMETRY,2,TELEMETRY_0x02,0,0,0,0,0,0,0x08018044
1777182581.721,1918569,4,6,GNSS,255,BROADCAST,0,HEARTBEAT,48,HEARTBEAT,0,0,0,0,0,0,0x1001BFC0
1777182582.694,1919567,4,6,GNSS,255,BROADCAST,0,HEARTBEAT,48,HEARTBEAT,0,0,0,0,0,0,0x1001BFC0
1777182583.689,1920564,4,6,GNSS,255,BROADCAST,0,HEARTBEAT,48,HEARTBEAT,0,0,0,0,0,0,0x1001BFC0
1777182584.698,1921561,4,6,GNSS,255,BROADCAST,0,HEARTBEAT,48,HEARTBEAT,0,0,0,0,0,0,0x1001BFC0
1777182585.721,1922558,4,6,GNSS,255,BROADCAST,0,HEARTBEAT,48,HEARTBEAT,0,0,0,0,0,0,0x1001BFC0
1777182585.721,1922559,4,6,GNSS,1,CDH,10,HEALTH,1,HEALTH_0x01,0,0,0,0,1,1,0x1001804A
1777182585.721,1922560,2,6,GNSS,1,CDH,4,TELEMETRY,2,TELEMETRY_0x02,0,0,0,0,0,0,0x08018044
1777182586.682,1923556,4,6,GNSS,255,BROADCAST,0,HEARTBEAT,48,HEARTBEAT,0,0,0,0,0,0,0x1001BFC0
1777182587.679,1924554,4,6,GNSS,255,BROADCAST,0,HEARTBEAT,48,HEARTBEAT,0,0,0,0,0,0,0x1001BFC0
1777182588.683,1925551,4,6,GNSS,255,BROADCAST,0,HEARTBEAT,48,HEARTBEAT,0,0,0,0,0,0,0x1001BFC0
1777182589.674,1926548,4,6,GNSS,255,BROADCAST,0,HEARTBEAT,48,HEARTBEAT,0,0,0,0,0,0,0x1001BFC0
1777182590.673,1927545,4,6,GNSS,255,BROADCAST,0,HEARTBEAT,48,HEARTBEAT,0,0,0,0,0,0,0x1001BFC0
1777182590.673,1927546,4,6,GNSS,1,CDH,10,HEALTH,1,HEALTH_0x01,0,0,0,0,1,1,0x1001804A
1777182590.673,1927547,2,6,GNSS,1,CDH,4,TELEMETRY,2,TELEMETRY_0x02,0,0,0,0,0,0,0x08018044
1777182591.677,1928543,4,6,GNSS,255,BROADCAST,0,HEARTBEAT,48,HEARTBEAT,0,0,0,0,0,0,0x1001BFC0
1777182592.687,1929541,4,6,GNSS,255,BROADCAST,0,HEARTBEAT,48,HEARTBEAT,0,0,0,0,0,0,0x1001BFC0
1777182593.664,1930538,4,6,GNSS,255,BROADCAST,0,HEARTBEAT,48,HEARTBEAT,0,0,0,0,0,0,0x1001BFC0
1777182594.662,1931535,4,6,GNSS,255,BROADCAST,0,HEARTBEAT,48,HEARTBEAT,0,0,0,0,0,0,0x1001BFC0
1777182595.659,1932533,4,6,GNSS,255,BROADCAST,0,HEARTBEAT,48,HEARTBEAT,0,0,0,0,0,0,0x1001BFC0
1777182595.660,1932534,4,6,GNSS,1,CDH,10,HEALTH,1,HEALTH_0x01,0,0,0,0,1,1,0x1001804A
1777182595.661,1932535,2,6,GNSS,1,CDH,4,TELEMETRY,2,TELEMETRY_0x02,0,0,0,0,0,0,0x08018044
1777182596.681,1933530,4,6,GNSS,255,BROADCAST,0,HEARTBEAT,48,HEARTBEAT,0,0,0,0,0,0,0x1001BFC0
1777182597.653,1934528,4,6,GNSS,255,BROADCAST,0,HEARTBEAT,48,HEARTBEAT,0,0,0,0,0,0,0x1001BFC0
1777182598.650,1935525,4,6,GNSS,255,BROADCAST,0,HEARTBEAT,48,HEARTBEAT,0,0,0,0,0,0,0x1001BFC0
1777182599.647,1936522,4,6,GNSS,255,BROADCAST,0,HEARTBEAT,48,HEARTBEAT,0,0,0,0,0,0,0x1001BFC0
1777182600.673,1937519,4,6,GNSS,255,BROADCAST,0,HEARTBEAT,48,HEARTBEAT,0,0,0,0,0,0,0x1001BFC0
1777182600.673,1937520,4,6,GNSS,1,CDH,10,HEALTH,1,HEALTH_0x01,0,0,0,0,1,1,0x1001804A
1777182600.673,1937521,2,6,GNSS,1,CDH,4,TELEMETRY,2,TELEMETRY_0x02,0,0,0,0,0,0,0x08018044
1777182601.643,1938517,4,6,GNSS,255,BROADCAST,0,HEARTBEAT,48,HEARTBEAT,0,0,0,0,0,0,0x1001BFC0
1777182602.640,1939514,4,6,GNSS,255,BROADCAST,0,HEARTBEAT,48,HEARTBEAT,0,0,0,0,0,0,0x1001BFC0
1777182603.642,1940512,4,6,GNSS,255,BROADCAST,0,HEARTBEAT,48,HEARTBEAT,0,0,0,0,0,0,0x1001BFC0
1777182604.666,1941509,4,6,GNSS,255,BROADCAST,0,HEARTBEAT,48,HEARTBEAT,0,0,0,0,0,0,0x1001BFC0
1777182605.632,1942506,4,6,GNSS,255,BROADCAST,0,HEARTBEAT,48,HEARTBEAT,0,0,0,0,0,0,0x1001BFC0
1777182605.634,1942507,4,6,GNSS,1,CDH,10,HEALTH,1,HEALTH_0x01,0,0,0,0,1,1,0x1001804A
1777182605.634,1942508,2,6,GNSS,1,CDH,4,TELEMETRY,2,TELEMETRY_0x02,0,0,0,0,0,0,0x08018044
1777182606.630,1943504,4,6,GNSS,255,BROADCAST,0,HEARTBEAT,48,HEARTBEAT,0,0,0,0,0,0,0x1001BFC0
1777182607.637,1944501,4,6,GNSS,255,BROADCAST,0,HEARTBEAT,48,HEARTBEAT,0,0,0,0,0,0,0x1001BFC0
1777182608.661,1945498,4,6,GNSS,255,BROADCAST,0,HEARTBEAT,48,HEARTBEAT,0,0,0,0,0,0,0x1001BFC0
1777182609.623,1946496,4,6,GNSS,255,BROADCAST,0,HEARTBEAT,48,HEARTBEAT,0,0,0,0,0,0,0x1001BFC0
1777182610.621,1947493,4,6,GNSS,255,BROADCAST,0,HEARTBEAT,48,HEARTBEAT,0,0,0,0,0,0,0x1001BFC0
1777182610.621,1947494,4,6,GNSS,1,CDH,10,HEALTH,1,HEALTH_0x01,0,0,0,0,1,1,0x1001804A
1777182610.621,1947495,2,6,GNSS,1,CDH,4,TELEMETRY,2,TELEMETRY_0x02,0,0,0,0,0,0,0x08018044
1777182611.632,1948491,4,6,GNSS,255,BROADCAST,0,HEARTBEAT,48,HEARTBEAT,0,0,0,0,0,0,0x1001BFC0
1777182612.654,1949488,4,6,GNSS,255,BROADCAST,0,HEARTBEAT,48,HEARTBEAT,0,0,0,0,0,0,0x1001BFC0
1777182613.613,1950485,4,6,GNSS,255,BROADCAST,0,HEARTBEAT,48,HEARTBEAT,0,0,0,0,0,0,0x1001BFC0
1777182614.610,1951483,4,6,GNSS,255,BROADCAST,0,HEARTBEAT,48,HEARTBEAT,0,0,0,0,0,0,0x1001BFC0
1777182615.630,1952480,4,6,GNSS,255,BROADCAST,0,HEARTBEAT,48,HEARTBEAT,0,0,0,0,0,0,0x1001BFC0
1777182615.631,1952481,4,6,GNSS,1,CDH,10,HEALTH,1,HEALTH_0x01,0,0,0,0,1,1,0x1001804A
1777182615.631,1952482,2,6,GNSS,1,CDH,4,TELEMETRY,2,TELEMETRY_0x02,0,0,0,0,0,0,0x08018044
1777182616.604,1953478,4,6,GNSS,255,BROADCAST,0,HEARTBEAT,48,HEARTBEAT,0,0,0,0,0,0,0x1001BFC0
1777182617.601,1954475,4,6,GNSS,255,BROADCAST,0,HEARTBEAT,48,HEARTBEAT,0,0,0,0,0,0,0x1001BFC0
1777182618.600,1955473,4,6,GNSS,255,BROADCAST,0,HEARTBEAT,48,HEARTBEAT,0,0,0,0,0,0,0x1001BFC0
1777182619.617,1956470,4,6,GNSS,255,BROADCAST,0,HEARTBEAT,48,HEARTBEAT,0,0,0,0,0,0,0x1001BFC0
1777182620.594,1957467,4,6,GNSS,255,BROADCAST,0,HEARTBEAT,48,HEARTBEAT,0,0,0,0,0,0,0x1001BFC0
1777182620.596,1957468,4,6,GNSS,1,CDH,10,HEALTH,1,HEALTH_0x01,0,0,0,0,1,1,0x1001804A
1777182620.596,1957469,2,6,GNSS,1,CDH,4,TELEMETRY,2,TELEMETRY_0x02,0,0,0,0,0,0,0x08018044
1777182621.593,1958465,4,6,GNSS,255,BROADCAST,0,HEARTBEAT,48,HEARTBEAT,0,0,0,0,0,0,0x1001BFC0
1777182622.588,1959462,4,6,GNSS,255,BROADCAST,0,HEARTBEAT,48,HEARTBEAT,0,0,0,0,0,0,0x1001BFC0
1777182623.612,1960460,4,6,GNSS,255,BROADCAST,0,HEARTBEAT,48,HEARTBEAT,0,0,0,0,0,0,0x1001BFC0
1777182624.583,1961457,4,6,GNSS,255,BROADCAST,0,HEARTBEAT,48,HEARTBEAT,0,0,0,0,0,0,0x1001BFC0
1777182625.581,1962454,4,6,GNSS,255,BROADCAST,0,HEARTBEAT,48,HEARTBEAT,0,0,0,0,0,0,0x1001BFC0
1777182625.582,1962455,4,6,GNSS,1,CDH,10,HEALTH,1,HEALTH_0x01,0,0,0,0,1,1,0x1001804A
1777182625.582,1962457,2,6,GNSS,1,CDH,4,TELEMETRY,2,TELEMETRY_0x02,0,0,0,0,0,0,0x08018044
1777182626.581,1963453,4,6,GNSS,255,BROADCAST,0,HEARTBEAT,48,HEARTBEAT,0,0,0,0,0,0,0x1001BFC0
1777182627.605,1964450,4,6,GNSS,255,BROADCAST,0,HEARTBEAT,48,HEARTBEAT,0,0,0,0,0,0,0x1001BFC0
1777182628.573,1965447,4,6,GNSS,255,BROADCAST,0,HEARTBEAT,48,HEARTBEAT,0,0,0,0,0,0,0x1001BFC0
1777182629.571,1966444,4,6,GNSS,255,BROADCAST,0,HEARTBEAT,48,HEARTBEAT,0,0,0,0,0,0,0x1001BFC0
1777182630.577,1967442,4,6,GNSS,255,BROADCAST,0,HEARTBEAT,48,HEARTBEAT,0,0,0,0,0,0,0x1001BFC0
1777182630.577,1967443,4,6,GNSS,1,CDH,10,HEALTH,1,HEALTH_0x01,0,0,0,0,1,1,0x1001804A
1777182630.577,1967444,2,6,GNSS,1,CDH,4,TELEMETRY,2,TELEMETRY_0x02,0,0,0,0,0,0,0x08018044
1777182631.604,1968440,4,6,GNSS,255,BROADCAST,0,HEARTBEAT,48,HEARTBEAT,0,0,0,0,0,0,0x1001BFC0
1777182632.564,1969438,4,6,GNSS,255,BROADCAST,0,HEARTBEAT,48,HEARTBEAT,0,0,0,0,0,0,0x1001BFC0
1777182633.561,1970435,4,6,GNSS,255,BROADCAST,0,HEARTBEAT,48,HEARTBEAT,0,0,0,0,0,0,0x1001BFC0
1777182634.567,1971432,4,6,GNSS,255,BROADCAST,0,HEARTBEAT,48,HEARTBEAT,0,0,0,0,0,0,0x1001BFC0
1777182635.604,1972430,4,6,GNSS,255,BROADCAST,0,HEARTBEAT,48,HEARTBEAT,0,0,0,0,0,0,0x1001BFC0
1777182635.604,1972431,4,6,GNSS,1,CDH,10,HEALTH,1,HEALTH_0x01,0,0,0,0,1,1,0x1001804A
1777182635.604,1972432,2,6,GNSS,1,CDH,4,TELEMETRY,2,TELEMETRY_0x02,0,0,0,0,0,0,0x08018044
1777182636.555,1973428,4,6,GNSS,255,BROADCAST,0,HEARTBEAT,48,HEARTBEAT,0,0,0,0,0,0,0x1001BFC0
1777182637.553,1974426,4,6,GNSS,255,BROADCAST,0,HEARTBEAT,48,HEARTBEAT,0,0,0,0,0,0,0x1001BFC0
1777182638.562,1975423,4,6,GNSS,255,BROADCAST,0,HEARTBEAT,48,HEARTBEAT,0,0,0,0,0,0,0x1001BFC0
1777182639.585,1976420,4,6,GNSS,255,BROADCAST,0,HEARTBEAT,48,HEARTBEAT,0,0,0,0,0,0,0x1001BFC0
1777182640.543,1977417,4,6,GNSS,255,BROADCAST,0,HEARTBEAT,48,HEARTBEAT,0,0,0,0,0,0,0x1001BFC0
1777182640.545,1977418,4,6,GNSS,1,CDH,10,HEALTH,1,HEALTH_0x01,0,0,0,0,1,1,0x1001804A
1777182640.545,1977420,2,6,GNSS,1,CDH,4,TELEMETRY,2,TELEMETRY_0x02,0,0,0,0,0,0,0x08018044
1777182641.542,1978416,4,6,GNSS,255,BROADCAST,0,HEARTBEAT,48,HEARTBEAT,0,0,0,0,0,0,0x1001BFC0
1777182642.557,1979413,4,6,GNSS,255,BROADCAST,0,HEARTBEAT,48,HEARTBEAT,0,0,0,0,0,0,0x1001BFC0
1777182643.537,1980410,4,6,GNSS,255,BROADCAST,0,HEARTBEAT,48,HEARTBEAT,0,0,0,0,0,0,0x1001BFC0
1777182644.538,1981408,4,6,GNSS,255,BROADCAST,0,HEARTBEAT,48,HEARTBEAT,0,0,0,0,0,0,0x1001BFC0
1777182645.532,1982405,4,6,GNSS,255,BROADCAST,0,HEARTBEAT,48,HEARTBEAT,0,0,0,0,0,0,0x1001BFC0
1777182645.536,1982406,4,6,GNSS,1,CDH,10,HEALTH,1,HEALTH_0x01,0,0,0,0,1,1,0x1001804A
1777182645.536,1982407,2,6,GNSS,1,CDH,4,TELEMETRY,2,TELEMETRY_0x02,0,0,0,0,0,0,0x08018044
1777182646.549,1983404,4,6,GNSS,255,BROADCAST,0,HEARTBEAT,48,HEARTBEAT,0,0,0,0,0,0,0x1001BFC0
1777182647.527,1984401,4,6,GNSS,255,BROADCAST,0,HEARTBEAT,48,HEARTBEAT,0,0,0,0,0,0,0x1001BFC0
1777182648.525,1985398,4,6,GNSS,255,BROADCAST,0,HEARTBEAT,48,HEARTBEAT,0,0,0,0,0,0,0x1001BFC0
1777182649.522,1986396,4,6,GNSS,255,BROADCAST,0,HEARTBEAT,48,HEARTBEAT,0,0,0,0,0,0,0x1001BFC0
1777182650.544,1987393,4,6,GNSS,255,BROADCAST,0,HEARTBEAT,48,HEARTBEAT,0,0,0,0,0,0,0x1001BFC0
1777182650.544,1987394,4,6,GNSS,1,CDH,10,HEALTH,1,HEALTH_0x01,0,0,0,0,1,1,0x1001804A
1777182650.544,1987395,2,6,GNSS,1,CDH,4,TELEMETRY,2,TELEMETRY_0x02,0,0,0,0,0,0,0x08018044
1777182651.517,1988391,4,6,GNSS,255,BROADCAST,0,HEARTBEAT,48,HEARTBEAT,0,0,0,0,0,0,0x1001BFC0
1777182652.525,1989388,4,6,GNSS,255,BROADCAST,0,HEARTBEAT,48,HEARTBEAT,0,0,0,0,0,0,0x1001BFC0
1777182653.512,1990385,4,6,GNSS,255,BROADCAST,0,HEARTBEAT,48,HEARTBEAT,0,0,0,0,0,0,0x1001BFC0
1777182654.538,1991383,4,6,GNSS,255,BROADCAST,0,HEARTBEAT,48,HEARTBEAT,0,0,0,0,0,0,0x1001BFC0
1777182655.507,1992380,4,6,GNSS,255,BROADCAST,0,HEARTBEAT,48,HEARTBEAT,0,0,0,0,0,0,0x1001BFC0
1777182655.508,1992381,4,6,GNSS,1,CDH,10,HEALTH,1,HEALTH_0x01,0,0,0,0,1,1,0x1001804A
1777182655.508,1992382,2,6,GNSS,1,CDH,4,TELEMETRY,2,TELEMETRY_0x02,0,0,0,0,0,0,0x08018044
1777182656.505,1993378,4,6,GNSS,255,BROADCAST,0,HEARTBEAT,48,HEARTBEAT,0,0,0,0,0,0,0x1001BFC0
1777182657.512,1994376,4,6,GNSS,255,BROADCAST,0,HEARTBEAT,48,HEARTBEAT,0,0,0,0,0,0,0x1001BFC0
1777182658.531,1995373,4,6,GNSS,255,BROADCAST,0,HEARTBEAT,48,HEARTBEAT,0,0,0,0,0,0,0x1001BFC0
1777182659.497,1996370,4,6,GNSS,255,BROADCAST,0,HEARTBEAT,48,HEARTBEAT,0,0,0,0,0,0,0x1001BFC0
1777182660.494,1997367,4,6,GNSS,255,BROADCAST,0,HEARTBEAT,48,HEARTBEAT,0,0,0,0,0,0,0x1001BFC0
1777182660.495,1997368,4,6,GNSS,1,CDH,10,HEALTH,1,HEALTH_0x01,0,0,0,0,1,1,0x1001804A
1777182660.498,1997370,2,6,GNSS,1,CDH,4,TELEMETRY,2,TELEMETRY_0x02,0,0,0,0,0,0,0x08018044
1777182661.499,1998366,4,6,GNSS,255,BROADCAST,0,HEARTBEAT,48,HEARTBEAT,0,0,0,0,0,0,0x1001BFC0
1777182662.520,1999363,4,6,GNSS,255,BROADCAST,0,HEARTBEAT,48,HEARTBEAT,0,0,0,0,0,0,0x1001BFC0
1777182663.488,2000360,4,6,GNSS,255,BROADCAST,0,HEARTBEAT,48,HEARTBEAT,0,0,0,0,0,0,0x1001BFC0
1777182664.484,2001358,4,6,GNSS,255,BROADCAST,0,HEARTBEAT,48,HEARTBEAT,0,0,0,0,0,0,0x1001BFC0
1777182665.484,2002355,4,6,GNSS,255,BROADCAST,0,HEARTBEAT,48,HEARTBEAT,0,0,0,0,0,0,0x1001BFC0
1777182665.484,2002356,4,6,GNSS,1,CDH,10,HEALTH,1,HEALTH_0x01,0,0,0,0,1,1,0x1001804A
1777182665.484,2002357,2,6,GNSS,1,CDH,4,TELEMETRY,2,TELEMETRY_0x02,0,0,0,0,0,0,0x08018044
1777182666.568,2003353,4,6,GNSS,255,BROADCAST,0,HEARTBEAT,48,HEARTBEAT,0,0,0,0,0,0,0x1001BFC0
1777182667.477,2004350,4,6,GNSS,255,BROADCAST,0,HEARTBEAT,48,HEARTBEAT,0,0,0,0,0,0,0x1001BFC0
1777182668.474,2005348,4,6,GNSS,255,BROADCAST,0,HEARTBEAT,48,HEARTBEAT,0,0,0,0,0,0,0x1001BFC0
1777182669.486,2006345,4,6,GNSS,255,BROADCAST,0,HEARTBEAT,48,HEARTBEAT,0,0,0,0,0,0,0x1001BFC0
1777182670.470,2007342,4,6,GNSS,255,BROADCAST,0,HEARTBEAT,48,HEARTBEAT,0,0,0,0,0,0,0x1001BFC0
1777182670.470,2007343,4,6,GNSS,1,CDH,10,HEALTH,1,HEALTH_0x01,0,0,0,0,1,1,0x1001804A
1777182670.501,2007344,2,6,GNSS,1,CDH,4,TELEMETRY,2,TELEMETRY_0x02,0,0,0,0,0,0,0x08018044
1777182671.467,2008340,4,6,GNSS,255,BROADCAST,0,HEARTBEAT,48,HEARTBEAT,0,0,0,0,0,0,0x1001BFC0
1777182672.465,2009338,4,6,GNSS,255,BROADCAST,0,HEARTBEAT,48,HEARTBEAT,0,0,0,0,0,0,0x1001BFC0
1777182673.473,2010335,4,6,GNSS,255,BROADCAST,0,HEARTBEAT,48,HEARTBEAT,0,0,0,0,0,0,0x1001BFC0
1777182674.459,2011332,4,6,GNSS,255,BROADCAST,0,HEARTBEAT,48,HEARTBEAT,0,0,0,0,0,0,0x1001BFC0
1777182675.458,2012329,4,6,GNSS,255,BROADCAST,0,HEARTBEAT,48,HEARTBEAT,0,0,0,0,0,0,0x1001BFC0
1777182675.458,2012330,4,6,GNSS,1,CDH,10,HEALTH,1,HEALTH_0x01,0,0,0,0,1,1,0x1001804A
1777182675.458,2012332,2,6,GNSS,1,CDH,4,TELEMETRY,2,TELEMETRY_0x02,0,0,0,0,0,0,0x08018044
1777182676.455,2013328,4,6,GNSS,255,BROADCAST,0,HEARTBEAT,48,HEARTBEAT,0,0,0,0,0,0,0x1001BFC0
1777182677.473,2014325,4,6,GNSS,255,BROADCAST,0,HEARTBEAT,48,HEARTBEAT,0,0,0,0,0,0,0x1001BFC0
1777182678.449,2015322,4,6,GNSS,255,BROADCAST,0,HEARTBEAT,48,HEARTBEAT,0,0,0,0,0,0,0x1001BFC0
1777182679.446,2016319,4,6,GNSS,255,BROADCAST,0,HEARTBEAT,48,HEARTBEAT,0,0,0,0,0,0,0x1001BFC0
1777182680.444,2017317,4,6,GNSS,255,BROADCAST,0,HEARTBEAT,48,HEARTBEAT,0,0,0,0,0,0,0x1001BFC0
1777182680.445,2017318,4,6,GNSS,1,CDH,10,HEALTH,1,HEALTH_0x01,0,0,0,0,1,1,0x1001804A
1777182680.445,2017319,2,6,GNSS,1,CDH,4,TELEMETRY,2,TELEMETRY_0x02,0,0,0,0,0,0,0x08018044
1777182681.467,2018315,4,6,GNSS,255,BROADCAST,0,HEARTBEAT,48,HEARTBEAT,0,0,0,0,0,0,0x1001BFC0
1777182682.439,2019312,4,6,GNSS,255,BROADCAST,0,HEARTBEAT,48,HEARTBEAT,0,0,0,0,0,0,0x1001BFC0
1777182683.437,2020309,4,6,GNSS,255,BROADCAST,0,HEARTBEAT,48,HEARTBEAT,0,0,0,0,0,0,0x1001BFC0
1777182684.434,2021306,4,6,GNSS,255,BROADCAST,0,HEARTBEAT,48,HEARTBEAT,0,0,0,0,0,0,0x1001BFC0
1777182685.450,2022304,4,6,GNSS,255,BROADCAST,0,HEARTBEAT,48,HEARTBEAT,0,0,0,0,0,0,0x1001BFC0
1777182685.450,2022305,4,6,GNSS,1,CDH,10,HEALTH,1,HEALTH_0x01,0,0,0,0,1,1,0x1001804A
1777182685.450,2022306,2,6,GNSS,1,CDH,4,TELEMETRY,2,TELEMETRY_0x02,0,0,0,0,0,0,0x08018044
1777182686.429,2023302,4,6,GNSS,255,BROADCAST,0,HEARTBEAT,48,HEARTBEAT,0,0,0,0,0,0,0x1001BFC0
1777182687.426,2024299,4,6,GNSS,255,BROADCAST,0,HEARTBEAT,48,HEARTBEAT,0,0,0,0,0,0,0x1001BFC0
1777182688.423,2025296,4,6,GNSS,255,BROADCAST,0,HEARTBEAT,48,HEARTBEAT,0,0,0,0,0,0,0x1001BFC0
1777182689.452,2026293,4,6,GNSS,255,BROADCAST,0,HEARTBEAT,48,HEARTBEAT,0,0,0,0,0,0,0x1001BFC0
1777182690.418,2027291,4,6,GNSS,255,BROADCAST,0,HEARTBEAT,48,HEARTBEAT,0,0,0,0,0,0,0x1001BFC0
1777182690.418,2027292,4,6,GNSS,1,CDH,10,HEALTH,1,HEALTH_0x01,0,0,0,0,1,1,0x1001804A
1777182690.420,2027293,2,6,GNSS,1,CDH,4,TELEMETRY,2,TELEMETRY_0x02,0,0,0,0,0,0,0x08018044
1777182691.417,2028289,4,6,GNSS,255,BROADCAST,0,HEARTBEAT,48,HEARTBEAT,0,0,0,0,0,0,0x1001BFC0
1777182692.414,2029286,4,6,GNSS,255,BROADCAST,0,HEARTBEAT,48,HEARTBEAT,0,0,0,0,0,0,0x1001BFC0
1777182693.455,2030283,4,6,GNSS,255,BROADCAST,0,HEARTBEAT,48,HEARTBEAT,0,0,0,0,0,0,0x1001BFC0
1777182694.408,2031280,4,6,GNSS,255,BROADCAST,0,HEARTBEAT,48,HEARTBEAT,0,0,0,0,0,0,0x1001BFC0
1777182695.406,2032278,4,6,GNSS,255,BROADCAST,0,HEARTBEAT,48,HEARTBEAT,0,0,0,0,0,0,0x1001BFC0
1777182695.412,2032279,4,6,GNSS,1,CDH,10,HEALTH,1,HEALTH_0x01,0,0,0,0,1,1,0x1001804A
1777182695.412,2032280,2,6,GNSS,1,CDH,4,TELEMETRY,2,TELEMETRY_0x02,0,0,0,0,0,0,0x08018044
1777182696.415,2033276,4,6,GNSS,255,BROADCAST,0,HEARTBEAT,48,HEARTBEAT,0,0,0,0,0,0,0x1001BFC0
1777182697.401,2034273,4,6,GNSS,255,BROADCAST,0,HEARTBEAT,48,HEARTBEAT,0,0,0,0,0,0,0x1001BFC0
1777182698.398,2035270,4,6,GNSS,255,BROADCAST,0,HEARTBEAT,48,HEARTBEAT,0,0,0,0,0,0,0x1001BFC0
1777182699.395,2036268,4,6,GNSS,255,BROADCAST,0,HEARTBEAT,48,HEARTBEAT,0,0,0,0,0,0,0x1001BFC0
1777182700.416,2037265,4,6,GNSS,255,BROADCAST,0,HEARTBEAT,48,HEARTBEAT,0,0,0,0,0,0,0x1001BFC0
1777182700.419,2037266,4,6,GNSS,1,CDH,10,HEALTH,1,HEALTH_0x01,0,0,0,0,1,1,0x1001804A
1777182700.419,2037267,2,6,GNSS,1,CDH,4,TELEMETRY,2,TELEMETRY_0x02,0,0,0,0,0,0,0x08018044
1777182701.390,2038263,4,6,GNSS,255,BROADCAST,0,HEARTBEAT,48,HEARTBEAT,0,0,0,0,0,0,0x1001BFC0
1777182702.391,2039260,4,6,GNSS,255,BROADCAST,0,HEARTBEAT,48,HEARTBEAT,0,0,0,0,0,0,0x1001BFC0
1777182703.385,2040257,4,6,GNSS,255,BROADCAST,0,HEARTBEAT,48,HEARTBEAT,0,0,0,0,0,0,0x1001BFC0
1777182704.405,2041254,4,6,GNSS,255,BROADCAST,0,HEARTBEAT,48,HEARTBEAT,0,0,0,0,0,0,0x1001BFC0
1777182705.379,2042252,4,6,GNSS,255,BROADCAST,0,HEARTBEAT,48,HEARTBEAT,0,0,0,0,0,0,0x1001BFC0
1777182705.380,2042253,4,6,GNSS,1,CDH,10,HEALTH,1,HEALTH_0x01,0,0,0,0,1,1,0x1001804A
1777182705.381,2042254,2,6,GNSS,1,CDH,4,TELEMETRY,2,TELEMETRY_0x02,0,0,0,0,0,0,0x08018044
1777182706.377,2043250,4,6,GNSS,255,BROADCAST,0,HEARTBEAT,48,HEARTBEAT,0,0,0,0,0,0,0x1001BFC0
1777182707.377,2044247,4,6,GNSS,255,BROADCAST,0,HEARTBEAT,48,HEARTBEAT,0,0,0,0,0,0,0x1001BFC0
1777182708.394,2045244,4,6,GNSS,255,BROADCAST,0,HEARTBEAT,48,HEARTBEAT,0,0,0,0,0,0,0x1001BFC0
1777182709.370,2046241,4,6,GNSS,255,BROADCAST,0,HEARTBEAT,48,HEARTBEAT,0,0,0,0,0,0,0x1001BFC0
1777182710.367,2047239,4,6,GNSS,255,BROADCAST,0,HEARTBEAT,48,HEARTBEAT,0,0,0,0,0,0,0x1001BFC0
1777182710.367,2047240,4,6,GNSS,1,CDH,10,HEALTH,1,HEALTH_0x01,0,0,0,0,1,1,0x1001804A
1777182710.368,2047241,2,6,GNSS,1,CDH,4,TELEMETRY,2,TELEMETRY_0x02,0,0,0,0,0,0,0x08018044
1777182711.367,2048237,4,6,GNSS,255,BROADCAST,0,HEARTBEAT,48,HEARTBEAT,0,0,0,0,0,0,0x1001BFC0
1777182712.382,2049234,4,6,GNSS,255,BROADCAST,0,HEARTBEAT,48,HEARTBEAT,0,0,0,0,0,0,0x1001BFC0
1777182713.360,2050231,4,6,GNSS,255,BROADCAST,0,HEARTBEAT,48,HEARTBEAT,0,0,0,0,0,0,0x1001BFC0
1777182714.357,2051229,4,6,GNSS,255,BROADCAST,0,HEARTBEAT,48,HEARTBEAT,0,0,0,0,0,0,0x1001BFC0
1777182715.364,2052226,4,6,GNSS,255,BROADCAST,0,HEARTBEAT,48,HEARTBEAT,0,0,0,0,0,0,0x1001BFC0
1777182715.365,2052227,4,6,GNSS,1,CDH,10,HEALTH,1,HEALTH_0x01,0,0,0,0,1,1,0x1001804A
1777182715.365,2052228,2,6,GNSS,1,CDH,4,TELEMETRY,2,TELEMETRY_0x02,0,0,0,0,0,0,0x08018044
1777182716.383,2053224,4,6,GNSS,255,BROADCAST,0,HEARTBEAT,48,HEARTBEAT,0,0,0,0,0,0,0x1001BFC0
1777182717.349,2054222,4,6,GNSS,255,BROADCAST,0,HEARTBEAT,48,HEARTBEAT,0,0,0,0,0,0,0x1001BFC0
1777182718.347,2055219,4,6,GNSS,255,BROADCAST,0,HEARTBEAT,48,HEARTBEAT,0,0,0,0,0,0,0x1001BFC0
1777182719.357,2056216,4,6,GNSS,255,BROADCAST,0,HEARTBEAT,48,HEARTBEAT,0,0,0,0,0,0,0x1001BFC0
1777182720.382,2057214,4,6,GNSS,255,BROADCAST,0,HEARTBEAT,48,HEARTBEAT,0,0,0,0,0,0,0x1001BFC0
1777182720.382,2057215,4,6,GNSS,1,CDH,10,HEALTH,1,HEALTH_0x01,0,0,0,0,1,1,0x1001804A
1777182720.382,2057217,2,6,GNSS,1,CDH,4,TELEMETRY,2,TELEMETRY_0x02,0,0,0,0,0,0,0x08018044
1777182721.340,2058212,4,6,GNSS,255,BROADCAST,0,HEARTBEAT,48,HEARTBEAT,0,0,0,0,0,0,0x1001BFC0
1777182722.337,2059209,4,6,GNSS,255,BROADCAST,0,HEARTBEAT,48,HEARTBEAT,0,0,0,0,0,0,0x1001BFC0
1777182723.346,2060207,4,6,GNSS,255,BROADCAST,0,HEARTBEAT,48,HEARTBEAT,0,0,0,0,0,0,0x1001BFC0
1777182724.331,2061204,4,6,GNSS,255,BROADCAST,0,HEARTBEAT,48,HEARTBEAT,0,0,0,0,0,0,0x1001BFC0
1777182725.329,2062201,4,6,GNSS,255,BROADCAST,0,HEARTBEAT,48,HEARTBEAT,0,0,0,0,0,0,0x1001BFC0
1777182725.331,2062202,4,6,GNSS,1,CDH,10,HEALTH,1,HEALTH_0x01,0,0,0,0,1,1,0x1001804A
1777182725.331,2062203,2,6,GNSS,1,CDH,4,TELEMETRY,2,TELEMETRY_0x02,0,0,0,0,0,0,0x08018044
1777182726.327,2063200,4,6,GNSS,255,BROADCAST,0,HEARTBEAT,48,HEARTBEAT,0,0,0,0,0,0,0x1001BFC0
1777182727.353,2064197,4,6,GNSS,255,BROADCAST,0,HEARTBEAT,48,HEARTBEAT,0,0,0,0,0,0,0x1001BFC0
1777182728.322,2065194,4,6,GNSS,255,BROADCAST,0,HEARTBEAT,48,HEARTBEAT,0,0,0,0,0,0,0x1001BFC0
1777182729.337,2066191,4,6,GNSS,255,BROADCAST,0,HEARTBEAT,48,HEARTBEAT,0,0,0,0,0,0,0x1001BFC0
1777182730.318,2067189,4,6,GNSS,255,BROADCAST,0,HEARTBEAT,48,HEARTBEAT,0,0,0,0,0,0,0x1001BFC0
1777182730.318,2067190,4,6,GNSS,1,CDH,10,HEALTH,1,HEALTH_0x01,0,0,0,0,1,1,0x1001804A
1777182730.318,2067191,2,6,GNSS,1,CDH,4,TELEMETRY,2,TELEMETRY_0x02,0,0,0,0,0,0,0x08018044
1777182731.366,2068187,4,6,GNSS,255,BROADCAST,0,HEARTBEAT,48,HEARTBEAT,0,0,0,0,0,0,0x1001BFC0
1777182732.392,2069184,4,6,GNSS,255,BROADCAST,0,HEARTBEAT,48,HEARTBEAT,0,0,0,0,0,0,0x1001BFC0
1777182733.309,2070181,4,6,GNSS,255,BROADCAST,0,HEARTBEAT,48,HEARTBEAT,0,0,0,0,0,0,0x1001BFC0
1777182734.308,2071179,4,6,GNSS,255,BROADCAST,0,HEARTBEAT,48,HEARTBEAT,0,0,0,0,0,0,0x1001BFC0
1777182735.329,2072176,4,6,GNSS,255,BROADCAST,0,HEARTBEAT,48,HEARTBEAT,0,0,0,0,0,0,0x1001BFC0
1777182735.329,2072177,4,6,GNSS,1,CDH,10,HEALTH,1,HEALTH_0x01,0,0,0,0,1,1,0x1001804A
1777182735.329,2072178,2,6,GNSS,1,CDH,4,TELEMETRY,2,TELEMETRY_0x02,0,0,0,0,0,0,0x08018044
1777182736.302,2073174,4,6,GNSS,255,BROADCAST,0,HEARTBEAT,48,HEARTBEAT,0,0,0,0,0,0,0x1001BFC0
1777182737.309,2074171,4,6,GNSS,255,BROADCAST,0,HEARTBEAT,48,HEARTBEAT,0,0,0,0,0,0,0x1001BFC0
1777182738.321,2075169,4,6,GNSS,255,BROADCAST,0,HEARTBEAT,48,HEARTBEAT,0,0,0,0,0,0,0x1001BFC0
1777182739.350,2076166,4,6,GNSS,255,BROADCAST,0,HEARTBEAT,48,HEARTBEAT,0,0,0,0,0,0,0x1001BFC0
1777182740.291,2077163,4,6,GNSS,255,BROADCAST,0,HEARTBEAT,48,HEARTBEAT,0,0,0,0,0,0,0x1001BFC0
1777182740.291,2077164,4,6,GNSS,1,CDH,10,HEALTH,1,HEALTH_0x01,0,0,0,0,1,1,0x1001804A
1777182740.293,2077165,2,6,GNSS,1,CDH,4,TELEMETRY,2,TELEMETRY_0x02,0,0,0,0,0,0,0x08018044
1777182741.289,2078161,4,6,GNSS,255,BROADCAST,0,HEARTBEAT,48,HEARTBEAT,0,0,0,0,0,0,0x1001BFC0
1777182742.296,2079159,4,6,GNSS,255,BROADCAST,0,HEARTBEAT,48,HEARTBEAT,0,0,0,0,0,0,0x1001BFC0
1777182743.323,2080156,4,6,GNSS,255,BROADCAST,0,HEARTBEAT,48,HEARTBEAT,0,0,0,0,0,0,0x1001BFC0
1777182744.281,2081153,4,6,GNSS,255,BROADCAST,0,HEARTBEAT,48,HEARTBEAT,0,0,0,0,0,0,0x1001BFC0
1777182745.280,2082150,4,6,GNSS,255,BROADCAST,0,HEARTBEAT,48,HEARTBEAT,0,0,0,0,0,0,0x1001BFC0
1777182745.280,2082151,4,6,GNSS,1,CDH,10,HEALTH,1,HEALTH_0x01,0,0,0,0,1,1,0x1001804A
1777182745.280,2082153,2,6,GNSS,1,CDH,4,TELEMETRY,2,TELEMETRY_0x02,0,0,0,0,0,0,0x08018044
1777182746.290,2083149,4,6,GNSS,255,BROADCAST,0,HEARTBEAT,48,HEARTBEAT,0,0,0,0,0,0,0x1001BFC0
1777182747.314,2084146,4,6,GNSS,255,BROADCAST,0,HEARTBEAT,48,HEARTBEAT,0,0,0,0,0,0,0x1001BFC0
1777182748.271,2085143,4,6,GNSS,255,BROADCAST,0,HEARTBEAT,48,HEARTBEAT,0,0,0,0,0,0,0x1001BFC0
1777182749.270,2086140,4,6,GNSS,255,BROADCAST,0,HEARTBEAT,48,HEARTBEAT,0,0,0,0,0,0,0x1001BFC0
1777182750.284,2087138,4,6,GNSS,255,BROADCAST,0,HEARTBEAT,48,HEARTBEAT,0,0,0,0,0,0,0x1001BFC0
1777182750.284,2087138,4,6,GNSS,1,CDH,10,HEALTH,1,HEALTH_0x01,0,0,0,0,1,1,0x1001804A
1777182750.284,2087140,2,6,GNSS,1,CDH,4,TELEMETRY,2,TELEMETRY_0x02,0,0,0,0,0,0,0x08018044
1777182751.264,2088136,4,6,GNSS,255,BROADCAST,0,HEARTBEAT,48,HEARTBEAT,0,0,0,0,0,0,0x1001BFC0
1777182752.261,2089133,4,6,GNSS,255,BROADCAST,0,HEARTBEAT,48,HEARTBEAT,0,0,0,0,0,0,0x1001BFC0
1777182753.258,2090130,4,6,GNSS,255,BROADCAST,0,HEARTBEAT,48,HEARTBEAT,0,0,0,0,0,0,0x1001BFC0
1777182754.277,2091127,4,6,GNSS,255,BROADCAST,0,HEARTBEAT,48,HEARTBEAT,0,0,0,0,0,0,0x1001BFC0
1777182755.254,2092125,4,6,GNSS,255,BROADCAST,0,HEARTBEAT,48,HEARTBEAT,0,0,0,0,0,0,0x1001BFC0
1777182755.254,2092126,4,6,GNSS,1,CDH,10,HEALTH,1,HEALTH_0x01,0,0,0,0,1,1,0x1001804A
1777182755.254,2092127,2,6,GNSS,1,CDH,4,TELEMETRY,2,TELEMETRY_0x02,0,0,0,0,0,0,0x08018044
1777182756.251,2093123,4,6,GNSS,255,BROADCAST,0,HEARTBEAT,48,HEARTBEAT,0,0,0,0,0,0,0x1001BFC0
1777182757.250,2094120,4,6,GNSS,255,BROADCAST,0,HEARTBEAT,48,HEARTBEAT,0,0,0,0,0,0,0x1001BFC0
1777182758.267,2095117,4,6,GNSS,255,BROADCAST,0,HEARTBEAT,48,HEARTBEAT,0,0,0,0,0,0,0x1001BFC0
1777182759.243,2096115,4,6,GNSS,255,BROADCAST,0,HEARTBEAT,48,HEARTBEAT,0,0,0,0,0,0,0x1001BFC0
1777182760.240,2097112,4,6,GNSS,255,BROADCAST,0,HEARTBEAT,48,HEARTBEAT,0,0,0,0,0,0,0x1001BFC0
1777182760.241,2097113,4,6,GNSS,1,CDH,10,HEALTH,1,HEALTH_0x01,0,0,0,0,1,1,0x1001804A
1777182760.242,2097114,2,6,GNSS,1,CDH,4,TELEMETRY,2,TELEMETRY_0x02,0,0,0,0,0,0,0x08018044
1777182761.238,2098110,4,6,GNSS,255,BROADCAST,0,HEARTBEAT,48,HEARTBEAT,0,0,0,0,0,0,0x1001BFC0
1777182762.254,2099107,4,6,GNSS,255,BROADCAST,0,HEARTBEAT,48,HEARTBEAT,0,0,0,0,0,0,0x1001BFC0
1777182763.234,2100105,4,6,GNSS,255,BROADCAST,0,HEARTBEAT,48,HEARTBEAT,0,0,0,0,0,0,0x1001BFC0
1777182764.229,2101102,4,6,GNSS,255,BROADCAST,0,HEARTBEAT,48,HEARTBEAT,0,0,0,0,0,0,0x1001BFC0
1777182765.234,2102099,4,6,GNSS,255,BROADCAST,0,HEARTBEAT,48,HEARTBEAT,0,0,0,0,0,0,0x1001BFC0
1777182765.234,2102100,4,6,GNSS,1,CDH,10,HEALTH,1,HEALTH_0x01,0,0,0,0,1,1,0x1001804A
1777182765.234,2102101,2,6,GNSS,1,CDH,4,TELEMETRY,2,TELEMETRY_0x02,0,0,0,0,0,0,0x08018044
1777182766.260,2103097,4,6,GNSS,255,BROADCAST,0,HEARTBEAT,48,HEARTBEAT,0,0,0,0,0,0,0x1001BFC0
1777182767.222,2104094,4,6,GNSS,255,BROADCAST,0,HEARTBEAT,48,HEARTBEAT,0,0,0,0,0,0,0x1001BFC0
1777182768.219,2105091,4,6,GNSS,255,BROADCAST,0,HEARTBEAT,48,HEARTBEAT,0,0,0,0,0,0,0x1001BFC0
1777182769.229,2106089,4,6,GNSS,255,BROADCAST,0,HEARTBEAT,48,HEARTBEAT,0,0,0,0,0,0,0x1001BFC0
1777182770.252,2107086,4,6,GNSS,255,BROADCAST,0,HEARTBEAT,48,HEARTBEAT,0,0,0,0,0,0,0x1001BFC0
1777182770.252,2107087,4,6,GNSS,1,CDH,10,HEALTH,1,HEALTH_0x01,0,0,0,0,1,1,0x1001804A
1777182770.252,2107088,2,6,GNSS,1,CDH,4,TELEMETRY,2,TELEMETRY_0x02,0,0,0,0,0,0,0x08018044
1777182771.214,2108084,4,6,GNSS,255,BROADCAST,0,HEARTBEAT,48,HEARTBEAT,0,0,0,0,0,0,0x1001BFC0
1777182772.213,2109081,4,6,GNSS,255,BROADCAST,0,HEARTBEAT,48,HEARTBEAT,0,0,0,0,0,0,0x1001BFC0
1777182773.223,2110078,4,6,GNSS,255,BROADCAST,0,HEARTBEAT,48,HEARTBEAT,0,0,0,0,0,0,0x1001BFC0
1777182774.204,2111076,4,6,GNSS,255,BROADCAST,0,HEARTBEAT,48,HEARTBEAT,0,0,0,0,0,0,0x1001BFC0
1777182775.202,2112073,4,6,GNSS,255,BROADCAST,0,HEARTBEAT,48,HEARTBEAT,0,0,0,0,0,0,0x1001BFC0
1777182775.205,2112074,4,6,GNSS,1,CDH,10,HEALTH,1,HEALTH_0x01,0,0,0,0,1,1,0x1001804A
1777182775.205,2112075,2,6,GNSS,1,CDH,4,TELEMETRY,2,TELEMETRY_0x02,0,0,0,0,0,0,0x08018044
1777182776.202,2113071,4,6,GNSS,255,BROADCAST,0,HEARTBEAT,48,HEARTBEAT,0,0,0,0,0,0,0x1001BFC0
1777182777.217,2114068,4,6,GNSS,255,BROADCAST,0,HEARTBEAT,48,HEARTBEAT,0,0,0,0,0,0,0x1001BFC0
1777182778.194,2115065,4,6,GNSS,255,BROADCAST,0,HEARTBEAT,48,HEARTBEAT,0,0,0,0,0,0,0x1001BFC0
1777182779.192,2116063,4,6,GNSS,255,BROADCAST,0,HEARTBEAT,48,HEARTBEAT,0,0,0,0,0,0,0x1001BFC0
1777182780.190,2117060,4,6,GNSS,255,BROADCAST,0,HEARTBEAT,48,HEARTBEAT,0,0,0,0,0,0,0x1001BFC0
1777182780.190,2117061,4,6,GNSS,1,CDH,10,HEALTH,1,HEALTH_0x01,0,0,0,0,1,1,0x1001804A
1777182780.190,2117062,2,6,GNSS,1,CDH,4,TELEMETRY,2,TELEMETRY_0x02,0,0,0,0,0,0,0x08018044
1777182781.197,2118058,4,6,GNSS,255,BROADCAST,0,HEARTBEAT,48,HEARTBEAT,0,0,0,0,0,0,0x1001BFC0
1777182782.184,2119056,4,6,GNSS,255,BROADCAST,0,HEARTBEAT,48,HEARTBEAT,0,0,0,0,0,0,0x1001BFC0
1777182783.182,2120054,4,6,GNSS,255,BROADCAST,0,HEARTBEAT,48,HEARTBEAT,0,0,0,0,0,0,0x1001BFC0
1777182784.179,2121050,4,6,GNSS,255,BROADCAST,0,HEARTBEAT,48,HEARTBEAT,0,0,0,0,0,0,0x1001BFC0
1777182785.198,2122047,4,6,GNSS,255,BROADCAST,0,HEARTBEAT,48,HEARTBEAT,0,0,0,0,0,0,0x1001BFC0
1777182785.198,2122049,4,6,GNSS,1,CDH,10,HEALTH,1,HEALTH_0x01,0,0,0,0,1,1,0x1001804A
1777182785.198,2122050,2,6,GNSS,1,CDH,4,TELEMETRY,2,TELEMETRY_0x02,0,0,0,0,0,0,0x08018044
1777182786.174,2123046,4,6,GNSS,255,BROADCAST,0,HEARTBEAT,48,HEARTBEAT,0,0,0,0,0,0,0x1001BFC0
1777182787.171,2124043,4,6,GNSS,255,BROADCAST,0,HEARTBEAT,48,HEARTBEAT,0,0,0,0,0,0,0x1001BFC0
1777182788.170,2125040,4,6,GNSS,255,BROADCAST,0,HEARTBEAT,48,HEARTBEAT,0,0,0,0,0,0,0x1001BFC0
1777182789.203,2126037,4,6,GNSS,255,BROADCAST,0,HEARTBEAT,48,HEARTBEAT,0,0,0,0,0,0,0x1001BFC0
1777182790.162,2127034,4,6,GNSS,255,BROADCAST,0,HEARTBEAT,48,HEARTBEAT,0,0,0,0,0,0,0x1001BFC0
1777182790.163,2127035,4,6,GNSS,1,CDH,10,HEALTH,1,HEALTH_0x01,0,0,0,0,1,1,0x1001804A
1777182790.164,2127036,2,6,GNSS,1,CDH,4,TELEMETRY,2,TELEMETRY_0x02,0,0,0,0,0,0,0x08018044
1777182791.160,2128032,4,6,GNSS,255,BROADCAST,0,HEARTBEAT,48,HEARTBEAT,0,0,0,0,0,0,0x1001BFC0
1777182792.158,2129029,4,6,GNSS,255,BROADCAST,0,HEARTBEAT,48,HEARTBEAT,0,0,0,0,0,0,0x1001BFC0
1777182793.191,2130027,4,6,GNSS,255,BROADCAST,0,HEARTBEAT,48,HEARTBEAT,0,0,0,0,0,0,0x1001BFC0
1777182794.152,2131024,4,6,GNSS,255,BROADCAST,0,HEARTBEAT,48,HEARTBEAT,0,0,0,0,0,0,0x1001BFC0
1777182795.152,2132021,4,6,GNSS,255,BROADCAST,0,HEARTBEAT,48,HEARTBEAT,0,0,0,0,0,0,0x1001BFC0
1777182795.152,2132022,4,6,GNSS,1,CDH,10,HEALTH,1,HEALTH_0x01,0,0,0,0,1,1,0x1001804A
1777182795.152,2132023,2,6,GNSS,1,CDH,4,TELEMETRY,2,TELEMETRY_0x02,0,0,0,0,0,0,0x08018044
1777182796.160,2133019,4,6,GNSS,255,BROADCAST,0,HEARTBEAT,48,HEARTBEAT,0,0,0,0,0,0,0x1001BFC0
1777182797.179,2134017,4,6,GNSS,255,BROADCAST,0,HEARTBEAT,48,HEARTBEAT,0,0,0,0,0,0,0x1001BFC0
1777182798.142,2135014,4,6,GNSS,255,BROADCAST,0,HEARTBEAT,48,HEARTBEAT,0,0,0,0,0,0,0x1001BFC0
1777182799.141,2136011,4,6,GNSS,255,BROADCAST,0,HEARTBEAT,48,HEARTBEAT,0,0,0,0,0,0,0x1001BFC0
1777182800.145,2137008,4,6,GNSS,255,BROADCAST,0,HEARTBEAT,48,HEARTBEAT,0,0,0,0,0,0,0x1001BFC0
1777182800.145,2137009,4,6,GNSS,1,CDH,10,HEALTH,1,HEALTH_0x01,0,0,0,0,1,1,0x1001804A
1777182800.145,2137010,2,6,GNSS,1,CDH,4,TELEMETRY,2,TELEMETRY_0x02,0,0,0,0,0,0,0x08018044
1777182801.135,2138006,4,6,GNSS,255,BROADCAST,0,HEARTBEAT,48,HEARTBEAT,0,0,0,0,0,0,0x1001BFC0
1777182802.132,2139003,4,6,GNSS,255,BROADCAST,0,HEARTBEAT,48,HEARTBEAT,0,0,0,0,0,0,0x1001BFC0
1777182803.129,2140000,4,6,GNSS,255,BROADCAST,0,HEARTBEAT,48,HEARTBEAT,0,0,0,0,0,0,0x1001BFC0
1777182804.138,2140998,4,6,GNSS,255,BROADCAST,0,HEARTBEAT,48,HEARTBEAT,0,0,0,0,0,0,0x1001BFC0
1777182805.123,2141995,4,6,GNSS,255,BROADCAST,0,HEARTBEAT,48,HEARTBEAT,0,0,0,0,0,0,0x1001BFC0
1777182805.124,2141996,4,6,GNSS,1,CDH,10,HEALTH,1,HEALTH_0x01,0,0,0,0,1,1,0x1001804A
1777182805.127,2141997,2,6,GNSS,1,CDH,4,TELEMETRY,2,TELEMETRY_0x02,0,0,0,0,0,0,0x08018044
1777182806.123,2142993,4,6,GNSS,255,BROADCAST,0,HEARTBEAT,48,HEARTBEAT,0,0,0,0,0,0,0x1001BFC0
1777182807.118,2143990,4,6,GNSS,255,BROADCAST,0,HEARTBEAT,48,HEARTBEAT,0,0,0,0,0,0,0x1001BFC0
1777182808.131,2144987,4,6,GNSS,255,BROADCAST,0,HEARTBEAT,48,HEARTBEAT,0,0,0,0,0,0,0x1001BFC0
1777182809.113,2145984,4,6,GNSS,255,BROADCAST,0,HEARTBEAT,48,HEARTBEAT,0,0,0,0,0,0,0x1001BFC0
1777182810.112,2146982,4,6,GNSS,255,BROADCAST,0,HEARTBEAT,48,HEARTBEAT,0,0,0,0,0,0,0x1001BFC0
1777182810.112,2146983,4,6,GNSS,1,CDH,10,HEALTH,1,HEALTH_0x01,0,0,0,0,1,1,0x1001804A
1777182810.112,2146984,2,6,GNSS,1,CDH,4,TELEMETRY,2,TELEMETRY_0x02,0,0,0,0,0,0,0x08018044
1777182811.110,2147980,4,6,GNSS,255,BROADCAST,0,HEARTBEAT,48,HEARTBEAT,0,0,0,0,0,0,0x1001BFC0
1777182812.127,2148977,4,6,GNSS,255,BROADCAST,0,HEARTBEAT,48,HEARTBEAT,0,0,0,0,0,0,0x1001BFC0
1777182813.102,2149974,4,6,GNSS,255,BROADCAST,0,HEARTBEAT,48,HEARTBEAT,0,0,0,0,0,0,0x1001BFC0
1777182814.102,2150971,4,6,GNSS,255,BROADCAST,0,HEARTBEAT,48,HEARTBEAT,0,0,0,0,0,0,0x1001BFC0
1777182815.103,2151969,4,6,GNSS,255,BROADCAST,0,HEARTBEAT,48,HEARTBEAT,0,0,0,0,0,0,0x1001BFC0
1777182815.103,2151970,4,6,GNSS,1,CDH,10,HEALTH,1,HEALTH_0x01,0,0,0,0,1,1,0x1001804A
1777182815.103,2151970,2,6,GNSS,1,CDH,4,TELEMETRY,2,TELEMETRY_0x02,0,0,0,0,0,0,0x08018044
1777182816.118,2152967,4,6,GNSS,255,BROADCAST,0,HEARTBEAT,48,HEARTBEAT,0,0,0,0,0,0,0x1001BFC0
1777182817.093,2153964,4,6,GNSS,255,BROADCAST,0,HEARTBEAT,48,HEARTBEAT,0,0,0,0,0,0,0x1001BFC0
1777182818.090,2154961,4,6,GNSS,255,BROADCAST,0,HEARTBEAT,48,HEARTBEAT,0,0,0,0,0,0,0x1001BFC0
1777182819.099,2155959,4,6,GNSS,255,BROADCAST,0,HEARTBEAT,48,HEARTBEAT,0,0,0,0,0,0,0x1001BFC0
1777182820.124,2156956,4,6,GNSS,255,BROADCAST,0,HEARTBEAT,48,HEARTBEAT,0,0,0,0,0,0,0x1001BFC0
1777182820.124,2156957,4,6,GNSS,1,CDH,10,HEALTH,1,HEALTH_0x01,0,0,0,0,1,1,0x1001804A
1777182820.124,2156958,2,6,GNSS,1,CDH,4,TELEMETRY,2,TELEMETRY_0x02,0,0,0,0,0,0,0x08018044
1777182821.084,2157954,4,6,GNSS,255,BROADCAST,0,HEARTBEAT,48,HEARTBEAT,0,0,0,0,0,0,0x1001BFC0
1777182822.080,2158951,4,6,GNSS,255,BROADCAST,0,HEARTBEAT,48,HEARTBEAT,0,0,0,0,0,0,0x1001BFC0
1777182823.091,2159948,4,6,GNSS,255,BROADCAST,0,HEARTBEAT,48,HEARTBEAT,0,0,0,0,0,0,0x1001BFC0
1777182824.074,2160946,4,6,GNSS,255,BROADCAST,0,HEARTBEAT,48,HEARTBEAT,0,0,0,0,0,0,0x1001BFC0
1777182825.072,2161943,4,6,GNSS,255,BROADCAST,0,HEARTBEAT,48,HEARTBEAT,0,0,0,0,0,0,0x1001BFC0
1777182825.072,2161944,4,6,GNSS,1,CDH,10,HEALTH,1,HEALTH_0x01,0,0,0,0,1,1,0x1001804A
1777182825.074,2161945,2,6,GNSS,1,CDH,4,TELEMETRY,2,TELEMETRY_0x02,0,0,0,0,0,0,0x08018044
1777182826.070,2162941,4,6,GNSS,255,BROADCAST,0,HEARTBEAT,48,HEARTBEAT,0,0,0,0,0,0,0x1001BFC0
1777182827.072,2163938,4,6,GNSS,255,BROADCAST,0,HEARTBEAT,48,HEARTBEAT,0,0,0,0,0,0,0x1001BFC0
1777182828.064,2164935,4,6,GNSS,255,BROADCAST,0,HEARTBEAT,48,HEARTBEAT,0,0,0,0,0,0,0x1001BFC0
1777182829.061,2165932,4,6,GNSS,255,BROADCAST,0,HEARTBEAT,48,HEARTBEAT,0,0,0,0,0,0,0x1001BFC0
1777182830.059,2166930,4,6,GNSS,255,BROADCAST,0,HEARTBEAT,48,HEARTBEAT,0,0,0,0,0,0,0x1001BFC0
1777182830.063,2166931,4,6,GNSS,1,CDH,10,HEALTH,1,HEALTH_0x01,0,0,0,0,1,1,0x1001804A
1777182830.063,2166932,2,6,GNSS,1,CDH,4,TELEMETRY,2,TELEMETRY_0x02,0,0,0,0,0,0,0x08018044
1777182831.080,2167928,4,6,GNSS,255,BROADCAST,0,HEARTBEAT,48,HEARTBEAT,0,0,0,0,0,0,0x1001BFC0
1777182832.054,2168925,4,6,GNSS,255,BROADCAST,0,HEARTBEAT,48,HEARTBEAT,0,0,0,0,0,0,0x1001BFC0
1777182833.051,2169922,4,6,GNSS,255,BROADCAST,0,HEARTBEAT,48,HEARTBEAT,0,0,0,0,0,0,0x1001BFC0
1777182834.049,2170920,4,6,GNSS,255,BROADCAST,0,HEARTBEAT,48,HEARTBEAT,0,0,0,0,0,0,0x1001BFC0
1777182835.072,2171917,4,6,GNSS,255,BROADCAST,0,HEARTBEAT,48,HEARTBEAT,0,0,0,0,0,0,0x1001BFC0
1777182835.072,2171918,4,6,GNSS,1,CDH,10,HEALTH,1,HEALTH_0x01,0,0,0,0,1,1,0x1001804A
1777182835.072,2171919,2,6,GNSS,1,CDH,4,TELEMETRY,2,TELEMETRY_0x02,0,0,0,0,0,0,0x08018044
1777182836.044,2172915,4,6,GNSS,255,BROADCAST,0,HEARTBEAT,48,HEARTBEAT,0,0,0,0,0,0,0x1001BFC0
1777182837.040,2173912,4,6,GNSS,255,BROADCAST,0,HEARTBEAT,48,HEARTBEAT,0,0,0,0,0,0,0x1001BFC0
1777182838.038,2174909,4,6,GNSS,255,BROADCAST,0,HEARTBEAT,48,HEARTBEAT,0,0,0,0,0,0,0x1001BFC0
1777182839.068,2175906,4,6,GNSS,255,BROADCAST,0,HEARTBEAT,48,HEARTBEAT,0,0,0,0,0,0,0x1001BFC0
1777182840.033,2176903,4,6,GNSS,255,BROADCAST,0,HEARTBEAT,48,HEARTBEAT,0,0,0,0,0,0,0x1001BFC0
1777182840.033,2176904,4,6,GNSS,1,CDH,10,HEALTH,1,HEALTH_0x01,0,0,0,0,1,1,0x1001804A
1777182840.034,2176905,2,6,GNSS,1,CDH,4,TELEMETRY,2,TELEMETRY_0x02,0,0,0,0,0,0,0x08018044
1777182841.030,2177901,4,6,GNSS,255,BROADCAST,0,HEARTBEAT,48,HEARTBEAT,0,0,0,0,0,0,0x1001BFC0
1777182842.032,2178898,4,6,GNSS,255,BROADCAST,0,HEARTBEAT,48,HEARTBEAT,0,0,0,0,0,0,0x1001BFC0
1777182843.061,2179895,4,6,GNSS,255,BROADCAST,0,HEARTBEAT,48,HEARTBEAT,0,0,0,0,0,0,0x1001BFC0
1777182844.021,2180892,4,6,GNSS,255,BROADCAST,0,HEARTBEAT,48,HEARTBEAT,0,0,0,0,0,0,0x1001BFC0
1777182845.020,2181890,4,6,GNSS,255,BROADCAST,0,HEARTBEAT,48,HEARTBEAT,0,0,0,0,0,0,0x1001BFC0
1777182845.020,2181891,4,6,GNSS,1,CDH,10,HEALTH,1,HEALTH_0x01,0,0,0,0,1,1,0x1001804A
1777182845.020,2181892,2,6,GNSS,1,CDH,4,TELEMETRY,2,TELEMETRY_0x02,0,0,0,0,0,0,0x08018044
1777182846.026,2182888,4,6,GNSS,255,BROADCAST,0,HEARTBEAT,48,HEARTBEAT,0,0,0,0,0,0,0x1001BFC0
1777182847.044,2183885,4,6,GNSS,255,BROADCAST,0,HEARTBEAT,48,HEARTBEAT,0,0,0,0,0,0,0x1001BFC0
1777182848.011,2184882,4,6,GNSS,255,BROADCAST,0,HEARTBEAT,48,HEARTBEAT,0,0,0,0,0,0,0x1001BFC0
1777182849.013,2185879,4,6,GNSS,255,BROADCAST,0,HEARTBEAT,48,HEARTBEAT,0,0,0,0,0,0,0x1001BFC0
1777182850.029,2186876,4,6,GNSS,255,BROADCAST,0,HEARTBEAT,48,HEARTBEAT,0,0,0,0,0,0,0x1001BFC0
1777182850.029,2186877,4,6,GNSS,1,CDH,10,HEALTH,1,HEALTH_0x01,0,0,0,0,1,1,0x1001804A
1777182850.029,2186879,2,6,GNSS,1,CDH,4,TELEMETRY,2,TELEMETRY_0x02,0,0,0,0,0,0,0x08018044
1777182851.003,2187875,4,6,GNSS,255,BROADCAST,0,HEARTBEAT,48,HEARTBEAT,0,0,0,0,0,0,0x1001BFC0
1777182851.999,2188872,4,6,GNSS,255,BROADCAST,0,HEARTBEAT,48,HEARTBEAT,0,0,0,0,0,0,0x1001BFC0
1777182852.998,2189869,4,6,GNSS,255,BROADCAST,0,HEARTBEAT,48,HEARTBEAT,0,0,0,0,0,0,0x1001BFC0
1777182854.013,2190866,4,6,GNSS,255,BROADCAST,0,HEARTBEAT,48,HEARTBEAT,0,0,0,0,0,0,0x1001BFC0
1777182854.992,2191863,4,6,GNSS,255,BROADCAST,0,HEARTBEAT,48,HEARTBEAT,0,0,0,0,0,0,0x1001BFC0
1777182854.993,2191864,4,6,GNSS,1,CDH,10,HEALTH,1,HEALTH_0x01,0,0,0,0,1,1,0x1001804A
1777182854.994,2191865,2,6,GNSS,1,CDH,4,TELEMETRY,2,TELEMETRY_0x02,0,0,0,0,0,0,0x08018044
1777182855.992,2192861,4,6,GNSS,255,BROADCAST,0,HEARTBEAT,48,HEARTBEAT,0,0,0,0,0,0,0x1001BFC0
1777182856.987,2193858,4,6,GNSS,255,BROADCAST,0,HEARTBEAT,48,HEARTBEAT,0,0,0,0,0,0,0x1001BFC0
1777182858.039,2194856,4,6,GNSS,255,BROADCAST,0,HEARTBEAT,48,HEARTBEAT,0,0,0,0,0,0,0x1001BFC0
1777182858.982,2195853,4,6,GNSS,255,BROADCAST,0,HEARTBEAT,48,HEARTBEAT,0,0,0,0,0,0,0x1001BFC0
1777182859.982,2196850,4,6,GNSS,255,BROADCAST,0,HEARTBEAT,48,HEARTBEAT,0,0,0,0,0,0,0x1001BFC0
1777182859.982,2196851,4,6,GNSS,1,CDH,10,HEALTH,1,HEALTH_0x01,0,0,0,0,1,1,0x1001804A
1777182859.982,2196852,2,6,GNSS,1,CDH,4,TELEMETRY,2,TELEMETRY_0x02,0,0,0,0,0,0,0x08018044
1777182861.007,2197848,4,6,GNSS,255,BROADCAST,0,HEARTBEAT,48,HEARTBEAT,0,0,0,0,0,0,0x1001BFC0
1777182862.021,2198845,4,6,GNSS,255,BROADCAST,0,HEARTBEAT,48,HEARTBEAT,0,0,0,0,0,0,0x1001BFC0
1777182862.972,2199842,4,6,GNSS,255,BROADCAST,0,HEARTBEAT,48,HEARTBEAT,0,0,0,0,0,0,0x1001BFC0
1777182863.968,2200839,4,6,GNSS,255,BROADCAST,0,HEARTBEAT,48,HEARTBEAT,0,0,0,0,0,0,0x1001BFC0
1777182864.995,2201836,4,6,GNSS,255,BROADCAST,0,HEARTBEAT,48,HEARTBEAT,0,0,0,0,0,0,0x1001BFC0
1777182864.995,2201837,4,6,GNSS,1,CDH,10,HEALTH,1,HEALTH_0x01,0,0,0,0,1,1,0x1001804A
1777182864.995,2201839,2,6,GNSS,1,CDH,4,TELEMETRY,2,TELEMETRY_0x02,0,0,0,0,0,0,0x08018044
1777182866.025,2202835,4,6,GNSS,255,BROADCAST,0,HEARTBEAT,48,HEARTBEAT,0,0,0,0,0,0,0x1001BFC0
1777182866.961,2203832,4,6,GNSS,255,BROADCAST,0,HEARTBEAT,48,HEARTBEAT,0,0,0,0,0,0,0x1001BFC0
1777182867.964,2204829,4,6,GNSS,255,BROADCAST,0,HEARTBEAT,48,HEARTBEAT,0,0,0,0,0,0,0x1001BFC0
1777182868.992,2205826,4,6,GNSS,255,BROADCAST,0,HEARTBEAT,48,HEARTBEAT,0,0,0,0,0,0,0x1001BFC0
1777182870.010,2206823,4,6,GNSS,255,BROADCAST,0,HEARTBEAT,48,HEARTBEAT,0,0,0,0,0,0,0x1001BFC0
1777182870.010,2206824,4,6,GNSS,1,CDH,10,HEALTH,1,HEALTH_0x01,0,0,0,0,1,1,0x1001804A
1777182870.010,2206825,2,6,GNSS,1,CDH,4,TELEMETRY,2,TELEMETRY_0x02,0,0,0,0,0,0,0x08018044
1777182870.951,2207821,4,6,GNSS,255,BROADCAST,0,HEARTBEAT,48,HEARTBEAT,0,0,0,0,0,0,0x1001BFC0
1777182871.955,2208819,4,6,GNSS,255,BROADCAST,0,HEARTBEAT,48,HEARTBEAT,0,0,0,0,0,0,0x1001BFC0
1777182872.982,2209816,4,6,GNSS,255,BROADCAST,0,HEARTBEAT,48,HEARTBEAT,0,0,0,0,0,0,0x1001BFC0
1777182873.955,2210813,4,6,GNSS,255,BROADCAST,0,HEARTBEAT,48,HEARTBEAT,0,0,0,0,0,0,0x1001BFC0
1777182874.941,2211810,4,6,GNSS,255,BROADCAST,0,HEARTBEAT,48,HEARTBEAT,0,0,0,0,0,0,0x1001BFC0
1777182874.941,2211811,4,6,GNSS,1,CDH,10,HEALTH,1,HEALTH_0x01,0,0,0,0,1,1,0x1001804A
1777182874.941,2211812,2,6,GNSS,1,CDH,4,TELEMETRY,2,TELEMETRY_0x02,0,0,0,0,0,0,0x08018044
1777182875.950,2212808,4,6,GNSS,255,BROADCAST,0,HEARTBEAT,48,HEARTBEAT,0,0,0,0,0,0,0x1001BFC0
1777182876.973,2213805,4,6,GNSS,255,BROADCAST,0,HEARTBEAT,48,HEARTBEAT,0,0,0,0,0,0,0x1001BFC0
1777182877.931,2214802,4,6,GNSS,255,BROADCAST,0,HEARTBEAT,48,HEARTBEAT,0,0,0,0,0,0,0x1001BFC0
1777182878.936,2215799,4,6,GNSS,255,BROADCAST,0,HEARTBEAT,48,HEARTBEAT,0,0,0,0,0,0,0x1001BFC0
1777182879.928,2216796,4,6,GNSS,255,BROADCAST,0,HEARTBEAT,48,HEARTBEAT,0,0,0,0,0,0,0x1001BFC0
1777182879.928,2216797,4,6,GNSS,1,CDH,10,HEALTH,1,HEALTH_0x01,0,0,0,0,1,1,0x1001804A
1777182879.928,2216798,2,6,GNSS,1,CDH,4,TELEMETRY,2,TELEMETRY_0x02,0,0,0,0,0,0,0x08018044
1777182880.958,2217795,4,6,GNSS,255,BROADCAST,0,HEARTBEAT,48,HEARTBEAT,0,0,0,0,0,0,0x1001BFC0
1777182881.921,2218792,4,6,GNSS,255,BROADCAST,0,HEARTBEAT,48,HEARTBEAT,0,0,0,0,0,0,0x1001BFC0
1777182882.918,2219789,4,6,GNSS,255,BROADCAST,0,HEARTBEAT,48,HEARTBEAT,0,0,0,0,0,0,0x1001BFC0
1777182883.934,2220786,4,6,GNSS,255,BROADCAST,0,HEARTBEAT,48,HEARTBEAT,0,0,0,0,0,0,0x1001BFC0
1777182884.951,2221783,4,6,GNSS,255,BROADCAST,0,HEARTBEAT,48,HEARTBEAT,0,0,0,0,0,0,0x1001BFC0
1777182884.951,2221784,4,6,GNSS,1,CDH,10,HEALTH,1,HEALTH_0x01,0,0,0,0,1,1,0x1001804A
1777182884.951,2221785,2,6,GNSS,1,CDH,4,TELEMETRY,2,TELEMETRY_0x02,0,0,0,0,0,0,0x08018044
1777182885.910,2222781,4,6,GNSS,255,BROADCAST,0,HEARTBEAT,48,HEARTBEAT,0,0,0,0,0,0,0x1001BFC0
1777182886.908,2223778,4,6,GNSS,255,BROADCAST,0,HEARTBEAT,48,HEARTBEAT,0,0,0,0,0,0,0x1001BFC0
1777182887.909,2224776,4,6,GNSS,255,BROADCAST,0,HEARTBEAT,48,HEARTBEAT,0,0,0,0,0,0,0x1001BFC0
1777182888.942,2225773,4,6,GNSS,255,BROADCAST,0,HEARTBEAT,48,HEARTBEAT,0,0,0,0,0,0,0x1001BFC0
1777182889.899,2226769,4,6,GNSS,255,BROADCAST,0,HEARTBEAT,48,HEARTBEAT,0,0,0,0,0,0,0x1001BFC0
1777182889.900,2226771,4,6,GNSS,1,CDH,10,HEALTH,1,HEALTH_0x01,0,0,0,0,1,1,0x1001804A
1777182889.901,2226772,2,6,GNSS,1,CDH,4,TELEMETRY,2,TELEMETRY_0x02,0,0,0,0,0,0,0x08018044
1777182890.900,2227768,4,6,GNSS,255,BROADCAST,0,HEARTBEAT,48,HEARTBEAT,0,0,0,0,0,0,0x1001BFC0
1777182891.915,2228765,4,6,GNSS,255,BROADCAST,0,HEARTBEAT,48,HEARTBEAT,0,0,0,0,0,0,0x1001BFC0
1777182892.936,2229762,4,6,GNSS,255,BROADCAST,0,HEARTBEAT,48,HEARTBEAT,0,0,0,0,0,0,0x1001BFC0
1777182893.889,2230759,4,6,GNSS,255,BROADCAST,0,HEARTBEAT,48,HEARTBEAT,0,0,0,0,0,0,0x1001BFC0
1777182894.888,2231756,4,6,GNSS,255,BROADCAST,0,HEARTBEAT,48,HEARTBEAT,0,0,0,0,0,0,0x1001BFC0
1777182894.890,2231757,4,6,GNSS,1,CDH,10,HEALTH,1,HEALTH_0x01,0,0,0,0,1,1,0x1001804A
1777182894.890,2231758,2,6,GNSS,1,CDH,4,TELEMETRY,2,TELEMETRY_0x02,0,0,0,0,0,0,0x08018044
1777182895.906,2232754,4,6,GNSS,255,BROADCAST,0,HEARTBEAT,48,HEARTBEAT,0,0,0,0,0,0,0x1001BFC0
1777182896.881,2233751,4,6,GNSS,255,BROADCAST,0,HEARTBEAT,48,HEARTBEAT,0,0,0,0,0,0,0x1001BFC0
1777182897.878,2234749,4,6,GNSS,255,BROADCAST,0,HEARTBEAT,48,HEARTBEAT,0,0,0,0,0,0,0x1001BFC0
1777182898.875,2235746,4,6,GNSS,255,BROADCAST,0,HEARTBEAT,48,HEARTBEAT,0,0,0,0,0,0,0x1001BFC0
1777182899.897,2236743,4,6,GNSS,255,BROADCAST,0,HEARTBEAT,48,HEARTBEAT,0,0,0,0,0,0,0x1001BFC0
1777182899.897,2236744,4,6,GNSS,1,CDH,10,HEALTH,1,HEALTH_0x01,0,0,0,0,1,1,0x1001804A
1777182899.897,2236745,2,6,GNSS,1,CDH,4,TELEMETRY,2,TELEMETRY_0x02,0,0,0,0,0,0,0x08018044
1777182900.870,2237741,4,6,GNSS,255,BROADCAST,0,HEARTBEAT,48,HEARTBEAT,0,0,0,0,0,0,0x1001BFC0
1777182901.869,2238738,4,6,GNSS,255,BROADCAST,0,HEARTBEAT,48,HEARTBEAT,0,0,0,0,0,0,0x1001BFC0
1777182902.870,2239735,4,6,GNSS,255,BROADCAST,0,HEARTBEAT,48,HEARTBEAT,0,0,0,0,0,0,0x1001BFC0
1777182903.890,2240732,4,6,GNSS,255,BROADCAST,0,HEARTBEAT,48,HEARTBEAT,0,0,0,0,0,0,0x1001BFC0
1777182904.861,2241729,4,6,GNSS,255,BROADCAST,0,HEARTBEAT,48,HEARTBEAT,0,0,0,0,0,0,0x1001BFC0
1777182904.861,2241730,4,6,GNSS,1,CDH,10,HEALTH,1,HEALTH_0x01,0,0,0,0,1,1,0x1001804A
1777182904.861,2241731,2,6,GNSS,1,CDH,4,TELEMETRY,2,TELEMETRY_0x02,0,0,0,0,0,0,0x08018044
1777182905.857,2242727,4,6,GNSS,255,BROADCAST,0,HEARTBEAT,48,HEARTBEAT,0,0,0,0,0,0,0x1001BFC0
1777182906.858,2243724,4,6,GNSS,255,BROADCAST,0,HEARTBEAT,48,HEARTBEAT,0,0,0,0,0,0,0x1001BFC0
1777182907.888,2244721,4,6,GNSS,255,BROADCAST,0,HEARTBEAT,48,HEARTBEAT,0,0,0,0,0,0,0x1001BFC0
1777182908.848,2245718,4,6,GNSS,255,BROADCAST,0,HEARTBEAT,48,HEARTBEAT,0,0,0,0,0,0,0x1001BFC0
1777182909.846,2246716,4,6,GNSS,255,BROADCAST,0,HEARTBEAT,48,HEARTBEAT,0,0,0,0,0,0,0x1001BFC0
1777182909.847,2246717,4,6,GNSS,1,CDH,10,HEALTH,1,HEALTH_0x01,0,0,0,0,1,1,0x1001804A
1777182909.848,2246718,2,6,GNSS,1,CDH,4,TELEMETRY,2,TELEMETRY_0x02,0,0,0,0,0,0,0x08018044
1777182910.854,2247714,4,6,GNSS,255,BROADCAST,0,HEARTBEAT,48,HEARTBEAT,0,0,0,0,0,0,0x1001BFC0
1777182911.881,2248711,4,6,GNSS,255,BROADCAST,0,HEARTBEAT,48,HEARTBEAT,0,0,0,0,0,0,0x1001BFC0
1777182912.838,2249708,4,6,GNSS,255,BROADCAST,0,HEARTBEAT,48,HEARTBEAT,0,0,0,0,0,0,0x1001BFC0
1777182913.835,2250705,4,6,GNSS,255,BROADCAST,0,HEARTBEAT,48,HEARTBEAT,0,0,0,0,0,0,0x1001BFC0
1777182914.853,2251702,4,6,GNSS,255,BROADCAST,0,HEARTBEAT,48,HEARTBEAT,0,0,0,0,0,0,0x1001BFC0
1777182914.853,2251703,4,6,GNSS,1,CDH,10,HEALTH,1,HEALTH_0x01,0,0,0,0,1,1,0x1001804A
1777182914.853,2251704,2,6,GNSS,1,CDH,4,TELEMETRY,2,TELEMETRY_0x02,0,0,0,0,0,0,0x08018044
1777182915.870,2252700,4,6,GNSS,255,BROADCAST,0,HEARTBEAT,48,HEARTBEAT,0,0,0,0,0,0,0x1001BFC0
1777182916.827,2253697,4,6,GNSS,255,BROADCAST,0,HEARTBEAT,48,HEARTBEAT,0,0,0,0,0,0,0x1001BFC0
1777182917.826,2254694,4,6,GNSS,255,BROADCAST,0,HEARTBEAT,48,HEARTBEAT,0,0,0,0,0,0,0x1001BFC0
1777182918.834,2255691,4,6,GNSS,255,BROADCAST,0,HEARTBEAT,48,HEARTBEAT,0,0,0,0,0,0,0x1001BFC0
1777182919.820,2256688,4,6,GNSS,255,BROADCAST,0,HEARTBEAT,48,HEARTBEAT,0,0,0,0,0,0,0x1001BFC0
1777182919.820,2256690,4,6,GNSS,1,CDH,10,HEALTH,1,HEALTH_0x01,0,0,0,0,1,1,0x1001804A
1777182919.821,2256691,2,6,GNSS,1,CDH,4,TELEMETRY,2,TELEMETRY_0x02,0,0,0,0,0,0,0x08018044
1777182920.816,2257686,4,6,GNSS,255,BROADCAST,0,HEARTBEAT,48,HEARTBEAT,0,0,0,0,0,0,0x1001BFC0
1777182921.813,2258683,4,6,GNSS,255,BROADCAST,0,HEARTBEAT,48,HEARTBEAT,0,0,0,0,0,0,0x1001BFC0
1777182922.835,2259680,4,6,GNSS,255,BROADCAST,0,HEARTBEAT,48,HEARTBEAT,0,0,0,0,0,0,0x1001BFC0
1777182923.808,2260678,4,6,GNSS,255,BROADCAST,0,HEARTBEAT,48,HEARTBEAT,0,0,0,0,0,0,0x1001BFC0
1777182924.805,2261675,4,6,GNSS,255,BROADCAST,0,HEARTBEAT,48,HEARTBEAT,0,0,0,0,0,0,0x1001BFC0
1777182924.809,2261676,4,6,GNSS,1,CDH,10,HEALTH,1,HEALTH_0x01,0,0,0,0,1,1,0x1001804A
1777182924.809,2261677,2,6,GNSS,1,CDH,4,TELEMETRY,2,TELEMETRY_0x02,0,0,0,0,0,0,0x08018044
1777182925.803,2262673,4,6,GNSS,255,BROADCAST,0,HEARTBEAT,48,HEARTBEAT,0,0,0,0,0,0,0x1001BFC0
1777182926.829,2263670,4,6,GNSS,255,BROADCAST,0,HEARTBEAT,48,HEARTBEAT,0,0,0,0,0,0,0x1001BFC0
1777182927.797,2264667,4,6,GNSS,255,BROADCAST,0,HEARTBEAT,48,HEARTBEAT,0,0,0,0,0,0,0x1001BFC0
1777182928.795,2265664,4,6,GNSS,255,BROADCAST,0,HEARTBEAT,48,HEARTBEAT,0,0,0,0,0,0,0x1001BFC0
1777182929.795,2266661,4,6,GNSS,255,BROADCAST,0,HEARTBEAT,48,HEARTBEAT,0,0,0,0,0,0,0x1001BFC0
1777182929.795,2266662,4,6,GNSS,1,CDH,10,HEALTH,1,HEALTH_0x01,0,0,0,0,1,1,0x1001804A
1777182929.795,2266663,2,6,GNSS,1,CDH,4,TELEMETRY,2,TELEMETRY_0x02,0,0,0,0,0,0,0x08018044
1777182930.827,2267660,4,6,GNSS,255,BROADCAST,0,HEARTBEAT,48,HEARTBEAT,0,0,0,0,0,0,0x1001BFC0
1777182931.787,2268657,4,6,GNSS,255,BROADCAST,0,HEARTBEAT,48,HEARTBEAT,0,0,0,0,0,0,0x1001BFC0
1777182932.784,2269654,4,6,GNSS,255,BROADCAST,0,HEARTBEAT,48,HEARTBEAT,0,0,0,0,0,0,0x1001BFC0
1777182933.789,2270651,4,6,GNSS,255,BROADCAST,0,HEARTBEAT,48,HEARTBEAT,0,0,0,0,0,0,0x1001BFC0
1777182934.804,2271648,4,6,GNSS,255,BROADCAST,0,HEARTBEAT,48,HEARTBEAT,0,0,0,0,0,0,0x1001BFC0
1777182934.804,2271649,4,6,GNSS,1,CDH,10,HEALTH,1,HEALTH_0x01,0,0,0,0,1,1,0x1001804A
1777182934.804,2271651,2,6,GNSS,1,CDH,4,TELEMETRY,2,TELEMETRY_0x02,0,0,0,0,0,0,0x08018044
1777182935.777,2272647,4,6,GNSS,255,BROADCAST,0,HEARTBEAT,48,HEARTBEAT,0,0,0,0,0,0,0x1001BFC0
1777182936.776,2273644,4,6,GNSS,255,BROADCAST,0,HEARTBEAT,48,HEARTBEAT,0,0,0,0,0,0,0x1001BFC0
1777182937.789,2274641,4,6,GNSS,255,BROADCAST,0,HEARTBEAT,48,HEARTBEAT,0,0,0,0,0,0,0x1001BFC0
1777182938.809,2275638,4,6,GNSS,255,BROADCAST,0,HEARTBEAT,48,HEARTBEAT,0,0,0,0,0,0,0x1001BFC0
1777182939.766,2276635,4,6,GNSS,255,BROADCAST,0,HEARTBEAT,48,HEARTBEAT,0,0,0,0,0,0,0x1001BFC0
1777182939.766,2276636,4,6,GNSS,1,CDH,10,HEALTH,1,HEALTH_0x01,0,0,0,0,1,1,0x1001804A
1777182939.768,2276637,2,6,GNSS,1,CDH,4,TELEMETRY,2,TELEMETRY_0x02,0,0,0,0,0,0,0x08018044
1777182940.771,2277633,4,6,GNSS,255,BROADCAST,0,HEARTBEAT,48,HEARTBEAT,0,0,0,0,0,0,0x1001BFC0
1777182941.777,2278630,4,6,GNSS,255,BROADCAST,0,HEARTBEAT,48,HEARTBEAT,0,0,0,0,0,0,0x1001BFC0
1777182942.759,2279627,4,6,GNSS,255,BROADCAST,0,HEARTBEAT,48,HEARTBEAT,0,0,0,0,0,0,0x1001BFC0
1777182943.755,2280624,4,6,GNSS,255,BROADCAST,0,HEARTBEAT,48,HEARTBEAT,0,0,0,0,0,0,0x1001BFC0
1777182944.752,2281621,4,6,GNSS,255,BROADCAST,0,HEARTBEAT,48,HEARTBEAT,0,0,0,0,0,0,0x1001BFC0
1777182944.753,2281623,4,6,GNSS,1,CDH,10,HEALTH,1,HEALTH_0x01,0,0,0,0,1,1,0x1001804A
1777182944.754,2281624,2,6,GNSS,1,CDH,4,TELEMETRY,2,TELEMETRY_0x02,0,0,0,0,0,0,0x08018044
1777182945.770,2282620,4,6,GNSS,255,BROADCAST,0,HEARTBEAT,48,HEARTBEAT,0,0,0,0,0,0,0x1001BFC0
1777182946.748,2283617,4,6,GNSS,255,BROADCAST,0,HEARTBEAT,48,HEARTBEAT,0,0,0,0,0,0,0x1001BFC0
1777182947.746,2284614,4,6,GNSS,255,BROADCAST,0,HEARTBEAT,48,HEARTBEAT,0,0,0,0,0,0,0x1001BFC0
1777182948.743,2285611,4,6,GNSS,255,BROADCAST,0,HEARTBEAT,48,HEARTBEAT,0,0,0,0,0,0,0x1001BFC0
1777182949.766,2286608,4,6,GNSS,255,BROADCAST,0,HEARTBEAT,48,HEARTBEAT,0,0,0,0,0,0,0x1001BFC0
1777182949.766,2286609,4,6,GNSS,1,CDH,10,HEALTH,1,HEALTH_0x01,0,0,0,0,1,1,0x1001804A
1777182949.766,2286611,2,6,GNSS,1,CDH,4,TELEMETRY,2,TELEMETRY_0x02,0,0,0,0,0,0,0x08018044
1777182950.737,2287607,4,6,GNSS,255,BROADCAST,0,HEARTBEAT,48,HEARTBEAT,0,0,0,0,0,0,0x1001BFC0
1777182951.735,2288604,4,6,GNSS,255,BROADCAST,0,HEARTBEAT,48,HEARTBEAT,0,0,0,0,0,0,0x1001BFC0
1777182952.736,2289601,4,6,GNSS,255,BROADCAST,0,HEARTBEAT,48,HEARTBEAT,0,0,0,0,0,0,0x1001BFC0
1777182953.748,2290598,4,6,GNSS,255,BROADCAST,0,HEARTBEAT,48,HEARTBEAT,0,0,0,0,0,0,0x1001BFC0
1777182954.728,2291596,4,6,GNSS,255,BROADCAST,0,HEARTBEAT,48,HEARTBEAT,0,0,0,0,0,0,0x1001BFC0
1777182954.728,2291597,4,6,GNSS,1,CDH,10,HEALTH,1,HEALTH_0x01,0,0,0,0,1,1,0x1001804A
1777182954.728,2291598,2,6,GNSS,1,CDH,4,TELEMETRY,2,TELEMETRY_0x02,0,0,0,0,0,0,0x08018044
1777182955.724,2292594,4,6,GNSS,255,BROADCAST,0,HEARTBEAT,48,HEARTBEAT,0,0,0,0,0,0,0x1001BFC0
1777182956.731,2293591,4,6,GNSS,255,BROADCAST,0,HEARTBEAT,48,HEARTBEAT,0,0,0,0,0,0,0x1001BFC0
1777182957.748,2294588,4,6,GNSS,255,BROADCAST,0,HEARTBEAT,48,HEARTBEAT,0,0,0,0,0,0,0x1001BFC0
1777182958.716,2295585,4,6,GNSS,255,BROADCAST,0,HEARTBEAT,48,HEARTBEAT,0,0,0,0,0,0,0x1001BFC0
1777182959.714,2296583,4,6,GNSS,255,BROADCAST,0,HEARTBEAT,48,HEARTBEAT,0,0,0,0,0,0,0x1001BFC0
1777182959.717,2296583,4,6,GNSS,1,CDH,10,HEALTH,1,HEALTH_0x01,0,0,0,0,1,1,0x1001804A
1777182959.717,2296585,2,6,GNSS,1,CDH,4,TELEMETRY,2,TELEMETRY_0x02,0,0,0,0,0,0,0x08018044
1777182960.719,2297581,4,6,GNSS,255,BROADCAST,0,HEARTBEAT,48,HEARTBEAT,0,0,0,0,0,0,0x1001BFC0
1777182961.739,2298578,4,6,GNSS,255,BROADCAST,0,HEARTBEAT,48,HEARTBEAT,0,0,0,0,0,0,0x1001BFC0
1777182962.706,2299575,4,6,GNSS,255,BROADCAST,0,HEARTBEAT,48,HEARTBEAT,0,0,0,0,0,0,0x1001BFC0
1777182963.703,2300572,4,6,GNSS,255,BROADCAST,0,HEARTBEAT,48,HEARTBEAT,0,0,0,0,0,0,0x1001BFC0
1777182964.718,2301569,4,6,GNSS,255,BROADCAST,0,HEARTBEAT,48,HEARTBEAT,0,0,0,0,0,0,0x1001BFC0
1777182964.718,2301570,4,6,GNSS,1,CDH,10,HEALTH,1,HEALTH_0x01,0,0,0,0,1,1,0x1001804A
1777182964.718,2301571,2,6,GNSS,1,CDH,4,TELEMETRY,2,TELEMETRY_0x02,0,0,0,0,0,0,0x08018044
1777182965.751,2302567,4,6,GNSS,255,BROADCAST,0,HEARTBEAT,48,HEARTBEAT,0,0,0,0,0,0,0x1001BFC0
1777182966.695,2303565,4,6,GNSS,255,BROADCAST,0,HEARTBEAT,48,HEARTBEAT,0,0,0,0,0,0,0x1001BFC0
1777182967.692,2304562,4,6,GNSS,255,BROADCAST,0,HEARTBEAT,48,HEARTBEAT,0,0,0,0,0,0,0x1001BFC0
1777182968.712,2305559,4,6,GNSS,255,BROADCAST,0,HEARTBEAT,48,HEARTBEAT,0,0,0,0,0,0,0x1001BFC0
1777182969.689,2306556,4,6,GNSS,255,BROADCAST,0,HEARTBEAT,48,HEARTBEAT,0,0,0,0,0,0,0x1001BFC0
1777182969.690,2306557,4,6,GNSS,1,CDH,10,HEALTH,1,HEALTH_0x01,0,0,0,0,1,1,0x1001804A
1777182969.690,2306558,2,6,GNSS,1,CDH,4,TELEMETRY,2,TELEMETRY_0x02,0,0,0,0,0,0,0x08018044
1777182970.686,2307555,4,6,GNSS,255,BROADCAST,0,HEARTBEAT,48,HEARTBEAT,0,0,0,0,0,0,0x1001BFC0
1777182971.682,2308552,4,6,GNSS,255,BROADCAST,0,HEARTBEAT,48,HEARTBEAT,0,0,0,0,0,0,0x1001BFC0
1777182972.705,2309549,4,6,GNSS,255,BROADCAST,0,HEARTBEAT,48,HEARTBEAT,0,0,0,0,0,0,0x1001BFC0
1777182973.677,2310546,4,6,GNSS,255,BROADCAST,0,HEARTBEAT,48,HEARTBEAT,0,0,0,0,0,0,0x1001BFC0
1777182974.674,2311543,4,6,GNSS,255,BROADCAST,0,HEARTBEAT,48,HEARTBEAT,0,0,0,0,0,0,0x1001BFC0
1777182974.675,2311544,4,6,GNSS,1,CDH,10,HEALTH,1,HEALTH_0x01,0,0,0,0,1,1,0x1001804A
1777182974.681,2311545,2,6,GNSS,1,CDH,4,TELEMETRY,2,TELEMETRY_0x02,0,0,0,0,0,0,0x08018044
1777182975.675,2312541,4,6,GNSS,255,BROADCAST,0,HEARTBEAT,48,HEARTBEAT,0,0,0,0,0,0,0x1001BFC0
1777182976.693,2313538,4,6,GNSS,255,BROADCAST,0,HEARTBEAT,48,HEARTBEAT,0,0,0,0,0,0,0x1001BFC0
1777182977.666,2314536,4,6,GNSS,255,BROADCAST,0,HEARTBEAT,48,HEARTBEAT,0,0,0,0,0,0,0x1001BFC0
1777182978.663,2315533,4,6,GNSS,255,BROADCAST,0,HEARTBEAT,48,HEARTBEAT,0,0,0,0,0,0,0x1001BFC0
1777182979.663,2316530,4,6,GNSS,255,BROADCAST,0,HEARTBEAT,48,HEARTBEAT,0,0,0,0,0,0,0x1001BFC0
1777182979.663,2316531,4,6,GNSS,1,CDH,10,HEALTH,1,HEALTH_0x01,0,0,0,0,1,1,0x1001804A
1777182979.663,2316532,2,6,GNSS,1,CDH,4,TELEMETRY,2,TELEMETRY_0x02,0,0,0,0,0,0,0x08018044
1777182980.680,2317528,4,6,GNSS,255,BROADCAST,0,HEARTBEAT,48,HEARTBEAT,0,0,0,0,0,0,0x1001BFC0
1777182981.658,2318525,4,6,GNSS,255,BROADCAST,0,HEARTBEAT,48,HEARTBEAT,0,0,0,0,0,0,0x1001BFC0
1777182982.653,2319523,4,6,GNSS,255,BROADCAST,0,HEARTBEAT,48,HEARTBEAT,0,0,0,0,0,0,0x1001BFC0
1777182983.661,2320520,4,6,GNSS,255,BROADCAST,0,HEARTBEAT,48,HEARTBEAT,0,0,0,0,0,0,0x1001BFC0
1777182984.679,2321517,4,6,GNSS,255,BROADCAST,0,HEARTBEAT,48,HEARTBEAT,0,0,0,0,0,0,0x1001BFC0
1777182984.679,2321518,4,6,GNSS,1,CDH,10,HEALTH,1,HEALTH_0x01,0,0,0,0,1,1,0x1001804A
1777182984.679,2321519,2,6,GNSS,1,CDH,4,TELEMETRY,2,TELEMETRY_0x02,0,0,0,0,0,0,0x08018044
1777182985.649,2322516,4,6,GNSS,255,BROADCAST,0,HEARTBEAT,48,HEARTBEAT,0,0,0,0,0,0,0x1001BFC0
1777182986.647,2323513,4,6,GNSS,255,BROADCAST,0,HEARTBEAT,48,HEARTBEAT,0,0,0,0,0,0,0x1001BFC0
1777182987.647,2324510,4,6,GNSS,255,BROADCAST,0,HEARTBEAT,48,HEARTBEAT,0,0,0,0,0,0,0x1001BFC0
1777182988.680,2325507,4,6,GNSS,255,BROADCAST,0,HEARTBEAT,48,HEARTBEAT,0,0,0,0,0,0,0x1001BFC0
1777182989.636,2326504,4,6,GNSS,255,BROADCAST,0,HEARTBEAT,48,HEARTBEAT,0,0,0,0,0,0,0x1001BFC0
1777182989.636,2326505,4,6,GNSS,1,CDH,10,HEALTH,1,HEALTH_0x01,0,0,0,0,1,1,0x1001804A
1777182989.638,2326507,2,6,GNSS,1,CDH,4,TELEMETRY,2,TELEMETRY_0x02,0,0,0,0,0,0,0x08018044
1777182990.634,2327503,4,6,GNSS,255,BROADCAST,0,HEARTBEAT,48,HEARTBEAT,0,0,0,0,0,0,0x1001BFC0
1777182991.646,2328500,4,6,GNSS,255,BROADCAST,0,HEARTBEAT,48,HEARTBEAT,0,0,0,0,0,0,0x1001BFC0
1777182992.629,2329497,4,6,GNSS,255,BROADCAST,0,HEARTBEAT,48,HEARTBEAT,0,0,0,0,0,0,0x1001BFC0
1777182993.625,2330495,4,6,GNSS,255,BROADCAST,0,HEARTBEAT,48,HEARTBEAT,0,0,0,0,0,0,0x1001BFC0
1777182994.623,2331492,4,6,GNSS,255,BROADCAST,0,HEARTBEAT,48,HEARTBEAT,0,0,0,0,0,0,0x1001BFC0
1777182994.625,2331493,4,6,GNSS,1,CDH,10,HEALTH,1,HEALTH_0x01,0,0,0,0,1,1,0x1001804A
1777182994.625,2331494,2,6,GNSS,1,CDH,4,TELEMETRY,2,TELEMETRY_0x02,0,0,0,0,0,0,0x08018044
1777182995.637,2332490,4,6,GNSS,255,BROADCAST,0,HEARTBEAT,48,HEARTBEAT,0,0,0,0,0,0,0x1001BFC0
1777182996.618,2333487,4,6,GNSS,255,BROADCAST,0,HEARTBEAT,48,HEARTBEAT,0,0,0,0,0,0,0x1001BFC0
1777182997.617,2334485,4,6,GNSS,255,BROADCAST,0,HEARTBEAT,48,HEARTBEAT,0,0,0,0,0,0,0x1001BFC0
1777182998.613,2335482,4,6,GNSS,255,BROADCAST,0,HEARTBEAT,48,HEARTBEAT,0,0,0,0,0,0,0x1001BFC0
1777182999.623,2336479,4,6,GNSS,255,BROADCAST,0,HEARTBEAT,48,HEARTBEAT,0,0,0,0,0,0,0x1001BFC0
1777182999.623,2336480,4,6,GNSS,1,CDH,10,HEALTH,1,HEALTH_0x01,0,0,0,0,1,1,0x1001804A
1777182999.623,2336481,2,6,GNSS,1,CDH,4,TELEMETRY,2,TELEMETRY_0x02,0,0,0,0,0,0,0x08018044
1777183000.609,2337477,4,6,GNSS,255,BROADCAST,0,HEARTBEAT,48,HEARTBEAT,0,0,0,0,0,0,0x1001BFC0
1777183001.605,2338474,4,6,GNSS,255,BROADCAST,0,HEARTBEAT,48,HEARTBEAT,0,0,0,0,0,0,0x1001BFC0
1777183002.603,2339472,4,6,GNSS,255,BROADCAST,0,HEARTBEAT,48,HEARTBEAT,0,0,0,0,0,0,0x1001BFC0
1777183003.620,2340469,4,6,GNSS,255,BROADCAST,0,HEARTBEAT,48,HEARTBEAT,0,0,0,0,0,0,0x1001BFC0
1777183004.600,2341466,4,6,GNSS,255,BROADCAST,0,HEARTBEAT,48,HEARTBEAT,0,0,0,0,0,0,0x1001BFC0
1777183004.600,2341468,4,6,GNSS,1,CDH,10,HEALTH,1,HEALTH_0x01,0,0,0,0,1,1,0x1001804A
1777183004.600,2341469,2,6,GNSS,1,CDH,4,TELEMETRY,2,TELEMETRY_0x02,0,0,0,0,0,0,0x08018044
1777183005.595,2342464,4,6,GNSS,255,BROADCAST,0,HEARTBEAT,48,HEARTBEAT,0,0,0,0,0,0,0x1001BFC0
1777183006.594,2343461,4,6,GNSS,255,BROADCAST,0,HEARTBEAT,48,HEARTBEAT,0,0,0,0,0,0,0x1001BFC0
1777183007.621,2344458,4,6,GNSS,255,BROADCAST,0,HEARTBEAT,48,HEARTBEAT,0,0,0,0,0,0,0x1001BFC0
1777183008.588,2345455,4,6,GNSS,255,BROADCAST,0,HEARTBEAT,48,HEARTBEAT,0,0,0,0,0,0,0x1001BFC0
1777183009.586,2346452,4,6,GNSS,255,BROADCAST,0,HEARTBEAT,48,HEARTBEAT,0,0,0,0,0,0,0x1001BFC0
1777183009.586,2346453,4,6,GNSS,1,CDH,10,HEALTH,1,HEALTH_0x01,0,0,0,0,1,1,0x1001804A
1777183009.586,2346455,2,6,GNSS,1,CDH,4,TELEMETRY,2,TELEMETRY_0x02,0,0,0,0,0,0,0x08018044
1777183010.589,2347451,4,6,GNSS,255,BROADCAST,0,HEARTBEAT,48,HEARTBEAT,0,0,0,0,0,0,0x1001BFC0
1777183011.608,2348448,4,6,GNSS,255,BROADCAST,0,HEARTBEAT,48,HEARTBEAT,0,0,0,0,0,0,0x1001BFC0
1777183012.576,2349445,4,6,GNSS,255,BROADCAST,0,HEARTBEAT,48,HEARTBEAT,0,0,0,0,0,0,0x1001BFC0
1777183013.573,2350442,4,6,GNSS,255,BROADCAST,0,HEARTBEAT,48,HEARTBEAT,0,0,0,0,0,0,0x1001BFC0
1777183014.586,2351439,4,6,GNSS,255,BROADCAST,0,HEARTBEAT,48,HEARTBEAT,0,0,0,0,0,0,0x1001BFC0
1777183014.586,2351440,4,6,GNSS,1,CDH,10,HEALTH,1,HEALTH_0x01,0,0,0,0,1,1,0x1001804A
1777183014.586,2351442,2,6,GNSS,1,CDH,4,TELEMETRY,2,TELEMETRY_0x02,0,0,0,0,0,0,0x08018044
1777183015.606,2352438,4,6,GNSS,255,BROADCAST,0,HEARTBEAT,48,HEARTBEAT,0,0,0,0,0,0,0x1001BFC0
1777183016.566,2353435,4,6,GNSS,255,BROADCAST,0,HEARTBEAT,48,HEARTBEAT,0,0,0,0,0,0,0x1001BFC0
1777183017.563,2354432,4,6,GNSS,255,BROADCAST,0,HEARTBEAT,48,HEARTBEAT,0,0,0,0,0,0,0x1001BFC0
1777183018.576,2355429,4,6,GNSS,255,BROADCAST,0,HEARTBEAT,48,HEARTBEAT,0,0,0,0,0,0,0x1001BFC0
1777183019.560,2356426,4,6,GNSS,255,BROADCAST,0,HEARTBEAT,48,HEARTBEAT,0,0,0,0,0,0,0x1001BFC0
1777183019.560,2356427,4,6,GNSS,1,CDH,10,HEALTH,1,HEALTH_0x01,0,0,0,0,1,1,0x1001804A
1777183019.560,2356429,2,6,GNSS,1,CDH,4,TELEMETRY,2,TELEMETRY_0x02,0,0,0,0,0,0,0x08018044
1777183020.556,2357425,4,6,GNSS,255,BROADCAST,0,HEARTBEAT,48,HEARTBEAT,0,0,0,0,0,0,0x1001BFC0
1777183021.555,2358422,4,6,GNSS,255,BROADCAST,0,HEARTBEAT,48,HEARTBEAT,0,0,0,0,0,0,0x1001BFC0
1777183022.575,2359419,4,6,GNSS,255,BROADCAST,0,HEARTBEAT,48,HEARTBEAT,0,0,0,0,0,0,0x1001BFC0
1777183023.547,2360416,4,6,GNSS,255,BROADCAST,0,HEARTBEAT,48,HEARTBEAT,0,0,0,0,0,0,0x1001BFC0
1777183024.547,2361414,4,6,GNSS,255,BROADCAST,0,HEARTBEAT,48,HEARTBEAT,0,0,0,0,0,0,0x1001BFC0
1777183024.547,2361415,4,6,GNSS,1,CDH,10,HEALTH,1,HEALTH_0x01,0,0,0,0,1,1,0x1001804A
1777183024.547,2361416,2,6,GNSS,1,CDH,4,TELEMETRY,2,TELEMETRY_0x02,0,0,0,0,0,0,0x08018044
1777183025.545,2362412,4,6,GNSS,255,BROADCAST,0,HEARTBEAT,48,HEARTBEAT,0,0,0,0,0,0,0x1001BFC0
1777183026.569,2363409,4,6,GNSS,255,BROADCAST,0,HEARTBEAT,48,HEARTBEAT,0,0,0,0,0,0,0x1001BFC0
1777183027.538,2364406,4,6,GNSS,255,BROADCAST,0,HEARTBEAT,48,HEARTBEAT,0,0,0,0,0,0,0x1001BFC0
1777183028.535,2365403,4,6,GNSS,255,BROADCAST,0,HEARTBEAT,48,HEARTBEAT,0,0,0,0,0,0,0x1001BFC0
1777183029.539,2366401,4,6,GNSS,255,BROADCAST,0,HEARTBEAT,48,HEARTBEAT,0,0,0,0,0,0,0x1001BFC0
1777183029.539,2366402,4,6,GNSS,1,CDH,10,HEALTH,1,HEALTH_0x01,0,0,0,0,1,1,0x1001804A
1777183029.539,2366403,2,6,GNSS,1,CDH,4,TELEMETRY,2,TELEMETRY_0x02,0,0,0,0,0,0,0x08018044
1777183030.563,2367399,4,6,GNSS,255,BROADCAST,0,HEARTBEAT,48,HEARTBEAT,0,0,0,0,0,0,0x1001BFC0
1777183031.532,2368396,4,6,GNSS,255,BROADCAST,0,HEARTBEAT,48,HEARTBEAT,0,0,0,0,0,0,0x1001BFC0
1777183032.525,2369393,4,6,GNSS,255,BROADCAST,0,HEARTBEAT,48,HEARTBEAT,0,0,0,0,0,0,0x1001BFC0
1777183033.532,2370391,4,6,GNSS,255,BROADCAST,0,HEARTBEAT,48,HEARTBEAT,0,0,0,0,0,0,0x1001BFC0
1777183034.557,2371388,4,6,GNSS,255,BROADCAST,0,HEARTBEAT,48,HEARTBEAT,0,0,0,0,0,0,0x1001BFC0
1777183034.557,2371389,4,6,GNSS,1,CDH,10,HEALTH,1,HEALTH_0x01,0,0,0,0,1,1,0x1001804A
1777183034.557,2371390,2,6,GNSS,1,CDH,4,TELEMETRY,2,TELEMETRY_0x02,0,0,0,0,0,0,0x08018044
1777183035.518,2372386,4,6,GNSS,255,BROADCAST,0,HEARTBEAT,48,HEARTBEAT,0,0,0,0,0,0,0x1001BFC0
1777183036.516,2373383,4,6,GNSS,255,BROADCAST,0,HEARTBEAT,48,HEARTBEAT,0,0,0,0,0,0,0x1001BFC0
1777183037.524,2374381,4,6,GNSS,255,BROADCAST,0,HEARTBEAT,48,HEARTBEAT,0,0,0,0,0,0,0x1001BFC0
1777183038.538,2375378,4,6,GNSS,255,BROADCAST,0,HEARTBEAT,48,HEARTBEAT,0,0,0,0,0,0,0x1001BFC0
1777183039.507,2376375,4,6,GNSS,255,BROADCAST,0,HEARTBEAT,48,HEARTBEAT,0,0,0,0,0,0,0x1001BFC0
1777183039.508,2376376,4,6,GNSS,1,CDH,10,HEALTH,1,HEALTH_0x01,0,0,0,0,1,1,0x1001804A
1777183039.508,2376377,2,6,GNSS,1,CDH,4,TELEMETRY,2,TELEMETRY_0x02,0,0,0,0,0,0,0x08018044
1777183040.505,2377373,4,6,GNSS,255,BROADCAST,0,HEARTBEAT,48,HEARTBEAT,0,0,0,0,0,0,0x1001BFC0
1777183041.513,2378370,4,6,GNSS,255,BROADCAST,0,HEARTBEAT,48,HEARTBEAT,0,0,0,0,0,0,0x1001BFC0
1777183042.499,2379367,4,6,GNSS,255,BROADCAST,0,HEARTBEAT,48,HEARTBEAT,0,0,0,0,0,0,0x1001BFC0
1777183043.496,2380364,4,6,GNSS,255,BROADCAST,0,HEARTBEAT,48,HEARTBEAT,0,0,0,0,0,0,0x1001BFC0
1777183044.495,2381361,4,6,GNSS,255,BROADCAST,0,HEARTBEAT,48,HEARTBEAT,0,0,0,0,0,0,0x1001BFC0
1777183044.495,2381362,4,6,GNSS,1,CDH,10,HEALTH,1,HEALTH_0x01,0,0,0,0,1,1,0x1001804A
1777183044.495,2381364,2,6,GNSS,1,CDH,4,TELEMETRY,2,TELEMETRY_0x02,0,0,0,0,0,0,0x08018044
1777183045.506,2382360,4,6,GNSS,255,BROADCAST,0,HEARTBEAT,48,HEARTBEAT,0,0,0,0,0,0,0x1001BFC0
1777183046.489,2383357,4,6,GNSS,255,BROADCAST,0,HEARTBEAT,48,HEARTBEAT,0,0,0,0,0,0,0x1001BFC0
1777183047.486,2384354,4,6,GNSS,255,BROADCAST,0,HEARTBEAT,48,HEARTBEAT,0,0,0,0,0,0,0x1001BFC0
1777183048.482,2385351,4,6,GNSS,255,BROADCAST,0,HEARTBEAT,48,HEARTBEAT,0,0,0,0,0,0,0x1001BFC0
1777183049.505,2386348,4,6,GNSS,255,BROADCAST,0,HEARTBEAT,48,HEARTBEAT,0,0,0,0,0,0,0x1001BFC0
1777183049.505,2386349,4,6,GNSS,1,CDH,10,HEALTH,1,HEALTH_0x01,0,0,0,0,1,1,0x1001804A
1777183049.505,2386350,2,6,GNSS,1,CDH,4,TELEMETRY,2,TELEMETRY_0x02,0,0,0,0,0,0,0x08018044
1777183050.479,2387346,4,6,GNSS,255,BROADCAST,0,HEARTBEAT,48,HEARTBEAT,0,0,0,0,0,0,0x1001BFC0
1777183051.475,2388343,4,6,GNSS,255,BROADCAST,0,HEARTBEAT,48,HEARTBEAT,0,0,0,0,0,0,0x1001BFC0
1777183052.473,2389341,4,6,GNSS,255,BROADCAST,0,HEARTBEAT,48,HEARTBEAT,0,0,0,0,0,0,0x1001BFC0
1777183053.501,2390338,4,6,GNSS,255,BROADCAST,0,HEARTBEAT,48,HEARTBEAT,0,0,0,0,0,0,0x1001BFC0
1777183054.467,2391335,4,6,GNSS,255,BROADCAST,0,HEARTBEAT,48,HEARTBEAT,0,0,0,0,0,0,0x1001BFC0
1777183054.468,2391336,4,6,GNSS,1,CDH,10,HEALTH,1,HEALTH_0x01,0,0,0,0,1,1,0x1001804A
1777183054.469,2391337,2,6,GNSS,1,CDH,4,TELEMETRY,2,TELEMETRY_0x02,0,0,0,0,0,0,0x08018044
1777183055.465,2392333,4,6,GNSS,255,BROADCAST,0,HEARTBEAT,48,HEARTBEAT,0,0,0,0,0,0,0x1001BFC0
1777183056.473,2393330,4,6,GNSS,255,BROADCAST,0,HEARTBEAT,48,HEARTBEAT,0,0,0,0,0,0,0x1001BFC0
1777183057.493,2394327,4,6,GNSS,255,BROADCAST,0,HEARTBEAT,48,HEARTBEAT,0,0,0,0,0,0,0x1001BFC0
1777183058.458,2395325,4,6,GNSS,255,BROADCAST,0,HEARTBEAT,48,HEARTBEAT,0,0,0,0,0,0,0x1001BFC0
1777183059.456,2396322,4,6,GNSS,255,BROADCAST,0,HEARTBEAT,48,HEARTBEAT,0,0,0,0,0,0,0x1001BFC0
1777183059.456,2396323,4,6,GNSS,1,CDH,10,HEALTH,1,HEALTH_0x01,0,0,0,0,1,1,0x1001804A
1777183059.456,2396324,2,6,GNSS,1,CDH,4,TELEMETRY,2,TELEMETRY_0x02,0,0,0,0,0,0,0x08018044
1777183060.465,2397320,4,6,GNSS,255,BROADCAST,0,HEARTBEAT,48,HEARTBEAT,0,0,0,0,0,0,0x1001BFC0
1777183061.484,2398317,4,6,GNSS,255,BROADCAST,0,HEARTBEAT,48,HEARTBEAT,0,0,0,0,0,0,0x1001BFC0
1777183062.446,2399315,4,6,GNSS,255,BROADCAST,0,HEARTBEAT,48,HEARTBEAT,0,0,0,0,0,0,0x1001BFC0
1777183063.444,2400312,4,6,GNSS,255,BROADCAST,0,HEARTBEAT,48,HEARTBEAT,0,0,0,0,0,0,0x1001BFC0
1777183064.467,2401309,4,6,GNSS,255,BROADCAST,0,HEARTBEAT,48,HEARTBEAT,0,0,0,0,0,0,0x1001BFC0
1777183064.467,2401310,4,6,GNSS,1,CDH,10,HEALTH,1,HEALTH_0x01,0,0,0,0,1,1,0x1001804A
1777183064.467,2401311,2,6,GNSS,1,CDH,4,TELEMETRY,2,TELEMETRY_0x02,0,0,0,0,0,0,0x08018044
1777183065.481,2402307,4,6,GNSS,255,BROADCAST,0,HEARTBEAT,48,HEARTBEAT,0,0,0,0,0,0,0x1001BFC0
1777183066.436,2403304,4,6,GNSS,255,BROADCAST,0,HEARTBEAT,48,HEARTBEAT,0,0,0,0,0,0,0x1001BFC0
1777183067.433,2404302,4,6,GNSS,255,BROADCAST,0,HEARTBEAT,48,HEARTBEAT,0,0,0,0,0,0,0x1001BFC0
1777183068.446,2405299,4,6,GNSS,255,BROADCAST,0,HEARTBEAT,48,HEARTBEAT,0,0,0,0,0,0,0x1001BFC0
1777183069.428,2406296,4,6,GNSS,255,BROADCAST,0,HEARTBEAT,48,HEARTBEAT,0,0,0,0,0,0,0x1001BFC0
1777183069.429,2406297,4,6,GNSS,1,CDH,10,HEALTH,1,HEALTH_0x01,0,0,0,0,1,1,0x1001804A
1777183069.430,2406298,2,6,GNSS,1,CDH,4,TELEMETRY,2,TELEMETRY_0x02,0,0,0,0,0,0,0x08018044
1777183070.426,2407294,4,6,GNSS,255,BROADCAST,0,HEARTBEAT,48,HEARTBEAT,0,0,0,0,0,0,0x1001BFC0
1777183071.424,2408291,4,6,GNSS,255,BROADCAST,0,HEARTBEAT,48,HEARTBEAT,0,0,0,0,0,0,0x1001BFC0
1777183072.430,2409288,4,6,GNSS,255,BROADCAST,0,HEARTBEAT,48,HEARTBEAT,0,0,0,0,0,0,0x1001BFC0
1777183073.418,2410285,4,6,GNSS,255,BROADCAST,0,HEARTBEAT,48,HEARTBEAT,0,0,0,0,0,0,0x1001BFC0
1777183074.417,2411283,4,6,GNSS,255,BROADCAST,0,HEARTBEAT,48,HEARTBEAT,0,0,0,0,0,0,0x1001BFC0
1777183074.417,2411284,4,6,GNSS,1,CDH,10,HEALTH,1,HEALTH_0x01,0,0,0,0,1,1,0x1001804A
1777183074.417,2411285,2,6,GNSS,1,CDH,4,TELEMETRY,2,TELEMETRY_0x02,0,0,0,0,0,0,0x08018044
1777183075.414,2412281,4,6,GNSS,255,BROADCAST,0,HEARTBEAT,48,HEARTBEAT,0,0,0,0,0,0,0x1001BFC0
1777183076.426,2413278,4,6,GNSS,255,BROADCAST,0,HEARTBEAT,48,HEARTBEAT,0,0,0,0,0,0,0x1001BFC0
1777183077.408,2414275,4,6,GNSS,255,BROADCAST,0,HEARTBEAT,48,HEARTBEAT,0,0,0,0,0,0,0x1001BFC0
1777183078.405,2415273,4,6,GNSS,255,BROADCAST,0,HEARTBEAT,48,HEARTBEAT,0,0,0,0,0,0,0x1001BFC0
1777183079.411,2416270,4,6,GNSS,255,BROADCAST,0,HEARTBEAT,48,HEARTBEAT,0,0,0,0,0,0,0x1001BFC0
1777183079.411,2416271,4,6,GNSS,1,CDH,10,HEALTH,1,HEALTH_0x01,0,0,0,0,1,1,0x1001804A
1777183079.411,2416272,2,6,GNSS,1,CDH,4,TELEMETRY,2,TELEMETRY_0x02,0,0,0,0,0,0,0x08018044
1777183080.433,2417268,4,6,GNSS,255,BROADCAST,0,HEARTBEAT,48,HEARTBEAT,0,0,0,0,0,0,0x1001BFC0
1777183081.398,2418265,4,6,GNSS,255,BROADCAST,0,HEARTBEAT,48,HEARTBEAT,0,0,0,0,0,0,0x1001BFC0
1777183082.395,2419262,4,6,GNSS,255,BROADCAST,0,HEARTBEAT,48,HEARTBEAT,0,0,0,0,0,0,0x1001BFC0
1777183083.401,2420259,4,6,GNSS,255,BROADCAST,0,HEARTBEAT,48,HEARTBEAT,0,0,0,0,0,0,0x1001BFC0
1777183084.423,2421257,4,6,GNSS,255,BROADCAST,0,HEARTBEAT,48,HEARTBEAT,0,0,0,0,0,0,0x1001BFC0
1777183084.423,2421257,4,6,GNSS,1,CDH,10,HEALTH,1,HEALTH_0x01,0,0,0,0,1,1,0x1001804A
1777183084.423,2421259,2,6,GNSS,1,CDH,4,TELEMETRY,2,TELEMETRY_0x02,0,0,0,0,0,0,0x08018044
1777183085.389,2422255,4,6,GNSS,255,BROADCAST,0,HEARTBEAT,48,HEARTBEAT,0,0,0,0,0,0,0x1001BFC0
1777183086.385,2423252,4,6,GNSS,255,BROADCAST,0,HEARTBEAT,48,HEARTBEAT,0,0,0,0,0,0,0x1001BFC0
1777183087.396,2424249,4,6,GNSS,255,BROADCAST,0,HEARTBEAT,48,HEARTBEAT,0,0,0,0,0,0,0x1001BFC0
1777183088.419,2425246,4,6,GNSS,255,BROADCAST,0,HEARTBEAT,48,HEARTBEAT,0,0,0,0,0,0,0x1001BFC0
1777183089.378,2426243,4,6,GNSS,255,BROADCAST,0,HEARTBEAT,48,HEARTBEAT,0,0,0,0,0,0,0x1001BFC0
1777183089.378,2426244,4,6,GNSS,1,CDH,10,HEALTH,1,HEALTH_0x01,0,0,0,0,1,1,0x1001804A
1777183089.378,2426246,2,6,GNSS,1,CDH,4,TELEMETRY,2,TELEMETRY_0x02,0,0,0,0,0,0,0x08018044
1777183090.374,2427242,4,6,GNSS,255,BROADCAST,0,HEARTBEAT,48,HEARTBEAT,0,0,0,0,0,0,0x1001BFC0
1777183091.386,2428239,4,6,GNSS,255,BROADCAST,0,HEARTBEAT,48,HEARTBEAT,0,0,0,0,0,0,0x1001BFC0
1777183092.369,2429236,4,6,GNSS,255,BROADCAST,0,HEARTBEAT,48,HEARTBEAT,0,0,0,0,0,0,0x1001BFC0
1777183093.366,2430233,4,6,GNSS,255,BROADCAST,0,HEARTBEAT,48,HEARTBEAT,0,0,0,0,0,0,0x1001BFC0
1777183094.364,2431231,4,6,GNSS,255,BROADCAST,0,HEARTBEAT,48,HEARTBEAT,0,0,0,0,0,0,0x1001BFC0
1777183094.365,2431232,4,6,GNSS,1,CDH,10,HEALTH,1,HEALTH_0x01,0,0,0,0,1,1,0x1001804A
1777183094.365,2431233,2,6,GNSS,1,CDH,4,TELEMETRY,2,TELEMETRY_0x02,0,0,0,0,0,0,0x08018044
1777183095.375,2432229,4,6,GNSS,255,BROADCAST,0,HEARTBEAT,48,HEARTBEAT,0,0,0,0,0,0,0x1001BFC0
1777183096.358,2433226,4,6,GNSS,255,BROADCAST,0,HEARTBEAT,48,HEARTBEAT,0,0,0,0,0,0,0x1001BFC0
1777183097.356,2434223,4,6,GNSS,255,BROADCAST,0,HEARTBEAT,48,HEARTBEAT,0,0,0,0,0,0,0x1001BFC0
1777183098.352,2435220,4,6,GNSS,255,BROADCAST,0,HEARTBEAT,48,HEARTBEAT,0,0,0,0,0,0,0x1001BFC0
1777183099.375,2436217,4,6,GNSS,255,BROADCAST,0,HEARTBEAT,48,HEARTBEAT,0,0,0,0,0,0,0x1001BFC0
1777183099.375,2436218,4,6,GNSS,1,CDH,10,HEALTH,1,HEALTH_0x01,0,0,0,0,1,1,0x1001804A
1777183099.375,2436219,2,6,GNSS,1,CDH,4,TELEMETRY,2,TELEMETRY_0x02,0,0,0,0,0,0,0x08018044
1777183100.350,2437215,4,6,GNSS,255,BROADCAST,0,HEARTBEAT,48,HEARTBEAT,0,0,0,0,0,0,0x1001BFC0
1777183101.345,2438212,4,6,GNSS,255,BROADCAST,0,HEARTBEAT,48,HEARTBEAT,0,0,0,0,0,0,0x1001BFC0
1777183102.345,2439209,4,6,GNSS,255,BROADCAST,0,HEARTBEAT,48,HEARTBEAT,0,0,0,0,0,0,0x1001BFC0
1777183103.384,2440206,4,6,GNSS,255,BROADCAST,0,HEARTBEAT,48,HEARTBEAT,0,0,0,0,0,0,0x1001BFC0
1777183104.337,2441203,4,6,GNSS,255,BROADCAST,0,HEARTBEAT,48,HEARTBEAT,0,0,0,0,0,0,0x1001BFC0
1777183104.337,2441204,4,6,GNSS,1,CDH,10,HEALTH,1,HEALTH_0x01,0,0,0,0,1,1,0x1001804A
1777183104.338,2441206,2,6,GNSS,1,CDH,4,TELEMETRY,2,TELEMETRY_0x02,0,0,0,0,0,0,0x08018044
1777183105.334,2442202,4,6,GNSS,255,BROADCAST,0,HEARTBEAT,48,HEARTBEAT,0,0,0,0,0,0,0x1001BFC0
1777183106.342,2443198,4,6,GNSS,255,BROADCAST,0,HEARTBEAT,48,HEARTBEAT,0,0,0,0,0,0,0x1001BFC0
1777183107.365,2444196,4,6,GNSS,255,BROADCAST,0,HEARTBEAT,48,HEARTBEAT,0,0,0,0,0,0,0x1001BFC0
1777183108.326,2445193,4,6,GNSS,255,BROADCAST,0,HEARTBEAT,48,HEARTBEAT,0,0,0,0,0,0,0x1001BFC0
1777183109.323,2446190,4,6,GNSS,255,BROADCAST,0,HEARTBEAT,48,HEARTBEAT,0,0,0,0,0,0,0x1001BFC0
1777183109.325,2446191,4,6,GNSS,1,CDH,10,HEALTH,1,HEALTH_0x01,0,0,0,0,1,1,0x1001804A
1777183109.326,2446192,2,6,GNSS,1,CDH,4,TELEMETRY,2,TELEMETRY_0x02,0,0,0,0,0,0,0x08018044
1777183110.328,2447188,4,6,GNSS,255,BROADCAST,0,HEARTBEAT,48,HEARTBEAT,0,0,0,0,0,0,0x1001BFC0
1777183111.361,2448185,4,6,GNSS,255,BROADCAST,0,HEARTBEAT,48,HEARTBEAT,0,0,0,0,0,0,0x1001BFC0
1777183112.316,2449183,4,6,GNSS,255,BROADCAST,0,HEARTBEAT,48,HEARTBEAT,0,0,0,0,0,0,0x1001BFC0
1777183113.315,2450180,4,6,GNSS,255,BROADCAST,0,HEARTBEAT,48,HEARTBEAT,0,0,0,0,0,0,0x1001BFC0
1777183114.347,2451177,4,6,GNSS,255,BROADCAST,0,HEARTBEAT,48,HEARTBEAT,0,0,0,0,0,0,0x1001BFC0
1777183114.347,2451178,4,6,GNSS,1,CDH,10,HEALTH,1,HEALTH_0x01,0,0,0,0,1,1,0x1001804A
1777183114.347,2451179,2,6,GNSS,1,CDH,4,TELEMETRY,2,TELEMETRY_0x02,0,0,0,0,0,0,0x08018044
1777183115.308,2452175,4,6,GNSS,255,BROADCAST,0,HEARTBEAT,48,HEARTBEAT,0,0,0,0,0,0,0x1001BFC0
1777183116.305,2453172,4,6,GNSS,255,BROADCAST,0,HEARTBEAT,48,HEARTBEAT,0,0,0,0,0,0,0x1001BFC0
1777183117.302,2454169,4,6,GNSS,255,BROADCAST,0,HEARTBEAT,48,HEARTBEAT,0,0,0,0,0,0,0x1001BFC0
1777183118.314,2455166,4,6,GNSS,255,BROADCAST,0,HEARTBEAT,48,HEARTBEAT,0,0,0,0,0,0,0x1001BFC0
1777183119.297,2456164,4,6,GNSS,255,BROADCAST,0,HEARTBEAT,48,HEARTBEAT,0,0,0,0,0,0,0x1001BFC0
1777183119.298,2456165,4,6,GNSS,1,CDH,10,HEALTH,1,HEALTH_0x01,0,0,0,0,1,1,0x1001804A
1777183119.299,2456166,2,6,GNSS,1,CDH,4,TELEMETRY,2,TELEMETRY_0x02,0,0,0,0,0,0,0x08018044
1777183120.295,2457162,4,6,GNSS,255,BROADCAST,0,HEARTBEAT,48,HEARTBEAT,0,0,0,0,0,0,0x1001BFC0
1777183121.292,2458159,4,6,GNSS,255,BROADCAST,0,HEARTBEAT,48,HEARTBEAT,0,0,0,0,0,0,0x1001BFC0
1777183122.303,2459156,4,6,GNSS,255,BROADCAST,0,HEARTBEAT,48,HEARTBEAT,0,0,0,0,0,0,0x1001BFC0
1777183123.286,2460153,4,6,GNSS,255,BROADCAST,0,HEARTBEAT,48,HEARTBEAT,0,0,0,0,0,0,0x1001BFC0
1777183124.286,2461150,4,6,GNSS,255,BROADCAST,0,HEARTBEAT,48,HEARTBEAT,0,0,0,0,0,0,0x1001BFC0
1777183124.286,2461152,4,6,GNSS,1,CDH,10,HEALTH,1,HEALTH_0x01,0,0,0,0,1,1,0x1001804A
1777183124.286,2461153,2,6,GNSS,1,CDH,4,TELEMETRY,2,TELEMETRY_0x02,0,0,0,0,0,0,0x08018044
1777183125.287,2462149,4,6,GNSS,255,BROADCAST,0,HEARTBEAT,48,HEARTBEAT,0,0,0,0,0,0,0x1001BFC0
1777183126.308,2463146,4,6,GNSS,255,BROADCAST,0,HEARTBEAT,48,HEARTBEAT,0,0,0,0,0,0,0x1001BFC0
1777183127.276,2464143,4,6,GNSS,255,BROADCAST,0,HEARTBEAT,48,HEARTBEAT,0,0,0,0,0,0,0x1001BFC0
1777183128.273,2465140,4,6,GNSS,255,BROADCAST,0,HEARTBEAT,48,HEARTBEAT,0,0,0,0,0,0,0x1001BFC0
1777183129.279,2466137,4,6,GNSS,255,BROADCAST,0,HEARTBEAT,48,HEARTBEAT,0,0,0,0,0,0,0x1001BFC0
1777183129.279,2466139,4,6,GNSS,1,CDH,10,HEALTH,1,HEALTH_0x01,0,0,0,0,1,1,0x1001804A
1777183129.279,2466140,2,6,GNSS,1,CDH,4,TELEMETRY,2,TELEMETRY_0x02,0,0,0,0,0,0,0x08018044
1777183130.302,2467136,4,6,GNSS,255,BROADCAST,0,HEARTBEAT,48,HEARTBEAT,0,0,0,0,0,0,0x1001BFC0
1777183131.266,2468133,4,6,GNSS,255,BROADCAST,0,HEARTBEAT,48,HEARTBEAT,0,0,0,0,0,0,0x1001BFC0
1777183132.264,2469130,4,6,GNSS,255,BROADCAST,0,HEARTBEAT,48,HEARTBEAT,0,0,0,0,0,0,0x1001BFC0
1777183133.278,2470127,4,6,GNSS,255,BROADCAST,0,HEARTBEAT,48,HEARTBEAT,0,0,0,0,0,0,0x1001BFC0
1777183134.293,2471125,4,6,GNSS,255,BROADCAST,0,HEARTBEAT,48,HEARTBEAT,0,0,0,0,0,0,0x1001BFC0
1777183134.293,2471126,4,6,GNSS,1,CDH,10,HEALTH,1,HEALTH_0x01,0,0,0,0,1,1,0x1001804A
1777183134.293,2471127,2,6,GNSS,1,CDH,4,TELEMETRY,2,TELEMETRY_0x02,0,0,0,0,0,0,0x08018044
1777183135.256,2472123,4,6,GNSS,255,BROADCAST,0,HEARTBEAT,48,HEARTBEAT,0,0,0,0,0,0,0x1001BFC0
1777183136.256,2473120,4,6,GNSS,255,BROADCAST,0,HEARTBEAT,48,HEARTBEAT,0,0,0,0,0,0,0x1001BFC0
1777183137.258,2474118,4,6,GNSS,255,BROADCAST,0,HEARTBEAT,48,HEARTBEAT,0,0,0,0,0,0,0x1001BFC0
1777183138.289,2475115,4,6,GNSS,255,BROADCAST,0,HEARTBEAT,48,HEARTBEAT,0,0,0,0,0,0,0x1001BFC0
1777183139.245,2476112,4,6,GNSS,255,BROADCAST,0,HEARTBEAT,48,HEARTBEAT,0,0,0,0,0,0,0x1001BFC0
1777183139.247,2476113,4,6,GNSS,1,CDH,10,HEALTH,1,HEALTH_0x01,0,0,0,0,1,1,0x1001804A
1777183139.247,2476114,2,6,GNSS,1,CDH,4,TELEMETRY,2,TELEMETRY_0x02,0,0,0,0,0,0,0x08018044
1777183140.247,2477111,4,6,GNSS,255,BROADCAST,0,HEARTBEAT,48,HEARTBEAT,0,0,0,0,0,0,0x1001BFC0
1777183141.256,2478108,4,6,GNSS,255,BROADCAST,0,HEARTBEAT,48,HEARTBEAT,0,0,0,0,0,0,0x1001BFC0
1777183142.238,2479105,4,6,GNSS,255,BROADCAST,0,HEARTBEAT,48,HEARTBEAT,0,0,0,0,0,0,0x1001BFC0
1777183143.236,2480102,4,6,GNSS,255,BROADCAST,0,HEARTBEAT,48,HEARTBEAT,0,0,0,0,0,0,0x1001BFC0
1777183144.229,2481099,4,6,GNSS,255,BROADCAST,0,HEARTBEAT,48,HEARTBEAT,0,0,0,0,0,0,0x1001BFC0
1777183144.229,2481100,4,6,GNSS,1,CDH,10,HEALTH,1,HEALTH_0x01,0,0,0,0,1,1,0x1001804A
1777183144.235,2481102,2,6,GNSS,1,CDH,4,TELEMETRY,2,TELEMETRY_0x02,0,0,0,0,0,0,0x08018044
1777183145.244,2482098,4,6,GNSS,255,BROADCAST,0,HEARTBEAT,48,HEARTBEAT,0,0,0,0,0,0,0x1001BFC0
1777183146.228,2483095,4,6,GNSS,255,BROADCAST,0,HEARTBEAT,48,HEARTBEAT,0,0,0,0,0,0,0x1001BFC0
1777183147.227,2484092,4,6,GNSS,255,BROADCAST,0,HEARTBEAT,48,HEARTBEAT,0,0,0,0,0,0,0x1001BFC0
1777183148.225,2485089,4,6,GNSS,255,BROADCAST,0,HEARTBEAT,48,HEARTBEAT,0,0,0,0,0,0,0x1001BFC0
1777183149.244,2486087,4,6,GNSS,255,BROADCAST,0,HEARTBEAT,48,HEARTBEAT,0,0,0,0,0,0,0x1001BFC0
1777183149.244,2486088,4,6,GNSS,1,CDH,10,HEALTH,1,HEALTH_0x01,0,0,0,0,1,1,0x1001804A
1777183149.244,2486089,2,6,GNSS,1,CDH,4,TELEMETRY,2,TELEMETRY_0x02,0,0,0,0,0,0,0x08018044
1777183150.218,2487085,4,6,GNSS,255,BROADCAST,0,HEARTBEAT,48,HEARTBEAT,0,0,0,0,0,0,0x1001BFC0
1777183151.215,2488082,4,6,GNSS,255,BROADCAST,0,HEARTBEAT,48,HEARTBEAT,0,0,0,0,0,0,0x1001BFC0
1777183152.215,2489079,4,6,GNSS,255,BROADCAST,0,HEARTBEAT,48,HEARTBEAT,0,0,0,0,0,0,0x1001BFC0
1777183153.234,2490076,4,6,GNSS,255,BROADCAST,0,HEARTBEAT,48,HEARTBEAT,0,0,0,0,0,0,0x1001BFC0
1777183154.207,2491074,4,6,GNSS,255,BROADCAST,0,HEARTBEAT,48,HEARTBEAT,0,0,0,0,0,0,0x1001BFC0
1777183154.208,2491075,4,6,GNSS,1,CDH,10,HEALTH,1,HEALTH_0x01,0,0,0,0,1,1,0x1001804A
1777183154.209,2491076,2,6,GNSS,1,CDH,4,TELEMETRY,2,TELEMETRY_0x02,0,0,0,0,0,0,0x08018044
1777183155.205,2492072,4,6,GNSS,255,BROADCAST,0,HEARTBEAT,48,HEARTBEAT,0,0,0,0,0,0,0x1001BFC0
1777183156.206,2493069,4,6,GNSS,255,BROADCAST,0,HEARTBEAT,48,HEARTBEAT,0,0,0,0,0,0,0x1001BFC0
1777183157.241,2494066,4,6,GNSS,255,BROADCAST,0,HEARTBEAT,48,HEARTBEAT,0,0,0,0,0,0,0x1001BFC0
1777183158.197,2495063,4,6,GNSS,255,BROADCAST,0,HEARTBEAT,48,HEARTBEAT,0,0,0,0,0,0,0x1001BFC0
1777183159.196,2496061,4,6,GNSS,255,BROADCAST,0,HEARTBEAT,48,HEARTBEAT,0,0,0,0,0,0,0x1001BFC0
1777183159.196,2496062,4,6,GNSS,1,CDH,10,HEALTH,1,HEALTH_0x01,0,0,0,0,1,1,0x1001804A
1777183159.197,2496063,2,6,GNSS,1,CDH,4,TELEMETRY,2,TELEMETRY_0x02,0,0,0,0,0,0,0x08018044
1777183160.205,2497059,4,6,GNSS,255,BROADCAST,0,HEARTBEAT,48,HEARTBEAT,0,0,0,0,0,0,0x1001BFC0
1777183161.229,2498056,4,6,GNSS,255,BROADCAST,0,HEARTBEAT,48,HEARTBEAT,0,0,0,0,0,0,0x1001BFC0
1777183162.187,2499053,4,6,GNSS,255,BROADCAST,0,HEARTBEAT,48,HEARTBEAT,0,0,0,0,0,0,0x1001BFC0
1777183163.185,2500050,4,6,GNSS,255,BROADCAST,0,HEARTBEAT,48,HEARTBEAT,0,0,0,0,0,0,0x1001BFC0
1777183164.199,2501047,4,6,GNSS,255,BROADCAST,0,HEARTBEAT,48,HEARTBEAT,0,0,0,0,0,0,0x1001BFC0
1777183164.199,2501048,4,6,GNSS,1,CDH,10,HEALTH,1,HEALTH_0x01,0,0,0,0,1,1,0x1001804A
1777183164.199,2501050,2,6,GNSS,1,CDH,4,TELEMETRY,2,TELEMETRY_0x02,0,0,0,0,0,0,0x08018044
1777183165.220,2502046,4,6,GNSS,255,BROADCAST,0,HEARTBEAT,48,HEARTBEAT,0,0,0,0,0,0,0x1001BFC0
1777183166.176,2503043,4,6,GNSS,255,BROADCAST,0,HEARTBEAT,48,HEARTBEAT,0,0,0,0,0,0,0x1001BFC0
1777183167.174,2504040,4,6,GNSS,255,BROADCAST,0,HEARTBEAT,48,HEARTBEAT,0,0,0,0,0,0,0x1001BFC0
1777183168.189,2505037,4,6,GNSS,255,BROADCAST,0,HEARTBEAT,48,HEARTBEAT,0,0,0,0,0,0,0x1001BFC0
1777183169.168,2506035,4,6,GNSS,255,BROADCAST,0,HEARTBEAT,48,HEARTBEAT,0,0,0,0,0,0,0x1001BFC0
1777183169.169,2506036,4,6,GNSS,1,CDH,10,HEALTH,1,HEALTH_0x01,0,0,0,0,1,1,0x1001804A
1777183169.170,2506037,2,6,GNSS,1,CDH,4,TELEMETRY,2,TELEMETRY_0x02,0,0,0,0,0,0,0x08018044
1777183170.167,2507033,4,6,GNSS,255,BROADCAST,0,HEARTBEAT,48,HEARTBEAT,0,0,0,0,0,0,0x1001BFC0
1777183171.164,2508030,4,6,GNSS,255,BROADCAST,0,HEARTBEAT,48,HEARTBEAT,0,0,0,0,0,0,0x1001BFC0
1777183172.175,2509027,4,6,GNSS,255,BROADCAST,0,HEARTBEAT,48,HEARTBEAT,0,0,0,0,0,0,0x1001BFC0
1777183173.157,2510024,4,6,GNSS,255,BROADCAST,0,HEARTBEAT,48,HEARTBEAT,0,0,0,0,0,0,0x1001BFC0
1777183174.155,2511022,4,6,GNSS,255,BROADCAST,0,HEARTBEAT,48,HEARTBEAT,0,0,0,0,0,0,0x1001BFC0
1777183174.157,2511023,4,6,GNSS,1,CDH,10,HEALTH,1,HEALTH_0x01,0,0,0,0,1,1,0x1001804A
1777183174.157,2511024,2,6,GNSS,1,CDH,4,TELEMETRY,2,TELEMETRY_0x02,0,0,0,0,0,0,0x08018044
1777183175.154,2512021,4,6,GNSS,255,BROADCAST,0,HEARTBEAT,48,HEARTBEAT,0,0,0,0,0,0,0x1001BFC0
1777183176.180,2513017,4,6,GNSS,255,BROADCAST,0,HEARTBEAT,48,HEARTBEAT,0,0,0,0,0,0,0x1001BFC0
1777183177.148,2514014,4,6,GNSS,255,BROADCAST,0,HEARTBEAT,48,HEARTBEAT,0,0,0,0,0,0,0x1001BFC0
1777183178.145,2515011,4,6,GNSS,255,BROADCAST,0,HEARTBEAT,48,HEARTBEAT,0,0,0,0,0,0,0x1001BFC0
1777183179.146,2516008,4,6,GNSS,255,BROADCAST,0,HEARTBEAT,48,HEARTBEAT,0,0,0,0,0,0,0x1001BFC0
1777183179.146,2516009,4,6,GNSS,1,CDH,10,HEALTH,1,HEALTH_0x01,0,0,0,0,1,1,0x1001804A
1777183179.146,2516011,2,6,GNSS,1,CDH,4,TELEMETRY,2,TELEMETRY_0x02,0,0,0,0,0,0,0x08018044
1777183180.180,2517007,4,6,GNSS,255,BROADCAST,0,HEARTBEAT,48,HEARTBEAT,0,0,0,0,0,0,0x1001BFC0
1777183181.138,2518004,4,6,GNSS,255,BROADCAST,0,HEARTBEAT,48,HEARTBEAT,0,0,0,0,0,0,0x1001BFC0
1777183182.135,2519001,4,6,GNSS,255,BROADCAST,0,HEARTBEAT,48,HEARTBEAT,0,0,0,0,0,0,0x1001BFC0
1777183183.143,2519999,4,6,GNSS,255,BROADCAST,0,HEARTBEAT,48,HEARTBEAT,0,0,0,0,0,0,0x1001BFC0
1777183184.168,2520996,4,6,GNSS,255,BROADCAST,0,HEARTBEAT,48,HEARTBEAT,0,0,0,0,0,0,0x1001BFC0
1777183184.168,2520997,4,6,GNSS,1,CDH,10,HEALTH,1,HEALTH_0x01,0,0,0,0,1,1,0x1001804A
1777183184.168,2520998,2,6,GNSS,1,CDH,4,TELEMETRY,2,TELEMETRY_0x02,0,0,0,0,0,0,0x08018044
1777183185.128,2521994,4,6,GNSS,255,BROADCAST,0,HEARTBEAT,48,HEARTBEAT,0,0,0,0,0,0,0x1001BFC0
1777183186.126,2522991,4,6,GNSS,255,BROADCAST,0,HEARTBEAT,48,HEARTBEAT,0,0,0,0,0,0,0x1001BFC0
1777183187.125,2523989,4,6,GNSS,255,BROADCAST,0,HEARTBEAT,48,HEARTBEAT,0,0,0,0,0,0,0x1001BFC0
1777183188.159,2524986,4,6,GNSS,255,BROADCAST,0,HEARTBEAT,48,HEARTBEAT,0,0,0,0,0,0,0x1001BFC0
1777183189.118,2525983,4,6,GNSS,255,BROADCAST,0,HEARTBEAT,48,HEARTBEAT,0,0,0,0,0,0,0x1001BFC0
1777183189.118,2525984,4,6,GNSS,1,CDH,10,HEALTH,1,HEALTH_0x01,0,0,0,0,1,1,0x1001804A
1777183189.118,2525985,2,6,GNSS,1,CDH,4,TELEMETRY,2,TELEMETRY_0x02,0,0,0,0,0,0,0x08018044
1777183190.115,2526981,4,6,GNSS,255,BROADCAST,0,HEARTBEAT,48,HEARTBEAT,0,0,0,0,0,0,0x1001BFC0
1777183191.130,2527978,4,6,GNSS,255,BROADCAST,0,HEARTBEAT,48,HEARTBEAT,0,0,0,0,0,0,0x1001BFC0
1777183192.110,2528976,4,6,GNSS,255,BROADCAST,0,HEARTBEAT,48,HEARTBEAT,0,0,0,0,0,0,0x1001BFC0
1777183193.107,2529973,4,6,GNSS,255,BROADCAST,0,HEARTBEAT,48,HEARTBEAT,0,0,0,0,0,0,0x1001BFC0
1777183194.106,2530970,4,6,GNSS,255,BROADCAST,0,HEARTBEAT,48,HEARTBEAT,0,0,0,0,0,0,0x1001BFC0
1777183194.106,2530971,4,6,GNSS,1,CDH,10,HEALTH,1,HEALTH_0x01,0,0,0,0,1,1,0x1001804A
1777183194.106,2530972,2,6,GNSS,1,CDH,4,TELEMETRY,2,TELEMETRY_0x02,0,0,0,0,0,0,0x08018044
1777183195.127,2531968,4,6,GNSS,255,BROADCAST,0,HEARTBEAT,48,HEARTBEAT,0,0,0,0,0,0,0x1001BFC0
1777183196.099,2532966,4,6,GNSS,255,BROADCAST,0,HEARTBEAT,48,HEARTBEAT,0,0,0,0,0,0,0x1001BFC0
1777183197.097,2533963,4,6,GNSS,255,BROADCAST,0,HEARTBEAT,48,HEARTBEAT,0,0,0,0,0,0,0x1001BFC0
1777183198.094,2534960,4,6,GNSS,255,BROADCAST,0,HEARTBEAT,48,HEARTBEAT,0,0,0,0,0,0,0x1001BFC0
1777183199.118,2535957,4,6,GNSS,255,BROADCAST,0,HEARTBEAT,48,HEARTBEAT,0,0,0,0,0,0,0x1001BFC0
1777183199.118,2535958,4,6,GNSS,1,CDH,10,HEALTH,1,HEALTH_0x01,0,0,0,0,1,1,0x1001804A
1777183199.118,2535959,2,6,GNSS,1,CDH,4,TELEMETRY,2,TELEMETRY_0x02,0,0,0,0,0,0,0x08018044
1777183200.089,2536955,4,6,GNSS,255,BROADCAST,0,HEARTBEAT,48,HEARTBEAT,0,0,0,0,0,0,0x1001BFC0
1777183201.099,2537952,4,6,GNSS,255,BROADCAST,0,HEARTBEAT,48,HEARTBEAT,0,0,0,0,0,0,0x1001BFC0
1777183202.085,2538950,4,6,GNSS,255,BROADCAST,0,HEARTBEAT,48,HEARTBEAT,0,0,0,0,0,0,0x1001BFC0
1777183203.112,2539947,4,6,GNSS,255,BROADCAST,0,HEARTBEAT,48,HEARTBEAT,0,0,0,0,0,0,0x1001BFC0
1777183204.079,2540944,4,6,GNSS,255,BROADCAST,0,HEARTBEAT,48,HEARTBEAT,0,0,0,0,0,0,0x1001BFC0
1777183204.079,2540946,4,6,GNSS,1,CDH,10,HEALTH,1,HEALTH_0x01,0,0,0,0,1,1,0x1001804A
1777183204.081,2540947,2,6,GNSS,1,CDH,4,TELEMETRY,2,TELEMETRY_0x02,0,0,0,0,0,0,0x08018044
1777183205.080,2541942,4,6,GNSS,255,BROADCAST,0,HEARTBEAT,48,HEARTBEAT,0,0,0,0,0,0,0x1001BFC0
1777183206.078,2542939,4,6,GNSS,255,BROADCAST,0,HEARTBEAT,48,HEARTBEAT,0,0,0,0,0,0,0x1001BFC0
1777183207.092,2543936,4,6,GNSS,255,BROADCAST,0,HEARTBEAT,48,HEARTBEAT,0,0,0,0,0,0,0x1001BFC0
1777183208.069,2544934,4,6,GNSS,255,BROADCAST,0,HEARTBEAT,48,HEARTBEAT,0,0,0,0,0,0,0x1001BFC0
1777183209.073,2545931,4,6,GNSS,255,BROADCAST,0,HEARTBEAT,48,HEARTBEAT,0,0,0,0,0,0,0x1001BFC0
1777183209.073,2545932,4,6,GNSS,1,CDH,10,HEALTH,1,HEALTH_0x01,0,0,0,0,1,1,0x1001804A
1777183209.073,2545933,2,6,GNSS,1,CDH,4,TELEMETRY,2,TELEMETRY_0x02,0,0,0,0,0,0,0x08018044
1777183210.075,2546929,4,6,GNSS,255,BROADCAST,0,HEARTBEAT,48,HEARTBEAT,0,0,0,0,0,0,0x1001BFC0
1777183211.090,2547926,4,6,GNSS,255,BROADCAST,0,HEARTBEAT,48,HEARTBEAT,0,0,0,0,0,0,0x1001BFC0
1777183212.058,2548924,4,6,GNSS,255,BROADCAST,0,HEARTBEAT,48,HEARTBEAT,0,0,0,0,0,0,0x1001BFC0
1777183213.056,2549921,4,6,GNSS,255,BROADCAST,0,HEARTBEAT,48,HEARTBEAT,0,0,0,0,0,0,0x1001BFC0
1777183214.070,2550918,4,6,GNSS,255,BROADCAST,0,HEARTBEAT,48,HEARTBEAT,0,0,0,0,0,0,0x1001BFC0
1777183214.070,2550919,4,6,GNSS,1,CDH,10,HEALTH,1,HEALTH_0x01,0,0,0,0,1,1,0x1001804A
1777183214.070,2550920,2,6,GNSS,1,CDH,4,TELEMETRY,2,TELEMETRY_0x02,0,0,0,0,0,0,0x08018044
1777183215.092,2551917,4,6,GNSS,255,BROADCAST,0,HEARTBEAT,48,HEARTBEAT,0,0,0,0,0,0,0x1001BFC0
1777183216.048,2552914,4,6,GNSS,255,BROADCAST,0,HEARTBEAT,48,HEARTBEAT,0,0,0,0,0,0,0x1001BFC0
1777183217.045,2553911,4,6,GNSS,255,BROADCAST,0,HEARTBEAT,48,HEARTBEAT,0,0,0,0,0,0,0x1001BFC0
1777183218.053,2554908,4,6,GNSS,255,BROADCAST,0,HEARTBEAT,48,HEARTBEAT,0,0,0,0,0,0,0x1001BFC0
1777183219.041,2555905,4,6,GNSS,255,BROADCAST,0,HEARTBEAT,48,HEARTBEAT,0,0,0,0,0,0,0x1001BFC0
1777183219.041,2555906,4,6,GNSS,1,CDH,10,HEALTH,1,HEALTH_0x01,0,0,0,0,1,1,0x1001804A
1777183219.041,2555907,2,6,GNSS,1,CDH,4,TELEMETRY,2,TELEMETRY_0x02,0,0,0,0,0,0,0x08018044
1777183220.038,2556904,4,6,GNSS,255,BROADCAST,0,HEARTBEAT,48,HEARTBEAT,0,0,0,0,0,0,0x1001BFC0
1777183221.035,2557901,4,6,GNSS,255,BROADCAST,0,HEARTBEAT,48,HEARTBEAT,0,0,0,0,0,0,0x1001BFC0
1777183222.060,2558898,4,6,GNSS,255,BROADCAST,0,HEARTBEAT,48,HEARTBEAT,0,0,0,0,0,0,0x1001BFC0
1777183223.042,2559895,4,6,GNSS,255,BROADCAST,0,HEARTBEAT,48,HEARTBEAT,0,0,0,0,0,0,0x1001BFC0
1777183224.029,2560892,4,6,GNSS,255,BROADCAST,0,HEARTBEAT,48,HEARTBEAT,0,0,0,0,0,0,0x1001BFC0
1777183224.029,2560893,4,6,GNSS,1,CDH,10,HEALTH,1,HEALTH_0x01,0,0,0,0,1,1,0x1001804A
1777183224.029,2560894,2,6,GNSS,1,CDH,4,TELEMETRY,2,TELEMETRY_0x02,0,0,0,0,0,0,0x08018044
1777183225.025,2561891,4,6,GNSS,255,BROADCAST,0,HEARTBEAT,48,HEARTBEAT,0,0,0,0,0,0,0x1001BFC0
1777183226.046,2562888,4,6,GNSS,255,BROADCAST,0,HEARTBEAT,48,HEARTBEAT,0,0,0,0,0,0,0x1001BFC0
1777183227.019,2563885,4,6,GNSS,255,BROADCAST,0,HEARTBEAT,48,HEARTBEAT,0,0,0,0,0,0,0x1001BFC0
1777183228.016,2564882,4,6,GNSS,255,BROADCAST,0,HEARTBEAT,48,HEARTBEAT,0,0,0,0,0,0,0x1001BFC0
1777183229.016,2565879,4,6,GNSS,255,BROADCAST,0,HEARTBEAT,48,HEARTBEAT,0,0,0,0,0,0,0x1001BFC0
1777183229.016,2565880,4,6,GNSS,1,CDH,10,HEALTH,1,HEALTH_0x01,0,0,0,0,1,1,0x1001804A
1777183229.016,2565881,2,6,GNSS,1,CDH,4,TELEMETRY,2,TELEMETRY_0x02,0,0,0,0,0,0,0x08018044
1777183230.030,2566877,4,6,GNSS,255,BROADCAST,0,HEARTBEAT,48,HEARTBEAT,0,0,0,0,0,0,0x1001BFC0
1777183231.009,2567875,4,6,GNSS,255,BROADCAST,0,HEARTBEAT,48,HEARTBEAT,0,0,0,0,0,0,0x1001BFC0
1777183232.005,2568872,4,6,GNSS,255,BROADCAST,0,HEARTBEAT,48,HEARTBEAT,0,0,0,0,0,0,0x1001BFC0
1777183233.005,2569869,4,6,GNSS,255,BROADCAST,0,HEARTBEAT,48,HEARTBEAT,0,0,0,0,0,0,0x1001BFC0
1777183234.033,2570866,4,6,GNSS,255,BROADCAST,0,HEARTBEAT,48,HEARTBEAT,0,0,0,0,0,0,0x1001BFC0
1777183234.033,2570867,4,6,GNSS,1,CDH,10,HEALTH,1,HEALTH_0x01,0,0,0,0,1,1,0x1001804A
1777183234.033,2570868,2,6,GNSS,1,CDH,4,TELEMETRY,2,TELEMETRY_0x02,0,0,0,0,0,0,0x08018044
1777183234.999,2571864,4,6,GNSS,255,BROADCAST,0,HEARTBEAT,48,HEARTBEAT,0,0,0,0,0,0,0x1001BFC0
1777183235.996,2572862,4,6,GNSS,255,BROADCAST,0,HEARTBEAT,48,HEARTBEAT,0,0,0,0,0,0,0x1001BFC0
1777183237.002,2573859,4,6,GNSS,255,BROADCAST,0,HEARTBEAT,48,HEARTBEAT,0,0,0,0,0,0,0x1001BFC0
1777183238.015,2574856,4,6,GNSS,255,BROADCAST,0,HEARTBEAT,48,HEARTBEAT,0,0,0,0,0,0,0x1001BFC0
1777183238.990,2575853,4,6,GNSS,255,BROADCAST,0,HEARTBEAT,48,HEARTBEAT,0,0,0,0,0,0,0x1001BFC0
1777183238.990,2575854,4,6,GNSS,1,CDH,10,HEALTH,1,HEALTH_0x01,0,0,0,0,1,1,0x1001804A
1777183238.990,2575856,2,6,GNSS,1,CDH,4,TELEMETRY,2,TELEMETRY_0x02,0,0,0,0,0,0,0x08018044
1777183239.986,2576852,4,6,GNSS,255,BROADCAST,0,HEARTBEAT,48,HEARTBEAT,0,0,0,0,0,0,0x1001BFC0
1777183240.996,2577849,4,6,GNSS,255,BROADCAST,0,HEARTBEAT,48,HEARTBEAT,0,0,0,0,0,0,0x1001BFC0
1777183241.980,2578846,4,6,GNSS,255,BROADCAST,0,HEARTBEAT,48,HEARTBEAT,0,0,0,0,0,0,0x1001BFC0
1777183242.977,2579843,4,6,GNSS,255,BROADCAST,0,HEARTBEAT,48,HEARTBEAT,0,0,0,0,0,0,0x1001BFC0
1777183243.975,2580840,4,6,GNSS,255,BROADCAST,0,HEARTBEAT,48,HEARTBEAT,0,0,0,0,0,0,0x1001BFC0
1777183243.976,2580841,4,6,GNSS,1,CDH,10,HEALTH,1,HEALTH_0x01,0,0,0,0,1,1,0x1001804A
1777183243.977,2580843,2,6,GNSS,1,CDH,4,TELEMETRY,2,TELEMETRY_0x02,0,0,0,0,0,0,0x08018044
1777183244.995,2581839,4,6,GNSS,255,BROADCAST,0,HEARTBEAT,48,HEARTBEAT,0,0,0,0,0,0,0x1001BFC0
1777183245.970,2582836,4,6,GNSS,255,BROADCAST,0,HEARTBEAT,48,HEARTBEAT,0,0,0,0,0,0,0x1001BFC0
1777183246.968,2583833,4,6,GNSS,255,BROADCAST,0,HEARTBEAT,48,HEARTBEAT,0,0,0,0,0,0,0x1001BFC0
1777183247.965,2584831,4,6,GNSS,255,BROADCAST,0,HEARTBEAT,48,HEARTBEAT,0,0,0,0,0,0,0x1001BFC0
1777183248.980,2585828,4,6,GNSS,255,BROADCAST,0,HEARTBEAT,48,HEARTBEAT,0,0,0,0,0,0,0x1001BFC0
1777183248.980,2585829,4,6,GNSS,1,CDH,10,HEALTH,1,HEALTH_0x01,0,0,0,0,1,1,0x1001804A
1777183248.980,2585830,2,6,GNSS,1,CDH,4,TELEMETRY,2,TELEMETRY_0x02,0,0,0,0,0,0,0x08018044
1777183249.960,2586826,4,6,GNSS,255,BROADCAST,0,HEARTBEAT,48,HEARTBEAT,0,0,0,0,0,0,0x1001BFC0
1777183250.958,2587823,4,6,GNSS,255,BROADCAST,0,HEARTBEAT,48,HEARTBEAT,0,0,0,0,0,0,0x1001BFC0
1777183251.955,2588820,4,6,GNSS,255,BROADCAST,0,HEARTBEAT,48,HEARTBEAT,0,0,0,0,0,0,0x1001BFC0
1777183252.980,2589817,4,6,GNSS,255,BROADCAST,0,HEARTBEAT,48,HEARTBEAT,0,0,0,0,0,0,0x1001BFC0
1777183253.950,2590815,4,6,GNSS,255,BROADCAST,0,HEARTBEAT,48,HEARTBEAT,0,0,0,0,0,0,0x1001BFC0
1777183253.951,2590816,4,6,GNSS,1,CDH,10,HEALTH,1,HEALTH_0x01,0,0,0,0,1,1,0x1001804A
1777183253.951,2590817,2,6,GNSS,1,CDH,4,TELEMETRY,2,TELEMETRY_0x02,0,0,0,0,0,0,0x08018044
1777183254.948,2591813,4,6,GNSS,255,BROADCAST,0,HEARTBEAT,48,HEARTBEAT,0,0,0,0,0,0,0x1001BFC0
1777183255.974,2592811,4,6,GNSS,255,BROADCAST,0,HEARTBEAT,48,HEARTBEAT,0,0,0,0,0,0,0x1001BFC0
1777183256.973,2593808,4,6,GNSS,255,BROADCAST,0,HEARTBEAT,48,HEARTBEAT,0,0,0,0,0,0,0x1001BFC0
1777183257.940,2594805,4,6,GNSS,255,BROADCAST,0,HEARTBEAT,48,HEARTBEAT,0,0,0,0,0,0,0x1001BFC0
1777183258.937,2595802,4,6,GNSS,255,BROADCAST,0,HEARTBEAT,48,HEARTBEAT,0,0,0,0,0,0,0x1001BFC0
1777183258.938,2595803,4,6,GNSS,1,CDH,10,HEALTH,1,HEALTH_0x01,0,0,0,0,1,1,0x1001804A
1777183258.938,2595804,2,6,GNSS,1,CDH,4,TELEMETRY,2,TELEMETRY_0x02,0,0,0,0,0,0,0x08018044
1777183259.943,2596801,4,6,GNSS,255,BROADCAST,0,HEARTBEAT,48,HEARTBEAT,0,0,0,0,0,0,0x1001BFC0
1777183260.959,2597798,4,6,GNSS,255,BROADCAST,0,HEARTBEAT,48,HEARTBEAT,0,0,0,0,0,0,0x1001BFC0
1777183261.930,2598795,4,6,GNSS,255,BROADCAST,0,HEARTBEAT,48,HEARTBEAT,0,0,0,0,0,0,0x1001BFC0
1777183262.926,2599792,4,6,GNSS,255,BROADCAST,0,HEARTBEAT,48,HEARTBEAT,0,0,0,0,0,0,0x1001BFC0
1777183263.937,2600789,4,6,GNSS,255,BROADCAST,0,HEARTBEAT,48,HEARTBEAT,0,0,0,0,0,0,0x1001BFC0
1777183263.937,2600790,4,6,GNSS,1,CDH,10,HEALTH,1,HEALTH_0x01,0,0,0,0,1,1,0x1001804A
1777183263.937,2600792,2,6,GNSS,1,CDH,4,TELEMETRY,2,TELEMETRY_0x02,0,0,0,0,0,0,0x08018044
1777183264.957,2601788,4,6,GNSS,255,BROADCAST,0,HEARTBEAT,48,HEARTBEAT,0,0,0,0,0,0,0x1001BFC0
1777183265.920,2602785,4,6,GNSS,255,BROADCAST,0,HEARTBEAT,48,HEARTBEAT,0,0,0,0,0,0,0x1001BFC0
1777183266.917,2603782,4,6,GNSS,255,BROADCAST,0,HEARTBEAT,48,HEARTBEAT,0,0,0,0,0,0,0x1001BFC0
1777183267.925,2604779,4,6,GNSS,255,BROADCAST,0,HEARTBEAT,48,HEARTBEAT,0,0,0,0,0,0,0x1001BFC0
1777183268.911,2605776,4,6,GNSS,255,BROADCAST,0,HEARTBEAT,48,HEARTBEAT,0,0,0,0,0,0,0x1001BFC0
1777183268.912,2605777,4,6,GNSS,1,CDH,10,HEALTH,1,HEALTH_0x01,0,0,0,0,1,1,0x1001804A
1777183268.957,2605779,2,6,GNSS,1,CDH,4,TELEMETRY,2,TELEMETRY_0x02,0,0,0,0,0,0,0x08018044
1777183269.910,2606775,4,6,GNSS,255,BROADCAST,0,HEARTBEAT,48,HEARTBEAT,0,0,0,0,0,0,0x1001BFC0
1777183270.907,2607772,4,6,GNSS,255,BROADCAST,0,HEARTBEAT,48,HEARTBEAT,0,0,0,0,0,0,0x1001BFC0
1777183271.926,2608769,4,6,GNSS,255,BROADCAST,0,HEARTBEAT,48,HEARTBEAT,0,0,0,0,0,0,0x1001BFC0
1777183272.900,2609766,4,6,GNSS,255,BROADCAST,0,HEARTBEAT,48,HEARTBEAT,0,0,0,0,0,0,0x1001BFC0
1777183273.899,2610763,4,6,GNSS,255,BROADCAST,0,HEARTBEAT,48,HEARTBEAT,0,0,0,0,0,0,0x1001BFC0
1777183273.900,2610764,4,6,GNSS,1,CDH,10,HEALTH,1,HEALTH_0x01,0,0,0,0,1,1,0x1001804A
1777183273.900,2610765,2,6,GNSS,1,CDH,4,TELEMETRY,2,TELEMETRY_0x02,0,0,0,0,0,0,0x08018044
1777183274.896,2611761,4,6,GNSS,255,BROADCAST,0,HEARTBEAT,48,HEARTBEAT,0,0,0,0,0,0,0x1001BFC0
1777183275.918,2612758,4,6,GNSS,255,BROADCAST,0,HEARTBEAT,48,HEARTBEAT,0,0,0,0,0,0,0x1001BFC0
1777183276.890,2613755,4,6,GNSS,255,BROADCAST,0,HEARTBEAT,48,HEARTBEAT,0,0,0,0,0,0,0x1001BFC0
1777183277.887,2614752,4,6,GNSS,255,BROADCAST,0,HEARTBEAT,48,HEARTBEAT,0,0,0,0,0,0,0x1001BFC0
1777183278.887,2615749,4,6,GNSS,255,BROADCAST,0,HEARTBEAT,48,HEARTBEAT,0,0,0,0,0,0,0x1001BFC0
1777183278.887,2615750,4,6,GNSS,1,CDH,10,HEALTH,1,HEALTH_0x01,0,0,0,0,1,1,0x1001804A
1777183278.887,2615752,2,6,GNSS,1,CDH,4,TELEMETRY,2,TELEMETRY_0x02,0,0,0,0,0,0,0x08018044
1777183279.914,2616748,4,6,GNSS,255,BROADCAST,0,HEARTBEAT,48,HEARTBEAT,0,0,0,0,0,0,0x1001BFC0
1777183280.880,2617745,4,6,GNSS,255,BROADCAST,0,HEARTBEAT,48,HEARTBEAT,0,0,0,0,0,0,0x1001BFC0
1777183281.877,2618742,4,6,GNSS,255,BROADCAST,0,HEARTBEAT,48,HEARTBEAT,0,0,0,0,0,0,0x1001BFC0
1777183282.882,2619739,4,6,GNSS,255,BROADCAST,0,HEARTBEAT,48,HEARTBEAT,0,0,0,0,0,0,0x1001BFC0
1777183283.900,2620736,4,6,GNSS,255,BROADCAST,0,HEARTBEAT,48,HEARTBEAT,0,0,0,0,0,0,0x1001BFC0
1777183283.900,2620737,4,6,GNSS,1,CDH,10,HEALTH,1,HEALTH_0x01,0,0,0,0,1,1,0x1001804A
1777183283.900,2620739,2,6,GNSS,1,CDH,4,TELEMETRY,2,TELEMETRY_0x02,0,0,0,0,0,0,0x08018044
1777183284.869,2621735,4,6,GNSS,255,BROADCAST,0,HEARTBEAT,48,HEARTBEAT,0,0,0,0,0,0,0x1001BFC0
1777183285.867,2622732,4,6,GNSS,255,BROADCAST,0,HEARTBEAT,48,HEARTBEAT,0,0,0,0,0,0,0x1001BFC0
1777183286.868,2623729,4,6,GNSS,255,BROADCAST,0,HEARTBEAT,48,HEARTBEAT,0,0,0,0,0,0,0x1001BFC0
1777183287.895,2624726,4,6,GNSS,255,BROADCAST,0,HEARTBEAT,48,HEARTBEAT,0,0,0,0,0,0,0x1001BFC0
1777183288.858,2625723,4,6,GNSS,255,BROADCAST,0,HEARTBEAT,48,HEARTBEAT,0,0,0,0,0,0,0x1001BFC0
1777183288.859,2625724,4,6,GNSS,1,CDH,10,HEALTH,1,HEALTH_0x01,0,0,0,0,1,1,0x1001804A
1777183288.860,2625725,2,6,GNSS,1,CDH,4,TELEMETRY,2,TELEMETRY_0x02,0,0,0,0,0,0,0x08018044
1777183289.859,2626722,4,6,GNSS,255,BROADCAST,0,HEARTBEAT,48,HEARTBEAT,0,0,0,0,0,0,0x1001BFC0
1777183290.866,2627719,4,6,GNSS,255,BROADCAST,0,HEARTBEAT,48,HEARTBEAT,0,0,0,0,0,0,0x1001BFC0
1777183291.851,2628716,4,6,GNSS,255,BROADCAST,0,HEARTBEAT,48,HEARTBEAT,0,0,0,0,0,0,0x1001BFC0
1777183292.848,2629713,4,6,GNSS,255,BROADCAST,0,HEARTBEAT,48,HEARTBEAT,0,0,0,0,0,0,0x1001BFC0
1777183293.846,2630710,4,6,GNSS,255,BROADCAST,0,HEARTBEAT,48,HEARTBEAT,0,0,0,0,0,0,0x1001BFC0
1777183293.846,2630711,4,6,GNSS,1,CDH,10,HEALTH,1,HEALTH_0x01,0,0,0,0,1,1,0x1001804A
1777183293.847,2630712,2,6,GNSS,1,CDH,4,TELEMETRY,2,TELEMETRY_0x02,0,0,0,0,0,0,0x08018044
1777183294.864,2631708,4,6,GNSS,255,BROADCAST,0,HEARTBEAT,48,HEARTBEAT,0,0,0,0,0,0,0x1001BFC0
1777183295.841,2632706,4,6,GNSS,255,BROADCAST,0,HEARTBEAT,48,HEARTBEAT,0,0,0,0,0,0,0x1001BFC0
1777183296.838,2633703,4,6,GNSS,255,BROADCAST,0,HEARTBEAT,48,HEARTBEAT,0,0,0,0,0,0,0x1001BFC0
1777183297.834,2634700,4,6,GNSS,255,BROADCAST,0,HEARTBEAT,48,HEARTBEAT,0,0,0,0,0,0,0x1001BFC0
1777183298.857,2635697,4,6,GNSS,255,BROADCAST,0,HEARTBEAT,48,HEARTBEAT,0,0,0,0,0,0,0x1001BFC0
1777183298.857,2635698,4,6,GNSS,1,CDH,10,HEALTH,1,HEALTH_0x01,0,0,0,0,1,1,0x1001804A
1777183298.857,2635699,2,6,GNSS,1,CDH,4,TELEMETRY,2,TELEMETRY_0x02,0,0,0,0,0,0,0x08018044
1777183299.830,2636695,4,6,GNSS,255,BROADCAST,0,HEARTBEAT,48,HEARTBEAT,0,0,0,0,0,0,0x1001BFC0
1777183300.827,2637692,4,6,GNSS,255,BROADCAST,0,HEARTBEAT,48,HEARTBEAT,0,0,0,0,0,0,0x1001BFC0
1777183301.824,2638689,4,6,GNSS,255,BROADCAST,0,HEARTBEAT,48,HEARTBEAT,0,0,0,0,0,0,0x1001BFC0
1777183302.845,2639686,4,6,GNSS,255,BROADCAST,0,HEARTBEAT,48,HEARTBEAT,0,0,0,0,0,0,0x1001BFC0
1777183303.819,2640683,4,6,GNSS,255,BROADCAST,0,HEARTBEAT,48,HEARTBEAT,0,0,0,0,0,0,0x1001BFC0
1777183303.820,2640684,4,6,GNSS,1,CDH,10,HEALTH,1,HEALTH_0x01,0,0,0,0,1,1,0x1001804A
1777183303.820,2640685,2,6,GNSS,1,CDH,4,TELEMETRY,2,TELEMETRY_0x02,0,0,0,0,0,0,0x08018044
1777183304.817,2641681,4,6,GNSS,255,BROADCAST,0,HEARTBEAT,48,HEARTBEAT,0,0,0,0,0,0,0x1001BFC0
1777183305.821,2642679,4,6,GNSS,255,BROADCAST,0,HEARTBEAT,48,HEARTBEAT,0,0,0,0,0,0,0x1001BFC0
1777183306.842,2643676,4,6,GNSS,255,BROADCAST,0,HEARTBEAT,48,HEARTBEAT,0,0,0,0,0,0,0x1001BFC0
1777183307.808,2644673,4,6,GNSS,255,BROADCAST,0,HEARTBEAT,48,HEARTBEAT,0,0,0,0,0,0,0x1001BFC0
1777183308.807,2645670,4,6,GNSS,255,BROADCAST,0,HEARTBEAT,48,HEARTBEAT,0,0,0,0,0,0,0x1001BFC0
1777183308.807,2645671,4,6,GNSS,1,CDH,10,HEALTH,1,HEALTH_0x01,0,0,0,0,1,1,0x1001804A
1777183308.807,2645672,2,6,GNSS,1,CDH,4,TELEMETRY,2,TELEMETRY_0x02,0,0,0,0,0,0,0x08018044
1777183309.808,2646668,4,6,GNSS,255,BROADCAST,0,HEARTBEAT,48,HEARTBEAT,0,0,0,0,0,0,0x1001BFC0
1777183310.839,2647665,4,6,GNSS,255,BROADCAST,0,HEARTBEAT,48,HEARTBEAT,0,0,0,0,0,0,0x1001BFC0
1777183311.797,2648662,4,6,GNSS,255,BROADCAST,0,HEARTBEAT,48,HEARTBEAT,0,0,0,0,0,0,0x1001BFC0
1777183312.795,2649659,4,6,GNSS,255,BROADCAST,0,HEARTBEAT,48,HEARTBEAT,0,0,0,0,0,0,0x1001BFC0
1777183313.808,2650657,4,6,GNSS,255,BROADCAST,0,HEARTBEAT,48,HEARTBEAT,0,0,0,0,0,0,0x1001BFC0
1777183313.808,2650658,4,6,GNSS,1,CDH,10,HEALTH,1,HEALTH_0x01,0,0,0,0,1,1,0x1001804A
1777183313.808,2650659,2,6,GNSS,1,CDH,4,TELEMETRY,2,TELEMETRY_0x02,0,0,0,0,0,0,0x08018044
1777183314.826,2651655,4,6,GNSS,255,BROADCAST,0,HEARTBEAT,48,HEARTBEAT,0,0,0,0,0,0,0x1001BFC0
1777183315.787,2652652,4,6,GNSS,255,BROADCAST,0,HEARTBEAT,48,HEARTBEAT,0,0,0,0,0,0,0x1001BFC0
1777183316.784,2653649,4,6,GNSS,255,BROADCAST,0,HEARTBEAT,48,HEARTBEAT,0,0,0,0,0,0,0x1001BFC0
1777183317.804,2654646,4,6,GNSS,255,BROADCAST,0,HEARTBEAT,48,HEARTBEAT,0,0,0,0,0,0,0x1001BFC0
1777183318.779,2655643,4,6,GNSS,255,BROADCAST,0,HEARTBEAT,48,HEARTBEAT,0,0,0,0,0,0,0x1001BFC0
1777183318.780,2655644,4,6,GNSS,1,CDH,10,HEALTH,1,HEALTH_0x01,0,0,0,0,1,1,0x1001804A
1777183318.781,2655646,2,6,GNSS,1,CDH,4,TELEMETRY,2,TELEMETRY_0x02,0,0,0,0,0,0,0x08018044
1777183319.777,2656642,4,6,GNSS,255,BROADCAST,0,HEARTBEAT,48,HEARTBEAT,0,0,0,0,0,0,0x1001BFC0
1777183320.774,2657639,4,6,GNSS,255,BROADCAST,0,HEARTBEAT,48,HEARTBEAT,0,0,0,0,0,0,0x1001BFC0
1777183321.796,2658636,4,6,GNSS,255,BROADCAST,0,HEARTBEAT,48,HEARTBEAT,0,0,0,0,0,0,0x1001BFC0
1777183322.769,2659633,4,6,GNSS,255,BROADCAST,0,HEARTBEAT,48,HEARTBEAT,0,0,0,0,0,0,0x1001BFC0
1777183323.766,2660630,4,6,GNSS,255,BROADCAST,0,HEARTBEAT,48,HEARTBEAT,0,0,0,0,0,0,0x1001BFC0
1777183323.768,2660631,4,6,GNSS,1,CDH,10,HEALTH,1,HEALTH_0x01,0,0,0,0,1,1,0x1001804A
1777183323.768,2660633,2,6,GNSS,1,CDH,4,TELEMETRY,2,TELEMETRY_0x02,0,0,0,0,0,0,0x08018044
1777183324.764,2661629,4,6,GNSS,255,BROADCAST,0,HEARTBEAT,48,HEARTBEAT,0,0,0,0,0,0,0x1001BFC0
1777183325.782,2662626,4,6,GNSS,255,BROADCAST,0,HEARTBEAT,48,HEARTBEAT,0,0,0,0,0,0,0x1001BFC0
1777183326.758,2663623,4,6,GNSS,255,BROADCAST,0,HEARTBEAT,48,HEARTBEAT,0,0,0,0,0,0,0x1001BFC0
1777183327.755,2664620,4,6,GNSS,255,BROADCAST,0,HEARTBEAT,48,HEARTBEAT,0,0,0,0,0,0,0x1001BFC0
1777183328.768,2665617,4,6,GNSS,255,BROADCAST,0,HEARTBEAT,48,HEARTBEAT,0,0,0,0,0,0,0x1001BFC0
1777183328.768,2665618,4,6,GNSS,1,CDH,10,HEALTH,1,HEALTH_0x01,0,0,0,0,1,1,0x1001804A
1777183328.768,2665620,2,6,GNSS,1,CDH,4,TELEMETRY,2,TELEMETRY_0x02,0,0,0,0,0,0,0x08018044
1777183329.785,2666616,4,6,GNSS,255,BROADCAST,0,HEARTBEAT,48,HEARTBEAT,0,0,0,0,0,0,0x1001BFC0
1777183330.749,2667613,4,6,GNSS,255,BROADCAST,0,HEARTBEAT,48,HEARTBEAT,0,0,0,0,0,0,0x1001BFC0
1777183331.746,2668610,4,6,GNSS,255,BROADCAST,0,HEARTBEAT,48,HEARTBEAT,0,0,0,0,0,0,0x1001BFC0
1777183332.752,2669607,4,6,GNSS,255,BROADCAST,0,HEARTBEAT,48,HEARTBEAT,0,0,0,0,0,0,0x1001BFC0
1777183333.772,2670604,4,6,GNSS,255,BROADCAST,0,HEARTBEAT,48,HEARTBEAT,0,0,0,0,0,0,0x1001BFC0
1777183333.772,2670605,4,6,GNSS,1,CDH,10,HEALTH,1,HEALTH_0x01,0,0,0,0,1,1,0x1001804A
1777183333.772,2670607,2,6,GNSS,1,CDH,4,TELEMETRY,2,TELEMETRY_0x02,0,0,0,0,0,0,0x08018044
1777183334.738,2671603,4,6,GNSS,255,BROADCAST,0,HEARTBEAT,48,HEARTBEAT,0,0,0,0,0,0,0x1001BFC0
1777183335.738,2672600,4,6,GNSS,255,BROADCAST,0,HEARTBEAT,48,HEARTBEAT,0,0,0,0,0,0,0x1001BFC0
1777183336.746,2673597,4,6,GNSS,255,BROADCAST,0,HEARTBEAT,48,HEARTBEAT,0,0,0,0,0,0,0x1001BFC0
1777183337.766,2674594,4,6,GNSS,255,BROADCAST,0,HEARTBEAT,48,HEARTBEAT,0,0,0,0,0,0,0x1001BFC0
1777183338.727,2675592,4,6,GNSS,255,BROADCAST,0,HEARTBEAT,48,HEARTBEAT,0,0,0,0,0,0,0x1001BFC0
1777183338.728,2675593,4,6,GNSS,1,CDH,10,HEALTH,1,HEALTH_0x01,0,0,0,0,1,1,0x1001804A
1777183338.729,2675594,2,6,GNSS,1,CDH,4,TELEMETRY,2,TELEMETRY_0x02,0,0,0,0,0,0,0x08018044
1777183339.725,2676590,4,6,GNSS,255,BROADCAST,0,HEARTBEAT,48,HEARTBEAT,0,0,0,0,0,0,0x1001BFC0
1777183340.739,2677587,4,6,GNSS,255,BROADCAST,0,HEARTBEAT,48,HEARTBEAT,0,0,0,0,0,0,0x1001BFC0
1777183341.720,2678584,4,6,GNSS,255,BROADCAST,0,HEARTBEAT,48,HEARTBEAT,0,0,0,0,0,0,0x1001BFC0
1777183342.717,2679582,4,6,GNSS,255,BROADCAST,0,HEARTBEAT,48,HEARTBEAT,0,0,0,0,0,0,0x1001BFC0
1777183343.715,2680579,4,6,GNSS,255,BROADCAST,0,HEARTBEAT,48,HEARTBEAT,0,0,0,0,0,0,0x1001BFC0
1777183343.716,2680580,4,6,GNSS,1,CDH,10,HEALTH,1,HEALTH_0x01,0,0,0,0,1,1,0x1001804A
1777183343.716,2680581,2,6,GNSS,1,CDH,4,TELEMETRY,2,TELEMETRY_0x02,0,0,0,0,0,0,0x08018044
1777183344.729,2681577,4,6,GNSS,255,BROADCAST,0,HEARTBEAT,48,HEARTBEAT,0,0,0,0,0,0,0x1001BFC0
1777183345.711,2682574,4,6,GNSS,255,BROADCAST,0,HEARTBEAT,48,HEARTBEAT,0,0,0,0,0,0,0x1001BFC0
1777183346.708,2683571,4,6,GNSS,255,BROADCAST,0,HEARTBEAT,48,HEARTBEAT,0,0,0,0,0,0,0x1001BFC0
1777183347.704,2684569,4,6,GNSS,255,BROADCAST,0,HEARTBEAT,48,HEARTBEAT,0,0,0,0,0,0,0x1001BFC0
1777183348.728,2685566,4,6,GNSS,255,BROADCAST,0,HEARTBEAT,48,HEARTBEAT,0,0,0,0,0,0,0x1001BFC0
1777183348.728,2685567,4,6,GNSS,1,CDH,10,HEALTH,1,HEALTH_0x01,0,0,0,0,1,1,0x1001804A
1777183348.731,2685568,2,6,GNSS,1,CDH,4,TELEMETRY,2,TELEMETRY_0x02,0,0,0,0,0,0,0x08018044
1777183349.700,2686564,4,6,GNSS,255,BROADCAST,0,HEARTBEAT,48,HEARTBEAT,0,0,0,0,0,0,0x1001BFC0
1777183350.697,2687561,4,6,GNSS,255,BROADCAST,0,HEARTBEAT,48,HEARTBEAT,0,0,0,0,0,0,0x1001BFC0
1777183351.695,2688558,4,6,GNSS,255,BROADCAST,0,HEARTBEAT,48,HEARTBEAT,0,0,0,0,0,0,0x1001BFC0
1777183352.713,2689555,4,6,GNSS,255,BROADCAST,0,HEARTBEAT,48,HEARTBEAT,0,0,0,0,0,0,0x1001BFC0
1777183353.689,2690552,4,6,GNSS,255,BROADCAST,0,HEARTBEAT,48,HEARTBEAT,0,0,0,0,0,0,0x1001BFC0
1777183353.690,2690553,4,6,GNSS,1,CDH,10,HEALTH,1,HEALTH_0x01,0,0,0,0,1,1,0x1001804A
1777183353.690,2690555,2,6,GNSS,1,CDH,4,TELEMETRY,2,TELEMETRY_0x02,0,0,0,0,0,0,0x08018044
1777183354.688,2691551,4,6,GNSS,255,BROADCAST,0,HEARTBEAT,48,HEARTBEAT,0,0,0,0,0,0,0x1001BFC0
1777183355.693,2692548,4,6,GNSS,255,BROADCAST,0,HEARTBEAT,48,HEARTBEAT,0,0,0,0,0,0,0x1001BFC0
1777183356.716,2693545,4,6,GNSS,255,BROADCAST,0,HEARTBEAT,48,HEARTBEAT,0,0,0,0,0,0,0x1001BFC0
1777183357.678,2694542,4,6,GNSS,255,BROADCAST,0,HEARTBEAT,48,HEARTBEAT,0,0,0,0,0,0,0x1001BFC0
1777183358.676,2695539,4,6,GNSS,255,BROADCAST,0,HEARTBEAT,48,HEARTBEAT,0,0,0,0,0,0,0x1001BFC0
1777183358.678,2695540,4,6,GNSS,1,CDH,10,HEALTH,1,HEALTH_0x01,0,0,0,0,1,1,0x1001804A
1777183358.679,2695542,2,6,GNSS,1,CDH,4,TELEMETRY,2,TELEMETRY_0x02,0,0,0,0,0,0,0x08018044
1777183359.686,2696538,4,6,GNSS,255,BROADCAST,0,HEARTBEAT,48,HEARTBEAT,0,0,0,0,0,0,0x1001BFC0
1777183360.707,2697535,4,6,GNSS,255,BROADCAST,0,HEARTBEAT,48,HEARTBEAT,0,0,0,0,0,0,0x1001BFC0
1777183361.668,2698532,4,6,GNSS,255,BROADCAST,0,HEARTBEAT,48,HEARTBEAT,0,0,0,0,0,0,0x1001BFC0
1777183362.666,2699529,4,6,GNSS,255,BROADCAST,0,HEARTBEAT,48,HEARTBEAT,0,0,0,0,0,0,0x1001BFC0
1777183363.680,2700526,4,6,GNSS,255,BROADCAST,0,HEARTBEAT,48,HEARTBEAT,0,0,0,0,0,0,0x1001BFC0
1777183363.680,2700527,4,6,GNSS,1,CDH,10,HEALTH,1,HEALTH_0x01,0,0,0,0,1,1,0x1001804A
1777183363.680,2700529,2,6,GNSS,1,CDH,4,TELEMETRY,2,TELEMETRY_0x02,0,0,0,0,0,0,0x08018044
1777183364.696,2701525,4,6,GNSS,255,BROADCAST,0,HEARTBEAT,48,HEARTBEAT,0,0,0,0,0,0,0x1001BFC0
1777183365.658,2702522,4,6,GNSS,255,BROADCAST,0,HEARTBEAT,48,HEARTBEAT,0,0,0,0,0,0,0x1001BFC0
1777183366.655,2703519,4,6,GNSS,255,BROADCAST,0,HEARTBEAT,48,HEARTBEAT,0,0,0,0,0,0,0x1001BFC0
1777183367.674,2704517,4,6,GNSS,255,BROADCAST,0,HEARTBEAT,48,HEARTBEAT,0,0,0,0,0,0,0x1001BFC0
1777183368.650,2705514,4,6,GNSS,255,BROADCAST,0,HEARTBEAT,48,HEARTBEAT,0,0,0,0,0,0,0x1001BFC0
1777183368.697,2705515,4,6,GNSS,1,CDH,10,HEALTH,1,HEALTH_0x01,0,0,0,0,1,1,0x1001804A
1777183368.697,2705516,2,6,GNSS,1,CDH,4,TELEMETRY,2,TELEMETRY_0x02,0,0,0,0,0,0,0x08018044
1777183369.648,2706512,4,6,GNSS,255,BROADCAST,0,HEARTBEAT,48,HEARTBEAT,0,0,0,0,0,0,0x1001BFC0
1777183370.645,2707509,4,6,GNSS,255,BROADCAST,0,HEARTBEAT,48,HEARTBEAT,0,0,0,0,0,0,0x1001BFC0
1777183371.666,2708506,4,6,GNSS,255,BROADCAST,0,HEARTBEAT,48,HEARTBEAT,0,0,0,0,0,0,0x1001BFC0
1777183372.639,2709503,4,6,GNSS,255,BROADCAST,0,HEARTBEAT,48,HEARTBEAT,0,0,0,0,0,0,0x1001BFC0
1777183373.636,2710500,4,6,GNSS,255,BROADCAST,0,HEARTBEAT,48,HEARTBEAT,0,0,0,0,0,0,0x1001BFC0
1777183373.638,2710501,4,6,GNSS,1,CDH,10,HEALTH,1,HEALTH_0x01,0,0,0,0,1,1,0x1001804A
1777183373.638,2710502,2,6,GNSS,1,CDH,4,TELEMETRY,2,TELEMETRY_0x02,0,0,0,0,0,0,0x08018044
1777183374.637,2711499,4,6,GNSS,255,BROADCAST,0,HEARTBEAT,48,HEARTBEAT,0,0,0,0,0,0,0x1001BFC0
1777183375.659,2712496,4,6,GNSS,255,BROADCAST,0,HEARTBEAT,48,HEARTBEAT,0,0,0,0,0,0,0x1001BFC0
1777183376.629,2713493,4,6,GNSS,255,BROADCAST,0,HEARTBEAT,48,HEARTBEAT,0,0,0,0,0,0,0x1001BFC0
1777183377.626,2714490,4,6,GNSS,255,BROADCAST,0,HEARTBEAT,48,HEARTBEAT,0,0,0,0,0,0,0x1001BFC0
1777183378.635,2715487,4,6,GNSS,255,BROADCAST,0,HEARTBEAT,48,HEARTBEAT,0,0,0,0,0,0,0x1001BFC0
1777183378.635,2715488,4,6,GNSS,1,CDH,10,HEALTH,1,HEALTH_0x01,0,0,0,0,1,1,0x1001804A
1777183378.635,2715489,2,6,GNSS,1,CDH,4,TELEMETRY,2,TELEMETRY_0x02,0,0,0,0,0,0,0x08018044
1777183379.650,2716485,4,6,GNSS,255,BROADCAST,0,HEARTBEAT,48,HEARTBEAT,0,0,0,0,0,0,0x1001BFC0
1777183380.619,2717482,4,6,GNSS,255,BROADCAST,0,HEARTBEAT,48,HEARTBEAT,0,0,0,0,0,0,0x1001BFC0
1777183381.616,2718479,4,6,GNSS,255,BROADCAST,0,HEARTBEAT,48,HEARTBEAT,0,0,0,0,0,0,0x1001BFC0
1777183382.630,2719477,4,6,GNSS,255,BROADCAST,0,HEARTBEAT,48,HEARTBEAT,0,0,0,0,0,0,0x1001BFC0
1777183383.642,2720474,4,6,GNSS,255,BROADCAST,0,HEARTBEAT,48,HEARTBEAT,0,0,0,0,0,0,0x1001BFC0
1777183383.642,2720475,4,6,GNSS,1,CDH,10,HEALTH,1,HEALTH_0x01,0,0,0,0,1,1,0x1001804A
1777183383.642,2720476,2,6,GNSS,1,CDH,4,TELEMETRY,2,TELEMETRY_0x02,0,0,0,0,0,0,0x08018044
1777183384.608,2721472,4,6,GNSS,255,BROADCAST,0,HEARTBEAT,48,HEARTBEAT,0,0,0,0,0,0,0x1001BFC0
1777183385.606,2722469,4,6,GNSS,255,BROADCAST,0,HEARTBEAT,48,HEARTBEAT,0,0,0,0,0,0,0x1001BFC0
1777183386.616,2723466,4,6,GNSS,255,BROADCAST,0,HEARTBEAT,48,HEARTBEAT,0,0,0,0,0,0,0x1001BFC0
1777183387.642,2724463,4,6,GNSS,255,BROADCAST,0,HEARTBEAT,48,HEARTBEAT,0,0,0,0,0,0,0x1001BFC0
1777183388.597,2725460,4,6,GNSS,255,BROADCAST,0,HEARTBEAT,48,HEARTBEAT,0,0,0,0,0,0,0x1001BFC0
1777183388.598,2725461,4,6,GNSS,1,CDH,10,HEALTH,1,HEALTH_0x01,0,0,0,0,1,1,0x1001804A
1777183388.599,2725463,2,6,GNSS,1,CDH,4,TELEMETRY,2,TELEMETRY_0x02,0,0,0,0,0,0,0x08018044
1777183389.601,2726459,4,6,GNSS,255,BROADCAST,0,HEARTBEAT,48,HEARTBEAT,0,0,0,0,0,0,0x1001BFC0
1777183390.609,2727456,4,6,GNSS,255,BROADCAST,0,HEARTBEAT,48,HEARTBEAT,0,0,0,0,0,0,0x1001BFC0
1777183391.589,2728453,4,6,GNSS,255,BROADCAST,0,HEARTBEAT,48,HEARTBEAT,0,0,0,0,0,0,0x1001BFC0
1777183392.588,2729450,4,6,GNSS,255,BROADCAST,0,HEARTBEAT,48,HEARTBEAT,0,0,0,0,0,0,0x1001BFC0
1777183393.584,2730447,4,6,GNSS,255,BROADCAST,0,HEARTBEAT,48,HEARTBEAT,0,0,0,0,0,0,0x1001BFC0
1777183393.585,2730448,4,6,GNSS,1,CDH,10,HEALTH,1,HEALTH_0x01,0,0,0,0,1,1,0x1001804A
1777183393.590,2730449,2,6,GNSS,1,CDH,4,TELEMETRY,2,TELEMETRY_0x02,0,0,0,0,0,0,0x08018044
1777183394.605,2731445,4,6,GNSS,255,BROADCAST,0,HEARTBEAT,48,HEARTBEAT,0,0,0,0,0,0,0x1001BFC0
1777183395.578,2732442,4,6,GNSS,255,BROADCAST,0,HEARTBEAT,48,HEARTBEAT,0,0,0,0,0,0,0x1001BFC0
1777183396.580,2733439,4,6,GNSS,255,BROADCAST,0,HEARTBEAT,48,HEARTBEAT,0,0,0,0,0,0,0x1001BFC0
1777183397.573,2734437,4,6,GNSS,255,BROADCAST,0,HEARTBEAT,48,HEARTBEAT,0,0,0,0,0,0,0x1001BFC0
1777183398.590,2735434,4,6,GNSS,255,BROADCAST,0,HEARTBEAT,48,HEARTBEAT,0,0,0,0,0,0,0x1001BFC0
1777183398.590,2735435,4,6,GNSS,1,CDH,10,HEALTH,1,HEALTH_0x01,0,0,0,0,1,1,0x1001804A
1777183398.590,2735436,2,6,GNSS,1,CDH,4,TELEMETRY,2,TELEMETRY_0x02,0,0,0,0,0,0,0x08018044
1777183399.568,2736432,4,6,GNSS,255,BROADCAST,0,HEARTBEAT,48,HEARTBEAT,0,0,0,0,0,0,0x1001BFC0
1777183400.566,2737429,4,6,GNSS,255,BROADCAST,0,HEARTBEAT,48,HEARTBEAT,0,0,0,0,0,0,0x1001BFC0
1777183401.563,2738426,4,6,GNSS,255,BROADCAST,0,HEARTBEAT,48,HEARTBEAT,0,0,0,0,0,0,0x1001BFC0
1777183402.591,2739423,4,6,GNSS,255,BROADCAST,0,HEARTBEAT,48,HEARTBEAT,0,0,0,0,0,0,0x1001BFC0
1777183403.562,2740420,4,6,GNSS,255,BROADCAST,0,HEARTBEAT,48,HEARTBEAT,0,0,0,0,0,0,0x1001BFC0
1777183403.562,2740422,4,6,GNSS,1,CDH,10,HEALTH,1,HEALTH_0x01,0,0,0,0,1,1,0x1001804A
1777183403.562,2740423,2,6,GNSS,1,CDH,4,TELEMETRY,2,TELEMETRY_0x02,0,0,0,0,0,0,0x08018044
1777183404.555,2741419,4,6,GNSS,255,BROADCAST,0,HEARTBEAT,48,HEARTBEAT,0,0,0,0,0,0,0x1001BFC0
1777183405.559,2742416,4,6,GNSS,255,BROADCAST,0,HEARTBEAT,48,HEARTBEAT,0,0,0,0,0,0,0x1001BFC0
1777183406.588,2743413,4,6,GNSS,255,BROADCAST,0,HEARTBEAT,48,HEARTBEAT,0,0,0,0,0,0,0x1001BFC0
1777183407.546,2744410,4,6,GNSS,255,BROADCAST,0,HEARTBEAT,48,HEARTBEAT,0,0,0,0,0,0,0x1001BFC0
1777183408.544,2745406,4,6,GNSS,255,BROADCAST,0,HEARTBEAT,48,HEARTBEAT,0,0,0,0,0,0,0x1001BFC0
1777183408.545,2745407,4,6,GNSS,1,CDH,10,HEALTH,1,HEALTH_0x01,0,0,0,0,1,1,0x1001804A
1777183408.545,2745409,2,6,GNSS,1,CDH,4,TELEMETRY,2,TELEMETRY_0x02,0,0,0,0,0,0,0x08018044
1777183409.556,2746405,4,6,GNSS,255,BROADCAST,0,HEARTBEAT,48,HEARTBEAT,0,0,0,0,0,0,0x1001BFC0
1777183410.582,2747402,4,6,GNSS,255,BROADCAST,0,HEARTBEAT,48,HEARTBEAT,0,0,0,0,0,0,0x1001BFC0
1777183411.536,2748399,4,6,GNSS,255,BROADCAST,0,HEARTBEAT,48,HEARTBEAT,0,0,0,0,0,0,0x1001BFC0
1777183412.533,2749396,4,6,GNSS,255,BROADCAST,0,HEARTBEAT,48,HEARTBEAT,0,0,0,0,0,0,0x1001BFC0
1777183413.548,2750393,4,6,GNSS,255,BROADCAST,0,HEARTBEAT,48,HEARTBEAT,0,0,0,0,0,0,0x1001BFC0
1777183413.548,2750394,4,6,GNSS,1,CDH,10,HEALTH,1,HEALTH_0x01,0,0,0,0,1,1,0x1001804A
1777183413.548,2750395,2,6,GNSS,1,CDH,4,TELEMETRY,2,TELEMETRY_0x02,0,0,0,0,0,0,0x08018044
1777183414.528,2751391,4,6,GNSS,255,BROADCAST,0,HEARTBEAT,48,HEARTBEAT,0,0,0,0,0,0,0x1001BFC0
1777183415.525,2752388,4,6,GNSS,255,BROADCAST,0,HEARTBEAT,48,HEARTBEAT,0,0,0,0,0,0,0x1001BFC0
1777183416.522,2753386,4,6,GNSS,255,BROADCAST,0,HEARTBEAT,48,HEARTBEAT,0,0,0,0,0,0,0x1001BFC0
1777183417.542,2754383,4,6,GNSS,255,BROADCAST,0,HEARTBEAT,48,HEARTBEAT,0,0,0,0,0,0,0x1001BFC0
1777183418.518,2755380,4,6,GNSS,255,BROADCAST,0,HEARTBEAT,48,HEARTBEAT,0,0,0,0,0,0,0x1001BFC0
1777183418.518,2755381,4,6,GNSS,1,CDH,10,HEALTH,1,HEALTH_0x01,0,0,0,0,1,1,0x1001804A
1777183418.518,2755382,2,6,GNSS,1,CDH,4,TELEMETRY,2,TELEMETRY_0x02,0,0,0,0,0,0,0x08018044
1777183419.517,2756378,4,6,GNSS,255,BROADCAST,0,HEARTBEAT,48,HEARTBEAT,0,0,0,0,0,0,0x1001BFC0
1777183420.512,2757375,4,6,GNSS,255,BROADCAST,0,HEARTBEAT,48,HEARTBEAT,0,0,0,0,0,0,0x1001BFC0
1777183421.529,2758372,4,6,GNSS,255,BROADCAST,0,HEARTBEAT,48,HEARTBEAT,0,0,0,0,0,0,0x1001BFC0
1777183422.506,2759369,4,6,GNSS,255,BROADCAST,0,HEARTBEAT,48,HEARTBEAT,0,0,0,0,0,0,0x1001BFC0
1777183423.504,2760366,4,6,GNSS,255,BROADCAST,0,HEARTBEAT,48,HEARTBEAT,0,0,0,0,0,0,0x1001BFC0
1777183423.504,2760367,4,6,GNSS,1,CDH,10,HEALTH,1,HEALTH_0x01,0,0,0,0,1,1,0x1001804A
1777183423.505,2760369,2,6,GNSS,1,CDH,4,TELEMETRY,2,TELEMETRY_0x02,0,0,0,0,0,0,0x08018044
1777183424.502,2761365,4,6,GNSS,255,BROADCAST,0,HEARTBEAT,48,HEARTBEAT,0,0,0,0,0,0,0x1001BFC0
1777183425.518,2762362,4,6,GNSS,255,BROADCAST,0,HEARTBEAT,48,HEARTBEAT,0,0,0,0,0,0,0x1001BFC0
1777183426.495,2763359,4,6,GNSS,255,BROADCAST,0,HEARTBEAT,48,HEARTBEAT,0,0,0,0,0,0,0x1001BFC0
1777183427.494,2764356,4,6,GNSS,255,BROADCAST,0,HEARTBEAT,48,HEARTBEAT,0,0,0,0,0,0,0x1001BFC0
1777183428.497,2765353,4,6,GNSS,255,BROADCAST,0,HEARTBEAT,48,HEARTBEAT,0,0,0,0,0,0,0x1001BFC0
1777183428.497,2765354,4,6,GNSS,1,CDH,10,HEALTH,1,HEALTH_0x01,0,0,0,0,1,1,0x1001804A
1777183428.497,2765355,2,6,GNSS,1,CDH,4,TELEMETRY,2,TELEMETRY_0x02,0,0,0,0,0,0,0x08018044
1777183429.524,2766351,4,6,GNSS,255,BROADCAST,0,HEARTBEAT,48,HEARTBEAT,0,0,0,0,0,0,0x1001BFC0
1777183430.485,2767349,4,6,GNSS,255,BROADCAST,0,HEARTBEAT,48,HEARTBEAT,0,0,0,0,0,0,0x1001BFC0
1777183431.484,2768346,4,6,GNSS,255,BROADCAST,0,HEARTBEAT,48,HEARTBEAT,0,0,0,0,0,0,0x1001BFC0
1777183432.495,2769343,4,6,GNSS,255,BROADCAST,0,HEARTBEAT,48,HEARTBEAT,0,0,0,0,0,0,0x1001BFC0
1777183433.519,2770340,4,6,GNSS,255,BROADCAST,0,HEARTBEAT,48,HEARTBEAT,0,0,0,0,0,0,0x1001BFC0
1777183433.519,2770341,4,6,GNSS,1,CDH,10,HEALTH,1,HEALTH_0x01,0,0,0,0,1,1,0x1001804A
1777183433.519,2770342,2,6,GNSS,1,CDH,4,TELEMETRY,2,TELEMETRY_0x02,0,0,0,0,0,0,0x08018044
1777183434.475,2771338,4,6,GNSS,255,BROADCAST,0,HEARTBEAT,48,HEARTBEAT,0,0,0,0,0,0,0x1001BFC0
1777183435.473,2772335,4,6,GNSS,255,BROADCAST,0,HEARTBEAT,48,HEARTBEAT,0,0,0,0,0,0,0x1001BFC0
1777183436.487,2773332,4,6,GNSS,255,BROADCAST,0,HEARTBEAT,48,HEARTBEAT,0,0,0,0,0,0,0x1001BFC0
1777183437.466,2774329,4,6,GNSS,255,BROADCAST,0,HEARTBEAT,48,HEARTBEAT,0,0,0,0,0,0,0x1001BFC0
1777183438.463,2775326,4,6,GNSS,255,BROADCAST,0,HEARTBEAT,48,HEARTBEAT,0,0,0,0,0,0,0x1001BFC0
1777183438.464,2775327,4,6,GNSS,1,CDH,10,HEALTH,1,HEALTH_0x01,0,0,0,0,1,1,0x1001804A
1777183438.465,2775328,2,6,GNSS,1,CDH,4,TELEMETRY,2,TELEMETRY_0x02,0,0,0,0,0,0,0x08018044
1777183439.461,2776324,4,6,GNSS,255,BROADCAST,0,HEARTBEAT,48,HEARTBEAT,0,0,0,0,0,0,0x1001BFC0
1777183440.480,2777321,4,6,GNSS,255,BROADCAST,0,HEARTBEAT,48,HEARTBEAT,0,0,0,0,0,0,0x1001BFC0
1777183441.455,2778319,4,6,GNSS,255,BROADCAST,0,HEARTBEAT,48,HEARTBEAT,0,0,0,0,0,0,0x1001BFC0
1777183442.453,2779316,4,6,GNSS,255,BROADCAST,0,HEARTBEAT,48,HEARTBEAT,0,0,0,0,0,0,0x1001BFC0
1777183443.451,2780313,4,6,GNSS,255,BROADCAST,0,HEARTBEAT,48,HEARTBEAT,0,0,0,0,0,0,0x1001BFC0
1777183443.451,2780314,4,6,GNSS,1,CDH,10,HEALTH,1,HEALTH_0x01,0,0,0,0,1,1,0x1001804A
1777183443.451,2780315,2,6,GNSS,1,CDH,4,TELEMETRY,2,TELEMETRY_0x02,0,0,0,0,0,0,0x08018044
1777183444.475,2781311,4,6,GNSS,255,BROADCAST,0,HEARTBEAT,48,HEARTBEAT,0,0,0,0,0,0,0x1001BFC0
1777183445.445,2782308,4,6,GNSS,255,BROADCAST,0,HEARTBEAT,48,HEARTBEAT,0,0,0,0,0,0,0x1001BFC0
1777183446.442,2783305,4,6,GNSS,255,BROADCAST,0,HEARTBEAT,48,HEARTBEAT,0,0,0,0,0,0,0x1001BFC0
1777183447.439,2784302,4,6,GNSS,255,BROADCAST,0,HEARTBEAT,48,HEARTBEAT,0,0,0,0,0,0,0x1001BFC0
1777183448.464,2785299,4,6,GNSS,255,BROADCAST,0,HEARTBEAT,48,HEARTBEAT,0,0,0,0,0,0,0x1001BFC0
1777183448.464,2785300,4,6,GNSS,1,CDH,10,HEALTH,1,HEALTH_0x01,0,0,0,0,1,1,0x1001804A
1777183448.464,2785301,2,6,GNSS,1,CDH,4,TELEMETRY,2,TELEMETRY_0x02,0,0,0,0,0,0,0x08018044
1777183449.435,2786297,4,6,GNSS,255,BROADCAST,0,HEARTBEAT,48,HEARTBEAT,0,0,0,0,0,0,0x1001BFC0
1777183450.432,2787294,4,6,GNSS,255,BROADCAST,0,HEARTBEAT,48,HEARTBEAT,0,0,0,0,0,0,0x1001BFC0
1777183451.441,2788292,4,6,GNSS,255,BROADCAST,0,HEARTBEAT,48,HEARTBEAT,0,0,0,0,0,0,0x1001BFC0
1777183452.452,2789289,4,6,GNSS,255,BROADCAST,0,HEARTBEAT,48,HEARTBEAT,0,0,0,0,0,0,0x1001BFC0
1777183453.424,2790286,4,6,GNSS,255,BROADCAST,0,HEARTBEAT,48,HEARTBEAT,0,0,0,0,0,0,0x1001BFC0
1777183453.424,2790287,4,6,GNSS,1,CDH,10,HEALTH,1,HEALTH_0x01,0,0,0,0,1,1,0x1001804A
1777183453.425,2790288,2,6,GNSS,1,CDH,4,TELEMETRY,2,TELEMETRY_0x02,0,0,0,0,0,0,0x08018044
1777183454.421,2791284,4,6,GNSS,255,BROADCAST,0,HEARTBEAT,48,HEARTBEAT,0,0,0,0,0,0,0x1001BFC0
1777183455.426,2792281,4,6,GNSS,255,BROADCAST,0,HEARTBEAT,48,HEARTBEAT,0,0,0,0,0,0,0x1001BFC0
1777183456.458,2793278,4,6,GNSS,255,BROADCAST,0,HEARTBEAT,48,HEARTBEAT,0,0,0,0,0,0,0x1001BFC0
1777183457.412,2794275,4,6,GNSS,255,BROADCAST,0,HEARTBEAT,48,HEARTBEAT,0,0,0,0,0,0,0x1001BFC0
1777183458.409,2795272,4,6,GNSS,255,BROADCAST,0,HEARTBEAT,48,HEARTBEAT,0,0,0,0,0,0,0x1001BFC0
1777183458.411,2795273,4,6,GNSS,1,CDH,10,HEALTH,1,HEALTH_0x01,0,0,0,0,1,1,0x1001804A
1777183458.411,2795274,2,6,GNSS,1,CDH,4,TELEMETRY,2,TELEMETRY_0x02,0,0,0,0,0,0,0x08018044
1777183459.425,2796270,4,6,GNSS,255,BROADCAST,0,HEARTBEAT,48,HEARTBEAT,0,0,0,0,0,0,0x1001BFC0
1777183460.405,2797268,4,6,GNSS,255,BROADCAST,0,HEARTBEAT,48,HEARTBEAT,0,0,0,0,0,0,0x1001BFC0
1777183461.402,2798265,4,6,GNSS,255,BROADCAST,0,HEARTBEAT,48,HEARTBEAT,0,0,0,0,0,0,0x1001BFC0
1777183462.400,2799262,4,6,GNSS,255,BROADCAST,0,HEARTBEAT,48,HEARTBEAT,0,0,0,0,0,0,0x1001BFC0
1777183463.420,2800259,4,6,GNSS,255,BROADCAST,0,HEARTBEAT,48,HEARTBEAT,0,0,0,0,0,0,0x1001BFC0
1777183463.420,2800260,4,6,GNSS,1,CDH,10,HEALTH,1,HEALTH_0x01,0,0,0,0,1,1,0x1001804A
1777183463.420,2800261,2,6,GNSS,1,CDH,4,TELEMETRY,2,TELEMETRY_0x02,0,0,0,0,0,0,0x08018044
1777183464.448,2801257,4,6,GNSS,255,BROADCAST,0,HEARTBEAT,48,HEARTBEAT,0,0,0,0,0,0,0x1001BFC0
1777183465.393,2802254,4,6,GNSS,255,BROADCAST,0,HEARTBEAT,48,HEARTBEAT,0,0,0,0,0,0,0x1001BFC0
1777183466.413,2803252,4,6,GNSS,255,BROADCAST,0,HEARTBEAT,48,HEARTBEAT,0,0,0,0,0,0,0x1001BFC0
1777183467.406,2804249,4,6,GNSS,255,BROADCAST,0,HEARTBEAT,48,HEARTBEAT,0,0,0,0,0,0,0x1001BFC0
1777183468.383,2805246,4,6,GNSS,255,BROADCAST,0,HEARTBEAT,48,HEARTBEAT,0,0,0,0,0,0,0x1001BFC0
1777183468.385,2805247,4,6,GNSS,1,CDH,10,HEALTH,1,HEALTH_0x01,0,0,0,0,1,1,0x1001804A
1777183468.385,2805248,2,6,GNSS,1,CDH,4,TELEMETRY,2,TELEMETRY_0x02,0,0,0,0,0,0,0x08018044
1777183469.381,2806244,4,6,GNSS,255,BROADCAST,0,HEARTBEAT,48,HEARTBEAT,0,0,0,0,0,0,0x1001BFC0
1777183470.384,2807241,4,6,GNSS,255,BROADCAST,0,HEARTBEAT,48,HEARTBEAT,0,0,0,0,0,0,0x1001BFC0
1777183471.401,2808238,4,6,GNSS,255,BROADCAST,0,HEARTBEAT,48,HEARTBEAT,0,0,0,0,0,0,0x1001BFC0
1777183472.373,2809235,4,6,GNSS,255,BROADCAST,0,HEARTBEAT,48,HEARTBEAT,0,0,0,0,0,0,0x1001BFC0
1777183473.372,2810233,4,6,GNSS,255,BROADCAST,0,HEARTBEAT,48,HEARTBEAT,0,0,0,0,0,0,0x1001BFC0
1777183473.382,2810234,4,6,GNSS,1,CDH,10,HEALTH,1,HEALTH_0x01,0,0,0,0,1,1,0x1001804A
1777183473.382,2810235,2,6,GNSS,1,CDH,4,TELEMETRY,2,TELEMETRY_0x02,0,0,0,0,0,0,0x08018044
1777183474.373,2811231,4,6,GNSS,255,BROADCAST,0,HEARTBEAT,48,HEARTBEAT,0,0,0,0,0,0,0x1001BFC0
1777183475.402,2812228,4,6,GNSS,255,BROADCAST,0,HEARTBEAT,48,HEARTBEAT,0,0,0,0,0,0,0x1001BFC0
1777183476.362,2813225,4,6,GNSS,255,BROADCAST,0,HEARTBEAT,48,HEARTBEAT,0,0,0,0,0,0,0x1001BFC0
1777183477.359,2814222,4,6,GNSS,255,BROADCAST,0,HEARTBEAT,48,HEARTBEAT,0,0,0,0,0,0,0x1001BFC0
1777183478.359,2815219,4,6,GNSS,255,BROADCAST,0,HEARTBEAT,48,HEARTBEAT,0,0,0,0,0,0,0x1001BFC0
1777183478.359,2815220,4,6,GNSS,1,CDH,10,HEALTH,1,HEALTH_0x01,0,0,0,0,1,1,0x1001804A
1777183478.359,2815221,2,6,GNSS,1,CDH,4,TELEMETRY,2,TELEMETRY_0x02,0,0,0,0,0,0,0x08018044
1777183479.390,2816217,4,6,GNSS,255,BROADCAST,0,HEARTBEAT,48,HEARTBEAT,0,0,0,0,0,0,0x1001BFC0
1777183480.352,2817215,4,6,GNSS,255,BROADCAST,0,HEARTBEAT,48,HEARTBEAT,0,0,0,0,0,0,0x1001BFC0
1777183481.349,2818212,4,6,GNSS,255,BROADCAST,0,HEARTBEAT,48,HEARTBEAT,0,0,0,0,0,0,0x1001BFC0
1777183482.361,2819209,4,6,GNSS,255,BROADCAST,0,HEARTBEAT,48,HEARTBEAT,0,0,0,0,0,0,0x1001BFC0
1777183483.344,2820206,4,6,GNSS,255,BROADCAST,0,HEARTBEAT,48,HEARTBEAT,0,0,0,0,0,0,0x1001BFC0
1777183483.378,2820207,4,6,GNSS,1,CDH,10,HEALTH,1,HEALTH_0x01,0,0,0,0,1,1,0x1001804A
1777183483.378,2820208,2,6,GNSS,1,CDH,4,TELEMETRY,2,TELEMETRY_0x02,0,0,0,0,0,0,0x08018044
1777183484.342,2821204,4,6,GNSS,255,BROADCAST,0,HEARTBEAT,48,HEARTBEAT,0,0,0,0,0,0,0x1001BFC0
1777183485.339,2822201,4,6,GNSS,255,BROADCAST,0,HEARTBEAT,48,HEARTBEAT,0,0,0,0,0,0,0x1001BFC0
1777183486.353,2823199,4,6,GNSS,255,BROADCAST,0,HEARTBEAT,48,HEARTBEAT,0,0,0,0,0,0,0x1001BFC0
1777183487.333,2824196,4,6,GNSS,255,BROADCAST,0,HEARTBEAT,48,HEARTBEAT,0,0,0,0,0,0,0x1001BFC0
1777183488.331,2825193,4,6,GNSS,255,BROADCAST,0,HEARTBEAT,48,HEARTBEAT,0,0,0,0,0,0,0x1001BFC0
1777183488.332,2825194,4,6,GNSS,1,CDH,10,HEALTH,1,HEALTH_0x01,0,0,0,0,1,1,0x1001804A
1777183488.333,2825196,2,6,GNSS,1,CDH,4,TELEMETRY,2,TELEMETRY_0x02,0,0,0,0,0,0,0x08018044
1777183489.328,2826191,4,6,GNSS,255,BROADCAST,0,HEARTBEAT,48,HEARTBEAT,0,0,0,0,0,0,0x1001BFC0
1777183490.347,2827188,4,6,GNSS,255,BROADCAST,0,HEARTBEAT,48,HEARTBEAT,0,0,0,0,0,0,0x1001BFC0
1777183491.323,2828185,4,6,GNSS,255,BROADCAST,0,HEARTBEAT,48,HEARTBEAT,0,0,0,0,0,0,0x1001BFC0
1777183492.320,2829182,4,6,GNSS,255,BROADCAST,0,HEARTBEAT,48,HEARTBEAT,0,0,0,0,0,0,0x1001BFC0
1777183493.321,2830179,4,6,GNSS,255,BROADCAST,0,HEARTBEAT,48,HEARTBEAT,0,0,0,0,0,0,0x1001BFC0
1777183493.321,2830181,4,6,GNSS,1,CDH,10,HEALTH,1,HEALTH_0x01,0,0,0,0,1,1,0x1001804A
1777183493.321,2830182,2,6,GNSS,1,CDH,4,TELEMETRY,2,TELEMETRY_0x02,0,0,0,0,0,0,0x08018044
1777183494.340,2831178,4,6,GNSS,255,BROADCAST,0,HEARTBEAT,48,HEARTBEAT,0,0,0,0,0,0,0x1001BFC0
1777183495.312,2832175,4,6,GNSS,255,BROADCAST,0,HEARTBEAT,48,HEARTBEAT,0,0,0,0,0,0,0x1001BFC0
1777183496.309,2833172,4,6,GNSS,255,BROADCAST,0,HEARTBEAT,48,HEARTBEAT,0,0,0,0,0,0,0x1001BFC0
1777183497.314,2834169,4,6,GNSS,255,BROADCAST,0,HEARTBEAT,48,HEARTBEAT,0,0,0,0,0,0,0x1001BFC0
1777183498.336,2835166,4,6,GNSS,255,BROADCAST,0,HEARTBEAT,48,HEARTBEAT,0,0,0,0,0,0,0x1001BFC0
1777183498.336,2835167,4,6,GNSS,1,CDH,10,HEALTH,1,HEALTH_0x01,0,0,0,0,1,1,0x1001804A
1777183498.336,2835168,2,6,GNSS,1,CDH,4,TELEMETRY,2,TELEMETRY_0x02,0,0,0,0,0,0,0x08018044
1777183499.302,2836164,4,6,GNSS,255,BROADCAST,0,HEARTBEAT,48,HEARTBEAT,0,0,0,0,0,0,0x1001BFC0
1777183500.299,2837161,4,6,GNSS,255,BROADCAST,0,HEARTBEAT,48,HEARTBEAT,0,0,0,0,0,0,0x1001BFC0
1777183501.308,2838159,4,6,GNSS,255,BROADCAST,0,HEARTBEAT,48,HEARTBEAT,0,0,0,0,0,0,0x1001BFC0
1777183502.331,2839156,4,6,GNSS,255,BROADCAST,0,HEARTBEAT,48,HEARTBEAT,0,0,0,0,0,0,0x1001BFC0
1777183503.303,2840153,4,6,GNSS,255,BROADCAST,0,HEARTBEAT,48,HEARTBEAT,0,0,0,0,0,0,0x1001BFC0
1777183503.303,2840154,4,6,GNSS,1,CDH,10,HEALTH,1,HEALTH_0x01,0,0,0,0,1,1,0x1001804A
1777183503.303,2840155,2,6,GNSS,1,CDH,4,TELEMETRY,2,TELEMETRY_0x02,0,0,0,0,0,0,0x08018044
1777183504.289,2841151,4,6,GNSS,255,BROADCAST,0,HEARTBEAT,48,HEARTBEAT,0,0,0,0,0,0,0x1001BFC0
1777183505.302,2842148,4,6,GNSS,255,BROADCAST,0,HEARTBEAT,48,HEARTBEAT,0,0,0,0,0,0,0x1001BFC0
1777183506.321,2843145,4,6,GNSS,255,BROADCAST,0,HEARTBEAT,48,HEARTBEAT,0,0,0,0,0,0,0x1001BFC0
1777183507.280,2844143,4,6,GNSS,255,BROADCAST,0,HEARTBEAT,48,HEARTBEAT,0,0,0,0,0,0,0x1001BFC0
1777183508.278,2845140,4,6,GNSS,255,BROADCAST,0,HEARTBEAT,48,HEARTBEAT,0,0,0,0,0,0,0x1001BFC0
1777183508.279,2845141,4,6,GNSS,1,CDH,10,HEALTH,1,HEALTH_0x01,0,0,0,0,1,1,0x1001804A
1777183508.280,2845142,2,6,GNSS,1,CDH,4,TELEMETRY,2,TELEMETRY_0x02,0,0,0,0,0,0,0x08018044
1777183509.295,2846138,4,6,GNSS,255,BROADCAST,0,HEARTBEAT,48,HEARTBEAT,0,0,0,0,0,0,0x1001BFC0
1777183510.273,2847135,4,6,GNSS,255,BROADCAST,0,HEARTBEAT,48,HEARTBEAT,0,0,0,0,0,0,0x1001BFC0
1777183511.270,2848132,4,6,GNSS,255,BROADCAST,0,HEARTBEAT,48,HEARTBEAT,0,0,0,0,0,0,0x1001BFC0
1777183512.267,2849129,4,6,GNSS,255,BROADCAST,0,HEARTBEAT,48,HEARTBEAT,0,0,0,0,0,0,0x1001BFC0
1777183513.284,2850126,4,6,GNSS,255,BROADCAST,0,HEARTBEAT,48,HEARTBEAT,0,0,0,0,0,0,0x1001BFC0
1777183513.284,2850127,4,6,GNSS,1,CDH,10,HEALTH,1,HEALTH_0x01,0,0,0,0,1,1,0x1001804A
1777183513.284,2850129,2,6,GNSS,1,CDH,4,TELEMETRY,2,TELEMETRY_0x02,0,0,0,0,0,0,0x08018044
1777183514.262,2851125,4,6,GNSS,255,BROADCAST,0,HEARTBEAT,48,HEARTBEAT,0,0,0,0,0,0,0x1001BFC0
1777183515.259,2852122,4,6,GNSS,255,BROADCAST,0,HEARTBEAT,48,HEARTBEAT,0,0,0,0,0,0,0x1001BFC0
1777183516.260,2853119,4,6,GNSS,255,BROADCAST,0,HEARTBEAT,48,HEARTBEAT,0,0,0,0,0,0,0x1001BFC0
1777183517.284,2854116,4,6,GNSS,255,BROADCAST,0,HEARTBEAT,48,HEARTBEAT,0,0,0,0,0,0,0x1001BFC0
1777183518.253,2855113,4,6,GNSS,255,BROADCAST,0,HEARTBEAT,48,HEARTBEAT,0,0,0,0,0,0,0x1001BFC0
1777183518.253,2855115,4,6,GNSS,1,CDH,10,HEALTH,1,HEALTH_0x01,0,0,0,0,1,1,0x1001804A
1777183518.253,2855116,2,6,GNSS,1,CDH,4,TELEMETRY,2,TELEMETRY_0x02,0,0,0,0,0,0,0x08018044
1777183519.250,2856111,4,6,GNSS,255,BROADCAST,0,HEARTBEAT,48,HEARTBEAT,0,0,0,0,0,0,0x1001BFC0
1777183520.253,2857108,4,6,GNSS,255,BROADCAST,0,HEARTBEAT,48,HEARTBEAT,0,0,0,0,0,0,0x1001BFC0
1777183521.278,2858105,4,6,GNSS,255,BROADCAST,0,HEARTBEAT,48,HEARTBEAT,0,0,0,0,0,0,0x1001BFC0
1777183522.243,2859102,4,6,GNSS,255,BROADCAST,0,HEARTBEAT,48,HEARTBEAT,0,0,0,0,0,0,0x1001BFC0
1777183523.243,2860099,4,6,GNSS,255,BROADCAST,0,HEARTBEAT,48,HEARTBEAT,0,0,0,0,0,0,0x1001BFC0
1777183523.243,2860100,4,6,GNSS,1,CDH,10,HEALTH,1,HEALTH_0x01,0,0,0,0,1,1,0x1001804A
1777183523.243,2860101,2,6,GNSS,1,CDH,4,TELEMETRY,2,TELEMETRY_0x02,0,0,0,0,0,0,0x08018044
1777183524.250,2861097,4,6,GNSS,255,BROADCAST,0,HEARTBEAT,48,HEARTBEAT,0,0,0,0,0,0,0x1001BFC0
1777183525.269,2862094,4,6,GNSS,255,BROADCAST,0,HEARTBEAT,48,HEARTBEAT,0,0,0,0,0,0,0x1001BFC0
1777183526.239,2863092,4,6,GNSS,255,BROADCAST,0,HEARTBEAT,48,HEARTBEAT,0,0,0,0,0,0,0x1001BFC0
1777183527.232,2864089,4,6,GNSS,255,BROADCAST,0,HEARTBEAT,48,HEARTBEAT,0,0,0,0,0,0,0x1001BFC0
1777183528.234,2865086,4,6,GNSS,255,BROADCAST,0,HEARTBEAT,48,HEARTBEAT,0,0,0,0,0,0,0x1001BFC0
1777183528.234,2865087,4,6,GNSS,1,CDH,10,HEALTH,1,HEALTH_0x01,0,0,0,0,1,1,0x1001804A
1777183528.234,2865088,2,6,GNSS,1,CDH,4,TELEMETRY,2,TELEMETRY_0x02,0,0,0,0,0,0,0x08018044
1777183529.250,2866084,4,6,GNSS,255,BROADCAST,0,HEARTBEAT,48,HEARTBEAT,0,0,0,0,0,0,0x1001BFC0
1777183530.219,2867081,4,6,GNSS,255,BROADCAST,0,HEARTBEAT,48,HEARTBEAT,0,0,0,0,0,0,0x1001BFC0
1777183531.216,2868078,4,6,GNSS,255,BROADCAST,0,HEARTBEAT,48,HEARTBEAT,0,0,0,0,0,0,0x1001BFC0
1777183532.228,2869075,4,6,GNSS,255,BROADCAST,0,HEARTBEAT,48,HEARTBEAT,0,0,0,0,0,0,0x1001BFC0
1777183533.210,2870072,4,6,GNSS,255,BROADCAST,0,HEARTBEAT,48,HEARTBEAT,0,0,0,0,0,0,0x1001BFC0
1777183533.212,2870073,4,6,GNSS,1,CDH,10,HEALTH,1,HEALTH_0x01,0,0,0,0,1,1,0x1001804A
1777183533.212,2870074,2,6,GNSS,1,CDH,4,TELEMETRY,2,TELEMETRY_0x02,0,0,0,0,0,0,0x08018044
1777183534.209,2871070,4,6,GNSS,255,BROADCAST,0,HEARTBEAT,48,HEARTBEAT,0,0,0,0,0,0,0x1001BFC0
1777183535.206,2872068,4,6,GNSS,255,BROADCAST,0,HEARTBEAT,48,HEARTBEAT,0,0,0,0,0,0,0x1001BFC0
1777183536.230,2873064,4,6,GNSS,255,BROADCAST,0,HEARTBEAT,48,HEARTBEAT,0,0,0,0,0,0,0x1001BFC0
1777183537.199,2874062,4,6,GNSS,255,BROADCAST,0,HEARTBEAT,48,HEARTBEAT,0,0,0,0,0,0,0x1001BFC0
1777183538.197,2875059,4,6,GNSS,255,BROADCAST,0,HEARTBEAT,48,HEARTBEAT,0,0,0,0,0,0,0x1001BFC0
1777183538.199,2875060,4,6,GNSS,1,CDH,10,HEALTH,1,HEALTH_0x01,0,0,0,0,1,1,0x1001804A
1777183538.199,2875061,2,6,GNSS,1,CDH,4,TELEMETRY,2,TELEMETRY_0x02,0,0,0,0,0,0,0x08018044
1777183539.195,2876057,4,6,GNSS,255,BROADCAST,0,HEARTBEAT,48,HEARTBEAT,0,0,0,0,0,0,0x1001BFC0
1777183540.212,2877054,4,6,GNSS,255,BROADCAST,0,HEARTBEAT,48,HEARTBEAT,0,0,0,0,0,0,0x1001BFC0
1777183541.190,2878051,4,6,GNSS,255,BROADCAST,0,HEARTBEAT,48,HEARTBEAT,0,0,0,0,0,0,0x1001BFC0
1777183542.186,2879048,4,6,GNSS,255,BROADCAST,0,HEARTBEAT,48,HEARTBEAT,0,0,0,0,0,0,0x1001BFC0
1777183543.191,2880045,4,6,GNSS,255,BROADCAST,0,HEARTBEAT,48,HEARTBEAT,0,0,0,0,0,0,0x1001BFC0
1777183543.191,2880046,4,6,GNSS,1,CDH,10,HEALTH,1,HEALTH_0x01,0,0,0,0,1,1,0x1001804A
1777183543.191,2880047,2,6,GNSS,1,CDH,4,TELEMETRY,2,TELEMETRY_0x02,0,0,0,0,0,0,0x08018044
1777183544.204,2881044,4,6,GNSS,255,BROADCAST,0,HEARTBEAT,48,HEARTBEAT,0,0,0,0,0,0,0x1001BFC0
1777183545.179,2882041,4,6,GNSS,255,BROADCAST,0,HEARTBEAT,48,HEARTBEAT,0,0,0,0,0,0,0x1001BFC0
1777183546.179,2883038,4,6,GNSS,255,BROADCAST,0,HEARTBEAT,48,HEARTBEAT,0,0,0,0,0,0,0x1001BFC0
1777183547.181,2884035,4,6,GNSS,255,BROADCAST,0,HEARTBEAT,48,HEARTBEAT,0,0,0,0,0,0,0x1001BFC0
1777183548.200,2885032,4,6,GNSS,255,BROADCAST,0,HEARTBEAT,48,HEARTBEAT,0,0,0,0,0,0,0x1001BFC0
1777183548.200,2885033,4,6,GNSS,1,CDH,10,HEALTH,1,HEALTH_0x01,0,0,0,0,1,1,0x1001804A
1777183548.200,2885034,2,6,GNSS,1,CDH,4,TELEMETRY,2,TELEMETRY_0x02,0,0,0,0,0,0,0x08018044
1777183549.168,2886030,4,6,GNSS,255,BROADCAST,0,HEARTBEAT,48,HEARTBEAT,0,0,0,0,0,0,0x1001BFC0
1777183550.166,2887028,4,6,GNSS,255,BROADCAST,0,HEARTBEAT,48,HEARTBEAT,0,0,0,0,0,0,0x1001BFC0
1777183551.178,2888025,4,6,GNSS,255,BROADCAST,0,HEARTBEAT,48,HEARTBEAT,0,0,0,0,0,0,0x1001BFC0
1777183552.198,2889022,4,6,GNSS,255,BROADCAST,0,HEARTBEAT,48,HEARTBEAT,0,0,0,0,0,0,0x1001BFC0
1777183553.158,2890019,4,6,GNSS,255,BROADCAST,0,HEARTBEAT,48,HEARTBEAT,0,0,0,0,0,0,0x1001BFC0
1777183553.159,2890020,4,6,GNSS,1,CDH,10,HEALTH,1,HEALTH_0x01,0,0,0,0,1,1,0x1001804A
1777183553.160,2890021,2,6,GNSS,1,CDH,4,TELEMETRY,2,TELEMETRY_0x02,0,0,0,0,0,0,0x08018044
1777183554.156,2891017,4,6,GNSS,255,BROADCAST,0,HEARTBEAT,48,HEARTBEAT,0,0,0,0,0,0,0x1001BFC0
1777183555.159,2892014,4,6,GNSS,255,BROADCAST,0,HEARTBEAT,48,HEARTBEAT,0,0,0,0,0,0,0x1001BFC0
1777183556.151,2893012,4,6,GNSS,255,BROADCAST,0,HEARTBEAT,48,HEARTBEAT,0,0,0,0,0,0,0x1001BFC0
1777183557.147,2894009,4,6,GNSS,255,BROADCAST,0,HEARTBEAT,48,HEARTBEAT,0,0,0,0,0,0,0x1001BFC0
1777183558.145,2895006,4,6,GNSS,255,BROADCAST,0,HEARTBEAT,48,HEARTBEAT,0,0,0,0,0,0,0x1001BFC0
1777183558.145,2895007,4,6,GNSS,1,CDH,10,HEALTH,1,HEALTH_0x01,0,0,0,0,1,1,0x1001804A
1777183558.146,2895008,2,6,GNSS,1,CDH,4,TELEMETRY,2,TELEMETRY_0x02,0,0,0,0,0,0,0x08018044
1777183559.167,2896004,4,6,GNSS,255,BROADCAST,0,HEARTBEAT,48,HEARTBEAT,0,0,0,0,0,0,0x1001BFC0
1777183560.140,2897001,4,6,GNSS,255,BROADCAST,0,HEARTBEAT,48,HEARTBEAT,0,0,0,0,0,0,0x1001BFC0
1777183561.137,2897998,4,6,GNSS,255,BROADCAST,0,HEARTBEAT,48,HEARTBEAT,0,0,0,0,0,0,0x1001BFC0
1777183562.137,2898996,4,6,GNSS,255,BROADCAST,0,HEARTBEAT,48,HEARTBEAT,0,0,0,0,0,0,0x1001BFC0
1777183563.156,2899993,4,6,GNSS,255,BROADCAST,0,HEARTBEAT,48,HEARTBEAT,0,0,0,0,0,0,0x1001BFC0
1777183563.156,2899994,4,6,GNSS,1,CDH,10,HEALTH,1,HEALTH_0x01,0,0,0,0,1,1,0x1001804A
1777183563.156,2899995,2,6,GNSS,1,CDH,4,TELEMETRY,2,TELEMETRY_0x02,0,0,0,0,0,0,0x08018044
1777183564.130,2900991,4,6,GNSS,255,BROADCAST,0,HEARTBEAT,48,HEARTBEAT,0,0,0,0,0,0,0x1001BFC0
1777183565.127,2901988,4,6,GNSS,255,BROADCAST,0,HEARTBEAT,48,HEARTBEAT,0,0,0,0,0,0,0x1001BFC0
1777183566.128,2902985,4,6,GNSS,255,BROADCAST,0,HEARTBEAT,48,HEARTBEAT,0,0,0,0,0,0,0x1001BFC0
1777183567.151,2903982,4,6,GNSS,255,BROADCAST,0,HEARTBEAT,48,HEARTBEAT,0,0,0,0,0,0,0x1001BFC0
1777183568.119,2904979,4,6,GNSS,255,BROADCAST,0,HEARTBEAT,48,HEARTBEAT,0,0,0,0,0,0,0x1001BFC0
1777183568.119,2904980,4,6,GNSS,1,CDH,10,HEALTH,1,HEALTH_0x01,0,0,0,0,1,1,0x1001804A
1777183568.119,2904981,2,6,GNSS,1,CDH,4,TELEMETRY,2,TELEMETRY_0x02,0,0,0,0,0,0,0x08018044
1777183569.116,2905977,4,6,GNSS,255,BROADCAST,0,HEARTBEAT,48,HEARTBEAT,0,0,0,0,0,0,0x1001BFC0
1777183570.122,2906974,4,6,GNSS,255,BROADCAST,0,HEARTBEAT,48,HEARTBEAT,0,0,0,0,0,0,0x1001BFC0
1777183571.142,2907971,4,6,GNSS,255,BROADCAST,0,HEARTBEAT,48,HEARTBEAT,0,0,0,0,0,0,0x1001BFC0
1777183572.107,2908969,4,6,GNSS,255,BROADCAST,0,HEARTBEAT,48,HEARTBEAT,0,0,0,0,0,0,0x1001BFC0
1777183573.105,2909966,4,6,GNSS,255,BROADCAST,0,HEARTBEAT,48,HEARTBEAT,0,0,0,0,0,0,0x1001BFC0
1777183573.106,2909967,4,6,GNSS,1,CDH,10,HEALTH,1,HEALTH_0x01,0,0,0,0,1,1,0x1001804A
1777183573.107,2909968,2,6,GNSS,1,CDH,4,TELEMETRY,2,TELEMETRY_0x02,0,0,0,0,0,0,0x08018044
1777183574.116,2910964,4,6,GNSS,255,BROADCAST,0,HEARTBEAT,48,HEARTBEAT,0,0,0,0,0,0,0x1001BFC0
1777183575.139,2911961,4,6,GNSS,255,BROADCAST,0,HEARTBEAT,48,HEARTBEAT,0,0,0,0,0,0,0x1001BFC0
1777183576.097,2912958,4,6,GNSS,255,BROADCAST,0,HEARTBEAT,48,HEARTBEAT,0,0,0,0,0,0,0x1001BFC0
1777183577.094,2913955,4,6,GNSS,255,BROADCAST,0,HEARTBEAT,48,HEARTBEAT,0,0,0,0,0,0,0x1001BFC0
1777183578.112,2914953,4,6,GNSS,255,BROADCAST,0,HEARTBEAT,48,HEARTBEAT,0,0,0,0,0,0,0x1001BFC0
1777183578.112,2914954,4,6,GNSS,1,CDH,10,HEALTH,1,HEALTH_0x01,0,0,0,0,1,1,0x1001804A
1777183578.112,2914955,2,6,GNSS,1,CDH,4,TELEMETRY,2,TELEMETRY_0x02,0,0,0,0,0,0,0x08018044
1777183579.090,2915951,4,6,GNSS,255,BROADCAST,0,HEARTBEAT,48,HEARTBEAT,0,0,0,0,0,0,0x1001BFC0
1777183580.087,2916948,4,6,GNSS,255,BROADCAST,0,HEARTBEAT,48,HEARTBEAT,0,0,0,0,0,0,0x1001BFC0
1777183581.084,2917945,4,6,GNSS,255,BROADCAST,0,HEARTBEAT,48,HEARTBEAT,0,0,0,0,0,0,0x1001BFC0
1777183582.102,2918942,4,6,GNSS,255,BROADCAST,0,HEARTBEAT,48,HEARTBEAT,0,0,0,0,0,0,0x1001BFC0
1777183583.079,2919939,4,6,GNSS,255,BROADCAST,0,HEARTBEAT,48,HEARTBEAT,0,0,0,0,0,0,0x1001BFC0
1777183583.079,2919940,4,6,GNSS,1,CDH,10,HEALTH,1,HEALTH_0x01,0,0,0,0,1,1,0x1001804A
1777183583.080,2919942,2,6,GNSS,1,CDH,4,TELEMETRY,2,TELEMETRY_0x02,0,0,0,0,0,0,0x08018044
1777183584.078,2920938,4,6,GNSS,255,BROADCAST,0,HEARTBEAT,48,HEARTBEAT,0,0,0,0,0,0,0x1001BFC0
1777183585.074,2921935,4,6,GNSS,255,BROADCAST,0,HEARTBEAT,48,HEARTBEAT,0,0,0,0,0,0,0x1001BFC0
1777183586.098,2922932,4,6,GNSS,255,BROADCAST,0,HEARTBEAT,48,HEARTBEAT,0,0,0,0,0,0,0x1001BFC0
1777183587.069,2923929,4,6,GNSS,255,BROADCAST,0,HEARTBEAT,48,HEARTBEAT,0,0,0,0,0,0,0x1001BFC0
1777183588.066,2924926,4,6,GNSS,255,BROADCAST,0,HEARTBEAT,48,HEARTBEAT,0,0,0,0,0,0,0x1001BFC0
1777183588.066,2924927,4,6,GNSS,1,CDH,10,HEALTH,1,HEALTH_0x01,0,0,0,0,1,1,0x1001804A
1777183588.067,2924928,2,6,GNSS,1,CDH,4,TELEMETRY,2,TELEMETRY_0x02,0,0,0,0,0,0,0x08018044
1777183589.066,2925924,4,6,GNSS,255,BROADCAST,0,HEARTBEAT,48,HEARTBEAT,0,0,0,0,0,0,0x1001BFC0
1777183590.093,2926922,4,6,GNSS,255,BROADCAST,0,HEARTBEAT,48,HEARTBEAT,0,0,0,0,0,0,0x1001BFC0
1777183591.058,2927919,4,6,GNSS,255,BROADCAST,0,HEARTBEAT,48,HEARTBEAT,0,0,0,0,0,0,0x1001BFC0
1777183592.055,2928916,4,6,GNSS,255,BROADCAST,0,HEARTBEAT,48,HEARTBEAT,0,0,0,0,0,0,0x1001BFC0
1777183593.063,2929913,4,6,GNSS,255,BROADCAST,0,HEARTBEAT,48,HEARTBEAT,0,0,0,0,0,0,0x1001BFC0
1777183593.063,2929914,4,6,GNSS,1,CDH,10,HEALTH,1,HEALTH_0x01,0,0,0,0,1,1,0x1001804A
1777183593.063,2929915,2,6,GNSS,1,CDH,4,TELEMETRY,2,TELEMETRY_0x02,0,0,0,0,0,0,0x08018044
1777183594.085,2930911,4,6,GNSS,255,BROADCAST,0,HEARTBEAT,48,HEARTBEAT,0,0,0,0,0,0,0x1001BFC0
1777183595.048,2931909,4,6,GNSS,255,BROADCAST,0,HEARTBEAT,48,HEARTBEAT,0,0,0,0,0,0,0x1001BFC0
1777183596.045,2932906,4,6,GNSS,255,BROADCAST,0,HEARTBEAT,48,HEARTBEAT,0,0,0,0,0,0,0x1001BFC0
1777183597.054,2933903,4,6,GNSS,255,BROADCAST,0,HEARTBEAT,48,HEARTBEAT,0,0,0,0,0,0,0x1001BFC0
1777183598.074,2934900,4,6,GNSS,255,BROADCAST,0,HEARTBEAT,48,HEARTBEAT,0,0,0,0,0,0,0x1001BFC0
1777183598.074,2934901,4,6,GNSS,1,CDH,10,HEALTH,1,HEALTH_0x01,0,0,0,0,1,1,0x1001804A
1777183598.074,2934902,2,6,GNSS,1,CDH,4,TELEMETRY,2,TELEMETRY_0x02,0,0,0,0,0,0,0x08018044
1777183599.037,2935898,4,6,GNSS,255,BROADCAST,0,HEARTBEAT,48,HEARTBEAT,0,0,0,0,0,0,0x1001BFC0
1777183600.036,2936895,4,6,GNSS,255,BROADCAST,0,HEARTBEAT,48,HEARTBEAT,0,0,0,0,0,0,0x1001BFC0
1777183601.048,2937892,4,6,GNSS,255,BROADCAST,0,HEARTBEAT,48,HEARTBEAT,0,0,0,0,0,0,0x1001BFC0
1777183602.029,2938889,4,6,GNSS,255,BROADCAST,0,HEARTBEAT,48,HEARTBEAT,0,0,0,0,0,0,0x1001BFC0
1777183603.031,2939887,4,6,GNSS,255,BROADCAST,0,HEARTBEAT,48,HEARTBEAT,0,0,0,0,0,0,0x1001BFC0
1777183603.031,2939888,4,6,GNSS,1,CDH,10,HEALTH,1,HEALTH_0x01,0,0,0,0,1,1,0x1001804A
1777183603.031,2939889,2,6,GNSS,1,CDH,4,TELEMETRY,2,TELEMETRY_0x02,0,0,0,0,0,0,0x08018044
1777183604.025,2940885,4,6,GNSS,255,BROADCAST,0,HEARTBEAT,48,HEARTBEAT,0,0,0,0,0,0,0x1001BFC0
1777183605.042,2941882,4,6,GNSS,255,BROADCAST,0,HEARTBEAT,48,HEARTBEAT,0,0,0,0,0,0,0x1001BFC0
1777183606.024,2942879,4,6,GNSS,255,BROADCAST,0,HEARTBEAT,48,HEARTBEAT,0,0,0,0,0,0,0x1001BFC0
1777183607.016,2943876,4,6,GNSS,255,BROADCAST,0,HEARTBEAT,48,HEARTBEAT,0,0,0,0,0,0,0x1001BFC0
1777183608.014,2944873,4,6,GNSS,255,BROADCAST,0,HEARTBEAT,48,HEARTBEAT,0,0,0,0,0,0,0x1001BFC0
1777183608.014,2944875,4,6,GNSS,1,CDH,10,HEALTH,1,HEALTH_0x01,0,0,0,0,1,1,0x1001804A
1777183608.015,2944876,2,6,GNSS,1,CDH,4,TELEMETRY,2,TELEMETRY_0x02,0,0,0,0,0,0,0x08018044
1777183609.036,2945872,4,6,GNSS,255,BROADCAST,0,HEARTBEAT,48,HEARTBEAT,0,0,0,0,0,0,0x1001BFC0
1777183610.009,2946869,4,6,GNSS,255,BROADCAST,0,HEARTBEAT,48,HEARTBEAT,0,0,0,0,0,0,0x1001BFC0
1777183611.006,2947866,4,6,GNSS,255,BROADCAST,0,HEARTBEAT,48,HEARTBEAT,0,0,0,0,0,0,0x1001BFC0
1777183612.007,2948863,4,6,GNSS,255,BROADCAST,0,HEARTBEAT,48,HEARTBEAT,0,0,0,0,0,0,0x1001BFC0
1777183613.030,2949861,4,6,GNSS,255,BROADCAST,0,HEARTBEAT,48,HEARTBEAT,0,0,0,0,0,0,0x1001BFC0
1777183613.030,2949862,4,6,GNSS,1,CDH,10,HEALTH,1,HEALTH_0x01,0,0,0,0,1,1,0x1001804A
1777183613.030,2949863,2,6,GNSS,1,CDH,4,TELEMETRY,2,TELEMETRY_0x02,0,0,0,0,0,0,0x08018044
1777183613.998,2950859,4,6,GNSS,255,BROADCAST,0,HEARTBEAT,48,HEARTBEAT,0,0,0,0,0,0,0x1001BFC0
1777183614.996,2951856,4,6,GNSS,255,BROADCAST,0,HEARTBEAT,48,HEARTBEAT,0,0,0,0,0,0,0x1001BFC0
1777183615.998,2952854,4,6,GNSS,255,BROADCAST,0,HEARTBEAT,48,HEARTBEAT,0,0,0,0,0,0,0x1001BFC0
1777183617.014,2953850,4,6,GNSS,255,BROADCAST,0,HEARTBEAT,48,HEARTBEAT,0,0,0,0,0,0,0x1001BFC0
1777183617.989,2954847,4,6,GNSS,255,BROADCAST,0,HEARTBEAT,48,HEARTBEAT,0,0,0,0,0,0,0x1001BFC0
1777183617.989,2954848,4,6,GNSS,1,CDH,10,HEALTH,1,HEALTH_0x01,0,0,0,0,1,1,0x1001804A
1777183617.989,2954849,2,6,GNSS,1,CDH,4,TELEMETRY,2,TELEMETRY_0x02,0,0,0,0,0,0,0x08018044
1777183618.985,2955845,4,6,GNSS,255,BROADCAST,0,HEARTBEAT,48,HEARTBEAT,0,0,0,0,0,0,0x1001BFC0
1777183619.991,2956843,4,6,GNSS,255,BROADCAST,0,HEARTBEAT,48,HEARTBEAT,0,0,0,0,0,0,0x1001BFC0
1777183621.016,2957840,4,6,GNSS,255,BROADCAST,0,HEARTBEAT,48,HEARTBEAT,0,0,0,0,0,0,0x1001BFC0
1777183621.976,2958837,4,6,GNSS,255,BROADCAST,0,HEARTBEAT,48,HEARTBEAT,0,0,0,0,0,0,0x1001BFC0
1777183622.974,2959834,4,6,GNSS,255,BROADCAST,0,HEARTBEAT,48,HEARTBEAT,0,0,0,0,0,0,0x1001BFC0
1777183622.975,2959835,4,6,GNSS,1,CDH,10,HEALTH,1,HEALTH_0x01,0,0,0,0,1,1,0x1001804A
1777183622.975,2959836,2,6,GNSS,1,CDH,4,TELEMETRY,2,TELEMETRY_0x02,0,0,0,0,0,0,0x08018044
1777183623.988,2960832,4,6,GNSS,255,BROADCAST,0,HEARTBEAT,48,HEARTBEAT,0,0,0,0,0,0,0x1001BFC0
1777183625.004,2961829,4,6,GNSS,255,BROADCAST,0,HEARTBEAT,48,HEARTBEAT,0,0,0,0,0,0,0x1001BFC0
1777183625.966,2962826,4,6,GNSS,255,BROADCAST,0,HEARTBEAT,48,HEARTBEAT,0,0,0,0,0,0,0x1001BFC0
1777183626.963,2963824,4,6,GNSS,255,BROADCAST,0,HEARTBEAT,48,HEARTBEAT,0,0,0,0,0,0,0x1001BFC0
1777183627.979,2964821,4,6,GNSS,255,BROADCAST,0,HEARTBEAT,48,HEARTBEAT,0,0,0,0,0,0,0x1001BFC0
1777183627.988,2964822,4,6,GNSS,1,CDH,10,HEALTH,1,HEALTH_0x01,0,0,0,0,1,1,0x1001804A
1777183627.988,2964823,2,6,GNSS,1,CDH,4,TELEMETRY,2,TELEMETRY_0x02,0,0,0,0,0,0,0x08018044
1777183628.958,2965819,4,6,GNSS,255,BROADCAST,0,HEARTBEAT,48,HEARTBEAT,0,0,0,0,0,0,0x1001BFC0
1777183629.955,2966816,4,6,GNSS,255,BROADCAST,0,HEARTBEAT,48,HEARTBEAT,0,0,0,0,0,0,0x1001BFC0
1777183630.953,2967813,4,6,GNSS,255,BROADCAST,0,HEARTBEAT,48,HEARTBEAT,0,0,0,0,0,0,0x1001BFC0
1777183631.972,2968810,4,6,GNSS,255,BROADCAST,0,HEARTBEAT,48,HEARTBEAT,0,0,0,0,0,0,0x1001BFC0
1777183632.950,2969807,4,6,GNSS,255,BROADCAST,0,HEARTBEAT,48,HEARTBEAT,0,0,0,0,0,0,0x1001BFC0
1777183632.950,2969808,4,6,GNSS,1,CDH,10,HEALTH,1,HEALTH_0x01,0,0,0,0,1,1,0x1001804A
1777183632.950,2969809,2,6,GNSS,1,CDH,4,TELEMETRY,2,TELEMETRY_0x02,0,0,0,0,0,0,0x08018044
1777183633.945,2970805,4,6,GNSS,255,BROADCAST,0,HEARTBEAT,48,HEARTBEAT,0,0,0,0,0,0,0x1001BFC0
1777183634.942,2971802,4,6,GNSS,255,BROADCAST,0,HEARTBEAT,48,HEARTBEAT,0,0,0,0,0,0,0x1001BFC0
1777183635.960,2972800,4,6,GNSS,255,BROADCAST,0,HEARTBEAT,48,HEARTBEAT,0,0,0,0,0,0,0x1001BFC0
1777183636.936,2973797,4,6,GNSS,255,BROADCAST,0,HEARTBEAT,48,HEARTBEAT,0,0,0,0,0,0,0x1001BFC0
1777183637.934,2974794,4,6,GNSS,255,BROADCAST,0,HEARTBEAT,48,HEARTBEAT,0,0,0,0,0,0,0x1001BFC0
1777183637.935,2974795,4,6,GNSS,1,CDH,10,HEALTH,1,HEALTH_0x01,0,0,0,0,1,1,0x1001804A
1777183637.935,2974796,2,6,GNSS,1,CDH,4,TELEMETRY,2,TELEMETRY_0x02,0,0,0,0,0,0,0x08018044
1777183638.936,2975792,4,6,GNSS,255,BROADCAST,0,HEARTBEAT,48,HEARTBEAT,0,0,0,0,0,0,0x1001BFC0
1777183639.950,2976789,4,6,GNSS,255,BROADCAST,0,HEARTBEAT,48,HEARTBEAT,0,0,0,0,0,0,0x1001BFC0
1777183640.926,2977786,4,6,GNSS,255,BROADCAST,0,HEARTBEAT,48,HEARTBEAT,0,0,0,0,0,0,0x1001BFC0
1777183641.923,2978783,4,6,GNSS,255,BROADCAST,0,HEARTBEAT,48,HEARTBEAT,0,0,0,0,0,0,0x1001BFC0
1777183642.922,2979780,4,6,GNSS,255,BROADCAST,0,HEARTBEAT,48,HEARTBEAT,0,0,0,0,0,0,0x1001BFC0
1777183642.922,2979781,4,6,GNSS,1,CDH,10,HEALTH,1,HEALTH_0x01,0,0,0,0,1,1,0x1001804A
1777183642.922,2979783,2,6,GNSS,1,CDH,4,TELEMETRY,2,TELEMETRY_0x02,0,0,0,0,0,0,0x08018044
1777183643.958,2980779,4,6,GNSS,255,BROADCAST,0,HEARTBEAT,48,HEARTBEAT,0,0,0,0,0,0,0x1001BFC0
1777183644.916,2981776,4,6,GNSS,255,BROADCAST,0,HEARTBEAT,48,HEARTBEAT,0,0,0,0,0,0,0x1001BFC0
1777183645.913,2982773,4,6,GNSS,255,BROADCAST,0,HEARTBEAT,48,HEARTBEAT,0,0,0,0,0,0,0x1001BFC0
1777183646.925,2983770,4,6,GNSS,255,BROADCAST,0,HEARTBEAT,48,HEARTBEAT,0,0,0,0,0,0,0x1001BFC0
1777183647.937,2984767,4,6,GNSS,255,BROADCAST,0,HEARTBEAT,48,HEARTBEAT,0,0,0,0,0,0,0x1001BFC0
1777183647.937,2984768,4,6,GNSS,1,CDH,10,HEALTH,1,HEALTH_0x01,0,0,0,0,1,1,0x1001804A
1777183647.937,2984770,2,6,GNSS,1,CDH,4,TELEMETRY,2,TELEMETRY_0x02,0,0,0,0,0,0,0x08018044
1777183648.906,2985766,4,6,GNSS,255,BROADCAST,0,HEARTBEAT,48,HEARTBEAT,0,0,0,0,0,0,0x1001BFC0
1777183649.902,2986763,4,6,GNSS,255,BROADCAST,0,HEARTBEAT,48,HEARTBEAT,0,0,0,0,0,0,0x1001BFC0
1777183650.921,2987760,4,6,GNSS,255,BROADCAST,0,HEARTBEAT,48,HEARTBEAT,0,0,0,0,0,0,0x1001BFC0
1777183651.896,2988757,4,6,GNSS,255,BROADCAST,0,HEARTBEAT,48,HEARTBEAT,0,0,0,0,0,0,0x1001BFC0
1777183652.894,2989754,4,6,GNSS,255,BROADCAST,0,HEARTBEAT,48,HEARTBEAT,0,0,0,0,0,0,0x1001BFC0
1777183652.895,2989755,4,6,GNSS,1,CDH,10,HEALTH,1,HEALTH_0x01,0,0,0,0,1,1,0x1001804A
1777183652.896,2989756,2,6,GNSS,1,CDH,4,TELEMETRY,2,TELEMETRY_0x02,0,0,0,0,0,0,0x08018044
1777183653.892,2990752,4,6,GNSS,255,BROADCAST,0,HEARTBEAT,48,HEARTBEAT,0,0,0,0,0,0,0x1001BFC0
1777183654.913,2991749,4,6,GNSS,255,BROADCAST,0,HEARTBEAT,48,HEARTBEAT,0,0,0,0,0,0,0x1001BFC0
1777183655.886,2992747,4,6,GNSS,255,BROADCAST,0,HEARTBEAT,48,HEARTBEAT,0,0,0,0,0,0,0x1001BFC0
1777183656.886,2993744,4,6,GNSS,255,BROADCAST,0,HEARTBEAT,48,HEARTBEAT,0,0,0,0,0,0,0x1001BFC0
1777183657.882,2994741,4,6,GNSS,255,BROADCAST,0,HEARTBEAT,48,HEARTBEAT,0,0,0,0,0,0,0x1001BFC0
1777183657.882,2994742,4,6,GNSS,1,CDH,10,HEALTH,1,HEALTH_0x01,0,0,0,0,1,1,0x1001804A
1777183657.882,2994743,2,6,GNSS,1,CDH,4,TELEMETRY,2,TELEMETRY_0x02,0,0,0,0,0,0,0x08018044
1777183658.904,2995739,4,6,GNSS,255,BROADCAST,0,HEARTBEAT,48,HEARTBEAT,0,0,0,0,0,0,0x1001BFC0
1777183659.876,2996736,4,6,GNSS,255,BROADCAST,0,HEARTBEAT,48,HEARTBEAT,0,0,0,0,0,0,0x1001BFC0
1777183660.873,2997733,4,6,GNSS,255,BROADCAST,0,HEARTBEAT,48,HEARTBEAT,0,0,0,0,0,0,0x1001BFC0
1777183661.871,2998731,4,6,GNSS,255,BROADCAST,0,HEARTBEAT,48,HEARTBEAT,0,0,0,0,0,0,0x1001BFC0
1777183662.900,2999728,4,6,GNSS,255,BROADCAST,0,HEARTBEAT,48,HEARTBEAT,0,0,0,0,0,0,0x1001BFC0
1777183662.900,2999729,4,6,GNSS,1,CDH,10,HEALTH,1,HEALTH_0x01,0,0,0,0,1,1,0x1001804A
1777183662.900,2999730,2,6,GNSS,1,CDH,4,TELEMETRY,2,TELEMETRY_0x02,0,0,0,0,0,0,0x08018044
1777183663.865,3000726,4,6,GNSS,255,BROADCAST,0,HEARTBEAT,48,HEARTBEAT,0,0,0,0,0,0,0x1001BFC0
1777183664.864,3001723,4,6,GNSS,255,BROADCAST,0,HEARTBEAT,48,HEARTBEAT,0,0,0,0,0,0,0x1001BFC0
1777183665.860,3002720,4,6,GNSS,255,BROADCAST,0,HEARTBEAT,48,HEARTBEAT,0,0,0,0,0,0,0x1001BFC0
1777183666.894,3003717,4,6,GNSS,255,BROADCAST,0,HEARTBEAT,48,HEARTBEAT,0,0,0,0,0,0,0x1001BFC0
1777183667.857,3004714,4,6,GNSS,255,BROADCAST,0,HEARTBEAT,48,HEARTBEAT,0,0,0,0,0,0,0x1001BFC0
1777183667.857,3004715,4,6,GNSS,1,CDH,10,HEALTH,1,HEALTH_0x01,0,0,0,0,1,1,0x1001804A
1777183667.857,3004717,2,6,GNSS,1,CDH,4,TELEMETRY,2,TELEMETRY_0x02,0,0,0,0,0,0,0x08018044
1777183668.853,3005713,4,6,GNSS,255,BROADCAST,0,HEARTBEAT,48,HEARTBEAT,0,0,0,0,0,0,0x1001BFC0
1777183669.851,3006710,4,6,GNSS,255,BROADCAST,0,HEARTBEAT,48,HEARTBEAT,0,0,0,0,0,0,0x1001BFC0
1777183670.889,3007707,4,6,GNSS,255,BROADCAST,0,HEARTBEAT,48,HEARTBEAT,0,0,0,0,0,0,0x1001BFC0
1777183671.845,3008704,4,6,GNSS,255,BROADCAST,0,HEARTBEAT,48,HEARTBEAT,0,0,0,0,0,0,0x1001BFC0
1777183672.842,3009701,4,6,GNSS,255,BROADCAST,0,HEARTBEAT,48,HEARTBEAT,0,0,0,0,0,0,0x1001BFC0
1777183672.844,3009702,4,6,GNSS,1,CDH,10,HEALTH,1,HEALTH_0x01,0,0,0,0,1,1,0x1001804A
1777183672.844,3009704,2,6,GNSS,1,CDH,4,TELEMETRY,2,TELEMETRY_0x02,0,0,0,0,0,0,0x08018044
1777183673.850,3010700,4,6,GNSS,255,BROADCAST,0,HEARTBEAT,48,HEARTBEAT,0,0,0,0,0,0,0x1001BFC0
1777183674.837,3011697,4,6,GNSS,255,BROADCAST,0,HEARTBEAT,48,HEARTBEAT,0,0,0,0,0,0,0x1001BFC0
1777183675.834,3012694,4,6,GNSS,255,BROADCAST,0,HEARTBEAT,48,HEARTBEAT,0,0,0,0,0,0,0x1001BFC0
1777183676.831,3013691,4,6,GNSS,255,BROADCAST,0,HEARTBEAT,48,HEARTBEAT,0,0,0,0,0,0,0x1001BFC0
1777183677.846,3014688,4,6,GNSS,255,BROADCAST,0,HEARTBEAT,48,HEARTBEAT,0,0,0,0,0,0,0x1001BFC0
1777183677.846,3014689,4,6,GNSS,1,CDH,10,HEALTH,1,HEALTH_0x01,0,0,0,0,1,1,0x1001804A
1777183677.846,3014690,2,6,GNSS,1,CDH,4,TELEMETRY,2,TELEMETRY_0x02,0,0,0,0,0,0,0x08018044
1777183678.827,3015686,4,6,GNSS,255,BROADCAST,0,HEARTBEAT,48,HEARTBEAT,0,0,0,0,0,0,0x1001BFC0
1777183679.824,3016683,4,6,GNSS,255,BROADCAST,0,HEARTBEAT,48,HEARTBEAT,0,0,0,0,0,0,0x1001BFC0
1777183680.821,3017680,4,6,GNSS,255,BROADCAST,0,HEARTBEAT,48,HEARTBEAT,0,0,0,0,0,0,0x1001BFC0
1777183681.832,3018678,4,6,GNSS,255,BROADCAST,0,HEARTBEAT,48,HEARTBEAT,0,0,0,0,0,0,0x1001BFC0
1777183682.816,3019675,4,6,GNSS,255,BROADCAST,0,HEARTBEAT,48,HEARTBEAT,0,0,0,0,0,0,0x1001BFC0
1777183682.816,3019676,4,6,GNSS,1,CDH,10,HEALTH,1,HEALTH_0x01,0,0,0,0,1,1,0x1001804A
1777183682.817,3019677,2,6,GNSS,1,CDH,4,TELEMETRY,2,TELEMETRY_0x02,0,0,0,0,0,0,0x08018044
1777183683.814,3020673,4,6,GNSS,255,BROADCAST,0,HEARTBEAT,48,HEARTBEAT,0,0,0,0,0,0,0x1001BFC0
1777183684.815,3021670,4,6,GNSS,255,BROADCAST,0,HEARTBEAT,48,HEARTBEAT,0,0,0,0,0,0,0x1001BFC0
1777183685.829,3022667,4,6,GNSS,255,BROADCAST,0,HEARTBEAT,48,HEARTBEAT,0,0,0,0,0,0,0x1001BFC0
1777183686.805,3023664,4,6,GNSS,255,BROADCAST,0,HEARTBEAT,48,HEARTBEAT,0,0,0,0,0,0,0x1001BFC0
1777183687.808,3024661,4,6,GNSS,255,BROADCAST,0,HEARTBEAT,48,HEARTBEAT,0,0,0,0,0,0,0x1001BFC0
1777183687.808,3024663,4,6,GNSS,1,CDH,10,HEALTH,1,HEALTH_0x01,0,0,0,0,1,1,0x1001804A
1777183687.808,3024664,2,6,GNSS,1,CDH,4,TELEMETRY,2,TELEMETRY_0x02,0,0,0,0,0,0,0x08018044
1777183688.807,3025660,4,6,GNSS,255,BROADCAST,0,HEARTBEAT,48,HEARTBEAT,0,0,0,0,0,0,0x1001BFC0
1777183689.818,3026657,4,6,GNSS,255,BROADCAST,0,HEARTBEAT,48,HEARTBEAT,0,0,0,0,0,0,0x1001BFC0
1777183690.794,3027654,4,6,GNSS,255,BROADCAST,0,HEARTBEAT,48,HEARTBEAT,0,0,0,0,0,0,0x1001BFC0
1777183691.792,3028651,4,6,GNSS,255,BROADCAST,0,HEARTBEAT,48,HEARTBEAT,0,0,0,0,0,0,0x1001BFC0
1777183692.793,3029648,4,6,GNSS,255,BROADCAST,0,HEARTBEAT,48,HEARTBEAT,0,0,0,0,0,0,0x1001BFC0
1777183692.793,3029649,4,6,GNSS,1,CDH,10,HEALTH,1,HEALTH_0x01,0,0,0,0,1,1,0x1001804A
1777183692.793,3029650,2,6,GNSS,1,CDH,4,TELEMETRY,2,TELEMETRY_0x02,0,0,0,0,0,0,0x08018044
1777183693.822,3030646,4,6,GNSS,255,BROADCAST,0,HEARTBEAT,48,HEARTBEAT,0,0,0,0,0,0,0x1001BFC0
1777183694.784,3031644,4,6,GNSS,255,BROADCAST,0,HEARTBEAT,48,HEARTBEAT,0,0,0,0,0,0,0x1001BFC0
1777183695.783,3032641,4,6,GNSS,255,BROADCAST,0,HEARTBEAT,48,HEARTBEAT,0,0,0,0,0,0,0x1001BFC0
1777183696.789,3033638,4,6,GNSS,255,BROADCAST,0,HEARTBEAT,48,HEARTBEAT,0,0,0,0,0,0,0x1001BFC0
1777183697.818,3034635,4,6,GNSS,255,BROADCAST,0,HEARTBEAT,48,HEARTBEAT,0,0,0,0,0,0,0x1001BFC0
1777183697.818,3034636,4,6,GNSS,1,CDH,10,HEALTH,1,HEALTH_0x01,0,0,0,0,1,1,0x1001804A
1777183697.818,3034637,2,6,GNSS,1,CDH,4,TELEMETRY,2,TELEMETRY_0x02,0,0,0,0,0,0,0x08018044
1777183698.774,3035633,4,6,GNSS,255,BROADCAST,0,HEARTBEAT,48,HEARTBEAT,0,0,0,0,0,0,0x1001BFC0
1777183699.782,3036630,4,6,GNSS,255,BROADCAST,0,HEARTBEAT,48,HEARTBEAT,0,0,0,0,0,0,0x1001BFC0
1777183700.788,3037628,4,6,GNSS,255,BROADCAST,0,HEARTBEAT,48,HEARTBEAT,0,0,0,0,0,0,0x1001BFC0
1777183701.765,3038625,4,6,GNSS,255,BROADCAST,0,HEARTBEAT,48,HEARTBEAT,0,0,0,0,0,0,0x1001BFC0
1777183702.762,3039622,4,6,GNSS,255,BROADCAST,0,HEARTBEAT,48,HEARTBEAT,0,0,0,0,0,0,0x1001BFC0
1777183702.764,3039623,4,6,GNSS,1,CDH,10,HEALTH,1,HEALTH_0x01,0,0,0,0,1,1,0x1001804A
1777183702.764,3039624,2,6,GNSS,1,CDH,4,TELEMETRY,2,TELEMETRY_0x02,0,0,0,0,0,0,0x08018044
1777183703.760,3040620,4,6,GNSS,255,BROADCAST,0,HEARTBEAT,48,HEARTBEAT,0,0,0,0,0,0,0x1001BFC0
1777183704.772,3041617,4,6,GNSS,255,BROADCAST,0,HEARTBEAT,48,HEARTBEAT,0,0,0,0,0,0,0x1001BFC0
1777183705.755,3042614,4,6,GNSS,255,BROADCAST,0,HEARTBEAT,48,HEARTBEAT,0,0,0,0,0,0,0x1001BFC0
1777183706.752,3043611,4,6,GNSS,255,BROADCAST,0,HEARTBEAT,48,HEARTBEAT,0,0,0,0,0,0,0x1001BFC0
1777183707.751,3044608,4,6,GNSS,255,BROADCAST,0,HEARTBEAT,48,HEARTBEAT,0,0,0,0,0,0,0x1001BFC0
1777183707.751,3044609,4,6,GNSS,1,CDH,10,HEALTH,1,HEALTH_0x01,0,0,0,0,1,1,0x1001804A
1777183707.751,3044610,2,6,GNSS,1,CDH,4,TELEMETRY,2,TELEMETRY_0x02,0,0,0,0,0,0,0x08018044
1777183708.777,3045607,4,6,GNSS,255,BROADCAST,0,HEARTBEAT,48,HEARTBEAT,0,0,0,0,0,0,0x1001BFC0
1777183709.745,3046604,4,6,GNSS,255,BROADCAST,0,HEARTBEAT,48,HEARTBEAT,0,0,0,0,0,0,0x1001BFC0
1777183710.742,3047601,4,6,GNSS,255,BROADCAST,0,HEARTBEAT,48,HEARTBEAT,0,0,0,0,0,0,0x1001BFC0
1777183711.753,3048598,4,6,GNSS,255,BROADCAST,0,HEARTBEAT,48,HEARTBEAT,0,0,0,0,0,0,0x1001BFC0
1777183712.767,3049595,4,6,GNSS,255,BROADCAST,0,HEARTBEAT,48,HEARTBEAT,0,0,0,0,0,0,0x1001BFC0
1777183712.767,3049596,4,6,GNSS,1,CDH,10,HEALTH,1,HEALTH_0x01,0,0,0,0,1,1,0x1001804A
1777183712.767,3049598,2,6,GNSS,1,CDH,4,TELEMETRY,2,TELEMETRY_0x02,0,0,0,0,0,0,0x08018044
1777183713.734,3050593,4,6,GNSS,255,BROADCAST,0,HEARTBEAT,48,HEARTBEAT,0,0,0,0,0,0,0x1001BFC0
1777183714.731,3051591,4,6,GNSS,255,BROADCAST,0,HEARTBEAT,48,HEARTBEAT,0,0,0,0,0,0,0x1001BFC0
1777183715.750,3052588,4,6,GNSS,255,BROADCAST,0,HEARTBEAT,48,HEARTBEAT,0,0,0,0,0,0,0x1001BFC0
1777183716.753,3053585,4,6,GNSS,255,BROADCAST,0,HEARTBEAT,48,HEARTBEAT,0,0,0,0,0,0,0x1001BFC0
1777183717.723,3054582,4,6,GNSS,255,BROADCAST,0,HEARTBEAT,48,HEARTBEAT,0,0,0,0,0,0,0x1001BFC0
1777183717.724,3054583,4,6,GNSS,1,CDH,10,HEALTH,1,HEALTH_0x01,0,0,0,0,1,1,0x1001804A
1777183717.725,3054584,2,6,GNSS,1,CDH,4,TELEMETRY,2,TELEMETRY_0x02,0,0,0,0,0,0,0x08018044
1777183718.721,3055580,4,6,GNSS,255,BROADCAST,0,HEARTBEAT,48,HEARTBEAT,0,0,0,0,0,0,0x1001BFC0
1777183719.728,3056577,4,6,GNSS,255,BROADCAST,0,HEARTBEAT,48,HEARTBEAT,0,0,0,0,0,0,0x1001BFC0
1777183720.758,3057574,4,6,GNSS,255,BROADCAST,0,HEARTBEAT,48,HEARTBEAT,0,0,0,0,0,0,0x1001BFC0
1777183721.712,3058571,4,6,GNSS,255,BROADCAST,0,HEARTBEAT,48,HEARTBEAT,0,0,0,0,0,0,0x1001BFC0
1777183722.717,3059569,4,6,GNSS,255,BROADCAST,0,HEARTBEAT,48,HEARTBEAT,0,0,0,0,0,0,0x1001BFC0
1777183722.717,3059570,4,6,GNSS,1,CDH,10,HEALTH,1,HEALTH_0x01,0,0,0,0,1,1,0x1001804A
1777183722.717,3059571,2,6,GNSS,1,CDH,4,TELEMETRY,2,TELEMETRY_0x02,0,0,0,0,0,0,0x08018044
1777183723.730,3060567,4,6,GNSS,255,BROADCAST,0,HEARTBEAT,48,HEARTBEAT,0,0,0,0,0,0,0x1001BFC0
1777183724.705,3061564,4,6,GNSS,255,BROADCAST,0,HEARTBEAT,48,HEARTBEAT,0,0,0,0,0,0,0x1001BFC0
1777183725.703,3062561,4,6,GNSS,255,BROADCAST,0,HEARTBEAT,48,HEARTBEAT,0,0,0,0,0,0,0x1001BFC0
1777183726.699,3063558,4,6,GNSS,255,BROADCAST,0,HEARTBEAT,48,HEARTBEAT,0,0,0,0,0,0,0x1001BFC0
1777183727.721,3064555,4,6,GNSS,255,BROADCAST,0,HEARTBEAT,48,HEARTBEAT,0,0,0,0,0,0,0x1001BFC0
1777183727.721,3064556,4,6,GNSS,1,CDH,10,HEALTH,1,HEALTH_0x01,0,0,0,0,1,1,0x1001804A
1777183727.721,3064558,2,6,GNSS,1,CDH,4,TELEMETRY,2,TELEMETRY_0x02,0,0,0,0,0,0,0x08018044
1777183728.700,3065554,4,6,GNSS,255,BROADCAST,0,HEARTBEAT,48,HEARTBEAT,0,0,0,0,0,0,0x1001BFC0
1777183729.692,3066551,4,6,GNSS,255,BROADCAST,0,HEARTBEAT,48,HEARTBEAT,0,0,0,0,0,0,0x1001BFC0
1777183730.691,3067548,4,6,GNSS,255,BROADCAST,0,HEARTBEAT,48,HEARTBEAT,0,0,0,0,0,0,0x1001BFC0
1777183731.715,3068545,4,6,GNSS,255,BROADCAST,0,HEARTBEAT,48,HEARTBEAT,0,0,0,0,0,0,0x1001BFC0
1777183732.685,3069542,4,6,GNSS,255,BROADCAST,0,HEARTBEAT,48,HEARTBEAT,0,0,0,0,0,0,0x1001BFC0
1777183732.686,3069543,4,6,GNSS,1,CDH,10,HEALTH,1,HEALTH_0x01,0,0,0,0,1,1,0x1001804A
1777183732.686,3069544,2,6,GNSS,1,CDH,4,TELEMETRY,2,TELEMETRY_0x02,0,0,0,0,0,0,0x08018044
1777183733.681,3070540,4,6,GNSS,255,BROADCAST,0,HEARTBEAT,48,HEARTBEAT,0,0,0,0,0,0,0x1001BFC0
1777183734.686,3071537,4,6,GNSS,255,BROADCAST,0,HEARTBEAT,48,HEARTBEAT,0,0,0,0,0,0,0x1001BFC0
1777183735.700,3072534,4,6,GNSS,255,BROADCAST,0,HEARTBEAT,48,HEARTBEAT,0,0,0,0,0,0,0x1001BFC0
1777183736.672,3073532,4,6,GNSS,255,BROADCAST,0,HEARTBEAT,48,HEARTBEAT,0,0,0,0,0,0,0x1001BFC0
1777183737.672,3074529,4,6,GNSS,255,BROADCAST,0,HEARTBEAT,48,HEARTBEAT,0,0,0,0,0,0,0x1001BFC0
1777183737.672,3074530,4,6,GNSS,1,CDH,10,HEALTH,1,HEALTH_0x01,0,0,0,0,1,1,0x1001804A
1777183737.672,3074531,2,6,GNSS,1,CDH,4,TELEMETRY,2,TELEMETRY_0x02,0,0,0,0,0,0,0x08018044
1777183738.678,3075527,4,6,GNSS,255,BROADCAST,0,HEARTBEAT,48,HEARTBEAT,0,0,0,0,0,0,0x1001BFC0
1777183739.702,3076524,4,6,GNSS,255,BROADCAST,0,HEARTBEAT,48,HEARTBEAT,0,0,0,0,0,0,0x1001BFC0
1777183740.663,3077521,4,6,GNSS,255,BROADCAST,0,HEARTBEAT,48,HEARTBEAT,0,0,0,0,0,0,0x1001BFC0
1777183741.662,3078518,4,6,GNSS,255,BROADCAST,0,HEARTBEAT,48,HEARTBEAT,0,0,0,0,0,0,0x1001BFC0
1777183742.676,3079516,4,6,GNSS,255,BROADCAST,0,HEARTBEAT,48,HEARTBEAT,0,0,0,0,0,0,0x1001BFC0
1777183742.676,3079517,4,6,GNSS,1,CDH,10,HEALTH,1,HEALTH_0x01,0,0,0,0,1,1,0x1001804A
1777183742.676,3079518,2,6,GNSS,1,CDH,4,TELEMETRY,2,TELEMETRY_0x02,0,0,0,0,0,0,0x08018044
1777183743.696,3080515,4,6,GNSS,255,BROADCAST,0,HEARTBEAT,48,HEARTBEAT,0,0,0,0,0,0,0x1001BFC0
1777183744.653,3081511,4,6,GNSS,255,BROADCAST,0,HEARTBEAT,48,HEARTBEAT,0,0,0,0,0,0,0x1001BFC0
1777183745.649,3082508,4,6,GNSS,255,BROADCAST,0,HEARTBEAT,48,HEARTBEAT,0,0,0,0,0,0,0x1001BFC0
1777183746.666,3083505,4,6,GNSS,255,BROADCAST,0,HEARTBEAT,48,HEARTBEAT,0,0,0,0,0,0,0x1001BFC0
1777183747.645,3084502,4,6,GNSS,255,BROADCAST,0,HEARTBEAT,48,HEARTBEAT,0,0,0,0,0,0,0x1001BFC0
1777183747.645,3084503,4,6,GNSS,1,CDH,10,HEALTH,1,HEALTH_0x01,0,0,0,0,1,1,0x1001804A
1777183747.646,3084505,2,6,GNSS,1,CDH,4,TELEMETRY,2,TELEMETRY_0x02,0,0,0,0,0,0,0x08018044
1777183748.642,3085501,4,6,GNSS,255,BROADCAST,0,HEARTBEAT,48,HEARTBEAT,0,0,0,0,0,0,0x1001BFC0
1777183749.639,3086498,4,6,GNSS,255,BROADCAST,0,HEARTBEAT,48,HEARTBEAT,0,0,0,0,0,0,0x1001BFC0
1777183750.689,3087495,4,6,GNSS,255,BROADCAST,0,HEARTBEAT,48,HEARTBEAT,0,0,0,0,0,0,0x1001BFC0
1777183751.633,3088492,4,6,GNSS,255,BROADCAST,0,HEARTBEAT,48,HEARTBEAT,0,0,0,0,0,0,0x1001BFC0
1777183752.632,3089489,4,6,GNSS,255,BROADCAST,0,HEARTBEAT,48,HEARTBEAT,0,0,0,0,0,0,0x1001BFC0
1777183752.632,3089490,4,6,GNSS,1,CDH,10,HEALTH,1,HEALTH_0x01,0,0,0,0,1,1,0x1001804A
1777183752.632,3089491,2,6,GNSS,1,CDH,4,TELEMETRY,2,TELEMETRY_0x02,0,0,0,0,0,0,0x08018044
1777183753.629,3090487,4,6,GNSS,255,BROADCAST,0,HEARTBEAT,48,HEARTBEAT,0,0,0,0,0,0,0x1001BFC0
1777183754.653,3091484,4,6,GNSS,255,BROADCAST,0,HEARTBEAT,48,HEARTBEAT,0,0,0,0,0,0,0x1001BFC0
1777183755.623,3092481,4,6,GNSS,255,BROADCAST,0,HEARTBEAT,48,HEARTBEAT,0,0,0,0,0,0,0x1001BFC0
1777183756.621,3093478,4,6,GNSS,255,BROADCAST,0,HEARTBEAT,48,HEARTBEAT,0,0,0,0,0,0,0x1001BFC0
1777183757.627,3094476,4,6,GNSS,255,BROADCAST,0,HEARTBEAT,48,HEARTBEAT,0,0,0,0,0,0,0x1001BFC0
1777183757.628,3094477,4,6,GNSS,1,CDH,10,HEALTH,1,HEALTH_0x01,0,0,0,0,1,1,0x1001804A
1777183757.628,3094478,2,6,GNSS,1,CDH,4,TELEMETRY,2,TELEMETRY_0x02,0,0,0,0,0,0,0x08018044
1777183758.648,3095474,4,6,GNSS,255,BROADCAST,0,HEARTBEAT,48,HEARTBEAT,0,0,0,0,0,0,0x1001BFC0
1777183759.612,3096471,4,6,GNSS,255,BROADCAST,0,HEARTBEAT,48,HEARTBEAT,0,0,0,0,0,0,0x1001BFC0
1777183760.609,3097468,4,6,GNSS,255,BROADCAST,0,HEARTBEAT,48,HEARTBEAT,0,0,0,0,0,0,0x1001BFC0
1777183761.616,3098465,4,6,GNSS,255,BROADCAST,0,HEARTBEAT,48,HEARTBEAT,0,0,0,0,0,0,0x1001BFC0
1777183762.631,3099462,4,6,GNSS,255,BROADCAST,0,HEARTBEAT,48,HEARTBEAT,0,0,0,0,0,0,0x1001BFC0
1777183762.631,3099463,4,6,GNSS,1,CDH,10,HEALTH,1,HEALTH_0x01,0,0,0,0,1,1,0x1001804A
1777183762.631,3099464,2,6,GNSS,1,CDH,4,TELEMETRY,2,TELEMETRY_0x02,0,0,0,0,0,0,0x08018044
1777183763.601,3100460,4,6,GNSS,255,BROADCAST,0,HEARTBEAT,48,HEARTBEAT,0,0,0,0,0,0,0x1001BFC0
1777183764.599,3101457,4,6,GNSS,255,BROADCAST,0,HEARTBEAT,48,HEARTBEAT,0,0,0,0,0,0,0x1001BFC0
1777183765.606,3102454,4,6,GNSS,255,BROADCAST,0,HEARTBEAT,48,HEARTBEAT,0,0,0,0,0,0,0x1001BFC0
1777183766.635,3103451,4,6,GNSS,255,BROADCAST,0,HEARTBEAT,48,HEARTBEAT,0,0,0,0,0,0,0x1001BFC0
1777183767.591,3104449,4,6,GNSS,255,BROADCAST,0,HEARTBEAT,48,HEARTBEAT,0,0,0,0,0,0,0x1001BFC0
1777183767.591,3104450,4,6,GNSS,1,CDH,10,HEALTH,1,HEALTH_0x01,0,0,0,0,1,1,0x1001804A
1777183767.592,3104451,2,6,GNSS,1,CDH,4,TELEMETRY,2,TELEMETRY_0x02,0,0,0,0,0,0,0x08018044
1777183768.590,3105447,4,6,GNSS,255,BROADCAST,0,HEARTBEAT,48,HEARTBEAT,0,0,0,0,0,0,0x1001BFC0
1777183769.604,3106444,4,6,GNSS,255,BROADCAST,0,HEARTBEAT,48,HEARTBEAT,0,0,0,0,0,0,0x1001BFC0
1777183770.582,3107441,4,6,GNSS,255,BROADCAST,0,HEARTBEAT,48,HEARTBEAT,0,0,0,0,0,0,0x1001BFC0
1777183771.581,3108438,4,6,GNSS,255,BROADCAST,0,HEARTBEAT,48,HEARTBEAT,0,0,0,0,0,0,0x1001BFC0
1777183772.578,3109435,4,6,GNSS,255,BROADCAST,0,HEARTBEAT,48,HEARTBEAT,0,0,0,0,0,0,0x1001BFC0
1777183772.579,3109437,4,6,GNSS,1,CDH,10,HEALTH,1,HEALTH_0x01,0,0,0,0,1,1,0x1001804A
1777183772.579,3109438,2,6,GNSS,1,CDH,4,TELEMETRY,2,TELEMETRY_0x02,0,0,0,0,0,0,0x08018044
1777183773.596,3110433,4,6,GNSS,255,BROADCAST,0,HEARTBEAT,48,HEARTBEAT,0,0,0,0,0,0,0x1001BFC0
1777183774.572,3111431,4,6,GNSS,255,BROADCAST,0,HEARTBEAT,48,HEARTBEAT,0,0,0,0,0,0,0x1001BFC0
1777183775.569,3112428,4,6,GNSS,255,BROADCAST,0,HEARTBEAT,48,HEARTBEAT,0,0,0,0,0,0,0x1001BFC0
1777183776.567,3113425,4,6,GNSS,255,BROADCAST,0,HEARTBEAT,48,HEARTBEAT,0,0,0,0,0,0,0x1001BFC0
1777183777.594,3114422,4,6,GNSS,255,BROADCAST,0,HEARTBEAT,48,HEARTBEAT,0,0,0,0,0,0,0x1001BFC0
1777183777.594,3114423,4,6,GNSS,1,CDH,10,HEALTH,1,HEALTH_0x01,0,0,0,0,1,1,0x1001804A
1777183777.594,3114424,2,6,GNSS,1,CDH,4,TELEMETRY,2,TELEMETRY_0x02,0,0,0,0,0,0,0x08018044
1777183778.564,3115420,4,6,GNSS,255,BROADCAST,0,HEARTBEAT,48,HEARTBEAT,0,0,0,0,0,0,0x1001BFC0
1777183779.562,3116417,4,6,GNSS,255,BROADCAST,0,HEARTBEAT,48,HEARTBEAT,0,0,0,0,0,0,0x1001BFC0
1777183780.563,3117415,4,6,GNSS,255,BROADCAST,0,HEARTBEAT,48,HEARTBEAT,0,0,0,0,0,0,0x1001BFC0
1777183781.585,3118412,4,6,GNSS,255,BROADCAST,0,HEARTBEAT,48,HEARTBEAT,0,0,0,0,0,0,0x1001BFC0
1777183782.555,3119409,4,6,GNSS,255,BROADCAST,0,HEARTBEAT,48,HEARTBEAT,0,0,0,0,0,0,0x1001BFC0
1777183782.555,3119410,4,6,GNSS,1,CDH,10,HEALTH,1,HEALTH_0x01,0,0,0,0,1,1,0x1001804A
1777183782.555,3119411,2,6,GNSS,1,CDH,4,TELEMETRY,2,TELEMETRY_0x02,0,0,0,0,0,0,0x08018044
1777183783.549,3120407,4,6,GNSS,255,BROADCAST,0,HEARTBEAT,48,HEARTBEAT,0,0,0,0,0,0,0x1001BFC0
1777183784.555,3121404,4,6,GNSS,255,BROADCAST,0,HEARTBEAT,48,HEARTBEAT,0,0,0,0,0,0,0x1001BFC0
1777183785.580,3122401,4,6,GNSS,255,BROADCAST,0,HEARTBEAT,48,HEARTBEAT,0,0,0,0,0,0,0x1001BFC0
1777183786.540,3123399,4,6,GNSS,255,BROADCAST,0,HEARTBEAT,48,HEARTBEAT,0,0,0,0,0,0,0x1001BFC0
1777183787.538,3124396,4,6,GNSS,255,BROADCAST,0,HEARTBEAT,48,HEARTBEAT,0,0,0,0,0,0,0x1001BFC0
1777183787.543,3124397,4,6,GNSS,1,CDH,10,HEALTH,1,HEALTH_0x01,0,0,0,0,1,1,0x1001804A
1777183787.543,3124398,2,6,GNSS,1,CDH,4,TELEMETRY,2,TELEMETRY_0x02,0,0,0,0,0,0,0x08018044
1777183788.548,3125394,4,6,GNSS,255,BROADCAST,0,HEARTBEAT,48,HEARTBEAT,0,0,0,0,0,0,0x1001BFC0
1777183789.574,3126391,4,6,GNSS,255,BROADCAST,0,HEARTBEAT,48,HEARTBEAT,0,0,0,0,0,0,0x1001BFC0
1777183790.530,3127388,4,6,GNSS,255,BROADCAST,0,HEARTBEAT,48,HEARTBEAT,0,0,0,0,0,0,0x1001BFC0
1777183791.527,3128385,4,6,GNSS,255,BROADCAST,0,HEARTBEAT,48,HEARTBEAT,0,0,0,0,0,0,0x1001BFC0
1777183792.547,3129382,4,6,GNSS,255,BROADCAST,0,HEARTBEAT,48,HEARTBEAT,0,0,0,0,0,0,0x1001BFC0
1777183792.547,3129383,4,6,GNSS,1,CDH,10,HEALTH,1,HEALTH_0x01,0,0,0,0,1,1,0x1001804A
1777183792.547,3129385,2,6,GNSS,1,CDH,4,TELEMETRY,2,TELEMETRY_0x02,0,0,0,0,0,0,0x08018044
1777183793.567,3130381,4,6,GNSS,255,BROADCAST,0,HEARTBEAT,48,HEARTBEAT,0,0,0,0,0,0,0x1001BFC0
1777183794.520,3131378,4,6,GNSS,255,BROADCAST,0,HEARTBEAT,48,HEARTBEAT,0,0,0,0,0,0,0x1001BFC0
1777183795.517,3132375,4,6,GNSS,255,BROADCAST,0,HEARTBEAT,48,HEARTBEAT,0,0,0,0,0,0,0x1001BFC0
1777183796.537,3133372,4,6,GNSS,255,BROADCAST,0,HEARTBEAT,48,HEARTBEAT,0,0,0,0,0,0,0x1001BFC0
1777183797.511,3134369,4,6,GNSS,255,BROADCAST,0,HEARTBEAT,48,HEARTBEAT,0,0,0,0,0,0,0x1001BFC0
1777183797.512,3134370,4,6,GNSS,1,CDH,10,HEALTH,1,HEALTH_0x01,0,0,0,0,1,1,0x1001804A
1777183797.513,3134371,2,6,GNSS,1,CDH,4,TELEMETRY,2,TELEMETRY_0x02,0,0,0,0,0,0,0x08018044
1777183798.509,3135367,4,6,GNSS,255,BROADCAST,0,HEARTBEAT,48,HEARTBEAT,0,0,0,0,0,0,0x1001BFC0
1777183799.506,3136364,4,6,GNSS,255,BROADCAST,0,HEARTBEAT,48,HEARTBEAT,0,0,0,0,0,0,0x1001BFC0
1777183800.521,3137361,4,6,GNSS,255,BROADCAST,0,HEARTBEAT,48,HEARTBEAT,0,0,0,0,0,0,0x1001BFC0
1777183801.509,3138358,4,6,GNSS,255,BROADCAST,0,HEARTBEAT,48,HEARTBEAT,0,0,0,0,0,0,0x1001BFC0
1777183802.498,3139355,4,6,GNSS,255,BROADCAST,0,HEARTBEAT,48,HEARTBEAT,0,0,0,0,0,0,0x1001BFC0
1777183802.499,3139357,4,6,GNSS,1,CDH,10,HEALTH,1,HEALTH_0x01,0,0,0,0,1,1,0x1001804A
1777183802.500,3139358,2,6,GNSS,1,CDH,4,TELEMETRY,2,TELEMETRY_0x02,0,0,0,0,0,0,0x08018044
1777183803.496,3140354,4,6,GNSS,255,BROADCAST,0,HEARTBEAT,48,HEARTBEAT,0,0,0,0,0,0,0x1001BFC0
1777183804.525,3141351,4,6,GNSS,255,BROADCAST,0,HEARTBEAT,48,HEARTBEAT,0,0,0,0,0,0,0x1001BFC0
1777183805.490,3142348,4,6,GNSS,255,BROADCAST,0,HEARTBEAT,48,HEARTBEAT,0,0,0,0,0,0,0x1001BFC0
1777183806.487,3143345,4,6,GNSS,255,BROADCAST,0,HEARTBEAT,48,HEARTBEAT,0,0,0,0,0,0,0x1001BFC0
1777183807.486,3144342,4,6,GNSS,255,BROADCAST,0,HEARTBEAT,48,HEARTBEAT,0,0,0,0,0,0,0x1001BFC0
1777183807.493,3144343,4,6,GNSS,1,CDH,10,HEALTH,1,HEALTH_0x01,0,0,0,0,1,1,0x1001804A
1777183807.493,3144344,2,6,GNSS,1,CDH,4,TELEMETRY,2,TELEMETRY_0x02,0,0,0,0,0,0,0x08018044
1777183808.521,3145340,4,6,GNSS,255,BROADCAST,0,HEARTBEAT,48,HEARTBEAT,0,0,0,0,0,0,0x1001BFC0
1777183809.479,3146337,4,6,GNSS,255,BROADCAST,0,HEARTBEAT,48,HEARTBEAT,0,0,0,0,0,0,0x1001BFC0
1777183810.476,3147335,4,6,GNSS,255,BROADCAST,0,HEARTBEAT,48,HEARTBEAT,0,0,0,0,0,0,0x1001BFC0
1777183811.484,3148332,4,6,GNSS,255,BROADCAST,0,HEARTBEAT,48,HEARTBEAT,0,0,0,0,0,0,0x1001BFC0
1777183812.507,3149329,4,6,GNSS,255,BROADCAST,0,HEARTBEAT,48,HEARTBEAT,0,0,0,0,0,0,0x1001BFC0
1777183812.507,3149330,4,6,GNSS,1,CDH,10,HEALTH,1,HEALTH_0x01,0,0,0,0,1,1,0x1001804A
1777183812.507,3149331,2,6,GNSS,1,CDH,4,TELEMETRY,2,TELEMETRY_0x02,0,0,0,0,0,0,0x08018044
1777183813.469,3150327,4,6,GNSS,255,BROADCAST,0,HEARTBEAT,48,HEARTBEAT,0,0,0,0,0,0,0x1001BFC0
1777183814.466,3151324,4,6,GNSS,255,BROADCAST,0,HEARTBEAT,48,HEARTBEAT,0,0,0,0,0,0,0x1001BFC0
1777183815.482,3152321,4,6,GNSS,255,BROADCAST,0,HEARTBEAT,48,HEARTBEAT,0,0,0,0,0,0,0x1001BFC0
1777183816.460,3153318,4,6,GNSS,255,BROADCAST,0,HEARTBEAT,48,HEARTBEAT,0,0,0,0,0,0,0x1001BFC0
1777183817.458,3154315,4,6,GNSS,255,BROADCAST,0,HEARTBEAT,48,HEARTBEAT,0,0,0,0,0,0,0x1001BFC0
1777183817.459,3154316,4,6,GNSS,1,CDH,10,HEALTH,1,HEALTH_0x01,0,0,0,0,1,1,0x1001804A
1777183817.459,3154317,2,6,GNSS,1,CDH,4,TELEMETRY,2,TELEMETRY_0x02,0,0,0,0,0,0,0x08018044
1777183818.453,3155314,4,6,GNSS,255,BROADCAST,0,HEARTBEAT,48,HEARTBEAT,0,0,0,0,0,0,0x1001BFC0
1777183819.476,3156311,4,6,GNSS,255,BROADCAST,0,HEARTBEAT,48,HEARTBEAT,0,0,0,0,0,0,0x1001BFC0
1777183820.450,3157308,4,6,GNSS,255,BROADCAST,0,HEARTBEAT,48,HEARTBEAT,0,0,0,0,0,0,0x1001BFC0
1777183821.447,3158305,4,6,GNSS,255,BROADCAST,0,HEARTBEAT,48,HEARTBEAT,0,0,0,0,0,0,0x1001BFC0
1777183822.445,3159302,4,6,GNSS,255,BROADCAST,0,HEARTBEAT,48,HEARTBEAT,0,0,0,0,0,0,0x1001BFC0
1777183822.445,3159303,4,6,GNSS,1,CDH,10,HEALTH,1,HEALTH_0x01,0,0,0,0,1,1,0x1001804A
1777183822.446,3159304,2,6,GNSS,1,CDH,4,TELEMETRY,2,TELEMETRY_0x02,0,0,0,0,0,0,0x08018044
1777183823.468,3160300,4,6,GNSS,255,BROADCAST,0,HEARTBEAT,48,HEARTBEAT,0,0,0,0,0,0,0x1001BFC0
1777183824.440,3161297,4,6,GNSS,255,BROADCAST,0,HEARTBEAT,48,HEARTBEAT,0,0,0,0,0,0,0x1001BFC0
1777183825.437,3162294,4,6,GNSS,255,BROADCAST,0,HEARTBEAT,48,HEARTBEAT,0,0,0,0,0,0,0x1001BFC0
1777183826.440,3163291,4,6,GNSS,255,BROADCAST,0,HEARTBEAT,48,HEARTBEAT,0,0,0,0,0,0,0x1001BFC0
1777183827.457,3164288,4,6,GNSS,255,BROADCAST,0,HEARTBEAT,48,HEARTBEAT,0,0,0,0,0,0,0x1001BFC0
1777183827.457,3164289,4,6,GNSS,1,CDH,10,HEALTH,1,HEALTH_0x01,0,0,0,0,1,1,0x1001804A
1777183827.457,3164290,2,6,GNSS,1,CDH,4,TELEMETRY,2,TELEMETRY_0x02,0,0,0,0,0,0,0x08018044
1777183828.428,3165286,4,6,GNSS,255,BROADCAST,0,HEARTBEAT,48,HEARTBEAT,0,0,0,0,0,0,0x1001BFC0
1777183829.426,3166283,4,6,GNSS,255,BROADCAST,0,HEARTBEAT,48,HEARTBEAT,0,0,0,0,0,0,0x1001BFC0
1777183830.432,3167280,4,6,GNSS,255,BROADCAST,0,HEARTBEAT,48,HEARTBEAT,0,0,0,0,0,0,0x1001BFC0
1777183831.452,3168277,4,6,GNSS,255,BROADCAST,0,HEARTBEAT,48,HEARTBEAT,0,0,0,0,0,0,0x1001BFC0
1777183832.418,3169274,4,6,GNSS,255,BROADCAST,0,HEARTBEAT,48,HEARTBEAT,0,0,0,0,0,0,0x1001BFC0
1777183832.418,3169275,4,6,GNSS,1,CDH,10,HEALTH,1,HEALTH_0x01,0,0,0,0,1,1,0x1001804A
1777183832.418,3169276,2,6,GNSS,1,CDH,4,TELEMETRY,2,TELEMETRY_0x02,0,0,0,0,0,0,0x08018044
1777183833.415,3170272,4,6,GNSS,255,BROADCAST,0,HEARTBEAT,48,HEARTBEAT,0,0,0,0,0,0,0x1001BFC0
1777183834.424,3171270,4,6,GNSS,255,BROADCAST,0,HEARTBEAT,48,HEARTBEAT,0,0,0,0,0,0,0x1001BFC0
1777183835.447,3172267,4,6,GNSS,255,BROADCAST,0,HEARTBEAT,48,HEARTBEAT,0,0,0,0,0,0,0x1001BFC0
1777183836.407,3173264,4,6,GNSS,255,BROADCAST,0,HEARTBEAT,48,HEARTBEAT,0,0,0,0,0,0,0x1001BFC0
1777183837.404,3174261,4,6,GNSS,255,BROADCAST,0,HEARTBEAT,48,HEARTBEAT,0,0,0,0,0,0,0x1001BFC0
1777183837.406,3174262,4,6,GNSS,1,CDH,10,HEALTH,1,HEALTH_0x01,0,0,0,0,1,1,0x1001804A
1777183837.406,3174263,2,6,GNSS,1,CDH,4,TELEMETRY,2,TELEMETRY_0x02,0,0,0,0,0,0,0x08018044
1777183838.413,3175259,4,6,GNSS,255,BROADCAST,0,HEARTBEAT,48,HEARTBEAT,0,0,0,0,0,0,0x1001BFC0
1777183839.399,3176256,4,6,GNSS,255,BROADCAST,0,HEARTBEAT,48,HEARTBEAT,0,0,0,0,0,0,0x1001BFC0
1777183840.396,3177253,4,6,GNSS,255,BROADCAST,0,HEARTBEAT,48,HEARTBEAT,0,0,0,0,0,0,0x1001BFC0
1777183841.394,3178250,4,6,GNSS,255,BROADCAST,0,HEARTBEAT,48,HEARTBEAT,0,0,0,0,0,0,0x1001BFC0
1777183842.414,3179247,4,6,GNSS,255,BROADCAST,0,HEARTBEAT,48,HEARTBEAT,0,0,0,0,0,0,0x1001BFC0
1777183842.414,3179249,4,6,GNSS,1,CDH,10,HEALTH,1,HEALTH_0x01,0,0,0,0,1,1,0x1001804A
1777183842.414,3179250,2,6,GNSS,1,CDH,4,TELEMETRY,2,TELEMETRY_0x02,0,0,0,0,0,0,0x08018044
1777183843.389,3180246,4,6,GNSS,255,BROADCAST,0,HEARTBEAT,48,HEARTBEAT,0,0,0,0,0,0,0x1001BFC0
1777183844.386,3181243,4,6,GNSS,255,BROADCAST,0,HEARTBEAT,48,HEARTBEAT,0,0,0,0,0,0,0x1001BFC0
1777183845.383,3182240,4,6,GNSS,255,BROADCAST,0,HEARTBEAT,48,HEARTBEAT,0,0,0,0,0,0,0x1001BFC0
1777183846.408,3183237,4,6,GNSS,255,BROADCAST,0,HEARTBEAT,48,HEARTBEAT,0,0,0,0,0,0,0x1001BFC0
1777183847.377,3184234,4,6,GNSS,255,BROADCAST,0,HEARTBEAT,48,HEARTBEAT,0,0,0,0,0,0,0x1001BFC0
1777183847.378,3184235,4,6,GNSS,1,CDH,10,HEALTH,1,HEALTH_0x01,0,0,0,0,1,1,0x1001804A
1777183847.379,3184236,2,6,GNSS,1,CDH,4,TELEMETRY,2,TELEMETRY_0x02,0,0,0,0,0,0,0x08018044
1777183848.377,3185232,4,6,GNSS,255,BROADCAST,0,HEARTBEAT,48,HEARTBEAT,0,0,0,0,0,0,0x1001BFC0
1777183849.372,3186229,4,6,GNSS,255,BROADCAST,0,HEARTBEAT,48,HEARTBEAT,0,0,0,0,0,0,0x1001BFC0
1777183850.399,3187226,4,6,GNSS,255,BROADCAST,0,HEARTBEAT,48,HEARTBEAT,0,0,0,0,0,0,0x1001BFC0
1777183851.366,3188224,4,6,GNSS,255,BROADCAST,0,HEARTBEAT,48,HEARTBEAT,0,0,0,0,0,0,0x1001BFC0
1777183852.366,3189221,4,6,GNSS,255,BROADCAST,0,HEARTBEAT,48,HEARTBEAT,0,0,0,0,0,0,0x1001BFC0
1777183852.366,3189222,4,6,GNSS,1,CDH,10,HEALTH,1,HEALTH_0x01,0,0,0,0,1,1,0x1001804A
1777183852.366,3189223,2,6,GNSS,1,CDH,4,TELEMETRY,2,TELEMETRY_0x02,0,0,0,0,0,0,0x08018044
1777183853.367,3190219,4,6,GNSS,255,BROADCAST,0,HEARTBEAT,48,HEARTBEAT,0,0,0,0,0,0,0x1001BFC0
1777183854.390,3191216,4,6,GNSS,255,BROADCAST,0,HEARTBEAT,48,HEARTBEAT,0,0,0,0,0,0,0x1001BFC0
1777183855.356,3192213,4,6,GNSS,255,BROADCAST,0,HEARTBEAT,48,HEARTBEAT,0,0,0,0,0,0,0x1001BFC0
1777183856.353,3193210,4,6,GNSS,255,BROADCAST,0,HEARTBEAT,48,HEARTBEAT,0,0,0,0,0,0,0x1001BFC0
1777183857.357,3194207,4,6,GNSS,255,BROADCAST,0,HEARTBEAT,48,HEARTBEAT,0,0,0,0,0,0,0x1001BFC0
1777183857.357,3194209,4,6,GNSS,1,CDH,10,HEALTH,1,HEALTH_0x01,0,0,0,0,1,1,0x1001804A
1777183857.357,3194210,2,6,GNSS,1,CDH,4,TELEMETRY,2,TELEMETRY_0x02,0,0,0,0,0,0,0x08018044
1777183858.383,3195205,4,6,GNSS,255,BROADCAST,0,HEARTBEAT,48,HEARTBEAT,0,0,0,0,0,0,0x1001BFC0
1777183859.345,3196202,4,6,GNSS,255,BROADCAST,0,HEARTBEAT,48,HEARTBEAT,0,0,0,0,0,0,0x1001BFC0
1777183860.343,3197199,4,6,GNSS,255,BROADCAST,0,HEARTBEAT,48,HEARTBEAT,0,0,0,0,0,0,0x1001BFC0
1777183861.354,3198197,4,6,GNSS,255,BROADCAST,0,HEARTBEAT,48,HEARTBEAT,0,0,0,0,0,0,0x1001BFC0
1777183862.339,3199194,4,6,GNSS,255,BROADCAST,0,HEARTBEAT,48,HEARTBEAT,0,0,0,0,0,0,0x1001BFC0
1777183862.339,3199195,4,6,GNSS,1,CDH,10,HEALTH,1,HEALTH_0x01,0,0,0,0,1,1,0x1001804A
1777183862.370,3199196,2,6,GNSS,1,CDH,4,TELEMETRY,2,TELEMETRY_0x02,0,0,0,0,0,0,0x08018044
1777183863.335,3200192,4,6,GNSS,255,BROADCAST,0,HEARTBEAT,48,HEARTBEAT,0,0,0,0,0,0,0x1001BFC0
1777183864.332,3201189,4,6,GNSS,255,BROADCAST,0,HEARTBEAT,48,HEARTBEAT,0,0,0,0,0,0,0x1001BFC0
1777183865.353,3202186,4,6,GNSS,255,BROADCAST,0,HEARTBEAT,48,HEARTBEAT,0,0,0,0,0,0,0x1001BFC0
1777183866.327,3203183,4,6,GNSS,255,BROADCAST,0,HEARTBEAT,48,HEARTBEAT,0,0,0,0,0,0,0x1001BFC0
1777183867.325,3204180,4,6,GNSS,255,BROADCAST,0,HEARTBEAT,48,HEARTBEAT,0,0,0,0,0,0,0x1001BFC0
1777183867.325,3204181,4,6,GNSS,1,CDH,10,HEALTH,1,HEALTH_0x01,0,0,0,0,1,1,0x1001804A
1777183867.325,3204182,2,6,GNSS,1,CDH,4,TELEMETRY,2,TELEMETRY_0x02,0,0,0,0,0,0,0x08018044
1777183868.321,3205178,4,6,GNSS,255,BROADCAST,0,HEARTBEAT,48,HEARTBEAT,0,0,0,0,0,0,0x1001BFC0
1777183869.333,3206175,4,6,GNSS,255,BROADCAST,0,HEARTBEAT,48,HEARTBEAT,0,0,0,0,0,0,0x1001BFC0
1777183870.316,3207173,4,6,GNSS,255,BROADCAST,0,HEARTBEAT,48,HEARTBEAT,0,0,0,0,0,0,0x1001BFC0
1777183871.312,3208170,4,6,GNSS,255,BROADCAST,0,HEARTBEAT,48,HEARTBEAT,0,0,0,0,0,0,0x1001BFC0
1777183872.312,3209167,4,6,GNSS,255,BROADCAST,0,HEARTBEAT,48,HEARTBEAT,0,0,0,0,0,0,0x1001BFC0
1777183872.312,3209168,4,6,GNSS,1,CDH,10,HEALTH,1,HEALTH_0x01,0,0,0,0,1,1,0x1001804A
1777183872.312,3209169,2,6,GNSS,1,CDH,4,TELEMETRY,2,TELEMETRY_0x02,0,0,0,0,0,0,0x08018044
1777183873.354,3210165,4,6,GNSS,255,BROADCAST,0,HEARTBEAT,48,HEARTBEAT,0,0,0,0,0,0,0x1001BFC0
1777183874.305,3211162,4,6,GNSS,255,BROADCAST,0,HEARTBEAT,48,HEARTBEAT,0,0,0,0,0,0,0x1001BFC0
1777183875.304,3212159,4,6,GNSS,255,BROADCAST,0,HEARTBEAT,48,HEARTBEAT,0,0,0,0,0,0,0x1001BFC0
1777183876.311,3213156,4,6,GNSS,255,BROADCAST,0,HEARTBEAT,48,HEARTBEAT,0,0,0,0,0,0,0x1001BFC0
1777183877.332,3214153,4,6,GNSS,255,BROADCAST,0,HEARTBEAT,48,HEARTBEAT,0,0,0,0,0,0,0x1001BFC0
1777183877.332,3214154,4,6,GNSS,1,CDH,10,HEALTH,1,HEALTH_0x01,0,0,0,0,1,1,0x1001804A
1777183877.332,3214155,2,6,GNSS,1,CDH,4,TELEMETRY,2,TELEMETRY_0x02,0,0,0,0,0,0,0x08018044
1777183878.295,3215151,4,6,GNSS,255,BROADCAST,0,HEARTBEAT,48,HEARTBEAT,0,0,0,0,0,0,0x1001BFC0
1777183879.291,3216148,4,6,GNSS,255,BROADCAST,0,HEARTBEAT,48,HEARTBEAT,0,0,0,0,0,0,0x1001BFC0
1777183880.304,3217145,4,6,GNSS,255,BROADCAST,0,HEARTBEAT,48,HEARTBEAT,0,0,0,0,0,0,0x1001BFC0
1777183881.327,3218142,4,6,GNSS,255,BROADCAST,0,HEARTBEAT,48,HEARTBEAT,0,0,0,0,0,0,0x1001BFC0
1777183882.283,3219139,4,6,GNSS,255,BROADCAST,0,HEARTBEAT,48,HEARTBEAT,0,0,0,0,0,0,0x1001BFC0
1777183882.284,3219140,4,6,GNSS,1,CDH,10,HEALTH,1,HEALTH_0x01,0,0,0,0,1,1,0x1001804A
1777183882.284,3219141,2,6,GNSS,1,CDH,4,TELEMETRY,2,TELEMETRY_0x02,0,0,0,0,0,0,0x08018044
1777183883.286,3220137,4,6,GNSS,255,BROADCAST,0,HEARTBEAT,48,HEARTBEAT,0,0,0,0,0,0,0x1001BFC0
1777183884.293,3221134,4,6,GNSS,255,BROADCAST,0,HEARTBEAT,48,HEARTBEAT,0,0,0,0,0,0,0x1001BFC0
1777183885.275,3222131,4,6,GNSS,255,BROADCAST,0,HEARTBEAT,48,HEARTBEAT,0,0,0,0,0,0,0x1001BFC0
1777183886.273,3223128,4,6,GNSS,255,BROADCAST,0,HEARTBEAT,48,HEARTBEAT,0,0,0,0,0,0,0x1001BFC0
1777183887.269,3224125,4,6,GNSS,255,BROADCAST,0,HEARTBEAT,48,HEARTBEAT,0,0,0,0,0,0,0x1001BFC0
1777183887.271,3224126,4,6,GNSS,1,CDH,10,HEALTH,1,HEALTH_0x01,0,0,0,0,1,1,0x1001804A
1777183887.271,3224128,2,6,GNSS,1,CDH,4,TELEMETRY,2,TELEMETRY_0x02,0,0,0,0,0,0,0x08018044
1777183888.289,3225124,4,6,GNSS,255,BROADCAST,0,HEARTBEAT,48,HEARTBEAT,0,0,0,0,0,0,0x1001BFC0
1777183889.264,3226121,4,6,GNSS,255,BROADCAST,0,HEARTBEAT,48,HEARTBEAT,0,0,0,0,0,0,0x1001BFC0
1777183890.262,3227118,4,6,GNSS,255,BROADCAST,0,HEARTBEAT,48,HEARTBEAT,0,0,0,0,0,0,0x1001BFC0
1777183891.259,3228115,4,6,GNSS,255,BROADCAST,0,HEARTBEAT,48,HEARTBEAT,0,0,0,0,0,0,0x1001BFC0
1777183892.277,3229112,4,6,GNSS,255,BROADCAST,0,HEARTBEAT,48,HEARTBEAT,0,0,0,0,0,0,0x1001BFC0
1777183892.277,3229113,4,6,GNSS,1,CDH,10,HEALTH,1,HEALTH_0x01,0,0,0,0,1,1,0x1001804A
1777183892.277,3229114,2,6,GNSS,1,CDH,4,TELEMETRY,2,TELEMETRY_0x02,0,0,0,0,0,0,0x08018044
1777183893.253,3230110,4,6,GNSS,255,BROADCAST,0,HEARTBEAT,48,HEARTBEAT,0,0,0,0,0,0,0x1001BFC0
1777183894.251,3231107,4,6,GNSS,255,BROADCAST,0,HEARTBEAT,48,HEARTBEAT,0,0,0,0,0,0,0x1001BFC0
1777183895.248,3232104,4,6,GNSS,255,BROADCAST,0,HEARTBEAT,48,HEARTBEAT,0,0,0,0,0,0,0x1001BFC0
1777183896.279,3233101,4,6,GNSS,255,BROADCAST,0,HEARTBEAT,48,HEARTBEAT,0,0,0,0,0,0,0x1001BFC0
1777183897.242,3234098,4,6,GNSS,255,BROADCAST,0,HEARTBEAT,48,HEARTBEAT,0,0,0,0,0,0,0x1001BFC0
1777183897.242,3234099,4,6,GNSS,1,CDH,10,HEALTH,1,HEALTH_0x01,0,0,0,0,1,1,0x1001804A
1777183897.244,3234100,2,6,GNSS,1,CDH,4,TELEMETRY,2,TELEMETRY_0x02,0,0,0,0,0,0,0x08018044
1777183898.240,3235096,4,6,GNSS,255,BROADCAST,0,HEARTBEAT,48,HEARTBEAT,0,0,0,0,0,0,0x1001BFC0
1777183899.239,3236093,4,6,GNSS,255,BROADCAST,0,HEARTBEAT,48,HEARTBEAT,0,0,0,0,0,0,0x1001BFC0
1777183900.260,3237090,4,6,GNSS,255,BROADCAST,0,HEARTBEAT,48,HEARTBEAT,0,0,0,0,0,0,0x1001BFC0
1777183901.231,3238087,4,6,GNSS,255,BROADCAST,0,HEARTBEAT,48,HEARTBEAT,0,0,0,0,0,0,0x1001BFC0
1777183902.230,3239084,4,6,GNSS,255,BROADCAST,0,HEARTBEAT,48,HEARTBEAT,0,0,0,0,0,0,0x1001BFC0
1777183902.230,3239085,4,6,GNSS,1,CDH,10,HEALTH,1,HEALTH_0x01,0,0,0,0,1,1,0x1001804A
1777183902.230,3239087,2,6,GNSS,1,CDH,4,TELEMETRY,2,TELEMETRY_0x02,0,0,0,0,0,0,0x08018044
1777183903.236,3240083,4,6,GNSS,255,BROADCAST,0,HEARTBEAT,48,HEARTBEAT,0,0,0,0,0,0,0x1001BFC0
1777183904.264,3241079,4,6,GNSS,255,BROADCAST,0,HEARTBEAT,48,HEARTBEAT,0,0,0,0,0,0,0x1001BFC0
1777183905.220,3242077,4,6,GNSS,255,BROADCAST,0,HEARTBEAT,48,HEARTBEAT,0,0,0,0,0,0,0x1001BFC0
1777183906.217,3243074,4,6,GNSS,255,BROADCAST,0,HEARTBEAT,48,HEARTBEAT,0,0,0,0,0,0,0x1001BFC0
1777183907.226,3244071,4,6,GNSS,255,BROADCAST,0,HEARTBEAT,48,HEARTBEAT,0,0,0,0,0,0,0x1001BFC0
1777183907.226,3244072,4,6,GNSS,1,CDH,10,HEALTH,1,HEALTH_0x01,0,0,0,0,1,1,0x1001804A
1777183907.226,3244073,2,6,GNSS,1,CDH,4,TELEMETRY,2,TELEMETRY_0x02,0,0,0,0,0,0,0x08018044
1777183908.212,3245069,4,6,GNSS,255,BROADCAST,0,HEARTBEAT,48,HEARTBEAT,0,0,0,0,0,0,0x1001BFC0
1777183909.209,3246066,4,6,GNSS,255,BROADCAST,0,HEARTBEAT,48,HEARTBEAT,0,0,0,0,0,0,0x1001BFC0
1777183910.212,3247063,4,6,GNSS,255,BROADCAST,0,HEARTBEAT,48,HEARTBEAT,0,0,0,0,0,0,0x1001BFC0
1777183911.226,3248060,4,6,GNSS,255,BROADCAST,0,HEARTBEAT,48,HEARTBEAT,0,0,0,0,0,0,0x1001BFC0
1777183912.203,3249057,4,6,GNSS,255,BROADCAST,0,HEARTBEAT,48,HEARTBEAT,0,0,0,0,0,0,0x1001BFC0
1777183912.203,3249058,4,6,GNSS,1,CDH,10,HEALTH,1,HEALTH_0x01,0,0,0,0,1,1,0x1001804A
1777183912.203,3249059,2,6,GNSS,1,CDH,4,TELEMETRY,2,TELEMETRY_0x02,0,0,0,0,0,0,0x08018044
1777183913.199,3250055,4,6,GNSS,255,BROADCAST,0,HEARTBEAT,48,HEARTBEAT,0,0,0,0,0,0,0x1001BFC0
1777183914.196,3251052,4,6,GNSS,255,BROADCAST,0,HEARTBEAT,48,HEARTBEAT,0,0,0,0,0,0,0x1001BFC0
1777183915.209,3252049,4,6,GNSS,255,BROADCAST,0,HEARTBEAT,48,HEARTBEAT,0,0,0,0,0,0,0x1001BFC0
1777183916.190,3253046,4,6,GNSS,255,BROADCAST,0,HEARTBEAT,48,HEARTBEAT,0,0,0,0,0,0,0x1001BFC0
1777183917.187,3254043,4,6,GNSS,255,BROADCAST,0,HEARTBEAT,48,HEARTBEAT,0,0,0,0,0,0,0x1001BFC0
1777183917.189,3254044,4,6,GNSS,1,CDH,10,HEALTH,1,HEALTH_0x01,0,0,0,0,1,1,0x1001804A
1777183917.189,3254045,2,6,GNSS,1,CDH,4,TELEMETRY,2,TELEMETRY_0x02,0,0,0,0,0,0,0x08018044
1777183918.191,3255041,4,6,GNSS,255,BROADCAST,0,HEARTBEAT,48,HEARTBEAT,0,0,0,0,0,0,0x1001BFC0
1777183919.210,3256038,4,6,GNSS,255,BROADCAST,0,HEARTBEAT,48,HEARTBEAT,0,0,0,0,0,0,0x1001BFC0
1777183920.179,3257035,4,6,GNSS,255,BROADCAST,0,HEARTBEAT,48,HEARTBEAT,0,0,0,0,0,0,0x1001BFC0
1777183921.176,3258032,4,6,GNSS,255,BROADCAST,0,HEARTBEAT,48,HEARTBEAT,0,0,0,0,0,0,0x1001BFC0
1777183922.176,3259029,4,6,GNSS,255,BROADCAST,0,HEARTBEAT,48,HEARTBEAT,0,0,0,0,0,0,0x1001BFC0
1777183922.176,3259030,4,6,GNSS,1,CDH,10,HEALTH,1,HEALTH_0x01,0,0,0,0,1,1,0x1001804A
1777183922.176,3259031,2,6,GNSS,1,CDH,4,TELEMETRY,2,TELEMETRY_0x02,0,0,0,0,0,0,0x08018044
1777183923.212,3260028,4,6,GNSS,255,BROADCAST,0,HEARTBEAT,48,HEARTBEAT,0,0,0,0,0,0,0x1001BFC0
1777183924.168,3261025,4,6,GNSS,255,BROADCAST,0,HEARTBEAT,48,HEARTBEAT,0,0,0,0,0,0,0x1001BFC0
1777183925.169,3262022,4,6,GNSS,255,BROADCAST,0,HEARTBEAT,48,HEARTBEAT,0,0,0,0,0,0,0x1001BFC0
1777183926.179,3263019,4,6,GNSS,255,BROADCAST,0,HEARTBEAT,48,HEARTBEAT,0,0,0,0,0,0,0x1001BFC0
1777183927.201,3264016,4,6,GNSS,255,BROADCAST,0,HEARTBEAT,48,HEARTBEAT,0,0,0,0,0,0,0x1001BFC0
1777183927.201,3264017,4,6,GNSS,1,CDH,10,HEALTH,1,HEALTH_0x01,0,0,0,0,1,1,0x1001804A
1777183927.201,3264018,2,6,GNSS,1,CDH,4,TELEMETRY,2,TELEMETRY_0x02,0,0,0,0,0,0,0x08018044
1777183928.158,3265014,4,6,GNSS,255,BROADCAST,0,HEARTBEAT,48,HEARTBEAT,0,0,0,0,0,0,0x1001BFC0
1777183929.155,3266011,4,6,GNSS,255,BROADCAST,0,HEARTBEAT,48,HEARTBEAT,0,0,0,0,0,0,0x1001BFC0
1777183930.171,3267008,4,6,GNSS,255,BROADCAST,0,HEARTBEAT,48,HEARTBEAT,0,0,0,0,0,0,0x1001BFC0
1777183931.149,3268005,4,6,GNSS,255,BROADCAST,0,HEARTBEAT,48,HEARTBEAT,0,0,0,0,0,0,0x1001BFC0
1777183932.146,3269002,4,6,GNSS,255,BROADCAST,0,HEARTBEAT,48,HEARTBEAT,0,0,0,0,0,0,0x1001BFC0
1777183932.148,3269004,4,6,GNSS,1,CDH,10,HEALTH,1,HEALTH_0x01,0,0,0,0,1,1,0x1001804A
1777183932.148,3269005,2,6,GNSS,1,CDH,4,TELEMETRY,2,TELEMETRY_0x02,0,0,0,0,0,0,0x08018044
1777183933.144,3270001,4,6,GNSS,255,BROADCAST,0,HEARTBEAT,48,HEARTBEAT,0,0,0,0,0,0,0x1001BFC0
1777183934.166,3270998,4,6,GNSS,255,BROADCAST,0,HEARTBEAT,48,HEARTBEAT,0,0,0,0,0,0,0x1001BFC0
1777183935.138,3271995,4,6,GNSS,255,BROADCAST,0,HEARTBEAT,48,HEARTBEAT,0,0,0,0,0,0,0x1001BFC0
1777183936.136,3272992,4,6,GNSS,255,BROADCAST,0,HEARTBEAT,48,HEARTBEAT,0,0,0,0,0,0,0x1001BFC0
1777183937.135,3273989,4,6,GNSS,255,BROADCAST,0,HEARTBEAT,48,HEARTBEAT,0,0,0,0,0,0,0x1001BFC0
1777183937.135,3273990,4,6,GNSS,1,CDH,10,HEALTH,1,HEALTH_0x01,0,0,0,0,1,1,0x1001804A
1777183937.136,3273991,2,6,GNSS,1,CDH,4,TELEMETRY,2,TELEMETRY_0x02,0,0,0,0,0,0,0x08018044
1777183938.159,3274987,4,6,GNSS,255,BROADCAST,0,HEARTBEAT,48,HEARTBEAT,0,0,0,0,0,0,0x1001BFC0
1777183939.129,3275984,4,6,GNSS,255,BROADCAST,0,HEARTBEAT,48,HEARTBEAT,0,0,0,0,0,0,0x1001BFC0
1777183940.125,3276981,4,6,GNSS,255,BROADCAST,0,HEARTBEAT,48,HEARTBEAT,0,0,0,0,0,0,0x1001BFC0
1777183941.128,3277979,4,6,GNSS,255,BROADCAST,0,HEARTBEAT,48,HEARTBEAT,0,0,0,0,0,0,0x1001BFC0
1777183942.147,3278976,4,6,GNSS,255,BROADCAST,0,HEARTBEAT,48,HEARTBEAT,0,0,0,0,0,0,0x1001BFC0
1777183942.147,3278977,4,6,GNSS,1,CDH,10,HEALTH,1,HEALTH_0x01,0,0,0,0,1,1,0x1001804A
1777183942.147,3278978,2,6,GNSS,1,CDH,4,TELEMETRY,2,TELEMETRY_0x02,0,0,0,0,0,0,0x08018044
1777183943.118,3279974,4,6,GNSS,255,BROADCAST,0,HEARTBEAT,48,HEARTBEAT,0,0,0,0,0,0,0x1001BFC0
1777183944.115,3280971,4,6,GNSS,255,BROADCAST,0,HEARTBEAT,48,HEARTBEAT,0,0,0,0,0,0,0x1001BFC0
1777183945.123,3281968,4,6,GNSS,255,BROADCAST,0,HEARTBEAT,48,HEARTBEAT,0,0,0,0,0,0,0x1001BFC0
1777183946.146,3282965,4,6,GNSS,255,BROADCAST,0,HEARTBEAT,48,HEARTBEAT,0,0,0,0,0,0,0x1001BFC0
1777183947.107,3283963,4,6,GNSS,255,BROADCAST,0,HEARTBEAT,48,HEARTBEAT,0,0,0,0,0,0,0x1001BFC0
1777183947.108,3283964,4,6,GNSS,1,CDH,10,HEALTH,1,HEALTH_0x01,0,0,0,0,1,1,0x1001804A
1777183947.109,3283965,2,6,GNSS,1,CDH,4,TELEMETRY,2,TELEMETRY_0x02,0,0,0,0,0,0,0x08018044
1777183948.105,3284961,4,6,GNSS,255,BROADCAST,0,HEARTBEAT,48,HEARTBEAT,0,0,0,0,0,0,0x1001BFC0
1777183949.111,3285958,4,6,GNSS,255,BROADCAST,0,HEARTBEAT,48,HEARTBEAT,0,0,0,0,0,0,0x1001BFC0
1777183950.142,3286955,4,6,GNSS,255,BROADCAST,0,HEARTBEAT,48,HEARTBEAT,0,0,0,0,0,0,0x1001BFC0
1777183951.096,3287952,4,6,GNSS,255,BROADCAST,0,HEARTBEAT,48,HEARTBEAT,0,0,0,0,0,0,0x1001BFC0
1777183952.095,3288949,4,6,GNSS,255,BROADCAST,0,HEARTBEAT,48,HEARTBEAT,0,0,0,0,0,0,0x1001BFC0
1777183952.095,3288950,4,6,GNSS,1,CDH,10,HEALTH,1,HEALTH_0x01,0,0,0,0,1,1,0x1001804A
1777183952.095,3288951,2,6,GNSS,1,CDH,4,TELEMETRY,2,TELEMETRY_0x02,0,0,0,0,0,0,0x08018044
1777183953.118,3289947,4,6,GNSS,255,BROADCAST,0,HEARTBEAT,48,HEARTBEAT,0,0,0,0,0,0,0x1001BFC0
1777183954.088,3290944,4,6,GNSS,255,BROADCAST,0,HEARTBEAT,48,HEARTBEAT,0,0,0,0,0,0,0x1001BFC0
1777183955.089,3291942,4,6,GNSS,255,BROADCAST,0,HEARTBEAT,48,HEARTBEAT,0,0,0,0,0,0,0x1001BFC0
1777183956.083,3292938,4,6,GNSS,255,BROADCAST,0,HEARTBEAT,48,HEARTBEAT,0,0,0,0,0,0,0x1001BFC0
1777183957.104,3293935,4,6,GNSS,255,BROADCAST,0,HEARTBEAT,48,HEARTBEAT,0,0,0,0,0,0,0x1001BFC0
1777183957.104,3293937,4,6,GNSS,1,CDH,10,HEALTH,1,HEALTH_0x01,0,0,0,0,1,1,0x1001804A
1777183957.104,3293938,2,6,GNSS,1,CDH,4,TELEMETRY,2,TELEMETRY_0x02,0,0,0,0,0,0,0x08018044
1777183958.078,3294934,4,6,GNSS,255,BROADCAST,0,HEARTBEAT,48,HEARTBEAT,0,0,0,0,0,0,0x1001BFC0
1777183959.077,3295931,4,6,GNSS,255,BROADCAST,0,HEARTBEAT,48,HEARTBEAT,0,0,0,0,0,0,0x1001BFC0
1777183960.073,3296928,4,6,GNSS,255,BROADCAST,0,HEARTBEAT,48,HEARTBEAT,0,0,0,0,0,0,0x1001BFC0
1777183961.098,3297925,4,6,GNSS,255,BROADCAST,0,HEARTBEAT,48,HEARTBEAT,0,0,0,0,0,0,0x1001BFC0
1777183962.067,3298922,4,6,GNSS,255,BROADCAST,0,HEARTBEAT,48,HEARTBEAT,0,0,0,0,0,0,0x1001BFC0
1777183962.068,3298923,4,6,GNSS,1,CDH,10,HEALTH,1,HEALTH_0x01,0,0,0,0,1,1,0x1001804A
1777183962.069,3298924,2,6,GNSS,1,CDH,4,TELEMETRY,2,TELEMETRY_0x02,0,0,0,0,0,0,0x08018044
1777183963.065,3299920,4,6,GNSS,255,BROADCAST,0,HEARTBEAT,48,HEARTBEAT,0,0,0,0,0,0,0x1001BFC0
1777183964.065,3300917,4,6,GNSS,255,BROADCAST,0,HEARTBEAT,48,HEARTBEAT,0,0,0,0,0,0,0x1001BFC0
1777183965.090,3301915,4,6,GNSS,255,BROADCAST,0,HEARTBEAT,48,HEARTBEAT,0,0,0,0,0,0,0x1001BFC0
1777183966.056,3302912,4,6,GNSS,255,BROADCAST,0,HEARTBEAT,48,HEARTBEAT,0,0,0,0,0,0,0x1001BFC0
1777183967.054,3303909,4,6,GNSS,255,BROADCAST,0,HEARTBEAT,48,HEARTBEAT,0,0,0,0,0,0,0x1001BFC0
1777183967.055,3303910,4,6,GNSS,1,CDH,10,HEALTH,1,HEALTH_0x01,0,0,0,0,1,1,0x1001804A
1777183967.056,3303911,2,6,GNSS,1,CDH,4,TELEMETRY,2,TELEMETRY_0x02,0,0,0,0,0,0,0x08018044
1777183968.052,3304907,4,6,GNSS,255,BROADCAST,0,HEARTBEAT,48,HEARTBEAT,0,0,0,0,0,0,0x1001BFC0
1777183969.083,3305904,4,6,GNSS,255,BROADCAST,0,HEARTBEAT,48,HEARTBEAT,0,0,0,0,0,0,0x1001BFC0
1777183970.046,3306902,4,6,GNSS,255,BROADCAST,0,HEARTBEAT,48,HEARTBEAT,0,0,0,0,0,0,0x1001BFC0
1777183971.043,3307899,4,6,GNSS,255,BROADCAST,0,HEARTBEAT,48,HEARTBEAT,0,0,0,0,0,0,0x1001BFC0
1777183972.054,3308896,4,6,GNSS,255,BROADCAST,0,HEARTBEAT,48,HEARTBEAT,0,0,0,0,0,0,0x1001BFC0
1777183972.054,3308898,4,6,GNSS,1,CDH,10,HEALTH,1,HEALTH_0x01,0,0,0,0,1,1,0x1001804A
1777183972.054,3308899,2,6,GNSS,1,CDH,4,TELEMETRY,2,TELEMETRY_0x02,0,0,0,0,0,0,0x08018044
1777183973.075,3309894,4,6,GNSS,255,BROADCAST,0,HEARTBEAT,48,HEARTBEAT,0,0,0,0,0,0,0x1001BFC0
1777183974.037,3310891,4,6,GNSS,255,BROADCAST,0,HEARTBEAT,48,HEARTBEAT,0,0,0,0,0,0,0x1001BFC0
1777183975.033,3311888,4,6,GNSS,255,BROADCAST,0,HEARTBEAT,48,HEARTBEAT,0,0,0,0,0,0,0x1001BFC0
1777183976.049,3312885,4,6,GNSS,255,BROADCAST,0,HEARTBEAT,48,HEARTBEAT,0,0,0,0,0,0,0x1001BFC0
1777183977.028,3313883,4,6,GNSS,255,BROADCAST,0,HEARTBEAT,48,HEARTBEAT,0,0,0,0,0,0,0x1001BFC0
1777183977.028,3313884,4,6,GNSS,1,CDH,10,HEALTH,1,HEALTH_0x01,0,0,0,0,1,1,0x1001804A
1777183977.070,3313885,2,6,GNSS,1,CDH,4,TELEMETRY,2,TELEMETRY_0x02,0,0,0,0,0,0,0x08018044
1777183978.025,3314881,4,6,GNSS,255,BROADCAST,0,HEARTBEAT,48,HEARTBEAT,0,0,0,0,0,0,0x1001BFC0
1777183979.022,3315878,4,6,GNSS,255,BROADCAST,0,HEARTBEAT,48,HEARTBEAT,0,0,0,0,0,0,0x1001BFC0
1777183980.041,3316875,4,6,GNSS,255,BROADCAST,0,HEARTBEAT,48,HEARTBEAT,0,0,0,0,0,0,0x1001BFC0
1777183981.017,3317872,4,6,GNSS,255,BROADCAST,0,HEARTBEAT,48,HEARTBEAT,0,0,0,0,0,0,0x1001BFC0
1777183982.016,3318869,4,6,GNSS,255,BROADCAST,0,HEARTBEAT,48,HEARTBEAT,0,0,0,0,0,0,0x1001BFC0
1777183982.016,3318870,4,6,GNSS,1,CDH,10,HEALTH,1,HEALTH_0x01,0,0,0,0,1,1,0x1001804A
1777183982.016,3318871,2,6,GNSS,1,CDH,4,TELEMETRY,2,TELEMETRY_0x02,0,0,0,0,0,0,0x08018044
1777183983.012,3319868,4,6,GNSS,255,BROADCAST,0,HEARTBEAT,48,HEARTBEAT,0,0,0,0,0,0,0x1001BFC0
1777183984.036,3320865,4,6,GNSS,255,BROADCAST,0,HEARTBEAT,48,HEARTBEAT,0,0,0,0,0,0,0x1001BFC0
1777183985.006,3321862,4,6,GNSS,255,BROADCAST,0,HEARTBEAT,48,HEARTBEAT,0,0,0,0,0,0,0x1001BFC0
1777183986.003,3322859,4,6,GNSS,255,BROADCAST,0,HEARTBEAT,48,HEARTBEAT,0,0,0,0,0,0,0x1001BFC0
1777183987.005,3323856,4,6,GNSS,255,BROADCAST,0,HEARTBEAT,48,HEARTBEAT,0,0,0,0,0,0,0x1001BFC0
1777183987.005,3323857,4,6,GNSS,1,CDH,10,HEALTH,1,HEALTH_0x01,0,0,0,0,1,1,0x1001804A
1777183987.005,3323858,2,6,GNSS,1,CDH,4,TELEMETRY,2,TELEMETRY_0x02,0,0,0,0,0,0,0x08018044
1777183988.025,3324854,4,6,GNSS,255,BROADCAST,0,HEARTBEAT,48,HEARTBEAT,0,0,0,0,0,0,0x1001BFC0
1777183989.008,3325852,4,6,GNSS,255,BROADCAST,0,HEARTBEAT,48,HEARTBEAT,0,0,0,0,0,0,0x1001BFC0
1777183989.994,3326849,4,6,GNSS,255,BROADCAST,0,HEARTBEAT,48,HEARTBEAT,0,0,0,0,0,0,0x1001BFC0
1777183990.999,3327846,4,6,GNSS,255,BROADCAST,0,HEARTBEAT,48,HEARTBEAT,0,0,0,0,0,0,0x1001BFC0
1777183992.010,3328843,4,6,GNSS,255,BROADCAST,0,HEARTBEAT,48,HEARTBEAT,0,0,0,0,0,0,0x1001BFC0
1777183992.010,3328844,4,6,GNSS,1,CDH,10,HEALTH,1,HEALTH_0x01,0,0,0,0,1,1,0x1001804A
1777183992.010,3328845,2,6,GNSS,1,CDH,4,TELEMETRY,2,TELEMETRY_0x02,0,0,0,0,0,0,0x08018044
1777183992.986,3329841,4,6,GNSS,255,BROADCAST,0,HEARTBEAT,48,HEARTBEAT,0,0,0,0,0,0,0x1001BFC0
1777183993.983,3330838,4,6,GNSS,255,BROADCAST,0,HEARTBEAT,48,HEARTBEAT,0,0,0,0,0,0,0x1001BFC0
1777183994.990,3331835,4,6,GNSS,255,BROADCAST,0,HEARTBEAT,48,HEARTBEAT,0,0,0,0,0,0,0x1001BFC0
1777183996.017,3332832,4,6,GNSS,255,BROADCAST,0,HEARTBEAT,48,HEARTBEAT,0,0,0,0,0,0,0x1001BFC0
1777183996.975,3333830,4,6,GNSS,255,BROADCAST,0,HEARTBEAT,48,HEARTBEAT,0,0,0,0,0,0,0x1001BFC0
1777183996.975,3333831,4,6,GNSS,1,CDH,10,HEALTH,1,HEALTH_0x01,0,0,0,0,1,1,0x1001804A
1777183996.977,3333832,2,6,GNSS,1,CDH,4,TELEMETRY,2,TELEMETRY_0x02,0,0,0,0,0,0,0x08018044
1777183997.973,3334828,4,6,GNSS,255,BROADCAST,0,HEARTBEAT,48,HEARTBEAT,0,0,0,0,0,0,0x1001BFC0
1777183998.988,3335825,4,6,GNSS,255,BROADCAST,0,HEARTBEAT,48,HEARTBEAT,0,0,0,0,0,0,0x1001BFC0
1777183999.968,3336823,4,6,GNSS,255,BROADCAST,0,HEARTBEAT,48,HEARTBEAT,0,0,0,0,0,0,0x1001BFC0
1777184000.965,3337820,4,6,GNSS,255,BROADCAST,0,HEARTBEAT,48,HEARTBEAT,0,0,0,0,0,0,0x1001BFC0
1777184001.962,3338817,4,6,GNSS,255,BROADCAST,0,HEARTBEAT,48,HEARTBEAT,0,0,0,0,0,0,0x1001BFC0
1777184001.963,3338818,4,6,GNSS,1,CDH,10,HEALTH,1,HEALTH_0x01,0,0,0,0,1,1,0x1001804A
1777184001.964,3338819,2,6,GNSS,1,CDH,4,TELEMETRY,2,TELEMETRY_0x02,0,0,0,0,0,0,0x08018044
1777184002.976,3339815,4,6,GNSS,255,BROADCAST,0,HEARTBEAT,48,HEARTBEAT,0,0,0,0,0,0,0x1001BFC0
1777184003.958,3340812,4,6,GNSS,255,BROADCAST,0,HEARTBEAT,48,HEARTBEAT,0,0,0,0,0,0,0x1001BFC0
1777184004.954,3341810,4,6,GNSS,255,BROADCAST,0,HEARTBEAT,48,HEARTBEAT,0,0,0,0,0,0,0x1001BFC0
1777184005.952,3342807,4,6,GNSS,255,BROADCAST,0,HEARTBEAT,48,HEARTBEAT,0,0,0,0,0,0,0x1001BFC0
1777184006.966,3343804,4,6,GNSS,255,BROADCAST,0,HEARTBEAT,48,HEARTBEAT,0,0,0,0,0,0,0x1001BFC0
1777184006.966,3343805,4,6,GNSS,1,CDH,10,HEALTH,1,HEALTH_0x01,0,0,0,0,1,1,0x1001804A
1777184006.966,3343806,2,6,GNSS,1,CDH,4,TELEMETRY,2,TELEMETRY_0x02,0,0,0,0,0,0,0x08018044
1777184007.947,3344802,4,6,GNSS,255,BROADCAST,0,HEARTBEAT,48,HEARTBEAT,0,0,0,0,0,0,0x1001BFC0
1777184008.944,3345799,4,6,GNSS,255,BROADCAST,0,HEARTBEAT,48,HEARTBEAT,0,0,0,0,0,0,0x1001BFC0
1777184009.942,3346796,4,6,GNSS,255,BROADCAST,0,HEARTBEAT,48,HEARTBEAT,0,0,0,0,0,0,0x1001BFC0
1777184010.968,3347793,4,6,GNSS,255,BROADCAST,0,HEARTBEAT,48,HEARTBEAT,0,0,0,0,0,0,0x1001BFC0
1777184011.938,3348790,4,6,GNSS,255,BROADCAST,0,HEARTBEAT,48,HEARTBEAT,0,0,0,0,0,0,0x1001BFC0
1777184011.938,3348791,4,6,GNSS,1,CDH,10,HEALTH,1,HEALTH_0x01,0,0,0,0,1,1,0x1001804A
1777184011.938,3348793,2,6,GNSS,1,CDH,4,TELEMETRY,2,TELEMETRY_0x02,0,0,0,0,0,0,0x08018044
1777184012.934,3349789,4,6,GNSS,255,BROADCAST,0,HEARTBEAT,48,HEARTBEAT,0,0,0,0,0,0,0x1001BFC0
1777184013.934,3350786,4,6,GNSS,255,BROADCAST,0,HEARTBEAT,48,HEARTBEAT,0,0,0,0,0,0,0x1001BFC0
1777184014.961,3351783,4,6,GNSS,255,BROADCAST,0,HEARTBEAT,48,HEARTBEAT,0,0,0,0,0,0,0x1001BFC0
1777184015.925,3352780,4,6,GNSS,255,BROADCAST,0,HEARTBEAT,48,HEARTBEAT,0,0,0,0,0,0,0x1001BFC0
1777184016.923,3353777,4,6,GNSS,255,BROADCAST,0,HEARTBEAT,48,HEARTBEAT,0,0,0,0,0,0,0x1001BFC0
1777184016.926,3353778,4,6,GNSS,1,CDH,10,HEALTH,1,HEALTH_0x01,0,0,0,0,1,1,0x1001804A
1777184016.926,3353779,2,6,GNSS,1,CDH,4,TELEMETRY,2,TELEMETRY_0x02,0,0,0,0,0,0,0x08018044
1777184017.929,3354775,4,6,GNSS,255,BROADCAST,0,HEARTBEAT,48,HEARTBEAT,0,0,0,0,0,0,0x1001BFC0
1777184018.946,3355772,4,6,GNSS,255,BROADCAST,0,HEARTBEAT,48,HEARTBEAT,0,0,0,0,0,0,0x1001BFC0
1777184019.915,3356770,4,6,GNSS,255,BROADCAST,0,HEARTBEAT,48,HEARTBEAT,0,0,0,0,0,0,0x1001BFC0
1777184020.914,3357767,4,6,GNSS,255,BROADCAST,0,HEARTBEAT,48,HEARTBEAT,0,0,0,0,0,0,0x1001BFC0
1777184021.925,3358764,4,6,GNSS,255,BROADCAST,0,HEARTBEAT,48,HEARTBEAT,0,0,0,0,0,0,0x1001BFC0
1777184021.925,3358765,4,6,GNSS,1,CDH,10,HEALTH,1,HEALTH_0x01,0,0,0,0,1,1,0x1001804A
1777184021.925,3358766,2,6,GNSS,1,CDH,4,TELEMETRY,2,TELEMETRY_0x02,0,0,0,0,0,0,0x08018044
1777184022.949,3359762,4,6,GNSS,255,BROADCAST,0,HEARTBEAT,48,HEARTBEAT,0,0,0,0,0,0,0x1001BFC0
1777184023.908,3360759,4,6,GNSS,255,BROADCAST,0,HEARTBEAT,48,HEARTBEAT,0,0,0,0,0,0,0x1001BFC0
1777184024.901,3361756,4,6,GNSS,255,BROADCAST,0,HEARTBEAT,48,HEARTBEAT,0,0,0,0,0,0,0x1001BFC0
1777184025.920,3362753,4,6,GNSS,255,BROADCAST,0,HEARTBEAT,48,HEARTBEAT,0,0,0,0,0,0,0x1001BFC0
1777184026.896,3363750,4,6,GNSS,255,BROADCAST,0,HEARTBEAT,48,HEARTBEAT,0,0,0,0,0,0,0x1001BFC0
1777184026.896,3363751,4,6,GNSS,1,CDH,10,HEALTH,1,HEALTH_0x01,0,0,0,0,1,1,0x1001804A
1777184026.898,3363753,2,6,GNSS,1,CDH,4,TELEMETRY,2,TELEMETRY_0x02,0,0,0,0,0,0,0x08018044
1777184027.895,3364750,4,6,GNSS,255,BROADCAST,0,HEARTBEAT,48,HEARTBEAT,0,0,0,0,0,0,0x1001BFC0
1777184028.891,3365746,4,6,GNSS,255,BROADCAST,0,HEARTBEAT,48,HEARTBEAT,0,0,0,0,0,0,0x1001BFC0
1777184029.911,3366743,4,6,GNSS,255,BROADCAST,0,HEARTBEAT,48,HEARTBEAT,0,0,0,0,0,0,0x1001BFC0
1777184030.885,3367740,4,6,GNSS,255,BROADCAST,0,HEARTBEAT,48,HEARTBEAT,0,0,0,0,0,0,0x1001BFC0
1777184031.884,3368737,4,6,GNSS,255,BROADCAST,0,HEARTBEAT,48,HEARTBEAT,0,0,0,0,0,0,0x1001BFC0
1777184031.885,3368738,4,6,GNSS,1,CDH,10,HEALTH,1,HEALTH_0x01,0,0,0,0,1,1,0x1001804A
1777184031.886,3368739,2,6,GNSS,1,CDH,4,TELEMETRY,2,TELEMETRY_0x02,0,0,0,0,0,0,0x08018044
1777184032.886,3369735,4,6,GNSS,255,BROADCAST,0,HEARTBEAT,48,HEARTBEAT,0,0,0,0,0,0,0x1001BFC0
1777184033.902,3370732,4,6,GNSS,255,BROADCAST,0,HEARTBEAT,48,HEARTBEAT,0,0,0,0,0,0,0x1001BFC0
1777184034.876,3371729,4,6,GNSS,255,BROADCAST,0,HEARTBEAT,48,HEARTBEAT,0,0,0,0,0,0,0x1001BFC0
1777184035.872,3372726,4,6,GNSS,255,BROADCAST,0,HEARTBEAT,48,HEARTBEAT,0,0,0,0,0,0,0x1001BFC0
1777184036.877,3373723,4,6,GNSS,255,BROADCAST,0,HEARTBEAT,48,HEARTBEAT,0,0,0,0,0,0,0x1001BFC0
1777184036.877,3373725,4,6,GNSS,1,CDH,10,HEALTH,1,HEALTH_0x01,0,0,0,0,1,1,0x1001804A
1777184036.877,3373726,2,6,GNSS,1,CDH,4,TELEMETRY,2,TELEMETRY_0x02,0,0,0,0,0,0,0x08018044
1777184037.892,3374722,4,6,GNSS,255,BROADCAST,0,HEARTBEAT,48,HEARTBEAT,0,0,0,0,0,0,0x1001BFC0
1777184038.864,3375719,4,6,GNSS,255,BROADCAST,0,HEARTBEAT,48,HEARTBEAT,0,0,0,0,0,0,0x1001BFC0
1777184039.861,3376716,4,6,GNSS,255,BROADCAST,0,HEARTBEAT,48,HEARTBEAT,0,0,0,0,0,0,0x1001BFC0
1777184040.870,3377713,4,6,GNSS,255,BROADCAST,0,HEARTBEAT,48,HEARTBEAT,0,0,0,0,0,0,0x1001BFC0
1777184041.887,3378710,4,6,GNSS,255,BROADCAST,0,HEARTBEAT,48,HEARTBEAT,0,0,0,0,0,0,0x1001BFC0
1777184041.887,3378711,4,6,GNSS,1,CDH,10,HEALTH,1,HEALTH_0x01,0,0,0,0,1,1,0x1001804A
1777184041.887,3378712,2,6,GNSS,1,CDH,4,TELEMETRY,2,TELEMETRY_0x02,0,0,0,0,0,0,0x08018044
1777184042.854,3379708,4,6,GNSS,255,BROADCAST,0,HEARTBEAT,48,HEARTBEAT,0,0,0,0,0,0,0x1001BFC0
1777184043.851,3380705,4,6,GNSS,255,BROADCAST,0,HEARTBEAT,48,HEARTBEAT,0,0,0,0,0,0,0x1001BFC0
1777184044.862,3381703,4,6,GNSS,255,BROADCAST,0,HEARTBEAT,48,HEARTBEAT,0,0,0,0,0,0,0x1001BFC0
1777184045.876,3382700,4,6,GNSS,255,BROADCAST,0,HEARTBEAT,48,HEARTBEAT,0,0,0,0,0,0,0x1001BFC0
1777184046.843,3383697,4,6,GNSS,255,BROADCAST,0,HEARTBEAT,48,HEARTBEAT,0,0,0,0,0,0,0x1001BFC0
1777184046.844,3383698,4,6,GNSS,1,CDH,10,HEALTH,1,HEALTH_0x01,0,0,0,0,1,1,0x1001804A
1777184046.844,3383699,2,6,GNSS,1,CDH,4,TELEMETRY,2,TELEMETRY_0x02,0,0,0,0,0,0,0x08018044
1777184047.841,3384695,4,6,GNSS,255,BROADCAST,0,HEARTBEAT,48,HEARTBEAT,0,0,0,0,0,0,0x1001BFC0
1777184048.854,3385692,4,6,GNSS,255,BROADCAST,0,HEARTBEAT,48,HEARTBEAT,0,0,0,0,0,0,0x1001BFC0
1777184049.835,3386689,4,6,GNSS,255,BROADCAST,0,HEARTBEAT,48,HEARTBEAT,0,0,0,0,0,0,0x1001BFC0
1777184050.832,3387686,4,6,GNSS,255,BROADCAST,0,HEARTBEAT,48,HEARTBEAT,0,0,0,0,0,0,0x1001BFC0
1777184051.833,3388683,4,6,GNSS,255,BROADCAST,0,HEARTBEAT,48,HEARTBEAT,0,0,0,0,0,0,0x1001BFC0
1777184051.833,3388684,4,6,GNSS,1,CDH,10,HEALTH,1,HEALTH_0x01,0,0,0,0,1,1,0x1001804A
1777184051.833,3388686,2,6,GNSS,1,CDH,4,TELEMETRY,2,TELEMETRY_0x02,0,0,0,0,0,0,0x08018044
1777184052.851,3389682,4,6,GNSS,255,BROADCAST,0,HEARTBEAT,48,HEARTBEAT,0,0,0,0,0,0,0x1001BFC0
1777184053.825,3390679,4,6,GNSS,255,BROADCAST,0,HEARTBEAT,48,HEARTBEAT,0,0,0,0,0,0,0x1001BFC0
1777184054.824,3391676,4,6,GNSS,255,BROADCAST,0,HEARTBEAT,48,HEARTBEAT,0,0,0,0,0,0,0x1001BFC0
1777184055.822,3392673,4,6,GNSS,255,BROADCAST,0,HEARTBEAT,48,HEARTBEAT,0,0,0,0,0,0,0x1001BFC0
1777184056.850,3393671,4,6,GNSS,255,BROADCAST,0,HEARTBEAT,48,HEARTBEAT,0,0,0,0,0,0,0x1001BFC0
1777184056.850,3393673,4,6,GNSS,1,CDH,10,HEALTH,1,HEALTH_0x01,0,0,0,0,1,1,0x1001804A
1777184056.850,3393674,2,6,GNSS,1,CDH,4,TELEMETRY,2,TELEMETRY_0x02,0,0,0,0,0,0,0x08018044
1777184057.814,3394669,4,6,GNSS,255,BROADCAST,0,HEARTBEAT,48,HEARTBEAT,0,0,0,0,0,0,0x1001BFC0
1777184058.811,3395666,4,6,GNSS,255,BROADCAST,0,HEARTBEAT,48,HEARTBEAT,0,0,0,0,0,0,0x1001BFC0
1777184059.808,3396663,4,6,GNSS,255,BROADCAST,0,HEARTBEAT,48,HEARTBEAT,0,0,0,0,0,0,0x1001BFC0
1777184060.827,3397660,4,6,GNSS,255,BROADCAST,0,HEARTBEAT,48,HEARTBEAT,0,0,0,0,0,0,0x1001BFC0
1777184061.803,3398657,4,6,GNSS,255,BROADCAST,0,HEARTBEAT,48,HEARTBEAT,0,0,0,0,0,0,0x1001BFC0
1777184061.804,3398658,4,6,GNSS,1,CDH,10,HEALTH,1,HEALTH_0x01,0,0,0,0,1,1,0x1001804A
1777184061.805,3398659,2,6,GNSS,1,CDH,4,TELEMETRY,2,TELEMETRY_0x02,0,0,0,0,0,0,0x08018044
1777184062.801,3399655,4,6,GNSS,255,BROADCAST,0,HEARTBEAT,48,HEARTBEAT,0,0,0,0,0,0,0x1001BFC0
1777184063.807,3400652,4,6,GNSS,255,BROADCAST,0,HEARTBEAT,48,HEARTBEAT,0,0,0,0,0,0,0x1001BFC0
1777184064.833,3401649,4,6,GNSS,255,BROADCAST,0,HEARTBEAT,48,HEARTBEAT,0,0,0,0,0,0,0x1001BFC0
1777184065.792,3402646,4,6,GNSS,255,BROADCAST,0,HEARTBEAT,48,HEARTBEAT,0,0,0,0,0,0,0x1001BFC0
1777184066.791,3403643,4,6,GNSS,255,BROADCAST,0,HEARTBEAT,48,HEARTBEAT,0,0,0,0,0,0,0x1001BFC0
1777184066.791,3403644,4,6,GNSS,1,CDH,10,HEALTH,1,HEALTH_0x01,0,0,0,0,1,1,0x1001804A
1777184066.791,3403645,2,6,GNSS,1,CDH,4,TELEMETRY,2,TELEMETRY_0x02,0,0,0,0,0,0,0x08018044
1777184067.802,3404642,4,6,GNSS,255,BROADCAST,0,HEARTBEAT,48,HEARTBEAT,0,0,0,0,0,0,0x1001BFC0
1777184068.824,3405639,4,6,GNSS,255,BROADCAST,0,HEARTBEAT,48,HEARTBEAT,0,0,0,0,0,0,0x1001BFC0
1777184069.781,3406636,4,6,GNSS,255,BROADCAST,0,HEARTBEAT,48,HEARTBEAT,0,0,0,0,0,0,0x1001BFC0
1777184070.778,3407632,4,6,GNSS,255,BROADCAST,0,HEARTBEAT,48,HEARTBEAT,0,0,0,0,0,0,0x1001BFC0
1777184071.791,3408629,4,6,GNSS,255,BROADCAST,0,HEARTBEAT,48,HEARTBEAT,0,0,0,0,0,0,0x1001BFC0
1777184071.791,3408631,4,6,GNSS,1,CDH,10,HEALTH,1,HEALTH_0x01,0,0,0,0,1,1,0x1001804A
1777184071.791,3408632,2,6,GNSS,1,CDH,4,TELEMETRY,2,TELEMETRY_0x02,0,0,0,0,0,0,0x08018044
1777184072.773,3409628,4,6,GNSS,255,BROADCAST,0,HEARTBEAT,48,HEARTBEAT,0,0,0,0,0,0,0x1001BFC0
1777184073.773,3410625,4,6,GNSS,255,BROADCAST,0,HEARTBEAT,48,HEARTBEAT,0,0,0,0,0,0,0x1001BFC0
1777184074.768,3411622,4,6,GNSS,255,BROADCAST,0,HEARTBEAT,48,HEARTBEAT,0,0,0,0,0,0,0x1001BFC0
1777184075.780,3412619,4,6,GNSS,255,BROADCAST,0,HEARTBEAT,48,HEARTBEAT,0,0,0,0,0,0,0x1001BFC0
1777184076.763,3413616,4,6,GNSS,255,BROADCAST,0,HEARTBEAT,48,HEARTBEAT,0,0,0,0,0,0,0x1001BFC0
1777184076.764,3413617,4,6,GNSS,1,CDH,10,HEALTH,1,HEALTH_0x01,0,0,0,0,1,1,0x1001804A
1777184076.764,3413618,2,6,GNSS,1,CDH,4,TELEMETRY,2,TELEMETRY_0x02,0,0,0,0,0,0,0x08018044
1777184077.761,3414615,4,6,GNSS,255,BROADCAST,0,HEARTBEAT,48,HEARTBEAT,0,0,0,0,0,0,0x1001BFC0
1777184078.758,3415612,4,6,GNSS,255,BROADCAST,0,HEARTBEAT,48,HEARTBEAT,0,0,0,0,0,0,0x1001BFC0
1777184079.782,3416609,4,6,GNSS,255,BROADCAST,0,HEARTBEAT,48,HEARTBEAT,0,0,0,0,0,0,0x1001BFC0
1777184080.752,3417606,4,6,GNSS,255,BROADCAST,0,HEARTBEAT,48,HEARTBEAT,0,0,0,0,0,0,0x1001BFC0
1777184081.749,3418603,4,6,GNSS,255,BROADCAST,0,HEARTBEAT,48,HEARTBEAT,0,0,0,0,0,0,0x1001BFC0
1777184081.750,3418604,4,6,GNSS,1,CDH,10,HEALTH,1,HEALTH_0x01,0,0,0,0,1,1,0x1001804A
1777184081.751,3418605,2,6,GNSS,1,CDH,4,TELEMETRY,2,TELEMETRY_0x02,0,0,0,0,0,0,0x08018044
1777184082.754,3419601,4,6,GNSS,255,BROADCAST,0,HEARTBEAT,48,HEARTBEAT,0,0,0,0,0,0,0x1001BFC0
1777184083.777,3420598,4,6,GNSS,255,BROADCAST,0,HEARTBEAT,48,HEARTBEAT,0,0,0,0,0,0,0x1001BFC0
1777184084.741,3421596,4,6,GNSS,255,BROADCAST,0,HEARTBEAT,48,HEARTBEAT,0,0,0,0,0,0,0x1001BFC0
1777184085.743,3422593,4,6,GNSS,255,BROADCAST,0,HEARTBEAT,48,HEARTBEAT,0,0,0,0,0,0,0x1001BFC0
1777184086.748,3423590,4,6,GNSS,255,BROADCAST,0,HEARTBEAT,48,HEARTBEAT,0,0,0,0,0,0,0x1001BFC0
1777184086.748,3423591,4,6,GNSS,1,CDH,10,HEALTH,1,HEALTH_0x01,0,0,0,0,1,1,0x1001804A
1777184086.748,3423592,2,6,GNSS,1,CDH,4,TELEMETRY,2,TELEMETRY_0x02,0,0,0,0,0,0,0x08018044
1777184087.771,3424588,4,6,GNSS,255,BROADCAST,0,HEARTBEAT,48,HEARTBEAT,0,0,0,0,0,0,0x1001BFC0
1777184088.731,3425585,4,6,GNSS,255,BROADCAST,0,HEARTBEAT,48,HEARTBEAT,0,0,0,0,0,0,0x1001BFC0
1777184089.729,3426582,4,6,GNSS,255,BROADCAST,0,HEARTBEAT,48,HEARTBEAT,0,0,0,0,0,0,0x1001BFC0
1777184090.740,3427579,4,6,GNSS,255,BROADCAST,0,HEARTBEAT,48,HEARTBEAT,0,0,0,0,0,0,0x1001BFC0
1777184091.757,3428576,4,6,GNSS,255,BROADCAST,0,HEARTBEAT,48,HEARTBEAT,0,0,0,0,0,0,0x1001BFC0
1777184091.757,3428577,4,6,GNSS,1,CDH,10,HEALTH,1,HEALTH_0x01,0,0,0,0,1,1,0x1001804A
1777184091.757,3428578,2,6,GNSS,1,CDH,4,TELEMETRY,2,TELEMETRY_0x02,0,0,0,0,0,0,0x08018044
1777184092.721,3429574,4,6,GNSS,255,BROADCAST,0,HEARTBEAT,48,HEARTBEAT,0,0,0,0,0,0,0x1001BFC0
1777184093.718,3430571,4,6,GNSS,255,BROADCAST,0,HEARTBEAT,48,HEARTBEAT,0,0,0,0,0,0,0x1001BFC0
1777184094.740,3431568,4,6,GNSS,255,BROADCAST,0,HEARTBEAT,48,HEARTBEAT,0,0,0,0,0,0,0x1001BFC0
1777184095.711,3432565,4,6,GNSS,255,BROADCAST,0,HEARTBEAT,48,HEARTBEAT,0,0,0,0,0,0,0x1001BFC0
1777184096.709,3433563,4,6,GNSS,255,BROADCAST,0,HEARTBEAT,48,HEARTBEAT,0,0,0,0,0,0,0x1001BFC0
1777184096.710,3433564,4,6,GNSS,1,CDH,10,HEALTH,1,HEALTH_0x01,0,0,0,0,1,1,0x1001804A
1777184096.711,3433565,2,6,GNSS,1,CDH,4,TELEMETRY,2,TELEMETRY_0x02,0,0,0,0,0,0,0x08018044
1777184097.707,3434561,4,6,GNSS,255,BROADCAST,0,HEARTBEAT,48,HEARTBEAT,0,0,0,0,0,0,0x1001BFC0
1777184098.724,3435558,4,6,GNSS,255,BROADCAST,0,HEARTBEAT,48,HEARTBEAT,0,0,0,0,0,0,0x1001BFC0
1777184099.701,3436555,4,6,GNSS,255,BROADCAST,0,HEARTBEAT,48,HEARTBEAT,0,0,0,0,0,0,0x1001BFC0
1777184100.701,3437552,4,6,GNSS,255,BROADCAST,0,HEARTBEAT,48,HEARTBEAT,0,0,0,0,0,0,0x1001BFC0
1777184101.698,3438549,4,6,GNSS,255,BROADCAST,0,HEARTBEAT,48,HEARTBEAT,0,0,0,0,0,0,0x1001BFC0
1777184101.698,3438550,4,6,GNSS,1,CDH,10,HEALTH,1,HEALTH_0x01,0,0,0,0,1,1,0x1001804A
1777184101.698,3438551,2,6,GNSS,1,CDH,4,TELEMETRY,2,TELEMETRY_0x02,0,0,0,0,0,0,0x08018044
1777184102.721,3439547,4,6,GNSS,255,BROADCAST,0,HEARTBEAT,48,HEARTBEAT,0,0,0,0,0,0,0x1001BFC0
1777184103.690,3440544,4,6,GNSS,255,BROADCAST,0,HEARTBEAT,48,HEARTBEAT,0,0,0,0,0,0,0x1001BFC0
1777184104.688,3441541,4,6,GNSS,255,BROADCAST,0,HEARTBEAT,48,HEARTBEAT,0,0,0,0,0,0,0x1001BFC0
1777184105.686,3442538,4,6,GNSS,255,BROADCAST,0,HEARTBEAT,48,HEARTBEAT,0,0,0,0,0,0,0x1001BFC0
1777184106.715,3443535,4,6,GNSS,255,BROADCAST,0,HEARTBEAT,48,HEARTBEAT,0,0,0,0,0,0,0x1001BFC0
1777184106.715,3443536,4,6,GNSS,1,CDH,10,HEALTH,1,HEALTH_0x01,0,0,0,0,1,1,0x1001804A
1777184106.715,3443537,2,6,GNSS,1,CDH,4,TELEMETRY,2,TELEMETRY_0x02,0,0,0,0,0,0,0x08018044
1777184107.679,3444533,4,6,GNSS,255,BROADCAST,0,HEARTBEAT,48,HEARTBEAT,0,0,0,0,0,0,0x1001BFC0
1777184108.680,3445530,4,6,GNSS,255,BROADCAST,0,HEARTBEAT,48,HEARTBEAT,0,0,0,0,0,0,0x1001BFC0
1777184109.686,3446527,4,6,GNSS,255,BROADCAST,0,HEARTBEAT,48,HEARTBEAT,0,0,0,0,0,0,0x1001BFC0
1777184110.695,3447524,4,6,GNSS,255,BROADCAST,0,HEARTBEAT,48,HEARTBEAT,0,0,0,0,0,0,0x1001BFC0
1777184111.667,3448521,4,6,GNSS,255,BROADCAST,0,HEARTBEAT,48,HEARTBEAT,0,0,0,0,0,0,0x1001BFC0
1777184111.669,3448522,4,6,GNSS,1,CDH,10,HEALTH,1,HEALTH_0x01,0,0,0,0,1,1,0x1001804A
1777184111.670,3448523,2,6,GNSS,1,CDH,4,TELEMETRY,2,TELEMETRY_0x02,0,0,0,0,0,0,0x08018044
1777184112.668,3449519,4,6,GNSS,255,BROADCAST,0,HEARTBEAT,48,HEARTBEAT,0,0,0,0,0,0,0x1001BFC0
1777184113.676,3450516,4,6,GNSS,255,BROADCAST,0,HEARTBEAT,48,HEARTBEAT,0,0,0,0,0,0,0x1001BFC0
1777184114.702,3451513,4,6,GNSS,255,BROADCAST,0,HEARTBEAT,48,HEARTBEAT,0,0,0,0,0,0,0x1001BFC0
1777184115.656,3452510,4,6,GNSS,255,BROADCAST,0,HEARTBEAT,48,HEARTBEAT,0,0,0,0,0,0,0x1001BFC0
1777184116.654,3453507,4,6,GNSS,255,BROADCAST,0,HEARTBEAT,48,HEARTBEAT,0,0,0,0,0,0,0x1001BFC0
1777184116.654,3453508,4,6,GNSS,1,CDH,10,HEALTH,1,HEALTH_0x01,0,0,0,0,1,1,0x1001804A
1777184116.656,3453509,2,6,GNSS,1,CDH,4,TELEMETRY,2,TELEMETRY_0x02,0,0,0,0,0,0,0x08018044
1777184117.672,3454505,4,6,GNSS,255,BROADCAST,0,HEARTBEAT,48,HEARTBEAT,0,0,0,0,0,0,0x1001BFC0
1777184118.649,3455502,4,6,GNSS,255,BROADCAST,0,HEARTBEAT,48,HEARTBEAT,0,0,0,0,0,0,0x1001BFC0
1777184119.646,3456500,4,6,GNSS,255,BROADCAST,0,HEARTBEAT,48,HEARTBEAT,0,0,0,0,0,0,0x1001BFC0
1777184120.643,3457497,4,6,GNSS,255,BROADCAST,0,HEARTBEAT,48,HEARTBEAT,0,0,0,0,0,0,0x1001BFC0
1777184121.666,3458494,4,6,GNSS,255,BROADCAST,0,HEARTBEAT,48,HEARTBEAT,0,0,0,0,0,0,0x1001BFC0
1777184121.666,3458495,4,6,GNSS,1,CDH,10,HEALTH,1,HEALTH_0x01,0,0,0,0,1,1,0x1001804A
1777184121.666,3458496,2,6,GNSS,1,CDH,4,TELEMETRY,2,TELEMETRY_0x02,0,0,0,0,0,0,0x08018044
1777184122.638,3459492,4,6,GNSS,255,BROADCAST,0,HEARTBEAT,48,HEARTBEAT,0,0,0,0,0,0,0x1001BFC0
1777184123.635,3460489,4,6,GNSS,255,BROADCAST,0,HEARTBEAT,48,HEARTBEAT,0,0,0,0,0,0,0x1001BFC0
1777184124.635,3461486,4,6,GNSS,255,BROADCAST,0,HEARTBEAT,48,HEARTBEAT,0,0,0,0,0,0,0x1001BFC0
1777184125.660,3462483,4,6,GNSS,255,BROADCAST,0,HEARTBEAT,48,HEARTBEAT,0,0,0,0,0,0,0x1001BFC0
1777184126.628,3463480,4,6,GNSS,255,BROADCAST,0,HEARTBEAT,48,HEARTBEAT,0,0,0,0,0,0,0x1001BFC0
1777184126.628,3463481,4,6,GNSS,1,CDH,10,HEALTH,1,HEALTH_0x01,0,0,0,0,1,1,0x1001804A
1777184126.629,3463482,2,6,GNSS,1,CDH,4,TELEMETRY,2,TELEMETRY_0x02,0,0,0,0,0,0,0x08018044
1777184127.624,3464478,4,6,GNSS,255,BROADCAST,0,HEARTBEAT,48,HEARTBEAT,0,0,0,0,0,0,0x1001BFC0
1777184128.630,3465475,4,6,GNSS,255,BROADCAST,0,HEARTBEAT,48,HEARTBEAT,0,0,0,0,0,0,0x1001BFC0
1777184129.652,3466472,4,6,GNSS,255,BROADCAST,0,HEARTBEAT,48,HEARTBEAT,0,0,0,0,0,0,0x1001BFC0
1777184130.618,3467470,4,6,GNSS,255,BROADCAST,0,HEARTBEAT,48,HEARTBEAT,0,0,0,0,0,0,0x1001BFC0
1777184131.616,3468467,4,6,GNSS,255,BROADCAST,0,HEARTBEAT,48,HEARTBEAT,0,0,0,0,0,0,0x1001BFC0
1777184131.618,3468468,4,6,GNSS,1,CDH,10,HEALTH,1,HEALTH_0x01,0,0,0,0,1,1,0x1001804A
1777184131.618,3468469,2,6,GNSS,1,CDH,4,TELEMETRY,2,TELEMETRY_0x02,0,0,0,0,0,0,0x08018044
1777184132.612,3469465,4,6,GNSS,255,BROADCAST,0,HEARTBEAT,48,HEARTBEAT,0,0,0,0,0,0,0x1001BFC0
1777184133.645,3470462,4,6,GNSS,255,BROADCAST,0,HEARTBEAT,48,HEARTBEAT,0,0,0,0,0,0,0x1001BFC0
1777184134.606,3471459,4,6,GNSS,255,BROADCAST,0,HEARTBEAT,48,HEARTBEAT,0,0,0,0,0,0,0x1001BFC0
1777184135.605,3472456,4,6,GNSS,255,BROADCAST,0,HEARTBEAT,48,HEARTBEAT,0,0,0,0,0,0,0x1001BFC0
1777184136.617,3473454,4,6,GNSS,255,BROADCAST,0,HEARTBEAT,48,HEARTBEAT,0,0,0,0,0,0,0x1001BFC0
1777184136.617,3473455,4,6,GNSS,1,CDH,10,HEALTH,1,HEALTH_0x01,0,0,0,0,1,1,0x1001804A
1777184136.617,3473456,2,6,GNSS,1,CDH,4,TELEMETRY,2,TELEMETRY_0x02,0,0,0,0,0,0,0x08018044
1777184137.646,3474452,4,6,GNSS,255,BROADCAST,0,HEARTBEAT,48,HEARTBEAT,0,0,0,0,0,0,0x1001BFC0
1777184138.596,3475449,4,6,GNSS,255,BROADCAST,0,HEARTBEAT,48,HEARTBEAT,0,0,0,0,0,0,0x1001BFC0
1777184139.593,3476446,4,6,GNSS,255,BROADCAST,0,HEARTBEAT,48,HEARTBEAT,0,0,0,0,0,0,0x1001BFC0
1777184140.610,3477443,4,6,GNSS,255,BROADCAST,0,HEARTBEAT,48,HEARTBEAT,0,0,0,0,0,0,0x1001BFC0
1777184141.588,3478440,4,6,GNSS,255,BROADCAST,0,HEARTBEAT,48,HEARTBEAT,0,0,0,0,0,0,0x1001BFC0
1777184141.589,3478442,4,6,GNSS,1,CDH,10,HEALTH,1,HEALTH_0x01,0,0,0,0,1,1,0x1001804A
1777184141.590,3478443,2,6,GNSS,1,CDH,4,TELEMETRY,2,TELEMETRY_0x02,0,0,0,0,0,0,0x08018044
1777184142.585,3479438,4,6,GNSS,255,BROADCAST,0,HEARTBEAT,48,HEARTBEAT,0,0,0,0,0,0,0x1001BFC0
1777184143.582,3480435,4,6,GNSS,255,BROADCAST,0,HEARTBEAT,48,HEARTBEAT,0,0,0,0,0,0,0x1001BFC0
1777184144.607,3481432,4,6,GNSS,255,BROADCAST,0,HEARTBEAT,48,HEARTBEAT,0,0,0,0,0,0,0x1001BFC0
1777184145.578,3482429,4,6,GNSS,255,BROADCAST,0,HEARTBEAT,48,HEARTBEAT,0,0,0,0,0,0,0x1001BFC0
1777184146.583,3483426,4,6,GNSS,255,BROADCAST,0,HEARTBEAT,48,HEARTBEAT,0,0,0,0,0,0,0x1001BFC0
1777184146.583,3483428,4,6,GNSS,1,CDH,10,HEALTH,1,HEALTH_0x01,0,0,0,0,1,1,0x1001804A
1777184146.583,3483429,2,6,GNSS,1,CDH,4,TELEMETRY,2,TELEMETRY_0x02,0,0,0,0,0,0,0x08018044
1777184147.577,3484425,4,6,GNSS,255,BROADCAST,0,HEARTBEAT,48,HEARTBEAT,0,0,0,0,0,0,0x1001BFC0
1777184148.598,3485422,4,6,GNSS,255,BROADCAST,0,HEARTBEAT,48,HEARTBEAT,0,0,0,0,0,0,0x1001BFC0
1777184149.565,3486419,4,6,GNSS,255,BROADCAST,0,HEARTBEAT,48,HEARTBEAT,0,0,0,0,0,0,0x1001BFC0
1777184150.563,3487416,4,6,GNSS,255,BROADCAST,0,HEARTBEAT,48,HEARTBEAT,0,0,0,0,0,0,0x1001BFC0
1777184151.565,3488413,4,6,GNSS,255,BROADCAST,0,HEARTBEAT,48,HEARTBEAT,0,0,0,0,0,0,0x1001BFC0
1777184151.565,3488414,4,6,GNSS,1,CDH,10,HEALTH,1,HEALTH_0x01,0,0,0,0,1,1,0x1001804A
1777184151.565,3488416,2,6,GNSS,1,CDH,4,TELEMETRY,2,TELEMETRY_0x02,0,0,0,0,0,0,0x08018044
1777184152.588,3489411,4,6,GNSS,255,BROADCAST,0,HEARTBEAT,48,HEARTBEAT,0,0,0,0,0,0,0x1001BFC0
1777184153.555,3490408,4,6,GNSS,255,BROADCAST,0,HEARTBEAT,48,HEARTBEAT,0,0,0,0,0,0,0x1001BFC0
1777184154.552,3491405,4,6,GNSS,255,BROADCAST,0,HEARTBEAT,48,HEARTBEAT,0,0,0,0,0,0,0x1001BFC0
1777184155.563,3492402,4,6,GNSS,255,BROADCAST,0,HEARTBEAT,48,HEARTBEAT,0,0,0,0,0,0,0x1001BFC0
1777184156.581,3493399,4,6,GNSS,255,BROADCAST,0,HEARTBEAT,48,HEARTBEAT,0,0,0,0,0,0,0x1001BFC0
1777184156.581,3493400,4,6,GNSS,1,CDH,10,HEALTH,1,HEALTH_0x01,0,0,0,0,1,1,0x1001804A
1777184156.581,3493402,2,6,GNSS,1,CDH,4,TELEMETRY,2,TELEMETRY_0x02,0,0,0,0,0,0,0x08018044
1777184157.544,3494397,4,6,GNSS,255,BROADCAST,0,HEARTBEAT,48,HEARTBEAT,0,0,0,0,0,0,0x1001BFC0
1777184158.545,3495394,4,6,GNSS,255,BROADCAST,0,HEARTBEAT,48,HEARTBEAT,0,0,0,0,0,0,0x1001BFC0
1777184159.561,3496392,4,6,GNSS,255,BROADCAST,0,HEARTBEAT,48,HEARTBEAT,0,0,0,0,0,0,0x1001BFC0
1777184160.578,3497389,4,6,GNSS,255,BROADCAST,0,HEARTBEAT,48,HEARTBEAT,0,0,0,0,0,0,0x1001BFC0
1777184161.533,3498386,4,6,GNSS,255,BROADCAST,0,HEARTBEAT,48,HEARTBEAT,0,0,0,0,0,0,0x1001BFC0
1777184161.533,3498387,4,6,GNSS,1,CDH,10,HEALTH,1,HEALTH_0x01,0,0,0,0,1,1,0x1001804A
1777184161.535,3498388,2,6,GNSS,1,CDH,4,TELEMETRY,2,TELEMETRY_0x02,0,0,0,0,0,0,0x08018044
1777184162.531,3499384,4,6,GNSS,255,BROADCAST,0,HEARTBEAT,48,HEARTBEAT,0,0,0,0,0,0,0x1001BFC0
1777184163.548,3500381,4,6,GNSS,255,BROADCAST,0,HEARTBEAT,48,HEARTBEAT,0,0,0,0,0,0,0x1001BFC0
1777184164.526,3501378,4,6,GNSS,255,BROADCAST,0,HEARTBEAT,48,HEARTBEAT,0,0,0,0,0,0,0x1001BFC0
1777184165.523,3502375,4,6,GNSS,255,BROADCAST,0,HEARTBEAT,48,HEARTBEAT,0,0,0,0,0,0,0x1001BFC0
1777184166.521,3503372,4,6,GNSS,255,BROADCAST,0,HEARTBEAT,48,HEARTBEAT,0,0,0,0,0,0,0x1001BFC0
1777184166.522,3503373,4,6,GNSS,1,CDH,10,HEALTH,1,HEALTH_0x01,0,0,0,0,1,1,0x1001804A
1777184166.522,3503374,2,6,GNSS,1,CDH,4,TELEMETRY,2,TELEMETRY_0x02,0,0,0,0,0,0,0x08018044
1777184167.547,3504370,4,6,GNSS,255,BROADCAST,0,HEARTBEAT,48,HEARTBEAT,0,0,0,0,0,0,0x1001BFC0
1777184168.515,3505368,4,6,GNSS,255,BROADCAST,0,HEARTBEAT,48,HEARTBEAT,0,0,0,0,0,0,0x1001BFC0
1777184169.516,3506365,4,6,GNSS,255,BROADCAST,0,HEARTBEAT,48,HEARTBEAT,0,0,0,0,0,0,0x1001BFC0
1777184170.509,3507362,4,6,GNSS,255,BROADCAST,0,HEARTBEAT,48,HEARTBEAT,0,0,0,0,0,0,0x1001BFC0
1777184171.534,3508359,4,6,GNSS,255,BROADCAST,0,HEARTBEAT,48,HEARTBEAT,0,0,0,0,0,0,0x1001BFC0
1777184171.534,3508360,4,6,GNSS,1,CDH,10,HEALTH,1,HEALTH_0x01,0,0,0,0,1,1,0x1001804A
1777184171.534,3508361,2,6,GNSS,1,CDH,4,TELEMETRY,2,TELEMETRY_0x02,0,0,0,0,0,0,0x08018044
1777184172.504,3509357,4,6,GNSS,255,BROADCAST,0,HEARTBEAT,48,HEARTBEAT,0,0,0,0,0,0,0x1001BFC0
1777184173.501,3510354,4,6,GNSS,255,BROADCAST,0,HEARTBEAT,48,HEARTBEAT,0,0,0,0,0,0,0x1001BFC0
1777184174.505,3511351,4,6,GNSS,255,BROADCAST,0,HEARTBEAT,48,HEARTBEAT,0,0,0,0,0,0,0x1001BFC0
1777184175.529,3512348,4,6,GNSS,255,BROADCAST,0,HEARTBEAT,48,HEARTBEAT,0,0,0,0,0,0,0x1001BFC0
1777184176.492,3513345,4,6,GNSS,255,BROADCAST,0,HEARTBEAT,48,HEARTBEAT,0,0,0,0,0,0,0x1001BFC0
1777184176.494,3513346,4,6,GNSS,1,CDH,10,HEALTH,1,HEALTH_0x01,0,0,0,0,1,1,0x1001804A
1777184176.494,3513347,2,6,GNSS,1,CDH,4,TELEMETRY,2,TELEMETRY_0x02,0,0,0,0,0,0,0x08018044
1777184177.492,3514343,4,6,GNSS,255,BROADCAST,0,HEARTBEAT,48,HEARTBEAT,0,0,0,0,0,0,0x1001BFC0
1777184178.493,3515341,4,6,GNSS,255,BROADCAST,0,HEARTBEAT,48,HEARTBEAT,0,0,0,0,0,0,0x1001BFC0
1777184179.522,3516338,4,6,GNSS,255,BROADCAST,0,HEARTBEAT,48,HEARTBEAT,0,0,0,0,0,0,0x1001BFC0
1777184180.483,3517335,4,6,GNSS,255,BROADCAST,0,HEARTBEAT,48,HEARTBEAT,0,0,0,0,0,0,0x1001BFC0
1777184181.483,3518332,4,6,GNSS,255,BROADCAST,0,HEARTBEAT,48,HEARTBEAT,0,0,0,0,0,0,0x1001BFC0
1777184181.483,3518333,4,6,GNSS,1,CDH,10,HEALTH,1,HEALTH_0x01,0,0,0,0,1,1,0x1001804A
1777184181.483,3518334,2,6,GNSS,1,CDH,4,TELEMETRY,2,TELEMETRY_0x02,0,0,0,0,0,0,0x08018044
1777184182.478,3519330,4,6,GNSS,255,BROADCAST,0,HEARTBEAT,48,HEARTBEAT,0,0,0,0,0,0,0x1001BFC0
1777184183.511,3520327,4,6,GNSS,255,BROADCAST,0,HEARTBEAT,48,HEARTBEAT,0,0,0,0,0,0,0x1001BFC0
1777184184.471,3521324,4,6,GNSS,255,BROADCAST,0,HEARTBEAT,48,HEARTBEAT,0,0,0,0,0,0,0x1001BFC0
1777184185.468,3522321,4,6,GNSS,255,BROADCAST,0,HEARTBEAT,48,HEARTBEAT,0,0,0,0,0,0,0x1001BFC0
1777184186.487,3523318,4,6,GNSS,255,BROADCAST,0,HEARTBEAT,48,HEARTBEAT,0,0,0,0,0,0,0x1001BFC0
1777184186.487,3523319,4,6,GNSS,1,CDH,10,HEALTH,1,HEALTH_0x01,0,0,0,0,1,1,0x1001804A
1777184186.487,3523320,2,6,GNSS,1,CDH,4,TELEMETRY,2,TELEMETRY_0x02,0,0,0,0,0,0,0x08018044
1777184187.463,3524316,4,6,GNSS,255,BROADCAST,0,HEARTBEAT,48,HEARTBEAT,0,0,0,0,0,0,0x1001BFC0
1777184188.461,3525313,4,6,GNSS,255,BROADCAST,0,HEARTBEAT,48,HEARTBEAT,0,0,0,0,0,0,0x1001BFC0
1777184189.458,3526310,4,6,GNSS,255,BROADCAST,0,HEARTBEAT,48,HEARTBEAT,0,0,0,0,0,0,0x1001BFC0
1777184190.483,3527307,4,6,GNSS,255,BROADCAST,0,HEARTBEAT,48,HEARTBEAT,0,0,0,0,0,0,0x1001BFC0
1777184191.453,3528305,4,6,GNSS,255,BROADCAST,0,HEARTBEAT,48,HEARTBEAT,0,0,0,0,0,0,0x1001BFC0
1777184191.454,3528306,4,6,GNSS,1,CDH,10,HEALTH,1,HEALTH_0x01,0,0,0,0,1,1,0x1001804A
1777184191.454,3528307,2,6,GNSS,1,CDH,4,TELEMETRY,2,TELEMETRY_0x02,0,0,0,0,0,0,0x08018044
