rx_wall_time,timestamp_ms,priority,src,src_name,dst,dst_name,cls,cls_name,opcode,opcode_name,p2,p3,p4,p5,p6,p7,can_id_hex
1777257890.301,222121,4,6,GNSS,255,BROADCAST,0,HEARTBEAT,48,HEARTBEAT,0,0,0,0,0,0,0x1001BFC0
1777257891.326,223118,4,6,GNSS,255,BROADCAST,0,HEARTBEAT,48,HEARTBEAT,0,0,0,0,0,0,0x1001BFC0
1777257891.326,223119,4,6,GNSS,1,CDH,10,HEALTH,1,HEALTH_0x01,0,0,0,0,1,1,0x1001804A
1777257891.326,223120,2,6,GNSS,1,CDH,4,TELEMETRY,2,TELEMETRY_0x02,0,0,0,0,0,0,0x08018044
1777257892.288,224117,4,6,GNSS,255,BROADCAST,0,HEARTBEAT,48,HEARTBEAT,0,0,0,0,0,0,0x1001BFC0
1777257893.288,225114,4,6,GNSS,255,BROADCAST,0,HEARTBEAT,48,HEARTBEAT,0,0,0,0,0,0,0x1001BFC0
1777257893.982,225804,2,6,GNSS,1,CDH,4,TELEMETRY,2,TELEMETRY_0x02,0,0,0,0,0,0,0x08018044
1777257893.982,225805,4,6,GNSS,1,CDH,3,CMD_RESP,97,CMD_RESP_0x61,1,0,0,0,0,0,0x10018043
1777257894.289,226111,4,6,GNSS,255,BROADCAST,0,HEARTBEAT,48,HEARTBEAT,0,0,0,0,0,0,0x1001BFC0
1777257895.302,227108,4,6,GNSS,255,BROADCAST,0,HEARTBEAT,48,HEARTBEAT,0,0,0,0,0,0,0x1001BFC0
1777257896.278,228106,4,6,GNSS,255,BROADCAST,0,HEARTBEAT,48,HEARTBEAT,0,0,0,0,0,0,0x1001BFC0
1777257896.279,228107,4,6,GNSS,1,CDH,10,HEALTH,1,HEALTH_0x01,0,0,0,0,1,1,0x1001804A
1777257896.279,228108,2,6,GNSS,1,CDH,4,TELEMETRY,2,TELEMETRY_0x02,0,0,0,0,0,0,0x08018044
1777257897.278,229104,4,6,GNSS,255,BROADCAST,0,HEARTBEAT,48,HEARTBEAT,0,0,0,0,0,0,0x1001BFC0
1777257898.280,230101,4,6,GNSS,255,BROADCAST,0,HEARTBEAT,48,HEARTBEAT,0,0,0,0,0,0,0x1001BFC0
1777257898.996,230783,2,6,GNSS,1,CDH,4,TELEMETRY,2,TELEMETRY_0x02,0,0,0,0,0,0,0x08018044
1777257898.996,230784,4,6,GNSS,1,CDH,3,CMD_RESP,97,CMD_RESP_0x61,1,0,0,0,0,0,0x10018043
1777257899.295,231098,4,6,GNSS,255,BROADCAST,0,HEARTBEAT,48,HEARTBEAT,0,0,0,0,0,0,0x1001BFC0
1777257900.268,232096,4,6,GNSS,255,BROADCAST,0,HEARTBEAT,48,HEARTBEAT,0,0,0,0,0,0,0x1001BFC0
1777257901.266,233093,4,6,GNSS,255,BROADCAST,0,HEARTBEAT,48,HEARTBEAT,0,0,0,0,0,0,0x1001BFC0
1777257901.267,233094,4,6,GNSS,1,CDH,10,HEALTH,1,HEALTH_0x01,0,0,0,0,1,1,0x1001804A
1777257901.268,233095,2,6,GNSS,1,CDH,4,TELEMETRY,2,TELEMETRY_0x02,0,0,0,0,0,0,0x08018044
1777257902.265,234092,4,6,GNSS,255,BROADCAST,0,HEARTBEAT,48,HEARTBEAT,0,0,0,0,0,0,0x1001BFC0
1777257903.301,235089,4,6,GNSS,255,BROADCAST,0,HEARTBEAT,48,HEARTBEAT,0,0,0,0,0,0,0x1001BFC0
1777257903.933,235761,2,6,GNSS,1,CDH,4,TELEMETRY,2,TELEMETRY_0x02,0,0,0,0,0,0,0x08018044
1777257903.940,235762,4,6,GNSS,1,CDH,3,CMD_RESP,97,CMD_RESP_0x61,1,0,0,0,0,0,0x10018043
1777257904.259,236086,4,6,GNSS,255,BROADCAST,0,HEARTBEAT,48,HEARTBEAT,0,0,0,0,0,0,0x1001BFC0
1777257905.256,237083,4,6,GNSS,255,BROADCAST,0,HEARTBEAT,48,HEARTBEAT,0,0,0,0,0,0,0x1001BFC0
1777257906.263,238081,4,6,GNSS,255,BROADCAST,0,HEARTBEAT,48,HEARTBEAT,0,0,0,0,0,0,0x1001BFC0
1777257906.263,238082,4,6,GNSS,1,CDH,10,HEALTH,1,HEALTH_0x01,0,0,0,0,1,1,0x1001804A
1777257906.263,238083,2,6,GNSS,1,CDH,4,TELEMETRY,2,TELEMETRY_0x02,0,0,0,0,0,0,0x08018044
1777257907.293,239079,4,6,GNSS,255,BROADCAST,0,HEARTBEAT,48,HEARTBEAT,0,0,0,0,0,0,0x1001BFC0
1777257908.249,240076,4,6,GNSS,255,BROADCAST,0,HEARTBEAT,48,HEARTBEAT,0,0,0,0,0,0,0x1001BFC0
1777257908.934,240740,2,6,GNSS,1,CDH,4,TELEMETRY,2,TELEMETRY_0x02,0,0,0,0,0,0,0x08018044
1777257908.934,240741,4,6,GNSS,1,CDH,3,CMD_RESP,97,CMD_RESP_0x61,1,0,0,0,0,0,0x10018043
1777257909.246,241074,4,6,GNSS,255,BROADCAST,0,HEARTBEAT,48,HEARTBEAT,0,0,0,0,0,0,0x1001BFC0
1777257910.252,242071,4,6,GNSS,255,BROADCAST,0,HEARTBEAT,48,HEARTBEAT,0,0,0,0,0,0,0x1001BFC0
1777257911.291,243068,4,6,GNSS,255,BROADCAST,0,HEARTBEAT,48,HEARTBEAT,0,0,0,0,0,0,0x1001BFC0
1777257911.291,243069,4,6,GNSS,1,CDH,10,HEALTH,1,HEALTH_0x01,0,0,0,0,1,1,0x1001804A
1777257911.291,243070,2,6,GNSS,1,CDH,4,TELEMETRY,2,TELEMETRY_0x02,0,0,0,0,0,0,0x08018044
1777257912.239,244067,4,6,GNSS,255,BROADCAST,0,HEARTBEAT,48,HEARTBEAT,0,0,0,0,0,0,0x1001BFC0
1777257913.236,245064,4,6,GNSS,255,BROADCAST,0,HEARTBEAT,48,HEARTBEAT,0,0,0,0,0,0,0x1001BFC0
1777257913.889,245717,2,6,GNSS,1,CDH,4,TELEMETRY,2,TELEMETRY_0x02,0,0,0,0,0,0,0x08018044
1777257913.890,245718,4,6,GNSS,1,CDH,3,CMD_RESP,97,CMD_RESP_0x61,1,0,0,0,0,0,0x10018043
1777257914.251,246061,4,6,GNSS,255,BROADCAST,0,HEARTBEAT,48,HEARTBEAT,0,0,0,0,0,0,0x1001BFC0
1777257915.231,247058,4,6,GNSS,255,BROADCAST,0,HEARTBEAT,48,HEARTBEAT,0,0,0,0,0,0,0x1001BFC0
1777257916.230,248056,4,6,GNSS,255,BROADCAST,0,HEARTBEAT,48,HEARTBEAT,0,0,0,0,0,0,0x1001BFC0
1777257916.230,248057,4,6,GNSS,1,CDH,10,HEALTH,1,HEALTH_0x01,0,0,0,0,1,1,0x1001804A
1777257916.230,248058,2,6,GNSS,1,CDH,4,TELEMETRY,2,TELEMETRY_0x02,0,0,0,0,0,0,0x08018044
1777257917.229,249054,4,6,GNSS,255,BROADCAST,0,HEARTBEAT,48,HEARTBEAT,0,0,0,0,0,0,0x1001BFC0
1777257918.250,250051,4,6,GNSS,255,BROADCAST,0,HEARTBEAT,48,HEARTBEAT,0,0,0,0,0,0,0x1001BFC0
1777257918.869,250697,2,6,GNSS,1,CDH,4,TELEMETRY,2,TELEMETRY_0x02,0,0,0,0,0,0,0x08018044
1777257918.870,250698,4,6,GNSS,1,CDH,3,CMD_RESP,97,CMD_RESP_0x61,1,0,0,0,0,0,0x10018043
1777257919.222,251049,4,6,GNSS,255,BROADCAST,0,HEARTBEAT,48,HEARTBEAT,0,0,0,0,0,0,0x1001BFC0
1777257920.221,252046,4,6,GNSS,255,BROADCAST,0,HEARTBEAT,48,HEARTBEAT,0,0,0,0,0,0,0x1001BFC0
1777257921.219,253043,4,6,GNSS,255,BROADCAST,0,HEARTBEAT,48,HEARTBEAT,0,0,0,0,0,0,0x1001BFC0
1777257921.219,253044,4,6,GNSS,1,CDH,10,HEALTH,1,HEALTH_0x01,0,0,0,0,1,1,0x1001804A
1777257921.219,253046,2,6,GNSS,1,CDH,4,TELEMETRY,2,TELEMETRY_0x02,0,0,0,0,0,0,0x08018044
1777257922.243,254042,4,6,GNSS,255,BROADCAST,0,HEARTBEAT,48,HEARTBEAT,0,0,0,0,0,0,0x1001BFC0
1777257923.212,255039,4,6,GNSS,255,BROADCAST,0,HEARTBEAT,48,HEARTBEAT,0,0,0,0,0,0,0x1001BFC0
1777257923.878,255675,2,6,GNSS,1,CDH,4,TELEMETRY,2,TELEMETRY_0x02,0,0,0,0,0,0,0x08018044
1777257923.878,255676,4,6,GNSS,1,CDH,3,CMD_RESP,97,CMD_RESP_0x61,1,0,0,0,0,0,0x10018043
1777257924.208,256036,4,6,GNSS,255,BROADCAST,0,HEARTBEAT,48,HEARTBEAT,0,0,0,0,0,0,0x1001BFC0
1777257925.221,257034,4,6,GNSS,255,BROADCAST,0,HEARTBEAT,48,HEARTBEAT,0,0,0,0,0,0,0x1001BFC0
1777257926.235,258031,4,6,GNSS,255,BROADCAST,0,HEARTBEAT,48,HEARTBEAT,0,0,0,0,0,0,0x1001BFC0
1777257926.235,258032,4,6,GNSS,1,CDH,10,HEALTH,1,HEALTH_0x01,0,0,0,0,1,1,0x1001804A
1777257926.235,258033,2,6,GNSS,1,CDH,4,TELEMETRY,2,TELEMETRY_0x02,0,0,0,0,0,0,0x08018044
1777257927.207,259029,4,6,GNSS,255,BROADCAST,0,HEARTBEAT,48,HEARTBEAT,0,0,0,0,0,0,0x1001BFC0
1777257928.199,260026,4,6,GNSS,255,BROADCAST,0,HEARTBEAT,48,HEARTBEAT,0,0,0,0,0,0,0x1001BFC0
1777257928.825,260653,2,6,GNSS,1,CDH,4,TELEMETRY,2,TELEMETRY_0x02,0,0,0,0,0,0,0x08018044
1777257928.826,260654,4,6,GNSS,1,CDH,3,CMD_RESP,97,CMD_RESP_0x61,1,0,0,0,0,0,0x10018043
1777257929.210,261024,4,6,GNSS,255,BROADCAST,0,HEARTBEAT,48,HEARTBEAT,0,0,0,0,0,0,0x1001BFC0
1777257930.220,262021,4,6,GNSS,255,BROADCAST,0,HEARTBEAT,48,HEARTBEAT,0,0,0,0,0,0,0x1001BFC0
1777257931.193,263019,4,6,GNSS,255,BROADCAST,0,HEARTBEAT,48,HEARTBEAT,0,0,0,0,0,0,0x1001BFC0
1777257931.193,263020,4,6,GNSS,1,CDH,10,HEALTH,1,HEALTH_0x01,0,0,0,0,1,1,0x1001804A
1777257931.194,263022,2,6,GNSS,1,CDH,4,TELEMETRY,2,TELEMETRY_0x02,0,0,0,0,0,0,0x08018044
1777257932.191,264017,4,6,GNSS,255,BROADCAST,0,HEARTBEAT,48,HEARTBEAT,0,0,0,0,0,0,0x1001BFC0
1777257933.197,265014,4,6,GNSS,255,BROADCAST,0,HEARTBEAT,48,HEARTBEAT,0,0,0,0,0,0,0x1001BFC0
1777257933.811,265631,2,6,GNSS,1,CDH,4,TELEMETRY,2,TELEMETRY_0x02,0,0,0,0,0,0,0x08018044
1777257933.811,265632,4,6,GNSS,1,CDH,3,CMD_RESP,97,CMD_RESP_0x61,1,0,0,0,0,0,0x10018043
1777257934.213,266011,4,6,GNSS,255,BROADCAST,0,HEARTBEAT,48,HEARTBEAT,0,0,0,0,0,0,0x1001BFC0
1777257935.181,267008,4,6,GNSS,255,BROADCAST,0,HEARTBEAT,48,HEARTBEAT,0,0,0,0,0,0,0x1001BFC0
1777257936.178,268005,4,6,GNSS,255,BROADCAST,0,HEARTBEAT,48,HEARTBEAT,0,0,0,0,0,0,0x1001BFC0
1777257936.179,268006,4,6,GNSS,1,CDH,10,HEALTH,1,HEALTH_0x01,0,0,0,0,1,1,0x1001804A
1777257936.180,268008,2,6,GNSS,1,CDH,4,TELEMETRY,2,TELEMETRY_0x02,0,0,0,0,0,0,0x08018044
1777257937.199,269004,4,6,GNSS,255,BROADCAST,0,HEARTBEAT,48,HEARTBEAT,0,0,0,0,0,0,0x1001BFC0
1777257938.215,270001,4,6,GNSS,255,BROADCAST,0,HEARTBEAT,48,HEARTBEAT,0,0,0,0,0,0,0x1001BFC0
1777257938.782,270609,2,6,GNSS,1,CDH,4,TELEMETRY,2,TELEMETRY_0x02,0,0,0,0,0,0,0x08018044
1777257938.831,270610,4,6,GNSS,1,CDH,3,CMD_RESP,97,CMD_RESP_0x61,1,0,0,0,0,0,0x10018043
1777257939.171,270998,4,6,GNSS,255,BROADCAST,0,HEARTBEAT,48,HEARTBEAT,0,0,0,0,0,0,0x1001BFC0
1777257940.168,271996,4,6,GNSS,255,BROADCAST,0,HEARTBEAT,48,HEARTBEAT,0,0,0,0,0,0,0x1001BFC0
1777257941.179,272993,4,6,GNSS,255,BROADCAST,0,HEARTBEAT,48,HEARTBEAT,0,0,0,0,0,0,0x1001BFC0
1777257941.179,272994,4,6,GNSS,1,CDH,10,HEALTH,1,HEALTH_0x01,0,0,0,0,1,1,0x1001804A
1777257941.179,272996,2,6,GNSS,1,CDH,4,TELEMETRY,2,TELEMETRY_0x02,0,0,0,0,0,0,0x08018044
1777257942.164,273992,4,6,GNSS,255,BROADCAST,0,HEARTBEAT,48,HEARTBEAT,0,0,0,0,0,0,0x1001BFC0
1777257943.175,274989,4,6,GNSS,255,BROADCAST,0,HEARTBEAT,48,HEARTBEAT,0,0,0,0,0,0,0x1001BFC0
1777257943.759,275586,2,6,GNSS,1,CDH,4,TELEMETRY,2,TELEMETRY_0x02,0,0,0,0,0,0,0x08018044
1777257943.760,275587,4,6,GNSS,1,CDH,3,CMD_RESP,97,CMD_RESP_0x61,1,0,0,0,0,0,0x10018043
1777257944.161,275986,4,6,GNSS,255,BROADCAST,0,HEARTBEAT,48,HEARTBEAT,0,0,0,0,0,0,0x1001BFC0
1777257945.175,276983,4,6,GNSS,255,BROADCAST,0,HEARTBEAT,48,HEARTBEAT,0,0,0,0,0,0,0x1001BFC0
1777257946.154,277980,4,6,GNSS,255,BROADCAST,0,HEARTBEAT,48,HEARTBEAT,0,0,0,0,0,0,0x1001BFC0
1777257946.154,277981,4,6,GNSS,1,CDH,10,HEALTH,1,HEALTH_0x01,0,0,0,0,1,1,0x1001804A
1777257946.155,277983,2,6,GNSS,1,CDH,4,TELEMETRY,2,TELEMETRY_0x02,0,0,0,0,0,0,0x08018044
1777257947.162,278981,4,6,GNSS,255,BROADCAST,0,HEARTBEAT,48,HEARTBEAT,0,0,0,0,0,0,0x1001BFC0
1777257948.162,279976,4,6,GNSS,255,BROADCAST,0,HEARTBEAT,48,HEARTBEAT,0,0,0,0,0,0,0x1001BFC0
1777257948.760,280564,2,6,GNSS,1,CDH,4,TELEMETRY,2,TELEMETRY_0x02,0,0,0,0,0,0,0x08018044
1777257948.760,280565,4,6,GNSS,1,CDH,3,CMD_RESP,97,CMD_RESP_0x61,1,0,0,0,0,0,0x10018043
1777257949.195,280973,4,6,GNSS,255,BROADCAST,0,HEARTBEAT,48,HEARTBEAT,0,0,0,0,0,0,0x1001BFC0
1777257950.196,281971,4,6,GNSS,255,BROADCAST,0,HEARTBEAT,48,HEARTBEAT,0,0,0,0,0,0,0x1001BFC0
1777257951.141,282968,4,6,GNSS,255,BROADCAST,0,HEARTBEAT,48,HEARTBEAT,0,0,0,0,0,0,0x1001BFC0
1777257951.160,282969,4,6,GNSS,1,CDH,10,HEALTH,1,HEALTH_0x01,0,0,0,0,1,1,0x1001804A
1777257951.160,282970,2,6,GNSS,1,CDH,4,TELEMETRY,2,TELEMETRY_0x02,0,0,0,0,0,0,0x08018044
1777257952.146,283966,4,6,GNSS,255,BROADCAST,0,HEARTBEAT,48,HEARTBEAT,0,0,0,0,0,0,0x1001BFC0
1777257953.153,284963,4,6,GNSS,255,BROADCAST,0,HEARTBEAT,48,HEARTBEAT,0,0,0,0,0,0,0x1001BFC0
1777257953.724,285543,2,6,GNSS,1,CDH,4,TELEMETRY,2,TELEMETRY_0x02,0,0,0,0,0,0,0x08018044
1777257953.724,285544,4,6,GNSS,1,CDH,3,CMD_RESP,97,CMD_RESP_0x61,1,0,0,0,0,0,0x10018043
1777257954.133,285961,4,6,GNSS,255,BROADCAST,0,HEARTBEAT,48,HEARTBEAT,0,0,0,0,0,0,0x1001BFC0
1777257955.131,286958,4,6,GNSS,255,BROADCAST,0,HEARTBEAT,48,HEARTBEAT,0,0,0,0,0,0,0x1001BFC0
1777257956.130,287955,4,6,GNSS,255,BROADCAST,0,HEARTBEAT,48,HEARTBEAT,0,0,0,0,0,0,0x1001BFC0
1777257956.130,287956,4,6,GNSS,1,CDH,10,HEALTH,1,HEALTH_0x01,0,0,0,0,1,1,0x1001804A
1777257956.130,287957,2,6,GNSS,1,CDH,4,TELEMETRY,2,TELEMETRY_0x02,0,0,0,0,0,0,0x08018044
1777257957.172,288954,4,6,GNSS,255,BROADCAST,0,HEARTBEAT,48,HEARTBEAT,0,0,0,0,0,0,0x1001BFC0
1777257958.125,289951,4,6,GNSS,255,BROADCAST,0,HEARTBEAT,48,HEARTBEAT,0,0,0,0,0,0,0x1001BFC0
1777257958.694,290519,2,6,GNSS,1,CDH,4,TELEMETRY,2,TELEMETRY_0x02,0,0,0,0,0,0,0x08018044
1777257958.694,290520,4,6,GNSS,1,CDH,3,CMD_RESP,97,CMD_RESP_0x61,1,0,0,0,0,0,0x10018043
1777257959.121,290948,4,6,GNSS,255,BROADCAST,0,HEARTBEAT,48,HEARTBEAT,0,0,0,0,0,0,0x1001BFC0
1777257960.148,291945,4,6,GNSS,255,BROADCAST,0,HEARTBEAT,48,HEARTBEAT,0,0,0,0,0,0,0x1001BFC0
1777257961.167,292943,4,6,GNSS,255,BROADCAST,0,HEARTBEAT,48,HEARTBEAT,0,0,0,0,0,0,0x1001BFC0
1777257961.167,292945,4,6,GNSS,1,CDH,10,HEALTH,1,HEALTH_0x01,0,0,0,0,1,1,0x1001804A
1777257961.167,292946,2,6,GNSS,1,CDH,4,TELEMETRY,2,TELEMETRY_0x02,0,0,0,0,0,0,0x08018044
1777257962.115,293941,4,6,GNSS,255,BROADCAST,0,HEARTBEAT,48,HEARTBEAT,0,0,0,0,0,0,0x1001BFC0
1777257963.111,294939,4,6,GNSS,255,BROADCAST,0,HEARTBEAT,48,HEARTBEAT,0,0,0,0,0,0,0x1001BFC0
1777257963.762,295497,2,6,GNSS,1,CDH,4,TELEMETRY,2,TELEMETRY_0x02,0,0,0,0,0,0,0x08018044
1777257963.762,295498,4,6,GNSS,1,CDH,3,CMD_RESP,97,CMD_RESP_0x61,1,0,0,0,0,0,0x10018043
1777257964.116,295936,4,6,GNSS,255,BROADCAST,0,HEARTBEAT,48,HEARTBEAT,0,0,0,0,0,0,0x1001BFC0
1777257965.143,296933,4,6,GNSS,255,BROADCAST,0,HEARTBEAT,48,HEARTBEAT,0,0,0,0,0,0,0x1001BFC0
1777257966.201,297930,4,6,GNSS,255,BROADCAST,0,HEARTBEAT,48,HEARTBEAT,0,0,0,0,0,0,0x1001BFC0
1777257966.201,297931,4,6,GNSS,1,CDH,10,HEALTH,1,HEALTH_0x01,0,0,0,0,1,1,0x1001804A
1777257966.201,297932,2,6,GNSS,1,CDH,4,TELEMETRY,2,TELEMETRY_0x02,0,0,0,0,0,0,0x08018044
1777257967.102,298929,4,6,GNSS,255,BROADCAST,0,HEARTBEAT,48,HEARTBEAT,0,0,0,0,0,0,0x1001BFC0
1777257968.117,299926,4,6,GNSS,255,BROADCAST,0,HEARTBEAT,48,HEARTBEAT,0,0,0,0,0,0,0x1001BFC0
1777257968.676,300475,2,6,GNSS,1,CDH,4,TELEMETRY,2,TELEMETRY_0x02,0,0,0,0,0,0,0x08018044
1777257968.676,300476,4,6,GNSS,1,CDH,3,CMD_RESP,97,CMD_RESP_0x61,1,0,0,0,0,0,0x10018043
1777257969.173,300923,4,6,GNSS,255,BROADCAST,0,HEARTBEAT,48,HEARTBEAT,0,0,0,0,0,0,0x1001BFC0
1777257970.095,301921,4,6,GNSS,255,BROADCAST,0,HEARTBEAT,48,HEARTBEAT,0,0,0,0,0,0,0x1001BFC0
1777257971.094,302918,4,6,GNSS,255,BROADCAST,0,HEARTBEAT,48,HEARTBEAT,0,0,0,0,0,0,0x1001BFC0
1777257971.094,302919,4,6,GNSS,1,CDH,10,HEALTH,1,HEALTH_0x01,0,0,0,0,1,1,0x1001804A
1777257971.094,302920,2,6,GNSS,1,CDH,4,TELEMETRY,2,TELEMETRY_0x02,0,0,0,0,0,0,0x08018044
1777257972.154,303916,4,6,GNSS,255,BROADCAST,0,HEARTBEAT,48,HEARTBEAT,0,0,0,0,0,0,0x1001BFC0
1777257973.087,304914,4,6,GNSS,255,BROADCAST,0,HEARTBEAT,48,HEARTBEAT,0,0,0,0,0,0,0x1001BFC0
1777257973.647,305451,2,6,GNSS,1,CDH,4,TELEMETRY,2,TELEMETRY_0x02,0,0,0,0,0,0,0x08018044
1777257973.647,305452,4,6,GNSS,1,CDH,3,CMD_RESP,97,CMD_RESP_0x61,1,0,0,0,0,0,0x10018043
1777257974.086,305911,4,6,GNSS,255,BROADCAST,0,HEARTBEAT,48,HEARTBEAT,0,0,0,0,0,0,0x1001BFC0
1777257975.086,306908,4,6,GNSS,255,BROADCAST,0,HEARTBEAT,48,HEARTBEAT,0,0,0,0,0,0,0x1001BFC0
1777257976.106,307905,4,6,GNSS,255,BROADCAST,0,HEARTBEAT,48,HEARTBEAT,0,0,0,0,0,0,0x1001BFC0
1777257976.106,307906,4,6,GNSS,1,CDH,10,HEALTH,1,HEALTH_0x01,0,0,0,0,1,1,0x1001804A
1777257976.106,307908,2,6,GNSS,1,CDH,4,TELEMETRY,2,TELEMETRY_0x02,0,0,0,0,0,0,0x08018044
1777257977.078,308904,4,6,GNSS,255,BROADCAST,0,HEARTBEAT,48,HEARTBEAT,0,0,0,0,0,0,0x1001BFC0
1777257978.078,309901,4,6,GNSS,255,BROADCAST,0,HEARTBEAT,48,HEARTBEAT,0,0,0,0,0,0,0x1001BFC0
1777257978.606,310429,2,6,GNSS,1,CDH,4,TELEMETRY,2,TELEMETRY_0x02,0,0,0,0,0,0,0x08018044
1777257978.606,310430,4,6,GNSS,1,CDH,3,CMD_RESP,97,CMD_RESP_0x61,1,0,0,0,0,0,0x10018043
1777257979.072,310898,4,6,GNSS,255,BROADCAST,0,HEARTBEAT,48,HEARTBEAT,0,0,0,0,0,0,0x1001BFC0
1777257980.087,311896,4,6,GNSS,255,BROADCAST,0,HEARTBEAT,48,HEARTBEAT,0,0,0,0,0,0,0x1001BFC0
1777257981.067,312893,4,6,GNSS,255,BROADCAST,0,HEARTBEAT,48,HEARTBEAT,0,0,0,0,0,0,0x1001BFC0
1777257981.067,312894,4,6,GNSS,1,CDH,10,HEALTH,1,HEALTH_0x01,0,0,0,0,1,1,0x1001804A
1777257981.069,312895,2,6,GNSS,1,CDH,4,TELEMETRY,2,TELEMETRY_0x02,0,0,0,0,0,0,0x08018044
1777257982.067,313892,4,6,GNSS,255,BROADCAST,0,HEARTBEAT,48,HEARTBEAT,0,0,0,0,0,0,0x1001BFC0
1777257983.062,314889,4,6,GNSS,255,BROADCAST,0,HEARTBEAT,48,HEARTBEAT,0,0,0,0,0,0,0x1001BFC0
1777257983.581,315406,2,6,GNSS,1,CDH,4,TELEMETRY,2,TELEMETRY_0x02,0,0,0,0,0,0,0x08018044
1777257983.581,315408,4,6,GNSS,1,CDH,3,CMD_RESP,97,CMD_RESP_0x61,1,0,0,0,0,0,0x10018043
1777257984.091,315886,4,6,GNSS,255,BROADCAST,0,HEARTBEAT,48,HEARTBEAT,0,0,0,0,0,0,0x1001BFC0
1777257985.057,316883,4,6,GNSS,255,BROADCAST,0,HEARTBEAT,48,HEARTBEAT,0,0,0,0,0,0,0x1001BFC0
1777257986.055,317881,4,6,GNSS,255,BROADCAST,0,HEARTBEAT,48,HEARTBEAT,0,0,0,0,0,0,0x1001BFC0
1777257986.055,317882,4,6,GNSS,1,CDH,10,HEALTH,1,HEALTH_0x01,0,0,0,0,1,1,0x1001804A
1777257986.056,317883,2,6,GNSS,1,CDH,4,TELEMETRY,2,TELEMETRY_0x02,0,0,0,0,0,0,0x08018044
1777257987.062,318879,4,6,GNSS,255,BROADCAST,0,HEARTBEAT,48,HEARTBEAT,0,0,0,0,0,0,0x1001BFC0
1777257988.074,319876,4,6,GNSS,255,BROADCAST,0,HEARTBEAT,48,HEARTBEAT,0,0,0,0,0,0,0x1001BFC0
1777257988.588,320384,2,6,GNSS,1,CDH,4,TELEMETRY,2,TELEMETRY_0x02,0,0,0,0,0,0,0x08018044
1777257988.588,320385,4,6,GNSS,1,CDH,3,CMD_RESP,97,CMD_RESP_0x61,1,0,0,0,0,0,0x10018043
1777257989.048,320874,4,6,GNSS,255,BROADCAST,0,HEARTBEAT,48,HEARTBEAT,0,0,0,0,0,0,0x1001BFC0
1777257990.045,321871,4,6,GNSS,255,BROADCAST,0,HEARTBEAT,48,HEARTBEAT,0,0,0,0,0,0,0x1001BFC0
1777257991.049,322868,4,6,GNSS,255,BROADCAST,0,HEARTBEAT,48,HEARTBEAT,0,0,0,0,0,0,0x1001BFC0
1777257991.049,322869,4,6,GNSS,1,CDH,10,HEALTH,1,HEALTH_0x01,0,0,0,0,1,1,0x1001804A
1777257991.049,322870,2,6,GNSS,1,CDH,4,TELEMETRY,2,TELEMETRY_0x02,0,0,0,0,0,0,0x08018044
1777257992.073,323867,4,6,GNSS,255,BROADCAST,0,HEARTBEAT,48,HEARTBEAT,0,0,0,0,0,0,0x1001BFC0
1777257993.037,324864,4,6,GNSS,255,BROADCAST,0,HEARTBEAT,48,HEARTBEAT,0,0,0,0,0,0,0x1001BFC0
1777257993.535,325361,2,6,GNSS,1,CDH,4,TELEMETRY,2,TELEMETRY_0x02,0,0,0,0,0,0,0x08018044
1777257993.535,325362,4,6,GNSS,1,CDH,3,CMD_RESP,97,CMD_RESP_0x61,1,0,0,0,0,0,0x10018043
1777257994.035,325861,4,6,GNSS,255,BROADCAST,0,HEARTBEAT,48,HEARTBEAT,0,0,0,0,0,0,0x1001BFC0
1777257995.045,326858,4,6,GNSS,255,BROADCAST,0,HEARTBEAT,48,HEARTBEAT,0,0,0,0,0,0,0x1001BFC0
1777257996.071,327856,4,6,GNSS,255,BROADCAST,0,HEARTBEAT,48,HEARTBEAT,0,0,0,0,0,0,0x1001BFC0
1777257996.071,327857,4,6,GNSS,1,CDH,10,HEALTH,1,HEALTH_0x01,0,0,0,0,1,1,0x1001804A
1777257996.071,327858,2,6,GNSS,1,CDH,4,TELEMETRY,2,TELEMETRY_0x02,0,0,0,0,0,0,0x08018044
1777257997.028,328854,4,6,GNSS,255,BROADCAST,0,HEARTBEAT,48,HEARTBEAT,0,0,0,0,0,0,0x1001BFC0
1777257998.025,329851,4,6,GNSS,255,BROADCAST,0,HEARTBEAT,48,HEARTBEAT,0,0,0,0,0,0,0x1001BFC0
1777257998.516,330338,2,6,GNSS,1,CDH,4,TELEMETRY,2,TELEMETRY_0x02,0,0,0,0,0,0,0x08018044
1777257998.516,330340,4,6,GNSS,1,CDH,3,CMD_RESP,97,CMD_RESP_0x61,1,0,0,0,0,0,0x10018043
1777257999.042,330849,4,6,GNSS,255,BROADCAST,0,HEARTBEAT,48,HEARTBEAT,0,0,0,0,0,0,0x1001BFC0
1777258000.020,331846,4,6,GNSS,255,BROADCAST,0,HEARTBEAT,48,HEARTBEAT,0,0,0,0,0,0,0x1001BFC0
1777258001.018,332843,4,6,GNSS,255,BROADCAST,0,HEARTBEAT,48,HEARTBEAT,0,0,0,0,0,0,0x1001BFC0
1777258001.018,332844,4,6,GNSS,1,CDH,10,HEALTH,1,HEALTH_0x01,0,0,0,0,1,1,0x1001804A
1777258001.020,332846,2,6,GNSS,1,CDH,4,TELEMETRY,2,TELEMETRY_0x02,0,0,0,0,0,0,0x08018044
1777258002.016,333842,4,6,GNSS,255,BROADCAST,0,HEARTBEAT,48,HEARTBEAT,0,0,0,0,0,0,0x1001BFC0
1777258003.036,334839,4,6,GNSS,255,BROADCAST,0,HEARTBEAT,48,HEARTBEAT,0,0,0,0,0,0,0x1001BFC0
1777258003.490,335316,2,6,GNSS,1,CDH,4,TELEMETRY,2,TELEMETRY_0x02,0,0,0,0,0,0,0x08018044
1777258003.491,335317,4,6,GNSS,1,CDH,3,CMD_RESP,97,CMD_RESP_0x61,1,0,0,0,0,0,0x10018043
1777258004.011,335837,4,6,GNSS,255,BROADCAST,0,HEARTBEAT,48,HEARTBEAT,0,0,0,0,0,0,0x1001BFC0
1777258005.009,336834,4,6,GNSS,255,BROADCAST,0,HEARTBEAT,48,HEARTBEAT,0,0,0,0,0,0,0x1001BFC0
1777258006.006,337831,4,6,GNSS,255,BROADCAST,0,HEARTBEAT,48,HEARTBEAT,0,0,0,0,0,0,0x1001BFC0
1777258006.008,337834,4,6,GNSS,1,CDH,10,HEALTH,1,HEALTH_0x01,0,0,0,0,1,1,0x1001804A
1777258006.010,337835,2,6,GNSS,1,CDH,4,TELEMETRY,2,TELEMETRY_0x02,0,0,0,0,0,0,0x08018044
1777258007.030,338830,4,6,GNSS,255,BROADCAST,0,HEARTBEAT,48,HEARTBEAT,0,0,0,0,0,0,0x1001BFC0
1777258007.994,339827,4,6,GNSS,255,BROADCAST,0,HEARTBEAT,48,HEARTBEAT,0,0,0,0,0,0,0x1001BFC0
1777258008.467,340293,2,6,GNSS,1,CDH,4,TELEMETRY,2,TELEMETRY_0x02,0,0,0,0,0,0,0x08018044
1777258008.468,340294,4,6,GNSS,1,CDH,3,CMD_RESP,97,CMD_RESP_0x61,1,0,0,0,0,0,0x10018043
1777258008.998,340824,4,6,GNSS,255,BROADCAST,0,HEARTBEAT,48,HEARTBEAT,0,0,0,0,0,0,0x1001BFC0
1777258009.997,341822,4,6,GNSS,255,BROADCAST,0,HEARTBEAT,48,HEARTBEAT,0,0,0,0,0,0,0x1001BFC0
1777258011.014,342819,4,6,GNSS,255,BROADCAST,0,HEARTBEAT,48,HEARTBEAT,0,0,0,0,0,0,0x1001BFC0
1777258011.014,342820,4,6,GNSS,1,CDH,10,HEALTH,1,HEALTH_0x01,0,0,0,0,1,1,0x1001804A
1777258011.014,342821,2,6,GNSS,1,CDH,4,TELEMETRY,2,TELEMETRY_0x02,0,0,0,0,0,0,0x08018044
1777258011.992,343818,4,6,GNSS,255,BROADCAST,0,HEARTBEAT,48,HEARTBEAT,0,0,0,0,0,0,0x1001BFC0
1777258012.990,344815,4,6,GNSS,255,BROADCAST,0,HEARTBEAT,48,HEARTBEAT,0,0,0,0,0,0,0x1001BFC0
1777258013.467,345271,2,6,GNSS,1,CDH,4,TELEMETRY,2,TELEMETRY_0x02,0,0,0,0,0,0,0x08018044
1777258013.467,345272,4,6,GNSS,1,CDH,3,CMD_RESP,97,CMD_RESP_0x61,1,0,0,0,0,0,0x10018043
1777258013.987,345812,4,6,GNSS,255,BROADCAST,0,HEARTBEAT,48,HEARTBEAT,0,0,0,0,0,0,0x1001BFC0
1777258015.018,346809,4,6,GNSS,255,BROADCAST,0,HEARTBEAT,48,HEARTBEAT,0,0,0,0,0,0,0x1001BFC0
1777258015.982,347807,4,6,GNSS,255,BROADCAST,0,HEARTBEAT,48,HEARTBEAT,0,0,0,0,0,0,0x1001BFC0
1777258015.983,347808,4,6,GNSS,1,CDH,10,HEALTH,1,HEALTH_0x01,0,0,0,0,1,1,0x1001804A
1777258015.983,347809,2,6,GNSS,1,CDH,4,TELEMETRY,2,TELEMETRY_0x02,0,0,0,0,0,0,0x08018044
1777258016.980,348805,4,6,GNSS,255,BROADCAST,0,HEARTBEAT,48,HEARTBEAT,0,0,0,0,0,0,0x1001BFC0
1777258017.977,349802,4,6,GNSS,255,BROADCAST,0,HEARTBEAT,48,HEARTBEAT,0,0,0,0,0,0,0x1001BFC0
1777258018.424,350248,2,6,GNSS,1,CDH,4,TELEMETRY,2,TELEMETRY_0x02,0,0,0,0,0,0,0x08018044
1777258018.424,350249,4,6,GNSS,1,CDH,3,CMD_RESP,97,CMD_RESP_0x61,1,0,0,0,0,0,0x10018043
1777258019.009,350800,4,6,GNSS,255,BROADCAST,0,HEARTBEAT,48,HEARTBEAT,0,0,0,0,0,0,0x1001BFC0
1777258019.967,351797,4,6,GNSS,255,BROADCAST,0,HEARTBEAT,48,HEARTBEAT,0,0,0,0,0,0,0x1001BFC0
1777258020.972,352794,4,6,GNSS,255,BROADCAST,0,HEARTBEAT,48,HEARTBEAT,0,0,0,0,0,0,0x1001BFC0
1777258020.972,352797,4,6,GNSS,1,CDH,10,HEALTH,1,HEALTH_0x01,0,0,0,0,1,1,0x1001804A
1777258020.972,352798,2,6,GNSS,1,CDH,4,TELEMETRY,2,TELEMETRY_0x02,0,0,0,0,0,0,0x08018044
1777258021.979,353792,4,6,GNSS,255,BROADCAST,0,HEARTBEAT,48,HEARTBEAT,0,0,0,0,0,0,0x1001BFC0
1777258022.992,354790,4,6,GNSS,255,BROADCAST,0,HEARTBEAT,48,HEARTBEAT,0,0,0,0,0,0,0x1001BFC0
1777258023.420,355226,2,6,GNSS,1,CDH,4,TELEMETRY,2,TELEMETRY_0x02,0,0,0,0,0,0,0x08018044
1777258023.420,355227,4,6,GNSS,1,CDH,3,CMD_RESP,97,CMD_RESP_0x61,1,0,0,0,0,0,0x10018043
1777258023.962,355787,4,6,GNSS,255,BROADCAST,0,HEARTBEAT,48,HEARTBEAT,0,0,0,0,0,0,0x1001BFC0
1777258024.958,356784,4,6,GNSS,255,BROADCAST,0,HEARTBEAT,48,HEARTBEAT,0,0,0,0,0,0,0x1001BFC0
1777258025.976,357781,4,6,GNSS,255,BROADCAST,0,HEARTBEAT,48,HEARTBEAT,0,0,0,0,0,0,0x1001BFC0
1777258025.977,357782,4,6,GNSS,1,CDH,10,HEALTH,1,HEALTH_0x01,0,0,0,0,1,1,0x1001804A
1777258025.977,357784,2,6,GNSS,1,CDH,4,TELEMETRY,2,TELEMETRY_0x02,0,0,0,0,0,0,0x08018044
1777258026.954,358780,4,6,GNSS,255,BROADCAST,0,HEARTBEAT,48,HEARTBEAT,0,0,0,0,0,0,0x1001BFC0
1777258027.951,359777,4,6,GNSS,255,BROADCAST,0,HEARTBEAT,48,HEARTBEAT,0,0,0,0,0,0,0x1001BFC0
1777258028.378,360204,2,6,GNSS,1,CDH,4,TELEMETRY,2,TELEMETRY_0x02,0,0,0,0,0,0,0x08018044
1777258028.380,360205,4,6,GNSS,1,CDH,3,CMD_RESP,97,CMD_RESP_0x61,1,0,0,0,0,0,0x10018043
1777258028.949,360774,4,6,GNSS,255,BROADCAST,0,HEARTBEAT,48,HEARTBEAT,0,0,0,0,0,0,0x1001BFC0
1777258029.969,361771,4,6,GNSS,255,BROADCAST,0,HEARTBEAT,48,HEARTBEAT,0,0,0,0,0,0,0x1001BFC0
1777258030.944,362769,4,6,GNSS,255,BROADCAST,0,HEARTBEAT,48,HEARTBEAT,0,0,0,0,0,0,0x1001BFC0
1777258030.944,362770,4,6,GNSS,1,CDH,10,HEALTH,1,HEALTH_0x01,0,0,0,0,1,1,0x1001804A
1777258030.945,362771,2,6,GNSS,1,CDH,4,TELEMETRY,2,TELEMETRY_0x02,0,0,0,0,0,0,0x08018044
1777258031.944,363767,4,6,GNSS,255,BROADCAST,0,HEARTBEAT,48,HEARTBEAT,0,0,0,0,0,0,0x1001BFC0
1777258032.938,364764,4,6,GNSS,255,BROADCAST,0,HEARTBEAT,48,HEARTBEAT,0,0,0,0,0,0,0x1001BFC0
1777258033.357,365182,2,6,GNSS,1,CDH,4,TELEMETRY,2,TELEMETRY_0x02,0,0,0,0,0,0,0x08018044
1777258033.357,365183,4,6,GNSS,1,CDH,3,CMD_RESP,97,CMD_RESP_0x61,1,0,0,0,0,0,0x10018043
1777258033.963,365762,4,6,GNSS,255,BROADCAST,0,HEARTBEAT,48,HEARTBEAT,0,0,0,0,0,0,0x1001BFC0
1777258034.934,366759,4,6,GNSS,255,BROADCAST,0,HEARTBEAT,48,HEARTBEAT,0,0,0,0,0,0,0x1001BFC0
1777258035.931,367756,4,6,GNSS,255,BROADCAST,0,HEARTBEAT,48,HEARTBEAT,0,0,0,0,0,0,0x1001BFC0
1777258035.933,367757,4,6,GNSS,1,CDH,10,HEALTH,1,HEALTH_0x01,0,0,0,0,1,1,0x1001804A
1777258035.933,367758,2,6,GNSS,1,CDH,4,TELEMETRY,2,TELEMETRY_0x02,0,0,0,0,0,0,0x08018044
1777258036.930,368754,4,6,GNSS,255,BROADCAST,0,HEARTBEAT,48,HEARTBEAT,0,0,0,0,0,0,0x1001BFC0
1777258037.969,369752,4,6,GNSS,255,BROADCAST,0,HEARTBEAT,48,HEARTBEAT,0,0,0,0,0,0,0x1001BFC0
1777258038.367,370160,2,6,GNSS,1,CDH,4,TELEMETRY,2,TELEMETRY_0x02,0,0,0,0,0,0,0x08018044
1777258038.367,370161,4,6,GNSS,1,CDH,3,CMD_RESP,97,CMD_RESP_0x61,1,0,0,0,0,0,0x10018043
1777258038.923,370749,4,6,GNSS,255,BROADCAST,0,HEARTBEAT,48,HEARTBEAT,0,0,0,0,0,0,0x1001BFC0
1777258039.920,371746,4,6,GNSS,255,BROADCAST,0,HEARTBEAT,48,HEARTBEAT,0,0,0,0,0,0,0x1001BFC0
1777258040.921,372743,4,6,GNSS,255,BROADCAST,0,HEARTBEAT,48,HEARTBEAT,0,0,0,0,0,0,0x1001BFC0
1777258040.921,372744,4,6,GNSS,1,CDH,10,HEALTH,1,HEALTH_0x01,0,0,0,0,1,1,0x1001804A
1777258040.921,372746,2,6,GNSS,1,CDH,4,TELEMETRY,2,TELEMETRY_0x02,0,0,0,0,0,0,0x08018044
1777258041.953,373742,4,6,GNSS,255,BROADCAST,0,HEARTBEAT,48,HEARTBEAT,0,0,0,0,0,0,0x1001BFC0
1777258042.912,374739,4,6,GNSS,255,BROADCAST,0,HEARTBEAT,48,HEARTBEAT,0,0,0,0,0,0,0x1001BFC0
1777258043.313,375139,2,6,GNSS,1,CDH,4,TELEMETRY,2,TELEMETRY_0x02,0,0,0,0,0,0,0x08018044
1777258043.315,375140,4,6,GNSS,1,CDH,3,CMD_RESP,97,CMD_RESP_0x61,1,0,0,0,0,0,0x10018043
1777258043.911,375736,4,6,GNSS,255,BROADCAST,0,HEARTBEAT,48,HEARTBEAT,0,0,0,0,0,0,0x1001BFC0
1777258044.919,376734,4,6,GNSS,255,BROADCAST,0,HEARTBEAT,48,HEARTBEAT,0,0,0,0,0,0,0x1001BFC0
1777258045.943,377732,4,6,GNSS,255,BROADCAST,0,HEARTBEAT,48,HEARTBEAT,0,0,0,0,0,0,0x1001BFC0
1777258045.943,377734,4,6,GNSS,1,CDH,10,HEALTH,1,HEALTH_0x01,0,0,0,0,1,1,0x1001804A
1777258045.943,377735,2,6,GNSS,1,CDH,4,TELEMETRY,2,TELEMETRY_0x02,0,0,0,0,0,0,0x08018044
1777258046.903,378729,4,6,GNSS,255,BROADCAST,0,HEARTBEAT,48,HEARTBEAT,0,0,0,0,0,0,0x1001BFC0
1777258047.901,379727,4,6,GNSS,255,BROADCAST,0,HEARTBEAT,48,HEARTBEAT,0,0,0,0,0,0,0x1001BFC0
1777258048.297,380115,2,6,GNSS,1,CDH,4,TELEMETRY,2,TELEMETRY_0x02,0,0,0,0,0,0,0x08018044
1777258048.297,380116,4,6,GNSS,1,CDH,3,CMD_RESP,97,CMD_RESP_0x61,1,0,0,0,0,0,0x10018043
1777258048.903,380724,4,6,GNSS,255,BROADCAST,0,HEARTBEAT,48,HEARTBEAT,0,0,0,0,0,0,0x1001BFC0
1777258049.936,381721,4,6,GNSS,255,BROADCAST,0,HEARTBEAT,48,HEARTBEAT,0,0,0,0,0,0,0x1001BFC0
1777258050.894,382718,4,6,GNSS,255,BROADCAST,0,HEARTBEAT,48,HEARTBEAT,0,0,0,0,0,0,0x1001BFC0
1777258050.894,382719,4,6,GNSS,1,CDH,10,HEALTH,1,HEALTH_0x01,0,0,0,0,1,1,0x1001804A
1777258050.901,382721,2,6,GNSS,1,CDH,4,TELEMETRY,2,TELEMETRY_0x02,0,0,0,0,0,0,0x08018044
1777258051.892,383717,4,6,GNSS,255,BROADCAST,0,HEARTBEAT,48,HEARTBEAT,0,0,0,0,0,0,0x1001BFC0
1777258052.904,384714,4,6,GNSS,255,BROADCAST,0,HEARTBEAT,48,HEARTBEAT,0,0,0,0,0,0,0x1001BFC0
1777258053.268,385093,2,6,GNSS,1,CDH,4,TELEMETRY,2,TELEMETRY_0x02,0,0,0,0,0,0,0x08018044
1777258053.269,385094,4,6,GNSS,1,CDH,3,CMD_RESP,97,CMD_RESP_0x61,1,0,0,0,0,0,0x10018043
1777258053.886,385711,4,6,GNSS,255,BROADCAST,0,HEARTBEAT,48,HEARTBEAT,0,0,0,0,0,0,0x1001BFC0
1777258054.883,386708,4,6,GNSS,255,BROADCAST,0,HEARTBEAT,48,HEARTBEAT,0,0,0,0,0,0,0x1001BFC0
1777258055.881,387706,4,6,GNSS,255,BROADCAST,0,HEARTBEAT,48,HEARTBEAT,0,0,0,0,0,0,0x1001BFC0
1777258055.882,387707,4,6,GNSS,1,CDH,10,HEALTH,1,HEALTH_0x01,0,0,0,0,1,1,0x1001804A
1777258055.882,387708,2,6,GNSS,1,CDH,4,TELEMETRY,2,TELEMETRY_0x02,0,0,0,0,0,0,0x08018044
1777258056.898,388704,4,6,GNSS,255,BROADCAST,0,HEARTBEAT,48,HEARTBEAT,0,0,0,0,0,0,0x1001BFC0
1777258057.876,389701,4,6,GNSS,255,BROADCAST,0,HEARTBEAT,48,HEARTBEAT,0,0,0,0,0,0,0x1001BFC0
1777258058.245,390070,2,6,GNSS,1,CDH,4,TELEMETRY,2,TELEMETRY_0x02,0,0,0,0,0,0,0x08018044
1777258058.245,390072,4,6,GNSS,1,CDH,3,CMD_RESP,97,CMD_RESP_0x61,1,0,0,0,0,0,0x10018043
1777258058.874,390699,4,6,GNSS,255,BROADCAST,0,HEARTBEAT,48,HEARTBEAT,0,0,0,0,0,0,0x1001BFC0
1777258059.871,391696,4,6,GNSS,255,BROADCAST,0,HEARTBEAT,48,HEARTBEAT,0,0,0,0,0,0,0x1001BFC0
1777258060.894,392693,4,6,GNSS,255,BROADCAST,0,HEARTBEAT,48,HEARTBEAT,0,0,0,0,0,0,0x1001BFC0
1777258060.894,392694,4,6,GNSS,1,CDH,10,HEALTH,1,HEALTH_0x01,0,0,0,0,1,1,0x1001804A
1777258060.894,392695,2,6,GNSS,1,CDH,4,TELEMETRY,2,TELEMETRY_0x02,0,0,0,0,0,0,0x08018044
1777258061.867,393692,4,6,GNSS,255,BROADCAST,0,HEARTBEAT,48,HEARTBEAT,0,0,0,0,0,0,0x1001BFC0
1777258062.867,394689,4,6,GNSS,255,BROADCAST,0,HEARTBEAT,48,HEARTBEAT,0,0,0,0,0,0,0x1001BFC0
1777258063.244,395048,2,6,GNSS,1,CDH,4,TELEMETRY,2,TELEMETRY_0x02,0,0,0,0,0,0,0x08018044
1777258063.244,395049,4,6,GNSS,1,CDH,3,CMD_RESP,97,CMD_RESP_0x61,1,0,0,0,0,0,0x10018043
1777258063.855,395686,4,6,GNSS,255,BROADCAST,0,HEARTBEAT,48,HEARTBEAT,0,0,0,0,0,0,0x1001BFC0
1777258064.887,396683,4,6,GNSS,255,BROADCAST,0,HEARTBEAT,48,HEARTBEAT,0,0,0,0,0,0,0x1001BFC0
1777258065.858,397681,4,6,GNSS,255,BROADCAST,0,HEARTBEAT,48,HEARTBEAT,0,0,0,0,0,0,0x1001BFC0
1777258065.858,397682,4,6,GNSS,1,CDH,10,HEALTH,1,HEALTH_0x01,0,0,0,0,1,1,0x1001804A
1777258065.858,397683,2,6,GNSS,1,CDH,4,TELEMETRY,2,TELEMETRY_0x02,0,0,0,0,0,0,0x08018044
1777258066.857,398679,4,6,GNSS,255,BROADCAST,0,HEARTBEAT,48,HEARTBEAT,0,0,0,0,0,0,0x1001BFC0
1777258067.861,399676,4,6,GNSS,255,BROADCAST,0,HEARTBEAT,48,HEARTBEAT,0,0,0,0,0,0,0x1001BFC0
1777258068.201,400026,2,6,GNSS,1,CDH,4,TELEMETRY,2,TELEMETRY_0x02,0,0,0,0,0,0,0x08018044
1777258068.202,400027,4,6,GNSS,1,CDH,3,CMD_RESP,97,CMD_RESP_0x61,1,0,0,0,0,0,0x10018043
1777258068.878,400674,4,6,GNSS,255,BROADCAST,0,HEARTBEAT,48,HEARTBEAT,0,0,0,0,0,0,0x1001BFC0
1777258069.846,401671,4,6,GNSS,255,BROADCAST,0,HEARTBEAT,48,HEARTBEAT,0,0,0,0,0,0,0x1001BFC0
1777258070.844,402669,4,6,GNSS,255,BROADCAST,0,HEARTBEAT,48,HEARTBEAT,0,0,0,0,0,0,0x1001BFC0
1777258070.845,402669,4,6,GNSS,1,CDH,10,HEALTH,1,HEALTH_0x01,0,0,0,0,1,1,0x1001804A
1777258070.845,402671,2,6,GNSS,1,CDH,4,TELEMETRY,2,TELEMETRY_0x02,0,0,0,0,0,0,0x08018044
1777258071.842,403667,4,6,GNSS,255,BROADCAST,0,HEARTBEAT,48,HEARTBEAT,0,0,0,0,0,0,0x1001BFC0
1777258072.865,404664,4,6,GNSS,255,BROADCAST,0,HEARTBEAT,48,HEARTBEAT,0,0,0,0,0,0,0x1001BFC0
1777258073.188,405004,2,6,GNSS,1,CDH,4,TELEMETRY,2,TELEMETRY_0x02,0,0,0,0,0,0,0x08018044
1777258073.188,405005,4,6,GNSS,1,CDH,3,CMD_RESP,97,CMD_RESP_0x61,1,0,0,0,0,0,0x10018043
1777258073.844,405662,4,6,GNSS,255,BROADCAST,0,HEARTBEAT,48,HEARTBEAT,0,0,0,0,0,0,0x1001BFC0
1777258074.835,406659,4,6,GNSS,255,BROADCAST,0,HEARTBEAT,48,HEARTBEAT,0,0,0,0,0,0,0x1001BFC0
1777258075.847,407656,4,6,GNSS,255,BROADCAST,0,HEARTBEAT,48,HEARTBEAT,0,0,0,0,0,0,0x1001BFC0
1777258075.847,407658,4,6,GNSS,1,CDH,10,HEALTH,1,HEALTH_0x01,0,0,0,0,1,1,0x1001804A
1777258075.847,407659,2,6,GNSS,1,CDH,4,TELEMETRY,2,TELEMETRY_0x02,0,0,0,0,0,0,0x08018044
1777258076.868,408655,4,6,GNSS,255,BROADCAST,0,HEARTBEAT,48,HEARTBEAT,0,0,0,0,0,0,0x1001BFC0
1777258077.828,409652,4,6,GNSS,255,BROADCAST,0,HEARTBEAT,48,HEARTBEAT,0,0,0,0,0,0,0x1001BFC0
1777258078.199,409982,2,6,GNSS,1,CDH,4,TELEMETRY,2,TELEMETRY_0x02,0,0,0,0,0,0,0x08018044
1777258078.199,409983,4,6,GNSS,1,CDH,3,CMD_RESP,97,CMD_RESP_0x61,1,0,0,0,0,0,0x10018043
1777258078.825,410650,4,6,GNSS,255,BROADCAST,0,HEARTBEAT,48,HEARTBEAT,0,0,0,0,0,0,0x1001BFC0
1777258079.836,411647,4,6,GNSS,255,BROADCAST,0,HEARTBEAT,48,HEARTBEAT,0,0,0,0,0,0,0x1001BFC0
1777258080.858,412644,4,6,GNSS,255,BROADCAST,0,HEARTBEAT,48,HEARTBEAT,0,0,0,0,0,0,0x1001BFC0
1777258080.858,412645,4,6,GNSS,1,CDH,10,HEALTH,1,HEALTH_0x01,0,0,0,0,1,1,0x1001804A
1777258080.858,412647,2,6,GNSS,1,CDH,4,TELEMETRY,2,TELEMETRY_0x02,0,0,0,0,0,0,0x08018044
1777258081.819,413643,4,6,GNSS,255,BROADCAST,0,HEARTBEAT,48,HEARTBEAT,0,0,0,0,0,0,0x1001BFC0
1777258082.815,414640,4,6,GNSS,255,BROADCAST,0,HEARTBEAT,48,HEARTBEAT,0,0,0,0,0,0,0x1001BFC0
1777258083.136,414960,2,6,GNSS,1,CDH,4,TELEMETRY,2,TELEMETRY_0x02,0,0,0,0,0,0,0x08018044
1777258083.136,414961,4,6,GNSS,1,CDH,3,CMD_RESP,97,CMD_RESP_0x61,1,0,0,0,0,0,0x10018043
1777258083.829,415638,4,6,GNSS,255,BROADCAST,0,HEARTBEAT,48,HEARTBEAT,0,0,0,0,0,0,0x1001BFC0
1777258084.811,416635,4,6,GNSS,255,BROADCAST,0,HEARTBEAT,48,HEARTBEAT,0,0,0,0,0,0,0x1001BFC0
1777258085.811,417632,4,6,GNSS,255,BROADCAST,0,HEARTBEAT,48,HEARTBEAT,0,0,0,0,0,0,0x1001BFC0
1777258085.811,417633,4,6,GNSS,1,CDH,10,HEALTH,1,HEALTH_0x01,0,0,0,0,1,1,0x1001804A
1777258085.811,417634,2,6,GNSS,1,CDH,4,TELEMETRY,2,TELEMETRY_0x02,0,0,0,0,0,0,0x08018044
1777258086.806,418631,4,6,GNSS,255,BROADCAST,0,HEARTBEAT,48,HEARTBEAT,0,0,0,0,0,0,0x1001BFC0
1777258087.815,419628,4,6,GNSS,255,BROADCAST,0,HEARTBEAT,48,HEARTBEAT,0,0,0,0,0,0,0x1001BFC0
1777258088.128,419937,2,6,GNSS,1,CDH,4,TELEMETRY,2,TELEMETRY_0x02,0,0,0,0,0,0,0x08018044
1777258088.128,419938,4,6,GNSS,1,CDH,3,CMD_RESP,97,CMD_RESP_0x61,1,0,0,0,0,0,0x10018043
1777258088.801,420625,4,6,GNSS,255,BROADCAST,0,HEARTBEAT,48,HEARTBEAT,0,0,0,0,0,0,0x1001BFC0
1777258089.798,421623,4,6,GNSS,255,BROADCAST,0,HEARTBEAT,48,HEARTBEAT,0,0,0,0,0,0,0x1001BFC0
1777258090.796,422620,4,6,GNSS,255,BROADCAST,0,HEARTBEAT,48,HEARTBEAT,0,0,0,0,0,0,0x1001BFC0
1777258090.796,422621,4,6,GNSS,1,CDH,10,HEALTH,1,HEALTH_0x01,0,0,0,0,1,1,0x1001804A
1777258090.797,422622,2,6,GNSS,1,CDH,4,TELEMETRY,2,TELEMETRY_0x02,0,0,0,0,0,0,0x08018044
1777258091.817,423618,4,6,GNSS,255,BROADCAST,0,HEARTBEAT,48,HEARTBEAT,0,0,0,0,0,0,0x1001BFC0
1777258092.791,424616,4,6,GNSS,255,BROADCAST,0,HEARTBEAT,48,HEARTBEAT,0,0,0,0,0,0,0x1001BFC0
1777258093.092,424915,2,6,GNSS,1,CDH,4,TELEMETRY,2,TELEMETRY_0x02,0,0,0,0,0,0,0x08018044
1777258093.092,424916,4,6,GNSS,1,CDH,3,CMD_RESP,97,CMD_RESP_0x61,1,0,0,0,0,0,0x10018043
1777258093.788,425613,4,6,GNSS,255,BROADCAST,0,HEARTBEAT,48,HEARTBEAT,0,0,0,0,0,0,0x1001BFC0
1777258094.791,426610,4,6,GNSS,255,BROADCAST,0,HEARTBEAT,48,HEARTBEAT,0,0,0,0,0,0,0x1001BFC0
1777258095.813,427608,4,6,GNSS,255,BROADCAST,0,HEARTBEAT,48,HEARTBEAT,0,0,0,0,0,0,0x1001BFC0
1777258095.813,427609,4,6,GNSS,1,CDH,10,HEALTH,1,HEALTH_0x01,0,0,0,0,1,1,0x1001804A
1777258095.813,427610,2,6,GNSS,1,CDH,4,TELEMETRY,2,TELEMETRY_0x02,0,0,0,0,0,0,0x08018044
1777258096.782,428606,4,6,GNSS,255,BROADCAST,0,HEARTBEAT,48,HEARTBEAT,0,0,0,0,0,0,0x1001BFC0
1777258097.779,429604,4,6,GNSS,255,BROADCAST,0,HEARTBEAT,48,HEARTBEAT,0,0,0,0,0,0,0x1001BFC0
1777258098.069,429893,2,6,GNSS,1,CDH,4,TELEMETRY,2,TELEMETRY_0x02,0,0,0,0,0,0,0x08018044
1777258098.069,429894,4,6,GNSS,1,CDH,3,CMD_RESP,97,CMD_RESP_0x61,1,0,0,0,0,0,0x10018043
1777258098.783,430601,4,6,GNSS,255,BROADCAST,0,HEARTBEAT,48,HEARTBEAT,0,0,0,0,0,0,0x1001BFC0
1777258099.809,431598,4,6,GNSS,255,BROADCAST,0,HEARTBEAT,48,HEARTBEAT,0,0,0,0,0,0,0x1001BFC0
1777258100.772,432596,4,6,GNSS,255,BROADCAST,0,HEARTBEAT,48,HEARTBEAT,0,0,0,0,0,0,0x1001BFC0
1777258100.772,432597,4,6,GNSS,1,CDH,10,HEALTH,1,HEALTH_0x01,0,0,0,0,1,1,0x1001804A
1777258100.773,432598,2,6,GNSS,1,CDH,4,TELEMETRY,2,TELEMETRY_0x02,0,0,0,0,0,0,0x08018044
1777258101.770,433594,4,6,GNSS,255,BROADCAST,0,HEARTBEAT,48,HEARTBEAT,0,0,0,0,0,0,0x1001BFC0
1777258102.770,434592,4,6,GNSS,255,BROADCAST,0,HEARTBEAT,48,HEARTBEAT,0,0,0,0,0,0,0x1001BFC0
1777258103.074,434871,2,6,GNSS,1,CDH,4,TELEMETRY,2,TELEMETRY_0x02,0,0,0,0,0,0,0x08018044
1777258103.074,434872,4,6,GNSS,1,CDH,3,CMD_RESP,97,CMD_RESP_0x61,1,0,0,0,0,0,0x10018043
1777258103.793,435589,4,6,GNSS,255,BROADCAST,0,HEARTBEAT,48,HEARTBEAT,0,0,0,0,0,0,0x1001BFC0
1777258104.763,436586,4,6,GNSS,255,BROADCAST,0,HEARTBEAT,48,HEARTBEAT,0,0,0,0,0,0,0x1001BFC0
1777258105.759,437584,4,6,GNSS,255,BROADCAST,0,HEARTBEAT,48,HEARTBEAT,0,0,0,0,0,0,0x1001BFC0
1777258105.760,437585,4,6,GNSS,1,CDH,10,HEALTH,1,HEALTH_0x01,0,0,0,0,1,1,0x1001804A
1777258105.761,437586,2,6,GNSS,1,CDH,4,TELEMETRY,2,TELEMETRY_0x02,0,0,0,0,0,0,0x08018044
1777258106.774,438582,4,6,GNSS,255,BROADCAST,0,HEARTBEAT,48,HEARTBEAT,0,0,0,0,0,0,0x1001BFC0
1777258107.791,439579,4,6,GNSS,255,BROADCAST,0,HEARTBEAT,48,HEARTBEAT,0,0,0,0,0,0,0x1001BFC0
1777258108.028,439849,2,6,GNSS,1,CDH,4,TELEMETRY,2,TELEMETRY_0x02,0,0,0,0,0,0,0x08018044
1777258108.028,439850,4,6,GNSS,1,CDH,3,CMD_RESP,97,CMD_RESP_0x61,1,0,0,0,0,0,0x10018043
1777258108.752,440577,4,6,GNSS,255,BROADCAST,0,HEARTBEAT,48,HEARTBEAT,0,0,0,0,0,0,0x1001BFC0
1777258109.749,441574,4,6,GNSS,255,BROADCAST,0,HEARTBEAT,48,HEARTBEAT,0,0,0,0,0,0,0x1001BFC0
1777258110.763,442571,4,6,GNSS,255,BROADCAST,0,HEARTBEAT,48,HEARTBEAT,0,0,0,0,0,0,0x1001BFC0
1777258110.763,442572,4,6,GNSS,1,CDH,10,HEALTH,1,HEALTH_0x01,0,0,0,0,1,1,0x1001804A
1777258110.763,442573,2,6,GNSS,1,CDH,4,TELEMETRY,2,TELEMETRY_0x02,0,0,0,0,0,0,0x08018044
1777258111.787,443569,4,6,GNSS,255,BROADCAST,0,HEARTBEAT,48,HEARTBEAT,0,0,0,0,0,0,0x1001BFC0
1777258112.743,444566,4,6,GNSS,255,BROADCAST,0,HEARTBEAT,48,HEARTBEAT,0,0,0,0,0,0,0x1001BFC0
1777258113.009,444826,2,6,GNSS,1,CDH,4,TELEMETRY,2,TELEMETRY_0x02,0,0,0,0,0,0,0x08018044
1777258113.009,444828,4,6,GNSS,1,CDH,3,CMD_RESP,97,CMD_RESP_0x61,1,0,0,0,0,0,0x10018043
1777258113.739,445564,4,6,GNSS,255,BROADCAST,0,HEARTBEAT,48,HEARTBEAT,0,0,0,0,0,0,0x1001BFC0
1777258114.756,446561,4,6,GNSS,255,BROADCAST,0,HEARTBEAT,48,HEARTBEAT,0,0,0,0,0,0,0x1001BFC0
1777258115.734,447558,4,6,GNSS,255,BROADCAST,0,HEARTBEAT,48,HEARTBEAT,0,0,0,0,0,0,0x1001BFC0
1777258115.735,447559,4,6,GNSS,1,CDH,10,HEALTH,1,HEALTH_0x01,0,0,0,0,1,1,0x1001804A
1777258115.736,447560,2,6,GNSS,1,CDH,4,TELEMETRY,2,TELEMETRY_0x02,0,0,0,0,0,0,0x08018044
1777258116.733,448556,4,6,GNSS,255,BROADCAST,0,HEARTBEAT,48,HEARTBEAT,0,0,0,0,0,0,0x1001BFC0
1777258117.729,449554,4,6,GNSS,255,BROADCAST,0,HEARTBEAT,48,HEARTBEAT,0,0,0,0,0,0,0x1001BFC0
1777258117.981,449805,2,6,GNSS,1,CDH,4,TELEMETRY,2,TELEMETRY_0x02,0,0,0,0,0,0,0x08018044
1777258117.982,449807,4,6,GNSS,1,CDH,3,CMD_RESP,97,CMD_RESP_0x61,1,0,0,0,0,0,0x10018043
1777258118.752,450551,4,6,GNSS,255,BROADCAST,0,HEARTBEAT,48,HEARTBEAT,0,0,0,0,0,0,0x1001BFC0
1777258119.724,451548,4,6,GNSS,255,BROADCAST,0,HEARTBEAT,48,HEARTBEAT,0,0,0,0,0,0,0x1001BFC0
1777258120.727,452545,4,6,GNSS,255,BROADCAST,0,HEARTBEAT,48,HEARTBEAT,0,0,0,0,0,0,0x1001BFC0
1777258120.727,452546,4,6,GNSS,1,CDH,10,HEALTH,1,HEALTH_0x01,0,0,0,0,1,1,0x1001804A
1777258120.727,452547,2,6,GNSS,1,CDH,4,TELEMETRY,2,TELEMETRY_0x02,0,0,0,0,0,0,0x08018044
1777258121.721,453544,4,6,GNSS,255,BROADCAST,0,HEARTBEAT,48,HEARTBEAT,0,0,0,0,0,0,0x1001BFC0
1777258122.746,454541,4,6,GNSS,255,BROADCAST,0,HEARTBEAT,48,HEARTBEAT,0,0,0,0,0,0,0x1001BFC0
1777258122.957,454781,2,6,GNSS,1,CDH,4,TELEMETRY,2,TELEMETRY_0x02,0,0,0,0,0,0,0x08018044
1777258122.958,454783,4,6,GNSS,1,CDH,3,CMD_RESP,97,CMD_RESP_0x61,1,0,0,0,0,0,0x10018043
1777258123.714,455538,4,6,GNSS,255,BROADCAST,0,HEARTBEAT,48,HEARTBEAT,0,0,0,0,0,0,0x1001BFC0
1777258124.711,456535,4,6,GNSS,255,BROADCAST,0,HEARTBEAT,48,HEARTBEAT,0,0,0,0,0,0,0x1001BFC0
1777258125.716,457532,4,6,GNSS,255,BROADCAST,0,HEARTBEAT,48,HEARTBEAT,0,0,0,0,0,0,0x1001BFC0
1777258125.716,457533,4,6,GNSS,1,CDH,10,HEALTH,1,HEALTH_0x01,0,0,0,0,1,1,0x1001804A
1777258125.716,457534,2,6,GNSS,1,CDH,4,TELEMETRY,2,TELEMETRY_0x02,0,0,0,0,0,0,0x08018044
1777258126.736,458531,4,6,GNSS,255,BROADCAST,0,HEARTBEAT,48,HEARTBEAT,0,0,0,0,0,0,0x1001BFC0
1777258127.704,459528,4,6,GNSS,255,BROADCAST,0,HEARTBEAT,48,HEARTBEAT,0,0,0,0,0,0,0x1001BFC0
1777258127.968,459759,2,6,GNSS,1,CDH,4,TELEMETRY,2,TELEMETRY_0x02,0,0,0,0,0,0,0x08018044
1777258127.968,459760,4,6,GNSS,1,CDH,3,CMD_RESP,97,CMD_RESP_0x61,1,0,0,0,0,0,0x10018043
1777258128.701,460525,4,6,GNSS,255,BROADCAST,0,HEARTBEAT,48,HEARTBEAT,0,0,0,0,0,0,0x1001BFC0
1777258129.706,461522,4,6,GNSS,255,BROADCAST,0,HEARTBEAT,48,HEARTBEAT,0,0,0,0,0,0,0x1001BFC0
1777258130.723,462519,4,6,GNSS,255,BROADCAST,0,HEARTBEAT,48,HEARTBEAT,0,0,0,0,0,0,0x1001BFC0
1777258130.723,462521,4,6,GNSS,1,CDH,10,HEALTH,1,HEALTH_0x01,0,0,0,0,1,1,0x1001804A
1777258130.723,462522,2,6,GNSS,1,CDH,4,TELEMETRY,2,TELEMETRY_0x02,0,0,0,0,0,0,0x08018044
1777258131.693,463518,4,6,GNSS,255,BROADCAST,0,HEARTBEAT,48,HEARTBEAT,0,0,0,0,0,0,0x1001BFC0
1777258132.691,464515,4,6,GNSS,255,BROADCAST,0,HEARTBEAT,48,HEARTBEAT,0,0,0,0,0,0,0x1001BFC0
1777258132.915,464738,2,6,GNSS,1,CDH,4,TELEMETRY,2,TELEMETRY_0x02,0,0,0,0,0,0,0x08018044
1777258132.915,464739,4,6,GNSS,1,CDH,3,CMD_RESP,97,CMD_RESP_0x61,1,0,0,0,0,0,0x10018043
1777258133.702,465512,4,6,GNSS,255,BROADCAST,0,HEARTBEAT,48,HEARTBEAT,0,0,0,0,0,0,0x1001BFC0
1777258134.727,466510,4,6,GNSS,255,BROADCAST,0,HEARTBEAT,48,HEARTBEAT,0,0,0,0,0,0,0x1001BFC0
1777258135.683,467507,4,6,GNSS,255,BROADCAST,0,HEARTBEAT,48,HEARTBEAT,0,0,0,0,0,0,0x1001BFC0
1777258135.684,467508,4,6,GNSS,1,CDH,10,HEALTH,1,HEALTH_0x01,0,0,0,0,1,1,0x1001804A
1777258135.685,467509,2,6,GNSS,1,CDH,4,TELEMETRY,2,TELEMETRY_0x02,0,0,0,0,0,0,0x08018044
1777258136.681,468505,4,6,GNSS,255,BROADCAST,0,HEARTBEAT,48,HEARTBEAT,0,0,0,0,0,0,0x1001BFC0
1777258137.699,469502,4,6,GNSS,255,BROADCAST,0,HEARTBEAT,48,HEARTBEAT,0,0,0,0,0,0,0x1001BFC0
1777258137.892,469715,2,6,GNSS,1,CDH,4,TELEMETRY,2,TELEMETRY_0x02,0,0,0,0,0,0,0x08018044
1777258137.892,469717,4,6,GNSS,1,CDH,3,CMD_RESP,97,CMD_RESP_0x61,1,0,0,0,0,0,0x10018043
1777258138.676,470500,4,6,GNSS,255,BROADCAST,0,HEARTBEAT,48,HEARTBEAT,0,0,0,0,0,0,0x1001BFC0
1777258139.675,471497,4,6,GNSS,255,BROADCAST,0,HEARTBEAT,48,HEARTBEAT,0,0,0,0,0,0,0x1001BFC0
1777258140.671,472494,4,6,GNSS,255,BROADCAST,0,HEARTBEAT,48,HEARTBEAT,0,0,0,0,0,0,0x1001BFC0
1777258140.671,472495,4,6,GNSS,1,CDH,10,HEALTH,1,HEALTH_0x01,0,0,0,0,1,1,0x1001804A
1777258140.673,472497,2,6,GNSS,1,CDH,4,TELEMETRY,2,TELEMETRY_0x02,0,0,0,0,0,0,0x08018044
1777258141.680,473493,4,6,GNSS,255,BROADCAST,0,HEARTBEAT,48,HEARTBEAT,0,0,0,0,0,0,0x1001BFC0
1777258142.669,474493,4,6,GNSS,255,BROADCAST,0,HEARTBEAT,48,HEARTBEAT,0,0,0,0,0,0,0x1001BFC0
1777258142.870,474693,2,6,GNSS,1,CDH,4,TELEMETRY,2,TELEMETRY_0x02,0,0,0,0,0,0,0x08018044
1777258142.870,474695,4,6,GNSS,1,CDH,3,CMD_RESP,97,CMD_RESP_0x61,1,0,0,0,0,0,0x10018043
1777258143.666,475488,4,6,GNSS,255,BROADCAST,0,HEARTBEAT,48,HEARTBEAT,0,0,0,0,0,0,0x1001BFC0
1777258144.662,476485,4,6,GNSS,255,BROADCAST,0,HEARTBEAT,48,HEARTBEAT,0,0,0,0,0,0,0x1001BFC0
1777258145.684,477482,4,6,GNSS,255,BROADCAST,0,HEARTBEAT,48,HEARTBEAT,0,0,0,0,0,0,0x1001BFC0
1777258145.684,477483,4,6,GNSS,1,CDH,10,HEALTH,1,HEALTH_0x01,0,0,0,0,1,1,0x1001804A
1777258145.684,477484,2,6,GNSS,1,CDH,4,TELEMETRY,2,TELEMETRY_0x02,0,0,0,0,0,0,0x08018044
1777258146.657,478480,4,6,GNSS,255,BROADCAST,0,HEARTBEAT,48,HEARTBEAT,0,0,0,0,0,0,0x1001BFC0
1777258147.654,479478,4,6,GNSS,255,BROADCAST,0,HEARTBEAT,48,HEARTBEAT,0,0,0,0,0,0,0x1001BFC0
1777258147.848,479672,2,6,GNSS,1,CDH,4,TELEMETRY,2,TELEMETRY_0x02,0,0,0,0,0,0,0x08018044
1777258147.849,479673,4,6,GNSS,1,CDH,3,CMD_RESP,97,CMD_RESP_0x61,1,0,0,0,0,0,0x10018043
1777258148.656,480475,4,6,GNSS,255,BROADCAST,0,HEARTBEAT,48,HEARTBEAT,0,0,0,0,0,0,0x1001BFC0
1777258149.680,481472,4,6,GNSS,255,BROADCAST,0,HEARTBEAT,48,HEARTBEAT,0,0,0,0,0,0,0x1001BFC0
1777258150.646,482470,4,6,GNSS,255,BROADCAST,0,HEARTBEAT,48,HEARTBEAT,0,0,0,0,0,0,0x1001BFC0
1777258150.647,482471,4,6,GNSS,1,CDH,10,HEALTH,1,HEALTH_0x01,0,0,0,0,1,1,0x1001804A
1777258150.648,482472,2,6,GNSS,1,CDH,4,TELEMETRY,2,TELEMETRY_0x02,0,0,0,0,0,0,0x08018044
1777258151.644,483468,4,6,GNSS,255,BROADCAST,0,HEARTBEAT,48,HEARTBEAT,0,0,0,0,0,0,0x1001BFC0
1777258152.647,484465,4,6,GNSS,255,BROADCAST,0,HEARTBEAT,48,HEARTBEAT,0,0,0,0,0,0,0x1001BFC0
1777258152.852,484650,2,6,GNSS,1,CDH,4,TELEMETRY,2,TELEMETRY_0x02,0,0,0,0,0,0,0x08018044
1777258152.852,484651,4,6,GNSS,1,CDH,3,CMD_RESP,97,CMD_RESP_0x61,1,0,0,0,0,0,0x10018043
1777258153.685,485463,4,6,GNSS,255,BROADCAST,0,HEARTBEAT,48,HEARTBEAT,0,0,0,0,0,0,0x1001BFC0
1777258154.640,486460,4,6,GNSS,255,BROADCAST,0,HEARTBEAT,48,HEARTBEAT,0,0,0,0,0,0,0x1001BFC0
1777258155.634,487457,4,6,GNSS,255,BROADCAST,0,HEARTBEAT,48,HEARTBEAT,0,0,0,0,0,0,0x1001BFC0
1777258155.635,487458,4,6,GNSS,1,CDH,10,HEALTH,1,HEALTH_0x01,0,0,0,0,1,1,0x1001804A
1777258155.636,487459,2,6,GNSS,1,CDH,4,TELEMETRY,2,TELEMETRY_0x02,0,0,0,0,0,0,0x08018044
1777258156.632,488456,4,6,GNSS,255,BROADCAST,0,HEARTBEAT,48,HEARTBEAT,0,0,0,0,0,0,0x1001BFC0
1777258161.659,493443,4,6,GNSS,255,BROADCAST,0,HEARTBEAT,48,HEARTBEAT,0,0,0,0,0,0,0x1001BFC0
1777258162.617,494440,4,6,GNSS,255,BROADCAST,0,HEARTBEAT,48,HEARTBEAT,0,0,0,0,0,0,0x1001BFC0
1777258162.783,494605,2,6,GNSS,1,CDH,4,TELEMETRY,2,TELEMETRY_0x02,0,0,0,0,0,0,0x08018044
1777258162.783,494607,4,6,GNSS,1,CDH,3,CMD_RESP,97,CMD_RESP_0x61,1,0,0,0,0,0,0x10018043
1777258163.614,495437,4,6,GNSS,255,BROADCAST,0,HEARTBEAT,48,HEARTBEAT,0,0,0,0,0,0,0x1001BFC0
1777258164.615,496435,4,6,GNSS,255,BROADCAST,0,HEARTBEAT,48,HEARTBEAT,0,0,0,0,0,0,0x1001BFC0
1777258165.638,497432,4,6,GNSS,255,BROADCAST,0,HEARTBEAT,48,HEARTBEAT,0,0,0,0,0,0,0x1001BFC0
1777258165.638,497433,4,6,GNSS,1,CDH,10,HEALTH,1,HEALTH_0x01,0,0,0,0,1,1,0x1001804A
1777258165.638,497434,2,6,GNSS,1,CDH,4,TELEMETRY,2,TELEMETRY_0x02,0,0,0,0,0,0,0x08018044
1777258166.607,498430,4,6,GNSS,255,BROADCAST,0,HEARTBEAT,48,HEARTBEAT,0,0,0,0,0,0,0x1001BFC0
1777258167.604,499427,4,6,GNSS,255,BROADCAST,0,HEARTBEAT,48,HEARTBEAT,0,0,0,0,0,0,0x1001BFC0
1777258167.804,499583,2,6,GNSS,1,CDH,4,TELEMETRY,2,TELEMETRY_0x02,0,0,0,0,0,0,0x08018044
1777258167.804,499584,4,6,GNSS,1,CDH,3,CMD_RESP,97,CMD_RESP_0x61,1,0,0,0,0,0,0x10018043
1777258168.619,500425,4,6,GNSS,255,BROADCAST,0,HEARTBEAT,48,HEARTBEAT,0,0,0,0,0,0,0x1001BFC0
1777258169.599,501422,4,6,GNSS,255,BROADCAST,0,HEARTBEAT,48,HEARTBEAT,0,0,0,0,0,0,0x1001BFC0
1777258170.598,502419,4,6,GNSS,255,BROADCAST,0,HEARTBEAT,48,HEARTBEAT,0,0,0,0,0,0,0x1001BFC0
1777258170.598,502420,4,6,GNSS,1,CDH,10,HEALTH,1,HEALTH_0x01,0,0,0,0,1,1,0x1001804A
1777258170.598,502422,2,6,GNSS,1,CDH,4,TELEMETRY,2,TELEMETRY_0x02,0,0,0,0,0,0,0x08018044
1777258171.594,503418,4,6,GNSS,255,BROADCAST,0,HEARTBEAT,48,HEARTBEAT,0,0,0,0,0,0,0x1001BFC0
1777258172.603,504415,4,6,GNSS,255,BROADCAST,0,HEARTBEAT,48,HEARTBEAT,0,0,0,0,0,0,0x1001BFC0
1777258172.738,504561,2,6,GNSS,1,CDH,4,TELEMETRY,2,TELEMETRY_0x02,0,0,0,0,0,0,0x08018044
1777258172.738,504562,4,6,GNSS,1,CDH,3,CMD_RESP,97,CMD_RESP_0x61,1,0,0,0,0,0,0x10018043
1777258173.589,505412,4,6,GNSS,255,BROADCAST,0,HEARTBEAT,48,HEARTBEAT,0,0,0,0,0,0,0x1001BFC0
1777258174.586,506409,4,6,GNSS,255,BROADCAST,0,HEARTBEAT,48,HEARTBEAT,0,0,0,0,0,0,0x1001BFC0
1777258175.586,507407,4,6,GNSS,255,BROADCAST,0,HEARTBEAT,48,HEARTBEAT,0,0,0,0,0,0,0x1001BFC0
1777258175.586,507408,4,6,GNSS,1,CDH,10,HEALTH,1,HEALTH_0x01,0,0,0,0,1,1,0x1001804A
1777258175.586,507409,2,6,GNSS,1,CDH,4,TELEMETRY,2,TELEMETRY_0x02,0,0,0,0,0,0,0x08018044
1777258176.614,508405,4,6,GNSS,255,BROADCAST,0,HEARTBEAT,48,HEARTBEAT,0,0,0,0,0,0,0x1001BFC0
1777258177.580,509403,4,6,GNSS,255,BROADCAST,0,HEARTBEAT,48,HEARTBEAT,0,0,0,0,0,0,0x1001BFC0
1777258177.731,509538,2,6,GNSS,1,CDH,4,TELEMETRY,2,TELEMETRY_0x02,0,0,0,0,0,0,0x08018044
1777258177.731,509540,4,6,GNSS,1,CDH,3,CMD_RESP,97,CMD_RESP_0x61,1,0,0,0,0,0,0x10018043
1777258178.577,510400,4,6,GNSS,255,BROADCAST,0,HEARTBEAT,48,HEARTBEAT,0,0,0,0,0,0,0x1001BFC0
1777258179.574,511397,4,6,GNSS,255,BROADCAST,0,HEARTBEAT,48,HEARTBEAT,0,0,0,0,0,0,0x1001BFC0
1777258180.595,512394,4,6,GNSS,255,BROADCAST,0,HEARTBEAT,48,HEARTBEAT,0,0,0,0,0,0,0x1001BFC0
1777258180.595,512395,4,6,GNSS,1,CDH,10,HEALTH,1,HEALTH_0x01,0,0,0,0,1,1,0x1001804A
1777258180.595,512397,2,6,GNSS,1,CDH,4,TELEMETRY,2,TELEMETRY_0x02,0,0,0,0,0,0,0x08018044
1777258181.570,513393,4,6,GNSS,255,BROADCAST,0,HEARTBEAT,48,HEARTBEAT,0,0,0,0,0,0,0x1001BFC0
1777258182.567,514390,4,6,GNSS,255,BROADCAST,0,HEARTBEAT,48,HEARTBEAT,0,0,0,0,0,0,0x1001BFC0
1777258182.694,514516,2,6,GNSS,1,CDH,4,TELEMETRY,2,TELEMETRY_0x02,0,0,0,0,0,0,0x08018044
1777258182.694,514517,4,6,GNSS,1,CDH,3,CMD_RESP,97,CMD_RESP_0x61,1,0,0,0,0,0,0x10018043
1777258183.567,515388,4,6,GNSS,255,BROADCAST,0,HEARTBEAT,48,HEARTBEAT,0,0,0,0,0,0,0x1001BFC0
1777258184.588,516385,4,6,GNSS,255,BROADCAST,0,HEARTBEAT,48,HEARTBEAT,0,0,0,0,0,0,0x1001BFC0
1777258185.562,517383,4,6,GNSS,255,BROADCAST,0,HEARTBEAT,48,HEARTBEAT,0,0,0,0,0,0,0x1001BFC0
1777258185.562,517384,4,6,GNSS,1,CDH,10,HEALTH,1,HEALTH_0x01,0,0,0,0,1,1,0x1001804A
1777258185.562,517385,2,6,GNSS,1,CDH,4,TELEMETRY,2,TELEMETRY_0x02,0,0,0,0,0,0,0x08018044
1777258186.558,518381,4,6,GNSS,255,BROADCAST,0,HEARTBEAT,48,HEARTBEAT,0,0,0,0,0,0,0x1001BFC0
1777258187.567,519378,4,6,GNSS,255,BROADCAST,0,HEARTBEAT,48,HEARTBEAT,0,0,0,0,0,0,0x1001BFC0
1777258187.671,519493,2,6,GNSS,1,CDH,4,TELEMETRY,2,TELEMETRY_0x02,0,0,0,0,0,0,0x08018044
1777258187.672,519495,4,6,GNSS,1,CDH,3,CMD_RESP,97,CMD_RESP_0x61,1,0,0,0,0,0,0x10018043
1777258188.588,520376,4,6,GNSS,255,BROADCAST,0,HEARTBEAT,48,HEARTBEAT,0,0,0,0,0,0,0x1001BFC0
1777258189.551,521373,4,6,GNSS,255,BROADCAST,0,HEARTBEAT,48,HEARTBEAT,0,0,0,0,0,0,0x1001BFC0
1777258190.549,522370,4,6,GNSS,255,BROADCAST,0,HEARTBEAT,48,HEARTBEAT,0,0,0,0,0,0,0x1001BFC0
1777258190.549,522371,4,6,GNSS,1,CDH,10,HEALTH,1,HEALTH_0x01,0,0,0,0,1,1,0x1001804A
1777258190.550,522373,2,6,GNSS,1,CDH,4,TELEMETRY,2,TELEMETRY_0x02,0,0,0,0,0,0,0x08018044
1777258191.554,523369,4,6,GNSS,255,BROADCAST,0,HEARTBEAT,48,HEARTBEAT,0,0,0,0,0,0,0x1001BFC0
1777258192.590,524366,4,6,GNSS,255,BROADCAST,0,HEARTBEAT,48,HEARTBEAT,0,0,0,0,0,0,0x1001BFC0
1777258192.685,524471,2,6,GNSS,1,CDH,4,TELEMETRY,2,TELEMETRY_0x02,0,0,0,0,0,0,0x08018044
1777258192.685,524473,4,6,GNSS,1,CDH,3,CMD_RESP,97,CMD_RESP_0x61,1,0,0,0,0,0,0x10018043
1777258193.542,525364,4,6,GNSS,255,BROADCAST,0,HEARTBEAT,48,HEARTBEAT,0,0,0,0,0,0,0x1001BFC0
1777258194.538,526361,4,6,GNSS,255,BROADCAST,0,HEARTBEAT,48,HEARTBEAT,0,0,0,0,0,0,0x1001BFC0
1777258195.548,527358,4,6,GNSS,255,BROADCAST,0,HEARTBEAT,48,HEARTBEAT,0,0,0,0,0,0,0x1001BFC0
1777258195.548,527359,4,6,GNSS,1,CDH,10,HEALTH,1,HEALTH_0x01,0,0,0,0,1,1,0x1001804A
1777258195.548,527360,2,6,GNSS,1,CDH,4,TELEMETRY,2,TELEMETRY_0x02,0,0,0,0,0,0,0x08018044
1777258196.535,528357,4,6,GNSS,255,BROADCAST,0,HEARTBEAT,48,HEARTBEAT,0,0,0,0,0,0,0x1001BFC0
1777258197.531,529354,4,6,GNSS,255,BROADCAST,0,HEARTBEAT,48,HEARTBEAT,0,0,0,0,0,0,0x1001BFC0
1777258197.630,529450,2,6,GNSS,1,CDH,4,TELEMETRY,2,TELEMETRY_0x02,0,0,0,0,0,0,0x08018044
1777258197.630,529451,4,6,GNSS,1,CDH,3,CMD_RESP,97,CMD_RESP_0x61,1,0,0,0,0,0,0x10018043
1777258198.529,530351,4,6,GNSS,255,BROADCAST,0,HEARTBEAT,48,HEARTBEAT,0,0,0,0,0,0,0x1001BFC0
1777258199.548,531349,4,6,GNSS,255,BROADCAST,0,HEARTBEAT,48,HEARTBEAT,0,0,0,0,0,0,0x1001BFC0
1777258200.572,532346,4,6,GNSS,255,BROADCAST,0,HEARTBEAT,48,HEARTBEAT,0,0,0,0,0,0,0x1001BFC0
1777258200.572,532347,4,6,GNSS,1,CDH,10,HEALTH,1,HEALTH_0x01,0,0,0,0,1,1,0x1001804A
1777258200.572,532348,2,6,GNSS,1,CDH,4,TELEMETRY,2,TELEMETRY_0x02,0,0,0,0,0,0,0x08018044
1777258201.522,533344,4,6,GNSS,255,BROADCAST,0,HEARTBEAT,48,HEARTBEAT,0,0,0,0,0,0,0x1001BFC0
1777258202.519,534342,4,6,GNSS,255,BROADCAST,0,HEARTBEAT,48,HEARTBEAT,0,0,0,0,0,0,0x1001BFC0
1777258202.613,534428,2,6,GNSS,1,CDH,4,TELEMETRY,2,TELEMETRY_0x02,0,0,0,0,0,0,0x08018044
1777258202.613,534430,4,6,GNSS,1,CDH,3,CMD_RESP,97,CMD_RESP_0x61,1,0,0,0,0,0,0x10018043
1777258203.543,535339,4,6,GNSS,255,BROADCAST,0,HEARTBEAT,48,HEARTBEAT,0,0,0,0,0,0,0x1001BFC0
1777258204.514,536336,4,6,GNSS,255,BROADCAST,0,HEARTBEAT,48,HEARTBEAT,0,0,0,0,0,0,0x1001BFC0
1777258205.513,537333,4,6,GNSS,255,BROADCAST,0,HEARTBEAT,48,HEARTBEAT,0,0,0,0,0,0,0x1001BFC0
1777258205.513,537334,4,6,GNSS,1,CDH,10,HEALTH,1,HEALTH_0x01,0,0,0,0,1,1,0x1001804A
1777258205.513,537336,2,6,GNSS,1,CDH,4,TELEMETRY,2,TELEMETRY_0x02,0,0,0,0,0,0,0x08018044
1777258206.513,538332,4,6,GNSS,255,BROADCAST,0,HEARTBEAT,48,HEARTBEAT,0,0,0,0,0,0,0x1001BFC0
1777258207.527,539329,4,6,GNSS,255,BROADCAST,0,HEARTBEAT,48,HEARTBEAT,0,0,0,0,0,0,0x1001BFC0
1777258207.584,539407,2,6,GNSS,1,CDH,4,TELEMETRY,2,TELEMETRY_0x02,0,0,0,0,0,0,0x08018044
1777258207.585,539408,4,6,GNSS,1,CDH,3,CMD_RESP,97,CMD_RESP_0x61,1,0,0,0,0,0,0x10018043
1777258208.504,540326,4,6,GNSS,255,BROADCAST,0,HEARTBEAT,48,HEARTBEAT,0,0,0,0,0,0,0x1001BFC0
1777258209.504,541324,4,6,GNSS,255,BROADCAST,0,HEARTBEAT,48,HEARTBEAT,0,0,0,0,0,0,0x1001BFC0
1777258210.507,542321,4,6,GNSS,255,BROADCAST,0,HEARTBEAT,48,HEARTBEAT,0,0,0,0,0,0,0x1001BFC0
1777258210.507,542322,4,6,GNSS,1,CDH,10,HEALTH,1,HEALTH_0x01,0,0,0,0,1,1,0x1001804A
1777258210.507,542323,2,6,GNSS,1,CDH,4,TELEMETRY,2,TELEMETRY_0x02,0,0,0,0,0,0,0x08018044
1777258211.529,543319,4,6,GNSS,255,BROADCAST,0,HEARTBEAT,48,HEARTBEAT,0,0,0,0,0,0,0x1001BFC0
1777258212.494,544317,4,6,GNSS,255,BROADCAST,0,HEARTBEAT,48,HEARTBEAT,0,0,0,0,0,0,0x1001BFC0
1777258212.564,544384,2,6,GNSS,1,CDH,4,TELEMETRY,2,TELEMETRY_0x02,0,0,0,0,0,0,0x08018044
1777258212.564,544386,4,6,GNSS,1,CDH,3,CMD_RESP,97,CMD_RESP_0x61,1,0,0,0,0,0,0x10018043
1777258213.492,545314,4,6,GNSS,255,BROADCAST,0,HEARTBEAT,48,HEARTBEAT,0,0,0,0,0,0,0x1001BFC0
1777258214.509,546311,4,6,GNSS,255,BROADCAST,0,HEARTBEAT,48,HEARTBEAT,0,0,0,0,0,0,0x1001BFC0
1777258215.526,547309,4,6,GNSS,255,BROADCAST,0,HEARTBEAT,48,HEARTBEAT,0,0,0,0,0,0,0x1001BFC0
1777258215.526,547310,4,6,GNSS,1,CDH,10,HEALTH,1,HEALTH_0x01,0,0,0,0,1,1,0x1001804A
1777258215.526,547311,2,6,GNSS,1,CDH,4,TELEMETRY,2,TELEMETRY_0x02,0,0,0,0,0,0,0x08018044
1777258216.484,548307,4,6,GNSS,255,BROADCAST,0,HEARTBEAT,48,HEARTBEAT,0,0,0,0,0,0,0x1001BFC0
1777258217.481,549304,4,6,GNSS,255,BROADCAST,0,HEARTBEAT,48,HEARTBEAT,0,0,0,0,0,0,0x1001BFC0
1777258217.572,549362,2,6,GNSS,1,CDH,4,TELEMETRY,2,TELEMETRY_0x02,0,0,0,0,0,0,0x08018044
1777258217.572,549364,4,6,GNSS,1,CDH,3,CMD_RESP,97,CMD_RESP_0x61,1,0,0,0,0,0,0x10018043
1777258218.494,550302,4,6,GNSS,255,BROADCAST,0,HEARTBEAT,48,HEARTBEAT,0,0,0,0,0,0,0x1001BFC0
1777258219.518,551299,4,6,GNSS,255,BROADCAST,0,HEARTBEAT,48,HEARTBEAT,0,0,0,0,0,0,0x1001BFC0
1777258220.474,552296,4,6,GNSS,255,BROADCAST,0,HEARTBEAT,48,HEARTBEAT,0,0,0,0,0,0,0x1001BFC0
1777258220.474,552297,4,6,GNSS,1,CDH,10,HEALTH,1,HEALTH_0x01,0,0,0,0,1,1,0x1001804A
1777258220.476,552298,2,6,GNSS,1,CDH,4,TELEMETRY,2,TELEMETRY_0x02,0,0,0,0,0,0,0x08018044
1777258221.473,553295,4,6,GNSS,255,BROADCAST,0,HEARTBEAT,48,HEARTBEAT,0,0,0,0,0,0,0x1001BFC0
1777258222.487,554292,4,6,GNSS,255,BROADCAST,0,HEARTBEAT,48,HEARTBEAT,0,0,0,0,0,0,0x1001BFC0
1777258222.524,554342,2,6,GNSS,1,CDH,4,TELEMETRY,2,TELEMETRY_0x02,0,0,0,0,0,0,0x08018044
1777258222.524,554343,4,6,GNSS,1,CDH,3,CMD_RESP,97,CMD_RESP_0x61,1,0,0,0,0,0,0x10018043
1777258223.511,555289,4,6,GNSS,255,BROADCAST,0,HEARTBEAT,48,HEARTBEAT,0,0,0,0,0,0,0x1001BFC0
1777258224.464,556286,4,6,GNSS,255,BROADCAST,0,HEARTBEAT,48,HEARTBEAT,0,0,0,0,0,0,0x1001BFC0
1777258225.465,557284,4,6,GNSS,255,BROADCAST,0,HEARTBEAT,48,HEARTBEAT,0,0,0,0,0,0,0x1001BFC0
1777258225.465,557285,4,6,GNSS,1,CDH,10,HEALTH,1,HEALTH_0x01,0,0,0,0,1,1,0x1001804A
1777258225.465,557286,2,6,GNSS,1,CDH,4,TELEMETRY,2,TELEMETRY_0x02,0,0,0,0,0,0,0x08018044
1777258226.482,558282,4,6,GNSS,255,BROADCAST,0,HEARTBEAT,48,HEARTBEAT,0,0,0,0,0,0,0x1001BFC0
1777258227.459,559279,4,6,GNSS,255,BROADCAST,0,HEARTBEAT,48,HEARTBEAT,0,0,0,0,0,0,0x1001BFC0
1777258227.504,559318,2,6,GNSS,1,CDH,4,TELEMETRY,2,TELEMETRY_0x02,0,0,0,0,0,0,0x08018044
1777258227.504,559319,4,6,GNSS,1,CDH,3,CMD_RESP,97,CMD_RESP_0x61,1,0,0,0,0,0,0x10018043
1777258228.456,560277,4,6,GNSS,255,BROADCAST,0,HEARTBEAT,48,HEARTBEAT,0,0,0,0,0,0,0x1001BFC0
1777258229.452,561274,4,6,GNSS,255,BROADCAST,0,HEARTBEAT,48,HEARTBEAT,0,0,0,0,0,0,0x1001BFC0
1777258230.475,562271,4,6,GNSS,255,BROADCAST,0,HEARTBEAT,48,HEARTBEAT,0,0,0,0,0,0,0x1001BFC0
1777258230.475,562272,4,6,GNSS,1,CDH,10,HEALTH,1,HEALTH_0x01,0,0,0,0,1,1,0x1001804A
1777258230.475,562273,2,6,GNSS,1,CDH,4,TELEMETRY,2,TELEMETRY_0x02,0,0,0,0,0,0,0x08018044
1777258231.448,563269,4,6,GNSS,255,BROADCAST,0,HEARTBEAT,48,HEARTBEAT,0,0,0,0,0,0,0x1001BFC0
1777258232.445,564267,4,6,GNSS,255,BROADCAST,0,HEARTBEAT,48,HEARTBEAT,0,0,0,0,0,0,0x1001BFC0
1777258232.475,564297,2,6,GNSS,1,CDH,4,TELEMETRY,2,TELEMETRY_0x02,0,0,0,0,0,0,0x08018044
1777258232.475,564298,4,6,GNSS,1,CDH,3,CMD_RESP,97,CMD_RESP_0x61,1,0,0,0,0,0,0x10018043
1777258233.443,565264,4,6,GNSS,255,BROADCAST,0,HEARTBEAT,48,HEARTBEAT,0,0,0,0,0,0,0x1001BFC0
1777258234.471,566261,4,6,GNSS,255,BROADCAST,0,HEARTBEAT,48,HEARTBEAT,0,0,0,0,0,0,0x1001BFC0
1777258235.437,567258,4,6,GNSS,255,BROADCAST,0,HEARTBEAT,48,HEARTBEAT,0,0,0,0,0,0,0x1001BFC0
1777258235.438,567261,4,6,GNSS,1,CDH,10,HEALTH,1,HEALTH_0x01,0,0,0,0,1,1,0x1001804A
1777258235.440,567262,2,6,GNSS,1,CDH,4,TELEMETRY,2,TELEMETRY_0x02,0,0,0,0,0,0,0x08018044
1777258236.437,568256,4,6,GNSS,255,BROADCAST,0,HEARTBEAT,48,HEARTBEAT,0,0,0,0,0,0,0x1001BFC0
1777258237.507,569254,4,6,GNSS,255,BROADCAST,0,HEARTBEAT,48,HEARTBEAT,0,0,0,0,0,0,0x1001BFC0
1777258237.509,569275,2,6,GNSS,1,CDH,4,TELEMETRY,2,TELEMETRY_0x02,0,0,0,0,0,0,0x08018044
1777258237.509,569276,4,6,GNSS,1,CDH,3,CMD_RESP,97,CMD_RESP_0x61,1,0,0,0,0,0,0x10018043
1777258238.463,570251,4,6,GNSS,255,BROADCAST,0,HEARTBEAT,48,HEARTBEAT,0,0,0,0,0,0,0x1001BFC0
1777258253.412,4620,4,6,GNSS,255,BROADCAST,0,HEARTBEAT,48,HEARTBEAT,0,0,0,0,0,0,0x1001BFC0
1777258254.388,5617,4,6,GNSS,255,BROADCAST,0,HEARTBEAT,48,HEARTBEAT,0,0,0,0,0,0,0x1001BFC0
1777258255.389,6614,4,6,GNSS,255,BROADCAST,0,HEARTBEAT,48,HEARTBEAT,0,0,0,0,0,0,0x1001BFC0
1777258255.389,6615,4,6,GNSS,1,CDH,10,HEALTH,1,HEALTH_0x01,0,0,0,0,1,1,0x1001804A
1777258255.389,6616,2,6,GNSS,1,CDH,4,TELEMETRY,2,TELEMETRY_0x02,0,0,0,0,0,0,0x08018044
1777258256.384,7613,4,6,GNSS,255,BROADCAST,0,HEARTBEAT,48,HEARTBEAT,0,0,0,0,0,0,0x1001BFC0
1777258257.399,8596,2,6,GNSS,1,CDH,4,TELEMETRY,2,TELEMETRY_0x02,0,0,0,0,0,0,0x08018044
1777258257.399,8597,4,6,GNSS,1,CDH,3,CMD_RESP,97,CMD_RESP_0x61,1,0,0,0,0,0,0x10018043
1777258257.399,8610,4,6,GNSS,255,BROADCAST,0,HEARTBEAT,48,HEARTBEAT,0,0,0,0,0,0,0x1001BFC0
1777258258.378,9607,4,6,GNSS,255,BROADCAST,0,HEARTBEAT,48,HEARTBEAT,0,0,0,0,0,0,0x1001BFC0
1777258259.381,10604,4,6,GNSS,255,BROADCAST,0,HEARTBEAT,48,HEARTBEAT,0,0,0,0,0,0,0x1001BFC0
1777258260.378,11601,4,6,GNSS,255,BROADCAST,0,HEARTBEAT,48,HEARTBEAT,0,0,0,0,0,0,0x1001BFC0
1777258260.378,11603,4,6,GNSS,1,CDH,10,HEALTH,1,HEALTH_0x01,0,0,0,0,1,1,0x1001804A
1777258260.378,11604,2,6,GNSS,1,CDH,4,TELEMETRY,2,TELEMETRY_0x02,0,0,0,0,0,0,0x08018044
1777258261.401,12600,4,6,GNSS,255,BROADCAST,0,HEARTBEAT,48,HEARTBEAT,0,0,0,0,0,0,0x1001BFC0
1777258262.352,13574,2,6,GNSS,1,CDH,4,TELEMETRY,2,TELEMETRY_0x02,0,0,0,0,0,0,0x08018044
1777258262.352,13576,4,6,GNSS,1,CDH,3,CMD_RESP,97,CMD_RESP_0x61,1,0,0,0,0,0,0x10018043
1777258262.368,13597,4,6,GNSS,255,BROADCAST,0,HEARTBEAT,48,HEARTBEAT,0,0,0,0,0,0,0x1001BFC0
1777258263.365,14594,4,6,GNSS,255,BROADCAST,0,HEARTBEAT,48,HEARTBEAT,0,0,0,0,0,0,0x1001BFC0
1777258264.370,15591,4,6,GNSS,255,BROADCAST,0,HEARTBEAT,48,HEARTBEAT,0,0,0,0,0,0,0x1001BFC0
1777258265.393,16588,4,6,GNSS,255,BROADCAST,0,HEARTBEAT,48,HEARTBEAT,0,0,0,0,0,0,0x1001BFC0
1777258265.393,16589,4,6,GNSS,1,CDH,10,HEALTH,1,HEALTH_0x01,0,0,0,0,1,1,0x1001804A
1777258265.393,16591,2,6,GNSS,1,CDH,4,TELEMETRY,2,TELEMETRY_0x02,0,0,0,0,0,0,0x08018044
1777258266.358,17587,4,6,GNSS,255,BROADCAST,0,HEARTBEAT,48,HEARTBEAT,0,0,0,0,0,0,0x1001BFC0
1777258267.340,18553,2,6,GNSS,1,CDH,4,TELEMETRY,2,TELEMETRY_0x02,0,0,0,0,0,0,0x08018044
1777258267.340,18554,4,6,GNSS,1,CDH,3,CMD_RESP,97,CMD_RESP_0x61,1,0,0,0,0,0,0x10018043
1777258267.355,18584,4,6,GNSS,255,BROADCAST,0,HEARTBEAT,48,HEARTBEAT,0,0,0,0,0,0,0x1001BFC0
1777258268.363,19581,4,6,GNSS,255,BROADCAST,0,HEARTBEAT,48,HEARTBEAT,0,0,0,0,0,0,0x1001BFC0
1777258269.385,20578,4,6,GNSS,255,BROADCAST,0,HEARTBEAT,48,HEARTBEAT,0,0,0,0,0,0,0x1001BFC0
1777258270.346,21575,4,6,GNSS,255,BROADCAST,0,HEARTBEAT,48,HEARTBEAT,0,0,0,0,0,0,0x1001BFC0
1777258270.347,21576,4,6,GNSS,1,CDH,10,HEALTH,1,HEALTH_0x01,0,0,0,0,1,1,0x1001804A
1777258270.348,21577,2,6,GNSS,1,CDH,4,TELEMETRY,2,TELEMETRY_0x02,0,0,0,0,0,0,0x08018044
1777258271.344,22573,4,6,GNSS,255,BROADCAST,0,HEARTBEAT,48,HEARTBEAT,0,0,0,0,0,0,0x1001BFC0
1777258272.304,23533,2,6,GNSS,1,CDH,4,TELEMETRY,2,TELEMETRY_0x02,0,0,0,0,0,0,0x08018044
1777258272.306,23534,4,6,GNSS,1,CDH,3,CMD_RESP,97,CMD_RESP_0x61,1,0,0,0,0,0,0x10018043
1777258272.357,23571,4,6,GNSS,255,BROADCAST,0,HEARTBEAT,48,HEARTBEAT,0,0,0,0,0,0,0x1001BFC0
1777258273.381,24568,4,6,GNSS,255,BROADCAST,0,HEARTBEAT,48,HEARTBEAT,0,0,0,0,0,0,0x1001BFC0
1777258274.336,25565,4,6,GNSS,255,BROADCAST,0,HEARTBEAT,48,HEARTBEAT,0,0,0,0,0,0,0x1001BFC0
1777258275.334,26562,4,6,GNSS,255,BROADCAST,0,HEARTBEAT,48,HEARTBEAT,0,0,0,0,0,0,0x1001BFC0
1777258275.335,26563,4,6,GNSS,1,CDH,10,HEALTH,1,HEALTH_0x01,0,0,0,0,1,1,0x1001804A
1777258275.336,26565,2,6,GNSS,1,CDH,4,TELEMETRY,2,TELEMETRY_0x02,0,0,0,0,0,0,0x08018044
1777258276.341,27561,4,6,GNSS,255,BROADCAST,0,HEARTBEAT,48,HEARTBEAT,0,0,0,0,0,0,0x1001BFC0
1777258277.267,28510,2,6,GNSS,1,CDH,4,TELEMETRY,2,TELEMETRY_0x02,0,0,0,0,0,0,0x08018044
1777258277.267,28511,4,6,GNSS,1,CDH,3,CMD_RESP,97,CMD_RESP_0x61,1,0,0,0,0,0,0x10018043
1777258277.329,28558,4,6,GNSS,255,BROADCAST,0,HEARTBEAT,48,HEARTBEAT,0,0,0,0,0,0,0x1001BFC0
1777258278.327,29555,4,6,GNSS,255,BROADCAST,0,HEARTBEAT,48,HEARTBEAT,0,0,0,0,0,0,0x1001BFC0
1777258279.325,30553,4,6,GNSS,255,BROADCAST,0,HEARTBEAT,48,HEARTBEAT,0,0,0,0,0,0,0x1001BFC0
1777258280.335,31550,4,6,GNSS,255,BROADCAST,0,HEARTBEAT,48,HEARTBEAT,0,0,0,0,0,0,0x1001BFC0
1777258280.335,31551,4,6,GNSS,1,CDH,10,HEALTH,1,HEALTH_0x01,0,0,0,0,1,1,0x1001804A
1777258280.335,31552,2,6,GNSS,1,CDH,4,TELEMETRY,2,TELEMETRY_0x02,0,0,0,0,0,0,0x08018044
1777258281.320,32548,4,6,GNSS,255,BROADCAST,0,HEARTBEAT,48,HEARTBEAT,0,0,0,0,0,0,0x1001BFC0
1777258282.281,33488,2,6,GNSS,1,CDH,4,TELEMETRY,2,TELEMETRY_0x02,0,0,0,0,0,0,0x08018044
1777258282.281,33490,4,6,GNSS,1,CDH,3,CMD_RESP,97,CMD_RESP_0x61,1,0,0,0,0,0,0x10018043
1777258282.317,33546,4,6,GNSS,255,BROADCAST,0,HEARTBEAT,48,HEARTBEAT,0,0,0,0,0,0,0x1001BFC0
1777258283.315,34543,4,6,GNSS,255,BROADCAST,0,HEARTBEAT,48,HEARTBEAT,0,0,0,0,0,0,0x1001BFC0
1777258284.329,35540,4,6,GNSS,255,BROADCAST,0,HEARTBEAT,48,HEARTBEAT,0,0,0,0,0,0,0x1001BFC0
1777258285.308,36537,4,6,GNSS,255,BROADCAST,0,HEARTBEAT,48,HEARTBEAT,0,0,0,0,0,0,0x1001BFC0
1777258285.310,36538,4,6,GNSS,1,CDH,10,HEALTH,1,HEALTH_0x01,0,0,0,0,1,1,0x1001804A
1777258285.310,36539,2,6,GNSS,1,CDH,4,TELEMETRY,2,TELEMETRY_0x02,0,0,0,0,0,0,0x08018044
1777258286.307,37535,4,6,GNSS,255,BROADCAST,0,HEARTBEAT,48,HEARTBEAT,0,0,0,0,0,0,0x1001BFC0
1777258287.239,38467,2,6,GNSS,1,CDH,4,TELEMETRY,2,TELEMETRY_0x02,0,0,0,0,0,0,0x08018044
1777258287.239,38468,4,6,GNSS,1,CDH,3,CMD_RESP,97,CMD_RESP_0x61,1,0,0,0,0,0,0x10018043
1777258287.304,38532,4,6,GNSS,255,BROADCAST,0,HEARTBEAT,48,HEARTBEAT,0,0,0,0,0,0,0x1001BFC0
1777258288.332,39529,4,6,GNSS,255,BROADCAST,0,HEARTBEAT,48,HEARTBEAT,0,0,0,0,0,0,0x1001BFC0
1777258289.300,40526,4,6,GNSS,255,BROADCAST,0,HEARTBEAT,48,HEARTBEAT,0,0,0,0,0,0,0x1001BFC0
1777258290.295,41524,4,6,GNSS,255,BROADCAST,0,HEARTBEAT,48,HEARTBEAT,0,0,0,0,0,0,0x1001BFC0
1777258290.296,41525,4,6,GNSS,1,CDH,10,HEALTH,1,HEALTH_0x01,0,0,0,0,1,1,0x1001804A
1777258290.297,41526,2,6,GNSS,1,CDH,4,TELEMETRY,2,TELEMETRY_0x02,0,0,0,0,0,0,0x08018044
1777258291.295,42522,4,6,GNSS,255,BROADCAST,0,HEARTBEAT,48,HEARTBEAT,0,0,0,0,0,0,0x1001BFC0
1777258292.222,43446,2,6,GNSS,1,CDH,4,TELEMETRY,2,TELEMETRY_0x02,0,0,0,0,0,0,0x08018044
1777258292.222,43447,4,6,GNSS,1,CDH,3,CMD_RESP,97,CMD_RESP_0x61,1,0,0,0,0,0,0x10018043
1777258292.318,43519,4,6,GNSS,255,BROADCAST,0,HEARTBEAT,48,HEARTBEAT,0,0,0,0,0,0,0x1001BFC0
1777258293.288,44516,4,6,GNSS,255,BROADCAST,0,HEARTBEAT,48,HEARTBEAT,0,0,0,0,0,0,0x1001BFC0
1777258294.286,45513,4,6,GNSS,255,BROADCAST,0,HEARTBEAT,48,HEARTBEAT,0,0,0,0,0,0,0x1001BFC0
1777258295.293,46510,4,6,GNSS,255,BROADCAST,0,HEARTBEAT,48,HEARTBEAT,0,0,0,0,0,0,0x1001BFC0
1777258295.293,46511,4,6,GNSS,1,CDH,10,HEALTH,1,HEALTH_0x01,0,0,0,0,1,1,0x1001804A
1777258295.293,46513,2,6,GNSS,1,CDH,4,TELEMETRY,2,TELEMETRY_0x02,0,0,0,0,0,0,0x08018044
1777258296.319,47509,4,6,GNSS,255,BROADCAST,0,HEARTBEAT,48,HEARTBEAT,0,0,0,0,0,0,0x1001BFC0
1777258297.195,48424,2,6,GNSS,1,CDH,4,TELEMETRY,2,TELEMETRY_0x02,0,0,0,0,0,0,0x08018044
1777258297.196,48425,4,6,GNSS,1,CDH,3,CMD_RESP,97,CMD_RESP_0x61,1,0,0,0,0,0,0x10018043
1777258297.278,48506,4,6,GNSS,255,BROADCAST,0,HEARTBEAT,48,HEARTBEAT,0,0,0,0,0,0,0x1001BFC0
1777258298.275,49503,4,6,GNSS,255,BROADCAST,0,HEARTBEAT,48,HEARTBEAT,0,0,0,0,0,0,0x1001BFC0
1777258299.286,50500,4,6,GNSS,255,BROADCAST,0,HEARTBEAT,48,HEARTBEAT,0,0,0,0,0,0,0x1001BFC0
1777258300.312,51497,4,6,GNSS,255,BROADCAST,0,HEARTBEAT,48,HEARTBEAT,0,0,0,0,0,0,0x1001BFC0
1777258300.312,51498,4,6,GNSS,1,CDH,10,HEALTH,1,HEALTH_0x01,0,0,0,0,1,1,0x1001804A
1777258300.312,51500,2,6,GNSS,1,CDH,4,TELEMETRY,2,TELEMETRY_0x02,0,0,0,0,0,0,0x08018044
1777258301.267,52496,4,6,GNSS,255,BROADCAST,0,HEARTBEAT,48,HEARTBEAT,0,0,0,0,0,0,0x1001BFC0
1777258302.177,53403,2,6,GNSS,1,CDH,4,TELEMETRY,2,TELEMETRY_0x02,0,0,0,0,0,0,0x08018044
1777258302.177,53404,4,6,GNSS,1,CDH,3,CMD_RESP,97,CMD_RESP_0x61,1,0,0,0,0,0,0x10018043
1777258302.265,53493,4,6,GNSS,255,BROADCAST,0,HEARTBEAT,48,HEARTBEAT,0,0,0,0,0,0,0x1001BFC0
1777258303.285,54490,4,6,GNSS,255,BROADCAST,0,HEARTBEAT,48,HEARTBEAT,0,0,0,0,0,0,0x1001BFC0
1777258304.261,55487,4,6,GNSS,255,BROADCAST,0,HEARTBEAT,48,HEARTBEAT,0,0,0,0,0,0,0x1001BFC0
1777258305.259,56484,4,6,GNSS,255,BROADCAST,0,HEARTBEAT,48,HEARTBEAT,0,0,0,0,0,0,0x1001BFC0
1777258305.259,56485,4,6,GNSS,1,CDH,10,HEALTH,1,HEALTH_0x01,0,0,0,0,1,1,0x1001804A
1777258305.259,56487,2,6,GNSS,1,CDH,4,TELEMETRY,2,TELEMETRY_0x02,0,0,0,0,0,0,0x08018044
1777258306.254,57483,4,6,GNSS,255,BROADCAST,0,HEARTBEAT,48,HEARTBEAT,0,0,0,0,0,0,0x1001BFC0
1777258307.173,58380,2,6,GNSS,1,CDH,4,TELEMETRY,2,TELEMETRY_0x02,0,0,0,0,0,0,0x08018044
1777258307.173,58381,4,6,GNSS,1,CDH,3,CMD_RESP,97,CMD_RESP_0x61,1,0,0,0,0,0,0x10018043
1777258307.269,58480,4,6,GNSS,255,BROADCAST,0,HEARTBEAT,48,HEARTBEAT,0,0,0,0,0,0,0x1001BFC0
1777258308.249,59477,4,6,GNSS,255,BROADCAST,0,HEARTBEAT,48,HEARTBEAT,0,0,0,0,0,0,0x1001BFC0
1777258309.248,60474,4,6,GNSS,255,BROADCAST,0,HEARTBEAT,48,HEARTBEAT,0,0,0,0,0,0,0x1001BFC0
1777258310.245,61471,4,6,GNSS,255,BROADCAST,0,HEARTBEAT,48,HEARTBEAT,0,0,0,0,0,0,0x1001BFC0
1777258310.245,61472,4,6,GNSS,1,CDH,10,HEALTH,1,HEALTH_0x01,0,0,0,0,1,1,0x1001804A
1777258310.245,61474,2,6,GNSS,1,CDH,4,TELEMETRY,2,TELEMETRY_0x02,0,0,0,0,0,0,0x08018044
1777258311.256,62470,4,6,GNSS,255,BROADCAST,0,HEARTBEAT,48,HEARTBEAT,0,0,0,0,0,0,0x1001BFC0
1777258312.132,63358,2,6,GNSS,1,CDH,4,TELEMETRY,2,TELEMETRY_0x02,0,0,0,0,0,0,0x08018044
1777258312.132,63360,4,6,GNSS,1,CDH,3,CMD_RESP,97,CMD_RESP_0x61,1,0,0,0,0,0,0x10018043
1777258312.239,63467,4,6,GNSS,255,BROADCAST,0,HEARTBEAT,48,HEARTBEAT,0,0,0,0,0,0,0x1001BFC0
1777258313.235,64464,4,6,GNSS,255,BROADCAST,0,HEARTBEAT,48,HEARTBEAT,0,0,0,0,0,0,0x1001BFC0
1777258314.236,65461,4,6,GNSS,255,BROADCAST,0,HEARTBEAT,48,HEARTBEAT,0,0,0,0,0,0,0x1001BFC0
1777258315.257,66458,4,6,GNSS,255,BROADCAST,0,HEARTBEAT,48,HEARTBEAT,0,0,0,0,0,0,0x1001BFC0
1777258315.257,66459,4,6,GNSS,1,CDH,10,HEALTH,1,HEALTH_0x01,0,0,0,0,1,1,0x1001804A
1777258315.257,66460,2,6,GNSS,1,CDH,4,TELEMETRY,2,TELEMETRY_0x02,0,0,0,0,0,0,0x08018044
1777258316.229,67456,4,6,GNSS,255,BROADCAST,0,HEARTBEAT,48,HEARTBEAT,0,0,0,0,0,0,0x1001BFC0
1777258317.110,68338,2,6,GNSS,1,CDH,4,TELEMETRY,2,TELEMETRY_0x02,0,0,0,0,0,0,0x08018044
1777258317.111,68339,4,6,GNSS,1,CDH,3,CMD_RESP,97,CMD_RESP_0x61,1,0,0,0,0,0,0x10018043
1777258317.226,68454,4,6,GNSS,255,BROADCAST,0,HEARTBEAT,48,HEARTBEAT,0,0,0,0,0,0,0x1001BFC0
1777258318.232,69451,4,6,GNSS,255,BROADCAST,0,HEARTBEAT,48,HEARTBEAT,0,0,0,0,0,0,0x1001BFC0
1777258319.256,70448,4,6,GNSS,255,BROADCAST,0,HEARTBEAT,48,HEARTBEAT,0,0,0,0,0,0,0x1001BFC0
1777258320.217,71445,4,6,GNSS,255,BROADCAST,0,HEARTBEAT,48,HEARTBEAT,0,0,0,0,0,0,0x1001BFC0
1777258320.220,71448,4,6,GNSS,1,CDH,10,HEALTH,1,HEALTH_0x01,0,0,0,0,1,1,0x1001804A
1777258320.222,71449,2,6,GNSS,1,CDH,4,TELEMETRY,2,TELEMETRY_0x02,0,0,0,0,0,0,0x08018044
1777258321.215,72443,4,6,GNSS,255,BROADCAST,0,HEARTBEAT,48,HEARTBEAT,0,0,0,0,0,0,0x1001BFC0
1777258322.122,73317,2,6,GNSS,1,CDH,4,TELEMETRY,2,TELEMETRY_0x02,0,0,0,0,0,0,0x08018044
1777258322.122,73318,4,6,GNSS,1,CDH,3,CMD_RESP,97,CMD_RESP_0x61,1,0,0,0,0,0,0x10018043
1777258322.219,73440,4,6,GNSS,255,BROADCAST,0,HEARTBEAT,48,HEARTBEAT,0,0,0,0,0,0,0x1001BFC0
1777258323.245,74437,4,6,GNSS,255,BROADCAST,0,HEARTBEAT,48,HEARTBEAT,0,0,0,0,0,0,0x1001BFC0
1777258324.207,75435,4,6,GNSS,255,BROADCAST,0,HEARTBEAT,48,HEARTBEAT,0,0,0,0,0,0,0x1001BFC0
1777258325.205,76432,4,6,GNSS,255,BROADCAST,0,HEARTBEAT,48,HEARTBEAT,0,0,0,0,0,0,0x1001BFC0
1777258325.205,76433,4,6,GNSS,1,CDH,10,HEALTH,1,HEALTH_0x01,0,0,0,0,1,1,0x1001804A
1777258325.206,76434,2,6,GNSS,1,CDH,4,TELEMETRY,2,TELEMETRY_0x02,0,0,0,0,0,0,0x08018044
1777258326.222,77430,4,6,GNSS,255,BROADCAST,0,HEARTBEAT,48,HEARTBEAT,0,0,0,0,0,0,0x1001BFC0
1777258327.068,78296,2,6,GNSS,1,CDH,4,TELEMETRY,2,TELEMETRY_0x02,0,0,0,0,0,0,0x08018044
1777258327.068,78297,4,6,GNSS,1,CDH,3,CMD_RESP,97,CMD_RESP_0x61,1,0,0,0,0,0,0x10018043
1777258327.200,78427,4,6,GNSS,255,BROADCAST,0,HEARTBEAT,48,HEARTBEAT,0,0,0,0,0,0,0x1001BFC0
1777258328.196,79424,4,6,GNSS,255,BROADCAST,0,HEARTBEAT,48,HEARTBEAT,0,0,0,0,0,0,0x1001BFC0
1777258329.194,80422,4,6,GNSS,255,BROADCAST,0,HEARTBEAT,48,HEARTBEAT,0,0,0,0,0,0,0x1001BFC0
1777258330.217,81419,4,6,GNSS,255,BROADCAST,0,HEARTBEAT,48,HEARTBEAT,0,0,0,0,0,0,0x1001BFC0
1777258330.217,81420,4,6,GNSS,1,CDH,10,HEALTH,1,HEALTH_0x01,0,0,0,0,1,1,0x1001804A
1777258330.217,81421,2,6,GNSS,1,CDH,4,TELEMETRY,2,TELEMETRY_0x02,0,0,0,0,0,0,0x08018044
1777258331.189,82417,4,6,GNSS,255,BROADCAST,0,HEARTBEAT,48,HEARTBEAT,0,0,0,0,0,0,0x1001BFC0
1777258332.066,83274,2,6,GNSS,1,CDH,4,TELEMETRY,2,TELEMETRY_0x02,0,0,0,0,0,0,0x08018044
1777258332.066,83275,4,6,GNSS,1,CDH,3,CMD_RESP,97,CMD_RESP_0x61,1,0,0,0,0,0,0x10018043
1777258332.186,83414,4,6,GNSS,255,BROADCAST,0,HEARTBEAT,48,HEARTBEAT,0,0,0,0,0,0,0x1001BFC0
1777258333.183,84411,4,6,GNSS,255,BROADCAST,0,HEARTBEAT,48,HEARTBEAT,0,0,0,0,0,0,0x1001BFC0
1777258334.197,85409,4,6,GNSS,255,BROADCAST,0,HEARTBEAT,48,HEARTBEAT,0,0,0,0,0,0,0x1001BFC0
1777258335.180,86407,4,6,GNSS,255,BROADCAST,0,HEARTBEAT,48,HEARTBEAT,0,0,0,0,0,0,0x1001BFC0
1777258335.180,86408,4,6,GNSS,1,CDH,10,HEALTH,1,HEALTH_0x01,0,0,0,0,1,1,0x1001804A
1777258335.181,86409,2,6,GNSS,1,CDH,4,TELEMETRY,2,TELEMETRY_0x02,0,0,0,0,0,0,0x08018044
1777258336.181,87405,4,6,GNSS,255,BROADCAST,0,HEARTBEAT,48,HEARTBEAT,0,0,0,0,0,0,0x1001BFC0
1777258337.025,88252,2,6,GNSS,1,CDH,4,TELEMETRY,2,TELEMETRY_0x02,0,0,0,0,0,0,0x08018044
1777258337.026,88253,4,6,GNSS,1,CDH,3,CMD_RESP,97,CMD_RESP_0x61,1,0,0,0,0,0,0x10018043
1777258337.175,88402,4,6,GNSS,255,BROADCAST,0,HEARTBEAT,48,HEARTBEAT,0,0,0,0,0,0,0x1001BFC0
1777258338.202,89399,4,6,GNSS,255,BROADCAST,0,HEARTBEAT,48,HEARTBEAT,0,0,0,0,0,0,0x1001BFC0
1777258339.168,90396,4,6,GNSS,255,BROADCAST,0,HEARTBEAT,48,HEARTBEAT,0,0,0,0,0,0,0x1001BFC0
1777258340.168,91394,4,6,GNSS,255,BROADCAST,0,HEARTBEAT,48,HEARTBEAT,0,0,0,0,0,0,0x1001BFC0
1777258340.168,91395,4,6,GNSS,1,CDH,10,HEALTH,1,HEALTH_0x01,0,0,0,0,1,1,0x1001804A
1777258340.168,91396,2,6,GNSS,1,CDH,4,TELEMETRY,2,TELEMETRY_0x02,0,0,0,0,0,0,0x08018044
1777258341.175,92392,4,6,GNSS,255,BROADCAST,0,HEARTBEAT,48,HEARTBEAT,0,0,0,0,0,0,0x1001BFC0
1777258342.003,93230,2,6,GNSS,1,CDH,4,TELEMETRY,2,TELEMETRY_0x02,0,0,0,0,0,0,0x08018044
1777258342.003,93231,4,6,GNSS,1,CDH,3,CMD_RESP,97,CMD_RESP_0x61,1,0,0,0,0,0,0x10018043
1777258342.201,93389,4,6,GNSS,255,BROADCAST,0,HEARTBEAT,48,HEARTBEAT,0,0,0,0,0,0,0x1001BFC0
1777258343.159,94387,4,6,GNSS,255,BROADCAST,0,HEARTBEAT,48,HEARTBEAT,0,0,0,0,0,0,0x1001BFC0
1777258344.156,95383,4,6,GNSS,255,BROADCAST,0,HEARTBEAT,48,HEARTBEAT,0,0,0,0,0,0,0x1001BFC0
1777258345.168,96381,4,6,GNSS,255,BROADCAST,0,HEARTBEAT,48,HEARTBEAT,0,0,0,0,0,0,0x1001BFC0
1777258345.168,96382,4,6,GNSS,1,CDH,10,HEALTH,1,HEALTH_0x01,0,0,0,0,1,1,0x1001804A
1777258345.168,96383,2,6,GNSS,1,CDH,4,TELEMETRY,2,TELEMETRY_0x02,0,0,0,0,0,0,0x08018044
1777258346.186,97379,4,6,GNSS,255,BROADCAST,0,HEARTBEAT,48,HEARTBEAT,0,0,0,0,0,0,0x1001BFC0
1777258347.010,98208,2,6,GNSS,1,CDH,4,TELEMETRY,2,TELEMETRY_0x02,0,0,0,0,0,0,0x08018044
1777258347.010,98209,4,6,GNSS,1,CDH,3,CMD_RESP,97,CMD_RESP_0x61,1,0,0,0,0,0,0x10018043
1777258347.208,98376,4,6,GNSS,255,BROADCAST,0,HEARTBEAT,48,HEARTBEAT,0,0,0,0,0,0,0x1001BFC0
1777258348.145,99373,4,6,GNSS,255,BROADCAST,0,HEARTBEAT,48,HEARTBEAT,0,0,0,0,0,0,0x1001BFC0
1777258349.155,100371,4,6,GNSS,255,BROADCAST,0,HEARTBEAT,48,HEARTBEAT,0,0,0,0,0,0,0x1001BFC0
1777258350.173,101368,4,6,GNSS,255,BROADCAST,0,HEARTBEAT,48,HEARTBEAT,0,0,0,0,0,0,0x1001BFC0
1777258350.173,101371,4,6,GNSS,1,CDH,10,HEALTH,1,HEALTH_0x01,0,0,0,0,1,1,0x1001804A
1777258350.173,101372,2,6,GNSS,1,CDH,4,TELEMETRY,2,TELEMETRY_0x02,0,0,0,0,0,0,0x08018044
1777258351.139,102366,4,6,GNSS,255,BROADCAST,0,HEARTBEAT,48,HEARTBEAT,0,0,0,0,0,0,0x1001BFC0
1777258351.959,103187,2,6,GNSS,1,CDH,4,TELEMETRY,2,TELEMETRY_0x02,0,0,0,0,0,0,0x08018044
1777258351.960,103188,4,6,GNSS,1,CDH,3,CMD_RESP,97,CMD_RESP_0x61,1,0,0,0,0,0,0x10018043
1777258352.136,103364,4,6,GNSS,255,BROADCAST,0,HEARTBEAT,48,HEARTBEAT,0,0,0,0,0,0,0x1001BFC0
1777258353.146,104361,4,6,GNSS,255,BROADCAST,0,HEARTBEAT,48,HEARTBEAT,0,0,0,0,0,0,0x1001BFC0
1777258354.130,105358,4,6,GNSS,255,BROADCAST,0,HEARTBEAT,48,HEARTBEAT,0,0,0,0,0,0,0x1001BFC0
1777258355.129,106355,4,6,GNSS,255,BROADCAST,0,HEARTBEAT,48,HEARTBEAT,0,0,0,0,0,0,0x1001BFC0
1777258355.130,106356,4,6,GNSS,1,CDH,10,HEALTH,1,HEALTH_0x01,0,0,0,0,1,1,0x1001804A
1777258355.130,106357,2,6,GNSS,1,CDH,4,TELEMETRY,2,TELEMETRY_0x02,0,0,0,0,0,0,0x08018044
1777258356.126,107354,4,6,GNSS,255,BROADCAST,0,HEARTBEAT,48,HEARTBEAT,0,0,0,0,0,0,0x1001BFC0
1777258356.943,108165,2,6,GNSS,1,CDH,4,TELEMETRY,2,TELEMETRY_0x02,0,0,0,0,0,0,0x08018044
1777258356.943,108166,4,6,GNSS,1,CDH,3,CMD_RESP,97,CMD_RESP_0x61,1,0,0,0,0,0,0x10018043
1777258357.135,108351,4,6,GNSS,255,BROADCAST,0,HEARTBEAT,48,HEARTBEAT,0,0,0,0,0,0,0x1001BFC0
1777258358.126,109348,4,6,GNSS,255,BROADCAST,0,HEARTBEAT,48,HEARTBEAT,0,0,0,0,0,0,0x1001BFC0
1777258359.118,110345,4,6,GNSS,255,BROADCAST,0,HEARTBEAT,48,HEARTBEAT,0,0,0,0,0,0,0x1001BFC0
1777258360.116,111343,4,6,GNSS,255,BROADCAST,0,HEARTBEAT,48,HEARTBEAT,0,0,0,0,0,0,0x1001BFC0
1777258360.117,111344,4,6,GNSS,1,CDH,10,HEALTH,1,HEALTH_0x01,0,0,0,0,1,1,0x1001804A
1777258360.117,111345,2,6,GNSS,1,CDH,4,TELEMETRY,2,TELEMETRY_0x02,0,0,0,0,0,0,0x08018044
1777258361.128,112341,4,6,GNSS,255,BROADCAST,0,HEARTBEAT,48,HEARTBEAT,0,0,0,0,0,0,0x1001BFC0
1777258361.977,113144,2,6,GNSS,1,CDH,4,TELEMETRY,2,TELEMETRY_0x02,0,0,0,0,0,0,0x08018044
1777258361.977,113145,4,6,GNSS,1,CDH,3,CMD_RESP,97,CMD_RESP_0x61,1,0,0,0,0,0,0x10018043
1777258362.111,113339,4,6,GNSS,255,BROADCAST,0,HEARTBEAT,48,HEARTBEAT,0,0,0,0,0,0,0x1001BFC0
1777258363.110,114336,4,6,GNSS,255,BROADCAST,0,HEARTBEAT,48,HEARTBEAT,0,0,0,0,0,0,0x1001BFC0
1777258364.117,115333,4,6,GNSS,255,BROADCAST,0,HEARTBEAT,48,HEARTBEAT,0,0,0,0,0,0,0x1001BFC0
1777258365.135,116330,4,6,GNSS,255,BROADCAST,0,HEARTBEAT,48,HEARTBEAT,0,0,0,0,0,0,0x1001BFC0
1777258365.135,116331,4,6,GNSS,1,CDH,10,HEALTH,1,HEALTH_0x01,0,0,0,0,1,1,0x1001804A
1777258365.135,116333,2,6,GNSS,1,CDH,4,TELEMETRY,2,TELEMETRY_0x02,0,0,0,0,0,0,0x08018044
1777258366.101,117329,4,6,GNSS,255,BROADCAST,0,HEARTBEAT,48,HEARTBEAT,0,0,0,0,0,0,0x1001BFC0
1777258366.895,118122,2,6,GNSS,1,CDH,4,TELEMETRY,2,TELEMETRY_0x02,0,0,0,0,0,0,0x08018044
1777258366.896,118123,4,6,GNSS,1,CDH,3,CMD_RESP,97,CMD_RESP_0x61,1,0,0,0,0,0,0x10018043
1777258367.098,118326,4,6,GNSS,255,BROADCAST,0,HEARTBEAT,48,HEARTBEAT,0,0,0,0,0,0,0x1001BFC0
1777258368.106,119323,4,6,GNSS,255,BROADCAST,0,HEARTBEAT,48,HEARTBEAT,0,0,0,0,0,0,0x1001BFC0
1777258369.115,120321,4,6,GNSS,255,BROADCAST,0,HEARTBEAT,48,HEARTBEAT,0,0,0,0,0,0,0x1001BFC0
1777258370.091,121318,4,6,GNSS,255,BROADCAST,0,HEARTBEAT,48,HEARTBEAT,0,0,0,0,0,0,0x1001BFC0
1777258370.094,121319,4,6,GNSS,1,CDH,10,HEALTH,1,HEALTH_0x01,0,0,0,0,1,1,0x1001804A
1777258370.094,121320,2,6,GNSS,1,CDH,4,TELEMETRY,2,TELEMETRY_0x02,0,0,0,0,0,0,0x08018044
1777258371.089,122316,4,6,GNSS,255,BROADCAST,0,HEARTBEAT,48,HEARTBEAT,0,0,0,0,0,0,0x1001BFC0
1777258371.890,123100,2,6,GNSS,1,CDH,4,TELEMETRY,2,TELEMETRY_0x02,0,0,0,0,0,0,0x08018044
1777258371.890,123102,4,6,GNSS,1,CDH,3,CMD_RESP,97,CMD_RESP_0x61,1,0,0,0,0,0,0x10018043
1777258372.098,123313,4,6,GNSS,255,BROADCAST,0,HEARTBEAT,48,HEARTBEAT,0,0,0,0,0,0,0x1001BFC0
1777258373.123,124311,4,6,GNSS,255,BROADCAST,0,HEARTBEAT,48,HEARTBEAT,0,0,0,0,0,0,0x1001BFC0
1777258374.081,125308,4,6,GNSS,255,BROADCAST,0,HEARTBEAT,48,HEARTBEAT,0,0,0,0,0,0,0x1001BFC0
1777258375.080,126305,4,6,GNSS,255,BROADCAST,0,HEARTBEAT,48,HEARTBEAT,0,0,0,0,0,0,0x1001BFC0
1777258375.080,126306,4,6,GNSS,1,CDH,10,HEALTH,1,HEALTH_0x01,0,0,0,0,1,1,0x1001804A
1777258375.080,126307,2,6,GNSS,1,CDH,4,TELEMETRY,2,TELEMETRY_0x02,0,0,0,0,0,0,0x08018044
1777258376.091,127304,4,6,GNSS,255,BROADCAST,0,HEARTBEAT,48,HEARTBEAT,0,0,0,0,0,0,0x1001BFC0
1777258376.853,128079,2,6,GNSS,1,CDH,4,TELEMETRY,2,TELEMETRY_0x02,0,0,0,0,0,0,0x08018044
1777258376.853,128080,4,6,GNSS,1,CDH,3,CMD_RESP,97,CMD_RESP_0x61,1,0,0,0,0,0,0x10018043
1777258377.108,128301,4,6,GNSS,255,BROADCAST,0,HEARTBEAT,48,HEARTBEAT,0,0,0,0,0,0,0x1001BFC0
1777258378.071,129298,4,6,GNSS,255,BROADCAST,0,HEARTBEAT,48,HEARTBEAT,0,0,0,0,0,0,0x1001BFC0
1777258379.069,130295,4,6,GNSS,255,BROADCAST,0,HEARTBEAT,48,HEARTBEAT,0,0,0,0,0,0,0x1001BFC0
1777258380.077,131293,4,6,GNSS,255,BROADCAST,0,HEARTBEAT,48,HEARTBEAT,0,0,0,0,0,0,0x1001BFC0
1777258380.077,131294,4,6,GNSS,1,CDH,10,HEALTH,1,HEALTH_0x01,0,0,0,0,1,1,0x1001804A
1777258380.077,131295,2,6,GNSS,1,CDH,4,TELEMETRY,2,TELEMETRY_0x02,0,0,0,0,0,0,0x08018044
1777258381.064,132291,4,6,GNSS,255,BROADCAST,0,HEARTBEAT,48,HEARTBEAT,0,0,0,0,0,0,0x1001BFC0
1777258381.830,133058,2,6,GNSS,1,CDH,4,TELEMETRY,2,TELEMETRY_0x02,0,0,0,0,0,0,0x08018044
1777258381.831,133059,4,6,GNSS,1,CDH,3,CMD_RESP,97,CMD_RESP_0x61,1,0,0,0,0,0,0x10018043
1777258382.066,133288,4,6,GNSS,255,BROADCAST,0,HEARTBEAT,48,HEARTBEAT,0,0,0,0,0,0,0x1001BFC0
1777258383.059,134286,4,6,GNSS,255,BROADCAST,0,HEARTBEAT,48,HEARTBEAT,0,0,0,0,0,0,0x1001BFC0
1777258384.073,135283,4,6,GNSS,255,BROADCAST,0,HEARTBEAT,48,HEARTBEAT,0,0,0,0,0,0,0x1001BFC0
1777258385.054,136280,4,6,GNSS,255,BROADCAST,0,HEARTBEAT,48,HEARTBEAT,0,0,0,0,0,0,0x1001BFC0
1777258385.057,136281,4,6,GNSS,1,CDH,10,HEALTH,1,HEALTH_0x01,0,0,0,0,1,1,0x1001804A
1777258385.057,136283,2,6,GNSS,1,CDH,4,TELEMETRY,2,TELEMETRY_0x02,0,0,0,0,0,0,0x08018044
1777258386.051,137279,4,6,GNSS,255,BROADCAST,0,HEARTBEAT,48,HEARTBEAT,0,0,0,0,0,0,0x1001BFC0
1777258386.846,138036,2,6,GNSS,1,CDH,4,TELEMETRY,2,TELEMETRY_0x02,0,0,0,0,0,0,0x08018044
1777258386.846,138037,4,6,GNSS,1,CDH,3,CMD_RESP,97,CMD_RESP_0x61,1,0,0,0,0,0,0x10018043
1777258387.050,138276,4,6,GNSS,255,BROADCAST,0,HEARTBEAT,48,HEARTBEAT,0,0,0,0,0,0,0x1001BFC0
1777258388.069,139273,4,6,GNSS,255,BROADCAST,0,HEARTBEAT,48,HEARTBEAT,0,0,0,0,0,0,0x1001BFC0
1777258389.044,140270,4,6,GNSS,255,BROADCAST,0,HEARTBEAT,48,HEARTBEAT,0,0,0,0,0,0,0x1001BFC0
1777258390.041,141268,4,6,GNSS,255,BROADCAST,0,HEARTBEAT,48,HEARTBEAT,0,0,0,0,0,0,0x1001BFC0
1777258390.044,141269,4,6,GNSS,1,CDH,10,HEALTH,1,HEALTH_0x01,0,0,0,0,1,1,0x1001804A
1777258390.044,141270,2,6,GNSS,1,CDH,4,TELEMETRY,2,TELEMETRY_0x02,0,0,0,0,0,0,0x08018044
1777258391.040,142266,4,6,GNSS,255,BROADCAST,0,HEARTBEAT,48,HEARTBEAT,0,0,0,0,0,0,0x1001BFC0
1777258391.790,143016,2,6,GNSS,1,CDH,4,TELEMETRY,2,TELEMETRY_0x02,0,0,0,0,0,0,0x08018044
1777258391.790,143017,4,6,GNSS,1,CDH,3,CMD_RESP,97,CMD_RESP_0x61,1,0,0,0,0,0,0x10018043
1777258392.068,143263,4,6,GNSS,255,BROADCAST,0,HEARTBEAT,48,HEARTBEAT,0,0,0,0,0,0,0x1001BFC0
1777258393.034,144261,4,6,GNSS,255,BROADCAST,0,HEARTBEAT,48,HEARTBEAT,0,0,0,0,0,0,0x1001BFC0
1777258394.031,145258,4,6,GNSS,255,BROADCAST,0,HEARTBEAT,48,HEARTBEAT,0,0,0,0,0,0,0x1001BFC0
1777258395.036,146255,4,6,GNSS,255,BROADCAST,0,HEARTBEAT,48,HEARTBEAT,0,0,0,0,0,0,0x1001BFC0
1777258395.036,146256,4,6,GNSS,1,CDH,10,HEALTH,1,HEALTH_0x01,0,0,0,0,1,1,0x1001804A
1777258395.036,146257,2,6,GNSS,1,CDH,4,TELEMETRY,2,TELEMETRY_0x02,0,0,0,0,0,0,0x08018044
1777258396.057,147254,4,6,GNSS,255,BROADCAST,0,HEARTBEAT,48,HEARTBEAT,0,0,0,0,0,0,0x1001BFC0
1777258396.774,147994,2,6,GNSS,1,CDH,4,TELEMETRY,2,TELEMETRY_0x02,0,0,0,0,0,0,0x08018044
1777258396.774,147996,4,6,GNSS,1,CDH,3,CMD_RESP,97,CMD_RESP_0x61,1,0,0,0,0,0,0x10018043
1777258397.025,148251,4,6,GNSS,255,BROADCAST,0,HEARTBEAT,48,HEARTBEAT,0,0,0,0,0,0,0x1001BFC0
1777258398.021,149248,4,6,GNSS,255,BROADCAST,0,HEARTBEAT,48,HEARTBEAT,0,0,0,0,0,0,0x1001BFC0
1777258399.026,150246,4,6,GNSS,255,BROADCAST,0,HEARTBEAT,48,HEARTBEAT,0,0,0,0,0,0,0x1001BFC0
1777258406.003,157229,4,6,GNSS,255,BROADCAST,0,HEARTBEAT,48,HEARTBEAT,0,0,0,0,0,0,0x1001BFC0
1777258406.723,157950,2,6,GNSS,1,CDH,4,TELEMETRY,2,TELEMETRY_0x02,0,0,0,0,0,0,0x08018044
1777258406.724,157951,4,6,GNSS,1,CDH,3,CMD_RESP,97,CMD_RESP_0x61,1,0,0,0,0,0,0x10018043
1777258407.019,158226,4,6,GNSS,255,BROADCAST,0,HEARTBEAT,48,HEARTBEAT,0,0,0,0,0,0,0x1001BFC0
1777258407.997,159224,4,6,GNSS,255,BROADCAST,0,HEARTBEAT,48,HEARTBEAT,0,0,0,0,0,0,0x1001BFC0
1777258408.995,160221,4,6,GNSS,255,BROADCAST,0,HEARTBEAT,48,HEARTBEAT,0,0,0,0,0,0,0x1001BFC0
1777258409.991,161218,4,6,GNSS,255,BROADCAST,0,HEARTBEAT,48,HEARTBEAT,0,0,0,0,0,0,0x1001BFC0
1777258409.993,161219,4,6,GNSS,1,CDH,10,HEALTH,1,HEALTH_0x01,0,0,0,0,1,1,0x1001804A
1777258409.994,161220,2,6,GNSS,1,CDH,4,TELEMETRY,2,TELEMETRY_0x02,0,0,0,0,0,0,0x08018044
1777258410.996,162217,4,6,GNSS,255,BROADCAST,0,HEARTBEAT,48,HEARTBEAT,0,0,0,0,0,0,0x1001BFC0
1777258411.724,162927,2,6,GNSS,1,CDH,4,TELEMETRY,2,TELEMETRY_0x02,0,0,0,0,0,0,0x08018044
1777258411.724,162928,4,6,GNSS,1,CDH,3,CMD_RESP,97,CMD_RESP_0x61,1,0,0,0,0,0,0x10018043
1777258411.987,163214,4,6,GNSS,255,BROADCAST,0,HEARTBEAT,48,HEARTBEAT,0,0,0,0,0,0,0x1001BFC0
1777258412.987,164211,4,6,GNSS,255,BROADCAST,0,HEARTBEAT,48,HEARTBEAT,0,0,0,0,0,0,0x1001BFC0
1777258413.982,165209,4,6,GNSS,255,BROADCAST,0,HEARTBEAT,48,HEARTBEAT,0,0,0,0,0,0,0x1001BFC0
1777258414.994,166206,4,6,GNSS,255,BROADCAST,0,HEARTBEAT,48,HEARTBEAT,0,0,0,0,0,0,0x1001BFC0
1777258414.994,166207,4,6,GNSS,1,CDH,10,HEALTH,1,HEALTH_0x01,0,0,0,0,1,1,0x1001804A
1777258414.994,166208,2,6,GNSS,1,CDH,4,TELEMETRY,2,TELEMETRY_0x02,0,0,0,0,0,0,0x08018044
1777258415.978,167205,4,6,GNSS,255,BROADCAST,0,HEARTBEAT,48,HEARTBEAT,0,0,0,0,0,0,0x1001BFC0
1777258416.678,167904,2,6,GNSS,1,CDH,4,TELEMETRY,2,TELEMETRY_0x02,0,0,0,0,0,0,0x08018044
1777258416.679,167905,4,6,GNSS,1,CDH,3,CMD_RESP,97,CMD_RESP_0x61,1,0,0,0,0,0,0x10018043
1777258416.977,168202,4,6,GNSS,255,BROADCAST,0,HEARTBEAT,48,HEARTBEAT,0,0,0,0,0,0,0x1001BFC0
1777258417.975,169199,4,6,GNSS,255,BROADCAST,0,HEARTBEAT,48,HEARTBEAT,0,0,0,0,0,0,0x1001BFC0
1777258418.995,170196,4,6,GNSS,255,BROADCAST,0,HEARTBEAT,48,HEARTBEAT,0,0,0,0,0,0,0x1001BFC0
1777258419.968,171194,4,6,GNSS,255,BROADCAST,0,HEARTBEAT,48,HEARTBEAT,0,0,0,0,0,0,0x1001BFC0
1777258419.969,171195,4,6,GNSS,1,CDH,10,HEALTH,1,HEALTH_0x01,0,0,0,0,1,1,0x1001804A
1777258419.970,171196,2,6,GNSS,1,CDH,4,TELEMETRY,2,TELEMETRY_0x02,0,0,0,0,0,0,0x08018044
1777258420.966,172192,4,6,GNSS,255,BROADCAST,0,HEARTBEAT,48,HEARTBEAT,0,0,0,0,0,0,0x1001BFC0
1777258421.684,172882,2,6,GNSS,1,CDH,4,TELEMETRY,2,TELEMETRY_0x02,0,0,0,0,0,0,0x08018044
1777258421.684,172883,4,6,GNSS,1,CDH,3,CMD_RESP,97,CMD_RESP_0x61,1,0,0,0,0,0,0x10018043
1777258421.965,173189,4,6,GNSS,255,BROADCAST,0,HEARTBEAT,48,HEARTBEAT,0,0,0,0,0,0,0x1001BFC0
1777258422.989,174187,4,6,GNSS,255,BROADCAST,0,HEARTBEAT,48,HEARTBEAT,0,0,0,0,0,0,0x1001BFC0
1777258423.958,175184,4,6,GNSS,255,BROADCAST,0,HEARTBEAT,48,HEARTBEAT,0,0,0,0,0,0,0x1001BFC0
1777258424.955,176181,4,6,GNSS,255,BROADCAST,0,HEARTBEAT,48,HEARTBEAT,0,0,0,0,0,0,0x1001BFC0
1777258424.956,176182,4,6,GNSS,1,CDH,10,HEALTH,1,HEALTH_0x01,0,0,0,0,1,1,0x1001804A
1777258424.957,176183,2,6,GNSS,1,CDH,4,TELEMETRY,2,TELEMETRY_0x02,0,0,0,0,0,0,0x08018044
1777258425.954,177180,4,6,GNSS,255,BROADCAST,0,HEARTBEAT,48,HEARTBEAT,0,0,0,0,0,0,0x1001BFC0
1777258426.675,177861,2,6,GNSS,1,CDH,4,TELEMETRY,2,TELEMETRY_0x02,0,0,0,0,0,0,0x08018044
1777258426.675,177862,4,6,GNSS,1,CDH,3,CMD_RESP,97,CMD_RESP_0x61,1,0,0,0,0,0,0x10018043
1777258426.986,178177,4,6,GNSS,255,BROADCAST,0,HEARTBEAT,48,HEARTBEAT,0,0,0,0,0,0,0x1001BFC0
1777258427.948,179174,4,6,GNSS,255,BROADCAST,0,HEARTBEAT,48,HEARTBEAT,0,0,0,0,0,0,0x1001BFC0
1777258428.946,180171,4,6,GNSS,255,BROADCAST,0,HEARTBEAT,48,HEARTBEAT,0,0,0,0,0,0,0x1001BFC0
1777258429.953,181169,4,6,GNSS,255,BROADCAST,0,HEARTBEAT,48,HEARTBEAT,0,0,0,0,0,0,0x1001BFC0
1777258429.953,181170,4,6,GNSS,1,CDH,10,HEALTH,1,HEALTH_0x01,0,0,0,0,1,1,0x1001804A
1777258429.953,181170,2,6,GNSS,1,CDH,4,TELEMETRY,2,TELEMETRY_0x02,0,0,0,0,0,0,0x08018044
1777258430.978,182167,4,6,GNSS,255,BROADCAST,0,HEARTBEAT,48,HEARTBEAT,0,0,0,0,0,0,0x1001BFC0
1777258431.613,182839,2,6,GNSS,1,CDH,4,TELEMETRY,2,TELEMETRY_0x02,0,0,0,0,0,0,0x08018044
1777258431.613,182840,4,6,GNSS,1,CDH,3,CMD_RESP,97,CMD_RESP_0x61,1,0,0,0,0,0,0x10018043
1777258431.938,183164,4,6,GNSS,255,BROADCAST,0,HEARTBEAT,48,HEARTBEAT,0,0,0,0,0,0,0x1001BFC0
1777258432.936,184161,4,6,GNSS,255,BROADCAST,0,HEARTBEAT,48,HEARTBEAT,0,0,0,0,0,0,0x1001BFC0
1777258433.954,185159,4,6,GNSS,255,BROADCAST,0,HEARTBEAT,48,HEARTBEAT,0,0,0,0,0,0,0x1001BFC0
1777258434.973,186156,4,6,GNSS,255,BROADCAST,0,HEARTBEAT,48,HEARTBEAT,0,0,0,0,0,0,0x1001BFC0
1777258434.973,186157,4,6,GNSS,1,CDH,10,HEALTH,1,HEALTH_0x01,0,0,0,0,1,1,0x1001804A
1777258434.973,186158,2,6,GNSS,1,CDH,4,TELEMETRY,2,TELEMETRY_0x02,0,0,0,0,0,0,0x08018044
1777258435.928,187155,4,6,GNSS,255,BROADCAST,0,HEARTBEAT,48,HEARTBEAT,0,0,0,0,0,0,0x1001BFC0
1777258436.611,187817,2,6,GNSS,1,CDH,4,TELEMETRY,2,TELEMETRY_0x02,0,0,0,0,0,0,0x08018044
1777258436.611,187818,4,6,GNSS,1,CDH,3,CMD_RESP,97,CMD_RESP_0x61,1,0,0,0,0,0,0x10018043
1777258436.925,188151,4,6,GNSS,255,BROADCAST,0,HEARTBEAT,48,HEARTBEAT,0,0,0,0,0,0,0x1001BFC0
1777258437.942,189148,4,6,GNSS,255,BROADCAST,0,HEARTBEAT,48,HEARTBEAT,0,0,0,0,0,0,0x1001BFC0
1777258438.920,190146,4,6,GNSS,255,BROADCAST,0,HEARTBEAT,48,HEARTBEAT,0,0,0,0,0,0,0x1001BFC0
1777258439.919,191143,4,6,GNSS,255,BROADCAST,0,HEARTBEAT,48,HEARTBEAT,0,0,0,0,0,0,0x1001BFC0
1777258439.919,191144,4,6,GNSS,1,CDH,10,HEALTH,1,HEALTH_0x01,0,0,0,0,1,1,0x1001804A
1777258439.919,191145,2,6,GNSS,1,CDH,4,TELEMETRY,2,TELEMETRY_0x02,0,0,0,0,0,0,0x08018044
1777258440.916,192141,4,6,GNSS,255,BROADCAST,0,HEARTBEAT,48,HEARTBEAT,0,0,0,0,0,0,0x1001BFC0
1777258441.570,192795,2,6,GNSS,1,CDH,4,TELEMETRY,2,TELEMETRY_0x02,0,0,0,0,0,0,0x08018044
1777258441.570,192796,4,6,GNSS,1,CDH,3,CMD_RESP,97,CMD_RESP_0x61,1,0,0,0,0,0,0x10018043
1777258441.938,193139,4,6,GNSS,255,BROADCAST,0,HEARTBEAT,48,HEARTBEAT,0,0,0,0,0,0,0x1001BFC0
1777258442.910,194136,4,6,GNSS,255,BROADCAST,0,HEARTBEAT,48,HEARTBEAT,0,0,0,0,0,0,0x1001BFC0
1777258443.906,195133,4,6,GNSS,255,BROADCAST,0,HEARTBEAT,48,HEARTBEAT,0,0,0,0,0,0,0x1001BFC0
1777258444.909,196130,4,6,GNSS,255,BROADCAST,0,HEARTBEAT,48,HEARTBEAT,0,0,0,0,0,0,0x1001BFC0
1777258444.909,196131,4,6,GNSS,1,CDH,10,HEALTH,1,HEALTH_0x01,0,0,0,0,1,1,0x1001804A
1777258444.909,196132,2,6,GNSS,1,CDH,4,TELEMETRY,2,TELEMETRY_0x02,0,0,0,0,0,0,0x08018044
1777258445.916,197129,4,6,GNSS,255,BROADCAST,0,HEARTBEAT,48,HEARTBEAT,0,0,0,0,0,0,0x1001BFC0
1777258446.563,197775,2,6,GNSS,1,CDH,4,TELEMETRY,2,TELEMETRY_0x02,0,0,0,0,0,0,0x08018044
1777258446.563,197776,4,6,GNSS,1,CDH,3,CMD_RESP,97,CMD_RESP_0x61,1,0,0,0,0,0,0x10018043
1777258446.899,198126,4,6,GNSS,255,BROADCAST,0,HEARTBEAT,48,HEARTBEAT,0,0,0,0,0,0,0x1001BFC0
1777258447.905,199123,4,6,GNSS,255,BROADCAST,0,HEARTBEAT,48,HEARTBEAT,0,0,0,0,0,0,0x1001BFC0
1777258448.913,200120,4,6,GNSS,255,BROADCAST,0,HEARTBEAT,48,HEARTBEAT,0,0,0,0,0,0,0x1001BFC0
1777258450.075,201118,4,6,GNSS,255,BROADCAST,0,HEARTBEAT,48,HEARTBEAT,0,0,0,0,0,0,0x1001BFC0
1777258450.075,201119,4,6,GNSS,1,CDH,10,HEALTH,1,HEALTH_0x01,0,0,0,0,1,1,0x1001804A
1777258450.075,201120,2,6,GNSS,1,CDH,4,TELEMETRY,2,TELEMETRY_0x02,0,0,0,0,0,0,0x08018044
1777258450.890,202116,4,6,GNSS,255,BROADCAST,0,HEARTBEAT,48,HEARTBEAT,0,0,0,0,0,0,0x1001BFC0
1777258451.700,202751,2,6,GNSS,1,CDH,4,TELEMETRY,2,TELEMETRY_0x02,0,0,0,0,0,0,0x08018044
1777258451.700,202752,4,6,GNSS,1,CDH,3,CMD_RESP,97,CMD_RESP_0x61,1,0,0,0,0,0,0x10018043
1777258451.987,203113,4,6,GNSS,255,BROADCAST,0,HEARTBEAT,48,HEARTBEAT,0,0,0,0,0,0,0x1001BFC0
1777258452.970,204111,4,6,GNSS,255,BROADCAST,0,HEARTBEAT,48,HEARTBEAT,0,0,0,0,0,0,0x1001BFC0
1777258453.952,205108,4,6,GNSS,255,BROADCAST,0,HEARTBEAT,48,HEARTBEAT,0,0,0,0,0,0,0x1001BFC0
1777258454.933,206105,4,6,GNSS,255,BROADCAST,0,HEARTBEAT,48,HEARTBEAT,0,0,0,0,0,0,0x1001BFC0
1777258454.933,206108,4,6,GNSS,1,CDH,10,HEALTH,1,HEALTH_0x01,0,0,0,0,1,1,0x1001804A
1777258454.933,206109,2,6,GNSS,1,CDH,4,TELEMETRY,2,TELEMETRY_0x02,0,0,0,0,0,0,0x08018044
1777258455.878,207104,4,6,GNSS,255,BROADCAST,0,HEARTBEAT,48,HEARTBEAT,0,0,0,0,0,0,0x1001BFC0
1777258456.505,207729,2,6,GNSS,1,CDH,4,TELEMETRY,2,TELEMETRY_0x02,0,0,0,0,0,0,0x08018044
1777258456.505,207730,4,6,GNSS,1,CDH,3,CMD_RESP,97,CMD_RESP_0x61,1,0,0,0,0,0,0x10018043
1777258456.890,208101,4,6,GNSS,255,BROADCAST,0,HEARTBEAT,48,HEARTBEAT,0,0,0,0,0,0,0x1001BFC0
1777258458.110,209098,4,6,GNSS,255,BROADCAST,0,HEARTBEAT,48,HEARTBEAT,0,0,0,0,0,0,0x1001BFC0
1777258458.996,210095,4,6,GNSS,255,BROADCAST,0,HEARTBEAT,48,HEARTBEAT,0,0,0,0,0,0,0x1001BFC0
1777258459.867,211093,4,6,GNSS,255,BROADCAST,0,HEARTBEAT,48,HEARTBEAT,0,0,0,0,0,0,0x1001BFC0
1777258459.869,211094,4,6,GNSS,1,CDH,10,HEALTH,1,HEALTH_0x01,0,0,0,0,1,1,0x1001804A
1777258459.869,211095,2,6,GNSS,1,CDH,4,TELEMETRY,2,TELEMETRY_0x02,0,0,0,0,0,0,0x08018044
1777258460.880,212091,4,6,GNSS,255,BROADCAST,0,HEARTBEAT,48,HEARTBEAT,0,0,0,0,0,0,0x1001BFC0
1777258461.486,212707,2,6,GNSS,1,CDH,4,TELEMETRY,2,TELEMETRY_0x02,0,0,0,0,0,0,0x08018044
1777258461.486,212708,4,6,GNSS,1,CDH,3,CMD_RESP,97,CMD_RESP_0x61,1,0,0,0,0,0,0x10018043
1777258461.901,213088,4,6,GNSS,255,BROADCAST,0,HEARTBEAT,48,HEARTBEAT,0,0,0,0,0,0,0x1001BFC0
1777258462.859,214086,4,6,GNSS,255,BROADCAST,0,HEARTBEAT,48,HEARTBEAT,0,0,0,0,0,0,0x1001BFC0
1777258463.857,215083,4,6,GNSS,255,BROADCAST,0,HEARTBEAT,48,HEARTBEAT,0,0,0,0,0,0,0x1001BFC0
1777258464.869,216080,4,6,GNSS,255,BROADCAST,0,HEARTBEAT,48,HEARTBEAT,0,0,0,0,0,0,0x1001BFC0
1777258464.869,216081,4,6,GNSS,1,CDH,10,HEALTH,1,HEALTH_0x01,0,0,0,0,1,1,0x1001804A
1777258464.869,216082,2,6,GNSS,1,CDH,4,TELEMETRY,2,TELEMETRY_0x02,0,0,0,0,0,0,0x08018044
1777258465.853,217079,4,6,GNSS,255,BROADCAST,0,HEARTBEAT,48,HEARTBEAT,0,0,0,0,0,0,0x1001BFC0
1777258466.463,217685,2,6,GNSS,1,CDH,4,TELEMETRY,2,TELEMETRY_0x02,0,0,0,0,0,0,0x08018044
1777258466.463,217686,4,6,GNSS,1,CDH,3,CMD_RESP,97,CMD_RESP_0x61,1,0,0,0,0,0,0x10018043
1777258466.850,218076,4,6,GNSS,255,BROADCAST,0,HEARTBEAT,48,HEARTBEAT,0,0,0,0,0,0,0x1001BFC0
1777258467.849,219074,4,6,GNSS,255,BROADCAST,0,HEARTBEAT,48,HEARTBEAT,0,0,0,0,0,0,0x1001BFC0
1777258468.870,220071,4,6,GNSS,255,BROADCAST,0,HEARTBEAT,48,HEARTBEAT,0,0,0,0,0,0,0x1001BFC0
1777258469.852,221069,4,6,GNSS,255,BROADCAST,0,HEARTBEAT,48,HEARTBEAT,0,0,0,0,0,0,0x1001BFC0
1777258469.852,221070,4,6,GNSS,1,CDH,10,HEALTH,1,HEALTH_0x01,0,0,0,0,1,1,0x1001804A
1777258469.852,221071,2,6,GNSS,1,CDH,4,TELEMETRY,2,TELEMETRY_0x02,0,0,0,0,0,0,0x08018044
1777258470.842,222067,4,6,GNSS,255,BROADCAST,0,HEARTBEAT,48,HEARTBEAT,0,0,0,0,0,0,0x1001BFC0
1777258471.437,222663,2,6,GNSS,1,CDH,4,TELEMETRY,2,TELEMETRY_0x02,0,0,0,0,0,0,0x08018044
1777258471.439,222664,4,6,GNSS,1,CDH,3,CMD_RESP,97,CMD_RESP_0x61,1,0,0,0,0,0,0x10018043
1777258471.838,223064,4,6,GNSS,255,BROADCAST,0,HEARTBEAT,48,HEARTBEAT,0,0,0,0,0,0,0x1001BFC0
1777258472.861,224061,4,6,GNSS,255,BROADCAST,0,HEARTBEAT,48,HEARTBEAT,0,0,0,0,0,0,0x1001BFC0
1777258473.832,225058,4,6,GNSS,255,BROADCAST,0,HEARTBEAT,48,HEARTBEAT,0,0,0,0,0,0,0x1001BFC0
1777258474.830,226055,4,6,GNSS,255,BROADCAST,0,HEARTBEAT,48,HEARTBEAT,0,0,0,0,0,0,0x1001BFC0
1777258474.830,226056,4,6,GNSS,1,CDH,10,HEALTH,1,HEALTH_0x01,0,0,0,0,1,1,0x1001804A
1777258474.834,226057,2,6,GNSS,1,CDH,4,TELEMETRY,2,TELEMETRY_0x02,0,0,0,0,0,0,0x08018044
1777258475.833,227054,4,6,GNSS,255,BROADCAST,0,HEARTBEAT,48,HEARTBEAT,0,0,0,0,0,0,0x1001BFC0
1777258476.447,227641,2,6,GNSS,1,CDH,4,TELEMETRY,2,TELEMETRY_0x02,0,0,0,0,0,0,0x08018044
1777258476.447,227642,4,6,GNSS,1,CDH,3,CMD_RESP,97,CMD_RESP_0x61,1,0,0,0,0,0,0x10018043
1777258476.853,228051,4,6,GNSS,255,BROADCAST,0,HEARTBEAT,48,HEARTBEAT,0,0,0,0,0,0,0x1001BFC0
1777258477.822,229048,4,6,GNSS,255,BROADCAST,0,HEARTBEAT,48,HEARTBEAT,0,0,0,0,0,0,0x1001BFC0
1777258478.820,230045,4,6,GNSS,255,BROADCAST,0,HEARTBEAT,48,HEARTBEAT,0,0,0,0,0,0,0x1001BFC0
1777258479.826,231042,4,6,GNSS,255,BROADCAST,0,HEARTBEAT,48,HEARTBEAT,0,0,0,0,0,0,0x1001BFC0
1777258479.826,231043,4,6,GNSS,1,CDH,10,HEALTH,1,HEALTH_0x01,0,0,0,0,1,1,0x1001804A
1777258479.826,231045,2,6,GNSS,1,CDH,4,TELEMETRY,2,TELEMETRY_0x02,0,0,0,0,0,0,0x08018044
1777258480.852,232041,4,6,GNSS,255,BROADCAST,0,HEARTBEAT,48,HEARTBEAT,0,0,0,0,0,0,0x1001BFC0
1777258481.394,232618,2,6,GNSS,1,CDH,4,TELEMETRY,2,TELEMETRY_0x02,0,0,0,0,0,0,0x08018044
1777258481.394,232619,4,6,GNSS,1,CDH,3,CMD_RESP,97,CMD_RESP_0x61,1,0,0,0,0,0,0x10018043
1777258481.813,233038,4,6,GNSS,255,BROADCAST,0,HEARTBEAT,48,HEARTBEAT,0,0,0,0,0,0,0x1001BFC0
1777258482.815,234035,4,6,GNSS,255,BROADCAST,0,HEARTBEAT,48,HEARTBEAT,0,0,0,0,0,0,0x1001BFC0
1777258483.821,235032,4,6,GNSS,255,BROADCAST,0,HEARTBEAT,48,HEARTBEAT,0,0,0,0,0,0,0x1001BFC0
1777258484.844,236030,4,6,GNSS,255,BROADCAST,0,HEARTBEAT,48,HEARTBEAT,0,0,0,0,0,0,0x1001BFC0
1777258484.844,236031,4,6,GNSS,1,CDH,10,HEALTH,1,HEALTH_0x01,0,0,0,0,1,1,0x1001804A
1777258484.844,236032,2,6,GNSS,1,CDH,4,TELEMETRY,2,TELEMETRY_0x02,0,0,0,0,0,0,0x08018044
1777258485.804,237028,4,6,GNSS,255,BROADCAST,0,HEARTBEAT,48,HEARTBEAT,0,0,0,0,0,0,0x1001BFC0
1777258486.378,237596,2,6,GNSS,1,CDH,4,TELEMETRY,2,TELEMETRY_0x02,0,0,0,0,0,0,0x08018044
1777258486.379,237597,4,6,GNSS,1,CDH,3,CMD_RESP,97,CMD_RESP_0x61,1,0,0,0,0,0,0x10018043
1777258486.800,238025,4,6,GNSS,255,BROADCAST,0,HEARTBEAT,48,HEARTBEAT,0,0,0,0,0,0,0x1001BFC0
1777258487.815,239022,4,6,GNSS,255,BROADCAST,0,HEARTBEAT,48,HEARTBEAT,0,0,0,0,0,0,0x1001BFC0
1777258488.835,240019,4,6,GNSS,255,BROADCAST,0,HEARTBEAT,48,HEARTBEAT,0,0,0,0,0,0,0x1001BFC0
1777258489.793,241017,4,6,GNSS,255,BROADCAST,0,HEARTBEAT,48,HEARTBEAT,0,0,0,0,0,0,0x1001BFC0
1777258489.793,241018,4,6,GNSS,1,CDH,10,HEALTH,1,HEALTH_0x01,0,0,0,0,1,1,0x1001804A
1777258489.793,241019,2,6,GNSS,1,CDH,4,TELEMETRY,2,TELEMETRY_0x02,0,0,0,0,0,0,0x08018044
1777258490.790,242015,4,6,GNSS,255,BROADCAST,0,HEARTBEAT,48,HEARTBEAT,0,0,0,0,0,0,0x1001BFC0
1777258491.350,242574,2,6,GNSS,1,CDH,4,TELEMETRY,2,TELEMETRY_0x02,0,0,0,0,0,0,0x08018044
1777258491.350,242576,4,6,GNSS,1,CDH,3,CMD_RESP,97,CMD_RESP_0x61,1,0,0,0,0,0,0x10018043
1777258491.806,243012,4,6,GNSS,255,BROADCAST,0,HEARTBEAT,48,HEARTBEAT,0,0,0,0,0,0,0x1001BFC0
1777258492.784,244009,4,6,GNSS,255,BROADCAST,0,HEARTBEAT,48,HEARTBEAT,0,0,0,0,0,0,0x1001BFC0
1777258493.782,245007,4,6,GNSS,255,BROADCAST,0,HEARTBEAT,48,HEARTBEAT,0,0,0,0,0,0,0x1001BFC0
1777258494.779,246004,4,6,GNSS,255,BROADCAST,0,HEARTBEAT,48,HEARTBEAT,0,0,0,0,0,0,0x1001BFC0
1777258494.780,246005,4,6,GNSS,1,CDH,10,HEALTH,1,HEALTH_0x01,0,0,0,0,1,1,0x1001804A
1777258494.781,246006,2,6,GNSS,1,CDH,4,TELEMETRY,2,TELEMETRY_0x02,0,0,0,0,0,0,0x08018044
1777258495.802,247002,4,6,GNSS,255,BROADCAST,0,HEARTBEAT,48,HEARTBEAT,0,0,0,0,0,0,0x1001BFC0
1777258496.328,247552,2,6,GNSS,1,CDH,4,TELEMETRY,2,TELEMETRY_0x02,0,0,0,0,0,0,0x08018044
1777258496.330,247555,4,6,GNSS,1,CDH,3,CMD_RESP,97,CMD_RESP_0x61,1,0,0,0,0,0,0x10018043
1777258496.775,248000,4,6,GNSS,255,BROADCAST,0,HEARTBEAT,48,HEARTBEAT,0,0,0,0,0,0,0x1001BFC0
1777258497.773,248997,4,6,GNSS,255,BROADCAST,0,HEARTBEAT,48,HEARTBEAT,0,0,0,0,0,0,0x1001BFC0
1777258498.769,249994,4,6,GNSS,255,BROADCAST,0,HEARTBEAT,48,HEARTBEAT,0,0,0,0,0,0,0x1001BFC0
1777258499.794,250992,4,6,GNSS,255,BROADCAST,0,HEARTBEAT,48,HEARTBEAT,0,0,0,0,0,0,0x1001BFC0
1777258499.794,250993,4,6,GNSS,1,CDH,10,HEALTH,1,HEALTH_0x01,0,0,0,0,1,1,0x1001804A
1777258499.794,250994,2,6,GNSS,1,CDH,4,TELEMETRY,2,TELEMETRY_0x02,0,0,0,0,0,0,0x08018044
1777258500.764,251990,4,6,GNSS,255,BROADCAST,0,HEARTBEAT,48,HEARTBEAT,0,0,0,0,0,0,0x1001BFC0
1777258501.331,252531,2,6,GNSS,1,CDH,4,TELEMETRY,2,TELEMETRY_0x02,0,0,0,0,0,0,0x08018044
1777258501.331,252532,4,6,GNSS,1,CDH,3,CMD_RESP,97,CMD_RESP_0x61,1,0,0,0,0,0,0x10018043
1777258501.762,252987,4,6,GNSS,255,BROADCAST,0,HEARTBEAT,48,HEARTBEAT,0,0,0,0,0,0,0x1001BFC0
1777258502.775,253984,4,6,GNSS,255,BROADCAST,0,HEARTBEAT,48,HEARTBEAT,0,0,0,0,0,0,0x1001BFC0
1777258503.790,254982,4,6,GNSS,255,BROADCAST,0,HEARTBEAT,48,HEARTBEAT,0,0,0,0,0,0,0x1001BFC0
1777258504.756,255979,4,6,GNSS,255,BROADCAST,0,HEARTBEAT,48,HEARTBEAT,0,0,0,0,0,0,0x1001BFC0
1777258504.756,255980,4,6,GNSS,1,CDH,10,HEALTH,1,HEALTH_0x01,0,0,0,0,1,1,0x1001804A
1777258504.760,255981,2,6,GNSS,1,CDH,4,TELEMETRY,2,TELEMETRY_0x02,0,0,0,0,0,0,0x08018044
1777258505.753,256977,4,6,GNSS,255,BROADCAST,0,HEARTBEAT,48,HEARTBEAT,0,0,0,0,0,0,0x1001BFC0
1777258506.283,257508,2,6,GNSS,1,CDH,4,TELEMETRY,2,TELEMETRY_0x02,0,0,0,0,0,0,0x08018044
1777258506.284,257509,4,6,GNSS,1,CDH,3,CMD_RESP,97,CMD_RESP_0x61,1,0,0,0,0,0,0x10018043
1777258506.754,257974,4,6,GNSS,255,BROADCAST,0,HEARTBEAT,48,HEARTBEAT,0,0,0,0,0,0,0x1001BFC0
1777258507.781,258972,4,6,GNSS,255,BROADCAST,0,HEARTBEAT,48,HEARTBEAT,0,0,0,0,0,0,0x1001BFC0
1777258508.744,259969,4,6,GNSS,255,BROADCAST,0,HEARTBEAT,48,HEARTBEAT,0,0,0,0,0,0,0x1001BFC0
1777258509.741,260966,4,6,GNSS,255,BROADCAST,0,HEARTBEAT,48,HEARTBEAT,0,0,0,0,0,0,0x1001BFC0
1777258509.742,260967,4,6,GNSS,1,CDH,10,HEALTH,1,HEALTH_0x01,0,0,0,0,1,1,0x1001804A
1777258509.743,260968,2,6,GNSS,1,CDH,4,TELEMETRY,2,TELEMETRY_0x02,0,0,0,0,0,0,0x08018044
1777258510.739,261964,4,6,GNSS,255,BROADCAST,0,HEARTBEAT,48,HEARTBEAT,0,0,0,0,0,0,0x1001BFC0
1777258511.264,262486,2,6,GNSS,1,CDH,4,TELEMETRY,2,TELEMETRY_0x02,0,0,0,0,0,0,0x08018044
1777258511.264,262487,4,6,GNSS,1,CDH,3,CMD_RESP,97,CMD_RESP_0x61,1,0,0,0,0,0,0x10018043
1777258511.773,262962,4,6,GNSS,255,BROADCAST,0,HEARTBEAT,48,HEARTBEAT,0,0,0,0,0,0,0x1001BFC0
1777258512.734,263959,4,6,GNSS,255,BROADCAST,0,HEARTBEAT,48,HEARTBEAT,0,0,0,0,0,0,0x1001BFC0
1777258513.731,264956,4,6,GNSS,255,BROADCAST,0,HEARTBEAT,48,HEARTBEAT,0,0,0,0,0,0,0x1001BFC0
1777258514.746,265953,4,6,GNSS,255,BROADCAST,0,HEARTBEAT,48,HEARTBEAT,0,0,0,0,0,0,0x1001BFC0
1777258514.746,265954,4,6,GNSS,1,CDH,10,HEALTH,1,HEALTH_0x01,0,0,0,0,1,1,0x1001804A
1777258514.746,265956,2,6,GNSS,1,CDH,4,TELEMETRY,2,TELEMETRY_0x02,0,0,0,0,0,0,0x08018044
1777258515.762,266952,4,6,GNSS,255,BROADCAST,0,HEARTBEAT,48,HEARTBEAT,0,0,0,0,0,0,0x1001BFC0
1777258516.283,267463,2,6,GNSS,1,CDH,4,TELEMETRY,2,TELEMETRY_0x02,0,0,0,0,0,0,0x08018044
1777258516.283,267465,4,6,GNSS,1,CDH,3,CMD_RESP,97,CMD_RESP_0x61,1,0,0,0,0,0,0x10018043
1777258516.724,267949,4,6,GNSS,255,BROADCAST,0,HEARTBEAT,48,HEARTBEAT,0,0,0,0,0,0,0x1001BFC0
1777258517.723,268946,4,6,GNSS,255,BROADCAST,0,HEARTBEAT,48,HEARTBEAT,0,0,0,0,0,0,0x1001BFC0
1777258518.739,269944,4,6,GNSS,255,BROADCAST,0,HEARTBEAT,48,HEARTBEAT,0,0,0,0,0,0,0x1001BFC0
1777258519.717,270941,4,6,GNSS,255,BROADCAST,0,HEARTBEAT,48,HEARTBEAT,0,0,0,0,0,0,0x1001BFC0
1777258519.718,270942,4,6,GNSS,1,CDH,10,HEALTH,1,HEALTH_0x01,0,0,0,0,1,1,0x1001804A
1777258519.718,270943,2,6,GNSS,1,CDH,4,TELEMETRY,2,TELEMETRY_0x02,0,0,0,0,0,0,0x08018044
1777258520.716,271940,4,6,GNSS,255,BROADCAST,0,HEARTBEAT,48,HEARTBEAT,0,0,0,0,0,0,0x1001BFC0
1777258521.217,272441,2,6,GNSS,1,CDH,4,TELEMETRY,2,TELEMETRY_0x02,0,0,0,0,0,0,0x08018044
1777258521.218,272443,4,6,GNSS,1,CDH,3,CMD_RESP,97,CMD_RESP_0x61,1,0,0,0,0,0,0x10018043
1777258521.712,272937,4,6,GNSS,255,BROADCAST,0,HEARTBEAT,48,HEARTBEAT,0,0,0,0,0,0,0x1001BFC0
1777258522.724,273934,4,6,GNSS,255,BROADCAST,0,HEARTBEAT,48,HEARTBEAT,0,0,0,0,0,0,0x1001BFC0
1777258523.708,274931,4,6,GNSS,255,BROADCAST,0,HEARTBEAT,48,HEARTBEAT,0,0,0,0,0,0,0x1001BFC0
1777258524.711,275928,4,6,GNSS,255,BROADCAST,0,HEARTBEAT,48,HEARTBEAT,0,0,0,0,0,0,0x1001BFC0
1777258524.711,275929,4,6,GNSS,1,CDH,10,HEALTH,1,HEALTH_0x01,0,0,0,0,1,1,0x1001804A
1777258524.711,275930,2,6,GNSS,1,CDH,4,TELEMETRY,2,TELEMETRY_0x02,0,0,0,0,0,0,0x08018044
1777258525.702,276927,4,6,GNSS,255,BROADCAST,0,HEARTBEAT,48,HEARTBEAT,0,0,0,0,0,0,0x1001BFC0
1777258526.216,277419,2,6,GNSS,1,CDH,4,TELEMETRY,2,TELEMETRY_0x02,0,0,0,0,0,0,0x08018044
1777258526.216,277421,4,6,GNSS,1,CDH,3,CMD_RESP,97,CMD_RESP_0x61,1,0,0,0,0,0,0x10018043
1777258526.729,277924,4,6,GNSS,255,BROADCAST,0,HEARTBEAT,48,HEARTBEAT,0,0,0,0,0,0,0x1001BFC0
1777258527.696,278921,4,6,GNSS,255,BROADCAST,0,HEARTBEAT,48,HEARTBEAT,0,0,0,0,0,0,0x1001BFC0
1777258528.694,279918,4,6,GNSS,255,BROADCAST,0,HEARTBEAT,48,HEARTBEAT,0,0,0,0,0,0,0x1001BFC0
1777258529.698,280915,4,6,GNSS,255,BROADCAST,0,HEARTBEAT,48,HEARTBEAT,0,0,0,0,0,0,0x1001BFC0
1777258529.699,280916,4,6,GNSS,1,CDH,10,HEALTH,1,HEALTH_0x01,0,0,0,0,1,1,0x1001804A
1777258529.699,280917,2,6,GNSS,1,CDH,4,TELEMETRY,2,TELEMETRY_0x02,0,0,0,0,0,0,0x08018044
1777258530.718,281914,4,6,GNSS,255,BROADCAST,0,HEARTBEAT,48,HEARTBEAT,0,0,0,0,0,0,0x1001BFC0
1777258531.175,282397,2,6,GNSS,1,CDH,4,TELEMETRY,2,TELEMETRY_0x02,0,0,0,0,0,0,0x08018044
1777258531.175,282398,4,6,GNSS,1,CDH,3,CMD_RESP,97,CMD_RESP_0x61,1,0,0,0,0,0,0x10018043
1777258531.687,282911,4,6,GNSS,255,BROADCAST,0,HEARTBEAT,48,HEARTBEAT,0,0,0,0,0,0,0x1001BFC0
1777258532.684,283908,4,6,GNSS,255,BROADCAST,0,HEARTBEAT,48,HEARTBEAT,0,0,0,0,0,0,0x1001BFC0
1777258533.690,284905,4,6,GNSS,255,BROADCAST,0,HEARTBEAT,48,HEARTBEAT,0,0,0,0,0,0,0x1001BFC0
1777258534.715,285902,4,6,GNSS,255,BROADCAST,0,HEARTBEAT,48,HEARTBEAT,0,0,0,0,0,0,0x1001BFC0
1777258534.715,285903,4,6,GNSS,1,CDH,10,HEALTH,1,HEALTH_0x01,0,0,0,0,1,1,0x1001804A
1777258534.715,285905,2,6,GNSS,1,CDH,4,TELEMETRY,2,TELEMETRY_0x02,0,0,0,0,0,0,0x08018044
1777258535.677,286901,4,6,GNSS,255,BROADCAST,0,HEARTBEAT,48,HEARTBEAT,0,0,0,0,0,0,0x1001BFC0
1777258536.151,287376,2,6,GNSS,1,CDH,4,TELEMETRY,2,TELEMETRY_0x02,0,0,0,0,0,0,0x08018044
1777258536.152,287377,4,6,GNSS,1,CDH,3,CMD_RESP,97,CMD_RESP_0x61,1,0,0,0,0,0,0x10018043
1777258536.673,287898,4,6,GNSS,255,BROADCAST,0,HEARTBEAT,48,HEARTBEAT,0,0,0,0,0,0,0x1001BFC0
1777258537.680,288895,4,6,GNSS,255,BROADCAST,0,HEARTBEAT,48,HEARTBEAT,0,0,0,0,0,0,0x1001BFC0
1777258538.772,289893,4,6,GNSS,255,BROADCAST,0,HEARTBEAT,48,HEARTBEAT,0,0,0,0,0,0,0x1001BFC0
1777258539.665,290890,4,6,GNSS,255,BROADCAST,0,HEARTBEAT,48,HEARTBEAT,0,0,0,0,0,0,0x1001BFC0
1777258539.666,290891,4,6,GNSS,1,CDH,10,HEALTH,1,HEALTH_0x01,0,0,0,0,1,1,0x1001804A
1777258539.668,290892,2,6,GNSS,1,CDH,4,TELEMETRY,2,TELEMETRY_0x02,0,0,0,0,0,0,0x08018044
1777258554.629,4639,4,6,GNSS,255,BROADCAST,0,HEARTBEAT,48,HEARTBEAT,0,0,0,0,0,0,0x1001BFC0
1777258554.629,4640,4,6,GNSS,1,CDH,10,HEALTH,1,HEALTH_0x01,0,0,0,0,1,1,0x1001804A
1777258554.630,4641,2,6,GNSS,1,CDH,4,TELEMETRY,2,TELEMETRY_0x02,0,0,0,0,0,0,0x08018044
1777258555.626,5637,4,6,GNSS,255,BROADCAST,0,HEARTBEAT,48,HEARTBEAT,0,0,0,0,0,0,0x1001BFC0
1777258556.065,6077,2,6,GNSS,1,CDH,4,TELEMETRY,2,TELEMETRY_0x02,0,0,0,0,0,0,0x08018044
1777258556.067,6078,4,6,GNSS,1,CDH,3,CMD_RESP,97,CMD_RESP_0x61,1,0,0,0,0,0,0x10018043
1777258556.630,6635,4,6,GNSS,255,BROADCAST,0,HEARTBEAT,48,HEARTBEAT,0,0,0,0,0,0,0x1001BFC0
1777258557.652,7632,4,6,GNSS,255,BROADCAST,0,HEARTBEAT,48,HEARTBEAT,0,0,0,0,0,0,0x1001BFC0
1777258558.618,8629,4,6,GNSS,255,BROADCAST,0,HEARTBEAT,48,HEARTBEAT,0,0,0,0,0,0,0x1001BFC0
1777258559.619,9627,4,6,GNSS,255,BROADCAST,0,HEARTBEAT,48,HEARTBEAT,0,0,0,0,0,0,0x1001BFC0
1777258559.619,9629,4,6,GNSS,1,CDH,10,HEALTH,1,HEALTH_0x01,0,0,0,0,1,1,0x1001804A
1777258559.621,9630,2,6,GNSS,1,CDH,4,TELEMETRY,2,TELEMETRY_0x02,0,0,0,0,0,0,0x08018044
1777258560.616,10625,4,6,GNSS,255,BROADCAST,0,HEARTBEAT,48,HEARTBEAT,0,0,0,0,0,0,0x1001BFC0
1777258561.044,11056,2,6,GNSS,1,CDH,4,TELEMETRY,2,TELEMETRY_0x02,0,0,0,0,0,0,0x08018044
1777258561.045,11057,4,6,GNSS,1,CDH,3,CMD_RESP,97,CMD_RESP_0x61,1,0,0,0,0,0,0x10018043
1777258561.641,11622,4,6,GNSS,255,BROADCAST,0,HEARTBEAT,48,HEARTBEAT,0,0,0,0,0,0,0x1001BFC0
1777258562.608,12620,4,6,GNSS,255,BROADCAST,0,HEARTBEAT,48,HEARTBEAT,0,0,0,0,0,0,0x1001BFC0
1777258563.606,13617,4,6,GNSS,255,BROADCAST,0,HEARTBEAT,48,HEARTBEAT,0,0,0,0,0,0,0x1001BFC0
1777258564.614,14614,4,6,GNSS,255,BROADCAST,0,HEARTBEAT,48,HEARTBEAT,0,0,0,0,0,0,0x1001BFC0
1777258564.614,14615,4,6,GNSS,1,CDH,10,HEALTH,1,HEALTH_0x01,0,0,0,0,1,1,0x1001804A
1777258564.614,14616,2,6,GNSS,1,CDH,4,TELEMETRY,2,TELEMETRY_0x02,0,0,0,0,0,0,0x08018044
1777258565.640,15612,4,6,GNSS,255,BROADCAST,0,HEARTBEAT,48,HEARTBEAT,0,0,0,0,0,0,0x1001BFC0
1777258566.037,16036,2,6,GNSS,1,CDH,4,TELEMETRY,2,TELEMETRY_0x02,0,0,0,0,0,0,0x08018044
1777258566.037,16037,4,6,GNSS,1,CDH,3,CMD_RESP,97,CMD_RESP_0x61,1,0,0,0,0,0,0x10018043
1777258566.608,16609,4,6,GNSS,255,BROADCAST,0,HEARTBEAT,48,HEARTBEAT,0,0,0,0,0,0,0x1001BFC0
1777258567.600,17607,4,6,GNSS,255,BROADCAST,0,HEARTBEAT,48,HEARTBEAT,0,0,0,0,0,0,0x1001BFC0
1777258568.609,18604,4,6,GNSS,255,BROADCAST,0,HEARTBEAT,48,HEARTBEAT,0,0,0,0,0,0,0x1001BFC0
1777258569.633,19601,4,6,GNSS,255,BROADCAST,0,HEARTBEAT,48,HEARTBEAT,0,0,0,0,0,0,0x1001BFC0
1777258569.633,19602,4,6,GNSS,1,CDH,10,HEALTH,1,HEALTH_0x01,0,0,0,0,1,1,0x1001804A
1777258569.633,19604,2,6,GNSS,1,CDH,4,TELEMETRY,2,TELEMETRY_0x02,0,0,0,0,0,0,0x08018044
1777258570.588,20600,4,6,GNSS,255,BROADCAST,0,HEARTBEAT,48,HEARTBEAT,0,0,0,0,0,0,0x1001BFC0
1777258571.009,21012,2,6,GNSS,1,CDH,4,TELEMETRY,2,TELEMETRY_0x02,0,0,0,0,0,0,0x08018044
1777258571.009,21014,4,6,GNSS,1,CDH,3,CMD_RESP,97,CMD_RESP_0x61,1,0,0,0,0,0,0x10018043
1777258571.586,21597,4,6,GNSS,255,BROADCAST,0,HEARTBEAT,48,HEARTBEAT,0,0,0,0,0,0,0x1001BFC0
1777258572.591,22594,4,6,GNSS,255,BROADCAST,0,HEARTBEAT,48,HEARTBEAT,0,0,0,0,0,0,0x1001BFC0
1777258573.581,23591,4,6,GNSS,255,BROADCAST,0,HEARTBEAT,48,HEARTBEAT,0,0,0,0,0,0,0x1001BFC0
1777258574.580,24588,4,6,GNSS,255,BROADCAST,0,HEARTBEAT,48,HEARTBEAT,0,0,0,0,0,0,0x1001BFC0
1777258574.581,24591,4,6,GNSS,1,CDH,10,HEALTH,1,HEALTH_0x01,0,0,0,0,1,1,0x1001804A
1777258574.581,24592,2,6,GNSS,1,CDH,4,TELEMETRY,2,TELEMETRY_0x02,0,0,0,0,0,0,0x08018044
1777258575.576,25587,4,6,GNSS,255,BROADCAST,0,HEARTBEAT,48,HEARTBEAT,0,0,0,0,0,0,0x1001BFC0
1777258575.985,25991,2,6,GNSS,1,CDH,4,TELEMETRY,2,TELEMETRY_0x02,0,0,0,0,0,0,0x08018044
1777258575.985,25992,4,6,GNSS,1,CDH,3,CMD_RESP,97,CMD_RESP_0x61,1,0,0,0,0,0,0x10018043
1777258576.594,26584,4,6,GNSS,255,BROADCAST,0,HEARTBEAT,48,HEARTBEAT,0,0,0,0,0,0,0x1001BFC0
1777258577.570,27581,4,6,GNSS,255,BROADCAST,0,HEARTBEAT,48,HEARTBEAT,0,0,0,0,0,0,0x1001BFC0
1777258578.569,28578,4,6,GNSS,255,BROADCAST,0,HEARTBEAT,48,HEARTBEAT,0,0,0,0,0,0,0x1001BFC0
1777258579.567,29575,4,6,GNSS,255,BROADCAST,0,HEARTBEAT,48,HEARTBEAT,0,0,0,0,0,0,0x1001BFC0
1777258579.567,29576,4,6,GNSS,1,CDH,10,HEALTH,1,HEALTH_0x01,0,0,0,0,1,1,0x1001804A
1777258579.567,29578,2,6,GNSS,1,CDH,4,TELEMETRY,2,TELEMETRY_0x02,0,0,0,0,0,0,0x08018044
1777258580.585,30574,4,6,GNSS,255,BROADCAST,0,HEARTBEAT,48,HEARTBEAT,0,0,0,0,0,0,0x1001BFC0
1777258580.993,30969,2,6,GNSS,1,CDH,4,TELEMETRY,2,TELEMETRY_0x02,0,0,0,0,0,0,0x08018044
1777258580.993,30970,4,6,GNSS,1,CDH,3,CMD_RESP,97,CMD_RESP_0x61,1,0,0,0,0,0,0x10018043
1777258581.560,31571,4,6,GNSS,255,BROADCAST,0,HEARTBEAT,48,HEARTBEAT,0,0,0,0,0,0,0x1001BFC0
1777258582.557,32568,4,6,GNSS,255,BROADCAST,0,HEARTBEAT,48,HEARTBEAT,0,0,0,0,0,0,0x1001BFC0
1777258583.555,33565,4,6,GNSS,255,BROADCAST,0,HEARTBEAT,48,HEARTBEAT,0,0,0,0,0,0,0x1001BFC0
1777258584.575,34563,4,6,GNSS,255,BROADCAST,0,HEARTBEAT,48,HEARTBEAT,0,0,0,0,0,0,0x1001BFC0
1777258584.575,34564,4,6,GNSS,1,CDH,10,HEALTH,1,HEALTH_0x01,0,0,0,0,1,1,0x1001804A
1777258584.575,34565,2,6,GNSS,1,CDH,4,TELEMETRY,2,TELEMETRY_0x02,0,0,0,0,0,0,0x08018044
1777258585.552,35561,4,6,GNSS,255,BROADCAST,0,HEARTBEAT,48,HEARTBEAT,0,0,0,0,0,0,0x1001BFC0
1777258585.936,35947,2,6,GNSS,1,CDH,4,TELEMETRY,2,TELEMETRY_0x02,0,0,0,0,0,0,0x08018044
1777258585.937,35948,4,6,GNSS,1,CDH,3,CMD_RESP,97,CMD_RESP_0x61,1,0,0,0,0,0,0x10018043
1777258586.548,36558,4,6,GNSS,255,BROADCAST,0,HEARTBEAT,48,HEARTBEAT,0,0,0,0,0,0,0x1001BFC0
1777258587.554,37555,4,6,GNSS,255,BROADCAST,0,HEARTBEAT,48,HEARTBEAT,0,0,0,0,0,0,0x1001BFC0
1777258588.579,38553,4,6,GNSS,255,BROADCAST,0,HEARTBEAT,48,HEARTBEAT,0,0,0,0,0,0,0x1001BFC0
1777258589.542,39550,4,6,GNSS,255,BROADCAST,0,HEARTBEAT,48,HEARTBEAT,0,0,0,0,0,0,0x1001BFC0
1777258589.542,39552,4,6,GNSS,1,CDH,10,HEALTH,1,HEALTH_0x01,0,0,0,0,1,1,0x1001804A
1777258589.543,39553,2,6,GNSS,1,CDH,4,TELEMETRY,2,TELEMETRY_0x02,0,0,0,0,0,0,0x08018044
1777258590.538,40548,4,6,GNSS,255,BROADCAST,0,HEARTBEAT,48,HEARTBEAT,0,0,0,0,0,0,0x1001BFC0
1777258590.930,40925,2,6,GNSS,1,CDH,4,TELEMETRY,2,TELEMETRY_0x02,0,0,0,0,0,0,0x08018044
1777258590.930,40926,4,6,GNSS,1,CDH,3,CMD_RESP,97,CMD_RESP_0x61,1,0,0,0,0,0,0x10018043
1777258591.544,41545,4,6,GNSS,255,BROADCAST,0,HEARTBEAT,48,HEARTBEAT,0,0,0,0,0,0,0x1001BFC0
1777258592.570,42543,4,6,GNSS,255,BROADCAST,0,HEARTBEAT,48,HEARTBEAT,0,0,0,0,0,0,0x1001BFC0
1777258593.529,43540,4,6,GNSS,255,BROADCAST,0,HEARTBEAT,48,HEARTBEAT,0,0,0,0,0,0,0x1001BFC0
1777258594.526,44537,4,6,GNSS,255,BROADCAST,0,HEARTBEAT,48,HEARTBEAT,0,0,0,0,0,0,0x1001BFC0
1777258594.528,44538,4,6,GNSS,1,CDH,10,HEALTH,1,HEALTH_0x01,0,0,0,0,1,1,0x1001804A
1777258594.529,44539,2,6,GNSS,1,CDH,4,TELEMETRY,2,TELEMETRY_0x02,0,0,0,0,0,0,0x08018044
1777258595.530,45535,4,6,GNSS,255,BROADCAST,0,HEARTBEAT,48,HEARTBEAT,0,0,0,0,0,0,0x1001BFC0
1777258595.895,45903,2,6,GNSS,1,CDH,4,TELEMETRY,2,TELEMETRY_0x02,0,0,0,0,0,0,0x08018044
1777258595.896,45904,4,6,GNSS,1,CDH,3,CMD_RESP,97,CMD_RESP_0x61,1,0,0,0,0,0,0x10018043
1777258596.558,46533,4,6,GNSS,255,BROADCAST,0,HEARTBEAT,48,HEARTBEAT,0,0,0,0,0,0,0x1001BFC0
1777258597.519,47530,4,6,GNSS,255,BROADCAST,0,HEARTBEAT,48,HEARTBEAT,0,0,0,0,0,0,0x1001BFC0
1777258598.516,48527,4,6,GNSS,255,BROADCAST,0,HEARTBEAT,48,HEARTBEAT,0,0,0,0,0,0,0x1001BFC0
1777258599.538,49524,4,6,GNSS,255,BROADCAST,0,HEARTBEAT,48,HEARTBEAT,0,0,0,0,0,0,0x1001BFC0
1777258599.538,49525,4,6,GNSS,1,CDH,10,HEALTH,1,HEALTH_0x01,0,0,0,0,1,1,0x1001804A
1777258599.538,49527,2,6,GNSS,1,CDH,4,TELEMETRY,2,TELEMETRY_0x02,0,0,0,0,0,0,0x08018044
1777258600.512,50523,4,6,GNSS,255,BROADCAST,0,HEARTBEAT,48,HEARTBEAT,0,0,0,0,0,0,0x1001BFC0
1777258600.871,50881,2,6,GNSS,1,CDH,4,TELEMETRY,2,TELEMETRY_0x02,0,0,0,0,0,0,0x08018044
1777258600.872,50883,4,6,GNSS,1,CDH,3,CMD_RESP,97,CMD_RESP_0x61,1,0,0,0,0,0,0x10018043
1777258601.512,51520,4,6,GNSS,255,BROADCAST,0,HEARTBEAT,48,HEARTBEAT,0,0,0,0,0,0,0x1001BFC0
1777258602.507,52517,4,6,GNSS,255,BROADCAST,0,HEARTBEAT,48,HEARTBEAT,0,0,0,0,0,0,0x1001BFC0
1777258603.518,53514,4,6,GNSS,255,BROADCAST,0,HEARTBEAT,48,HEARTBEAT,0,0,0,0,0,0,0x1001BFC0
1777258604.502,54512,4,6,GNSS,255,BROADCAST,0,HEARTBEAT,48,HEARTBEAT,0,0,0,0,0,0,0x1001BFC0
1777258604.502,54513,4,6,GNSS,1,CDH,10,HEALTH,1,HEALTH_0x01,0,0,0,0,1,1,0x1001804A
1777258604.503,54514,2,6,GNSS,1,CDH,4,TELEMETRY,2,TELEMETRY_0x02,0,0,0,0,0,0,0x08018044
1777258605.502,55510,4,6,GNSS,255,BROADCAST,0,HEARTBEAT,48,HEARTBEAT,0,0,0,0,0,0,0x1001BFC0
1777258605.881,55860,2,6,GNSS,1,CDH,4,TELEMETRY,2,TELEMETRY_0x02,0,0,0,0,0,0,0x08018044
1777258605.881,55861,4,6,GNSS,1,CDH,3,CMD_RESP,97,CMD_RESP_0x61,1,0,0,0,0,0,0x10018043
1777258606.497,56507,4,6,GNSS,255,BROADCAST,0,HEARTBEAT,48,HEARTBEAT,0,0,0,0,0,0,0x1001BFC0
1777258607.513,57505,4,6,GNSS,255,BROADCAST,0,HEARTBEAT,48,HEARTBEAT,0,0,0,0,0,0,0x1001BFC0
1777258608.492,58502,4,6,GNSS,255,BROADCAST,0,HEARTBEAT,48,HEARTBEAT,0,0,0,0,0,0,0x1001BFC0
1777258609.489,59499,4,6,GNSS,255,BROADCAST,0,HEARTBEAT,48,HEARTBEAT,0,0,0,0,0,0,0x1001BFC0
1777258609.489,59500,4,6,GNSS,1,CDH,10,HEALTH,1,HEALTH_0x01,0,0,0,0,1,1,0x1001804A
1777258609.490,59501,2,6,GNSS,1,CDH,4,TELEMETRY,2,TELEMETRY_0x02,0,0,0,0,0,0,0x08018044
1777258610.487,60497,4,6,GNSS,255,BROADCAST,0,HEARTBEAT,48,HEARTBEAT,0,0,0,0,0,0,0x1001BFC0
1777258610.832,60838,2,6,GNSS,1,CDH,4,TELEMETRY,2,TELEMETRY_0x02,0,0,0,0,0,0,0x08018044
1777258610.832,60839,4,6,GNSS,1,CDH,3,CMD_RESP,97,CMD_RESP_0x61,1,0,0,0,0,0,0x10018043
1777258611.518,61494,4,6,GNSS,255,BROADCAST,0,HEARTBEAT,48,HEARTBEAT,0,0,0,0,0,0,0x1001BFC0
1777258612.482,62492,4,6,GNSS,255,BROADCAST,0,HEARTBEAT,48,HEARTBEAT,0,0,0,0,0,0,0x1001BFC0
1777258613.478,63489,4,6,GNSS,255,BROADCAST,0,HEARTBEAT,48,HEARTBEAT,0,0,0,0,0,0,0x1001BFC0
1777258614.478,64486,4,6,GNSS,255,BROADCAST,0,HEARTBEAT,48,HEARTBEAT,0,0,0,0,0,0,0x1001BFC0
1777258614.478,64487,4,6,GNSS,1,CDH,10,HEALTH,1,HEALTH_0x01,0,0,0,0,1,1,0x1001804A
1777258614.478,64488,2,6,GNSS,1,CDH,4,TELEMETRY,2,TELEMETRY_0x02,0,0,0,0,0,0,0x08018044
1777258615.505,65484,4,6,GNSS,255,BROADCAST,0,HEARTBEAT,48,HEARTBEAT,0,0,0,0,0,0,0x1001BFC0
1777258615.816,65816,2,6,GNSS,1,CDH,4,TELEMETRY,2,TELEMETRY_0x02,0,0,0,0,0,0,0x08018044
1777258615.816,65817,4,6,GNSS,1,CDH,3,CMD_RESP,97,CMD_RESP_0x61,1,0,0,0,0,0,0x10018043
1777258616.471,66482,4,6,GNSS,255,BROADCAST,0,HEARTBEAT,48,HEARTBEAT,0,0,0,0,0,0,0x1001BFC0
1777258617.468,67479,4,6,GNSS,255,BROADCAST,0,HEARTBEAT,48,HEARTBEAT,0,0,0,0,0,0,0x1001BFC0
1777258618.475,68476,4,6,GNSS,255,BROADCAST,0,HEARTBEAT,48,HEARTBEAT,0,0,0,0,0,0,0x1001BFC0
1777258619.498,69473,4,6,GNSS,255,BROADCAST,0,HEARTBEAT,48,HEARTBEAT,0,0,0,0,0,0,0x1001BFC0
1777258619.498,69474,4,6,GNSS,1,CDH,10,HEALTH,1,HEALTH_0x01,0,0,0,0,1,1,0x1001804A
1777258619.498,69475,2,6,GNSS,1,CDH,4,TELEMETRY,2,TELEMETRY_0x02,0,0,0,0,0,0,0x08018044
1777258620.461,70472,4,6,GNSS,255,BROADCAST,0,HEARTBEAT,48,HEARTBEAT,0,0,0,0,0,0,0x1001BFC0
1777258620.785,70796,2,6,GNSS,1,CDH,4,TELEMETRY,2,TELEMETRY_0x02,0,0,0,0,0,0,0x08018044
1777258620.787,70797,4,6,GNSS,1,CDH,3,CMD_RESP,97,CMD_RESP_0x61,1,0,0,0,0,0,0x10018043
1777258621.459,71469,4,6,GNSS,255,BROADCAST,0,HEARTBEAT,48,HEARTBEAT,0,0,0,0,0,0,0x1001BFC0
1777258622.471,72466,4,6,GNSS,255,BROADCAST,0,HEARTBEAT,48,HEARTBEAT,0,0,0,0,0,0,0x1001BFC0
1777258623.453,73463,4,6,GNSS,255,BROADCAST,0,HEARTBEAT,48,HEARTBEAT,0,0,0,0,0,0,0x1001BFC0
1777258624.451,74460,4,6,GNSS,255,BROADCAST,0,HEARTBEAT,48,HEARTBEAT,0,0,0,0,0,0,0x1001BFC0
1777258624.452,74461,4,6,GNSS,1,CDH,10,HEALTH,1,HEALTH_0x01,0,0,0,0,1,1,0x1001804A
1777258624.452,74462,2,6,GNSS,1,CDH,4,TELEMETRY,2,TELEMETRY_0x02,0,0,0,0,0,0,0x08018044
1777258625.448,75459,4,6,GNSS,255,BROADCAST,0,HEARTBEAT,48,HEARTBEAT,0,0,0,0,0,0,0x1001BFC0
1777258625.763,75772,2,6,GNSS,1,CDH,4,TELEMETRY,2,TELEMETRY_0x02,0,0,0,0,0,0,0x08018044
1777258625.763,75773,4,6,GNSS,1,CDH,3,CMD_RESP,97,CMD_RESP_0x61,1,0,0,0,0,0,0x10018043
1777258626.458,76456,4,6,GNSS,255,BROADCAST,0,HEARTBEAT,48,HEARTBEAT,0,0,0,0,0,0,0x1001BFC0
1777258627.443,77453,4,6,GNSS,255,BROADCAST,0,HEARTBEAT,48,HEARTBEAT,0,0,0,0,0,0,0x1001BFC0
1777258628.440,78450,4,6,GNSS,255,BROADCAST,0,HEARTBEAT,48,HEARTBEAT,0,0,0,0,0,0,0x1001BFC0
1777258629.438,79447,4,6,GNSS,255,BROADCAST,0,HEARTBEAT,48,HEARTBEAT,0,0,0,0,0,0,0x1001BFC0
1777258629.438,79448,4,6,GNSS,1,CDH,10,HEALTH,1,HEALTH_0x01,0,0,0,0,1,1,0x1001804A
1777258629.438,79449,2,6,GNSS,1,CDH,4,TELEMETRY,2,TELEMETRY_0x02,0,0,0,0,0,0,0x08018044
1777258630.453,80445,4,6,GNSS,255,BROADCAST,0,HEARTBEAT,48,HEARTBEAT,0,0,0,0,0,0,0x1001BFC0
1777258630.768,80750,2,6,GNSS,1,CDH,4,TELEMETRY,2,TELEMETRY_0x02,0,0,0,0,0,0,0x08018044
1777258630.768,80751,4,6,GNSS,1,CDH,3,CMD_RESP,97,CMD_RESP_0x61,1,0,0,0,0,0,0x10018043
1777258631.433,81443,4,6,GNSS,255,BROADCAST,0,HEARTBEAT,48,HEARTBEAT,0,0,0,0,0,0,0x1001BFC0
1777258632.430,82440,4,6,GNSS,255,BROADCAST,0,HEARTBEAT,48,HEARTBEAT,0,0,0,0,0,0,0x1001BFC0
1777258633.428,83437,4,6,GNSS,255,BROADCAST,0,HEARTBEAT,48,HEARTBEAT,0,0,0,0,0,0,0x1001BFC0
1777258634.458,84434,4,6,GNSS,255,BROADCAST,0,HEARTBEAT,48,HEARTBEAT,0,0,0,0,0,0,0x1001BFC0
1777258634.458,84435,4,6,GNSS,1,CDH,10,HEALTH,1,HEALTH_0x01,0,0,0,0,1,1,0x1001804A
1777258634.458,84437,2,6,GNSS,1,CDH,4,TELEMETRY,2,TELEMETRY_0x02,0,0,0,0,0,0,0x08018044
1777258635.423,85433,4,6,GNSS,255,BROADCAST,0,HEARTBEAT,48,HEARTBEAT,0,0,0,0,0,0,0x1001BFC0
1777258635.720,85729,2,6,GNSS,1,CDH,4,TELEMETRY,2,TELEMETRY_0x02,0,0,0,0,0,0,0x08018044
1777258635.720,85730,4,6,GNSS,1,CDH,3,CMD_RESP,97,CMD_RESP_0x61,1,0,0,0,0,0,0x10018043
1777258636.420,86430,4,6,GNSS,255,BROADCAST,0,HEARTBEAT,48,HEARTBEAT,0,0,0,0,0,0,0x1001BFC0
1777258637.420,87427,4,6,GNSS,255,BROADCAST,0,HEARTBEAT,48,HEARTBEAT,0,0,0,0,0,0,0x1001BFC0
1777258638.451,88425,4,6,GNSS,255,BROADCAST,0,HEARTBEAT,48,HEARTBEAT,0,0,0,0,0,0,0x1001BFC0
1777258639.412,89422,4,6,GNSS,255,BROADCAST,0,HEARTBEAT,48,HEARTBEAT,0,0,0,0,0,0,0x1001BFC0
1777258639.413,89423,4,6,GNSS,1,CDH,10,HEALTH,1,HEALTH_0x01,0,0,0,0,1,1,0x1001804A
1777258639.416,89424,2,6,GNSS,1,CDH,4,TELEMETRY,2,TELEMETRY_0x02,0,0,0,0,0,0,0x08018044
1777258640.411,90421,4,6,GNSS,255,BROADCAST,0,HEARTBEAT,48,HEARTBEAT,0,0,0,0,0,0,0x1001BFC0
1777258640.702,90706,2,6,GNSS,1,CDH,4,TELEMETRY,2,TELEMETRY_0x02,0,0,0,0,0,0,0x08018044
1777258640.702,90707,4,6,GNSS,1,CDH,3,CMD_RESP,97,CMD_RESP_0x61,1,0,0,0,0,0,0x10018043
1777258641.419,91417,4,6,GNSS,255,BROADCAST,0,HEARTBEAT,48,HEARTBEAT,0,0,0,0,0,0,0x1001BFC0
1777258642.442,92415,4,6,GNSS,255,BROADCAST,0,HEARTBEAT,48,HEARTBEAT,0,0,0,0,0,0,0x1001BFC0
1777258643.403,93412,4,6,GNSS,255,BROADCAST,0,HEARTBEAT,48,HEARTBEAT,0,0,0,0,0,0,0x1001BFC0
1777258644.399,94409,4,6,GNSS,255,BROADCAST,0,HEARTBEAT,48,HEARTBEAT,0,0,0,0,0,0,0x1001BFC0
1777258644.400,94410,4,6,GNSS,1,CDH,10,HEALTH,1,HEALTH_0x01,0,0,0,0,1,1,0x1001804A
1777258644.401,94411,2,6,GNSS,1,CDH,4,TELEMETRY,2,TELEMETRY_0x02,0,0,0,0,0,0,0x08018044
1777258645.420,95407,4,6,GNSS,255,BROADCAST,0,HEARTBEAT,48,HEARTBEAT,0,0,0,0,0,0,0x1001BFC0
1777258645.675,95684,2,6,GNSS,1,CDH,4,TELEMETRY,2,TELEMETRY_0x02,0,0,0,0,0,0,0x08018044
1777258645.715,95685,4,6,GNSS,1,CDH,3,CMD_RESP,97,CMD_RESP_0x61,1,0,0,0,0,0,0x10018043
1777258646.434,96405,4,6,GNSS,255,BROADCAST,0,HEARTBEAT,48,HEARTBEAT,0,0,0,0,0,0,0x1001BFC0
1777258647.392,97402,4,6,GNSS,255,BROADCAST,0,HEARTBEAT,48,HEARTBEAT,0,0,0,0,0,0,0x1001BFC0
1777258648.389,98399,4,6,GNSS,255,BROADCAST,0,HEARTBEAT,48,HEARTBEAT,0,0,0,0,0,0,0x1001BFC0
1777258649.404,99396,4,6,GNSS,255,BROADCAST,0,HEARTBEAT,48,HEARTBEAT,0,0,0,0,0,0,0x1001BFC0
1777258649.404,99397,4,6,GNSS,1,CDH,10,HEALTH,1,HEALTH_0x01,0,0,0,0,1,1,0x1001804A
1777258649.404,99398,2,6,GNSS,1,CDH,4,TELEMETRY,2,TELEMETRY_0x02,0,0,0,0,0,0,0x08018044
1777258650.385,100395,4,6,GNSS,255,BROADCAST,0,HEARTBEAT,48,HEARTBEAT,0,0,0,0,0,0,0x1001BFC0
1777258650.655,100662,2,6,GNSS,1,CDH,4,TELEMETRY,2,TELEMETRY_0x02,0,0,0,0,0,0,0x08018044
1777258650.655,100663,4,6,GNSS,1,CDH,3,CMD_RESP,97,CMD_RESP_0x61,1,0,0,0,0,0,0x10018043
1777258651.383,101392,4,6,GNSS,255,BROADCAST,0,HEARTBEAT,48,HEARTBEAT,0,0,0,0,0,0,0x1001BFC0
1777258652.379,102389,4,6,GNSS,255,BROADCAST,0,HEARTBEAT,48,HEARTBEAT,0,0,0,0,0,0,0x1001BFC0
1777258653.394,103386,4,6,GNSS,255,BROADCAST,0,HEARTBEAT,48,HEARTBEAT,0,0,0,0,0,0,0x1001BFC0
1777258654.373,104383,4,6,GNSS,255,BROADCAST,0,HEARTBEAT,48,HEARTBEAT,0,0,0,0,0,0,0x1001BFC0
1777258654.375,104384,4,6,GNSS,1,CDH,10,HEALTH,1,HEALTH_0x01,0,0,0,0,1,1,0x1001804A
1777258654.375,104386,2,6,GNSS,1,CDH,4,TELEMETRY,2,TELEMETRY_0x02,0,0,0,0,0,0,0x08018044
1777258655.372,105382,4,6,GNSS,255,BROADCAST,0,HEARTBEAT,48,HEARTBEAT,0,0,0,0,0,0,0x1001BFC0
1777258655.650,105640,2,6,GNSS,1,CDH,4,TELEMETRY,2,TELEMETRY_0x02,0,0,0,0,0,0,0x08018044
1777258655.650,105642,4,6,GNSS,1,CDH,3,CMD_RESP,97,CMD_RESP_0x61,1,0,0,0,0,0,0x10018043
1777258656.369,106379,4,6,GNSS,255,BROADCAST,0,HEARTBEAT,48,HEARTBEAT,0,0,0,0,0,0,0x1001BFC0
1777258657.394,107376,4,6,GNSS,255,BROADCAST,0,HEARTBEAT,48,HEARTBEAT,0,0,0,0,0,0,0x1001BFC0
1777258658.363,108373,4,6,GNSS,255,BROADCAST,0,HEARTBEAT,48,HEARTBEAT,0,0,0,0,0,0,0x1001BFC0
1777258659.362,109371,4,6,GNSS,255,BROADCAST,0,HEARTBEAT,48,HEARTBEAT,0,0,0,0,0,0,0x1001BFC0
1777258659.363,109372,4,6,GNSS,1,CDH,10,HEALTH,1,HEALTH_0x01,0,0,0,0,1,1,0x1001804A
1777258659.363,109373,2,6,GNSS,1,CDH,4,TELEMETRY,2,TELEMETRY_0x02,0,0,0,0,0,0,0x08018044
1777258660.370,110369,4,6,GNSS,255,BROADCAST,0,HEARTBEAT,48,HEARTBEAT,0,0,0,0,0,0,0x1001BFC0
1777258660.610,110619,2,6,GNSS,1,CDH,4,TELEMETRY,2,TELEMETRY_0x02,0,0,0,0,0,0,0x08018044
1777258660.612,110620,4,6,GNSS,1,CDH,3,CMD_RESP,97,CMD_RESP_0x61,1,0,0,0,0,0,0x10018043
1777258661.378,111366,4,6,GNSS,255,BROADCAST,0,HEARTBEAT,48,HEARTBEAT,0,0,0,0,0,0,0x1001BFC0
1777258662.354,112363,4,6,GNSS,255,BROADCAST,0,HEARTBEAT,48,HEARTBEAT,0,0,0,0,0,0,0x1001BFC0
1777258663.352,113361,4,6,GNSS,255,BROADCAST,0,HEARTBEAT,48,HEARTBEAT,0,0,0,0,0,0,0x1001BFC0
1777258664.357,114358,4,6,GNSS,255,BROADCAST,0,HEARTBEAT,48,HEARTBEAT,0,0,0,0,0,0,0x1001BFC0
1777258664.357,114359,4,6,GNSS,1,CDH,10,HEALTH,1,HEALTH_0x01,0,0,0,0,1,1,0x1001804A
1777258664.357,114360,2,6,GNSS,1,CDH,4,TELEMETRY,2,TELEMETRY_0x02,0,0,0,0,0,0,0x08018044
1777258665.372,115356,4,6,GNSS,255,BROADCAST,0,HEARTBEAT,48,HEARTBEAT,0,0,0,0,0,0,0x1001BFC0
1777258665.589,115597,2,6,GNSS,1,CDH,4,TELEMETRY,2,TELEMETRY_0x02,0,0,0,0,0,0,0x08018044
1777258665.589,115598,4,6,GNSS,1,CDH,3,CMD_RESP,97,CMD_RESP_0x61,1,0,0,0,0,0,0x10018043
1777258666.344,116353,4,6,GNSS,255,BROADCAST,0,HEARTBEAT,48,HEARTBEAT,0,0,0,0,0,0,0x1001BFC0
1777258667.341,117350,4,6,GNSS,255,BROADCAST,0,HEARTBEAT,48,HEARTBEAT,0,0,0,0,0,0,0x1001BFC0
1777258668.349,118348,4,6,GNSS,255,BROADCAST,0,HEARTBEAT,48,HEARTBEAT,0,0,0,0,0,0,0x1001BFC0
1777258669.375,119345,4,6,GNSS,255,BROADCAST,0,HEARTBEAT,48,HEARTBEAT,0,0,0,0,0,0,0x1001BFC0
1777258669.375,119346,4,6,GNSS,1,CDH,10,HEALTH,1,HEALTH_0x01,0,0,0,0,1,1,0x1001804A
1777258669.375,119347,2,6,GNSS,1,CDH,4,TELEMETRY,2,TELEMETRY_0x02,0,0,0,0,0,0,0x08018044
1777258670.334,120343,4,6,GNSS,255,BROADCAST,0,HEARTBEAT,48,HEARTBEAT,0,0,0,0,0,0,0x1001BFC0
1777258670.601,120575,2,6,GNSS,1,CDH,4,TELEMETRY,2,TELEMETRY_0x02,0,0,0,0,0,0,0x08018044
1777258670.601,120577,4,6,GNSS,1,CDH,3,CMD_RESP,97,CMD_RESP_0x61,1,0,0,0,0,0,0x10018043
1777258671.331,121340,4,6,GNSS,255,BROADCAST,0,HEARTBEAT,48,HEARTBEAT,0,0,0,0,0,0,0x1001BFC0
1777258672.344,122338,4,6,GNSS,255,BROADCAST,0,HEARTBEAT,48,HEARTBEAT,0,0,0,0,0,0,0x1001BFC0
1777258673.362,123335,4,6,GNSS,255,BROADCAST,0,HEARTBEAT,48,HEARTBEAT,0,0,0,0,0,0,0x1001BFC0
1777258674.324,124332,4,6,GNSS,255,BROADCAST,0,HEARTBEAT,48,HEARTBEAT,0,0,0,0,0,0,0x1001BFC0
1777258674.324,124333,4,6,GNSS,1,CDH,10,HEALTH,1,HEALTH_0x01,0,0,0,0,1,1,0x1001804A
1777258674.325,124335,2,6,GNSS,1,CDH,4,TELEMETRY,2,TELEMETRY_0x02,0,0,0,0,0,0,0x08018044
1777258675.321,125331,4,6,GNSS,255,BROADCAST,0,HEARTBEAT,48,HEARTBEAT,0,0,0,0,0,0,0x1001BFC0
1777258675.546,125554,2,6,GNSS,1,CDH,4,TELEMETRY,2,TELEMETRY_0x02,0,0,0,0,0,0,0x08018044
1777258675.546,125555,4,6,GNSS,1,CDH,3,CMD_RESP,97,CMD_RESP_0x61,1,0,0,0,0,0,0x10018043
1777258676.346,126328,4,6,GNSS,255,BROADCAST,0,HEARTBEAT,48,HEARTBEAT,0,0,0,0,0,0,0x1001BFC0
1777258677.316,127325,4,6,GNSS,255,BROADCAST,0,HEARTBEAT,48,HEARTBEAT,0,0,0,0,0,0,0x1001BFC0
1777258678.316,128322,4,6,GNSS,255,BROADCAST,0,HEARTBEAT,48,HEARTBEAT,0,0,0,0,0,0,0x1001BFC0
1777258679.311,129320,4,6,GNSS,255,BROADCAST,0,HEARTBEAT,48,HEARTBEAT,0,0,0,0,0,0,0x1001BFC0
1777258679.312,129321,4,6,GNSS,1,CDH,10,HEALTH,1,HEALTH_0x01,0,0,0,0,1,1,0x1001804A
1777258679.312,129322,2,6,GNSS,1,CDH,4,TELEMETRY,2,TELEMETRY_0x02,0,0,0,0,0,0,0x08018044
1777258680.332,130318,4,6,GNSS,255,BROADCAST,0,HEARTBEAT,48,HEARTBEAT,0,0,0,0,0,0,0x1001BFC0
1777258680.540,130532,2,6,GNSS,1,CDH,4,TELEMETRY,2,TELEMETRY_0x02,0,0,0,0,0,0,0x08018044
1777258680.540,130533,4,6,GNSS,1,CDH,3,CMD_RESP,97,CMD_RESP_0x61,1,0,0,0,0,0,0x10018043
1777258681.313,131315,4,6,GNSS,255,BROADCAST,0,HEARTBEAT,48,HEARTBEAT,0,0,0,0,0,0,0x1001BFC0
1777258682.303,132313,4,6,GNSS,255,BROADCAST,0,HEARTBEAT,48,HEARTBEAT,0,0,0,0,0,0,0x1001BFC0
1777258683.303,133310,4,6,GNSS,255,BROADCAST,0,HEARTBEAT,48,HEARTBEAT,0,0,0,0,0,0,0x1001BFC0
1777258684.327,134307,4,6,GNSS,255,BROADCAST,0,HEARTBEAT,48,HEARTBEAT,0,0,0,0,0,0,0x1001BFC0
1777258684.327,134308,4,6,GNSS,1,CDH,10,HEALTH,1,HEALTH_0x01,0,0,0,0,1,1,0x1001804A
1777258684.327,134309,2,6,GNSS,1,CDH,4,TELEMETRY,2,TELEMETRY_0x02,0,0,0,0,0,0,0x08018044
1777258685.296,135305,4,6,GNSS,255,BROADCAST,0,HEARTBEAT,48,HEARTBEAT,0,0,0,0,0,0,0x1001BFC0
1777258685.502,135510,2,6,GNSS,1,CDH,4,TELEMETRY,2,TELEMETRY_0x02,0,0,0,0,0,0,0x08018044
1777258685.505,135512,4,6,GNSS,1,CDH,3,CMD_RESP,97,CMD_RESP_0x61,1,0,0,0,0,0,0x10018043
1777258686.294,136303,4,6,GNSS,255,BROADCAST,0,HEARTBEAT,48,HEARTBEAT,0,0,0,0,0,0,0x1001BFC0
1777258687.295,137300,4,6,GNSS,255,BROADCAST,0,HEARTBEAT,48,HEARTBEAT,0,0,0,0,0,0,0x1001BFC0
1777258688.318,138297,4,6,GNSS,255,BROADCAST,0,HEARTBEAT,48,HEARTBEAT,0,0,0,0,0,0,0x1001BFC0
1777258689.286,139294,4,6,GNSS,255,BROADCAST,0,HEARTBEAT,48,HEARTBEAT,0,0,0,0,0,0,0x1001BFC0
1777258689.287,139295,4,6,GNSS,1,CDH,10,HEALTH,1,HEALTH_0x01,0,0,0,0,1,1,0x1001804A
1777258689.287,139296,2,6,GNSS,1,CDH,4,TELEMETRY,2,TELEMETRY_0x02,0,0,0,0,0,0,0x08018044
1777258690.283,140292,4,6,GNSS,255,BROADCAST,0,HEARTBEAT,48,HEARTBEAT,0,0,0,0,0,0,0x1001BFC0
1777258690.481,140490,2,6,GNSS,1,CDH,4,TELEMETRY,2,TELEMETRY_0x02,0,0,0,0,0,0,0x08018044
1777258690.481,140491,4,6,GNSS,1,CDH,3,CMD_RESP,97,CMD_RESP_0x61,1,0,0,0,0,0,0x10018043
1777258691.286,141290,4,6,GNSS,255,BROADCAST,0,HEARTBEAT,48,HEARTBEAT,0,0,0,0,0,0,0x1001BFC0
1777258692.305,142287,4,6,GNSS,255,BROADCAST,0,HEARTBEAT,48,HEARTBEAT,0,0,0,0,0,0,0x1001BFC0
1777258693.275,143284,4,6,GNSS,255,BROADCAST,0,HEARTBEAT,48,HEARTBEAT,0,0,0,0,0,0,0x1001BFC0
1777258694.273,144281,4,6,GNSS,255,BROADCAST,0,HEARTBEAT,48,HEARTBEAT,0,0,0,0,0,0,0x1001BFC0
1777258694.273,144282,4,6,GNSS,1,CDH,10,HEALTH,1,HEALTH_0x01,0,0,0,0,1,1,0x1001804A
1777258694.274,144283,2,6,GNSS,1,CDH,4,TELEMETRY,2,TELEMETRY_0x02,0,0,0,0,0,0,0x08018044
1777258695.285,145279,4,6,GNSS,255,BROADCAST,0,HEARTBEAT,48,HEARTBEAT,0,0,0,0,0,0,0x1001BFC0
1777258695.488,145471,2,6,GNSS,1,CDH,4,TELEMETRY,2,TELEMETRY_0x02,0,0,0,0,0,0,0x08018044
1777258695.488,145472,4,6,GNSS,1,CDH,3,CMD_RESP,97,CMD_RESP_0x61,1,0,0,0,0,0,0x10018043
1777258696.293,146276,4,6,GNSS,255,BROADCAST,0,HEARTBEAT,48,HEARTBEAT,0,0,0,0,0,0,0x1001BFC0
1777258697.265,147274,4,6,GNSS,255,BROADCAST,0,HEARTBEAT,48,HEARTBEAT,0,0,0,0,0,0,0x1001BFC0
1777258698.262,148271,4,6,GNSS,255,BROADCAST,0,HEARTBEAT,48,HEARTBEAT,0,0,0,0,0,0,0x1001BFC0
1777258699.277,149268,4,6,GNSS,255,BROADCAST,0,HEARTBEAT,48,HEARTBEAT,0,0,0,0,0,0,0x1001BFC0
1777258699.277,149269,4,6,GNSS,1,CDH,10,HEALTH,1,HEALTH_0x01,0,0,0,0,1,1,0x1001804A
1777258699.277,149270,2,6,GNSS,1,CDH,4,TELEMETRY,2,TELEMETRY_0x02,0,0,0,0,0,0,0x08018044
1777258700.293,150266,4,6,GNSS,255,BROADCAST,0,HEARTBEAT,48,HEARTBEAT,0,0,0,0,0,0,0x1001BFC0
1777258700.499,150448,2,6,GNSS,1,CDH,4,TELEMETRY,2,TELEMETRY_0x02,0,0,0,0,0,0,0x08018044
1777258700.499,150449,4,6,GNSS,1,CDH,3,CMD_RESP,97,CMD_RESP_0x61,1,0,0,0,0,0,0x10018043
1777258701.255,151263,4,6,GNSS,255,BROADCAST,0,HEARTBEAT,48,HEARTBEAT,0,0,0,0,0,0,0x1001BFC0
1777258702.264,152260,4,6,GNSS,255,BROADCAST,0,HEARTBEAT,48,HEARTBEAT,0,0,0,0,0,0,0x1001BFC0
1777258703.270,153258,4,6,GNSS,255,BROADCAST,0,HEARTBEAT,48,HEARTBEAT,0,0,0,0,0,0,0x1001BFC0
1777258704.246,154255,4,6,GNSS,255,BROADCAST,0,HEARTBEAT,48,HEARTBEAT,0,0,0,0,0,0,0x1001BFC0
1777258704.247,154256,4,6,GNSS,1,CDH,10,HEALTH,1,HEALTH_0x01,0,0,0,0,1,1,0x1001804A
1777258704.249,154257,2,6,GNSS,1,CDH,4,TELEMETRY,2,TELEMETRY_0x02,0,0,0,0,0,0,0x08018044
1777258705.245,155253,4,6,GNSS,255,BROADCAST,0,HEARTBEAT,48,HEARTBEAT,0,0,0,0,0,0,0x1001BFC0
1777258705.422,155426,2,6,GNSS,1,CDH,4,TELEMETRY,2,TELEMETRY_0x02,0,0,0,0,0,0,0x08018044
1777258705.422,155428,4,6,GNSS,1,CDH,3,CMD_RESP,97,CMD_RESP_0x61,1,0,0,0,0,0,0x10018043
1777258706.241,156250,4,6,GNSS,255,BROADCAST,0,HEARTBEAT,48,HEARTBEAT,0,0,0,0,0,0,0x1001BFC0
1777258707.260,157247,4,6,GNSS,255,BROADCAST,0,HEARTBEAT,48,HEARTBEAT,0,0,0,0,0,0,0x1001BFC0
1777258708.244,158245,4,6,GNSS,255,BROADCAST,0,HEARTBEAT,48,HEARTBEAT,0,0,0,0,0,0,0x1001BFC0
1777258709.236,159242,4,6,GNSS,255,BROADCAST,0,HEARTBEAT,48,HEARTBEAT,0,0,0,0,0,0,0x1001BFC0
1777258709.236,159243,4,6,GNSS,1,CDH,10,HEALTH,1,HEALTH_0x01,0,0,0,0,1,1,0x1001804A
1777258709.236,159244,2,6,GNSS,1,CDH,4,TELEMETRY,2,TELEMETRY_0x02,0,0,0,0,0,0,0x08018044
1777258710.233,160240,4,6,GNSS,255,BROADCAST,0,HEARTBEAT,48,HEARTBEAT,0,0,0,0,0,0,0x1001BFC0
1777258710.440,160405,2,6,GNSS,1,CDH,4,TELEMETRY,2,TELEMETRY_0x02,0,0,0,0,0,0,0x08018044
1777258710.440,160406,4,6,GNSS,1,CDH,3,CMD_RESP,97,CMD_RESP_0x61,1,0,0,0,0,0,0x10018043
1777258711.248,161238,4,6,GNSS,255,BROADCAST,0,HEARTBEAT,48,HEARTBEAT,0,0,0,0,0,0,0x1001BFC0
1777258712.226,162235,4,6,GNSS,255,BROADCAST,0,HEARTBEAT,48,HEARTBEAT,0,0,0,0,0,0,0x1001BFC0
1777258713.224,163232,4,6,GNSS,255,BROADCAST,0,HEARTBEAT,48,HEARTBEAT,0,0,0,0,0,0,0x1001BFC0
1777258714.229,164229,4,6,GNSS,255,BROADCAST,0,HEARTBEAT,48,HEARTBEAT,0,0,0,0,0,0,0x1001BFC0
1777258714.230,164230,4,6,GNSS,1,CDH,10,HEALTH,1,HEALTH_0x01,0,0,0,0,1,1,0x1001804A
1777258714.230,164231,2,6,GNSS,1,CDH,4,TELEMETRY,2,TELEMETRY_0x02,0,0,0,0,0,0,0x08018044
1777258715.240,165228,4,6,GNSS,255,BROADCAST,0,HEARTBEAT,48,HEARTBEAT,0,0,0,0,0,0,0x1001BFC0
1777258715.376,165384,2,6,GNSS,1,CDH,4,TELEMETRY,2,TELEMETRY_0x02,0,0,0,0,0,0,0x08018044
1777258715.376,165385,4,6,GNSS,1,CDH,3,CMD_RESP,97,CMD_RESP_0x61,1,0,0,0,0,0,0x10018043
1777258716.216,166225,4,6,GNSS,255,BROADCAST,0,HEARTBEAT,48,HEARTBEAT,0,0,0,0,0,0,0x1001BFC0
1777258717.214,167222,4,6,GNSS,255,BROADCAST,0,HEARTBEAT,48,HEARTBEAT,0,0,0,0,0,0,0x1001BFC0
1777258718.217,168219,4,6,GNSS,255,BROADCAST,0,HEARTBEAT,48,HEARTBEAT,0,0,0,0,0,0,0x1001BFC0
1777258719.246,169217,4,6,GNSS,255,BROADCAST,0,HEARTBEAT,48,HEARTBEAT,0,0,0,0,0,0,0x1001BFC0
1777258719.246,169218,4,6,GNSS,1,CDH,10,HEALTH,1,HEALTH_0x01,0,0,0,0,1,1,0x1001804A
1777258719.248,169219,2,6,GNSS,1,CDH,4,TELEMETRY,2,TELEMETRY_0x02,0,0,0,0,0,0,0x08018044
1777258720.206,170215,4,6,GNSS,255,BROADCAST,0,HEARTBEAT,48,HEARTBEAT,0,0,0,0,0,0,0x1001BFC0
1777258720.370,170363,2,6,GNSS,1,CDH,4,TELEMETRY,2,TELEMETRY_0x02,0,0,0,0,0,0,0x08018044
1777258720.370,170364,4,6,GNSS,1,CDH,3,CMD_RESP,97,CMD_RESP_0x61,1,0,0,0,0,0,0x10018043
1777258721.204,171213,4,6,GNSS,255,BROADCAST,0,HEARTBEAT,48,HEARTBEAT,0,0,0,0,0,0,0x1001BFC0
1777258722.215,172210,4,6,GNSS,255,BROADCAST,0,HEARTBEAT,48,HEARTBEAT,0,0,0,0,0,0,0x1001BFC0
1777258723.239,173207,4,6,GNSS,255,BROADCAST,0,HEARTBEAT,48,HEARTBEAT,0,0,0,0,0,0,0x1001BFC0
1777258724.196,174204,4,6,GNSS,255,BROADCAST,0,HEARTBEAT,48,HEARTBEAT,0,0,0,0,0,0,0x1001BFC0
1777258724.197,174205,4,6,GNSS,1,CDH,10,HEALTH,1,HEALTH_0x01,0,0,0,0,1,1,0x1001804A
1777258724.197,174206,2,6,GNSS,1,CDH,4,TELEMETRY,2,TELEMETRY_0x02,0,0,0,0,0,0,0x08018044
1777258725.194,175203,4,6,GNSS,255,BROADCAST,0,HEARTBEAT,48,HEARTBEAT,0,0,0,0,0,0,0x1001BFC0
1777258725.342,175342,2,6,GNSS,1,CDH,4,TELEMETRY,2,TELEMETRY_0x02,0,0,0,0,0,0,0x08018044
1777258725.342,175344,4,6,GNSS,1,CDH,3,CMD_RESP,97,CMD_RESP_0x61,1,0,0,0,0,0,0x10018043
1777258726.207,176200,4,6,GNSS,255,BROADCAST,0,HEARTBEAT,48,HEARTBEAT,0,0,0,0,0,0,0x1001BFC0
1777258727.246,177197,4,6,GNSS,255,BROADCAST,0,HEARTBEAT,48,HEARTBEAT,0,0,0,0,0,0,0x1001BFC0
1777258728.188,178194,4,6,GNSS,255,BROADCAST,0,HEARTBEAT,48,HEARTBEAT,0,0,0,0,0,0,0x1001BFC0
1777258729.188,179191,4,6,GNSS,255,BROADCAST,0,HEARTBEAT,48,HEARTBEAT,0,0,0,0,0,0,0x1001BFC0
1777258729.188,179192,4,6,GNSS,1,CDH,10,HEALTH,1,HEALTH_0x01,0,0,0,0,1,1,0x1001804A
1777258729.188,179194,2,6,GNSS,1,CDH,4,TELEMETRY,2,TELEMETRY_0x02,0,0,0,0,0,0,0x08018044
1777258730.203,180190,4,6,GNSS,255,BROADCAST,0,HEARTBEAT,48,HEARTBEAT,0,0,0,0,0,0,0x1001BFC0
1777258730.321,180320,2,6,GNSS,1,CDH,4,TELEMETRY,2,TELEMETRY_0x02,0,0,0,0,0,0,0x08018044
1777258730.321,180321,4,6,GNSS,1,CDH,3,CMD_RESP,97,CMD_RESP_0x61,1,0,0,0,0,0,0x10018043
1777258731.179,181187,4,6,GNSS,255,BROADCAST,0,HEARTBEAT,48,HEARTBEAT,0,0,0,0,0,0,0x1001BFC0
1777258732.176,182184,4,6,GNSS,255,BROADCAST,0,HEARTBEAT,48,HEARTBEAT,0,0,0,0,0,0,0x1001BFC0
1777258733.173,183182,4,6,GNSS,255,BROADCAST,0,HEARTBEAT,48,HEARTBEAT,0,0,0,0,0,0,0x1001BFC0
1777258734.199,184179,4,6,GNSS,255,BROADCAST,0,HEARTBEAT,48,HEARTBEAT,0,0,0,0,0,0,0x1001BFC0
1777258734.199,184180,4,6,GNSS,1,CDH,10,HEALTH,1,HEALTH_0x01,0,0,0,0,1,1,0x1001804A
1777258734.199,184181,2,6,GNSS,1,CDH,4,TELEMETRY,2,TELEMETRY_0x02,0,0,0,0,0,0,0x08018044
1777258735.168,185177,4,6,GNSS,255,BROADCAST,0,HEARTBEAT,48,HEARTBEAT,0,0,0,0,0,0,0x1001BFC0
1777258735.314,185298,2,6,GNSS,1,CDH,4,TELEMETRY,2,TELEMETRY_0x02,0,0,0,0,0,0,0x08018044
1777258735.314,185299,4,6,GNSS,1,CDH,3,CMD_RESP,97,CMD_RESP_0x61,1,0,0,0,0,0,0x10018043
1777258736.180,186175,4,6,GNSS,255,BROADCAST,0,HEARTBEAT,48,HEARTBEAT,0,0,0,0,0,0,0x1001BFC0
1777258737.164,187172,4,6,GNSS,255,BROADCAST,0,HEARTBEAT,48,HEARTBEAT,0,0,0,0,0,0,0x1001BFC0
1777258738.190,188171,4,6,GNSS,255,BROADCAST,0,HEARTBEAT,48,HEARTBEAT,0,0,0,0,0,0,0x1001BFC0
1777258739.167,189167,4,6,GNSS,255,BROADCAST,0,HEARTBEAT,48,HEARTBEAT,0,0,0,0,0,0,0x1001BFC0
1777258739.167,189168,4,6,GNSS,1,CDH,10,HEALTH,1,HEALTH_0x01,0,0,0,0,1,1,0x1001804A
1777258739.167,189169,2,6,GNSS,1,CDH,4,TELEMETRY,2,TELEMETRY_0x02,0,0,0,0,0,0,0x08018044
1777258740.156,190165,4,6,GNSS,255,BROADCAST,0,HEARTBEAT,48,HEARTBEAT,0,0,0,0,0,0,0x1001BFC0
1777258740.272,190278,2,6,GNSS,1,CDH,4,TELEMETRY,2,TELEMETRY_0x02,0,0,0,0,0,0,0x08018044
1777258740.272,190279,4,6,GNSS,1,CDH,3,CMD_RESP,97,CMD_RESP_0x61,1,0,0,0,0,0,0x10018043
1777258741.160,191162,4,6,GNSS,255,BROADCAST,0,HEARTBEAT,48,HEARTBEAT,0,0,0,0,0,0,0x1001BFC0
1777258742.181,192159,4,6,GNSS,255,BROADCAST,0,HEARTBEAT,48,HEARTBEAT,0,0,0,0,0,0,0x1001BFC0
1777258743.150,193157,4,6,GNSS,255,BROADCAST,0,HEARTBEAT,48,HEARTBEAT,0,0,0,0,0,0,0x1001BFC0
1777258744.146,194154,4,6,GNSS,255,BROADCAST,0,HEARTBEAT,48,HEARTBEAT,0,0,0,0,0,0,0x1001BFC0
1777258744.147,194155,4,6,GNSS,1,CDH,10,HEALTH,1,HEALTH_0x01,0,0,0,0,1,1,0x1001804A
1777258744.148,194156,2,6,GNSS,1,CDH,4,TELEMETRY,2,TELEMETRY_0x02,0,0,0,0,0,0,0x08018044
1777258745.145,195152,4,6,GNSS,255,BROADCAST,0,HEARTBEAT,48,HEARTBEAT,0,0,0,0,0,0,0x1001BFC0
1777258745.257,195254,2,6,GNSS,1,CDH,4,TELEMETRY,2,TELEMETRY_0x02,0,0,0,0,0,0,0x08018044
1777258745.257,195255,4,6,GNSS,1,CDH,3,CMD_RESP,97,CMD_RESP_0x61,1,0,0,0,0,0,0x10018043
1777258746.174,196150,4,6,GNSS,255,BROADCAST,0,HEARTBEAT,48,HEARTBEAT,0,0,0,0,0,0,0x1001BFC0
1777258747.139,197147,4,6,GNSS,255,BROADCAST,0,HEARTBEAT,48,HEARTBEAT,0,0,0,0,0,0,0x1001BFC0
1777258748.136,198144,4,6,GNSS,255,BROADCAST,0,HEARTBEAT,48,HEARTBEAT,0,0,0,0,0,0,0x1001BFC0
1777258749.141,199141,4,6,GNSS,255,BROADCAST,0,HEARTBEAT,48,HEARTBEAT,0,0,0,0,0,0,0x1001BFC0
1777258749.141,199143,4,6,GNSS,1,CDH,10,HEALTH,1,HEALTH_0x01,0,0,0,0,1,1,0x1001804A
1777258749.141,199144,2,6,GNSS,1,CDH,4,TELEMETRY,2,TELEMETRY_0x02,0,0,0,0,0,0,0x08018044
1777258750.156,200140,4,6,GNSS,255,BROADCAST,0,HEARTBEAT,48,HEARTBEAT,0,0,0,0,0,0,0x1001BFC0
1777258750.236,200232,2,6,GNSS,1,CDH,4,TELEMETRY,2,TELEMETRY_0x02,0,0,0,0,0,0,0x08018044
1777258750.236,200234,4,6,GNSS,1,CDH,3,CMD_RESP,97,CMD_RESP_0x61,1,0,0,0,0,0,0x10018043
1777258751.129,201137,4,6,GNSS,255,BROADCAST,0,HEARTBEAT,48,HEARTBEAT,0,0,0,0,0,0,0x1001BFC0
1777258752.139,202135,4,6,GNSS,255,BROADCAST,0,HEARTBEAT,48,HEARTBEAT,0,0,0,0,0,0,0x1001BFC0
1777258753.147,203132,4,6,GNSS,255,BROADCAST,0,HEARTBEAT,48,HEARTBEAT,0,0,0,0,0,0,0x1001BFC0
1777258754.168,204129,4,6,GNSS,255,BROADCAST,0,HEARTBEAT,48,HEARTBEAT,0,0,0,0,0,0,0x1001BFC0
1777258754.169,204130,4,6,GNSS,1,CDH,10,HEALTH,1,HEALTH_0x01,0,0,0,0,1,1,0x1001804A
1777258754.169,204131,2,6,GNSS,1,CDH,4,TELEMETRY,2,TELEMETRY_0x02,0,0,0,0,0,0,0x08018044
1777258755.122,205128,4,6,GNSS,255,BROADCAST,0,HEARTBEAT,48,HEARTBEAT,0,0,0,0,0,0,0x1001BFC0
1777258755.203,205211,2,6,GNSS,1,CDH,4,TELEMETRY,2,TELEMETRY_0x02,0,0,0,0,0,0,0x08018044
1777258755.204,205212,4,6,GNSS,1,CDH,3,CMD_RESP,97,CMD_RESP_0x61,1,0,0,0,0,0,0x10018043
1777258756.117,206125,4,6,GNSS,255,BROADCAST,0,HEARTBEAT,48,HEARTBEAT,0,0,0,0,0,0,0x1001BFC0
1777258757.131,207122,4,6,GNSS,255,BROADCAST,0,HEARTBEAT,48,HEARTBEAT,0,0,0,0,0,0,0x1001BFC0
1777258758.112,208119,4,6,GNSS,255,BROADCAST,0,HEARTBEAT,48,HEARTBEAT,0,0,0,0,0,0,0x1001BFC0
1777258759.120,209117,4,6,GNSS,255,BROADCAST,0,HEARTBEAT,48,HEARTBEAT,0,0,0,0,0,0,0x1001BFC0
1777258759.120,209118,4,6,GNSS,1,CDH,10,HEALTH,1,HEALTH_0x01,0,0,0,0,1,1,0x1001804A
1777258759.120,209119,2,6,GNSS,1,CDH,4,TELEMETRY,2,TELEMETRY_0x02,0,0,0,0,0,0,0x08018044
1777258760.108,210115,4,6,GNSS,255,BROADCAST,0,HEARTBEAT,48,HEARTBEAT,0,0,0,0,0,0,0x1001BFC0
1777258760.197,210189,2,6,GNSS,1,CDH,4,TELEMETRY,2,TELEMETRY_0x02,0,0,0,0,0,0,0x08018044
1777258760.197,210190,4,6,GNSS,1,CDH,3,CMD_RESP,97,CMD_RESP_0x61,1,0,0,0,0,0,0x10018043
1777258761.114,211112,4,6,GNSS,255,BROADCAST,0,HEARTBEAT,48,HEARTBEAT,0,0,0,0,0,0,0x1001BFC0
1777258762.102,212110,4,6,GNSS,255,BROADCAST,0,HEARTBEAT,48,HEARTBEAT,0,0,0,0,0,0,0x1001BFC0
1777258763.099,213107,4,6,GNSS,255,BROADCAST,0,HEARTBEAT,48,HEARTBEAT,0,0,0,0,0,0,0x1001BFC0
1777258764.098,214104,4,6,GNSS,255,BROADCAST,0,HEARTBEAT,48,HEARTBEAT,0,0,0,0,0,0,0x1001BFC0
1777258764.098,214105,4,6,GNSS,1,CDH,10,HEALTH,1,HEALTH_0x01,0,0,0,0,1,1,0x1001804A
1777258764.098,214106,2,6,GNSS,1,CDH,4,TELEMETRY,2,TELEMETRY_0x02,0,0,0,0,0,0,0x08018044
1777258765.120,215103,4,6,GNSS,255,BROADCAST,0,HEARTBEAT,48,HEARTBEAT,0,0,0,0,0,0,0x1001BFC0
1777258765.159,215167,2,6,GNSS,1,CDH,4,TELEMETRY,2,TELEMETRY_0x02,0,0,0,0,0,0,0x08018044
1777258765.160,215168,4,6,GNSS,1,CDH,3,CMD_RESP,97,CMD_RESP_0x61,1,0,0,0,0,0,0x10018043
1777258766.093,216100,4,6,GNSS,255,BROADCAST,0,HEARTBEAT,48,HEARTBEAT,0,0,0,0,0,0,0x1001BFC0
1777258767.105,217097,4,6,GNSS,255,BROADCAST,0,HEARTBEAT,48,HEARTBEAT,0,0,0,0,0,0,0x1001BFC0
1777258768.090,218094,4,6,GNSS,255,BROADCAST,0,HEARTBEAT,48,HEARTBEAT,0,0,0,0,0,0,0x1001BFC0
1777258769.116,219091,4,6,GNSS,255,BROADCAST,0,HEARTBEAT,48,HEARTBEAT,0,0,0,0,0,0,0x1001BFC0
1777258769.116,219094,4,6,GNSS,1,CDH,10,HEALTH,1,HEALTH_0x01,0,0,0,0,1,1,0x1001804A
1777258769.116,219095,2,6,GNSS,1,CDH,4,TELEMETRY,2,TELEMETRY_0x02,0,0,0,0,0,0,0x08018044
1777258770.083,220090,4,6,GNSS,255,BROADCAST,0,HEARTBEAT,48,HEARTBEAT,0,0,0,0,0,0,0x1001BFC0
1777258770.140,220148,2,6,GNSS,1,CDH,4,TELEMETRY,2,TELEMETRY_0x02,0,0,0,0,0,0,0x08018044
1777258770.141,220149,4,6,GNSS,1,CDH,3,CMD_RESP,97,CMD_RESP_0x61,1,0,0,0,0,0,0x10018043
1777258771.079,221087,4,6,GNSS,255,BROADCAST,0,HEARTBEAT,48,HEARTBEAT,0,0,0,0,0,0,0x1001BFC0
1777258772.078,222084,4,6,GNSS,255,BROADCAST,0,HEARTBEAT,48,HEARTBEAT,0,0,0,0,0,0,0x1001BFC0
1777258773.108,223082,4,6,GNSS,255,BROADCAST,0,HEARTBEAT,48,HEARTBEAT,0,0,0,0,0,0,0x1001BFC0
1777258774.080,224079,4,6,GNSS,255,BROADCAST,0,HEARTBEAT,48,HEARTBEAT,0,0,0,0,0,0,0x1001BFC0
1777258774.080,224080,4,6,GNSS,1,CDH,10,HEALTH,1,HEALTH_0x01,0,0,0,0,1,1,0x1001804A
1777258774.080,224081,2,6,GNSS,1,CDH,4,TELEMETRY,2,TELEMETRY_0x02,0,0,0,0,0,0,0x08018044
1777258775.069,225077,4,6,GNSS,255,BROADCAST,0,HEARTBEAT,48,HEARTBEAT,0,0,0,0,0,0,0x1001BFC0
1777258775.158,225124,2,6,GNSS,1,CDH,4,TELEMETRY,2,TELEMETRY_0x02,0,0,0,0,0,0,0x08018044
1777258775.158,225125,4,6,GNSS,1,CDH,3,CMD_RESP,97,CMD_RESP_0x61,1,0,0,0,0,0,0x10018043
1777258776.079,226074,4,6,GNSS,255,BROADCAST,0,HEARTBEAT,48,HEARTBEAT,0,0,0,0,0,0,0x1001BFC0
1777258777.105,227072,4,6,GNSS,255,BROADCAST,0,HEARTBEAT,48,HEARTBEAT,0,0,0,0,0,0,0x1001BFC0
1777258778.061,228069,4,6,GNSS,255,BROADCAST,0,HEARTBEAT,48,HEARTBEAT,0,0,0,0,0,0,0x1001BFC0
1777258779.059,229066,4,6,GNSS,255,BROADCAST,0,HEARTBEAT,48,HEARTBEAT,0,0,0,0,0,0,0x1001BFC0
1777258779.060,229067,4,6,GNSS,1,CDH,10,HEALTH,1,HEALTH_0x01,0,0,0,0,1,1,0x1001804A
1777258779.060,229068,2,6,GNSS,1,CDH,4,TELEMETRY,2,TELEMETRY_0x02,0,0,0,0,0,0,0x08018044
1777258780.073,230064,4,6,GNSS,255,BROADCAST,0,HEARTBEAT,48,HEARTBEAT,0,0,0,0,0,0,0x1001BFC0
1777258780.095,230102,2,6,GNSS,1,CDH,4,TELEMETRY,2,TELEMETRY_0x02,0,0,0,0,0,0,0x08018044
1777258780.099,230104,4,6,GNSS,1,CDH,3,CMD_RESP,97,CMD_RESP_0x61,1,0,0,0,0,0,0x10018043
1777258781.101,231062,4,6,GNSS,255,BROADCAST,0,HEARTBEAT,48,HEARTBEAT,0,0,0,0,0,0,0x1001BFC0
1777258782.052,232059,4,6,GNSS,255,BROADCAST,0,HEARTBEAT,48,HEARTBEAT,0,0,0,0,0,0,0x1001BFC0
1777258783.048,233056,4,6,GNSS,255,BROADCAST,0,HEARTBEAT,48,HEARTBEAT,0,0,0,0,0,0,0x1001BFC0
1777258784.065,234053,4,6,GNSS,255,BROADCAST,0,HEARTBEAT,48,HEARTBEAT,0,0,0,0,0,0,0x1001BFC0
1777258784.066,234054,4,6,GNSS,1,CDH,10,HEALTH,1,HEALTH_0x01,0,0,0,0,1,1,0x1001804A
1777258784.066,234055,2,6,GNSS,1,CDH,4,TELEMETRY,2,TELEMETRY_0x02,0,0,0,0,0,0,0x08018044
1777258785.048,235052,4,6,GNSS,255,BROADCAST,0,HEARTBEAT,48,HEARTBEAT,0,0,0,0,0,0,0x1001BFC0
1777258785.084,235080,2,6,GNSS,1,CDH,4,TELEMETRY,2,TELEMETRY_0x02,0,0,0,0,0,0,0x08018044
1777258785.084,235082,4,6,GNSS,1,CDH,3,CMD_RESP,97,CMD_RESP_0x61,1,0,0,0,0,0,0x10018043
1777258786.041,236049,4,6,GNSS,255,BROADCAST,0,HEARTBEAT,48,HEARTBEAT,0,0,0,0,0,0,0x1001BFC0
1777258787.039,237046,4,6,GNSS,255,BROADCAST,0,HEARTBEAT,48,HEARTBEAT,0,0,0,0,0,0,0x1001BFC0
1777258788.061,238043,4,6,GNSS,255,BROADCAST,0,HEARTBEAT,48,HEARTBEAT,0,0,0,0,0,0,0x1001BFC0
1777258789.034,239040,4,6,GNSS,255,BROADCAST,0,HEARTBEAT,48,HEARTBEAT,0,0,0,0,0,0,0x1001BFC0
1777258789.034,239041,4,6,GNSS,1,CDH,10,HEALTH,1,HEALTH_0x01,0,0,0,0,1,1,0x1001804A
1777258789.035,239043,2,6,GNSS,1,CDH,4,TELEMETRY,2,TELEMETRY_0x02,0,0,0,0,0,0,0x08018044
1777258790.032,240039,4,6,GNSS,255,BROADCAST,0,HEARTBEAT,48,HEARTBEAT,0,0,0,0,0,0,0x1001BFC0
1777258790.053,240059,2,6,GNSS,1,CDH,4,TELEMETRY,2,TELEMETRY_0x02,0,0,0,0,0,0,0x08018044
1777258790.053,240060,4,6,GNSS,1,CDH,3,CMD_RESP,97,CMD_RESP_0x61,1,0,0,0,0,0,0x10018043
1777258791.029,241036,4,6,GNSS,255,BROADCAST,0,HEARTBEAT,48,HEARTBEAT,0,0,0,0,0,0,0x1001BFC0
1777258792.052,242033,4,6,GNSS,255,BROADCAST,0,HEARTBEAT,48,HEARTBEAT,0,0,0,0,0,0,0x1001BFC0
1777258793.023,243030,4,6,GNSS,255,BROADCAST,0,HEARTBEAT,48,HEARTBEAT,0,0,0,0,0,0,0x1001BFC0
1777258794.021,244028,4,6,GNSS,255,BROADCAST,0,HEARTBEAT,48,HEARTBEAT,0,0,0,0,0,0,0x1001BFC0
1777258794.021,244029,4,6,GNSS,1,CDH,10,HEALTH,1,HEALTH_0x01,0,0,0,0,1,1,0x1001804A
1777258794.025,244030,2,6,GNSS,1,CDH,4,TELEMETRY,2,TELEMETRY_0x02,0,0,0,0,0,0,0x08018044
1777258795.023,245026,4,6,GNSS,255,BROADCAST,0,HEARTBEAT,48,HEARTBEAT,0,0,0,0,0,0,0x1001BFC0
1777258795.029,245037,2,6,GNSS,1,CDH,4,TELEMETRY,2,TELEMETRY_0x02,0,0,0,0,0,0,0x08018044
1777258795.031,245038,4,6,GNSS,1,CDH,3,CMD_RESP,97,CMD_RESP_0x61,1,0,0,0,0,0,0x10018043
1777258796.039,246023,4,6,GNSS,255,BROADCAST,0,HEARTBEAT,48,HEARTBEAT,0,0,0,0,0,0,0x1001BFC0
1777258797.014,247020,4,6,GNSS,255,BROADCAST,0,HEARTBEAT,48,HEARTBEAT,0,0,0,0,0,0,0x1001BFC0
1777258798.010,248018,4,6,GNSS,255,BROADCAST,0,HEARTBEAT,48,HEARTBEAT,0,0,0,0,0,0,0x1001BFC0
1777258799.010,249015,4,6,GNSS,255,BROADCAST,0,HEARTBEAT,48,HEARTBEAT,0,0,0,0,0,0,0x1001BFC0
1777258799.010,249016,4,6,GNSS,1,CDH,10,HEALTH,1,HEALTH_0x01,0,0,0,0,1,1,0x1001804A
1777258799.010,249017,2,6,GNSS,1,CDH,4,TELEMETRY,2,TELEMETRY_0x02,0,0,0,0,0,0,0x08018044
1777258800.035,250013,4,6,GNSS,255,BROADCAST,0,HEARTBEAT,48,HEARTBEAT,0,0,0,0,0,0,0x1001BFC0
1777258800.035,250016,2,6,GNSS,1,CDH,4,TELEMETRY,2,TELEMETRY_0x02,0,0,0,0,0,0,0x08018044
1777258800.050,250017,4,6,GNSS,1,CDH,3,CMD_RESP,97,CMD_RESP_0x61,1,0,0,0,0,0,0x10018043
1777258801.005,251011,4,6,GNSS,255,BROADCAST,0,HEARTBEAT,48,HEARTBEAT,0,0,0,0,0,0,0x1001BFC0
1777258802.001,252008,4,6,GNSS,255,BROADCAST,0,HEARTBEAT,48,HEARTBEAT,0,0,0,0,0,0,0x1001BFC0
1777258803.012,253005,4,6,GNSS,255,BROADCAST,0,HEARTBEAT,48,HEARTBEAT,0,0,0,0,0,0,0x1001BFC0
1777258804.030,254003,4,6,GNSS,255,BROADCAST,0,HEARTBEAT,48,HEARTBEAT,0,0,0,0,0,0,0x1001BFC0
1777258804.030,254004,4,6,GNSS,1,CDH,10,HEALTH,1,HEALTH_0x01,0,0,0,0,1,1,0x1001804A
1777258804.030,254005,2,6,GNSS,1,CDH,4,TELEMETRY,2,TELEMETRY_0x02,0,0,0,0,0,0,0x08018044
1777258804.988,254994,2,6,GNSS,1,CDH,4,TELEMETRY,2,TELEMETRY_0x02,0,0,0,0,0,0,0x08018044
1777258804.988,254995,4,6,GNSS,1,CDH,3,CMD_RESP,97,CMD_RESP_0x61,1,0,0,0,0,0,0x10018043
1777258804.994,255001,4,6,GNSS,255,BROADCAST,0,HEARTBEAT,48,HEARTBEAT,0,0,0,0,0,0,0x1001BFC0
1777258805.991,255998,4,6,GNSS,255,BROADCAST,0,HEARTBEAT,48,HEARTBEAT,0,0,0,0,0,0,0x1001BFC0
1777258807.004,256996,4,6,GNSS,255,BROADCAST,0,HEARTBEAT,48,HEARTBEAT,0,0,0,0,0,0,0x1001BFC0
1777258808.025,257993,4,6,GNSS,255,BROADCAST,0,HEARTBEAT,48,HEARTBEAT,0,0,0,0,0,0,0x1001BFC0
1777258808.984,258990,4,6,GNSS,255,BROADCAST,0,HEARTBEAT,48,HEARTBEAT,0,0,0,0,0,0,0x1001BFC0
1777258808.984,258991,4,6,GNSS,1,CDH,10,HEALTH,1,HEALTH_0x01,0,0,0,0,1,1,0x1001804A
1777258808.985,258993,2,6,GNSS,1,CDH,4,TELEMETRY,2,TELEMETRY_0x02,0,0,0,0,0,0,0x08018044
1777258809.967,259973,2,6,GNSS,1,CDH,4,TELEMETRY,2,TELEMETRY_0x02,0,0,0,0,0,0,0x08018044
1777258809.967,259974,4,6,GNSS,1,CDH,3,CMD_RESP,97,CMD_RESP_0x61,1,0,0,0,0,0,0x10018043
1777258809.981,259989,4,6,GNSS,255,BROADCAST,0,HEARTBEAT,48,HEARTBEAT,0,0,0,0,0,0,0x1001BFC0
1777258810.996,260986,4,6,GNSS,255,BROADCAST,0,HEARTBEAT,48,HEARTBEAT,0,0,0,0,0,0,0x1001BFC0
1777258811.976,261983,4,6,GNSS,255,BROADCAST,0,HEARTBEAT,48,HEARTBEAT,0,0,0,0,0,0,0x1001BFC0
1777258812.979,262980,4,6,GNSS,255,BROADCAST,0,HEARTBEAT,48,HEARTBEAT,0,0,0,0,0,0,0x1001BFC0
1777258813.971,263978,4,6,GNSS,255,BROADCAST,0,HEARTBEAT,48,HEARTBEAT,0,0,0,0,0,0,0x1001BFC0
1777258813.972,263979,4,6,GNSS,1,CDH,10,HEALTH,1,HEALTH_0x01,0,0,0,0,1,1,0x1001804A
1777258813.973,263980,2,6,GNSS,1,CDH,4,TELEMETRY,2,TELEMETRY_0x02,0,0,0,0,0,0,0x08018044
1777258814.945,264951,2,6,GNSS,1,CDH,4,TELEMETRY,2,TELEMETRY_0x02,0,0,0,0,0,0,0x08018044
1777258814.945,264952,4,6,GNSS,1,CDH,3,CMD_RESP,97,CMD_RESP_0x61,1,0,0,0,0,0,0x10018043
1777258814.979,264976,4,6,GNSS,255,BROADCAST,0,HEARTBEAT,48,HEARTBEAT,0,0,0,0,0,0,0x1001BFC0
1777258815.966,265974,4,6,GNSS,255,BROADCAST,0,HEARTBEAT,48,HEARTBEAT,0,0,0,0,0,0,0x1001BFC0
1777258816.964,266971,4,6,GNSS,255,BROADCAST,0,HEARTBEAT,48,HEARTBEAT,0,0,0,0,0,0,0x1001BFC0
1777258817.961,267968,4,6,GNSS,255,BROADCAST,0,HEARTBEAT,48,HEARTBEAT,0,0,0,0,0,0,0x1001BFC0
1777258818.983,268965,4,6,GNSS,255,BROADCAST,0,HEARTBEAT,48,HEARTBEAT,0,0,0,0,0,0,0x1001BFC0
1777258818.983,268966,4,6,GNSS,1,CDH,10,HEALTH,1,HEALTH_0x01,0,0,0,0,1,1,0x1001804A
1777258818.983,268968,2,6,GNSS,1,CDH,4,TELEMETRY,2,TELEMETRY_0x02,0,0,0,0,0,0,0x08018044
1777258819.922,269929,2,6,GNSS,1,CDH,4,TELEMETRY,2,TELEMETRY_0x02,0,0,0,0,0,0,0x08018044
1777258819.923,269930,4,6,GNSS,1,CDH,3,CMD_RESP,97,CMD_RESP_0x61,1,0,0,0,0,0,0x10018043
1777258819.956,269964,4,6,GNSS,255,BROADCAST,0,HEARTBEAT,48,HEARTBEAT,0,0,0,0,0,0,0x1001BFC0
1777258820.954,270961,4,6,GNSS,255,BROADCAST,0,HEARTBEAT,48,HEARTBEAT,0,0,0,0,0,0,0x1001BFC0
1777258821.951,271958,4,6,GNSS,255,BROADCAST,0,HEARTBEAT,48,HEARTBEAT,0,0,0,0,0,0,0x1001BFC0
1777258822.979,272955,4,6,GNSS,255,BROADCAST,0,HEARTBEAT,48,HEARTBEAT,0,0,0,0,0,0,0x1001BFC0
1777258823.948,273952,4,6,GNSS,255,BROADCAST,0,HEARTBEAT,48,HEARTBEAT,0,0,0,0,0,0,0x1001BFC0
1777258823.948,273953,4,6,GNSS,1,CDH,10,HEALTH,1,HEALTH_0x01,0,0,0,0,1,1,0x1001804A
1777258823.948,273955,2,6,GNSS,1,CDH,4,TELEMETRY,2,TELEMETRY_0x02,0,0,0,0,0,0,0x08018044
1777258824.922,274906,2,6,GNSS,1,CDH,4,TELEMETRY,2,TELEMETRY_0x02,0,0,0,0,0,0,0x08018044
1777258824.922,274908,4,6,GNSS,1,CDH,3,CMD_RESP,97,CMD_RESP_0x61,1,0,0,0,0,0,0x10018043
1777258824.944,274951,4,6,GNSS,255,BROADCAST,0,HEARTBEAT,48,HEARTBEAT,0,0,0,0,0,0,0x1001BFC0
1777258825.941,275948,4,6,GNSS,255,BROADCAST,0,HEARTBEAT,48,HEARTBEAT,0,0,0,0,0,0,0x1001BFC0
1777258826.975,276945,4,6,GNSS,255,BROADCAST,0,HEARTBEAT,48,HEARTBEAT,0,0,0,0,0,0,0x1001BFC0
1777258827.938,277943,4,6,GNSS,255,BROADCAST,0,HEARTBEAT,48,HEARTBEAT,0,0,0,0,0,0,0x1001BFC0
1777258828.938,278940,4,6,GNSS,255,BROADCAST,0,HEARTBEAT,48,HEARTBEAT,0,0,0,0,0,0,0x1001BFC0
1777258828.938,278941,4,6,GNSS,1,CDH,10,HEALTH,1,HEALTH_0x01,0,0,0,0,1,1,0x1001804A
1777258828.938,278942,2,6,GNSS,1,CDH,4,TELEMETRY,2,TELEMETRY_0x02,0,0,0,0,0,0,0x08018044
1777258829.877,279884,2,6,GNSS,1,CDH,4,TELEMETRY,2,TELEMETRY_0x02,0,0,0,0,0,0,0x08018044
1777258829.878,279885,4,6,GNSS,1,CDH,3,CMD_RESP,97,CMD_RESP_0x61,1,0,0,0,0,0,0x10018043
1777258829.943,279938,4,6,GNSS,255,BROADCAST,0,HEARTBEAT,48,HEARTBEAT,0,0,0,0,0,0,0x1001BFC0
1777258830.967,280935,4,6,GNSS,255,BROADCAST,0,HEARTBEAT,48,HEARTBEAT,0,0,0,0,0,0,0x1001BFC0
1777258831.926,281933,4,6,GNSS,255,BROADCAST,0,HEARTBEAT,48,HEARTBEAT,0,0,0,0,0,0,0x1001BFC0
1777258832.923,282930,4,6,GNSS,255,BROADCAST,0,HEARTBEAT,48,HEARTBEAT,0,0,0,0,0,0,0x1001BFC0
1777258833.937,283927,4,6,GNSS,255,BROADCAST,0,HEARTBEAT,48,HEARTBEAT,0,0,0,0,0,0,0x1001BFC0
1777258833.937,283928,4,6,GNSS,1,CDH,10,HEALTH,1,HEALTH_0x01,0,0,0,0,1,1,0x1001804A
1777258833.937,283929,2,6,GNSS,1,CDH,4,TELEMETRY,2,TELEMETRY_0x02,0,0,0,0,0,0,0x08018044
1777258834.858,284862,2,6,GNSS,1,CDH,4,TELEMETRY,2,TELEMETRY_0x02,0,0,0,0,0,0,0x08018044
1777258834.858,284863,4,6,GNSS,1,CDH,3,CMD_RESP,97,CMD_RESP_0x61,1,0,0,0,0,0,0x10018043
1777258834.961,284926,4,6,GNSS,255,BROADCAST,0,HEARTBEAT,48,HEARTBEAT,0,0,0,0,0,0,0x1001BFC0
1777258835.917,285924,4,6,GNSS,255,BROADCAST,0,HEARTBEAT,48,HEARTBEAT,0,0,0,0,0,0,0x1001BFC0
1777258836.913,286920,4,6,GNSS,255,BROADCAST,0,HEARTBEAT,48,HEARTBEAT,0,0,0,0,0,0,0x1001BFC0
1777258837.931,287917,4,6,GNSS,255,BROADCAST,0,HEARTBEAT,48,HEARTBEAT,0,0,0,0,0,0,0x1001BFC0
1777258838.908,288915,4,6,GNSS,255,BROADCAST,0,HEARTBEAT,48,HEARTBEAT,0,0,0,0,0,0,0x1001BFC0
1777258838.909,288916,4,6,GNSS,1,CDH,10,HEALTH,1,HEALTH_0x01,0,0,0,0,1,1,0x1001804A
1777258838.954,288917,2,6,GNSS,1,CDH,4,TELEMETRY,2,TELEMETRY_0x02,0,0,0,0,0,0,0x08018044
1777258839.879,289840,2,6,GNSS,1,CDH,4,TELEMETRY,2,TELEMETRY_0x02,0,0,0,0,0,0,0x08018044
1777258839.880,289842,4,6,GNSS,1,CDH,3,CMD_RESP,97,CMD_RESP_0x61,1,0,0,0,0,0,0x10018043
1777258839.907,289913,4,6,GNSS,255,BROADCAST,0,HEARTBEAT,48,HEARTBEAT,0,0,0,0,0,0,0x1001BFC0
1777258840.903,290910,4,6,GNSS,255,BROADCAST,0,HEARTBEAT,48,HEARTBEAT,0,0,0,0,0,0,0x1001BFC0
1777258841.924,291907,4,6,GNSS,255,BROADCAST,0,HEARTBEAT,48,HEARTBEAT,0,0,0,0,0,0,0x1001BFC0
1777258842.903,292905,4,6,GNSS,255,BROADCAST,0,HEARTBEAT,48,HEARTBEAT,0,0,0,0,0,0,0x1001BFC0
1777258843.897,293902,4,6,GNSS,255,BROADCAST,0,HEARTBEAT,48,HEARTBEAT,0,0,0,0,0,0,0x1001BFC0
1777258843.897,293903,4,6,GNSS,1,CDH,10,HEALTH,1,HEALTH_0x01,0,0,0,0,1,1,0x1001804A
1777258843.898,293904,2,6,GNSS,1,CDH,4,TELEMETRY,2,TELEMETRY_0x02,0,0,0,0,0,0,0x08018044
1777258844.812,294819,2,6,GNSS,1,CDH,4,TELEMETRY,2,TELEMETRY_0x02,0,0,0,0,0,0,0x08018044
1777258844.813,294820,4,6,GNSS,1,CDH,3,CMD_RESP,97,CMD_RESP_0x61,1,0,0,0,0,0,0x10018043
1777258844.894,294900,4,6,GNSS,255,BROADCAST,0,HEARTBEAT,48,HEARTBEAT,0,0,0,0,0,0,0x1001BFC0
1777258845.918,295898,4,6,GNSS,255,BROADCAST,0,HEARTBEAT,48,HEARTBEAT,0,0,0,0,0,0,0x1001BFC0
1777258846.888,296895,4,6,GNSS,255,BROADCAST,0,HEARTBEAT,48,HEARTBEAT,0,0,0,0,0,0,0x1001BFC0
1777258847.885,297892,4,6,GNSS,255,BROADCAST,0,HEARTBEAT,48,HEARTBEAT,0,0,0,0,0,0,0x1001BFC0
1777258848.887,298889,4,6,GNSS,255,BROADCAST,0,HEARTBEAT,48,HEARTBEAT,0,0,0,0,0,0,0x1001BFC0
1777258848.887,298891,4,6,GNSS,1,CDH,10,HEALTH,1,HEALTH_0x01,0,0,0,0,1,1,0x1001804A
1777258848.887,298892,2,6,GNSS,1,CDH,4,TELEMETRY,2,TELEMETRY_0x02,0,0,0,0,0,0,0x08018044
1777258849.809,299797,2,6,GNSS,1,CDH,4,TELEMETRY,2,TELEMETRY_0x02,0,0,0,0,0,0,0x08018044
1777258849.809,299798,4,6,GNSS,1,CDH,3,CMD_RESP,97,CMD_RESP_0x61,1,0,0,0,0,0,0x10018043
1777258849.913,299888,4,6,GNSS,255,BROADCAST,0,HEARTBEAT,48,HEARTBEAT,0,0,0,0,0,0,0x1001BFC0
1777258850.884,300885,4,6,GNSS,255,BROADCAST,0,HEARTBEAT,48,HEARTBEAT,0,0,0,0,0,0,0x1001BFC0
1777258851.876,301883,4,6,GNSS,255,BROADCAST,0,HEARTBEAT,48,HEARTBEAT,0,0,0,0,0,0,0x1001BFC0
1777258852.873,302880,4,6,GNSS,255,BROADCAST,0,HEARTBEAT,48,HEARTBEAT,0,0,0,0,0,0,0x1001BFC0
1777258853.906,303877,4,6,GNSS,255,BROADCAST,0,HEARTBEAT,48,HEARTBEAT,0,0,0,0,0,0,0x1001BFC0
1777258853.906,303878,4,6,GNSS,1,CDH,10,HEALTH,1,HEALTH_0x01,0,0,0,0,1,1,0x1001804A
1777258853.906,303880,2,6,GNSS,1,CDH,4,TELEMETRY,2,TELEMETRY_0x02,0,0,0,0,0,0,0x08018044
1777258854.771,304777,2,6,GNSS,1,CDH,4,TELEMETRY,2,TELEMETRY_0x02,0,0,0,0,0,0,0x08018044
1777258854.772,304779,4,6,GNSS,1,CDH,3,CMD_RESP,97,CMD_RESP_0x61,1,0,0,0,0,0,0x10018043
1777258854.869,304876,4,6,GNSS,255,BROADCAST,0,HEARTBEAT,48,HEARTBEAT,0,0,0,0,0,0,0x1001BFC0
1777258855.867,305873,4,6,GNSS,255,BROADCAST,0,HEARTBEAT,48,HEARTBEAT,0,0,0,0,0,0,0x1001BFC0
1777258856.874,306870,4,6,GNSS,255,BROADCAST,0,HEARTBEAT,48,HEARTBEAT,0,0,0,0,0,0,0x1001BFC0
1777258857.902,307867,4,6,GNSS,255,BROADCAST,0,HEARTBEAT,48,HEARTBEAT,0,0,0,0,0,0,0x1001BFC0
1777258858.857,308865,4,6,GNSS,255,BROADCAST,0,HEARTBEAT,48,HEARTBEAT,0,0,0,0,0,0,0x1001BFC0
1777258858.857,308866,4,6,GNSS,1,CDH,10,HEALTH,1,HEALTH_0x01,0,0,0,0,1,1,0x1001804A
1777258858.862,308867,2,6,GNSS,1,CDH,4,TELEMETRY,2,TELEMETRY_0x02,0,0,0,0,0,0,0x08018044
1777258859.747,309754,2,6,GNSS,1,CDH,4,TELEMETRY,2,TELEMETRY_0x02,0,0,0,0,0,0,0x08018044
1777258859.749,309755,4,6,GNSS,1,CDH,3,CMD_RESP,97,CMD_RESP_0x61,1,0,0,0,0,0,0x10018043
1777258859.857,309863,4,6,GNSS,255,BROADCAST,0,HEARTBEAT,48,HEARTBEAT,0,0,0,0,0,0,0x1001BFC0
1777258860.869,310860,4,6,GNSS,255,BROADCAST,0,HEARTBEAT,48,HEARTBEAT,0,0,0,0,0,0,0x1001BFC0
1777258861.893,311857,4,6,GNSS,255,BROADCAST,0,HEARTBEAT,48,HEARTBEAT,0,0,0,0,0,0,0x1001BFC0
1777258862.849,312855,4,6,GNSS,255,BROADCAST,0,HEARTBEAT,48,HEARTBEAT,0,0,0,0,0,0,0x1001BFC0
1777258863.846,313852,4,6,GNSS,255,BROADCAST,0,HEARTBEAT,48,HEARTBEAT,0,0,0,0,0,0,0x1001BFC0
1777258863.847,313853,4,6,GNSS,1,CDH,10,HEALTH,1,HEALTH_0x01,0,0,0,0,1,1,0x1001804A
1777258863.848,313854,2,6,GNSS,1,CDH,4,TELEMETRY,2,TELEMETRY_0x02,0,0,0,0,0,0,0x08018044
1777258864.761,314732,2,6,GNSS,1,CDH,4,TELEMETRY,2,TELEMETRY_0x02,0,0,0,0,0,0,0x08018044
1777258864.761,314733,4,6,GNSS,1,CDH,3,CMD_RESP,97,CMD_RESP_0x61,1,0,0,0,0,0,0x10018043
1777258864.858,314850,4,6,GNSS,255,BROADCAST,0,HEARTBEAT,48,HEARTBEAT,0,0,0,0,0,0,0x1001BFC0
1777258865.844,315848,4,6,GNSS,255,BROADCAST,0,HEARTBEAT,48,HEARTBEAT,0,0,0,0,0,0,0x1001BFC0
1777258866.840,316845,4,6,GNSS,255,BROADCAST,0,HEARTBEAT,48,HEARTBEAT,0,0,0,0,0,0,0x1001BFC0
1777258867.836,317842,4,6,GNSS,255,BROADCAST,0,HEARTBEAT,48,HEARTBEAT,0,0,0,0,0,0,0x1001BFC0
1777258868.860,318839,4,6,GNSS,255,BROADCAST,0,HEARTBEAT,48,HEARTBEAT,0,0,0,0,0,0,0x1001BFC0
1777258868.860,318840,4,6,GNSS,1,CDH,10,HEALTH,1,HEALTH_0x01,0,0,0,0,1,1,0x1001804A
1777258868.860,318842,2,6,GNSS,1,CDH,4,TELEMETRY,2,TELEMETRY_0x02,0,0,0,0,0,0,0x08018044
1777258869.704,319710,2,6,GNSS,1,CDH,4,TELEMETRY,2,TELEMETRY_0x02,0,0,0,0,0,0,0x08018044
1777258869.706,319712,4,6,GNSS,1,CDH,3,CMD_RESP,97,CMD_RESP_0x61,1,0,0,0,0,0,0x10018043
1777258869.832,319838,4,6,GNSS,255,BROADCAST,0,HEARTBEAT,48,HEARTBEAT,0,0,0,0,0,0,0x1001BFC0
1777258870.834,320835,4,6,GNSS,255,BROADCAST,0,HEARTBEAT,48,HEARTBEAT,0,0,0,0,0,0,0x1001BFC0
1777258871.827,321833,4,6,GNSS,255,BROADCAST,0,HEARTBEAT,48,HEARTBEAT,0,0,0,0,0,0,0x1001BFC0
1777258872.851,322830,4,6,GNSS,255,BROADCAST,0,HEARTBEAT,48,HEARTBEAT,0,0,0,0,0,0,0x1001BFC0
1777258873.821,323827,4,6,GNSS,255,BROADCAST,0,HEARTBEAT,48,HEARTBEAT,0,0,0,0,0,0,0x1001BFC0
1777258873.822,323828,4,6,GNSS,1,CDH,10,HEALTH,1,HEALTH_0x01,0,0,0,0,1,1,0x1001804A
1777258873.822,323829,2,6,GNSS,1,CDH,4,TELEMETRY,2,TELEMETRY_0x02,0,0,0,0,0,0,0x08018044
1777258874.694,324689,2,6,GNSS,1,CDH,4,TELEMETRY,2,TELEMETRY_0x02,0,0,0,0,0,0,0x08018044
1777258874.694,324690,4,6,GNSS,1,CDH,3,CMD_RESP,97,CMD_RESP_0x61,1,0,0,0,0,0,0x10018043
1777258874.822,324826,4,6,GNSS,255,BROADCAST,0,HEARTBEAT,48,HEARTBEAT,0,0,0,0,0,0,0x1001BFC0
1777258875.819,325824,4,6,GNSS,255,BROADCAST,0,HEARTBEAT,48,HEARTBEAT,0,0,0,0,0,0,0x1001BFC0
1777258876.844,326820,4,6,GNSS,255,BROADCAST,0,HEARTBEAT,48,HEARTBEAT,0,0,0,0,0,0,0x1001BFC0
1777258877.812,327818,4,6,GNSS,255,BROADCAST,0,HEARTBEAT,48,HEARTBEAT,0,0,0,0,0,0,0x1001BFC0
1777258878.814,328815,4,6,GNSS,255,BROADCAST,0,HEARTBEAT,48,HEARTBEAT,0,0,0,0,0,0,0x1001BFC0
1777258878.814,328816,4,6,GNSS,1,CDH,10,HEALTH,1,HEALTH_0x01,0,0,0,0,1,1,0x1001804A
1777258878.814,328817,2,6,GNSS,1,CDH,4,TELEMETRY,2,TELEMETRY_0x02,0,0,0,0,0,0,0x08018044
1777258879.663,329667,2,6,GNSS,1,CDH,4,TELEMETRY,2,TELEMETRY_0x02,0,0,0,0,0,0,0x08018044
1777258879.663,329669,4,6,GNSS,1,CDH,3,CMD_RESP,97,CMD_RESP_0x61,1,0,0,0,0,0,0x10018043
1777258879.813,329814,4,6,GNSS,255,BROADCAST,0,HEARTBEAT,48,HEARTBEAT,0,0,0,0,0,0,0x1001BFC0
1777258880.840,330811,4,6,GNSS,255,BROADCAST,0,HEARTBEAT,48,HEARTBEAT,0,0,0,0,0,0,0x1001BFC0
1777258881.802,331808,4,6,GNSS,255,BROADCAST,0,HEARTBEAT,48,HEARTBEAT,0,0,0,0,0,0,0x1001BFC0
1777258882.800,332805,4,6,GNSS,255,BROADCAST,0,HEARTBEAT,48,HEARTBEAT,0,0,0,0,0,0,0x1001BFC0
1777258883.807,333802,4,6,GNSS,255,BROADCAST,0,HEARTBEAT,48,HEARTBEAT,0,0,0,0,0,0,0x1001BFC0
1777258883.807,333803,4,6,GNSS,1,CDH,10,HEALTH,1,HEALTH_0x01,0,0,0,0,1,1,0x1001804A
1777258883.807,333805,2,6,GNSS,1,CDH,4,TELEMETRY,2,TELEMETRY_0x02,0,0,0,0,0,0,0x08018044
1777258884.640,334646,2,6,GNSS,1,CDH,4,TELEMETRY,2,TELEMETRY_0x02,0,0,0,0,0,0,0x08018044
1777258884.641,334647,4,6,GNSS,1,CDH,3,CMD_RESP,97,CMD_RESP_0x61,1,0,0,0,0,0,0x10018043
1777258884.832,334801,4,6,GNSS,255,BROADCAST,0,HEARTBEAT,48,HEARTBEAT,0,0,0,0,0,0,0x1001BFC0
1777258885.792,335798,4,6,GNSS,255,BROADCAST,0,HEARTBEAT,48,HEARTBEAT,0,0,0,0,0,0,0x1001BFC0
1777258886.789,336795,4,6,GNSS,255,BROADCAST,0,HEARTBEAT,48,HEARTBEAT,0,0,0,0,0,0,0x1001BFC0
1777258887.802,337792,4,6,GNSS,255,BROADCAST,0,HEARTBEAT,48,HEARTBEAT,0,0,0,0,0,0,0x1001BFC0
1777258888.823,338790,4,6,GNSS,255,BROADCAST,0,HEARTBEAT,48,HEARTBEAT,0,0,0,0,0,0,0x1001BFC0
1777258888.823,338791,4,6,GNSS,1,CDH,10,HEALTH,1,HEALTH_0x01,0,0,0,0,1,1,0x1001804A
1777258888.823,338792,2,6,GNSS,1,CDH,4,TELEMETRY,2,TELEMETRY_0x02,0,0,0,0,0,0,0x08018044
1777258889.646,339624,2,6,GNSS,1,CDH,4,TELEMETRY,2,TELEMETRY_0x02,0,0,0,0,0,0,0x08018044
1777258889.646,339625,4,6,GNSS,1,CDH,3,CMD_RESP,97,CMD_RESP_0x61,1,0,0,0,0,0,0x10018043
1777258889.782,339788,4,6,GNSS,255,BROADCAST,0,HEARTBEAT,48,HEARTBEAT,0,0,0,0,0,0,0x1001BFC0
1777258890.781,340785,4,6,GNSS,255,BROADCAST,0,HEARTBEAT,48,HEARTBEAT,0,0,0,0,0,0,0x1001BFC0
1777258891.794,341783,4,6,GNSS,255,BROADCAST,0,HEARTBEAT,48,HEARTBEAT,0,0,0,0,0,0,0x1001BFC0
1777258892.806,342780,4,6,GNSS,255,BROADCAST,0,HEARTBEAT,48,HEARTBEAT,0,0,0,0,0,0,0x1001BFC0
1777258893.774,343777,4,6,GNSS,255,BROADCAST,0,HEARTBEAT,48,HEARTBEAT,0,0,0,0,0,0,0x1001BFC0
1777258893.774,343778,4,6,GNSS,1,CDH,10,HEALTH,1,HEALTH_0x01,0,0,0,0,1,1,0x1001804A
1777258893.774,343779,2,6,GNSS,1,CDH,4,TELEMETRY,2,TELEMETRY_0x02,0,0,0,0,0,0,0x08018044
1777258894.598,344603,2,6,GNSS,1,CDH,4,TELEMETRY,2,TELEMETRY_0x02,0,0,0,0,0,0,0x08018044
1777258894.598,344604,4,6,GNSS,1,CDH,3,CMD_RESP,97,CMD_RESP_0x61,1,0,0,0,0,0,0x10018043
1777258894.770,344776,4,6,GNSS,255,BROADCAST,0,HEARTBEAT,48,HEARTBEAT,0,0,0,0,0,0,0x1001BFC0
1777258895.786,345773,4,6,GNSS,255,BROADCAST,0,HEARTBEAT,48,HEARTBEAT,0,0,0,0,0,0,0x1001BFC0
1777258896.765,346770,4,6,GNSS,255,BROADCAST,0,HEARTBEAT,48,HEARTBEAT,0,0,0,0,0,0,0x1001BFC0
1777258897.762,347768,4,6,GNSS,255,BROADCAST,0,HEARTBEAT,48,HEARTBEAT,0,0,0,0,0,0,0x1001BFC0
1777258898.760,348765,4,6,GNSS,255,BROADCAST,0,HEARTBEAT,48,HEARTBEAT,0,0,0,0,0,0,0x1001BFC0
1777258898.760,348766,4,6,GNSS,1,CDH,10,HEALTH,1,HEALTH_0x01,0,0,0,0,1,1,0x1001804A
1777258898.761,348767,2,6,GNSS,1,CDH,4,TELEMETRY,2,TELEMETRY_0x02,0,0,0,0,0,0,0x08018044
1777258899.577,349581,2,6,GNSS,1,CDH,4,TELEMETRY,2,TELEMETRY_0x02,0,0,0,0,0,0,0x08018044
1777258899.577,349583,4,6,GNSS,1,CDH,3,CMD_RESP,97,CMD_RESP_0x61,1,0,0,0,0,0,0x10018043
1777258899.782,349763,4,6,GNSS,255,BROADCAST,0,HEARTBEAT,48,HEARTBEAT,0,0,0,0,0,0,0x1001BFC0
1777258900.757,350761,4,6,GNSS,255,BROADCAST,0,HEARTBEAT,48,HEARTBEAT,0,0,0,0,0,0,0x1001BFC0
1777258901.753,351758,4,6,GNSS,255,BROADCAST,0,HEARTBEAT,48,HEARTBEAT,0,0,0,0,0,0,0x1001BFC0
1777258902.751,352755,4,6,GNSS,255,BROADCAST,0,HEARTBEAT,48,HEARTBEAT,0,0,0,0,0,0,0x1001BFC0
1777258903.764,353753,4,6,GNSS,255,BROADCAST,0,HEARTBEAT,48,HEARTBEAT,0,0,0,0,0,0,0x1001BFC0
1777258903.764,353754,4,6,GNSS,1,CDH,10,HEALTH,1,HEALTH_0x01,0,0,0,0,1,1,0x1001804A
1777258903.764,353755,2,6,GNSS,1,CDH,4,TELEMETRY,2,TELEMETRY_0x02,0,0,0,0,0,0,0x08018044
1777258904.595,354560,2,6,GNSS,1,CDH,4,TELEMETRY,2,TELEMETRY_0x02,0,0,0,0,0,0,0x08018044
1777258904.595,354561,4,6,GNSS,1,CDH,3,CMD_RESP,97,CMD_RESP_0x61,1,0,0,0,0,0,0x10018043
1777258904.746,354751,4,6,GNSS,255,BROADCAST,0,HEARTBEAT,48,HEARTBEAT,0,0,0,0,0,0,0x1001BFC0
1777258905.742,355748,4,6,GNSS,255,BROADCAST,0,HEARTBEAT,48,HEARTBEAT,0,0,0,0,0,0,0x1001BFC0
1777258906.744,356745,4,6,GNSS,255,BROADCAST,0,HEARTBEAT,48,HEARTBEAT,0,0,0,0,0,0,0x1001BFC0
1777258907.769,357743,4,6,GNSS,255,BROADCAST,0,HEARTBEAT,48,HEARTBEAT,0,0,0,0,0,0,0x1001BFC0
1777258908.736,358740,4,6,GNSS,255,BROADCAST,0,HEARTBEAT,48,HEARTBEAT,0,0,0,0,0,0,0x1001BFC0
1777258908.736,358741,4,6,GNSS,1,CDH,10,HEALTH,1,HEALTH_0x01,0,0,0,0,1,1,0x1001804A
1777258908.738,358742,2,6,GNSS,1,CDH,4,TELEMETRY,2,TELEMETRY_0x02,0,0,0,0,0,0,0x08018044
1777258909.533,359538,2,6,GNSS,1,CDH,4,TELEMETRY,2,TELEMETRY_0x02,0,0,0,0,0,0,0x08018044
1777258909.533,359539,4,6,GNSS,1,CDH,3,CMD_RESP,97,CMD_RESP_0x61,1,0,0,0,0,0,0x10018043
1777258909.733,359738,4,6,GNSS,255,BROADCAST,0,HEARTBEAT,48,HEARTBEAT,0,0,0,0,0,0,0x1001BFC0
1777258910.739,360736,4,6,GNSS,255,BROADCAST,0,HEARTBEAT,48,HEARTBEAT,0,0,0,0,0,0,0x1001BFC0
1777258911.754,361733,4,6,GNSS,255,BROADCAST,0,HEARTBEAT,48,HEARTBEAT,0,0,0,0,0,0,0x1001BFC0
1777258912.725,362730,4,6,GNSS,255,BROADCAST,0,HEARTBEAT,48,HEARTBEAT,0,0,0,0,0,0,0x1001BFC0
1777258913.722,363727,4,6,GNSS,255,BROADCAST,0,HEARTBEAT,48,HEARTBEAT,0,0,0,0,0,0,0x1001BFC0
1777258913.723,363728,4,6,GNSS,1,CDH,10,HEALTH,1,HEALTH_0x01,0,0,0,0,1,1,0x1001804A
1777258913.724,363730,2,6,GNSS,1,CDH,4,TELEMETRY,2,TELEMETRY_0x02,0,0,0,0,0,0,0x08018044
1777258914.527,364516,2,6,GNSS,1,CDH,4,TELEMETRY,2,TELEMETRY_0x02,0,0,0,0,0,0,0x08018044
1777258914.527,364517,4,6,GNSS,1,CDH,3,CMD_RESP,97,CMD_RESP_0x61,1,0,0,0,0,0,0x10018043
1777258914.748,364726,4,6,GNSS,255,BROADCAST,0,HEARTBEAT,48,HEARTBEAT,0,0,0,0,0,0,0x1001BFC0
1777258915.766,365723,4,6,GNSS,255,BROADCAST,0,HEARTBEAT,48,HEARTBEAT,0,0,0,0,0,0,0x1001BFC0
1777258916.715,366720,4,6,GNSS,255,BROADCAST,0,HEARTBEAT,48,HEARTBEAT,0,0,0,0,0,0,0x1001BFC0
1777258917.712,367718,4,6,GNSS,255,BROADCAST,0,HEARTBEAT,48,HEARTBEAT,0,0,0,0,0,0,0x1001BFC0
1777258918.725,368715,4,6,GNSS,255,BROADCAST,0,HEARTBEAT,48,HEARTBEAT,0,0,0,0,0,0,0x1001BFC0
1777258918.727,368718,4,6,GNSS,1,CDH,10,HEALTH,1,HEALTH_0x01,0,0,0,0,1,1,0x1001804A
1777258918.727,368719,2,6,GNSS,1,CDH,4,TELEMETRY,2,TELEMETRY_0x02,0,0,0,0,0,0,0x08018044
1777258919.490,369495,2,6,GNSS,1,CDH,4,TELEMETRY,2,TELEMETRY_0x02,0,0,0,0,0,0,0x08018044
1777258919.490,369496,4,6,GNSS,1,CDH,3,CMD_RESP,97,CMD_RESP_0x61,1,0,0,0,0,0,0x10018043
1777258919.745,369713,4,6,GNSS,255,BROADCAST,0,HEARTBEAT,48,HEARTBEAT,0,0,0,0,0,0,0x1001BFC0
1777258920.705,370711,4,6,GNSS,255,BROADCAST,0,HEARTBEAT,48,HEARTBEAT,0,0,0,0,0,0,0x1001BFC0
1777258921.703,371708,4,6,GNSS,255,BROADCAST,0,HEARTBEAT,48,HEARTBEAT,0,0,0,0,0,0,0x1001BFC0
1777258922.713,372705,4,6,GNSS,255,BROADCAST,0,HEARTBEAT,48,HEARTBEAT,0,0,0,0,0,0,0x1001BFC0
1777258923.698,373703,4,6,GNSS,255,BROADCAST,0,HEARTBEAT,48,HEARTBEAT,0,0,0,0,0,0,0x1001BFC0
1777258923.698,373704,4,6,GNSS,1,CDH,10,HEALTH,1,HEALTH_0x01,0,0,0,0,1,1,0x1001804A
1777258923.699,373705,2,6,GNSS,1,CDH,4,TELEMETRY,2,TELEMETRY_0x02,0,0,0,0,0,0,0x08018044
1777258924.468,374473,2,6,GNSS,1,CDH,4,TELEMETRY,2,TELEMETRY_0x02,0,0,0,0,0,0,0x08018044
1777258924.469,374474,4,6,GNSS,1,CDH,3,CMD_RESP,97,CMD_RESP_0x61,1,0,0,0,0,0,0x10018043
1777258924.696,374701,4,6,GNSS,255,BROADCAST,0,HEARTBEAT,48,HEARTBEAT,0,0,0,0,0,0,0x1001BFC0
1777258925.702,375699,4,6,GNSS,255,BROADCAST,0,HEARTBEAT,48,HEARTBEAT,0,0,0,0,0,0,0x1001BFC0
1777258926.715,376696,4,6,GNSS,255,BROADCAST,0,HEARTBEAT,48,HEARTBEAT,0,0,0,0,0,0,0x1001BFC0
1777258927.696,377693,4,6,GNSS,255,BROADCAST,0,HEARTBEAT,48,HEARTBEAT,0,0,0,0,0,0,0x1001BFC0
1777258928.686,378691,4,6,GNSS,255,BROADCAST,0,HEARTBEAT,48,HEARTBEAT,0,0,0,0,0,0,0x1001BFC0
1777258928.687,378691,4,6,GNSS,1,CDH,10,HEALTH,1,HEALTH_0x01,0,0,0,0,1,1,0x1001804A
1777258928.688,378693,2,6,GNSS,1,CDH,4,TELEMETRY,2,TELEMETRY_0x02,0,0,0,0,0,0,0x08018044
1777258929.468,379451,2,6,GNSS,1,CDH,4,TELEMETRY,2,TELEMETRY_0x02,0,0,0,0,0,0,0x08018044
1777258929.468,379452,4,6,GNSS,1,CDH,3,CMD_RESP,97,CMD_RESP_0x61,1,0,0,0,0,0,0x10018043
1777258929.684,379689,4,6,GNSS,255,BROADCAST,0,HEARTBEAT,48,HEARTBEAT,0,0,0,0,0,0,0x1001BFC0
1777258930.702,380686,4,6,GNSS,255,BROADCAST,0,HEARTBEAT,48,HEARTBEAT,0,0,0,0,0,0,0x1001BFC0
1777258931.678,381684,4,6,GNSS,255,BROADCAST,0,HEARTBEAT,48,HEARTBEAT,0,0,0,0,0,0,0x1001BFC0
1777258932.677,382681,4,6,GNSS,255,BROADCAST,0,HEARTBEAT,48,HEARTBEAT,0,0,0,0,0,0,0x1001BFC0
1777258933.681,383678,4,6,GNSS,255,BROADCAST,0,HEARTBEAT,48,HEARTBEAT,0,0,0,0,0,0,0x1001BFC0
1777258933.681,383681,4,6,GNSS,1,CDH,10,HEALTH,1,HEALTH_0x01,0,0,0,0,1,1,0x1001804A
1777258933.681,383682,2,6,GNSS,1,CDH,4,TELEMETRY,2,TELEMETRY_0x02,0,0,0,0,0,0,0x08018044
1777258934.424,384429,2,6,GNSS,1,CDH,4,TELEMETRY,2,TELEMETRY_0x02,0,0,0,0,0,0,0x08018044
1777258934.426,384431,4,6,GNSS,1,CDH,3,CMD_RESP,97,CMD_RESP_0x61,1,0,0,0,0,0,0x10018043
1777258934.692,384677,4,6,GNSS,255,BROADCAST,0,HEARTBEAT,48,HEARTBEAT,0,0,0,0,0,0,0x1001BFC0
1777258935.669,385674,4,6,GNSS,255,BROADCAST,0,HEARTBEAT,48,HEARTBEAT,0,0,0,0,0,0,0x1001BFC0
1777258936.666,386671,4,6,GNSS,255,BROADCAST,0,HEARTBEAT,48,HEARTBEAT,0,0,0,0,0,0,0x1001BFC0
1777258937.667,387668,4,6,GNSS,255,BROADCAST,0,HEARTBEAT,48,HEARTBEAT,0,0,0,0,0,0,0x1001BFC0
1777258938.701,388665,4,6,GNSS,255,BROADCAST,0,HEARTBEAT,48,HEARTBEAT,0,0,0,0,0,0,0x1001BFC0
1777258938.701,388666,4,6,GNSS,1,CDH,10,HEALTH,1,HEALTH_0x01,0,0,0,0,1,1,0x1001804A
1777258938.701,388668,2,6,GNSS,1,CDH,4,TELEMETRY,2,TELEMETRY_0x02,0,0,0,0,0,0,0x08018044
1777258939.411,389408,2,6,GNSS,1,CDH,4,TELEMETRY,2,TELEMETRY_0x02,0,0,0,0,0,0,0x08018044
1777258939.411,389409,4,6,GNSS,1,CDH,3,CMD_RESP,97,CMD_RESP_0x61,1,0,0,0,0,0,0x10018043
1777258939.659,389664,4,6,GNSS,255,BROADCAST,0,HEARTBEAT,48,HEARTBEAT,0,0,0,0,0,0,0x1001BFC0
1777258940.656,390661,4,6,GNSS,255,BROADCAST,0,HEARTBEAT,48,HEARTBEAT,0,0,0,0,0,0,0x1001BFC0
1777258941.666,391658,4,6,GNSS,255,BROADCAST,0,HEARTBEAT,48,HEARTBEAT,0,0,0,0,0,0,0x1001BFC0
1777258942.696,392655,4,6,GNSS,255,BROADCAST,0,HEARTBEAT,48,HEARTBEAT,0,0,0,0,0,0,0x1001BFC0
1777258943.647,393653,4,6,GNSS,255,BROADCAST,0,HEARTBEAT,48,HEARTBEAT,0,0,0,0,0,0,0x1001BFC0
1777258943.649,393654,4,6,GNSS,1,CDH,10,HEALTH,1,HEALTH_0x01,0,0,0,0,1,1,0x1001804A
1777258943.650,393655,2,6,GNSS,1,CDH,4,TELEMETRY,2,TELEMETRY_0x02,0,0,0,0,0,0,0x08018044
1777258944.381,394386,2,6,GNSS,1,CDH,4,TELEMETRY,2,TELEMETRY_0x02,0,0,0,0,0,0,0x08018044
1777258944.382,394387,4,6,GNSS,1,CDH,3,CMD_RESP,97,CMD_RESP_0x61,1,0,0,0,0,0,0x10018043
1777258944.645,394651,4,6,GNSS,255,BROADCAST,0,HEARTBEAT,48,HEARTBEAT,0,0,0,0,0,0,0x1001BFC0
1777258945.658,395648,4,6,GNSS,255,BROADCAST,0,HEARTBEAT,48,HEARTBEAT,0,0,0,0,0,0,0x1001BFC0
1777258946.683,396645,4,6,GNSS,255,BROADCAST,0,HEARTBEAT,48,HEARTBEAT,0,0,0,0,0,0,0x1001BFC0
1777258947.637,397642,4,6,GNSS,255,BROADCAST,0,HEARTBEAT,48,HEARTBEAT,0,0,0,0,0,0,0x1001BFC0
1777258948.638,398640,4,6,GNSS,255,BROADCAST,0,HEARTBEAT,48,HEARTBEAT,0,0,0,0,0,0,0x1001BFC0
1777258948.638,398642,4,6,GNSS,1,CDH,10,HEALTH,1,HEALTH_0x01,0,0,0,0,1,1,0x1001804A
1777258948.639,398643,2,6,GNSS,1,CDH,4,TELEMETRY,2,TELEMETRY_0x02,0,0,0,0,0,0,0x08018044
1777258949.362,399364,2,6,GNSS,1,CDH,4,TELEMETRY,2,TELEMETRY_0x02,0,0,0,0,0,0,0x08018044
1777258949.362,399366,4,6,GNSS,1,CDH,3,CMD_RESP,97,CMD_RESP_0x61,1,0,0,0,0,0,0x10018043
1777258949.649,399638,4,6,GNSS,255,BROADCAST,0,HEARTBEAT,48,HEARTBEAT,0,0,0,0,0,0,0x1001BFC0
1777258950.630,400635,4,6,GNSS,255,BROADCAST,0,HEARTBEAT,48,HEARTBEAT,0,0,0,0,0,0,0x1001BFC0
1777258951.628,401632,4,6,GNSS,255,BROADCAST,0,HEARTBEAT,48,HEARTBEAT,0,0,0,0,0,0,0x1001BFC0
1777258952.634,402630,4,6,GNSS,255,BROADCAST,0,HEARTBEAT,48,HEARTBEAT,0,0,0,0,0,0,0x1001BFC0
1777258953.639,403627,4,6,GNSS,255,BROADCAST,0,HEARTBEAT,48,HEARTBEAT,0,0,0,0,0,0,0x1001BFC0
1777258953.639,403628,4,6,GNSS,1,CDH,10,HEALTH,1,HEALTH_0x01,0,0,0,0,1,1,0x1001804A
1777258953.639,403629,2,6,GNSS,1,CDH,4,TELEMETRY,2,TELEMETRY_0x02,0,0,0,0,0,0,0x08018044
1777258954.362,404343,2,6,GNSS,1,CDH,4,TELEMETRY,2,TELEMETRY_0x02,0,0,0,0,0,0,0x08018044
1777258954.362,404344,4,6,GNSS,1,CDH,3,CMD_RESP,97,CMD_RESP_0x61,1,0,0,0,0,0,0x10018043
1777258954.620,404625,4,6,GNSS,255,BROADCAST,0,HEARTBEAT,48,HEARTBEAT,0,0,0,0,0,0,0x1001BFC0
1777258955.626,405622,4,6,GNSS,255,BROADCAST,0,HEARTBEAT,48,HEARTBEAT,0,0,0,0,0,0,0x1001BFC0
1777258956.615,406620,4,6,GNSS,255,BROADCAST,0,HEARTBEAT,48,HEARTBEAT,0,0,0,0,0,0,0x1001BFC0
1777258957.634,407617,4,6,GNSS,255,BROADCAST,0,HEARTBEAT,48,HEARTBEAT,0,0,0,0,0,0,0x1001BFC0
1777258958.611,408614,4,6,GNSS,255,BROADCAST,0,HEARTBEAT,48,HEARTBEAT,0,0,0,0,0,0,0x1001BFC0
1777258958.611,408615,4,6,GNSS,1,CDH,10,HEALTH,1,HEALTH_0x01,0,0,0,0,1,1,0x1001804A
1777258958.611,408616,2,6,GNSS,1,CDH,4,TELEMETRY,2,TELEMETRY_0x02,0,0,0,0,0,0,0x08018044
1777258959.317,409321,2,6,GNSS,1,CDH,4,TELEMETRY,2,TELEMETRY_0x02,0,0,0,0,0,0,0x08018044
1777258959.317,409323,4,6,GNSS,1,CDH,3,CMD_RESP,97,CMD_RESP_0x61,1,0,0,0,0,0,0x10018043
1777258959.612,409612,4,6,GNSS,255,BROADCAST,0,HEARTBEAT,48,HEARTBEAT,0,0,0,0,0,0,0x1001BFC0
1777258960.616,410610,4,6,GNSS,255,BROADCAST,0,HEARTBEAT,48,HEARTBEAT,0,0,0,0,0,0,0x1001BFC0
1777258961.634,411607,4,6,GNSS,255,BROADCAST,0,HEARTBEAT,48,HEARTBEAT,0,0,0,0,0,0,0x1001BFC0
1777258962.611,412604,4,6,GNSS,255,BROADCAST,0,HEARTBEAT,48,HEARTBEAT,0,0,0,0,0,0,0x1001BFC0
1777258963.602,413602,4,6,GNSS,255,BROADCAST,0,HEARTBEAT,48,HEARTBEAT,0,0,0,0,0,0,0x1001BFC0
1777258963.602,413604,4,6,GNSS,1,CDH,10,HEALTH,1,HEALTH_0x01,0,0,0,0,1,1,0x1001804A
1777258963.602,413606,2,6,GNSS,1,CDH,4,TELEMETRY,2,TELEMETRY_0x02,0,0,0,0,0,0,0x08018044
1777258964.296,414299,2,6,GNSS,1,CDH,4,TELEMETRY,2,TELEMETRY_0x02,0,0,0,0,0,0,0x08018044
1777258964.296,414301,4,6,GNSS,1,CDH,3,CMD_RESP,97,CMD_RESP_0x61,1,0,0,0,0,0,0x10018043
1777258964.603,414600,4,6,GNSS,255,BROADCAST,0,HEARTBEAT,48,HEARTBEAT,0,0,0,0,0,0,0x1001BFC0
1777258965.620,415597,4,6,GNSS,255,BROADCAST,0,HEARTBEAT,48,HEARTBEAT,0,0,0,0,0,0,0x1001BFC0
1777258966.590,416595,4,6,GNSS,255,BROADCAST,0,HEARTBEAT,48,HEARTBEAT,0,0,0,0,0,0,0x1001BFC0
1777258967.588,417592,4,6,GNSS,255,BROADCAST,0,HEARTBEAT,48,HEARTBEAT,0,0,0,0,0,0,0x1001BFC0
1777258968.587,418589,4,6,GNSS,255,BROADCAST,0,HEARTBEAT,48,HEARTBEAT,0,0,0,0,0,0,0x1001BFC0
1777258968.587,418590,4,6,GNSS,1,CDH,10,HEALTH,1,HEALTH_0x01,0,0,0,0,1,1,0x1001804A
1777258968.587,418592,2,6,GNSS,1,CDH,4,TELEMETRY,2,TELEMETRY_0x02,0,0,0,0,0,0,0x08018044
1777258969.303,419277,2,6,GNSS,1,CDH,4,TELEMETRY,2,TELEMETRY_0x02,0,0,0,0,0,0,0x08018044
1777258969.303,419279,4,6,GNSS,1,CDH,3,CMD_RESP,97,CMD_RESP_0x61,1,0,0,0,0,0,0x10018043
1777258969.613,419588,4,6,GNSS,255,BROADCAST,0,HEARTBEAT,48,HEARTBEAT,0,0,0,0,0,0,0x1001BFC0
1777258970.587,420585,4,6,GNSS,255,BROADCAST,0,HEARTBEAT,48,HEARTBEAT,0,0,0,0,0,0,0x1001BFC0
1777258971.578,421582,4,6,GNSS,255,BROADCAST,0,HEARTBEAT,48,HEARTBEAT,0,0,0,0,0,0,0x1001BFC0
1777258972.590,422580,4,6,GNSS,255,BROADCAST,0,HEARTBEAT,48,HEARTBEAT,0,0,0,0,0,0,0x1001BFC0
1777258973.614,423577,4,6,GNSS,255,BROADCAST,0,HEARTBEAT,48,HEARTBEAT,0,0,0,0,0,0,0x1001BFC0
1777258973.614,423578,4,6,GNSS,1,CDH,10,HEALTH,1,HEALTH_0x01,0,0,0,0,1,1,0x1001804A
1777258973.614,423579,2,6,GNSS,1,CDH,4,TELEMETRY,2,TELEMETRY_0x02,0,0,0,0,0,0,0x08018044
1777258974.258,424257,2,6,GNSS,1,CDH,4,TELEMETRY,2,TELEMETRY_0x02,0,0,0,0,0,0,0x08018044
1777258974.258,424258,4,6,GNSS,1,CDH,3,CMD_RESP,97,CMD_RESP_0x61,1,0,0,0,0,0,0x10018043
1777258974.571,424575,4,6,GNSS,255,BROADCAST,0,HEARTBEAT,48,HEARTBEAT,0,0,0,0,0,0,0x1001BFC0
1777258975.568,425573,4,6,GNSS,255,BROADCAST,0,HEARTBEAT,48,HEARTBEAT,0,0,0,0,0,0,0x1001BFC0
1777258976.598,426570,4,6,GNSS,255,BROADCAST,0,HEARTBEAT,48,HEARTBEAT,0,0,0,0,0,0,0x1001BFC0
1777258977.563,427567,4,6,GNSS,255,BROADCAST,0,HEARTBEAT,48,HEARTBEAT,0,0,0,0,0,0,0x1001BFC0
1777258978.560,428564,4,6,GNSS,255,BROADCAST,0,HEARTBEAT,48,HEARTBEAT,0,0,0,0,0,0,0x1001BFC0
1777258978.573,428565,4,6,GNSS,1,CDH,10,HEALTH,1,HEALTH_0x01,0,0,0,0,1,1,0x1001804A
1777258978.573,428567,2,6,GNSS,1,CDH,4,TELEMETRY,2,TELEMETRY_0x02,0,0,0,0,0,0,0x08018044
1777258979.232,429234,2,6,GNSS,1,CDH,4,TELEMETRY,2,TELEMETRY_0x02,0,0,0,0,0,0,0x08018044
1777258979.232,429235,4,6,GNSS,1,CDH,3,CMD_RESP,97,CMD_RESP_0x61,1,0,0,0,0,0,0x10018043
1777258979.559,429563,4,6,GNSS,255,BROADCAST,0,HEARTBEAT,48,HEARTBEAT,0,0,0,0,0,0,0x1001BFC0
1777258980.577,430560,4,6,GNSS,255,BROADCAST,0,HEARTBEAT,48,HEARTBEAT,0,0,0,0,0,0,0x1001BFC0
1777258981.557,431558,4,6,GNSS,255,BROADCAST,0,HEARTBEAT,48,HEARTBEAT,0,0,0,0,0,0,0x1001BFC0
1777258982.551,432555,4,6,GNSS,255,BROADCAST,0,HEARTBEAT,48,HEARTBEAT,0,0,0,0,0,0,0x1001BFC0
1777258983.557,433552,4,6,GNSS,255,BROADCAST,0,HEARTBEAT,48,HEARTBEAT,0,0,0,0,0,0,0x1001BFC0
1777258983.557,433553,4,6,GNSS,1,CDH,10,HEALTH,1,HEALTH_0x01,0,0,0,0,1,1,0x1001804A
1777258983.557,433554,2,6,GNSS,1,CDH,4,TELEMETRY,2,TELEMETRY_0x02,0,0,0,0,0,0,0x08018044
1777258984.210,434212,2,6,GNSS,1,CDH,4,TELEMETRY,2,TELEMETRY_0x02,0,0,0,0,0,0,0x08018044
1777258984.210,434213,4,6,GNSS,1,CDH,3,CMD_RESP,97,CMD_RESP_0x61,1,0,0,0,0,0,0x10018043
1777258984.574,434550,4,6,GNSS,255,BROADCAST,0,HEARTBEAT,48,HEARTBEAT,0,0,0,0,0,0,0x1001BFC0
1777258985.545,435548,4,6,GNSS,255,BROADCAST,0,HEARTBEAT,48,HEARTBEAT,0,0,0,0,0,0,0x1001BFC0
1777258986.544,436545,4,6,GNSS,255,BROADCAST,0,HEARTBEAT,48,HEARTBEAT,0,0,0,0,0,0,0x1001BFC0
1777258987.541,437542,4,6,GNSS,255,BROADCAST,0,HEARTBEAT,48,HEARTBEAT,0,0,0,0,0,0,0x1001BFC0
1777258988.566,438539,4,6,GNSS,255,BROADCAST,0,HEARTBEAT,48,HEARTBEAT,0,0,0,0,0,0,0x1001BFC0
1777258988.566,438540,4,6,GNSS,1,CDH,10,HEALTH,1,HEALTH_0x01,0,0,0,0,1,1,0x1001804A
1777258988.566,438542,2,6,GNSS,1,CDH,4,TELEMETRY,2,TELEMETRY_0x02,0,0,0,0,0,0,0x08018044
1777258989.186,439190,2,6,GNSS,1,CDH,4,TELEMETRY,2,TELEMETRY_0x02,0,0,0,0,0,0,0x08018044
1777258989.188,439191,4,6,GNSS,1,CDH,3,CMD_RESP,97,CMD_RESP_0x61,1,0,0,0,0,0,0x10018043
1777258989.534,439538,4,6,GNSS,255,BROADCAST,0,HEARTBEAT,48,HEARTBEAT,0,0,0,0,0,0,0x1001BFC0
1777258990.530,440535,4,6,GNSS,255,BROADCAST,0,HEARTBEAT,48,HEARTBEAT,0,0,0,0,0,0,0x1001BFC0
1777258991.535,441532,4,6,GNSS,255,BROADCAST,0,HEARTBEAT,48,HEARTBEAT,0,0,0,0,0,0,0x1001BFC0
1777258992.551,442529,4,6,GNSS,255,BROADCAST,0,HEARTBEAT,48,HEARTBEAT,0,0,0,0,0,0,0x1001BFC0
1777258993.532,443526,4,6,GNSS,255,BROADCAST,0,HEARTBEAT,48,HEARTBEAT,0,0,0,0,0,0,0x1001BFC0
1777258993.532,443527,4,6,GNSS,1,CDH,10,HEALTH,1,HEALTH_0x01,0,0,0,0,1,1,0x1001804A
1777258993.532,443529,2,6,GNSS,1,CDH,4,TELEMETRY,2,TELEMETRY_0x02,0,0,0,0,0,0,0x08018044
1777258994.198,444168,2,6,GNSS,1,CDH,4,TELEMETRY,2,TELEMETRY_0x02,0,0,0,0,0,0,0x08018044
1777258994.198,444170,4,6,GNSS,1,CDH,3,CMD_RESP,97,CMD_RESP_0x61,1,0,0,0,0,0,0x10018043
1777258994.532,444525,4,6,GNSS,255,BROADCAST,0,HEARTBEAT,48,HEARTBEAT,0,0,0,0,0,0,0x1001BFC0
1777258995.529,445522,4,6,GNSS,255,BROADCAST,0,HEARTBEAT,48,HEARTBEAT,0,0,0,0,0,0,0x1001BFC0
1777258996.553,446519,4,6,GNSS,255,BROADCAST,0,HEARTBEAT,48,HEARTBEAT,0,0,0,0,0,0,0x1001BFC0
1777258997.512,447516,4,6,GNSS,255,BROADCAST,0,HEARTBEAT,48,HEARTBEAT,0,0,0,0,0,0,0x1001BFC0
1777258998.511,448514,4,6,GNSS,255,BROADCAST,0,HEARTBEAT,48,HEARTBEAT,0,0,0,0,0,0,0x1001BFC0
1777258998.511,448515,4,6,GNSS,1,CDH,10,HEALTH,1,HEALTH_0x01,0,0,0,0,1,1,0x1001804A
1777258998.511,448516,2,6,GNSS,1,CDH,4,TELEMETRY,2,TELEMETRY_0x02,0,0,0,0,0,0,0x08018044
1777258999.142,449146,2,6,GNSS,1,CDH,4,TELEMETRY,2,TELEMETRY_0x02,0,0,0,0,0,0,0x08018044
1777258999.143,449148,4,6,GNSS,1,CDH,3,CMD_RESP,97,CMD_RESP_0x61,1,0,0,0,0,0,0x10018043
1777258999.513,449512,4,6,GNSS,255,BROADCAST,0,HEARTBEAT,48,HEARTBEAT,0,0,0,0,0,0,0x1001BFC0
1777259000.544,450509,4,6,GNSS,255,BROADCAST,0,HEARTBEAT,48,HEARTBEAT,0,0,0,0,0,0,0x1001BFC0
1777259001.503,451507,4,6,GNSS,255,BROADCAST,0,HEARTBEAT,48,HEARTBEAT,0,0,0,0,0,0,0x1001BFC0
1777259002.500,452504,4,6,GNSS,255,BROADCAST,0,HEARTBEAT,48,HEARTBEAT,0,0,0,0,0,0,0x1001BFC0
1777259003.516,453501,4,6,GNSS,255,BROADCAST,0,HEARTBEAT,48,HEARTBEAT,0,0,0,0,0,0,0x1001BFC0
1777259003.516,453502,4,6,GNSS,1,CDH,10,HEALTH,1,HEALTH_0x01,0,0,0,0,1,1,0x1001804A
1777259003.516,453504,2,6,GNSS,1,CDH,4,TELEMETRY,2,TELEMETRY_0x02,0,0,0,0,0,0,0x08018044
1777259004.153,454126,2,6,GNSS,1,CDH,4,TELEMETRY,2,TELEMETRY_0x02,0,0,0,0,0,0,0x08018044
1777259004.153,454127,4,6,GNSS,1,CDH,3,CMD_RESP,97,CMD_RESP_0x61,1,0,0,0,0,0,0x10018043
1777259004.496,454500,4,6,GNSS,255,BROADCAST,0,HEARTBEAT,48,HEARTBEAT,0,0,0,0,0,0,0x1001BFC0
1777259005.493,455497,4,6,GNSS,255,BROADCAST,0,HEARTBEAT,48,HEARTBEAT,0,0,0,0,0,0,0x1001BFC0
1777259006.499,456494,4,6,GNSS,255,BROADCAST,0,HEARTBEAT,48,HEARTBEAT,0,0,0,0,0,0,0x1001BFC0
1777259007.498,457492,4,6,GNSS,255,BROADCAST,0,HEARTBEAT,48,HEARTBEAT,0,0,0,0,0,0,0x1001BFC0
1777259008.485,458489,4,6,GNSS,255,BROADCAST,0,HEARTBEAT,48,HEARTBEAT,0,0,0,0,0,0,0x1001BFC0
1777259008.486,458490,4,6,GNSS,1,CDH,10,HEALTH,1,HEALTH_0x01,0,0,0,0,1,1,0x1001804A
1777259008.487,458491,2,6,GNSS,1,CDH,4,TELEMETRY,2,TELEMETRY_0x02,0,0,0,0,0,0,0x08018044
1777259009.099,459103,2,6,GNSS,1,CDH,4,TELEMETRY,2,TELEMETRY_0x02,0,0,0,0,0,0,0x08018044
1777259009.100,459104,4,6,GNSS,1,CDH,3,CMD_RESP,97,CMD_RESP_0x61,1,0,0,0,0,0,0x10018043
1777259009.486,459487,4,6,GNSS,255,BROADCAST,0,HEARTBEAT,48,HEARTBEAT,0,0,0,0,0,0,0x1001BFC0
1777259010.481,460485,4,6,GNSS,255,BROADCAST,0,HEARTBEAT,48,HEARTBEAT,0,0,0,0,0,0,0x1001BFC0
1777259011.496,461482,4,6,GNSS,255,BROADCAST,0,HEARTBEAT,48,HEARTBEAT,0,0,0,0,0,0,0x1001BFC0
1777259012.477,462479,4,6,GNSS,255,BROADCAST,0,HEARTBEAT,48,HEARTBEAT,0,0,0,0,0,0,0x1001BFC0
1777259013.485,463477,4,6,GNSS,255,BROADCAST,0,HEARTBEAT,48,HEARTBEAT,0,0,0,0,0,0,0x1001BFC0
1777259013.485,463478,4,6,GNSS,1,CDH,10,HEALTH,1,HEALTH_0x01,0,0,0,0,1,1,0x1001804A
1777259013.485,463479,2,6,GNSS,1,CDH,4,TELEMETRY,2,TELEMETRY_0x02,0,0,0,0,0,0,0x08018044
1777259014.077,464081,2,6,GNSS,1,CDH,4,TELEMETRY,2,TELEMETRY_0x02,0,0,0,0,0,0,0x08018044
1777259014.078,464082,4,6,GNSS,1,CDH,3,CMD_RESP,97,CMD_RESP_0x61,1,0,0,0,0,0,0x10018043
1777259014.480,464475,4,6,GNSS,255,BROADCAST,0,HEARTBEAT,48,HEARTBEAT,0,0,0,0,0,0,0x1001BFC0
1777259015.497,465472,4,6,GNSS,255,BROADCAST,0,HEARTBEAT,48,HEARTBEAT,0,0,0,0,0,0,0x1001BFC0
1777259016.466,466470,4,6,GNSS,255,BROADCAST,0,HEARTBEAT,48,HEARTBEAT,0,0,0,0,0,0,0x1001BFC0
1777259017.463,467467,4,6,GNSS,255,BROADCAST,0,HEARTBEAT,48,HEARTBEAT,0,0,0,0,0,0,0x1001BFC0
1777259018.467,468464,4,6,GNSS,255,BROADCAST,0,HEARTBEAT,48,HEARTBEAT,0,0,0,0,0,0,0x1001BFC0
1777259018.467,468465,4,6,GNSS,1,CDH,10,HEALTH,1,HEALTH_0x01,0,0,0,0,1,1,0x1001804A
1777259018.467,468466,2,6,GNSS,1,CDH,4,TELEMETRY,2,TELEMETRY_0x02,0,0,0,0,0,0,0x08018044
1777259019.087,469059,2,6,GNSS,1,CDH,4,TELEMETRY,2,TELEMETRY_0x02,0,0,0,0,0,0,0x08018044
1777259019.087,469060,4,6,GNSS,1,CDH,3,CMD_RESP,97,CMD_RESP_0x61,1,0,0,0,0,0,0x10018043
1777259019.484,469463,4,6,GNSS,255,BROADCAST,0,HEARTBEAT,48,HEARTBEAT,0,0,0,0,0,0,0x1001BFC0
1777259020.456,470460,4,6,GNSS,255,BROADCAST,0,HEARTBEAT,48,HEARTBEAT,0,0,0,0,0,0,0x1001BFC0
1777259021.454,471457,4,6,GNSS,255,BROADCAST,0,HEARTBEAT,48,HEARTBEAT,0,0,0,0,0,0,0x1001BFC0
1777259022.462,472455,4,6,GNSS,255,BROADCAST,0,HEARTBEAT,48,HEARTBEAT,0,0,0,0,0,0,0x1001BFC0
1777259023.483,473452,4,6,GNSS,255,BROADCAST,0,HEARTBEAT,48,HEARTBEAT,0,0,0,0,0,0,0x1001BFC0
1777259023.483,473453,4,6,GNSS,1,CDH,10,HEALTH,1,HEALTH_0x01,0,0,0,0,1,1,0x1001804A
1777259023.483,473454,2,6,GNSS,1,CDH,4,TELEMETRY,2,TELEMETRY_0x02,0,0,0,0,0,0,0x08018044
1777259024.034,474037,2,6,GNSS,1,CDH,4,TELEMETRY,2,TELEMETRY_0x02,0,0,0,0,0,0,0x08018044
1777259024.034,474038,4,6,GNSS,1,CDH,3,CMD_RESP,97,CMD_RESP_0x61,1,0,0,0,0,0,0x10018043
1777259024.447,474450,4,6,GNSS,255,BROADCAST,0,HEARTBEAT,48,HEARTBEAT,0,0,0,0,0,0,0x1001BFC0
1777259025.445,475448,4,6,GNSS,255,BROADCAST,0,HEARTBEAT,48,HEARTBEAT,0,0,0,0,0,0,0x1001BFC0
1777259026.448,476445,4,6,GNSS,255,BROADCAST,0,HEARTBEAT,48,HEARTBEAT,0,0,0,0,0,0,0x1001BFC0
1777259027.478,477442,4,6,GNSS,255,BROADCAST,0,HEARTBEAT,48,HEARTBEAT,0,0,0,0,0,0,0x1001BFC0
1777259028.436,478439,4,6,GNSS,255,BROADCAST,0,HEARTBEAT,48,HEARTBEAT,0,0,0,0,0,0,0x1001BFC0
1777259028.437,478441,4,6,GNSS,1,CDH,10,HEALTH,1,HEALTH_0x01,0,0,0,0,1,1,0x1001804A
1777259028.438,478442,2,6,GNSS,1,CDH,4,TELEMETRY,2,TELEMETRY_0x02,0,0,0,0,0,0,0x08018044
1777259029.019,479015,2,6,GNSS,1,CDH,4,TELEMETRY,2,TELEMETRY_0x02,0,0,0,0,0,0,0x08018044
1777259029.019,479016,4,6,GNSS,1,CDH,3,CMD_RESP,97,CMD_RESP_0x61,1,0,0,0,0,0,0x10018043
1777259029.434,479438,4,6,GNSS,255,BROADCAST,0,HEARTBEAT,48,HEARTBEAT,0,0,0,0,0,0,0x1001BFC0
1777259030.450,480435,4,6,GNSS,255,BROADCAST,0,HEARTBEAT,48,HEARTBEAT,0,0,0,0,0,0,0x1001BFC0
1777259031.461,481432,4,6,GNSS,255,BROADCAST,0,HEARTBEAT,48,HEARTBEAT,0,0,0,0,0,0,0x1001BFC0
1777259032.428,482432,4,6,GNSS,255,BROADCAST,0,HEARTBEAT,48,HEARTBEAT,0,0,0,0,0,0,0x1001BFC0
1777259033.423,483427,4,6,GNSS,255,BROADCAST,0,HEARTBEAT,48,HEARTBEAT,0,0,0,0,0,0,0x1001BFC0
1777259033.425,483428,4,6,GNSS,1,CDH,10,HEALTH,1,HEALTH_0x01,0,0,0,0,1,1,0x1001804A
1777259033.425,483429,2,6,GNSS,1,CDH,4,TELEMETRY,2,TELEMETRY_0x02,0,0,0,0,0,0,0x08018044
1777259034.027,483993,2,6,GNSS,1,CDH,4,TELEMETRY,2,TELEMETRY_0x02,0,0,0,0,0,0,0x08018044
1777259034.027,483994,4,6,GNSS,1,CDH,3,CMD_RESP,97,CMD_RESP_0x61,1,0,0,0,0,0,0x10018043
1777259034.439,484425,4,6,GNSS,255,BROADCAST,0,HEARTBEAT,48,HEARTBEAT,0,0,0,0,0,0,0x1001BFC0
1777259035.418,485422,4,6,GNSS,255,BROADCAST,0,HEARTBEAT,48,HEARTBEAT,0,0,0,0,0,0,0x1001BFC0
1777259036.416,486420,4,6,GNSS,255,BROADCAST,0,HEARTBEAT,48,HEARTBEAT,0,0,0,0,0,0,0x1001BFC0
1777259037.413,487417,4,6,GNSS,255,BROADCAST,0,HEARTBEAT,48,HEARTBEAT,0,0,0,0,0,0,0x1001BFC0
1777259038.445,488414,4,6,GNSS,255,BROADCAST,0,HEARTBEAT,48,HEARTBEAT,0,0,0,0,0,0,0x1001BFC0
1777259038.445,488415,4,6,GNSS,1,CDH,10,HEALTH,1,HEALTH_0x01,0,0,0,0,1,1,0x1001804A
1777259038.445,488416,2,6,GNSS,1,CDH,4,TELEMETRY,2,TELEMETRY_0x02,0,0,0,0,0,0,0x08018044
1777259038.969,488972,2,6,GNSS,1,CDH,4,TELEMETRY,2,TELEMETRY_0x02,0,0,0,0,0,0,0x08018044
1777259038.969,488973,4,6,GNSS,1,CDH,3,CMD_RESP,97,CMD_RESP_0x61,1,0,0,0,0,0,0x10018043
1777259039.410,489413,4,6,GNSS,255,BROADCAST,0,HEARTBEAT,48,HEARTBEAT,0,0,0,0,0,0,0x1001BFC0
1777259040.407,490410,4,6,GNSS,255,BROADCAST,0,HEARTBEAT,48,HEARTBEAT,0,0,0,0,0,0,0x1001BFC0
1777259041.407,491407,4,6,GNSS,255,BROADCAST,0,HEARTBEAT,48,HEARTBEAT,0,0,0,0,0,0,0x1001BFC0
1777259042.424,492404,4,6,GNSS,255,BROADCAST,0,HEARTBEAT,48,HEARTBEAT,0,0,0,0,0,0,0x1001BFC0
1777259043.399,493402,4,6,GNSS,255,BROADCAST,0,HEARTBEAT,48,HEARTBEAT,0,0,0,0,0,0,0x1001BFC0
1777259043.399,493403,4,6,GNSS,1,CDH,10,HEALTH,1,HEALTH_0x01,0,0,0,0,1,1,0x1001804A
1777259043.401,493404,2,6,GNSS,1,CDH,4,TELEMETRY,2,TELEMETRY_0x02,0,0,0,0,0,0,0x08018044
1777259043.968,493950,2,6,GNSS,1,CDH,4,TELEMETRY,2,TELEMETRY_0x02,0,0,0,0,0,0,0x08018044
1777259043.968,493952,4,6,GNSS,1,CDH,3,CMD_RESP,97,CMD_RESP_0x61,1,0,0,0,0,0,0x10018043
1777259044.396,494400,4,6,GNSS,255,BROADCAST,0,HEARTBEAT,48,HEARTBEAT,0,0,0,0,0,0,0x1001BFC0
1777259045.402,495397,4,6,GNSS,255,BROADCAST,0,HEARTBEAT,48,HEARTBEAT,0,0,0,0,0,0,0x1001BFC0
1777259046.435,496395,4,6,GNSS,255,BROADCAST,0,HEARTBEAT,48,HEARTBEAT,0,0,0,0,0,0,0x1001BFC0
1777259047.393,497392,4,6,GNSS,255,BROADCAST,0,HEARTBEAT,48,HEARTBEAT,0,0,0,0,0,0,0x1001BFC0
1777259048.387,498389,4,6,GNSS,255,BROADCAST,0,HEARTBEAT,48,HEARTBEAT,0,0,0,0,0,0,0x1001BFC0
1777259048.388,498391,4,6,GNSS,1,CDH,10,HEALTH,1,HEALTH_0x01,0,0,0,0,1,1,0x1001804A
1777259048.388,498392,2,6,GNSS,1,CDH,4,TELEMETRY,2,TELEMETRY_0x02,0,0,0,0,0,0,0x08018044
1777259048.929,498930,2,6,GNSS,1,CDH,4,TELEMETRY,2,TELEMETRY_0x02,0,0,0,0,0,0,0x08018044
1777259048.929,498931,4,6,GNSS,1,CDH,3,CMD_RESP,97,CMD_RESP_0x61,1,0,0,0,0,0,0x10018043
1777259049.395,499388,4,6,GNSS,255,BROADCAST,0,HEARTBEAT,48,HEARTBEAT,0,0,0,0,0,0,0x1001BFC0
1777259050.417,500385,4,6,GNSS,255,BROADCAST,0,HEARTBEAT,48,HEARTBEAT,0,0,0,0,0,0,0x1001BFC0
1777259051.380,501383,4,6,GNSS,255,BROADCAST,0,HEARTBEAT,48,HEARTBEAT,0,0,0,0,0,0,0x1001BFC0
1777259052.378,502380,4,6,GNSS,255,BROADCAST,0,HEARTBEAT,48,HEARTBEAT,0,0,0,0,0,0,0x1001BFC0
1777259053.391,503378,4,6,GNSS,255,BROADCAST,0,HEARTBEAT,48,HEARTBEAT,0,0,0,0,0,0,0x1001BFC0
1777259053.391,503380,4,6,GNSS,1,CDH,10,HEALTH,1,HEALTH_0x01,0,0,0,0,1,1,0x1001804A
1777259053.391,503381,2,6,GNSS,1,CDH,4,TELEMETRY,2,TELEMETRY_0x02,0,0,0,0,0,0,0x08018044
1777259053.905,503907,2,6,GNSS,1,CDH,4,TELEMETRY,2,TELEMETRY_0x02,0,0,0,0,0,0,0x08018044
1777259053.905,503908,4,6,GNSS,1,CDH,3,CMD_RESP,97,CMD_RESP_0x61,1,0,0,0,0,0,0x10018043
1777259054.412,504376,4,6,GNSS,255,BROADCAST,0,HEARTBEAT,48,HEARTBEAT,0,0,0,0,0,0,0x1001BFC0
1777259055.370,505374,4,6,GNSS,255,BROADCAST,0,HEARTBEAT,48,HEARTBEAT,0,0,0,0,0,0,0x1001BFC0
1777259056.368,506371,4,6,GNSS,255,BROADCAST,0,HEARTBEAT,48,HEARTBEAT,0,0,0,0,0,0,0x1001BFC0
1777259057.383,507368,4,6,GNSS,255,BROADCAST,0,HEARTBEAT,48,HEARTBEAT,0,0,0,0,0,0,0x1001BFC0
1777259058.407,508365,4,6,GNSS,255,BROADCAST,0,HEARTBEAT,48,HEARTBEAT,0,0,0,0,0,0,0x1001BFC0
1777259058.407,508367,4,6,GNSS,1,CDH,10,HEALTH,1,HEALTH_0x01,0,0,0,0,1,1,0x1001804A
1777259058.407,508368,2,6,GNSS,1,CDH,4,TELEMETRY,2,TELEMETRY_0x02,0,0,0,0,0,0,0x08018044
1777259058.911,508886,2,6,GNSS,1,CDH,4,TELEMETRY,2,TELEMETRY_0x02,0,0,0,0,0,0,0x08018044
1777259058.911,508887,4,6,GNSS,1,CDH,3,CMD_RESP,97,CMD_RESP_0x61,1,0,0,0,0,0,0x10018043
1777259059.360,509364,4,6,GNSS,255,BROADCAST,0,HEARTBEAT,48,HEARTBEAT,0,0,0,0,0,0,0x1001BFC0
1777259060.358,510361,4,6,GNSS,255,BROADCAST,0,HEARTBEAT,48,HEARTBEAT,0,0,0,0,0,0,0x1001BFC0
1777259061.375,511359,4,6,GNSS,255,BROADCAST,0,HEARTBEAT,48,HEARTBEAT,0,0,0,0,0,0,0x1001BFC0
1777259062.362,512356,4,6,GNSS,255,BROADCAST,0,HEARTBEAT,48,HEARTBEAT,0,0,0,0,0,0,0x1001BFC0
1777259063.358,513353,4,6,GNSS,255,BROADCAST,0,HEARTBEAT,48,HEARTBEAT,0,0,0,0,0,0,0x1001BFC0
1777259063.358,513354,4,6,GNSS,1,CDH,10,HEALTH,1,HEALTH_0x01,0,0,0,0,1,1,0x1001804A
1777259063.364,513356,2,6,GNSS,1,CDH,4,TELEMETRY,2,TELEMETRY_0x02,0,0,0,0,0,0,0x08018044
1777259063.866,513866,2,6,GNSS,1,CDH,4,TELEMETRY,2,TELEMETRY_0x02,0,0,0,0,0,0,0x08018044
1777259063.866,513868,4,6,GNSS,1,CDH,3,CMD_RESP,97,CMD_RESP_0x61,1,0,0,0,0,0,0x10018043
1777259064.366,514352,4,6,GNSS,255,BROADCAST,0,HEARTBEAT,48,HEARTBEAT,0,0,0,0,0,0,0x1001BFC0
1777259065.369,515349,4,6,GNSS,255,BROADCAST,0,HEARTBEAT,48,HEARTBEAT,0,0,0,0,0,0,0x1001BFC0
1777259066.343,516346,4,6,GNSS,255,BROADCAST,0,HEARTBEAT,48,HEARTBEAT,0,0,0,0,0,0,0x1001BFC0
1777259067.353,517344,4,6,GNSS,255,BROADCAST,0,HEARTBEAT,48,HEARTBEAT,0,0,0,0,0,0,0x1001BFC0
1777259068.338,518341,4,6,GNSS,255,BROADCAST,0,HEARTBEAT,48,HEARTBEAT,0,0,0,0,0,0,0x1001BFC0
1777259068.339,518342,4,6,GNSS,1,CDH,10,HEALTH,1,HEALTH_0x01,0,0,0,0,1,1,0x1001804A
1777259068.340,518343,2,6,GNSS,1,CDH,4,TELEMETRY,2,TELEMETRY_0x02,0,0,0,0,0,0,0x08018044
1777259068.855,518842,2,6,GNSS,1,CDH,4,TELEMETRY,2,TELEMETRY_0x02,0,0,0,0,0,0,0x08018044
1777259068.855,518843,4,6,GNSS,1,CDH,3,CMD_RESP,97,CMD_RESP_0x61,1,0,0,0,0,0,0x10018043
1777259069.358,519339,4,6,GNSS,255,BROADCAST,0,HEARTBEAT,48,HEARTBEAT,0,0,0,0,0,0,0x1001BFC0
1777259070.340,520337,4,6,GNSS,255,BROADCAST,0,HEARTBEAT,48,HEARTBEAT,0,0,0,0,0,0,0x1001BFC0
1777259071.333,521334,4,6,GNSS,255,BROADCAST,0,HEARTBEAT,48,HEARTBEAT,0,0,0,0,0,0,0x1001BFC0
1777259072.335,522331,4,6,GNSS,255,BROADCAST,0,HEARTBEAT,48,HEARTBEAT,0,0,0,0,0,0,0x1001BFC0
1777259073.352,523329,4,6,GNSS,255,BROADCAST,0,HEARTBEAT,48,HEARTBEAT,0,0,0,0,0,0,0x1001BFC0
1777259073.352,523330,4,6,GNSS,1,CDH,10,HEALTH,1,HEALTH_0x01,0,0,0,0,1,1,0x1001804A
1777259073.352,523331,2,6,GNSS,1,CDH,4,TELEMETRY,2,TELEMETRY_0x02,0,0,0,0,0,0,0x08018044
1777259073.820,523821,2,6,GNSS,1,CDH,4,TELEMETRY,2,TELEMETRY_0x02,0,0,0,0,0,0,0x08018044
1777259073.820,523822,4,6,GNSS,1,CDH,3,CMD_RESP,97,CMD_RESP_0x61,1,0,0,0,0,0,0x10018043
1777259074.325,524327,4,6,GNSS,255,BROADCAST,0,HEARTBEAT,48,HEARTBEAT,0,0,0,0,0,0,0x1001BFC0
1777259075.322,525325,4,6,GNSS,255,BROADCAST,0,HEARTBEAT,48,HEARTBEAT,0,0,0,0,0,0,0x1001BFC0
1777259076.322,526322,4,6,GNSS,255,BROADCAST,0,HEARTBEAT,48,HEARTBEAT,0,0,0,0,0,0,0x1001BFC0
1777259077.347,527319,4,6,GNSS,255,BROADCAST,0,HEARTBEAT,48,HEARTBEAT,0,0,0,0,0,0,0x1001BFC0
1777259078.314,528317,4,6,GNSS,255,BROADCAST,0,HEARTBEAT,48,HEARTBEAT,0,0,0,0,0,0,0x1001BFC0
1777259078.324,528318,4,6,GNSS,1,CDH,10,HEALTH,1,HEALTH_0x01,0,0,0,0,1,1,0x1001804A
1777259078.324,528319,2,6,GNSS,1,CDH,4,TELEMETRY,2,TELEMETRY_0x02,0,0,0,0,0,0,0x08018044
1777259078.800,528800,2,6,GNSS,1,CDH,4,TELEMETRY,2,TELEMETRY_0x02,0,0,0,0,0,0,0x08018044
1777259078.800,528801,4,6,GNSS,1,CDH,3,CMD_RESP,97,CMD_RESP_0x61,1,0,0,0,0,0,0x10018043
1777259079.313,529315,4,6,GNSS,255,BROADCAST,0,HEARTBEAT,48,HEARTBEAT,0,0,0,0,0,0,0x1001BFC0
1777259080.319,530312,4,6,GNSS,255,BROADCAST,0,HEARTBEAT,48,HEARTBEAT,0,0,0,0,0,0,0x1001BFC0
1777259081.349,531310,4,6,GNSS,255,BROADCAST,0,HEARTBEAT,48,HEARTBEAT,0,0,0,0,0,0,0x1001BFC0
1777259082.304,532307,4,6,GNSS,255,BROADCAST,0,HEARTBEAT,48,HEARTBEAT,0,0,0,0,0,0,0x1001BFC0
1777259083.302,533304,4,6,GNSS,255,BROADCAST,0,HEARTBEAT,48,HEARTBEAT,0,0,0,0,0,0,0x1001BFC0
1777259083.303,533305,4,6,GNSS,1,CDH,10,HEALTH,1,HEALTH_0x01,0,0,0,0,1,1,0x1001804A
1777259083.304,533307,2,6,GNSS,1,CDH,4,TELEMETRY,2,TELEMETRY_0x02,0,0,0,0,0,0,0x08018044
1777259083.799,533777,2,6,GNSS,1,CDH,4,TELEMETRY,2,TELEMETRY_0x02,0,0,0,0,0,0,0x08018044
1777259083.799,533778,4,6,GNSS,1,CDH,3,CMD_RESP,97,CMD_RESP_0x61,1,0,0,0,0,0,0x10018043
1777259084.312,534303,4,6,GNSS,255,BROADCAST,0,HEARTBEAT,48,HEARTBEAT,0,0,0,0,0,0,0x1001BFC0
1777259085.339,535300,4,6,GNSS,255,BROADCAST,0,HEARTBEAT,48,HEARTBEAT,0,0,0,0,0,0,0x1001BFC0
1777259086.298,536297,4,6,GNSS,255,BROADCAST,0,HEARTBEAT,48,HEARTBEAT,0,0,0,0,0,0,0x1001BFC0
1777259087.302,537295,4,6,GNSS,255,BROADCAST,0,HEARTBEAT,48,HEARTBEAT,0,0,0,0,0,0,0x1001BFC0
1777259088.306,538292,4,6,GNSS,255,BROADCAST,0,HEARTBEAT,48,HEARTBEAT,0,0,0,0,0,0,0x1001BFC0
1777259088.319,538295,4,6,GNSS,1,CDH,10,HEALTH,1,HEALTH_0x01,0,0,0,0,1,1,0x1001804A
1777259088.319,538296,2,6,GNSS,1,CDH,4,TELEMETRY,2,TELEMETRY_0x02,0,0,0,0,0,0,0x08018044
1777259088.754,538755,2,6,GNSS,1,CDH,4,TELEMETRY,2,TELEMETRY_0x02,0,0,0,0,0,0,0x08018044
1777259088.754,538757,4,6,GNSS,1,CDH,3,CMD_RESP,97,CMD_RESP_0x61,1,0,0,0,0,0,0x10018043
1777259089.330,539291,4,6,GNSS,255,BROADCAST,0,HEARTBEAT,48,HEARTBEAT,0,0,0,0,0,0,0x1001BFC0
1777259090.285,540288,4,6,GNSS,255,BROADCAST,0,HEARTBEAT,48,HEARTBEAT,0,0,0,0,0,0,0x1001BFC0
1777259091.291,541285,4,6,GNSS,255,BROADCAST,0,HEARTBEAT,48,HEARTBEAT,0,0,0,0,0,0,0x1001BFC0
1777259092.295,542283,4,6,GNSS,255,BROADCAST,0,HEARTBEAT,48,HEARTBEAT,0,0,0,0,0,0,0x1001BFC0
1777259093.292,543280,4,6,GNSS,255,BROADCAST,0,HEARTBEAT,48,HEARTBEAT,0,0,0,0,0,0,0x1001BFC0
1777259093.292,543281,4,6,GNSS,1,CDH,10,HEALTH,1,HEALTH_0x01,0,0,0,0,1,1,0x1001804A
1777259093.324,543282,2,6,GNSS,1,CDH,4,TELEMETRY,2,TELEMETRY_0x02,0,0,0,0,0,0,0x08018044
1777259093.736,543734,2,6,GNSS,1,CDH,4,TELEMETRY,2,TELEMETRY_0x02,0,0,0,0,0,0,0x08018044
1777259093.736,543735,4,6,GNSS,1,CDH,3,CMD_RESP,97,CMD_RESP_0x61,1,0,0,0,0,0,0x10018043
1777259094.289,544279,4,6,GNSS,255,BROADCAST,0,HEARTBEAT,48,HEARTBEAT,0,0,0,0,0,0,0x1001BFC0
1777259095.273,545276,4,6,GNSS,255,BROADCAST,0,HEARTBEAT,48,HEARTBEAT,0,0,0,0,0,0,0x1001BFC0
1777259096.296,546273,4,6,GNSS,255,BROADCAST,0,HEARTBEAT,48,HEARTBEAT,0,0,0,0,0,0,0x1001BFC0
1777259097.268,547271,4,6,GNSS,255,BROADCAST,0,HEARTBEAT,48,HEARTBEAT,0,0,0,0,0,0,0x1001BFC0
1777259098.268,548268,4,6,GNSS,255,BROADCAST,0,HEARTBEAT,48,HEARTBEAT,0,0,0,0,0,0,0x1001BFC0
1777259098.268,548269,4,6,GNSS,1,CDH,10,HEALTH,1,HEALTH_0x01,0,0,0,0,1,1,0x1001804A
1777259098.268,548270,2,6,GNSS,1,CDH,4,TELEMETRY,2,TELEMETRY_0x02,0,0,0,0,0,0,0x08018044
1777259098.750,548712,2,6,GNSS,1,CDH,4,TELEMETRY,2,TELEMETRY_0x02,0,0,0,0,0,0,0x08018044
1777259098.750,548713,4,6,GNSS,1,CDH,3,CMD_RESP,97,CMD_RESP_0x61,1,0,0,0,0,0,0x10018043
1777259099.268,549266,4,6,GNSS,255,BROADCAST,0,HEARTBEAT,48,HEARTBEAT,0,0,0,0,0,0,0x1001BFC0
1777259100.284,550264,4,6,GNSS,255,BROADCAST,0,HEARTBEAT,48,HEARTBEAT,0,0,0,0,0,0,0x1001BFC0
1777259101.259,551261,4,6,GNSS,255,BROADCAST,0,HEARTBEAT,48,HEARTBEAT,0,0,0,0,0,0,0x1001BFC0
1777259102.256,552258,4,6,GNSS,255,BROADCAST,0,HEARTBEAT,48,HEARTBEAT,0,0,0,0,0,0,0x1001BFC0
1777259103.257,553256,4,6,GNSS,255,BROADCAST,0,HEARTBEAT,48,HEARTBEAT,0,0,0,0,0,0,0x1001BFC0
1777259103.257,553257,4,6,GNSS,1,CDH,10,HEALTH,1,HEALTH_0x01,0,0,0,0,1,1,0x1001804A
1777259103.257,553258,2,6,GNSS,1,CDH,4,TELEMETRY,2,TELEMETRY_0x02,0,0,0,0,0,0,0x08018044
1777259103.693,553690,2,6,GNSS,1,CDH,4,TELEMETRY,2,TELEMETRY_0x02,0,0,0,0,0,0,0x08018044
1777259103.693,553692,4,6,GNSS,1,CDH,3,CMD_RESP,97,CMD_RESP_0x61,1,0,0,0,0,0,0x10018043
1777259104.274,554254,4,6,GNSS,255,BROADCAST,0,HEARTBEAT,48,HEARTBEAT,0,0,0,0,0,0,0x1001BFC0
1777259105.249,555251,4,6,GNSS,255,BROADCAST,0,HEARTBEAT,48,HEARTBEAT,0,0,0,0,0,0,0x1001BFC0
1777259106.246,556248,4,6,GNSS,255,BROADCAST,0,HEARTBEAT,48,HEARTBEAT,0,0,0,0,0,0,0x1001BFC0
1777259107.244,557246,4,6,GNSS,255,BROADCAST,0,HEARTBEAT,48,HEARTBEAT,0,0,0,0,0,0,0x1001BFC0
1777259108.270,558243,4,6,GNSS,255,BROADCAST,0,HEARTBEAT,48,HEARTBEAT,0,0,0,0,0,0,0x1001BFC0
1777259108.270,558244,4,6,GNSS,1,CDH,10,HEALTH,1,HEALTH_0x01,0,0,0,0,1,1,0x1001804A
1777259108.270,558245,2,6,GNSS,1,CDH,4,TELEMETRY,2,TELEMETRY_0x02,0,0,0,0,0,0,0x08018044
1777259108.680,558669,2,6,GNSS,1,CDH,4,TELEMETRY,2,TELEMETRY_0x02,0,0,0,0,0,0,0x08018044
1777259108.680,558670,4,6,GNSS,1,CDH,3,CMD_RESP,97,CMD_RESP_0x61,1,0,0,0,0,0,0x10018043
1777259109.240,559242,4,6,GNSS,255,BROADCAST,0,HEARTBEAT,48,HEARTBEAT,0,0,0,0,0,0,0x1001BFC0
1777259110.237,560239,4,6,GNSS,255,BROADCAST,0,HEARTBEAT,48,HEARTBEAT,0,0,0,0,0,0,0x1001BFC0
1777259111.245,561236,4,6,GNSS,255,BROADCAST,0,HEARTBEAT,48,HEARTBEAT,0,0,0,0,0,0,0x1001BFC0
1777259112.271,562233,4,6,GNSS,255,BROADCAST,0,HEARTBEAT,48,HEARTBEAT,0,0,0,0,0,0,0x1001BFC0
1777259113.231,563231,4,6,GNSS,255,BROADCAST,0,HEARTBEAT,48,HEARTBEAT,0,0,0,0,0,0,0x1001BFC0
1777259113.231,563232,4,6,GNSS,1,CDH,10,HEALTH,1,HEALTH_0x01,0,0,0,0,1,1,0x1001804A
1777259113.231,563233,2,6,GNSS,1,CDH,4,TELEMETRY,2,TELEMETRY_0x02,0,0,0,0,0,0,0x08018044
1777259113.647,563648,2,6,GNSS,1,CDH,4,TELEMETRY,2,TELEMETRY_0x02,0,0,0,0,0,0,0x08018044
1777259113.647,563649,4,6,GNSS,1,CDH,3,CMD_RESP,97,CMD_RESP_0x61,1,0,0,0,0,0,0x10018043
1777259114.227,564229,4,6,GNSS,255,BROADCAST,0,HEARTBEAT,48,HEARTBEAT,0,0,0,0,0,0,0x1001BFC0
1777259115.239,565227,4,6,GNSS,255,BROADCAST,0,HEARTBEAT,48,HEARTBEAT,0,0,0,0,0,0,0x1001BFC0
1777259116.279,566224,4,6,GNSS,255,BROADCAST,0,HEARTBEAT,48,HEARTBEAT,0,0,0,0,0,0,0x1001BFC0
1777259117.226,567221,4,6,GNSS,255,BROADCAST,0,HEARTBEAT,48,HEARTBEAT,0,0,0,0,0,0,0x1001BFC0
1777259118.217,568219,4,6,GNSS,255,BROADCAST,0,HEARTBEAT,48,HEARTBEAT,0,0,0,0,0,0,0x1001BFC0
1777259118.218,568220,4,6,GNSS,1,CDH,10,HEALTH,1,HEALTH_0x01,0,0,0,0,1,1,0x1001804A
1777259118.218,568221,2,6,GNSS,1,CDH,4,TELEMETRY,2,TELEMETRY_0x02,0,0,0,0,0,0,0x08018044
1777259118.624,568626,2,6,GNSS,1,CDH,4,TELEMETRY,2,TELEMETRY_0x02,0,0,0,0,0,0,0x08018044
1777259118.625,568627,4,6,GNSS,1,CDH,3,CMD_RESP,97,CMD_RESP_0x61,1,0,0,0,0,0,0x10018043
1777259119.227,569217,4,6,GNSS,255,BROADCAST,0,HEARTBEAT,48,HEARTBEAT,0,0,0,0,0,0,0x1001BFC0
1777259120.268,570215,4,6,GNSS,255,BROADCAST,0,HEARTBEAT,48,HEARTBEAT,0,0,0,0,0,0,0x1001BFC0
1777259121.210,571212,4,6,GNSS,255,BROADCAST,0,HEARTBEAT,48,HEARTBEAT,0,0,0,0,0,0,0x1001BFC0
1777259122.208,572209,4,6,GNSS,255,BROADCAST,0,HEARTBEAT,48,HEARTBEAT,0,0,0,0,0,0,0x1001BFC0
1777259123.229,573207,4,6,GNSS,255,BROADCAST,0,HEARTBEAT,48,HEARTBEAT,0,0,0,0,0,0,0x1001BFC0
1777259123.229,573208,4,6,GNSS,1,CDH,10,HEALTH,1,HEALTH_0x01,0,0,0,0,1,1,0x1001804A
1777259123.229,573209,2,6,GNSS,1,CDH,4,TELEMETRY,2,TELEMETRY_0x02,0,0,0,0,0,0,0x08018044
1777259123.628,573604,2,6,GNSS,1,CDH,4,TELEMETRY,2,TELEMETRY_0x02,0,0,0,0,0,0,0x08018044
1777259123.628,573605,4,6,GNSS,1,CDH,3,CMD_RESP,97,CMD_RESP_0x61,1,0,0,0,0,0,0x10018043
1777259124.203,574205,4,6,GNSS,255,BROADCAST,0,HEARTBEAT,48,HEARTBEAT,0,0,0,0,0,0,0x1001BFC0
1777259125.201,575202,4,6,GNSS,255,BROADCAST,0,HEARTBEAT,48,HEARTBEAT,0,0,0,0,0,0,0x1001BFC0
1777259126.197,576200,4,6,GNSS,255,BROADCAST,0,HEARTBEAT,48,HEARTBEAT,0,0,0,0,0,0,0x1001BFC0
1777259127.217,577197,4,6,GNSS,255,BROADCAST,0,HEARTBEAT,48,HEARTBEAT,0,0,0,0,0,0,0x1001BFC0
1777259128.193,578194,4,6,GNSS,255,BROADCAST,0,HEARTBEAT,48,HEARTBEAT,0,0,0,0,0,0,0x1001BFC0
1777259128.194,578195,4,6,GNSS,1,CDH,10,HEALTH,1,HEALTH_0x01,0,0,0,0,1,1,0x1001804A
1777259128.194,578196,2,6,GNSS,1,CDH,4,TELEMETRY,2,TELEMETRY_0x02,0,0,0,0,0,0,0x08018044
1777259128.581,578582,2,6,GNSS,1,CDH,4,TELEMETRY,2,TELEMETRY_0x02,0,0,0,0,0,0,0x08018044
1777259128.581,578584,4,6,GNSS,1,CDH,3,CMD_RESP,97,CMD_RESP_0x61,1,0,0,0,0,0,0x10018043
1777259129.191,579193,4,6,GNSS,255,BROADCAST,0,HEARTBEAT,48,HEARTBEAT,0,0,0,0,0,0,0x1001BFC0
1777259130.188,580190,4,6,GNSS,255,BROADCAST,0,HEARTBEAT,48,HEARTBEAT,0,0,0,0,0,0,0x1001BFC0
1777259131.208,581188,4,6,GNSS,255,BROADCAST,0,HEARTBEAT,48,HEARTBEAT,0,0,0,0,0,0,0x1001BFC0
1777259132.188,582185,4,6,GNSS,255,BROADCAST,0,HEARTBEAT,48,HEARTBEAT,0,0,0,0,0,0,0x1001BFC0
1777259133.180,583182,4,6,GNSS,255,BROADCAST,0,HEARTBEAT,48,HEARTBEAT,0,0,0,0,0,0,0x1001BFC0
1777259133.182,583183,4,6,GNSS,1,CDH,10,HEALTH,1,HEALTH_0x01,0,0,0,0,1,1,0x1001804A
1777259133.182,583184,2,6,GNSS,1,CDH,4,TELEMETRY,2,TELEMETRY_0x02,0,0,0,0,0,0,0x08018044
1777259133.583,583561,2,6,GNSS,1,CDH,4,TELEMETRY,2,TELEMETRY_0x02,0,0,0,0,0,0,0x08018044
1777259133.583,583562,4,6,GNSS,1,CDH,3,CMD_RESP,97,CMD_RESP_0x61,1,0,0,0,0,0,0x10018043
1777259134.185,584181,4,6,GNSS,255,BROADCAST,0,HEARTBEAT,48,HEARTBEAT,0,0,0,0,0,0,0x1001BFC0
1777259135.209,585178,4,6,GNSS,255,BROADCAST,0,HEARTBEAT,48,HEARTBEAT,0,0,0,0,0,0,0x1001BFC0
1777259136.182,586175,4,6,GNSS,255,BROADCAST,0,HEARTBEAT,48,HEARTBEAT,0,0,0,0,0,0,0x1001BFC0
1777259137.171,587173,4,6,GNSS,255,BROADCAST,0,HEARTBEAT,48,HEARTBEAT,0,0,0,0,0,0,0x1001BFC0
1777259138.189,588170,4,6,GNSS,255,BROADCAST,0,HEARTBEAT,48,HEARTBEAT,0,0,0,0,0,0,0x1001BFC0
1777259138.189,588171,4,6,GNSS,1,CDH,10,HEALTH,1,HEALTH_0x01,0,0,0,0,1,1,0x1001804A
1777259138.189,588172,2,6,GNSS,1,CDH,4,TELEMETRY,2,TELEMETRY_0x02,0,0,0,0,0,0,0x08018044
1777259138.543,588540,2,6,GNSS,1,CDH,4,TELEMETRY,2,TELEMETRY_0x02,0,0,0,0,0,0,0x08018044
1777259138.543,588541,4,6,GNSS,1,CDH,3,CMD_RESP,97,CMD_RESP_0x61,1,0,0,0,0,0,0x10018043
1777259139.212,589169,4,6,GNSS,255,BROADCAST,0,HEARTBEAT,48,HEARTBEAT,0,0,0,0,0,0,0x1001BFC0
1777259140.164,590166,4,6,GNSS,255,BROADCAST,0,HEARTBEAT,48,HEARTBEAT,0,0,0,0,0,0,0x1001BFC0
1777259141.162,591163,4,6,GNSS,255,BROADCAST,0,HEARTBEAT,48,HEARTBEAT,0,0,0,0,0,0,0x1001BFC0
1777259142.174,592160,4,6,GNSS,255,BROADCAST,0,HEARTBEAT,48,HEARTBEAT,0,0,0,0,0,0,0x1001BFC0
1777259143.206,593158,4,6,GNSS,255,BROADCAST,0,HEARTBEAT,48,HEARTBEAT,0,0,0,0,0,0,0x1001BFC0
1777259143.206,593159,4,6,GNSS,1,CDH,10,HEALTH,1,HEALTH_0x01,0,0,0,0,1,1,0x1001804A
1777259143.206,593160,2,6,GNSS,1,CDH,4,TELEMETRY,2,TELEMETRY_0x02,0,0,0,0,0,0,0x08018044
1777259143.517,593517,2,6,GNSS,1,CDH,4,TELEMETRY,2,TELEMETRY_0x02,0,0,0,0,0,0,0x08018044
1777259143.518,593518,4,6,GNSS,1,CDH,3,CMD_RESP,97,CMD_RESP_0x61,1,0,0,0,0,0,0x10018043
1777259144.156,594156,4,6,GNSS,255,BROADCAST,0,HEARTBEAT,48,HEARTBEAT,0,0,0,0,0,0,0x1001BFC0
1777259145.151,595153,4,6,GNSS,255,BROADCAST,0,HEARTBEAT,48,HEARTBEAT,0,0,0,0,0,0,0x1001BFC0
1777259146.171,596151,4,6,GNSS,255,BROADCAST,0,HEARTBEAT,48,HEARTBEAT,0,0,0,0,0,0,0x1001BFC0
1777259147.191,597148,4,6,GNSS,255,BROADCAST,0,HEARTBEAT,48,HEARTBEAT,0,0,0,0,0,0,0x1001BFC0
1777259148.151,598145,4,6,GNSS,255,BROADCAST,0,HEARTBEAT,48,HEARTBEAT,0,0,0,0,0,0,0x1001BFC0
1777259148.151,598147,4,6,GNSS,1,CDH,10,HEALTH,1,HEALTH_0x01,0,0,0,0,1,1,0x1001804A
1777259148.151,598148,2,6,GNSS,1,CDH,4,TELEMETRY,2,TELEMETRY_0x02,0,0,0,0,0,0,0x08018044
1777259148.532,598495,2,6,GNSS,1,CDH,4,TELEMETRY,2,TELEMETRY_0x02,0,0,0,0,0,0,0x08018044
1777259148.532,598496,4,6,GNSS,1,CDH,3,CMD_RESP,97,CMD_RESP_0x61,1,0,0,0,0,0,0x10018043
1777259149.154,599144,4,6,GNSS,255,BROADCAST,0,HEARTBEAT,48,HEARTBEAT,0,0,0,0,0,0,0x1001BFC0
1777259150.158,600141,4,6,GNSS,255,BROADCAST,0,HEARTBEAT,48,HEARTBEAT,0,0,0,0,0,0,0x1001BFC0
1777259151.170,601139,4,6,GNSS,255,BROADCAST,0,HEARTBEAT,48,HEARTBEAT,0,0,0,0,0,0,0x1001BFC0
1777259152.136,602136,4,6,GNSS,255,BROADCAST,0,HEARTBEAT,48,HEARTBEAT,0,0,0,0,0,0,0x1001BFC0
1777259153.134,603133,4,6,GNSS,255,BROADCAST,0,HEARTBEAT,48,HEARTBEAT,0,0,0,0,0,0,0x1001BFC0
1777259153.134,603134,4,6,GNSS,1,CDH,10,HEALTH,1,HEALTH_0x01,0,0,0,0,1,1,0x1001804A
1777259153.134,603136,2,6,GNSS,1,CDH,4,TELEMETRY,2,TELEMETRY_0x02,0,0,0,0,0,0,0x08018044
1777259153.472,603474,2,6,GNSS,1,CDH,4,TELEMETRY,2,TELEMETRY_0x02,0,0,0,0,0,0,0x08018044
1777259153.474,603475,4,6,GNSS,1,CDH,3,CMD_RESP,97,CMD_RESP_0x61,1,0,0,0,0,0,0x10018043
1777259154.153,604132,4,6,GNSS,255,BROADCAST,0,HEARTBEAT,48,HEARTBEAT,0,0,0,0,0,0,0x1001BFC0
1777259155.127,605129,4,6,GNSS,255,BROADCAST,0,HEARTBEAT,48,HEARTBEAT,0,0,0,0,0,0,0x1001BFC0
1777259156.125,606126,4,6,GNSS,255,BROADCAST,0,HEARTBEAT,48,HEARTBEAT,0,0,0,0,0,0,0x1001BFC0
1777259157.129,607124,4,6,GNSS,255,BROADCAST,0,HEARTBEAT,48,HEARTBEAT,0,0,0,0,0,0,0x1001BFC0
1777259158.145,608121,4,6,GNSS,255,BROADCAST,0,HEARTBEAT,48,HEARTBEAT,0,0,0,0,0,0,0x1001BFC0
1777259158.145,608122,4,6,GNSS,1,CDH,10,HEALTH,1,HEALTH_0x01,0,0,0,0,1,1,0x1001804A
1777259158.145,608123,2,6,GNSS,1,CDH,4,TELEMETRY,2,TELEMETRY_0x02,0,0,0,0,0,0,0x08018044
1777259158.452,608452,2,6,GNSS,1,CDH,4,TELEMETRY,2,TELEMETRY_0x02,0,0,0,0,0,0,0x08018044
1777259158.452,608453,4,6,GNSS,1,CDH,3,CMD_RESP,97,CMD_RESP_0x61,1,0,0,0,0,0,0x10018043
1777259159.118,609120,4,6,GNSS,255,BROADCAST,0,HEARTBEAT,48,HEARTBEAT,0,0,0,0,0,0,0x1001BFC0
1777259160.116,610117,4,6,GNSS,255,BROADCAST,0,HEARTBEAT,48,HEARTBEAT,0,0,0,0,0,0,0x1001BFC0
1777259161.114,611114,4,6,GNSS,255,BROADCAST,0,HEARTBEAT,48,HEARTBEAT,0,0,0,0,0,0,0x1001BFC0
1777259162.140,612111,4,6,GNSS,255,BROADCAST,0,HEARTBEAT,48,HEARTBEAT,0,0,0,0,0,0,0x1001BFC0
1777259163.109,613109,4,6,GNSS,255,BROADCAST,0,HEARTBEAT,48,HEARTBEAT,0,0,0,0,0,0,0x1001BFC0
1777259163.111,613110,4,6,GNSS,1,CDH,10,HEALTH,1,HEALTH_0x01,0,0,0,0,1,1,0x1001804A
1777259163.111,613111,2,6,GNSS,1,CDH,4,TELEMETRY,2,TELEMETRY_0x02,0,0,0,0,0,0,0x08018044
1777259163.473,613431,2,6,GNSS,1,CDH,4,TELEMETRY,2,TELEMETRY_0x02,0,0,0,0,0,0,0x08018044
1777259163.473,613432,4,6,GNSS,1,CDH,3,CMD_RESP,97,CMD_RESP_0x61,1,0,0,0,0,0,0x10018043
1777259164.108,614107,4,6,GNSS,255,BROADCAST,0,HEARTBEAT,48,HEARTBEAT,0,0,0,0,0,0,0x1001BFC0
1777259165.108,615104,4,6,GNSS,255,BROADCAST,0,HEARTBEAT,48,HEARTBEAT,0,0,0,0,0,0,0x1001BFC0
1777259166.126,616102,4,6,GNSS,255,BROADCAST,0,HEARTBEAT,48,HEARTBEAT,0,0,0,0,0,0,0x1001BFC0
1777259167.097,617099,4,6,GNSS,255,BROADCAST,0,HEARTBEAT,48,HEARTBEAT,0,0,0,0,0,0,0x1001BFC0
1777259168.095,618096,4,6,GNSS,255,BROADCAST,0,HEARTBEAT,48,HEARTBEAT,0,0,0,0,0,0,0x1001BFC0
1777259168.096,618097,4,6,GNSS,1,CDH,10,HEALTH,1,HEALTH_0x01,0,0,0,0,1,1,0x1001804A
1777259168.097,618098,2,6,GNSS,1,CDH,4,TELEMETRY,2,TELEMETRY_0x02,0,0,0,0,0,0,0x08018044
1777259169.108,619095,4,6,GNSS,255,BROADCAST,0,HEARTBEAT,48,HEARTBEAT,0,0,0,0,0,0,0x1001BFC0
1777259170.128,620092,4,6,GNSS,255,BROADCAST,0,HEARTBEAT,48,HEARTBEAT,0,0,0,0,0,0,0x1001BFC0
1777259171.088,621089,4,6,GNSS,255,BROADCAST,0,HEARTBEAT,48,HEARTBEAT,0,0,0,0,0,0,0x1001BFC0
1777259172.086,622087,4,6,GNSS,255,BROADCAST,0,HEARTBEAT,48,HEARTBEAT,0,0,0,0,0,0,0x1001BFC0
1777259173.095,623084,4,6,GNSS,255,BROADCAST,0,HEARTBEAT,48,HEARTBEAT,0,0,0,0,0,0,0x1001BFC0
1777259173.095,623085,4,6,GNSS,1,CDH,10,HEALTH,1,HEALTH_0x01,0,0,0,0,1,1,0x1001804A
1777259173.095,623086,2,6,GNSS,1,CDH,4,TELEMETRY,2,TELEMETRY_0x02,0,0,0,0,0,0,0x08018044
1777259174.121,624082,4,6,GNSS,255,BROADCAST,0,HEARTBEAT,48,HEARTBEAT,0,0,0,0,0,0,0x1001BFC0
1777259175.080,625080,4,6,GNSS,255,BROADCAST,0,HEARTBEAT,48,HEARTBEAT,0,0,0,0,0,0,0x1001BFC0
1777259176.161,626077,4,6,GNSS,255,BROADCAST,0,HEARTBEAT,48,HEARTBEAT,0,0,0,0,0,0,0x1001BFC0
1777259177.090,627074,4,6,GNSS,255,BROADCAST,0,HEARTBEAT,48,HEARTBEAT,0,0,0,0,0,0,0x1001BFC0
1777259178.107,628072,4,6,GNSS,255,BROADCAST,0,HEARTBEAT,48,HEARTBEAT,0,0,0,0,0,0,0x1001BFC0
1777259178.117,628073,4,6,GNSS,1,CDH,10,HEALTH,1,HEALTH_0x01,0,0,0,0,1,1,0x1001804A
1777259178.117,628074,2,6,GNSS,1,CDH,4,TELEMETRY,2,TELEMETRY_0x02,0,0,0,0,0,0,0x08018044
1777259183.060,633059,4,6,GNSS,255,BROADCAST,0,HEARTBEAT,48,HEARTBEAT,0,0,0,0,0,0,0x1001BFC0
1777259183.060,633060,4,6,GNSS,1,CDH,10,HEALTH,1,HEALTH_0x01,0,0,0,0,1,1,0x1001804A
1777259183.060,633061,2,6,GNSS,1,CDH,4,TELEMETRY,2,TELEMETRY_0x02,0,0,0,0,0,0,0x08018044
1777259184.056,634057,4,6,GNSS,255,BROADCAST,0,HEARTBEAT,48,HEARTBEAT,0,0,0,0,0,0,0x1001BFC0
1777259185.082,635055,4,6,GNSS,255,BROADCAST,0,HEARTBEAT,48,HEARTBEAT,0,0,0,0,0,0,0x1001BFC0
1777259186.051,636052,4,6,GNSS,255,BROADCAST,0,HEARTBEAT,48,HEARTBEAT,0,0,0,0,0,0,0x1001BFC0
1777259187.049,637049,4,6,GNSS,255,BROADCAST,0,HEARTBEAT,48,HEARTBEAT,0,0,0,0,0,0,0x1001BFC0
1777259188.046,638046,4,6,GNSS,255,BROADCAST,0,HEARTBEAT,48,HEARTBEAT,0,0,0,0,0,0,0x1001BFC0
1777259188.046,638048,4,6,GNSS,1,CDH,10,HEALTH,1,HEALTH_0x01,0,0,0,0,1,1,0x1001804A
1777259188.048,638049,2,6,GNSS,1,CDH,4,TELEMETRY,2,TELEMETRY_0x02,0,0,0,0,0,0,0x08018044
1777259189.064,639045,4,6,GNSS,255,BROADCAST,0,HEARTBEAT,48,HEARTBEAT,0,0,0,0,0,0,0x1001BFC0
1777259190.041,640042,4,6,GNSS,255,BROADCAST,0,HEARTBEAT,48,HEARTBEAT,0,0,0,0,0,0,0x1001BFC0
1777259191.038,641039,4,6,GNSS,255,BROADCAST,0,HEARTBEAT,48,HEARTBEAT,0,0,0,0,0,0,0x1001BFC0
1777259192.038,642037,4,6,GNSS,255,BROADCAST,0,HEARTBEAT,48,HEARTBEAT,0,0,0,0,0,0,0x1001BFC0
1777259193.057,643034,4,6,GNSS,255,BROADCAST,0,HEARTBEAT,48,HEARTBEAT,0,0,0,0,0,0,0x1001BFC0
1777259193.057,643037,4,6,GNSS,1,CDH,10,HEALTH,1,HEALTH_0x01,0,0,0,0,1,1,0x1001804A
1777259193.057,643038,2,6,GNSS,1,CDH,4,TELEMETRY,2,TELEMETRY_0x02,0,0,0,0,0,0,0x08018044
1777259194.031,644033,4,6,GNSS,255,BROADCAST,0,HEARTBEAT,48,HEARTBEAT,0,0,0,0,0,0,0x1001BFC0
1777259195.031,645030,4,6,GNSS,255,BROADCAST,0,HEARTBEAT,48,HEARTBEAT,0,0,0,0,0,0,0x1001BFC0
1777259196.037,646027,4,6,GNSS,255,BROADCAST,0,HEARTBEAT,48,HEARTBEAT,0,0,0,0,0,0,0x1001BFC0
1777259197.054,647024,4,6,GNSS,255,BROADCAST,0,HEARTBEAT,48,HEARTBEAT,0,0,0,0,0,0,0x1001BFC0
1777259198.021,648022,4,6,GNSS,255,BROADCAST,0,HEARTBEAT,48,HEARTBEAT,0,0,0,0,0,0,0x1001BFC0
1777259198.022,648023,4,6,GNSS,1,CDH,10,HEALTH,1,HEALTH_0x01,0,0,0,0,1,1,0x1001804A
1777259198.023,648024,2,6,GNSS,1,CDH,4,TELEMETRY,2,TELEMETRY_0x02,0,0,0,0,0,0,0x08018044
1777259199.020,649020,4,6,GNSS,255,BROADCAST,0,HEARTBEAT,48,HEARTBEAT,0,0,0,0,0,0,0x1001BFC0
1777259200.027,650017,4,6,GNSS,255,BROADCAST,0,HEARTBEAT,48,HEARTBEAT,0,0,0,0,0,0,0x1001BFC0
1777259201.053,651015,4,6,GNSS,255,BROADCAST,0,HEARTBEAT,48,HEARTBEAT,0,0,0,0,0,0,0x1001BFC0
1777259202.012,652012,4,6,GNSS,255,BROADCAST,0,HEARTBEAT,48,HEARTBEAT,0,0,0,0,0,0,0x1001BFC0
1777259203.009,653009,4,6,GNSS,255,BROADCAST,0,HEARTBEAT,48,HEARTBEAT,0,0,0,0,0,0,0x1001BFC0
1777259203.011,653010,4,6,GNSS,1,CDH,10,HEALTH,1,HEALTH_0x01,0,0,0,0,1,1,0x1001804A
1777259203.011,653011,2,6,GNSS,1,CDH,4,TELEMETRY,2,TELEMETRY_0x02,0,0,0,0,0,0,0x08018044
1777259204.027,654008,4,6,GNSS,255,BROADCAST,0,HEARTBEAT,48,HEARTBEAT,0,0,0,0,0,0,0x1001BFC0
1777259205.036,655005,4,6,GNSS,255,BROADCAST,0,HEARTBEAT,48,HEARTBEAT,0,0,0,0,0,0,0x1001BFC0
1777259206.002,656002,4,6,GNSS,255,BROADCAST,0,HEARTBEAT,48,HEARTBEAT,0,0,0,0,0,0,0x1001BFC0
1777259206.999,656999,4,6,GNSS,255,BROADCAST,0,HEARTBEAT,48,HEARTBEAT,0,0,0,0,0,0,0x1001BFC0
1777259208.009,657996,4,6,GNSS,255,BROADCAST,0,HEARTBEAT,48,HEARTBEAT,0,0,0,0,0,0,0x1001BFC0
1777259208.009,657997,4,6,GNSS,1,CDH,10,HEALTH,1,HEALTH_0x01,0,0,0,0,1,1,0x1001804A
1777259208.009,657999,2,6,GNSS,1,CDH,4,TELEMETRY,2,TELEMETRY_0x02,0,0,0,0,0,0,0x08018044
1777259208.994,658995,4,6,GNSS,255,BROADCAST,0,HEARTBEAT,48,HEARTBEAT,0,0,0,0,0,0,0x1001BFC0
1777259209.996,659992,4,6,GNSS,255,BROADCAST,0,HEARTBEAT,48,HEARTBEAT,0,0,0,0,0,0,0x1001BFC0
1777259210.989,660990,4,6,GNSS,255,BROADCAST,0,HEARTBEAT,48,HEARTBEAT,0,0,0,0,0,0,0x1001BFC0
1777259212.009,661987,4,6,GNSS,255,BROADCAST,0,HEARTBEAT,48,HEARTBEAT,0,0,0,0,0,0,0x1001BFC0
1777259212.984,662984,4,6,GNSS,255,BROADCAST,0,HEARTBEAT,48,HEARTBEAT,0,0,0,0,0,0,0x1001BFC0
1777259212.985,662985,4,6,GNSS,1,CDH,10,HEALTH,1,HEALTH_0x01,0,0,0,0,1,1,0x1001804A
1777259212.986,662987,2,6,GNSS,1,CDH,4,TELEMETRY,2,TELEMETRY_0x02,0,0,0,0,0,0,0x08018044
1777259213.982,663983,4,6,GNSS,255,BROADCAST,0,HEARTBEAT,48,HEARTBEAT,0,0,0,0,0,0,0x1001BFC0
1777259214.981,664980,4,6,GNSS,255,BROADCAST,0,HEARTBEAT,48,HEARTBEAT,0,0,0,0,0,0,0x1001BFC0
1777259216.004,665977,4,6,GNSS,255,BROADCAST,0,HEARTBEAT,48,HEARTBEAT,0,0,0,0,0,0,0x1001BFC0
1777259216.974,666974,4,6,GNSS,255,BROADCAST,0,HEARTBEAT,48,HEARTBEAT,0,0,0,0,0,0,0x1001BFC0
1777259217.972,667971,4,6,GNSS,255,BROADCAST,0,HEARTBEAT,48,HEARTBEAT,0,0,0,0,0,0,0x1001BFC0
1777259217.973,667972,4,6,GNSS,1,CDH,10,HEALTH,1,HEALTH_0x01,0,0,0,0,1,1,0x1001804A
1777259217.973,667974,2,6,GNSS,1,CDH,4,TELEMETRY,2,TELEMETRY_0x02,0,0,0,0,0,0,0x08018044
1777259218.970,668970,4,6,GNSS,255,BROADCAST,0,HEARTBEAT,48,HEARTBEAT,0,0,0,0,0,0,0x1001BFC0
1777259219.987,669967,4,6,GNSS,255,BROADCAST,0,HEARTBEAT,48,HEARTBEAT,0,0,0,0,0,0,0x1001BFC0
1777259220.965,670964,4,6,GNSS,255,BROADCAST,0,HEARTBEAT,48,HEARTBEAT,0,0,0,0,0,0,0x1001BFC0
1777259221.961,671961,4,6,GNSS,255,BROADCAST,0,HEARTBEAT,48,HEARTBEAT,0,0,0,0,0,0,0x1001BFC0
1777259222.961,672959,4,6,GNSS,255,BROADCAST,0,HEARTBEAT,48,HEARTBEAT,0,0,0,0,0,0,0x1001BFC0
1777259222.961,672960,4,6,GNSS,1,CDH,10,HEALTH,1,HEALTH_0x01,0,0,0,0,1,1,0x1001804A
1777259222.961,672961,2,6,GNSS,1,CDH,4,TELEMETRY,2,TELEMETRY_0x02,0,0,0,0,0,0,0x08018044
1777259223.998,673957,4,6,GNSS,255,BROADCAST,0,HEARTBEAT,48,HEARTBEAT,0,0,0,0,0,0,0x1001BFC0
1777259224.954,674954,4,6,GNSS,255,BROADCAST,0,HEARTBEAT,48,HEARTBEAT,0,0,0,0,0,0,0x1001BFC0
1777259225.951,675951,4,6,GNSS,255,BROADCAST,0,HEARTBEAT,48,HEARTBEAT,0,0,0,0,0,0,0x1001BFC0
1777259226.959,676949,4,6,GNSS,255,BROADCAST,0,HEARTBEAT,48,HEARTBEAT,0,0,0,0,0,0,0x1001BFC0
1777259227.983,677946,4,6,GNSS,255,BROADCAST,0,HEARTBEAT,48,HEARTBEAT,0,0,0,0,0,0,0x1001BFC0
1777259227.983,677947,4,6,GNSS,1,CDH,10,HEALTH,1,HEALTH_0x01,0,0,0,0,1,1,0x1001804A
1777259227.983,677948,2,6,GNSS,1,CDH,4,TELEMETRY,2,TELEMETRY_0x02,0,0,0,0,0,0,0x08018044
1777259228.947,678947,4,6,GNSS,255,BROADCAST,0,HEARTBEAT,48,HEARTBEAT,0,0,0,0,0,0,0x1001BFC0
1777259229.941,679942,4,6,GNSS,255,BROADCAST,0,HEARTBEAT,48,HEARTBEAT,0,0,0,0,0,0,0x1001BFC0
1777259230.951,680939,4,6,GNSS,255,BROADCAST,0,HEARTBEAT,48,HEARTBEAT,0,0,0,0,0,0,0x1001BFC0
1777259231.974,681936,4,6,GNSS,255,BROADCAST,0,HEARTBEAT,48,HEARTBEAT,0,0,0,0,0,0,0x1001BFC0
1777259232.934,682933,4,6,GNSS,255,BROADCAST,0,HEARTBEAT,48,HEARTBEAT,0,0,0,0,0,0,0x1001BFC0
1777259232.934,682934,4,6,GNSS,1,CDH,10,HEALTH,1,HEALTH_0x01,0,0,0,0,1,1,0x1001804A
1777259232.935,682935,2,6,GNSS,1,CDH,4,TELEMETRY,2,TELEMETRY_0x02,0,0,0,0,0,0,0x08018044
1777259233.932,683932,4,6,GNSS,255,BROADCAST,0,HEARTBEAT,48,HEARTBEAT,0,0,0,0,0,0,0x1001BFC0
1777259234.950,684929,4,6,GNSS,255,BROADCAST,0,HEARTBEAT,48,HEARTBEAT,0,0,0,0,0,0,0x1001BFC0
1777259235.926,685926,4,6,GNSS,255,BROADCAST,0,HEARTBEAT,48,HEARTBEAT,0,0,0,0,0,0,0x1001BFC0
1777259236.924,686924,4,6,GNSS,255,BROADCAST,0,HEARTBEAT,48,HEARTBEAT,0,0,0,0,0,0,0x1001BFC0
1777259237.922,687921,4,6,GNSS,255,BROADCAST,0,HEARTBEAT,48,HEARTBEAT,0,0,0,0,0,0,0x1001BFC0
1777259237.923,687923,4,6,GNSS,1,CDH,10,HEALTH,1,HEALTH_0x01,0,0,0,0,1,1,0x1001804A
1777259237.924,687924,2,6,GNSS,1,CDH,4,TELEMETRY,2,TELEMETRY_0x02,0,0,0,0,0,0,0x08018044
1777259238.930,688919,4,6,GNSS,255,BROADCAST,0,HEARTBEAT,48,HEARTBEAT,0,0,0,0,0,0,0x1001BFC0
1777259239.916,689916,4,6,GNSS,255,BROADCAST,0,HEARTBEAT,48,HEARTBEAT,0,0,0,0,0,0,0x1001BFC0
1777259240.913,690913,4,6,GNSS,255,BROADCAST,0,HEARTBEAT,48,HEARTBEAT,0,0,0,0,0,0,0x1001BFC0
1777259241.911,691911,4,6,GNSS,255,BROADCAST,0,HEARTBEAT,48,HEARTBEAT,0,0,0,0,0,0,0x1001BFC0
1777259242.936,692908,4,6,GNSS,255,BROADCAST,0,HEARTBEAT,48,HEARTBEAT,0,0,0,0,0,0,0x1001BFC0
1777259242.936,692909,4,6,GNSS,1,CDH,10,HEALTH,1,HEALTH_0x01,0,0,0,0,1,1,0x1001804A
1777259242.936,692910,2,6,GNSS,1,CDH,4,TELEMETRY,2,TELEMETRY_0x02,0,0,0,0,0,0,0x08018044
1777259243.906,693906,4,6,GNSS,255,BROADCAST,0,HEARTBEAT,48,HEARTBEAT,0,0,0,0,0,0,0x1001BFC0
1777259244.904,694903,4,6,GNSS,255,BROADCAST,0,HEARTBEAT,48,HEARTBEAT,0,0,0,0,0,0,0x1001BFC0
1777259245.902,695901,4,6,GNSS,255,BROADCAST,0,HEARTBEAT,48,HEARTBEAT,0,0,0,0,0,0,0x1001BFC0
1777259246.922,696898,4,6,GNSS,255,BROADCAST,0,HEARTBEAT,48,HEARTBEAT,0,0,0,0,0,0,0x1001BFC0
1777259247.898,697895,4,6,GNSS,255,BROADCAST,0,HEARTBEAT,48,HEARTBEAT,0,0,0,0,0,0,0x1001BFC0
1777259247.898,697896,4,6,GNSS,1,CDH,10,HEALTH,1,HEALTH_0x01,0,0,0,0,1,1,0x1001804A
1777259247.898,697897,2,6,GNSS,1,CDH,4,TELEMETRY,2,TELEMETRY_0x02,0,0,0,0,0,0,0x08018044
1777259248.894,698894,4,6,GNSS,255,BROADCAST,0,HEARTBEAT,48,HEARTBEAT,0,0,0,0,0,0,0x1001BFC0
1777259249.894,699891,4,6,GNSS,255,BROADCAST,0,HEARTBEAT,48,HEARTBEAT,0,0,0,0,0,0,0x1001BFC0
1777259250.923,700888,4,6,GNSS,255,BROADCAST,0,HEARTBEAT,48,HEARTBEAT,0,0,0,0,0,0,0x1001BFC0
1777259251.885,701885,4,6,GNSS,255,BROADCAST,0,HEARTBEAT,48,HEARTBEAT,0,0,0,0,0,0,0x1001BFC0
1777259252.885,702882,4,6,GNSS,255,BROADCAST,0,HEARTBEAT,48,HEARTBEAT,0,0,0,0,0,0,0x1001BFC0
1777259252.885,702883,4,6,GNSS,1,CDH,10,HEALTH,1,HEALTH_0x01,0,0,0,0,1,1,0x1001804A
1777259252.885,702885,2,6,GNSS,1,CDH,4,TELEMETRY,2,TELEMETRY_0x02,0,0,0,0,0,0,0x08018044
1777259253.890,703881,4,6,GNSS,255,BROADCAST,0,HEARTBEAT,48,HEARTBEAT,0,0,0,0,0,0,0x1001BFC0
1777259254.918,704878,4,6,GNSS,255,BROADCAST,0,HEARTBEAT,48,HEARTBEAT,0,0,0,0,0,0,0x1001BFC0
1777259255.876,705875,4,6,GNSS,255,BROADCAST,0,HEARTBEAT,48,HEARTBEAT,0,0,0,0,0,0,0x1001BFC0
1777259256.873,706872,4,6,GNSS,255,BROADCAST,0,HEARTBEAT,48,HEARTBEAT,0,0,0,0,0,0,0x1001BFC0
1777259257.889,707870,4,6,GNSS,255,BROADCAST,0,HEARTBEAT,48,HEARTBEAT,0,0,0,0,0,0,0x1001BFC0
1777259257.889,707871,4,6,GNSS,1,CDH,10,HEALTH,1,HEALTH_0x01,0,0,0,0,1,1,0x1001804A
1777259257.889,707872,2,6,GNSS,1,CDH,4,TELEMETRY,2,TELEMETRY_0x02,0,0,0,0,0,0,0x08018044
1777259258.910,708868,4,6,GNSS,255,BROADCAST,0,HEARTBEAT,48,HEARTBEAT,0,0,0,0,0,0,0x1001BFC0
1777259259.866,709865,4,6,GNSS,255,BROADCAST,0,HEARTBEAT,48,HEARTBEAT,0,0,0,0,0,0,0x1001BFC0
1777259260.864,710863,4,6,GNSS,255,BROADCAST,0,HEARTBEAT,48,HEARTBEAT,0,0,0,0,0,0,0x1001BFC0
1777259261.881,711860,4,6,GNSS,255,BROADCAST,0,HEARTBEAT,48,HEARTBEAT,0,0,0,0,0,0,0x1001BFC0
1777259262.903,712857,4,6,GNSS,255,BROADCAST,0,HEARTBEAT,48,HEARTBEAT,0,0,0,0,0,0,0x1001BFC0
1777259262.903,712858,4,6,GNSS,1,CDH,10,HEALTH,1,HEALTH_0x01,0,0,0,0,1,1,0x1001804A
1777259262.903,712860,2,6,GNSS,1,CDH,4,TELEMETRY,2,TELEMETRY_0x02,0,0,0,0,0,0,0x08018044
1777259263.857,713856,4,6,GNSS,255,BROADCAST,0,HEARTBEAT,48,HEARTBEAT,0,0,0,0,0,0,0x1001BFC0
1777259264.855,714853,4,6,GNSS,255,BROADCAST,0,HEARTBEAT,48,HEARTBEAT,0,0,0,0,0,0,0x1001BFC0
1777259265.863,715850,4,6,GNSS,255,BROADCAST,0,HEARTBEAT,48,HEARTBEAT,0,0,0,0,0,0,0x1001BFC0
1777259266.848,716848,4,6,GNSS,255,BROADCAST,0,HEARTBEAT,48,HEARTBEAT,0,0,0,0,0,0,0x1001BFC0
1777259267.846,717845,4,6,GNSS,255,BROADCAST,0,HEARTBEAT,48,HEARTBEAT,0,0,0,0,0,0,0x1001BFC0
1777259267.847,717846,4,6,GNSS,1,CDH,10,HEALTH,1,HEALTH_0x01,0,0,0,0,1,1,0x1001804A
1777259267.847,717847,2,6,GNSS,1,CDH,4,TELEMETRY,2,TELEMETRY_0x02,0,0,0,0,0,0,0x08018044
1777259268.844,718843,4,6,GNSS,255,BROADCAST,0,HEARTBEAT,48,HEARTBEAT,0,0,0,0,0,0,0x1001BFC0
1777259269.871,719840,4,6,GNSS,255,BROADCAST,0,HEARTBEAT,48,HEARTBEAT,0,0,0,0,0,0,0x1001BFC0
1777259270.838,720838,4,6,GNSS,255,BROADCAST,0,HEARTBEAT,48,HEARTBEAT,0,0,0,0,0,0,0x1001BFC0
1777259271.836,721835,4,6,GNSS,255,BROADCAST,0,HEARTBEAT,48,HEARTBEAT,0,0,0,0,0,0,0x1001BFC0
1777259272.837,722832,4,6,GNSS,255,BROADCAST,0,HEARTBEAT,48,HEARTBEAT,0,0,0,0,0,0,0x1001BFC0
1777259272.838,722833,4,6,GNSS,1,CDH,10,HEALTH,1,HEALTH_0x01,0,0,0,0,1,1,0x1001804A
1777259272.838,722835,2,6,GNSS,1,CDH,4,TELEMETRY,2,TELEMETRY_0x02,0,0,0,0,0,0,0x08018044
1777259273.853,723831,4,6,GNSS,255,BROADCAST,0,HEARTBEAT,48,HEARTBEAT,0,0,0,0,0,0,0x1001BFC0
1777259274.829,724828,4,6,GNSS,255,BROADCAST,0,HEARTBEAT,48,HEARTBEAT,0,0,0,0,0,0,0x1001BFC0
1777259275.826,725825,4,6,GNSS,255,BROADCAST,0,HEARTBEAT,48,HEARTBEAT,0,0,0,0,0,0,0x1001BFC0
1777259276.838,726823,4,6,GNSS,255,BROADCAST,0,HEARTBEAT,48,HEARTBEAT,0,0,0,0,0,0,0x1001BFC0
1777259277.855,727820,4,6,GNSS,255,BROADCAST,0,HEARTBEAT,48,HEARTBEAT,0,0,0,0,0,0,0x1001BFC0
1777259277.855,727821,4,6,GNSS,1,CDH,10,HEALTH,1,HEALTH_0x01,0,0,0,0,1,1,0x1001804A
1777259277.855,727822,2,6,GNSS,1,CDH,4,TELEMETRY,2,TELEMETRY_0x02,0,0,0,0,0,0,0x08018044
1777259278.819,728818,4,6,GNSS,255,BROADCAST,0,HEARTBEAT,48,HEARTBEAT,0,0,0,0,0,0,0x1001BFC0
1777259279.817,729816,4,6,GNSS,255,BROADCAST,0,HEARTBEAT,48,HEARTBEAT,0,0,0,0,0,0,0x1001BFC0
1777259280.823,730813,4,6,GNSS,255,BROADCAST,0,HEARTBEAT,48,HEARTBEAT,0,0,0,0,0,0,0x1001BFC0
1777259281.843,731810,4,6,GNSS,255,BROADCAST,0,HEARTBEAT,48,HEARTBEAT,0,0,0,0,0,0,0x1001BFC0
1777259282.808,732807,4,6,GNSS,255,BROADCAST,0,HEARTBEAT,48,HEARTBEAT,0,0,0,0,0,0,0x1001BFC0
1777259282.809,732808,4,6,GNSS,1,CDH,10,HEALTH,1,HEALTH_0x01,0,0,0,0,1,1,0x1001804A
1777259282.811,732810,2,6,GNSS,1,CDH,4,TELEMETRY,2,TELEMETRY_0x02,0,0,0,0,0,0,0x08018044
1777259283.808,733806,4,6,GNSS,255,BROADCAST,0,HEARTBEAT,48,HEARTBEAT,0,0,0,0,0,0,0x1001BFC0
1777259284.813,734803,4,6,GNSS,255,BROADCAST,0,HEARTBEAT,48,HEARTBEAT,0,0,0,0,0,0,0x1001BFC0
1777259285.843,735800,4,6,GNSS,255,BROADCAST,0,HEARTBEAT,48,HEARTBEAT,0,0,0,0,0,0,0x1001BFC0
1777259286.799,736797,4,6,GNSS,255,BROADCAST,0,HEARTBEAT,48,HEARTBEAT,0,0,0,0,0,0,0x1001BFC0
1777259287.796,737795,4,6,GNSS,255,BROADCAST,0,HEARTBEAT,48,HEARTBEAT,0,0,0,0,0,0,0x1001BFC0
1777259287.797,737796,4,6,GNSS,1,CDH,10,HEALTH,1,HEALTH_0x01,0,0,0,0,1,1,0x1001804A
1777259287.797,737797,2,6,GNSS,1,CDH,4,TELEMETRY,2,TELEMETRY_0x02,0,0,0,0,0,0,0x08018044
1777259288.817,738793,4,6,GNSS,255,BROADCAST,0,HEARTBEAT,48,HEARTBEAT,0,0,0,0,0,0,0x1001BFC0
1777259289.852,739790,4,6,GNSS,255,BROADCAST,0,HEARTBEAT,48,HEARTBEAT,0,0,0,0,0,0,0x1001BFC0
1777259290.789,740788,4,6,GNSS,255,BROADCAST,0,HEARTBEAT,48,HEARTBEAT,0,0,0,0,0,0,0x1001BFC0
1777259291.786,741785,4,6,GNSS,255,BROADCAST,0,HEARTBEAT,48,HEARTBEAT,0,0,0,0,0,0,0x1001BFC0
1777259292.807,742782,4,6,GNSS,255,BROADCAST,0,HEARTBEAT,48,HEARTBEAT,0,0,0,0,0,0,0x1001BFC0
1777259292.807,742783,4,6,GNSS,1,CDH,10,HEALTH,1,HEALTH_0x01,0,0,0,0,1,1,0x1001804A
1777259292.807,742784,2,6,GNSS,1,CDH,4,TELEMETRY,2,TELEMETRY_0x02,0,0,0,0,0,0,0x08018044
1777259293.782,743781,4,6,GNSS,255,BROADCAST,0,HEARTBEAT,48,HEARTBEAT,0,0,0,0,0,0,0x1001BFC0
1777259294.779,744778,4,6,GNSS,255,BROADCAST,0,HEARTBEAT,48,HEARTBEAT,0,0,0,0,0,0,0x1001BFC0
1777259295.776,745775,4,6,GNSS,255,BROADCAST,0,HEARTBEAT,48,HEARTBEAT,0,0,0,0,0,0,0x1001BFC0
1777259296.791,746773,4,6,GNSS,255,BROADCAST,0,HEARTBEAT,48,HEARTBEAT,0,0,0,0,0,0,0x1001BFC0
1777259297.772,747770,4,6,GNSS,255,BROADCAST,0,HEARTBEAT,48,HEARTBEAT,0,0,0,0,0,0,0x1001BFC0
1777259297.772,747771,4,6,GNSS,1,CDH,10,HEALTH,1,HEALTH_0x01,0,0,0,0,1,1,0x1001804A
1777259297.773,747772,2,6,GNSS,1,CDH,4,TELEMETRY,2,TELEMETRY_0x02,0,0,0,0,0,0,0x08018044
1777259298.770,748768,4,6,GNSS,255,BROADCAST,0,HEARTBEAT,48,HEARTBEAT,0,0,0,0,0,0,0x1001BFC0
1777259299.768,749766,4,6,GNSS,255,BROADCAST,0,HEARTBEAT,48,HEARTBEAT,0,0,0,0,0,0,0x1001BFC0
1777259300.788,750763,4,6,GNSS,255,BROADCAST,0,HEARTBEAT,48,HEARTBEAT,0,0,0,0,0,0,0x1001BFC0
1777259301.762,751760,4,6,GNSS,255,BROADCAST,0,HEARTBEAT,48,HEARTBEAT,0,0,0,0,0,0,0x1001BFC0
1777259302.760,752758,4,6,GNSS,255,BROADCAST,0,HEARTBEAT,48,HEARTBEAT,0,0,0,0,0,0,0x1001BFC0
1777259302.761,752759,4,6,GNSS,1,CDH,10,HEALTH,1,HEALTH_0x01,0,0,0,0,1,1,0x1001804A
1777259302.761,752760,2,6,GNSS,1,CDH,4,TELEMETRY,2,TELEMETRY_0x02,0,0,0,0,0,0,0x08018044
1777259303.762,753756,4,6,GNSS,255,BROADCAST,0,HEARTBEAT,48,HEARTBEAT,0,0,0,0,0,0,0x1001BFC0
1777259304.780,754753,4,6,GNSS,255,BROADCAST,0,HEARTBEAT,48,HEARTBEAT,0,0,0,0,0,0,0x1001BFC0
1777259305.752,755751,4,6,GNSS,255,BROADCAST,0,HEARTBEAT,48,HEARTBEAT,0,0,0,0,0,0,0x1001BFC0
1777259306.749,756748,4,6,GNSS,255,BROADCAST,0,HEARTBEAT,48,HEARTBEAT,0,0,0,0,0,0,0x1001BFC0
1777259307.759,757745,4,6,GNSS,255,BROADCAST,0,HEARTBEAT,48,HEARTBEAT,0,0,0,0,0,0,0x1001BFC0
1777259307.759,757748,4,6,GNSS,1,CDH,10,HEALTH,1,HEALTH_0x01,0,0,0,0,1,1,0x1001804A
1777259307.759,757749,2,6,GNSS,1,CDH,4,TELEMETRY,2,TELEMETRY_0x02,0,0,0,0,0,0,0x08018044
1777259308.777,758744,4,6,GNSS,255,BROADCAST,0,HEARTBEAT,48,HEARTBEAT,0,0,0,0,0,0,0x1001BFC0
1777259309.742,759741,4,6,GNSS,255,BROADCAST,0,HEARTBEAT,48,HEARTBEAT,0,0,0,0,0,0,0x1001BFC0
1777259310.740,760738,4,6,GNSS,255,BROADCAST,0,HEARTBEAT,48,HEARTBEAT,0,0,0,0,0,0,0x1001BFC0
1777259311.753,761735,4,6,GNSS,255,BROADCAST,0,HEARTBEAT,48,HEARTBEAT,0,0,0,0,0,0,0x1001BFC0
1777259312.764,762733,4,6,GNSS,255,BROADCAST,0,HEARTBEAT,48,HEARTBEAT,0,0,0,0,0,0,0x1001BFC0
1777259312.764,762734,4,6,GNSS,1,CDH,10,HEALTH,1,HEALTH_0x01,0,0,0,0,1,1,0x1001804A
1777259312.764,762735,2,6,GNSS,1,CDH,4,TELEMETRY,2,TELEMETRY_0x02,0,0,0,0,0,0,0x08018044
1777259313.732,763731,4,6,GNSS,255,BROADCAST,0,HEARTBEAT,48,HEARTBEAT,0,0,0,0,0,0,0x1001BFC0
1777259314.729,764728,4,6,GNSS,255,BROADCAST,0,HEARTBEAT,48,HEARTBEAT,0,0,0,0,0,0,0x1001BFC0
1777259315.746,765725,4,6,GNSS,255,BROADCAST,0,HEARTBEAT,48,HEARTBEAT,0,0,0,0,0,0,0x1001BFC0
1777259316.758,766723,4,6,GNSS,255,BROADCAST,0,HEARTBEAT,48,HEARTBEAT,0,0,0,0,0,0,0x1001BFC0
1777259317.724,767720,4,6,GNSS,255,BROADCAST,0,HEARTBEAT,48,HEARTBEAT,0,0,0,0,0,0,0x1001BFC0
1777259317.724,767721,4,6,GNSS,1,CDH,10,HEALTH,1,HEALTH_0x01,0,0,0,0,1,1,0x1001804A
1777259317.724,767722,2,6,GNSS,1,CDH,4,TELEMETRY,2,TELEMETRY_0x02,0,0,0,0,0,0,0x08018044
1777259318.720,768718,4,6,GNSS,255,BROADCAST,0,HEARTBEAT,48,HEARTBEAT,0,0,0,0,0,0,0x1001BFC0
1777259319.733,769716,4,6,GNSS,255,BROADCAST,0,HEARTBEAT,48,HEARTBEAT,0,0,0,0,0,0,0x1001BFC0
1777259320.715,770713,4,6,GNSS,255,BROADCAST,0,HEARTBEAT,48,HEARTBEAT,0,0,0,0,0,0,0x1001BFC0
1777259321.712,771710,4,6,GNSS,255,BROADCAST,0,HEARTBEAT,48,HEARTBEAT,0,0,0,0,0,0,0x1001BFC0
1777259322.710,772708,4,6,GNSS,255,BROADCAST,0,HEARTBEAT,48,HEARTBEAT,0,0,0,0,0,0,0x1001BFC0
1777259322.710,772709,4,6,GNSS,1,CDH,10,HEALTH,1,HEALTH_0x01,0,0,0,0,1,1,0x1001804A
1777259322.711,772710,2,6,GNSS,1,CDH,4,TELEMETRY,2,TELEMETRY_0x02,0,0,0,0,0,0,0x08018044
1777259323.731,773706,4,6,GNSS,255,BROADCAST,0,HEARTBEAT,48,HEARTBEAT,0,0,0,0,0,0,0x1001BFC0
1777259324.705,774703,4,6,GNSS,255,BROADCAST,0,HEARTBEAT,48,HEARTBEAT,0,0,0,0,0,0,0x1001BFC0
1777259325.703,775701,4,6,GNSS,255,BROADCAST,0,HEARTBEAT,48,HEARTBEAT,0,0,0,0,0,0,0x1001BFC0
1777259326.700,776698,4,6,GNSS,255,BROADCAST,0,HEARTBEAT,48,HEARTBEAT,0,0,0,0,0,0,0x1001BFC0
1777259327.729,777698,4,6,GNSS,255,BROADCAST,0,HEARTBEAT,48,HEARTBEAT,0,0,0,0,0,0,0x1001BFC0
1777259327.729,777700,4,6,GNSS,1,CDH,10,HEALTH,1,HEALTH_0x01,0,0,0,0,1,1,0x1001804A
1777259327.729,777701,2,6,GNSS,1,CDH,4,TELEMETRY,2,TELEMETRY_0x02,0,0,0,0,0,0,0x08018044
1777259328.695,778694,4,6,GNSS,255,BROADCAST,0,HEARTBEAT,48,HEARTBEAT,0,0,0,0,0,0,0x1001BFC0
1777259329.700,779691,4,6,GNSS,255,BROADCAST,0,HEARTBEAT,48,HEARTBEAT,0,0,0,0,0,0,0x1001BFC0
1777259330.699,780688,4,6,GNSS,255,BROADCAST,0,HEARTBEAT,48,HEARTBEAT,0,0,0,0,0,0,0x1001BFC0
1777259331.709,781685,4,6,GNSS,255,BROADCAST,0,HEARTBEAT,48,HEARTBEAT,0,0,0,0,0,0,0x1001BFC0
1777259332.692,782683,4,6,GNSS,255,BROADCAST,0,HEARTBEAT,48,HEARTBEAT,0,0,0,0,0,0,0x1001BFC0
1777259332.694,782684,4,6,GNSS,1,CDH,10,HEALTH,1,HEALTH_0x01,0,0,0,0,1,1,0x1001804A
1777259332.694,782685,2,6,GNSS,1,CDH,4,TELEMETRY,2,TELEMETRY_0x02,0,0,0,0,0,0,0x08018044
1777259333.682,783681,4,6,GNSS,255,BROADCAST,0,HEARTBEAT,48,HEARTBEAT,0,0,0,0,0,0,0x1001BFC0
1777259334.685,784678,4,6,GNSS,255,BROADCAST,0,HEARTBEAT,48,HEARTBEAT,0,0,0,0,0,0,0x1001BFC0
1777259335.709,785675,4,6,GNSS,255,BROADCAST,0,HEARTBEAT,48,HEARTBEAT,0,0,0,0,0,0,0x1001BFC0
1777259336.674,786673,4,6,GNSS,255,BROADCAST,0,HEARTBEAT,48,HEARTBEAT,0,0,0,0,0,0,0x1001BFC0
1777259337.672,787670,4,6,GNSS,255,BROADCAST,0,HEARTBEAT,48,HEARTBEAT,0,0,0,0,0,0,0x1001BFC0
1777259337.672,787671,4,6,GNSS,1,CDH,10,HEALTH,1,HEALTH_0x01,0,0,0,0,1,1,0x1001804A
1777259337.673,787672,2,6,GNSS,1,CDH,4,TELEMETRY,2,TELEMETRY_0x02,0,0,0,0,0,0,0x08018044
1777259338.684,788668,4,6,GNSS,255,BROADCAST,0,HEARTBEAT,48,HEARTBEAT,0,0,0,0,0,0,0x1001BFC0
1777259339.700,789665,4,6,GNSS,255,BROADCAST,0,HEARTBEAT,48,HEARTBEAT,0,0,0,0,0,0,0x1001BFC0
1777259340.669,790662,4,6,GNSS,255,BROADCAST,0,HEARTBEAT,48,HEARTBEAT,0,0,0,0,0,0,0x1001BFC0
1777259341.661,791660,4,6,GNSS,255,BROADCAST,0,HEARTBEAT,48,HEARTBEAT,0,0,0,0,0,0,0x1001BFC0
1777259342.678,792657,4,6,GNSS,255,BROADCAST,0,HEARTBEAT,48,HEARTBEAT,0,0,0,0,0,0,0x1001BFC0
1777259342.678,792658,4,6,GNSS,1,CDH,10,HEALTH,1,HEALTH_0x01,0,0,0,0,1,1,0x1001804A
1777259342.678,792659,2,6,GNSS,1,CDH,4,TELEMETRY,2,TELEMETRY_0x02,0,0,0,0,0,0,0x08018044
1777259343.698,793655,4,6,GNSS,255,BROADCAST,0,HEARTBEAT,48,HEARTBEAT,0,0,0,0,0,0,0x1001BFC0
1777259344.657,794652,4,6,GNSS,255,BROADCAST,0,HEARTBEAT,48,HEARTBEAT,0,0,0,0,0,0,0x1001BFC0
1777259345.651,795649,4,6,GNSS,255,BROADCAST,0,HEARTBEAT,48,HEARTBEAT,0,0,0,0,0,0,0x1001BFC0
1777259346.656,796646,4,6,GNSS,255,BROADCAST,0,HEARTBEAT,48,HEARTBEAT,0,0,0,0,0,0,0x1001BFC0
1777259347.646,797644,4,6,GNSS,255,BROADCAST,0,HEARTBEAT,48,HEARTBEAT,0,0,0,0,0,0,0x1001BFC0
1777259347.646,797645,4,6,GNSS,1,CDH,10,HEALTH,1,HEALTH_0x01,0,0,0,0,1,1,0x1001804A
1777259347.648,797646,2,6,GNSS,1,CDH,4,TELEMETRY,2,TELEMETRY_0x02,0,0,0,0,0,0,0x08018044
1777259348.644,798642,4,6,GNSS,255,BROADCAST,0,HEARTBEAT,48,HEARTBEAT,0,0,0,0,0,0,0x1001BFC0
1777259349.641,799639,4,6,GNSS,255,BROADCAST,0,HEARTBEAT,48,HEARTBEAT,0,0,0,0,0,0,0x1001BFC0
1777259350.661,800636,4,6,GNSS,255,BROADCAST,0,HEARTBEAT,48,HEARTBEAT,0,0,0,0,0,0,0x1001BFC0
1777259351.635,801633,4,6,GNSS,255,BROADCAST,0,HEARTBEAT,48,HEARTBEAT,0,0,0,0,0,0,0x1001BFC0
1777259352.635,802631,4,6,GNSS,255,BROADCAST,0,HEARTBEAT,48,HEARTBEAT,0,0,0,0,0,0,0x1001BFC0
1777259352.637,802633,4,6,GNSS,1,CDH,10,HEALTH,1,HEALTH_0x01,0,0,0,0,1,1,0x1001804A
1777259352.637,802634,2,6,GNSS,1,CDH,4,TELEMETRY,2,TELEMETRY_0x02,0,0,0,0,0,0,0x08018044
1777259353.631,803629,4,6,GNSS,255,BROADCAST,0,HEARTBEAT,48,HEARTBEAT,0,0,0,0,0,0,0x1001BFC0
1777259354.657,804626,4,6,GNSS,255,BROADCAST,0,HEARTBEAT,48,HEARTBEAT,0,0,0,0,0,0,0x1001BFC0
1777259355.625,805623,4,6,GNSS,255,BROADCAST,0,HEARTBEAT,48,HEARTBEAT,0,0,0,0,0,0,0x1001BFC0
1777259356.623,806620,4,6,GNSS,255,BROADCAST,0,HEARTBEAT,48,HEARTBEAT,0,0,0,0,0,0,0x1001BFC0
1777259357.626,807617,4,6,GNSS,255,BROADCAST,0,HEARTBEAT,48,HEARTBEAT,0,0,0,0,0,0,0x1001BFC0
1777259357.626,807619,4,6,GNSS,1,CDH,10,HEALTH,1,HEALTH_0x01,0,0,0,0,1,1,0x1001804A
1777259357.626,807620,2,6,GNSS,1,CDH,4,TELEMETRY,2,TELEMETRY_0x02,0,0,0,0,0,0,0x08018044
1777259358.646,808616,4,6,GNSS,255,BROADCAST,0,HEARTBEAT,48,HEARTBEAT,0,0,0,0,0,0,0x1001BFC0
1777259359.615,809613,4,6,GNSS,255,BROADCAST,0,HEARTBEAT,48,HEARTBEAT,0,0,0,0,0,0,0x1001BFC0
1777259360.614,810610,4,6,GNSS,255,BROADCAST,0,HEARTBEAT,48,HEARTBEAT,0,0,0,0,0,0,0x1001BFC0
1777259361.610,811607,4,6,GNSS,255,BROADCAST,0,HEARTBEAT,48,HEARTBEAT,0,0,0,0,0,0,0x1001BFC0
1777259362.644,812604,4,6,GNSS,255,BROADCAST,0,HEARTBEAT,48,HEARTBEAT,0,0,0,0,0,0,0x1001BFC0
1777259362.644,812605,4,6,GNSS,1,CDH,10,HEALTH,1,HEALTH_0x01,0,0,0,0,1,1,0x1001804A
1777259362.644,812607,2,6,GNSS,1,CDH,4,TELEMETRY,2,TELEMETRY_0x02,0,0,0,0,0,0,0x08018044
1777259363.605,813603,4,6,GNSS,255,BROADCAST,0,HEARTBEAT,48,HEARTBEAT,0,0,0,0,0,0,0x1001BFC0
1777259364.602,814600,4,6,GNSS,255,BROADCAST,0,HEARTBEAT,48,HEARTBEAT,0,0,0,0,0,0,0x1001BFC0
1777259365.606,815597,4,6,GNSS,255,BROADCAST,0,HEARTBEAT,48,HEARTBEAT,0,0,0,0,0,0,0x1001BFC0
1777259366.641,816594,4,6,GNSS,255,BROADCAST,0,HEARTBEAT,48,HEARTBEAT,0,0,0,0,0,0,0x1001BFC0
1777259367.595,817591,4,6,GNSS,255,BROADCAST,0,HEARTBEAT,48,HEARTBEAT,0,0,0,0,0,0,0x1001BFC0
1777259367.595,817592,4,6,GNSS,1,CDH,10,HEALTH,1,HEALTH_0x01,0,0,0,0,1,1,0x1001804A
1777259367.595,817593,2,6,GNSS,1,CDH,4,TELEMETRY,2,TELEMETRY_0x02,0,0,0,0,0,0,0x08018044
1777259368.594,818590,4,6,GNSS,255,BROADCAST,0,HEARTBEAT,48,HEARTBEAT,0,0,0,0,0,0,0x1001BFC0
1777259369.608,819587,4,6,GNSS,255,BROADCAST,0,HEARTBEAT,48,HEARTBEAT,0,0,0,0,0,0,0x1001BFC0
1777259370.587,820584,4,6,GNSS,255,BROADCAST,0,HEARTBEAT,48,HEARTBEAT,0,0,0,0,0,0,0x1001BFC0
1777259371.583,821581,4,6,GNSS,255,BROADCAST,0,HEARTBEAT,48,HEARTBEAT,0,0,0,0,0,0,0x1001BFC0
1777259372.583,822578,4,6,GNSS,255,BROADCAST,0,HEARTBEAT,48,HEARTBEAT,0,0,0,0,0,0,0x1001BFC0
1777259372.583,822579,4,6,GNSS,1,CDH,10,HEALTH,1,HEALTH_0x01,0,0,0,0,1,1,0x1001804A
1777259372.583,822580,2,6,GNSS,1,CDH,4,TELEMETRY,2,TELEMETRY_0x02,0,0,0,0,0,0,0x08018044
1777259373.597,823577,4,6,GNSS,255,BROADCAST,0,HEARTBEAT,48,HEARTBEAT,0,0,0,0,0,0,0x1001BFC0
1777259374.576,824574,4,6,GNSS,255,BROADCAST,0,HEARTBEAT,48,HEARTBEAT,0,0,0,0,0,0,0x1001BFC0
1777259375.573,825571,4,6,GNSS,255,BROADCAST,0,HEARTBEAT,48,HEARTBEAT,0,0,0,0,0,0,0x1001BFC0
1777259376.572,826568,4,6,GNSS,255,BROADCAST,0,HEARTBEAT,48,HEARTBEAT,0,0,0,0,0,0,0x1001BFC0
1777259377.588,827565,4,6,GNSS,255,BROADCAST,0,HEARTBEAT,48,HEARTBEAT,0,0,0,0,0,0,0x1001BFC0
1777259377.588,827567,4,6,GNSS,1,CDH,10,HEALTH,1,HEALTH_0x01,0,0,0,0,1,1,0x1001804A
1777259377.588,827568,2,6,GNSS,1,CDH,4,TELEMETRY,2,TELEMETRY_0x02,0,0,0,0,0,0,0x08018044
1777259391.532,841529,4,6,GNSS,255,BROADCAST,0,HEARTBEAT,48,HEARTBEAT,0,0,0,0,0,0,0x1001BFC0
1777259392.541,842526,4,6,GNSS,255,BROADCAST,0,HEARTBEAT,48,HEARTBEAT,0,0,0,0,0,0,0x1001BFC0
1777259392.541,842527,4,6,GNSS,1,CDH,10,HEALTH,1,HEALTH_0x01,0,0,0,0,1,1,0x1001804A
1777259392.541,842529,2,6,GNSS,1,CDH,4,TELEMETRY,2,TELEMETRY_0x02,0,0,0,0,0,0,0x08018044
1777259393.566,843525,4,6,GNSS,255,BROADCAST,0,HEARTBEAT,48,HEARTBEAT,0,0,0,0,0,0,0x1001BFC0
1777259394.525,844522,4,6,GNSS,255,BROADCAST,0,HEARTBEAT,48,HEARTBEAT,0,0,0,0,0,0,0x1001BFC0
1777259395.522,845520,4,6,GNSS,255,BROADCAST,0,HEARTBEAT,48,HEARTBEAT,0,0,0,0,0,0,0x1001BFC0
1777259396.527,846517,4,6,GNSS,255,BROADCAST,0,HEARTBEAT,48,HEARTBEAT,0,0,0,0,0,0,0x1001BFC0
1777259397.518,847514,4,6,GNSS,255,BROADCAST,0,HEARTBEAT,48,HEARTBEAT,0,0,0,0,0,0,0x1001BFC0
1777259397.518,847515,4,6,GNSS,1,CDH,10,HEALTH,1,HEALTH_0x01,0,0,0,0,1,1,0x1001804A
1777259397.519,847516,2,6,GNSS,1,CDH,4,TELEMETRY,2,TELEMETRY_0x02,0,0,0,0,0,0,0x08018044
1777259398.515,848512,4,6,GNSS,255,BROADCAST,0,HEARTBEAT,48,HEARTBEAT,0,0,0,0,0,0,0x1001BFC0
1777259399.513,849510,4,6,GNSS,255,BROADCAST,0,HEARTBEAT,48,HEARTBEAT,0,0,0,0,0,0,0x1001BFC0
1777259400.523,850507,4,6,GNSS,255,BROADCAST,0,HEARTBEAT,48,HEARTBEAT,0,0,0,0,0,0,0x1001BFC0
1777259401.507,851504,4,6,GNSS,255,BROADCAST,0,HEARTBEAT,48,HEARTBEAT,0,0,0,0,0,0,0x1001BFC0
1777259402.505,852501,4,6,GNSS,255,BROADCAST,0,HEARTBEAT,48,HEARTBEAT,0,0,0,0,0,0,0x1001BFC0
1777259402.506,852502,4,6,GNSS,1,CDH,10,HEALTH,1,HEALTH_0x01,0,0,0,0,1,1,0x1001804A
1777259402.506,852504,2,6,GNSS,1,CDH,4,TELEMETRY,2,TELEMETRY_0x02,0,0,0,0,0,0,0x08018044
1777259403.503,853500,4,6,GNSS,255,BROADCAST,0,HEARTBEAT,48,HEARTBEAT,0,0,0,0,0,0,0x1001BFC0
1777259404.521,854497,4,6,GNSS,255,BROADCAST,0,HEARTBEAT,48,HEARTBEAT,0,0,0,0,0,0,0x1001BFC0
1777259405.498,855494,4,6,GNSS,255,BROADCAST,0,HEARTBEAT,48,HEARTBEAT,0,0,0,0,0,0,0x1001BFC0
1777259406.494,856492,4,6,GNSS,255,BROADCAST,0,HEARTBEAT,48,HEARTBEAT,0,0,0,0,0,0,0x1001BFC0
1777259407.494,857489,4,6,GNSS,255,BROADCAST,0,HEARTBEAT,48,HEARTBEAT,0,0,0,0,0,0,0x1001BFC0
1777259407.494,857490,4,6,GNSS,1,CDH,10,HEALTH,1,HEALTH_0x01,0,0,0,0,1,1,0x1001804A
1777259407.494,857491,2,6,GNSS,1,CDH,4,TELEMETRY,2,TELEMETRY_0x02,0,0,0,0,0,0,0x08018044
1777259408.513,858487,4,6,GNSS,255,BROADCAST,0,HEARTBEAT,48,HEARTBEAT,0,0,0,0,0,0,0x1001BFC0
1777259409.488,859485,4,6,GNSS,255,BROADCAST,0,HEARTBEAT,48,HEARTBEAT,0,0,0,0,0,0,0x1001BFC0
1777259410.486,860482,4,6,GNSS,255,BROADCAST,0,HEARTBEAT,48,HEARTBEAT,0,0,0,0,0,0,0x1001BFC0
1777259411.493,861479,4,6,GNSS,255,BROADCAST,0,HEARTBEAT,48,HEARTBEAT,0,0,0,0,0,0,0x1001BFC0
1777259412.506,862476,4,6,GNSS,255,BROADCAST,0,HEARTBEAT,48,HEARTBEAT,0,0,0,0,0,0,0x1001BFC0
1777259412.506,862477,4,6,GNSS,1,CDH,10,HEALTH,1,HEALTH_0x01,0,0,0,0,1,1,0x1001804A
1777259412.506,862479,2,6,GNSS,1,CDH,4,TELEMETRY,2,TELEMETRY_0x02,0,0,0,0,0,0,0x08018044
1777259413.478,863475,4,6,GNSS,255,BROADCAST,0,HEARTBEAT,48,HEARTBEAT,0,0,0,0,0,0,0x1001BFC0
1777259414.475,864472,4,6,GNSS,255,BROADCAST,0,HEARTBEAT,48,HEARTBEAT,0,0,0,0,0,0,0x1001BFC0
1777259415.475,865469,4,6,GNSS,255,BROADCAST,0,HEARTBEAT,48,HEARTBEAT,0,0,0,0,0,0,0x1001BFC0
1777259416.513,866466,4,6,GNSS,255,BROADCAST,0,HEARTBEAT,48,HEARTBEAT,0,0,0,0,0,0,0x1001BFC0
1777259417.467,867463,4,6,GNSS,255,BROADCAST,0,HEARTBEAT,48,HEARTBEAT,0,0,0,0,0,0,0x1001BFC0
1777259417.469,867464,4,6,GNSS,1,CDH,10,HEALTH,1,HEALTH_0x01,0,0,0,0,1,1,0x1001804A
1777259417.469,867466,2,6,GNSS,1,CDH,4,TELEMETRY,2,TELEMETRY_0x02,0,0,0,0,0,0,0x08018044
1777259418.465,868462,4,6,GNSS,255,BROADCAST,0,HEARTBEAT,48,HEARTBEAT,0,0,0,0,0,0,0x1001BFC0
1777259419.484,869459,4,6,GNSS,255,BROADCAST,0,HEARTBEAT,48,HEARTBEAT,0,0,0,0,0,0,0x1001BFC0
1777259420.499,870456,4,6,GNSS,255,BROADCAST,0,HEARTBEAT,48,HEARTBEAT,0,0,0,0,0,0,0x1001BFC0
1777259421.460,871453,4,6,GNSS,255,BROADCAST,0,HEARTBEAT,48,HEARTBEAT,0,0,0,0,0,0,0x1001BFC0
1777259422.463,872450,4,6,GNSS,255,BROADCAST,0,HEARTBEAT,48,HEARTBEAT,0,0,0,0,0,0,0x1001BFC0
1777259422.463,872451,4,6,GNSS,1,CDH,10,HEALTH,1,HEALTH_0x01,0,0,0,0,1,1,0x1001804A
1777259422.463,872453,2,6,GNSS,1,CDH,4,TELEMETRY,2,TELEMETRY_0x02,0,0,0,0,0,0,0x08018044
1777259423.474,873449,4,6,GNSS,255,BROADCAST,0,HEARTBEAT,48,HEARTBEAT,0,0,0,0,0,0,0x1001BFC0
1777259424.449,874446,4,6,GNSS,255,BROADCAST,0,HEARTBEAT,48,HEARTBEAT,0,0,0,0,0,0,0x1001BFC0
1777259425.446,875443,4,6,GNSS,255,BROADCAST,0,HEARTBEAT,48,HEARTBEAT,0,0,0,0,0,0,0x1001BFC0
1777259426.443,876440,4,6,GNSS,255,BROADCAST,0,HEARTBEAT,48,HEARTBEAT,0,0,0,0,0,0,0x1001BFC0
1777259427.467,877438,4,6,GNSS,255,BROADCAST,0,HEARTBEAT,48,HEARTBEAT,0,0,0,0,0,0,0x1001BFC0
1777259427.467,877439,4,6,GNSS,1,CDH,10,HEALTH,1,HEALTH_0x01,0,0,0,0,1,1,0x1001804A
1777259427.467,877440,2,6,GNSS,1,CDH,4,TELEMETRY,2,TELEMETRY_0x02,0,0,0,0,0,0,0x08018044
1777259428.441,878437,4,6,GNSS,255,BROADCAST,0,HEARTBEAT,48,HEARTBEAT,0,0,0,0,0,0,0x1001BFC0
1777259429.437,879433,4,6,GNSS,255,BROADCAST,0,HEARTBEAT,48,HEARTBEAT,0,0,0,0,0,0,0x1001BFC0
1777259430.434,880430,4,6,GNSS,255,BROADCAST,0,HEARTBEAT,48,HEARTBEAT,0,0,0,0,0,0,0x1001BFC0
1777259431.455,881427,4,6,GNSS,255,BROADCAST,0,HEARTBEAT,48,HEARTBEAT,0,0,0,0,0,0,0x1001BFC0
1777259432.430,882425,4,6,GNSS,255,BROADCAST,0,HEARTBEAT,48,HEARTBEAT,0,0,0,0,0,0,0x1001BFC0
1777259432.430,882426,4,6,GNSS,1,CDH,10,HEALTH,1,HEALTH_0x01,0,0,0,0,1,1,0x1001804A
1777259432.430,882427,2,6,GNSS,1,CDH,4,TELEMETRY,2,TELEMETRY_0x02,0,0,0,0,0,0,0x08018044
1777259433.426,883423,4,6,GNSS,255,BROADCAST,0,HEARTBEAT,48,HEARTBEAT,0,0,0,0,0,0,0x1001BFC0
1777259434.424,884420,4,6,GNSS,255,BROADCAST,0,HEARTBEAT,48,HEARTBEAT,0,0,0,0,0,0,0x1001BFC0
1777259435.451,885417,4,6,GNSS,255,BROADCAST,0,HEARTBEAT,48,HEARTBEAT,0,0,0,0,0,0,0x1001BFC0
1777259436.418,886415,4,6,GNSS,255,BROADCAST,0,HEARTBEAT,48,HEARTBEAT,0,0,0,0,0,0,0x1001BFC0
1777259437.415,887412,4,6,GNSS,255,BROADCAST,0,HEARTBEAT,48,HEARTBEAT,0,0,0,0,0,0,0x1001BFC0
1777259437.418,887415,4,6,GNSS,1,CDH,10,HEALTH,1,HEALTH_0x01,0,0,0,0,1,1,0x1001804A
1777259437.419,887416,2,6,GNSS,1,CDH,4,TELEMETRY,2,TELEMETRY_0x02,0,0,0,0,0,0,0x08018044
1777259438.424,888410,4,6,GNSS,255,BROADCAST,0,HEARTBEAT,48,HEARTBEAT,0,0,0,0,0,0,0x1001BFC0
1777259439.471,889408,4,6,GNSS,255,BROADCAST,0,HEARTBEAT,48,HEARTBEAT,0,0,0,0,0,0,0x1001BFC0
1777259440.408,890405,4,6,GNSS,255,BROADCAST,0,HEARTBEAT,48,HEARTBEAT,0,0,0,0,0,0,0x1001BFC0
1777259441.406,891402,4,6,GNSS,255,BROADCAST,0,HEARTBEAT,48,HEARTBEAT,0,0,0,0,0,0,0x1001BFC0
1777259442.420,892399,4,6,GNSS,255,BROADCAST,0,HEARTBEAT,48,HEARTBEAT,0,0,0,0,0,0,0x1001BFC0
1777259442.420,892400,4,6,GNSS,1,CDH,10,HEALTH,1,HEALTH_0x01,0,0,0,0,1,1,0x1001804A
1777259442.420,892402,2,6,GNSS,1,CDH,4,TELEMETRY,2,TELEMETRY_0x02,0,0,0,0,0,0,0x08018044
1777259443.442,893398,4,6,GNSS,255,BROADCAST,0,HEARTBEAT,48,HEARTBEAT,0,0,0,0,0,0,0x1001BFC0
1777259444.399,894395,4,6,GNSS,255,BROADCAST,0,HEARTBEAT,48,HEARTBEAT,0,0,0,0,0,0,0x1001BFC0
1777259445.406,895392,4,6,GNSS,255,BROADCAST,0,HEARTBEAT,48,HEARTBEAT,0,0,0,0,0,0,0x1001BFC0
1777259446.416,896389,4,6,GNSS,255,BROADCAST,0,HEARTBEAT,48,HEARTBEAT,0,0,0,0,0,0,0x1001BFC0
1777259447.422,897387,4,6,GNSS,255,BROADCAST,0,HEARTBEAT,48,HEARTBEAT,0,0,0,0,0,0,0x1001BFC0
1777259447.422,897388,4,6,GNSS,1,CDH,10,HEALTH,1,HEALTH_0x01,0,0,0,0,1,1,0x1001804A
1777259447.422,897389,2,6,GNSS,1,CDH,4,TELEMETRY,2,TELEMETRY_0x02,0,0,0,0,0,0,0x08018044
1777259448.399,898385,4,6,GNSS,255,BROADCAST,0,HEARTBEAT,48,HEARTBEAT,0,0,0,0,0,0,0x1001BFC0
1777259449.386,899382,4,6,GNSS,255,BROADCAST,0,HEARTBEAT,48,HEARTBEAT,0,0,0,0,0,0,0x1001BFC0
1777259450.405,900380,4,6,GNSS,255,BROADCAST,0,HEARTBEAT,48,HEARTBEAT,0,0,0,0,0,0,0x1001BFC0
1777259451.385,901377,4,6,GNSS,255,BROADCAST,0,HEARTBEAT,48,HEARTBEAT,0,0,0,0,0,0,0x1001BFC0
1777259452.379,902374,4,6,GNSS,255,BROADCAST,0,HEARTBEAT,48,HEARTBEAT,0,0,0,0,0,0,0x1001BFC0
1777259452.379,902375,4,6,GNSS,1,CDH,10,HEALTH,1,HEALTH_0x01,0,0,0,0,1,1,0x1001804A
1777259452.380,902377,2,6,GNSS,1,CDH,4,TELEMETRY,2,TELEMETRY_0x02,0,0,0,0,0,0,0x08018044
1777259453.387,903373,4,6,GNSS,255,BROADCAST,0,HEARTBEAT,48,HEARTBEAT,0,0,0,0,0,0,0x1001BFC0
1777259454.398,904370,4,6,GNSS,255,BROADCAST,0,HEARTBEAT,48,HEARTBEAT,0,0,0,0,0,0,0x1001BFC0
1777259455.372,905367,4,6,GNSS,255,BROADCAST,0,HEARTBEAT,48,HEARTBEAT,0,0,0,0,0,0,0x1001BFC0
1777259456.368,906365,4,6,GNSS,255,BROADCAST,0,HEARTBEAT,48,HEARTBEAT,0,0,0,0,0,0,0x1001BFC0
1777259457.367,907362,4,6,GNSS,255,BROADCAST,0,HEARTBEAT,48,HEARTBEAT,0,0,0,0,0,0,0x1001BFC0
1777259457.367,907363,4,6,GNSS,1,CDH,10,HEALTH,1,HEALTH_0x01,0,0,0,0,1,1,0x1001804A
1777259457.367,907364,2,6,GNSS,1,CDH,4,TELEMETRY,2,TELEMETRY_0x02,0,0,0,0,0,0,0x08018044
1777259458.395,908360,4,6,GNSS,255,BROADCAST,0,HEARTBEAT,48,HEARTBEAT,0,0,0,0,0,0,0x1001BFC0
1777259459.361,909357,4,6,GNSS,255,BROADCAST,0,HEARTBEAT,48,HEARTBEAT,0,0,0,0,0,0,0x1001BFC0
1777259460.370,910355,4,6,GNSS,255,BROADCAST,0,HEARTBEAT,48,HEARTBEAT,0,0,0,0,0,0,0x1001BFC0
1777259461.366,911352,4,6,GNSS,255,BROADCAST,0,HEARTBEAT,48,HEARTBEAT,0,0,0,0,0,0,0x1001BFC0
1777259462.382,912349,4,6,GNSS,255,BROADCAST,0,HEARTBEAT,48,HEARTBEAT,0,0,0,0,0,0,0x1001BFC0
1777259462.382,912350,4,6,GNSS,1,CDH,10,HEALTH,1,HEALTH_0x01,0,0,0,0,1,1,0x1001804A
1777259462.382,912351,2,6,GNSS,1,CDH,4,TELEMETRY,2,TELEMETRY_0x02,0,0,0,0,0,0,0x08018044
1777259463.364,913347,4,6,GNSS,255,BROADCAST,0,HEARTBEAT,48,HEARTBEAT,0,0,0,0,0,0,0x1001BFC0
1777259464.348,914345,4,6,GNSS,255,BROADCAST,0,HEARTBEAT,48,HEARTBEAT,0,0,0,0,0,0,0x1001BFC0
1777259465.346,915342,4,6,GNSS,255,BROADCAST,0,HEARTBEAT,48,HEARTBEAT,0,0,0,0,0,0,0x1001BFC0
1777259466.380,916339,4,6,GNSS,255,BROADCAST,0,HEARTBEAT,48,HEARTBEAT,0,0,0,0,0,0,0x1001BFC0
1777259467.341,917336,4,6,GNSS,255,BROADCAST,0,HEARTBEAT,48,HEARTBEAT,0,0,0,0,0,0,0x1001BFC0
1777259467.341,917337,4,6,GNSS,1,CDH,10,HEALTH,1,HEALTH_0x01,0,0,0,0,1,1,0x1001804A
1777259467.342,917339,2,6,GNSS,1,CDH,4,TELEMETRY,2,TELEMETRY_0x02,0,0,0,0,0,0,0x08018044
1777259468.339,918335,4,6,GNSS,255,BROADCAST,0,HEARTBEAT,48,HEARTBEAT,0,0,0,0,0,0,0x1001BFC0
1777259469.340,919332,4,6,GNSS,255,BROADCAST,0,HEARTBEAT,48,HEARTBEAT,0,0,0,0,0,0,0x1001BFC0
1777259470.360,920329,4,6,GNSS,255,BROADCAST,0,HEARTBEAT,48,HEARTBEAT,0,0,0,0,0,0,0x1001BFC0
1777259471.331,921327,4,6,GNSS,255,BROADCAST,0,HEARTBEAT,48,HEARTBEAT,0,0,0,0,0,0,0x1001BFC0
1777259472.328,922324,4,6,GNSS,255,BROADCAST,0,HEARTBEAT,48,HEARTBEAT,0,0,0,0,0,0,0x1001BFC0
1777259472.329,922325,4,6,GNSS,1,CDH,10,HEALTH,1,HEALTH_0x01,0,0,0,0,1,1,0x1001804A
1777259472.330,922326,2,6,GNSS,1,CDH,4,TELEMETRY,2,TELEMETRY_0x02,0,0,0,0,0,0,0x08018044
1777259473.337,923322,4,6,GNSS,255,BROADCAST,0,HEARTBEAT,48,HEARTBEAT,0,0,0,0,0,0,0x1001BFC0
1777259474.375,924319,4,6,GNSS,255,BROADCAST,0,HEARTBEAT,48,HEARTBEAT,0,0,0,0,0,0,0x1001BFC0
1777259475.321,925317,4,6,GNSS,255,BROADCAST,0,HEARTBEAT,48,HEARTBEAT,0,0,0,0,0,0,0x1001BFC0
1777259476.318,926314,4,6,GNSS,255,BROADCAST,0,HEARTBEAT,48,HEARTBEAT,0,0,0,0,0,0,0x1001BFC0
1777259477.334,927311,4,6,GNSS,255,BROADCAST,0,HEARTBEAT,48,HEARTBEAT,0,0,0,0,0,0,0x1001BFC0
1777259477.334,927312,4,6,GNSS,1,CDH,10,HEALTH,1,HEALTH_0x01,0,0,0,0,1,1,0x1001804A
1777259477.334,927314,2,6,GNSS,1,CDH,4,TELEMETRY,2,TELEMETRY_0x02,0,0,0,0,0,0,0x08018044
1777259478.313,928310,4,6,GNSS,255,BROADCAST,0,HEARTBEAT,48,HEARTBEAT,0,0,0,0,0,0,0x1001BFC0
1777259479.311,929307,4,6,GNSS,255,BROADCAST,0,HEARTBEAT,48,HEARTBEAT,0,0,0,0,0,0,0x1001BFC0
1777259480.311,930304,4,6,GNSS,255,BROADCAST,0,HEARTBEAT,48,HEARTBEAT,0,0,0,0,0,0,0x1001BFC0
1777259481.325,931301,4,6,GNSS,255,BROADCAST,0,HEARTBEAT,48,HEARTBEAT,0,0,0,0,0,0,0x1001BFC0
1777259482.303,932298,4,6,GNSS,255,BROADCAST,0,HEARTBEAT,48,HEARTBEAT,0,0,0,0,0,0,0x1001BFC0
1777259482.305,932299,4,6,GNSS,1,CDH,10,HEALTH,1,HEALTH_0x01,0,0,0,0,1,1,0x1001804A
1777259482.305,932301,2,6,GNSS,1,CDH,4,TELEMETRY,2,TELEMETRY_0x02,0,0,0,0,0,0,0x08018044
1777259483.302,933297,4,6,GNSS,255,BROADCAST,0,HEARTBEAT,48,HEARTBEAT,0,0,0,0,0,0,0x1001BFC0
1777259484.299,934294,4,6,GNSS,255,BROADCAST,0,HEARTBEAT,48,HEARTBEAT,0,0,0,0,0,0,0x1001BFC0
1777259485.314,935291,4,6,GNSS,255,BROADCAST,0,HEARTBEAT,48,HEARTBEAT,0,0,0,0,0,0,0x1001BFC0
1777259486.293,936288,4,6,GNSS,255,BROADCAST,0,HEARTBEAT,48,HEARTBEAT,0,0,0,0,0,0,0x1001BFC0
1777259487.290,937286,4,6,GNSS,255,BROADCAST,0,HEARTBEAT,48,HEARTBEAT,0,0,0,0,0,0,0x1001BFC0
1777259487.291,937287,4,6,GNSS,1,CDH,10,HEALTH,1,HEALTH_0x01,0,0,0,0,1,1,0x1001804A
1777259487.292,937288,2,6,GNSS,1,CDH,4,TELEMETRY,2,TELEMETRY_0x02,0,0,0,0,0,0,0x08018044
1777259488.288,938284,4,6,GNSS,255,BROADCAST,0,HEARTBEAT,48,HEARTBEAT,0,0,0,0,0,0,0x1001BFC0
1777259489.303,939281,4,6,GNSS,255,BROADCAST,0,HEARTBEAT,48,HEARTBEAT,0,0,0,0,0,0,0x1001BFC0
1777259490.283,940279,4,6,GNSS,255,BROADCAST,0,HEARTBEAT,48,HEARTBEAT,0,0,0,0,0,0,0x1001BFC0
1777259491.280,941276,4,6,GNSS,255,BROADCAST,0,HEARTBEAT,48,HEARTBEAT,0,0,0,0,0,0,0x1001BFC0
1777259492.281,942273,4,6,GNSS,255,BROADCAST,0,HEARTBEAT,48,HEARTBEAT,0,0,0,0,0,0,0x1001BFC0
1777259492.281,942274,4,6,GNSS,1,CDH,10,HEALTH,1,HEALTH_0x01,0,0,0,0,1,1,0x1001804A
1777259492.281,942275,2,6,GNSS,1,CDH,4,TELEMETRY,2,TELEMETRY_0x02,0,0,0,0,0,0,0x08018044
1777259493.311,943272,4,6,GNSS,255,BROADCAST,0,HEARTBEAT,48,HEARTBEAT,0,0,0,0,0,0,0x1001BFC0
1777259494.275,944269,4,6,GNSS,255,BROADCAST,0,HEARTBEAT,48,HEARTBEAT,0,0,0,0,0,0,0x1001BFC0
1777259495.271,945266,4,6,GNSS,255,BROADCAST,0,HEARTBEAT,48,HEARTBEAT,0,0,0,0,0,0,0x1001BFC0
1777259496.281,946263,4,6,GNSS,255,BROADCAST,0,HEARTBEAT,48,HEARTBEAT,0,0,0,0,0,0,0x1001BFC0
1777259497.295,947261,4,6,GNSS,255,BROADCAST,0,HEARTBEAT,48,HEARTBEAT,0,0,0,0,0,0,0x1001BFC0
1777259497.295,947262,4,6,GNSS,1,CDH,10,HEALTH,1,HEALTH_0x01,0,0,0,0,1,1,0x1001804A
1777259497.295,947263,2,6,GNSS,1,CDH,4,TELEMETRY,2,TELEMETRY_0x02,0,0,0,0,0,0,0x08018044
1777259498.264,948259,4,6,GNSS,255,BROADCAST,0,HEARTBEAT,48,HEARTBEAT,0,0,0,0,0,0,0x1001BFC0
1777259499.261,949257,4,6,GNSS,255,BROADCAST,0,HEARTBEAT,48,HEARTBEAT,0,0,0,0,0,0,0x1001BFC0
1777259500.269,950254,4,6,GNSS,255,BROADCAST,0,HEARTBEAT,48,HEARTBEAT,0,0,0,0,0,0,0x1001BFC0
1777259501.294,951251,4,6,GNSS,255,BROADCAST,0,HEARTBEAT,48,HEARTBEAT,0,0,0,0,0,0,0x1001BFC0
1777259502.255,952248,4,6,GNSS,255,BROADCAST,0,HEARTBEAT,48,HEARTBEAT,0,0,0,0,0,0,0x1001BFC0
1777259502.255,952250,4,6,GNSS,1,CDH,10,HEALTH,1,HEALTH_0x01,0,0,0,0,1,1,0x1001804A
1777259502.255,952250,2,6,GNSS,1,CDH,4,TELEMETRY,2,TELEMETRY_0x02,0,0,0,0,0,0,0x08018044
1777259503.251,953247,4,6,GNSS,255,BROADCAST,0,HEARTBEAT,48,HEARTBEAT,0,0,0,0,0,0,0x1001BFC0
1777259504.267,954244,4,6,GNSS,255,BROADCAST,0,HEARTBEAT,48,HEARTBEAT,0,0,0,0,0,0,0x1001BFC0
1777259505.252,955241,4,6,GNSS,255,BROADCAST,0,HEARTBEAT,48,HEARTBEAT,0,0,0,0,0,0,0x1001BFC0
1777259506.243,956238,4,6,GNSS,255,BROADCAST,0,HEARTBEAT,48,HEARTBEAT,0,0,0,0,0,0,0x1001BFC0
1777259507.242,957236,4,6,GNSS,255,BROADCAST,0,HEARTBEAT,48,HEARTBEAT,0,0,0,0,0,0,0x1001BFC0
1777259507.242,957237,4,6,GNSS,1,CDH,10,HEALTH,1,HEALTH_0x01,0,0,0,0,1,1,0x1001804A
1777259507.243,957238,2,6,GNSS,1,CDH,4,TELEMETRY,2,TELEMETRY_0x02,0,0,0,0,0,0,0x08018044
1777259508.253,958234,4,6,GNSS,255,BROADCAST,0,HEARTBEAT,48,HEARTBEAT,0,0,0,0,0,0,0x1001BFC0
1777259509.236,959231,4,6,GNSS,255,BROADCAST,0,HEARTBEAT,48,HEARTBEAT,0,0,0,0,0,0,0x1001BFC0
1777259510.233,960229,4,6,GNSS,255,BROADCAST,0,HEARTBEAT,48,HEARTBEAT,0,0,0,0,0,0,0x1001BFC0
1777259511.232,961226,4,6,GNSS,255,BROADCAST,0,HEARTBEAT,48,HEARTBEAT,0,0,0,0,0,0,0x1001BFC0
1777259512.250,962223,4,6,GNSS,255,BROADCAST,0,HEARTBEAT,48,HEARTBEAT,0,0,0,0,0,0,0x1001BFC0
1777259512.250,962224,4,6,GNSS,1,CDH,10,HEALTH,1,HEALTH_0x01,0,0,0,0,1,1,0x1001804A
1777259512.250,962225,2,6,GNSS,1,CDH,4,TELEMETRY,2,TELEMETRY_0x02,0,0,0,0,0,0,0x08018044
1777259513.227,963221,4,6,GNSS,255,BROADCAST,0,HEARTBEAT,48,HEARTBEAT,0,0,0,0,0,0,0x1001BFC0
1777259514.226,964218,4,6,GNSS,255,BROADCAST,0,HEARTBEAT,48,HEARTBEAT,0,0,0,0,0,0,0x1001BFC0
1777259515.220,965215,4,6,GNSS,255,BROADCAST,0,HEARTBEAT,48,HEARTBEAT,0,0,0,0,0,0,0x1001BFC0
1777259516.245,966213,4,6,GNSS,255,BROADCAST,0,HEARTBEAT,48,HEARTBEAT,0,0,0,0,0,0,0x1001BFC0
1777259517.225,967210,4,6,GNSS,255,BROADCAST,0,HEARTBEAT,48,HEARTBEAT,0,0,0,0,0,0,0x1001BFC0
1777259517.225,967211,4,6,GNSS,1,CDH,10,HEALTH,1,HEALTH_0x01,0,0,0,0,1,1,0x1001804A
1777259517.225,967212,2,6,GNSS,1,CDH,4,TELEMETRY,2,TELEMETRY_0x02,0,0,0,0,0,0,0x08018044
1777259518.214,968208,4,6,GNSS,255,BROADCAST,0,HEARTBEAT,48,HEARTBEAT,0,0,0,0,0,0,0x1001BFC0
1777259519.211,969206,4,6,GNSS,255,BROADCAST,0,HEARTBEAT,48,HEARTBEAT,0,0,0,0,0,0,0x1001BFC0
1777259520.241,970203,4,6,GNSS,255,BROADCAST,0,HEARTBEAT,48,HEARTBEAT,0,0,0,0,0,0,0x1001BFC0
1777259521.206,971200,4,6,GNSS,255,BROADCAST,0,HEARTBEAT,48,HEARTBEAT,0,0,0,0,0,0,0x1001BFC0
1777259522.209,972198,4,6,GNSS,255,BROADCAST,0,HEARTBEAT,48,HEARTBEAT,0,0,0,0,0,0,0x1001BFC0
1777259522.209,972199,4,6,GNSS,1,CDH,10,HEALTH,1,HEALTH_0x01,0,0,0,0,1,1,0x1001804A
1777259522.209,972200,2,6,GNSS,1,CDH,4,TELEMETRY,2,TELEMETRY_0x02,0,0,0,0,0,0,0x08018044
1777259523.203,973196,4,6,GNSS,255,BROADCAST,0,HEARTBEAT,48,HEARTBEAT,0,0,0,0,0,0,0x1001BFC0
1777259524.227,974193,4,6,GNSS,255,BROADCAST,0,HEARTBEAT,48,HEARTBEAT,0,0,0,0,0,0,0x1001BFC0
1777259525.195,975190,4,6,GNSS,255,BROADCAST,0,HEARTBEAT,48,HEARTBEAT,0,0,0,0,0,0,0x1001BFC0
1777259526.200,976190,4,6,GNSS,255,BROADCAST,0,HEARTBEAT,48,HEARTBEAT,0,0,0,0,0,0,0x1001BFC0
1777259527.201,977185,4,6,GNSS,255,BROADCAST,0,HEARTBEAT,48,HEARTBEAT,0,0,0,0,0,0,0x1001BFC0
1777259527.201,977186,4,6,GNSS,1,CDH,10,HEALTH,1,HEALTH_0x01,0,0,0,0,1,1,0x1001804A
1777259527.201,977187,2,6,GNSS,1,CDH,4,TELEMETRY,2,TELEMETRY_0x02,0,0,0,0,0,0,0x08018044
1777259528.224,978184,4,6,GNSS,255,BROADCAST,0,HEARTBEAT,48,HEARTBEAT,0,0,0,0,0,0,0x1001BFC0
1777259529.185,979181,4,6,GNSS,255,BROADCAST,0,HEARTBEAT,48,HEARTBEAT,0,0,0,0,0,0,0x1001BFC0
1777259530.183,980178,4,6,GNSS,255,BROADCAST,0,HEARTBEAT,48,HEARTBEAT,0,0,0,0,0,0,0x1001BFC0
1777259531.195,981175,4,6,GNSS,255,BROADCAST,0,HEARTBEAT,48,HEARTBEAT,0,0,0,0,0,0,0x1001BFC0
1777259532.188,982173,4,6,GNSS,255,BROADCAST,0,HEARTBEAT,48,HEARTBEAT,0,0,0,0,0,0,0x1001BFC0
1777259532.213,982175,4,6,GNSS,1,CDH,10,HEALTH,1,HEALTH_0x01,0,0,0,0,1,1,0x1001804A
1777259532.213,982176,2,6,GNSS,1,CDH,4,TELEMETRY,2,TELEMETRY_0x02,0,0,0,0,0,0,0x08018044
1777259533.185,983171,4,6,GNSS,255,BROADCAST,0,HEARTBEAT,48,HEARTBEAT,0,0,0,0,0,0,0x1001BFC0
1777259534.173,984168,4,6,GNSS,255,BROADCAST,0,HEARTBEAT,48,HEARTBEAT,0,0,0,0,0,0,0x1001BFC0
1777259535.193,985166,4,6,GNSS,255,BROADCAST,0,HEARTBEAT,48,HEARTBEAT,0,0,0,0,0,0,0x1001BFC0
1777259536.168,986163,4,6,GNSS,255,BROADCAST,0,HEARTBEAT,48,HEARTBEAT,0,0,0,0,0,0,0x1001BFC0
1777259537.166,987160,4,6,GNSS,255,BROADCAST,0,HEARTBEAT,48,HEARTBEAT,0,0,0,0,0,0,0x1001BFC0
1777259537.166,987162,4,6,GNSS,1,CDH,10,HEALTH,1,HEALTH_0x01,0,0,0,0,1,1,0x1001804A
1777259537.168,987163,2,6,GNSS,1,CDH,4,TELEMETRY,2,TELEMETRY_0x02,0,0,0,0,0,0,0x08018044
1777259538.164,988159,4,6,GNSS,255,BROADCAST,0,HEARTBEAT,48,HEARTBEAT,0,0,0,0,0,0,0x1001BFC0
1777259539.184,989156,4,6,GNSS,255,BROADCAST,0,HEARTBEAT,48,HEARTBEAT,0,0,0,0,0,0,0x1001BFC0
1777259540.158,990153,4,6,GNSS,255,BROADCAST,0,HEARTBEAT,48,HEARTBEAT,0,0,0,0,0,0,0x1001BFC0
1777259541.156,991151,4,6,GNSS,255,BROADCAST,0,HEARTBEAT,48,HEARTBEAT,0,0,0,0,0,0,0x1001BFC0
1777259542.155,992148,4,6,GNSS,255,BROADCAST,0,HEARTBEAT,48,HEARTBEAT,0,0,0,0,0,0,0x1001BFC0
1777259542.155,992149,4,6,GNSS,1,CDH,10,HEALTH,1,HEALTH_0x01,0,0,0,0,1,1,0x1001804A
1777259542.155,992150,2,6,GNSS,1,CDH,4,TELEMETRY,2,TELEMETRY_0x02,0,0,0,0,0,0,0x08018044
1777259543.165,993146,4,6,GNSS,255,BROADCAST,0,HEARTBEAT,48,HEARTBEAT,0,0,0,0,0,0,0x1001BFC0
1777259544.149,994144,4,6,GNSS,255,BROADCAST,0,HEARTBEAT,48,HEARTBEAT,0,0,0,0,0,0,0x1001BFC0
1777259545.146,995141,4,6,GNSS,255,BROADCAST,0,HEARTBEAT,48,HEARTBEAT,0,0,0,0,0,0,0x1001BFC0
1777259546.143,996138,4,6,GNSS,255,BROADCAST,0,HEARTBEAT,48,HEARTBEAT,0,0,0,0,0,0,0x1001BFC0
1777259547.188,997135,4,6,GNSS,255,BROADCAST,0,HEARTBEAT,48,HEARTBEAT,0,0,0,0,0,0,0x1001BFC0
1777259547.188,997136,4,6,GNSS,1,CDH,10,HEALTH,1,HEALTH_0x01,0,0,0,0,1,1,0x1001804A
1777259547.188,997138,2,6,GNSS,1,CDH,4,TELEMETRY,2,TELEMETRY_0x02,0,0,0,0,0,0,0x08018044
1777259548.139,998134,4,6,GNSS,255,BROADCAST,0,HEARTBEAT,48,HEARTBEAT,0,0,0,0,0,0,0x1001BFC0
1777259549.136,999131,4,6,GNSS,255,BROADCAST,0,HEARTBEAT,48,HEARTBEAT,0,0,0,0,0,0,0x1001BFC0
1777259550.140,1000128,4,6,GNSS,255,BROADCAST,0,HEARTBEAT,48,HEARTBEAT,0,0,0,0,0,0,0x1001BFC0
1777259551.157,1001125,4,6,GNSS,255,BROADCAST,0,HEARTBEAT,48,HEARTBEAT,0,0,0,0,0,0,0x1001BFC0
1777259552.129,1002123,4,6,GNSS,255,BROADCAST,0,HEARTBEAT,48,HEARTBEAT,0,0,0,0,0,0,0x1001BFC0
1777259552.129,1002124,4,6,GNSS,1,CDH,10,HEALTH,1,HEALTH_0x01,0,0,0,0,1,1,0x1001804A
1777259552.136,1002125,2,6,GNSS,1,CDH,4,TELEMETRY,2,TELEMETRY_0x02,0,0,0,0,0,0,0x08018044
1777259553.136,1003121,4,6,GNSS,255,BROADCAST,0,HEARTBEAT,48,HEARTBEAT,0,0,0,0,0,0,0x1001BFC0
1777259554.131,1004118,4,6,GNSS,255,BROADCAST,0,HEARTBEAT,48,HEARTBEAT,0,0,0,0,0,0,0x1001BFC0
1777259555.149,1005115,4,6,GNSS,255,BROADCAST,0,HEARTBEAT,48,HEARTBEAT,0,0,0,0,0,0,0x1001BFC0
1777259556.118,1006112,4,6,GNSS,255,BROADCAST,0,HEARTBEAT,48,HEARTBEAT,0,0,0,0,0,0,0x1001BFC0
1777259557.115,1007110,4,6,GNSS,255,BROADCAST,0,HEARTBEAT,48,HEARTBEAT,0,0,0,0,0,0,0x1001BFC0
1777259557.116,1007111,4,6,GNSS,1,CDH,10,HEALTH,1,HEALTH_0x01,0,0,0,0,1,1,0x1001804A
1777259557.117,1007112,2,6,GNSS,1,CDH,4,TELEMETRY,2,TELEMETRY_0x02,0,0,0,0,0,0,0x08018044
1777259558.131,1008108,4,6,GNSS,255,BROADCAST,0,HEARTBEAT,48,HEARTBEAT,0,0,0,0,0,0,0x1001BFC0
1777259559.110,1009105,4,6,GNSS,255,BROADCAST,0,HEARTBEAT,48,HEARTBEAT,0,0,0,0,0,0,0x1001BFC0
1777259560.113,1010102,4,6,GNSS,255,BROADCAST,0,HEARTBEAT,48,HEARTBEAT,0,0,0,0,0,0,0x1001BFC0
1777259561.106,1011099,4,6,GNSS,255,BROADCAST,0,HEARTBEAT,48,HEARTBEAT,0,0,0,0,0,0,0x1001BFC0
1777259562.120,1012097,4,6,GNSS,255,BROADCAST,0,HEARTBEAT,48,HEARTBEAT,0,0,0,0,0,0,0x1001BFC0
1777259562.120,1012098,4,6,GNSS,1,CDH,10,HEALTH,1,HEALTH_0x01,0,0,0,0,1,1,0x1001804A
1777259562.120,1012099,2,6,GNSS,1,CDH,4,TELEMETRY,2,TELEMETRY_0x02,0,0,0,0,0,0,0x08018044
1777259563.100,1013095,4,6,GNSS,255,BROADCAST,0,HEARTBEAT,48,HEARTBEAT,0,0,0,0,0,0,0x1001BFC0
1777259564.100,1014092,4,6,GNSS,255,BROADCAST,0,HEARTBEAT,48,HEARTBEAT,0,0,0,0,0,0,0x1001BFC0
1777259565.097,1015089,4,6,GNSS,255,BROADCAST,0,HEARTBEAT,48,HEARTBEAT,0,0,0,0,0,0,0x1001BFC0
1777259566.112,1016087,4,6,GNSS,255,BROADCAST,0,HEARTBEAT,48,HEARTBEAT,0,0,0,0,0,0,0x1001BFC0
1777259567.092,1017084,4,6,GNSS,255,BROADCAST,0,HEARTBEAT,48,HEARTBEAT,0,0,0,0,0,0,0x1001BFC0
1777259567.092,1017085,4,6,GNSS,1,CDH,10,HEALTH,1,HEALTH_0x01,0,0,0,0,1,1,0x1001804A
1777259567.092,1017086,2,6,GNSS,1,CDH,4,TELEMETRY,2,TELEMETRY_0x02,0,0,0,0,0,0,0x08018044
1777259568.088,1018082,4,6,GNSS,255,BROADCAST,0,HEARTBEAT,48,HEARTBEAT,0,0,0,0,0,0,0x1001BFC0
1777259569.085,1019079,4,6,GNSS,255,BROADCAST,0,HEARTBEAT,48,HEARTBEAT,0,0,0,0,0,0,0x1001BFC0
1777259570.103,1020077,4,6,GNSS,255,BROADCAST,0,HEARTBEAT,48,HEARTBEAT,0,0,0,0,0,0,0x1001BFC0
1777259571.080,1021074,4,6,GNSS,255,BROADCAST,0,HEARTBEAT,48,HEARTBEAT,0,0,0,0,0,0,0x1001BFC0
1777259572.077,1022071,4,6,GNSS,255,BROADCAST,0,HEARTBEAT,48,HEARTBEAT,0,0,0,0,0,0,0x1001BFC0
1777259572.078,1022072,4,6,GNSS,1,CDH,10,HEALTH,1,HEALTH_0x01,0,0,0,0,1,1,0x1001804A
1777259572.079,1022073,2,6,GNSS,1,CDH,4,TELEMETRY,2,TELEMETRY_0x02,0,0,0,0,0,0,0x08018044
1777259573.079,1023069,4,6,GNSS,255,BROADCAST,0,HEARTBEAT,48,HEARTBEAT,0,0,0,0,0,0,0x1001BFC0
1777259574.096,1024067,4,6,GNSS,255,BROADCAST,0,HEARTBEAT,48,HEARTBEAT,0,0,0,0,0,0,0x1001BFC0
1777259575.070,1025064,4,6,GNSS,255,BROADCAST,0,HEARTBEAT,48,HEARTBEAT,0,0,0,0,0,0,0x1001BFC0
1777259576.067,1026061,4,6,GNSS,255,BROADCAST,0,HEARTBEAT,48,HEARTBEAT,0,0,0,0,0,0,0x1001BFC0
1777259577.066,1027058,4,6,GNSS,255,BROADCAST,0,HEARTBEAT,48,HEARTBEAT,0,0,0,0,0,0,0x1001BFC0
1777259577.066,1027059,4,6,GNSS,1,CDH,10,HEALTH,1,HEALTH_0x01,0,0,0,0,1,1,0x1001804A
1777259577.066,1027061,2,6,GNSS,1,CDH,4,TELEMETRY,2,TELEMETRY_0x02,0,0,0,0,0,0,0x08018044
1777259578.104,1028057,4,6,GNSS,255,BROADCAST,0,HEARTBEAT,48,HEARTBEAT,0,0,0,0,0,0,0x1001BFC0
1777259579.061,1029054,4,6,GNSS,255,BROADCAST,0,HEARTBEAT,48,HEARTBEAT,0,0,0,0,0,0,0x1001BFC0
1777259580.057,1030051,4,6,GNSS,255,BROADCAST,0,HEARTBEAT,48,HEARTBEAT,0,0,0,0,0,0,0x1001BFC0
1777259581.073,1031048,4,6,GNSS,255,BROADCAST,0,HEARTBEAT,48,HEARTBEAT,0,0,0,0,0,0,0x1001BFC0
1777259582.085,1032046,4,6,GNSS,255,BROADCAST,0,HEARTBEAT,48,HEARTBEAT,0,0,0,0,0,0,0x1001BFC0
1777259582.085,1032047,4,6,GNSS,1,CDH,10,HEALTH,1,HEALTH_0x01,0,0,0,0,1,1,0x1001804A
1777259582.085,1032048,2,6,GNSS,1,CDH,4,TELEMETRY,2,TELEMETRY_0x02,0,0,0,0,0,0,0x08018044
1777259583.050,1033044,4,6,GNSS,255,BROADCAST,0,HEARTBEAT,48,HEARTBEAT,0,0,0,0,0,0,0x1001BFC0
1777259584.047,1034041,4,6,GNSS,255,BROADCAST,0,HEARTBEAT,48,HEARTBEAT,0,0,0,0,0,0,0x1001BFC0
1777259585.061,1035038,4,6,GNSS,255,BROADCAST,0,HEARTBEAT,48,HEARTBEAT,0,0,0,0,0,0,0x1001BFC0
1777259586.045,1036036,4,6,GNSS,255,BROADCAST,0,HEARTBEAT,48,HEARTBEAT,0,0,0,0,0,0,0x1001BFC0
1777259587.039,1037033,4,6,GNSS,255,BROADCAST,0,HEARTBEAT,48,HEARTBEAT,0,0,0,0,0,0,0x1001BFC0
1777259587.039,1037034,4,6,GNSS,1,CDH,10,HEALTH,1,HEALTH_0x01,0,0,0,0,1,1,0x1001804A
1777259587.042,1037035,2,6,GNSS,1,CDH,4,TELEMETRY,2,TELEMETRY_0x02,0,0,0,0,0,0,0x08018044
1777259588.039,1038031,4,6,GNSS,255,BROADCAST,0,HEARTBEAT,48,HEARTBEAT,0,0,0,0,0,0,0x1001BFC0
1777259589.052,1039029,4,6,GNSS,255,BROADCAST,0,HEARTBEAT,48,HEARTBEAT,0,0,0,0,0,0,0x1001BFC0
1777259590.032,1040026,4,6,GNSS,255,BROADCAST,0,HEARTBEAT,48,HEARTBEAT,0,0,0,0,0,0,0x1001BFC0
1777259591.030,1041023,4,6,GNSS,255,BROADCAST,0,HEARTBEAT,48,HEARTBEAT,0,0,0,0,0,0,0x1001BFC0
1777259592.028,1042020,4,6,GNSS,255,BROADCAST,0,HEARTBEAT,48,HEARTBEAT,0,0,0,0,0,0,0x1001BFC0
1777259592.028,1042021,4,6,GNSS,1,CDH,10,HEALTH,1,HEALTH_0x01,0,0,0,0,1,1,0x1001804A
1777259592.029,1042023,2,6,GNSS,1,CDH,4,TELEMETRY,2,TELEMETRY_0x02,0,0,0,0,0,0,0x08018044
1777259593.049,1043019,4,6,GNSS,255,BROADCAST,0,HEARTBEAT,48,HEARTBEAT,0,0,0,0,0,0,0x1001BFC0
1777259594.022,1044016,4,6,GNSS,255,BROADCAST,0,HEARTBEAT,48,HEARTBEAT,0,0,0,0,0,0,0x1001BFC0
1777259595.020,1045013,4,6,GNSS,255,BROADCAST,0,HEARTBEAT,48,HEARTBEAT,0,0,0,0,0,0,0x1001BFC0
1777259596.017,1046010,4,6,GNSS,255,BROADCAST,0,HEARTBEAT,48,HEARTBEAT,0,0,0,0,0,0,0x1001BFC0
1777259597.040,1047008,4,6,GNSS,255,BROADCAST,0,HEARTBEAT,48,HEARTBEAT,0,0,0,0,0,0,0x1001BFC0
1777259597.042,1047009,4,6,GNSS,1,CDH,10,HEALTH,1,HEALTH_0x01,0,0,0,0,1,1,0x1001804A
1777259597.042,1047010,2,6,GNSS,1,CDH,4,TELEMETRY,2,TELEMETRY_0x02,0,0,0,0,0,0,0x08018044
1777259598.012,1048006,4,6,GNSS,255,BROADCAST,0,HEARTBEAT,48,HEARTBEAT,0,0,0,0,0,0,0x1001BFC0
1777259599.010,1049003,4,6,GNSS,255,BROADCAST,0,HEARTBEAT,48,HEARTBEAT,0,0,0,0,0,0,0x1001BFC0
1777259600.010,1050000,4,6,GNSS,255,BROADCAST,0,HEARTBEAT,48,HEARTBEAT,0,0,0,0,0,0,0x1001BFC0
1777259601.033,1050998,4,6,GNSS,255,BROADCAST,0,HEARTBEAT,48,HEARTBEAT,0,0,0,0,0,0,0x1001BFC0
1777259602.001,1051995,4,6,GNSS,255,BROADCAST,0,HEARTBEAT,48,HEARTBEAT,0,0,0,0,0,0,0x1001BFC0
1777259602.003,1051996,4,6,GNSS,1,CDH,10,HEALTH,1,HEALTH_0x01,0,0,0,0,1,1,0x1001804A
1777259602.003,1051997,2,6,GNSS,1,CDH,4,TELEMETRY,2,TELEMETRY_0x02,0,0,0,0,0,0,0x08018044
1777259602.999,1052993,4,6,GNSS,255,BROADCAST,0,HEARTBEAT,48,HEARTBEAT,0,0,0,0,0,0,0x1001BFC0
1777259604.004,1053990,4,6,GNSS,255,BROADCAST,0,HEARTBEAT,48,HEARTBEAT,0,0,0,0,0,0,0x1001BFC0
1777259605.043,1054988,4,6,GNSS,255,BROADCAST,0,HEARTBEAT,48,HEARTBEAT,0,0,0,0,0,0,0x1001BFC0
1777259605.991,1055985,4,6,GNSS,255,BROADCAST,0,HEARTBEAT,48,HEARTBEAT,0,0,0,0,0,0,0x1001BFC0
1777259606.989,1056982,4,6,GNSS,255,BROADCAST,0,HEARTBEAT,48,HEARTBEAT,0,0,0,0,0,0,0x1001BFC0
1777259606.991,1056985,4,6,GNSS,1,CDH,10,HEALTH,1,HEALTH_0x01,0,0,0,0,1,1,0x1001804A
1777259606.992,1056986,2,6,GNSS,1,CDH,4,TELEMETRY,2,TELEMETRY_0x02,0,0,0,0,0,0,0x08018044
1777259608.011,1057980,4,6,GNSS,255,BROADCAST,0,HEARTBEAT,48,HEARTBEAT,0,0,0,0,0,0,0x1001BFC0
1777259609.019,1058977,4,6,GNSS,255,BROADCAST,0,HEARTBEAT,48,HEARTBEAT,0,0,0,0,0,0,0x1001BFC0
1777259609.984,1059975,4,6,GNSS,255,BROADCAST,0,HEARTBEAT,48,HEARTBEAT,0,0,0,0,0,0,0x1001BFC0
1777259610.978,1060972,4,6,GNSS,255,BROADCAST,0,HEARTBEAT,48,HEARTBEAT,0,0,0,0,0,0,0x1001BFC0
1777259611.993,1061969,4,6,GNSS,255,BROADCAST,0,HEARTBEAT,48,HEARTBEAT,0,0,0,0,0,0,0x1001BFC0
1777259611.993,1061970,4,6,GNSS,1,CDH,10,HEALTH,1,HEALTH_0x01,0,0,0,0,1,1,0x1001804A
1777259611.993,1061971,2,6,GNSS,1,CDH,4,TELEMETRY,2,TELEMETRY_0x02,0,0,0,0,0,0,0x08018044
1777259613.000,1062967,4,6,GNSS,255,BROADCAST,0,HEARTBEAT,48,HEARTBEAT,0,0,0,0,0,0,0x1001BFC0
1777259613.971,1063964,4,6,GNSS,255,BROADCAST,0,HEARTBEAT,48,HEARTBEAT,0,0,0,0,0,0,0x1001BFC0
1777259614.970,1064962,4,6,GNSS,255,BROADCAST,0,HEARTBEAT,48,HEARTBEAT,0,0,0,0,0,0,0x1001BFC0
1777259615.985,1065959,4,6,GNSS,255,BROADCAST,0,HEARTBEAT,48,HEARTBEAT,0,0,0,0,0,0,0x1001BFC0
1777259616.963,1066956,4,6,GNSS,255,BROADCAST,0,HEARTBEAT,48,HEARTBEAT,0,0,0,0,0,0,0x1001BFC0
1777259616.964,1066957,4,6,GNSS,1,CDH,10,HEALTH,1,HEALTH_0x01,0,0,0,0,1,1,0x1001804A
1777259616.965,1066958,2,6,GNSS,1,CDH,4,TELEMETRY,2,TELEMETRY_0x02,0,0,0,0,0,0,0x08018044
1777259617.962,1067955,4,6,GNSS,255,BROADCAST,0,HEARTBEAT,48,HEARTBEAT,0,0,0,0,0,0,0x1001BFC0
1777259618.958,1068952,4,6,GNSS,255,BROADCAST,0,HEARTBEAT,48,HEARTBEAT,0,0,0,0,0,0,0x1001BFC0
1777259619.978,1069949,4,6,GNSS,255,BROADCAST,0,HEARTBEAT,48,HEARTBEAT,0,0,0,0,0,0,0x1001BFC0
1777259620.953,1070946,4,6,GNSS,255,BROADCAST,0,HEARTBEAT,48,HEARTBEAT,0,0,0,0,0,0,0x1001BFC0
1777259621.951,1071944,4,6,GNSS,255,BROADCAST,0,HEARTBEAT,48,HEARTBEAT,0,0,0,0,0,0,0x1001BFC0
1777259621.951,1071945,4,6,GNSS,1,CDH,10,HEALTH,1,HEALTH_0x01,0,0,0,0,1,1,0x1001804A
1777259621.955,1071946,2,6,GNSS,1,CDH,4,TELEMETRY,2,TELEMETRY_0x02,0,0,0,0,0,0,0x08018044
1777259622.949,1072942,4,6,GNSS,255,BROADCAST,0,HEARTBEAT,48,HEARTBEAT,0,0,0,0,0,0,0x1001BFC0
1777259623.970,1073940,4,6,GNSS,255,BROADCAST,0,HEARTBEAT,48,HEARTBEAT,0,0,0,0,0,0,0x1001BFC0
1777259624.945,1074937,4,6,GNSS,255,BROADCAST,0,HEARTBEAT,48,HEARTBEAT,0,0,0,0,0,0,0x1001BFC0
1777259625.941,1075934,4,6,GNSS,255,BROADCAST,0,HEARTBEAT,48,HEARTBEAT,0,0,0,0,0,0,0x1001BFC0
1777259626.945,1076931,4,6,GNSS,255,BROADCAST,0,HEARTBEAT,48,HEARTBEAT,0,0,0,0,0,0,0x1001BFC0
1777259626.945,1076932,4,6,GNSS,1,CDH,10,HEALTH,1,HEALTH_0x01,0,0,0,0,1,1,0x1001804A
1777259626.945,1076934,2,6,GNSS,1,CDH,4,TELEMETRY,2,TELEMETRY_0x02,0,0,0,0,0,0,0x08018044
1777259627.969,1077931,4,6,GNSS,255,BROADCAST,0,HEARTBEAT,48,HEARTBEAT,0,0,0,0,0,0,0x1001BFC0
1777259628.933,1078927,4,6,GNSS,255,BROADCAST,0,HEARTBEAT,48,HEARTBEAT,0,0,0,0,0,0,0x1001BFC0
1777259629.931,1079924,4,6,GNSS,255,BROADCAST,0,HEARTBEAT,48,HEARTBEAT,0,0,0,0,0,0,0x1001BFC0
1777259630.933,1080922,4,6,GNSS,255,BROADCAST,0,HEARTBEAT,48,HEARTBEAT,0,0,0,0,0,0,0x1001BFC0
1777259631.962,1081919,4,6,GNSS,255,BROADCAST,0,HEARTBEAT,48,HEARTBEAT,0,0,0,0,0,0,0x1001BFC0
1777259631.962,1081920,4,6,GNSS,1,CDH,10,HEALTH,1,HEALTH_0x01,0,0,0,0,1,1,0x1001804A
1777259631.962,1081921,2,6,GNSS,1,CDH,4,TELEMETRY,2,TELEMETRY_0x02,0,0,0,0,0,0,0x08018044
1777259632.924,1082917,4,6,GNSS,255,BROADCAST,0,HEARTBEAT,48,HEARTBEAT,0,0,0,0,0,0,0x1001BFC0
1777259633.921,1083914,4,6,GNSS,255,BROADCAST,0,HEARTBEAT,48,HEARTBEAT,0,0,0,0,0,0,0x1001BFC0
1777259634.930,1084912,4,6,GNSS,255,BROADCAST,0,HEARTBEAT,48,HEARTBEAT,0,0,0,0,0,0,0x1001BFC0
1777259635.972,1085909,4,6,GNSS,255,BROADCAST,0,HEARTBEAT,48,HEARTBEAT,0,0,0,0,0,0,0x1001BFC0
1777259636.925,1086906,4,6,GNSS,255,BROADCAST,0,HEARTBEAT,48,HEARTBEAT,0,0,0,0,0,0,0x1001BFC0
1777259636.925,1086907,4,6,GNSS,1,CDH,10,HEALTH,1,HEALTH_0x01,0,0,0,0,1,1,0x1001804A
1777259636.925,1086908,2,6,GNSS,1,CDH,4,TELEMETRY,2,TELEMETRY_0x02,0,0,0,0,0,0,0x08018044
1777259637.912,1087904,4,6,GNSS,255,BROADCAST,0,HEARTBEAT,48,HEARTBEAT,0,0,0,0,0,0,0x1001BFC0
1777259638.918,1088902,4,6,GNSS,255,BROADCAST,0,HEARTBEAT,48,HEARTBEAT,0,0,0,0,0,0,0x1001BFC0
1777259639.906,1089899,4,6,GNSS,255,BROADCAST,0,HEARTBEAT,48,HEARTBEAT,0,0,0,0,0,0,0x1001BFC0
1777259640.903,1090896,4,6,GNSS,255,BROADCAST,0,HEARTBEAT,48,HEARTBEAT,0,0,0,0,0,0,0x1001BFC0
1777259641.903,1091893,4,6,GNSS,255,BROADCAST,0,HEARTBEAT,48,HEARTBEAT,0,0,0,0,0,0,0x1001BFC0
1777259641.903,1091894,4,6,GNSS,1,CDH,10,HEALTH,1,HEALTH_0x01,0,0,0,0,1,1,0x1001804A
1777259641.903,1091896,2,6,GNSS,1,CDH,4,TELEMETRY,2,TELEMETRY_0x02,0,0,0,0,0,0,0x08018044
1777259642.923,1092892,4,6,GNSS,255,BROADCAST,0,HEARTBEAT,48,HEARTBEAT,0,0,0,0,0,0,0x1001BFC0
1777259643.903,1093889,4,6,GNSS,255,BROADCAST,0,HEARTBEAT,48,HEARTBEAT,0,0,0,0,0,0,0x1001BFC0
1777259644.918,1094886,4,6,GNSS,255,BROADCAST,0,HEARTBEAT,48,HEARTBEAT,0,0,0,0,0,0,0x1001BFC0
1777259645.896,1095883,4,6,GNSS,255,BROADCAST,0,HEARTBEAT,48,HEARTBEAT,0,0,0,0,0,0,0x1001BFC0
1777259646.928,1096881,4,6,GNSS,255,BROADCAST,0,HEARTBEAT,48,HEARTBEAT,0,0,0,0,0,0,0x1001BFC0
1777259646.930,1096882,4,6,GNSS,1,CDH,10,HEALTH,1,HEALTH_0x01,0,0,0,0,1,1,0x1001804A
1777259646.930,1096883,2,6,GNSS,1,CDH,4,TELEMETRY,2,TELEMETRY_0x02,0,0,0,0,0,0,0x08018044
1777259647.894,1097879,4,6,GNSS,255,BROADCAST,0,HEARTBEAT,48,HEARTBEAT,0,0,0,0,0,0,0x1001BFC0
1777259648.896,1098876,4,6,GNSS,255,BROADCAST,0,HEARTBEAT,48,HEARTBEAT,0,0,0,0,0,0,0x1001BFC0
1777259649.881,1099873,4,6,GNSS,255,BROADCAST,0,HEARTBEAT,48,HEARTBEAT,0,0,0,0,0,0,0x1001BFC0
1777259650.902,1100871,4,6,GNSS,255,BROADCAST,0,HEARTBEAT,48,HEARTBEAT,0,0,0,0,0,0,0x1001BFC0
1777259651.875,1101868,4,6,GNSS,255,BROADCAST,0,HEARTBEAT,48,HEARTBEAT,0,0,0,0,0,0,0x1001BFC0
1777259651.876,1101869,4,6,GNSS,1,CDH,10,HEALTH,1,HEALTH_0x01,0,0,0,0,1,1,0x1001804A
1777259651.877,1101870,2,6,GNSS,1,CDH,4,TELEMETRY,2,TELEMETRY_0x02,0,0,0,0,0,0,0x08018044
1777259652.873,1102866,4,6,GNSS,255,BROADCAST,0,HEARTBEAT,48,HEARTBEAT,0,0,0,0,0,0,0x1001BFC0
1777259653.872,1103863,4,6,GNSS,255,BROADCAST,0,HEARTBEAT,48,HEARTBEAT,0,0,0,0,0,0,0x1001BFC0
1777259654.901,1104860,4,6,GNSS,255,BROADCAST,0,HEARTBEAT,48,HEARTBEAT,0,0,0,0,0,0,0x1001BFC0
1777259655.864,1105858,4,6,GNSS,255,BROADCAST,0,HEARTBEAT,48,HEARTBEAT,0,0,0,0,0,0,0x1001BFC0
1777259656.867,1106855,4,6,GNSS,255,BROADCAST,0,HEARTBEAT,48,HEARTBEAT,0,0,0,0,0,0,0x1001BFC0
1777259656.867,1106857,4,6,GNSS,1,CDH,10,HEALTH,1,HEALTH_0x01,0,0,0,0,1,1,0x1001804A
1777259656.867,1106859,2,6,GNSS,1,CDH,4,TELEMETRY,2,TELEMETRY_0x02,0,0,0,0,0,0,0x08018044
1777259657.875,1107853,4,6,GNSS,255,BROADCAST,0,HEARTBEAT,48,HEARTBEAT,0,0,0,0,0,0,0x1001BFC0
1777259658.894,1108850,4,6,GNSS,255,BROADCAST,0,HEARTBEAT,48,HEARTBEAT,0,0,0,0,0,0,0x1001BFC0
1777259659.855,1109847,4,6,GNSS,255,BROADCAST,0,HEARTBEAT,48,HEARTBEAT,0,0,0,0,0,0,0x1001BFC0
1777259660.851,1110845,4,6,GNSS,255,BROADCAST,0,HEARTBEAT,48,HEARTBEAT,0,0,0,0,0,0,0x1001BFC0
1777259661.857,1111842,4,6,GNSS,255,BROADCAST,0,HEARTBEAT,48,HEARTBEAT,0,0,0,0,0,0,0x1001BFC0
1777259661.857,1111843,4,6,GNSS,1,CDH,10,HEALTH,1,HEALTH_0x01,0,0,0,0,1,1,0x1001804A
1777259661.857,1111844,2,6,GNSS,1,CDH,4,TELEMETRY,2,TELEMETRY_0x02,0,0,0,0,0,0,0x08018044
1777259662.885,1112840,4,6,GNSS,255,BROADCAST,0,HEARTBEAT,48,HEARTBEAT,0,0,0,0,0,0,0x1001BFC0
1777259663.845,1113837,4,6,GNSS,255,BROADCAST,0,HEARTBEAT,48,HEARTBEAT,0,0,0,0,0,0,0x1001BFC0
1777259664.842,1114834,4,6,GNSS,255,BROADCAST,0,HEARTBEAT,48,HEARTBEAT,0,0,0,0,0,0,0x1001BFC0
1777259665.849,1115832,4,6,GNSS,255,BROADCAST,0,HEARTBEAT,48,HEARTBEAT,0,0,0,0,0,0,0x1001BFC0
1777259666.842,1116829,4,6,GNSS,255,BROADCAST,0,HEARTBEAT,48,HEARTBEAT,0,0,0,0,0,0,0x1001BFC0
1777259666.842,1116830,4,6,GNSS,1,CDH,10,HEALTH,1,HEALTH_0x01,0,0,0,0,1,1,0x1001804A
1777259666.842,1116831,2,6,GNSS,1,CDH,4,TELEMETRY,2,TELEMETRY_0x02,0,0,0,0,0,0,0x08018044
1777259667.834,1117827,4,6,GNSS,255,BROADCAST,0,HEARTBEAT,48,HEARTBEAT,0,0,0,0,0,0,0x1001BFC0
1777259668.832,1118825,4,6,GNSS,255,BROADCAST,0,HEARTBEAT,48,HEARTBEAT,0,0,0,0,0,0,0x1001BFC0
1777259669.848,1119822,4,6,GNSS,255,BROADCAST,0,HEARTBEAT,48,HEARTBEAT,0,0,0,0,0,0,0x1001BFC0
1777259670.826,1120819,4,6,GNSS,255,BROADCAST,0,HEARTBEAT,48,HEARTBEAT,0,0,0,0,0,0,0x1001BFC0
1777259671.826,1121816,4,6,GNSS,255,BROADCAST,0,HEARTBEAT,48,HEARTBEAT,0,0,0,0,0,0,0x1001BFC0
1777259671.826,1121817,4,6,GNSS,1,CDH,10,HEALTH,1,HEALTH_0x01,0,0,0,0,1,1,0x1001804A
1777259671.826,1121818,2,6,GNSS,1,CDH,4,TELEMETRY,2,TELEMETRY_0x02,0,0,0,0,0,0,0x08018044
1777259672.822,1122814,4,6,GNSS,255,BROADCAST,0,HEARTBEAT,48,HEARTBEAT,0,0,0,0,0,0,0x1001BFC0
1777259673.840,1123812,4,6,GNSS,255,BROADCAST,0,HEARTBEAT,48,HEARTBEAT,0,0,0,0,0,0,0x1001BFC0
1777259674.818,1124809,4,6,GNSS,255,BROADCAST,0,HEARTBEAT,48,HEARTBEAT,0,0,0,0,0,0,0x1001BFC0
1777259675.814,1125806,4,6,GNSS,255,BROADCAST,0,HEARTBEAT,48,HEARTBEAT,0,0,0,0,0,0,0x1001BFC0
1777259676.813,1126803,4,6,GNSS,255,BROADCAST,0,HEARTBEAT,48,HEARTBEAT,0,0,0,0,0,0,0x1001BFC0
1777259676.813,1126805,4,6,GNSS,1,CDH,10,HEALTH,1,HEALTH_0x01,0,0,0,0,1,1,0x1001804A
1777259676.813,1126806,2,6,GNSS,1,CDH,4,TELEMETRY,2,TELEMETRY_0x02,0,0,0,0,0,0,0x08018044
1777259677.830,1127802,4,6,GNSS,255,BROADCAST,0,HEARTBEAT,48,HEARTBEAT,0,0,0,0,0,0,0x1001BFC0
1777259678.807,1128799,4,6,GNSS,255,BROADCAST,0,HEARTBEAT,48,HEARTBEAT,0,0,0,0,0,0,0x1001BFC0
1777259679.804,1129796,4,6,GNSS,255,BROADCAST,0,HEARTBEAT,48,HEARTBEAT,0,0,0,0,0,0,0x1001BFC0
1777259680.808,1130794,4,6,GNSS,255,BROADCAST,0,HEARTBEAT,48,HEARTBEAT,0,0,0,0,0,0,0x1001BFC0
1777259681.830,1131791,4,6,GNSS,255,BROADCAST,0,HEARTBEAT,48,HEARTBEAT,0,0,0,0,0,0,0x1001BFC0
1777259681.830,1131792,4,6,GNSS,1,CDH,10,HEALTH,1,HEALTH_0x01,0,0,0,0,1,1,0x1001804A
1777259681.830,1131793,2,6,GNSS,1,CDH,4,TELEMETRY,2,TELEMETRY_0x02,0,0,0,0,0,0,0x08018044
1777259682.806,1132789,4,6,GNSS,255,BROADCAST,0,HEARTBEAT,48,HEARTBEAT,0,0,0,0,0,0,0x1001BFC0
1777259683.794,1133786,4,6,GNSS,255,BROADCAST,0,HEARTBEAT,48,HEARTBEAT,0,0,0,0,0,0,0x1001BFC0
1777259684.792,1134783,4,6,GNSS,255,BROADCAST,0,HEARTBEAT,48,HEARTBEAT,0,0,0,0,0,0,0x1001BFC0
1777259685.821,1135781,4,6,GNSS,255,BROADCAST,0,HEARTBEAT,48,HEARTBEAT,0,0,0,0,0,0,0x1001BFC0
1777259686.786,1136778,4,6,GNSS,255,BROADCAST,0,HEARTBEAT,48,HEARTBEAT,0,0,0,0,0,0,0x1001BFC0
1777259686.787,1136779,4,6,GNSS,1,CDH,10,HEALTH,1,HEALTH_0x01,0,0,0,0,1,1,0x1001804A
1777259686.787,1136780,2,6,GNSS,1,CDH,4,TELEMETRY,2,TELEMETRY_0x02,0,0,0,0,0,0,0x08018044
1777259687.784,1137776,4,6,GNSS,255,BROADCAST,0,HEARTBEAT,48,HEARTBEAT,0,0,0,0,0,0,0x1001BFC0
1777259688.797,1138773,4,6,GNSS,255,BROADCAST,0,HEARTBEAT,48,HEARTBEAT,0,0,0,0,0,0,0x1001BFC0
1777259689.817,1139771,4,6,GNSS,255,BROADCAST,0,HEARTBEAT,48,HEARTBEAT,0,0,0,0,0,0,0x1001BFC0
1777259690.775,1140768,4,6,GNSS,255,BROADCAST,0,HEARTBEAT,48,HEARTBEAT,0,0,0,0,0,0,0x1001BFC0
1777259691.773,1141765,4,6,GNSS,255,BROADCAST,0,HEARTBEAT,48,HEARTBEAT,0,0,0,0,0,0,0x1001BFC0
1777259691.774,1141766,4,6,GNSS,1,CDH,10,HEALTH,1,HEALTH_0x01,0,0,0,0,1,1,0x1001804A
1777259691.775,1141767,2,6,GNSS,1,CDH,4,TELEMETRY,2,TELEMETRY_0x02,0,0,0,0,0,0,0x08018044
1777259692.791,1142763,4,6,GNSS,255,BROADCAST,0,HEARTBEAT,48,HEARTBEAT,0,0,0,0,0,0,0x1001BFC0
1777259693.768,1143761,4,6,GNSS,255,BROADCAST,0,HEARTBEAT,48,HEARTBEAT,0,0,0,0,0,0,0x1001BFC0
1777259694.766,1144758,4,6,GNSS,255,BROADCAST,0,HEARTBEAT,48,HEARTBEAT,0,0,0,0,0,0,0x1001BFC0
1777259695.765,1145755,4,6,GNSS,255,BROADCAST,0,HEARTBEAT,48,HEARTBEAT,0,0,0,0,0,0,0x1001BFC0
1777259696.786,1146752,4,6,GNSS,255,BROADCAST,0,HEARTBEAT,48,HEARTBEAT,0,0,0,0,0,0,0x1001BFC0
1777259696.786,1146753,4,6,GNSS,1,CDH,10,HEALTH,1,HEALTH_0x01,0,0,0,0,1,1,0x1001804A
1777259696.786,1146755,2,6,GNSS,1,CDH,4,TELEMETRY,2,TELEMETRY_0x02,0,0,0,0,0,0,0x08018044
1777259697.758,1147751,4,6,GNSS,255,BROADCAST,0,HEARTBEAT,48,HEARTBEAT,0,0,0,0,0,0,0x1001BFC0
1777259698.756,1148748,4,6,GNSS,255,BROADCAST,0,HEARTBEAT,48,HEARTBEAT,0,0,0,0,0,0,0x1001BFC0
1777259699.753,1149745,4,6,GNSS,255,BROADCAST,0,HEARTBEAT,48,HEARTBEAT,0,0,0,0,0,0,0x1001BFC0
1777259700.770,1150742,4,6,GNSS,255,BROADCAST,0,HEARTBEAT,48,HEARTBEAT,0,0,0,0,0,0,0x1001BFC0
1777259701.753,1151740,4,6,GNSS,255,BROADCAST,0,HEARTBEAT,48,HEARTBEAT,0,0,0,0,0,0,0x1001BFC0
1777259701.753,1151741,4,6,GNSS,1,CDH,10,HEALTH,1,HEALTH_0x01,0,0,0,0,1,1,0x1001804A
1777259701.753,1151742,2,6,GNSS,1,CDH,4,TELEMETRY,2,TELEMETRY_0x02,0,0,0,0,0,0,0x08018044
1777259702.747,1152738,4,6,GNSS,255,BROADCAST,0,HEARTBEAT,48,HEARTBEAT,0,0,0,0,0,0,0x1001BFC0
1777259703.753,1153735,4,6,GNSS,255,BROADCAST,0,HEARTBEAT,48,HEARTBEAT,0,0,0,0,0,0,0x1001BFC0
1777259704.770,1154733,4,6,GNSS,255,BROADCAST,0,HEARTBEAT,48,HEARTBEAT,0,0,0,0,0,0,0x1001BFC0
1777259705.740,1155730,4,6,GNSS,255,BROADCAST,0,HEARTBEAT,48,HEARTBEAT,0,0,0,0,0,0,0x1001BFC0
1777259706.741,1156727,4,6,GNSS,255,BROADCAST,0,HEARTBEAT,48,HEARTBEAT,0,0,0,0,0,0,0x1001BFC0
1777259706.741,1156728,4,6,GNSS,1,CDH,10,HEALTH,1,HEALTH_0x01,0,0,0,0,1,1,0x1001804A
1777259706.741,1156730,2,6,GNSS,1,CDH,4,TELEMETRY,2,TELEMETRY_0x02,0,0,0,0,0,0,0x08018044
1777259707.742,1157726,4,6,GNSS,255,BROADCAST,0,HEARTBEAT,48,HEARTBEAT,0,0,0,0,0,0,0x1001BFC0
1777259708.763,1158723,4,6,GNSS,255,BROADCAST,0,HEARTBEAT,48,HEARTBEAT,0,0,0,0,0,0,0x1001BFC0
1777259709.731,1159720,4,6,GNSS,255,BROADCAST,0,HEARTBEAT,48,HEARTBEAT,0,0,0,0,0,0,0x1001BFC0
1777259710.730,1160718,4,6,GNSS,255,BROADCAST,0,HEARTBEAT,48,HEARTBEAT,0,0,0,0,0,0,0x1001BFC0
1777259711.733,1161715,4,6,GNSS,255,BROADCAST,0,HEARTBEAT,48,HEARTBEAT,0,0,0,0,0,0,0x1001BFC0
1777259711.733,1161718,4,6,GNSS,1,CDH,10,HEALTH,1,HEALTH_0x01,0,0,0,0,1,1,0x1001804A
1777259711.733,1161719,2,6,GNSS,1,CDH,4,TELEMETRY,2,TELEMETRY_0x02,0,0,0,0,0,0,0x08018044
1777259712.755,1162713,4,6,GNSS,255,BROADCAST,0,HEARTBEAT,48,HEARTBEAT,0,0,0,0,0,0,0x1001BFC0
1777259713.719,1163710,4,6,GNSS,255,BROADCAST,0,HEARTBEAT,48,HEARTBEAT,0,0,0,0,0,0,0x1001BFC0
1777259714.728,1164708,4,6,GNSS,255,BROADCAST,0,HEARTBEAT,48,HEARTBEAT,0,0,0,0,0,0,0x1001BFC0
1777259715.724,1165705,4,6,GNSS,255,BROADCAST,0,HEARTBEAT,48,HEARTBEAT,0,0,0,0,0,0,0x1001BFC0
1777259716.746,1166702,4,6,GNSS,255,BROADCAST,0,HEARTBEAT,48,HEARTBEAT,0,0,0,0,0,0,0x1001BFC0
1777259716.746,1166703,4,6,GNSS,1,CDH,10,HEALTH,1,HEALTH_0x01,0,0,0,0,1,1,0x1001804A
1777259716.746,1166704,2,6,GNSS,1,CDH,4,TELEMETRY,2,TELEMETRY_0x02,0,0,0,0,0,0,0x08018044
1777259717.709,1167700,4,6,GNSS,255,BROADCAST,0,HEARTBEAT,48,HEARTBEAT,0,0,0,0,0,0,0x1001BFC0
1777259718.706,1168698,4,6,GNSS,255,BROADCAST,0,HEARTBEAT,48,HEARTBEAT,0,0,0,0,0,0,0x1001BFC0
1777259719.713,1169695,4,6,GNSS,255,BROADCAST,0,HEARTBEAT,48,HEARTBEAT,0,0,0,0,0,0,0x1001BFC0
1777259720.701,1170692,4,6,GNSS,255,BROADCAST,0,HEARTBEAT,48,HEARTBEAT,0,0,0,0,0,0,0x1001BFC0
1777259721.698,1171689,4,6,GNSS,255,BROADCAST,0,HEARTBEAT,48,HEARTBEAT,0,0,0,0,0,0,0x1001BFC0
1777259721.698,1171690,4,6,GNSS,1,CDH,10,HEALTH,1,HEALTH_0x01,0,0,0,0,1,1,0x1001804A
1777259721.700,1171691,2,6,GNSS,1,CDH,4,TELEMETRY,2,TELEMETRY_0x02,0,0,0,0,0,0,0x08018044
1777259722.696,1172687,4,6,GNSS,255,BROADCAST,0,HEARTBEAT,48,HEARTBEAT,0,0,0,0,0,0,0x1001BFC0
1777259723.719,1173685,4,6,GNSS,255,BROADCAST,0,HEARTBEAT,48,HEARTBEAT,0,0,0,0,0,0,0x1001BFC0
1777259724.692,1174682,4,6,GNSS,255,BROADCAST,0,HEARTBEAT,48,HEARTBEAT,0,0,0,0,0,0,0x1001BFC0
1777259725.691,1175679,4,6,GNSS,255,BROADCAST,0,HEARTBEAT,48,HEARTBEAT,0,0,0,0,0,0,0x1001BFC0
1777259726.686,1176676,4,6,GNSS,255,BROADCAST,0,HEARTBEAT,48,HEARTBEAT,0,0,0,0,0,0,0x1001BFC0
1777259726.686,1176677,4,6,GNSS,1,CDH,10,HEALTH,1,HEALTH_0x01,0,0,0,0,1,1,0x1001804A
1777259726.687,1176678,2,6,GNSS,1,CDH,4,TELEMETRY,2,TELEMETRY_0x02,0,0,0,0,0,0,0x08018044
1777259727.718,1177675,4,6,GNSS,255,BROADCAST,0,HEARTBEAT,48,HEARTBEAT,0,0,0,0,0,0,0x1001BFC0
1777259728.686,1178672,4,6,GNSS,255,BROADCAST,0,HEARTBEAT,48,HEARTBEAT,0,0,0,0,0,0,0x1001BFC0
1777259729.691,1179669,4,6,GNSS,255,BROADCAST,0,HEARTBEAT,48,HEARTBEAT,0,0,0,0,0,0,0x1001BFC0
1777259730.689,1180666,4,6,GNSS,255,BROADCAST,0,HEARTBEAT,48,HEARTBEAT,0,0,0,0,0,0,0x1001BFC0
1777259731.700,1181664,4,6,GNSS,255,BROADCAST,0,HEARTBEAT,48,HEARTBEAT,0,0,0,0,0,0,0x1001BFC0
1777259731.700,1181665,4,6,GNSS,1,CDH,10,HEALTH,1,HEALTH_0x01,0,0,0,0,1,1,0x1001804A
1777259731.700,1181666,2,6,GNSS,1,CDH,4,TELEMETRY,2,TELEMETRY_0x02,0,0,0,0,0,0,0x08018044
1777259732.671,1182662,4,6,GNSS,255,BROADCAST,0,HEARTBEAT,48,HEARTBEAT,0,0,0,0,0,0,0x1001BFC0
1777259733.680,1183659,4,6,GNSS,255,BROADCAST,0,HEARTBEAT,48,HEARTBEAT,0,0,0,0,0,0,0x1001BFC0
1777259734.671,1184656,4,6,GNSS,255,BROADCAST,0,HEARTBEAT,48,HEARTBEAT,0,0,0,0,0,0,0x1001BFC0
1777259735.688,1185654,4,6,GNSS,255,BROADCAST,0,HEARTBEAT,48,HEARTBEAT,0,0,0,0,0,0,0x1001BFC0
1777259736.659,1186651,4,6,GNSS,255,BROADCAST,0,HEARTBEAT,48,HEARTBEAT,0,0,0,0,0,0,0x1001BFC0
1777259736.660,1186652,4,6,GNSS,1,CDH,10,HEALTH,1,HEALTH_0x01,0,0,0,0,1,1,0x1001804A
1777259736.662,1186653,2,6,GNSS,1,CDH,4,TELEMETRY,2,TELEMETRY_0x02,0,0,0,0,0,0,0x08018044
1777259737.658,1187649,4,6,GNSS,255,BROADCAST,0,HEARTBEAT,48,HEARTBEAT,0,0,0,0,0,0,0x1001BFC0
1777259738.663,1188647,4,6,GNSS,255,BROADCAST,0,HEARTBEAT,48,HEARTBEAT,0,0,0,0,0,0,0x1001BFC0
1777259739.698,1189644,4,6,GNSS,255,BROADCAST,0,HEARTBEAT,48,HEARTBEAT,0,0,0,0,0,0,0x1001BFC0
1777259740.650,1190641,4,6,GNSS,255,BROADCAST,0,HEARTBEAT,48,HEARTBEAT,0,0,0,0,0,0,0x1001BFC0
1777259741.647,1191638,4,6,GNSS,255,BROADCAST,0,HEARTBEAT,48,HEARTBEAT,0,0,0,0,0,0,0x1001BFC0
1777259741.648,1191639,4,6,GNSS,1,CDH,10,HEALTH,1,HEALTH_0x01,0,0,0,0,1,1,0x1001804A
1777259741.650,1191641,2,6,GNSS,1,CDH,4,TELEMETRY,2,TELEMETRY_0x02,0,0,0,0,0,0,0x08018044
1777259742.667,1192637,4,6,GNSS,255,BROADCAST,0,HEARTBEAT,48,HEARTBEAT,0,0,0,0,0,0,0x1001BFC0
1777259743.683,1193634,4,6,GNSS,255,BROADCAST,0,HEARTBEAT,48,HEARTBEAT,0,0,0,0,0,0,0x1001BFC0
1777259744.640,1194631,4,6,GNSS,255,BROADCAST,0,HEARTBEAT,48,HEARTBEAT,0,0,0,0,0,0,0x1001BFC0
1777259745.638,1195629,4,6,GNSS,255,BROADCAST,0,HEARTBEAT,48,HEARTBEAT,0,0,0,0,0,0,0x1001BFC0
1777259746.650,1196626,4,6,GNSS,255,BROADCAST,0,HEARTBEAT,48,HEARTBEAT,0,0,0,0,0,0,0x1001BFC0
1777259746.650,1196627,4,6,GNSS,1,CDH,10,HEALTH,1,HEALTH_0x01,0,0,0,0,1,1,0x1001804A
1777259746.650,1196628,2,6,GNSS,1,CDH,4,TELEMETRY,2,TELEMETRY_0x02,0,0,0,0,0,0,0x08018044
1777259747.635,1197625,4,6,GNSS,255,BROADCAST,0,HEARTBEAT,48,HEARTBEAT,0,0,0,0,0,0,0x1001BFC0
1777259748.631,1198622,4,6,GNSS,255,BROADCAST,0,HEARTBEAT,48,HEARTBEAT,0,0,0,0,0,0,0x1001BFC0
1777259749.628,1199619,4,6,GNSS,255,BROADCAST,0,HEARTBEAT,48,HEARTBEAT,0,0,0,0,0,0,0x1001BFC0
1777259750.644,1200616,4,6,GNSS,255,BROADCAST,0,HEARTBEAT,48,HEARTBEAT,0,0,0,0,0,0,0x1001BFC0
1777259751.624,1201614,4,6,GNSS,255,BROADCAST,0,HEARTBEAT,48,HEARTBEAT,0,0,0,0,0,0,0x1001BFC0
1777259751.624,1201615,4,6,GNSS,1,CDH,10,HEALTH,1,HEALTH_0x01,0,0,0,0,1,1,0x1001804A
1777259751.624,1201616,2,6,GNSS,1,CDH,4,TELEMETRY,2,TELEMETRY_0x02,0,0,0,0,0,0,0x08018044
1777259752.624,1202612,4,6,GNSS,255,BROADCAST,0,HEARTBEAT,48,HEARTBEAT,0,0,0,0,0,0,0x1001BFC0
1777259753.618,1203609,4,6,GNSS,255,BROADCAST,0,HEARTBEAT,48,HEARTBEAT,0,0,0,0,0,0,0x1001BFC0
1777259754.636,1204607,4,6,GNSS,255,BROADCAST,0,HEARTBEAT,48,HEARTBEAT,0,0,0,0,0,0,0x1001BFC0
1777259755.613,1205604,4,6,GNSS,255,BROADCAST,0,HEARTBEAT,48,HEARTBEAT,0,0,0,0,0,0,0x1001BFC0
1777259756.611,1206601,4,6,GNSS,255,BROADCAST,0,HEARTBEAT,48,HEARTBEAT,0,0,0,0,0,0,0x1001BFC0
1777259756.611,1206602,4,6,GNSS,1,CDH,10,HEALTH,1,HEALTH_0x01,0,0,0,0,1,1,0x1001804A
1777259756.612,1206604,2,6,GNSS,1,CDH,4,TELEMETRY,2,TELEMETRY_0x02,0,0,0,0,0,0,0x08018044
1777259757.608,1207600,4,6,GNSS,255,BROADCAST,0,HEARTBEAT,48,HEARTBEAT,0,0,0,0,0,0,0x1001BFC0
1777259758.634,1208597,4,6,GNSS,255,BROADCAST,0,HEARTBEAT,48,HEARTBEAT,0,0,0,0,0,0,0x1001BFC0
1777259759.604,1209594,4,6,GNSS,255,BROADCAST,0,HEARTBEAT,48,HEARTBEAT,0,0,0,0,0,0,0x1001BFC0
1777259760.601,1210592,4,6,GNSS,255,BROADCAST,0,HEARTBEAT,48,HEARTBEAT,0,0,0,0,0,0,0x1001BFC0
1777259761.601,1211589,4,6,GNSS,255,BROADCAST,0,HEARTBEAT,48,HEARTBEAT,0,0,0,0,0,0,0x1001BFC0
1777259761.601,1211590,4,6,GNSS,1,CDH,10,HEALTH,1,HEALTH_0x01,0,0,0,0,1,1,0x1001804A
1777259761.601,1211591,2,6,GNSS,1,CDH,4,TELEMETRY,2,TELEMETRY_0x02,0,0,0,0,0,0,0x08018044
1777259762.635,1212587,4,6,GNSS,255,BROADCAST,0,HEARTBEAT,48,HEARTBEAT,0,0,0,0,0,0,0x1001BFC0
1777259763.585,1213585,4,6,GNSS,255,BROADCAST,0,HEARTBEAT,48,HEARTBEAT,0,0,0,0,0,0,0x1001BFC0
1777259764.591,1214582,4,6,GNSS,255,BROADCAST,0,HEARTBEAT,48,HEARTBEAT,0,0,0,0,0,0,0x1001BFC0
1777259765.589,1215579,4,6,GNSS,255,BROADCAST,0,HEARTBEAT,48,HEARTBEAT,0,0,0,0,0,0,0x1001BFC0
1777259766.621,1216576,4,6,GNSS,255,BROADCAST,0,HEARTBEAT,48,HEARTBEAT,0,0,0,0,0,0,0x1001BFC0
1777259766.621,1216577,4,6,GNSS,1,CDH,10,HEALTH,1,HEALTH_0x01,0,0,0,0,1,1,0x1001804A
1777259766.621,1216579,2,6,GNSS,1,CDH,4,TELEMETRY,2,TELEMETRY_0x02,0,0,0,0,0,0,0x08018044
1777259767.583,1217575,4,6,GNSS,255,BROADCAST,0,HEARTBEAT,48,HEARTBEAT,0,0,0,0,0,0,0x1001BFC0
1777259768.581,1218572,4,6,GNSS,255,BROADCAST,0,HEARTBEAT,48,HEARTBEAT,0,0,0,0,0,0,0x1001BFC0
1777259769.595,1219569,4,6,GNSS,255,BROADCAST,0,HEARTBEAT,48,HEARTBEAT,0,0,0,0,0,0,0x1001BFC0
1777259770.615,1220567,4,6,GNSS,255,BROADCAST,0,HEARTBEAT,48,HEARTBEAT,0,0,0,0,0,0,0x1001BFC0
1777259771.574,1221564,4,6,GNSS,255,BROADCAST,0,HEARTBEAT,48,HEARTBEAT,0,0,0,0,0,0,0x1001BFC0
1777259771.575,1221565,4,6,GNSS,1,CDH,10,HEALTH,1,HEALTH_0x01,0,0,0,0,1,1,0x1001804A
1777259771.575,1221566,2,6,GNSS,1,CDH,4,TELEMETRY,2,TELEMETRY_0x02,0,0,0,0,0,0,0x08018044
1777259772.571,1222562,4,6,GNSS,255,BROADCAST,0,HEARTBEAT,48,HEARTBEAT,0,0,0,0,0,0,0x1001BFC0
1777259773.583,1223559,4,6,GNSS,255,BROADCAST,0,HEARTBEAT,48,HEARTBEAT,0,0,0,0,0,0,0x1001BFC0
1777259774.566,1224557,4,6,GNSS,255,BROADCAST,0,HEARTBEAT,48,HEARTBEAT,0,0,0,0,0,0,0x1001BFC0
1777259775.572,1225554,4,6,GNSS,255,BROADCAST,0,HEARTBEAT,48,HEARTBEAT,0,0,0,0,0,0,0x1001BFC0
1777259776.567,1226551,4,6,GNSS,255,BROADCAST,0,HEARTBEAT,48,HEARTBEAT,0,0,0,0,0,0,0x1001BFC0
1777259776.567,1226552,4,6,GNSS,1,CDH,10,HEALTH,1,HEALTH_0x01,0,0,0,0,1,1,0x1001804A
1777259776.567,1226554,2,6,GNSS,1,CDH,4,TELEMETRY,2,TELEMETRY_0x02,0,0,0,0,0,0,0x08018044
1777259777.580,1227550,4,6,GNSS,255,BROADCAST,0,HEARTBEAT,48,HEARTBEAT,0,0,0,0,0,0,0x1001BFC0
1777259778.557,1228547,4,6,GNSS,255,BROADCAST,0,HEARTBEAT,48,HEARTBEAT,0,0,0,0,0,0,0x1001BFC0
1777259779.553,1229544,4,6,GNSS,255,BROADCAST,0,HEARTBEAT,48,HEARTBEAT,0,0,0,0,0,0,0x1001BFC0
1777259780.551,1230541,4,6,GNSS,255,BROADCAST,0,HEARTBEAT,48,HEARTBEAT,0,0,0,0,0,0,0x1001BFC0
1777259781.569,1231539,4,6,GNSS,255,BROADCAST,0,HEARTBEAT,48,HEARTBEAT,0,0,0,0,0,0,0x1001BFC0
1777259781.569,1231540,4,6,GNSS,1,CDH,10,HEALTH,1,HEALTH_0x01,0,0,0,0,1,1,0x1001804A
1777259781.569,1231541,2,6,GNSS,1,CDH,4,TELEMETRY,2,TELEMETRY_0x02,0,0,0,0,0,0,0x08018044
1777259782.550,1232537,4,6,GNSS,255,BROADCAST,0,HEARTBEAT,48,HEARTBEAT,0,0,0,0,0,0,0x1001BFC0
1777259783.544,1233535,4,6,GNSS,255,BROADCAST,0,HEARTBEAT,48,HEARTBEAT,0,0,0,0,0,0,0x1001BFC0
1777259784.541,1234532,4,6,GNSS,255,BROADCAST,0,HEARTBEAT,48,HEARTBEAT,0,0,0,0,0,0,0x1001BFC0
1777259785.564,1235529,4,6,GNSS,255,BROADCAST,0,HEARTBEAT,48,HEARTBEAT,0,0,0,0,0,0,0x1001BFC0
1777259786.537,1236527,4,6,GNSS,255,BROADCAST,0,HEARTBEAT,48,HEARTBEAT,0,0,0,0,0,0,0x1001BFC0
1777259786.537,1236528,4,6,GNSS,1,CDH,10,HEALTH,1,HEALTH_0x01,0,0,0,0,1,1,0x1001804A
1777259786.538,1236529,2,6,GNSS,1,CDH,4,TELEMETRY,2,TELEMETRY_0x02,0,0,0,0,0,0,0x08018044
1777259787.539,1237525,4,6,GNSS,255,BROADCAST,0,HEARTBEAT,48,HEARTBEAT,0,0,0,0,0,0,0x1001BFC0
1777259788.533,1238523,4,6,GNSS,255,BROADCAST,0,HEARTBEAT,48,HEARTBEAT,0,0,0,0,0,0,0x1001BFC0
1777259789.560,1239520,4,6,GNSS,255,BROADCAST,0,HEARTBEAT,48,HEARTBEAT,0,0,0,0,0,0,0x1001BFC0
1777259790.527,1240517,4,6,GNSS,255,BROADCAST,0,HEARTBEAT,48,HEARTBEAT,0,0,0,0,0,0,0x1001BFC0
1777259791.525,1241514,4,6,GNSS,255,BROADCAST,0,HEARTBEAT,48,HEARTBEAT,0,0,0,0,0,0,0x1001BFC0
1777259791.525,1241515,4,6,GNSS,1,CDH,10,HEALTH,1,HEALTH_0x01,0,0,0,0,1,1,0x1001804A
1777259791.526,1241517,2,6,GNSS,1,CDH,4,TELEMETRY,2,TELEMETRY_0x02,0,0,0,0,0,0,0x08018044
1777259792.531,1242513,4,6,GNSS,255,BROADCAST,0,HEARTBEAT,48,HEARTBEAT,0,0,0,0,0,0,0x1001BFC0
1777259793.547,1243510,4,6,GNSS,255,BROADCAST,0,HEARTBEAT,48,HEARTBEAT,0,0,0,0,0,0,0x1001BFC0
1777259794.517,1244508,4,6,GNSS,255,BROADCAST,0,HEARTBEAT,48,HEARTBEAT,0,0,0,0,0,0,0x1001BFC0
1777259795.515,1245505,4,6,GNSS,255,BROADCAST,0,HEARTBEAT,48,HEARTBEAT,0,0,0,0,0,0,0x1001BFC0
1777259796.523,1246502,4,6,GNSS,255,BROADCAST,0,HEARTBEAT,48,HEARTBEAT,0,0,0,0,0,0,0x1001BFC0
1777259796.523,1246505,4,6,GNSS,1,CDH,10,HEALTH,1,HEALTH_0x01,0,0,0,0,1,1,0x1001804A
1777259796.523,1246506,2,6,GNSS,1,CDH,4,TELEMETRY,2,TELEMETRY_0x02,0,0,0,0,0,0,0x08018044
1777259797.546,1247501,4,6,GNSS,255,BROADCAST,0,HEARTBEAT,48,HEARTBEAT,0,0,0,0,0,0,0x1001BFC0
1777259798.508,1248498,4,6,GNSS,255,BROADCAST,0,HEARTBEAT,48,HEARTBEAT,0,0,0,0,0,0,0x1001BFC0
1777259799.505,1249496,4,6,GNSS,255,BROADCAST,0,HEARTBEAT,48,HEARTBEAT,0,0,0,0,0,0,0x1001BFC0
1777259800.517,1250493,4,6,GNSS,255,BROADCAST,0,HEARTBEAT,48,HEARTBEAT,0,0,0,0,0,0,0x1001BFC0
1777259801.533,1251490,4,6,GNSS,255,BROADCAST,0,HEARTBEAT,48,HEARTBEAT,0,0,0,0,0,0,0x1001BFC0
1777259801.533,1251491,4,6,GNSS,1,CDH,10,HEALTH,1,HEALTH_0x01,0,0,0,0,1,1,0x1001804A
1777259801.533,1251493,2,6,GNSS,1,CDH,4,TELEMETRY,2,TELEMETRY_0x02,0,0,0,0,0,0,0x08018044
1777259802.499,1252489,4,6,GNSS,255,BROADCAST,0,HEARTBEAT,48,HEARTBEAT,0,0,0,0,0,0,0x1001BFC0
1777259803.496,1253486,4,6,GNSS,255,BROADCAST,0,HEARTBEAT,48,HEARTBEAT,0,0,0,0,0,0,0x1001BFC0
1777259804.501,1254483,4,6,GNSS,255,BROADCAST,0,HEARTBEAT,48,HEARTBEAT,0,0,0,0,0,0,0x1001BFC0
1777259805.491,1255480,4,6,GNSS,255,BROADCAST,0,HEARTBEAT,48,HEARTBEAT,0,0,0,0,0,0,0x1001BFC0
1777259806.488,1256478,4,6,GNSS,255,BROADCAST,0,HEARTBEAT,48,HEARTBEAT,0,0,0,0,0,0,0x1001BFC0
1777259806.488,1256479,4,6,GNSS,1,CDH,10,HEALTH,1,HEALTH_0x01,0,0,0,0,1,1,0x1001804A
1777259806.489,1256480,2,6,GNSS,1,CDH,4,TELEMETRY,2,TELEMETRY_0x02,0,0,0,0,0,0,0x08018044
1777259807.487,1257476,4,6,GNSS,255,BROADCAST,0,HEARTBEAT,48,HEARTBEAT,0,0,0,0,0,0,0x1001BFC0
1777259808.508,1258473,4,6,GNSS,255,BROADCAST,0,HEARTBEAT,48,HEARTBEAT,0,0,0,0,0,0,0x1001BFC0
1777259809.494,1259471,4,6,GNSS,255,BROADCAST,0,HEARTBEAT,48,HEARTBEAT,0,0,0,0,0,0,0x1001BFC0
1777259810.496,1260468,4,6,GNSS,255,BROADCAST,0,HEARTBEAT,48,HEARTBEAT,0,0,0,0,0,0,0x1001BFC0
1777259811.487,1261465,4,6,GNSS,255,BROADCAST,0,HEARTBEAT,48,HEARTBEAT,0,0,0,0,0,0,0x1001BFC0
1777259811.487,1261466,4,6,GNSS,1,CDH,10,HEALTH,1,HEALTH_0x01,0,0,0,0,1,1,0x1001804A
1777259811.487,1261467,2,6,GNSS,1,CDH,4,TELEMETRY,2,TELEMETRY_0x02,0,0,0,0,0,0,0x08018044
1777259812.496,1262464,4,6,GNSS,255,BROADCAST,0,HEARTBEAT,48,HEARTBEAT,0,0,0,0,0,0,0x1001BFC0
1777259813.481,1263461,4,6,GNSS,255,BROADCAST,0,HEARTBEAT,48,HEARTBEAT,0,0,0,0,0,0,0x1001BFC0
1777259814.478,1264458,4,6,GNSS,255,BROADCAST,0,HEARTBEAT,48,HEARTBEAT,0,0,0,0,0,0,0x1001BFC0
1777259815.472,1265455,4,6,GNSS,255,BROADCAST,0,HEARTBEAT,48,HEARTBEAT,0,0,0,0,0,0,0x1001BFC0
1777259816.488,1266453,4,6,GNSS,255,BROADCAST,0,HEARTBEAT,48,HEARTBEAT,0,0,0,0,0,0,0x1001BFC0
1777259816.488,1266454,4,6,GNSS,1,CDH,10,HEALTH,1,HEALTH_0x01,0,0,0,0,1,1,0x1001804A
1777259816.488,1266455,2,6,GNSS,1,CDH,4,TELEMETRY,2,TELEMETRY_0x02,0,0,0,0,0,0,0x08018044
1777259817.461,1267451,4,6,GNSS,255,BROADCAST,0,HEARTBEAT,48,HEARTBEAT,0,0,0,0,0,0,0x1001BFC0
1777259818.458,1268449,4,6,GNSS,255,BROADCAST,0,HEARTBEAT,48,HEARTBEAT,0,0,0,0,0,0,0x1001BFC0
1777259819.460,1269446,4,6,GNSS,255,BROADCAST,0,HEARTBEAT,48,HEARTBEAT,0,0,0,0,0,0,0x1001BFC0
1777259820.485,1270443,4,6,GNSS,255,BROADCAST,0,HEARTBEAT,48,HEARTBEAT,0,0,0,0,0,0,0x1001BFC0
1777259821.451,1271441,4,6,GNSS,255,BROADCAST,0,HEARTBEAT,48,HEARTBEAT,0,0,0,0,0,0,0x1001BFC0
1777259821.451,1271442,4,6,GNSS,1,CDH,10,HEALTH,1,HEALTH_0x01,0,0,0,0,1,1,0x1001804A
1777259821.462,1271443,2,6,GNSS,1,CDH,4,TELEMETRY,2,TELEMETRY_0x02,0,0,0,0,0,0,0x08018044
1777259822.449,1272439,4,6,GNSS,255,BROADCAST,0,HEARTBEAT,48,HEARTBEAT,0,0,0,0,0,0,0x1001BFC0
1777259823.455,1273437,4,6,GNSS,255,BROADCAST,0,HEARTBEAT,48,HEARTBEAT,0,0,0,0,0,0,0x1001BFC0
1777259824.478,1274434,4,6,GNSS,255,BROADCAST,0,HEARTBEAT,48,HEARTBEAT,0,0,0,0,0,0,0x1001BFC0
1777259825.442,1275431,4,6,GNSS,255,BROADCAST,0,HEARTBEAT,48,HEARTBEAT,0,0,0,0,0,0,0x1001BFC0
1777259826.439,1276429,4,6,GNSS,255,BROADCAST,0,HEARTBEAT,48,HEARTBEAT,0,0,0,0,0,0,0x1001BFC0
1777259826.439,1276430,4,6,GNSS,1,CDH,10,HEALTH,1,HEALTH_0x01,0,0,0,0,1,1,0x1001804A
1777259826.441,1276431,2,6,GNSS,1,CDH,4,TELEMETRY,2,TELEMETRY_0x02,0,0,0,0,0,0,0x08018044
1777259827.451,1277427,4,6,GNSS,255,BROADCAST,0,HEARTBEAT,48,HEARTBEAT,0,0,0,0,0,0,0x1001BFC0
1777259828.472,1278424,4,6,GNSS,255,BROADCAST,0,HEARTBEAT,48,HEARTBEAT,0,0,0,0,0,0,0x1001BFC0
1777259829.447,1279424,4,6,GNSS,255,BROADCAST,0,HEARTBEAT,48,HEARTBEAT,0,0,0,0,0,0,0x1001BFC0
1777259830.430,1280419,4,6,GNSS,255,BROADCAST,0,HEARTBEAT,48,HEARTBEAT,0,0,0,0,0,0,0x1001BFC0
1777259831.440,1281416,4,6,GNSS,255,BROADCAST,0,HEARTBEAT,48,HEARTBEAT,0,0,0,0,0,0,0x1001BFC0
1777259831.440,1281417,4,6,GNSS,1,CDH,10,HEALTH,1,HEALTH_0x01,0,0,0,0,1,1,0x1001804A
1777259831.440,1281419,2,6,GNSS,1,CDH,4,TELEMETRY,2,TELEMETRY_0x02,0,0,0,0,0,0,0x08018044
1777259832.450,1282415,4,6,GNSS,255,BROADCAST,0,HEARTBEAT,48,HEARTBEAT,0,0,0,0,0,0,0x1001BFC0
1777259833.450,1283412,4,6,GNSS,255,BROADCAST,0,HEARTBEAT,48,HEARTBEAT,0,0,0,0,0,0,0x1001BFC0
1777259834.419,1284410,4,6,GNSS,255,BROADCAST,0,HEARTBEAT,48,HEARTBEAT,0,0,0,0,0,0,0x1001BFC0
1777259835.431,1285407,4,6,GNSS,255,BROADCAST,0,HEARTBEAT,48,HEARTBEAT,0,0,0,0,0,0,0x1001BFC0
1777259836.415,1286404,4,6,GNSS,255,BROADCAST,0,HEARTBEAT,48,HEARTBEAT,0,0,0,0,0,0,0x1001BFC0
1777259836.415,1286405,4,6,GNSS,1,CDH,10,HEALTH,1,HEALTH_0x01,0,0,0,0,1,1,0x1001804A
1777259836.417,1286406,2,6,GNSS,1,CDH,4,TELEMETRY,2,TELEMETRY_0x02,0,0,0,0,0,0,0x08018044
1777259837.413,1287403,4,6,GNSS,255,BROADCAST,0,HEARTBEAT,48,HEARTBEAT,0,0,0,0,0,0,0x1001BFC0
1777259838.412,1288400,4,6,GNSS,255,BROADCAST,0,HEARTBEAT,48,HEARTBEAT,0,0,0,0,0,0,0x1001BFC0
1777259839.419,1289397,4,6,GNSS,255,BROADCAST,0,HEARTBEAT,48,HEARTBEAT,0,0,0,0,0,0,0x1001BFC0
1777259840.437,1290394,4,6,GNSS,255,BROADCAST,0,HEARTBEAT,48,HEARTBEAT,0,0,0,0,0,0,0x1001BFC0
1777259841.402,1291392,4,6,GNSS,255,BROADCAST,0,HEARTBEAT,48,HEARTBEAT,0,0,0,0,0,0,0x1001BFC0
1777259841.406,1291393,4,6,GNSS,1,CDH,10,HEALTH,1,HEALTH_0x01,0,0,0,0,1,1,0x1001804A
1777259841.406,1291394,2,6,GNSS,1,CDH,4,TELEMETRY,2,TELEMETRY_0x02,0,0,0,0,0,0,0x08018044
1777259842.401,1292390,4,6,GNSS,255,BROADCAST,0,HEARTBEAT,48,HEARTBEAT,0,0,0,0,0,0,0x1001BFC0
1777259843.424,1293387,4,6,GNSS,255,BROADCAST,0,HEARTBEAT,48,HEARTBEAT,0,0,0,0,0,0,0x1001BFC0
1777259844.398,1294385,4,6,GNSS,255,BROADCAST,0,HEARTBEAT,48,HEARTBEAT,0,0,0,0,0,0,0x1001BFC0
1777259845.397,1295382,4,6,GNSS,255,BROADCAST,0,HEARTBEAT,48,HEARTBEAT,0,0,0,0,0,0,0x1001BFC0
1777259846.391,1296379,4,6,GNSS,255,BROADCAST,0,HEARTBEAT,48,HEARTBEAT,0,0,0,0,0,0,0x1001BFC0
1777259846.391,1296380,4,6,GNSS,1,CDH,10,HEALTH,1,HEALTH_0x01,0,0,0,0,1,1,0x1001804A
1777259846.391,1296382,2,6,GNSS,1,CDH,4,TELEMETRY,2,TELEMETRY_0x02,0,0,0,0,0,0,0x08018044
1777259847.415,1297378,4,6,GNSS,255,BROADCAST,0,HEARTBEAT,48,HEARTBEAT,0,0,0,0,0,0,0x1001BFC0
1777259848.386,1298375,4,6,GNSS,255,BROADCAST,0,HEARTBEAT,48,HEARTBEAT,0,0,0,0,0,0,0x1001BFC0
1777259849.383,1299372,4,6,GNSS,255,BROADCAST,0,HEARTBEAT,48,HEARTBEAT,0,0,0,0,0,0,0x1001BFC0
1777259850.392,1300370,4,6,GNSS,255,BROADCAST,0,HEARTBEAT,48,HEARTBEAT,0,0,0,0,0,0,0x1001BFC0
1777259851.439,1301367,4,6,GNSS,255,BROADCAST,0,HEARTBEAT,48,HEARTBEAT,0,0,0,0,0,0,0x1001BFC0
1777259851.439,1301368,4,6,GNSS,1,CDH,10,HEALTH,1,HEALTH_0x01,0,0,0,0,1,1,0x1001804A
1777259851.439,1301369,2,6,GNSS,1,CDH,4,TELEMETRY,2,TELEMETRY_0x02,0,0,0,0,0,0,0x08018044
1777259852.367,1302365,4,6,GNSS,255,BROADCAST,0,HEARTBEAT,48,HEARTBEAT,0,0,0,0,0,0,0x1001BFC0
1777259853.383,1303363,4,6,GNSS,255,BROADCAST,0,HEARTBEAT,48,HEARTBEAT,0,0,0,0,0,0,0x1001BFC0
1777259854.374,1304360,4,6,GNSS,255,BROADCAST,0,HEARTBEAT,48,HEARTBEAT,0,0,0,0,0,0,0x1001BFC0
1777259855.414,1305357,4,6,GNSS,255,BROADCAST,0,HEARTBEAT,48,HEARTBEAT,0,0,0,0,0,0,0x1001BFC0
1777259856.367,1306354,4,6,GNSS,255,BROADCAST,0,HEARTBEAT,48,HEARTBEAT,0,0,0,0,0,0,0x1001BFC0
1777259856.367,1306355,4,6,GNSS,1,CDH,10,HEALTH,1,HEALTH_0x01,0,0,0,0,1,1,0x1001804A
1777259856.367,1306356,2,6,GNSS,1,CDH,4,TELEMETRY,2,TELEMETRY_0x02,0,0,0,0,0,0,0x08018044
1777259857.377,1307353,4,6,GNSS,255,BROADCAST,0,HEARTBEAT,48,HEARTBEAT,0,0,0,0,0,0,0x1001BFC0
1777259858.375,1308350,4,6,GNSS,255,BROADCAST,0,HEARTBEAT,48,HEARTBEAT,0,0,0,0,0,0,0x1001BFC0
1777259859.358,1309347,4,6,GNSS,255,BROADCAST,0,HEARTBEAT,48,HEARTBEAT,0,0,0,0,0,0,0x1001BFC0
1777259860.357,1310344,4,6,GNSS,255,BROADCAST,0,HEARTBEAT,48,HEARTBEAT,0,0,0,0,0,0,0x1001BFC0
1777259861.353,1311341,4,6,GNSS,255,BROADCAST,0,HEARTBEAT,48,HEARTBEAT,0,0,0,0,0,0,0x1001BFC0
1777259861.354,1311342,4,6,GNSS,1,CDH,10,HEALTH,1,HEALTH_0x01,0,0,0,0,1,1,0x1001804A
1777259861.354,1311344,2,6,GNSS,1,CDH,4,TELEMETRY,2,TELEMETRY_0x02,0,0,0,0,0,0,0x08018044
1777259862.367,1312340,4,6,GNSS,255,BROADCAST,0,HEARTBEAT,48,HEARTBEAT,0,0,0,0,0,0,0x1001BFC0
1777259863.347,1313337,4,6,GNSS,255,BROADCAST,0,HEARTBEAT,48,HEARTBEAT,0,0,0,0,0,0,0x1001BFC0
1777259864.345,1314334,4,6,GNSS,255,BROADCAST,0,HEARTBEAT,48,HEARTBEAT,0,0,0,0,0,0,0x1001BFC0
1777259865.343,1315331,4,6,GNSS,255,BROADCAST,0,HEARTBEAT,48,HEARTBEAT,0,0,0,0,0,0,0x1001BFC0
1777259866.369,1316328,4,6,GNSS,255,BROADCAST,0,HEARTBEAT,48,HEARTBEAT,0,0,0,0,0,0,0x1001BFC0
1777259866.369,1316329,4,6,GNSS,1,CDH,10,HEALTH,1,HEALTH_0x01,0,0,0,0,1,1,0x1001804A
1777259866.369,1316331,2,6,GNSS,1,CDH,4,TELEMETRY,2,TELEMETRY_0x02,0,0,0,0,0,0,0x08018044
1777259867.354,1317327,4,6,GNSS,255,BROADCAST,0,HEARTBEAT,48,HEARTBEAT,0,0,0,0,0,0,0x1001BFC0
1777259868.344,1318324,4,6,GNSS,255,BROADCAST,0,HEARTBEAT,48,HEARTBEAT,0,0,0,0,0,0,0x1001BFC0
1777259869.333,1319321,4,6,GNSS,255,BROADCAST,0,HEARTBEAT,48,HEARTBEAT,0,0,0,0,0,0,0x1001BFC0
1777259870.341,1320318,4,6,GNSS,255,BROADCAST,0,HEARTBEAT,48,HEARTBEAT,0,0,0,0,0,0,0x1001BFC0
1777259871.327,1321316,4,6,GNSS,255,BROADCAST,0,HEARTBEAT,48,HEARTBEAT,0,0,0,0,0,0,0x1001BFC0
1777259871.328,1321317,4,6,GNSS,1,CDH,10,HEALTH,1,HEALTH_0x01,0,0,0,0,1,1,0x1001804A
1777259871.329,1321318,2,6,GNSS,1,CDH,4,TELEMETRY,2,TELEMETRY_0x02,0,0,0,0,0,0,0x08018044
1777259872.326,1322314,4,6,GNSS,255,BROADCAST,0,HEARTBEAT,48,HEARTBEAT,0,0,0,0,0,0,0x1001BFC0
1777259873.322,1323312,4,6,GNSS,255,BROADCAST,0,HEARTBEAT,48,HEARTBEAT,0,0,0,0,0,0,0x1001BFC0
1777259874.348,1324309,4,6,GNSS,255,BROADCAST,0,HEARTBEAT,48,HEARTBEAT,0,0,0,0,0,0,0x1001BFC0
1777259875.317,1325306,4,6,GNSS,255,BROADCAST,0,HEARTBEAT,48,HEARTBEAT,0,0,0,0,0,0,0x1001BFC0
1777259876.314,1326303,4,6,GNSS,255,BROADCAST,0,HEARTBEAT,48,HEARTBEAT,0,0,0,0,0,0,0x1001BFC0
1777259876.315,1326304,4,6,GNSS,1,CDH,10,HEALTH,1,HEALTH_0x01,0,0,0,0,1,1,0x1001804A
1777259876.316,1326306,2,6,GNSS,1,CDH,4,TELEMETRY,2,TELEMETRY_0x02,0,0,0,0,0,0,0x08018044
1777259877.313,1327302,4,6,GNSS,255,BROADCAST,0,HEARTBEAT,48,HEARTBEAT,0,0,0,0,0,0,0x1001BFC0
1777259878.342,1328299,4,6,GNSS,255,BROADCAST,0,HEARTBEAT,48,HEARTBEAT,0,0,0,0,0,0,0x1001BFC0
1777259879.307,1329296,4,6,GNSS,255,BROADCAST,0,HEARTBEAT,48,HEARTBEAT,0,0,0,0,0,0,0x1001BFC0
1777259880.305,1330293,4,6,GNSS,255,BROADCAST,0,HEARTBEAT,48,HEARTBEAT,0,0,0,0,0,0,0x1001BFC0
1777259881.307,1331290,4,6,GNSS,255,BROADCAST,0,HEARTBEAT,48,HEARTBEAT,0,0,0,0,0,0,0x1001BFC0
1777259881.307,1331292,4,6,GNSS,1,CDH,10,HEALTH,1,HEALTH_0x01,0,0,0,0,1,1,0x1001804A
1777259881.307,1331293,2,6,GNSS,1,CDH,4,TELEMETRY,2,TELEMETRY_0x02,0,0,0,0,0,0,0x08018044
1777259882.332,1332289,4,6,GNSS,255,BROADCAST,0,HEARTBEAT,48,HEARTBEAT,0,0,0,0,0,0,0x1001BFC0
1777259883.298,1333286,4,6,GNSS,255,BROADCAST,0,HEARTBEAT,48,HEARTBEAT,0,0,0,0,0,0,0x1001BFC0
1777259884.295,1334283,4,6,GNSS,255,BROADCAST,0,HEARTBEAT,48,HEARTBEAT,0,0,0,0,0,0,0x1001BFC0
1777259885.303,1335281,4,6,GNSS,255,BROADCAST,0,HEARTBEAT,48,HEARTBEAT,0,0,0,0,0,0,0x1001BFC0
1777259886.290,1336278,4,6,GNSS,255,BROADCAST,0,HEARTBEAT,48,HEARTBEAT,0,0,0,0,0,0,0x1001BFC0
1777259886.328,1336279,4,6,GNSS,1,CDH,10,HEALTH,1,HEALTH_0x01,0,0,0,0,1,1,0x1001804A
1777259886.328,1336280,2,6,GNSS,1,CDH,4,TELEMETRY,2,TELEMETRY_0x02,0,0,0,0,0,0,0x08018044
1777259887.287,1337276,4,6,GNSS,255,BROADCAST,0,HEARTBEAT,48,HEARTBEAT,0,0,0,0,0,0,0x1001BFC0
1777259888.286,1338274,4,6,GNSS,255,BROADCAST,0,HEARTBEAT,48,HEARTBEAT,0,0,0,0,0,0,0x1001BFC0
1777259889.301,1339271,4,6,GNSS,255,BROADCAST,0,HEARTBEAT,48,HEARTBEAT,0,0,0,0,0,0,0x1001BFC0
1777259890.280,1340269,4,6,GNSS,255,BROADCAST,0,HEARTBEAT,48,HEARTBEAT,0,0,0,0,0,0,0x1001BFC0
1777259891.276,1341266,4,6,GNSS,255,BROADCAST,0,HEARTBEAT,48,HEARTBEAT,0,0,0,0,0,0,0x1001BFC0
1777259891.276,1341267,4,6,GNSS,1,CDH,10,HEALTH,1,HEALTH_0x01,0,0,0,0,1,1,0x1001804A
1777259891.278,1341268,2,6,GNSS,1,CDH,4,TELEMETRY,2,TELEMETRY_0x02,0,0,0,0,0,0,0x08018044
1777259892.275,1342264,4,6,GNSS,255,BROADCAST,0,HEARTBEAT,48,HEARTBEAT,0,0,0,0,0,0,0x1001BFC0
1777259893.298,1343262,4,6,GNSS,255,BROADCAST,0,HEARTBEAT,48,HEARTBEAT,0,0,0,0,0,0,0x1001BFC0
1777259894.278,1344259,4,6,GNSS,255,BROADCAST,0,HEARTBEAT,48,HEARTBEAT,0,0,0,0,0,0,0x1001BFC0
1777259895.267,1345256,4,6,GNSS,255,BROADCAST,0,HEARTBEAT,48,HEARTBEAT,0,0,0,0,0,0,0x1001BFC0
1777259896.269,1346253,4,6,GNSS,255,BROADCAST,0,HEARTBEAT,48,HEARTBEAT,0,0,0,0,0,0,0x1001BFC0
1777259896.269,1346254,4,6,GNSS,1,CDH,10,HEALTH,1,HEALTH_0x01,0,0,0,0,1,1,0x1001804A
1777259896.269,1346256,2,6,GNSS,1,CDH,4,TELEMETRY,2,TELEMETRY_0x02,0,0,0,0,0,0,0x08018044
1777259897.286,1347252,4,6,GNSS,255,BROADCAST,0,HEARTBEAT,48,HEARTBEAT,0,0,0,0,0,0,0x1001BFC0
1777259898.272,1348249,4,6,GNSS,255,BROADCAST,0,HEARTBEAT,48,HEARTBEAT,0,0,0,0,0,0,0x1001BFC0
1777259899.264,1349246,4,6,GNSS,255,BROADCAST,0,HEARTBEAT,48,HEARTBEAT,0,0,0,0,0,0,0x1001BFC0
1777259900.255,1350244,4,6,GNSS,255,BROADCAST,0,HEARTBEAT,48,HEARTBEAT,0,0,0,0,0,0,0x1001BFC0
1777259901.281,1351241,4,6,GNSS,255,BROADCAST,0,HEARTBEAT,48,HEARTBEAT,0,0,0,0,0,0,0x1001BFC0
1777259901.281,1351242,4,6,GNSS,1,CDH,10,HEALTH,1,HEALTH_0x01,0,0,0,0,1,1,0x1001804A
1777259901.281,1351243,2,6,GNSS,1,CDH,4,TELEMETRY,2,TELEMETRY_0x02,0,0,0,0,0,0,0x08018044
1777259902.251,1352239,4,6,GNSS,255,BROADCAST,0,HEARTBEAT,48,HEARTBEAT,0,0,0,0,0,0,0x1001BFC0
1777259903.248,1353236,4,6,GNSS,255,BROADCAST,0,HEARTBEAT,48,HEARTBEAT,0,0,0,0,0,0,0x1001BFC0
1777259904.253,1354234,4,6,GNSS,255,BROADCAST,0,HEARTBEAT,48,HEARTBEAT,0,0,0,0,0,0,0x1001BFC0
1777259905.271,1355231,4,6,GNSS,255,BROADCAST,0,HEARTBEAT,48,HEARTBEAT,0,0,0,0,0,0,0x1001BFC0
1777259906.242,1356228,4,6,GNSS,255,BROADCAST,0,HEARTBEAT,48,HEARTBEAT,0,0,0,0,0,0,0x1001BFC0
1777259906.242,1356229,4,6,GNSS,1,CDH,10,HEALTH,1,HEALTH_0x01,0,0,0,0,1,1,0x1001804A
1777259906.242,1356230,2,6,GNSS,1,CDH,4,TELEMETRY,2,TELEMETRY_0x02,0,0,0,0,0,0,0x08018044
1777259907.238,1357226,4,6,GNSS,255,BROADCAST,0,HEARTBEAT,48,HEARTBEAT,0,0,0,0,0,0,0x1001BFC0
1777259908.237,1358224,4,6,GNSS,255,BROADCAST,0,HEARTBEAT,48,HEARTBEAT,0,0,0,0,0,0,0x1001BFC0
1777259909.283,1359221,4,6,GNSS,255,BROADCAST,0,HEARTBEAT,48,HEARTBEAT,0,0,0,0,0,0,0x1001BFC0
1777259910.234,1360218,4,6,GNSS,255,BROADCAST,0,HEARTBEAT,48,HEARTBEAT,0,0,0,0,0,0,0x1001BFC0
1777259911.229,1361216,4,6,GNSS,255,BROADCAST,0,HEARTBEAT,48,HEARTBEAT,0,0,0,0,0,0,0x1001BFC0
1777259911.229,1361217,4,6,GNSS,1,CDH,10,HEALTH,1,HEALTH_0x01,0,0,0,0,1,1,0x1001804A
1777259911.229,1361218,2,6,GNSS,1,CDH,4,TELEMETRY,2,TELEMETRY_0x02,0,0,0,0,0,0,0x08018044
1777259912.236,1362214,4,6,GNSS,255,BROADCAST,0,HEARTBEAT,48,HEARTBEAT,0,0,0,0,0,0,0x1001BFC0
1777259913.262,1363212,4,6,GNSS,255,BROADCAST,0,HEARTBEAT,48,HEARTBEAT,0,0,0,0,0,0,0x1001BFC0
1777259914.233,1364209,4,6,GNSS,255,BROADCAST,0,HEARTBEAT,48,HEARTBEAT,0,0,0,0,0,0,0x1001BFC0
1777259915.218,1365206,4,6,GNSS,255,BROADCAST,0,HEARTBEAT,48,HEARTBEAT,0,0,0,0,0,0,0x1001BFC0
1777259916.233,1366204,4,6,GNSS,255,BROADCAST,0,HEARTBEAT,48,HEARTBEAT,0,0,0,0,0,0,0x1001BFC0
1777259916.233,1366205,4,6,GNSS,1,CDH,10,HEALTH,1,HEALTH_0x01,0,0,0,0,1,1,0x1001804A
1777259916.233,1366206,2,6,GNSS,1,CDH,4,TELEMETRY,2,TELEMETRY_0x02,0,0,0,0,0,0,0x08018044
1777259917.214,1367202,4,6,GNSS,255,BROADCAST,0,HEARTBEAT,48,HEARTBEAT,0,0,0,0,0,0,0x1001BFC0
1777259918.226,1368199,4,6,GNSS,255,BROADCAST,0,HEARTBEAT,48,HEARTBEAT,0,0,0,0,0,0,0x1001BFC0
1777259919.207,1369196,4,6,GNSS,255,BROADCAST,0,HEARTBEAT,48,HEARTBEAT,0,0,0,0,0,0,0x1001BFC0
1777259920.222,1370194,4,6,GNSS,255,BROADCAST,0,HEARTBEAT,48,HEARTBEAT,0,0,0,0,0,0,0x1001BFC0
1777259921.205,1371191,4,6,GNSS,255,BROADCAST,0,HEARTBEAT,48,HEARTBEAT,0,0,0,0,0,0,0x1001BFC0
1777259921.205,1371192,4,6,GNSS,1,CDH,10,HEALTH,1,HEALTH_0x01,0,0,0,0,1,1,0x1001804A
1777259921.205,1371193,2,6,GNSS,1,CDH,4,TELEMETRY,2,TELEMETRY_0x02,0,0,0,0,0,0,0x08018044
1777259922.202,1372189,4,6,GNSS,255,BROADCAST,0,HEARTBEAT,48,HEARTBEAT,0,0,0,0,0,0,0x1001BFC0
1777259923.199,1373187,4,6,GNSS,255,BROADCAST,0,HEARTBEAT,48,HEARTBEAT,0,0,0,0,0,0,0x1001BFC0
1777259924.224,1374184,4,6,GNSS,255,BROADCAST,0,HEARTBEAT,48,HEARTBEAT,0,0,0,0,0,0,0x1001BFC0
1777259925.193,1375181,4,6,GNSS,255,BROADCAST,0,HEARTBEAT,48,HEARTBEAT,0,0,0,0,0,0,0x1001BFC0
1777259926.191,1376179,4,6,GNSS,255,BROADCAST,0,HEARTBEAT,48,HEARTBEAT,0,0,0,0,0,0,0x1001BFC0
1777259926.192,1376180,4,6,GNSS,1,CDH,10,HEALTH,1,HEALTH_0x01,0,0,0,0,1,1,0x1001804A
1777259926.194,1376181,2,6,GNSS,1,CDH,4,TELEMETRY,2,TELEMETRY_0x02,0,0,0,0,0,0,0x08018044
1777259927.189,1377177,4,6,GNSS,255,BROADCAST,0,HEARTBEAT,48,HEARTBEAT,0,0,0,0,0,0,0x1001BFC0
1777259928.207,1378178,4,6,GNSS,255,BROADCAST,0,HEARTBEAT,48,HEARTBEAT,0,0,0,0,0,0,0x1001BFC0
1777259929.184,1379172,4,6,GNSS,255,BROADCAST,0,HEARTBEAT,48,HEARTBEAT,0,0,0,0,0,0,0x1001BFC0
1777259930.181,1380169,4,6,GNSS,255,BROADCAST,0,HEARTBEAT,48,HEARTBEAT,0,0,0,0,0,0,0x1001BFC0
1777259931.180,1381167,4,6,GNSS,255,BROADCAST,0,HEARTBEAT,48,HEARTBEAT,0,0,0,0,0,0,0x1001BFC0
1777259931.180,1381168,4,6,GNSS,1,CDH,10,HEALTH,1,HEALTH_0x01,0,0,0,0,1,1,0x1001804A
1777259931.180,1381169,2,6,GNSS,1,CDH,4,TELEMETRY,2,TELEMETRY_0x02,0,0,0,0,0,0,0x08018044
1777259932.204,1382165,4,6,GNSS,255,BROADCAST,0,HEARTBEAT,48,HEARTBEAT,0,0,0,0,0,0,0x1001BFC0
1777259933.175,1383163,4,6,GNSS,255,BROADCAST,0,HEARTBEAT,48,HEARTBEAT,0,0,0,0,0,0,0x1001BFC0
1777259934.171,1384160,4,6,GNSS,255,BROADCAST,0,HEARTBEAT,48,HEARTBEAT,0,0,0,0,0,0,0x1001BFC0
1777259935.171,1385157,4,6,GNSS,255,BROADCAST,0,HEARTBEAT,48,HEARTBEAT,0,0,0,0,0,0,0x1001BFC0
1777259936.192,1386155,4,6,GNSS,255,BROADCAST,0,HEARTBEAT,48,HEARTBEAT,0,0,0,0,0,0,0x1001BFC0
1777259936.192,1386156,4,6,GNSS,1,CDH,10,HEALTH,1,HEALTH_0x01,0,0,0,0,1,1,0x1001804A
1777259936.192,1386157,2,6,GNSS,1,CDH,4,TELEMETRY,2,TELEMETRY_0x02,0,0,0,0,0,0,0x08018044
1777259937.165,1387153,4,6,GNSS,255,BROADCAST,0,HEARTBEAT,48,HEARTBEAT,0,0,0,0,0,0,0x1001BFC0
1777259938.180,1388150,4,6,GNSS,255,BROADCAST,0,HEARTBEAT,48,HEARTBEAT,0,0,0,0,0,0,0x1001BFC0
1777259939.173,1389148,4,6,GNSS,255,BROADCAST,0,HEARTBEAT,48,HEARTBEAT,0,0,0,0,0,0,0x1001BFC0
1777259940.194,1390145,4,6,GNSS,255,BROADCAST,0,HEARTBEAT,48,HEARTBEAT,0,0,0,0,0,0,0x1001BFC0
1777259941.156,1391142,4,6,GNSS,255,BROADCAST,0,HEARTBEAT,48,HEARTBEAT,0,0,0,0,0,0,0x1001BFC0
1777259941.156,1391143,4,6,GNSS,1,CDH,10,HEALTH,1,HEALTH_0x01,0,0,0,0,1,1,0x1001804A
1777259941.156,1391144,2,6,GNSS,1,CDH,4,TELEMETRY,2,TELEMETRY_0x02,0,0,0,0,0,0,0x08018044
1777259942.153,1392141,4,6,GNSS,255,BROADCAST,0,HEARTBEAT,48,HEARTBEAT,0,0,0,0,0,0,0x1001BFC0
1777259943.164,1393138,4,6,GNSS,255,BROADCAST,0,HEARTBEAT,48,HEARTBEAT,0,0,0,0,0,0,0x1001BFC0
1777259944.148,1394135,4,6,GNSS,255,BROADCAST,0,HEARTBEAT,48,HEARTBEAT,0,0,0,0,0,0,0x1001BFC0
1777259945.145,1395133,4,6,GNSS,255,BROADCAST,0,HEARTBEAT,48,HEARTBEAT,0,0,0,0,0,0,0x1001BFC0
1777259946.144,1396130,4,6,GNSS,255,BROADCAST,0,HEARTBEAT,48,HEARTBEAT,0,0,0,0,0,0,0x1001BFC0
1777259946.144,1396131,4,6,GNSS,1,CDH,10,HEALTH,1,HEALTH_0x01,0,0,0,0,1,1,0x1001804A
1777259946.144,1396132,2,6,GNSS,1,CDH,4,TELEMETRY,2,TELEMETRY_0x02,0,0,0,0,0,0,0x08018044
1777259947.151,1397128,4,6,GNSS,255,BROADCAST,0,HEARTBEAT,48,HEARTBEAT,0,0,0,0,0,0,0x1001BFC0
1777259948.138,1398126,4,6,GNSS,255,BROADCAST,0,HEARTBEAT,48,HEARTBEAT,0,0,0,0,0,0,0x1001BFC0
1777259949.135,1399123,4,6,GNSS,255,BROADCAST,0,HEARTBEAT,48,HEARTBEAT,0,0,0,0,0,0,0x1001BFC0
1777259950.135,1400120,4,6,GNSS,255,BROADCAST,0,HEARTBEAT,48,HEARTBEAT,0,0,0,0,0,0,0x1001BFC0
1777259951.150,1401118,4,6,GNSS,255,BROADCAST,0,HEARTBEAT,48,HEARTBEAT,0,0,0,0,0,0,0x1001BFC0
1777259951.150,1401119,4,6,GNSS,1,CDH,10,HEALTH,1,HEALTH_0x01,0,0,0,0,1,1,0x1001804A
1777259951.150,1401120,2,6,GNSS,1,CDH,4,TELEMETRY,2,TELEMETRY_0x02,0,0,0,0,0,0,0x08018044
1777259952.130,1402116,4,6,GNSS,255,BROADCAST,0,HEARTBEAT,48,HEARTBEAT,0,0,0,0,0,0,0x1001BFC0
1777259953.126,1403113,4,6,GNSS,255,BROADCAST,0,HEARTBEAT,48,HEARTBEAT,0,0,0,0,0,0,0x1001BFC0
1777259954.123,1404110,4,6,GNSS,255,BROADCAST,0,HEARTBEAT,48,HEARTBEAT,0,0,0,0,0,0,0x1001BFC0
1777259955.164,1405108,4,6,GNSS,255,BROADCAST,0,HEARTBEAT,48,HEARTBEAT,0,0,0,0,0,0,0x1001BFC0
1777259956.120,1406105,4,6,GNSS,255,BROADCAST,0,HEARTBEAT,48,HEARTBEAT,0,0,0,0,0,0,0x1001BFC0
1777259956.120,1406106,4,6,GNSS,1,CDH,10,HEALTH,1,HEALTH_0x01,0,0,0,0,1,1,0x1001804A
1777259956.120,1406107,2,6,GNSS,1,CDH,4,TELEMETRY,2,TELEMETRY_0x02,0,0,0,0,0,0,0x08018044
1777259957.116,1407103,4,6,GNSS,255,BROADCAST,0,HEARTBEAT,48,HEARTBEAT,0,0,0,0,0,0,0x1001BFC0
1777259958.114,1408101,4,6,GNSS,255,BROADCAST,0,HEARTBEAT,48,HEARTBEAT,0,0,0,0,0,0,0x1001BFC0
1777259959.133,1409098,4,6,GNSS,255,BROADCAST,0,HEARTBEAT,48,HEARTBEAT,0,0,0,0,0,0,0x1001BFC0
1777259960.112,1410096,4,6,GNSS,255,BROADCAST,0,HEARTBEAT,48,HEARTBEAT,0,0,0,0,0,0,0x1001BFC0
1777259961.107,1411093,4,6,GNSS,255,BROADCAST,0,HEARTBEAT,48,HEARTBEAT,0,0,0,0,0,0,0x1001BFC0
1777259961.110,1411094,4,6,GNSS,1,CDH,10,HEALTH,1,HEALTH_0x01,0,0,0,0,1,1,0x1001804A
1777259961.110,1411095,2,6,GNSS,1,CDH,4,TELEMETRY,2,TELEMETRY_0x02,0,0,0,0,0,0,0x08018044
1777259962.124,1412091,4,6,GNSS,255,BROADCAST,0,HEARTBEAT,48,HEARTBEAT,0,0,0,0,0,0,0x1001BFC0
1777259963.132,1413089,4,6,GNSS,255,BROADCAST,0,HEARTBEAT,48,HEARTBEAT,0,0,0,0,0,0,0x1001BFC0
1777259964.098,1414086,4,6,GNSS,255,BROADCAST,0,HEARTBEAT,48,HEARTBEAT,0,0,0,0,0,0,0x1001BFC0
1777259965.096,1415083,4,6,GNSS,255,BROADCAST,0,HEARTBEAT,48,HEARTBEAT,0,0,0,0,0,0,0x1001BFC0
1777259966.102,1416081,4,6,GNSS,255,BROADCAST,0,HEARTBEAT,48,HEARTBEAT,0,0,0,0,0,0,0x1001BFC0
1777259966.102,1416082,4,6,GNSS,1,CDH,10,HEALTH,1,HEALTH_0x01,0,0,0,0,1,1,0x1001804A
1777259966.102,1416083,2,6,GNSS,1,CDH,4,TELEMETRY,2,TELEMETRY_0x02,0,0,0,0,0,0,0x08018044
1777259967.129,1417079,4,6,GNSS,255,BROADCAST,0,HEARTBEAT,48,HEARTBEAT,0,0,0,0,0,0,0x1001BFC0
1777259968.089,1418076,4,6,GNSS,255,BROADCAST,0,HEARTBEAT,48,HEARTBEAT,0,0,0,0,0,0,0x1001BFC0
1777259969.086,1419074,4,6,GNSS,255,BROADCAST,0,HEARTBEAT,48,HEARTBEAT,0,0,0,0,0,0,0x1001BFC0
1777259970.101,1420071,4,6,GNSS,255,BROADCAST,0,HEARTBEAT,48,HEARTBEAT,0,0,0,0,0,0,0x1001BFC0
1777259971.124,1421068,4,6,GNSS,255,BROADCAST,0,HEARTBEAT,48,HEARTBEAT,0,0,0,0,0,0,0x1001BFC0
1777259971.124,1421069,4,6,GNSS,1,CDH,10,HEALTH,1,HEALTH_0x01,0,0,0,0,1,1,0x1001804A
1777259971.124,1421071,2,6,GNSS,1,CDH,4,TELEMETRY,2,TELEMETRY_0x02,0,0,0,0,0,0,0x08018044
1777259972.080,1422067,4,6,GNSS,255,BROADCAST,0,HEARTBEAT,48,HEARTBEAT,0,0,0,0,0,0,0x1001BFC0
1777259973.077,1423064,4,6,GNSS,255,BROADCAST,0,HEARTBEAT,48,HEARTBEAT,0,0,0,0,0,0,0x1001BFC0
1777259974.089,1424062,4,6,GNSS,255,BROADCAST,0,HEARTBEAT,48,HEARTBEAT,0,0,0,0,0,0,0x1001BFC0
1777259975.071,1425059,4,6,GNSS,255,BROADCAST,0,HEARTBEAT,48,HEARTBEAT,0,0,0,0,0,0,0x1001BFC0
1777259976.070,1426056,4,6,GNSS,255,BROADCAST,0,HEARTBEAT,48,HEARTBEAT,0,0,0,0,0,0,0x1001BFC0
1777259976.070,1426057,4,6,GNSS,1,CDH,10,HEALTH,1,HEALTH_0x01,0,0,0,0,1,1,0x1001804A
1777259976.072,1426060,2,6,GNSS,1,CDH,4,TELEMETRY,2,TELEMETRY_0x02,0,0,0,0,0,0,0x08018044
1777259977.070,1427055,4,6,GNSS,255,BROADCAST,0,HEARTBEAT,48,HEARTBEAT,0,0,0,0,0,0,0x1001BFC0
1777259978.083,1428052,4,6,GNSS,255,BROADCAST,0,HEARTBEAT,48,HEARTBEAT,0,0,0,0,0,0,0x1001BFC0
1777259979.062,1429050,4,6,GNSS,255,BROADCAST,0,HEARTBEAT,48,HEARTBEAT,0,0,0,0,0,0,0x1001BFC0
1777259980.060,1430047,4,6,GNSS,255,BROADCAST,0,HEARTBEAT,48,HEARTBEAT,0,0,0,0,0,0,0x1001BFC0
1777259981.058,1431045,4,6,GNSS,255,BROADCAST,0,HEARTBEAT,48,HEARTBEAT,0,0,0,0,0,0,0x1001BFC0
1777259981.061,1431046,4,6,GNSS,1,CDH,10,HEALTH,1,HEALTH_0x01,0,0,0,0,1,1,0x1001804A
1777259981.061,1431047,2,6,GNSS,1,CDH,4,TELEMETRY,2,TELEMETRY_0x02,0,0,0,0,0,0,0x08018044
1777259982.075,1432043,4,6,GNSS,255,BROADCAST,0,HEARTBEAT,48,HEARTBEAT,0,0,0,0,0,0,0x1001BFC0
1777259983.056,1433040,4,6,GNSS,255,BROADCAST,0,HEARTBEAT,48,HEARTBEAT,0,0,0,0,0,0,0x1001BFC0
1777259984.053,1434038,4,6,GNSS,255,BROADCAST,0,HEARTBEAT,48,HEARTBEAT,0,0,0,0,0,0,0x1001BFC0
1777259985.038,1435035,4,6,GNSS,255,BROADCAST,0,HEARTBEAT,48,HEARTBEAT,0,0,0,0,0,0,0x1001BFC0
1777259986.068,1436032,4,6,GNSS,255,BROADCAST,0,HEARTBEAT,48,HEARTBEAT,0,0,0,0,0,0,0x1001BFC0
1777259986.068,1436034,4,6,GNSS,1,CDH,10,HEALTH,1,HEALTH_0x01,0,0,0,0,1,1,0x1001804A
1777259986.068,1436035,2,6,GNSS,1,CDH,4,TELEMETRY,2,TELEMETRY_0x02,0,0,0,0,0,0,0x08018044
1777259987.043,1437031,4,6,GNSS,255,BROADCAST,0,HEARTBEAT,48,HEARTBEAT,0,0,0,0,0,0,0x1001BFC0
1777259988.041,1438028,4,6,GNSS,255,BROADCAST,0,HEARTBEAT,48,HEARTBEAT,0,0,0,0,0,0,0x1001BFC0
1777259989.033,1439025,4,6,GNSS,255,BROADCAST,0,HEARTBEAT,48,HEARTBEAT,0,0,0,0,0,0,0x1001BFC0
1777259990.074,1440023,4,6,GNSS,255,BROADCAST,0,HEARTBEAT,48,HEARTBEAT,0,0,0,0,0,0,0x1001BFC0
1777259991.033,1441020,4,6,GNSS,255,BROADCAST,0,HEARTBEAT,48,HEARTBEAT,0,0,0,0,0,0,0x1001BFC0
1777259991.034,1441021,4,6,GNSS,1,CDH,10,HEALTH,1,HEALTH_0x01,0,0,0,0,1,1,0x1001804A
1777259991.035,1441022,2,6,GNSS,1,CDH,4,TELEMETRY,2,TELEMETRY_0x02,0,0,0,0,0,0,0x08018044
1777259992.032,1442018,4,6,GNSS,255,BROADCAST,0,HEARTBEAT,48,HEARTBEAT,0,0,0,0,0,0,0x1001BFC0
1777259993.081,1443016,4,6,GNSS,255,BROADCAST,0,HEARTBEAT,48,HEARTBEAT,0,0,0,0,0,0,0x1001BFC0
1777259994.054,1444013,4,6,GNSS,255,BROADCAST,0,HEARTBEAT,48,HEARTBEAT,0,0,0,0,0,0,0x1001BFC0
1777259995.031,1445010,4,6,GNSS,255,BROADCAST,0,HEARTBEAT,48,HEARTBEAT,0,0,0,0,0,0,0x1001BFC0
1777259996.016,1446007,4,6,GNSS,255,BROADCAST,0,HEARTBEAT,48,HEARTBEAT,0,0,0,0,0,0,0x1001BFC0
1777259996.016,1446008,4,6,GNSS,1,CDH,10,HEALTH,1,HEALTH_0x01,0,0,0,0,1,1,0x1001804A
1777259996.016,1446010,2,6,GNSS,1,CDH,4,TELEMETRY,2,TELEMETRY_0x02,0,0,0,0,0,0,0x08018044
1777259997.032,1447006,4,6,GNSS,255,BROADCAST,0,HEARTBEAT,48,HEARTBEAT,0,0,0,0,0,0,0x1001BFC0
1777259998.050,1448003,4,6,GNSS,255,BROADCAST,0,HEARTBEAT,48,HEARTBEAT,0,0,0,0,0,0,0x1001BFC0
1777259999.015,1449000,4,6,GNSS,255,BROADCAST,0,HEARTBEAT,48,HEARTBEAT,0,0,0,0,0,0,0x1001BFC0
1777260000.011,1449998,4,6,GNSS,255,BROADCAST,0,HEARTBEAT,48,HEARTBEAT,0,0,0,0,0,0,0x1001BFC0
1777260001.019,1450995,4,6,GNSS,255,BROADCAST,0,HEARTBEAT,48,HEARTBEAT,0,0,0,0,0,0,0x1001BFC0
1777260001.019,1450996,4,6,GNSS,1,CDH,10,HEALTH,1,HEALTH_0x01,0,0,0,0,1,1,0x1001804A
1777260001.019,1450997,2,6,GNSS,1,CDH,4,TELEMETRY,2,TELEMETRY_0x02,0,0,0,0,0,0,0x08018044
1777260002.057,1451993,4,6,GNSS,255,BROADCAST,0,HEARTBEAT,48,HEARTBEAT,0,0,0,0,0,0,0x1001BFC0
1777260003.004,1452991,4,6,GNSS,255,BROADCAST,0,HEARTBEAT,48,HEARTBEAT,0,0,0,0,0,0,0x1001BFC0
1777260004.002,1453988,4,6,GNSS,255,BROADCAST,0,HEARTBEAT,48,HEARTBEAT,0,0,0,0,0,0,0x1001BFC0
1777260005.015,1454985,4,6,GNSS,255,BROADCAST,0,HEARTBEAT,48,HEARTBEAT,0,0,0,0,0,0,0x1001BFC0
1777260005.998,1455983,4,6,GNSS,255,BROADCAST,0,HEARTBEAT,48,HEARTBEAT,0,0,0,0,0,0,0x1001BFC0
1777260005.998,1455985,4,6,GNSS,1,CDH,10,HEALTH,1,HEALTH_0x01,0,0,0,0,1,1,0x1001804A
1777260006.033,1455986,2,6,GNSS,1,CDH,4,TELEMETRY,2,TELEMETRY_0x02,0,0,0,0,0,0,0x08018044
1777260006.994,1456981,4,6,GNSS,255,BROADCAST,0,HEARTBEAT,48,HEARTBEAT,0,0,0,0,0,0,0x1001BFC0
1777260007.992,1457978,4,6,GNSS,255,BROADCAST,0,HEARTBEAT,48,HEARTBEAT,0,0,0,0,0,0,0x1001BFC0
1777260009.004,1458976,4,6,GNSS,255,BROADCAST,0,HEARTBEAT,48,HEARTBEAT,0,0,0,0,0,0,0x1001BFC0
1777260009.988,1459973,4,6,GNSS,255,BROADCAST,0,HEARTBEAT,48,HEARTBEAT,0,0,0,0,0,0,0x1001BFC0
1777260010.987,1460970,4,6,GNSS,255,BROADCAST,0,HEARTBEAT,48,HEARTBEAT,0,0,0,0,0,0,0x1001BFC0
1777260010.987,1460972,4,6,GNSS,1,CDH,10,HEALTH,1,HEALTH_0x01,0,0,0,0,1,1,0x1001804A
1777260010.987,1460973,2,6,GNSS,1,CDH,4,TELEMETRY,2,TELEMETRY_0x02,0,0,0,0,0,0,0x08018044
1777260011.998,1461969,4,6,GNSS,255,BROADCAST,0,HEARTBEAT,48,HEARTBEAT,0,0,0,0,0,0,0x1001BFC0
1777260013.004,1462967,4,6,GNSS,255,BROADCAST,0,HEARTBEAT,48,HEARTBEAT,0,0,0,0,0,0,0x1001BFC0
1777260013.979,1463964,4,6,GNSS,255,BROADCAST,0,HEARTBEAT,48,HEARTBEAT,0,0,0,0,0,0,0x1001BFC0
1777260014.980,1464961,4,6,GNSS,255,BROADCAST,0,HEARTBEAT,48,HEARTBEAT,0,0,0,0,0,0,0x1001BFC0
1777260015.989,1465958,4,6,GNSS,255,BROADCAST,0,HEARTBEAT,48,HEARTBEAT,0,0,0,0,0,0,0x1001BFC0
1777260015.989,1465959,4,6,GNSS,1,CDH,10,HEALTH,1,HEALTH_0x01,0,0,0,0,1,1,0x1001804A
1777260015.989,1465960,2,6,GNSS,1,CDH,4,TELEMETRY,2,TELEMETRY_0x02,0,0,0,0,0,0,0x08018044
1777260016.993,1466957,4,6,GNSS,255,BROADCAST,0,HEARTBEAT,48,HEARTBEAT,0,0,0,0,0,0,0x1001BFC0
1777260017.970,1467954,4,6,GNSS,255,BROADCAST,0,HEARTBEAT,48,HEARTBEAT,0,0,0,0,0,0,0x1001BFC0
1777260018.965,1468951,4,6,GNSS,255,BROADCAST,0,HEARTBEAT,48,HEARTBEAT,0,0,0,0,0,0,0x1001BFC0
1777260019.967,1469949,4,6,GNSS,255,BROADCAST,0,HEARTBEAT,48,HEARTBEAT,0,0,0,0,0,0,0x1001BFC0
1777260020.990,1470946,4,6,GNSS,255,BROADCAST,0,HEARTBEAT,48,HEARTBEAT,0,0,0,0,0,0,0x1001BFC0
1777260020.990,1470947,4,6,GNSS,1,CDH,10,HEALTH,1,HEALTH_0x01,0,0,0,0,1,1,0x1001804A
1777260020.990,1470948,2,6,GNSS,1,CDH,4,TELEMETRY,2,TELEMETRY_0x02,0,0,0,0,0,0,0x08018044
1777260021.959,1471944,4,6,GNSS,255,BROADCAST,0,HEARTBEAT,48,HEARTBEAT,0,0,0,0,0,0,0x1001BFC0
1777260022.956,1472942,4,6,GNSS,255,BROADCAST,0,HEARTBEAT,48,HEARTBEAT,0,0,0,0,0,0,0x1001BFC0
1777260023.963,1473939,4,6,GNSS,255,BROADCAST,0,HEARTBEAT,48,HEARTBEAT,0,0,0,0,0,0,0x1001BFC0
1777260024.983,1474936,4,6,GNSS,255,BROADCAST,0,HEARTBEAT,48,HEARTBEAT,0,0,0,0,0,0,0x1001BFC0
1777260025.947,1475933,4,6,GNSS,255,BROADCAST,0,HEARTBEAT,48,HEARTBEAT,0,0,0,0,0,0,0x1001BFC0
1777260025.948,1475934,4,6,GNSS,1,CDH,10,HEALTH,1,HEALTH_0x01,0,0,0,0,1,1,0x1001804A
1777260025.953,1475937,2,6,GNSS,1,CDH,4,TELEMETRY,2,TELEMETRY_0x02,0,0,0,0,0,0,0x08018044
1777260026.951,1476932,4,6,GNSS,255,BROADCAST,0,HEARTBEAT,48,HEARTBEAT,0,0,0,0,0,0,0x1001BFC0
1777260027.961,1477929,4,6,GNSS,255,BROADCAST,0,HEARTBEAT,48,HEARTBEAT,0,0,0,0,0,0,0x1001BFC0
1777260028.982,1478926,4,6,GNSS,255,BROADCAST,0,HEARTBEAT,48,HEARTBEAT,0,0,0,0,0,0,0x1001BFC0
1777260029.947,1479924,4,6,GNSS,255,BROADCAST,0,HEARTBEAT,48,HEARTBEAT,0,0,0,0,0,0,0x1001BFC0
1777260030.935,1480921,4,6,GNSS,255,BROADCAST,0,HEARTBEAT,48,HEARTBEAT,0,0,0,0,0,0,0x1001BFC0
1777260030.935,1480922,4,6,GNSS,1,CDH,10,HEALTH,1,HEALTH_0x01,0,0,0,0,1,1,0x1001804A
1777260030.936,1480923,2,6,GNSS,1,CDH,4,TELEMETRY,2,TELEMETRY_0x02,0,0,0,0,0,0,0x08018044
1777260031.947,1481919,4,6,GNSS,255,BROADCAST,0,HEARTBEAT,48,HEARTBEAT,0,0,0,0,0,0,0x1001BFC0
1777260032.930,1482917,4,6,GNSS,255,BROADCAST,0,HEARTBEAT,48,HEARTBEAT,0,0,0,0,0,0,0x1001BFC0
1777260033.928,1483914,4,6,GNSS,255,BROADCAST,0,HEARTBEAT,48,HEARTBEAT,0,0,0,0,0,0,0x1001BFC0
1777260034.925,1484911,4,6,GNSS,255,BROADCAST,0,HEARTBEAT,48,HEARTBEAT,0,0,0,0,0,0,0x1001BFC0
1777260035.943,1485908,4,6,GNSS,255,BROADCAST,0,HEARTBEAT,48,HEARTBEAT,0,0,0,0,0,0,0x1001BFC0
1777260035.943,1485909,4,6,GNSS,1,CDH,10,HEALTH,1,HEALTH_0x01,0,0,0,0,1,1,0x1001804A
1777260035.943,1485911,2,6,GNSS,1,CDH,4,TELEMETRY,2,TELEMETRY_0x02,0,0,0,0,0,0,0x08018044
1777260036.920,1486907,4,6,GNSS,255,BROADCAST,0,HEARTBEAT,48,HEARTBEAT,0,0,0,0,0,0,0x1001BFC0
1777260037.917,1487904,4,6,GNSS,255,BROADCAST,0,HEARTBEAT,48,HEARTBEAT,0,0,0,0,0,0,0x1001BFC0
1777260038.929,1488901,4,6,GNSS,255,BROADCAST,0,HEARTBEAT,48,HEARTBEAT,0,0,0,0,0,0,0x1001BFC0
1777260039.975,1489898,4,6,GNSS,255,BROADCAST,0,HEARTBEAT,48,HEARTBEAT,0,0,0,0,0,0,0x1001BFC0
1777260040.911,1490896,4,6,GNSS,255,BROADCAST,0,HEARTBEAT,48,HEARTBEAT,0,0,0,0,0,0,0x1001BFC0
1777260040.911,1490897,4,6,GNSS,1,CDH,10,HEALTH,1,HEALTH_0x01,0,0,0,0,1,1,0x1001804A
1777260040.911,1490898,2,6,GNSS,1,CDH,4,TELEMETRY,2,TELEMETRY_0x02,0,0,0,0,0,0,0x08018044
1777260041.925,1491894,4,6,GNSS,255,BROADCAST,0,HEARTBEAT,48,HEARTBEAT,0,0,0,0,0,0,0x1001BFC0
1777260042.934,1492891,4,6,GNSS,255,BROADCAST,0,HEARTBEAT,48,HEARTBEAT,0,0,0,0,0,0,0x1001BFC0
1777260043.916,1493889,4,6,GNSS,255,BROADCAST,0,HEARTBEAT,48,HEARTBEAT,0,0,0,0,0,0,0x1001BFC0
1777260044.905,1494886,4,6,GNSS,255,BROADCAST,0,HEARTBEAT,48,HEARTBEAT,0,0,0,0,0,0,0x1001BFC0
1777260045.905,1495883,4,6,GNSS,255,BROADCAST,0,HEARTBEAT,48,HEARTBEAT,0,0,0,0,0,0,0x1001BFC0
1777260045.905,1495884,4,6,GNSS,1,CDH,10,HEALTH,1,HEALTH_0x01,0,0,0,0,1,1,0x1001804A
1777260045.905,1495885,2,6,GNSS,1,CDH,4,TELEMETRY,2,TELEMETRY_0x02,0,0,0,0,0,0,0x08018044
1777260046.899,1496881,4,6,GNSS,255,BROADCAST,0,HEARTBEAT,48,HEARTBEAT,0,0,0,0,0,0,0x1001BFC0
1777260047.933,1497879,4,6,GNSS,255,BROADCAST,0,HEARTBEAT,48,HEARTBEAT,0,0,0,0,0,0,0x1001BFC0
1777260048.893,1498876,4,6,GNSS,255,BROADCAST,0,HEARTBEAT,48,HEARTBEAT,0,0,0,0,0,0,0x1001BFC0
1777260049.886,1499873,4,6,GNSS,255,BROADCAST,0,HEARTBEAT,48,HEARTBEAT,0,0,0,0,0,0,0x1001BFC0
1777260050.890,1500870,4,6,GNSS,255,BROADCAST,0,HEARTBEAT,48,HEARTBEAT,0,0,0,0,0,0,0x1001BFC0
1777260050.894,1500871,4,6,GNSS,1,CDH,10,HEALTH,1,HEALTH_0x01,0,0,0,0,1,1,0x1001804A
1777260050.894,1500872,2,6,GNSS,1,CDH,4,TELEMETRY,2,TELEMETRY_0x02,0,0,0,0,0,0,0x08018044
1777260051.909,1501868,4,6,GNSS,255,BROADCAST,0,HEARTBEAT,48,HEARTBEAT,0,0,0,0,0,0,0x1001BFC0
1777260052.880,1502866,4,6,GNSS,255,BROADCAST,0,HEARTBEAT,48,HEARTBEAT,0,0,0,0,0,0,0x1001BFC0
1777260053.877,1503863,4,6,GNSS,255,BROADCAST,0,HEARTBEAT,48,HEARTBEAT,0,0,0,0,0,0,0x1001BFC0
1777260054.885,1504860,4,6,GNSS,255,BROADCAST,0,HEARTBEAT,48,HEARTBEAT,0,0,0,0,0,0,0x1001BFC0
1777260055.911,1505857,4,6,GNSS,255,BROADCAST,0,HEARTBEAT,48,HEARTBEAT,0,0,0,0,0,0,0x1001BFC0
1777260055.911,1505858,4,6,GNSS,1,CDH,10,HEALTH,1,HEALTH_0x01,0,0,0,0,1,1,0x1001804A
1777260055.911,1505860,2,6,GNSS,1,CDH,4,TELEMETRY,2,TELEMETRY_0x02,0,0,0,0,0,0,0x08018044
1777260056.869,1506856,4,6,GNSS,255,BROADCAST,0,HEARTBEAT,48,HEARTBEAT,0,0,0,0,0,0,0x1001BFC0
1777260057.881,1507853,4,6,GNSS,255,BROADCAST,0,HEARTBEAT,48,HEARTBEAT,0,0,0,0,0,0,0x1001BFC0
1777260058.877,1508850,4,6,GNSS,255,BROADCAST,0,HEARTBEAT,48,HEARTBEAT,0,0,0,0,0,0,0x1001BFC0
1777260059.875,1509847,4,6,GNSS,255,BROADCAST,0,HEARTBEAT,48,HEARTBEAT,0,0,0,0,0,0,0x1001BFC0
1777260060.866,1510845,4,6,GNSS,255,BROADCAST,0,HEARTBEAT,48,HEARTBEAT,0,0,0,0,0,0,0x1001BFC0
1777260060.866,1510846,4,6,GNSS,1,CDH,10,HEALTH,1,HEALTH_0x01,0,0,0,0,1,1,0x1001804A
1777260060.866,1510847,2,6,GNSS,1,CDH,4,TELEMETRY,2,TELEMETRY_0x02,0,0,0,0,0,0,0x08018044
1777260061.857,1511843,4,6,GNSS,255,BROADCAST,0,HEARTBEAT,48,HEARTBEAT,0,0,0,0,0,0,0x1001BFC0
1777260062.874,1512840,4,6,GNSS,255,BROADCAST,0,HEARTBEAT,48,HEARTBEAT,0,0,0,0,0,0,0x1001BFC0
1777260063.850,1513837,4,6,GNSS,255,BROADCAST,0,HEARTBEAT,48,HEARTBEAT,0,0,0,0,0,0,0x1001BFC0
1777260064.849,1514834,4,6,GNSS,255,BROADCAST,0,HEARTBEAT,48,HEARTBEAT,0,0,0,0,0,0,0x1001BFC0
1777260065.847,1515832,4,6,GNSS,255,BROADCAST,0,HEARTBEAT,48,HEARTBEAT,0,0,0,0,0,0,0x1001BFC0
1777260065.847,1515833,4,6,GNSS,1,CDH,10,HEALTH,1,HEALTH_0x01,0,0,0,0,1,1,0x1001804A
1777260065.847,1515834,2,6,GNSS,1,CDH,4,TELEMETRY,2,TELEMETRY_0x02,0,0,0,0,0,0,0x08018044
1777260066.857,1516830,4,6,GNSS,255,BROADCAST,0,HEARTBEAT,48,HEARTBEAT,0,0,0,0,0,0,0x1001BFC0
1777260067.862,1517827,4,6,GNSS,255,BROADCAST,0,HEARTBEAT,48,HEARTBEAT,0,0,0,0,0,0,0x1001BFC0
1777260068.849,1518824,4,6,GNSS,255,BROADCAST,0,HEARTBEAT,48,HEARTBEAT,0,0,0,0,0,0,0x1001BFC0
1777260069.837,1519821,4,6,GNSS,255,BROADCAST,0,HEARTBEAT,48,HEARTBEAT,0,0,0,0,0,0,0x1001BFC0
1777260070.854,1520818,4,6,GNSS,255,BROADCAST,0,HEARTBEAT,48,HEARTBEAT,0,0,0,0,0,0,0x1001BFC0
1777260070.854,1520819,4,6,GNSS,1,CDH,10,HEALTH,1,HEALTH_0x01,0,0,0,0,1,1,0x1001804A
1777260070.854,1520820,2,6,GNSS,1,CDH,4,TELEMETRY,2,TELEMETRY_0x02,0,0,0,0,0,0,0x08018044
1777260071.839,1521817,4,6,GNSS,255,BROADCAST,0,HEARTBEAT,48,HEARTBEAT,0,0,0,0,0,0,0x1001BFC0
1777260072.829,1522814,4,6,GNSS,255,BROADCAST,0,HEARTBEAT,48,HEARTBEAT,0,0,0,0,0,0,0x1001BFC0
1777260073.838,1523811,4,6,GNSS,255,BROADCAST,0,HEARTBEAT,48,HEARTBEAT,0,0,0,0,0,0,0x1001BFC0
1777260074.854,1524808,4,6,GNSS,255,BROADCAST,0,HEARTBEAT,48,HEARTBEAT,0,0,0,0,0,0,0x1001BFC0
1777260075.821,1525805,4,6,GNSS,255,BROADCAST,0,HEARTBEAT,48,HEARTBEAT,0,0,0,0,0,0,0x1001BFC0
1777260075.821,1525807,4,6,GNSS,1,CDH,10,HEALTH,1,HEALTH_0x01,0,0,0,0,1,1,0x1001804A
1777260075.822,1525808,2,6,GNSS,1,CDH,4,TELEMETRY,2,TELEMETRY_0x02,0,0,0,0,0,0,0x08018044
1777260076.814,1526804,4,6,GNSS,255,BROADCAST,0,HEARTBEAT,48,HEARTBEAT,0,0,0,0,0,0,0x1001BFC0
1777260077.824,1527801,4,6,GNSS,255,BROADCAST,0,HEARTBEAT,48,HEARTBEAT,0,0,0,0,0,0,0x1001BFC0
1777260078.837,1528798,4,6,GNSS,255,BROADCAST,0,HEARTBEAT,48,HEARTBEAT,0,0,0,0,0,0,0x1001BFC0
1777260079.814,1529796,4,6,GNSS,255,BROADCAST,0,HEARTBEAT,48,HEARTBEAT,0,0,0,0,0,0,0x1001BFC0
1777260080.826,1530793,4,6,GNSS,255,BROADCAST,0,HEARTBEAT,48,HEARTBEAT,0,0,0,0,0,0,0x1001BFC0
1777260080.826,1530794,4,6,GNSS,1,CDH,10,HEALTH,1,HEALTH_0x01,0,0,0,0,1,1,0x1001804A
1777260080.826,1530795,2,6,GNSS,1,CDH,4,TELEMETRY,2,TELEMETRY_0x02,0,0,0,0,0,0,0x08018044
1777260081.820,1531791,4,6,GNSS,255,BROADCAST,0,HEARTBEAT,48,HEARTBEAT,0,0,0,0,0,0,0x1001BFC0
1777260082.843,1532788,4,6,GNSS,255,BROADCAST,0,HEARTBEAT,48,HEARTBEAT,0,0,0,0,0,0,0x1001BFC0
1777260083.800,1533785,4,6,GNSS,255,BROADCAST,0,HEARTBEAT,48,HEARTBEAT,0,0,0,0,0,0,0x1001BFC0
1777260084.797,1534782,4,6,GNSS,255,BROADCAST,0,HEARTBEAT,48,HEARTBEAT,0,0,0,0,0,0,0x1001BFC0
1777260085.816,1535779,4,6,GNSS,255,BROADCAST,0,HEARTBEAT,48,HEARTBEAT,0,0,0,0,0,0,0x1001BFC0
1777260085.816,1535781,4,6,GNSS,1,CDH,10,HEALTH,1,HEALTH_0x01,0,0,0,0,1,1,0x1001804A
1777260085.816,1535782,2,6,GNSS,1,CDH,4,TELEMETRY,2,TELEMETRY_0x02,0,0,0,0,0,0,0x08018044
1777260086.792,1536778,4,6,GNSS,255,BROADCAST,0,HEARTBEAT,48,HEARTBEAT,0,0,0,0,0,0,0x1001BFC0
1777260087.797,1537775,4,6,GNSS,255,BROADCAST,0,HEARTBEAT,48,HEARTBEAT,0,0,0,0,0,0,0x1001BFC0
1777260088.786,1538772,4,6,GNSS,255,BROADCAST,0,HEARTBEAT,48,HEARTBEAT,0,0,0,0,0,0,0x1001BFC0
1777260089.800,1539769,4,6,GNSS,255,BROADCAST,0,HEARTBEAT,48,HEARTBEAT,0,0,0,0,0,0,0x1001BFC0
1777260090.797,1540766,4,6,GNSS,255,BROADCAST,0,HEARTBEAT,48,HEARTBEAT,0,0,0,0,0,0,0x1001BFC0
1777260090.797,1540767,4,6,GNSS,1,CDH,10,HEALTH,1,HEALTH_0x01,0,0,0,0,1,1,0x1001804A
1777260090.797,1540768,2,6,GNSS,1,CDH,4,TELEMETRY,2,TELEMETRY_0x02,0,0,0,0,0,0,0x08018044
1777260091.785,1541765,4,6,GNSS,255,BROADCAST,0,HEARTBEAT,48,HEARTBEAT,0,0,0,0,0,0,0x1001BFC0
1777260092.778,1542762,4,6,GNSS,255,BROADCAST,0,HEARTBEAT,48,HEARTBEAT,0,0,0,0,0,0,0x1001BFC0
1777260093.800,1543759,4,6,GNSS,255,BROADCAST,0,HEARTBEAT,48,HEARTBEAT,0,0,0,0,0,0,0x1001BFC0
1777260094.771,1544756,4,6,GNSS,255,BROADCAST,0,HEARTBEAT,48,HEARTBEAT,0,0,0,0,0,0,0x1001BFC0
1777260095.768,1545753,4,6,GNSS,255,BROADCAST,0,HEARTBEAT,48,HEARTBEAT,0,0,0,0,0,0,0x1001BFC0
1777260095.769,1545754,4,6,GNSS,1,CDH,10,HEALTH,1,HEALTH_0x01,0,0,0,0,1,1,0x1001804A
1777260095.770,1545756,2,6,GNSS,1,CDH,4,TELEMETRY,2,TELEMETRY_0x02,0,0,0,0,0,0,0x08018044
1777260096.769,1546752,4,6,GNSS,255,BROADCAST,0,HEARTBEAT,48,HEARTBEAT,0,0,0,0,0,0,0x1001BFC0
1777260097.784,1547749,4,6,GNSS,255,BROADCAST,0,HEARTBEAT,48,HEARTBEAT,0,0,0,0,0,0,0x1001BFC0
1777260098.761,1548746,4,6,GNSS,255,BROADCAST,0,HEARTBEAT,48,HEARTBEAT,0,0,0,0,0,0,0x1001BFC0
1777260099.757,1549743,4,6,GNSS,255,BROADCAST,0,HEARTBEAT,48,HEARTBEAT,0,0,0,0,0,0,0x1001BFC0
1777260100.785,1550740,4,6,GNSS,255,BROADCAST,0,HEARTBEAT,48,HEARTBEAT,0,0,0,0,0,0,0x1001BFC0
1777260100.786,1550741,4,6,GNSS,1,CDH,10,HEALTH,1,HEALTH_0x01,0,0,0,0,1,1,0x1001804A
1777260100.786,1550742,2,6,GNSS,1,CDH,4,TELEMETRY,2,TELEMETRY_0x02,0,0,0,0,0,0,0x08018044
1777260101.787,1551739,4,6,GNSS,255,BROADCAST,0,HEARTBEAT,48,HEARTBEAT,0,0,0,0,0,0,0x1001BFC0
1777260102.753,1552736,4,6,GNSS,255,BROADCAST,0,HEARTBEAT,48,HEARTBEAT,0,0,0,0,0,0,0x1001BFC0
1777260103.765,1553733,4,6,GNSS,255,BROADCAST,0,HEARTBEAT,48,HEARTBEAT,0,0,0,0,0,0,0x1001BFC0
1777260104.757,1554730,4,6,GNSS,255,BROADCAST,0,HEARTBEAT,48,HEARTBEAT,0,0,0,0,0,0,0x1001BFC0
1777260105.780,1555727,4,6,GNSS,255,BROADCAST,0,HEARTBEAT,48,HEARTBEAT,0,0,0,0,0,0,0x1001BFC0
1777260105.780,1555728,4,6,GNSS,1,CDH,10,HEALTH,1,HEALTH_0x01,0,0,0,0,1,1,0x1001804A
1777260105.780,1555729,2,6,GNSS,1,CDH,4,TELEMETRY,2,TELEMETRY_0x02,0,0,0,0,0,0,0x08018044
1777260106.740,1556726,4,6,GNSS,255,BROADCAST,0,HEARTBEAT,48,HEARTBEAT,0,0,0,0,0,0,0x1001BFC0
1777260107.738,1557723,4,6,GNSS,255,BROADCAST,0,HEARTBEAT,48,HEARTBEAT,0,0,0,0,0,0,0x1001BFC0
1777260108.746,1558720,4,6,GNSS,255,BROADCAST,0,HEARTBEAT,48,HEARTBEAT,0,0,0,0,0,0,0x1001BFC0
1777260109.732,1559717,4,6,GNSS,255,BROADCAST,0,HEARTBEAT,48,HEARTBEAT,0,0,0,0,0,0,0x1001BFC0
1777260110.730,1560714,4,6,GNSS,255,BROADCAST,0,HEARTBEAT,48,HEARTBEAT,0,0,0,0,0,0,0x1001BFC0
1777260110.733,1560715,4,6,GNSS,1,CDH,10,HEALTH,1,HEALTH_0x01,0,0,0,0,1,1,0x1001804A
1777260110.733,1560716,2,6,GNSS,1,CDH,4,TELEMETRY,2,TELEMETRY_0x02,0,0,0,0,0,0,0x08018044
1777260111.727,1561712,4,6,GNSS,255,BROADCAST,0,HEARTBEAT,48,HEARTBEAT,0,0,0,0,0,0,0x1001BFC0
1777260112.735,1562710,4,6,GNSS,255,BROADCAST,0,HEARTBEAT,48,HEARTBEAT,0,0,0,0,0,0,0x1001BFC0
1777260113.723,1563707,4,6,GNSS,255,BROADCAST,0,HEARTBEAT,48,HEARTBEAT,0,0,0,0,0,0,0x1001BFC0
1777260114.724,1564704,4,6,GNSS,255,BROADCAST,0,HEARTBEAT,48,HEARTBEAT,0,0,0,0,0,0,0x1001BFC0
1777260115.717,1565701,4,6,GNSS,255,BROADCAST,0,HEARTBEAT,48,HEARTBEAT,0,0,0,0,0,0,0x1001BFC0
1777260115.718,1565702,4,6,GNSS,1,CDH,10,HEALTH,1,HEALTH_0x01,0,0,0,0,1,1,0x1001804A
1777260115.719,1565703,2,6,GNSS,1,CDH,4,TELEMETRY,2,TELEMETRY_0x02,0,0,0,0,0,0,0x08018044
1777260116.736,1566700,4,6,GNSS,255,BROADCAST,0,HEARTBEAT,48,HEARTBEAT,0,0,0,0,0,0,0x1001BFC0
1777260117.722,1567697,4,6,GNSS,255,BROADCAST,0,HEARTBEAT,48,HEARTBEAT,0,0,0,0,0,0,0x1001BFC0
1777260118.710,1568694,4,6,GNSS,255,BROADCAST,0,HEARTBEAT,48,HEARTBEAT,0,0,0,0,0,0,0x1001BFC0
1777260119.707,1569691,4,6,GNSS,255,BROADCAST,0,HEARTBEAT,48,HEARTBEAT,0,0,0,0,0,0,0x1001BFC0
1777260120.739,1570688,4,6,GNSS,255,BROADCAST,0,HEARTBEAT,48,HEARTBEAT,0,0,0,0,0,0,0x1001BFC0
1777260120.739,1570689,4,6,GNSS,1,CDH,10,HEALTH,1,HEALTH_0x01,0,0,0,0,1,1,0x1001804A
1777260120.739,1570690,2,6,GNSS,1,CDH,4,TELEMETRY,2,TELEMETRY_0x02,0,0,0,0,0,0,0x08018044
1777260121.701,1571686,4,6,GNSS,255,BROADCAST,0,HEARTBEAT,48,HEARTBEAT,0,0,0,0,0,0,0x1001BFC0
1777260122.714,1572683,4,6,GNSS,255,BROADCAST,0,HEARTBEAT,48,HEARTBEAT,0,0,0,0,0,0,0x1001BFC0
1777260123.703,1573681,4,6,GNSS,255,BROADCAST,0,HEARTBEAT,48,HEARTBEAT,0,0,0,0,0,0,0x1001BFC0
1777260124.718,1574678,4,6,GNSS,255,BROADCAST,0,HEARTBEAT,48,HEARTBEAT,0,0,0,0,0,0,0x1001BFC0
1777260125.696,1575675,4,6,GNSS,255,BROADCAST,0,HEARTBEAT,48,HEARTBEAT,0,0,0,0,0,0,0x1001BFC0
1777260125.696,1575676,4,6,GNSS,1,CDH,10,HEALTH,1,HEALTH_0x01,0,0,0,0,1,1,0x1001804A
1777260125.696,1575677,2,6,GNSS,1,CDH,4,TELEMETRY,2,TELEMETRY_0x02,0,0,0,0,0,0,0x08018044
1777260126.690,1576673,4,6,GNSS,255,BROADCAST,0,HEARTBEAT,48,HEARTBEAT,0,0,0,0,0,0,0x1001BFC0
1777260127.697,1577671,4,6,GNSS,255,BROADCAST,0,HEARTBEAT,48,HEARTBEAT,0,0,0,0,0,0,0x1001BFC0
1777260128.719,1578668,4,6,GNSS,255,BROADCAST,0,HEARTBEAT,48,HEARTBEAT,0,0,0,0,0,0,0x1001BFC0
1777260129.705,1579665,4,6,GNSS,255,BROADCAST,0,HEARTBEAT,48,HEARTBEAT,0,0,0,0,0,0,0x1001BFC0
1777260130.677,1580662,4,6,GNSS,255,BROADCAST,0,HEARTBEAT,48,HEARTBEAT,0,0,0,0,0,0,0x1001BFC0
1777260130.680,1580665,4,6,GNSS,1,CDH,10,HEALTH,1,HEALTH_0x01,0,0,0,0,1,1,0x1001804A
1777260130.682,1580666,2,6,GNSS,1,CDH,4,TELEMETRY,2,TELEMETRY_0x02,0,0,0,0,0,0,0x08018044
1777260131.687,1581660,4,6,GNSS,255,BROADCAST,0,HEARTBEAT,48,HEARTBEAT,0,0,0,0,0,0,0x1001BFC0
1777260132.715,1582658,4,6,GNSS,255,BROADCAST,0,HEARTBEAT,48,HEARTBEAT,0,0,0,0,0,0,0x1001BFC0
1777260133.670,1583655,4,6,GNSS,255,BROADCAST,0,HEARTBEAT,48,HEARTBEAT,0,0,0,0,0,0,0x1001BFC0
1777260134.668,1584652,4,6,GNSS,255,BROADCAST,0,HEARTBEAT,48,HEARTBEAT,0,0,0,0,0,0,0x1001BFC0
1777260135.683,1585649,4,6,GNSS,255,BROADCAST,0,HEARTBEAT,48,HEARTBEAT,0,0,0,0,0,0,0x1001BFC0
1777260135.683,1585650,4,6,GNSS,1,CDH,10,HEALTH,1,HEALTH_0x01,0,0,0,0,1,1,0x1001804A
1777260135.683,1585651,2,6,GNSS,1,CDH,4,TELEMETRY,2,TELEMETRY_0x02,0,0,0,0,0,0,0x08018044
1777260136.662,1586647,4,6,GNSS,255,BROADCAST,0,HEARTBEAT,48,HEARTBEAT,0,0,0,0,0,0,0x1001BFC0
1777260137.659,1587644,4,6,GNSS,255,BROADCAST,0,HEARTBEAT,48,HEARTBEAT,0,0,0,0,0,0,0x1001BFC0
1777260138.656,1588641,4,6,GNSS,255,BROADCAST,0,HEARTBEAT,48,HEARTBEAT,0,0,0,0,0,0,0x1001BFC0
1777260139.699,1589638,4,6,GNSS,255,BROADCAST,0,HEARTBEAT,48,HEARTBEAT,0,0,0,0,0,0,0x1001BFC0
1777260140.656,1590636,4,6,GNSS,255,BROADCAST,0,HEARTBEAT,48,HEARTBEAT,0,0,0,0,0,0,0x1001BFC0
1777260140.656,1590637,4,6,GNSS,1,CDH,10,HEALTH,1,HEALTH_0x01,0,0,0,0,1,1,0x1001804A
1777260140.656,1590638,2,6,GNSS,1,CDH,4,TELEMETRY,2,TELEMETRY_0x02,0,0,0,0,0,0,0x08018044
1777260141.651,1591634,4,6,GNSS,255,BROADCAST,0,HEARTBEAT,48,HEARTBEAT,0,0,0,0,0,0,0x1001BFC0
1777260142.651,1592631,4,6,GNSS,255,BROADCAST,0,HEARTBEAT,48,HEARTBEAT,0,0,0,0,0,0,0x1001BFC0
1777260143.678,1593628,4,6,GNSS,255,BROADCAST,0,HEARTBEAT,48,HEARTBEAT,0,0,0,0,0,0,0x1001BFC0
1777260144.666,1594625,4,6,GNSS,255,BROADCAST,0,HEARTBEAT,48,HEARTBEAT,0,0,0,0,0,0,0x1001BFC0
1777260145.661,1595623,4,6,GNSS,255,BROADCAST,0,HEARTBEAT,48,HEARTBEAT,0,0,0,0,0,0,0x1001BFC0
1777260145.661,1595624,4,6,GNSS,1,CDH,10,HEALTH,1,HEALTH_0x01,0,0,0,0,1,1,0x1001804A
1777260145.661,1595625,2,6,GNSS,1,CDH,4,TELEMETRY,2,TELEMETRY_0x02,0,0,0,0,0,0,0x08018044
1777260146.652,1596621,4,6,GNSS,255,BROADCAST,0,HEARTBEAT,48,HEARTBEAT,0,0,0,0,0,0,0x1001BFC0
1777260147.668,1597618,4,6,GNSS,255,BROADCAST,0,HEARTBEAT,48,HEARTBEAT,0,0,0,0,0,0,0x1001BFC0
1777260148.636,1598615,4,6,GNSS,255,BROADCAST,0,HEARTBEAT,48,HEARTBEAT,0,0,0,0,0,0,0x1001BFC0
1777260149.628,1599612,4,6,GNSS,255,BROADCAST,0,HEARTBEAT,48,HEARTBEAT,0,0,0,0,0,0,0x1001BFC0
1777260150.634,1600609,4,6,GNSS,255,BROADCAST,0,HEARTBEAT,48,HEARTBEAT,0,0,0,0,0,0,0x1001BFC0
1777260150.634,1600610,4,6,GNSS,1,CDH,10,HEALTH,1,HEALTH_0x01,0,0,0,0,1,1,0x1001804A
1777260150.634,1600612,2,6,GNSS,1,CDH,4,TELEMETRY,2,TELEMETRY_0x02,0,0,0,0,0,0,0x08018044
1777260151.651,1601608,4,6,GNSS,255,BROADCAST,0,HEARTBEAT,48,HEARTBEAT,0,0,0,0,0,0,0x1001BFC0
1777260152.626,1602605,4,6,GNSS,255,BROADCAST,0,HEARTBEAT,48,HEARTBEAT,0,0,0,0,0,0,0x1001BFC0
1777260153.618,1603602,4,6,GNSS,255,BROADCAST,0,HEARTBEAT,48,HEARTBEAT,0,0,0,0,0,0,0x1001BFC0
1777260154.618,1604599,4,6,GNSS,255,BROADCAST,0,HEARTBEAT,48,HEARTBEAT,0,0,0,0,0,0,0x1001BFC0
1777260155.650,1605596,4,6,GNSS,255,BROADCAST,0,HEARTBEAT,48,HEARTBEAT,0,0,0,0,0,0,0x1001BFC0
1777260155.650,1605599,4,6,GNSS,1,CDH,10,HEALTH,1,HEALTH_0x01,0,0,0,0,1,1,0x1001804A
1777260155.650,1605600,2,6,GNSS,1,CDH,4,TELEMETRY,2,TELEMETRY_0x02,0,0,0,0,0,0,0x08018044
1777260156.611,1606595,4,6,GNSS,255,BROADCAST,0,HEARTBEAT,48,HEARTBEAT,0,0,0,0,0,0,0x1001BFC0
1777260157.608,1607592,4,6,GNSS,255,BROADCAST,0,HEARTBEAT,48,HEARTBEAT,0,0,0,0,0,0,0x1001BFC0
1777260158.618,1608589,4,6,GNSS,255,BROADCAST,0,HEARTBEAT,48,HEARTBEAT,0,0,0,0,0,0,0x1001BFC0
1777260159.602,1609586,4,6,GNSS,255,BROADCAST,0,HEARTBEAT,48,HEARTBEAT,0,0,0,0,0,0,0x1001BFC0
1777260160.601,1610584,4,6,GNSS,255,BROADCAST,0,HEARTBEAT,48,HEARTBEAT,0,0,0,0,0,0,0x1001BFC0
1777260160.601,1610585,4,6,GNSS,1,CDH,10,HEALTH,1,HEALTH_0x01,0,0,0,0,1,1,0x1001804A
1777260160.602,1610586,2,6,GNSS,1,CDH,4,TELEMETRY,2,TELEMETRY_0x02,0,0,0,0,0,0,0x08018044
1777260161.598,1611582,4,6,GNSS,255,BROADCAST,0,HEARTBEAT,48,HEARTBEAT,0,0,0,0,0,0,0x1001BFC0
1777260162.606,1612580,4,6,GNSS,255,BROADCAST,0,HEARTBEAT,48,HEARTBEAT,0,0,0,0,0,0,0x1001BFC0
1777260163.593,1613577,4,6,GNSS,255,BROADCAST,0,HEARTBEAT,48,HEARTBEAT,0,0,0,0,0,0,0x1001BFC0
1777260164.590,1614574,4,6,GNSS,255,BROADCAST,0,HEARTBEAT,48,HEARTBEAT,0,0,0,0,0,0,0x1001BFC0
1777260165.588,1615571,4,6,GNSS,255,BROADCAST,0,HEARTBEAT,48,HEARTBEAT,0,0,0,0,0,0,0x1001BFC0
1777260165.589,1615572,4,6,GNSS,1,CDH,10,HEALTH,1,HEALTH_0x01,0,0,0,0,1,1,0x1001804A
1777260165.591,1615574,2,6,GNSS,1,CDH,4,TELEMETRY,2,TELEMETRY_0x02,0,0,0,0,0,0,0x08018044
1777260166.603,1616570,4,6,GNSS,255,BROADCAST,0,HEARTBEAT,48,HEARTBEAT,0,0,0,0,0,0,0x1001BFC0
1777260167.604,1617567,4,6,GNSS,255,BROADCAST,0,HEARTBEAT,48,HEARTBEAT,0,0,0,0,0,0,0x1001BFC0
1777260168.580,1618564,4,6,GNSS,255,BROADCAST,0,HEARTBEAT,48,HEARTBEAT,0,0,0,0,0,0,0x1001BFC0
1777260169.577,1619561,4,6,GNSS,255,BROADCAST,0,HEARTBEAT,48,HEARTBEAT,0,0,0,0,0,0,0x1001BFC0
1777260170.604,1620559,4,6,GNSS,255,BROADCAST,0,HEARTBEAT,48,HEARTBEAT,0,0,0,0,0,0,0x1001BFC0
1777260170.604,1620560,4,6,GNSS,1,CDH,10,HEALTH,1,HEALTH_0x01,0,0,0,0,1,1,0x1001804A
1777260170.604,1620561,2,6,GNSS,1,CDH,4,TELEMETRY,2,TELEMETRY_0x02,0,0,0,0,0,0,0x08018044
1777260171.584,1621557,4,6,GNSS,255,BROADCAST,0,HEARTBEAT,48,HEARTBEAT,0,0,0,0,0,0,0x1001BFC0
1777260172.570,1622554,4,6,GNSS,255,BROADCAST,0,HEARTBEAT,48,HEARTBEAT,0,0,0,0,0,0,0x1001BFC0
1777260173.570,1623552,4,6,GNSS,255,BROADCAST,0,HEARTBEAT,48,HEARTBEAT,0,0,0,0,0,0,0x1001BFC0
1777260174.595,1624549,4,6,GNSS,255,BROADCAST,0,HEARTBEAT,48,HEARTBEAT,0,0,0,0,0,0,0x1001BFC0
1777260175.562,1625546,4,6,GNSS,255,BROADCAST,0,HEARTBEAT,48,HEARTBEAT,0,0,0,0,0,0,0x1001BFC0
1777260175.564,1625547,4,6,GNSS,1,CDH,10,HEALTH,1,HEALTH_0x01,0,0,0,0,1,1,0x1001804A
1777260175.564,1625549,2,6,GNSS,1,CDH,4,TELEMETRY,2,TELEMETRY_0x02,0,0,0,0,0,0,0x08018044
1777260176.560,1626545,4,6,GNSS,255,BROADCAST,0,HEARTBEAT,48,HEARTBEAT,0,0,0,0,0,0,0x1001BFC0
1777260177.566,1627542,4,6,GNSS,255,BROADCAST,0,HEARTBEAT,48,HEARTBEAT,0,0,0,0,0,0,0x1001BFC0
1777260178.585,1628539,4,6,GNSS,255,BROADCAST,0,HEARTBEAT,48,HEARTBEAT,0,0,0,0,0,0,0x1001BFC0
1777260179.553,1629536,4,6,GNSS,255,BROADCAST,0,HEARTBEAT,48,HEARTBEAT,0,0,0,0,0,0,0x1001BFC0
1777260180.550,1630534,4,6,GNSS,255,BROADCAST,0,HEARTBEAT,48,HEARTBEAT,0,0,0,0,0,0,0x1001BFC0
1777260180.551,1630535,4,6,GNSS,1,CDH,10,HEALTH,1,HEALTH_0x01,0,0,0,0,1,1,0x1001804A
1777260180.552,1630536,2,6,GNSS,1,CDH,4,TELEMETRY,2,TELEMETRY_0x02,0,0,0,0,0,0,0x08018044
1777260181.559,1631532,4,6,GNSS,255,BROADCAST,0,HEARTBEAT,48,HEARTBEAT,0,0,0,0,0,0,0x1001BFC0
1777260182.584,1632529,4,6,GNSS,255,BROADCAST,0,HEARTBEAT,48,HEARTBEAT,0,0,0,0,0,0,0x1001BFC0
1777260183.545,1633527,4,6,GNSS,255,BROADCAST,0,HEARTBEAT,48,HEARTBEAT,0,0,0,0,0,0,0x1001BFC0
1777260184.540,1634524,4,6,GNSS,255,BROADCAST,0,HEARTBEAT,48,HEARTBEAT,0,0,0,0,0,0,0x1001BFC0
1777260185.548,1635521,4,6,GNSS,255,BROADCAST,0,HEARTBEAT,48,HEARTBEAT,0,0,0,0,0,0,0x1001BFC0
1777260185.548,1635522,4,6,GNSS,1,CDH,10,HEALTH,1,HEALTH_0x01,0,0,0,0,1,1,0x1001804A
1777260185.548,1635523,2,6,GNSS,1,CDH,4,TELEMETRY,2,TELEMETRY_0x02,0,0,0,0,0,0,0x08018044
1777260186.536,1636520,4,6,GNSS,255,BROADCAST,0,HEARTBEAT,48,HEARTBEAT,0,0,0,0,0,0,0x1001BFC0
1777260187.532,1637517,4,6,GNSS,255,BROADCAST,0,HEARTBEAT,48,HEARTBEAT,0,0,0,0,0,0,0x1001BFC0
1777260188.530,1638514,4,6,GNSS,255,BROADCAST,0,HEARTBEAT,48,HEARTBEAT,0,0,0,0,0,0,0x1001BFC0
1777260189.548,1639511,4,6,GNSS,255,BROADCAST,0,HEARTBEAT,48,HEARTBEAT,0,0,0,0,0,0,0x1001BFC0
1777260190.525,1640508,4,6,GNSS,255,BROADCAST,0,HEARTBEAT,48,HEARTBEAT,0,0,0,0,0,0,0x1001BFC0
1777260190.526,1640509,4,6,GNSS,1,CDH,10,HEALTH,1,HEALTH_0x01,0,0,0,0,1,1,0x1001804A
1777260190.527,1640511,2,6,GNSS,1,CDH,4,TELEMETRY,2,TELEMETRY_0x02,0,0,0,0,0,0,0x08018044
1777260191.525,1641507,4,6,GNSS,255,BROADCAST,0,HEARTBEAT,48,HEARTBEAT,0,0,0,0,0,0,0x1001BFC0
1777260192.521,1642504,4,6,GNSS,255,BROADCAST,0,HEARTBEAT,48,HEARTBEAT,0,0,0,0,0,0,0x1001BFC0
1777260193.536,1643501,4,6,GNSS,255,BROADCAST,0,HEARTBEAT,48,HEARTBEAT,0,0,0,0,0,0,0x1001BFC0
1777260194.515,1644499,4,6,GNSS,255,BROADCAST,0,HEARTBEAT,48,HEARTBEAT,0,0,0,0,0,0,0x1001BFC0
1777260195.512,1645496,4,6,GNSS,255,BROADCAST,0,HEARTBEAT,48,HEARTBEAT,0,0,0,0,0,0,0x1001BFC0
1777260195.515,1645497,4,6,GNSS,1,CDH,10,HEALTH,1,HEALTH_0x01,0,0,0,0,1,1,0x1001804A
1777260195.515,1645498,2,6,GNSS,1,CDH,4,TELEMETRY,2,TELEMETRY_0x02,0,0,0,0,0,0,0x08018044
1777260196.511,1646494,4,6,GNSS,255,BROADCAST,0,HEARTBEAT,48,HEARTBEAT,0,0,0,0,0,0,0x1001BFC0
1777260197.534,1647491,4,6,GNSS,255,BROADCAST,0,HEARTBEAT,48,HEARTBEAT,0,0,0,0,0,0,0x1001BFC0
1777260198.507,1648489,4,6,GNSS,255,BROADCAST,0,HEARTBEAT,48,HEARTBEAT,0,0,0,0,0,0,0x1001BFC0
1777260199.502,1649486,4,6,GNSS,255,BROADCAST,0,HEARTBEAT,48,HEARTBEAT,0,0,0,0,0,0,0x1001BFC0
1777260200.506,1650483,4,6,GNSS,255,BROADCAST,0,HEARTBEAT,48,HEARTBEAT,0,0,0,0,0,0,0x1001BFC0
1777260200.506,1650484,4,6,GNSS,1,CDH,10,HEALTH,1,HEALTH_0x01,0,0,0,0,1,1,0x1001804A
1777260200.506,1650485,2,6,GNSS,1,CDH,4,TELEMETRY,2,TELEMETRY_0x02,0,0,0,0,0,0,0x08018044
1777260201.523,1651481,4,6,GNSS,255,BROADCAST,0,HEARTBEAT,48,HEARTBEAT,0,0,0,0,0,0,0x1001BFC0
1777260202.495,1652479,4,6,GNSS,255,BROADCAST,0,HEARTBEAT,48,HEARTBEAT,0,0,0,0,0,0,0x1001BFC0
1777260203.494,1653476,4,6,GNSS,255,BROADCAST,0,HEARTBEAT,48,HEARTBEAT,0,0,0,0,0,0,0x1001BFC0
1777260204.490,1654473,4,6,GNSS,255,BROADCAST,0,HEARTBEAT,48,HEARTBEAT,0,0,0,0,0,0,0x1001BFC0
1777260205.522,1655470,4,6,GNSS,255,BROADCAST,0,HEARTBEAT,48,HEARTBEAT,0,0,0,0,0,0,0x1001BFC0
1777260205.522,1655471,4,6,GNSS,1,CDH,10,HEALTH,1,HEALTH_0x01,0,0,0,0,1,1,0x1001804A
1777260205.522,1655472,2,6,GNSS,1,CDH,4,TELEMETRY,2,TELEMETRY_0x02,0,0,0,0,0,0,0x08018044
1777260206.485,1656468,4,6,GNSS,255,BROADCAST,0,HEARTBEAT,48,HEARTBEAT,0,0,0,0,0,0,0x1001BFC0
1777260207.482,1657466,4,6,GNSS,255,BROADCAST,0,HEARTBEAT,48,HEARTBEAT,0,0,0,0,0,0,0x1001BFC0
1777260208.489,1658463,4,6,GNSS,255,BROADCAST,0,HEARTBEAT,48,HEARTBEAT,0,0,0,0,0,0,0x1001BFC0
1777260209.514,1659460,4,6,GNSS,255,BROADCAST,0,HEARTBEAT,48,HEARTBEAT,0,0,0,0,0,0,0x1001BFC0
1777260210.484,1660457,4,6,GNSS,255,BROADCAST,0,HEARTBEAT,48,HEARTBEAT,0,0,0,0,0,0,0x1001BFC0
1777260210.484,1660458,4,6,GNSS,1,CDH,10,HEALTH,1,HEALTH_0x01,0,0,0,0,1,1,0x1001804A
1777260210.484,1660460,2,6,GNSS,1,CDH,4,TELEMETRY,2,TELEMETRY_0x02,0,0,0,0,0,0,0x08018044
1777260211.475,1661456,4,6,GNSS,255,BROADCAST,0,HEARTBEAT,48,HEARTBEAT,0,0,0,0,0,0,0x1001BFC0
1777260212.494,1662453,4,6,GNSS,255,BROADCAST,0,HEARTBEAT,48,HEARTBEAT,0,0,0,0,0,0,0x1001BFC0
1777260213.467,1663450,4,6,GNSS,255,BROADCAST,0,HEARTBEAT,48,HEARTBEAT,0,0,0,0,0,0,0x1001BFC0
1777260214.464,1664447,4,6,GNSS,255,BROADCAST,0,HEARTBEAT,48,HEARTBEAT,0,0,0,0,0,0,0x1001BFC0
1777260215.461,1665444,4,6,GNSS,255,BROADCAST,0,HEARTBEAT,48,HEARTBEAT,0,0,0,0,0,0,0x1001BFC0
1777260215.462,1665445,4,6,GNSS,1,CDH,10,HEALTH,1,HEALTH_0x01,0,0,0,0,1,1,0x1001804A
1777260215.463,1665447,2,6,GNSS,1,CDH,4,TELEMETRY,2,TELEMETRY_0x02,0,0,0,0,0,0,0x08018044
1777260216.474,1666443,4,6,GNSS,255,BROADCAST,0,HEARTBEAT,48,HEARTBEAT,0,0,0,0,0,0,0x1001BFC0
1777260217.457,1667440,4,6,GNSS,255,BROADCAST,0,HEARTBEAT,48,HEARTBEAT,0,0,0,0,0,0,0x1001BFC0
1777260218.454,1668437,4,6,GNSS,255,BROADCAST,0,HEARTBEAT,48,HEARTBEAT,0,0,0,0,0,0,0x1001BFC0
1777260219.451,1669434,4,6,GNSS,255,BROADCAST,0,HEARTBEAT,48,HEARTBEAT,0,0,0,0,0,0,0x1001BFC0
1777260220.469,1670432,4,6,GNSS,255,BROADCAST,0,HEARTBEAT,48,HEARTBEAT,0,0,0,0,0,0,0x1001BFC0
1777260220.469,1670433,4,6,GNSS,1,CDH,10,HEALTH,1,HEALTH_0x01,0,0,0,0,1,1,0x1001804A
1777260220.469,1670434,2,6,GNSS,1,CDH,4,TELEMETRY,2,TELEMETRY_0x02,0,0,0,0,0,0,0x08018044
1777260221.447,1671430,4,6,GNSS,255,BROADCAST,0,HEARTBEAT,48,HEARTBEAT,0,0,0,0,0,0,0x1001BFC0
1777260222.444,1672427,4,6,GNSS,255,BROADCAST,0,HEARTBEAT,48,HEARTBEAT,0,0,0,0,0,0,0x1001BFC0
1777260223.441,1673425,4,6,GNSS,255,BROADCAST,0,HEARTBEAT,48,HEARTBEAT,0,0,0,0,0,0,0x1001BFC0
1777260224.467,1674422,4,6,GNSS,255,BROADCAST,0,HEARTBEAT,48,HEARTBEAT,0,0,0,0,0,0,0x1001BFC0
1777260225.442,1675419,4,6,GNSS,255,BROADCAST,0,HEARTBEAT,48,HEARTBEAT,0,0,0,0,0,0,0x1001BFC0
1777260225.442,1675420,4,6,GNSS,1,CDH,10,HEALTH,1,HEALTH_0x01,0,0,0,0,1,1,0x1001804A
1777260225.442,1675421,2,6,GNSS,1,CDH,4,TELEMETRY,2,TELEMETRY_0x02,0,0,0,0,0,0,0x08018044
1777260226.441,1676418,4,6,GNSS,255,BROADCAST,0,HEARTBEAT,48,HEARTBEAT,0,0,0,0,0,0,0x1001BFC0
1777260227.435,1677415,4,6,GNSS,255,BROADCAST,0,HEARTBEAT,48,HEARTBEAT,0,0,0,0,0,0,0x1001BFC0
1777260228.457,1678412,4,6,GNSS,255,BROADCAST,0,HEARTBEAT,48,HEARTBEAT,0,0,0,0,0,0,0x1001BFC0
1777260229.426,1679409,4,6,GNSS,255,BROADCAST,0,HEARTBEAT,48,HEARTBEAT,0,0,0,0,0,0,0x1001BFC0
1777260230.424,1680407,4,6,GNSS,255,BROADCAST,0,HEARTBEAT,48,HEARTBEAT,0,0,0,0,0,0,0x1001BFC0
1777260230.425,1680408,4,6,GNSS,1,CDH,10,HEALTH,1,HEALTH_0x01,0,0,0,0,1,1,0x1001804A
1777260230.427,1680409,2,6,GNSS,1,CDH,4,TELEMETRY,2,TELEMETRY_0x02,0,0,0,0,0,0,0x08018044
1777260231.422,1681405,4,6,GNSS,255,BROADCAST,0,HEARTBEAT,48,HEARTBEAT,0,0,0,0,0,0,0x1001BFC0
1777260232.453,1682402,4,6,GNSS,255,BROADCAST,0,HEARTBEAT,48,HEARTBEAT,0,0,0,0,0,0,0x1001BFC0
1777260233.417,1683399,4,6,GNSS,255,BROADCAST,0,HEARTBEAT,48,HEARTBEAT,0,0,0,0,0,0,0x1001BFC0
1777260234.414,1684397,4,6,GNSS,255,BROADCAST,0,HEARTBEAT,48,HEARTBEAT,0,0,0,0,0,0,0x1001BFC0
1777260235.437,1685394,4,6,GNSS,255,BROADCAST,0,HEARTBEAT,48,HEARTBEAT,0,0,0,0,0,0,0x1001BFC0
1777260235.437,1685395,4,6,GNSS,1,CDH,10,HEALTH,1,HEALTH_0x01,0,0,0,0,1,1,0x1001804A
1777260235.445,1685396,2,6,GNSS,1,CDH,4,TELEMETRY,2,TELEMETRY_0x02,0,0,0,0,0,0,0x08018044
1777260236.446,1686392,4,6,GNSS,255,BROADCAST,0,HEARTBEAT,48,HEARTBEAT,0,0,0,0,0,0,0x1001BFC0
1777260237.413,1687390,4,6,GNSS,255,BROADCAST,0,HEARTBEAT,48,HEARTBEAT,0,0,0,0,0,0,0x1001BFC0
1777260238.408,1688387,4,6,GNSS,255,BROADCAST,0,HEARTBEAT,48,HEARTBEAT,0,0,0,0,0,0,0x1001BFC0
1777260239.437,1689384,4,6,GNSS,255,BROADCAST,0,HEARTBEAT,48,HEARTBEAT,0,0,0,0,0,0,0x1001BFC0
1777260240.399,1690381,4,6,GNSS,255,BROADCAST,0,HEARTBEAT,48,HEARTBEAT,0,0,0,0,0,0,0x1001BFC0
1777260240.400,1690382,4,6,GNSS,1,CDH,10,HEALTH,1,HEALTH_0x01,0,0,0,0,1,1,0x1001804A
1777260240.443,1690384,2,6,GNSS,1,CDH,4,TELEMETRY,2,TELEMETRY_0x02,0,0,0,0,0,0,0x08018044
1777260241.411,1691380,4,6,GNSS,255,BROADCAST,0,HEARTBEAT,48,HEARTBEAT,0,0,0,0,0,0,0x1001BFC0
1777260242.414,1692377,4,6,GNSS,255,BROADCAST,0,HEARTBEAT,48,HEARTBEAT,0,0,0,0,0,0,0x1001BFC0
1777260243.416,1693374,4,6,GNSS,255,BROADCAST,0,HEARTBEAT,48,HEARTBEAT,0,0,0,0,0,0,0x1001BFC0
1777260244.393,1694372,4,6,GNSS,255,BROADCAST,0,HEARTBEAT,48,HEARTBEAT,0,0,0,0,0,0,0x1001BFC0
1777260245.387,1695369,4,6,GNSS,255,BROADCAST,0,HEARTBEAT,48,HEARTBEAT,0,0,0,0,0,0,0x1001BFC0
1777260245.387,1695370,4,6,GNSS,1,CDH,10,HEALTH,1,HEALTH_0x01,0,0,0,0,1,1,0x1001804A
1777260245.388,1695371,2,6,GNSS,1,CDH,4,TELEMETRY,2,TELEMETRY_0x02,0,0,0,0,0,0,0x08018044
1777260246.385,1696368,4,6,GNSS,255,BROADCAST,0,HEARTBEAT,48,HEARTBEAT,0,0,0,0,0,0,0x1001BFC0
1777260247.410,1697365,4,6,GNSS,255,BROADCAST,0,HEARTBEAT,48,HEARTBEAT,0,0,0,0,0,0,0x1001BFC0
1777260248.387,1698362,4,6,GNSS,255,BROADCAST,0,HEARTBEAT,48,HEARTBEAT,0,0,0,0,0,0,0x1001BFC0
1777260249.379,1699360,4,6,GNSS,255,BROADCAST,0,HEARTBEAT,48,HEARTBEAT,0,0,0,0,0,0,0x1001BFC0
1777260250.376,1700357,4,6,GNSS,255,BROADCAST,0,HEARTBEAT,48,HEARTBEAT,0,0,0,0,0,0,0x1001BFC0
1777260250.376,1700358,4,6,GNSS,1,CDH,10,HEALTH,1,HEALTH_0x01,0,0,0,0,1,1,0x1001804A
1777260250.377,1700359,2,6,GNSS,1,CDH,4,TELEMETRY,2,TELEMETRY_0x02,0,0,0,0,0,0,0x08018044
1777260251.399,1701355,4,6,GNSS,255,BROADCAST,0,HEARTBEAT,48,HEARTBEAT,0,0,0,0,0,0,0x1001BFC0
1777260252.372,1702352,4,6,GNSS,255,BROADCAST,0,HEARTBEAT,48,HEARTBEAT,0,0,0,0,0,0,0x1001BFC0
1777260253.368,1703350,4,6,GNSS,255,BROADCAST,0,HEARTBEAT,48,HEARTBEAT,0,0,0,0,0,0,0x1001BFC0
1777260254.372,1704347,4,6,GNSS,255,BROADCAST,0,HEARTBEAT,48,HEARTBEAT,0,0,0,0,0,0,0x1001BFC0
1777260255.392,1705344,4,6,GNSS,255,BROADCAST,0,HEARTBEAT,48,HEARTBEAT,0,0,0,0,0,0,0x1001BFC0
1777260255.392,1705345,4,6,GNSS,1,CDH,10,HEALTH,1,HEALTH_0x01,0,0,0,0,1,1,0x1001804A
1777260255.392,1705347,2,6,GNSS,1,CDH,4,TELEMETRY,2,TELEMETRY_0x02,0,0,0,0,0,0,0x08018044
1777260256.360,1706343,4,6,GNSS,255,BROADCAST,0,HEARTBEAT,48,HEARTBEAT,0,0,0,0,0,0,0x1001BFC0
1777260257.357,1707340,4,6,GNSS,255,BROADCAST,0,HEARTBEAT,48,HEARTBEAT,0,0,0,0,0,0,0x1001BFC0
1777260258.374,1708337,4,6,GNSS,255,BROADCAST,0,HEARTBEAT,48,HEARTBEAT,0,0,0,0,0,0,0x1001BFC0
1777260259.377,1709335,4,6,GNSS,255,BROADCAST,0,HEARTBEAT,48,HEARTBEAT,0,0,0,0,0,0,0x1001BFC0
1777260260.350,1710332,4,6,GNSS,255,BROADCAST,0,HEARTBEAT,48,HEARTBEAT,0,0,0,0,0,0,0x1001BFC0
1777260260.350,1710333,4,6,GNSS,1,CDH,10,HEALTH,1,HEALTH_0x01,0,0,0,0,1,1,0x1001804A
1777260260.351,1710334,2,6,GNSS,1,CDH,4,TELEMETRY,2,TELEMETRY_0x02,0,0,0,0,0,0,0x08018044
1777260261.352,1711330,4,6,GNSS,255,BROADCAST,0,HEARTBEAT,48,HEARTBEAT,0,0,0,0,0,0,0x1001BFC0
1777260262.353,1712327,4,6,GNSS,255,BROADCAST,0,HEARTBEAT,48,HEARTBEAT,0,0,0,0,0,0,0x1001BFC0
1777260263.365,1713325,4,6,GNSS,255,BROADCAST,0,HEARTBEAT,48,HEARTBEAT,0,0,0,0,0,0,0x1001BFC0
1777260264.339,1714322,4,6,GNSS,255,BROADCAST,0,HEARTBEAT,48,HEARTBEAT,0,0,0,0,0,0,0x1001BFC0
1777260265.339,1715320,4,6,GNSS,255,BROADCAST,0,HEARTBEAT,48,HEARTBEAT,0,0,0,0,0,0,0x1001BFC0
1777260265.339,1715321,4,6,GNSS,1,CDH,10,HEALTH,1,HEALTH_0x01,0,0,0,0,1,1,0x1001804A
1777260265.339,1715322,2,6,GNSS,1,CDH,4,TELEMETRY,2,TELEMETRY_0x02,0,0,0,0,0,0,0x08018044
1777260266.346,1716318,4,6,GNSS,255,BROADCAST,0,HEARTBEAT,48,HEARTBEAT,0,0,0,0,0,0,0x1001BFC0
1777260267.375,1717315,4,6,GNSS,255,BROADCAST,0,HEARTBEAT,48,HEARTBEAT,0,0,0,0,0,0,0x1001BFC0
1777260268.329,1718313,4,6,GNSS,255,BROADCAST,0,HEARTBEAT,48,HEARTBEAT,0,0,0,0,0,0,0x1001BFC0
1777260269.330,1719310,4,6,GNSS,255,BROADCAST,0,HEARTBEAT,48,HEARTBEAT,0,0,0,0,0,0,0x1001BFC0
1777260270.343,1720307,4,6,GNSS,255,BROADCAST,0,HEARTBEAT,48,HEARTBEAT,0,0,0,0,0,0,0x1001BFC0
1777260270.343,1720308,4,6,GNSS,1,CDH,10,HEALTH,1,HEALTH_0x01,0,0,0,0,1,1,0x1001804A
1777260270.343,1720310,2,6,GNSS,1,CDH,4,TELEMETRY,2,TELEMETRY_0x02,0,0,0,0,0,0,0x08018044
1777260271.323,1721306,4,6,GNSS,255,BROADCAST,0,HEARTBEAT,48,HEARTBEAT,0,0,0,0,0,0,0x1001BFC0
1777260272.321,1722303,4,6,GNSS,255,BROADCAST,0,HEARTBEAT,48,HEARTBEAT,0,0,0,0,0,0,0x1001BFC0
1777260273.318,1723300,4,6,GNSS,255,BROADCAST,0,HEARTBEAT,48,HEARTBEAT,0,0,0,0,0,0,0x1001BFC0
1777260274.338,1724297,4,6,GNSS,255,BROADCAST,0,HEARTBEAT,48,HEARTBEAT,0,0,0,0,0,0,0x1001BFC0
1777260275.318,1725295,4,6,GNSS,255,BROADCAST,0,HEARTBEAT,48,HEARTBEAT,0,0,0,0,0,0,0x1001BFC0
1777260275.318,1725296,4,6,GNSS,1,CDH,10,HEALTH,1,HEALTH_0x01,0,0,0,0,1,1,0x1001804A
1777260275.318,1725297,2,6,GNSS,1,CDH,4,TELEMETRY,2,TELEMETRY_0x02,0,0,0,0,0,0,0x08018044
1777260276.310,1726293,4,6,GNSS,255,BROADCAST,0,HEARTBEAT,48,HEARTBEAT,0,0,0,0,0,0,0x1001BFC0
1777260277.308,1727290,4,6,GNSS,255,BROADCAST,0,HEARTBEAT,48,HEARTBEAT,0,0,0,0,0,0,0x1001BFC0
1777260278.331,1728288,4,6,GNSS,255,BROADCAST,0,HEARTBEAT,48,HEARTBEAT,0,0,0,0,0,0,0x1001BFC0
1777260279.303,1729285,4,6,GNSS,255,BROADCAST,0,HEARTBEAT,48,HEARTBEAT,0,0,0,0,0,0,0x1001BFC0
1777260280.307,1730282,4,6,GNSS,255,BROADCAST,0,HEARTBEAT,48,HEARTBEAT,0,0,0,0,0,0,0x1001BFC0
1777260280.307,1730283,4,6,GNSS,1,CDH,10,HEALTH,1,HEALTH_0x01,0,0,0,0,1,1,0x1001804A
1777260280.307,1730284,2,6,GNSS,1,CDH,4,TELEMETRY,2,TELEMETRY_0x02,0,0,0,0,0,0,0x08018044
1777260281.299,1731281,4,6,GNSS,255,BROADCAST,0,HEARTBEAT,48,HEARTBEAT,0,0,0,0,0,0,0x1001BFC0
1777260282.324,1732278,4,6,GNSS,255,BROADCAST,0,HEARTBEAT,48,HEARTBEAT,0,0,0,0,0,0,0x1001BFC0
1777260283.293,1733275,4,6,GNSS,255,BROADCAST,0,HEARTBEAT,48,HEARTBEAT,0,0,0,0,0,0,0x1001BFC0
1777260284.290,1734273,4,6,GNSS,255,BROADCAST,0,HEARTBEAT,48,HEARTBEAT,0,0,0,0,0,0,0x1001BFC0
1777260285.305,1735270,4,6,GNSS,255,BROADCAST,0,HEARTBEAT,48,HEARTBEAT,0,0,0,0,0,0,0x1001BFC0
1777260285.305,1735271,4,6,GNSS,1,CDH,10,HEALTH,1,HEALTH_0x01,0,0,0,0,1,1,0x1001804A
1777260285.305,1735272,2,6,GNSS,1,CDH,4,TELEMETRY,2,TELEMETRY_0x02,0,0,0,0,0,0,0x08018044
1777260286.320,1736268,4,6,GNSS,255,BROADCAST,0,HEARTBEAT,48,HEARTBEAT,0,0,0,0,0,0,0x1001BFC0
1777260287.285,1737266,4,6,GNSS,255,BROADCAST,0,HEARTBEAT,48,HEARTBEAT,0,0,0,0,0,0,0x1001BFC0
1777260288.282,1738263,4,6,GNSS,255,BROADCAST,0,HEARTBEAT,48,HEARTBEAT,0,0,0,0,0,0,0x1001BFC0
1777260289.279,1739260,4,6,GNSS,255,BROADCAST,0,HEARTBEAT,48,HEARTBEAT,0,0,0,0,0,0,0x1001BFC0
1777260290.312,1740258,4,6,GNSS,255,BROADCAST,0,HEARTBEAT,48,HEARTBEAT,0,0,0,0,0,0,0x1001BFC0
1777260290.312,1740259,4,6,GNSS,1,CDH,10,HEALTH,1,HEALTH_0x01,0,0,0,0,1,1,0x1001804A
1777260290.312,1740260,2,6,GNSS,1,CDH,4,TELEMETRY,2,TELEMETRY_0x02,0,0,0,0,0,0,0x08018044
1777260291.276,1741256,4,6,GNSS,255,BROADCAST,0,HEARTBEAT,48,HEARTBEAT,0,0,0,0,0,0,0x1001BFC0
1777260292.272,1742254,4,6,GNSS,255,BROADCAST,0,HEARTBEAT,48,HEARTBEAT,0,0,0,0,0,0,0x1001BFC0
1777260293.283,1743251,4,6,GNSS,255,BROADCAST,0,HEARTBEAT,48,HEARTBEAT,0,0,0,0,0,0,0x1001BFC0
1777260294.306,1744248,4,6,GNSS,255,BROADCAST,0,HEARTBEAT,48,HEARTBEAT,0,0,0,0,0,0,0x1001BFC0
1777260295.264,1745246,4,6,GNSS,255,BROADCAST,0,HEARTBEAT,48,HEARTBEAT,0,0,0,0,0,0,0x1001BFC0
1777260295.264,1745247,4,6,GNSS,1,CDH,10,HEALTH,1,HEALTH_0x01,0,0,0,0,1,1,0x1001804A
1777260295.267,1745249,2,6,GNSS,1,CDH,4,TELEMETRY,2,TELEMETRY_0x02,0,0,0,0,0,0,0x08018044
1777260296.262,1746244,4,6,GNSS,255,BROADCAST,0,HEARTBEAT,48,HEARTBEAT,0,0,0,0,0,0,0x1001BFC0
1777260297.276,1747242,4,6,GNSS,255,BROADCAST,0,HEARTBEAT,48,HEARTBEAT,0,0,0,0,0,0,0x1001BFC0
1777260298.257,1748239,4,6,GNSS,255,BROADCAST,0,HEARTBEAT,48,HEARTBEAT,0,0,0,0,0,0,0x1001BFC0
1777260299.255,1749237,4,6,GNSS,255,BROADCAST,0,HEARTBEAT,48,HEARTBEAT,0,0,0,0,0,0,0x1001BFC0
1777260300.251,1750234,4,6,GNSS,255,BROADCAST,0,HEARTBEAT,48,HEARTBEAT,0,0,0,0,0,0,0x1001BFC0
1777260300.253,1750235,4,6,GNSS,1,CDH,10,HEALTH,1,HEALTH_0x01,0,0,0,0,1,1,0x1001804A
1777260300.254,1750236,2,6,GNSS,1,CDH,4,TELEMETRY,2,TELEMETRY_0x02,0,0,0,0,0,0,0x08018044
1777260301.270,1751232,4,6,GNSS,255,BROADCAST,0,HEARTBEAT,48,HEARTBEAT,0,0,0,0,0,0,0x1001BFC0
1777260302.247,1752230,4,6,GNSS,255,BROADCAST,0,HEARTBEAT,48,HEARTBEAT,0,0,0,0,0,0,0x1001BFC0
1777260303.255,1753227,4,6,GNSS,255,BROADCAST,0,HEARTBEAT,48,HEARTBEAT,0,0,0,0,0,0,0x1001BFC0
1777260304.242,1754224,4,6,GNSS,255,BROADCAST,0,HEARTBEAT,48,HEARTBEAT,0,0,0,0,0,0,0x1001BFC0
1777260305.262,1755222,4,6,GNSS,255,BROADCAST,0,HEARTBEAT,48,HEARTBEAT,0,0,0,0,0,0,0x1001BFC0
1777260305.262,1755223,4,6,GNSS,1,CDH,10,HEALTH,1,HEALTH_0x01,0,0,0,0,1,1,0x1001804A
1777260305.262,1755224,2,6,GNSS,1,CDH,4,TELEMETRY,2,TELEMETRY_0x02,0,0,0,0,0,0,0x08018044
1777260306.238,1756220,4,6,GNSS,255,BROADCAST,0,HEARTBEAT,48,HEARTBEAT,0,0,0,0,0,0,0x1001BFC0
1777260307.238,1757217,4,6,GNSS,255,BROADCAST,0,HEARTBEAT,48,HEARTBEAT,0,0,0,0,0,0,0x1001BFC0
1777260308.232,1758215,4,6,GNSS,255,BROADCAST,0,HEARTBEAT,48,HEARTBEAT,0,0,0,0,0,0,0x1001BFC0
1777260309.246,1759212,4,6,GNSS,255,BROADCAST,0,HEARTBEAT,48,HEARTBEAT,0,0,0,0,0,0,0x1001BFC0
1777260310.228,1760210,4,6,GNSS,255,BROADCAST,0,HEARTBEAT,48,HEARTBEAT,0,0,0,0,0,0,0x1001BFC0
1777260310.229,1760211,4,6,GNSS,1,CDH,10,HEALTH,1,HEALTH_0x01,0,0,0,0,1,1,0x1001804A
1777260310.230,1760212,2,6,GNSS,1,CDH,4,TELEMETRY,2,TELEMETRY_0x02,0,0,0,0,0,0,0x08018044
1777260311.226,1761208,4,6,GNSS,255,BROADCAST,0,HEARTBEAT,48,HEARTBEAT,0,0,0,0,0,0,0x1001BFC0
1777260312.227,1762206,4,6,GNSS,255,BROADCAST,0,HEARTBEAT,48,HEARTBEAT,0,0,0,0,0,0,0x1001BFC0
1777260313.258,1763203,4,6,GNSS,255,BROADCAST,0,HEARTBEAT,48,HEARTBEAT,0,0,0,0,0,0,0x1001BFC0
1777260314.218,1764200,4,6,GNSS,255,BROADCAST,0,HEARTBEAT,48,HEARTBEAT,0,0,0,0,0,0,0x1001BFC0
1777260315.216,1765198,4,6,GNSS,255,BROADCAST,0,HEARTBEAT,48,HEARTBEAT,0,0,0,0,0,0,0x1001BFC0
1777260315.220,1765199,4,6,GNSS,1,CDH,10,HEALTH,1,HEALTH_0x01,0,0,0,0,1,1,0x1001804A
1777260315.228,1765200,2,6,GNSS,1,CDH,4,TELEMETRY,2,TELEMETRY_0x02,0,0,0,0,0,0,0x08018044
1777260316.226,1766196,4,6,GNSS,255,BROADCAST,0,HEARTBEAT,48,HEARTBEAT,0,0,0,0,0,0,0x1001BFC0
1777260317.243,1767194,4,6,GNSS,255,BROADCAST,0,HEARTBEAT,48,HEARTBEAT,0,0,0,0,0,0,0x1001BFC0
1777260318.209,1768191,4,6,GNSS,255,BROADCAST,0,HEARTBEAT,48,HEARTBEAT,0,0,0,0,0,0,0x1001BFC0
1777260319.206,1769188,4,6,GNSS,255,BROADCAST,0,HEARTBEAT,48,HEARTBEAT,0,0,0,0,0,0,0x1001BFC0
1777260320.217,1770186,4,6,GNSS,255,BROADCAST,0,HEARTBEAT,48,HEARTBEAT,0,0,0,0,0,0,0x1001BFC0
1777260320.217,1770187,4,6,GNSS,1,CDH,10,HEALTH,1,HEALTH_0x01,0,0,0,0,1,1,0x1001804A
1777260320.217,1770188,2,6,GNSS,1,CDH,4,TELEMETRY,2,TELEMETRY_0x02,0,0,0,0,0,0,0x08018044
1777260321.242,1771184,4,6,GNSS,255,BROADCAST,0,HEARTBEAT,48,HEARTBEAT,0,0,0,0,0,0,0x1001BFC0
1777260322.200,1772181,4,6,GNSS,255,BROADCAST,0,HEARTBEAT,48,HEARTBEAT,0,0,0,0,0,0,0x1001BFC0
1777260323.197,1773179,4,6,GNSS,255,BROADCAST,0,HEARTBEAT,48,HEARTBEAT,0,0,0,0,0,0,0x1001BFC0
1777260324.210,1774176,4,6,GNSS,255,BROADCAST,0,HEARTBEAT,48,HEARTBEAT,0,0,0,0,0,0,0x1001BFC0
1777260325.233,1775174,4,6,GNSS,255,BROADCAST,0,HEARTBEAT,48,HEARTBEAT,0,0,0,0,0,0,0x1001BFC0
1777260325.233,1775176,4,6,GNSS,1,CDH,10,HEALTH,1,HEALTH_0x01,0,0,0,0,1,1,0x1001804A
1777260325.233,1775177,2,6,GNSS,1,CDH,4,TELEMETRY,2,TELEMETRY_0x02,0,0,0,0,0,0,0x08018044
1777260326.195,1776176,4,6,GNSS,255,BROADCAST,0,HEARTBEAT,48,HEARTBEAT,0,0,0,0,0,0,0x1001BFC0
1777260327.188,1777169,4,6,GNSS,255,BROADCAST,0,HEARTBEAT,48,HEARTBEAT,0,0,0,0,0,0,0x1001BFC0
1777260328.200,1778167,4,6,GNSS,255,BROADCAST,0,HEARTBEAT,48,HEARTBEAT,0,0,0,0,0,0,0x1001BFC0
1777260329.183,1779164,4,6,GNSS,255,BROADCAST,0,HEARTBEAT,48,HEARTBEAT,0,0,0,0,0,0,0x1001BFC0
1777260330.180,1780162,4,6,GNSS,255,BROADCAST,0,HEARTBEAT,48,HEARTBEAT,0,0,0,0,0,0,0x1001BFC0
1777260330.181,1780163,4,6,GNSS,1,CDH,10,HEALTH,1,HEALTH_0x01,0,0,0,0,1,1,0x1001804A
1777260330.182,1780164,2,6,GNSS,1,CDH,4,TELEMETRY,2,TELEMETRY_0x02,0,0,0,0,0,0,0x08018044
1777260331.179,1781160,4,6,GNSS,255,BROADCAST,0,HEARTBEAT,48,HEARTBEAT,0,0,0,0,0,0,0x1001BFC0
1777260332.193,1782157,4,6,GNSS,255,BROADCAST,0,HEARTBEAT,48,HEARTBEAT,0,0,0,0,0,0,0x1001BFC0
1777260333.176,1783155,4,6,GNSS,255,BROADCAST,0,HEARTBEAT,48,HEARTBEAT,0,0,0,0,0,0,0x1001BFC0
1777260334.177,1784152,4,6,GNSS,255,BROADCAST,0,HEARTBEAT,48,HEARTBEAT,0,0,0,0,0,0,0x1001BFC0
1777260335.168,1785149,4,6,GNSS,255,BROADCAST,0,HEARTBEAT,48,HEARTBEAT,0,0,0,0,0,0,0x1001BFC0
1777260335.169,1785150,4,6,GNSS,1,CDH,10,HEALTH,1,HEALTH_0x01,0,0,0,0,1,1,0x1001804A
1777260335.169,1785151,2,6,GNSS,1,CDH,4,TELEMETRY,2,TELEMETRY_0x02,0,0,0,0,0,0,0x08018044
1777260336.189,1786148,4,6,GNSS,255,BROADCAST,0,HEARTBEAT,48,HEARTBEAT,0,0,0,0,0,0,0x1001BFC0
1777260337.168,1787145,4,6,GNSS,255,BROADCAST,0,HEARTBEAT,48,HEARTBEAT,0,0,0,0,0,0,0x1001BFC0
1777260338.163,1788142,4,6,GNSS,255,BROADCAST,0,HEARTBEAT,48,HEARTBEAT,0,0,0,0,0,0,0x1001BFC0
1777260339.159,1789140,4,6,GNSS,255,BROADCAST,0,HEARTBEAT,48,HEARTBEAT,0,0,0,0,0,0,0x1001BFC0
1777260340.174,1790137,4,6,GNSS,255,BROADCAST,0,HEARTBEAT,48,HEARTBEAT,0,0,0,0,0,0,0x1001BFC0
1777260340.174,1790138,4,6,GNSS,1,CDH,10,HEALTH,1,HEALTH_0x01,0,0,0,0,1,1,0x1001804A
1777260340.174,1790139,2,6,GNSS,1,CDH,4,TELEMETRY,2,TELEMETRY_0x02,0,0,0,0,0,0,0x08018044
1777260341.171,1791135,4,6,GNSS,255,BROADCAST,0,HEARTBEAT,48,HEARTBEAT,0,0,0,0,0,0,0x1001BFC0
1777260342.156,1792133,4,6,GNSS,255,BROADCAST,0,HEARTBEAT,48,HEARTBEAT,0,0,0,0,0,0,0x1001BFC0
1777260343.159,1793130,4,6,GNSS,255,BROADCAST,0,HEARTBEAT,48,HEARTBEAT,0,0,0,0,0,0,0x1001BFC0
1777260344.178,1794127,4,6,GNSS,255,BROADCAST,0,HEARTBEAT,48,HEARTBEAT,0,0,0,0,0,0,0x1001BFC0
1777260345.144,1795124,4,6,GNSS,255,BROADCAST,0,HEARTBEAT,48,HEARTBEAT,0,0,0,0,0,0,0x1001BFC0
1777260345.145,1795125,4,6,GNSS,1,CDH,10,HEALTH,1,HEALTH_0x01,0,0,0,0,1,1,0x1001804A
1777260345.145,1795127,2,6,GNSS,1,CDH,4,TELEMETRY,2,TELEMETRY_0x02,0,0,0,0,0,0,0x08018044
1777260346.143,1796123,4,6,GNSS,255,BROADCAST,0,HEARTBEAT,48,HEARTBEAT,0,0,0,0,0,0,0x1001BFC0
1777260347.147,1797120,4,6,GNSS,255,BROADCAST,0,HEARTBEAT,48,HEARTBEAT,0,0,0,0,0,0,0x1001BFC0
1777260348.188,1798117,4,6,GNSS,255,BROADCAST,0,HEARTBEAT,48,HEARTBEAT,0,0,0,0,0,0,0x1001BFC0
1777260349.133,1799115,4,6,GNSS,255,BROADCAST,0,HEARTBEAT,48,HEARTBEAT,0,0,0,0,0,0,0x1001BFC0
1777260350.137,1800112,4,6,GNSS,255,BROADCAST,0,HEARTBEAT,48,HEARTBEAT,0,0,0,0,0,0,0x1001BFC0
1777260350.137,1800113,4,6,GNSS,1,CDH,10,HEALTH,1,HEALTH_0x01,0,0,0,0,1,1,0x1001804A
1777260350.146,1800114,2,6,GNSS,1,CDH,4,TELEMETRY,2,TELEMETRY_0x02,0,0,0,0,0,0,0x08018044
1777260351.162,1801110,4,6,GNSS,255,BROADCAST,0,HEARTBEAT,48,HEARTBEAT,0,0,0,0,0,0,0x1001BFC0
1777260352.161,1802108,4,6,GNSS,255,BROADCAST,0,HEARTBEAT,48,HEARTBEAT,0,0,0,0,0,0,0x1001BFC0
1777260353.123,1803105,4,6,GNSS,255,BROADCAST,0,HEARTBEAT,48,HEARTBEAT,0,0,0,0,0,0,0x1001BFC0
1777260354.138,1804102,4,6,GNSS,255,BROADCAST,0,HEARTBEAT,48,HEARTBEAT,0,0,0,0,0,0,0x1001BFC0
1777260355.124,1805099,4,6,GNSS,255,BROADCAST,0,HEARTBEAT,48,HEARTBEAT,0,0,0,0,0,0,0x1001BFC0
1777260355.124,1805100,4,6,GNSS,1,CDH,10,HEALTH,1,HEALTH_0x01,0,0,0,0,1,1,0x1001804A
1777260355.124,1805101,2,6,GNSS,1,CDH,4,TELEMETRY,2,TELEMETRY_0x02,0,0,0,0,0,0,0x08018044
1777260356.156,1806097,4,6,GNSS,255,BROADCAST,0,HEARTBEAT,48,HEARTBEAT,0,0,0,0,0,0,0x1001BFC0
1777260357.125,1807095,4,6,GNSS,255,BROADCAST,0,HEARTBEAT,48,HEARTBEAT,0,0,0,0,0,0,0x1001BFC0
1777260358.111,1808092,4,6,GNSS,255,BROADCAST,0,HEARTBEAT,48,HEARTBEAT,0,0,0,0,0,0,0x1001BFC0
1777260359.128,1809089,4,6,GNSS,255,BROADCAST,0,HEARTBEAT,48,HEARTBEAT,0,0,0,0,0,0,0x1001BFC0
1777260360.107,1810087,4,6,GNSS,255,BROADCAST,0,HEARTBEAT,48,HEARTBEAT,0,0,0,0,0,0,0x1001BFC0
1777260360.108,1810090,4,6,GNSS,1,CDH,10,HEALTH,1,HEALTH_0x01,0,0,0,0,1,1,0x1001804A
1777260360.152,1810091,2,6,GNSS,1,CDH,4,TELEMETRY,2,TELEMETRY_0x02,0,0,0,0,0,0,0x08018044
1777260361.104,1811085,4,6,GNSS,255,BROADCAST,0,HEARTBEAT,48,HEARTBEAT,0,0,0,0,0,0,0x1001BFC0
1777260362.102,1812083,4,6,GNSS,255,BROADCAST,0,HEARTBEAT,48,HEARTBEAT,0,0,0,0,0,0,0x1001BFC0
1777260363.122,1813080,4,6,GNSS,255,BROADCAST,0,HEARTBEAT,48,HEARTBEAT,0,0,0,0,0,0,0x1001BFC0
1777260364.096,1814077,4,6,GNSS,255,BROADCAST,0,HEARTBEAT,48,HEARTBEAT,0,0,0,0,0,0,0x1001BFC0
1777260365.096,1815074,4,6,GNSS,255,BROADCAST,0,HEARTBEAT,48,HEARTBEAT,0,0,0,0,0,0,0x1001BFC0
1777260365.096,1815075,4,6,GNSS,1,CDH,10,HEALTH,1,HEALTH_0x01,0,0,0,0,1,1,0x1001804A
1777260365.096,1815076,2,6,GNSS,1,CDH,4,TELEMETRY,2,TELEMETRY_0x02,0,0,0,0,0,0,0x08018044
1777260366.092,1816073,4,6,GNSS,255,BROADCAST,0,HEARTBEAT,48,HEARTBEAT,0,0,0,0,0,0,0x1001BFC0
1777260367.109,1817070,4,6,GNSS,255,BROADCAST,0,HEARTBEAT,48,HEARTBEAT,0,0,0,0,0,0,0x1001BFC0
1777260368.086,1818067,4,6,GNSS,255,BROADCAST,0,HEARTBEAT,48,HEARTBEAT,0,0,0,0,0,0,0x1001BFC0
1777260369.084,1819064,4,6,GNSS,255,BROADCAST,0,HEARTBEAT,48,HEARTBEAT,0,0,0,0,0,0,0x1001BFC0
1777260370.083,1820061,4,6,GNSS,255,BROADCAST,0,HEARTBEAT,48,HEARTBEAT,0,0,0,0,0,0,0x1001BFC0
1777260370.083,1820062,4,6,GNSS,1,CDH,10,HEALTH,1,HEALTH_0x01,0,0,0,0,1,1,0x1001804A
1777260370.083,1820064,2,6,GNSS,1,CDH,4,TELEMETRY,2,TELEMETRY_0x02,0,0,0,0,0,0,0x08018044
1777260371.110,1821060,4,6,GNSS,255,BROADCAST,0,HEARTBEAT,48,HEARTBEAT,0,0,0,0,0,0,0x1001BFC0
1777260372.088,1822057,4,6,GNSS,255,BROADCAST,0,HEARTBEAT,48,HEARTBEAT,0,0,0,0,0,0,0x1001BFC0
1777260373.077,1823054,4,6,GNSS,255,BROADCAST,0,HEARTBEAT,48,HEARTBEAT,0,0,0,0,0,0,0x1001BFC0
1777260374.081,1824052,4,6,GNSS,255,BROADCAST,0,HEARTBEAT,48,HEARTBEAT,0,0,0,0,0,0,0x1001BFC0
1777260375.114,1825049,4,6,GNSS,255,BROADCAST,0,HEARTBEAT,48,HEARTBEAT,0,0,0,0,0,0,0x1001BFC0
1777260375.114,1825050,4,6,GNSS,1,CDH,10,HEALTH,1,HEALTH_0x01,0,0,0,0,1,1,0x1001804A
1777260375.115,1825051,2,6,GNSS,1,CDH,4,TELEMETRY,2,TELEMETRY_0x02,0,0,0,0,0,0,0x08018044
1777260376.068,1826047,4,6,GNSS,255,BROADCAST,0,HEARTBEAT,48,HEARTBEAT,0,0,0,0,0,0,0x1001BFC0
1777260377.064,1827044,4,6,GNSS,255,BROADCAST,0,HEARTBEAT,48,HEARTBEAT,0,0,0,0,0,0,0x1001BFC0
1777260378.061,1828042,4,6,GNSS,255,BROADCAST,0,HEARTBEAT,48,HEARTBEAT,0,0,0,0,0,0,0x1001BFC0
1777260379.095,1829039,4,6,GNSS,255,BROADCAST,0,HEARTBEAT,48,HEARTBEAT,0,0,0,0,0,0,0x1001BFC0
1777260380.058,1830036,4,6,GNSS,255,BROADCAST,0,HEARTBEAT,48,HEARTBEAT,0,0,0,0,0,0,0x1001BFC0
1777260380.059,1830037,4,6,GNSS,1,CDH,10,HEALTH,1,HEALTH_0x01,0,0,0,0,1,1,0x1001804A
1777260380.060,1830038,2,6,GNSS,1,CDH,4,TELEMETRY,2,TELEMETRY_0x02,0,0,0,0,0,0,0x08018044
1777260381.054,1831034,4,6,GNSS,255,BROADCAST,0,HEARTBEAT,48,HEARTBEAT,0,0,0,0,0,0,0x1001BFC0
1777260382.057,1832032,4,6,GNSS,255,BROADCAST,0,HEARTBEAT,48,HEARTBEAT,0,0,0,0,0,0,0x1001BFC0
1777260383.088,1833029,4,6,GNSS,255,BROADCAST,0,HEARTBEAT,48,HEARTBEAT,0,0,0,0,0,0,0x1001BFC0
1777260384.045,1834026,4,6,GNSS,255,BROADCAST,0,HEARTBEAT,48,HEARTBEAT,0,0,0,0,0,0,0x1001BFC0
1777260385.042,1835023,4,6,GNSS,255,BROADCAST,0,HEARTBEAT,48,HEARTBEAT,0,0,0,0,0,0,0x1001BFC0
1777260385.043,1835024,4,6,GNSS,1,CDH,10,HEALTH,1,HEALTH_0x01,0,0,0,0,1,1,0x1001804A
1777260385.045,1835025,2,6,GNSS,1,CDH,4,TELEMETRY,2,TELEMETRY_0x02,0,0,0,0,0,0,0x08018044
1777260386.059,1836021,4,6,GNSS,255,BROADCAST,0,HEARTBEAT,48,HEARTBEAT,0,0,0,0,0,0,0x1001BFC0
1777260387.038,1837018,4,6,GNSS,255,BROADCAST,0,HEARTBEAT,48,HEARTBEAT,0,0,0,0,0,0,0x1001BFC0
1777260388.035,1838016,4,6,GNSS,255,BROADCAST,0,HEARTBEAT,48,HEARTBEAT,0,0,0,0,0,0,0x1001BFC0
1777260389.032,1839013,4,6,GNSS,255,BROADCAST,0,HEARTBEAT,48,HEARTBEAT,0,0,0,0,0,0,0x1001BFC0
1777260390.050,1840010,4,6,GNSS,255,BROADCAST,0,HEARTBEAT,48,HEARTBEAT,0,0,0,0,0,0,0x1001BFC0
1777260390.050,1840011,4,6,GNSS,1,CDH,10,HEALTH,1,HEALTH_0x01,0,0,0,0,1,1,0x1001804A
1777260390.050,1840012,2,6,GNSS,1,CDH,4,TELEMETRY,2,TELEMETRY_0x02,0,0,0,0,0,0,0x08018044
1777260391.028,1841008,4,6,GNSS,255,BROADCAST,0,HEARTBEAT,48,HEARTBEAT,0,0,0,0,0,0,0x1001BFC0
1777260392.028,1842006,4,6,GNSS,255,BROADCAST,0,HEARTBEAT,48,HEARTBEAT,0,0,0,0,0,0,0x1001BFC0
1777260393.022,1843003,4,6,GNSS,255,BROADCAST,0,HEARTBEAT,48,HEARTBEAT,0,0,0,0,0,0,0x1001BFC0
1777260394.046,1844000,4,6,GNSS,255,BROADCAST,0,HEARTBEAT,48,HEARTBEAT,0,0,0,0,0,0,0x1001BFC0
1777260395.018,1844997,4,6,GNSS,255,BROADCAST,0,HEARTBEAT,48,HEARTBEAT,0,0,0,0,0,0,0x1001BFC0
1777260395.019,1844998,4,6,GNSS,1,CDH,10,HEALTH,1,HEALTH_0x01,0,0,0,0,1,1,0x1001804A
1777260395.019,1845000,2,6,GNSS,1,CDH,4,TELEMETRY,2,TELEMETRY_0x02,0,0,0,0,0,0,0x08018044
1777260396.016,1845996,4,6,GNSS,255,BROADCAST,0,HEARTBEAT,48,HEARTBEAT,0,0,0,0,0,0,0x1001BFC0
1777260397.015,1846993,4,6,GNSS,255,BROADCAST,0,HEARTBEAT,48,HEARTBEAT,0,0,0,0,0,0,0x1001BFC0
1777260398.035,1847990,4,6,GNSS,255,BROADCAST,0,HEARTBEAT,48,HEARTBEAT,0,0,0,0,0,0,0x1001BFC0
1777260399.008,1848988,4,6,GNSS,255,BROADCAST,0,HEARTBEAT,48,HEARTBEAT,0,0,0,0,0,0,0x1001BFC0
1777260400.007,1849985,4,6,GNSS,255,BROADCAST,0,HEARTBEAT,48,HEARTBEAT,0,0,0,0,0,0,0x1001BFC0
1777260400.007,1849988,4,6,GNSS,1,CDH,10,HEALTH,1,HEALTH_0x01,0,0,0,0,1,1,0x1001804A
1777260400.009,1849989,2,6,GNSS,1,CDH,4,TELEMETRY,2,TELEMETRY_0x02,0,0,0,0,0,0,0x08018044
1777260401.009,1850984,4,6,GNSS,255,BROADCAST,0,HEARTBEAT,48,HEARTBEAT,0,0,0,0,0,0,0x1001BFC0
1777260402.035,1851981,4,6,GNSS,255,BROADCAST,0,HEARTBEAT,48,HEARTBEAT,0,0,0,0,0,0,0x1001BFC0
1777260402.998,1852978,4,6,GNSS,255,BROADCAST,0,HEARTBEAT,48,HEARTBEAT,0,0,0,0,0,0,0x1001BFC0
1777260403.996,1853976,4,6,GNSS,255,BROADCAST,0,HEARTBEAT,48,HEARTBEAT,0,0,0,0,0,0,0x1001BFC0
1777260405.004,1854973,4,6,GNSS,255,BROADCAST,0,HEARTBEAT,48,HEARTBEAT,0,0,0,0,0,0,0x1001BFC0
1777260405.004,1854974,4,6,GNSS,1,CDH,10,HEALTH,1,HEALTH_0x01,0,0,0,0,1,1,0x1001804A
1777260405.004,1854975,2,6,GNSS,1,CDH,4,TELEMETRY,2,TELEMETRY_0x02,0,0,0,0,0,0,0x08018044
1777260406.028,1855971,4,6,GNSS,255,BROADCAST,0,HEARTBEAT,48,HEARTBEAT,0,0,0,0,0,0,0x1001BFC0
1777260406.989,1856969,4,6,GNSS,255,BROADCAST,0,HEARTBEAT,48,HEARTBEAT,0,0,0,0,0,0,0x1001BFC0
1777260407.988,1857966,4,6,GNSS,255,BROADCAST,0,HEARTBEAT,48,HEARTBEAT,0,0,0,0,0,0,0x1001BFC0
1777260408.997,1858963,4,6,GNSS,255,BROADCAST,0,HEARTBEAT,48,HEARTBEAT,0,0,0,0,0,0,0x1001BFC0
1777260410.011,1859960,4,6,GNSS,255,BROADCAST,0,HEARTBEAT,48,HEARTBEAT,0,0,0,0,0,0,0x1001BFC0
1777260410.011,1859961,4,6,GNSS,1,CDH,10,HEALTH,1,HEALTH_0x01,0,0,0,0,1,1,0x1001804A
1777260410.011,1859963,2,6,GNSS,1,CDH,4,TELEMETRY,2,TELEMETRY_0x02,0,0,0,0,0,0,0x08018044
1777260410.979,1860959,4,6,GNSS,255,BROADCAST,0,HEARTBEAT,48,HEARTBEAT,0,0,0,0,0,0,0x1001BFC0
1777260411.976,1861956,4,6,GNSS,255,BROADCAST,0,HEARTBEAT,48,HEARTBEAT,0,0,0,0,0,0,0x1001BFC0
1777260412.978,1862953,4,6,GNSS,255,BROADCAST,0,HEARTBEAT,48,HEARTBEAT,0,0,0,0,0,0,0x1001BFC0
1777260413.970,1863951,4,6,GNSS,255,BROADCAST,0,HEARTBEAT,48,HEARTBEAT,0,0,0,0,0,0,0x1001BFC0
1777260414.968,1864948,4,6,GNSS,255,BROADCAST,0,HEARTBEAT,48,HEARTBEAT,0,0,0,0,0,0,0x1001BFC0
1777260414.969,1864949,4,6,GNSS,1,CDH,10,HEALTH,1,HEALTH_0x01,0,0,0,0,1,1,0x1001804A
1777260414.969,1864950,2,6,GNSS,1,CDH,4,TELEMETRY,2,TELEMETRY_0x02,0,0,0,0,0,0,0x08018044
1777260415.966,1865946,4,6,GNSS,255,BROADCAST,0,HEARTBEAT,48,HEARTBEAT,0,0,0,0,0,0,0x1001BFC0
1777260416.986,1866943,4,6,GNSS,255,BROADCAST,0,HEARTBEAT,48,HEARTBEAT,0,0,0,0,0,0,0x1001BFC0
1777260417.960,1867941,4,6,GNSS,255,BROADCAST,0,HEARTBEAT,48,HEARTBEAT,0,0,0,0,0,0,0x1001BFC0
1777260418.959,1868938,4,6,GNSS,255,BROADCAST,0,HEARTBEAT,48,HEARTBEAT,0,0,0,0,0,0,0x1001BFC0
1777260419.955,1869935,4,6,GNSS,255,BROADCAST,0,HEARTBEAT,48,HEARTBEAT,0,0,0,0,0,0,0x1001BFC0
1777260419.956,1869936,4,6,GNSS,1,CDH,10,HEALTH,1,HEALTH_0x01,0,0,0,0,1,1,0x1001804A
1777260419.957,1869937,2,6,GNSS,1,CDH,4,TELEMETRY,2,TELEMETRY_0x02,0,0,0,0,0,0,0x08018044
1777260420.994,1870933,4,6,GNSS,255,BROADCAST,0,HEARTBEAT,48,HEARTBEAT,0,0,0,0,0,0,0x1001BFC0
1777260421.952,1871931,4,6,GNSS,255,BROADCAST,0,HEARTBEAT,48,HEARTBEAT,0,0,0,0,0,0,0x1001BFC0
1777260422.949,1872928,4,6,GNSS,255,BROADCAST,0,HEARTBEAT,48,HEARTBEAT,0,0,0,0,0,0,0x1001BFC0
1777260423.945,1873925,4,6,GNSS,255,BROADCAST,0,HEARTBEAT,48,HEARTBEAT,0,0,0,0,0,0,0x1001BFC0
1777260424.973,1874922,4,6,GNSS,255,BROADCAST,0,HEARTBEAT,48,HEARTBEAT,0,0,0,0,0,0,0x1001BFC0
1777260424.973,1874923,4,6,GNSS,1,CDH,10,HEALTH,1,HEALTH_0x01,0,0,0,0,1,1,0x1001804A
1777260424.973,1874924,2,6,GNSS,1,CDH,4,TELEMETRY,2,TELEMETRY_0x02,0,0,0,0,0,0,0x08018044
1777260425.941,1875921,4,6,GNSS,255,BROADCAST,0,HEARTBEAT,48,HEARTBEAT,0,0,0,0,0,0,0x1001BFC0
1777260426.939,1876920,4,6,GNSS,255,BROADCAST,0,HEARTBEAT,48,HEARTBEAT,0,0,0,0,0,0,0x1001BFC0
1777260427.945,1877915,4,6,GNSS,255,BROADCAST,0,HEARTBEAT,48,HEARTBEAT,0,0,0,0,0,0,0x1001BFC0
1777260428.961,1878913,4,6,GNSS,255,BROADCAST,0,HEARTBEAT,48,HEARTBEAT,0,0,0,0,0,0,0x1001BFC0
1777260429.930,1879910,4,6,GNSS,255,BROADCAST,0,HEARTBEAT,48,HEARTBEAT,0,0,0,0,0,0,0x1001BFC0
1777260429.931,1879911,4,6,GNSS,1,CDH,10,HEALTH,1,HEALTH_0x01,0,0,0,0,1,1,0x1001804A
1777260429.932,1879912,2,6,GNSS,1,CDH,4,TELEMETRY,2,TELEMETRY_0x02,0,0,0,0,0,0,0x08018044
1777260430.928,1880908,4,6,GNSS,255,BROADCAST,0,HEARTBEAT,48,HEARTBEAT,0,0,0,0,0,0,0x1001BFC0
1777260431.943,1881905,4,6,GNSS,255,BROADCAST,0,HEARTBEAT,48,HEARTBEAT,0,0,0,0,0,0,0x1001BFC0
1777260432.965,1882903,4,6,GNSS,255,BROADCAST,0,HEARTBEAT,48,HEARTBEAT,0,0,0,0,0,0,0x1001BFC0
1777260433.920,1883900,4,6,GNSS,255,BROADCAST,0,HEARTBEAT,48,HEARTBEAT,0,0,0,0,0,0,0x1001BFC0
1777260434.918,1884897,4,6,GNSS,255,BROADCAST,0,HEARTBEAT,48,HEARTBEAT,0,0,0,0,0,0,0x1001BFC0
1777260434.920,1884898,4,6,GNSS,1,CDH,10,HEALTH,1,HEALTH_0x01,0,0,0,0,1,1,0x1001804A
1777260434.920,1884899,2,6,GNSS,1,CDH,4,TELEMETRY,2,TELEMETRY_0x02,0,0,0,0,0,0,0x08018044
1777260435.928,1885896,4,6,GNSS,255,BROADCAST,0,HEARTBEAT,48,HEARTBEAT,0,0,0,0,0,0,0x1001BFC0
1777260436.963,1886893,4,6,GNSS,255,BROADCAST,0,HEARTBEAT,48,HEARTBEAT,0,0,0,0,0,0,0x1001BFC0
1777260437.910,1887890,4,6,GNSS,255,BROADCAST,0,HEARTBEAT,48,HEARTBEAT,0,0,0,0,0,0,0x1001BFC0
1777260438.907,1888887,4,6,GNSS,255,BROADCAST,0,HEARTBEAT,48,HEARTBEAT,0,0,0,0,0,0,0x1001BFC0
1777260439.928,1889884,4,6,GNSS,255,BROADCAST,0,HEARTBEAT,48,HEARTBEAT,0,0,0,0,0,0,0x1001BFC0
1777260439.928,1889886,4,6,GNSS,1,CDH,10,HEALTH,1,HEALTH_0x01,0,0,0,0,1,1,0x1001804A
1777260439.928,1889887,2,6,GNSS,1,CDH,4,TELEMETRY,2,TELEMETRY_0x02,0,0,0,0,0,0,0x08018044
1777260440.903,1890883,4,6,GNSS,255,BROADCAST,0,HEARTBEAT,48,HEARTBEAT,0,0,0,0,0,0,0x1001BFC0
1777260441.911,1891880,4,6,GNSS,255,BROADCAST,0,HEARTBEAT,48,HEARTBEAT,0,0,0,0,0,0,0x1001BFC0
1777260442.897,1892877,4,6,GNSS,255,BROADCAST,0,HEARTBEAT,48,HEARTBEAT,0,0,0,0,0,0,0x1001BFC0
1777260443.917,1893875,4,6,GNSS,255,BROADCAST,0,HEARTBEAT,48,HEARTBEAT,0,0,0,0,0,0,0x1001BFC0
1777260444.895,1894872,4,6,GNSS,255,BROADCAST,0,HEARTBEAT,48,HEARTBEAT,0,0,0,0,0,0,0x1001BFC0
1777260444.895,1894873,4,6,GNSS,1,CDH,10,HEALTH,1,HEALTH_0x01,0,0,0,0,1,1,0x1001804A
1777260444.895,1894874,2,6,GNSS,1,CDH,4,TELEMETRY,2,TELEMETRY_0x02,0,0,0,0,0,0,0x08018044
1777260445.892,1895870,4,6,GNSS,255,BROADCAST,0,HEARTBEAT,48,HEARTBEAT,0,0,0,0,0,0,0x1001BFC0
1777260446.895,1896868,4,6,GNSS,255,BROADCAST,0,HEARTBEAT,48,HEARTBEAT,0,0,0,0,0,0,0x1001BFC0
1777260447.910,1897865,4,6,GNSS,255,BROADCAST,0,HEARTBEAT,48,HEARTBEAT,0,0,0,0,0,0,0x1001BFC0
1777260448.895,1898862,4,6,GNSS,255,BROADCAST,0,HEARTBEAT,48,HEARTBEAT,0,0,0,0,0,0,0x1001BFC0
1777260449.881,1899859,4,6,GNSS,255,BROADCAST,0,HEARTBEAT,48,HEARTBEAT,0,0,0,0,0,0,0x1001BFC0
1777260449.881,1899860,4,6,GNSS,1,CDH,10,HEALTH,1,HEALTH_0x01,0,0,0,0,1,1,0x1001804A
1777260449.882,1899862,2,6,GNSS,1,CDH,4,TELEMETRY,2,TELEMETRY_0x02,0,0,0,0,0,0,0x08018044
1777260450.876,1900858,4,6,GNSS,255,BROADCAST,0,HEARTBEAT,48,HEARTBEAT,0,0,0,0,0,0,0x1001BFC0
1777260451.911,1901855,4,6,GNSS,255,BROADCAST,0,HEARTBEAT,48,HEARTBEAT,0,0,0,0,0,0,0x1001BFC0
1777260452.873,1902852,4,6,GNSS,255,BROADCAST,0,HEARTBEAT,48,HEARTBEAT,0,0,0,0,0,0,0x1001BFC0
1777260453.870,1903850,4,6,GNSS,255,BROADCAST,0,HEARTBEAT,48,HEARTBEAT,0,0,0,0,0,0,0x1001BFC0
1777260454.870,1904847,4,6,GNSS,255,BROADCAST,0,HEARTBEAT,48,HEARTBEAT,0,0,0,0,0,0,0x1001BFC0
1777260454.870,1904848,4,6,GNSS,1,CDH,10,HEALTH,1,HEALTH_0x01,0,0,0,0,1,1,0x1001804A
1777260454.870,1904849,2,6,GNSS,1,CDH,4,TELEMETRY,2,TELEMETRY_0x02,0,0,0,0,0,0,0x08018044
1777260455.899,1905846,4,6,GNSS,255,BROADCAST,0,HEARTBEAT,48,HEARTBEAT,0,0,0,0,0,0,0x1001BFC0
1777260456.863,1906843,4,6,GNSS,255,BROADCAST,0,HEARTBEAT,48,HEARTBEAT,0,0,0,0,0,0,0x1001BFC0
1777260457.860,1907840,4,6,GNSS,255,BROADCAST,0,HEARTBEAT,48,HEARTBEAT,0,0,0,0,0,0,0x1001BFC0
1777260458.867,1908837,4,6,GNSS,255,BROADCAST,0,HEARTBEAT,48,HEARTBEAT,0,0,0,0,0,0,0x1001BFC0
1777260459.891,1909835,4,6,GNSS,255,BROADCAST,0,HEARTBEAT,48,HEARTBEAT,0,0,0,0,0,0,0x1001BFC0
1777260459.891,1909836,4,6,GNSS,1,CDH,10,HEALTH,1,HEALTH_0x01,0,0,0,0,1,1,0x1001804A
1777260459.891,1909837,2,6,GNSS,1,CDH,4,TELEMETRY,2,TELEMETRY_0x02,0,0,0,0,0,0,0x08018044
1777260460.854,1910833,4,6,GNSS,255,BROADCAST,0,HEARTBEAT,48,HEARTBEAT,0,0,0,0,0,0,0x1001BFC0
1777260461.851,1911830,4,6,GNSS,255,BROADCAST,0,HEARTBEAT,48,HEARTBEAT,0,0,0,0,0,0,0x1001BFC0
1777260462.860,1912828,4,6,GNSS,255,BROADCAST,0,HEARTBEAT,48,HEARTBEAT,0,0,0,0,0,0,0x1001BFC0
1777260463.874,1913825,4,6,GNSS,255,BROADCAST,0,HEARTBEAT,48,HEARTBEAT,0,0,0,0,0,0,0x1001BFC0
1777260464.845,1914822,4,6,GNSS,255,BROADCAST,0,HEARTBEAT,48,HEARTBEAT,0,0,0,0,0,0,0x1001BFC0
1777260464.845,1914823,4,6,GNSS,1,CDH,10,HEALTH,1,HEALTH_0x01,0,0,0,0,1,1,0x1001804A
1777260464.845,1914825,2,6,GNSS,1,CDH,4,TELEMETRY,2,TELEMETRY_0x02,0,0,0,0,0,0,0x08018044
1777260465.841,1915821,4,6,GNSS,255,BROADCAST,0,HEARTBEAT,48,HEARTBEAT,0,0,0,0,0,0,0x1001BFC0
1777260466.843,1916818,4,6,GNSS,255,BROADCAST,0,HEARTBEAT,48,HEARTBEAT,0,0,0,0,0,0,0x1001BFC0
1777260467.836,1917815,4,6,GNSS,255,BROADCAST,0,HEARTBEAT,48,HEARTBEAT,0,0,0,0,0,0,0x1001BFC0
1777260468.833,1918813,4,6,GNSS,255,BROADCAST,0,HEARTBEAT,48,HEARTBEAT,0,0,0,0,0,0,0x1001BFC0
1777260469.833,1919810,4,6,GNSS,255,BROADCAST,0,HEARTBEAT,48,HEARTBEAT,0,0,0,0,0,0,0x1001BFC0
1777260469.833,1919811,4,6,GNSS,1,CDH,10,HEALTH,1,HEALTH_0x01,0,0,0,0,1,1,0x1001804A
1777260469.833,1919812,2,6,GNSS,1,CDH,4,TELEMETRY,2,TELEMETRY_0x02,0,0,0,0,0,0,0x08018044
1777260470.846,1920809,4,6,GNSS,255,BROADCAST,0,HEARTBEAT,48,HEARTBEAT,0,0,0,0,0,0,0x1001BFC0
1777260471.824,1921806,4,6,GNSS,255,BROADCAST,0,HEARTBEAT,48,HEARTBEAT,0,0,0,0,0,0,0x1001BFC0
1777260472.824,1922803,4,6,GNSS,255,BROADCAST,0,HEARTBEAT,48,HEARTBEAT,0,0,0,0,0,0,0x1001BFC0
1777260473.822,1923801,4,6,GNSS,255,BROADCAST,0,HEARTBEAT,48,HEARTBEAT,0,0,0,0,0,0,0x1001BFC0
1777260474.846,1924798,4,6,GNSS,255,BROADCAST,0,HEARTBEAT,48,HEARTBEAT,0,0,0,0,0,0,0x1001BFC0
1777260474.846,1924799,4,6,GNSS,1,CDH,10,HEALTH,1,HEALTH_0x01,0,0,0,0,1,1,0x1001804A
1777260474.846,1924800,2,6,GNSS,1,CDH,4,TELEMETRY,2,TELEMETRY_0x02,0,0,0,0,0,0,0x08018044
1777260475.817,1925797,4,6,GNSS,255,BROADCAST,0,HEARTBEAT,48,HEARTBEAT,0,0,0,0,0,0,0x1001BFC0
1777260476.817,1926794,4,6,GNSS,255,BROADCAST,0,HEARTBEAT,48,HEARTBEAT,0,0,0,0,0,0,0x1001BFC0
1777260477.812,1927791,4,6,GNSS,255,BROADCAST,0,HEARTBEAT,48,HEARTBEAT,0,0,0,0,0,0,0x1001BFC0
1777260478.839,1928788,4,6,GNSS,255,BROADCAST,0,HEARTBEAT,48,HEARTBEAT,0,0,0,0,0,0,0x1001BFC0
1777260479.807,1929786,4,6,GNSS,255,BROADCAST,0,HEARTBEAT,48,HEARTBEAT,0,0,0,0,0,0,0x1001BFC0
1777260479.809,1929787,4,6,GNSS,1,CDH,10,HEALTH,1,HEALTH_0x01,0,0,0,0,1,1,0x1001804A
1777260479.809,1929788,2,6,GNSS,1,CDH,4,TELEMETRY,2,TELEMETRY_0x02,0,0,0,0,0,0,0x08018044
1777260480.805,1930784,4,6,GNSS,255,BROADCAST,0,HEARTBEAT,48,HEARTBEAT,0,0,0,0,0,0,0x1001BFC0
1777260481.803,1931782,4,6,GNSS,255,BROADCAST,0,HEARTBEAT,48,HEARTBEAT,0,0,0,0,0,0,0x1001BFC0
1777260482.848,1932779,4,6,GNSS,255,BROADCAST,0,HEARTBEAT,48,HEARTBEAT,0,0,0,0,0,0,0x1001BFC0
1777260483.797,1933776,4,6,GNSS,255,BROADCAST,0,HEARTBEAT,48,HEARTBEAT,0,0,0,0,0,0,0x1001BFC0
1777260484.804,1934774,4,6,GNSS,255,BROADCAST,0,HEARTBEAT,48,HEARTBEAT,0,0,0,0,0,0,0x1001BFC0
1777260484.804,1934775,4,6,GNSS,1,CDH,10,HEALTH,1,HEALTH_0x01,0,0,0,0,1,1,0x1001804A
1777260484.804,1934776,2,6,GNSS,1,CDH,4,TELEMETRY,2,TELEMETRY_0x02,0,0,0,0,0,0,0x08018044
1777260485.799,1935772,4,6,GNSS,255,BROADCAST,0,HEARTBEAT,48,HEARTBEAT,0,0,0,0,0,0,0x1001BFC0
1777260486.827,1936769,4,6,GNSS,255,BROADCAST,0,HEARTBEAT,48,HEARTBEAT,0,0,0,0,0,0,0x1001BFC0
1777260487.788,1937767,4,6,GNSS,255,BROADCAST,0,HEARTBEAT,48,HEARTBEAT,0,0,0,0,0,0,0x1001BFC0
1777260488.785,1938764,4,6,GNSS,255,BROADCAST,0,HEARTBEAT,48,HEARTBEAT,0,0,0,0,0,0,0x1001BFC0
1777260489.796,1939761,4,6,GNSS,255,BROADCAST,0,HEARTBEAT,48,HEARTBEAT,0,0,0,0,0,0,0x1001BFC0
1777260489.796,1939762,4,6,GNSS,1,CDH,10,HEALTH,1,HEALTH_0x01,0,0,0,0,1,1,0x1001804A
1777260489.796,1939763,2,6,GNSS,1,CDH,4,TELEMETRY,2,TELEMETRY_0x02,0,0,0,0,0,0,0x08018044
1777260490.821,1940760,4,6,GNSS,255,BROADCAST,0,HEARTBEAT,48,HEARTBEAT,0,0,0,0,0,0,0x1001BFC0
1777260491.780,1941757,4,6,GNSS,255,BROADCAST,0,HEARTBEAT,48,HEARTBEAT,0,0,0,0,0,0,0x1001BFC0
1777260492.776,1942754,4,6,GNSS,255,BROADCAST,0,HEARTBEAT,48,HEARTBEAT,0,0,0,0,0,0,0x1001BFC0
1777260493.790,1943751,4,6,GNSS,255,BROADCAST,0,HEARTBEAT,48,HEARTBEAT,0,0,0,0,0,0,0x1001BFC0
1777260494.770,1944748,4,6,GNSS,255,BROADCAST,0,HEARTBEAT,48,HEARTBEAT,0,0,0,0,0,0,0x1001BFC0
1777260494.817,1944749,4,6,GNSS,1,CDH,10,HEALTH,1,HEALTH_0x01,0,0,0,0,1,1,0x1001804A
1777260494.817,1944751,2,6,GNSS,1,CDH,4,TELEMETRY,2,TELEMETRY_0x02,0,0,0,0,0,0,0x08018044
1777260495.768,1945747,4,6,GNSS,255,BROADCAST,0,HEARTBEAT,48,HEARTBEAT,0,0,0,0,0,0,0x1001BFC0
1777260496.770,1946744,4,6,GNSS,255,BROADCAST,0,HEARTBEAT,48,HEARTBEAT,0,0,0,0,0,0,0x1001BFC0
1777260497.785,1947741,4,6,GNSS,255,BROADCAST,0,HEARTBEAT,48,HEARTBEAT,0,0,0,0,0,0,0x1001BFC0
1777260498.763,1948738,4,6,GNSS,255,BROADCAST,0,HEARTBEAT,48,HEARTBEAT,0,0,0,0,0,0,0x1001BFC0
1777260499.757,1949735,4,6,GNSS,255,BROADCAST,0,HEARTBEAT,48,HEARTBEAT,0,0,0,0,0,0,0x1001BFC0
1777260499.758,1949736,4,6,GNSS,1,CDH,10,HEALTH,1,HEALTH_0x01,0,0,0,0,1,1,0x1001804A
1777260499.759,1949738,2,6,GNSS,1,CDH,4,TELEMETRY,2,TELEMETRY_0x02,0,0,0,0,0,0,0x08018044
1777260500.756,1950734,4,6,GNSS,255,BROADCAST,0,HEARTBEAT,48,HEARTBEAT,0,0,0,0,0,0,0x1001BFC0
1777260501.777,1951731,4,6,GNSS,255,BROADCAST,0,HEARTBEAT,48,HEARTBEAT,0,0,0,0,0,0,0x1001BFC0
1777260502.750,1952728,4,6,GNSS,255,BROADCAST,0,HEARTBEAT,48,HEARTBEAT,0,0,0,0,0,0,0x1001BFC0
1777260503.767,1953726,4,6,GNSS,255,BROADCAST,0,HEARTBEAT,48,HEARTBEAT,0,0,0,0,0,0,0x1001BFC0
1777260504.758,1954723,4,6,GNSS,255,BROADCAST,0,HEARTBEAT,48,HEARTBEAT,0,0,0,0,0,0,0x1001BFC0
1777260504.758,1954724,4,6,GNSS,1,CDH,10,HEALTH,1,HEALTH_0x01,0,0,0,0,1,1,0x1001804A
1777260504.758,1954725,2,6,GNSS,1,CDH,4,TELEMETRY,2,TELEMETRY_0x02,0,0,0,0,0,0,0x08018044
1777260505.785,1955721,4,6,GNSS,255,BROADCAST,0,HEARTBEAT,48,HEARTBEAT,0,0,0,0,0,0,0x1001BFC0
1777260506.740,1956718,4,6,GNSS,255,BROADCAST,0,HEARTBEAT,48,HEARTBEAT,0,0,0,0,0,0,0x1001BFC0
1777260507.737,1957716,4,6,GNSS,255,BROADCAST,0,HEARTBEAT,48,HEARTBEAT,0,0,0,0,0,0,0x1001BFC0
1777260508.761,1958713,4,6,GNSS,255,BROADCAST,0,HEARTBEAT,48,HEARTBEAT,0,0,0,0,0,0,0x1001BFC0
1777260509.791,1959710,4,6,GNSS,255,BROADCAST,0,HEARTBEAT,48,HEARTBEAT,0,0,0,0,0,0,0x1001BFC0
1777260509.791,1959711,4,6,GNSS,1,CDH,10,HEALTH,1,HEALTH_0x01,0,0,0,0,1,1,0x1001804A
1777260509.791,1959713,2,6,GNSS,1,CDH,4,TELEMETRY,2,TELEMETRY_0x02,0,0,0,0,0,0,0x08018044
1777260510.730,1960709,4,6,GNSS,255,BROADCAST,0,HEARTBEAT,48,HEARTBEAT,0,0,0,0,0,0,0x1001BFC0
1777260511.732,1961706,4,6,GNSS,255,BROADCAST,0,HEARTBEAT,48,HEARTBEAT,0,0,0,0,0,0,0x1001BFC0
1777260512.759,1962703,4,6,GNSS,255,BROADCAST,0,HEARTBEAT,48,HEARTBEAT,0,0,0,0,0,0,0x1001BFC0
1777260513.780,1963701,4,6,GNSS,255,BROADCAST,0,HEARTBEAT,48,HEARTBEAT,0,0,0,0,0,0,0x1001BFC0
1777260514.721,1964698,4,6,GNSS,255,BROADCAST,0,HEARTBEAT,48,HEARTBEAT,0,0,0,0,0,0,0x1001BFC0
1777260514.723,1964701,4,6,GNSS,1,CDH,10,HEALTH,1,HEALTH_0x01,0,0,0,0,1,1,0x1001804A
1777260514.729,1964702,2,6,GNSS,1,CDH,4,TELEMETRY,2,TELEMETRY_0x02,0,0,0,0,0,0,0x08018044
1777260515.722,1965696,4,6,GNSS,255,BROADCAST,0,HEARTBEAT,48,HEARTBEAT,0,0,0,0,0,0,0x1001BFC0
1777260516.742,1966694,4,6,GNSS,255,BROADCAST,0,HEARTBEAT,48,HEARTBEAT,0,0,0,0,0,0,0x1001BFC0
1777260517.767,1967691,4,6,GNSS,255,BROADCAST,0,HEARTBEAT,48,HEARTBEAT,0,0,0,0,0,0,0x1001BFC0
1777260518.710,1968688,4,6,GNSS,255,BROADCAST,0,HEARTBEAT,48,HEARTBEAT,0,0,0,0,0,0,0x1001BFC0
1777260519.710,1969686,4,6,GNSS,255,BROADCAST,0,HEARTBEAT,48,HEARTBEAT,0,0,0,0,0,0,0x1001BFC0
1777260519.711,1969687,4,6,GNSS,1,CDH,10,HEALTH,1,HEALTH_0x01,0,0,0,0,1,1,0x1001804A
1777260519.711,1969688,2,6,GNSS,1,CDH,4,TELEMETRY,2,TELEMETRY_0x02,0,0,0,0,0,0,0x08018044
1777260520.741,1970684,4,6,GNSS,255,BROADCAST,0,HEARTBEAT,48,HEARTBEAT,0,0,0,0,0,0,0x1001BFC0
1777260521.757,1971681,4,6,GNSS,255,BROADCAST,0,HEARTBEAT,48,HEARTBEAT,0,0,0,0,0,0,0x1001BFC0
1777260522.700,1972679,4,6,GNSS,255,BROADCAST,0,HEARTBEAT,48,HEARTBEAT,0,0,0,0,0,0,0x1001BFC0
1777260523.706,1973676,4,6,GNSS,255,BROADCAST,0,HEARTBEAT,48,HEARTBEAT,0,0,0,0,0,0,0x1001BFC0
1777260524.729,1974673,4,6,GNSS,255,BROADCAST,0,HEARTBEAT,48,HEARTBEAT,0,0,0,0,0,0,0x1001BFC0
1777260524.729,1974674,4,6,GNSS,1,CDH,10,HEALTH,1,HEALTH_0x01,0,0,0,0,1,1,0x1001804A
1777260524.730,1974676,2,6,GNSS,1,CDH,4,TELEMETRY,2,TELEMETRY_0x02,0,0,0,0,0,0,0x08018044
1777260525.694,1975672,4,6,GNSS,255,BROADCAST,0,HEARTBEAT,48,HEARTBEAT,0,0,0,0,0,0,0x1001BFC0
1777260526.691,1976669,4,6,GNSS,255,BROADCAST,0,HEARTBEAT,48,HEARTBEAT,0,0,0,0,0,0,0x1001BFC0
1777260527.709,1977666,4,6,GNSS,255,BROADCAST,0,HEARTBEAT,48,HEARTBEAT,0,0,0,0,0,0,0x1001BFC0
1777260528.724,1978663,4,6,GNSS,255,BROADCAST,0,HEARTBEAT,48,HEARTBEAT,0,0,0,0,0,0,0x1001BFC0
1777260529.683,1979661,4,6,GNSS,255,BROADCAST,0,HEARTBEAT,48,HEARTBEAT,0,0,0,0,0,0,0x1001BFC0
1777260529.687,1979663,4,6,GNSS,1,CDH,10,HEALTH,1,HEALTH_0x01,0,0,0,0,1,1,0x1001804A
1777260529.688,1979664,2,6,GNSS,1,CDH,4,TELEMETRY,2,TELEMETRY_0x02,0,0,0,0,0,0,0x08018044
1777260530.682,1980659,4,6,GNSS,255,BROADCAST,0,HEARTBEAT,48,HEARTBEAT,0,0,0,0,0,0,0x1001BFC0
1777260531.695,1981656,4,6,GNSS,255,BROADCAST,0,HEARTBEAT,48,HEARTBEAT,0,0,0,0,0,0,0x1001BFC0
1777260532.718,1982654,4,6,GNSS,255,BROADCAST,0,HEARTBEAT,48,HEARTBEAT,0,0,0,0,0,0,0x1001BFC0
1777260533.673,1983651,4,6,GNSS,255,BROADCAST,0,HEARTBEAT,48,HEARTBEAT,0,0,0,0,0,0,0x1001BFC0
1777260534.670,1984648,4,6,GNSS,255,BROADCAST,0,HEARTBEAT,48,HEARTBEAT,0,0,0,0,0,0,0x1001BFC0
1777260534.672,1984649,4,6,GNSS,1,CDH,10,HEALTH,1,HEALTH_0x01,0,0,0,0,1,1,0x1001804A
1777260534.675,1984651,2,6,GNSS,1,CDH,4,TELEMETRY,2,TELEMETRY_0x02,0,0,0,0,0,0,0x08018044
1777260535.699,1985647,4,6,GNSS,255,BROADCAST,0,HEARTBEAT,48,HEARTBEAT,0,0,0,0,0,0,0x1001BFC0
1777260536.714,1986644,4,6,GNSS,255,BROADCAST,0,HEARTBEAT,48,HEARTBEAT,0,0,0,0,0,0,0x1001BFC0
1777260537.680,1987641,4,6,GNSS,255,BROADCAST,0,HEARTBEAT,48,HEARTBEAT,0,0,0,0,0,0,0x1001BFC0
1777260538.672,1988638,4,6,GNSS,255,BROADCAST,0,HEARTBEAT,48,HEARTBEAT,0,0,0,0,0,0,0x1001BFC0
1777260539.676,1989636,4,6,GNSS,255,BROADCAST,0,HEARTBEAT,48,HEARTBEAT,0,0,0,0,0,0,0x1001BFC0
1777260539.677,1989637,4,6,GNSS,1,CDH,10,HEALTH,1,HEALTH_0x01,0,0,0,0,1,1,0x1001804A
1777260539.677,1989638,2,6,GNSS,1,CDH,4,TELEMETRY,2,TELEMETRY_0x02,0,0,0,0,0,0,0x08018044
1777260540.704,1990634,4,6,GNSS,255,BROADCAST,0,HEARTBEAT,48,HEARTBEAT,0,0,0,0,0,0,0x1001BFC0
1777260541.653,1991631,4,6,GNSS,255,BROADCAST,0,HEARTBEAT,48,HEARTBEAT,0,0,0,0,0,0,0x1001BFC0
1777260542.651,1992629,4,6,GNSS,255,BROADCAST,0,HEARTBEAT,48,HEARTBEAT,0,0,0,0,0,0,0x1001BFC0
1777260543.668,1993626,4,6,GNSS,255,BROADCAST,0,HEARTBEAT,48,HEARTBEAT,0,0,0,0,0,0,0x1001BFC0
1777260544.728,1994623,4,6,GNSS,255,BROADCAST,0,HEARTBEAT,48,HEARTBEAT,0,0,0,0,0,0,0x1001BFC0
1777260544.728,1994624,4,6,GNSS,1,CDH,10,HEALTH,1,HEALTH_0x01,0,0,0,0,1,1,0x1001804A
1777260544.728,1994625,2,6,GNSS,1,CDH,4,TELEMETRY,2,TELEMETRY_0x02,0,0,0,0,0,0,0x08018044
1777260545.644,1995622,4,6,GNSS,255,BROADCAST,0,HEARTBEAT,48,HEARTBEAT,0,0,0,0,0,0,0x1001BFC0
1777260546.640,1996619,4,6,GNSS,255,BROADCAST,0,HEARTBEAT,48,HEARTBEAT,0,0,0,0,0,0,0x1001BFC0
1777260547.674,1997616,4,6,GNSS,255,BROADCAST,0,HEARTBEAT,48,HEARTBEAT,0,0,0,0,0,0,0x1001BFC0
1777260548.687,1998614,4,6,GNSS,255,BROADCAST,0,HEARTBEAT,48,HEARTBEAT,0,0,0,0,0,0,0x1001BFC0
1777260549.657,1999611,4,6,GNSS,255,BROADCAST,0,HEARTBEAT,48,HEARTBEAT,0,0,0,0,0,0,0x1001BFC0
1777260549.657,1999612,4,6,GNSS,1,CDH,10,HEALTH,1,HEALTH_0x01,0,0,0,0,1,1,0x1001804A
1777260549.657,1999613,2,6,GNSS,1,CDH,4,TELEMETRY,2,TELEMETRY_0x02,0,0,0,0,0,0,0x08018044
1777260550.633,2000609,4,6,GNSS,255,BROADCAST,0,HEARTBEAT,48,HEARTBEAT,0,0,0,0,0,0,0x1001BFC0
1777260551.657,2001607,4,6,GNSS,255,BROADCAST,0,HEARTBEAT,48,HEARTBEAT,0,0,0,0,0,0,0x1001BFC0
1777260552.627,2002604,4,6,GNSS,255,BROADCAST,0,HEARTBEAT,48,HEARTBEAT,0,0,0,0,0,0,0x1001BFC0
1777260553.624,2003601,4,6,GNSS,255,BROADCAST,0,HEARTBEAT,48,HEARTBEAT,0,0,0,0,0,0,0x1001BFC0
1777260554.621,2004599,4,6,GNSS,255,BROADCAST,0,HEARTBEAT,48,HEARTBEAT,0,0,0,0,0,0,0x1001BFC0
1777260554.622,2004600,4,6,GNSS,1,CDH,10,HEALTH,1,HEALTH_0x01,0,0,0,0,1,1,0x1001804A
1777260554.624,2004601,2,6,GNSS,1,CDH,4,TELEMETRY,2,TELEMETRY_0x02,0,0,0,0,0,0,0x08018044
1777260555.648,2005597,4,6,GNSS,255,BROADCAST,0,HEARTBEAT,48,HEARTBEAT,0,0,0,0,0,0,0x1001BFC0
1777260556.624,2006594,4,6,GNSS,255,BROADCAST,0,HEARTBEAT,48,HEARTBEAT,0,0,0,0,0,0,0x1001BFC0
1777260557.625,2007592,4,6,GNSS,255,BROADCAST,0,HEARTBEAT,48,HEARTBEAT,0,0,0,0,0,0,0x1001BFC0
1777260558.616,2008589,4,6,GNSS,255,BROADCAST,0,HEARTBEAT,48,HEARTBEAT,0,0,0,0,0,0,0x1001BFC0
1777260559.640,2009586,4,6,GNSS,255,BROADCAST,0,HEARTBEAT,48,HEARTBEAT,0,0,0,0,0,0,0x1001BFC0
1777260559.641,2009587,4,6,GNSS,1,CDH,10,HEALTH,1,HEALTH_0x01,0,0,0,0,1,1,0x1001804A
1777260559.641,2009589,2,6,GNSS,1,CDH,4,TELEMETRY,2,TELEMETRY_0x02,0,0,0,0,0,0,0x08018044
1777260560.608,2010585,4,6,GNSS,255,BROADCAST,0,HEARTBEAT,48,HEARTBEAT,0,0,0,0,0,0,0x1001BFC0
1777260561.607,2011582,4,6,GNSS,255,BROADCAST,0,HEARTBEAT,48,HEARTBEAT,0,0,0,0,0,0,0x1001BFC0
1777260562.610,2012580,4,6,GNSS,255,BROADCAST,0,HEARTBEAT,48,HEARTBEAT,0,0,0,0,0,0,0x1001BFC0
1777260563.636,2013577,4,6,GNSS,255,BROADCAST,0,HEARTBEAT,48,HEARTBEAT,0,0,0,0,0,0,0x1001BFC0
1777260564.603,2014574,4,6,GNSS,255,BROADCAST,0,HEARTBEAT,48,HEARTBEAT,0,0,0,0,0,0,0x1001BFC0
1777260564.603,2014575,4,6,GNSS,1,CDH,10,HEALTH,1,HEALTH_0x01,0,0,0,0,1,1,0x1001804A
1777260564.603,2014577,2,6,GNSS,1,CDH,4,TELEMETRY,2,TELEMETRY_0x02,0,0,0,0,0,0,0x08018044
1777260565.595,2015573,4,6,GNSS,255,BROADCAST,0,HEARTBEAT,48,HEARTBEAT,0,0,0,0,0,0,0x1001BFC0
1777260566.604,2016570,4,6,GNSS,255,BROADCAST,0,HEARTBEAT,48,HEARTBEAT,0,0,0,0,0,0,0x1001BFC0
1777260567.628,2017567,4,6,GNSS,255,BROADCAST,0,HEARTBEAT,48,HEARTBEAT,0,0,0,0,0,0,0x1001BFC0
1777260568.587,2018565,4,6,GNSS,255,BROADCAST,0,HEARTBEAT,48,HEARTBEAT,0,0,0,0,0,0,0x1001BFC0
1777260569.585,2019562,4,6,GNSS,255,BROADCAST,0,HEARTBEAT,48,HEARTBEAT,0,0,0,0,0,0,0x1001BFC0
1777260569.587,2019565,4,6,GNSS,1,CDH,10,HEALTH,1,HEALTH_0x01,0,0,0,0,1,1,0x1001804A
1777260569.588,2019566,2,6,GNSS,1,CDH,4,TELEMETRY,2,TELEMETRY_0x02,0,0,0,0,0,0,0x08018044
1777260570.595,2020560,4,6,GNSS,255,BROADCAST,0,HEARTBEAT,48,HEARTBEAT,0,0,0,0,0,0,0x1001BFC0
1777260571.620,2021558,4,6,GNSS,255,BROADCAST,0,HEARTBEAT,48,HEARTBEAT,0,0,0,0,0,0,0x1001BFC0
1777260572.591,2022555,4,6,GNSS,255,BROADCAST,0,HEARTBEAT,48,HEARTBEAT,0,0,0,0,0,0,0x1001BFC0
1777260573.587,2023552,4,6,GNSS,255,BROADCAST,0,HEARTBEAT,48,HEARTBEAT,0,0,0,0,0,0,0x1001BFC0
1777260574.588,2024550,4,6,GNSS,255,BROADCAST,0,HEARTBEAT,48,HEARTBEAT,0,0,0,0,0,0,0x1001BFC0
1777260574.588,2024551,4,6,GNSS,1,CDH,10,HEALTH,1,HEALTH_0x01,0,0,0,0,1,1,0x1001804A
1777260574.588,2024552,2,6,GNSS,1,CDH,4,TELEMETRY,2,TELEMETRY_0x02,0,0,0,0,0,0,0x08018044
1777260575.612,2025548,4,6,GNSS,255,BROADCAST,0,HEARTBEAT,48,HEARTBEAT,0,0,0,0,0,0,0x1001BFC0
1777260576.568,2026545,4,6,GNSS,255,BROADCAST,0,HEARTBEAT,48,HEARTBEAT,0,0,0,0,0,0,0x1001BFC0
1777260577.565,2027543,4,6,GNSS,255,BROADCAST,0,HEARTBEAT,48,HEARTBEAT,0,0,0,0,0,0,0x1001BFC0
1777260578.577,2028540,4,6,GNSS,255,BROADCAST,0,HEARTBEAT,48,HEARTBEAT,0,0,0,0,0,0,0x1001BFC0
1777260579.608,2029537,4,6,GNSS,255,BROADCAST,0,HEARTBEAT,48,HEARTBEAT,0,0,0,0,0,0,0x1001BFC0
1777260579.608,2029538,4,6,GNSS,1,CDH,10,HEALTH,1,HEALTH_0x01,0,0,0,0,1,1,0x1001804A
1777260579.608,2029540,2,6,GNSS,1,CDH,4,TELEMETRY,2,TELEMETRY_0x02,0,0,0,0,0,0,0x08018044
1777260580.558,2030536,4,6,GNSS,255,BROADCAST,0,HEARTBEAT,48,HEARTBEAT,0,0,0,0,0,0,0x1001BFC0
1777260581.556,2031533,4,6,GNSS,255,BROADCAST,0,HEARTBEAT,48,HEARTBEAT,0,0,0,0,0,0,0x1001BFC0
1777260582.574,2032530,4,6,GNSS,255,BROADCAST,0,HEARTBEAT,48,HEARTBEAT,0,0,0,0,0,0,0x1001BFC0
1777260583.552,2033528,4,6,GNSS,255,BROADCAST,0,HEARTBEAT,48,HEARTBEAT,0,0,0,0,0,0,0x1001BFC0
1777260584.549,2034525,4,6,GNSS,255,BROADCAST,0,HEARTBEAT,48,HEARTBEAT,0,0,0,0,0,0,0x1001BFC0
1777260584.549,2034526,4,6,GNSS,1,CDH,10,HEALTH,1,HEALTH_0x01,0,0,0,0,1,1,0x1001804A
1777260584.550,2034527,2,6,GNSS,1,CDH,4,TELEMETRY,2,TELEMETRY_0x02,0,0,0,0,0,0,0x08018044
1777260585.547,2035523,4,6,GNSS,255,BROADCAST,0,HEARTBEAT,48,HEARTBEAT,0,0,0,0,0,0,0x1001BFC0
1777260586.561,2036521,4,6,GNSS,255,BROADCAST,0,HEARTBEAT,48,HEARTBEAT,0,0,0,0,0,0,0x1001BFC0
1777260587.550,2037518,4,6,GNSS,255,BROADCAST,0,HEARTBEAT,48,HEARTBEAT,0,0,0,0,0,0,0x1001BFC0
1777260588.539,2038515,4,6,GNSS,255,BROADCAST,0,HEARTBEAT,48,HEARTBEAT,0,0,0,0,0,0,0x1001BFC0
1777260589.537,2039512,4,6,GNSS,255,BROADCAST,0,HEARTBEAT,48,HEARTBEAT,0,0,0,0,0,0,0x1001BFC0
1777260589.537,2039513,4,6,GNSS,1,CDH,10,HEALTH,1,HEALTH_0x01,0,0,0,0,1,1,0x1001804A
1777260589.537,2039514,2,6,GNSS,1,CDH,4,TELEMETRY,2,TELEMETRY_0x02,0,0,0,0,0,0,0x08018044
1777260590.565,2040511,4,6,GNSS,255,BROADCAST,0,HEARTBEAT,48,HEARTBEAT,0,0,0,0,0,0,0x1001BFC0
1777260591.531,2041508,4,6,GNSS,255,BROADCAST,0,HEARTBEAT,48,HEARTBEAT,0,0,0,0,0,0,0x1001BFC0
1777260592.529,2042505,4,6,GNSS,255,BROADCAST,0,HEARTBEAT,48,HEARTBEAT,0,0,0,0,0,0,0x1001BFC0
1777260593.535,2043502,4,6,GNSS,255,BROADCAST,0,HEARTBEAT,48,HEARTBEAT,0,0,0,0,0,0,0x1001BFC0
1777260594.559,2044500,4,6,GNSS,255,BROADCAST,0,HEARTBEAT,48,HEARTBEAT,0,0,0,0,0,0,0x1001BFC0
1777260594.559,2044501,4,6,GNSS,1,CDH,10,HEALTH,1,HEALTH_0x01,0,0,0,0,1,1,0x1001804A
1777260594.559,2044502,2,6,GNSS,1,CDH,4,TELEMETRY,2,TELEMETRY_0x02,0,0,0,0,0,0,0x08018044
1777260595.522,2045498,4,6,GNSS,255,BROADCAST,0,HEARTBEAT,48,HEARTBEAT,0,0,0,0,0,0,0x1001BFC0
1777260596.518,2046495,4,6,GNSS,255,BROADCAST,0,HEARTBEAT,48,HEARTBEAT,0,0,0,0,0,0,0x1001BFC0
1777260597.525,2047493,4,6,GNSS,255,BROADCAST,0,HEARTBEAT,48,HEARTBEAT,0,0,0,0,0,0,0x1001BFC0
1777260598.553,2048490,4,6,GNSS,255,BROADCAST,0,HEARTBEAT,48,HEARTBEAT,0,0,0,0,0,0,0x1001BFC0
1777260599.511,2049487,4,6,GNSS,255,BROADCAST,0,HEARTBEAT,48,HEARTBEAT,0,0,0,0,0,0,0x1001BFC0
1777260599.521,2049488,4,6,GNSS,1,CDH,10,HEALTH,1,HEALTH_0x01,0,0,0,0,1,1,0x1001804A
1777260599.521,2049489,2,6,GNSS,1,CDH,4,TELEMETRY,2,TELEMETRY_0x02,0,0,0,0,0,0,0x08018044
1777260600.515,2050486,4,6,GNSS,255,BROADCAST,0,HEARTBEAT,48,HEARTBEAT,0,0,0,0,0,0,0x1001BFC0
1777260601.518,2051483,4,6,GNSS,255,BROADCAST,0,HEARTBEAT,48,HEARTBEAT,0,0,0,0,0,0,0x1001BFC0
1777260602.537,2052480,4,6,GNSS,255,BROADCAST,0,HEARTBEAT,48,HEARTBEAT,0,0,0,0,0,0,0x1001BFC0
1777260603.500,2053478,4,6,GNSS,255,BROADCAST,0,HEARTBEAT,48,HEARTBEAT,0,0,0,0,0,0,0x1001BFC0
1777260604.499,2054475,4,6,GNSS,255,BROADCAST,0,HEARTBEAT,48,HEARTBEAT,0,0,0,0,0,0,0x1001BFC0
1777260604.502,2054476,4,6,GNSS,1,CDH,10,HEALTH,1,HEALTH_0x01,0,0,0,0,1,1,0x1001804A
1777260604.503,2054477,2,6,GNSS,1,CDH,4,TELEMETRY,2,TELEMETRY_0x02,0,0,0,0,0,0,0x08018044
1777260605.503,2055473,4,6,GNSS,255,BROADCAST,0,HEARTBEAT,48,HEARTBEAT,0,0,0,0,0,0,0x1001BFC0
1777260606.527,2056470,4,6,GNSS,255,BROADCAST,0,HEARTBEAT,48,HEARTBEAT,0,0,0,0,0,0,0x1001BFC0
1777260607.491,2057468,4,6,GNSS,255,BROADCAST,0,HEARTBEAT,48,HEARTBEAT,0,0,0,0,0,0,0x1001BFC0
1777260608.488,2058465,4,6,GNSS,255,BROADCAST,0,HEARTBEAT,48,HEARTBEAT,0,0,0,0,0,0,0x1001BFC0
1777260609.500,2059462,4,6,GNSS,255,BROADCAST,0,HEARTBEAT,48,HEARTBEAT,0,0,0,0,0,0,0x1001BFC0
1777260609.500,2059463,4,6,GNSS,1,CDH,10,HEALTH,1,HEALTH_0x01,0,0,0,0,1,1,0x1001804A
1777260609.500,2059464,2,6,GNSS,1,CDH,4,TELEMETRY,2,TELEMETRY_0x02,0,0,0,0,0,0,0x08018044
1777260610.484,2060461,4,6,GNSS,255,BROADCAST,0,HEARTBEAT,48,HEARTBEAT,0,0,0,0,0,0,0x1001BFC0
1777260611.481,2061458,4,6,GNSS,255,BROADCAST,0,HEARTBEAT,48,HEARTBEAT,0,0,0,0,0,0,0x1001BFC0
1777260612.478,2062455,4,6,GNSS,255,BROADCAST,0,HEARTBEAT,48,HEARTBEAT,0,0,0,0,0,0,0x1001BFC0
1777260613.496,2063452,4,6,GNSS,255,BROADCAST,0,HEARTBEAT,48,HEARTBEAT,0,0,0,0,0,0,0x1001BFC0
1777260614.473,2064450,4,6,GNSS,255,BROADCAST,0,HEARTBEAT,48,HEARTBEAT,0,0,0,0,0,0,0x1001BFC0
1777260614.475,2064451,4,6,GNSS,1,CDH,10,HEALTH,1,HEALTH_0x01,0,0,0,0,1,1,0x1001804A
1777260614.475,2064452,2,6,GNSS,1,CDH,4,TELEMETRY,2,TELEMETRY_0x02,0,0,0,0,0,0,0x08018044
1777260615.484,2065448,4,6,GNSS,255,BROADCAST,0,HEARTBEAT,48,HEARTBEAT,0,0,0,0,0,0,0x1001BFC0
1777260616.468,2066445,4,6,GNSS,255,BROADCAST,0,HEARTBEAT,48,HEARTBEAT,0,0,0,0,0,0,0x1001BFC0
1777260617.479,2067442,4,6,GNSS,255,BROADCAST,0,HEARTBEAT,48,HEARTBEAT,0,0,0,0,0,0,0x1001BFC0
1777260618.463,2068440,4,6,GNSS,255,BROADCAST,0,HEARTBEAT,48,HEARTBEAT,0,0,0,0,0,0,0x1001BFC0
1777260619.468,2069437,4,6,GNSS,255,BROADCAST,0,HEARTBEAT,48,HEARTBEAT,0,0,0,0,0,0,0x1001BFC0
1777260619.468,2069440,4,6,GNSS,1,CDH,10,HEALTH,1,HEALTH_0x01,0,0,0,0,1,1,0x1001804A
1777260619.468,2069441,2,6,GNSS,1,CDH,4,TELEMETRY,2,TELEMETRY_0x02,0,0,0,0,0,0,0x08018044
1777260620.458,2070435,4,6,GNSS,255,BROADCAST,0,HEARTBEAT,48,HEARTBEAT,0,0,0,0,0,0,0x1001BFC0
1777260621.489,2071432,4,6,GNSS,255,BROADCAST,0,HEARTBEAT,48,HEARTBEAT,0,0,0,0,0,0,0x1001BFC0
1777260622.453,2072430,4,6,GNSS,255,BROADCAST,0,HEARTBEAT,48,HEARTBEAT,0,0,0,0,0,0,0x1001BFC0
1777260623.450,2073427,4,6,GNSS,255,BROADCAST,0,HEARTBEAT,48,HEARTBEAT,0,0,0,0,0,0,0x1001BFC0
1777260624.454,2074424,4,6,GNSS,255,BROADCAST,0,HEARTBEAT,48,HEARTBEAT,0,0,0,0,0,0,0x1001BFC0
1777260624.454,2074425,4,6,GNSS,1,CDH,10,HEALTH,1,HEALTH_0x01,0,0,0,0,1,1,0x1001804A
1777260624.454,2074426,2,6,GNSS,1,CDH,4,TELEMETRY,2,TELEMETRY_0x02,0,0,0,0,0,0,0x08018044
1777260625.476,2075425,4,6,GNSS,255,BROADCAST,0,HEARTBEAT,48,HEARTBEAT,0,0,0,0,0,0,0x1001BFC0
1777260626.443,2076420,4,6,GNSS,255,BROADCAST,0,HEARTBEAT,48,HEARTBEAT,0,0,0,0,0,0,0x1001BFC0
1777260627.441,2077417,4,6,GNSS,255,BROADCAST,0,HEARTBEAT,48,HEARTBEAT,0,0,0,0,0,0,0x1001BFC0
1777260628.457,2078415,4,6,GNSS,255,BROADCAST,0,HEARTBEAT,48,HEARTBEAT,0,0,0,0,0,0,0x1001BFC0
1777260629.478,2079412,4,6,GNSS,255,BROADCAST,0,HEARTBEAT,48,HEARTBEAT,0,0,0,0,0,0,0x1001BFC0
1777260629.478,2079413,4,6,GNSS,1,CDH,10,HEALTH,1,HEALTH_0x01,0,0,0,0,1,1,0x1001804A
1777260629.478,2079414,2,6,GNSS,1,CDH,4,TELEMETRY,2,TELEMETRY_0x02,0,0,0,0,0,0,0x08018044
1777260630.435,2080410,4,6,GNSS,255,BROADCAST,0,HEARTBEAT,48,HEARTBEAT,0,0,0,0,0,0,0x1001BFC0
1777260631.431,2081408,4,6,GNSS,255,BROADCAST,0,HEARTBEAT,48,HEARTBEAT,0,0,0,0,0,0,0x1001BFC0
1777260632.459,2082405,4,6,GNSS,255,BROADCAST,0,HEARTBEAT,48,HEARTBEAT,0,0,0,0,0,0,0x1001BFC0
1777260633.470,2083402,4,6,GNSS,255,BROADCAST,0,HEARTBEAT,48,HEARTBEAT,0,0,0,0,0,0,0x1001BFC0
1777260634.437,2084400,4,6,GNSS,255,BROADCAST,0,HEARTBEAT,48,HEARTBEAT,0,0,0,0,0,0,0x1001BFC0
1777260634.444,2084402,4,6,GNSS,1,CDH,10,HEALTH,1,HEALTH_0x01,0,0,0,0,1,1,0x1001804A
1777260634.444,2084403,2,6,GNSS,1,CDH,4,TELEMETRY,2,TELEMETRY_0x02,0,0,0,0,0,0,0x08018044
1777260635.423,2085398,4,6,GNSS,255,BROADCAST,0,HEARTBEAT,48,HEARTBEAT,0,0,0,0,0,0,0x1001BFC0
1777260636.438,2086395,4,6,GNSS,255,BROADCAST,0,HEARTBEAT,48,HEARTBEAT,0,0,0,0,0,0,0x1001BFC0
1777260637.423,2087393,4,6,GNSS,255,BROADCAST,0,HEARTBEAT,48,HEARTBEAT,0,0,0,0,0,0,0x1001BFC0
1777260638.413,2088390,4,6,GNSS,255,BROADCAST,0,HEARTBEAT,48,HEARTBEAT,0,0,0,0,0,0,0x1001BFC0
1777260639.411,2089387,4,6,GNSS,255,BROADCAST,0,HEARTBEAT,48,HEARTBEAT,0,0,0,0,0,0,0x1001BFC0
1777260639.414,2089388,4,6,GNSS,1,CDH,10,HEALTH,1,HEALTH_0x01,0,0,0,0,1,1,0x1001804A
1777260639.414,2089390,2,6,GNSS,1,CDH,4,TELEMETRY,2,TELEMETRY_0x02,0,0,0,0,0,0,0x08018044
1777260640.432,2090386,4,6,GNSS,255,BROADCAST,0,HEARTBEAT,48,HEARTBEAT,0,0,0,0,0,0,0x1001BFC0
1777260641.409,2091383,4,6,GNSS,255,BROADCAST,0,HEARTBEAT,48,HEARTBEAT,0,0,0,0,0,0,0x1001BFC0
1777260642.412,2092380,4,6,GNSS,255,BROADCAST,0,HEARTBEAT,48,HEARTBEAT,0,0,0,0,0,0,0x1001BFC0
1777260643.410,2093378,4,6,GNSS,255,BROADCAST,0,HEARTBEAT,48,HEARTBEAT,0,0,0,0,0,0,0x1001BFC0
1777260644.437,2094375,4,6,GNSS,255,BROADCAST,0,HEARTBEAT,48,HEARTBEAT,0,0,0,0,0,0,0x1001BFC0
1777260644.437,2094376,4,6,GNSS,1,CDH,10,HEALTH,1,HEALTH_0x01,0,0,0,0,1,1,0x1001804A
1777260644.437,2094377,2,6,GNSS,1,CDH,4,TELEMETRY,2,TELEMETRY_0x02,0,0,0,0,0,0,0x08018044
1777260645.414,2095373,4,6,GNSS,255,BROADCAST,0,HEARTBEAT,48,HEARTBEAT,0,0,0,0,0,0,0x1001BFC0
1777260646.402,2096371,4,6,GNSS,255,BROADCAST,0,HEARTBEAT,48,HEARTBEAT,0,0,0,0,0,0,0x1001BFC0
1777260647.395,2097368,4,6,GNSS,255,BROADCAST,0,HEARTBEAT,48,HEARTBEAT,0,0,0,0,0,0,0x1001BFC0
1777260648.419,2098365,4,6,GNSS,255,BROADCAST,0,HEARTBEAT,48,HEARTBEAT,0,0,0,0,0,0,0x1001BFC0
1777260649.392,2099362,4,6,GNSS,255,BROADCAST,0,HEARTBEAT,48,HEARTBEAT,0,0,0,0,0,0,0x1001BFC0
1777260649.392,2099363,4,6,GNSS,1,CDH,10,HEALTH,1,HEALTH_0x01,0,0,0,0,1,1,0x1001804A
1777260649.392,2099365,2,6,GNSS,1,CDH,4,TELEMETRY,2,TELEMETRY_0x02,0,0,0,0,0,0,0x08018044
1777260650.395,2100361,4,6,GNSS,255,BROADCAST,0,HEARTBEAT,48,HEARTBEAT,0,0,0,0,0,0,0x1001BFC0
1777260651.401,2101358,4,6,GNSS,255,BROADCAST,0,HEARTBEAT,48,HEARTBEAT,0,0,0,0,0,0,0x1001BFC0
1777260652.412,2102355,4,6,GNSS,255,BROADCAST,0,HEARTBEAT,48,HEARTBEAT,0,0,0,0,0,0,0x1001BFC0
1777260653.377,2103352,4,6,GNSS,255,BROADCAST,0,HEARTBEAT,48,HEARTBEAT,0,0,0,0,0,0,0x1001BFC0
1777260654.374,2104350,4,6,GNSS,255,BROADCAST,0,HEARTBEAT,48,HEARTBEAT,0,0,0,0,0,0,0x1001BFC0
1777260654.375,2104351,4,6,GNSS,1,CDH,10,HEALTH,1,HEALTH_0x01,0,0,0,0,1,1,0x1001804A
1777260654.375,2104352,2,6,GNSS,1,CDH,4,TELEMETRY,2,TELEMETRY_0x02,0,0,0,0,0,0,0x08018044
1777260655.382,2105348,4,6,GNSS,255,BROADCAST,0,HEARTBEAT,48,HEARTBEAT,0,0,0,0,0,0,0x1001BFC0
1777260656.394,2106345,4,6,GNSS,255,BROADCAST,0,HEARTBEAT,48,HEARTBEAT,0,0,0,0,0,0,0x1001BFC0
1777260657.366,2107342,4,6,GNSS,255,BROADCAST,0,HEARTBEAT,48,HEARTBEAT,0,0,0,0,0,0,0x1001BFC0
1777260658.364,2108340,4,6,GNSS,255,BROADCAST,0,HEARTBEAT,48,HEARTBEAT,0,0,0,0,0,0,0x1001BFC0
1777260659.366,2109337,4,6,GNSS,255,BROADCAST,0,HEARTBEAT,48,HEARTBEAT,0,0,0,0,0,0,0x1001BFC0
1777260659.366,2109338,4,6,GNSS,1,CDH,10,HEALTH,1,HEALTH_0x01,0,0,0,0,1,1,0x1001804A
1777260659.366,2109339,2,6,GNSS,1,CDH,4,TELEMETRY,2,TELEMETRY_0x02,0,0,0,0,0,0,0x08018044
1777260660.399,2110335,4,6,GNSS,255,BROADCAST,0,HEARTBEAT,48,HEARTBEAT,0,0,0,0,0,0,0x1001BFC0
1777260661.357,2111333,4,6,GNSS,255,BROADCAST,0,HEARTBEAT,48,HEARTBEAT,0,0,0,0,0,0,0x1001BFC0
1777260662.354,2112330,4,6,GNSS,255,BROADCAST,0,HEARTBEAT,48,HEARTBEAT,0,0,0,0,0,0,0x1001BFC0
1777260663.370,2113327,4,6,GNSS,255,BROADCAST,0,HEARTBEAT,48,HEARTBEAT,0,0,0,0,0,0,0x1001BFC0
1777260664.349,2114324,4,6,GNSS,255,BROADCAST,0,HEARTBEAT,48,HEARTBEAT,0,0,0,0,0,0,0x1001BFC0
1777260664.389,2114326,4,6,GNSS,1,CDH,10,HEALTH,1,HEALTH_0x01,0,0,0,0,1,1,0x1001804A
1777260664.389,2114327,2,6,GNSS,1,CDH,4,TELEMETRY,2,TELEMETRY_0x02,0,0,0,0,0,0,0x08018044
1777260665.347,2115323,4,6,GNSS,255,BROADCAST,0,HEARTBEAT,48,HEARTBEAT,0,0,0,0,0,0,0x1001BFC0
1777260666.343,2116320,4,6,GNSS,255,BROADCAST,0,HEARTBEAT,48,HEARTBEAT,0,0,0,0,0,0,0x1001BFC0
1777260667.367,2117317,4,6,GNSS,255,BROADCAST,0,HEARTBEAT,48,HEARTBEAT,0,0,0,0,0,0,0x1001BFC0
1777260668.339,2118315,4,6,GNSS,255,BROADCAST,0,HEARTBEAT,48,HEARTBEAT,0,0,0,0,0,0,0x1001BFC0
1777260669.336,2119312,4,6,GNSS,255,BROADCAST,0,HEARTBEAT,48,HEARTBEAT,0,0,0,0,0,0,0x1001BFC0
1777260669.337,2119313,4,6,GNSS,1,CDH,10,HEALTH,1,HEALTH_0x01,0,0,0,0,1,1,0x1001804A
1777260669.338,2119314,2,6,GNSS,1,CDH,4,TELEMETRY,2,TELEMETRY_0x02,0,0,0,0,0,0,0x08018044
1777260670.338,2120310,4,6,GNSS,255,BROADCAST,0,HEARTBEAT,48,HEARTBEAT,0,0,0,0,0,0,0x1001BFC0
1777260671.343,2121307,4,6,GNSS,255,BROADCAST,0,HEARTBEAT,48,HEARTBEAT,0,0,0,0,0,0,0x1001BFC0
1777260672.329,2122305,4,6,GNSS,255,BROADCAST,0,HEARTBEAT,48,HEARTBEAT,0,0,0,0,0,0,0x1001BFC0
1777260673.329,2123302,4,6,GNSS,255,BROADCAST,0,HEARTBEAT,48,HEARTBEAT,0,0,0,0,0,0,0x1001BFC0
1777260674.325,2124299,4,6,GNSS,255,BROADCAST,0,HEARTBEAT,48,HEARTBEAT,0,0,0,0,0,0,0x1001BFC0
1777260674.325,2124300,4,6,GNSS,1,CDH,10,HEALTH,1,HEALTH_0x01,0,0,0,0,1,1,0x1001804A
1777260674.325,2124302,2,6,GNSS,1,CDH,4,TELEMETRY,2,TELEMETRY_0x02,0,0,0,0,0,0,0x08018044
1777260675.349,2125298,4,6,GNSS,255,BROADCAST,0,HEARTBEAT,48,HEARTBEAT,0,0,0,0,0,0,0x1001BFC0
1777260676.321,2126295,4,6,GNSS,255,BROADCAST,0,HEARTBEAT,48,HEARTBEAT,0,0,0,0,0,0,0x1001BFC0
1777260677.331,2127292,4,6,GNSS,255,BROADCAST,0,HEARTBEAT,48,HEARTBEAT,0,0,0,0,0,0,0x1001BFC0
1777260678.325,2128290,4,6,GNSS,255,BROADCAST,0,HEARTBEAT,48,HEARTBEAT,0,0,0,0,0,0,0x1001BFC0
1777260679.344,2129287,4,6,GNSS,255,BROADCAST,0,HEARTBEAT,48,HEARTBEAT,0,0,0,0,0,0,0x1001BFC0
1777260679.344,2129288,4,6,GNSS,1,CDH,10,HEALTH,1,HEALTH_0x01,0,0,0,0,1,1,0x1001804A
1777260679.344,2129289,2,6,GNSS,1,CDH,4,TELEMETRY,2,TELEMETRY_0x02,0,0,0,0,0,0,0x08018044
1777260680.310,2130285,4,6,GNSS,255,BROADCAST,0,HEARTBEAT,48,HEARTBEAT,0,0,0,0,0,0,0x1001BFC0
1777260681.307,2131283,4,6,GNSS,255,BROADCAST,0,HEARTBEAT,48,HEARTBEAT,0,0,0,0,0,0,0x1001BFC0
1777260682.313,2132280,4,6,GNSS,255,BROADCAST,0,HEARTBEAT,48,HEARTBEAT,0,0,0,0,0,0,0x1001BFC0
1777260683.326,2133277,4,6,GNSS,255,BROADCAST,0,HEARTBEAT,48,HEARTBEAT,0,0,0,0,0,0,0x1001BFC0
1777260684.300,2134274,4,6,GNSS,255,BROADCAST,0,HEARTBEAT,48,HEARTBEAT,0,0,0,0,0,0,0x1001BFC0
1777260684.300,2134275,4,6,GNSS,1,CDH,10,HEALTH,1,HEALTH_0x01,0,0,0,0,1,1,0x1001804A
1777260684.300,2134277,2,6,GNSS,1,CDH,4,TELEMETRY,2,TELEMETRY_0x02,0,0,0,0,0,0,0x08018044
1777260685.297,2135273,4,6,GNSS,255,BROADCAST,0,HEARTBEAT,48,HEARTBEAT,0,0,0,0,0,0,0x1001BFC0
1777260686.311,2136270,4,6,GNSS,255,BROADCAST,0,HEARTBEAT,48,HEARTBEAT,0,0,0,0,0,0,0x1001BFC0
1777260687.331,2137267,4,6,GNSS,255,BROADCAST,0,HEARTBEAT,48,HEARTBEAT,0,0,0,0,0,0,0x1001BFC0
1777260688.289,2138264,4,6,GNSS,255,BROADCAST,0,HEARTBEAT,48,HEARTBEAT,0,0,0,0,0,0,0x1001BFC0
1777260689.287,2139262,4,6,GNSS,255,BROADCAST,0,HEARTBEAT,48,HEARTBEAT,0,0,0,0,0,0,0x1001BFC0
1777260689.287,2139263,4,6,GNSS,1,CDH,10,HEALTH,1,HEALTH_0x01,0,0,0,0,1,1,0x1001804A
1777260689.288,2139264,2,6,GNSS,1,CDH,4,TELEMETRY,2,TELEMETRY_0x02,0,0,0,0,0,0,0x08018044
1777260690.287,2140260,4,6,GNSS,255,BROADCAST,0,HEARTBEAT,48,HEARTBEAT,0,0,0,0,0,0,0x1001BFC0
1777260691.317,2141257,4,6,GNSS,255,BROADCAST,0,HEARTBEAT,48,HEARTBEAT,0,0,0,0,0,0,0x1001BFC0
1777260692.280,2142255,4,6,GNSS,255,BROADCAST,0,HEARTBEAT,48,HEARTBEAT,0,0,0,0,0,0,0x1001BFC0
1777260693.277,2143252,4,6,GNSS,255,BROADCAST,0,HEARTBEAT,48,HEARTBEAT,0,0,0,0,0,0,0x1001BFC0
1777260694.285,2144249,4,6,GNSS,255,BROADCAST,0,HEARTBEAT,48,HEARTBEAT,0,0,0,0,0,0,0x1001BFC0
1777260694.285,2144250,4,6,GNSS,1,CDH,10,HEALTH,1,HEALTH_0x01,0,0,0,0,1,1,0x1001804A
1777260694.285,2144251,2,6,GNSS,1,CDH,4,TELEMETRY,2,TELEMETRY_0x02,0,0,0,0,0,0,0x08018044
1777260695.272,2145248,4,6,GNSS,255,BROADCAST,0,HEARTBEAT,48,HEARTBEAT,0,0,0,0,0,0,0x1001BFC0
1777260696.270,2146245,4,6,GNSS,255,BROADCAST,0,HEARTBEAT,48,HEARTBEAT,0,0,0,0,0,0,0x1001BFC0
1777260697.267,2147242,4,6,GNSS,255,BROADCAST,0,HEARTBEAT,48,HEARTBEAT,0,0,0,0,0,0,0x1001BFC0
1777260698.289,2148240,4,6,GNSS,255,BROADCAST,0,HEARTBEAT,48,HEARTBEAT,0,0,0,0,0,0,0x1001BFC0
1777260699.261,2149237,4,6,GNSS,255,BROADCAST,0,HEARTBEAT,48,HEARTBEAT,0,0,0,0,0,0,0x1001BFC0
1777260699.263,2149238,4,6,GNSS,1,CDH,10,HEALTH,1,HEALTH_0x01,0,0,0,0,1,1,0x1001804A
1777260699.265,2149239,2,6,GNSS,1,CDH,4,TELEMETRY,2,TELEMETRY_0x02,0,0,0,0,0,0,0x08018044
1777260700.261,2150235,4,6,GNSS,255,BROADCAST,0,HEARTBEAT,48,HEARTBEAT,0,0,0,0,0,0,0x1001BFC0
1777260701.257,2151233,4,6,GNSS,255,BROADCAST,0,HEARTBEAT,48,HEARTBEAT,0,0,0,0,0,0,0x1001BFC0
1777260702.273,2152230,4,6,GNSS,255,BROADCAST,0,HEARTBEAT,48,HEARTBEAT,0,0,0,0,0,0,0x1001BFC0
1777260703.252,2153227,4,6,GNSS,255,BROADCAST,0,HEARTBEAT,48,HEARTBEAT,0,0,0,0,0,0,0x1001BFC0
1777260704.252,2154224,4,6,GNSS,255,BROADCAST,0,HEARTBEAT,48,HEARTBEAT,0,0,0,0,0,0,0x1001BFC0
1777260704.252,2154225,4,6,GNSS,1,CDH,10,HEALTH,1,HEALTH_0x01,0,0,0,0,1,1,0x1001804A
1777260704.252,2154227,2,6,GNSS,1,CDH,4,TELEMETRY,2,TELEMETRY_0x02,0,0,0,0,0,0,0x08018044
1777260705.254,2155223,4,6,GNSS,255,BROADCAST,0,HEARTBEAT,48,HEARTBEAT,0,0,0,0,0,0,0x1001BFC0
1777260706.277,2156220,4,6,GNSS,255,BROADCAST,0,HEARTBEAT,48,HEARTBEAT,0,0,0,0,0,0,0x1001BFC0
1777260707.243,2157217,4,6,GNSS,255,BROADCAST,0,HEARTBEAT,48,HEARTBEAT,0,0,0,0,0,0,0x1001BFC0
1777260708.240,2158215,4,6,GNSS,255,BROADCAST,0,HEARTBEAT,48,HEARTBEAT,0,0,0,0,0,0,0x1001BFC0
1777260709.239,2159212,4,6,GNSS,255,BROADCAST,0,HEARTBEAT,48,HEARTBEAT,0,0,0,0,0,0,0x1001BFC0
1777260709.239,2159213,4,6,GNSS,1,CDH,10,HEALTH,1,HEALTH_0x01,0,0,0,0,1,1,0x1001804A
1777260709.239,2159214,2,6,GNSS,1,CDH,4,TELEMETRY,2,TELEMETRY_0x02,0,0,0,0,0,0,0x08018044
1777260710.271,2160210,4,6,GNSS,255,BROADCAST,0,HEARTBEAT,48,HEARTBEAT,0,0,0,0,0,0,0x1001BFC0
1777260711.233,2161208,4,6,GNSS,255,BROADCAST,0,HEARTBEAT,48,HEARTBEAT,0,0,0,0,0,0,0x1001BFC0
1777260712.229,2162205,4,6,GNSS,255,BROADCAST,0,HEARTBEAT,48,HEARTBEAT,0,0,0,0,0,0,0x1001BFC0
1777260713.245,2163202,4,6,GNSS,255,BROADCAST,0,HEARTBEAT,48,HEARTBEAT,0,0,0,0,0,0,0x1001BFC0
1777260714.274,2164199,4,6,GNSS,255,BROADCAST,0,HEARTBEAT,48,HEARTBEAT,0,0,0,0,0,0,0x1001BFC0
1777260714.274,2164200,4,6,GNSS,1,CDH,10,HEALTH,1,HEALTH_0x01,0,0,0,0,1,1,0x1001804A
1777260714.274,2164202,2,6,GNSS,1,CDH,4,TELEMETRY,2,TELEMETRY_0x02,0,0,0,0,0,0,0x08018044
1777260715.223,2165198,4,6,GNSS,255,BROADCAST,0,HEARTBEAT,48,HEARTBEAT,0,0,0,0,0,0,0x1001BFC0
1777260716.220,2166195,4,6,GNSS,255,BROADCAST,0,HEARTBEAT,48,HEARTBEAT,0,0,0,0,0,0,0x1001BFC0
1777260717.234,2167192,4,6,GNSS,255,BROADCAST,0,HEARTBEAT,48,HEARTBEAT,0,0,0,0,0,0,0x1001BFC0
1777260718.257,2168189,4,6,GNSS,255,BROADCAST,0,HEARTBEAT,48,HEARTBEAT,0,0,0,0,0,0,0x1001BFC0
1777260719.211,2169187,4,6,GNSS,255,BROADCAST,0,HEARTBEAT,48,HEARTBEAT,0,0,0,0,0,0,0x1001BFC0
1777260719.213,2169188,4,6,GNSS,1,CDH,10,HEALTH,1,HEALTH_0x01,0,0,0,0,1,1,0x1001804A
1777260719.213,2169189,2,6,GNSS,1,CDH,4,TELEMETRY,2,TELEMETRY_0x02,0,0,0,0,0,0,0x08018044
1777260720.213,2170185,4,6,GNSS,255,BROADCAST,0,HEARTBEAT,48,HEARTBEAT,0,0,0,0,0,0,0x1001BFC0
1777260721.225,2171182,4,6,GNSS,255,BROADCAST,0,HEARTBEAT,48,HEARTBEAT,0,0,0,0,0,0,0x1001BFC0
1777260722.206,2172180,4,6,GNSS,255,BROADCAST,0,HEARTBEAT,48,HEARTBEAT,0,0,0,0,0,0,0x1001BFC0
1777260723.202,2173177,4,6,GNSS,255,BROADCAST,0,HEARTBEAT,48,HEARTBEAT,0,0,0,0,0,0,0x1001BFC0
1777260724.203,2174177,4,6,GNSS,255,BROADCAST,0,HEARTBEAT,48,HEARTBEAT,0,0,0,0,0,0,0x1001BFC0
1777260724.204,2174179,4,6,GNSS,1,CDH,10,HEALTH,1,HEALTH_0x01,0,0,0,0,1,1,0x1001804A
1777260724.205,2174180,2,6,GNSS,1,CDH,4,TELEMETRY,2,TELEMETRY_0x02,0,0,0,0,0,0,0x08018044
1777260725.209,2175173,4,6,GNSS,255,BROADCAST,0,HEARTBEAT,48,HEARTBEAT,0,0,0,0,0,0,0x1001BFC0
1777260726.195,2176170,4,6,GNSS,255,BROADCAST,0,HEARTBEAT,48,HEARTBEAT,0,0,0,0,0,0,0x1001BFC0
1777260727.193,2177167,4,6,GNSS,255,BROADCAST,0,HEARTBEAT,48,HEARTBEAT,0,0,0,0,0,0,0x1001BFC0
1777260728.190,2178165,4,6,GNSS,255,BROADCAST,0,HEARTBEAT,48,HEARTBEAT,0,0,0,0,0,0,0x1001BFC0
1777260729.209,2179162,4,6,GNSS,255,BROADCAST,0,HEARTBEAT,48,HEARTBEAT,0,0,0,0,0,0,0x1001BFC0
1777260729.209,2179163,4,6,GNSS,1,CDH,10,HEALTH,1,HEALTH_0x01,0,0,0,0,1,1,0x1001804A
1777260729.209,2179164,2,6,GNSS,1,CDH,4,TELEMETRY,2,TELEMETRY_0x02,0,0,0,0,0,0,0x08018044
1777260730.186,2180161,4,6,GNSS,255,BROADCAST,0,HEARTBEAT,48,HEARTBEAT,0,0,0,0,0,0,0x1001BFC0
1777260731.184,2181158,4,6,GNSS,255,BROADCAST,0,HEARTBEAT,48,HEARTBEAT,0,0,0,0,0,0,0x1001BFC0
1777260732.191,2182155,4,6,GNSS,255,BROADCAST,0,HEARTBEAT,48,HEARTBEAT,0,0,0,0,0,0,0x1001BFC0
1777260733.208,2183152,4,6,GNSS,255,BROADCAST,0,HEARTBEAT,48,HEARTBEAT,0,0,0,0,0,0,0x1001BFC0
1777260734.230,2184150,4,6,GNSS,255,BROADCAST,0,HEARTBEAT,48,HEARTBEAT,0,0,0,0,0,0,0x1001BFC0
1777260734.230,2184151,4,6,GNSS,1,CDH,10,HEALTH,1,HEALTH_0x01,0,0,0,0,1,1,0x1001804A
1777260734.230,2184152,2,6,GNSS,1,CDH,4,TELEMETRY,2,TELEMETRY_0x02,0,0,0,0,0,0,0x08018044
1777260735.176,2185148,4,6,GNSS,255,BROADCAST,0,HEARTBEAT,48,HEARTBEAT,0,0,0,0,0,0,0x1001BFC0
1777260736.175,2186145,4,6,GNSS,255,BROADCAST,0,HEARTBEAT,48,HEARTBEAT,0,0,0,0,0,0,0x1001BFC0
1777260737.201,2187143,4,6,GNSS,255,BROADCAST,0,HEARTBEAT,48,HEARTBEAT,0,0,0,0,0,0,0x1001BFC0
1777260738.169,2188140,4,6,GNSS,255,BROADCAST,0,HEARTBEAT,48,HEARTBEAT,0,0,0,0,0,0,0x1001BFC0
1777260739.249,2189137,4,6,GNSS,255,BROADCAST,0,HEARTBEAT,48,HEARTBEAT,0,0,0,0,0,0,0x1001BFC0
1777260739.249,2189140,4,6,GNSS,1,CDH,10,HEALTH,1,HEALTH_0x01,0,0,0,0,1,1,0x1001804A
1777260739.249,2189141,2,6,GNSS,1,CDH,4,TELEMETRY,2,TELEMETRY_0x02,0,0,0,0,0,0,0x08018044
1777260740.175,2190136,4,6,GNSS,255,BROADCAST,0,HEARTBEAT,48,HEARTBEAT,0,0,0,0,0,0,0x1001BFC0
1777260741.195,2191133,4,6,GNSS,255,BROADCAST,0,HEARTBEAT,48,HEARTBEAT,0,0,0,0,0,0,0x1001BFC0
1777260742.158,2192130,4,6,GNSS,255,BROADCAST,0,HEARTBEAT,48,HEARTBEAT,0,0,0,0,0,0,0x1001BFC0
1777260743.153,2193128,4,6,GNSS,255,BROADCAST,0,HEARTBEAT,48,HEARTBEAT,0,0,0,0,0,0,0x1001BFC0
1777260744.169,2194125,4,6,GNSS,255,BROADCAST,0,HEARTBEAT,48,HEARTBEAT,0,0,0,0,0,0,0x1001BFC0
1777260744.169,2194126,4,6,GNSS,1,CDH,10,HEALTH,1,HEALTH_0x01,0,0,0,0,1,1,0x1001804A
1777260744.169,2194127,2,6,GNSS,1,CDH,4,TELEMETRY,2,TELEMETRY_0x02,0,0,0,0,0,0,0x08018044
1777260745.182,2195123,4,6,GNSS,255,BROADCAST,0,HEARTBEAT,48,HEARTBEAT,0,0,0,0,0,0,0x1001BFC0
1777260746.146,2196121,4,6,GNSS,255,BROADCAST,0,HEARTBEAT,48,HEARTBEAT,0,0,0,0,0,0,0x1001BFC0
1777260747.143,2197118,4,6,GNSS,255,BROADCAST,0,HEARTBEAT,48,HEARTBEAT,0,0,0,0,0,0,0x1001BFC0
1777260748.159,2198115,4,6,GNSS,255,BROADCAST,0,HEARTBEAT,48,HEARTBEAT,0,0,0,0,0,0,0x1001BFC0
1777260749.143,2199113,4,6,GNSS,255,BROADCAST,0,HEARTBEAT,48,HEARTBEAT,0,0,0,0,0,0,0x1001BFC0
1777260749.143,2199114,4,6,GNSS,1,CDH,10,HEALTH,1,HEALTH_0x01,0,0,0,0,1,1,0x1001804A
1777260749.182,2199115,2,6,GNSS,1,CDH,4,TELEMETRY,2,TELEMETRY_0x02,0,0,0,0,0,0,0x08018044
1777260750.137,2200111,4,6,GNSS,255,BROADCAST,0,HEARTBEAT,48,HEARTBEAT,0,0,0,0,0,0,0x1001BFC0
1777260751.134,2201108,4,6,GNSS,255,BROADCAST,0,HEARTBEAT,48,HEARTBEAT,0,0,0,0,0,0,0x1001BFC0
1777260752.149,2202106,4,6,GNSS,255,BROADCAST,0,HEARTBEAT,48,HEARTBEAT,0,0,0,0,0,0,0x1001BFC0
1777260753.129,2203103,4,6,GNSS,255,BROADCAST,0,HEARTBEAT,48,HEARTBEAT,0,0,0,0,0,0,0x1001BFC0
1777260754.127,2204100,4,6,GNSS,255,BROADCAST,0,HEARTBEAT,48,HEARTBEAT,0,0,0,0,0,0,0x1001BFC0
1777260754.129,2204103,4,6,GNSS,1,CDH,10,HEALTH,1,HEALTH_0x01,0,0,0,0,1,1,0x1001804A
1777260754.129,2204104,2,6,GNSS,1,CDH,4,TELEMETRY,2,TELEMETRY_0x02,0,0,0,0,0,0,0x08018044
1777260755.124,2205099,4,6,GNSS,255,BROADCAST,0,HEARTBEAT,48,HEARTBEAT,0,0,0,0,0,0,0x1001BFC0
1777260756.157,2206096,4,6,GNSS,255,BROADCAST,0,HEARTBEAT,48,HEARTBEAT,0,0,0,0,0,0,0x1001BFC0
1777260757.119,2207093,4,6,GNSS,255,BROADCAST,0,HEARTBEAT,48,HEARTBEAT,0,0,0,0,0,0,0x1001BFC0
1777260758.117,2208090,4,6,GNSS,255,BROADCAST,0,HEARTBEAT,48,HEARTBEAT,0,0,0,0,0,0,0x1001BFC0
1777260759.116,2209088,4,6,GNSS,255,BROADCAST,0,HEARTBEAT,48,HEARTBEAT,0,0,0,0,0,0,0x1001BFC0
1777260759.116,2209089,4,6,GNSS,1,CDH,10,HEALTH,1,HEALTH_0x01,0,0,0,0,1,1,0x1001804A
1777260759.116,2209090,2,6,GNSS,1,CDH,4,TELEMETRY,2,TELEMETRY_0x02,0,0,0,0,0,0,0x08018044
1777260760.141,2210086,4,6,GNSS,255,BROADCAST,0,HEARTBEAT,48,HEARTBEAT,0,0,0,0,0,0,0x1001BFC0
1777260761.109,2211083,4,6,GNSS,255,BROADCAST,0,HEARTBEAT,48,HEARTBEAT,0,0,0,0,0,0,0x1001BFC0
1777260762.107,2212081,4,6,GNSS,255,BROADCAST,0,HEARTBEAT,48,HEARTBEAT,0,0,0,0,0,0,0x1001BFC0
1777260763.109,2213078,4,6,GNSS,255,BROADCAST,0,HEARTBEAT,48,HEARTBEAT,0,0,0,0,0,0,0x1001BFC0
1777260764.128,2214075,4,6,GNSS,255,BROADCAST,0,HEARTBEAT,48,HEARTBEAT,0,0,0,0,0,0,0x1001BFC0
1777260764.128,2214076,4,6,GNSS,1,CDH,10,HEALTH,1,HEALTH_0x01,0,0,0,0,1,1,0x1001804A
1777260764.128,2214078,2,6,GNSS,1,CDH,4,TELEMETRY,2,TELEMETRY_0x02,0,0,0,0,0,0,0x08018044
1777260765.099,2215074,4,6,GNSS,255,BROADCAST,0,HEARTBEAT,48,HEARTBEAT,0,0,0,0,0,0,0x1001BFC0
1777260766.096,2216071,4,6,GNSS,255,BROADCAST,0,HEARTBEAT,48,HEARTBEAT,0,0,0,0,0,0,0x1001BFC0
1777260767.098,2217069,4,6,GNSS,255,BROADCAST,0,HEARTBEAT,48,HEARTBEAT,0,0,0,0,0,0,0x1001BFC0
1777260768.126,2218066,4,6,GNSS,255,BROADCAST,0,HEARTBEAT,48,HEARTBEAT,0,0,0,0,0,0,0x1001BFC0
1777260769.091,2219063,4,6,GNSS,255,BROADCAST,0,HEARTBEAT,48,HEARTBEAT,0,0,0,0,0,0,0x1001BFC0
1777260769.091,2219064,4,6,GNSS,1,CDH,10,HEALTH,1,HEALTH_0x01,0,0,0,0,1,1,0x1001804A
1777260769.091,2219065,2,6,GNSS,1,CDH,4,TELEMETRY,2,TELEMETRY_0x02,0,0,0,0,0,0,0x08018044
1777260770.089,2220062,4,6,GNSS,255,BROADCAST,0,HEARTBEAT,48,HEARTBEAT,0,0,0,0,0,0,0x1001BFC0
1777260771.093,2221059,4,6,GNSS,255,BROADCAST,0,HEARTBEAT,48,HEARTBEAT,0,0,0,0,0,0,0x1001BFC0
1777260772.122,2222056,4,6,GNSS,255,BROADCAST,0,HEARTBEAT,48,HEARTBEAT,0,0,0,0,0,0,0x1001BFC0
1777260773.080,2223054,4,6,GNSS,255,BROADCAST,0,HEARTBEAT,48,HEARTBEAT,0,0,0,0,0,0,0x1001BFC0
1777260774.077,2224051,4,6,GNSS,255,BROADCAST,0,HEARTBEAT,48,HEARTBEAT,0,0,0,0,0,0,0x1001BFC0
1777260774.078,2224052,4,6,GNSS,1,CDH,10,HEALTH,1,HEALTH_0x01,0,0,0,0,1,1,0x1001804A
1777260774.079,2224053,2,6,GNSS,1,CDH,4,TELEMETRY,2,TELEMETRY_0x02,0,0,0,0,0,0,0x08018044
1777260775.091,2225049,4,6,GNSS,255,BROADCAST,0,HEARTBEAT,48,HEARTBEAT,0,0,0,0,0,0,0x1001BFC0
1777260776.114,2226047,4,6,GNSS,255,BROADCAST,0,HEARTBEAT,48,HEARTBEAT,0,0,0,0,0,0,0x1001BFC0
1777260777.070,2227044,4,6,GNSS,255,BROADCAST,0,HEARTBEAT,48,HEARTBEAT,0,0,0,0,0,0,0x1001BFC0
1777260778.069,2228041,4,6,GNSS,255,BROADCAST,0,HEARTBEAT,48,HEARTBEAT,0,0,0,0,0,0,0x1001BFC0
1777260779.083,2229039,4,6,GNSS,255,BROADCAST,0,HEARTBEAT,48,HEARTBEAT,0,0,0,0,0,0,0x1001BFC0
1777260779.083,2229040,4,6,GNSS,1,CDH,10,HEALTH,1,HEALTH_0x01,0,0,0,0,1,1,0x1001804A
1777260779.083,2229041,2,6,GNSS,1,CDH,4,TELEMETRY,2,TELEMETRY_0x02,0,0,0,0,0,0,0x08018044
1777260780.063,2230037,4,6,GNSS,255,BROADCAST,0,HEARTBEAT,48,HEARTBEAT,0,0,0,0,0,0,0x1001BFC0
1777260781.061,2231034,4,6,GNSS,255,BROADCAST,0,HEARTBEAT,48,HEARTBEAT,0,0,0,0,0,0,0x1001BFC0
1777260782.066,2232032,4,6,GNSS,255,BROADCAST,0,HEARTBEAT,48,HEARTBEAT,0,0,0,0,0,0,0x1001BFC0
1777260783.078,2233029,4,6,GNSS,255,BROADCAST,0,HEARTBEAT,48,HEARTBEAT,0,0,0,0,0,0,0x1001BFC0
1777260784.052,2234026,4,6,GNSS,255,BROADCAST,0,HEARTBEAT,48,HEARTBEAT,0,0,0,0,0,0,0x1001BFC0
1777260784.053,2234027,4,6,GNSS,1,CDH,10,HEALTH,1,HEALTH_0x01,0,0,0,0,1,1,0x1001804A
1777260784.055,2234028,2,6,GNSS,1,CDH,4,TELEMETRY,2,TELEMETRY_0x02,0,0,0,0,0,0,0x08018044
1777260785.051,2235025,4,6,GNSS,255,BROADCAST,0,HEARTBEAT,48,HEARTBEAT,0,0,0,0,0,0,0x1001BFC0
1777260786.048,2236022,4,6,GNSS,255,BROADCAST,0,HEARTBEAT,48,HEARTBEAT,0,0,0,0,0,0,0x1001BFC0
1777260787.059,2237019,4,6,GNSS,255,BROADCAST,0,HEARTBEAT,48,HEARTBEAT,0,0,0,0,0,0,0x1001BFC0
1777260788.043,2238016,4,6,GNSS,255,BROADCAST,0,HEARTBEAT,48,HEARTBEAT,0,0,0,0,0,0,0x1001BFC0
1777260789.040,2239014,4,6,GNSS,255,BROADCAST,0,HEARTBEAT,48,HEARTBEAT,0,0,0,0,0,0,0x1001BFC0
1777260789.041,2239015,4,6,GNSS,1,CDH,10,HEALTH,1,HEALTH_0x01,0,0,0,0,1,1,0x1001804A
1777260789.043,2239016,2,6,GNSS,1,CDH,4,TELEMETRY,2,TELEMETRY_0x02,0,0,0,0,0,0,0x08018044
1777260790.041,2240012,4,6,GNSS,255,BROADCAST,0,HEARTBEAT,48,HEARTBEAT,0,0,0,0,0,0,0x1001BFC0
1777260791.075,2241009,4,6,GNSS,255,BROADCAST,0,HEARTBEAT,48,HEARTBEAT,0,0,0,0,0,0,0x1001BFC0
1777260792.033,2242006,4,6,GNSS,255,BROADCAST,0,HEARTBEAT,48,HEARTBEAT,0,0,0,0,0,0,0x1001BFC0
1777260793.030,2243004,4,6,GNSS,255,BROADCAST,0,HEARTBEAT,48,HEARTBEAT,0,0,0,0,0,0,0x1001BFC0
1777260794.036,2244001,4,6,GNSS,255,BROADCAST,0,HEARTBEAT,48,HEARTBEAT,0,0,0,0,0,0,0x1001BFC0
1777260794.036,2244003,4,6,GNSS,1,CDH,10,HEALTH,1,HEALTH_0x01,0,0,0,0,1,1,0x1001804A
1777260794.036,2244005,2,6,GNSS,1,CDH,4,TELEMETRY,2,TELEMETRY_0x02,0,0,0,0,0,0,0x08018044
1777260795.066,2244999,4,6,GNSS,255,BROADCAST,0,HEARTBEAT,48,HEARTBEAT,0,0,0,0,0,0,0x1001BFC0
1777260796.024,2245997,4,6,GNSS,255,BROADCAST,0,HEARTBEAT,48,HEARTBEAT,0,0,0,0,0,0,0x1001BFC0
1777260797.021,2246994,4,6,GNSS,255,BROADCAST,0,HEARTBEAT,48,HEARTBEAT,0,0,0,0,0,0,0x1001BFC0
1777260798.019,2247991,4,6,GNSS,255,BROADCAST,0,HEARTBEAT,48,HEARTBEAT,0,0,0,0,0,0,0x1001BFC0
1777260799.046,2248988,4,6,GNSS,255,BROADCAST,0,HEARTBEAT,48,HEARTBEAT,0,0,0,0,0,0,0x1001BFC0
1777260799.046,2248989,4,6,GNSS,1,CDH,10,HEALTH,1,HEALTH_0x01,0,0,0,0,1,1,0x1001804A
1777260799.046,2248991,2,6,GNSS,1,CDH,4,TELEMETRY,2,TELEMETRY_0x02,0,0,0,0,0,0,0x08018044
1777260800.013,2249987,4,6,GNSS,255,BROADCAST,0,HEARTBEAT,48,HEARTBEAT,0,0,0,0,0,0,0x1001BFC0
1777260801.011,2250984,4,6,GNSS,255,BROADCAST,0,HEARTBEAT,48,HEARTBEAT,0,0,0,0,0,0,0x1001BFC0
1777260802.034,2251981,4,6,GNSS,255,BROADCAST,0,HEARTBEAT,48,HEARTBEAT,0,0,0,0,0,0,0x1001BFC0
1777260803.041,2252978,4,6,GNSS,255,BROADCAST,0,HEARTBEAT,48,HEARTBEAT,0,0,0,0,0,0,0x1001BFC0
1777260804.003,2253976,4,6,GNSS,255,BROADCAST,0,HEARTBEAT,48,HEARTBEAT,0,0,0,0,0,0,0x1001BFC0
1777260804.003,2253977,4,6,GNSS,1,CDH,10,HEALTH,1,HEALTH_0x01,0,0,0,0,1,1,0x1001804A
1777260804.004,2253978,2,6,GNSS,1,CDH,4,TELEMETRY,2,TELEMETRY_0x02,0,0,0,0,0,0,0x08018044
1777260805.001,2254974,4,6,GNSS,255,BROADCAST,0,HEARTBEAT,48,HEARTBEAT,0,0,0,0,0,0,0x1001BFC0
1777260806.016,2255971,4,6,GNSS,255,BROADCAST,0,HEARTBEAT,48,HEARTBEAT,0,0,0,0,0,0,0x1001BFC0
1777260807.039,2256968,4,6,GNSS,255,BROADCAST,0,HEARTBEAT,48,HEARTBEAT,0,0,0,0,0,0,0x1001BFC0
1777260807.992,2257966,4,6,GNSS,255,BROADCAST,0,HEARTBEAT,48,HEARTBEAT,0,0,0,0,0,0,0x1001BFC0
1777260808.990,2258963,4,6,GNSS,255,BROADCAST,0,HEARTBEAT,48,HEARTBEAT,0,0,0,0,0,0,0x1001BFC0
1777260808.991,2258964,4,6,GNSS,1,CDH,10,HEALTH,1,HEALTH_0x01,0,0,0,0,1,1,0x1001804A
1777260808.991,2258965,2,6,GNSS,1,CDH,4,TELEMETRY,2,TELEMETRY_0x02,0,0,0,0,0,0,0x08018044
1777260810.002,2259962,4,6,GNSS,255,BROADCAST,0,HEARTBEAT,48,HEARTBEAT,0,0,0,0,0,0,0x1001BFC0
1777260810.988,2260959,4,6,GNSS,255,BROADCAST,0,HEARTBEAT,48,HEARTBEAT,0,0,0,0,0,0,0x1001BFC0
1777260811.984,2261956,4,6,GNSS,255,BROADCAST,0,HEARTBEAT,48,HEARTBEAT,0,0,0,0,0,0,0x1001BFC0
1777260812.980,2262953,4,6,GNSS,255,BROADCAST,0,HEARTBEAT,48,HEARTBEAT,0,0,0,0,0,0,0x1001BFC0
1777260814.015,2263950,4,6,GNSS,255,BROADCAST,0,HEARTBEAT,48,HEARTBEAT,0,0,0,0,0,0,0x1001BFC0
1777260814.015,2263951,4,6,GNSS,1,CDH,10,HEALTH,1,HEALTH_0x01,0,0,0,0,1,1,0x1001804A
1777260814.015,2263953,2,6,GNSS,1,CDH,4,TELEMETRY,2,TELEMETRY_0x02,0,0,0,0,0,0,0x08018044
1777260814.976,2264949,4,6,GNSS,255,BROADCAST,0,HEARTBEAT,48,HEARTBEAT,0,0,0,0,0,0,0x1001BFC0
1777260815.972,2265946,4,6,GNSS,255,BROADCAST,0,HEARTBEAT,48,HEARTBEAT,0,0,0,0,0,0,0x1001BFC0
1777260816.973,2266943,4,6,GNSS,255,BROADCAST,0,HEARTBEAT,48,HEARTBEAT,0,0,0,0,0,0,0x1001BFC0
1777260818.001,2267940,4,6,GNSS,255,BROADCAST,0,HEARTBEAT,48,HEARTBEAT,0,0,0,0,0,0,0x1001BFC0
1777260818.966,2268938,4,6,GNSS,255,BROADCAST,0,HEARTBEAT,48,HEARTBEAT,0,0,0,0,0,0,0x1001BFC0
1777260818.966,2268939,4,6,GNSS,1,CDH,10,HEALTH,1,HEALTH_0x01,0,0,0,0,1,1,0x1001804A
1777260818.966,2268940,2,6,GNSS,1,CDH,4,TELEMETRY,2,TELEMETRY_0x02,0,0,0,0,0,0,0x08018044
1777260819.963,2269936,4,6,GNSS,255,BROADCAST,0,HEARTBEAT,48,HEARTBEAT,0,0,0,0,0,0,0x1001BFC0
1777260820.968,2270934,4,6,GNSS,255,BROADCAST,0,HEARTBEAT,48,HEARTBEAT,0,0,0,0,0,0,0x1001BFC0
1777260821.993,2271931,4,6,GNSS,255,BROADCAST,0,HEARTBEAT,48,HEARTBEAT,0,0,0,0,0,0,0x1001BFC0
1777260822.955,2272928,4,6,GNSS,255,BROADCAST,0,HEARTBEAT,48,HEARTBEAT,0,0,0,0,0,0,0x1001BFC0
1777260823.952,2273925,4,6,GNSS,255,BROADCAST,0,HEARTBEAT,48,HEARTBEAT,0,0,0,0,0,0,0x1001BFC0
1777260823.953,2273926,4,6,GNSS,1,CDH,10,HEALTH,1,HEALTH_0x01,0,0,0,0,1,1,0x1001804A
1777260823.954,2273927,2,6,GNSS,1,CDH,4,TELEMETRY,2,TELEMETRY_0x02,0,0,0,0,0,0,0x08018044
1777260824.962,2274924,4,6,GNSS,255,BROADCAST,0,HEARTBEAT,48,HEARTBEAT,0,0,0,0,0,0,0x1001BFC0
1777260825.989,2275921,4,6,GNSS,255,BROADCAST,0,HEARTBEAT,48,HEARTBEAT,0,0,0,0,0,0,0x1001BFC0
1777260826.945,2276918,4,6,GNSS,255,BROADCAST,0,HEARTBEAT,48,HEARTBEAT,0,0,0,0,0,0,0x1001BFC0
1777260827.942,2277916,4,6,GNSS,255,BROADCAST,0,HEARTBEAT,48,HEARTBEAT,0,0,0,0,0,0,0x1001BFC0
1777260828.949,2278913,4,6,GNSS,255,BROADCAST,0,HEARTBEAT,48,HEARTBEAT,0,0,0,0,0,0,0x1001BFC0
1777260828.949,2278914,4,6,GNSS,1,CDH,10,HEALTH,1,HEALTH_0x01,0,0,0,0,1,1,0x1001804A
1777260828.949,2278915,2,6,GNSS,1,CDH,4,TELEMETRY,2,TELEMETRY_0x02,0,0,0,0,0,0,0x08018044
1777260829.979,2279911,4,6,GNSS,255,BROADCAST,0,HEARTBEAT,48,HEARTBEAT,0,0,0,0,0,0,0x1001BFC0
1777260830.935,2280908,4,6,GNSS,255,BROADCAST,0,HEARTBEAT,48,HEARTBEAT,0,0,0,0,0,0,0x1001BFC0
1777260831.946,2281906,4,6,GNSS,255,BROADCAST,0,HEARTBEAT,48,HEARTBEAT,0,0,0,0,0,0,0x1001BFC0
1777260832.945,2282903,4,6,GNSS,255,BROADCAST,0,HEARTBEAT,48,HEARTBEAT,0,0,0,0,0,0,0x1001BFC0
1777260833.935,2283900,4,6,GNSS,255,BROADCAST,0,HEARTBEAT,48,HEARTBEAT,0,0,0,0,0,0,0x1001BFC0
1777260833.935,2283901,4,6,GNSS,1,CDH,10,HEALTH,1,HEALTH_0x01,0,0,0,0,1,1,0x1001804A
1777260833.935,2283902,2,6,GNSS,1,CDH,4,TELEMETRY,2,TELEMETRY_0x02,0,0,0,0,0,0,0x08018044
1777260834.929,2284899,4,6,GNSS,255,BROADCAST,0,HEARTBEAT,48,HEARTBEAT,0,0,0,0,0,0,0x1001BFC0
1777260835.923,2285896,4,6,GNSS,255,BROADCAST,0,HEARTBEAT,48,HEARTBEAT,0,0,0,0,0,0,0x1001BFC0
1777260836.930,2286893,4,6,GNSS,255,BROADCAST,0,HEARTBEAT,48,HEARTBEAT,0,0,0,0,0,0,0x1001BFC0
1777260837.918,2287890,4,6,GNSS,255,BROADCAST,0,HEARTBEAT,48,HEARTBEAT,0,0,0,0,0,0,0x1001BFC0
1777260838.915,2288888,4,6,GNSS,255,BROADCAST,0,HEARTBEAT,48,HEARTBEAT,0,0,0,0,0,0,0x1001BFC0
1777260838.916,2288889,4,6,GNSS,1,CDH,10,HEALTH,1,HEALTH_0x01,0,0,0,0,1,1,0x1001804A
1777260838.917,2288890,2,6,GNSS,1,CDH,4,TELEMETRY,2,TELEMETRY_0x02,0,0,0,0,0,0,0x08018044
1777260839.913,2289886,4,6,GNSS,255,BROADCAST,0,HEARTBEAT,48,HEARTBEAT,0,0,0,0,0,0,0x1001BFC0
1777260840.935,2290884,4,6,GNSS,255,BROADCAST,0,HEARTBEAT,48,HEARTBEAT,0,0,0,0,0,0,0x1001BFC0
1777260841.908,2291881,4,6,GNSS,255,BROADCAST,0,HEARTBEAT,48,HEARTBEAT,0,0,0,0,0,0,0x1001BFC0
1777260842.906,2292878,4,6,GNSS,255,BROADCAST,0,HEARTBEAT,48,HEARTBEAT,0,0,0,0,0,0,0x1001BFC0
1777260843.905,2293876,4,6,GNSS,255,BROADCAST,0,HEARTBEAT,48,HEARTBEAT,0,0,0,0,0,0,0x1001BFC0
1777260843.905,2293876,4,6,GNSS,1,CDH,10,HEALTH,1,HEALTH_0x01,0,0,0,0,1,1,0x1001804A
1777260843.905,2293878,2,6,GNSS,1,CDH,4,TELEMETRY,2,TELEMETRY_0x02,0,0,0,0,0,0,0x08018044
1777260844.923,2294874,4,6,GNSS,255,BROADCAST,0,HEARTBEAT,48,HEARTBEAT,0,0,0,0,0,0,0x1001BFC0
1777260845.898,2295871,4,6,GNSS,255,BROADCAST,0,HEARTBEAT,48,HEARTBEAT,0,0,0,0,0,0,0x1001BFC0
1777260846.896,2296869,4,6,GNSS,255,BROADCAST,0,HEARTBEAT,48,HEARTBEAT,0,0,0,0,0,0,0x1001BFC0
1777260847.901,2297866,4,6,GNSS,255,BROADCAST,0,HEARTBEAT,48,HEARTBEAT,0,0,0,0,0,0,0x1001BFC0
1777260848.923,2298863,4,6,GNSS,255,BROADCAST,0,HEARTBEAT,48,HEARTBEAT,0,0,0,0,0,0,0x1001BFC0
1777260848.923,2298864,4,6,GNSS,1,CDH,10,HEALTH,1,HEALTH_0x01,0,0,0,0,1,1,0x1001804A
1777260848.923,2298866,2,6,GNSS,1,CDH,4,TELEMETRY,2,TELEMETRY_0x02,0,0,0,0,0,0,0x08018044
1777260849.889,2299862,4,6,GNSS,255,BROADCAST,0,HEARTBEAT,48,HEARTBEAT,0,0,0,0,0,0,0x1001BFC0
1777260850.886,2300859,4,6,GNSS,255,BROADCAST,0,HEARTBEAT,48,HEARTBEAT,0,0,0,0,0,0,0x1001BFC0
1777260851.894,2301856,4,6,GNSS,255,BROADCAST,0,HEARTBEAT,48,HEARTBEAT,0,0,0,0,0,0,0x1001BFC0
1777260852.918,2302854,4,6,GNSS,255,BROADCAST,0,HEARTBEAT,48,HEARTBEAT,0,0,0,0,0,0,0x1001BFC0
1777260853.879,2303851,4,6,GNSS,255,BROADCAST,0,HEARTBEAT,48,HEARTBEAT,0,0,0,0,0,0,0x1001BFC0
1777260853.880,2303852,4,6,GNSS,1,CDH,10,HEALTH,1,HEALTH_0x01,0,0,0,0,1,1,0x1001804A
1777260853.881,2303853,2,6,GNSS,1,CDH,4,TELEMETRY,2,TELEMETRY_0x02,0,0,0,0,0,0,0x08018044
1777260854.881,2304850,4,6,GNSS,255,BROADCAST,0,HEARTBEAT,48,HEARTBEAT,0,0,0,0,0,0,0x1001BFC0
1777260855.888,2305847,4,6,GNSS,255,BROADCAST,0,HEARTBEAT,48,HEARTBEAT,0,0,0,0,0,0,0x1001BFC0
1777260856.913,2306844,4,6,GNSS,255,BROADCAST,0,HEARTBEAT,48,HEARTBEAT,0,0,0,0,0,0,0x1001BFC0
1777260857.869,2307842,4,6,GNSS,255,BROADCAST,0,HEARTBEAT,48,HEARTBEAT,0,0,0,0,0,0,0x1001BFC0
1777260858.871,2308839,4,6,GNSS,255,BROADCAST,0,HEARTBEAT,48,HEARTBEAT,0,0,0,0,0,0,0x1001BFC0
1777260858.873,2308842,4,6,GNSS,1,CDH,10,HEALTH,1,HEALTH_0x01,0,0,0,0,1,1,0x1001804A
1777260858.873,2308843,2,6,GNSS,1,CDH,4,TELEMETRY,2,TELEMETRY_0x02,0,0,0,0,0,0,0x08018044
1777260859.882,2309837,4,6,GNSS,255,BROADCAST,0,HEARTBEAT,48,HEARTBEAT,0,0,0,0,0,0,0x1001BFC0
1777260860.905,2310835,4,6,GNSS,255,BROADCAST,0,HEARTBEAT,48,HEARTBEAT,0,0,0,0,0,0,0x1001BFC0
1777260861.860,2311832,4,6,GNSS,255,BROADCAST,0,HEARTBEAT,48,HEARTBEAT,0,0,0,0,0,0,0x1001BFC0
1777260862.856,2312829,4,6,GNSS,255,BROADCAST,0,HEARTBEAT,48,HEARTBEAT,0,0,0,0,0,0,0x1001BFC0
1777260863.861,2313827,4,6,GNSS,255,BROADCAST,0,HEARTBEAT,48,HEARTBEAT,0,0,0,0,0,0,0x1001BFC0
1777260863.861,2313828,4,6,GNSS,1,CDH,10,HEALTH,1,HEALTH_0x01,0,0,0,0,1,1,0x1001804A
1777260863.861,2313829,2,6,GNSS,1,CDH,4,TELEMETRY,2,TELEMETRY_0x02,0,0,0,0,0,0,0x08018044
1777260864.854,2314825,4,6,GNSS,255,BROADCAST,0,HEARTBEAT,48,HEARTBEAT,0,0,0,0,0,0,0x1001BFC0
1777260865.850,2315822,4,6,GNSS,255,BROADCAST,0,HEARTBEAT,48,HEARTBEAT,0,0,0,0,0,0,0x1001BFC0
1777260866.847,2316819,4,6,GNSS,255,BROADCAST,0,HEARTBEAT,48,HEARTBEAT,0,0,0,0,0,0,0x1001BFC0
1777260867.871,2317817,4,6,GNSS,255,BROADCAST,0,HEARTBEAT,48,HEARTBEAT,0,0,0,0,0,0,0x1001BFC0
1777260868.842,2318814,4,6,GNSS,255,BROADCAST,0,HEARTBEAT,48,HEARTBEAT,0,0,0,0,0,0,0x1001BFC0
1777260868.843,2318815,4,6,GNSS,1,CDH,10,HEALTH,1,HEALTH_0x01,0,0,0,0,1,1,0x1001804A
1777260868.843,2318816,2,6,GNSS,1,CDH,4,TELEMETRY,2,TELEMETRY_0x02,0,0,0,0,0,0,0x08018044
1777260869.840,2319812,4,6,GNSS,255,BROADCAST,0,HEARTBEAT,48,HEARTBEAT,0,0,0,0,0,0,0x1001BFC0
1777260870.838,2320810,4,6,GNSS,255,BROADCAST,0,HEARTBEAT,48,HEARTBEAT,0,0,0,0,0,0,0x1001BFC0
1777260871.852,2321807,4,6,GNSS,255,BROADCAST,0,HEARTBEAT,48,HEARTBEAT,0,0,0,0,0,0,0x1001BFC0
1777260872.835,2322805,4,6,GNSS,255,BROADCAST,0,HEARTBEAT,48,HEARTBEAT,0,0,0,0,0,0,0x1001BFC0
1777260873.830,2323802,4,6,GNSS,255,BROADCAST,0,HEARTBEAT,48,HEARTBEAT,0,0,0,0,0,0,0x1001BFC0
1777260873.835,2323805,4,6,GNSS,1,CDH,10,HEALTH,1,HEALTH_0x01,0,0,0,0,1,1,0x1001804A
1777260873.835,2323806,2,6,GNSS,1,CDH,4,TELEMETRY,2,TELEMETRY_0x02,0,0,0,0,0,0,0x08018044
1777260874.832,2324801,4,6,GNSS,255,BROADCAST,0,HEARTBEAT,48,HEARTBEAT,0,0,0,0,0,0,0x1001BFC0
1777260875.857,2325798,4,6,GNSS,255,BROADCAST,0,HEARTBEAT,48,HEARTBEAT,0,0,0,0,0,0,0x1001BFC0
1777260876.824,2326795,4,6,GNSS,255,BROADCAST,0,HEARTBEAT,48,HEARTBEAT,0,0,0,0,0,0,0x1001BFC0
1777260877.821,2327793,4,6,GNSS,255,BROADCAST,0,HEARTBEAT,48,HEARTBEAT,0,0,0,0,0,0,0x1001BFC0
1777260878.820,2328790,4,6,GNSS,255,BROADCAST,0,HEARTBEAT,48,HEARTBEAT,0,0,0,0,0,0,0x1001BFC0
1777260878.820,2328791,4,6,GNSS,1,CDH,10,HEALTH,1,HEALTH_0x01,0,0,0,0,1,1,0x1001804A
1777260878.820,2328792,2,6,GNSS,1,CDH,4,TELEMETRY,2,TELEMETRY_0x02,0,0,0,0,0,0,0x08018044
1777260879.847,2329788,4,6,GNSS,255,BROADCAST,0,HEARTBEAT,48,HEARTBEAT,0,0,0,0,0,0,0x1001BFC0
1777260880.814,2330786,4,6,GNSS,255,BROADCAST,0,HEARTBEAT,48,HEARTBEAT,0,0,0,0,0,0,0x1001BFC0
1777260881.811,2331783,4,6,GNSS,255,BROADCAST,0,HEARTBEAT,48,HEARTBEAT,0,0,0,0,0,0,0x1001BFC0
1777260882.821,2332780,4,6,GNSS,255,BROADCAST,0,HEARTBEAT,48,HEARTBEAT,0,0,0,0,0,0,0x1001BFC0
1777260883.846,2333778,4,6,GNSS,255,BROADCAST,0,HEARTBEAT,48,HEARTBEAT,0,0,0,0,0,0,0x1001BFC0
1777260883.846,2333779,4,6,GNSS,1,CDH,10,HEALTH,1,HEALTH_0x01,0,0,0,0,1,1,0x1001804A
1777260883.846,2333780,2,6,GNSS,1,CDH,4,TELEMETRY,2,TELEMETRY_0x02,0,0,0,0,0,0,0x08018044
1777260884.805,2334776,4,6,GNSS,255,BROADCAST,0,HEARTBEAT,48,HEARTBEAT,0,0,0,0,0,0,0x1001BFC0
1777260885.801,2335773,4,6,GNSS,255,BROADCAST,0,HEARTBEAT,48,HEARTBEAT,0,0,0,0,0,0,0x1001BFC0
1777260886.816,2336771,4,6,GNSS,255,BROADCAST,0,HEARTBEAT,48,HEARTBEAT,0,0,0,0,0,0,0x1001BFC0
1777260887.841,2337768,4,6,GNSS,255,BROADCAST,0,HEARTBEAT,48,HEARTBEAT,0,0,0,0,0,0,0x1001BFC0
1777260888.794,2338766,4,6,GNSS,255,BROADCAST,0,HEARTBEAT,48,HEARTBEAT,0,0,0,0,0,0,0x1001BFC0
1777260888.796,2338768,4,6,GNSS,1,CDH,10,HEALTH,1,HEALTH_0x01,0,0,0,0,1,1,0x1001804A
1777260888.797,2338769,2,6,GNSS,1,CDH,4,TELEMETRY,2,TELEMETRY_0x02,0,0,0,0,0,0,0x08018044
1777260889.792,2339764,4,6,GNSS,255,BROADCAST,0,HEARTBEAT,48,HEARTBEAT,0,0,0,0,0,0,0x1001BFC0
1777260890.806,2340762,4,6,GNSS,255,BROADCAST,0,HEARTBEAT,48,HEARTBEAT,0,0,0,0,0,0,0x1001BFC0
1777260891.787,2341759,4,6,GNSS,255,BROADCAST,0,HEARTBEAT,48,HEARTBEAT,0,0,0,0,0,0,0x1001BFC0
1777260892.785,2342756,4,6,GNSS,255,BROADCAST,0,HEARTBEAT,48,HEARTBEAT,0,0,0,0,0,0,0x1001BFC0
1777260893.782,2343754,4,6,GNSS,255,BROADCAST,0,HEARTBEAT,48,HEARTBEAT,0,0,0,0,0,0,0x1001BFC0
1777260893.783,2343755,4,6,GNSS,1,CDH,10,HEALTH,1,HEALTH_0x01,0,0,0,0,1,1,0x1001804A
1777260893.783,2343756,2,6,GNSS,1,CDH,4,TELEMETRY,2,TELEMETRY_0x02,0,0,0,0,0,0,0x08018044
1777260894.800,2344752,4,6,GNSS,255,BROADCAST,0,HEARTBEAT,48,HEARTBEAT,0,0,0,0,0,0,0x1001BFC0
1777260895.779,2345749,4,6,GNSS,255,BROADCAST,0,HEARTBEAT,48,HEARTBEAT,0,0,0,0,0,0,0x1001BFC0
1777260896.775,2346747,4,6,GNSS,255,BROADCAST,0,HEARTBEAT,48,HEARTBEAT,0,0,0,0,0,0,0x1001BFC0
1777260897.772,2347744,4,6,GNSS,255,BROADCAST,0,HEARTBEAT,48,HEARTBEAT,0,0,0,0,0,0,0x1001BFC0
1777260898.804,2348741,4,6,GNSS,255,BROADCAST,0,HEARTBEAT,48,HEARTBEAT,0,0,0,0,0,0,0x1001BFC0
1777260898.804,2348742,4,6,GNSS,1,CDH,10,HEALTH,1,HEALTH_0x01,0,0,0,0,1,1,0x1001804A
1777260898.804,2348744,2,6,GNSS,1,CDH,4,TELEMETRY,2,TELEMETRY_0x02,0,0,0,0,0,0,0x08018044
1777260899.768,2349740,4,6,GNSS,255,BROADCAST,0,HEARTBEAT,48,HEARTBEAT,0,0,0,0,0,0,0x1001BFC0
1777260900.765,2350737,4,6,GNSS,255,BROADCAST,0,HEARTBEAT,48,HEARTBEAT,0,0,0,0,0,0,0x1001BFC0
1777260901.764,2351734,4,6,GNSS,255,BROADCAST,0,HEARTBEAT,48,HEARTBEAT,0,0,0,0,0,0,0x1001BFC0
1777260902.789,2352732,4,6,GNSS,255,BROADCAST,0,HEARTBEAT,48,HEARTBEAT,0,0,0,0,0,0,0x1001BFC0
1777260903.758,2353729,4,6,GNSS,255,BROADCAST,0,HEARTBEAT,48,HEARTBEAT,0,0,0,0,0,0,0x1001BFC0
1777260903.758,2353730,4,6,GNSS,1,CDH,10,HEALTH,1,HEALTH_0x01,0,0,0,0,1,1,0x1001804A
1777260903.759,2353732,2,6,GNSS,1,CDH,4,TELEMETRY,2,TELEMETRY_0x02,0,0,0,0,0,0,0x08018044
1777260904.756,2354728,4,6,GNSS,255,BROADCAST,0,HEARTBEAT,48,HEARTBEAT,0,0,0,0,0,0,0x1001BFC0
1777260905.758,2355725,4,6,GNSS,255,BROADCAST,0,HEARTBEAT,48,HEARTBEAT,0,0,0,0,0,0,0x1001BFC0
1777260906.783,2356722,4,6,GNSS,255,BROADCAST,0,HEARTBEAT,48,HEARTBEAT,0,0,0,0,0,0,0x1001BFC0
1777260907.748,2357720,4,6,GNSS,255,BROADCAST,0,HEARTBEAT,48,HEARTBEAT,0,0,0,0,0,0,0x1001BFC0
1777260908.753,2358717,4,6,GNSS,255,BROADCAST,0,HEARTBEAT,48,HEARTBEAT,0,0,0,0,0,0,0x1001BFC0
1777260908.753,2358718,4,6,GNSS,1,CDH,10,HEALTH,1,HEALTH_0x01,0,0,0,0,1,1,0x1001804A
1777260908.753,2358719,2,6,GNSS,1,CDH,4,TELEMETRY,2,TELEMETRY_0x02,0,0,0,0,0,0,0x08018044
1777260909.752,2359716,4,6,GNSS,255,BROADCAST,0,HEARTBEAT,48,HEARTBEAT,0,0,0,0,0,0,0x1001BFC0
1777260910.778,2360713,4,6,GNSS,255,BROADCAST,0,HEARTBEAT,48,HEARTBEAT,0,0,0,0,0,0,0x1001BFC0
1777260911.739,2361710,4,6,GNSS,255,BROADCAST,0,HEARTBEAT,48,HEARTBEAT,0,0,0,0,0,0,0x1001BFC0
1777260912.741,2362708,4,6,GNSS,255,BROADCAST,0,HEARTBEAT,48,HEARTBEAT,0,0,0,0,0,0,0x1001BFC0
1777260913.756,2363705,4,6,GNSS,255,BROADCAST,0,HEARTBEAT,48,HEARTBEAT,0,0,0,0,0,0,0x1001BFC0
1777260913.756,2363706,4,6,GNSS,1,CDH,10,HEALTH,1,HEALTH_0x01,0,0,0,0,1,1,0x1001804A
1777260913.756,2363707,2,6,GNSS,1,CDH,4,TELEMETRY,2,TELEMETRY_0x02,0,0,0,0,0,0,0x08018044
1777260914.771,2364703,4,6,GNSS,255,BROADCAST,0,HEARTBEAT,48,HEARTBEAT,0,0,0,0,0,0,0x1001BFC0
1777260915.731,2365701,4,6,GNSS,255,BROADCAST,0,HEARTBEAT,48,HEARTBEAT,0,0,0,0,0,0,0x1001BFC0
1777260916.743,2366698,4,6,GNSS,255,BROADCAST,0,HEARTBEAT,48,HEARTBEAT,0,0,0,0,0,0,0x1001BFC0
1777260917.757,2367695,4,6,GNSS,255,BROADCAST,0,HEARTBEAT,48,HEARTBEAT,0,0,0,0,0,0,0x1001BFC0
1777260918.762,2368693,4,6,GNSS,255,BROADCAST,0,HEARTBEAT,48,HEARTBEAT,0,0,0,0,0,0,0x1001BFC0
1777260918.762,2368694,4,6,GNSS,1,CDH,10,HEALTH,1,HEALTH_0x01,0,0,0,0,1,1,0x1001804A
1777260918.762,2368695,2,6,GNSS,1,CDH,4,TELEMETRY,2,TELEMETRY_0x02,0,0,0,0,0,0,0x08018044
1777260919.719,2369691,4,6,GNSS,255,BROADCAST,0,HEARTBEAT,48,HEARTBEAT,0,0,0,0,0,0,0x1001BFC0
1777260920.719,2370690,4,6,GNSS,255,BROADCAST,0,HEARTBEAT,48,HEARTBEAT,0,0,0,0,0,0,0x1001BFC0
1777260921.730,2371686,4,6,GNSS,255,BROADCAST,0,HEARTBEAT,48,HEARTBEAT,0,0,0,0,0,0,0x1001BFC0
1777260922.712,2372683,4,6,GNSS,255,BROADCAST,0,HEARTBEAT,48,HEARTBEAT,0,0,0,0,0,0,0x1001BFC0
1777260923.709,2373680,4,6,GNSS,255,BROADCAST,0,HEARTBEAT,48,HEARTBEAT,0,0,0,0,0,0,0x1001BFC0
1777260923.710,2373682,4,6,GNSS,1,CDH,10,HEALTH,1,HEALTH_0x01,0,0,0,0,1,1,0x1001804A
1777260923.711,2373683,2,6,GNSS,1,CDH,4,TELEMETRY,2,TELEMETRY_0x02,0,0,0,0,0,0,0x08018044
1777260924.715,2374679,4,6,GNSS,255,BROADCAST,0,HEARTBEAT,48,HEARTBEAT,0,0,0,0,0,0,0x1001BFC0
1777260925.726,2375676,4,6,GNSS,255,BROADCAST,0,HEARTBEAT,48,HEARTBEAT,0,0,0,0,0,0,0x1001BFC0
1777260926.703,2376674,4,6,GNSS,255,BROADCAST,0,HEARTBEAT,48,HEARTBEAT,0,0,0,0,0,0,0x1001BFC0
1777260927.702,2377671,4,6,GNSS,255,BROADCAST,0,HEARTBEAT,48,HEARTBEAT,0,0,0,0,0,0,0x1001BFC0
1777260928.697,2378668,4,6,GNSS,255,BROADCAST,0,HEARTBEAT,48,HEARTBEAT,0,0,0,0,0,0,0x1001BFC0
1777260928.698,2378669,4,6,GNSS,1,CDH,10,HEALTH,1,HEALTH_0x01,0,0,0,0,1,1,0x1001804A
1777260928.698,2378670,2,6,GNSS,1,CDH,4,TELEMETRY,2,TELEMETRY_0x02,0,0,0,0,0,0,0x08018044
1777260929.721,2379667,4,6,GNSS,255,BROADCAST,0,HEARTBEAT,48,HEARTBEAT,0,0,0,0,0,0,0x1001BFC0
1777260930.692,2380664,4,6,GNSS,255,BROADCAST,0,HEARTBEAT,48,HEARTBEAT,0,0,0,0,0,0,0x1001BFC0
1777260931.690,2381661,4,6,GNSS,255,BROADCAST,0,HEARTBEAT,48,HEARTBEAT,0,0,0,0,0,0,0x1001BFC0
1777260932.687,2382659,4,6,GNSS,255,BROADCAST,0,HEARTBEAT,48,HEARTBEAT,0,0,0,0,0,0,0x1001BFC0
1777260933.715,2383656,4,6,GNSS,255,BROADCAST,0,HEARTBEAT,48,HEARTBEAT,0,0,0,0,0,0,0x1001BFC0
1777260933.715,2383657,4,6,GNSS,1,CDH,10,HEALTH,1,HEALTH_0x01,0,0,0,0,1,1,0x1001804A
1777260933.715,2383658,2,6,GNSS,1,CDH,4,TELEMETRY,2,TELEMETRY_0x02,0,0,0,0,0,0,0x08018044
1777260934.683,2384654,4,6,GNSS,255,BROADCAST,0,HEARTBEAT,48,HEARTBEAT,0,0,0,0,0,0,0x1001BFC0
1777260935.683,2385652,4,6,GNSS,255,BROADCAST,0,HEARTBEAT,48,HEARTBEAT,0,0,0,0,0,0,0x1001BFC0
1777260936.680,2386649,4,6,GNSS,255,BROADCAST,0,HEARTBEAT,48,HEARTBEAT,0,0,0,0,0,0,0x1001BFC0
1777260937.699,2387647,4,6,GNSS,255,BROADCAST,0,HEARTBEAT,48,HEARTBEAT,0,0,0,0,0,0,0x1001BFC0
1777260938.673,2388644,4,6,GNSS,255,BROADCAST,0,HEARTBEAT,48,HEARTBEAT,0,0,0,0,0,0,0x1001BFC0
1777260938.673,2388645,4,6,GNSS,1,CDH,10,HEALTH,1,HEALTH_0x01,0,0,0,0,1,1,0x1001804A
1777260938.674,2388646,2,6,GNSS,1,CDH,4,TELEMETRY,2,TELEMETRY_0x02,0,0,0,0,0,0,0x08018044
1777260939.671,2389642,4,6,GNSS,255,BROADCAST,0,HEARTBEAT,48,HEARTBEAT,0,0,0,0,0,0,0x1001BFC0
1777260940.671,2390640,4,6,GNSS,255,BROADCAST,0,HEARTBEAT,48,HEARTBEAT,0,0,0,0,0,0,0x1001BFC0
1777260941.701,2391637,4,6,GNSS,255,BROADCAST,0,HEARTBEAT,48,HEARTBEAT,0,0,0,0,0,0,0x1001BFC0
1777260942.664,2392635,4,6,GNSS,255,BROADCAST,0,HEARTBEAT,48,HEARTBEAT,0,0,0,0,0,0,0x1001BFC0
1777260943.661,2393632,4,6,GNSS,255,BROADCAST,0,HEARTBEAT,48,HEARTBEAT,0,0,0,0,0,0,0x1001BFC0
1777260943.662,2393633,4,6,GNSS,1,CDH,10,HEALTH,1,HEALTH_0x01,0,0,0,0,1,1,0x1001804A
1777260943.662,2393634,2,6,GNSS,1,CDH,4,TELEMETRY,2,TELEMETRY_0x02,0,0,0,0,0,0,0x08018044
1777260944.673,2394630,4,6,GNSS,255,BROADCAST,0,HEARTBEAT,48,HEARTBEAT,0,0,0,0,0,0,0x1001BFC0
1777260945.697,2395628,4,6,GNSS,255,BROADCAST,0,HEARTBEAT,48,HEARTBEAT,0,0,0,0,0,0,0x1001BFC0
1777260946.654,2396625,4,6,GNSS,255,BROADCAST,0,HEARTBEAT,48,HEARTBEAT,0,0,0,0,0,0,0x1001BFC0
1777260947.652,2397622,4,6,GNSS,255,BROADCAST,0,HEARTBEAT,48,HEARTBEAT,0,0,0,0,0,0,0x1001BFC0
1777260948.661,2398619,4,6,GNSS,255,BROADCAST,0,HEARTBEAT,48,HEARTBEAT,0,0,0,0,0,0,0x1001BFC0
1777260948.661,2398621,4,6,GNSS,1,CDH,10,HEALTH,1,HEALTH_0x01,0,0,0,0,1,1,0x1001804A
1777260948.661,2398622,2,6,GNSS,1,CDH,4,TELEMETRY,2,TELEMETRY_0x02,0,0,0,0,0,0,0x08018044
1777260949.688,2399618,4,6,GNSS,255,BROADCAST,0,HEARTBEAT,48,HEARTBEAT,0,0,0,0,0,0,0x1001BFC0
1777260950.645,2400615,4,6,GNSS,255,BROADCAST,0,HEARTBEAT,48,HEARTBEAT,0,0,0,0,0,0,0x1001BFC0
1777260951.650,2401612,4,6,GNSS,255,BROADCAST,0,HEARTBEAT,48,HEARTBEAT,0,0,0,0,0,0,0x1001BFC0
1777260952.659,2402610,4,6,GNSS,255,BROADCAST,0,HEARTBEAT,48,HEARTBEAT,0,0,0,0,0,0,0x1001BFC0
1777260953.638,2403607,4,6,GNSS,255,BROADCAST,0,HEARTBEAT,48,HEARTBEAT,0,0,0,0,0,0,0x1001BFC0
1777260953.638,2403608,4,6,GNSS,1,CDH,10,HEALTH,1,HEALTH_0x01,0,0,0,0,1,1,0x1001804A
1777260953.638,2403609,2,6,GNSS,1,CDH,4,TELEMETRY,2,TELEMETRY_0x02,0,0,0,0,0,0,0x08018044
1777260954.637,2404606,4,6,GNSS,255,BROADCAST,0,HEARTBEAT,48,HEARTBEAT,0,0,0,0,0,0,0x1001BFC0
1777260955.632,2405603,4,6,GNSS,255,BROADCAST,0,HEARTBEAT,48,HEARTBEAT,0,0,0,0,0,0,0x1001BFC0
1777260956.655,2406600,4,6,GNSS,255,BROADCAST,0,HEARTBEAT,48,HEARTBEAT,0,0,0,0,0,0,0x1001BFC0
1777260957.626,2407598,4,6,GNSS,255,BROADCAST,0,HEARTBEAT,48,HEARTBEAT,0,0,0,0,0,0,0x1001BFC0
1777260958.627,2408595,4,6,GNSS,255,BROADCAST,0,HEARTBEAT,48,HEARTBEAT,0,0,0,0,0,0,0x1001BFC0
1777260958.627,2408596,4,6,GNSS,1,CDH,10,HEALTH,1,HEALTH_0x01,0,0,0,0,1,1,0x1001804A
1777260958.627,2408597,2,6,GNSS,1,CDH,4,TELEMETRY,2,TELEMETRY_0x02,0,0,0,0,0,0,0x08018044
1777260959.627,2409593,4,6,GNSS,255,BROADCAST,0,HEARTBEAT,48,HEARTBEAT,0,0,0,0,0,0,0x1001BFC0
1777260960.638,2410591,4,6,GNSS,255,BROADCAST,0,HEARTBEAT,48,HEARTBEAT,0,0,0,0,0,0,0x1001BFC0
1777260961.617,2411588,4,6,GNSS,255,BROADCAST,0,HEARTBEAT,48,HEARTBEAT,0,0,0,0,0,0,0x1001BFC0
1777260962.615,2412586,4,6,GNSS,255,BROADCAST,0,HEARTBEAT,48,HEARTBEAT,0,0,0,0,0,0,0x1001BFC0
1777260963.614,2413583,4,6,GNSS,255,BROADCAST,0,HEARTBEAT,48,HEARTBEAT,0,0,0,0,0,0,0x1001BFC0
1777260963.614,2413584,4,6,GNSS,1,CDH,10,HEALTH,1,HEALTH_0x01,0,0,0,0,1,1,0x1001804A
1777260963.614,2413585,2,6,GNSS,1,CDH,4,TELEMETRY,2,TELEMETRY_0x02,0,0,0,0,0,0,0x08018044
1777260964.637,2414581,4,6,GNSS,255,BROADCAST,0,HEARTBEAT,48,HEARTBEAT,0,0,0,0,0,0,0x1001BFC0
1777260965.608,2415579,4,6,GNSS,255,BROADCAST,0,HEARTBEAT,48,HEARTBEAT,0,0,0,0,0,0,0x1001BFC0
1777260966.607,2416576,4,6,GNSS,255,BROADCAST,0,HEARTBEAT,48,HEARTBEAT,0,0,0,0,0,0,0x1001BFC0
1777260967.609,2417573,4,6,GNSS,255,BROADCAST,0,HEARTBEAT,48,HEARTBEAT,0,0,0,0,0,0,0x1001BFC0
1777260968.621,2418571,4,6,GNSS,255,BROADCAST,0,HEARTBEAT,48,HEARTBEAT,0,0,0,0,0,0,0x1001BFC0
1777260968.621,2418572,4,6,GNSS,1,CDH,10,HEALTH,1,HEALTH_0x01,0,0,0,0,1,1,0x1001804A
1777260968.621,2418573,2,6,GNSS,1,CDH,4,TELEMETRY,2,TELEMETRY_0x02,0,0,0,0,0,0,0x08018044
1777260969.599,2419569,4,6,GNSS,255,BROADCAST,0,HEARTBEAT,48,HEARTBEAT,0,0,0,0,0,0,0x1001BFC0
1777260970.595,2420567,4,6,GNSS,255,BROADCAST,0,HEARTBEAT,48,HEARTBEAT,0,0,0,0,0,0,0x1001BFC0
1777260971.599,2421564,4,6,GNSS,255,BROADCAST,0,HEARTBEAT,48,HEARTBEAT,0,0,0,0,0,0,0x1001BFC0
1777260972.627,2422561,4,6,GNSS,255,BROADCAST,0,HEARTBEAT,48,HEARTBEAT,0,0,0,0,0,0,0x1001BFC0
1777260973.591,2423559,4,6,GNSS,255,BROADCAST,0,HEARTBEAT,48,HEARTBEAT,0,0,0,0,0,0,0x1001BFC0
1777260973.591,2423560,4,6,GNSS,1,CDH,10,HEALTH,1,HEALTH_0x01,0,0,0,0,1,1,0x1001804A
1777260973.591,2423561,2,6,GNSS,1,CDH,4,TELEMETRY,2,TELEMETRY_0x02,0,0,0,0,0,0,0x08018044
1777260974.587,2424557,4,6,GNSS,255,BROADCAST,0,HEARTBEAT,48,HEARTBEAT,0,0,0,0,0,0,0x1001BFC0
1777260975.597,2425555,4,6,GNSS,255,BROADCAST,0,HEARTBEAT,48,HEARTBEAT,0,0,0,0,0,0,0x1001BFC0
1777260976.624,2426552,4,6,GNSS,255,BROADCAST,0,HEARTBEAT,48,HEARTBEAT,0,0,0,0,0,0,0x1001BFC0
1777260977.579,2427549,4,6,GNSS,255,BROADCAST,0,HEARTBEAT,48,HEARTBEAT,0,0,0,0,0,0,0x1001BFC0
1777260978.576,2428547,4,6,GNSS,255,BROADCAST,0,HEARTBEAT,48,HEARTBEAT,0,0,0,0,0,0,0x1001BFC0
1777260978.577,2428548,4,6,GNSS,1,CDH,10,HEALTH,1,HEALTH_0x01,0,0,0,0,1,1,0x1001804A
1777260978.578,2428549,2,6,GNSS,1,CDH,4,TELEMETRY,2,TELEMETRY_0x02,0,0,0,0,0,0,0x08018044
1777260979.591,2429545,4,6,GNSS,255,BROADCAST,0,HEARTBEAT,48,HEARTBEAT,0,0,0,0,0,0,0x1001BFC0
1777260980.616,2430542,4,6,GNSS,255,BROADCAST,0,HEARTBEAT,48,HEARTBEAT,0,0,0,0,0,0,0x1001BFC0
1777260981.569,2431540,4,6,GNSS,255,BROADCAST,0,HEARTBEAT,48,HEARTBEAT,0,0,0,0,0,0,0x1001BFC0
1777260982.567,2432537,4,6,GNSS,255,BROADCAST,0,HEARTBEAT,48,HEARTBEAT,0,0,0,0,0,0,0x1001BFC0
1777260983.575,2433534,4,6,GNSS,255,BROADCAST,0,HEARTBEAT,48,HEARTBEAT,0,0,0,0,0,0,0x1001BFC0
1777260983.575,2433535,4,6,GNSS,1,CDH,10,HEALTH,1,HEALTH_0x01,0,0,0,0,1,1,0x1001804A
1777260983.575,2433536,2,6,GNSS,1,CDH,4,TELEMETRY,2,TELEMETRY_0x02,0,0,0,0,0,0,0x08018044
1777260984.574,2434533,4,6,GNSS,255,BROADCAST,0,HEARTBEAT,48,HEARTBEAT,0,0,0,0,0,0,0x1001BFC0
1777260985.560,2435530,4,6,GNSS,255,BROADCAST,0,HEARTBEAT,48,HEARTBEAT,0,0,0,0,0,0,0x1001BFC0
1777260986.557,2436527,4,6,GNSS,255,BROADCAST,0,HEARTBEAT,48,HEARTBEAT,0,0,0,0,0,0,0x1001BFC0
1777260987.578,2437525,4,6,GNSS,255,BROADCAST,0,HEARTBEAT,48,HEARTBEAT,0,0,0,0,0,0,0x1001BFC0
1777260988.552,2438522,4,6,GNSS,255,BROADCAST,0,HEARTBEAT,48,HEARTBEAT,0,0,0,0,0,0,0x1001BFC0
1777260988.553,2438523,4,6,GNSS,1,CDH,10,HEALTH,1,HEALTH_0x01,0,0,0,0,1,1,0x1001804A
1777260988.554,2438524,2,6,GNSS,1,CDH,4,TELEMETRY,2,TELEMETRY_0x02,0,0,0,0,0,0,0x08018044
1777260989.550,2439521,4,6,GNSS,255,BROADCAST,0,HEARTBEAT,48,HEARTBEAT,0,0,0,0,0,0,0x1001BFC0
1777260990.548,2440518,4,6,GNSS,255,BROADCAST,0,HEARTBEAT,48,HEARTBEAT,0,0,0,0,0,0,0x1001BFC0
1777260991.568,2441516,4,6,GNSS,255,BROADCAST,0,HEARTBEAT,48,HEARTBEAT,0,0,0,0,0,0,0x1001BFC0
1777260992.543,2442513,4,6,GNSS,255,BROADCAST,0,HEARTBEAT,48,HEARTBEAT,0,0,0,0,0,0,0x1001BFC0
1777260993.541,2443510,4,6,GNSS,255,BROADCAST,0,HEARTBEAT,48,HEARTBEAT,0,0,0,0,0,0,0x1001BFC0
1777260993.541,2443511,4,6,GNSS,1,CDH,10,HEALTH,1,HEALTH_0x01,0,0,0,0,1,1,0x1001804A
1777260993.544,2443512,2,6,GNSS,1,CDH,4,TELEMETRY,2,TELEMETRY_0x02,0,0,0,0,0,0,0x08018044
1777260994.547,2444508,4,6,GNSS,255,BROADCAST,0,HEARTBEAT,48,HEARTBEAT,0,0,0,0,0,0,0x1001BFC0
1777260995.558,2445506,4,6,GNSS,255,BROADCAST,0,HEARTBEAT,48,HEARTBEAT,0,0,0,0,0,0,0x1001BFC0
1777260996.533,2446503,4,6,GNSS,255,BROADCAST,0,HEARTBEAT,48,HEARTBEAT,0,0,0,0,0,0,0x1001BFC0
1777260997.531,2447501,4,6,GNSS,255,BROADCAST,0,HEARTBEAT,48,HEARTBEAT,0,0,0,0,0,0,0x1001BFC0
1777260998.530,2448498,4,6,GNSS,255,BROADCAST,0,HEARTBEAT,48,HEARTBEAT,0,0,0,0,0,0,0x1001BFC0
1777260998.530,2448499,4,6,GNSS,1,CDH,10,HEALTH,1,HEALTH_0x01,0,0,0,0,1,1,0x1001804A
1777260998.530,2448500,2,6,GNSS,1,CDH,4,TELEMETRY,2,TELEMETRY_0x02,0,0,0,0,0,0,0x08018044
1777260999.560,2449497,4,6,GNSS,255,BROADCAST,0,HEARTBEAT,48,HEARTBEAT,0,0,0,0,0,0,0x1001BFC0
1777261000.525,2450494,4,6,GNSS,255,BROADCAST,0,HEARTBEAT,48,HEARTBEAT,0,0,0,0,0,0,0x1001BFC0
1777261001.521,2451491,4,6,GNSS,255,BROADCAST,0,HEARTBEAT,48,HEARTBEAT,0,0,0,0,0,0,0x1001BFC0
1777261002.527,2452489,4,6,GNSS,255,BROADCAST,0,HEARTBEAT,48,HEARTBEAT,0,0,0,0,0,0,0x1001BFC0
1777261003.564,2453486,4,6,GNSS,255,BROADCAST,0,HEARTBEAT,48,HEARTBEAT,0,0,0,0,0,0,0x1001BFC0
1777261003.564,2453487,4,6,GNSS,1,CDH,10,HEALTH,1,HEALTH_0x01,0,0,0,0,1,1,0x1001804A
1777261003.564,2453488,2,6,GNSS,1,CDH,4,TELEMETRY,2,TELEMETRY_0x02,0,0,0,0,0,0,0x08018044
1777261004.515,2454485,4,6,GNSS,255,BROADCAST,0,HEARTBEAT,48,HEARTBEAT,0,0,0,0,0,0,0x1001BFC0
1777261005.513,2455482,4,6,GNSS,255,BROADCAST,0,HEARTBEAT,48,HEARTBEAT,0,0,0,0,0,0,0x1001BFC0
1777261006.524,2456479,4,6,GNSS,255,BROADCAST,0,HEARTBEAT,48,HEARTBEAT,0,0,0,0,0,0,0x1001BFC0
1777261007.547,2457477,4,6,GNSS,255,BROADCAST,0,HEARTBEAT,48,HEARTBEAT,0,0,0,0,0,0,0x1001BFC0
1777261008.505,2458474,4,6,GNSS,255,BROADCAST,0,HEARTBEAT,48,HEARTBEAT,0,0,0,0,0,0,0x1001BFC0
1777261008.505,2458475,4,6,GNSS,1,CDH,10,HEALTH,1,HEALTH_0x01,0,0,0,0,1,1,0x1001804A
1777261008.505,2458476,2,6,GNSS,1,CDH,4,TELEMETRY,2,TELEMETRY_0x02,0,0,0,0,0,0,0x08018044
1777261009.502,2459472,4,6,GNSS,255,BROADCAST,0,HEARTBEAT,48,HEARTBEAT,0,0,0,0,0,0,0x1001BFC0
1777261010.509,2460470,4,6,GNSS,255,BROADCAST,0,HEARTBEAT,48,HEARTBEAT,0,0,0,0,0,0,0x1001BFC0
1777261011.534,2461467,4,6,GNSS,255,BROADCAST,0,HEARTBEAT,48,HEARTBEAT,0,0,0,0,0,0,0x1001BFC0
1777261012.494,2462464,4,6,GNSS,255,BROADCAST,0,HEARTBEAT,48,HEARTBEAT,0,0,0,0,0,0,0x1001BFC0
1777261013.492,2463462,4,6,GNSS,255,BROADCAST,0,HEARTBEAT,48,HEARTBEAT,0,0,0,0,0,0,0x1001BFC0
1777261013.493,2463463,4,6,GNSS,1,CDH,10,HEALTH,1,HEALTH_0x01,0,0,0,0,1,1,0x1001804A
1777261013.493,2463464,2,6,GNSS,1,CDH,4,TELEMETRY,2,TELEMETRY_0x02,0,0,0,0,0,0,0x08018044
1777261014.515,2464460,4,6,GNSS,255,BROADCAST,0,HEARTBEAT,48,HEARTBEAT,0,0,0,0,0,0,0x1001BFC0
1777261015.487,2465457,4,6,GNSS,255,BROADCAST,0,HEARTBEAT,48,HEARTBEAT,0,0,0,0,0,0,0x1001BFC0
1777261016.485,2466455,4,6,GNSS,255,BROADCAST,0,HEARTBEAT,48,HEARTBEAT,0,0,0,0,0,0,0x1001BFC0
1777261017.482,2467452,4,6,GNSS,255,BROADCAST,0,HEARTBEAT,48,HEARTBEAT,0,0,0,0,0,0,0x1001BFC0
1777261018.501,2468452,4,6,GNSS,255,BROADCAST,0,HEARTBEAT,48,HEARTBEAT,0,0,0,0,0,0,0x1001BFC0
1777261018.501,2468453,4,6,GNSS,1,CDH,10,HEALTH,1,HEALTH_0x01,0,0,0,0,1,1,0x1001804A
1777261018.501,2468454,2,6,GNSS,1,CDH,4,TELEMETRY,2,TELEMETRY_0x02,0,0,0,0,0,0,0x08018044
1777261019.478,2469448,4,6,GNSS,255,BROADCAST,0,HEARTBEAT,48,HEARTBEAT,0,0,0,0,0,0,0x1001BFC0
1777261020.476,2470446,4,6,GNSS,255,BROADCAST,0,HEARTBEAT,48,HEARTBEAT,0,0,0,0,0,0,0x1001BFC0
1777261021.475,2471443,4,6,GNSS,255,BROADCAST,0,HEARTBEAT,48,HEARTBEAT,0,0,0,0,0,0,0x1001BFC0
1777261022.509,2472440,4,6,GNSS,255,BROADCAST,0,HEARTBEAT,48,HEARTBEAT,0,0,0,0,0,0,0x1001BFC0
1777261023.468,2473438,4,6,GNSS,255,BROADCAST,0,HEARTBEAT,48,HEARTBEAT,0,0,0,0,0,0,0x1001BFC0
1777261023.468,2473439,4,6,GNSS,1,CDH,10,HEALTH,1,HEALTH_0x01,0,0,0,0,1,1,0x1001804A
1777261023.470,2473440,2,6,GNSS,1,CDH,4,TELEMETRY,2,TELEMETRY_0x02,0,0,0,0,0,0,0x08018044
1777261024.466,2474436,4,6,GNSS,255,BROADCAST,0,HEARTBEAT,48,HEARTBEAT,0,0,0,0,0,0,0x1001BFC0
1777261025.467,2475434,4,6,GNSS,255,BROADCAST,0,HEARTBEAT,48,HEARTBEAT,0,0,0,0,0,0,0x1001BFC0
1777261026.491,2476431,4,6,GNSS,255,BROADCAST,0,HEARTBEAT,48,HEARTBEAT,0,0,0,0,0,0,0x1001BFC0
1777261027.459,2477428,4,6,GNSS,255,BROADCAST,0,HEARTBEAT,48,HEARTBEAT,0,0,0,0,0,0,0x1001BFC0
1777261028.456,2478426,4,6,GNSS,255,BROADCAST,0,HEARTBEAT,48,HEARTBEAT,0,0,0,0,0,0,0x1001BFC0
1777261028.457,2478427,4,6,GNSS,1,CDH,10,HEALTH,1,HEALTH_0x01,0,0,0,0,1,1,0x1001804A
1777261028.458,2478428,2,6,GNSS,1,CDH,4,TELEMETRY,2,TELEMETRY_0x02,0,0,0,0,0,0,0x08018044
1777261029.463,2479424,4,6,GNSS,255,BROADCAST,0,HEARTBEAT,48,HEARTBEAT,0,0,0,0,0,0,0x1001BFC0
1777261030.489,2480422,4,6,GNSS,255,BROADCAST,0,HEARTBEAT,48,HEARTBEAT,0,0,0,0,0,0,0x1001BFC0
1777261031.457,2481419,4,6,GNSS,255,BROADCAST,0,HEARTBEAT,48,HEARTBEAT,0,0,0,0,0,0,0x1001BFC0
1777261032.447,2482416,4,6,GNSS,255,BROADCAST,0,HEARTBEAT,48,HEARTBEAT,0,0,0,0,0,0,0x1001BFC0
1777261033.462,2483414,4,6,GNSS,255,BROADCAST,0,HEARTBEAT,48,HEARTBEAT,0,0,0,0,0,0,0x1001BFC0
1777261033.462,2483415,4,6,GNSS,1,CDH,10,HEALTH,1,HEALTH_0x01,0,0,0,0,1,1,0x1001804A
1777261033.462,2483416,2,6,GNSS,1,CDH,4,TELEMETRY,2,TELEMETRY_0x02,0,0,0,0,0,0,0x08018044
1777261034.479,2484412,4,6,GNSS,255,BROADCAST,0,HEARTBEAT,48,HEARTBEAT,0,0,0,0,0,0,0x1001BFC0
1777261035.450,2485410,4,6,GNSS,255,BROADCAST,0,HEARTBEAT,48,HEARTBEAT,0,0,0,0,0,0,0x1001BFC0
1777261036.438,2486407,4,6,GNSS,255,BROADCAST,0,HEARTBEAT,48,HEARTBEAT,0,0,0,0,0,0,0x1001BFC0
1777261037.445,2487405,4,6,GNSS,255,BROADCAST,0,HEARTBEAT,48,HEARTBEAT,0,0,0,0,0,0,0x1001BFC0
1777261038.472,2488402,4,6,GNSS,255,BROADCAST,0,HEARTBEAT,48,HEARTBEAT,0,0,0,0,0,0,0x1001BFC0
1777261038.472,2488403,4,6,GNSS,1,CDH,10,HEALTH,1,HEALTH_0x01,0,0,0,0,1,1,0x1001804A
1777261038.472,2488404,2,6,GNSS,1,CDH,4,TELEMETRY,2,TELEMETRY_0x02,0,0,0,0,0,0,0x08018044
1777261039.431,2489401,4,6,GNSS,255,BROADCAST,0,HEARTBEAT,48,HEARTBEAT,0,0,0,0,0,0,0x1001BFC0
1777261040.428,2490398,4,6,GNSS,255,BROADCAST,0,HEARTBEAT,48,HEARTBEAT,0,0,0,0,0,0,0x1001BFC0
1777261041.445,2491395,4,6,GNSS,255,BROADCAST,0,HEARTBEAT,48,HEARTBEAT,0,0,0,0,0,0,0x1001BFC0
1777261042.466,2492393,4,6,GNSS,255,BROADCAST,0,HEARTBEAT,48,HEARTBEAT,0,0,0,0,0,0,0x1001BFC0
1777261043.421,2493390,4,6,GNSS,255,BROADCAST,0,HEARTBEAT,48,HEARTBEAT,0,0,0,0,0,0,0x1001BFC0
1777261043.422,2493391,4,6,GNSS,1,CDH,10,HEALTH,1,HEALTH_0x01,0,0,0,0,1,1,0x1001804A
1777261043.423,2493392,2,6,GNSS,1,CDH,4,TELEMETRY,2,TELEMETRY_0x02,0,0,0,0,0,0,0x08018044
1777261044.420,2494389,4,6,GNSS,255,BROADCAST,0,HEARTBEAT,48,HEARTBEAT,0,0,0,0,0,0,0x1001BFC0
1777261045.429,2495386,4,6,GNSS,255,BROADCAST,0,HEARTBEAT,48,HEARTBEAT,0,0,0,0,0,0,0x1001BFC0
1777261046.414,2496383,4,6,GNSS,255,BROADCAST,0,HEARTBEAT,48,HEARTBEAT,0,0,0,0,0,0,0x1001BFC0
1777261047.412,2497381,4,6,GNSS,255,BROADCAST,0,HEARTBEAT,48,HEARTBEAT,0,0,0,0,0,0,0x1001BFC0
1777261048.409,2498378,4,6,GNSS,255,BROADCAST,0,HEARTBEAT,48,HEARTBEAT,0,0,0,0,0,0,0x1001BFC0
1777261048.410,2498379,4,6,GNSS,1,CDH,10,HEALTH,1,HEALTH_0x01,0,0,0,0,1,1,0x1001804A
1777261048.411,2498380,2,6,GNSS,1,CDH,4,TELEMETRY,2,TELEMETRY_0x02,0,0,0,0,0,0,0x08018044
1777261049.414,2499377,4,6,GNSS,255,BROADCAST,0,HEARTBEAT,48,HEARTBEAT,0,0,0,0,0,0,0x1001BFC0
1777261050.405,2500374,4,6,GNSS,255,BROADCAST,0,HEARTBEAT,48,HEARTBEAT,0,0,0,0,0,0,0x1001BFC0
1777261051.405,2501371,4,6,GNSS,255,BROADCAST,0,HEARTBEAT,48,HEARTBEAT,0,0,0,0,0,0,0x1001BFC0
1777261052.399,2502369,4,6,GNSS,255,BROADCAST,0,HEARTBEAT,48,HEARTBEAT,0,0,0,0,0,0,0x1001BFC0
1777261053.414,2503366,4,6,GNSS,255,BROADCAST,0,HEARTBEAT,48,HEARTBEAT,0,0,0,0,0,0,0x1001BFC0
1777261053.414,2503367,4,6,GNSS,1,CDH,10,HEALTH,1,HEALTH_0x01,0,0,0,0,1,1,0x1001804A
1777261053.414,2503368,2,6,GNSS,1,CDH,4,TELEMETRY,2,TELEMETRY_0x02,0,0,0,0,0,0,0x08018044
1777261054.396,2504364,4,6,GNSS,255,BROADCAST,0,HEARTBEAT,48,HEARTBEAT,0,0,0,0,0,0,0x1001BFC0
1777261055.392,2505362,4,6,GNSS,255,BROADCAST,0,HEARTBEAT,48,HEARTBEAT,0,0,0,0,0,0,0x1001BFC0
1777261056.392,2506359,4,6,GNSS,255,BROADCAST,0,HEARTBEAT,48,HEARTBEAT,0,0,0,0,0,0,0x1001BFC0
1777261057.419,2507356,4,6,GNSS,255,BROADCAST,0,HEARTBEAT,48,HEARTBEAT,0,0,0,0,0,0,0x1001BFC0
1777261058.384,2508354,4,6,GNSS,255,BROADCAST,0,HEARTBEAT,48,HEARTBEAT,0,0,0,0,0,0,0x1001BFC0
1777261058.385,2508355,4,6,GNSS,1,CDH,10,HEALTH,1,HEALTH_0x01,0,0,0,0,1,1,0x1001804A
1777261058.386,2508356,2,6,GNSS,1,CDH,4,TELEMETRY,2,TELEMETRY_0x02,0,0,0,0,0,0,0x08018044
1777261059.384,2509352,4,6,GNSS,255,BROADCAST,0,HEARTBEAT,48,HEARTBEAT,0,0,0,0,0,0,0x1001BFC0
1777261060.388,2510349,4,6,GNSS,255,BROADCAST,0,HEARTBEAT,48,HEARTBEAT,0,0,0,0,0,0,0x1001BFC0
1777261061.409,2511347,4,6,GNSS,255,BROADCAST,0,HEARTBEAT,48,HEARTBEAT,0,0,0,0,0,0,0x1001BFC0
1777261062.375,2512344,4,6,GNSS,255,BROADCAST,0,HEARTBEAT,48,HEARTBEAT,0,0,0,0,0,0,0x1001BFC0
1777261063.373,2513341,4,6,GNSS,255,BROADCAST,0,HEARTBEAT,48,HEARTBEAT,0,0,0,0,0,0,0x1001BFC0
1777261063.374,2513342,4,6,GNSS,1,CDH,10,HEALTH,1,HEALTH_0x01,0,0,0,0,1,1,0x1001804A
1777261063.374,2513343,2,6,GNSS,1,CDH,4,TELEMETRY,2,TELEMETRY_0x02,0,0,0,0,0,0,0x08018044
1777261064.382,2514340,4,6,GNSS,255,BROADCAST,0,HEARTBEAT,48,HEARTBEAT,0,0,0,0,0,0,0x1001BFC0
1777261065.399,2515337,4,6,GNSS,255,BROADCAST,0,HEARTBEAT,48,HEARTBEAT,0,0,0,0,0,0,0x1001BFC0
1777261066.367,2516335,4,6,GNSS,255,BROADCAST,0,HEARTBEAT,48,HEARTBEAT,0,0,0,0,0,0,0x1001BFC0
1777261067.362,2517332,4,6,GNSS,255,BROADCAST,0,HEARTBEAT,48,HEARTBEAT,0,0,0,0,0,0,0x1001BFC0
1777261068.370,2518329,4,6,GNSS,255,BROADCAST,0,HEARTBEAT,48,HEARTBEAT,0,0,0,0,0,0,0x1001BFC0
1777261068.370,2518330,4,6,GNSS,1,CDH,10,HEALTH,1,HEALTH_0x01,0,0,0,0,1,1,0x1001804A
1777261068.370,2518332,2,6,GNSS,1,CDH,4,TELEMETRY,2,TELEMETRY_0x02,0,0,0,0,0,0,0x08018044
1777261069.398,2519328,4,6,GNSS,255,BROADCAST,0,HEARTBEAT,48,HEARTBEAT,0,0,0,0,0,0,0x1001BFC0
1777261070.357,2520325,4,6,GNSS,255,BROADCAST,0,HEARTBEAT,48,HEARTBEAT,0,0,0,0,0,0,0x1001BFC0
1777261071.353,2521322,4,6,GNSS,255,BROADCAST,0,HEARTBEAT,48,HEARTBEAT,0,0,0,0,0,0,0x1001BFC0
1777261072.368,2522320,4,6,GNSS,255,BROADCAST,0,HEARTBEAT,48,HEARTBEAT,0,0,0,0,0,0,0x1001BFC0
1777261073.393,2523317,4,6,GNSS,255,BROADCAST,0,HEARTBEAT,48,HEARTBEAT,0,0,0,0,0,0,0x1001BFC0
1777261073.393,2523318,4,6,GNSS,1,CDH,10,HEALTH,1,HEALTH_0x01,0,0,0,0,1,1,0x1001804A
1777261073.393,2523319,2,6,GNSS,1,CDH,4,TELEMETRY,2,TELEMETRY_0x02,0,0,0,0,0,0,0x08018044
1777261074.361,2524316,4,6,GNSS,255,BROADCAST,0,HEARTBEAT,48,HEARTBEAT,0,0,0,0,0,0,0x1001BFC0
1777261075.343,2525313,4,6,GNSS,255,BROADCAST,0,HEARTBEAT,48,HEARTBEAT,0,0,0,0,0,0,0x1001BFC0
1777261076.363,2526310,4,6,GNSS,255,BROADCAST,0,HEARTBEAT,48,HEARTBEAT,0,0,0,0,0,0,0x1001BFC0
1777261077.338,2527307,4,6,GNSS,255,BROADCAST,0,HEARTBEAT,48,HEARTBEAT,0,0,0,0,0,0,0x1001BFC0
1777261078.336,2528305,4,6,GNSS,255,BROADCAST,0,HEARTBEAT,48,HEARTBEAT,0,0,0,0,0,0,0x1001BFC0
1777261078.337,2528306,4,6,GNSS,1,CDH,10,HEALTH,1,HEALTH_0x01,0,0,0,0,1,1,0x1001804A
1777261078.337,2528307,2,6,GNSS,1,CDH,4,TELEMETRY,2,TELEMETRY_0x02,0,0,0,0,0,0,0x08018044
1777261079.334,2529303,4,6,GNSS,255,BROADCAST,0,HEARTBEAT,48,HEARTBEAT,0,0,0,0,0,0,0x1001BFC0
1777261080.355,2530301,4,6,GNSS,255,BROADCAST,0,HEARTBEAT,48,HEARTBEAT,0,0,0,0,0,0,0x1001BFC0
1777261081.330,2531298,4,6,GNSS,255,BROADCAST,0,HEARTBEAT,48,HEARTBEAT,0,0,0,0,0,0,0x1001BFC0
1777261082.326,2532295,4,6,GNSS,255,BROADCAST,0,HEARTBEAT,48,HEARTBEAT,0,0,0,0,0,0,0x1001BFC0
1777261083.325,2533293,4,6,GNSS,255,BROADCAST,0,HEARTBEAT,48,HEARTBEAT,0,0,0,0,0,0,0x1001BFC0
1777261083.325,2533294,4,6,GNSS,1,CDH,10,HEALTH,1,HEALTH_0x01,0,0,0,0,1,1,0x1001804A
1777261083.326,2533295,2,6,GNSS,1,CDH,4,TELEMETRY,2,TELEMETRY_0x02,0,0,0,0,0,0,0x08018044
1777261084.351,2534291,4,6,GNSS,255,BROADCAST,0,HEARTBEAT,48,HEARTBEAT,0,0,0,0,0,0,0x1001BFC0
1777261085.320,2535288,4,6,GNSS,255,BROADCAST,0,HEARTBEAT,48,HEARTBEAT,0,0,0,0,0,0,0x1001BFC0
1777261086.317,2536285,4,6,GNSS,255,BROADCAST,0,HEARTBEAT,48,HEARTBEAT,0,0,0,0,0,0,0x1001BFC0
1777261087.321,2537283,4,6,GNSS,255,BROADCAST,0,HEARTBEAT,48,HEARTBEAT,0,0,0,0,0,0,0x1001BFC0
1777261088.348,2538280,4,6,GNSS,255,BROADCAST,0,HEARTBEAT,48,HEARTBEAT,0,0,0,0,0,0,0x1001BFC0
1777261088.348,2538281,4,6,GNSS,1,CDH,10,HEALTH,1,HEALTH_0x01,0,0,0,0,1,1,0x1001804A
1777261088.348,2538282,2,6,GNSS,1,CDH,4,TELEMETRY,2,TELEMETRY_0x02,0,0,0,0,0,0,0x08018044
1777261089.309,2539278,4,6,GNSS,255,BROADCAST,0,HEARTBEAT,48,HEARTBEAT,0,0,0,0,0,0,0x1001BFC0
1777261090.307,2540275,4,6,GNSS,255,BROADCAST,0,HEARTBEAT,48,HEARTBEAT,0,0,0,0,0,0,0x1001BFC0
1777261091.313,2541273,4,6,GNSS,255,BROADCAST,0,HEARTBEAT,48,HEARTBEAT,0,0,0,0,0,0,0x1001BFC0
1777261092.338,2542270,4,6,GNSS,255,BROADCAST,0,HEARTBEAT,48,HEARTBEAT,0,0,0,0,0,0,0x1001BFC0
1777261093.300,2543267,4,6,GNSS,255,BROADCAST,0,HEARTBEAT,48,HEARTBEAT,0,0,0,0,0,0,0x1001BFC0
1777261093.301,2543269,4,6,GNSS,1,CDH,10,HEALTH,1,HEALTH_0x01,0,0,0,0,1,1,0x1001804A
1777261093.301,2543270,2,6,GNSS,1,CDH,4,TELEMETRY,2,TELEMETRY_0x02,0,0,0,0,0,0,0x08018044
1777261094.297,2544266,4,6,GNSS,255,BROADCAST,0,HEARTBEAT,48,HEARTBEAT,0,0,0,0,0,0,0x1001BFC0
1777261095.307,2545263,4,6,GNSS,255,BROADCAST,0,HEARTBEAT,48,HEARTBEAT,0,0,0,0,0,0,0x1001BFC0
1777261096.329,2546260,4,6,GNSS,255,BROADCAST,0,HEARTBEAT,48,HEARTBEAT,0,0,0,0,0,0,0x1001BFC0
1777261097.289,2547258,4,6,GNSS,255,BROADCAST,0,HEARTBEAT,48,HEARTBEAT,0,0,0,0,0,0,0x1001BFC0
1777261098.286,2548255,4,6,GNSS,255,BROADCAST,0,HEARTBEAT,48,HEARTBEAT,0,0,0,0,0,0,0x1001BFC0
1777261098.287,2548256,4,6,GNSS,1,CDH,10,HEALTH,1,HEALTH_0x01,0,0,0,0,1,1,0x1001804A
1777261098.289,2548257,2,6,GNSS,1,CDH,4,TELEMETRY,2,TELEMETRY_0x02,0,0,0,0,0,0,0x08018044
1777261099.301,2549254,4,6,GNSS,255,BROADCAST,0,HEARTBEAT,48,HEARTBEAT,0,0,0,0,0,0,0x1001BFC0
1777261100.326,2550251,4,6,GNSS,255,BROADCAST,0,HEARTBEAT,48,HEARTBEAT,0,0,0,0,0,0,0x1001BFC0
1777261101.279,2551248,4,6,GNSS,255,BROADCAST,0,HEARTBEAT,48,HEARTBEAT,0,0,0,0,0,0,0x1001BFC0
1777261102.276,2552245,4,6,GNSS,255,BROADCAST,0,HEARTBEAT,48,HEARTBEAT,0,0,0,0,0,0,0x1001BFC0
1777261103.295,2553243,4,6,GNSS,255,BROADCAST,0,HEARTBEAT,48,HEARTBEAT,0,0,0,0,0,0,0x1001BFC0
1777261103.295,2553244,4,6,GNSS,1,CDH,10,HEALTH,1,HEALTH_0x01,0,0,0,0,1,1,0x1001804A
1777261103.295,2553245,2,6,GNSS,1,CDH,4,TELEMETRY,2,TELEMETRY_0x02,0,0,0,0,0,0,0x08018044
1777261104.321,2554241,4,6,GNSS,255,BROADCAST,0,HEARTBEAT,48,HEARTBEAT,0,0,0,0,0,0,0x1001BFC0
1777261105.270,2555239,4,6,GNSS,255,BROADCAST,0,HEARTBEAT,48,HEARTBEAT,0,0,0,0,0,0,0x1001BFC0
1777261106.267,2556236,4,6,GNSS,255,BROADCAST,0,HEARTBEAT,48,HEARTBEAT,0,0,0,0,0,0,0x1001BFC0
1777261107.287,2557233,4,6,GNSS,255,BROADCAST,0,HEARTBEAT,48,HEARTBEAT,0,0,0,0,0,0,0x1001BFC0
1777261108.280,2558231,4,6,GNSS,255,BROADCAST,0,HEARTBEAT,48,HEARTBEAT,0,0,0,0,0,0,0x1001BFC0
1777261108.280,2558232,4,6,GNSS,1,CDH,10,HEALTH,1,HEALTH_0x01,0,0,0,0,1,1,0x1001804A
1777261108.280,2558233,2,6,GNSS,1,CDH,4,TELEMETRY,2,TELEMETRY_0x02,0,0,0,0,0,0,0x08018044
1777261109.260,2559229,4,6,GNSS,255,BROADCAST,0,HEARTBEAT,48,HEARTBEAT,0,0,0,0,0,0,0x1001BFC0
1777261110.261,2560226,4,6,GNSS,255,BROADCAST,0,HEARTBEAT,48,HEARTBEAT,0,0,0,0,0,0,0x1001BFC0
1777261111.283,2561224,4,6,GNSS,255,BROADCAST,0,HEARTBEAT,48,HEARTBEAT,0,0,0,0,0,0,0x1001BFC0
1777261112.252,2562221,4,6,GNSS,255,BROADCAST,0,HEARTBEAT,48,HEARTBEAT,0,0,0,0,0,0,0x1001BFC0
1777261113.249,2563218,4,6,GNSS,255,BROADCAST,0,HEARTBEAT,48,HEARTBEAT,0,0,0,0,0,0,0x1001BFC0
1777261113.253,2563219,4,6,GNSS,1,CDH,10,HEALTH,1,HEALTH_0x01,0,0,0,0,1,1,0x1001804A
1777261113.254,2563220,2,6,GNSS,1,CDH,4,TELEMETRY,2,TELEMETRY_0x02,0,0,0,0,0,0,0x08018044
1777261114.249,2564217,4,6,GNSS,255,BROADCAST,0,HEARTBEAT,48,HEARTBEAT,0,0,0,0,0,0,0x1001BFC0
1777261115.276,2565214,4,6,GNSS,255,BROADCAST,0,HEARTBEAT,48,HEARTBEAT,0,0,0,0,0,0,0x1001BFC0
1777261116.247,2566215,4,6,GNSS,255,BROADCAST,0,HEARTBEAT,48,HEARTBEAT,0,0,0,0,0,0,0x1001BFC0
1777261117.240,2567209,4,6,GNSS,255,BROADCAST,0,HEARTBEAT,48,HEARTBEAT,0,0,0,0,0,0,0x1001BFC0
1777261118.246,2568206,4,6,GNSS,255,BROADCAST,0,HEARTBEAT,48,HEARTBEAT,0,0,0,0,0,0,0x1001BFC0
1777261118.246,2568207,4,6,GNSS,1,CDH,10,HEALTH,1,HEALTH_0x01,0,0,0,0,1,1,0x1001804A
1777261118.246,2568208,2,6,GNSS,1,CDH,4,TELEMETRY,2,TELEMETRY_0x02,0,0,0,0,0,0,0x08018044
1777261119.270,2569204,4,6,GNSS,255,BROADCAST,0,HEARTBEAT,48,HEARTBEAT,0,0,0,0,0,0,0x1001BFC0
1777261120.234,2570202,4,6,GNSS,255,BROADCAST,0,HEARTBEAT,48,HEARTBEAT,0,0,0,0,0,0,0x1001BFC0
1777261121.231,2571199,4,6,GNSS,255,BROADCAST,0,HEARTBEAT,48,HEARTBEAT,0,0,0,0,0,0,0x1001BFC0
1777261122.237,2572196,4,6,GNSS,255,BROADCAST,0,HEARTBEAT,48,HEARTBEAT,0,0,0,0,0,0,0x1001BFC0
1777261123.255,2573194,4,6,GNSS,255,BROADCAST,0,HEARTBEAT,48,HEARTBEAT,0,0,0,0,0,0,0x1001BFC0
1777261123.255,2573195,4,6,GNSS,1,CDH,10,HEALTH,1,HEALTH_0x01,0,0,0,0,1,1,0x1001804A
1777261123.255,2573196,2,6,GNSS,1,CDH,4,TELEMETRY,2,TELEMETRY_0x02,0,0,0,0,0,0,0x08018044
1777261124.224,2574192,4,6,GNSS,255,BROADCAST,0,HEARTBEAT,48,HEARTBEAT,0,0,0,0,0,0,0x1001BFC0
1777261125.221,2575189,4,6,GNSS,255,BROADCAST,0,HEARTBEAT,48,HEARTBEAT,0,0,0,0,0,0,0x1001BFC0
1777261126.220,2576186,4,6,GNSS,255,BROADCAST,0,HEARTBEAT,48,HEARTBEAT,0,0,0,0,0,0,0x1001BFC0
1777261127.246,2577184,4,6,GNSS,255,BROADCAST,0,HEARTBEAT,48,HEARTBEAT,0,0,0,0,0,0,0x1001BFC0
1777261128.213,2578181,4,6,GNSS,255,BROADCAST,0,HEARTBEAT,48,HEARTBEAT,0,0,0,0,0,0,0x1001BFC0
1777261128.215,2578184,4,6,GNSS,1,CDH,10,HEALTH,1,HEALTH_0x01,0,0,0,0,1,1,0x1001804A
1777261128.217,2578185,2,6,GNSS,1,CDH,4,TELEMETRY,2,TELEMETRY_0x02,0,0,0,0,0,0,0x08018044
1777261129.220,2579179,4,6,GNSS,255,BROADCAST,0,HEARTBEAT,48,HEARTBEAT,0,0,0,0,0,0,0x1001BFC0
1777261130.225,2580177,4,6,GNSS,255,BROADCAST,0,HEARTBEAT,48,HEARTBEAT,0,0,0,0,0,0,0x1001BFC0
1777261131.206,2581174,4,6,GNSS,255,BROADCAST,0,HEARTBEAT,48,HEARTBEAT,0,0,0,0,0,0,0x1001BFC0
1777261132.204,2582171,4,6,GNSS,255,BROADCAST,0,HEARTBEAT,48,HEARTBEAT,0,0,0,0,0,0,0x1001BFC0
1777261133.209,2583168,4,6,GNSS,255,BROADCAST,0,HEARTBEAT,48,HEARTBEAT,0,0,0,0,0,0,0x1001BFC0
1777261133.209,2583169,4,6,GNSS,1,CDH,10,HEALTH,1,HEALTH_0x01,0,0,0,0,1,1,0x1001804A
1777261133.209,2583170,2,6,GNSS,1,CDH,4,TELEMETRY,2,TELEMETRY_0x02,0,0,0,0,0,0,0x08018044
1777261134.221,2584167,4,6,GNSS,255,BROADCAST,0,HEARTBEAT,48,HEARTBEAT,0,0,0,0,0,0,0x1001BFC0
1777261135.196,2585164,4,6,GNSS,255,BROADCAST,0,HEARTBEAT,48,HEARTBEAT,0,0,0,0,0,0,0x1001BFC0
1777261136.193,2586161,4,6,GNSS,255,BROADCAST,0,HEARTBEAT,48,HEARTBEAT,0,0,0,0,0,0,0x1001BFC0
1777261137.190,2587159,4,6,GNSS,255,BROADCAST,0,HEARTBEAT,48,HEARTBEAT,0,0,0,0,0,0,0x1001BFC0
1777261138.205,2588156,4,6,GNSS,255,BROADCAST,0,HEARTBEAT,48,HEARTBEAT,0,0,0,0,0,0,0x1001BFC0
1777261138.205,2588157,4,6,GNSS,1,CDH,10,HEALTH,1,HEALTH_0x01,0,0,0,0,1,1,0x1001804A
1777261138.205,2588158,2,6,GNSS,1,CDH,4,TELEMETRY,2,TELEMETRY_0x02,0,0,0,0,0,0,0x08018044
1777261139.188,2589154,4,6,GNSS,255,BROADCAST,0,HEARTBEAT,48,HEARTBEAT,0,0,0,0,0,0,0x1001BFC0
1777261140.188,2590151,4,6,GNSS,255,BROADCAST,0,HEARTBEAT,48,HEARTBEAT,0,0,0,0,0,0,0x1001BFC0
1777261141.182,2591149,4,6,GNSS,255,BROADCAST,0,HEARTBEAT,48,HEARTBEAT,0,0,0,0,0,0,0x1001BFC0
1777261142.211,2592146,4,6,GNSS,255,BROADCAST,0,HEARTBEAT,48,HEARTBEAT,0,0,0,0,0,0,0x1001BFC0
1777261143.188,2593143,4,6,GNSS,255,BROADCAST,0,HEARTBEAT,48,HEARTBEAT,0,0,0,0,0,0,0x1001BFC0
1777261143.188,2593144,4,6,GNSS,1,CDH,10,HEALTH,1,HEALTH_0x01,0,0,0,0,1,1,0x1001804A
1777261143.188,2593146,2,6,GNSS,1,CDH,4,TELEMETRY,2,TELEMETRY_0x02,0,0,0,0,0,0,0x08018044
1777261144.174,2594142,4,6,GNSS,255,BROADCAST,0,HEARTBEAT,48,HEARTBEAT,0,0,0,0,0,0,0x1001BFC0
1777261145.181,2595139,4,6,GNSS,255,BROADCAST,0,HEARTBEAT,48,HEARTBEAT,0,0,0,0,0,0,0x1001BFC0
1777261146.205,2596136,4,6,GNSS,255,BROADCAST,0,HEARTBEAT,48,HEARTBEAT,0,0,0,0,0,0,0x1001BFC0
1777261147.165,2597134,4,6,GNSS,255,BROADCAST,0,HEARTBEAT,48,HEARTBEAT,0,0,0,0,0,0,0x1001BFC0
1777261148.163,2598131,4,6,GNSS,255,BROADCAST,0,HEARTBEAT,48,HEARTBEAT,0,0,0,0,0,0,0x1001BFC0
1777261148.164,2598132,4,6,GNSS,1,CDH,10,HEALTH,1,HEALTH_0x01,0,0,0,0,1,1,0x1001804A
1777261148.165,2598133,2,6,GNSS,1,CDH,4,TELEMETRY,2,TELEMETRY_0x02,0,0,0,0,0,0,0x08018044
1777261149.170,2599129,4,6,GNSS,255,BROADCAST,0,HEARTBEAT,48,HEARTBEAT,0,0,0,0,0,0,0x1001BFC0
1777261150.188,2600126,4,6,GNSS,255,BROADCAST,0,HEARTBEAT,48,HEARTBEAT,0,0,0,0,0,0,0x1001BFC0
1777261151.157,2601124,4,6,GNSS,255,BROADCAST,0,HEARTBEAT,48,HEARTBEAT,0,0,0,0,0,0,0x1001BFC0
1777261152.153,2602121,4,6,GNSS,255,BROADCAST,0,HEARTBEAT,48,HEARTBEAT,0,0,0,0,0,0,0x1001BFC0
1777261153.170,2603118,4,6,GNSS,255,BROADCAST,0,HEARTBEAT,48,HEARTBEAT,0,0,0,0,0,0,0x1001BFC0
1777261153.170,2603119,4,6,GNSS,1,CDH,10,HEALTH,1,HEALTH_0x01,0,0,0,0,1,1,0x1001804A
1777261153.170,2603120,2,6,GNSS,1,CDH,4,TELEMETRY,2,TELEMETRY_0x02,0,0,0,0,0,0,0x08018044
1777261154.187,2604116,4,6,GNSS,255,BROADCAST,0,HEARTBEAT,48,HEARTBEAT,0,0,0,0,0,0,0x1001BFC0
1777261155.146,2605114,4,6,GNSS,255,BROADCAST,0,HEARTBEAT,48,HEARTBEAT,0,0,0,0,0,0,0x1001BFC0
1777261156.143,2606111,4,6,GNSS,255,BROADCAST,0,HEARTBEAT,48,HEARTBEAT,0,0,0,0,0,0,0x1001BFC0
1777261157.155,2607108,4,6,GNSS,255,BROADCAST,0,HEARTBEAT,48,HEARTBEAT,0,0,0,0,0,0,0x1001BFC0
1777261158.138,2608105,4,6,GNSS,255,BROADCAST,0,HEARTBEAT,48,HEARTBEAT,0,0,0,0,0,0,0x1001BFC0
1777261158.172,2608106,4,6,GNSS,1,CDH,10,HEALTH,1,HEALTH_0x01,0,0,0,0,1,1,0x1001804A
1777261158.172,2608107,2,6,GNSS,1,CDH,4,TELEMETRY,2,TELEMETRY_0x02,0,0,0,0,0,0,0x08018044
1777261159.136,2609103,4,6,GNSS,255,BROADCAST,0,HEARTBEAT,48,HEARTBEAT,0,0,0,0,0,0,0x1001BFC0
1777261160.134,2610101,4,6,GNSS,255,BROADCAST,0,HEARTBEAT,48,HEARTBEAT,0,0,0,0,0,0,0x1001BFC0
1777261161.155,2611098,4,6,GNSS,255,BROADCAST,0,HEARTBEAT,48,HEARTBEAT,0,0,0,0,0,0,0x1001BFC0
1777261162.127,2612095,4,6,GNSS,255,BROADCAST,0,HEARTBEAT,48,HEARTBEAT,0,0,0,0,0,0,0x1001BFC0
1777261163.126,2613092,4,6,GNSS,255,BROADCAST,0,HEARTBEAT,48,HEARTBEAT,0,0,0,0,0,0,0x1001BFC0
1777261163.126,2613093,4,6,GNSS,1,CDH,10,HEALTH,1,HEALTH_0x01,0,0,0,0,1,1,0x1001804A
1777261163.127,2613095,2,6,GNSS,1,CDH,4,TELEMETRY,2,TELEMETRY_0x02,0,0,0,0,0,0,0x08018044
1777261164.123,2614091,4,6,GNSS,255,BROADCAST,0,HEARTBEAT,48,HEARTBEAT,0,0,0,0,0,0,0x1001BFC0
1777261165.146,2615088,4,6,GNSS,255,BROADCAST,0,HEARTBEAT,48,HEARTBEAT,0,0,0,0,0,0,0x1001BFC0
1777261166.121,2616085,4,6,GNSS,255,BROADCAST,0,HEARTBEAT,48,HEARTBEAT,0,0,0,0,0,0,0x1001BFC0
1777261167.118,2617083,4,6,GNSS,255,BROADCAST,0,HEARTBEAT,48,HEARTBEAT,0,0,0,0,0,0,0x1001BFC0
1777261168.114,2618080,4,6,GNSS,255,BROADCAST,0,HEARTBEAT,48,HEARTBEAT,0,0,0,0,0,0,0x1001BFC0
1777261168.114,2618081,4,6,GNSS,1,CDH,10,HEALTH,1,HEALTH_0x01,0,0,0,0,1,1,0x1001804A
1777261168.114,2618082,2,6,GNSS,1,CDH,4,TELEMETRY,2,TELEMETRY_0x02,0,0,0,0,0,0,0x08018044
1777261169.139,2619078,4,6,GNSS,255,BROADCAST,0,HEARTBEAT,48,HEARTBEAT,0,0,0,0,0,0,0x1001BFC0
1777261170.108,2620076,4,6,GNSS,255,BROADCAST,0,HEARTBEAT,48,HEARTBEAT,0,0,0,0,0,0,0x1001BFC0
1777261171.105,2621073,4,6,GNSS,255,BROADCAST,0,HEARTBEAT,48,HEARTBEAT,0,0,0,0,0,0,0x1001BFC0
1777261172.109,2622070,4,6,GNSS,255,BROADCAST,0,HEARTBEAT,48,HEARTBEAT,0,0,0,0,0,0,0x1001BFC0
1777261173.133,2623067,4,6,GNSS,255,BROADCAST,0,HEARTBEAT,48,HEARTBEAT,0,0,0,0,0,0,0x1001BFC0
1777261173.133,2623068,4,6,GNSS,1,CDH,10,HEALTH,1,HEALTH_0x01,0,0,0,0,1,1,0x1001804A
1777261173.133,2623070,2,6,GNSS,1,CDH,4,TELEMETRY,2,TELEMETRY_0x02,0,0,0,0,0,0,0x08018044
1777261174.098,2624066,4,6,GNSS,255,BROADCAST,0,HEARTBEAT,48,HEARTBEAT,0,0,0,0,0,0,0x1001BFC0
1777261175.096,2625063,4,6,GNSS,255,BROADCAST,0,HEARTBEAT,48,HEARTBEAT,0,0,0,0,0,0,0x1001BFC0
1777261176.103,2626060,4,6,GNSS,255,BROADCAST,0,HEARTBEAT,48,HEARTBEAT,0,0,0,0,0,0,0x1001BFC0
1777261177.123,2627058,4,6,GNSS,255,BROADCAST,0,HEARTBEAT,48,HEARTBEAT,0,0,0,0,0,0,0x1001BFC0
1777261178.089,2628055,4,6,GNSS,255,BROADCAST,0,HEARTBEAT,48,HEARTBEAT,0,0,0,0,0,0,0x1001BFC0
1777261178.089,2628056,4,6,GNSS,1,CDH,10,HEALTH,1,HEALTH_0x01,0,0,0,0,1,1,0x1001804A
1777261178.090,2628057,2,6,GNSS,1,CDH,4,TELEMETRY,2,TELEMETRY_0x02,0,0,0,0,0,0,0x08018044
1777261179.097,2629053,4,6,GNSS,255,BROADCAST,0,HEARTBEAT,48,HEARTBEAT,0,0,0,0,0,0,0x1001BFC0
1777261180.097,2630051,4,6,GNSS,255,BROADCAST,0,HEARTBEAT,48,HEARTBEAT,0,0,0,0,0,0,0x1001BFC0
1777261181.121,2631048,4,6,GNSS,255,BROADCAST,0,HEARTBEAT,48,HEARTBEAT,0,0,0,0,0,0,0x1001BFC0
1777261182.078,2632045,4,6,GNSS,255,BROADCAST,0,HEARTBEAT,48,HEARTBEAT,0,0,0,0,0,0,0x1001BFC0
1777261183.076,2633043,4,6,GNSS,255,BROADCAST,0,HEARTBEAT,48,HEARTBEAT,0,0,0,0,0,0,0x1001BFC0
1777261183.076,2633044,4,6,GNSS,1,CDH,10,HEALTH,1,HEALTH_0x01,0,0,0,0,1,1,0x1001804A
1777261183.077,2633045,2,6,GNSS,1,CDH,4,TELEMETRY,2,TELEMETRY_0x02,0,0,0,0,0,0,0x08018044
1777261184.089,2634041,4,6,GNSS,255,BROADCAST,0,HEARTBEAT,48,HEARTBEAT,0,0,0,0,0,0,0x1001BFC0
1777261185.114,2635038,4,6,GNSS,255,BROADCAST,0,HEARTBEAT,48,HEARTBEAT,0,0,0,0,0,0,0x1001BFC0
1777261186.068,2636036,4,6,GNSS,255,BROADCAST,0,HEARTBEAT,48,HEARTBEAT,0,0,0,0,0,0,0x1001BFC0
1777261187.066,2637033,4,6,GNSS,255,BROADCAST,0,HEARTBEAT,48,HEARTBEAT,0,0,0,0,0,0,0x1001BFC0
1777261188.086,2638030,4,6,GNSS,255,BROADCAST,0,HEARTBEAT,48,HEARTBEAT,0,0,0,0,0,0,0x1001BFC0
1777261188.086,2638031,4,6,GNSS,1,CDH,10,HEALTH,1,HEALTH_0x01,0,0,0,0,1,1,0x1001804A
1777261188.086,2638033,2,6,GNSS,1,CDH,4,TELEMETRY,2,TELEMETRY_0x02,0,0,0,0,0,0,0x08018044
1777261189.062,2639029,4,6,GNSS,255,BROADCAST,0,HEARTBEAT,48,HEARTBEAT,0,0,0,0,0,0,0x1001BFC0
1777261190.059,2640026,4,6,GNSS,255,BROADCAST,0,HEARTBEAT,48,HEARTBEAT,0,0,0,0,0,0,0x1001BFC0
1777261191.056,2641023,4,6,GNSS,255,BROADCAST,0,HEARTBEAT,48,HEARTBEAT,0,0,0,0,0,0,0x1001BFC0
1777261192.084,2642020,4,6,GNSS,255,BROADCAST,0,HEARTBEAT,48,HEARTBEAT,0,0,0,0,0,0,0x1001BFC0
1777261193.051,2643018,4,6,GNSS,255,BROADCAST,0,HEARTBEAT,48,HEARTBEAT,0,0,0,0,0,0,0x1001BFC0
1777261193.052,2643019,4,6,GNSS,1,CDH,10,HEALTH,1,HEALTH_0x01,0,0,0,0,1,1,0x1001804A
1777261193.053,2643020,2,6,GNSS,1,CDH,4,TELEMETRY,2,TELEMETRY_0x02,0,0,0,0,0,0,0x08018044
1777261194.049,2644016,4,6,GNSS,255,BROADCAST,0,HEARTBEAT,48,HEARTBEAT,0,0,0,0,0,0,0x1001BFC0
1777261195.049,2645014,4,6,GNSS,255,BROADCAST,0,HEARTBEAT,48,HEARTBEAT,0,0,0,0,0,0,0x1001BFC0
1777261196.077,2646011,4,6,GNSS,255,BROADCAST,0,HEARTBEAT,48,HEARTBEAT,0,0,0,0,0,0,0x1001BFC0
1777261197.041,2647008,4,6,GNSS,255,BROADCAST,0,HEARTBEAT,48,HEARTBEAT,0,0,0,0,0,0,0x1001BFC0
1777261198.039,2648005,4,6,GNSS,255,BROADCAST,0,HEARTBEAT,48,HEARTBEAT,0,0,0,0,0,0,0x1001BFC0
1777261198.040,2648006,4,6,GNSS,1,CDH,10,HEALTH,1,HEALTH_0x01,0,0,0,0,1,1,0x1001804A
1777261198.044,2648007,2,6,GNSS,1,CDH,4,TELEMETRY,2,TELEMETRY_0x02,0,0,0,0,0,0,0x08018044
1777261199.037,2649004,4,6,GNSS,255,BROADCAST,0,HEARTBEAT,48,HEARTBEAT,0,0,0,0,0,0,0x1001BFC0
1777261200.071,2650001,4,6,GNSS,255,BROADCAST,0,HEARTBEAT,48,HEARTBEAT,0,0,0,0,0,0,0x1001BFC0
1777261201.033,2650998,4,6,GNSS,255,BROADCAST,0,HEARTBEAT,48,HEARTBEAT,0,0,0,0,0,0,0x1001BFC0
1777261202.031,2651996,4,6,GNSS,255,BROADCAST,0,HEARTBEAT,48,HEARTBEAT,0,0,0,0,0,0,0x1001BFC0
1777261203.035,2652993,4,6,GNSS,255,BROADCAST,0,HEARTBEAT,48,HEARTBEAT,0,0,0,0,0,0,0x1001BFC0
1777261203.035,2652994,4,6,GNSS,1,CDH,10,HEALTH,1,HEALTH_0x01,0,0,0,0,1,1,0x1001804A
1777261203.035,2652995,2,6,GNSS,1,CDH,4,TELEMETRY,2,TELEMETRY_0x02,0,0,0,0,0,0,0x08018044
1777261204.052,2653991,4,6,GNSS,255,BROADCAST,0,HEARTBEAT,48,HEARTBEAT,0,0,0,0,0,0,0x1001BFC0
1777261205.022,2654988,4,6,GNSS,255,BROADCAST,0,HEARTBEAT,48,HEARTBEAT,0,0,0,0,0,0,0x1001BFC0
1777261206.019,2655986,4,6,GNSS,255,BROADCAST,0,HEARTBEAT,48,HEARTBEAT,0,0,0,0,0,0,0x1001BFC0
1777261207.033,2656983,4,6,GNSS,255,BROADCAST,0,HEARTBEAT,48,HEARTBEAT,0,0,0,0,0,0,0x1001BFC0
1777261208.047,2657980,4,6,GNSS,255,BROADCAST,0,HEARTBEAT,48,HEARTBEAT,0,0,0,0,0,0,0x1001BFC0
1777261208.047,2657981,4,6,GNSS,1,CDH,10,HEALTH,1,HEALTH_0x01,0,0,0,0,1,1,0x1001804A
1777261208.047,2657982,2,6,GNSS,1,CDH,4,TELEMETRY,2,TELEMETRY_0x02,0,0,0,0,0,0,0x08018044
1777261209.012,2658979,4,6,GNSS,255,BROADCAST,0,HEARTBEAT,48,HEARTBEAT,0,0,0,0,0,0,0x1001BFC0
1777261210.009,2659976,4,6,GNSS,255,BROADCAST,0,HEARTBEAT,48,HEARTBEAT,0,0,0,0,0,0,0x1001BFC0
1777261211.022,2660973,4,6,GNSS,255,BROADCAST,0,HEARTBEAT,48,HEARTBEAT,0,0,0,0,0,0,0x1001BFC0
1777261212.048,2661970,4,6,GNSS,255,BROADCAST,0,HEARTBEAT,48,HEARTBEAT,0,0,0,0,0,0,0x1001BFC0
1777261213.001,2662967,4,6,GNSS,255,BROADCAST,0,HEARTBEAT,48,HEARTBEAT,0,0,0,0,0,0,0x1001BFC0
1777261213.004,2662969,4,6,GNSS,1,CDH,10,HEALTH,1,HEALTH_0x01,0,0,0,0,1,1,0x1001804A
1777261213.004,2662970,2,6,GNSS,1,CDH,4,TELEMETRY,2,TELEMETRY_0x02,0,0,0,0,0,0,0x08018044
1777261213.999,2663966,4,6,GNSS,255,BROADCAST,0,HEARTBEAT,48,HEARTBEAT,0,0,0,0,0,0,0x1001BFC0
1777261215.016,2664965,4,6,GNSS,255,BROADCAST,0,HEARTBEAT,48,HEARTBEAT,0,0,0,0,0,0,0x1001BFC0
1777261215.994,2665960,4,6,GNSS,255,BROADCAST,0,HEARTBEAT,48,HEARTBEAT,0,0,0,0,0,0,0x1001BFC0
1777261216.991,2666957,4,6,GNSS,255,BROADCAST,0,HEARTBEAT,48,HEARTBEAT,0,0,0,0,0,0,0x1001BFC0
1777261217.988,2667955,4,6,GNSS,255,BROADCAST,0,HEARTBEAT,48,HEARTBEAT,0,0,0,0,0,0,0x1001BFC0
1777261217.989,2667956,4,6,GNSS,1,CDH,10,HEALTH,1,HEALTH_0x01,0,0,0,0,1,1,0x1001804A
1777261217.990,2667957,2,6,GNSS,1,CDH,4,TELEMETRY,2,TELEMETRY_0x02,0,0,0,0,0,0,0x08018044
1777261219.007,2668953,4,6,GNSS,255,BROADCAST,0,HEARTBEAT,48,HEARTBEAT,0,0,0,0,0,0,0x1001BFC0
1777261219.983,2669950,4,6,GNSS,255,BROADCAST,0,HEARTBEAT,48,HEARTBEAT,0,0,0,0,0,0,0x1001BFC0
1777261220.981,2670948,4,6,GNSS,255,BROADCAST,0,HEARTBEAT,48,HEARTBEAT,0,0,0,0,0,0,0x1001BFC0
1777261221.979,2671945,4,6,GNSS,255,BROADCAST,0,HEARTBEAT,48,HEARTBEAT,0,0,0,0,0,0,0x1001BFC0
1777261223.007,2672942,4,6,GNSS,255,BROADCAST,0,HEARTBEAT,48,HEARTBEAT,0,0,0,0,0,0,0x1001BFC0
1777261223.007,2672943,4,6,GNSS,1,CDH,10,HEALTH,1,HEALTH_0x01,0,0,0,0,1,1,0x1001804A
1777261223.020,2672944,2,6,GNSS,1,CDH,4,TELEMETRY,2,TELEMETRY_0x02,0,0,0,0,0,0,0x08018044
1777261223.974,2673940,4,6,GNSS,255,BROADCAST,0,HEARTBEAT,48,HEARTBEAT,0,0,0,0,0,0,0x1001BFC0
1777261224.971,2674937,4,6,GNSS,255,BROADCAST,0,HEARTBEAT,48,HEARTBEAT,0,0,0,0,0,0,0x1001BFC0
1777261225.969,2675935,4,6,GNSS,255,BROADCAST,0,HEARTBEAT,48,HEARTBEAT,0,0,0,0,0,0,0x1001BFC0
1777261227.022,2676932,4,6,GNSS,255,BROADCAST,0,HEARTBEAT,48,HEARTBEAT,0,0,0,0,0,0,0x1001BFC0
1777261227.963,2677929,4,6,GNSS,255,BROADCAST,0,HEARTBEAT,48,HEARTBEAT,0,0,0,0,0,0,0x1001BFC0
1777261227.963,2677930,4,6,GNSS,1,CDH,10,HEALTH,1,HEALTH_0x01,0,0,0,0,1,1,0x1001804A
1777261227.965,2677931,2,6,GNSS,1,CDH,4,TELEMETRY,2,TELEMETRY_0x02,0,0,0,0,0,0,0x08018044
1777261228.961,2678927,4,6,GNSS,255,BROADCAST,0,HEARTBEAT,48,HEARTBEAT,0,0,0,0,0,0,0x1001BFC0
1777261229.959,2679925,4,6,GNSS,255,BROADCAST,0,HEARTBEAT,48,HEARTBEAT,0,0,0,0,0,0,0x1001BFC0
1777261230.991,2680922,4,6,GNSS,255,BROADCAST,0,HEARTBEAT,48,HEARTBEAT,0,0,0,0,0,0,0x1001BFC0
1777261231.953,2681919,4,6,GNSS,255,BROADCAST,0,HEARTBEAT,48,HEARTBEAT,0,0,0,0,0,0,0x1001BFC0
1777261232.952,2682916,4,6,GNSS,255,BROADCAST,0,HEARTBEAT,48,HEARTBEAT,0,0,0,0,0,0,0x1001BFC0
1777261232.952,2682917,4,6,GNSS,1,CDH,10,HEALTH,1,HEALTH_0x01,0,0,0,0,1,1,0x1001804A
1777261232.952,2682918,2,6,GNSS,1,CDH,4,TELEMETRY,2,TELEMETRY_0x02,0,0,0,0,0,0,0x08018044
1777261233.964,2683914,4,6,GNSS,255,BROADCAST,0,HEARTBEAT,48,HEARTBEAT,0,0,0,0,0,0,0x1001BFC0
1777261234.979,2684912,4,6,GNSS,255,BROADCAST,0,HEARTBEAT,48,HEARTBEAT,0,0,0,0,0,0,0x1001BFC0
1777261235.942,2685909,4,6,GNSS,255,BROADCAST,0,HEARTBEAT,48,HEARTBEAT,0,0,0,0,0,0,0x1001BFC0
1777261236.940,2686906,4,6,GNSS,255,BROADCAST,0,HEARTBEAT,48,HEARTBEAT,0,0,0,0,0,0,0x1001BFC0
1777261237.944,2687903,4,6,GNSS,255,BROADCAST,0,HEARTBEAT,48,HEARTBEAT,0,0,0,0,0,0,0x1001BFC0
1777261237.944,2687904,4,6,GNSS,1,CDH,10,HEALTH,1,HEALTH_0x01,0,0,0,0,1,1,0x1001804A
1777261237.944,2687905,2,6,GNSS,1,CDH,4,TELEMETRY,2,TELEMETRY_0x02,0,0,0,0,0,0,0x08018044
1777261238.978,2688901,4,6,GNSS,255,BROADCAST,0,HEARTBEAT,48,HEARTBEAT,0,0,0,0,0,0,0x1001BFC0
1777261239.932,2689899,4,6,GNSS,255,BROADCAST,0,HEARTBEAT,48,HEARTBEAT,0,0,0,0,0,0,0x1001BFC0
1777261240.929,2690896,4,6,GNSS,255,BROADCAST,0,HEARTBEAT,48,HEARTBEAT,0,0,0,0,0,0,0x1001BFC0
1777261241.947,2691893,4,6,GNSS,255,BROADCAST,0,HEARTBEAT,48,HEARTBEAT,0,0,0,0,0,0,0x1001BFC0
1777261242.924,2692890,4,6,GNSS,255,BROADCAST,0,HEARTBEAT,48,HEARTBEAT,0,0,0,0,0,0,0x1001BFC0
1777261242.988,2692891,4,6,GNSS,1,CDH,10,HEALTH,1,HEALTH_0x01,0,0,0,0,1,1,0x1001804A
1777261242.988,2692893,2,6,GNSS,1,CDH,4,TELEMETRY,2,TELEMETRY_0x02,0,0,0,0,0,0,0x08018044
1777261243.922,2693889,4,6,GNSS,255,BROADCAST,0,HEARTBEAT,48,HEARTBEAT,0,0,0,0,0,0,0x1001BFC0
1777261244.920,2694886,4,6,GNSS,255,BROADCAST,0,HEARTBEAT,48,HEARTBEAT,0,0,0,0,0,0,0x1001BFC0
1777261245.939,2695883,4,6,GNSS,255,BROADCAST,0,HEARTBEAT,48,HEARTBEAT,0,0,0,0,0,0,0x1001BFC0
1777261246.914,2696880,4,6,GNSS,255,BROADCAST,0,HEARTBEAT,48,HEARTBEAT,0,0,0,0,0,0,0x1001BFC0
1777261247.914,2697878,4,6,GNSS,255,BROADCAST,0,HEARTBEAT,48,HEARTBEAT,0,0,0,0,0,0,0x1001BFC0
1777261247.914,2697880,4,6,GNSS,1,CDH,10,HEALTH,1,HEALTH_0x01,0,0,0,0,1,1,0x1001804A
1777261247.916,2697881,2,6,GNSS,1,CDH,4,TELEMETRY,2,TELEMETRY_0x02,0,0,0,0,0,0,0x08018044
1777261248.910,2698876,4,6,GNSS,255,BROADCAST,0,HEARTBEAT,48,HEARTBEAT,0,0,0,0,0,0,0x1001BFC0
1777261249.957,2699873,4,6,GNSS,255,BROADCAST,0,HEARTBEAT,48,HEARTBEAT,0,0,0,0,0,0,0x1001BFC0
1777261250.905,2700871,4,6,GNSS,255,BROADCAST,0,HEARTBEAT,48,HEARTBEAT,0,0,0,0,0,0,0x1001BFC0
1777261251.902,2701868,4,6,GNSS,255,BROADCAST,0,HEARTBEAT,48,HEARTBEAT,0,0,0,0,0,0,0x1001BFC0
1777261252.905,2702865,4,6,GNSS,255,BROADCAST,0,HEARTBEAT,48,HEARTBEAT,0,0,0,0,0,0,0x1001BFC0
1777261252.905,2702866,4,6,GNSS,1,CDH,10,HEALTH,1,HEALTH_0x01,0,0,0,0,1,1,0x1001804A
1777261252.905,2702867,2,6,GNSS,1,CDH,4,TELEMETRY,2,TELEMETRY_0x02,0,0,0,0,0,0,0x08018044
1777261253.922,2703863,4,6,GNSS,255,BROADCAST,0,HEARTBEAT,48,HEARTBEAT,0,0,0,0,0,0,0x1001BFC0
1777261254.895,2704861,4,6,GNSS,255,BROADCAST,0,HEARTBEAT,48,HEARTBEAT,0,0,0,0,0,0,0x1001BFC0
1777261255.892,2705858,4,6,GNSS,255,BROADCAST,0,HEARTBEAT,48,HEARTBEAT,0,0,0,0,0,0,0x1001BFC0
1777261256.898,2706855,4,6,GNSS,255,BROADCAST,0,HEARTBEAT,48,HEARTBEAT,0,0,0,0,0,0,0x1001BFC0
1777261257.931,2707852,4,6,GNSS,255,BROADCAST,0,HEARTBEAT,48,HEARTBEAT,0,0,0,0,0,0,0x1001BFC0
1777261257.931,2707853,4,6,GNSS,1,CDH,10,HEALTH,1,HEALTH_0x01,0,0,0,0,1,1,0x1001804A
1777261257.931,2707855,2,6,GNSS,1,CDH,4,TELEMETRY,2,TELEMETRY_0x02,0,0,0,0,0,0,0x08018044
1777261258.885,2708851,4,6,GNSS,255,BROADCAST,0,HEARTBEAT,48,HEARTBEAT,0,0,0,0,0,0,0x1001BFC0
1777261259.884,2709848,4,6,GNSS,255,BROADCAST,0,HEARTBEAT,48,HEARTBEAT,0,0,0,0,0,0,0x1001BFC0
1777261260.921,2710845,4,6,GNSS,255,BROADCAST,0,HEARTBEAT,48,HEARTBEAT,0,0,0,0,0,0,0x1001BFC0
1777261261.905,2711843,4,6,GNSS,255,BROADCAST,0,HEARTBEAT,48,HEARTBEAT,0,0,0,0,0,0,0x1001BFC0
1777261262.875,2712840,4,6,GNSS,255,BROADCAST,0,HEARTBEAT,48,HEARTBEAT,0,0,0,0,0,0,0x1001BFC0
1777261262.875,2712841,4,6,GNSS,1,CDH,10,HEALTH,1,HEALTH_0x01,0,0,0,0,1,1,0x1001804A
1777261262.876,2712842,2,6,GNSS,1,CDH,4,TELEMETRY,2,TELEMETRY_0x02,0,0,0,0,0,0,0x08018044
1777261263.873,2713838,4,6,GNSS,255,BROADCAST,0,HEARTBEAT,48,HEARTBEAT,0,0,0,0,0,0,0x1001BFC0
1777261264.875,2714836,4,6,GNSS,255,BROADCAST,0,HEARTBEAT,48,HEARTBEAT,0,0,0,0,0,0,0x1001BFC0
1777261265.911,2715833,4,6,GNSS,255,BROADCAST,0,HEARTBEAT,48,HEARTBEAT,0,0,0,0,0,0,0x1001BFC0
1777261266.864,2716830,4,6,GNSS,255,BROADCAST,0,HEARTBEAT,48,HEARTBEAT,0,0,0,0,0,0,0x1001BFC0
1777261267.862,2717827,4,6,GNSS,255,BROADCAST,0,HEARTBEAT,48,HEARTBEAT,0,0,0,0,0,0,0x1001BFC0
1777261267.863,2717828,4,6,GNSS,1,CDH,10,HEALTH,1,HEALTH_0x01,0,0,0,0,1,1,0x1001804A
1777261267.864,2717830,2,6,GNSS,1,CDH,4,TELEMETRY,2,TELEMETRY_0x02,0,0,0,0,0,0,0x08018044
1777261268.880,2718826,4,6,GNSS,255,BROADCAST,0,HEARTBEAT,48,HEARTBEAT,0,0,0,0,0,0,0x1001BFC0
1777261269.911,2719823,4,6,GNSS,255,BROADCAST,0,HEARTBEAT,48,HEARTBEAT,0,0,0,0,0,0,0x1001BFC0
1777261270.855,2720821,4,6,GNSS,255,BROADCAST,0,HEARTBEAT,48,HEARTBEAT,0,0,0,0,0,0,0x1001BFC0
1777261271.852,2721818,4,6,GNSS,255,BROADCAST,0,HEARTBEAT,48,HEARTBEAT,0,0,0,0,0,0,0x1001BFC0
1777261272.867,2722815,4,6,GNSS,255,BROADCAST,0,HEARTBEAT,48,HEARTBEAT,0,0,0,0,0,0,0x1001BFC0
1777261272.867,2722816,4,6,GNSS,1,CDH,10,HEALTH,1,HEALTH_0x01,0,0,0,0,1,1,0x1001804A
1777261272.867,2722818,2,6,GNSS,1,CDH,4,TELEMETRY,2,TELEMETRY_0x02,0,0,0,0,0,0,0x08018044
1777261273.849,2723814,4,6,GNSS,255,BROADCAST,0,HEARTBEAT,48,HEARTBEAT,0,0,0,0,0,0,0x1001BFC0
1777261274.845,2724811,4,6,GNSS,255,BROADCAST,0,HEARTBEAT,48,HEARTBEAT,0,0,0,0,0,0,0x1001BFC0
1777261275.842,2725808,4,6,GNSS,255,BROADCAST,0,HEARTBEAT,48,HEARTBEAT,0,0,0,0,0,0,0x1001BFC0
1777261276.866,2726805,4,6,GNSS,255,BROADCAST,0,HEARTBEAT,48,HEARTBEAT,0,0,0,0,0,0,0x1001BFC0
1777261277.838,2727803,4,6,GNSS,255,BROADCAST,0,HEARTBEAT,48,HEARTBEAT,0,0,0,0,0,0,0x1001BFC0
1777261277.840,2727805,4,6,GNSS,1,CDH,10,HEALTH,1,HEALTH_0x01,0,0,0,0,1,1,0x1001804A
1777261277.840,2727806,2,6,GNSS,1,CDH,4,TELEMETRY,2,TELEMETRY_0x02,0,0,0,0,0,0,0x08018044
1777261278.837,2728801,4,6,GNSS,255,BROADCAST,0,HEARTBEAT,48,HEARTBEAT,0,0,0,0,0,0,0x1001BFC0
1777261279.833,2729798,4,6,GNSS,255,BROADCAST,0,HEARTBEAT,48,HEARTBEAT,0,0,0,0,0,0,0x1001BFC0
1777261280.863,2730796,4,6,GNSS,255,BROADCAST,0,HEARTBEAT,48,HEARTBEAT,0,0,0,0,0,0,0x1001BFC0
1777261281.827,2731793,4,6,GNSS,255,BROADCAST,0,HEARTBEAT,48,HEARTBEAT,0,0,0,0,0,0,0x1001BFC0
1777261282.834,2732790,4,6,GNSS,255,BROADCAST,0,HEARTBEAT,48,HEARTBEAT,0,0,0,0,0,0,0x1001BFC0
1777261282.834,2732791,4,6,GNSS,1,CDH,10,HEALTH,1,HEALTH_0x01,0,0,0,0,1,1,0x1001804A
1777261282.834,2732792,2,6,GNSS,1,CDH,4,TELEMETRY,2,TELEMETRY_0x02,0,0,0,0,0,0,0x08018044
1777261283.826,2733788,4,6,GNSS,255,BROADCAST,0,HEARTBEAT,48,HEARTBEAT,0,0,0,0,0,0,0x1001BFC0
1777261284.856,2734786,4,6,GNSS,255,BROADCAST,0,HEARTBEAT,48,HEARTBEAT,0,0,0,0,0,0,0x1001BFC0
1777261285.817,2735783,4,6,GNSS,255,BROADCAST,0,HEARTBEAT,48,HEARTBEAT,0,0,0,0,0,0,0x1001BFC0
1777261286.815,2736780,4,6,GNSS,255,BROADCAST,0,HEARTBEAT,48,HEARTBEAT,0,0,0,0,0,0,0x1001BFC0
1777261287.825,2737778,4,6,GNSS,255,BROADCAST,0,HEARTBEAT,48,HEARTBEAT,0,0,0,0,0,0,0x1001BFC0
1777261287.825,2737779,4,6,GNSS,1,CDH,10,HEALTH,1,HEALTH_0x01,0,0,0,0,1,1,0x1001804A
1777261287.825,2737780,2,6,GNSS,1,CDH,4,TELEMETRY,2,TELEMETRY_0x02,0,0,0,0,0,0,0x08018044
1777261288.850,2738776,4,6,GNSS,255,BROADCAST,0,HEARTBEAT,48,HEARTBEAT,0,0,0,0,0,0,0x1001BFC0
1777261289.808,2739773,4,6,GNSS,255,BROADCAST,0,HEARTBEAT,48,HEARTBEAT,0,0,0,0,0,0,0x1001BFC0
1777261290.805,2740771,4,6,GNSS,255,BROADCAST,0,HEARTBEAT,48,HEARTBEAT,0,0,0,0,0,0,0x1001BFC0
1777261291.813,2741768,4,6,GNSS,255,BROADCAST,0,HEARTBEAT,48,HEARTBEAT,0,0,0,0,0,0,0x1001BFC0
1777261292.847,2742765,4,6,GNSS,255,BROADCAST,0,HEARTBEAT,48,HEARTBEAT,0,0,0,0,0,0,0x1001BFC0
1777261292.847,2742766,4,6,GNSS,1,CDH,10,HEALTH,1,HEALTH_0x01,0,0,0,0,1,1,0x1001804A
1777261292.847,2742767,2,6,GNSS,1,CDH,4,TELEMETRY,2,TELEMETRY_0x02,0,0,0,0,0,0,0x08018044
1777261293.799,2743764,4,6,GNSS,255,BROADCAST,0,HEARTBEAT,48,HEARTBEAT,0,0,0,0,0,0,0x1001BFC0
1777261294.796,2744761,4,6,GNSS,255,BROADCAST,0,HEARTBEAT,48,HEARTBEAT,0,0,0,0,0,0,0x1001BFC0
1777261295.814,2745758,4,6,GNSS,255,BROADCAST,0,HEARTBEAT,48,HEARTBEAT,0,0,0,0,0,0,0x1001BFC0
1777261296.790,2746755,4,6,GNSS,255,BROADCAST,0,HEARTBEAT,48,HEARTBEAT,0,0,0,0,0,0,0x1001BFC0
1777261297.787,2747752,4,6,GNSS,255,BROADCAST,0,HEARTBEAT,48,HEARTBEAT,0,0,0,0,0,0,0x1001BFC0
1777261297.787,2747753,4,6,GNSS,1,CDH,10,HEALTH,1,HEALTH_0x01,0,0,0,0,1,1,0x1001804A
1777261297.789,2747755,2,6,GNSS,1,CDH,4,TELEMETRY,2,TELEMETRY_0x02,0,0,0,0,0,0,0x08018044
1777261298.786,2748751,4,6,GNSS,255,BROADCAST,0,HEARTBEAT,48,HEARTBEAT,0,0,0,0,0,0,0x1001BFC0
1777261299.806,2749748,4,6,GNSS,255,BROADCAST,0,HEARTBEAT,48,HEARTBEAT,0,0,0,0,0,0,0x1001BFC0
1777261300.782,2750745,4,6,GNSS,255,BROADCAST,0,HEARTBEAT,48,HEARTBEAT,0,0,0,0,0,0,0x1001BFC0
1777261301.777,2751742,4,6,GNSS,255,BROADCAST,0,HEARTBEAT,48,HEARTBEAT,0,0,0,0,0,0,0x1001BFC0
1777261302.778,2752739,4,6,GNSS,255,BROADCAST,0,HEARTBEAT,48,HEARTBEAT,0,0,0,0,0,0,0x1001BFC0
1777261302.778,2752740,4,6,GNSS,1,CDH,10,HEALTH,1,HEALTH_0x01,0,0,0,0,1,1,0x1001804A
1777261302.778,2752742,2,6,GNSS,1,CDH,4,TELEMETRY,2,TELEMETRY_0x02,0,0,0,0,0,0,0x08018044
1777261303.799,2753738,4,6,GNSS,255,BROADCAST,0,HEARTBEAT,48,HEARTBEAT,0,0,0,0,0,0,0x1001BFC0
1777261304.770,2754735,4,6,GNSS,255,BROADCAST,0,HEARTBEAT,48,HEARTBEAT,0,0,0,0,0,0,0x1001BFC0
1777261305.767,2755732,4,6,GNSS,255,BROADCAST,0,HEARTBEAT,48,HEARTBEAT,0,0,0,0,0,0,0x1001BFC0
1777261306.770,2756729,4,6,GNSS,255,BROADCAST,0,HEARTBEAT,48,HEARTBEAT,0,0,0,0,0,0,0x1001BFC0
1777261307.809,2757727,4,6,GNSS,255,BROADCAST,0,HEARTBEAT,48,HEARTBEAT,0,0,0,0,0,0,0x1001BFC0
1777261307.809,2757728,4,6,GNSS,1,CDH,10,HEALTH,1,HEALTH_0x01,0,0,0,0,1,1,0x1001804A
1777261307.809,2757729,2,6,GNSS,1,CDH,4,TELEMETRY,2,TELEMETRY_0x02,0,0,0,0,0,0,0x08018044
1777261308.760,2758725,4,6,GNSS,255,BROADCAST,0,HEARTBEAT,48,HEARTBEAT,0,0,0,0,0,0,0x1001BFC0
1777261309.757,2759722,4,6,GNSS,255,BROADCAST,0,HEARTBEAT,48,HEARTBEAT,0,0,0,0,0,0,0x1001BFC0
1777261310.771,2760719,4,6,GNSS,255,BROADCAST,0,HEARTBEAT,48,HEARTBEAT,0,0,0,0,0,0,0x1001BFC0
1777261311.778,2761717,4,6,GNSS,255,BROADCAST,0,HEARTBEAT,48,HEARTBEAT,0,0,0,0,0,0,0x1001BFC0
1777261312.750,2762714,4,6,GNSS,255,BROADCAST,0,HEARTBEAT,48,HEARTBEAT,0,0,0,0,0,0,0x1001BFC0
1777261312.751,2762715,4,6,GNSS,1,CDH,10,HEALTH,1,HEALTH_0x01,0,0,0,0,1,1,0x1001804A
1777261312.751,2762716,2,6,GNSS,1,CDH,4,TELEMETRY,2,TELEMETRY_0x02,0,0,0,0,0,0,0x08018044
1777261313.754,2763712,4,6,GNSS,255,BROADCAST,0,HEARTBEAT,48,HEARTBEAT,0,0,0,0,0,0,0x1001BFC0
1777261314.757,2764710,4,6,GNSS,255,BROADCAST,0,HEARTBEAT,48,HEARTBEAT,0,0,0,0,0,0,0x1001BFC0
1777261315.773,2765707,4,6,GNSS,255,BROADCAST,0,HEARTBEAT,48,HEARTBEAT,0,0,0,0,0,0,0x1001BFC0
1777261316.739,2766704,4,6,GNSS,255,BROADCAST,0,HEARTBEAT,48,HEARTBEAT,0,0,0,0,0,0,0x1001BFC0
1777261317.736,2767701,4,6,GNSS,255,BROADCAST,0,HEARTBEAT,48,HEARTBEAT,0,0,0,0,0,0,0x1001BFC0
1777261317.737,2767702,4,6,GNSS,1,CDH,10,HEALTH,1,HEALTH_0x01,0,0,0,0,1,1,0x1001804A
1777261317.738,2767703,2,6,GNSS,1,CDH,4,TELEMETRY,2,TELEMETRY_0x02,0,0,0,0,0,0,0x08018044
1777261318.751,2768699,4,6,GNSS,255,BROADCAST,0,HEARTBEAT,48,HEARTBEAT,0,0,0,0,0,0,0x1001BFC0
1777261319.766,2769696,4,6,GNSS,255,BROADCAST,0,HEARTBEAT,48,HEARTBEAT,0,0,0,0,0,0,0x1001BFC0
1777261320.728,2770694,4,6,GNSS,255,BROADCAST,0,HEARTBEAT,48,HEARTBEAT,0,0,0,0,0,0,0x1001BFC0
1777261321.725,2771691,4,6,GNSS,255,BROADCAST,0,HEARTBEAT,48,HEARTBEAT,0,0,0,0,0,0,0x1001BFC0
1777261322.748,2772688,4,6,GNSS,255,BROADCAST,0,HEARTBEAT,48,HEARTBEAT,0,0,0,0,0,0,0x1001BFC0
1777261322.748,2772691,4,6,GNSS,1,CDH,10,HEALTH,1,HEALTH_0x01,0,0,0,0,1,1,0x1001804A
1777261322.748,2772692,2,6,GNSS,1,CDH,4,TELEMETRY,2,TELEMETRY_0x02,0,0,0,0,0,0,0x08018044
1777261323.721,2773686,4,6,GNSS,255,BROADCAST,0,HEARTBEAT,48,HEARTBEAT,0,0,0,0,0,0,0x1001BFC0
1777261324.719,2774684,4,6,GNSS,255,BROADCAST,0,HEARTBEAT,48,HEARTBEAT,0,0,0,0,0,0,0x1001BFC0
1777261325.716,2775681,4,6,GNSS,255,BROADCAST,0,HEARTBEAT,48,HEARTBEAT,0,0,0,0,0,0,0x1001BFC0
1777261326.737,2776678,4,6,GNSS,255,BROADCAST,0,HEARTBEAT,48,HEARTBEAT,0,0,0,0,0,0,0x1001BFC0
1777261327.710,2777676,4,6,GNSS,255,BROADCAST,0,HEARTBEAT,48,HEARTBEAT,0,0,0,0,0,0,0x1001BFC0
1777261327.712,2777677,4,6,GNSS,1,CDH,10,HEALTH,1,HEALTH_0x01,0,0,0,0,1,1,0x1001804A
1777261327.713,2777678,2,6,GNSS,1,CDH,4,TELEMETRY,2,TELEMETRY_0x02,0,0,0,0,0,0,0x08018044
1777261328.725,2778674,4,6,GNSS,255,BROADCAST,0,HEARTBEAT,48,HEARTBEAT,0,0,0,0,0,0,0x1001BFC0
1777261329.709,2779671,4,6,GNSS,255,BROADCAST,0,HEARTBEAT,48,HEARTBEAT,0,0,0,0,0,0,0x1001BFC0
1777261330.734,2780669,4,6,GNSS,255,BROADCAST,0,HEARTBEAT,48,HEARTBEAT,0,0,0,0,0,0,0x1001BFC0
1777261331.775,2781666,4,6,GNSS,255,BROADCAST,0,HEARTBEAT,48,HEARTBEAT,0,0,0,0,0,0,0x1001BFC0
1777261332.702,2782663,4,6,GNSS,255,BROADCAST,0,HEARTBEAT,48,HEARTBEAT,0,0,0,0,0,0,0x1001BFC0
1777261332.702,2782664,4,6,GNSS,1,CDH,10,HEALTH,1,HEALTH_0x01,0,0,0,0,1,1,0x1001804A
1777261332.702,2782665,2,6,GNSS,1,CDH,4,TELEMETRY,2,TELEMETRY_0x02,0,0,0,0,0,0,0x08018044
1777261333.704,2783661,4,6,GNSS,255,BROADCAST,0,HEARTBEAT,48,HEARTBEAT,0,0,0,0,0,0,0x1001BFC0
1777261334.833,2784659,4,6,GNSS,255,BROADCAST,0,HEARTBEAT,48,HEARTBEAT,0,0,0,0,0,0,0x1001BFC0
1777261335.861,2785656,4,6,GNSS,255,BROADCAST,0,HEARTBEAT,48,HEARTBEAT,0,0,0,0,0,0,0x1001BFC0
1777261336.696,2786653,4,6,GNSS,255,BROADCAST,0,HEARTBEAT,48,HEARTBEAT,0,0,0,0,0,0,0x1001BFC0
1777261337.711,2787650,4,6,GNSS,255,BROADCAST,0,HEARTBEAT,48,HEARTBEAT,0,0,0,0,0,0,0x1001BFC0
1777261337.711,2787652,4,6,GNSS,1,CDH,10,HEALTH,1,HEALTH_0x01,0,0,0,0,1,1,0x1001804A
1777261337.711,2787653,2,6,GNSS,1,CDH,4,TELEMETRY,2,TELEMETRY_0x02,0,0,0,0,0,0,0x08018044
1777261338.724,2788649,4,6,GNSS,255,BROADCAST,0,HEARTBEAT,48,HEARTBEAT,0,0,0,0,0,0,0x1001BFC0
1777261339.683,2789646,4,6,GNSS,255,BROADCAST,0,HEARTBEAT,48,HEARTBEAT,0,0,0,0,0,0,0x1001BFC0
1777261340.766,2790643,4,6,GNSS,255,BROADCAST,0,HEARTBEAT,48,HEARTBEAT,0,0,0,0,0,0,0x1001BFC0
1777261341.691,2791641,4,6,GNSS,255,BROADCAST,0,HEARTBEAT,48,HEARTBEAT,0,0,0,0,0,0,0x1001BFC0
1777261342.705,2792638,4,6,GNSS,255,BROADCAST,0,HEARTBEAT,48,HEARTBEAT,0,0,0,0,0,0,0x1001BFC0
1777261342.714,2792639,4,6,GNSS,1,CDH,10,HEALTH,1,HEALTH_0x01,0,0,0,0,1,1,0x1001804A
1777261342.714,2792640,2,6,GNSS,1,CDH,4,TELEMETRY,2,TELEMETRY_0x02,0,0,0,0,0,0,0x08018044
1777261343.671,2793636,4,6,GNSS,255,BROADCAST,0,HEARTBEAT,48,HEARTBEAT,0,0,0,0,0,0,0x1001BFC0
1777261344.669,2794633,4,6,GNSS,255,BROADCAST,0,HEARTBEAT,48,HEARTBEAT,0,0,0,0,0,0,0x1001BFC0
1777261345.684,2795631,4,6,GNSS,255,BROADCAST,0,HEARTBEAT,48,HEARTBEAT,0,0,0,0,0,0,0x1001BFC0
1777261346.710,2796628,4,6,GNSS,255,BROADCAST,0,HEARTBEAT,48,HEARTBEAT,0,0,0,0,0,0,0x1001BFC0
1777261347.663,2797625,4,6,GNSS,255,BROADCAST,0,HEARTBEAT,48,HEARTBEAT,0,0,0,0,0,0,0x1001BFC0
1777261347.663,2797626,4,6,GNSS,1,CDH,10,HEALTH,1,HEALTH_0x01,0,0,0,0,1,1,0x1001804A
1777261347.663,2797628,2,6,GNSS,1,CDH,4,TELEMETRY,2,TELEMETRY_0x02,0,0,0,0,0,0,0x08018044
1777261348.669,2798624,4,6,GNSS,255,BROADCAST,0,HEARTBEAT,48,HEARTBEAT,0,0,0,0,0,0,0x1001BFC0
1777261349.683,2799621,4,6,GNSS,255,BROADCAST,0,HEARTBEAT,48,HEARTBEAT,0,0,0,0,0,0,0x1001BFC0
1777261350.654,2800618,4,6,GNSS,255,BROADCAST,0,HEARTBEAT,48,HEARTBEAT,0,0,0,0,0,0,0x1001BFC0
1777261351.661,2801615,4,6,GNSS,255,BROADCAST,0,HEARTBEAT,48,HEARTBEAT,0,0,0,0,0,0,0x1001BFC0
1777261352.649,2802613,4,6,GNSS,255,BROADCAST,0,HEARTBEAT,48,HEARTBEAT,0,0,0,0,0,0,0x1001BFC0
1777261352.650,2802614,4,6,GNSS,1,CDH,10,HEALTH,1,HEALTH_0x01,0,0,0,0,1,1,0x1001804A
1777261352.650,2802615,2,6,GNSS,1,CDH,4,TELEMETRY,2,TELEMETRY_0x02,0,0,0,0,0,0,0x08018044
1777261353.674,2803611,4,6,GNSS,255,BROADCAST,0,HEARTBEAT,48,HEARTBEAT,0,0,0,0,0,0,0x1001BFC0
1777261354.646,2804609,4,6,GNSS,255,BROADCAST,0,HEARTBEAT,48,HEARTBEAT,0,0,0,0,0,0,0x1001BFC0
1777261355.642,2805606,4,6,GNSS,255,BROADCAST,0,HEARTBEAT,48,HEARTBEAT,0,0,0,0,0,0,0x1001BFC0
1777261356.639,2806603,4,6,GNSS,255,BROADCAST,0,HEARTBEAT,48,HEARTBEAT,0,0,0,0,0,0,0x1001BFC0
1777261357.667,2807600,4,6,GNSS,255,BROADCAST,0,HEARTBEAT,48,HEARTBEAT,0,0,0,0,0,0,0x1001BFC0
1777261357.667,2807601,4,6,GNSS,1,CDH,10,HEALTH,1,HEALTH_0x01,0,0,0,0,1,1,0x1001804A
1777261357.667,2807602,2,6,GNSS,1,CDH,4,TELEMETRY,2,TELEMETRY_0x02,0,0,0,0,0,0,0x08018044
1777261358.636,2808599,4,6,GNSS,255,BROADCAST,0,HEARTBEAT,48,HEARTBEAT,0,0,0,0,0,0,0x1001BFC0
1777261359.632,2809596,4,6,GNSS,255,BROADCAST,0,HEARTBEAT,48,HEARTBEAT,0,0,0,0,0,0,0x1001BFC0
1777261360.634,2810593,4,6,GNSS,255,BROADCAST,0,HEARTBEAT,48,HEARTBEAT,0,0,0,0,0,0,0x1001BFC0
1777261361.659,2811591,4,6,GNSS,255,BROADCAST,0,HEARTBEAT,48,HEARTBEAT,0,0,0,0,0,0,0x1001BFC0
1777261362.624,2812588,4,6,GNSS,255,BROADCAST,0,HEARTBEAT,48,HEARTBEAT,0,0,0,0,0,0,0x1001BFC0
1777261362.625,2812589,4,6,GNSS,1,CDH,10,HEALTH,1,HEALTH_0x01,0,0,0,0,1,1,0x1001804A
1777261362.625,2812590,2,6,GNSS,1,CDH,4,TELEMETRY,2,TELEMETRY_0x02,0,0,0,0,0,0,0x08018044
1777261363.623,2813586,4,6,GNSS,255,BROADCAST,0,HEARTBEAT,48,HEARTBEAT,0,0,0,0,0,0,0x1001BFC0
1777261364.623,2814584,4,6,GNSS,255,BROADCAST,0,HEARTBEAT,48,HEARTBEAT,0,0,0,0,0,0,0x1001BFC0
1777261365.650,2815581,4,6,GNSS,255,BROADCAST,0,HEARTBEAT,48,HEARTBEAT,0,0,0,0,0,0,0x1001BFC0
1777261366.615,2816578,4,6,GNSS,255,BROADCAST,0,HEARTBEAT,48,HEARTBEAT,0,0,0,0,0,0,0x1001BFC0
1777261367.614,2817575,4,6,GNSS,255,BROADCAST,0,HEARTBEAT,48,HEARTBEAT,0,0,0,0,0,0,0x1001BFC0
1777261367.614,2817576,4,6,GNSS,1,CDH,10,HEALTH,1,HEALTH_0x01,0,0,0,0,1,1,0x1001804A
1777261367.614,2817578,2,6,GNSS,1,CDH,4,TELEMETRY,2,TELEMETRY_0x02,0,0,0,0,0,0,0x08018044
1777261368.621,2818574,4,6,GNSS,255,BROADCAST,0,HEARTBEAT,48,HEARTBEAT,0,0,0,0,0,0,0x1001BFC0
1777261369.646,2819571,4,6,GNSS,255,BROADCAST,0,HEARTBEAT,48,HEARTBEAT,0,0,0,0,0,0,0x1001BFC0
1777261370.604,2820568,4,6,GNSS,255,BROADCAST,0,HEARTBEAT,48,HEARTBEAT,0,0,0,0,0,0,0x1001BFC0
1777261371.602,2821566,4,6,GNSS,255,BROADCAST,0,HEARTBEAT,48,HEARTBEAT,0,0,0,0,0,0,0x1001BFC0
1777261372.608,2822563,4,6,GNSS,255,BROADCAST,0,HEARTBEAT,48,HEARTBEAT,0,0,0,0,0,0,0x1001BFC0
1777261372.608,2822564,4,6,GNSS,1,CDH,10,HEALTH,1,HEALTH_0x01,0,0,0,0,1,1,0x1001804A
1777261372.608,2822565,2,6,GNSS,1,CDH,4,TELEMETRY,2,TELEMETRY_0x02,0,0,0,0,0,0,0x08018044
1777261373.640,2823561,4,6,GNSS,255,BROADCAST,0,HEARTBEAT,48,HEARTBEAT,0,0,0,0,0,0,0x1001BFC0
1777261374.594,2824558,4,6,GNSS,255,BROADCAST,0,HEARTBEAT,48,HEARTBEAT,0,0,0,0,0,0,0x1001BFC0
1777261375.592,2825555,4,6,GNSS,255,BROADCAST,0,HEARTBEAT,48,HEARTBEAT,0,0,0,0,0,0,0x1001BFC0
1777261376.611,2826553,4,6,GNSS,255,BROADCAST,0,HEARTBEAT,48,HEARTBEAT,0,0,0,0,0,0,0x1001BFC0
1777261377.634,2827550,4,6,GNSS,255,BROADCAST,0,HEARTBEAT,48,HEARTBEAT,0,0,0,0,0,0,0x1001BFC0
1777261377.634,2827551,4,6,GNSS,1,CDH,10,HEALTH,1,HEALTH_0x01,0,0,0,0,1,1,0x1001804A
1777261377.635,2827552,2,6,GNSS,1,CDH,4,TELEMETRY,2,TELEMETRY_0x02,0,0,0,0,0,0,0x08018044
1777261378.584,2828548,4,6,GNSS,255,BROADCAST,0,HEARTBEAT,48,HEARTBEAT,0,0,0,0,0,0,0x1001BFC0
1777261379.582,2829546,4,6,GNSS,255,BROADCAST,0,HEARTBEAT,48,HEARTBEAT,0,0,0,0,0,0,0x1001BFC0
1777261380.597,2830543,4,6,GNSS,255,BROADCAST,0,HEARTBEAT,48,HEARTBEAT,0,0,0,0,0,0,0x1001BFC0
1777261381.577,2831540,4,6,GNSS,255,BROADCAST,0,HEARTBEAT,48,HEARTBEAT,0,0,0,0,0,0,0x1001BFC0
1777261382.573,2832538,4,6,GNSS,255,BROADCAST,0,HEARTBEAT,48,HEARTBEAT,0,0,0,0,0,0,0x1001BFC0
1777261382.575,2832539,4,6,GNSS,1,CDH,10,HEALTH,1,HEALTH_0x01,0,0,0,0,1,1,0x1001804A
1777261382.576,2832540,2,6,GNSS,1,CDH,4,TELEMETRY,2,TELEMETRY_0x02,0,0,0,0,0,0,0x08018044
1777261383.572,2833536,4,6,GNSS,255,BROADCAST,0,HEARTBEAT,48,HEARTBEAT,0,0,0,0,0,0,0x1001BFC0
1777261384.598,2834534,4,6,GNSS,255,BROADCAST,0,HEARTBEAT,48,HEARTBEAT,0,0,0,0,0,0,0x1001BFC0
1777261385.567,2835531,4,6,GNSS,255,BROADCAST,0,HEARTBEAT,48,HEARTBEAT,0,0,0,0,0,0,0x1001BFC0
1777261386.565,2836528,4,6,GNSS,255,BROADCAST,0,HEARTBEAT,48,HEARTBEAT,0,0,0,0,0,0,0x1001BFC0
1777261387.565,2837525,4,6,GNSS,255,BROADCAST,0,HEARTBEAT,48,HEARTBEAT,0,0,0,0,0,0,0x1001BFC0
1777261387.565,2837526,4,6,GNSS,1,CDH,10,HEALTH,1,HEALTH_0x01,0,0,0,0,1,1,0x1001804A
1777261387.565,2837528,2,6,GNSS,1,CDH,4,TELEMETRY,2,TELEMETRY_0x02,0,0,0,0,0,0,0x08018044
1777261388.581,2838524,4,6,GNSS,255,BROADCAST,0,HEARTBEAT,48,HEARTBEAT,0,0,0,0,0,0,0x1001BFC0
1777261389.557,2839521,4,6,GNSS,255,BROADCAST,0,HEARTBEAT,48,HEARTBEAT,0,0,0,0,0,0,0x1001BFC0
1777261390.555,2840518,4,6,GNSS,255,BROADCAST,0,HEARTBEAT,48,HEARTBEAT,0,0,0,0,0,0,0x1001BFC0
1777261391.554,2841516,4,6,GNSS,255,BROADCAST,0,HEARTBEAT,48,HEARTBEAT,0,0,0,0,0,0,0x1001BFC0
1777261392.598,2842513,4,6,GNSS,255,BROADCAST,0,HEARTBEAT,48,HEARTBEAT,0,0,0,0,0,0,0x1001BFC0
1777261392.598,2842514,4,6,GNSS,1,CDH,10,HEALTH,1,HEALTH_0x01,0,0,0,0,1,1,0x1001804A
1777261392.599,2842515,2,6,GNSS,1,CDH,4,TELEMETRY,2,TELEMETRY_0x02,0,0,0,0,0,0,0x08018044
1777261393.548,2843511,4,6,GNSS,255,BROADCAST,0,HEARTBEAT,48,HEARTBEAT,0,0,0,0,0,0,0x1001BFC0
1777261394.546,2844509,4,6,GNSS,255,BROADCAST,0,HEARTBEAT,48,HEARTBEAT,0,0,0,0,0,0,0x1001BFC0
1777261395.551,2845506,4,6,GNSS,255,BROADCAST,0,HEARTBEAT,48,HEARTBEAT,0,0,0,0,0,0,0x1001BFC0
1777261396.579,2846503,4,6,GNSS,255,BROADCAST,0,HEARTBEAT,48,HEARTBEAT,0,0,0,0,0,0,0x1001BFC0
1777261397.538,2847501,4,6,GNSS,255,BROADCAST,0,HEARTBEAT,48,HEARTBEAT,0,0,0,0,0,0,0x1001BFC0
1777261397.538,2847502,4,6,GNSS,1,CDH,10,HEALTH,1,HEALTH_0x01,0,0,0,0,1,1,0x1001804A
1777261397.539,2847503,2,6,GNSS,1,CDH,4,TELEMETRY,2,TELEMETRY_0x02,0,0,0,0,0,0,0x08018044
1777261398.535,2848499,4,6,GNSS,255,BROADCAST,0,HEARTBEAT,48,HEARTBEAT,0,0,0,0,0,0,0x1001BFC0
1777261399.550,2849496,4,6,GNSS,255,BROADCAST,0,HEARTBEAT,48,HEARTBEAT,0,0,0,0,0,0,0x1001BFC0
1777261400.564,2850494,4,6,GNSS,255,BROADCAST,0,HEARTBEAT,48,HEARTBEAT,0,0,0,0,0,0,0x1001BFC0
1777261401.527,2851491,4,6,GNSS,255,BROADCAST,0,HEARTBEAT,48,HEARTBEAT,0,0,0,0,0,0,0x1001BFC0
1777261402.534,2852488,4,6,GNSS,255,BROADCAST,0,HEARTBEAT,48,HEARTBEAT,0,0,0,0,0,0,0x1001BFC0
1777261402.534,2852491,4,6,GNSS,1,CDH,10,HEALTH,1,HEALTH_0x01,0,0,0,0,1,1,0x1001804A
1777261402.534,2852492,2,6,GNSS,1,CDH,4,TELEMETRY,2,TELEMETRY_0x02,0,0,0,0,0,0,0x08018044
1777261403.531,2853486,4,6,GNSS,255,BROADCAST,0,HEARTBEAT,48,HEARTBEAT,0,0,0,0,0,0,0x1001BFC0
1777261404.564,2854483,4,6,GNSS,255,BROADCAST,0,HEARTBEAT,48,HEARTBEAT,0,0,0,0,0,0,0x1001BFC0
1777261405.517,2855481,4,6,GNSS,255,BROADCAST,0,HEARTBEAT,48,HEARTBEAT,0,0,0,0,0,0,0x1001BFC0
1777261406.520,2856478,4,6,GNSS,255,BROADCAST,0,HEARTBEAT,48,HEARTBEAT,0,0,0,0,0,0,0x1001BFC0
1777261407.543,2857475,4,6,GNSS,255,BROADCAST,0,HEARTBEAT,48,HEARTBEAT,0,0,0,0,0,0,0x1001BFC0
1777261407.543,2857476,4,6,GNSS,1,CDH,10,HEALTH,1,HEALTH_0x01,0,0,0,0,1,1,0x1001804A
1777261407.543,2857478,2,6,GNSS,1,CDH,4,TELEMETRY,2,TELEMETRY_0x02,0,0,0,0,0,0,0x08018044
1777261408.510,2858474,4,6,GNSS,255,BROADCAST,0,HEARTBEAT,48,HEARTBEAT,0,0,0,0,0,0,0x1001BFC0
1777261409.508,2859471,4,6,GNSS,255,BROADCAST,0,HEARTBEAT,48,HEARTBEAT,0,0,0,0,0,0,0x1001BFC0
1777261410.505,2860468,4,6,GNSS,255,BROADCAST,0,HEARTBEAT,48,HEARTBEAT,0,0,0,0,0,0,0x1001BFC0
1777261411.522,2861465,4,6,GNSS,255,BROADCAST,0,HEARTBEAT,48,HEARTBEAT,0,0,0,0,0,0,0x1001BFC0
1777261412.500,2862463,4,6,GNSS,255,BROADCAST,0,HEARTBEAT,48,HEARTBEAT,0,0,0,0,0,0,0x1001BFC0
1777261412.500,2862464,4,6,GNSS,1,CDH,10,HEALTH,1,HEALTH_0x01,0,0,0,0,1,1,0x1001804A
1777261412.501,2862465,2,6,GNSS,1,CDH,4,TELEMETRY,2,TELEMETRY_0x02,0,0,0,0,0,0,0x08018044
1777261413.498,2863462,4,6,GNSS,255,BROADCAST,0,HEARTBEAT,48,HEARTBEAT,0,0,0,0,0,0,0x1001BFC0
1777261414.497,2864458,4,6,GNSS,255,BROADCAST,0,HEARTBEAT,48,HEARTBEAT,0,0,0,0,0,0,0x1001BFC0
1777261415.517,2865455,4,6,GNSS,255,BROADCAST,0,HEARTBEAT,48,HEARTBEAT,0,0,0,0,0,0,0x1001BFC0
1777261416.489,2866453,4,6,GNSS,255,BROADCAST,0,HEARTBEAT,48,HEARTBEAT,0,0,0,0,0,0,0x1001BFC0
1777261417.487,2867450,4,6,GNSS,255,BROADCAST,0,HEARTBEAT,48,HEARTBEAT,0,0,0,0,0,0,0x1001BFC0
1777261417.488,2867451,4,6,GNSS,1,CDH,10,HEALTH,1,HEALTH_0x01,0,0,0,0,1,1,0x1001804A
1777261417.489,2867452,2,6,GNSS,1,CDH,4,TELEMETRY,2,TELEMETRY_0x02,0,0,0,0,0,0,0x08018044
1777261418.490,2868448,4,6,GNSS,255,BROADCAST,0,HEARTBEAT,48,HEARTBEAT,0,0,0,0,0,0,0x1001BFC0
1777261419.503,2869446,4,6,GNSS,255,BROADCAST,0,HEARTBEAT,48,HEARTBEAT,0,0,0,0,0,0,0x1001BFC0
1777261420.481,2870443,4,6,GNSS,255,BROADCAST,0,HEARTBEAT,48,HEARTBEAT,0,0,0,0,0,0,0x1001BFC0
1777261421.477,2871440,4,6,GNSS,255,BROADCAST,0,HEARTBEAT,48,HEARTBEAT,0,0,0,0,0,0,0x1001BFC0
1777261422.487,2872437,4,6,GNSS,255,BROADCAST,0,HEARTBEAT,48,HEARTBEAT,0,0,0,0,0,0,0x1001BFC0
1777261422.487,2872438,4,6,GNSS,1,CDH,10,HEALTH,1,HEALTH_0x01,0,0,0,0,1,1,0x1001804A
1777261422.487,2872440,2,6,GNSS,1,CDH,4,TELEMETRY,2,TELEMETRY_0x02,0,0,0,0,0,0,0x08018044
1777261423.511,2873436,4,6,GNSS,255,BROADCAST,0,HEARTBEAT,48,HEARTBEAT,0,0,0,0,0,0,0x1001BFC0
1777261424.473,2874433,4,6,GNSS,255,BROADCAST,0,HEARTBEAT,48,HEARTBEAT,0,0,0,0,0,0,0x1001BFC0
1777261425.470,2875430,4,6,GNSS,255,BROADCAST,0,HEARTBEAT,48,HEARTBEAT,0,0,0,0,0,0,0x1001BFC0
1777261426.490,2876428,4,6,GNSS,255,BROADCAST,0,HEARTBEAT,48,HEARTBEAT,0,0,0,0,0,0,0x1001BFC0
1777261427.497,2877425,4,6,GNSS,255,BROADCAST,0,HEARTBEAT,48,HEARTBEAT,0,0,0,0,0,0,0x1001BFC0
1777261427.497,2877426,4,6,GNSS,1,CDH,10,HEALTH,1,HEALTH_0x01,0,0,0,0,1,1,0x1001804A
1777261427.497,2877427,2,6,GNSS,1,CDH,4,TELEMETRY,2,TELEMETRY_0x02,0,0,0,0,0,0,0x08018044
1777261428.462,2878423,4,6,GNSS,255,BROADCAST,0,HEARTBEAT,48,HEARTBEAT,0,0,0,0,0,0,0x1001BFC0
1777261429.458,2879420,4,6,GNSS,255,BROADCAST,0,HEARTBEAT,48,HEARTBEAT,0,0,0,0,0,0,0x1001BFC0
1777261430.466,2880418,4,6,GNSS,255,BROADCAST,0,HEARTBEAT,48,HEARTBEAT,0,0,0,0,0,0,0x1001BFC0
1777261431.452,2881415,4,6,GNSS,255,BROADCAST,0,HEARTBEAT,48,HEARTBEAT,0,0,0,0,0,0,0x1001BFC0
1777261432.464,2882412,4,6,GNSS,255,BROADCAST,0,HEARTBEAT,48,HEARTBEAT,0,0,0,0,0,0,0x1001BFC0
1777261432.464,2882413,4,6,GNSS,1,CDH,10,HEALTH,1,HEALTH_0x01,0,0,0,0,1,1,0x1001804A
1777261432.464,2882414,2,6,GNSS,1,CDH,4,TELEMETRY,2,TELEMETRY_0x02,0,0,0,0,0,0,0x08018044
1777261433.448,2883411,4,6,GNSS,255,BROADCAST,0,HEARTBEAT,48,HEARTBEAT,0,0,0,0,0,0,0x1001BFC0
1777261434.471,2884408,4,6,GNSS,255,BROADCAST,0,HEARTBEAT,48,HEARTBEAT,0,0,0,0,0,0,0x1001BFC0
1777261435.442,2885405,4,6,GNSS,255,BROADCAST,0,HEARTBEAT,48,HEARTBEAT,0,0,0,0,0,0,0x1001BFC0
1777261436.440,2886402,4,6,GNSS,255,BROADCAST,0,HEARTBEAT,48,HEARTBEAT,0,0,0,0,0,0,0x1001BFC0
1777261437.437,2887399,4,6,GNSS,255,BROADCAST,0,HEARTBEAT,48,HEARTBEAT,0,0,0,0,0,0,0x1001BFC0
1777261437.438,2887400,4,6,GNSS,1,CDH,10,HEALTH,1,HEALTH_0x01,0,0,0,0,1,1,0x1001804A
1777261437.438,2887402,2,6,GNSS,1,CDH,4,TELEMETRY,2,TELEMETRY_0x02,0,0,0,0,0,0,0x08018044
1777261438.471,2888398,4,6,GNSS,255,BROADCAST,0,HEARTBEAT,48,HEARTBEAT,0,0,0,0,0,0,0x1001BFC0
1777261439.433,2889395,4,6,GNSS,255,BROADCAST,0,HEARTBEAT,48,HEARTBEAT,0,0,0,0,0,0,0x1001BFC0
1777261440.430,2890392,4,6,GNSS,255,BROADCAST,0,HEARTBEAT,48,HEARTBEAT,0,0,0,0,0,0,0x1001BFC0
1777261441.428,2891389,4,6,GNSS,255,BROADCAST,0,HEARTBEAT,48,HEARTBEAT,0,0,0,0,0,0,0x1001BFC0
1777261442.448,2892386,4,6,GNSS,255,BROADCAST,0,HEARTBEAT,48,HEARTBEAT,0,0,0,0,0,0,0x1001BFC0
1777261442.448,2892387,4,6,GNSS,1,CDH,10,HEALTH,1,HEALTH_0x01,0,0,0,0,1,1,0x1001804A
1777261442.448,2892389,2,6,GNSS,1,CDH,4,TELEMETRY,2,TELEMETRY_0x02,0,0,0,0,0,0,0x08018044
1777261443.422,2893385,4,6,GNSS,255,BROADCAST,0,HEARTBEAT,48,HEARTBEAT,0,0,0,0,0,0,0x1001BFC0
1777261444.419,2894382,4,6,GNSS,255,BROADCAST,0,HEARTBEAT,48,HEARTBEAT,0,0,0,0,0,0,0x1001BFC0
1777261445.417,2895379,4,6,GNSS,255,BROADCAST,0,HEARTBEAT,48,HEARTBEAT,0,0,0,0,0,0,0x1001BFC0
1777261446.437,2896376,4,6,GNSS,255,BROADCAST,0,HEARTBEAT,48,HEARTBEAT,0,0,0,0,0,0,0x1001BFC0
1777261447.411,2897374,4,6,GNSS,255,BROADCAST,0,HEARTBEAT,48,HEARTBEAT,0,0,0,0,0,0,0x1001BFC0
1777261447.413,2897375,4,6,GNSS,1,CDH,10,HEALTH,1,HEALTH_0x01,0,0,0,0,1,1,0x1001804A
1777261447.413,2897376,2,6,GNSS,1,CDH,4,TELEMETRY,2,TELEMETRY_0x02,0,0,0,0,0,0,0x08018044
1777261448.409,2898372,4,6,GNSS,255,BROADCAST,0,HEARTBEAT,48,HEARTBEAT,0,0,0,0,0,0,0x1001BFC0
1777261449.418,2899369,4,6,GNSS,255,BROADCAST,0,HEARTBEAT,48,HEARTBEAT,0,0,0,0,0,0,0x1001BFC0
1777261450.427,2900366,4,6,GNSS,255,BROADCAST,0,HEARTBEAT,48,HEARTBEAT,0,0,0,0,0,0,0x1001BFC0
1777261451.403,2901364,4,6,GNSS,255,BROADCAST,0,HEARTBEAT,48,HEARTBEAT,0,0,0,0,0,0,0x1001BFC0
1777261452.399,2902361,4,6,GNSS,255,BROADCAST,0,HEARTBEAT,48,HEARTBEAT,0,0,0,0,0,0,0x1001BFC0
1777261452.399,2902362,4,6,GNSS,1,CDH,10,HEALTH,1,HEALTH_0x01,0,0,0,0,1,1,0x1001804A
1777261452.402,2902363,2,6,GNSS,1,CDH,4,TELEMETRY,2,TELEMETRY_0x02,0,0,0,0,0,0,0x08018044
1777261453.416,2903359,4,6,GNSS,255,BROADCAST,0,HEARTBEAT,48,HEARTBEAT,0,0,0,0,0,0,0x1001BFC0
1777261454.436,2904357,4,6,GNSS,255,BROADCAST,0,HEARTBEAT,48,HEARTBEAT,0,0,0,0,0,0,0x1001BFC0
1777261455.391,2905354,4,6,GNSS,255,BROADCAST,0,HEARTBEAT,48,HEARTBEAT,0,0,0,0,0,0,0x1001BFC0
1777261456.388,2906351,4,6,GNSS,255,BROADCAST,0,HEARTBEAT,48,HEARTBEAT,0,0,0,0,0,0,0x1001BFC0
1777261457.407,2907348,4,6,GNSS,255,BROADCAST,0,HEARTBEAT,48,HEARTBEAT,0,0,0,0,0,0,0x1001BFC0
1777261457.408,2907349,4,6,GNSS,1,CDH,10,HEALTH,1,HEALTH_0x01,0,0,0,0,1,1,0x1001804A
1777261457.408,2907350,2,6,GNSS,1,CDH,4,TELEMETRY,2,TELEMETRY_0x02,0,0,0,0,0,0,0x08018044
1777261458.447,2908346,4,6,GNSS,255,BROADCAST,0,HEARTBEAT,48,HEARTBEAT,0,0,0,0,0,0,0x1001BFC0
1777261459.381,2909343,4,6,GNSS,255,BROADCAST,0,HEARTBEAT,48,HEARTBEAT,0,0,0,0,0,0,0x1001BFC0
1777261460.386,2910340,4,6,GNSS,255,BROADCAST,0,HEARTBEAT,48,HEARTBEAT,0,0,0,0,0,0,0x1001BFC0
1777261461.401,2911338,4,6,GNSS,255,BROADCAST,0,HEARTBEAT,48,HEARTBEAT,0,0,0,0,0,0,0x1001BFC0
1777261462.376,2912335,4,6,GNSS,255,BROADCAST,0,HEARTBEAT,48,HEARTBEAT,0,0,0,0,0,0,0x1001BFC0
1777261462.376,2912336,4,6,GNSS,1,CDH,10,HEALTH,1,HEALTH_0x01,0,0,0,0,1,1,0x1001804A
1777261462.376,2912337,2,6,GNSS,1,CDH,4,TELEMETRY,2,TELEMETRY_0x02,0,0,0,0,0,0,0x08018044
1777261463.378,2913333,4,6,GNSS,255,BROADCAST,0,HEARTBEAT,48,HEARTBEAT,0,0,0,0,0,0,0x1001BFC0
1777261464.373,2914330,4,6,GNSS,255,BROADCAST,0,HEARTBEAT,48,HEARTBEAT,0,0,0,0,0,0,0x1001BFC0
1777261465.405,2915327,4,6,GNSS,255,BROADCAST,0,HEARTBEAT,48,HEARTBEAT,0,0,0,0,0,0,0x1001BFC0
1777261466.362,2916324,4,6,GNSS,255,BROADCAST,0,HEARTBEAT,48,HEARTBEAT,0,0,0,0,0,0,0x1001BFC0
1777261467.360,2917322,4,6,GNSS,255,BROADCAST,0,HEARTBEAT,48,HEARTBEAT,0,0,0,0,0,0,0x1001BFC0
1777261467.361,2917323,4,6,GNSS,1,CDH,10,HEALTH,1,HEALTH_0x01,0,0,0,0,1,1,0x1001804A
1777261467.361,2917324,2,6,GNSS,1,CDH,4,TELEMETRY,2,TELEMETRY_0x02,0,0,0,0,0,0,0x08018044
1777261468.358,2918320,4,6,GNSS,255,BROADCAST,0,HEARTBEAT,48,HEARTBEAT,0,0,0,0,0,0,0x1001BFC0
1777261469.391,2919317,4,6,GNSS,255,BROADCAST,0,HEARTBEAT,48,HEARTBEAT,0,0,0,0,0,0,0x1001BFC0
1777261470.352,2920315,4,6,GNSS,255,BROADCAST,0,HEARTBEAT,48,HEARTBEAT,0,0,0,0,0,0,0x1001BFC0
1777261471.351,2921312,4,6,GNSS,255,BROADCAST,0,HEARTBEAT,48,HEARTBEAT,0,0,0,0,0,0,0x1001BFC0
1777261472.358,2922309,4,6,GNSS,255,BROADCAST,0,HEARTBEAT,48,HEARTBEAT,0,0,0,0,0,0,0x1001BFC0
1777261472.358,2922310,4,6,GNSS,1,CDH,10,HEALTH,1,HEALTH_0x01,0,0,0,0,1,1,0x1001804A
1777261472.358,2922311,2,6,GNSS,1,CDH,4,TELEMETRY,2,TELEMETRY_0x02,0,0,0,0,0,0,0x08018044
1777261473.370,2923307,4,6,GNSS,255,BROADCAST,0,HEARTBEAT,48,HEARTBEAT,0,0,0,0,0,0,0x1001BFC0
1777261474.350,2924305,4,6,GNSS,255,BROADCAST,0,HEARTBEAT,48,HEARTBEAT,0,0,0,0,0,0,0x1001BFC0
1777261475.339,2925302,4,6,GNSS,255,BROADCAST,0,HEARTBEAT,48,HEARTBEAT,0,0,0,0,0,0,0x1001BFC0
1777261476.351,2926299,4,6,GNSS,255,BROADCAST,0,HEARTBEAT,48,HEARTBEAT,0,0,0,0,0,0,0x1001BFC0
1777261477.373,2927296,4,6,GNSS,255,BROADCAST,0,HEARTBEAT,48,HEARTBEAT,0,0,0,0,0,0,0x1001BFC0
1777261477.373,2927297,4,6,GNSS,1,CDH,10,HEALTH,1,HEALTH_0x01,0,0,0,0,1,1,0x1001804A
1777261477.373,2927298,2,6,GNSS,1,CDH,4,TELEMETRY,2,TELEMETRY_0x02,0,0,0,0,0,0,0x08018044
1777261478.332,2928294,4,6,GNSS,255,BROADCAST,0,HEARTBEAT,48,HEARTBEAT,0,0,0,0,0,0,0x1001BFC0
1777261479.329,2929292,4,6,GNSS,255,BROADCAST,0,HEARTBEAT,48,HEARTBEAT,0,0,0,0,0,0,0x1001BFC0
1777261480.343,2930289,4,6,GNSS,255,BROADCAST,0,HEARTBEAT,48,HEARTBEAT,0,0,0,0,0,0,0x1001BFC0
1777261481.368,2931286,4,6,GNSS,255,BROADCAST,0,HEARTBEAT,48,HEARTBEAT,0,0,0,0,0,0,0x1001BFC0
1777261482.321,2932283,4,6,GNSS,255,BROADCAST,0,HEARTBEAT,48,HEARTBEAT,0,0,0,0,0,0,0x1001BFC0
1777261482.322,2932284,4,6,GNSS,1,CDH,10,HEALTH,1,HEALTH_0x01,0,0,0,0,1,1,0x1001804A
1777261482.323,2932285,2,6,GNSS,1,CDH,4,TELEMETRY,2,TELEMETRY_0x02,0,0,0,0,0,0,0x08018044
1777261483.319,2933281,4,6,GNSS,255,BROADCAST,0,HEARTBEAT,48,HEARTBEAT,0,0,0,0,0,0,0x1001BFC0
1777261484.326,2934279,4,6,GNSS,255,BROADCAST,0,HEARTBEAT,48,HEARTBEAT,0,0,0,0,0,0,0x1001BFC0
1777261485.314,2935276,4,6,GNSS,255,BROADCAST,0,HEARTBEAT,48,HEARTBEAT,0,0,0,0,0,0,0x1001BFC0
1777261486.312,2936273,4,6,GNSS,255,BROADCAST,0,HEARTBEAT,48,HEARTBEAT,0,0,0,0,0,0,0x1001BFC0
1777261487.317,2937270,4,6,GNSS,255,BROADCAST,0,HEARTBEAT,48,HEARTBEAT,0,0,0,0,0,0,0x1001BFC0
1777261487.318,2937271,4,6,GNSS,1,CDH,10,HEALTH,1,HEALTH_0x01,0,0,0,0,1,1,0x1001804A
1777261487.318,2937273,2,6,GNSS,1,CDH,4,TELEMETRY,2,TELEMETRY_0x02,0,0,0,0,0,0,0x08018044
1777261488.321,2938269,4,6,GNSS,255,BROADCAST,0,HEARTBEAT,48,HEARTBEAT,0,0,0,0,0,0,0x1001BFC0
1777261489.311,2939266,4,6,GNSS,255,BROADCAST,0,HEARTBEAT,48,HEARTBEAT,0,0,0,0,0,0,0x1001BFC0
1777261490.302,2940263,4,6,GNSS,255,BROADCAST,0,HEARTBEAT,48,HEARTBEAT,0,0,0,0,0,0,0x1001BFC0
1777261491.298,2941260,4,6,GNSS,255,BROADCAST,0,HEARTBEAT,48,HEARTBEAT,0,0,0,0,0,0,0x1001BFC0
1777261492.327,2942258,4,6,GNSS,255,BROADCAST,0,HEARTBEAT,48,HEARTBEAT,0,0,0,0,0,0,0x1001BFC0
1777261492.327,2942259,4,6,GNSS,1,CDH,10,HEALTH,1,HEALTH_0x01,0,0,0,0,1,1,0x1001804A
1777261492.327,2942260,2,6,GNSS,1,CDH,4,TELEMETRY,2,TELEMETRY_0x02,0,0,0,0,0,0,0x08018044
1777261493.295,2943256,4,6,GNSS,255,BROADCAST,0,HEARTBEAT,48,HEARTBEAT,0,0,0,0,0,0,0x1001BFC0
1777261494.303,2944254,4,6,GNSS,255,BROADCAST,0,HEARTBEAT,48,HEARTBEAT,0,0,0,0,0,0,0x1001BFC0
1777261495.293,2945251,4,6,GNSS,255,BROADCAST,0,HEARTBEAT,48,HEARTBEAT,0,0,0,0,0,0,0x1001BFC0
1777261496.321,2946248,4,6,GNSS,255,BROADCAST,0,HEARTBEAT,48,HEARTBEAT,0,0,0,0,0,0,0x1001BFC0
1777261497.284,2947245,4,6,GNSS,255,BROADCAST,0,HEARTBEAT,48,HEARTBEAT,0,0,0,0,0,0,0x1001BFC0
1777261497.284,2947246,4,6,GNSS,1,CDH,10,HEALTH,1,HEALTH_0x01,0,0,0,0,1,1,0x1001804A
1777261497.285,2947247,2,6,GNSS,1,CDH,4,TELEMETRY,2,TELEMETRY_0x02,0,0,0,0,0,0,0x08018044
1777261498.281,2948244,4,6,GNSS,255,BROADCAST,0,HEARTBEAT,48,HEARTBEAT,0,0,0,0,0,0,0x1001BFC0
1777261499.285,2949241,4,6,GNSS,255,BROADCAST,0,HEARTBEAT,48,HEARTBEAT,0,0,0,0,0,0,0x1001BFC0
1777261500.303,2950238,4,6,GNSS,255,BROADCAST,0,HEARTBEAT,48,HEARTBEAT,0,0,0,0,0,0,0x1001BFC0
1777261501.273,2951235,4,6,GNSS,255,BROADCAST,0,HEARTBEAT,48,HEARTBEAT,0,0,0,0,0,0,0x1001BFC0
1777261502.271,2952232,4,6,GNSS,255,BROADCAST,0,HEARTBEAT,48,HEARTBEAT,0,0,0,0,0,0,0x1001BFC0
1777261502.272,2952233,4,6,GNSS,1,CDH,10,HEALTH,1,HEALTH_0x01,0,0,0,0,1,1,0x1001804A
1777261502.274,2952235,2,6,GNSS,1,CDH,4,TELEMETRY,2,TELEMETRY_0x02,0,0,0,0,0,0,0x08018044
1777261503.274,2953231,4,6,GNSS,255,BROADCAST,0,HEARTBEAT,48,HEARTBEAT,0,0,0,0,0,0,0x1001BFC0
1777261504.306,2954228,4,6,GNSS,255,BROADCAST,0,HEARTBEAT,48,HEARTBEAT,0,0,0,0,0,0,0x1001BFC0
1777261505.264,2955226,4,6,GNSS,255,BROADCAST,0,HEARTBEAT,48,HEARTBEAT,0,0,0,0,0,0,0x1001BFC0
1777261506.261,2956223,4,6,GNSS,255,BROADCAST,0,HEARTBEAT,48,HEARTBEAT,0,0,0,0,0,0,0x1001BFC0
1777261507.267,2957220,4,6,GNSS,255,BROADCAST,0,HEARTBEAT,48,HEARTBEAT,0,0,0,0,0,0,0x1001BFC0
1777261507.267,2957221,4,6,GNSS,1,CDH,10,HEALTH,1,HEALTH_0x01,0,0,0,0,1,1,0x1001804A
1777261507.267,2957222,2,6,GNSS,1,CDH,4,TELEMETRY,2,TELEMETRY_0x02,0,0,0,0,0,0,0x08018044
1777261508.299,2958218,4,6,GNSS,255,BROADCAST,0,HEARTBEAT,48,HEARTBEAT,0,0,0,0,0,0,0x1001BFC0
1777261509.254,2959215,4,6,GNSS,255,BROADCAST,0,HEARTBEAT,48,HEARTBEAT,0,0,0,0,0,0,0x1001BFC0
1777261510.251,2960213,4,6,GNSS,255,BROADCAST,0,HEARTBEAT,48,HEARTBEAT,0,0,0,0,0,0,0x1001BFC0
1777261511.271,2961210,4,6,GNSS,255,BROADCAST,0,HEARTBEAT,48,HEARTBEAT,0,0,0,0,0,0,0x1001BFC0
1777261512.250,2962207,4,6,GNSS,255,BROADCAST,0,HEARTBEAT,48,HEARTBEAT,0,0,0,0,0,0,0x1001BFC0
1777261512.251,2962208,4,6,GNSS,1,CDH,10,HEALTH,1,HEALTH_0x01,0,0,0,0,1,1,0x1001804A
1777261512.286,2962209,2,6,GNSS,1,CDH,4,TELEMETRY,2,TELEMETRY_0x02,0,0,0,0,0,0,0x08018044
1777261513.247,2963208,4,6,GNSS,255,BROADCAST,0,HEARTBEAT,48,HEARTBEAT,0,0,0,0,0,0,0x1001BFC0
1777261514.243,2964203,4,6,GNSS,255,BROADCAST,0,HEARTBEAT,48,HEARTBEAT,0,0,0,0,0,0,0x1001BFC0
1777261515.264,2965200,4,6,GNSS,255,BROADCAST,0,HEARTBEAT,48,HEARTBEAT,0,0,0,0,0,0,0x1001BFC0
1777261516.242,2966197,4,6,GNSS,255,BROADCAST,0,HEARTBEAT,48,HEARTBEAT,0,0,0,0,0,0,0x1001BFC0
1777261517.234,2967194,4,6,GNSS,255,BROADCAST,0,HEARTBEAT,48,HEARTBEAT,0,0,0,0,0,0,0x1001BFC0
1777261517.235,2967196,4,6,GNSS,1,CDH,10,HEALTH,1,HEALTH_0x01,0,0,0,0,1,1,0x1001804A
1777261517.235,2967197,2,6,GNSS,1,CDH,4,TELEMETRY,2,TELEMETRY_0x02,0,0,0,0,0,0,0x08018044
1777261518.236,2968193,4,6,GNSS,255,BROADCAST,0,HEARTBEAT,48,HEARTBEAT,0,0,0,0,0,0,0x1001BFC0
1777261519.258,2969190,4,6,GNSS,255,BROADCAST,0,HEARTBEAT,48,HEARTBEAT,0,0,0,0,0,0,0x1001BFC0
1777261520.225,2970187,4,6,GNSS,255,BROADCAST,0,HEARTBEAT,48,HEARTBEAT,0,0,0,0,0,0,0x1001BFC0
1777261521.223,2971185,4,6,GNSS,255,BROADCAST,0,HEARTBEAT,48,HEARTBEAT,0,0,0,0,0,0,0x1001BFC0
1777261522.228,2972182,4,6,GNSS,255,BROADCAST,0,HEARTBEAT,48,HEARTBEAT,0,0,0,0,0,0,0x1001BFC0
1777261522.228,2972183,4,6,GNSS,1,CDH,10,HEALTH,1,HEALTH_0x01,0,0,0,0,1,1,0x1001804A
1777261522.228,2972184,2,6,GNSS,1,CDH,4,TELEMETRY,2,TELEMETRY_0x02,0,0,0,0,0,0,0x08018044
1777261523.252,2973180,4,6,GNSS,255,BROADCAST,0,HEARTBEAT,48,HEARTBEAT,0,0,0,0,0,0,0x1001BFC0
1777261524.216,2974178,4,6,GNSS,255,BROADCAST,0,HEARTBEAT,48,HEARTBEAT,0,0,0,0,0,0,0x1001BFC0
1777261525.213,2975175,4,6,GNSS,255,BROADCAST,0,HEARTBEAT,48,HEARTBEAT,0,0,0,0,0,0,0x1001BFC0
1777261526.223,2976172,4,6,GNSS,255,BROADCAST,0,HEARTBEAT,48,HEARTBEAT,0,0,0,0,0,0,0x1001BFC0
1777261527.241,2977169,4,6,GNSS,255,BROADCAST,0,HEARTBEAT,48,HEARTBEAT,0,0,0,0,0,0,0x1001BFC0
1777261527.241,2977170,4,6,GNSS,1,CDH,10,HEALTH,1,HEALTH_0x01,0,0,0,0,1,1,0x1001804A
1777261527.241,2977171,2,6,GNSS,1,CDH,4,TELEMETRY,2,TELEMETRY_0x02,0,0,0,0,0,0,0x08018044
1777261528.214,2978168,4,6,GNSS,255,BROADCAST,0,HEARTBEAT,48,HEARTBEAT,0,0,0,0,0,0,0x1001BFC0
1777261529.204,2979165,4,6,GNSS,255,BROADCAST,0,HEARTBEAT,48,HEARTBEAT,0,0,0,0,0,0,0x1001BFC0
1777261530.212,2980162,4,6,GNSS,255,BROADCAST,0,HEARTBEAT,48,HEARTBEAT,0,0,0,0,0,0,0x1001BFC0
1777261531.234,2981159,4,6,GNSS,255,BROADCAST,0,HEARTBEAT,48,HEARTBEAT,0,0,0,0,0,0,0x1001BFC0
1777261532.196,2982157,4,6,GNSS,255,BROADCAST,0,HEARTBEAT,48,HEARTBEAT,0,0,0,0,0,0,0x1001BFC0
1777261532.197,2982158,4,6,GNSS,1,CDH,10,HEALTH,1,HEALTH_0x01,0,0,0,0,1,1,0x1001804A
1777261532.197,2982159,2,6,GNSS,1,CDH,4,TELEMETRY,2,TELEMETRY_0x02,0,0,0,0,0,0,0x08018044
1777261533.193,2983155,4,6,GNSS,255,BROADCAST,0,HEARTBEAT,48,HEARTBEAT,0,0,0,0,0,0,0x1001BFC0
1777261534.207,2984152,4,6,GNSS,255,BROADCAST,0,HEARTBEAT,48,HEARTBEAT,0,0,0,0,0,0,0x1001BFC0
1777261535.231,2985150,4,6,GNSS,255,BROADCAST,0,HEARTBEAT,48,HEARTBEAT,0,0,0,0,0,0,0x1001BFC0
1777261536.185,2986147,4,6,GNSS,255,BROADCAST,0,HEARTBEAT,48,HEARTBEAT,0,0,0,0,0,0,0x1001BFC0
1777261537.183,2987144,4,6,GNSS,255,BROADCAST,0,HEARTBEAT,48,HEARTBEAT,0,0,0,0,0,0,0x1001BFC0
1777261537.184,2987145,4,6,GNSS,1,CDH,10,HEALTH,1,HEALTH_0x01,0,0,0,0,1,1,0x1001804A
1777261537.185,2987146,2,6,GNSS,1,CDH,4,TELEMETRY,2,TELEMETRY_0x02,0,0,0,0,0,0,0x08018044
1777261538.197,2988143,4,6,GNSS,255,BROADCAST,0,HEARTBEAT,48,HEARTBEAT,0,0,0,0,0,0,0x1001BFC0
1777261539.178,2989140,4,6,GNSS,255,BROADCAST,0,HEARTBEAT,48,HEARTBEAT,0,0,0,0,0,0,0x1001BFC0
1777261540.176,2990137,4,6,GNSS,255,BROADCAST,0,HEARTBEAT,48,HEARTBEAT,0,0,0,0,0,0,0x1001BFC0
1777261541.173,2991134,4,6,GNSS,255,BROADCAST,0,HEARTBEAT,48,HEARTBEAT,0,0,0,0,0,0,0x1001BFC0
1777261542.188,2992132,4,6,GNSS,255,BROADCAST,0,HEARTBEAT,48,HEARTBEAT,0,0,0,0,0,0,0x1001BFC0
1777261542.188,2992133,4,6,GNSS,1,CDH,10,HEALTH,1,HEALTH_0x01,0,0,0,0,1,1,0x1001804A
1777261542.188,2992134,2,6,GNSS,1,CDH,4,TELEMETRY,2,TELEMETRY_0x02,0,0,0,0,0,0,0x08018044
1777261543.169,2993130,4,6,GNSS,255,BROADCAST,0,HEARTBEAT,48,HEARTBEAT,0,0,0,0,0,0,0x1001BFC0
1777261544.166,2994127,4,6,GNSS,255,BROADCAST,0,HEARTBEAT,48,HEARTBEAT,0,0,0,0,0,0,0x1001BFC0
1777261545.163,2995125,4,6,GNSS,255,BROADCAST,0,HEARTBEAT,48,HEARTBEAT,0,0,0,0,0,0,0x1001BFC0
1777261546.188,2996122,4,6,GNSS,255,BROADCAST,0,HEARTBEAT,48,HEARTBEAT,0,0,0,0,0,0,0x1001BFC0
1777261547.159,2997119,4,6,GNSS,255,BROADCAST,0,HEARTBEAT,48,HEARTBEAT,0,0,0,0,0,0,0x1001BFC0
1777261547.159,2997120,4,6,GNSS,1,CDH,10,HEALTH,1,HEALTH_0x01,0,0,0,0,1,1,0x1001804A
1777261547.160,2997121,2,6,GNSS,1,CDH,4,TELEMETRY,2,TELEMETRY_0x02,0,0,0,0,0,0,0x08018044
1777261548.158,2998118,4,6,GNSS,255,BROADCAST,0,HEARTBEAT,48,HEARTBEAT,0,0,0,0,0,0,0x1001BFC0
1777261549.162,2999115,4,6,GNSS,255,BROADCAST,0,HEARTBEAT,48,HEARTBEAT,0,0,0,0,0,0,0x1001BFC0
1777261550.203,3000112,4,6,GNSS,255,BROADCAST,0,HEARTBEAT,48,HEARTBEAT,0,0,0,0,0,0,0x1001BFC0
1777261551.164,3001109,4,6,GNSS,255,BROADCAST,0,HEARTBEAT,48,HEARTBEAT,0,0,0,0,0,0,0x1001BFC0
1777261552.160,3002107,4,6,GNSS,255,BROADCAST,0,HEARTBEAT,48,HEARTBEAT,0,0,0,0,0,0,0x1001BFC0
1777261552.160,3002108,4,6,GNSS,1,CDH,10,HEALTH,1,HEALTH_0x01,0,0,0,0,1,1,0x1001804A
1777261552.160,3002109,2,6,GNSS,1,CDH,4,TELEMETRY,2,TELEMETRY_0x02,0,0,0,0,0,0,0x08018044
1777261553.153,3003105,4,6,GNSS,255,BROADCAST,0,HEARTBEAT,48,HEARTBEAT,0,0,0,0,0,0,0x1001BFC0
1777261554.209,3004102,4,6,GNSS,255,BROADCAST,0,HEARTBEAT,48,HEARTBEAT,0,0,0,0,0,0,0x1001BFC0
1777261555.149,3005100,4,6,GNSS,255,BROADCAST,0,HEARTBEAT,48,HEARTBEAT,0,0,0,0,0,0,0x1001BFC0
1777261556.136,3006097,4,6,GNSS,255,BROADCAST,0,HEARTBEAT,48,HEARTBEAT,0,0,0,0,0,0,0x1001BFC0
1777261557.157,3007094,4,6,GNSS,255,BROADCAST,0,HEARTBEAT,48,HEARTBEAT,0,0,0,0,0,0,0x1001BFC0
1777261557.157,3007097,4,6,GNSS,1,CDH,10,HEALTH,1,HEALTH_0x01,0,0,0,0,1,1,0x1001804A
1777261557.157,3007098,2,6,GNSS,1,CDH,4,TELEMETRY,2,TELEMETRY_0x02,0,0,0,0,0,0,0x08018044
1777261558.173,3008093,4,6,GNSS,255,BROADCAST,0,HEARTBEAT,48,HEARTBEAT,0,0,0,0,0,0,0x1001BFC0
1777261559.140,3009090,4,6,GNSS,255,BROADCAST,0,HEARTBEAT,48,HEARTBEAT,0,0,0,0,0,0,0x1001BFC0
1777261560.127,3010087,4,6,GNSS,255,BROADCAST,0,HEARTBEAT,48,HEARTBEAT,0,0,0,0,0,0,0x1001BFC0
1777261561.147,3011085,4,6,GNSS,255,BROADCAST,0,HEARTBEAT,48,HEARTBEAT,0,0,0,0,0,0,0x1001BFC0
1777261562.167,3012082,4,6,GNSS,255,BROADCAST,0,HEARTBEAT,48,HEARTBEAT,0,0,0,0,0,0,0x1001BFC0
1777261562.167,3012083,4,6,GNSS,1,CDH,10,HEALTH,1,HEALTH_0x01,0,0,0,0,1,1,0x1001804A
1777261562.167,3012084,2,6,GNSS,1,CDH,4,TELEMETRY,2,TELEMETRY_0x02,0,0,0,0,0,0,0x08018044
1777261563.119,3013080,4,6,GNSS,255,BROADCAST,0,HEARTBEAT,48,HEARTBEAT,0,0,0,0,0,0,0x1001BFC0
1777261564.117,3014077,4,6,GNSS,255,BROADCAST,0,HEARTBEAT,48,HEARTBEAT,0,0,0,0,0,0,0x1001BFC0
1777261565.137,3015075,4,6,GNSS,255,BROADCAST,0,HEARTBEAT,48,HEARTBEAT,0,0,0,0,0,0,0x1001BFC0
1777261566.158,3016072,4,6,GNSS,255,BROADCAST,0,HEARTBEAT,48,HEARTBEAT,0,0,0,0,0,0,0x1001BFC0
1777261567.109,3017069,4,6,GNSS,255,BROADCAST,0,HEARTBEAT,48,HEARTBEAT,0,0,0,0,0,0,0x1001BFC0
1777261567.109,3017070,4,6,GNSS,1,CDH,10,HEALTH,1,HEALTH_0x01,0,0,0,0,1,1,0x1001804A
1777261567.111,3017071,2,6,GNSS,1,CDH,4,TELEMETRY,2,TELEMETRY_0x02,0,0,0,0,0,0,0x08018044
1777261568.107,3018068,4,6,GNSS,255,BROADCAST,0,HEARTBEAT,48,HEARTBEAT,0,0,0,0,0,0,0x1001BFC0
1777261569.129,3019065,4,6,GNSS,255,BROADCAST,0,HEARTBEAT,48,HEARTBEAT,0,0,0,0,0,0,0x1001BFC0
1777261570.101,3020062,4,6,GNSS,255,BROADCAST,0,HEARTBEAT,48,HEARTBEAT,0,0,0,0,0,0,0x1001BFC0
1777261571.099,3021059,4,6,GNSS,255,BROADCAST,0,HEARTBEAT,48,HEARTBEAT,0,0,0,0,0,0,0x1001BFC0
1777261572.098,3022057,4,6,GNSS,255,BROADCAST,0,HEARTBEAT,48,HEARTBEAT,0,0,0,0,0,0,0x1001BFC0
1777261572.099,3022058,4,6,GNSS,1,CDH,10,HEALTH,1,HEALTH_0x01,0,0,0,0,1,1,0x1001804A
1777261572.099,3022059,2,6,GNSS,1,CDH,4,TELEMETRY,2,TELEMETRY_0x02,0,0,0,0,0,0,0x08018044
1777261573.118,3023055,4,6,GNSS,255,BROADCAST,0,HEARTBEAT,48,HEARTBEAT,0,0,0,0,0,0,0x1001BFC0
1777261574.092,3024053,4,6,GNSS,255,BROADCAST,0,HEARTBEAT,48,HEARTBEAT,0,0,0,0,0,0,0x1001BFC0
1777261575.092,3025050,4,6,GNSS,255,BROADCAST,0,HEARTBEAT,48,HEARTBEAT,0,0,0,0,0,0,0x1001BFC0
1777261576.091,3026047,4,6,GNSS,255,BROADCAST,0,HEARTBEAT,48,HEARTBEAT,0,0,0,0,0,0,0x1001BFC0
1777261577.117,3027044,4,6,GNSS,255,BROADCAST,0,HEARTBEAT,48,HEARTBEAT,0,0,0,0,0,0,0x1001BFC0
1777261577.118,3027045,4,6,GNSS,1,CDH,10,HEALTH,1,HEALTH_0x01,0,0,0,0,1,1,0x1001804A
1777261577.118,3027046,2,6,GNSS,1,CDH,4,TELEMETRY,2,TELEMETRY_0x02,0,0,0,0,0,0,0x08018044
1777261578.082,3028042,4,6,GNSS,255,BROADCAST,0,HEARTBEAT,48,HEARTBEAT,0,0,0,0,0,0,0x1001BFC0
1777261579.079,3029039,4,6,GNSS,255,BROADCAST,0,HEARTBEAT,48,HEARTBEAT,0,0,0,0,0,0,0x1001BFC0
1777261580.085,3030037,4,6,GNSS,255,BROADCAST,0,HEARTBEAT,48,HEARTBEAT,0,0,0,0,0,0,0x1001BFC0
1777261581.099,3031034,4,6,GNSS,255,BROADCAST,0,HEARTBEAT,48,HEARTBEAT,0,0,0,0,0,0,0x1001BFC0
1777261582.071,3032031,4,6,GNSS,255,BROADCAST,0,HEARTBEAT,48,HEARTBEAT,0,0,0,0,0,0,0x1001BFC0
1777261582.073,3032032,4,6,GNSS,1,CDH,10,HEALTH,1,HEALTH_0x01,0,0,0,0,1,1,0x1001804A
1777261582.075,3032034,2,6,GNSS,1,CDH,4,TELEMETRY,2,TELEMETRY_0x02,0,0,0,0,0,0,0x08018044
1777261583.069,3033030,4,6,GNSS,255,BROADCAST,0,HEARTBEAT,48,HEARTBEAT,0,0,0,0,0,0,0x1001BFC0
1777261584.075,3034027,4,6,GNSS,255,BROADCAST,0,HEARTBEAT,48,HEARTBEAT,0,0,0,0,0,0,0x1001BFC0
1777261585.102,3035024,4,6,GNSS,255,BROADCAST,0,HEARTBEAT,48,HEARTBEAT,0,0,0,0,0,0,0x1001BFC0
1777261586.061,3036021,4,6,GNSS,255,BROADCAST,0,HEARTBEAT,48,HEARTBEAT,0,0,0,0,0,0,0x1001BFC0
1777261587.060,3037018,4,6,GNSS,255,BROADCAST,0,HEARTBEAT,48,HEARTBEAT,0,0,0,0,0,0,0x1001BFC0
1777261587.060,3037019,4,6,GNSS,1,CDH,10,HEALTH,1,HEALTH_0x01,0,0,0,0,1,1,0x1001804A
1777261587.060,3037021,2,6,GNSS,1,CDH,4,TELEMETRY,2,TELEMETRY_0x02,0,0,0,0,0,0,0x08018044
1777261588.071,3038017,4,6,GNSS,255,BROADCAST,0,HEARTBEAT,48,HEARTBEAT,0,0,0,0,0,0,0x1001BFC0
1777261589.085,3039014,4,6,GNSS,255,BROADCAST,0,HEARTBEAT,48,HEARTBEAT,0,0,0,0,0,0,0x1001BFC0
1777261590.051,3040011,4,6,GNSS,255,BROADCAST,0,HEARTBEAT,48,HEARTBEAT,0,0,0,0,0,0,0x1001BFC0
1777261591.048,3041008,4,6,GNSS,255,BROADCAST,0,HEARTBEAT,48,HEARTBEAT,0,0,0,0,0,0,0x1001BFC0
1777261592.058,3042006,4,6,GNSS,255,BROADCAST,0,HEARTBEAT,48,HEARTBEAT,0,0,0,0,0,0,0x1001BFC0
1777261592.058,3042007,4,6,GNSS,1,CDH,10,HEALTH,1,HEALTH_0x01,0,0,0,0,1,1,0x1001804A
1777261592.058,3042008,2,6,GNSS,1,CDH,4,TELEMETRY,2,TELEMETRY_0x02,0,0,0,0,0,0,0x08018044
1777261593.087,3043004,4,6,GNSS,255,BROADCAST,0,HEARTBEAT,48,HEARTBEAT,0,0,0,0,0,0,0x1001BFC0
1777261594.041,3044001,4,6,GNSS,255,BROADCAST,0,HEARTBEAT,48,HEARTBEAT,0,0,0,0,0,0,0x1001BFC0
1777261595.037,3044998,4,6,GNSS,255,BROADCAST,0,HEARTBEAT,48,HEARTBEAT,0,0,0,0,0,0,0x1001BFC0
1777261596.062,3045996,4,6,GNSS,255,BROADCAST,0,HEARTBEAT,48,HEARTBEAT,0,0,0,0,0,0,0x1001BFC0
1777261597.033,3046993,4,6,GNSS,255,BROADCAST,0,HEARTBEAT,48,HEARTBEAT,0,0,0,0,0,0,0x1001BFC0
1777261597.035,3046994,4,6,GNSS,1,CDH,10,HEALTH,1,HEALTH_0x01,0,0,0,0,1,1,0x1001804A
1777261597.036,3046995,2,6,GNSS,1,CDH,4,TELEMETRY,2,TELEMETRY_0x02,0,0,0,0,0,0,0x08018044
1777261598.030,3047991,4,6,GNSS,255,BROADCAST,0,HEARTBEAT,48,HEARTBEAT,0,0,0,0,0,0,0x1001BFC0
1777261599.030,3048988,4,6,GNSS,255,BROADCAST,0,HEARTBEAT,48,HEARTBEAT,0,0,0,0,0,0,0x1001BFC0
1777261600.064,3049986,4,6,GNSS,255,BROADCAST,0,HEARTBEAT,48,HEARTBEAT,0,0,0,0,0,0,0x1001BFC0
1777261601.023,3050983,4,6,GNSS,255,BROADCAST,0,HEARTBEAT,48,HEARTBEAT,0,0,0,0,0,0,0x1001BFC0
1777261602.021,3051980,4,6,GNSS,255,BROADCAST,0,HEARTBEAT,48,HEARTBEAT,0,0,0,0,0,0,0x1001BFC0
1777261602.022,3051981,4,6,GNSS,1,CDH,10,HEALTH,1,HEALTH_0x01,0,0,0,0,1,1,0x1001804A
1777261602.022,3051982,2,6,GNSS,1,CDH,4,TELEMETRY,2,TELEMETRY_0x02,0,0,0,0,0,0,0x08018044
1777261603.024,3052978,4,6,GNSS,255,BROADCAST,0,HEARTBEAT,48,HEARTBEAT,0,0,0,0,0,0,0x1001BFC0
1777261604.048,3053975,4,6,GNSS,255,BROADCAST,0,HEARTBEAT,48,HEARTBEAT,0,0,0,0,0,0,0x1001BFC0
1777261605.013,3054973,4,6,GNSS,255,BROADCAST,0,HEARTBEAT,48,HEARTBEAT,0,0,0,0,0,0,0x1001BFC0
1777261606.010,3055970,4,6,GNSS,255,BROADCAST,0,HEARTBEAT,48,HEARTBEAT,0,0,0,0,0,0,0x1001BFC0
1777261607.017,3056967,4,6,GNSS,255,BROADCAST,0,HEARTBEAT,48,HEARTBEAT,0,0,0,0,0,0,0x1001BFC0
1777261607.017,3056968,4,6,GNSS,1,CDH,10,HEALTH,1,HEALTH_0x01,0,0,0,0,1,1,0x1001804A
1777261607.017,3056969,2,6,GNSS,1,CDH,4,TELEMETRY,2,TELEMETRY_0x02,0,0,0,0,0,0,0x08018044
1777261608.040,3057965,4,6,GNSS,255,BROADCAST,0,HEARTBEAT,48,HEARTBEAT,0,0,0,0,0,0,0x1001BFC0
1777261609.002,3058962,4,6,GNSS,255,BROADCAST,0,HEARTBEAT,48,HEARTBEAT,0,0,0,0,0,0,0x1001BFC0
1777261610.000,3059960,4,6,GNSS,255,BROADCAST,0,HEARTBEAT,48,HEARTBEAT,0,0,0,0,0,0,0x1001BFC0
1777261611.016,3060957,4,6,GNSS,255,BROADCAST,0,HEARTBEAT,48,HEARTBEAT,0,0,0,0,0,0,0x1001BFC0
1777261612.032,3061954,4,6,GNSS,255,BROADCAST,0,HEARTBEAT,48,HEARTBEAT,0,0,0,0,0,0,0x1001BFC0
1777261612.032,3061955,4,6,GNSS,1,CDH,10,HEALTH,1,HEALTH_0x01,0,0,0,0,1,1,0x1001804A
1777261612.032,3061956,2,6,GNSS,1,CDH,4,TELEMETRY,2,TELEMETRY_0x02,0,0,0,0,0,0,0x08018044
1777261612.992,3062952,4,6,GNSS,255,BROADCAST,0,HEARTBEAT,48,HEARTBEAT,0,0,0,0,0,0,0x1001BFC0
1777261613.989,3063950,4,6,GNSS,255,BROADCAST,0,HEARTBEAT,48,HEARTBEAT,0,0,0,0,0,0,0x1001BFC0
1777261615.015,3064948,4,6,GNSS,255,BROADCAST,0,HEARTBEAT,48,HEARTBEAT,0,0,0,0,0,0,0x1001BFC0
1777261616.030,3065944,4,6,GNSS,255,BROADCAST,0,HEARTBEAT,48,HEARTBEAT,0,0,0,0,0,0,0x1001BFC0
1777261616.983,3066941,4,6,GNSS,255,BROADCAST,0,HEARTBEAT,48,HEARTBEAT,0,0,0,0,0,0,0x1001BFC0
1777261616.983,3066942,4,6,GNSS,1,CDH,10,HEALTH,1,HEALTH_0x01,0,0,0,0,1,1,0x1001804A
1777261616.983,3066943,2,6,GNSS,1,CDH,4,TELEMETRY,2,TELEMETRY_0x02,0,0,0,0,0,0,0x08018044
1777261617.979,3067940,4,6,GNSS,255,BROADCAST,0,HEARTBEAT,48,HEARTBEAT,0,0,0,0,0,0,0x1001BFC0
1777261618.998,3068937,4,6,GNSS,255,BROADCAST,0,HEARTBEAT,48,HEARTBEAT,0,0,0,0,0,0,0x1001BFC0
1777261619.974,3069934,4,6,GNSS,255,BROADCAST,0,HEARTBEAT,48,HEARTBEAT,0,0,0,0,0,0,0x1001BFC0
1777261620.971,3070931,4,6,GNSS,255,BROADCAST,0,HEARTBEAT,48,HEARTBEAT,0,0,0,0,0,0,0x1001BFC0
1777261621.969,3071928,4,6,GNSS,255,BROADCAST,0,HEARTBEAT,48,HEARTBEAT,0,0,0,0,0,0,0x1001BFC0
1777261621.970,3071929,4,6,GNSS,1,CDH,10,HEALTH,1,HEALTH_0x01,0,0,0,0,1,1,0x1001804A
1777261621.971,3071930,2,6,GNSS,1,CDH,4,TELEMETRY,2,TELEMETRY_0x02,0,0,0,0,0,0,0x08018044
1777261622.991,3072926,4,6,GNSS,255,BROADCAST,0,HEARTBEAT,48,HEARTBEAT,0,0,0,0,0,0,0x1001BFC0
1777261623.963,3073924,4,6,GNSS,255,BROADCAST,0,HEARTBEAT,48,HEARTBEAT,0,0,0,0,0,0,0x1001BFC0
1777261624.962,3074921,4,6,GNSS,255,BROADCAST,0,HEARTBEAT,48,HEARTBEAT,0,0,0,0,0,0,0x1001BFC0
1777261625.959,3075918,4,6,GNSS,255,BROADCAST,0,HEARTBEAT,48,HEARTBEAT,0,0,0,0,0,0,0x1001BFC0
1777261626.991,3076915,4,6,GNSS,255,BROADCAST,0,HEARTBEAT,48,HEARTBEAT,0,0,0,0,0,0,0x1001BFC0
1777261626.991,3076916,4,6,GNSS,1,CDH,10,HEALTH,1,HEALTH_0x01,0,0,0,0,1,1,0x1001804A
1777261626.991,3076917,2,6,GNSS,1,CDH,4,TELEMETRY,2,TELEMETRY_0x02,0,0,0,0,0,0,0x08018044
1777261627.953,3077913,4,6,GNSS,255,BROADCAST,0,HEARTBEAT,48,HEARTBEAT,0,0,0,0,0,0,0x1001BFC0
1777261628.951,3078911,4,6,GNSS,255,BROADCAST,0,HEARTBEAT,48,HEARTBEAT,0,0,0,0,0,0,0x1001BFC0
1777261629.958,3079908,4,6,GNSS,255,BROADCAST,0,HEARTBEAT,48,HEARTBEAT,0,0,0,0,0,0,0x1001BFC0
1777261630.980,3080905,4,6,GNSS,255,BROADCAST,0,HEARTBEAT,48,HEARTBEAT,0,0,0,0,0,0,0x1001BFC0
1777261631.944,3081902,4,6,GNSS,255,BROADCAST,0,HEARTBEAT,48,HEARTBEAT,0,0,0,0,0,0,0x1001BFC0
1777261631.944,3081904,4,6,GNSS,1,CDH,10,HEALTH,1,HEALTH_0x01,0,0,0,0,1,1,0x1001804A
1777261631.944,3081905,2,6,GNSS,1,CDH,4,TELEMETRY,2,TELEMETRY_0x02,0,0,0,0,0,0,0x08018044
1777261632.941,3082901,4,6,GNSS,255,BROADCAST,0,HEARTBEAT,48,HEARTBEAT,0,0,0,0,0,0,0x1001BFC0
1777261633.954,3083898,4,6,GNSS,255,BROADCAST,0,HEARTBEAT,48,HEARTBEAT,0,0,0,0,0,0,0x1001BFC0
1777261634.970,3084895,4,6,GNSS,255,BROADCAST,0,HEARTBEAT,48,HEARTBEAT,0,0,0,0,0,0,0x1001BFC0
1777261635.933,3085893,4,6,GNSS,255,BROADCAST,0,HEARTBEAT,48,HEARTBEAT,0,0,0,0,0,0,0x1001BFC0
1777261636.931,3086890,4,6,GNSS,255,BROADCAST,0,HEARTBEAT,48,HEARTBEAT,0,0,0,0,0,0,0x1001BFC0
1777261636.931,3086891,4,6,GNSS,1,CDH,10,HEALTH,1,HEALTH_0x01,0,0,0,0,1,1,0x1001804A
1777261636.932,3086892,2,6,GNSS,1,CDH,4,TELEMETRY,2,TELEMETRY_0x02,0,0,0,0,0,0,0x08018044
1777261637.934,3087888,4,6,GNSS,255,BROADCAST,0,HEARTBEAT,48,HEARTBEAT,0,0,0,0,0,0,0x1001BFC0
1777261638.962,3088885,4,6,GNSS,255,BROADCAST,0,HEARTBEAT,48,HEARTBEAT,0,0,0,0,0,0,0x1001BFC0
1777261639.923,3089883,4,6,GNSS,255,BROADCAST,0,HEARTBEAT,48,HEARTBEAT,0,0,0,0,0,0,0x1001BFC0
1777261640.920,3090880,4,6,GNSS,255,BROADCAST,0,HEARTBEAT,48,HEARTBEAT,0,0,0,0,0,0,0x1001BFC0
1777261641.936,3091877,4,6,GNSS,255,BROADCAST,0,HEARTBEAT,48,HEARTBEAT,0,0,0,0,0,0,0x1001BFC0
1777261641.936,3091878,4,6,GNSS,1,CDH,10,HEALTH,1,HEALTH_0x01,0,0,0,0,1,1,0x1001804A
1777261641.936,3091879,2,6,GNSS,1,CDH,4,TELEMETRY,2,TELEMETRY_0x02,0,0,0,0,0,0,0x08018044
1777261642.957,3092875,4,6,GNSS,255,BROADCAST,0,HEARTBEAT,48,HEARTBEAT,0,0,0,0,0,0,0x1001BFC0
1777261643.913,3093872,4,6,GNSS,255,BROADCAST,0,HEARTBEAT,48,HEARTBEAT,0,0,0,0,0,0,0x1001BFC0
1777261644.910,3094870,4,6,GNSS,255,BROADCAST,0,HEARTBEAT,48,HEARTBEAT,0,0,0,0,0,0,0x1001BFC0
1777261645.930,3095867,4,6,GNSS,255,BROADCAST,0,HEARTBEAT,48,HEARTBEAT,0,0,0,0,0,0,0x1001BFC0
1777261646.906,3096864,4,6,GNSS,255,BROADCAST,0,HEARTBEAT,48,HEARTBEAT,0,0,0,0,0,0,0x1001BFC0
1777261646.906,3096865,4,6,GNSS,1,CDH,10,HEALTH,1,HEALTH_0x01,0,0,0,0,1,1,0x1001804A
1777261646.906,3096866,2,6,GNSS,1,CDH,4,TELEMETRY,2,TELEMETRY_0x02,0,0,0,0,0,0,0x08018044
1777261647.904,3097862,4,6,GNSS,255,BROADCAST,0,HEARTBEAT,48,HEARTBEAT,0,0,0,0,0,0,0x1001BFC0
1777261648.900,3098859,4,6,GNSS,255,BROADCAST,0,HEARTBEAT,48,HEARTBEAT,0,0,0,0,0,0,0x1001BFC0
1777261649.923,3099856,4,6,GNSS,255,BROADCAST,0,HEARTBEAT,48,HEARTBEAT,0,0,0,0,0,0,0x1001BFC0
1777261650.933,3100854,4,6,GNSS,255,BROADCAST,0,HEARTBEAT,48,HEARTBEAT,0,0,0,0,0,0,0x1001BFC0
1777261651.895,3101851,4,6,GNSS,255,BROADCAST,0,HEARTBEAT,48,HEARTBEAT,0,0,0,0,0,0,0x1001BFC0
1777261651.895,3101852,4,6,GNSS,1,CDH,10,HEALTH,1,HEALTH_0x01,0,0,0,0,1,1,0x1001804A
1777261651.895,3101853,2,6,GNSS,1,CDH,4,TELEMETRY,2,TELEMETRY_0x02,0,0,0,0,0,0,0x08018044
1777261652.893,3102849,4,6,GNSS,255,BROADCAST,0,HEARTBEAT,48,HEARTBEAT,0,0,0,0,0,0,0x1001BFC0
1777261653.930,3103846,4,6,GNSS,255,BROADCAST,0,HEARTBEAT,48,HEARTBEAT,0,0,0,0,0,0,0x1001BFC0
1777261654.887,3104843,4,6,GNSS,255,BROADCAST,0,HEARTBEAT,48,HEARTBEAT,0,0,0,0,0,0,0x1001BFC0
1777261655.900,3105841,4,6,GNSS,255,BROADCAST,0,HEARTBEAT,48,HEARTBEAT,0,0,0,0,0,0,0x1001BFC0
1777261656.912,3106838,4,6,GNSS,255,BROADCAST,0,HEARTBEAT,48,HEARTBEAT,0,0,0,0,0,0,0x1001BFC0
1777261656.914,3106839,4,6,GNSS,1,CDH,10,HEALTH,1,HEALTH_0x01,0,0,0,0,1,1,0x1001804A
1777261656.914,3106840,2,6,GNSS,1,CDH,4,TELEMETRY,2,TELEMETRY_0x02,0,0,0,0,0,0,0x08018044
1777261657.913,3107836,4,6,GNSS,255,BROADCAST,0,HEARTBEAT,48,HEARTBEAT,0,0,0,0,0,0,0x1001BFC0
1777261658.894,3108833,4,6,GNSS,255,BROADCAST,0,HEARTBEAT,48,HEARTBEAT,0,0,0,0,0,0,0x1001BFC0
1777261659.890,3109830,4,6,GNSS,255,BROADCAST,0,HEARTBEAT,48,HEARTBEAT,0,0,0,0,0,0,0x1001BFC0
1777261660.891,3110828,4,6,GNSS,255,BROADCAST,0,HEARTBEAT,48,HEARTBEAT,0,0,0,0,0,0,0x1001BFC0
1777261661.908,3111825,4,6,GNSS,255,BROADCAST,0,HEARTBEAT,48,HEARTBEAT,0,0,0,0,0,0,0x1001BFC0
1777261661.908,3111826,4,6,GNSS,1,CDH,10,HEALTH,1,HEALTH_0x01,0,0,0,0,1,1,0x1001804A
1777261661.908,3111827,2,6,GNSS,1,CDH,4,TELEMETRY,2,TELEMETRY_0x02,0,0,0,0,0,0,0x08018044
1777261662.877,3112823,4,6,GNSS,255,BROADCAST,0,HEARTBEAT,48,HEARTBEAT,0,0,0,0,0,0,0x1001BFC0
1777261663.864,3113820,4,6,GNSS,255,BROADCAST,0,HEARTBEAT,48,HEARTBEAT,0,0,0,0,0,0,0x1001BFC0
1777261664.876,3114818,4,6,GNSS,255,BROADCAST,0,HEARTBEAT,48,HEARTBEAT,0,0,0,0,0,0,0x1001BFC0
1777261665.900,3115815,4,6,GNSS,255,BROADCAST,0,HEARTBEAT,48,HEARTBEAT,0,0,0,0,0,0,0x1001BFC0
1777261666.855,3116812,4,6,GNSS,255,BROADCAST,0,HEARTBEAT,48,HEARTBEAT,0,0,0,0,0,0,0x1001BFC0
1777261666.855,3116813,4,6,GNSS,1,CDH,10,HEALTH,1,HEALTH_0x01,0,0,0,0,1,1,0x1001804A
1777261666.855,3116814,2,6,GNSS,1,CDH,4,TELEMETRY,2,TELEMETRY_0x02,0,0,0,0,0,0,0x08018044
1777261667.851,3117810,4,6,GNSS,255,BROADCAST,0,HEARTBEAT,48,HEARTBEAT,0,0,0,0,0,0,0x1001BFC0
1777261668.870,3118807,4,6,GNSS,255,BROADCAST,0,HEARTBEAT,48,HEARTBEAT,0,0,0,0,0,0,0x1001BFC0
1777261669.876,3119805,4,6,GNSS,255,BROADCAST,0,HEARTBEAT,48,HEARTBEAT,0,0,0,0,0,0,0x1001BFC0
1777261670.844,3120802,4,6,GNSS,255,BROADCAST,0,HEARTBEAT,48,HEARTBEAT,0,0,0,0,0,0,0x1001BFC0
1777261671.840,3121799,4,6,GNSS,255,BROADCAST,0,HEARTBEAT,48,HEARTBEAT,0,0,0,0,0,0,0x1001BFC0
1777261671.841,3121800,4,6,GNSS,1,CDH,10,HEALTH,1,HEALTH_0x01,0,0,0,0,1,1,0x1001804A
1777261671.842,3121801,2,6,GNSS,1,CDH,4,TELEMETRY,2,TELEMETRY_0x02,0,0,0,0,0,0,0x08018044
1777261672.871,3122797,4,6,GNSS,255,BROADCAST,0,HEARTBEAT,48,HEARTBEAT,0,0,0,0,0,0,0x1001BFC0
1777261673.836,3123795,4,6,GNSS,255,BROADCAST,0,HEARTBEAT,48,HEARTBEAT,0,0,0,0,0,0,0x1001BFC0
1777261674.840,3124792,4,6,GNSS,255,BROADCAST,0,HEARTBEAT,48,HEARTBEAT,0,0,0,0,0,0,0x1001BFC0
1777261675.835,3125789,4,6,GNSS,255,BROADCAST,0,HEARTBEAT,48,HEARTBEAT,0,0,0,0,0,0,0x1001BFC0
1777261676.860,3126786,4,6,GNSS,255,BROADCAST,0,HEARTBEAT,48,HEARTBEAT,0,0,0,0,0,0,0x1001BFC0
1777261676.860,3126787,4,6,GNSS,1,CDH,10,HEALTH,1,HEALTH_0x01,0,0,0,0,1,1,0x1001804A
1777261676.860,3126789,2,6,GNSS,1,CDH,4,TELEMETRY,2,TELEMETRY_0x02,0,0,0,0,0,0,0x08018044
1777261677.826,3127785,4,6,GNSS,255,BROADCAST,0,HEARTBEAT,48,HEARTBEAT,0,0,0,0,0,0,0x1001BFC0
1777261678.829,3128782,4,6,GNSS,255,BROADCAST,0,HEARTBEAT,48,HEARTBEAT,0,0,0,0,0,0,0x1001BFC0
1777261679.822,3129779,4,6,GNSS,255,BROADCAST,0,HEARTBEAT,48,HEARTBEAT,0,0,0,0,0,0,0x1001BFC0
1777261680.867,3130777,4,6,GNSS,255,BROADCAST,0,HEARTBEAT,48,HEARTBEAT,0,0,0,0,0,0,0x1001BFC0
1777261681.816,3131774,4,6,GNSS,255,BROADCAST,0,HEARTBEAT,48,HEARTBEAT,0,0,0,0,0,0,0x1001BFC0
1777261681.816,3131775,4,6,GNSS,1,CDH,10,HEALTH,1,HEALTH_0x01,0,0,0,0,1,1,0x1001804A
1777261681.817,3131776,2,6,GNSS,1,CDH,4,TELEMETRY,2,TELEMETRY_0x02,0,0,0,0,0,0,0x08018044
1777261682.814,3132773,4,6,GNSS,255,BROADCAST,0,HEARTBEAT,48,HEARTBEAT,0,0,0,0,0,0,0x1001BFC0
1777261683.811,3133770,4,6,GNSS,255,BROADCAST,0,HEARTBEAT,48,HEARTBEAT,0,0,0,0,0,0,0x1001BFC0
1777261684.843,3134767,4,6,GNSS,255,BROADCAST,0,HEARTBEAT,48,HEARTBEAT,0,0,0,0,0,0,0x1001BFC0
1777261685.806,3135764,4,6,GNSS,255,BROADCAST,0,HEARTBEAT,48,HEARTBEAT,0,0,0,0,0,0,0x1001BFC0
1777261686.886,3136762,4,6,GNSS,255,BROADCAST,0,HEARTBEAT,48,HEARTBEAT,0,0,0,0,0,0,0x1001BFC0
1777261686.886,3136763,4,6,GNSS,1,CDH,10,HEALTH,1,HEALTH_0x01,0,0,0,0,1,1,0x1001804A
1777261686.886,3136764,2,6,GNSS,1,CDH,4,TELEMETRY,2,TELEMETRY_0x02,0,0,0,0,0,0,0x08018044
1777261687.911,3137760,4,6,GNSS,255,BROADCAST,0,HEARTBEAT,48,HEARTBEAT,0,0,0,0,0,0,0x1001BFC0
1777261688.844,3138757,4,6,GNSS,255,BROADCAST,0,HEARTBEAT,48,HEARTBEAT,0,0,0,0,0,0,0x1001BFC0
1777261689.796,3139754,4,6,GNSS,255,BROADCAST,0,HEARTBEAT,48,HEARTBEAT,0,0,0,0,0,0,0x1001BFC0
1777261690.793,3140751,4,6,GNSS,255,BROADCAST,0,HEARTBEAT,48,HEARTBEAT,0,0,0,0,0,0,0x1001BFC0
1777261691.808,3141748,4,6,GNSS,255,BROADCAST,0,HEARTBEAT,48,HEARTBEAT,0,0,0,0,0,0,0x1001BFC0
1777261691.808,3141749,4,6,GNSS,1,CDH,10,HEALTH,1,HEALTH_0x01,0,0,0,0,1,1,0x1001804A
1777261691.808,3141751,2,6,GNSS,1,CDH,4,TELEMETRY,2,TELEMETRY_0x02,0,0,0,0,0,0,0x08018044
1777261692.825,3142747,4,6,GNSS,255,BROADCAST,0,HEARTBEAT,48,HEARTBEAT,0,0,0,0,0,0,0x1001BFC0
1777261693.785,3143744,4,6,GNSS,255,BROADCAST,0,HEARTBEAT,48,HEARTBEAT,0,0,0,0,0,0,0x1001BFC0
1777261694.782,3144741,4,6,GNSS,255,BROADCAST,0,HEARTBEAT,48,HEARTBEAT,0,0,0,0,0,0,0x1001BFC0
1777261695.803,3145738,4,6,GNSS,255,BROADCAST,0,HEARTBEAT,48,HEARTBEAT,0,0,0,0,0,0,0x1001BFC0
1777261696.778,3146735,4,6,GNSS,255,BROADCAST,0,HEARTBEAT,48,HEARTBEAT,0,0,0,0,0,0,0x1001BFC0
1777261696.778,3146736,4,6,GNSS,1,CDH,10,HEALTH,1,HEALTH_0x01,0,0,0,0,1,1,0x1001804A
1777261696.822,3146738,2,6,GNSS,1,CDH,4,TELEMETRY,2,TELEMETRY_0x02,0,0,0,0,0,0,0x08018044
1777261697.775,3147734,4,6,GNSS,255,BROADCAST,0,HEARTBEAT,48,HEARTBEAT,0,0,0,0,0,0,0x1001BFC0
1777261698.772,3148731,4,6,GNSS,255,BROADCAST,0,HEARTBEAT,48,HEARTBEAT,0,0,0,0,0,0,0x1001BFC0
1777261699.789,3149728,4,6,GNSS,255,BROADCAST,0,HEARTBEAT,48,HEARTBEAT,0,0,0,0,0,0,0x1001BFC0
1777261700.768,3150725,4,6,GNSS,255,BROADCAST,0,HEARTBEAT,48,HEARTBEAT,0,0,0,0,0,0,0x1001BFC0
1777261701.765,3151722,4,6,GNSS,255,BROADCAST,0,HEARTBEAT,48,HEARTBEAT,0,0,0,0,0,0,0x1001BFC0
1777261701.765,3151723,4,6,GNSS,1,CDH,10,HEALTH,1,HEALTH_0x01,0,0,0,0,1,1,0x1001804A
1777261701.765,3151724,2,6,GNSS,1,CDH,4,TELEMETRY,2,TELEMETRY_0x02,0,0,0,0,0,0,0x08018044
1777261702.762,3152720,4,6,GNSS,255,BROADCAST,0,HEARTBEAT,48,HEARTBEAT,0,0,0,0,0,0,0x1001BFC0
1777261703.796,3153717,4,6,GNSS,255,BROADCAST,0,HEARTBEAT,48,HEARTBEAT,0,0,0,0,0,0,0x1001BFC0
1777261704.756,3154714,4,6,GNSS,255,BROADCAST,0,HEARTBEAT,48,HEARTBEAT,0,0,0,0,0,0,0x1001BFC0
1777261705.753,3155712,4,6,GNSS,255,BROADCAST,0,HEARTBEAT,48,HEARTBEAT,0,0,0,0,0,0,0x1001BFC0
1777261706.752,3156709,4,6,GNSS,255,BROADCAST,0,HEARTBEAT,48,HEARTBEAT,0,0,0,0,0,0,0x1001BFC0
1777261706.752,3156710,4,6,GNSS,1,CDH,10,HEALTH,1,HEALTH_0x01,0,0,0,0,1,1,0x1001804A
1777261706.752,3156711,2,6,GNSS,1,CDH,4,TELEMETRY,2,TELEMETRY_0x02,0,0,0,0,0,0,0x08018044
1777261707.780,3157707,4,6,GNSS,255,BROADCAST,0,HEARTBEAT,48,HEARTBEAT,0,0,0,0,0,0,0x1001BFC0
1777261708.747,3158704,4,6,GNSS,255,BROADCAST,0,HEARTBEAT,48,HEARTBEAT,0,0,0,0,0,0,0x1001BFC0
1777261709.743,3159702,4,6,GNSS,255,BROADCAST,0,HEARTBEAT,48,HEARTBEAT,0,0,0,0,0,0,0x1001BFC0
1777261710.753,3160699,4,6,GNSS,255,BROADCAST,0,HEARTBEAT,48,HEARTBEAT,0,0,0,0,0,0,0x1001BFC0
1777261711.778,3161696,4,6,GNSS,255,BROADCAST,0,HEARTBEAT,48,HEARTBEAT,0,0,0,0,0,0,0x1001BFC0
1777261711.778,3161697,4,6,GNSS,1,CDH,10,HEALTH,1,HEALTH_0x01,0,0,0,0,1,1,0x1001804A
1777261711.778,3161698,2,6,GNSS,1,CDH,4,TELEMETRY,2,TELEMETRY_0x02,0,0,0,0,0,0,0x08018044
1777261712.736,3162695,4,6,GNSS,255,BROADCAST,0,HEARTBEAT,48,HEARTBEAT,0,0,0,0,0,0,0x1001BFC0
1777261713.733,3163692,4,6,GNSS,255,BROADCAST,0,HEARTBEAT,48,HEARTBEAT,0,0,0,0,0,0,0x1001BFC0
1777261714.740,3164689,4,6,GNSS,255,BROADCAST,0,HEARTBEAT,48,HEARTBEAT,0,0,0,0,0,0,0x1001BFC0
1777261715.764,3165686,4,6,GNSS,255,BROADCAST,0,HEARTBEAT,48,HEARTBEAT,0,0,0,0,0,0,0x1001BFC0
1777261716.728,3166686,4,6,GNSS,255,BROADCAST,0,HEARTBEAT,48,HEARTBEAT,0,0,0,0,0,0,0x1001BFC0
1777261716.731,3166688,4,6,GNSS,1,CDH,10,HEALTH,1,HEALTH_0x01,0,0,0,0,1,1,0x1001804A
1777261716.731,3166689,2,6,GNSS,1,CDH,4,TELEMETRY,2,TELEMETRY_0x02,0,0,0,0,0,0,0x08018044
1777261717.724,3167682,4,6,GNSS,255,BROADCAST,0,HEARTBEAT,48,HEARTBEAT,0,0,0,0,0,0,0x1001BFC0
1777261718.743,3168679,4,6,GNSS,255,BROADCAST,0,HEARTBEAT,48,HEARTBEAT,0,0,0,0,0,0,0x1001BFC0
1777261719.766,3169677,4,6,GNSS,255,BROADCAST,0,HEARTBEAT,48,HEARTBEAT,0,0,0,0,0,0,0x1001BFC0
1777261720.716,3170674,4,6,GNSS,255,BROADCAST,0,HEARTBEAT,48,HEARTBEAT,0,0,0,0,0,0,0x1001BFC0
1777261721.713,3171671,4,6,GNSS,255,BROADCAST,0,HEARTBEAT,48,HEARTBEAT,0,0,0,0,0,0,0x1001BFC0
1777261721.714,3171672,4,6,GNSS,1,CDH,10,HEALTH,1,HEALTH_0x01,0,0,0,0,1,1,0x1001804A
1777261721.715,3171673,2,6,GNSS,1,CDH,4,TELEMETRY,2,TELEMETRY_0x02,0,0,0,0,0,0,0x08018044
1777261722.732,3172669,4,6,GNSS,255,BROADCAST,0,HEARTBEAT,48,HEARTBEAT,0,0,0,0,0,0,0x1001BFC0
1777261723.708,3173667,4,6,GNSS,255,BROADCAST,0,HEARTBEAT,48,HEARTBEAT,0,0,0,0,0,0,0x1001BFC0
1777261724.709,3174664,4,6,GNSS,255,BROADCAST,0,HEARTBEAT,48,HEARTBEAT,0,0,0,0,0,0,0x1001BFC0
1777261725.703,3175661,4,6,GNSS,255,BROADCAST,0,HEARTBEAT,48,HEARTBEAT,0,0,0,0,0,0,0x1001BFC0
1777261726.724,3176658,4,6,GNSS,255,BROADCAST,0,HEARTBEAT,48,HEARTBEAT,0,0,0,0,0,0,0x1001BFC0
1777261726.724,3176659,4,6,GNSS,1,CDH,10,HEALTH,1,HEALTH_0x01,0,0,0,0,1,1,0x1001804A
1777261726.724,3176660,2,6,GNSS,1,CDH,4,TELEMETRY,2,TELEMETRY_0x02,0,0,0,0,0,0,0x08018044
1777261727.698,3177656,4,6,GNSS,255,BROADCAST,0,HEARTBEAT,48,HEARTBEAT,0,0,0,0,0,0,0x1001BFC0
1777261728.696,3178654,4,6,GNSS,255,BROADCAST,0,HEARTBEAT,48,HEARTBEAT,0,0,0,0,0,0,0x1001BFC0
1777261729.694,3179651,4,6,GNSS,255,BROADCAST,0,HEARTBEAT,48,HEARTBEAT,0,0,0,0,0,0,0x1001BFC0
1777261730.712,3180648,4,6,GNSS,255,BROADCAST,0,HEARTBEAT,48,HEARTBEAT,0,0,0,0,0,0,0x1001BFC0
1777261731.687,3181645,4,6,GNSS,255,BROADCAST,0,HEARTBEAT,48,HEARTBEAT,0,0,0,0,0,0,0x1001BFC0
1777261731.688,3181646,4,6,GNSS,1,CDH,10,HEALTH,1,HEALTH_0x01,0,0,0,0,1,1,0x1001804A
1777261731.689,3181647,2,6,GNSS,1,CDH,4,TELEMETRY,2,TELEMETRY_0x02,0,0,0,0,0,0,0x08018044
1777261732.685,3182643,4,6,GNSS,255,BROADCAST,0,HEARTBEAT,48,HEARTBEAT,0,0,0,0,0,0,0x1001BFC0
1777261733.689,3183640,4,6,GNSS,255,BROADCAST,0,HEARTBEAT,48,HEARTBEAT,0,0,0,0,0,0,0x1001BFC0
1777261734.717,3184638,4,6,GNSS,255,BROADCAST,0,HEARTBEAT,48,HEARTBEAT,0,0,0,0,0,0,0x1001BFC0
1777261735.680,3185635,4,6,GNSS,255,BROADCAST,0,HEARTBEAT,48,HEARTBEAT,0,0,0,0,0,0,0x1001BFC0
1777261736.674,3186632,4,6,GNSS,255,BROADCAST,0,HEARTBEAT,48,HEARTBEAT,0,0,0,0,0,0,0x1001BFC0
1777261736.674,3186633,4,6,GNSS,1,CDH,10,HEALTH,1,HEALTH_0x01,0,0,0,0,1,1,0x1001804A
1777261736.679,3186634,2,6,GNSS,1,CDH,4,TELEMETRY,2,TELEMETRY_0x02,0,0,0,0,0,0,0x08018044
1777261737.686,3187630,4,6,GNSS,255,BROADCAST,0,HEARTBEAT,48,HEARTBEAT,0,0,0,0,0,0,0x1001BFC0
1777261738.708,3188627,4,6,GNSS,255,BROADCAST,0,HEARTBEAT,48,HEARTBEAT,0,0,0,0,0,0,0x1001BFC0
1777261739.668,3189624,4,6,GNSS,255,BROADCAST,0,HEARTBEAT,48,HEARTBEAT,0,0,0,0,0,0,0x1001BFC0
1777261740.671,3190622,4,6,GNSS,255,BROADCAST,0,HEARTBEAT,48,HEARTBEAT,0,0,0,0,0,0,0x1001BFC0
1777261741.679,3191619,4,6,GNSS,255,BROADCAST,0,HEARTBEAT,48,HEARTBEAT,0,0,0,0,0,0,0x1001BFC0
1777261741.679,3191620,4,6,GNSS,1,CDH,10,HEALTH,1,HEALTH_0x01,0,0,0,0,1,1,0x1001804A
1777261741.679,3191621,2,6,GNSS,1,CDH,4,TELEMETRY,2,TELEMETRY_0x02,0,0,0,0,0,0,0x08018044
1777261742.702,3192617,4,6,GNSS,255,BROADCAST,0,HEARTBEAT,48,HEARTBEAT,0,0,0,0,0,0,0x1001BFC0
1777261743.661,3193614,4,6,GNSS,255,BROADCAST,0,HEARTBEAT,48,HEARTBEAT,0,0,0,0,0,0,0x1001BFC0
1777261744.654,3194611,4,6,GNSS,255,BROADCAST,0,HEARTBEAT,48,HEARTBEAT,0,0,0,0,0,0,0x1001BFC0
1777261745.671,3195608,4,6,GNSS,255,BROADCAST,0,HEARTBEAT,48,HEARTBEAT,0,0,0,0,0,0,0x1001BFC0
1777261746.656,3196606,4,6,GNSS,255,BROADCAST,0,HEARTBEAT,48,HEARTBEAT,0,0,0,0,0,0,0x1001BFC0
1777261746.696,3196607,4,6,GNSS,1,CDH,10,HEALTH,1,HEALTH_0x01,0,0,0,0,1,1,0x1001804A
1777261746.696,3196608,2,6,GNSS,1,CDH,4,TELEMETRY,2,TELEMETRY_0x02,0,0,0,0,0,0,0x08018044
1777261747.646,3197604,4,6,GNSS,255,BROADCAST,0,HEARTBEAT,48,HEARTBEAT,0,0,0,0,0,0,0x1001BFC0
1777261748.643,3198601,4,6,GNSS,255,BROADCAST,0,HEARTBEAT,48,HEARTBEAT,0,0,0,0,0,0,0x1001BFC0
1777261749.660,3199598,4,6,GNSS,255,BROADCAST,0,HEARTBEAT,48,HEARTBEAT,0,0,0,0,0,0,0x1001BFC0
1777261750.637,3200595,4,6,GNSS,255,BROADCAST,0,HEARTBEAT,48,HEARTBEAT,0,0,0,0,0,0,0x1001BFC0
1777261751.635,3201592,4,6,GNSS,255,BROADCAST,0,HEARTBEAT,48,HEARTBEAT,0,0,0,0,0,0,0x1001BFC0
1777261751.636,3201593,4,6,GNSS,1,CDH,10,HEALTH,1,HEALTH_0x01,0,0,0,0,1,1,0x1001804A
1777261751.637,3201595,2,6,GNSS,1,CDH,4,TELEMETRY,2,TELEMETRY_0x02,0,0,0,0,0,0,0x08018044
1777261752.633,3202591,4,6,GNSS,255,BROADCAST,0,HEARTBEAT,48,HEARTBEAT,0,0,0,0,0,0,0x1001BFC0
1777261753.661,3203588,4,6,GNSS,255,BROADCAST,0,HEARTBEAT,48,HEARTBEAT,0,0,0,0,0,0,0x1001BFC0
1777261754.627,3204585,4,6,GNSS,255,BROADCAST,0,HEARTBEAT,48,HEARTBEAT,0,0,0,0,0,0,0x1001BFC0
1777261755.624,3205582,4,6,GNSS,255,BROADCAST,0,HEARTBEAT,48,HEARTBEAT,0,0,0,0,0,0,0x1001BFC0
1777261756.630,3206579,4,6,GNSS,255,BROADCAST,0,HEARTBEAT,48,HEARTBEAT,0,0,0,0,0,0,0x1001BFC0
1777261756.630,3206580,4,6,GNSS,1,CDH,10,HEALTH,1,HEALTH_0x01,0,0,0,0,1,1,0x1001804A
1777261756.630,3206581,2,6,GNSS,1,CDH,4,TELEMETRY,2,TELEMETRY_0x02,0,0,0,0,0,0,0x08018044
1777261757.650,3207577,4,6,GNSS,255,BROADCAST,0,HEARTBEAT,48,HEARTBEAT,0,0,0,0,0,0,0x1001BFC0
1777261758.618,3208574,4,6,GNSS,255,BROADCAST,0,HEARTBEAT,48,HEARTBEAT,0,0,0,0,0,0,0x1001BFC0
1777261759.614,3209571,4,6,GNSS,255,BROADCAST,0,HEARTBEAT,48,HEARTBEAT,0,0,0,0,0,0,0x1001BFC0
1777261760.616,3210568,4,6,GNSS,255,BROADCAST,0,HEARTBEAT,48,HEARTBEAT,0,0,0,0,0,0,0x1001BFC0
1777261761.650,3211565,4,6,GNSS,255,BROADCAST,0,HEARTBEAT,48,HEARTBEAT,0,0,0,0,0,0,0x1001BFC0
1777261761.650,3211567,4,6,GNSS,1,CDH,10,HEALTH,1,HEALTH_0x01,0,0,0,0,1,1,0x1001804A
1777261761.650,3211568,2,6,GNSS,1,CDH,4,TELEMETRY,2,TELEMETRY_0x02,0,0,0,0,0,0,0x08018044
1777261762.607,3212564,4,6,GNSS,255,BROADCAST,0,HEARTBEAT,48,HEARTBEAT,0,0,0,0,0,0,0x1001BFC0
1777261763.603,3213561,4,6,GNSS,255,BROADCAST,0,HEARTBEAT,48,HEARTBEAT,0,0,0,0,0,0,0x1001BFC0
1777261764.608,3214558,4,6,GNSS,255,BROADCAST,0,HEARTBEAT,48,HEARTBEAT,0,0,0,0,0,0,0x1001BFC0
1777261765.635,3215555,4,6,GNSS,255,BROADCAST,0,HEARTBEAT,48,HEARTBEAT,0,0,0,0,0,0,0x1001BFC0
1777261766.595,3216552,4,6,GNSS,255,BROADCAST,0,HEARTBEAT,48,HEARTBEAT,0,0,0,0,0,0,0x1001BFC0
1777261766.596,3216553,4,6,GNSS,1,CDH,10,HEALTH,1,HEALTH_0x01,0,0,0,0,1,1,0x1001804A
1777261766.596,3216554,2,6,GNSS,1,CDH,4,TELEMETRY,2,TELEMETRY_0x02,0,0,0,0,0,0,0x08018044
1777261767.593,3217550,4,6,GNSS,255,BROADCAST,0,HEARTBEAT,48,HEARTBEAT,0,0,0,0,0,0,0x1001BFC0
1777261768.595,3218547,4,6,GNSS,255,BROADCAST,0,HEARTBEAT,48,HEARTBEAT,0,0,0,0,0,0,0x1001BFC0
1777261769.633,3219545,4,6,GNSS,255,BROADCAST,0,HEARTBEAT,48,HEARTBEAT,0,0,0,0,0,0,0x1001BFC0
1777261770.587,3220542,4,6,GNSS,255,BROADCAST,0,HEARTBEAT,48,HEARTBEAT,0,0,0,0,0,0,0x1001BFC0
1777261771.582,3221539,4,6,GNSS,255,BROADCAST,0,HEARTBEAT,48,HEARTBEAT,0,0,0,0,0,0,0x1001BFC0
1777261771.582,3221540,4,6,GNSS,1,CDH,10,HEALTH,1,HEALTH_0x01,0,0,0,0,1,1,0x1001804A
1777261771.583,3221541,2,6,GNSS,1,CDH,4,TELEMETRY,2,TELEMETRY_0x02,0,0,0,0,0,0,0x08018044
1777261772.592,3222537,4,6,GNSS,255,BROADCAST,0,HEARTBEAT,48,HEARTBEAT,0,0,0,0,0,0,0x1001BFC0
1777261773.577,3223534,4,6,GNSS,255,BROADCAST,0,HEARTBEAT,48,HEARTBEAT,0,0,0,0,0,0,0x1001BFC0
1777261774.574,3224531,4,6,GNSS,255,BROADCAST,0,HEARTBEAT,48,HEARTBEAT,0,0,0,0,0,0,0x1001BFC0
1777261775.572,3225528,4,6,GNSS,255,BROADCAST,0,HEARTBEAT,48,HEARTBEAT,0,0,0,0,0,0,0x1001BFC0
1777261776.598,3226525,4,6,GNSS,255,BROADCAST,0,HEARTBEAT,48,HEARTBEAT,0,0,0,0,0,0,0x1001BFC0
1777261776.598,3226526,4,6,GNSS,1,CDH,10,HEALTH,1,HEALTH_0x01,0,0,0,0,1,1,0x1001804A
1777261776.598,3226528,2,6,GNSS,1,CDH,4,TELEMETRY,2,TELEMETRY_0x02,0,0,0,0,0,0,0x08018044
1777262217.453,6052,4,6,GNSS,255,BROADCAST,0,HEARTBEAT,48,HEARTBEAT,0,0,0,0,0,0,0x1001BFC0
1777262218.466,7049,4,6,GNSS,255,BROADCAST,0,HEARTBEAT,48,HEARTBEAT,0,0,0,0,0,0,0x1001BFC0
1777262219.480,8046,4,6,GNSS,255,BROADCAST,0,HEARTBEAT,48,HEARTBEAT,0,0,0,0,0,0,0x1001BFC0
1777262220.445,9044,4,6,GNSS,255,BROADCAST,0,HEARTBEAT,48,HEARTBEAT,0,0,0,0,0,0,0x1001BFC0
1777262220.446,9045,4,6,GNSS,1,CDH,10,HEALTH,1,HEALTH_0x01,0,0,0,0,1,1,0x1001804A
1777262220.448,9046,2,6,GNSS,1,CDH,4,TELEMETRY,2,TELEMETRY_0x02,0,0,0,0,0,0,0x08018044
1777262221.443,10042,4,6,GNSS,255,BROADCAST,0,HEARTBEAT,48,HEARTBEAT,0,0,0,0,0,0,0x1001BFC0
1777262222.458,11039,4,6,GNSS,255,BROADCAST,0,HEARTBEAT,48,HEARTBEAT,0,0,0,0,0,0,0x1001BFC0
1777262223.437,12037,4,6,GNSS,255,BROADCAST,0,HEARTBEAT,48,HEARTBEAT,0,0,0,0,0,0,0x1001BFC0
1777262224.435,13034,4,6,GNSS,255,BROADCAST,0,HEARTBEAT,48,HEARTBEAT,0,0,0,0,0,0,0x1001BFC0
1777262225.438,14031,4,6,GNSS,255,BROADCAST,0,HEARTBEAT,48,HEARTBEAT,0,0,0,0,0,0,0x1001BFC0
1777262225.438,14032,4,6,GNSS,1,CDH,10,HEALTH,1,HEALTH_0x01,0,0,0,0,1,1,0x1001804A
1777262225.438,14033,2,6,GNSS,1,CDH,4,TELEMETRY,2,TELEMETRY_0x02,0,0,0,0,0,0,0x08018044
1777262226.453,15029,4,6,GNSS,255,BROADCAST,0,HEARTBEAT,48,HEARTBEAT,0,0,0,0,0,0,0x1001BFC0
1777262227.432,16027,4,6,GNSS,255,BROADCAST,0,HEARTBEAT,48,HEARTBEAT,0,0,0,0,0,0,0x1001BFC0
1777262228.426,17024,4,6,GNSS,255,BROADCAST,0,HEARTBEAT,48,HEARTBEAT,0,0,0,0,0,0,0x1001BFC0
1777262229.428,18021,4,6,GNSS,255,BROADCAST,0,HEARTBEAT,48,HEARTBEAT,0,0,0,0,0,0,0x1001BFC0
1777262230.436,19019,4,6,GNSS,255,BROADCAST,0,HEARTBEAT,48,HEARTBEAT,0,0,0,0,0,0,0x1001BFC0
1777262230.436,19020,4,6,GNSS,1,CDH,10,HEALTH,1,HEALTH_0x01,0,0,0,0,1,1,0x1001804A
1777262230.436,19021,2,6,GNSS,1,CDH,4,TELEMETRY,2,TELEMETRY_0x02,0,0,0,0,0,0,0x08018044
1777262231.418,20017,4,6,GNSS,255,BROADCAST,0,HEARTBEAT,48,HEARTBEAT,0,0,0,0,0,0,0x1001BFC0
1777262232.484,21014,4,6,GNSS,255,BROADCAST,0,HEARTBEAT,48,HEARTBEAT,0,0,0,0,0,0,0x1001BFC0
1777262233.458,22012,4,6,GNSS,255,BROADCAST,0,HEARTBEAT,48,HEARTBEAT,0,0,0,0,0,0,0x1001BFC0
1777262234.429,23009,4,6,GNSS,255,BROADCAST,0,HEARTBEAT,48,HEARTBEAT,0,0,0,0,0,0,0x1001BFC0
1777262235.409,24006,4,6,GNSS,255,BROADCAST,0,HEARTBEAT,48,HEARTBEAT,0,0,0,0,0,0,0x1001BFC0
1777262235.409,24007,4,6,GNSS,1,CDH,10,HEALTH,1,HEALTH_0x01,0,0,0,0,1,1,0x1001804A
1777262235.410,24008,2,6,GNSS,1,CDH,4,TELEMETRY,2,TELEMETRY_0x02,0,0,0,0,0,0,0x08018044
1777262236.406,25005,4,6,GNSS,255,BROADCAST,0,HEARTBEAT,48,HEARTBEAT,0,0,0,0,0,0,0x1001BFC0
1777262237.410,26002,4,6,GNSS,255,BROADCAST,0,HEARTBEAT,48,HEARTBEAT,0,0,0,0,0,0,0x1001BFC0
1777262238.454,26999,4,6,GNSS,255,BROADCAST,0,HEARTBEAT,48,HEARTBEAT,0,0,0,0,0,0,0x1001BFC0
1777262239.399,27996,4,6,GNSS,255,BROADCAST,0,HEARTBEAT,48,HEARTBEAT,0,0,0,0,0,0,0x1001BFC0
1777262240.396,28994,4,6,GNSS,255,BROADCAST,0,HEARTBEAT,48,HEARTBEAT,0,0,0,0,0,0,0x1001BFC0
1777262240.397,28995,4,6,GNSS,1,CDH,10,HEALTH,1,HEALTH_0x01,0,0,0,0,1,1,0x1001804A
1777262240.397,28996,2,6,GNSS,1,CDH,4,TELEMETRY,2,TELEMETRY_0x02,0,0,0,0,0,0,0x08018044
1777262241.404,29992,4,6,GNSS,255,BROADCAST,0,HEARTBEAT,48,HEARTBEAT,0,0,0,0,0,0,0x1001BFC0
1777262242.426,30989,4,6,GNSS,255,BROADCAST,0,HEARTBEAT,48,HEARTBEAT,0,0,0,0,0,0,0x1001BFC0
1777262952.335,5293,4,6,GNSS,255,BROADCAST,0,HEARTBEAT,48,HEARTBEAT,0,0,0,0,0,0,0x1001BFC0
1777262953.335,6290,4,6,GNSS,255,BROADCAST,0,HEARTBEAT,48,HEARTBEAT,0,0,0,0,0,0,0x1001BFC0
1777262954.337,7288,4,6,GNSS,255,BROADCAST,0,HEARTBEAT,48,HEARTBEAT,0,0,0,0,0,0,0x1001BFC0
1777262955.358,8285,4,6,GNSS,255,BROADCAST,0,HEARTBEAT,48,HEARTBEAT,0,0,0,0,0,0,0x1001BFC0
1777262955.358,8286,4,6,GNSS,1,CDH,10,HEALTH,1,HEALTH_0x01,0,0,0,0,1,1,0x1001804A
1777262955.358,8287,2,6,GNSS,1,CDH,4,TELEMETRY,2,TELEMETRY_0x02,0,0,0,0,0,0,0x08018044
1777262956.326,9284,4,6,GNSS,255,BROADCAST,0,HEARTBEAT,48,HEARTBEAT,0,0,0,0,0,0,0x1001BFC0
1777262957.323,10281,4,6,GNSS,255,BROADCAST,0,HEARTBEAT,48,HEARTBEAT,0,0,0,0,0,0,0x1001BFC0
1777262958.331,11279,4,6,GNSS,255,BROADCAST,0,HEARTBEAT,48,HEARTBEAT,0,0,0,0,0,0,0x1001BFC0
1777262959.351,12276,4,6,GNSS,255,BROADCAST,0,HEARTBEAT,48,HEARTBEAT,0,0,0,0,0,0,0x1001BFC0
1777262960.317,13274,4,6,GNSS,255,BROADCAST,0,HEARTBEAT,48,HEARTBEAT,0,0,0,0,0,0,0x1001BFC0
1777262960.319,13275,4,6,GNSS,1,CDH,10,HEALTH,1,HEALTH_0x01,0,0,0,0,1,1,0x1001804A
1777262960.319,13276,2,6,GNSS,1,CDH,4,TELEMETRY,2,TELEMETRY_0x02,0,0,0,0,0,0,0x08018044
1777262961.316,14273,4,6,GNSS,255,BROADCAST,0,HEARTBEAT,48,HEARTBEAT,0,0,0,0,0,0,0x1001BFC0
1777262962.320,15270,4,6,GNSS,255,BROADCAST,0,HEARTBEAT,48,HEARTBEAT,0,0,0,0,0,0,0x1001BFC0
1777262963.344,16268,4,6,GNSS,255,BROADCAST,0,HEARTBEAT,48,HEARTBEAT,0,0,0,0,0,0,0x1001BFC0
1777262964.308,17265,4,6,GNSS,255,BROADCAST,0,HEARTBEAT,48,HEARTBEAT,0,0,0,0,0,0,0x1001BFC0
1777262965.307,18263,4,6,GNSS,255,BROADCAST,0,HEARTBEAT,48,HEARTBEAT,0,0,0,0,0,0,0x1001BFC0
1777262965.307,18264,4,6,GNSS,1,CDH,10,HEALTH,1,HEALTH_0x01,0,0,0,0,1,1,0x1001804A
1777262965.307,18265,2,6,GNSS,1,CDH,4,TELEMETRY,2,TELEMETRY_0x02,0,0,0,0,0,0,0x08018044
1777262966.317,19261,4,6,GNSS,255,BROADCAST,0,HEARTBEAT,48,HEARTBEAT,0,0,0,0,0,0,0x1001BFC0
1777262967.340,20259,4,6,GNSS,255,BROADCAST,0,HEARTBEAT,48,HEARTBEAT,0,0,0,0,0,0,0x1001BFC0
1777262968.302,21256,4,6,GNSS,255,BROADCAST,0,HEARTBEAT,48,HEARTBEAT,0,0,0,0,0,0,0x1001BFC0
1777262969.296,22253,4,6,GNSS,255,BROADCAST,0,HEARTBEAT,48,HEARTBEAT,0,0,0,0,0,0,0x1001BFC0
1777262970.312,23251,4,6,GNSS,255,BROADCAST,0,HEARTBEAT,48,HEARTBEAT,0,0,0,0,0,0,0x1001BFC0
1777262970.312,23252,4,6,GNSS,1,CDH,10,HEALTH,1,HEALTH_0x01,0,0,0,0,1,1,0x1001804A
1777262970.312,23253,2,6,GNSS,1,CDH,4,TELEMETRY,2,TELEMETRY_0x02,0,0,0,0,0,0,0x08018044
1777262971.292,24249,4,6,GNSS,255,BROADCAST,0,HEARTBEAT,48,HEARTBEAT,0,0,0,0,0,0,0x1001BFC0
1777262972.291,25247,4,6,GNSS,255,BROADCAST,0,HEARTBEAT,48,HEARTBEAT,0,0,0,0,0,0,0x1001BFC0
1777262973.287,26244,4,6,GNSS,255,BROADCAST,0,HEARTBEAT,48,HEARTBEAT,0,0,0,0,0,0,0x1001BFC0
1777262974.308,27242,4,6,GNSS,255,BROADCAST,0,HEARTBEAT,48,HEARTBEAT,0,0,0,0,0,0,0x1001BFC0
1777262975.283,28239,4,6,GNSS,255,BROADCAST,0,HEARTBEAT,48,HEARTBEAT,0,0,0,0,0,0,0x1001BFC0
1777262975.283,28240,4,6,GNSS,1,CDH,10,HEALTH,1,HEALTH_0x01,0,0,0,0,1,1,0x1001804A
1777262975.283,28241,2,6,GNSS,1,CDH,4,TELEMETRY,2,TELEMETRY_0x02,0,0,0,0,0,0,0x08018044
1777262976.281,29237,4,6,GNSS,255,BROADCAST,0,HEARTBEAT,48,HEARTBEAT,0,0,0,0,0,0,0x1001BFC0
1777262977.278,30235,4,6,GNSS,255,BROADCAST,0,HEARTBEAT,48,HEARTBEAT,0,0,0,0,0,0,0x1001BFC0
1777262978.301,31232,4,6,GNSS,255,BROADCAST,0,HEARTBEAT,48,HEARTBEAT,0,0,0,0,0,0,0x1001BFC0
1777262979.272,32230,4,6,GNSS,255,BROADCAST,0,HEARTBEAT,48,HEARTBEAT,0,0,0,0,0,0,0x1001BFC0
1777262980.273,33227,4,6,GNSS,255,BROADCAST,0,HEARTBEAT,48,HEARTBEAT,0,0,0,0,0,0,0x1001BFC0
1777262980.273,33228,4,6,GNSS,1,CDH,10,HEALTH,1,HEALTH_0x01,0,0,0,0,1,1,0x1001804A
1777262980.273,33229,2,6,GNSS,1,CDH,4,TELEMETRY,2,TELEMETRY_0x02,0,0,0,0,0,0,0x08018044
1777262981.270,34226,4,6,GNSS,255,BROADCAST,0,HEARTBEAT,48,HEARTBEAT,0,0,0,0,0,0,0x1001BFC0
1777262982.297,35223,4,6,GNSS,255,BROADCAST,0,HEARTBEAT,48,HEARTBEAT,0,0,0,0,0,0,0x1001BFC0
1777262983.263,36221,4,6,GNSS,255,BROADCAST,0,HEARTBEAT,48,HEARTBEAT,0,0,0,0,0,0,0x1001BFC0
1777262984.262,37218,4,6,GNSS,255,BROADCAST,0,HEARTBEAT,48,HEARTBEAT,0,0,0,0,0,0,0x1001BFC0
1777262985.263,38215,4,6,GNSS,255,BROADCAST,0,HEARTBEAT,48,HEARTBEAT,0,0,0,0,0,0,0x1001BFC0
1777262985.263,38216,4,6,GNSS,1,CDH,10,HEALTH,1,HEALTH_0x01,0,0,0,0,1,1,0x1001804A
1777262985.263,38218,2,6,GNSS,1,CDH,4,TELEMETRY,2,TELEMETRY_0x02,0,0,0,0,0,0,0x08018044
1777262986.287,39214,4,6,GNSS,255,BROADCAST,0,HEARTBEAT,48,HEARTBEAT,0,0,0,0,0,0,0x1001BFC0
1777262987.254,40211,4,6,GNSS,255,BROADCAST,0,HEARTBEAT,48,HEARTBEAT,0,0,0,0,0,0,0x1001BFC0
1777262988.252,41209,4,6,GNSS,255,BROADCAST,0,HEARTBEAT,48,HEARTBEAT,0,0,0,0,0,0,0x1001BFC0
1777262988.063,42206,4,6,GNSS,255,BROADCAST,0,HEARTBEAT,48,HEARTBEAT,0,0,0,0,0,0,0x1001BFC0
1777262989.096,43204,4,6,GNSS,255,BROADCAST,0,HEARTBEAT,48,HEARTBEAT,0,0,0,0,0,0,0x1001BFC0
1777262989.096,43205,4,6,GNSS,1,CDH,10,HEALTH,1,HEALTH_0x01,0,0,0,0,1,1,0x1001804A
1777262989.096,43206,2,6,GNSS,1,CDH,4,TELEMETRY,2,TELEMETRY_0x02,0,0,0,0,0,0,0x08018044
1777262990.050,44202,4,6,GNSS,255,BROADCAST,0,HEARTBEAT,48,HEARTBEAT,0,0,0,0,0,0,0x1001BFC0
1777262991.042,45200,4,6,GNSS,255,BROADCAST,0,HEARTBEAT,48,HEARTBEAT,0,0,0,0,0,0,0x1001BFC0
1777262992.051,46197,4,6,GNSS,255,BROADCAST,0,HEARTBEAT,48,HEARTBEAT,0,0,0,0,0,0,0x1001BFC0
1777262993.073,47195,4,6,GNSS,255,BROADCAST,0,HEARTBEAT,48,HEARTBEAT,0,0,0,0,0,0,0x1001BFC0
