rx_wall_time,timestamp_ms,priority,src,src_name,dst,dst_name,cls,cls_name,opcode,opcode_name,p2,p3,p4,p5,p6,p7,can_id_hex
1777171483.084,433982,2,5,MOTOR,255,BROADCAST,4,TELEMETRY,80,0x50,1,0,0,0,0,0,0x08017FC4
1777171483.595,434478,2,5,MOTOR,255,BROADCAST,0,HEARTBEAT,48,HEARTBEAT,0,0,0,0,0,0,0x08017FC0
1777171483.595,434478,2,5,MOTOR,255,BROADCAST,10,HEALTH,48,HEARTBEAT,0,0,1,0,0,0,0x08017FCA
1777171483.595,434480,2,5,MOTOR,255,BROADCAST,4,TELEMETRY,80,0x50,1,0,0,0,0,0,0x08017FC4
1777171484.060,434973,2,5,MOTOR,255,BROADCAST,4,TELEMETRY,80,0x50,1,0,0,0,0,0,0x08017FC4
1777171484.555,435468,2,5,MOTOR,255,BROADCAST,10,HEALTH,48,HEARTBEAT,0,0,1,0,0,0,0x08017FCA
1777171484.556,435469,2,5,MOTOR,255,BROADCAST,0,HEARTBEAT,48,HEARTBEAT,0,1,0,0,0,0,0x08017FC0
1777171484.556,435471,2,5,MOTOR,255,BROADCAST,4,TELEMETRY,80,0x50,1,0,0,0,0,0,0x08017FC4
1777171485.051,435964,2,5,MOTOR,255,BROADCAST,4,TELEMETRY,80,0x50,1,0,0,0,0,0,0x08017FC4
1777171485.546,436459,2,5,MOTOR,255,BROADCAST,10,HEALTH,48,HEARTBEAT,0,0,1,0,0,0,0x08017FCA
1777171485.547,436460,2,5,MOTOR,255,BROADCAST,4,TELEMETRY,80,0x50,1,0,0,0,0,0,0x08017FC4
1777171485.548,436461,2,5,MOTOR,255,BROADCAST,0,HEARTBEAT,48,HEARTBEAT,0,2,0,0,0,0,0x08017FC0
1777171486.053,436954,2,5,MOTOR,255,BROADCAST,4,TELEMETRY,80,0x50,1,0,0,0,0,0,0x08017FC4
1777171486.561,437449,2,5,MOTOR,255,BROADCAST,10,HEALTH,48,HEARTBEAT,0,0,1,0,0,0,0x08017FCA
1777171486.561,437450,2,5,MOTOR,255,BROADCAST,4,TELEMETRY,80,0x50,1,0,0,0,0,0,0x08017FC4
1777171486.561,437452,2,5,MOTOR,255,BROADCAST,0,HEARTBEAT,48,HEARTBEAT,0,3,0,0,0,0,0x08017FC0
1777171487.031,437945,2,5,MOTOR,255,BROADCAST,4,TELEMETRY,80,0x50,1,0,0,0,0,0,0x08017FC4
1777171487.528,438441,2,5,MOTOR,255,BROADCAST,10,HEALTH,48,HEARTBEAT,0,0,1,0,0,0,0x08017FCA
1777171487.529,438442,2,5,MOTOR,255,BROADCAST,4,TELEMETRY,80,0x50,1,0,0,0,0,0,0x08017FC4
1777171487.530,438443,2,5,MOTOR,255,BROADCAST,0,HEARTBEAT,48,HEARTBEAT,0,4,0,0,0,0,0x08017FC0
1777171488.024,438936,2,5,MOTOR,255,BROADCAST,4,TELEMETRY,80,0x50,1,0,0,0,0,0,0x08017FC4
1777171488.519,439431,2,5,MOTOR,255,BROADCAST,10,HEALTH,48,HEARTBEAT,0,0,1,0,0,0,0x08017FCA
1777171488.520,439432,2,5,MOTOR,255,BROADCAST,4,TELEMETRY,80,0x50,1,0,0,0,0,0,0x08017FC4
1777171488.520,439434,2,5,MOTOR,255,BROADCAST,0,HEARTBEAT,48,HEARTBEAT,0,5,0,0,0,0,0x08017FC0
1777171489.022,439927,2,5,MOTOR,255,BROADCAST,4,TELEMETRY,80,0x50,1,0,0,0,0,0,0x08017FC4
1777171489.534,440422,2,5,MOTOR,255,BROADCAST,10,HEALTH,48,HEARTBEAT,0,0,1,0,0,0,0x08017FCA
1777171489.534,440423,2,5,MOTOR,255,BROADCAST,4,TELEMETRY,80,0x50,1,0,0,0,0,0,0x08017FC4
1777171489.534,440424,2,5,MOTOR,255,BROADCAST,0,HEARTBEAT,48,HEARTBEAT,0,6,0,0,0,0,0x08017FC0
1777171490.047,440917,2,5,MOTOR,255,BROADCAST,4,TELEMETRY,80,0x50,1,0,0,0,0,0,0x08017FC4
1777171490.500,441412,2,5,MOTOR,255,BROADCAST,10,HEALTH,48,HEARTBEAT,0,0,1,0,0,0,0x08017FCA
1777171490.500,441413,2,5,MOTOR,255,BROADCAST,4,TELEMETRY,80,0x50,1,0,0,0,0,0,0x08017FC4
1777171490.501,441415,2,5,MOTOR,255,BROADCAST,0,HEARTBEAT,48,HEARTBEAT,0,7,0,0,0,0,0x08017FC0
1777171490.994,441908,2,5,MOTOR,255,BROADCAST,4,TELEMETRY,80,0x50,1,0,0,0,0,0,0x08017FC4
1777171491.491,442404,2,5,MOTOR,255,BROADCAST,10,HEALTH,48,HEARTBEAT,0,0,1,0,0,0,0x08017FCA
1777171491.491,442405,2,5,MOTOR,255,BROADCAST,4,TELEMETRY,80,0x50,1,0,0,0,0,0,0x08017FC4
1777171491.493,442406,2,5,MOTOR,255,BROADCAST,0,HEARTBEAT,48,HEARTBEAT,0,8,0,0,0,0,0x08017FC0
1777171491.990,442899,2,5,MOTOR,255,BROADCAST,4,TELEMETRY,80,0x50,1,0,0,0,0,0,0x08017FC4
1777171492.502,443394,2,5,MOTOR,255,BROADCAST,10,HEALTH,48,HEARTBEAT,0,0,1,0,0,0,0x08017FCA
1777171492.502,443395,2,5,MOTOR,255,BROADCAST,4,TELEMETRY,80,0x50,1,0,0,0,0,0,0x08017FC4
1777171492.502,443396,2,5,MOTOR,255,BROADCAST,0,HEARTBEAT,48,HEARTBEAT,0,9,0,0,0,0,0x08017FC0
1777171493.016,443889,2,5,MOTOR,255,BROADCAST,4,TELEMETRY,80,0x50,1,0,0,0,0,0,0x08017FC4
1777171493.473,444384,2,5,MOTOR,255,BROADCAST,10,HEALTH,48,HEARTBEAT,0,0,1,0,0,0,0x08017FCA
1777171493.473,444385,2,5,MOTOR,255,BROADCAST,4,TELEMETRY,80,0x50,1,0,0,0,0,0,0x08017FC4
1777171493.473,444387,2,5,MOTOR,255,BROADCAST,0,HEARTBEAT,48,HEARTBEAT,0,10,0,0,0,0,0x08017FC0
1777171493.967,444880,2,5,MOTOR,255,BROADCAST,4,TELEMETRY,80,0x50,1,0,0,0,0,0,0x08017FC4
1777171494.463,445376,2,5,MOTOR,255,BROADCAST,10,HEALTH,48,HEARTBEAT,0,0,1,0,0,0,0x08017FCA
1777171494.464,445377,2,5,MOTOR,255,BROADCAST,4,TELEMETRY,80,0x50,1,0,0,0,0,0,0x08017FC4
1777171494.465,445378,2,5,MOTOR,255,BROADCAST,0,HEARTBEAT,48,HEARTBEAT,0,11,0,0,0,0,0x08017FC0
1777171494.959,445871,2,5,MOTOR,255,BROADCAST,4,TELEMETRY,80,0x50,1,0,0,0,0,0,0x08017FC4
1777171495.472,446367,2,5,MOTOR,255,BROADCAST,10,HEALTH,48,HEARTBEAT,0,0,1,0,0,0,0x08017FCA
1777171495.472,446368,2,5,MOTOR,255,BROADCAST,4,TELEMETRY,80,0x50,1,0,0,0,0,0,0x08017FC4
1777171495.472,446369,2,5,MOTOR,255,BROADCAST,0,HEARTBEAT,48,HEARTBEAT,0,12,0,0,0,0,0x08017FC0
1777171495.996,446862,2,5,MOTOR,255,BROADCAST,4,TELEMETRY,80,0x50,1,0,0,0,0,0,0x08017FC4
1777171496.444,447357,2,5,MOTOR,255,BROADCAST,10,HEALTH,48,HEARTBEAT,0,0,1,0,0,0,0x08017FCA
1777171496.445,447358,2,5,MOTOR,255,BROADCAST,4,TELEMETRY,80,0x50,1,0,0,0,0,0,0x08017FC4
1777171496.447,447360,2,5,MOTOR,255,BROADCAST,0,HEARTBEAT,48,HEARTBEAT,0,13,0,0,0,0,0x08017FC0
1777171496.942,447853,2,5,MOTOR,255,BROADCAST,4,TELEMETRY,80,0x50,1,0,0,0,0,0,0x08017FC4
1777171497.435,448348,2,5,MOTOR,255,BROADCAST,10,HEALTH,48,HEARTBEAT,0,0,1,0,0,0,0x08017FCA
1777171497.436,448349,2,5,MOTOR,255,BROADCAST,4,TELEMETRY,80,0x50,1,0,0,0,0,0,0x08017FC4
1777171497.437,448350,2,5,MOTOR,255,BROADCAST,0,HEARTBEAT,48,HEARTBEAT,0,14,0,0,0,0,0x08017FC0
1777171497.931,448843,2,5,MOTOR,255,BROADCAST,4,TELEMETRY,80,0x50,1,0,0,0,0,0,0x08017FC4
1777171498.444,449339,2,5,MOTOR,255,BROADCAST,10,HEALTH,48,HEARTBEAT,0,0,1,0,0,0,0x08017FCA
1777171498.444,449340,2,5,MOTOR,255,BROADCAST,4,TELEMETRY,80,0x50,1,0,0,0,0,0,0x08017FC4
1777171498.444,449341,2,5,MOTOR,255,BROADCAST,0,HEARTBEAT,48,HEARTBEAT,0,15,0,0,0,0,0x08017FC0
1777171498.951,449834,2,5,MOTOR,255,BROADCAST,4,TELEMETRY,80,0x50,1,0,0,0,0,0,0x08017FC4
1777171499.418,450330,2,5,MOTOR,255,BROADCAST,10,HEALTH,48,HEARTBEAT,0,0,1,0,0,0,0x08017FCA
1777171499.419,450332,2,5,MOTOR,255,BROADCAST,4,TELEMETRY,80,0x50,1,0,0,0,0,0,0x08017FC4
1777171499.420,450333,2,5,MOTOR,255,BROADCAST,0,HEARTBEAT,48,HEARTBEAT,0,16,0,0,0,0,0x08017FC0
1777171499.913,450826,2,5,MOTOR,255,BROADCAST,4,TELEMETRY,80,0x50,1,0,0,0,0,0,0x08017FC4
1777171500.408,451321,2,5,MOTOR,255,BROADCAST,10,HEALTH,48,HEARTBEAT,0,0,1,0,0,0,0x08017FCA
1777171500.408,451322,2,5,MOTOR,255,BROADCAST,4,TELEMETRY,80,0x50,1,0,0,0,0,0,0x08017FC4
1777171500.410,451323,2,5,MOTOR,255,BROADCAST,0,HEARTBEAT,48,HEARTBEAT,0,17,0,0,0,0,0x08017FC0
1777171500.903,451816,2,5,MOTOR,255,BROADCAST,4,TELEMETRY,80,0x50,1,0,0,0,0,0,0x08017FC4
1777171501.413,452311,2,5,MOTOR,255,BROADCAST,10,HEALTH,48,HEARTBEAT,0,0,1,0,0,0,0x08017FCA
1777171501.413,452312,2,5,MOTOR,255,BROADCAST,4,TELEMETRY,80,0x50,1,0,0,0,0,0,0x08017FC4
1777171501.413,452313,2,5,MOTOR,255,BROADCAST,0,HEARTBEAT,48,HEARTBEAT,0,18,0,0,0,0,0x08017FC0
1777171501.933,452806,2,5,MOTOR,255,BROADCAST,4,TELEMETRY,80,0x50,1,0,0,0,0,0,0x08017FC4
1777171502.390,453302,2,5,MOTOR,255,BROADCAST,10,HEALTH,48,HEARTBEAT,0,0,1,0,0,0,0x08017FCA
1777171502.391,453303,2,5,MOTOR,255,BROADCAST,4,TELEMETRY,80,0x50,1,0,0,0,0,0,0x08017FC4
1777171502.391,453305,2,5,MOTOR,255,BROADCAST,0,HEARTBEAT,48,HEARTBEAT,0,19,0,0,0,0,0x08017FC0
1777171502.885,453798,2,5,MOTOR,255,BROADCAST,4,TELEMETRY,80,0x50,1,0,0,0,0,0,0x08017FC4
1777171503.381,454294,2,5,MOTOR,255,BROADCAST,10,HEALTH,48,HEARTBEAT,0,0,1,0,0,0,0x08017FCA
1777171503.385,454295,2,5,MOTOR,255,BROADCAST,4,TELEMETRY,80,0x50,1,0,0,0,0,0,0x08017FC4
1777171503.385,454296,2,5,MOTOR,255,BROADCAST,0,HEARTBEAT,48,HEARTBEAT,0,20,0,0,0,0,0x08017FC0
1777171503.876,454789,2,5,MOTOR,255,BROADCAST,4,TELEMETRY,80,0x50,1,0,0,0,0,0,0x08017FC4
1777171504.487,455284,2,5,MOTOR,255,BROADCAST,10,HEALTH,48,HEARTBEAT,0,0,1,0,0,0,0x08017FCA
1777171504.487,455285,2,5,MOTOR,255,BROADCAST,4,TELEMETRY,80,0x50,1,0,0,0,0,0,0x08017FC4
1777171504.487,455286,2,5,MOTOR,255,BROADCAST,0,HEARTBEAT,48,HEARTBEAT,0,21,0,0,0,0,0x08017FC0
1777171504.905,455780,2,5,MOTOR,255,BROADCAST,4,TELEMETRY,80,0x50,1,0,0,0,0,0,0x08017FC4
1777171505.362,456275,2,5,MOTOR,255,BROADCAST,10,HEALTH,48,HEARTBEAT,0,0,1,0,0,0,0x08017FCA
1777171505.416,456276,2,5,MOTOR,255,BROADCAST,4,TELEMETRY,80,0x50,1,0,0,0,0,0,0x08017FC4
1777171505.416,456277,2,5,MOTOR,255,BROADCAST,0,HEARTBEAT,48,HEARTBEAT,0,22,0,0,0,0,0x08017FC0
1777171505.857,456770,2,5,MOTOR,255,BROADCAST,4,TELEMETRY,80,0x50,1,0,0,0,0,0,0x08017FC4
1777171506.355,457266,2,5,MOTOR,255,BROADCAST,10,HEALTH,48,HEARTBEAT,0,0,1,0,0,0,0x08017FCA
1777171506.355,457267,2,5,MOTOR,255,BROADCAST,4,TELEMETRY,80,0x50,1,0,0,0,0,0,0x08017FC4
1777171506.355,457268,2,5,MOTOR,255,BROADCAST,0,HEARTBEAT,48,HEARTBEAT,0,23,0,0,0,0,0x08017FC0
1777171506.848,457761,2,5,MOTOR,255,BROADCAST,4,TELEMETRY,80,0x50,1,0,0,0,0,0,0x08017FC4
1777171507.348,458257,2,5,MOTOR,255,BROADCAST,10,HEALTH,48,HEARTBEAT,0,0,1,0,0,0,0x08017FCA
1777171507.348,458258,2,5,MOTOR,255,BROADCAST,4,TELEMETRY,80,0x50,1,0,0,0,0,0,0x08017FC4
1777171507.348,458259,2,5,MOTOR,255,BROADCAST,0,HEARTBEAT,48,HEARTBEAT,0,24,0,0,0,0,0x08017FC0
1777171507.857,458752,2,5,MOTOR,255,BROADCAST,4,TELEMETRY,80,0x50,1,0,0,0,0,0,0x08017FC4
1777171508.371,459247,2,5,MOTOR,255,BROADCAST,10,HEALTH,48,HEARTBEAT,0,0,1,0,0,0,0x08017FCA
1777171508.371,459248,2,5,MOTOR,255,BROADCAST,4,TELEMETRY,80,0x50,1,0,0,0,0,0,0x08017FC4
1777171508.371,459250,2,5,MOTOR,255,BROADCAST,0,HEARTBEAT,48,HEARTBEAT,0,25,0,0,0,0,0x08017FC0
1777171508.830,459743,2,5,MOTOR,255,BROADCAST,4,TELEMETRY,80,0x50,1,0,0,0,0,0,0x08017FC4
1777171509.326,460237,2,5,MOTOR,255,BROADCAST,10,HEALTH,48,HEARTBEAT,0,0,1,0,0,0,0x08017FCA
1777171509.326,460238,2,5,MOTOR,255,BROADCAST,4,TELEMETRY,80,0x50,1,0,0,0,0,0,0x08017FC4
1777171509.326,460240,2,5,MOTOR,255,BROADCAST,0,HEARTBEAT,48,HEARTBEAT,0,26,0,0,0,0,0x08017FC0
1777171509.820,460733,2,5,MOTOR,255,BROADCAST,4,TELEMETRY,80,0x50,1,0,0,0,0,0,0x08017FC4
1777171510.324,461229,2,5,MOTOR,255,BROADCAST,10,HEALTH,48,HEARTBEAT,0,0,1,0,0,0,0x08017FCA
1777171510.324,461230,2,5,MOTOR,255,BROADCAST,4,TELEMETRY,80,0x50,1,0,0,0,0,0,0x08017FC4
1777171510.324,461231,2,5,MOTOR,255,BROADCAST,0,HEARTBEAT,48,HEARTBEAT,0,27,0,0,0,0,0x08017FC0
1777171510.823,461724,2,5,MOTOR,255,BROADCAST,4,TELEMETRY,80,0x50,1,0,0,0,0,0,0x08017FC4
1777171511.341,462220,2,5,MOTOR,255,BROADCAST,10,HEALTH,48,HEARTBEAT,0,0,1,0,0,0,0x08017FCA
1777171511.341,462221,2,5,MOTOR,255,BROADCAST,4,TELEMETRY,80,0x50,1,0,0,0,0,0,0x08017FC4
1777171511.341,462222,2,5,MOTOR,255,BROADCAST,0,HEARTBEAT,48,HEARTBEAT,0,28,0,0,0,0,0x08017FC0
1777171511.817,462715,2,5,MOTOR,255,BROADCAST,4,TELEMETRY,80,0x50,1,0,0,0,0,0,0x08017FC4
1777171512.298,463210,2,5,MOTOR,255,BROADCAST,10,HEALTH,48,HEARTBEAT,0,0,1,0,0,0,0x08017FCA
1777171512.298,463212,2,5,MOTOR,255,BROADCAST,4,TELEMETRY,80,0x50,1,0,0,0,0,0,0x08017FC4
1777171512.300,463213,2,5,MOTOR,255,BROADCAST,0,HEARTBEAT,48,HEARTBEAT,0,29,0,0,0,0,0x08017FC0
1777171512.793,463706,2,5,MOTOR,255,BROADCAST,4,TELEMETRY,80,0x50,1,0,0,0,0,0,0x08017FC4
1777171513.290,464201,2,5,MOTOR,255,BROADCAST,10,HEALTH,48,HEARTBEAT,0,0,1,0,0,0,0x08017FCA
1777171513.290,464202,2,5,MOTOR,255,BROADCAST,4,TELEMETRY,80,0x50,1,0,0,0,0,0,0x08017FC4
1777171513.290,464203,2,5,MOTOR,255,BROADCAST,0,HEARTBEAT,48,HEARTBEAT,0,30,0,0,0,0,0x08017FC0
1777171513.798,464696,2,5,MOTOR,255,BROADCAST,4,TELEMETRY,80,0x50,1,0,0,0,0,0,0x08017FC4
1777171514.308,465192,2,5,MOTOR,255,BROADCAST,10,HEALTH,48,HEARTBEAT,0,0,1,0,0,0,0x08017FCA
1777171514.308,465193,2,5,MOTOR,255,BROADCAST,4,TELEMETRY,80,0x50,1,0,0,0,0,0,0x08017FC4
1777171514.308,465194,2,5,MOTOR,255,BROADCAST,0,HEARTBEAT,48,HEARTBEAT,0,31,0,0,0,0,0x08017FC0
1777171514.775,465687,2,5,MOTOR,255,BROADCAST,4,TELEMETRY,80,0x50,1,0,0,0,0,0,0x08017FC4
1777171515.272,466183,2,5,MOTOR,255,BROADCAST,10,HEALTH,48,HEARTBEAT,0,0,1,0,0,0,0x08017FCA
1777171515.273,466184,2,5,MOTOR,255,BROADCAST,0,HEARTBEAT,48,HEARTBEAT,0,32,0,0,0,0,0x08017FC0
1777171515.273,466186,2,5,MOTOR,255,BROADCAST,4,TELEMETRY,80,0x50,1,0,0,0,0,0,0x08017FC4
1777171515.765,466678,2,5,MOTOR,255,BROADCAST,4,TELEMETRY,80,0x50,1,0,0,0,0,0,0x08017FC4
1777171516.263,467174,2,5,MOTOR,255,BROADCAST,10,HEALTH,48,HEARTBEAT,0,0,1,0,0,0,0x08017FCA
1777171516.263,467175,2,5,MOTOR,255,BROADCAST,4,TELEMETRY,80,0x50,1,0,0,0,0,0,0x08017FC4
1777171516.263,467176,2,5,MOTOR,255,BROADCAST,0,HEARTBEAT,48,HEARTBEAT,0,33,0,0,0,0,0x08017FC0
1777171516.774,467669,2,5,MOTOR,255,BROADCAST,4,TELEMETRY,80,0x50,1,0,0,0,0,0,0x08017FC4
1777171517.286,468164,2,5,MOTOR,255,BROADCAST,10,HEALTH,48,HEARTBEAT,0,0,1,0,0,0,0x08017FCA
1777171517.286,468165,2,5,MOTOR,255,BROADCAST,4,TELEMETRY,80,0x50,1,0,0,0,0,0,0x08017FC4
1777171517.286,468166,2,5,MOTOR,255,BROADCAST,0,HEARTBEAT,48,HEARTBEAT,0,34,0,0,0,0,0x08017FC0
1777171517.747,468659,2,5,MOTOR,255,BROADCAST,4,TELEMETRY,80,0x50,1,0,0,0,0,0,0x08017FC4
1777171518.243,469155,2,5,MOTOR,255,BROADCAST,10,HEALTH,48,HEARTBEAT,0,0,1,0,0,0,0x08017FCA
1777171518.243,469156,2,5,MOTOR,255,BROADCAST,4,TELEMETRY,80,0x50,1,0,0,0,0,0,0x08017FC4
1777171518.244,469157,2,5,MOTOR,255,BROADCAST,0,HEARTBEAT,48,HEARTBEAT,0,35,0,0,0,0,0x08017FC0
1777171518.737,469650,2,5,MOTOR,255,BROADCAST,4,TELEMETRY,80,0x50,1,0,0,0,0,0,0x08017FC4
1777171519.234,470146,2,5,MOTOR,255,BROADCAST,10,HEALTH,48,HEARTBEAT,0,0,1,0,0,0,0x08017FCA
1777171519.234,470147,2,5,MOTOR,255,BROADCAST,4,TELEMETRY,80,0x50,1,0,0,0,0,0,0x08017FC4
1777171519.236,470148,2,5,MOTOR,255,BROADCAST,0,HEARTBEAT,48,HEARTBEAT,0,36,0,0,0,0,0x08017FC0
1777171519.733,470641,2,5,MOTOR,255,BROADCAST,4,TELEMETRY,80,0x50,1,0,0,0,0,0,0x08017FC4
1777171520.258,471137,2,5,MOTOR,255,BROADCAST,10,HEALTH,48,HEARTBEAT,0,0,1,0,0,0,0x08017FCA
1777171520.258,471138,2,5,MOTOR,255,BROADCAST,4,TELEMETRY,80,0x50,1,0,0,0,0,0,0x08017FC4
1777171520.258,471139,2,5,MOTOR,255,BROADCAST,0,HEARTBEAT,48,HEARTBEAT,0,37,0,0,0,0,0x08017FC0
1777171520.720,471632,2,5,MOTOR,255,BROADCAST,4,TELEMETRY,80,0x50,1,0,0,0,0,0,0x08017FC4
1777171521.216,472127,2,5,MOTOR,255,BROADCAST,10,HEALTH,48,HEARTBEAT,0,0,1,0,0,0,0x08017FCA
1777171521.216,472129,2,5,MOTOR,255,BROADCAST,4,TELEMETRY,80,0x50,1,0,0,0,0,0,0x08017FC4
1777171521.217,472130,2,5,MOTOR,255,BROADCAST,0,HEARTBEAT,48,HEARTBEAT,0,38,0,0,0,0,0x08017FC0
1777171521.710,472623,2,5,MOTOR,255,BROADCAST,4,TELEMETRY,80,0x50,1,0,0,0,0,0,0x08017FC4
1777171522.204,473118,2,5,MOTOR,255,BROADCAST,10,HEALTH,48,HEARTBEAT,0,0,1,0,0,0,0x08017FCA
1777171522.206,473119,2,5,MOTOR,255,BROADCAST,4,TELEMETRY,80,0x50,1,0,0,0,0,0,0x08017FC4
1777171522.207,473120,2,5,MOTOR,255,BROADCAST,0,HEARTBEAT,48,HEARTBEAT,0,39,0,0,0,0,0x08017FC0
1777171522.707,473613,2,5,MOTOR,255,BROADCAST,4,TELEMETRY,80,0x50,1,0,0,0,0,0,0x08017FC4
1777171523.225,474109,2,5,MOTOR,255,BROADCAST,10,HEALTH,48,HEARTBEAT,0,0,1,0,0,0,0x08017FCA
1777171523.225,474110,2,5,MOTOR,255,BROADCAST,4,TELEMETRY,80,0x50,1,0,0,0,0,0,0x08017FC4
1777171523.225,474111,2,5,MOTOR,255,BROADCAST,0,HEARTBEAT,48,HEARTBEAT,0,40,0,0,0,0,0x08017FC0
1777171523.691,474604,2,5,MOTOR,255,BROADCAST,4,TELEMETRY,80,0x50,1,0,0,0,0,0,0x08017FC4
1777171524.189,475100,2,5,MOTOR,255,BROADCAST,10,HEALTH,48,HEARTBEAT,0,0,1,0,0,0,0x08017FCA
1777171524.189,475101,2,5,MOTOR,255,BROADCAST,4,TELEMETRY,80,0x50,1,0,0,0,0,0,0x08017FC4
1777171524.190,475103,2,5,MOTOR,255,BROADCAST,0,HEARTBEAT,48,HEARTBEAT,0,41,0,0,0,0,0x08017FC0
1777171524.684,475596,2,5,MOTOR,255,BROADCAST,4,TELEMETRY,80,0x50,1,0,0,0,0,0,0x08017FC4
1777171525.179,476091,2,5,MOTOR,255,BROADCAST,10,HEALTH,48,HEARTBEAT,0,0,1,0,0,0,0x08017FCA
1777171525.181,476092,2,5,MOTOR,255,BROADCAST,4,TELEMETRY,80,0x50,1,0,0,0,0,0,0x08017FC4
1777171525.181,476093,2,5,MOTOR,255,BROADCAST,0,HEARTBEAT,48,HEARTBEAT,0,42,0,0,0,0,0x08017FC0
1777171525.682,476586,2,5,MOTOR,255,BROADCAST,4,TELEMETRY,80,0x50,1,0,0,0,0,0,0x08017FC4
1777171526.200,477081,2,5,MOTOR,255,BROADCAST,10,HEALTH,48,HEARTBEAT,0,0,1,0,0,0,0x08017FCA
1777171526.200,477082,2,5,MOTOR,255,BROADCAST,4,TELEMETRY,80,0x50,1,0,0,0,0,0,0x08017FC4
1777171526.200,477083,2,5,MOTOR,255,BROADCAST,0,HEARTBEAT,48,HEARTBEAT,0,43,0,0,0,0,0x08017FC0
1777171526.708,477576,2,5,MOTOR,255,BROADCAST,4,TELEMETRY,80,0x50,1,0,0,0,0,0,0x08017FC4
1777171527.160,478072,2,5,MOTOR,255,BROADCAST,10,HEALTH,48,HEARTBEAT,0,0,1,0,0,0,0x08017FCA
1777171527.161,478073,2,5,MOTOR,255,BROADCAST,4,TELEMETRY,80,0x50,1,0,0,0,0,0,0x08017FC4
1777171527.162,478075,2,5,MOTOR,255,BROADCAST,0,HEARTBEAT,48,HEARTBEAT,0,44,0,0,0,0,0x08017FC0
1777171527.655,478568,2,5,MOTOR,255,BROADCAST,4,TELEMETRY,80,0x50,1,0,0,0,0,0,0x08017FC4
1777171528.152,479064,2,5,MOTOR,255,BROADCAST,10,HEALTH,48,HEARTBEAT,0,0,1,0,0,0,0x08017FCA
1777171528.152,479065,2,5,MOTOR,255,BROADCAST,0,HEARTBEAT,48,HEARTBEAT,0,45,0,0,0,0,0x08017FC0
1777171528.153,479066,2,5,MOTOR,255,BROADCAST,4,TELEMETRY,80,0x50,1,0,0,0,0,0,0x08017FC4
1777171528.647,479559,2,5,MOTOR,255,BROADCAST,4,TELEMETRY,80,0x50,1,0,0,0,0,0,0x08017FC4
1777171529.163,480054,2,5,MOTOR,255,BROADCAST,10,HEALTH,48,HEARTBEAT,0,0,1,0,0,0,0x08017FCA
1777171529.163,480055,2,5,MOTOR,255,BROADCAST,0,HEARTBEAT,48,HEARTBEAT,0,46,0,0,0,0,0x08017FC0
1777171529.163,480056,2,5,MOTOR,255,BROADCAST,4,TELEMETRY,80,0x50,1,0,0,0,0,0,0x08017FC4
1777171529.696,480552,2,5,MOTOR,255,BROADCAST,4,TELEMETRY,80,0x50,1,0,0,0,0,0,0x08017FC4
1777171530.132,481044,2,5,MOTOR,255,BROADCAST,10,HEALTH,48,HEARTBEAT,0,0,1,0,0,0,0x08017FCA
1777171530.133,481046,2,5,MOTOR,255,BROADCAST,0,HEARTBEAT,48,HEARTBEAT,0,47,0,0,0,0,0x08017FC0
1777171530.134,481047,2,5,MOTOR,255,BROADCAST,4,TELEMETRY,80,0x50,1,0,0,0,0,0,0x08017FC4
1777171530.630,481542,2,5,MOTOR,255,BROADCAST,4,TELEMETRY,80,0x50,1,0,0,0,0,0,0x08017FC4
1777171531.123,482035,2,5,MOTOR,255,BROADCAST,10,HEALTH,48,HEARTBEAT,0,0,1,0,0,0,0x08017FCA
1777171531.124,482036,2,5,MOTOR,255,BROADCAST,0,HEARTBEAT,48,HEARTBEAT,0,48,0,0,0,0,0x08017FC0
1777171531.124,482037,2,5,MOTOR,255,BROADCAST,4,TELEMETRY,80,0x50,1,0,0,0,0,0,0x08017FC4
1777171531.619,482532,2,5,MOTOR,255,BROADCAST,4,TELEMETRY,80,0x50,1,0,0,0,0,0,0x08017FC4
1777171532.132,483026,2,5,MOTOR,255,BROADCAST,10,HEALTH,48,HEARTBEAT,0,0,1,0,0,0,0x08017FCA
1777171532.132,483027,2,5,MOTOR,255,BROADCAST,0,HEARTBEAT,48,HEARTBEAT,0,49,0,0,0,0,0x08017FC0
1777171532.132,483028,2,5,MOTOR,255,BROADCAST,4,TELEMETRY,80,0x50,1,0,0,0,0,0,0x08017FC4
1777171532.643,483522,2,5,MOTOR,255,BROADCAST,4,TELEMETRY,80,0x50,1,0,0,0,0,0,0x08017FC4
1777171533.105,484016,2,5,MOTOR,255,BROADCAST,10,HEALTH,48,HEARTBEAT,0,0,1,0,0,0,0x08017FCA
1777171533.105,484017,2,5,MOTOR,255,BROADCAST,4,TELEMETRY,80,0x50,1,0,0,0,0,0,0x08017FC4
1777171533.105,484019,2,5,MOTOR,255,BROADCAST,0,HEARTBEAT,48,HEARTBEAT,0,50,0,0,0,0,0x08017FC0
1777171533.603,484513,2,5,MOTOR,255,BROADCAST,4,TELEMETRY,80,0x50,1,0,0,0,0,0,0x08017FC4
1777171534.094,485006,2,5,MOTOR,255,BROADCAST,10,HEALTH,48,HEARTBEAT,0,0,1,0,0,0,0x08017FCA
1777171534.096,485008,2,5,MOTOR,255,BROADCAST,0,HEARTBEAT,48,HEARTBEAT,0,51,0,0,0,0,0x08017FC0
1777171534.097,485009,2,5,MOTOR,255,BROADCAST,4,TELEMETRY,80,0x50,1,0,0,0,0,0,0x08017FC4
1777171534.596,485504,2,5,MOTOR,255,BROADCAST,4,TELEMETRY,80,0x50,1,0,0,0,0,0,0x08017FC4
1777171535.096,485996,2,5,MOTOR,255,BROADCAST,10,HEALTH,48,HEARTBEAT,0,0,1,0,0,0,0x08017FCA
1777171535.096,485999,2,5,MOTOR,255,BROADCAST,4,TELEMETRY,80,0x50,1,0,0,0,0,0,0x08017FC4
1777171535.096,486000,2,5,MOTOR,255,BROADCAST,0,HEARTBEAT,48,HEARTBEAT,0,52,0,0,0,0,0x08017FC0
1777171535.606,486494,2,5,MOTOR,255,BROADCAST,4,TELEMETRY,80,0x50,1,0,0,0,0,0,0x08017FC4
1777171536.076,486988,2,5,MOTOR,255,BROADCAST,10,HEALTH,48,HEARTBEAT,0,0,1,0,0,0,0x08017FCA
1777171536.076,486989,2,5,MOTOR,255,BROADCAST,4,TELEMETRY,80,0x50,1,0,0,0,0,0,0x08017FC4
1777171536.078,486990,2,5,MOTOR,255,BROADCAST,0,HEARTBEAT,48,HEARTBEAT,0,53,0,0,0,0,0x08017FC0
1777171536.573,487485,2,5,MOTOR,255,BROADCAST,4,TELEMETRY,80,0x50,1,0,0,0,0,0,0x08017FC4
1777171537.066,487978,2,5,MOTOR,255,BROADCAST,10,HEALTH,48,HEARTBEAT,0,0,1,0,0,0,0x08017FCA
1777171537.068,487981,2,5,MOTOR,255,BROADCAST,4,TELEMETRY,80,0x50,1,0,0,0,0,0,0x08017FC4
1777171537.069,487981,2,5,MOTOR,255,BROADCAST,0,HEARTBEAT,48,HEARTBEAT,0,54,0,0,0,0,0x08017FC0
1777171537.565,488477,2,5,MOTOR,255,BROADCAST,4,TELEMETRY,80,0x50,1,0,0,0,0,0,0x08017FC4
1777171538.067,488968,2,5,MOTOR,255,BROADCAST,10,HEALTH,48,HEARTBEAT,0,0,1,0,0,0,0x08017FCA
1777171538.067,488971,2,5,MOTOR,255,BROADCAST,0,HEARTBEAT,48,HEARTBEAT,0,55,0,0,0,0,0x08017FC0
1777171538.067,488972,2,5,MOTOR,255,BROADCAST,4,TELEMETRY,80,0x50,1,0,0,0,0,0,0x08017FC4
1777171538.579,489467,2,5,MOTOR,255,BROADCAST,4,TELEMETRY,80,0x50,1,0,0,0,0,0,0x08017FC4
1777171539.050,489960,2,5,MOTOR,255,BROADCAST,10,HEALTH,48,HEARTBEAT,0,0,1,0,0,0,0x08017FCA
1777171539.050,489962,2,5,MOTOR,255,BROADCAST,4,TELEMETRY,80,0x50,1,0,0,0,0,0,0x08017FC4
1777171539.050,489963,2,5,MOTOR,255,BROADCAST,0,HEARTBEAT,48,HEARTBEAT,0,56,0,0,0,0,0x08017FC0
1777171539.545,490457,2,5,MOTOR,255,BROADCAST,4,TELEMETRY,80,0x50,1,0,0,0,0,0,0x08017FC4
1777171540.041,490951,2,5,MOTOR,255,BROADCAST,10,HEALTH,48,HEARTBEAT,0,0,1,0,0,0,0x08017FCA
1777171540.041,490953,2,5,MOTOR,255,BROADCAST,4,TELEMETRY,80,0x50,1,0,0,0,0,0,0x08017FC4
1777171540.041,490954,2,5,MOTOR,255,BROADCAST,0,HEARTBEAT,48,HEARTBEAT,0,57,0,0,0,0,0x08017FC0
1777171540.536,491448,2,5,MOTOR,255,BROADCAST,4,TELEMETRY,80,0x50,1,0,0,0,0,0,0x08017FC4
1777171541.042,491941,2,5,MOTOR,255,BROADCAST,10,HEALTH,48,HEARTBEAT,0,0,1,0,0,0,0x08017FCA
1777171541.042,491944,2,5,MOTOR,255,BROADCAST,4,TELEMETRY,80,0x50,1,0,0,0,0,0,0x08017FC4
1777171541.042,491945,2,5,MOTOR,255,BROADCAST,0,HEARTBEAT,48,HEARTBEAT,0,58,0,0,0,0,0x08017FC0
1777171541.555,492440,2,5,MOTOR,255,BROADCAST,4,TELEMETRY,80,0x50,1,0,0,0,0,0,0x08017FC4
1777171542.019,492931,2,5,MOTOR,255,BROADCAST,10,HEALTH,48,HEARTBEAT,0,0,1,0,0,0,0x08017FCA
1777171542.022,492935,2,5,MOTOR,255,BROADCAST,0,HEARTBEAT,48,HEARTBEAT,0,59,0,0,0,0,0x08017FC0
1777171542.067,492936,2,5,MOTOR,255,BROADCAST,4,TELEMETRY,80,0x50,1,0,0,0,0,0,0x08017FC4
1777171542.518,493430,2,5,MOTOR,255,BROADCAST,4,TELEMETRY,80,0x50,1,0,0,0,0,0,0x08017FC4
1777171543.011,493923,2,5,MOTOR,255,BROADCAST,10,HEALTH,48,HEARTBEAT,0,0,1,0,0,0,0x08017FCA
1777171543.014,493925,2,5,MOTOR,255,BROADCAST,4,TELEMETRY,80,0x50,1,0,0,0,0,0,0x08017FC4
1777171543.014,493926,2,5,MOTOR,255,BROADCAST,0,HEARTBEAT,48,HEARTBEAT,0,60,0,0,0,0,0x08017FC0
1777171543.512,494420,2,5,MOTOR,255,BROADCAST,4,TELEMETRY,80,0x50,1,0,0,0,0,0,0x08017FC4
1777171544.015,494914,2,5,MOTOR,255,BROADCAST,10,HEALTH,48,HEARTBEAT,0,0,1,0,0,0,0x08017FCA
1777171544.015,494916,2,5,MOTOR,255,BROADCAST,4,TELEMETRY,80,0x50,1,0,0,0,0,0,0x08017FC4
1777171544.015,494917,2,5,MOTOR,255,BROADCAST,0,HEARTBEAT,48,HEARTBEAT,0,61,0,0,0,0,0x08017FC0
1777171544.515,495412,2,5,MOTOR,255,BROADCAST,4,TELEMETRY,80,0x50,1,0,0,0,0,0,0x08017FC4
1777171545.035,495905,2,5,MOTOR,255,BROADCAST,10,HEALTH,48,HEARTBEAT,0,0,1,0,0,0,0x08017FCA
1777171545.035,495907,2,5,MOTOR,255,BROADCAST,4,TELEMETRY,80,0x50,1,0,0,0,0,0,0x08017FC4
1777171545.035,495908,2,5,MOTOR,255,BROADCAST,0,HEARTBEAT,48,HEARTBEAT,0,62,0,0,0,0,0x08017FC0
1777171545.491,496403,2,5,MOTOR,255,BROADCAST,4,TELEMETRY,80,0x50,1,0,0,0,0,0,0x08017FC4
1777171545.999,496895,2,5,MOTOR,255,BROADCAST,10,HEALTH,48,HEARTBEAT,0,0,1,0,0,0,0x08017FCA
1777171545.999,496898,2,5,MOTOR,255,BROADCAST,0,HEARTBEAT,48,HEARTBEAT,0,63,0,0,0,0,0x08017FC0
1777171545.999,496899,2,5,MOTOR,255,BROADCAST,4,TELEMETRY,80,0x50,1,0,0,0,0,0,0x08017FC4
1777171546.482,497394,2,5,MOTOR,255,BROADCAST,4,TELEMETRY,80,0x50,1,0,0,0,0,0,0x08017FC4
1777171546.985,497886,2,5,MOTOR,255,BROADCAST,10,HEALTH,48,HEARTBEAT,0,0,1,0,0,0,0x08017FCA
1777171546.985,497889,2,5,MOTOR,255,BROADCAST,4,TELEMETRY,80,0x50,1,0,0,0,0,0,0x08017FC4
1777171546.985,497890,2,5,MOTOR,255,BROADCAST,0,HEARTBEAT,48,HEARTBEAT,0,64,0,0,0,0,0x08017FC0
1777171547.494,498384,2,5,MOTOR,255,BROADCAST,4,TELEMETRY,80,0x50,1,0,0,0,0,0,0x08017FC4
1777171547.993,498878,2,5,MOTOR,255,BROADCAST,10,HEALTH,48,HEARTBEAT,0,0,1,0,0,0,0x08017FCA
1777171547.993,498879,2,5,MOTOR,255,BROADCAST,4,TELEMETRY,80,0x50,1,0,0,0,0,0,0x08017FC4
1777171547.993,498880,2,5,MOTOR,255,BROADCAST,0,HEARTBEAT,48,HEARTBEAT,0,65,0,0,0,0,0x08017FC0
1777171548.464,499375,2,5,MOTOR,255,BROADCAST,4,TELEMETRY,80,0x50,1,0,0,0,0,0,0x08017FC4
1777171548.956,499868,2,5,MOTOR,255,BROADCAST,10,HEALTH,48,HEARTBEAT,0,0,1,0,0,0,0x08017FCA
1777171548.958,499871,2,5,MOTOR,255,BROADCAST,4,TELEMETRY,80,0x50,1,0,0,0,0,0,0x08017FC4
1777171548.959,499872,2,5,MOTOR,255,BROADCAST,0,HEARTBEAT,48,HEARTBEAT,0,66,0,0,0,0,0x08017FC0
1777171549.454,500367,2,5,MOTOR,255,BROADCAST,4,TELEMETRY,80,0x50,1,0,0,0,0,0,0x08017FC4
1777171549.951,500858,2,5,MOTOR,255,BROADCAST,10,HEALTH,48,HEARTBEAT,0,0,1,0,0,0,0x08017FCA
1777171549.951,500862,2,5,MOTOR,255,BROADCAST,0,HEARTBEAT,48,HEARTBEAT,0,67,0,0,0,0,0x08017FC0
1777171549.951,500863,2,5,MOTOR,255,BROADCAST,4,TELEMETRY,80,0x50,1,0,0,0,0,0,0x08017FC4
1777171550.458,501357,2,5,MOTOR,255,BROADCAST,4,TELEMETRY,80,0x50,1,0,0,0,0,0,0x08017FC4
1777171550.973,501850,2,5,MOTOR,255,BROADCAST,10,HEALTH,48,HEARTBEAT,0,0,1,0,0,0,0x08017FCA
1777171550.973,501852,2,5,MOTOR,255,BROADCAST,4,TELEMETRY,80,0x50,1,0,0,0,0,0,0x08017FC4
1777171550.973,501853,2,5,MOTOR,255,BROADCAST,0,HEARTBEAT,48,HEARTBEAT,0,68,0,0,0,0,0x08017FC0
1777171551.435,502347,2,5,MOTOR,255,BROADCAST,4,TELEMETRY,80,0x50,1,0,0,0,0,0,0x08017FC4
1777171551.929,502841,2,5,MOTOR,255,BROADCAST,10,HEALTH,48,HEARTBEAT,0,0,1,0,0,0,0x08017FCA
1777171551.931,502843,2,5,MOTOR,255,BROADCAST,4,TELEMETRY,80,0x50,1,0,0,0,0,0,0x08017FC4
1777171551.931,502844,2,5,MOTOR,255,BROADCAST,0,HEARTBEAT,48,HEARTBEAT,0,69,0,0,0,0,0x08017FC0
1777171552.427,503339,2,5,MOTOR,255,BROADCAST,4,TELEMETRY,80,0x50,1,0,0,0,0,0,0x08017FC4
1777171552.923,503832,2,5,MOTOR,255,BROADCAST,10,HEALTH,48,HEARTBEAT,0,0,1,0,0,0,0x08017FCA
1777171552.923,503834,2,5,MOTOR,255,BROADCAST,4,TELEMETRY,80,0x50,1,0,0,0,0,0,0x08017FC4
1777171552.923,503835,2,5,MOTOR,255,BROADCAST,0,HEARTBEAT,48,HEARTBEAT,0,70,0,0,0,0,0x08017FC0
1777171553.432,504330,2,5,MOTOR,255,BROADCAST,4,TELEMETRY,80,0x50,1,0,0,0,0,0,0x08017FC4
1777171553.937,504822,2,5,MOTOR,255,BROADCAST,10,HEALTH,48,HEARTBEAT,0,0,1,0,0,0,0x08017FCA
1777171553.937,504825,2,5,MOTOR,255,BROADCAST,0,HEARTBEAT,48,HEARTBEAT,0,71,0,0,0,0,0x08017FC0
1777171553.937,504826,2,5,MOTOR,255,BROADCAST,4,TELEMETRY,80,0x50,1,0,0,0,0,0,0x08017FC4
1777171554.409,505321,2,5,MOTOR,255,BROADCAST,4,TELEMETRY,80,0x50,1,0,0,0,0,0,0x08017FC4
1777171554.901,505813,2,5,MOTOR,255,BROADCAST,10,HEALTH,48,HEARTBEAT,0,0,1,0,0,0,0x08017FCA
1777171554.904,505816,2,5,MOTOR,255,BROADCAST,4,TELEMETRY,80,0x50,1,0,0,0,0,0,0x08017FC4
1777171554.904,505817,2,5,MOTOR,255,BROADCAST,0,HEARTBEAT,48,HEARTBEAT,0,72,0,0,0,0,0x08017FC0
1777171555.399,506311,2,5,MOTOR,255,BROADCAST,4,TELEMETRY,80,0x50,1,0,0,0,0,0,0x08017FC4
1777171555.893,506805,2,5,MOTOR,255,BROADCAST,10,HEALTH,48,HEARTBEAT,0,0,1,0,0,0,0x08017FCA
1777171555.894,506806,2,5,MOTOR,255,BROADCAST,4,TELEMETRY,80,0x50,1,0,0,0,0,0,0x08017FC4
1777171555.895,506807,2,5,MOTOR,255,BROADCAST,0,HEARTBEAT,48,HEARTBEAT,0,73,0,0,0,0,0x08017FC0
1777171556.391,507302,2,5,MOTOR,255,BROADCAST,4,TELEMETRY,80,0x50,1,0,0,0,0,0,0x08017FC4
1777171556.907,507795,2,5,MOTOR,255,BROADCAST,10,HEALTH,48,HEARTBEAT,0,0,1,0,0,0,0x08017FCA
1777171556.907,507798,2,5,MOTOR,255,BROADCAST,4,TELEMETRY,80,0x50,1,0,0,0,0,0,0x08017FC4
1777171556.907,507799,2,5,MOTOR,255,BROADCAST,0,HEARTBEAT,48,HEARTBEAT,0,74,0,0,0,0,0x08017FC0
1777171557.383,508294,2,5,MOTOR,255,BROADCAST,4,TELEMETRY,80,0x50,1,0,0,0,0,0,0x08017FC4
1777171557.874,508785,2,5,MOTOR,255,BROADCAST,10,HEALTH,48,HEARTBEAT,0,0,1,0,0,0,0x08017FCA
1777171557.878,508789,2,5,MOTOR,255,BROADCAST,0,HEARTBEAT,48,HEARTBEAT,0,75,0,0,0,0,0x08017FC0
1777171557.879,508790,2,5,MOTOR,255,BROADCAST,4,TELEMETRY,80,0x50,1,0,0,0,0,0,0x08017FC4
1777171558.372,509284,2,5,MOTOR,255,BROADCAST,4,TELEMETRY,80,0x50,1,0,0,0,0,0,0x08017FC4
1777171558.865,509777,2,5,MOTOR,255,BROADCAST,10,HEALTH,48,HEARTBEAT,0,0,1,0,0,0,0x08017FCA
1777171558.867,509779,2,5,MOTOR,255,BROADCAST,4,TELEMETRY,80,0x50,1,0,0,0,0,0,0x08017FC4
1777171558.868,509780,2,5,MOTOR,255,BROADCAST,0,HEARTBEAT,48,HEARTBEAT,0,76,0,0,0,0,0x08017FC0
1777171559.367,510274,2,5,MOTOR,255,BROADCAST,4,TELEMETRY,80,0x50,1,0,0,0,0,0,0x08017FC4
1777171559.888,510768,2,5,MOTOR,255,BROADCAST,10,HEALTH,48,HEARTBEAT,0,0,1,0,0,0,0x08017FCA
1777171559.888,510770,2,5,MOTOR,255,BROADCAST,4,TELEMETRY,80,0x50,1,0,0,0,0,0,0x08017FC4
1777171559.888,510771,2,5,MOTOR,255,BROADCAST,0,HEARTBEAT,48,HEARTBEAT,0,77,0,0,0,0,0x08017FC0
1777171560.395,511266,2,5,MOTOR,255,BROADCAST,4,TELEMETRY,80,0x50,1,0,0,0,0,0,0x08017FC4
1777171560.847,511758,2,5,MOTOR,255,BROADCAST,10,HEALTH,48,HEARTBEAT,0,0,1,0,0,0,0x08017FCA
1777171560.850,511761,2,5,MOTOR,255,BROADCAST,4,TELEMETRY,80,0x50,1,0,0,0,0,0,0x08017FC4
1777171560.850,511762,2,5,MOTOR,255,BROADCAST,0,HEARTBEAT,48,HEARTBEAT,0,78,0,0,0,0,0x08017FC0
1777171561.345,512257,2,5,MOTOR,255,BROADCAST,4,TELEMETRY,80,0x50,1,0,0,0,0,0,0x08017FC4
1777171561.837,512749,2,5,MOTOR,255,BROADCAST,10,HEALTH,48,HEARTBEAT,0,0,1,0,0,0,0x08017FCA
1777171561.841,512752,2,5,MOTOR,255,BROADCAST,0,HEARTBEAT,48,HEARTBEAT,0,79,0,0,0,0,0x08017FC0
1777171561.841,512753,2,5,MOTOR,255,BROADCAST,4,TELEMETRY,80,0x50,1,0,0,0,0,0,0x08017FC4
1777171562.343,513247,2,5,MOTOR,255,BROADCAST,4,TELEMETRY,80,0x50,1,0,0,0,0,0,0x08017FC4
1777171562.841,513740,2,5,MOTOR,255,BROADCAST,10,HEALTH,48,HEARTBEAT,0,0,1,0,0,0,0x08017FCA
1777171562.841,513743,2,5,MOTOR,255,BROADCAST,4,TELEMETRY,80,0x50,1,0,0,0,0,0,0x08017FC4
1777171562.841,513744,2,5,MOTOR,255,BROADCAST,0,HEARTBEAT,48,HEARTBEAT,0,80,0,0,0,0,0x08017FC0
1777171563.359,514238,2,5,MOTOR,255,BROADCAST,4,TELEMETRY,80,0x50,1,0,0,0,0,0,0x08017FC4
1777171563.820,514731,2,5,MOTOR,255,BROADCAST,10,HEALTH,48,HEARTBEAT,0,0,1,0,0,0,0x08017FCA
1777171563.821,514733,2,5,MOTOR,255,BROADCAST,4,TELEMETRY,80,0x50,1,0,0,0,0,0,0x08017FC4
1777171563.822,514734,2,5,MOTOR,255,BROADCAST,0,HEARTBEAT,48,HEARTBEAT,0,81,0,0,0,0,0x08017FC0
1777171564.318,515229,2,5,MOTOR,255,BROADCAST,4,TELEMETRY,80,0x50,1,0,0,0,0,0,0x08017FC4
1777171564.810,515722,2,5,MOTOR,255,BROADCAST,10,HEALTH,48,HEARTBEAT,0,0,1,0,0,0,0x08017FCA
1777171564.812,515724,2,5,MOTOR,255,BROADCAST,4,TELEMETRY,80,0x50,1,0,0,0,0,0,0x08017FC4
1777171564.813,515725,2,5,MOTOR,255,BROADCAST,0,HEARTBEAT,48,HEARTBEAT,0,82,0,0,0,0,0x08017FC0
1777171565.295,516220,2,5,MOTOR,255,BROADCAST,4,TELEMETRY,80,0x50,1,0,0,0,0,0,0x08017FC4
1777171565.826,516712,2,5,MOTOR,255,BROADCAST,10,HEALTH,48,HEARTBEAT,0,0,1,0,0,0,0x08017FCA
1777171565.826,516715,2,5,MOTOR,255,BROADCAST,0,HEARTBEAT,48,HEARTBEAT,0,83,0,0,0,0,0x08017FC0
1777171565.826,516716,2,5,MOTOR,255,BROADCAST,4,TELEMETRY,80,0x50,1,0,0,0,0,0,0x08017FC4
1777171566.331,517211,2,5,MOTOR,255,BROADCAST,4,TELEMETRY,80,0x50,1,0,0,0,0,0,0x08017FC4
1777171566.791,517704,2,5,MOTOR,255,BROADCAST,10,HEALTH,48,HEARTBEAT,0,0,1,0,0,0,0x08017FCA
1777171566.794,517706,2,5,MOTOR,255,BROADCAST,4,TELEMETRY,80,0x50,1,0,0,0,0,0,0x08017FC4
1777171566.795,517707,2,5,MOTOR,255,BROADCAST,0,HEARTBEAT,48,HEARTBEAT,0,84,0,0,0,0,0x08017FC0
1777171567.289,518201,2,5,MOTOR,255,BROADCAST,4,TELEMETRY,80,0x50,1,0,0,0,0,0,0x08017FC4
1777171567.783,518695,2,5,MOTOR,255,BROADCAST,10,HEALTH,48,HEARTBEAT,0,0,1,0,0,0,0x08017FCA
1777171567.784,518697,2,5,MOTOR,255,BROADCAST,4,TELEMETRY,80,0x50,1,0,0,0,0,0,0x08017FC4
1777171567.786,518698,2,5,MOTOR,255,BROADCAST,0,HEARTBEAT,48,HEARTBEAT,0,85,0,0,0,0,0x08017FC0
1777171568.282,519193,2,5,MOTOR,255,BROADCAST,4,TELEMETRY,80,0x50,1,0,0,0,0,0,0x08017FC4
1777171568.804,519686,2,5,MOTOR,255,BROADCAST,10,HEALTH,48,HEARTBEAT,0,0,1,0,0,0,0x08017FCA
1777171568.804,519688,2,5,MOTOR,255,BROADCAST,4,TELEMETRY,80,0x50,1,0,0,0,0,0,0x08017FC4
1777171568.804,519689,2,5,MOTOR,255,BROADCAST,0,HEARTBEAT,48,HEARTBEAT,0,86,0,0,0,0,0x08017FC0
1777171569.298,520184,2,5,MOTOR,255,BROADCAST,4,TELEMETRY,80,0x50,1,0,0,0,0,0,0x08017FC4
1777171569.764,520676,2,5,MOTOR,255,BROADCAST,10,HEALTH,48,HEARTBEAT,0,0,1,0,0,0,0x08017FCA
1777171569.768,520679,2,5,MOTOR,255,BROADCAST,0,HEARTBEAT,48,HEARTBEAT,0,87,0,0,0,0,0x08017FC0
1777171569.768,520680,2,5,MOTOR,255,BROADCAST,4,TELEMETRY,80,0x50,1,0,0,0,0,0,0x08017FC4
1777171570.266,521175,2,5,MOTOR,255,BROADCAST,4,TELEMETRY,80,0x50,1,0,0,0,0,0,0x08017FC4
1777171570.755,521667,2,5,MOTOR,255,BROADCAST,10,HEALTH,48,HEARTBEAT,0,0,1,0,0,0,0x08017FCA
1777171570.758,521670,2,5,MOTOR,255,BROADCAST,4,TELEMETRY,80,0x50,1,0,0,0,0,0,0x08017FC4
1777171570.759,521671,2,5,MOTOR,255,BROADCAST,0,HEARTBEAT,48,HEARTBEAT,0,88,0,0,0,0,0x08017FC0
1777171571.253,522165,2,5,MOTOR,255,BROADCAST,4,TELEMETRY,80,0x50,1,0,0,0,0,0,0x08017FC4
1777171571.766,522659,2,5,MOTOR,255,BROADCAST,10,HEALTH,48,HEARTBEAT,0,0,1,0,0,0,0x08017FCA
1777171571.766,522660,2,5,MOTOR,255,BROADCAST,4,TELEMETRY,80,0x50,1,0,0,0,0,0,0x08017FC4
1777171571.766,522662,2,5,MOTOR,255,BROADCAST,0,HEARTBEAT,48,HEARTBEAT,0,89,0,0,0,0,0x08017FC0
1777171572.269,523157,2,5,MOTOR,255,BROADCAST,4,TELEMETRY,80,0x50,1,0,0,0,0,0,0x08017FC4
1777171572.737,523649,2,5,MOTOR,255,BROADCAST,10,HEALTH,48,HEARTBEAT,0,0,1,0,0,0,0x08017FCA
1777171572.740,523652,2,5,MOTOR,255,BROADCAST,4,TELEMETRY,80,0x50,1,0,0,0,0,0,0x08017FC4
1777171572.741,523653,2,5,MOTOR,255,BROADCAST,0,HEARTBEAT,48,HEARTBEAT,0,90,0,0,0,0,0x08017FC0
1777171573.236,524148,2,5,MOTOR,255,BROADCAST,4,TELEMETRY,80,0x50,1,0,0,0,0,0,0x08017FC4
1777171573.728,524640,2,5,MOTOR,255,BROADCAST,10,HEALTH,48,HEARTBEAT,0,0,1,0,0,0,0x08017FCA
1777171573.731,524643,2,5,MOTOR,255,BROADCAST,0,HEARTBEAT,48,HEARTBEAT,0,91,0,0,0,0,0x08017FC0
1777171573.732,524644,2,5,MOTOR,255,BROADCAST,4,TELEMETRY,80,0x50,1,0,0,0,0,0,0x08017FC4
1777171574.226,525138,2,5,MOTOR,255,BROADCAST,4,TELEMETRY,80,0x50,1,0,0,0,0,0,0x08017FC4
1777171574.727,525631,2,5,MOTOR,255,BROADCAST,10,HEALTH,48,HEARTBEAT,0,0,1,0,0,0,0x08017FCA
1777171574.727,525634,2,5,MOTOR,255,BROADCAST,4,TELEMETRY,80,0x50,1,0,0,0,0,0,0x08017FC4
1777171574.727,525635,2,5,MOTOR,255,BROADCAST,0,HEARTBEAT,48,HEARTBEAT,0,92,0,0,0,0,0x08017FC0
1777171575.240,526129,2,5,MOTOR,255,BROADCAST,4,TELEMETRY,80,0x50,1,0,0,0,0,0,0x08017FC4
1777171575.711,526622,2,5,MOTOR,255,BROADCAST,10,HEALTH,48,HEARTBEAT,0,0,1,0,0,0,0x08017FCA
1777171575.757,526624,2,5,MOTOR,255,BROADCAST,4,TELEMETRY,80,0x50,1,0,0,0,0,0,0x08017FC4
1777171575.757,526625,2,5,MOTOR,255,BROADCAST,0,HEARTBEAT,48,HEARTBEAT,0,93,0,0,0,0,0x08017FC0
1777171576.209,527120,2,5,MOTOR,255,BROADCAST,4,TELEMETRY,80,0x50,1,0,0,0,0,0,0x08017FC4
1777171576.701,527613,2,5,MOTOR,255,BROADCAST,10,HEALTH,48,HEARTBEAT,0,0,1,0,0,0,0x08017FCA
1777171576.705,527615,2,5,MOTOR,255,BROADCAST,4,TELEMETRY,80,0x50,1,0,0,0,0,0,0x08017FC4
1777171576.705,527616,2,5,MOTOR,255,BROADCAST,0,HEARTBEAT,48,HEARTBEAT,0,94,0,0,0,0,0x08017FC0
1777171577.200,528111,2,5,MOTOR,255,BROADCAST,4,TELEMETRY,80,0x50,1,0,0,0,0,0,0x08017FC4
1777171577.699,528603,2,5,MOTOR,255,BROADCAST,10,HEALTH,48,HEARTBEAT,0,0,1,0,0,0,0x08017FCA
1777171577.699,528606,2,5,MOTOR,255,BROADCAST,0,HEARTBEAT,48,HEARTBEAT,0,95,0,0,0,0,0x08017FC0
1777171577.699,528607,2,5,MOTOR,255,BROADCAST,4,TELEMETRY,80,0x50,1,0,0,0,0,0,0x08017FC4
1777171578.221,529102,2,5,MOTOR,255,BROADCAST,4,TELEMETRY,80,0x50,1,0,0,0,0,0,0x08017FC4
1777171578.732,529595,2,5,MOTOR,255,BROADCAST,10,HEALTH,48,HEARTBEAT,0,0,1,0,0,0,0x08017FCA
1777171578.732,529597,2,5,MOTOR,255,BROADCAST,4,TELEMETRY,80,0x50,1,0,0,0,0,0,0x08017FC4
1777171578.732,529598,2,5,MOTOR,255,BROADCAST,0,HEARTBEAT,48,HEARTBEAT,0,96,0,0,0,0,0x08017FC0
1777171579.181,530092,2,5,MOTOR,255,BROADCAST,4,TELEMETRY,80,0x50,1,0,0,0,0,0,0x08017FC4
1777171579.676,530586,2,5,MOTOR,255,BROADCAST,10,HEALTH,48,HEARTBEAT,0,0,1,0,0,0,0x08017FCA
1777171579.676,530588,2,5,MOTOR,255,BROADCAST,4,TELEMETRY,80,0x50,1,0,0,0,0,0,0x08017FC4
1777171579.678,530589,2,5,MOTOR,255,BROADCAST,0,HEARTBEAT,48,HEARTBEAT,0,97,0,0,0,0,0x08017FC0
1777171580.172,531084,2,5,MOTOR,255,BROADCAST,4,TELEMETRY,80,0x50,1,0,0,0,0,0,0x08017FC4
1777171580.668,531577,2,5,MOTOR,255,BROADCAST,10,HEALTH,48,HEARTBEAT,0,0,1,0,0,0,0x08017FCA
1777171580.668,531579,2,5,MOTOR,255,BROADCAST,4,TELEMETRY,80,0x50,1,0,0,0,0,0,0x08017FC4
1777171580.668,531580,2,5,MOTOR,255,BROADCAST,0,HEARTBEAT,48,HEARTBEAT,0,98,0,0,0,0,0x08017FC0
1777171581.182,532075,2,5,MOTOR,255,BROADCAST,4,TELEMETRY,80,0x50,1,0,0,0,0,0,0x08017FC4
1777171581.698,532567,2,5,MOTOR,255,BROADCAST,10,HEALTH,48,HEARTBEAT,0,0,1,0,0,0,0x08017FCA
1777171581.698,532570,2,5,MOTOR,255,BROADCAST,0,HEARTBEAT,48,HEARTBEAT,0,99,0,0,0,0,0x08017FC0
1777171581.698,532571,2,5,MOTOR,255,BROADCAST,4,TELEMETRY,80,0x50,1,0,0,0,0,0,0x08017FC4
1777171582.154,533066,2,5,MOTOR,255,BROADCAST,4,TELEMETRY,80,0x50,1,0,0,0,0,0,0x08017FC4
1777171582.647,533558,2,5,MOTOR,255,BROADCAST,10,HEALTH,48,HEARTBEAT,0,0,1,0,0,0,0x08017FCA
1777171582.649,533561,2,5,MOTOR,255,BROADCAST,4,TELEMETRY,80,0x50,1,0,0,0,0,0,0x08017FC4
1777171582.650,533562,2,5,MOTOR,255,BROADCAST,0,HEARTBEAT,48,HEARTBEAT,0,100,0,0,0,0,0x08017FC0
1777171583.145,534056,2,5,MOTOR,255,BROADCAST,4,TELEMETRY,80,0x50,1,0,0,0,0,0,0x08017FC4
1777171583.642,534550,2,5,MOTOR,255,BROADCAST,10,HEALTH,48,HEARTBEAT,0,0,1,0,0,0,0x08017FCA
1777171583.642,534551,2,5,MOTOR,255,BROADCAST,4,TELEMETRY,80,0x50,1,0,0,0,0,0,0x08017FC4
1777171583.642,534553,2,5,MOTOR,255,BROADCAST,0,HEARTBEAT,48,HEARTBEAT,0,101,0,0,0,0,0x08017FC0
1777171584.156,535048,2,5,MOTOR,255,BROADCAST,4,TELEMETRY,80,0x50,1,0,0,0,0,0,0x08017FC4
1777171584.668,535540,2,5,MOTOR,255,BROADCAST,10,HEALTH,48,HEARTBEAT,0,0,1,0,0,0,0x08017FCA
1777171584.668,535543,2,5,MOTOR,255,BROADCAST,4,TELEMETRY,80,0x50,1,0,0,0,0,0,0x08017FC4
1777171584.668,535544,2,5,MOTOR,255,BROADCAST,0,HEARTBEAT,48,HEARTBEAT,0,102,0,0,0,0,0x08017FC0
1777171585.128,536039,2,5,MOTOR,255,BROADCAST,4,TELEMETRY,80,0x50,1,0,0,0,0,0,0x08017FC4
1777171585.619,536531,2,5,MOTOR,255,BROADCAST,10,HEALTH,48,HEARTBEAT,0,0,1,0,0,0,0x08017FCA
1777171585.626,536534,2,5,MOTOR,255,BROADCAST,0,HEARTBEAT,48,HEARTBEAT,0,103,0,0,0,0,0x08017FC0
1777171585.626,536535,2,5,MOTOR,255,BROADCAST,4,TELEMETRY,80,0x50,1,0,0,0,0,0,0x08017FC4
1777171586.119,537030,2,5,MOTOR,255,BROADCAST,4,TELEMETRY,80,0x50,1,0,0,0,0,0,0x08017FC4
1777171586.612,537522,2,5,MOTOR,255,BROADCAST,10,HEALTH,48,HEARTBEAT,0,0,1,0,0,0,0x08017FCA
1777171586.614,537525,2,5,MOTOR,255,BROADCAST,4,TELEMETRY,80,0x50,1,0,0,0,0,0,0x08017FC4
1777171586.615,537526,2,5,MOTOR,255,BROADCAST,0,HEARTBEAT,48,HEARTBEAT,0,104,0,0,0,0,0x08017FC0
1777171587.126,538020,2,5,MOTOR,255,BROADCAST,4,TELEMETRY,80,0x50,1,0,0,0,0,0,0x08017FC4
1777171587.637,538514,2,5,MOTOR,255,BROADCAST,10,HEALTH,48,HEARTBEAT,0,0,1,0,0,0,0x08017FCA
1777171587.637,538515,2,5,MOTOR,255,BROADCAST,4,TELEMETRY,80,0x50,1,0,0,0,0,0,0x08017FC4
1777171587.637,538516,2,5,MOTOR,255,BROADCAST,0,HEARTBEAT,48,HEARTBEAT,0,105,0,0,0,0,0x08017FC0
1777171588.100,539012,2,5,MOTOR,255,BROADCAST,4,TELEMETRY,80,0x50,1,0,0,0,0,0,0x08017FC4
1777171588.594,539504,2,5,MOTOR,255,BROADCAST,10,HEALTH,48,HEARTBEAT,0,0,1,0,0,0,0x08017FCA
1777171588.596,539507,2,5,MOTOR,255,BROADCAST,4,TELEMETRY,80,0x50,1,0,0,0,0,0,0x08017FC4
1777171588.596,539508,2,5,MOTOR,255,BROADCAST,0,HEARTBEAT,48,HEARTBEAT,0,106,0,0,0,0,0x08017FC0
1777171589.092,540003,2,5,MOTOR,255,BROADCAST,4,TELEMETRY,80,0x50,1,0,0,0,0,0,0x08017FC4
1777171589.584,540495,2,5,MOTOR,255,BROADCAST,10,HEALTH,48,HEARTBEAT,0,0,1,0,0,0,0x08017FCA
1777171589.588,540498,2,5,MOTOR,255,BROADCAST,0,HEARTBEAT,48,HEARTBEAT,0,107,0,0,0,0,0x08017FC0
1777171589.588,540499,2,5,MOTOR,255,BROADCAST,4,TELEMETRY,80,0x50,1,0,0,0,0,0,0x08017FC4
1777171590.083,540994,2,5,MOTOR,255,BROADCAST,4,TELEMETRY,80,0x50,1,0,0,0,0,0,0x08017FC4
1777171590.597,541486,2,5,MOTOR,255,BROADCAST,10,HEALTH,48,HEARTBEAT,0,0,1,0,0,0,0x08017FCA
1777171590.597,541489,2,5,MOTOR,255,BROADCAST,4,TELEMETRY,80,0x50,1,0,0,0,0,0,0x08017FC4
1777171590.597,541490,2,5,MOTOR,255,BROADCAST,0,HEARTBEAT,48,HEARTBEAT,0,108,0,0,0,0,0x08017FC0
1777171591.072,541984,2,5,MOTOR,255,BROADCAST,4,TELEMETRY,80,0x50,1,0,0,0,0,0,0x08017FC4
1777171591.567,542478,2,5,MOTOR,255,BROADCAST,10,HEALTH,48,HEARTBEAT,0,0,1,0,0,0,0x08017FCA
1777171591.568,542479,2,5,MOTOR,255,BROADCAST,4,TELEMETRY,80,0x50,1,0,0,0,0,0,0x08017FC4
1777171591.569,542481,2,5,MOTOR,255,BROADCAST,0,HEARTBEAT,48,HEARTBEAT,0,109,0,0,0,0,0x08017FC0
1777171592.066,542975,2,5,MOTOR,255,BROADCAST,4,TELEMETRY,80,0x50,1,0,0,0,0,0,0x08017FC4
1777171592.557,543468,2,5,MOTOR,255,BROADCAST,10,HEALTH,48,HEARTBEAT,0,0,1,0,0,0,0x08017FCA
1777171592.598,543471,2,5,MOTOR,255,BROADCAST,4,TELEMETRY,80,0x50,1,0,0,0,0,0,0x08017FC4
1777171592.598,543472,2,5,MOTOR,255,BROADCAST,0,HEARTBEAT,48,HEARTBEAT,0,110,0,0,0,0,0x08017FC0
1777171593.064,543967,2,5,MOTOR,255,BROADCAST,4,TELEMETRY,80,0x50,1,0,0,0,0,0,0x08017FC4
1777171593.582,544459,2,5,MOTOR,255,BROADCAST,10,HEALTH,48,HEARTBEAT,0,0,1,0,0,0,0x08017FCA
1777171593.582,544462,2,5,MOTOR,255,BROADCAST,0,HEARTBEAT,48,HEARTBEAT,0,111,0,0,0,0,0x08017FC0
1777171593.582,544463,2,5,MOTOR,255,BROADCAST,4,TELEMETRY,80,0x50,1,0,0,0,0,0,0x08017FC4
1777171594.141,544957,2,5,MOTOR,255,BROADCAST,4,TELEMETRY,80,0x50,1,0,0,0,0,0,0x08017FC4
1777171594.539,545450,2,5,MOTOR,255,BROADCAST,10,HEALTH,48,HEARTBEAT,0,0,1,0,0,0,0x08017FCA
1777171594.541,545453,2,5,MOTOR,255,BROADCAST,4,TELEMETRY,80,0x50,1,0,0,0,0,0,0x08017FC4
1777171594.542,545454,2,5,MOTOR,255,BROADCAST,0,HEARTBEAT,48,HEARTBEAT,0,112,0,0,0,0,0x08017FC0
1777171595.037,545948,2,5,MOTOR,255,BROADCAST,4,TELEMETRY,80,0x50,1,0,0,0,0,0,0x08017FC4
1777171595.534,546442,2,5,MOTOR,255,BROADCAST,10,HEALTH,48,HEARTBEAT,0,0,1,0,0,0,0x08017FCA
1777171595.534,546443,2,5,MOTOR,255,BROADCAST,4,TELEMETRY,80,0x50,1,0,0,0,0,0,0x08017FC4
1777171595.535,546444,2,5,MOTOR,255,BROADCAST,0,HEARTBEAT,48,HEARTBEAT,0,113,0,0,0,0,0x08017FC0
1777171596.035,546939,2,5,MOTOR,255,BROADCAST,4,TELEMETRY,80,0x50,1,0,0,0,0,0,0x08017FC4
1777171596.570,547432,2,5,MOTOR,255,BROADCAST,10,HEALTH,48,HEARTBEAT,0,0,1,0,0,0,0x08017FCA
1777171596.570,547435,2,5,MOTOR,255,BROADCAST,4,TELEMETRY,80,0x50,1,0,0,0,0,0,0x08017FC4
1777171596.570,547436,2,5,MOTOR,255,BROADCAST,0,HEARTBEAT,48,HEARTBEAT,0,114,0,0,0,0,0x08017FC0
1777171597.050,547931,2,5,MOTOR,255,BROADCAST,4,TELEMETRY,80,0x50,1,0,0,0,0,0,0x08017FC4
1777171597.512,548423,2,5,MOTOR,255,BROADCAST,10,HEALTH,48,HEARTBEAT,0,0,1,0,0,0,0x08017FCA
1777171597.515,548426,2,5,MOTOR,255,BROADCAST,0,HEARTBEAT,48,HEARTBEAT,0,115,0,0,0,0,0x08017FC0
1777171597.515,548427,2,5,MOTOR,255,BROADCAST,4,TELEMETRY,80,0x50,1,0,0,0,0,0,0x08017FC4
1777171598.010,548921,2,5,MOTOR,255,BROADCAST,4,TELEMETRY,80,0x50,1,0,0,0,0,0,0x08017FC4
1777171598.502,549414,2,5,MOTOR,255,BROADCAST,10,HEALTH,48,HEARTBEAT,0,0,1,0,0,0,0x08017FCA
1777171598.505,549417,2,5,MOTOR,255,BROADCAST,4,TELEMETRY,80,0x50,1,0,0,0,0,0,0x08017FC4
1777171598.506,549418,2,5,MOTOR,255,BROADCAST,0,HEARTBEAT,48,HEARTBEAT,0,116,0,0,0,0,0x08017FC0
1777171599.049,549912,2,5,MOTOR,255,BROADCAST,4,TELEMETRY,80,0x50,1,0,0,0,0,0,0x08017FC4
1777171599.519,550406,2,5,MOTOR,255,BROADCAST,10,HEALTH,48,HEARTBEAT,0,0,1,0,0,0,0x08017FCA
1777171599.519,550407,2,5,MOTOR,255,BROADCAST,4,TELEMETRY,80,0x50,1,0,0,0,0,0,0x08017FC4
1777171599.519,550408,2,5,MOTOR,255,BROADCAST,0,HEARTBEAT,48,HEARTBEAT,0,117,0,0,0,0,0x08017FC0
1777171600.014,550903,2,5,MOTOR,255,BROADCAST,4,TELEMETRY,80,0x50,1,0,0,0,0,0,0x08017FC4
1777171600.485,551396,2,5,MOTOR,255,BROADCAST,10,HEALTH,48,HEARTBEAT,0,0,1,0,0,0,0x08017FCA
1777171600.487,551399,2,5,MOTOR,255,BROADCAST,4,TELEMETRY,80,0x50,1,0,0,0,0,0,0x08017FC4
1777171600.488,551400,2,5,MOTOR,255,BROADCAST,0,HEARTBEAT,48,HEARTBEAT,0,118,0,0,0,0,0x08017FC0
1777171600.990,551895,2,5,MOTOR,255,BROADCAST,4,TELEMETRY,80,0x50,1,0,0,0,0,0,0x08017FC4
1777171601.475,552386,2,5,MOTOR,255,BROADCAST,10,HEALTH,48,HEARTBEAT,0,0,1,0,0,0,0x08017FCA
1777171601.478,552389,2,5,MOTOR,255,BROADCAST,0,HEARTBEAT,48,HEARTBEAT,0,119,0,0,0,0,0x08017FC0
1777171601.478,552390,2,5,MOTOR,255,BROADCAST,4,TELEMETRY,80,0x50,1,0,0,0,0,0,0x08017FC4
1777171601.973,552885,2,5,MOTOR,255,BROADCAST,4,TELEMETRY,80,0x50,1,0,0,0,0,0,0x08017FC4
1777171602.488,553378,2,5,MOTOR,255,BROADCAST,10,HEALTH,48,HEARTBEAT,0,0,1,0,0,0,0x08017FCA
1777171602.488,553380,2,5,MOTOR,255,BROADCAST,4,TELEMETRY,80,0x50,1,0,0,0,0,0,0x08017FC4
1777171602.488,553381,2,5,MOTOR,255,BROADCAST,0,HEARTBEAT,48,HEARTBEAT,0,120,0,0,0,0,0x08017FC0
1777171602.999,553875,2,5,MOTOR,255,BROADCAST,4,TELEMETRY,80,0x50,1,0,0,0,0,0,0x08017FC4
1777171603.459,554369,2,5,MOTOR,255,BROADCAST,10,HEALTH,48,HEARTBEAT,0,0,1,0,0,0,0x08017FCA
1777171603.459,554370,2,5,MOTOR,255,BROADCAST,4,TELEMETRY,80,0x50,1,0,0,0,0,0,0x08017FC4
1777171603.461,554371,2,5,MOTOR,255,BROADCAST,0,HEARTBEAT,48,HEARTBEAT,0,121,0,0,0,0,0x08017FC0
1777171603.955,554867,2,5,MOTOR,255,BROADCAST,4,TELEMETRY,80,0x50,1,0,0,0,0,0,0x08017FC4
1777171604.448,555359,2,5,MOTOR,255,BROADCAST,10,HEALTH,48,HEARTBEAT,0,0,1,0,0,0,0x08017FCA
1777171604.451,555362,2,5,MOTOR,255,BROADCAST,4,TELEMETRY,80,0x50,1,0,0,0,0,0,0x08017FC4
1777171604.451,555363,2,5,MOTOR,255,BROADCAST,0,HEARTBEAT,48,HEARTBEAT,0,122,0,0,0,0,0x08017FC0
1777171604.991,555858,2,5,MOTOR,255,BROADCAST,4,TELEMETRY,80,0x50,1,0,0,0,0,0,0x08017FC4
1777171605.455,556350,2,5,MOTOR,255,BROADCAST,10,HEALTH,48,HEARTBEAT,0,0,1,0,0,0,0x08017FCA
1777171605.455,556353,2,5,MOTOR,255,BROADCAST,0,HEARTBEAT,48,HEARTBEAT,0,123,0,0,0,0,0x08017FC0
1777171605.455,556354,2,5,MOTOR,255,BROADCAST,4,TELEMETRY,80,0x50,1,0,0,0,0,0,0x08017FC4
1777171605.972,556848,2,5,MOTOR,255,BROADCAST,4,TELEMETRY,80,0x50,1,0,0,0,0,0,0x08017FC4
1777171606.430,557341,2,5,MOTOR,255,BROADCAST,10,HEALTH,48,HEARTBEAT,0,0,1,0,0,0,0x08017FCA
1777171606.432,557343,2,5,MOTOR,255,BROADCAST,4,TELEMETRY,80,0x50,1,0,0,0,0,0,0x08017FC4
1777171606.433,557344,2,5,MOTOR,255,BROADCAST,0,HEARTBEAT,48,HEARTBEAT,0,124,0,0,0,0,0x08017FC0
1777171606.927,557838,2,5,MOTOR,255,BROADCAST,4,TELEMETRY,80,0x50,1,0,0,0,0,0,0x08017FC4
1777171607.424,558332,2,5,MOTOR,255,BROADCAST,10,HEALTH,48,HEARTBEAT,0,0,1,0,0,0,0x08017FCA
1777171607.424,558334,2,5,MOTOR,255,BROADCAST,4,TELEMETRY,80,0x50,1,0,0,0,0,0,0x08017FC4
1777171607.424,558335,2,5,MOTOR,255,BROADCAST,0,HEARTBEAT,48,HEARTBEAT,0,125,0,0,0,0,0x08017FC0
1777171607.918,558830,2,5,MOTOR,255,BROADCAST,4,TELEMETRY,80,0x50,1,0,0,0,0,0,0x08017FC4
1777171608.425,559323,2,5,MOTOR,255,BROADCAST,10,HEALTH,48,HEARTBEAT,0,0,1,0,0,0,0x08017FCA
1777171608.425,559325,2,5,MOTOR,255,BROADCAST,4,TELEMETRY,80,0x50,1,0,0,0,0,0,0x08017FC4
1777171608.425,559326,2,5,MOTOR,255,BROADCAST,0,HEARTBEAT,48,HEARTBEAT,0,126,0,0,0,0,0x08017FC0
1777171608.932,559821,2,5,MOTOR,255,BROADCAST,4,TELEMETRY,80,0x50,1,0,0,0,0,0,0x08017FC4
1777171609.402,560313,2,5,MOTOR,255,BROADCAST,10,HEALTH,48,HEARTBEAT,0,0,1,0,0,0,0x08017FCA
1777171609.444,560316,2,5,MOTOR,255,BROADCAST,0,HEARTBEAT,48,HEARTBEAT,0,127,0,0,0,0,0x08017FC0
1777171609.444,560317,2,5,MOTOR,255,BROADCAST,4,TELEMETRY,80,0x50,1,0,0,0,0,0,0x08017FC4
1777171609.900,560811,2,5,MOTOR,255,BROADCAST,4,TELEMETRY,80,0x50,1,0,0,0,0,0,0x08017FC4
1777171610.393,561304,2,5,MOTOR,255,BROADCAST,10,HEALTH,48,HEARTBEAT,0,0,1,0,0,0,0x08017FCA
1777171610.396,561307,2,5,MOTOR,255,BROADCAST,4,TELEMETRY,80,0x50,1,0,0,0,0,0,0x08017FC4
1777171610.396,561308,2,5,MOTOR,255,BROADCAST,0,HEARTBEAT,48,HEARTBEAT,0,128,0,0,0,0,0x08017FC0
1777171610.891,561802,2,5,MOTOR,255,BROADCAST,4,TELEMETRY,80,0x50,1,0,0,0,0,0,0x08017FC4
1777171611.387,562296,2,5,MOTOR,255,BROADCAST,10,HEALTH,48,HEARTBEAT,0,0,1,0,0,0,0x08017FCA
1777171611.387,562297,2,5,MOTOR,255,BROADCAST,4,TELEMETRY,80,0x50,1,0,0,0,0,0,0x08017FC4
1777171611.387,562298,2,5,MOTOR,255,BROADCAST,0,HEARTBEAT,48,HEARTBEAT,0,129,0,0,0,0,0x08017FC0
1777171611.897,562794,2,5,MOTOR,255,BROADCAST,4,TELEMETRY,80,0x50,1,0,0,0,0,0,0x08017FC4
1777171612.416,563286,2,5,MOTOR,255,BROADCAST,10,HEALTH,48,HEARTBEAT,0,0,1,0,0,0,0x08017FCA
1777171612.416,563289,2,5,MOTOR,255,BROADCAST,0,HEARTBEAT,48,HEARTBEAT,0,130,0,0,0,0,0x08017FC0
1777171612.416,563290,2,5,MOTOR,255,BROADCAST,4,TELEMETRY,80,0x50,1,0,0,0,0,0,0x08017FC4
1777171612.873,563784,2,5,MOTOR,255,BROADCAST,4,TELEMETRY,80,0x50,1,0,0,0,0,0,0x08017FC4
1777171613.367,564277,2,5,MOTOR,255,BROADCAST,10,HEALTH,48,HEARTBEAT,0,0,1,0,0,0,0x08017FCA
1777171613.375,564279,2,5,MOTOR,255,BROADCAST,4,TELEMETRY,80,0x50,1,0,0,0,0,0,0x08017FC4
1777171613.375,564280,2,5,MOTOR,255,BROADCAST,0,HEARTBEAT,48,HEARTBEAT,0,131,0,0,0,0,0x08017FC0
1777171613.864,564775,2,5,MOTOR,255,BROADCAST,4,TELEMETRY,80,0x50,1,0,0,0,0,0,0x08017FC4
1777171614.364,565267,2,5,MOTOR,255,BROADCAST,10,HEALTH,48,HEARTBEAT,0,0,1,0,0,0,0x08017FCA
1777171614.364,565270,2,5,MOTOR,255,BROADCAST,0,HEARTBEAT,48,HEARTBEAT,0,132,0,0,0,0,0x08017FC0
1777171614.364,565271,2,5,MOTOR,255,BROADCAST,4,TELEMETRY,80,0x50,1,0,0,0,0,0,0x08017FC4
1777171614.876,565766,2,5,MOTOR,255,BROADCAST,4,TELEMETRY,80,0x50,1,0,0,0,0,0,0x08017FC4
1777171615.380,566257,2,5,MOTOR,255,BROADCAST,10,HEALTH,48,HEARTBEAT,0,0,1,0,0,0,0x08017FCA
1777171615.380,566261,2,5,MOTOR,255,BROADCAST,4,TELEMETRY,80,0x50,1,0,0,0,0,0,0x08017FC4
1777171615.380,566262,2,5,MOTOR,255,BROADCAST,0,HEARTBEAT,48,HEARTBEAT,0,133,0,0,0,0,0x08017FC0
1777171615.845,566756,2,5,MOTOR,255,BROADCAST,4,TELEMETRY,80,0x50,1,0,0,0,0,0,0x08017FC4
1777171616.337,567249,2,5,MOTOR,255,BROADCAST,10,HEALTH,48,HEARTBEAT,0,0,1,0,0,0,0x08017FCA
1777171616.340,567251,2,5,MOTOR,255,BROADCAST,4,TELEMETRY,80,0x50,1,0,0,0,0,0,0x08017FC4
1777171616.341,567252,2,5,MOTOR,255,BROADCAST,0,HEARTBEAT,48,HEARTBEAT,0,134,0,0,0,0,0x08017FC0
1777171616.835,567746,2,5,MOTOR,255,BROADCAST,4,TELEMETRY,80,0x50,1,0,0,0,0,0,0x08017FC4
1777171617.349,568239,2,5,MOTOR,255,BROADCAST,10,HEALTH,48,HEARTBEAT,0,0,1,0,0,0,0x08017FCA
1777171617.349,568241,2,5,MOTOR,255,BROADCAST,4,TELEMETRY,80,0x50,1,0,0,0,0,0,0x08017FC4
1777171617.349,568243,2,5,MOTOR,255,BROADCAST,0,HEARTBEAT,48,HEARTBEAT,0,135,0,0,0,0,0x08017FC0
1777171617.834,568737,2,5,MOTOR,255,BROADCAST,4,TELEMETRY,80,0x50,1,0,0,0,0,0,0x08017FC4
1777171618.352,569229,2,5,MOTOR,255,BROADCAST,10,HEALTH,48,HEARTBEAT,0,0,1,0,0,0,0x08017FCA
1777171618.352,569233,2,5,MOTOR,255,BROADCAST,4,TELEMETRY,80,0x50,1,0,0,0,0,0,0x08017FC4
1777171618.352,569234,2,5,MOTOR,255,BROADCAST,0,HEARTBEAT,48,HEARTBEAT,0,136,0,0,0,0,0x08017FC0
1777171618.817,569728,2,5,MOTOR,255,BROADCAST,4,TELEMETRY,80,0x50,1,0,0,0,0,0,0x08017FC4
1777171619.309,570220,2,5,MOTOR,255,BROADCAST,10,HEALTH,48,HEARTBEAT,0,0,1,0,0,0,0x08017FCA
1777171619.313,570223,2,5,MOTOR,255,BROADCAST,4,TELEMETRY,80,0x50,1,0,0,0,0,0,0x08017FC4
1777171619.313,570224,2,5,MOTOR,255,BROADCAST,0,HEARTBEAT,48,HEARTBEAT,0,137,0,0,0,0,0x08017FC0
1777171619.807,570718,2,5,MOTOR,255,BROADCAST,4,TELEMETRY,80,0x50,1,0,0,0,0,0,0x08017FC4
1777171620.304,571212,2,5,MOTOR,255,BROADCAST,10,HEALTH,48,HEARTBEAT,0,0,1,0,0,0,0x08017FCA
1777171620.304,571213,2,5,MOTOR,255,BROADCAST,4,TELEMETRY,80,0x50,1,0,0,0,0,0,0x08017FC4
1777171620.304,571215,2,5,MOTOR,255,BROADCAST,0,HEARTBEAT,48,HEARTBEAT,0,138,0,0,0,0,0x08017FC0
1777171620.809,571709,2,5,MOTOR,255,BROADCAST,4,TELEMETRY,80,0x50,1,0,0,0,0,0,0x08017FC4
1777171621.326,572202,2,5,MOTOR,255,BROADCAST,10,HEALTH,48,HEARTBEAT,0,0,1,0,0,0,0x08017FCA
1777171621.326,572204,2,5,MOTOR,255,BROADCAST,4,TELEMETRY,80,0x50,1,0,0,0,0,0,0x08017FC4
1777171621.326,572206,2,5,MOTOR,255,BROADCAST,0,HEARTBEAT,48,HEARTBEAT,0,139,0,0,0,0,0x08017FC0
1777171621.790,572701,2,5,MOTOR,255,BROADCAST,4,TELEMETRY,80,0x50,1,0,0,0,0,0,0x08017FC4
1777171622.284,573192,2,5,MOTOR,255,BROADCAST,10,HEALTH,48,HEARTBEAT,0,0,1,0,0,0,0x08017FCA
1777171622.285,573196,2,5,MOTOR,255,BROADCAST,4,TELEMETRY,80,0x50,1,0,0,0,0,0,0x08017FC4
1777171622.286,573197,2,5,MOTOR,255,BROADCAST,0,HEARTBEAT,48,HEARTBEAT,0,140,0,0,0,0,0x08017FC0
1777171622.780,573691,2,5,MOTOR,255,BROADCAST,4,TELEMETRY,80,0x50,1,0,0,0,0,0,0x08017FC4
1777171623.274,574184,2,5,MOTOR,255,BROADCAST,10,HEALTH,48,HEARTBEAT,0,0,1,0,0,0,0x08017FCA
1777171623.275,574186,2,5,MOTOR,255,BROADCAST,4,TELEMETRY,80,0x50,1,0,0,0,0,0,0x08017FC4
1777171623.276,574187,2,5,MOTOR,255,BROADCAST,0,HEARTBEAT,48,HEARTBEAT,0,141,0,0,0,0,0x08017FC0
1777171623.789,574681,2,5,MOTOR,255,BROADCAST,4,TELEMETRY,80,0x50,1,0,0,0,0,0,0x08017FC4
1777171624.299,575175,2,5,MOTOR,255,BROADCAST,10,HEALTH,48,HEARTBEAT,0,0,1,0,0,0,0x08017FCA
1777171624.299,575177,2,5,MOTOR,255,BROADCAST,4,TELEMETRY,80,0x50,1,0,0,0,0,0,0x08017FC4
1777171624.299,575178,2,5,MOTOR,255,BROADCAST,0,HEARTBEAT,48,HEARTBEAT,0,142,0,0,0,0,0x08017FC0
1777171624.762,575673,2,5,MOTOR,255,BROADCAST,4,TELEMETRY,80,0x50,1,0,0,0,0,0,0x08017FC4
1777171625.254,576165,2,5,MOTOR,255,BROADCAST,10,HEALTH,48,HEARTBEAT,0,0,1,0,0,0,0x08017FCA
1777171625.257,576168,2,5,MOTOR,255,BROADCAST,4,TELEMETRY,80,0x50,1,0,0,0,0,0,0x08017FC4
1777171625.258,576169,2,5,MOTOR,255,BROADCAST,0,HEARTBEAT,48,HEARTBEAT,0,143,0,0,0,0,0x08017FC0
1777171625.753,576664,2,5,MOTOR,255,BROADCAST,4,TELEMETRY,80,0x50,1,0,0,0,0,0,0x08017FC4
1777171626.245,577156,2,5,MOTOR,255,BROADCAST,10,HEALTH,48,HEARTBEAT,0,0,1,0,0,0,0x08017FCA
1777171626.248,577159,2,5,MOTOR,255,BROADCAST,4,TELEMETRY,80,0x50,1,0,0,0,0,0,0x08017FC4
1777171626.249,577160,2,5,MOTOR,255,BROADCAST,0,HEARTBEAT,48,HEARTBEAT,0,144,0,0,0,0,0x08017FC0
1777171626.747,577654,2,5,MOTOR,255,BROADCAST,4,TELEMETRY,80,0x50,1,0,0,0,0,0,0x08017FC4
1777171627.261,578147,2,5,MOTOR,255,BROADCAST,10,HEALTH,48,HEARTBEAT,0,0,1,0,0,0,0x08017FCA
1777171627.261,578150,2,5,MOTOR,255,BROADCAST,4,TELEMETRY,80,0x50,1,0,0,0,0,0,0x08017FC4
1777171627.261,578151,2,5,MOTOR,255,BROADCAST,0,HEARTBEAT,48,HEARTBEAT,0,145,0,0,0,0,0x08017FC0
1777171627.734,578645,2,5,MOTOR,255,BROADCAST,4,TELEMETRY,80,0x50,1,0,0,0,0,0,0x08017FC4
1777171628.228,579139,2,5,MOTOR,255,BROADCAST,10,HEALTH,48,HEARTBEAT,0,0,1,0,0,0,0x08017FCA
1777171628.229,579140,2,5,MOTOR,255,BROADCAST,4,TELEMETRY,80,0x50,1,0,0,0,0,0,0x08017FC4
1777171628.230,579141,2,5,MOTOR,255,BROADCAST,0,HEARTBEAT,48,HEARTBEAT,0,146,0,0,0,0,0x08017FC0
1777171628.726,579636,2,5,MOTOR,255,BROADCAST,4,TELEMETRY,80,0x50,1,0,0,0,0,0,0x08017FC4
1777171629.218,580129,2,5,MOTOR,255,BROADCAST,10,HEALTH,48,HEARTBEAT,0,0,1,0,0,0,0x08017FCA
1777171629.221,580131,2,5,MOTOR,255,BROADCAST,4,TELEMETRY,80,0x50,1,0,0,0,0,0,0x08017FC4
1777171629.223,580132,2,5,MOTOR,255,BROADCAST,0,HEARTBEAT,48,HEARTBEAT,0,147,0,0,0,0,0x08017FC0
1777171629.721,580627,2,5,MOTOR,255,BROADCAST,4,TELEMETRY,80,0x50,1,0,0,0,0,0,0x08017FC4
1777171630.225,581119,2,5,MOTOR,255,BROADCAST,10,HEALTH,48,HEARTBEAT,0,0,1,0,0,0,0x08017FCA
1777171630.225,581123,2,5,MOTOR,255,BROADCAST,0,HEARTBEAT,48,HEARTBEAT,0,148,0,0,0,0,0x08017FC0
1777171630.225,581124,2,5,MOTOR,255,BROADCAST,4,TELEMETRY,80,0x50,1,0,0,0,0,0,0x08017FC4
1777171630.743,581618,2,5,MOTOR,255,BROADCAST,4,TELEMETRY,80,0x50,1,0,0,0,0,0,0x08017FC4
1777171631.204,582110,2,5,MOTOR,255,BROADCAST,10,HEALTH,48,HEARTBEAT,0,0,1,0,0,0,0x08017FCA
1777171631.204,582113,2,5,MOTOR,255,BROADCAST,4,TELEMETRY,80,0x50,1,0,0,0,0,0,0x08017FC4
1777171631.204,582114,2,5,MOTOR,255,BROADCAST,0,HEARTBEAT,48,HEARTBEAT,0,149,0,0,0,0,0x08017FC0
1777171631.697,582608,2,5,MOTOR,255,BROADCAST,4,TELEMETRY,80,0x50,1,0,0,0,0,0,0x08017FC4
1777171632.192,583101,2,5,MOTOR,255,BROADCAST,10,HEALTH,48,HEARTBEAT,0,0,1,0,0,0,0x08017FCA
1777171632.192,583104,2,5,MOTOR,255,BROADCAST,4,TELEMETRY,80,0x50,1,0,0,0,0,0,0x08017FC4
1777171632.194,583105,2,5,MOTOR,255,BROADCAST,0,HEARTBEAT,48,HEARTBEAT,0,150,0,0,0,0,0x08017FC0
1777171632.688,583599,2,5,MOTOR,255,BROADCAST,4,TELEMETRY,80,0x50,1,0,0,0,0,0,0x08017FC4
1777171633.207,584093,2,5,MOTOR,255,BROADCAST,10,HEALTH,48,HEARTBEAT,0,0,1,0,0,0,0x08017FCA
1777171633.207,584094,2,5,MOTOR,255,BROADCAST,4,TELEMETRY,80,0x50,1,0,0,0,0,0,0x08017FC4
1777171633.207,584095,2,5,MOTOR,255,BROADCAST,0,HEARTBEAT,48,HEARTBEAT,0,151,0,0,0,0,0x08017FC0
1777171633.707,584590,2,5,MOTOR,255,BROADCAST,4,TELEMETRY,80,0x50,1,0,0,0,0,0,0x08017FC4
1777171634.171,585083,2,5,MOTOR,255,BROADCAST,10,HEALTH,48,HEARTBEAT,0,0,1,0,0,0,0x08017FCA
1777171634.174,585085,2,5,MOTOR,255,BROADCAST,4,TELEMETRY,80,0x50,1,0,0,0,0,0,0x08017FC4
1777171634.175,585086,2,5,MOTOR,255,BROADCAST,0,HEARTBEAT,48,HEARTBEAT,0,152,0,0,0,0,0x08017FC0
1777171634.766,585581,2,5,MOTOR,255,BROADCAST,4,TELEMETRY,80,0x50,1,0,0,0,0,0,0x08017FC4
1777171635.167,586073,2,5,MOTOR,255,BROADCAST,10,HEALTH,48,HEARTBEAT,0,0,1,0,0,0,0x08017FCA
1777171635.167,586077,2,5,MOTOR,255,BROADCAST,0,HEARTBEAT,48,HEARTBEAT,0,153,0,0,0,0,0x08017FC0
1777171635.167,586078,2,5,MOTOR,255,BROADCAST,4,TELEMETRY,80,0x50,1,0,0,0,0,0,0x08017FC4
1777171635.664,586572,2,5,MOTOR,255,BROADCAST,4,TELEMETRY,80,0x50,1,0,0,0,0,0,0x08017FC4
1777171636.178,587064,2,5,MOTOR,255,BROADCAST,10,HEALTH,48,HEARTBEAT,0,0,1,0,0,0,0x08017FCA
1777171636.178,587067,2,5,MOTOR,255,BROADCAST,4,TELEMETRY,80,0x50,1,0,0,0,0,0,0x08017FC4
1777171636.178,587068,2,5,MOTOR,255,BROADCAST,0,HEARTBEAT,48,HEARTBEAT,0,154,0,0,0,0,0x08017FC0
1777171636.684,587562,2,5,MOTOR,255,BROADCAST,4,TELEMETRY,80,0x50,1,0,0,0,0,0,0x08017FC4
1777171637.199,588055,2,5,MOTOR,255,BROADCAST,10,HEALTH,48,HEARTBEAT,0,0,1,0,0,0,0x08017FCA
1777171637.199,588058,2,5,MOTOR,255,BROADCAST,4,TELEMETRY,80,0x50,1,0,0,0,0,0,0x08017FC4
1777171637.199,588058,2,5,MOTOR,255,BROADCAST,0,HEARTBEAT,48,HEARTBEAT,0,155,0,0,0,0,0x08017FC0
1777171637.642,588553,2,5,MOTOR,255,BROADCAST,4,TELEMETRY,80,0x50,1,0,0,0,0,0,0x08017FC4
1777171638.135,589047,2,5,MOTOR,255,BROADCAST,10,HEALTH,48,HEARTBEAT,0,0,1,0,0,0,0x08017FCA
1777171638.137,589048,2,5,MOTOR,255,BROADCAST,4,TELEMETRY,80,0x50,1,0,0,0,0,0,0x08017FC4
1777171638.139,589049,2,5,MOTOR,255,BROADCAST,0,HEARTBEAT,48,HEARTBEAT,0,156,0,0,0,0,0x08017FC0
1777171638.638,589544,2,5,MOTOR,255,BROADCAST,4,TELEMETRY,80,0x50,1,0,0,0,0,0,0x08017FC4
1777171639.146,590037,2,5,MOTOR,255,BROADCAST,10,HEALTH,48,HEARTBEAT,0,0,1,0,0,0,0x08017FCA
1777171639.146,590039,2,5,MOTOR,255,BROADCAST,4,TELEMETRY,80,0x50,1,0,0,0,0,0,0x08017FC4
1777171639.146,590040,2,5,MOTOR,255,BROADCAST,0,HEARTBEAT,48,HEARTBEAT,0,157,0,0,0,0,0x08017FC0
1777171639.677,590535,2,5,MOTOR,255,BROADCAST,4,TELEMETRY,80,0x50,1,0,0,0,0,0,0x08017FC4
1777171640.159,591027,2,5,MOTOR,255,BROADCAST,10,HEALTH,48,HEARTBEAT,0,0,1,0,0,0,0x08017FCA
1777171640.159,591031,2,5,MOTOR,255,BROADCAST,0,HEARTBEAT,48,HEARTBEAT,0,158,0,0,0,0,0x08017FC0
1777171640.159,591032,2,5,MOTOR,255,BROADCAST,4,TELEMETRY,80,0x50,1,0,0,0,0,0,0x08017FC4
1777171640.615,591526,2,5,MOTOR,255,BROADCAST,4,TELEMETRY,80,0x50,1,0,0,0,0,0,0x08017FC4
1777171641.107,592018,2,5,MOTOR,255,BROADCAST,10,HEALTH,48,HEARTBEAT,0,0,1,0,0,0,0x08017FCA
1777171641.111,592021,2,5,MOTOR,255,BROADCAST,4,TELEMETRY,80,0x50,1,0,0,0,0,0,0x08017FC4
1777171641.111,592022,2,5,MOTOR,255,BROADCAST,0,HEARTBEAT,48,HEARTBEAT,0,159,0,0,0,0,0x08017FC0
1777171641.606,592516,2,5,MOTOR,255,BROADCAST,4,TELEMETRY,80,0x50,1,0,0,0,0,0,0x08017FC4
1777171642.116,593009,2,5,MOTOR,255,BROADCAST,10,HEALTH,48,HEARTBEAT,0,0,1,0,0,0,0x08017FCA
1777171642.116,593012,2,5,MOTOR,255,BROADCAST,4,TELEMETRY,80,0x50,1,0,0,0,0,0,0x08017FC4
1777171642.116,593013,2,5,MOTOR,255,BROADCAST,0,HEARTBEAT,48,HEARTBEAT,0,160,0,0,0,0,0x08017FC0
1777171642.628,593507,2,5,MOTOR,255,BROADCAST,4,TELEMETRY,80,0x50,1,0,0,0,0,0,0x08017FC4
1777171643.089,594000,2,5,MOTOR,255,BROADCAST,10,HEALTH,48,HEARTBEAT,0,0,1,0,0,0,0x08017FCA
1777171643.091,594002,2,5,MOTOR,255,BROADCAST,4,TELEMETRY,80,0x50,1,0,0,0,0,0,0x08017FC4
1777171643.093,594003,2,5,MOTOR,255,BROADCAST,0,HEARTBEAT,48,HEARTBEAT,0,161,0,0,0,0,0x08017FC0
1777171643.588,594498,2,5,MOTOR,255,BROADCAST,4,TELEMETRY,80,0x50,1,0,0,0,0,0,0x08017FC4
1777171644.079,594990,2,5,MOTOR,255,BROADCAST,10,HEALTH,48,HEARTBEAT,0,0,1,0,0,0,0x08017FCA
1777171644.083,594994,2,5,MOTOR,255,BROADCAST,4,TELEMETRY,80,0x50,1,0,0,0,0,0,0x08017FC4
1777171644.084,594995,2,5,MOTOR,255,BROADCAST,0,HEARTBEAT,48,HEARTBEAT,0,162,0,0,0,0,0x08017FC0
1777171644.583,595489,2,5,MOTOR,255,BROADCAST,4,TELEMETRY,80,0x50,1,0,0,0,0,0,0x08017FC4
1777171645.085,595980,2,5,MOTOR,255,BROADCAST,10,HEALTH,48,HEARTBEAT,0,0,1,0,0,0,0x08017FCA
1777171645.085,595984,2,5,MOTOR,255,BROADCAST,4,TELEMETRY,80,0x50,1,0,0,0,0,0,0x08017FC4
1777171645.085,595985,2,5,MOTOR,255,BROADCAST,0,HEARTBEAT,48,HEARTBEAT,0,163,0,0,0,0,0x08017FC0
1777171645.599,596479,2,5,MOTOR,255,BROADCAST,4,TELEMETRY,80,0x50,1,0,0,0,0,0,0x08017FC4
1777171646.065,596972,2,5,MOTOR,255,BROADCAST,10,HEALTH,48,HEARTBEAT,0,0,1,0,0,0,0x08017FCA
1777171646.065,596974,2,5,MOTOR,255,BROADCAST,4,TELEMETRY,80,0x50,1,0,0,0,0,0,0x08017FC4
1777171646.108,596976,2,5,MOTOR,255,BROADCAST,0,HEARTBEAT,48,HEARTBEAT,0,164,0,0,0,0,0x08017FC0
1777171646.559,597469,2,5,MOTOR,255,BROADCAST,4,TELEMETRY,80,0x50,1,0,0,0,0,0,0x08017FC4
1777171647.052,597962,2,5,MOTOR,255,BROADCAST,10,HEALTH,48,HEARTBEAT,0,0,1,0,0,0,0x08017FCA
1777171647.057,597965,2,5,MOTOR,255,BROADCAST,4,TELEMETRY,80,0x50,1,0,0,0,0,0,0x08017FC4
1777171647.057,597967,2,5,MOTOR,255,BROADCAST,0,HEARTBEAT,48,HEARTBEAT,0,165,0,0,0,0,0x08017FC0
1777171647.550,598461,2,5,MOTOR,255,BROADCAST,4,TELEMETRY,80,0x50,1,0,0,0,0,0,0x08017FC4
1777171648.050,598952,2,5,MOTOR,255,BROADCAST,10,HEALTH,48,HEARTBEAT,0,0,1,0,0,0,0x08017FCA
1777171648.050,598956,2,5,MOTOR,255,BROADCAST,4,TELEMETRY,80,0x50,1,0,0,0,0,0,0x08017FC4
1777171648.050,598958,2,5,MOTOR,255,BROADCAST,0,HEARTBEAT,48,HEARTBEAT,0,166,0,0,0,0,0x08017FC0
1777171648.568,599451,2,5,MOTOR,255,BROADCAST,4,TELEMETRY,80,0x50,1,0,0,0,0,0,0x08017FC4
1777171649.033,599944,2,5,MOTOR,255,BROADCAST,10,HEALTH,48,HEARTBEAT,0,0,1,0,0,0,0x08017FCA
1777171649.068,599946,2,5,MOTOR,255,BROADCAST,4,TELEMETRY,80,0x50,1,0,0,0,0,0,0x08017FC4
1777171649.068,599948,2,5,MOTOR,255,BROADCAST,0,HEARTBEAT,48,HEARTBEAT,0,167,0,0,0,0,0x08017FC0
1777171649.531,600441,2,5,MOTOR,255,BROADCAST,4,TELEMETRY,80,0x50,1,0,0,0,0,0,0x08017FC4
1777171650.025,600935,2,5,MOTOR,255,BROADCAST,10,HEALTH,48,HEARTBEAT,0,0,1,0,0,0,0x08017FCA
1777171650.026,600937,2,5,MOTOR,255,BROADCAST,4,TELEMETRY,80,0x50,1,0,0,0,0,0,0x08017FC4
1777171650.047,600939,2,5,MOTOR,255,BROADCAST,0,HEARTBEAT,48,HEARTBEAT,0,168,0,0,0,0,0x08017FC0
1777171650.523,601433,2,5,MOTOR,255,BROADCAST,4,TELEMETRY,80,0x50,1,0,0,0,0,0,0x08017FC4
1777171651.025,601926,2,5,MOTOR,255,BROADCAST,10,HEALTH,48,HEARTBEAT,0,0,1,0,0,0,0x08017FCA
1777171651.026,601928,2,5,MOTOR,255,BROADCAST,4,TELEMETRY,80,0x50,1,0,0,0,0,0,0x08017FC4
1777171651.026,601930,2,5,MOTOR,255,BROADCAST,0,HEARTBEAT,48,HEARTBEAT,0,169,0,0,0,0,0x08017FC0
1777171651.534,602424,2,5,MOTOR,255,BROADCAST,4,TELEMETRY,80,0x50,1,0,0,0,0,0,0x08017FC4
1777171652.044,602916,2,5,MOTOR,255,BROADCAST,10,HEALTH,48,HEARTBEAT,0,0,1,0,0,0,0x08017FCA
1777171652.044,602920,2,5,MOTOR,255,BROADCAST,4,TELEMETRY,80,0x50,1,0,0,0,0,0,0x08017FC4
1777171652.044,602921,2,5,MOTOR,255,BROADCAST,0,HEARTBEAT,48,HEARTBEAT,0,170,0,0,0,0,0x08017FC0
1777171652.504,603415,2,5,MOTOR,255,BROADCAST,4,TELEMETRY,80,0x50,1,0,0,0,0,0,0x08017FC4
1777171652.997,603907,2,5,MOTOR,255,BROADCAST,10,HEALTH,48,HEARTBEAT,0,0,1,0,0,0,0x08017FCA
1777171652.999,603910,2,5,MOTOR,255,BROADCAST,4,TELEMETRY,80,0x50,1,0,0,0,0,0,0x08017FC4
1777171653.001,603912,2,5,MOTOR,255,BROADCAST,0,HEARTBEAT,48,HEARTBEAT,0,171,0,0,0,0,0x08017FC0
1777171653.494,604405,2,5,MOTOR,255,BROADCAST,4,TELEMETRY,80,0x50,1,0,0,0,0,0,0x08017FC4
1777171653.992,604899,2,5,MOTOR,255,BROADCAST,10,HEALTH,48,HEARTBEAT,0,0,1,0,0,0,0x08017FCA
1777171653.992,604900,2,5,MOTOR,255,BROADCAST,4,TELEMETRY,80,0x50,1,0,0,0,0,0,0x08017FC4
1777171653.992,604903,2,5,MOTOR,255,BROADCAST,0,HEARTBEAT,48,HEARTBEAT,0,172,0,0,0,0,0x08017FC0
1777171654.541,605396,2,5,MOTOR,255,BROADCAST,4,TELEMETRY,80,0x50,1,0,0,0,0,0,0x08017FC4
1777171655.010,605889,2,5,MOTOR,255,BROADCAST,10,HEALTH,48,HEARTBEAT,0,0,1,0,0,0,0x08017FCA
1777171655.010,605892,2,5,MOTOR,255,BROADCAST,4,TELEMETRY,80,0x50,1,0,0,0,0,0,0x08017FC4
1777171655.010,605893,2,5,MOTOR,255,BROADCAST,0,HEARTBEAT,48,HEARTBEAT,0,173,0,0,0,0,0x08017FC0
1777171655.477,606388,2,5,MOTOR,255,BROADCAST,4,TELEMETRY,80,0x50,1,0,0,0,0,0,0x08017FC4
1777171655.969,606880,2,5,MOTOR,255,BROADCAST,10,HEALTH,48,HEARTBEAT,0,0,1,0,0,0,0x08017FCA
1777171655.977,606883,2,5,MOTOR,255,BROADCAST,4,TELEMETRY,80,0x50,1,0,0,0,0,0,0x08017FC4
1777171655.977,606884,2,5,MOTOR,255,BROADCAST,0,HEARTBEAT,48,HEARTBEAT,0,174,0,0,0,0,0x08017FC0
1777171656.468,607378,2,5,MOTOR,255,BROADCAST,4,TELEMETRY,80,0x50,1,0,0,0,0,0,0x08017FC4
1777171656.965,607871,2,5,MOTOR,255,BROADCAST,10,HEALTH,48,HEARTBEAT,0,0,1,0,0,0,0x08017FCA
1777171656.965,607874,2,5,MOTOR,255,BROADCAST,4,TELEMETRY,80,0x50,1,0,0,0,0,0,0x08017FC4
1777171656.965,607875,2,5,MOTOR,255,BROADCAST,0,HEARTBEAT,48,HEARTBEAT,0,175,0,0,0,0,0x08017FC0
1777171657.484,608369,2,5,MOTOR,255,BROADCAST,4,TELEMETRY,80,0x50,1,0,0,0,0,0,0x08017FC4
1777171658.008,608863,2,5,MOTOR,255,BROADCAST,10,HEALTH,48,HEARTBEAT,0,0,1,0,0,0,0x08017FCA
1777171658.008,608864,2,5,MOTOR,255,BROADCAST,4,TELEMETRY,80,0x50,1,0,0,0,0,0,0x08017FC4
1777171658.008,608866,2,5,MOTOR,255,BROADCAST,0,HEARTBEAT,48,HEARTBEAT,0,176,0,0,0,0,0x08017FC0
1777171658.450,609360,2,5,MOTOR,255,BROADCAST,4,TELEMETRY,80,0x50,1,0,0,0,0,0,0x08017FC4
1777171658.943,609853,2,5,MOTOR,255,BROADCAST,10,HEALTH,48,HEARTBEAT,0,0,1,0,0,0,0x08017FCA
1777171658.946,609855,2,5,MOTOR,255,BROADCAST,4,TELEMETRY,80,0x50,1,0,0,0,0,0,0x08017FC4
1777171658.946,609857,2,5,MOTOR,255,BROADCAST,0,HEARTBEAT,48,HEARTBEAT,0,177,0,0,0,0,0x08017FC0
1777171659.441,610352,2,5,MOTOR,255,BROADCAST,4,TELEMETRY,80,0x50,1,0,0,0,0,0,0x08017FC4
1777171659.936,610843,2,5,MOTOR,255,BROADCAST,10,HEALTH,48,HEARTBEAT,0,0,1,0,0,0,0x08017FCA
1777171659.950,610847,2,5,MOTOR,255,BROADCAST,4,TELEMETRY,80,0x50,1,0,0,0,0,0,0x08017FC4
1777171659.950,610848,2,5,MOTOR,255,BROADCAST,0,HEARTBEAT,48,HEARTBEAT,0,178,0,0,0,0,0x08017FC0
1777171660.440,611342,2,5,MOTOR,255,BROADCAST,4,TELEMETRY,80,0x50,1,0,0,0,0,0,0x08017FC4
1777171660.955,611835,2,5,MOTOR,255,BROADCAST,10,HEALTH,48,HEARTBEAT,0,0,1,0,0,0,0x08017FCA
1777171660.955,611837,2,5,MOTOR,255,BROADCAST,4,TELEMETRY,80,0x50,1,0,0,0,0,0,0x08017FC4
1777171660.955,611839,2,5,MOTOR,255,BROADCAST,0,HEARTBEAT,48,HEARTBEAT,0,179,0,0,0,0,0x08017FC0
1777171661.422,612332,2,5,MOTOR,255,BROADCAST,4,TELEMETRY,80,0x50,1,0,0,0,0,0,0x08017FC4
1777171661.919,612826,2,5,MOTOR,255,BROADCAST,10,HEALTH,48,HEARTBEAT,0,0,1,0,0,0,0x08017FCA
1777171661.919,612828,2,5,MOTOR,255,BROADCAST,4,TELEMETRY,80,0x50,1,0,0,0,0,0,0x08017FC4
1777171661.919,612830,2,5,MOTOR,255,BROADCAST,0,HEARTBEAT,48,HEARTBEAT,0,180,0,0,0,0,0x08017FC0
1777171662.414,613324,2,5,MOTOR,255,BROADCAST,4,TELEMETRY,80,0x50,1,0,0,0,0,0,0x08017FC4
1777171662.906,613816,2,5,MOTOR,255,BROADCAST,10,HEALTH,48,HEARTBEAT,0,0,1,0,0,0,0x08017FCA
1777171662.917,613819,2,5,MOTOR,255,BROADCAST,4,TELEMETRY,80,0x50,1,0,0,0,0,0,0x08017FC4
1777171662.917,613820,2,5,MOTOR,255,BROADCAST,0,HEARTBEAT,48,HEARTBEAT,0,181,0,0,0,0,0x08017FC0
1777171663.419,614315,2,5,MOTOR,255,BROADCAST,4,TELEMETRY,80,0x50,1,0,0,0,0,0,0x08017FC4
1777171663.952,614807,2,5,MOTOR,255,BROADCAST,10,HEALTH,48,HEARTBEAT,0,0,1,0,0,0,0x08017FCA
1777171663.952,614810,2,5,MOTOR,255,BROADCAST,4,TELEMETRY,80,0x50,1,0,0,0,0,0,0x08017FC4
1777171663.952,614811,2,5,MOTOR,255,BROADCAST,0,HEARTBEAT,48,HEARTBEAT,0,182,0,0,0,0,0x08017FC0
1777171664.471,615305,2,5,MOTOR,255,BROADCAST,4,TELEMETRY,80,0x50,1,0,0,0,0,0,0x08017FC4
1777171664.888,615798,2,5,MOTOR,255,BROADCAST,10,HEALTH,48,HEARTBEAT,0,0,1,0,0,0,0x08017FCA
1777171664.890,615801,2,5,MOTOR,255,BROADCAST,4,TELEMETRY,80,0x50,1,0,0,0,0,0,0x08017FC4
1777171664.891,615802,2,5,MOTOR,255,BROADCAST,0,HEARTBEAT,48,HEARTBEAT,0,183,0,0,0,0,0x08017FC0
1777171665.386,616296,2,5,MOTOR,255,BROADCAST,4,TELEMETRY,80,0x50,1,0,0,0,0,0,0x08017FC4
1777171665.879,616790,2,5,MOTOR,255,BROADCAST,10,HEALTH,48,HEARTBEAT,0,0,1,0,0,0,0x08017FCA
1777171665.881,616791,2,5,MOTOR,255,BROADCAST,4,TELEMETRY,80,0x50,1,0,0,0,0,0,0x08017FC4
1777171665.883,616793,2,5,MOTOR,255,BROADCAST,0,HEARTBEAT,48,HEARTBEAT,0,184,0,0,0,0,0x08017FC0
1777171666.387,617287,2,5,MOTOR,255,BROADCAST,4,TELEMETRY,80,0x50,1,0,0,0,0,0,0x08017FC4
1777171666.900,617780,2,5,MOTOR,255,BROADCAST,10,HEALTH,48,HEARTBEAT,0,0,1,0,0,0,0x08017FCA
1777171666.900,617782,2,5,MOTOR,255,BROADCAST,4,TELEMETRY,80,0x50,1,0,0,0,0,0,0x08017FC4
1777171666.900,617784,2,5,MOTOR,255,BROADCAST,0,HEARTBEAT,48,HEARTBEAT,0,185,0,0,0,0,0x08017FC0
1777171667.426,618279,2,5,MOTOR,255,BROADCAST,4,TELEMETRY,80,0x50,1,0,0,0,0,0,0x08017FC4
1777171667.863,618770,2,5,MOTOR,255,BROADCAST,10,HEALTH,48,HEARTBEAT,0,0,1,0,0,0,0x08017FCA
1777171667.868,618774,2,5,MOTOR,255,BROADCAST,4,TELEMETRY,80,0x50,1,0,0,0,0,0,0x08017FC4
1777171667.868,618775,2,5,MOTOR,255,BROADCAST,0,HEARTBEAT,48,HEARTBEAT,0,186,0,0,0,0,0x08017FC0
1777171668.359,619269,2,5,MOTOR,255,BROADCAST,4,TELEMETRY,80,0x50,1,0,0,0,0,0,0x08017FC4
1777171668.855,619762,2,5,MOTOR,255,BROADCAST,10,HEALTH,48,HEARTBEAT,0,0,1,0,0,0,0x08017FCA
1777171668.855,619764,2,5,MOTOR,255,BROADCAST,4,TELEMETRY,80,0x50,1,0,0,0,0,0,0x08017FC4
1777171668.855,619765,2,5,MOTOR,255,BROADCAST,0,HEARTBEAT,48,HEARTBEAT,0,187,0,0,0,0,0x08017FC0
1777171669.349,620259,2,5,MOTOR,255,BROADCAST,4,TELEMETRY,80,0x50,1,0,0,0,0,0,0x08017FC4
1777171669.868,620753,2,5,MOTOR,255,BROADCAST,10,HEALTH,48,HEARTBEAT,0,0,1,0,0,0,0x08017FCA
1777171669.868,620755,2,5,MOTOR,255,BROADCAST,4,TELEMETRY,80,0x50,1,0,0,0,0,0,0x08017FC4
1777171669.868,620756,2,5,MOTOR,255,BROADCAST,0,HEARTBEAT,48,HEARTBEAT,0,188,0,0,0,0,0x08017FC0
1777171670.375,621251,2,5,MOTOR,255,BROADCAST,4,TELEMETRY,80,0x50,1,0,0,0,0,0,0x08017FC4
1777171670.834,621744,2,5,MOTOR,255,BROADCAST,10,HEALTH,48,HEARTBEAT,0,0,1,0,0,0,0x08017FCA
1777171670.836,621746,2,5,MOTOR,255,BROADCAST,4,TELEMETRY,80,0x50,1,0,0,0,0,0,0x08017FC4
1777171670.837,621747,2,5,MOTOR,255,BROADCAST,0,HEARTBEAT,48,HEARTBEAT,0,189,0,0,0,0,0x08017FC0
1777171671.332,622242,2,5,MOTOR,255,BROADCAST,4,TELEMETRY,80,0x50,1,0,0,0,0,0,0x08017FC4
1777171671.824,622734,2,5,MOTOR,255,BROADCAST,10,HEALTH,48,HEARTBEAT,0,0,1,0,0,0,0x08017FCA
1777171671.827,622738,2,5,MOTOR,255,BROADCAST,4,TELEMETRY,80,0x50,1,0,0,0,0,0,0x08017FC4
1777171671.828,622739,2,5,MOTOR,255,BROADCAST,0,HEARTBEAT,48,HEARTBEAT,0,190,0,0,0,0,0x08017FC0
1777171672.325,623232,2,5,MOTOR,255,BROADCAST,4,TELEMETRY,80,0x50,1,0,0,0,0,0,0x08017FC4
1777171672.833,623725,2,5,MOTOR,255,BROADCAST,10,HEALTH,48,HEARTBEAT,0,0,1,0,0,0,0x08017FCA
1777171672.833,623728,2,5,MOTOR,255,BROADCAST,4,TELEMETRY,80,0x50,1,0,0,0,0,0,0x08017FC4
1777171672.833,623729,2,5,MOTOR,255,BROADCAST,0,HEARTBEAT,48,HEARTBEAT,0,191,0,0,0,0,0x08017FC0
1777171673.369,624223,2,5,MOTOR,255,BROADCAST,4,TELEMETRY,80,0x50,1,0,0,0,0,0,0x08017FC4
1777171673.806,624717,2,5,MOTOR,255,BROADCAST,10,HEALTH,48,HEARTBEAT,0,0,1,0,0,0,0x08017FCA
1777171673.808,624718,2,5,MOTOR,255,BROADCAST,4,TELEMETRY,80,0x50,1,0,0,0,0,0,0x08017FC4
1777171673.810,624720,2,5,MOTOR,255,BROADCAST,0,HEARTBEAT,48,HEARTBEAT,0,192,0,0,0,0,0x08017FC0
1777171674.305,625214,2,5,MOTOR,255,BROADCAST,4,TELEMETRY,80,0x50,1,0,0,0,0,0,0x08017FC4
1777171674.797,625707,2,5,MOTOR,255,BROADCAST,10,HEALTH,48,HEARTBEAT,0,0,1,0,0,0,0x08017FCA
1777171674.800,625709,2,5,MOTOR,255,BROADCAST,4,TELEMETRY,80,0x50,1,0,0,0,0,0,0x08017FC4
1777171674.800,625711,2,5,MOTOR,255,BROADCAST,0,HEARTBEAT,48,HEARTBEAT,0,193,0,0,0,0,0x08017FC0
1777171675.295,626206,2,5,MOTOR,255,BROADCAST,4,TELEMETRY,80,0x50,1,0,0,0,0,0,0x08017FC4
1777171675.840,626697,2,5,MOTOR,255,BROADCAST,10,HEALTH,48,HEARTBEAT,0,0,1,0,0,0,0x08017FCA
1777171675.840,626701,2,5,MOTOR,255,BROADCAST,4,TELEMETRY,80,0x50,1,0,0,0,0,0,0x08017FC4
1777171675.840,626702,2,5,MOTOR,255,BROADCAST,0,HEARTBEAT,48,HEARTBEAT,0,194,0,0,0,0,0x08017FC0
1777171676.319,627196,2,5,MOTOR,255,BROADCAST,4,TELEMETRY,80,0x50,1,0,0,0,0,0,0x08017FC4
1777171676.781,627689,2,5,MOTOR,255,BROADCAST,10,HEALTH,48,HEARTBEAT,0,0,1,0,0,0,0x08017FCA
1777171676.781,627691,2,5,MOTOR,255,BROADCAST,4,TELEMETRY,80,0x50,1,0,0,0,0,0,0x08017FC4
1777171676.782,627692,2,5,MOTOR,255,BROADCAST,0,HEARTBEAT,48,HEARTBEAT,0,195,0,0,0,0,0x08017FC0
1777171677.276,628186,2,5,MOTOR,255,BROADCAST,4,TELEMETRY,80,0x50,1,0,0,0,0,0,0x08017FC4
1777171677.775,628680,2,5,MOTOR,255,BROADCAST,10,HEALTH,48,HEARTBEAT,0,0,1,0,0,0,0x08017FCA
1777171677.775,628682,2,5,MOTOR,255,BROADCAST,4,TELEMETRY,80,0x50,1,0,0,0,0,0,0x08017FC4
1777171677.775,628683,2,5,MOTOR,255,BROADCAST,0,HEARTBEAT,48,HEARTBEAT,0,196,0,0,0,0,0x08017FC0
1777171678.268,629177,2,5,MOTOR,255,BROADCAST,4,TELEMETRY,80,0x50,1,0,0,0,0,0,0x08017FC4
1777171678.777,629670,2,5,MOTOR,255,BROADCAST,10,HEALTH,48,HEARTBEAT,0,0,1,0,0,0,0x08017FCA
1777171678.777,629673,2,5,MOTOR,255,BROADCAST,4,TELEMETRY,80,0x50,1,0,0,0,0,0,0x08017FC4
1777171678.777,629674,2,5,MOTOR,255,BROADCAST,0,HEARTBEAT,48,HEARTBEAT,0,197,0,0,0,0,0x08017FC0
1777171679.287,630169,2,5,MOTOR,255,BROADCAST,4,TELEMETRY,80,0x50,1,0,0,0,0,0,0x08017FC4
1777171679.750,630660,2,5,MOTOR,255,BROADCAST,10,HEALTH,48,HEARTBEAT,0,0,1,0,0,0,0x08017FCA
1777171679.754,630664,2,5,MOTOR,255,BROADCAST,4,TELEMETRY,80,0x50,1,0,0,0,0,0,0x08017FC4
1777171679.754,630665,2,5,MOTOR,255,BROADCAST,0,HEARTBEAT,48,HEARTBEAT,0,198,0,0,0,0,0x08017FC0
1777171680.249,631159,2,5,MOTOR,255,BROADCAST,4,TELEMETRY,80,0x50,1,0,0,0,0,0,0x08017FC4
1777171680.745,631652,2,5,MOTOR,255,BROADCAST,10,HEALTH,48,HEARTBEAT,0,0,1,0,0,0,0x08017FCA
1777171680.745,631654,2,5,MOTOR,255,BROADCAST,4,TELEMETRY,80,0x50,1,0,0,0,0,0,0x08017FC4
1777171680.745,631655,2,5,MOTOR,255,BROADCAST,0,HEARTBEAT,48,HEARTBEAT,0,199,0,0,0,0,0x08017FC0
1777171681.240,632149,2,5,MOTOR,255,BROADCAST,4,TELEMETRY,80,0x50,1,0,0,0,0,0,0x08017FC4
1777171681.744,632643,2,5,MOTOR,255,BROADCAST,10,HEALTH,48,HEARTBEAT,0,0,1,0,0,0,0x08017FCA
1777171681.744,632645,2,5,MOTOR,255,BROADCAST,4,TELEMETRY,80,0x50,1,0,0,0,0,0,0x08017FC4
1777171681.744,632646,2,5,MOTOR,255,BROADCAST,0,HEARTBEAT,48,HEARTBEAT,0,200,0,0,0,0,0x08017FC0
1777171682.251,633141,2,5,MOTOR,255,BROADCAST,4,TELEMETRY,80,0x50,1,0,0,0,0,0,0x08017FC4
1777171682.723,633633,2,5,MOTOR,255,BROADCAST,10,HEALTH,48,HEARTBEAT,0,0,1,0,0,0,0x08017FCA
1777171682.758,633636,2,5,MOTOR,255,BROADCAST,4,TELEMETRY,80,0x50,1,0,0,0,0,0,0x08017FC4
1777171682.758,633637,2,5,MOTOR,255,BROADCAST,0,HEARTBEAT,48,HEARTBEAT,0,201,0,0,0,0,0x08017FC0
1777171683.222,634132,2,5,MOTOR,255,BROADCAST,4,TELEMETRY,80,0x50,1,0,0,0,0,0,0x08017FC4
1777171683.714,634623,2,5,MOTOR,255,BROADCAST,10,HEALTH,48,HEARTBEAT,0,0,1,0,0,0,0x08017FCA
1777171683.717,634627,2,5,MOTOR,255,BROADCAST,0,HEARTBEAT,48,HEARTBEAT,0,202,0,0,0,0,0x08017FC0
1777171683.718,634628,2,5,MOTOR,255,BROADCAST,4,TELEMETRY,80,0x50,1,0,0,0,0,0,0x08017FC4
1777171684.213,635122,2,5,MOTOR,255,BROADCAST,4,TELEMETRY,80,0x50,1,0,0,0,0,0,0x08017FC4
1777171684.708,635614,2,5,MOTOR,255,BROADCAST,10,HEALTH,48,HEARTBEAT,0,0,1,0,0,0,0x08017FCA
1777171684.708,635617,2,5,MOTOR,255,BROADCAST,4,TELEMETRY,80,0x50,1,0,0,0,0,0,0x08017FC4
1777171684.708,635618,2,5,MOTOR,255,BROADCAST,0,HEARTBEAT,48,HEARTBEAT,0,203,0,0,0,0,0x08017FC0
1777171685.217,636112,2,5,MOTOR,255,BROADCAST,4,TELEMETRY,80,0x50,1,0,0,0,0,0,0x08017FC4
1777171685.730,636605,2,5,MOTOR,255,BROADCAST,10,HEALTH,48,HEARTBEAT,0,0,1,0,0,0,0x08017FCA
1777171685.730,636608,2,5,MOTOR,255,BROADCAST,4,TELEMETRY,80,0x50,1,0,0,0,0,0,0x08017FC4
1777171685.730,636609,2,5,MOTOR,255,BROADCAST,0,HEARTBEAT,48,HEARTBEAT,0,204,0,0,0,0,0x08017FC0
1777171686.193,637103,2,5,MOTOR,255,BROADCAST,4,TELEMETRY,80,0x50,1,0,0,0,0,0,0x08017FC4
1777171686.687,637595,2,5,MOTOR,255,BROADCAST,10,HEALTH,48,HEARTBEAT,0,0,1,0,0,0,0x08017FCA
1777171686.688,637598,2,5,MOTOR,255,BROADCAST,4,TELEMETRY,80,0x50,1,0,0,0,0,0,0x08017FC4
1777171686.689,637599,2,5,MOTOR,255,BROADCAST,0,HEARTBEAT,48,HEARTBEAT,0,205,0,0,0,0,0x08017FC0
1777171687.184,638094,2,5,MOTOR,255,BROADCAST,4,TELEMETRY,80,0x50,1,0,0,0,0,0,0x08017FC4
1777171687.688,638586,2,5,MOTOR,255,BROADCAST,10,HEALTH,48,HEARTBEAT,0,0,1,0,0,0,0x08017FCA
1777171687.688,638589,2,5,MOTOR,255,BROADCAST,4,TELEMETRY,80,0x50,1,0,0,0,0,0,0x08017FC4
1777171687.688,638590,2,5,MOTOR,255,BROADCAST,0,HEARTBEAT,48,HEARTBEAT,0,206,0,0,0,0,0x08017FC0
1777171688.196,639084,2,5,MOTOR,255,BROADCAST,4,TELEMETRY,80,0x50,1,0,0,0,0,0,0x08017FC4
1777171688.707,639576,2,5,MOTOR,255,BROADCAST,10,HEALTH,48,HEARTBEAT,0,0,1,0,0,0,0x08017FCA
1777171688.707,639579,2,5,MOTOR,255,BROADCAST,4,TELEMETRY,80,0x50,1,0,0,0,0,0,0x08017FC4
1777171688.707,639581,2,5,MOTOR,255,BROADCAST,0,HEARTBEAT,48,HEARTBEAT,0,207,0,0,0,0,0x08017FC0
1777171689.165,640074,2,5,MOTOR,255,BROADCAST,4,TELEMETRY,80,0x50,1,0,0,0,0,0,0x08017FC4
1777171689.662,640567,2,5,MOTOR,255,BROADCAST,10,HEALTH,48,HEARTBEAT,0,0,1,0,0,0,0x08017FCA
1777171689.662,640570,2,5,MOTOR,255,BROADCAST,4,TELEMETRY,80,0x50,1,0,0,0,0,0,0x08017FC4
1777171689.662,640571,2,5,MOTOR,255,BROADCAST,0,HEARTBEAT,48,HEARTBEAT,0,208,0,0,0,0,0x08017FC0
1777171690.158,641065,2,5,MOTOR,255,BROADCAST,4,TELEMETRY,80,0x50,1,0,0,0,0,0,0x08017FC4
1777171690.657,641557,2,5,MOTOR,255,BROADCAST,10,HEALTH,48,HEARTBEAT,0,0,1,0,0,0,0x08017FCA
1777171690.657,641560,2,5,MOTOR,255,BROADCAST,4,TELEMETRY,80,0x50,1,0,0,0,0,0,0x08017FC4
1777171690.657,641562,2,5,MOTOR,255,BROADCAST,0,HEARTBEAT,48,HEARTBEAT,0,209,0,0,0,0,0x08017FC0
1777171691.169,642056,2,5,MOTOR,255,BROADCAST,4,TELEMETRY,80,0x50,1,0,0,0,0,0,0x08017FC4
1777171691.678,642547,2,5,MOTOR,255,BROADCAST,10,HEALTH,48,HEARTBEAT,0,0,1,0,0,0,0x08017FCA
1777171691.678,642551,2,5,MOTOR,255,BROADCAST,4,TELEMETRY,80,0x50,1,0,0,0,0,0,0x08017FC4
1777171691.678,642553,2,5,MOTOR,255,BROADCAST,0,HEARTBEAT,48,HEARTBEAT,0,210,0,0,0,0,0x08017FC0
1777171692.136,643046,2,5,MOTOR,255,BROADCAST,4,TELEMETRY,80,0x50,1,0,0,0,0,0,0x08017FC4
1777171692.629,643539,2,5,MOTOR,255,BROADCAST,10,HEALTH,48,HEARTBEAT,0,0,1,0,0,0,0x08017FCA
1777171692.631,643541,2,5,MOTOR,255,BROADCAST,4,TELEMETRY,80,0x50,1,0,0,0,0,0,0x08017FC4
1777171692.636,643543,2,5,MOTOR,255,BROADCAST,0,HEARTBEAT,48,HEARTBEAT,0,211,0,0,0,0,0x08017FC0
1777171693.126,644036,2,5,MOTOR,255,BROADCAST,4,TELEMETRY,80,0x50,1,0,0,0,0,0,0x08017FC4
1777171693.626,644530,2,5,MOTOR,255,BROADCAST,10,HEALTH,48,HEARTBEAT,0,0,1,0,0,0,0x08017FCA
1777171693.626,644531,2,5,MOTOR,255,BROADCAST,4,TELEMETRY,80,0x50,1,0,0,0,0,0,0x08017FC4
1777171693.626,644534,2,5,MOTOR,255,BROADCAST,0,HEARTBEAT,48,HEARTBEAT,0,212,0,0,0,0,0x08017FC0
1777171694.131,645027,2,5,MOTOR,255,BROADCAST,4,TELEMETRY,80,0x50,1,0,0,0,0,0,0x08017FC4
1777171694.646,645520,2,5,MOTOR,255,BROADCAST,10,HEALTH,48,HEARTBEAT,0,0,1,0,0,0,0x08017FCA
1777171694.646,645523,2,5,MOTOR,255,BROADCAST,4,TELEMETRY,80,0x50,1,0,0,0,0,0,0x08017FC4
1777171694.646,645525,2,5,MOTOR,255,BROADCAST,0,HEARTBEAT,48,HEARTBEAT,0,213,0,0,0,0,0x08017FC0
1777171695.109,646019,2,5,MOTOR,255,BROADCAST,4,TELEMETRY,80,0x50,1,0,0,0,0,0,0x08017FC4
1777171695.600,646510,2,5,MOTOR,255,BROADCAST,10,HEALTH,48,HEARTBEAT,0,0,1,0,0,0,0x08017FCA
1777171695.605,646514,2,5,MOTOR,255,BROADCAST,4,TELEMETRY,80,0x50,1,0,0,0,0,0,0x08017FC4
1777171695.605,646515,2,5,MOTOR,255,BROADCAST,0,HEARTBEAT,48,HEARTBEAT,0,214,0,0,0,0,0x08017FC0
1777171696.099,647009,2,5,MOTOR,255,BROADCAST,4,TELEMETRY,80,0x50,1,0,0,0,0,0,0x08017FC4
1777171696.595,647501,2,5,MOTOR,255,BROADCAST,10,HEALTH,48,HEARTBEAT,0,0,1,0,0,0,0x08017FCA
1777171696.595,647504,2,5,MOTOR,255,BROADCAST,4,TELEMETRY,80,0x50,1,0,0,0,0,0,0x08017FC4
1777171696.596,647506,2,5,MOTOR,255,BROADCAST,0,HEARTBEAT,48,HEARTBEAT,0,215,0,0,0,0,0x08017FC0
1777171697.135,647999,2,5,MOTOR,255,BROADCAST,4,TELEMETRY,80,0x50,1,0,0,0,0,0,0x08017FC4
1777171697.615,648493,2,5,MOTOR,255,BROADCAST,10,HEALTH,48,HEARTBEAT,0,0,1,0,0,0,0x08017FCA
1777171697.615,648494,2,5,MOTOR,255,BROADCAST,4,TELEMETRY,80,0x50,1,0,0,0,0,0,0x08017FC4
1777171697.615,648496,2,5,MOTOR,255,BROADCAST,0,HEARTBEAT,48,HEARTBEAT,0,216,0,0,0,0,0x08017FC0
1777171698.080,648990,2,5,MOTOR,255,BROADCAST,4,TELEMETRY,80,0x50,1,0,0,0,0,0,0x08017FC4
1777171698.573,649483,2,5,MOTOR,255,BROADCAST,10,HEALTH,48,HEARTBEAT,0,0,1,0,0,0,0x08017FCA
1777171698.575,649485,2,5,MOTOR,255,BROADCAST,4,TELEMETRY,80,0x50,1,0,0,0,0,0,0x08017FC4
1777171698.577,649487,2,5,MOTOR,255,BROADCAST,0,HEARTBEAT,48,HEARTBEAT,0,217,0,0,0,0,0x08017FC0
1777171699.071,649981,2,5,MOTOR,255,BROADCAST,4,TELEMETRY,80,0x50,1,0,0,0,0,0,0x08017FC4
1777171699.564,650473,2,5,MOTOR,255,BROADCAST,10,HEALTH,48,HEARTBEAT,0,0,1,0,0,0,0x08017FCA
1777171699.567,650477,2,5,MOTOR,255,BROADCAST,4,TELEMETRY,80,0x50,1,0,0,0,0,0,0x08017FC4
1777171699.568,650478,2,5,MOTOR,255,BROADCAST,0,HEARTBEAT,48,HEARTBEAT,0,218,0,0,0,0,0x08017FC0
1777171700.069,650972,2,5,MOTOR,255,BROADCAST,4,TELEMETRY,80,0x50,1,0,0,0,0,0,0x08017FC4
1777171700.583,651464,2,5,MOTOR,255,BROADCAST,10,HEALTH,48,HEARTBEAT,0,0,1,0,0,0,0x08017FCA
1777171700.583,651467,2,5,MOTOR,255,BROADCAST,4,TELEMETRY,80,0x50,1,0,0,0,0,0,0x08017FC4
1777171700.583,651468,2,5,MOTOR,255,BROADCAST,0,HEARTBEAT,48,HEARTBEAT,0,219,0,0,0,0,0x08017FC0
1777171701.052,651962,2,5,MOTOR,255,BROADCAST,4,TELEMETRY,80,0x50,1,0,0,0,0,0,0x08017FC4
1777171701.546,652455,2,5,MOTOR,255,BROADCAST,10,HEALTH,48,HEARTBEAT,0,0,1,0,0,0,0x08017FCA
1777171701.547,652457,2,5,MOTOR,255,BROADCAST,4,TELEMETRY,80,0x50,1,0,0,0,0,0,0x08017FC4
1777171701.549,652459,2,5,MOTOR,255,BROADCAST,0,HEARTBEAT,48,HEARTBEAT,0,220,0,0,0,0,0x08017FC0
1777171702.044,652953,2,5,MOTOR,255,BROADCAST,4,TELEMETRY,80,0x50,1,0,0,0,0,0,0x08017FC4
1777171702.536,653446,2,5,MOTOR,255,BROADCAST,10,HEALTH,48,HEARTBEAT,0,0,1,0,0,0,0x08017FCA
1777171702.538,653448,2,5,MOTOR,255,BROADCAST,4,TELEMETRY,80,0x50,1,0,0,0,0,0,0x08017FC4
1777171702.539,653450,2,5,MOTOR,255,BROADCAST,0,HEARTBEAT,48,HEARTBEAT,0,221,0,0,0,0,0x08017FC0
1777171703.076,653944,2,5,MOTOR,255,BROADCAST,4,TELEMETRY,80,0x50,1,0,0,0,0,0,0x08017FC4
1777171703.557,654436,2,5,MOTOR,255,BROADCAST,10,HEALTH,48,HEARTBEAT,0,0,1,0,0,0,0x08017FCA
1777171703.557,654439,2,5,MOTOR,255,BROADCAST,4,TELEMETRY,80,0x50,1,0,0,0,0,0,0x08017FC4
1777171703.557,654440,2,5,MOTOR,255,BROADCAST,0,HEARTBEAT,48,HEARTBEAT,0,222,0,0,0,0,0x08017FC0
1777171704.025,654934,2,5,MOTOR,255,BROADCAST,4,TELEMETRY,80,0x50,1,0,0,0,0,0,0x08017FC4
1777171704.517,655427,2,5,MOTOR,255,BROADCAST,10,HEALTH,48,HEARTBEAT,0,0,1,0,0,0,0x08017FCA
1777171704.519,655430,2,5,MOTOR,255,BROADCAST,4,TELEMETRY,80,0x50,1,0,0,0,0,0,0x08017FC4
1777171704.522,655431,2,5,MOTOR,255,BROADCAST,0,HEARTBEAT,48,HEARTBEAT,0,223,0,0,0,0,0x08017FC0
1777171705.019,655925,2,5,MOTOR,255,BROADCAST,4,TELEMETRY,80,0x50,1,0,0,0,0,0,0x08017FC4
1777171705.510,656418,2,5,MOTOR,255,BROADCAST,10,HEALTH,48,HEARTBEAT,0,0,1,0,0,0,0x08017FCA
1777171705.510,656420,2,5,MOTOR,255,BROADCAST,4,TELEMETRY,80,0x50,1,0,0,0,0,0,0x08017FC4
1777171705.512,656422,2,5,MOTOR,255,BROADCAST,0,HEARTBEAT,48,HEARTBEAT,0,224,0,0,0,0,0x08017FC0
1777171706.023,656916,2,5,MOTOR,255,BROADCAST,4,TELEMETRY,80,0x50,1,0,0,0,0,0,0x08017FC4
1777171706.532,657408,2,5,MOTOR,255,BROADCAST,10,HEALTH,48,HEARTBEAT,0,0,1,0,0,0,0x08017FCA
1777171706.532,657411,2,5,MOTOR,255,BROADCAST,4,TELEMETRY,80,0x50,1,0,0,0,0,0,0x08017FC4
1777171706.532,657413,2,5,MOTOR,255,BROADCAST,0,HEARTBEAT,48,HEARTBEAT,0,225,0,0,0,0,0x08017FC0
1777171707.050,657907,2,5,MOTOR,255,BROADCAST,4,TELEMETRY,80,0x50,1,0,0,0,0,0,0x08017FC4
1777171707.490,658399,2,5,MOTOR,255,BROADCAST,10,HEALTH,48,HEARTBEAT,0,0,1,0,0,0,0x08017FCA
1777171707.493,658402,2,5,MOTOR,255,BROADCAST,4,TELEMETRY,80,0x50,1,0,0,0,0,0,0x08017FC4
1777171707.494,658403,2,5,MOTOR,255,BROADCAST,0,HEARTBEAT,48,HEARTBEAT,0,226,0,0,0,0,0x08017FC0
1777171707.988,658897,2,5,MOTOR,255,BROADCAST,4,TELEMETRY,80,0x50,1,0,0,0,0,0,0x08017FC4
1777171708.480,659390,2,5,MOTOR,255,BROADCAST,10,HEALTH,48,HEARTBEAT,0,0,1,0,0,0,0x08017FCA
1777171708.485,659392,2,5,MOTOR,255,BROADCAST,4,TELEMETRY,80,0x50,1,0,0,0,0,0,0x08017FC4
1777171708.485,659394,2,5,MOTOR,255,BROADCAST,0,HEARTBEAT,48,HEARTBEAT,0,227,0,0,0,0,0x08017FC0
1777171708.991,659887,2,5,MOTOR,255,BROADCAST,4,TELEMETRY,80,0x50,1,0,0,0,0,0,0x08017FC4
1777171709.501,660381,2,5,MOTOR,255,BROADCAST,10,HEALTH,48,HEARTBEAT,0,0,1,0,0,0,0x08017FCA
1777171709.501,660383,2,5,MOTOR,255,BROADCAST,4,TELEMETRY,80,0x50,1,0,0,0,0,0,0x08017FC4
1777171709.501,660384,2,5,MOTOR,255,BROADCAST,0,HEARTBEAT,48,HEARTBEAT,0,228,0,0,0,0,0x08017FC0
1777171710.036,660878,2,5,MOTOR,255,BROADCAST,4,TELEMETRY,80,0x50,1,0,0,0,0,0,0x08017FC4
1777171710.462,661371,2,5,MOTOR,255,BROADCAST,10,HEALTH,48,HEARTBEAT,0,0,1,0,0,0,0x08017FCA
1777171710.464,661374,2,5,MOTOR,255,BROADCAST,4,TELEMETRY,80,0x50,1,0,0,0,0,0,0x08017FC4
1777171710.466,661375,2,5,MOTOR,255,BROADCAST,0,HEARTBEAT,48,HEARTBEAT,0,229,0,0,0,0,0x08017FC0
1777171710.960,661870,2,5,MOTOR,255,BROADCAST,4,TELEMETRY,80,0x50,1,0,0,0,0,0,0x08017FC4
1777171711.452,662361,2,5,MOTOR,255,BROADCAST,10,HEALTH,48,HEARTBEAT,0,0,1,0,0,0,0x08017FCA
1777171711.456,662365,2,5,MOTOR,255,BROADCAST,4,TELEMETRY,80,0x50,1,0,0,0,0,0,0x08017FC4
1777171711.456,662366,2,5,MOTOR,255,BROADCAST,0,HEARTBEAT,48,HEARTBEAT,0,230,0,0,0,0,0x08017FC0
1777171711.958,662860,2,5,MOTOR,255,BROADCAST,4,TELEMETRY,80,0x50,1,0,0,0,0,0,0x08017FC4
1777171712.458,663352,2,5,MOTOR,255,BROADCAST,10,HEALTH,48,HEARTBEAT,0,0,1,0,0,0,0x08017FCA
1777171712.458,663355,2,5,MOTOR,255,BROADCAST,4,TELEMETRY,80,0x50,1,0,0,0,0,0,0x08017FC4
1777171712.458,663356,2,5,MOTOR,255,BROADCAST,0,HEARTBEAT,48,HEARTBEAT,0,231,0,0,0,0,0x08017FC0
1777171712.973,663850,2,5,MOTOR,255,BROADCAST,4,TELEMETRY,80,0x50,1,0,0,0,0,0,0x08017FC4
1777171713.435,664343,2,5,MOTOR,255,BROADCAST,10,HEALTH,48,HEARTBEAT,0,0,1,0,0,0,0x08017FCA
1777171713.435,664345,2,5,MOTOR,255,BROADCAST,4,TELEMETRY,80,0x50,1,0,0,0,0,0,0x08017FC4
1777171713.490,664347,2,5,MOTOR,255,BROADCAST,0,HEARTBEAT,48,HEARTBEAT,0,232,0,0,0,0,0x08017FC0
1777171713.956,664841,2,5,MOTOR,255,BROADCAST,4,TELEMETRY,80,0x50,1,0,0,0,0,0,0x08017FC4
1777171714.424,665334,2,5,MOTOR,255,BROADCAST,10,HEALTH,48,HEARTBEAT,0,0,1,0,0,0,0x08017FCA
1777171714.427,665336,2,5,MOTOR,255,BROADCAST,4,TELEMETRY,80,0x50,1,0,0,0,0,0,0x08017FC4
1777171714.428,665337,2,5,MOTOR,255,BROADCAST,0,HEARTBEAT,48,HEARTBEAT,0,233,0,0,0,0,0x08017FC0
1777171714.924,665832,2,5,MOTOR,255,BROADCAST,4,TELEMETRY,80,0x50,1,0,0,0,0,0,0x08017FC4
1777171715.434,666324,2,5,MOTOR,255,BROADCAST,10,HEALTH,48,HEARTBEAT,0,0,1,0,0,0,0x08017FCA
1777171715.434,666327,2,5,MOTOR,255,BROADCAST,4,TELEMETRY,80,0x50,1,0,0,0,0,0,0x08017FC4
1777171715.434,666328,2,5,MOTOR,255,BROADCAST,0,HEARTBEAT,48,HEARTBEAT,0,234,0,0,0,0,0x08017FC0
1777171715.947,666822,2,5,MOTOR,255,BROADCAST,4,TELEMETRY,80,0x50,1,0,0,0,0,0,0x08017FC4
1777171716.406,667315,2,5,MOTOR,255,BROADCAST,10,HEALTH,48,HEARTBEAT,0,0,1,0,0,0,0x08017FCA
1777171716.408,667317,2,5,MOTOR,255,BROADCAST,4,TELEMETRY,80,0x50,1,0,0,0,0,0,0x08017FC4
1777171716.409,667319,2,5,MOTOR,255,BROADCAST,0,HEARTBEAT,48,HEARTBEAT,0,235,0,0,0,0,0x08017FC0
1777171716.903,667812,2,5,MOTOR,255,BROADCAST,4,TELEMETRY,80,0x50,1,0,0,0,0,0,0x08017FC4
1777171717.397,668306,2,5,MOTOR,255,BROADCAST,10,HEALTH,48,HEARTBEAT,0,0,1,0,0,0,0x08017FCA
1777171717.398,668308,2,5,MOTOR,255,BROADCAST,4,TELEMETRY,80,0x50,1,0,0,0,0,0,0x08017FC4
1777171717.399,668309,2,5,MOTOR,255,BROADCAST,0,HEARTBEAT,48,HEARTBEAT,0,236,0,0,0,0,0x08017FC0
1777171717.894,668804,2,5,MOTOR,255,BROADCAST,4,TELEMETRY,80,0x50,1,0,0,0,0,0,0x08017FC4
1777171718.401,669296,2,5,MOTOR,255,BROADCAST,10,HEALTH,48,HEARTBEAT,0,0,1,0,0,0,0x08017FCA
1777171718.401,669299,2,5,MOTOR,255,BROADCAST,4,TELEMETRY,80,0x50,1,0,0,0,0,0,0x08017FC4
1777171718.401,669300,2,5,MOTOR,255,BROADCAST,0,HEARTBEAT,48,HEARTBEAT,0,237,0,0,0,0,0x08017FC0
1777171718.913,669795,2,5,MOTOR,255,BROADCAST,4,TELEMETRY,80,0x50,1,0,0,0,0,0,0x08017FC4
1777171719.377,670286,2,5,MOTOR,255,BROADCAST,10,HEALTH,48,HEARTBEAT,0,0,1,0,0,0,0x08017FCA
1777171719.381,670290,2,5,MOTOR,255,BROADCAST,4,TELEMETRY,80,0x50,1,0,0,0,0,0,0x08017FC4
1777171719.382,670291,2,5,MOTOR,255,BROADCAST,0,HEARTBEAT,48,HEARTBEAT,0,238,0,0,0,0,0x08017FC0
1777171719.875,670785,2,5,MOTOR,255,BROADCAST,4,TELEMETRY,80,0x50,1,0,0,0,0,0,0x08017FC4
1777171720.368,671278,2,5,MOTOR,255,BROADCAST,10,HEALTH,48,HEARTBEAT,0,0,1,0,0,0,0x08017FCA
1777171720.371,671280,2,5,MOTOR,255,BROADCAST,4,TELEMETRY,80,0x50,1,0,0,0,0,0,0x08017FC4
1777171720.372,671281,2,5,MOTOR,255,BROADCAST,0,HEARTBEAT,48,HEARTBEAT,0,239,0,0,0,0,0x08017FC0
1777171720.881,671775,2,5,MOTOR,255,BROADCAST,4,TELEMETRY,80,0x50,1,0,0,0,0,0,0x08017FC4
1777171721.380,672269,2,5,MOTOR,255,BROADCAST,10,HEALTH,48,HEARTBEAT,0,0,1,0,0,0,0x08017FCA
1777171721.380,672270,2,5,MOTOR,255,BROADCAST,4,TELEMETRY,80,0x50,1,0,0,0,0,0,0x08017FC4
1777171721.380,672272,2,5,MOTOR,255,BROADCAST,0,HEARTBEAT,48,HEARTBEAT,0,240,0,0,0,0,0x08017FC0
1777171721.877,672766,2,5,MOTOR,255,BROADCAST,4,TELEMETRY,80,0x50,1,0,0,0,0,0,0x08017FC4
1777171722.350,673259,2,5,MOTOR,255,BROADCAST,10,HEALTH,48,HEARTBEAT,0,0,1,0,0,0,0x08017FCA
1777171722.352,673262,2,5,MOTOR,255,BROADCAST,4,TELEMETRY,80,0x50,1,0,0,0,0,0,0x08017FC4
1777171722.359,673263,2,5,MOTOR,255,BROADCAST,0,HEARTBEAT,48,HEARTBEAT,0,241,0,0,0,0,0x08017FC0
1777171722.849,673758,2,5,MOTOR,255,BROADCAST,4,TELEMETRY,80,0x50,1,0,0,0,0,0,0x08017FC4
1777171723.340,674249,2,5,MOTOR,255,BROADCAST,10,HEALTH,48,HEARTBEAT,0,0,1,0,0,0,0x08017FCA
1777171723.343,674253,2,5,MOTOR,255,BROADCAST,0,HEARTBEAT,48,HEARTBEAT,0,242,0,0,0,0,0x08017FC0
1777171723.345,674254,2,5,MOTOR,255,BROADCAST,4,TELEMETRY,80,0x50,1,0,0,0,0,0,0x08017FC4
1777171723.839,674748,2,5,MOTOR,255,BROADCAST,4,TELEMETRY,80,0x50,1,0,0,0,0,0,0x08017FC4
1777171724.348,675240,2,5,MOTOR,255,BROADCAST,10,HEALTH,48,HEARTBEAT,0,0,1,0,0,0,0x08017FCA
1777171724.348,675243,2,5,MOTOR,255,BROADCAST,4,TELEMETRY,80,0x50,1,0,0,0,0,0,0x08017FC4
1777171724.348,675244,2,5,MOTOR,255,BROADCAST,0,HEARTBEAT,48,HEARTBEAT,0,243,0,0,0,0,0x08017FC0
1777171724.855,675738,2,5,MOTOR,255,BROADCAST,4,TELEMETRY,80,0x50,1,0,0,0,0,0,0x08017FC4
1777171725.321,676231,2,5,MOTOR,255,BROADCAST,10,HEALTH,48,HEARTBEAT,0,0,1,0,0,0,0x08017FCA
1777171725.325,676234,2,5,MOTOR,255,BROADCAST,4,TELEMETRY,80,0x50,1,0,0,0,0,0,0x08017FC4
1777171725.359,676235,2,5,MOTOR,255,BROADCAST,0,HEARTBEAT,48,HEARTBEAT,0,244,0,0,0,0,0x08017FC0
1777171725.819,676728,2,5,MOTOR,255,BROADCAST,4,TELEMETRY,80,0x50,1,0,0,0,0,0,0x08017FC4
1777171726.317,677222,2,5,MOTOR,255,BROADCAST,10,HEALTH,48,HEARTBEAT,0,0,1,0,0,0,0x08017FCA
1777171726.317,677224,2,5,MOTOR,255,BROADCAST,4,TELEMETRY,80,0x50,1,0,0,0,0,0,0x08017FC4
1777171726.317,677225,2,5,MOTOR,255,BROADCAST,0,HEARTBEAT,48,HEARTBEAT,0,245,0,0,0,0,0x08017FC0
1777171726.813,677719,2,5,MOTOR,255,BROADCAST,4,TELEMETRY,80,0x50,1,0,0,0,0,0,0x08017FC4
1777171727.309,678212,2,5,MOTOR,255,BROADCAST,10,HEALTH,48,HEARTBEAT,0,0,1,0,0,0,0x08017FCA
1777171727.309,678215,2,5,MOTOR,255,BROADCAST,4,TELEMETRY,80,0x50,1,0,0,0,0,0,0x08017FC4
1777171727.309,678216,2,5,MOTOR,255,BROADCAST,0,HEARTBEAT,48,HEARTBEAT,0,246,0,0,0,0,0x08017FC0
1777171727.826,678711,2,5,MOTOR,255,BROADCAST,4,TELEMETRY,80,0x50,1,0,0,0,0,0,0x08017FC4
1777171728.293,679202,2,5,MOTOR,255,BROADCAST,10,HEALTH,48,HEARTBEAT,0,0,1,0,0,0,0x08017FCA
1777171728.336,679206,2,5,MOTOR,255,BROADCAST,0,HEARTBEAT,48,HEARTBEAT,0,247,0,0,0,0,0x08017FC0
1777171728.336,679207,2,5,MOTOR,255,BROADCAST,4,TELEMETRY,80,0x50,1,0,0,0,0,0,0x08017FC4
1777171728.793,679701,2,5,MOTOR,255,BROADCAST,4,TELEMETRY,80,0x50,1,0,0,0,0,0,0x08017FC4
1777171729.284,680193,2,5,MOTOR,255,BROADCAST,10,HEALTH,48,HEARTBEAT,0,0,1,0,0,0,0x08017FCA
1777171729.288,680196,2,5,MOTOR,255,BROADCAST,4,TELEMETRY,80,0x50,1,0,0,0,0,0,0x08017FC4
1777171729.288,680197,2,5,MOTOR,255,BROADCAST,0,HEARTBEAT,48,HEARTBEAT,0,248,0,0,0,0,0x08017FC0
1777171729.783,680691,2,5,MOTOR,255,BROADCAST,4,TELEMETRY,80,0x50,1,0,0,0,0,0,0x08017FC4
1777171730.278,681184,2,5,MOTOR,255,BROADCAST,10,HEALTH,48,HEARTBEAT,0,0,1,0,0,0,0x08017FCA
1777171730.278,681186,2,5,MOTOR,255,BROADCAST,4,TELEMETRY,80,0x50,1,0,0,0,0,0,0x08017FC4
1777171730.278,681187,2,5,MOTOR,255,BROADCAST,0,HEARTBEAT,48,HEARTBEAT,0,249,0,0,0,0,0x08017FC0
1777171730.787,681681,2,5,MOTOR,255,BROADCAST,4,TELEMETRY,80,0x50,1,0,0,0,0,0,0x08017FC4
1777171731.300,682174,2,5,MOTOR,255,BROADCAST,10,HEALTH,48,HEARTBEAT,0,0,1,0,0,0,0x08017FCA
1777171731.300,682176,2,5,MOTOR,255,BROADCAST,4,TELEMETRY,80,0x50,1,0,0,0,0,0,0x08017FC4
1777171731.300,682178,2,5,MOTOR,255,BROADCAST,0,HEARTBEAT,48,HEARTBEAT,0,250,0,0,0,0,0x08017FC0
1777171731.764,682672,2,5,MOTOR,255,BROADCAST,4,TELEMETRY,80,0x50,1,0,0,0,0,0,0x08017FC4
1777171732.257,683164,2,5,MOTOR,255,BROADCAST,10,HEALTH,48,HEARTBEAT,0,0,1,0,0,0,0x08017FCA
1777171732.259,683168,2,5,MOTOR,255,BROADCAST,4,TELEMETRY,80,0x50,1,0,0,0,0,0,0x08017FC4
1777171732.259,683169,2,5,MOTOR,255,BROADCAST,0,HEARTBEAT,48,HEARTBEAT,0,251,0,0,0,0,0x08017FC0
1777171732.759,683663,2,5,MOTOR,255,BROADCAST,4,TELEMETRY,80,0x50,1,0,0,0,0,0,0x08017FC4
1777171733.271,684154,2,5,MOTOR,255,BROADCAST,10,HEALTH,48,HEARTBEAT,0,0,1,0,0,0,0x08017FCA
1777171733.271,684158,2,5,MOTOR,255,BROADCAST,4,TELEMETRY,80,0x50,1,0,0,0,0,0,0x08017FC4
1777171733.271,684159,2,5,MOTOR,255,BROADCAST,0,HEARTBEAT,48,HEARTBEAT,0,252,0,0,0,0,0x08017FC0
1777171733.772,684653,2,5,MOTOR,255,BROADCAST,4,TELEMETRY,80,0x50,1,0,0,0,0,0,0x08017FC4
1777171734.286,685145,2,5,MOTOR,255,BROADCAST,10,HEALTH,48,HEARTBEAT,0,0,1,0,0,0,0x08017FCA
1777171734.286,685148,2,5,MOTOR,255,BROADCAST,4,TELEMETRY,80,0x50,1,0,0,0,0,0,0x08017FC4
1777171734.286,685150,2,5,MOTOR,255,BROADCAST,0,HEARTBEAT,48,HEARTBEAT,0,253,0,0,0,0,0x08017FC0
1777171734.733,685643,2,5,MOTOR,255,BROADCAST,4,TELEMETRY,80,0x50,1,0,0,0,0,0,0x08017FC4
1777171735.227,686135,2,5,MOTOR,255,BROADCAST,10,HEALTH,48,HEARTBEAT,0,0,1,0,0,0,0x08017FCA
1777171735.230,686138,2,5,MOTOR,255,BROADCAST,4,TELEMETRY,80,0x50,1,0,0,0,0,0,0x08017FC4
1777171735.230,686140,2,5,MOTOR,255,BROADCAST,0,HEARTBEAT,48,HEARTBEAT,0,254,0,0,0,0,0x08017FC0
1777171735.725,686634,2,5,MOTOR,255,BROADCAST,4,TELEMETRY,80,0x50,1,0,0,0,0,0,0x08017FC4
1777171736.226,687126,2,5,MOTOR,255,BROADCAST,10,HEALTH,48,HEARTBEAT,0,0,1,0,0,0,0x08017FCA
1777171736.226,687129,2,5,MOTOR,255,BROADCAST,4,TELEMETRY,80,0x50,1,0,0,0,0,0,0x08017FC4
1777171736.226,687131,2,5,MOTOR,255,BROADCAST,0,HEARTBEAT,48,HEARTBEAT,0,255,0,0,0,0,0x08017FC0
1777171736.722,687624,2,5,MOTOR,255,BROADCAST,4,TELEMETRY,80,0x50,1,0,0,0,0,0,0x08017FC4
1777171737.239,688117,2,5,MOTOR,255,BROADCAST,10,HEALTH,48,HEARTBEAT,0,0,1,0,0,0,0x08017FCA
1777171737.239,688119,2,5,MOTOR,255,BROADCAST,4,TELEMETRY,80,0x50,1,0,0,0,0,0,0x08017FC4
1777171737.239,688121,2,5,MOTOR,255,BROADCAST,0,HEARTBEAT,48,HEARTBEAT,1,0,0,0,0,0,0x08017FC0
1777171737.705,688614,2,5,MOTOR,255,BROADCAST,4,TELEMETRY,80,0x50,1,0,0,0,0,0,0x08017FC4
1777171738.207,689108,2,5,MOTOR,255,BROADCAST,10,HEALTH,48,HEARTBEAT,0,0,1,0,0,0,0x08017FCA
1777171738.207,689109,2,5,MOTOR,255,BROADCAST,4,TELEMETRY,80,0x50,1,0,0,0,0,0,0x08017FC4
1777171738.207,689112,2,5,MOTOR,255,BROADCAST,0,HEARTBEAT,48,HEARTBEAT,1,1,0,0,0,0,0x08017FC0
1777171738.697,689605,2,5,MOTOR,255,BROADCAST,4,TELEMETRY,80,0x50,1,0,0,0,0,0,0x08017FC4
1777171739.195,690098,2,5,MOTOR,255,BROADCAST,10,HEALTH,48,HEARTBEAT,0,0,1,0,0,0,0x08017FCA
1777171739.195,690101,2,5,MOTOR,255,BROADCAST,4,TELEMETRY,80,0x50,1,0,0,0,0,0,0x08017FC4
1777171739.195,690103,2,5,MOTOR,255,BROADCAST,0,HEARTBEAT,48,HEARTBEAT,1,2,0,0,0,0,0x08017FC0
1777171739.706,690597,2,5,MOTOR,255,BROADCAST,4,TELEMETRY,80,0x50,1,0,0,0,0,0,0x08017FC4
1777171740.211,691088,2,5,MOTOR,255,BROADCAST,10,HEALTH,48,HEARTBEAT,0,0,1,0,0,0,0x08017FCA
1777171740.211,691092,2,5,MOTOR,255,BROADCAST,4,TELEMETRY,80,0x50,1,0,0,0,0,0,0x08017FC4
1777171740.211,691093,2,5,MOTOR,255,BROADCAST,0,HEARTBEAT,48,HEARTBEAT,1,3,0,0,0,0,0x08017FC0
1777171740.678,691587,2,5,MOTOR,255,BROADCAST,4,TELEMETRY,80,0x50,1,0,0,0,0,0,0x08017FC4
1777171741.171,692080,2,5,MOTOR,255,BROADCAST,10,HEALTH,48,HEARTBEAT,0,0,1,0,0,0,0x08017FCA
1777171741.175,692082,2,5,MOTOR,255,BROADCAST,4,TELEMETRY,80,0x50,1,0,0,0,0,0,0x08017FC4
1777171741.175,692084,2,5,MOTOR,255,BROADCAST,0,HEARTBEAT,48,HEARTBEAT,1,4,0,0,0,0,0x08017FC0
1777171741.669,692577,2,5,MOTOR,255,BROADCAST,4,TELEMETRY,80,0x50,1,0,0,0,0,0,0x08017FC4
1777171742.162,693071,2,5,MOTOR,255,BROADCAST,10,HEALTH,48,HEARTBEAT,0,0,1,0,0,0,0x08017FCA
1777171742.163,693072,2,5,MOTOR,255,BROADCAST,4,TELEMETRY,80,0x50,1,0,0,0,0,0,0x08017FC4
1777171742.165,693075,2,5,MOTOR,255,BROADCAST,0,HEARTBEAT,48,HEARTBEAT,1,5,0,0,0,0,0x08017FC0
1777171742.682,693568,2,5,MOTOR,255,BROADCAST,4,TELEMETRY,80,0x50,1,0,0,0,0,0,0x08017FC4
1777171743.195,694061,2,5,MOTOR,255,BROADCAST,10,HEALTH,48,HEARTBEAT,0,0,1,0,0,0,0x08017FCA
1777171743.195,694063,2,5,MOTOR,255,BROADCAST,4,TELEMETRY,80,0x50,1,0,0,0,0,0,0x08017FC4
1777171743.195,694065,2,5,MOTOR,255,BROADCAST,0,HEARTBEAT,48,HEARTBEAT,1,6,0,0,0,0,0x08017FC0
1777171743.650,694559,2,5,MOTOR,255,BROADCAST,4,TELEMETRY,80,0x50,1,0,0,0,0,0,0x08017FC4
1777171744.157,695051,2,5,MOTOR,255,BROADCAST,10,HEALTH,48,HEARTBEAT,0,0,1,0,0,0,0x08017FCA
1777171744.157,695055,2,5,MOTOR,255,BROADCAST,4,TELEMETRY,80,0x50,1,0,0,0,0,0,0x08017FC4
1777171744.157,695056,2,5,MOTOR,255,BROADCAST,0,HEARTBEAT,48,HEARTBEAT,1,7,0,0,0,0,0x08017FC0
1777171744.642,695550,2,5,MOTOR,255,BROADCAST,4,TELEMETRY,80,0x50,1,0,0,0,0,0,0x08017FC4
1777171745.135,696042,2,5,MOTOR,255,BROADCAST,10,HEALTH,48,HEARTBEAT,0,0,1,0,0,0,0x08017FCA
1777171745.136,696045,2,5,MOTOR,255,BROADCAST,4,TELEMETRY,80,0x50,1,0,0,0,0,0,0x08017FC4
1777171745.139,696047,2,5,MOTOR,255,BROADCAST,0,HEARTBEAT,48,HEARTBEAT,1,8,0,0,0,0,0x08017FC0
1777171745.649,696540,2,5,MOTOR,255,BROADCAST,4,TELEMETRY,80,0x50,1,0,0,0,0,0,0x08017FC4
1777171746.316,697223,2,5,MOTOR,255,BROADCAST,4,TELEMETRY,80,0x50,1,0,0,0,0,0,0x08017FC4
1777171746.810,697719,2,5,MOTOR,255,BROADCAST,0,HEARTBEAT,48,HEARTBEAT,0,0,0,0,0,0,0x08017FC0
1777171746.812,697720,2,5,MOTOR,255,BROADCAST,10,HEALTH,48,HEARTBEAT,0,0,1,0,0,0,0x08017FCA
1777171746.813,697721,2,5,MOTOR,255,BROADCAST,4,TELEMETRY,80,0x50,1,0,0,0,0,0,0x08017FC4
1777171747.307,698214,2,5,MOTOR,255,BROADCAST,4,TELEMETRY,80,0x50,1,0,0,0,0,0,0x08017FC4
1777171747.806,698709,2,5,MOTOR,255,BROADCAST,10,HEALTH,48,HEARTBEAT,0,0,1,0,0,0,0x08017FCA
1777171747.806,698710,2,5,MOTOR,255,BROADCAST,0,HEARTBEAT,48,HEARTBEAT,0,1,0,0,0,0,0x08017FC0
1777171747.807,698711,2,5,MOTOR,255,BROADCAST,4,TELEMETRY,80,0x50,1,0,0,0,0,0,0x08017FC4
1777171748.315,699205,2,5,MOTOR,255,BROADCAST,4,TELEMETRY,80,0x50,1,0,0,0,0,0,0x08017FC4
1777171748.824,699700,2,5,MOTOR,255,BROADCAST,10,HEALTH,48,HEARTBEAT,0,0,1,0,0,0,0x08017FCA
1777171748.824,699701,2,5,MOTOR,255,BROADCAST,4,TELEMETRY,80,0x50,1,0,0,0,0,0,0x08017FC4
1777171748.824,699702,2,5,MOTOR,255,BROADCAST,0,HEARTBEAT,48,HEARTBEAT,0,2,0,0,0,0,0x08017FC0
1777171749.288,700195,2,5,MOTOR,255,BROADCAST,4,TELEMETRY,80,0x50,1,0,0,0,0,0,0x08017FC4
1777171749.783,700690,2,5,MOTOR,255,BROADCAST,10,HEALTH,48,HEARTBEAT,0,0,1,0,0,0,0x08017FCA
1777171749.783,700691,2,5,MOTOR,255,BROADCAST,4,TELEMETRY,80,0x50,1,0,0,0,0,0,0x08017FC4
1777171749.783,700692,2,5,MOTOR,255,BROADCAST,0,HEARTBEAT,48,HEARTBEAT,0,3,0,0,0,0,0x08017FC0
1777171750.276,701185,2,5,MOTOR,255,BROADCAST,4,TELEMETRY,80,0x50,1,0,0,0,0,0,0x08017FC4
1777171750.773,701681,2,5,MOTOR,255,BROADCAST,10,HEALTH,48,HEARTBEAT,0,0,1,0,0,0,0x08017FCA
1777171750.773,701682,2,5,MOTOR,255,BROADCAST,4,TELEMETRY,80,0x50,1,0,0,0,0,0,0x08017FC4
1777171750.775,701683,2,5,MOTOR,255,BROADCAST,0,HEARTBEAT,48,HEARTBEAT,0,4,0,0,0,0,0x08017FC0
1777171751.278,702176,2,5,MOTOR,255,BROADCAST,4,TELEMETRY,80,0x50,1,0,0,0,0,0,0x08017FC4
1777171751.785,702671,2,5,MOTOR,255,BROADCAST,10,HEALTH,48,HEARTBEAT,0,0,1,0,0,0,0x08017FCA
1777171751.785,702672,2,5,MOTOR,255,BROADCAST,4,TELEMETRY,80,0x50,1,0,0,0,0,0,0x08017FC4
1777171751.785,702673,2,5,MOTOR,255,BROADCAST,0,HEARTBEAT,48,HEARTBEAT,0,5,0,0,0,0,0x08017FC0
1777171752.301,703166,2,5,MOTOR,255,BROADCAST,4,TELEMETRY,80,0x50,1,0,0,0,0,0,0x08017FC4
1777171752.753,703661,2,5,MOTOR,255,BROADCAST,10,HEALTH,48,HEARTBEAT,0,0,1,0,0,0,0x08017FCA
1777171752.753,703662,2,5,MOTOR,255,BROADCAST,4,TELEMETRY,80,0x50,1,0,0,0,0,0,0x08017FC4
1777171752.754,703663,2,5,MOTOR,255,BROADCAST,0,HEARTBEAT,48,HEARTBEAT,0,6,0,0,0,0,0x08017FC0
1777171753.247,704156,2,5,MOTOR,255,BROADCAST,4,TELEMETRY,80,0x50,1,0,0,0,0,0,0x08017FC4
1777171753.744,704651,2,5,MOTOR,255,BROADCAST,10,HEALTH,48,HEARTBEAT,0,0,1,0,0,0,0x08017FCA
1777171753.744,704652,2,5,MOTOR,255,BROADCAST,4,TELEMETRY,80,0x50,1,0,0,0,0,0,0x08017FC4
1777171753.744,704654,2,5,MOTOR,255,BROADCAST,0,HEARTBEAT,48,HEARTBEAT,0,7,0,0,0,0,0x08017FC0
1777171754.246,705147,2,5,MOTOR,255,BROADCAST,4,TELEMETRY,80,0x50,1,0,0,0,0,0,0x08017FC4
1777171754.755,705642,2,5,MOTOR,255,BROADCAST,10,HEALTH,48,HEARTBEAT,0,0,1,0,0,0,0x08017FCA
1777171754.755,705643,2,5,MOTOR,255,BROADCAST,4,TELEMETRY,80,0x50,1,0,0,0,0,0,0x08017FC4
1777171754.755,705645,2,5,MOTOR,255,BROADCAST,0,HEARTBEAT,48,HEARTBEAT,0,8,0,0,0,0,0x08017FC0
1777171755.272,706138,2,5,MOTOR,255,BROADCAST,4,TELEMETRY,80,0x50,1,0,0,0,0,0,0x08017FC4
1777171755.727,706633,2,5,MOTOR,255,BROADCAST,10,HEALTH,48,HEARTBEAT,0,0,1,0,0,0,0x08017FCA
1777171755.727,706634,2,5,MOTOR,255,BROADCAST,4,TELEMETRY,80,0x50,1,0,0,0,0,0,0x08017FC4
1777171755.727,706635,2,5,MOTOR,255,BROADCAST,0,HEARTBEAT,48,HEARTBEAT,0,9,0,0,0,0,0x08017FC0
1777171756.219,707128,2,5,MOTOR,255,BROADCAST,4,TELEMETRY,80,0x50,1,0,0,0,0,0,0x08017FC4
1777171756.714,707623,2,5,MOTOR,255,BROADCAST,10,HEALTH,48,HEARTBEAT,0,0,1,0,0,0,0x08017FCA
1777171756.715,707624,2,5,MOTOR,255,BROADCAST,4,TELEMETRY,80,0x50,1,0,0,0,0,0,0x08017FC4
1777171756.716,707625,2,5,MOTOR,255,BROADCAST,0,HEARTBEAT,48,HEARTBEAT,0,10,0,0,0,0,0x08017FC0
1777171757.210,708118,2,5,MOTOR,255,BROADCAST,4,TELEMETRY,80,0x50,1,0,0,0,0,0,0x08017FC4
1777171757.715,708614,2,5,MOTOR,255,BROADCAST,10,HEALTH,48,HEARTBEAT,0,0,1,0,0,0,0x08017FCA
1777171757.715,708615,2,5,MOTOR,255,BROADCAST,4,TELEMETRY,80,0x50,1,0,0,0,0,0,0x08017FC4
1777171757.715,708616,2,5,MOTOR,255,BROADCAST,0,HEARTBEAT,48,HEARTBEAT,0,11,0,0,0,0,0x08017FC0
1777171758.259,709109,2,5,MOTOR,255,BROADCAST,4,TELEMETRY,80,0x50,1,0,0,0,0,0,0x08017FC4
1777171758.699,709605,2,5,MOTOR,255,BROADCAST,10,HEALTH,48,HEARTBEAT,0,0,1,0,0,0,0x08017FCA
1777171758.699,709606,2,5,MOTOR,255,BROADCAST,4,TELEMETRY,80,0x50,1,0,0,0,0,0,0x08017FC4
1777171758.699,709608,2,5,MOTOR,255,BROADCAST,0,HEARTBEAT,48,HEARTBEAT,0,12,0,0,0,0,0x08017FC0
1777171759.217,710101,2,5,MOTOR,255,BROADCAST,4,TELEMETRY,80,0x50,1,0,0,0,0,0,0x08017FC4
1777171759.691,710595,2,5,MOTOR,255,BROADCAST,10,HEALTH,48,HEARTBEAT,0,0,1,0,0,0,0x08017FCA
1777171759.691,710596,2,5,MOTOR,255,BROADCAST,4,TELEMETRY,80,0x50,1,0,0,0,0,0,0x08017FC4
1777171759.691,710598,2,5,MOTOR,255,BROADCAST,0,HEARTBEAT,48,HEARTBEAT,0,13,0,0,0,0,0x08017FC0
1777171760.188,711091,2,5,MOTOR,255,BROADCAST,4,TELEMETRY,80,0x50,1,0,0,0,0,0,0x08017FC4
1777171760.699,711586,2,5,MOTOR,255,BROADCAST,10,HEALTH,48,HEARTBEAT,0,0,1,0,0,0,0x08017FCA
1777171760.699,711587,2,5,MOTOR,255,BROADCAST,4,TELEMETRY,80,0x50,1,0,0,0,0,0,0x08017FC4
1777171760.699,711588,2,5,MOTOR,255,BROADCAST,0,HEARTBEAT,48,HEARTBEAT,0,14,0,0,0,0,0x08017FC0
1777171761.200,712081,2,5,MOTOR,255,BROADCAST,4,TELEMETRY,80,0x50,1,0,0,0,0,0,0x08017FC4
1777171761.668,712577,2,5,MOTOR,255,BROADCAST,10,HEALTH,48,HEARTBEAT,0,0,1,0,0,0,0x08017FCA
1777171761.670,712578,2,5,MOTOR,255,BROADCAST,4,TELEMETRY,80,0x50,1,0,0,0,0,0,0x08017FC4
1777171761.670,712579,2,5,MOTOR,255,BROADCAST,0,HEARTBEAT,48,HEARTBEAT,0,15,0,0,0,0,0x08017FC0
1777171762.164,713072,2,5,MOTOR,255,BROADCAST,4,TELEMETRY,80,0x50,1,0,0,0,0,0,0x08017FC4
1777171762.660,713568,2,5,MOTOR,255,BROADCAST,10,HEALTH,48,HEARTBEAT,0,0,1,0,0,0,0x08017FCA
1777171762.661,713569,2,5,MOTOR,255,BROADCAST,4,TELEMETRY,80,0x50,1,0,0,0,0,0,0x08017FC4
1777171762.661,713570,2,5,MOTOR,255,BROADCAST,0,HEARTBEAT,48,HEARTBEAT,0,16,0,0,0,0,0x08017FC0
1777171763.155,714063,2,5,MOTOR,255,BROADCAST,4,TELEMETRY,80,0x50,1,0,0,0,0,0,0x08017FC4
1777171763.659,714558,2,5,MOTOR,255,BROADCAST,10,HEALTH,48,HEARTBEAT,0,0,1,0,0,0,0x08017FCA
1777171763.659,714559,2,5,MOTOR,255,BROADCAST,4,TELEMETRY,80,0x50,1,0,0,0,0,0,0x08017FC4
1777171763.659,714561,2,5,MOTOR,255,BROADCAST,0,HEARTBEAT,48,HEARTBEAT,0,17,0,0,0,0,0x08017FC0
1777171764.186,715054,2,5,MOTOR,255,BROADCAST,4,TELEMETRY,80,0x50,1,0,0,0,0,0,0x08017FC4
1777171764.640,715548,2,5,MOTOR,255,BROADCAST,10,HEALTH,48,HEARTBEAT,0,0,1,0,0,0,0x08017FCA
1777171764.641,715549,2,5,MOTOR,255,BROADCAST,4,TELEMETRY,80,0x50,1,0,0,0,0,0,0x08017FC4
1777171764.642,715551,2,5,MOTOR,255,BROADCAST,0,HEARTBEAT,48,HEARTBEAT,0,18,0,0,0,0,0x08017FC0
1777171765.136,716044,2,5,MOTOR,255,BROADCAST,4,TELEMETRY,80,0x50,1,0,0,0,0,0,0x08017FC4
1777171765.632,716540,2,5,MOTOR,255,BROADCAST,10,HEALTH,48,HEARTBEAT,0,0,1,0,0,0,0x08017FCA
1777171765.632,716541,2,5,MOTOR,255,BROADCAST,4,TELEMETRY,80,0x50,1,0,0,0,0,0,0x08017FC4
1777171765.634,716542,2,5,MOTOR,255,BROADCAST,0,HEARTBEAT,48,HEARTBEAT,0,19,0,0,0,0,0x08017FC0
1777171766.127,717035,2,5,MOTOR,255,BROADCAST,4,TELEMETRY,80,0x50,1,0,0,0,0,0,0x08017FC4
1777171766.643,717531,2,5,MOTOR,255,BROADCAST,10,HEALTH,48,HEARTBEAT,0,0,1,0,0,0,0x08017FCA
1777171766.643,717532,2,5,MOTOR,255,BROADCAST,4,TELEMETRY,80,0x50,1,0,0,0,0,0,0x08017FC4
1777171766.643,717533,2,5,MOTOR,255,BROADCAST,0,HEARTBEAT,48,HEARTBEAT,0,20,0,0,0,0,0x08017FC0
1777171767.155,718026,2,5,MOTOR,255,BROADCAST,4,TELEMETRY,80,0x50,1,0,0,0,0,0,0x08017FC4
1777171767.619,718521,2,5,MOTOR,255,BROADCAST,10,HEALTH,48,HEARTBEAT,0,0,1,0,0,0,0x08017FCA
1777171767.619,718522,2,5,MOTOR,255,BROADCAST,4,TELEMETRY,80,0x50,1,0,0,0,0,0,0x08017FC4
1777171767.619,718523,2,5,MOTOR,255,BROADCAST,0,HEARTBEAT,48,HEARTBEAT,0,21,0,0,0,0,0x08017FC0
1777171768.109,719016,2,5,MOTOR,255,BROADCAST,4,TELEMETRY,80,0x50,1,0,0,0,0,0,0x08017FC4
1777171768.609,719511,2,5,MOTOR,255,BROADCAST,10,HEALTH,48,HEARTBEAT,0,0,1,0,0,0,0x08017FCA
1777171768.609,719512,2,5,MOTOR,255,BROADCAST,4,TELEMETRY,80,0x50,1,0,0,0,0,0,0x08017FC4
1777171768.609,719514,2,5,MOTOR,255,BROADCAST,0,HEARTBEAT,48,HEARTBEAT,0,22,0,0,0,0,0x08017FC0
1777171769.098,720007,2,5,MOTOR,255,BROADCAST,4,TELEMETRY,80,0x50,1,0,0,0,0,0,0x08017FC4
1777171769.609,720503,2,5,MOTOR,255,BROADCAST,10,HEALTH,48,HEARTBEAT,0,0,1,0,0,0,0x08017FCA
1777171769.609,720504,2,5,MOTOR,255,BROADCAST,4,TELEMETRY,80,0x50,1,0,0,0,0,0,0x08017FC4
1777171769.609,720505,2,5,MOTOR,255,BROADCAST,0,HEARTBEAT,48,HEARTBEAT,0,23,0,0,0,0,0x08017FC0
1777171770.159,720998,2,5,MOTOR,255,BROADCAST,4,TELEMETRY,80,0x50,1,0,0,0,0,0,0x08017FC4
1777171770.588,721494,2,5,MOTOR,255,BROADCAST,10,HEALTH,48,HEARTBEAT,0,0,1,0,0,0,0x08017FCA
1777171770.588,721495,2,5,MOTOR,255,BROADCAST,4,TELEMETRY,80,0x50,1,0,0,0,0,0,0x08017FC4
1777171770.640,721496,2,5,MOTOR,255,BROADCAST,0,HEARTBEAT,48,HEARTBEAT,0,24,0,0,0,0,0x08017FC0
1777171771.081,721989,2,5,MOTOR,255,BROADCAST,4,TELEMETRY,80,0x50,1,0,0,0,0,0,0x08017FC4
1777171771.581,722484,2,5,MOTOR,255,BROADCAST,10,HEALTH,48,HEARTBEAT,0,0,1,0,0,0,0x08017FCA
1777171771.581,722485,2,5,MOTOR,255,BROADCAST,4,TELEMETRY,80,0x50,1,0,0,0,0,0,0x08017FC4
1777171771.581,722486,2,5,MOTOR,255,BROADCAST,0,HEARTBEAT,48,HEARTBEAT,0,25,0,0,0,0,0x08017FC0
1777171772.071,722979,2,5,MOTOR,255,BROADCAST,4,TELEMETRY,80,0x50,1,0,0,0,0,0,0x08017FC4
1777171772.578,723474,2,5,MOTOR,255,BROADCAST,10,HEALTH,48,HEARTBEAT,0,0,1,0,0,0,0x08017FCA
1777171772.578,723475,2,5,MOTOR,255,BROADCAST,4,TELEMETRY,80,0x50,1,0,0,0,0,0,0x08017FC4
1777171772.578,723477,2,5,MOTOR,255,BROADCAST,0,HEARTBEAT,48,HEARTBEAT,0,26,0,0,0,0,0x08017FC0
1777171773.082,723970,2,5,MOTOR,255,BROADCAST,4,TELEMETRY,80,0x50,1,0,0,0,0,0,0x08017FC4
1777171773.605,724466,2,5,MOTOR,255,BROADCAST,10,HEALTH,48,HEARTBEAT,0,0,1,0,0,0,0x08017FCA
1777171773.605,724467,2,5,MOTOR,255,BROADCAST,4,TELEMETRY,80,0x50,1,0,0,0,0,0,0x08017FC4
1777171773.605,724468,2,5,MOTOR,255,BROADCAST,0,HEARTBEAT,48,HEARTBEAT,0,27,0,0,0,0,0x08017FC0
1777171774.053,724961,2,5,MOTOR,255,BROADCAST,4,TELEMETRY,80,0x50,1,0,0,0,0,0,0x08017FC4
1777171774.551,725457,2,5,MOTOR,255,BROADCAST,10,HEALTH,48,HEARTBEAT,0,0,1,0,0,0,0x08017FCA
1777171774.551,725458,2,5,MOTOR,255,BROADCAST,4,TELEMETRY,80,0x50,1,0,0,0,0,0,0x08017FC4
1777171774.551,725459,2,5,MOTOR,255,BROADCAST,0,HEARTBEAT,48,HEARTBEAT,0,28,0,0,0,0,0x08017FC0
1777171775.044,725952,2,5,MOTOR,255,BROADCAST,4,TELEMETRY,80,0x50,1,0,0,0,0,0,0x08017FC4
1777171775.543,726447,2,5,MOTOR,255,BROADCAST,10,HEALTH,48,HEARTBEAT,0,0,1,0,0,0,0x08017FCA
1777171775.543,726448,2,5,MOTOR,255,BROADCAST,4,TELEMETRY,80,0x50,1,0,0,0,0,0,0x08017FC4
1777171775.543,726449,2,5,MOTOR,255,BROADCAST,0,HEARTBEAT,48,HEARTBEAT,0,29,0,0,0,0,0x08017FC0
1777171776.050,726942,2,5,MOTOR,255,BROADCAST,4,TELEMETRY,80,0x50,1,0,0,0,0,0,0x08017FC4
1777171776.572,727437,2,5,MOTOR,255,BROADCAST,10,HEALTH,48,HEARTBEAT,0,0,1,0,0,0,0x08017FCA
1777171776.572,727438,2,5,MOTOR,255,BROADCAST,4,TELEMETRY,80,0x50,1,0,0,0,0,0,0x08017FC4
1777171776.572,727440,2,5,MOTOR,255,BROADCAST,0,HEARTBEAT,48,HEARTBEAT,0,30,0,0,0,0,0x08017FC0
1777171777.025,727933,2,5,MOTOR,255,BROADCAST,4,TELEMETRY,80,0x50,1,0,0,0,0,0,0x08017FC4
1777171777.521,728429,2,5,MOTOR,255,BROADCAST,10,HEALTH,48,HEARTBEAT,0,0,1,0,0,0,0x08017FCA
1777171777.522,728430,2,5,MOTOR,255,BROADCAST,4,TELEMETRY,80,0x50,1,0,0,0,0,0,0x08017FC4
1777171777.523,728431,2,5,MOTOR,255,BROADCAST,0,HEARTBEAT,48,HEARTBEAT,0,31,0,0,0,0,0x08017FC0
1777171778.016,728924,2,5,MOTOR,255,BROADCAST,4,TELEMETRY,80,0x50,1,0,0,0,0,0,0x08017FC4
1777171778.518,729420,2,5,MOTOR,255,BROADCAST,10,HEALTH,48,HEARTBEAT,0,0,1,0,0,0,0x08017FCA
1777171778.518,729421,2,5,MOTOR,255,BROADCAST,0,HEARTBEAT,48,HEARTBEAT,0,32,0,0,0,0,0x08017FC0
1777171778.518,729423,2,5,MOTOR,255,BROADCAST,4,TELEMETRY,80,0x50,1,0,0,0,0,0,0x08017FC4
1777171779.026,729915,2,5,MOTOR,255,BROADCAST,4,TELEMETRY,80,0x50,1,0,0,0,0,0,0x08017FC4
1777171779.545,730411,2,5,MOTOR,255,BROADCAST,10,HEALTH,48,HEARTBEAT,0,0,1,0,0,0,0x08017FCA
1777171779.545,730412,2,5,MOTOR,255,BROADCAST,4,TELEMETRY,80,0x50,1,0,0,0,0,0,0x08017FC4
1777171779.545,730413,2,5,MOTOR,255,BROADCAST,0,HEARTBEAT,48,HEARTBEAT,0,33,0,0,0,0,0x08017FC0
1777171779.998,730906,2,5,MOTOR,255,BROADCAST,4,TELEMETRY,80,0x50,1,0,0,0,0,0,0x08017FC4
1777171780.495,731401,2,5,MOTOR,255,BROADCAST,10,HEALTH,48,HEARTBEAT,0,0,1,0,0,0,0x08017FCA
1777171780.495,731402,2,5,MOTOR,255,BROADCAST,4,TELEMETRY,80,0x50,1,0,0,0,0,0,0x08017FC4
1777171780.495,731403,2,5,MOTOR,255,BROADCAST,0,HEARTBEAT,48,HEARTBEAT,0,34,0,0,0,0,0x08017FC0
1777171780.988,731897,2,5,MOTOR,255,BROADCAST,4,TELEMETRY,80,0x50,1,0,0,0,0,0,0x08017FC4
1777171781.486,732392,2,5,MOTOR,255,BROADCAST,10,HEALTH,48,HEARTBEAT,0,0,1,0,0,0,0x08017FCA
1777171781.486,732392,2,5,MOTOR,255,BROADCAST,4,TELEMETRY,80,0x50,1,0,0,0,0,0,0x08017FC4
1777171781.486,732394,2,5,MOTOR,255,BROADCAST,0,HEARTBEAT,48,HEARTBEAT,0,35,0,0,0,0,0x08017FC0
1777171782.001,732887,2,5,MOTOR,255,BROADCAST,4,TELEMETRY,80,0x50,1,0,0,0,0,0,0x08017FC4
1777171782.520,733383,2,5,MOTOR,255,BROADCAST,10,HEALTH,48,HEARTBEAT,0,0,1,0,0,0,0x08017FCA
1777171782.520,733384,2,5,MOTOR,255,BROADCAST,4,TELEMETRY,80,0x50,1,0,0,0,0,0,0x08017FC4
1777171782.520,733385,2,5,MOTOR,255,BROADCAST,0,HEARTBEAT,48,HEARTBEAT,0,36,0,0,0,0,0x08017FC0
1777171782.970,733878,2,5,MOTOR,255,BROADCAST,4,TELEMETRY,80,0x50,1,0,0,0,0,0,0x08017FC4
1777171783.481,734374,2,5,MOTOR,255,BROADCAST,10,HEALTH,48,HEARTBEAT,0,0,1,0,0,0,0x08017FCA
1777171783.481,734375,2,5,MOTOR,255,BROADCAST,4,TELEMETRY,80,0x50,1,0,0,0,0,0,0x08017FC4
1777171783.481,734376,2,5,MOTOR,255,BROADCAST,0,HEARTBEAT,48,HEARTBEAT,0,37,0,0,0,0,0x08017FC0
1777171783.962,734869,2,5,MOTOR,255,BROADCAST,4,TELEMETRY,80,0x50,1,0,0,0,0,0,0x08017FC4
1777171784.462,735364,2,5,MOTOR,255,BROADCAST,10,HEALTH,48,HEARTBEAT,0,0,1,0,0,0,0x08017FCA
1777171784.462,735365,2,5,MOTOR,255,BROADCAST,4,TELEMETRY,80,0x50,1,0,0,0,0,0,0x08017FC4
1777171784.462,735366,2,5,MOTOR,255,BROADCAST,0,HEARTBEAT,48,HEARTBEAT,0,38,0,0,0,0,0x08017FC0
1777171784.976,735859,2,5,MOTOR,255,BROADCAST,4,TELEMETRY,80,0x50,1,0,0,0,0,0,0x08017FC4
1777171785.486,736354,2,5,MOTOR,255,BROADCAST,10,HEALTH,48,HEARTBEAT,0,0,1,0,0,0,0x08017FCA
1777171785.486,736355,2,5,MOTOR,255,BROADCAST,4,TELEMETRY,80,0x50,1,0,0,0,0,0,0x08017FC4
1777171785.486,736357,2,5,MOTOR,255,BROADCAST,0,HEARTBEAT,48,HEARTBEAT,0,39,0,0,0,0,0x08017FC0
1777171785.942,736850,2,5,MOTOR,255,BROADCAST,4,TELEMETRY,80,0x50,1,0,0,0,0,0,0x08017FC4
1777171786.438,737346,2,5,MOTOR,255,BROADCAST,10,HEALTH,48,HEARTBEAT,0,0,1,0,0,0,0x08017FCA
1777171786.438,737347,2,5,MOTOR,255,BROADCAST,4,TELEMETRY,80,0x50,1,0,0,0,0,0,0x08017FC4
1777171786.439,737348,2,5,MOTOR,255,BROADCAST,0,HEARTBEAT,48,HEARTBEAT,0,40,0,0,0,0,0x08017FC0
1777171786.933,737841,2,5,MOTOR,255,BROADCAST,4,TELEMETRY,80,0x50,1,0,0,0,0,0,0x08017FC4
1777171787.429,738337,2,5,MOTOR,255,BROADCAST,10,HEALTH,48,HEARTBEAT,0,0,1,0,0,0,0x08017FCA
1777171787.429,738338,2,5,MOTOR,255,BROADCAST,4,TELEMETRY,80,0x50,1,0,0,0,0,0,0x08017FC4
1777171787.431,738339,2,5,MOTOR,255,BROADCAST,0,HEARTBEAT,48,HEARTBEAT,0,41,0,0,0,0,0x08017FC0
1777171787.932,738832,2,5,MOTOR,255,BROADCAST,4,TELEMETRY,80,0x50,1,0,0,0,0,0,0x08017FC4
1777171788.449,739327,2,5,MOTOR,255,BROADCAST,10,HEALTH,48,HEARTBEAT,0,0,1,0,0,0,0x08017FCA
1777171788.449,739328,2,5,MOTOR,255,BROADCAST,4,TELEMETRY,80,0x50,1,0,0,0,0,0,0x08017FC4
1777171788.449,739329,2,5,MOTOR,255,BROADCAST,0,HEARTBEAT,48,HEARTBEAT,0,42,0,0,0,0,0x08017FC0
1777171788.914,739822,2,5,MOTOR,255,BROADCAST,4,TELEMETRY,80,0x50,1,0,0,0,0,0,0x08017FC4
1777171789.409,740317,2,5,MOTOR,255,BROADCAST,10,HEALTH,48,HEARTBEAT,0,0,1,0,0,0,0x08017FCA
1777171789.410,740318,2,5,MOTOR,255,BROADCAST,4,TELEMETRY,80,0x50,1,0,0,0,0,0,0x08017FC4
1777171789.411,740319,2,5,MOTOR,255,BROADCAST,0,HEARTBEAT,48,HEARTBEAT,0,43,0,0,0,0,0x08017FC0
1777171789.906,740812,2,5,MOTOR,255,BROADCAST,4,TELEMETRY,80,0x50,1,0,0,0,0,0,0x08017FC4
1777171790.403,741308,2,5,MOTOR,255,BROADCAST,10,HEALTH,48,HEARTBEAT,0,0,1,0,0,0,0x08017FCA
1777171790.403,741309,2,5,MOTOR,255,BROADCAST,4,TELEMETRY,80,0x50,1,0,0,0,0,0,0x08017FC4
1777171790.403,741311,2,5,MOTOR,255,BROADCAST,0,HEARTBEAT,48,HEARTBEAT,0,44,0,0,0,0,0x08017FC0
1777171790.910,741804,2,5,MOTOR,255,BROADCAST,4,TELEMETRY,80,0x50,1,0,0,0,0,0,0x08017FC4
1777171791.420,742300,2,5,MOTOR,255,BROADCAST,10,HEALTH,48,HEARTBEAT,0,0,1,0,0,0,0x08017FCA
1777171791.420,742301,2,5,MOTOR,255,BROADCAST,0,HEARTBEAT,48,HEARTBEAT,0,45,0,0,0,0,0x08017FC0
1777171791.420,742302,2,5,MOTOR,255,BROADCAST,4,TELEMETRY,80,0x50,1,0,0,0,0,0,0x08017FC4
1777171791.934,742795,2,5,MOTOR,255,BROADCAST,4,TELEMETRY,80,0x50,1,0,0,0,0,0,0x08017FC4
1777171792.384,743290,2,5,MOTOR,255,BROADCAST,10,HEALTH,48,HEARTBEAT,0,0,1,0,0,0,0x08017FCA
1777171792.384,743291,2,5,MOTOR,255,BROADCAST,0,HEARTBEAT,48,HEARTBEAT,0,46,0,0,0,0,0x08017FC0
1777171792.384,743292,2,5,MOTOR,255,BROADCAST,4,TELEMETRY,80,0x50,1,0,0,0,0,0,0x08017FC4
1777171792.879,743788,2,5,MOTOR,255,BROADCAST,4,TELEMETRY,80,0x50,1,0,0,0,0,0,0x08017FC4
1777171793.374,744280,2,5,MOTOR,255,BROADCAST,10,HEALTH,48,HEARTBEAT,0,0,1,0,0,0,0x08017FCA
1777171793.375,744282,2,5,MOTOR,255,BROADCAST,0,HEARTBEAT,48,HEARTBEAT,0,47,0,0,0,0,0x08017FC0
1777171793.375,744283,2,5,MOTOR,255,BROADCAST,4,TELEMETRY,80,0x50,1,0,0,0,0,0,0x08017FC4
1777171793.882,744778,2,5,MOTOR,255,BROADCAST,4,TELEMETRY,80,0x50,1,0,0,0,0,0,0x08017FC4
1777171794.410,745270,2,5,MOTOR,255,BROADCAST,10,HEALTH,48,HEARTBEAT,0,0,1,0,0,0,0x08017FCA
1777171794.410,745272,2,5,MOTOR,255,BROADCAST,0,HEARTBEAT,48,HEARTBEAT,0,48,0,0,0,0,0x08017FC0
1777171794.410,745273,2,5,MOTOR,255,BROADCAST,4,TELEMETRY,80,0x50,1,0,0,0,0,0,0x08017FC4
1777171794.897,745768,2,5,MOTOR,255,BROADCAST,4,TELEMETRY,80,0x50,1,0,0,0,0,0,0x08017FC4
1777171795.358,746262,2,5,MOTOR,255,BROADCAST,10,HEALTH,48,HEARTBEAT,0,0,1,0,0,0,0x08017FCA
1777171795.358,746263,2,5,MOTOR,255,BROADCAST,0,HEARTBEAT,48,HEARTBEAT,0,49,0,0,0,0,0x08017FC0
1777171795.358,746264,2,5,MOTOR,255,BROADCAST,4,TELEMETRY,80,0x50,1,0,0,0,0,0,0x08017FC4
1777171795.853,746758,2,5,MOTOR,255,BROADCAST,4,TELEMETRY,80,0x50,1,0,0,0,0,0,0x08017FC4
1777171796.346,747252,2,5,MOTOR,255,BROADCAST,10,HEALTH,48,HEARTBEAT,0,0,1,0,0,0,0x08017FCA
1777171796.346,747253,2,5,MOTOR,255,BROADCAST,4,TELEMETRY,80,0x50,1,0,0,0,0,0,0x08017FC4
1777171796.346,747254,2,5,MOTOR,255,BROADCAST,0,HEARTBEAT,48,HEARTBEAT,0,50,0,0,0,0,0x08017FC0
1777171796.852,747749,2,5,MOTOR,255,BROADCAST,4,TELEMETRY,80,0x50,1,0,0,0,0,0,0x08017FC4
1777171797.358,748242,2,5,MOTOR,255,BROADCAST,10,HEALTH,48,HEARTBEAT,0,0,1,0,0,0,0x08017FCA
1777171797.358,748244,2,5,MOTOR,255,BROADCAST,0,HEARTBEAT,48,HEARTBEAT,0,51,0,0,0,0,0x08017FC0
1777171797.358,748245,2,5,MOTOR,255,BROADCAST,4,TELEMETRY,80,0x50,1,0,0,0,0,0,0x08017FC4
1777171797.871,748740,2,5,MOTOR,255,BROADCAST,4,TELEMETRY,80,0x50,1,0,0,0,0,0,0x08017FC4
1777171798.327,749232,2,5,MOTOR,255,BROADCAST,10,HEALTH,48,HEARTBEAT,0,0,1,0,0,0,0x08017FCA
1777171798.327,749235,2,5,MOTOR,255,BROADCAST,4,TELEMETRY,80,0x50,1,0,0,0,0,0,0x08017FC4
1777171798.327,749236,2,5,MOTOR,255,BROADCAST,0,HEARTBEAT,48,HEARTBEAT,0,52,0,0,0,0,0x08017FC0
1777171798.821,749730,2,5,MOTOR,255,BROADCAST,4,TELEMETRY,80,0x50,1,0,0,0,0,0,0x08017FC4
1777171799.321,750224,2,5,MOTOR,255,BROADCAST,10,HEALTH,48,HEARTBEAT,0,0,1,0,0,0,0x08017FCA
1777171799.321,750225,2,5,MOTOR,255,BROADCAST,4,TELEMETRY,80,0x50,1,0,0,0,0,0,0x08017FC4
1777171799.321,750226,2,5,MOTOR,255,BROADCAST,0,HEARTBEAT,48,HEARTBEAT,0,53,0,0,0,0,0x08017FC0
1777171799.816,750721,2,5,MOTOR,255,BROADCAST,4,TELEMETRY,80,0x50,1,0,0,0,0,0,0x08017FC4
1777171800.339,751214,2,5,MOTOR,255,BROADCAST,10,HEALTH,48,HEARTBEAT,0,0,1,0,0,0,0x08017FCA
1777171800.339,751216,2,5,MOTOR,255,BROADCAST,4,TELEMETRY,80,0x50,1,0,0,0,0,0,0x08017FC4
1777171800.339,751217,2,5,MOTOR,255,BROADCAST,0,HEARTBEAT,48,HEARTBEAT,0,54,0,0,0,0,0x08017FC0
1777171800.836,751712,2,5,MOTOR,255,BROADCAST,4,TELEMETRY,80,0x50,1,0,0,0,0,0,0x08017FC4
1777171801.297,752204,2,5,MOTOR,255,BROADCAST,10,HEALTH,48,HEARTBEAT,0,0,1,0,0,0,0x08017FCA
1777171801.299,752207,2,5,MOTOR,255,BROADCAST,0,HEARTBEAT,48,HEARTBEAT,0,55,0,0,0,0,0x08017FC0
1777171801.300,752208,2,5,MOTOR,255,BROADCAST,4,TELEMETRY,80,0x50,1,0,0,0,0,0,0x08017FC4
1777171801.797,752703,2,5,MOTOR,255,BROADCAST,4,TELEMETRY,80,0x50,1,0,0,0,0,0,0x08017FC4
1777171802.291,753195,2,5,MOTOR,255,BROADCAST,10,HEALTH,48,HEARTBEAT,0,0,1,0,0,0,0x08017FCA
1777171802.291,753198,2,5,MOTOR,255,BROADCAST,4,TELEMETRY,80,0x50,1,0,0,0,0,0,0x08017FC4
1777171802.291,753199,2,5,MOTOR,255,BROADCAST,0,HEARTBEAT,48,HEARTBEAT,0,56,0,0,0,0,0x08017FC0
1777171802.788,753693,2,5,MOTOR,255,BROADCAST,4,TELEMETRY,80,0x50,1,0,0,0,0,0,0x08017FC4
1777171803.299,754187,2,5,MOTOR,255,BROADCAST,10,HEALTH,48,HEARTBEAT,0,0,1,0,0,0,0x08017FCA
1777171803.299,754188,2,5,MOTOR,255,BROADCAST,4,TELEMETRY,80,0x50,1,0,0,0,0,0,0x08017FC4
1777171803.299,754189,2,5,MOTOR,255,BROADCAST,0,HEARTBEAT,48,HEARTBEAT,0,57,0,0,0,0,0x08017FC0
1777171803.832,754684,2,5,MOTOR,255,BROADCAST,4,TELEMETRY,80,0x50,1,0,0,0,0,0,0x08017FC4
1777171804.269,755177,2,5,MOTOR,255,BROADCAST,10,HEALTH,48,HEARTBEAT,0,0,1,0,0,0,0x08017FCA
1777171804.271,755180,2,5,MOTOR,255,BROADCAST,4,TELEMETRY,80,0x50,1,0,0,0,0,0,0x08017FC4
1777171804.273,755181,2,5,MOTOR,255,BROADCAST,0,HEARTBEAT,48,HEARTBEAT,0,58,0,0,0,0,0x08017FC0
1777171804.771,755676,2,5,MOTOR,255,BROADCAST,4,TELEMETRY,80,0x50,1,0,0,0,0,0,0x08017FC4
1777171805.259,756167,2,5,MOTOR,255,BROADCAST,10,HEALTH,48,HEARTBEAT,0,0,1,0,0,0,0x08017FCA
1777171805.263,756170,2,5,MOTOR,255,BROADCAST,0,HEARTBEAT,48,HEARTBEAT,0,59,0,0,0,0,0x08017FC0
1777171805.263,756171,2,5,MOTOR,255,BROADCAST,4,TELEMETRY,80,0x50,1,0,0,0,0,0,0x08017FC4
1777171805.758,756666,2,5,MOTOR,255,BROADCAST,4,TELEMETRY,80,0x50,1,0,0,0,0,0,0x08017FC4
1777171806.279,757158,2,5,MOTOR,255,BROADCAST,10,HEALTH,48,HEARTBEAT,0,0,1,0,0,0,0x08017FCA
1777171806.279,757161,2,5,MOTOR,255,BROADCAST,4,TELEMETRY,80,0x50,1,0,0,0,0,0,0x08017FC4
1777171806.279,757162,2,5,MOTOR,255,BROADCAST,0,HEARTBEAT,48,HEARTBEAT,0,60,0,0,0,0,0x08017FC0
1777171806.796,757656,2,5,MOTOR,255,BROADCAST,4,TELEMETRY,80,0x50,1,0,0,0,0,0,0x08017FC4
1777171807.244,758150,2,5,MOTOR,255,BROADCAST,10,HEALTH,48,HEARTBEAT,0,0,1,0,0,0,0x08017FCA
1777171807.244,758151,2,5,MOTOR,255,BROADCAST,4,TELEMETRY,80,0x50,1,0,0,0,0,0,0x08017FC4
1777171807.244,758152,2,5,MOTOR,255,BROADCAST,0,HEARTBEAT,48,HEARTBEAT,0,61,0,0,0,0,0x08017FC0
1777171807.739,758647,2,5,MOTOR,255,BROADCAST,4,TELEMETRY,80,0x50,1,0,0,0,0,0,0x08017FC4
1777171808.231,759140,2,5,MOTOR,255,BROADCAST,10,HEALTH,48,HEARTBEAT,0,0,1,0,0,0,0x08017FCA
1777171808.235,759142,2,5,MOTOR,255,BROADCAST,4,TELEMETRY,80,0x50,1,0,0,0,0,0,0x08017FC4
1777171808.236,759143,2,5,MOTOR,255,BROADCAST,0,HEARTBEAT,48,HEARTBEAT,0,62,0,0,0,0,0x08017FC0
1777171808.732,759638,2,5,MOTOR,255,BROADCAST,4,TELEMETRY,80,0x50,1,0,0,0,0,0,0x08017FC4
1777171809.240,760130,2,5,MOTOR,255,BROADCAST,10,HEALTH,48,HEARTBEAT,0,0,1,0,0,0,0x08017FCA
1777171809.242,760133,2,5,MOTOR,255,BROADCAST,0,HEARTBEAT,48,HEARTBEAT,0,63,0,0,0,0,0x08017FC0
1777171809.242,760135,2,5,MOTOR,255,BROADCAST,4,TELEMETRY,80,0x50,1,0,0,0,0,0,0x08017FC4
1777171809.766,760628,2,5,MOTOR,255,BROADCAST,4,TELEMETRY,80,0x50,1,0,0,0,0,0,0x08017FC4
1777171810.214,761121,2,5,MOTOR,255,BROADCAST,10,HEALTH,48,HEARTBEAT,0,0,1,0,0,0,0x08017FCA
1777171810.216,761124,2,5,MOTOR,255,BROADCAST,4,TELEMETRY,80,0x50,1,0,0,0,0,0,0x08017FC4
1777171810.217,761125,2,5,MOTOR,255,BROADCAST,0,HEARTBEAT,48,HEARTBEAT,0,64,0,0,0,0,0x08017FC0
1777171810.711,761619,2,5,MOTOR,255,BROADCAST,4,TELEMETRY,80,0x50,1,0,0,0,0,0,0x08017FC4
1777171811.204,762113,2,5,MOTOR,255,BROADCAST,10,HEALTH,48,HEARTBEAT,0,0,1,0,0,0,0x08017FCA
1777171811.207,762114,2,5,MOTOR,255,BROADCAST,4,TELEMETRY,80,0x50,1,0,0,0,0,0,0x08017FC4
1777171811.209,762115,2,5,MOTOR,255,BROADCAST,0,HEARTBEAT,48,HEARTBEAT,0,65,0,0,0,0,0x08017FC0
1777171811.702,762610,2,5,MOTOR,255,BROADCAST,4,TELEMETRY,80,0x50,1,0,0,0,0,0,0x08017FC4
1777171812.209,763103,2,5,MOTOR,255,BROADCAST,10,HEALTH,48,HEARTBEAT,0,0,1,0,0,0,0x08017FCA
1777171812.209,763105,2,5,MOTOR,255,BROADCAST,4,TELEMETRY,80,0x50,1,0,0,0,0,0,0x08017FC4
1777171812.209,763106,2,5,MOTOR,255,BROADCAST,0,HEARTBEAT,48,HEARTBEAT,0,66,0,0,0,0,0x08017FC0
1777171812.720,763601,2,5,MOTOR,255,BROADCAST,4,TELEMETRY,80,0x50,1,0,0,0,0,0,0x08017FC4
1777171813.208,764093,2,5,MOTOR,255,BROADCAST,10,HEALTH,48,HEARTBEAT,0,0,1,0,0,0,0x08017FCA
1777171813.249,764096,2,5,MOTOR,255,BROADCAST,0,HEARTBEAT,48,HEARTBEAT,0,67,0,0,0,0,0x08017FC0
1777171813.249,764097,2,5,MOTOR,255,BROADCAST,4,TELEMETRY,80,0x50,1,0,0,0,0,0,0x08017FC4
1777171813.685,764591,2,5,MOTOR,255,BROADCAST,4,TELEMETRY,80,0x50,1,0,0,0,0,0,0x08017FC4
1777171814.257,765084,2,5,MOTOR,255,BROADCAST,10,HEALTH,48,HEARTBEAT,0,0,1,0,0,0,0x08017FCA
1777171814.257,765087,2,5,MOTOR,255,BROADCAST,4,TELEMETRY,80,0x50,1,0,0,0,0,0,0x08017FC4
1777171814.257,765088,2,5,MOTOR,255,BROADCAST,0,HEARTBEAT,48,HEARTBEAT,0,68,0,0,0,0,0x08017FC0
1777171814.685,765582,2,5,MOTOR,255,BROADCAST,4,TELEMETRY,80,0x50,1,0,0,0,0,0,0x08017FC4
1777171815.178,766075,2,5,MOTOR,255,BROADCAST,10,HEALTH,48,HEARTBEAT,0,0,1,0,0,0,0x08017FCA
1777171815.178,766077,2,5,MOTOR,255,BROADCAST,4,TELEMETRY,80,0x50,1,0,0,0,0,0,0x08017FC4
1777171815.178,766078,2,5,MOTOR,255,BROADCAST,0,HEARTBEAT,48,HEARTBEAT,0,69,0,0,0,0,0x08017FC0
1777171815.688,766573,2,5,MOTOR,255,BROADCAST,4,TELEMETRY,80,0x50,1,0,0,0,0,0,0x08017FC4
1777171816.210,767066,2,5,MOTOR,255,BROADCAST,10,HEALTH,48,HEARTBEAT,0,0,1,0,0,0,0x08017FCA
1777171816.210,767068,2,5,MOTOR,255,BROADCAST,4,TELEMETRY,80,0x50,1,0,0,0,0,0,0x08017FC4
1777171816.210,767069,2,5,MOTOR,255,BROADCAST,0,HEARTBEAT,48,HEARTBEAT,0,70,0,0,0,0,0x08017FC0
1777171816.661,767564,2,5,MOTOR,255,BROADCAST,4,TELEMETRY,80,0x50,1,0,0,0,0,0,0x08017FC4
1777171817.151,768056,2,5,MOTOR,255,BROADCAST,10,HEALTH,48,HEARTBEAT,0,0,1,0,0,0,0x08017FCA
1777171817.151,768059,2,5,MOTOR,255,BROADCAST,0,HEARTBEAT,48,HEARTBEAT,0,71,0,0,0,0,0x08017FC0
1777171817.152,768060,2,5,MOTOR,255,BROADCAST,4,TELEMETRY,80,0x50,1,0,0,0,0,0,0x08017FC4
1777171817.649,768554,2,5,MOTOR,255,BROADCAST,4,TELEMETRY,80,0x50,1,0,0,0,0,0,0x08017FC4
1777171818.146,769047,2,5,MOTOR,255,BROADCAST,10,HEALTH,48,HEARTBEAT,0,0,1,0,0,0,0x08017FCA
1777171818.146,769049,2,5,MOTOR,255,BROADCAST,4,TELEMETRY,80,0x50,1,0,0,0,0,0,0x08017FC4
1777171818.146,769051,2,5,MOTOR,255,BROADCAST,0,HEARTBEAT,48,HEARTBEAT,0,72,0,0,0,0,0x08017FC0
1777171818.659,769544,2,5,MOTOR,255,BROADCAST,4,TELEMETRY,80,0x50,1,0,0,0,0,0,0x08017FC4
1777171819.173,770039,2,5,MOTOR,255,BROADCAST,10,HEALTH,48,HEARTBEAT,0,0,1,0,0,0,0x08017FCA
1777171819.173,770040,2,5,MOTOR,255,BROADCAST,4,TELEMETRY,80,0x50,1,0,0,0,0,0,0x08017FC4
1777171819.173,770041,2,5,MOTOR,255,BROADCAST,0,HEARTBEAT,48,HEARTBEAT,0,73,0,0,0,0,0x08017FC0
1777171819.697,770536,2,5,MOTOR,255,BROADCAST,4,TELEMETRY,80,0x50,1,0,0,0,0,0,0x08017FC4
1777171820.121,771029,2,5,MOTOR,255,BROADCAST,10,HEALTH,48,HEARTBEAT,0,0,1,0,0,0,0x08017FCA
1777171820.123,771031,2,5,MOTOR,255,BROADCAST,4,TELEMETRY,80,0x50,1,0,0,0,0,0,0x08017FC4
1777171820.124,771032,2,5,MOTOR,255,BROADCAST,0,HEARTBEAT,48,HEARTBEAT,0,74,0,0,0,0,0x08017FC0
1777171820.620,771527,2,5,MOTOR,255,BROADCAST,4,TELEMETRY,80,0x50,1,0,0,0,0,0,0x08017FC4
1777171821.118,772019,2,5,MOTOR,255,BROADCAST,10,HEALTH,48,HEARTBEAT,0,0,1,0,0,0,0x08017FCA
1777171821.118,772022,2,5,MOTOR,255,BROADCAST,0,HEARTBEAT,48,HEARTBEAT,0,75,0,0,0,0,0x08017FC0
1777171821.118,772023,2,5,MOTOR,255,BROADCAST,4,TELEMETRY,80,0x50,1,0,0,0,0,0,0x08017FC4
1777171821.632,772517,2,5,MOTOR,255,BROADCAST,4,TELEMETRY,80,0x50,1,0,0,0,0,0,0x08017FC4
1777171822.143,773010,2,5,MOTOR,255,BROADCAST,10,HEALTH,48,HEARTBEAT,0,0,1,0,0,0,0x08017FCA
1777171822.143,773012,2,5,MOTOR,255,BROADCAST,4,TELEMETRY,80,0x50,1,0,0,0,0,0,0x08017FC4
1777171822.143,773013,2,5,MOTOR,255,BROADCAST,0,HEARTBEAT,48,HEARTBEAT,0,76,0,0,0,0,0x08017FC0
1777171822.604,773507,2,5,MOTOR,255,BROADCAST,4,TELEMETRY,80,0x50,1,0,0,0,0,0,0x08017FC4
1777171823.110,774001,2,5,MOTOR,255,BROADCAST,10,HEALTH,48,HEARTBEAT,0,0,1,0,0,0,0x08017FCA
1777171823.110,774003,2,5,MOTOR,255,BROADCAST,4,TELEMETRY,80,0x50,1,0,0,0,0,0,0x08017FC4
1777171823.110,774004,2,5,MOTOR,255,BROADCAST,0,HEARTBEAT,48,HEARTBEAT,0,77,0,0,0,0,0x08017FC0
1777171823.591,774499,2,5,MOTOR,255,BROADCAST,4,TELEMETRY,80,0x50,1,0,0,0,0,0,0x08017FC4
1777171824.098,774991,2,5,MOTOR,255,BROADCAST,10,HEALTH,48,HEARTBEAT,0,0,1,0,0,0,0x08017FCA
1777171824.098,774994,2,5,MOTOR,255,BROADCAST,4,TELEMETRY,80,0x50,1,0,0,0,0,0,0x08017FC4
1777171824.098,774995,2,5,MOTOR,255,BROADCAST,0,HEARTBEAT,48,HEARTBEAT,0,78,0,0,0,0,0x08017FC0
1777171824.611,775490,2,5,MOTOR,255,BROADCAST,4,TELEMETRY,80,0x50,1,0,0,0,0,0,0x08017FC4
1777171825.119,775982,2,5,MOTOR,255,BROADCAST,10,HEALTH,48,HEARTBEAT,0,0,1,0,0,0,0x08017FCA
1777171825.119,775985,2,5,MOTOR,255,BROADCAST,0,HEARTBEAT,48,HEARTBEAT,0,79,0,0,0,0,0x08017FC0
1777171825.119,775986,2,5,MOTOR,255,BROADCAST,4,TELEMETRY,80,0x50,1,0,0,0,0,0,0x08017FC4
1777171825.579,776480,2,5,MOTOR,255,BROADCAST,4,TELEMETRY,80,0x50,1,0,0,0,0,0,0x08017FC4
1777171826.067,776973,2,5,MOTOR,255,BROADCAST,10,HEALTH,48,HEARTBEAT,0,0,1,0,0,0,0x08017FCA
1777171826.079,776975,2,5,MOTOR,255,BROADCAST,4,TELEMETRY,80,0x50,1,0,0,0,0,0,0x08017FC4
1777171826.079,776976,2,5,MOTOR,255,BROADCAST,0,HEARTBEAT,48,HEARTBEAT,0,80,0,0,0,0,0x08017FC0
1777171826.567,777470,2,5,MOTOR,255,BROADCAST,4,TELEMETRY,80,0x50,1,0,0,0,0,0,0x08017FC4
1777171827.059,777964,2,5,MOTOR,255,BROADCAST,10,HEALTH,48,HEARTBEAT,0,0,1,0,0,0,0x08017FCA
1777171827.059,777965,2,5,MOTOR,255,BROADCAST,4,TELEMETRY,80,0x50,1,0,0,0,0,0,0x08017FC4
1777171827.059,777966,2,5,MOTOR,255,BROADCAST,0,HEARTBEAT,48,HEARTBEAT,0,81,0,0,0,0,0x08017FC0
1777171827.569,778461,2,5,MOTOR,255,BROADCAST,4,TELEMETRY,80,0x50,1,0,0,0,0,0,0x08017FC4
1777171828.118,778954,2,5,MOTOR,255,BROADCAST,10,HEALTH,48,HEARTBEAT,0,0,1,0,0,0,0x08017FCA
1777171828.118,778956,2,5,MOTOR,255,BROADCAST,4,TELEMETRY,80,0x50,1,0,0,0,0,0,0x08017FC4
1777171828.118,778958,2,5,MOTOR,255,BROADCAST,0,HEARTBEAT,48,HEARTBEAT,0,82,0,0,0,0,0x08017FC0
1777171828.548,779452,2,5,MOTOR,255,BROADCAST,4,TELEMETRY,80,0x50,1,0,0,0,0,0,0x08017FC4
1777171829.037,779944,2,5,MOTOR,255,BROADCAST,10,HEALTH,48,HEARTBEAT,0,0,1,0,0,0,0x08017FCA
1777171829.042,779947,2,5,MOTOR,255,BROADCAST,0,HEARTBEAT,48,HEARTBEAT,0,83,0,0,0,0,0x08017FC0
1777171829.042,779948,2,5,MOTOR,255,BROADCAST,4,TELEMETRY,80,0x50,1,0,0,0,0,0,0x08017FC4
1777171829.535,780443,2,5,MOTOR,255,BROADCAST,4,TELEMETRY,80,0x50,1,0,0,0,0,0,0x08017FC4
1777171830.029,780935,2,5,MOTOR,255,BROADCAST,10,HEALTH,48,HEARTBEAT,0,0,1,0,0,0,0x08017FCA
1777171830.030,780938,2,5,MOTOR,255,BROADCAST,4,TELEMETRY,80,0x50,1,0,0,0,0,0,0x08017FC4
1777171830.032,780939,2,5,MOTOR,255,BROADCAST,0,HEARTBEAT,48,HEARTBEAT,0,84,0,0,0,0,0x08017FC0
1777171830.563,781433,2,5,MOTOR,255,BROADCAST,4,TELEMETRY,80,0x50,1,0,0,0,0,0,0x08017FC4
1777171831.045,781927,2,5,MOTOR,255,BROADCAST,10,HEALTH,48,HEARTBEAT,0,0,1,0,0,0,0x08017FCA
1777171831.045,781928,2,5,MOTOR,255,BROADCAST,4,TELEMETRY,80,0x50,1,0,0,0,0,0,0x08017FC4
1777171831.045,781929,2,5,MOTOR,255,BROADCAST,0,HEARTBEAT,48,HEARTBEAT,0,85,0,0,0,0,0x08017FC0
1777171831.517,782424,2,5,MOTOR,255,BROADCAST,4,TELEMETRY,80,0x50,1,0,0,0,0,0,0x08017FC4
1777171832.009,782917,2,5,MOTOR,255,BROADCAST,10,HEALTH,48,HEARTBEAT,0,0,1,0,0,0,0x08017FCA
1777171832.012,782919,2,5,MOTOR,255,BROADCAST,4,TELEMETRY,80,0x50,1,0,0,0,0,0,0x08017FC4
1777171832.013,782920,2,5,MOTOR,255,BROADCAST,0,HEARTBEAT,48,HEARTBEAT,0,86,0,0,0,0,0x08017FC0
1777171832.508,783415,2,5,MOTOR,255,BROADCAST,4,TELEMETRY,80,0x50,1,0,0,0,0,0,0x08017FC4
1777171833.001,783907,2,5,MOTOR,255,BROADCAST,10,HEALTH,48,HEARTBEAT,0,0,1,0,0,0,0x08017FCA
1777171833.006,783910,2,5,MOTOR,255,BROADCAST,0,HEARTBEAT,48,HEARTBEAT,0,87,0,0,0,0,0x08017FC0
1777171833.006,783911,2,5,MOTOR,255,BROADCAST,4,TELEMETRY,80,0x50,1,0,0,0,0,0,0x08017FC4
1777171833.499,784405,2,5,MOTOR,255,BROADCAST,4,TELEMETRY,80,0x50,1,0,0,0,0,0,0x08017FC4
1777171834.049,784898,2,5,MOTOR,255,BROADCAST,10,HEALTH,48,HEARTBEAT,0,0,1,0,0,0,0x08017FCA
1777171834.049,784901,2,5,MOTOR,255,BROADCAST,4,TELEMETRY,80,0x50,1,0,0,0,0,0,0x08017FC4
1777171834.049,784902,2,5,MOTOR,255,BROADCAST,0,HEARTBEAT,48,HEARTBEAT,0,88,0,0,0,0,0x08017FC0
1777171834.552,785396,2,5,MOTOR,255,BROADCAST,4,TELEMETRY,80,0x50,1,0,0,0,0,0,0x08017FC4
1777171834.982,785889,2,5,MOTOR,255,BROADCAST,10,HEALTH,48,HEARTBEAT,0,0,1,0,0,0,0x08017FCA
1777171834.984,785891,2,5,MOTOR,255,BROADCAST,4,TELEMETRY,80,0x50,1,0,0,0,0,0,0x08017FC4
1777171834.985,785892,2,5,MOTOR,255,BROADCAST,0,HEARTBEAT,48,HEARTBEAT,0,89,0,0,0,0,0x08017FC0
1777171835.480,786387,2,5,MOTOR,255,BROADCAST,4,TELEMETRY,80,0x50,1,0,0,0,0,0,0x08017FC4
1777171835.972,786880,2,5,MOTOR,255,BROADCAST,10,HEALTH,48,HEARTBEAT,0,0,1,0,0,0,0x08017FCA
1777171835.975,786882,2,5,MOTOR,255,BROADCAST,4,TELEMETRY,80,0x50,1,0,0,0,0,0,0x08017FC4
1777171835.975,786883,2,5,MOTOR,255,BROADCAST,0,HEARTBEAT,48,HEARTBEAT,0,90,0,0,0,0,0x08017FC0
1777171836.469,787378,2,5,MOTOR,255,BROADCAST,4,TELEMETRY,80,0x50,1,0,0,0,0,0,0x08017FC4
1777171836.981,787870,2,5,MOTOR,255,BROADCAST,10,HEALTH,48,HEARTBEAT,0,0,1,0,0,0,0x08017FCA
1777171836.981,787873,2,5,MOTOR,255,BROADCAST,0,HEARTBEAT,48,HEARTBEAT,0,91,0,0,0,0,0x08017FC0
1777171836.981,787874,2,5,MOTOR,255,BROADCAST,4,TELEMETRY,80,0x50,1,0,0,0,0,0,0x08017FC4
1777171837.501,788368,2,5,MOTOR,255,BROADCAST,4,TELEMETRY,80,0x50,1,0,0,0,0,0,0x08017FC4
1777171837.953,788861,2,5,MOTOR,255,BROADCAST,10,HEALTH,48,HEARTBEAT,0,0,1,0,0,0,0x08017FCA
1777171837.956,788864,2,5,MOTOR,255,BROADCAST,4,TELEMETRY,80,0x50,1,0,0,0,0,0,0x08017FC4
1777171837.957,788865,2,5,MOTOR,255,BROADCAST,0,HEARTBEAT,48,HEARTBEAT,0,92,0,0,0,0,0x08017FC0
1777171838.451,789359,2,5,MOTOR,255,BROADCAST,4,TELEMETRY,80,0x50,1,0,0,0,0,0,0x08017FC4
1777171838.945,789852,2,5,MOTOR,255,BROADCAST,10,HEALTH,48,HEARTBEAT,0,0,1,0,0,0,0x08017FCA
1777171838.947,789854,2,5,MOTOR,255,BROADCAST,4,TELEMETRY,80,0x50,1,0,0,0,0,0,0x08017FC4
1777171838.947,789855,2,5,MOTOR,255,BROADCAST,0,HEARTBEAT,48,HEARTBEAT,0,93,0,0,0,0,0x08017FC0
1777171839.447,790350,2,5,MOTOR,255,BROADCAST,4,TELEMETRY,80,0x50,1,0,0,0,0,0,0x08017FC4
1777171839.951,790843,2,5,MOTOR,255,BROADCAST,10,HEALTH,48,HEARTBEAT,0,0,1,0,0,0,0x08017FCA
1777171839.951,790845,2,5,MOTOR,255,BROADCAST,4,TELEMETRY,80,0x50,1,0,0,0,0,0,0x08017FC4
1777171839.951,790846,2,5,MOTOR,255,BROADCAST,0,HEARTBEAT,48,HEARTBEAT,0,94,0,0,0,0,0x08017FC0
1777171840.472,791341,2,5,MOTOR,255,BROADCAST,4,TELEMETRY,80,0x50,1,0,0,0,0,0,0x08017FC4
1777171840.926,791833,2,5,MOTOR,255,BROADCAST,10,HEALTH,48,HEARTBEAT,0,0,1,0,0,0,0x08017FCA
1777171840.929,791836,2,5,MOTOR,255,BROADCAST,0,HEARTBEAT,48,HEARTBEAT,0,95,0,0,0,0,0x08017FC0
1777171840.929,791837,2,5,MOTOR,255,BROADCAST,4,TELEMETRY,80,0x50,1,0,0,0,0,0,0x08017FC4
1777171842.619,793507,2,5,MOTOR,255,BROADCAST,4,TELEMETRY,80,0x50,1,0,0,0,0,0,0x08017FC4
1777171843.135,794003,2,5,MOTOR,255,BROADCAST,0,HEARTBEAT,48,HEARTBEAT,0,0,0,0,0,0,0x08017FC0
1777171843.135,794004,2,5,MOTOR,255,BROADCAST,4,TELEMETRY,80,0x50,1,0,0,0,0,0,0x08017FC4
1777171843.590,794497,2,5,MOTOR,255,BROADCAST,4,TELEMETRY,80,0x50,1,0,0,0,0,0,0x08017FC4
1777171844.097,794993,2,5,MOTOR,255,BROADCAST,4,TELEMETRY,80,0x50,1,0,0,0,0,0,0x08017FC4
1777171844.097,794994,2,5,MOTOR,255,BROADCAST,0,HEARTBEAT,48,HEARTBEAT,0,1,0,0,0,0,0x08017FC0
1777171844.582,795489,2,5,MOTOR,255,BROADCAST,4,TELEMETRY,80,0x50,1,0,0,0,0,0,0x08017FC4
1777171845.089,795984,2,5,MOTOR,255,BROADCAST,0,HEARTBEAT,48,HEARTBEAT,0,2,0,0,0,0,0x08017FC0
1777171845.089,795985,2,5,MOTOR,255,BROADCAST,4,TELEMETRY,80,0x50,1,0,0,0,0,0,0x08017FC4
1777171845.592,796480,2,5,MOTOR,255,BROADCAST,4,TELEMETRY,80,0x50,1,0,0,0,0,0,0x08017FC4
1777171846.097,796975,2,5,MOTOR,255,BROADCAST,0,HEARTBEAT,48,HEARTBEAT,0,3,0,0,0,0,0x08017FC0
1777171846.097,796976,2,5,MOTOR,255,BROADCAST,4,TELEMETRY,80,0x50,1,0,0,0,0,0,0x08017FC4
1777171846.563,797470,2,5,MOTOR,255,BROADCAST,4,TELEMETRY,80,0x50,1,0,0,0,0,0,0x08017FC4
1777171847.059,797965,2,5,MOTOR,255,BROADCAST,0,HEARTBEAT,48,HEARTBEAT,0,4,0,0,0,0,0x08017FC0
1777171847.059,797966,2,5,MOTOR,255,BROADCAST,4,TELEMETRY,80,0x50,1,0,0,0,0,0,0x08017FC4
1777171847.554,798461,2,5,MOTOR,255,BROADCAST,4,TELEMETRY,80,0x50,1,0,0,0,0,0,0x08017FC4
1777171848.050,798956,2,5,MOTOR,255,BROADCAST,4,TELEMETRY,80,0x50,1,0,0,0,0,0,0x08017FC4
1777171848.050,798957,2,5,MOTOR,255,BROADCAST,0,HEARTBEAT,48,HEARTBEAT,0,5,0,0,0,0,0x08017FC0
1777171848.555,799451,2,5,MOTOR,255,BROADCAST,4,TELEMETRY,80,0x50,1,0,0,0,0,0,0x08017FC4
1777171849.072,799947,2,5,MOTOR,255,BROADCAST,0,HEARTBEAT,48,HEARTBEAT,0,6,0,0,0,0,0x08017FC0
1777171849.072,799948,2,5,MOTOR,255,BROADCAST,4,TELEMETRY,80,0x50,1,0,0,0,0,0,0x08017FC4
1777171849.536,800442,2,5,MOTOR,255,BROADCAST,4,TELEMETRY,80,0x50,1,0,0,0,0,0,0x08017FC4
1777171850.031,800937,2,5,MOTOR,255,BROADCAST,4,TELEMETRY,80,0x50,1,0,0,0,0,0,0x08017FC4
1777171850.031,800938,2,5,MOTOR,255,BROADCAST,0,HEARTBEAT,48,HEARTBEAT,0,7,0,0,0,0,0x08017FC0
1777171850.525,801432,2,5,MOTOR,255,BROADCAST,4,TELEMETRY,80,0x50,1,0,0,0,0,0,0x08017FC4
1777171851.023,801928,2,5,MOTOR,255,BROADCAST,4,TELEMETRY,80,0x50,1,0,0,0,0,0,0x08017FC4
1777171851.023,801929,2,5,MOTOR,255,BROADCAST,0,HEARTBEAT,48,HEARTBEAT,0,8,0,0,0,0,0x08017FC0
1777171851.527,802424,2,5,MOTOR,255,BROADCAST,4,TELEMETRY,80,0x50,1,0,0,0,0,0,0x08017FC4
1777171852.049,802919,2,5,MOTOR,255,BROADCAST,0,HEARTBEAT,48,HEARTBEAT,0,9,0,0,0,0,0x08017FC0
1777171852.049,802920,2,5,MOTOR,255,BROADCAST,4,TELEMETRY,80,0x50,1,0,0,0,0,0,0x08017FC4
1777171852.507,803414,2,5,MOTOR,255,BROADCAST,4,TELEMETRY,80,0x50,1,0,0,0,0,0,0x08017FC4
1777171853.002,803909,2,5,MOTOR,255,BROADCAST,4,TELEMETRY,80,0x50,1,0,0,0,0,0,0x08017FC4
1777171853.008,803910,2,5,MOTOR,255,BROADCAST,0,HEARTBEAT,48,HEARTBEAT,0,10,0,0,0,0,0x08017FC0
1777171853.510,804405,2,5,MOTOR,255,BROADCAST,4,TELEMETRY,80,0x50,1,0,0,0,0,0,0x08017FC4
1777171853.994,804900,2,5,MOTOR,255,BROADCAST,0,HEARTBEAT,48,HEARTBEAT,0,11,0,0,0,0,0x08017FC0
1777171853.994,804901,2,5,MOTOR,255,BROADCAST,4,TELEMETRY,80,0x50,1,0,0,0,0,0,0x08017FC4
1777171854.491,805396,2,5,MOTOR,255,BROADCAST,4,TELEMETRY,80,0x50,1,0,0,0,0,0,0x08017FC4
1777171855.005,805891,2,5,MOTOR,255,BROADCAST,0,HEARTBEAT,48,HEARTBEAT,0,12,0,0,0,0,0x08017FC0
1777171855.005,805892,2,5,MOTOR,255,BROADCAST,4,TELEMETRY,80,0x50,1,0,0,0,0,0,0x08017FC4
1777171855.518,806386,2,5,MOTOR,255,BROADCAST,4,TELEMETRY,80,0x50,1,0,0,0,0,0,0x08017FC4
1777171855.975,806881,2,5,MOTOR,255,BROADCAST,0,HEARTBEAT,48,HEARTBEAT,0,13,0,0,0,0,0x08017FC0
1777171855.975,806882,2,5,MOTOR,255,BROADCAST,4,TELEMETRY,80,0x50,1,0,0,0,0,0,0x08017FC4
1777171856.470,807377,2,5,MOTOR,255,BROADCAST,4,TELEMETRY,80,0x50,1,0,0,0,0,0,0x08017FC4
1777171856.968,807872,2,5,MOTOR,255,BROADCAST,4,TELEMETRY,80,0x50,1,0,0,0,0,0,0x08017FC4
1777171856.971,807873,2,5,MOTOR,255,BROADCAST,0,HEARTBEAT,48,HEARTBEAT,0,14,0,0,0,0,0x08017FC0
1777171857.469,808367,2,5,MOTOR,255,BROADCAST,4,TELEMETRY,80,0x50,1,0,0,0,0,0,0x08017FC4
1777171857.981,808863,2,5,MOTOR,255,BROADCAST,0,HEARTBEAT,48,HEARTBEAT,0,15,0,0,0,0,0x08017FC0
1777171857.981,808864,2,5,MOTOR,255,BROADCAST,4,TELEMETRY,80,0x50,1,0,0,0,0,0,0x08017FC4
1777171858.509,809358,2,5,MOTOR,255,BROADCAST,4,TELEMETRY,80,0x50,1,0,0,0,0,0,0x08017FC4
1777171858.953,809853,2,5,MOTOR,255,BROADCAST,4,TELEMETRY,80,0x50,1,0,0,0,0,0,0x08017FC4
1777171858.953,809854,2,5,MOTOR,255,BROADCAST,0,HEARTBEAT,48,HEARTBEAT,0,16,0,0,0,0,0x08017FC0
1777171859.441,810348,2,5,MOTOR,255,BROADCAST,4,TELEMETRY,80,0x50,1,0,0,0,0,0,0x08017FC4
1777171859.940,810844,2,5,MOTOR,255,BROADCAST,4,TELEMETRY,80,0x50,1,0,0,0,0,0,0x08017FC4
1777171859.940,810845,2,5,MOTOR,255,BROADCAST,0,HEARTBEAT,48,HEARTBEAT,0,17,0,0,0,0,0x08017FC0
1777171860.442,811339,2,5,MOTOR,255,BROADCAST,4,TELEMETRY,80,0x50,1,0,0,0,0,0,0x08017FC4
1777171860.951,811834,2,5,MOTOR,255,BROADCAST,0,HEARTBEAT,48,HEARTBEAT,0,18,0,0,0,0,0x08017FC0
1777171860.951,811835,2,5,MOTOR,255,BROADCAST,4,TELEMETRY,80,0x50,1,0,0,0,0,0,0x08017FC4
1777171861.468,812330,2,5,MOTOR,255,BROADCAST,4,TELEMETRY,80,0x50,1,0,0,0,0,0,0x08017FC4
1777171861.919,812825,2,5,MOTOR,255,BROADCAST,4,TELEMETRY,80,0x50,1,0,0,0,0,0,0x08017FC4
1777171861.919,812825,2,5,MOTOR,255,BROADCAST,0,HEARTBEAT,48,HEARTBEAT,0,19,0,0,0,0,0x08017FC0
1777171862.416,813320,2,5,MOTOR,255,BROADCAST,4,TELEMETRY,80,0x50,1,0,0,0,0,0,0x08017FC4
1777171862.909,813816,2,5,MOTOR,255,BROADCAST,0,HEARTBEAT,48,HEARTBEAT,0,20,0,0,0,0,0x08017FC0
1777171862.909,813817,2,5,MOTOR,255,BROADCAST,4,TELEMETRY,80,0x50,1,0,0,0,0,0,0x08017FC4
1777171863.405,814311,2,5,MOTOR,255,BROADCAST,4,TELEMETRY,80,0x50,1,0,0,0,0,0,0x08017FC4
1777171863.915,814806,2,5,MOTOR,255,BROADCAST,0,HEARTBEAT,48,HEARTBEAT,0,21,0,0,0,0,0x08017FC0
1777171863.915,814807,2,5,MOTOR,255,BROADCAST,4,TELEMETRY,80,0x50,1,0,0,0,0,0,0x08017FC4
1777171864.439,815301,2,5,MOTOR,255,BROADCAST,4,TELEMETRY,80,0x50,1,0,0,0,0,0,0x08017FC4
1777171864.890,815797,2,5,MOTOR,255,BROADCAST,0,HEARTBEAT,48,HEARTBEAT,0,22,0,0,0,0,0x08017FC0
1777171864.890,815798,2,5,MOTOR,255,BROADCAST,4,TELEMETRY,80,0x50,1,0,0,0,0,0,0x08017FC4
1777171865.385,816292,2,5,MOTOR,255,BROADCAST,4,TELEMETRY,80,0x50,1,0,0,0,0,0,0x08017FC4
1777171865.880,816787,2,5,MOTOR,255,BROADCAST,4,TELEMETRY,80,0x50,1,0,0,0,0,0,0x08017FC4
1777171865.881,816788,2,5,MOTOR,255,BROADCAST,0,HEARTBEAT,48,HEARTBEAT,0,23,0,0,0,0,0x08017FC0
1777171866.382,817282,2,5,MOTOR,255,BROADCAST,4,TELEMETRY,80,0x50,1,0,0,0,0,0,0x08017FC4
1777171866.890,817778,2,5,MOTOR,255,BROADCAST,0,HEARTBEAT,48,HEARTBEAT,0,24,0,0,0,0,0x08017FC0
1777171866.890,817779,2,5,MOTOR,255,BROADCAST,4,TELEMETRY,80,0x50,1,0,0,0,0,0,0x08017FC4
1777171867.427,818273,2,5,MOTOR,255,BROADCAST,4,TELEMETRY,80,0x50,1,0,0,0,0,0,0x08017FC4
1777171867.861,818768,2,5,MOTOR,255,BROADCAST,4,TELEMETRY,80,0x50,1,0,0,0,0,0,0x08017FC4
1777171867.862,818769,2,5,MOTOR,255,BROADCAST,0,HEARTBEAT,48,HEARTBEAT,0,25,0,0,0,0,0x08017FC0
1777171868.356,819263,2,5,MOTOR,255,BROADCAST,4,TELEMETRY,80,0x50,1,0,0,0,0,0,0x08017FC4
1777171868.852,819759,2,5,MOTOR,255,BROADCAST,4,TELEMETRY,80,0x50,1,0,0,0,0,0,0x08017FC4
1777171868.853,819760,2,5,MOTOR,255,BROADCAST,0,HEARTBEAT,48,HEARTBEAT,0,26,0,0,0,0,0x08017FC0
1777171869.348,820255,2,5,MOTOR,255,BROADCAST,4,TELEMETRY,80,0x50,1,0,0,0,0,0,0x08017FC4
1777171869.856,820749,2,5,MOTOR,255,BROADCAST,0,HEARTBEAT,48,HEARTBEAT,0,27,0,0,0,0,0x08017FC0
1777171869.856,820750,2,5,MOTOR,255,BROADCAST,4,TELEMETRY,80,0x50,1,0,0,0,0,0,0x08017FC4
1777171870.370,821245,2,5,MOTOR,255,BROADCAST,4,TELEMETRY,80,0x50,1,0,0,0,0,0,0x08017FC4
1777171870.833,821739,2,5,MOTOR,255,BROADCAST,4,TELEMETRY,80,0x50,1,0,0,0,0,0,0x08017FC4
1777171870.833,821740,2,5,MOTOR,255,BROADCAST,0,HEARTBEAT,48,HEARTBEAT,0,28,0,0,0,0,0x08017FC0
1777171871.330,822235,2,5,MOTOR,255,BROADCAST,4,TELEMETRY,80,0x50,1,0,0,0,0,0,0x08017FC4
1777171871.824,822730,2,5,MOTOR,255,BROADCAST,4,TELEMETRY,80,0x50,1,0,0,0,0,0,0x08017FC4
1777171871.824,822731,2,5,MOTOR,255,BROADCAST,0,HEARTBEAT,48,HEARTBEAT,0,29,0,0,0,0,0x08017FC0
1777171872.319,823225,2,5,MOTOR,255,BROADCAST,4,TELEMETRY,80,0x50,1,0,0,0,0,0,0x08017FC4
1777171872.830,823720,2,5,MOTOR,255,BROADCAST,4,TELEMETRY,80,0x50,1,0,0,0,0,0,0x08017FC4
1777171872.830,823721,2,5,MOTOR,255,BROADCAST,0,HEARTBEAT,48,HEARTBEAT,0,30,0,0,0,0,0x08017FC0
1777171873.341,824216,2,5,MOTOR,255,BROADCAST,4,TELEMETRY,80,0x50,1,0,0,0,0,0,0x08017FC4
1777171873.805,824711,2,5,MOTOR,255,BROADCAST,4,TELEMETRY,80,0x50,1,0,0,0,0,0,0x08017FC4
1777171873.805,824712,2,5,MOTOR,255,BROADCAST,0,HEARTBEAT,48,HEARTBEAT,0,31,0,0,0,0,0x08017FC0
1777171874.299,825206,2,5,MOTOR,255,BROADCAST,4,TELEMETRY,80,0x50,1,0,0,0,0,0,0x08017FC4
1777171874.796,825702,2,5,MOTOR,255,BROADCAST,4,TELEMETRY,80,0x50,1,0,0,0,0,0,0x08017FC4
1777171874.796,825703,2,5,MOTOR,255,BROADCAST,0,HEARTBEAT,48,HEARTBEAT,0,32,0,0,0,0,0x08017FC0
1777171875.291,826198,2,5,MOTOR,255,BROADCAST,4,TELEMETRY,80,0x50,1,0,0,0,0,0,0x08017FC4
1777171875.796,826693,2,5,MOTOR,255,BROADCAST,4,TELEMETRY,80,0x50,1,0,0,0,0,0,0x08017FC4
1777171875.796,826694,2,5,MOTOR,255,BROADCAST,0,HEARTBEAT,48,HEARTBEAT,0,33,0,0,0,0,0x08017FC0
1777171876.331,827188,2,5,MOTOR,255,BROADCAST,4,TELEMETRY,80,0x50,1,0,0,0,0,0,0x08017FC4
1777171876.777,827684,2,5,MOTOR,255,BROADCAST,0,HEARTBEAT,48,HEARTBEAT,0,34,0,0,0,0,0x08017FC0
1777171876.778,827685,2,5,MOTOR,255,BROADCAST,4,TELEMETRY,80,0x50,1,0,0,0,0,0,0x08017FC4
1777171877.273,828180,2,5,MOTOR,255,BROADCAST,4,TELEMETRY,80,0x50,1,0,0,0,0,0,0x08017FC4
1777171877.768,828674,2,5,MOTOR,255,BROADCAST,0,HEARTBEAT,48,HEARTBEAT,0,35,0,0,0,0,0x08017FC0
1777171877.771,828675,2,5,MOTOR,255,BROADCAST,4,TELEMETRY,80,0x50,1,0,0,0,0,0,0x08017FC4
1777171878.263,829170,2,5,MOTOR,255,BROADCAST,4,TELEMETRY,80,0x50,1,0,0,0,0,0,0x08017FC4
1777171878.769,829665,2,5,MOTOR,255,BROADCAST,4,TELEMETRY,80,0x50,1,0,0,0,0,0,0x08017FC4
1777171878.769,829666,2,5,MOTOR,255,BROADCAST,0,HEARTBEAT,48,HEARTBEAT,0,36,0,0,0,0,0x08017FC0
1777171879.285,830161,2,5,MOTOR,255,BROADCAST,4,TELEMETRY,80,0x50,1,0,0,0,0,0,0x08017FC4
1777171879.792,830656,2,5,MOTOR,255,BROADCAST,0,HEARTBEAT,48,HEARTBEAT,0,37,0,0,0,0,0x08017FC0
1777171879.792,830656,2,5,MOTOR,255,BROADCAST,4,TELEMETRY,80,0x50,1,0,0,0,0,0,0x08017FC4
1777171880.244,831151,2,5,MOTOR,255,BROADCAST,4,TELEMETRY,80,0x50,1,0,0,0,0,0,0x08017FC4
1777171880.739,831646,2,5,MOTOR,255,BROADCAST,4,TELEMETRY,80,0x50,1,0,0,0,0,0,0x08017FC4
1777171880.739,831647,2,5,MOTOR,255,BROADCAST,0,HEARTBEAT,48,HEARTBEAT,0,38,0,0,0,0,0x08017FC0
1777171881.236,832141,2,5,MOTOR,255,BROADCAST,4,TELEMETRY,80,0x50,1,0,0,0,0,0,0x08017FC4
1777171881.745,832636,2,5,MOTOR,255,BROADCAST,4,TELEMETRY,80,0x50,1,0,0,0,0,0,0x08017FC4
1777171881.745,832637,2,5,MOTOR,255,BROADCAST,0,HEARTBEAT,48,HEARTBEAT,0,39,0,0,0,0,0x08017FC0
1777171882.255,833131,2,5,MOTOR,255,BROADCAST,4,TELEMETRY,80,0x50,1,0,0,0,0,0,0x08017FC4
1777171882.765,833626,2,5,MOTOR,255,BROADCAST,4,TELEMETRY,80,0x50,1,0,0,0,0,0,0x08017FC4
1777171882.765,833627,2,5,MOTOR,255,BROADCAST,0,HEARTBEAT,48,HEARTBEAT,0,40,0,0,0,0,0x08017FC0
1777171883.267,834122,2,5,MOTOR,255,BROADCAST,4,TELEMETRY,80,0x50,1,0,0,0,0,0,0x08017FC4
1777171883.711,834617,2,5,MOTOR,255,BROADCAST,4,TELEMETRY,80,0x50,1,0,0,0,0,0,0x08017FC4
1777171883.711,834618,2,5,MOTOR,255,BROADCAST,0,HEARTBEAT,48,HEARTBEAT,0,41,0,0,0,0,0x08017FC0
1777171884.218,835112,2,5,MOTOR,255,BROADCAST,4,TELEMETRY,80,0x50,1,0,0,0,0,0,0x08017FC4
1777171884.731,835608,2,5,MOTOR,255,BROADCAST,4,TELEMETRY,80,0x50,1,0,0,0,0,0,0x08017FC4
1777171884.731,835609,2,5,MOTOR,255,BROADCAST,0,HEARTBEAT,48,HEARTBEAT,0,42,0,0,0,0,0x08017FC0
1777171885.252,836104,2,5,MOTOR,255,BROADCAST,4,TELEMETRY,80,0x50,1,0,0,0,0,0,0x08017FC4
1777171885.724,836599,2,5,MOTOR,255,BROADCAST,4,TELEMETRY,80,0x50,1,0,0,0,0,0,0x08017FC4
1777171885.724,836600,2,5,MOTOR,255,BROADCAST,0,HEARTBEAT,48,HEARTBEAT,0,43,0,0,0,0,0x08017FC0
1777171886.188,837094,2,5,MOTOR,255,BROADCAST,4,TELEMETRY,80,0x50,1,0,0,0,0,0,0x08017FC4
1777171886.683,837590,2,5,MOTOR,255,BROADCAST,0,HEARTBEAT,48,HEARTBEAT,0,44,0,0,0,0,0x08017FC0
1777171886.687,837591,2,5,MOTOR,255,BROADCAST,4,TELEMETRY,80,0x50,1,0,0,0,0,0,0x08017FC4
1777171887.180,838086,2,5,MOTOR,255,BROADCAST,4,TELEMETRY,80,0x50,1,0,0,0,0,0,0x08017FC4
1777171887.687,838580,2,5,MOTOR,255,BROADCAST,0,HEARTBEAT,48,HEARTBEAT,0,45,0,0,0,0,0x08017FC0
1777171887.687,838582,2,5,MOTOR,255,BROADCAST,4,TELEMETRY,80,0x50,1,0,0,0,0,0,0x08017FC4
1777171888.184,839077,2,5,MOTOR,255,BROADCAST,4,TELEMETRY,80,0x50,1,0,0,0,0,0,0x08017FC4
1777171888.720,839571,2,5,MOTOR,255,BROADCAST,0,HEARTBEAT,48,HEARTBEAT,0,46,0,0,0,0,0x08017FC0
1777171888.720,839572,2,5,MOTOR,255,BROADCAST,4,TELEMETRY,80,0x50,1,0,0,0,0,0,0x08017FC4
1777171889.161,840068,2,5,MOTOR,255,BROADCAST,4,TELEMETRY,80,0x50,1,0,0,0,0,0,0x08017FC4
1777171889.657,840562,2,5,MOTOR,255,BROADCAST,0,HEARTBEAT,48,HEARTBEAT,0,47,0,0,0,0,0x08017FC0
1777171889.657,840564,2,5,MOTOR,255,BROADCAST,4,TELEMETRY,80,0x50,1,0,0,0,0,0,0x08017FC4
1777171890.152,841059,2,5,MOTOR,255,BROADCAST,4,TELEMETRY,80,0x50,1,0,0,0,0,0,0x08017FC4
1777171890.669,841552,2,5,MOTOR,255,BROADCAST,0,HEARTBEAT,48,HEARTBEAT,0,48,0,0,0,0,0x08017FC0
1777171890.669,841554,2,5,MOTOR,255,BROADCAST,4,TELEMETRY,80,0x50,1,0,0,0,0,0,0x08017FC4
1777171891.189,842050,2,5,MOTOR,255,BROADCAST,4,TELEMETRY,80,0x50,1,0,0,0,0,0,0x08017FC4
1777171891.669,842543,2,5,MOTOR,255,BROADCAST,0,HEARTBEAT,48,HEARTBEAT,0,49,0,0,0,0,0x08017FC0
1777171891.669,842546,2,5,MOTOR,255,BROADCAST,4,TELEMETRY,80,0x50,1,0,0,0,0,0,0x08017FC4
1777171892.134,843040,2,5,MOTOR,255,BROADCAST,4,TELEMETRY,80,0x50,1,0,0,0,0,0,0x08017FC4
1777171892.635,843533,2,5,MOTOR,255,BROADCAST,0,HEARTBEAT,48,HEARTBEAT,0,50,0,0,0,0,0x08017FC0
1777171892.635,843535,2,5,MOTOR,255,BROADCAST,4,TELEMETRY,80,0x50,1,0,0,0,0,0,0x08017FC4
1777171893.125,844031,2,5,MOTOR,255,BROADCAST,4,TELEMETRY,80,0x50,1,0,0,0,0,0,0x08017FC4
1777171893.620,844524,2,5,MOTOR,255,BROADCAST,0,HEARTBEAT,48,HEARTBEAT,0,51,0,0,0,0,0x08017FC0
1777171893.621,844528,2,5,MOTOR,255,BROADCAST,4,TELEMETRY,80,0x50,1,0,0,0,0,0,0x08017FC4
1777171894.132,845022,2,5,MOTOR,255,BROADCAST,4,TELEMETRY,80,0x50,1,0,0,0,0,0,0x08017FC4
1777171894.646,845515,2,5,MOTOR,255,BROADCAST,0,HEARTBEAT,48,HEARTBEAT,0,52,0,0,0,0,0x08017FC0
1777171894.646,845517,2,5,MOTOR,255,BROADCAST,4,TELEMETRY,80,0x50,1,0,0,0,0,0,0x08017FC4
1777171895.107,846013,2,5,MOTOR,255,BROADCAST,4,TELEMETRY,80,0x50,1,0,0,0,0,0,0x08017FC4
1777171895.599,846505,2,5,MOTOR,255,BROADCAST,0,HEARTBEAT,48,HEARTBEAT,0,53,0,0,0,0,0x08017FC0
1777171895.603,846509,2,5,MOTOR,255,BROADCAST,4,TELEMETRY,80,0x50,1,0,0,0,0,0,0x08017FC4
1777171896.098,847004,2,5,MOTOR,255,BROADCAST,4,TELEMETRY,80,0x50,1,0,0,0,0,0,0x08017FC4
1777171896.590,847496,2,5,MOTOR,255,BROADCAST,0,HEARTBEAT,48,HEARTBEAT,0,54,0,0,0,0,0x08017FC0
1777171896.593,847499,2,5,MOTOR,255,BROADCAST,4,TELEMETRY,80,0x50,1,0,0,0,0,0,0x08017FC4
1777171897.108,847995,2,5,MOTOR,255,BROADCAST,4,TELEMETRY,80,0x50,1,0,0,0,0,0,0x08017FC4
1777171897.624,848487,2,5,MOTOR,255,BROADCAST,0,HEARTBEAT,48,HEARTBEAT,0,55,0,0,0,0,0x08017FC0
1777171897.624,848491,2,5,MOTOR,255,BROADCAST,4,TELEMETRY,80,0x50,1,0,0,0,0,0,0x08017FC4
1777171898.121,848986,2,5,MOTOR,255,BROADCAST,4,TELEMETRY,80,0x50,1,0,0,0,0,0,0x08017FC4
1777171898.571,849477,2,5,MOTOR,255,BROADCAST,0,HEARTBEAT,48,HEARTBEAT,0,56,0,0,0,0,0x08017FC0
1777171898.574,849481,2,5,MOTOR,255,BROADCAST,4,TELEMETRY,80,0x50,1,0,0,0,0,0,0x08017FC4
1777171899.071,849977,2,5,MOTOR,255,BROADCAST,4,TELEMETRY,80,0x50,1,0,0,0,0,0,0x08017FC4
1777171899.562,850468,2,5,MOTOR,255,BROADCAST,0,HEARTBEAT,48,HEARTBEAT,0,57,0,0,0,0,0x08017FC0
1777171899.567,850473,2,5,MOTOR,255,BROADCAST,4,TELEMETRY,80,0x50,1,0,0,0,0,0,0x08017FC4
1777171900.093,850968,2,5,MOTOR,255,BROADCAST,4,TELEMETRY,80,0x50,1,0,0,0,0,0,0x08017FC4
1777171900.576,851459,2,5,MOTOR,255,BROADCAST,0,HEARTBEAT,48,HEARTBEAT,0,58,0,0,0,0,0x08017FC0
1777171900.585,851463,2,5,MOTOR,255,BROADCAST,4,TELEMETRY,80,0x50,1,0,0,0,0,0,0x08017FC4
1777171901.126,851959,2,5,MOTOR,255,BROADCAST,4,TELEMETRY,80,0x50,1,0,0,0,0,0,0x08017FC4
1777171901.543,852449,2,5,MOTOR,255,BROADCAST,0,HEARTBEAT,48,HEARTBEAT,0,59,0,0,0,0,0x08017FC0
1777171901.549,852455,2,5,MOTOR,255,BROADCAST,4,TELEMETRY,80,0x50,1,0,0,0,0,0,0x08017FC4
1777171902.044,852950,2,5,MOTOR,255,BROADCAST,4,TELEMETRY,80,0x50,1,0,0,0,0,0,0x08017FC4
1777171902.534,853440,2,5,MOTOR,255,BROADCAST,0,HEARTBEAT,48,HEARTBEAT,0,60,0,0,0,0,0x08017FC0
1777171902.538,853445,2,5,MOTOR,255,BROADCAST,4,TELEMETRY,80,0x50,1,0,0,0,0,0,0x08017FC4
1777171903.039,853941,2,5,MOTOR,255,BROADCAST,4,TELEMETRY,80,0x50,1,0,0,0,0,0,0x08017FC4
1777171903.556,854431,2,5,MOTOR,255,BROADCAST,0,HEARTBEAT,48,HEARTBEAT,0,61,0,0,0,0,0x08017FC0
1777171903.556,854437,2,5,MOTOR,255,BROADCAST,4,TELEMETRY,80,0x50,1,0,0,0,0,0,0x08017FC4
1777171904.071,854932,2,5,MOTOR,255,BROADCAST,4,TELEMETRY,80,0x50,1,0,0,0,0,0,0x08017FC4
1777171904.516,855421,2,5,MOTOR,255,BROADCAST,0,HEARTBEAT,48,HEARTBEAT,0,62,0,0,0,0,0x08017FC0
1777171904.521,855427,2,5,MOTOR,255,BROADCAST,4,TELEMETRY,80,0x50,1,0,0,0,0,0,0x08017FC4
1777171905.017,855923,2,5,MOTOR,255,BROADCAST,4,TELEMETRY,80,0x50,1,0,0,0,0,0,0x08017FC4
1777171905.507,856412,2,5,MOTOR,255,BROADCAST,0,HEARTBEAT,48,HEARTBEAT,0,63,0,0,0,0,0x08017FC0
1777171905.513,856419,2,5,MOTOR,255,BROADCAST,4,TELEMETRY,80,0x50,1,0,0,0,0,0,0x08017FC4
1777171906.008,856914,2,5,MOTOR,255,BROADCAST,4,TELEMETRY,80,0x50,1,0,0,0,0,0,0x08017FC4
1777171906.535,857403,2,5,MOTOR,255,BROADCAST,0,HEARTBEAT,48,HEARTBEAT,0,64,0,0,0,0,0x08017FC0
1777171906.535,857409,2,5,MOTOR,255,BROADCAST,4,TELEMETRY,80,0x50,1,0,0,0,0,0,0x08017FC4
1777171907.038,857905,2,5,MOTOR,255,BROADCAST,4,TELEMETRY,80,0x50,1,0,0,0,0,0,0x08017FC4
1777171907.489,858393,2,5,MOTOR,255,BROADCAST,0,HEARTBEAT,48,HEARTBEAT,0,65,0,0,0,0,0x08017FC0
1777171907.495,858401,2,5,MOTOR,255,BROADCAST,4,TELEMETRY,80,0x50,1,0,0,0,0,0,0x08017FC4
1777171907.990,858896,2,5,MOTOR,255,BROADCAST,4,TELEMETRY,80,0x50,1,0,0,0,0,0,0x08017FC4
1777171908.494,859384,2,5,MOTOR,255,BROADCAST,0,HEARTBEAT,48,HEARTBEAT,0,66,0,0,0,0,0x08017FC0
1777171908.494,859391,2,5,MOTOR,255,BROADCAST,4,TELEMETRY,80,0x50,1,0,0,0,0,0,0x08017FC4
1777171908.981,859887,2,5,MOTOR,255,BROADCAST,4,TELEMETRY,80,0x50,1,0,0,0,0,0,0x08017FC4
1777171909.491,860375,2,5,MOTOR,255,BROADCAST,0,HEARTBEAT,48,HEARTBEAT,0,67,0,0,0,0,0x08017FC0
1777171909.491,860383,2,5,MOTOR,255,BROADCAST,4,TELEMETRY,80,0x50,1,0,0,0,0,0,0x08017FC4
1777171910.003,860878,2,5,MOTOR,255,BROADCAST,4,TELEMETRY,80,0x50,1,0,0,0,0,0,0x08017FC4
1777171910.459,861366,2,5,MOTOR,255,BROADCAST,0,HEARTBEAT,48,HEARTBEAT,0,68,0,0,0,0,0x08017FC0
1777171910.466,861373,2,5,MOTOR,255,BROADCAST,4,TELEMETRY,80,0x50,1,0,0,0,0,0,0x08017FC4
1777171910.963,861869,2,5,MOTOR,255,BROADCAST,4,TELEMETRY,80,0x50,1,0,0,0,0,0,0x08017FC4
1777171911.456,862356,2,5,MOTOR,255,BROADCAST,0,HEARTBEAT,48,HEARTBEAT,0,69,0,0,0,0,0x08017FC0
1777171911.478,862365,2,5,MOTOR,255,BROADCAST,4,TELEMETRY,80,0x50,1,0,0,0,0,0,0x08017FC4
1777171911.967,862860,2,5,MOTOR,255,BROADCAST,4,TELEMETRY,80,0x50,1,0,0,0,0,0,0x08017FC4
1777171912.460,863347,2,5,MOTOR,255,BROADCAST,0,HEARTBEAT,48,HEARTBEAT,0,70,0,0,0,0,0x08017FC0
1777171912.460,863355,2,5,MOTOR,255,BROADCAST,4,TELEMETRY,80,0x50,1,0,0,0,0,0,0x08017FC4
1777171912.972,863851,2,5,MOTOR,255,BROADCAST,4,TELEMETRY,80,0x50,1,0,0,0,0,0,0x08017FC4
1777171913.431,864338,2,5,MOTOR,255,BROADCAST,0,HEARTBEAT,48,HEARTBEAT,0,71,0,0,0,0,0x08017FC0
1777171913.474,864347,2,5,MOTOR,255,BROADCAST,4,TELEMETRY,80,0x50,1,0,0,0,0,0,0x08017FC4
1777171914.106,864842,2,5,MOTOR,255,BROADCAST,4,TELEMETRY,80,0x50,1,0,0,0,0,0,0x08017FC4
1777171914.422,865328,2,5,MOTOR,255,BROADCAST,0,HEARTBEAT,48,HEARTBEAT,0,72,0,0,0,0,0x08017FC0
1777171914.432,865337,2,5,MOTOR,255,BROADCAST,4,TELEMETRY,80,0x50,1,0,0,0,0,0,0x08017FC4
1777171914.927,865833,2,5,MOTOR,255,BROADCAST,4,TELEMETRY,80,0x50,1,0,0,0,0,0,0x08017FC4
1777171915.428,866319,2,5,MOTOR,255,BROADCAST,0,HEARTBEAT,48,HEARTBEAT,0,73,0,0,0,0,0x08017FC0
1777171915.428,866329,2,5,MOTOR,255,BROADCAST,4,TELEMETRY,80,0x50,1,0,0,0,0,0,0x08017FC4
1777171915.949,866824,2,5,MOTOR,255,BROADCAST,4,TELEMETRY,80,0x50,1,0,0,0,0,0,0x08017FC4
1777171916.414,867310,2,5,MOTOR,255,BROADCAST,0,HEARTBEAT,48,HEARTBEAT,0,74,0,0,0,0,0x08017FC0
1777171916.482,867319,2,5,MOTOR,255,BROADCAST,4,TELEMETRY,80,0x50,1,0,0,0,0,0,0x08017FC4
1777171916.908,867815,2,5,MOTOR,255,BROADCAST,4,TELEMETRY,80,0x50,1,0,0,0,0,0,0x08017FC4
1777171917.395,868301,2,5,MOTOR,255,BROADCAST,0,HEARTBEAT,48,HEARTBEAT,0,75,0,0,0,0,0x08017FC0
1777171917.405,868311,2,5,MOTOR,255,BROADCAST,4,TELEMETRY,80,0x50,1,0,0,0,0,0,0x08017FC4
1777171917.900,868806,2,5,MOTOR,255,BROADCAST,4,TELEMETRY,80,0x50,1,0,0,0,0,0,0x08017FC4
1777171918.399,869291,2,5,MOTOR,255,BROADCAST,0,HEARTBEAT,48,HEARTBEAT,0,76,0,0,0,0,0x08017FC0
1777171918.399,869301,2,5,MOTOR,255,BROADCAST,4,TELEMETRY,80,0x50,1,0,0,0,0,0,0x08017FC4
1777171918.912,869797,2,5,MOTOR,255,BROADCAST,4,TELEMETRY,80,0x50,1,0,0,0,0,0,0x08017FC4
1777171919.378,870282,2,5,MOTOR,255,BROADCAST,0,HEARTBEAT,48,HEARTBEAT,0,77,0,0,0,0,0x08017FC0
1777171919.421,870293,2,5,MOTOR,255,BROADCAST,4,TELEMETRY,80,0x50,1,0,0,0,0,0,0x08017FC4
1777171919.882,870788,2,5,MOTOR,255,BROADCAST,4,TELEMETRY,80,0x50,1,0,0,0,0,0,0x08017FC4
1777171920.366,871272,2,5,MOTOR,255,BROADCAST,0,HEARTBEAT,48,HEARTBEAT,0,78,0,0,0,0,0x08017FC0
1777171920.377,871283,2,5,MOTOR,255,BROADCAST,4,TELEMETRY,80,0x50,1,0,0,0,0,0,0x08017FC4
1777171920.873,871779,2,5,MOTOR,255,BROADCAST,4,TELEMETRY,80,0x50,1,0,0,0,0,0,0x08017FC4
1777171921.377,872263,2,5,MOTOR,255,BROADCAST,0,HEARTBEAT,48,HEARTBEAT,0,79,0,0,0,0,0x08017FC0
1777171921.377,872275,2,5,MOTOR,255,BROADCAST,4,TELEMETRY,80,0x50,1,0,0,0,0,0,0x08017FC4
1777171921.872,872770,2,5,MOTOR,255,BROADCAST,4,TELEMETRY,80,0x50,1,0,0,0,0,0,0x08017FC4
1777171922.349,873254,2,5,MOTOR,255,BROADCAST,0,HEARTBEAT,48,HEARTBEAT,0,80,0,0,0,0,0x08017FC0
1777171922.396,873265,2,5,MOTOR,255,BROADCAST,4,TELEMETRY,80,0x50,1,0,0,0,0,0,0x08017FC4
1777171922.865,873761,2,5,MOTOR,255,BROADCAST,4,TELEMETRY,80,0x50,1,0,0,0,0,0,0x08017FC4
1777171923.341,874244,2,5,MOTOR,255,BROADCAST,0,HEARTBEAT,48,HEARTBEAT,0,81,0,0,0,0,0x08017FC0
1777171923.352,874257,2,5,MOTOR,255,BROADCAST,4,TELEMETRY,80,0x50,1,0,0,0,0,0,0x08017FC4
1777171923.845,874752,2,5,MOTOR,255,BROADCAST,4,TELEMETRY,80,0x50,1,0,0,0,0,0,0x08017FC4
1777171924.342,875235,2,5,MOTOR,255,BROADCAST,0,HEARTBEAT,48,HEARTBEAT,0,82,0,0,0,0,0x08017FC0
1777171924.342,875247,2,5,MOTOR,255,BROADCAST,4,TELEMETRY,80,0x50,1,0,0,0,0,0,0x08017FC4
1777171924.902,875743,2,5,MOTOR,255,BROADCAST,4,TELEMETRY,80,0x50,1,0,0,0,0,0,0x08017FC4
1777171925.382,876226,2,5,MOTOR,255,BROADCAST,0,HEARTBEAT,48,HEARTBEAT,0,83,0,0,0,0,0x08017FC0
1777171925.382,876239,2,5,MOTOR,255,BROADCAST,4,TELEMETRY,80,0x50,1,0,0,0,0,0,0x08017FC4
1777171925.828,876734,2,5,MOTOR,255,BROADCAST,4,TELEMETRY,80,0x50,1,0,0,0,0,0,0x08017FC4
1777171926.311,877216,2,5,MOTOR,255,BROADCAST,0,HEARTBEAT,48,HEARTBEAT,0,84,0,0,0,0,0x08017FC0
1777171926.322,877228,2,5,MOTOR,255,BROADCAST,4,TELEMETRY,80,0x50,1,0,0,0,0,0,0x08017FC4
1777171926.892,877724,2,5,MOTOR,255,BROADCAST,4,TELEMETRY,80,0x50,1,0,0,0,0,0,0x08017FC4
1777171927.308,878207,2,5,MOTOR,255,BROADCAST,0,HEARTBEAT,48,HEARTBEAT,0,85,0,0,0,0,0x08017FC0
1777171927.314,878221,2,5,MOTOR,255,BROADCAST,4,TELEMETRY,80,0x50,1,0,0,0,0,0,0x08017FC4
1777171927.842,878715,2,5,MOTOR,255,BROADCAST,4,TELEMETRY,80,0x50,1,0,0,0,0,0,0x08017FC4
1777171928.347,879198,2,5,MOTOR,255,BROADCAST,0,HEARTBEAT,48,HEARTBEAT,0,86,0,0,0,0,0x08017FC0
1777171928.347,879210,2,5,MOTOR,255,BROADCAST,4,TELEMETRY,80,0x50,1,0,0,0,0,0,0x08017FC4
1777171928.843,879706,2,5,MOTOR,255,BROADCAST,4,TELEMETRY,80,0x50,1,0,0,0,0,0,0x08017FC4
1777171929.283,880188,2,5,MOTOR,255,BROADCAST,0,HEARTBEAT,48,HEARTBEAT,0,87,0,0,0,0,0x08017FC0
1777171929.303,880202,2,5,MOTOR,255,BROADCAST,4,TELEMETRY,80,0x50,1,0,0,0,0,0,0x08017FC4
1777171929.792,880697,2,5,MOTOR,255,BROADCAST,4,TELEMETRY,80,0x50,1,0,0,0,0,0,0x08017FC4
1777171930.274,881179,2,5,MOTOR,255,BROADCAST,0,HEARTBEAT,48,HEARTBEAT,0,88,0,0,0,0,0x08017FC0
1777171930.286,881192,2,5,MOTOR,255,BROADCAST,4,TELEMETRY,80,0x50,1,0,0,0,0,0,0x08017FC4
1777171930.787,881688,2,5,MOTOR,255,BROADCAST,4,TELEMETRY,80,0x50,1,0,0,0,0,0,0x08017FC4
1777171931.348,882170,2,5,MOTOR,255,BROADCAST,0,HEARTBEAT,48,HEARTBEAT,0,89,0,0,0,0,0x08017FC0
1777171931.348,882184,2,5,MOTOR,255,BROADCAST,4,TELEMETRY,80,0x50,1,0,0,0,0,0,0x08017FC4
1777171931.816,882679,2,5,MOTOR,255,BROADCAST,4,TELEMETRY,80,0x50,1,0,0,0,0,0,0x08017FC4
1777171932.255,883160,2,5,MOTOR,255,BROADCAST,0,HEARTBEAT,48,HEARTBEAT,0,90,0,0,0,0,0x08017FC0
1777171932.268,883174,2,5,MOTOR,255,BROADCAST,4,TELEMETRY,80,0x50,1,0,0,0,0,0,0x08017FC4
1777171932.764,883670,2,5,MOTOR,255,BROADCAST,4,TELEMETRY,80,0x50,1,0,0,0,0,0,0x08017FC4
1777171933.246,884151,2,5,MOTOR,255,BROADCAST,0,HEARTBEAT,48,HEARTBEAT,0,91,0,0,0,0,0x08017FC0
1777171933.260,884166,2,5,MOTOR,255,BROADCAST,4,TELEMETRY,80,0x50,1,0,0,0,0,0,0x08017FC4
1777171933.767,884661,2,5,MOTOR,255,BROADCAST,4,TELEMETRY,80,0x50,1,0,0,0,0,0,0x08017FC4
1777171934.270,885142,2,5,MOTOR,255,BROADCAST,0,HEARTBEAT,48,HEARTBEAT,0,92,0,0,0,0,0x08017FC0
1777171934.270,885156,2,5,MOTOR,255,BROADCAST,4,TELEMETRY,80,0x50,1,0,0,0,0,0,0x08017FC4
1777171934.784,885652,2,5,MOTOR,255,BROADCAST,4,TELEMETRY,80,0x50,1,0,0,0,0,0,0x08017FC4
1777171935.227,886132,2,5,MOTOR,255,BROADCAST,0,HEARTBEAT,48,HEARTBEAT,0,93,0,0,0,0,0x08017FC0
1777171935.242,886148,2,5,MOTOR,255,BROADCAST,4,TELEMETRY,80,0x50,1,0,0,0,0,0,0x08017FC4
1777171935.737,886643,2,5,MOTOR,255,BROADCAST,4,TELEMETRY,80,0x50,1,0,0,0,0,0,0x08017FC4
1777171936.217,887123,2,5,MOTOR,255,BROADCAST,0,HEARTBEAT,48,HEARTBEAT,0,94,0,0,0,0,0x08017FC0
1777171936.233,887138,2,5,MOTOR,255,BROADCAST,4,TELEMETRY,80,0x50,1,0,0,0,0,0,0x08017FC4
1777171936.729,887634,2,5,MOTOR,255,BROADCAST,4,TELEMETRY,80,0x50,1,0,0,0,0,0,0x08017FC4
1777171937.235,888114,2,5,MOTOR,255,BROADCAST,0,HEARTBEAT,48,HEARTBEAT,0,95,0,0,0,0,0x08017FC0
1777171937.235,888130,2,5,MOTOR,255,BROADCAST,4,TELEMETRY,80,0x50,1,0,0,0,0,0,0x08017FC4
1777171937.748,888625,2,5,MOTOR,255,BROADCAST,4,TELEMETRY,80,0x50,1,0,0,0,0,0,0x08017FC4
1777171938.201,889104,2,5,MOTOR,255,BROADCAST,0,HEARTBEAT,48,HEARTBEAT,0,96,0,0,0,0,0x08017FC0
1777171938.214,889120,2,5,MOTOR,255,BROADCAST,4,TELEMETRY,80,0x50,1,0,0,0,0,0,0x08017FC4
1777171938.711,889616,2,5,MOTOR,255,BROADCAST,4,TELEMETRY,80,0x50,1,0,0,0,0,0,0x08017FC4
1777171939.189,890095,2,5,MOTOR,255,BROADCAST,0,HEARTBEAT,48,HEARTBEAT,0,97,0,0,0,0,0x08017FC0
1777171939.206,890112,2,5,MOTOR,255,BROADCAST,4,TELEMETRY,80,0x50,1,0,0,0,0,0,0x08017FC4
1777171939.702,890607,2,5,MOTOR,255,BROADCAST,4,TELEMETRY,80,0x50,1,0,0,0,0,0,0x08017FC4
1777171940.200,891085,2,5,MOTOR,255,BROADCAST,0,HEARTBEAT,48,HEARTBEAT,0,98,0,0,0,0,0x08017FC0
1777171940.200,891102,2,5,MOTOR,255,BROADCAST,4,TELEMETRY,80,0x50,1,0,0,0,0,0,0x08017FC4
1777171940.714,891598,2,5,MOTOR,255,BROADCAST,4,TELEMETRY,80,0x50,1,0,0,0,0,0,0x08017FC4
1777171941.170,892076,2,5,MOTOR,255,BROADCAST,0,HEARTBEAT,48,HEARTBEAT,0,99,0,0,0,0,0x08017FC0
1777171941.188,892094,2,5,MOTOR,255,BROADCAST,4,TELEMETRY,80,0x50,1,0,0,0,0,0,0x08017FC4
1777171941.684,892589,2,5,MOTOR,255,BROADCAST,4,TELEMETRY,80,0x50,1,0,0,0,0,0,0x08017FC4
1777171942.161,893067,2,5,MOTOR,255,BROADCAST,0,HEARTBEAT,48,HEARTBEAT,0,100,0,0,0,0,0x08017FC0
1777171942.178,893084,2,5,MOTOR,255,BROADCAST,4,TELEMETRY,80,0x50,1,0,0,0,0,0,0x08017FC4
1777171942.688,893579,2,5,MOTOR,255,BROADCAST,4,TELEMETRY,80,0x50,1,0,0,0,0,0,0x08017FC4
1777171943.215,894057,2,5,MOTOR,255,BROADCAST,0,HEARTBEAT,48,HEARTBEAT,0,101,0,0,0,0,0x08017FC0
1777171943.215,894075,2,5,MOTOR,255,BROADCAST,4,TELEMETRY,80,0x50,1,0,0,0,0,0,0x08017FC4
1777171943.683,894570,2,5,MOTOR,255,BROADCAST,4,TELEMETRY,80,0x50,1,0,0,0,0,0,0x08017FC4
1777171944.142,895048,2,5,MOTOR,255,BROADCAST,0,HEARTBEAT,48,HEARTBEAT,0,102,0,0,0,0,0x08017FC0
1777171944.160,895065,2,5,MOTOR,255,BROADCAST,4,TELEMETRY,80,0x50,1,0,0,0,0,0,0x08017FC4
1777171944.656,895561,2,5,MOTOR,255,BROADCAST,4,TELEMETRY,80,0x50,1,0,0,0,0,0,0x08017FC4
1777171945.133,896038,2,5,MOTOR,255,BROADCAST,0,HEARTBEAT,48,HEARTBEAT,0,103,0,0,0,0,0x08017FC0
1777171945.164,896057,2,5,MOTOR,255,BROADCAST,4,TELEMETRY,80,0x50,1,0,0,0,0,0,0x08017FC4
1777171945.647,896552,2,5,MOTOR,255,BROADCAST,4,TELEMETRY,80,0x50,1,0,0,0,0,0,0x08017FC4
1777171946.173,897029,2,5,MOTOR,255,BROADCAST,0,HEARTBEAT,48,HEARTBEAT,0,104,0,0,0,0,0x08017FC0
1777171946.173,897047,2,5,MOTOR,255,BROADCAST,4,TELEMETRY,80,0x50,1,0,0,0,0,0,0x08017FC4
1777171946.665,897543,2,5,MOTOR,255,BROADCAST,4,TELEMETRY,80,0x50,1,0,0,0,0,0,0x08017FC4
1777171947.115,898020,2,5,MOTOR,255,BROADCAST,0,HEARTBEAT,48,HEARTBEAT,0,105,0,0,0,0,0x08017FC0
1777171947.177,898039,2,5,MOTOR,255,BROADCAST,4,TELEMETRY,80,0x50,1,0,0,0,0,0,0x08017FC4
1777171947.629,898534,2,5,MOTOR,255,BROADCAST,4,TELEMETRY,80,0x50,1,0,0,0,0,0,0x08017FC4
1777171948.107,899011,2,5,MOTOR,255,BROADCAST,0,HEARTBEAT,48,HEARTBEAT,0,106,0,0,0,0,0x08017FC0
1777171948.132,899029,2,5,MOTOR,255,BROADCAST,4,TELEMETRY,80,0x50,1,0,0,0,0,0,0x08017FC4
1777171948.620,899525,2,5,MOTOR,255,BROADCAST,4,TELEMETRY,80,0x50,1,0,0,0,0,0,0x08017FC4
1777171949.122,900001,2,5,MOTOR,255,BROADCAST,0,HEARTBEAT,48,HEARTBEAT,0,107,0,0,0,0,0x08017FC0
1777171949.122,900021,2,5,MOTOR,255,BROADCAST,4,TELEMETRY,80,0x50,1,0,0,0,0,0,0x08017FC4
1777171949.623,900516,2,5,MOTOR,255,BROADCAST,4,TELEMETRY,80,0x50,1,0,0,0,0,0,0x08017FC4
1777171950.089,900992,2,5,MOTOR,255,BROADCAST,0,HEARTBEAT,48,HEARTBEAT,0,108,0,0,0,0,0x08017FC0
1777171950.147,901011,2,5,MOTOR,255,BROADCAST,4,TELEMETRY,80,0x50,1,0,0,0,0,0,0x08017FC4
1777171950.602,901507,2,5,MOTOR,255,BROADCAST,4,TELEMETRY,80,0x50,1,0,0,0,0,0,0x08017FC4
1777171951.079,901982,2,5,MOTOR,255,BROADCAST,0,HEARTBEAT,48,HEARTBEAT,0,109,0,0,0,0,0x08017FC0
1777171951.107,902003,2,5,MOTOR,255,BROADCAST,4,TELEMETRY,80,0x50,1,0,0,0,0,0,0x08017FC4
1777171951.594,902498,2,5,MOTOR,255,BROADCAST,4,TELEMETRY,80,0x50,1,0,0,0,0,0,0x08017FC4
1777171952.090,902973,2,5,MOTOR,255,BROADCAST,0,HEARTBEAT,48,HEARTBEAT,0,110,0,0,0,0,0x08017FC0
1777171952.090,902993,2,5,MOTOR,255,BROADCAST,4,TELEMETRY,80,0x50,1,0,0,0,0,0,0x08017FC4
1777171952.602,903489,2,5,MOTOR,255,BROADCAST,4,TELEMETRY,80,0x50,1,0,0,0,0,0,0x08017FC4
1777171953.065,903964,2,5,MOTOR,255,BROADCAST,0,HEARTBEAT,48,HEARTBEAT,0,111,0,0,0,0,0x08017FC0
1777171953.114,903985,2,5,MOTOR,255,BROADCAST,4,TELEMETRY,80,0x50,1,0,0,0,0,0,0x08017FC4
1777171953.575,904480,2,5,MOTOR,255,BROADCAST,4,TELEMETRY,80,0x50,1,0,0,0,0,0,0x08017FC4
1777171954.072,904954,2,5,MOTOR,255,BROADCAST,0,HEARTBEAT,48,HEARTBEAT,0,112,0,0,0,0,0x08017FC0
1777171954.072,904975,2,5,MOTOR,255,BROADCAST,4,TELEMETRY,80,0x50,1,0,0,0,0,0,0x08017FC4
1777171954.566,905471,2,5,MOTOR,255,BROADCAST,4,TELEMETRY,80,0x50,1,0,0,0,0,0,0x08017FC4
1777171955.063,905945,2,5,MOTOR,255,BROADCAST,0,HEARTBEAT,48,HEARTBEAT,0,113,0,0,0,0,0x08017FC0
1777171955.063,905967,2,5,MOTOR,255,BROADCAST,4,TELEMETRY,80,0x50,1,0,0,0,0,0,0x08017FC4
1777171955.572,906462,2,5,MOTOR,255,BROADCAST,4,TELEMETRY,80,0x50,1,0,0,0,0,0,0x08017FC4
1777171956.030,906935,2,5,MOTOR,255,BROADCAST,0,HEARTBEAT,48,HEARTBEAT,0,114,0,0,0,0,0x08017FC0
1777171956.087,906956,2,5,MOTOR,255,BROADCAST,4,TELEMETRY,80,0x50,1,0,0,0,0,0,0x08017FC4
1777171956.548,907453,2,5,MOTOR,255,BROADCAST,4,TELEMETRY,80,0x50,1,0,0,0,0,0,0x08017FC4
1777171957.031,907926,2,5,MOTOR,255,BROADCAST,0,HEARTBEAT,48,HEARTBEAT,0,115,0,0,0,0,0x08017FC0
1777171957.043,907948,2,5,MOTOR,255,BROADCAST,4,TELEMETRY,80,0x50,1,0,0,0,0,0,0x08017FC4
1777171957.538,908443,2,5,MOTOR,255,BROADCAST,4,TELEMETRY,80,0x50,1,0,0,0,0,0,0x08017FC4
1777171958.025,908917,2,5,MOTOR,255,BROADCAST,0,HEARTBEAT,48,HEARTBEAT,0,116,0,0,0,0,0x08017FC0
1777171958.033,908938,2,5,MOTOR,255,BROADCAST,4,TELEMETRY,80,0x50,1,0,0,0,0,0,0x08017FC4
1777171958.544,909434,2,5,MOTOR,255,BROADCAST,4,TELEMETRY,80,0x50,1,0,0,0,0,0,0x08017FC4
1777171959.003,909907,2,5,MOTOR,255,BROADCAST,0,HEARTBEAT,48,HEARTBEAT,0,117,0,0,0,0,0x08017FC0
1777171959.054,909930,2,5,MOTOR,255,BROADCAST,4,TELEMETRY,80,0x50,1,0,0,0,0,0,0x08017FC4
1777171959.521,910425,2,5,MOTOR,255,BROADCAST,4,TELEMETRY,80,0x50,1,0,0,0,0,0,0x08017FC4
1777171959.993,910898,2,5,MOTOR,255,BROADCAST,0,HEARTBEAT,48,HEARTBEAT,0,118,0,0,0,0,0x08017FC0
1777171960.019,910920,2,5,MOTOR,255,BROADCAST,4,TELEMETRY,80,0x50,1,0,0,0,0,0,0x08017FC4
1777171960.512,911416,2,5,MOTOR,255,BROADCAST,4,TELEMETRY,80,0x50,1,0,0,0,0,0,0x08017FC4
1777171960.996,911889,2,5,MOTOR,255,BROADCAST,0,HEARTBEAT,48,HEARTBEAT,0,119,0,0,0,0,0x08017FC0
1777171961.008,911912,2,5,MOTOR,255,BROADCAST,4,TELEMETRY,80,0x50,1,0,0,0,0,0,0x08017FC4
1777171961.515,912407,2,5,MOTOR,255,BROADCAST,4,TELEMETRY,80,0x50,1,0,0,0,0,0,0x08017FC4
1777171961.974,912879,2,5,MOTOR,255,BROADCAST,0,HEARTBEAT,48,HEARTBEAT,0,120,0,0,0,0,0x08017FC0
1777171962.023,912902,2,5,MOTOR,255,BROADCAST,4,TELEMETRY,80,0x50,1,0,0,0,0,0,0x08017FC4
1777171962.536,913398,2,5,MOTOR,255,BROADCAST,4,TELEMETRY,80,0x50,1,0,0,0,0,0,0x08017FC4
1777171962.964,913870,2,5,MOTOR,255,BROADCAST,0,HEARTBEAT,48,HEARTBEAT,0,121,0,0,0,0,0x08017FC0
1777171962.989,913894,2,5,MOTOR,255,BROADCAST,4,TELEMETRY,80,0x50,1,0,0,0,0,0,0x08017FC4
1777171963.484,914389,2,5,MOTOR,255,BROADCAST,4,TELEMETRY,80,0x50,1,0,0,0,0,0,0x08017FC4
1777171963.970,914860,2,5,MOTOR,255,BROADCAST,0,HEARTBEAT,48,HEARTBEAT,0,122,0,0,0,0,0x08017FC0
1777171963.983,914884,2,5,MOTOR,255,BROADCAST,4,TELEMETRY,80,0x50,1,0,0,0,0,0,0x08017FC4
1777171964.495,915380,2,5,MOTOR,255,BROADCAST,4,TELEMETRY,80,0x50,1,0,0,0,0,0,0x08017FC4
1777171964.945,915851,2,5,MOTOR,255,BROADCAST,0,HEARTBEAT,48,HEARTBEAT,0,123,0,0,0,0,0x08017FC0
1777171964.995,915876,2,5,MOTOR,255,BROADCAST,4,TELEMETRY,80,0x50,1,0,0,0,0,0,0x08017FC4
1777171965.504,916371,2,5,MOTOR,255,BROADCAST,4,TELEMETRY,80,0x50,1,0,0,0,0,0,0x08017FC4
1777171965.937,916842,2,5,MOTOR,255,BROADCAST,0,HEARTBEAT,48,HEARTBEAT,0,124,0,0,0,0,0x08017FC0
1777171966.007,916866,2,5,MOTOR,255,BROADCAST,4,TELEMETRY,80,0x50,1,0,0,0,0,0,0x08017FC4
1777171966.456,917362,2,5,MOTOR,255,BROADCAST,4,TELEMETRY,80,0x50,1,0,0,0,0,0,0x08017FC4
1777171966.955,917832,2,5,MOTOR,255,BROADCAST,0,HEARTBEAT,48,HEARTBEAT,0,125,0,0,0,0,0x08017FC0
1777171966.955,917858,2,5,MOTOR,255,BROADCAST,4,TELEMETRY,80,0x50,1,0,0,0,0,0,0x08017FC4
1777171967.453,918353,2,5,MOTOR,255,BROADCAST,4,TELEMETRY,80,0x50,1,0,0,0,0,0,0x08017FC4
1777171967.918,918823,2,5,MOTOR,255,BROADCAST,0,HEARTBEAT,48,HEARTBEAT,0,126,0,0,0,0,0x08017FC0
1777171967.963,918847,2,5,MOTOR,255,BROADCAST,4,TELEMETRY,80,0x50,1,0,0,0,0,0,0x08017FC4
1777171968.478,919343,2,5,MOTOR,255,BROADCAST,4,TELEMETRY,80,0x50,1,0,0,0,0,0,0x08017FC4
1777171968.909,919814,2,5,MOTOR,255,BROADCAST,0,HEARTBEAT,48,HEARTBEAT,0,127,0,0,0,0,0x08017FC0
1777171968.934,919839,2,5,MOTOR,255,BROADCAST,4,TELEMETRY,80,0x50,1,0,0,0,0,0,0x08017FC4
1777171969.429,920334,2,5,MOTOR,255,BROADCAST,4,TELEMETRY,80,0x50,1,0,0,0,0,0,0x08017FC4
1777171969.909,920804,2,5,MOTOR,255,BROADCAST,0,HEARTBEAT,48,HEARTBEAT,0,128,0,0,0,0,0x08017FC0
1777171969.924,920829,2,5,MOTOR,255,BROADCAST,4,TELEMETRY,80,0x50,1,0,0,0,0,0,0x08017FC4
1777171970.426,921325,2,5,MOTOR,255,BROADCAST,4,TELEMETRY,80,0x50,1,0,0,0,0,0,0x08017FC4
1777171970.965,921795,2,5,MOTOR,255,BROADCAST,0,HEARTBEAT,48,HEARTBEAT,0,129,0,0,0,0,0x08017FC0
1777171970.965,921821,2,5,MOTOR,255,BROADCAST,4,TELEMETRY,80,0x50,1,0,0,0,0,0,0x08017FC4
1777171971.444,922316,2,5,MOTOR,255,BROADCAST,4,TELEMETRY,80,0x50,1,0,0,0,0,0,0x08017FC4
1777171971.880,922785,2,5,MOTOR,255,BROADCAST,0,HEARTBEAT,48,HEARTBEAT,0,130,0,0,0,0,0x08017FC0
1777171971.906,922811,2,5,MOTOR,255,BROADCAST,4,TELEMETRY,80,0x50,1,0,0,0,0,0,0x08017FC4
1777171972.404,923307,2,5,MOTOR,255,BROADCAST,4,TELEMETRY,80,0x50,1,0,0,0,0,0,0x08017FC4
1777171972.880,923776,2,5,MOTOR,255,BROADCAST,0,HEARTBEAT,48,HEARTBEAT,0,131,0,0,0,0,0x08017FC0
1777171972.903,923803,2,5,MOTOR,255,BROADCAST,4,TELEMETRY,80,0x50,1,0,0,0,0,0,0x08017FC4
1777171973.393,924298,2,5,MOTOR,255,BROADCAST,4,TELEMETRY,80,0x50,1,0,0,0,0,0,0x08017FC4
1777171973.915,924767,2,5,MOTOR,255,BROADCAST,0,HEARTBEAT,48,HEARTBEAT,0,132,0,0,0,0,0x08017FC0
1777171973.915,924793,2,5,MOTOR,255,BROADCAST,4,TELEMETRY,80,0x50,1,0,0,0,0,0,0x08017FC4
1777171974.410,925289,2,5,MOTOR,255,BROADCAST,4,TELEMETRY,80,0x50,1,0,0,0,0,0,0x08017FC4
1777171974.853,925757,2,5,MOTOR,255,BROADCAST,0,HEARTBEAT,48,HEARTBEAT,0,133,0,0,0,0,0x08017FC0
1777171974.880,925785,2,5,MOTOR,255,BROADCAST,4,TELEMETRY,80,0x50,1,0,0,0,0,0,0x08017FC4
1777171975.375,926280,2,5,MOTOR,255,BROADCAST,4,TELEMETRY,80,0x50,1,0,0,0,0,0,0x08017FC4
1777171975.878,926748,2,5,MOTOR,255,BROADCAST,0,HEARTBEAT,48,HEARTBEAT,0,134,0,0,0,0,0x08017FC0
1777171975.878,926775,2,5,MOTOR,255,BROADCAST,4,TELEMETRY,80,0x50,1,0,0,0,0,0,0x08017FC4
1777171976.365,927271,2,5,MOTOR,255,BROADCAST,4,TELEMETRY,80,0x50,1,0,0,0,0,0,0x08017FC4
1777171976.873,927739,2,5,MOTOR,255,BROADCAST,0,HEARTBEAT,48,HEARTBEAT,0,135,0,0,0,0,0x08017FC0
1777171976.873,927767,2,5,MOTOR,255,BROADCAST,4,TELEMETRY,80,0x50,1,0,0,0,0,0,0x08017FC4
1777171977.386,928262,2,5,MOTOR,255,BROADCAST,4,TELEMETRY,80,0x50,1,0,0,0,0,0,0x08017FC4
1777171977.828,928729,2,5,MOTOR,255,BROADCAST,0,HEARTBEAT,48,HEARTBEAT,0,136,0,0,0,0,0x08017FC0
1777171977.893,928756,2,5,MOTOR,255,BROADCAST,4,TELEMETRY,80,0x50,1,0,0,0,0,0,0x08017FC4
1777171978.348,929252,2,5,MOTOR,255,BROADCAST,4,TELEMETRY,80,0x50,1,0,0,0,0,0,0x08017FC4
1777171978.820,929720,2,5,MOTOR,255,BROADCAST,0,HEARTBEAT,48,HEARTBEAT,0,137,0,0,0,0,0x08017FC0
1777171978.847,929748,2,5,MOTOR,255,BROADCAST,4,TELEMETRY,80,0x50,1,0,0,0,0,0,0x08017FC4
1777171979.339,930243,2,5,MOTOR,255,BROADCAST,4,TELEMETRY,80,0x50,1,0,0,0,0,0,0x08017FC4
1777171979.843,930710,2,5,MOTOR,255,BROADCAST,0,HEARTBEAT,48,HEARTBEAT,0,138,0,0,0,0,0x08017FC0
1777171979.843,930738,2,5,MOTOR,255,BROADCAST,4,TELEMETRY,80,0x50,1,0,0,0,0,0,0x08017FC4
1777171980.347,931234,2,5,MOTOR,255,BROADCAST,4,TELEMETRY,80,0x50,1,0,0,0,0,0,0x08017FC4
1777171980.798,931701,2,5,MOTOR,255,BROADCAST,0,HEARTBEAT,48,HEARTBEAT,0,139,0,0,0,0,0x08017FC0
1777171980.865,931730,2,5,MOTOR,255,BROADCAST,4,TELEMETRY,80,0x50,1,0,0,0,0,0,0x08017FC4
1777171981.320,932225,2,5,MOTOR,255,BROADCAST,4,TELEMETRY,80,0x50,1,0,0,0,0,0,0x08017FC4
1777171981.774,932692,2,5,MOTOR,255,BROADCAST,0,HEARTBEAT,48,HEARTBEAT,0,140,0,0,0,0,0x08017FC0
1777171981.815,932720,2,5,MOTOR,255,BROADCAST,4,TELEMETRY,80,0x50,1,0,0,0,0,0,0x08017FC4
1777171982.325,933216,2,5,MOTOR,255,BROADCAST,4,TELEMETRY,80,0x50,1,0,0,0,0,0,0x08017FC4
1777171982.816,933682,2,5,MOTOR,255,BROADCAST,0,HEARTBEAT,48,HEARTBEAT,0,141,0,0,0,0,0x08017FC0
1777171982.816,933712,2,5,MOTOR,255,BROADCAST,4,TELEMETRY,80,0x50,1,0,0,0,0,0,0x08017FC4
1777171983.318,934207,2,5,MOTOR,255,BROADCAST,4,TELEMETRY,80,0x50,1,0,0,0,0,0,0x08017FC4
1777171983.771,934673,2,5,MOTOR,255,BROADCAST,0,HEARTBEAT,48,HEARTBEAT,0,142,0,0,0,0,0x08017FC0
1777171983.849,934702,2,5,MOTOR,255,BROADCAST,4,TELEMETRY,80,0x50,1,0,0,0,0,0,0x08017FC4
1777171984.294,935198,2,5,MOTOR,255,BROADCAST,4,TELEMETRY,80,0x50,1,0,0,0,0,0,0x08017FC4
1777171984.760,935663,2,5,MOTOR,255,BROADCAST,0,HEARTBEAT,48,HEARTBEAT,0,143,0,0,0,0,0x08017FC0
1777171984.793,935694,2,5,MOTOR,255,BROADCAST,4,TELEMETRY,80,0x50,1,0,0,0,0,0,0x08017FC4
1777171985.284,936189,2,5,MOTOR,255,BROADCAST,4,TELEMETRY,80,0x50,1,0,0,0,0,0,0x08017FC4
1777171985.783,936654,2,5,MOTOR,255,BROADCAST,0,HEARTBEAT,48,HEARTBEAT,0,144,0,0,0,0,0x08017FC0
1777171985.783,936684,2,5,MOTOR,255,BROADCAST,4,TELEMETRY,80,0x50,1,0,0,0,0,0,0x08017FC4
1777171986.288,937180,2,5,MOTOR,255,BROADCAST,4,TELEMETRY,80,0x50,1,0,0,0,0,0,0x08017FC4
1777171986.740,937645,2,5,MOTOR,255,BROADCAST,0,HEARTBEAT,48,HEARTBEAT,0,145,0,0,0,0,0x08017FC0
1777171986.813,937676,2,5,MOTOR,255,BROADCAST,4,TELEMETRY,80,0x50,1,0,0,0,0,0,0x08017FC4
1777171987.266,938171,2,5,MOTOR,255,BROADCAST,4,TELEMETRY,80,0x50,1,0,0,0,0,0,0x08017FC4
1777171987.731,938635,2,5,MOTOR,255,BROADCAST,0,HEARTBEAT,48,HEARTBEAT,0,146,0,0,0,0,0x08017FC0
1777171987.763,938666,2,5,MOTOR,255,BROADCAST,4,TELEMETRY,80,0x50,1,0,0,0,0,0,0x08017FC4
1777171988.257,939162,2,5,MOTOR,255,BROADCAST,4,TELEMETRY,80,0x50,1,0,0,0,0,0,0x08017FC4
1777171988.752,939626,2,5,MOTOR,255,BROADCAST,0,HEARTBEAT,48,HEARTBEAT,0,147,0,0,0,0,0x08017FC0
1777171988.763,939658,2,5,MOTOR,255,BROADCAST,4,TELEMETRY,80,0x50,1,0,0,0,0,0,0x08017FC4
1777171989.295,940153,2,5,MOTOR,255,BROADCAST,4,TELEMETRY,80,0x50,1,0,0,0,0,0,0x08017FC4
1777171989.712,940617,2,5,MOTOR,255,BROADCAST,0,HEARTBEAT,48,HEARTBEAT,0,148,0,0,0,0,0x08017FC0
1777171989.789,940648,2,5,MOTOR,255,BROADCAST,4,TELEMETRY,80,0x50,1,0,0,0,0,0,0x08017FC4
1777171990.239,941144,2,5,MOTOR,255,BROADCAST,4,TELEMETRY,80,0x50,1,0,0,0,0,0,0x08017FC4
1777171990.704,941607,2,5,MOTOR,255,BROADCAST,0,HEARTBEAT,48,HEARTBEAT,0,149,0,0,0,0,0x08017FC0
1777171990.736,941640,2,5,MOTOR,255,BROADCAST,4,TELEMETRY,80,0x50,1,0,0,0,0,0,0x08017FC4
1777171991.230,942134,2,5,MOTOR,255,BROADCAST,4,TELEMETRY,80,0x50,1,0,0,0,0,0,0x08017FC4
1777171991.720,942598,2,5,MOTOR,255,BROADCAST,0,HEARTBEAT,48,HEARTBEAT,0,150,0,0,0,0,0x08017FC0
1777171991.724,942629,2,5,MOTOR,255,BROADCAST,4,TELEMETRY,80,0x50,1,0,0,0,0,0,0x08017FC4
1777171992.254,943125,2,5,MOTOR,255,BROADCAST,4,TELEMETRY,80,0x50,1,0,0,0,0,0,0x08017FC4
1777171992.684,943589,2,5,MOTOR,255,BROADCAST,0,HEARTBEAT,48,HEARTBEAT,0,151,0,0,0,0,0x08017FC0
1777171992.754,943621,2,5,MOTOR,255,BROADCAST,4,TELEMETRY,80,0x50,1,0,0,0,0,0,0x08017FC4
1777171993.211,944116,2,5,MOTOR,255,BROADCAST,4,TELEMETRY,80,0x50,1,0,0,0,0,0,0x08017FC4
1777171993.675,944579,2,5,MOTOR,255,BROADCAST,0,HEARTBEAT,48,HEARTBEAT,0,152,0,0,0,0,0x08017FC0
1777171993.707,944611,2,5,MOTOR,255,BROADCAST,4,TELEMETRY,80,0x50,1,0,0,0,0,0,0x08017FC4
1777171994.203,945107,2,5,MOTOR,255,BROADCAST,4,TELEMETRY,80,0x50,1,0,0,0,0,0,0x08017FC4
1777171994.691,945570,2,5,MOTOR,255,BROADCAST,0,HEARTBEAT,48,HEARTBEAT,0,153,0,0,0,0,0x08017FC0
1777171994.699,945603,2,5,MOTOR,255,BROADCAST,4,TELEMETRY,80,0x50,1,0,0,0,0,0,0x08017FC4
1777171995.255,946098,2,5,MOTOR,255,BROADCAST,4,TELEMETRY,80,0x50,1,0,0,0,0,0,0x08017FC4
1777171995.656,946560,2,5,MOTOR,255,BROADCAST,0,HEARTBEAT,48,HEARTBEAT,0,154,0,0,0,0,0x08017FC0
1777171995.708,946593,2,5,MOTOR,255,BROADCAST,4,TELEMETRY,80,0x50,1,0,0,0,0,0,0x08017FC4
1777171996.227,947089,2,5,MOTOR,255,BROADCAST,4,TELEMETRY,80,0x50,1,0,0,0,0,0,0x08017FC4
1777171996.656,947551,2,5,MOTOR,255,BROADCAST,0,HEARTBEAT,48,HEARTBEAT,0,155,0,0,0,0,0x08017FC0
1777171996.680,947585,2,5,MOTOR,255,BROADCAST,4,TELEMETRY,80,0x50,1,0,0,0,0,0,0x08017FC4
1777171997.176,948080,2,5,MOTOR,255,BROADCAST,4,TELEMETRY,80,0x50,1,0,0,0,0,0,0x08017FC4
1777171997.661,948542,2,5,MOTOR,255,BROADCAST,0,HEARTBEAT,48,HEARTBEAT,0,156,0,0,0,0,0x08017FC0
1777171997.670,948575,2,5,MOTOR,255,BROADCAST,4,TELEMETRY,80,0x50,1,0,0,0,0,0,0x08017FC4
1777171998.172,949071,2,5,MOTOR,255,BROADCAST,4,TELEMETRY,80,0x50,1,0,0,0,0,0,0x08017FC4
1777171998.633,949532,2,5,MOTOR,255,BROADCAST,0,HEARTBEAT,48,HEARTBEAT,0,157,0,0,0,0,0x08017FC0
1777171998.685,949567,2,5,MOTOR,255,BROADCAST,4,TELEMETRY,80,0x50,1,0,0,0,0,0,0x08017FC4
1777171999.195,950062,2,5,MOTOR,255,BROADCAST,4,TELEMETRY,80,0x50,1,0,0,0,0,0,0x08017FC4
1777171999.618,950523,2,5,MOTOR,255,BROADCAST,0,HEARTBEAT,48,HEARTBEAT,0,158,0,0,0,0,0x08017FC0
1777171999.652,950557,2,5,MOTOR,255,BROADCAST,4,TELEMETRY,80,0x50,1,0,0,0,0,0,0x08017FC4
1777172000.148,951053,2,5,MOTOR,255,BROADCAST,4,TELEMETRY,80,0x50,1,0,0,0,0,0,0x08017FC4
1777172000.626,951513,2,5,MOTOR,255,BROADCAST,0,HEARTBEAT,48,HEARTBEAT,0,159,0,0,0,0,0x08017FC0
1777172000.644,951549,2,5,MOTOR,255,BROADCAST,4,TELEMETRY,80,0x50,1,0,0,0,0,0,0x08017FC4
1777172001.150,952044,2,5,MOTOR,255,BROADCAST,4,TELEMETRY,80,0x50,1,0,0,0,0,0,0x08017FC4
1777172001.600,952504,2,5,MOTOR,255,BROADCAST,0,HEARTBEAT,48,HEARTBEAT,0,160,0,0,0,0,0x08017FC0
1777172001.653,952538,2,5,MOTOR,255,BROADCAST,4,TELEMETRY,80,0x50,1,0,0,0,0,0,0x08017FC4
1777172002.170,953035,2,5,MOTOR,255,BROADCAST,4,TELEMETRY,80,0x50,1,0,0,0,0,0,0x08017FC4
1777172002.590,953495,2,5,MOTOR,255,BROADCAST,0,HEARTBEAT,48,HEARTBEAT,0,161,0,0,0,0,0x08017FC0
1777172002.626,953531,2,5,MOTOR,255,BROADCAST,4,TELEMETRY,80,0x50,1,0,0,0,0,0,0x08017FC4
1777172003.121,954025,2,5,MOTOR,255,BROADCAST,4,TELEMETRY,80,0x50,1,0,0,0,0,0,0x08017FC4
1777172003.601,954485,2,5,MOTOR,255,BROADCAST,0,HEARTBEAT,48,HEARTBEAT,0,162,0,0,0,0,0x08017FC0
1777172003.616,954520,2,5,MOTOR,255,BROADCAST,4,TELEMETRY,80,0x50,1,0,0,0,0,0,0x08017FC4
1777172004.112,955016,2,5,MOTOR,255,BROADCAST,4,TELEMETRY,80,0x50,1,0,0,0,0,0,0x08017FC4
1777172004.575,955476,2,5,MOTOR,255,BROADCAST,0,HEARTBEAT,48,HEARTBEAT,0,163,0,0,0,0,0x08017FC0
1777172004.621,955512,2,5,MOTOR,255,BROADCAST,4,TELEMETRY,80,0x50,1,0,0,0,0,0,0x08017FC4
1777172005.154,956007,2,5,MOTOR,255,BROADCAST,4,TELEMETRY,80,0x50,1,0,0,0,0,0,0x08017FC4
1777172005.571,956467,2,5,MOTOR,255,BROADCAST,0,HEARTBEAT,48,HEARTBEAT,0,164,0,0,0,0,0x08017FC0
1777172005.599,956502,2,5,MOTOR,255,BROADCAST,4,TELEMETRY,80,0x50,1,0,0,0,0,0,0x08017FC4
1777172006.094,956998,2,5,MOTOR,255,BROADCAST,4,TELEMETRY,80,0x50,1,0,0,0,0,0,0x08017FC4
1777172006.572,957457,2,5,MOTOR,255,BROADCAST,0,HEARTBEAT,48,HEARTBEAT,0,165,0,0,0,0,0x08017FC0
1777172006.590,957494,2,5,MOTOR,255,BROADCAST,4,TELEMETRY,80,0x50,1,0,0,0,0,0,0x08017FC4
1777172007.088,957989,2,5,MOTOR,255,BROADCAST,4,TELEMETRY,80,0x50,1,0,0,0,0,0,0x08017FC4
1777172007.544,958448,2,5,MOTOR,255,BROADCAST,0,HEARTBEAT,48,HEARTBEAT,0,166,0,0,0,0,0x08017FC0
1777172007.589,958484,2,5,MOTOR,255,BROADCAST,4,TELEMETRY,80,0x50,1,0,0,0,0,0,0x08017FC4
1777172008.104,958980,2,5,MOTOR,255,BROADCAST,4,TELEMETRY,80,0x50,1,0,0,0,0,0,0x08017FC4
1777172008.538,959439,2,5,MOTOR,255,BROADCAST,0,HEARTBEAT,48,HEARTBEAT,0,167,0,0,0,0,0x08017FC0
1777172008.572,959476,2,5,MOTOR,255,BROADCAST,4,TELEMETRY,80,0x50,1,0,0,0,0,0,0x08017FC4
1777172009.067,959971,2,5,MOTOR,255,BROADCAST,4,TELEMETRY,80,0x50,1,0,0,0,0,0,0x08017FC4
1777172009.540,960429,2,5,MOTOR,255,BROADCAST,0,HEARTBEAT,48,HEARTBEAT,0,168,0,0,0,0,0x08017FC0
1777172009.562,960466,2,5,MOTOR,255,BROADCAST,4,TELEMETRY,80,0x50,1,0,0,0,0,0,0x08017FC4
1777172010.058,960962,2,5,MOTOR,255,BROADCAST,4,TELEMETRY,80,0x50,1,0,0,0,0,0,0x08017FC4
1777172010.516,961420,2,5,MOTOR,255,BROADCAST,0,HEARTBEAT,48,HEARTBEAT,0,169,0,0,0,0,0x08017FC0
1777172010.579,961458,2,5,MOTOR,255,BROADCAST,4,TELEMETRY,80,0x50,1,0,0,0,0,0,0x08017FC4
1777172011.087,961953,2,5,MOTOR,255,BROADCAST,4,TELEMETRY,80,0x50,1,0,0,0,0,0,0x08017FC4
1777172011.506,962411,2,5,MOTOR,255,BROADCAST,0,HEARTBEAT,48,HEARTBEAT,0,170,0,0,0,0,0x08017FC0
1777172011.590,962448,2,5,MOTOR,255,BROADCAST,4,TELEMETRY,80,0x50,1,0,0,0,0,0,0x08017FC4
1777172012.040,962944,2,5,MOTOR,255,BROADCAST,4,TELEMETRY,80,0x50,1,0,0,0,0,0,0x08017FC4
1777172012.502,963401,2,5,MOTOR,255,BROADCAST,0,HEARTBEAT,48,HEARTBEAT,0,171,0,0,0,0,0x08017FC0
1777172012.535,963440,2,5,MOTOR,255,BROADCAST,4,TELEMETRY,80,0x50,1,0,0,0,0,0,0x08017FC4
1777172013.031,963935,2,5,MOTOR,255,BROADCAST,4,TELEMETRY,80,0x50,1,0,0,0,0,0,0x08017FC4
1777172013.487,964392,2,5,MOTOR,255,BROADCAST,0,HEARTBEAT,48,HEARTBEAT,0,172,0,0,0,0,0x08017FC0
1777172013.533,964430,2,5,MOTOR,255,BROADCAST,4,TELEMETRY,80,0x50,1,0,0,0,0,0,0x08017FC4
1777172014.045,964926,2,5,MOTOR,255,BROADCAST,4,TELEMETRY,80,0x50,1,0,0,0,0,0,0x08017FC4
1777172014.479,965382,2,5,MOTOR,255,BROADCAST,0,HEARTBEAT,48,HEARTBEAT,0,173,0,0,0,0,0x08017FC0
1777172014.560,965422,2,5,MOTOR,255,BROADCAST,4,TELEMETRY,80,0x50,1,0,0,0,0,0,0x08017FC4
1777172015.012,965917,2,5,MOTOR,255,BROADCAST,4,TELEMETRY,80,0x50,1,0,0,0,0,0,0x08017FC4
1777172015.480,966373,2,5,MOTOR,255,BROADCAST,0,HEARTBEAT,48,HEARTBEAT,0,174,0,0,0,0,0x08017FC0
1777172015.509,966412,2,5,MOTOR,255,BROADCAST,4,TELEMETRY,80,0x50,1,0,0,0,0,0,0x08017FC4
1777172016.005,966908,2,5,MOTOR,255,BROADCAST,4,TELEMETRY,80,0x50,1,0,0,0,0,0,0x08017FC4
1777172016.502,967364,2,5,MOTOR,255,BROADCAST,0,HEARTBEAT,48,HEARTBEAT,0,175,0,0,0,0,0x08017FC0
1777172016.502,967404,2,5,MOTOR,255,BROADCAST,4,TELEMETRY,80,0x50,1,0,0,0,0,0,0x08017FC4
1777172017.014,967899,2,5,MOTOR,255,BROADCAST,4,TELEMETRY,80,0x50,1,0,0,0,0,0,0x08017FC4
1777172017.453,968355,2,5,MOTOR,255,BROADCAST,0,HEARTBEAT,48,HEARTBEAT,0,176,0,0,0,0,0x08017FC0
1777172017.511,968394,2,5,MOTOR,255,BROADCAST,4,TELEMETRY,80,0x50,1,0,0,0,0,0,0x08017FC4
1777172017.986,968890,2,5,MOTOR,255,BROADCAST,4,TELEMETRY,80,0x50,1,0,0,0,0,0,0x08017FC4
1777172018.450,969345,2,5,MOTOR,255,BROADCAST,0,HEARTBEAT,48,HEARTBEAT,0,177,0,0,0,0,0x08017FC0
1777172018.482,969386,2,5,MOTOR,255,BROADCAST,4,TELEMETRY,80,0x50,1,0,0,0,0,0,0x08017FC4
1777172018.977,969881,2,5,MOTOR,255,BROADCAST,4,TELEMETRY,80,0x50,1,0,0,0,0,0,0x08017FC4
1777172019.471,970336,2,5,MOTOR,255,BROADCAST,0,HEARTBEAT,48,HEARTBEAT,0,178,0,0,0,0,0x08017FC0
1777172019.471,970376,2,5,MOTOR,255,BROADCAST,4,TELEMETRY,80,0x50,1,0,0,0,0,0,0x08017FC4
1777172019.971,970872,2,5,MOTOR,255,BROADCAST,4,TELEMETRY,80,0x50,1,0,0,0,0,0,0x08017FC4
1777172020.422,971327,2,5,MOTOR,255,BROADCAST,0,HEARTBEAT,48,HEARTBEAT,0,179,0,0,0,0,0x08017FC0
1777172020.495,971368,2,5,MOTOR,255,BROADCAST,4,TELEMETRY,80,0x50,1,0,0,0,0,0,0x08017FC4
1777172020.974,971863,2,5,MOTOR,255,BROADCAST,4,TELEMETRY,80,0x50,1,0,0,0,0,0,0x08017FC4
1777172021.421,972317,2,5,MOTOR,255,BROADCAST,0,HEARTBEAT,48,HEARTBEAT,0,180,0,0,0,0,0x08017FC0
1777172021.453,972358,2,5,MOTOR,255,BROADCAST,4,TELEMETRY,80,0x50,1,0,0,0,0,0,0x08017FC4
1777172021.950,972854,2,5,MOTOR,255,BROADCAST,4,TELEMETRY,80,0x50,1,0,0,0,0,0,0x08017FC4
1777172022.445,973308,2,5,MOTOR,255,BROADCAST,0,HEARTBEAT,48,HEARTBEAT,0,181,0,0,0,0,0x08017FC0
1777172022.446,973350,2,5,MOTOR,255,BROADCAST,4,TELEMETRY,80,0x50,1,0,0,0,0,0,0x08017FC4
1777172022.953,973844,2,5,MOTOR,255,BROADCAST,4,TELEMETRY,80,0x50,1,0,0,0,0,0,0x08017FC4
1777172023.394,974298,2,5,MOTOR,255,BROADCAST,0,HEARTBEAT,48,HEARTBEAT,0,182,0,0,0,0,0x08017FC0
1777172023.465,974339,2,5,MOTOR,255,BROADCAST,4,TELEMETRY,80,0x50,1,0,0,0,0,0,0x08017FC4
1777172023.931,974835,2,5,MOTOR,255,BROADCAST,4,TELEMETRY,80,0x50,1,0,0,0,0,0,0x08017FC4
1777172024.385,975289,2,5,MOTOR,255,BROADCAST,0,HEARTBEAT,48,HEARTBEAT,0,183,0,0,0,0,0x08017FC0
1777172024.427,975332,2,5,MOTOR,255,BROADCAST,4,TELEMETRY,80,0x50,1,0,0,0,0,0,0x08017FC4
1777172024.922,975826,2,5,MOTOR,255,BROADCAST,4,TELEMETRY,80,0x50,1,0,0,0,0,0,0x08017FC4
1777172025.413,976280,2,5,MOTOR,255,BROADCAST,0,HEARTBEAT,48,HEARTBEAT,0,184,0,0,0,0,0x08017FC0
1777172025.417,976321,2,5,MOTOR,255,BROADCAST,4,TELEMETRY,80,0x50,1,0,0,0,0,0,0x08017FC4
1777172025.923,976817,2,5,MOTOR,255,BROADCAST,4,TELEMETRY,80,0x50,1,0,0,0,0,0,0x08017FC4
1777172026.366,977270,2,5,MOTOR,255,BROADCAST,0,HEARTBEAT,48,HEARTBEAT,0,185,0,0,0,0,0x08017FC0
1777172026.436,977313,2,5,MOTOR,255,BROADCAST,4,TELEMETRY,80,0x50,1,0,0,0,0,0,0x08017FC4
1777172026.949,977808,2,5,MOTOR,255,BROADCAST,4,TELEMETRY,80,0x50,1,0,0,0,0,0,0x08017FC4
1777172027.357,978261,2,5,MOTOR,255,BROADCAST,0,HEARTBEAT,48,HEARTBEAT,0,186,0,0,0,0,0x08017FC0
1777172027.399,978303,2,5,MOTOR,255,BROADCAST,4,TELEMETRY,80,0x50,1,0,0,0,0,0,0x08017FC4
1777172027.895,978799,2,5,MOTOR,255,BROADCAST,4,TELEMETRY,80,0x50,1,0,0,0,0,0,0x08017FC4
1777172028.373,979252,2,5,MOTOR,255,BROADCAST,0,HEARTBEAT,48,HEARTBEAT,0,187,0,0,0,0,0x08017FC0
1777172028.397,979295,2,5,MOTOR,255,BROADCAST,4,TELEMETRY,80,0x50,1,0,0,0,0,0,0x08017FC4
1777172028.892,979790,2,5,MOTOR,255,BROADCAST,4,TELEMETRY,80,0x50,1,0,0,0,0,0,0x08017FC4
1777172029.339,980242,2,5,MOTOR,255,BROADCAST,0,HEARTBEAT,48,HEARTBEAT,0,188,0,0,0,0,0x08017FC0
1777172029.406,980285,2,5,MOTOR,255,BROADCAST,4,TELEMETRY,80,0x50,1,0,0,0,0,0,0x08017FC4
1777172029.908,980781,2,5,MOTOR,255,BROADCAST,4,TELEMETRY,80,0x50,1,0,0,0,0,0,0x08017FC4
1777172030.328,981233,2,5,MOTOR,255,BROADCAST,0,HEARTBEAT,48,HEARTBEAT,0,189,0,0,0,0,0x08017FC0
1777172030.373,981277,2,5,MOTOR,255,BROADCAST,4,TELEMETRY,80,0x50,1,0,0,0,0,0,0x08017FC4
1777172030.868,981772,2,5,MOTOR,255,BROADCAST,4,TELEMETRY,80,0x50,1,0,0,0,0,0,0x08017FC4
1777172031.356,982224,2,5,MOTOR,255,BROADCAST,0,HEARTBEAT,48,HEARTBEAT,0,190,0,0,0,0,0x08017FC0
1777172031.370,982267,2,5,MOTOR,255,BROADCAST,4,TELEMETRY,80,0x50,1,0,0,0,0,0,0x08017FC4
1777172031.868,982763,2,5,MOTOR,255,BROADCAST,4,TELEMETRY,80,0x50,1,0,0,0,0,0,0x08017FC4
1777172032.310,983214,2,5,MOTOR,255,BROADCAST,0,HEARTBEAT,48,HEARTBEAT,0,191,0,0,0,0,0x08017FC0
1777172032.371,983259,2,5,MOTOR,255,BROADCAST,4,TELEMETRY,80,0x50,1,0,0,0,0,0,0x08017FC4
1777172032.888,983754,2,5,MOTOR,255,BROADCAST,4,TELEMETRY,80,0x50,1,0,0,0,0,0,0x08017FC4
1777172033.301,984205,2,5,MOTOR,255,BROADCAST,0,HEARTBEAT,48,HEARTBEAT,0,192,0,0,0,0,0x08017FC0
1777172033.345,984249,2,5,MOTOR,255,BROADCAST,4,TELEMETRY,80,0x50,1,0,0,0,0,0,0x08017FC4
1777172033.843,984745,2,5,MOTOR,255,BROADCAST,4,TELEMETRY,80,0x50,1,0,0,0,0,0,0x08017FC4
1777172034.312,985196,2,5,MOTOR,255,BROADCAST,0,HEARTBEAT,48,HEARTBEAT,0,193,0,0,0,0,0x08017FC0
1777172034.337,985241,2,5,MOTOR,255,BROADCAST,4,TELEMETRY,80,0x50,1,0,0,0,0,0,0x08017FC4
1777172034.835,985736,2,5,MOTOR,255,BROADCAST,4,TELEMETRY,80,0x50,1,0,0,0,0,0,0x08017FC4
1777172035.303,986186,2,5,MOTOR,255,BROADCAST,0,HEARTBEAT,48,HEARTBEAT,0,194,0,0,0,0,0x08017FC0
1777172035.346,986231,2,5,MOTOR,255,BROADCAST,4,TELEMETRY,80,0x50,1,0,0,0,0,0,0x08017FC4
1777172035.854,986727,2,5,MOTOR,255,BROADCAST,4,TELEMETRY,80,0x50,1,0,0,0,0,0,0x08017FC4
1777172036.273,987177,2,5,MOTOR,255,BROADCAST,0,HEARTBEAT,48,HEARTBEAT,0,195,0,0,0,0,0x08017FC0
1777172036.319,987223,2,5,MOTOR,255,BROADCAST,4,TELEMETRY,80,0x50,1,0,0,0,0,0,0x08017FC4
1777172036.819,987718,2,5,MOTOR,255,BROADCAST,4,TELEMETRY,80,0x50,1,0,0,0,0,0,0x08017FC4
1777172037.290,988168,2,5,MOTOR,255,BROADCAST,0,HEARTBEAT,48,HEARTBEAT,0,196,0,0,0,0,0x08017FC0
1777172037.309,988213,2,5,MOTOR,255,BROADCAST,4,TELEMETRY,80,0x50,1,0,0,0,0,0,0x08017FC4
1777172037.811,988709,2,5,MOTOR,255,BROADCAST,4,TELEMETRY,80,0x50,1,0,0,0,0,0,0x08017FC4
1777172038.255,989158,2,5,MOTOR,255,BROADCAST,0,HEARTBEAT,48,HEARTBEAT,0,197,0,0,0,0,0x08017FC0
1777172038.308,989205,2,5,MOTOR,255,BROADCAST,4,TELEMETRY,80,0x50,1,0,0,0,0,0,0x08017FC4
1777172038.825,989700,2,5,MOTOR,255,BROADCAST,4,TELEMETRY,80,0x50,1,0,0,0,0,0,0x08017FC4
1777172039.249,990149,2,5,MOTOR,255,BROADCAST,0,HEARTBEAT,48,HEARTBEAT,0,198,0,0,0,0,0x08017FC0
1777172039.291,990195,2,5,MOTOR,255,BROADCAST,4,TELEMETRY,80,0x50,1,0,0,0,0,0,0x08017FC4
1777172039.790,990691,2,5,MOTOR,255,BROADCAST,4,TELEMETRY,80,0x50,1,0,0,0,0,0,0x08017FC4
1777172040.258,991140,2,5,MOTOR,255,BROADCAST,0,HEARTBEAT,48,HEARTBEAT,0,199,0,0,0,0,0x08017FC0
1777172040.288,991187,2,5,MOTOR,255,BROADCAST,4,TELEMETRY,80,0x50,1,0,0,0,0,0,0x08017FC4
1777172040.778,991682,2,5,MOTOR,255,BROADCAST,4,TELEMETRY,80,0x50,1,0,0,0,0,0,0x08017FC4
1777172041.234,992130,2,5,MOTOR,255,BROADCAST,0,HEARTBEAT,48,HEARTBEAT,0,200,0,0,0,0,0x08017FC0
1777172041.285,992177,2,5,MOTOR,255,BROADCAST,4,TELEMETRY,80,0x50,1,0,0,0,0,0,0x08017FC4
1777172041.786,992673,2,5,MOTOR,255,BROADCAST,4,TELEMETRY,80,0x50,1,0,0,0,0,0,0x08017FC4
1777172042.224,993121,2,5,MOTOR,255,BROADCAST,0,HEARTBEAT,48,HEARTBEAT,0,201,0,0,0,0,0x08017FC0
1777172042.323,993169,2,5,MOTOR,255,BROADCAST,4,TELEMETRY,80,0x50,1,0,0,0,0,0,0x08017FC4
1777172042.761,993664,2,5,MOTOR,255,BROADCAST,4,TELEMETRY,80,0x50,1,0,0,0,0,0,0x08017FC4
1777172043.233,994112,2,5,MOTOR,255,BROADCAST,0,HEARTBEAT,48,HEARTBEAT,0,202,0,0,0,0,0x08017FC0
1777172043.255,994159,2,5,MOTOR,255,BROADCAST,4,TELEMETRY,80,0x50,1,0,0,0,0,0,0x08017FC4
1777172043.755,994655,2,5,MOTOR,255,BROADCAST,4,TELEMETRY,80,0x50,1,0,0,0,0,0,0x08017FC4
1777172044.199,995102,2,5,MOTOR,255,BROADCAST,0,HEARTBEAT,48,HEARTBEAT,0,203,0,0,0,0,0x08017FC0
1777172044.254,995151,2,5,MOTOR,255,BROADCAST,4,TELEMETRY,80,0x50,1,0,0,0,0,0,0x08017FC4
1777172044.782,995646,2,5,MOTOR,255,BROADCAST,4,TELEMETRY,80,0x50,1,0,0,0,0,0,0x08017FC4
1777172045.192,996093,2,5,MOTOR,255,BROADCAST,0,HEARTBEAT,48,HEARTBEAT,0,204,0,0,0,0,0x08017FC0
1777172045.290,996141,2,5,MOTOR,255,BROADCAST,4,TELEMETRY,80,0x50,1,0,0,0,0,0,0x08017FC4
1777172045.733,996637,2,5,MOTOR,255,BROADCAST,4,TELEMETRY,80,0x50,1,0,0,0,0,0,0x08017FC4
1777172046.219,997084,2,5,MOTOR,255,BROADCAST,0,HEARTBEAT,48,HEARTBEAT,0,205,0,0,0,0,0x08017FC0
1777172046.229,997133,2,5,MOTOR,255,BROADCAST,4,TELEMETRY,80,0x50,1,0,0,0,0,0,0x08017FC4
1777172046.725,997628,2,5,MOTOR,255,BROADCAST,4,TELEMETRY,80,0x50,1,0,0,0,0,0,0x08017FC4
1777172047.183,998075,2,5,MOTOR,255,BROADCAST,0,HEARTBEAT,48,HEARTBEAT,0,206,0,0,0,0,0x08017FC0
1777172047.231,998123,2,5,MOTOR,255,BROADCAST,4,TELEMETRY,80,0x50,1,0,0,0,0,0,0x08017FC4
1777172047.737,998619,2,5,MOTOR,255,BROADCAST,4,TELEMETRY,80,0x50,1,0,0,0,0,0,0x08017FC4
1777172048.162,999065,2,5,MOTOR,255,BROADCAST,0,HEARTBEAT,48,HEARTBEAT,0,207,0,0,0,0,0x08017FC0
1777172048.343,999115,2,5,MOTOR,255,BROADCAST,4,TELEMETRY,80,0x50,1,0,0,0,0,0,0x08017FC4
1777172048.751,999610,2,5,MOTOR,255,BROADCAST,4,TELEMETRY,80,0x50,1,0,0,0,0,0,0x08017FC4
1777172049.170,1000056,2,5,MOTOR,255,BROADCAST,0,HEARTBEAT,48,HEARTBEAT,0,208,0,0,0,0,0x08017FC0
1777172049.201,1000105,2,5,MOTOR,255,BROADCAST,4,TELEMETRY,80,0x50,1,0,0,0,0,0,0x08017FC4
1777172049.698,1000601,2,5,MOTOR,255,BROADCAST,4,TELEMETRY,80,0x50,1,0,0,0,0,0,0x08017FC4
1777172050.143,1001047,2,5,MOTOR,255,BROADCAST,0,HEARTBEAT,48,HEARTBEAT,0,209,0,0,0,0,0x08017FC0
1777172050.203,1001097,2,5,MOTOR,255,BROADCAST,4,TELEMETRY,80,0x50,1,0,0,0,0,0,0x08017FC4
1777172050.806,1001592,2,5,MOTOR,255,BROADCAST,4,TELEMETRY,80,0x50,1,0,0,0,0,0,0x08017FC4
1777172051.214,1002037,2,5,MOTOR,255,BROADCAST,0,HEARTBEAT,48,HEARTBEAT,0,210,0,0,0,0,0x08017FC0
1777172051.214,1002087,2,5,MOTOR,255,BROADCAST,4,TELEMETRY,80,0x50,1,0,0,0,0,0,0x08017FC4
1777172051.679,1002583,2,5,MOTOR,255,BROADCAST,4,TELEMETRY,80,0x50,1,0,0,0,0,0,0x08017FC4
1777172052.133,1003028,2,5,MOTOR,255,BROADCAST,0,HEARTBEAT,48,HEARTBEAT,0,211,0,0,0,0,0x08017FC0
1777172052.175,1003079,2,5,MOTOR,255,BROADCAST,4,TELEMETRY,80,0x50,1,0,0,0,0,0,0x08017FC4
1777172052.684,1003574,2,5,MOTOR,255,BROADCAST,4,TELEMETRY,80,0x50,1,0,0,0,0,0,0x08017FC4
1777172053.116,1004019,2,5,MOTOR,255,BROADCAST,0,HEARTBEAT,48,HEARTBEAT,0,212,0,0,0,0,0x08017FC0
1777172053.253,1004069,2,5,MOTOR,255,BROADCAST,4,TELEMETRY,80,0x50,1,0,0,0,0,0,0x08017FC4
1777172053.667,1004565,2,5,MOTOR,255,BROADCAST,4,TELEMETRY,80,0x50,1,0,0,0,0,0,0x08017FC4
1777172054.105,1005009,2,5,MOTOR,255,BROADCAST,0,HEARTBEAT,48,HEARTBEAT,0,213,0,0,0,0,0x08017FC0
1777172054.176,1005061,2,5,MOTOR,255,BROADCAST,4,TELEMETRY,80,0x50,1,0,0,0,0,0,0x08017FC4
1777172054.652,1005555,2,5,MOTOR,255,BROADCAST,4,TELEMETRY,80,0x50,1,0,0,0,0,0,0x08017FC4
1777172055.220,1006000,2,5,MOTOR,255,BROADCAST,0,HEARTBEAT,48,HEARTBEAT,0,214,0,0,0,0,0x08017FC0
1777172055.220,1006050,2,5,MOTOR,255,BROADCAST,4,TELEMETRY,80,0x50,1,0,0,0,0,0,0x08017FC4
1777172055.643,1006546,2,5,MOTOR,255,BROADCAST,4,TELEMETRY,80,0x50,1,0,0,0,0,0,0x08017FC4
1777172056.087,1006990,2,5,MOTOR,255,BROADCAST,0,HEARTBEAT,48,HEARTBEAT,0,215,0,0,0,0,0x08017FC0
1777172056.139,1007043,2,5,MOTOR,255,BROADCAST,4,TELEMETRY,80,0x50,1,0,0,0,0,0,0x08017FC4
1777172056.641,1007537,2,5,MOTOR,255,BROADCAST,4,TELEMETRY,80,0x50,1,0,0,0,0,0,0x08017FC4
1777172057.078,1007981,2,5,MOTOR,255,BROADCAST,0,HEARTBEAT,48,HEARTBEAT,0,216,0,0,0,0,0x08017FC0
1777172057.155,1008032,2,5,MOTOR,255,BROADCAST,4,TELEMETRY,80,0x50,1,0,0,0,0,0,0x08017FC4
1777172057.671,1008528,2,5,MOTOR,255,BROADCAST,4,TELEMETRY,80,0x50,1,0,0,0,0,0,0x08017FC4
1777172058.070,1008972,2,5,MOTOR,255,BROADCAST,0,HEARTBEAT,48,HEARTBEAT,0,217,0,0,0,0,0x08017FC0
1777172058.121,1009024,2,5,MOTOR,255,BROADCAST,4,TELEMETRY,80,0x50,1,0,0,0,0,0,0x08017FC4
1777172058.616,1009519,2,5,MOTOR,255,BROADCAST,4,TELEMETRY,80,0x50,1,0,0,0,0,0,0x08017FC4
1777172059.100,1009963,2,5,MOTOR,255,BROADCAST,0,HEARTBEAT,48,HEARTBEAT,0,218,0,0,0,0,0x08017FC0
1777172059.111,1010014,2,5,MOTOR,255,BROADCAST,4,TELEMETRY,80,0x50,1,0,0,0,0,0,0x08017FC4
1777172059.615,1010510,2,5,MOTOR,255,BROADCAST,4,TELEMETRY,80,0x50,1,0,0,0,0,0,0x08017FC4
1777172060.050,1010953,2,5,MOTOR,255,BROADCAST,0,HEARTBEAT,48,HEARTBEAT,0,219,0,0,0,0,0x08017FC0
1777172060.127,1011006,2,5,MOTOR,255,BROADCAST,4,TELEMETRY,80,0x50,1,0,0,0,0,0,0x08017FC4
1777172060.634,1011501,2,5,MOTOR,255,BROADCAST,4,TELEMETRY,80,0x50,1,0,0,0,0,0,0x08017FC4
1777172061.041,1011944,2,5,MOTOR,255,BROADCAST,0,HEARTBEAT,48,HEARTBEAT,0,220,0,0,0,0,0x08017FC0
1777172061.099,1011996,2,5,MOTOR,255,BROADCAST,4,TELEMETRY,80,0x50,1,0,0,0,0,0,0x08017FC4
1777172061.589,1012492,2,5,MOTOR,255,BROADCAST,4,TELEMETRY,80,0x50,1,0,0,0,0,0,0x08017FC4
1777172062.072,1012935,2,5,MOTOR,255,BROADCAST,0,HEARTBEAT,48,HEARTBEAT,0,221,0,0,0,0,0x08017FC0
1777172062.085,1012988,2,5,MOTOR,255,BROADCAST,4,TELEMETRY,80,0x50,1,0,0,0,0,0,0x08017FC4
1777172062.585,1013483,2,5,MOTOR,255,BROADCAST,4,TELEMETRY,80,0x50,1,0,0,0,0,0,0x08017FC4
1777172063.022,1013925,2,5,MOTOR,255,BROADCAST,0,HEARTBEAT,48,HEARTBEAT,0,222,0,0,0,0,0x08017FC0
1777172063.103,1013978,2,5,MOTOR,255,BROADCAST,4,TELEMETRY,80,0x50,1,0,0,0,0,0,0x08017FC4
1777172063.606,1014474,2,5,MOTOR,255,BROADCAST,4,TELEMETRY,80,0x50,1,0,0,0,0,0,0x08017FC4
1777172064.013,1014916,2,5,MOTOR,255,BROADCAST,0,HEARTBEAT,48,HEARTBEAT,0,223,0,0,0,0,0x08017FC0
1777172064.067,1014970,2,5,MOTOR,255,BROADCAST,4,TELEMETRY,80,0x50,1,0,0,0,0,0,0x08017FC4
1777172064.562,1015465,2,5,MOTOR,255,BROADCAST,4,TELEMETRY,80,0x50,1,0,0,0,0,0,0x08017FC4
1777172065.046,1015907,2,5,MOTOR,255,BROADCAST,0,HEARTBEAT,48,HEARTBEAT,0,224,0,0,0,0,0x08017FC0
1777172065.056,1015960,2,5,MOTOR,255,BROADCAST,4,TELEMETRY,80,0x50,1,0,0,0,0,0,0x08017FC4
1777172065.553,1016456,2,5,MOTOR,255,BROADCAST,4,TELEMETRY,80,0x50,1,0,0,0,0,0,0x08017FC4
1777172065.994,1016897,2,5,MOTOR,255,BROADCAST,0,HEARTBEAT,48,HEARTBEAT,0,225,0,0,0,0,0x08017FC0
1777172066.057,1016952,2,5,MOTOR,255,BROADCAST,4,TELEMETRY,80,0x50,1,0,0,0,0,0,0x08017FC4
1777172066.585,1017447,2,5,MOTOR,255,BROADCAST,4,TELEMETRY,80,0x50,1,0,0,0,0,0,0x08017FC4
1777172066.985,1017888,2,5,MOTOR,255,BROADCAST,0,HEARTBEAT,48,HEARTBEAT,0,226,0,0,0,0,0x08017FC0
1777172067.039,1017942,2,5,MOTOR,255,BROADCAST,4,TELEMETRY,80,0x50,1,0,0,0,0,0,0x08017FC4
1777172067.535,1018438,2,5,MOTOR,255,BROADCAST,4,TELEMETRY,80,0x50,1,0,0,0,0,0,0x08017FC4
1777172068.023,1018879,2,5,MOTOR,255,BROADCAST,0,HEARTBEAT,48,HEARTBEAT,0,227,0,0,0,0,0x08017FC0
1777172068.031,1018934,2,5,MOTOR,255,BROADCAST,4,TELEMETRY,80,0x50,1,0,0,0,0,0,0x08017FC4
1777172068.531,1019429,2,5,MOTOR,255,BROADCAST,4,TELEMETRY,80,0x50,1,0,0,0,0,0,0x08017FC4
1777172068.966,1019869,2,5,MOTOR,255,BROADCAST,0,HEARTBEAT,48,HEARTBEAT,0,228,0,0,0,0,0x08017FC0
1777172069.031,1019924,2,5,MOTOR,255,BROADCAST,4,TELEMETRY,80,0x50,1,0,0,0,0,0,0x08017FC4
1777172069.544,1020420,2,5,MOTOR,255,BROADCAST,4,TELEMETRY,80,0x50,1,0,0,0,0,0,0x08017FC4
1777172069.957,1020860,2,5,MOTOR,255,BROADCAST,0,HEARTBEAT,48,HEARTBEAT,0,229,0,0,0,0,0x08017FC0
1777172070.013,1020916,2,5,MOTOR,255,BROADCAST,4,TELEMETRY,80,0x50,1,0,0,0,0,0,0x08017FC4
1777172070.508,1021411,2,5,MOTOR,255,BROADCAST,4,TELEMETRY,80,0x50,1,0,0,0,0,0,0x08017FC4
1777172070.996,1021851,2,5,MOTOR,255,BROADCAST,0,HEARTBEAT,48,HEARTBEAT,0,230,0,0,0,0,0x08017FC0
1777172071.003,1021906,2,5,MOTOR,255,BROADCAST,4,TELEMETRY,80,0x50,1,0,0,0,0,0,0x08017FC4
1777172071.499,1022402,2,5,MOTOR,255,BROADCAST,4,TELEMETRY,80,0x50,1,0,0,0,0,0,0x08017FC4
1777172071.939,1022842,2,5,MOTOR,255,BROADCAST,0,HEARTBEAT,48,HEARTBEAT,0,231,0,0,0,0,0x08017FC0
1777172072.002,1022898,2,5,MOTOR,255,BROADCAST,4,TELEMETRY,80,0x50,1,0,0,0,0,0,0x08017FC4
1777172072.556,1023393,2,5,MOTOR,255,BROADCAST,4,TELEMETRY,80,0x50,1,0,0,0,0,0,0x08017FC4
1777172072.929,1023832,2,5,MOTOR,255,BROADCAST,0,HEARTBEAT,48,HEARTBEAT,0,232,0,0,0,0,0x08017FC0
1777172073.061,1023888,2,5,MOTOR,255,BROADCAST,4,TELEMETRY,80,0x50,1,0,0,0,0,0,0x08017FC4
1777172073.482,1024384,2,5,MOTOR,255,BROADCAST,4,TELEMETRY,80,0x50,1,0,0,0,0,0,0x08017FC4
1777172073.955,1024823,2,5,MOTOR,255,BROADCAST,0,HEARTBEAT,48,HEARTBEAT,0,233,0,0,0,0,0x08017FC0
1777172073.977,1024880,2,5,MOTOR,255,BROADCAST,4,TELEMETRY,80,0x50,1,0,0,0,0,0,0x08017FC4
1777172074.472,1025375,2,5,MOTOR,255,BROADCAST,4,TELEMETRY,80,0x50,1,0,0,0,0,0,0x08017FC4
1777172074.911,1025814,2,5,MOTOR,255,BROADCAST,0,HEARTBEAT,48,HEARTBEAT,0,234,0,0,0,0,0x08017FC0
1777172074.977,1025870,2,5,MOTOR,255,BROADCAST,4,TELEMETRY,80,0x50,1,0,0,0,0,0,0x08017FC4
1777172075.479,1026366,2,5,MOTOR,255,BROADCAST,4,TELEMETRY,80,0x50,1,0,0,0,0,0,0x08017FC4
1777172075.902,1026804,2,5,MOTOR,255,BROADCAST,0,HEARTBEAT,48,HEARTBEAT,0,235,0,0,0,0,0x08017FC0
1777172075.987,1026862,2,5,MOTOR,255,BROADCAST,4,TELEMETRY,80,0x50,1,0,0,0,0,0,0x08017FC4
1777172076.454,1027357,2,5,MOTOR,255,BROADCAST,4,TELEMETRY,80,0x50,1,0,0,0,0,0,0x08017FC4
1777172076.909,1027795,2,5,MOTOR,255,BROADCAST,0,HEARTBEAT,48,HEARTBEAT,0,236,0,0,0,0,0x08017FC0
1777172076.949,1027852,2,5,MOTOR,255,BROADCAST,4,TELEMETRY,80,0x50,1,0,0,0,0,0,0x08017FC4
1777172077.445,1028348,2,5,MOTOR,255,BROADCAST,4,TELEMETRY,80,0x50,1,0,0,0,0,0,0x08017FC4
1777172077.883,1028786,2,5,MOTOR,255,BROADCAST,0,HEARTBEAT,48,HEARTBEAT,0,237,0,0,0,0,0x08017FC0
1777172077.943,1028845,2,5,MOTOR,255,BROADCAST,4,TELEMETRY,80,0x50,1,0,0,0,0,0,0x08017FC4
1777172078.450,1029340,2,5,MOTOR,255,BROADCAST,4,TELEMETRY,80,0x50,1,0,0,0,0,0,0x08017FC4
1777172078.874,1029777,2,5,MOTOR,255,BROADCAST,0,HEARTBEAT,48,HEARTBEAT,0,238,0,0,0,0,0x08017FC0
1777172078.964,1029835,2,5,MOTOR,255,BROADCAST,4,TELEMETRY,80,0x50,1,0,0,0,0,0,0x08017FC4
1777172079.427,1030330,2,5,MOTOR,255,BROADCAST,4,TELEMETRY,80,0x50,1,0,0,0,0,0,0x08017FC4
1777172079.887,1030768,2,5,MOTOR,255,BROADCAST,0,HEARTBEAT,48,HEARTBEAT,0,239,0,0,0,0,0x08017FC0
1777172079.923,1030827,2,5,MOTOR,255,BROADCAST,4,TELEMETRY,80,0x50,1,0,0,0,0,0,0x08017FC4
1777172080.418,1031322,2,5,MOTOR,255,BROADCAST,4,TELEMETRY,80,0x50,1,0,0,0,0,0,0x08017FC4
1777172080.855,1031758,2,5,MOTOR,255,BROADCAST,0,HEARTBEAT,48,HEARTBEAT,0,240,0,0,0,0,0x08017FC0
1777172080.915,1031817,2,5,MOTOR,255,BROADCAST,4,TELEMETRY,80,0x50,1,0,0,0,0,0,0x08017FC4
1777172081.419,1032313,2,5,MOTOR,255,BROADCAST,4,TELEMETRY,80,0x50,1,0,0,0,0,0,0x08017FC4
1777172081.846,1032749,2,5,MOTOR,255,BROADCAST,0,HEARTBEAT,48,HEARTBEAT,0,241,0,0,0,0,0x08017FC0
1777172081.940,1032809,2,5,MOTOR,255,BROADCAST,4,TELEMETRY,80,0x50,1,0,0,0,0,0,0x08017FC4
1777172082.402,1033304,2,5,MOTOR,255,BROADCAST,4,TELEMETRY,80,0x50,1,0,0,0,0,0,0x08017FC4
1777172082.862,1033740,2,5,MOTOR,255,BROADCAST,0,HEARTBEAT,48,HEARTBEAT,0,242,0,0,0,0,0x08017FC0
1777172082.897,1033799,2,5,MOTOR,255,BROADCAST,4,TELEMETRY,80,0x50,1,0,0,0,0,0,0x08017FC4
1777172083.392,1034295,2,5,MOTOR,255,BROADCAST,4,TELEMETRY,80,0x50,1,0,0,0,0,0,0x08017FC4
1777172083.829,1034731,2,5,MOTOR,255,BROADCAST,0,HEARTBEAT,48,HEARTBEAT,0,243,0,0,0,0,0x08017FC0
1777172083.888,1034791,2,5,MOTOR,255,BROADCAST,4,TELEMETRY,80,0x50,1,0,0,0,0,0,0x08017FC4
1777172084.396,1035286,2,5,MOTOR,255,BROADCAST,4,TELEMETRY,80,0x50,1,0,0,0,0,0,0x08017FC4
1777172084.821,1035721,2,5,MOTOR,255,BROADCAST,0,HEARTBEAT,48,HEARTBEAT,0,244,0,0,0,0,0x08017FC0
1777172084.955,1035781,2,5,MOTOR,255,BROADCAST,4,TELEMETRY,80,0x50,1,0,0,0,0,0,0x08017FC4
1777172085.379,1036277,2,5,MOTOR,255,BROADCAST,4,TELEMETRY,80,0x50,1,0,0,0,0,0,0x08017FC4
1777172085.816,1036712,2,5,MOTOR,255,BROADCAST,0,HEARTBEAT,48,HEARTBEAT,0,245,0,0,0,0,0x08017FC0
1777172085.870,1036773,2,5,MOTOR,255,BROADCAST,4,TELEMETRY,80,0x50,1,0,0,0,0,0,0x08017FC4
1777172086.365,1037268,2,5,MOTOR,255,BROADCAST,4,TELEMETRY,80,0x50,1,0,0,0,0,0,0x08017FC4
1777172086.800,1037703,2,5,MOTOR,255,BROADCAST,0,HEARTBEAT,48,HEARTBEAT,0,246,0,0,0,0,0x08017FC0
1777172086.861,1037763,2,5,MOTOR,255,BROADCAST,4,TELEMETRY,80,0x50,1,0,0,0,0,0,0x08017FC4
1777172087.356,1038259,2,5,MOTOR,255,BROADCAST,4,TELEMETRY,80,0x50,1,0,0,0,0,0,0x08017FC4
1777172087.791,1038693,2,5,MOTOR,255,BROADCAST,0,HEARTBEAT,48,HEARTBEAT,0,247,0,0,0,0,0x08017FC0
1777172087.871,1038755,2,5,MOTOR,255,BROADCAST,4,TELEMETRY,80,0x50,1,0,0,0,0,0,0x08017FC4
1777172088.387,1039250,2,5,MOTOR,255,BROADCAST,4,TELEMETRY,80,0x50,1,0,0,0,0,0,0x08017FC4
1777172088.819,1039684,2,5,MOTOR,255,BROADCAST,0,HEARTBEAT,48,HEARTBEAT,0,248,0,0,0,0,0x08017FC0
1777172088.843,1039745,2,5,MOTOR,255,BROADCAST,4,TELEMETRY,80,0x50,1,0,0,0,0,0,0x08017FC4
1777172089.338,1040241,2,5,MOTOR,255,BROADCAST,4,TELEMETRY,80,0x50,1,0,0,0,0,0,0x08017FC4
1777172089.773,1040675,2,5,MOTOR,255,BROADCAST,0,HEARTBEAT,48,HEARTBEAT,0,249,0,0,0,0,0x08017FC0
1777172089.855,1040737,2,5,MOTOR,255,BROADCAST,4,TELEMETRY,80,0x50,1,0,0,0,0,0,0x08017FC4
1777172090.340,1041232,2,5,MOTOR,255,BROADCAST,4,TELEMETRY,80,0x50,1,0,0,0,0,0,0x08017FC4
1777172090.762,1041665,2,5,MOTOR,255,BROADCAST,0,HEARTBEAT,48,HEARTBEAT,0,250,0,0,0,0,0x08017FC0
1777172090.849,1041727,2,5,MOTOR,255,BROADCAST,4,TELEMETRY,80,0x50,1,0,0,0,0,0,0x08017FC4
1777172091.372,1042223,2,5,MOTOR,255,BROADCAST,4,TELEMETRY,80,0x50,1,0,0,0,0,0,0x08017FC4
1777172091.772,1042656,2,5,MOTOR,255,BROADCAST,0,HEARTBEAT,48,HEARTBEAT,0,251,0,0,0,0,0x08017FC0
1777172091.816,1042719,2,5,MOTOR,255,BROADCAST,4,TELEMETRY,80,0x50,1,0,0,0,0,0,0x08017FC4
1777172092.311,1043214,2,5,MOTOR,255,BROADCAST,4,TELEMETRY,80,0x50,1,0,0,0,0,0,0x08017FC4
1777172092.744,1043647,2,5,MOTOR,255,BROADCAST,0,HEARTBEAT,48,HEARTBEAT,0,252,0,0,0,0,0x08017FC0
1777172092.806,1043709,2,5,MOTOR,255,BROADCAST,4,TELEMETRY,80,0x50,1,0,0,0,0,0,0x08017FC4
1777172093.310,1044205,2,5,MOTOR,255,BROADCAST,4,TELEMETRY,80,0x50,1,0,0,0,0,0,0x08017FC4
1777172093.735,1044637,2,5,MOTOR,255,BROADCAST,0,HEARTBEAT,48,HEARTBEAT,0,253,0,0,0,0,0x08017FC0
1777172093.806,1044701,2,5,MOTOR,255,BROADCAST,4,TELEMETRY,80,0x50,1,0,0,0,0,0,0x08017FC4
1777172094.335,1045196,2,5,MOTOR,255,BROADCAST,4,TELEMETRY,80,0x50,1,0,0,0,0,0,0x08017FC4
1777172094.772,1045628,2,5,MOTOR,255,BROADCAST,0,HEARTBEAT,48,HEARTBEAT,0,254,0,0,0,0,0x08017FC0
1777172094.787,1045690,2,5,MOTOR,255,BROADCAST,4,TELEMETRY,80,0x50,1,0,0,0,0,0,0x08017FC4
1777172095.283,1046187,2,5,MOTOR,255,BROADCAST,4,TELEMETRY,80,0x50,1,0,0,0,0,0,0x08017FC4
1777172095.716,1046619,2,5,MOTOR,255,BROADCAST,0,HEARTBEAT,48,HEARTBEAT,0,255,0,0,0,0,0x08017FC0
1777172095.815,1046682,2,5,MOTOR,255,BROADCAST,4,TELEMETRY,80,0x50,1,0,0,0,0,0,0x08017FC4
1777172096.276,1047177,2,5,MOTOR,255,BROADCAST,4,TELEMETRY,80,0x50,1,0,0,0,0,0,0x08017FC4
1777172096.707,1047609,2,5,MOTOR,255,BROADCAST,0,HEARTBEAT,48,HEARTBEAT,1,0,0,0,0,0,0x08017FC0
1777172096.777,1047672,2,5,MOTOR,255,BROADCAST,4,TELEMETRY,80,0x50,1,0,0,0,0,0,0x08017FC4
1777172097.293,1048168,2,5,MOTOR,255,BROADCAST,4,TELEMETRY,80,0x50,1,0,0,0,0,0,0x08017FC4
1777172097.709,1048600,2,5,MOTOR,255,BROADCAST,0,HEARTBEAT,48,HEARTBEAT,1,1,0,0,0,0,0x08017FC0
1777172097.762,1048664,2,5,MOTOR,255,BROADCAST,4,TELEMETRY,80,0x50,1,0,0,0,0,0,0x08017FC4
1777172102.221,1053123,2,5,MOTOR,255,BROADCAST,4,TELEMETRY,80,WHEEL_RPM_TELEM,1,0,0,0,0,0,0x08017FC4
1777172102.650,1053553,2,5,MOTOR,255,BROADCAST,0,HEARTBEAT,48,HEARTBEAT,1,6,0,0,0,0,0x08017FC0
1777172102.722,1053618,2,5,MOTOR,255,BROADCAST,4,TELEMETRY,80,WHEEL_RPM_TELEM,1,0,0,0,0,0,0x08017FC4
1777172103.265,1054114,2,5,MOTOR,255,BROADCAST,4,TELEMETRY,80,WHEEL_RPM_TELEM,1,0,0,0,0,0,0x08017FC4
1777172103.647,1054544,2,5,MOTOR,255,BROADCAST,0,HEARTBEAT,48,HEARTBEAT,1,7,0,0,0,0,0x08017FC0
1777172103.759,1054610,2,5,MOTOR,255,BROADCAST,4,TELEMETRY,80,WHEEL_RPM_TELEM,1,0,0,0,0,0,0x08017FC4
1777172104.202,1055105,2,5,MOTOR,255,BROADCAST,4,TELEMETRY,80,WHEEL_RPM_TELEM,1,0,0,0,0,0,0x08017FC4
1777172104.685,1055534,2,5,MOTOR,255,BROADCAST,0,HEARTBEAT,48,HEARTBEAT,1,8,0,0,0,0,0x08017FC0
1777172104.697,1055600,2,5,MOTOR,255,BROADCAST,4,TELEMETRY,80,WHEEL_RPM_TELEM,1,0,0,0,0,0,0x08017FC4
1777172105.211,1056095,2,5,MOTOR,255,BROADCAST,4,TELEMETRY,80,WHEEL_RPM_TELEM,1,0,0,0,0,0,0x08017FC4
1777172105.627,1056525,2,5,MOTOR,255,BROADCAST,0,HEARTBEAT,48,HEARTBEAT,1,9,0,0,0,0,0x08017FC0
1777172105.712,1056591,2,5,MOTOR,255,BROADCAST,4,TELEMETRY,80,WHEEL_RPM_TELEM,1,0,0,0,0,0,0x08017FC4
1777172106.215,1057086,2,5,MOTOR,255,BROADCAST,4,TELEMETRY,80,WHEEL_RPM_TELEM,1,0,0,0,0,0,0x08017FC4
1777172106.615,1057515,2,5,MOTOR,255,BROADCAST,0,HEARTBEAT,48,HEARTBEAT,1,10,0,0,0,0,0x08017FC0
1777172106.726,1057581,2,5,MOTOR,255,BROADCAST,4,TELEMETRY,80,WHEEL_RPM_TELEM,1,0,0,0,0,0,0x08017FC4
1777172107.175,1058077,2,5,MOTOR,255,BROADCAST,4,TELEMETRY,80,WHEEL_RPM_TELEM,1,0,0,0,0,0,0x08017FC4
1777172107.638,1058506,2,5,MOTOR,255,BROADCAST,0,HEARTBEAT,48,HEARTBEAT,1,11,0,0,0,0,0x08017FC0
1777172107.670,1058573,2,5,MOTOR,255,BROADCAST,4,TELEMETRY,80,WHEEL_RPM_TELEM,1,0,0,0,0,0,0x08017FC4
1777172108.166,1059068,2,5,MOTOR,255,BROADCAST,4,TELEMETRY,80,WHEEL_RPM_TELEM,1,0,0,0,0,0,0x08017FC4
1777172108.594,1059496,2,5,MOTOR,255,BROADCAST,0,HEARTBEAT,48,HEARTBEAT,1,12,0,0,0,0,0x08017FC0
1777172108.668,1059563,2,5,MOTOR,255,BROADCAST,4,TELEMETRY,80,WHEEL_RPM_TELEM,1,0,0,0,0,0,0x08017FC4
1777172109.175,1060059,2,5,MOTOR,255,BROADCAST,4,TELEMETRY,80,WHEEL_RPM_TELEM,1,0,0,0,0,0,0x08017FC4
1777172109.589,1060487,2,5,MOTOR,255,BROADCAST,0,HEARTBEAT,48,HEARTBEAT,1,13,0,0,0,0,0x08017FC0
1777172109.677,1060555,2,5,MOTOR,255,BROADCAST,4,TELEMETRY,80,WHEEL_RPM_TELEM,1,0,0,0,0,0,0x08017FC4
1777172110.147,1061050,2,5,MOTOR,255,BROADCAST,4,TELEMETRY,80,WHEEL_RPM_TELEM,1,0,0,0,0,0,0x08017FC4
1777172110.627,1061478,2,5,MOTOR,255,BROADCAST,0,HEARTBEAT,48,HEARTBEAT,1,14,0,0,0,0,0x08017FC0
1777172110.642,1061545,2,5,MOTOR,255,BROADCAST,4,TELEMETRY,80,WHEEL_RPM_TELEM,1,0,0,0,0,0,0x08017FC4
1777172111.138,1062041,2,5,MOTOR,255,BROADCAST,4,TELEMETRY,80,WHEEL_RPM_TELEM,1,0,0,0,0,0,0x08017FC4
1777172111.566,1062469,2,5,MOTOR,255,BROADCAST,0,HEARTBEAT,48,HEARTBEAT,1,15,0,0,0,0,0x08017FC0
1777172111.635,1062537,2,5,MOTOR,255,BROADCAST,4,TELEMETRY,80,WHEEL_RPM_TELEM,1,0,0,0,0,0,0x08017FC4
1777172112.145,1063032,2,5,MOTOR,255,BROADCAST,4,TELEMETRY,80,WHEEL_RPM_TELEM,1,0,0,0,0,0,0x08017FC4
1777172112.557,1063459,2,5,MOTOR,255,BROADCAST,0,HEARTBEAT,48,HEARTBEAT,1,16,0,0,0,0,0x08017FC0
1777172112.657,1063527,2,5,MOTOR,255,BROADCAST,4,TELEMETRY,80,WHEEL_RPM_TELEM,1,0,0,0,0,0,0x08017FC4
1777172113.120,1064023,2,5,MOTOR,255,BROADCAST,4,TELEMETRY,80,WHEEL_RPM_TELEM,1,0,0,0,0,0,0x08017FC4
1777172113.585,1064450,2,5,MOTOR,255,BROADCAST,0,HEARTBEAT,48,HEARTBEAT,1,17,0,0,0,0,0x08017FC0
1777172113.617,1064519,2,5,MOTOR,255,BROADCAST,4,TELEMETRY,80,WHEEL_RPM_TELEM,1,0,0,0,0,0,0x08017FC4
1777172114.112,1065014,2,5,MOTOR,255,BROADCAST,4,TELEMETRY,80,WHEEL_RPM_TELEM,1,0,0,0,0,0,0x08017FC4
1777172114.539,1065441,2,5,MOTOR,255,BROADCAST,0,HEARTBEAT,48,HEARTBEAT,1,18,0,0,0,0,0x08017FC0
1777172114.606,1065509,2,5,MOTOR,255,BROADCAST,4,TELEMETRY,80,WHEEL_RPM_TELEM,1,0,0,0,0,0,0x08017FC4
1777172115.119,1066005,2,5,MOTOR,255,BROADCAST,4,TELEMETRY,80,WHEEL_RPM_TELEM,1,0,0,0,0,0,0x08017FC4
1777172115.529,1066431,2,5,MOTOR,255,BROADCAST,0,HEARTBEAT,48,HEARTBEAT,1,19,0,0,0,0,0x08017FC0
1777172115.625,1066501,2,5,MOTOR,255,BROADCAST,4,TELEMETRY,80,WHEEL_RPM_TELEM,1,0,0,0,0,0,0x08017FC4
1777172116.097,1066996,2,5,MOTOR,255,BROADCAST,4,TELEMETRY,80,WHEEL_RPM_TELEM,1,0,0,0,0,0,0x08017FC4
1777172116.548,1067422,2,5,MOTOR,255,BROADCAST,0,HEARTBEAT,48,HEARTBEAT,1,20,0,0,0,0,0x08017FC0
1777172116.589,1067491,2,5,MOTOR,255,BROADCAST,4,TELEMETRY,80,WHEEL_RPM_TELEM,1,0,0,0,0,0,0x08017FC4
1777172117.089,1067987,2,5,MOTOR,255,BROADCAST,4,TELEMETRY,80,WHEEL_RPM_TELEM,1,0,0,0,0,0,0x08017FC4
1777172117.511,1068413,2,5,MOTOR,255,BROADCAST,0,HEARTBEAT,48,HEARTBEAT,1,21,0,0,0,0,0x08017FC0
1777172117.580,1068483,2,5,MOTOR,255,BROADCAST,4,TELEMETRY,80,WHEEL_RPM_TELEM,1,0,0,0,0,0,0x08017FC4
1777172118.079,1068978,2,5,MOTOR,255,BROADCAST,4,TELEMETRY,80,WHEEL_RPM_TELEM,1,0,0,0,0,0,0x08017FC4
1777172118.501,1069404,2,5,MOTOR,255,BROADCAST,0,HEARTBEAT,48,HEARTBEAT,1,22,0,0,0,0,0x08017FC0
1777172118.594,1069473,2,5,MOTOR,255,BROADCAST,4,TELEMETRY,80,WHEEL_RPM_TELEM,1,0,0,0,0,0,0x08017FC4
1777172119.105,1069969,2,5,MOTOR,255,BROADCAST,4,TELEMETRY,80,WHEEL_RPM_TELEM,1,0,0,0,0,0,0x08017FC4
1777172119.520,1070394,2,5,MOTOR,255,BROADCAST,0,HEARTBEAT,48,HEARTBEAT,1,23,0,0,0,0,0x08017FC0
1777172119.563,1070465,2,5,MOTOR,255,BROADCAST,4,TELEMETRY,80,WHEEL_RPM_TELEM,1,0,0,0,0,0,0x08017FC4
1777172120.058,1070960,2,5,MOTOR,255,BROADCAST,4,TELEMETRY,80,WHEEL_RPM_TELEM,1,0,0,0,0,0,0x08017FC4
1777172120.483,1071385,2,5,MOTOR,255,BROADCAST,0,HEARTBEAT,48,HEARTBEAT,1,24,0,0,0,0,0x08017FC0
1777172120.553,1071455,2,5,MOTOR,255,BROADCAST,4,TELEMETRY,80,WHEEL_RPM_TELEM,1,0,0,0,0,0,0x08017FC4
1777172121.090,1071951,2,5,MOTOR,255,BROADCAST,4,TELEMETRY,80,WHEEL_RPM_TELEM,1,0,0,0,0,0,0x08017FC4
1777172121.476,1072376,2,5,MOTOR,255,BROADCAST,0,HEARTBEAT,48,HEARTBEAT,1,25,0,0,0,0,0x08017FC0
1777172121.573,1072447,2,5,MOTOR,255,BROADCAST,4,TELEMETRY,80,WHEEL_RPM_TELEM,1,0,0,0,0,0,0x08017FC4
1777172122.074,1072942,2,5,MOTOR,255,BROADCAST,4,TELEMETRY,80,WHEEL_RPM_TELEM,1,0,0,0,0,0,0x08017FC4
1777172122.492,1073367,2,5,MOTOR,255,BROADCAST,0,HEARTBEAT,48,HEARTBEAT,1,26,0,0,0,0,0x08017FC0
1777172122.535,1073437,2,5,MOTOR,255,BROADCAST,4,TELEMETRY,80,WHEEL_RPM_TELEM,1,0,0,0,0,0,0x08017FC4
1777172123.032,1073933,2,5,MOTOR,255,BROADCAST,4,TELEMETRY,80,WHEEL_RPM_TELEM,1,0,0,0,0,0,0x08017FC4
1777172123.455,1074357,2,5,MOTOR,255,BROADCAST,0,HEARTBEAT,48,HEARTBEAT,1,27,0,0,0,0,0x08017FC0
1777172123.527,1074429,2,5,MOTOR,255,BROADCAST,4,TELEMETRY,80,WHEEL_RPM_TELEM,1,0,0,0,0,0,0x08017FC4
1777172124.023,1074924,2,5,MOTOR,255,BROADCAST,4,TELEMETRY,80,WHEEL_RPM_TELEM,1,0,0,0,0,0,0x08017FC4
1777172124.446,1075348,2,5,MOTOR,255,BROADCAST,0,HEARTBEAT,48,HEARTBEAT,1,28,0,0,0,0,0x08017FC0
1777172124.564,1075419,2,5,MOTOR,255,BROADCAST,4,TELEMETRY,80,WHEEL_RPM_TELEM,1,0,0,0,0,0,0x08017FC4
1777172125.079,1075915,2,5,MOTOR,255,BROADCAST,4,TELEMETRY,80,WHEEL_RPM_TELEM,1,0,0,0,0,0,0x08017FC4
1777172125.448,1076339,2,5,MOTOR,255,BROADCAST,0,HEARTBEAT,48,HEARTBEAT,1,29,0,0,0,0,0x08017FC0
1777172125.509,1076411,2,5,MOTOR,255,BROADCAST,4,TELEMETRY,80,WHEEL_RPM_TELEM,1,0,0,0,0,0,0x08017FC4
1777172126.004,1076906,2,5,MOTOR,255,BROADCAST,4,TELEMETRY,80,WHEEL_RPM_TELEM,1,0,0,0,0,0,0x08017FC4
1777172126.427,1077330,2,5,MOTOR,255,BROADCAST,0,HEARTBEAT,48,HEARTBEAT,1,30,0,0,0,0,0x08017FC0
1777172126.499,1077402,2,5,MOTOR,255,BROADCAST,4,TELEMETRY,80,WHEEL_RPM_TELEM,1,0,0,0,0,0,0x08017FC4
1777172126.996,1077898,2,5,MOTOR,255,BROADCAST,4,TELEMETRY,80,WHEEL_RPM_TELEM,1,0,0,0,0,0,0x08017FC4
1777172127.419,1078320,2,5,MOTOR,255,BROADCAST,0,HEARTBEAT,48,HEARTBEAT,1,31,0,0,0,0,0x08017FC0
1777172127.498,1078394,2,5,MOTOR,255,BROADCAST,4,TELEMETRY,80,WHEEL_RPM_TELEM,1,0,0,0,0,0,0x08017FC4
1777172128.011,1078889,2,5,MOTOR,255,BROADCAST,4,TELEMETRY,80,WHEEL_RPM_TELEM,1,0,0,0,0,0,0x08017FC4
1777172128.428,1079311,2,5,MOTOR,255,BROADCAST,0,HEARTBEAT,48,HEARTBEAT,1,32,0,0,0,0,0x08017FC0
1777172128.482,1079384,2,5,MOTOR,255,BROADCAST,4,TELEMETRY,80,WHEEL_RPM_TELEM,1,0,0,0,0,0,0x08017FC4
1777172128.979,1079880,2,5,MOTOR,255,BROADCAST,4,TELEMETRY,80,WHEEL_RPM_TELEM,1,0,0,0,0,0,0x08017FC4
1777172129.400,1080302,2,5,MOTOR,255,BROADCAST,0,HEARTBEAT,48,HEARTBEAT,1,33,0,0,0,0,0x08017FC0
1777172129.482,1080376,2,5,MOTOR,255,BROADCAST,4,TELEMETRY,80,WHEEL_RPM_TELEM,1,0,0,0,0,0,0x08017FC4
1777172129.968,1080871,2,5,MOTOR,255,BROADCAST,4,TELEMETRY,80,WHEEL_RPM_TELEM,1,0,0,0,0,0,0x08017FC4
1777172130.390,1081293,2,5,MOTOR,255,BROADCAST,0,HEARTBEAT,48,HEARTBEAT,1,34,0,0,0,0,0x08017FC0
1777172130.479,1081366,2,5,MOTOR,255,BROADCAST,4,TELEMETRY,80,WHEEL_RPM_TELEM,1,0,0,0,0,0,0x08017FC4
1777172130.991,1081862,2,5,MOTOR,255,BROADCAST,4,TELEMETRY,80,WHEEL_RPM_TELEM,1,0,0,0,0,0,0x08017FC4
1777172131.425,1082283,2,5,MOTOR,255,BROADCAST,0,HEARTBEAT,48,HEARTBEAT,1,35,0,0,0,0,0x08017FC0
1777172131.456,1082358,2,5,MOTOR,255,BROADCAST,4,TELEMETRY,80,WHEEL_RPM_TELEM,1,0,0,0,0,0,0x08017FC4
1777172131.950,1082853,2,5,MOTOR,255,BROADCAST,4,TELEMETRY,80,WHEEL_RPM_TELEM,1,0,0,0,0,0,0x08017FC4
1777172132.372,1083274,2,5,MOTOR,255,BROADCAST,0,HEARTBEAT,48,HEARTBEAT,1,36,0,0,0,0,0x08017FC0
1777172132.445,1083348,2,5,MOTOR,255,BROADCAST,4,TELEMETRY,80,WHEEL_RPM_TELEM,1,0,0,0,0,0,0x08017FC4
1777172132.942,1083844,2,5,MOTOR,255,BROADCAST,4,TELEMETRY,80,WHEEL_RPM_TELEM,1,0,0,0,0,0,0x08017FC4
1777172133.363,1084265,2,5,MOTOR,255,BROADCAST,0,HEARTBEAT,48,HEARTBEAT,1,37,0,0,0,0,0x08017FC0
1777172133.450,1084340,2,5,MOTOR,255,BROADCAST,4,TELEMETRY,80,WHEEL_RPM_TELEM,1,0,0,0,0,0,0x08017FC4
1777172133.963,1084835,2,5,MOTOR,255,BROADCAST,4,TELEMETRY,80,WHEEL_RPM_TELEM,1,0,0,0,0,0,0x08017FC4
1777172134.369,1085255,2,5,MOTOR,255,BROADCAST,0,HEARTBEAT,48,HEARTBEAT,1,38,0,0,0,0,0x08017FC0
1777172134.474,1085329,2,5,MOTOR,255,BROADCAST,4,TELEMETRY,80,WHEEL_RPM_TELEM,1,0,0,0,0,0,0x08017FC4
1777172134.924,1085826,2,5,MOTOR,255,BROADCAST,4,TELEMETRY,80,WHEEL_RPM_TELEM,1,0,0,0,0,0,0x08017FC4
1777172135.344,1086246,2,5,MOTOR,255,BROADCAST,0,HEARTBEAT,48,HEARTBEAT,1,39,0,0,0,0,0x08017FC0
1777172135.435,1086322,2,5,MOTOR,255,BROADCAST,4,TELEMETRY,80,WHEEL_RPM_TELEM,1,0,0,0,0,0,0x08017FC4
1777172135.914,1086816,2,5,MOTOR,255,BROADCAST,4,TELEMETRY,80,WHEEL_RPM_TELEM,1,0,0,0,0,0,0x08017FC4
1777172136.334,1087236,2,5,MOTOR,255,BROADCAST,0,HEARTBEAT,48,HEARTBEAT,1,40,0,0,0,0,0x08017FC0
1777172136.412,1087311,2,5,MOTOR,255,BROADCAST,4,TELEMETRY,80,WHEEL_RPM_TELEM,1,0,0,0,0,0,0x08017FC4
1777172136.926,1087807,2,5,MOTOR,255,BROADCAST,4,TELEMETRY,80,WHEEL_RPM_TELEM,1,0,0,0,0,0,0x08017FC4
1777172137.335,1088227,2,5,MOTOR,255,BROADCAST,0,HEARTBEAT,48,HEARTBEAT,1,41,0,0,0,0,0x08017FC0
1777172137.444,1088303,2,5,MOTOR,255,BROADCAST,4,TELEMETRY,80,WHEEL_RPM_TELEM,1,0,0,0,0,0,0x08017FC4
1777172137.897,1088798,2,5,MOTOR,255,BROADCAST,4,TELEMETRY,80,WHEEL_RPM_TELEM,1,0,0,0,0,0,0x08017FC4
1777172138.316,1089218,2,5,MOTOR,255,BROADCAST,0,HEARTBEAT,48,HEARTBEAT,1,42,0,0,0,0,0x08017FC0
1777172138.391,1089293,2,5,MOTOR,255,BROADCAST,4,TELEMETRY,80,WHEEL_RPM_TELEM,1,0,0,0,0,0,0x08017FC4
1777172138.887,1089790,2,5,MOTOR,255,BROADCAST,4,TELEMETRY,80,WHEEL_RPM_TELEM,1,0,0,0,0,0,0x08017FC4
1777172139.307,1090209,2,5,MOTOR,255,BROADCAST,0,HEARTBEAT,48,HEARTBEAT,1,43,0,0,0,0,0x08017FC0
1777172139.384,1090285,2,5,MOTOR,255,BROADCAST,4,TELEMETRY,80,WHEEL_RPM_TELEM,1,0,0,0,0,0,0x08017FC4
1777172139.893,1090780,2,5,MOTOR,255,BROADCAST,4,TELEMETRY,80,WHEEL_RPM_TELEM,1,0,0,0,0,0,0x08017FC4
1777172140.297,1091199,2,5,MOTOR,255,BROADCAST,0,HEARTBEAT,48,HEARTBEAT,1,44,0,0,0,0,0x08017FC0
1777172140.423,1091275,2,5,MOTOR,255,BROADCAST,4,TELEMETRY,80,WHEEL_RPM_TELEM,1,0,0,0,0,0,0x08017FC4
1777172140.869,1091771,2,5,MOTOR,255,BROADCAST,4,TELEMETRY,80,WHEEL_RPM_TELEM,1,0,0,0,0,0,0x08017FC4
1777172141.326,1092190,2,5,MOTOR,255,BROADCAST,0,HEARTBEAT,48,HEARTBEAT,1,45,0,0,0,0,0x08017FC0
1777172141.369,1092267,2,5,MOTOR,255,BROADCAST,4,TELEMETRY,80,WHEEL_RPM_TELEM,1,0,0,0,0,0,0x08017FC4
1777172141.860,1092762,2,5,MOTOR,255,BROADCAST,4,TELEMETRY,80,WHEEL_RPM_TELEM,1,0,0,0,0,0,0x08017FC4
1777172142.279,1093181,2,5,MOTOR,255,BROADCAST,0,HEARTBEAT,48,HEARTBEAT,1,46,0,0,0,0,0x08017FC0
1777172142.355,1093257,2,5,MOTOR,255,BROADCAST,4,TELEMETRY,80,WHEEL_RPM_TELEM,1,0,0,0,0,0,0x08017FC4
1777172142.872,1093753,2,5,MOTOR,255,BROADCAST,4,TELEMETRY,80,WHEEL_RPM_TELEM,1,0,0,0,0,0,0x08017FC4
1777172143.270,1094171,2,5,MOTOR,255,BROADCAST,0,HEARTBEAT,48,HEARTBEAT,1,47,0,0,0,0,0x08017FC0
1777172143.383,1094249,2,5,MOTOR,255,BROADCAST,4,TELEMETRY,80,WHEEL_RPM_TELEM,1,0,0,0,0,0,0x08017FC4
1777172143.842,1094744,2,5,MOTOR,255,BROADCAST,4,TELEMETRY,80,WHEEL_RPM_TELEM,1,0,0,0,0,0,0x08017FC4
1777172144.299,1095162,2,5,MOTOR,255,BROADCAST,0,HEARTBEAT,48,HEARTBEAT,1,48,0,0,0,0,0x08017FC0
1777172144.355,1095239,2,5,MOTOR,255,BROADCAST,4,TELEMETRY,80,WHEEL_RPM_TELEM,1,0,0,0,0,0,0x08017FC4
1777172144.833,1095735,2,5,MOTOR,255,BROADCAST,4,TELEMETRY,80,WHEEL_RPM_TELEM,1,0,0,0,0,0,0x08017FC4
1777172145.250,1096153,2,5,MOTOR,255,BROADCAST,0,HEARTBEAT,48,HEARTBEAT,1,49,0,0,0,0,0x08017FC0
1777172145.329,1096231,2,5,MOTOR,255,BROADCAST,4,TELEMETRY,80,WHEEL_RPM_TELEM,1,0,0,0,0,0,0x08017FC4
1777172145.835,1096726,2,5,MOTOR,255,BROADCAST,4,TELEMETRY,80,WHEEL_RPM_TELEM,1,0,0,0,0,0,0x08017FC4
1777172146.242,1097143,2,5,MOTOR,255,BROADCAST,0,HEARTBEAT,48,HEARTBEAT,1,50,0,0,0,0,0x08017FC0
1777172146.345,1097221,2,5,MOTOR,255,BROADCAST,4,TELEMETRY,80,WHEEL_RPM_TELEM,1,0,0,0,0,0,0x08017FC4
1777172146.816,1097717,2,5,MOTOR,255,BROADCAST,4,TELEMETRY,80,WHEEL_RPM_TELEM,1,0,0,0,0,0,0x08017FC4
1777172147.271,1098134,2,5,MOTOR,255,BROADCAST,0,HEARTBEAT,48,HEARTBEAT,1,51,0,0,0,0,0x08017FC0
1777172147.311,1098213,2,5,MOTOR,255,BROADCAST,4,TELEMETRY,80,WHEEL_RPM_TELEM,1,0,0,0,0,0,0x08017FC4
1777172147.807,1098708,2,5,MOTOR,255,BROADCAST,4,TELEMETRY,80,WHEEL_RPM_TELEM,1,0,0,0,0,0,0x08017FC4
1777172148.223,1099125,2,5,MOTOR,255,BROADCAST,0,HEARTBEAT,48,HEARTBEAT,1,52,0,0,0,0,0x08017FC0
1777172148.301,1099203,2,5,MOTOR,255,BROADCAST,4,TELEMETRY,80,WHEEL_RPM_TELEM,1,0,0,0,0,0,0x08017FC4
1777172148.812,1099699,2,5,MOTOR,255,BROADCAST,4,TELEMETRY,80,WHEEL_RPM_TELEM,1,0,0,0,0,0,0x08017FC4
1777172149.218,1100115,2,5,MOTOR,255,BROADCAST,0,HEARTBEAT,48,HEARTBEAT,1,53,0,0,0,0,0x08017FC0
1777172149.341,1100195,2,5,MOTOR,255,BROADCAST,4,TELEMETRY,80,WHEEL_RPM_TELEM,1,0,0,0,0,0,0x08017FC4
1777172149.823,1100690,2,5,MOTOR,255,BROADCAST,4,TELEMETRY,80,WHEEL_RPM_TELEM,1,0,0,0,0,0,0x08017FC4
1777172150.239,1101106,2,5,MOTOR,255,BROADCAST,0,HEARTBEAT,48,HEARTBEAT,1,54,0,0,0,0,0x08017FC0
1777172150.283,1101185,2,5,MOTOR,255,BROADCAST,4,TELEMETRY,80,WHEEL_RPM_TELEM,1,0,0,0,0,0,0x08017FC4
1777172150.780,1101681,2,5,MOTOR,255,BROADCAST,4,TELEMETRY,80,WHEEL_RPM_TELEM,1,0,0,0,0,0,0x08017FC4
1777172151.195,1102097,2,5,MOTOR,255,BROADCAST,0,HEARTBEAT,48,HEARTBEAT,1,55,0,0,0,0,0x08017FC0
1777172151.275,1102177,2,5,MOTOR,255,BROADCAST,4,TELEMETRY,80,WHEEL_RPM_TELEM,1,0,0,0,0,0,0x08017FC4
1777172151.771,1102672,2,5,MOTOR,255,BROADCAST,4,TELEMETRY,80,WHEEL_RPM_TELEM,1,0,0,0,0,0,0x08017FC4
1777172152.185,1103087,2,5,MOTOR,255,BROADCAST,0,HEARTBEAT,48,HEARTBEAT,1,56,0,0,0,0,0x08017FC0
1777172152.279,1103167,2,5,MOTOR,255,BROADCAST,4,TELEMETRY,80,WHEEL_RPM_TELEM,1,0,0,0,0,0,0x08017FC4
1777172152.795,1103663,2,5,MOTOR,255,BROADCAST,4,TELEMETRY,80,WHEEL_RPM_TELEM,1,0,0,0,0,0,0x08017FC4
1777172153.228,1104078,2,5,MOTOR,255,BROADCAST,0,HEARTBEAT,48,HEARTBEAT,1,57,0,0,0,0,0x08017FC0
1777172153.257,1104159,2,5,MOTOR,255,BROADCAST,4,TELEMETRY,80,WHEEL_RPM_TELEM,1,0,0,0,0,0,0x08017FC4
1777172153.753,1104654,2,5,MOTOR,255,BROADCAST,4,TELEMETRY,80,WHEEL_RPM_TELEM,1,0,0,0,0,0,0x08017FC4
1777172154.167,1105069,2,5,MOTOR,255,BROADCAST,0,HEARTBEAT,48,HEARTBEAT,1,58,0,0,0,0,0x08017FC0
1777172154.247,1105149,2,5,MOTOR,255,BROADCAST,4,TELEMETRY,80,WHEEL_RPM_TELEM,1,0,0,0,0,0,0x08017FC4
1777172154.744,1105645,2,5,MOTOR,255,BROADCAST,4,TELEMETRY,80,WHEEL_RPM_TELEM,1,0,0,0,0,0,0x08017FC4
1777172155.158,1106060,2,5,MOTOR,255,BROADCAST,0,HEARTBEAT,48,HEARTBEAT,1,59,0,0,0,0,0x08017FC0
1777172155.257,1106141,2,5,MOTOR,255,BROADCAST,4,TELEMETRY,80,WHEEL_RPM_TELEM,1,0,0,0,0,0,0x08017FC4
1777172155.770,1106636,2,5,MOTOR,255,BROADCAST,4,TELEMETRY,80,WHEEL_RPM_TELEM,1,0,0,0,0,0,0x08017FC4
1777172156.185,1107050,2,5,MOTOR,255,BROADCAST,0,HEARTBEAT,48,HEARTBEAT,1,60,0,0,0,0,0x08017FC0
1777172156.229,1107131,2,5,MOTOR,255,BROADCAST,4,TELEMETRY,80,WHEEL_RPM_TELEM,1,0,0,0,0,0,0x08017FC4
1777172156.726,1107627,2,5,MOTOR,255,BROADCAST,4,TELEMETRY,80,WHEEL_RPM_TELEM,1,0,0,0,0,0,0x08017FC4
1777172157.140,1108041,2,5,MOTOR,255,BROADCAST,0,HEARTBEAT,48,HEARTBEAT,1,61,0,0,0,0,0x08017FC0
1777172157.222,1108123,2,5,MOTOR,255,BROADCAST,4,TELEMETRY,80,WHEEL_RPM_TELEM,1,0,0,0,0,0,0x08017FC4
1777172157.717,1108618,2,5,MOTOR,255,BROADCAST,4,TELEMETRY,80,WHEEL_RPM_TELEM,1,0,0,0,0,0,0x08017FC4
1777172158.130,1109032,2,5,MOTOR,255,BROADCAST,0,HEARTBEAT,48,HEARTBEAT,1,62,0,0,0,0,0x08017FC0
1777172158.229,1109113,2,5,MOTOR,255,BROADCAST,4,TELEMETRY,80,WHEEL_RPM_TELEM,1,0,0,0,0,0,0x08017FC4
1777172158.742,1109609,2,5,MOTOR,255,BROADCAST,4,TELEMETRY,80,WHEEL_RPM_TELEM,1,0,0,0,0,0,0x08017FC4
1777172159.151,1110023,2,5,MOTOR,255,BROADCAST,0,HEARTBEAT,48,HEARTBEAT,1,63,0,0,0,0,0x08017FC0
1777172159.204,1110105,2,5,MOTOR,255,BROADCAST,4,TELEMETRY,80,WHEEL_RPM_TELEM,1,0,0,0,0,0,0x08017FC4
1777172159.700,1110600,2,5,MOTOR,255,BROADCAST,4,TELEMETRY,80,WHEEL_RPM_TELEM,1,0,0,0,0,0,0x08017FC4
1777172160.111,1111013,2,5,MOTOR,255,BROADCAST,0,HEARTBEAT,48,HEARTBEAT,1,64,0,0,0,0,0x08017FC0
1777172160.203,1111095,2,5,MOTOR,255,BROADCAST,4,TELEMETRY,80,WHEEL_RPM_TELEM,1,0,0,0,0,0,0x08017FC4
1777172160.690,1111592,2,5,MOTOR,255,BROADCAST,4,TELEMETRY,80,WHEEL_RPM_TELEM,1,0,0,0,0,0,0x08017FC4
1777172161.210,1112004,2,5,MOTOR,255,BROADCAST,0,HEARTBEAT,48,HEARTBEAT,1,65,0,0,0,0,0x08017FC0
1777172161.210,1112087,2,5,MOTOR,255,BROADCAST,4,TELEMETRY,80,WHEEL_RPM_TELEM,1,0,0,0,0,0,0x08017FC4
1777172161.709,1112582,2,5,MOTOR,255,BROADCAST,4,TELEMETRY,80,WHEEL_RPM_TELEM,1,0,0,0,0,0,0x08017FC4
1777172162.118,1112995,2,5,MOTOR,255,BROADCAST,0,HEARTBEAT,48,HEARTBEAT,1,66,0,0,0,0,0x08017FC0
1777172162.175,1113077,2,5,MOTOR,255,BROADCAST,4,TELEMETRY,80,WHEEL_RPM_TELEM,1,0,0,0,0,0,0x08017FC4
1777172162.672,1113573,2,5,MOTOR,255,BROADCAST,4,TELEMETRY,80,WHEEL_RPM_TELEM,1,0,0,0,0,0,0x08017FC4
1777172163.084,1113985,2,5,MOTOR,255,BROADCAST,0,HEARTBEAT,48,HEARTBEAT,1,67,0,0,0,0,0x08017FC0
1777172163.169,1114069,2,5,MOTOR,255,BROADCAST,4,TELEMETRY,80,WHEEL_RPM_TELEM,1,0,0,0,0,0,0x08017FC4
1777172163.663,1114564,2,5,MOTOR,255,BROADCAST,4,TELEMETRY,80,WHEEL_RPM_TELEM,1,0,0,0,0,0,0x08017FC4
1777172164.074,1114976,2,5,MOTOR,255,BROADCAST,0,HEARTBEAT,48,HEARTBEAT,1,68,0,0,0,0,0x08017FC0
1777172164.167,1115059,2,5,MOTOR,255,BROADCAST,4,TELEMETRY,80,WHEEL_RPM_TELEM,1,0,0,0,0,0,0x08017FC4
1777172164.690,1115555,2,5,MOTOR,255,BROADCAST,4,TELEMETRY,80,WHEEL_RPM_TELEM,1,0,0,0,0,0,0x08017FC4
1777172165.081,1115967,2,5,MOTOR,255,BROADCAST,0,HEARTBEAT,48,HEARTBEAT,1,69,0,0,0,0,0x08017FC0
1777172165.195,1116051,2,5,MOTOR,255,BROADCAST,4,TELEMETRY,80,WHEEL_RPM_TELEM,1,0,0,0,0,0,0x08017FC4
1777172165.644,1116546,2,5,MOTOR,255,BROADCAST,4,TELEMETRY,80,WHEEL_RPM_TELEM,1,0,0,0,0,0,0x08017FC4
1777172166.056,1116958,2,5,MOTOR,255,BROADCAST,0,HEARTBEAT,48,HEARTBEAT,1,70,0,0,0,0,0x08017FC0
1777172166.140,1117041,2,5,MOTOR,255,BROADCAST,4,TELEMETRY,80,WHEEL_RPM_TELEM,1,0,0,0,0,0,0x08017FC4
1777172166.644,1117537,2,5,MOTOR,255,BROADCAST,4,TELEMETRY,80,WHEEL_RPM_TELEM,1,0,0,0,0,0,0x08017FC4
1777172167.047,1117948,2,5,MOTOR,255,BROADCAST,0,HEARTBEAT,48,HEARTBEAT,1,71,0,0,0,0,0x08017FC0
1777172167.138,1118033,2,5,MOTOR,255,BROADCAST,4,TELEMETRY,80,WHEEL_RPM_TELEM,1,0,0,0,0,0,0x08017FC4
1777172167.641,1118528,2,5,MOTOR,255,BROADCAST,4,TELEMETRY,80,WHEEL_RPM_TELEM,1,0,0,0,0,0,0x08017FC4
1777172168.061,1118939,2,5,MOTOR,255,BROADCAST,0,HEARTBEAT,48,HEARTBEAT,1,72,0,0,0,0,0x08017FC0
1777172168.158,1119023,2,5,MOTOR,255,BROADCAST,4,TELEMETRY,80,WHEEL_RPM_TELEM,1,0,0,0,0,0,0x08017FC4
1777172168.618,1119519,2,5,MOTOR,255,BROADCAST,4,TELEMETRY,80,WHEEL_RPM_TELEM,1,0,0,0,0,0,0x08017FC4
1777172169.028,1119930,2,5,MOTOR,255,BROADCAST,0,HEARTBEAT,48,HEARTBEAT,1,73,0,0,0,0,0x08017FC0
1777172169.115,1120015,2,5,MOTOR,255,BROADCAST,4,TELEMETRY,80,WHEEL_RPM_TELEM,1,0,0,0,0,0,0x08017FC4
1777172169.609,1120510,2,5,MOTOR,255,BROADCAST,4,TELEMETRY,80,WHEEL_RPM_TELEM,1,0,0,0,0,0,0x08017FC4
1777172170.020,1120920,2,5,MOTOR,255,BROADCAST,0,HEARTBEAT,48,HEARTBEAT,1,74,0,0,0,0,0x08017FC0
1777172170.110,1121005,2,5,MOTOR,255,BROADCAST,4,TELEMETRY,80,WHEEL_RPM_TELEM,1,0,0,0,0,0,0x08017FC4
1777172170.621,1121501,2,5,MOTOR,255,BROADCAST,4,TELEMETRY,80,WHEEL_RPM_TELEM,1,0,0,0,0,0,0x08017FC4
1777172171.029,1121911,2,5,MOTOR,255,BROADCAST,0,HEARTBEAT,48,HEARTBEAT,1,75,0,0,0,0,0x08017FC0
1777172171.125,1121997,2,5,MOTOR,255,BROADCAST,4,TELEMETRY,80,WHEEL_RPM_TELEM,1,0,0,0,0,0,0x08017FC4
1777172171.590,1122492,2,5,MOTOR,255,BROADCAST,4,TELEMETRY,80,WHEEL_RPM_TELEM,1,0,0,0,0,0,0x08017FC4
1777172172.000,1122902,2,5,MOTOR,255,BROADCAST,0,HEARTBEAT,48,HEARTBEAT,1,76,0,0,0,0,0x08017FC0
1777172172.085,1122987,2,5,MOTOR,255,BROADCAST,4,TELEMETRY,80,WHEEL_RPM_TELEM,1,0,0,0,0,0,0x08017FC4
1777172172.581,1123483,2,5,MOTOR,255,BROADCAST,4,TELEMETRY,80,WHEEL_RPM_TELEM,1,0,0,0,0,0,0x08017FC4
1777172172.991,1123892,2,5,MOTOR,255,BROADCAST,0,HEARTBEAT,48,HEARTBEAT,1,77,0,0,0,0,0x08017FC0
1777172173.078,1123979,2,5,MOTOR,255,BROADCAST,4,TELEMETRY,80,WHEEL_RPM_TELEM,1,0,0,0,0,0,0x08017FC4
1777172173.596,1124474,2,5,MOTOR,255,BROADCAST,4,TELEMETRY,80,WHEEL_RPM_TELEM,1,0,0,0,0,0,0x08017FC4
1777172174.025,1124883,2,5,MOTOR,255,BROADCAST,0,HEARTBEAT,48,HEARTBEAT,1,78,0,0,0,0,0x08017FC0
1777172174.104,1124969,2,5,MOTOR,255,BROADCAST,4,TELEMETRY,80,WHEEL_RPM_TELEM,1,0,0,0,0,0,0x08017FC4
1777172174.564,1125465,2,5,MOTOR,255,BROADCAST,4,TELEMETRY,80,WHEEL_RPM_TELEM,1,0,0,0,0,0,0x08017FC4
1777172174.972,1125873,2,5,MOTOR,255,BROADCAST,0,HEARTBEAT,48,HEARTBEAT,1,79,0,0,0,0,0x08017FC0
1777172175.059,1125961,2,5,MOTOR,255,BROADCAST,4,TELEMETRY,80,WHEEL_RPM_TELEM,1,0,0,0,0,0,0x08017FC4
1777172175.555,1126456,2,5,MOTOR,255,BROADCAST,4,TELEMETRY,80,WHEEL_RPM_TELEM,1,0,0,0,0,0,0x08017FC4
1777172175.963,1126864,2,5,MOTOR,255,BROADCAST,0,HEARTBEAT,48,HEARTBEAT,1,80,0,0,0,0,0x08017FC0
1777172176.049,1126951,2,5,MOTOR,255,BROADCAST,4,TELEMETRY,80,WHEEL_RPM_TELEM,1,0,0,0,0,0,0x08017FC4
1777172176.561,1127447,2,5,MOTOR,255,BROADCAST,4,TELEMETRY,80,WHEEL_RPM_TELEM,1,0,0,0,0,0,0x08017FC4
1777172176.968,1127855,2,5,MOTOR,255,BROADCAST,0,HEARTBEAT,48,HEARTBEAT,1,81,0,0,0,0,0x08017FC0
1777172177.063,1127943,2,5,MOTOR,255,BROADCAST,4,TELEMETRY,80,WHEEL_RPM_TELEM,1,0,0,0,0,0,0x08017FC4
1777172177.536,1128438,2,5,MOTOR,255,BROADCAST,4,TELEMETRY,80,WHEEL_RPM_TELEM,1,0,0,0,0,0,0x08017FC4
1777172177.945,1128845,2,5,MOTOR,255,BROADCAST,0,HEARTBEAT,48,HEARTBEAT,1,82,0,0,0,0,0x08017FC0
1777172178.031,1128933,2,5,MOTOR,255,BROADCAST,4,TELEMETRY,80,WHEEL_RPM_TELEM,1,0,0,0,0,0,0x08017FC4
1777172178.528,1129429,2,5,MOTOR,255,BROADCAST,4,TELEMETRY,80,WHEEL_RPM_TELEM,1,0,0,0,0,0,0x08017FC4
1777172178.934,1129836,2,5,MOTOR,255,BROADCAST,0,HEARTBEAT,48,HEARTBEAT,1,83,0,0,0,0,0x08017FC0
1777172179.023,1129925,2,5,MOTOR,255,BROADCAST,4,TELEMETRY,80,WHEEL_RPM_TELEM,1,0,0,0,0,0,0x08017FC4
1777172179.521,1130419,2,5,MOTOR,255,BROADCAST,4,TELEMETRY,80,WHEEL_RPM_TELEM,1,0,0,0,0,0,0x08017FC4
1777172179.941,1130826,2,5,MOTOR,255,BROADCAST,0,HEARTBEAT,48,HEARTBEAT,1,84,0,0,0,0,0x08017FC0
1777172180.042,1130914,2,5,MOTOR,255,BROADCAST,4,TELEMETRY,80,WHEEL_RPM_TELEM,1,0,0,0,0,0,0x08017FC4
1777172180.546,1131410,2,5,MOTOR,255,BROADCAST,4,TELEMETRY,80,WHEEL_RPM_TELEM,1,0,0,0,0,0,0x08017FC4
1777172180.917,1131817,2,5,MOTOR,255,BROADCAST,0,HEARTBEAT,48,HEARTBEAT,1,85,0,0,0,0,0x08017FC0
1777172181.005,1131906,2,5,MOTOR,255,BROADCAST,4,TELEMETRY,80,WHEEL_RPM_TELEM,1,0,0,0,0,0,0x08017FC4
1777172181.500,1132401,2,5,MOTOR,255,BROADCAST,4,TELEMETRY,80,WHEEL_RPM_TELEM,1,0,0,0,0,0,0x08017FC4
1777172181.907,1132808,2,5,MOTOR,255,BROADCAST,0,HEARTBEAT,48,HEARTBEAT,1,86,0,0,0,0,0x08017FC0
1777172181.995,1132896,2,5,MOTOR,255,BROADCAST,4,TELEMETRY,80,WHEEL_RPM_TELEM,1,0,0,0,0,0,0x08017FC4
1777172182.491,1133392,2,5,MOTOR,255,BROADCAST,4,TELEMETRY,80,WHEEL_RPM_TELEM,1,0,0,0,0,0,0x08017FC4
1777172182.947,1133798,2,5,MOTOR,255,BROADCAST,0,HEARTBEAT,48,HEARTBEAT,1,87,0,0,0,0,0x08017FC0
1777172183.024,1133888,2,5,MOTOR,255,BROADCAST,4,TELEMETRY,80,WHEEL_RPM_TELEM,1,0,0,0,0,0,0x08017FC4
1777172183.523,1134383,2,5,MOTOR,255,BROADCAST,4,TELEMETRY,80,WHEEL_RPM_TELEM,1,0,0,0,0,0,0x08017FC4
1777172183.961,1134789,2,5,MOTOR,255,BROADCAST,0,HEARTBEAT,48,HEARTBEAT,1,88,0,0,0,0,0x08017FC0
1777172183.992,1134878,2,5,MOTOR,255,BROADCAST,4,TELEMETRY,80,WHEEL_RPM_TELEM,1,0,0,0,0,0,0x08017FC4
1777172184.472,1135374,2,5,MOTOR,255,BROADCAST,4,TELEMETRY,80,WHEEL_RPM_TELEM,1,0,0,0,0,0,0x08017FC4
1777172184.890,1135780,2,5,MOTOR,255,BROADCAST,0,HEARTBEAT,48,HEARTBEAT,1,89,0,0,0,0,0x08017FC0
1777172184.985,1135870,2,5,MOTOR,255,BROADCAST,4,TELEMETRY,80,WHEEL_RPM_TELEM,1,0,0,0,0,0,0x08017FC4
1777172185.465,1136365,2,5,MOTOR,255,BROADCAST,4,TELEMETRY,80,WHEEL_RPM_TELEM,1,0,0,0,0,0,0x08017FC4
1777172185.876,1136770,2,5,MOTOR,255,BROADCAST,0,HEARTBEAT,48,HEARTBEAT,1,90,0,0,0,0,0x08017FC0
1777172185.972,1136860,2,5,MOTOR,255,BROADCAST,4,TELEMETRY,80,WHEEL_RPM_TELEM,1,0,0,0,0,0,0x08017FC4
1777172186.500,1137356,2,5,MOTOR,255,BROADCAST,4,TELEMETRY,80,WHEEL_RPM_TELEM,1,0,0,0,0,0,0x08017FC4
1777172186.894,1137761,2,5,MOTOR,255,BROADCAST,0,HEARTBEAT,48,HEARTBEAT,1,91,0,0,0,0,0x08017FC0
1777172186.951,1137852,2,5,MOTOR,255,BROADCAST,4,TELEMETRY,80,WHEEL_RPM_TELEM,1,0,0,0,0,0,0x08017FC4
1777172187.446,1138347,2,5,MOTOR,255,BROADCAST,4,TELEMETRY,80,WHEEL_RPM_TELEM,1,0,0,0,0,0,0x08017FC4
1777172187.851,1138752,2,5,MOTOR,255,BROADCAST,0,HEARTBEAT,48,HEARTBEAT,1,92,0,0,0,0,0x08017FC0
1777172187.940,1138842,2,5,MOTOR,255,BROADCAST,4,TELEMETRY,80,WHEEL_RPM_TELEM,1,0,0,0,0,0,0x08017FC4
1777172188.438,1139338,2,5,MOTOR,255,BROADCAST,4,TELEMETRY,80,WHEEL_RPM_TELEM,1,0,0,0,0,0,0x08017FC4
1777172188.845,1139742,2,5,MOTOR,255,BROADCAST,0,HEARTBEAT,48,HEARTBEAT,1,93,0,0,0,0,0x08017FC0
1777172188.952,1139834,2,5,MOTOR,255,BROADCAST,4,TELEMETRY,80,WHEEL_RPM_TELEM,1,0,0,0,0,0,0x08017FC4
1777172189.463,1140329,2,5,MOTOR,255,BROADCAST,4,TELEMETRY,80,WHEEL_RPM_TELEM,1,0,0,0,0,0,0x08017FC4
1777172189.866,1140733,2,5,MOTOR,255,BROADCAST,0,HEARTBEAT,48,HEARTBEAT,1,94,0,0,0,0,0x08017FC0
1777172189.922,1140824,2,5,MOTOR,255,BROADCAST,4,TELEMETRY,80,WHEEL_RPM_TELEM,1,0,0,0,0,0,0x08017FC4
1777172190.419,1141320,2,5,MOTOR,255,BROADCAST,4,TELEMETRY,80,WHEEL_RPM_TELEM,1,0,0,0,0,0,0x08017FC4
1777172190.823,1141724,2,5,MOTOR,255,BROADCAST,0,HEARTBEAT,48,HEARTBEAT,1,95,0,0,0,0,0x08017FC0
1777172190.915,1141816,2,5,MOTOR,255,BROADCAST,4,TELEMETRY,80,WHEEL_RPM_TELEM,1,0,0,0,0,0,0x08017FC4
1777172191.410,1142311,2,5,MOTOR,255,BROADCAST,4,TELEMETRY,80,WHEEL_RPM_TELEM,1,0,0,0,0,0,0x08017FC4
1777172191.847,1142714,2,5,MOTOR,255,BROADCAST,0,HEARTBEAT,48,HEARTBEAT,1,96,0,0,0,0,0x08017FC0
1777172191.913,1142806,2,5,MOTOR,255,BROADCAST,4,TELEMETRY,80,WHEEL_RPM_TELEM,1,0,0,0,0,0,0x08017FC4
1777172192.433,1143302,2,5,MOTOR,255,BROADCAST,4,TELEMETRY,80,WHEEL_RPM_TELEM,1,0,0,0,0,0,0x08017FC4
1777172192.830,1143705,2,5,MOTOR,255,BROADCAST,0,HEARTBEAT,48,HEARTBEAT,1,97,0,0,0,0,0x08017FC0
1777172192.897,1143798,2,5,MOTOR,255,BROADCAST,4,TELEMETRY,80,WHEEL_RPM_TELEM,1,0,0,0,0,0,0x08017FC4
1777172193.392,1144293,2,5,MOTOR,255,BROADCAST,4,TELEMETRY,80,WHEEL_RPM_TELEM,1,0,0,0,0,0,0x08017FC4
1777172193.797,1144696,2,5,MOTOR,255,BROADCAST,0,HEARTBEAT,48,HEARTBEAT,1,98,0,0,0,0,0x08017FC0
1777172193.887,1144788,2,5,MOTOR,255,BROADCAST,4,TELEMETRY,80,WHEEL_RPM_TELEM,1,0,0,0,0,0,0x08017FC4
1777172194.383,1145284,2,5,MOTOR,255,BROADCAST,4,TELEMETRY,80,WHEEL_RPM_TELEM,1,0,0,0,0,0,0x08017FC4
1777172194.787,1145687,2,5,MOTOR,255,BROADCAST,0,HEARTBEAT,48,HEARTBEAT,1,99,0,0,0,0,0x08017FC0
1777172194.879,1145780,2,5,MOTOR,255,BROADCAST,4,TELEMETRY,80,WHEEL_RPM_TELEM,1,0,0,0,0,0,0x08017FC4
1777172195.405,1146275,2,5,MOTOR,255,BROADCAST,4,TELEMETRY,80,WHEEL_RPM_TELEM,1,0,0,0,0,0,0x08017FC4
1777172195.821,1146678,2,5,MOTOR,255,BROADCAST,0,HEARTBEAT,48,HEARTBEAT,1,100,0,0,0,0,0x08017FC0
1777172195.912,1146770,2,5,MOTOR,255,BROADCAST,4,TELEMETRY,80,WHEEL_RPM_TELEM,1,0,0,0,0,0,0x08017FC4
1777172196.365,1147266,2,5,MOTOR,255,BROADCAST,4,TELEMETRY,80,WHEEL_RPM_TELEM,1,0,0,0,0,0,0x08017FC4
1777172196.767,1147668,2,5,MOTOR,255,BROADCAST,0,HEARTBEAT,48,HEARTBEAT,1,101,0,0,0,0,0x08017FC0
1777172196.861,1147762,2,5,MOTOR,255,BROADCAST,4,TELEMETRY,80,WHEEL_RPM_TELEM,1,0,0,0,0,0,0x08017FC4
1777172197.357,1148257,2,5,MOTOR,255,BROADCAST,4,TELEMETRY,80,WHEEL_RPM_TELEM,1,0,0,0,0,0,0x08017FC4
1777172197.758,1148659,2,5,MOTOR,255,BROADCAST,0,HEARTBEAT,48,HEARTBEAT,1,102,0,0,0,0,0x08017FC0
1777172197.859,1148752,2,5,MOTOR,255,BROADCAST,4,TELEMETRY,80,WHEEL_RPM_TELEM,1,0,0,0,0,0,0x08017FC4
1777172198.371,1149248,2,5,MOTOR,255,BROADCAST,4,TELEMETRY,80,WHEEL_RPM_TELEM,1,0,0,0,0,0,0x08017FC4
1777172198.781,1149650,2,5,MOTOR,255,BROADCAST,0,HEARTBEAT,48,HEARTBEAT,1,103,0,0,0,0,0x08017FC0
1777172198.893,1149745,2,5,MOTOR,255,BROADCAST,4,TELEMETRY,80,WHEEL_RPM_TELEM,1,0,0,0,0,0,0x08017FC4
1777172199.338,1150239,2,5,MOTOR,255,BROADCAST,4,TELEMETRY,80,WHEEL_RPM_TELEM,1,0,0,0,0,0,0x08017FC4
1777172199.739,1150640,2,5,MOTOR,255,BROADCAST,0,HEARTBEAT,48,HEARTBEAT,1,104,0,0,0,0,0x08017FC0
1777172199.833,1150734,2,5,MOTOR,255,BROADCAST,4,TELEMETRY,80,WHEEL_RPM_TELEM,1,0,0,0,0,0,0x08017FC4
1777172200.329,1151230,2,5,MOTOR,255,BROADCAST,4,TELEMETRY,80,WHEEL_RPM_TELEM,1,0,0,0,0,0,0x08017FC4
1777172200.731,1151631,2,5,MOTOR,255,BROADCAST,0,HEARTBEAT,48,HEARTBEAT,1,105,0,0,0,0,0x08017FC0
1777172200.825,1151727,2,5,MOTOR,255,BROADCAST,4,TELEMETRY,80,WHEEL_RPM_TELEM,1,0,0,0,0,0,0x08017FC4
1777172201.341,1152221,2,5,MOTOR,255,BROADCAST,4,TELEMETRY,80,WHEEL_RPM_TELEM,1,0,0,0,0,0,0x08017FC4
1777172201.742,1152622,2,5,MOTOR,255,BROADCAST,0,HEARTBEAT,48,HEARTBEAT,1,106,0,0,0,0,0x08017FC0
1777172201.852,1152716,2,5,MOTOR,255,BROADCAST,4,TELEMETRY,80,WHEEL_RPM_TELEM,1,0,0,0,0,0,0x08017FC4
1777172202.311,1153212,2,5,MOTOR,255,BROADCAST,4,TELEMETRY,80,WHEEL_RPM_TELEM,1,0,0,0,0,0,0x08017FC4
1777172202.712,1153613,2,5,MOTOR,255,BROADCAST,0,HEARTBEAT,48,HEARTBEAT,1,107,0,0,0,0,0x08017FC0
1777172202.807,1153708,2,5,MOTOR,255,BROADCAST,4,TELEMETRY,80,WHEEL_RPM_TELEM,1,0,0,0,0,0,0x08017FC4
1777172203.303,1154203,2,5,MOTOR,255,BROADCAST,4,TELEMETRY,80,WHEEL_RPM_TELEM,1,0,0,0,0,0,0x08017FC4
1777172203.702,1154603,2,5,MOTOR,255,BROADCAST,0,HEARTBEAT,48,HEARTBEAT,1,108,0,0,0,0,0x08017FC0
1777172203.800,1154698,2,5,MOTOR,255,BROADCAST,4,TELEMETRY,80,WHEEL_RPM_TELEM,1,0,0,0,0,0,0x08017FC4
1777172204.304,1155194,2,5,MOTOR,255,BROADCAST,4,TELEMETRY,80,WHEEL_RPM_TELEM,1,0,0,0,0,0,0x08017FC4
1777172204.711,1155594,2,5,MOTOR,255,BROADCAST,0,HEARTBEAT,48,HEARTBEAT,1,109,0,0,0,0,0x08017FC0
1777172204.823,1155691,2,5,MOTOR,255,BROADCAST,4,TELEMETRY,80,WHEEL_RPM_TELEM,1,0,0,0,0,0,0x08017FC4
1777172205.284,1156185,2,5,MOTOR,255,BROADCAST,4,TELEMETRY,80,WHEEL_RPM_TELEM,1,0,0,0,0,0,0x08017FC4
1777172205.683,1156585,2,5,MOTOR,255,BROADCAST,0,HEARTBEAT,48,HEARTBEAT,1,110,0,0,0,0,0x08017FC0
1777172205.791,1156680,2,5,MOTOR,255,BROADCAST,4,TELEMETRY,80,WHEEL_RPM_TELEM,1,0,0,0,0,0,0x08017FC4
1777172206.275,1157176,2,5,MOTOR,255,BROADCAST,4,TELEMETRY,80,WHEEL_RPM_TELEM,1,0,0,0,0,0,0x08017FC4
1777172206.674,1157575,2,5,MOTOR,255,BROADCAST,0,HEARTBEAT,48,HEARTBEAT,1,111,0,0,0,0,0x08017FC0
1777172206.771,1157672,2,5,MOTOR,255,BROADCAST,4,TELEMETRY,80,WHEEL_RPM_TELEM,1,0,0,0,0,0,0x08017FC4
1777172207.267,1158167,2,5,MOTOR,255,BROADCAST,4,TELEMETRY,80,WHEEL_RPM_TELEM,1,0,0,0,0,0,0x08017FC4
1777172207.693,1158566,2,5,MOTOR,255,BROADCAST,0,HEARTBEAT,48,HEARTBEAT,1,112,0,0,0,0,0x08017FC0
1777172207.783,1158662,2,5,MOTOR,255,BROADCAST,4,TELEMETRY,80,WHEEL_RPM_TELEM,1,0,0,0,0,0,0x08017FC4
1777172208.258,1159158,2,5,MOTOR,255,BROADCAST,4,TELEMETRY,80,WHEEL_RPM_TELEM,1,0,0,0,0,0,0x08017FC4
1777172208.656,1159557,2,5,MOTOR,255,BROADCAST,0,HEARTBEAT,48,HEARTBEAT,1,113,0,0,0,0,0x08017FC0
1777172208.769,1159655,2,5,MOTOR,255,BROADCAST,4,TELEMETRY,80,WHEEL_RPM_TELEM,1,0,0,0,0,0,0x08017FC4
1777172209.249,1160149,2,5,MOTOR,255,BROADCAST,4,TELEMETRY,80,WHEEL_RPM_TELEM,1,0,0,0,0,0,0x08017FC4
1777172209.647,1160548,2,5,MOTOR,255,BROADCAST,0,HEARTBEAT,48,HEARTBEAT,1,114,0,0,0,0,0x08017FC0
1777172209.743,1160644,2,5,MOTOR,255,BROADCAST,4,TELEMETRY,80,WHEEL_RPM_TELEM,1,0,0,0,0,0,0x08017FC4
1777172210.240,1161140,2,5,MOTOR,255,BROADCAST,4,TELEMETRY,80,WHEEL_RPM_TELEM,1,0,0,0,0,0,0x08017FC4
1777172210.657,1161538,2,5,MOTOR,255,BROADCAST,0,HEARTBEAT,48,HEARTBEAT,1,115,0,0,0,0,0x08017FC0
1777172210.758,1161636,2,5,MOTOR,255,BROADCAST,4,TELEMETRY,80,WHEEL_RPM_TELEM,1,0,0,0,0,0,0x08017FC4
1777172211.276,1162131,2,5,MOTOR,255,BROADCAST,4,TELEMETRY,80,WHEEL_RPM_TELEM,1,0,0,0,0,0,0x08017FC4
1777172211.628,1162529,2,5,MOTOR,255,BROADCAST,0,HEARTBEAT,48,HEARTBEAT,1,116,0,0,0,0,0x08017FC0
1777172211.725,1162626,2,5,MOTOR,255,BROADCAST,4,TELEMETRY,80,WHEEL_RPM_TELEM,1,0,0,0,0,0,0x08017FC4
1777172212.222,1163122,2,5,MOTOR,255,BROADCAST,4,TELEMETRY,80,WHEEL_RPM_TELEM,1,0,0,0,0,0,0x08017FC4
1777172212.618,1163519,2,5,MOTOR,255,BROADCAST,0,HEARTBEAT,48,HEARTBEAT,1,117,0,0,0,0,0x08017FC0
1777172212.718,1163618,2,5,MOTOR,255,BROADCAST,4,TELEMETRY,80,WHEEL_RPM_TELEM,1,0,0,0,0,0,0x08017FC4
1777172213.269,1164113,2,5,MOTOR,255,BROADCAST,4,TELEMETRY,80,WHEEL_RPM_TELEM,1,0,0,0,0,0,0x08017FC4
1777172213.629,1164510,2,5,MOTOR,255,BROADCAST,0,HEARTBEAT,48,HEARTBEAT,1,118,0,0,0,0,0x08017FC0
1777172213.725,1164608,2,5,MOTOR,255,BROADCAST,4,TELEMETRY,80,WHEEL_RPM_TELEM,1,0,0,0,0,0,0x08017FC4
1777172214.245,1165104,2,5,MOTOR,255,BROADCAST,4,TELEMETRY,80,WHEEL_RPM_TELEM,1,0,0,0,0,0,0x08017FC4
1777172214.600,1165501,2,5,MOTOR,255,BROADCAST,0,HEARTBEAT,48,HEARTBEAT,1,119,0,0,0,0,0x08017FC0
1777172214.699,1165600,2,5,MOTOR,255,BROADCAST,4,TELEMETRY,80,WHEEL_RPM_TELEM,1,0,0,0,0,0,0x08017FC4
1777172215.195,1166095,2,5,MOTOR,255,BROADCAST,4,TELEMETRY,80,WHEEL_RPM_TELEM,1,0,0,0,0,0,0x08017FC4
1777172215.591,1166491,2,5,MOTOR,255,BROADCAST,0,HEARTBEAT,48,HEARTBEAT,1,120,0,0,0,0,0x08017FC0
1777172215.691,1166591,2,5,MOTOR,255,BROADCAST,4,TELEMETRY,80,WHEEL_RPM_TELEM,1,0,0,0,0,0,0x08017FC4
1777172216.192,1167086,2,5,MOTOR,255,BROADCAST,4,TELEMETRY,80,WHEEL_RPM_TELEM,1,0,0,0,0,0,0x08017FC4
1777172216.600,1167482,2,5,MOTOR,255,BROADCAST,0,HEARTBEAT,48,HEARTBEAT,1,121,0,0,0,0,0x08017FC0
1777172216.704,1167582,2,5,MOTOR,255,BROADCAST,4,TELEMETRY,80,WHEEL_RPM_TELEM,1,0,0,0,0,0,0x08017FC4
1777172217.204,1168077,2,5,MOTOR,255,BROADCAST,4,TELEMETRY,80,WHEEL_RPM_TELEM,1,0,0,0,0,0,0x08017FC4
1777172217.573,1168473,2,5,MOTOR,255,BROADCAST,0,HEARTBEAT,48,HEARTBEAT,1,122,0,0,0,0,0x08017FC0
1777172217.671,1168572,2,5,MOTOR,255,BROADCAST,4,TELEMETRY,80,WHEEL_RPM_TELEM,1,0,0,0,0,0,0x08017FC4
1777172218.174,1169068,2,5,MOTOR,255,BROADCAST,4,TELEMETRY,80,WHEEL_RPM_TELEM,1,0,0,0,0,0,0x08017FC4
1777172218.563,1169463,2,5,MOTOR,255,BROADCAST,0,HEARTBEAT,48,HEARTBEAT,1,123,0,0,0,0,0x08017FC0
1777172218.666,1169564,2,5,MOTOR,255,BROADCAST,4,TELEMETRY,80,WHEEL_RPM_TELEM,1,0,0,0,0,0,0x08017FC4
1777172219.158,1170059,2,5,MOTOR,255,BROADCAST,4,TELEMETRY,80,WHEEL_RPM_TELEM,1,0,0,0,0,0,0x08017FC4
1777172219.560,1170454,2,5,MOTOR,255,BROADCAST,0,HEARTBEAT,48,HEARTBEAT,1,124,0,0,0,0,0x08017FC0
1777172219.682,1170554,2,5,MOTOR,255,BROADCAST,4,TELEMETRY,80,WHEEL_RPM_TELEM,1,0,0,0,0,0,0x08017FC4
1777172220.176,1171050,2,5,MOTOR,255,BROADCAST,4,TELEMETRY,80,WHEEL_RPM_TELEM,1,0,0,0,0,0,0x08017FC4
1777172220.544,1171445,2,5,MOTOR,255,BROADCAST,0,HEARTBEAT,48,HEARTBEAT,1,125,0,0,0,0,0x08017FC0
1777172220.646,1171546,2,5,MOTOR,255,BROADCAST,4,TELEMETRY,80,WHEEL_RPM_TELEM,1,0,0,0,0,0,0x08017FC4
1777172221.142,1172041,2,5,MOTOR,255,BROADCAST,4,TELEMETRY,80,WHEEL_RPM_TELEM,1,0,0,0,0,0,0x08017FC4
1777172221.534,1172436,2,5,MOTOR,255,BROADCAST,0,HEARTBEAT,48,HEARTBEAT,1,126,0,0,0,0,0x08017FC0
1777172221.636,1172536,2,5,MOTOR,255,BROADCAST,4,TELEMETRY,80,WHEEL_RPM_TELEM,1,0,0,0,0,0,0x08017FC4
1777172222.131,1173032,2,5,MOTOR,255,BROADCAST,4,TELEMETRY,80,WHEEL_RPM_TELEM,1,0,0,0,0,0,0x08017FC4
1777172222.527,1173426,2,5,MOTOR,255,BROADCAST,0,HEARTBEAT,48,HEARTBEAT,1,127,0,0,0,0,0x08017FC0
1777172222.642,1173528,2,5,MOTOR,255,BROADCAST,4,TELEMETRY,80,WHEEL_RPM_TELEM,1,0,0,0,0,0,0x08017FC4
1777172223.152,1174023,2,5,MOTOR,255,BROADCAST,4,TELEMETRY,80,WHEEL_RPM_TELEM,1,0,0,0,0,0,0x08017FC4
1777172223.516,1174417,2,5,MOTOR,255,BROADCAST,0,HEARTBEAT,48,HEARTBEAT,1,128,0,0,0,0,0x08017FC0
1777172223.617,1174518,2,5,MOTOR,255,BROADCAST,4,TELEMETRY,80,WHEEL_RPM_TELEM,1,0,0,0,0,0,0x08017FC4
1777172224.114,1175014,2,5,MOTOR,255,BROADCAST,4,TELEMETRY,80,WHEEL_RPM_TELEM,1,0,0,0,0,0,0x08017FC4
1777172224.509,1175407,2,5,MOTOR,255,BROADCAST,0,HEARTBEAT,48,HEARTBEAT,1,129,0,0,0,0,0x08017FC0
1777172224.614,1175510,2,5,MOTOR,255,BROADCAST,4,TELEMETRY,80,WHEEL_RPM_TELEM,1,0,0,0,0,0,0x08017FC4
1777172225.104,1176005,2,5,MOTOR,255,BROADCAST,4,TELEMETRY,80,WHEEL_RPM_TELEM,1,0,0,0,0,0,0x08017FC4
1777172225.509,1176398,2,5,MOTOR,255,BROADCAST,0,HEARTBEAT,48,HEARTBEAT,1,130,0,0,0,0,0x08017FC0
1777172225.613,1176500,2,5,MOTOR,255,BROADCAST,4,TELEMETRY,80,WHEEL_RPM_TELEM,1,0,0,0,0,0,0x08017FC4
1777172226.165,1176996,2,5,MOTOR,255,BROADCAST,4,TELEMETRY,80,WHEEL_RPM_TELEM,1,0,0,0,0,0,0x08017FC4
1777172226.537,1177389,2,5,MOTOR,255,BROADCAST,0,HEARTBEAT,48,HEARTBEAT,1,131,0,0,0,0,0x08017FC0
1777172226.640,1177492,2,5,MOTOR,255,BROADCAST,4,TELEMETRY,80,WHEEL_RPM_TELEM,1,0,0,0,0,0,0x08017FC4
1777172227.086,1177987,2,5,MOTOR,255,BROADCAST,4,TELEMETRY,80,WHEEL_RPM_TELEM,1,0,0,0,0,0,0x08017FC4
1777172227.479,1178379,2,5,MOTOR,255,BROADCAST,0,HEARTBEAT,48,HEARTBEAT,1,132,0,0,0,0,0x08017FC0
1777172227.581,1178482,2,5,MOTOR,255,BROADCAST,4,TELEMETRY,80,WHEEL_RPM_TELEM,1,0,0,0,0,0,0x08017FC4
1777172228.083,1178978,2,5,MOTOR,255,BROADCAST,4,TELEMETRY,80,WHEEL_RPM_TELEM,1,0,0,0,0,0,0x08017FC4
1777172228.479,1179370,2,5,MOTOR,255,BROADCAST,0,HEARTBEAT,48,HEARTBEAT,1,133,0,0,0,0,0x08017FC0
1777172228.578,1179474,2,5,MOTOR,255,BROADCAST,4,TELEMETRY,80,WHEEL_RPM_TELEM,1,0,0,0,0,0,0x08017FC4
1777172229.107,1179969,2,5,MOTOR,255,BROADCAST,4,TELEMETRY,80,WHEEL_RPM_TELEM,1,0,0,0,0,0,0x08017FC4
1777172229.498,1180361,2,5,MOTOR,255,BROADCAST,0,HEARTBEAT,48,HEARTBEAT,1,134,0,0,0,0,0x08017FC0
1777172229.631,1180464,2,5,MOTOR,255,BROADCAST,4,TELEMETRY,80,WHEEL_RPM_TELEM,1,0,0,0,0,0,0x08017FC4
1777172230.059,1180960,2,5,MOTOR,255,BROADCAST,4,TELEMETRY,80,WHEEL_RPM_TELEM,1,0,0,0,0,0,0x08017FC4
1777172230.451,1181352,2,5,MOTOR,255,BROADCAST,0,HEARTBEAT,48,HEARTBEAT,1,135,0,0,0,0,0x08017FC0
1777172234.023,1184924,2,5,MOTOR,255,BROADCAST,4,TELEMETRY,80,WHEEL_RPM_TELEM,1,0,0,0,0,0,0x08017FC4
1777172234.452,1185314,2,5,MOTOR,255,BROADCAST,0,HEARTBEAT,48,HEARTBEAT,1,139,0,0,0,0,0x08017FC0
1777172234.523,1185419,2,5,MOTOR,255,BROADCAST,4,TELEMETRY,80,WHEEL_RPM_TELEM,1,0,0,0,0,0,0x08017FC4
1777172235.030,1185914,2,5,MOTOR,255,BROADCAST,4,TELEMETRY,80,WHEEL_RPM_TELEM,1,0,0,0,0,0,0x08017FC4
1777172235.438,1186305,2,5,MOTOR,255,BROADCAST,0,HEARTBEAT,48,HEARTBEAT,1,140,0,0,0,0,0x08017FC0
1777172235.533,1186409,2,5,MOTOR,255,BROADCAST,4,TELEMETRY,80,WHEEL_RPM_TELEM,1,0,0,0,0,0,0x08017FC4
1777172236.005,1186905,2,5,MOTOR,255,BROADCAST,4,TELEMETRY,80,WHEEL_RPM_TELEM,1,0,0,0,0,0,0x08017FC4
1777172236.395,1187295,2,5,MOTOR,255,BROADCAST,0,HEARTBEAT,48,HEARTBEAT,1,141,0,0,0,0,0x08017FC0
1777172236.502,1187401,2,5,MOTOR,255,BROADCAST,4,TELEMETRY,80,WHEEL_RPM_TELEM,1,0,0,0,0,0,0x08017FC4
1777172236.997,1187896,2,5,MOTOR,255,BROADCAST,4,TELEMETRY,80,WHEEL_RPM_TELEM,1,0,0,0,0,0,0x08017FC4
1777172237.386,1188286,2,5,MOTOR,255,BROADCAST,0,HEARTBEAT,48,HEARTBEAT,1,142,0,0,0,0,0x08017FC0
1777172237.491,1188391,2,5,MOTOR,255,BROADCAST,4,TELEMETRY,80,WHEEL_RPM_TELEM,1,0,0,0,0,0,0x08017FC4
1777172238.002,1188887,2,5,MOTOR,255,BROADCAST,4,TELEMETRY,80,WHEEL_RPM_TELEM,1,0,0,0,0,0,0x08017FC4
1777172238.419,1189277,2,5,MOTOR,255,BROADCAST,0,HEARTBEAT,48,HEARTBEAT,1,143,0,0,0,0,0x08017FC0
1777172238.515,1189383,2,5,MOTOR,255,BROADCAST,4,TELEMETRY,80,WHEEL_RPM_TELEM,1,0,0,0,0,0,0x08017FC4
1777172238.978,1189878,2,5,MOTOR,255,BROADCAST,4,TELEMETRY,80,WHEEL_RPM_TELEM,1,0,0,0,0,0,0x08017FC4
1777172239.367,1190267,2,5,MOTOR,255,BROADCAST,0,HEARTBEAT,48,HEARTBEAT,1,144,0,0,0,0,0x08017FC0
1777172239.473,1190373,2,5,MOTOR,255,BROADCAST,4,TELEMETRY,80,WHEEL_RPM_TELEM,1,0,0,0,0,0,0x08017FC4
1777172239.970,1190869,2,5,MOTOR,255,BROADCAST,4,TELEMETRY,80,WHEEL_RPM_TELEM,1,0,0,0,0,0,0x08017FC4
1777172240.358,1191258,2,5,MOTOR,255,BROADCAST,0,HEARTBEAT,48,HEARTBEAT,1,145,0,0,0,0,0x08017FC0
1777172240.465,1191365,2,5,MOTOR,255,BROADCAST,4,TELEMETRY,80,WHEEL_RPM_TELEM,1,0,0,0,0,0,0x08017FC4
1777172240.970,1191860,2,5,MOTOR,255,BROADCAST,4,TELEMETRY,80,WHEEL_RPM_TELEM,1,0,0,0,0,0,0x08017FC4
1777172241.380,1192249,2,5,MOTOR,255,BROADCAST,0,HEARTBEAT,48,HEARTBEAT,1,146,0,0,0,0,0x08017FC0
1777172241.501,1192355,2,5,MOTOR,255,BROADCAST,4,TELEMETRY,80,WHEEL_RPM_TELEM,1,0,0,0,0,0,0x08017FC4
1777172241.980,1192851,2,5,MOTOR,255,BROADCAST,4,TELEMETRY,80,WHEEL_RPM_TELEM,1,0,0,0,0,0,0x08017FC4
1777172242.340,1193240,2,5,MOTOR,255,BROADCAST,0,HEARTBEAT,48,HEARTBEAT,1,147,0,0,0,0,0x08017FC0
1777172242.447,1193347,2,5,MOTOR,255,BROADCAST,4,TELEMETRY,80,WHEEL_RPM_TELEM,1,0,0,0,0,0,0x08017FC4
1777172242.942,1193842,2,5,MOTOR,255,BROADCAST,4,TELEMETRY,80,WHEEL_RPM_TELEM,1,0,0,0,0,0,0x08017FC4
1777172243.330,1194230,2,5,MOTOR,255,BROADCAST,0,HEARTBEAT,48,HEARTBEAT,1,148,0,0,0,0,0x08017FC0
1777172243.439,1194337,2,5,MOTOR,255,BROADCAST,4,TELEMETRY,80,WHEEL_RPM_TELEM,1,0,0,0,0,0,0x08017FC4
1777172243.943,1194833,2,5,MOTOR,255,BROADCAST,4,TELEMETRY,80,WHEEL_RPM_TELEM,1,0,0,0,0,0,0x08017FC4
1777172244.351,1195221,2,5,MOTOR,255,BROADCAST,0,HEARTBEAT,48,HEARTBEAT,1,149,0,0,0,0,0x08017FC0
1777172244.452,1195329,2,5,MOTOR,255,BROADCAST,4,TELEMETRY,80,WHEEL_RPM_TELEM,1,0,0,0,0,0,0x08017FC4
1777172244.978,1195824,2,5,MOTOR,255,BROADCAST,4,TELEMETRY,80,WHEEL_RPM_TELEM,1,0,0,0,0,0,0x08017FC4
1777172245.311,1196211,2,5,MOTOR,255,BROADCAST,0,HEARTBEAT,48,HEARTBEAT,1,150,0,0,0,0,0x08017FC0
1777172245.419,1196319,2,5,MOTOR,255,BROADCAST,4,TELEMETRY,80,WHEEL_RPM_TELEM,1,0,0,0,0,0,0x08017FC4
1777172245.915,1196815,2,5,MOTOR,255,BROADCAST,4,TELEMETRY,80,WHEEL_RPM_TELEM,1,0,0,0,0,0,0x08017FC4
1777172246.302,1197202,2,5,MOTOR,255,BROADCAST,0,HEARTBEAT,48,HEARTBEAT,1,151,0,0,0,0,0x08017FC0
1777172246.411,1197311,2,5,MOTOR,255,BROADCAST,4,TELEMETRY,80,WHEEL_RPM_TELEM,1,0,0,0,0,0,0x08017FC4
1777172246.908,1197806,2,5,MOTOR,255,BROADCAST,4,TELEMETRY,80,WHEEL_RPM_TELEM,1,0,0,0,0,0,0x08017FC4
1777172247.315,1198193,2,5,MOTOR,255,BROADCAST,0,HEARTBEAT,48,HEARTBEAT,1,152,0,0,0,0,0x08017FC0
1777172247.411,1198301,2,5,MOTOR,255,BROADCAST,4,TELEMETRY,80,WHEEL_RPM_TELEM,1,0,0,0,0,0,0x08017FC4
1777172247.935,1198797,2,5,MOTOR,255,BROADCAST,4,TELEMETRY,80,WHEEL_RPM_TELEM,1,0,0,0,0,0,0x08017FC4
1777172248.284,1199183,2,5,MOTOR,255,BROADCAST,0,HEARTBEAT,48,HEARTBEAT,1,153,0,0,0,0,0x08017FC0
1777172248.393,1199293,2,5,MOTOR,255,BROADCAST,4,TELEMETRY,80,WHEEL_RPM_TELEM,1,0,0,0,0,0,0x08017FC4
1777172248.887,1199788,2,5,MOTOR,255,BROADCAST,4,TELEMETRY,80,WHEEL_RPM_TELEM,1,0,0,0,0,0,0x08017FC4
1777172249.273,1200174,2,5,MOTOR,255,BROADCAST,0,HEARTBEAT,48,HEARTBEAT,1,154,0,0,0,0,0x08017FC0
1777172249.383,1200283,2,5,MOTOR,255,BROADCAST,4,TELEMETRY,80,WHEEL_RPM_TELEM,1,0,0,0,0,0,0x08017FC4
1777172249.882,1200779,2,5,MOTOR,255,BROADCAST,4,TELEMETRY,80,WHEEL_RPM_TELEM,1,0,0,0,0,0,0x08017FC4
1777172250.293,1201165,2,5,MOTOR,255,BROADCAST,0,HEARTBEAT,48,HEARTBEAT,1,155,0,0,0,0,0x08017FC0
1777172250.391,1201275,2,5,MOTOR,255,BROADCAST,4,TELEMETRY,80,WHEEL_RPM_TELEM,1,0,0,0,0,0,0x08017FC4
1777172250.904,1201770,2,5,MOTOR,255,BROADCAST,4,TELEMETRY,80,WHEEL_RPM_TELEM,1,0,0,0,0,0,0x08017FC4
1777172251.255,1202155,2,5,MOTOR,255,BROADCAST,0,HEARTBEAT,48,HEARTBEAT,1,156,0,0,0,0,0x08017FC0
1777172251.364,1202265,2,5,MOTOR,255,BROADCAST,4,TELEMETRY,80,WHEEL_RPM_TELEM,1,0,0,0,0,0,0x08017FC4
1777172251.862,1202761,2,5,MOTOR,255,BROADCAST,4,TELEMETRY,80,WHEEL_RPM_TELEM,1,0,0,0,0,0,0x08017FC4
1777172252.246,1203146,2,5,MOTOR,255,BROADCAST,0,HEARTBEAT,48,HEARTBEAT,1,157,0,0,0,0,0x08017FC0
1777172252.356,1203257,2,5,MOTOR,255,BROADCAST,4,TELEMETRY,80,WHEEL_RPM_TELEM,1,0,0,0,0,0,0x08017FC4
1777172252.851,1203752,2,5,MOTOR,255,BROADCAST,4,TELEMETRY,80,WHEEL_RPM_TELEM,1,0,0,0,0,0,0x08017FC4
1777172253.254,1204137,2,5,MOTOR,255,BROADCAST,0,HEARTBEAT,48,HEARTBEAT,1,158,0,0,0,0,0x08017FC0
1777172253.355,1204247,2,5,MOTOR,255,BROADCAST,4,TELEMETRY,80,WHEEL_RPM_TELEM,1,0,0,0,0,0,0x08017FC4
1777172253.894,1204742,2,5,MOTOR,255,BROADCAST,4,TELEMETRY,80,WHEEL_RPM_TELEM,1,0,0,0,0,0,0x08017FC4
1777172254.227,1205127,2,5,MOTOR,255,BROADCAST,0,HEARTBEAT,48,HEARTBEAT,1,159,0,0,0,0,0x08017FC0
1777172254.338,1205238,2,5,MOTOR,255,BROADCAST,4,TELEMETRY,80,WHEEL_RPM_TELEM,1,0,0,0,0,0,0x08017FC4
1777172254.833,1205733,2,5,MOTOR,255,BROADCAST,4,TELEMETRY,80,WHEEL_RPM_TELEM,1,0,0,0,0,0,0x08017FC4
1777172255.218,1206118,2,5,MOTOR,255,BROADCAST,0,HEARTBEAT,48,HEARTBEAT,1,160,0,0,0,0,0x08017FC0
1777172255.328,1206228,2,5,MOTOR,255,BROADCAST,4,TELEMETRY,80,WHEEL_RPM_TELEM,1,0,0,0,0,0,0x08017FC4
1777172255.854,1206724,2,5,MOTOR,255,BROADCAST,4,TELEMETRY,80,WHEEL_RPM_TELEM,1,0,0,0,0,0,0x08017FC4
1777172256.230,1207108,2,5,MOTOR,255,BROADCAST,0,HEARTBEAT,48,HEARTBEAT,1,161,0,0,0,0,0x08017FC0
1777172256.325,1207220,2,5,MOTOR,255,BROADCAST,4,TELEMETRY,80,WHEEL_RPM_TELEM,1,0,0,0,0,0,0x08017FC4
1777172256.842,1207715,2,5,MOTOR,255,BROADCAST,4,TELEMETRY,80,WHEEL_RPM_TELEM,1,0,0,0,0,0,0x08017FC4
1777172257.199,1208099,2,5,MOTOR,255,BROADCAST,0,HEARTBEAT,48,HEARTBEAT,1,162,0,0,0,0,0x08017FC0
1777172257.379,1208210,2,5,MOTOR,255,BROADCAST,4,TELEMETRY,80,WHEEL_RPM_TELEM,1,0,0,0,0,0,0x08017FC4
1777172257.806,1208706,2,5,MOTOR,255,BROADCAST,4,TELEMETRY,80,WHEEL_RPM_TELEM,1,0,0,0,0,0,0x08017FC4
1777172258.189,1209090,2,5,MOTOR,255,BROADCAST,0,HEARTBEAT,48,HEARTBEAT,1,163,0,0,0,0,0x08017FC0
1777172258.303,1209202,2,5,MOTOR,255,BROADCAST,4,TELEMETRY,80,WHEEL_RPM_TELEM,1,0,0,0,0,0,0x08017FC4
1777172258.797,1209697,2,5,MOTOR,255,BROADCAST,4,TELEMETRY,80,WHEEL_RPM_TELEM,1,0,0,0,0,0,0x08017FC4
1777172259.197,1210080,2,5,MOTOR,255,BROADCAST,0,HEARTBEAT,48,HEARTBEAT,1,164,0,0,0,0,0x08017FC0
1777172259.293,1210192,2,5,MOTOR,255,BROADCAST,4,TELEMETRY,80,WHEEL_RPM_TELEM,1,0,0,0,0,0,0x08017FC4
1777172259.801,1210688,2,5,MOTOR,255,BROADCAST,4,TELEMETRY,80,WHEEL_RPM_TELEM,1,0,0,0,0,0,0x08017FC4
1777172260.171,1211071,2,5,MOTOR,255,BROADCAST,0,HEARTBEAT,48,HEARTBEAT,1,165,0,0,0,0,0x08017FC0
1777172260.315,1211184,2,5,MOTOR,255,BROADCAST,4,TELEMETRY,80,WHEEL_RPM_TELEM,1,0,0,0,0,0,0x08017FC4
1777172260.779,1211679,2,5,MOTOR,255,BROADCAST,4,TELEMETRY,80,WHEEL_RPM_TELEM,1,0,0,0,0,0,0x08017FC4
1777172261.162,1212062,2,5,MOTOR,255,BROADCAST,0,HEARTBEAT,48,HEARTBEAT,1,166,0,0,0,0,0x08017FC0
1777172261.275,1212174,2,5,MOTOR,255,BROADCAST,4,TELEMETRY,80,WHEEL_RPM_TELEM,1,0,0,0,0,0,0x08017FC4
1777172261.770,1212670,2,5,MOTOR,255,BROADCAST,4,TELEMETRY,80,WHEEL_RPM_TELEM,1,0,0,0,0,0,0x08017FC4
1777172262.167,1213052,2,5,MOTOR,255,BROADCAST,0,HEARTBEAT,48,HEARTBEAT,1,167,0,0,0,0,0x08017FC0
1777172262.266,1213166,2,5,MOTOR,255,BROADCAST,4,TELEMETRY,80,WHEEL_RPM_TELEM,1,0,0,0,0,0,0x08017FC4
1777172262.780,1213661,2,5,MOTOR,255,BROADCAST,4,TELEMETRY,80,WHEEL_RPM_TELEM,1,0,0,0,0,0,0x08017FC4
1777172263.143,1214043,2,5,MOTOR,255,BROADCAST,0,HEARTBEAT,48,HEARTBEAT,1,168,0,0,0,0,0x08017FC0
1777172263.287,1214156,2,5,MOTOR,255,BROADCAST,4,TELEMETRY,80,WHEEL_RPM_TELEM,1,0,0,0,0,0,0x08017FC4
1777172263.752,1214652,2,5,MOTOR,255,BROADCAST,4,TELEMETRY,80,WHEEL_RPM_TELEM,1,0,0,0,0,0,0x08017FC4
1777172264.133,1215034,2,5,MOTOR,255,BROADCAST,0,HEARTBEAT,48,HEARTBEAT,1,169,0,0,0,0,0x08017FC0
1777172264.248,1215148,2,5,MOTOR,255,BROADCAST,4,TELEMETRY,80,WHEEL_RPM_TELEM,1,0,0,0,0,0,0x08017FC4
1777172264.743,1215643,2,5,MOTOR,255,BROADCAST,4,TELEMETRY,80,WHEEL_RPM_TELEM,1,0,0,0,0,0,0x08017FC4
1777172265.125,1216024,2,5,MOTOR,255,BROADCAST,0,HEARTBEAT,48,HEARTBEAT,1,170,0,0,0,0,0x08017FC0
1777172265.238,1216138,2,5,MOTOR,255,BROADCAST,4,TELEMETRY,80,WHEEL_RPM_TELEM,1,0,0,0,0,0,0x08017FC4
1777172265.752,1216634,2,5,MOTOR,255,BROADCAST,4,TELEMETRY,80,WHEEL_RPM_TELEM,1,0,0,0,0,0,0x08017FC4
1777172266.116,1217015,2,5,MOTOR,255,BROADCAST,0,HEARTBEAT,48,HEARTBEAT,1,171,0,0,0,0,0x08017FC0
1777172266.271,1217130,2,5,MOTOR,255,BROADCAST,4,TELEMETRY,80,WHEEL_RPM_TELEM,1,0,0,0,0,0,0x08017FC4
1777172266.725,1217625,2,5,MOTOR,255,BROADCAST,4,TELEMETRY,80,WHEEL_RPM_TELEM,1,0,0,0,0,0,0x08017FC4
1777172267.107,1218006,2,5,MOTOR,255,BROADCAST,0,HEARTBEAT,48,HEARTBEAT,1,172,0,0,0,0,0x08017FC0
1777172267.220,1218120,2,5,MOTOR,255,BROADCAST,4,TELEMETRY,80,WHEEL_RPM_TELEM,1,0,0,0,0,0,0x08017FC4
1777172267.716,1218616,2,5,MOTOR,255,BROADCAST,4,TELEMETRY,80,WHEEL_RPM_TELEM,1,0,0,0,0,0,0x08017FC4
1777172268.098,1218996,2,5,MOTOR,255,BROADCAST,0,HEARTBEAT,48,HEARTBEAT,1,173,0,0,0,0,0x08017FC0
1777172268.212,1219112,2,5,MOTOR,255,BROADCAST,4,TELEMETRY,80,WHEEL_RPM_TELEM,1,0,0,0,0,0,0x08017FC4
1777172268.709,1219607,2,5,MOTOR,255,BROADCAST,4,TELEMETRY,80,WHEEL_RPM_TELEM,1,0,0,0,0,0,0x08017FC4
1777172269.126,1219987,2,5,MOTOR,255,BROADCAST,0,HEARTBEAT,48,HEARTBEAT,1,174,0,0,0,0,0x08017FC0
1777172269.222,1220102,2,5,MOTOR,255,BROADCAST,4,TELEMETRY,80,WHEEL_RPM_TELEM,1,0,0,0,0,0,0x08017FC4
1777172269.699,1220598,2,5,MOTOR,255,BROADCAST,4,TELEMETRY,80,WHEEL_RPM_TELEM,1,0,0,0,0,0,0x08017FC4
1777172270.078,1220977,2,5,MOTOR,255,BROADCAST,0,HEARTBEAT,48,HEARTBEAT,1,175,0,0,0,0,0x08017FC0
1777172270.194,1221094,2,5,MOTOR,255,BROADCAST,4,TELEMETRY,80,WHEEL_RPM_TELEM,1,0,0,0,0,0,0x08017FC4
1777172270.689,1221588,2,5,MOTOR,255,BROADCAST,4,TELEMETRY,80,WHEEL_RPM_TELEM,1,0,0,0,0,0,0x08017FC4
1777172271.079,1221968,2,5,MOTOR,255,BROADCAST,0,HEARTBEAT,48,HEARTBEAT,1,176,0,0,0,0,0x08017FC0
1777172271.183,1222083,2,5,MOTOR,255,BROADCAST,4,TELEMETRY,80,WHEEL_RPM_TELEM,1,0,0,0,0,0,0x08017FC4
1777172271.685,1222579,2,5,MOTOR,255,BROADCAST,4,TELEMETRY,80,WHEEL_RPM_TELEM,1,0,0,0,0,0,0x08017FC4
1777172272.100,1222958,2,5,MOTOR,255,BROADCAST,0,HEARTBEAT,48,HEARTBEAT,1,177,0,0,0,0,0x08017FC0
1777172272.195,1223075,2,5,MOTOR,255,BROADCAST,4,TELEMETRY,80,WHEEL_RPM_TELEM,1,0,0,0,0,0,0x08017FC4
1777172272.712,1223570,2,5,MOTOR,255,BROADCAST,4,TELEMETRY,80,WHEEL_RPM_TELEM,1,0,0,0,0,0,0x08017FC4
1777172273.050,1223949,2,5,MOTOR,255,BROADCAST,0,HEARTBEAT,48,HEARTBEAT,1,178,0,0,0,0,0x08017FC0
1777172273.165,1224065,2,5,MOTOR,255,BROADCAST,4,TELEMETRY,80,WHEEL_RPM_TELEM,1,0,0,0,0,0,0x08017FC4
1777172273.673,1224561,2,5,MOTOR,255,BROADCAST,4,TELEMETRY,80,WHEEL_RPM_TELEM,1,0,0,0,0,0,0x08017FC4
1777172274.048,1224940,2,5,MOTOR,255,BROADCAST,0,HEARTBEAT,48,HEARTBEAT,1,179,0,0,0,0,0x08017FC0
1777172274.158,1225057,2,5,MOTOR,255,BROADCAST,4,TELEMETRY,80,WHEEL_RPM_TELEM,1,0,0,0,0,0,0x08017FC4
1777172274.663,1225552,2,5,MOTOR,255,BROADCAST,4,TELEMETRY,80,WHEEL_RPM_TELEM,1,0,0,0,0,0,0x08017FC4
1777172275.062,1225930,2,5,MOTOR,255,BROADCAST,0,HEARTBEAT,48,HEARTBEAT,1,180,0,0,0,0,0x08017FC0
1777172275.178,1226047,2,5,MOTOR,255,BROADCAST,4,TELEMETRY,80,WHEEL_RPM_TELEM,1,0,0,0,0,0,0x08017FC4
1777172275.685,1226543,2,5,MOTOR,255,BROADCAST,4,TELEMETRY,80,WHEEL_RPM_TELEM,1,0,0,0,0,0,0x08017FC4
1777172276.021,1226921,2,5,MOTOR,255,BROADCAST,0,HEARTBEAT,48,HEARTBEAT,1,181,0,0,0,0,0x08017FC0
1777172276.140,1227039,2,5,MOTOR,255,BROADCAST,4,TELEMETRY,80,WHEEL_RPM_TELEM,1,0,0,0,0,0,0x08017FC4
1777172276.634,1227534,2,5,MOTOR,255,BROADCAST,4,TELEMETRY,80,WHEEL_RPM_TELEM,1,0,0,0,0,0,0x08017FC4
1777172277.012,1227911,2,5,MOTOR,255,BROADCAST,0,HEARTBEAT,48,HEARTBEAT,1,182,0,0,0,0,0x08017FC0
1777172277.130,1228029,2,5,MOTOR,255,BROADCAST,4,TELEMETRY,80,WHEEL_RPM_TELEM,1,0,0,0,0,0,0x08017FC4
1777172277.633,1228525,2,5,MOTOR,255,BROADCAST,4,TELEMETRY,80,WHEEL_RPM_TELEM,1,0,0,0,0,0,0x08017FC4
1777172278.054,1228902,2,5,MOTOR,255,BROADCAST,0,HEARTBEAT,48,HEARTBEAT,1,183,0,0,0,0,0x08017FC0
1777172278.146,1229021,2,5,MOTOR,255,BROADCAST,4,TELEMETRY,80,WHEEL_RPM_TELEM,1,0,0,0,0,0,0x08017FC4
1777172278.675,1229515,2,5,MOTOR,255,BROADCAST,4,TELEMETRY,80,WHEEL_RPM_TELEM,1,0,0,0,0,0,0x08017FC4
1777172278.993,1229893,2,5,MOTOR,255,BROADCAST,0,HEARTBEAT,48,HEARTBEAT,1,184,0,0,0,0,0x08017FC0
1777172279.110,1230010,2,5,MOTOR,255,BROADCAST,4,TELEMETRY,80,WHEEL_RPM_TELEM,1,0,0,0,0,0,0x08017FC4
1777172279.606,1230506,2,5,MOTOR,255,BROADCAST,4,TELEMETRY,80,WHEEL_RPM_TELEM,1,0,0,0,0,0,0x08017FC4
1777172279.984,1230883,2,5,MOTOR,255,BROADCAST,0,HEARTBEAT,48,HEARTBEAT,1,185,0,0,0,0,0x08017FC0
1777172280.103,1231002,2,5,MOTOR,255,BROADCAST,4,TELEMETRY,80,WHEEL_RPM_TELEM,1,0,0,0,0,0,0x08017FC4
1777172280.598,1231497,2,5,MOTOR,255,BROADCAST,4,TELEMETRY,80,WHEEL_RPM_TELEM,1,0,0,0,0,0,0x08017FC4
1777172281.021,1231874,2,5,MOTOR,255,BROADCAST,0,HEARTBEAT,48,HEARTBEAT,1,186,0,0,0,0,0x08017FC0
1777172281.116,1231992,2,5,MOTOR,255,BROADCAST,4,TELEMETRY,80,WHEEL_RPM_TELEM,1,0,0,0,0,0,0x08017FC4
1777172281.631,1232488,2,5,MOTOR,255,BROADCAST,4,TELEMETRY,80,WHEEL_RPM_TELEM,1,0,0,0,0,0,0x08017FC4
1777172281.965,1232865,2,5,MOTOR,255,BROADCAST,0,HEARTBEAT,48,HEARTBEAT,1,187,0,0,0,0,0x08017FC0
1777172282.085,1232984,2,5,MOTOR,255,BROADCAST,4,TELEMETRY,80,WHEEL_RPM_TELEM,1,0,0,0,0,0,0x08017FC4
1777172282.585,1233479,2,5,MOTOR,255,BROADCAST,4,TELEMETRY,80,WHEEL_RPM_TELEM,1,0,0,0,0,0,0x08017FC4
1777172282.957,1233855,2,5,MOTOR,255,BROADCAST,0,HEARTBEAT,48,HEARTBEAT,1,188,0,0,0,0,0x08017FC0
1777172283.074,1233974,2,5,MOTOR,255,BROADCAST,4,TELEMETRY,80,WHEEL_RPM_TELEM,1,0,0,0,0,0,0x08017FC4
1777172283.571,1234470,2,5,MOTOR,255,BROADCAST,4,TELEMETRY,80,WHEEL_RPM_TELEM,1,0,0,0,0,0,0x08017FC4
1777172283.967,1234846,2,5,MOTOR,255,BROADCAST,0,HEARTBEAT,48,HEARTBEAT,1,189,0,0,0,0,0x08017FC0
1777172284.088,1234966,2,5,MOTOR,255,BROADCAST,4,TELEMETRY,80,WHEEL_RPM_TELEM,1,0,0,0,0,0,0x08017FC4
1777172284.590,1235461,2,5,MOTOR,255,BROADCAST,4,TELEMETRY,80,WHEEL_RPM_TELEM,1,0,0,0,0,0,0x08017FC4
1777172284.938,1235836,2,5,MOTOR,255,BROADCAST,0,HEARTBEAT,48,HEARTBEAT,1,190,0,0,0,0,0x08017FC0
1777172285.056,1235956,2,5,MOTOR,255,BROADCAST,4,TELEMETRY,80,WHEEL_RPM_TELEM,1,0,0,0,0,0,0x08017FC4
1777172285.553,1236452,2,5,MOTOR,255,BROADCAST,4,TELEMETRY,80,WHEEL_RPM_TELEM,1,0,0,0,0,0,0x08017FC4
1777172285.928,1236827,2,5,MOTOR,255,BROADCAST,0,HEARTBEAT,48,HEARTBEAT,1,191,0,0,0,0,0x08017FC0
1777172286.049,1236948,2,5,MOTOR,255,BROADCAST,4,TELEMETRY,80,WHEEL_RPM_TELEM,1,0,0,0,0,0,0x08017FC4
1777172286.545,1237443,2,5,MOTOR,255,BROADCAST,4,TELEMETRY,80,WHEEL_RPM_TELEM,1,0,0,0,0,0,0x08017FC4
1777172286.941,1237818,2,5,MOTOR,255,BROADCAST,0,HEARTBEAT,48,HEARTBEAT,1,192,0,0,0,0,0x08017FC0
1777172287.052,1237938,2,5,MOTOR,255,BROADCAST,4,TELEMETRY,80,WHEEL_RPM_TELEM,1,0,0,0,0,0,0x08017FC4
1777172287.614,1238434,2,5,MOTOR,255,BROADCAST,4,TELEMETRY,80,WHEEL_RPM_TELEM,1,0,0,0,0,0,0x08017FC4
1777172287.909,1238808,2,5,MOTOR,255,BROADCAST,0,HEARTBEAT,48,HEARTBEAT,1,193,0,0,0,0,0x08017FC0
1777172288.030,1238930,2,5,MOTOR,255,BROADCAST,4,TELEMETRY,80,WHEEL_RPM_TELEM,1,0,0,0,0,0,0x08017FC4
1777172288.525,1239425,2,5,MOTOR,255,BROADCAST,4,TELEMETRY,80,WHEEL_RPM_TELEM,1,0,0,0,0,0,0x08017FC4
1777172288.900,1239799,2,5,MOTOR,255,BROADCAST,0,HEARTBEAT,48,HEARTBEAT,1,194,0,0,0,0,0x08017FC0
1777172289.020,1239920,2,5,MOTOR,255,BROADCAST,4,TELEMETRY,80,WHEEL_RPM_TELEM,1,0,0,0,0,0,0x08017FC4
1777172289.516,1240416,2,5,MOTOR,255,BROADCAST,4,TELEMETRY,80,WHEEL_RPM_TELEM,1,0,0,0,0,0,0x08017FC4
1777172289.915,1240790,2,5,MOTOR,255,BROADCAST,0,HEARTBEAT,48,HEARTBEAT,1,195,0,0,0,0,0x08017FC0
1777172290.040,1240912,2,5,MOTOR,255,BROADCAST,4,TELEMETRY,80,WHEEL_RPM_TELEM,1,0,0,0,0,0,0x08017FC4
1777172290.522,1241407,2,5,MOTOR,255,BROADCAST,4,TELEMETRY,80,WHEEL_RPM_TELEM,1,0,0,0,0,0,0x08017FC4
1777172290.881,1241780,2,5,MOTOR,255,BROADCAST,0,HEARTBEAT,48,HEARTBEAT,1,196,0,0,0,0,0x08017FC0
1777172291.047,1241902,2,5,MOTOR,255,BROADCAST,4,TELEMETRY,80,WHEEL_RPM_TELEM,1,0,0,0,0,0,0x08017FC4
1777172291.498,1242398,2,5,MOTOR,255,BROADCAST,4,TELEMETRY,80,WHEEL_RPM_TELEM,1,0,0,0,0,0,0x08017FC4
1777172291.872,1242771,2,5,MOTOR,255,BROADCAST,0,HEARTBEAT,48,HEARTBEAT,1,197,0,0,0,0,0x08017FC0
1777172292.000,1242894,2,5,MOTOR,255,BROADCAST,4,TELEMETRY,80,WHEEL_RPM_TELEM,1,0,0,0,0,0,0x08017FC4
1777172292.489,1243389,2,5,MOTOR,255,BROADCAST,4,TELEMETRY,80,WHEEL_RPM_TELEM,1,0,0,0,0,0,0x08017FC4
1777172292.884,1243762,2,5,MOTOR,255,BROADCAST,0,HEARTBEAT,48,HEARTBEAT,1,198,0,0,0,0,0x08017FC0
1777172292.985,1243884,2,5,MOTOR,255,BROADCAST,4,TELEMETRY,80,WHEEL_RPM_TELEM,1,0,0,0,0,0,0x08017FC4
1777172293.503,1244380,2,5,MOTOR,255,BROADCAST,4,TELEMETRY,80,WHEEL_RPM_TELEM,1,0,0,0,0,0,0x08017FC4
1777172293.854,1244753,2,5,MOTOR,255,BROADCAST,0,HEARTBEAT,48,HEARTBEAT,1,199,0,0,0,0,0x08017FC0
1777172294.005,1244876,2,5,MOTOR,255,BROADCAST,4,TELEMETRY,80,WHEEL_RPM_TELEM,1,0,0,0,0,0,0x08017FC4
1777172294.471,1245371,2,5,MOTOR,255,BROADCAST,4,TELEMETRY,80,WHEEL_RPM_TELEM,1,0,0,0,0,0,0x08017FC4
1777172294.844,1245743,2,5,MOTOR,255,BROADCAST,0,HEARTBEAT,48,HEARTBEAT,1,200,0,0,0,0,0x08017FC0
1777172294.966,1245866,2,5,MOTOR,255,BROADCAST,4,TELEMETRY,80,WHEEL_RPM_TELEM,1,0,0,0,0,0,0x08017FC4
1777172295.462,1246362,2,5,MOTOR,255,BROADCAST,4,TELEMETRY,80,WHEEL_RPM_TELEM,1,0,0,0,0,0,0x08017FC4
1777172295.850,1246734,2,5,MOTOR,255,BROADCAST,0,HEARTBEAT,48,HEARTBEAT,1,201,0,0,0,0,0x08017FC0
1777172295.958,1246858,2,5,MOTOR,255,BROADCAST,4,TELEMETRY,80,WHEEL_RPM_TELEM,1,0,0,0,0,0,0x08017FC4
1777172296.469,1247353,2,5,MOTOR,255,BROADCAST,4,TELEMETRY,80,WHEEL_RPM_TELEM,1,0,0,0,0,0,0x08017FC4
1777172296.825,1247725,2,5,MOTOR,255,BROADCAST,0,HEARTBEAT,48,HEARTBEAT,1,202,0,0,0,0,0x08017FC0
1777172296.978,1247848,2,5,MOTOR,255,BROADCAST,4,TELEMETRY,80,WHEEL_RPM_TELEM,1,0,0,0,0,0,0x08017FC4
1777172297.445,1248344,2,5,MOTOR,255,BROADCAST,4,TELEMETRY,80,WHEEL_RPM_TELEM,1,0,0,0,0,0,0x08017FC4
1777172297.815,1248715,2,5,MOTOR,255,BROADCAST,0,HEARTBEAT,48,HEARTBEAT,1,203,0,0,0,0,0x08017FC0
1777172297.941,1248840,2,5,MOTOR,255,BROADCAST,4,TELEMETRY,80,WHEEL_RPM_TELEM,1,0,0,0,0,0,0x08017FC4
1777172298.435,1249334,2,5,MOTOR,255,BROADCAST,4,TELEMETRY,80,WHEEL_RPM_TELEM,1,0,0,0,0,0,0x08017FC4
1777172298.818,1249706,2,5,MOTOR,255,BROADCAST,0,HEARTBEAT,48,HEARTBEAT,1,204,0,0,0,0,0x08017FC0
1777172298.930,1249829,2,5,MOTOR,255,BROADCAST,4,TELEMETRY,80,WHEEL_RPM_TELEM,1,0,0,0,0,0,0x08017FC4
1777172299.439,1250325,2,5,MOTOR,255,BROADCAST,4,TELEMETRY,80,WHEEL_RPM_TELEM,1,0,0,0,0,0,0x08017FC4
1777172299.797,1250696,2,5,MOTOR,255,BROADCAST,0,HEARTBEAT,48,HEARTBEAT,1,205,0,0,0,0,0x08017FC0
1777172299.948,1250821,2,5,MOTOR,255,BROADCAST,4,TELEMETRY,80,WHEEL_RPM_TELEM,1,0,0,0,0,0,0x08017FC4
1777172300.416,1251316,2,5,MOTOR,255,BROADCAST,4,TELEMETRY,80,WHEEL_RPM_TELEM,1,0,0,0,0,0,0x08017FC4
1777172300.788,1251687,2,5,MOTOR,255,BROADCAST,0,HEARTBEAT,48,HEARTBEAT,1,206,0,0,0,0,0x08017FC0
1777172300.912,1251811,2,5,MOTOR,255,BROADCAST,4,TELEMETRY,80,WHEEL_RPM_TELEM,1,0,0,0,0,0,0x08017FC4
1777172301.408,1252307,2,5,MOTOR,255,BROADCAST,4,TELEMETRY,80,WHEEL_RPM_TELEM,1,0,0,0,0,0,0x08017FC4
1777172301.792,1252678,2,5,MOTOR,255,BROADCAST,0,HEARTBEAT,48,HEARTBEAT,1,207,0,0,0,0,0x08017FC0
1777172301.904,1252803,2,5,MOTOR,255,BROADCAST,4,TELEMETRY,80,WHEEL_RPM_TELEM,1,0,0,0,0,0,0x08017FC4
1777172302.401,1253298,2,5,MOTOR,255,BROADCAST,4,TELEMETRY,80,WHEEL_RPM_TELEM,1,0,0,0,0,0,0x08017FC4
1777172302.770,1253668,2,5,MOTOR,255,BROADCAST,0,HEARTBEAT,48,HEARTBEAT,1,208,0,0,0,0,0x08017FC0
1777172302.968,1253793,2,5,MOTOR,255,BROADCAST,4,TELEMETRY,80,WHEEL_RPM_TELEM,1,0,0,0,0,0,0x08017FC4
1777172303.390,1254289,2,5,MOTOR,255,BROADCAST,4,TELEMETRY,80,WHEEL_RPM_TELEM,1,0,0,0,0,0,0x08017FC4
1777172303.769,1254659,2,5,MOTOR,255,BROADCAST,0,HEARTBEAT,48,HEARTBEAT,1,209,0,0,0,0,0x08017FC0
1777172303.897,1254785,2,5,MOTOR,255,BROADCAST,4,TELEMETRY,80,WHEEL_RPM_TELEM,1,0,0,0,0,0,0x08017FC4
1777172304.383,1255280,2,5,MOTOR,255,BROADCAST,4,TELEMETRY,80,WHEEL_RPM_TELEM,1,0,0,0,0,0,0x08017FC4
1777172304.754,1255650,2,5,MOTOR,255,BROADCAST,0,HEARTBEAT,48,HEARTBEAT,1,210,0,0,0,0,0x08017FC0
1777172304.876,1255775,2,5,MOTOR,255,BROADCAST,4,TELEMETRY,80,WHEEL_RPM_TELEM,1,0,0,0,0,0,0x08017FC4
1777172305.383,1256271,2,5,MOTOR,255,BROADCAST,4,TELEMETRY,80,WHEEL_RPM_TELEM,1,0,0,0,0,0,0x08017FC4
1777172305.741,1256640,2,5,MOTOR,255,BROADCAST,0,HEARTBEAT,48,HEARTBEAT,1,211,0,0,0,0,0x08017FC0
1777172305.889,1256767,2,5,MOTOR,255,BROADCAST,4,TELEMETRY,80,WHEEL_RPM_TELEM,1,0,0,0,0,0,0x08017FC4
1777172306.426,1257262,2,5,MOTOR,255,BROADCAST,4,TELEMETRY,80,WHEEL_RPM_TELEM,1,0,0,0,0,0,0x08017FC4
1777172306.732,1257631,2,5,MOTOR,255,BROADCAST,0,HEARTBEAT,48,HEARTBEAT,1,212,0,0,0,0,0x08017FC0
1777172306.858,1257757,2,5,MOTOR,255,BROADCAST,4,TELEMETRY,80,WHEEL_RPM_TELEM,1,0,0,0,0,0,0x08017FC4
1777172307.354,1258253,2,5,MOTOR,255,BROADCAST,4,TELEMETRY,80,WHEEL_RPM_TELEM,1,0,0,0,0,0,0x08017FC4
1777172307.737,1258622,2,5,MOTOR,255,BROADCAST,0,HEARTBEAT,48,HEARTBEAT,1,213,0,0,0,0,0x08017FC0
1777172307.852,1258749,2,5,MOTOR,255,BROADCAST,4,TELEMETRY,80,WHEEL_RPM_TELEM,1,0,0,0,0,0,0x08017FC4
1777172308.347,1259244,2,5,MOTOR,255,BROADCAST,4,TELEMETRY,80,WHEEL_RPM_TELEM,1,0,0,0,0,0,0x08017FC4
1777172308.713,1259612,2,5,MOTOR,255,BROADCAST,0,HEARTBEAT,48,HEARTBEAT,1,214,0,0,0,0,0x08017FC0
1777172308.862,1259739,2,5,MOTOR,255,BROADCAST,4,TELEMETRY,80,WHEEL_RPM_TELEM,1,0,0,0,0,0,0x08017FC4
1777172309.363,1260235,2,5,MOTOR,255,BROADCAST,4,TELEMETRY,80,WHEEL_RPM_TELEM,1,0,0,0,0,0,0x08017FC4
1777172309.704,1260603,2,5,MOTOR,255,BROADCAST,0,HEARTBEAT,48,HEARTBEAT,1,215,0,0,0,0,0x08017FC0
1777172309.831,1260731,2,5,MOTOR,255,BROADCAST,4,TELEMETRY,80,WHEEL_RPM_TELEM,1,0,0,0,0,0,0x08017FC4
1777172310.326,1261226,2,5,MOTOR,255,BROADCAST,4,TELEMETRY,80,WHEEL_RPM_TELEM,1,0,0,0,0,0,0x08017FC4
1777172310.699,1261593,2,5,MOTOR,255,BROADCAST,0,HEARTBEAT,48,HEARTBEAT,1,216,0,0,0,0,0x08017FC0
1777172310.822,1261721,2,5,MOTOR,255,BROADCAST,4,TELEMETRY,80,WHEEL_RPM_TELEM,1,0,0,0,0,0,0x08017FC4
1777172311.318,1262217,2,5,MOTOR,255,BROADCAST,4,TELEMETRY,80,WHEEL_RPM_TELEM,1,0,0,0,0,0,0x08017FC4
1777172311.685,1262584,2,5,MOTOR,255,BROADCAST,0,HEARTBEAT,48,HEARTBEAT,1,217,0,0,0,0,0x08017FC0
1777172311.836,1262713,2,5,MOTOR,255,BROADCAST,4,TELEMETRY,80,WHEEL_RPM_TELEM,1,0,0,0,0,0,0x08017FC4
1777172312.349,1263208,2,5,MOTOR,255,BROADCAST,4,TELEMETRY,80,WHEEL_RPM_TELEM,1,0,0,0,0,0,0x08017FC4
1777172312.677,1263575,2,5,MOTOR,255,BROADCAST,0,HEARTBEAT,48,HEARTBEAT,1,218,0,0,0,0,0x08017FC0
1777172312.803,1263703,2,5,MOTOR,255,BROADCAST,4,TELEMETRY,80,WHEEL_RPM_TELEM,1,0,0,0,0,0,0x08017FC4
1777172313.300,1264199,2,5,MOTOR,255,BROADCAST,4,TELEMETRY,80,WHEEL_RPM_TELEM,1,0,0,0,0,0,0x08017FC4
1777172313.669,1264565,2,5,MOTOR,255,BROADCAST,0,HEARTBEAT,48,HEARTBEAT,1,219,0,0,0,0,0x08017FC0
1777172313.796,1264694,2,5,MOTOR,255,BROADCAST,4,TELEMETRY,80,WHEEL_RPM_TELEM,1,0,0,0,0,0,0x08017FC4
1777172314.290,1265189,2,5,MOTOR,255,BROADCAST,4,TELEMETRY,80,WHEEL_RPM_TELEM,1,0,0,0,0,0,0x08017FC4
1777172314.692,1265556,2,5,MOTOR,255,BROADCAST,0,HEARTBEAT,48,HEARTBEAT,1,220,0,0,0,0,0x08017FC0
1777172314.801,1265684,2,5,MOTOR,255,BROADCAST,4,TELEMETRY,80,WHEEL_RPM_TELEM,1,0,0,0,0,0,0x08017FC4
1777172315.313,1266180,2,5,MOTOR,255,BROADCAST,4,TELEMETRY,80,WHEEL_RPM_TELEM,1,0,0,0,0,0,0x08017FC4
1777172315.648,1266546,2,5,MOTOR,255,BROADCAST,0,HEARTBEAT,48,HEARTBEAT,1,221,0,0,0,0,0x08017FC0
1777172315.777,1266676,2,5,MOTOR,255,BROADCAST,4,TELEMETRY,80,WHEEL_RPM_TELEM,1,0,0,0,0,0,0x08017FC4
1777172316.272,1267171,2,5,MOTOR,255,BROADCAST,4,TELEMETRY,80,WHEEL_RPM_TELEM,1,0,0,0,0,0,0x08017FC4
1777172316.648,1267537,2,5,MOTOR,255,BROADCAST,0,HEARTBEAT,48,HEARTBEAT,1,222,0,0,0,0,0x08017FC0
1777172316.767,1267666,2,5,MOTOR,255,BROADCAST,4,TELEMETRY,80,WHEEL_RPM_TELEM,1,0,0,0,0,0,0x08017FC4
1777172317.263,1268162,2,5,MOTOR,255,BROADCAST,4,TELEMETRY,80,WHEEL_RPM_TELEM,1,0,0,0,0,0,0x08017FC4
1777172317.666,1268528,2,5,MOTOR,255,BROADCAST,0,HEARTBEAT,48,HEARTBEAT,1,223,0,0,0,0,0x08017FC0
1777172317.762,1268658,2,5,MOTOR,255,BROADCAST,4,TELEMETRY,80,WHEEL_RPM_TELEM,1,0,0,0,0,0,0x08017FC4
1777172318.285,1269153,2,5,MOTOR,255,BROADCAST,4,TELEMETRY,80,WHEEL_RPM_TELEM,1,0,0,0,0,0,0x08017FC4
1777172318.619,1269518,2,5,MOTOR,255,BROADCAST,0,HEARTBEAT,48,HEARTBEAT,1,224,0,0,0,0,0x08017FC0
1777172318.749,1269648,2,5,MOTOR,255,BROADCAST,4,TELEMETRY,80,WHEEL_RPM_TELEM,1,0,0,0,0,0,0x08017FC4
1777172319.245,1270144,2,5,MOTOR,255,BROADCAST,4,TELEMETRY,80,WHEEL_RPM_TELEM,1,0,0,0,0,0,0x08017FC4
1777172319.625,1270509,2,5,MOTOR,255,BROADCAST,0,HEARTBEAT,48,HEARTBEAT,1,225,0,0,0,0,0x08017FC0
1777172319.740,1270640,2,5,MOTOR,255,BROADCAST,4,TELEMETRY,80,WHEEL_RPM_TELEM,1,0,0,0,0,0,0x08017FC4
1777172320.236,1271135,2,5,MOTOR,255,BROADCAST,4,TELEMETRY,80,WHEEL_RPM_TELEM,1,0,0,0,0,0,0x08017FC4
1777172320.631,1271499,2,5,MOTOR,255,BROADCAST,0,HEARTBEAT,48,HEARTBEAT,1,226,0,0,0,0,0x08017FC0
1777172320.740,1271630,2,5,MOTOR,255,BROADCAST,4,TELEMETRY,80,WHEEL_RPM_TELEM,1,0,0,0,0,0,0x08017FC4
1777172321.306,1272126,2,5,MOTOR,255,BROADCAST,4,TELEMETRY,80,WHEEL_RPM_TELEM,1,0,0,0,0,0,0x08017FC4
1777172321.591,1272490,2,5,MOTOR,255,BROADCAST,0,HEARTBEAT,48,HEARTBEAT,1,227,0,0,0,0,0x08017FC0
1777172321.766,1272622,2,5,MOTOR,255,BROADCAST,4,TELEMETRY,80,WHEEL_RPM_TELEM,1,0,0,0,0,0,0x08017FC4
1777172322.222,1273117,2,5,MOTOR,255,BROADCAST,4,TELEMETRY,80,WHEEL_RPM_TELEM,1,0,0,0,0,0,0x08017FC4
1777172322.582,1273481,2,5,MOTOR,255,BROADCAST,0,HEARTBEAT,48,HEARTBEAT,1,228,0,0,0,0,0x08017FC0
1777172322.713,1273612,2,5,MOTOR,255,BROADCAST,4,TELEMETRY,80,WHEEL_RPM_TELEM,1,0,0,0,0,0,0x08017FC4
1777172323.210,1274108,2,5,MOTOR,255,BROADCAST,4,TELEMETRY,80,WHEEL_RPM_TELEM,1,0,0,0,0,0,0x08017FC4
1777172323.715,1274472,2,5,MOTOR,255,BROADCAST,0,HEARTBEAT,48,HEARTBEAT,1,229,0,0,0,0,0x08017FC0
1777172323.715,1274604,2,5,MOTOR,255,BROADCAST,4,TELEMETRY,80,WHEEL_RPM_TELEM,1,0,0,0,0,0,0x08017FC4
1777172324.226,1275099,2,5,MOTOR,255,BROADCAST,4,TELEMETRY,80,WHEEL_RPM_TELEM,1,0,0,0,0,0,0x08017FC4
1777172324.563,1275462,2,5,MOTOR,255,BROADCAST,0,HEARTBEAT,48,HEARTBEAT,1,230,0,0,0,0,0x08017FC0
1777172324.727,1275593,2,5,MOTOR,255,BROADCAST,4,TELEMETRY,80,WHEEL_RPM_TELEM,1,0,0,0,0,0,0x08017FC4
1777172325.191,1276090,2,5,MOTOR,255,BROADCAST,4,TELEMETRY,80,WHEEL_RPM_TELEM,1,0,0,0,0,0,0x08017FC4
1777172325.555,1276453,2,5,MOTOR,255,BROADCAST,0,HEARTBEAT,48,HEARTBEAT,1,231,0,0,0,0,0x08017FC0
1777172325.687,1276586,2,5,MOTOR,255,BROADCAST,4,TELEMETRY,80,WHEEL_RPM_TELEM,1,0,0,0,0,0,0x08017FC4
1777172326.182,1277081,2,5,MOTOR,255,BROADCAST,4,TELEMETRY,80,WHEEL_RPM_TELEM,1,0,0,0,0,0,0x08017FC4
1777172326.607,1277444,2,5,MOTOR,255,BROADCAST,0,HEARTBEAT,48,HEARTBEAT,1,232,0,0,0,0,0x08017FC0
1777172326.677,1277576,2,5,MOTOR,255,BROADCAST,4,TELEMETRY,80,WHEEL_RPM_TELEM,1,0,0,0,0,0,0x08017FC4
1777172327.185,1278072,2,5,MOTOR,255,BROADCAST,4,TELEMETRY,80,WHEEL_RPM_TELEM,1,0,0,0,0,0,0x08017FC4
1777172327.536,1278434,2,5,MOTOR,255,BROADCAST,0,HEARTBEAT,48,HEARTBEAT,1,233,0,0,0,0,0x08017FC0
1777172327.700,1278568,2,5,MOTOR,255,BROADCAST,4,TELEMETRY,80,WHEEL_RPM_TELEM,1,0,0,0,0,0,0x08017FC4
1777172328.163,1279063,2,5,MOTOR,255,BROADCAST,4,TELEMETRY,80,WHEEL_RPM_TELEM,1,0,0,0,0,0,0x08017FC4
1777172328.526,1279425,2,5,MOTOR,255,BROADCAST,0,HEARTBEAT,48,HEARTBEAT,1,234,0,0,0,0,0x08017FC0
1777172328.659,1279558,2,5,MOTOR,255,BROADCAST,4,TELEMETRY,80,WHEEL_RPM_TELEM,1,0,0,0,0,0,0x08017FC4
1777172329.155,1280054,2,5,MOTOR,255,BROADCAST,4,TELEMETRY,80,WHEEL_RPM_TELEM,1,0,0,0,0,0,0x08017FC4
1777172329.539,1280416,2,5,MOTOR,255,BROADCAST,0,HEARTBEAT,48,HEARTBEAT,1,235,0,0,0,0,0x08017FC0
1777172329.652,1280550,2,5,MOTOR,255,BROADCAST,4,TELEMETRY,80,WHEEL_RPM_TELEM,1,0,0,0,0,0,0x08017FC4
1777172330.156,1281044,2,5,MOTOR,255,BROADCAST,4,TELEMETRY,80,WHEEL_RPM_TELEM,1,0,0,0,0,0,0x08017FC4
1777172330.509,1281406,2,5,MOTOR,255,BROADCAST,0,HEARTBEAT,48,HEARTBEAT,1,236,0,0,0,0,0x08017FC0
1777172330.714,1281539,2,5,MOTOR,255,BROADCAST,4,TELEMETRY,80,WHEEL_RPM_TELEM,1,0,0,0,0,0,0x08017FC4
1777172331.137,1282035,2,5,MOTOR,255,BROADCAST,4,TELEMETRY,80,WHEEL_RPM_TELEM,1,0,0,0,0,0,0x08017FC4
1777172331.498,1282397,2,5,MOTOR,255,BROADCAST,0,HEARTBEAT,48,HEARTBEAT,1,237,0,0,0,0,0x08017FC0
1777172331.633,1282531,2,5,MOTOR,255,BROADCAST,4,TELEMETRY,80,WHEEL_RPM_TELEM,1,0,0,0,0,0,0x08017FC4
1777172332.128,1283026,2,5,MOTOR,255,BROADCAST,4,TELEMETRY,80,WHEEL_RPM_TELEM,1,0,0,0,0,0,0x08017FC4
1777172332.519,1283388,2,5,MOTOR,255,BROADCAST,0,HEARTBEAT,48,HEARTBEAT,1,238,0,0,0,0,0x08017FC0
1777172332.622,1283521,2,5,MOTOR,255,BROADCAST,4,TELEMETRY,80,WHEEL_RPM_TELEM,1,0,0,0,0,0,0x08017FC4
1777172333.134,1284017,2,5,MOTOR,255,BROADCAST,4,TELEMETRY,80,WHEEL_RPM_TELEM,1,0,0,0,0,0,0x08017FC4
1777172333.480,1284378,2,5,MOTOR,255,BROADCAST,0,HEARTBEAT,48,HEARTBEAT,1,239,0,0,0,0,0x08017FC0
1777172333.644,1284513,2,5,MOTOR,255,BROADCAST,4,TELEMETRY,80,WHEEL_RPM_TELEM,1,0,0,0,0,0,0x08017FC4
1777172334.109,1285008,2,5,MOTOR,255,BROADCAST,4,TELEMETRY,80,WHEEL_RPM_TELEM,1,0,0,0,0,0,0x08017FC4
1777172334.470,1285369,2,5,MOTOR,255,BROADCAST,0,HEARTBEAT,48,HEARTBEAT,1,240,0,0,0,0,0x08017FC0
1777172334.605,1285503,2,5,MOTOR,255,BROADCAST,4,TELEMETRY,80,WHEEL_RPM_TELEM,1,0,0,0,0,0,0x08017FC4
1777172335.101,1285999,2,5,MOTOR,255,BROADCAST,4,TELEMETRY,80,WHEEL_RPM_TELEM,1,0,0,0,0,0,0x08017FC4
1777172335.479,1286360,2,5,MOTOR,255,BROADCAST,0,HEARTBEAT,48,HEARTBEAT,1,241,0,0,0,0,0x08017FC0
1777172335.597,1286495,2,5,MOTOR,255,BROADCAST,4,TELEMETRY,80,WHEEL_RPM_TELEM,1,0,0,0,0,0,0x08017FC4
1777172336.130,1286990,2,5,MOTOR,255,BROADCAST,4,TELEMETRY,80,WHEEL_RPM_TELEM,1,0,0,0,0,0,0x08017FC4
1777172336.452,1287351,2,5,MOTOR,255,BROADCAST,0,HEARTBEAT,48,HEARTBEAT,1,242,0,0,0,0,0x08017FC0
1777172336.602,1287485,2,5,MOTOR,255,BROADCAST,4,TELEMETRY,80,WHEEL_RPM_TELEM,1,0,0,0,0,0,0x08017FC4
1777172337.118,1287981,2,5,MOTOR,255,BROADCAST,4,TELEMETRY,80,WHEEL_RPM_TELEM,1,0,0,0,0,0,0x08017FC4
1777172337.443,1288341,2,5,MOTOR,255,BROADCAST,0,HEARTBEAT,48,HEARTBEAT,1,243,0,0,0,0,0x08017FC0
1777172337.579,1288477,2,5,MOTOR,255,BROADCAST,4,TELEMETRY,80,WHEEL_RPM_TELEM,1,0,0,0,0,0,0x08017FC4
1777172338.075,1288972,2,5,MOTOR,255,BROADCAST,4,TELEMETRY,80,WHEEL_RPM_TELEM,1,0,0,0,0,0,0x08017FC4
1777172338.450,1289332,2,5,MOTOR,255,BROADCAST,0,HEARTBEAT,48,HEARTBEAT,1,244,0,0,0,0,0x08017FC0
1777172338.569,1289467,2,5,MOTOR,255,BROADCAST,4,TELEMETRY,80,WHEEL_RPM_TELEM,1,0,0,0,0,0,0x08017FC4
1777172339.075,1289963,2,5,MOTOR,255,BROADCAST,4,TELEMETRY,80,WHEEL_RPM_TELEM,1,0,0,0,0,0,0x08017FC4
1777172339.424,1290323,2,5,MOTOR,255,BROADCAST,0,HEARTBEAT,48,HEARTBEAT,1,245,0,0,0,0,0x08017FC0
1777172339.574,1290459,2,5,MOTOR,255,BROADCAST,4,TELEMETRY,80,WHEEL_RPM_TELEM,1,0,0,0,0,0,0x08017FC4
1777172340.087,1290955,2,5,MOTOR,255,BROADCAST,4,TELEMETRY,80,WHEEL_RPM_TELEM,1,0,0,0,0,0,0x08017FC4
1777172340.415,1291313,2,5,MOTOR,255,BROADCAST,0,HEARTBEAT,48,HEARTBEAT,1,246,0,0,0,0,0x08017FC0
1777172340.551,1291450,2,5,MOTOR,255,BROADCAST,4,TELEMETRY,80,WHEEL_RPM_TELEM,1,0,0,0,0,0,0x08017FC4
1777172341.047,1291946,2,5,MOTOR,255,BROADCAST,4,TELEMETRY,80,WHEEL_RPM_TELEM,1,0,0,0,0,0,0x08017FC4
1777172341.424,1292304,2,5,MOTOR,255,BROADCAST,0,HEARTBEAT,48,HEARTBEAT,1,247,0,0,0,0,0x08017FC0
1777172341.543,1292442,2,5,MOTOR,255,BROADCAST,4,TELEMETRY,80,WHEEL_RPM_TELEM,1,0,0,0,0,0,0x08017FC4
1777172342.038,1292937,2,5,MOTOR,255,BROADCAST,4,TELEMETRY,80,WHEEL_RPM_TELEM,1,0,0,0,0,0,0x08017FC4
1777172342.397,1293295,2,5,MOTOR,255,BROADCAST,0,HEARTBEAT,48,HEARTBEAT,1,248,0,0,0,0,0x08017FC0
1777172342.559,1293432,2,5,MOTOR,255,BROADCAST,4,TELEMETRY,80,WHEEL_RPM_TELEM,1,0,0,0,0,0,0x08017FC4
1777172343.069,1293928,2,5,MOTOR,255,BROADCAST,4,TELEMETRY,80,WHEEL_RPM_TELEM,1,0,0,0,0,0,0x08017FC4
1777172343.387,1294286,2,5,MOTOR,255,BROADCAST,0,HEARTBEAT,48,HEARTBEAT,1,249,0,0,0,0,0x08017FC0
1777172343.525,1294424,2,5,MOTOR,255,BROADCAST,4,TELEMETRY,80,WHEEL_RPM_TELEM,1,0,0,0,0,0,0x08017FC4
1777172344.020,1294919,2,5,MOTOR,255,BROADCAST,4,TELEMETRY,80,WHEEL_RPM_TELEM,1,0,0,0,0,0,0x08017FC4
1777172344.390,1295276,2,5,MOTOR,255,BROADCAST,0,HEARTBEAT,48,HEARTBEAT,1,250,0,0,0,0,0x08017FC0
1777172344.516,1295414,2,5,MOTOR,255,BROADCAST,4,TELEMETRY,80,WHEEL_RPM_TELEM,1,0,0,0,0,0,0x08017FC4
1777172345.012,1295910,2,5,MOTOR,255,BROADCAST,4,TELEMETRY,80,WHEEL_RPM_TELEM,1,0,0,0,0,0,0x08017FC4
1777172345.369,1296267,2,5,MOTOR,255,BROADCAST,0,HEARTBEAT,48,HEARTBEAT,1,251,0,0,0,0,0x08017FC0
1777172345.512,1296406,2,5,MOTOR,255,BROADCAST,4,TELEMETRY,80,WHEEL_RPM_TELEM,1,0,0,0,0,0,0x08017FC4
1777172346.062,1296901,2,5,MOTOR,255,BROADCAST,4,TELEMETRY,80,WHEEL_RPM_TELEM,1,0,0,0,0,0,0x08017FC4
1777172346.359,1297258,2,5,MOTOR,255,BROADCAST,0,HEARTBEAT,48,HEARTBEAT,1,252,0,0,0,0,0x08017FC0
1777172346.497,1297396,2,5,MOTOR,255,BROADCAST,4,TELEMETRY,80,WHEEL_RPM_TELEM,1,0,0,0,0,0,0x08017FC4
1777172347.004,1297892,2,5,MOTOR,255,BROADCAST,4,TELEMETRY,80,WHEEL_RPM_TELEM,1,0,0,0,0,0,0x08017FC4
1777172347.370,1298249,2,5,MOTOR,255,BROADCAST,0,HEARTBEAT,48,HEARTBEAT,1,253,0,0,0,0,0x08017FC0
1777172347.489,1298388,2,5,MOTOR,255,BROADCAST,4,TELEMETRY,80,WHEEL_RPM_TELEM,1,0,0,0,0,0,0x08017FC4
1777172347.984,1298883,2,5,MOTOR,255,BROADCAST,4,TELEMETRY,80,WHEEL_RPM_TELEM,1,0,0,0,0,0,0x08017FC4
1777172348.341,1299239,2,5,MOTOR,255,BROADCAST,0,HEARTBEAT,48,HEARTBEAT,1,254,0,0,0,0,0x08017FC0
1777172348.489,1299378,2,5,MOTOR,255,BROADCAST,4,TELEMETRY,80,WHEEL_RPM_TELEM,1,0,0,0,0,0,0x08017FC4
1777172349.005,1299874,2,5,MOTOR,255,BROADCAST,4,TELEMETRY,80,WHEEL_RPM_TELEM,1,0,0,0,0,0,0x08017FC4
1777172349.332,1300230,2,5,MOTOR,255,BROADCAST,0,HEARTBEAT,48,HEARTBEAT,1,255,0,0,0,0,0x08017FC0
1777172349.472,1300370,2,5,MOTOR,255,BROADCAST,4,TELEMETRY,80,WHEEL_RPM_TELEM,1,0,0,0,0,0,0x08017FC4
1777172349.968,1300865,2,5,MOTOR,255,BROADCAST,4,TELEMETRY,80,WHEEL_RPM_TELEM,1,0,0,0,0,0,0x08017FC4
1777172350.370,1301221,2,5,MOTOR,255,BROADCAST,0,HEARTBEAT,48,HEARTBEAT,2,0,0,0,0,0,0x08017FC0
1777172350.467,1301360,2,5,MOTOR,255,BROADCAST,4,TELEMETRY,80,WHEEL_RPM_TELEM,1,0,0,0,0,0,0x08017FC4
1777172350.957,1301856,2,5,MOTOR,255,BROADCAST,4,TELEMETRY,80,WHEEL_RPM_TELEM,1,0,0,0,0,0,0x08017FC4
1777172351.313,1302212,2,5,MOTOR,255,BROADCAST,0,HEARTBEAT,48,HEARTBEAT,2,1,0,0,0,0,0x08017FC0
1777172351.455,1302352,2,5,MOTOR,255,BROADCAST,4,TELEMETRY,80,WHEEL_RPM_TELEM,1,0,0,0,0,0,0x08017FC4
1777172351.958,1302847,2,5,MOTOR,255,BROADCAST,4,TELEMETRY,80,WHEEL_RPM_TELEM,1,0,0,0,0,0,0x08017FC4
1777172352.303,1303202,2,5,MOTOR,255,BROADCAST,0,HEARTBEAT,48,HEARTBEAT,2,2,0,0,0,0,0x08017FC0
1777172352.486,1303342,2,5,MOTOR,255,BROADCAST,4,TELEMETRY,80,WHEEL_RPM_TELEM,1,0,0,0,0,0,0x08017FC4
1777172352.940,1303838,2,5,MOTOR,255,BROADCAST,4,TELEMETRY,80,WHEEL_RPM_TELEM,1,0,0,0,0,0,0x08017FC4
1777172353.310,1304193,2,5,MOTOR,255,BROADCAST,0,HEARTBEAT,48,HEARTBEAT,2,3,0,0,0,0,0x08017FC0
1777172353.436,1304334,2,5,MOTOR,255,BROADCAST,4,TELEMETRY,80,WHEEL_RPM_TELEM,1,0,0,0,0,0,0x08017FC4
1777172353.930,1304829,2,5,MOTOR,255,BROADCAST,4,TELEMETRY,80,WHEEL_RPM_TELEM,1,0,0,0,0,0,0x08017FC4
1777172354.315,1305184,2,5,MOTOR,255,BROADCAST,0,HEARTBEAT,48,HEARTBEAT,2,4,0,0,0,0,0x08017FC0
1777172354.435,1305324,2,5,MOTOR,255,BROADCAST,4,TELEMETRY,80,WHEEL_RPM_TELEM,1,0,0,0,0,0,0x08017FC4
1777172354.972,1305820,2,5,MOTOR,255,BROADCAST,4,TELEMETRY,80,WHEEL_RPM_TELEM,1,0,0,0,0,0,0x08017FC4
1777172355.350,1306174,2,5,MOTOR,255,BROADCAST,0,HEARTBEAT,48,HEARTBEAT,2,5,0,0,0,0,0x08017FC0
1777172355.456,1306316,2,5,MOTOR,255,BROADCAST,4,TELEMETRY,80,WHEEL_RPM_TELEM,1,0,0,0,0,0,0x08017FC4
1777172355.913,1306811,2,5,MOTOR,255,BROADCAST,4,TELEMETRY,80,WHEEL_RPM_TELEM,1,0,0,0,0,0,0x08017FC4
1777172356.287,1307165,2,5,MOTOR,255,BROADCAST,0,HEARTBEAT,48,HEARTBEAT,2,6,0,0,0,0,0x08017FC0
1777172356.407,1307306,2,5,MOTOR,255,BROADCAST,4,TELEMETRY,80,WHEEL_RPM_TELEM,1,0,0,0,0,0,0x08017FC4
1777172356.904,1307802,2,5,MOTOR,255,BROADCAST,4,TELEMETRY,80,WHEEL_RPM_TELEM,1,0,0,0,0,0,0x08017FC4
1777172357.327,1308156,2,5,MOTOR,255,BROADCAST,0,HEARTBEAT,48,HEARTBEAT,2,7,0,0,0,0,0x08017FC0
1777172357.399,1308298,2,5,MOTOR,255,BROADCAST,4,TELEMETRY,80,WHEEL_RPM_TELEM,1,0,0,0,0,0,0x08017FC4
1777172357.913,1308793,2,5,MOTOR,255,BROADCAST,4,TELEMETRY,80,WHEEL_RPM_TELEM,1,0,0,0,0,0,0x08017FC4
1777172358.248,1309147,2,5,MOTOR,255,BROADCAST,0,HEARTBEAT,48,HEARTBEAT,2,8,0,0,0,0,0x08017FC0
1777172358.427,1309288,2,5,MOTOR,255,BROADCAST,4,TELEMETRY,80,WHEEL_RPM_TELEM,1,0,0,0,0,0,0x08017FC4
1777172358.886,1309784,2,5,MOTOR,255,BROADCAST,4,TELEMETRY,80,WHEEL_RPM_TELEM,1,0,0,0,0,0,0x08017FC4
1777172359.245,1310137,2,5,MOTOR,255,BROADCAST,0,HEARTBEAT,48,HEARTBEAT,2,9,0,0,0,0,0x08017FC0
1777172359.382,1310280,2,5,MOTOR,255,BROADCAST,4,TELEMETRY,80,WHEEL_RPM_TELEM,1,0,0,0,0,0,0x08017FC4
1777172359.876,1310775,2,5,MOTOR,255,BROADCAST,4,TELEMETRY,80,WHEEL_RPM_TELEM,1,0,0,0,0,0,0x08017FC4
1777172360.270,1311128,2,5,MOTOR,255,BROADCAST,0,HEARTBEAT,48,HEARTBEAT,2,10,0,0,0,0,0x08017FC0
1777172360.381,1311270,2,5,MOTOR,255,BROADCAST,4,TELEMETRY,80,WHEEL_RPM_TELEM,1,0,0,0,0,0,0x08017FC4
1777172360.888,1311766,2,5,MOTOR,255,BROADCAST,4,TELEMETRY,80,WHEEL_RPM_TELEM,1,0,0,0,0,0,0x08017FC4
1777172361.220,1312119,2,5,MOTOR,255,BROADCAST,0,HEARTBEAT,48,HEARTBEAT,2,11,0,0,0,0,0x08017FC0
1777172361.398,1312262,2,5,MOTOR,255,BROADCAST,4,TELEMETRY,80,WHEEL_RPM_TELEM,1,0,0,0,0,0,0x08017FC4
1777172361.859,1312757,2,5,MOTOR,255,BROADCAST,4,TELEMETRY,80,WHEEL_RPM_TELEM,1,0,0,0,0,0,0x08017FC4
1777172362.236,1313109,2,5,MOTOR,255,BROADCAST,0,HEARTBEAT,48,HEARTBEAT,2,12,0,0,0,0,0x08017FC0
1777172362.356,1313252,2,5,MOTOR,255,BROADCAST,4,TELEMETRY,80,WHEEL_RPM_TELEM,1,0,0,0,0,0,0x08017FC4
1777172362.852,1313748,2,5,MOTOR,255,BROADCAST,4,TELEMETRY,80,WHEEL_RPM_TELEM,1,0,0,0,0,0,0x08017FC4
1777172363.244,1314100,2,5,MOTOR,255,BROADCAST,0,HEARTBEAT,48,HEARTBEAT,2,13,0,0,0,0,0x08017FC0
1777172363.346,1314244,2,5,MOTOR,255,BROADCAST,4,TELEMETRY,80,WHEEL_RPM_TELEM,1,0,0,0,0,0,0x08017FC4
1777172363.882,1314739,2,5,MOTOR,255,BROADCAST,4,TELEMETRY,80,WHEEL_RPM_TELEM,1,0,0,0,0,0,0x08017FC4
1777172364.193,1315091,2,5,MOTOR,255,BROADCAST,0,HEARTBEAT,48,HEARTBEAT,2,14,0,0,0,0,0x08017FC0
1777172364.372,1315234,2,5,MOTOR,255,BROADCAST,4,TELEMETRY,80,WHEEL_RPM_TELEM,1,0,0,0,0,0,0x08017FC4
1777172364.833,1315730,2,5,MOTOR,255,BROADCAST,4,TELEMETRY,80,WHEEL_RPM_TELEM,1,0,0,0,0,0,0x08017FC4
1777172365.192,1316081,2,5,MOTOR,255,BROADCAST,0,HEARTBEAT,48,HEARTBEAT,2,15,0,0,0,0,0x08017FC0
1777172365.328,1316226,2,5,MOTOR,255,BROADCAST,4,TELEMETRY,80,WHEEL_RPM_TELEM,1,0,0,0,0,0,0x08017FC4
1777172365.850,1316721,2,5,MOTOR,255,BROADCAST,4,TELEMETRY,80,WHEEL_RPM_TELEM,1,0,0,0,0,0,0x08017FC4
1777172366.209,1317072,2,5,MOTOR,255,BROADCAST,0,HEARTBEAT,48,HEARTBEAT,2,16,0,0,0,0,0x08017FC0
1777172366.318,1317216,2,5,MOTOR,255,BROADCAST,4,TELEMETRY,80,WHEEL_RPM_TELEM,1,0,0,0,0,0,0x08017FC4
1777172366.814,1317712,2,5,MOTOR,255,BROADCAST,4,TELEMETRY,80,WHEEL_RPM_TELEM,1,0,0,0,0,0,0x08017FC4
1777172367.166,1318063,2,5,MOTOR,255,BROADCAST,0,HEARTBEAT,48,HEARTBEAT,2,17,0,0,0,0,0x08017FC0
1777172367.330,1318208,2,5,MOTOR,255,BROADCAST,4,TELEMETRY,80,WHEEL_RPM_TELEM,1,0,0,0,0,0,0x08017FC4
1777172367.847,1318703,2,5,MOTOR,255,BROADCAST,4,TELEMETRY,80,WHEEL_RPM_TELEM,1,0,0,0,0,0,0x08017FC4
1777172368.157,1319053,2,5,MOTOR,255,BROADCAST,0,HEARTBEAT,48,HEARTBEAT,2,18,0,0,0,0,0x08017FC0
1777172368.300,1319198,2,5,MOTOR,255,BROADCAST,4,TELEMETRY,80,WHEEL_RPM_TELEM,1,0,0,0,0,0,0x08017FC4
1777172368.796,1319694,2,5,MOTOR,255,BROADCAST,4,TELEMETRY,80,WHEEL_RPM_TELEM,1,0,0,0,0,0,0x08017FC4
1777172369.180,1320044,2,5,MOTOR,255,BROADCAST,0,HEARTBEAT,48,HEARTBEAT,2,19,0,0,0,0,0x08017FC0
1777172369.292,1320190,2,5,MOTOR,255,BROADCAST,4,TELEMETRY,80,WHEEL_RPM_TELEM,1,0,0,0,0,0,0x08017FC4
1777172369.805,1320685,2,5,MOTOR,255,BROADCAST,4,TELEMETRY,80,WHEEL_RPM_TELEM,1,0,0,0,0,0,0x08017FC4
1777172370.146,1321035,2,5,MOTOR,255,BROADCAST,0,HEARTBEAT,48,HEARTBEAT,2,20,0,0,0,0,0x08017FC0
1777172370.309,1321180,2,5,MOTOR,255,BROADCAST,4,TELEMETRY,80,WHEEL_RPM_TELEM,1,0,0,0,0,0,0x08017FC4
1777172370.839,1321676,2,5,MOTOR,255,BROADCAST,4,TELEMETRY,80,WHEEL_RPM_TELEM,1,0,0,0,0,0,0x08017FC4
1777172371.133,1322026,2,5,MOTOR,255,BROADCAST,0,HEARTBEAT,48,HEARTBEAT,2,21,0,0,0,0,0x08017FC0
1777172371.273,1322172,2,5,MOTOR,255,BROADCAST,4,TELEMETRY,80,WHEEL_RPM_TELEM,1,0,0,0,0,0,0x08017FC4
1777172371.768,1322667,2,5,MOTOR,255,BROADCAST,4,TELEMETRY,80,WHEEL_RPM_TELEM,1,0,0,0,0,0,0x08017FC4
1777172372.152,1323016,2,5,MOTOR,255,BROADCAST,0,HEARTBEAT,48,HEARTBEAT,2,22,0,0,0,0,0x08017FC0
1777172372.263,1323162,2,5,MOTOR,255,BROADCAST,4,TELEMETRY,80,WHEEL_RPM_TELEM,1,0,0,0,0,0,0x08017FC4
1777172372.763,1323658,2,5,MOTOR,255,BROADCAST,4,TELEMETRY,80,WHEEL_RPM_TELEM,1,0,0,0,0,0,0x08017FC4
1777172373.109,1324007,2,5,MOTOR,255,BROADCAST,0,HEARTBEAT,48,HEARTBEAT,2,23,0,0,0,0,0x08017FC0
1777172373.282,1324154,2,5,MOTOR,255,BROADCAST,4,TELEMETRY,80,WHEEL_RPM_TELEM,1,0,0,0,0,0,0x08017FC4
1777172373.781,1324649,2,5,MOTOR,255,BROADCAST,4,TELEMETRY,80,WHEEL_RPM_TELEM,1,0,0,0,0,0,0x08017FC4
1777172374.113,1324998,2,5,MOTOR,255,BROADCAST,0,HEARTBEAT,48,HEARTBEAT,2,24,0,0,0,0,0x08017FC0
1777172374.246,1325144,2,5,MOTOR,255,BROADCAST,4,TELEMETRY,80,WHEEL_RPM_TELEM,1,0,0,0,0,0,0x08017FC4
1777172374.742,1325640,2,5,MOTOR,255,BROADCAST,4,TELEMETRY,80,WHEEL_RPM_TELEM,1,0,0,0,0,0,0x08017FC4
1777172375.114,1325989,2,5,MOTOR,255,BROADCAST,0,HEARTBEAT,48,HEARTBEAT,2,25,0,0,0,0,0x08017FC0
1777172375.238,1326136,2,5,MOTOR,255,BROADCAST,4,TELEMETRY,80,WHEEL_RPM_TELEM,1,0,0,0,0,0,0x08017FC4
1777172375.733,1326631,2,5,MOTOR,255,BROADCAST,4,TELEMETRY,80,WHEEL_RPM_TELEM,1,0,0,0,0,0,0x08017FC4
1777172376.081,1326979,2,5,MOTOR,255,BROADCAST,0,HEARTBEAT,48,HEARTBEAT,2,26,0,0,0,0,0x08017FC0
1777172376.240,1327126,2,5,MOTOR,255,BROADCAST,4,TELEMETRY,80,WHEEL_RPM_TELEM,1,0,0,0,0,0,0x08017FC4
1777172376.756,1327622,2,5,MOTOR,255,BROADCAST,4,TELEMETRY,80,WHEEL_RPM_TELEM,1,0,0,0,0,0,0x08017FC4
