rx_wall_time,timestamp_ms,priority,src,src_name,dst,dst_name,cls,cls_name,opcode,opcode_name,p2,p3,p4,p5,p6,p7,can_id_hex
1777170278.622,69869,4,8,SOLAR,255,BROADCAST,0,HEARTBEAT,1,PING,0,0,0,0,0,0,0x10023FC0
1777170279.640,70865,4,8,SOLAR,255,BROADCAST,0,HEARTBEAT,1,PING,0,0,0,0,0,0,0x10023FC0
1777170280.613,71860,4,8,SOLAR,255,BROADCAST,0,HEARTBEAT,1,PING,0,0,0,0,0,0,0x10023FC0
1777170281.611,72856,4,8,SOLAR,255,BROADCAST,0,HEARTBEAT,1,PING,0,0,0,0,0,0,0x10023FC0
1777170282.609,73852,4,8,SOLAR,255,BROADCAST,0,HEARTBEAT,1,PING,0,0,0,0,0,0,0x10023FC0
1777170282.609,73855,4,8,SOLAR,1,CDH,10,HEALTH,1,PING,50,0,21,24,21,0,0x1002004A
1777170283.632,74851,4,8,SOLAR,255,BROADCAST,0,HEARTBEAT,1,PING,0,0,0,0,0,0,0x10023FC0
1777170284.600,75847,4,8,SOLAR,255,BROADCAST,0,HEARTBEAT,1,PING,0,0,0,0,0,0,0x10023FC0
1777170285.596,76843,4,8,SOLAR,255,BROADCAST,0,HEARTBEAT,1,PING,0,0,0,0,0,0,0x10023FC0
1777170286.601,77839,4,8,SOLAR,255,BROADCAST,0,HEARTBEAT,1,PING,0,0,0,0,0,0,0x10023FC0
1777170287.627,78835,4,8,SOLAR,255,BROADCAST,0,HEARTBEAT,1,PING,0,0,0,0,0,0,0x10023FC0
1777170287.627,78837,4,8,SOLAR,1,CDH,10,HEALTH,1,PING,50,0,21,24,21,0,0x1002004A
1777170288.587,79833,4,8,SOLAR,255,BROADCAST,0,HEARTBEAT,1,PING,0,0,0,0,0,0,0x10023FC0
1777170289.583,80829,4,8,SOLAR,255,BROADCAST,0,HEARTBEAT,1,PING,0,0,0,0,0,0,0x10023FC0
1777170290.595,81825,4,8,SOLAR,255,BROADCAST,0,HEARTBEAT,1,PING,0,0,0,0,0,0,0x10023FC0
1777170291.574,82821,4,8,SOLAR,255,BROADCAST,0,HEARTBEAT,1,PING,0,0,0,0,0,0,0x10023FC0
1777170292.570,83817,4,8,SOLAR,255,BROADCAST,0,HEARTBEAT,1,PING,0,0,0,0,0,0,0x10023FC0
1777170292.573,83820,4,8,SOLAR,1,CDH,10,HEALTH,1,PING,50,0,21,24,21,0,0x1002004A
1777170293.578,84816,4,8,SOLAR,255,BROADCAST,0,HEARTBEAT,1,PING,0,0,0,0,0,0,0x10023FC0
1777170294.606,85812,4,8,SOLAR,255,BROADCAST,0,HEARTBEAT,1,PING,0,0,0,0,0,0,0x10023FC0
1777170295.561,86808,4,8,SOLAR,255,BROADCAST,0,HEARTBEAT,1,PING,0,0,0,0,0,0,0x10023FC0
1777170296.557,87804,4,8,SOLAR,255,BROADCAST,0,HEARTBEAT,1,PING,0,0,0,0,0,0,0x10023FC0
1777170297.560,88800,4,8,SOLAR,255,BROADCAST,0,HEARTBEAT,1,PING,0,0,0,0,0,0,0x10023FC0
1777170297.560,88802,4,8,SOLAR,1,CDH,10,HEALTH,1,PING,50,0,21,24,21,0,0x1002004A
1777170298.584,89799,4,8,SOLAR,255,BROADCAST,0,HEARTBEAT,1,PING,0,0,0,0,0,0,0x10023FC0
1777170299.549,90795,4,8,SOLAR,255,BROADCAST,0,HEARTBEAT,1,PING,0,0,0,0,0,0,0x10023FC0
1777170300.633,91791,4,8,SOLAR,255,BROADCAST,0,HEARTBEAT,1,PING,0,0,0,0,0,0,0x10023FC0
1777170301.550,92787,4,8,SOLAR,255,BROADCAST,0,HEARTBEAT,1,PING,0,0,0,0,0,0,0x10023FC0
1777170302.573,93782,4,8,SOLAR,255,BROADCAST,0,HEARTBEAT,1,PING,0,0,0,0,0,0,0x10023FC0
1777170302.573,93785,4,8,SOLAR,1,CDH,10,HEALTH,1,PING,50,0,21,24,21,0,0x1002004A
1777170303.535,94782,4,8,SOLAR,255,BROADCAST,0,HEARTBEAT,1,PING,0,0,0,0,0,0,0x10023FC0
1777170304.530,95777,4,8,SOLAR,255,BROADCAST,0,HEARTBEAT,1,PING,0,0,0,0,0,0,0x10023FC0
1777170305.546,96773,4,8,SOLAR,255,BROADCAST,0,HEARTBEAT,1,PING,0,0,0,0,0,0,0x10023FC0
1777170306.523,97769,4,8,SOLAR,255,BROADCAST,0,HEARTBEAT,1,PING,0,0,0,0,0,0,0x10023FC0
1777170307.518,98765,4,8,SOLAR,255,BROADCAST,0,HEARTBEAT,1,PING,0,0,0,0,0,0,0x10023FC0
1777170307.521,98768,4,8,SOLAR,1,CDH,10,HEALTH,1,PING,50,0,21,24,21,0,0x1002004A
1777170308.518,99764,4,8,SOLAR,255,BROADCAST,0,HEARTBEAT,1,PING,0,0,0,0,0,0,0x10023FC0
1777170309.534,100760,4,8,SOLAR,255,BROADCAST,0,HEARTBEAT,1,PING,0,0,0,0,0,0,0x10023FC0
1777170310.509,101756,4,8,SOLAR,255,BROADCAST,0,HEARTBEAT,1,PING,0,0,0,0,0,0,0x10023FC0
1777170311.506,102752,4,8,SOLAR,255,BROADCAST,0,HEARTBEAT,1,PING,0,0,0,0,0,0,0x10023FC0
1777170312.506,103748,4,8,SOLAR,255,BROADCAST,0,HEARTBEAT,1,PING,0,0,0,0,0,0,0x10023FC0
1777170312.506,103750,4,8,SOLAR,1,CDH,10,HEALTH,1,PING,50,0,21,24,21,0,0x1002004A
1777170313.532,104747,4,8,SOLAR,255,BROADCAST,0,HEARTBEAT,1,PING,0,0,0,0,0,0,0x10023FC0
1777170314.496,105742,4,8,SOLAR,255,BROADCAST,0,HEARTBEAT,1,PING,0,0,0,0,0,0,0x10023FC0
1777170315.492,106738,4,8,SOLAR,255,BROADCAST,0,HEARTBEAT,1,PING,0,0,0,0,0,0,0x10023FC0
1777170316.499,107734,4,8,SOLAR,255,BROADCAST,0,HEARTBEAT,1,PING,0,0,0,0,0,0,0x10023FC0
1777170317.484,108730,4,8,SOLAR,255,BROADCAST,0,HEARTBEAT,1,PING,0,0,0,0,0,0,0x10023FC0
1777170317.526,108733,4,8,SOLAR,1,CDH,10,HEALTH,1,PING,50,0,21,24,21,0,0x1002004A
1777170318.483,109729,4,8,SOLAR,255,BROADCAST,0,HEARTBEAT,1,PING,0,0,0,0,0,0,0x10023FC0
1777170319.479,110725,4,8,SOLAR,255,BROADCAST,0,HEARTBEAT,1,PING,0,0,0,0,0,0,0x10023FC0
1777170320.501,111721,4,8,SOLAR,255,BROADCAST,0,HEARTBEAT,1,PING,0,0,0,0,0,0,0x10023FC0
1777170321.471,112717,4,8,SOLAR,255,BROADCAST,0,HEARTBEAT,1,PING,0,0,0,0,0,0,0x10023FC0
1777170322.466,113713,4,8,SOLAR,255,BROADCAST,0,HEARTBEAT,1,PING,0,0,0,0,0,0,0x10023FC0
1777170322.470,113715,4,8,SOLAR,1,CDH,10,HEALTH,1,PING,50,0,21,24,21,0,0x1002004A
1777170323.469,114711,4,8,SOLAR,255,BROADCAST,0,HEARTBEAT,1,PING,0,0,0,0,0,0,0x10023FC0
1777170324.480,115707,4,8,SOLAR,255,BROADCAST,0,HEARTBEAT,1,PING,0,0,0,0,0,0,0x10023FC0
1777170325.457,116703,4,8,SOLAR,255,BROADCAST,0,HEARTBEAT,1,PING,0,0,0,0,0,0,0x10023FC0
1777170326.453,117699,4,8,SOLAR,255,BROADCAST,0,HEARTBEAT,1,PING,0,0,0,0,0,0,0x10023FC0
1777170327.464,118695,4,8,SOLAR,255,BROADCAST,0,HEARTBEAT,1,PING,0,0,0,0,0,0,0x10023FC0
1777170327.464,118698,4,8,SOLAR,1,CDH,10,HEALTH,1,PING,50,0,21,24,21,0,0x1002004A
1777170328.483,119694,4,8,SOLAR,255,BROADCAST,0,HEARTBEAT,1,PING,0,0,0,0,0,0,0x10023FC0
1777170329.443,120690,4,8,SOLAR,255,BROADCAST,0,HEARTBEAT,1,PING,0,0,0,0,0,0,0x10023FC0
1777170330.439,121686,4,8,SOLAR,255,BROADCAST,0,HEARTBEAT,1,PING,0,0,0,0,0,0,0x10023FC0
1777170331.458,122682,4,8,SOLAR,255,BROADCAST,0,HEARTBEAT,1,PING,0,0,0,0,0,0,0x10023FC0
1777170332.433,123677,4,8,SOLAR,255,BROADCAST,0,HEARTBEAT,1,PING,0,0,0,0,0,0,0x10023FC0
1777170332.474,123680,4,8,SOLAR,1,CDH,10,HEALTH,1,PING,50,0,21,24,21,0,0x1002004A
1777170333.430,124676,4,8,SOLAR,255,BROADCAST,0,HEARTBEAT,1,PING,0,0,0,0,0,0,0x10023FC0
1777170334.426,125672,4,8,SOLAR,255,BROADCAST,0,HEARTBEAT,1,PING,0,0,0,0,0,0,0x10023FC0
1777170335.444,126668,4,8,SOLAR,255,BROADCAST,0,HEARTBEAT,1,PING,0,0,0,0,0,0,0x10023FC0
1777170336.417,127664,4,8,SOLAR,255,BROADCAST,0,HEARTBEAT,1,PING,0,0,0,0,0,0,0x10023FC0
1777170337.413,128659,4,8,SOLAR,255,BROADCAST,0,HEARTBEAT,1,PING,0,0,0,0,0,0,0x10023FC0
1777170337.416,128662,4,8,SOLAR,1,CDH,10,HEALTH,1,PING,50,0,21,24,21,0,0x1002004A
1777170338.414,129658,4,8,SOLAR,255,BROADCAST,0,HEARTBEAT,1,PING,0,0,0,0,0,0,0x10023FC0
1777170339.444,130654,4,8,SOLAR,255,BROADCAST,0,HEARTBEAT,1,PING,0,0,0,0,0,0,0x10023FC0
1777170340.405,131650,4,8,SOLAR,255,BROADCAST,0,HEARTBEAT,1,PING,0,0,0,0,0,0,0x10023FC0
1777170341.400,132646,4,8,SOLAR,255,BROADCAST,0,HEARTBEAT,1,PING,0,0,0,0,0,0,0x10023FC0
1777170342.415,133642,4,8,SOLAR,255,BROADCAST,0,HEARTBEAT,1,PING,0,0,0,0,0,0,0x10023FC0
1777170342.415,133644,4,8,SOLAR,1,CDH,10,HEALTH,1,PING,50,0,21,24,21,0,0x1002004A
1777170343.467,134640,4,8,SOLAR,255,BROADCAST,0,HEARTBEAT,1,PING,0,0,0,0,0,0,0x10023FC0
1777170344.390,135636,4,8,SOLAR,255,BROADCAST,0,HEARTBEAT,1,PING,0,0,0,0,0,0,0x10023FC0
1777170345.386,136632,4,8,SOLAR,255,BROADCAST,0,HEARTBEAT,1,PING,0,0,0,0,0,0,0x10023FC0
1777170346.398,137628,4,8,SOLAR,255,BROADCAST,0,HEARTBEAT,1,PING,0,0,0,0,0,0,0x10023FC0
1777170347.378,138624,4,8,SOLAR,255,BROADCAST,0,HEARTBEAT,1,PING,0,0,0,0,0,0,0x10023FC0
1777170347.383,138627,4,8,SOLAR,1,CDH,10,HEALTH,1,PING,50,0,21,24,21,0,0x1002004A
1777170348.378,139623,4,8,SOLAR,255,BROADCAST,0,HEARTBEAT,1,PING,0,0,0,0,0,0,0x10023FC0
1777170349.377,140619,4,8,SOLAR,255,BROADCAST,0,HEARTBEAT,1,PING,0,0,0,0,0,0,0x10023FC0
1777170350.393,141615,4,8,SOLAR,255,BROADCAST,0,HEARTBEAT,1,PING,0,0,0,0,0,0,0x10023FC0
1777170351.365,142611,4,8,SOLAR,255,BROADCAST,0,HEARTBEAT,1,PING,0,0,0,0,0,0,0x10023FC0
1777170352.361,143607,4,8,SOLAR,255,BROADCAST,0,HEARTBEAT,1,PING,0,0,0,0,0,0,0x10023FC0
1777170352.364,143609,4,8,SOLAR,1,CDH,10,HEALTH,1,PING,50,0,21,24,21,0,0x1002004A
1777170353.360,144606,4,8,SOLAR,255,BROADCAST,0,HEARTBEAT,1,PING,0,0,0,0,0,0,0x10023FC0
1777170354.395,145602,4,8,SOLAR,255,BROADCAST,0,HEARTBEAT,1,PING,0,0,0,0,0,0,0x10023FC0
1777170355.351,146597,4,8,SOLAR,255,BROADCAST,0,HEARTBEAT,1,PING,0,0,0,0,0,0,0x10023FC0
1777170356.348,147593,4,8,SOLAR,255,BROADCAST,0,HEARTBEAT,1,PING,0,0,0,0,0,0,0x10023FC0
1777170357.368,148589,4,8,SOLAR,255,BROADCAST,0,HEARTBEAT,1,PING,0,0,0,0,0,0,0x10023FC0
1777170357.368,148592,4,8,SOLAR,1,CDH,10,HEALTH,1,PING,50,0,21,24,21,0,0x1002004A
1777170358.363,149588,4,8,SOLAR,255,BROADCAST,0,HEARTBEAT,1,PING,0,0,0,0,0,0,0x10023FC0
1777170359.338,150584,4,8,SOLAR,255,BROADCAST,0,HEARTBEAT,1,PING,0,0,0,0,0,0,0x10023FC0
1777170360.334,151580,4,8,SOLAR,255,BROADCAST,0,HEARTBEAT,1,PING,0,0,0,0,0,0,0x10023FC0
1777170361.359,152576,4,8,SOLAR,255,BROADCAST,0,HEARTBEAT,1,PING,0,0,0,0,0,0,0x10023FC0
1777170362.326,153572,4,8,SOLAR,255,BROADCAST,0,HEARTBEAT,1,PING,0,0,0,0,0,0,0x10023FC0
1777170362.329,153575,4,8,SOLAR,1,CDH,10,HEALTH,1,PING,50,0,21,24,21,0,0x1002004A
1777170363.325,154571,4,8,SOLAR,255,BROADCAST,0,HEARTBEAT,1,PING,0,0,0,0,0,0,0x10023FC0
1777170364.322,155567,4,8,SOLAR,255,BROADCAST,0,HEARTBEAT,1,PING,0,0,0,0,0,0,0x10023FC0
1777170365.352,156563,4,8,SOLAR,255,BROADCAST,0,HEARTBEAT,1,PING,0,0,0,0,0,0,0x10023FC0
1777170366.313,157559,4,8,SOLAR,255,BROADCAST,0,HEARTBEAT,1,PING,0,0,0,0,0,0,0x10023FC0
1777170367.309,158555,4,8,SOLAR,255,BROADCAST,0,HEARTBEAT,1,PING,0,0,0,0,0,0,0x10023FC0
1777170367.311,158557,4,8,SOLAR,1,CDH,10,HEALTH,1,PING,50,0,21,24,21,0,0x1002004A
1777170375.284,5182,4,8,SOLAR,255,BROADCAST,0,HEARTBEAT,1,PING,0,0,0,0,0,0,0x10023FC0
1777170376.302,6178,4,8,SOLAR,255,BROADCAST,0,HEARTBEAT,1,PING,0,0,0,0,0,0,0x10023FC0
1777170377.274,7174,4,8,SOLAR,255,BROADCAST,0,HEARTBEAT,1,PING,0,0,0,0,0,0,0x10023FC0
1777170377.278,7176,4,8,SOLAR,1,CDH,10,HEALTH,1,PING,50,0,21,24,21,0,0x1002004A
1777170378.273,8173,4,8,SOLAR,255,BROADCAST,0,HEARTBEAT,1,PING,0,0,0,0,0,0,0x10023FC0
1777170379.277,9168,4,8,SOLAR,255,BROADCAST,0,HEARTBEAT,1,PING,0,0,0,0,0,0,0x10023FC0
1777170380.302,10164,4,8,SOLAR,255,BROADCAST,0,HEARTBEAT,1,PING,0,0,0,0,0,0,0x10023FC0
1777170381.261,11160,4,8,SOLAR,255,BROADCAST,0,HEARTBEAT,1,PING,0,0,0,0,0,0,0x10023FC0
1777170382.257,12156,4,8,SOLAR,255,BROADCAST,0,HEARTBEAT,1,PING,0,0,0,0,0,0,0x10023FC0
1777170382.260,12158,4,8,SOLAR,1,CDH,10,HEALTH,1,PING,50,0,21,24,21,0,0x1002004A
1777170383.269,13154,4,8,SOLAR,255,BROADCAST,0,HEARTBEAT,1,PING,0,0,0,0,0,0,0x10023FC0
1777170384.252,14150,4,8,SOLAR,255,BROADCAST,0,HEARTBEAT,1,PING,0,0,0,0,0,0,0x10023FC0
1777170385.247,15146,4,8,SOLAR,255,BROADCAST,0,HEARTBEAT,1,PING,0,0,0,0,0,0,0x10023FC0
1777170386.243,16142,4,8,SOLAR,255,BROADCAST,0,HEARTBEAT,1,PING,0,0,0,0,0,0,0x10023FC0
1777170387.255,17138,4,8,SOLAR,255,BROADCAST,0,HEARTBEAT,1,PING,0,0,0,0,0,0,0x10023FC0
1777170387.255,17140,4,8,SOLAR,1,CDH,10,HEALTH,1,PING,50,0,21,24,21,0,0x1002004A
1777170388.238,18136,4,8,SOLAR,255,BROADCAST,0,HEARTBEAT,1,PING,0,0,0,0,0,0,0x10023FC0
1777170389.235,19132,4,8,SOLAR,255,BROADCAST,0,HEARTBEAT,1,PING,0,0,0,0,0,0,0x10023FC0
1777170390.229,20128,4,8,SOLAR,255,BROADCAST,0,HEARTBEAT,1,PING,0,0,0,0,0,0,0x10023FC0
1777170391.252,21124,4,8,SOLAR,255,BROADCAST,0,HEARTBEAT,1,PING,0,0,0,0,0,0,0x10023FC0
1777170392.221,22120,4,8,SOLAR,255,BROADCAST,0,HEARTBEAT,1,PING,0,0,0,0,0,0,0x10023FC0
1777170392.223,22123,4,8,SOLAR,1,CDH,10,HEALTH,1,PING,50,0,21,24,21,0,0x1002004A
1777170393.220,23119,4,8,SOLAR,255,BROADCAST,0,HEARTBEAT,1,PING,0,0,0,0,0,0,0x10023FC0
1777170394.217,24115,4,8,SOLAR,255,BROADCAST,0,HEARTBEAT,1,PING,0,0,0,0,0,0,0x10023FC0
1777170395.252,25111,4,8,SOLAR,255,BROADCAST,0,HEARTBEAT,1,PING,0,0,0,0,0,0,0x10023FC0
1777170396.208,26106,4,8,SOLAR,255,BROADCAST,0,HEARTBEAT,1,PING,0,0,0,0,0,0,0x10023FC0
1777170397.204,27102,4,8,SOLAR,255,BROADCAST,0,HEARTBEAT,1,PING,0,0,0,0,0,0,0x10023FC0
1777170397.206,27105,4,8,SOLAR,1,CDH,10,HEALTH,1,PING,50,0,21,24,21,0,0x1002004A
1777170398.217,28101,4,8,SOLAR,255,BROADCAST,0,HEARTBEAT,1,PING,0,0,0,0,0,0,0x10023FC0
1777170399.198,29097,4,8,SOLAR,255,BROADCAST,0,HEARTBEAT,1,PING,0,0,0,0,0,0,0x10023FC0
1777170400.195,30093,4,8,SOLAR,255,BROADCAST,0,HEARTBEAT,1,PING,0,0,0,0,0,0,0x10023FC0
1777170401.190,31089,4,8,SOLAR,255,BROADCAST,0,HEARTBEAT,1,PING,0,0,0,0,0,0,0x10023FC0
1777170402.211,32084,4,8,SOLAR,255,BROADCAST,0,HEARTBEAT,1,PING,0,0,0,0,0,0,0x10023FC0
1777170402.211,32087,4,8,SOLAR,1,CDH,10,HEALTH,1,PING,50,0,21,24,21,0,0x1002004A
1777170403.184,33083,4,8,SOLAR,255,BROADCAST,0,HEARTBEAT,1,PING,0,0,0,0,0,0,0x10023FC0
1777170404.181,34079,4,8,SOLAR,255,BROADCAST,0,HEARTBEAT,1,PING,0,0,0,0,0,0,0x10023FC0
1777170405.176,35075,4,8,SOLAR,255,BROADCAST,0,HEARTBEAT,1,PING,0,0,0,0,0,0,0x10023FC0
1777170406.204,36071,4,8,SOLAR,255,BROADCAST,0,HEARTBEAT,1,PING,0,0,0,0,0,0,0x10023FC0
1777170407.168,37066,4,8,SOLAR,255,BROADCAST,0,HEARTBEAT,1,PING,0,0,0,0,0,0,0x10023FC0
1777170407.170,37069,4,8,SOLAR,1,CDH,10,HEALTH,1,PING,50,0,21,24,21,0,0x1002004A
1777170408.167,38065,4,8,SOLAR,255,BROADCAST,0,HEARTBEAT,1,PING,0,0,0,0,0,0,0x10023FC0
1777170409.172,39061,4,8,SOLAR,255,BROADCAST,0,HEARTBEAT,1,PING,0,0,0,0,0,0,0x10023FC0
1777170410.159,40057,4,8,SOLAR,255,BROADCAST,0,HEARTBEAT,1,PING,0,0,0,0,0,0,0x10023FC0
1777170411.154,41053,4,8,SOLAR,255,BROADCAST,0,HEARTBEAT,1,PING,0,0,0,0,0,0,0x10023FC0
1777170412.150,42049,4,8,SOLAR,255,BROADCAST,0,HEARTBEAT,1,PING,0,0,0,0,0,0,0x10023FC0
1777170412.153,42051,4,8,SOLAR,1,CDH,10,HEALTH,1,PING,50,0,21,24,21,0,0x1002004A
1777170413.167,43048,4,8,SOLAR,255,BROADCAST,0,HEARTBEAT,1,PING,0,0,0,0,0,0,0x10023FC0
1777170414.145,44043,4,8,SOLAR,255,BROADCAST,0,HEARTBEAT,1,PING,0,0,0,0,0,0,0x10023FC0
1777170415.140,45039,4,8,SOLAR,255,BROADCAST,0,HEARTBEAT,1,PING,0,0,0,0,0,0,0x10023FC0
1777170416.137,46035,4,8,SOLAR,255,BROADCAST,0,HEARTBEAT,1,PING,0,0,0,0,0,0,0x10023FC0
1777170417.158,47031,4,8,SOLAR,255,BROADCAST,0,HEARTBEAT,1,PING,0,0,0,0,0,0,0x10023FC0
1777170417.158,47034,4,8,SOLAR,1,CDH,10,HEALTH,1,PING,50,0,21,24,21,0,0x1002004A
1777170418.131,48030,4,8,SOLAR,255,BROADCAST,0,HEARTBEAT,1,PING,0,0,0,0,0,0,0x10023FC0
1777170419.127,49026,4,8,SOLAR,255,BROADCAST,0,HEARTBEAT,1,PING,0,0,0,0,0,0,0x10023FC0
1777170420.130,50022,4,8,SOLAR,255,BROADCAST,0,HEARTBEAT,1,PING,0,0,0,0,0,0,0x10023FC0
1777170421.148,51018,4,8,SOLAR,255,BROADCAST,0,HEARTBEAT,1,PING,0,0,0,0,0,0,0x10023FC0
1777170422.116,52014,4,8,SOLAR,255,BROADCAST,0,HEARTBEAT,1,PING,0,0,0,0,0,0,0x10023FC0
1777170422.118,52016,4,8,SOLAR,1,CDH,10,HEALTH,1,PING,50,0,21,24,21,0,0x1002004A
1777170423.114,53013,4,8,SOLAR,255,BROADCAST,0,HEARTBEAT,1,PING,0,0,0,0,0,0,0x10023FC0
1777170424.125,54009,4,8,SOLAR,255,BROADCAST,0,HEARTBEAT,1,PING,0,0,0,0,0,0,0x10023FC0
1777170425.106,55005,4,8,SOLAR,255,BROADCAST,0,HEARTBEAT,1,PING,0,0,0,0,0,0,0x10023FC0
1777170426.102,56000,4,8,SOLAR,255,BROADCAST,0,HEARTBEAT,1,PING,0,0,0,0,0,0,0x10023FC0
1777170427.098,56996,4,8,SOLAR,255,BROADCAST,0,HEARTBEAT,1,PING,0,0,0,0,0,0,0x10023FC0
1777170427.101,56999,4,8,SOLAR,1,CDH,10,HEALTH,1,PING,50,0,21,24,21,0,0x1002004A
1777170428.114,57995,4,8,SOLAR,255,BROADCAST,0,HEARTBEAT,1,PING,0,0,0,0,0,0,0x10023FC0
1777170429.093,58991,4,8,SOLAR,255,BROADCAST,0,HEARTBEAT,1,PING,0,0,0,0,0,0,0x10023FC0
1777170430.089,59987,4,8,SOLAR,255,BROADCAST,0,HEARTBEAT,1,PING,0,0,0,0,0,0,0x10023FC0
1777170431.088,60983,4,8,SOLAR,255,BROADCAST,0,HEARTBEAT,1,PING,0,0,0,0,0,0,0x10023FC0
1777170432.109,61979,4,8,SOLAR,255,BROADCAST,0,HEARTBEAT,1,PING,0,0,0,0,0,0,0x10023FC0
1777170432.109,61982,4,8,SOLAR,1,CDH,10,HEALTH,1,PING,50,0,21,24,21,0,0x1002004A
1777170433.080,62978,4,8,SOLAR,255,BROADCAST,0,HEARTBEAT,1,PING,0,0,0,0,0,0,0x10023FC0
1777170434.075,63973,4,8,SOLAR,255,BROADCAST,0,HEARTBEAT,1,PING,0,0,0,0,0,0,0x10023FC0
1777170435.077,64969,4,8,SOLAR,255,BROADCAST,0,HEARTBEAT,1,PING,0,0,0,0,0,0,0x10023FC0
1777170436.095,65965,4,8,SOLAR,255,BROADCAST,0,HEARTBEAT,1,PING,0,0,0,0,0,0,0x10023FC0
1777170437.063,66961,4,8,SOLAR,255,BROADCAST,0,HEARTBEAT,1,PING,0,0,0,0,0,0,0x10023FC0
1777170437.065,66963,4,8,SOLAR,1,CDH,10,HEALTH,1,PING,50,0,21,24,21,0,0x1002004A
1777170438.061,67960,4,8,SOLAR,255,BROADCAST,0,HEARTBEAT,1,PING,0,0,0,0,0,0,0x10023FC0
1777170439.076,68955,4,8,SOLAR,255,BROADCAST,0,HEARTBEAT,1,PING,0,0,0,0,0,0,0x10023FC0
1777170440.053,69951,4,8,SOLAR,255,BROADCAST,0,HEARTBEAT,1,PING,0,0,0,0,0,0,0x10023FC0
1777170441.046,70947,4,8,SOLAR,255,BROADCAST,0,HEARTBEAT,1,PING,0,0,0,0,0,0,0x10023FC0
1777170442.045,71943,4,8,SOLAR,255,BROADCAST,0,HEARTBEAT,1,PING,0,0,0,0,0,0,0x10023FC0
1777170442.047,71946,4,8,SOLAR,1,CDH,10,HEALTH,1,PING,50,0,21,24,21,0,0x1002004A
1777170443.061,72942,4,8,SOLAR,255,BROADCAST,0,HEARTBEAT,1,PING,0,0,0,0,0,0,0x10023FC0
1777170444.039,73938,4,8,SOLAR,255,BROADCAST,0,HEARTBEAT,1,PING,0,0,0,0,0,0,0x10023FC0
1777170445.035,74933,4,8,SOLAR,255,BROADCAST,0,HEARTBEAT,1,PING,0,0,0,0,0,0,0x10023FC0
1777170446.032,75929,4,8,SOLAR,255,BROADCAST,0,HEARTBEAT,1,PING,0,0,0,0,0,0,0x10023FC0
1777170447.065,76925,4,8,SOLAR,255,BROADCAST,0,HEARTBEAT,1,PING,0,0,0,0,0,0,0x10023FC0
1777170447.065,76928,4,8,SOLAR,1,CDH,10,HEALTH,1,PING,50,0,21,24,21,0,0x1002004A
1777170448.026,77924,4,8,SOLAR,255,BROADCAST,0,HEARTBEAT,1,PING,0,0,0,0,0,0,0x10023FC0
1777170449.022,78920,4,8,SOLAR,255,BROADCAST,0,HEARTBEAT,1,PING,0,0,0,0,0,0,0x10023FC0
1777170450.032,79916,4,8,SOLAR,255,BROADCAST,0,HEARTBEAT,1,PING,0,0,0,0,0,0,0x10023FC0
1777170451.014,80911,4,8,SOLAR,255,BROADCAST,0,HEARTBEAT,1,PING,0,0,0,0,0,0,0x10023FC0
1777170452.010,81907,4,8,SOLAR,255,BROADCAST,0,HEARTBEAT,1,PING,0,0,0,0,0,0,0x10023FC0
1777170452.014,81910,4,8,SOLAR,1,CDH,10,HEALTH,1,PING,50,0,21,24,21,0,0x1002004A
1777170453.009,82906,4,8,SOLAR,255,BROADCAST,0,HEARTBEAT,1,PING,0,0,0,0,0,0,0x10023FC0
1777170454.017,83902,4,8,SOLAR,255,BROADCAST,0,HEARTBEAT,1,PING,0,0,0,0,0,0,0x10023FC0
1777170455.000,84898,4,8,SOLAR,255,BROADCAST,0,HEARTBEAT,1,PING,0,0,0,0,0,0,0x10023FC0
1777170455.995,85894,4,8,SOLAR,255,BROADCAST,0,HEARTBEAT,1,PING,0,0,0,0,0,0,0x10023FC0
1777170456.998,86889,4,8,SOLAR,255,BROADCAST,0,HEARTBEAT,1,PING,0,0,0,0,0,0,0x10023FC0
1777170456.998,86892,4,8,SOLAR,1,CDH,10,HEALTH,1,PING,50,0,21,24,21,0,0x1002004A
1777170458.019,87888,4,8,SOLAR,255,BROADCAST,0,HEARTBEAT,1,PING,0,0,0,0,0,0,0x10023FC0
1777170458.986,88884,4,8,SOLAR,255,BROADCAST,0,HEARTBEAT,1,PING,0,0,0,0,0,0,0x10023FC0
1777170459.982,89880,4,8,SOLAR,255,BROADCAST,0,HEARTBEAT,1,PING,0,0,0,0,0,0,0x10023FC0
1777170460.989,90876,4,8,SOLAR,255,BROADCAST,0,HEARTBEAT,1,PING,0,0,0,0,0,0,0x10023FC0
1777170461.975,91871,4,8,SOLAR,255,BROADCAST,0,HEARTBEAT,1,PING,0,0,0,0,0,0,0x10023FC0
1777170462.013,91874,4,8,SOLAR,1,CDH,10,HEALTH,1,PING,50,0,21,24,21,0,0x1002004A
1777170462.972,92870,4,8,SOLAR,255,BROADCAST,0,HEARTBEAT,1,PING,0,0,0,0,0,0,0x10023FC0
1777170463.968,93866,4,8,SOLAR,255,BROADCAST,0,HEARTBEAT,1,PING,0,0,0,0,0,0,0x10023FC0
1777170464.981,94862,4,8,SOLAR,255,BROADCAST,0,HEARTBEAT,1,PING,0,0,0,0,0,0,0x10023FC0
1777170465.960,95858,4,8,SOLAR,255,BROADCAST,0,HEARTBEAT,1,PING,0,0,0,0,0,0,0x10023FC0
1777170466.959,96854,4,8,SOLAR,255,BROADCAST,0,HEARTBEAT,1,PING,0,0,0,0,0,0,0x10023FC0
1777170466.959,96857,4,8,SOLAR,1,CDH,10,HEALTH,1,PING,50,0,21,24,21,0,0x1002004A
1777170467.956,97853,4,8,SOLAR,255,BROADCAST,0,HEARTBEAT,1,PING,0,0,0,0,0,0,0x10023FC0
1777170468.978,98849,4,8,SOLAR,255,BROADCAST,0,HEARTBEAT,1,PING,0,0,0,0,0,0,0x10023FC0
1777170469.947,99845,4,8,SOLAR,255,BROADCAST,0,HEARTBEAT,1,PING,0,0,0,0,0,0,0x10023FC0
1777170470.943,100841,4,8,SOLAR,255,BROADCAST,0,HEARTBEAT,1,PING,0,0,0,0,0,0,0x10023FC0
1777170471.946,101837,4,8,SOLAR,255,BROADCAST,0,HEARTBEAT,1,PING,0,0,0,0,0,0,0x10023FC0
1777170471.946,101839,4,8,SOLAR,1,CDH,10,HEALTH,1,PING,50,0,21,24,21,0,0x1002004A
1777170472.970,102836,4,8,SOLAR,255,BROADCAST,0,HEARTBEAT,1,PING,0,0,0,0,0,0,0x10023FC0
1777170473.934,103831,4,8,SOLAR,255,BROADCAST,0,HEARTBEAT,1,PING,0,0,0,0,0,0,0x10023FC0
1777170474.930,104827,4,8,SOLAR,255,BROADCAST,0,HEARTBEAT,1,PING,0,0,0,0,0,0,0x10023FC0
1777170475.928,105823,4,8,SOLAR,255,BROADCAST,0,HEARTBEAT,1,PING,0,0,0,0,0,0,0x10023FC0
1777170476.922,106819,4,8,SOLAR,255,BROADCAST,0,HEARTBEAT,1,PING,0,0,0,0,0,0,0x10023FC0
1777170476.924,106822,4,8,SOLAR,1,CDH,10,HEALTH,1,PING,50,0,21,24,21,0,0x1002004A
1777170477.921,107818,4,8,SOLAR,255,BROADCAST,0,HEARTBEAT,1,PING,0,0,0,0,0,0,0x10023FC0
1777170478.916,108814,4,8,SOLAR,255,BROADCAST,0,HEARTBEAT,1,PING,0,0,0,0,0,0,0x10023FC0
1777170479.935,109810,4,8,SOLAR,255,BROADCAST,0,HEARTBEAT,1,PING,0,0,0,0,0,0,0x10023FC0
1777170480.908,110806,4,8,SOLAR,255,BROADCAST,0,HEARTBEAT,1,PING,0,0,0,0,0,0,0x10023FC0
1777170481.907,111802,4,8,SOLAR,255,BROADCAST,0,HEARTBEAT,1,PING,0,0,0,0,0,0,0x10023FC0
1777170481.907,111805,4,8,SOLAR,1,CDH,10,HEALTH,1,PING,50,0,21,24,21,0,0x1002004A
1777170482.905,112801,4,8,SOLAR,255,BROADCAST,0,HEARTBEAT,1,PING,0,0,0,0,0,0,0x10023FC0
1777170483.929,113797,4,8,SOLAR,255,BROADCAST,0,HEARTBEAT,1,PING,0,0,0,0,0,0,0x10023FC0
1777170484.896,114793,4,8,SOLAR,255,BROADCAST,0,HEARTBEAT,1,PING,0,0,0,0,0,0,0x10023FC0
1777170485.891,115789,4,8,SOLAR,255,BROADCAST,0,HEARTBEAT,1,PING,0,0,0,0,0,0,0x10023FC0
1777170486.897,116785,4,8,SOLAR,255,BROADCAST,0,HEARTBEAT,1,PING,0,0,0,0,0,0,0x10023FC0
1777170486.897,116787,4,8,SOLAR,1,CDH,10,HEALTH,1,PING,50,0,21,24,21,0,0x1002004A
1777170487.923,117784,4,8,SOLAR,255,BROADCAST,0,HEARTBEAT,1,PING,0,0,0,0,0,0,0x10023FC0
1777170488.882,118780,4,8,SOLAR,255,BROADCAST,0,HEARTBEAT,1,PING,0,0,0,0,0,0,0x10023FC0
1777170489.878,119775,4,8,SOLAR,255,BROADCAST,0,HEARTBEAT,1,PING,0,0,0,0,0,0,0x10023FC0
1777170490.880,120771,4,8,SOLAR,255,BROADCAST,0,HEARTBEAT,1,PING,0,0,0,0,0,0,0x10023FC0
1777170491.863,121768,4,8,SOLAR,255,BROADCAST,0,HEARTBEAT,1,PING,0,0,0,0,0,0,0x10023FC0
1777170491.863,121770,4,8,SOLAR,1,CDH,10,HEALTH,1,PING,50,0,21,24,21,0,0x1002004A
1777170492.869,122767,4,8,SOLAR,255,BROADCAST,0,HEARTBEAT,1,PING,0,0,0,0,0,0,0x10023FC0
1777170493.865,123762,4,8,SOLAR,255,BROADCAST,0,HEARTBEAT,1,PING,0,0,0,0,0,0,0x10023FC0
1777170494.887,124758,4,8,SOLAR,255,BROADCAST,0,HEARTBEAT,1,PING,0,0,0,0,0,0,0x10023FC0
1777170495.857,125754,4,8,SOLAR,255,BROADCAST,0,HEARTBEAT,1,PING,0,0,0,0,0,0,0x10023FC0
1777170496.853,126750,4,8,SOLAR,255,BROADCAST,0,HEARTBEAT,1,PING,0,0,0,0,0,0,0x10023FC0
1777170496.856,126753,4,8,SOLAR,1,CDH,10,HEALTH,1,PING,50,0,21,24,21,0,0x1002004A
1777170497.854,127749,4,8,SOLAR,255,BROADCAST,0,HEARTBEAT,1,PING,0,0,0,0,0,0,0x10023FC0
1777170498.875,128745,4,8,SOLAR,255,BROADCAST,0,HEARTBEAT,1,PING,0,0,0,0,0,0,0x10023FC0
1777170499.844,129741,4,8,SOLAR,255,BROADCAST,0,HEARTBEAT,1,PING,0,0,0,0,0,0,0x10023FC0
1777170500.840,130737,4,8,SOLAR,255,BROADCAST,0,HEARTBEAT,1,PING,0,0,0,0,0,0,0x10023FC0
1777170501.839,131733,4,8,SOLAR,255,BROADCAST,0,HEARTBEAT,1,PING,0,0,0,0,0,0,0x10023FC0
1777170501.839,131736,4,8,SOLAR,1,CDH,10,HEALTH,1,PING,50,0,21,24,21,0,0x1002004A
1777170502.870,132732,4,8,SOLAR,255,BROADCAST,0,HEARTBEAT,1,PING,0,0,0,0,0,0,0x10023FC0
1777170503.832,133728,4,8,SOLAR,255,BROADCAST,0,HEARTBEAT,1,PING,0,0,0,0,0,0,0x10023FC0
1777170504.826,134724,4,8,SOLAR,255,BROADCAST,0,HEARTBEAT,1,PING,0,0,0,0,0,0,0x10023FC0
1777170505.830,135720,4,8,SOLAR,255,BROADCAST,0,HEARTBEAT,1,PING,0,0,0,0,0,0,0x10023FC0
1777170506.819,136716,4,8,SOLAR,255,BROADCAST,0,HEARTBEAT,1,PING,0,0,0,0,0,0,0x10023FC0
1777170506.821,136718,4,8,SOLAR,1,CDH,10,HEALTH,1,PING,50,0,21,24,21,0,0x1002004A
1777170507.817,137714,4,8,SOLAR,255,BROADCAST,0,HEARTBEAT,1,PING,0,0,0,0,0,0,0x10023FC0
1777170508.813,138710,4,8,SOLAR,255,BROADCAST,0,HEARTBEAT,1,PING,0,0,0,0,0,0,0x10023FC0
1777170509.837,139706,4,8,SOLAR,255,BROADCAST,0,HEARTBEAT,1,PING,0,0,0,0,0,0,0x10023FC0
1777170510.805,140702,4,8,SOLAR,255,BROADCAST,0,HEARTBEAT,1,PING,0,0,0,0,0,0,0x10023FC0
1777170511.801,141698,4,8,SOLAR,255,BROADCAST,0,HEARTBEAT,1,PING,0,0,0,0,0,0,0x10023FC0
1777170511.803,141701,4,8,SOLAR,1,CDH,10,HEALTH,1,PING,50,0,21,24,21,0,0x1002004A
1777170512.802,142697,4,8,SOLAR,255,BROADCAST,0,HEARTBEAT,1,PING,0,0,0,0,0,0,0x10023FC0
1777170513.823,143693,4,8,SOLAR,255,BROADCAST,0,HEARTBEAT,1,PING,0,0,0,0,0,0,0x10023FC0
1777170514.792,144689,4,8,SOLAR,255,BROADCAST,0,HEARTBEAT,1,PING,0,0,0,0,0,0,0x10023FC0
1777170515.788,145685,4,8,SOLAR,255,BROADCAST,0,HEARTBEAT,1,PING,0,0,0,0,0,0,0x10023FC0
1777170516.799,146681,4,8,SOLAR,255,BROADCAST,0,HEARTBEAT,1,PING,0,0,0,0,0,0,0x10023FC0
1777170516.799,146683,4,8,SOLAR,1,CDH,10,HEALTH,1,PING,50,0,21,24,21,0,0x1002004A
1777170517.811,147679,4,8,SOLAR,255,BROADCAST,0,HEARTBEAT,1,PING,0,0,0,0,0,0,0x10023FC0
1777170518.780,148675,4,8,SOLAR,255,BROADCAST,0,HEARTBEAT,1,PING,0,0,0,0,0,0,0x10023FC0
1777170519.774,149671,4,8,SOLAR,255,BROADCAST,0,HEARTBEAT,1,PING,0,0,0,0,0,0,0x10023FC0
1777170520.787,150667,4,8,SOLAR,255,BROADCAST,0,HEARTBEAT,1,PING,0,0,0,0,0,0,0x10023FC0
1777170521.767,151663,4,8,SOLAR,255,BROADCAST,0,HEARTBEAT,1,PING,0,0,0,0,0,0,0x10023FC0
1777170521.769,151666,4,8,SOLAR,1,CDH,10,HEALTH,1,PING,50,0,21,24,21,0,0x1002004A
1777170522.765,152662,4,8,SOLAR,255,BROADCAST,0,HEARTBEAT,1,PING,0,0,0,0,0,0,0x10023FC0
1777170523.763,153658,4,8,SOLAR,255,BROADCAST,0,HEARTBEAT,1,PING,0,0,0,0,0,0,0x10023FC0
1777170524.782,154654,4,8,SOLAR,255,BROADCAST,0,HEARTBEAT,1,PING,0,0,0,0,0,0,0x10023FC0
1777170525.753,155650,4,8,SOLAR,255,BROADCAST,0,HEARTBEAT,1,PING,0,0,0,0,0,0,0x10023FC0
1777170526.748,156645,4,8,SOLAR,255,BROADCAST,0,HEARTBEAT,1,PING,0,0,0,0,0,0,0x10023FC0
1777170526.751,156648,4,8,SOLAR,1,CDH,10,HEALTH,1,PING,50,0,21,24,21,0,0x1002004A
1777170527.758,157644,4,8,SOLAR,255,BROADCAST,0,HEARTBEAT,1,PING,0,0,0,0,0,0,0x10023FC0
1777170528.773,158640,4,8,SOLAR,255,BROADCAST,0,HEARTBEAT,1,PING,0,0,0,0,0,0,0x10023FC0
1777170529.740,159636,4,8,SOLAR,255,BROADCAST,0,HEARTBEAT,1,PING,0,0,0,0,0,0,0x10023FC0
1777170530.735,160632,4,8,SOLAR,255,BROADCAST,0,HEARTBEAT,1,PING,0,0,0,0,0,0,0x10023FC0
1777170531.746,161628,4,8,SOLAR,255,BROADCAST,0,HEARTBEAT,1,PING,0,0,0,0,0,0,0x10023FC0
1777170531.746,161631,4,8,SOLAR,1,CDH,10,HEALTH,1,PING,50,0,21,24,21,0,0x1002004A
1777170532.730,162627,4,8,SOLAR,255,BROADCAST,0,HEARTBEAT,1,PING,0,0,0,0,0,0,0x10023FC0
1777170533.727,163623,4,8,SOLAR,255,BROADCAST,0,HEARTBEAT,1,PING,0,0,0,0,0,0,0x10023FC0
1777170534.724,164619,4,8,SOLAR,255,BROADCAST,0,HEARTBEAT,1,PING,0,0,0,0,0,0,0x10023FC0
1777170535.733,165615,4,8,SOLAR,255,BROADCAST,0,HEARTBEAT,1,PING,0,0,0,0,0,0,0x10023FC0
1777170536.714,166611,4,8,SOLAR,255,BROADCAST,0,HEARTBEAT,1,PING,0,0,0,0,0,0,0x10023FC0
1777170536.717,166613,4,8,SOLAR,1,CDH,10,HEALTH,1,PING,50,0,21,24,21,0,0x1002004A
1777170537.713,167609,4,8,SOLAR,255,BROADCAST,0,HEARTBEAT,1,PING,0,0,0,0,0,0,0x10023FC0
1777170538.710,168605,4,8,SOLAR,255,BROADCAST,0,HEARTBEAT,1,PING,0,0,0,0,0,0,0x10023FC0
1777170539.739,169601,4,8,SOLAR,255,BROADCAST,0,HEARTBEAT,1,PING,0,0,0,0,0,0,0x10023FC0
1777170540.701,170597,4,8,SOLAR,255,BROADCAST,0,HEARTBEAT,1,PING,0,0,0,0,0,0,0x10023FC0
1777170541.696,171593,4,8,SOLAR,255,BROADCAST,0,HEARTBEAT,1,PING,0,0,0,0,0,0,0x10023FC0
1777170541.700,171596,4,8,SOLAR,1,CDH,10,HEALTH,1,PING,50,0,21,24,21,0,0x1002004A
1777170542.708,172592,4,8,SOLAR,255,BROADCAST,0,HEARTBEAT,1,PING,0,0,0,0,0,0,0x10023FC0
1777170543.721,173588,4,8,SOLAR,255,BROADCAST,0,HEARTBEAT,1,PING,0,0,0,0,0,0,0x10023FC0
1777170544.687,174584,4,8,SOLAR,255,BROADCAST,0,HEARTBEAT,1,PING,0,0,0,0,0,0,0x10023FC0
1777170545.683,175580,4,8,SOLAR,255,BROADCAST,0,HEARTBEAT,1,PING,0,0,0,0,0,0,0x10023FC0
1777170546.702,176576,4,8,SOLAR,255,BROADCAST,0,HEARTBEAT,1,PING,0,0,0,0,0,0,0x10023FC0
1777170546.702,176578,4,8,SOLAR,1,CDH,10,HEALTH,1,PING,50,0,21,24,21,0,0x1002004A
1777170547.678,177574,4,8,SOLAR,255,BROADCAST,0,HEARTBEAT,1,PING,0,0,0,0,0,0,0x10023FC0
1777170548.674,178570,4,8,SOLAR,255,BROADCAST,0,HEARTBEAT,1,PING,0,0,0,0,0,0,0x10023FC0
1777170549.671,179566,4,8,SOLAR,255,BROADCAST,0,HEARTBEAT,1,PING,0,0,0,0,0,0,0x10023FC0
1777170550.689,180562,4,8,SOLAR,255,BROADCAST,0,HEARTBEAT,1,PING,0,0,0,0,0,0,0x10023FC0
1777170551.662,181558,4,8,SOLAR,255,BROADCAST,0,HEARTBEAT,1,PING,0,0,0,0,0,0,0x10023FC0
1777170551.664,181561,4,8,SOLAR,1,CDH,10,HEALTH,1,PING,50,0,21,24,21,0,0x1002004A
1777170552.661,182557,4,8,SOLAR,255,BROADCAST,0,HEARTBEAT,1,PING,0,0,0,0,0,0,0x10023FC0
1777170553.657,183553,4,8,SOLAR,255,BROADCAST,0,HEARTBEAT,1,PING,0,0,0,0,0,0,0x10023FC0
1777170554.685,184549,4,8,SOLAR,255,BROADCAST,0,HEARTBEAT,1,PING,0,0,0,0,0,0,0x10023FC0
1777170555.649,185545,4,8,SOLAR,255,BROADCAST,0,HEARTBEAT,1,PING,0,0,0,0,0,0,0x10023FC0
1777170556.644,186540,4,8,SOLAR,255,BROADCAST,0,HEARTBEAT,1,PING,0,0,0,0,0,0,0x10023FC0
1777170556.647,186543,4,8,SOLAR,1,CDH,10,HEALTH,1,PING,50,0,21,24,21,0,0x1002004A
1777170557.648,187539,4,8,SOLAR,255,BROADCAST,0,HEARTBEAT,1,PING,0,0,0,0,0,0,0x10023FC0
1777170558.639,188535,4,8,SOLAR,255,BROADCAST,0,HEARTBEAT,1,PING,0,0,0,0,0,0,0x10023FC0
1777170559.635,189531,4,8,SOLAR,255,BROADCAST,0,HEARTBEAT,1,PING,0,0,0,0,0,0,0x10023FC0
1777170560.631,190527,4,8,SOLAR,255,BROADCAST,0,HEARTBEAT,1,PING,0,0,0,0,0,0,0x10023FC0
1777170561.653,191523,4,8,SOLAR,255,BROADCAST,0,HEARTBEAT,1,PING,0,0,0,0,0,0,0x10023FC0
1777170561.653,191526,4,8,SOLAR,1,CDH,10,HEALTH,1,PING,50,0,21,24,21,0,0x1002004A
1777170562.626,192522,4,8,SOLAR,255,BROADCAST,0,HEARTBEAT,1,PING,0,0,0,0,0,0,0x10023FC0
1777170563.623,193518,4,8,SOLAR,255,BROADCAST,0,HEARTBEAT,1,PING,0,0,0,0,0,0,0x10023FC0
1777170564.618,194514,4,8,SOLAR,255,BROADCAST,0,HEARTBEAT,1,PING,0,0,0,0,0,0,0x10023FC0
1777170565.645,195510,4,8,SOLAR,255,BROADCAST,0,HEARTBEAT,1,PING,0,0,0,0,0,0,0x10023FC0
1777170566.610,196506,4,8,SOLAR,255,BROADCAST,0,HEARTBEAT,1,PING,0,0,0,0,0,0,0x10023FC0
1777170566.612,196509,4,8,SOLAR,1,CDH,10,HEALTH,1,PING,50,0,21,24,21,0,0x1002004A
1777170567.609,197505,4,8,SOLAR,255,BROADCAST,0,HEARTBEAT,1,PING,0,0,0,0,0,0,0x10023FC0
1777170568.616,198501,4,8,SOLAR,255,BROADCAST,0,HEARTBEAT,1,PING,0,0,0,0,0,0,0x10023FC0
1777170569.637,199497,4,8,SOLAR,255,BROADCAST,0,HEARTBEAT,1,PING,0,0,0,0,0,0,0x10023FC0
1777170570.597,200492,4,8,SOLAR,255,BROADCAST,0,HEARTBEAT,1,PING,0,0,0,0,0,0,0x10023FC0
1777170571.592,201488,4,8,SOLAR,255,BROADCAST,0,HEARTBEAT,1,PING,0,0,0,0,0,0,0x10023FC0
1777170571.595,201491,4,8,SOLAR,1,CDH,10,HEALTH,1,PING,50,0,21,24,21,0,0x1002004A
1777170572.620,202487,4,8,SOLAR,255,BROADCAST,0,HEARTBEAT,1,PING,0,0,0,0,0,0,0x10023FC0
1777170573.587,203483,4,8,SOLAR,255,BROADCAST,0,HEARTBEAT,1,PING,0,0,0,0,0,0,0x10023FC0
1777170574.583,204479,4,8,SOLAR,255,BROADCAST,0,HEARTBEAT,1,PING,0,0,0,0,0,0,0x10023FC0
1777170575.586,205475,4,8,SOLAR,255,BROADCAST,0,HEARTBEAT,1,PING,0,0,0,0,0,0,0x10023FC0
1777170576.606,206471,4,8,SOLAR,255,BROADCAST,0,HEARTBEAT,1,PING,0,0,0,0,0,0,0x10023FC0
1777170576.606,206474,4,8,SOLAR,1,CDH,10,HEALTH,1,PING,50,0,21,24,21,0,0x1002004A
1777170577.574,207470,4,8,SOLAR,255,BROADCAST,0,HEARTBEAT,1,PING,0,0,0,0,0,0,0x10023FC0
1777170578.570,208466,4,8,SOLAR,255,BROADCAST,0,HEARTBEAT,1,PING,0,0,0,0,0,0,0x10023FC0
1777170579.604,209461,4,8,SOLAR,255,BROADCAST,0,HEARTBEAT,1,PING,0,0,0,0,0,0,0x10023FC0
1777170580.613,210457,4,8,SOLAR,255,BROADCAST,0,HEARTBEAT,1,PING,0,0,0,0,0,0,0x10023FC0
1777170581.558,211453,4,8,SOLAR,255,BROADCAST,0,HEARTBEAT,1,PING,0,0,0,0,0,0,0x10023FC0
1777170581.560,211456,4,8,SOLAR,1,CDH,10,HEALTH,1,PING,50,0,22,24,21,0,0x1002004A
1777170582.560,212452,4,8,SOLAR,255,BROADCAST,0,HEARTBEAT,1,PING,0,0,0,0,0,0,0x10023FC0
1777170583.589,213448,4,8,SOLAR,255,BROADCAST,0,HEARTBEAT,1,PING,0,0,0,0,0,0,0x10023FC0
1777170584.548,214444,4,8,SOLAR,255,BROADCAST,0,HEARTBEAT,1,PING,0,0,0,0,0,0,0x10023FC0
1777170585.544,215439,4,8,SOLAR,255,BROADCAST,0,HEARTBEAT,1,PING,0,0,0,0,0,0,0x10023FC0
1777170586.556,216435,4,8,SOLAR,255,BROADCAST,0,HEARTBEAT,1,PING,0,0,0,0,0,0,0x10023FC0
1777170586.556,216438,4,8,SOLAR,1,CDH,10,HEALTH,1,PING,50,0,22,24,21,0,0x1002004A
1777170587.576,217434,4,8,SOLAR,255,BROADCAST,0,HEARTBEAT,1,PING,0,0,0,0,0,0,0x10023FC0
1777170588.535,218430,4,8,SOLAR,255,BROADCAST,0,HEARTBEAT,1,PING,0,0,0,0,0,0,0x10023FC0
1777170589.531,219426,4,8,SOLAR,255,BROADCAST,0,HEARTBEAT,1,PING,0,0,0,0,0,0,0x10023FC0
1777170590.529,220422,4,8,SOLAR,255,BROADCAST,0,HEARTBEAT,1,PING,0,0,0,0,0,0,0x10023FC0
1777170591.565,221418,4,8,SOLAR,255,BROADCAST,0,HEARTBEAT,1,PING,0,0,0,0,0,0,0x10023FC0
1777170591.576,221420,4,8,SOLAR,1,CDH,10,HEALTH,1,PING,50,0,21,24,21,0,0x1002004A
1777170592.521,222416,4,8,SOLAR,255,BROADCAST,0,HEARTBEAT,1,PING,0,0,0,0,0,0,0x10023FC0
1777170593.517,223412,4,8,SOLAR,255,BROADCAST,0,HEARTBEAT,1,PING,0,0,0,0,0,0,0x10023FC0
1777170594.537,224408,4,8,SOLAR,255,BROADCAST,0,HEARTBEAT,1,PING,0,0,0,0,0,0,0x10023FC0
1777170595.557,225404,4,8,SOLAR,255,BROADCAST,0,HEARTBEAT,1,PING,0,0,0,0,0,0,0x10023FC0
1777170596.506,226400,4,8,SOLAR,255,BROADCAST,0,HEARTBEAT,1,PING,0,0,0,0,0,0,0x10023FC0
1777170596.507,226403,4,8,SOLAR,1,CDH,10,HEALTH,1,PING,50,0,22,24,21,0,0x1002004A
1777170597.505,227399,4,8,SOLAR,255,BROADCAST,0,HEARTBEAT,1,PING,0,0,0,0,0,0,0x10023FC0
1777170598.529,228395,4,8,SOLAR,255,BROADCAST,0,HEARTBEAT,1,PING,0,0,0,0,0,0,0x10023FC0
1777170599.495,229391,4,8,SOLAR,255,BROADCAST,0,HEARTBEAT,1,PING,0,0,0,0,0,0,0x10023FC0
1777170600.491,230386,4,8,SOLAR,255,BROADCAST,0,HEARTBEAT,1,PING,0,0,0,0,0,0,0x10023FC0
1777170601.493,231382,4,8,SOLAR,255,BROADCAST,0,HEARTBEAT,1,PING,0,0,0,0,0,0,0x10023FC0
1777170601.493,231385,4,8,SOLAR,1,CDH,10,HEALTH,1,PING,50,0,22,24,21,0,0x1002004A
1777170602.512,232381,4,8,SOLAR,255,BROADCAST,0,HEARTBEAT,1,PING,0,0,0,0,0,0,0x10023FC0
1777170603.482,233377,4,8,SOLAR,255,BROADCAST,0,HEARTBEAT,1,PING,0,0,0,0,0,0,0x10023FC0
1777170604.478,234373,4,8,SOLAR,255,BROADCAST,0,HEARTBEAT,1,PING,0,0,0,0,0,0,0x10023FC0
1777170605.480,235369,4,8,SOLAR,255,BROADCAST,0,HEARTBEAT,1,PING,0,0,0,0,0,0,0x10023FC0
1777170606.521,236364,4,8,SOLAR,255,BROADCAST,0,HEARTBEAT,1,PING,0,0,0,0,0,0,0x10023FC0
1777170606.521,236367,4,8,SOLAR,1,CDH,10,HEALTH,1,PING,50,0,22,24,21,0,0x1002004A
1777170607.467,237363,4,8,SOLAR,255,BROADCAST,0,HEARTBEAT,1,PING,0,0,0,0,0,0,0x10023FC0
1777170608.464,238359,4,8,SOLAR,255,BROADCAST,0,HEARTBEAT,1,PING,0,0,0,0,0,0,0x10023FC0
1777170609.474,239355,4,8,SOLAR,255,BROADCAST,0,HEARTBEAT,1,PING,0,0,0,0,0,0,0x10023FC0
1777170610.456,240351,4,8,SOLAR,255,BROADCAST,0,HEARTBEAT,1,PING,0,0,0,0,0,0,0x10023FC0
1777170611.452,241347,4,8,SOLAR,255,BROADCAST,0,HEARTBEAT,1,PING,0,0,0,0,0,0,0x10023FC0
1777170611.454,241350,4,8,SOLAR,1,CDH,10,HEALTH,1,PING,50,0,22,24,21,0,0x1002004A
1777170612.455,242346,4,8,SOLAR,255,BROADCAST,0,HEARTBEAT,1,PING,0,0,0,0,0,0,0x10023FC0
1777170613.471,243342,4,8,SOLAR,255,BROADCAST,0,HEARTBEAT,1,PING,0,0,0,0,0,0,0x10023FC0
1777170614.442,244338,4,8,SOLAR,255,BROADCAST,0,HEARTBEAT,1,PING,0,0,0,0,0,0,0x10023FC0
1777170615.439,245334,4,8,SOLAR,255,BROADCAST,0,HEARTBEAT,1,PING,0,0,0,0,0,0,0x10023FC0
1777170616.439,246330,4,8,SOLAR,255,BROADCAST,0,HEARTBEAT,1,PING,0,0,0,0,0,0,0x10023FC0
1777170616.439,246332,4,8,SOLAR,1,CDH,10,HEALTH,1,PING,50,0,22,24,21,0,0x1002004A
1777170617.469,247329,4,8,SOLAR,255,BROADCAST,0,HEARTBEAT,1,PING,0,0,0,0,0,0,0x10023FC0
1777170618.429,248324,4,8,SOLAR,255,BROADCAST,0,HEARTBEAT,1,PING,0,0,0,0,0,0,0x10023FC0
1777170619.425,249320,4,8,SOLAR,255,BROADCAST,0,HEARTBEAT,1,PING,0,0,0,0,0,0,0x10023FC0
1777170620.441,250316,4,8,SOLAR,255,BROADCAST,0,HEARTBEAT,1,PING,0,0,0,0,0,0,0x10023FC0
1777170621.418,251312,4,8,SOLAR,255,BROADCAST,0,HEARTBEAT,1,PING,0,0,0,0,0,0,0x10023FC0
1777170621.460,251315,4,8,SOLAR,1,CDH,10,HEALTH,1,PING,50,0,22,24,21,0,0x1002004A
1777170622.421,252311,4,8,SOLAR,255,BROADCAST,0,HEARTBEAT,1,PING,0,0,0,0,0,0,0x10023FC0
1777170623.412,253307,4,8,SOLAR,255,BROADCAST,0,HEARTBEAT,1,PING,0,0,0,0,0,0,0x10023FC0
1777170624.420,254303,4,8,SOLAR,255,BROADCAST,0,HEARTBEAT,1,PING,0,0,0,0,0,0,0x10023FC0
1777170625.408,255299,4,8,SOLAR,255,BROADCAST,0,HEARTBEAT,1,PING,0,0,0,0,0,0,0x10023FC0
1777170626.400,256295,4,8,SOLAR,255,BROADCAST,0,HEARTBEAT,1,PING,0,0,0,0,0,0,0x10023FC0
1777170626.403,256298,4,8,SOLAR,1,CDH,10,HEALTH,1,PING,50,0,22,24,21,0,0x1002004A
1777170627.400,257294,4,8,SOLAR,255,BROADCAST,0,HEARTBEAT,1,PING,0,0,0,0,0,0,0x10023FC0
1777170628.427,258290,4,8,SOLAR,255,BROADCAST,0,HEARTBEAT,1,PING,0,0,0,0,0,0,0x10023FC0
1777170629.391,259286,4,8,SOLAR,255,BROADCAST,0,HEARTBEAT,1,PING,0,0,0,0,0,0,0x10023FC0
1777170630.387,260282,4,8,SOLAR,255,BROADCAST,0,HEARTBEAT,1,PING,0,0,0,0,0,0,0x10023FC0
1777170631.406,261278,4,8,SOLAR,255,BROADCAST,0,HEARTBEAT,1,PING,0,0,0,0,0,0,0x10023FC0
1777170631.406,261281,4,8,SOLAR,1,CDH,10,HEALTH,1,PING,50,0,22,24,21,0,0x1002004A
1777170632.419,262277,4,8,SOLAR,255,BROADCAST,0,HEARTBEAT,1,PING,0,0,0,0,0,0,0x10023FC0
1777170633.378,263273,4,8,SOLAR,255,BROADCAST,0,HEARTBEAT,1,PING,0,0,0,0,0,0,0x10023FC0
1777170634.374,264269,4,8,SOLAR,255,BROADCAST,0,HEARTBEAT,1,PING,0,0,0,0,0,0,0x10023FC0
1777170635.390,265265,4,8,SOLAR,255,BROADCAST,0,HEARTBEAT,1,PING,0,0,0,0,0,0,0x10023FC0
1777170636.416,266261,4,8,SOLAR,255,BROADCAST,0,HEARTBEAT,1,PING,0,0,0,0,0,0,0x10023FC0
1777170636.416,266263,4,8,SOLAR,1,CDH,10,HEALTH,1,PING,50,0,22,24,21,0,0x1002004A
1777170637.365,267260,4,8,SOLAR,255,BROADCAST,0,HEARTBEAT,1,PING,0,0,0,0,0,0,0x10023FC0
1777170638.361,268256,4,8,SOLAR,255,BROADCAST,0,HEARTBEAT,1,PING,0,0,0,0,0,0,0x10023FC0
1777170639.389,269251,4,8,SOLAR,255,BROADCAST,0,HEARTBEAT,1,PING,0,0,0,0,0,0,0x10023FC0
1777170640.353,270247,4,8,SOLAR,255,BROADCAST,0,HEARTBEAT,1,PING,0,0,0,0,0,0,0x10023FC0
1777170641.348,271243,4,8,SOLAR,255,BROADCAST,0,HEARTBEAT,1,PING,0,0,0,0,0,0,0x10023FC0
1777170641.351,271246,4,8,SOLAR,1,CDH,10,HEALTH,1,PING,50,0,22,24,21,0,0x1002004A
1777170642.356,272242,4,8,SOLAR,255,BROADCAST,0,HEARTBEAT,1,PING,0,0,0,0,0,0,0x10023FC0
1777170643.372,273238,4,8,SOLAR,255,BROADCAST,0,HEARTBEAT,1,PING,0,0,0,0,0,0,0x10023FC0
1777170644.339,274234,4,8,SOLAR,255,BROADCAST,0,HEARTBEAT,1,PING,0,0,0,0,0,0,0x10023FC0
1777170645.335,275230,4,8,SOLAR,255,BROADCAST,0,HEARTBEAT,1,PING,0,0,0,0,0,0,0x10023FC0
1777170646.354,276225,4,8,SOLAR,255,BROADCAST,0,HEARTBEAT,1,PING,0,0,0,0,0,0,0x10023FC0
1777170646.355,276228,4,8,SOLAR,1,CDH,10,HEALTH,1,PING,50,0,22,24,21,0,0x1002004A
1777170647.371,277224,4,8,SOLAR,255,BROADCAST,0,HEARTBEAT,1,PING,0,0,0,0,0,0,0x10023FC0
1777170648.325,278220,4,8,SOLAR,255,BROADCAST,0,HEARTBEAT,1,PING,0,0,0,0,0,0,0x10023FC0
1777170649.323,279216,4,8,SOLAR,255,BROADCAST,0,HEARTBEAT,1,PING,0,0,0,0,0,0,0x10023FC0
1777170650.343,280212,4,8,SOLAR,255,BROADCAST,0,HEARTBEAT,1,PING,0,0,0,0,0,0,0x10023FC0
1777170651.314,281208,4,8,SOLAR,255,BROADCAST,0,HEARTBEAT,1,PING,0,0,0,0,0,0,0x10023FC0
1777170651.316,281211,4,8,SOLAR,1,CDH,10,HEALTH,1,PING,50,0,22,24,21,0,0x1002004A
1777170652.312,282207,4,8,SOLAR,255,BROADCAST,0,HEARTBEAT,1,PING,0,0,0,0,0,0,0x10023FC0
1777170653.308,283203,4,8,SOLAR,255,BROADCAST,0,HEARTBEAT,1,PING,0,0,0,0,0,0,0x10023FC0
1777170654.341,284199,4,8,SOLAR,255,BROADCAST,0,HEARTBEAT,1,PING,0,0,0,0,0,0,0x10023FC0
1777170655.300,285194,4,8,SOLAR,255,BROADCAST,0,HEARTBEAT,1,PING,0,0,0,0,0,0,0x10023FC0
1777170656.295,286190,4,8,SOLAR,255,BROADCAST,0,HEARTBEAT,1,PING,0,0,0,0,0,0,0x10023FC0
1777170656.298,286193,4,8,SOLAR,1,CDH,10,HEALTH,1,PING,50,0,22,24,21,0,0x1002004A
1777170657.309,287189,4,8,SOLAR,255,BROADCAST,0,HEARTBEAT,1,PING,0,0,0,0,0,0,0x10023FC0
1777170658.326,288185,4,8,SOLAR,255,BROADCAST,0,HEARTBEAT,1,PING,0,0,0,0,0,0,0x10023FC0
1777170659.286,289181,4,8,SOLAR,255,BROADCAST,0,HEARTBEAT,1,PING,0,0,0,0,0,0,0x10023FC0
1777170660.283,290177,4,8,SOLAR,255,BROADCAST,0,HEARTBEAT,1,PING,0,0,0,0,0,0,0x10023FC0
1777170661.304,291172,4,8,SOLAR,255,BROADCAST,0,HEARTBEAT,1,PING,0,0,0,0,0,0,0x10023FC0
1777170661.304,291175,4,8,SOLAR,1,CDH,10,HEALTH,1,PING,50,0,22,25,21,0,0x1002004A
1777170662.328,292171,4,8,SOLAR,255,BROADCAST,0,HEARTBEAT,1,PING,0,0,0,0,0,0,0x10023FC0
1777170663.273,293167,4,8,SOLAR,255,BROADCAST,0,HEARTBEAT,1,PING,0,0,0,0,0,0,0x10023FC0
1777170664.273,294163,4,8,SOLAR,255,BROADCAST,0,HEARTBEAT,1,PING,0,0,0,0,0,0,0x10023FC0
1777170665.293,295159,4,8,SOLAR,255,BROADCAST,0,HEARTBEAT,1,PING,0,0,0,0,0,0,0x10023FC0
1777170666.261,296154,4,8,SOLAR,255,BROADCAST,0,HEARTBEAT,1,PING,0,0,0,0,0,0,0x10023FC0
1777170666.263,296157,4,8,SOLAR,1,CDH,10,HEALTH,1,PING,50,0,22,25,21,0,0x1002004A
1777170667.259,297153,4,8,SOLAR,255,BROADCAST,0,HEARTBEAT,1,PING,0,0,0,0,0,0,0x10023FC0
1777170668.261,298149,4,8,SOLAR,255,BROADCAST,0,HEARTBEAT,1,PING,0,0,0,0,0,0,0x10023FC0
1777170669.291,299145,4,8,SOLAR,255,BROADCAST,0,HEARTBEAT,1,PING,0,0,0,0,0,0,0x10023FC0
1777170670.246,300141,4,8,SOLAR,255,BROADCAST,0,HEARTBEAT,1,PING,0,0,0,0,0,0,0x10023FC0
1777170671.244,301137,4,8,SOLAR,255,BROADCAST,0,HEARTBEAT,1,PING,0,0,0,0,0,0,0x10023FC0
1777170671.245,301139,4,8,SOLAR,1,CDH,10,HEALTH,1,PING,50,0,22,25,21,0,0x1002004A
1777170672.256,302135,4,8,SOLAR,255,BROADCAST,0,HEARTBEAT,1,PING,0,0,0,0,0,0,0x10023FC0
1777170673.285,303131,4,8,SOLAR,255,BROADCAST,0,HEARTBEAT,1,PING,0,0,0,0,0,0,0x10023FC0
1777170674.234,304127,4,8,SOLAR,255,BROADCAST,0,HEARTBEAT,1,PING,0,0,0,0,0,0,0x10023FC0
1777170675.244,305123,4,8,SOLAR,255,BROADCAST,0,HEARTBEAT,1,PING,0,0,0,0,0,0,0x10023FC0
1777170676.259,306119,4,8,SOLAR,255,BROADCAST,0,HEARTBEAT,1,PING,0,0,0,0,0,0,0x10023FC0
1777170676.259,306122,4,8,SOLAR,1,CDH,10,HEALTH,1,PING,50,0,22,25,21,0,0x1002004A
1777170677.223,307118,4,8,SOLAR,255,BROADCAST,0,HEARTBEAT,1,PING,0,0,0,0,0,0,0x10023FC0
1777170678.220,308114,4,8,SOLAR,255,BROADCAST,0,HEARTBEAT,1,PING,0,0,0,0,0,0,0x10023FC0
1777170679.221,309110,4,8,SOLAR,255,BROADCAST,0,HEARTBEAT,1,PING,0,0,0,0,0,0,0x10023FC0
1777170680.255,310105,4,8,SOLAR,255,BROADCAST,0,HEARTBEAT,1,PING,0,0,0,0,0,0,0x10023FC0
1777170681.220,311101,4,8,SOLAR,255,BROADCAST,0,HEARTBEAT,1,PING,0,0,0,0,0,0,0x10023FC0
1777170681.220,311104,4,8,SOLAR,1,CDH,10,HEALTH,1,PING,50,0,22,25,21,0,0x1002004A
1777170682.206,312100,4,8,SOLAR,255,BROADCAST,0,HEARTBEAT,1,PING,0,0,0,0,0,0,0x10023FC0
1777170683.222,313096,4,8,SOLAR,255,BROADCAST,0,HEARTBEAT,1,PING,0,0,0,0,0,0,0x10023FC0
1777170684.243,314092,4,8,SOLAR,255,BROADCAST,0,HEARTBEAT,1,PING,0,0,0,0,0,0,0x10023FC0
1777170685.194,315088,4,8,SOLAR,255,BROADCAST,0,HEARTBEAT,1,PING,0,0,0,0,0,0,0x10023FC0
1777170686.193,316084,4,8,SOLAR,255,BROADCAST,0,HEARTBEAT,1,PING,0,0,0,0,0,0,0x10023FC0
1777170686.193,316087,4,8,SOLAR,1,CDH,10,HEALTH,1,PING,50,0,22,25,22,0,0x1002004A
1777170687.206,317083,4,8,SOLAR,255,BROADCAST,0,HEARTBEAT,1,PING,0,0,0,0,0,0,0x10023FC0
1777170688.241,318079,4,8,SOLAR,255,BROADCAST,0,HEARTBEAT,1,PING,0,0,0,0,0,0,0x10023FC0
1777170689.182,319075,4,8,SOLAR,255,BROADCAST,0,HEARTBEAT,1,PING,0,0,0,0,0,0,0x10023FC0
1777170690.188,320070,4,8,SOLAR,255,BROADCAST,0,HEARTBEAT,1,PING,0,0,0,0,0,0,0x10023FC0
1777170691.206,321066,4,8,SOLAR,255,BROADCAST,0,HEARTBEAT,1,PING,0,0,0,0,0,0,0x10023FC0
1777170691.206,321069,4,8,SOLAR,1,CDH,10,HEALTH,1,PING,50,0,22,25,22,0,0x1002004A
1777170692.171,322065,4,8,SOLAR,255,BROADCAST,0,HEARTBEAT,1,PING,0,0,0,0,0,0,0x10023FC0
1777170693.168,323061,4,8,SOLAR,255,BROADCAST,0,HEARTBEAT,1,PING,0,0,0,0,0,0,0x10023FC0
1777170694.173,324057,4,8,SOLAR,255,BROADCAST,0,HEARTBEAT,1,PING,0,0,0,0,0,0,0x10023FC0
1777170695.208,325053,4,8,SOLAR,255,BROADCAST,0,HEARTBEAT,1,PING,0,0,0,0,0,0,0x10023FC0
1777170696.157,326048,4,8,SOLAR,255,BROADCAST,0,HEARTBEAT,1,PING,0,0,0,0,0,0,0x10023FC0
1777170696.157,326051,4,8,SOLAR,1,CDH,10,HEALTH,1,PING,50,0,22,25,22,0,0x1002004A
1777170697.155,327047,4,8,SOLAR,255,BROADCAST,0,HEARTBEAT,1,PING,0,0,0,0,0,0,0x10023FC0
1777170698.174,328043,4,8,SOLAR,255,BROADCAST,0,HEARTBEAT,1,PING,0,0,0,0,0,0,0x10023FC0
1777170699.193,329039,4,8,SOLAR,255,BROADCAST,0,HEARTBEAT,1,PING,0,0,0,0,0,0,0x10023FC0
1777170700.141,330035,4,8,SOLAR,255,BROADCAST,0,HEARTBEAT,1,PING,0,0,0,0,0,0,0x10023FC0
1777170701.146,331031,4,8,SOLAR,255,BROADCAST,0,HEARTBEAT,1,PING,0,0,0,0,0,0,0x10023FC0
1777170701.146,331034,4,8,SOLAR,1,CDH,10,HEALTH,1,PING,50,0,22,25,22,0,0x1002004A
1777170702.156,332030,4,8,SOLAR,255,BROADCAST,0,HEARTBEAT,1,PING,0,0,0,0,0,0,0x10023FC0
1777170703.132,333026,4,8,SOLAR,255,BROADCAST,0,HEARTBEAT,1,PING,0,0,0,0,0,0,0x10023FC0
1777170704.128,334021,4,8,SOLAR,255,BROADCAST,0,HEARTBEAT,1,PING,0,0,0,0,0,0,0x10023FC0
1777170705.140,335017,4,8,SOLAR,255,BROADCAST,0,HEARTBEAT,1,PING,0,0,0,0,0,0,0x10023FC0
1777170706.160,336013,4,8,SOLAR,255,BROADCAST,0,HEARTBEAT,1,PING,0,0,0,0,0,0,0x10023FC0
1777170706.160,336016,4,8,SOLAR,1,CDH,10,HEALTH,1,PING,50,0,22,25,22,0,0x1002004A
1777170707.118,337012,4,8,SOLAR,255,BROADCAST,0,HEARTBEAT,1,PING,0,0,0,0,0,0,0x10023FC0
1777170708.114,338008,4,8,SOLAR,255,BROADCAST,0,HEARTBEAT,1,PING,0,0,0,0,0,0,0x10023FC0
1777170709.123,339004,4,8,SOLAR,255,BROADCAST,0,HEARTBEAT,1,PING,0,0,0,0,0,0,0x10023FC0
1777170710.159,340000,4,8,SOLAR,255,BROADCAST,0,HEARTBEAT,1,PING,0,0,0,0,0,0,0x10023FC0
1777170711.102,340996,4,8,SOLAR,255,BROADCAST,0,HEARTBEAT,1,PING,0,0,0,0,0,0,0x10023FC0
1777170711.104,340998,4,8,SOLAR,1,CDH,10,HEALTH,1,PING,50,0,22,25,22,0,0x1002004A
1777170712.101,341995,4,8,SOLAR,255,BROADCAST,0,HEARTBEAT,1,PING,0,0,0,0,0,0,0x10023FC0
1777170713.125,342991,4,8,SOLAR,255,BROADCAST,0,HEARTBEAT,1,PING,0,0,0,0,0,0,0x10023FC0
1777170714.144,343987,4,8,SOLAR,255,BROADCAST,0,HEARTBEAT,1,PING,0,0,0,0,0,0,0x10023FC0
1777170715.089,344982,4,8,SOLAR,255,BROADCAST,0,HEARTBEAT,1,PING,0,0,0,0,0,0,0x10023FC0
1777170716.088,345978,4,8,SOLAR,255,BROADCAST,0,HEARTBEAT,1,PING,0,0,0,0,0,0,0x10023FC0
1777170716.088,345981,4,8,SOLAR,1,CDH,10,HEALTH,1,PING,50,0,22,25,22,0,0x1002004A
1777170717.107,346977,4,8,SOLAR,255,BROADCAST,0,HEARTBEAT,1,PING,0,0,0,0,0,0,0x10023FC0
1777170718.080,347973,4,8,SOLAR,255,BROADCAST,0,HEARTBEAT,1,PING,0,0,0,0,0,0,0x10023FC0
1777170719.076,348969,4,8,SOLAR,255,BROADCAST,0,HEARTBEAT,1,PING,0,0,0,0,0,0,0x10023FC0
1777170720.088,349965,4,8,SOLAR,255,BROADCAST,0,HEARTBEAT,1,PING,0,0,0,0,0,0,0x10023FC0
1777170721.111,350961,4,8,SOLAR,255,BROADCAST,0,HEARTBEAT,1,PING,0,0,0,0,0,0,0x10023FC0
1777170721.111,350964,4,8,SOLAR,1,CDH,10,HEALTH,1,PING,50,0,22,25,22,0,0x1002004A
1777170722.066,351960,4,8,SOLAR,255,BROADCAST,0,HEARTBEAT,1,PING,0,0,0,0,0,0,0x10023FC0
1777170723.062,352956,4,8,SOLAR,255,BROADCAST,0,HEARTBEAT,1,PING,0,0,0,0,0,0,0x10023FC0
1777170724.083,353952,4,8,SOLAR,255,BROADCAST,0,HEARTBEAT,1,PING,0,0,0,0,0,0,0x10023FC0
1777170725.108,354947,4,8,SOLAR,255,BROADCAST,0,HEARTBEAT,1,PING,0,0,0,0,0,0,0x10023FC0
1777170726.050,355943,4,8,SOLAR,255,BROADCAST,0,HEARTBEAT,1,PING,0,0,0,0,0,0,0x10023FC0
1777170726.052,355946,4,8,SOLAR,1,CDH,10,HEALTH,1,PING,50,0,22,25,22,0,0x1002004A
1777170727.050,356942,4,8,SOLAR,255,BROADCAST,0,HEARTBEAT,1,PING,0,0,0,0,0,0,0x10023FC0
1777170728.072,357938,4,8,SOLAR,255,BROADCAST,0,HEARTBEAT,1,PING,0,0,0,0,0,0,0x10023FC0
1777170729.041,358934,4,8,SOLAR,255,BROADCAST,0,HEARTBEAT,1,PING,0,0,0,0,0,0,0x10023FC0
1777170730.037,359930,4,8,SOLAR,255,BROADCAST,0,HEARTBEAT,1,PING,0,0,0,0,0,0,0x10023FC0
1777170731.047,360926,4,8,SOLAR,255,BROADCAST,0,HEARTBEAT,1,PING,0,0,0,0,0,0,0x10023FC0
1777170731.047,360928,4,8,SOLAR,1,CDH,10,HEALTH,1,PING,50,0,22,25,22,0,0x1002004A
1777170732.073,361925,4,8,SOLAR,255,BROADCAST,0,HEARTBEAT,1,PING,0,0,0,0,0,0,0x10023FC0
1777170733.028,362920,4,8,SOLAR,255,BROADCAST,0,HEARTBEAT,1,PING,0,0,0,0,0,0,0x10023FC0
1777170734.023,363916,4,8,SOLAR,255,BROADCAST,0,HEARTBEAT,1,PING,0,0,0,0,0,0,0x10023FC0
1777170735.042,364912,4,8,SOLAR,255,BROADCAST,0,HEARTBEAT,1,PING,0,0,0,0,0,0,0x10023FC0
1777170736.066,365908,4,8,SOLAR,255,BROADCAST,0,HEARTBEAT,1,PING,0,0,0,0,0,0,0x10023FC0
1777170736.066,365911,4,8,SOLAR,1,CDH,10,HEALTH,1,PING,50,0,22,25,22,0,0x1002004A
1777170737.016,366907,4,8,SOLAR,255,BROADCAST,0,HEARTBEAT,1,PING,0,0,0,0,0,0,0x10023FC0
1777170738.012,367903,4,8,SOLAR,255,BROADCAST,0,HEARTBEAT,1,PING,0,0,0,0,0,0,0x10023FC0
1777170739.028,368898,4,8,SOLAR,255,BROADCAST,0,HEARTBEAT,1,PING,0,0,0,0,0,0,0x10023FC0
1777170740.045,369894,4,8,SOLAR,255,BROADCAST,0,HEARTBEAT,1,PING,0,0,0,0,0,0,0x10023FC0
1777170740.999,370890,4,8,SOLAR,255,BROADCAST,0,HEARTBEAT,1,PING,0,0,0,0,0,0,0x10023FC0
1777170740.999,370892,4,8,SOLAR,1,CDH,10,HEALTH,1,PING,50,0,22,25,22,0,0x1002004A
1777170741.996,371889,4,8,SOLAR,255,BROADCAST,0,HEARTBEAT,1,PING,0,0,0,0,0,0,0x10023FC0
1777170743.024,372885,4,8,SOLAR,255,BROADCAST,0,HEARTBEAT,1,PING,0,0,0,0,0,0,0x10023FC0
1777170743.990,373880,4,8,SOLAR,255,BROADCAST,0,HEARTBEAT,1,PING,0,0,0,0,0,0,0x10023FC0
1777170744.983,374876,4,8,SOLAR,255,BROADCAST,0,HEARTBEAT,1,PING,0,0,0,0,0,0,0x10023FC0
1777170745.996,375872,4,8,SOLAR,255,BROADCAST,0,HEARTBEAT,1,PING,0,0,0,0,0,0,0x10023FC0
1777170745.996,375875,4,8,SOLAR,1,CDH,10,HEALTH,1,PING,50,0,22,25,22,0,0x1002004A
1777170747.021,376871,4,8,SOLAR,255,BROADCAST,0,HEARTBEAT,1,PING,0,0,0,0,0,0,0x10023FC0
1777170747.973,377866,4,8,SOLAR,255,BROADCAST,0,HEARTBEAT,1,PING,0,0,0,0,0,0,0x10023FC0
1777170748.969,378862,4,8,SOLAR,255,BROADCAST,0,HEARTBEAT,1,PING,0,0,0,0,0,0,0x10023FC0
1777170749.990,379858,4,8,SOLAR,255,BROADCAST,0,HEARTBEAT,1,PING,0,0,0,0,0,0,0x10023FC0
1777170751.015,380854,4,8,SOLAR,255,BROADCAST,0,HEARTBEAT,1,PING,0,0,0,0,0,0,0x10023FC0
1777170751.015,380857,4,8,SOLAR,1,CDH,10,HEALTH,1,PING,50,0,22,25,22,0,0x1002004A
1777170751.960,381853,4,8,SOLAR,255,BROADCAST,0,HEARTBEAT,1,PING,0,0,0,0,0,0,0x10023FC0
1777170752.956,382849,4,8,SOLAR,255,BROADCAST,0,HEARTBEAT,1,PING,0,0,0,0,0,0,0x10023FC0
1777170753.974,383845,4,8,SOLAR,255,BROADCAST,0,HEARTBEAT,1,PING,0,0,0,0,0,0,0x10023FC0
1777170754.947,384840,4,8,SOLAR,255,BROADCAST,0,HEARTBEAT,1,PING,0,0,0,0,0,0,0x10023FC0
1777170755.944,385836,4,8,SOLAR,255,BROADCAST,0,HEARTBEAT,1,PING,0,0,0,0,0,0,0x10023FC0
1777170755.946,385839,4,8,SOLAR,1,CDH,10,HEALTH,1,PING,50,0,22,25,22,0,0x1002004A
1777170756.946,386835,4,8,SOLAR,255,BROADCAST,0,HEARTBEAT,1,PING,0,0,0,0,0,0,0x10023FC0
1777170757.969,387831,4,8,SOLAR,255,BROADCAST,0,HEARTBEAT,1,PING,0,0,0,0,0,0,0x10023FC0
1777170758.934,388827,4,8,SOLAR,255,BROADCAST,0,HEARTBEAT,1,PING,0,0,0,0,0,0,0x10023FC0
1777170759.930,389823,4,8,SOLAR,255,BROADCAST,0,HEARTBEAT,1,PING,0,0,0,0,0,0,0x10023FC0
1777170760.940,390819,4,8,SOLAR,255,BROADCAST,0,HEARTBEAT,1,PING,0,0,0,0,0,0,0x10023FC0
1777170760.940,390821,4,8,SOLAR,1,CDH,10,HEALTH,1,PING,50,0,22,25,22,0,0x1002004A
1777170761.962,391817,4,8,SOLAR,255,BROADCAST,0,HEARTBEAT,1,PING,0,0,0,0,0,0,0x10023FC0
1777170762.920,392813,4,8,SOLAR,255,BROADCAST,0,HEARTBEAT,1,PING,0,0,0,0,0,0,0x10023FC0
1777170763.916,393809,4,8,SOLAR,255,BROADCAST,0,HEARTBEAT,1,PING,0,0,0,0,0,0,0x10023FC0
1777170764.928,394805,4,8,SOLAR,255,BROADCAST,0,HEARTBEAT,1,PING,0,0,0,0,0,0,0x10023FC0
1777170765.956,395801,4,8,SOLAR,255,BROADCAST,0,HEARTBEAT,1,PING,0,0,0,0,0,0,0x10023FC0
1777170765.956,395804,4,8,SOLAR,1,CDH,10,HEALTH,1,PING,50,0,22,25,22,0,0x1002004A
1777170766.907,396800,4,8,SOLAR,255,BROADCAST,0,HEARTBEAT,1,PING,0,0,0,0,0,0,0x10023FC0
1777170767.903,397796,4,8,SOLAR,255,BROADCAST,0,HEARTBEAT,1,PING,0,0,0,0,0,0,0x10023FC0
1777170768.926,398792,4,8,SOLAR,255,BROADCAST,0,HEARTBEAT,1,PING,0,0,0,0,0,0,0x10023FC0
1777170769.895,399787,4,8,SOLAR,255,BROADCAST,0,HEARTBEAT,1,PING,0,0,0,0,0,0,0x10023FC0
1777170770.891,400783,4,8,SOLAR,255,BROADCAST,0,HEARTBEAT,1,PING,0,0,0,0,0,0,0x10023FC0
1777170770.894,400786,4,8,SOLAR,1,CDH,10,HEALTH,1,PING,50,0,22,25,22,0,0x1002004A
1777170771.890,401782,4,8,SOLAR,255,BROADCAST,0,HEARTBEAT,1,PING,0,0,0,0,0,0,0x10023FC0
1777170772.920,402778,4,8,SOLAR,255,BROADCAST,0,HEARTBEAT,1,PING,0,0,0,0,0,0,0x10023FC0
1777170773.881,403774,4,8,SOLAR,255,BROADCAST,0,HEARTBEAT,1,PING,0,0,0,0,0,0,0x10023FC0
1777170774.877,404770,4,8,SOLAR,255,BROADCAST,0,HEARTBEAT,1,PING,0,0,0,0,0,0,0x10023FC0
1777170775.881,405766,4,8,SOLAR,255,BROADCAST,0,HEARTBEAT,1,PING,0,0,0,0,0,0,0x10023FC0
1777170775.881,405769,4,8,SOLAR,1,CDH,10,HEALTH,1,PING,50,0,22,25,22,0,0x1002004A
1777170776.900,406765,4,8,SOLAR,255,BROADCAST,0,HEARTBEAT,1,PING,0,0,0,0,0,0,0x10023FC0
1777170777.870,407761,4,8,SOLAR,255,BROADCAST,0,HEARTBEAT,1,PING,0,0,0,0,0,0,0x10023FC0
1777170778.864,408757,4,8,SOLAR,255,BROADCAST,0,HEARTBEAT,1,PING,0,0,0,0,0,0,0x10023FC0
1777170779.888,409753,4,8,SOLAR,255,BROADCAST,0,HEARTBEAT,1,PING,0,0,0,0,0,0,0x10023FC0
1777170780.856,410749,4,8,SOLAR,255,BROADCAST,0,HEARTBEAT,1,PING,0,0,0,0,0,0,0x10023FC0
1777170780.903,410751,4,8,SOLAR,1,CDH,10,HEALTH,1,PING,50,0,22,25,22,0,0x1002004A
1777170781.855,411748,4,8,SOLAR,255,BROADCAST,0,HEARTBEAT,1,PING,0,0,0,0,0,0,0x10023FC0
1777170782.858,412744,4,8,SOLAR,255,BROADCAST,0,HEARTBEAT,1,PING,0,0,0,0,0,0,0x10023FC0
1777170783.877,413739,4,8,SOLAR,255,BROADCAST,0,HEARTBEAT,1,PING,0,0,0,0,0,0,0x10023FC0
1777170784.844,414735,4,8,SOLAR,255,BROADCAST,0,HEARTBEAT,1,PING,0,0,0,0,0,0,0x10023FC0
1777170785.839,415731,4,8,SOLAR,255,BROADCAST,0,HEARTBEAT,1,PING,0,0,0,0,0,0,0x10023FC0
1777170785.843,415734,4,8,SOLAR,1,CDH,10,HEALTH,1,PING,50,0,22,25,22,0,0x1002004A
1777170786.856,416730,4,8,SOLAR,255,BROADCAST,0,HEARTBEAT,1,PING,0,0,0,0,0,0,0x10023FC0
1777170787.873,417726,4,8,SOLAR,255,BROADCAST,0,HEARTBEAT,1,PING,0,0,0,0,0,0,0x10023FC0
1777170788.830,418722,4,8,SOLAR,255,BROADCAST,0,HEARTBEAT,1,PING,0,0,0,0,0,0,0x10023FC0
1777170789.826,419718,4,8,SOLAR,255,BROADCAST,0,HEARTBEAT,1,PING,0,0,0,0,0,0,0x10023FC0
1777170790.847,420714,4,8,SOLAR,255,BROADCAST,0,HEARTBEAT,1,PING,0,0,0,0,0,0,0x10023FC0
1777170790.847,420717,4,8,SOLAR,1,CDH,10,HEALTH,1,PING,50,0,22,25,22,0,0x1002004A
1777170791.867,421713,4,8,SOLAR,255,BROADCAST,0,HEARTBEAT,1,PING,0,0,0,0,0,0,0x10023FC0
1777170792.817,422709,4,8,SOLAR,255,BROADCAST,0,HEARTBEAT,1,PING,0,0,0,0,0,0,0x10023FC0
1777170793.813,423705,4,8,SOLAR,255,BROADCAST,0,HEARTBEAT,1,PING,0,0,0,0,0,0,0x10023FC0
1777170794.840,424701,4,8,SOLAR,255,BROADCAST,0,HEARTBEAT,1,PING,0,0,0,0,0,0,0x10023FC0
1777170795.805,425696,4,8,SOLAR,255,BROADCAST,0,HEARTBEAT,1,PING,0,0,0,0,0,0,0x10023FC0
1777170795.806,425699,4,8,SOLAR,1,CDH,10,HEALTH,1,PING,50,0,22,25,22,0,0x1002004A
1777170796.803,426695,4,8,SOLAR,255,BROADCAST,0,HEARTBEAT,1,PING,0,0,0,0,0,0,0x10023FC0
1777170797.806,427691,4,8,SOLAR,255,BROADCAST,0,HEARTBEAT,1,PING,0,0,0,0,0,0,0x10023FC0
1777170798.832,428687,4,8,SOLAR,255,BROADCAST,0,HEARTBEAT,1,PING,0,0,0,0,0,0,0x10023FC0
1777170799.791,429683,4,8,SOLAR,255,BROADCAST,0,HEARTBEAT,1,PING,0,0,0,0,0,0,0x10023FC0
1777170800.786,430678,4,8,SOLAR,255,BROADCAST,0,HEARTBEAT,1,PING,0,0,0,0,0,0,0x10023FC0
1777170800.789,430681,4,8,SOLAR,1,CDH,10,HEALTH,1,PING,50,0,22,25,22,0,0x1002004A
1777170801.797,431677,4,8,SOLAR,255,BROADCAST,0,HEARTBEAT,1,PING,0,0,0,0,0,0,0x10023FC0
1777170802.827,432673,4,8,SOLAR,255,BROADCAST,0,HEARTBEAT,1,PING,0,0,0,0,0,0,0x10023FC0
1777170803.777,433669,4,8,SOLAR,255,BROADCAST,0,HEARTBEAT,1,PING,0,0,0,0,0,0,0x10023FC0
1777170804.773,434665,4,8,SOLAR,255,BROADCAST,0,HEARTBEAT,1,PING,0,0,0,0,0,0,0x10023FC0
1777170805.789,435661,4,8,SOLAR,255,BROADCAST,0,HEARTBEAT,1,PING,0,0,0,0,0,0,0x10023FC0
1777170805.789,435663,4,8,SOLAR,1,CDH,10,HEALTH,1,PING,50,0,22,25,22,0,0x1002004A
1777170806.807,436660,4,8,SOLAR,255,BROADCAST,0,HEARTBEAT,1,PING,0,0,0,0,0,0,0x10023FC0
1777170807.763,437655,4,8,SOLAR,255,BROADCAST,0,HEARTBEAT,1,PING,0,0,0,0,0,0,0x10023FC0
1777170808.760,438651,4,8,SOLAR,255,BROADCAST,0,HEARTBEAT,1,PING,0,0,0,0,0,0,0x10023FC0
1777170809.773,439647,4,8,SOLAR,255,BROADCAST,0,HEARTBEAT,1,PING,0,0,0,0,0,0,0x10023FC0
1777170810.751,440643,4,8,SOLAR,255,BROADCAST,0,HEARTBEAT,1,PING,0,0,0,0,0,0,0x10023FC0
1777170810.754,440646,4,8,SOLAR,1,CDH,10,HEALTH,1,PING,50,0,22,25,22,0,0x1002004A
1777170811.750,441642,4,8,SOLAR,255,BROADCAST,0,HEARTBEAT,1,PING,0,0,0,0,0,0,0x10023FC0
1777170812.753,442638,4,8,SOLAR,255,BROADCAST,0,HEARTBEAT,1,PING,0,0,0,0,0,0,0x10023FC0
1777170813.777,443633,4,8,SOLAR,255,BROADCAST,0,HEARTBEAT,1,PING,0,0,0,0,0,0,0x10023FC0
1777170814.737,444629,4,8,SOLAR,255,BROADCAST,0,HEARTBEAT,1,PING,0,0,0,0,0,0,0x10023FC0
1777170815.733,445625,4,8,SOLAR,255,BROADCAST,0,HEARTBEAT,1,PING,0,0,0,0,0,0,0x10023FC0
1777170815.740,445627,4,8,SOLAR,1,CDH,10,HEALTH,1,PING,50,0,22,25,22,0,0x1002004A
1777170816.740,446623,4,8,SOLAR,255,BROADCAST,0,HEARTBEAT,1,PING,0,0,0,0,0,0,0x10023FC0
1777170817.772,447619,4,8,SOLAR,255,BROADCAST,0,HEARTBEAT,1,PING,0,0,0,0,0,0,0x10023FC0
1777170818.723,448615,4,8,SOLAR,255,BROADCAST,0,HEARTBEAT,1,PING,0,0,0,0,0,0,0x10023FC0
1777170819.719,449611,4,8,SOLAR,255,BROADCAST,0,HEARTBEAT,1,PING,0,0,0,0,0,0,0x10023FC0
1777170820.740,450607,4,8,SOLAR,255,BROADCAST,0,HEARTBEAT,1,PING,0,0,0,0,0,0,0x10023FC0
1777170820.740,450609,4,8,SOLAR,1,CDH,10,HEALTH,1,PING,50,0,22,25,22,0,0x1002004A
1777170821.714,451605,4,8,SOLAR,255,BROADCAST,0,HEARTBEAT,1,PING,0,0,0,0,0,0,0x10023FC0
1777170822.711,452601,4,8,SOLAR,255,BROADCAST,0,HEARTBEAT,1,PING,0,0,0,0,0,0,0x10023FC0
1777170823.710,453597,4,8,SOLAR,255,BROADCAST,0,HEARTBEAT,1,PING,0,0,0,0,0,0,0x10023FC0
1777170824.745,454593,4,8,SOLAR,255,BROADCAST,0,HEARTBEAT,1,PING,0,0,0,0,0,0,0x10023FC0
1777170825.697,455589,4,8,SOLAR,255,BROADCAST,0,HEARTBEAT,1,PING,0,0,0,0,0,0,0x10023FC0
1777170825.699,455591,4,8,SOLAR,1,CDH,10,HEALTH,1,PING,50,0,22,25,22,0,0x1002004A
1777170826.696,456588,4,8,SOLAR,255,BROADCAST,0,HEARTBEAT,1,PING,0,0,0,0,0,0,0x10023FC0
1777170827.703,457583,4,8,SOLAR,255,BROADCAST,0,HEARTBEAT,1,PING,0,0,0,0,0,0,0x10023FC0
1777170828.725,458579,4,8,SOLAR,255,BROADCAST,0,HEARTBEAT,1,PING,0,0,0,0,0,0,0x10023FC0
1777170829.684,459575,4,8,SOLAR,255,BROADCAST,0,HEARTBEAT,1,PING,0,0,0,0,0,0,0x10023FC0
1777170830.680,460571,4,8,SOLAR,255,BROADCAST,0,HEARTBEAT,1,PING,0,0,0,0,0,0,0x10023FC0
1777170830.682,460574,4,8,SOLAR,1,CDH,10,HEALTH,1,PING,50,0,22,25,22,0,0x1002004A
1777170831.690,461570,4,8,SOLAR,255,BROADCAST,0,HEARTBEAT,1,PING,0,0,0,0,0,0,0x10023FC0
1777170832.707,462565,4,8,SOLAR,255,BROADCAST,0,HEARTBEAT,1,PING,0,0,0,0,0,0,0x10023FC0
1777170833.669,463561,4,8,SOLAR,255,BROADCAST,0,HEARTBEAT,1,PING,0,0,0,0,0,0,0x10023FC0
1777170834.666,464557,4,8,SOLAR,255,BROADCAST,0,HEARTBEAT,1,PING,0,0,0,0,0,0,0x10023FC0
1777170835.690,465553,4,8,SOLAR,255,BROADCAST,0,HEARTBEAT,1,PING,0,0,0,0,0,0,0x10023FC0
1777170835.690,465555,4,8,SOLAR,1,CDH,10,HEALTH,1,PING,50,0,22,25,22,0,0x1002004A
1777170836.660,466552,4,8,SOLAR,255,BROADCAST,0,HEARTBEAT,1,PING,0,0,0,0,0,0,0x10023FC0
1777170837.657,467547,4,8,SOLAR,255,BROADCAST,0,HEARTBEAT,1,PING,0,0,0,0,0,0,0x10023FC0
1777170838.662,468543,4,8,SOLAR,255,BROADCAST,0,HEARTBEAT,1,PING,0,0,0,0,0,0,0x10023FC0
1777170839.678,469539,4,8,SOLAR,255,BROADCAST,0,HEARTBEAT,1,PING,0,0,0,0,0,0,0x10023FC0
1777170840.643,470535,4,8,SOLAR,255,BROADCAST,0,HEARTBEAT,1,PING,0,0,0,0,0,0,0x10023FC0
1777170840.646,470537,4,8,SOLAR,1,CDH,10,HEALTH,1,PING,50,0,22,25,22,0,0x1002004A
1777170841.642,471533,4,8,SOLAR,255,BROADCAST,0,HEARTBEAT,1,PING,0,0,0,0,0,0,0x10023FC0
1777170842.652,472529,4,8,SOLAR,255,BROADCAST,0,HEARTBEAT,1,PING,0,0,0,0,0,0,0x10023FC0
1777170843.677,473525,4,8,SOLAR,255,BROADCAST,0,HEARTBEAT,1,PING,0,0,0,0,0,0,0x10023FC0
1777170844.630,474521,4,8,SOLAR,255,BROADCAST,0,HEARTBEAT,1,PING,0,0,0,0,0,0,0x10023FC0
1777170845.626,475517,4,8,SOLAR,255,BROADCAST,0,HEARTBEAT,1,PING,0,0,0,0,0,0,0x10023FC0
1777170845.628,475520,4,8,SOLAR,1,CDH,10,HEALTH,1,PING,50,0,22,25,22,0,0x1002004A
1777170846.650,476516,4,8,SOLAR,255,BROADCAST,0,HEARTBEAT,1,PING,0,0,0,0,0,0,0x10023FC0
1777170847.621,477512,4,8,SOLAR,255,BROADCAST,0,HEARTBEAT,1,PING,0,0,0,0,0,0,0x10023FC0
1777170848.617,478508,4,8,SOLAR,255,BROADCAST,0,HEARTBEAT,1,PING,0,0,0,0,0,0,0x10023FC0
1777170849.614,479504,4,8,SOLAR,255,BROADCAST,0,HEARTBEAT,1,PING,0,0,0,0,0,0,0x10023FC0
1777170850.639,480499,4,8,SOLAR,255,BROADCAST,0,HEARTBEAT,1,PING,0,0,0,0,0,0,0x10023FC0
1777170850.639,480502,4,8,SOLAR,1,CDH,10,HEALTH,1,PING,50,0,22,25,22,0,0x1002004A
1777170851.607,481498,4,8,SOLAR,255,BROADCAST,0,HEARTBEAT,1,PING,0,0,0,0,0,0,0x10023FC0
1777170852.603,482494,4,8,SOLAR,255,BROADCAST,0,HEARTBEAT,1,PING,0,0,0,0,0,0,0x10023FC0
1777170853.603,483490,4,8,SOLAR,255,BROADCAST,0,HEARTBEAT,1,PING,0,0,0,0,0,0,0x10023FC0
1777170854.621,484486,4,8,SOLAR,255,BROADCAST,0,HEARTBEAT,1,PING,0,0,0,0,0,0,0x10023FC0
1777170855.590,485482,4,8,SOLAR,255,BROADCAST,0,HEARTBEAT,1,PING,0,0,0,0,0,0,0x10023FC0
1777170855.593,485485,4,8,SOLAR,1,CDH,10,HEALTH,1,PING,50,0,22,25,22,0,0x1002004A
1777170856.590,486481,4,8,SOLAR,255,BROADCAST,0,HEARTBEAT,1,PING,0,0,0,0,0,0,0x10023FC0
1777170857.606,487477,4,8,SOLAR,255,BROADCAST,0,HEARTBEAT,1,PING,0,0,0,0,0,0,0x10023FC0
1777170858.582,488472,4,8,SOLAR,255,BROADCAST,0,HEARTBEAT,1,PING,0,0,0,0,0,0,0x10023FC0
1777170859.577,489468,4,8,SOLAR,255,BROADCAST,0,HEARTBEAT,1,PING,0,0,0,0,0,0,0x10023FC0
1777170860.573,490464,4,8,SOLAR,255,BROADCAST,0,HEARTBEAT,1,PING,0,0,0,0,0,0,0x10023FC0
1777170860.581,490467,4,8,SOLAR,1,CDH,10,HEALTH,1,PING,50,0,22,25,22,0,0x1002004A
1777170861.595,491463,4,8,SOLAR,255,BROADCAST,0,HEARTBEAT,1,PING,0,0,0,0,0,0,0x10023FC0
1777170862.568,492459,4,8,SOLAR,255,BROADCAST,0,HEARTBEAT,1,PING,0,0,0,0,0,0,0x10023FC0
1777170863.564,493455,4,8,SOLAR,255,BROADCAST,0,HEARTBEAT,1,PING,0,0,0,0,0,0,0x10023FC0
1777170864.565,494451,4,8,SOLAR,255,BROADCAST,0,HEARTBEAT,1,PING,0,0,0,0,0,0,0x10023FC0
1777170865.591,495446,4,8,SOLAR,255,BROADCAST,0,HEARTBEAT,1,PING,0,0,0,0,0,0,0x10023FC0
1777170865.591,495449,4,8,SOLAR,1,CDH,10,HEALTH,1,PING,50,0,22,25,22,0,0x1002004A
1777170866.554,496445,4,8,SOLAR,255,BROADCAST,0,HEARTBEAT,1,PING,0,0,0,0,0,0,0x10023FC0
1777170867.550,497441,4,8,SOLAR,255,BROADCAST,0,HEARTBEAT,1,PING,0,0,0,0,0,0,0x10023FC0
1777170868.559,498437,4,8,SOLAR,255,BROADCAST,0,HEARTBEAT,1,PING,0,0,0,0,0,0,0x10023FC0
1777170869.578,499432,4,8,SOLAR,255,BROADCAST,0,HEARTBEAT,1,PING,0,0,0,0,0,0,0x10023FC0
1777170870.537,500428,4,8,SOLAR,255,BROADCAST,0,HEARTBEAT,1,PING,0,0,0,0,0,0,0x10023FC0
1777170870.540,500431,4,8,SOLAR,1,CDH,10,HEALTH,1,PING,50,0,22,25,22,0,0x1002004A
1777170871.536,501427,4,8,SOLAR,255,BROADCAST,0,HEARTBEAT,1,PING,0,0,0,0,0,0,0x10023FC0
1777170872.546,502422,4,8,SOLAR,255,BROADCAST,0,HEARTBEAT,1,PING,0,0,0,0,0,0,0x10023FC0
1777170873.527,503418,4,8,SOLAR,255,BROADCAST,0,HEARTBEAT,1,PING,0,0,0,0,0,0,0x10023FC0
1777170874.523,504414,4,8,SOLAR,255,BROADCAST,0,HEARTBEAT,1,PING,0,0,0,0,0,0,0x10023FC0
1777170875.530,505409,4,8,SOLAR,255,BROADCAST,0,HEARTBEAT,1,PING,0,0,0,0,0,0,0x10023FC0
1777170875.530,505412,4,8,SOLAR,1,CDH,10,HEALTH,1,PING,50,0,22,25,22,0,0x1002004A
1777170876.545,506408,4,8,SOLAR,255,BROADCAST,0,HEARTBEAT,1,PING,0,0,0,0,0,0,0x10023FC0
1777170877.514,507404,4,8,SOLAR,255,BROADCAST,0,HEARTBEAT,1,PING,0,0,0,0,0,0,0x10023FC0
1777170878.509,508400,4,8,SOLAR,255,BROADCAST,0,HEARTBEAT,1,PING,0,0,0,0,0,0,0x10023FC0
1777170879.508,509395,4,8,SOLAR,255,BROADCAST,0,HEARTBEAT,1,PING,0,0,0,0,0,0,0x10023FC0
1777170880.527,510391,4,8,SOLAR,255,BROADCAST,0,HEARTBEAT,1,PING,0,0,0,0,0,0,0x10023FC0
1777170880.527,510394,4,8,SOLAR,1,CDH,10,HEALTH,1,PING,50,0,22,25,22,0,0x1002004A
1777170881.500,511390,4,8,SOLAR,255,BROADCAST,0,HEARTBEAT,1,PING,0,0,0,0,0,0,0x10023FC0
1777170882.495,512386,4,8,SOLAR,255,BROADCAST,0,HEARTBEAT,1,PING,0,0,0,0,0,0,0x10023FC0
1777170883.498,513381,4,8,SOLAR,255,BROADCAST,0,HEARTBEAT,1,PING,0,0,0,0,0,0,0x10023FC0
1777170884.491,514377,4,8,SOLAR,255,BROADCAST,0,HEARTBEAT,1,PING,0,0,0,0,0,0,0x10023FC0
1777170885.483,515373,4,8,SOLAR,255,BROADCAST,0,HEARTBEAT,1,PING,0,0,0,0,0,0,0x10023FC0
1777170885.485,515376,4,8,SOLAR,1,CDH,10,HEALTH,1,PING,50,0,22,25,22,0,0x1002004A
1777170886.481,516372,4,8,SOLAR,255,BROADCAST,0,HEARTBEAT,1,PING,0,0,0,0,0,0,0x10023FC0
1777170887.502,517367,4,8,SOLAR,255,BROADCAST,0,HEARTBEAT,1,PING,0,0,0,0,0,0,0x10023FC0
1777170888.472,518363,4,8,SOLAR,255,BROADCAST,0,HEARTBEAT,1,PING,0,0,0,0,0,0,0x10023FC0
1777170889.468,519358,4,8,SOLAR,255,BROADCAST,0,HEARTBEAT,1,PING,0,0,0,0,0,0,0x10023FC0
1777170890.476,520354,4,8,SOLAR,255,BROADCAST,0,HEARTBEAT,1,PING,0,0,0,0,0,0,0x10023FC0
1777170890.476,520357,4,8,SOLAR,1,CDH,10,HEALTH,1,PING,50,0,22,25,22,0,0x1002004A
1777170891.492,521352,4,8,SOLAR,255,BROADCAST,0,HEARTBEAT,1,PING,0,0,0,0,0,0,0x10023FC0
1777170892.458,522348,4,8,SOLAR,255,BROADCAST,0,HEARTBEAT,1,PING,0,0,0,0,0,0,0x10023FC0
1777170893.453,523344,4,8,SOLAR,255,BROADCAST,0,HEARTBEAT,1,PING,0,0,0,0,0,0,0x10023FC0
1777170894.460,524339,4,8,SOLAR,255,BROADCAST,0,HEARTBEAT,1,PING,0,0,0,0,0,0,0x10023FC0
1777170895.490,525335,4,8,SOLAR,255,BROADCAST,0,HEARTBEAT,1,PING,0,0,0,0,0,0,0x10023FC0
1777170895.490,525338,4,8,SOLAR,1,CDH,10,HEALTH,1,PING,50,0,22,25,22,0,0x1002004A
1777170896.443,526334,4,8,SOLAR,255,BROADCAST,0,HEARTBEAT,1,PING,0,0,0,0,0,0,0x10023FC0
1777170897.439,527329,4,8,SOLAR,255,BROADCAST,0,HEARTBEAT,1,PING,0,0,0,0,0,0,0x10023FC0
1777170898.458,528325,4,8,SOLAR,255,BROADCAST,0,HEARTBEAT,1,PING,0,0,0,0,0,0,0x10023FC0
1777170899.430,529321,4,8,SOLAR,255,BROADCAST,0,HEARTBEAT,1,PING,0,0,0,0,0,0,0x10023FC0
1777170900.427,530317,4,8,SOLAR,255,BROADCAST,0,HEARTBEAT,1,PING,0,0,0,0,0,0,0x10023FC0
1777170900.428,530320,4,8,SOLAR,1,CDH,10,HEALTH,1,PING,50,0,22,25,22,0,0x1002004A
1777170901.430,531316,4,8,SOLAR,255,BROADCAST,0,HEARTBEAT,1,PING,0,0,0,0,0,0,0x10023FC0
1777170902.445,532311,4,8,SOLAR,255,BROADCAST,0,HEARTBEAT,1,PING,0,0,0,0,0,0,0x10023FC0
1777170903.418,533307,4,8,SOLAR,255,BROADCAST,0,HEARTBEAT,1,PING,0,0,0,0,0,0,0x10023FC0
1777170904.413,534303,4,8,SOLAR,255,BROADCAST,0,HEARTBEAT,1,PING,0,0,0,0,0,0,0x10023FC0
1777170905.422,535299,4,8,SOLAR,255,BROADCAST,0,HEARTBEAT,1,PING,0,0,0,0,0,0,0x10023FC0
1777170905.422,535302,4,8,SOLAR,1,CDH,10,HEALTH,1,PING,50,0,22,25,22,0,0x1002004A
1777170906.459,536298,4,8,SOLAR,255,BROADCAST,0,HEARTBEAT,1,PING,0,0,0,0,0,0,0x10023FC0
1777170907.406,537294,4,8,SOLAR,255,BROADCAST,0,HEARTBEAT,1,PING,0,0,0,0,0,0,0x10023FC0
1777170908.399,538289,4,8,SOLAR,255,BROADCAST,0,HEARTBEAT,1,PING,0,0,0,0,0,0,0x10023FC0
1777170909.403,539285,4,8,SOLAR,255,BROADCAST,0,HEARTBEAT,1,PING,0,0,0,0,0,0,0x10023FC0
1777170910.392,540281,4,8,SOLAR,255,BROADCAST,0,HEARTBEAT,1,PING,0,0,0,0,0,0,0x10023FC0
1777170910.393,540284,4,8,SOLAR,1,CDH,10,HEALTH,1,PING,50,0,22,25,22,0,0x1002004A
1777170911.391,541280,4,8,SOLAR,255,BROADCAST,0,HEARTBEAT,1,PING,0,0,0,0,0,0,0x10023FC0
1777170912.385,542276,4,8,SOLAR,255,BROADCAST,0,HEARTBEAT,1,PING,0,0,0,0,0,0,0x10023FC0
1777170913.411,543272,4,8,SOLAR,255,BROADCAST,0,HEARTBEAT,1,PING,0,0,0,0,0,0,0x10023FC0
1777170914.377,544267,4,8,SOLAR,255,BROADCAST,0,HEARTBEAT,1,PING,0,0,0,0,0,0,0x10023FC0
1777170915.375,545263,4,8,SOLAR,255,BROADCAST,0,HEARTBEAT,1,PING,0,0,0,0,0,0,0x10023FC0
1777170915.376,545266,4,8,SOLAR,1,CDH,10,HEALTH,1,PING,50,0,22,25,22,0,0x1002004A
1777170916.373,546262,4,8,SOLAR,255,BROADCAST,0,HEARTBEAT,1,PING,0,0,0,0,0,0,0x10023FC0
1777170917.405,547258,4,8,SOLAR,255,BROADCAST,0,HEARTBEAT,1,PING,0,0,0,0,0,0,0x10023FC0
1777170918.363,548254,4,8,SOLAR,255,BROADCAST,0,HEARTBEAT,1,PING,0,0,0,0,0,0,0x10023FC0
1777170919.360,549250,4,8,SOLAR,255,BROADCAST,0,HEARTBEAT,1,PING,0,0,0,0,0,0,0x10023FC0
1777170920.373,550246,4,8,SOLAR,255,BROADCAST,0,HEARTBEAT,1,PING,0,0,0,0,0,0,0x10023FC0
1777170920.373,550248,4,8,SOLAR,1,CDH,10,HEALTH,1,PING,50,0,22,25,22,0,0x1002004A
1777170921.354,551244,4,8,SOLAR,255,BROADCAST,0,HEARTBEAT,1,PING,0,0,0,0,0,0,0x10023FC0
1777170922.350,552240,4,8,SOLAR,255,BROADCAST,0,HEARTBEAT,1,PING,0,0,0,0,0,0,0x10023FC0
1777170923.349,553236,4,8,SOLAR,255,BROADCAST,0,HEARTBEAT,1,PING,0,0,0,0,0,0,0x10023FC0
1777170924.373,554232,4,8,SOLAR,255,BROADCAST,0,HEARTBEAT,1,PING,0,0,0,0,0,0,0x10023FC0
1777170925.338,555228,4,8,SOLAR,255,BROADCAST,0,HEARTBEAT,1,PING,0,0,0,0,0,0,0x10023FC0
1777170925.340,555231,4,8,SOLAR,1,CDH,10,HEALTH,1,PING,50,0,22,25,22,0,0x1002004A
1777170926.337,556227,4,8,SOLAR,255,BROADCAST,0,HEARTBEAT,1,PING,0,0,0,0,0,0,0x10023FC0
1777170927.346,557223,4,8,SOLAR,255,BROADCAST,0,HEARTBEAT,1,PING,0,0,0,0,0,0,0x10023FC0
1777170928.369,558219,4,8,SOLAR,255,BROADCAST,0,HEARTBEAT,1,PING,0,0,0,0,0,0,0x10023FC0
1777170929.326,559215,4,8,SOLAR,255,BROADCAST,0,HEARTBEAT,1,PING,0,0,0,0,0,0,0x10023FC0
1777170930.321,560211,4,8,SOLAR,255,BROADCAST,0,HEARTBEAT,1,PING,0,0,0,0,0,0,0x10023FC0
1777170930.323,560213,4,8,SOLAR,1,CDH,10,HEALTH,1,PING,50,0,22,25,22,0,0x1002004A
1777170931.338,561209,4,8,SOLAR,255,BROADCAST,0,HEARTBEAT,1,PING,0,0,0,0,0,0,0x10023FC0
1777170932.348,562205,4,8,SOLAR,255,BROADCAST,0,HEARTBEAT,1,PING,0,0,0,0,0,0,0x10023FC0
1777170933.327,563201,4,8,SOLAR,255,BROADCAST,0,HEARTBEAT,1,PING,0,0,0,0,0,0,0x10023FC0
1777170934.307,564197,4,8,SOLAR,255,BROADCAST,0,HEARTBEAT,1,PING,0,0,0,0,0,0,0x10023FC0
1777170935.321,565193,4,8,SOLAR,255,BROADCAST,0,HEARTBEAT,1,PING,0,0,0,0,0,0,0x10023FC0
1777170935.321,565196,4,8,SOLAR,1,CDH,10,HEALTH,1,PING,50,0,22,25,22,0,0x1002004A
1777170936.302,566192,4,8,SOLAR,255,BROADCAST,0,HEARTBEAT,1,PING,0,0,0,0,0,0,0x10023FC0
1777170937.300,567188,4,8,SOLAR,255,BROADCAST,0,HEARTBEAT,1,PING,0,0,0,0,0,0,0x10023FC0
1777170938.294,568184,4,8,SOLAR,255,BROADCAST,0,HEARTBEAT,1,PING,0,0,0,0,0,0,0x10023FC0
1777170939.321,569180,4,8,SOLAR,255,BROADCAST,0,HEARTBEAT,1,PING,0,0,0,0,0,0,0x10023FC0
1777170940.287,570176,4,8,SOLAR,255,BROADCAST,0,HEARTBEAT,1,PING,0,0,0,0,0,0,0x10023FC0
1777170940.288,570178,4,8,SOLAR,1,CDH,10,HEALTH,1,PING,50,0,22,25,22,0,0x1002004A
1777170941.285,571175,4,8,SOLAR,255,BROADCAST,0,HEARTBEAT,1,PING,0,0,0,0,0,0,0x10023FC0
1777170942.286,572171,4,8,SOLAR,255,BROADCAST,0,HEARTBEAT,1,PING,0,0,0,0,0,0,0x10023FC0
1777170943.317,573166,4,8,SOLAR,255,BROADCAST,0,HEARTBEAT,1,PING,0,0,0,0,0,0,0x10023FC0
1777170944.273,574162,4,8,SOLAR,255,BROADCAST,0,HEARTBEAT,1,PING,0,0,0,0,0,0,0x10023FC0
1777170945.269,575159,4,8,SOLAR,255,BROADCAST,0,HEARTBEAT,1,PING,0,0,0,0,0,0,0x10023FC0
1777170945.271,575161,4,8,SOLAR,1,CDH,10,HEALTH,1,PING,50,0,22,25,22,0,0x1002004A
1777170946.280,576158,4,8,SOLAR,255,BROADCAST,0,HEARTBEAT,1,PING,0,0,0,0,0,0,0x10023FC0
1777170947.311,577153,4,8,SOLAR,255,BROADCAST,0,HEARTBEAT,1,PING,0,0,0,0,0,0,0x10023FC0
1777170948.260,578149,4,8,SOLAR,255,BROADCAST,0,HEARTBEAT,1,PING,0,0,0,0,0,0,0x10023FC0
1777170949.256,579145,4,8,SOLAR,255,BROADCAST,0,HEARTBEAT,1,PING,0,0,0,0,0,0,0x10023FC0
1777170950.268,580141,4,8,SOLAR,255,BROADCAST,0,HEARTBEAT,1,PING,0,0,0,0,0,0,0x10023FC0
1777170950.268,580144,4,8,SOLAR,1,CDH,10,HEALTH,1,PING,50,0,22,25,22,0,0x1002004A
1777170951.251,581140,4,8,SOLAR,255,BROADCAST,0,HEARTBEAT,1,PING,0,0,0,0,0,0,0x10023FC0
1777170952.247,582136,4,8,SOLAR,255,BROADCAST,0,HEARTBEAT,1,PING,0,0,0,0,0,0,0x10023FC0
1777170953.248,583132,4,8,SOLAR,255,BROADCAST,0,HEARTBEAT,1,PING,0,0,0,0,0,0,0x10023FC0
1777170954.272,584128,4,8,SOLAR,255,BROADCAST,0,HEARTBEAT,1,PING,0,0,0,0,0,0,0x10023FC0
1777170955.234,585124,4,8,SOLAR,255,BROADCAST,0,HEARTBEAT,1,PING,0,0,0,0,0,0,0x10023FC0
1777170955.237,585126,4,8,SOLAR,1,CDH,10,HEALTH,1,PING,50,0,22,25,22,0,0x1002004A
1777170956.235,586123,4,8,SOLAR,255,BROADCAST,0,HEARTBEAT,1,PING,0,0,0,0,0,0,0x10023FC0
1777170957.243,587119,4,8,SOLAR,255,BROADCAST,0,HEARTBEAT,1,PING,0,0,0,0,0,0,0x10023FC0
1777170958.266,588114,4,8,SOLAR,255,BROADCAST,0,HEARTBEAT,1,PING,0,0,0,0,0,0,0x10023FC0
1777170959.221,589110,4,8,SOLAR,255,BROADCAST,0,HEARTBEAT,1,PING,0,0,0,0,0,0,0x10023FC0
1777170960.217,590106,4,8,SOLAR,255,BROADCAST,0,HEARTBEAT,1,PING,0,0,0,0,0,0,0x10023FC0
1777170960.219,590109,4,8,SOLAR,1,CDH,10,HEALTH,1,PING,50,0,22,25,22,0,0x1002004A
1777170961.230,591105,4,8,SOLAR,255,BROADCAST,0,HEARTBEAT,1,PING,0,0,0,0,0,0,0x10023FC0
1777170962.212,592101,4,8,SOLAR,255,BROADCAST,0,HEARTBEAT,1,PING,0,0,0,0,0,0,0x10023FC0
1777170963.207,593097,4,8,SOLAR,255,BROADCAST,0,HEARTBEAT,1,PING,0,0,0,0,0,0,0x10023FC0
1777170964.205,594093,4,8,SOLAR,255,BROADCAST,0,HEARTBEAT,1,PING,0,0,0,0,0,0,0x10023FC0
1777170965.230,595089,4,8,SOLAR,255,BROADCAST,0,HEARTBEAT,1,PING,0,0,0,0,0,0,0x10023FC0
1777170965.230,595092,4,8,SOLAR,1,CDH,10,HEALTH,1,PING,50,0,22,25,22,0,0x1002004A
1777170966.198,596088,4,8,SOLAR,255,BROADCAST,0,HEARTBEAT,1,PING,0,0,0,0,0,0,0x10023FC0
1777170967.194,597084,4,8,SOLAR,255,BROADCAST,0,HEARTBEAT,1,PING,0,0,0,0,0,0,0x10023FC0
1777170968.191,598080,4,8,SOLAR,255,BROADCAST,0,HEARTBEAT,1,PING,0,0,0,0,0,0,0x10023FC0
1777170969.216,599075,4,8,SOLAR,255,BROADCAST,0,HEARTBEAT,1,PING,0,0,0,0,0,0,0x10023FC0
1777170970.182,600071,4,8,SOLAR,255,BROADCAST,0,HEARTBEAT,1,PING,0,0,0,0,0,0,0x10023FC0
1777170970.184,600074,4,8,SOLAR,1,CDH,10,HEALTH,1,PING,50,0,22,25,22,0,0x1002004A
1777170971.181,601070,4,8,SOLAR,255,BROADCAST,0,HEARTBEAT,1,PING,0,0,0,0,0,0,0x10023FC0
1777170972.197,602066,4,8,SOLAR,255,BROADCAST,0,HEARTBEAT,1,PING,0,0,0,0,0,0,0x10023FC0
1777170973.212,603062,4,8,SOLAR,255,BROADCAST,0,HEARTBEAT,1,PING,0,0,0,0,0,0,0x10023FC0
1777170974.169,604058,4,8,SOLAR,255,BROADCAST,0,HEARTBEAT,1,PING,0,0,0,0,0,0,0x10023FC0
1777170975.165,605054,4,8,SOLAR,255,BROADCAST,0,HEARTBEAT,1,PING,0,0,0,0,0,0,0x10023FC0
1777170975.167,605057,4,8,SOLAR,1,CDH,10,HEALTH,1,PING,50,0,22,25,22,0,0x1002004A
1777170976.179,606053,4,8,SOLAR,255,BROADCAST,0,HEARTBEAT,1,PING,0,0,0,0,0,0,0x10023FC0
1777170977.159,607049,4,8,SOLAR,255,BROADCAST,0,HEARTBEAT,1,PING,0,0,0,0,0,0,0x10023FC0
1777170978.159,608045,4,8,SOLAR,255,BROADCAST,0,HEARTBEAT,1,PING,0,0,0,0,0,0,0x10023FC0
1777170979.155,609041,4,8,SOLAR,255,BROADCAST,0,HEARTBEAT,1,PING,0,0,0,0,0,0,0x10023FC0
1777170980.187,610037,4,8,SOLAR,255,BROADCAST,0,HEARTBEAT,1,PING,0,0,0,0,0,0,0x10023FC0
1777170980.187,610039,4,8,SOLAR,1,CDH,10,HEALTH,1,PING,50,0,22,25,22,0,0x1002004A
1777170981.151,611036,4,8,SOLAR,255,BROADCAST,0,HEARTBEAT,1,PING,0,0,0,0,0,0,0x10023FC0
1777170982.142,612031,4,8,SOLAR,255,BROADCAST,0,HEARTBEAT,1,PING,0,0,0,0,0,0,0x10023FC0
1777170983.150,613027,4,8,SOLAR,255,BROADCAST,0,HEARTBEAT,1,PING,0,0,0,0,0,0,0x10023FC0
1777170984.177,614023,4,8,SOLAR,255,BROADCAST,0,HEARTBEAT,1,PING,0,0,0,0,0,0,0x10023FC0
1777170985.130,615019,4,8,SOLAR,255,BROADCAST,0,HEARTBEAT,1,PING,0,0,0,0,0,0,0x10023FC0
1777170985.132,615022,4,8,SOLAR,1,CDH,10,HEALTH,1,PING,50,0,22,25,22,0,0x1002004A
1777170986.130,616018,4,8,SOLAR,255,BROADCAST,0,HEARTBEAT,1,PING,0,0,0,0,0,0,0x10023FC0
1777170987.139,617014,4,8,SOLAR,255,BROADCAST,0,HEARTBEAT,1,PING,0,0,0,0,0,0,0x10023FC0
1777170988.121,618010,4,8,SOLAR,255,BROADCAST,0,HEARTBEAT,1,PING,0,0,0,0,0,0,0x10023FC0
1777170989.116,619005,4,8,SOLAR,255,BROADCAST,0,HEARTBEAT,1,PING,0,0,0,0,0,0,0x10023FC0
1777170990.115,620001,4,8,SOLAR,255,BROADCAST,0,HEARTBEAT,1,PING,0,0,0,0,0,0,0x10023FC0
1777170990.116,620004,4,8,SOLAR,1,CDH,10,HEALTH,1,PING,50,0,22,25,22,0,0x1002004A
1777170991.157,621000,4,8,SOLAR,255,BROADCAST,0,HEARTBEAT,1,PING,0,0,0,0,0,0,0x10023FC0
1777170992.107,621996,4,8,SOLAR,255,BROADCAST,0,HEARTBEAT,1,PING,0,0,0,0,0,0,0x10023FC0
1777170993.100,622992,4,8,SOLAR,255,BROADCAST,0,HEARTBEAT,1,PING,0,0,0,0,0,0,0x10023FC0
1777170994.106,623988,4,8,SOLAR,255,BROADCAST,0,HEARTBEAT,1,PING,0,0,0,0,0,0,0x10023FC0
1777170995.133,624984,4,8,SOLAR,255,BROADCAST,0,HEARTBEAT,1,PING,0,0,0,0,0,0,0x10023FC0
1777170995.133,624986,4,8,SOLAR,1,CDH,10,HEALTH,1,PING,50,0,22,25,22,0,0x1002004A
1777170996.093,625982,4,8,SOLAR,255,BROADCAST,0,HEARTBEAT,1,PING,0,0,0,0,0,0,0x10023FC0
1777170997.089,626978,4,8,SOLAR,255,BROADCAST,0,HEARTBEAT,1,PING,0,0,0,0,0,0,0x10023FC0
1777170998.092,627974,4,8,SOLAR,255,BROADCAST,0,HEARTBEAT,1,PING,0,0,0,0,0,0,0x10023FC0
1777170999.143,628970,4,8,SOLAR,255,BROADCAST,0,HEARTBEAT,1,PING,0,0,0,0,0,0,0x10023FC0
1777171000.077,629966,4,8,SOLAR,255,BROADCAST,0,HEARTBEAT,1,PING,0,0,0,0,0,0,0x10023FC0
1777171000.079,629968,4,8,SOLAR,1,CDH,10,HEALTH,1,PING,50,0,22,25,22,0,0x1002004A
1777171001.076,630964,4,8,SOLAR,255,BROADCAST,0,HEARTBEAT,1,PING,0,0,0,0,0,0,0x10023FC0
1777171002.092,631960,4,8,SOLAR,255,BROADCAST,0,HEARTBEAT,1,PING,0,0,0,0,0,0,0x10023FC0
1777171003.068,632956,4,8,SOLAR,255,BROADCAST,0,HEARTBEAT,1,PING,0,0,0,0,0,0,0x10023FC0
1777171004.064,633952,4,8,SOLAR,255,BROADCAST,0,HEARTBEAT,1,PING,0,0,0,0,0,0,0x10023FC0
1777171005.062,634948,4,8,SOLAR,255,BROADCAST,0,HEARTBEAT,1,PING,0,0,0,0,0,0,0x10023FC0
1777171005.062,634951,4,8,SOLAR,1,CDH,10,HEALTH,1,PING,50,0,22,25,22,0,0x1002004A
1777171006.087,635947,4,8,SOLAR,255,BROADCAST,0,HEARTBEAT,1,PING,0,0,0,0,0,0,0x10023FC0
1777171007.054,636943,4,8,SOLAR,255,BROADCAST,0,HEARTBEAT,1,PING,0,0,0,0,0,0,0x10023FC0
1777171008.050,637939,4,8,SOLAR,255,BROADCAST,0,HEARTBEAT,1,PING,0,0,0,0,0,0,0x10023FC0
1777171009.058,638935,4,8,SOLAR,255,BROADCAST,0,HEARTBEAT,1,PING,0,0,0,0,0,0,0x10023FC0
1777171010.082,639931,4,8,SOLAR,255,BROADCAST,0,HEARTBEAT,1,PING,0,0,0,0,0,0,0x10023FC0
1777171010.082,639933,4,8,SOLAR,1,CDH,10,HEALTH,1,PING,50,0,22,25,22,0,0x1002004A
1777171011.042,640930,4,8,SOLAR,255,BROADCAST,0,HEARTBEAT,1,PING,0,0,0,0,0,0,0x10023FC0
1777171012.158,641925,4,8,SOLAR,255,BROADCAST,0,HEARTBEAT,1,PING,0,0,0,0,0,0,0x10023FC0
1777171013.044,642921,4,8,SOLAR,255,BROADCAST,0,HEARTBEAT,1,PING,0,0,0,0,0,0,0x10023FC0
1777171014.029,643917,4,8,SOLAR,255,BROADCAST,0,HEARTBEAT,1,PING,0,0,0,0,0,0,0x10023FC0
1777171015.025,644913,4,8,SOLAR,255,BROADCAST,0,HEARTBEAT,1,PING,0,0,0,0,0,0,0x10023FC0
1777171015.027,644916,4,8,SOLAR,1,CDH,10,HEALTH,1,PING,50,0,22,25,22,0,0x1002004A
1777171016.025,645912,4,8,SOLAR,255,BROADCAST,0,HEARTBEAT,1,PING,0,0,0,0,0,0,0x10023FC0
1777171017.048,646908,4,8,SOLAR,255,BROADCAST,0,HEARTBEAT,1,PING,0,0,0,0,0,0,0x10023FC0
1777171018.015,647904,4,8,SOLAR,255,BROADCAST,0,HEARTBEAT,1,PING,0,0,0,0,0,0,0x10023FC0
1777171019.012,648900,4,8,SOLAR,255,BROADCAST,0,HEARTBEAT,1,PING,0,0,0,0,0,0,0x10023FC0
1777171020.021,649896,4,8,SOLAR,255,BROADCAST,0,HEARTBEAT,1,PING,0,0,0,0,0,0,0x10023FC0
1777171020.021,649898,4,8,SOLAR,1,CDH,10,HEALTH,1,PING,50,0,22,25,22,0,0x1002004A
1777171021.042,650894,4,8,SOLAR,255,BROADCAST,0,HEARTBEAT,1,PING,0,0,0,0,0,0,0x10023FC0
1777171022.002,651890,4,8,SOLAR,255,BROADCAST,0,HEARTBEAT,1,PING,0,0,0,0,0,0,0x10023FC0
1777171022.998,652886,4,8,SOLAR,255,BROADCAST,0,HEARTBEAT,1,PING,0,0,0,0,0,0,0x10023FC0
1777171024.009,653882,4,8,SOLAR,255,BROADCAST,0,HEARTBEAT,1,PING,0,0,0,0,0,0,0x10023FC0
1777171025.027,654878,4,8,SOLAR,255,BROADCAST,0,HEARTBEAT,1,PING,0,0,0,0,0,0,0x10023FC0
1777171025.027,654881,4,8,SOLAR,1,CDH,10,HEALTH,1,PING,50,0,22,25,22,0,0x1002004A
1777171025.988,655877,4,8,SOLAR,255,BROADCAST,0,HEARTBEAT,1,PING,0,0,0,0,0,0,0x10023FC0
1777171026.984,656873,4,8,SOLAR,255,BROADCAST,0,HEARTBEAT,1,PING,0,0,0,0,0,0,0x10023FC0
1777171028.035,657869,4,8,SOLAR,255,BROADCAST,0,HEARTBEAT,1,PING,0,0,0,0,0,0,0x10023FC0
1777171028.977,658865,4,8,SOLAR,255,BROADCAST,0,HEARTBEAT,1,PING,0,0,0,0,0,0,0x10023FC0
1777171029.975,659861,4,8,SOLAR,255,BROADCAST,0,HEARTBEAT,1,PING,0,0,0,0,0,0,0x10023FC0
1777171029.975,659863,4,8,SOLAR,1,CDH,10,HEALTH,1,PING,50,0,22,25,22,0,0x1002004A
1777171030.972,660860,4,8,SOLAR,255,BROADCAST,0,HEARTBEAT,1,PING,0,0,0,0,0,0,0x10023FC0
1777171032.027,661855,4,8,SOLAR,255,BROADCAST,0,HEARTBEAT,1,PING,0,0,0,0,0,0,0x10023FC0
1777171032.963,662851,4,8,SOLAR,255,BROADCAST,0,HEARTBEAT,1,PING,0,0,0,0,0,0,0x10023FC0
1777171033.959,663847,4,8,SOLAR,255,BROADCAST,0,HEARTBEAT,1,PING,0,0,0,0,0,0,0x10023FC0
1777171034.965,664843,4,8,SOLAR,255,BROADCAST,0,HEARTBEAT,1,PING,0,0,0,0,0,0,0x10023FC0
1777171034.965,664846,4,8,SOLAR,1,CDH,10,HEALTH,1,PING,50,0,22,25,22,0,0x1002004A
1777171035.992,665842,4,8,SOLAR,255,BROADCAST,0,HEARTBEAT,1,PING,0,0,0,0,0,0,0x10023FC0
1777171036.952,666837,4,8,SOLAR,255,BROADCAST,0,HEARTBEAT,1,PING,0,0,0,0,0,0,0x10023FC0
1777171037.945,667833,4,8,SOLAR,255,BROADCAST,0,HEARTBEAT,1,PING,0,0,0,0,0,0,0x10023FC0
1777171038.959,668829,4,8,SOLAR,255,BROADCAST,0,HEARTBEAT,1,PING,0,0,0,0,0,0,0x10023FC0
1777171054.237,4809,4,8,SOLAR,255,BROADCAST,0,HEARTBEAT,1,PING,0,0,0,0,0,0,0x10023FC0
1777171054.884,5804,4,8,SOLAR,255,BROADCAST,0,HEARTBEAT,1,PING,0,0,0,0,0,0,0x10023FC0
1777171054.886,5807,4,8,SOLAR,1,CDH,10,HEALTH,1,PING,50,0,22,25,22,0,0x1002004A
1777171055.885,6803,4,8,SOLAR,255,BROADCAST,0,HEARTBEAT,1,PING,0,0,0,0,0,0,0x10023FC0
1777171056.882,7799,4,8,SOLAR,255,BROADCAST,0,HEARTBEAT,1,PING,0,0,0,0,0,0,0x10023FC0
1777171057.908,8795,4,8,SOLAR,255,BROADCAST,0,HEARTBEAT,1,PING,0,0,0,0,0,0,0x10023FC0
1777171058.870,9790,4,8,SOLAR,255,BROADCAST,0,HEARTBEAT,1,PING,0,0,0,0,0,0,0x10023FC0
1777171059.866,10786,4,8,SOLAR,255,BROADCAST,0,HEARTBEAT,1,PING,0,0,0,0,0,0,0x10023FC0
1777171059.868,10789,4,8,SOLAR,1,CDH,10,HEALTH,1,PING,50,0,22,25,22,0,0x1002004A
1777171060.876,11785,4,8,SOLAR,255,BROADCAST,0,HEARTBEAT,1,PING,0,0,0,0,0,0,0x10023FC0
1777171061.929,12781,4,8,SOLAR,255,BROADCAST,0,HEARTBEAT,1,PING,0,0,0,0,0,0,0x10023FC0
1777171062.857,13777,4,8,SOLAR,255,BROADCAST,0,HEARTBEAT,1,PING,0,0,0,0,0,0,0x10023FC0
1777171063.853,14773,4,8,SOLAR,255,BROADCAST,0,HEARTBEAT,1,PING,0,0,0,0,0,0,0x10023FC0
1777171064.868,15769,4,8,SOLAR,255,BROADCAST,0,HEARTBEAT,1,PING,0,0,0,0,0,0,0x10023FC0
1777171064.868,15771,4,8,SOLAR,1,CDH,10,HEALTH,1,PING,50,0,22,25,22,0,0x1002004A
1777171065.995,16767,4,8,SOLAR,255,BROADCAST,0,HEARTBEAT,1,PING,0,0,0,0,0,0,0x10023FC0
1777171066.843,17763,4,8,SOLAR,255,BROADCAST,0,HEARTBEAT,1,PING,0,0,0,0,0,0,0x10023FC0
1777171067.838,18759,4,8,SOLAR,255,BROADCAST,0,HEARTBEAT,1,PING,0,0,0,0,0,0,0x10023FC0
1777171068.863,19755,4,8,SOLAR,255,BROADCAST,0,HEARTBEAT,1,PING,0,0,0,0,0,0,0x10023FC0
1777171069.830,20750,4,8,SOLAR,255,BROADCAST,0,HEARTBEAT,1,PING,0,0,0,0,0,0,0x10023FC0
1777171069.833,20753,4,8,SOLAR,1,CDH,10,HEALTH,1,PING,50,0,22,25,22,0,0x1002004A
1777171070.829,21749,4,8,SOLAR,255,BROADCAST,0,HEARTBEAT,1,PING,0,0,0,0,0,0,0x10023FC0
1777171071.831,22745,4,8,SOLAR,255,BROADCAST,0,HEARTBEAT,1,PING,0,0,0,0,0,0,0x10023FC0
1777171072.892,23741,4,8,SOLAR,255,BROADCAST,0,HEARTBEAT,1,PING,0,0,0,0,0,0,0x10023FC0
1777171073.816,24737,4,8,SOLAR,255,BROADCAST,0,HEARTBEAT,1,PING,0,0,0,0,0,0,0x10023FC0
1777171074.813,25732,4,8,SOLAR,255,BROADCAST,0,HEARTBEAT,1,PING,0,0,0,0,0,0,0x10023FC0
1777171074.814,25735,4,8,SOLAR,1,CDH,10,HEALTH,1,PING,50,0,22,25,22,0,0x1002004A
1777171075.853,26731,4,8,SOLAR,255,BROADCAST,0,HEARTBEAT,1,PING,0,0,0,0,0,0,0x10023FC0
1777171076.849,27727,4,8,SOLAR,255,BROADCAST,0,HEARTBEAT,1,PING,0,0,0,0,0,0,0x10023FC0
1777171077.805,28723,4,8,SOLAR,255,BROADCAST,0,HEARTBEAT,1,PING,0,0,0,0,0,0,0x10023FC0
1777171078.799,29719,4,8,SOLAR,255,BROADCAST,0,HEARTBEAT,1,PING,0,0,0,0,0,0,0x10023FC0
1777171079.818,30714,4,8,SOLAR,255,BROADCAST,0,HEARTBEAT,1,PING,0,0,0,0,0,0,0x10023FC0
1777171079.818,30717,4,8,SOLAR,1,CDH,10,HEALTH,1,PING,50,0,22,25,22,0,0x1002004A
1777171080.793,31713,4,8,SOLAR,255,BROADCAST,0,HEARTBEAT,1,PING,0,0,0,0,0,0,0x10023FC0
1777171081.790,32709,4,8,SOLAR,255,BROADCAST,0,HEARTBEAT,1,PING,0,0,0,0,0,0,0x10023FC0
1777171082.790,33705,4,8,SOLAR,255,BROADCAST,0,HEARTBEAT,1,PING,0,0,0,0,0,0,0x10023FC0
1777171083.815,34701,4,8,SOLAR,255,BROADCAST,0,HEARTBEAT,1,PING,0,0,0,0,0,0,0x10023FC0
1777171084.777,35696,4,8,SOLAR,255,BROADCAST,0,HEARTBEAT,1,PING,0,0,0,0,0,0,0x10023FC0
1777171084.779,35699,4,8,SOLAR,1,CDH,10,HEALTH,1,PING,50,0,22,25,22,0,0x1002004A
1777171085.775,36695,4,8,SOLAR,255,BROADCAST,0,HEARTBEAT,1,PING,0,0,0,0,0,0,0x10023FC0
1777171086.778,37691,4,8,SOLAR,255,BROADCAST,0,HEARTBEAT,1,PING,0,0,0,0,0,0,0x10023FC0
1777171087.809,38687,4,8,SOLAR,255,BROADCAST,0,HEARTBEAT,1,PING,0,0,0,0,0,0,0x10023FC0
1777171088.763,39682,4,8,SOLAR,255,BROADCAST,0,HEARTBEAT,1,PING,0,0,0,0,0,0,0x10023FC0
1777171089.759,40678,4,8,SOLAR,255,BROADCAST,0,HEARTBEAT,1,PING,0,0,0,0,0,0,0x10023FC0
1777171089.760,40681,4,8,SOLAR,1,CDH,10,HEALTH,1,PING,50,0,22,25,22,0,0x1002004A
1777171090.776,41677,4,8,SOLAR,255,BROADCAST,0,HEARTBEAT,1,PING,0,0,0,0,0,0,0x10023FC0
1777171091.753,42673,4,8,SOLAR,255,BROADCAST,0,HEARTBEAT,1,PING,0,0,0,0,0,0,0x10023FC0
1777171092.749,43668,4,8,SOLAR,255,BROADCAST,0,HEARTBEAT,1,PING,0,0,0,0,0,0,0x10023FC0
1777171093.745,44664,4,8,SOLAR,255,BROADCAST,0,HEARTBEAT,1,PING,0,0,0,0,0,0,0x10023FC0
1777171094.756,45660,4,8,SOLAR,255,BROADCAST,0,HEARTBEAT,1,PING,0,0,0,0,0,0,0x10023FC0
1777171094.756,45662,4,8,SOLAR,1,CDH,10,HEALTH,1,PING,50,0,22,25,22,0,0x1002004A
1777171095.739,46658,4,8,SOLAR,255,BROADCAST,0,HEARTBEAT,1,PING,0,0,0,0,0,0,0x10023FC0
1777171096.735,47654,4,8,SOLAR,255,BROADCAST,0,HEARTBEAT,1,PING,0,0,0,0,0,0,0x10023FC0
1777171097.737,48650,4,8,SOLAR,255,BROADCAST,0,HEARTBEAT,1,PING,0,0,0,0,0,0,0x10023FC0
1777171098.756,49645,4,8,SOLAR,255,BROADCAST,0,HEARTBEAT,1,PING,0,0,0,0,0,0,0x10023FC0
1777171099.722,50641,4,8,SOLAR,255,BROADCAST,0,HEARTBEAT,1,PING,0,0,0,0,0,0,0x10023FC0
1777171099.724,50644,4,8,SOLAR,1,CDH,10,HEALTH,1,PING,50,0,22,25,22,0,0x1002004A
1777171100.721,51640,4,8,SOLAR,255,BROADCAST,0,HEARTBEAT,1,PING,0,0,0,0,0,0,0x10023FC0
1777171101.722,52636,4,8,SOLAR,255,BROADCAST,0,HEARTBEAT,1,PING,0,0,0,0,0,0,0x10023FC0
1777171102.711,53631,4,8,SOLAR,255,BROADCAST,0,HEARTBEAT,1,PING,0,0,0,0,0,0,0x10023FC0
1777171103.709,54627,4,8,SOLAR,255,BROADCAST,0,HEARTBEAT,1,PING,0,0,0,0,0,0,0x10023FC0
1777171104.703,55623,4,8,SOLAR,255,BROADCAST,0,HEARTBEAT,1,PING,0,0,0,0,0,0,0x10023FC0
1777171104.705,55625,4,8,SOLAR,1,CDH,10,HEALTH,1,PING,50,0,22,25,22,0,0x1002004A
1777171105.749,56622,4,8,SOLAR,255,BROADCAST,0,HEARTBEAT,1,PING,0,0,0,0,0,0,0x10023FC0
1777171106.698,57617,4,8,SOLAR,255,BROADCAST,0,HEARTBEAT,1,PING,0,0,0,0,0,0,0x10023FC0
1777171107.693,58613,4,8,SOLAR,255,BROADCAST,0,HEARTBEAT,1,PING,0,0,0,0,0,0,0x10023FC0
1777171108.692,59609,4,8,SOLAR,255,BROADCAST,0,HEARTBEAT,1,PING,0,0,0,0,0,0,0x10023FC0
1777171109.715,60605,4,8,SOLAR,255,BROADCAST,0,HEARTBEAT,1,PING,0,0,0,0,0,0,0x10023FC0
1777171109.715,60607,4,8,SOLAR,1,CDH,10,HEALTH,1,PING,50,0,22,25,22,0,0x1002004A
1777171110.684,61603,4,8,SOLAR,255,BROADCAST,0,HEARTBEAT,1,PING,0,0,0,0,0,0,0x10023FC0
1777171111.680,62599,4,8,SOLAR,255,BROADCAST,0,HEARTBEAT,1,PING,0,0,0,0,0,0,0x10023FC0
1777171112.678,63595,4,8,SOLAR,255,BROADCAST,0,HEARTBEAT,1,PING,0,0,0,0,0,0,0x10023FC0
1777171113.744,64591,4,8,SOLAR,255,BROADCAST,0,HEARTBEAT,1,PING,0,0,0,0,0,0,0x10023FC0
1777171114.670,65587,4,8,SOLAR,255,BROADCAST,0,HEARTBEAT,1,PING,0,0,0,0,0,0,0x10023FC0
1777171114.670,65589,4,8,SOLAR,1,CDH,10,HEALTH,1,PING,50,0,22,25,22,0,0x1002004A
1777171115.665,66585,4,8,SOLAR,255,BROADCAST,0,HEARTBEAT,1,PING,0,0,0,0,0,0,0x10023FC0
1777171116.674,67581,4,8,SOLAR,255,BROADCAST,0,HEARTBEAT,1,PING,0,0,0,0,0,0,0x10023FC0
1777171117.657,68577,4,8,SOLAR,255,BROADCAST,0,HEARTBEAT,1,PING,0,0,0,0,0,0,0x10023FC0
1777171118.653,69572,4,8,SOLAR,255,BROADCAST,0,HEARTBEAT,1,PING,0,0,0,0,0,0,0x10023FC0
1777171119.654,70568,4,8,SOLAR,255,BROADCAST,0,HEARTBEAT,1,PING,0,0,0,0,0,0,0x10023FC0
1777171119.654,70571,4,8,SOLAR,1,CDH,10,HEALTH,1,PING,50,0,22,25,22,0,0x1002004A
1777171120.678,71567,4,8,SOLAR,255,BROADCAST,0,HEARTBEAT,1,PING,0,0,0,0,0,0,0x10023FC0
1777171121.643,72563,4,8,SOLAR,255,BROADCAST,0,HEARTBEAT,1,PING,0,0,0,0,0,0,0x10023FC0
1777171122.639,73559,4,8,SOLAR,255,BROADCAST,0,HEARTBEAT,1,PING,0,0,0,0,0,0,0x10023FC0
1777171123.649,74554,4,8,SOLAR,255,BROADCAST,0,HEARTBEAT,1,PING,0,0,0,0,0,0,0x10023FC0
1777171124.695,75550,4,8,SOLAR,255,BROADCAST,0,HEARTBEAT,1,PING,0,0,0,0,0,0,0x10023FC0
1777171124.695,75553,4,8,SOLAR,1,CDH,10,HEALTH,1,PING,50,0,22,25,22,0,0x1002004A
1777171125.630,76549,4,8,SOLAR,255,BROADCAST,0,HEARTBEAT,1,PING,0,0,0,0,0,0,0x10023FC0
1777171126.627,77545,4,8,SOLAR,255,BROADCAST,0,HEARTBEAT,1,PING,0,0,0,0,0,0,0x10023FC0
1777171127.646,78541,4,8,SOLAR,255,BROADCAST,0,HEARTBEAT,1,PING,0,0,0,0,0,0,0x10023FC0
1777171128.617,79536,4,8,SOLAR,255,BROADCAST,0,HEARTBEAT,1,PING,0,0,0,0,0,0,0x10023FC0
1777171129.613,80532,4,8,SOLAR,255,BROADCAST,0,HEARTBEAT,1,PING,0,0,0,0,0,0,0x10023FC0
1777171129.615,80535,4,8,SOLAR,1,CDH,10,HEALTH,1,PING,50,0,22,25,22,0,0x1002004A
1777171130.612,81531,4,8,SOLAR,255,BROADCAST,0,HEARTBEAT,1,PING,0,0,0,0,0,0,0x10023FC0
1777171131.621,82527,4,8,SOLAR,255,BROADCAST,0,HEARTBEAT,1,PING,0,0,0,0,0,0,0x10023FC0
1777171132.611,83523,4,8,SOLAR,255,BROADCAST,0,HEARTBEAT,1,PING,0,0,0,0,0,0,0x10023FC0
1777171133.600,84519,4,8,SOLAR,255,BROADCAST,0,HEARTBEAT,1,PING,0,0,0,0,0,0,0x10023FC0
1777171134.606,85515,4,8,SOLAR,255,BROADCAST,0,HEARTBEAT,1,PING,0,0,0,0,0,0,0x10023FC0
1777171134.606,85517,4,8,SOLAR,1,CDH,10,HEALTH,1,PING,50,0,22,25,22,0,0x1002004A
1777171135.619,86514,4,8,SOLAR,255,BROADCAST,0,HEARTBEAT,1,PING,0,0,0,0,0,0,0x10023FC0
1777171136.591,87509,4,8,SOLAR,255,BROADCAST,0,HEARTBEAT,1,PING,0,0,0,0,0,0,0x10023FC0
1777171137.587,88505,4,8,SOLAR,255,BROADCAST,0,HEARTBEAT,1,PING,0,0,0,0,0,0,0x10023FC0
1777171138.627,89501,4,8,SOLAR,255,BROADCAST,0,HEARTBEAT,1,PING,0,0,0,0,0,0,0x10023FC0
1777171139.611,90497,4,8,SOLAR,255,BROADCAST,0,HEARTBEAT,1,PING,0,0,0,0,0,0,0x10023FC0
1777171139.611,90499,4,8,SOLAR,1,CDH,10,HEALTH,1,PING,50,0,22,25,22,0,0x1002004A
1777171140.578,91496,4,8,SOLAR,255,BROADCAST,0,HEARTBEAT,1,PING,0,0,0,0,0,0,0x10023FC0
1777171141.573,92491,4,8,SOLAR,255,BROADCAST,0,HEARTBEAT,1,PING,0,0,0,0,0,0,0x10023FC0
1777171142.596,93487,4,8,SOLAR,255,BROADCAST,0,HEARTBEAT,1,PING,0,0,0,0,0,0,0x10023FC0
1777171143.567,94483,4,8,SOLAR,255,BROADCAST,0,HEARTBEAT,1,PING,0,0,0,0,0,0,0x10023FC0
1777171144.559,95479,4,8,SOLAR,255,BROADCAST,0,HEARTBEAT,1,PING,0,0,0,0,0,0,0x10023FC0
1777171144.563,95481,4,8,SOLAR,1,CDH,10,HEALTH,1,PING,50,0,22,25,22,0,0x1002004A
1777171145.562,96477,4,8,SOLAR,255,BROADCAST,0,HEARTBEAT,1,PING,0,0,0,0,0,0,0x10023FC0
1777171146.593,97473,4,8,SOLAR,255,BROADCAST,0,HEARTBEAT,1,PING,0,0,0,0,0,0,0x10023FC0
1777171147.550,98469,4,8,SOLAR,255,BROADCAST,0,HEARTBEAT,1,PING,0,0,0,0,0,0,0x10023FC0
1777171148.546,99465,4,8,SOLAR,255,BROADCAST,0,HEARTBEAT,1,PING,0,0,0,0,0,0,0x10023FC0
1777171149.544,100460,4,8,SOLAR,255,BROADCAST,0,HEARTBEAT,1,PING,0,0,0,0,0,0,0x10023FC0
1777171149.544,100463,4,8,SOLAR,1,CDH,10,HEALTH,1,PING,50,0,22,25,22,0,0x1002004A
1777171150.580,101459,4,8,SOLAR,255,BROADCAST,0,HEARTBEAT,1,PING,0,0,0,0,0,0,0x10023FC0
1777171151.536,102455,4,8,SOLAR,255,BROADCAST,0,HEARTBEAT,1,PING,0,0,0,0,0,0,0x10023FC0
1777171152.532,103451,4,8,SOLAR,255,BROADCAST,0,HEARTBEAT,1,PING,0,0,0,0,0,0,0x10023FC0
1777171153.545,104447,4,8,SOLAR,255,BROADCAST,0,HEARTBEAT,1,PING,0,0,0,0,0,0,0x10023FC0
1777171154.529,105442,4,8,SOLAR,255,BROADCAST,0,HEARTBEAT,1,PING,0,0,0,0,0,0,0x10023FC0
1777171154.529,105445,4,8,SOLAR,1,CDH,10,HEALTH,1,PING,50,0,22,25,22,0,0x1002004A
1777171155.522,106441,4,8,SOLAR,255,BROADCAST,0,HEARTBEAT,1,PING,0,0,0,0,0,0,0x10023FC0
1777171156.518,107437,4,8,SOLAR,255,BROADCAST,0,HEARTBEAT,1,PING,0,0,0,0,0,0,0x10023FC0
1777171157.576,108433,4,8,SOLAR,255,BROADCAST,0,HEARTBEAT,1,PING,0,0,0,0,0,0,0x10023FC0
1777171158.510,109428,4,8,SOLAR,255,BROADCAST,0,HEARTBEAT,1,PING,0,0,0,0,0,0,0x10023FC0
1777171159.505,110424,4,8,SOLAR,255,BROADCAST,0,HEARTBEAT,1,PING,0,0,0,0,0,0,0x10023FC0
1777171159.508,110427,4,8,SOLAR,1,CDH,10,HEALTH,1,PING,50,0,22,25,22,0,0x1002004A
1777171160.512,111423,4,8,SOLAR,255,BROADCAST,0,HEARTBEAT,1,PING,0,0,0,0,0,0,0x10023FC0
1777171161.526,112419,4,8,SOLAR,255,BROADCAST,0,HEARTBEAT,1,PING,0,0,0,0,0,0,0x10023FC0
1777171162.496,113414,4,8,SOLAR,255,BROADCAST,0,HEARTBEAT,1,PING,0,0,0,0,0,0,0x10023FC0
1777171163.491,114410,4,8,SOLAR,255,BROADCAST,0,HEARTBEAT,1,PING,0,0,0,0,0,0,0x10023FC0
1777171164.493,115406,4,8,SOLAR,255,BROADCAST,0,HEARTBEAT,1,PING,0,0,0,0,0,0,0x10023FC0
1777171164.509,115409,4,8,SOLAR,1,CDH,10,HEALTH,1,PING,50,0,22,25,22,0,0x1002004A
1777171165.560,116405,4,8,SOLAR,255,BROADCAST,0,HEARTBEAT,1,PING,0,0,0,0,0,0,0x10023FC0
1777171166.483,117400,4,8,SOLAR,255,BROADCAST,0,HEARTBEAT,1,PING,0,0,0,0,0,0,0x10023FC0
1777171167.477,118396,4,8,SOLAR,255,BROADCAST,0,HEARTBEAT,1,PING,0,0,0,0,0,0,0x10023FC0
1777171168.491,119392,4,8,SOLAR,255,BROADCAST,0,HEARTBEAT,1,PING,0,0,0,0,0,0,0x10023FC0
1777171169.470,120388,4,8,SOLAR,255,BROADCAST,0,HEARTBEAT,1,PING,0,0,0,0,0,0,0x10023FC0
1777171169.472,120390,4,8,SOLAR,1,CDH,10,HEALTH,1,PING,50,0,22,25,22,0,0x1002004A
1777171170.467,121386,4,8,SOLAR,255,BROADCAST,0,HEARTBEAT,1,PING,0,0,0,0,0,0,0x10023FC0
1777171171.465,122382,4,8,SOLAR,255,BROADCAST,0,HEARTBEAT,1,PING,0,0,0,0,0,0,0x10023FC0
1777171172.491,123378,4,8,SOLAR,255,BROADCAST,0,HEARTBEAT,1,PING,0,0,0,0,0,0,0x10023FC0
1777171173.456,124374,4,8,SOLAR,255,BROADCAST,0,HEARTBEAT,1,PING,0,0,0,0,0,0,0x10023FC0
1777171174.452,125370,4,8,SOLAR,255,BROADCAST,0,HEARTBEAT,1,PING,0,0,0,0,0,0,0x10023FC0
1777171174.454,125373,4,8,SOLAR,1,CDH,10,HEALTH,1,PING,50,0,22,25,22,0,0x1002004A
1777171175.466,126369,4,8,SOLAR,255,BROADCAST,0,HEARTBEAT,1,PING,0,0,0,0,0,0,0x10023FC0
1777171176.478,127365,4,8,SOLAR,255,BROADCAST,0,HEARTBEAT,1,PING,0,0,0,0,0,0,0x10023FC0
1777171177.443,128361,4,8,SOLAR,255,BROADCAST,0,HEARTBEAT,1,PING,0,0,0,0,0,0,0x10023FC0
1777171178.439,129356,4,8,SOLAR,255,BROADCAST,0,HEARTBEAT,1,PING,0,0,0,0,0,0,0x10023FC0
1777171179.458,130352,4,8,SOLAR,255,BROADCAST,0,HEARTBEAT,1,PING,0,0,0,0,0,0,0x10023FC0
1777171179.458,130355,4,8,SOLAR,1,CDH,10,HEALTH,1,PING,50,0,22,25,22,0,0x1002004A
1777171180.433,131351,4,8,SOLAR,255,BROADCAST,0,HEARTBEAT,1,PING,0,0,0,0,0,0,0x10023FC0
1777171181.429,132347,4,8,SOLAR,255,BROADCAST,0,HEARTBEAT,1,PING,0,0,0,0,0,0,0x10023FC0
1777171182.425,133343,4,8,SOLAR,255,BROADCAST,0,HEARTBEAT,1,PING,0,0,0,0,0,0,0x10023FC0
1777171183.444,134339,4,8,SOLAR,255,BROADCAST,0,HEARTBEAT,1,PING,0,0,0,0,0,0,0x10023FC0
1777171184.417,135335,4,8,SOLAR,255,BROADCAST,0,HEARTBEAT,1,PING,0,0,0,0,0,0,0x10023FC0
1777171184.419,135337,4,8,SOLAR,1,CDH,10,HEALTH,1,PING,50,0,22,25,22,0,0x1002004A
1777171185.415,136334,4,8,SOLAR,255,BROADCAST,0,HEARTBEAT,1,PING,0,0,0,0,0,0,0x10023FC0
1777171186.421,137330,4,8,SOLAR,255,BROADCAST,0,HEARTBEAT,1,PING,0,0,0,0,0,0,0x10023FC0
1777171187.445,138325,4,8,SOLAR,255,BROADCAST,0,HEARTBEAT,1,PING,0,0,0,0,0,0,0x10023FC0
1777171188.404,139321,4,8,SOLAR,255,BROADCAST,0,HEARTBEAT,1,PING,0,0,0,0,0,0,0x10023FC0
1777171189.399,140317,4,8,SOLAR,255,BROADCAST,0,HEARTBEAT,1,PING,0,0,0,0,0,0,0x10023FC0
1777171189.402,140320,4,8,SOLAR,1,CDH,10,HEALTH,1,PING,50,0,22,25,22,0,0x1002004A
1777171190.410,141316,4,8,SOLAR,255,BROADCAST,0,HEARTBEAT,1,PING,0,0,0,0,0,0,0x10023FC0
1777171191.475,142312,4,8,SOLAR,255,BROADCAST,0,HEARTBEAT,1,PING,0,0,0,0,0,0,0x10023FC0
1777171192.389,143308,4,8,SOLAR,255,BROADCAST,0,HEARTBEAT,1,PING,0,0,0,0,0,0,0x10023FC0
1777171193.386,144304,4,8,SOLAR,255,BROADCAST,0,HEARTBEAT,1,PING,0,0,0,0,0,0,0x10023FC0
1777171194.404,145300,4,8,SOLAR,255,BROADCAST,0,HEARTBEAT,1,PING,0,0,0,0,0,0,0x10023FC0
1777171194.404,145302,4,8,SOLAR,1,CDH,10,HEALTH,1,PING,50,0,22,24,22,0,0x1002004A
1777171195.393,146299,4,8,SOLAR,255,BROADCAST,0,HEARTBEAT,1,PING,0,0,0,0,0,0,0x10023FC0
1777171196.378,147295,4,8,SOLAR,255,BROADCAST,0,HEARTBEAT,1,PING,0,0,0,0,0,0,0x10023FC0
1777171197.380,148291,4,8,SOLAR,255,BROADCAST,0,HEARTBEAT,1,PING,0,0,0,0,0,0,0x10023FC0
1777171198.400,149287,4,8,SOLAR,255,BROADCAST,0,HEARTBEAT,1,PING,0,0,0,0,0,0,0x10023FC0
1777171199.365,150283,4,8,SOLAR,255,BROADCAST,0,HEARTBEAT,1,PING,0,0,0,0,0,0,0x10023FC0
1777171199.367,150285,4,8,SOLAR,1,CDH,10,HEALTH,1,PING,50,0,22,24,22,0,0x1002004A
1777171200.364,151282,4,8,SOLAR,255,BROADCAST,0,HEARTBEAT,1,PING,0,0,0,0,0,0,0x10023FC0
1777171201.368,152278,4,8,SOLAR,255,BROADCAST,0,HEARTBEAT,1,PING,0,0,0,0,0,0,0x10023FC0
1777171202.419,153273,4,8,SOLAR,255,BROADCAST,0,HEARTBEAT,1,PING,0,0,0,0,0,0,0x10023FC0
1777171203.352,154269,4,8,SOLAR,255,BROADCAST,0,HEARTBEAT,1,PING,0,0,0,0,0,0,0x10023FC0
1777171204.348,155265,4,8,SOLAR,255,BROADCAST,0,HEARTBEAT,1,PING,0,0,0,0,0,0,0x10023FC0
1777171204.350,155268,4,8,SOLAR,1,CDH,10,HEALTH,1,PING,50,0,22,24,22,0,0x1002004A
1777171205.366,156264,4,8,SOLAR,255,BROADCAST,0,HEARTBEAT,1,PING,0,0,0,0,0,0,0x10023FC0
1777171206.343,157260,4,8,SOLAR,255,BROADCAST,0,HEARTBEAT,1,PING,0,0,0,0,0,0,0x10023FC0
1777171207.358,158256,4,8,SOLAR,255,BROADCAST,0,HEARTBEAT,1,PING,0,0,0,0,0,0,0x10023FC0
1777171208.336,159252,4,8,SOLAR,255,BROADCAST,0,HEARTBEAT,1,PING,0,0,0,0,0,0,0x10023FC0
1777171209.348,160248,4,8,SOLAR,255,BROADCAST,0,HEARTBEAT,1,PING,0,0,0,0,0,0,0x10023FC0
1777171209.348,160251,4,8,SOLAR,1,CDH,10,HEALTH,1,PING,50,0,22,24,22,0,0x1002004A
1777171210.330,161247,4,8,SOLAR,255,BROADCAST,0,HEARTBEAT,1,PING,0,0,0,0,0,0,0x10023FC0
1777171211.326,162243,4,8,SOLAR,255,BROADCAST,0,HEARTBEAT,1,PING,0,0,0,0,0,0,0x10023FC0
1777171212.325,163239,4,8,SOLAR,255,BROADCAST,0,HEARTBEAT,1,PING,0,0,0,0,0,0,0x10023FC0
1777171213.344,164235,4,8,SOLAR,255,BROADCAST,0,HEARTBEAT,1,PING,0,0,0,0,0,0,0x10023FC0
1777171214.313,165231,4,8,SOLAR,255,BROADCAST,0,HEARTBEAT,1,PING,0,0,0,0,0,0,0x10023FC0
1777171214.314,165234,4,8,SOLAR,1,CDH,10,HEALTH,1,PING,50,0,22,24,22,0,0x1002004A
1777171215.312,166230,4,8,SOLAR,255,BROADCAST,0,HEARTBEAT,1,PING,0,0,0,0,0,0,0x10023FC0
1777171216.314,167226,4,8,SOLAR,255,BROADCAST,0,HEARTBEAT,1,PING,0,0,0,0,0,0,0x10023FC0
1777171217.346,168222,4,8,SOLAR,255,BROADCAST,0,HEARTBEAT,1,PING,0,0,0,0,0,0,0x10023FC0
1777171218.301,169218,4,8,SOLAR,255,BROADCAST,0,HEARTBEAT,1,PING,0,0,0,0,0,0,0x10023FC0
1777171219.296,170214,4,8,SOLAR,255,BROADCAST,0,HEARTBEAT,1,PING,0,0,0,0,0,0,0x10023FC0
1777171219.298,170216,4,8,SOLAR,1,CDH,10,HEALTH,1,PING,50,0,22,24,22,0,0x1002004A
1777171220.308,171213,4,8,SOLAR,255,BROADCAST,0,HEARTBEAT,1,PING,0,0,0,0,0,0,0x10023FC0
1777171221.291,172209,4,8,SOLAR,255,BROADCAST,0,HEARTBEAT,1,PING,0,0,0,0,0,0,0x10023FC0
1777171222.288,173204,4,8,SOLAR,255,BROADCAST,0,HEARTBEAT,1,PING,0,0,0,0,0,0,0x10023FC0
1777171223.283,174200,4,8,SOLAR,255,BROADCAST,0,HEARTBEAT,1,PING,0,0,0,0,0,0,0x10023FC0
1777171224.336,175196,4,8,SOLAR,255,BROADCAST,0,HEARTBEAT,1,PING,0,0,0,0,0,0,0x10023FC0
1777171224.337,175199,4,8,SOLAR,1,CDH,10,HEALTH,1,PING,50,0,22,24,22,0,0x1002004A
1777171225.278,176195,4,8,SOLAR,255,BROADCAST,0,HEARTBEAT,1,PING,0,0,0,0,0,0,0x10023FC0
1777171226.275,177191,4,8,SOLAR,255,BROADCAST,0,HEARTBEAT,1,PING,0,0,0,0,0,0,0x10023FC0
1777171227.283,178187,4,8,SOLAR,255,BROADCAST,0,HEARTBEAT,1,PING,0,0,0,0,0,0,0x10023FC0
1777171228.306,179183,4,8,SOLAR,255,BROADCAST,0,HEARTBEAT,1,PING,0,0,0,0,0,0,0x10023FC0
1777171229.262,180179,4,8,SOLAR,255,BROADCAST,0,HEARTBEAT,1,PING,0,0,0,0,0,0,0x10023FC0
1777171229.264,180182,4,8,SOLAR,1,CDH,10,HEALTH,1,PING,50,0,22,24,22,0,0x1002004A
1777171230.260,181178,4,8,SOLAR,255,BROADCAST,0,HEARTBEAT,1,PING,0,0,0,0,0,0,0x10023FC0
1777171231.274,182174,4,8,SOLAR,255,BROADCAST,0,HEARTBEAT,1,PING,0,0,0,0,0,0,0x10023FC0
1777171232.253,183170,4,8,SOLAR,255,BROADCAST,0,HEARTBEAT,1,PING,0,0,0,0,0,0,0x10023FC0
1777171233.248,184166,4,8,SOLAR,255,BROADCAST,0,HEARTBEAT,1,PING,0,0,0,0,0,0,0x10023FC0
1777171234.245,185162,4,8,SOLAR,255,BROADCAST,0,HEARTBEAT,1,PING,0,0,0,0,0,0,0x10023FC0
1777171234.248,185164,4,8,SOLAR,1,CDH,10,HEALTH,1,PING,50,0,22,24,22,0,0x1002004A
1777171235.259,186161,4,8,SOLAR,255,BROADCAST,0,HEARTBEAT,1,PING,0,0,0,0,0,0,0x10023FC0
1777171236.239,187157,4,8,SOLAR,255,BROADCAST,0,HEARTBEAT,1,PING,0,0,0,0,0,0,0x10023FC0
1777171237.235,188152,4,8,SOLAR,255,BROADCAST,0,HEARTBEAT,1,PING,0,0,0,0,0,0,0x10023FC0
1777171238.232,189148,4,8,SOLAR,255,BROADCAST,0,HEARTBEAT,1,PING,0,0,0,0,0,0,0x10023FC0
1777171239.261,190144,4,8,SOLAR,255,BROADCAST,0,HEARTBEAT,1,PING,0,0,0,0,0,0,0x10023FC0
1777171239.261,190147,4,8,SOLAR,1,CDH,10,HEALTH,1,PING,50,0,22,24,22,0,0x1002004A
1777171240.226,191143,4,8,SOLAR,255,BROADCAST,0,HEARTBEAT,1,PING,0,0,0,0,0,0,0x10023FC0
1777171241.221,192139,4,8,SOLAR,255,BROADCAST,0,HEARTBEAT,1,PING,0,0,0,0,0,0,0x10023FC0
1777171242.251,193135,4,8,SOLAR,255,BROADCAST,0,HEARTBEAT,1,PING,0,0,0,0,0,0,0x10023FC0
1777171243.255,194131,4,8,SOLAR,255,BROADCAST,0,HEARTBEAT,1,PING,0,0,0,0,0,0,0x10023FC0
1777171244.210,195126,4,8,SOLAR,255,BROADCAST,0,HEARTBEAT,1,PING,0,0,0,0,0,0,0x10023FC0
1777171244.214,195129,4,8,SOLAR,1,CDH,10,HEALTH,1,PING,50,0,22,24,22,0,0x1002004A
1777171245.208,196125,4,8,SOLAR,255,BROADCAST,0,HEARTBEAT,1,PING,0,0,0,0,0,0,0x10023FC0
1777171246.214,197121,4,8,SOLAR,255,BROADCAST,0,HEARTBEAT,1,PING,0,0,0,0,0,0,0x10023FC0
1777171247.199,198117,4,8,SOLAR,255,BROADCAST,0,HEARTBEAT,1,PING,0,0,0,0,0,0,0x10023FC0
1777171248.196,199113,4,8,SOLAR,255,BROADCAST,0,HEARTBEAT,1,PING,0,0,0,0,0,0,0x10023FC0
1777171249.194,200109,4,8,SOLAR,255,BROADCAST,0,HEARTBEAT,1,PING,0,0,0,0,0,0,0x10023FC0
1777171249.194,200111,4,8,SOLAR,1,CDH,10,HEALTH,1,PING,50,0,22,24,22,0,0x1002004A
1777171250.222,201108,4,8,SOLAR,255,BROADCAST,0,HEARTBEAT,1,PING,0,0,0,0,0,0,0x10023FC0
1777171251.186,202104,4,8,SOLAR,255,BROADCAST,0,HEARTBEAT,1,PING,0,0,0,0,0,0,0x10023FC0
1777171252.183,203099,4,8,SOLAR,255,BROADCAST,0,HEARTBEAT,1,PING,0,0,0,0,0,0,0x10023FC0
1777171253.188,204095,4,8,SOLAR,255,BROADCAST,0,HEARTBEAT,1,PING,0,0,0,0,0,0,0x10023FC0
1777171254.210,205091,4,8,SOLAR,255,BROADCAST,0,HEARTBEAT,1,PING,0,0,0,0,0,0,0x10023FC0
1777171254.210,205094,4,8,SOLAR,1,CDH,10,HEALTH,1,PING,50,0,22,24,22,0,0x1002004A
1777171255.173,206090,4,8,SOLAR,255,BROADCAST,0,HEARTBEAT,1,PING,0,0,0,0,0,0,0x10023FC0
1777171256.169,207086,4,8,SOLAR,255,BROADCAST,0,HEARTBEAT,1,PING,0,0,0,0,0,0,0x10023FC0
1777171257.174,208081,4,8,SOLAR,255,BROADCAST,0,HEARTBEAT,1,PING,0,0,0,0,0,0,0x10023FC0
1777171258.160,209077,4,8,SOLAR,255,BROADCAST,0,HEARTBEAT,1,PING,0,0,0,0,0,0,0x10023FC0
1777171259.156,210073,4,8,SOLAR,255,BROADCAST,0,HEARTBEAT,1,PING,0,0,0,0,0,0,0x10023FC0
1777171259.159,210076,4,8,SOLAR,1,CDH,10,HEALTH,1,PING,50,0,22,24,22,0,0x1002004A
1777171260.155,211072,4,8,SOLAR,255,BROADCAST,0,HEARTBEAT,1,PING,0,0,0,0,0,0,0x10023FC0
1777171261.162,212068,4,8,SOLAR,255,BROADCAST,0,HEARTBEAT,1,PING,0,0,0,0,0,0,0x10023FC0
1777171262.145,213063,4,8,SOLAR,255,BROADCAST,0,HEARTBEAT,1,PING,0,0,0,0,0,0,0x10023FC0
1777171263.142,214059,4,8,SOLAR,255,BROADCAST,0,HEARTBEAT,1,PING,0,0,0,0,0,0,0x10023FC0
1777171264.142,215055,4,8,SOLAR,255,BROADCAST,0,HEARTBEAT,1,PING,0,0,0,0,0,0,0x10023FC0
1777171264.142,215058,4,8,SOLAR,1,CDH,10,HEALTH,1,PING,50,0,22,24,22,0,0x1002004A
1777171265.196,216054,4,8,SOLAR,255,BROADCAST,0,HEARTBEAT,1,PING,0,0,0,0,0,0,0x10023FC0
1777171266.133,217050,4,8,SOLAR,255,BROADCAST,0,HEARTBEAT,1,PING,0,0,0,0,0,0,0x10023FC0
1777171267.128,218045,4,8,SOLAR,255,BROADCAST,0,HEARTBEAT,1,PING,0,0,0,0,0,0,0x10023FC0
1777171268.140,219041,4,8,SOLAR,255,BROADCAST,0,HEARTBEAT,1,PING,0,0,0,0,0,0,0x10023FC0
1777171269.159,220037,4,8,SOLAR,255,BROADCAST,0,HEARTBEAT,1,PING,0,0,0,0,0,0,0x10023FC0
1777171269.159,220040,4,8,SOLAR,1,CDH,10,HEALTH,1,PING,50,0,22,24,22,0,0x1002004A
1777171270.120,221036,4,8,SOLAR,255,BROADCAST,0,HEARTBEAT,1,PING,0,0,0,0,0,0,0x10023FC0
1777171271.115,222032,4,8,SOLAR,255,BROADCAST,0,HEARTBEAT,1,PING,0,0,0,0,0,0,0x10023FC0
1777171272.137,223028,4,8,SOLAR,255,BROADCAST,0,HEARTBEAT,1,PING,0,0,0,0,0,0,0x10023FC0
1777171273.107,224024,4,8,SOLAR,255,BROADCAST,0,HEARTBEAT,1,PING,0,0,0,0,0,0,0x10023FC0
1777171274.103,225019,4,8,SOLAR,255,BROADCAST,0,HEARTBEAT,1,PING,0,0,0,0,0,0,0x10023FC0
1777171274.105,225022,4,8,SOLAR,1,CDH,10,HEALTH,1,PING,50,0,22,24,22,0,0x1002004A
1777171275.102,226018,4,8,SOLAR,255,BROADCAST,0,HEARTBEAT,1,PING,0,0,0,0,0,0,0x10023FC0
1777171276.119,227014,4,8,SOLAR,255,BROADCAST,0,HEARTBEAT,1,PING,0,0,0,0,0,0,0x10023FC0
1777171277.094,228010,4,8,SOLAR,255,BROADCAST,0,HEARTBEAT,1,PING,0,0,0,0,0,0,0x10023FC0
1777171278.090,229006,4,8,SOLAR,255,BROADCAST,0,HEARTBEAT,1,PING,0,0,0,0,0,0,0x10023FC0
1777171279.097,230002,4,8,SOLAR,255,BROADCAST,0,HEARTBEAT,1,PING,0,0,0,0,0,0,0x10023FC0
1777171279.097,230004,4,8,SOLAR,1,CDH,10,HEALTH,1,PING,50,0,22,24,22,0,0x1002004A
1777171280.120,231001,4,8,SOLAR,255,BROADCAST,0,HEARTBEAT,1,PING,0,0,0,0,0,0,0x10023FC0
1777171281.080,231996,4,8,SOLAR,255,BROADCAST,0,HEARTBEAT,1,PING,0,0,0,0,0,0,0x10023FC0
1777171282.076,232992,4,8,SOLAR,255,BROADCAST,0,HEARTBEAT,1,PING,0,0,0,0,0,0,0x10023FC0
1777171283.095,233988,4,8,SOLAR,255,BROADCAST,0,HEARTBEAT,1,PING,0,0,0,0,0,0,0x10023FC0
1777171284.067,234984,4,8,SOLAR,255,BROADCAST,0,HEARTBEAT,1,PING,0,0,0,0,0,0,0x10023FC0
1777171284.114,234987,4,8,SOLAR,1,CDH,10,HEALTH,1,PING,50,0,22,24,22,0,0x1002004A
1777171285.067,235983,4,8,SOLAR,255,BROADCAST,0,HEARTBEAT,1,PING,0,0,0,0,0,0,0x10023FC0
1777171286.064,236978,4,8,SOLAR,255,BROADCAST,0,HEARTBEAT,1,PING,0,0,0,0,0,0,0x10023FC0
1777171287.084,237974,4,8,SOLAR,255,BROADCAST,0,HEARTBEAT,1,PING,0,0,0,0,0,0,0x10023FC0
1777171288.054,238970,4,8,SOLAR,255,BROADCAST,0,HEARTBEAT,1,PING,0,0,0,0,0,0,0x10023FC0
1777171289.147,239966,4,8,SOLAR,255,BROADCAST,0,HEARTBEAT,1,PING,0,0,0,0,0,0,0x10023FC0
1777171289.148,239969,4,8,SOLAR,1,CDH,10,HEALTH,1,PING,50,0,22,24,22,0,0x1002004A
1777171290.052,240965,4,8,SOLAR,255,BROADCAST,0,HEARTBEAT,1,PING,0,0,0,0,0,0,0x10023FC0
1777171291.070,241961,4,8,SOLAR,255,BROADCAST,0,HEARTBEAT,1,PING,0,0,0,0,0,0,0x10023FC0
1777171292.040,242956,4,8,SOLAR,255,BROADCAST,0,HEARTBEAT,1,PING,0,0,0,0,0,0,0x10023FC0
1777171293.036,243952,4,8,SOLAR,255,BROADCAST,0,HEARTBEAT,1,PING,0,0,0,0,0,0,0x10023FC0
1777171294.048,244948,4,8,SOLAR,255,BROADCAST,0,HEARTBEAT,1,PING,0,0,0,0,0,0,0x10023FC0
1777171294.048,244951,4,8,SOLAR,1,CDH,10,HEALTH,1,PING,50,0,22,24,22,0,0x1002004A
1777171295.069,245947,4,8,SOLAR,255,BROADCAST,0,HEARTBEAT,1,PING,0,0,0,0,0,0,0x10023FC0
1777171296.026,246942,4,8,SOLAR,255,BROADCAST,0,HEARTBEAT,1,PING,0,0,0,0,0,0,0x10023FC0
1777171297.021,247938,4,8,SOLAR,255,BROADCAST,0,HEARTBEAT,1,PING,0,0,0,0,0,0,0x10023FC0
1777171298.036,248934,4,8,SOLAR,255,BROADCAST,0,HEARTBEAT,1,PING,0,0,0,0,0,0,0x10023FC0
1777171299.017,249930,4,8,SOLAR,255,BROADCAST,0,HEARTBEAT,1,PING,0,0,0,0,0,0,0x10023FC0
1777171299.017,249932,4,8,SOLAR,1,CDH,10,HEALTH,1,PING,50,0,22,25,22,0,0x1002004A
1777171300.013,250928,4,8,SOLAR,255,BROADCAST,0,HEARTBEAT,1,PING,0,0,0,0,0,0,0x10023FC0
1777171301.010,251924,4,8,SOLAR,255,BROADCAST,0,HEARTBEAT,1,PING,0,0,0,0,0,0,0x10023FC0
1777171302.033,252920,4,8,SOLAR,255,BROADCAST,0,HEARTBEAT,1,PING,0,0,0,0,0,0,0x10023FC0
1777171302.999,253916,4,8,SOLAR,255,BROADCAST,0,HEARTBEAT,1,PING,0,0,0,0,0,0,0x10023FC0
1777171303.995,254911,4,8,SOLAR,255,BROADCAST,0,HEARTBEAT,1,PING,0,0,0,0,0,0,0x10023FC0
1777171303.998,254914,4,8,SOLAR,1,CDH,10,HEALTH,1,PING,50,0,22,25,22,0,0x1002004A
1777171305.002,255910,4,8,SOLAR,255,BROADCAST,0,HEARTBEAT,1,PING,0,0,0,0,0,0,0x10023FC0
1777171306.031,256906,4,8,SOLAR,255,BROADCAST,0,HEARTBEAT,1,PING,0,0,0,0,0,0,0x10023FC0
1777171306.985,257902,4,8,SOLAR,255,BROADCAST,0,HEARTBEAT,1,PING,0,0,0,0,0,0,0x10023FC0
1777171307.982,258898,4,8,SOLAR,255,BROADCAST,0,HEARTBEAT,1,PING,0,0,0,0,0,0,0x10023FC0
1777171309.021,259894,4,8,SOLAR,255,BROADCAST,0,HEARTBEAT,1,PING,0,0,0,0,0,0,0x10023FC0
1777171309.021,259896,4,8,SOLAR,1,CDH,10,HEALTH,1,PING,50,0,22,25,22,0,0x1002004A
1777171310.014,260892,4,8,SOLAR,255,BROADCAST,0,HEARTBEAT,1,PING,0,0,0,0,0,0,0x10023FC0
1777171310.972,261888,4,8,SOLAR,255,BROADCAST,0,HEARTBEAT,1,PING,0,0,0,0,0,0,0x10023FC0
1777171311.968,262884,4,8,SOLAR,255,BROADCAST,0,HEARTBEAT,1,PING,0,0,0,0,0,0,0x10023FC0
1777171312.999,263880,4,8,SOLAR,255,BROADCAST,0,HEARTBEAT,1,PING,0,0,0,0,0,0,0x10023FC0
1777171313.959,264876,4,8,SOLAR,255,BROADCAST,0,HEARTBEAT,1,PING,0,0,0,0,0,0,0x10023FC0
1777171313.963,264879,4,8,SOLAR,1,CDH,10,HEALTH,1,PING,50,0,22,25,22,0,0x1002004A
1777171314.959,265875,4,8,SOLAR,255,BROADCAST,0,HEARTBEAT,1,PING,0,0,0,0,0,0,0x10023FC0
1777171315.961,266871,4,8,SOLAR,255,BROADCAST,0,HEARTBEAT,1,PING,0,0,0,0,0,0,0x10023FC0
1777171316.997,267866,4,8,SOLAR,255,BROADCAST,0,HEARTBEAT,1,PING,0,0,0,0,0,0,0x10023FC0
1777171317.950,268862,4,8,SOLAR,255,BROADCAST,0,HEARTBEAT,1,PING,0,0,0,0,0,0,0x10023FC0
1777171318.943,269858,4,8,SOLAR,255,BROADCAST,0,HEARTBEAT,1,PING,0,0,0,0,0,0,0x10023FC0
1777171318.944,269861,4,8,SOLAR,1,CDH,10,HEALTH,1,PING,50,0,22,25,22,0,0x1002004A
1777171319.948,270857,4,8,SOLAR,255,BROADCAST,0,HEARTBEAT,1,PING,0,0,0,0,0,0,0x10023FC0
1777171320.987,271853,4,8,SOLAR,255,BROADCAST,0,HEARTBEAT,1,PING,0,0,0,0,0,0,0x10023FC0
1777171321.933,272849,4,8,SOLAR,255,BROADCAST,0,HEARTBEAT,1,PING,0,0,0,0,0,0,0x10023FC0
1777171322.928,273844,4,8,SOLAR,255,BROADCAST,0,HEARTBEAT,1,PING,0,0,0,0,0,0,0x10023FC0
1777171323.948,274840,4,8,SOLAR,255,BROADCAST,0,HEARTBEAT,1,PING,0,0,0,0,0,0,0x10023FC0
1777171323.948,274843,4,8,SOLAR,1,CDH,10,HEALTH,1,PING,50,0,22,25,22,0,0x1002004A
1777171324.923,275839,4,8,SOLAR,255,BROADCAST,0,HEARTBEAT,1,PING,0,0,0,0,0,0,0x10023FC0
1777171325.920,276835,4,8,SOLAR,255,BROADCAST,0,HEARTBEAT,1,PING,0,0,0,0,0,0,0x10023FC0
1777171326.915,277831,4,8,SOLAR,255,BROADCAST,0,HEARTBEAT,1,PING,0,0,0,0,0,0,0x10023FC0
1777171327.966,278826,4,8,SOLAR,255,BROADCAST,0,HEARTBEAT,1,PING,0,0,0,0,0,0,0x10023FC0
1777171328.906,279822,4,8,SOLAR,255,BROADCAST,0,HEARTBEAT,1,PING,0,0,0,0,0,0,0x10023FC0
1777171328.909,279825,4,8,SOLAR,1,CDH,10,HEALTH,1,PING,50,0,22,25,22,0,0x1002004A
1777171329.905,280821,4,8,SOLAR,255,BROADCAST,0,HEARTBEAT,1,PING,0,0,0,0,0,0,0x10023FC0
1777171330.913,281817,4,8,SOLAR,255,BROADCAST,0,HEARTBEAT,1,PING,0,0,0,0,0,0,0x10023FC0
1777171331.935,282812,4,8,SOLAR,255,BROADCAST,0,HEARTBEAT,1,PING,0,0,0,0,0,0,0x10023FC0
1777171332.892,283808,4,8,SOLAR,255,BROADCAST,0,HEARTBEAT,1,PING,0,0,0,0,0,0,0x10023FC0
1777171333.888,284804,4,8,SOLAR,255,BROADCAST,0,HEARTBEAT,1,PING,0,0,0,0,0,0,0x10023FC0
1777171333.891,284807,4,8,SOLAR,1,CDH,10,HEALTH,1,PING,50,0,22,25,22,0,0x1002004A
1777171334.904,285803,4,8,SOLAR,255,BROADCAST,0,HEARTBEAT,1,PING,0,0,0,0,0,0,0x10023FC0
1777171335.883,286798,4,8,SOLAR,255,BROADCAST,0,HEARTBEAT,1,PING,0,0,0,0,0,0,0x10023FC0
1777171336.879,287794,4,8,SOLAR,255,BROADCAST,0,HEARTBEAT,1,PING,0,0,0,0,0,0,0x10023FC0
1777171337.875,288790,4,8,SOLAR,255,BROADCAST,0,HEARTBEAT,1,PING,0,0,0,0,0,0,0x10023FC0
1777171338.899,289786,4,8,SOLAR,255,BROADCAST,0,HEARTBEAT,1,PING,0,0,0,0,0,0,0x10023FC0
1777171338.899,289788,4,8,SOLAR,1,CDH,10,HEALTH,1,PING,50,0,22,25,22,0,0x1002004A
1777171339.869,290784,4,8,SOLAR,255,BROADCAST,0,HEARTBEAT,1,PING,0,0,0,0,0,0,0x10023FC0
1777171340.865,291780,4,8,SOLAR,255,BROADCAST,0,HEARTBEAT,1,PING,0,0,0,0,0,0,0x10023FC0
1777171341.872,292776,4,8,SOLAR,255,BROADCAST,0,HEARTBEAT,1,PING,0,0,0,0,0,0,0x10023FC0
1777171342.935,293772,4,8,SOLAR,255,BROADCAST,0,HEARTBEAT,1,PING,0,0,0,0,0,0,0x10023FC0
1777171343.852,294768,4,8,SOLAR,255,BROADCAST,0,HEARTBEAT,1,PING,0,0,0,0,0,0,0x10023FC0
1777171343.854,294770,4,8,SOLAR,1,CDH,10,HEALTH,1,PING,50,0,22,25,22,0,0x1002004A
1777171344.851,295766,4,8,SOLAR,255,BROADCAST,0,HEARTBEAT,1,PING,0,0,0,0,0,0,0x10023FC0
1777171345.868,296762,4,8,SOLAR,255,BROADCAST,0,HEARTBEAT,1,PING,0,0,0,0,0,0,0x10023FC0
1777171346.890,297758,4,8,SOLAR,255,BROADCAST,0,HEARTBEAT,1,PING,0,0,0,0,0,0,0x10023FC0
1777171347.838,298754,4,8,SOLAR,255,BROADCAST,0,HEARTBEAT,1,PING,0,0,0,0,0,0,0x10023FC0
1777171348.835,299749,4,8,SOLAR,255,BROADCAST,0,HEARTBEAT,1,PING,0,0,0,0,0,0,0x10023FC0
1777171348.836,299752,4,8,SOLAR,1,CDH,10,HEALTH,1,PING,50,0,22,25,22,0,0x1002004A
1777171349.857,300748,4,8,SOLAR,255,BROADCAST,0,HEARTBEAT,1,PING,0,0,0,0,0,0,0x10023FC0
1777171350.886,301744,4,8,SOLAR,255,BROADCAST,0,HEARTBEAT,1,PING,0,0,0,0,0,0,0x10023FC0
1777171351.824,302740,4,8,SOLAR,255,BROADCAST,0,HEARTBEAT,1,PING,0,0,0,0,0,0,0x10023FC0
1777171352.852,303735,4,8,SOLAR,255,BROADCAST,0,HEARTBEAT,1,PING,0,0,0,0,0,0,0x10023FC0
1777171353.851,304731,4,8,SOLAR,255,BROADCAST,0,HEARTBEAT,1,PING,0,0,0,0,0,0,0x10023FC0
1777171353.851,304734,4,8,SOLAR,1,CDH,10,HEALTH,1,PING,50,0,22,25,22,0,0x1002004A
1777171354.814,305730,4,8,SOLAR,255,BROADCAST,0,HEARTBEAT,1,PING,0,0,0,0,0,0,0x10023FC0
1777171355.811,306726,4,8,SOLAR,255,BROADCAST,0,HEARTBEAT,1,PING,0,0,0,0,0,0,0x10023FC0
1777171356.832,307722,4,8,SOLAR,255,BROADCAST,0,HEARTBEAT,1,PING,0,0,0,0,0,0,0x10023FC0
1777171357.842,308717,4,8,SOLAR,255,BROADCAST,0,HEARTBEAT,1,PING,0,0,0,0,0,0,0x10023FC0
1777171358.800,309713,4,8,SOLAR,255,BROADCAST,0,HEARTBEAT,1,PING,0,0,0,0,0,0,0x10023FC0
1777171358.800,309716,4,8,SOLAR,1,CDH,10,HEALTH,1,PING,50,0,22,25,22,0,0x1002004A
1777171359.798,310712,4,8,SOLAR,255,BROADCAST,0,HEARTBEAT,1,PING,0,0,0,0,0,0,0x10023FC0
1777171360.819,311708,4,8,SOLAR,255,BROADCAST,0,HEARTBEAT,1,PING,0,0,0,0,0,0,0x10023FC0
1777171361.788,312704,4,8,SOLAR,255,BROADCAST,0,HEARTBEAT,1,PING,0,0,0,0,0,0,0x10023FC0
1777171362.784,313700,4,8,SOLAR,255,BROADCAST,0,HEARTBEAT,1,PING,0,0,0,0,0,0,0x10023FC0
1777171363.783,314696,4,8,SOLAR,255,BROADCAST,0,HEARTBEAT,1,PING,0,0,0,0,0,0,0x10023FC0
1777171363.783,314698,4,8,SOLAR,1,CDH,10,HEALTH,1,PING,50,0,22,25,22,0,0x1002004A
1777171364.808,315694,4,8,SOLAR,255,BROADCAST,0,HEARTBEAT,1,PING,0,0,0,0,0,0,0x10023FC0
1777171365.775,316690,4,8,SOLAR,255,BROADCAST,0,HEARTBEAT,1,PING,0,0,0,0,0,0,0x10023FC0
1777171366.771,317686,4,8,SOLAR,255,BROADCAST,0,HEARTBEAT,1,PING,0,0,0,0,0,0,0x10023FC0
1777171367.779,318682,4,8,SOLAR,255,BROADCAST,0,HEARTBEAT,1,PING,0,0,0,0,0,0,0x10023FC0
1777171368.800,319678,4,8,SOLAR,255,BROADCAST,0,HEARTBEAT,1,PING,0,0,0,0,0,0,0x10023FC0
1777171368.800,319680,4,8,SOLAR,1,CDH,10,HEALTH,1,PING,50,0,22,25,22,0,0x1002004A
1777171369.762,320677,4,8,SOLAR,255,BROADCAST,0,HEARTBEAT,1,PING,0,0,0,0,0,0,0x10023FC0
1777171370.752,321672,4,8,SOLAR,255,BROADCAST,0,HEARTBEAT,1,PING,0,0,0,0,0,0,0x10023FC0
1777171371.790,322668,4,8,SOLAR,255,BROADCAST,0,HEARTBEAT,1,PING,0,0,0,0,0,0,0x10023FC0
1777171372.749,323664,4,8,SOLAR,255,BROADCAST,0,HEARTBEAT,1,PING,0,0,0,0,0,0,0x10023FC0
1777171373.745,324660,4,8,SOLAR,255,BROADCAST,0,HEARTBEAT,1,PING,0,0,0,0,0,0,0x10023FC0
1777171373.747,324662,4,8,SOLAR,1,CDH,10,HEALTH,1,PING,50,0,22,25,22,0,0x1002004A
1777171374.743,325659,4,8,SOLAR,255,BROADCAST,0,HEARTBEAT,1,PING,0,0,0,0,0,0,0x10023FC0
1777171375.767,326654,4,8,SOLAR,255,BROADCAST,0,HEARTBEAT,1,PING,0,0,0,0,0,0,0x10023FC0
1777171376.737,327650,4,8,SOLAR,255,BROADCAST,0,HEARTBEAT,1,PING,0,0,0,0,0,0,0x10023FC0
1777171377.731,328646,4,8,SOLAR,255,BROADCAST,0,HEARTBEAT,1,PING,0,0,0,0,0,0,0x10023FC0
1777171378.730,329642,4,8,SOLAR,255,BROADCAST,0,HEARTBEAT,1,PING,0,0,0,0,0,0,0x10023FC0
1777171378.730,329644,4,8,SOLAR,1,CDH,10,HEALTH,1,PING,50,0,22,25,22,0,0x1002004A
1777171379.759,330640,4,8,SOLAR,255,BROADCAST,0,HEARTBEAT,1,PING,0,0,0,0,0,0,0x10023FC0
1777171380.721,331636,4,8,SOLAR,255,BROADCAST,0,HEARTBEAT,1,PING,0,0,0,0,0,0,0x10023FC0
1777171381.717,332632,4,8,SOLAR,255,BROADCAST,0,HEARTBEAT,1,PING,0,0,0,0,0,0,0x10023FC0
1777171382.729,333628,4,8,SOLAR,255,BROADCAST,0,HEARTBEAT,1,PING,0,0,0,0,0,0,0x10023FC0
1777171383.745,334623,4,8,SOLAR,255,BROADCAST,0,HEARTBEAT,1,PING,0,0,0,0,0,0,0x10023FC0
1777171383.745,334626,4,8,SOLAR,1,CDH,10,HEALTH,1,PING,50,0,22,25,22,0,0x1002004A
1777171384.708,335622,4,8,SOLAR,255,BROADCAST,0,HEARTBEAT,1,PING,0,0,0,0,0,0,0x10023FC0
1777171385.703,336618,4,8,SOLAR,255,BROADCAST,0,HEARTBEAT,1,PING,0,0,0,0,0,0,0x10023FC0
1777171386.727,337613,4,8,SOLAR,255,BROADCAST,0,HEARTBEAT,1,PING,0,0,0,0,0,0,0x10023FC0
1777171387.700,338609,4,8,SOLAR,255,BROADCAST,0,HEARTBEAT,1,PING,0,0,0,0,0,0,0x10023FC0
1777171388.693,339605,4,8,SOLAR,255,BROADCAST,0,HEARTBEAT,1,PING,0,0,0,0,0,0,0x10023FC0
1777171388.694,339608,4,8,SOLAR,1,CDH,10,HEALTH,1,PING,50,0,22,25,22,0,0x1002004A
1777171389.689,340604,4,8,SOLAR,255,BROADCAST,0,HEARTBEAT,1,PING,0,0,0,0,0,0,0x10023FC0
1777171390.712,341600,4,8,SOLAR,255,BROADCAST,0,HEARTBEAT,1,PING,0,0,0,0,0,0,0x10023FC0
1777171391.680,342595,4,8,SOLAR,255,BROADCAST,0,HEARTBEAT,1,PING,0,0,0,0,0,0,0x10023FC0
1777171392.676,343591,4,8,SOLAR,255,BROADCAST,0,HEARTBEAT,1,PING,0,0,0,0,0,0,0x10023FC0
1777171393.679,344587,4,8,SOLAR,255,BROADCAST,0,HEARTBEAT,1,PING,0,0,0,0,0,0,0x10023FC0
1777171393.679,344589,4,8,SOLAR,1,CDH,10,HEALTH,1,PING,50,0,22,25,22,0,0x1002004A
1777171394.705,345586,4,8,SOLAR,255,BROADCAST,0,HEARTBEAT,1,PING,0,0,0,0,0,0,0x10023FC0
1777171395.667,346581,4,8,SOLAR,255,BROADCAST,0,HEARTBEAT,1,PING,0,0,0,0,0,0,0x10023FC0
1777171396.663,347577,4,8,SOLAR,255,BROADCAST,0,HEARTBEAT,1,PING,0,0,0,0,0,0,0x10023FC0
1777171397.679,348573,4,8,SOLAR,255,BROADCAST,0,HEARTBEAT,1,PING,0,0,0,0,0,0,0x10023FC0
1777171398.653,349569,4,8,SOLAR,255,BROADCAST,0,HEARTBEAT,1,PING,0,0,0,0,0,0,0x10023FC0
1777171398.656,349571,4,8,SOLAR,1,CDH,10,HEALTH,1,PING,50,0,22,25,22,0,0x1002004A
1777171399.652,350567,4,8,SOLAR,255,BROADCAST,0,HEARTBEAT,1,PING,0,0,0,0,0,0,0x10023FC0
1777171400.649,351563,4,8,SOLAR,255,BROADCAST,0,HEARTBEAT,1,PING,0,0,0,0,0,0,0x10023FC0
1777171401.673,352559,4,8,SOLAR,255,BROADCAST,0,HEARTBEAT,1,PING,0,0,0,0,0,0,0x10023FC0
1777171402.640,353555,4,8,SOLAR,255,BROADCAST,0,HEARTBEAT,1,PING,0,0,0,0,0,0,0x10023FC0
1777171403.636,354550,4,8,SOLAR,255,BROADCAST,0,HEARTBEAT,1,PING,0,0,0,0,0,0,0x10023FC0
1777171403.638,354553,4,8,SOLAR,1,CDH,10,HEALTH,1,PING,50,0,22,25,22,0,0x1002004A
1777171404.644,355549,4,8,SOLAR,255,BROADCAST,0,HEARTBEAT,1,PING,0,0,0,0,0,0,0x10023FC0
1777171405.669,356545,4,8,SOLAR,255,BROADCAST,0,HEARTBEAT,1,PING,0,0,0,0,0,0,0x10023FC0
1777171406.626,357541,4,8,SOLAR,255,BROADCAST,0,HEARTBEAT,1,PING,0,0,0,0,0,0,0x10023FC0
1777171407.622,358536,4,8,SOLAR,255,BROADCAST,0,HEARTBEAT,1,PING,0,0,0,0,0,0,0x10023FC0
1777171408.635,359532,4,8,SOLAR,255,BROADCAST,0,HEARTBEAT,1,PING,0,0,0,0,0,0,0x10023FC0
1777171408.635,359535,4,8,SOLAR,1,CDH,10,HEALTH,1,PING,50,0,22,25,22,0,0x1002004A
1777171409.662,360531,4,8,SOLAR,255,BROADCAST,0,HEARTBEAT,1,PING,0,0,0,0,0,0,0x10023FC0
1777171410.612,361526,4,8,SOLAR,255,BROADCAST,0,HEARTBEAT,1,PING,0,0,0,0,0,0,0x10023FC0
1777171411.608,362522,4,8,SOLAR,255,BROADCAST,0,HEARTBEAT,1,PING,0,0,0,0,0,0,0x10023FC0
1777171412.630,363518,4,8,SOLAR,255,BROADCAST,0,HEARTBEAT,1,PING,0,0,0,0,0,0,0x10023FC0
1777171413.602,364514,4,8,SOLAR,255,BROADCAST,0,HEARTBEAT,1,PING,0,0,0,0,0,0,0x10023FC0
1777171413.602,364516,4,8,SOLAR,1,CDH,10,HEALTH,1,PING,50,0,22,25,22,0,0x1002004A
1777171414.598,365512,4,8,SOLAR,255,BROADCAST,0,HEARTBEAT,1,PING,0,0,0,0,0,0,0x10023FC0
1777171415.602,366508,4,8,SOLAR,255,BROADCAST,0,HEARTBEAT,1,PING,0,0,0,0,0,0,0x10023FC0
1777171416.642,367504,4,8,SOLAR,255,BROADCAST,0,HEARTBEAT,1,PING,0,0,0,0,0,0,0x10023FC0
1777171417.595,368499,4,8,SOLAR,255,BROADCAST,0,HEARTBEAT,1,PING,0,0,0,0,0,0,0x10023FC0
1777171418.580,369495,4,8,SOLAR,255,BROADCAST,0,HEARTBEAT,1,PING,0,0,0,0,0,0,0x10023FC0
1777171418.582,369498,4,8,SOLAR,1,CDH,10,HEALTH,1,PING,50,0,22,25,22,0,0x1002004A
1777171419.630,370494,4,8,SOLAR,255,BROADCAST,0,HEARTBEAT,1,PING,0,0,0,0,0,0,0x10023FC0
1777171420.623,371489,4,8,SOLAR,255,BROADCAST,0,HEARTBEAT,1,PING,0,0,0,0,0,0,0x10023FC0
1777171421.574,372485,4,8,SOLAR,255,BROADCAST,0,HEARTBEAT,1,PING,0,0,0,0,0,0,0x10023FC0
1777171422.591,373480,4,8,SOLAR,255,BROADCAST,0,HEARTBEAT,1,PING,0,0,0,0,0,0,0x10023FC0
1777171423.591,374476,4,8,SOLAR,255,BROADCAST,0,HEARTBEAT,1,PING,0,0,0,0,0,0,0x10023FC0
1777171423.591,374479,4,8,SOLAR,1,CDH,10,HEALTH,1,PING,50,0,22,25,22,0,0x1002004A
1777171424.560,375474,4,8,SOLAR,255,BROADCAST,0,HEARTBEAT,1,PING,0,0,0,0,0,0,0x10023FC0
1777171425.564,376470,4,8,SOLAR,255,BROADCAST,0,HEARTBEAT,1,PING,0,0,0,0,0,0,0x10023FC0
1777171426.562,377466,4,8,SOLAR,255,BROADCAST,0,HEARTBEAT,1,PING,0,0,0,0,0,0,0x10023FC0
1777171427.581,378462,4,8,SOLAR,255,BROADCAST,0,HEARTBEAT,1,PING,0,0,0,0,0,0,0x10023FC0
1777171428.543,379457,4,8,SOLAR,255,BROADCAST,0,HEARTBEAT,1,PING,0,0,0,0,0,0,0x10023FC0
1777171428.546,379460,4,8,SOLAR,1,CDH,10,HEALTH,1,PING,50,0,22,25,22,0,0x1002004A
1777171429.545,380456,4,8,SOLAR,255,BROADCAST,0,HEARTBEAT,1,PING,0,0,0,0,0,0,0x10023FC0
1777171430.543,381452,4,8,SOLAR,255,BROADCAST,0,HEARTBEAT,1,PING,0,0,0,0,0,0,0x10023FC0
1777171431.563,382447,4,8,SOLAR,255,BROADCAST,0,HEARTBEAT,1,PING,0,0,0,0,0,0,0x10023FC0
1777171432.530,383443,4,8,SOLAR,255,BROADCAST,0,HEARTBEAT,1,PING,0,0,0,0,0,0,0x10023FC0
1777171433.524,384439,4,8,SOLAR,255,BROADCAST,0,HEARTBEAT,1,PING,0,0,0,0,0,0,0x10023FC0
1777171433.527,384442,4,8,SOLAR,1,CDH,10,HEALTH,1,PING,50,0,22,25,22,0,0x1002004A
1777171434.543,385438,4,8,SOLAR,255,BROADCAST,0,HEARTBEAT,1,PING,0,0,0,0,0,0,0x10023FC0
1777171435.519,386433,4,8,SOLAR,255,BROADCAST,0,HEARTBEAT,1,PING,0,0,0,0,0,0,0x10023FC0
1777171436.516,387429,4,8,SOLAR,255,BROADCAST,0,HEARTBEAT,1,PING,0,0,0,0,0,0,0x10023FC0
1777171437.511,388425,4,8,SOLAR,255,BROADCAST,0,HEARTBEAT,1,PING,0,0,0,0,0,0,0x10023FC0
1777171438.524,389421,4,8,SOLAR,255,BROADCAST,0,HEARTBEAT,1,PING,0,0,0,0,0,0,0x10023FC0
1777171438.524,389423,4,8,SOLAR,1,CDH,10,HEALTH,1,PING,50,0,22,25,22,0,0x1002004A
1777171439.505,390419,4,8,SOLAR,255,BROADCAST,0,HEARTBEAT,1,PING,0,0,0,0,0,0,0x10023FC0
1777171440.502,391415,4,8,SOLAR,255,BROADCAST,0,HEARTBEAT,1,PING,0,0,0,0,0,0,0x10023FC0
1777171444.494,395401,4,8,SOLAR,255,BROADCAST,0,HEARTBEAT,1,PING,0,0,0,0,0,0,0x10023FC0
1777171445.499,396397,4,8,SOLAR,255,BROADCAST,0,HEARTBEAT,1,PING,0,0,0,0,0,0,0x10023FC0
1777171446.479,397393,4,8,SOLAR,255,BROADCAST,0,HEARTBEAT,1,PING,0,0,0,0,0,0,0x10023FC0
1777171447.475,398389,4,8,SOLAR,255,BROADCAST,0,HEARTBEAT,1,PING,0,0,0,0,0,0,0x10023FC0
1777171448.471,399385,4,8,SOLAR,255,BROADCAST,0,HEARTBEAT,1,PING,0,0,0,0,0,0,0x10023FC0
1777171448.473,399387,4,8,SOLAR,1,CDH,10,HEALTH,1,PING,50,0,22,25,22,0,0x1002004A
1777171449.485,400383,4,8,SOLAR,255,BROADCAST,0,HEARTBEAT,1,PING,0,0,0,0,0,0,0x10023FC0
1777171450.466,401379,4,8,SOLAR,255,BROADCAST,0,HEARTBEAT,1,PING,0,0,0,0,0,0,0x10023FC0
1777171451.461,402375,4,8,SOLAR,255,BROADCAST,0,HEARTBEAT,1,PING,0,0,0,0,0,0,0x10023FC0
1777171452.465,403371,4,8,SOLAR,255,BROADCAST,0,HEARTBEAT,1,PING,0,0,0,0,0,0,0x10023FC0
1777171453.492,404366,4,8,SOLAR,255,BROADCAST,0,HEARTBEAT,1,PING,0,0,0,0,0,0,0x10023FC0
1777171453.492,404369,4,8,SOLAR,1,CDH,10,HEALTH,1,PING,50,0,22,25,22,0,0x1002004A
1777171454.452,405365,4,8,SOLAR,255,BROADCAST,0,HEARTBEAT,1,PING,0,0,0,0,0,0,0x10023FC0
1777171455.447,406361,4,8,SOLAR,255,BROADCAST,0,HEARTBEAT,1,PING,0,0,0,0,0,0,0x10023FC0
1777171456.456,407357,4,8,SOLAR,255,BROADCAST,0,HEARTBEAT,1,PING,0,0,0,0,0,0,0x10023FC0
1777171457.482,408353,4,8,SOLAR,255,BROADCAST,0,HEARTBEAT,1,PING,0,0,0,0,0,0,0x10023FC0
1777171458.435,409349,4,8,SOLAR,255,BROADCAST,0,HEARTBEAT,1,PING,0,0,0,0,0,0,0x10023FC0
1777171458.437,409351,4,8,SOLAR,1,CDH,10,HEALTH,1,PING,50,0,22,25,22,0,0x1002004A
1777171459.434,410347,4,8,SOLAR,255,BROADCAST,0,HEARTBEAT,1,PING,0,0,0,0,0,0,0x10023FC0
1777171460.452,411343,4,8,SOLAR,255,BROADCAST,0,HEARTBEAT,1,PING,0,0,0,0,0,0,0x10023FC0
1777171461.425,412339,4,8,SOLAR,255,BROADCAST,0,HEARTBEAT,1,PING,0,0,0,0,0,0,0x10023FC0
1777171462.423,413335,4,8,SOLAR,255,BROADCAST,0,HEARTBEAT,1,PING,0,0,0,0,0,0,0x10023FC0
1777171463.420,414331,4,8,SOLAR,255,BROADCAST,0,HEARTBEAT,1,PING,0,0,0,0,0,0,0x10023FC0
1777171463.420,414333,4,8,SOLAR,1,CDH,10,HEALTH,1,PING,50,0,22,25,22,0,0x1002004A
1777171464.444,415330,4,8,SOLAR,255,BROADCAST,0,HEARTBEAT,1,PING,0,0,0,0,0,0,0x10023FC0
1777171465.412,416325,4,8,SOLAR,255,BROADCAST,0,HEARTBEAT,1,PING,0,0,0,0,0,0,0x10023FC0
1777171466.409,417321,4,8,SOLAR,255,BROADCAST,0,HEARTBEAT,1,PING,0,0,0,0,0,0,0x10023FC0
1777171467.406,418317,4,8,SOLAR,255,BROADCAST,0,HEARTBEAT,1,PING,0,0,0,0,0,0,0x10023FC0
1777171468.438,419313,4,8,SOLAR,255,BROADCAST,0,HEARTBEAT,1,PING,0,0,0,0,0,0,0x10023FC0
1777171468.438,419315,4,8,SOLAR,1,CDH,10,HEALTH,1,PING,50,0,22,25,22,0,0x1002004A
1777171469.398,420311,4,8,SOLAR,255,BROADCAST,0,HEARTBEAT,1,PING,0,0,0,0,0,0,0x10023FC0
1777171470.394,421307,4,8,SOLAR,255,BROADCAST,0,HEARTBEAT,1,PING,0,0,0,0,0,0,0x10023FC0
1777171471.408,422303,4,8,SOLAR,255,BROADCAST,0,HEARTBEAT,1,PING,0,0,0,0,0,0,0x10023FC0
1777171472.385,423299,4,8,SOLAR,255,BROADCAST,0,HEARTBEAT,1,PING,0,0,0,0,0,0,0x10023FC0
1777171473.386,424294,4,8,SOLAR,255,BROADCAST,0,HEARTBEAT,1,PING,0,0,0,0,0,0,0x10023FC0
1777171473.386,424297,4,8,SOLAR,1,CDH,10,HEALTH,1,PING,50,0,22,25,22,0,0x1002004A
1777171474.380,425293,4,8,SOLAR,255,BROADCAST,0,HEARTBEAT,1,PING,0,0,0,0,0,0,0x10023FC0
1777171475.395,426289,4,8,SOLAR,255,BROADCAST,0,HEARTBEAT,1,PING,0,0,0,0,0,0,0x10023FC0
1777171476.371,427284,4,8,SOLAR,255,BROADCAST,0,HEARTBEAT,1,PING,0,0,0,0,0,0,0x10023FC0
1777171477.367,428280,4,8,SOLAR,255,BROADCAST,0,HEARTBEAT,1,PING,0,0,0,0,0,0,0x10023FC0
1777171478.366,429276,4,8,SOLAR,255,BROADCAST,0,HEARTBEAT,1,PING,0,0,0,0,0,0,0x10023FC0
1777171478.366,429279,4,8,SOLAR,1,CDH,10,HEALTH,1,PING,50,0,22,25,22,0,0x1002004A
1777171479.388,430275,4,8,SOLAR,255,BROADCAST,0,HEARTBEAT,1,PING,0,0,0,0,0,0,0x10023FC0
1777171480.357,431270,4,8,SOLAR,255,BROADCAST,0,HEARTBEAT,1,PING,0,0,0,0,0,0,0x10023FC0
1777171481.353,432266,4,8,SOLAR,255,BROADCAST,0,HEARTBEAT,1,PING,0,0,0,0,0,0,0x10023FC0
1777171482.360,433262,4,8,SOLAR,255,BROADCAST,0,HEARTBEAT,1,PING,0,0,0,0,0,0,0x10023FC0
1777171483.345,434258,4,8,SOLAR,255,BROADCAST,0,HEARTBEAT,1,PING,0,0,0,0,0,0,0x10023FC0
1777171483.381,434260,4,8,SOLAR,1,CDH,10,HEALTH,1,PING,50,0,22,25,22,0,0x1002004A
1777171484.343,435256,4,8,SOLAR,255,BROADCAST,0,HEARTBEAT,1,PING,0,0,0,0,0,0,0x10023FC0
1777171485.339,436252,4,8,SOLAR,255,BROADCAST,0,HEARTBEAT,1,PING,0,0,0,0,0,0,0x10023FC0
1777171486.353,437248,4,8,SOLAR,255,BROADCAST,0,HEARTBEAT,1,PING,0,0,0,0,0,0,0x10023FC0
1777171487.331,438244,4,8,SOLAR,255,BROADCAST,0,HEARTBEAT,1,PING,0,0,0,0,0,0,0x10023FC0
1777171488.325,439239,4,8,SOLAR,255,BROADCAST,0,HEARTBEAT,1,PING,0,0,0,0,0,0,0x10023FC0
1777171488.332,439242,4,8,SOLAR,1,CDH,10,HEALTH,1,PING,50,0,22,25,22,0,0x1002004A
1777171489.326,440238,4,8,SOLAR,255,BROADCAST,0,HEARTBEAT,1,PING,0,0,0,0,0,0,0x10023FC0
1777171490.353,441234,4,8,SOLAR,255,BROADCAST,0,HEARTBEAT,1,PING,0,0,0,0,0,0,0x10023FC0
1777171491.317,442229,4,8,SOLAR,255,BROADCAST,0,HEARTBEAT,1,PING,0,0,0,0,0,0,0x10023FC0
1777171492.307,443225,4,8,SOLAR,255,BROADCAST,0,HEARTBEAT,1,PING,0,0,0,0,0,0,0x10023FC0
1777171493.315,444221,4,8,SOLAR,255,BROADCAST,0,HEARTBEAT,1,PING,0,0,0,0,0,0,0x10023FC0
1777171493.315,444223,4,8,SOLAR,1,CDH,10,HEALTH,1,PING,50,0,22,25,22,0,0x1002004A
1777171494.347,445219,4,8,SOLAR,255,BROADCAST,0,HEARTBEAT,1,PING,0,0,0,0,0,0,0x10023FC0
1777171495.303,446215,4,8,SOLAR,255,BROADCAST,0,HEARTBEAT,1,PING,0,0,0,0,0,0,0x10023FC0
1777171496.298,447211,4,8,SOLAR,255,BROADCAST,0,HEARTBEAT,1,PING,0,0,0,0,0,0,0x10023FC0
1777171497.317,448206,4,8,SOLAR,255,BROADCAST,0,HEARTBEAT,1,PING,0,0,0,0,0,0,0x10023FC0
1777171498.289,449202,4,8,SOLAR,255,BROADCAST,0,HEARTBEAT,1,PING,0,0,0,0,0,0,0x10023FC0
1777171498.291,449205,4,8,SOLAR,1,CDH,10,HEALTH,1,PING,50,0,22,25,22,0,0x1002004A
1777171499.289,450201,4,8,SOLAR,255,BROADCAST,0,HEARTBEAT,1,PING,0,0,0,0,0,0,0x10023FC0
1777171500.284,451197,4,8,SOLAR,255,BROADCAST,0,HEARTBEAT,1,PING,0,0,0,0,0,0,0x10023FC0
1777171501.300,452192,4,8,SOLAR,255,BROADCAST,0,HEARTBEAT,1,PING,0,0,0,0,0,0,0x10023FC0
1777171502.275,453188,4,8,SOLAR,255,BROADCAST,0,HEARTBEAT,1,PING,0,0,0,0,0,0,0x10023FC0
1777171503.271,454184,4,8,SOLAR,255,BROADCAST,0,HEARTBEAT,1,PING,0,0,0,0,0,0,0x10023FC0
1777171503.274,454187,4,8,SOLAR,1,CDH,10,HEALTH,1,PING,50,0,22,25,22,0,0x1002004A
1777171504.282,455183,4,8,SOLAR,255,BROADCAST,0,HEARTBEAT,1,PING,0,0,0,0,0,0,0x10023FC0
1777171505.305,456178,4,8,SOLAR,255,BROADCAST,0,HEARTBEAT,1,PING,0,0,0,0,0,0,0x10023FC0
1777171506.261,457174,4,8,SOLAR,255,BROADCAST,0,HEARTBEAT,1,PING,0,0,0,0,0,0,0x10023FC0
1777171507.257,458170,4,8,SOLAR,255,BROADCAST,0,HEARTBEAT,1,PING,0,0,0,0,0,0,0x10023FC0
1777171508.271,459166,4,8,SOLAR,255,BROADCAST,0,HEARTBEAT,1,PING,0,0,0,0,0,0,0x10023FC0
1777171508.271,459168,4,8,SOLAR,1,CDH,10,HEALTH,1,PING,50,0,22,25,22,0,0x1002004A
1777171509.251,460164,4,8,SOLAR,255,BROADCAST,0,HEARTBEAT,1,PING,0,0,0,0,0,0,0x10023FC0
1777171510.247,461160,4,8,SOLAR,255,BROADCAST,0,HEARTBEAT,1,PING,0,0,0,0,0,0,0x10023FC0
1777171511.243,462156,4,8,SOLAR,255,BROADCAST,0,HEARTBEAT,1,PING,0,0,0,0,0,0,0x10023FC0
1777171512.263,463152,4,8,SOLAR,255,BROADCAST,0,HEARTBEAT,1,PING,0,0,0,0,0,0,0x10023FC0
1777171513.235,464148,4,8,SOLAR,255,BROADCAST,0,HEARTBEAT,1,PING,0,0,0,0,0,0,0x10023FC0
1777171513.237,464150,4,8,SOLAR,1,CDH,10,HEALTH,1,PING,50,0,22,25,22,0,0x1002004A
1777171514.234,465146,4,8,SOLAR,255,BROADCAST,0,HEARTBEAT,1,PING,0,0,0,0,0,0,0x10023FC0
1777171515.234,466142,4,8,SOLAR,255,BROADCAST,0,HEARTBEAT,1,PING,0,0,0,0,0,0,0x10023FC0
1777171516.263,467138,4,8,SOLAR,255,BROADCAST,0,HEARTBEAT,1,PING,0,0,0,0,0,0,0x10023FC0
1777171517.221,468134,4,8,SOLAR,255,BROADCAST,0,HEARTBEAT,1,PING,0,0,0,0,0,0,0x10023FC0
1777171518.218,469129,4,8,SOLAR,255,BROADCAST,0,HEARTBEAT,1,PING,0,0,0,0,0,0,0x10023FC0
1777171518.219,469132,4,8,SOLAR,1,CDH,10,HEALTH,1,PING,50,0,22,25,22,0,0x1002004A
1777171519.233,470128,4,8,SOLAR,255,BROADCAST,0,HEARTBEAT,1,PING,0,0,0,0,0,0,0x10023FC0
1777171520.258,471124,4,8,SOLAR,255,BROADCAST,0,HEARTBEAT,1,PING,0,0,0,0,0,0,0x10023FC0
1777171521.208,472120,4,8,SOLAR,255,BROADCAST,0,HEARTBEAT,1,PING,0,0,0,0,0,0,0x10023FC0
1777171522.204,473116,4,8,SOLAR,255,BROADCAST,0,HEARTBEAT,1,PING,0,0,0,0,0,0,0x10023FC0
1777171523.225,474112,4,8,SOLAR,255,BROADCAST,0,HEARTBEAT,1,PING,0,0,0,0,0,0,0x10023FC0
1777171523.225,474114,4,8,SOLAR,1,CDH,10,HEALTH,1,PING,50,0,22,25,22,0,0x1002004A
1777171524.198,475111,4,8,SOLAR,255,BROADCAST,0,HEARTBEAT,1,PING,0,0,0,0,0,0,0x10023FC0
1777171525.194,476106,4,8,SOLAR,255,BROADCAST,0,HEARTBEAT,1,PING,0,0,0,0,0,0,0x10023FC0
1777171526.200,477102,4,8,SOLAR,255,BROADCAST,0,HEARTBEAT,1,PING,0,0,0,0,0,0,0x10023FC0
1777171527.215,478098,4,8,SOLAR,255,BROADCAST,0,HEARTBEAT,1,PING,0,0,0,0,0,0,0x10023FC0
1777171528.183,479094,4,8,SOLAR,255,BROADCAST,0,HEARTBEAT,1,PING,0,0,0,0,0,0,0x10023FC0
1777171528.184,479097,4,8,SOLAR,1,CDH,10,HEALTH,1,PING,50,0,22,25,22,0,0x1002004A
1777171529.180,480093,4,8,SOLAR,255,BROADCAST,0,HEARTBEAT,1,PING,0,0,0,0,0,0,0x10023FC0
1777171530.189,481089,4,8,SOLAR,255,BROADCAST,0,HEARTBEAT,1,PING,0,0,0,0,0,0,0x10023FC0
1777171531.199,482085,4,8,SOLAR,255,BROADCAST,0,HEARTBEAT,1,PING,0,0,0,0,0,0,0x10023FC0
1777171532.168,483081,4,8,SOLAR,255,BROADCAST,0,HEARTBEAT,1,PING,0,0,0,0,0,0,0x10023FC0
1777171533.167,484077,4,8,SOLAR,255,BROADCAST,0,HEARTBEAT,1,PING,0,0,0,0,0,0,0x10023FC0
1777171533.167,484079,4,8,SOLAR,1,CDH,10,HEALTH,1,PING,50,0,22,25,22,0,0x1002004A
1777171534.182,485075,4,8,SOLAR,255,BROADCAST,0,HEARTBEAT,1,PING,0,0,0,0,0,0,0x10023FC0
1777171535.159,486071,4,8,SOLAR,255,BROADCAST,0,HEARTBEAT,1,PING,0,0,0,0,0,0,0x10023FC0
1777171536.165,487067,4,8,SOLAR,255,BROADCAST,0,HEARTBEAT,1,PING,0,0,0,0,0,0,0x10023FC0
1777171537.151,488063,4,8,SOLAR,255,BROADCAST,0,HEARTBEAT,1,PING,0,0,0,0,0,0,0x10023FC0
1777171538.170,489059,4,8,SOLAR,255,BROADCAST,0,HEARTBEAT,1,PING,0,0,0,0,0,0,0x10023FC0
1777171538.170,489061,4,8,SOLAR,1,CDH,10,HEALTH,1,PING,50,0,22,25,22,0,0x1002004A
1777171539.145,490058,4,8,SOLAR,255,BROADCAST,0,HEARTBEAT,1,PING,0,0,0,0,0,0,0x10023FC0
1777171540.141,491053,4,8,SOLAR,255,BROADCAST,0,HEARTBEAT,1,PING,0,0,0,0,0,0,0x10023FC0
1777171541.142,492049,4,8,SOLAR,255,BROADCAST,0,HEARTBEAT,1,PING,0,0,0,0,0,0,0x10023FC0
1777171542.162,493045,4,8,SOLAR,255,BROADCAST,0,HEARTBEAT,1,PING,0,0,0,0,0,0,0x10023FC0
1777171543.128,494041,4,8,SOLAR,255,BROADCAST,0,HEARTBEAT,1,PING,0,0,0,0,0,0,0x10023FC0
1777171543.131,494043,4,8,SOLAR,1,CDH,10,HEALTH,1,PING,50,0,22,25,22,0,0x1002004A
1777171544.127,495039,4,8,SOLAR,255,BROADCAST,0,HEARTBEAT,1,PING,0,0,0,0,0,0,0x10023FC0
1777171545.140,496035,4,8,SOLAR,255,BROADCAST,0,HEARTBEAT,1,PING,0,0,0,0,0,0,0x10023FC0
1777171546.118,497031,4,8,SOLAR,255,BROADCAST,0,HEARTBEAT,1,PING,0,0,0,0,0,0,0x10023FC0
1777171547.115,498027,4,8,SOLAR,255,BROADCAST,0,HEARTBEAT,1,PING,0,0,0,0,0,0,0x10023FC0
1777171548.110,499023,4,8,SOLAR,255,BROADCAST,0,HEARTBEAT,1,PING,0,0,0,0,0,0,0x10023FC0
1777171548.113,499025,4,8,SOLAR,1,CDH,10,HEALTH,1,PING,50,0,22,25,22,0,0x1002004A
1777171549.132,500021,4,8,SOLAR,255,BROADCAST,0,HEARTBEAT,1,PING,0,0,0,0,0,0,0x10023FC0
1777171550.105,501017,4,8,SOLAR,255,BROADCAST,0,HEARTBEAT,1,PING,0,0,0,0,0,0,0x10023FC0
1777171551.101,502013,4,8,SOLAR,255,BROADCAST,0,HEARTBEAT,1,PING,0,0,0,0,0,0,0x10023FC0
1777171552.103,503009,4,8,SOLAR,255,BROADCAST,0,HEARTBEAT,1,PING,0,0,0,0,0,0,0x10023FC0
1777171553.127,504005,4,8,SOLAR,255,BROADCAST,0,HEARTBEAT,1,PING,0,0,0,0,0,0,0x10023FC0
1777171553.128,504007,4,8,SOLAR,1,CDH,10,HEALTH,1,PING,50,0,22,25,22,0,0x1002004A
1777171554.091,505004,4,8,SOLAR,255,BROADCAST,0,HEARTBEAT,1,PING,0,0,0,0,0,0,0x10023FC0
1777171555.087,505999,4,8,SOLAR,255,BROADCAST,0,HEARTBEAT,1,PING,0,0,0,0,0,0,0x10023FC0
1777171556.097,506995,4,8,SOLAR,255,BROADCAST,0,HEARTBEAT,1,PING,0,0,0,0,0,0,0x10023FC0
1777171557.124,507991,4,8,SOLAR,255,BROADCAST,0,HEARTBEAT,1,PING,0,0,0,0,0,0,0x10023FC0
1777171558.076,508987,4,8,SOLAR,255,BROADCAST,0,HEARTBEAT,1,PING,0,0,0,0,0,0,0x10023FC0
1777171558.078,508990,4,8,SOLAR,1,CDH,10,HEALTH,1,PING,50,0,22,25,22,0,0x1002004A
1777171559.074,509986,4,8,SOLAR,255,BROADCAST,0,HEARTBEAT,1,PING,0,0,0,0,0,0,0x10023FC0
1777171560.092,510982,4,8,SOLAR,255,BROADCAST,0,HEARTBEAT,1,PING,0,0,0,0,0,0,0x10023FC0
1777171561.065,511977,4,8,SOLAR,255,BROADCAST,0,HEARTBEAT,1,PING,0,0,0,0,0,0,0x10023FC0
1777171562.062,512973,4,8,SOLAR,255,BROADCAST,0,HEARTBEAT,1,PING,0,0,0,0,0,0,0x10023FC0
1777171563.060,513969,4,8,SOLAR,255,BROADCAST,0,HEARTBEAT,1,PING,0,0,0,0,0,0,0x10023FC0
1777171563.061,513972,4,8,SOLAR,1,CDH,10,HEALTH,1,PING,50,0,22,25,22,0,0x1002004A
1777171564.080,514968,4,8,SOLAR,255,BROADCAST,0,HEARTBEAT,1,PING,0,0,0,0,0,0,0x10023FC0
1777171565.051,515964,4,8,SOLAR,255,BROADCAST,0,HEARTBEAT,1,PING,0,0,0,0,0,0,0x10023FC0
1777171566.047,516959,4,8,SOLAR,255,BROADCAST,0,HEARTBEAT,1,PING,0,0,0,0,0,0,0x10023FC0
1777171567.048,517955,4,8,SOLAR,255,BROADCAST,0,HEARTBEAT,1,PING,0,0,0,0,0,0,0x10023FC0
1777171568.071,518951,4,8,SOLAR,255,BROADCAST,0,HEARTBEAT,1,PING,0,0,0,0,0,0,0x10023FC0
1777171568.071,518954,4,8,SOLAR,1,CDH,10,HEALTH,1,PING,50,0,22,25,22,0,0x1002004A
1777171569.038,519950,4,8,SOLAR,255,BROADCAST,0,HEARTBEAT,1,PING,0,0,0,0,0,0,0x10023FC0
1777171570.042,520946,4,8,SOLAR,255,BROADCAST,0,HEARTBEAT,1,PING,0,0,0,0,0,0,0x10023FC0
1777171571.040,521942,4,8,SOLAR,255,BROADCAST,0,HEARTBEAT,1,PING,0,0,0,0,0,0,0x10023FC0
1777171572.026,522937,4,8,SOLAR,255,BROADCAST,0,HEARTBEAT,1,PING,0,0,0,0,0,0,0x10023FC0
1777171573.022,523933,4,8,SOLAR,255,BROADCAST,0,HEARTBEAT,1,PING,0,0,0,0,0,0,0x10023FC0
1777171573.023,523936,4,8,SOLAR,1,CDH,10,HEALTH,1,PING,50,0,22,24,22,0,0x1002004A
1777171574.020,524932,4,8,SOLAR,255,BROADCAST,0,HEARTBEAT,1,PING,0,0,0,0,0,0,0x10023FC0
1777171575.033,525928,4,8,SOLAR,255,BROADCAST,0,HEARTBEAT,1,PING,0,0,0,0,0,0,0x10023FC0
1777171576.012,526924,4,8,SOLAR,255,BROADCAST,0,HEARTBEAT,1,PING,0,0,0,0,0,0,0x10023FC0
1777171577.008,527919,4,8,SOLAR,255,BROADCAST,0,HEARTBEAT,1,PING,0,0,0,0,0,0,0x10023FC0
1777171578.006,528915,4,8,SOLAR,255,BROADCAST,0,HEARTBEAT,1,PING,0,0,0,0,0,0,0x10023FC0
1777171578.006,528918,4,8,SOLAR,1,CDH,10,HEALTH,1,PING,50,0,22,24,22,0,0x1002004A
1777171579.035,529914,4,8,SOLAR,255,BROADCAST,0,HEARTBEAT,1,PING,0,0,0,0,0,0,0x10023FC0
1777171579.999,530910,4,8,SOLAR,255,BROADCAST,0,HEARTBEAT,1,PING,0,0,0,0,0,0,0x10023FC0
1777171580.994,531905,4,8,SOLAR,255,BROADCAST,0,HEARTBEAT,1,PING,0,0,0,0,0,0,0x10023FC0
1777171582.003,532901,4,8,SOLAR,255,BROADCAST,0,HEARTBEAT,1,PING,0,0,0,0,0,0,0x10023FC0
1777171583.061,533897,4,8,SOLAR,255,BROADCAST,0,HEARTBEAT,1,PING,0,0,0,0,0,0,0x10023FC0
1777171583.061,533900,4,8,SOLAR,1,CDH,10,HEALTH,1,PING,50,0,22,24,22,0,0x1002004A
1777171583.985,534896,4,8,SOLAR,255,BROADCAST,0,HEARTBEAT,1,PING,0,0,0,0,0,0,0x10023FC0
1777171584.980,535892,4,8,SOLAR,255,BROADCAST,0,HEARTBEAT,1,PING,0,0,0,0,0,0,0x10023FC0
1777171586.001,536887,4,8,SOLAR,255,BROADCAST,0,HEARTBEAT,1,PING,0,0,0,0,0,0,0x10023FC0
1777171586.972,537883,4,8,SOLAR,255,BROADCAST,0,HEARTBEAT,1,PING,0,0,0,0,0,0,0x10023FC0
1777171587.970,538879,4,8,SOLAR,255,BROADCAST,0,HEARTBEAT,1,PING,0,0,0,0,0,0,0x10023FC0
1777171587.971,538882,4,8,SOLAR,1,CDH,10,HEALTH,1,PING,50,0,22,24,22,0,0x1002004A
1777171588.967,539878,4,8,SOLAR,255,BROADCAST,0,HEARTBEAT,1,PING,0,0,0,0,0,0,0x10023FC0
1777171589.989,540874,4,8,SOLAR,255,BROADCAST,0,HEARTBEAT,1,PING,0,0,0,0,0,0,0x10023FC0
1777171590.958,541869,4,8,SOLAR,255,BROADCAST,0,HEARTBEAT,1,PING,0,0,0,0,0,0,0x10023FC0
1777171591.954,542865,4,8,SOLAR,255,BROADCAST,0,HEARTBEAT,1,PING,0,0,0,0,0,0,0x10023FC0
1777171592.952,543861,4,8,SOLAR,255,BROADCAST,0,HEARTBEAT,1,PING,0,0,0,0,0,0,0x10023FC0
1777171592.952,543864,4,8,SOLAR,1,CDH,10,HEALTH,1,PING,50,0,22,24,22,0,0x1002004A
1777171593.980,544860,4,8,SOLAR,255,BROADCAST,0,HEARTBEAT,1,PING,0,0,0,0,0,0,0x10023FC0
1777171594.944,545856,4,8,SOLAR,255,BROADCAST,0,HEARTBEAT,1,PING,0,0,0,0,0,0,0x10023FC0
1777171595.940,546851,4,8,SOLAR,255,BROADCAST,0,HEARTBEAT,1,PING,0,0,0,0,0,0,0x10023FC0
1777171596.950,547847,4,8,SOLAR,255,BROADCAST,0,HEARTBEAT,1,PING,0,0,0,0,0,0,0x10023FC0
1777171597.932,548843,4,8,SOLAR,255,BROADCAST,0,HEARTBEAT,1,PING,0,0,0,0,0,0,0x10023FC0
1777171597.934,548845,4,8,SOLAR,1,CDH,10,HEALTH,1,PING,50,0,22,24,22,0,0x1002004A
1777171598.930,549841,4,8,SOLAR,255,BROADCAST,0,HEARTBEAT,1,PING,0,0,0,0,0,0,0x10023FC0
1777171599.928,550837,4,8,SOLAR,255,BROADCAST,0,HEARTBEAT,1,PING,0,0,0,0,0,0,0x10023FC0
1777171600.948,551833,4,8,SOLAR,255,BROADCAST,0,HEARTBEAT,1,PING,0,0,0,0,0,0,0x10023FC0
1777171601.917,552829,4,8,SOLAR,255,BROADCAST,0,HEARTBEAT,1,PING,0,0,0,0,0,0,0x10023FC0
1777171602.914,553825,4,8,SOLAR,255,BROADCAST,0,HEARTBEAT,1,PING,0,0,0,0,0,0,0x10023FC0
1777171602.915,553827,4,8,SOLAR,1,CDH,10,HEALTH,1,PING,50,0,22,24,22,0,0x1002004A
1777171603.921,554823,4,8,SOLAR,255,BROADCAST,0,HEARTBEAT,1,PING,0,0,0,0,0,0,0x10023FC0
1777171604.991,555819,4,8,SOLAR,255,BROADCAST,0,HEARTBEAT,1,PING,0,0,0,0,0,0,0x10023FC0
1777171605.904,556815,4,8,SOLAR,255,BROADCAST,0,HEARTBEAT,1,PING,0,0,0,0,0,0,0x10023FC0
1777171606.900,557811,4,8,SOLAR,255,BROADCAST,0,HEARTBEAT,1,PING,0,0,0,0,0,0,0x10023FC0
1777171607.913,558807,4,8,SOLAR,255,BROADCAST,0,HEARTBEAT,1,PING,0,0,0,0,0,0,0x10023FC0
1777171607.913,558809,4,8,SOLAR,1,CDH,10,HEALTH,1,PING,50,0,22,24,22,0,0x1002004A
1777171608.932,559806,4,8,SOLAR,255,BROADCAST,0,HEARTBEAT,1,PING,0,0,0,0,0,0,0x10023FC0
1777171609.890,560801,4,8,SOLAR,255,BROADCAST,0,HEARTBEAT,1,PING,0,0,0,0,0,0,0x10023FC0
1777171610.886,561797,4,8,SOLAR,255,BROADCAST,0,HEARTBEAT,1,PING,0,0,0,0,0,0,0x10023FC0
1777171611.897,562793,4,8,SOLAR,255,BROADCAST,0,HEARTBEAT,1,PING,0,0,0,0,0,0,0x10023FC0
1777171612.880,563789,4,8,SOLAR,255,BROADCAST,0,HEARTBEAT,1,PING,0,0,0,0,0,0,0x10023FC0
1777171612.880,563792,4,8,SOLAR,1,CDH,10,HEALTH,1,PING,50,0,22,24,22,0,0x1002004A
1777171613.877,564788,4,8,SOLAR,255,BROADCAST,0,HEARTBEAT,1,PING,0,0,0,0,0,0,0x10023FC0
1777171614.877,565783,4,8,SOLAR,255,BROADCAST,0,HEARTBEAT,1,PING,0,0,0,0,0,0,0x10023FC0
1777171615.919,566779,4,8,SOLAR,255,BROADCAST,0,HEARTBEAT,1,PING,0,0,0,0,0,0,0x10023FC0
1777171616.863,567775,4,8,SOLAR,255,BROADCAST,0,HEARTBEAT,1,PING,0,0,0,0,0,0,0x10023FC0
1777171617.860,568771,4,8,SOLAR,255,BROADCAST,0,HEARTBEAT,1,PING,0,0,0,0,0,0,0x10023FC0
1777171617.863,568774,4,8,SOLAR,1,CDH,10,HEALTH,1,PING,50,0,22,24,22,0,0x1002004A
1777171618.870,569770,4,8,SOLAR,255,BROADCAST,0,HEARTBEAT,1,PING,0,0,0,0,0,0,0x10023FC0
1777171619.907,570766,4,8,SOLAR,255,BROADCAST,0,HEARTBEAT,1,PING,0,0,0,0,0,0,0x10023FC0
1777171620.851,571761,4,8,SOLAR,255,BROADCAST,0,HEARTBEAT,1,PING,0,0,0,0,0,0,0x10023FC0
1777171621.846,572757,4,8,SOLAR,255,BROADCAST,0,HEARTBEAT,1,PING,0,0,0,0,0,0,0x10023FC0
1777171622.863,573753,4,8,SOLAR,255,BROADCAST,0,HEARTBEAT,1,PING,0,0,0,0,0,0,0x10023FC0
1777171622.863,573756,4,8,SOLAR,1,CDH,10,HEALTH,1,PING,50,0,22,24,22,0,0x1002004A
1777171623.840,574752,4,8,SOLAR,255,BROADCAST,0,HEARTBEAT,1,PING,0,0,0,0,0,0,0x10023FC0
1777171624.837,575748,4,8,SOLAR,255,BROADCAST,0,HEARTBEAT,1,PING,0,0,0,0,0,0,0x10023FC0
1777171625.834,576743,4,8,SOLAR,255,BROADCAST,0,HEARTBEAT,1,PING,0,0,0,0,0,0,0x10023FC0
1777171626.859,577739,4,8,SOLAR,255,BROADCAST,0,HEARTBEAT,1,PING,0,0,0,0,0,0,0x10023FC0
1777171627.824,578735,4,8,SOLAR,255,BROADCAST,0,HEARTBEAT,1,PING,0,0,0,0,0,0,0x10023FC0
1777171627.826,578737,4,8,SOLAR,1,CDH,10,HEALTH,1,PING,50,0,22,24,22,0,0x1002004A
1777171628.824,579734,4,8,SOLAR,255,BROADCAST,0,HEARTBEAT,1,PING,0,0,0,0,0,0,0x10023FC0
1777171629.828,580729,4,8,SOLAR,255,BROADCAST,0,HEARTBEAT,1,PING,0,0,0,0,0,0,0x10023FC0
1777171630.848,581725,4,8,SOLAR,255,BROADCAST,0,HEARTBEAT,1,PING,0,0,0,0,0,0,0x10023FC0
1777171631.810,582721,4,8,SOLAR,255,BROADCAST,0,HEARTBEAT,1,PING,0,0,0,0,0,0,0x10023FC0
1777171632.806,583717,4,8,SOLAR,255,BROADCAST,0,HEARTBEAT,1,PING,0,0,0,0,0,0,0x10023FC0
1777171632.808,583719,4,8,SOLAR,1,CDH,10,HEALTH,1,PING,50,0,22,24,22,0,0x1002004A
1777171633.850,584715,4,8,SOLAR,255,BROADCAST,0,HEARTBEAT,1,PING,0,0,0,0,0,0,0x10023FC0
1777171634.847,585711,4,8,SOLAR,255,BROADCAST,0,HEARTBEAT,1,PING,0,0,0,0,0,0,0x10023FC0
1777171635.796,586707,4,8,SOLAR,255,BROADCAST,0,HEARTBEAT,1,PING,0,0,0,0,0,0,0x10023FC0
1777171636.803,587703,4,8,SOLAR,255,BROADCAST,0,HEARTBEAT,1,PING,0,0,0,0,0,0,0x10023FC0
1777171637.813,588699,4,8,SOLAR,255,BROADCAST,0,HEARTBEAT,1,PING,0,0,0,0,0,0,0x10023FC0
1777171637.813,588701,4,8,SOLAR,1,CDH,10,HEALTH,1,PING,50,0,22,24,22,0,0x1002004A
1777171638.788,589698,4,8,SOLAR,255,BROADCAST,0,HEARTBEAT,1,PING,0,0,0,0,0,0,0x10023FC0
1777171639.785,590694,4,8,SOLAR,255,BROADCAST,0,HEARTBEAT,1,PING,0,0,0,0,0,0,0x10023FC0
1777171640.785,591690,4,8,SOLAR,255,BROADCAST,0,HEARTBEAT,1,PING,0,0,0,0,0,0,0x10023FC0
1777171641.806,592685,4,8,SOLAR,255,BROADCAST,0,HEARTBEAT,1,PING,0,0,0,0,0,0,0x10023FC0
1777171642.771,593681,4,8,SOLAR,255,BROADCAST,0,HEARTBEAT,1,PING,0,0,0,0,0,0,0x10023FC0
1777171642.773,593684,4,8,SOLAR,1,CDH,10,HEALTH,1,PING,50,0,22,24,22,0,0x1002004A
1777171643.770,594680,4,8,SOLAR,255,BROADCAST,0,HEARTBEAT,1,PING,0,0,0,0,0,0,0x10023FC0
1777171644.783,595676,4,8,SOLAR,255,BROADCAST,0,HEARTBEAT,1,PING,0,0,0,0,0,0,0x10023FC0
1777171645.798,596672,4,8,SOLAR,255,BROADCAST,0,HEARTBEAT,1,PING,0,0,0,0,0,0,0x10023FC0
1777171646.759,597668,4,8,SOLAR,255,BROADCAST,0,HEARTBEAT,1,PING,0,0,0,0,0,0,0x10023FC0
1777171647.752,598663,4,8,SOLAR,255,BROADCAST,0,HEARTBEAT,1,PING,0,0,0,0,0,0,0x10023FC0
1777171647.755,598666,4,8,SOLAR,1,CDH,10,HEALTH,1,PING,50,0,22,24,22,0,0x1002004A
1777171648.765,599662,4,8,SOLAR,255,BROADCAST,0,HEARTBEAT,1,PING,0,0,0,0,0,0,0x10023FC0
1777171649.748,600658,4,8,SOLAR,255,BROADCAST,0,HEARTBEAT,1,PING,0,0,0,0,0,0,0x10023FC0
1777171650.743,601654,4,8,SOLAR,255,BROADCAST,0,HEARTBEAT,1,PING,0,0,0,0,0,0,0x10023FC0
1777171651.739,602649,4,8,SOLAR,255,BROADCAST,0,HEARTBEAT,1,PING,0,0,0,0,0,0,0x10023FC0
1777171652.763,603645,4,8,SOLAR,255,BROADCAST,0,HEARTBEAT,1,PING,0,0,0,0,0,0,0x10023FC0
1777171652.763,603648,4,8,SOLAR,1,CDH,10,HEALTH,1,PING,50,0,22,24,22,0,0x1002004A
1777171653.734,604644,4,8,SOLAR,255,BROADCAST,0,HEARTBEAT,1,PING,0,0,0,0,0,0,0x10023FC0
1777171654.729,605640,4,8,SOLAR,255,BROADCAST,0,HEARTBEAT,1,PING,0,0,0,0,0,0,0x10023FC0
1777171655.736,606635,4,8,SOLAR,255,BROADCAST,0,HEARTBEAT,1,PING,0,0,0,0,0,0,0x10023FC0
1777171656.744,607631,4,8,SOLAR,255,BROADCAST,0,HEARTBEAT,1,PING,0,0,0,0,0,0,0x10023FC0
1777171657.717,608627,4,8,SOLAR,255,BROADCAST,0,HEARTBEAT,1,PING,0,0,0,0,0,0,0x10023FC0
1777171657.719,608630,4,8,SOLAR,1,CDH,10,HEALTH,1,PING,50,0,22,24,22,0,0x1002004A
1777171658.715,609626,4,8,SOLAR,255,BROADCAST,0,HEARTBEAT,1,PING,0,0,0,0,0,0,0x10023FC0
1777171659.733,610621,4,8,SOLAR,255,BROADCAST,0,HEARTBEAT,1,PING,0,0,0,0,0,0,0x10023FC0
1777171660.706,611617,4,8,SOLAR,255,BROADCAST,0,HEARTBEAT,1,PING,0,0,0,0,0,0,0x10023FC0
1777171661.702,612613,4,8,SOLAR,255,BROADCAST,0,HEARTBEAT,1,PING,0,0,0,0,0,0,0x10023FC0
1777171662.699,613609,4,8,SOLAR,255,BROADCAST,0,HEARTBEAT,1,PING,0,0,0,0,0,0,0x10023FC0
1777171662.701,613611,4,8,SOLAR,1,CDH,10,HEALTH,1,PING,50,0,22,24,22,0,0x1002004A
1777171663.718,614607,4,8,SOLAR,255,BROADCAST,0,HEARTBEAT,1,PING,0,0,0,0,0,0,0x10023FC0
1777171664.693,615603,4,8,SOLAR,255,BROADCAST,0,HEARTBEAT,1,PING,0,0,0,0,0,0,0x10023FC0
1777171665.689,616599,4,8,SOLAR,255,BROADCAST,0,HEARTBEAT,1,PING,0,0,0,0,0,0,0x10023FC0
1777171666.691,617595,4,8,SOLAR,255,BROADCAST,0,HEARTBEAT,1,PING,0,0,0,0,0,0,0x10023FC0
1777171667.721,618590,4,8,SOLAR,255,BROADCAST,0,HEARTBEAT,1,PING,0,0,0,0,0,0,0x10023FC0
1777171667.721,618593,4,8,SOLAR,1,CDH,10,HEALTH,1,PING,50,0,22,24,22,0,0x1002004A
1777171668.679,619589,4,8,SOLAR,255,BROADCAST,0,HEARTBEAT,1,PING,0,0,0,0,0,0,0x10023FC0
1777171669.675,620585,4,8,SOLAR,255,BROADCAST,0,HEARTBEAT,1,PING,0,0,0,0,0,0,0x10023FC0
1777171670.686,621580,4,8,SOLAR,255,BROADCAST,0,HEARTBEAT,1,PING,0,0,0,0,0,0,0x10023FC0
1777171671.710,622576,4,8,SOLAR,255,BROADCAST,0,HEARTBEAT,1,PING,0,0,0,0,0,0,0x10023FC0
1777171672.662,623572,4,8,SOLAR,255,BROADCAST,0,HEARTBEAT,1,PING,0,0,0,0,0,0,0x10023FC0
1777171672.668,623574,4,8,SOLAR,1,CDH,10,HEALTH,1,PING,50,0,22,24,22,0,0x1002004A
1777171673.662,624571,4,8,SOLAR,255,BROADCAST,0,HEARTBEAT,1,PING,0,0,0,0,0,0,0x10023FC0
1777171674.680,625566,4,8,SOLAR,255,BROADCAST,0,HEARTBEAT,1,PING,0,0,0,0,0,0,0x10023FC0
1777171675.652,626562,4,8,SOLAR,255,BROADCAST,0,HEARTBEAT,1,PING,0,0,0,0,0,0,0x10023FC0
1777171676.647,627558,4,8,SOLAR,255,BROADCAST,0,HEARTBEAT,1,PING,0,0,0,0,0,0,0x10023FC0
1777171677.674,628554,4,8,SOLAR,255,BROADCAST,0,HEARTBEAT,1,PING,0,0,0,0,0,0,0x10023FC0
1777171677.674,628556,4,8,SOLAR,1,CDH,10,HEALTH,1,PING,50,0,22,24,22,0,0x1002004A
1777171678.679,629552,4,8,SOLAR,255,BROADCAST,0,HEARTBEAT,1,PING,0,0,0,0,0,0,0x10023FC0
1777171679.638,630548,4,8,SOLAR,255,BROADCAST,0,HEARTBEAT,1,PING,0,0,0,0,0,0,0x10023FC0
1777171680.633,631544,4,8,SOLAR,255,BROADCAST,0,HEARTBEAT,1,PING,0,0,0,0,0,0,0x10023FC0
1777171681.632,632539,4,8,SOLAR,255,BROADCAST,0,HEARTBEAT,1,PING,0,0,0,0,0,0,0x10023FC0
1777171682.663,633535,4,8,SOLAR,255,BROADCAST,0,HEARTBEAT,1,PING,0,0,0,0,0,0,0x10023FC0
1777171682.663,633538,4,8,SOLAR,1,CDH,10,HEALTH,1,PING,50,0,22,24,22,0,0x1002004A
1777171683.625,634534,4,8,SOLAR,255,BROADCAST,0,HEARTBEAT,1,PING,0,0,0,0,0,0,0x10023FC0
1777171684.620,635529,4,8,SOLAR,255,BROADCAST,0,HEARTBEAT,1,PING,0,0,0,0,0,0,0x10023FC0
1777171685.634,636525,4,8,SOLAR,255,BROADCAST,0,HEARTBEAT,1,PING,0,0,0,0,0,0,0x10023FC0
1777171686.611,637521,4,8,SOLAR,255,BROADCAST,0,HEARTBEAT,1,PING,0,0,0,0,0,0,0x10023FC0
1777171687.609,638517,4,8,SOLAR,255,BROADCAST,0,HEARTBEAT,1,PING,0,0,0,0,0,0,0x10023FC0
1777171687.609,638519,4,8,SOLAR,1,CDH,10,HEALTH,1,PING,50,0,22,24,22,0,0x1002004A
1777171688.607,639516,4,8,SOLAR,255,BROADCAST,0,HEARTBEAT,1,PING,0,0,0,0,0,0,0x10023FC0
1777171689.633,640511,4,8,SOLAR,255,BROADCAST,0,HEARTBEAT,1,PING,0,0,0,0,0,0,0x10023FC0
1777171690.598,641507,4,8,SOLAR,255,BROADCAST,0,HEARTBEAT,1,PING,0,0,0,0,0,0,0x10023FC0
1777171691.593,642503,4,8,SOLAR,255,BROADCAST,0,HEARTBEAT,1,PING,0,0,0,0,0,0,0x10023FC0
1777171692.601,643499,4,8,SOLAR,255,BROADCAST,0,HEARTBEAT,1,PING,0,0,0,0,0,0,0x10023FC0
1777171692.601,643501,4,8,SOLAR,1,CDH,10,HEALTH,1,PING,50,0,22,24,22,0,0x1002004A
1777171693.626,644497,4,8,SOLAR,255,BROADCAST,0,HEARTBEAT,1,PING,0,0,0,0,0,0,0x10023FC0
1777171694.584,645493,4,8,SOLAR,255,BROADCAST,0,HEARTBEAT,1,PING,0,0,0,0,0,0,0x10023FC0
1777171695.580,646489,4,8,SOLAR,255,BROADCAST,0,HEARTBEAT,1,PING,0,0,0,0,0,0,0x10023FC0
1777171696.595,647484,4,8,SOLAR,255,BROADCAST,0,HEARTBEAT,1,PING,0,0,0,0,0,0,0x10023FC0
1777171697.570,648480,4,8,SOLAR,255,BROADCAST,0,HEARTBEAT,1,PING,0,0,0,0,0,0,0x10023FC0
1777171697.573,648483,4,8,SOLAR,1,CDH,10,HEALTH,1,PING,50,0,22,24,22,0,0x1002004A
1777171698.570,649479,4,8,SOLAR,255,BROADCAST,0,HEARTBEAT,1,PING,0,0,0,0,0,0,0x10023FC0
1777171699.565,650475,4,8,SOLAR,255,BROADCAST,0,HEARTBEAT,1,PING,0,0,0,0,0,0,0x10023FC0
1777171700.583,651470,4,8,SOLAR,255,BROADCAST,0,HEARTBEAT,1,PING,0,0,0,0,0,0,0x10023FC0
1777171701.556,652466,4,8,SOLAR,255,BROADCAST,0,HEARTBEAT,1,PING,0,0,0,0,0,0,0x10023FC0
1777171702.553,653462,4,8,SOLAR,255,BROADCAST,0,HEARTBEAT,1,PING,0,0,0,0,0,0,0x10023FC0
1777171702.555,653464,4,8,SOLAR,1,CDH,10,HEALTH,1,PING,50,0,22,24,22,0,0x1002004A
1777171703.557,654460,4,8,SOLAR,255,BROADCAST,0,HEARTBEAT,1,PING,0,0,0,0,0,0,0x10023FC0
1777171704.582,655456,4,8,SOLAR,255,BROADCAST,0,HEARTBEAT,1,PING,0,0,0,0,0,0,0x10023FC0
1777171705.542,656452,4,8,SOLAR,255,BROADCAST,0,HEARTBEAT,1,PING,0,0,0,0,0,0,0x10023FC0
1777171706.540,657448,4,8,SOLAR,255,BROADCAST,0,HEARTBEAT,1,PING,0,0,0,0,0,0,0x10023FC0
1777171707.567,658443,4,8,SOLAR,255,BROADCAST,0,HEARTBEAT,1,PING,0,0,0,0,0,0,0x10023FC0
1777171707.567,658446,4,8,SOLAR,1,CDH,10,HEALTH,1,PING,50,0,22,24,22,0,0x1002004A
1777171708.567,659442,4,8,SOLAR,255,BROADCAST,0,HEARTBEAT,1,PING,0,0,0,0,0,0,0x10023FC0
1777171709.529,660438,4,8,SOLAR,255,BROADCAST,0,HEARTBEAT,1,PING,0,0,0,0,0,0,0x10023FC0
1777171710.528,661434,4,8,SOLAR,255,BROADCAST,0,HEARTBEAT,1,PING,0,0,0,0,0,0,0x10023FC0
1777171711.545,662429,4,8,SOLAR,255,BROADCAST,0,HEARTBEAT,1,PING,0,0,0,0,0,0,0x10023FC0
1777171712.517,663425,4,8,SOLAR,255,BROADCAST,0,HEARTBEAT,1,PING,0,0,0,0,0,0,0x10023FC0
1777171712.519,663428,4,8,SOLAR,1,CDH,10,HEALTH,1,PING,50,0,22,24,22,0,0x1002004A
1777171713.517,664424,4,8,SOLAR,255,BROADCAST,0,HEARTBEAT,1,PING,0,0,0,0,0,0,0x10023FC0
1777171714.516,665420,4,8,SOLAR,255,BROADCAST,0,HEARTBEAT,1,PING,0,0,0,0,0,0,0x10023FC0
1777171715.530,666415,4,8,SOLAR,255,BROADCAST,0,HEARTBEAT,1,PING,0,0,0,0,0,0,0x10023FC0
1777171716.502,667411,4,8,SOLAR,255,BROADCAST,0,HEARTBEAT,1,PING,0,0,0,0,0,0,0x10023FC0
1777171717.498,668407,4,8,SOLAR,255,BROADCAST,0,HEARTBEAT,1,PING,0,0,0,0,0,0,0x10023FC0
1777171717.501,668410,4,8,SOLAR,1,CDH,10,HEALTH,1,PING,50,0,22,24,22,0,0x1002004A
1777171718.497,669406,4,8,SOLAR,255,BROADCAST,0,HEARTBEAT,1,PING,0,0,0,0,0,0,0x10023FC0
1777171719.557,670402,4,8,SOLAR,255,BROADCAST,0,HEARTBEAT,1,PING,0,0,0,0,0,0,0x10023FC0
1777171720.488,671397,4,8,SOLAR,255,BROADCAST,0,HEARTBEAT,1,PING,0,0,0,0,0,0,0x10023FC0
1777171721.508,672393,4,8,SOLAR,255,BROADCAST,0,HEARTBEAT,1,PING,0,0,0,0,0,0,0x10023FC0
1777171722.503,673389,4,8,SOLAR,255,BROADCAST,0,HEARTBEAT,1,PING,0,0,0,0,0,0,0x10023FC0
1777171722.503,673392,4,8,SOLAR,1,CDH,10,HEALTH,1,PING,50,0,22,24,22,0,0x1002004A
1777171723.478,674388,4,8,SOLAR,255,BROADCAST,0,HEARTBEAT,1,PING,0,0,0,0,0,0,0x10023FC0
1777171724.475,675383,4,8,SOLAR,255,BROADCAST,0,HEARTBEAT,1,PING,0,0,0,0,0,0,0x10023FC0
1777171725.470,676379,4,8,SOLAR,255,BROADCAST,0,HEARTBEAT,1,PING,0,0,0,0,0,0,0x10023FC0
1777171726.493,677375,4,8,SOLAR,255,BROADCAST,0,HEARTBEAT,1,PING,0,0,0,0,0,0,0x10023FC0
1777171727.462,678371,4,8,SOLAR,255,BROADCAST,0,HEARTBEAT,1,PING,0,0,0,0,0,0,0x10023FC0
1777171727.464,678374,4,8,SOLAR,1,CDH,10,HEALTH,1,PING,50,0,22,24,22,0,0x1002004A
1777171728.448,679370,4,8,SOLAR,255,BROADCAST,0,HEARTBEAT,1,PING,0,0,0,0,0,0,0x10023FC0
1777171729.457,680366,4,8,SOLAR,255,BROADCAST,0,HEARTBEAT,1,PING,0,0,0,0,0,0,0x10023FC0
1777171730.490,681362,4,8,SOLAR,255,BROADCAST,0,HEARTBEAT,1,PING,0,0,0,0,0,0,0x10023FC0
1777171731.449,682357,4,8,SOLAR,255,BROADCAST,0,HEARTBEAT,1,PING,0,0,0,0,0,0,0x10023FC0
1777171732.444,683353,4,8,SOLAR,255,BROADCAST,0,HEARTBEAT,1,PING,0,0,0,0,0,0,0x10023FC0
1777171732.446,683356,4,8,SOLAR,1,CDH,10,HEALTH,1,PING,50,0,22,25,22,0,0x1002004A
1777171733.464,684352,4,8,SOLAR,255,BROADCAST,0,HEARTBEAT,1,PING,0,0,0,0,0,0,0x10023FC0
1777171734.484,685348,4,8,SOLAR,255,BROADCAST,0,HEARTBEAT,1,PING,0,0,0,0,0,0,0x10023FC0
1777171735.435,686344,4,8,SOLAR,255,BROADCAST,0,HEARTBEAT,1,PING,0,0,0,0,0,0,0x10023FC0
1777171736.453,687340,4,8,SOLAR,255,BROADCAST,0,HEARTBEAT,1,PING,0,0,0,0,0,0,0x10023FC0
1777171737.451,688336,4,8,SOLAR,255,BROADCAST,0,HEARTBEAT,1,PING,0,0,0,0,0,0,0x10023FC0
1777171737.451,688338,4,8,SOLAR,1,CDH,10,HEALTH,1,PING,50,0,22,24,22,0,0x1002004A
1777171738.429,689334,4,8,SOLAR,255,BROADCAST,0,HEARTBEAT,1,PING,0,0,0,0,0,0,0x10023FC0
1777171739.421,690330,4,8,SOLAR,255,BROADCAST,0,HEARTBEAT,1,PING,0,0,0,0,0,0,0x10023FC0
1777171740.424,691326,4,8,SOLAR,255,BROADCAST,0,HEARTBEAT,1,PING,0,0,0,0,0,0,0x10023FC0
1777171741.467,692322,4,8,SOLAR,255,BROADCAST,0,HEARTBEAT,1,PING,0,0,0,0,0,0,0x10023FC0
1777171742.409,693318,4,8,SOLAR,255,BROADCAST,0,HEARTBEAT,1,PING,0,0,0,0,0,0,0x10023FC0
1777171742.420,693321,4,8,SOLAR,1,CDH,10,HEALTH,1,PING,50,0,22,24,22,0,0x1002004A
1777171743.408,694317,4,8,SOLAR,255,BROADCAST,0,HEARTBEAT,1,PING,0,0,0,0,0,0,0x10023FC0
1777171744.432,695313,4,8,SOLAR,255,BROADCAST,0,HEARTBEAT,1,PING,0,0,0,0,0,0,0x10023FC0
1777171745.446,696308,4,8,SOLAR,255,BROADCAST,0,HEARTBEAT,1,PING,0,0,0,0,0,0,0x10023FC0
1777171746.404,697304,4,8,SOLAR,255,BROADCAST,0,HEARTBEAT,1,PING,0,0,0,0,0,0,0x10023FC0
1777171747.412,698300,4,8,SOLAR,255,BROADCAST,0,HEARTBEAT,1,PING,0,0,0,0,0,0,0x10023FC0
1777171747.412,698303,4,8,SOLAR,1,CDH,10,HEALTH,1,PING,50,0,22,24,22,0,0x1002004A
1777171748.413,699299,4,8,SOLAR,255,BROADCAST,0,HEARTBEAT,1,PING,0,0,0,0,0,0,0x10023FC0
1777171749.391,700295,4,8,SOLAR,255,BROADCAST,0,HEARTBEAT,1,PING,0,0,0,0,0,0,0x10023FC0
1777171750.382,701291,4,8,SOLAR,255,BROADCAST,0,HEARTBEAT,1,PING,0,0,0,0,0,0,0x10023FC0
1777171751.378,702286,4,8,SOLAR,255,BROADCAST,0,HEARTBEAT,1,PING,0,0,0,0,0,0,0x10023FC0
1777171752.391,703282,4,8,SOLAR,255,BROADCAST,0,HEARTBEAT,1,PING,0,0,0,0,0,0,0x10023FC0
1777171752.391,703285,4,8,SOLAR,1,CDH,10,HEALTH,1,PING,50,0,22,24,22,0,0x1002004A
1777171753.372,704281,4,8,SOLAR,255,BROADCAST,0,HEARTBEAT,1,PING,0,0,0,0,0,0,0x10023FC0
1777171754.368,705277,4,8,SOLAR,255,BROADCAST,0,HEARTBEAT,1,PING,0,0,0,0,0,0,0x10023FC0
1777171755.399,706273,4,8,SOLAR,255,BROADCAST,0,HEARTBEAT,1,PING,0,0,0,0,0,0,0x10023FC0
1777171756.387,707269,4,8,SOLAR,255,BROADCAST,0,HEARTBEAT,1,PING,0,0,0,0,0,0,0x10023FC0
1777171757.356,708264,4,8,SOLAR,255,BROADCAST,0,HEARTBEAT,1,PING,0,0,0,0,0,0,0x10023FC0
1777171757.359,708267,4,8,SOLAR,1,CDH,10,HEALTH,1,PING,50,0,22,24,22,0,0x1002004A
1777171758.369,709263,4,8,SOLAR,255,BROADCAST,0,HEARTBEAT,1,PING,0,0,0,0,0,0,0x10023FC0
1777171759.363,710259,4,8,SOLAR,255,BROADCAST,0,HEARTBEAT,1,PING,0,0,0,0,0,0,0x10023FC0
1777171760.346,711255,4,8,SOLAR,255,BROADCAST,0,HEARTBEAT,1,PING,0,0,0,0,0,0,0x10023FC0
1777171761.342,712250,4,8,SOLAR,255,BROADCAST,0,HEARTBEAT,1,PING,0,0,0,0,0,0,0x10023FC0
1777171762.340,713246,4,8,SOLAR,255,BROADCAST,0,HEARTBEAT,1,PING,0,0,0,0,0,0,0x10023FC0
1777171762.340,713249,4,8,SOLAR,1,CDH,10,HEALTH,1,PING,50,0,22,25,22,0,0x1002004A
1777171763.362,714245,4,8,SOLAR,255,BROADCAST,0,HEARTBEAT,1,PING,0,0,0,0,0,0,0x10023FC0
1777171764.333,715240,4,8,SOLAR,255,BROADCAST,0,HEARTBEAT,1,PING,0,0,0,0,0,0,0x10023FC0
1777171765.328,716236,4,8,SOLAR,255,BROADCAST,0,HEARTBEAT,1,PING,0,0,0,0,0,0,0x10023FC0
1777171766.358,717232,4,8,SOLAR,255,BROADCAST,0,HEARTBEAT,1,PING,0,0,0,0,0,0,0x10023FC0
1777171767.388,718227,4,8,SOLAR,255,BROADCAST,0,HEARTBEAT,1,PING,0,0,0,0,0,0,0x10023FC0
1777171767.388,718230,4,8,SOLAR,1,CDH,10,HEALTH,1,PING,50,0,22,24,22,0,0x1002004A
1777171768.318,719226,4,8,SOLAR,255,BROADCAST,0,HEARTBEAT,1,PING,0,0,0,0,0,0,0x10023FC0
1777171769.313,720222,4,8,SOLAR,255,BROADCAST,0,HEARTBEAT,1,PING,0,0,0,0,0,0,0x10023FC0
1777171770.330,721217,4,8,SOLAR,255,BROADCAST,0,HEARTBEAT,1,PING,0,0,0,0,0,0,0x10023FC0
1777171771.351,722213,4,8,SOLAR,255,BROADCAST,0,HEARTBEAT,1,PING,0,0,0,0,0,0,0x10023FC0
1777171772.300,723209,4,8,SOLAR,255,BROADCAST,0,HEARTBEAT,1,PING,0,0,0,0,0,0,0x10023FC0
1777171772.303,723212,4,8,SOLAR,1,CDH,10,HEALTH,1,PING,50,0,22,25,22,0,0x1002004A
1777171773.300,724208,4,8,SOLAR,255,BROADCAST,0,HEARTBEAT,1,PING,0,0,0,0,0,0,0x10023FC0
1777171774.351,725203,4,8,SOLAR,255,BROADCAST,0,HEARTBEAT,1,PING,0,0,0,0,0,0,0x10023FC0
1777171775.290,726199,4,8,SOLAR,255,BROADCAST,0,HEARTBEAT,1,PING,0,0,0,0,0,0,0x10023FC0
1777171776.286,727195,4,8,SOLAR,255,BROADCAST,0,HEARTBEAT,1,PING,0,0,0,0,0,0,0x10023FC0
1777171777.285,728190,4,8,SOLAR,255,BROADCAST,0,HEARTBEAT,1,PING,0,0,0,0,0,0,0x10023FC0
1777171777.285,728193,4,8,SOLAR,1,CDH,10,HEALTH,1,PING,50,0,22,25,22,0,0x1002004A
1777171778.317,729189,4,8,SOLAR,255,BROADCAST,0,HEARTBEAT,1,PING,0,0,0,0,0,0,0x10023FC0
1777171779.276,730185,4,8,SOLAR,255,BROADCAST,0,HEARTBEAT,1,PING,0,0,0,0,0,0,0x10023FC0
1777171780.272,731180,4,8,SOLAR,255,BROADCAST,0,HEARTBEAT,1,PING,0,0,0,0,0,0,0x10023FC0
1777171781.270,732176,4,8,SOLAR,255,BROADCAST,0,HEARTBEAT,1,PING,0,0,0,0,0,0,0x10023FC0
1777171782.310,733172,4,8,SOLAR,255,BROADCAST,0,HEARTBEAT,1,PING,0,0,0,0,0,0,0x10023FC0
1777171782.310,733175,4,8,SOLAR,1,CDH,10,HEALTH,1,PING,50,0,22,25,22,0,0x1002004A
1777171783.262,734171,4,8,SOLAR,255,BROADCAST,0,HEARTBEAT,1,PING,0,0,0,0,0,0,0x10023FC0
1777171784.258,735166,4,8,SOLAR,255,BROADCAST,0,HEARTBEAT,1,PING,0,0,0,0,0,0,0x10023FC0
1777171785.285,736162,4,8,SOLAR,255,BROADCAST,0,HEARTBEAT,1,PING,0,0,0,0,0,0,0x10023FC0
1777171786.252,737158,4,8,SOLAR,255,BROADCAST,0,HEARTBEAT,1,PING,0,0,0,0,0,0,0x10023FC0
1777171787.247,738154,4,8,SOLAR,255,BROADCAST,0,HEARTBEAT,1,PING,0,0,0,0,0,0,0x10023FC0
1777171787.248,738156,4,8,SOLAR,1,CDH,10,HEALTH,1,PING,50,0,22,25,22,0,0x1002004A
1777171788.245,739152,4,8,SOLAR,255,BROADCAST,0,HEARTBEAT,1,PING,0,0,0,0,0,0,0x10023FC0
1777171789.267,740148,4,8,SOLAR,255,BROADCAST,0,HEARTBEAT,1,PING,0,0,0,0,0,0,0x10023FC0
1777171790.236,741144,4,8,SOLAR,255,BROADCAST,0,HEARTBEAT,1,PING,0,0,0,0,0,0,0x10023FC0
1777171791.234,742139,4,8,SOLAR,255,BROADCAST,0,HEARTBEAT,1,PING,0,0,0,0,0,0,0x10023FC0
1777171792.238,743135,4,8,SOLAR,255,BROADCAST,0,HEARTBEAT,1,PING,0,0,0,0,0,0,0x10023FC0
1777171792.238,743138,4,8,SOLAR,1,CDH,10,HEALTH,1,PING,50,0,22,25,22,0,0x1002004A
1777171793.263,744134,4,8,SOLAR,255,BROADCAST,0,HEARTBEAT,1,PING,0,0,0,0,0,0,0x10023FC0
1777171794.222,745129,4,8,SOLAR,255,BROADCAST,0,HEARTBEAT,1,PING,0,0,0,0,0,0,0x10023FC0
1777171795.217,746125,4,8,SOLAR,255,BROADCAST,0,HEARTBEAT,1,PING,0,0,0,0,0,0,0x10023FC0
1777171796.265,747121,4,8,SOLAR,255,BROADCAST,0,HEARTBEAT,1,PING,0,0,0,0,0,0,0x10023FC0
1777171797.209,748116,4,8,SOLAR,255,BROADCAST,0,HEARTBEAT,1,PING,0,0,0,0,0,0,0x10023FC0
1777171797.210,748119,4,8,SOLAR,1,CDH,10,HEALTH,1,PING,50,0,22,25,22,0,0x1002004A
1777171798.211,749115,4,8,SOLAR,255,BROADCAST,0,HEARTBEAT,1,PING,0,0,0,0,0,0,0x10023FC0
1777171799.203,750111,4,8,SOLAR,255,BROADCAST,0,HEARTBEAT,1,PING,0,0,0,0,0,0,0x10023FC0
1777171800.226,751107,4,8,SOLAR,255,BROADCAST,0,HEARTBEAT,1,PING,0,0,0,0,0,0,0x10023FC0
1777171801.195,752102,4,8,SOLAR,255,BROADCAST,0,HEARTBEAT,1,PING,0,0,0,0,0,0,0x10023FC0
1777171802.190,753098,4,8,SOLAR,255,BROADCAST,0,HEARTBEAT,1,PING,0,0,0,0,0,0,0x10023FC0
1777171802.192,753101,4,8,SOLAR,1,CDH,10,HEALTH,1,PING,50,0,22,25,22,0,0x1002004A
1777171803.206,754097,4,8,SOLAR,255,BROADCAST,0,HEARTBEAT,1,PING,0,0,0,0,0,0,0x10023FC0
1777171804.246,755093,4,8,SOLAR,255,BROADCAST,0,HEARTBEAT,1,PING,0,0,0,0,0,0,0x10023FC0
1777171805.180,756088,4,8,SOLAR,255,BROADCAST,0,HEARTBEAT,1,PING,0,0,0,0,0,0,0x10023FC0
1777171806.176,757084,4,8,SOLAR,255,BROADCAST,0,HEARTBEAT,1,PING,0,0,0,0,0,0,0x10023FC0
1777171807.189,758080,4,8,SOLAR,255,BROADCAST,0,HEARTBEAT,1,PING,0,0,0,0,0,0,0x10023FC0
1777171807.189,758082,4,8,SOLAR,1,CDH,10,HEALTH,1,PING,50,0,22,24,22,0,0x1002004A
1777171808.210,759078,4,8,SOLAR,255,BROADCAST,0,HEARTBEAT,1,PING,0,0,0,0,0,0,0x10023FC0
1777171809.166,760074,4,8,SOLAR,255,BROADCAST,0,HEARTBEAT,1,PING,0,0,0,0,0,0,0x10023FC0
1777171810.162,761070,4,8,SOLAR,255,BROADCAST,0,HEARTBEAT,1,PING,0,0,0,0,0,0,0x10023FC0
1777171811.183,762065,4,8,SOLAR,255,BROADCAST,0,HEARTBEAT,1,PING,0,0,0,0,0,0,0x10023FC0
1777171812.163,763061,4,8,SOLAR,255,BROADCAST,0,HEARTBEAT,1,PING,0,0,0,0,0,0,0x10023FC0
1777171812.163,763064,4,8,SOLAR,1,CDH,10,HEALTH,1,PING,50,0,22,25,22,0,0x1002004A
1777171813.208,764060,4,8,SOLAR,255,BROADCAST,0,HEARTBEAT,1,PING,0,0,0,0,0,0,0x10023FC0
1777171814.152,765056,4,8,SOLAR,255,BROADCAST,0,HEARTBEAT,1,PING,0,0,0,0,0,0,0x10023FC0
1777171815.178,766051,4,8,SOLAR,255,BROADCAST,0,HEARTBEAT,1,PING,0,0,0,0,0,0,0x10023FC0
1777171816.140,767047,4,8,SOLAR,255,BROADCAST,0,HEARTBEAT,1,PING,0,0,0,0,0,0,0x10023FC0
1777171817.138,768043,4,8,SOLAR,255,BROADCAST,0,HEARTBEAT,1,PING,0,0,0,0,0,0,0x10023FC0
1777171817.138,768046,4,8,SOLAR,1,CDH,10,HEALTH,1,PING,50,0,22,25,22,0,0x1002004A
1777171818.146,769042,4,8,SOLAR,255,BROADCAST,0,HEARTBEAT,1,PING,0,0,0,0,0,0,0x10023FC0
1777171819.173,770038,4,8,SOLAR,255,BROADCAST,0,HEARTBEAT,1,PING,0,0,0,0,0,0,0x10023FC0
1777171820.126,771034,4,8,SOLAR,255,BROADCAST,0,HEARTBEAT,1,PING,0,0,0,0,0,0,0x10023FC0
1777171821.122,772029,4,8,SOLAR,255,BROADCAST,0,HEARTBEAT,1,PING,0,0,0,0,0,0,0x10023FC0
1777171822.143,773025,4,8,SOLAR,255,BROADCAST,0,HEARTBEAT,1,PING,0,0,0,0,0,0,0x10023FC0
1777171822.143,773028,4,8,SOLAR,1,CDH,10,HEALTH,1,PING,50,0,22,24,22,0,0x1002004A
1777171823.116,774024,4,8,SOLAR,255,BROADCAST,0,HEARTBEAT,1,PING,0,0,0,0,0,0,0x10023FC0
1777171824.134,775020,4,8,SOLAR,255,BROADCAST,0,HEARTBEAT,1,PING,0,0,0,0,0,0,0x10023FC0
1777171825.119,776015,4,8,SOLAR,255,BROADCAST,0,HEARTBEAT,1,PING,0,0,0,0,0,0,0x10023FC0
1777171826.154,777011,4,8,SOLAR,255,BROADCAST,0,HEARTBEAT,1,PING,0,0,0,0,0,0,0x10023FC0
1777171827.113,778007,4,8,SOLAR,255,BROADCAST,0,HEARTBEAT,1,PING,0,0,0,0,0,0,0x10023FC0
1777171827.122,778009,4,8,SOLAR,1,CDH,10,HEALTH,1,PING,50,0,22,24,22,0,0x1002004A
1777171828.122,779006,4,8,SOLAR,255,BROADCAST,0,HEARTBEAT,1,PING,0,0,0,0,0,0,0x10023FC0
1777171829.107,780001,4,8,SOLAR,255,BROADCAST,0,HEARTBEAT,1,PING,0,0,0,0,0,0,0x10023FC0
1777171830.125,780997,4,8,SOLAR,255,BROADCAST,0,HEARTBEAT,1,PING,0,0,0,0,0,0,0x10023FC0
1777171831.087,781993,4,8,SOLAR,255,BROADCAST,0,HEARTBEAT,1,PING,0,0,0,0,0,0,0x10023FC0
1777171832.081,782988,4,8,SOLAR,255,BROADCAST,0,HEARTBEAT,1,PING,0,0,0,0,0,0,0x10023FC0
1777171832.084,782991,4,8,SOLAR,1,CDH,10,HEALTH,1,PING,50,0,22,25,22,0,0x1002004A
1777171833.101,783987,4,8,SOLAR,255,BROADCAST,0,HEARTBEAT,1,PING,0,0,0,0,0,0,0x10023FC0
1777171834.076,784983,4,8,SOLAR,255,BROADCAST,0,HEARTBEAT,1,PING,0,0,0,0,0,0,0x10023FC0
1777171835.082,785978,4,8,SOLAR,255,BROADCAST,0,HEARTBEAT,1,PING,0,0,0,0,0,0,0x10023FC0
1777171836.068,786974,4,8,SOLAR,255,BROADCAST,0,HEARTBEAT,1,PING,0,0,0,0,0,0,0x10023FC0
1777171837.092,787970,4,8,SOLAR,255,BROADCAST,0,HEARTBEAT,1,PING,0,0,0,0,0,0,0x10023FC0
1777171837.092,787973,4,8,SOLAR,1,CDH,10,HEALTH,1,PING,50,0,22,24,22,0,0x1002004A
1777171838.061,788969,4,8,SOLAR,255,BROADCAST,0,HEARTBEAT,1,PING,0,0,0,0,0,0,0x10023FC0
1777171839.057,789964,4,8,SOLAR,255,BROADCAST,0,HEARTBEAT,1,PING,0,0,0,0,0,0,0x10023FC0
1777171840.061,790960,4,8,SOLAR,255,BROADCAST,0,HEARTBEAT,1,PING,0,0,0,0,0,0,0x10023FC0
1777171841.093,791956,4,8,SOLAR,255,BROADCAST,0,HEARTBEAT,1,PING,0,0,0,0,0,0,0x10023FC0
1777171842.047,792952,4,8,SOLAR,255,BROADCAST,0,HEARTBEAT,1,PING,0,0,0,0,0,0,0x10023FC0
1777171842.047,792954,4,8,SOLAR,1,CDH,10,HEALTH,1,PING,50,0,22,24,22,0,0x1002004A
1777171843.043,793950,4,8,SOLAR,255,BROADCAST,0,HEARTBEAT,1,PING,0,0,0,0,0,0,0x10023FC0
1777171844.048,794946,4,8,SOLAR,255,BROADCAST,0,HEARTBEAT,1,PING,0,0,0,0,0,0,0x10023FC0
1777171845.089,795942,4,8,SOLAR,255,BROADCAST,0,HEARTBEAT,1,PING,0,0,0,0,0,0,0x10023FC0
1777171846.030,796937,4,8,SOLAR,255,BROADCAST,0,HEARTBEAT,1,PING,0,0,0,0,0,0,0x10023FC0
1777171847.059,797933,4,8,SOLAR,255,BROADCAST,0,HEARTBEAT,1,PING,0,0,0,0,0,0,0x10023FC0
1777171847.059,797936,4,8,SOLAR,1,CDH,10,HEALTH,1,PING,50,0,22,25,22,0,0x1002004A
1777171848.050,798931,4,8,SOLAR,255,BROADCAST,0,HEARTBEAT,1,PING,0,0,0,0,0,0,0x10023FC0
1777171849.020,799927,4,8,SOLAR,255,BROADCAST,0,HEARTBEAT,1,PING,0,0,0,0,0,0,0x10023FC0
1777171850.016,800923,4,8,SOLAR,255,BROADCAST,0,HEARTBEAT,1,PING,0,0,0,0,0,0,0x10023FC0
1777171851.023,801919,4,8,SOLAR,255,BROADCAST,0,HEARTBEAT,1,PING,0,0,0,0,0,0,0x10023FC0
1777171852.049,802914,4,8,SOLAR,255,BROADCAST,0,HEARTBEAT,1,PING,0,0,0,0,0,0,0x10023FC0
1777171852.049,802917,4,8,SOLAR,1,CDH,10,HEALTH,1,PING,50,0,22,25,22,0,0x1002004A
1777171853.008,803913,4,8,SOLAR,255,BROADCAST,0,HEARTBEAT,1,PING,0,0,0,0,0,0,0x10023FC0
1777171854.013,804909,4,8,SOLAR,255,BROADCAST,0,HEARTBEAT,1,PING,0,0,0,0,0,0,0x10023FC0
1777171855.005,805905,4,8,SOLAR,255,BROADCAST,0,HEARTBEAT,1,PING,0,0,0,0,0,0,0x10023FC0
1777171856.068,806900,4,8,SOLAR,255,BROADCAST,0,HEARTBEAT,1,PING,0,0,0,0,0,0,0x10023FC0
1777171856.989,807896,4,8,SOLAR,255,BROADCAST,0,HEARTBEAT,1,PING,0,0,0,0,0,0,0x10023FC0
1777171856.992,807899,4,8,SOLAR,1,CDH,10,HEALTH,1,PING,50,0,22,25,22,0,0x1002004A
1777171857.988,808895,4,8,SOLAR,255,BROADCAST,0,HEARTBEAT,1,PING,0,0,0,0,0,0,0x10023FC0
1777171859.032,809891,4,8,SOLAR,255,BROADCAST,0,HEARTBEAT,1,PING,0,0,0,0,0,0,0x10023FC0
1777171859.979,810886,4,8,SOLAR,255,BROADCAST,0,HEARTBEAT,1,PING,0,0,0,0,0,0,0x10023FC0
1777171860.975,811882,4,8,SOLAR,255,BROADCAST,0,HEARTBEAT,1,PING,0,0,0,0,0,0,0x10023FC0
1777171861.992,812878,4,8,SOLAR,255,BROADCAST,0,HEARTBEAT,1,PING,0,0,0,0,0,0,0x10023FC0
1777171861.992,812880,4,8,SOLAR,1,CDH,10,HEALTH,1,PING,50,0,22,25,22,0,0x1002004A
1777171862.989,813877,4,8,SOLAR,255,BROADCAST,0,HEARTBEAT,1,PING,0,0,0,0,0,0,0x10023FC0
1777171863.965,814872,4,8,SOLAR,255,BROADCAST,0,HEARTBEAT,1,PING,0,0,0,0,0,0,0x10023FC0
1777171864.961,815868,4,8,SOLAR,255,BROADCAST,0,HEARTBEAT,1,PING,0,0,0,0,0,0,0x10023FC0
1777171865.967,816864,4,8,SOLAR,255,BROADCAST,0,HEARTBEAT,1,PING,0,0,0,0,0,0,0x10023FC0
1777171866.993,817859,4,8,SOLAR,255,BROADCAST,0,HEARTBEAT,1,PING,0,0,0,0,0,0,0x10023FC0
1777171866.993,817862,4,8,SOLAR,1,CDH,10,HEALTH,1,PING,50,0,22,25,22,0,0x1002004A
1777171867.953,818858,4,8,SOLAR,255,BROADCAST,0,HEARTBEAT,1,PING,0,0,0,0,0,0,0x10023FC0
1777171868.949,819854,4,8,SOLAR,255,BROADCAST,0,HEARTBEAT,1,PING,0,0,0,0,0,0,0x10023FC0
1777171869.957,820850,4,8,SOLAR,255,BROADCAST,0,HEARTBEAT,1,PING,0,0,0,0,0,0,0x10023FC0
1777171871.014,821845,4,8,SOLAR,255,BROADCAST,0,HEARTBEAT,1,PING,0,0,0,0,0,0,0x10023FC0
1777171871.935,822841,4,8,SOLAR,255,BROADCAST,0,HEARTBEAT,1,PING,0,0,0,0,0,0,0x10023FC0
1777171871.938,822844,4,8,SOLAR,1,CDH,10,HEALTH,1,PING,50,0,22,25,22,0,0x1002004A
1777171872.934,823840,4,8,SOLAR,255,BROADCAST,0,HEARTBEAT,1,PING,0,0,0,0,0,0,0x10023FC0
1777171873.968,824835,4,8,SOLAR,255,BROADCAST,0,HEARTBEAT,1,PING,0,0,0,0,0,0,0x10023FC0
1777171874.924,825831,4,8,SOLAR,255,BROADCAST,0,HEARTBEAT,1,PING,0,0,0,0,0,0,0x10023FC0
1777171875.920,826827,4,8,SOLAR,255,BROADCAST,0,HEARTBEAT,1,PING,0,0,0,0,0,0,0x10023FC0
1777171876.923,827823,4,8,SOLAR,255,BROADCAST,0,HEARTBEAT,1,PING,0,0,0,0,0,0,0x10023FC0
1777171876.923,827825,4,8,SOLAR,1,CDH,10,HEALTH,1,PING,50,0,22,25,22,0,0x1002004A
1777171877.955,828821,4,8,SOLAR,255,BROADCAST,0,HEARTBEAT,1,PING,0,0,0,0,0,0,0x10023FC0
1777171878.911,829817,4,8,SOLAR,255,BROADCAST,0,HEARTBEAT,1,PING,0,0,0,0,0,0,0x10023FC0
1777171879.907,830813,4,8,SOLAR,255,BROADCAST,0,HEARTBEAT,1,PING,0,0,0,0,0,0,0x10023FC0
1777171880.922,831809,4,8,SOLAR,255,BROADCAST,0,HEARTBEAT,1,PING,0,0,0,0,0,0,0x10023FC0
1777171881.897,832804,4,8,SOLAR,255,BROADCAST,0,HEARTBEAT,1,PING,0,0,0,0,0,0,0x10023FC0
1777171881.948,832807,4,8,SOLAR,1,CDH,10,HEALTH,1,PING,50,0,22,25,22,0,0x1002004A
1777171882.901,833803,4,8,SOLAR,255,BROADCAST,0,HEARTBEAT,1,PING,0,0,0,0,0,0,0x10023FC0
1777171883.893,834799,4,8,SOLAR,255,BROADCAST,0,HEARTBEAT,1,PING,0,0,0,0,0,0,0x10023FC0
1777171884.966,835795,4,8,SOLAR,255,BROADCAST,0,HEARTBEAT,1,PING,0,0,0,0,0,0,0x10023FC0
1777171885.884,836791,4,8,SOLAR,255,BROADCAST,0,HEARTBEAT,1,PING,0,0,0,0,0,0,0x10023FC0
1777171886.881,837787,4,8,SOLAR,255,BROADCAST,0,HEARTBEAT,1,PING,0,0,0,0,0,0,0x10023FC0
1777171886.888,837789,4,8,SOLAR,1,CDH,10,HEALTH,1,PING,50,0,22,25,22,0,0x1002004A
1777171887.883,838785,4,8,SOLAR,255,BROADCAST,0,HEARTBEAT,1,PING,0,0,0,0,0,0,0x10023FC0
1777171888.914,839781,4,8,SOLAR,255,BROADCAST,0,HEARTBEAT,1,PING,0,0,0,0,0,0,0x10023FC0
1777171889.870,840777,4,8,SOLAR,255,BROADCAST,0,HEARTBEAT,1,PING,0,0,0,0,0,0,0x10023FC0
1777171890.897,841773,4,8,SOLAR,255,BROADCAST,0,HEARTBEAT,1,PING,0,0,0,0,0,0,0x10023FC0
1777171891.881,842769,4,8,SOLAR,255,BROADCAST,0,HEARTBEAT,1,PING,0,0,0,0,0,0,0x10023FC0
1777171891.881,842771,4,8,SOLAR,1,CDH,10,HEALTH,1,PING,50,0,22,25,22,0,0x1002004A
1777171892.902,843768,4,8,SOLAR,255,BROADCAST,0,HEARTBEAT,1,PING,0,0,0,0,0,0,0x10023FC0
1777171893.859,844763,4,8,SOLAR,255,BROADCAST,0,HEARTBEAT,1,PING,0,0,0,0,0,0,0x10023FC0
1777171894.853,845759,4,8,SOLAR,255,BROADCAST,0,HEARTBEAT,1,PING,0,0,0,0,0,0,0x10023FC0
1777171895.871,846755,4,8,SOLAR,255,BROADCAST,0,HEARTBEAT,1,PING,0,0,0,0,0,0,0x10023FC0
1777171896.847,847751,4,8,SOLAR,255,BROADCAST,0,HEARTBEAT,1,PING,0,0,0,0,0,0,0x10023FC0
1777171896.848,847754,4,8,SOLAR,1,CDH,10,HEALTH,1,PING,50,0,22,25,22,0,0x1002004A
1777171897.844,848750,4,8,SOLAR,255,BROADCAST,0,HEARTBEAT,1,PING,0,0,0,0,0,0,0x10023FC0
1777171898.840,849746,4,8,SOLAR,255,BROADCAST,0,HEARTBEAT,1,PING,0,0,0,0,0,0,0x10023FC0
1777171899.887,850742,4,8,SOLAR,255,BROADCAST,0,HEARTBEAT,1,PING,0,0,0,0,0,0,0x10023FC0
1777171900.832,851738,4,8,SOLAR,255,BROADCAST,0,HEARTBEAT,1,PING,0,0,0,0,0,0,0x10023FC0
1777171901.846,852733,4,8,SOLAR,255,BROADCAST,0,HEARTBEAT,1,PING,0,0,0,0,0,0,0x10023FC0
1777171901.846,852736,4,8,SOLAR,1,CDH,10,HEALTH,1,PING,50,0,22,25,22,0,0x1002004A
1777171902.836,853732,4,8,SOLAR,255,BROADCAST,0,HEARTBEAT,1,PING,0,0,0,0,0,0,0x10023FC0
1777171903.863,854728,4,8,SOLAR,255,BROADCAST,0,HEARTBEAT,1,PING,0,0,0,0,0,0,0x10023FC0
1777171904.818,855724,4,8,SOLAR,255,BROADCAST,0,HEARTBEAT,1,PING,0,0,0,0,0,0,0x10023FC0
1777171905.814,856720,4,8,SOLAR,255,BROADCAST,0,HEARTBEAT,1,PING,0,0,0,0,0,0,0x10023FC0
1777171906.835,857715,4,8,SOLAR,255,BROADCAST,0,HEARTBEAT,1,PING,0,0,0,0,0,0,0x10023FC0
1777171906.835,857718,4,8,SOLAR,1,CDH,10,HEALTH,1,PING,50,0,22,25,22,0,0x1002004A
1777171907.872,858714,4,8,SOLAR,255,BROADCAST,0,HEARTBEAT,1,PING,0,0,0,0,0,0,0x10023FC0
1777171908.804,859710,4,8,SOLAR,255,BROADCAST,0,HEARTBEAT,1,PING,0,0,0,0,0,0,0x10023FC0
1777171909.800,860706,4,8,SOLAR,255,BROADCAST,0,HEARTBEAT,1,PING,0,0,0,0,0,0,0x10023FC0
1777171910.817,861702,4,8,SOLAR,255,BROADCAST,0,HEARTBEAT,1,PING,0,0,0,0,0,0,0x10023FC0
1777171911.792,862697,4,8,SOLAR,255,BROADCAST,0,HEARTBEAT,1,PING,0,0,0,0,0,0,0x10023FC0
1777171911.794,862700,4,8,SOLAR,1,CDH,10,HEALTH,1,PING,50,0,22,25,22,0,0x1002004A
1777171912.796,863696,4,8,SOLAR,255,BROADCAST,0,HEARTBEAT,1,PING,0,0,0,0,0,0,0x10023FC0
1777171913.793,864692,4,8,SOLAR,255,BROADCAST,0,HEARTBEAT,1,PING,0,0,0,0,0,0,0x10023FC0
1777171914.812,865688,4,8,SOLAR,255,BROADCAST,0,HEARTBEAT,1,PING,0,0,0,0,0,0,0x10023FC0
1777171915.777,866684,4,8,SOLAR,255,BROADCAST,0,HEARTBEAT,1,PING,0,0,0,0,0,0,0x10023FC0
1777171916.773,867679,4,8,SOLAR,255,BROADCAST,0,HEARTBEAT,1,PING,0,0,0,0,0,0,0x10023FC0
1777171916.776,867682,4,8,SOLAR,1,CDH,10,HEALTH,1,PING,50,0,22,25,22,0,0x1002004A
1777171917.785,868678,4,8,SOLAR,255,BROADCAST,0,HEARTBEAT,1,PING,0,0,0,0,0,0,0x10023FC0
1777171918.804,869674,4,8,SOLAR,255,BROADCAST,0,HEARTBEAT,1,PING,0,0,0,0,0,0,0x10023FC0
1777171919.764,870670,4,8,SOLAR,255,BROADCAST,0,HEARTBEAT,1,PING,0,0,0,0,0,0,0x10023FC0
1777171920.760,871665,4,8,SOLAR,255,BROADCAST,0,HEARTBEAT,1,PING,0,0,0,0,0,0,0x10023FC0
1777171921.775,872661,4,8,SOLAR,255,BROADCAST,0,HEARTBEAT,1,PING,0,0,0,0,0,0,0x10023FC0
1777171921.775,872664,4,8,SOLAR,1,CDH,10,HEALTH,1,PING,50,0,22,25,22,0,0x1002004A
1777171922.757,873660,4,8,SOLAR,255,BROADCAST,0,HEARTBEAT,1,PING,0,0,0,0,0,0,0x10023FC0
1777171923.749,874655,4,8,SOLAR,255,BROADCAST,0,HEARTBEAT,1,PING,0,0,0,0,0,0,0x10023FC0
1777171924.758,875651,4,8,SOLAR,255,BROADCAST,0,HEARTBEAT,1,PING,0,0,0,0,0,0,0x10023FC0
1777171925.777,876647,4,8,SOLAR,255,BROADCAST,0,HEARTBEAT,1,PING,0,0,0,0,0,0,0x10023FC0
1777171926.737,877642,4,8,SOLAR,255,BROADCAST,0,HEARTBEAT,1,PING,0,0,0,0,0,0,0x10023FC0
1777171926.739,877645,4,8,SOLAR,1,CDH,10,HEALTH,1,PING,50,0,22,25,22,0,0x1002004A
1777171927.735,878641,4,8,SOLAR,255,BROADCAST,0,HEARTBEAT,1,PING,0,0,0,0,0,0,0x10023FC0
1777171928.734,879637,4,8,SOLAR,255,BROADCAST,0,HEARTBEAT,1,PING,0,0,0,0,0,0,0x10023FC0
1777171929.758,880632,4,8,SOLAR,255,BROADCAST,0,HEARTBEAT,1,PING,0,0,0,0,0,0,0x10023FC0
1777171930.727,881628,4,8,SOLAR,255,BROADCAST,0,HEARTBEAT,1,PING,0,0,0,0,0,0,0x10023FC0
1777171931.721,882624,4,8,SOLAR,255,BROADCAST,0,HEARTBEAT,1,PING,0,0,0,0,0,0,0x10023FC0
1777171931.721,882626,4,8,SOLAR,1,CDH,10,HEALTH,1,PING,50,0,22,25,22,0,0x1002004A
1777171932.731,883622,4,8,SOLAR,255,BROADCAST,0,HEARTBEAT,1,PING,0,0,0,0,0,0,0x10023FC0
1777171933.712,884618,4,8,SOLAR,255,BROADCAST,0,HEARTBEAT,1,PING,0,0,0,0,0,0,0x10023FC0
1777171934.708,885614,4,8,SOLAR,255,BROADCAST,0,HEARTBEAT,1,PING,0,0,0,0,0,0,0x10023FC0
1777171935.704,886609,4,8,SOLAR,255,BROADCAST,0,HEARTBEAT,1,PING,0,0,0,0,0,0,0x10023FC0
1777171936.729,887605,4,8,SOLAR,255,BROADCAST,0,HEARTBEAT,1,PING,0,0,0,0,0,0,0x10023FC0
1777171936.729,887608,4,8,SOLAR,1,CDH,10,HEALTH,1,PING,50,0,22,25,22,0,0x1002004A
1777171937.700,888604,4,8,SOLAR,255,BROADCAST,0,HEARTBEAT,1,PING,0,0,0,0,0,0,0x10023FC0
1777171938.695,889599,4,8,SOLAR,255,BROADCAST,0,HEARTBEAT,1,PING,0,0,0,0,0,0,0x10023FC0
1777171939.702,890595,4,8,SOLAR,255,BROADCAST,0,HEARTBEAT,1,PING,0,0,0,0,0,0,0x10023FC0
1777171940.714,891591,4,8,SOLAR,255,BROADCAST,0,HEARTBEAT,1,PING,0,0,0,0,0,0,0x10023FC0
1777171941.682,892587,4,8,SOLAR,255,BROADCAST,0,HEARTBEAT,1,PING,0,0,0,0,0,0,0x10023FC0
1777171941.684,892590,4,8,SOLAR,1,CDH,10,HEALTH,1,PING,50,0,22,25,22,0,0x1002004A
1777171942.688,893585,4,8,SOLAR,255,BROADCAST,0,HEARTBEAT,1,PING,0,0,0,0,0,0,0x10023FC0
1777171943.683,894581,4,8,SOLAR,255,BROADCAST,0,HEARTBEAT,1,PING,0,0,0,0,0,0,0x10023FC0
1777171944.672,895577,4,8,SOLAR,255,BROADCAST,0,HEARTBEAT,1,PING,0,0,0,0,0,0,0x10023FC0
1777171945.667,896572,4,8,SOLAR,255,BROADCAST,0,HEARTBEAT,1,PING,0,0,0,0,0,0,0x10023FC0
1777171946.665,897568,4,8,SOLAR,255,BROADCAST,0,HEARTBEAT,1,PING,0,0,0,0,0,0,0x10023FC0
1777171946.665,897571,4,8,SOLAR,1,CDH,10,HEALTH,1,PING,50,0,22,25,22,0,0x1002004A
1777171947.685,898567,4,8,SOLAR,255,BROADCAST,0,HEARTBEAT,1,PING,0,0,0,0,0,0,0x10023FC0
1777171948.657,899562,4,8,SOLAR,255,BROADCAST,0,HEARTBEAT,1,PING,0,0,0,0,0,0,0x10023FC0
1777171949.653,900558,4,8,SOLAR,255,BROADCAST,0,HEARTBEAT,1,PING,0,0,0,0,0,0,0x10023FC0
1777171950.657,901554,4,8,SOLAR,255,BROADCAST,0,HEARTBEAT,1,PING,0,0,0,0,0,0,0x10023FC0
1777171951.683,902549,4,8,SOLAR,255,BROADCAST,0,HEARTBEAT,1,PING,0,0,0,0,0,0,0x10023FC0
1777171951.683,902552,4,8,SOLAR,1,CDH,10,HEALTH,1,PING,50,0,22,25,22,0,0x1002004A
1777171952.642,903548,4,8,SOLAR,255,BROADCAST,0,HEARTBEAT,1,PING,0,0,0,0,0,0,0x10023FC0
1777171953.638,904543,4,8,SOLAR,255,BROADCAST,0,HEARTBEAT,1,PING,0,0,0,0,0,0,0x10023FC0
1777171954.653,905539,4,8,SOLAR,255,BROADCAST,0,HEARTBEAT,1,PING,0,0,0,0,0,0,0x10023FC0
1777171955.629,906535,4,8,SOLAR,255,BROADCAST,0,HEARTBEAT,1,PING,0,0,0,0,0,0,0x10023FC0
1777171956.626,907530,4,8,SOLAR,255,BROADCAST,0,HEARTBEAT,1,PING,0,0,0,0,0,0,0x10023FC0
1777171956.628,907533,4,8,SOLAR,1,CDH,10,HEALTH,1,PING,50,0,22,25,22,0,0x1002004A
1777171957.624,908529,4,8,SOLAR,255,BROADCAST,0,HEARTBEAT,1,PING,0,0,0,0,0,0,0x10023FC0
1777171958.644,909525,4,8,SOLAR,255,BROADCAST,0,HEARTBEAT,1,PING,0,0,0,0,0,0,0x10023FC0
1777171959.616,910521,4,8,SOLAR,255,BROADCAST,0,HEARTBEAT,1,PING,0,0,0,0,0,0,0x10023FC0
1777171960.611,911516,4,8,SOLAR,255,BROADCAST,0,HEARTBEAT,1,PING,0,0,0,0,0,0,0x10023FC0
1777171961.612,912512,4,8,SOLAR,255,BROADCAST,0,HEARTBEAT,1,PING,0,0,0,0,0,0,0x10023FC0
1777171961.612,912515,4,8,SOLAR,1,CDH,10,HEALTH,1,PING,50,0,22,25,22,0,0x1002004A
1777171962.625,913511,4,8,SOLAR,255,BROADCAST,0,HEARTBEAT,1,PING,0,0,0,0,0,0,0x10023FC0
1777171963.601,914507,4,8,SOLAR,255,BROADCAST,0,HEARTBEAT,1,PING,0,0,0,0,0,0,0x10023FC0
1777171964.607,915502,4,8,SOLAR,255,BROADCAST,0,HEARTBEAT,1,PING,0,0,0,0,0,0,0x10023FC0
1777171965.604,916498,4,8,SOLAR,255,BROADCAST,0,HEARTBEAT,1,PING,0,0,0,0,0,0,0x10023FC0
1777171966.634,917494,4,8,SOLAR,255,BROADCAST,0,HEARTBEAT,1,PING,0,0,0,0,0,0,0x10023FC0
1777171966.635,917497,4,8,SOLAR,1,CDH,10,HEALTH,1,PING,50,0,22,25,22,0,0x1002004A
1777171967.589,918493,4,8,SOLAR,255,BROADCAST,0,HEARTBEAT,1,PING,0,0,0,0,0,0,0x10023FC0
1777171968.583,919489,4,8,SOLAR,255,BROADCAST,0,HEARTBEAT,1,PING,0,0,0,0,0,0,0x10023FC0
1777171969.590,920484,4,8,SOLAR,255,BROADCAST,0,HEARTBEAT,1,PING,0,0,0,0,0,0,0x10023FC0
1777171970.575,921480,4,8,SOLAR,255,BROADCAST,0,HEARTBEAT,1,PING,0,0,0,0,0,0,0x10023FC0
1777171971.573,922476,4,8,SOLAR,255,BROADCAST,0,HEARTBEAT,1,PING,0,0,0,0,0,0,0x10023FC0
1777171971.573,922479,4,8,SOLAR,1,CDH,10,HEALTH,1,PING,50,0,22,24,22,0,0x1002004A
1777171972.572,923475,4,8,SOLAR,255,BROADCAST,0,HEARTBEAT,1,PING,0,0,0,0,0,0,0x10023FC0
1777171973.594,924470,4,8,SOLAR,255,BROADCAST,0,HEARTBEAT,1,PING,0,0,0,0,0,0,0x10023FC0
1777171974.562,925466,4,8,SOLAR,255,BROADCAST,0,HEARTBEAT,1,PING,0,0,0,0,0,0,0x10023FC0
1777171975.557,926462,4,8,SOLAR,255,BROADCAST,0,HEARTBEAT,1,PING,0,0,0,0,0,0,0x10023FC0
1777171976.594,927458,4,8,SOLAR,255,BROADCAST,0,HEARTBEAT,1,PING,0,0,0,0,0,0,0x10023FC0
1777171976.594,927460,4,8,SOLAR,1,CDH,10,HEALTH,1,PING,50,0,22,24,22,0,0x1002004A
1777171977.584,928457,4,8,SOLAR,255,BROADCAST,0,HEARTBEAT,1,PING,0,0,0,0,0,0,0x10023FC0
1777171978.552,929452,4,8,SOLAR,255,BROADCAST,0,HEARTBEAT,1,PING,0,0,0,0,0,0,0x10023FC0
1777171979.544,930448,4,8,SOLAR,255,BROADCAST,0,HEARTBEAT,1,PING,0,0,0,0,0,0,0x10023FC0
1777171980.556,931444,4,8,SOLAR,255,BROADCAST,0,HEARTBEAT,1,PING,0,0,0,0,0,0,0x10023FC0
1777171981.535,932440,4,8,SOLAR,255,BROADCAST,0,HEARTBEAT,1,PING,0,0,0,0,0,0,0x10023FC0
1777171981.538,932442,4,8,SOLAR,1,CDH,10,HEALTH,1,PING,50,0,22,24,22,0,0x1002004A
1777171982.534,933438,4,8,SOLAR,255,BROADCAST,0,HEARTBEAT,1,PING,0,0,0,0,0,0,0x10023FC0
1777171983.529,934434,4,8,SOLAR,255,BROADCAST,0,HEARTBEAT,1,PING,0,0,0,0,0,0,0x10023FC0
1777171984.553,935430,4,8,SOLAR,255,BROADCAST,0,HEARTBEAT,1,PING,0,0,0,0,0,0,0x10023FC0
1777171985.521,936426,4,8,SOLAR,255,BROADCAST,0,HEARTBEAT,1,PING,0,0,0,0,0,0,0x10023FC0
1777171986.516,937421,4,8,SOLAR,255,BROADCAST,0,HEARTBEAT,1,PING,0,0,0,0,0,0,0x10023FC0
1777171986.519,937424,4,8,SOLAR,1,CDH,10,HEALTH,1,PING,50,0,22,24,22,0,0x1002004A
1777171987.523,938420,4,8,SOLAR,255,BROADCAST,0,HEARTBEAT,1,PING,0,0,0,0,0,0,0x10023FC0
1777171988.544,939416,4,8,SOLAR,255,BROADCAST,0,HEARTBEAT,1,PING,0,0,0,0,0,0,0x10023FC0
1777171989.509,940411,4,8,SOLAR,255,BROADCAST,0,HEARTBEAT,1,PING,0,0,0,0,0,0,0x10023FC0
1777171990.503,941407,4,8,SOLAR,255,BROADCAST,0,HEARTBEAT,1,PING,0,0,0,0,0,0,0x10023FC0
1777171991.511,942403,4,8,SOLAR,255,BROADCAST,0,HEARTBEAT,1,PING,0,0,0,0,0,0,0x10023FC0
1777171991.511,942406,4,8,SOLAR,1,CDH,10,HEALTH,1,PING,50,0,22,24,22,0,0x1002004A
1777171992.565,943402,4,8,SOLAR,255,BROADCAST,0,HEARTBEAT,1,PING,0,0,0,0,0,0,0x10023FC0
1777171993.493,944397,4,8,SOLAR,255,BROADCAST,0,HEARTBEAT,1,PING,0,0,0,0,0,0,0x10023FC0
1777171994.488,945393,4,8,SOLAR,255,BROADCAST,0,HEARTBEAT,1,PING,0,0,0,0,0,0,0x10023FC0
1777171995.527,946389,4,8,SOLAR,255,BROADCAST,0,HEARTBEAT,1,PING,0,0,0,0,0,0,0x10023FC0
1777171996.481,947385,4,8,SOLAR,255,BROADCAST,0,HEARTBEAT,1,PING,0,0,0,0,0,0,0x10023FC0
1777171996.482,947387,4,8,SOLAR,1,CDH,10,HEALTH,1,PING,50,0,22,24,22,0,0x1002004A
1777171997.479,948383,4,8,SOLAR,255,BROADCAST,0,HEARTBEAT,1,PING,0,0,0,0,0,0,0x10023FC0
1777171998.475,949379,4,8,SOLAR,255,BROADCAST,0,HEARTBEAT,1,PING,0,0,0,0,0,0,0x10023FC0
1777171999.507,950375,4,8,SOLAR,255,BROADCAST,0,HEARTBEAT,1,PING,0,0,0,0,0,0,0x10023FC0
1777172000.467,951371,4,8,SOLAR,255,BROADCAST,0,HEARTBEAT,1,PING,0,0,0,0,0,0,0x10023FC0
1777172001.470,952366,4,8,SOLAR,255,BROADCAST,0,HEARTBEAT,1,PING,0,0,0,0,0,0,0x10023FC0
1777172001.470,952369,4,8,SOLAR,1,CDH,10,HEALTH,1,PING,50,0,22,24,22,0,0x1002004A
1777172002.477,953365,4,8,SOLAR,255,BROADCAST,0,HEARTBEAT,1,PING,0,0,0,0,0,0,0x10023FC0
1777172003.496,954361,4,8,SOLAR,255,BROADCAST,0,HEARTBEAT,1,PING,0,0,0,0,0,0,0x10023FC0
1777172004.455,955357,4,8,SOLAR,255,BROADCAST,0,HEARTBEAT,1,PING,0,0,0,0,0,0,0x10023FC0
1777172005.455,956353,4,8,SOLAR,255,BROADCAST,0,HEARTBEAT,1,PING,0,0,0,0,0,0,0x10023FC0
1777172006.470,957348,4,8,SOLAR,255,BROADCAST,0,HEARTBEAT,1,PING,0,0,0,0,0,0,0x10023FC0
1777172006.471,957351,4,8,SOLAR,1,CDH,10,HEALTH,1,PING,50,0,22,24,22,0,0x1002004A
1777172007.443,958347,4,8,SOLAR,255,BROADCAST,0,HEARTBEAT,1,PING,0,0,0,0,0,0,0x10023FC0
1777172008.440,959343,4,8,SOLAR,255,BROADCAST,0,HEARTBEAT,1,PING,0,0,0,0,0,0,0x10023FC0
1777172009.438,960339,4,8,SOLAR,255,BROADCAST,0,HEARTBEAT,1,PING,0,0,0,0,0,0,0x10023FC0
1777172010.470,961335,4,8,SOLAR,255,BROADCAST,0,HEARTBEAT,1,PING,0,0,0,0,0,0,0x10023FC0
1777172011.426,962330,4,8,SOLAR,255,BROADCAST,0,HEARTBEAT,1,PING,0,0,0,0,0,0,0x10023FC0
1777172011.428,962333,4,8,SOLAR,1,CDH,10,HEALTH,1,PING,50,0,22,24,22,0,0x1002004A
1777172012.425,963329,4,8,SOLAR,255,BROADCAST,0,HEARTBEAT,1,PING,0,0,0,0,0,0,0x10023FC0
1777172013.436,964325,4,8,SOLAR,255,BROADCAST,0,HEARTBEAT,1,PING,0,0,0,0,0,0,0x10023FC0
1777172014.454,965321,4,8,SOLAR,255,BROADCAST,0,HEARTBEAT,1,PING,0,0,0,0,0,0,0x10023FC0
1777172015.412,966316,4,8,SOLAR,255,BROADCAST,0,HEARTBEAT,1,PING,0,0,0,0,0,0,0x10023FC0
1777172016.416,967312,4,8,SOLAR,255,BROADCAST,0,HEARTBEAT,1,PING,0,0,0,0,0,0,0x10023FC0
1777172016.416,967315,4,8,SOLAR,1,CDH,10,HEALTH,1,PING,50,0,22,24,22,0,0x1002004A
1777172017.426,968311,4,8,SOLAR,255,BROADCAST,0,HEARTBEAT,1,PING,0,0,0,0,0,0,0x10023FC0
1777172018.402,969307,4,8,SOLAR,255,BROADCAST,0,HEARTBEAT,1,PING,0,0,0,0,0,0,0x10023FC0
1777172019.402,970302,4,8,SOLAR,255,BROADCAST,0,HEARTBEAT,1,PING,0,0,0,0,0,0,0x10023FC0
1777172020.394,971298,4,8,SOLAR,255,BROADCAST,0,HEARTBEAT,1,PING,0,0,0,0,0,0,0x10023FC0
1777172021.421,972294,4,8,SOLAR,255,BROADCAST,0,HEARTBEAT,1,PING,0,0,0,0,0,0,0x10023FC0
1777172021.421,972297,4,8,SOLAR,1,CDH,10,HEALTH,1,PING,50,0,22,24,22,0,0x1002004A
1777172022.388,973293,4,8,SOLAR,255,BROADCAST,0,HEARTBEAT,1,PING,0,0,0,0,0,0,0x10023FC0
1777172023.384,974289,4,8,SOLAR,255,BROADCAST,0,HEARTBEAT,1,PING,0,0,0,0,0,0,0x10023FC0
1777172024.385,975284,4,8,SOLAR,255,BROADCAST,0,HEARTBEAT,1,PING,0,0,0,0,0,0,0x10023FC0
1777172025.413,976281,4,8,SOLAR,255,BROADCAST,0,HEARTBEAT,1,PING,0,0,0,0,0,0,0x10023FC0
1777172026.372,977276,4,8,SOLAR,255,BROADCAST,0,HEARTBEAT,1,PING,0,0,0,0,0,0,0x10023FC0
1777172026.384,977278,4,8,SOLAR,1,CDH,10,HEALTH,1,PING,50,0,22,24,22,0,0x1002004A
1777172027.371,978275,4,8,SOLAR,255,BROADCAST,0,HEARTBEAT,1,PING,0,0,0,0,0,0,0x10023FC0
1777172028.373,979270,4,8,SOLAR,255,BROADCAST,0,HEARTBEAT,1,PING,0,0,0,0,0,0,0x10023FC0
1777172029.406,980266,4,8,SOLAR,255,BROADCAST,0,HEARTBEAT,1,PING,0,0,0,0,0,0,0x10023FC0
1777172030.358,981262,4,8,SOLAR,255,BROADCAST,0,HEARTBEAT,1,PING,0,0,0,0,0,0,0x10023FC0
1777172031.356,982258,4,8,SOLAR,255,BROADCAST,0,HEARTBEAT,1,PING,0,0,0,0,0,0,0x10023FC0
1777172031.356,982260,4,8,SOLAR,1,CDH,10,HEALTH,1,PING,50,0,22,24,22,0,0x1002004A
1777172032.371,983256,4,8,SOLAR,255,BROADCAST,0,HEARTBEAT,1,PING,0,0,0,0,0,0,0x10023FC0
1777172033.348,984252,4,8,SOLAR,255,BROADCAST,0,HEARTBEAT,1,PING,0,0,0,0,0,0,0x10023FC0
1777172034.345,985248,4,8,SOLAR,255,BROADCAST,0,HEARTBEAT,1,PING,0,0,0,0,0,0,0x10023FC0
1777172035.346,986244,4,8,SOLAR,255,BROADCAST,0,HEARTBEAT,1,PING,0,0,0,0,0,0,0x10023FC0
1777172036.389,987239,4,8,SOLAR,255,BROADCAST,0,HEARTBEAT,1,PING,0,0,0,0,0,0,0x10023FC0
1777172036.389,987242,4,8,SOLAR,1,CDH,10,HEALTH,1,PING,50,0,22,24,22,0,0x1002004A
1777172037.335,988238,4,8,SOLAR,255,BROADCAST,0,HEARTBEAT,1,PING,0,0,0,0,0,0,0x10023FC0
1777172038.329,989234,4,8,SOLAR,255,BROADCAST,0,HEARTBEAT,1,PING,0,0,0,0,0,0,0x10023FC0
1777172039.352,990230,4,8,SOLAR,255,BROADCAST,0,HEARTBEAT,1,PING,0,0,0,0,0,0,0x10023FC0
1777172040.358,991225,4,8,SOLAR,255,BROADCAST,0,HEARTBEAT,1,PING,0,0,0,0,0,0,0x10023FC0
1777172041.318,992221,4,8,SOLAR,255,BROADCAST,0,HEARTBEAT,1,PING,0,0,0,0,0,0,0x10023FC0
1777172041.320,992224,4,8,SOLAR,1,CDH,10,HEALTH,1,PING,50,0,22,24,22,0,0x1002004A
1777172042.323,993220,4,8,SOLAR,255,BROADCAST,0,HEARTBEAT,1,PING,0,0,0,0,0,0,0x10023FC0
1777172043.334,994216,4,8,SOLAR,255,BROADCAST,0,HEARTBEAT,1,PING,0,0,0,0,0,0,0x10023FC0
1777172044.308,995211,4,8,SOLAR,255,BROADCAST,0,HEARTBEAT,1,PING,0,0,0,0,0,0,0x10023FC0
1777172045.306,996207,4,8,SOLAR,255,BROADCAST,0,HEARTBEAT,1,PING,0,0,0,0,0,0,0x10023FC0
1777172046.302,997203,4,8,SOLAR,255,BROADCAST,0,HEARTBEAT,1,PING,0,0,0,0,0,0,0x10023FC0
1777172046.302,997205,4,8,SOLAR,1,CDH,10,HEALTH,1,PING,50,0,22,24,22,0,0x1002004A
1777172047.329,998201,4,8,SOLAR,255,BROADCAST,0,HEARTBEAT,1,PING,0,0,0,0,0,0,0x10023FC0
1777172048.343,999197,4,8,SOLAR,255,BROADCAST,0,HEARTBEAT,1,PING,0,0,0,0,0,0,0x10023FC0
1777172049.289,1000192,4,8,SOLAR,255,BROADCAST,0,HEARTBEAT,1,PING,0,0,0,0,0,0,0x10023FC0
1777172050.305,1001188,4,8,SOLAR,255,BROADCAST,0,HEARTBEAT,1,PING,0,0,0,0,0,0,0x10023FC0
1777172051.323,1002184,4,8,SOLAR,255,BROADCAST,0,HEARTBEAT,1,PING,0,0,0,0,0,0,0x10023FC0
1777172051.323,1002187,4,8,SOLAR,1,CDH,10,HEALTH,1,PING,50,0,22,24,22,0,0x1002004A
1777172052.279,1003183,4,8,SOLAR,255,BROADCAST,0,HEARTBEAT,1,PING,0,0,0,0,0,0,0x10023FC0
1777172053.285,1004179,4,8,SOLAR,255,BROADCAST,0,HEARTBEAT,1,PING,0,0,0,0,0,0,0x10023FC0
1777172054.288,1005174,4,8,SOLAR,255,BROADCAST,0,HEARTBEAT,1,PING,0,0,0,0,0,0,0x10023FC0
1777172055.266,1006170,4,8,SOLAR,255,BROADCAST,0,HEARTBEAT,1,PING,0,0,0,0,0,0,0x10023FC0
1777172056.262,1007166,4,8,SOLAR,255,BROADCAST,0,HEARTBEAT,1,PING,0,0,0,0,0,0,0x10023FC0
1777172056.264,1007168,4,8,SOLAR,1,CDH,10,HEALTH,1,PING,50,0,22,24,22,0,0x1002004A
1777172057.261,1008164,4,8,SOLAR,255,BROADCAST,0,HEARTBEAT,1,PING,0,0,0,0,0,0,0x10023FC0
1777172058.284,1009160,4,8,SOLAR,255,BROADCAST,0,HEARTBEAT,1,PING,0,0,0,0,0,0,0x10023FC0
1777172059.253,1010156,4,8,SOLAR,255,BROADCAST,0,HEARTBEAT,1,PING,0,0,0,0,0,0,0x10023FC0
1777172060.248,1011151,4,8,SOLAR,255,BROADCAST,0,HEARTBEAT,1,PING,0,0,0,0,0,0,0x10023FC0
1777172061.251,1012147,4,8,SOLAR,255,BROADCAST,0,HEARTBEAT,1,PING,0,0,0,0,0,0,0x10023FC0
1777172061.251,1012150,4,8,SOLAR,1,CDH,10,HEALTH,1,PING,50,0,22,24,22,0,0x1002004A
1777172062.270,1013146,4,8,SOLAR,255,BROADCAST,0,HEARTBEAT,1,PING,0,0,0,0,0,0,0x10023FC0
1777172063.238,1014142,4,8,SOLAR,255,BROADCAST,0,HEARTBEAT,1,PING,0,0,0,0,0,0,0x10023FC0
1777172064.234,1015137,4,8,SOLAR,255,BROADCAST,0,HEARTBEAT,1,PING,0,0,0,0,0,0,0x10023FC0
1777172065.259,1016133,4,8,SOLAR,255,BROADCAST,0,HEARTBEAT,1,PING,0,0,0,0,0,0,0x10023FC0
1777172066.264,1017129,4,8,SOLAR,255,BROADCAST,0,HEARTBEAT,1,PING,0,0,0,0,0,0,0x10023FC0
1777172066.264,1017132,4,8,SOLAR,1,CDH,10,HEALTH,1,PING,50,0,22,24,22,0,0x1002004A
1777172067.225,1018128,4,8,SOLAR,255,BROADCAST,0,HEARTBEAT,1,PING,0,0,0,0,0,0,0x10023FC0
1777172068.223,1019124,4,8,SOLAR,255,BROADCAST,0,HEARTBEAT,1,PING,0,0,0,0,0,0,0x10023FC0
1777172069.239,1020120,4,8,SOLAR,255,BROADCAST,0,HEARTBEAT,1,PING,0,0,0,0,0,0,0x10023FC0
1777172070.212,1021115,4,8,SOLAR,255,BROADCAST,0,HEARTBEAT,1,PING,0,0,0,0,0,0,0x10023FC0
1777172071.208,1022111,4,8,SOLAR,255,BROADCAST,0,HEARTBEAT,1,PING,0,0,0,0,0,0,0x10023FC0
1777172071.211,1022114,4,8,SOLAR,1,CDH,10,HEALTH,1,PING,50,0,22,24,22,0,0x1002004A
1777172072.214,1023110,4,8,SOLAR,255,BROADCAST,0,HEARTBEAT,1,PING,0,0,0,0,0,0,0x10023FC0
1777172073.248,1024105,4,8,SOLAR,255,BROADCAST,0,HEARTBEAT,1,PING,0,0,0,0,0,0,0x10023FC0
1777172074.198,1025101,4,8,SOLAR,255,BROADCAST,0,HEARTBEAT,1,PING,0,0,0,0,0,0,0x10023FC0
1777172075.199,1026097,4,8,SOLAR,255,BROADCAST,0,HEARTBEAT,1,PING,0,0,0,0,0,0,0x10023FC0
1777172076.196,1027093,4,8,SOLAR,255,BROADCAST,0,HEARTBEAT,1,PING,0,0,0,0,0,0,0x10023FC0
1777172076.196,1027095,4,8,SOLAR,1,CDH,10,HEALTH,1,PING,50,0,22,24,22,0,0x1002004A
1777172077.225,1028091,4,8,SOLAR,255,BROADCAST,0,HEARTBEAT,1,PING,0,0,0,0,0,0,0x10023FC0
1777172078.187,1029087,4,8,SOLAR,255,BROADCAST,0,HEARTBEAT,1,PING,0,0,0,0,0,0,0x10023FC0
1777172079.180,1030083,4,8,SOLAR,255,BROADCAST,0,HEARTBEAT,1,PING,0,0,0,0,0,0,0x10023FC0
1777172080.197,1031079,4,8,SOLAR,255,BROADCAST,0,HEARTBEAT,1,PING,0,0,0,0,0,0,0x10023FC0
1777172081.172,1032075,4,8,SOLAR,255,BROADCAST,0,HEARTBEAT,1,PING,0,0,0,0,0,0,0x10023FC0
1777172081.174,1032078,4,8,SOLAR,1,CDH,10,HEALTH,1,PING,50,0,22,24,22,0,0x1002004A
1777172082.171,1033074,4,8,SOLAR,255,BROADCAST,0,HEARTBEAT,1,PING,0,0,0,0,0,0,0x10023FC0
1777172083.167,1034070,4,8,SOLAR,255,BROADCAST,0,HEARTBEAT,1,PING,0,0,0,0,0,0,0x10023FC0
1777172084.188,1035065,4,8,SOLAR,255,BROADCAST,0,HEARTBEAT,1,PING,0,0,0,0,0,0,0x10023FC0
1777172085.158,1036061,4,8,SOLAR,255,BROADCAST,0,HEARTBEAT,1,PING,0,0,0,0,0,0,0x10023FC0
1777172086.154,1037057,4,8,SOLAR,255,BROADCAST,0,HEARTBEAT,1,PING,0,0,0,0,0,0,0x10023FC0
1777172086.157,1037060,4,8,SOLAR,1,CDH,10,HEALTH,1,PING,50,0,22,24,22,0,0x1002004A
1777172087.159,1038056,4,8,SOLAR,255,BROADCAST,0,HEARTBEAT,1,PING,0,0,0,0,0,0,0x10023FC0
1777172088.185,1039052,4,8,SOLAR,255,BROADCAST,0,HEARTBEAT,1,PING,0,0,0,0,0,0,0x10023FC0
1777172089.145,1040048,4,8,SOLAR,255,BROADCAST,0,HEARTBEAT,1,PING,0,0,0,0,0,0,0x10023FC0
1777172090.141,1041044,4,8,SOLAR,255,BROADCAST,0,HEARTBEAT,1,PING,0,0,0,0,0,0,0x10023FC0
1777172091.159,1042040,4,8,SOLAR,255,BROADCAST,0,HEARTBEAT,1,PING,0,0,0,0,0,0,0x10023FC0
1777172091.159,1042042,4,8,SOLAR,1,CDH,10,HEALTH,1,PING,50,0,22,24,22,0,0x1002004A
1777172092.173,1043038,4,8,SOLAR,255,BROADCAST,0,HEARTBEAT,1,PING,0,0,0,0,0,0,0x10023FC0
1777172093.131,1044034,4,8,SOLAR,255,BROADCAST,0,HEARTBEAT,1,PING,0,0,0,0,0,0,0x10023FC0
1777172094.127,1045030,4,8,SOLAR,255,BROADCAST,0,HEARTBEAT,1,PING,0,0,0,0,0,0,0x10023FC0
1777172095.178,1046026,4,8,SOLAR,255,BROADCAST,0,HEARTBEAT,1,PING,0,0,0,0,0,0,0x10023FC0
1777172096.119,1047022,4,8,SOLAR,255,BROADCAST,0,HEARTBEAT,1,PING,0,0,0,0,0,0,0x10023FC0
1777172096.121,1047024,4,8,SOLAR,1,CDH,10,HEALTH,1,PING,50,0,22,24,22,0,0x1002004A
1777172097.118,1048021,4,8,SOLAR,255,BROADCAST,0,HEARTBEAT,1,PING,0,0,0,0,0,0,0x10023FC0
1777172102.101,1053003,4,8,SOLAR,255,BROADCAST,0,HEARTBEAT,1,HEARTBEAT_0x01,0,0,0,0,0,0,0x10023FC0
1777172103.171,1053999,4,8,SOLAR,255,BROADCAST,0,HEARTBEAT,1,HEARTBEAT_0x01,0,0,0,0,0,0,0x10023FC0
1777172104.093,1054995,4,8,SOLAR,255,BROADCAST,0,HEARTBEAT,1,HEARTBEAT_0x01,0,0,0,0,0,0,0x10023FC0
1777172105.088,1055991,4,8,SOLAR,255,BROADCAST,0,HEARTBEAT,1,HEARTBEAT_0x01,0,0,0,0,0,0,0x10023FC0
1777172106.120,1056986,4,8,SOLAR,255,BROADCAST,0,HEARTBEAT,1,HEARTBEAT_0x01,0,0,0,0,0,0,0x10023FC0
1777172106.120,1056989,4,8,SOLAR,1,CDH,10,HEALTH,1,HEALTH_0x01,50,0,22,24,22,0,0x1002004A
1777172107.082,1057985,4,8,SOLAR,255,BROADCAST,0,HEARTBEAT,1,HEARTBEAT_0x01,0,0,0,0,0,0,0x10023FC0
1777172108.078,1058981,4,8,SOLAR,255,BROADCAST,0,HEARTBEAT,1,HEARTBEAT_0x01,0,0,0,0,0,0,0x10023FC0
1777172109.075,1059977,4,8,SOLAR,255,BROADCAST,0,HEARTBEAT,1,HEARTBEAT_0x01,0,0,0,0,0,0,0x10023FC0
1777172110.093,1060972,4,8,SOLAR,255,BROADCAST,0,HEARTBEAT,1,HEARTBEAT_0x01,0,0,0,0,0,0,0x10023FC0
1777172111.066,1061968,4,8,SOLAR,255,BROADCAST,0,HEARTBEAT,1,HEARTBEAT_0x01,0,0,0,0,0,0,0x10023FC0
1777172111.068,1061971,4,8,SOLAR,1,CDH,10,HEALTH,1,HEALTH_0x01,50,0,22,24,22,0,0x1002004A
1777172112.064,1062967,4,8,SOLAR,255,BROADCAST,0,HEARTBEAT,1,HEARTBEAT_0x01,0,0,0,0,0,0,0x10023FC0
1777172113.071,1063963,4,8,SOLAR,255,BROADCAST,0,HEARTBEAT,1,HEARTBEAT_0x01,0,0,0,0,0,0,0x10023FC0
1777172114.092,1064959,4,8,SOLAR,255,BROADCAST,0,HEARTBEAT,1,HEARTBEAT_0x01,0,0,0,0,0,0,0x10023FC0
1777172115.064,1065954,4,8,SOLAR,255,BROADCAST,0,HEARTBEAT,1,HEARTBEAT_0x01,0,0,0,0,0,0,0x10023FC0
1777172116.048,1066950,4,8,SOLAR,255,BROADCAST,0,HEARTBEAT,1,HEARTBEAT_0x01,0,0,0,0,0,0,0x10023FC0
1777172116.050,1066953,4,8,SOLAR,1,CDH,10,HEALTH,1,HEALTH_0x01,50,0,22,24,22,0,0x1002004A
1777172117.089,1067949,4,8,SOLAR,255,BROADCAST,0,HEARTBEAT,1,HEARTBEAT_0x01,0,0,0,0,0,0,0x10023FC0
1777172118.079,1068945,4,8,SOLAR,255,BROADCAST,0,HEARTBEAT,1,HEARTBEAT_0x01,0,0,0,0,0,0,0x10023FC0
1777172119.039,1069941,4,8,SOLAR,255,BROADCAST,0,HEARTBEAT,1,HEARTBEAT_0x01,0,0,0,0,0,0,0x10023FC0
1777172120.034,1070936,4,8,SOLAR,255,BROADCAST,0,HEARTBEAT,1,HEARTBEAT_0x01,0,0,0,0,0,0,0x10023FC0
1777172121.090,1071932,4,8,SOLAR,255,BROADCAST,0,HEARTBEAT,1,HEARTBEAT_0x01,0,0,0,0,0,0,0x10023FC0
1777172121.090,1071935,4,8,SOLAR,1,CDH,10,HEALTH,1,HEALTH_0x01,50,0,22,24,22,0,0x1002004A
1777172122.029,1072931,4,8,SOLAR,255,BROADCAST,0,HEARTBEAT,1,HEARTBEAT_0x01,0,0,0,0,0,0,0x10023FC0
1777172123.028,1073927,4,8,SOLAR,255,BROADCAST,0,HEARTBEAT,1,HEARTBEAT_0x01,0,0,0,0,0,0,0x10023FC0
1777172124.023,1074923,4,8,SOLAR,255,BROADCAST,0,HEARTBEAT,1,HEARTBEAT_0x01,0,0,0,0,0,0,0x10023FC0
1777172125.079,1075918,4,8,SOLAR,255,BROADCAST,0,HEARTBEAT,1,HEARTBEAT_0x01,0,0,0,0,0,0,0x10023FC0
1777172126.012,1076914,4,8,SOLAR,255,BROADCAST,0,HEARTBEAT,1,HEARTBEAT_0x01,0,0,0,0,0,0,0x10023FC0
1777172126.014,1076917,4,8,SOLAR,1,CDH,10,HEALTH,1,HEALTH_0x01,50,0,22,24,22,0,0x1002004A
1777172127.011,1077913,4,8,SOLAR,255,BROADCAST,0,HEARTBEAT,1,HEARTBEAT_0x01,0,0,0,0,0,0,0x10023FC0
1777172128.011,1078909,4,8,SOLAR,255,BROADCAST,0,HEARTBEAT,1,HEARTBEAT_0x01,0,0,0,0,0,0,0x10023FC0
1777172129.051,1079905,4,8,SOLAR,255,BROADCAST,0,HEARTBEAT,1,HEARTBEAT_0x01,0,0,0,0,0,0,0x10023FC0
1777172129.998,1080900,4,8,SOLAR,255,BROADCAST,0,HEARTBEAT,1,HEARTBEAT_0x01,0,0,0,0,0,0,0x10023FC0
1777172130.994,1081896,4,8,SOLAR,255,BROADCAST,0,HEARTBEAT,1,HEARTBEAT_0x01,0,0,0,0,0,0,0x10023FC0
1777172130.997,1081899,4,8,SOLAR,1,CDH,10,HEALTH,1,HEALTH_0x01,50,0,22,24,22,0,0x1002004A
1777172132.065,1082895,4,8,SOLAR,255,BROADCAST,0,HEARTBEAT,1,HEARTBEAT_0x01,0,0,0,0,0,0,0x10023FC0
1777172132.989,1083891,4,8,SOLAR,255,BROADCAST,0,HEARTBEAT,1,HEARTBEAT_0x01,0,0,0,0,0,0,0x10023FC0
1777172133.985,1084887,4,8,SOLAR,255,BROADCAST,0,HEARTBEAT,1,HEARTBEAT_0x01,0,0,0,0,0,0,0x10023FC0
1777172134.985,1085882,4,8,SOLAR,255,BROADCAST,0,HEARTBEAT,1,HEARTBEAT_0x01,0,0,0,0,0,0,0x10023FC0
1777172136.009,1086878,4,8,SOLAR,255,BROADCAST,0,HEARTBEAT,1,HEARTBEAT_0x01,0,0,0,0,0,0,0x10023FC0
1777172136.009,1086881,4,8,SOLAR,1,CDH,10,HEALTH,1,HEALTH_0x01,50,0,22,24,22,0,0x1002004A
1777172136.975,1087877,4,8,SOLAR,255,BROADCAST,0,HEARTBEAT,1,HEARTBEAT_0x01,0,0,0,0,0,0,0x10023FC0
1777172137.971,1088873,4,8,SOLAR,255,BROADCAST,0,HEARTBEAT,1,HEARTBEAT_0x01,0,0,0,0,0,0,0x10023FC0
1777172138.978,1089868,4,8,SOLAR,255,BROADCAST,0,HEARTBEAT,1,HEARTBEAT_0x01,0,0,0,0,0,0,0x10023FC0
1777172139.990,1090864,4,8,SOLAR,255,BROADCAST,0,HEARTBEAT,1,HEARTBEAT_0x01,0,0,0,0,0,0,0x10023FC0
1777172140.960,1091860,4,8,SOLAR,255,BROADCAST,0,HEARTBEAT,1,HEARTBEAT_0x01,0,0,0,0,0,0,0x10023FC0
1777172140.960,1091863,4,8,SOLAR,1,CDH,10,HEALTH,1,HEALTH_0x01,50,0,22,24,22,0,0x1002004A
1777172141.957,1092859,4,8,SOLAR,255,BROADCAST,0,HEARTBEAT,1,HEARTBEAT_0x01,0,0,0,0,0,0,0x10023FC0
1777172142.996,1093855,4,8,SOLAR,255,BROADCAST,0,HEARTBEAT,1,HEARTBEAT_0x01,0,0,0,0,0,0,0x10023FC0
1777172143.948,1094850,4,8,SOLAR,255,BROADCAST,0,HEARTBEAT,1,HEARTBEAT_0x01,0,0,0,0,0,0,0x10023FC0
1777172144.945,1095846,4,8,SOLAR,255,BROADCAST,0,HEARTBEAT,1,HEARTBEAT_0x01,0,0,0,0,0,0,0x10023FC0
1777172145.940,1096842,4,8,SOLAR,255,BROADCAST,0,HEARTBEAT,1,HEARTBEAT_0x01,0,0,0,0,0,0,0x10023FC0
1777172145.942,1096844,4,8,SOLAR,1,CDH,10,HEALTH,1,HEALTH_0x01,50,0,22,24,22,0,0x1002004A
1777172146.968,1097840,4,8,SOLAR,255,BROADCAST,0,HEARTBEAT,1,HEARTBEAT_0x01,0,0,0,0,0,0,0x10023FC0
1777172147.935,1098836,4,8,SOLAR,255,BROADCAST,0,HEARTBEAT,1,HEARTBEAT_0x01,0,0,0,0,0,0,0x10023FC0
1777172148.930,1099832,4,8,SOLAR,255,BROADCAST,0,HEARTBEAT,1,HEARTBEAT_0x01,0,0,0,0,0,0,0x10023FC0
1777172149.935,1100828,4,8,SOLAR,255,BROADCAST,0,HEARTBEAT,1,HEARTBEAT_0x01,0,0,0,0,0,0,0x10023FC0
1777172150.961,1101824,4,8,SOLAR,255,BROADCAST,0,HEARTBEAT,1,HEARTBEAT_0x01,0,0,0,0,0,0,0x10023FC0
1777172150.961,1101826,4,8,SOLAR,1,CDH,10,HEALTH,1,HEALTH_0x01,50,0,22,24,22,0,0x1002004A
1777172151.921,1102822,4,8,SOLAR,255,BROADCAST,0,HEARTBEAT,1,HEARTBEAT_0x01,0,0,0,0,0,0,0x10023FC0
1777172152.917,1103818,4,8,SOLAR,255,BROADCAST,0,HEARTBEAT,1,HEARTBEAT_0x01,0,0,0,0,0,0,0x10023FC0
1777172153.921,1104814,4,8,SOLAR,255,BROADCAST,0,HEARTBEAT,1,HEARTBEAT_0x01,0,0,0,0,0,0,0x10023FC0
1777172154.952,1105810,4,8,SOLAR,255,BROADCAST,0,HEARTBEAT,1,HEARTBEAT_0x01,0,0,0,0,0,0,0x10023FC0
1777172155.903,1106805,4,8,SOLAR,255,BROADCAST,0,HEARTBEAT,1,HEARTBEAT_0x01,0,0,0,0,0,0,0x10023FC0
1777172155.906,1106808,4,8,SOLAR,1,CDH,10,HEALTH,1,HEALTH_0x01,50,0,22,24,22,0,0x1002004A
1777172156.902,1107804,4,8,SOLAR,255,BROADCAST,0,HEARTBEAT,1,HEARTBEAT_0x01,0,0,0,0,0,0,0x10023FC0
1777172157.906,1108800,4,8,SOLAR,255,BROADCAST,0,HEARTBEAT,1,HEARTBEAT_0x01,0,0,0,0,0,0,0x10023FC0
1777172158.894,1109796,4,8,SOLAR,255,BROADCAST,0,HEARTBEAT,1,HEARTBEAT_0x01,0,0,0,0,0,0,0x10023FC0
1777172159.890,1110792,4,8,SOLAR,255,BROADCAST,0,HEARTBEAT,1,HEARTBEAT_0x01,0,0,0,0,0,0,0x10023FC0
1777172160.891,1111787,4,8,SOLAR,255,BROADCAST,0,HEARTBEAT,1,HEARTBEAT_0x01,0,0,0,0,0,0,0x10023FC0
1777172160.891,1111790,4,8,SOLAR,1,CDH,10,HEALTH,1,HEALTH_0x01,50,0,22,24,22,0,0x1002004A
1777172161.910,1112786,4,8,SOLAR,255,BROADCAST,0,HEARTBEAT,1,HEARTBEAT_0x01,0,0,0,0,0,0,0x10023FC0
1777172162.880,1113782,4,8,SOLAR,255,BROADCAST,0,HEARTBEAT,1,HEARTBEAT_0x01,0,0,0,0,0,0,0x10023FC0
1777172163.876,1114778,4,8,SOLAR,255,BROADCAST,0,HEARTBEAT,1,HEARTBEAT_0x01,0,0,0,0,0,0,0x10023FC0
1777172164.877,1115774,4,8,SOLAR,255,BROADCAST,0,HEARTBEAT,1,HEARTBEAT_0x01,0,0,0,0,0,0,0x10023FC0
1777172165.907,1116770,4,8,SOLAR,255,BROADCAST,0,HEARTBEAT,1,HEARTBEAT_0x01,0,0,0,0,0,0,0x10023FC0
1777172165.907,1116772,4,8,SOLAR,1,CDH,10,HEALTH,1,HEALTH_0x01,50,0,22,24,22,0,0x1002004A
1777172166.868,1117769,4,8,SOLAR,255,BROADCAST,0,HEARTBEAT,1,HEARTBEAT_0x01,0,0,0,0,0,0,0x10023FC0
1777172167.863,1118765,4,8,SOLAR,255,BROADCAST,0,HEARTBEAT,1,HEARTBEAT_0x01,0,0,0,0,0,0,0x10023FC0
1777172168.876,1119760,4,8,SOLAR,255,BROADCAST,0,HEARTBEAT,1,HEARTBEAT_0x01,0,0,0,0,0,0,0x10023FC0
1777172169.856,1120756,4,8,SOLAR,255,BROADCAST,0,HEARTBEAT,1,HEARTBEAT_0x01,0,0,0,0,0,0,0x10023FC0
1777172170.852,1121752,4,8,SOLAR,255,BROADCAST,0,HEARTBEAT,1,HEARTBEAT_0x01,0,0,0,0,0,0,0x10023FC0
1777172170.853,1121755,4,8,SOLAR,1,CDH,10,HEALTH,1,HEALTH_0x01,50,0,22,24,22,0,0x1002004A
1777172171.849,1122751,4,8,SOLAR,255,BROADCAST,0,HEARTBEAT,1,HEARTBEAT_0x01,0,0,0,0,0,0,0x10023FC0
1777172172.875,1123747,4,8,SOLAR,255,BROADCAST,0,HEARTBEAT,1,HEARTBEAT_0x01,0,0,0,0,0,0,0x10023FC0
1777172173.841,1124743,4,8,SOLAR,255,BROADCAST,0,HEARTBEAT,1,HEARTBEAT_0x01,0,0,0,0,0,0,0x10023FC0
1777172174.837,1125738,4,8,SOLAR,255,BROADCAST,0,HEARTBEAT,1,HEARTBEAT_0x01,0,0,0,0,0,0,0x10023FC0
1777172175.841,1126734,4,8,SOLAR,255,BROADCAST,0,HEARTBEAT,1,HEARTBEAT_0x01,0,0,0,0,0,0,0x10023FC0
1777172175.842,1126737,4,8,SOLAR,1,CDH,10,HEALTH,1,HEALTH_0x01,50,0,22,24,22,0,0x1002004A
1777172176.859,1127733,4,8,SOLAR,255,BROADCAST,0,HEARTBEAT,1,HEARTBEAT_0x01,0,0,0,0,0,0,0x10023FC0
1777172177.827,1128729,4,8,SOLAR,255,BROADCAST,0,HEARTBEAT,1,HEARTBEAT_0x01,0,0,0,0,0,0,0x10023FC0
1777172178.823,1129724,4,8,SOLAR,255,BROADCAST,0,HEARTBEAT,1,HEARTBEAT_0x01,0,0,0,0,0,0,0x10023FC0
1777172179.840,1130720,4,8,SOLAR,255,BROADCAST,0,HEARTBEAT,1,HEARTBEAT_0x01,0,0,0,0,0,0,0x10023FC0
1777172180.859,1131716,4,8,SOLAR,255,BROADCAST,0,HEARTBEAT,1,HEARTBEAT_0x01,0,0,0,0,0,0,0x10023FC0
1777172180.859,1131719,4,8,SOLAR,1,CDH,10,HEALTH,1,HEALTH_0x01,50,0,22,24,22,0,0x1002004A
1777172181.814,1132715,4,8,SOLAR,255,BROADCAST,0,HEARTBEAT,1,HEARTBEAT_0x01,0,0,0,0,0,0,0x10023FC0
1777172182.809,1133711,4,8,SOLAR,255,BROADCAST,0,HEARTBEAT,1,HEARTBEAT_0x01,0,0,0,0,0,0,0x10023FC0
1777172183.827,1134707,4,8,SOLAR,255,BROADCAST,0,HEARTBEAT,1,HEARTBEAT_0x01,0,0,0,0,0,0,0x10023FC0
1777172184.801,1135703,4,8,SOLAR,255,BROADCAST,0,HEARTBEAT,1,HEARTBEAT_0x01,0,0,0,0,0,0,0x10023FC0
1777172185.831,1136698,4,8,SOLAR,255,BROADCAST,0,HEARTBEAT,1,HEARTBEAT_0x01,0,0,0,0,0,0,0x10023FC0
1777172185.831,1136701,4,8,SOLAR,1,CDH,10,HEALTH,1,HEALTH_0x01,50,0,22,24,22,0,0x1002004A
1777172186.797,1137697,4,8,SOLAR,255,BROADCAST,0,HEARTBEAT,1,HEARTBEAT_0x01,0,0,0,0,0,0,0x10023FC0
1777172187.825,1138693,4,8,SOLAR,255,BROADCAST,0,HEARTBEAT,1,HEARTBEAT_0x01,0,0,0,0,0,0,0x10023FC0
1777172188.787,1139689,4,8,SOLAR,255,BROADCAST,0,HEARTBEAT,1,HEARTBEAT_0x01,0,0,0,0,0,0,0x10023FC0
1777172189.783,1140685,4,8,SOLAR,255,BROADCAST,0,HEARTBEAT,1,HEARTBEAT_0x01,0,0,0,0,0,0,0x10023FC0
1777172190.793,1141680,4,8,SOLAR,255,BROADCAST,0,HEARTBEAT,1,HEARTBEAT_0x01,0,0,0,0,0,0,0x10023FC0
1777172190.793,1141683,4,8,SOLAR,1,CDH,10,HEALTH,1,HEALTH_0x01,50,0,22,24,22,0,0x1002004A
1777172191.847,1142679,4,8,SOLAR,255,BROADCAST,0,HEARTBEAT,1,HEARTBEAT_0x01,0,0,0,0,0,0,0x10023FC0
1777172192.776,1143675,4,8,SOLAR,255,BROADCAST,0,HEARTBEAT,1,HEARTBEAT_0x01,0,0,0,0,0,0,0x10023FC0
1777172193.770,1144671,4,8,SOLAR,255,BROADCAST,0,HEARTBEAT,1,HEARTBEAT_0x01,0,0,0,0,0,0,0x10023FC0
1777172194.787,1145667,4,8,SOLAR,255,BROADCAST,0,HEARTBEAT,1,HEARTBEAT_0x01,0,0,0,0,0,0,0x10023FC0
1777172195.761,1146663,4,8,SOLAR,255,BROADCAST,0,HEARTBEAT,1,HEARTBEAT_0x01,0,0,0,0,0,0,0x10023FC0
1777172195.763,1146665,4,8,SOLAR,1,CDH,10,HEALTH,1,HEALTH_0x01,50,0,22,24,22,0,0x1002004A
1777172196.760,1147661,4,8,SOLAR,255,BROADCAST,0,HEARTBEAT,1,HEARTBEAT_0x01,0,0,0,0,0,0,0x10023FC0
1777172197.758,1148657,4,8,SOLAR,255,BROADCAST,0,HEARTBEAT,1,HEARTBEAT_0x01,0,0,0,0,0,0,0x10023FC0
1777172198.781,1149653,4,8,SOLAR,255,BROADCAST,0,HEARTBEAT,1,HEARTBEAT_0x01,0,0,0,0,0,0,0x10023FC0
1777172199.747,1150648,4,8,SOLAR,255,BROADCAST,0,HEARTBEAT,1,HEARTBEAT_0x01,0,0,0,0,0,0,0x10023FC0
1777172200.746,1151644,4,8,SOLAR,255,BROADCAST,0,HEARTBEAT,1,HEARTBEAT_0x01,0,0,0,0,0,0,0x10023FC0
1777172200.746,1151647,4,8,SOLAR,1,CDH,10,HEALTH,1,HEALTH_0x01,50,0,22,24,22,0,0x1002004A
1777172201.742,1152643,4,8,SOLAR,255,BROADCAST,0,HEARTBEAT,1,HEARTBEAT_0x01,0,0,0,0,0,0,0x10023FC0
1777172202.784,1153639,4,8,SOLAR,255,BROADCAST,0,HEARTBEAT,1,HEARTBEAT_0x01,0,0,0,0,0,0,0x10023FC0
1777172203.733,1154634,4,8,SOLAR,255,BROADCAST,0,HEARTBEAT,1,HEARTBEAT_0x01,0,0,0,0,0,0,0x10023FC0
1777172204.729,1155630,4,8,SOLAR,255,BROADCAST,0,HEARTBEAT,1,HEARTBEAT_0x01,0,0,0,0,0,0,0x10023FC0
1777172205.791,1156626,4,8,SOLAR,255,BROADCAST,0,HEARTBEAT,1,HEARTBEAT_0x01,0,0,0,0,0,0,0x10023FC0
1777172205.791,1156629,4,8,SOLAR,1,CDH,10,HEALTH,1,HEALTH_0x01,50,0,22,24,22,0,0x1002004A
1777172206.765,1157625,4,8,SOLAR,255,BROADCAST,0,HEARTBEAT,1,HEARTBEAT_0x01,0,0,0,0,0,0,0x10023FC0
1777172207.719,1158621,4,8,SOLAR,255,BROADCAST,0,HEARTBEAT,1,HEARTBEAT_0x01,0,0,0,0,0,0,0x10023FC0
1777172208.769,1159616,4,8,SOLAR,255,BROADCAST,0,HEARTBEAT,1,HEARTBEAT_0x01,0,0,0,0,0,0,0x10023FC0
1777172209.740,1160612,4,8,SOLAR,255,BROADCAST,0,HEARTBEAT,1,HEARTBEAT_0x01,0,0,0,0,0,0,0x10023FC0
1777172210.706,1161608,4,8,SOLAR,255,BROADCAST,0,HEARTBEAT,1,HEARTBEAT_0x01,0,0,0,0,0,0,0x10023FC0
1777172210.709,1161610,4,8,SOLAR,1,CDH,10,HEALTH,1,HEALTH_0x01,50,0,22,24,22,0,0x1002004A
1777172211.709,1162607,4,8,SOLAR,255,BROADCAST,0,HEARTBEAT,1,HEARTBEAT_0x01,0,0,0,0,0,0,0x10023FC0
1777172212.708,1163602,4,8,SOLAR,255,BROADCAST,0,HEARTBEAT,1,HEARTBEAT_0x01,0,0,0,0,0,0,0x10023FC0
1777172213.725,1164598,4,8,SOLAR,255,BROADCAST,0,HEARTBEAT,1,HEARTBEAT_0x01,0,0,0,0,0,0,0x10023FC0
1777172214.693,1165594,4,8,SOLAR,255,BROADCAST,0,HEARTBEAT,1,HEARTBEAT_0x01,0,0,0,0,0,0,0x10023FC0
1777172215.691,1166590,4,8,SOLAR,255,BROADCAST,0,HEARTBEAT,1,HEARTBEAT_0x01,0,0,0,0,0,0,0x10023FC0
1777172215.691,1166592,4,8,SOLAR,1,CDH,10,HEALTH,1,HEALTH_0x01,50,0,22,24,22,0,0x1002004A
1777172216.704,1167588,4,8,SOLAR,255,BROADCAST,0,HEARTBEAT,1,HEARTBEAT_0x01,0,0,0,0,0,0,0x10023FC0
1777172217.721,1168584,4,8,SOLAR,255,BROADCAST,0,HEARTBEAT,1,HEARTBEAT_0x01,0,0,0,0,0,0,0x10023FC0
1777172218.679,1169580,4,8,SOLAR,255,BROADCAST,0,HEARTBEAT,1,HEARTBEAT_0x01,0,0,0,0,0,0,0x10023FC0
1777172219.682,1170576,4,8,SOLAR,255,BROADCAST,0,HEARTBEAT,1,HEARTBEAT_0x01,0,0,0,0,0,0,0x10023FC0
1777172220.689,1171572,4,8,SOLAR,255,BROADCAST,0,HEARTBEAT,1,HEARTBEAT_0x01,0,0,0,0,0,0,0x10023FC0
1777172220.689,1171574,4,8,SOLAR,1,CDH,10,HEALTH,1,HEALTH_0x01,50,0,22,24,22,0,0x1002004A
1777172221.670,1172570,4,8,SOLAR,255,BROADCAST,0,HEARTBEAT,1,HEARTBEAT_0x01,0,0,0,0,0,0,0x10023FC0
1777172222.666,1173566,4,8,SOLAR,255,BROADCAST,0,HEARTBEAT,1,HEARTBEAT_0x01,0,0,0,0,0,0,0x10023FC0
1777172223.663,1174562,4,8,SOLAR,255,BROADCAST,0,HEARTBEAT,1,HEARTBEAT_0x01,0,0,0,0,0,0,0x10023FC0
1777172224.688,1175558,4,8,SOLAR,255,BROADCAST,0,HEARTBEAT,1,HEARTBEAT_0x01,0,0,0,0,0,0,0x10023FC0
1777172225.655,1176554,4,8,SOLAR,255,BROADCAST,0,HEARTBEAT,1,HEARTBEAT_0x01,0,0,0,0,0,0,0x10023FC0
1777172225.660,1176556,4,8,SOLAR,1,CDH,10,HEALTH,1,HEALTH_0x01,50,0,22,24,22,0,0x1002004A
1777172226.656,1177552,4,8,SOLAR,255,BROADCAST,0,HEARTBEAT,1,HEARTBEAT_0x01,0,0,0,0,0,0,0x10023FC0
1777172227.661,1178548,4,8,SOLAR,255,BROADCAST,0,HEARTBEAT,1,HEARTBEAT_0x01,0,0,0,0,0,0,0x10023FC0
1777172228.685,1179544,4,8,SOLAR,255,BROADCAST,0,HEARTBEAT,1,HEARTBEAT_0x01,0,0,0,0,0,0,0x10023FC0
1777172229.639,1180539,4,8,SOLAR,255,BROADCAST,0,HEARTBEAT,1,HEARTBEAT_0x01,0,0,0,0,0,0,0x10023FC0
1777172234.643,1185521,4,8,SOLAR,255,BROADCAST,0,HEARTBEAT,1,HEARTBEAT_0x01,0,0,0,0,0,0,0x10023FC0
1777172235.645,1186517,4,8,SOLAR,255,BROADCAST,0,HEARTBEAT,1,HEARTBEAT_0x01,0,0,0,0,0,0,0x10023FC0
1777172235.645,1186519,4,8,SOLAR,1,CDH,10,HEALTH,1,HEALTH_0x01,50,0,22,24,22,0,0x1002004A
1777172236.615,1187515,4,8,SOLAR,255,BROADCAST,0,HEARTBEAT,1,HEARTBEAT_0x01,0,0,0,0,0,0,0x10023FC0
1777172237.611,1188511,4,8,SOLAR,255,BROADCAST,0,HEARTBEAT,1,HEARTBEAT_0x01,0,0,0,0,0,0,0x10023FC0
1777172238.611,1189507,4,8,SOLAR,255,BROADCAST,0,HEARTBEAT,1,HEARTBEAT_0x01,0,0,0,0,0,0,0x10023FC0
1777172239.624,1190503,4,8,SOLAR,255,BROADCAST,0,HEARTBEAT,1,HEARTBEAT_0x01,0,0,0,0,0,0,0x10023FC0
1777172240.599,1191498,4,8,SOLAR,255,BROADCAST,0,HEARTBEAT,1,HEARTBEAT_0x01,0,0,0,0,0,0,0x10023FC0
1777172240.601,1191501,4,8,SOLAR,1,CDH,10,HEALTH,1,HEALTH_0x01,50,0,22,24,22,0,0x1002004A
1777172241.597,1192497,4,8,SOLAR,255,BROADCAST,0,HEARTBEAT,1,HEARTBEAT_0x01,0,0,0,0,0,0,0x10023FC0
1777172242.610,1193493,4,8,SOLAR,255,BROADCAST,0,HEARTBEAT,1,HEARTBEAT_0x01,0,0,0,0,0,0,0x10023FC0
1777172243.642,1194489,4,8,SOLAR,255,BROADCAST,0,HEARTBEAT,1,HEARTBEAT_0x01,0,0,0,0,0,0,0x10023FC0
1777172244.584,1195484,4,8,SOLAR,255,BROADCAST,0,HEARTBEAT,1,HEARTBEAT_0x01,0,0,0,0,0,0,0x10023FC0
1777172245.580,1196480,4,8,SOLAR,255,BROADCAST,0,HEARTBEAT,1,HEARTBEAT_0x01,0,0,0,0,0,0,0x10023FC0
1777172245.583,1196483,4,8,SOLAR,1,CDH,10,HEALTH,1,HEALTH_0x01,50,0,22,24,22,0,0x1002004A
1777172246.598,1197479,4,8,SOLAR,255,BROADCAST,0,HEARTBEAT,1,HEARTBEAT_0x01,0,0,0,0,0,0,0x10023FC0
1777172247.575,1198475,4,8,SOLAR,255,BROADCAST,0,HEARTBEAT,1,HEARTBEAT_0x01,0,0,0,0,0,0,0x10023FC0
1777172248.570,1199470,4,8,SOLAR,255,BROADCAST,0,HEARTBEAT,1,HEARTBEAT_0x01,0,0,0,0,0,0,0x10023FC0
1777172249.576,1200466,4,8,SOLAR,255,BROADCAST,0,HEARTBEAT,1,HEARTBEAT_0x01,0,0,0,0,0,0,0x10023FC0
1777172250.596,1201462,4,8,SOLAR,255,BROADCAST,0,HEARTBEAT,1,HEARTBEAT_0x01,0,0,0,0,0,0,0x10023FC0
1777172250.596,1201464,4,8,SOLAR,1,CDH,10,HEALTH,1,HEALTH_0x01,50,0,22,24,22,0,0x1002004A
1777172251.561,1202460,4,8,SOLAR,255,BROADCAST,0,HEARTBEAT,1,HEARTBEAT_0x01,0,0,0,0,0,0,0x10023FC0
1777172252.556,1203456,4,8,SOLAR,255,BROADCAST,0,HEARTBEAT,1,HEARTBEAT_0x01,0,0,0,0,0,0,0x10023FC0
1777172253.557,1204452,4,8,SOLAR,255,BROADCAST,0,HEARTBEAT,1,HEARTBEAT_0x01,0,0,0,0,0,0,0x10023FC0
1777172254.591,1205448,4,8,SOLAR,255,BROADCAST,0,HEARTBEAT,1,HEARTBEAT_0x01,0,0,0,0,0,0,0x10023FC0
1777172255.543,1206444,4,8,SOLAR,255,BROADCAST,0,HEARTBEAT,1,HEARTBEAT_0x01,0,0,0,0,0,0,0x10023FC0
1777172255.546,1206446,4,8,SOLAR,1,CDH,10,HEALTH,1,HEALTH_0x01,50,0,22,24,22,0,0x1002004A
1777172256.542,1207442,4,8,SOLAR,255,BROADCAST,0,HEARTBEAT,1,HEARTBEAT_0x01,0,0,0,0,0,0,0x10023FC0
1777172257.573,1208438,4,8,SOLAR,255,BROADCAST,0,HEARTBEAT,1,HEARTBEAT_0x01,0,0,0,0,0,0,0x10023FC0
1777172258.534,1209434,4,8,SOLAR,255,BROADCAST,0,HEARTBEAT,1,HEARTBEAT_0x01,0,0,0,0,0,0,0x10023FC0
1777172259.530,1210430,4,8,SOLAR,255,BROADCAST,0,HEARTBEAT,1,HEARTBEAT_0x01,0,0,0,0,0,0,0x10023FC0
1777172260.529,1211425,4,8,SOLAR,255,BROADCAST,0,HEARTBEAT,1,HEARTBEAT_0x01,0,0,0,0,0,0,0x10023FC0
1777172260.529,1211428,4,8,SOLAR,1,CDH,10,HEALTH,1,HEALTH_0x01,50,0,22,24,22,0,0x1002004A
1777172261.547,1212424,4,8,SOLAR,255,BROADCAST,0,HEARTBEAT,1,HEARTBEAT_0x01,0,0,0,0,0,0,0x10023FC0
1777172262.521,1213420,4,8,SOLAR,255,BROADCAST,0,HEARTBEAT,1,HEARTBEAT_0x01,0,0,0,0,0,0,0x10023FC0
1777172263.516,1214416,4,8,SOLAR,255,BROADCAST,0,HEARTBEAT,1,HEARTBEAT_0x01,0,0,0,0,0,0,0x10023FC0
1777172264.516,1215412,4,8,SOLAR,255,BROADCAST,0,HEARTBEAT,1,HEARTBEAT_0x01,0,0,0,0,0,0,0x10023FC0
1777172265.547,1216407,4,8,SOLAR,255,BROADCAST,0,HEARTBEAT,1,HEARTBEAT_0x01,0,0,0,0,0,0,0x10023FC0
1777172265.547,1216410,4,8,SOLAR,1,CDH,10,HEALTH,1,HEALTH_0x01,50,0,22,24,22,0,0x1002004A
1777172266.506,1217406,4,8,SOLAR,255,BROADCAST,0,HEARTBEAT,1,HEARTBEAT_0x01,0,0,0,0,0,0,0x10023FC0
1777172267.502,1218402,4,8,SOLAR,255,BROADCAST,0,HEARTBEAT,1,HEARTBEAT_0x01,0,0,0,0,0,0,0x10023FC0
1777172268.516,1219397,4,8,SOLAR,255,BROADCAST,0,HEARTBEAT,1,HEARTBEAT_0x01,0,0,0,0,0,0,0x10023FC0
1777172269.494,1220393,4,8,SOLAR,255,BROADCAST,0,HEARTBEAT,1,HEARTBEAT_0x01,0,0,0,0,0,0,0x10023FC0
1777172270.489,1221389,4,8,SOLAR,255,BROADCAST,0,HEARTBEAT,1,HEARTBEAT_0x01,0,0,0,0,0,0,0x10023FC0
1777172270.491,1221392,4,8,SOLAR,1,CDH,10,HEALTH,1,HEALTH_0x01,50,0,22,24,22,0,0x1002004A
1777172271.488,1222388,4,8,SOLAR,255,BROADCAST,0,HEARTBEAT,1,HEARTBEAT_0x01,0,0,0,0,0,0,0x10023FC0
1777172272.498,1223383,4,8,SOLAR,255,BROADCAST,0,HEARTBEAT,1,HEARTBEAT_0x01,0,0,0,0,0,0,0x10023FC0
1777172273.479,1224379,4,8,SOLAR,255,BROADCAST,0,HEARTBEAT,1,HEARTBEAT_0x01,0,0,0,0,0,0,0x10023FC0
1777172274.474,1225374,4,8,SOLAR,255,BROADCAST,0,HEARTBEAT,1,HEARTBEAT_0x01,0,0,0,0,0,0,0x10023FC0
1777172275.477,1226370,4,8,SOLAR,255,BROADCAST,0,HEARTBEAT,1,HEARTBEAT_0x01,0,0,0,0,0,0,0x10023FC0
1777172275.477,1226373,4,8,SOLAR,1,CDH,10,HEALTH,1,HEALTH_0x01,50,0,22,24,22,0,0x1002004A
1777172276.499,1227369,4,8,SOLAR,255,BROADCAST,0,HEARTBEAT,1,HEARTBEAT_0x01,0,0,0,0,0,0,0x10023FC0
1777172277.465,1228364,4,8,SOLAR,255,BROADCAST,0,HEARTBEAT,1,HEARTBEAT_0x01,0,0,0,0,0,0,0x10023FC0
1777172278.460,1229360,4,8,SOLAR,255,BROADCAST,0,HEARTBEAT,1,HEARTBEAT_0x01,0,0,0,0,0,0,0x10023FC0
1777172279.471,1230355,4,8,SOLAR,255,BROADCAST,0,HEARTBEAT,1,HEARTBEAT_0x01,0,0,0,0,0,0,0x10023FC0
1777172280.451,1231351,4,8,SOLAR,255,BROADCAST,0,HEARTBEAT,1,HEARTBEAT_0x01,0,0,0,0,0,0,0x10023FC0
1777172280.493,1231354,4,8,SOLAR,1,CDH,10,HEALTH,1,HEALTH_0x01,50,0,22,24,22,0,0x1002004A
1777172281.450,1232350,4,8,SOLAR,255,BROADCAST,0,HEARTBEAT,1,HEARTBEAT_0x01,0,0,0,0,0,0,0x10023FC0
1777172282.446,1233345,4,8,SOLAR,255,BROADCAST,0,HEARTBEAT,1,HEARTBEAT_0x01,0,0,0,0,0,0,0x10023FC0
1777172283.468,1234341,4,8,SOLAR,255,BROADCAST,0,HEARTBEAT,1,HEARTBEAT_0x01,0,0,0,0,0,0,0x10023FC0
1777172284.438,1235337,4,8,SOLAR,255,BROADCAST,0,HEARTBEAT,1,HEARTBEAT_0x01,0,0,0,0,0,0,0x10023FC0
1777172285.434,1236333,4,8,SOLAR,255,BROADCAST,0,HEARTBEAT,1,HEARTBEAT_0x01,0,0,0,0,0,0,0x10023FC0
1777172285.436,1236336,4,8,SOLAR,1,CDH,10,HEALTH,1,HEALTH_0x01,50,0,22,24,22,0,0x1002004A
1777172286.432,1237332,4,8,SOLAR,255,BROADCAST,0,HEARTBEAT,1,HEARTBEAT_0x01,0,0,0,0,0,0,0x10023FC0
1777172287.459,1238327,4,8,SOLAR,255,BROADCAST,0,HEARTBEAT,1,HEARTBEAT_0x01,0,0,0,0,0,0,0x10023FC0
1777172288.424,1239323,4,8,SOLAR,255,BROADCAST,0,HEARTBEAT,1,HEARTBEAT_0x01,0,0,0,0,0,0,0x10023FC0
1777172289.420,1240319,4,8,SOLAR,255,BROADCAST,0,HEARTBEAT,1,HEARTBEAT_0x01,0,0,0,0,0,0,0x10023FC0
1777172290.425,1241315,4,8,SOLAR,255,BROADCAST,0,HEARTBEAT,1,HEARTBEAT_0x01,0,0,0,0,0,0,0x10023FC0
1777172290.425,1241318,4,8,SOLAR,1,CDH,10,HEALTH,1,HEALTH_0x01,50,0,22,24,22,0,0x1002004A
1777172291.446,1242314,4,8,SOLAR,255,BROADCAST,0,HEARTBEAT,1,HEARTBEAT_0x01,0,0,0,0,0,0,0x10023FC0
1777172292.410,1243309,4,8,SOLAR,255,BROADCAST,0,HEARTBEAT,1,HEARTBEAT_0x01,0,0,0,0,0,0,0x10023FC0
1777172293.406,1244305,4,8,SOLAR,255,BROADCAST,0,HEARTBEAT,1,HEARTBEAT_0x01,0,0,0,0,0,0,0x10023FC0
1777172294.421,1245301,4,8,SOLAR,255,BROADCAST,0,HEARTBEAT,1,HEARTBEAT_0x01,0,0,0,0,0,0,0x10023FC0
1777172295.397,1246297,4,8,SOLAR,255,BROADCAST,0,HEARTBEAT,1,HEARTBEAT_0x01,0,0,0,0,0,0,0x10023FC0
1777172295.400,1246300,4,8,SOLAR,1,CDH,10,HEALTH,1,HEALTH_0x01,50,0,22,24,22,0,0x1002004A
1777172296.396,1247296,4,8,SOLAR,255,BROADCAST,0,HEARTBEAT,1,HEARTBEAT_0x01,0,0,0,0,0,0,0x10023FC0
1777172297.394,1248292,4,8,SOLAR,255,BROADCAST,0,HEARTBEAT,1,HEARTBEAT_0x01,0,0,0,0,0,0,0x10023FC0
1777172298.419,1249287,4,8,SOLAR,255,BROADCAST,0,HEARTBEAT,1,HEARTBEAT_0x01,0,0,0,0,0,0,0x10023FC0
1777172299.384,1250283,4,8,SOLAR,255,BROADCAST,0,HEARTBEAT,1,HEARTBEAT_0x01,0,0,0,0,0,0,0x10023FC0
1777172300.390,1251279,4,8,SOLAR,255,BROADCAST,0,HEARTBEAT,1,HEARTBEAT_0x01,0,0,0,0,0,0,0x10023FC0
1777172300.390,1251282,4,8,SOLAR,1,CDH,10,HEALTH,1,HEALTH_0x01,50,0,22,24,22,0,0x1002004A
1777172301.391,1252277,4,8,SOLAR,255,BROADCAST,0,HEARTBEAT,1,HEARTBEAT_0x01,0,0,0,0,0,0,0x10023FC0
1777172302.401,1253273,4,8,SOLAR,255,BROADCAST,0,HEARTBEAT,1,HEARTBEAT_0x01,0,0,0,0,0,0,0x10023FC0
1777172303.370,1254269,4,8,SOLAR,255,BROADCAST,0,HEARTBEAT,1,HEARTBEAT_0x01,0,0,0,0,0,0,0x10023FC0
1777172304.366,1255265,4,8,SOLAR,255,BROADCAST,0,HEARTBEAT,1,HEARTBEAT_0x01,0,0,0,0,0,0,0x10023FC0
1777172305.383,1256261,4,8,SOLAR,255,BROADCAST,0,HEARTBEAT,1,HEARTBEAT_0x01,0,0,0,0,0,0,0x10023FC0
1777172305.383,1256263,4,8,SOLAR,1,CDH,10,HEALTH,1,HEALTH_0x01,50,0,22,24,22,0,0x1002004A
1777172306.426,1257259,4,8,SOLAR,255,BROADCAST,0,HEARTBEAT,1,HEARTBEAT_0x01,0,0,0,0,0,0,0x10023FC0
1777172307.356,1258255,4,8,SOLAR,255,BROADCAST,0,HEARTBEAT,1,HEARTBEAT_0x01,0,0,0,0,0,0,0x10023FC0
1777172308.351,1259251,4,8,SOLAR,255,BROADCAST,0,HEARTBEAT,1,HEARTBEAT_0x01,0,0,0,0,0,0,0x10023FC0
1777172309.363,1260247,4,8,SOLAR,255,BROADCAST,0,HEARTBEAT,1,HEARTBEAT_0x01,0,0,0,0,0,0,0x10023FC0
1777172310.343,1261242,4,8,SOLAR,255,BROADCAST,0,HEARTBEAT,1,HEARTBEAT_0x01,0,0,0,0,0,0,0x10023FC0
1777172310.345,1261245,4,8,SOLAR,1,CDH,10,HEALTH,1,HEALTH_0x01,50,0,22,24,22,0,0x1002004A
1777172311.342,1262241,4,8,SOLAR,255,BROADCAST,0,HEARTBEAT,1,HEARTBEAT_0x01,0,0,0,0,0,0,0x10023FC0
1777172312.349,1263237,4,8,SOLAR,255,BROADCAST,0,HEARTBEAT,1,HEARTBEAT_0x01,0,0,0,0,0,0,0x10023FC0
1777172313.369,1264233,4,8,SOLAR,255,BROADCAST,0,HEARTBEAT,1,HEARTBEAT_0x01,0,0,0,0,0,0,0x10023FC0
1777172314.329,1265228,4,8,SOLAR,255,BROADCAST,0,HEARTBEAT,1,HEARTBEAT_0x01,0,0,0,0,0,0,0x10023FC0
1777172315.325,1266224,4,8,SOLAR,255,BROADCAST,0,HEARTBEAT,1,HEARTBEAT_0x01,0,0,0,0,0,0,0x10023FC0
1777172315.328,1266227,4,8,SOLAR,1,CDH,10,HEALTH,1,HEALTH_0x01,50,0,22,24,22,0,0x1002004A
1777172316.326,1267223,4,8,SOLAR,255,BROADCAST,0,HEARTBEAT,1,HEARTBEAT_0x01,0,0,0,0,0,0,0x10023FC0
1777172317.364,1268219,4,8,SOLAR,255,BROADCAST,0,HEARTBEAT,1,HEARTBEAT_0x01,0,0,0,0,0,0,0x10023FC0
1777172318.315,1269214,4,8,SOLAR,255,BROADCAST,0,HEARTBEAT,1,HEARTBEAT_0x01,0,0,0,0,0,0,0x10023FC0
1777172319.311,1270210,4,8,SOLAR,255,BROADCAST,0,HEARTBEAT,1,HEARTBEAT_0x01,0,0,0,0,0,0,0x10023FC0
1777172320.326,1271206,4,8,SOLAR,255,BROADCAST,0,HEARTBEAT,1,HEARTBEAT_0x01,0,0,0,0,0,0,0x10023FC0
1777172320.326,1271209,4,8,SOLAR,1,CDH,10,HEALTH,1,HEALTH_0x01,50,0,22,24,22,0,0x1002004A
1777172321.306,1272205,4,8,SOLAR,255,BROADCAST,0,HEARTBEAT,1,HEARTBEAT_0x01,0,0,0,0,0,0,0x10023FC0
1777172322.301,1273201,4,8,SOLAR,255,BROADCAST,0,HEARTBEAT,1,HEARTBEAT_0x01,0,0,0,0,0,0,0x10023FC0
1777172323.335,1274196,4,8,SOLAR,255,BROADCAST,0,HEARTBEAT,1,HEARTBEAT_0x01,0,0,0,0,0,0,0x10023FC0
1777172324.311,1275192,4,8,SOLAR,255,BROADCAST,0,HEARTBEAT,1,HEARTBEAT_0x01,0,0,0,0,0,0,0x10023FC0
1777172325.289,1276188,4,8,SOLAR,255,BROADCAST,0,HEARTBEAT,1,HEARTBEAT_0x01,0,0,0,0,0,0,0x10023FC0
1777172325.291,1276191,4,8,SOLAR,1,CDH,10,HEALTH,1,HEALTH_0x01,50,0,22,24,22,0,0x1002004A
1777172326.288,1277187,4,8,SOLAR,255,BROADCAST,0,HEARTBEAT,1,HEARTBEAT_0x01,0,0,0,0,0,0,0x10023FC0
1777172327.298,1278182,4,8,SOLAR,255,BROADCAST,0,HEARTBEAT,1,HEARTBEAT_0x01,0,0,0,0,0,0,0x10023FC0
1777172328.326,1279178,4,8,SOLAR,255,BROADCAST,0,HEARTBEAT,1,HEARTBEAT_0x01,0,0,0,0,0,0,0x10023FC0
1777172329.275,1280174,4,8,SOLAR,255,BROADCAST,0,HEARTBEAT,1,HEARTBEAT_0x01,0,0,0,0,0,0,0x10023FC0
1777172330.271,1281170,4,8,SOLAR,255,BROADCAST,0,HEARTBEAT,1,HEARTBEAT_0x01,0,0,0,0,0,0,0x10023FC0
1777172330.273,1281172,4,8,SOLAR,1,CDH,10,HEALTH,1,HEALTH_0x01,50,0,22,24,22,0,0x1002004A
1777172331.288,1282168,4,8,SOLAR,255,BROADCAST,0,HEARTBEAT,1,HEARTBEAT_0x01,0,0,0,0,0,0,0x10023FC0
1777172332.266,1283164,4,8,SOLAR,255,BROADCAST,0,HEARTBEAT,1,HEARTBEAT_0x01,0,0,0,0,0,0,0x10023FC0
1777172333.262,1284160,4,8,SOLAR,255,BROADCAST,0,HEARTBEAT,1,HEARTBEAT_0x01,0,0,0,0,0,0,0x10023FC0
1777172334.263,1285156,4,8,SOLAR,255,BROADCAST,0,HEARTBEAT,1,HEARTBEAT_0x01,0,0,0,0,0,0,0x10023FC0
1777172335.280,1286151,4,8,SOLAR,255,BROADCAST,0,HEARTBEAT,1,HEARTBEAT_0x01,0,0,0,0,0,0,0x10023FC0
1777172335.280,1286154,4,8,SOLAR,1,CDH,10,HEALTH,1,HEALTH_0x01,50,0,22,24,22,0,0x1002004A
1777172336.251,1287150,4,8,SOLAR,255,BROADCAST,0,HEARTBEAT,1,HEARTBEAT_0x01,0,0,0,0,0,0,0x10023FC0
1777172337.248,1288146,4,8,SOLAR,255,BROADCAST,0,HEARTBEAT,1,HEARTBEAT_0x01,0,0,0,0,0,0,0x10023FC0
1777172338.244,1289141,4,8,SOLAR,255,BROADCAST,0,HEARTBEAT,1,HEARTBEAT_0x01,0,0,0,0,0,0,0x10023FC0
1777172339.269,1290137,4,8,SOLAR,255,BROADCAST,0,HEARTBEAT,1,HEARTBEAT_0x01,0,0,0,0,0,0,0x10023FC0
1777172340.234,1291133,4,8,SOLAR,255,BROADCAST,0,HEARTBEAT,1,HEARTBEAT_0x01,0,0,0,0,0,0,0x10023FC0
1777172340.237,1291135,4,8,SOLAR,1,CDH,10,HEALTH,1,HEALTH_0x01,50,0,22,24,22,0,0x1002004A
1777172341.233,1292132,4,8,SOLAR,255,BROADCAST,0,HEARTBEAT,1,HEARTBEAT_0x01,0,0,0,0,0,0,0x10023FC0
1777172342.240,1293127,4,8,SOLAR,255,BROADCAST,0,HEARTBEAT,1,HEARTBEAT_0x01,0,0,0,0,0,0,0x10023FC0
1777172343.224,1294123,4,8,SOLAR,255,BROADCAST,0,HEARTBEAT,1,HEARTBEAT_0x01,0,0,0,0,0,0,0x10023FC0
1777172344.220,1295119,4,8,SOLAR,255,BROADCAST,0,HEARTBEAT,1,HEARTBEAT_0x01,0,0,0,0,0,0,0x10023FC0
1777172345.218,1296114,4,8,SOLAR,255,BROADCAST,0,HEARTBEAT,1,HEARTBEAT_0x01,0,0,0,0,0,0,0x10023FC0
1777172345.218,1296117,4,8,SOLAR,1,CDH,10,HEALTH,1,HEALTH_0x01,50,0,22,24,22,0,0x1002004A
1777172346.239,1297113,4,8,SOLAR,255,BROADCAST,0,HEARTBEAT,1,HEARTBEAT_0x01,0,0,0,0,0,0,0x10023FC0
1777172347.210,1298109,4,8,SOLAR,255,BROADCAST,0,HEARTBEAT,1,HEARTBEAT_0x01,0,0,0,0,0,0,0x10023FC0
1777172348.208,1299105,4,8,SOLAR,255,BROADCAST,0,HEARTBEAT,1,HEARTBEAT_0x01,0,0,0,0,0,0,0x10023FC0
1777172349.211,1300100,4,8,SOLAR,255,BROADCAST,0,HEARTBEAT,1,HEARTBEAT_0x01,0,0,0,0,0,0,0x10023FC0
1777172350.370,1301096,4,8,SOLAR,255,BROADCAST,0,HEARTBEAT,1,HEARTBEAT_0x01,0,0,0,0,0,0,0x10023FC0
1777172350.370,1301099,4,8,SOLAR,1,CDH,10,HEALTH,1,HEALTH_0x01,50,0,22,24,22,0,0x1002004A
1777172351.196,1302095,4,8,SOLAR,255,BROADCAST,0,HEARTBEAT,1,HEARTBEAT_0x01,0,0,0,0,0,0,0x10023FC0
1777172352.192,1303090,4,8,SOLAR,255,BROADCAST,0,HEARTBEAT,1,HEARTBEAT_0x01,0,0,0,0,0,0,0x10023FC0
1777172353.200,1304086,4,8,SOLAR,255,BROADCAST,0,HEARTBEAT,1,HEARTBEAT_0x01,0,0,0,0,0,0,0x10023FC0
1777172354.220,1305082,4,8,SOLAR,255,BROADCAST,0,HEARTBEAT,1,HEARTBEAT_0x01,0,0,0,0,0,0,0x10023FC0
1777172355.181,1306078,4,8,SOLAR,255,BROADCAST,0,HEARTBEAT,1,HEARTBEAT_0x01,0,0,0,0,0,0,0x10023FC0
1777172355.181,1306080,4,8,SOLAR,1,CDH,10,HEALTH,1,HEALTH_0x01,50,0,22,24,22,0,0x1002004A
1777172356.178,1307076,4,8,SOLAR,255,BROADCAST,0,HEARTBEAT,1,HEARTBEAT_0x01,0,0,0,0,0,0,0x10023FC0
1777172357.188,1308072,4,8,SOLAR,255,BROADCAST,0,HEARTBEAT,1,HEARTBEAT_0x01,0,0,0,0,0,0,0x10023FC0
1777172358.169,1309068,4,8,SOLAR,255,BROADCAST,0,HEARTBEAT,1,HEARTBEAT_0x01,0,0,0,0,0,0,0x10023FC0
1777172359.165,1310064,4,8,SOLAR,255,BROADCAST,0,HEARTBEAT,1,HEARTBEAT_0x01,0,0,0,0,0,0,0x10023FC0
1777172360.166,1311059,4,8,SOLAR,255,BROADCAST,0,HEARTBEAT,1,HEARTBEAT_0x01,0,0,0,0,0,0,0x10023FC0
1777172360.168,1311062,4,8,SOLAR,1,CDH,10,HEALTH,1,HEALTH_0x01,50,0,22,24,22,0,0x1002004A
1777172361.198,1312058,4,8,SOLAR,255,BROADCAST,0,HEARTBEAT,1,HEARTBEAT_0x01,0,0,0,0,0,0,0x10023FC0
1777172362.156,1313054,4,8,SOLAR,255,BROADCAST,0,HEARTBEAT,1,HEARTBEAT_0x01,0,0,0,0,0,0,0x10023FC0
1777172363.152,1314050,4,8,SOLAR,255,BROADCAST,0,HEARTBEAT,1,HEARTBEAT_0x01,0,0,0,0,0,0,0x10023FC0
1777172364.178,1315046,4,8,SOLAR,255,BROADCAST,0,HEARTBEAT,1,HEARTBEAT_0x01,0,0,0,0,0,0,0x10023FC0
1777172365.192,1316041,4,8,SOLAR,255,BROADCAST,0,HEARTBEAT,1,HEARTBEAT_0x01,0,0,0,0,0,0,0x10023FC0
1777172365.192,1316044,4,8,SOLAR,1,CDH,10,HEALTH,1,HEALTH_0x01,50,0,22,24,22,0,0x1002004A
1777172366.142,1317040,4,8,SOLAR,255,BROADCAST,0,HEARTBEAT,1,HEARTBEAT_0x01,0,0,0,0,0,0,0x10023FC0
1777172367.138,1318036,4,8,SOLAR,255,BROADCAST,0,HEARTBEAT,1,HEARTBEAT_0x01,0,0,0,0,0,0,0x10023FC0
1777172368.157,1319032,4,8,SOLAR,255,BROADCAST,0,HEARTBEAT,1,HEARTBEAT_0x01,0,0,0,0,0,0,0x10023FC0
1777172369.129,1320028,4,8,SOLAR,255,BROADCAST,0,HEARTBEAT,1,HEARTBEAT_0x01,0,0,0,0,0,0,0x10023FC0
1777172370.128,1321023,4,8,SOLAR,255,BROADCAST,0,HEARTBEAT,1,HEARTBEAT_0x01,0,0,0,0,0,0,0x10023FC0
1777172370.128,1321026,4,8,SOLAR,1,CDH,10,HEALTH,1,HEALTH_0x01,50,0,22,24,22,0,0x1002004A
1777172371.115,1322022,4,8,SOLAR,255,BROADCAST,0,HEARTBEAT,1,HEARTBEAT_0x01,0,0,0,0,0,0,0x10023FC0
1777172372.152,1323018,4,8,SOLAR,255,BROADCAST,0,HEARTBEAT,1,HEARTBEAT_0x01,0,0,0,0,0,0,0x10023FC0
1777172373.115,1324014,4,8,SOLAR,255,BROADCAST,0,HEARTBEAT,1,HEARTBEAT_0x01,0,0,0,0,0,0,0x10023FC0
1777172374.113,1325009,4,8,SOLAR,255,BROADCAST,0,HEARTBEAT,1,HEARTBEAT_0x01,0,0,0,0,0,0,0x10023FC0
1777172375.114,1326005,4,8,SOLAR,255,BROADCAST,0,HEARTBEAT,1,HEARTBEAT_0x01,0,0,0,0,0,0,0x10023FC0
1777172375.114,1326008,4,8,SOLAR,1,CDH,10,HEALTH,1,HEALTH_0x01,50,0,22,24,22,0,0x1002004A
1777172376.143,1327004,4,8,SOLAR,255,BROADCAST,0,HEARTBEAT,1,HEARTBEAT_0x01,0,0,0,0,0,0,0x10023FC0
